year,round,date,player_first_name,player_last_name,player_team,player_position,score_involvements,metres_gained,intercepts,pressure_acts,turnovers,centre_clearances,ground_ball_gets,tackles_inside_fifty,disposal_efficiency_percentage,effective_disposals
2019,1.0,2019-03-21,Kade,Simpson,Carlton,HBFL,2,462,6,8,2,0,4,0,76,19
2019,1.0,2019-03-21,Marc,Murphy,Carlton,WL,7,530,3,12,5,0,5,0,72,21
2019,1.0,2019-03-21,Dale,Thomas,Carlton,HBFR,8,434,6,15,4,0,5,0,85,23
2019,1.0,2019-03-21,Shane,Edwards,Richmond,WL,9,259,5,14,1,2,8,1,82,18
2019,1.0,2019-03-21,Bachar,Houli,Richmond,CHB,5,486,8,17,4,0,3,0,92,22
2019,1.0,2019-03-21,Jack,Riewoldt,Richmond,FPL,5,71,2,4,7,0,5,2,50,4
2019,1.0,2019-03-21,Trent,Cotchin,Richmond,C,8,548,5,19,6,1,11,0,52,16
2019,1.0,2019-03-21,Alex,Rance,Richmond,BPL,0,45,6,6,1,0,3,0,83,5
2019,1.0,2019-03-21,Dustin,Martin,Richmond,FF,11,628,2,6,8,2,9,0,63,19
2019,1.0,2019-03-21,David,Astbury,Richmond,FB,4,175,5,6,0,0,4,0,78,7
2019,1.0,2019-03-21,Liam,Jones,Carlton,FB,1,20,8,11,1,0,2,0,88,7
2019,1.0,2019-03-21,Dylan,Grimes,Richmond,BPR,0,169,6,17,1,0,3,0,67,6
2019,1.0,2019-03-21,Ed,Curnow,Carlton,FPL,8,303,0,7,6,0,6,2,72,18
2019,1.0,2019-03-21,Dion,Prestia,Richmond,RR,7,342,3,26,3,1,6,0,70,14
2019,1.0,2019-03-21,Maverick,Weller,Richmond,INT,4,313,1,18,3,0,2,0,93,14
2019,1.0,2019-03-21,Tom,Lynch,Richmond,FPR,5,95,0,8,0,0,2,0,86,6
2019,1.0,2019-03-21,Alex,Fasolo,Carlton,FPR,2,74,1,5,2,0,0,1,80,4
2019,1.0,2019-03-21,Andrew,Phillips,Carlton,RK,2,163,2,16,0,2,0,2,67,6
2019,1.0,2019-03-21,Lachie,Plowman,Carlton,BPR,2,169,6,11,1,0,0,0,100,13
2019,1.0,2019-03-21,Nick,Vlastuin,Richmond,HBFL,3,254,9,8,0,0,3,0,100,14
2019,1.0,2019-03-21,Patrick,Cripps,Carlton,C,5,263,4,21,3,5,16,0,81,26
2019,1.0,2019-03-21,Kamdyn,McIntosh,Richmond,WR,2,298,4,7,3,0,4,0,85,11
2019,1.0,2019-03-21,Jarrod,Garlett,Carlton,BPL,2,202,4,12,2,0,4,0,44,4
2019,1.0,2019-03-21,Kane,Lambert,Richmond,R,9,412,4,28,4,0,7,1,77,23
2019,1.0,2019-03-21,Toby,Nankervis,Richmond,RK,8,321,2,15,5,0,9,0,41,7
2019,1.0,2019-03-21,Daniel,Rioli,Richmond,HFFL,9,317,1,11,1,1,5,1,77,13
2019,1.0,2019-03-21,Jacob,Weitering,Carlton,CHB,2,302,12,6,2,0,4,0,88,15
2019,1.0,2019-03-21,Mitch,McGovern,Carlton,FF,5,230,2,7,4,0,4,0,64,7
2019,1.0,2019-03-21,Jayden,Short,Richmond,HBFR,4,694,2,15,8,0,1,0,70,14
2019,1.0,2019-03-21,Charlie,Curnow,Carlton,CHF,4,194,0,7,3,0,6,0,50,6
2019,1.0,2019-03-21,Nathan,Broad,Richmond,INT,0,187,3,10,1,0,2,0,75,6
2019,1.0,2019-03-21,David,Cuningham,Carlton,HFFL,6,328,0,16,4,2,6,2,68,15
2019,1.0,2019-03-21,Sam,Petrevski-Seton,Carlton,R,0,282,4,15,6,1,2,0,61,11
2019,1.0,2019-03-21,Dan,Butler,Richmond,CHF,4,300,2,16,6,0,4,4,54,7
2019,1.0,2019-03-21,Nic,Newman,Carlton,INT,4,584,6,10,2,0,3,0,85,22
2019,1.0,2019-03-21,Zac,Fisher,Carlton,WR,6,391,1,18,7,3,11,0,68,15
2019,1.0,2019-03-21,Will,Setterfield,Carlton,INT,4,332,1,19,5,1,5,0,50,12
2019,1.0,2019-03-21,Harry,McKay,Carlton,INT,7,147,0,9,2,1,3,1,82,9
2019,1.0,2019-03-21,Jack,Graham,Richmond,INT,5,475,3,23,5,2,6,1,70,16
2019,1.0,2019-03-21,Paddy,Dow,Carlton,RR,5,195,5,20,4,1,9,0,67,14
2019,1.0,2019-03-21,Jack,Higgins,Richmond,HFFR,9,252,0,22,3,0,6,0,65,11
2019,1.0,2019-03-21,Michael,Gibbons,Carlton,INT,5,168,0,7,2,0,3,0,73,8
2019,1.0,2019-03-21,Sam,Walsh,Carlton,HFFR,5,430,1,21,7,0,7,1,54,13
2019,1.0,2019-03-21,Noah,Balta,Richmond,INT,2,223,1,11,2,1,0,0,80,4
2019,1.0,2019-03-22,Gary,Ablett,Geelong,FPL,5,487,3,12,5,0,6,0,74,17
2019,1.0,2019-03-22,Scott,Pendlebury,Collingwood,C,5,345,1,26,1,3,4,0,83,20
2019,1.0,2019-03-22,Joel,Selwood,Geelong,WL,5,373,8,21,3,0,9,0,52,13
2019,1.0,2019-03-22,Tom,Hawkins,Geelong,FF,7,178,0,11,4,0,4,2,58,7
2019,1.0,2019-03-22,Travis,Varcoe,Collingwood,INT,1,37,0,15,0,0,2,4,100,9
2019,1.0,2019-03-22,Chris,Mayne,Collingwood,WL,3,330,7,24,3,0,3,0,73,16
2019,1.0,2019-03-22,Harry,Taylor,Geelong,CHB,2,22,8,7,0,0,4,0,94,15
2019,1.0,2019-03-22,Patrick,Dangerfield,Geelong,C,8,509,2,21,8,0,9,1,59,16
2019,1.0,2019-03-22,Dayne,Beams,Collingwood,RR,7,377,0,16,4,1,8,0,70,16
2019,1.0,2019-03-22,Steele,Sidebottom,Collingwood,INT,3,337,6,23,6,0,8,0,73,19
2019,1.0,2019-03-22,Mitch,Duncan,Geelong,WR,5,253,1,12,0,1,3,0,74,14
2019,1.0,2019-03-22,Jordan,Roughead,Collingwood,FB,0,164,6,8,3,0,4,0,70,7
2019,1.0,2019-03-22,Gary,Rohan,Geelong,FPR,3,152,2,17,6,0,3,2,60,6
2019,1.0,2019-03-22,Rhys,Stanley,Geelong,RK,6,345,7,9,2,4,5,0,94,17
2019,1.0,2019-03-22,Jeremy,Howe,Collingwood,HBFL,0,340,10,9,4,0,3,0,80,12
2019,1.0,2019-03-22,Luke,Dahlhaus,Geelong,HFFL,4,274,1,18,7,1,6,1,67,16
2019,1.0,2019-03-22,Adam,Treloar,Collingwood,R,6,397,3,24,10,1,10,2,62,21
2019,1.0,2019-03-22,Jack,Crisp,Collingwood,BPR,5,356,8,7,6,1,8,0,65,17
2019,1.0,2019-03-22,Jamie,Elliott,Collingwood,FPL,6,185,0,10,0,0,1,5,100,8
2019,1.0,2019-03-22,Josh,Thomas,Collingwood,HFFL,5,120,0,15,3,0,3,1,69,11
2019,1.0,2019-03-22,Mark,Blicavs,Geelong,FB,0,94,6,11,3,0,4,0,75,9
2019,1.0,2019-03-22,Brodie,Grundy,Collingwood,RK,6,79,1,9,0,4,8,0,56,10
2019,1.0,2019-03-22,Tom,Langdon,Collingwood,INT,0,151,8,9,3,0,4,0,79,11
2019,1.0,2019-03-22,James,Aish,Collingwood,HBFR,3,350,6,11,4,0,3,0,68,13
2019,1.0,2019-03-22,Jordan,De Goey,Collingwood,FPR,5,161,0,8,2,1,2,0,50,5
2019,1.0,2019-03-22,Jake,Kolodjashnij,Geelong,HBFL,2,175,6,10,1,0,4,0,89,8
2019,1.0,2019-03-22,Brayden,Maynard,Collingwood,BPL,0,189,5,16,1,0,5,0,88,14
2019,1.0,2019-03-22,Darcy,Moore,Collingwood,CHB,0,378,8,8,4,0,1,0,81,13
2019,1.0,2019-03-22,Mason,Cox,Collingwood,CHF,4,163,2,4,5,0,0,1,64,7
2019,1.0,2019-03-22,Tom,Phillips,Collingwood,WR,5,556,4,11,6,0,5,0,63,15
2019,1.0,2019-03-22,Sam,Menegola,Geelong,INT,2,280,1,11,2,1,6,1,90,17
2019,1.0,2019-03-22,Brandan,Parfitt,Geelong,R,3,362,2,21,6,1,8,3,73,16
2019,1.0,2019-03-22,Tom,Stewart,Geelong,HBFR,0,448,8,11,7,0,4,0,69,18
2019,1.0,2019-03-22,Mark,O'Connor,Geelong,INT,0,87,5,8,1,0,5,0,69,9
2019,1.0,2019-03-22,Callum L.,Brown,Collingwood,INT,3,118,1,16,0,0,5,1,78,7
2019,1.0,2019-03-22,Jaidyn,Stephenson,Collingwood,HFFR,3,204,3,15,6,0,6,2,56,9
2019,1.0,2019-03-22,Tim,Kelly,Geelong,RR,4,597,2,28,5,2,8,0,68,21
2019,1.0,2019-03-22,Esava,Ratugolea,Geelong,CHF,0,92,1,14,3,0,3,0,80,4
2019,1.0,2019-03-22,Jack,Henry,Geelong,BPL,1,56,2,8,2,0,2,0,60,3
2019,1.0,2019-03-22,Brody,Mihocek,Collingwood,FF,4,338,2,3,4,0,3,0,79,11
2019,1.0,2019-03-22,Tom,Atkins,Geelong,HFFR,4,125,2,13,4,0,3,5,78,7
2019,1.0,2019-03-22,Jordan,Clark,Geelong,BPR,1,486,6,8,6,0,2,0,82,14
2019,1.0,2019-03-22,Charlie,Constable,Geelong,INT,5,205,1,11,2,0,4,0,86,18
2019,1.0,2019-03-22,Gryan,Miers,Geelong,INT,1,94,1,9,3,0,1,1,73,8
2019,1.0,2019-03-23,Paddy,Ryder,Port Adelaide,FF,5,118,1,9,2,0,4,0,75,6
2019,1.0,2019-03-23,Nathan,Jones,Melbourne,HBFR,5,419,1,7,4,1,2,0,74,14
2019,1.0,2019-03-23,Robbie,Gray,Port Adelaide,CHF,8,359,0,20,4,0,5,0,61,14
2019,1.0,2019-03-23,Justin,Westhoff,Port Adelaide,WR,7,286,6,15,4,0,6,1,83,15
2019,1.0,2019-03-23,Travis,Boak,Port Adelaide,HFFL,9,558,4,27,8,2,6,1,74,25
2019,1.0,2019-03-23,Brad,Ebert,Port Adelaide,HFFR,6,277,3,17,1,1,4,2,87,20
2019,1.0,2019-03-23,Neville,Jetta,Melbourne,BPR,2,120,4,7,4,0,3,0,70,7
2019,1.0,2019-03-23,Jack,Watts,Port Adelaide,INT,8,267,7,9,2,0,5,0,82,18
2019,1.0,2019-03-23,Tom,Rockliff,Port Adelaide,C,5,504,2,18,8,1,10,1,71,31
2019,1.0,2019-03-23,Steven,Motlop,Port Adelaide,R,7,300,2,13,4,0,5,0,74,14
2019,1.0,2019-03-23,Jake,Melksham,Melbourne,FPL,9,246,0,11,7,0,1,0,63,10
2019,1.0,2019-03-23,Michael,Hibberd,Melbourne,HBFL,1,486,8,12,7,0,4,0,67,10
2019,1.0,2019-03-23,Max,Gawn,Melbourne,RK,4,148,3,14,1,0,5,0,85,11
2019,1.0,2019-03-23,Scott,Lycett,Port Adelaide,RK,4,139,2,4,0,0,5,1,80,8
2019,1.0,2019-03-23,Tom,Jonas,Port Adelaide,CHB,2,97,5,7,2,0,3,0,92,11
2019,1.0,2019-03-23,Tom,McDonald,Melbourne,CHF,4,50,1,12,1,0,3,1,88,7
2019,1.0,2019-03-23,Sam,Frost,Melbourne,CHB,1,194,5,11,4,0,3,0,89,8
2019,1.0,2019-03-23,Jack,Viney,Melbourne,FPR,1,233,1,25,4,0,2,0,60,6
2019,1.0,2019-03-23,Tom,Clurey,Port Adelaide,FB,3,182,10,3,4,0,4,0,73,11
2019,1.0,2019-03-23,Christian,Salem,Melbourne,WR,3,741,10,15,6,0,5,0,84,27
2019,1.0,2019-03-23,Angus,Brayshaw,Melbourne,R,3,430,1,18,6,5,9,1,58,15
2019,1.0,2019-03-23,Karl,Amon,Port Adelaide,FPL,6,163,3,10,1,0,3,0,91,19
2019,1.0,2019-03-23,Alex,Neal-Bullen,Melbourne,HFFL,5,191,2,30,3,1,7,2,60,9
2019,1.0,2019-03-23,James,Harmes,Melbourne,RR,4,332,5,21,5,2,9,1,70,16
2019,1.0,2019-03-23,Oscar,McDonald,Melbourne,FB,1,114,1,6,1,0,1,0,80,4
2019,1.0,2019-03-23,Clayton,Oliver,Melbourne,C,3,490,4,21,5,3,6,1,74,17
2019,1.0,2019-03-23,Darcy,Byrne-Jones,Port Adelaide,HBFR,3,212,7,10,5,0,6,0,74,14
2019,1.0,2019-03-23,Jayden,Hunt,Melbourne,WL,1,215,8,14,5,1,7,0,50,7
2019,1.0,2019-03-23,Christian,Petracca,Melbourne,INT,4,136,2,17,4,1,8,2,73,11
2019,1.0,2019-03-23,Corey,Wagner,Melbourne,INT,4,313,3,13,5,0,5,1,71,10
2019,1.0,2019-03-23,Sam,Weideman,Melbourne,FF,6,156,0,12,0,0,2,2,77,10
2019,1.0,2019-03-23,Ryan,Burton,Port Adelaide,HBFL,3,548,6,13,4,0,4,0,62,16
2019,1.0,2019-03-23,Riley,Bonner,Port Adelaide,BPL,3,388,8,8,5,0,6,0,83,15
2019,1.0,2019-03-23,Dan,Houston,Port Adelaide,BPR,3,313,5,15,1,1,4,0,94,15
2019,1.0,2019-03-23,Sam,Powell-Pepper,Port Adelaide,RR,10,375,2,14,8,1,6,1,50,10
2019,1.0,2019-03-23,Todd,Marshall,Port Adelaide,INT,5,194,1,3,2,0,0,0,70,7
2019,1.0,2019-03-23,Bayley,Fritsch,Melbourne,INT,2,257,6,12,3,1,6,0,79,11
2019,1.0,2019-03-23,Charlie,Spargo,Melbourne,HFFR,5,173,1,22,2,0,1,0,82,9
2019,1.0,2019-03-23,Marty,Hore,Melbourne,INT,1,187,8,8,3,0,7,0,71,10
2019,1.0,2019-03-23,Tom,Sparrow,Melbourne,BPL,3,223,1,25,3,0,3,1,71,10
2019,1.0,2019-03-23,Zak,Butters,Port Adelaide,INT,4,189,2,11,2,0,2,1,54,7
2019,1.0,2019-03-23,Willem,Drew,Port Adelaide,INT,7,216,3,19,4,3,5,0,81,17
2019,1.0,2019-03-23,Xavier,Duursma,Port Adelaide,WL,7,212,2,13,1,0,2,0,88,14
2019,1.0,2019-03-23,Connor,Rozee,Port Adelaide,FPR,7,62,3,9,3,0,4,0,78,14
2019,1.0,2019-03-23,Shaun,Burgoyne,Hawthorn,HBFL,5,273,2,21,4,1,5,2,67,8
2019,1.0,2019-03-23,Eddie,Betts,Adelaide,FPR,4,224,0,7,1,1,2,3,70,7
2019,1.0,2019-03-23,Jarryd,Roughead,Hawthorn,HFFL,7,117,1,10,2,0,7,2,53,8
2019,1.0,2019-03-23,Richard,Douglas,Adelaide,FPL,4,267,0,21,3,0,3,0,47,7
2019,1.0,2019-03-23,Bryce,Gibbs,Adelaide,INT,2,150,3,11,4,1,4,0,63,10
2019,1.0,2019-03-23,James,Frawley,Hawthorn,FB,0,106,5,5,3,0,4,0,44,4
2019,1.0,2019-03-23,David,Mackay,Adelaide,HBFR,1,465,6,18,7,0,5,0,68,13
2019,1.0,2019-03-23,Ben,McEvoy,Hawthorn,RK,6,130,4,19,2,2,4,0,78,14
2019,1.0,2019-03-23,Sam,Jacobs,Adelaide,RK,3,152,1,8,2,2,4,0,67,8
2019,1.0,2019-03-23,Taylor,Walker,Adelaide,CHF,4,194,1,13,4,0,5,1,62,8
2019,1.0,2019-03-23,Liam,Shiels,Hawthorn,C,3,335,3,31,3,0,7,1,46,10
2019,1.0,2019-03-23,Rory,Sloane,Adelaide,RR,8,443,5,30,6,1,14,0,72,26
2019,1.0,2019-03-23,Ben,Stratton,Hawthorn,HBFR,0,134,9,8,1,0,5,0,53,8
2019,1.0,2019-03-23,Ricky,Henderson,Hawthorn,WL,0,406,2,20,4,0,5,1,70,14
2019,1.0,2019-03-23,Jack,Gunston,Hawthorn,FF,8,375,2,18,2,0,5,1,68,13
2019,1.0,2019-03-23,Tom,Lynch,Adelaide,HFFL,5,103,2,18,2,0,11,1,70,14
2019,1.0,2019-03-23,Brodie,Smith,Adelaide,WR,5,349,6,17,2,1,6,0,67,14
2019,1.0,2019-03-23,Paul,Puopolo,Hawthorn,FPR,1,100,2,22,2,0,6,4,89,8
2019,1.0,2019-03-23,Isaac,Smith,Hawthorn,WR,1,519,2,18,11,0,2,0,60,12
2019,1.0,2019-03-23,Luke,Breust,Hawthorn,FPL,6,186,3,24,1,0,3,3,83,10
2019,1.0,2019-03-23,Daniel,Talia,Adelaide,FB,0,160,6,7,2,0,3,0,83,15
2019,1.0,2019-03-23,Josh,Jenkins,Adelaide,FF,4,219,1,16,1,0,1,1,67,8
2019,1.0,2019-03-23,Jaeger,O'Meara,Hawthorn,R,6,469,1,30,5,3,7,0,63,15
2019,1.0,2019-03-23,Brad,Crouch,Adelaide,R,4,335,3,19,5,4,7,0,68,19
2019,1.0,2019-03-23,Rory,Laird,Adelaide,HBFL,2,549,8,10,6,0,7,0,72,21
2019,1.0,2019-03-23,Jonathon,Ceglar,Hawthorn,INT,2,121,1,8,0,0,4,0,75,6
2019,1.0,2019-03-23,Jarman,Impey,Hawthorn,BPR,3,283,13,13,6,0,6,1,77,13
2019,1.0,2019-03-23,Matt,Crouch,Adelaide,C,8,336,5,19,7,0,14,0,78,31
2019,1.0,2019-03-23,James,Sicily,Hawthorn,HFFR,0,901,8,6,11,0,5,0,85,22
2019,1.0,2019-03-23,Jake,Kelly,Adelaide,INT,2,288,9,9,8,0,5,0,76,19
2019,1.0,2019-03-23,Riley,Knight,Adelaide,BPL,3,129,2,20,4,0,6,1,70,14
2019,1.0,2019-03-23,Rory,Atkins,Adelaide,HFFR,7,626,3,16,9,1,6,0,61,19
2019,1.0,2019-03-23,Wayne,Milera,Adelaide,WL,2,336,7,15,4,0,8,0,85,22
2019,1.0,2019-03-23,Blake,Hardwick,Hawthorn,BPL,2,435,8,16,6,1,5,0,82,18
2019,1.0,2019-03-23,James,Cousins,Hawthorn,INT,4,359,3,20,4,0,3,1,50,9
2019,1.0,2019-03-23,Alex,Keath,Adelaide,CHB,1,373,13,10,13,0,8,0,50,10
2019,1.0,2019-03-23,Jack,Scrimshaw,Hawthorn,INT,0,207,8,13,3,0,6,0,64,7
2019,1.0,2019-03-23,Harry,Morrison,Hawthorn,INT,3,187,4,16,5,0,8,0,77,13
2019,1.0,2019-03-23,Tom,Doedee,Adelaide,BPR,1,110,4,2,0,0,1,0,100,8
2019,1.0,2019-03-23,Lachlan,Murphy,Adelaide,INT,3,151,1,17,4,1,2,0,55,6
2019,1.0,2019-03-23,David,Mirra,Hawthorn,CHB,1,281,8,10,3,0,6,0,88,14
2019,1.0,2019-03-23,James,Worpel,Hawthorn,RR,6,402,6,29,5,3,10,0,67,18
2019,1.0,2019-03-23,Conor,Nash,Hawthorn,CHF,5,84,1,20,2,0,6,3,70,7
2019,1.0,2019-03-23,Chayce,Jones,Adelaide,INT,4,75,0,14,2,0,3,0,67,6
2019,1.0,2019-03-23,Jarrad,McVeigh,Sydney,HBFL,5,282,3,18,1,1,3,0,96,21
2019,1.0,2019-03-23,Lance,Franklin,Sydney,FF,5,145,1,10,2,0,0,1,57,4
2019,1.0,2019-03-23,Heath,Grundy,Sydney,CHB,2,153,4,6,4,1,2,0,73,8
2019,1.0,2019-03-23,Josh P.,Kennedy,Sydney,C,8,412,4,21,4,4,8,0,55,12
2019,1.0,2019-03-23,Matthew,Suckling,Western Bulldogs,HBFR,3,474,9,8,4,0,7,0,77,17
2019,1.0,2019-03-23,Easton,Wood,Western Bulldogs,CHB,0,109,3,4,3,0,0,0,80,4
2019,1.0,2019-03-23,Sam,Reid,Sydney,CHF,7,251,0,10,1,0,1,0,90,9
2019,1.0,2019-03-23,Tom,Liberatore,Western Bulldogs,C,6,594,3,22,2,5,11,0,61,17
2019,1.0,2019-03-23,Mitch,Wallis,Western Bulldogs,R,7,184,3,19,2,0,5,1,81,21
2019,1.0,2019-03-23,Luke,Parker,Sydney,HFFL,6,155,4,23,3,4,7,1,68,15
2019,1.0,2019-03-23,Harry,Cunningham,Sydney,WL,2,399,6,8,3,0,6,0,91,21
2019,1.0,2019-03-23,Tory,Dickson,Western Bulldogs,INT,4,176,2,11,4,1,3,1,55,6
2019,1.0,2019-03-23,Hayden,Crozier,Western Bulldogs,BPR,2,116,4,4,2,0,2,0,100,7
2019,1.0,2019-03-23,Dane,Rampe,Sydney,FB,2,575,4,20,3,0,2,0,94,16
2019,1.0,2019-03-23,Callum,Sinclair,Sydney,RK,2,90,3,12,3,0,1,0,82,9
2019,1.0,2019-03-23,Taylor,Duryea,Western Bulldogs,INT,4,330,6,13,3,0,3,0,53,8
2019,1.0,2019-03-23,Jack,Macrae,Western Bulldogs,WR,5,521,5,13,7,0,12,0,69,22
2019,1.0,2019-03-23,Lachie,Hunter,Western Bulldogs,WL,7,246,7,14,3,1,8,0,69,18
2019,1.0,2019-03-23,Sam,Lloyd,Western Bulldogs,FPR,8,341,2,9,4,0,7,0,73,16
2019,1.0,2019-03-23,Jake,Lloyd,Sydney,HBFR,7,630,4,15,7,0,2,0,86,30
2019,1.0,2019-03-23,Marcus,Bontempelli,Western Bulldogs,RR,9,640,2,20,4,2,6,3,72,21
2019,1.0,2019-03-23,Zak,Jones,Sydney,R,9,541,3,15,7,0,3,0,58,14
2019,1.0,2019-03-23,Isaac,Heeney,Sydney,WR,7,114,1,21,5,0,4,0,79,15
2019,1.0,2019-03-23,Toby,McLean,Western Bulldogs,FPL,6,323,4,13,6,0,6,1,82,18
2019,1.0,2019-03-23,Caleb,Daniel,Western Bulldogs,HBFL,1,348,3,11,3,0,4,0,80,16
2019,1.0,2019-03-23,Zaine,Cordy,Western Bulldogs,FB,1,147,7,7,2,0,4,0,77,10
2019,1.0,2019-03-23,George,Hewett,Sydney,RR,6,351,3,13,5,0,3,0,76,16
2019,1.0,2019-03-23,Callum,Mills,Sydney,BPL,3,313,10,9,3,0,6,0,80,16
2019,1.0,2019-03-23,Tom,Papley,Sydney,HFFR,5,308,1,17,4,0,2,0,79,15
2019,1.0,2019-03-23,Josh,Dunkley,Western Bulldogs,HFFR,7,230,4,18,3,0,7,1,70,14
2019,1.0,2019-03-23,Josh,Schache,Western Bulldogs,INT,4,82,2,6,1,0,5,1,70,7
2019,1.0,2019-03-23,Aliir,Aliir,Sydney,INT,1,308,9,8,4,0,3,0,80,12
2019,1.0,2019-03-23,Bailey,Williams,Western Bulldogs,BPL,2,383,2,6,5,0,1,0,58,7
2019,1.0,2019-03-23,Ryan,Clarke,Sydney,INT,5,164,1,12,3,0,5,0,82,14
2019,1.0,2019-03-23,Oliver,Florent,Sydney,INT,2,180,2,13,4,0,5,0,77,10
2019,1.0,2019-03-23,Will,Hayward,Sydney,FPL,4,238,2,20,3,0,2,1,44,4
2019,1.0,2019-03-23,Jordan,Dawson,Sydney,INT,2,54,1,15,3,0,6,1,57,8
2019,1.0,2019-03-23,Lewis,Melican,Sydney,BPR,3,132,5,12,2,0,2,0,88,7
2019,1.0,2019-03-23,Tim,English,Western Bulldogs,RK,5,177,0,15,3,2,4,1,75,6
2019,1.0,2019-03-23,Billy,Gowers,Western Bulldogs,CHF,7,311,0,16,1,0,0,0,46,5
2019,1.0,2019-03-23,Aaron,Naughton,Western Bulldogs,FF,8,302,2,11,5,0,3,0,40,6
2019,1.0,2019-03-23,Ed,Richards,Western Bulldogs,INT,2,241,3,11,2,0,6,0,83,10
2019,1.0,2019-03-23,Bailey,Smith,Western Bulldogs,HFFL,4,166,1,15,1,0,3,2,63,5
2019,1.0,2019-03-23,Nick,Blakey,Sydney,FPR,4,180,0,13,0,0,2,1,70,7
2019,1.0,2019-03-23,Luke,Hodge,Brisbane Lions,BPL,2,238,7,7,4,0,4,0,95,19
2019,1.0,2019-03-23,Shannon,Hurn,West Coast,BPL,0,596,7,9,2,0,4,0,90,18
2019,1.0,2019-03-23,Chris,Masten,West Coast,WL,1,45,4,8,3,0,3,1,82,9
2019,1.0,2019-03-23,Stefan,Martin,Brisbane Lions,RK,4,-5,1,5,0,0,5,1,69,9
2019,1.0,2019-03-23,Mitch,Robinson,Brisbane Lions,FPR,4,439,6,11,9,0,8,0,53,10
2019,1.0,2019-03-23,Daniel,Rich,Brisbane Lions,BPR,3,517,5,6,4,0,3,0,78,18
2019,1.0,2019-03-23,Jack,Redden,West Coast,INT,2,217,5,20,5,0,7,1,64,14
2019,1.0,2019-03-23,Lewis,Jetta,West Coast,HBFR,0,367,3,8,2,0,1,0,86,12
2019,1.0,2019-03-23,Luke,Shuey,West Coast,R,5,677,5,18,8,0,5,1,58,15
2019,1.0,2019-03-23,Ryan,Bastinac,Brisbane Lions,INT,4,330,1,9,3,1,2,1,79,11
2019,1.0,2019-03-23,Brad,Sheppard,West Coast,BPR,0,309,4,11,2,0,2,0,72,13
2019,1.0,2019-03-23,Jack,Darling,West Coast,FF,4,290,1,10,3,0,2,1,60,6
2019,1.0,2019-03-23,Nathan,Vardy,West Coast,RK,0,25,1,7,2,0,1,0,67,2
2019,1.0,2019-03-23,Tom,Hickey,West Coast,INT,1,86,0,11,1,1,1,1,100,2
2019,1.0,2019-03-23,Lachie,Neale,Brisbane Lions,C,5,232,6,14,4,2,9,0,86,25
2019,1.0,2019-03-23,Jarryd,Lyons,Brisbane Lions,R,7,463,0,22,3,2,5,2,54,14
2019,1.0,2019-03-23,Dayne,Zorko,Brisbane Lions,WL,12,498,3,28,4,0,7,3,70,14
2019,1.0,2019-03-23,Elliot,Yeo,West Coast,RR,4,522,4,26,11,3,6,0,44,11
2019,1.0,2019-03-23,Lincoln,McCarthy,Brisbane Lions,HFFR,5,172,1,13,3,0,5,2,55,6
2019,1.0,2019-03-23,Josh,Walker,Brisbane Lions,FB,1,90,6,2,1,0,4,0,80,8
2019,1.0,2019-03-23,Mark,Hutchings,West Coast,HFFL,1,224,4,23,4,1,4,0,55,6
2019,1.0,2019-03-23,Dom,Sheed,West Coast,C,4,435,3,19,5,4,13,0,68,26
2019,1.0,2019-03-23,Darcy,Gardiner,Brisbane Lions,HBFR,2,179,9,5,4,0,6,0,60,9
2019,1.0,2019-03-23,Jeremy,McGovern,West Coast,CHB,0,121,9,12,3,0,2,0,67,8
2019,1.0,2019-03-23,Charlie,Cameron,Brisbane Lions,FPL,9,198,1,14,5,0,6,2,77,10
2019,1.0,2019-03-23,Daniel,McStay,Brisbane Lions,FF,2,119,2,13,2,0,6,0,73,8
2019,1.0,2019-03-23,Liam,Duggan,West Coast,HBFL,1,397,5,10,4,0,2,0,67,10
2019,1.0,2019-03-23,Harris,Andrews,Brisbane Lions,CHB,3,262,8,5,1,0,7,0,95,19
2019,1.0,2019-03-23,Tom,Barrass,West Coast,FB,1,121,4,4,1,0,1,0,89,8
2019,1.0,2019-03-23,Rhys,Mathieson,Brisbane Lions,INT,5,416,1,10,6,2,9,1,72,18
2019,1.0,2019-03-23,Tom,Cole,West Coast,INT,0,54,3,11,2,0,2,0,57,4
2019,1.0,2019-03-23,Eric,Hipwood,Brisbane Lions,CHF,3,255,0,2,4,0,1,1,50,4
2019,1.0,2019-03-23,Jarrod,Berry,Brisbane Lions,RR,7,297,5,13,5,3,7,0,84,21
2019,1.0,2019-03-23,Hugh,McCluggage,Brisbane Lions,WR,8,461,2,15,3,2,8,3,85,17
2019,1.0,2019-03-23,Alex,Witherden,Brisbane Lions,HBFL,4,384,3,5,0,0,3,0,92,23
2019,1.0,2019-03-23,Cam,Rayner,Brisbane Lions,HFFL,7,349,1,14,2,0,3,1,57,8
2019,1.0,2019-03-23,Liam,Ryan,West Coast,FPL,2,152,1,26,4,0,3,2,38,3
2019,1.0,2019-03-23,Daniel,Venables,West Coast,WR,2,69,2,14,3,1,5,2,67,6
2019,1.0,2019-03-23,Jake,Waterman,West Coast,FPR,2,133,1,6,3,0,3,0,88,7
2019,1.0,2019-03-23,Zac,Bailey,Brisbane Lions,INT,1,265,3,10,1,0,1,0,73,11
2019,1.0,2019-03-23,Oscar,McInerney,Brisbane Lions,INT,3,79,2,7,2,0,3,0,67,4
2019,1.0,2019-03-23,Jack,Petruccelle,West Coast,HFFR,1,211,2,20,1,0,1,0,80,8
2019,1.0,2019-03-23,Jarrod,Brander,West Coast,INT,3,216,0,5,3,0,1,1,75,6
2019,1.0,2019-03-23,Oscar,Allen,West Coast,CHF,4,124,3,7,1,0,4,2,75,6
2019,1.0,2019-03-24,Jarrod,Harbrow,Gold Coast,BPL,2,353,1,3,1,0,0,0,100,18
2019,1.0,2019-03-24,Jarryn,Geary,St Kilda,BPL,1,343,8,13,3,0,5,0,72,13
2019,1.0,2019-03-24,Pearce,Hanley,Gold Coast,HBFR,2,276,5,6,3,0,3,0,77,10
2019,1.0,2019-03-24,Jack,Steven,St Kilda,INT,4,486,0,10,5,3,9,1,57,13
2019,1.0,2019-03-24,Shane,Savage,St Kilda,BPR,2,403,2,7,3,0,2,0,80,12
2019,1.0,2019-03-24,David,Swallow,Gold Coast,C,3,175,0,10,4,0,3,1,55,6
2019,1.0,2019-03-24,Jack,Hombsch,Gold Coast,CHB,2,196,8,8,2,0,3,0,90,9
2019,1.0,2019-03-24,Jack,Newnes,St Kilda,HBFR,8,501,4,9,5,0,5,2,83,19
2019,1.0,2019-03-24,George,Horlin-Smith,Gold Coast,WR,2,269,7,4,5,0,3,0,71,12
2019,1.0,2019-03-24,Anthony,Miles,Gold Coast,INT,5,409,3,18,3,0,6,0,75,18
2019,1.0,2019-03-24,Josh,Bruce,St Kilda,CHF,6,275,1,9,5,1,5,2,67,12
2019,1.0,2019-03-24,Alex,Sexton,Gold Coast,HFFL,6,282,1,14,6,1,12,0,61,11
2019,1.0,2019-03-24,Jordan,Murdoch,Gold Coast,INT,2,231,7,9,4,0,5,0,77,10
2019,1.0,2019-03-24,Sebastian,Ross,St Kilda,C,7,451,1,12,4,2,4,0,78,21
2019,1.0,2019-03-24,Jarrod,Witts,Gold Coast,RK,5,113,1,7,2,1,5,1,54,7
2019,1.0,2019-03-24,Dean,Kent,St Kilda,HFFL,3,237,0,6,4,0,3,1,50,4
2019,1.0,2019-03-24,Jimmy,Webster,St Kilda,HBFL,3,352,6,8,3,0,6,0,60,12
2019,1.0,2019-03-24,Jack,Martin,Gold Coast,HBFL,6,592,5,12,7,0,1,0,79,15
2019,1.0,2019-03-24,Jack,Billings,St Kilda,WR,8,365,3,8,5,1,6,0,82,23
2019,1.0,2019-03-24,Luke,Dunstan,St Kilda,INT,4,170,0,24,2,1,9,0,50,9
2019,1.0,2019-03-24,Tim,Membrey,St Kilda,FF,5,214,1,6,1,0,1,0,73,8
2019,1.0,2019-03-24,Touk,Miller,Gold Coast,RR,5,298,2,23,1,2,7,2,88,21
2019,1.0,2019-03-24,Jack,Lonie,St Kilda,FPL,3,293,1,11,5,1,5,2,64,14
2019,1.0,2019-03-24,Jack,Sinclair,St Kilda,INT,5,363,2,18,6,1,5,1,50,10
2019,1.0,2019-03-24,Daniel,McKenzie,St Kilda,INT,2,117,10,7,1,0,9,0,93,13
2019,1.0,2019-03-24,Peter,Wright,Gold Coast,CHF,6,242,0,7,2,0,3,0,93,13
2019,1.0,2019-03-24,Jack,Steele,St Kilda,RR,6,279,4,19,1,1,8,0,82,18
2019,1.0,2019-03-24,Lachie,Weller,Gold Coast,WL,1,349,5,8,2,0,6,0,50,8
2019,1.0,2019-03-24,Jade,Gresham,St Kilda,FPR,7,318,2,7,5,1,9,0,79,15
2019,1.0,2019-03-24,Darcy,Macpherson,Gold Coast,FPR,3,281,3,25,8,0,6,3,60,12
2019,1.0,2019-03-24,Sam,Collins,Gold Coast,FB,1,71,5,6,2,0,1,0,60,3
2019,1.0,2019-03-24,Lewis,Pierce,St Kilda,RK,3,13,2,6,1,1,3,0,50,3
2019,1.0,2019-03-24,Brayden,Fiorini,Gold Coast,INT,7,416,4,18,5,3,7,2,70,21
2019,1.0,2019-03-24,Ben,Ainsworth,Gold Coast,FPL,3,119,1,6,2,0,3,0,67,4
2019,1.0,2019-03-24,Jack,Bowes,Gold Coast,R,3,235,3,16,5,4,6,1,77,17
2019,1.0,2019-03-24,Ben,Long,St Kilda,R,2,167,3,12,3,1,3,1,67,8
2019,1.0,2019-03-24,Josh,Battle,St Kilda,CHB,3,130,7,5,1,0,2,0,89,16
2019,1.0,2019-03-24,Charlie,Ballard,Gold Coast,BPR,3,392,12,8,3,0,4,0,71,17
2019,1.0,2019-03-24,Wil,Powell,Gold Coast,HFFR,3,532,4,12,8,1,3,1,52,12
2019,1.0,2019-03-24,Darragh,Joyce,St Kilda,FB,0,231,12,4,7,0,7,0,67,12
2019,1.0,2019-03-24,Matthew,Parker,St Kilda,HFFR,6,397,3,20,7,1,5,1,71,12
2019,1.0,2019-03-24,Callum,Wilkie,St Kilda,WL,0,78,8,9,1,0,3,0,100,11
2019,1.0,2019-03-24,Chris,Burgess,Gold Coast,FF,2,87,0,10,1,0,1,1,50,2
2019,1.0,2019-03-24,Jack,Lukosius,Gold Coast,INT,4,261,2,11,3,0,4,0,55,6
2019,1.0,2019-03-24,Brett,Deledio,Greater Western Sydney,INT,4,234,0,15,2,0,3,2,71,10
2019,1.0,2019-03-24,Heath,Shaw,Greater Western Sydney,BPL,4,382,2,7,4,0,3,0,74,14
2019,1.0,2019-03-24,David,Myers,Essendon,INT,3,198,1,12,1,1,4,1,58,7
2019,1.0,2019-03-24,Tom,Bellchambers,Essendon,RK,2,165,1,3,3,0,2,0,14,1
2019,1.0,2019-03-24,Sam J.,Reid,Greater Western Sydney,HFFL,2,157,7,9,2,0,5,0,60,9
2019,1.0,2019-03-24,Michael,Hurley,Essendon,CHB,2,397,7,7,3,0,1,0,65,11
2019,1.0,2019-03-24,David,Zaharakis,Essendon,WL,3,229,3,10,4,0,6,1,80,20
2019,1.0,2019-03-24,Matt,de Boer,Greater Western Sydney,R,5,201,2,17,0,1,8,2,63,10
2019,1.0,2019-03-24,Shaun,McKernan,Essendon,FF,2,83,0,8,2,1,1,1,20,1
2019,1.0,2019-03-24,Dawson,Simpson,Greater Western Sydney,RK,5,106,4,8,1,0,3,0,75,6
2019,1.0,2019-03-24,Phil,Davis,Greater Western Sydney,FB,4,66,9,5,0,0,4,0,75,9
2019,1.0,2019-03-24,Dyson,Heppell,Essendon,HFFL,2,480,4,18,9,0,4,0,76,19
2019,1.0,2019-03-24,Mitch,Brown,Essendon,HBFL,2,51,0,3,2,0,2,0,78,7
2019,1.0,2019-03-24,Lachlan,Keeffe,Greater Western Sydney,FPR,5,111,3,10,1,0,3,0,50,4
2019,1.0,2019-03-24,Jeremy,Cameron,Greater Western Sydney,FF,8,256,0,4,4,0,4,0,77,10
2019,1.0,2019-03-24,Stephen,Coniglio,Greater Western Sydney,RR,10,685,0,13,8,1,5,1,55,17
2019,1.0,2019-03-24,Toby,Greene,Greater Western Sydney,FPL,6,227,1,9,2,0,4,0,79,11
2019,1.0,2019-03-24,Adam,Kennedy,Greater Western Sydney,INT,3,429,4,12,5,0,2,0,75,12
2019,1.0,2019-03-24,Dylan,Shiel,Essendon,C,6,222,6,17,7,0,15,0,56,14
2019,1.0,2019-03-24,Devon,Smith,Essendon,R,2,416,4,19,4,1,5,0,57,13
2019,1.0,2019-03-24,Adam,Tomlinson,Greater Western Sydney,WL,7,329,5,10,2,1,8,1,74,17
2019,1.0,2019-03-24,Mark,Baguley,Essendon,HFFR,3,123,1,9,2,0,1,0,88,7
2019,1.0,2019-03-24,Lachie,Whitfield,Greater Western Sydney,HBFR,7,600,4,15,5,1,5,0,70,21
2019,1.0,2019-03-24,Jake,Stringer,Essendon,CHF,2,305,0,18,3,1,2,2,60,6
2019,1.0,2019-03-24,Zac,Williams,Greater Western Sydney,BPR,4,223,7,8,2,1,7,0,78,14
2019,1.0,2019-03-24,Patrick,Ambrose,Essendon,FB,0,12,5,11,2,0,3,0,71,5
2019,1.0,2019-03-24,Zach,Merrett,Essendon,FPL,1,181,3,15,4,1,4,0,81,13
2019,1.0,2019-03-24,Orazio,Fantasia,Essendon,INT,3,172,1,13,3,0,2,0,44,4
2019,1.0,2019-03-24,Adam,Saad,Essendon,BPL,1,338,9,11,2,0,7,0,79,15
2019,1.0,2019-03-24,Kyle,Langford,Essendon,RR,5,381,2,11,4,0,4,0,61,11
2019,1.0,2019-03-24,Conor,McKenna,Essendon,BPR,3,298,2,14,2,0,3,0,93,13
2019,1.0,2019-03-24,Anthony,McDonald-Tipungwuti,Essendon,FPR,1,139,1,20,2,0,3,3,60,3
2019,1.0,2019-03-24,Jacob,Hopper,Greater Western Sydney,INT,7,405,5,21,2,5,12,0,79,22
2019,1.0,2019-03-24,Harry,Himmelberg,Greater Western Sydney,CHF,6,232,1,4,2,0,3,0,79,11
2019,1.0,2019-03-24,Aaron,Francis,Essendon,INT,1,182,2,4,5,0,2,0,73,8
2019,1.0,2019-03-24,Andrew,McGrath,Essendon,INT,3,462,2,10,3,1,7,0,65,15
2019,1.0,2019-03-24,Tim,Taranto,Greater Western Sydney,C,6,558,1,25,12,2,9,0,47,14
2019,1.0,2019-03-24,Daniel,Lloyd,Greater Western Sydney,INT,5,154,2,15,1,0,7,2,69,9
2019,1.0,2019-03-24,Harry,Perryman,Greater Western Sydney,WR,3,140,0,1,2,0,1,0,50,3
2019,1.0,2019-03-24,Jeremy,Finlayson,Greater Western Sydney,HBFL,3,226,3,11,1,0,1,0,67,6
2019,1.0,2019-03-24,Matt,Guelfi,Essendon,WR,0,131,4,10,3,0,4,0,57,4
2019,1.0,2019-03-24,Jordan,Ridley,Essendon,HBFR,0,299,4,6,2,0,4,0,100,14
2019,1.0,2019-03-24,Sam,Taylor,Greater Western Sydney,CHB,2,171,10,6,1,0,7,0,94,16
2019,1.0,2019-03-24,Brent,Daniels,Greater Western Sydney,HFFR,6,288,2,17,3,0,6,3,65,11
2019,1.0,2019-03-24,David,Mundy,Fremantle,R,6,441,0,14,3,2,7,0,65,13
2019,1.0,2019-03-24,Shaun,Higgins,North Melbourne,C,3,410,4,23,6,2,5,1,62,16
2019,1.0,2019-03-24,Todd,Goldstein,North Melbourne,RK,2,155,2,14,3,1,3,1,83,10
2019,1.0,2019-03-24,Jack,Ziebell,North Melbourne,FPL,6,290,0,11,4,0,3,2,67,8
2019,1.0,2019-03-24,Michael,Walters,Fremantle,HFFR,10,282,2,22,1,2,9,0,74,14
2019,1.0,2019-03-24,Hayden,Ballantyne,Fremantle,FPL,3,116,1,3,1,0,1,0,67,4
2019,1.0,2019-03-24,Travis,Colyer,Fremantle,INT,5,252,4,12,6,1,10,0,55,11
2019,1.0,2019-03-24,Ben,Cunnington,North Melbourne,RR,7,195,4,13,2,3,12,1,73,19
2019,1.0,2019-03-24,Nat,Fyfe,Fremantle,C,13,358,8,18,2,5,13,1,78,25
2019,1.0,2019-03-24,Robbie,Tarrant,North Melbourne,FB,2,211,5,12,2,0,4,0,88,14
2019,1.0,2019-03-24,Jamie,Macmillan,North Melbourne,CHB,2,574,13,13,12,0,10,0,68,25
2019,1.0,2019-03-24,Reece,Conca,Fremantle,HBFL,2,284,1,12,4,0,3,0,79,15
2019,1.0,2019-03-24,Jasper,Pittard,North Melbourne,HBFR,0,205,7,10,3,0,1,0,84,16
2019,1.0,2019-03-24,Shaun,Atley,North Melbourne,INT,4,385,3,14,2,1,3,0,86,18
2019,1.0,2019-03-24,Jared,Polec,North Melbourne,HBFL,4,411,7,7,5,0,6,0,78,21
2019,1.0,2019-03-24,Dom,Tyson,North Melbourne,INT,2,182,2,16,2,1,6,1,86,19
2019,1.0,2019-03-24,Nathan,Wilson,Fremantle,CHB,1,284,2,6,4,0,3,0,92,11
2019,1.0,2019-03-24,Aaron,Hall,North Melbourne,HFFL,3,367,3,24,4,1,3,0,58,11
2019,1.0,2019-03-24,Bradley,Hill,Fremantle,WR,13,488,4,24,5,1,10,1,64,18
2019,1.0,2019-03-24,Marley,Williams,North Melbourne,BPL,0,312,5,15,8,1,4,0,70,14
2019,1.0,2019-03-24,Matt,Taberner,Fremantle,INT,6,322,2,10,7,0,2,1,72,13
2019,1.0,2019-03-24,Luke,McDonald,North Melbourne,WR,2,403,6,18,5,0,4,0,65,13
2019,1.0,2019-03-24,Rory,Lobb,Fremantle,FPR,6,254,2,19,2,1,5,0,64,7
2019,1.0,2019-03-24,Ben,Brown,North Melbourne,FF,4,239,0,6,5,0,5,1,46,5
2019,1.0,2019-03-24,Kayne,Turner,North Melbourne,FPR,4,296,1,9,3,0,3,0,64,9
2019,1.0,2019-03-24,Mason,Wood,North Melbourne,CHF,1,62,0,5,5,0,2,0,75,6
2019,1.0,2019-03-24,Cam,McCarthy,Fremantle,CHF,10,492,1,21,3,0,5,2,70,14
2019,1.0,2019-03-24,Trent,Dumont,North Melbourne,WL,1,105,4,30,6,1,10,0,55,12
2019,1.0,2019-03-24,Alex,Pearce,Fremantle,FB,1,232,12,9,4,0,6,0,70,7
2019,1.0,2019-03-24,Joel,Hamling,Fremantle,BPL,2,193,5,6,0,0,3,0,100,8
2019,1.0,2019-03-24,Ed,Langdon,Fremantle,WL,4,542,6,10,8,1,6,0,80,20
2019,1.0,2019-03-24,Ethan,Hughes,Fremantle,INT,5,243,6,17,3,0,3,0,79,11
2019,1.0,2019-03-24,Darcy,Tucker,Fremantle,HBFR,7,536,6,21,4,2,8,1,79,19
2019,1.0,2019-03-24,Jy,Simpkin,North Melbourne,R,2,309,1,19,4,1,4,1,75,9
2019,1.0,2019-03-24,Ed,Vickers-Willis,North Melbourne,INT,0,-4,0,2,0,0,0,0,100,1
2019,1.0,2019-03-24,Luke,Ryan,Fremantle,BPR,5,485,10,6,3,0,5,0,80,12
2019,1.0,2019-03-24,Sean,Darcy,Fremantle,RK,5,192,1,9,2,4,4,0,70,7
2019,1.0,2019-03-24,Ben,McKay,North Melbourne,BPR,0,96,3,10,2,0,1,0,89,8
2019,1.0,2019-03-24,Bailey,Banfield,Fremantle,RR,7,311,3,19,3,0,4,1,75,15
2019,1.0,2019-03-24,Andrew,Brayshaw,Fremantle,INT,7,184,6,19,5,0,11,0,65,13
2019,1.0,2019-03-24,Luke,Davies-Uniacke,North Melbourne,INT,5,129,2,24,3,1,6,2,80,12
2019,1.0,2019-03-24,Adam,Cerra,Fremantle,HFFL,4,141,4,14,2,0,4,0,77,10
2019,1.0,2019-03-24,Lachie,Schultz,Fremantle,FF,7,210,0,18,3,0,4,0,59,10
2019,1.0,2019-03-24,Bailey,Scott,North Melbourne,HFFR,2,313,2,23,1,0,4,0,91,19
2019,2.0,2019-03-28,Scott,Pendlebury,Collingwood,C,11,536,1,16,2,5,8,2,84,26
2019,2.0,2019-03-28,Travis,Varcoe,Collingwood,INT,1,94,0,10,0,0,2,2,100,5
2019,2.0,2019-03-28,Shane,Edwards,Richmond,WL,7,322,2,16,5,4,7,0,80,16
2019,2.0,2019-03-28,Jack,Riewoldt,Richmond,FPL,2,269,0,3,4,2,2,0,73,8
2019,2.0,2019-03-28,Chris,Mayne,Collingwood,WL,8,253,6,16,1,0,5,0,91,30
2019,2.0,2019-03-28,Trent,Cotchin,Richmond,C,6,476,1,12,3,3,8,0,46,10
2019,2.0,2019-03-28,Dayne,Beams,Collingwood,RR,7,261,2,10,4,3,3,0,81,29
2019,2.0,2019-03-28,Levi,Greenwood,Collingwood,R,3,252,3,21,5,1,4,0,85,17
2019,2.0,2019-03-28,Steele,Sidebottom,Collingwood,WR,6,286,2,14,3,2,1,0,81,17
2019,2.0,2019-03-28,Dustin,Martin,Richmond,FF,5,196,2,10,3,1,6,0,67,12
2019,2.0,2019-03-28,David,Astbury,Richmond,FB,2,224,4,6,3,0,1,0,89,8
2019,2.0,2019-03-28,Jordan,Roughead,Collingwood,FB,4,189,5,6,1,0,4,0,95,19
2019,2.0,2019-03-28,Dylan,Grimes,Richmond,BPR,3,216,9,8,2,0,2,0,91,10
2019,2.0,2019-03-28,Dion,Prestia,Richmond,RR,3,263,1,20,3,0,3,2,77,13
2019,2.0,2019-03-28,Maverick,Weller,Richmond,INT,1,275,1,16,6,0,6,0,69,11
2019,2.0,2019-03-28,Tom,Lynch,Richmond,FPR,6,232,0,4,5,0,1,0,60,6
2019,2.0,2019-03-28,Jeremy,Howe,Collingwood,BPR,6,335,5,7,3,0,1,0,84,16
2019,2.0,2019-03-28,Brandon,Ellis,Richmond,INT,4,285,9,7,4,1,8,0,79,19
2019,2.0,2019-03-28,Adam,Treloar,Collingwood,INT,5,196,4,14,2,2,8,1,82,32
2019,2.0,2019-03-28,Jack,Crisp,Collingwood,HBFL,8,532,8,23,6,0,5,0,78,25
2019,2.0,2019-03-28,Jamie,Elliott,Collingwood,FPL,9,169,0,6,0,0,0,1,80,8
2019,2.0,2019-03-28,Josh,Thomas,Collingwood,HFFL,7,242,2,13,5,0,5,0,69,11
2019,2.0,2019-03-28,Nick,Vlastuin,Richmond,HBFL,2,239,9,8,2,0,4,0,80,12
2019,2.0,2019-03-28,Brodie,Grundy,Collingwood,RK,4,149,3,13,2,2,4,1,91,21
2019,2.0,2019-03-28,Tom,Langdon,Collingwood,INT,4,258,8,7,1,0,4,0,79,15
2019,2.0,2019-03-28,James,Aish,Collingwood,HFFR,8,219,4,5,4,0,4,1,65,15
2019,2.0,2019-03-28,Kamdyn,McIntosh,Richmond,WR,2,217,2,13,2,0,2,1,73,8
2019,2.0,2019-03-28,Jordan,De Goey,Collingwood,FPR,9,241,0,2,3,0,1,0,60,9
2019,2.0,2019-03-28,Kane,Lambert,Richmond,R,4,214,4,13,4,0,3,1,64,9
2019,2.0,2019-03-28,Toby,Nankervis,Richmond,RK,2,182,4,20,2,2,6,0,67,10
2019,2.0,2019-03-28,Brayden,Maynard,Collingwood,BPL,6,263,2,9,4,0,3,0,77,13
2019,2.0,2019-03-28,Darcy,Moore,Collingwood,CHB,3,132,7,10,2,0,3,0,93,14
2019,2.0,2019-03-28,Daniel,Rioli,Richmond,HFFL,3,243,1,10,3,0,4,0,75,9
2019,2.0,2019-03-28,Jayden,Short,Richmond,HBFR,5,447,3,10,2,0,3,0,88,14
2019,2.0,2019-03-28,Mason,Cox,Collingwood,CHF,8,199,2,8,3,0,3,0,64,7
2019,2.0,2019-03-28,Jason,Castagna,Richmond,INT,4,215,1,17,3,0,3,0,50,6
2019,2.0,2019-03-28,Tom,Phillips,Collingwood,HBFR,8,417,2,17,5,0,3,3,80,20
2019,2.0,2019-03-28,Nathan,Broad,Richmond,BPL,1,92,6,12,2,0,2,0,63,5
2019,2.0,2019-03-28,Oleg,Markov,Richmond,CHB,2,177,1,6,2,0,2,1,50,4
2019,2.0,2019-03-28,Dan,Butler,Richmond,CHF,1,172,1,18,4,0,2,0,63,5
2019,2.0,2019-03-28,Jack,Graham,Richmond,HFFR,3,79,0,41,3,0,5,0,63,10
2019,2.0,2019-03-28,Jaidyn,Stephenson,Collingwood,INT,10,210,2,11,2,0,4,1,88,15
2019,2.0,2019-03-28,Jack,Higgins,Richmond,INT,3,188,0,12,3,0,1,1,67,6
2019,2.0,2019-03-28,Brody,Mihocek,Collingwood,FF,9,427,2,8,3,0,3,1,70,14
2019,2.0,2019-03-29,Jarrad,McVeigh,Sydney,HBFR,7,414,5,14,4,0,5,0,88,22
2019,2.0,2019-03-29,Eddie,Betts,Adelaide,FPR,3,122,1,23,6,0,4,0,33,3
2019,2.0,2019-03-29,Lance,Franklin,Sydney,CHF,6,368,1,7,6,0,6,1,50,8
2019,2.0,2019-03-29,Bryce,Gibbs,Adelaide,INT,7,402,2,8,5,1,4,0,83,19
2019,2.0,2019-03-29,David,Mackay,Adelaide,INT,5,321,4,15,2,0,7,0,71,12
2019,2.0,2019-03-29,Josh P.,Kennedy,Sydney,R,13,522,2,15,5,1,15,0,67,24
2019,2.0,2019-03-29,Sam,Jacobs,Adelaide,RK,7,63,0,7,1,0,2,0,43,3
2019,2.0,2019-03-29,Taylor,Walker,Adelaide,CHF,6,328,1,6,2,0,7,2,56,9
2019,2.0,2019-03-29,Rory,Sloane,Adelaide,RR,6,400,4,28,3,2,4,0,65,15
2019,2.0,2019-03-29,Tom,Lynch,Adelaide,FPL,7,199,1,11,1,0,7,0,78,14
2019,2.0,2019-03-29,Sam,Reid,Sydney,FF,4,44,1,12,2,0,3,5,67,6
2019,2.0,2019-03-29,Brodie,Smith,Adelaide,HBFL,2,497,3,21,2,0,2,0,74,17
2019,2.0,2019-03-29,Luke,Parker,Sydney,FPL,5,295,3,21,3,0,11,3,62,16
2019,2.0,2019-03-29,Daniel,Talia,Adelaide,BPL,2,155,4,10,4,1,2,0,67,8
2019,2.0,2019-03-29,Harry,Cunningham,Sydney,WL,6,344,3,16,5,1,2,0,80,16
2019,2.0,2019-03-29,Paul,Seedsman,Adelaide,HBFR,4,515,1,12,2,0,3,0,82,14
2019,2.0,2019-03-29,Josh,Jenkins,Adelaide,FF,5,313,4,12,0,0,2,1,73,11
2019,2.0,2019-03-29,Dane,Rampe,Sydney,BPR,2,183,6,15,3,0,2,0,71,12
2019,2.0,2019-03-29,Brad,Crouch,Adelaide,R,7,352,1,19,4,2,9,1,58,15
2019,2.0,2019-03-29,Callum,Sinclair,Sydney,RK,2,124,5,8,1,0,6,0,69,9
2019,2.0,2019-03-29,Rory,Laird,Adelaide,CHB,3,298,5,10,1,0,3,1,86,18
2019,2.0,2019-03-29,Kyle,Hartigan,Adelaide,BPR,2,66,4,8,2,0,3,0,75,9
2019,2.0,2019-03-29,Matt,Crouch,Adelaide,C,4,196,2,27,2,2,6,2,75,18
2019,2.0,2019-03-29,Jake,Lloyd,Sydney,HBFL,8,516,2,6,2,0,2,0,88,30
2019,2.0,2019-03-29,Zak,Jones,Sydney,WR,3,507,3,15,5,2,7,1,68,15
2019,2.0,2019-03-29,Isaac,Heeney,Sydney,RR,5,177,3,13,0,0,9,1,87,13
2019,2.0,2019-03-29,Jake,Kelly,Adelaide,INT,2,109,5,12,0,0,3,0,94,15
2019,2.0,2019-03-29,Riley,Knight,Adelaide,WR,6,124,0,16,1,0,3,2,75,9
2019,2.0,2019-03-29,Rory,Atkins,Adelaide,HFFR,7,350,3,14,3,0,5,0,76,16
2019,2.0,2019-03-29,Wayne,Milera,Adelaide,WL,6,165,6,7,3,1,4,0,81,17
2019,2.0,2019-03-29,George,Hewett,Sydney,C,4,103,2,15,2,0,6,0,81,13
2019,2.0,2019-03-29,Callum,Mills,Sydney,CHB,4,146,1,8,2,0,1,0,88,14
2019,2.0,2019-03-29,Tom,Papley,Sydney,HFFR,6,288,1,19,3,5,7,0,47,8
2019,2.0,2019-03-29,Aliir,Aliir,Sydney,BPL,2,242,7,6,0,0,2,0,94,16
2019,2.0,2019-03-29,Ryan,Clarke,Sydney,INT,0,154,1,14,2,0,2,0,67,6
2019,2.0,2019-03-29,Oliver,Florent,Sydney,INT,7,356,0,9,4,2,3,0,77,13
2019,2.0,2019-03-29,Will,Hayward,Sydney,FPR,6,138,1,15,1,0,7,1,43,6
2019,2.0,2019-03-29,Lewis,Melican,Sydney,FB,2,136,5,8,2,0,3,0,69,9
2019,2.0,2019-03-29,Alex,Keath,Adelaide,FB,2,197,3,10,3,0,3,0,60,9
2019,2.0,2019-03-29,Lachlan,Murphy,Adelaide,HFFL,6,226,3,24,5,2,6,1,71,12
2019,2.0,2019-03-29,Ben,Ronke,Sydney,HFFL,3,134,0,28,3,0,3,1,57,4
2019,2.0,2019-03-29,Colin,O'Riordan,Sydney,INT,2,201,3,7,2,0,2,0,67,10
2019,2.0,2019-03-29,Chayce,Jones,Adelaide,INT,8,397,2,19,3,1,4,0,42,5
2019,2.0,2019-03-29,Nick,Blakey,Sydney,INT,4,54,0,8,2,0,2,0,100,7
2019,2.0,2019-03-30,Kade,Simpson,Carlton,BPL,4,352,4,9,2,0,7,0,68,13
2019,2.0,2019-03-30,Paddy,Ryder,Port Adelaide,INT,6,142,0,8,2,1,1,0,63,5
2019,2.0,2019-03-30,Marc,Murphy,Carlton,WL,5,327,5,16,5,0,6,0,58,15
2019,2.0,2019-03-30,Dale,Thomas,Carlton,BPR,1,440,9,15,8,0,4,0,69,11
2019,2.0,2019-03-30,Robbie,Gray,Port Adelaide,FPL,7,209,3,12,4,3,9,0,70,19
2019,2.0,2019-03-30,Justin,Westhoff,Port Adelaide,WR,4,238,3,11,5,0,0,1,43,6
2019,2.0,2019-03-30,Travis,Boak,Port Adelaide,HFFL,11,537,3,29,6,1,9,2,70,23
2019,2.0,2019-03-30,Brad,Ebert,Port Adelaide,HFFR,6,511,1,17,5,0,1,1,65,15
2019,2.0,2019-03-30,Jack,Watts,Port Adelaide,CHF,2,339,5,8,7,0,3,0,74,14
2019,2.0,2019-03-30,Tom,Rockliff,Port Adelaide,C,7,495,4,17,4,5,11,0,70,26
2019,2.0,2019-03-30,Steven,Motlop,Port Adelaide,WL,9,210,0,14,7,0,5,3,64,14
2019,2.0,2019-03-30,Liam,Jones,Carlton,FB,1,239,5,10,2,0,2,0,44,4
2019,2.0,2019-03-30,Ed,Curnow,Carlton,HFFL,3,240,0,9,6,0,2,0,64,7
2019,2.0,2019-03-30,Alex,Fasolo,Carlton,INT,3,194,1,13,3,0,2,3,56,5
2019,2.0,2019-03-30,Scott,Lycett,Port Adelaide,RK,6,263,4,17,3,3,7,0,74,17
2019,2.0,2019-03-30,Tom,Jonas,Port Adelaide,CHB,1,172,9,9,4,0,7,0,77,13
2019,2.0,2019-03-30,Andrew,Phillips,Carlton,RK,3,155,3,17,2,3,1,0,60,9
2019,2.0,2019-03-30,Lachie,Plowman,Carlton,CHB,3,207,10,16,5,0,8,0,56,9
2019,2.0,2019-03-30,Tom,Clurey,Port Adelaide,FB,2,88,9,8,1,0,3,0,85,11
2019,2.0,2019-03-30,Patrick,Cripps,Carlton,C,4,376,4,29,7,5,14,1,65,20
2019,2.0,2019-03-30,Jarrod,Garlett,Carlton,INT,4,118,7,9,4,0,5,0,62,8
2019,2.0,2019-03-30,Karl,Amon,Port Adelaide,RR,1,13,1,2,1,0,0,0,100,1
2019,2.0,2019-03-30,Jacob,Weitering,Carlton,HBFL,2,203,8,8,2,0,3,0,64,7
2019,2.0,2019-03-30,Mitch,McGovern,Carlton,CHF,6,150,2,12,0,0,1,1,89,8
2019,2.0,2019-03-30,Charlie,Curnow,Carlton,FPR,2,51,0,1,1,0,0,0,33,1
2019,2.0,2019-03-30,Darcy,Byrne-Jones,Port Adelaide,INT,4,457,7,15,4,1,7,0,56,15
2019,2.0,2019-03-30,Ryan,Burton,Port Adelaide,HBFL,2,371,8,10,3,0,6,0,67,14
2019,2.0,2019-03-30,Riley,Bonner,Port Adelaide,BPL,3,499,6,8,4,0,6,0,52,11
2019,2.0,2019-03-30,Sam,Petrevski-Seton,Carlton,RR,4,332,8,12,2,1,8,0,81,17
2019,2.0,2019-03-30,Dan,Houston,Port Adelaide,BPR,3,286,8,12,7,0,4,0,67,14
2019,2.0,2019-03-30,Sam,Powell-Pepper,Port Adelaide,INT,4,175,4,23,2,0,9,2,76,16
2019,2.0,2019-03-30,Nic,Newman,Carlton,HBFR,3,510,6,15,3,0,4,0,70,14
2019,2.0,2019-03-30,Zac,Fisher,Carlton,WR,2,258,4,24,6,0,11,1,50,9
2019,2.0,2019-03-30,Cameron,Polson,Carlton,INT,7,240,2,17,6,0,5,0,54,7
2019,2.0,2019-03-30,Will,Setterfield,Carlton,R,4,142,2,31,2,1,3,1,83,10
2019,2.0,2019-03-30,Harry,McKay,Carlton,FF,5,251,1,10,3,0,1,1,64,7
2019,2.0,2019-03-30,Todd,Marshall,Port Adelaide,FF,1,110,0,15,2,0,2,3,57,4
2019,2.0,2019-03-30,Paddy,Dow,Carlton,INT,5,317,4,22,4,1,6,0,61,14
2019,2.0,2019-03-30,Michael,Gibbons,Carlton,FPL,6,378,1,33,7,0,7,2,44,7
2019,2.0,2019-03-30,Sam,Walsh,Carlton,HFFR,3,455,6,19,8,0,11,0,52,13
2019,2.0,2019-03-30,Zak,Butters,Port Adelaide,FPR,9,264,6,10,4,0,9,1,59,13
2019,2.0,2019-03-30,Willem,Drew,Port Adelaide,R,4,404,3,27,3,1,6,2,46,11
2019,2.0,2019-03-30,Xavier,Duursma,Port Adelaide,HBFR,4,408,2,15,6,1,4,0,74,17
2019,2.0,2019-03-30,Connor,Rozee,Port Adelaide,INT,8,212,2,24,5,0,3,2,88,14
2019,2.0,2019-03-30,Nathan,Brown,St Kilda,FB,1,165,4,4,2,0,1,0,86,6
2019,2.0,2019-03-30,Jarryn,Geary,St Kilda,WL,4,286,5,16,5,1,3,0,70,14
2019,2.0,2019-03-30,David,Myers,Essendon,C,5,321,0,13,3,1,5,0,50,10
2019,2.0,2019-03-30,Tom,Bellchambers,Essendon,RK,7,98,5,4,4,0,2,0,80,8
2019,2.0,2019-03-30,Michael,Hurley,Essendon,CHB,2,450,8,9,4,0,3,0,83,19
2019,2.0,2019-03-30,David,Zaharakis,Essendon,WL,3,124,2,15,3,0,4,1,56,10
2019,2.0,2019-03-30,Shaun,McKernan,Essendon,FF,6,88,1,4,2,0,5,1,58,7
2019,2.0,2019-03-30,Jack,Steven,St Kilda,INT,5,316,3,21,4,1,6,2,68,13
2019,2.0,2019-03-30,Shane,Savage,St Kilda,BPR,1,409,8,4,1,0,4,0,81,13
2019,2.0,2019-03-30,Dyson,Heppell,Essendon,WR,9,328,5,17,5,2,8,0,57,13
2019,2.0,2019-03-30,Mitch,Brown,Essendon,HBFL,4,318,4,5,4,0,2,2,69,9
2019,2.0,2019-03-30,Dylan,Shiel,Essendon,INT,5,350,4,20,4,1,7,0,78,21
2019,2.0,2019-03-30,Devon,Smith,Essendon,R,2,361,3,29,6,0,6,2,58,11
2019,2.0,2019-03-30,Jack,Newnes,St Kilda,HBFL,6,353,3,14,5,0,11,1,56,14
2019,2.0,2019-03-30,Josh,Bruce,St Kilda,CHF,7,165,3,16,2,1,7,1,60,9
2019,2.0,2019-03-30,Mark,Baguley,Essendon,HFFR,3,87,0,9,0,0,2,1,86,6
2019,2.0,2019-03-30,Sebastian,Ross,St Kilda,R,5,403,3,22,4,0,3,0,74,17
2019,2.0,2019-03-30,Jake,Stringer,Essendon,CHF,7,374,3,13,4,1,7,0,50,8
2019,2.0,2019-03-30,Dean,Kent,St Kilda,HFFL,8,157,3,10,3,0,7,0,53,8
2019,2.0,2019-03-30,Jimmy,Webster,St Kilda,BPL,3,396,7,8,6,0,5,0,76,16
2019,2.0,2019-03-30,Patrick,Ambrose,Essendon,FB,1,83,4,7,1,0,2,0,80,8
2019,2.0,2019-03-30,Zach,Merrett,Essendon,FPL,5,546,4,23,4,0,6,0,75,21
2019,2.0,2019-03-30,Jack,Billings,St Kilda,WR,6,426,4,9,7,0,6,0,68,19
2019,2.0,2019-03-30,Luke,Dunstan,St Kilda,INT,5,193,2,16,1,2,4,0,88,14
2019,2.0,2019-03-30,Blake,Acres,St Kilda,INT,4,147,2,11,3,0,3,0,75,9
2019,2.0,2019-03-30,Tim,Membrey,St Kilda,FF,5,107,1,6,2,0,2,0,67,6
2019,2.0,2019-03-30,Orazio,Fantasia,Essendon,HFFL,7,235,2,16,5,0,4,1,46,6
2019,2.0,2019-03-30,Adam,Saad,Essendon,BPL,3,250,9,12,3,0,7,0,90,17
2019,2.0,2019-03-30,Jack,Lonie,St Kilda,FPL,3,298,4,14,3,1,2,0,67,8
2019,2.0,2019-03-30,Jack,Sinclair,St Kilda,C,8,283,4,22,1,0,7,2,85,11
2019,2.0,2019-03-30,Daniel,McKenzie,St Kilda,HBFR,0,87,4,8,3,0,1,0,57,4
2019,2.0,2019-03-30,Kyle,Langford,Essendon,INT,0,160,1,14,4,1,1,0,67,10
2019,2.0,2019-03-30,Jack,Steele,St Kilda,RR,5,376,4,23,5,0,8,0,70,16
2019,2.0,2019-03-30,Conor,McKenna,Essendon,BPR,0,297,3,9,3,0,2,0,77,13
2019,2.0,2019-03-30,Anthony,McDonald-Tipungwuti,Essendon,FPR,1,129,0,26,2,1,0,4,29,2
2019,2.0,2019-03-30,Darcy,Parish,Essendon,INT,4,202,1,14,2,1,7,1,71,12
2019,2.0,2019-03-30,Jade,Gresham,St Kilda,FPR,7,505,4,8,7,2,10,0,64,16
2019,2.0,2019-03-30,Aaron,Francis,Essendon,HBFR,0,251,5,5,3,0,2,0,62,8
2019,2.0,2019-03-30,Andrew,McGrath,Essendon,RR,4,107,6,5,3,0,5,0,85,17
2019,2.0,2019-03-30,Josh,Battle,St Kilda,CHB,1,160,2,7,3,0,2,0,86,6
2019,2.0,2019-03-30,Rowan,Marshall,St Kilda,RK,2,199,3,13,3,2,7,0,93,13
2019,2.0,2019-03-30,Matt,Guelfi,Essendon,INT,1,234,3,11,7,0,4,0,57,8
2019,2.0,2019-03-30,Matthew,Parker,St Kilda,HFFR,5,168,0,14,1,0,3,0,91,10
2019,2.0,2019-03-30,Callum,Wilkie,St Kilda,INT,1,131,5,11,2,0,1,0,78,7
2019,2.0,2019-03-30,Gary,Ablett,Geelong,FPL,8,325,3,15,4,0,11,0,48,12
2019,2.0,2019-03-30,Nathan,Jones,Melbourne,HBFR,2,261,3,7,3,2,7,0,68,15
2019,2.0,2019-03-30,Joel,Selwood,Geelong,WL,5,412,7,21,6,1,4,0,67,12
2019,2.0,2019-03-30,Tom,Hawkins,Geelong,FF,11,199,1,11,2,0,2,0,63,10
2019,2.0,2019-03-30,Harry,Taylor,Geelong,CHB,3,234,8,4,1,0,5,0,71,10
2019,2.0,2019-03-30,Patrick,Dangerfield,Geelong,C,10,621,8,18,4,3,19,0,70,26
2019,2.0,2019-03-30,Neville,Jetta,Melbourne,BPR,1,65,5,17,2,0,3,0,88,7
2019,2.0,2019-03-30,Mitch,Duncan,Geelong,HBFR,5,471,4,21,6,0,7,0,62,16
2019,2.0,2019-03-30,Jake,Melksham,Melbourne,FPL,3,183,0,19,3,1,5,1,64,9
2019,2.0,2019-03-30,Gary,Rohan,Geelong,FPR,6,237,3,10,2,0,4,1,78,7
2019,2.0,2019-03-30,Rhys,Stanley,Geelong,RK,2,208,1,13,4,2,5,0,71,10
2019,2.0,2019-03-30,Michael,Hibberd,Melbourne,INT,1,341,4,13,5,0,3,0,86,12
2019,2.0,2019-03-30,Steven,May,Melbourne,CHB,0,193,3,4,3,0,1,0,50,3
2019,2.0,2019-03-30,Max,Gawn,Melbourne,RK,4,278,2,15,3,4,7,0,62,8
2019,2.0,2019-03-30,Luke,Dahlhaus,Geelong,HFFL,6,208,0,26,4,0,6,3,52,11
2019,2.0,2019-03-30,Tom,McDonald,Melbourne,CHF,5,177,2,12,4,0,4,1,56,9
2019,2.0,2019-03-30,Sam,Frost,Melbourne,BPL,1,113,4,15,2,0,3,0,86,6
2019,2.0,2019-03-30,Jack,Viney,Melbourne,R,3,377,4,20,6,3,11,0,74,20
2019,2.0,2019-03-30,Mark,Blicavs,Geelong,FB,5,164,8,18,3,0,6,0,69,9
2019,2.0,2019-03-30,Kade,Kolodjashnij,Melbourne,WL,0,175,1,23,2,0,1,1,80,4
2019,2.0,2019-03-30,Christian,Salem,Melbourne,WR,2,362,7,24,7,0,12,0,52,12
2019,2.0,2019-03-30,Angus,Brayshaw,Melbourne,INT,2,565,7,27,9,1,14,2,58,19
2019,2.0,2019-03-30,Alex,Neal-Bullen,Melbourne,HFFL,2,151,0,24,3,0,3,2,44,4
2019,2.0,2019-03-30,Jake,Kolodjashnij,Geelong,HBFL,2,295,5,9,2,0,2,0,59,10
2019,2.0,2019-03-30,James,Harmes,Melbourne,RR,3,329,3,23,5,3,14,2,48,11
2019,2.0,2019-03-30,Oscar,McDonald,Melbourne,FB,0,115,8,11,1,0,5,0,63,5
2019,2.0,2019-03-30,Clayton,Oliver,Melbourne,C,5,444,6,20,6,4,20,2,71,31
2019,2.0,2019-03-30,Jayden,Hunt,Melbourne,HBFL,1,148,7,20,2,0,5,0,78,7
2019,2.0,2019-03-30,Christian,Petracca,Melbourne,FPR,3,252,0,21,7,0,9,3,81,13
2019,2.0,2019-03-30,Sam,Menegola,Geelong,INT,9,339,3,22,3,0,8,0,57,12
2019,2.0,2019-03-30,Sam,Weideman,Melbourne,FF,4,145,0,10,1,0,5,1,83,10
2019,2.0,2019-03-30,Brandan,Parfitt,Geelong,HFFR,4,177,3,21,1,0,8,3,74,14
2019,2.0,2019-03-30,Tom,Stewart,Geelong,BPR,4,762,6,12,7,0,5,0,78,21
2019,2.0,2019-03-30,Mark,O'Connor,Geelong,BPL,3,87,5,17,0,0,4,0,91,10
2019,2.0,2019-03-30,Bayley,Fritsch,Melbourne,INT,6,210,4,16,3,0,2,1,69,11
2019,2.0,2019-03-30,Tim,Kelly,Geelong,RR,8,419,2,27,6,3,14,0,67,20
2019,2.0,2019-03-30,Esava,Ratugolea,Geelong,CHF,4,111,1,12,2,0,1,1,67,4
2019,2.0,2019-03-30,Jack,Henry,Geelong,INT,0,99,3,6,1,0,1,0,60,3
2019,2.0,2019-03-30,Tom,Atkins,Geelong,R,1,90,3,29,3,0,8,3,67,8
2019,2.0,2019-03-30,Jordan,Clark,Geelong,WR,5,285,7,13,1,0,1,0,73,11
2019,2.0,2019-03-30,Charlie,Constable,Geelong,INT,5,361,1,16,5,0,13,0,58,18
2019,2.0,2019-03-30,Gryan,Miers,Geelong,INT,10,219,4,9,3,0,11,0,65,13
2019,2.0,2019-03-30,Tom,Sparrow,Melbourne,HFFR,3,185,1,18,5,0,4,2,25,2
2019,2.0,2019-03-30,Jay,Lockhart,Melbourne,INT,1,138,0,9,3,0,1,0,50,3
2019,2.0,2019-03-30,Brett,Deledio,Greater Western Sydney,INT,5,190,0,6,2,0,2,0,93,13
2019,2.0,2019-03-30,Heath,Shaw,Greater Western Sydney,BPL,3,399,2,10,3,0,0,0,93,14
2019,2.0,2019-03-30,Shannon,Hurn,West Coast,BPL,6,340,8,6,2,0,3,0,90,18
2019,2.0,2019-03-30,Josh J.,Kennedy,West Coast,FF,7,268,1,6,4,0,1,0,55,6
2019,2.0,2019-03-30,Chris,Masten,West Coast,WL,5,424,1,13,5,0,3,0,76,16
2019,2.0,2019-03-30,Sam J.,Reid,Greater Western Sydney,INT,3,324,3,11,3,0,4,2,86,12
2019,2.0,2019-03-30,Matt,de Boer,Greater Western Sydney,R,2,107,2,9,1,3,4,0,85,17
2019,2.0,2019-03-30,Jack,Redden,West Coast,INT,2,250,1,14,2,2,3,0,79,15
2019,2.0,2019-03-30,Lewis,Jetta,West Coast,HBFR,5,304,4,8,3,0,3,0,75,12
2019,2.0,2019-03-30,Luke,Shuey,West Coast,R,6,429,3,15,7,4,4,1,71,20
2019,2.0,2019-03-30,Dawson,Simpson,Greater Western Sydney,RK,4,64,1,10,3,1,2,0,75,6
2019,2.0,2019-03-30,Phil,Davis,Greater Western Sydney,FB,1,98,6,2,2,0,0,0,86,6
2019,2.0,2019-03-30,Brad,Sheppard,West Coast,HBFL,4,380,4,9,7,0,4,0,80,16
2019,2.0,2019-03-30,Jack,Darling,West Coast,CHF,8,184,2,7,4,0,4,2,75,9
2019,2.0,2019-03-30,Nathan,Vardy,West Coast,RK,7,112,2,3,0,1,4,0,100,9
2019,2.0,2019-03-30,Lachlan,Keeffe,Greater Western Sydney,FPR,1,28,4,10,2,0,3,1,80,8
2019,2.0,2019-03-30,Tom,Hickey,West Coast,INT,4,194,5,7,2,0,4,0,72,13
2019,2.0,2019-03-30,Jeremy,Cameron,Greater Western Sydney,CHF,6,241,1,8,4,0,1,0,58,7
2019,2.0,2019-03-30,Stephen,Coniglio,Greater Western Sydney,RR,3,287,1,9,4,1,7,0,60,12
2019,2.0,2019-03-30,Adam,Kennedy,Greater Western Sydney,INT,4,459,4,7,3,0,3,0,87,20
2019,2.0,2019-03-30,Adam,Tomlinson,Greater Western Sydney,WL,3,325,3,11,4,1,3,0,84,16
2019,2.0,2019-03-30,Matt,Buntine,Greater Western Sydney,HBFR,4,110,7,8,4,0,3,0,81,13
2019,2.0,2019-03-30,Elliot,Yeo,West Coast,C,7,275,2,14,5,3,7,0,61,14
2019,2.0,2019-03-30,Nick,Haynes,Greater Western Sydney,HFFR,3,436,2,3,2,0,2,0,69,11
2019,2.0,2019-03-30,Lachie,Whitfield,Greater Western Sydney,WR,5,674,2,8,6,1,2,0,85,28
2019,2.0,2019-03-30,Zac,Williams,Greater Western Sydney,HBFL,8,248,5,14,3,0,4,0,84,21
2019,2.0,2019-03-30,Mark,Hutchings,West Coast,HFFL,3,360,2,15,1,1,4,0,80,12
2019,2.0,2019-03-30,Dom,Sheed,West Coast,RR,8,434,1,11,4,2,5,0,75,21
2019,2.0,2019-03-30,Jeremy,McGovern,West Coast,CHB,5,287,10,6,0,0,4,0,100,18
2019,2.0,2019-03-30,Liam,Duggan,West Coast,WR,5,313,3,11,1,0,1,0,95,20
2019,2.0,2019-03-30,Tom,Barrass,West Coast,FB,3,220,8,5,2,0,3,0,82,14
2019,2.0,2019-03-30,Josh,Smith,West Coast,BPR,4,87,1,11,0,0,2,0,85,11
2019,2.0,2019-03-30,Jacob,Hopper,Greater Western Sydney,INT,4,394,2,15,5,2,8,0,71,15
2019,2.0,2019-03-30,Tom,Cole,West Coast,INT,5,178,4,19,0,0,1,0,94,17
2019,2.0,2019-03-30,Harry,Himmelberg,Greater Western Sydney,FF,5,229,0,6,3,1,6,0,53,8
2019,2.0,2019-03-30,Tim,Taranto,Greater Western Sydney,C,3,378,2,16,5,1,7,0,63,12
2019,2.0,2019-03-30,Daniel,Lloyd,Greater Western Sydney,HFFL,3,22,0,8,3,0,5,0,60,6
2019,2.0,2019-03-30,Jeremy,Finlayson,Greater Western Sydney,CHB,3,409,5,2,2,0,2,0,90,17
2019,2.0,2019-03-30,Liam,Ryan,West Coast,FPL,1,186,0,11,3,0,2,0,50,5
2019,2.0,2019-03-30,Daniel,Venables,West Coast,INT,7,115,1,15,3,0,3,0,62,8
2019,2.0,2019-03-30,Jack,Petruccelle,West Coast,HFFR,4,322,1,18,2,0,1,0,77,10
2019,2.0,2019-03-30,Sam,Taylor,Greater Western Sydney,BPR,1,49,4,2,0,0,2,0,80,4
2019,2.0,2019-03-30,Oscar,Allen,West Coast,FPR,4,208,1,11,0,0,1,0,86,6
2019,2.0,2019-03-30,Brent,Daniels,Greater Western Sydney,FPL,5,59,1,14,1,0,8,0,85,11
2019,2.0,2019-03-31,Luke,Hodge,Brisbane Lions,BPL,2,184,7,13,1,0,5,0,100,15
2019,2.0,2019-03-31,Shaun,Higgins,North Melbourne,C,7,398,0,18,3,3,8,0,76,29
2019,2.0,2019-03-31,Scott,Thompson,North Melbourne,BPR,4,372,5,7,3,0,3,0,92,12
2019,2.0,2019-03-31,Stefan,Martin,Brisbane Lions,INT,7,263,4,3,2,4,8,0,77,13
2019,2.0,2019-03-31,Todd,Goldstein,North Melbourne,RK,1,115,2,6,2,0,1,0,80,8
2019,2.0,2019-03-31,Mitch,Robinson,Brisbane Lions,FPR,8,384,3,15,5,0,3,1,73,16
2019,2.0,2019-03-31,Daniel,Rich,Brisbane Lions,BPR,9,574,7,14,2,0,3,0,85,23
2019,2.0,2019-03-31,Jack,Ziebell,North Melbourne,HFFR,6,202,0,6,3,0,5,0,57,8
2019,2.0,2019-03-31,Ryan,Bastinac,Brisbane Lions,INT,5,224,4,8,1,0,3,0,82,9
2019,2.0,2019-03-31,Ben,Cunnington,North Melbourne,RR,10,226,3,15,2,2,11,0,83,30
2019,2.0,2019-03-31,Robbie,Tarrant,North Melbourne,FB,2,308,7,4,2,0,3,0,77,10
2019,2.0,2019-03-31,Jamie,Macmillan,North Melbourne,HBFL,3,447,7,6,6,0,2,0,80,16
2019,2.0,2019-03-31,Jasper,Pittard,North Melbourne,INT,1,227,9,3,2,0,4,0,80,12
2019,2.0,2019-03-31,Shaun,Atley,North Melbourne,FPL,5,199,2,3,5,0,3,0,73,8
2019,2.0,2019-03-31,Jared,Polec,North Melbourne,WL,7,635,4,9,4,0,5,0,70,16
2019,2.0,2019-03-31,Dom,Tyson,North Melbourne,INT,5,206,2,14,4,3,5,0,67,14
2019,2.0,2019-03-31,Aaron,Hall,North Melbourne,HFFL,9,569,2,11,6,0,5,0,81,21
2019,2.0,2019-03-31,Lachie,Neale,Brisbane Lions,C,8,382,4,28,5,4,7,0,79,34
2019,2.0,2019-03-31,Jarryd,Lyons,Brisbane Lions,R,4,164,2,16,1,1,7,0,84,16
2019,2.0,2019-03-31,Dayne,Zorko,Brisbane Lions,WL,6,425,0,25,5,3,5,0,63,12
2019,2.0,2019-03-31,Marley,Williams,North Melbourne,BPL,0,106,5,3,5,0,3,0,43,3
2019,2.0,2019-03-31,Lincoln,McCarthy,Brisbane Lions,HFFR,5,364,0,15,1,2,3,1,91,10
2019,2.0,2019-03-31,Tom,Campbell,North Melbourne,CHF,3,71,0,7,1,1,4,0,63,5
2019,2.0,2019-03-31,Josh,Walker,Brisbane Lions,HBFR,3,159,9,5,1,0,8,0,88,15
2019,2.0,2019-03-31,Luke,McDonald,North Melbourne,HBFR,4,332,5,11,6,0,5,0,70,14
2019,2.0,2019-03-31,Darcy,Gardiner,Brisbane Lions,CHB,4,170,3,8,1,0,1,0,73,8
2019,2.0,2019-03-31,Charlie,Cameron,Brisbane Lions,FPL,8,192,1,5,3,0,3,0,82,9
2019,2.0,2019-03-31,Ben,Brown,North Melbourne,FF,6,268,0,6,2,0,2,0,60,6
2019,2.0,2019-03-31,Daniel,McStay,Brisbane Lions,FF,3,175,0,8,2,0,3,1,78,7
2019,2.0,2019-03-31,Kayne,Turner,North Melbourne,FPR,2,103,2,13,1,0,6,1,56,5
2019,2.0,2019-03-31,Harris,Andrews,Brisbane Lions,FB,5,177,4,9,1,0,2,0,85,11
2019,2.0,2019-03-31,Rhys,Mathieson,Brisbane Lions,INT,5,285,2,15,5,0,5,0,72,13
2019,2.0,2019-03-31,Eric,Hipwood,Brisbane Lions,CHF,4,234,0,3,3,0,2,0,44,4
2019,2.0,2019-03-31,Jy,Simpkin,North Melbourne,WR,2,72,2,13,4,0,8,1,39,5
2019,2.0,2019-03-31,Jarrod,Berry,Brisbane Lions,RR,11,295,4,14,4,3,6,1,83,19
2019,2.0,2019-03-31,Hugh,McCluggage,Brisbane Lions,WR,5,525,3,18,6,1,5,2,54,13
2019,2.0,2019-03-31,Alex,Witherden,Brisbane Lions,HBFL,6,217,3,6,3,0,4,0,89,16
2019,2.0,2019-03-31,Ben,McKay,North Melbourne,CHB,3,134,4,1,0,0,1,0,71,5
2019,2.0,2019-03-31,Cam,Rayner,Brisbane Lions,HFFL,6,197,0,6,3,1,1,1,55,6
2019,2.0,2019-03-31,Luke,Davies-Uniacke,North Melbourne,R,8,371,3,21,1,1,13,0,81,21
2019,2.0,2019-03-31,Zac,Bailey,Brisbane Lions,INT,4,499,4,12,7,0,4,0,74,14
2019,2.0,2019-03-31,Oscar,McInerney,Brisbane Lions,RK,9,126,1,5,3,1,1,0,81,13
2019,2.0,2019-03-31,Bailey,Scott,North Melbourne,INT,3,189,1,10,2,0,2,0,89,8
2019,2.0,2019-03-31,Tarryn,Thomas,North Melbourne,INT,4,98,0,11,1,0,4,0,80,8
2019,2.0,2019-03-31,Shaun,Burgoyne,Hawthorn,HBFL,6,375,1,14,0,0,1,1,71,10
2019,2.0,2019-03-31,Jarryd,Roughead,Hawthorn,HFFL,8,217,2,4,1,0,2,0,73,8
2019,2.0,2019-03-31,James,Frawley,Hawthorn,FB,2,303,1,11,4,0,1,0,56,5
2019,2.0,2019-03-31,Ben,McEvoy,Hawthorn,RK,1,162,8,10,1,1,8,1,80,12
2019,2.0,2019-03-31,Matthew,Suckling,Western Bulldogs,HBFR,6,554,10,5,8,0,5,0,76,22
2019,2.0,2019-03-31,Liam,Shiels,Hawthorn,C,3,117,0,18,4,0,0,0,50,4
2019,2.0,2019-03-31,Easton,Wood,Western Bulldogs,CHB,0,120,6,10,3,0,2,0,78,7
2019,2.0,2019-03-31,Tom,Scully,Hawthorn,INT,4,311,3,18,7,0,6,0,67,10
2019,2.0,2019-03-31,Ben,Stratton,Hawthorn,HBFR,1,91,4,8,1,0,2,0,67,4
2019,2.0,2019-03-31,Ricky,Henderson,Hawthorn,BPR,6,608,8,22,8,0,6,0,72,21
2019,2.0,2019-03-31,Jack,Gunston,Hawthorn,FF,11,218,1,12,1,0,6,0,81,13
2019,2.0,2019-03-31,Tom,Liberatore,Western Bulldogs,C,6,360,6,28,5,1,13,1,79,22
2019,2.0,2019-03-31,Mitch,Wallis,Western Bulldogs,R,8,435,1,8,5,5,4,0,83,24
2019,2.0,2019-03-31,Paul,Puopolo,Hawthorn,FPR,5,185,1,19,2,0,0,3,56,5
2019,2.0,2019-03-31,Isaac,Smith,Hawthorn,HFFR,4,425,2,27,4,0,3,0,71,15
2019,2.0,2019-03-31,Luke,Breust,Hawthorn,FPL,9,368,6,9,5,0,5,0,52,11
2019,2.0,2019-03-31,Tory,Dickson,Western Bulldogs,CHF,7,414,2,14,4,0,4,1,70,14
2019,2.0,2019-03-31,Hayden,Crozier,Western Bulldogs,BPR,5,420,11,7,5,0,5,0,82,18
2019,2.0,2019-03-31,Jaeger,O'Meara,Hawthorn,R,9,557,2,23,9,3,8,1,53,16
2019,2.0,2019-03-31,Taylor,Duryea,Western Bulldogs,INT,3,299,6,6,4,0,2,0,82,14
2019,2.0,2019-03-31,Jack,Macrae,Western Bulldogs,WR,9,318,3,15,8,2,10,1,75,27
2019,2.0,2019-03-31,Lachie,Hunter,Western Bulldogs,WL,6,461,3,17,9,2,8,1,70,23
2019,2.0,2019-03-31,Jonathon,Ceglar,Hawthorn,INT,3,102,4,9,1,0,3,1,67,6
2019,2.0,2019-03-31,Jarman,Impey,Hawthorn,WR,1,96,6,12,2,0,7,0,82,9
2019,2.0,2019-03-31,Sam,Lloyd,Western Bulldogs,FPR,2,363,2,5,5,0,4,0,75,12
2019,2.0,2019-03-31,Marcus,Bontempelli,Western Bulldogs,RR,6,480,3,24,8,4,11,0,54,14
2019,2.0,2019-03-31,James,Sicily,Hawthorn,CHB,2,518,9,5,7,0,4,0,83,15
2019,2.0,2019-03-31,Toby,McLean,Western Bulldogs,FPL,5,209,3,15,2,0,4,2,83,15
2019,2.0,2019-03-31,Caleb,Daniel,Western Bulldogs,HBFL,7,474,7,14,3,0,5,0,88,28
2019,2.0,2019-03-31,Zaine,Cordy,Western Bulldogs,FB,3,202,7,7,1,0,4,0,85,11
2019,2.0,2019-03-31,Josh,Dunkley,Western Bulldogs,HFFR,3,181,1,19,2,1,6,2,83,15
2019,2.0,2019-03-31,Josh,Schache,Western Bulldogs,INT,9,258,0,4,1,1,5,0,67,10
2019,2.0,2019-03-31,Blake,Hardwick,Hawthorn,BPL,0,174,7,12,2,0,5,0,83,10
2019,2.0,2019-03-31,James,Cousins,Hawthorn,INT,7,251,5,16,5,1,6,0,74,17
2019,2.0,2019-03-31,Tim,English,Western Bulldogs,RK,6,179,5,14,1,1,4,0,86,12
2019,2.0,2019-03-31,Lewis,Young,Western Bulldogs,BPL,2,271,5,8,3,0,3,0,44,4
2019,2.0,2019-03-31,Jack,Scrimshaw,Hawthorn,INT,3,252,10,11,6,0,6,0,77,13
2019,2.0,2019-03-31,Harry,Morrison,Hawthorn,WL,2,166,4,16,2,0,3,0,78,7
2019,2.0,2019-03-31,Billy,Gowers,Western Bulldogs,HFFL,4,139,2,6,3,0,2,0,67,6
2019,2.0,2019-03-31,Aaron,Naughton,Western Bulldogs,FF,4,141,0,15,2,0,1,1,75,6
2019,2.0,2019-03-31,Ed,Richards,Western Bulldogs,INT,5,192,2,10,3,0,4,0,79,11
2019,2.0,2019-03-31,James,Worpel,Hawthorn,RR,5,469,2,28,8,4,11,0,72,18
2019,2.0,2019-03-31,Conor,Nash,Hawthorn,CHF,2,66,1,16,4,0,2,0,88,7
2019,2.0,2019-03-31,Bailey,Smith,Western Bulldogs,INT,5,252,1,10,0,0,6,0,92,12
2019,2.0,2019-03-31,David,Mundy,Fremantle,R,2,217,3,9,3,0,5,0,47,7
2019,2.0,2019-03-31,Jarrod,Harbrow,Gold Coast,BPL,5,464,12,4,4,0,5,0,78,25
2019,2.0,2019-03-31,Pearce,Hanley,Gold Coast,HBFR,4,374,6,10,4,0,5,0,68,13
2019,2.0,2019-03-31,Michael,Walters,Fremantle,HFFR,5,203,0,20,3,0,2,2,63,5
2019,2.0,2019-03-31,Travis,Colyer,Fremantle,INT,6,344,2,16,6,0,8,0,65,13
2019,2.0,2019-03-31,Nat,Fyfe,Fremantle,C,7,348,2,24,5,2,8,0,68,21
2019,2.0,2019-03-31,Reece,Conca,Fremantle,HBFL,3,415,6,8,8,0,6,0,81,17
2019,2.0,2019-03-31,David,Swallow,Gold Coast,R,8,329,2,16,4,2,12,2,70,21
2019,2.0,2019-03-31,Jack,Hombsch,Gold Coast,CHB,3,108,3,7,1,0,1,0,67,6
2019,2.0,2019-03-31,Nathan,Wilson,Fremantle,CHB,1,620,4,11,2,0,4,0,80,16
2019,2.0,2019-03-31,Anthony,Miles,Gold Coast,INT,3,454,4,15,5,2,6,0,60,12
2019,2.0,2019-03-31,Bradley,Hill,Fremantle,WR,5,750,4,24,11,1,8,0,69,22
2019,2.0,2019-03-31,Alex,Sexton,Gold Coast,HFFL,10,462,2,18,3,0,6,3,53,9
2019,2.0,2019-03-31,Jordan,Murdoch,Gold Coast,WL,1,219,5,15,2,0,4,1,78,14
2019,2.0,2019-03-31,Jarrod,Witts,Gold Coast,RK,3,211,2,6,3,1,6,1,50,8
2019,2.0,2019-03-31,Matt,Taberner,Fremantle,INT,7,274,0,11,3,0,5,0,61,11
2019,2.0,2019-03-31,Jack,Martin,Gold Coast,FPR,8,487,4,15,5,1,8,0,54,13
2019,2.0,2019-03-31,Rory,Lobb,Fremantle,FF,5,82,2,14,1,1,3,0,86,6
2019,2.0,2019-03-31,Nick,Holman,Gold Coast,INT,5,118,3,18,4,0,8,1,80,12
2019,2.0,2019-03-31,Cam,McCarthy,Fremantle,CHF,6,277,0,11,4,0,2,1,67,8
2019,2.0,2019-03-31,Jesse,Hogan,Fremantle,FPL,8,192,2,6,3,2,8,0,76,16
2019,2.0,2019-03-31,Touk,Miller,Gold Coast,RR,3,264,1,13,4,1,4,0,80,16
2019,2.0,2019-03-31,Alex,Pearce,Fremantle,FB,0,175,9,10,5,0,8,0,42,5
2019,2.0,2019-03-31,Joel,Hamling,Fremantle,BPL,1,77,8,5,0,0,3,0,89,8
2019,2.0,2019-03-31,Peter,Wright,Gold Coast,CHF,7,221,0,13,3,0,3,1,53,8
2019,2.0,2019-03-31,Lachie,Weller,Gold Coast,C,3,486,6,10,5,0,7,0,82,18
2019,2.0,2019-03-31,Ed,Langdon,Fremantle,WL,1,705,7,20,9,0,6,0,69,18
2019,2.0,2019-03-31,Ethan,Hughes,Fremantle,HBFR,3,276,5,9,3,0,5,0,79,11
2019,2.0,2019-03-31,Darcy,Tucker,Fremantle,RR,1,142,2,21,1,0,6,1,88,14
2019,2.0,2019-03-31,Darcy,Macpherson,Gold Coast,WR,3,211,0,21,4,0,4,2,71,10
2019,2.0,2019-03-31,Sam,Collins,Gold Coast,FB,1,241,9,12,4,0,5,0,83,15
2019,2.0,2019-03-31,Jesse,Joyce,Gold Coast,INT,2,318,6,10,3,0,4,0,53,9
2019,2.0,2019-03-31,Brayden,Fiorini,Gold Coast,INT,4,299,3,19,4,1,9,0,52,13
2019,2.0,2019-03-31,Jack,Bowes,Gold Coast,HBFL,7,295,3,25,3,1,8,2,74,20
2019,2.0,2019-03-31,Luke,Ryan,Fremantle,BPR,2,295,6,10,6,0,3,0,80,12
2019,2.0,2019-03-31,Sean,Darcy,Fremantle,RK,1,27,1,12,2,1,3,0,17,1
2019,2.0,2019-03-31,Bailey,Banfield,Fremantle,FPR,1,201,3,26,3,0,3,1,100,13
2019,2.0,2019-03-31,Andrew,Brayshaw,Fremantle,INT,3,187,1,29,2,0,5,2,54,7
2019,2.0,2019-03-31,Adam,Cerra,Fremantle,INT,2,255,6,12,4,1,4,0,71,10
2019,2.0,2019-03-31,Charlie,Ballard,Gold Coast,BPR,4,241,10,5,0,0,6,0,100,16
2019,2.0,2019-03-31,Wil,Powell,Gold Coast,HFFR,5,289,5,10,2,0,5,0,62,13
2019,2.0,2019-03-31,Chris,Burgess,Gold Coast,FF,5,191,0,16,2,0,4,1,67,8
2019,2.0,2019-03-31,Jack,Lukosius,Gold Coast,FPL,3,171,0,9,3,0,1,0,29,2
2019,2.0,2019-03-31,Lachie,Schultz,Fremantle,HFFL,4,150,0,14,2,0,6,1,39,5
2019,3.0,2019-04-04,Gary,Ablett,Geelong,FPL,9,385,0,5,3,0,2,0,82,14
2019,3.0,2019-04-04,Eddie,Betts,Adelaide,FPR,7,239,2,13,3,0,4,1,67,10
2019,3.0,2019-04-04,Joel,Selwood,Geelong,WL,2,121,1,19,2,0,4,0,81,13
2019,3.0,2019-04-04,Bryce,Gibbs,Adelaide,INT,1,526,5,9,11,1,5,0,63,17
2019,3.0,2019-04-04,Tom,Hawkins,Geelong,RR,6,135,0,6,1,0,5,0,90,9
2019,3.0,2019-04-04,David,Mackay,Adelaide,INT,6,287,1,13,3,0,4,0,77,10
2019,3.0,2019-04-04,Lachie,Henderson,Geelong,BPL,2,315,7,10,2,0,4,0,86,12
2019,3.0,2019-04-04,Harry,Taylor,Geelong,CHB,4,213,5,8,3,0,3,0,67,8
2019,3.0,2019-04-04,Patrick,Dangerfield,Geelong,C,11,746,2,17,8,4,10,0,69,22
2019,3.0,2019-04-04,Taylor,Walker,Adelaide,CHF,5,199,0,7,2,0,2,0,71,5
2019,3.0,2019-04-04,Rory,Sloane,Adelaide,RR,7,399,1,21,3,1,4,2,73,19
2019,3.0,2019-04-04,Mitch,Duncan,Geelong,HFFL,5,382,6,11,1,0,5,0,91,20
2019,3.0,2019-04-04,Gary,Rohan,Geelong,FPR,4,125,0,9,1,0,2,0,83,5
2019,3.0,2019-04-04,Rhys,Stanley,Geelong,RK,4,219,3,10,2,0,2,0,58,7
2019,3.0,2019-04-04,Tom,Lynch,Adelaide,HFFL,11,563,1,8,5,0,4,0,58,15
2019,3.0,2019-04-04,Brodie,Smith,Adelaide,HBFL,6,569,6,13,5,0,5,0,68,15
2019,3.0,2019-04-04,Luke,Dahlhaus,Geelong,WR,8,216,5,24,1,0,6,3,76,16
2019,3.0,2019-04-04,Daniel,Talia,Adelaide,CHB,0,73,4,6,0,0,1,0,100,13
2019,3.0,2019-04-04,Paul,Seedsman,Adelaide,WL,2,233,0,8,1,0,1,1,78,7
2019,3.0,2019-04-04,Josh,Jenkins,Adelaide,FF,5,108,0,8,0,0,0,1,60,6
2019,3.0,2019-04-04,Mark,Blicavs,Geelong,FB,5,262,7,16,2,0,7,0,77,17
2019,3.0,2019-04-04,Brad,Crouch,Adelaide,R,8,398,3,14,8,3,6,1,57,20
2019,3.0,2019-04-04,Rory,Laird,Adelaide,BPR,1,328,5,10,3,0,4,0,71,17
2019,3.0,2019-04-04,Kyle,Hartigan,Adelaide,BPL,1,47,2,7,0,0,2,0,100,7
2019,3.0,2019-04-04,Matt,Crouch,Adelaide,C,7,347,1,26,4,3,7,0,82,22
2019,3.0,2019-04-04,Jake,Kelly,Adelaide,INT,1,37,5,10,2,0,3,0,73,8
2019,3.0,2019-04-04,Jake,Kolodjashnij,Geelong,HBFL,2,43,4,5,0,0,4,0,100,10
2019,3.0,2019-04-04,Riley,Knight,Adelaide,WR,5,100,2,7,1,0,2,2,91,10
2019,3.0,2019-04-04,Rory,Atkins,Adelaide,HFFR,3,182,3,6,1,1,2,0,92,11
2019,3.0,2019-04-04,Wayne,Milera,Adelaide,HBFR,3,219,5,18,2,0,4,1,81,17
2019,3.0,2019-04-04,Sam,Menegola,Geelong,INT,7,342,3,13,1,0,10,0,61,14
2019,3.0,2019-04-04,Reilly,O'Brien,Adelaide,RK,5,111,0,15,1,1,4,0,82,9
2019,3.0,2019-04-04,Brandan,Parfitt,Geelong,HFFR,7,323,1,13,2,1,7,0,44,7
2019,3.0,2019-04-04,Tom,Stewart,Geelong,BPR,3,426,3,12,8,0,3,0,78,18
2019,3.0,2019-04-04,Mark,O'Connor,Geelong,HBFR,2,208,3,7,3,0,2,0,73,8
2019,3.0,2019-04-04,Alex,Keath,Adelaide,FB,2,370,7,7,2,0,2,0,42,8
2019,3.0,2019-04-04,Lachlan,Murphy,Adelaide,FPL,8,118,0,12,1,1,7,1,73,11
2019,3.0,2019-04-04,Tim,Kelly,Geelong,R,5,385,2,20,6,5,8,0,63,15
2019,3.0,2019-04-04,Esava,Ratugolea,Geelong,CHF,2,50,2,7,1,1,2,0,83,5
2019,3.0,2019-04-04,Tom,Atkins,Geelong,FF,3,108,0,21,1,0,4,0,67,4
2019,3.0,2019-04-04,Jordan,Clark,Geelong,INT,5,422,2,11,1,0,0,0,67,8
2019,3.0,2019-04-04,Charlie,Constable,Geelong,INT,7,273,3,18,0,2,10,0,70,16
2019,3.0,2019-04-04,Gryan,Miers,Geelong,INT,6,213,0,14,3,0,2,0,64,7
2019,3.0,2019-04-04,Chayce,Jones,Adelaide,INT,3,64,0,13,0,0,3,1,88,7
2019,3.0,2019-04-05,Nathan,Jones,Melbourne,WR,3,219,4,6,3,0,6,1,95,19
2019,3.0,2019-04-05,Tom,Bellchambers,Essendon,RK,6,125,2,14,2,3,1,1,80,8
2019,3.0,2019-04-05,Neville,Jetta,Melbourne,BPR,3,135,7,10,0,0,4,0,100,11
2019,3.0,2019-04-05,Michael,Hurley,Essendon,CHB,2,311,5,6,4,0,4,0,77,13
2019,3.0,2019-04-05,David,Zaharakis,Essendon,RR,7,516,4,21,5,4,9,0,74,23
2019,3.0,2019-04-05,Zac,Clarke,Essendon,CHF,5,48,0,14,3,2,3,1,60,6
2019,3.0,2019-04-05,Shaun,McKernan,Essendon,FF,8,134,0,8,2,0,2,1,85,11
2019,3.0,2019-04-05,Jake,Melksham,Melbourne,FPR,6,151,1,10,3,1,3,4,70,7
2019,3.0,2019-04-05,Dyson,Heppell,Essendon,HBFL,7,350,4,17,7,2,12,0,70,19
2019,3.0,2019-04-05,Michael,Hibberd,Melbourne,BPL,1,433,6,6,8,0,2,0,50,8
2019,3.0,2019-04-05,Max,Gawn,Melbourne,RK,5,276,3,8,2,3,3,0,77,13
2019,3.0,2019-04-05,Tom,McDonald,Melbourne,FF,2,37,0,9,1,0,2,2,83,5
2019,3.0,2019-04-05,Dylan,Shiel,Essendon,R,7,600,2,22,6,4,10,0,52,16
2019,3.0,2019-04-05,Devon,Smith,Essendon,FPL,7,289,3,25,2,0,4,3,67,10
2019,3.0,2019-04-05,Mark,Baguley,Essendon,FPR,5,66,1,12,2,0,4,1,80,8
2019,3.0,2019-04-05,Sam,Frost,Melbourne,CHB,1,327,7,2,4,0,2,0,77,10
2019,3.0,2019-04-05,Jack,Viney,Melbourne,R,4,342,2,23,4,6,11,0,62,13
2019,3.0,2019-04-05,Jake,Stringer,Essendon,HFFL,7,171,1,20,1,0,1,4,70,7
2019,3.0,2019-04-05,Patrick,Ambrose,Essendon,FB,1,179,5,13,3,0,4,0,60,6
2019,3.0,2019-04-05,Zach,Merrett,Essendon,C,5,313,7,29,5,2,8,0,85,22
2019,3.0,2019-04-05,Kade,Kolodjashnij,Melbourne,HFFR,5,184,1,9,2,0,2,1,58,7
2019,3.0,2019-04-05,Christian,Salem,Melbourne,HBFR,4,387,10,25,2,0,7,1,70,14
2019,3.0,2019-04-05,Orazio,Fantasia,Essendon,WL,7,717,1,20,4,0,2,1,81,17
2019,3.0,2019-04-05,Angus,Brayshaw,Melbourne,INT,8,755,0,17,5,2,3,0,62,21
2019,3.0,2019-04-05,Adam,Saad,Essendon,HBFR,2,198,6,21,2,0,7,0,67,10
2019,3.0,2019-04-05,Alex,Neal-Bullen,Melbourne,FPL,2,34,0,23,3,0,1,1,63,5
2019,3.0,2019-04-05,James,Harmes,Melbourne,HFFL,7,466,1,24,4,1,8,1,57,12
2019,3.0,2019-04-05,Conor,McKenna,Essendon,BPR,4,368,5,13,2,0,6,0,75,15
2019,3.0,2019-04-05,Oscar,McDonald,Melbourne,FB,0,73,1,14,1,0,0,0,60,3
2019,3.0,2019-04-05,Clayton,Oliver,Melbourne,C,4,388,5,20,5,6,12,0,66,19
2019,3.0,2019-04-05,Anthony,McDonald-Tipungwuti,Essendon,INT,8,278,3,16,1,0,3,0,86,12
2019,3.0,2019-04-05,Darcy,Parish,Essendon,WR,11,522,3,10,5,4,12,0,71,17
2019,3.0,2019-04-05,Josh,Wagner,Melbourne,INT,3,195,8,11,3,0,10,0,69,11
2019,3.0,2019-04-05,Jayden,Hunt,Melbourne,WL,10,215,1,13,2,0,5,0,69,11
2019,3.0,2019-04-05,Christian,Petracca,Melbourne,RR,6,160,0,21,4,0,5,2,63,10
2019,3.0,2019-04-05,Corey,Wagner,Melbourne,INT,4,211,2,21,5,0,4,2,92,11
2019,3.0,2019-04-05,Aaron,Francis,Essendon,BPL,0,230,6,5,2,0,4,0,69,9
2019,3.0,2019-04-05,Sam,Weideman,Melbourne,CHF,4,151,1,12,4,0,7,0,64,9
2019,3.0,2019-04-05,Andrew,McGrath,Essendon,INT,6,278,8,15,6,0,9,0,74,17
2019,3.0,2019-04-05,Bayley,Fritsch,Melbourne,HBFL,3,410,9,15,5,0,7,0,71,15
2019,3.0,2019-04-05,Matt,Guelfi,Essendon,INT,2,215,7,10,5,0,8,0,60,9
2019,3.0,2019-04-05,Kobe,Mutch,Essendon,INT,0,0,0,3,0,0,0,0,0,0
2019,3.0,2019-04-05,Jordan,Ridley,Essendon,HFFR,0,203,3,4,1,0,4,0,86,12
2019,3.0,2019-04-05,Jay,Lockhart,Melbourne,INT,5,207,1,18,6,0,4,0,57,8
2019,3.0,2019-04-06,Kade,Simpson,Carlton,BPR,2,184,3,12,4,0,3,0,83,10
2019,3.0,2019-04-06,Jarrad,McVeigh,Sydney,HBFR,5,575,4,8,4,0,3,0,79,19
2019,3.0,2019-04-06,Lance,Franklin,Sydney,CHF,9,85,2,7,2,0,5,1,75,9
2019,3.0,2019-04-06,Marc,Murphy,Carlton,RR,6,266,5,21,3,0,8,1,59,13
2019,3.0,2019-04-06,Dale,Thomas,Carlton,INT,6,252,4,7,1,0,2,0,81,13
2019,3.0,2019-04-06,Josh P.,Kennedy,Sydney,R,5,343,3,23,5,2,11,2,74,23
2019,3.0,2019-04-06,Matthew,Lobbe,Carlton,RK,1,137,1,13,3,0,1,0,50,3
2019,3.0,2019-04-06,Liam,Jones,Carlton,BPL,1,88,4,6,1,0,3,0,100,7
2019,3.0,2019-04-06,Sam,Reid,Sydney,FF,8,213,5,12,3,1,4,2,64,9
2019,3.0,2019-04-06,Ed,Curnow,Carlton,INT,7,362,2,12,3,0,8,1,74,14
2019,3.0,2019-04-06,Luke,Parker,Sydney,RR,4,298,1,27,1,3,6,0,83,15
2019,3.0,2019-04-06,Harry,Cunningham,Sydney,WL,5,278,5,16,2,0,3,0,90,18
2019,3.0,2019-04-06,Levi,Casboult,Carlton,FPR,3,347,3,6,6,0,4,0,58,7
2019,3.0,2019-04-06,Lachie,Plowman,Carlton,FB,2,183,8,13,1,0,5,1,93,14
2019,3.0,2019-04-06,Dane,Rampe,Sydney,FB,2,466,8,8,6,0,8,0,80,16
2019,3.0,2019-04-06,Callum,Sinclair,Sydney,RK,4,220,0,13,3,2,2,1,69,11
2019,3.0,2019-04-06,Jackson,Thurlow,Sydney,INT,4,221,4,9,7,0,4,0,74,14
2019,3.0,2019-04-06,Patrick,Cripps,Carlton,C,9,506,6,28,7,8,15,3,64,18
2019,3.0,2019-04-06,Jake,Lloyd,Sydney,BPL,6,406,8,7,7,0,4,0,88,28
2019,3.0,2019-04-06,Zak,Jones,Sydney,HBFL,6,516,2,18,4,2,11,1,68,21
2019,3.0,2019-04-06,Isaac,Heeney,Sydney,C,11,339,3,7,2,1,7,0,73,19
2019,3.0,2019-04-06,Caleb,Marchbank,Carlton,HBFL,1,184,3,5,5,0,0,0,56,5
2019,3.0,2019-04-06,Jacob,Weitering,Carlton,CHB,1,153,5,6,2,0,3,0,64,7
2019,3.0,2019-04-06,Mitch,McGovern,Carlton,FF,2,55,1,8,0,0,1,0,80,4
2019,3.0,2019-04-06,George,Hewett,Sydney,INT,2,216,1,13,4,0,5,2,65,11
2019,3.0,2019-04-06,Callum,Mills,Sydney,BPR,2,317,9,4,3,0,9,0,75,21
2019,3.0,2019-04-06,Tom,Papley,Sydney,HFFL,10,163,0,15,2,0,3,3,84,16
2019,3.0,2019-04-06,Aliir,Aliir,Sydney,CHB,4,189,5,4,1,0,2,0,100,14
2019,3.0,2019-04-06,Sam,Petrevski-Seton,Carlton,WR,6,231,3,17,1,1,5,1,83,15
2019,3.0,2019-04-06,Oliver,Florent,Sydney,INT,3,352,1,17,4,0,6,0,84,16
2019,3.0,2019-04-06,Will,Hayward,Sydney,WR,3,81,1,5,2,0,1,0,100,5
2019,3.0,2019-04-06,Nic,Newman,Carlton,HBFR,1,527,7,17,11,0,3,0,55,11
2019,3.0,2019-04-06,Jordan,Dawson,Sydney,INT,4,183,1,8,3,0,2,0,86,12
2019,3.0,2019-04-06,Zac,Fisher,Carlton,FPL,5,237,3,11,5,2,12,0,63,12
2019,3.0,2019-04-06,Cameron,Polson,Carlton,HFFL,1,25,2,18,1,0,4,1,50,2
2019,3.0,2019-04-06,Will,Setterfield,Carlton,INT,4,335,0,22,2,0,2,2,46,6
2019,3.0,2019-04-06,Harry,McKay,Carlton,CHF,5,250,0,4,3,0,3,0,40,4
2019,3.0,2019-04-06,Paddy,Dow,Carlton,R,5,369,0,21,3,2,1,0,64,9
2019,3.0,2019-04-06,Lochie,O'Brien,Carlton,WL,4,223,5,11,3,0,4,0,73,8
2019,3.0,2019-04-06,Ben,Ronke,Sydney,FPR,3,175,0,8,1,0,2,1,56,5
2019,3.0,2019-04-06,Tom,McCartin,Sydney,FPL,4,186,7,10,0,0,4,0,79,11
2019,3.0,2019-04-06,Michael,Gibbons,Carlton,INT,3,129,0,17,1,0,1,0,75,3
2019,3.0,2019-04-06,Sam,Walsh,Carlton,HFFR,6,446,3,30,4,3,12,0,64,18
2019,3.0,2019-04-06,Nick,Blakey,Sydney,HFFR,3,153,0,17,2,0,4,1,38,3
2019,3.0,2019-04-06,Heath,Shaw,Greater Western Sydney,BPL,3,543,1,8,2,0,1,0,100,17
2019,3.0,2019-04-06,Shane,Edwards,Richmond,CHB,7,422,9,16,7,2,10,1,64,16
2019,3.0,2019-04-06,Shane,Mumford,Greater Western Sydney,RK,6,6,5,22,2,3,5,2,86,12
2019,3.0,2019-04-06,Trent,Cotchin,Richmond,C,5,329,2,13,7,3,8,1,55,12
2019,3.0,2019-04-06,Sam J.,Reid,Greater Western Sydney,FPR,2,113,2,10,1,0,1,0,67,6
2019,3.0,2019-04-06,Matt,de Boer,Greater Western Sydney,FPL,4,214,5,17,3,3,7,0,86,18
2019,3.0,2019-04-06,Dustin,Martin,Richmond,CHF,6,212,0,21,2,2,3,1,67,10
2019,3.0,2019-04-06,Phil,Davis,Greater Western Sydney,FB,5,165,8,10,2,0,3,0,80,12
2019,3.0,2019-04-06,David,Astbury,Richmond,FB,6,211,5,9,1,0,4,0,94,15
2019,3.0,2019-04-06,Dion,Prestia,Richmond,RR,8,609,2,16,9,5,7,1,55,18
2019,3.0,2019-04-06,Tom,Lynch,Richmond,FF,9,217,1,5,0,0,1,1,44,4
2019,3.0,2019-04-06,Jeremy,Cameron,Greater Western Sydney,CHF,16,557,2,1,5,0,7,0,57,17
2019,3.0,2019-04-06,Stephen,Coniglio,Greater Western Sydney,C,11,407,2,10,5,3,8,1,69,22
2019,3.0,2019-04-06,Adam,Kennedy,Greater Western Sydney,INT,4,372,5,17,2,0,3,0,68,13
2019,3.0,2019-04-06,Adam,Tomlinson,Greater Western Sydney,HFFL,2,257,5,8,6,0,5,0,31,5
2019,3.0,2019-04-06,Brandon,Ellis,Richmond,WL,3,299,5,10,5,0,6,0,76,16
2019,3.0,2019-04-06,Matt,Buntine,Greater Western Sydney,HBFR,3,141,1,9,1,0,4,3,78,7
2019,3.0,2019-04-06,Nick,Haynes,Greater Western Sydney,HBFL,1,265,6,9,6,0,2,0,70,14
2019,3.0,2019-04-06,Tommy,Sheridan,Greater Western Sydney,INT,0,-4,1,3,1,0,0,0,100,1
2019,3.0,2019-04-06,Lachie,Whitfield,Greater Western Sydney,WR,10,813,5,14,6,0,5,0,76,32
2019,3.0,2019-04-06,Nick,Vlastuin,Richmond,HBFL,2,251,8,18,2,0,5,1,71,10
2019,3.0,2019-04-06,Zac,Williams,Greater Western Sydney,BPR,6,544,11,6,2,0,6,0,84,21
2019,3.0,2019-04-06,Josh,Kelly,Greater Western Sydney,HFFR,5,391,2,18,4,0,3,1,82,18
2019,3.0,2019-04-06,Kamdyn,McIntosh,Richmond,WR,4,371,4,15,5,0,6,0,74,14
2019,3.0,2019-04-06,Kane,Lambert,Richmond,R,8,387,2,16,3,0,11,0,77,26
2019,3.0,2019-04-06,Toby,Nankervis,Richmond,RK,6,149,0,13,2,0,4,0,67,10
2019,3.0,2019-04-06,Daniel,Rioli,Richmond,FPL,6,165,1,17,1,0,0,1,85,11
2019,3.0,2019-04-06,Jayden,Short,Richmond,HBFR,1,3,0,0,0,0,0,0,100,1
2019,3.0,2019-04-06,Jason,Castagna,Richmond,HFFR,7,292,2,12,3,0,4,1,58,11
2019,3.0,2019-04-06,Jacob,Hopper,Greater Western Sydney,RR,7,285,0,12,4,3,11,0,72,21
2019,3.0,2019-04-06,Nathan,Broad,Richmond,BPL,0,285,4,12,4,0,2,0,46,6
2019,3.0,2019-04-06,Oleg,Markov,Richmond,INT,5,212,6,9,5,0,5,0,80,16
2019,3.0,2019-04-06,Harry,Himmelberg,Greater Western Sydney,FF,7,199,0,2,4,0,4,0,79,15
2019,3.0,2019-04-06,Dan,Butler,Richmond,HFFL,4,208,3,21,2,0,4,0,70,7
2019,3.0,2019-04-06,Tim,Taranto,Greater Western Sydney,R,6,377,3,23,5,3,11,1,57,17
2019,3.0,2019-04-06,Daniel,Lloyd,Greater Western Sydney,INT,4,218,1,14,3,0,4,1,69,9
2019,3.0,2019-04-06,Jeremy,Finlayson,Greater Western Sydney,WL,11,276,2,8,1,0,4,1,80,12
2019,3.0,2019-04-06,Jack,Graham,Richmond,INT,4,279,4,25,5,0,7,0,59,10
2019,3.0,2019-04-06,Jack,Higgins,Richmond,INT,7,334,0,13,5,0,7,0,76,16
2019,3.0,2019-04-06,Sam,Taylor,Greater Western Sydney,CHB,3,116,7,7,1,0,5,0,100,11
2019,3.0,2019-04-06,Ryan,Garthwaite,Richmond,BPR,0,68,2,16,1,0,0,0,100,7
2019,3.0,2019-04-06,Brent,Daniels,Greater Western Sydney,INT,8,298,2,15,4,0,5,2,75,12
2019,3.0,2019-04-06,Noah,Balta,Richmond,FPR,2,113,1,14,3,0,2,0,80,4
2019,3.0,2019-04-06,Sydney,Stack,Richmond,INT,5,303,10,13,1,0,3,0,82,14
2019,3.0,2019-04-06,Shannon,Hurn,West Coast,BPL,1,378,7,3,3,0,6,0,86,24
2019,3.0,2019-04-06,Josh J.,Kennedy,West Coast,FF,6,127,1,1,2,0,2,0,60,6
2019,3.0,2019-04-06,Scott,Pendlebury,Collingwood,C,4,256,0,20,3,1,1,0,81,17
2019,3.0,2019-04-06,Chris,Masten,West Coast,HFFR,3,187,2,8,3,0,1,0,82,9
2019,3.0,2019-04-06,Chris,Mayne,Collingwood,WL,8,241,5,27,1,0,2,0,75,18
2019,3.0,2019-04-06,Dayne,Beams,Collingwood,RR,6,202,4,10,5,0,6,1,65,17
2019,3.0,2019-04-06,Levi,Greenwood,Collingwood,HFFR,3,149,1,7,3,0,3,1,33,2
2019,3.0,2019-04-06,Steele,Sidebottom,Collingwood,WR,3,352,2,12,0,1,3,0,88,22
2019,3.0,2019-04-06,Jack,Redden,West Coast,INT,2,149,1,19,2,2,6,0,82,14
2019,3.0,2019-04-06,Lewis,Jetta,West Coast,HBFL,5,391,3,9,1,1,5,0,95,18
2019,3.0,2019-04-06,Luke,Shuey,West Coast,R,6,513,2,22,6,3,5,1,58,14
2019,3.0,2019-04-06,Jordan,Roughead,Collingwood,FB,1,43,6,5,0,0,3,0,89,8
2019,3.0,2019-04-06,Brad,Sheppard,West Coast,BPR,2,268,3,8,3,0,0,0,83,15
2019,3.0,2019-04-06,Jack,Darling,West Coast,CHF,3,157,1,15,3,0,2,2,86,6
2019,3.0,2019-04-06,Andrew,Gaff,West Coast,WL,3,231,0,14,6,3,11,0,71,25
2019,3.0,2019-04-06,Jamie,Cripps,West Coast,FPR,8,301,3,17,4,0,7,1,83,15
2019,3.0,2019-04-06,Nathan,Vardy,West Coast,RK,3,113,2,15,1,1,1,1,80,4
2019,3.0,2019-04-06,Jeremy,Howe,Collingwood,BPR,7,328,9,4,1,0,2,0,91,19
2019,3.0,2019-04-06,Tom,Hickey,West Coast,INT,5,130,0,9,2,3,5,0,58,7
2019,3.0,2019-04-06,Adam,Treloar,Collingwood,INT,6,230,2,10,4,1,6,1,64,16
2019,3.0,2019-04-06,Jack,Crisp,Collingwood,HBFL,1,44,2,11,1,0,4,0,87,13
2019,3.0,2019-04-06,Taylor,Adams,Collingwood,R,6,369,0,13,2,3,5,0,65,17
2019,3.0,2019-04-06,Jamie,Elliott,Collingwood,INT,4,163,0,9,1,0,1,0,83,5
2019,3.0,2019-04-06,Elliot,Yeo,West Coast,C,5,295,2,18,2,1,6,0,86,18
2019,3.0,2019-04-06,Josh,Thomas,Collingwood,HFFL,5,118,0,12,2,0,5,1,50,6
2019,3.0,2019-04-06,Mark,Hutchings,West Coast,WR,2,100,1,11,2,1,6,1,70,7
2019,3.0,2019-04-06,Brodie,Grundy,Collingwood,RK,4,82,1,15,3,5,6,0,73,16
2019,3.0,2019-04-06,Tom,Langdon,Collingwood,INT,4,126,6,12,2,0,3,0,95,18
2019,3.0,2019-04-06,James,Aish,Collingwood,HBFR,2,156,3,9,3,0,1,0,76,16
2019,3.0,2019-04-06,Dom,Sheed,West Coast,RR,6,321,1,13,3,1,6,0,71,17
2019,3.0,2019-04-06,Jeremy,McGovern,West Coast,CHB,2,199,7,9,2,0,2,0,91,10
2019,3.0,2019-04-06,Jordan,De Goey,Collingwood,FPR,7,353,1,7,3,0,4,2,67,12
2019,3.0,2019-04-06,Brayden,Maynard,Collingwood,BPL,5,342,4,14,2,1,4,0,83,19
2019,3.0,2019-04-06,Darcy,Moore,Collingwood,CHB,2,284,6,10,3,0,4,0,88,15
2019,3.0,2019-04-06,Tom,Barrass,West Coast,FB,0,65,4,4,1,0,1,0,100,11
2019,3.0,2019-04-06,Mason,Cox,Collingwood,CHF,3,96,1,6,3,0,1,1,57,4
2019,3.0,2019-04-06,Tom,Cole,West Coast,INT,2,44,4,8,0,0,0,0,100,10
2019,3.0,2019-04-06,Tom,Phillips,Collingwood,FPL,5,253,1,15,3,0,4,0,64,9
2019,3.0,2019-04-06,Jaidyn,Stephenson,Collingwood,INT,3,315,1,5,3,0,1,1,50,7
2019,3.0,2019-04-06,Liam,Ryan,West Coast,FPL,4,221,0,29,4,0,3,0,82,9
2019,3.0,2019-04-06,Jack,Petruccelle,West Coast,INT,6,309,1,11,1,0,4,0,64,9
2019,3.0,2019-04-06,Brody,Mihocek,Collingwood,FF,2,279,1,11,5,0,2,1,77,10
2019,3.0,2019-04-06,Oscar,Allen,West Coast,HFFL,3,163,2,13,3,0,1,1,57,4
2019,3.0,2019-04-06,Josh,Rotham,West Coast,HBFR,0,160,6,7,2,0,3,0,89,8
2019,3.0,2019-04-06,Luke,Hodge,Brisbane Lions,BPL,3,269,5,7,1,0,4,0,94,16
2019,3.0,2019-04-06,Paddy,Ryder,Port Adelaide,FF,8,139,0,8,2,1,5,0,70,7
2019,3.0,2019-04-06,Robbie,Gray,Port Adelaide,FPL,10,192,0,14,3,2,8,0,57,12
2019,3.0,2019-04-06,Justin,Westhoff,Port Adelaide,WR,4,272,2,15,3,0,2,0,53,8
2019,3.0,2019-04-06,Travis,Boak,Port Adelaide,HFFL,9,407,3,22,4,4,14,0,71,25
2019,3.0,2019-04-06,Brad,Ebert,Port Adelaide,CHF,4,215,1,12,4,0,4,2,43,6
2019,3.0,2019-04-06,Stefan,Martin,Brisbane Lions,RK,5,40,5,10,4,1,4,0,63,10
2019,3.0,2019-04-06,Mitch,Robinson,Brisbane Lions,HFFR,4,560,4,13,3,2,9,2,83,24
2019,3.0,2019-04-06,Daniel,Rich,Brisbane Lions,BPR,3,602,8,15,8,0,5,0,72,18
2019,3.0,2019-04-06,Tom,Rockliff,Port Adelaide,C,2,171,1,9,3,2,6,0,47,7
2019,3.0,2019-04-06,Ryan,Bastinac,Brisbane Lions,INT,0,129,2,14,3,0,2,0,67,6
2019,3.0,2019-04-06,Steven,Motlop,Port Adelaide,WL,4,148,1,13,4,0,4,0,86,12
2019,3.0,2019-04-06,Scott,Lycett,Port Adelaide,RK,1,77,4,10,3,1,8,2,53,8
2019,3.0,2019-04-06,Tom,Jonas,Port Adelaide,CHB,1,184,10,5,3,0,4,0,80,12
2019,3.0,2019-04-06,Lachie,Neale,Brisbane Lions,C,10,453,5,25,6,5,20,0,84,36
2019,3.0,2019-04-06,Jarryd,Lyons,Brisbane Lions,R,4,192,1,26,4,2,8,2,47,8
2019,3.0,2019-04-06,Dayne,Zorko,Brisbane Lions,WL,9,570,0,29,3,0,7,3,52,13
2019,3.0,2019-04-06,Lincoln,McCarthy,Brisbane Lions,FPR,7,323,3,10,5,0,4,1,65,13
2019,3.0,2019-04-06,Josh,Walker,Brisbane Lions,HBFR,2,315,11,6,3,0,3,0,83,19
2019,3.0,2019-04-06,Ollie,Wines,Port Adelaide,INT,5,222,0,12,3,4,7,1,63,12
2019,3.0,2019-04-06,Tom,Clurey,Port Adelaide,FB,2,167,4,6,0,0,1,0,78,7
2019,3.0,2019-04-06,Sam,Gray,Port Adelaide,HFFR,5,157,2,11,1,0,4,2,70,7
2019,3.0,2019-04-06,Darcy,Gardiner,Brisbane Lions,CHB,1,288,4,6,5,0,3,0,71,10
2019,3.0,2019-04-06,Charlie,Cameron,Brisbane Lions,FPL,6,134,2,18,3,0,4,4,50,5
2019,3.0,2019-04-06,Daniel,McStay,Brisbane Lions,FF,2,65,1,10,3,0,3,0,57,4
2019,3.0,2019-04-06,Harris,Andrews,Brisbane Lions,FB,0,40,3,11,1,0,2,0,88,7
2019,3.0,2019-04-06,Dougal,Howard,Port Adelaide,INT,0,206,3,6,3,0,2,0,75,6
2019,3.0,2019-04-06,Darcy,Byrne-Jones,Port Adelaide,HBFR,3,391,8,15,5,1,5,0,67,12
2019,3.0,2019-04-06,Rhys,Mathieson,Brisbane Lions,INT,5,183,2,11,2,0,4,0,60,9
2019,3.0,2019-04-06,Eric,Hipwood,Brisbane Lions,CHF,10,304,0,3,1,0,1,0,79,11
2019,3.0,2019-04-06,Ryan,Burton,Port Adelaide,HBFL,6,553,6,10,3,1,5,0,81,17
2019,3.0,2019-04-06,Riley,Bonner,Port Adelaide,BPL,2,436,4,19,9,0,4,0,44,7
2019,3.0,2019-04-06,Dan,Houston,Port Adelaide,BPR,3,241,6,14,3,0,6,0,75,12
2019,3.0,2019-04-06,Sam,Powell-Pepper,Port Adelaide,INT,8,699,3,17,5,5,9,1,72,21
2019,3.0,2019-04-06,Jarrod,Berry,Brisbane Lions,RR,3,329,3,21,3,0,5,0,78,14
2019,3.0,2019-04-06,Hugh,McCluggage,Brisbane Lions,WR,6,295,5,10,4,0,5,0,65,11
2019,3.0,2019-04-06,Alex,Witherden,Brisbane Lions,HBFL,2,382,6,17,3,0,5,0,89,24
2019,3.0,2019-04-06,Cam,Rayner,Brisbane Lions,HFFL,4,111,1,14,0,0,2,2,80,4
2019,3.0,2019-04-06,Zac,Bailey,Brisbane Lions,INT,1,349,2,10,4,0,4,0,73,8
2019,3.0,2019-04-06,Oscar,McInerney,Brisbane Lions,INT,6,48,4,6,1,0,5,0,80,8
2019,3.0,2019-04-06,Zak,Butters,Port Adelaide,INT,5,160,6,14,3,0,9,2,90,18
2019,3.0,2019-04-06,Willem,Drew,Port Adelaide,R,1,132,0,22,5,0,4,2,56,5
2019,3.0,2019-04-06,Xavier,Duursma,Port Adelaide,RR,4,110,4,14,3,0,6,1,88,14
2019,3.0,2019-04-06,Connor,Rozee,Port Adelaide,FPR,13,385,3,13,4,0,8,1,57,12
2019,3.0,2019-04-07,Jarrod,Harbrow,Gold Coast,BPL,3,296,5,4,2,0,3,0,89,16
2019,3.0,2019-04-07,Pearce,Hanley,Gold Coast,HBFR,2,424,5,5,3,0,2,0,86,19
2019,3.0,2019-04-07,Matthew,Suckling,Western Bulldogs,HBFR,5,536,6,6,3,0,1,0,90,17
2019,3.0,2019-04-07,Easton,Wood,Western Bulldogs,CHB,2,175,4,5,0,0,2,0,100,12
2019,3.0,2019-04-07,Tom,Liberatore,Western Bulldogs,C,2,418,3,27,6,4,18,2,80,24
2019,3.0,2019-04-07,David,Swallow,Gold Coast,R,5,307,2,18,6,0,4,1,64,9
2019,3.0,2019-04-07,Mitch,Wallis,Western Bulldogs,R,6,468,1,13,6,2,6,0,83,19
2019,3.0,2019-04-07,Jack,Hombsch,Gold Coast,CHB,1,217,7,2,0,0,3,0,88,14
2019,3.0,2019-04-07,Tory,Dickson,Western Bulldogs,HFFL,4,95,1,8,2,0,3,2,71,5
2019,3.0,2019-04-07,Anthony,Miles,Gold Coast,INT,5,258,1,13,6,1,7,0,71,15
2019,3.0,2019-04-07,Alex,Sexton,Gold Coast,HFFL,7,357,3,9,3,0,4,1,62,8
2019,3.0,2019-04-07,Hayden,Crozier,Western Bulldogs,BPR,3,246,4,3,2,0,0,0,82,9
2019,3.0,2019-04-07,Jordan,Murdoch,Gold Coast,HFFR,5,198,3,15,2,0,4,0,91,10
2019,3.0,2019-04-07,Taylor,Duryea,Western Bulldogs,INT,1,543,5,7,8,0,4,0,72,13
2019,3.0,2019-04-07,Jack,Macrae,Western Bulldogs,WR,7,299,4,25,4,1,11,1,82,27
2019,3.0,2019-04-07,Jarrod,Witts,Gold Coast,RK,4,185,0,11,2,0,2,0,64,7
2019,3.0,2019-04-07,Lachie,Hunter,Western Bulldogs,WL,7,394,2,6,5,0,3,0,85,23
2019,3.0,2019-04-07,Jack,Martin,Gold Coast,FPR,10,361,1,20,5,0,6,2,48,11
2019,3.0,2019-04-07,Sam,Lloyd,Western Bulldogs,FPR,4,164,3,7,4,0,7,0,54,7
2019,3.0,2019-04-07,Marcus,Bontempelli,Western Bulldogs,RR,9,624,5,13,7,3,12,1,62,21
2019,3.0,2019-04-07,Nick,Holman,Gold Coast,FPL,1,23,5,16,2,0,7,0,63,5
2019,3.0,2019-04-07,Touk,Miller,Gold Coast,RR,7,395,3,21,3,3,6,0,75,18
2019,3.0,2019-04-07,Peter,Wright,Gold Coast,CHF,4,298,0,10,4,0,1,1,64,7
2019,3.0,2019-04-07,Toby,McLean,Western Bulldogs,FPL,3,189,3,16,3,0,2,1,55,6
2019,3.0,2019-04-07,Caleb,Daniel,Western Bulldogs,HBFL,7,588,4,12,3,0,3,0,79,19
2019,3.0,2019-04-07,Lachie,Weller,Gold Coast,HBFL,5,627,7,4,3,0,4,0,81,21
2019,3.0,2019-04-07,Zaine,Cordy,Western Bulldogs,FB,3,97,3,6,1,0,3,0,89,8
2019,3.0,2019-04-07,Josh,Dunkley,Western Bulldogs,HFFR,7,269,0,28,4,2,5,0,69,11
2019,3.0,2019-04-07,Josh,Schache,Western Bulldogs,CHF,1,94,0,13,2,0,2,1,43,3
2019,3.0,2019-04-07,Darcy,Macpherson,Gold Coast,WL,5,176,2,15,3,0,5,0,81,13
2019,3.0,2019-04-07,Sam,Collins,Gold Coast,FB,1,69,11,7,3,0,5,0,82,9
2019,3.0,2019-04-07,Jesse,Joyce,Gold Coast,INT,3,210,7,4,1,0,5,0,50,6
2019,3.0,2019-04-07,Brayden,Fiorini,Gold Coast,INT,9,472,1,22,3,1,6,2,67,18
2019,3.0,2019-04-07,Jack,Bowes,Gold Coast,C,6,319,5,22,3,3,9,1,72,18
2019,3.0,2019-04-07,Tim,English,Western Bulldogs,RK,2,95,1,11,1,1,1,1,78,7
2019,3.0,2019-04-07,Lewis,Young,Western Bulldogs,BPL,2,224,7,6,3,0,2,0,78,7
2019,3.0,2019-04-07,Billy,Gowers,Western Bulldogs,INT,7,259,1,7,3,0,4,1,77,10
2019,3.0,2019-04-07,Aaron,Naughton,Western Bulldogs,FF,6,225,1,11,1,0,2,0,62,8
2019,3.0,2019-04-07,Ed,Richards,Western Bulldogs,INT,3,170,3,8,2,0,1,1,63,5
2019,3.0,2019-04-07,Charlie,Ballard,Gold Coast,BPR,0,128,3,6,0,0,1,0,100,7
2019,3.0,2019-04-07,Wil,Powell,Gold Coast,WR,4,205,3,11,3,0,3,0,82,9
2019,3.0,2019-04-07,Bailey,Smith,Western Bulldogs,INT,4,159,2,15,5,1,11,0,59,13
2019,3.0,2019-04-07,Chris,Burgess,Gold Coast,FF,4,102,1,7,2,0,5,0,67,6
2019,3.0,2019-04-07,Jack,Lukosius,Gold Coast,INT,4,299,0,9,4,0,1,0,56,5
2019,3.0,2019-04-07,Shaun,Higgins,North Melbourne,C,9,746,6,18,7,2,4,0,78,28
2019,3.0,2019-04-07,James,Frawley,Hawthorn,FB,1,325,4,3,2,0,4,0,85,11
2019,3.0,2019-04-07,Scott,Thompson,North Melbourne,CHB,3,498,8,12,4,0,4,0,84,21
2019,3.0,2019-04-07,Ben,McEvoy,Hawthorn,RK,6,238,4,15,3,0,1,1,69,11
2019,3.0,2019-04-07,Todd,Goldstein,North Melbourne,RK,5,88,4,3,3,2,5,0,80,12
2019,3.0,2019-04-07,Jack,Ziebell,North Melbourne,CHF,8,223,0,17,3,1,4,1,58,14
2019,3.0,2019-04-07,Tom,Scully,Hawthorn,HFFL,2,315,1,13,4,0,2,1,71,17
2019,3.0,2019-04-07,Ben,Stratton,Hawthorn,HBFR,1,106,7,11,1,0,3,0,92,12
2019,3.0,2019-04-07,Ricky,Henderson,Hawthorn,WR,5,292,5,15,5,1,8,0,83,24
2019,3.0,2019-04-07,Ben,Cunnington,North Melbourne,RR,7,106,5,19,2,2,12,0,79,26
2019,3.0,2019-04-07,Jack,Gunston,Hawthorn,FF,6,284,2,14,3,0,2,0,63,10
2019,3.0,2019-04-07,Robbie,Tarrant,North Melbourne,FB,3,351,5,7,5,0,4,0,81,17
2019,3.0,2019-04-07,Jamie,Macmillan,North Melbourne,BPL,2,284,6,13,6,0,6,0,75,21
2019,3.0,2019-04-07,Jasper,Pittard,North Melbourne,HBFL,4,376,5,9,4,0,2,0,88,22
2019,3.0,2019-04-07,Shaun,Atley,North Melbourne,BPR,5,296,4,21,5,0,6,0,63,17
2019,3.0,2019-04-07,Jared,Polec,North Melbourne,WL,3,377,3,16,8,1,4,0,74,14
2019,3.0,2019-04-07,Paul,Puopolo,Hawthorn,FPR,2,68,1,24,1,0,4,0,60,6
2019,3.0,2019-04-07,Isaac,Smith,Hawthorn,WL,6,241,3,15,7,1,5,2,77,17
2019,3.0,2019-04-07,Luke,Breust,Hawthorn,FPL,6,338,0,12,1,0,4,1,62,8
2019,3.0,2019-04-07,Dom,Tyson,North Melbourne,INT,4,208,4,10,4,1,7,0,86,18
2019,3.0,2019-04-07,Aaron,Hall,North Melbourne,HFFL,6,386,2,21,4,0,5,1,69,11
2019,3.0,2019-04-07,Chad,Wingard,Hawthorn,HFFR,5,301,2,14,3,0,2,1,60,6
2019,3.0,2019-04-07,Tom,Campbell,North Melbourne,FPR,3,118,0,5,3,0,3,0,57,4
2019,3.0,2019-04-07,Jaeger,O'Meara,Hawthorn,R,7,371,1,29,8,5,5,1,68,21
2019,3.0,2019-04-07,Jonathon,Ceglar,Hawthorn,CHF,4,114,3,13,0,2,4,2,91,10
2019,3.0,2019-04-07,Jarman,Impey,Hawthorn,BPR,2,389,9,10,4,0,1,0,67,12
2019,3.0,2019-04-07,Luke,McDonald,North Melbourne,HBFR,1,107,6,16,3,0,5,0,83,10
2019,3.0,2019-04-07,Ben,Brown,North Melbourne,FF,4,99,0,13,1,0,2,0,57,4
2019,3.0,2019-04-07,Kayne,Turner,North Melbourne,R,5,124,2,14,2,0,0,0,83,5
2019,3.0,2019-04-07,James,Sicily,Hawthorn,CHB,3,399,9,7,2,0,6,0,91,20
2019,3.0,2019-04-07,Trent,Dumont,North Melbourne,WR,9,289,3,14,1,0,4,1,70,16
2019,3.0,2019-04-07,Blake,Hardwick,Hawthorn,BPL,2,243,5,11,2,1,4,0,88,15
2019,3.0,2019-04-07,Jy,Simpkin,North Melbourne,FPL,5,229,2,16,1,0,5,1,71,12
2019,3.0,2019-04-07,James,Cousins,Hawthorn,INT,3,396,2,16,4,1,4,1,75,12
2019,3.0,2019-04-07,Jack,Scrimshaw,Hawthorn,INT,3,303,5,11,5,0,5,0,74,14
2019,3.0,2019-04-07,Harry,Morrison,Hawthorn,HBFL,1,174,0,29,3,0,2,3,70,7
2019,3.0,2019-04-07,Ben,McKay,North Melbourne,INT,0,12,1,5,0,0,0,0,100,5
2019,3.0,2019-04-07,Luke,Davies-Uniacke,North Melbourne,INT,4,192,0,11,2,0,4,0,89,8
2019,3.0,2019-04-07,David,Mirra,Hawthorn,C,2,179,6,9,2,0,3,0,85,17
2019,3.0,2019-04-07,James,Worpel,Hawthorn,RR,7,250,1,20,1,3,11,0,78,21
2019,3.0,2019-04-07,Conor,Nash,Hawthorn,INT,2,295,1,10,5,0,4,1,64,7
2019,3.0,2019-04-07,Bailey,Scott,North Melbourne,INT,5,181,1,16,1,0,1,0,83,10
2019,3.0,2019-04-07,Tarryn,Thomas,North Melbourne,HFFR,1,122,1,24,2,0,2,0,63,5
2019,3.0,2019-04-07,Dylan,Moore,Hawthorn,INT,0,83,1,14,2,1,4,1,67,6
2019,3.0,2019-04-07,David,Mundy,Fremantle,R,8,301,4,17,3,3,13,0,81,21
2019,3.0,2019-04-07,Nathan,Brown,St Kilda,FB,1,178,9,3,4,0,6,0,92,12
2019,3.0,2019-04-07,Jarryn,Geary,St Kilda,WL,2,369,7,11,4,0,4,1,80,16
2019,3.0,2019-04-07,Michael,Walters,Fremantle,HFFR,7,380,4,19,4,5,8,2,93,25
2019,3.0,2019-04-07,Shane,Savage,St Kilda,BPR,4,342,8,17,1,0,4,0,71,12
2019,3.0,2019-04-07,Travis,Colyer,Fremantle,FPR,3,286,1,20,5,0,5,1,50,7
2019,3.0,2019-04-07,Nat,Fyfe,Fremantle,C,2,224,2,8,4,3,8,2,65,15
2019,3.0,2019-04-07,Reece,Conca,Fremantle,INT,1,229,4,13,5,4,2,1,67,18
2019,3.0,2019-04-07,Brandon,Matera,Fremantle,FPL,4,240,0,8,4,0,5,1,75,12
2019,3.0,2019-04-07,Nathan,Wilson,Fremantle,CHB,2,354,1,10,5,0,1,0,71,10
2019,3.0,2019-04-07,Jack,Newnes,St Kilda,HBFL,8,349,4,13,5,0,7,0,88,22
2019,3.0,2019-04-07,Bradley,Hill,Fremantle,WR,4,602,1,16,4,0,2,0,77,17
2019,3.0,2019-04-07,Josh,Bruce,St Kilda,CHF,5,136,0,11,2,0,4,0,60,6
2019,3.0,2019-04-07,Sebastian,Ross,St Kilda,C,6,394,2,21,5,2,6,0,71,15
2019,3.0,2019-04-07,Dean,Kent,St Kilda,INT,3,263,4,13,1,0,5,0,53,8
2019,3.0,2019-04-07,Jimmy,Webster,St Kilda,BPL,3,339,6,15,3,0,4,0,63,12
2019,3.0,2019-04-07,Matt,Taberner,Fremantle,FF,3,216,2,10,3,0,5,1,64,9
2019,3.0,2019-04-07,Jack,Billings,St Kilda,WR,5,408,6,14,5,1,9,0,75,24
2019,3.0,2019-04-07,Luke,Dunstan,St Kilda,INT,2,371,4,14,8,1,9,0,50,10
2019,3.0,2019-04-07,Blake,Acres,St Kilda,HFFL,4,175,0,17,4,0,2,1,88,7
2019,3.0,2019-04-07,Rory,Lobb,Fremantle,RK,4,232,1,8,7,2,2,0,65,11
2019,3.0,2019-04-07,Tim,Membrey,St Kilda,FF,9,408,3,11,4,0,5,1,75,12
2019,3.0,2019-04-07,Cam,McCarthy,Fremantle,INT,3,311,0,11,7,0,3,0,31,5
2019,3.0,2019-04-07,Jesse,Hogan,Fremantle,CHF,3,205,0,10,6,0,5,1,69,11
2019,3.0,2019-04-07,Jack,Lonie,St Kilda,FPL,3,211,1,14,1,0,6,4,87,13
2019,3.0,2019-04-07,Jack,Sinclair,St Kilda,R,2,64,1,20,0,0,4,1,78,7
2019,3.0,2019-04-07,Daniel,McKenzie,St Kilda,HBFR,2,265,7,14,1,0,4,0,85,11
2019,3.0,2019-04-07,Alex,Pearce,Fremantle,FB,1,29,10,10,1,0,6,0,73,8
2019,3.0,2019-04-07,Joel,Hamling,Fremantle,BPL,1,119,6,13,1,0,1,0,86,12
2019,3.0,2019-04-07,Jack,Steele,St Kilda,RR,5,428,4,32,9,0,6,1,55,12
2019,3.0,2019-04-07,Ed,Langdon,Fremantle,WL,4,319,5,5,6,0,8,1,69,20
2019,3.0,2019-04-07,Ethan,Hughes,Fremantle,HBFR,4,229,3,6,3,0,4,0,58,7
2019,3.0,2019-04-07,Jade,Gresham,St Kilda,FPR,6,439,2,7,6,0,8,0,80,16
2019,3.0,2019-04-07,Darcy,Tucker,Fremantle,RR,6,295,6,18,3,0,11,0,91,19
2019,3.0,2019-04-07,Luke,Ryan,Fremantle,BPR,4,677,13,10,3,0,4,0,91,29
2019,3.0,2019-04-07,Josh,Battle,St Kilda,CHB,1,310,5,8,3,0,1,0,82,14
2019,3.0,2019-04-07,Rowan,Marshall,St Kilda,RK,3,335,5,15,6,0,7,0,69,11
2019,3.0,2019-04-07,Hunter,Clark,St Kilda,INT,3,189,2,13,3,1,8,0,53,8
2019,3.0,2019-04-07,Bailey,Banfield,Fremantle,HFFL,4,122,4,18,4,0,5,1,75,9
2019,3.0,2019-04-07,Andrew,Brayshaw,Fremantle,INT,3,112,3,18,2,0,6,1,69,11
2019,3.0,2019-04-07,Adam,Cerra,Fremantle,INT,4,260,5,12,5,0,7,0,70,16
2019,3.0,2019-04-07,Taylin,Duman,Fremantle,HBFL,0,261,4,11,2,0,3,0,93,14
2019,3.0,2019-04-07,Matthew,Parker,St Kilda,HFFR,2,83,2,23,2,0,3,1,73,8
2019,3.0,2019-04-07,Callum,Wilkie,St Kilda,INT,1,97,5,6,2,0,3,0,75,9
2019,4.0,2019-04-11,Lance,Franklin,Sydney,FF,8,586,1,1,6,0,1,0,50,8
2019,4.0,2019-04-11,Nathan,Jones,Melbourne,HBFR,6,372,3,12,6,1,6,0,57,12
2019,4.0,2019-04-11,Kieren,Jack,Sydney,INT,6,272,2,14,0,1,3,0,79,11
2019,4.0,2019-04-11,Josh P.,Kennedy,Sydney,RR,3,196,2,21,0,2,9,0,75,18
2019,4.0,2019-04-11,Jake,Melksham,Melbourne,FPR,7,363,0,15,6,0,2,0,57,8
2019,4.0,2019-04-11,Sam,Reid,Sydney,CHF,3,126,2,13,2,0,2,0,73,8
2019,4.0,2019-04-11,Michael,Hibberd,Melbourne,BPL,1,273,3,5,2,0,2,0,39,5
2019,4.0,2019-04-11,Luke,Parker,Sydney,C,5,347,1,24,6,2,7,0,77,17
2019,4.0,2019-04-11,Max,Gawn,Melbourne,RK,3,282,5,13,7,2,3,0,53,10
2019,4.0,2019-04-11,Tom,McDonald,Melbourne,FF,6,151,1,11,3,0,5,0,69,11
2019,4.0,2019-04-11,Harry,Cunningham,Sydney,HFFL,3,575,3,22,7,1,5,0,76,19
2019,4.0,2019-04-11,Sam,Frost,Melbourne,CHB,0,191,5,7,3,0,3,0,50,4
2019,4.0,2019-04-11,Dane,Rampe,Sydney,FB,5,525,15,5,5,0,8,0,72,18
2019,4.0,2019-04-11,Jack,Viney,Melbourne,R,2,307,2,34,1,0,4,1,53,8
2019,4.0,2019-04-11,Callum,Sinclair,Sydney,RK,1,74,0,6,3,1,0,1,50,3
2019,4.0,2019-04-11,Jackson,Thurlow,Sydney,INT,5,287,9,6,6,0,6,0,61,11
2019,4.0,2019-04-11,Jake,Lloyd,Sydney,HBFL,6,640,2,8,6,0,3,0,77,26
2019,4.0,2019-04-11,Christian,Salem,Melbourne,WR,5,506,5,10,6,0,8,0,67,18
2019,4.0,2019-04-11,Zak,Jones,Sydney,HBFR,3,398,1,23,8,1,7,0,63,15
2019,4.0,2019-04-11,Angus,Brayshaw,Melbourne,HFFR,5,272,4,18,3,3,8,1,68,13
2019,4.0,2019-04-11,Isaac,Heeney,Sydney,HFFR,8,215,6,19,5,3,8,2,91,21
2019,4.0,2019-04-11,Billy,Stretch,Melbourne,HBFL,3,287,0,11,1,0,1,0,75,9
2019,4.0,2019-04-11,James,Harmes,Melbourne,INT,6,388,2,17,4,3,6,1,68,13
2019,4.0,2019-04-11,Oscar,McDonald,Melbourne,FB,1,74,3,3,0,0,1,0,63,5
2019,4.0,2019-04-11,Clayton,Oliver,Melbourne,C,6,479,6,19,7,2,14,0,58,19
2019,4.0,2019-04-11,George,Hewett,Sydney,WL,3,19,2,18,2,1,4,0,70,7
2019,4.0,2019-04-11,Callum,Mills,Sydney,BPL,3,97,3,7,1,0,3,0,93,14
2019,4.0,2019-04-11,Tom,Papley,Sydney,R,6,207,0,13,1,0,5,2,47,7
2019,4.0,2019-04-11,Josh,Wagner,Melbourne,INT,5,191,8,6,3,0,8,0,81,13
2019,4.0,2019-04-11,Jayden,Hunt,Melbourne,WL,5,236,3,15,3,0,7,3,54,7
2019,4.0,2019-04-11,Christian,Petracca,Melbourne,RR,6,301,2,27,2,1,7,2,71,12
2019,4.0,2019-04-11,Aliir,Aliir,Sydney,CHB,4,185,9,5,1,0,2,0,89,16
2019,4.0,2019-04-11,Corey,Wagner,Melbourne,INT,4,173,4,13,2,0,2,1,90,9
2019,4.0,2019-04-11,Sam,Weideman,Melbourne,INT,4,105,1,13,1,1,4,0,100,9
2019,4.0,2019-04-11,Oliver,Florent,Sydney,WR,7,427,6,15,4,2,13,0,64,16
2019,4.0,2019-04-11,Braydon,Preuss,Melbourne,CHF,5,184,1,4,1,0,7,0,46,5
2019,4.0,2019-04-11,Jordan,Dawson,Sydney,FPL,6,385,1,13,6,0,4,1,72,13
2019,4.0,2019-04-11,Bayley,Fritsch,Melbourne,HFFL,2,237,7,13,3,0,4,0,75,12
2019,4.0,2019-04-11,Ben,Ronke,Sydney,FPR,3,229,0,16,3,0,1,1,46,5
2019,4.0,2019-04-11,Charlie,Spargo,Melbourne,FPL,4,123,1,17,0,0,3,1,86,6
2019,4.0,2019-04-11,Tom,McCartin,Sydney,BPR,1,41,4,9,2,0,1,0,78,7
2019,4.0,2019-04-11,Marty,Hore,Melbourne,BPR,3,364,8,8,5,0,3,0,75,15
2019,4.0,2019-04-11,Nick,Blakey,Sydney,INT,3,64,0,15,0,0,1,0,60,3
2019,4.0,2019-04-11,Justin,McInerney,Sydney,INT,1,41,0,19,0,1,0,0,0,0
2019,4.0,2019-04-12,Scott,Pendlebury,Collingwood,C,6,204,5,26,2,3,6,0,70,19
2019,4.0,2019-04-12,Travis,Varcoe,Collingwood,WR,8,302,1,25,3,0,5,1,75,15
2019,4.0,2019-04-12,Chris,Mayne,Collingwood,WL,0,5,1,0,0,0,1,0,100,3
2019,4.0,2019-04-12,Matthew,Suckling,Western Bulldogs,HBFR,9,321,3,9,3,0,3,0,93,25
2019,4.0,2019-04-12,Steele,Sidebottom,Collingwood,RR,5,484,4,15,2,0,5,1,80,20
2019,4.0,2019-04-12,Easton,Wood,Western Bulldogs,CHB,1,162,5,7,4,0,3,0,93,14
2019,4.0,2019-04-12,Jordan,Roughead,Collingwood,FB,0,114,9,3,0,0,4,0,93,13
2019,4.0,2019-04-12,Tom,Liberatore,Western Bulldogs,C,5,369,6,34,6,2,11,0,76,19
2019,4.0,2019-04-12,Mitch,Wallis,Western Bulldogs,HFFR,3,221,1,14,2,0,5,0,84,16
2019,4.0,2019-04-12,Jeremy,Howe,Collingwood,BPR,0,309,6,6,6,0,5,0,77,13
2019,4.0,2019-04-12,Tory,Dickson,Western Bulldogs,FPR,5,126,4,8,6,0,8,1,62,8
2019,4.0,2019-04-12,Adam,Treloar,Collingwood,INT,8,218,1,17,3,2,3,0,92,24
2019,4.0,2019-04-12,Jack,Crisp,Collingwood,HBFL,4,464,5,19,3,0,7,1,72,13
2019,4.0,2019-04-12,Taylor,Adams,Collingwood,FPL,3,413,3,28,10,2,4,0,46,13
2019,4.0,2019-04-12,Jamie,Elliott,Collingwood,HFFR,5,179,1,10,4,0,3,1,64,7
2019,4.0,2019-04-12,Hayden,Crozier,Western Bulldogs,BPR,4,407,5,10,4,0,1,0,62,8
2019,4.0,2019-04-12,Jason,Johannisen,Western Bulldogs,WR,3,349,3,14,4,0,3,0,84,21
2019,4.0,2019-04-12,Josh,Thomas,Collingwood,HFFL,5,298,1,19,3,0,4,1,85,11
2019,4.0,2019-04-12,Taylor,Duryea,Western Bulldogs,BPL,3,308,8,8,2,0,4,0,76,16
2019,4.0,2019-04-12,Jack,Macrae,Western Bulldogs,R,6,249,6,12,4,2,11,0,82,27
2019,4.0,2019-04-12,Lachie,Hunter,Western Bulldogs,WL,5,346,3,15,3,0,3,0,97,28
2019,4.0,2019-04-12,Brodie,Grundy,Collingwood,RK,8,147,4,12,2,1,6,1,73,16
2019,4.0,2019-04-12,Tom,Langdon,Collingwood,INT,1,3,10,13,2,0,8,0,90,18
2019,4.0,2019-04-12,James,Aish,Collingwood,HBFR,0,104,0,10,2,0,1,0,73,8
2019,4.0,2019-04-12,Sam,Lloyd,Western Bulldogs,INT,4,288,1,20,2,0,1,2,75,9
2019,4.0,2019-04-12,Marcus,Bontempelli,Western Bulldogs,RR,5,598,3,23,11,1,14,2,75,27
2019,4.0,2019-04-12,Jordan,De Goey,Collingwood,FPR,9,328,2,15,4,1,3,2,63,12
2019,4.0,2019-04-12,Toby,McLean,Western Bulldogs,FPL,3,81,3,14,2,0,3,3,87,13
2019,4.0,2019-04-12,Brayden,Maynard,Collingwood,BPL,1,256,4,21,0,0,2,0,75,9
2019,4.0,2019-04-12,Darcy,Moore,Collingwood,CHB,0,221,9,4,8,0,5,0,75,15
2019,4.0,2019-04-12,Caleb,Daniel,Western Bulldogs,HBFL,4,537,5,18,9,0,6,0,73,22
2019,4.0,2019-04-12,Zaine,Cordy,Western Bulldogs,FB,0,35,4,9,1,0,3,0,63,5
2019,4.0,2019-04-12,Josh,Dunkley,Western Bulldogs,HFFL,5,102,2,15,1,0,5,0,100,15
2019,4.0,2019-04-12,Josh,Schache,Western Bulldogs,CHF,1,61,0,9,0,1,2,0,50,2
2019,4.0,2019-04-12,Mason,Cox,Collingwood,CHF,5,161,2,11,2,1,2,1,85,11
2019,4.0,2019-04-12,Tom,Phillips,Collingwood,R,3,530,3,14,8,0,5,1,69,20
2019,4.0,2019-04-12,Tim,English,Western Bulldogs,RK,4,110,2,14,2,1,3,2,88,15
2019,4.0,2019-04-12,Callum L.,Brown,Collingwood,INT,5,227,0,22,3,0,4,2,65,11
2019,4.0,2019-04-12,Jaidyn,Stephenson,Collingwood,INT,5,248,0,16,4,0,3,0,88,15
2019,4.0,2019-04-12,Billy,Gowers,Western Bulldogs,INT,0,19,3,12,2,0,3,2,80,4
2019,4.0,2019-04-12,Aaron,Naughton,Western Bulldogs,FF,6,204,1,19,1,0,1,0,91,10
2019,4.0,2019-04-12,Ed,Richards,Western Bulldogs,INT,1,237,3,17,2,0,2,0,75,9
2019,4.0,2019-04-12,Brody,Mihocek,Collingwood,FF,4,330,3,6,2,0,1,0,54,7
2019,4.0,2019-04-12,Bailey,Smith,Western Bulldogs,INT,5,255,2,14,3,0,4,0,92,12
2019,4.0,2019-04-13,Gary,Ablett,Geelong,FPL,8,251,2,21,3,0,7,3,69,11
2019,4.0,2019-04-13,Heath,Shaw,Greater Western Sydney,BPL,2,285,3,6,4,0,2,1,80,12
2019,4.0,2019-04-13,Joel,Selwood,Geelong,HBFL,4,214,1,30,3,1,3,0,83,15
2019,4.0,2019-04-13,Tom,Hawkins,Geelong,FPR,12,225,0,3,0,0,5,0,80,12
2019,4.0,2019-04-13,Harry,Taylor,Geelong,CHF,1,237,4,10,2,0,1,1,82,9
2019,4.0,2019-04-13,Shane,Mumford,Greater Western Sydney,RK,8,82,1,15,3,0,2,0,77,10
2019,4.0,2019-04-13,Callan,Ward,Greater Western Sydney,INT,0,39,0,0,2,0,0,0,100,1
2019,4.0,2019-04-13,Patrick,Dangerfield,Geelong,C,5,362,2,7,4,2,8,1,71,12
2019,4.0,2019-04-13,Sam J.,Reid,Greater Western Sydney,FPL,6,231,2,11,2,0,2,0,93,14
2019,4.0,2019-04-13,Matt,de Boer,Greater Western Sydney,HFFR,1,88,2,17,2,2,6,0,80,12
2019,4.0,2019-04-13,Mitch,Duncan,Geelong,HFFL,4,335,1,13,3,0,4,0,65,17
2019,4.0,2019-04-13,Phil,Davis,Greater Western Sydney,FB,3,151,8,11,3,0,1,0,87,13
2019,4.0,2019-04-13,Gary,Rohan,Geelong,RR,3,158,2,16,4,0,2,0,83,5
2019,4.0,2019-04-13,Rhys,Stanley,Geelong,WR,2,203,2,12,1,3,3,0,89,8
2019,4.0,2019-04-13,Luke,Dahlhaus,Geelong,HBFR,5,96,0,15,3,0,4,0,73,11
2019,4.0,2019-04-13,Jeremy,Cameron,Greater Western Sydney,FF,9,262,2,5,1,0,3,0,60,9
2019,4.0,2019-04-13,Stephen,Coniglio,Greater Western Sydney,C,7,332,1,9,4,7,9,0,65,22
2019,4.0,2019-04-13,Adam,Kennedy,Greater Western Sydney,INT,1,213,3,12,3,0,0,0,81,13
2019,4.0,2019-04-13,Adam,Tomlinson,Greater Western Sydney,WR,6,291,1,14,2,0,5,0,62,13
2019,4.0,2019-04-13,Matt,Buntine,Greater Western Sydney,BPR,5,186,0,7,3,0,1,0,46,5
2019,4.0,2019-04-13,Nick,Haynes,Greater Western Sydney,HBFL,1,163,6,7,4,0,2,0,88,15
2019,4.0,2019-04-13,Lachie,Whitfield,Greater Western Sydney,HFFL,8,539,6,12,2,0,9,0,84,26
2019,4.0,2019-04-13,Mark,Blicavs,Geelong,RK,1,174,6,6,2,0,2,0,89,8
2019,4.0,2019-04-13,Zac,Williams,Greater Western Sydney,WL,1,369,4,10,3,0,4,0,69,11
2019,4.0,2019-04-13,Josh,Kelly,Greater Western Sydney,RR,9,452,3,18,5,0,10,1,69,22
2019,4.0,2019-04-13,Jake,Kolodjashnij,Geelong,BPL,0,167,8,5,2,0,6,0,54,7
2019,4.0,2019-04-13,Jacob,Hopper,Greater Western Sydney,FPR,7,351,3,18,5,2,11,0,68,21
2019,4.0,2019-04-13,Harry,Himmelberg,Greater Western Sydney,CHF,6,114,0,8,0,0,2,3,91,10
2019,4.0,2019-04-13,Sam,Menegola,Geelong,INT,5,173,2,17,0,1,3,0,79,11
2019,4.0,2019-04-13,Tim,Taranto,Greater Western Sydney,R,7,362,3,34,4,2,9,2,61,17
2019,4.0,2019-04-13,Brandan,Parfitt,Geelong,HFFR,4,314,3,17,5,1,11,1,54,13
2019,4.0,2019-04-13,Tom,Stewart,Geelong,BPR,2,674,4,5,3,0,3,0,85,22
2019,4.0,2019-04-13,Daniel,Lloyd,Greater Western Sydney,INT,6,271,0,4,3,1,3,0,64,9
2019,4.0,2019-04-13,Mark,O'Connor,Geelong,WL,2,164,6,17,3,0,2,0,92,12
2019,4.0,2019-04-13,Jeremy,Finlayson,Greater Western Sydney,HBFR,6,210,1,7,0,0,3,0,75,9
2019,4.0,2019-04-13,Tim,Kelly,Geelong,R,3,295,0,23,6,0,1,0,33,3
2019,4.0,2019-04-13,Esava,Ratugolea,Geelong,CHB,2,239,3,6,4,0,1,0,67,6
2019,4.0,2019-04-13,Jack,Henry,Geelong,FB,2,67,1,6,1,0,2,0,83,5
2019,4.0,2019-04-13,Sam,Taylor,Greater Western Sydney,CHB,1,159,6,12,0,0,2,0,80,8
2019,4.0,2019-04-13,Brent,Daniels,Greater Western Sydney,INT,7,138,2,12,0,0,3,1,67,8
2019,4.0,2019-04-13,Tom,Atkins,Geelong,FF,5,166,1,18,2,0,5,1,86,12
2019,4.0,2019-04-13,Jordan,Clark,Geelong,INT,0,245,3,8,1,0,0,0,86,6
2019,4.0,2019-04-13,Charlie,Constable,Geelong,INT,2,153,2,23,5,0,6,0,56,9
2019,4.0,2019-04-13,Gryan,Miers,Geelong,INT,5,143,2,19,0,0,4,0,92,11
2019,4.0,2019-04-13,Luke,Hodge,Brisbane Lions,BPL,3,272,7,13,1,0,3,0,100,16
2019,4.0,2019-04-13,David,Myers,Essendon,INT,2,130,2,9,5,3,10,0,68,13
2019,4.0,2019-04-13,Tom,Bellchambers,Essendon,RK,3,81,0,10,3,2,4,0,67,4
2019,4.0,2019-04-13,Stefan,Martin,Brisbane Lions,INT,6,161,1,9,4,2,2,0,79,11
2019,4.0,2019-04-13,Cale,Hooker,Essendon,BPL,2,170,10,4,2,0,4,0,87,20
2019,4.0,2019-04-13,Mitch,Robinson,Brisbane Lions,HBFR,5,437,2,9,7,1,4,0,94,17
2019,4.0,2019-04-13,Daniel,Rich,Brisbane Lions,BPR,3,427,3,13,3,0,5,0,75,18
2019,4.0,2019-04-13,Michael,Hurley,Essendon,CHB,3,498,12,5,4,0,6,0,77,17
2019,4.0,2019-04-13,David,Zaharakis,Essendon,WL,6,278,2,11,2,0,6,0,83,25
2019,4.0,2019-04-13,Zac,Clarke,Essendon,CHF,3,63,3,9,3,1,7,0,73,8
2019,4.0,2019-04-13,Dyson,Heppell,Essendon,HBFL,6,383,4,11,6,0,7,0,77,17
2019,4.0,2019-04-13,Allen,Christensen,Brisbane Lions,INT,4,205,1,12,4,0,4,1,68,15
2019,4.0,2019-04-13,Mitch,Brown,Essendon,FF,10,267,2,9,2,0,7,0,88,22
2019,4.0,2019-04-13,Dylan,Shiel,Essendon,R,6,322,4,23,3,5,11,1,75,21
2019,4.0,2019-04-13,Devon,Smith,Essendon,INT,4,337,1,21,4,0,5,1,53,10
2019,4.0,2019-04-13,Lachie,Neale,Brisbane Lions,C,4,308,8,20,5,3,11,2,78,31
2019,4.0,2019-04-13,Jarryd,Lyons,Brisbane Lions,R,6,140,2,20,1,1,3,0,89,16
2019,4.0,2019-04-13,Dayne,Zorko,Brisbane Lions,RR,5,582,4,31,7,0,8,1,64,14
2019,4.0,2019-04-13,Lincoln,McCarthy,Brisbane Lions,HFFR,3,199,1,19,4,0,6,0,50,6
2019,4.0,2019-04-13,Mark,Baguley,Essendon,FPR,7,239,1,14,2,0,1,2,80,8
2019,4.0,2019-04-13,Josh,Walker,Brisbane Lions,FPR,1,186,9,6,3,0,4,0,93,13
2019,4.0,2019-04-13,Jake,Stringer,Essendon,FPL,8,372,1,14,2,0,4,0,54,7
2019,4.0,2019-04-13,Patrick,Ambrose,Essendon,FB,1,97,5,6,0,0,3,0,71,5
2019,4.0,2019-04-13,Zach,Merrett,Essendon,C,9,416,5,30,6,3,11,0,86,30
2019,4.0,2019-04-13,Nick,Robertson,Brisbane Lions,HBFL,1,-5,4,20,0,0,1,0,100,9
2019,4.0,2019-04-13,Darcy,Gardiner,Brisbane Lions,CHB,1,181,4,16,3,0,2,0,77,10
2019,4.0,2019-04-13,Charlie,Cameron,Brisbane Lions,FPL,5,345,3,11,5,0,3,0,36,5
2019,4.0,2019-04-13,Daniel,McStay,Brisbane Lions,FF,6,96,2,8,0,0,2,0,80,8
2019,4.0,2019-04-13,Orazio,Fantasia,Essendon,RR,8,183,1,20,2,0,5,1,86,12
2019,4.0,2019-04-13,Adam,Saad,Essendon,HBFR,2,277,2,14,3,0,5,0,83,10
2019,4.0,2019-04-13,Harris,Andrews,Brisbane Lions,FB,1,323,8,8,5,0,5,0,77,17
2019,4.0,2019-04-13,Conor,McKenna,Essendon,BPR,1,336,7,3,6,0,3,0,85,17
2019,4.0,2019-04-13,Anthony,McDonald-Tipungwuti,Essendon,HFFR,12,477,0,25,2,0,6,2,85,17
2019,4.0,2019-04-13,Darcy,Parish,Essendon,HFFL,2,353,1,23,5,1,4,1,53,10
2019,4.0,2019-04-13,Mason,Redman,Essendon,WR,3,240,4,13,5,0,2,0,82,14
2019,4.0,2019-04-13,Rhys,Mathieson,Brisbane Lions,INT,5,169,2,8,0,1,4,0,86,12
2019,4.0,2019-04-13,Eric,Hipwood,Brisbane Lions,CHF,4,167,0,8,2,0,2,2,71,5
2019,4.0,2019-04-13,Andrew,McGrath,Essendon,INT,4,381,3,7,3,0,3,0,68,13
2019,4.0,2019-04-13,Jarrod,Berry,Brisbane Lions,WL,7,455,3,21,8,1,6,0,69,18
2019,4.0,2019-04-13,Hugh,McCluggage,Brisbane Lions,WR,4,326,1,18,5,0,3,1,80,16
2019,4.0,2019-04-13,Alex,Witherden,Brisbane Lions,INT,6,567,5,9,6,0,3,0,86,24
2019,4.0,2019-04-13,Cam,Rayner,Brisbane Lions,HFFL,2,88,0,15,2,0,1,0,57,4
2019,4.0,2019-04-13,Oscar,McInerney,Brisbane Lions,RK,3,24,2,13,0,0,3,1,71,5
2019,4.0,2019-04-13,Jordan,Ridley,Essendon,INT,4,306,5,6,2,0,3,0,94,16
2019,4.0,2019-04-13,Paddy,Ryder,Port Adelaide,FF,4,234,0,10,1,1,3,0,58,7
2019,4.0,2019-04-13,Shane,Edwards,Richmond,CHB,3,380,12,8,3,0,7,0,74,17
2019,4.0,2019-04-13,Robbie,Gray,Port Adelaide,FPL,5,283,1,4,2,2,4,0,56,9
2019,4.0,2019-04-13,Justin,Westhoff,Port Adelaide,WR,2,179,0,8,3,0,3,1,64,9
2019,4.0,2019-04-13,Travis,Boak,Port Adelaide,HFFL,7,493,4,24,7,2,13,0,61,20
2019,4.0,2019-04-13,Brad,Ebert,Port Adelaide,CHF,7,403,4,14,5,2,3,3,78,18
2019,4.0,2019-04-13,Tom,Rockliff,Port Adelaide,C,4,243,4,14,3,3,8,1,81,30
2019,4.0,2019-04-13,Steven,Motlop,Port Adelaide,WL,0,120,2,10,0,0,1,1,100,7
2019,4.0,2019-04-13,David,Astbury,Richmond,FB,2,269,4,6,3,0,1,0,92,11
2019,4.0,2019-04-13,Dylan,Grimes,Richmond,BPR,2,247,13,5,2,0,7,0,65,11
2019,4.0,2019-04-13,Dion,Prestia,Richmond,FPL,4,240,1,13,5,4,7,0,60,12
2019,4.0,2019-04-13,Tom,Lynch,Richmond,FF,9,224,2,13,1,0,2,1,80,8
2019,4.0,2019-04-13,Scott,Lycett,Port Adelaide,RK,3,308,1,8,2,0,2,0,79,15
2019,4.0,2019-04-13,Tom,Jonas,Port Adelaide,CHB,1,382,7,7,8,0,3,0,74,14
2019,4.0,2019-04-13,Josh,Caddy,Richmond,RR,5,259,2,10,4,0,5,1,56,5
2019,4.0,2019-04-13,Brandon,Ellis,Richmond,WL,5,433,5,18,6,1,6,0,79,22
2019,4.0,2019-04-13,Ollie,Wines,Port Adelaide,RR,7,232,1,11,5,4,8,0,70,14
2019,4.0,2019-04-13,Nick,Vlastuin,Richmond,HBFL,2,301,4,5,2,0,2,0,87,13
2019,4.0,2019-04-13,Tom,Clurey,Port Adelaide,FB,1,166,8,9,2,0,3,0,87,13
2019,4.0,2019-04-13,Sam,Gray,Port Adelaide,INT,4,123,1,18,4,0,5,0,80,12
2019,4.0,2019-04-13,Kamdyn,McIntosh,Richmond,WR,2,223,4,11,2,0,4,0,64,9
2019,4.0,2019-04-13,Kane,Lambert,Richmond,R,7,212,1,18,3,0,8,1,71,17
2019,4.0,2019-04-13,Connor,Menadue,Richmond,HBFR,3,235,6,13,6,0,6,0,85,11
2019,4.0,2019-04-13,Toby,Nankervis,Richmond,RK,2,191,2,17,7,2,2,0,50,7
2019,4.0,2019-04-13,Daniel,Rioli,Richmond,HFFL,6,225,1,23,2,0,2,0,70,7
2019,4.0,2019-04-13,Dougal,Howard,Port Adelaide,INT,0,130,7,4,3,0,4,0,79,11
2019,4.0,2019-04-13,Darcy,Byrne-Jones,Port Adelaide,HBFR,4,227,5,12,3,0,2,0,74,14
2019,4.0,2019-04-13,Jason,Castagna,Richmond,CHF,6,70,1,17,5,0,4,2,55,6
2019,4.0,2019-04-13,Nathan,Broad,Richmond,BPL,1,150,1,13,1,0,0,0,83,5
2019,4.0,2019-04-13,Ryan,Burton,Port Adelaide,HBFL,3,442,6,11,5,2,5,0,78,18
2019,4.0,2019-04-13,Riley,Bonner,Port Adelaide,BPL,0,300,5,13,1,0,3,0,89,16
2019,4.0,2019-04-13,Dan,Houston,Port Adelaide,BPR,4,368,4,5,3,0,3,0,87,20
2019,4.0,2019-04-13,Sam,Powell-Pepper,Port Adelaide,INT,4,188,3,10,5,0,7,0,54,7
2019,4.0,2019-04-13,Shai,Bolton,Richmond,INT,6,154,0,15,1,1,7,1,64,7
2019,4.0,2019-04-13,Jack,Graham,Richmond,HFFR,2,254,1,23,4,1,2,1,57,8
2019,4.0,2019-04-13,Jack,Higgins,Richmond,INT,6,412,0,21,3,2,1,1,71,12
2019,4.0,2019-04-13,Liam,Baker,Richmond,C,5,338,3,15,4,2,8,0,77,13
2019,4.0,2019-04-13,Noah,Balta,Richmond,INT,3,334,3,13,4,0,2,0,40,4
2019,4.0,2019-04-13,Zak,Butters,Port Adelaide,HFFR,3,231,0,11,5,0,1,1,55,6
2019,4.0,2019-04-13,Willem,Drew,Port Adelaide,INT,2,218,5,20,3,0,2,0,81,13
2019,4.0,2019-04-13,Xavier,Duursma,Port Adelaide,R,4,248,3,11,2,0,4,0,77,13
2019,4.0,2019-04-13,Connor,Rozee,Port Adelaide,FPR,1,113,2,17,2,0,7,2,75,9
2019,4.0,2019-04-13,Sydney,Stack,Richmond,INT,1,119,4,3,1,0,0,0,91,10
2019,4.0,2019-04-13,Jack,Ross,Richmond,FPR,7,351,7,24,4,1,6,0,88,22
2019,4.0,2019-04-13,Eddie,Betts,Adelaide,FPR,6,206,1,10,4,0,5,1,55,6
2019,4.0,2019-04-13,Shaun,Higgins,North Melbourne,C,7,304,1,24,6,1,4,2,80,24
2019,4.0,2019-04-13,David,Mackay,Adelaide,WL,5,296,4,20,4,1,5,0,77,13
2019,4.0,2019-04-13,Scott,Thompson,North Melbourne,CHB,1,273,7,12,4,0,2,0,88,15
2019,4.0,2019-04-13,Todd,Goldstein,North Melbourne,RK,10,208,4,7,3,1,6,0,73,16
2019,4.0,2019-04-13,Taylor,Walker,Adelaide,CHF,5,221,1,13,5,0,1,1,73,8
2019,4.0,2019-04-13,Jack,Ziebell,North Melbourne,CHF,7,282,2,6,3,0,8,1,67,10
2019,4.0,2019-04-13,Rory,Sloane,Adelaide,R,6,161,3,23,3,2,2,0,88,14
2019,4.0,2019-04-13,Ben,Cunnington,North Melbourne,RR,4,117,4,16,4,1,10,0,52,11
2019,4.0,2019-04-13,Robbie,Tarrant,North Melbourne,FB,3,125,6,9,2,0,3,0,90,18
2019,4.0,2019-04-13,Jamie,Macmillan,North Melbourne,BPL,2,77,5,12,4,0,1,0,67,10
2019,4.0,2019-04-13,Tom,Lynch,Adelaide,HFFL,9,289,4,10,5,0,6,0,65,13
2019,4.0,2019-04-13,Jasper,Pittard,North Melbourne,BPR,3,305,5,8,2,0,2,0,81,17
2019,4.0,2019-04-13,Brodie,Smith,Adelaide,HBFL,4,420,5,13,2,0,7,0,94,17
2019,4.0,2019-04-13,Shaun,Atley,North Melbourne,HBFR,1,255,7,5,1,0,6,0,96,21
2019,4.0,2019-04-13,Jared,Polec,North Melbourne,WL,5,538,1,8,5,2,4,0,77,20
2019,4.0,2019-04-13,Daniel,Talia,Adelaide,FB,1,82,5,4,0,0,1,0,100,13
2019,4.0,2019-04-13,Aaron,Hall,North Melbourne,INT,4,326,4,14,5,0,6,0,62,13
2019,4.0,2019-04-13,Josh,Jenkins,Adelaide,FF,5,256,0,7,4,0,3,0,62,8
2019,4.0,2019-04-13,Jed,Anderson,North Melbourne,R,6,189,2,18,3,3,9,0,68,13
2019,4.0,2019-04-13,Brad,Crouch,Adelaide,INT,5,163,2,11,4,0,4,0,79,19
2019,4.0,2019-04-13,Rory,Laird,Adelaide,HBFR,7,332,8,14,5,0,6,0,77,24
2019,4.0,2019-04-13,Kyle,Hartigan,Adelaide,CHB,0,50,1,10,1,0,0,0,50,2
2019,4.0,2019-04-13,Luke,McDonald,North Melbourne,HBFL,1,213,3,4,1,0,3,0,75,9
2019,4.0,2019-04-13,Matt,Crouch,Adelaide,C,8,242,4,15,3,0,11,0,59,17
2019,4.0,2019-04-13,Cameron,Ellis-Yolmen,Adelaide,RR,5,113,3,30,3,0,7,0,87,13
2019,4.0,2019-04-13,Ben,Brown,North Melbourne,FF,7,238,4,11,2,0,4,1,60,9
2019,4.0,2019-04-13,Kayne,Turner,North Melbourne,FPL,6,153,2,16,2,0,3,2,82,9
2019,4.0,2019-04-13,Mason,Wood,North Melbourne,HFFR,8,377,5,19,5,2,8,0,67,12
2019,4.0,2019-04-13,Jake,Kelly,Adelaide,INT,2,197,8,7,0,0,4,0,93,14
2019,4.0,2019-04-13,Trent,Dumont,North Melbourne,WR,3,223,3,9,3,1,1,0,86,19
2019,4.0,2019-04-13,Riley,Knight,Adelaide,WR,4,129,1,16,4,0,4,0,67,10
2019,4.0,2019-04-13,Rory,Atkins,Adelaide,HFFR,7,466,2,14,4,0,4,0,86,18
2019,4.0,2019-04-13,Wayne,Milera,Adelaide,BPR,3,234,3,18,2,1,1,0,78,14
2019,4.0,2019-04-13,Reilly,O'Brien,Adelaide,RK,1,195,4,16,6,1,4,0,81,13
2019,4.0,2019-04-13,Jy,Simpkin,North Melbourne,FPR,5,235,4,10,4,0,2,0,63,12
2019,4.0,2019-04-13,Cameron,Zurhaar,North Melbourne,HFFL,2,130,0,12,3,0,2,1,75,6
2019,4.0,2019-04-13,Alex,Keath,Adelaide,BPL,2,175,10,8,6,0,5,0,85,17
2019,4.0,2019-04-13,Lachlan,Murphy,Adelaide,FPL,5,124,0,11,3,0,4,1,70,7
2019,4.0,2019-04-13,Luke,Davies-Uniacke,North Melbourne,INT,5,202,0,8,3,0,3,0,82,14
2019,4.0,2019-04-13,Myles,Poholke,Adelaide,INT,4,104,1,13,3,0,4,0,60,9
2019,4.0,2019-04-13,Paul,Ahern,North Melbourne,INT,5,285,2,18,3,1,4,0,67,10
2019,4.0,2019-04-13,Chayce,Jones,Adelaide,INT,1,81,0,0,0,0,1,0,67,2
2019,4.0,2019-04-13,Tarryn,Thomas,North Melbourne,INT,2,87,1,14,2,0,1,3,75,6
2019,4.0,2019-04-13,David,Mundy,Fremantle,R,5,530,10,17,9,5,13,1,72,26
2019,4.0,2019-04-13,Shannon,Hurn,West Coast,BPL,2,480,16,8,8,0,6,0,84,27
2019,4.0,2019-04-13,Josh J.,Kennedy,West Coast,FF,8,156,1,4,3,0,2,1,58,7
2019,4.0,2019-04-13,Chris,Masten,West Coast,R,3,254,5,9,3,0,3,1,75,12
2019,4.0,2019-04-13,Michael,Walters,Fremantle,HFFL,6,434,2,19,3,0,5,3,71,12
2019,4.0,2019-04-13,Jack,Redden,West Coast,INT,5,380,5,16,5,1,10,1,76,25
2019,4.0,2019-04-13,Luke,Shuey,West Coast,C,1,389,3,15,5,2,8,1,75,18
2019,4.0,2019-04-13,Travis,Colyer,Fremantle,INT,2,239,4,15,3,0,7,0,85,11
2019,4.0,2019-04-13,Brad,Sheppard,West Coast,HBFL,2,349,10,6,7,0,5,0,100,27
2019,4.0,2019-04-13,Reece,Conca,Fremantle,HBFL,2,483,5,12,6,1,4,1,60,12
2019,4.0,2019-04-13,Jack,Darling,West Coast,CHF,6,265,0,14,3,0,6,2,54,7
2019,4.0,2019-04-13,Andrew,Gaff,West Coast,WR,4,461,3,20,10,1,6,0,63,22
2019,4.0,2019-04-13,Brandon,Matera,Fremantle,FPR,7,255,2,15,2,0,7,0,69,11
2019,4.0,2019-04-13,Jamie,Cripps,West Coast,FPR,5,359,0,12,5,0,3,0,76,16
2019,4.0,2019-04-13,Nathan,Vardy,West Coast,RK,1,220,1,11,4,1,3,0,80,8
2019,4.0,2019-04-13,Tom,Hickey,West Coast,INT,2,181,2,10,6,3,6,0,54,7
2019,4.0,2019-04-13,Nathan,Wilson,Fremantle,CHB,3,341,5,9,3,0,2,0,79,11
2019,4.0,2019-04-13,Bradley,Hill,Fremantle,WR,8,461,1,13,3,0,2,0,61,11
2019,4.0,2019-04-13,Elliot,Yeo,West Coast,RR,5,437,6,19,8,2,10,1,63,19
2019,4.0,2019-04-13,Mark,Hutchings,West Coast,HFFR,2,145,3,7,3,0,3,1,85,11
2019,4.0,2019-04-13,Matt,Taberner,Fremantle,FF,6,468,1,10,7,0,4,3,45,9
2019,4.0,2019-04-13,Dom,Sheed,West Coast,HFFL,2,97,0,16,1,0,4,1,88,15
2019,4.0,2019-04-13,Jeremy,McGovern,West Coast,CHB,3,234,4,5,4,0,2,0,81,13
2019,4.0,2019-04-13,Rory,Lobb,Fremantle,RK,4,351,6,6,3,0,5,0,53,9
2019,4.0,2019-04-13,Cam,McCarthy,Fremantle,INT,6,148,2,12,1,0,7,2,70,7
2019,4.0,2019-04-13,Jesse,Hogan,Fremantle,FPL,3,98,1,5,3,0,4,1,54,7
2019,4.0,2019-04-13,Liam,Duggan,West Coast,BPR,1,338,2,11,2,0,4,1,82,14
2019,4.0,2019-04-13,Alex,Pearce,Fremantle,FB,0,267,9,6,4,0,5,0,71,10
2019,4.0,2019-04-13,Joel,Hamling,Fremantle,BPL,1,87,2,2,1,0,1,0,67,2
2019,4.0,2019-04-13,Tom,Barrass,West Coast,FB,1,219,4,7,3,0,2,0,77,13
2019,4.0,2019-04-13,Ed,Langdon,Fremantle,WL,5,458,10,13,6,0,7,0,63,17
2019,4.0,2019-04-13,Ethan,Hughes,Fremantle,HBFR,3,180,5,9,2,0,2,0,82,9
2019,4.0,2019-04-13,Darcy,Tucker,Fremantle,RR,4,148,0,8,3,2,5,0,67,10
2019,4.0,2019-04-13,Tom,Cole,West Coast,INT,3,41,2,20,2,0,2,0,92,11
2019,4.0,2019-04-13,Luke,Ryan,Fremantle,BPR,0,280,9,6,3,0,8,0,100,19
2019,4.0,2019-04-13,Andrew,Brayshaw,Fremantle,INT,3,292,4,15,6,1,11,0,64,14
2019,4.0,2019-04-13,Liam,Ryan,West Coast,INT,4,177,0,9,1,0,2,1,57,4
2019,4.0,2019-04-13,Adam,Cerra,Fremantle,C,2,167,5,11,2,0,3,0,69,9
2019,4.0,2019-04-13,Taylin,Duman,Fremantle,INT,1,63,3,7,1,0,3,0,57,4
2019,4.0,2019-04-13,Jack,Petruccelle,West Coast,WL,2,122,2,9,2,0,2,0,86,6
2019,4.0,2019-04-13,Oscar,Allen,West Coast,FPL,7,185,2,7,2,0,0,0,63,5
2019,4.0,2019-04-13,Sam,Switkowski,Fremantle,CHF,2,149,0,17,1,1,6,1,83,10
2019,4.0,2019-04-13,Lachie,Schultz,Fremantle,HFFR,2,141,1,23,2,0,2,1,50,4
2019,4.0,2019-04-13,Josh,Rotham,West Coast,HBFR,2,249,3,8,0,0,1,0,100,17
2019,4.0,2019-04-14,Kade,Simpson,Carlton,BPL,3,339,7,8,2,0,5,0,91,20
2019,4.0,2019-04-14,Marc,Murphy,Carlton,HFFL,5,732,3,13,5,0,7,0,72,21
2019,4.0,2019-04-14,Dale,Thomas,Carlton,BPR,1,248,7,8,1,0,3,0,95,19
2019,4.0,2019-04-14,Jarrod,Harbrow,Gold Coast,BPL,1,253,9,6,2,0,5,0,81,13
2019,4.0,2019-04-14,Pearce,Hanley,Gold Coast,HBFR,0,337,6,13,3,0,4,1,79,11
2019,4.0,2019-04-14,Matthew,Lobbe,Carlton,RK,1,22,1,18,2,0,4,0,13,1
2019,4.0,2019-04-14,Liam,Jones,Carlton,CHB,1,339,8,11,3,0,2,0,91,10
2019,4.0,2019-04-14,Ed,Curnow,Carlton,RR,2,399,3,12,4,0,6,2,47,9
2019,4.0,2019-04-14,David,Swallow,Gold Coast,R,6,378,5,14,4,1,10,0,83,25
2019,4.0,2019-04-14,Jack,Hombsch,Gold Coast,CHB,0,71,2,4,0,0,2,0,80,4
2019,4.0,2019-04-14,Anthony,Miles,Gold Coast,INT,3,367,3,9,7,2,8,0,70,14
2019,4.0,2019-04-14,Alex,Sexton,Gold Coast,HFFL,5,449,0,12,3,0,2,0,69,9
2019,4.0,2019-04-14,Jordan,Murdoch,Gold Coast,INT,3,368,6,5,2,0,2,0,69,11
2019,4.0,2019-04-14,Levi,Casboult,Carlton,CHF,1,59,0,3,1,0,0,0,71,5
2019,4.0,2019-04-14,Lachie,Plowman,Carlton,HBFL,0,210,4,9,2,0,2,0,86,12
2019,4.0,2019-04-14,Jarrod,Witts,Gold Coast,RK,5,275,1,12,2,1,1,2,77,10
2019,4.0,2019-04-14,Jack,Martin,Gold Coast,FPR,3,127,1,8,4,0,9,0,64,14
2019,4.0,2019-04-14,Patrick,Cripps,Carlton,C,5,310,3,30,2,1,12,0,73,22
2019,4.0,2019-04-14,Nick,Holman,Gold Coast,HFFR,5,311,3,9,5,0,7,0,72,13
2019,4.0,2019-04-14,Touk,Miller,Gold Coast,RR,5,724,4,21,10,3,9,2,61,19
2019,4.0,2019-04-14,Peter,Wright,Gold Coast,CHF,5,158,0,11,1,0,2,0,78,7
2019,4.0,2019-04-14,Caleb,Marchbank,Carlton,HBFR,1,227,5,11,3,0,1,0,77,10
2019,4.0,2019-04-14,Jacob,Weitering,Carlton,FB,1,351,10,5,3,0,6,0,75,15
2019,4.0,2019-04-14,Mitch,McGovern,Carlton,INT,4,132,1,10,3,0,1,0,83,5
2019,4.0,2019-04-14,Charlie,Curnow,Carlton,WL,1,368,0,6,7,0,4,1,71,12
2019,4.0,2019-04-14,Darcy,Macpherson,Gold Coast,FPL,3,171,5,27,4,0,8,1,63,12
2019,4.0,2019-04-14,Sam,Collins,Gold Coast,FB,0,156,8,5,5,0,2,0,75,9
2019,4.0,2019-04-14,Jesse,Joyce,Gold Coast,HBFL,2,199,5,7,1,0,1,0,100,12
2019,4.0,2019-04-14,Brayden,Fiorini,Gold Coast,INT,6,599,1,13,6,0,6,1,63,19
2019,4.0,2019-04-14,Sam,Petrevski-Seton,Carlton,FPL,3,91,3,20,2,2,7,0,78,14
2019,4.0,2019-04-14,Ben,Ainsworth,Gold Coast,WL,5,384,1,10,5,1,4,2,63,12
2019,4.0,2019-04-14,Jack,Bowes,Gold Coast,C,3,181,1,15,3,0,5,1,74,14
2019,4.0,2019-04-14,Nic,Newman,Carlton,INT,1,511,8,9,3,0,2,0,84,16
2019,4.0,2019-04-14,Zac,Fisher,Carlton,WR,4,252,3,13,2,0,11,1,55,11
2019,4.0,2019-04-14,Will,Setterfield,Carlton,R,5,282,1,14,5,1,1,1,69,11
2019,4.0,2019-04-14,Harry,McKay,Carlton,FF,4,126,0,3,2,0,2,0,63,5
2019,4.0,2019-04-14,Paddy,Dow,Carlton,FPR,4,189,2,16,6,4,8,1,60,12
2019,4.0,2019-04-14,Lochie,O'Brien,Carlton,INT,0,297,2,6,3,0,3,1,70,7
2019,4.0,2019-04-14,Charlie,Ballard,Gold Coast,BPR,3,298,8,10,4,0,3,0,63,10
2019,4.0,2019-04-14,Wil,Powell,Gold Coast,WR,1,112,0,4,0,0,1,0,75,3
2019,4.0,2019-04-14,Michael,Gibbons,Carlton,INT,6,360,1,4,5,0,5,1,50,8
2019,4.0,2019-04-14,Sam,Walsh,Carlton,HFFR,7,336,5,23,4,1,11,0,79,22
2019,4.0,2019-04-14,Chris,Burgess,Gold Coast,FF,2,48,2,7,4,0,2,1,33,2
2019,4.0,2019-04-14,Jack,Lukosius,Gold Coast,INT,1,114,0,17,2,0,3,1,33,2
2019,4.0,2019-04-14,Jarryd,Roughead,Hawthorn,FPR,7,345,0,17,2,1,1,2,93,13
2019,4.0,2019-04-14,James,Frawley,Hawthorn,FB,0,63,3,2,1,0,1,0,80,4
2019,4.0,2019-04-14,Nathan,Brown,St Kilda,FB,0,66,3,13,0,0,1,0,80,4
2019,4.0,2019-04-14,Ben,McEvoy,Hawthorn,RK,4,77,1,16,1,0,4,0,82,9
2019,4.0,2019-04-14,Shane,Savage,St Kilda,BPR,5,365,6,11,5,0,4,0,82,22
2019,4.0,2019-04-14,Tom,Scully,Hawthorn,R,5,264,1,19,2,0,6,0,92,24
2019,4.0,2019-04-14,Ben,Stratton,Hawthorn,HBFR,0,21,2,5,1,0,0,0,60,3
2019,4.0,2019-04-14,Ricky,Henderson,Hawthorn,WR,4,252,6,16,3,1,8,1,80,20
2019,4.0,2019-04-14,Jack,Gunston,Hawthorn,HFFR,8,330,2,17,2,0,5,1,64,9
2019,4.0,2019-04-14,Paul,Puopolo,Hawthorn,HFFL,7,152,1,28,3,1,7,3,77,10
2019,4.0,2019-04-14,Isaac,Smith,Hawthorn,WL,3,427,3,16,6,0,5,0,59,13
2019,4.0,2019-04-14,Luke,Breust,Hawthorn,FPL,7,172,1,17,3,0,6,1,88,14
2019,4.0,2019-04-14,Chad,Wingard,Hawthorn,FF,5,143,0,17,2,0,5,2,55,6
2019,4.0,2019-04-14,Jack,Newnes,St Kilda,WR,6,484,5,17,9,0,5,0,73,19
2019,4.0,2019-04-14,Josh,Bruce,St Kilda,CHF,2,112,0,14,4,0,1,1,86,6
2019,4.0,2019-04-14,Sebastian,Ross,St Kilda,C,8,549,2,25,7,1,8,0,67,26
2019,4.0,2019-04-14,Dean,Kent,St Kilda,INT,2,187,0,17,1,0,1,0,63,5
2019,4.0,2019-04-14,Jimmy,Webster,St Kilda,BPL,1,190,5,16,2,0,5,0,79,11
2019,4.0,2019-04-14,Jonathon,Ceglar,Hawthorn,CHF,4,46,3,16,2,0,4,0,56,5
2019,4.0,2019-04-14,Jarman,Impey,Hawthorn,BPR,1,212,6,9,1,0,2,0,80,12
2019,4.0,2019-04-14,Jack,Billings,St Kilda,HFFL,5,496,5,15,7,0,6,1,71,24
2019,4.0,2019-04-14,Blake,Acres,St Kilda,INT,9,438,2,12,3,0,3,0,89,23
2019,4.0,2019-04-14,Tim,Membrey,St Kilda,FF,4,125,1,18,0,0,4,1,67,6
2019,4.0,2019-04-14,Jack,Lonie,St Kilda,FPL,8,265,1,18,2,0,3,3,59,10
2019,4.0,2019-04-14,Jack,Sinclair,St Kilda,WL,2,349,2,14,3,0,10,0,64,14
2019,4.0,2019-04-14,James,Sicily,Hawthorn,CHB,4,634,12,5,8,0,7,0,75,21
2019,4.0,2019-04-14,Daniel,McKenzie,St Kilda,HBFR,0,60,2,7,1,0,1,0,100,4
2019,4.0,2019-04-14,Daniel,Howe,Hawthorn,INT,1,230,4,23,2,1,8,2,83,19
2019,4.0,2019-04-14,Jack,Steele,St Kilda,RR,3,128,6,23,5,2,13,1,74,20
2019,4.0,2019-04-14,Jade,Gresham,St Kilda,R,4,460,3,12,7,2,10,0,58,15
2019,4.0,2019-04-14,Blake,Hardwick,Hawthorn,BPL,2,219,5,8,3,0,5,0,63,12
2019,4.0,2019-04-14,Ben,Long,St Kilda,FPR,4,193,3,13,1,0,6,2,46,5
2019,4.0,2019-04-14,James,Cousins,Hawthorn,C,7,459,1,13,5,4,6,0,67,16
2019,4.0,2019-04-14,Josh,Battle,St Kilda,CHB,1,284,6,11,6,0,3,0,75,12
2019,4.0,2019-04-14,Jack,Scrimshaw,Hawthorn,INT,3,329,12,13,5,0,6,0,83,19
2019,4.0,2019-04-14,Rowan,Marshall,St Kilda,RK,5,224,0,10,2,3,5,0,88,15
2019,4.0,2019-04-14,Harry,Morrison,Hawthorn,INT,3,212,3,16,3,1,6,0,72,13
2019,4.0,2019-04-14,Hunter,Clark,St Kilda,INT,2,70,0,16,2,1,4,1,71,10
2019,4.0,2019-04-14,David,Mirra,Hawthorn,HBFL,3,346,7,6,4,0,5,0,65,13
2019,4.0,2019-04-14,James,Worpel,Hawthorn,RR,4,426,0,37,5,2,6,1,64,16
2019,4.0,2019-04-14,Ben,Paton,St Kilda,INT,2,146,3,6,2,0,3,0,73,11
2019,4.0,2019-04-14,Conor,Nash,Hawthorn,INT,6,102,1,10,0,0,4,1,78,7
2019,4.0,2019-04-14,Matthew,Parker,St Kilda,HFFR,2,88,1,21,2,2,2,0,80,4
2019,4.0,2019-04-14,Callum,Wilkie,St Kilda,HBFL,0,298,8,7,2,0,9,0,91,19
2019,5.0,2019-04-18,Luke,Hodge,Brisbane Lions,BPL,1,188,5,14,3,0,2,0,94,17
2019,5.0,2019-04-18,Scott,Pendlebury,Collingwood,C,8,211,1,19,2,1,5,1,92,24
2019,5.0,2019-04-18,Travis,Varcoe,Collingwood,INT,5,72,3,13,1,1,7,1,73,8
2019,5.0,2019-04-18,Stefan,Martin,Brisbane Lions,RK,3,204,2,9,4,5,4,0,85,11
2019,5.0,2019-04-18,Mitch,Robinson,Brisbane Lions,HBFR,3,208,5,18,3,0,5,1,89,16
2019,5.0,2019-04-18,Daniel,Rich,Brisbane Lions,BPR,3,495,4,8,5,1,5,0,92,22
2019,5.0,2019-04-18,Dayne,Beams,Collingwood,INT,10,373,2,14,2,3,5,0,85,22
2019,5.0,2019-04-18,Steele,Sidebottom,Collingwood,WL,4,292,1,9,4,0,4,0,69,18
2019,5.0,2019-04-18,Jordan,Roughead,Collingwood,INT,0,32,1,8,0,0,1,0,100,7
2019,5.0,2019-04-18,Allen,Christensen,Brisbane Lions,INT,2,246,3,15,4,0,2,1,93,14
2019,5.0,2019-04-18,Jeremy,Howe,Collingwood,FB,2,140,2,7,0,0,1,0,89,8
2019,5.0,2019-04-18,Adam,Treloar,Collingwood,R,12,531,3,11,4,3,6,0,80,28
2019,5.0,2019-04-18,Lachie,Neale,Brisbane Lions,C,4,176,1,23,2,1,13,0,71,17
2019,5.0,2019-04-18,Jack,Crisp,Collingwood,HBFL,6,433,9,10,6,0,4,0,85,23
2019,5.0,2019-04-18,Taylor,Adams,Collingwood,RR,10,387,2,18,4,3,3,0,91,20
2019,5.0,2019-04-18,Jarryd,Lyons,Brisbane Lions,R,2,236,1,23,2,0,7,0,62,8
2019,5.0,2019-04-18,Dayne,Zorko,Brisbane Lions,RR,7,235,3,34,3,2,5,2,59,10
2019,5.0,2019-04-18,Jamie,Elliott,Collingwood,HFFR,10,228,0,14,1,1,1,0,83,10
2019,5.0,2019-04-18,Lincoln,McCarthy,Brisbane Lions,HFFR,3,250,0,17,5,1,5,0,83,10
2019,5.0,2019-04-18,Josh,Walker,Brisbane Lions,HBFL,1,180,5,11,3,0,2,0,88,15
2019,5.0,2019-04-18,Josh,Thomas,Collingwood,HFFL,7,175,2,11,3,0,6,0,89,16
2019,5.0,2019-04-18,Brodie,Grundy,Collingwood,RK,5,144,2,9,0,1,3,0,83,10
2019,5.0,2019-04-18,Tom,Langdon,Collingwood,BPR,4,194,6,14,1,0,5,0,86,19
2019,5.0,2019-04-18,James,Aish,Collingwood,HBFR,0,61,4,3,0,0,1,0,100,5
2019,5.0,2019-04-18,Nick,Robertson,Brisbane Lions,FPR,3,266,2,10,4,1,2,0,89,16
2019,5.0,2019-04-18,Darcy,Gardiner,Brisbane Lions,CHB,2,79,4,7,1,0,3,0,73,11
2019,5.0,2019-04-18,Charlie,Cameron,Brisbane Lions,FPL,4,211,2,14,2,0,3,1,57,8
2019,5.0,2019-04-18,Daniel,McStay,Brisbane Lions,FF,1,104,0,4,0,0,2,0,50,3
2019,5.0,2019-04-18,Jordan,De Goey,Collingwood,FPR,10,294,1,10,7,0,3,1,63,12
2019,5.0,2019-04-18,Harris,Andrews,Brisbane Lions,FB,1,151,5,6,1,0,3,0,82,9
2019,5.0,2019-04-18,Brayden,Maynard,Collingwood,BPL,4,429,2,11,7,1,2,0,58,11
2019,5.0,2019-04-18,Darcy,Moore,Collingwood,CHB,1,163,9,3,4,0,3,0,92,12
2019,5.0,2019-04-18,Mason,Cox,Collingwood,CHF,3,151,1,6,4,1,2,0,67,6
2019,5.0,2019-04-18,Rhys,Mathieson,Brisbane Lions,INT,1,103,1,15,2,0,5,1,73,8
2019,5.0,2019-04-18,Tom,Phillips,Collingwood,WR,9,329,5,10,5,1,12,1,59,17
2019,5.0,2019-04-18,Eric,Hipwood,Brisbane Lions,CHF,4,179,1,8,4,0,1,3,44,4
2019,5.0,2019-04-18,Jarrod,Berry,Brisbane Lions,WL,4,335,6,16,2,0,4,0,79,19
2019,5.0,2019-04-18,Hugh,McCluggage,Brisbane Lions,WR,5,416,4,15,2,1,6,0,71,15
2019,5.0,2019-04-18,Callum L.,Brown,Collingwood,INT,7,230,1,19,3,0,2,2,71,10
2019,5.0,2019-04-18,Alex,Witherden,Brisbane Lions,INT,1,391,4,15,5,0,2,0,72,18
2019,5.0,2019-04-18,Cam,Rayner,Brisbane Lions,HFFL,3,202,2,9,3,0,3,0,67,8
2019,5.0,2019-04-18,Jaidyn,Stephenson,Collingwood,FPL,10,391,2,15,2,0,2,0,61,11
2019,5.0,2019-04-18,Oscar,McInerney,Brisbane Lions,INT,2,48,2,7,0,1,1,0,100,5
2019,5.0,2019-04-18,Brody,Mihocek,Collingwood,FF,12,346,3,9,2,0,6,1,78,14
2019,5.0,2019-04-19,Shaun,Higgins,North Melbourne,C,6,414,3,14,3,2,5,0,73,22
2019,5.0,2019-04-19,Scott,Thompson,North Melbourne,CHB,5,311,6,6,2,0,3,0,88,14
2019,5.0,2019-04-19,David,Myers,Essendon,INT,4,222,2,14,2,2,7,0,71,12
2019,5.0,2019-04-19,Tom,Bellchambers,Essendon,RK,11,102,1,5,2,1,2,0,92,12
2019,5.0,2019-04-19,Todd,Goldstein,North Melbourne,RK,8,133,2,12,0,5,7,0,77,10
2019,5.0,2019-04-19,Cale,Hooker,Essendon,BPL,3,324,8,3,3,0,2,0,82,18
2019,5.0,2019-04-19,Jack,Ziebell,North Melbourne,CHF,4,91,0,22,2,0,2,1,83,5
2019,5.0,2019-04-19,Michael,Hurley,Essendon,CHB,3,376,5,5,5,0,5,0,80,20
2019,5.0,2019-04-19,Sam,Wright,North Melbourne,INT,1,199,3,11,4,0,3,0,74,14
2019,5.0,2019-04-19,Ben,Cunnington,North Melbourne,RR,10,81,0,14,3,3,11,0,83,24
2019,5.0,2019-04-19,Robbie,Tarrant,North Melbourne,FB,7,245,7,11,3,0,3,0,77,13
2019,5.0,2019-04-19,Jamie,Macmillan,North Melbourne,BPL,3,456,11,9,6,0,5,0,83,20
2019,5.0,2019-04-19,Jasper,Pittard,North Melbourne,BPR,5,410,3,3,5,0,1,0,64,14
2019,5.0,2019-04-19,Dyson,Heppell,Essendon,WL,11,510,3,18,7,2,6,0,81,26
2019,5.0,2019-04-19,Shaun,Atley,North Melbourne,HBFR,5,147,7,14,2,0,8,0,86,18
2019,5.0,2019-04-19,Jared,Polec,North Melbourne,WL,6,481,2,17,8,0,2,0,55,12
2019,5.0,2019-04-19,Mitch,Brown,Essendon,FF,12,231,1,4,2,0,4,0,70,14
2019,5.0,2019-04-19,Dylan,Shiel,Essendon,R,11,866,2,19,6,4,3,0,75,27
2019,5.0,2019-04-19,Aaron,Hall,North Melbourne,HFFL,4,285,0,21,4,0,1,0,63,10
2019,5.0,2019-04-19,Mark,Baguley,Essendon,FPR,5,29,1,15,6,0,4,0,70,7
2019,5.0,2019-04-19,Jed,Anderson,North Melbourne,R,7,64,3,28,1,2,5,1,90,17
2019,5.0,2019-04-19,Jake,Stringer,Essendon,FPL,6,197,0,31,0,0,0,1,56,5
2019,5.0,2019-04-19,Joe,Daniher,Essendon,CHF,6,188,1,7,2,0,3,0,70,7
2019,5.0,2019-04-19,Patrick,Ambrose,Essendon,FB,3,151,3,1,2,0,1,0,83,5
2019,5.0,2019-04-19,Zach,Merrett,Essendon,C,12,359,5,32,2,4,10,1,77,30
2019,5.0,2019-04-19,Ben,Brown,North Melbourne,FF,4,211,3,8,1,0,1,0,70,7
2019,5.0,2019-04-19,Orazio,Fantasia,Essendon,RR,9,397,2,17,1,0,7,2,78,14
2019,5.0,2019-04-19,Kayne,Turner,North Melbourne,FPL,4,58,2,21,3,0,4,2,83,10
2019,5.0,2019-04-19,Mason,Wood,North Melbourne,HFFR,6,199,3,14,4,0,6,0,42,5
2019,5.0,2019-04-19,Adam,Saad,Essendon,HBFR,5,216,4,9,0,0,3,0,100,18
2019,5.0,2019-04-19,Trent,Dumont,North Melbourne,WR,9,306,9,17,6,0,8,0,74,23
2019,5.0,2019-04-19,Conor,McKenna,Essendon,BPR,9,495,3,9,4,1,6,0,77,20
2019,5.0,2019-04-19,Anthony,McDonald-Tipungwuti,Essendon,HFFR,7,174,4,16,2,0,5,0,73,8
2019,5.0,2019-04-19,Darcy,Parish,Essendon,INT,5,187,2,23,5,0,6,0,63,10
2019,5.0,2019-04-19,Mason,Redman,Essendon,WR,3,308,5,11,3,0,5,0,87,13
2019,5.0,2019-04-19,Andrew,McGrath,Essendon,HBFL,6,335,4,17,2,0,3,0,70,14
2019,5.0,2019-04-19,Jy,Simpkin,North Melbourne,HBFL,3,-13,0,19,1,0,1,0,100,11
2019,5.0,2019-04-19,Cameron,Zurhaar,North Melbourne,FPR,7,191,0,8,1,0,2,0,79,11
2019,5.0,2019-04-19,Luke,Davies-Uniacke,North Melbourne,INT,4,417,2,18,4,0,3,0,57,8
2019,5.0,2019-04-19,Matt,Guelfi,Essendon,INT,5,241,5,14,4,0,4,0,76,16
2019,5.0,2019-04-19,Jordan,Ridley,Essendon,INT,3,210,3,4,4,0,1,0,77,10
2019,5.0,2019-04-19,Paul,Ahern,North Melbourne,INT,3,151,1,12,1,0,1,0,67,6
2019,5.0,2019-04-19,Bailey,Scott,North Melbourne,INT,3,103,2,13,2,0,3,0,73,8
2019,5.0,2019-04-19,Brayden,Ham,Essendon,HFFL,5,140,2,25,5,0,3,0,70,7
2019,5.0,2019-04-19,Paddy,Ryder,Port Adelaide,FF,7,146,1,10,0,0,4,0,77,10
2019,5.0,2019-04-19,Shannon,Hurn,West Coast,BPL,5,665,10,14,5,0,2,0,85,28
2019,5.0,2019-04-19,Josh J.,Kennedy,West Coast,FF,4,109,1,7,4,0,5,0,71,5
2019,5.0,2019-04-19,Robbie,Gray,Port Adelaide,FPL,3,218,1,16,3,0,3,2,50,7
2019,5.0,2019-04-19,Justin,Westhoff,Port Adelaide,WR,3,219,3,19,5,1,8,1,59,10
2019,5.0,2019-04-19,Travis,Boak,Port Adelaide,HFFL,4,249,3,18,8,2,11,1,78,18
2019,5.0,2019-04-19,Will,Schofield,West Coast,CHB,2,122,2,6,3,0,2,0,86,12
2019,5.0,2019-04-19,Brad,Ebert,Port Adelaide,CHF,4,278,0,22,4,0,0,4,75,12
2019,5.0,2019-04-19,Chris,Masten,West Coast,WL,3,185,6,6,4,0,4,0,67,10
2019,5.0,2019-04-19,Jack,Redden,West Coast,INT,3,278,2,25,6,1,7,0,52,12
2019,5.0,2019-04-19,Tom,Rockliff,Port Adelaide,C,6,269,4,10,4,2,11,0,69,22
2019,5.0,2019-04-19,Lewis,Jetta,West Coast,HBFL,3,475,5,21,5,0,4,0,88,21
2019,5.0,2019-04-19,Luke,Shuey,West Coast,R,5,359,4,17,5,0,8,0,70,19
2019,5.0,2019-04-19,Brad,Sheppard,West Coast,BPR,1,568,9,12,7,0,5,0,81,21
2019,5.0,2019-04-19,Jack,Darling,West Coast,CHF,2,81,0,8,2,0,2,0,33,2
2019,5.0,2019-04-19,Andrew,Gaff,West Coast,RR,4,406,5,15,7,0,8,0,66,21
2019,5.0,2019-04-19,Jamie,Cripps,West Coast,FPR,2,40,0,15,0,0,2,0,60,3
2019,5.0,2019-04-19,Nathan,Vardy,West Coast,RK,1,19,0,17,1,0,0,0,67,2
2019,5.0,2019-04-19,Scott,Lycett,Port Adelaide,RK,2,292,2,11,4,1,1,0,58,7
2019,5.0,2019-04-19,Tom,Jonas,Port Adelaide,CHB,0,236,6,4,5,0,3,0,69,9
2019,5.0,2019-04-19,Tom,Hickey,West Coast,INT,3,238,0,15,1,3,3,0,100,9
2019,5.0,2019-04-19,Elliot,Yeo,West Coast,C,1,200,3,25,5,2,7,1,71,12
2019,5.0,2019-04-19,Ollie,Wines,Port Adelaide,RR,6,636,4,13,8,3,10,1,74,26
2019,5.0,2019-04-19,Mark,Hutchings,West Coast,HFFR,2,265,1,15,1,0,5,0,79,11
2019,5.0,2019-04-19,Tom,Clurey,Port Adelaide,FB,1,150,7,7,2,0,2,0,91,10
2019,5.0,2019-04-19,Dom,Sheed,West Coast,WR,2,326,3,10,7,3,4,0,70,19
2019,5.0,2019-04-19,Sam,Gray,Port Adelaide,HFFR,8,340,5,14,1,1,9,1,85,22
2019,5.0,2019-04-19,Jeremy,McGovern,West Coast,FB,0,450,9,10,8,0,2,0,68,13
2019,5.0,2019-04-19,Liam,Duggan,West Coast,HBFR,1,112,1,22,2,0,3,0,83,10
2019,5.0,2019-04-19,Dougal,Howard,Port Adelaide,INT,3,468,8,3,3,0,5,0,75,15
2019,5.0,2019-04-19,Darcy,Byrne-Jones,Port Adelaide,HBFR,5,256,5,14,0,1,4,0,72,13
2019,5.0,2019-04-19,Tom,Cole,West Coast,INT,2,360,7,21,5,0,5,1,61,11
2019,5.0,2019-04-19,Ryan,Burton,Port Adelaide,HBFL,3,420,9,8,4,0,8,1,68,15
2019,5.0,2019-04-19,Riley,Bonner,Port Adelaide,BPL,4,465,5,11,5,0,5,0,80,16
2019,5.0,2019-04-19,Dan,Houston,Port Adelaide,BPR,1,325,13,6,2,0,7,1,77,13
2019,5.0,2019-04-19,Sam,Powell-Pepper,Port Adelaide,WL,5,513,3,15,6,3,8,1,53,10
2019,5.0,2019-04-19,Todd,Marshall,Port Adelaide,FPR,5,190,2,14,3,0,2,1,50,5
2019,5.0,2019-04-19,Liam,Ryan,West Coast,FPL,5,220,1,11,5,0,6,1,53,8
2019,5.0,2019-04-19,Jack,Petruccelle,West Coast,INT,8,403,2,14,4,0,2,1,72,13
2019,5.0,2019-04-19,Oscar,Allen,West Coast,HFFL,2,257,3,15,5,0,5,0,56,5
2019,5.0,2019-04-19,Zak,Butters,Port Adelaide,INT,4,173,2,19,2,0,6,0,74,14
2019,5.0,2019-04-19,Willem,Drew,Port Adelaide,R,6,155,6,29,3,0,7,1,75,15
2019,5.0,2019-04-19,Xavier,Duursma,Port Adelaide,INT,7,178,4,16,0,1,3,0,92,11
2019,5.0,2019-04-19,Connor,Rozee,Port Adelaide,INT,3,346,0,17,2,0,3,1,77,10
2019,5.0,2019-04-20,David,Mundy,Fremantle,R,5,323,2,25,7,5,9,0,56,14
2019,5.0,2019-04-20,Heath,Shaw,Greater Western Sydney,WR,2,229,3,7,2,0,2,0,83,10
2019,5.0,2019-04-20,Shane,Mumford,Greater Western Sydney,RK,6,30,2,23,2,0,1,1,71,5
2019,5.0,2019-04-20,Sam J.,Reid,Greater Western Sydney,HFFL,6,437,10,7,1,1,10,0,88,21
2019,5.0,2019-04-20,Matt,de Boer,Greater Western Sydney,C,2,172,3,14,1,0,4,0,88,14
2019,5.0,2019-04-20,Michael,Walters,Fremantle,HFFL,13,567,2,14,4,4,9,1,68,17
2019,5.0,2019-04-20,Travis,Colyer,Fremantle,HFFR,6,298,1,17,3,0,3,0,82,14
2019,5.0,2019-04-20,Phil,Davis,Greater Western Sydney,HBFL,2,147,7,7,1,0,2,0,93,14
2019,5.0,2019-04-20,Nat,Fyfe,Fremantle,C,8,340,3,19,7,7,11,2,77,24
2019,5.0,2019-04-20,Reece,Conca,Fremantle,INT,2,393,3,19,4,1,4,0,65,13
2019,5.0,2019-04-20,Brandon,Matera,Fremantle,FPR,6,299,2,14,9,0,9,0,50,8
2019,5.0,2019-04-20,Jeremy,Cameron,Greater Western Sydney,CHF,8,228,1,8,2,0,2,0,73,8
2019,5.0,2019-04-20,Stephen,Coniglio,Greater Western Sydney,HFFR,7,505,5,20,9,2,9,1,57,21
2019,5.0,2019-04-20,Adam,Kennedy,Greater Western Sydney,INT,1,414,2,9,7,0,2,0,80,16
2019,5.0,2019-04-20,Adam,Tomlinson,Greater Western Sydney,HBFR,6,299,2,17,0,1,8,0,75,12
2019,5.0,2019-04-20,Nathan,Wilson,Fremantle,CHB,6,391,3,10,2,0,2,0,88,14
2019,5.0,2019-04-20,Bradley,Hill,Fremantle,WR,7,294,2,16,2,0,2,0,87,13
2019,5.0,2019-04-20,Matt,Buntine,Greater Western Sydney,BPL,5,126,1,14,2,0,3,1,90,9
2019,5.0,2019-04-20,Nick,Haynes,Greater Western Sydney,CHB,3,269,4,6,2,1,5,0,78,14
2019,5.0,2019-04-20,Lachie,Whitfield,Greater Western Sydney,BPR,5,388,2,12,3,2,5,1,72,18
2019,5.0,2019-04-20,Zac,Williams,Greater Western Sydney,WL,5,642,7,14,6,0,5,1,70,19
2019,5.0,2019-04-20,Matt,Taberner,Fremantle,FF,10,296,1,9,4,0,5,1,67,14
2019,5.0,2019-04-20,Josh,Kelly,Greater Western Sydney,RR,10,321,2,31,3,3,6,0,83,24
2019,5.0,2019-04-20,Rory,Lobb,Fremantle,RK,5,90,5,7,1,0,6,0,83,10
2019,5.0,2019-04-20,Jesse,Hogan,Fremantle,FPL,8,381,1,5,4,0,3,0,68,15
2019,5.0,2019-04-20,Alex,Pearce,Fremantle,FB,0,61,4,10,2,0,2,0,71,5
2019,5.0,2019-04-20,Joel,Hamling,Fremantle,BPL,1,16,3,6,0,0,1,0,100,5
2019,5.0,2019-04-20,Ed,Langdon,Fremantle,WL,10,428,3,17,2,0,5,0,91,29
2019,5.0,2019-04-20,Ethan,Hughes,Fremantle,HBFL,4,166,9,11,1,0,4,0,88,14
2019,5.0,2019-04-20,Darcy,Tucker,Fremantle,RR,5,375,4,19,3,0,2,0,88,22
2019,5.0,2019-04-20,Jacob,Hopper,Greater Western Sydney,FPR,4,122,3,13,3,1,6,0,84,16
2019,5.0,2019-04-20,Harry,Himmelberg,Greater Western Sydney,FF,5,240,0,9,3,0,3,0,56,5
2019,5.0,2019-04-20,Tim,Taranto,Greater Western Sydney,R,6,259,1,28,6,0,4,2,55,12
2019,5.0,2019-04-20,Daniel,Lloyd,Greater Western Sydney,INT,2,262,1,22,0,0,1,1,88,7
2019,5.0,2019-04-20,Luke,Ryan,Fremantle,BPR,5,332,8,8,5,0,6,0,83,19
2019,5.0,2019-04-20,Brennan,Cox,Fremantle,INT,2,108,1,9,0,0,4,2,100,7
2019,5.0,2019-04-20,Jeremy,Finlayson,Greater Western Sydney,FPL,6,202,1,11,1,0,2,0,50,5
2019,5.0,2019-04-20,Andrew,Brayshaw,Fremantle,INT,3,344,3,21,5,0,4,1,63,10
2019,5.0,2019-04-20,Adam,Cerra,Fremantle,HBFR,3,285,3,16,2,0,3,0,60,9
2019,5.0,2019-04-20,Taylin,Duman,Fremantle,INT,1,231,2,14,4,0,1,0,60,6
2019,5.0,2019-04-20,Sam,Taylor,Greater Western Sydney,FB,2,187,5,8,3,0,2,0,80,8
2019,5.0,2019-04-20,Brent,Daniels,Greater Western Sydney,INT,8,242,3,13,3,0,3,1,67,12
2019,5.0,2019-04-20,Sam,Switkowski,Fremantle,CHF,8,256,0,26,0,1,1,1,79,11
2019,5.0,2019-04-20,Jackson,Hately,Greater Western Sydney,INT,5,233,6,12,5,1,9,1,82,18
2019,5.0,2019-04-20,Jordan,Lewis,Melbourne,HBFL,2,155,2,3,2,0,3,0,85,11
2019,5.0,2019-04-20,Nathan,Jones,Melbourne,WL,5,356,1,5,4,2,4,0,74,17
2019,5.0,2019-04-20,Nathan,Brown,St Kilda,FB,1,135,5,9,2,0,2,0,100,9
2019,5.0,2019-04-20,Jarryn,Geary,St Kilda,HBFR,3,147,5,9,3,0,5,0,77,17
2019,5.0,2019-04-20,Neville,Jetta,Melbourne,BPR,6,66,9,4,0,0,4,0,93,14
2019,5.0,2019-04-20,Jack,Steven,St Kilda,INT,8,328,2,10,4,2,5,0,65,13
2019,5.0,2019-04-20,Shane,Savage,St Kilda,BPR,5,443,3,13,2,0,3,0,89,24
2019,5.0,2019-04-20,Jake,Melksham,Melbourne,FPR,5,163,1,9,5,1,2,0,64,9
2019,5.0,2019-04-20,Michael,Hibberd,Melbourne,CHB,4,290,6,10,7,0,4,0,78,14
2019,5.0,2019-04-20,Max,Gawn,Melbourne,RK,9,243,4,5,0,3,4,1,85,17
2019,5.0,2019-04-20,Tom,McDonald,Melbourne,CHF,4,160,1,10,0,0,2,1,64,7
2019,5.0,2019-04-20,Jack,Newnes,St Kilda,WR,6,529,3,9,7,0,8,0,83,19
2019,5.0,2019-04-20,Josh,Bruce,St Kilda,CHF,2,120,0,16,1,0,4,3,60,6
2019,5.0,2019-04-20,Sam,Frost,Melbourne,FB,4,127,10,8,3,0,7,0,68,13
2019,5.0,2019-04-20,Sebastian,Ross,St Kilda,C,4,267,4,21,7,2,4,1,78,21
2019,5.0,2019-04-20,Jack,Viney,Melbourne,RR,3,199,1,17,4,2,1,0,96,22
2019,5.0,2019-04-20,Dean,Kent,St Kilda,HFFR,8,388,2,6,4,0,6,0,70,14
2019,5.0,2019-04-20,Jimmy,Webster,St Kilda,BPL,3,387,5,9,4,0,2,0,75,15
2019,5.0,2019-04-20,Jack,Billings,St Kilda,HFFL,4,347,1,10,4,0,4,0,71,20
2019,5.0,2019-04-20,Christian,Salem,Melbourne,HBFR,5,415,6,17,3,0,5,0,76,22
2019,5.0,2019-04-20,Blake,Acres,St Kilda,INT,5,230,4,22,6,0,6,2,68,13
2019,5.0,2019-04-20,Tim,Membrey,St Kilda,FF,5,131,1,13,0,0,2,1,75,9
2019,5.0,2019-04-20,Angus,Brayshaw,Melbourne,HFFL,7,479,2,17,5,1,4,0,63,17
2019,5.0,2019-04-20,Jack,Lonie,St Kilda,FPL,3,220,2,10,3,0,1,0,67,10
2019,5.0,2019-04-20,Jack,Sinclair,St Kilda,R,4,242,7,15,6,1,10,1,64,14
2019,5.0,2019-04-20,Jack,Steele,St Kilda,RR,5,376,1,14,1,2,7,1,85,17
2019,5.0,2019-04-20,James,Harmes,Melbourne,INT,6,404,1,18,4,1,5,1,84,21
2019,5.0,2019-04-20,Clayton,Oliver,Melbourne,C,6,287,1,26,5,0,7,1,61,19
2019,5.0,2019-04-20,Jade,Gresham,St Kilda,FPR,3,248,3,9,2,4,9,0,70,16
2019,5.0,2019-04-20,Josh,Wagner,Melbourne,INT,6,246,5,11,0,0,4,0,77,10
2019,5.0,2019-04-20,Jayden,Hunt,Melbourne,HFFR,4,231,0,12,4,0,3,1,62,8
2019,5.0,2019-04-20,Christian,Petracca,Melbourne,R,7,444,5,18,9,0,10,2,71,15
2019,5.0,2019-04-20,Corey,Wagner,Melbourne,INT,2,98,1,15,1,1,2,4,67,4
2019,5.0,2019-04-20,Sam,Weideman,Melbourne,INT,3,108,0,7,1,0,4,1,83,10
2019,5.0,2019-04-20,Braydon,Preuss,Melbourne,FF,3,364,3,6,4,1,6,1,73,11
2019,5.0,2019-04-20,Ben,Long,St Kilda,WL,4,253,0,11,4,0,1,0,60,6
2019,5.0,2019-04-20,Josh,Battle,St Kilda,CHB,2,220,3,10,3,0,1,0,100,13
2019,5.0,2019-04-20,Rowan,Marshall,St Kilda,RK,3,111,1,11,1,1,3,0,77,10
2019,5.0,2019-04-20,Bayley,Fritsch,Melbourne,WR,3,236,3,6,0,0,2,0,100,16
2019,5.0,2019-04-20,Charlie,Spargo,Melbourne,FPL,1,163,0,17,5,0,1,1,55,6
2019,5.0,2019-04-20,Ben,Paton,St Kilda,INT,4,370,8,6,3,0,9,0,78,18
2019,5.0,2019-04-20,Marty,Hore,Melbourne,BPL,5,270,8,4,2,0,1,0,70,14
2019,5.0,2019-04-20,Matthew,Parker,St Kilda,INT,5,125,2,12,1,0,2,1,88,7
2019,5.0,2019-04-20,Callum,Wilkie,St Kilda,HBFL,5,246,6,6,2,0,4,0,77,13
2019,5.0,2019-04-20,Lance,Franklin,Sydney,CHF,8,221,0,12,1,0,1,1,73,8
2019,5.0,2019-04-20,Shane,Edwards,Richmond,CHB,2,410,8,9,3,0,9,0,75,21
2019,5.0,2019-04-20,Kieren,Jack,Sydney,HFFL,5,191,0,9,2,0,4,1,46,5
2019,5.0,2019-04-20,Bachar,Houli,Richmond,HBFR,5,468,5,13,6,0,5,0,78,18
2019,5.0,2019-04-20,Josh P.,Kennedy,Sydney,R,6,284,4,24,3,0,7,0,90,26
2019,5.0,2019-04-20,Dustin,Martin,Richmond,FPR,9,500,4,13,6,4,10,1,64,16
2019,5.0,2019-04-20,David,Astbury,Richmond,FB,4,175,4,7,2,0,2,0,87,13
2019,5.0,2019-04-20,Sam,Reid,Sydney,FF,5,79,2,9,0,1,2,0,75,12
2019,5.0,2019-04-20,Dylan,Grimes,Richmond,BPR,3,88,9,10,1,0,6,0,93,14
2019,5.0,2019-04-20,Dion,Prestia,Richmond,FPL,10,561,2,26,5,4,13,1,72,23
2019,5.0,2019-04-20,Tom,Lynch,Richmond,FF,3,100,1,15,2,0,4,3,43,3
2019,5.0,2019-04-20,Luke,Parker,Sydney,INT,5,285,2,20,9,3,10,0,74,23
2019,5.0,2019-04-20,Josh,Caddy,Richmond,RR,8,236,2,16,4,1,5,3,60,9
2019,5.0,2019-04-20,Harry,Cunningham,Sydney,HBFL,6,510,5,13,4,0,3,0,70,21
2019,5.0,2019-04-20,Brandon,Ellis,Richmond,WL,4,383,2,19,3,0,1,1,81,17
2019,5.0,2019-04-20,Dane,Rampe,Sydney,FB,3,411,8,6,2,0,5,0,96,21
2019,5.0,2019-04-20,Callum,Sinclair,Sydney,RK,3,119,1,12,2,0,2,0,75,9
2019,5.0,2019-04-20,Nick,Vlastuin,Richmond,HBFL,5,188,5,14,2,0,3,0,95,19
2019,5.0,2019-04-20,Jackson,Thurlow,Sydney,INT,5,143,6,17,1,0,6,0,67,10
2019,5.0,2019-04-20,Jake,Lloyd,Sydney,BPR,5,703,7,12,8,0,4,0,81,30
2019,5.0,2019-04-20,Zak,Jones,Sydney,C,5,360,0,21,6,2,10,0,69,22
2019,5.0,2019-04-20,Kamdyn,McIntosh,Richmond,WR,2,305,3,15,3,0,2,2,71,10
2019,5.0,2019-04-20,Isaac,Heeney,Sydney,WR,6,221,1,14,2,1,5,0,80,20
2019,5.0,2019-04-20,Kane,Lambert,Richmond,R,4,155,2,19,2,0,5,0,77,10
2019,5.0,2019-04-20,Toby,Nankervis,Richmond,RK,6,144,1,13,2,4,0,1,69,11
2019,5.0,2019-04-20,Daniel,Rioli,Richmond,HFFL,4,154,4,14,4,0,6,2,62,8
2019,5.0,2019-04-20,George,Hewett,Sydney,FPR,6,214,7,30,5,0,9,0,70,16
2019,5.0,2019-04-20,Callum,Mills,Sydney,HBFR,1,224,3,11,4,0,4,0,82,18
2019,5.0,2019-04-20,Tom,Papley,Sydney,FPL,5,329,3,11,2,0,4,0,88,21
2019,5.0,2019-04-20,Jason,Castagna,Richmond,HFFR,4,231,1,24,2,0,4,2,57,8
2019,5.0,2019-04-20,Aliir,Aliir,Sydney,CHB,0,100,4,7,2,0,2,0,78,7
2019,5.0,2019-04-20,Nathan,Broad,Richmond,BPL,1,216,4,10,2,0,5,0,85,11
2019,5.0,2019-04-20,Ryan,Clarke,Sydney,WL,4,250,3,14,4,0,2,0,63,12
2019,5.0,2019-04-20,Oliver,Florent,Sydney,RR,3,547,3,19,8,1,5,0,61,19
2019,5.0,2019-04-20,Jordan,Dawson,Sydney,HFFR,7,304,9,21,3,0,6,0,87,27
2019,5.0,2019-04-20,Shai,Bolton,Richmond,INT,7,235,2,23,3,0,1,1,60,6
2019,5.0,2019-04-20,Jack,Higgins,Richmond,INT,5,304,3,25,6,2,7,2,72,18
2019,5.0,2019-04-20,Ben,Ronke,Sydney,INT,0,283,0,9,4,0,3,0,33,3
2019,5.0,2019-04-20,Tom,McCartin,Sydney,BPL,1,78,0,11,3,0,4,0,75,9
2019,5.0,2019-04-20,Liam,Baker,Richmond,C,5,219,2,28,1,1,7,3,86,18
2019,5.0,2019-04-20,Noah,Balta,Richmond,INT,3,335,3,15,4,0,2,0,56,5
2019,5.0,2019-04-20,Sydney,Stack,Richmond,INT,5,249,7,19,3,0,8,0,82,18
2019,5.0,2019-04-20,Jack,Ross,Richmond,CHF,4,324,2,26,3,1,3,0,65,11
2019,5.0,2019-04-20,James,Rowbottom,Sydney,INT,4,92,1,19,2,0,3,0,85,11
2019,5.0,2019-04-21,Kade,Simpson,Carlton,HBFL,6,431,5,17,3,0,3,0,75,15
2019,5.0,2019-04-21,Marc,Murphy,Carlton,FPR,4,396,3,12,3,0,6,0,75,21
2019,5.0,2019-04-21,Dale,Thomas,Carlton,INT,0,237,3,8,2,0,1,0,79,11
2019,5.0,2019-04-21,Matthew,Kreuzer,Carlton,CHF,6,158,3,22,3,1,3,0,79,11
2019,5.0,2019-04-21,Easton,Wood,Western Bulldogs,CHB,4,184,4,5,1,0,3,0,73,8
2019,5.0,2019-04-21,Liam,Jones,Carlton,FB,0,59,1,6,0,0,0,0,100,5
2019,5.0,2019-04-21,Ed,Curnow,Carlton,HFFR,4,316,2,7,3,0,4,1,56,9
2019,5.0,2019-04-21,Tom,Liberatore,Western Bulldogs,C,8,120,1,17,1,2,7,0,84,16
2019,5.0,2019-04-21,Mitch,Wallis,Western Bulldogs,INT,2,178,1,13,5,1,5,2,69,11
2019,5.0,2019-04-21,Tory,Dickson,Western Bulldogs,FPR,3,158,0,9,3,0,2,0,67,8
2019,5.0,2019-04-21,Hayden,Crozier,Western Bulldogs,BPR,4,474,6,10,1,0,4,0,67,12
2019,5.0,2019-04-21,Levi,Casboult,Carlton,INT,7,120,2,9,3,0,3,0,73,8
2019,5.0,2019-04-21,Jason,Johannisen,Western Bulldogs,WR,8,495,5,10,5,0,4,0,69,18
2019,5.0,2019-04-21,Lachie,Plowman,Carlton,BPR,3,189,9,8,3,0,5,0,96,21
2019,5.0,2019-04-21,Jack,Macrae,Western Bulldogs,R,6,188,1,21,5,0,7,3,63,15
2019,5.0,2019-04-21,Lachie,Hunter,Western Bulldogs,WL,4,151,5,13,1,1,6,0,78,14
2019,5.0,2019-04-21,Sam,Lloyd,Western Bulldogs,HFFR,5,148,1,18,1,0,4,0,64,7
2019,5.0,2019-04-21,Patrick,Cripps,Carlton,C,7,83,1,21,3,5,10,1,84,31
2019,5.0,2019-04-21,Marcus,Bontempelli,Western Bulldogs,RR,9,569,2,21,4,4,6,0,71,17
2019,5.0,2019-04-21,Toby,McLean,Western Bulldogs,FPL,4,292,1,14,3,0,3,1,65,11
2019,5.0,2019-04-21,Caleb,Marchbank,Carlton,HBFR,1,157,3,4,2,0,4,0,75,9
2019,5.0,2019-04-21,Caleb,Daniel,Western Bulldogs,HBFL,6,422,10,14,6,0,9,0,84,26
2019,5.0,2019-04-21,Zaine,Cordy,Western Bulldogs,FB,1,7,3,9,0,0,4,0,67,4
2019,5.0,2019-04-21,Jacob,Weitering,Carlton,CHB,1,167,5,9,3,0,4,0,64,7
2019,5.0,2019-04-21,Mitch,McGovern,Carlton,FF,3,90,0,1,1,0,2,0,56,5
2019,5.0,2019-04-21,Josh,Dunkley,Western Bulldogs,CHF,5,91,2,16,1,0,8,4,93,14
2019,5.0,2019-04-21,Bailey,Williams,Western Bulldogs,BPL,3,149,1,15,2,0,1,0,56,5
2019,5.0,2019-04-21,Jack,Silvagni,Carlton,WL,7,335,1,18,3,0,3,1,89,16
2019,5.0,2019-04-21,Sam,Petrevski-Seton,Carlton,FPL,6,320,5,12,1,2,12,0,89,31
2019,5.0,2019-04-21,Nic,Newman,Carlton,BPL,3,568,4,14,3,0,3,0,86,18
2019,5.0,2019-04-21,Zac,Fisher,Carlton,R,8,284,2,14,5,4,8,2,86,24
2019,5.0,2019-04-21,Cameron,Polson,Carlton,INT,1,12,0,13,1,0,0,0,75,3
2019,5.0,2019-04-21,Tim,English,Western Bulldogs,RK,7,214,3,20,2,1,2,0,69,9
2019,5.0,2019-04-21,Harry,McKay,Carlton,RK,10,477,0,6,4,0,5,1,70,14
2019,5.0,2019-04-21,Paddy,Dow,Carlton,RR,6,353,2,17,2,1,5,0,65,11
2019,5.0,2019-04-21,Billy,Gowers,Western Bulldogs,INT,5,180,2,5,0,0,4,0,46,6
2019,5.0,2019-04-21,Aaron,Naughton,Western Bulldogs,FF,2,107,0,11,2,0,1,0,60,3
2019,5.0,2019-04-21,Ed,Richards,Western Bulldogs,INT,6,387,4,13,2,0,5,0,81,13
2019,5.0,2019-04-21,Lochie,O'Brien,Carlton,INT,1,140,0,15,2,0,1,1,100,7
2019,5.0,2019-04-21,Michael,Gibbons,Carlton,HFFL,10,503,2,19,5,0,2,1,67,14
2019,5.0,2019-04-21,Sam,Walsh,Carlton,WR,6,293,2,21,2,1,6,1,92,24
2019,5.0,2019-04-21,Bailey,Smith,Western Bulldogs,INT,4,341,0,29,4,0,3,0,78,14
2019,5.0,2019-04-21,Will,Hayes,Western Bulldogs,HFFL,7,134,2,17,2,0,4,0,81,17
2019,5.0,2019-04-21,Lachie,Young,Western Bulldogs,HBFR,3,257,3,7,4,0,1,0,50,6
2019,5.0,2019-04-21,Eddie,Betts,Adelaide,FPR,11,238,0,11,2,0,10,1,57,8
2019,5.0,2019-04-21,Bryce,Gibbs,Adelaide,HFFR,2,347,2,4,5,0,3,0,65,17
2019,5.0,2019-04-21,Jarrod,Harbrow,Gold Coast,BPL,1,244,6,8,5,0,5,0,75,12
2019,5.0,2019-04-21,David,Mackay,Adelaide,WL,6,477,4,29,1,1,4,0,87,20
2019,5.0,2019-04-21,Pearce,Hanley,Gold Coast,BPR,3,582,5,11,6,1,5,0,69,20
2019,5.0,2019-04-21,Taylor,Walker,Adelaide,FF,10,355,0,6,3,0,2,1,50,7
2019,5.0,2019-04-21,Rory,Sloane,Adelaide,RR,5,477,8,25,7,1,13,0,66,21
2019,5.0,2019-04-21,Tom,Lynch,Adelaide,CHF,9,381,1,11,6,0,4,0,64,14
2019,5.0,2019-04-21,Brodie,Smith,Adelaide,HBFL,8,674,7,6,4,1,3,0,85,23
2019,5.0,2019-04-21,David,Swallow,Gold Coast,R,4,148,1,25,4,0,7,0,91,21
2019,5.0,2019-04-21,Daniel,Talia,Adelaide,FB,3,146,4,7,1,0,2,0,92,12
2019,5.0,2019-04-21,Jack,Hombsch,Gold Coast,CHB,1,65,3,5,1,0,2,0,75,6
2019,5.0,2019-04-21,George,Horlin-Smith,Gold Coast,WR,4,219,6,16,6,0,6,0,80,16
2019,5.0,2019-04-21,Alex,Sexton,Gold Coast,HFFL,7,320,1,12,3,0,5,0,62,8
2019,5.0,2019-04-21,Jordan,Murdoch,Gold Coast,HBFR,2,322,9,11,7,0,8,0,65,15
2019,5.0,2019-04-21,Brad,Crouch,Adelaide,R,4,286,5,19,4,1,10,1,61,22
2019,5.0,2019-04-21,Rory,Laird,Adelaide,CHB,5,408,4,10,4,0,4,0,82,23
2019,5.0,2019-04-21,Jarrod,Witts,Gold Coast,RK,6,240,3,16,2,2,7,0,71,12
2019,5.0,2019-04-21,Kyle,Hartigan,Adelaide,BPR,2,112,4,4,1,0,1,0,88,7
2019,5.0,2019-04-21,Jack,Martin,Gold Coast,FPR,1,203,1,17,4,1,5,4,65,11
2019,5.0,2019-04-21,Matt,Crouch,Adelaide,C,6,291,4,13,7,0,5,0,75,27
2019,5.0,2019-04-21,Cameron,Ellis-Yolmen,Adelaide,INT,9,347,1,31,5,2,11,0,76,22
2019,5.0,2019-04-21,Nick,Holman,Gold Coast,HFFR,6,127,2,21,2,1,10,2,72,13
2019,5.0,2019-04-21,Touk,Miller,Gold Coast,RR,6,302,4,32,6,3,9,0,68,19
2019,5.0,2019-04-21,Jake,Kelly,Adelaide,INT,4,268,6,5,2,0,2,0,75,15
2019,5.0,2019-04-21,Peter,Wright,Gold Coast,CHF,9,282,1,6,2,0,1,0,53,8
2019,5.0,2019-04-21,Riley,Knight,Adelaide,HFFL,5,99,2,15,4,0,6,3,72,13
2019,5.0,2019-04-21,Rory,Atkins,Adelaide,WR,4,430,5,17,8,1,11,0,65,17
2019,5.0,2019-04-21,Wayne,Milera,Adelaide,HBFR,6,232,0,6,1,0,2,0,58,7
2019,5.0,2019-04-21,Darcy,Macpherson,Gold Coast,FPL,2,53,3,26,3,0,4,4,67,10
2019,5.0,2019-04-21,Sam,Collins,Gold Coast,FB,2,129,6,12,4,0,1,0,55,6
2019,5.0,2019-04-21,Jesse,Joyce,Gold Coast,HBFL,2,184,7,10,4,0,6,0,75,9
2019,5.0,2019-04-21,Reilly,O'Brien,Adelaide,RK,6,65,6,18,0,0,6,0,100,12
2019,5.0,2019-04-21,Brayden,Fiorini,Gold Coast,INT,4,328,2,18,5,2,4,2,53,16
2019,5.0,2019-04-21,Ben,Ainsworth,Gold Coast,WL,2,220,4,19,3,1,5,0,58,11
2019,5.0,2019-04-21,Jack,Bowes,Gold Coast,C,3,300,1,21,6,2,3,0,67,14
2019,5.0,2019-04-21,Hugh,Greenwood,Adelaide,INT,5,146,2,15,3,1,11,0,67,12
2019,5.0,2019-04-21,Will,Brodie,Gold Coast,INT,2,160,2,21,4,3,9,1,70,16
2019,5.0,2019-04-21,Alex,Keath,Adelaide,BPL,2,57,12,5,2,0,7,0,89,16
2019,5.0,2019-04-21,Lachlan,Murphy,Adelaide,INT,5,295,3,16,4,0,7,2,64,9
2019,5.0,2019-04-21,Charlie,Ballard,Gold Coast,INT,0,263,9,10,2,0,7,0,84,16
2019,5.0,2019-04-21,Elliott,Himmelberg,Adelaide,FPL,3,78,1,9,3,0,2,0,78,7
2019,5.0,2019-04-21,Chris,Burgess,Gold Coast,FF,1,24,1,12,0,0,0,1,100,2
2019,5.0,2019-04-21,Jack,Lukosius,Gold Coast,INT,3,199,1,11,2,0,3,0,60,6
2019,5.0,2019-04-22,Gary,Ablett,Geelong,FPL,11,626,0,10,9,1,5,0,70,16
2019,5.0,2019-04-22,Jarryd,Roughead,Hawthorn,FPR,7,215,3,9,0,0,8,1,92,12
2019,5.0,2019-04-22,Joel,Selwood,Geelong,RR,5,262,4,22,4,3,8,0,75,24
2019,5.0,2019-04-22,Tom,Hawkins,Geelong,FF,7,126,1,14,4,0,2,1,57,8
2019,5.0,2019-04-22,Harry,Taylor,Geelong,CHB,7,172,8,7,3,0,8,0,86,18
2019,5.0,2019-04-22,Ben,McEvoy,Hawthorn,RK,5,189,5,12,4,2,7,0,69,11
2019,5.0,2019-04-22,Patrick,Dangerfield,Geelong,C,12,402,4,12,7,4,13,1,82,23
2019,5.0,2019-04-22,Mitch,Duncan,Geelong,HFFL,7,399,3,9,5,1,4,0,92,23
2019,5.0,2019-04-22,Tom,Scully,Hawthorn,HBFL,3,186,1,17,6,0,4,1,53,10
2019,5.0,2019-04-22,Ricky,Henderson,Hawthorn,WR,10,575,4,12,5,0,4,0,79,26
2019,5.0,2019-04-22,Gary,Rohan,Geelong,FPR,7,268,1,12,3,0,4,1,83,10
2019,5.0,2019-04-22,Jack,Gunston,Hawthorn,HFFR,5,225,4,10,4,0,3,0,50,7
2019,5.0,2019-04-22,Rhys,Stanley,Geelong,RK,9,249,0,15,0,2,2,0,85,11
2019,5.0,2019-04-22,Cameron,Guthrie,Geelong,WR,3,234,1,24,3,1,8,1,55,12
2019,5.0,2019-04-22,Paul,Puopolo,Hawthorn,HFFL,6,106,0,19,2,1,6,1,69,9
2019,5.0,2019-04-22,Isaac,Smith,Hawthorn,WL,4,381,4,10,4,0,5,0,85,17
2019,5.0,2019-04-22,Luke,Breust,Hawthorn,FPL,4,319,3,13,3,0,4,1,50,6
2019,5.0,2019-04-22,Luke,Dahlhaus,Geelong,HBFR,8,233,2,19,4,0,5,2,64,14
2019,5.0,2019-04-22,Chad,Wingard,Hawthorn,FF,5,88,2,9,4,1,10,1,50,8
2019,5.0,2019-04-22,Jaeger,O'Meara,Hawthorn,C,7,241,3,18,5,2,10,0,73,19
2019,5.0,2019-04-22,Mark,Blicavs,Geelong,HBFL,0,287,6,16,2,0,4,0,75,12
2019,5.0,2019-04-22,Jarman,Impey,Hawthorn,BPR,4,393,5,14,3,0,4,0,87,13
2019,5.0,2019-04-22,James,Sicily,Hawthorn,CHB,4,502,11,10,1,0,5,0,84,21
2019,5.0,2019-04-22,Daniel,Howe,Hawthorn,R,5,278,1,14,5,3,1,0,74,14
2019,5.0,2019-04-22,Jake,Kolodjashnij,Geelong,BPL,1,146,5,6,2,0,4,1,75,9
2019,5.0,2019-04-22,Kaiden,Brand,Hawthorn,FB,0,112,5,5,2,0,2,0,73,8
2019,5.0,2019-04-22,Sam,Menegola,Geelong,INT,2,276,1,15,5,0,4,1,63,10
2019,5.0,2019-04-22,Blake,Hardwick,Hawthorn,BPL,3,285,6,16,2,1,5,0,78,14
2019,5.0,2019-04-22,Brandan,Parfitt,Geelong,INT,2,46,1,8,2,0,4,0,67,4
2019,5.0,2019-04-22,Tom,Stewart,Geelong,BPR,4,353,4,6,3,0,2,0,86,18
2019,5.0,2019-04-22,Mark,O'Connor,Geelong,WL,5,219,10,11,2,0,5,0,87,13
2019,5.0,2019-04-22,James,Cousins,Hawthorn,INT,2,127,1,16,2,0,1,2,100,6
2019,5.0,2019-04-22,Jack,Scrimshaw,Hawthorn,INT,1,166,5,15,2,0,7,0,88,15
2019,5.0,2019-04-22,Harry,Morrison,Hawthorn,INT,4,253,1,9,3,0,3,0,60,6
2019,5.0,2019-04-22,Tim,Kelly,Geelong,R,9,505,4,21,4,1,7,0,72,21
2019,5.0,2019-04-22,Esava,Ratugolea,Geelong,CHF,2,88,0,8,0,0,1,0,17,1
2019,5.0,2019-04-22,Jack,Henry,Geelong,FB,1,119,7,12,2,0,6,0,70,7
2019,5.0,2019-04-22,David,Mirra,Hawthorn,HBFR,3,233,5,13,3,0,3,0,71,10
2019,5.0,2019-04-22,James,Worpel,Hawthorn,RR,4,473,2,25,7,3,9,0,71,17
2019,5.0,2019-04-22,Mitch,Lewis,Hawthorn,CHF,10,155,1,5,2,0,5,0,64,9
2019,5.0,2019-04-22,Conor,Nash,Hawthorn,INT,1,-8,1,12,0,0,1,1,100,2
2019,5.0,2019-04-22,Tom,Atkins,Geelong,HFFR,3,161,3,17,2,2,6,1,65,11
2019,5.0,2019-04-22,Jordan,Clark,Geelong,INT,0,282,1,18,5,0,2,1,80,8
2019,5.0,2019-04-22,Gryan,Miers,Geelong,INT,6,432,3,17,2,0,5,0,67,12
2019,6.0,2019-04-24,Jordan,Lewis,Melbourne,INT,3,278,5,12,2,0,2,0,79,15
2019,6.0,2019-04-24,Nathan,Jones,Melbourne,WL,4,307,3,15,3,1,7,0,70,14
2019,6.0,2019-04-24,Shane,Edwards,Richmond,CHB,5,380,4,10,2,0,3,0,67,12
2019,6.0,2019-04-24,Bachar,Houli,Richmond,HBFR,3,670,11,7,7,0,4,0,81,26
2019,6.0,2019-04-24,Jack,Riewoldt,Richmond,FPL,8,313,5,9,7,0,5,0,63,10
2019,6.0,2019-04-24,Jeff,Garlett,Melbourne,HFFR,3,95,1,16,2,0,2,2,55,6
2019,6.0,2019-04-24,Dustin,Martin,Richmond,FPR,3,61,4,19,4,3,10,1,59,10
2019,6.0,2019-04-24,Jake,Melksham,Melbourne,FPR,5,538,3,16,10,4,6,0,68,17
2019,6.0,2019-04-24,David,Astbury,Richmond,FB,2,160,5,1,3,0,1,0,80,8
2019,6.0,2019-04-24,Dylan,Grimes,Richmond,BPR,2,204,7,4,2,0,5,0,86,12
2019,6.0,2019-04-24,Dion,Prestia,Richmond,C,6,480,6,24,8,0,12,0,77,23
2019,6.0,2019-04-24,Michael,Hibberd,Melbourne,CHB,0,200,4,11,6,0,3,0,36,4
2019,6.0,2019-04-24,Tom,Lynch,Richmond,FF,3,175,0,7,1,0,1,0,38,3
2019,6.0,2019-04-24,Max,Gawn,Melbourne,RK,3,249,5,5,5,0,7,0,53,9
2019,6.0,2019-04-24,Tom,McDonald,Melbourne,FF,1,292,7,9,6,0,3,0,40,6
2019,6.0,2019-04-24,Josh,Caddy,Richmond,RR,6,305,3,13,5,0,6,1,32,6
2019,6.0,2019-04-24,Brandon,Ellis,Richmond,WL,6,266,6,15,6,0,4,2,55,12
2019,6.0,2019-04-24,Sam,Frost,Melbourne,FB,1,178,10,11,7,0,7,0,36,5
2019,6.0,2019-04-24,Jack,Viney,Melbourne,C,0,327,2,17,10,1,7,0,50,11
2019,6.0,2019-04-24,Nick,Vlastuin,Richmond,HBFL,4,353,14,12,2,0,6,0,82,23
2019,6.0,2019-04-24,Christian,Salem,Melbourne,HBFR,1,365,5,17,3,1,9,0,67,16
2019,6.0,2019-04-24,Kamdyn,McIntosh,Richmond,WR,5,345,4,15,5,1,4,0,71,10
2019,6.0,2019-04-24,Angus,Brayshaw,Melbourne,R,1,411,7,17,7,0,5,0,72,21
2019,6.0,2019-04-24,Kane,Lambert,Richmond,R,9,425,1,24,5,0,11,4,69,20
2019,6.0,2019-04-24,Billy,Stretch,Melbourne,INT,3,309,4,15,1,0,7,0,75,15
2019,6.0,2019-04-24,Alex,Neal-Bullen,Melbourne,INT,2,147,2,23,2,0,4,1,40,4
2019,6.0,2019-04-24,Toby,Nankervis,Richmond,RK,1,76,3,13,2,2,5,0,54,7
2019,6.0,2019-04-24,James,Harmes,Melbourne,HFFL,1,204,2,13,3,0,1,0,53,8
2019,6.0,2019-04-24,Daniel,Rioli,Richmond,HFFL,4,109,1,19,1,0,1,2,50,3
2019,6.0,2019-04-24,Clayton,Oliver,Melbourne,RR,3,270,8,31,5,1,15,0,52,15
2019,6.0,2019-04-24,Jayden,Hunt,Melbourne,WR,2,114,1,13,2,2,3,0,71,5
2019,6.0,2019-04-24,Christian,Petracca,Melbourne,INT,2,113,3,12,5,0,6,0,67,8
2019,6.0,2019-04-24,Jason,Castagna,Richmond,HFFR,6,326,0,13,2,0,1,2,55,6
2019,6.0,2019-04-24,Nathan,Broad,Richmond,BPL,1,171,7,5,3,0,2,0,71,10
2019,6.0,2019-04-24,Sam,Weideman,Melbourne,CHF,1,50,2,4,2,0,1,0,67,4
2019,6.0,2019-04-24,Tim,Smith,Melbourne,BPR,2,142,1,15,3,0,3,0,44,4
2019,6.0,2019-04-24,Bayley,Fritsch,Melbourne,HBFL,3,175,1,7,5,0,2,0,75,9
2019,6.0,2019-04-24,Jack,Higgins,Richmond,INT,5,337,3,20,6,1,8,1,52,13
2019,6.0,2019-04-24,Liam,Baker,Richmond,INT,5,371,2,19,7,0,5,2,68,13
2019,6.0,2019-04-24,Noah,Balta,Richmond,INT,3,82,2,12,3,0,4,2,50,3
2019,6.0,2019-04-24,Marty,Hore,Melbourne,BPL,1,349,9,1,4,0,9,0,58,11
2019,6.0,2019-04-24,Jay,Lockhart,Melbourne,FPL,1,151,1,23,4,0,2,0,63,5
2019,6.0,2019-04-24,Sydney,Stack,Richmond,INT,1,188,8,15,0,0,5,0,100,12
2019,6.0,2019-04-24,Jack,Ross,Richmond,CHF,8,415,1,19,5,2,5,0,71,20
2019,6.0,2019-04-25,Scott,Pendlebury,Collingwood,C,4,566,8,26,6,1,10,0,74,28
2019,6.0,2019-04-25,Travis,Varcoe,Collingwood,HFFR,3,56,1,18,4,0,5,1,60,6
2019,6.0,2019-04-25,David,Myers,Essendon,INT,3,170,1,9,3,2,8,0,50,7
2019,6.0,2019-04-25,Tom,Bellchambers,Essendon,RK,3,230,5,16,4,1,9,0,61,11
2019,6.0,2019-04-25,Cale,Hooker,Essendon,FB,2,223,7,3,4,0,5,0,71,10
2019,6.0,2019-04-25,Michael,Hurley,Essendon,CHB,2,418,11,3,5,0,4,0,75,15
2019,6.0,2019-04-25,Dayne,Beams,Collingwood,R,6,297,3,16,7,0,7,1,54,15
2019,6.0,2019-04-25,David,Zaharakis,Essendon,INT,5,233,3,17,3,0,6,0,89,16
2019,6.0,2019-04-25,Levi,Greenwood,Collingwood,INT,3,173,2,11,1,0,1,0,90,9
2019,6.0,2019-04-25,Steele,Sidebottom,Collingwood,WL,6,451,5,12,6,0,7,0,75,18
2019,6.0,2019-04-25,Jordan,Roughead,Collingwood,FB,1,140,4,5,1,0,0,0,89,8
2019,6.0,2019-04-25,Dyson,Heppell,Essendon,WR,6,323,6,24,6,0,8,0,64,18
2019,6.0,2019-04-25,Jeremy,Howe,Collingwood,BPR,4,387,8,6,4,0,2,0,85,17
2019,6.0,2019-04-25,Mitch,Brown,Essendon,FF,1,73,0,9,2,0,2,0,57,4
2019,6.0,2019-04-25,Will,Hoskin-Elliott,Collingwood,INT,4,90,2,4,1,0,5,0,63,10
2019,6.0,2019-04-25,Dylan,Shiel,Essendon,R,7,747,1,17,10,3,9,0,59,20
2019,6.0,2019-04-25,Devon,Smith,Essendon,FPL,1,303,0,19,5,1,5,0,57,8
2019,6.0,2019-04-25,Adam,Treloar,Collingwood,INT,8,324,7,19,4,2,12,1,77,24
2019,6.0,2019-04-25,Jack,Crisp,Collingwood,HBFL,4,460,5,19,7,0,5,0,76,22
2019,6.0,2019-04-25,Taylor,Adams,Collingwood,RR,4,443,4,24,4,3,5,0,57,13
2019,6.0,2019-04-25,Mark,Baguley,Essendon,BPL,6,87,2,18,1,0,4,1,77,10
2019,6.0,2019-04-25,Josh,Thomas,Collingwood,HFFL,7,151,1,20,3,0,5,0,71,10
2019,6.0,2019-04-25,Jake,Stringer,Essendon,HFFL,6,247,0,12,4,0,10,0,69,11
2019,6.0,2019-04-25,Joe,Daniher,Essendon,CHF,6,344,2,12,3,0,2,0,56,9
2019,6.0,2019-04-25,Brodie,Grundy,Collingwood,RK,4,53,4,20,3,0,9,0,75,18
2019,6.0,2019-04-25,Tom,Langdon,Collingwood,HBFR,4,42,9,17,1,0,10,0,89,16
2019,6.0,2019-04-25,Patrick,Ambrose,Essendon,HBFL,3,138,7,8,3,0,3,0,80,8
2019,6.0,2019-04-25,Zach,Merrett,Essendon,C,5,481,5,21,7,3,5,0,67,20
2019,6.0,2019-04-25,Adam,Saad,Essendon,HBFR,4,218,7,18,4,0,6,0,74,14
2019,6.0,2019-04-25,Jordan,De Goey,Collingwood,FPR,9,337,3,13,3,2,5,2,53,8
2019,6.0,2019-04-25,Brayden,Maynard,Collingwood,BPL,3,552,5,21,6,0,4,0,74,14
2019,6.0,2019-04-25,Darcy,Moore,Collingwood,CHB,3,411,11,7,4,0,4,0,65,11
2019,6.0,2019-04-25,Conor,McKenna,Essendon,BPR,1,462,5,11,5,0,3,0,57,12
2019,6.0,2019-04-25,Anthony,McDonald-Tipungwuti,Essendon,HFFR,8,225,2,27,4,0,6,1,80,12
2019,6.0,2019-04-25,Darcy,Parish,Essendon,FPR,4,204,2,29,3,1,9,1,57,12
2019,6.0,2019-04-25,Mason,Cox,Collingwood,CHF,4,86,0,10,3,0,2,0,78,7
2019,6.0,2019-04-25,Mason,Redman,Essendon,WL,3,226,3,8,2,0,1,0,79,11
2019,6.0,2019-04-25,Tom,Phillips,Collingwood,WR,6,475,3,10,6,1,7,0,65,17
2019,6.0,2019-04-25,Andrew,McGrath,Essendon,RR,2,65,2,23,3,1,6,2,73,11
2019,6.0,2019-04-25,Callum L.,Brown,Collingwood,INT,5,299,0,17,2,0,3,1,63,10
2019,6.0,2019-04-25,Jaidyn,Stephenson,Collingwood,FPL,7,229,2,13,0,0,4,0,79,11
2019,6.0,2019-04-25,Matt,Guelfi,Essendon,INT,2,174,1,17,3,0,4,0,94,16
2019,6.0,2019-04-25,Jordan,Ridley,Essendon,INT,3,301,6,11,3,0,3,0,89,16
2019,6.0,2019-04-25,Brody,Mihocek,Collingwood,FF,3,65,0,10,2,0,3,1,67,4
2019,6.0,2019-04-26,Paddy,Ryder,Port Adelaide,FF,5,99,2,21,1,2,6,0,71,5
2019,6.0,2019-04-26,Robbie,Gray,Port Adelaide,FPL,7,155,2,16,1,0,5,0,61,11
2019,6.0,2019-04-26,Justin,Westhoff,Port Adelaide,WR,8,356,3,20,2,0,2,2,65,11
2019,6.0,2019-04-26,Travis,Boak,Port Adelaide,HFFL,7,618,2,21,7,4,10,1,82,31
2019,6.0,2019-04-26,Scott,Thompson,North Melbourne,CHB,4,397,6,14,2,0,2,0,74,14
2019,6.0,2019-04-26,Brad,Ebert,Port Adelaide,CHF,6,444,3,21,2,0,5,2,48,10
2019,6.0,2019-04-26,Todd,Goldstein,North Melbourne,RK,7,211,2,14,5,2,4,0,71,15
2019,6.0,2019-04-26,Jack,Ziebell,North Melbourne,CHF,5,467,2,33,5,0,4,0,67,16
2019,6.0,2019-04-26,Sam,Wright,North Melbourne,INT,3,222,1,8,2,0,2,0,69,9
2019,6.0,2019-04-26,Tom,Rockliff,Port Adelaide,C,7,101,2,23,4,0,6,1,70,19
2019,6.0,2019-04-26,Ben,Cunnington,North Melbourne,RR,4,250,1,29,7,6,15,1,77,27
2019,6.0,2019-04-26,Robbie,Tarrant,North Melbourne,FB,0,21,6,19,1,0,4,0,100,12
2019,6.0,2019-04-26,Jamie,Macmillan,North Melbourne,BPL,1,198,1,10,1,0,1,0,100,15
2019,6.0,2019-04-26,Jasper,Pittard,North Melbourne,BPR,3,377,8,11,4,0,5,0,61,14
2019,6.0,2019-04-26,Shaun,Atley,North Melbourne,HBFR,6,280,5,23,3,0,6,0,88,22
2019,6.0,2019-04-26,Jared,Polec,North Melbourne,WR,5,366,1,8,1,0,2,0,77,13
2019,6.0,2019-04-26,Scott,Lycett,Port Adelaide,RK,4,177,2,18,3,0,5,1,70,7
2019,6.0,2019-04-26,Aaron,Hall,North Melbourne,HFFL,3,342,1,17,5,0,4,1,70,14
2019,6.0,2019-04-26,Ollie,Wines,Port Adelaide,RR,6,185,1,24,4,1,7,0,73,19
2019,6.0,2019-04-26,Jed,Anderson,North Melbourne,R,8,258,2,24,3,2,7,0,85,22
2019,6.0,2019-04-26,Nathan,Hrovat,North Melbourne,INT,4,70,1,18,2,0,5,0,79,11
2019,6.0,2019-04-26,Tom,Clurey,Port Adelaide,FB,4,189,9,8,3,0,5,0,80,12
2019,6.0,2019-04-26,Luke,McDonald,North Melbourne,WL,1,168,6,12,0,0,4,0,92,12
2019,6.0,2019-04-26,Sam,Gray,Port Adelaide,HFFR,9,450,4,16,4,0,4,1,75,21
2019,6.0,2019-04-26,Ben,Brown,North Melbourne,FF,4,129,0,15,3,0,2,2,56,5
2019,6.0,2019-04-26,Kayne,Turner,North Melbourne,FPR,2,118,2,16,5,0,4,1,71,10
2019,6.0,2019-04-26,Mason,Wood,North Melbourne,FPL,5,361,3,12,5,0,4,1,57,12
2019,6.0,2019-04-26,Trent,Dumont,North Melbourne,INT,6,330,5,17,5,0,7,0,71,15
2019,6.0,2019-04-26,Dougal,Howard,Port Adelaide,BPL,2,258,8,9,1,0,2,0,92,11
2019,6.0,2019-04-26,Darcy,Byrne-Jones,Port Adelaide,HBFR,4,126,2,21,1,0,3,0,75,9
2019,6.0,2019-04-26,Ryan,Burton,Port Adelaide,HBFL,3,326,4,15,3,0,6,0,81,17
2019,6.0,2019-04-26,Riley,Bonner,Port Adelaide,INT,6,198,4,16,1,1,6,0,94,16
2019,6.0,2019-04-26,Dan,Houston,Port Adelaide,BPR,6,198,7,9,6,0,7,0,71,15
2019,6.0,2019-04-26,Sam,Powell-Pepper,Port Adelaide,R,9,333,2,15,1,0,5,1,67,14
2019,6.0,2019-04-26,Cameron,Zurhaar,North Melbourne,HFFR,6,286,1,14,5,0,5,0,67,12
2019,6.0,2019-04-26,Nick,Larkey,North Melbourne,HBFL,6,128,1,10,1,0,2,1,90,9
2019,6.0,2019-04-26,Todd,Marshall,Port Adelaide,INT,5,159,2,9,1,0,5,0,50,5
2019,6.0,2019-04-26,Luke,Davies-Uniacke,North Melbourne,INT,3,92,1,17,1,2,6,0,94,15
2019,6.0,2019-04-26,Jarrod,Lienert,Port Adelaide,CHB,3,341,4,6,3,0,2,0,75,12
2019,6.0,2019-04-26,Zak,Butters,Port Adelaide,INT,3,246,0,16,2,0,2,1,77,10
2019,6.0,2019-04-26,Willem,Drew,Port Adelaide,INT,3,86,0,24,2,1,3,2,100,14
2019,6.0,2019-04-26,Xavier,Duursma,Port Adelaide,WL,7,287,5,14,4,1,12,0,67,16
2019,6.0,2019-04-26,Connor,Rozee,Port Adelaide,FPR,8,261,0,19,2,0,8,0,73,16
2019,6.0,2019-04-26,Tarryn,Thomas,North Melbourne,C,6,257,3,19,2,0,8,1,68,13
2019,6.0,2019-04-27,Luke,Hodge,Brisbane Lions,BPL,1,134,5,13,2,0,3,0,67,8
2019,6.0,2019-04-27,Jarrod,Harbrow,Gold Coast,BPL,2,259,8,9,3,0,2,0,81,17
2019,6.0,2019-04-27,Stefan,Martin,Brisbane Lions,INT,9,180,6,10,5,2,5,0,58,11
2019,6.0,2019-04-27,Pearce,Hanley,Gold Coast,HBFR,2,475,4,14,5,0,3,0,95,18
2019,6.0,2019-04-27,Mitch,Robinson,Brisbane Lions,R,9,478,3,16,8,1,6,0,65,17
2019,6.0,2019-04-27,Daniel,Rich,Brisbane Lions,BPR,4,554,9,15,4,0,4,0,88,22
2019,6.0,2019-04-27,Ryan,Lester,Brisbane Lions,INT,6,281,7,6,0,0,4,0,86,12
2019,6.0,2019-04-27,David,Swallow,Gold Coast,R,6,326,2,23,3,1,3,1,75,18
2019,6.0,2019-04-27,Jack,Hombsch,Gold Coast,CHB,1,285,6,8,0,0,1,0,82,9
2019,6.0,2019-04-27,George,Horlin-Smith,Gold Coast,WR,2,118,5,15,4,0,3,1,62,8
2019,6.0,2019-04-27,Lachie,Neale,Brisbane Lions,C,5,358,3,19,3,2,12,0,82,23
2019,6.0,2019-04-27,Jarryd,Lyons,Brisbane Lions,INT,8,390,3,30,10,1,9,1,74,20
2019,6.0,2019-04-27,Dayne,Zorko,Brisbane Lions,RR,4,357,1,22,3,2,5,0,53,8
2019,6.0,2019-04-27,Alex,Sexton,Gold Coast,HFFL,5,297,4,6,1,0,7,0,60,9
2019,6.0,2019-04-27,Lincoln,McCarthy,Brisbane Lions,HFFR,5,171,1,14,1,0,5,0,89,8
2019,6.0,2019-04-27,Jordan,Murdoch,Gold Coast,HBFL,0,93,2,7,3,1,3,1,75,6
2019,6.0,2019-04-27,Josh,Walker,Brisbane Lions,FB,1,148,5,6,3,0,1,0,70,7
2019,6.0,2019-04-27,Jarrod,Witts,Gold Coast,RK,0,128,2,14,1,2,9,1,54,7
2019,6.0,2019-04-27,Jack,Martin,Gold Coast,FPR,3,148,1,20,4,2,5,1,56,9
2019,6.0,2019-04-27,Lewis,Taylor,Brisbane Lions,INT,5,308,3,18,2,0,2,0,78,14
2019,6.0,2019-04-27,Tom,Cutler,Brisbane Lions,HBFR,4,290,1,6,4,1,6,0,81,17
2019,6.0,2019-04-27,Darcy,Gardiner,Brisbane Lions,CHB,3,219,4,7,2,0,4,0,85,11
2019,6.0,2019-04-27,Charlie,Cameron,Brisbane Lions,FPL,11,249,2,8,3,0,2,0,86,18
2019,6.0,2019-04-27,Daniel,McStay,Brisbane Lions,FF,2,124,1,10,2,0,0,1,50,5
2019,6.0,2019-04-27,Nick,Holman,Gold Coast,HFFR,7,198,2,25,2,0,4,1,63,10
2019,6.0,2019-04-27,Touk,Miller,Gold Coast,RR,3,392,0,26,3,3,6,1,68,15
2019,6.0,2019-04-27,Peter,Wright,Gold Coast,CHF,5,249,2,1,2,0,4,0,86,12
2019,6.0,2019-04-27,Darcy,Macpherson,Gold Coast,FPL,4,316,0,26,5,0,4,1,59,10
2019,6.0,2019-04-27,Sam,Collins,Gold Coast,FB,2,182,8,8,3,0,7,0,77,10
2019,6.0,2019-04-27,Jesse,Joyce,Gold Coast,INT,2,299,6,7,4,1,4,0,71,12
2019,6.0,2019-04-27,Eric,Hipwood,Brisbane Lions,CHF,7,253,0,3,5,0,3,0,60,6
2019,6.0,2019-04-27,Brayden,Fiorini,Gold Coast,INT,5,563,3,21,6,1,8,2,58,18
2019,6.0,2019-04-27,Ben,Ainsworth,Gold Coast,WL,4,353,3,13,3,1,6,0,81,17
2019,6.0,2019-04-27,Jack,Bowes,Gold Coast,C,3,262,3,11,6,1,7,0,44,7
2019,6.0,2019-04-27,Jarrod,Berry,Brisbane Lions,WL,8,371,2,22,0,1,6,1,78,14
2019,6.0,2019-04-27,Hugh,McCluggage,Brisbane Lions,WR,7,433,0,15,4,0,3,0,64,16
2019,6.0,2019-04-27,Will,Brodie,Gold Coast,INT,1,167,4,24,5,1,8,0,62,13
2019,6.0,2019-04-27,Alex,Witherden,Brisbane Lions,HBFL,5,423,3,7,3,0,2,0,69,11
2019,6.0,2019-04-27,Cam,Rayner,Brisbane Lions,HFFL,5,233,2,12,2,0,3,1,80,8
2019,6.0,2019-04-27,Oscar,McInerney,Brisbane Lions,RK,1,18,1,14,1,0,4,0,50,4
2019,6.0,2019-04-27,Charlie,Ballard,Gold Coast,BPR,0,58,4,11,1,0,0,0,78,7
2019,6.0,2019-04-27,Jack,Lukosius,Gold Coast,INT,3,135,1,6,1,0,2,1,50,3
2019,6.0,2019-04-27,Josh,Corbett,Gold Coast,FF,5,133,0,5,1,0,2,0,83,5
2019,6.0,2019-04-27,Noah,Answerth,Brisbane Lions,FPR,1,182,5,16,1,0,2,0,92,11
2019,6.0,2019-04-27,Eddie,Betts,Adelaide,FPR,3,99,0,12,2,0,2,2,80,8
2019,6.0,2019-04-27,Nathan,Brown,St Kilda,FB,2,-30,5,7,0,0,3,0,100,9
2019,6.0,2019-04-27,David,Mackay,Adelaide,HBFL,5,144,5,9,1,0,5,0,78,14
2019,6.0,2019-04-27,Taylor,Walker,Adelaide,CHF,7,447,5,12,5,0,4,2,64,9
2019,6.0,2019-04-27,Jack,Steven,St Kilda,INT,3,345,2,21,3,1,7,0,73,16
2019,6.0,2019-04-27,Shane,Savage,St Kilda,BPR,5,587,4,4,9,0,3,0,87,26
2019,6.0,2019-04-27,Rory,Sloane,Adelaide,R,3,220,4,23,4,2,8,1,81,17
2019,6.0,2019-04-27,Tom,Lynch,Adelaide,HFFR,7,280,1,9,2,0,1,0,93,14
2019,6.0,2019-04-27,Brodie,Smith,Adelaide,HBFR,5,737,6,13,9,0,8,0,67,20
2019,6.0,2019-04-27,Daniel,Talia,Adelaide,FB,2,169,8,3,3,0,3,0,82,9
2019,6.0,2019-04-27,Jack,Newnes,St Kilda,WR,6,369,3,12,5,0,5,0,87,20
2019,6.0,2019-04-27,Billy,Longer,St Kilda,RK,0,90,3,15,1,2,2,0,80,8
2019,6.0,2019-04-27,Josh,Bruce,St Kilda,CHF,3,90,2,2,2,0,4,0,57,4
2019,6.0,2019-04-27,Sebastian,Ross,St Kilda,C,7,672,2,22,3,1,5,1,77,20
2019,6.0,2019-04-27,Brad,Crouch,Adelaide,C,4,398,0,12,6,2,8,0,67,20
2019,6.0,2019-04-27,Rory,Laird,Adelaide,BPR,5,224,8,4,2,0,9,0,82,27
2019,6.0,2019-04-27,Dean,Kent,St Kilda,WL,3,97,0,14,2,0,2,2,43,3
2019,6.0,2019-04-27,Jimmy,Webster,St Kilda,BPL,3,203,6,18,4,1,7,0,80,12
2019,6.0,2019-04-27,Kyle,Hartigan,Adelaide,CHB,2,57,4,6,2,0,1,0,73,8
2019,6.0,2019-04-27,Jack,Billings,St Kilda,HFFL,2,278,3,16,3,0,3,1,71,17
2019,6.0,2019-04-27,Matt,Crouch,Adelaide,RR,8,454,4,10,7,4,10,1,67,24
2019,6.0,2019-04-27,Blake,Acres,St Kilda,INT,4,274,3,17,4,0,7,1,53,8
2019,6.0,2019-04-27,Cameron,Ellis-Yolmen,Adelaide,INT,4,236,2,14,3,0,8,1,50,10
2019,6.0,2019-04-27,Tim,Membrey,St Kilda,FF,3,160,2,7,4,0,5,1,82,9
2019,6.0,2019-04-27,Jack,Lonie,St Kilda,FPL,4,106,0,4,0,0,2,0,50,2
2019,6.0,2019-04-27,Jack,Sinclair,St Kilda,R,5,319,4,23,6,0,5,3,79,15
2019,6.0,2019-04-27,Jake,Kelly,Adelaide,INT,2,315,4,11,3,0,3,0,86,19
2019,6.0,2019-04-27,Daniel,McKenzie,St Kilda,HBFR,3,259,5,5,4,0,2,0,90,17
2019,6.0,2019-04-27,Jack,Steele,St Kilda,RR,4,265,6,31,6,3,11,0,86,18
2019,6.0,2019-04-27,Riley,Knight,Adelaide,WL,3,232,2,19,2,0,3,0,80,12
2019,6.0,2019-04-27,Rory,Atkins,Adelaide,WR,4,536,4,14,7,1,8,0,70,19
2019,6.0,2019-04-27,Jade,Gresham,St Kilda,FPR,6,353,2,16,6,1,10,1,47,9
2019,6.0,2019-04-27,Reilly,O'Brien,Adelaide,RK,2,75,3,17,2,3,4,0,64,7
2019,6.0,2019-04-27,Ben,Long,St Kilda,HFFR,7,122,1,19,0,0,2,2,56,5
2019,6.0,2019-04-27,Jordan,Gallucci,Adelaide,INT,3,192,0,17,3,0,5,1,75,9
2019,6.0,2019-04-27,Hugh,Greenwood,Adelaide,INT,7,81,3,21,0,1,8,3,64,9
2019,6.0,2019-04-27,Josh,Battle,St Kilda,CHB,3,462,9,9,4,0,0,0,81,17
2019,6.0,2019-04-27,Alex,Keath,Adelaide,BPL,3,401,8,7,2,0,2,0,91,19
2019,6.0,2019-04-27,Lachlan,Murphy,Adelaide,FPL,3,147,0,20,5,0,0,1,57,4
2019,6.0,2019-04-27,Myles,Poholke,Adelaide,HFFL,4,63,2,9,2,0,4,0,70,7
2019,6.0,2019-04-27,Ben,Paton,St Kilda,INT,3,218,6,15,2,0,3,0,78,14
2019,6.0,2019-04-27,Elliott,Himmelberg,Adelaide,FF,5,134,1,11,2,1,5,0,67,8
2019,6.0,2019-04-27,Matthew,Parker,St Kilda,INT,3,121,0,21,6,0,2,1,60,6
2019,6.0,2019-04-27,Callum,Wilkie,St Kilda,HBFL,1,42,6,5,0,0,6,0,100,14
2019,6.0,2019-04-27,Heath,Shaw,Greater Western Sydney,BPL,4,449,8,5,4,0,4,0,80,20
2019,6.0,2019-04-27,Shane,Mumford,Greater Western Sydney,RK,2,47,3,17,2,1,6,3,79,11
2019,6.0,2019-04-27,Josh P.,Kennedy,Sydney,C,2,243,2,30,4,4,19,0,63,20
2019,6.0,2019-04-27,Sam J.,Reid,Greater Western Sydney,FPL,1,39,6,7,0,1,5,0,100,10
2019,6.0,2019-04-27,Matt,de Boer,Greater Western Sydney,HFFR,8,154,2,16,1,0,11,1,73,16
2019,6.0,2019-04-27,Sam,Reid,Sydney,FF,3,186,2,12,2,0,5,1,75,9
2019,6.0,2019-04-27,Luke,Parker,Sydney,FPR,5,380,3,18,6,2,7,1,60,15
2019,6.0,2019-04-27,Jeremy,Cameron,Greater Western Sydney,CHF,11,406,1,9,6,0,4,3,76,16
2019,6.0,2019-04-27,Stephen,Coniglio,Greater Western Sydney,RR,6,329,1,17,6,2,4,1,54,13
2019,6.0,2019-04-27,Toby,Greene,Greater Western Sydney,HFFL,10,249,1,13,6,1,5,2,50,9
2019,6.0,2019-04-27,Adam,Kennedy,Greater Western Sydney,INT,3,344,3,16,3,1,4,0,65,11
2019,6.0,2019-04-27,Adam,Tomlinson,Greater Western Sydney,INT,4,96,4,13,4,1,6,1,60,12
2019,6.0,2019-04-27,Harry,Cunningham,Sydney,WL,4,648,6,9,6,0,3,0,82,18
2019,6.0,2019-04-27,Matt,Buntine,Greater Western Sydney,INT,3,106,3,15,2,0,2,0,81,13
2019,6.0,2019-04-27,Nick,Haynes,Greater Western Sydney,CHB,5,273,10,10,1,0,3,0,81,17
2019,6.0,2019-04-27,Lachie,Whitfield,Greater Western Sydney,WR,3,103,1,14,3,0,2,0,88,7
2019,6.0,2019-04-27,Dane,Rampe,Sydney,BPL,3,207,6,12,3,0,4,0,91,10
2019,6.0,2019-04-27,Callum,Sinclair,Sydney,RK,4,113,2,11,5,0,3,0,46,6
2019,6.0,2019-04-27,Zac,Williams,Greater Western Sydney,HBFR,10,676,12,6,4,0,12,0,77,23
2019,6.0,2019-04-27,Aidan,Corr,Greater Western Sydney,FB,1,184,6,1,1,0,3,0,82,9
2019,6.0,2019-04-27,Jackson,Thurlow,Sydney,INT,1,263,5,14,6,0,3,0,53,8
2019,6.0,2019-04-27,Josh,Kelly,Greater Western Sydney,C,7,467,6,24,6,0,14,1,61,19
2019,6.0,2019-04-27,Jake,Lloyd,Sydney,HBFL,6,369,7,14,5,0,7,0,88,22
2019,6.0,2019-04-27,Zak,Jones,Sydney,R,5,401,3,25,4,2,6,0,70,19
2019,6.0,2019-04-27,Isaac,Heeney,Sydney,RR,2,213,2,19,2,4,4,1,75,12
2019,6.0,2019-04-27,George,Hewett,Sydney,INT,1,24,6,17,6,2,14,0,78,18
2019,6.0,2019-04-27,Callum,Mills,Sydney,HBFR,2,340,4,9,6,0,4,0,68,15
2019,6.0,2019-04-27,Tom,Papley,Sydney,FPL,4,196,2,9,0,0,1,0,73,8
2019,6.0,2019-04-27,Aliir,Aliir,Sydney,CHB,3,111,3,17,1,0,1,0,89,8
2019,6.0,2019-04-27,Jacob,Hopper,Greater Western Sydney,WL,7,474,8,20,4,3,14,0,55,18
2019,6.0,2019-04-27,Ryan,Clarke,Sydney,INT,0,204,1,10,5,2,3,1,27,3
2019,6.0,2019-04-27,Harry,Himmelberg,Greater Western Sydney,FF,9,171,2,12,2,0,2,2,80,8
2019,6.0,2019-04-27,Oliver,Florent,Sydney,WR,5,300,1,27,6,0,4,0,50,8
2019,6.0,2019-04-27,Tim,Taranto,Greater Western Sydney,R,9,417,3,29,3,2,13,4,57,17
2019,6.0,2019-04-27,Jordan,Dawson,Sydney,HFFL,2,310,5,15,6,0,5,1,67,12
2019,6.0,2019-04-27,Lewis,Melican,Sydney,FB,1,38,3,11,1,0,1,0,40,2
2019,6.0,2019-04-27,Daniel,Lloyd,Greater Western Sydney,FPR,6,304,1,19,3,0,3,1,75,9
2019,6.0,2019-04-27,Jeremy,Finlayson,Greater Western Sydney,BPR,5,204,0,8,2,1,5,0,71,10
2019,6.0,2019-04-27,Ben,Ronke,Sydney,INT,2,132,1,18,4,0,6,1,50,4
2019,6.0,2019-04-27,Tom,McCartin,Sydney,BPR,1,94,0,12,2,0,1,2,67,4
2019,6.0,2019-04-27,Sam,Taylor,Greater Western Sydney,HBFL,1,53,4,6,1,0,2,0,83,5
2019,6.0,2019-04-27,Brent,Daniels,Greater Western Sydney,INT,3,264,0,12,3,0,5,0,67,8
2019,6.0,2019-04-27,Nick,Blakey,Sydney,HFFR,3,92,1,5,2,0,2,0,67,4
2019,6.0,2019-04-27,James,Rowbottom,Sydney,CHF,4,202,2,12,3,0,1,0,70,7
2019,6.0,2019-04-27,David,Mundy,Fremantle,R,6,405,3,32,4,4,6,1,71,20
2019,6.0,2019-04-27,Michael,Walters,Fremantle,HFFL,5,169,2,22,3,2,7,1,82,14
2019,6.0,2019-04-27,Easton,Wood,Western Bulldogs,HBFR,3,106,6,7,0,0,2,0,90,9
2019,6.0,2019-04-27,Jackson,Trengove,Western Bulldogs,BPL,2,116,4,6,2,0,3,0,83,10
2019,6.0,2019-04-27,Travis,Colyer,Fremantle,HFFR,3,210,3,17,2,0,2,1,82,9
2019,6.0,2019-04-27,Nat,Fyfe,Fremantle,C,7,375,5,26,6,0,11,0,83,25
2019,6.0,2019-04-27,Reece,Conca,Fremantle,INT,3,249,3,11,0,1,7,0,83,10
2019,6.0,2019-04-27,Tom,Liberatore,Western Bulldogs,C,4,408,4,22,5,3,8,1,76,16
2019,6.0,2019-04-27,Brandon,Matera,Fremantle,FPR,6,255,1,12,4,0,2,1,69,9
2019,6.0,2019-04-27,Mitch,Wallis,Western Bulldogs,HFFR,7,277,1,16,3,3,8,0,76,16
2019,6.0,2019-04-27,Nathan,Wilson,Fremantle,CHB,4,754,6,7,5,0,4,0,88,22
2019,6.0,2019-04-27,Tory,Dickson,Western Bulldogs,FPR,5,209,1,10,2,0,1,1,67,8
2019,6.0,2019-04-27,Bradley,Hill,Fremantle,WR,6,586,5,15,3,1,7,0,63,19
2019,6.0,2019-04-27,Hayden,Crozier,Western Bulldogs,BPR,5,348,5,11,5,0,4,0,77,17
2019,6.0,2019-04-27,Jason,Johannisen,Western Bulldogs,WR,4,508,3,11,8,0,2,0,78,18
2019,6.0,2019-04-27,Jack,Macrae,Western Bulldogs,R,5,293,3,15,6,0,9,0,66,19
2019,6.0,2019-04-27,Lachie,Hunter,Western Bulldogs,WL,10,759,7,17,9,0,7,0,75,24
2019,6.0,2019-04-27,Matt,Taberner,Fremantle,FF,6,206,1,7,5,0,3,0,64,9
2019,6.0,2019-04-27,Sam,Lloyd,Western Bulldogs,INT,3,211,0,12,3,0,0,2,70,7
2019,6.0,2019-04-27,Marcus,Bontempelli,Western Bulldogs,FF,8,295,2,18,3,4,7,0,86,19
2019,6.0,2019-04-27,Rory,Lobb,Fremantle,RK,2,192,0,14,5,1,3,0,58,7
2019,6.0,2019-04-27,Cam,McCarthy,Fremantle,INT,3,226,0,12,2,0,0,0,46,5
2019,6.0,2019-04-27,Jesse,Hogan,Fremantle,CHF,9,269,1,10,4,0,6,0,41,7
2019,6.0,2019-04-27,Alex,Pearce,Fremantle,FB,0,95,5,7,1,0,3,0,80,8
2019,6.0,2019-04-27,Joel,Hamling,Fremantle,BPL,0,118,8,6,4,0,5,0,69,11
2019,6.0,2019-04-27,Toby,McLean,Western Bulldogs,RR,10,321,2,17,3,0,2,2,89,16
2019,6.0,2019-04-27,Caleb,Daniel,Western Bulldogs,HBFL,4,511,9,13,4,0,5,0,87,26
2019,6.0,2019-04-27,Zaine,Cordy,Western Bulldogs,CHB,1,97,5,14,2,0,3,0,80,8
2019,6.0,2019-04-27,Ed,Langdon,Fremantle,WL,5,536,1,12,4,1,5,0,83,24
2019,6.0,2019-04-27,Ethan,Hughes,Fremantle,HBFR,3,129,9,14,0,0,7,0,88,15
2019,6.0,2019-04-27,Josh,Dunkley,Western Bulldogs,INT,8,179,4,13,4,1,10,1,71,17
2019,6.0,2019-04-27,Darcy,Tucker,Fremantle,RR,3,218,2,18,3,1,6,1,89,16
2019,6.0,2019-04-27,Tim,English,Western Bulldogs,RK,5,266,7,4,4,0,3,0,77,13
2019,6.0,2019-04-27,Luke,Ryan,Fremantle,BPR,2,549,5,6,5,0,2,0,96,21
2019,6.0,2019-04-27,Ryan,Nyhuis,Fremantle,INT,2,172,10,9,3,0,7,0,100,19
2019,6.0,2019-04-27,Andrew,Brayshaw,Fremantle,INT,5,119,1,18,2,0,4,0,71,10
2019,6.0,2019-04-27,Billy,Gowers,Western Bulldogs,CHF,6,101,0,6,2,0,7,0,56,5
2019,6.0,2019-04-27,Aaron,Naughton,Western Bulldogs,FB,4,128,3,14,1,0,4,0,92,11
2019,6.0,2019-04-27,Adam,Cerra,Fremantle,HBFL,2,382,3,9,3,0,2,0,70,14
2019,6.0,2019-04-27,Ed,Richards,Western Bulldogs,INT,8,196,1,16,0,0,3,0,75,9
2019,6.0,2019-04-27,Sam,Switkowski,Fremantle,FPL,4,215,2,18,5,0,3,1,73,8
2019,6.0,2019-04-27,Bailey,Smith,Western Bulldogs,FPL,7,429,4,14,5,0,4,0,91,21
2019,6.0,2019-04-27,Will,Hayes,Western Bulldogs,HFFL,6,279,1,19,2,0,5,0,67,10
2019,6.0,2019-04-27,Lachie,Young,Western Bulldogs,INT,3,199,2,12,2,0,1,0,75,9
2019,6.0,2019-04-28,Kade,Simpson,Carlton,HBFL,2,271,2,5,2,0,2,0,82,9
2019,6.0,2019-04-28,Jarryd,Roughead,Hawthorn,FPR,4,216,3,16,2,0,4,0,47,7
2019,6.0,2019-04-28,Marc,Murphy,Carlton,WL,3,401,2,20,9,1,2,0,55,12
2019,6.0,2019-04-28,Dale,Thomas,Carlton,BPL,1,372,3,15,4,0,5,0,80,20
2019,6.0,2019-04-28,Matthew,Kreuzer,Carlton,RK,5,157,1,13,2,2,3,0,77,10
2019,6.0,2019-04-28,Ben,McEvoy,Hawthorn,RK,6,39,3,17,1,4,7,2,73,11
2019,6.0,2019-04-28,Liam,Shiels,Hawthorn,INT,8,458,2,25,1,2,4,2,81,21
2019,6.0,2019-04-28,Tom,Scully,Hawthorn,HBFL,7,384,2,20,4,1,5,0,70,16
2019,6.0,2019-04-28,Ben,Stratton,Hawthorn,CHB,3,25,3,5,1,0,0,0,88,7
2019,6.0,2019-04-28,Ricky,Henderson,Hawthorn,R,1,279,3,18,1,0,2,1,81,13
2019,6.0,2019-04-28,Jack,Gunston,Hawthorn,HBFR,5,377,1,13,1,0,0,2,69,9
2019,6.0,2019-04-28,Liam,Jones,Carlton,FB,1,134,9,4,1,0,4,0,93,13
2019,6.0,2019-04-28,Ed,Curnow,Carlton,FPR,11,450,0,8,3,0,7,0,75,18
2019,6.0,2019-04-28,Paul,Puopolo,Hawthorn,HFFL,7,48,2,21,0,0,2,4,90,9
2019,6.0,2019-04-28,Isaac,Smith,Hawthorn,WL,5,417,1,13,2,0,1,0,70,14
2019,6.0,2019-04-28,Luke,Breust,Hawthorn,FPL,6,341,1,19,3,0,5,2,71,10
2019,6.0,2019-04-28,Chad,Wingard,Hawthorn,FF,6,370,1,15,5,0,3,0,53,9
2019,6.0,2019-04-28,Levi,Casboult,Carlton,HFFR,4,71,1,10,2,0,2,1,86,6
2019,6.0,2019-04-28,Lachie,Plowman,Carlton,HBFR,2,307,10,12,3,1,8,0,83,20
2019,6.0,2019-04-28,Jaeger,O'Meara,Hawthorn,C,10,431,3,16,8,4,19,0,64,27
2019,6.0,2019-04-28,Jarman,Impey,Hawthorn,BPR,4,184,8,14,1,0,4,0,94,15
2019,6.0,2019-04-28,Tim,O'Brien,Hawthorn,CHF,2,229,6,8,4,0,4,0,81,13
2019,6.0,2019-04-28,Patrick,Cripps,Carlton,C,3,235,3,32,4,3,10,0,64,18
2019,6.0,2019-04-28,James,Sicily,Hawthorn,HFFR,6,534,10,12,7,0,5,0,93,25
2019,6.0,2019-04-28,Daniel,Howe,Hawthorn,WR,4,151,0,21,2,2,3,1,79,15
2019,6.0,2019-04-28,Caleb,Marchbank,Carlton,BPR,1,275,3,6,2,0,4,0,69,9
2019,6.0,2019-04-28,Jacob,Weitering,Carlton,CHB,2,410,7,9,4,0,4,0,83,15
2019,6.0,2019-04-28,Mitch,McGovern,Carlton,FF,4,121,1,21,0,0,1,0,88,7
2019,6.0,2019-04-28,Kaiden,Brand,Hawthorn,FB,3,97,5,5,1,0,3,0,89,8
2019,6.0,2019-04-28,Jack,Silvagni,Carlton,INT,3,192,2,10,3,0,2,0,77,10
2019,6.0,2019-04-28,Blake,Hardwick,Hawthorn,BPL,4,387,4,20,4,0,4,0,78,14
2019,6.0,2019-04-28,David,Cuningham,Carlton,INT,5,323,1,13,4,0,8,0,50,8
2019,6.0,2019-04-28,Sam,Petrevski-Seton,Carlton,HFFL,4,161,1,22,2,0,7,1,61,14
2019,6.0,2019-04-28,Nic,Newman,Carlton,INT,1,454,6,8,5,0,3,0,77,13
2019,6.0,2019-04-28,Zac,Fisher,Carlton,R,7,431,1,21,6,1,6,1,74,17
2019,6.0,2019-04-28,James,Cousins,Hawthorn,INT,5,218,4,14,3,0,4,0,87,13
2019,6.0,2019-04-28,Jack,Scrimshaw,Hawthorn,INT,2,233,6,16,2,0,4,0,75,12
2019,6.0,2019-04-28,Harry,McKay,Carlton,CHF,6,289,0,9,3,0,2,1,64,7
2019,6.0,2019-04-28,Paddy,Dow,Carlton,RR,4,237,1,19,4,0,7,0,69,11
2019,6.0,2019-04-28,Lochie,O'Brien,Carlton,INT,2,87,1,6,2,0,2,0,89,8
2019,6.0,2019-04-28,James,Worpel,Hawthorn,RR,0,294,3,25,5,1,10,0,48,10
2019,6.0,2019-04-28,Mitch,Lewis,Hawthorn,INT,2,197,1,7,1,0,1,2,67,4
2019,6.0,2019-04-28,Michael,Gibbons,Carlton,FPL,3,268,1,22,2,2,4,0,62,8
2019,6.0,2019-04-28,Sam,Walsh,Carlton,WR,7,433,3,20,5,0,6,0,70,19
2019,6.0,2019-04-28,Gary,Ablett,Geelong,FPL,11,329,0,8,3,1,11,0,71,20
2019,6.0,2019-04-28,Shannon,Hurn,West Coast,BPL,0,702,8,5,4,0,4,0,85,22
2019,6.0,2019-04-28,Josh J.,Kennedy,West Coast,FF,4,157,2,13,3,0,1,2,86,6
2019,6.0,2019-04-28,Joel,Selwood,Geelong,RR,7,272,6,11,3,1,4,0,80,20
2019,6.0,2019-04-28,Tom,Hawkins,Geelong,HFFR,12,180,2,5,3,0,6,0,56,10
2019,6.0,2019-04-28,Will,Schofield,West Coast,FB,0,87,3,7,1,0,2,0,75,3
2019,6.0,2019-04-28,Chris,Masten,West Coast,WL,1,261,2,18,3,0,2,0,100,15
2019,6.0,2019-04-28,Harry,Taylor,Geelong,CHB,3,357,9,4,1,0,7,0,73,16
2019,6.0,2019-04-28,Patrick,Dangerfield,Geelong,C,6,579,3,22,8,3,3,2,57,17
2019,6.0,2019-04-28,Mitch,Duncan,Geelong,WR,5,292,4,18,5,1,5,0,86,24
2019,6.0,2019-04-28,Lewis,Jetta,West Coast,HBFR,1,372,4,15,4,0,2,0,64,9
2019,6.0,2019-04-28,Luke,Shuey,West Coast,C,4,353,0,17,7,0,3,0,59,13
2019,6.0,2019-04-28,Brad,Sheppard,West Coast,BPR,0,140,7,10,4,0,5,0,77,10
2019,6.0,2019-04-28,Gary,Rohan,Geelong,HFFL,6,372,0,13,4,0,0,1,93,13
2019,6.0,2019-04-28,Rhys,Stanley,Geelong,RK,5,245,5,14,4,1,5,0,76,16
2019,6.0,2019-04-28,Cameron,Guthrie,Geelong,INT,5,130,0,13,2,0,1,1,81,17
2019,6.0,2019-04-28,Jack,Darling,West Coast,CHF,1,131,1,9,7,0,7,1,40,4
2019,6.0,2019-04-28,Andrew,Gaff,West Coast,WR,2,557,2,15,11,0,6,0,48,14
2019,6.0,2019-04-28,Jamie,Cripps,West Coast,FPR,0,88,1,15,2,0,1,3,57,4
2019,6.0,2019-04-28,Zach,Tuohy,Geelong,INT,3,343,3,7,0,0,5,0,78,14
2019,6.0,2019-04-28,Luke,Dahlhaus,Geelong,FF,8,119,2,9,2,0,8,0,81,17
2019,6.0,2019-04-28,Tom,Hickey,West Coast,RK,3,477,1,19,6,4,5,0,68,17
2019,6.0,2019-04-28,Elliot,Yeo,West Coast,RR,4,421,1,13,3,1,6,2,71,17
2019,6.0,2019-04-28,Mark,Blicavs,Geelong,HBFL,3,156,5,10,0,0,3,0,93,14
2019,6.0,2019-04-28,Mark,Hutchings,West Coast,HFFR,1,53,3,16,2,0,1,0,44,4
2019,6.0,2019-04-28,Dom,Sheed,West Coast,INT,2,132,1,17,2,2,6,0,80,16
2019,6.0,2019-04-28,Jeremy,McGovern,West Coast,CHB,1,253,11,8,4,0,7,0,82,14
2019,6.0,2019-04-28,Liam,Duggan,West Coast,HBFL,1,329,5,14,3,0,5,0,77,13
2019,6.0,2019-04-28,Jake,Kolodjashnij,Geelong,BPL,2,270,4,1,1,0,3,0,87,13
2019,6.0,2019-04-28,Tom,Cole,West Coast,INT,0,12,2,16,1,0,1,0,100,4
2019,6.0,2019-04-28,Sam,Menegola,Geelong,R,5,210,3,11,4,1,10,0,68,15
2019,6.0,2019-04-28,Tom,Stewart,Geelong,BPR,4,470,5,8,2,0,2,0,76,19
2019,6.0,2019-04-28,Mark,O'Connor,Geelong,HBFR,3,303,6,10,0,0,5,0,81,17
2019,6.0,2019-04-28,Tim,Kelly,Geelong,WL,2,181,3,21,3,1,6,0,61,11
2019,6.0,2019-04-28,Esava,Ratugolea,Geelong,CHF,6,152,1,6,2,1,3,0,43,6
2019,6.0,2019-04-28,Liam,Ryan,West Coast,FPL,1,104,0,13,4,0,2,2,29,2
2019,6.0,2019-04-28,Daniel,Venables,West Coast,R,0,210,0,21,3,0,3,1,50,4
2019,6.0,2019-04-28,Jack,Henry,Geelong,FB,6,282,8,7,0,0,5,0,88,14
2019,6.0,2019-04-28,Jack,Petruccelle,West Coast,INT,2,28,2,11,0,0,3,0,67,4
2019,6.0,2019-04-28,Jarrod,Brander,West Coast,HFFL,1,194,1,3,1,0,3,0,70,7
2019,6.0,2019-04-28,Oscar,Allen,West Coast,INT,3,71,0,19,1,0,1,1,60,3
2019,6.0,2019-04-28,Tom,Atkins,Geelong,FPR,3,164,2,24,3,2,4,0,64,7
2019,6.0,2019-04-28,Charlie,Constable,Geelong,INT,4,279,3,12,4,0,6,0,71,15
2019,6.0,2019-04-28,Gryan,Miers,Geelong,INT,7,343,2,11,4,1,6,0,75,15
2019,7.0,2019-05-03,Paddy,Ryder,Port Adelaide,FF,6,214,2,12,4,2,2,1,71,10
2019,7.0,2019-05-03,Scott,Pendlebury,Collingwood,C,8,529,7,31,4,2,11,1,81,29
2019,7.0,2019-05-03,Justin,Westhoff,Port Adelaide,WR,9,401,7,15,10,2,11,0,55,16
2019,7.0,2019-05-03,Travis,Boak,Port Adelaide,R,2,402,1,27,8,3,11,1,63,20
2019,7.0,2019-05-03,Ben,Reid,Collingwood,CHF,9,244,0,5,1,0,3,0,46,6
2019,7.0,2019-05-03,Brad,Ebert,Port Adelaide,CHF,1,40,0,9,0,0,1,0,100,5
2019,7.0,2019-05-03,Dayne,Beams,Collingwood,FPR,3,232,2,12,6,1,5,0,70,14
2019,7.0,2019-05-03,Levi,Greenwood,Collingwood,HBFR,3,144,8,12,6,0,4,0,76,16
2019,7.0,2019-05-03,Steele,Sidebottom,Collingwood,WL,6,372,2,18,5,0,5,0,90,26
2019,7.0,2019-05-03,Tom,Rockliff,Port Adelaide,INT,5,325,1,15,4,1,3,0,59,13
2019,7.0,2019-05-03,Jordan,Roughead,Collingwood,FB,5,130,5,14,2,0,3,1,87,13
2019,7.0,2019-05-03,Jeremy,Howe,Collingwood,BPR,4,181,4,10,3,0,3,0,88,7
2019,7.0,2019-05-03,Scott,Lycett,Port Adelaide,RK,3,129,2,14,4,1,4,0,64,7
2019,7.0,2019-05-03,Will,Hoskin-Elliott,Collingwood,INT,4,199,2,7,3,0,2,0,70,7
2019,7.0,2019-05-03,Adam,Treloar,Collingwood,INT,7,324,3,20,5,1,15,0,60,21
2019,7.0,2019-05-03,Jack,Crisp,Collingwood,HBFL,6,374,6,17,2,0,5,0,90,26
2019,7.0,2019-05-03,Taylor,Adams,Collingwood,RR,6,234,2,7,2,3,4,0,73,11
2019,7.0,2019-05-03,Jamie,Elliott,Collingwood,HFFR,7,147,0,14,2,0,4,3,83,15
2019,7.0,2019-05-03,Ollie,Wines,Port Adelaide,RR,6,148,6,26,5,2,12,1,61,17
2019,7.0,2019-05-03,Josh,Thomas,Collingwood,HFFL,7,188,1,14,1,0,2,0,73,11
2019,7.0,2019-05-03,Brodie,Grundy,Collingwood,RK,8,156,3,13,1,3,12,1,77,17
2019,7.0,2019-05-03,Tom,Langdon,Collingwood,INT,5,244,9,12,2,0,7,1,83,20
2019,7.0,2019-05-03,Tom,Clurey,Port Adelaide,FB,1,239,6,7,3,0,4,0,62,8
2019,7.0,2019-05-03,Sam,Gray,Port Adelaide,FPL,4,106,1,23,3,0,5,1,60,6
2019,7.0,2019-05-03,Jordan,De Goey,Collingwood,R,8,347,0,12,4,1,6,1,53,8
2019,7.0,2019-05-03,Karl,Amon,Port Adelaide,INT,3,240,2,27,3,0,5,0,60,9
2019,7.0,2019-05-03,Brayden,Maynard,Collingwood,BPL,3,541,8,14,5,0,8,0,78,21
2019,7.0,2019-05-03,Darcy,Moore,Collingwood,CHB,5,374,12,2,3,0,6,0,81,17
2019,7.0,2019-05-03,Dougal,Howard,Port Adelaide,CHB,0,141,8,6,1,0,1,0,83,10
2019,7.0,2019-05-03,Darcy,Byrne-Jones,Port Adelaide,INT,5,294,6,18,3,0,5,0,65,13
2019,7.0,2019-05-03,Tom,Phillips,Collingwood,WR,5,582,5,9,7,0,8,0,71,22
2019,7.0,2019-05-03,Ryan,Burton,Port Adelaide,HBFL,3,296,6,19,1,1,7,0,95,18
2019,7.0,2019-05-03,Riley,Bonner,Port Adelaide,BPL,1,394,5,15,3,1,3,0,79,11
2019,7.0,2019-05-03,Dan,Houston,Port Adelaide,BPR,3,456,6,4,5,0,3,0,90,17
2019,7.0,2019-05-03,Sam,Powell-Pepper,Port Adelaide,C,5,473,1,16,8,0,3,0,50,7
2019,7.0,2019-05-03,Callum L.,Brown,Collingwood,INT,3,164,2,26,3,0,5,1,85,11
2019,7.0,2019-05-03,Todd,Marshall,Port Adelaide,HFFL,4,176,0,17,4,0,2,1,80,8
2019,7.0,2019-05-03,Jaidyn,Stephenson,Collingwood,FPL,9,279,1,9,1,0,5,2,64,9
2019,7.0,2019-05-03,Brody,Mihocek,Collingwood,FF,6,201,1,15,2,0,6,1,70,7
2019,7.0,2019-05-03,Jarrod,Lienert,Port Adelaide,HBFR,1,500,5,12,5,0,5,0,82,14
2019,7.0,2019-05-03,Zak,Butters,Port Adelaide,INT,2,91,0,19,2,0,2,0,67,6
2019,7.0,2019-05-03,Willem,Drew,Port Adelaide,HFFR,3,99,1,26,1,0,3,1,92,11
2019,7.0,2019-05-03,Xavier,Duursma,Port Adelaide,WL,2,205,3,17,2,1,7,1,75,12
2019,7.0,2019-05-03,Connor,Rozee,Port Adelaide,FPR,6,230,1,20,4,0,5,1,50,7
2019,7.0,2019-05-04,Shaun,Burgoyne,Hawthorn,INT,4,157,5,7,1,0,5,0,84,16
2019,7.0,2019-05-04,Jordan,Lewis,Melbourne,INT,2,164,4,7,5,0,3,0,54,7
2019,7.0,2019-05-04,Jarryd,Roughead,Hawthorn,FPR,4,214,4,9,3,0,2,2,63,5
2019,7.0,2019-05-04,Nathan,Jones,Melbourne,HBFL,4,266,3,15,6,1,8,1,45,9
2019,7.0,2019-05-04,Ben,McEvoy,Hawthorn,RK,3,-25,5,12,4,3,6,1,69,11
2019,7.0,2019-05-04,Jeff,Garlett,Melbourne,HFFR,6,118,1,13,1,0,4,1,56,5
2019,7.0,2019-05-04,Liam,Shiels,Hawthorn,WR,6,423,1,11,8,2,5,0,66,19
2019,7.0,2019-05-04,Tom,Scully,Hawthorn,HBFL,2,303,1,8,5,0,3,1,71,10
2019,7.0,2019-05-04,Jake,Melksham,Melbourne,FPR,6,255,1,18,4,1,5,1,55,11
2019,7.0,2019-05-04,Ben,Stratton,Hawthorn,CHB,0,106,5,9,4,0,1,0,60,6
2019,7.0,2019-05-04,Ricky,Henderson,Hawthorn,R,6,285,1,11,6,0,4,0,73,16
2019,7.0,2019-05-04,Jack,Gunston,Hawthorn,HBFR,7,516,2,13,4,0,1,0,75,15
2019,7.0,2019-05-04,Michael,Hibberd,Melbourne,WL,4,605,7,5,8,0,6,0,77,20
2019,7.0,2019-05-04,Paul,Puopolo,Hawthorn,WL,3,195,3,13,1,1,5,3,83,10
2019,7.0,2019-05-04,Isaac,Smith,Hawthorn,INT,6,373,4,7,2,0,4,0,77,17
2019,7.0,2019-05-04,Luke,Breust,Hawthorn,FPL,4,178,1,19,3,0,1,4,86,6
2019,7.0,2019-05-04,Max,Gawn,Melbourne,RK,3,230,7,5,6,3,4,0,65,11
2019,7.0,2019-05-04,Tom,McDonald,Melbourne,CHB,4,259,1,11,4,0,2,2,64,7
2019,7.0,2019-05-04,Chad,Wingard,Hawthorn,FF,5,291,1,15,5,0,1,1,71,10
2019,7.0,2019-05-04,Sam,Frost,Melbourne,FB,1,183,8,7,4,0,6,0,92,11
2019,7.0,2019-05-04,Jaeger,O'Meara,Hawthorn,C,4,169,2,18,5,2,6,1,68,13
2019,7.0,2019-05-04,Jarman,Impey,Hawthorn,BPR,3,282,9,18,5,0,6,0,82,18
2019,7.0,2019-05-04,Tim,O'Brien,Hawthorn,CHF,1,236,6,7,2,0,3,0,82,9
2019,7.0,2019-05-04,Christian,Salem,Melbourne,C,5,438,7,11,3,0,7,0,73,19
2019,7.0,2019-05-04,Angus,Brayshaw,Melbourne,R,5,331,4,12,4,0,6,0,62,13
2019,7.0,2019-05-04,James,Sicily,Hawthorn,HFFR,2,468,4,16,4,0,1,0,83,15
2019,7.0,2019-05-04,Billy,Stretch,Melbourne,INT,3,241,2,7,3,0,4,0,67,12
2019,7.0,2019-05-04,Daniel,Howe,Hawthorn,INT,3,142,1,20,2,1,4,2,58,7
2019,7.0,2019-05-04,Alex,Neal-Bullen,Melbourne,FPL,5,195,3,26,1,0,4,3,75,9
2019,7.0,2019-05-04,James,Harmes,Melbourne,INT,10,455,5,14,1,4,11,1,65,20
2019,7.0,2019-05-04,Oscar,McDonald,Melbourne,BPR,1,106,3,5,0,0,0,0,100,8
2019,7.0,2019-05-04,Clayton,Oliver,Melbourne,RR,7,409,4,18,7,2,5,0,77,23
2019,7.0,2019-05-04,Josh,Wagner,Melbourne,WR,1,93,3,11,1,0,3,0,89,8
2019,7.0,2019-05-04,Jayden,Hunt,Melbourne,HBFR,7,229,2,13,4,0,7,1,67,10
2019,7.0,2019-05-04,Christian,Petracca,Melbourne,CHF,5,97,1,5,0,1,5,1,64,7
2019,7.0,2019-05-04,Kaiden,Brand,Hawthorn,FB,1,237,5,7,4,0,3,0,77,10
2019,7.0,2019-05-04,Blake,Hardwick,Hawthorn,BPL,2,337,7,13,2,0,5,0,90,17
2019,7.0,2019-05-04,Bayley,Fritsch,Melbourne,HFFL,3,438,2,6,6,0,4,0,79,11
2019,7.0,2019-05-04,James,Worpel,Hawthorn,RR,3,340,8,16,8,1,9,2,58,14
2019,7.0,2019-05-04,Mitch,Lewis,Hawthorn,HFFL,4,124,0,9,2,0,0,1,71,5
2019,7.0,2019-05-04,Marty,Hore,Melbourne,BPL,3,241,11,9,3,0,4,0,78,14
2019,7.0,2019-05-04,Jay,Lockhart,Melbourne,INT,3,293,4,11,6,0,5,2,65,13
2019,7.0,2019-05-04,Dylan,Moore,Hawthorn,INT,2,131,4,12,3,0,5,2,85,11
2019,7.0,2019-05-04,Declan,Keilty,Melbourne,FF,1,101,0,11,2,2,3,0,83,5
2019,7.0,2019-05-04,Heath,Shaw,Greater Western Sydney,HBFR,3,532,6,4,8,0,4,0,89,16
2019,7.0,2019-05-04,Shane,Mumford,Greater Western Sydney,RK,5,116,0,14,1,1,5,0,90,9
2019,7.0,2019-05-04,Sam J.,Reid,Greater Western Sydney,WL,4,452,7,10,6,0,5,0,88,21
2019,7.0,2019-05-04,Matt,de Boer,Greater Western Sydney,HFFR,7,60,0,23,1,4,8,0,77,13
2019,7.0,2019-05-04,Shane,Savage,St Kilda,BPR,1,375,6,9,3,0,1,0,79,15
2019,7.0,2019-05-04,Jeremy,Cameron,Greater Western Sydney,FF,7,333,1,5,2,0,1,0,80,12
2019,7.0,2019-05-04,Stephen,Coniglio,Greater Western Sydney,HFFL,6,350,3,15,4,2,4,0,59,13
2019,7.0,2019-05-04,Toby,Greene,Greater Western Sydney,FPR,7,273,0,9,4,1,3,1,79,15
2019,7.0,2019-05-04,Adam,Kennedy,Greater Western Sydney,CHB,2,149,3,3,1,1,4,0,90,9
2019,7.0,2019-05-04,Adam,Tomlinson,Greater Western Sydney,RR,7,83,1,12,0,1,3,0,93,14
2019,7.0,2019-05-04,Jack,Newnes,St Kilda,WR,4,505,5,18,8,0,5,1,63,12
2019,7.0,2019-05-04,Josh,Bruce,St Kilda,CHF,1,180,2,14,3,0,2,0,57,4
2019,7.0,2019-05-04,Matt,Buntine,Greater Western Sydney,INT,3,178,6,3,5,0,7,0,62,8
2019,7.0,2019-05-04,Nick,Haynes,Greater Western Sydney,BPL,3,667,14,4,7,1,6,0,69,18
2019,7.0,2019-05-04,Sebastian,Ross,St Kilda,C,8,533,1,10,4,4,8,1,69,18
2019,7.0,2019-05-04,Zac,Williams,Greater Western Sydney,FPL,8,685,9,11,7,0,8,0,80,24
2019,7.0,2019-05-04,Aidan,Corr,Greater Western Sydney,HBFL,1,98,3,4,1,0,2,0,83,5
2019,7.0,2019-05-04,Dean,Kent,St Kilda,INT,9,376,1,18,4,0,3,1,38,6
2019,7.0,2019-05-04,Jimmy,Webster,St Kilda,BPL,1,159,3,6,1,0,1,0,89,8
2019,7.0,2019-05-04,Jack,Billings,St Kilda,HFFL,4,263,3,17,2,1,5,0,74,14
2019,7.0,2019-05-04,Blake,Acres,St Kilda,INT,3,191,3,14,0,0,4,0,78,7
2019,7.0,2019-05-04,Tim,Membrey,St Kilda,FF,3,215,1,6,2,0,2,1,70,7
2019,7.0,2019-05-04,Jack,Sinclair,St Kilda,R,4,302,1,14,3,0,5,0,60,9
2019,7.0,2019-05-04,Daniel,McKenzie,St Kilda,HBFR,1,139,6,15,1,0,3,0,90,9
2019,7.0,2019-05-04,Jack,Steele,St Kilda,RR,5,377,5,19,7,1,8,0,83,20
2019,7.0,2019-05-04,Jonathon,Marsh,St Kilda,FPL,4,152,0,7,2,0,2,1,83,5
2019,7.0,2019-05-04,Jade,Gresham,St Kilda,FPR,1,369,3,13,10,1,10,0,39,7
2019,7.0,2019-05-04,Jacob,Hopper,Greater Western Sydney,C,8,256,5,22,5,1,8,0,57,13
2019,7.0,2019-05-04,Harry,Himmelberg,Greater Western Sydney,CHF,7,181,1,11,1,1,3,0,77,10
2019,7.0,2019-05-04,Tim,Taranto,Greater Western Sydney,R,7,410,1,23,3,1,7,2,57,16
2019,7.0,2019-05-04,Ben,Long,St Kilda,WL,1,69,1,16,0,1,3,0,80,4
2019,7.0,2019-05-04,Daniel,Lloyd,Greater Western Sydney,INT,6,267,0,22,2,0,1,2,85,11
2019,7.0,2019-05-04,Jeremy,Finlayson,Greater Western Sydney,BPR,5,187,0,14,2,0,3,1,75,6
2019,7.0,2019-05-04,Josh,Battle,St Kilda,CHB,1,166,6,6,3,0,2,0,85,11
2019,7.0,2019-05-04,Rowan,Marshall,St Kilda,RK,6,512,2,10,2,3,5,0,73,16
2019,7.0,2019-05-04,Hunter,Clark,St Kilda,INT,1,5,2,28,1,1,5,2,70,7
2019,7.0,2019-05-04,Isaac,Cumming,Greater Western Sydney,WR,2,123,0,7,1,0,3,0,70,7
2019,7.0,2019-05-04,Sam,Taylor,Greater Western Sydney,FB,2,142,7,5,3,0,4,0,77,10
2019,7.0,2019-05-04,Darragh,Joyce,St Kilda,FB,3,247,4,9,2,1,3,0,91,10
2019,7.0,2019-05-04,Brent,Daniels,Greater Western Sydney,INT,8,241,0,22,3,0,3,0,81,13
2019,7.0,2019-05-04,Ben,Paton,St Kilda,INT,2,157,4,5,2,1,4,0,71,10
2019,7.0,2019-05-04,Matthew,Parker,St Kilda,HFFR,4,251,0,15,7,0,5,2,58,7
2019,7.0,2019-05-04,Callum,Wilkie,St Kilda,HBFL,1,244,10,5,2,0,8,0,100,13
2019,7.0,2019-05-04,Jackson,Hately,Greater Western Sydney,INT,3,281,2,15,2,0,6,0,81,17
2019,7.0,2019-05-04,Luke,Hodge,Brisbane Lions,BPL,3,205,9,5,3,0,6,0,56,9
2019,7.0,2019-05-04,Kieren,Jack,Sydney,WL,2,90,1,16,4,1,2,2,57,4
2019,7.0,2019-05-04,Josh P.,Kennedy,Sydney,RR,6,550,3,20,10,3,13,0,52,16
2019,7.0,2019-05-04,Stefan,Martin,Brisbane Lions,RK,10,344,4,8,7,2,5,2,57,12
2019,7.0,2019-05-04,Mitch,Robinson,Brisbane Lions,R,7,394,3,17,4,1,9,3,50,11
2019,7.0,2019-05-04,Daniel,Rich,Brisbane Lions,BPR,7,656,8,9,4,0,5,0,67,14
2019,7.0,2019-05-04,Sam,Reid,Sydney,CHF,3,89,0,19,2,0,2,4,75,6
2019,7.0,2019-05-04,Ryan,Lester,Brisbane Lions,HBFL,1,232,6,4,3,1,5,0,58,7
2019,7.0,2019-05-04,Luke,Parker,Sydney,C,6,158,2,30,2,1,8,0,60,12
2019,7.0,2019-05-04,Harry,Cunningham,Sydney,FPR,1,426,2,7,5,0,2,0,86,12
2019,7.0,2019-05-04,Lachie,Neale,Brisbane Lions,C,5,367,6,22,2,3,13,0,76,22
2019,7.0,2019-05-04,Jarryd,Lyons,Brisbane Lions,INT,2,416,3,15,4,1,9,1,48,11
2019,7.0,2019-05-04,Dayne,Zorko,Brisbane Lions,RR,7,762,5,28,12,2,10,5,66,19
2019,7.0,2019-05-04,Lincoln,McCarthy,Brisbane Lions,HFFR,6,192,2,13,2,0,8,1,71,10
2019,7.0,2019-05-04,Josh,Walker,Brisbane Lions,FB,1,58,6,6,0,0,2,0,100,7
2019,7.0,2019-05-04,Dane,Rampe,Sydney,FB,2,348,4,8,4,0,2,0,83,10
2019,7.0,2019-05-04,Callum,Sinclair,Sydney,RK,0,174,3,17,5,1,8,1,47,7
2019,7.0,2019-05-04,Jackson,Thurlow,Sydney,INT,3,370,4,9,7,0,7,0,58,11
2019,7.0,2019-05-04,Lewis,Taylor,Brisbane Lions,INT,3,153,3,10,1,0,4,0,100,7
2019,7.0,2019-05-04,Tom,Cutler,Brisbane Lions,FPR,8,352,2,7,1,1,7,2,70,16
2019,7.0,2019-05-04,Darcy,Gardiner,Brisbane Lions,CHB,3,188,7,6,3,0,3,0,85,11
2019,7.0,2019-05-04,Jake,Lloyd,Sydney,HBFR,5,507,6,13,3,0,4,1,81,21
2019,7.0,2019-05-04,Charlie,Cameron,Brisbane Lions,FPL,6,155,4,22,2,0,6,2,69,11
2019,7.0,2019-05-04,Zak,Jones,Sydney,HFFL,7,371,0,16,2,1,2,0,78,14
2019,7.0,2019-05-04,Daniel,McStay,Brisbane Lions,FF,5,295,1,10,3,0,3,0,82,9
2019,7.0,2019-05-04,Isaac,Heeney,Sydney,R,3,447,2,11,10,2,6,0,65,13
2019,7.0,2019-05-04,George,Hewett,Sydney,HBFL,3,183,10,19,2,4,22,0,79,27
2019,7.0,2019-05-04,Callum,Mills,Sydney,BPL,4,377,5,6,5,0,3,0,82,14
2019,7.0,2019-05-04,Tom,Papley,Sydney,HFFR,9,397,2,13,3,0,6,0,61,11
2019,7.0,2019-05-04,Aliir,Aliir,Sydney,CHB,5,359,15,8,6,0,8,0,76,16
2019,7.0,2019-05-04,Eric,Hipwood,Brisbane Lions,CHF,7,134,0,7,0,0,2,1,50,4
2019,7.0,2019-05-04,Oliver,Florent,Sydney,WR,1,116,2,20,0,0,1,0,71,5
2019,7.0,2019-05-04,Robbie,Fox,Sydney,INT,3,208,1,17,3,1,2,0,86,6
2019,7.0,2019-05-04,Will,Hayward,Sydney,FPL,6,182,1,14,2,0,3,2,67,8
2019,7.0,2019-05-04,Jordan,Dawson,Sydney,INT,3,111,3,11,1,0,5,0,69,9
2019,7.0,2019-05-04,Jarrod,Berry,Brisbane Lions,WL,6,345,0,11,4,0,8,0,56,14
2019,7.0,2019-05-04,Hugh,McCluggage,Brisbane Lions,WR,8,526,4,18,3,0,9,1,67,16
2019,7.0,2019-05-04,Lewis,Melican,Sydney,BPR,0,58,1,6,0,0,1,0,80,4
2019,7.0,2019-05-04,Alex,Witherden,Brisbane Lions,INT,2,376,2,12,2,0,1,0,93,14
2019,7.0,2019-05-04,Cam,Rayner,Brisbane Lions,HFFL,3,101,1,12,1,0,4,0,75,6
2019,7.0,2019-05-04,Oscar,McInerney,Brisbane Lions,INT,5,192,1,15,2,1,5,1,50,5
2019,7.0,2019-05-04,Tom,McCartin,Sydney,FF,2,167,0,11,3,0,2,1,75,6
2019,7.0,2019-05-04,Nick,Blakey,Sydney,INT,2,186,1,10,3,0,4,3,46,5
2019,7.0,2019-05-04,Noah,Answerth,Brisbane Lions,HBFR,4,169,6,19,4,1,7,0,57,8
2019,7.0,2019-05-04,Shane,Edwards,Richmond,CHB,2,279,2,12,3,2,6,0,58,7
2019,7.0,2019-05-04,Bachar,Houli,Richmond,HBFR,1,399,4,7,3,0,2,0,89,16
2019,7.0,2019-05-04,Easton,Wood,Western Bulldogs,HBFR,2,83,4,14,1,0,1,0,100,12
2019,7.0,2019-05-04,Dustin,Martin,Richmond,FPR,4,444,1,11,7,1,8,0,76,19
2019,7.0,2019-05-04,Jackson,Trengove,Western Bulldogs,FB,1,234,5,5,2,0,0,0,71,10
2019,7.0,2019-05-04,Dylan,Grimes,Richmond,BPR,1,93,4,5,2,0,1,0,70,7
2019,7.0,2019-05-04,Tom,Liberatore,Western Bulldogs,C,3,162,2,21,1,1,4,0,86,12
2019,7.0,2019-05-04,Dion,Prestia,Richmond,C,6,241,2,31,2,2,7,0,82,18
2019,7.0,2019-05-04,Mitch,Wallis,Western Bulldogs,INT,7,205,2,20,3,1,7,1,78,18
2019,7.0,2019-05-04,Tom,Lynch,Richmond,FF,3,86,2,12,2,0,2,0,60,3
2019,7.0,2019-05-04,Josh,Caddy,Richmond,RR,4,187,2,15,1,0,3,1,64,7
2019,7.0,2019-05-04,Brandon,Ellis,Richmond,WL,2,-24,3,9,0,0,4,0,100,14
2019,7.0,2019-05-04,Tory,Dickson,Western Bulldogs,INT,2,151,1,10,1,0,3,1,67,8
2019,7.0,2019-05-04,Hayden,Crozier,Western Bulldogs,BPR,7,625,8,8,6,0,3,0,96,27
2019,7.0,2019-05-04,Jason,Johannisen,Western Bulldogs,WR,7,370,5,10,3,0,5,0,91,19
2019,7.0,2019-05-04,Jack,Macrae,Western Bulldogs,R,10,251,1,13,3,0,7,0,78,28
2019,7.0,2019-05-04,Nick,Vlastuin,Richmond,FB,2,243,10,5,2,0,6,0,81,17
2019,7.0,2019-05-04,Lachie,Hunter,Western Bulldogs,WL,5,278,2,11,4,1,4,1,82,18
2019,7.0,2019-05-04,Sam,Lloyd,Western Bulldogs,HFFR,9,349,2,12,4,0,2,1,60,12
2019,7.0,2019-05-04,Marcus,Bontempelli,Western Bulldogs,CHF,8,496,0,22,4,3,7,0,78,21
2019,7.0,2019-05-04,Kamdyn,McIntosh,Richmond,WR,2,326,4,14,4,0,2,1,67,8
2019,7.0,2019-05-04,Kane,Lambert,Richmond,R,9,362,4,28,4,0,7,1,52,12
2019,7.0,2019-05-04,Connor,Menadue,Richmond,INT,2,237,6,13,3,0,3,0,100,15
2019,7.0,2019-05-04,Toby,McLean,Western Bulldogs,FPL,6,266,4,8,4,0,7,2,79,19
2019,7.0,2019-05-04,Toby,Nankervis,Richmond,RK,3,196,2,15,2,2,2,0,47,7
2019,7.0,2019-05-04,Caleb,Daniel,Western Bulldogs,HBFL,6,389,5,23,6,0,6,0,78,28
2019,7.0,2019-05-04,Zaine,Cordy,Western Bulldogs,CHB,4,80,4,6,0,0,3,0,100,13
2019,7.0,2019-05-04,Daniel,Rioli,Richmond,HFFL,2,170,1,18,1,0,2,0,75,6
2019,7.0,2019-05-04,Josh,Dunkley,Western Bulldogs,RR,8,340,7,14,6,2,12,1,86,30
2019,7.0,2019-05-04,Jason,Castagna,Richmond,HFFR,2,115,2,13,4,0,8,0,46,5
2019,7.0,2019-05-04,Nathan,Broad,Richmond,BPL,0,163,3,9,3,0,3,0,36,4
2019,7.0,2019-05-04,Shai,Bolton,Richmond,INT,4,372,1,13,4,0,5,0,82,14
2019,7.0,2019-05-04,Tim,English,Western Bulldogs,RK,8,122,0,13,3,3,2,0,71,10
2019,7.0,2019-05-04,Billy,Gowers,Western Bulldogs,HFFL,5,140,1,5,3,0,1,0,83,5
2019,7.0,2019-05-04,Aaron,Naughton,Western Bulldogs,FF,11,400,0,13,1,0,1,0,75,12
2019,7.0,2019-05-04,Ed,Richards,Western Bulldogs,BPL,6,195,1,13,2,1,1,0,75,9
2019,7.0,2019-05-04,Jack,Higgins,Richmond,INT,2,74,3,18,4,0,8,2,67,10
2019,7.0,2019-05-04,Liam,Baker,Richmond,FPL,5,284,1,16,3,0,2,1,67,12
2019,7.0,2019-05-04,Noah,Balta,Richmond,INT,3,297,3,8,5,0,1,0,73,8
2019,7.0,2019-05-04,Bailey,Smith,Western Bulldogs,INT,11,178,2,12,1,1,8,1,77,17
2019,7.0,2019-05-04,Sydney,Stack,Richmond,HBFL,4,278,6,14,1,0,5,0,90,17
2019,7.0,2019-05-04,Jack,Ross,Richmond,CHF,2,205,1,28,2,3,3,0,80,12
2019,7.0,2019-05-04,Will,Hayes,Western Bulldogs,FPR,5,184,2,15,3,0,5,0,60,9
2019,7.0,2019-05-04,Lachie,Young,Western Bulldogs,INT,1,383,4,9,6,0,2,1,61,11
2019,7.0,2019-05-04,Shannon,Hurn,West Coast,BPL,3,160,9,1,4,0,8,0,89,23
2019,7.0,2019-05-04,Josh J.,Kennedy,West Coast,FF,4,192,0,4,2,0,0,1,56,5
2019,7.0,2019-05-04,Jarrod,Harbrow,Gold Coast,BPL,6,364,11,10,3,0,6,0,83,25
2019,7.0,2019-05-04,Will,Schofield,West Coast,FB,3,38,5,3,1,0,1,0,60,6
2019,7.0,2019-05-04,Chris,Masten,West Coast,HFFR,2,164,3,8,2,0,2,0,58,7
2019,7.0,2019-05-04,Jack,Redden,West Coast,INT,4,213,2,31,2,0,4,1,76,16
2019,7.0,2019-05-04,Lewis,Jetta,West Coast,HBFL,4,244,1,14,3,0,0,0,80,12
2019,7.0,2019-05-04,Luke,Shuey,West Coast,R,9,515,3,24,6,3,9,1,71,22
2019,7.0,2019-05-04,Brad,Sheppard,West Coast,HBFR,9,384,4,4,3,0,2,0,96,24
2019,7.0,2019-05-04,Jack,Darling,West Coast,CHF,9,279,0,15,1,0,4,3,46,5
2019,7.0,2019-05-04,Andrew,Gaff,West Coast,WR,7,467,7,20,3,0,9,0,71,25
2019,7.0,2019-05-04,David,Swallow,Gold Coast,R,3,354,2,20,8,0,4,0,68,15
2019,7.0,2019-05-04,Jamie,Cripps,West Coast,FPR,10,254,0,26,1,0,7,3,75,12
2019,7.0,2019-05-04,Nathan,Vardy,West Coast,RK,2,-17,0,11,0,1,1,0,50,2
2019,7.0,2019-05-04,Jack,Hombsch,Gold Coast,CHB,2,149,4,7,2,0,3,0,75,6
2019,7.0,2019-05-04,George,Horlin-Smith,Gold Coast,INT,1,107,3,9,2,0,2,0,67,6
2019,7.0,2019-05-04,Anthony,Miles,Gold Coast,INT,4,421,2,15,3,3,4,0,54,14
2019,7.0,2019-05-04,Aaron,Young,Gold Coast,INT,3,191,3,13,4,0,1,2,70,7
2019,7.0,2019-05-04,Alex,Sexton,Gold Coast,WR,3,209,1,16,5,0,1,0,63,5
2019,7.0,2019-05-04,Elliot,Yeo,West Coast,C,5,547,2,30,6,1,12,0,79,22
2019,7.0,2019-05-04,Jordan,Murdoch,Gold Coast,HBFL,5,519,5,9,4,0,5,0,83,15
2019,7.0,2019-05-04,Jarrod,Witts,Gold Coast,RK,2,193,3,11,3,1,8,0,57,8
2019,7.0,2019-05-04,Mark,Hutchings,West Coast,INT,3,187,3,18,1,0,3,1,58,7
2019,7.0,2019-05-04,Jack,Martin,Gold Coast,FPR,3,120,0,21,3,3,6,1,69,20
2019,7.0,2019-05-04,Dom,Sheed,West Coast,RR,9,358,1,14,7,0,7,0,69,22
2019,7.0,2019-05-04,Jeremy,McGovern,West Coast,CHB,3,180,9,6,3,0,4,0,83,15
2019,7.0,2019-05-04,Nick,Holman,Gold Coast,HFFR,5,94,1,14,1,1,6,3,86,12
2019,7.0,2019-05-04,Touk,Miller,Gold Coast,RR,2,89,1,14,3,0,5,0,88,15
2019,7.0,2019-05-04,Liam,Duggan,West Coast,BPR,3,295,7,13,4,0,7,0,74,14
2019,7.0,2019-05-04,Peter,Wright,Gold Coast,CHF,4,329,1,7,1,0,2,1,90,9
2019,7.0,2019-05-04,Darcy,Macpherson,Gold Coast,FPL,2,255,2,24,3,0,5,1,50,8
2019,7.0,2019-05-04,Sam,Collins,Gold Coast,FB,2,111,8,5,2,0,4,0,69,9
2019,7.0,2019-05-04,Tom,Cole,West Coast,INT,3,195,2,9,2,0,3,0,88,14
2019,7.0,2019-05-04,Jesse,Joyce,Gold Coast,HBFR,4,191,2,9,1,0,2,0,77,10
2019,7.0,2019-05-04,Brayden,Fiorini,Gold Coast,INT,3,210,1,14,3,1,6,2,60,12
2019,7.0,2019-05-04,Ben,Ainsworth,Gold Coast,WL,3,132,2,12,3,0,4,0,69,9
2019,7.0,2019-05-04,Jack,Bowes,Gold Coast,C,6,252,3,17,2,1,3,2,84,16
2019,7.0,2019-05-04,Liam,Ryan,West Coast,FPL,4,223,2,19,3,0,6,0,58,7
2019,7.0,2019-05-04,Daniel,Venables,West Coast,WL,2,86,0,12,3,0,1,1,67,6
2019,7.0,2019-05-04,Jack,Petruccelle,West Coast,INT,5,188,1,13,3,0,4,1,67,8
2019,7.0,2019-05-04,Charlie,Ballard,Gold Coast,BPR,4,182,4,6,2,0,3,0,69,11
2019,7.0,2019-05-04,Wil,Powell,Gold Coast,HFFL,5,329,2,12,1,0,2,0,88,14
2019,7.0,2019-05-04,Oscar,Allen,West Coast,HFFL,6,119,1,13,1,0,1,0,70,7
2019,7.0,2019-05-04,Josh,Corbett,Gold Coast,FF,6,202,0,10,2,0,1,0,62,8
2019,7.0,2019-05-05,Marc,Murphy,Carlton,HBFL,4,288,4,26,3,1,7,0,80,16
2019,7.0,2019-05-05,Dale,Thomas,Carlton,HBFR,4,420,7,17,4,0,6,0,71,17
2019,7.0,2019-05-05,Shaun,Higgins,North Melbourne,C,11,437,2,18,7,0,8,0,73,27
2019,7.0,2019-05-05,Scott,Thompson,North Melbourne,CHB,3,145,1,3,0,0,2,0,100,5
2019,7.0,2019-05-05,Todd,Goldstein,North Melbourne,RK,7,113,2,15,4,0,4,0,75,12
2019,7.0,2019-05-05,Jack,Ziebell,North Melbourne,HFFR,8,364,3,24,4,4,9,0,59,13
2019,7.0,2019-05-05,Sam,Wright,North Melbourne,INT,4,219,7,5,2,0,6,0,83,19
2019,7.0,2019-05-05,Ben,Cunnington,North Melbourne,RR,4,197,5,18,0,4,10,2,74,20
2019,7.0,2019-05-05,Robbie,Tarrant,North Melbourne,FB,2,154,2,1,1,0,1,0,90,9
2019,7.0,2019-05-05,Jamie,Macmillan,North Melbourne,BPL,3,529,11,6,5,0,4,0,79,19
2019,7.0,2019-05-05,Liam,Jones,Carlton,FB,0,67,4,4,2,0,1,0,57,4
2019,7.0,2019-05-05,Ed,Curnow,Carlton,HFFR,3,66,0,15,1,0,2,0,67,8
2019,7.0,2019-05-05,Jasper,Pittard,North Melbourne,BPR,6,381,5,5,5,0,2,0,64,16
2019,7.0,2019-05-05,Shaun,Atley,North Melbourne,HBFR,5,169,2,10,2,0,1,1,79,11
2019,7.0,2019-05-05,Jared,Polec,North Melbourne,WR,5,344,3,13,4,0,3,0,73,16
2019,7.0,2019-05-05,Andrew,Phillips,Carlton,RK,9,240,4,10,3,2,1,0,46,6
2019,7.0,2019-05-05,Marley,Williams,North Melbourne,HBFL,5,370,4,8,2,0,4,0,69,11
2019,7.0,2019-05-05,Levi,Casboult,Carlton,INT,5,157,4,12,2,0,1,1,42,5
2019,7.0,2019-05-05,Lachie,Plowman,Carlton,BPR,1,214,3,13,2,0,1,0,67,8
2019,7.0,2019-05-05,Jed,Anderson,North Melbourne,R,3,254,0,23,5,1,5,0,66,19
2019,7.0,2019-05-05,Taylor,Garner,North Melbourne,CHF,7,140,2,9,4,0,6,2,75,12
2019,7.0,2019-05-05,Patrick,Cripps,Carlton,C,9,153,1,23,2,5,9,1,80,20
2019,7.0,2019-05-05,Ben,Brown,North Melbourne,FF,8,149,1,10,0,0,3,4,80,8
2019,7.0,2019-05-05,Kayne,Turner,North Melbourne,FPL,7,349,5,18,4,0,5,0,83,15
2019,7.0,2019-05-05,Mason,Wood,North Melbourne,INT,8,435,5,14,7,0,9,0,58,14
2019,7.0,2019-05-05,Trent,Dumont,North Melbourne,WL,6,338,5,19,1,0,11,0,79,30
2019,7.0,2019-05-05,Caleb,Marchbank,Carlton,INT,0,249,3,14,4,0,1,0,82,9
2019,7.0,2019-05-05,Jacob,Weitering,Carlton,CHB,1,107,10,9,3,0,7,0,78,14
2019,7.0,2019-05-05,Charlie,Curnow,Carlton,HFFL,6,460,0,19,4,0,5,2,50,8
2019,7.0,2019-05-05,Jack,Silvagni,Carlton,CHF,6,196,0,16,3,0,2,2,56,5
2019,7.0,2019-05-05,David,Cuningham,Carlton,R,4,356,2,28,7,1,3,0,46,6
2019,7.0,2019-05-05,Sam,Petrevski-Seton,Carlton,FPL,6,265,1,29,1,1,4,1,63,10
2019,7.0,2019-05-05,Jy,Simpkin,North Melbourne,INT,7,207,3,19,3,2,7,0,82,22
2019,7.0,2019-05-05,Thomas,Williamson,Carlton,BPL,0,73,2,14,1,0,3,0,60,6
2019,7.0,2019-05-05,Zac,Fisher,Carlton,WL,5,535,4,23,6,2,7,0,65,17
2019,7.0,2019-05-05,Cameron,Zurhaar,North Melbourne,INT,8,334,0,13,5,1,5,2,63,10
2019,7.0,2019-05-05,Nick,Larkey,North Melbourne,FPR,6,131,0,5,2,0,3,0,90,9
2019,7.0,2019-05-05,Harry,McKay,Carlton,FF,2,19,0,9,1,0,2,0,67,2
2019,7.0,2019-05-05,Paddy,Dow,Carlton,INT,4,139,3,23,4,3,4,0,47,7
2019,7.0,2019-05-05,Lochie,O'Brien,Carlton,WR,4,178,4,6,4,1,4,0,64,7
2019,7.0,2019-05-05,Michael,Gibbons,Carlton,FPR,2,112,1,17,3,0,3,0,69,9
2019,7.0,2019-05-05,Sam,Walsh,Carlton,INT,3,256,7,20,5,0,8,0,68,15
2019,7.0,2019-05-05,Tarryn,Thomas,North Melbourne,HFFL,9,137,3,14,0,0,8,2,84,16
2019,7.0,2019-05-05,Liam,Stocker,Carlton,RR,1,118,3,15,6,0,1,0,60,6
2019,7.0,2019-05-05,Gary,Ablett,Geelong,FPL,6,468,0,16,5,0,7,2,81,21
2019,7.0,2019-05-05,Tom,Hawkins,Geelong,HFFR,5,219,1,15,1,0,3,1,79,15
2019,7.0,2019-05-05,Harry,Taylor,Geelong,CHB,4,157,2,8,2,0,4,0,75,9
2019,7.0,2019-05-05,Tom,Bellchambers,Essendon,RK,5,98,1,7,3,1,3,0,73,8
2019,7.0,2019-05-05,Patrick,Dangerfield,Geelong,C,3,77,0,5,2,0,0,0,50,4
2019,7.0,2019-05-05,Cale,Hooker,Essendon,FB,2,208,10,3,4,0,5,0,61,11
2019,7.0,2019-05-05,Michael,Hurley,Essendon,CHB,3,214,4,3,3,0,3,0,71,15
2019,7.0,2019-05-05,David,Zaharakis,Essendon,INT,2,152,1,7,2,0,3,0,94,15
2019,7.0,2019-05-05,Mitch,Duncan,Geelong,WR,9,394,3,15,1,0,1,0,96,21
2019,7.0,2019-05-05,Gary,Rohan,Geelong,HFFL,4,174,1,18,1,0,3,2,75,6
2019,7.0,2019-05-05,Rhys,Stanley,Geelong,RK,4,293,0,13,6,0,1,0,41,7
2019,7.0,2019-05-05,Cameron,Guthrie,Geelong,R,4,59,4,27,1,2,10,2,72,18
2019,7.0,2019-05-05,Dyson,Heppell,Essendon,WR,3,314,2,11,4,1,8,1,71,17
2019,7.0,2019-05-05,Luke,Dahlhaus,Geelong,FF,7,107,4,15,1,1,10,2,82,18
2019,7.0,2019-05-05,Dylan,Shiel,Essendon,FPR,5,494,2,21,5,3,6,1,73,24
2019,7.0,2019-05-05,Devon,Smith,Essendon,C,6,453,1,20,7,0,4,0,50,12
2019,7.0,2019-05-05,Mark,Baguley,Essendon,RR,1,78,0,15,1,0,3,3,88,7
2019,7.0,2019-05-05,Mark,Blicavs,Geelong,HBFL,2,140,5,8,0,0,2,0,100,13
2019,7.0,2019-05-05,Jake,Stringer,Essendon,CHF,9,418,0,22,4,0,4,0,56,10
2019,7.0,2019-05-05,Joe,Daniher,Essendon,FF,5,124,1,11,3,0,2,0,67,6
2019,7.0,2019-05-05,Patrick,Ambrose,Essendon,BPL,1,40,2,5,2,0,0,0,75,6
2019,7.0,2019-05-05,Zach,Merrett,Essendon,INT,5,239,0,22,4,3,6,0,69,20
2019,7.0,2019-05-05,Adam,Saad,Essendon,HBFR,1,271,6,25,4,0,5,1,90,17
2019,7.0,2019-05-05,Kyle,Langford,Essendon,INT,3,294,3,12,7,0,3,0,63,10
2019,7.0,2019-05-05,Jake,Kolodjashnij,Geelong,BPL,2,127,6,4,2,0,2,0,87,13
2019,7.0,2019-05-05,Conor,McKenna,Essendon,WL,2,245,7,12,6,1,5,0,70,14
2019,7.0,2019-05-05,Anthony,McDonald-Tipungwuti,Essendon,FPL,1,124,2,24,2,1,4,2,89,8
2019,7.0,2019-05-05,Darcy,Parish,Essendon,R,11,222,5,17,1,1,7,0,88,22
2019,7.0,2019-05-05,Mason,Redman,Essendon,HBFL,1,95,4,20,0,0,3,0,92,11
2019,7.0,2019-05-05,Sam,Menegola,Geelong,INT,6,387,6,16,5,1,6,1,82,23
2019,7.0,2019-05-05,Aaron,Francis,Essendon,HFFR,8,233,3,4,0,0,1,1,75,9
2019,7.0,2019-05-05,Andrew,McGrath,Essendon,BPR,4,218,5,14,2,0,5,0,82,14
2019,7.0,2019-05-05,Brandan,Parfitt,Geelong,INT,2,193,4,27,4,1,5,2,67,10
2019,7.0,2019-05-05,Tom,Stewart,Geelong,BPR,5,404,9,7,6,0,5,0,80,20
2019,7.0,2019-05-05,Mark,O'Connor,Geelong,RR,0,90,7,13,3,0,5,0,69,9
2019,7.0,2019-05-05,Zach,Guthrie,Geelong,INT,1,339,2,11,3,0,3,0,69,9
2019,7.0,2019-05-05,Tim,Kelly,Geelong,WL,8,567,2,27,7,3,11,0,73,22
2019,7.0,2019-05-05,Esava,Ratugolea,Geelong,CHF,1,80,0,6,1,0,1,0,75,3
2019,7.0,2019-05-05,Jack,Henry,Geelong,FB,3,274,4,8,4,0,2,0,75,12
2019,7.0,2019-05-05,Matt,Guelfi,Essendon,HFFL,4,102,3,11,3,0,4,2,89,8
2019,7.0,2019-05-05,Jordan,Ridley,Essendon,INT,1,201,3,6,1,0,1,0,85,11
2019,7.0,2019-05-05,Tom,Atkins,Geelong,FPR,7,312,3,26,5,2,9,1,78,18
2019,7.0,2019-05-05,Jordan,Clark,Geelong,HBFR,3,153,1,13,1,0,0,1,71,5
2019,7.0,2019-05-05,Gryan,Miers,Geelong,INT,7,323,4,22,4,0,4,0,80,20
2019,7.0,2019-05-05,Eddie,Betts,Adelaide,FPR,5,142,2,22,2,0,7,4,50,6
2019,7.0,2019-05-05,David,Mundy,Fremantle,R,4,232,2,32,5,1,14,1,66,23
2019,7.0,2019-05-05,Bryce,Gibbs,Adelaide,HFFL,1,166,4,4,5,0,2,0,69,9
2019,7.0,2019-05-05,David,Mackay,Adelaide,HBFR,2,296,3,19,3,1,5,1,57,8
2019,7.0,2019-05-05,Taylor,Walker,Adelaide,FF,6,185,0,10,5,0,6,1,64,7
2019,7.0,2019-05-05,Michael,Walters,Fremantle,HFFL,2,267,4,20,6,0,5,1,73,16
2019,7.0,2019-05-05,Rory,Sloane,Adelaide,RR,3,490,5,21,5,2,9,2,61,20
2019,7.0,2019-05-05,Travis,Colyer,Fremantle,HFFR,2,138,3,17,2,0,5,1,55,6
2019,7.0,2019-05-05,Nat,Fyfe,Fremantle,C,2,343,6,28,5,2,13,0,78,25
2019,7.0,2019-05-05,Tom,Lynch,Adelaide,CHF,6,599,6,15,5,0,9,0,62,18
2019,7.0,2019-05-05,Reece,Conca,Fremantle,INT,2,281,4,23,6,0,8,0,50,11
2019,7.0,2019-05-05,Brodie,Smith,Adelaide,HBFL,5,497,7,15,5,0,7,0,72,18
2019,7.0,2019-05-05,Brandon,Matera,Fremantle,FPR,4,166,0,29,3,0,4,1,69,9
2019,7.0,2019-05-05,Daniel,Talia,Adelaide,FB,0,143,6,5,1,0,5,0,83,10
2019,7.0,2019-05-05,Nathan,Wilson,Fremantle,CHB,1,607,6,14,7,0,5,0,59,13
2019,7.0,2019-05-05,Bradley,Hill,Fremantle,WR,2,250,1,23,6,0,4,1,50,9
2019,7.0,2019-05-05,Brad,Crouch,Adelaide,R,5,168,2,24,5,1,8,1,77,23
2019,7.0,2019-05-05,Rory,Laird,Adelaide,CHB,0,239,8,12,6,0,9,0,81,26
2019,7.0,2019-05-05,Matt,Taberner,Fremantle,FF,2,100,0,21,2,0,3,1,56,5
2019,7.0,2019-05-05,Kyle,Hartigan,Adelaide,BPR,1,234,8,8,1,0,3,0,81,13
2019,7.0,2019-05-05,Matt,Crouch,Adelaide,C,1,342,5,22,5,2,8,1,59,23
2019,7.0,2019-05-05,Rory,Lobb,Fremantle,RK,2,249,3,10,4,1,2,0,70,7
2019,7.0,2019-05-05,Cameron,Ellis-Yolmen,Adelaide,HFFR,1,344,1,24,6,1,12,0,67,22
2019,7.0,2019-05-05,Cam,McCarthy,Fremantle,INT,1,74,2,7,1,0,3,0,71,5
2019,7.0,2019-05-05,Jesse,Hogan,Fremantle,FPL,2,107,0,5,3,0,2,0,36,4
2019,7.0,2019-05-05,Jake,Kelly,Adelaide,INT,1,196,7,11,2,0,6,0,83,15
2019,7.0,2019-05-05,Alex,Pearce,Fremantle,FB,1,98,12,11,3,0,4,0,75,12
2019,7.0,2019-05-05,Joel,Hamling,Fremantle,BPL,0,265,5,3,4,0,2,0,79,11
2019,7.0,2019-05-05,Riley,Knight,Adelaide,WL,1,239,2,27,6,0,4,2,31,5
2019,7.0,2019-05-05,Rory,Atkins,Adelaide,WR,2,280,0,22,4,1,5,1,44,8
2019,7.0,2019-05-05,Ed,Langdon,Fremantle,HBFL,1,408,4,13,4,0,9,1,67,18
2019,7.0,2019-05-05,Ethan,Hughes,Fremantle,HBFR,0,141,5,17,2,0,6,0,73,11
2019,7.0,2019-05-05,Darcy,Tucker,Fremantle,RR,2,306,3,34,4,0,3,0,56,10
2019,7.0,2019-05-05,Reilly,O'Brien,Adelaide,RK,4,118,5,14,4,0,8,2,68,15
2019,7.0,2019-05-05,Jordan,Gallucci,Adelaide,INT,2,175,1,24,4,0,3,0,33,4
2019,7.0,2019-05-05,Hugh,Greenwood,Adelaide,INT,2,316,4,31,1,2,13,1,64,14
2019,7.0,2019-05-05,Luke,Ryan,Fremantle,BPR,0,544,10,19,8,0,8,0,88,30
2019,7.0,2019-05-05,Ryan,Nyhuis,Fremantle,CHF,0,225,10,14,0,0,7,0,77,13
2019,7.0,2019-05-05,Alex,Keath,Adelaide,BPL,2,199,8,6,2,0,3,0,83,15
2019,7.0,2019-05-05,Lachlan,Murphy,Adelaide,INT,4,197,1,9,0,0,2,0,80,8
2019,7.0,2019-05-05,Andrew,Brayshaw,Fremantle,INT,0,194,0,31,3,1,6,0,62,13
2019,7.0,2019-05-05,Adam,Cerra,Fremantle,INT,2,388,4,19,6,1,6,0,72,18
2019,7.0,2019-05-05,Sam,Switkowski,Fremantle,WL,1,-3,0,36,3,0,2,1,80,4
2019,7.0,2019-05-05,Elliott,Himmelberg,Adelaide,FPL,3,300,2,16,6,0,5,2,62,8
2019,8.0,2019-05-10,Kieren,Jack,Sydney,INT,2,108,0,18,3,0,1,3,38,3
2019,8.0,2019-05-10,David,Myers,Essendon,INT,5,236,2,12,3,2,4,0,64,7
2019,8.0,2019-05-10,Josh P.,Kennedy,Sydney,RR,7,205,6,20,7,0,11,1,50,12
2019,8.0,2019-05-10,Tom,Bellchambers,Essendon,RK,6,85,1,8,2,1,7,0,46,6
2019,8.0,2019-05-10,Cale,Hooker,Essendon,FB,2,360,7,7,5,0,6,1,63,12
2019,8.0,2019-05-10,Michael,Hurley,Essendon,CHB,3,407,5,3,2,0,1,0,100,21
2019,8.0,2019-05-10,David,Zaharakis,Essendon,R,5,432,2,23,3,0,6,1,63,12
2019,8.0,2019-05-10,Zac,Clarke,Essendon,FF,3,102,1,11,2,0,2,0,60,3
2019,8.0,2019-05-10,Sam,Reid,Sydney,CHF,5,122,2,11,0,0,5,0,89,8
2019,8.0,2019-05-10,Dyson,Heppell,Essendon,C,5,588,7,16,7,2,12,0,70,21
2019,8.0,2019-05-10,Luke,Parker,Sydney,R,5,369,4,14,5,3,8,0,73,24
2019,8.0,2019-05-10,Dylan,Shiel,Essendon,RR,5,327,1,24,8,2,6,2,41,7
2019,8.0,2019-05-10,Devon,Smith,Essendon,HFFR,3,193,4,35,4,0,8,1,39,5
2019,8.0,2019-05-10,Dane,Rampe,Sydney,BPL,1,254,9,3,2,0,8,0,92,12
2019,8.0,2019-05-10,Callum,Sinclair,Sydney,RK,3,213,1,12,2,0,7,0,38,6
2019,8.0,2019-05-10,Jake,Stringer,Essendon,CHF,3,300,1,24,2,2,4,1,38,3
2019,8.0,2019-05-10,Jackson,Thurlow,Sydney,INT,3,431,4,6,2,0,3,1,69,11
2019,8.0,2019-05-10,Patrick,Ambrose,Essendon,BPL,2,163,4,8,2,0,2,0,85,11
2019,8.0,2019-05-10,Zach,Merrett,Essendon,WL,7,514,3,23,7,3,6,1,57,16
2019,8.0,2019-05-10,Jake,Lloyd,Sydney,HBFL,1,551,4,7,4,1,3,0,87,20
2019,8.0,2019-05-10,Zak,Jones,Sydney,C,4,386,3,21,3,0,6,0,61,11
2019,8.0,2019-05-10,Orazio,Fantasia,Essendon,HFFL,6,206,1,7,1,0,2,1,73,8
2019,8.0,2019-05-10,Adam,Saad,Essendon,FPR,3,272,7,12,2,0,5,0,71,12
2019,8.0,2019-05-10,Isaac,Heeney,Sydney,INT,2,162,0,22,3,1,5,1,64,9
2019,8.0,2019-05-10,Conor,McKenna,Essendon,INT,3,343,5,6,3,0,1,0,64,9
2019,8.0,2019-05-10,Anthony,McDonald-Tipungwuti,Essendon,FPL,2,75,2,25,2,0,5,3,67,6
2019,8.0,2019-05-10,Darcy,Parish,Essendon,INT,3,106,1,23,1,0,6,1,80,8
2019,8.0,2019-05-10,George,Hewett,Sydney,HFFL,2,78,0,17,3,0,11,0,74,14
2019,8.0,2019-05-10,Callum,Mills,Sydney,BPR,0,354,6,8,4,0,3,0,78,14
2019,8.0,2019-05-10,Tom,Papley,Sydney,FPR,4,146,0,13,3,0,2,1,75,6
2019,8.0,2019-05-10,Aliir,Aliir,Sydney,CHB,1,249,5,8,2,0,4,0,58,7
2019,8.0,2019-05-10,Mason,Redman,Essendon,HBFR,2,280,9,11,7,0,3,0,73,11
2019,8.0,2019-05-10,Aaron,Francis,Essendon,HBFL,4,241,0,5,4,0,1,1,67,8
2019,8.0,2019-05-10,Oliver,Florent,Sydney,WR,4,332,6,13,5,0,8,1,71,12
2019,8.0,2019-05-10,Andrew,McGrath,Essendon,BPR,3,191,4,16,3,0,4,0,84,21
2019,8.0,2019-05-10,Robbie,Fox,Sydney,INT,5,178,1,29,4,0,5,0,56,9
2019,8.0,2019-05-10,Will,Hayward,Sydney,HFFR,7,270,4,14,2,0,6,0,63,10
2019,8.0,2019-05-10,Jordan,Dawson,Sydney,WL,3,298,5,10,4,0,2,1,67,10
2019,8.0,2019-05-10,Lewis,Melican,Sydney,FB,1,166,5,4,2,0,4,0,73,8
2019,8.0,2019-05-10,Matt,Guelfi,Essendon,INT,0,322,1,14,4,0,4,0,43,6
2019,8.0,2019-05-10,Tom,McCartin,Sydney,FF,5,200,1,6,2,0,2,0,71,5
2019,8.0,2019-05-10,Colin,O'Riordan,Sydney,HBFR,5,409,6,15,2,0,4,0,65,11
2019,8.0,2019-05-10,Nick,Blakey,Sydney,FPL,6,355,4,19,5,0,3,1,59,10
2019,8.0,2019-05-10,Brayden,Ham,Essendon,WR,2,126,1,13,2,0,0,2,80,4
2019,8.0,2019-05-11,Marc,Murphy,Carlton,HBFR,6,361,8,18,5,0,10,0,67,20
2019,8.0,2019-05-11,Dale,Thomas,Carlton,BPL,0,438,10,7,10,0,6,0,67,16
2019,8.0,2019-05-11,Scott,Pendlebury,Collingwood,C,8,467,0,22,3,3,5,0,58,15
2019,8.0,2019-05-11,Ben,Reid,Collingwood,CHF,3,133,0,12,2,0,0,3,67,6
2019,8.0,2019-05-11,Chris,Mayne,Collingwood,HBFR,3,18,5,7,2,0,6,0,72,13
2019,8.0,2019-05-11,Matthew,Kreuzer,Carlton,RK,4,164,1,20,3,3,4,0,64,9
2019,8.0,2019-05-11,Levi,Greenwood,Collingwood,RR,1,306,4,7,4,0,3,0,72,13
2019,8.0,2019-05-11,Steele,Sidebottom,Collingwood,WL,7,507,5,20,6,3,11,0,65,22
2019,8.0,2019-05-11,Jordan,Roughead,Collingwood,FB,4,94,4,4,0,0,3,0,100,13
2019,8.0,2019-05-11,Ed,Curnow,Carlton,FPR,6,217,2,16,5,1,6,1,62,16
2019,8.0,2019-05-11,Jeremy,Howe,Collingwood,BPR,4,260,10,11,2,0,4,0,83,15
2019,8.0,2019-05-11,Will,Hoskin-Elliott,Collingwood,INT,4,216,3,7,1,0,4,0,79,11
2019,8.0,2019-05-11,Adam,Treloar,Collingwood,R,6,265,5,24,4,3,12,0,71,24
2019,8.0,2019-05-11,Jack,Crisp,Collingwood,HBFL,5,286,5,21,4,1,6,0,71,17
2019,8.0,2019-05-11,Jamie,Elliott,Collingwood,HFFR,5,130,0,14,1,0,2,2,77,10
2019,8.0,2019-05-11,Levi,Casboult,Carlton,FPL,2,144,8,8,0,0,1,0,85,11
2019,8.0,2019-05-11,Lachie,Plowman,Carlton,HBFL,1,173,7,3,4,0,6,0,60,9
2019,8.0,2019-05-11,Josh,Thomas,Collingwood,HFFL,3,233,2,16,3,0,6,1,62,8
2019,8.0,2019-05-11,Brodie,Grundy,Collingwood,RK,10,230,3,14,2,0,6,0,64,16
2019,8.0,2019-05-11,Tom,Langdon,Collingwood,INT,1,155,3,13,7,0,4,0,57,8
2019,8.0,2019-05-11,Patrick,Cripps,Carlton,C,9,339,1,23,3,5,14,0,71,25
2019,8.0,2019-05-11,Jordan,De Goey,Collingwood,FPR,10,518,1,12,4,3,7,0,65,15
2019,8.0,2019-05-11,Caleb,Marchbank,Carlton,FB,1,369,11,8,3,0,7,0,78,18
2019,8.0,2019-05-11,Brayden,Maynard,Collingwood,BPL,1,291,3,15,6,1,3,1,60,9
2019,8.0,2019-05-11,Darcy,Moore,Collingwood,CHB,2,217,6,10,4,0,2,0,77,10
2019,8.0,2019-05-11,Jacob,Weitering,Carlton,CHB,3,245,7,6,3,0,3,0,92,12
2019,8.0,2019-05-11,Mitch,McGovern,Carlton,CHF,6,148,1,7,0,0,4,1,100,10
2019,8.0,2019-05-11,Charlie,Curnow,Carlton,INT,3,332,1,7,6,0,5,0,50,6
2019,8.0,2019-05-11,Tom,Phillips,Collingwood,WR,11,646,7,16,5,0,10,0,56,19
2019,8.0,2019-05-11,Jack,Silvagni,Carlton,HFFL,7,75,0,11,4,0,4,3,73,11
2019,8.0,2019-05-11,Rupert,Wills,Collingwood,INT,2,102,0,23,3,0,0,1,75,9
2019,8.0,2019-05-11,David,Cuningham,Carlton,HFFR,9,277,3,21,4,1,8,0,70,16
2019,8.0,2019-05-11,Sam,Petrevski-Seton,Carlton,RR,2,248,1,26,6,1,3,1,58,11
2019,8.0,2019-05-11,Thomas,Williamson,Carlton,BPR,3,59,0,17,0,0,1,0,77,10
2019,8.0,2019-05-11,Zac,Fisher,Carlton,WL,5,236,2,11,2,1,8,0,71,15
2019,8.0,2019-05-11,Callum L.,Brown,Collingwood,INT,8,262,3,23,4,0,7,4,76,16
2019,8.0,2019-05-11,Will,Setterfield,Carlton,INT,7,174,1,20,1,1,6,2,87,13
2019,8.0,2019-05-11,Harry,McKay,Carlton,FF,4,205,0,4,1,0,0,1,57,4
2019,8.0,2019-05-11,Paddy,Dow,Carlton,R,7,317,0,12,4,1,4,0,60,12
2019,8.0,2019-05-11,Jaidyn,Stephenson,Collingwood,FPL,5,210,2,12,2,0,5,1,57,8
2019,8.0,2019-05-11,Brody,Mihocek,Collingwood,FF,6,348,1,10,4,0,3,1,80,12
2019,8.0,2019-05-11,Michael,Gibbons,Carlton,INT,3,237,3,24,3,0,3,3,64,9
2019,8.0,2019-05-11,Sam,Walsh,Carlton,WR,4,217,2,24,2,1,6,0,60,12
2019,8.0,2019-05-11,Liam,Stocker,Carlton,INT,4,231,4,10,3,1,3,0,88,14
2019,8.0,2019-05-11,Luke,Hodge,Brisbane Lions,BPL,2,198,9,12,4,1,3,0,64,9
2019,8.0,2019-05-11,Stefan,Martin,Brisbane Lions,RK,2,175,2,19,8,2,5,0,53,8
2019,8.0,2019-05-11,Mitch,Robinson,Brisbane Lions,HBFR,4,426,2,25,3,0,3,4,69,11
2019,8.0,2019-05-11,Matthew,Suckling,Western Bulldogs,FPR,4,273,5,12,2,0,8,2,67,14
2019,8.0,2019-05-11,Daniel,Rich,Brisbane Lions,BPR,3,571,6,14,7,0,8,0,76,16
2019,8.0,2019-05-11,Easton,Wood,Western Bulldogs,HBFR,1,142,6,10,2,0,2,0,38,3
2019,8.0,2019-05-11,Jackson,Trengove,Western Bulldogs,FB,8,271,5,12,2,2,6,0,62,13
2019,8.0,2019-05-11,Ryan,Lester,Brisbane Lions,HBFL,1,313,7,11,4,0,3,0,69,9
2019,8.0,2019-05-11,Tom,Liberatore,Western Bulldogs,C,6,353,3,28,7,2,8,0,48,11
2019,8.0,2019-05-11,Mitch,Wallis,Western Bulldogs,INT,5,313,3,15,7,0,2,1,65,11
2019,8.0,2019-05-11,Lachie,Neale,Brisbane Lions,C,8,392,5,20,5,1,10,0,73,22
2019,8.0,2019-05-11,Jarryd,Lyons,Brisbane Lions,INT,4,258,5,26,4,3,13,1,48,12
2019,8.0,2019-05-11,Dayne,Zorko,Brisbane Lions,RR,7,496,4,28,5,2,8,2,61,17
2019,8.0,2019-05-11,Lincoln,McCarthy,Brisbane Lions,HFFR,1,219,1,24,3,0,5,5,57,8
2019,8.0,2019-05-11,Hayden,Crozier,Western Bulldogs,BPR,3,285,3,13,2,0,2,0,62,8
2019,8.0,2019-05-11,Jason,Johannisen,Western Bulldogs,BPL,3,456,4,12,3,1,3,0,90,17
2019,8.0,2019-05-11,Fletcher,Roberts,Western Bulldogs,RK,1,184,7,7,3,0,2,0,78,7
2019,8.0,2019-05-11,Jack,Macrae,Western Bulldogs,R,5,233,6,23,3,1,13,0,71,20
2019,8.0,2019-05-11,Lachie,Hunter,Western Bulldogs,WL,5,502,7,16,8,0,4,0,63,20
2019,8.0,2019-05-11,Sam,Lloyd,Western Bulldogs,INT,7,626,5,13,5,0,6,1,74,14
2019,8.0,2019-05-11,Tom,Cutler,Brisbane Lions,INT,1,419,9,10,8,0,6,1,52,11
2019,8.0,2019-05-11,Darcy,Gardiner,Brisbane Lions,CHB,0,207,5,14,2,0,4,0,73,11
2019,8.0,2019-05-11,Marcus,Bontempelli,Western Bulldogs,FF,7,490,2,15,6,1,10,1,58,15
2019,8.0,2019-05-11,Charlie,Cameron,Brisbane Lions,FPL,1,44,2,12,4,0,4,3,75,6
2019,8.0,2019-05-11,Daniel,McStay,Brisbane Lions,FF,4,269,3,9,4,0,5,2,63,10
2019,8.0,2019-05-11,Harris,Andrews,Brisbane Lions,FB,0,143,6,8,2,0,4,0,80,8
2019,8.0,2019-05-11,Toby,McLean,Western Bulldogs,FPL,4,142,1,17,3,0,5,0,55,6
2019,8.0,2019-05-11,Caleb,Daniel,Western Bulldogs,HBFL,3,459,8,9,6,0,3,0,88,14
2019,8.0,2019-05-11,Zaine,Cordy,Western Bulldogs,CHB,3,122,5,11,1,0,4,0,70,7
2019,8.0,2019-05-11,Josh,Dunkley,Western Bulldogs,RR,8,313,4,21,8,3,17,2,56,20
2019,8.0,2019-05-11,Eric,Hipwood,Brisbane Lions,CHF,7,290,0,15,3,0,4,3,46,6
2019,8.0,2019-05-11,Jarrod,Berry,Brisbane Lions,WL,3,187,2,22,1,0,3,0,75,6
2019,8.0,2019-05-11,Hugh,McCluggage,Brisbane Lions,WR,3,371,4,20,6,2,11,0,58,15
2019,8.0,2019-05-11,Alex,Witherden,Brisbane Lions,INT,4,445,3,10,4,0,4,0,77,17
2019,8.0,2019-05-11,Cam,Rayner,Brisbane Lions,HFFL,1,83,1,18,1,0,4,2,63,5
2019,8.0,2019-05-11,Billy,Gowers,Western Bulldogs,HFFL,5,125,1,22,2,0,3,3,33,2
2019,8.0,2019-05-11,Aaron,Naughton,Western Bulldogs,CHF,9,260,1,11,4,0,3,1,60,9
2019,8.0,2019-05-11,Ed,Richards,Western Bulldogs,WR,6,229,2,14,3,1,5,1,67,8
2019,8.0,2019-05-11,Zac,Bailey,Brisbane Lions,R,0,-9,0,0,0,0,0,0,100,1
2019,8.0,2019-05-11,Oscar,McInerney,Brisbane Lions,INT,1,-17,2,9,1,0,5,1,63,5
2019,8.0,2019-05-11,Bailey,Smith,Western Bulldogs,INT,2,119,1,25,2,0,6,1,70,7
2019,8.0,2019-05-11,Will,Hayes,Western Bulldogs,HFFR,4,208,1,21,3,0,3,1,60,9
2019,8.0,2019-05-11,Lachie,Young,Western Bulldogs,INT,0,93,2,10,2,0,4,0,57,4
2019,8.0,2019-05-11,Noah,Answerth,Brisbane Lions,FPR,1,216,6,18,3,0,5,0,67,8
2019,8.0,2019-05-11,Jordan,Lewis,Melbourne,INT,3,252,4,7,1,0,1,0,83,15
2019,8.0,2019-05-11,Nathan,Jones,Melbourne,HBFL,4,389,2,16,3,1,6,3,71,20
2019,8.0,2019-05-11,Jarrod,Harbrow,Gold Coast,BPL,1,234,5,7,4,0,2,0,67,8
2019,8.0,2019-05-11,Pearce,Hanley,Gold Coast,HBFL,4,434,5,11,4,0,6,0,85,17
2019,8.0,2019-05-11,Jeff,Garlett,Melbourne,FPL,2,169,3,18,3,0,5,3,33,3
2019,8.0,2019-05-11,Jake,Melksham,Melbourne,FPR,7,444,0,6,4,0,4,2,55,12
2019,8.0,2019-05-11,David,Swallow,Gold Coast,R,5,624,5,17,10,3,11,0,54,19
2019,8.0,2019-05-11,Michael,Hibberd,Melbourne,BPR,0,205,3,2,0,0,2,0,100,11
2019,8.0,2019-05-11,Max,Gawn,Melbourne,RK,4,242,3,4,5,1,2,0,70,7
2019,8.0,2019-05-11,Tom,McDonald,Melbourne,CHF,5,172,1,8,2,0,5,1,73,8
2019,8.0,2019-05-11,Jack,Hombsch,Gold Coast,CHB,0,155,4,4,2,0,1,0,75,9
2019,8.0,2019-05-11,Anthony,Miles,Gold Coast,INT,4,230,1,7,1,0,5,1,59,10
2019,8.0,2019-05-11,Alex,Sexton,Gold Coast,HFFL,5,186,0,12,3,0,5,0,50,5
2019,8.0,2019-05-11,Jordan,Murdoch,Gold Coast,INT,0,140,0,15,0,0,0,0,80,4
2019,8.0,2019-05-11,Sam,Frost,Melbourne,FB,5,337,12,5,3,0,9,0,73,16
2019,8.0,2019-05-11,Jack,Viney,Melbourne,C,6,225,2,21,4,2,4,4,75,15
2019,8.0,2019-05-11,Jarrod,Witts,Gold Coast,RK,1,84,1,6,0,1,2,0,63,5
2019,8.0,2019-05-11,Sean,Lemmens,Gold Coast,HFFR,2,156,1,6,1,0,4,2,67,6
2019,8.0,2019-05-11,Jack,Martin,Gold Coast,RR,1,217,3,16,3,2,6,0,63,12
2019,8.0,2019-05-11,Christian,Salem,Melbourne,HBFR,5,338,4,14,1,1,7,1,83,19
2019,8.0,2019-05-11,Nick,Holman,Gold Coast,C,6,247,5,29,3,0,5,4,74,14
2019,8.0,2019-05-11,Angus,Brayshaw,Melbourne,RR,1,250,2,13,5,0,10,1,48,11
2019,8.0,2019-05-11,Touk,Miller,Gold Coast,WL,3,274,2,10,1,1,7,0,80,16
2019,8.0,2019-05-11,Billy,Stretch,Melbourne,INT,3,332,3,10,4,0,6,2,58,11
2019,8.0,2019-05-11,Peter,Wright,Gold Coast,CHF,2,243,0,7,5,0,2,0,75,9
2019,8.0,2019-05-11,James,Harmes,Melbourne,INT,3,402,2,28,4,1,6,1,77,17
2019,8.0,2019-05-11,Lachie,Weller,Gold Coast,HBFR,2,486,7,17,6,0,4,0,70,16
2019,8.0,2019-05-11,Oscar,McDonald,Melbourne,CHB,1,90,3,5,3,0,1,0,75,6
2019,8.0,2019-05-11,Clayton,Oliver,Melbourne,R,2,536,6,34,8,1,15,2,71,27
2019,8.0,2019-05-11,Josh,Wagner,Melbourne,HFFL,2,131,5,9,1,0,4,0,85,11
2019,8.0,2019-05-11,Jayden,Hunt,Melbourne,WR,6,60,0,15,2,0,7,2,86,12
2019,8.0,2019-05-11,Christian,Petracca,Melbourne,HFFR,5,364,2,10,8,1,8,1,68,15
2019,8.0,2019-05-11,Darcy,Macpherson,Gold Coast,FPL,5,375,9,29,3,0,14,0,59,16
2019,8.0,2019-05-11,Sam,Collins,Gold Coast,FB,0,323,9,6,4,0,7,0,65,11
2019,8.0,2019-05-11,Ben,Ainsworth,Gold Coast,INT,5,357,1,9,5,0,4,0,70,14
2019,8.0,2019-05-11,Jack,Bowes,Gold Coast,FPR,1,256,4,13,5,0,5,0,78,14
2019,8.0,2019-05-11,Bayley,Fritsch,Melbourne,WL,3,273,4,6,3,0,7,0,82,14
2019,8.0,2019-05-11,Charlie,Ballard,Gold Coast,BPR,1,231,5,9,2,0,4,0,40,4
2019,8.0,2019-05-11,Wil,Powell,Gold Coast,WR,1,300,6,19,5,0,5,0,50,7
2019,8.0,2019-05-11,Marty,Hore,Melbourne,BPL,2,338,7,5,4,0,4,0,58,11
2019,8.0,2019-05-11,Jack,Lukosius,Gold Coast,INT,1,116,0,11,1,0,1,0,86,6
2019,8.0,2019-05-11,Jay,Lockhart,Melbourne,INT,5,195,1,5,2,0,3,1,79,15
2019,8.0,2019-05-11,Josh,Corbett,Gold Coast,FF,2,103,1,18,1,0,2,0,62,8
2019,8.0,2019-05-11,Declan,Keilty,Melbourne,FF,1,88,0,12,4,0,2,3,44,4
2019,8.0,2019-05-11,Shannon,Hurn,West Coast,BPL,4,387,3,3,1,0,1,0,88,22
2019,8.0,2019-05-11,Josh J.,Kennedy,West Coast,FF,5,114,0,10,2,0,1,3,50,3
2019,8.0,2019-05-11,Will,Schofield,West Coast,FB,2,4,4,3,1,0,1,0,80,4
2019,8.0,2019-05-11,Nathan,Brown,St Kilda,FB,1,149,4,5,1,0,0,0,100,7
2019,8.0,2019-05-11,Jack,Redden,West Coast,WL,4,50,5,19,2,2,9,1,63,12
2019,8.0,2019-05-11,Shane,Savage,St Kilda,BPR,8,628,5,10,3,0,3,0,84,21
2019,8.0,2019-05-11,Lewis,Jetta,West Coast,HBFR,1,270,0,13,0,0,0,0,100,8
2019,8.0,2019-05-11,Luke,Shuey,West Coast,C,9,371,2,14,3,4,7,0,89,24
2019,8.0,2019-05-11,Brad,Sheppard,West Coast,BPR,2,181,1,12,1,0,1,0,89,16
2019,8.0,2019-05-11,Jack,Darling,West Coast,CHF,8,201,1,17,3,0,3,0,92,12
2019,8.0,2019-05-11,Andrew,Gaff,West Coast,R,6,452,3,11,4,1,5,0,80,24
2019,8.0,2019-05-11,Jamie,Cripps,West Coast,FPR,7,249,3,28,3,0,11,1,81,17
2019,8.0,2019-05-11,Nathan,Vardy,West Coast,RK,2,94,0,17,2,1,2,0,78,7
2019,8.0,2019-05-11,Jack,Newnes,St Kilda,WR,3,144,0,9,3,0,7,2,57,8
2019,8.0,2019-05-11,Josh,Bruce,St Kilda,CHF,6,183,1,8,6,0,2,0,67,10
2019,8.0,2019-05-11,Elliot,Yeo,West Coast,RR,4,501,4,23,8,2,11,2,70,16
2019,8.0,2019-05-11,Sebastian,Ross,St Kilda,C,9,380,3,11,5,2,8,0,65,20
2019,8.0,2019-05-11,Dean,Kent,St Kilda,INT,6,254,1,16,3,0,1,1,69,9
2019,8.0,2019-05-11,Mark,Hutchings,West Coast,WR,6,256,3,10,5,0,4,0,59,10
2019,8.0,2019-05-11,Jimmy,Webster,St Kilda,INT,4,271,5,11,3,0,3,0,83,15
2019,8.0,2019-05-11,Jack,Billings,St Kilda,HFFL,7,321,3,12,2,0,4,0,76,19
2019,8.0,2019-05-11,Luke,Dunstan,St Kilda,INT,5,360,2,30,3,1,8,0,73,19
2019,8.0,2019-05-11,Dom,Sheed,West Coast,INT,6,385,5,16,4,0,6,0,71,20
2019,8.0,2019-05-11,Jeremy,McGovern,West Coast,CHB,4,250,9,11,2,0,4,0,77,10
2019,8.0,2019-05-11,Blake,Acres,St Kilda,FPL,5,327,3,16,4,0,5,1,83,15
2019,8.0,2019-05-11,Tim,Membrey,St Kilda,FF,7,122,0,4,2,0,2,0,53,8
2019,8.0,2019-05-11,Jack,Sinclair,St Kilda,R,6,243,1,15,2,0,11,1,71,12
2019,8.0,2019-05-11,Liam,Duggan,West Coast,HBFL,4,361,5,8,6,0,4,0,64,14
2019,8.0,2019-05-11,Daniel,McKenzie,St Kilda,BPL,2,204,7,10,2,0,5,0,73,11
2019,8.0,2019-05-11,Jack,Steele,St Kilda,RR,6,171,5,19,1,0,4,2,77,17
2019,8.0,2019-05-11,Jade,Gresham,St Kilda,FPR,6,306,1,5,5,2,4,0,55,11
2019,8.0,2019-05-11,Tom,Cole,West Coast,INT,0,106,6,14,1,1,5,0,63,5
2019,8.0,2019-05-11,Ben,Long,St Kilda,WL,2,-26,1,12,1,0,1,1,67,2
2019,8.0,2019-05-11,Josh,Battle,St Kilda,CHB,1,280,7,13,0,0,3,0,95,20
2019,8.0,2019-05-11,Rowan,Marshall,St Kilda,RK,5,42,2,9,1,4,8,0,64,9
2019,8.0,2019-05-11,Liam,Ryan,West Coast,FPL,10,420,1,10,3,0,7,0,65,11
2019,8.0,2019-05-11,Daniel,Venables,West Coast,INT,4,204,4,22,2,0,6,2,87,13
2019,8.0,2019-05-11,Jake,Waterman,West Coast,INT,2,166,0,23,3,0,0,0,69,9
2019,8.0,2019-05-11,Jack,Petruccelle,West Coast,HFFL,5,255,1,8,1,0,1,0,80,8
2019,8.0,2019-05-11,Ed,Phillips,St Kilda,INT,3,300,1,21,3,3,9,0,74,17
2019,8.0,2019-05-11,Oscar,Allen,West Coast,HFFR,7,194,1,16,4,0,2,0,69,9
2019,8.0,2019-05-11,Ben,Paton,St Kilda,HBFR,3,172,5,11,6,0,5,0,79,15
2019,8.0,2019-05-11,Matthew,Parker,St Kilda,HFFR,3,183,0,12,1,0,2,1,63,5
2019,8.0,2019-05-11,Callum,Wilkie,St Kilda,HBFL,4,385,4,8,4,0,2,0,63,12
2019,8.0,2019-05-11,Eddie,Betts,Adelaide,FPR,3,129,0,9,4,0,6,0,40,4
2019,8.0,2019-05-11,Paddy,Ryder,Port Adelaide,FF,4,105,4,16,2,1,5,2,44,4
2019,8.0,2019-05-11,Justin,Westhoff,Port Adelaide,CHF,3,197,3,10,5,0,5,1,50,6
2019,8.0,2019-05-11,Travis,Boak,Port Adelaide,R,1,546,4,23,12,2,14,4,43,12
2019,8.0,2019-05-11,David,Mackay,Adelaide,HBFR,4,407,1,10,6,0,7,0,58,11
2019,8.0,2019-05-11,Taylor,Walker,Adelaide,CHF,7,208,0,12,3,0,2,0,80,8
2019,8.0,2019-05-11,Matthew,Broadbent,Port Adelaide,INT,1,294,8,8,6,0,5,0,68,15
2019,8.0,2019-05-11,Tom,Rockliff,Port Adelaide,INT,6,517,7,26,7,5,17,1,56,23
2019,8.0,2019-05-11,Rory,Sloane,Adelaide,R,6,522,5,36,5,0,8,5,69,18
2019,8.0,2019-05-11,Steven,Motlop,Port Adelaide,INT,2,233,1,17,5,0,4,0,75,12
2019,8.0,2019-05-11,Tom,Lynch,Adelaide,HFFR,7,460,2,15,5,0,8,2,70,14
2019,8.0,2019-05-11,Brodie,Smith,Adelaide,WL,2,300,9,9,4,0,5,0,71,12
2019,8.0,2019-05-11,Daniel,Talia,Adelaide,FB,2,305,9,8,3,0,7,0,69,9
2019,8.0,2019-05-11,Scott,Lycett,Port Adelaide,RK,1,235,5,13,4,0,9,1,46,6
2019,8.0,2019-05-11,Luke,Brown,Adelaide,HBFL,0,344,9,6,4,0,5,0,94,17
2019,8.0,2019-05-11,Brad,Crouch,Adelaide,C,6,267,3,25,6,1,10,1,70,21
2019,8.0,2019-05-11,Rory,Laird,Adelaide,BPL,5,674,15,6,4,0,13,0,61,19
2019,8.0,2019-05-11,Kyle,Hartigan,Adelaide,BPR,0,120,4,7,3,0,2,0,67,4
2019,8.0,2019-05-11,Tom,Clurey,Port Adelaide,FB,1,209,9,2,1,0,3,0,86,12
2019,8.0,2019-05-11,Matt,Crouch,Adelaide,RR,5,201,4,4,3,2,9,0,47,9
2019,8.0,2019-05-11,Sam,Gray,Port Adelaide,FPL,5,309,2,12,4,0,5,0,68,13
2019,8.0,2019-05-11,Cameron,Ellis-Yolmen,Adelaide,HFFL,1,253,4,21,5,2,12,3,67,16
2019,8.0,2019-05-11,Jake,Kelly,Adelaide,INT,1,266,8,9,3,0,6,0,79,15
2019,8.0,2019-05-11,Karl,Amon,Port Adelaide,WR,3,451,5,21,8,0,6,1,71,12
2019,8.0,2019-05-11,Riley,Knight,Adelaide,INT,2,191,3,17,3,1,3,0,70,7
2019,8.0,2019-05-11,Rory,Atkins,Adelaide,WR,4,627,2,17,6,0,3,0,67,14
2019,8.0,2019-05-11,Dougal,Howard,Port Adelaide,CHB,6,338,7,11,1,0,5,0,79,11
2019,8.0,2019-05-11,Darcy,Byrne-Jones,Port Adelaide,HBFR,1,281,12,14,7,0,9,0,61,14
2019,8.0,2019-05-11,Reilly,O'Brien,Adelaide,RK,4,116,5,11,3,0,8,1,50,5
2019,8.0,2019-05-11,Ryan,Burton,Port Adelaide,HBFL,0,19,1,1,1,0,1,0,67,2
2019,8.0,2019-05-11,Dan,Houston,Port Adelaide,BPR,1,431,11,13,7,0,10,0,84,21
2019,8.0,2019-05-11,Sam,Powell-Pepper,Port Adelaide,RR,7,535,2,33,4,3,8,1,58,11
2019,8.0,2019-05-11,Aidyn,Johnson,Port Adelaide,HFFR,4,76,0,15,2,0,6,3,75,9
2019,8.0,2019-05-11,Jordan,Gallucci,Adelaide,INT,2,289,0,17,6,0,3,0,55,6
2019,8.0,2019-05-11,Hugh,Greenwood,Adelaide,INT,4,255,3,28,6,1,14,3,55,12
2019,8.0,2019-05-11,Alex,Keath,Adelaide,CHB,2,334,12,7,6,0,12,0,62,16
2019,8.0,2019-05-11,Todd,Marshall,Port Adelaide,HFFL,2,109,1,10,4,0,2,2,43,3
2019,8.0,2019-05-11,Lachlan,Murphy,Adelaide,FPL,4,146,1,20,3,0,4,8,73,8
2019,8.0,2019-05-11,Jarrod,Lienert,Port Adelaide,BPL,2,688,6,13,4,0,6,0,81,21
2019,8.0,2019-05-11,Kane,Farrell,Port Adelaide,INT,3,290,2,17,6,0,5,1,64,7
2019,8.0,2019-05-11,Elliott,Himmelberg,Adelaide,FF,2,183,1,15,4,1,7,1,42,5
2019,8.0,2019-05-11,Willem,Drew,Port Adelaide,C,1,141,0,19,3,3,5,1,64,7
2019,8.0,2019-05-11,Xavier,Duursma,Port Adelaide,WL,4,314,4,13,5,0,5,1,64,14
2019,8.0,2019-05-11,Connor,Rozee,Port Adelaide,FPR,3,116,1,21,2,1,7,4,62,8
2019,8.0,2019-05-12,Gary,Ablett,Geelong,FPL,8,343,1,9,4,0,2,0,75,12
2019,8.0,2019-05-12,Shaun,Higgins,North Melbourne,RR,9,467,5,17,10,4,13,0,58,18
2019,8.0,2019-05-12,Tom,Hawkins,Geelong,CHF,7,255,1,6,2,0,1,2,75,9
2019,8.0,2019-05-12,Harry,Taylor,Geelong,CHB,4,296,7,4,1,0,2,0,80,16
2019,8.0,2019-05-12,Todd,Goldstein,North Melbourne,RK,6,214,3,13,1,2,5,0,79,11
2019,8.0,2019-05-12,Patrick,Dangerfield,Geelong,C,5,305,1,13,2,4,8,0,74,20
2019,8.0,2019-05-12,Jack,Ziebell,North Melbourne,FPR,7,352,2,30,2,2,3,1,71,12
2019,8.0,2019-05-12,Sam,Wright,North Melbourne,HBFL,0,257,2,9,4,0,3,0,88,15
2019,8.0,2019-05-12,Mitch,Duncan,Geelong,WR,6,322,3,19,2,0,4,0,79,23
2019,8.0,2019-05-12,Ben,Cunnington,North Melbourne,C,4,231,1,17,4,0,11,2,72,21
2019,8.0,2019-05-12,Gary,Rohan,Geelong,HFFL,6,92,1,13,3,0,5,0,60,6
2019,8.0,2019-05-12,Rhys,Stanley,Geelong,RK,4,82,1,18,2,1,4,0,73,8
2019,8.0,2019-05-12,Robbie,Tarrant,North Melbourne,FB,5,422,9,11,4,0,2,0,86,18
2019,8.0,2019-05-12,Jamie,Macmillan,North Melbourne,BPL,4,390,6,12,1,0,4,0,76,16
2019,8.0,2019-05-12,Cameron,Guthrie,Geelong,RR,3,168,1,20,3,4,12,0,71,15
2019,8.0,2019-05-12,Jasper,Pittard,North Melbourne,BPR,2,137,3,8,1,0,1,0,100,13
2019,8.0,2019-05-12,Shaun,Atley,North Melbourne,WL,4,272,3,13,2,0,4,0,92,22
2019,8.0,2019-05-12,Jared,Polec,North Melbourne,WR,9,303,2,18,3,0,1,1,58,11
2019,8.0,2019-05-12,Zach,Tuohy,Geelong,INT,1,340,5,7,5,0,5,0,93,14
2019,8.0,2019-05-12,Luke,Dahlhaus,Geelong,FF,4,115,3,29,3,0,8,0,61,11
2019,8.0,2019-05-12,Jed,Anderson,North Melbourne,R,3,60,0,22,0,3,5,0,88,15
2019,8.0,2019-05-12,Mark,Blicavs,Geelong,HBFL,2,15,5,8,0,0,4,0,91,10
2019,8.0,2019-05-12,Taylor,Garner,North Melbourne,HFFR,2,58,0,13,2,0,3,1,50,5
2019,8.0,2019-05-12,Ben,Brown,North Melbourne,FF,9,196,0,6,0,0,2,2,91,10
2019,8.0,2019-05-12,Kayne,Turner,North Melbourne,INT,4,193,4,14,1,0,4,0,88,14
2019,8.0,2019-05-12,Mason,Wood,North Melbourne,INT,3,208,0,11,1,0,3,0,64,9
2019,8.0,2019-05-12,Trent,Dumont,North Melbourne,HBFR,5,409,7,21,5,0,8,1,56,15
2019,8.0,2019-05-12,Jake,Kolodjashnij,Geelong,BPL,4,189,2,11,1,0,3,0,55,6
2019,8.0,2019-05-12,Jy,Simpkin,North Melbourne,INT,6,340,2,16,4,0,9,0,60,12
2019,8.0,2019-05-12,Brandan,Parfitt,Geelong,INT,7,270,4,22,4,1,8,0,83,19
2019,8.0,2019-05-12,Tom,Stewart,Geelong,BPR,5,513,4,5,2,0,3,0,83,19
2019,8.0,2019-05-12,Sam,Durdin,North Melbourne,CHB,1,27,3,8,0,0,1,0,100,7
2019,8.0,2019-05-12,Mark,O'Connor,Geelong,HBFR,8,100,5,8,2,0,6,0,82,14
2019,8.0,2019-05-12,Cameron,Zurhaar,North Melbourne,FPL,6,209,1,10,2,0,1,1,91,10
2019,8.0,2019-05-12,Nick,Larkey,North Melbourne,CHF,13,272,1,5,3,1,7,0,61,11
2019,8.0,2019-05-12,Tim,Kelly,Geelong,R,10,667,4,21,9,6,16,0,61,22
2019,8.0,2019-05-12,Esava,Ratugolea,Geelong,INT,2,157,0,7,1,0,4,1,71,5
2019,8.0,2019-05-12,Jack,Henry,Geelong,FB,5,164,2,7,0,0,1,0,100,10
2019,8.0,2019-05-12,Tom,Atkins,Geelong,FPR,1,-7,1,8,1,0,3,0,75,3
2019,8.0,2019-05-12,Jordan,Clark,Geelong,WL,6,448,3,23,6,1,4,0,71,12
2019,8.0,2019-05-12,Charlie,Constable,Geelong,INT,9,139,0,24,2,0,6,1,74,20
2019,8.0,2019-05-12,Gryan,Miers,Geelong,HFFR,7,285,1,19,1,0,7,0,59,13
2019,8.0,2019-05-12,Tarryn,Thomas,North Melbourne,HFFL,4,105,3,17,2,0,7,1,82,14
2019,8.0,2019-05-12,Curtis,Taylor,North Melbourne,INT,3,145,0,10,3,0,2,0,75,6
2019,8.0,2019-05-12,Shaun,Burgoyne,Hawthorn,INT,4,204,1,13,1,0,0,0,86,12
2019,8.0,2019-05-12,Heath,Shaw,Greater Western Sydney,HBFR,2,598,11,3,8,0,5,0,77,23
2019,8.0,2019-05-12,James,Frawley,Hawthorn,FB,2,194,6,5,2,0,2,0,77,13
2019,8.0,2019-05-12,Ben,McEvoy,Hawthorn,RK,7,127,1,12,1,1,3,0,73,11
2019,8.0,2019-05-12,Sam J.,Reid,Greater Western Sydney,HBFL,1,164,6,17,2,0,6,1,53,8
2019,8.0,2019-05-12,Matt,de Boer,Greater Western Sydney,RR,1,7,1,17,4,2,4,0,43,6
2019,8.0,2019-05-12,Liam,Shiels,Hawthorn,R,7,312,1,31,4,0,4,2,63,15
2019,8.0,2019-05-12,Tom,Scully,Hawthorn,WL,4,218,3,10,2,0,5,1,83,15
2019,8.0,2019-05-12,Ben,Stratton,Hawthorn,HBFL,4,116,8,8,0,0,2,0,93,13
2019,8.0,2019-05-12,Dawson,Simpson,Greater Western Sydney,RK,3,35,1,10,0,0,1,0,100,6
2019,8.0,2019-05-12,Phil,Davis,Greater Western Sydney,CHB,1,135,3,10,1,0,1,0,82,9
2019,8.0,2019-05-12,Ricky,Henderson,Hawthorn,WR,5,642,7,10,6,0,7,0,69,25
2019,8.0,2019-05-12,Jack,Gunston,Hawthorn,FPR,8,284,2,11,0,0,4,0,92,11
2019,8.0,2019-05-12,Paul,Puopolo,Hawthorn,CHF,6,197,3,20,3,0,6,0,56,9
2019,8.0,2019-05-12,Luke,Breust,Hawthorn,HFFL,4,81,2,18,0,0,5,4,77,10
2019,8.0,2019-05-12,Jeremy,Cameron,Greater Western Sydney,FF,5,211,0,3,4,0,0,0,18,2
2019,8.0,2019-05-12,Stephen,Coniglio,Greater Western Sydney,WL,4,358,1,8,4,2,3,0,73,19
2019,8.0,2019-05-12,Toby,Greene,Greater Western Sydney,FPR,4,156,0,12,2,1,3,2,69,9
2019,8.0,2019-05-12,Adam,Kennedy,Greater Western Sydney,INT,2,247,1,9,4,0,3,0,73,11
2019,8.0,2019-05-12,Adam,Tomlinson,Greater Western Sydney,INT,2,245,3,10,4,0,5,0,75,12
2019,8.0,2019-05-12,Matt,Buntine,Greater Western Sydney,INT,0,261,2,5,6,0,3,0,55,6
2019,8.0,2019-05-12,Nick,Haynes,Greater Western Sydney,BPL,2,251,3,5,3,0,1,0,82,9
2019,8.0,2019-05-12,Jaeger,O'Meara,Hawthorn,C,6,211,1,20,1,1,5,0,87,13
2019,8.0,2019-05-12,Zac,Williams,Greater Western Sydney,BPR,2,547,7,8,6,0,6,0,64,14
2019,8.0,2019-05-12,Jonathon,Ceglar,Hawthorn,FPL,3,136,5,3,1,0,3,0,77,10
2019,8.0,2019-05-12,Jarman,Impey,Hawthorn,BPR,4,168,3,9,1,0,4,1,67,12
2019,8.0,2019-05-12,Tim,O'Brien,Hawthorn,CHB,3,145,5,6,2,0,2,0,86,12
2019,8.0,2019-05-12,Josh,Kelly,Greater Western Sydney,WR,7,402,3,28,5,3,12,2,65,17
2019,8.0,2019-05-12,James,Sicily,Hawthorn,BPL,6,616,3,7,4,0,2,0,82,22
2019,8.0,2019-05-12,Jacob,Hopper,Greater Western Sydney,C,4,170,2,15,1,1,7,0,52,11
2019,8.0,2019-05-12,Harry,Himmelberg,Greater Western Sydney,CHF,3,87,2,13,2,0,1,0,82,9
2019,8.0,2019-05-12,Blake,Hardwick,Hawthorn,HBFR,5,302,4,5,5,0,1,0,84,16
2019,8.0,2019-05-12,Tim,Taranto,Greater Western Sydney,R,2,171,3,23,5,1,7,0,75,18
2019,8.0,2019-05-12,Daniel,Lloyd,Greater Western Sydney,INT,1,143,2,23,1,0,2,2,71,5
2019,8.0,2019-05-12,James,Cousins,Hawthorn,INT,4,426,3,11,8,1,6,0,72,18
2019,8.0,2019-05-12,Jeremy,Finlayson,Greater Western Sydney,HFFR,5,281,1,10,4,0,4,0,59,10
2019,8.0,2019-05-12,Jack,Scrimshaw,Hawthorn,HFFR,3,266,3,2,2,0,2,0,87,13
2019,8.0,2019-05-12,Harry,Morrison,Hawthorn,INT,6,300,2,13,1,0,3,0,88,15
2019,8.0,2019-05-12,Zac,Langdon,Greater Western Sydney,HFFL,3,83,0,18,1,1,3,2,80,8
2019,8.0,2019-05-12,James,Worpel,Hawthorn,RR,2,103,4,15,5,2,10,0,50,11
2019,8.0,2019-05-12,Mitch,Lewis,Hawthorn,FF,3,162,1,10,4,0,1,1,55,6
2019,8.0,2019-05-12,Sam,Taylor,Greater Western Sydney,FB,0,153,3,9,1,0,1,0,63,5
2019,8.0,2019-05-12,Brent,Daniels,Greater Western Sydney,FPL,3,120,1,21,1,0,3,0,88,7
2019,8.0,2019-05-12,Dylan,Moore,Hawthorn,INT,4,125,1,10,3,0,1,0,79,11
2019,8.0,2019-05-12,David,Mundy,Fremantle,R,4,293,5,18,6,3,10,0,74,20
2019,8.0,2019-05-12,Shane,Edwards,Richmond,CHB,2,250,6,14,2,0,6,0,91,21
2019,8.0,2019-05-12,Bachar,Houli,Richmond,HBFR,5,515,7,7,4,0,5,0,80,24
2019,8.0,2019-05-12,Michael,Walters,Fremantle,HFFL,6,460,0,19,10,0,5,0,59,16
2019,8.0,2019-05-12,Dustin,Martin,Richmond,FPR,9,350,0,21,2,3,9,1,70,16
2019,8.0,2019-05-12,Travis,Colyer,Fremantle,WL,3,277,3,10,5,0,3,0,62,8
2019,8.0,2019-05-12,David,Astbury,Richmond,FB,1,329,12,4,5,0,4,0,82,14
2019,8.0,2019-05-12,Nat,Fyfe,Fremantle,C,9,606,9,14,4,3,13,0,76,25
2019,8.0,2019-05-12,Dylan,Grimes,Richmond,BPR,3,341,7,9,4,0,5,0,85,22
2019,8.0,2019-05-12,Reece,Conca,Fremantle,INT,6,351,1,11,3,2,4,0,67,14
2019,8.0,2019-05-12,Brandon,Matera,Fremantle,FPR,8,312,1,7,0,0,4,0,64,9
2019,8.0,2019-05-12,Dion,Prestia,Richmond,C,8,221,2,31,5,2,7,0,61,14
2019,8.0,2019-05-12,Tom,Lynch,Richmond,FF,8,251,1,4,5,0,2,0,47,7
2019,8.0,2019-05-12,Josh,Caddy,Richmond,CHF,7,352,5,26,5,2,6,2,60,15
2019,8.0,2019-05-12,Nathan,Wilson,Fremantle,CHB,3,328,1,14,5,0,0,0,60,6
2019,8.0,2019-05-12,Brandon,Ellis,Richmond,WL,8,236,5,22,1,0,7,2,72,18
2019,8.0,2019-05-12,Bradley,Hill,Fremantle,WR,4,210,1,15,2,0,7,0,60,9
2019,8.0,2019-05-12,Matt,Taberner,Fremantle,FF,6,202,1,8,2,0,4,0,72,13
2019,8.0,2019-05-12,Rory,Lobb,Fremantle,RK,5,278,3,11,4,4,6,0,47,9
2019,8.0,2019-05-12,Kamdyn,McIntosh,Richmond,WR,5,426,3,12,5,1,3,0,68,13
2019,8.0,2019-05-12,Jesse,Hogan,Fremantle,FPL,6,191,1,5,3,0,5,0,73,11
2019,8.0,2019-05-12,Kane,Lambert,Richmond,RR,8,260,1,18,1,1,6,0,96,25
2019,8.0,2019-05-12,Alex,Pearce,Fremantle,FB,0,89,4,3,0,0,3,0,80,4
2019,8.0,2019-05-12,Connor,Menadue,Richmond,INT,5,423,6,17,6,0,5,0,65,15
2019,8.0,2019-05-12,Joel,Hamling,Fremantle,BPL,0,105,4,4,1,0,0,0,100,5
2019,8.0,2019-05-12,Toby,Nankervis,Richmond,RK,2,78,0,6,1,0,4,2,63,5
2019,8.0,2019-05-12,Ed,Langdon,Fremantle,CHF,2,344,5,12,2,0,4,0,69,11
2019,8.0,2019-05-12,Ethan,Hughes,Fremantle,HBFR,1,86,6,13,5,0,5,0,67,8
2019,8.0,2019-05-12,Darcy,Tucker,Fremantle,RR,5,248,2,23,4,2,7,0,77,17
2019,8.0,2019-05-12,Jason,Castagna,Richmond,INT,6,309,0,13,3,0,1,4,87,13
2019,8.0,2019-05-12,Nathan,Broad,Richmond,BPL,2,108,3,14,2,0,1,1,63,5
2019,8.0,2019-05-12,Shai,Bolton,Richmond,HFFR,9,335,1,18,2,0,4,2,69,11
2019,8.0,2019-05-12,Luke,Ryan,Fremantle,BPR,4,517,9,15,9,0,6,0,62,13
2019,8.0,2019-05-12,Brennan,Cox,Fremantle,INT,6,178,2,24,0,0,1,1,92,11
2019,8.0,2019-05-12,Ryan,Nyhuis,Fremantle,INT,0,49,4,9,1,0,4,0,80,4
2019,8.0,2019-05-12,Andrew,Brayshaw,Fremantle,INT,2,125,1,19,2,1,3,0,60,6
2019,8.0,2019-05-12,Adam,Cerra,Fremantle,HBFL,1,267,3,18,4,0,6,1,53,8
2019,8.0,2019-05-12,Jack,Higgins,Richmond,R,4,151,2,15,2,0,6,0,81,13
2019,8.0,2019-05-12,Ryan,Garthwaite,Richmond,HBFL,0,210,4,10,3,0,1,0,91,10
2019,8.0,2019-05-12,Liam,Baker,Richmond,HFFL,11,224,2,16,2,1,8,1,63,12
2019,8.0,2019-05-12,Sam,Switkowski,Fremantle,HFFR,4,156,3,24,1,0,7,1,80,8
2019,8.0,2019-05-12,Noah,Balta,Richmond,FPL,6,347,2,13,2,2,7,1,69,9
2019,8.0,2019-05-12,Sydney,Stack,Richmond,INT,2,225,4,18,5,0,5,0,72,13
2019,8.0,2019-05-12,Jack,Ross,Richmond,INT,1,77,0,5,2,2,2,0,75,3
2019,9.0,2019-05-17,Shannon,Hurn,West Coast,BPL,6,590,9,13,4,0,2,0,94,31
2019,9.0,2019-05-17,Josh J.,Kennedy,West Coast,FF,7,300,2,10,4,0,7,0,53,8
2019,9.0,2019-05-17,Nathan,Jones,Melbourne,HBFL,4,277,1,20,4,4,3,0,62,13
2019,9.0,2019-05-17,Jeff,Garlett,Melbourne,FPL,7,259,0,12,2,0,7,2,60,9
2019,9.0,2019-05-17,Jack,Redden,West Coast,WL,3,249,3,13,7,2,8,0,40,8
2019,9.0,2019-05-17,Lewis,Jetta,West Coast,HBFR,4,534,4,10,2,1,4,0,81,13
2019,9.0,2019-05-17,Luke,Shuey,West Coast,C,5,373,0,32,3,1,2,0,58,11
2019,9.0,2019-05-17,Brad,Sheppard,West Coast,BPR,4,270,3,12,4,0,2,0,64,9
2019,9.0,2019-05-17,Jack,Darling,West Coast,CHF,4,87,2,18,0,0,3,1,82,9
2019,9.0,2019-05-17,Andrew,Gaff,West Coast,R,3,442,2,17,5,1,6,0,80,24
2019,9.0,2019-05-17,Jamie,Cripps,West Coast,FPR,5,349,3,11,3,1,8,0,72,13
2019,9.0,2019-05-17,Nathan,Vardy,West Coast,RK,2,77,1,12,1,0,2,0,60,3
2019,9.0,2019-05-17,Max,Gawn,Melbourne,RK,4,277,3,13,3,2,3,0,67,10
2019,9.0,2019-05-17,Tom,Hickey,West Coast,HFFR,3,39,1,12,1,1,7,1,80,8
2019,9.0,2019-05-17,Tom,McDonald,Melbourne,CHF,7,341,2,8,4,0,3,1,33,5
2019,9.0,2019-05-17,Elliot,Yeo,West Coast,RR,4,421,6,33,9,1,10,1,58,15
2019,9.0,2019-05-17,Sam,Frost,Melbourne,FB,5,417,7,4,3,0,3,0,47,7
2019,9.0,2019-05-17,Jack,Viney,Melbourne,C,3,357,1,14,3,1,3,0,68,13
2019,9.0,2019-05-17,Mark,Hutchings,West Coast,WR,3,101,4,10,3,0,4,0,75,9
2019,9.0,2019-05-17,Dom,Sheed,West Coast,INT,6,532,3,10,8,1,9,0,61,20
2019,9.0,2019-05-17,Jeremy,McGovern,West Coast,CHB,3,254,10,12,3,0,2,0,82,14
2019,9.0,2019-05-17,Christian,Salem,Melbourne,HBFR,3,333,1,11,7,1,2,1,59,10
2019,9.0,2019-05-17,Angus,Brayshaw,Melbourne,RR,5,235,1,12,2,0,5,0,74,14
2019,9.0,2019-05-17,Liam,Duggan,West Coast,HBFL,1,306,6,12,3,0,4,0,65,11
2019,9.0,2019-05-17,Billy,Stretch,Melbourne,INT,6,335,1,16,5,0,6,2,71,12
2019,9.0,2019-05-17,Alex,Neal-Bullen,Melbourne,INT,5,159,1,9,1,0,5,0,73,8
2019,9.0,2019-05-17,James,Harmes,Melbourne,INT,8,390,6,22,3,2,10,0,77,23
2019,9.0,2019-05-17,Oscar,McDonald,Melbourne,CHB,4,153,6,14,1,0,5,0,77,10
2019,9.0,2019-05-17,Clayton,Oliver,Melbourne,R,3,411,3,25,4,1,7,0,79,23
2019,9.0,2019-05-17,Josh,Wagner,Melbourne,WR,3,177,10,11,4,0,7,0,71,12
2019,9.0,2019-05-17,Jayden,Hunt,Melbourne,BPR,9,426,1,11,3,0,2,1,74,14
2019,9.0,2019-05-17,Christian,Petracca,Melbourne,FF,6,315,1,7,5,0,6,0,71,12
2019,9.0,2019-05-17,Tom,Cole,West Coast,INT,1,285,7,11,2,0,4,0,60,9
2019,9.0,2019-05-17,Tim,Smith,Melbourne,FPR,7,96,1,7,1,0,2,3,75,6
2019,9.0,2019-05-17,Bayley,Fritsch,Melbourne,INT,2,243,7,12,6,1,8,0,50,6
2019,9.0,2019-05-17,Liam,Ryan,West Coast,FPL,3,188,2,11,2,0,3,0,69,9
2019,9.0,2019-05-17,Daniel,Venables,West Coast,HFFL,0,-9,0,9,1,0,1,2,50,1
2019,9.0,2019-05-17,Willie,Rioli,West Coast,INT,6,231,1,10,1,0,5,1,78,7
2019,9.0,2019-05-17,Jack,Petruccelle,West Coast,INT,3,268,2,19,3,0,4,0,80,8
2019,9.0,2019-05-17,Harrison,Petty,Melbourne,HFFR,1,167,6,2,2,0,4,0,80,8
2019,9.0,2019-05-17,Oscar,Allen,West Coast,FB,0,221,2,5,1,0,2,0,88,7
2019,9.0,2019-05-17,Marty,Hore,Melbourne,BPL,3,200,10,9,3,0,4,0,73,11
2019,9.0,2019-05-17,Jay,Lockhart,Melbourne,HFFL,4,205,2,9,2,0,3,0,64,7
2019,9.0,2019-05-17,Oskar,Baker,Melbourne,WL,3,240,0,9,5,0,4,0,70,7
2019,9.0,2019-05-18,Scott,Pendlebury,Collingwood,C,10,430,4,18,6,1,7,0,70,19
2019,9.0,2019-05-18,Travis,Varcoe,Collingwood,FPR,7,157,3,24,2,0,4,2,77,10
2019,9.0,2019-05-18,Ben,Reid,Collingwood,CHF,10,236,2,7,3,0,4,0,75,12
2019,9.0,2019-05-18,Nathan,Brown,St Kilda,FB,1,88,4,10,0,0,2,0,88,7
2019,9.0,2019-05-18,Chris,Mayne,Collingwood,INT,4,133,4,8,3,0,5,0,84,21
2019,9.0,2019-05-18,Dayne,Beams,Collingwood,R,11,388,3,9,3,4,6,0,73,22
2019,9.0,2019-05-18,Levi,Greenwood,Collingwood,CHB,2,127,4,6,2,0,2,0,77,13
2019,9.0,2019-05-18,Steele,Sidebottom,Collingwood,RR,11,451,4,14,4,0,7,0,79,23
2019,9.0,2019-05-18,Shane,Savage,St Kilda,BPR,7,631,2,15,4,1,4,0,88,22
2019,9.0,2019-05-18,Jordan,Roughead,Collingwood,FB,1,176,3,4,2,0,1,0,80,8
2019,9.0,2019-05-18,Jeremy,Howe,Collingwood,BPR,2,179,2,4,1,0,0,0,92,11
2019,9.0,2019-05-18,Will,Hoskin-Elliott,Collingwood,HFFR,5,264,0,9,2,0,2,1,69,9
2019,9.0,2019-05-18,Jack,Newnes,St Kilda,WR,3,170,1,21,3,0,4,0,73,8
2019,9.0,2019-05-18,Adam,Treloar,Collingwood,INT,9,283,1,14,4,3,12,0,61,23
2019,9.0,2019-05-18,Jack,Crisp,Collingwood,HBFL,6,314,10,12,5,0,9,0,82,22
2019,9.0,2019-05-18,Josh,Bruce,St Kilda,CHF,4,91,0,11,1,0,2,3,71,5
2019,9.0,2019-05-18,Sebastian,Ross,St Kilda,C,7,246,1,16,5,1,7,3,59,13
2019,9.0,2019-05-18,Josh,Thomas,Collingwood,HFFL,5,196,0,18,0,0,2,1,69,9
2019,9.0,2019-05-18,Dean,Kent,St Kilda,HFFR,4,257,0,22,4,0,4,3,64,7
2019,9.0,2019-05-18,Brodie,Grundy,Collingwood,RK,5,242,3,16,6,2,6,0,54,13
2019,9.0,2019-05-18,Tom,Langdon,Collingwood,HBFR,1,59,6,2,1,0,4,0,82,9
2019,9.0,2019-05-18,James,Aish,Collingwood,INT,1,200,2,7,3,0,1,0,69,9
2019,9.0,2019-05-18,Jack,Billings,St Kilda,HFFL,5,351,2,14,6,1,5,0,76,22
2019,9.0,2019-05-18,Luke,Dunstan,St Kilda,INT,6,341,5,25,4,6,12,1,70,21
2019,9.0,2019-05-18,Blake,Acres,St Kilda,INT,5,99,2,18,3,0,4,3,69,9
2019,9.0,2019-05-18,Tim,Membrey,St Kilda,FF,9,192,1,6,0,0,2,3,100,11
2019,9.0,2019-05-18,Jack,Sinclair,St Kilda,R,4,268,5,25,3,0,6,0,57,8
2019,9.0,2019-05-18,Daniel,McKenzie,St Kilda,BPL,2,179,6,9,6,0,3,0,93,13
2019,9.0,2019-05-18,Jack,Steele,St Kilda,RR,4,174,3,32,1,2,6,2,88,22
2019,9.0,2019-05-18,Brayden,Maynard,Collingwood,BPL,4,252,3,20,2,0,2,0,86,12
2019,9.0,2019-05-18,Jonathon,Marsh,St Kilda,HBFR,4,291,7,7,6,0,4,0,50,6
2019,9.0,2019-05-18,Jade,Gresham,St Kilda,FPR,4,375,2,14,3,4,8,1,70,16
2019,9.0,2019-05-18,Tom,Phillips,Collingwood,WR,6,315,3,14,3,0,6,0,75,15
2019,9.0,2019-05-18,Rupert,Wills,Collingwood,WL,4,145,2,24,1,2,6,1,86,12
2019,9.0,2019-05-18,Callum L.,Brown,Collingwood,INT,5,101,0,33,2,1,4,1,100,9
2019,9.0,2019-05-18,Josh,Battle,St Kilda,CHB,2,134,5,15,2,0,3,1,83,10
2019,9.0,2019-05-18,Rowan,Marshall,St Kilda,RK,4,163,2,11,1,2,8,0,56,9
2019,9.0,2019-05-18,Jaidyn,Stephenson,Collingwood,FPL,7,316,1,7,6,0,2,1,71,12
2019,9.0,2019-05-18,Ed,Phillips,St Kilda,WL,4,144,2,3,0,0,4,0,100,13
2019,9.0,2019-05-18,Brody,Mihocek,Collingwood,FF,10,280,1,12,2,0,4,0,71,10
2019,9.0,2019-05-18,Ben,Paton,St Kilda,INT,2,89,3,10,3,0,2,0,64,7
2019,9.0,2019-05-18,Matthew,Parker,St Kilda,INT,2,166,2,16,5,0,3,3,63,5
2019,9.0,2019-05-18,Callum,Wilkie,St Kilda,HBFL,5,131,5,8,0,0,2,0,85,11
2019,9.0,2019-05-18,Robbie,Young,St Kilda,FPL,6,267,2,15,1,0,1,1,75,6
2019,9.0,2019-05-18,Eddie,Betts,Adelaide,FPR,8,95,1,8,0,0,3,1,80,8
2019,9.0,2019-05-18,Bryce,Gibbs,Adelaide,C,8,370,0,16,4,2,4,1,68,15
2019,9.0,2019-05-18,David,Mackay,Adelaide,WL,5,446,3,17,6,0,5,0,74,14
2019,9.0,2019-05-18,Stefan,Martin,Brisbane Lions,INT,8,192,2,7,2,0,6,1,53,8
2019,9.0,2019-05-18,Mitch,Robinson,Brisbane Lions,HBFR,7,671,2,11,7,0,6,1,74,17
2019,9.0,2019-05-18,Taylor,Walker,Adelaide,CHF,8,290,0,16,1,0,0,0,62,8
2019,9.0,2019-05-18,Daniel,Rich,Brisbane Lions,BPR,7,550,5,10,4,0,2,0,86,19
2019,9.0,2019-05-18,Rory,Sloane,Adelaide,R,4,262,3,24,4,1,14,0,67,18
2019,9.0,2019-05-18,Tom,Lynch,Adelaide,HFFL,8,361,1,17,2,0,4,0,81,17
2019,9.0,2019-05-18,Brodie,Smith,Adelaide,WR,5,738,8,11,6,2,8,0,92,22
2019,9.0,2019-05-18,Ryan,Lester,Brisbane Lions,BPL,3,139,4,10,1,0,5,0,83,10
2019,9.0,2019-05-18,Daniel,Talia,Adelaide,FB,0,64,3,7,2,0,2,0,67,6
2019,9.0,2019-05-18,Lachie,Neale,Brisbane Lions,C,7,392,7,14,2,4,16,1,85,33
2019,9.0,2019-05-18,Jarryd,Lyons,Brisbane Lions,R,5,266,2,32,4,1,7,2,57,12
2019,9.0,2019-05-18,Dayne,Zorko,Brisbane Lions,RR,5,588,1,35,4,0,3,4,75,15
2019,9.0,2019-05-18,Lincoln,McCarthy,Brisbane Lions,HFFR,2,37,2,12,2,1,3,1,83,5
2019,9.0,2019-05-18,Josh,Walker,Brisbane Lions,RK,0,96,3,2,1,0,1,0,83,5
2019,9.0,2019-05-18,Luke,Brown,Adelaide,BPR,1,150,5,9,2,0,3,0,92,11
2019,9.0,2019-05-18,Brad,Crouch,Adelaide,RR,3,471,3,19,9,2,7,0,59,19
2019,9.0,2019-05-18,Rory,Laird,Adelaide,HBFL,4,375,5,10,5,1,3,0,83,20
2019,9.0,2019-05-18,Kyle,Hartigan,Adelaide,CHB,1,44,1,2,1,0,1,0,67,4
2019,9.0,2019-05-18,Darcy,Gardiner,Brisbane Lions,CHB,3,246,8,10,1,0,5,0,80,12
2019,9.0,2019-05-18,Charlie,Cameron,Brisbane Lions,FPL,10,385,2,13,1,1,6,2,69,11
2019,9.0,2019-05-18,Cameron,Ellis-Yolmen,Adelaide,INT,6,154,1,15,3,1,9,0,75,12
2019,9.0,2019-05-18,Daniel,McStay,Brisbane Lions,FF,7,172,1,14,0,0,4,3,86,12
2019,9.0,2019-05-18,Jake,Kelly,Adelaide,INT,4,226,3,10,4,0,2,0,60,9
2019,9.0,2019-05-18,Harris,Andrews,Brisbane Lions,FB,4,133,12,10,3,0,6,0,73,11
2019,9.0,2019-05-18,Rory,Atkins,Adelaide,HBFR,6,469,3,16,2,0,4,1,69,11
2019,9.0,2019-05-18,Rhys,Mathieson,Brisbane Lions,INT,4,210,0,18,4,1,7,3,53,9
2019,9.0,2019-05-18,Eric,Hipwood,Brisbane Lions,CHF,5,293,2,6,2,0,2,0,55,6
2019,9.0,2019-05-18,Reilly,O'Brien,Adelaide,RK,4,20,3,8,2,0,4,0,54,7
2019,9.0,2019-05-18,Jarrod,Berry,Brisbane Lions,WL,7,259,2,21,5,3,6,2,70,14
2019,9.0,2019-05-18,Hugh,McCluggage,Brisbane Lions,WR,4,417,4,22,5,1,4,0,62,16
2019,9.0,2019-05-18,Jordan,Gallucci,Adelaide,INT,4,359,2,21,4,0,2,0,77,10
2019,9.0,2019-05-18,Hugh,Greenwood,Adelaide,FPL,1,60,2,21,2,0,3,2,100,9
2019,9.0,2019-05-18,Alex,Witherden,Brisbane Lions,HBFL,7,581,5,10,6,1,4,0,79,19
2019,9.0,2019-05-18,Alex,Keath,Adelaide,BPL,2,203,8,14,7,0,5,0,85,11
2019,9.0,2019-05-18,Lachlan,Murphy,Adelaide,HFFR,6,385,2,9,3,0,6,1,47,8
2019,9.0,2019-05-18,Cam,Rayner,Brisbane Lions,HFFL,2,76,0,7,0,0,0,1,100,3
2019,9.0,2019-05-18,Oscar,McInerney,Brisbane Lions,FPR,3,64,1,13,0,1,3,0,71,5
2019,9.0,2019-05-18,Elliott,Himmelberg,Adelaide,FF,3,135,1,7,1,0,2,0,83,5
2019,9.0,2019-05-18,Chayce,Jones,Adelaide,INT,5,258,2,27,4,1,10,0,60,9
2019,9.0,2019-05-18,Noah,Answerth,Brisbane Lions,INT,3,164,5,10,5,0,2,0,56,5
2019,9.0,2019-05-18,Mitchell,Hinge,Brisbane Lions,INT,2,74,4,4,0,0,4,0,86,12
2019,9.0,2019-05-18,Gary,Ablett,Geelong,FPL,9,333,2,14,2,0,2,0,69,9
2019,9.0,2019-05-18,Joel,Selwood,Geelong,R,5,368,2,21,2,2,7,0,67,14
2019,9.0,2019-05-18,Tom,Hawkins,Geelong,HFFR,8,135,1,10,4,0,2,0,90,9
2019,9.0,2019-05-18,Harry,Taylor,Geelong,CHB,2,78,11,4,3,0,7,0,75,12
2019,9.0,2019-05-18,Patrick,Dangerfield,Geelong,C,10,309,2,15,2,2,8,0,70,16
2019,9.0,2019-05-18,Matthew,Suckling,Western Bulldogs,WR,3,191,1,11,2,0,2,0,67,8
2019,9.0,2019-05-18,Easton,Wood,Western Bulldogs,HBFR,3,147,5,6,2,0,6,0,64,7
2019,9.0,2019-05-18,Mitch,Duncan,Geelong,WR,11,592,3,17,2,0,2,0,92,23
2019,9.0,2019-05-18,Jackson,Trengove,Western Bulldogs,RK,9,184,3,13,1,2,6,0,72,13
2019,9.0,2019-05-18,Gary,Rohan,Geelong,HFFL,11,406,3,15,1,0,3,1,79,11
2019,9.0,2019-05-18,Cameron,Guthrie,Geelong,RR,4,183,0,30,1,0,2,0,73,8
2019,9.0,2019-05-18,Tom,Liberatore,Western Bulldogs,C,5,190,2,22,2,2,7,0,88,14
2019,9.0,2019-05-18,Mitch,Wallis,Western Bulldogs,INT,9,370,1,5,9,6,5,0,72,21
2019,9.0,2019-05-18,Zach,Tuohy,Geelong,INT,7,349,8,8,3,0,6,0,90,17
2019,9.0,2019-05-18,Luke,Dahlhaus,Geelong,FF,8,262,1,17,3,1,4,1,88,15
2019,9.0,2019-05-18,Hayden,Crozier,Western Bulldogs,BPR,5,239,5,12,1,0,3,0,80,12
2019,9.0,2019-05-18,Jason,Johannisen,Western Bulldogs,BPL,5,497,3,11,2,0,2,0,78,14
2019,9.0,2019-05-18,Fletcher,Roberts,Western Bulldogs,FB,1,27,5,6,1,0,1,0,78,7
2019,9.0,2019-05-18,Mark,Blicavs,Geelong,HBFL,2,147,2,14,2,0,2,0,100,11
2019,9.0,2019-05-18,Jack,Macrae,Western Bulldogs,R,5,156,3,22,1,3,9,0,79,23
2019,9.0,2019-05-18,Lachie,Hunter,Western Bulldogs,WL,6,412,0,9,3,0,0,0,77,20
2019,9.0,2019-05-18,Sam,Lloyd,Western Bulldogs,HFFR,5,435,0,20,6,1,6,2,63,10
2019,9.0,2019-05-18,Marcus,Bontempelli,Western Bulldogs,FF,7,373,0,16,2,3,5,1,75,15
2019,9.0,2019-05-18,Toby,McLean,Western Bulldogs,INT,7,309,3,10,6,0,4,0,52,12
2019,9.0,2019-05-18,Jake,Kolodjashnij,Geelong,BPL,0,142,4,9,1,0,0,0,89,8
2019,9.0,2019-05-18,Caleb,Daniel,Western Bulldogs,HBFL,4,354,9,13,6,0,3,0,77,13
2019,9.0,2019-05-18,Zaine,Cordy,Western Bulldogs,CHB,1,118,5,10,1,0,2,0,88,7
2019,9.0,2019-05-18,Josh,Dunkley,Western Bulldogs,RR,7,173,1,14,1,1,7,1,91,19
2019,9.0,2019-05-18,Brandan,Parfitt,Geelong,FPR,6,293,2,25,6,1,8,3,67,12
2019,9.0,2019-05-18,Tom,Stewart,Geelong,BPR,2,401,6,2,0,0,4,0,100,22
2019,9.0,2019-05-18,Mark,O'Connor,Geelong,HBFR,3,251,4,16,0,0,2,0,92,11
2019,9.0,2019-05-18,Billy,Gowers,Western Bulldogs,HFFL,4,105,2,11,3,0,4,1,63,5
2019,9.0,2019-05-18,Aaron,Naughton,Western Bulldogs,CHF,6,115,0,4,1,0,6,0,70,7
2019,9.0,2019-05-18,Tim,Kelly,Geelong,WL,10,371,0,27,4,4,11,0,80,16
2019,9.0,2019-05-18,Ed,Richards,Western Bulldogs,FPR,3,94,1,14,1,0,2,1,43,3
2019,9.0,2019-05-18,Jack,Henry,Geelong,FB,2,170,3,8,1,0,1,0,89,8
2019,9.0,2019-05-18,Ryan,Abbott,Geelong,RK,5,216,2,22,6,1,3,0,73,8
2019,9.0,2019-05-18,Jordan,Clark,Geelong,INT,1,277,1,12,2,0,2,0,100,7
2019,9.0,2019-05-18,Charlie,Constable,Geelong,INT,5,15,3,18,2,0,9,0,82,9
2019,9.0,2019-05-18,Gryan,Miers,Geelong,INT,6,217,1,17,4,0,5,0,62,8
2019,9.0,2019-05-18,Bailey,Smith,Western Bulldogs,INT,8,204,1,15,1,3,7,2,89,25
2019,9.0,2019-05-18,Will,Hayes,Western Bulldogs,FPL,4,113,0,11,6,0,2,1,62,8
2019,9.0,2019-05-18,Lachie,Young,Western Bulldogs,INT,0,166,2,9,3,0,2,0,43,3
2019,9.0,2019-05-18,Darcy,Fort,Geelong,CHF,5,159,1,14,1,1,1,0,100,9
2019,9.0,2019-05-18,David,Mundy,Fremantle,R,7,305,2,24,2,2,11,0,88,30
2019,9.0,2019-05-18,Tom,Bellchambers,Essendon,RK,5,62,3,9,4,0,7,0,62,8
2019,9.0,2019-05-18,Cale,Hooker,Essendon,FB,4,176,4,5,2,0,4,0,75,15
2019,9.0,2019-05-18,Michael,Hurley,Essendon,BPR,5,331,9,6,2,1,8,0,78,18
2019,9.0,2019-05-18,David,Zaharakis,Essendon,WR,5,564,5,20,6,0,8,1,66,21
2019,9.0,2019-05-18,Michael,Walters,Fremantle,HFFL,6,415,3,26,5,1,6,1,62,13
2019,9.0,2019-05-18,Nat,Fyfe,Fremantle,C,4,329,4,18,2,2,14,0,71,17
2019,9.0,2019-05-18,Reece,Conca,Fremantle,INT,7,299,2,10,4,2,6,0,73,19
2019,9.0,2019-05-18,Dyson,Heppell,Essendon,R,4,356,9,19,7,2,11,0,67,18
2019,9.0,2019-05-18,Brandon,Matera,Fremantle,FPR,4,255,3,11,3,0,5,1,69,9
2019,9.0,2019-05-18,Dylan,Shiel,Essendon,INT,6,496,2,15,2,1,6,0,76,19
2019,9.0,2019-05-18,Nathan,Wilson,Fremantle,CHB,4,679,7,4,6,0,3,0,84,16
2019,9.0,2019-05-18,Bradley,Hill,Fremantle,WR,6,473,2,18,6,0,0,0,65,15
2019,9.0,2019-05-18,Mark,Baguley,Essendon,BPL,7,137,0,3,0,0,5,1,71,10
2019,9.0,2019-05-18,Jake,Stringer,Essendon,FF,7,459,1,20,5,3,8,2,65,11
2019,9.0,2019-05-18,Joe,Daniher,Essendon,CHF,6,243,2,9,4,0,3,0,63,10
2019,9.0,2019-05-18,Matt,Taberner,Fremantle,FF,3,271,2,9,4,0,2,2,71,12
2019,9.0,2019-05-18,Patrick,Ambrose,Essendon,CHB,1,52,6,9,2,0,5,0,80,8
2019,9.0,2019-05-18,Zach,Merrett,Essendon,C,8,261,5,28,4,2,11,0,71,25
2019,9.0,2019-05-18,Rory,Lobb,Fremantle,RK,3,297,5,8,6,2,4,0,63,10
2019,9.0,2019-05-18,Jesse,Hogan,Fremantle,FPL,7,154,0,8,4,0,2,1,53,8
2019,9.0,2019-05-18,Adam,Saad,Essendon,HBFR,2,400,9,18,4,0,6,0,96,22
2019,9.0,2019-05-18,Kyle,Langford,Essendon,INT,6,144,3,14,4,0,9,0,88,21
2019,9.0,2019-05-18,Alex,Pearce,Fremantle,FB,4,28,7,14,1,0,2,0,85,11
2019,9.0,2019-05-18,Joel,Hamling,Fremantle,BPL,1,145,5,7,1,0,1,0,83,5
2019,9.0,2019-05-18,Conor,McKenna,Essendon,WL,6,325,5,5,5,0,3,0,70,14
2019,9.0,2019-05-18,Ed,Langdon,Fremantle,CHF,4,81,1,12,1,0,6,0,80,16
2019,9.0,2019-05-18,Connor,Blakely,Fremantle,INT,4,116,6,18,2,0,6,0,85,17
2019,9.0,2019-05-18,Ethan,Hughes,Fremantle,HBFR,3,334,3,6,1,0,2,0,93,14
2019,9.0,2019-05-18,Anthony,McDonald-Tipungwuti,Essendon,HFFR,5,97,0,16,1,0,3,1,100,10
2019,9.0,2019-05-18,Darcy,Parish,Essendon,HFFL,4,291,0,15,5,0,1,0,71,17
2019,9.0,2019-05-18,Darcy,Tucker,Fremantle,WL,4,244,6,16,6,0,7,1,68,15
2019,9.0,2019-05-18,Mason,Redman,Essendon,INT,3,307,6,7,5,0,4,0,70,14
2019,9.0,2019-05-18,Aaron,Francis,Essendon,FPL,7,225,3,8,5,0,3,0,73,11
2019,9.0,2019-05-18,Andrew,McGrath,Essendon,INT,4,297,2,14,5,0,7,0,70,14
2019,9.0,2019-05-18,Ben,McNiece,Essendon,HBFL,1,170,3,13,2,0,2,0,70,7
2019,9.0,2019-05-18,Luke,Ryan,Fremantle,BPR,0,408,10,9,7,0,6,0,68,13
2019,9.0,2019-05-18,Brennan,Cox,Fremantle,INT,3,9,0,12,3,0,3,0,60,3
2019,9.0,2019-05-18,Josh,Begley,Essendon,RR,7,224,1,13,2,0,4,0,58,7
2019,9.0,2019-05-18,Andrew,Brayshaw,Fremantle,RR,3,156,3,17,4,0,4,1,57,8
2019,9.0,2019-05-18,Adam,Cerra,Fremantle,INT,4,204,1,7,4,0,5,1,70,7
2019,9.0,2019-05-18,Matt,Guelfi,Essendon,FPR,4,238,2,11,3,0,6,0,88,15
2019,9.0,2019-05-18,Taylin,Duman,Fremantle,HBFL,3,313,5,19,4,0,3,0,81,17
2019,9.0,2019-05-18,Sam,Switkowski,Fremantle,HFFR,2,93,2,27,4,0,9,1,70,7
2019,9.0,2019-05-18,Shaun,Higgins,North Melbourne,RR,3,297,2,13,5,1,5,0,65,13
2019,9.0,2019-05-18,Scott,Thompson,North Melbourne,CHB,2,417,9,8,6,0,5,0,86,18
2019,9.0,2019-05-18,Todd,Goldstein,North Melbourne,RK,4,48,5,15,2,2,9,0,83,10
2019,9.0,2019-05-18,Jack,Ziebell,North Melbourne,FPR,4,500,5,19,6,0,11,1,63,22
2019,9.0,2019-05-18,Ben,Cunnington,North Melbourne,C,4,254,5,23,3,1,7,0,87,20
2019,9.0,2019-05-18,Robbie,Tarrant,North Melbourne,FB,3,157,8,10,2,0,4,0,68,13
2019,9.0,2019-05-18,Jamie,Macmillan,North Melbourne,BPL,4,751,10,6,9,0,4,0,79,27
2019,9.0,2019-05-18,Sam,Reid,Sydney,CHF,5,174,0,21,2,0,4,1,89,8
2019,9.0,2019-05-18,Jasper,Pittard,North Melbourne,HBFR,3,276,7,2,3,1,6,0,71,15
2019,9.0,2019-05-18,Shaun,Atley,North Melbourne,HBFL,2,301,2,9,4,0,4,0,56,10
2019,9.0,2019-05-18,Jared,Polec,North Melbourne,WR,3,382,3,6,3,0,5,0,76,19
2019,9.0,2019-05-18,Luke,Parker,Sydney,FPR,4,400,3,24,6,2,9,0,68,19
2019,9.0,2019-05-18,Marley,Williams,North Melbourne,BPR,2,302,7,6,4,0,5,0,67,10
2019,9.0,2019-05-18,Dane,Rampe,Sydney,BPL,0,527,7,7,6,0,2,0,89,16
2019,9.0,2019-05-18,Jed,Anderson,North Melbourne,INT,4,297,3,24,2,1,11,0,79,23
2019,9.0,2019-05-18,Callum,Sinclair,Sydney,RK,6,134,1,16,2,2,4,0,50,6
2019,9.0,2019-05-18,Jackson,Thurlow,Sydney,INT,2,224,4,12,3,0,2,0,75,9
2019,9.0,2019-05-18,Taylor,Garner,North Melbourne,HFFR,2,94,0,9,2,0,0,1,57,4
2019,9.0,2019-05-18,Luke,McDonald,North Melbourne,INT,2,245,4,13,2,0,5,0,82,14
2019,9.0,2019-05-18,Jake,Lloyd,Sydney,HBFR,2,692,4,14,8,0,3,0,82,23
2019,9.0,2019-05-18,Zak,Jones,Sydney,RR,1,114,0,13,2,0,4,0,56,5
2019,9.0,2019-05-18,Ben,Brown,North Melbourne,FF,5,149,0,14,2,0,1,0,80,4
2019,9.0,2019-05-18,Kayne,Turner,North Melbourne,HFFL,4,115,3,15,2,0,7,0,77,10
2019,9.0,2019-05-18,Mason,Wood,North Melbourne,FPL,3,127,0,10,4,0,0,1,60,3
2019,9.0,2019-05-18,Isaac,Heeney,Sydney,WL,5,338,4,25,5,0,6,2,74,14
2019,9.0,2019-05-18,Trent,Dumont,North Melbourne,WL,6,461,1,24,5,1,6,0,68,21
2019,9.0,2019-05-18,George,Hewett,Sydney,WR,6,342,6,32,5,6,14,0,66,19
2019,9.0,2019-05-18,Callum,Mills,Sydney,BPR,2,1,5,8,0,0,3,0,100,8
2019,9.0,2019-05-18,Tom,Papley,Sydney,R,8,350,1,12,3,1,3,0,67,10
2019,9.0,2019-05-18,Aliir,Aliir,Sydney,CHB,0,99,12,7,6,0,8,0,72,13
2019,9.0,2019-05-18,Ryan,Clarke,Sydney,C,3,340,2,20,2,0,4,1,50,9
2019,9.0,2019-05-18,Oliver,Florent,Sydney,HFFR,7,559,7,13,8,0,8,0,64,14
2019,9.0,2019-05-18,Jy,Simpkin,North Melbourne,R,7,441,4,14,4,1,8,2,54,13
2019,9.0,2019-05-18,Robbie,Fox,Sydney,INT,1,128,1,14,5,0,5,0,40,4
2019,9.0,2019-05-18,Will,Hayward,Sydney,HFFL,1,176,2,24,3,1,5,1,70,7
2019,9.0,2019-05-18,Jordan,Dawson,Sydney,INT,7,332,5,23,4,2,6,0,58,14
2019,9.0,2019-05-18,Lewis,Melican,Sydney,FB,1,98,4,7,0,0,1,0,86,6
2019,9.0,2019-05-18,Cameron,Zurhaar,North Melbourne,INT,3,174,1,16,3,0,2,1,90,9
2019,9.0,2019-05-18,Nick,Larkey,North Melbourne,CHF,2,142,2,17,2,0,4,0,90,9
2019,9.0,2019-05-18,Tom,McCartin,Sydney,FF,8,239,1,14,7,0,1,0,36,5
2019,9.0,2019-05-18,Colin,O'Riordan,Sydney,HBFL,3,255,6,12,3,0,1,0,79,11
2019,9.0,2019-05-18,Nick,Blakey,Sydney,FPL,4,227,1,22,3,0,3,0,75,6
2019,9.0,2019-05-18,Tarryn,Thomas,North Melbourne,INT,3,56,2,18,1,1,4,2,58,7
2019,9.0,2019-05-18,James,Rowbottom,Sydney,INT,1,62,1,30,0,0,2,1,75,3
2019,9.0,2019-05-19,Paddy,Ryder,Port Adelaide,FPR,3,180,4,6,1,1,2,1,78,7
2019,9.0,2019-05-19,Jarrod,Harbrow,Gold Coast,BPL,3,388,9,9,6,0,6,0,68,15
2019,9.0,2019-05-19,Justin,Westhoff,Port Adelaide,WL,2,329,5,11,5,0,3,1,67,10
2019,9.0,2019-05-19,Travis,Boak,Port Adelaide,R,7,501,7,19,9,1,17,0,53,19
2019,9.0,2019-05-19,Matthew,Broadbent,Port Adelaide,INT,3,327,7,7,4,1,4,0,64,14
2019,9.0,2019-05-19,Tom,Rockliff,Port Adelaide,C,4,336,5,20,3,2,7,1,68,21
2019,9.0,2019-05-19,Steven,Motlop,Port Adelaide,CHF,7,130,0,12,2,0,5,0,73,8
2019,9.0,2019-05-19,David,Swallow,Gold Coast,RR,4,290,3,20,7,2,9,1,67,12
2019,9.0,2019-05-19,Scott,Lycett,Port Adelaide,RK,2,178,3,6,2,1,3,0,75,6
2019,9.0,2019-05-19,Jack,Hombsch,Gold Coast,CHB,0,210,9,5,4,0,6,0,57,8
2019,9.0,2019-05-19,Anthony,Miles,Gold Coast,INT,2,444,3,12,6,1,5,0,57,12
2019,9.0,2019-05-19,Alex,Sexton,Gold Coast,INT,4,340,1,15,5,0,3,1,62,8
2019,9.0,2019-05-19,Jordan,Murdoch,Gold Coast,INT,2,195,8,13,0,0,6,0,64,7
2019,9.0,2019-05-19,Jarrod,Witts,Gold Coast,RK,1,238,1,10,2,0,2,2,71,10
2019,9.0,2019-05-19,Jack,Martin,Gold Coast,C,3,195,3,15,2,2,7,0,80,12
2019,9.0,2019-05-19,Tom,Clurey,Port Adelaide,FB,2,287,4,3,2,0,1,0,83,10
2019,9.0,2019-05-19,Sam,Gray,Port Adelaide,HFFR,5,334,2,18,5,0,5,2,65,15
2019,9.0,2019-05-19,Nick,Holman,Gold Coast,WL,1,194,1,19,4,0,5,0,62,8
2019,9.0,2019-05-19,Karl,Amon,Port Adelaide,WR,5,325,6,12,2,0,8,3,79,15
2019,9.0,2019-05-19,Peter,Wright,Gold Coast,CHF,2,97,1,13,2,1,2,0,70,7
2019,9.0,2019-05-19,Lachie,Weller,Gold Coast,HBFR,2,518,5,8,6,0,5,0,83,20
2019,9.0,2019-05-19,Dougal,Howard,Port Adelaide,BPL,1,249,6,13,2,0,1,0,73,8
2019,9.0,2019-05-19,Darcy,Byrne-Jones,Port Adelaide,CHB,7,734,5,15,9,0,4,0,68,17
2019,9.0,2019-05-19,Darcy,Macpherson,Gold Coast,FPL,2,264,3,31,9,0,6,2,40,8
2019,9.0,2019-05-19,Sam,Collins,Gold Coast,FB,1,127,9,6,2,0,3,0,78,7
2019,9.0,2019-05-19,Jesse,Joyce,Gold Coast,HBFL,1,173,7,8,3,0,6,0,67,8
2019,9.0,2019-05-19,Brayden,Fiorini,Gold Coast,INT,5,674,6,15,7,1,12,1,47,18
2019,9.0,2019-05-19,Dan,Houston,Port Adelaide,HBFR,4,428,8,6,8,0,8,0,61,11
2019,9.0,2019-05-19,Sam,Powell-Pepper,Port Adelaide,RR,3,410,1,23,3,2,7,0,59,13
2019,9.0,2019-05-19,Ben,Ainsworth,Gold Coast,FPR,4,284,0,27,2,0,4,1,56,9
2019,9.0,2019-05-19,Jack,Bowes,Gold Coast,R,2,427,4,16,5,3,12,0,67,16
2019,9.0,2019-05-19,Joe,Atley,Port Adelaide,INT,4,102,6,12,4,2,9,2,68,13
2019,9.0,2019-05-19,Charlie,Ballard,Gold Coast,BPR,1,163,10,9,3,0,6,0,80,12
2019,9.0,2019-05-19,Wil,Powell,Gold Coast,WR,1,157,4,11,4,0,7,0,57,8
2019,9.0,2019-05-19,Jarrod,Lienert,Port Adelaide,BPR,2,387,5,6,1,0,4,0,81,13
2019,9.0,2019-05-19,Kane,Farrell,Port Adelaide,HFFL,5,199,1,7,5,0,4,1,71,10
2019,9.0,2019-05-19,Billy,Frampton,Port Adelaide,FF,5,151,0,7,7,0,4,1,64,9
2019,9.0,2019-05-19,Zak,Butters,Port Adelaide,INT,8,116,1,8,2,0,6,0,60,9
2019,9.0,2019-05-19,Xavier,Duursma,Port Adelaide,INT,2,417,3,10,6,1,7,0,53,10
2019,9.0,2019-05-19,Connor,Rozee,Port Adelaide,FPL,6,209,3,20,5,0,9,4,67,12
2019,9.0,2019-05-19,Jack,Lukosius,Gold Coast,HFFL,1,156,1,8,3,0,4,0,75,9
2019,9.0,2019-05-19,Josh,Corbett,Gold Coast,HFFR,2,236,0,11,2,0,1,2,62,8
2019,9.0,2019-05-19,Joel,Garner,Port Adelaide,HBFL,1,139,6,7,0,0,3,0,77,10
2019,9.0,2019-05-19,Ben,King,Gold Coast,FF,0,29,1,3,2,0,3,0,40,2
2019,9.0,2019-05-19,Shaun,Burgoyne,Hawthorn,INT,1,228,6,13,1,0,3,0,89,16
2019,9.0,2019-05-19,Shane,Edwards,Richmond,CHB,8,275,8,17,0,0,5,0,92,24
2019,9.0,2019-05-19,Bachar,Houli,Richmond,HBFR,3,338,3,9,4,0,1,0,86,30
2019,9.0,2019-05-19,Ben,McEvoy,Hawthorn,RK,2,26,2,4,1,0,2,1,71,5
2019,9.0,2019-05-19,Liam,Shiels,Hawthorn,R,6,295,2,18,4,1,3,1,79,19
2019,9.0,2019-05-19,Dustin,Martin,Richmond,FPR,9,600,0,10,3,6,6,1,62,23
2019,9.0,2019-05-19,Tom,Scully,Hawthorn,WL,7,180,1,19,3,0,1,0,79,15
2019,9.0,2019-05-19,Ben,Stratton,Hawthorn,HBFL,1,19,4,6,1,0,2,0,88,7
2019,9.0,2019-05-19,David,Astbury,Richmond,FB,5,340,5,11,5,0,0,0,85,17
2019,9.0,2019-05-19,Ricky,Henderson,Hawthorn,WR,9,551,3,21,2,0,4,0,87,26
2019,9.0,2019-05-19,Jack,Gunston,Hawthorn,FPR,4,224,0,9,2,0,1,0,64,9
2019,9.0,2019-05-19,Dylan,Grimes,Richmond,BPR,3,279,3,7,2,0,3,0,71,10
2019,9.0,2019-05-19,Dion,Prestia,Richmond,C,8,375,4,16,3,2,8,0,76,22
2019,9.0,2019-05-19,Paul,Puopolo,Hawthorn,CHF,6,148,0,20,1,0,3,0,100,10
2019,9.0,2019-05-19,Tom,Lynch,Richmond,FF,4,227,1,10,2,0,1,0,75,6
2019,9.0,2019-05-19,Luke,Breust,Hawthorn,HFFL,8,153,1,23,1,0,4,1,57,8
2019,9.0,2019-05-19,Josh,Caddy,Richmond,CHF,6,239,1,16,5,1,6,0,71,12
2019,9.0,2019-05-19,Brandon,Ellis,Richmond,WL,8,459,5,9,4,1,7,0,86,30
2019,9.0,2019-05-19,Jaeger,O'Meara,Hawthorn,C,8,413,4,20,5,4,8,1,62,18
2019,9.0,2019-05-19,Nick,Vlastuin,Richmond,INT,7,342,2,25,2,2,3,0,79,19
2019,9.0,2019-05-19,Jonathon,Ceglar,Hawthorn,FPL,8,219,4,13,6,1,5,0,69,18
2019,9.0,2019-05-19,Jarman,Impey,Hawthorn,BPR,1,302,6,10,1,0,2,0,95,20
2019,9.0,2019-05-19,Tim,O'Brien,Hawthorn,CHB,3,243,4,6,3,0,4,0,75,12
2019,9.0,2019-05-19,Kamdyn,McIntosh,Richmond,WR,6,334,2,10,3,0,2,0,85,11
2019,9.0,2019-05-19,Kane,Lambert,Richmond,RR,5,199,1,21,3,1,5,0,73,16
2019,9.0,2019-05-19,James,Sicily,Hawthorn,BPL,2,443,11,5,5,0,4,0,67,14
2019,9.0,2019-05-19,Connor,Menadue,Richmond,INT,3,282,0,13,3,0,3,0,71,10
2019,9.0,2019-05-19,Jason,Castagna,Richmond,HFFR,3,175,0,10,2,0,0,2,71,5
2019,9.0,2019-05-19,Nathan,Broad,Richmond,INT,2,295,6,9,3,0,3,0,75,15
2019,9.0,2019-05-19,Blake,Hardwick,Hawthorn,HBFR,1,366,3,10,4,0,0,0,80,16
2019,9.0,2019-05-19,Ivan,Soldo,Richmond,RK,4,13,4,19,0,0,4,1,63,5
2019,9.0,2019-05-19,Shai,Bolton,Richmond,INT,4,154,1,9,1,0,4,1,64,7
2019,9.0,2019-05-19,James,Cousins,Hawthorn,INT,6,287,1,15,7,0,7,0,76,19
2019,9.0,2019-05-19,Jack,Scrimshaw,Hawthorn,HFFR,1,182,5,10,1,0,4,0,91,10
2019,9.0,2019-05-19,Conor,Glass,Hawthorn,INT,3,289,1,20,1,0,1,0,92,12
2019,9.0,2019-05-19,Harry,Morrison,Hawthorn,INT,5,323,0,8,1,0,1,1,82,14
2019,9.0,2019-05-19,Jack,Higgins,Richmond,R,6,188,1,13,3,0,3,2,65,11
2019,9.0,2019-05-19,James,Worpel,Hawthorn,RR,4,148,4,24,2,1,6,1,73,19
2019,9.0,2019-05-19,Mitch,Lewis,Hawthorn,FF,3,136,0,11,1,0,1,1,71,5
2019,9.0,2019-05-19,Ryan,Garthwaite,Richmond,BPL,2,272,4,14,4,0,1,0,83,10
2019,9.0,2019-05-19,Liam,Baker,Richmond,HFFL,6,240,0,6,5,0,2,0,69,9
2019,9.0,2019-05-19,Noah,Balta,Richmond,FPL,7,397,1,13,2,1,5,0,71,10
2019,9.0,2019-05-19,Sydney,Stack,Richmond,HBFL,2,108,6,12,2,0,3,0,88,15
2019,9.0,2019-05-19,Dylan,Moore,Hawthorn,FB,9,214,1,9,3,1,2,0,73,11
2019,9.0,2019-05-19,Brett,Deledio,Greater Western Sydney,HFFR,11,282,1,10,4,0,5,2,63,12
2019,9.0,2019-05-19,Heath,Shaw,Greater Western Sydney,BPR,6,353,13,8,3,0,7,0,81,25
2019,9.0,2019-05-19,Marc,Murphy,Carlton,HFFR,1,38,1,2,1,0,1,0,75,3
2019,9.0,2019-05-19,Dale,Thomas,Carlton,BPL,2,176,4,12,2,0,1,0,81,13
2019,9.0,2019-05-19,Matthew,Kreuzer,Carlton,RK,2,168,2,9,3,1,5,1,73,8
2019,9.0,2019-05-19,Shane,Mumford,Greater Western Sydney,RK,5,9,2,12,1,1,4,1,100,7
2019,9.0,2019-05-19,Sam J.,Reid,Greater Western Sydney,HBFR,5,255,4,7,3,0,5,0,81,17
2019,9.0,2019-05-19,Matt,de Boer,Greater Western Sydney,HFFL,10,354,4,15,3,3,7,1,59,16
2019,9.0,2019-05-19,Phil,Davis,Greater Western Sydney,CHB,8,274,14,5,1,0,2,0,91,19
2019,9.0,2019-05-19,Ed,Curnow,Carlton,WR,3,193,3,12,5,0,4,0,50,7
2019,9.0,2019-05-19,Jeremy,Cameron,Greater Western Sydney,CHF,8,352,5,4,2,0,9,0,70,19
2019,9.0,2019-05-19,Toby,Greene,Greater Western Sydney,FPR,10,445,0,16,6,1,11,0,62,21
2019,9.0,2019-05-19,Adam,Kennedy,Greater Western Sydney,INT,5,244,2,7,1,0,1,0,94,16
2019,9.0,2019-05-19,Adam,Tomlinson,Greater Western Sydney,INT,7,430,2,13,4,0,2,0,79,19
2019,9.0,2019-05-19,Nick,Haynes,Greater Western Sydney,FB,6,274,4,4,1,0,1,0,84,16
2019,9.0,2019-05-19,Levi,Casboult,Carlton,CHF,1,92,3,5,3,0,1,0,50,4
2019,9.0,2019-05-19,Lachie,Whitfield,Greater Western Sydney,WR,14,556,4,12,5,1,4,1,78,31
2019,9.0,2019-05-19,Zac,Williams,Greater Western Sydney,BPL,3,296,3,7,3,1,3,0,75,9
2019,9.0,2019-05-19,Josh,Kelly,Greater Western Sydney,R,11,386,2,15,1,6,10,0,77,27
2019,9.0,2019-05-19,Patrick,Cripps,Carlton,C,1,32,2,21,0,0,4,1,100,12
2019,9.0,2019-05-19,Caleb,Marchbank,Carlton,BPR,1,235,6,4,2,0,1,0,82,9
2019,9.0,2019-05-19,Jacob,Weitering,Carlton,FB,1,136,4,6,3,0,3,0,82,9
2019,9.0,2019-05-19,Mitch,McGovern,Carlton,CHB,3,276,3,11,5,0,2,1,67,8
2019,9.0,2019-05-19,Charlie,Curnow,Carlton,INT,3,402,2,9,6,0,7,1,57,8
2019,9.0,2019-05-19,Jacob,Hopper,Greater Western Sydney,RR,5,164,3,12,3,3,7,1,62,13
2019,9.0,2019-05-19,Jack,Silvagni,Carlton,HBFR,1,225,0,24,6,3,1,1,42,5
2019,9.0,2019-05-19,Harry,Himmelberg,Greater Western Sydney,FF,10,215,0,4,2,0,2,0,64,7
2019,9.0,2019-05-19,Harrison,Macreadie,Carlton,FPR,0,66,2,10,1,0,1,0,100,2
2019,9.0,2019-05-19,Sam,Petrevski-Seton,Carlton,WL,1,256,1,12,4,0,4,0,29,4
2019,9.0,2019-05-19,Tim,Taranto,Greater Western Sydney,C,11,395,2,18,6,3,8,2,71,27
2019,9.0,2019-05-19,Nic,Newman,Carlton,HBFL,4,748,7,17,6,0,3,0,83,24
2019,9.0,2019-05-19,Zac,Fisher,Carlton,HFFL,3,186,1,20,2,1,2,0,82,14
2019,9.0,2019-05-19,Daniel,Lloyd,Greater Western Sydney,INT,6,234,1,11,2,0,4,0,79,11
2019,9.0,2019-05-19,Harry,Perryman,Greater Western Sydney,FPL,6,284,3,12,1,0,4,0,88,21
2019,9.0,2019-05-19,Jeremy,Finlayson,Greater Western Sydney,WL,10,88,2,12,1,0,1,3,75,9
2019,9.0,2019-05-19,Will,Setterfield,Carlton,INT,1,209,3,21,5,1,7,0,41,7
2019,9.0,2019-05-19,Harry,McKay,Carlton,FF,5,241,2,9,3,0,3,2,62,8
2019,9.0,2019-05-19,Paddy,Dow,Carlton,R,3,175,2,21,3,0,7,0,82,9
2019,9.0,2019-05-19,Lochie,O'Brien,Carlton,INT,1,269,4,14,2,0,3,0,57,8
2019,9.0,2019-05-19,Sam,Taylor,Greater Western Sydney,HBFL,2,110,4,8,3,0,2,0,73,8
2019,9.0,2019-05-19,Brent,Daniels,Greater Western Sydney,INT,5,103,0,10,3,0,4,0,58,7
2019,9.0,2019-05-19,Michael,Gibbons,Carlton,FPL,2,190,0,21,3,1,5,0,90,9
2019,9.0,2019-05-19,Sam,Walsh,Carlton,RR,1,139,3,20,2,0,7,0,61,11
2019,9.0,2019-05-19,Liam,Stocker,Carlton,INT,1,228,4,18,6,0,5,0,67,12
2019,10.0,2019-05-24,Daniel,Wells,Collingwood,INT,5,199,0,8,1,0,2,0,91,10
2019,10.0,2019-05-24,Lance,Franklin,Sydney,FF,4,127,0,6,3,0,1,1,83,5
2019,10.0,2019-05-24,Scott,Pendlebury,Collingwood,C,10,336,7,24,5,2,11,1,72,21
2019,10.0,2019-05-24,Ben,Reid,Collingwood,CHF,7,127,0,7,2,0,4,1,73,8
2019,10.0,2019-05-24,Chris,Mayne,Collingwood,FPR,9,103,4,15,2,0,2,1,90,18
2019,10.0,2019-05-24,Josh P.,Kennedy,Sydney,R,3,418,5,17,10,1,8,1,55,12
2019,10.0,2019-05-24,Dayne,Beams,Collingwood,RR,5,442,1,9,2,2,5,0,68,15
2019,10.0,2019-05-24,Levi,Greenwood,Collingwood,BPR,3,435,11,4,5,0,5,0,62,13
2019,10.0,2019-05-24,Steele,Sidebottom,Collingwood,WL,4,191,0,19,1,0,3,1,62,8
2019,10.0,2019-05-24,Jordan,Roughead,Collingwood,FB,0,154,5,2,3,0,1,0,63,5
2019,10.0,2019-05-24,Sam,Reid,Sydney,CHF,8,358,0,11,1,1,4,0,73,11
2019,10.0,2019-05-24,Luke,Parker,Sydney,FPR,4,550,9,32,8,1,17,1,50,14
2019,10.0,2019-05-24,Jeremy,Howe,Collingwood,CHB,0,255,8,8,2,0,4,0,100,12
2019,10.0,2019-05-24,Will,Hoskin-Elliott,Collingwood,INT,1,261,0,13,6,0,2,1,73,11
2019,10.0,2019-05-24,Adam,Treloar,Collingwood,INT,3,355,2,18,7,2,7,0,58,22
2019,10.0,2019-05-24,Jack,Crisp,Collingwood,HBFL,4,477,13,17,6,0,14,0,56,15
2019,10.0,2019-05-24,Dane,Rampe,Sydney,BPR,2,620,12,9,6,0,5,0,83,19
2019,10.0,2019-05-24,Josh,Thomas,Collingwood,HFFL,4,203,1,20,2,0,5,0,62,8
2019,10.0,2019-05-24,Callum,Sinclair,Sydney,RK,3,195,1,23,3,4,6,2,64,7
2019,10.0,2019-05-24,Jackson,Thurlow,Sydney,INT,2,122,2,8,4,0,2,0,67,6
2019,10.0,2019-05-24,Brodie,Grundy,Collingwood,RK,6,159,5,10,5,4,10,2,61,11
2019,10.0,2019-05-24,James,Aish,Collingwood,INT,1,361,7,7,3,0,3,0,75,12
2019,10.0,2019-05-24,Jake,Lloyd,Sydney,HBFL,5,567,2,10,7,1,6,0,83,29
2019,10.0,2019-05-24,Isaac,Heeney,Sydney,INT,3,235,1,30,4,0,3,0,68,13
2019,10.0,2019-05-24,Brayden,Maynard,Collingwood,BPL,5,397,6,10,2,0,5,0,83,15
2019,10.0,2019-05-24,George,Hewett,Sydney,RR,2,152,2,10,1,0,3,0,75,9
2019,10.0,2019-05-24,Callum,Mills,Sydney,BPL,2,237,6,8,2,0,5,0,72,13
2019,10.0,2019-05-24,Tom,Papley,Sydney,C,2,340,1,15,4,0,1,0,30,3
2019,10.0,2019-05-24,Aliir,Aliir,Sydney,CHB,1,259,9,6,1,0,4,0,81,13
2019,10.0,2019-05-24,Tom,Phillips,Collingwood,WR,2,477,1,15,6,0,5,1,57,13
2019,10.0,2019-05-24,Ryan,Clarke,Sydney,HFFL,3,236,2,16,3,0,3,0,73,11
2019,10.0,2019-05-24,Rupert,Wills,Collingwood,R,2,58,1,9,2,0,3,2,82,9
2019,10.0,2019-05-24,Oliver,Florent,Sydney,WR,4,431,7,18,5,1,9,1,53,9
2019,10.0,2019-05-24,Robbie,Fox,Sydney,INT,3,92,0,25,2,0,3,0,67,4
2019,10.0,2019-05-24,Will,Hayward,Sydney,FPL,2,77,0,11,0,0,2,0,40,2
2019,10.0,2019-05-24,Jordan,Dawson,Sydney,WL,3,270,3,20,3,0,2,2,85,11
2019,10.0,2019-05-24,Lewis,Melican,Sydney,FB,2,95,4,13,2,0,2,0,67,6
2019,10.0,2019-05-24,Callum L.,Brown,Collingwood,HFFR,6,366,3,29,3,1,3,0,60,9
2019,10.0,2019-05-24,Jaidyn,Stephenson,Collingwood,FPL,6,138,2,26,3,0,4,4,54,7
2019,10.0,2019-05-24,Tom,McCartin,Sydney,HFFR,3,160,1,7,3,0,3,0,22,2
2019,10.0,2019-05-24,Brody,Mihocek,Collingwood,FF,6,367,0,6,2,0,1,0,67,8
2019,10.0,2019-05-24,Colin,O'Riordan,Sydney,HBFR,2,273,3,8,3,0,2,0,75,9
2019,10.0,2019-05-24,Jack,Madgen,Collingwood,HBFR,0,84,1,5,0,0,1,0,86,6
2019,10.0,2019-05-24,Nick,Blakey,Sydney,INT,3,196,0,13,2,0,1,1,50,4
2019,10.0,2019-05-25,Shaun,Burgoyne,Hawthorn,HFFR,1,118,4,13,1,0,3,0,75,9
2019,10.0,2019-05-25,Paddy,Ryder,Port Adelaide,FF,7,107,3,17,2,1,5,2,78,7
2019,10.0,2019-05-25,James,Frawley,Hawthorn,FB,0,287,5,4,2,0,4,0,79,11
2019,10.0,2019-05-25,Robbie,Gray,Port Adelaide,HFFL,5,327,1,18,5,0,9,1,48,13
2019,10.0,2019-05-25,Justin,Westhoff,Port Adelaide,CHF,4,222,2,18,4,0,1,2,65,11
2019,10.0,2019-05-25,Travis,Boak,Port Adelaide,R,5,294,1,26,5,1,9,1,42,11
2019,10.0,2019-05-25,Liam,Shiels,Hawthorn,R,4,322,3,27,6,2,6,1,58,14
2019,10.0,2019-05-25,Matthew,Broadbent,Port Adelaide,BPL,4,458,10,10,5,1,10,0,71,20
2019,10.0,2019-05-25,Tom,Rockliff,Port Adelaide,C,4,290,3,15,4,3,7,1,64,16
2019,10.0,2019-05-25,Tom,Scully,Hawthorn,WL,5,283,3,15,3,1,8,0,87,20
2019,10.0,2019-05-25,Steven,Motlop,Port Adelaide,INT,8,382,0,6,5,0,2,1,69,11
2019,10.0,2019-05-25,Ben,Stratton,Hawthorn,HBFL,0,0,3,8,0,0,1,0,88,7
2019,10.0,2019-05-25,Ricky,Henderson,Hawthorn,WR,5,810,5,12,8,0,7,0,70,26
2019,10.0,2019-05-25,Jack,Gunston,Hawthorn,FPR,14,426,1,19,0,0,4,2,71,15
2019,10.0,2019-05-25,Paul,Puopolo,Hawthorn,CHF,3,234,2,32,0,1,3,4,82,9
2019,10.0,2019-05-25,Luke,Breust,Hawthorn,HFFL,8,310,2,22,3,0,4,2,63,12
2019,10.0,2019-05-25,Tom,Jonas,Port Adelaide,HBFL,2,309,6,9,4,0,3,0,94,17
2019,10.0,2019-05-25,Chad,Wingard,Hawthorn,FPL,4,308,5,14,6,0,4,2,80,16
2019,10.0,2019-05-25,Jaeger,O'Meara,Hawthorn,C,5,94,3,17,3,3,11,1,82,18
2019,10.0,2019-05-25,Jonathon,Ceglar,Hawthorn,RK,7,161,4,9,2,0,5,0,75,15
2019,10.0,2019-05-25,Tom,Clurey,Port Adelaide,FB,0,197,4,9,0,0,2,0,100,11
2019,10.0,2019-05-25,Jarman,Impey,Hawthorn,BPR,2,185,3,20,1,0,7,1,80,12
2019,10.0,2019-05-25,Tim,O'Brien,Hawthorn,CHB,1,357,12,13,4,0,5,0,61,11
2019,10.0,2019-05-25,Sam,Gray,Port Adelaide,FPL,5,250,1,13,6,1,2,1,57,12
2019,10.0,2019-05-25,James,Sicily,Hawthorn,BPL,0,550,7,12,7,0,5,0,70,16
2019,10.0,2019-05-25,Karl,Amon,Port Adelaide,WR,3,385,2,28,3,0,2,0,75,15
2019,10.0,2019-05-25,Marc,Pittonet,Hawthorn,FF,4,1,1,12,1,1,6,0,63,5
2019,10.0,2019-05-25,Dougal,Howard,Port Adelaide,CHB,1,48,7,11,1,0,3,0,82,14
2019,10.0,2019-05-25,Darcy,Byrne-Jones,Port Adelaide,HBFR,5,445,10,24,3,0,8,0,71,20
2019,10.0,2019-05-25,Blake,Hardwick,Hawthorn,HBFR,0,265,5,13,3,0,5,0,64,9
2019,10.0,2019-05-25,Dan,Houston,Port Adelaide,BPR,4,404,7,11,6,0,8,0,78,21
2019,10.0,2019-05-25,Sam,Powell-Pepper,Port Adelaide,RR,6,288,2,29,4,2,4,0,76,16
2019,10.0,2019-05-25,James,Cousins,Hawthorn,INT,6,363,2,9,4,1,2,0,90,18
2019,10.0,2019-05-25,Jack,Scrimshaw,Hawthorn,INT,0,357,6,6,5,0,4,0,65,11
2019,10.0,2019-05-25,Conor,Glass,Hawthorn,INT,1,230,2,17,5,0,3,0,75,9
2019,10.0,2019-05-25,Harry,Morrison,Hawthorn,INT,1,165,3,21,1,0,2,1,73,8
2019,10.0,2019-05-25,James,Worpel,Hawthorn,RR,3,361,4,27,7,1,8,0,58,15
2019,10.0,2019-05-25,Jarrod,Lienert,Port Adelaide,INT,2,542,6,10,8,0,4,0,75,18
2019,10.0,2019-05-25,Kane,Farrell,Port Adelaide,INT,2,56,1,15,4,0,6,1,44,4
2019,10.0,2019-05-25,Billy,Frampton,Port Adelaide,HFFR,4,20,0,8,5,0,4,1,67,6
2019,10.0,2019-05-25,Zak,Butters,Port Adelaide,WL,4,73,1,27,4,0,5,2,71,12
2019,10.0,2019-05-25,Xavier,Duursma,Port Adelaide,INT,9,256,5,14,1,1,6,3,82,18
2019,10.0,2019-05-25,Connor,Rozee,Port Adelaide,FPR,5,137,0,12,2,0,3,0,92,11
2019,10.0,2019-05-25,Peter,Ladhams,Port Adelaide,RK,4,155,0,13,3,1,5,0,77,10
2019,10.0,2019-05-25,Shaun,Higgins,North Melbourne,R,9,521,5,15,7,1,7,0,71,24
2019,10.0,2019-05-25,Scott,Thompson,North Melbourne,FB,2,399,8,7,4,0,3,0,75,12
2019,10.0,2019-05-25,Todd,Goldstein,North Melbourne,RK,7,463,5,10,6,1,12,0,79,22
2019,10.0,2019-05-25,Matthew,Suckling,Western Bulldogs,HFFL,6,505,3,10,4,0,3,0,83,15
2019,10.0,2019-05-25,Jack,Ziebell,North Melbourne,FPL,6,151,2,12,1,0,5,0,88,14
2019,10.0,2019-05-25,Easton,Wood,Western Bulldogs,HBFR,2,156,6,2,3,0,1,0,58,7
2019,10.0,2019-05-25,Jackson,Trengove,Western Bulldogs,FB,0,65,3,3,2,0,1,0,71,5
2019,10.0,2019-05-25,Ben,Cunnington,North Melbourne,RR,6,231,3,15,4,8,8,2,76,22
2019,10.0,2019-05-25,Robbie,Tarrant,North Melbourne,CHB,4,182,5,5,0,0,2,0,100,13
2019,10.0,2019-05-25,Jamie,Macmillan,North Melbourne,BPR,4,203,1,5,1,0,0,0,82,9
2019,10.0,2019-05-25,Jasper,Pittard,North Melbourne,HBFR,5,183,4,7,2,0,4,0,89,16
2019,10.0,2019-05-25,Tom,Liberatore,Western Bulldogs,C,6,219,1,29,2,3,11,2,61,14
2019,10.0,2019-05-25,Shaun,Atley,North Melbourne,HBFL,4,331,3,14,4,0,3,0,86,18
2019,10.0,2019-05-25,Jared,Polec,North Melbourne,WR,6,244,3,16,3,0,7,0,67,14
2019,10.0,2019-05-25,Mitch,Wallis,Western Bulldogs,FPR,4,118,2,13,2,1,7,0,80,12
2019,10.0,2019-05-25,Marley,Williams,North Melbourne,BPL,1,188,6,9,4,0,3,0,64,9
2019,10.0,2019-05-25,Hayden,Crozier,Western Bulldogs,BPR,4,455,6,8,2,0,3,0,94,15
2019,10.0,2019-05-25,Jason,Johannisen,Western Bulldogs,BPL,8,271,7,13,1,0,6,0,90,18
2019,10.0,2019-05-25,Jed,Anderson,North Melbourne,HFFL,5,290,1,23,5,4,8,0,90,17
2019,10.0,2019-05-25,Jack,Macrae,Western Bulldogs,R,4,232,4,15,2,2,9,0,82,18
2019,10.0,2019-05-25,Lachie,Hunter,Western Bulldogs,WL,5,304,4,8,2,0,2,0,78,18
2019,10.0,2019-05-25,Luke,McDonald,North Melbourne,INT,3,393,5,3,4,0,4,0,82,14
2019,10.0,2019-05-25,Sam,Lloyd,Western Bulldogs,HFFR,7,450,2,12,4,0,5,0,50,8
2019,10.0,2019-05-25,Marcus,Bontempelli,Western Bulldogs,FF,12,456,2,17,3,2,8,0,76,19
2019,10.0,2019-05-25,Ben,Brown,North Melbourne,FF,6,200,0,4,4,0,2,0,73,8
2019,10.0,2019-05-25,Kayne,Turner,North Melbourne,HFFR,5,134,2,17,3,0,2,1,64,7
2019,10.0,2019-05-25,Mason,Wood,North Melbourne,CHF,9,484,0,12,7,1,6,0,73,16
2019,10.0,2019-05-25,Trent,Dumont,North Melbourne,C,7,369,3,13,5,0,2,0,79,19
2019,10.0,2019-05-25,Bailey,Dale,Western Bulldogs,WR,4,145,2,8,4,0,5,0,50,6
2019,10.0,2019-05-25,Toby,McLean,Western Bulldogs,INT,5,45,3,15,0,0,5,1,79,11
2019,10.0,2019-05-25,Caleb,Daniel,Western Bulldogs,HBFL,7,455,11,8,7,1,4,0,79,23
2019,10.0,2019-05-25,Zaine,Cordy,Western Bulldogs,CHB,1,96,1,6,4,1,2,0,63,5
2019,10.0,2019-05-25,Josh,Dunkley,Western Bulldogs,RR,8,256,5,13,7,1,15,3,69,20
2019,10.0,2019-05-25,Bailey,Williams,Western Bulldogs,INT,3,175,4,6,3,0,4,0,69,11
2019,10.0,2019-05-25,Jy,Simpkin,North Melbourne,WL,4,140,1,16,1,2,5,0,93,13
2019,10.0,2019-05-25,Tim,English,Western Bulldogs,RK,9,145,0,8,0,0,0,0,82,9
2019,10.0,2019-05-25,Cameron,Zurhaar,North Melbourne,INT,3,245,3,9,0,0,2,1,85,11
2019,10.0,2019-05-25,Nick,Larkey,North Melbourne,INT,5,111,0,8,1,0,3,1,86,6
2019,10.0,2019-05-25,Patrick,Lipinski,Western Bulldogs,INT,10,191,0,14,1,0,2,0,74,17
2019,10.0,2019-05-25,Luke,Davies-Uniacke,North Melbourne,INT,5,105,1,13,4,0,4,0,67,8
2019,10.0,2019-05-25,Aaron,Naughton,Western Bulldogs,CHF,5,165,1,11,3,0,1,2,50,4
2019,10.0,2019-05-25,Ed,Richards,Western Bulldogs,FPL,3,75,2,15,3,0,4,0,67,6
2019,10.0,2019-05-25,Bailey,Smith,Western Bulldogs,INT,5,227,1,25,4,1,5,2,91,19
2019,10.0,2019-05-25,Tarryn,Thomas,North Melbourne,FPR,3,121,2,7,0,0,2,1,92,11
2019,10.0,2019-05-25,Eddie,Betts,Adelaide,FPR,5,295,0,6,5,0,6,1,53,9
2019,10.0,2019-05-25,Shannon,Hurn,West Coast,BPL,3,794,7,20,8,0,5,0,84,21
2019,10.0,2019-05-25,Josh J.,Kennedy,West Coast,FF,4,148,0,13,3,0,1,3,63,5
2019,10.0,2019-05-25,Will,Schofield,West Coast,FB,0,144,1,9,2,0,1,0,40,2
2019,10.0,2019-05-25,Taylor,Walker,Adelaide,CHF,2,223,0,12,4,0,6,3,50,6
2019,10.0,2019-05-25,Jack,Redden,West Coast,WL,4,355,6,33,8,1,10,0,52,14
2019,10.0,2019-05-25,Rory,Sloane,Adelaide,RR,6,570,5,36,7,3,11,1,66,21
2019,10.0,2019-05-25,Luke,Shuey,West Coast,RR,6,767,5,27,10,4,8,2,55,18
2019,10.0,2019-05-25,Brad,Sheppard,West Coast,BPR,2,422,8,11,5,0,3,0,56,9
2019,10.0,2019-05-25,Brodie,Smith,Adelaide,WL,2,539,5,11,8,0,4,0,68,15
2019,10.0,2019-05-25,Jack,Darling,West Coast,CHF,5,251,2,16,6,0,3,0,56,9
2019,10.0,2019-05-25,Andrew,Gaff,West Coast,R,5,430,10,14,8,0,6,1,76,25
2019,10.0,2019-05-25,Jamie,Cripps,West Coast,FPR,6,239,1,23,2,0,6,1,58,7
2019,10.0,2019-05-25,Nathan,Vardy,West Coast,RK,0,91,3,17,1,0,5,0,63,5
2019,10.0,2019-05-25,Daniel,Talia,Adelaide,FB,0,228,7,8,4,0,4,0,77,10
2019,10.0,2019-05-25,Paul,Seedsman,Adelaide,HFFR,5,276,0,17,4,0,5,0,69,9
2019,10.0,2019-05-25,Elliot,Yeo,West Coast,C,8,401,2,47,3,2,10,0,56,15
2019,10.0,2019-05-25,Luke,Brown,Adelaide,BPR,2,127,4,6,2,0,1,0,90,9
2019,10.0,2019-05-25,Brad,Crouch,Adelaide,C,8,607,1,20,4,1,5,0,56,22
2019,10.0,2019-05-25,Rory,Laird,Adelaide,HBFR,2,383,7,9,4,2,6,0,79,22
2019,10.0,2019-05-25,Mark,Hutchings,West Coast,WR,1,154,3,18,2,0,4,1,29,4
2019,10.0,2019-05-25,Kyle,Hartigan,Adelaide,CHB,0,163,7,5,2,0,3,0,77,10
2019,10.0,2019-05-25,Dom,Sheed,West Coast,INT,4,428,1,19,5,0,15,0,55,17
2019,10.0,2019-05-25,Jeremy,McGovern,West Coast,CHB,2,163,9,6,1,0,5,0,64,9
2019,10.0,2019-05-25,Cameron,Ellis-Yolmen,Adelaide,R,8,293,3,32,4,2,14,3,63,19
2019,10.0,2019-05-25,Jackson,Nelson,West Coast,HBFR,0,33,3,13,0,0,0,0,75,3
2019,10.0,2019-05-25,Liam,Duggan,West Coast,HBFL,2,347,4,11,5,0,3,0,64,7
2019,10.0,2019-05-25,Jake,Kelly,Adelaide,INT,6,174,12,9,3,0,9,0,84,16
2019,10.0,2019-05-25,Riley,Knight,Adelaide,FPL,2,216,3,13,4,0,4,2,53,9
2019,10.0,2019-05-25,Rory,Atkins,Adelaide,HBFL,4,476,3,13,4,0,4,0,65,13
2019,10.0,2019-05-25,Wayne,Milera,Adelaide,WR,5,255,1,15,3,0,4,2,75,12
2019,10.0,2019-05-25,Tom,Cole,West Coast,INT,1,87,3,13,1,0,4,0,83,5
2019,10.0,2019-05-25,Reilly,O'Brien,Adelaide,RK,5,100,2,13,1,1,5,0,62,8
2019,10.0,2019-05-25,Jordan,Gallucci,Adelaide,INT,3,385,1,16,1,0,2,1,79,11
2019,10.0,2019-05-25,Hugh,Greenwood,Adelaide,INT,3,334,7,36,2,3,13,2,67,16
2019,10.0,2019-05-25,Alex,Keath,Adelaide,BPL,0,128,9,9,2,0,8,0,64,9
2019,10.0,2019-05-25,Lachlan,Murphy,Adelaide,HFFL,8,251,1,9,3,0,5,1,58,7
2019,10.0,2019-05-25,Liam,Ryan,West Coast,FPL,3,218,2,17,4,0,7,2,30,3
2019,10.0,2019-05-25,Jake,Waterman,West Coast,INT,2,200,1,10,1,0,2,1,88,7
2019,10.0,2019-05-25,Willie,Rioli,West Coast,HFFR,2,104,0,11,1,0,3,0,55,6
2019,10.0,2019-05-25,Jack,Petruccelle,West Coast,INT,2,118,0,21,4,0,4,1,75,6
2019,10.0,2019-05-25,Oscar,Allen,West Coast,HFFL,4,300,4,16,3,1,5,2,56,5
2019,10.0,2019-05-25,Elliott,Himmelberg,Adelaide,FF,5,72,1,11,1,1,4,2,50,3
2019,10.0,2019-05-25,Chayce,Jones,Adelaide,INT,2,138,3,17,3,0,6,0,64,7
2019,10.0,2019-05-25,Shane,Edwards,Richmond,CHB,3,484,8,17,3,0,10,0,77,20
2019,10.0,2019-05-25,Bachar,Houli,Richmond,HBFR,4,814,13,15,10,0,3,0,76,28
2019,10.0,2019-05-25,Tom,Bellchambers,Essendon,FPL,6,269,4,6,5,0,3,0,67,10
2019,10.0,2019-05-25,Cale,Hooker,Essendon,FB,3,331,9,3,5,0,4,0,71,10
2019,10.0,2019-05-25,Michael,Hurley,Essendon,BPR,2,418,7,8,4,0,3,0,65,11
2019,10.0,2019-05-25,David,Zaharakis,Essendon,HFFR,2,416,5,15,5,0,5,0,79,15
2019,10.0,2019-05-25,Shaun,McKernan,Essendon,RK,5,283,0,9,1,1,2,1,67,8
2019,10.0,2019-05-25,Dustin,Martin,Richmond,RR,4,707,2,10,9,3,9,0,60,21
2019,10.0,2019-05-25,David,Astbury,Richmond,FB,1,394,6,5,3,0,0,0,81,13
2019,10.0,2019-05-25,Dylan,Grimes,Richmond,BPR,0,194,5,13,2,0,1,0,89,8
2019,10.0,2019-05-25,Dyson,Heppell,Essendon,R,2,297,7,10,7,0,8,0,62,16
2019,10.0,2019-05-25,Dion,Prestia,Richmond,C,6,499,6,25,4,0,10,2,68,17
2019,10.0,2019-05-25,Tom,Lynch,Richmond,FF,2,82,0,12,1,0,3,2,40,2
2019,10.0,2019-05-25,Josh,Caddy,Richmond,R,5,433,1,27,3,0,4,1,58,14
2019,10.0,2019-05-25,Dylan,Shiel,Essendon,RR,3,380,4,14,7,2,8,1,52,12
2019,10.0,2019-05-25,Brandon,Ellis,Richmond,WL,3,204,5,16,8,0,5,0,65,15
2019,10.0,2019-05-25,Jake,Stringer,Essendon,CHF,2,108,1,10,1,1,4,1,57,4
2019,10.0,2019-05-25,Nick,Vlastuin,Richmond,INT,3,370,6,19,4,1,7,0,72,13
2019,10.0,2019-05-25,Patrick,Ambrose,Essendon,CHB,5,178,6,6,3,0,6,1,54,7
2019,10.0,2019-05-25,Zach,Merrett,Essendon,INT,7,336,5,41,9,3,12,1,57,17
2019,10.0,2019-05-25,Kamdyn,McIntosh,Richmond,WR,3,222,4,18,1,0,5,0,75,9
2019,10.0,2019-05-25,Adam,Saad,Essendon,HBFR,1,370,11,21,7,0,6,0,71,12
2019,10.0,2019-05-25,Kyle,Langford,Essendon,INT,6,324,5,18,4,1,9,0,77,17
2019,10.0,2019-05-25,Connor,Menadue,Richmond,INT,1,161,1,21,4,0,6,1,33,3
2019,10.0,2019-05-25,Jayden,Laverde,Essendon,BPL,2,147,3,23,3,0,4,2,70,7
2019,10.0,2019-05-25,Conor,McKenna,Essendon,HFFL,6,492,2,13,3,1,3,0,82,14
2019,10.0,2019-05-25,Daniel,Rioli,Richmond,HFFR,4,189,2,12,4,1,4,0,69,9
2019,10.0,2019-05-25,Anthony,McDonald-Tipungwuti,Essendon,FPR,5,143,2,34,1,0,1,2,50,3
2019,10.0,2019-05-25,Darcy,Parish,Essendon,C,7,507,2,24,7,2,15,0,68,21
2019,10.0,2019-05-25,Jason,Castagna,Richmond,FPR,3,108,2,16,6,0,7,0,41,7
2019,10.0,2019-05-25,Mason,Redman,Essendon,WL,1,273,5,15,7,0,4,0,46,6
2019,10.0,2019-05-25,Nathan,Broad,Richmond,INT,2,141,7,11,1,0,2,0,88,7
2019,10.0,2019-05-25,Aaron,Francis,Essendon,FF,3,99,0,13,5,0,7,1,67,8
2019,10.0,2019-05-25,Andrew,McGrath,Essendon,HBFL,6,358,5,13,3,0,7,1,68,15
2019,10.0,2019-05-25,Ben,McNiece,Essendon,INT,0,23,4,12,3,0,2,0,50,2
2019,10.0,2019-05-25,Shai,Bolton,Richmond,CHF,3,175,1,13,3,0,1,2,55,6
2019,10.0,2019-05-25,Josh,Begley,Essendon,WR,4,194,1,24,3,0,5,1,44,4
2019,10.0,2019-05-25,Jack,Higgins,Richmond,INT,9,181,2,20,2,1,6,1,75,12
2019,10.0,2019-05-25,Matt,Guelfi,Essendon,INT,2,239,6,12,2,0,6,0,25,3
2019,10.0,2019-05-25,Ryan,Garthwaite,Richmond,BPL,2,97,4,17,4,0,4,0,43,3
2019,10.0,2019-05-25,Liam,Baker,Richmond,HFFL,3,299,6,20,9,0,10,0,58,14
2019,10.0,2019-05-25,Noah,Balta,Richmond,FPL,4,427,4,15,7,0,10,2,44,8
2019,10.0,2019-05-25,Sydney,Stack,Richmond,HBFL,4,129,9,11,2,0,7,1,100,16
2019,10.0,2019-05-25,Callum,Coleman-Jones,Richmond,RK,2,158,2,16,4,1,6,0,39,5
2019,10.0,2019-05-25,Gary,Ablett,Geelong,FPL,8,303,0,13,1,0,9,1,65,13
2019,10.0,2019-05-25,Joel,Selwood,Geelong,R,6,428,3,17,4,3,9,0,46,10
2019,10.0,2019-05-25,Tom,Hawkins,Geelong,HFFR,10,149,1,8,1,0,5,2,62,8
2019,10.0,2019-05-25,Jarrod,Harbrow,Gold Coast,BPL,1,147,3,11,1,0,2,0,78,7
2019,10.0,2019-05-25,Harry,Taylor,Geelong,CHB,4,91,3,6,2,0,1,0,78,7
2019,10.0,2019-05-25,Mitch,Duncan,Geelong,WR,7,358,7,12,5,0,5,0,74,20
2019,10.0,2019-05-25,Gary,Rohan,Geelong,HFFL,5,308,1,16,2,0,4,2,71,10
2019,10.0,2019-05-25,Rhys,Stanley,Geelong,RK,4,77,3,24,1,1,4,2,54,7
2019,10.0,2019-05-25,Cameron,Guthrie,Geelong,RR,3,361,1,25,7,1,6,0,57,12
2019,10.0,2019-05-25,David,Swallow,Gold Coast,RR,4,463,3,14,5,2,14,1,59,17
2019,10.0,2019-05-25,Zach,Tuohy,Geelong,FB,3,523,5,6,4,0,3,0,63,12
2019,10.0,2019-05-25,Luke,Dahlhaus,Geelong,FF,3,60,1,19,4,0,9,3,80,16
2019,10.0,2019-05-25,Jack,Hombsch,Gold Coast,CHB,1,87,6,6,1,0,3,0,75,6
2019,10.0,2019-05-25,Anthony,Miles,Gold Coast,INT,3,354,4,19,3,1,10,0,87,20
2019,10.0,2019-05-25,Alex,Sexton,Gold Coast,FF,5,228,0,16,1,0,0,2,57,4
2019,10.0,2019-05-25,Jordan,Murdoch,Gold Coast,WL,1,362,6,18,2,0,7,1,82,14
2019,10.0,2019-05-25,Mark,Blicavs,Geelong,HBFL,2,132,11,9,1,0,9,0,89,16
2019,10.0,2019-05-25,Jarrod,Witts,Gold Coast,RK,4,141,1,9,3,2,8,0,40,6
2019,10.0,2019-05-25,Jack,Martin,Gold Coast,C,4,405,1,26,9,2,7,2,30,6
2019,10.0,2019-05-25,Nick,Holman,Gold Coast,HBFL,3,173,3,30,1,0,5,4,67,8
2019,10.0,2019-05-25,Peter,Wright,Gold Coast,CHF,2,156,3,14,2,0,3,0,70,7
2019,10.0,2019-05-25,Jake,Kolodjashnij,Geelong,BPL,1,59,6,8,0,0,2,0,88,7
2019,10.0,2019-05-25,Lachie,Weller,Gold Coast,HBFR,2,638,2,10,5,0,3,0,78,21
2019,10.0,2019-05-25,Darcy,Macpherson,Gold Coast,FPL,4,363,3,30,4,1,8,0,59,13
2019,10.0,2019-05-25,Jesse,Joyce,Gold Coast,INT,1,270,4,17,2,0,4,0,61,11
2019,10.0,2019-05-25,Brayden,Fiorini,Gold Coast,INT,5,589,2,13,10,2,5,1,59,17
2019,10.0,2019-05-25,Ben,Ainsworth,Gold Coast,FPR,3,193,0,6,2,1,3,1,67,8
2019,10.0,2019-05-25,Jack,Bowes,Gold Coast,R,2,113,2,21,2,0,6,1,64,7
2019,10.0,2019-05-25,Brandan,Parfitt,Geelong,FPR,5,172,1,24,4,0,8,3,53,10
2019,10.0,2019-05-25,Tom,Stewart,Geelong,BPR,8,587,9,5,7,0,6,0,71,15
2019,10.0,2019-05-25,James,Parsons,Geelong,INT,5,302,2,16,1,3,10,0,73,11
2019,10.0,2019-05-25,Mark,O'Connor,Geelong,HBFR,0,104,4,5,2,0,3,0,63,5
2019,10.0,2019-05-25,Tim,Kelly,Geelong,C,10,670,3,27,2,2,12,0,63,22
2019,10.0,2019-05-25,Jack,Henry,Geelong,INT,2,197,5,9,3,0,3,0,46,5
2019,10.0,2019-05-25,Charlie,Ballard,Gold Coast,BPR,2,269,5,11,4,0,5,0,64,7
2019,10.0,2019-05-25,Wil,Powell,Gold Coast,WR,1,65,5,12,3,0,4,0,75,12
2019,10.0,2019-05-25,Tom,Atkins,Geelong,WL,9,272,2,31,0,0,9,2,80,12
2019,10.0,2019-05-25,Jordan,Clark,Geelong,INT,9,461,1,11,1,0,3,0,67,12
2019,10.0,2019-05-25,Gryan,Miers,Geelong,INT,4,221,1,16,4,0,1,2,50,6
2019,10.0,2019-05-25,Chris,Burgess,Gold Coast,FB,0,6,2,8,1,0,3,0,83,5
2019,10.0,2019-05-25,Jack,Lukosius,Gold Coast,HFFL,1,217,0,14,4,0,0,0,56,5
2019,10.0,2019-05-25,Josh,Corbett,Gold Coast,HFFR,1,107,1,11,4,0,5,2,71,5
2019,10.0,2019-05-25,Darcy,Fort,Geelong,CHF,4,71,1,11,1,0,3,1,57,4
2019,10.0,2019-05-25,Ben,King,Gold Coast,INT,1,99,2,11,2,0,2,1,60,3
2019,10.0,2019-05-26,Brett,Deledio,Greater Western Sydney,HBFR,7,242,2,9,4,0,4,1,67,12
2019,10.0,2019-05-26,Heath,Shaw,Greater Western Sydney,HBFL,4,358,8,4,8,0,5,0,56,15
2019,10.0,2019-05-26,Nathan,Jones,Melbourne,HFFL,2,225,2,23,5,4,6,0,67,8
2019,10.0,2019-05-26,Shane,Mumford,Greater Western Sydney,RK,2,1,0,9,0,1,2,0,86,6
2019,10.0,2019-05-26,Sam J.,Reid,Greater Western Sydney,FPR,3,194,5,10,4,0,3,0,80,12
2019,10.0,2019-05-26,Jeff,Garlett,Melbourne,FPL,3,87,2,15,1,0,1,2,50,3
2019,10.0,2019-05-26,Matt,de Boer,Greater Western Sydney,HFFL,5,120,1,15,0,1,5,0,67,8
2019,10.0,2019-05-26,Phil,Davis,Greater Western Sydney,FB,2,48,6,5,0,0,4,0,100,12
2019,10.0,2019-05-26,Max,Gawn,Melbourne,RK,8,296,4,7,2,1,3,0,72,18
2019,10.0,2019-05-26,Tom,McDonald,Melbourne,CHF,6,147,2,10,2,0,3,1,63,5
2019,10.0,2019-05-26,Jeremy,Cameron,Greater Western Sydney,FF,9,295,0,8,4,0,3,1,67,10
2019,10.0,2019-05-26,Stephen,Coniglio,Greater Western Sydney,WL,4,161,1,6,0,0,2,3,94,15
2019,10.0,2019-05-26,Toby,Greene,Greater Western Sydney,HFFR,5,420,2,10,5,0,7,0,58,11
2019,10.0,2019-05-26,Adam,Kennedy,Greater Western Sydney,INT,0,212,3,9,4,0,4,0,69,9
2019,10.0,2019-05-26,Adam,Tomlinson,Greater Western Sydney,INT,3,233,6,10,2,0,6,1,72,13
2019,10.0,2019-05-26,Nick,Haynes,Greater Western Sydney,BPR,1,315,5,3,4,0,1,0,85,17
2019,10.0,2019-05-26,Sam,Frost,Melbourne,FB,1,253,3,5,1,0,2,0,92,11
2019,10.0,2019-05-26,Lachie,Whitfield,Greater Western Sydney,WR,5,391,2,12,4,0,4,1,69,20
2019,10.0,2019-05-26,Jack,Viney,Melbourne,C,4,437,1,18,4,3,4,1,70,16
2019,10.0,2019-05-26,Josh,Kelly,Greater Western Sydney,R,9,609,4,22,5,2,11,1,74,23
2019,10.0,2019-05-26,Angus,Brayshaw,Melbourne,WL,1,278,5,15,5,0,5,0,64,9
2019,10.0,2019-05-26,Billy,Stretch,Melbourne,WR,3,261,4,13,4,1,7,0,70,14
2019,10.0,2019-05-26,James,Harmes,Melbourne,INT,3,335,2,21,3,0,4,0,74,17
2019,10.0,2019-05-26,Oscar,McDonald,Melbourne,CHB,0,76,4,5,0,0,2,0,100,8
2019,10.0,2019-05-26,Clayton,Oliver,Melbourne,R,3,160,3,19,2,1,8,2,47,8
2019,10.0,2019-05-26,Josh,Wagner,Melbourne,BPR,3,361,8,11,8,0,4,0,46,10
2019,10.0,2019-05-26,Jayden,Hunt,Melbourne,HBFR,5,103,0,10,0,0,3,0,71,5
2019,10.0,2019-05-26,Christian,Petracca,Melbourne,FPR,4,371,1,25,8,0,7,2,58,11
2019,10.0,2019-05-26,Jacob,Hopper,Greater Western Sydney,INT,4,93,4,7,4,2,8,0,70,16
2019,10.0,2019-05-26,Corey,Wagner,Melbourne,RR,2,147,1,13,3,0,2,0,63,5
2019,10.0,2019-05-26,Harry,Himmelberg,Greater Western Sydney,CHF,11,263,2,7,2,0,7,0,72,13
2019,10.0,2019-05-26,Tim,Taranto,Greater Western Sydney,RR,10,291,2,28,2,1,11,1,69,22
2019,10.0,2019-05-26,Tim,Smith,Melbourne,FF,2,149,1,19,3,1,5,1,54,7
2019,10.0,2019-05-26,Harry,Perryman,Greater Western Sydney,C,5,329,2,11,3,0,5,2,72,13
2019,10.0,2019-05-26,Jeremy,Finlayson,Greater Western Sydney,FPL,6,258,1,3,3,0,4,0,56,9
2019,10.0,2019-05-26,Bayley,Fritsch,Melbourne,INT,3,335,7,9,4,0,3,0,74,14
2019,10.0,2019-05-26,Charlie,Spargo,Melbourne,INT,4,92,0,12,2,0,1,1,60,6
2019,10.0,2019-05-26,Isaac,Cumming,Greater Western Sydney,BPL,1,19,1,10,1,1,1,0,100,6
2019,10.0,2019-05-26,Sam,Taylor,Greater Western Sydney,CHB,3,214,6,5,0,0,3,0,77,10
2019,10.0,2019-05-26,Harrison,Petty,Melbourne,HFFR,1,96,2,7,1,0,1,0,80,4
2019,10.0,2019-05-26,Brent,Daniels,Greater Western Sydney,INT,3,168,1,19,1,0,1,0,64,7
2019,10.0,2019-05-26,Marty,Hore,Melbourne,HBFL,1,425,6,14,3,0,4,0,83,15
2019,10.0,2019-05-26,Jay,Lockhart,Melbourne,BPL,3,106,1,7,1,0,1,0,75,6
2019,10.0,2019-05-26,Oskar,Baker,Melbourne,INT,6,317,2,13,1,0,3,0,75,12
2019,10.0,2019-05-26,Kade,Simpson,Carlton,BPL,2,328,4,9,1,0,3,0,82,18
2019,10.0,2019-05-26,Dale,Thomas,Carlton,HBFR,3,154,4,12,2,0,5,1,92,12
2019,10.0,2019-05-26,Nathan,Brown,St Kilda,FB,2,182,4,10,1,0,1,0,78,7
2019,10.0,2019-05-26,Matthew,Kreuzer,Carlton,RK,3,137,0,8,0,1,2,0,60,6
2019,10.0,2019-05-26,Shane,Savage,St Kilda,BPR,5,432,3,4,4,0,5,0,65,13
2019,10.0,2019-05-26,Ed,Curnow,Carlton,HFFR,4,353,5,14,3,1,9,0,75,15
2019,10.0,2019-05-26,Jack,Newnes,St Kilda,WR,1,233,1,9,2,0,2,0,77,10
2019,10.0,2019-05-26,Josh,Bruce,St Kilda,CHF,5,186,3,6,2,0,5,0,69,9
2019,10.0,2019-05-26,Levi,Casboult,Carlton,CHB,0,157,7,6,1,0,1,0,92,11
2019,10.0,2019-05-26,Sebastian,Ross,St Kilda,C,3,380,1,17,5,1,3,0,71,15
2019,10.0,2019-05-26,Lachie,Plowman,Carlton,FPR,0,361,2,5,4,0,0,0,80,12
2019,10.0,2019-05-26,Dean,Kent,St Kilda,FPL,5,363,3,7,1,0,6,0,86,12
2019,10.0,2019-05-26,Jack,Billings,St Kilda,WL,5,195,3,13,1,0,5,0,84,16
2019,10.0,2019-05-26,Luke,Dunstan,St Kilda,INT,7,324,0,22,2,1,9,0,85,17
2019,10.0,2019-05-26,Patrick,Cripps,Carlton,C,6,339,0,16,6,2,13,1,71,20
2019,10.0,2019-05-26,Blake,Acres,St Kilda,INT,5,163,3,17,3,0,6,0,80,16
2019,10.0,2019-05-26,Tim,Membrey,St Kilda,FF,9,150,0,11,1,0,2,2,73,8
2019,10.0,2019-05-26,Jack,Sinclair,St Kilda,INT,8,286,3,21,3,1,4,1,79,11
2019,10.0,2019-05-26,Daniel,McKenzie,St Kilda,BPL,3,99,13,13,1,0,6,0,100,14
2019,10.0,2019-05-26,Caleb,Marchbank,Carlton,HBFL,0,181,3,9,3,0,1,0,83,10
2019,10.0,2019-05-26,Jack,Steele,St Kilda,RR,9,245,1,28,3,1,7,2,61,17
2019,10.0,2019-05-26,Jonathon,Marsh,St Kilda,HBFR,1,414,3,9,5,0,3,0,83,10
2019,10.0,2019-05-26,Jacob,Weitering,Carlton,FB,2,188,4,4,1,0,3,0,78,7
2019,10.0,2019-05-26,Mitch,McGovern,Carlton,CHF,2,86,0,13,1,0,2,0,60,3
2019,10.0,2019-05-26,Jade,Gresham,St Kilda,R,7,366,1,19,4,5,9,0,72,21
2019,10.0,2019-05-26,Charlie,Curnow,Carlton,HFFL,6,490,1,6,5,0,6,0,50,9
2019,10.0,2019-05-26,Matthew,Kennedy,Carlton,RR,2,182,3,14,3,0,8,0,81,13
2019,10.0,2019-05-26,Jack,Silvagni,Carlton,INT,2,118,1,12,6,0,3,2,57,4
2019,10.0,2019-05-26,David,Cuningham,Carlton,WL,5,140,2,18,2,0,6,2,79,11
2019,10.0,2019-05-26,Sam,Petrevski-Seton,Carlton,WR,4,160,5,20,3,0,5,2,79,15
2019,10.0,2019-05-26,Nic,Newman,Carlton,BPR,4,452,5,6,5,0,5,0,75,15
2019,10.0,2019-05-26,Zac,Fisher,Carlton,R,1,151,0,25,1,1,1,1,83,10
2019,10.0,2019-05-26,Ben,Long,St Kilda,HFFL,3,232,3,16,2,0,3,2,57,8
2019,10.0,2019-05-26,Josh,Battle,St Kilda,CHB,3,319,6,6,0,0,1,0,93,14
2019,10.0,2019-05-26,Rowan,Marshall,St Kilda,RK,3,87,4,11,2,0,6,1,62,8
2019,10.0,2019-05-26,Harry,McKay,Carlton,FF,2,159,0,7,5,0,0,1,64,7
2019,10.0,2019-05-26,Paddy,Dow,Carlton,INT,4,255,2,22,5,1,4,1,71,10
2019,10.0,2019-05-26,Ed,Phillips,St Kilda,INT,2,232,2,12,4,0,2,0,67,8
2019,10.0,2019-05-26,Michael,Gibbons,Carlton,FPL,3,120,1,22,3,0,0,1,83,10
2019,10.0,2019-05-26,Sam,Walsh,Carlton,INT,3,279,3,27,4,1,9,0,79,23
2019,10.0,2019-05-26,Matthew,Parker,St Kilda,FPR,7,306,0,12,4,0,0,1,54,7
2019,10.0,2019-05-26,Callum,Wilkie,St Kilda,HBFL,2,299,7,9,3,0,4,0,95,18
2019,10.0,2019-05-26,Liam,Stocker,Carlton,INT,0,154,3,9,2,0,3,0,92,11
2019,10.0,2019-05-26,Robbie,Young,St Kilda,HFFR,1,68,3,10,2,0,2,0,60,3
2019,10.0,2019-05-26,Luke,Hodge,Brisbane Lions,BPL,0,366,1,7,1,0,1,0,92,11
2019,10.0,2019-05-26,David,Mundy,Fremantle,R,7,201,1,17,2,3,6,0,78,18
2019,10.0,2019-05-26,Stefan,Martin,Brisbane Lions,INT,1,65,1,5,1,0,3,1,67,8
2019,10.0,2019-05-26,Mitch,Robinson,Brisbane Lions,WL,3,253,1,21,4,0,2,2,75,12
2019,10.0,2019-05-26,Daniel,Rich,Brisbane Lions,BPR,1,514,4,10,7,0,6,0,82,18
2019,10.0,2019-05-26,Michael,Walters,Fremantle,FPL,9,545,0,13,7,0,4,4,60,15
2019,10.0,2019-05-26,Nat,Fyfe,Fremantle,C,5,398,2,25,3,1,7,1,62,16
2019,10.0,2019-05-26,Reece,Conca,Fremantle,INT,1,63,2,10,2,0,6,0,79,11
2019,10.0,2019-05-26,Ryan,Lester,Brisbane Lions,HBFR,6,286,3,23,2,1,1,2,75,9
2019,10.0,2019-05-26,Brandon,Matera,Fremantle,FPR,6,218,0,4,5,0,3,0,64,7
2019,10.0,2019-05-26,Nathan,Wilson,Fremantle,CHB,4,758,7,5,7,0,6,0,70,21
2019,10.0,2019-05-26,Lachie,Neale,Brisbane Lions,C,1,67,3,13,3,5,9,0,85,22
2019,10.0,2019-05-26,Bradley,Hill,Fremantle,WR,8,757,2,15,4,1,1,1,81,25
2019,10.0,2019-05-26,Jarryd,Lyons,Brisbane Lions,INT,4,263,5,21,2,3,10,2,89,16
2019,10.0,2019-05-26,Dayne,Zorko,Brisbane Lions,RR,6,586,3,21,4,3,6,2,71,15
2019,10.0,2019-05-26,Lincoln,McCarthy,Brisbane Lions,HFFR,3,197,2,15,3,0,2,1,70,7
2019,10.0,2019-05-26,Josh,Walker,Brisbane Lions,FPR,0,152,7,5,3,0,3,0,80,12
2019,10.0,2019-05-26,Lewis,Taylor,Brisbane Lions,R,3,166,5,11,2,1,6,0,64,9
2019,10.0,2019-05-26,Darcy,Gardiner,Brisbane Lions,CHB,1,171,4,14,2,0,0,0,83,10
2019,10.0,2019-05-26,Charlie,Cameron,Brisbane Lions,FPL,7,208,1,15,2,0,2,1,75,9
2019,10.0,2019-05-26,Rory,Lobb,Fremantle,RK,4,159,7,10,3,0,1,0,60,6
2019,10.0,2019-05-26,Daniel,McStay,Brisbane Lions,FF,4,195,2,12,3,0,3,1,70,7
2019,10.0,2019-05-26,Jesse,Hogan,Fremantle,FF,3,-12,1,7,3,0,4,2,50,4
2019,10.0,2019-05-26,Harris,Andrews,Brisbane Lions,FB,1,198,11,8,2,0,2,0,93,14
2019,10.0,2019-05-26,Alex,Pearce,Fremantle,FB,3,125,4,12,0,0,3,0,86,12
2019,10.0,2019-05-26,Joel,Hamling,Fremantle,BPL,1,32,8,4,1,0,4,0,80,8
2019,10.0,2019-05-26,Ed,Langdon,Fremantle,INT,6,362,4,11,4,0,4,0,60,15
2019,10.0,2019-05-26,Connor,Blakely,Fremantle,HFFR,2,256,1,11,4,0,1,0,80,12
2019,10.0,2019-05-26,Ethan,Hughes,Fremantle,INT,2,47,3,5,3,0,5,0,85,11
2019,10.0,2019-05-26,Darcy,Tucker,Fremantle,RR,7,152,2,9,4,0,4,1,73,11
2019,10.0,2019-05-26,Eric,Hipwood,Brisbane Lions,CHF,3,207,1,11,5,0,3,1,29,2
2019,10.0,2019-05-26,Hugh,McCluggage,Brisbane Lions,WR,5,430,1,16,6,0,6,0,65,17
2019,10.0,2019-05-26,Luke,Ryan,Fremantle,BPR,6,438,16,9,6,0,10,0,81,26
2019,10.0,2019-05-26,Brennan,Cox,Fremantle,CHF,5,63,1,8,2,0,1,1,63,5
2019,10.0,2019-05-26,Alex,Witherden,Brisbane Lions,HBFL,1,285,3,11,6,0,2,0,87,13
2019,10.0,2019-05-26,Cam,Rayner,Brisbane Lions,HFFL,5,285,4,14,4,0,6,0,60,9
2019,10.0,2019-05-26,Andrew,Brayshaw,Fremantle,HFFL,5,207,2,17,3,0,7,0,73,11
2019,10.0,2019-05-26,Adam,Cerra,Fremantle,INT,6,203,0,18,2,0,3,1,55,6
2019,10.0,2019-05-26,Taylin,Duman,Fremantle,HBFL,5,238,6,9,2,0,2,0,69,11
2019,10.0,2019-05-26,Oscar,McInerney,Brisbane Lions,RK,3,18,1,8,0,0,3,0,100,6
2019,10.0,2019-05-26,Sam,Switkowski,Fremantle,WL,3,246,0,12,3,0,0,1,85,11
2019,10.0,2019-05-26,Noah,Answerth,Brisbane Lions,INT,1,165,4,11,1,0,1,0,92,12
2019,10.0,2019-05-26,Mitchell,Hinge,Brisbane Lions,INT,1,314,4,18,6,0,2,1,71,10
2019,10.0,2019-05-26,Brett,Bewley,Fremantle,HBFR,4,188,0,14,1,0,2,0,91,10
2019,11.0,2019-05-31,Shaun,Higgins,North Melbourne,R,10,426,0,19,3,1,7,0,83,25
2019,11.0,2019-05-31,Shane,Edwards,Richmond,CHB,4,227,5,17,1,1,8,0,94,15
2019,11.0,2019-05-31,Bachar,Houli,Richmond,HBFR,6,571,7,15,8,0,9,1,71,27
2019,11.0,2019-05-31,Scott,Thompson,North Melbourne,FB,2,160,4,5,1,0,2,0,90,9
2019,11.0,2019-05-31,Trent,Cotchin,Richmond,RR,3,368,2,20,6,2,4,0,57,13
2019,11.0,2019-05-31,Todd,Goldstein,North Melbourne,RK,4,106,2,20,2,2,4,0,82,9
2019,11.0,2019-05-31,Jack,Ziebell,North Melbourne,HFFL,5,473,4,24,7,3,5,0,54,14
2019,11.0,2019-05-31,Dustin,Martin,Richmond,FPL,6,274,0,15,4,3,5,1,62,13
2019,11.0,2019-05-31,David,Astbury,Richmond,FB,1,283,1,3,4,0,2,0,75,9
2019,11.0,2019-05-31,Ben,Cunnington,North Melbourne,RR,5,134,2,21,1,4,11,2,87,27
2019,11.0,2019-05-31,Robbie,Tarrant,North Melbourne,CHB,1,260,8,5,3,0,4,0,92,12
2019,11.0,2019-05-31,Jamie,Macmillan,North Melbourne,HBFR,0,117,3,1,0,0,2,0,75,6
2019,11.0,2019-05-31,Dylan,Grimes,Richmond,BPR,1,88,6,9,0,0,2,0,63,5
2019,11.0,2019-05-31,Jasper,Pittard,North Melbourne,INT,1,261,6,6,2,0,1,0,82,9
2019,11.0,2019-05-31,Shaun,Atley,North Melbourne,HBFL,4,263,2,6,4,0,3,0,91,21
2019,11.0,2019-05-31,Dion,Prestia,Richmond,C,1,418,1,27,7,2,8,1,61,14
2019,11.0,2019-05-31,Jared,Polec,North Melbourne,WR,5,390,4,11,3,0,8,1,73,19
2019,11.0,2019-05-31,Tom,Lynch,Richmond,FF,3,173,0,7,2,0,1,1,60,3
2019,11.0,2019-05-31,Josh,Caddy,Richmond,INT,5,203,2,13,4,0,4,0,68,15
2019,11.0,2019-05-31,Brandon,Ellis,Richmond,WL,0,338,0,19,2,2,4,0,91,19
2019,11.0,2019-05-31,Marley,Williams,North Melbourne,BPL,1,303,5,10,2,0,3,0,53,8
2019,11.0,2019-05-31,Jed,Anderson,North Melbourne,C,3,270,3,22,3,1,8,1,70,14
2019,11.0,2019-05-31,Nick,Vlastuin,Richmond,R,0,184,3,12,3,2,5,0,60,9
2019,11.0,2019-05-31,Luke,McDonald,North Melbourne,BPR,1,309,2,10,1,0,1,0,83,10
2019,11.0,2019-05-31,Ben,Brown,North Melbourne,FF,9,413,1,6,2,0,3,0,86,12
2019,11.0,2019-05-31,Kayne,Turner,North Melbourne,HFFR,0,71,3,9,1,0,3,0,100,8
2019,11.0,2019-05-31,Mason,Wood,North Melbourne,CHF,7,333,2,10,6,0,1,2,67,8
2019,11.0,2019-05-31,Kamdyn,McIntosh,Richmond,WR,4,202,2,11,0,1,2,0,57,8
2019,11.0,2019-05-31,Trent,Dumont,North Melbourne,WL,1,348,5,27,5,0,4,0,71,15
2019,11.0,2019-05-31,Jason,Castagna,Richmond,CHF,6,327,2,16,5,0,5,0,69,9
2019,11.0,2019-05-31,Nathan,Broad,Richmond,HBFL,2,124,3,4,3,0,2,0,100,8
2019,11.0,2019-05-31,Dan,Butler,Richmond,HFFR,3,144,1,15,2,0,2,0,83,5
2019,11.0,2019-05-31,Jy,Simpkin,North Melbourne,INT,4,204,3,16,6,0,12,0,60,12
2019,11.0,2019-05-31,Ivan,Soldo,Richmond,RK,1,13,2,15,1,1,1,0,100,4
2019,11.0,2019-05-31,Shai,Bolton,Richmond,INT,3,231,1,15,2,0,3,1,80,8
2019,11.0,2019-05-31,Cameron,Zurhaar,North Melbourne,INT,7,293,3,23,0,1,3,1,82,9
2019,11.0,2019-05-31,Nick,Larkey,North Melbourne,FPL,2,134,1,12,2,0,1,0,67,4
2019,11.0,2019-05-31,Luke,Davies-Uniacke,North Melbourne,INT,5,196,1,9,0,0,6,0,76,16
2019,11.0,2019-05-31,Jack,Higgins,Richmond,HFFL,3,211,1,18,2,0,5,2,64,7
2019,11.0,2019-05-31,Ryan,Garthwaite,Richmond,BPL,0,53,2,6,1,0,2,0,100,4
2019,11.0,2019-05-31,Liam,Baker,Richmond,INT,3,284,3,31,3,1,2,1,65,11
2019,11.0,2019-05-31,Noah,Balta,Richmond,FPR,2,142,4,16,5,0,4,0,36,4
2019,11.0,2019-05-31,Tarryn,Thomas,North Melbourne,FPR,2,122,2,7,3,0,3,0,100,7
2019,11.0,2019-05-31,Sydney,Stack,Richmond,INT,4,205,9,10,2,0,8,0,71,17
2019,11.0,2019-06-01,David,Mundy,Fremantle,R,1,277,0,12,6,2,8,1,37,7
2019,11.0,2019-06-01,Scott,Pendlebury,Collingwood,C,9,504,5,19,5,2,9,2,62,18
2019,11.0,2019-06-01,Travis,Varcoe,Collingwood,INT,3,163,1,13,5,0,1,0,64,9
2019,11.0,2019-06-01,Ben,Reid,Collingwood,CHF,3,240,3,6,2,0,4,1,50,5
2019,11.0,2019-06-01,Chris,Mayne,Collingwood,WR,5,153,5,15,3,1,4,0,61,14
2019,11.0,2019-06-01,Dayne,Beams,Collingwood,WL,4,412,0,11,6,2,0,0,67,10
2019,11.0,2019-06-01,Levi,Greenwood,Collingwood,BPR,2,336,5,11,3,0,4,0,88,15
2019,11.0,2019-06-01,Steele,Sidebottom,Collingwood,RR,3,293,5,25,6,0,4,1,70,14
2019,11.0,2019-06-01,Michael,Walters,Fremantle,INT,8,397,2,16,1,1,7,0,79,19
2019,11.0,2019-06-01,Jordan,Roughead,Collingwood,FB,0,136,5,7,1,0,0,0,94,16
2019,11.0,2019-06-01,Nat,Fyfe,Fremantle,C,7,568,8,19,3,2,12,1,69,22
2019,11.0,2019-06-01,Reece,Conca,Fremantle,FPL,6,530,3,15,6,2,5,0,63,15
2019,11.0,2019-06-01,Brandon,Matera,Fremantle,FPR,9,330,0,6,1,0,4,0,57,8
2019,11.0,2019-06-01,Jeremy,Howe,Collingwood,HBFR,3,323,6,3,2,0,1,0,91,19
2019,11.0,2019-06-01,Will,Hoskin-Elliott,Collingwood,HFFR,5,392,3,10,3,0,3,0,82,14
2019,11.0,2019-06-01,Nathan,Wilson,Fremantle,CHB,4,722,10,2,7,0,8,0,62,16
2019,11.0,2019-06-01,Adam,Treloar,Collingwood,R,3,146,4,15,2,0,8,1,70,16
2019,11.0,2019-06-01,Bradley,Hill,Fremantle,WL,7,470,4,8,4,1,7,0,76,22
2019,11.0,2019-06-01,Jack,Crisp,Collingwood,HBFL,2,309,6,18,9,1,12,0,52,14
2019,11.0,2019-06-01,Josh,Thomas,Collingwood,HFFL,6,173,1,11,1,0,4,0,83,10
2019,11.0,2019-06-01,Brodie,Grundy,Collingwood,RK,4,189,2,12,3,2,9,0,71,15
2019,11.0,2019-06-01,James,Aish,Collingwood,INT,3,353,5,7,1,2,8,0,75,12
2019,11.0,2019-06-01,Rory,Lobb,Fremantle,RK,4,230,4,13,2,3,10,0,47,9
2019,11.0,2019-06-01,Jesse,Hogan,Fremantle,FF,8,135,2,5,4,0,6,0,82,14
2019,11.0,2019-06-01,Jordan,De Goey,Collingwood,FPR,6,229,0,8,6,1,5,1,75,12
2019,11.0,2019-06-01,Alex,Pearce,Fremantle,FB,1,96,1,3,1,0,0,0,29,2
2019,11.0,2019-06-01,Joel,Hamling,Fremantle,BPL,1,9,4,7,0,0,2,0,100,7
2019,11.0,2019-06-01,Brayden,Maynard,Collingwood,BPL,6,403,5,5,3,0,4,0,88,21
2019,11.0,2019-06-01,Darcy,Moore,Collingwood,CHB,1,90,4,11,1,0,2,0,78,7
2019,11.0,2019-06-01,Ed,Langdon,Fremantle,WR,6,282,4,13,6,1,7,0,61,14
2019,11.0,2019-06-01,Connor,Blakely,Fremantle,HBFL,3,251,7,10,5,0,6,0,67,18
2019,11.0,2019-06-01,Ethan,Hughes,Fremantle,INT,5,85,5,5,2,0,4,0,91,10
2019,11.0,2019-06-01,Darcy,Tucker,Fremantle,RR,7,329,4,9,4,0,8,0,83,15
2019,11.0,2019-06-01,Tom,Phillips,Collingwood,INT,3,222,2,15,2,0,2,0,88,14
2019,11.0,2019-06-01,Luke,Ryan,Fremantle,BPR,4,239,7,9,3,0,5,0,84,16
2019,11.0,2019-06-01,Brennan,Cox,Fremantle,CHF,3,28,0,12,1,0,1,1,71,5
2019,11.0,2019-06-01,Callum L.,Brown,Collingwood,INT,3,205,2,18,3,0,4,0,50,7
2019,11.0,2019-06-01,Andrew,Brayshaw,Fremantle,HFFR,6,286,0,22,4,0,7,0,67,14
2019,11.0,2019-06-01,Jaidyn,Stephenson,Collingwood,FPL,5,155,1,11,4,0,3,2,75,9
2019,11.0,2019-06-01,Adam,Cerra,Fremantle,INT,3,5,3,10,1,0,4,0,75,9
2019,11.0,2019-06-01,Taylin,Duman,Fremantle,HBFR,4,244,4,19,6,0,4,0,69,11
2019,11.0,2019-06-01,Brody,Mihocek,Collingwood,FF,6,239,1,7,5,0,3,1,50,9
2019,11.0,2019-06-01,Sam,Switkowski,Fremantle,HFFL,1,65,1,22,0,0,3,0,100,8
2019,11.0,2019-06-01,Brett,Bewley,Fremantle,INT,5,223,3,12,4,0,4,0,71,10
2019,11.0,2019-06-01,Brett,Deledio,Greater Western Sydney,HFFR,10,156,2,9,0,0,7,2,84,16
2019,11.0,2019-06-01,Heath,Shaw,Greater Western Sydney,HBFL,1,318,7,1,3,0,5,0,81,17
2019,11.0,2019-06-01,Shane,Mumford,Greater Western Sydney,RK,7,17,1,13,0,1,3,0,67,4
2019,11.0,2019-06-01,Sam J.,Reid,Greater Western Sydney,FPR,2,120,7,5,1,0,3,0,88,15
2019,11.0,2019-06-01,Matt,de Boer,Greater Western Sydney,WL,9,242,1,18,0,2,5,5,83,15
2019,11.0,2019-06-01,Phil,Davis,Greater Western Sydney,BPR,5,145,9,4,1,0,1,0,83,15
2019,11.0,2019-06-01,David,Swallow,Gold Coast,RR,2,279,2,18,6,1,6,0,55,11
2019,11.0,2019-06-01,Lachlan,Keeffe,Greater Western Sydney,CHB,3,175,4,5,3,0,2,0,85,11
2019,11.0,2019-06-01,Jeremy,Cameron,Greater Western Sydney,CHF,10,443,1,6,5,0,2,0,70,14
2019,11.0,2019-06-01,Stephen,Coniglio,Greater Western Sydney,RR,15,564,1,12,3,2,8,2,83,30
2019,11.0,2019-06-01,Toby,Greene,Greater Western Sydney,FPL,4,138,1,7,2,0,7,0,58,7
2019,11.0,2019-06-01,Jack,Hombsch,Gold Coast,CHB,0,86,2,10,1,0,0,0,40,2
2019,11.0,2019-06-01,Adam,Kennedy,Greater Western Sydney,INT,6,196,2,8,0,1,3,0,94,17
2019,11.0,2019-06-01,Adam,Tomlinson,Greater Western Sydney,INT,5,192,1,10,1,2,3,2,93,13
2019,11.0,2019-06-01,George,Horlin-Smith,Gold Coast,INT,2,138,0,17,1,0,2,1,63,5
2019,11.0,2019-06-01,Anthony,Miles,Gold Coast,INT,3,235,3,14,4,2,8,1,52,11
2019,11.0,2019-06-01,Alex,Sexton,Gold Coast,FF,1,113,0,15,2,0,1,0,60,3
2019,11.0,2019-06-01,Nick,Haynes,Greater Western Sydney,FB,3,237,7,3,3,0,2,0,77,10
2019,11.0,2019-06-01,Jordan,Murdoch,Gold Coast,INT,2,155,6,16,3,0,4,0,67,8
2019,11.0,2019-06-01,Lachie,Whitfield,Greater Western Sydney,HBFR,3,240,3,13,4,0,2,2,71,12
2019,11.0,2019-06-01,Jarrod,Witts,Gold Coast,RK,1,263,2,8,5,1,4,0,60,9
2019,11.0,2019-06-01,Jack,Martin,Gold Coast,C,4,313,2,20,5,3,5,0,40,6
2019,11.0,2019-06-01,Josh,Kelly,Greater Western Sydney,C,15,536,4,11,3,4,8,0,78,28
2019,11.0,2019-06-01,Nick,Holman,Gold Coast,FPR,3,140,2,14,4,1,1,0,62,8
2019,11.0,2019-06-01,Peter,Wright,Gold Coast,CHF,2,344,1,13,2,0,3,1,67,10
2019,11.0,2019-06-01,Lachie,Weller,Gold Coast,HBFR,3,580,2,18,5,0,4,0,59,13
2019,11.0,2019-06-01,Darcy,Macpherson,Gold Coast,FPL,2,330,2,20,3,2,5,1,57,13
2019,11.0,2019-06-01,Jacob,Hopper,Greater Western Sydney,INT,6,427,2,15,2,1,8,2,68,21
2019,11.0,2019-06-01,Jesse,Joyce,Gold Coast,HBFL,2,306,7,13,2,0,6,1,67,10
2019,11.0,2019-06-01,Harry,Himmelberg,Greater Western Sydney,FF,5,135,0,5,2,0,0,1,67,6
2019,11.0,2019-06-01,Josh,Schoenfeld,Gold Coast,INT,1,87,3,3,4,0,7,0,70,7
2019,11.0,2019-06-01,Brayden,Fiorini,Gold Coast,WL,1,443,2,18,7,0,5,0,62,13
2019,11.0,2019-06-01,Jack,Bowes,Gold Coast,R,1,47,1,3,0,0,1,0,67,2
2019,11.0,2019-06-01,Tim,Taranto,Greater Western Sydney,R,11,434,2,19,5,1,6,1,54,13
2019,11.0,2019-06-01,Harry,Perryman,Greater Western Sydney,HFFL,4,367,1,13,3,0,4,2,75,12
2019,11.0,2019-06-01,Jeremy,Finlayson,Greater Western Sydney,WR,11,433,1,8,4,0,4,1,70,16
2019,11.0,2019-06-01,Charlie,Ballard,Gold Coast,BPR,0,185,2,11,0,0,0,0,100,5
2019,11.0,2019-06-01,Isaac,Cumming,Greater Western Sydney,BPL,5,146,4,12,2,0,3,0,87,13
2019,11.0,2019-06-01,Wil,Powell,Gold Coast,WR,2,141,1,14,0,0,2,0,100,11
2019,11.0,2019-06-01,Brent,Daniels,Greater Western Sydney,INT,9,259,1,10,2,0,5,1,55,11
2019,11.0,2019-06-01,Chris,Burgess,Gold Coast,FB,1,-12,3,8,0,0,1,0,100,4
2019,11.0,2019-06-01,Jack,Lukosius,Gold Coast,HFFL,0,73,2,16,2,0,2,0,50,3
2019,11.0,2019-06-01,Josh,Corbett,Gold Coast,HFFR,2,57,4,5,2,0,2,0,88,7
2019,11.0,2019-06-01,Ben,King,Gold Coast,BPL,2,173,0,5,4,0,1,0,50,4
2019,11.0,2019-06-01,Jarrad,McVeigh,Sydney,HBFL,3,56,2,14,0,0,1,0,92,12
2019,11.0,2019-06-01,Lance,Franklin,Sydney,FF,4,169,1,15,5,0,4,2,42,5
2019,11.0,2019-06-01,Joel,Selwood,Geelong,R,2,211,4,13,3,0,4,1,71,12
2019,11.0,2019-06-01,Tom,Hawkins,Geelong,HFFR,6,246,1,11,3,0,3,1,71,10
2019,11.0,2019-06-01,Harry,Taylor,Geelong,CHB,0,113,5,12,4,0,4,0,85,11
2019,11.0,2019-06-01,Patrick,Dangerfield,Geelong,WL,10,403,2,7,4,3,13,0,66,19
2019,11.0,2019-06-01,Mitch,Duncan,Geelong,WR,7,323,5,13,5,0,5,0,73,16
2019,11.0,2019-06-01,Gary,Rohan,Geelong,HFFL,1,30,0,10,1,0,2,0,100,4
2019,11.0,2019-06-01,Daniel,Menzel,Sydney,INT,2,88,1,11,1,0,3,0,57,4
2019,11.0,2019-06-01,Sam,Reid,Sydney,CHF,5,268,4,13,3,0,3,0,69,11
2019,11.0,2019-06-01,Cameron,Guthrie,Geelong,RR,2,200,2,19,2,1,4,0,82,14
2019,11.0,2019-06-01,Zac,Smith,Geelong,RK,2,168,4,10,5,1,3,0,64,7
2019,11.0,2019-06-01,Luke,Parker,Sydney,RR,8,448,5,24,5,3,7,1,68,19
2019,11.0,2019-06-01,Zach,Tuohy,Geelong,FB,1,436,8,9,6,0,6,0,55,11
2019,11.0,2019-06-01,Luke,Dahlhaus,Geelong,FF,7,223,3,21,4,1,11,0,65,15
2019,11.0,2019-06-01,Dane,Rampe,Sydney,FB,4,655,10,11,5,0,7,0,84,21
2019,11.0,2019-06-01,Mark,Blicavs,Geelong,HBFL,0,208,4,9,2,0,2,0,94,15
2019,11.0,2019-06-01,Callum,Sinclair,Sydney,RK,8,85,1,9,2,4,8,0,83,10
2019,11.0,2019-06-01,Jake,Lloyd,Sydney,HBFR,8,428,3,15,5,0,1,0,88,30
2019,11.0,2019-06-01,Isaac,Heeney,Sydney,WL,8,363,3,13,2,0,6,0,72,13
2019,11.0,2019-06-01,Jake,Kolodjashnij,Geelong,BPL,0,248,2,5,3,0,1,0,64,7
2019,11.0,2019-06-01,George,Hewett,Sydney,C,3,194,6,18,8,1,9,0,69,20
2019,11.0,2019-06-01,Callum,Mills,Sydney,BPR,1,373,5,11,4,0,1,0,80,12
2019,11.0,2019-06-01,Tom,Papley,Sydney,HFFL,7,236,1,13,2,0,3,1,59,10
2019,11.0,2019-06-01,Aliir,Aliir,Sydney,CHB,2,237,9,12,4,0,4,0,65,13
2019,11.0,2019-06-01,Ryan,Clarke,Sydney,R,1,149,1,12,2,0,1,1,38,3
2019,11.0,2019-06-01,Oliver,Florent,Sydney,HFFR,5,360,4,14,3,0,9,0,59,13
2019,11.0,2019-06-01,Brandan,Parfitt,Geelong,INT,5,348,6,25,5,1,10,2,52,12
2019,11.0,2019-06-01,Tom,Stewart,Geelong,BPR,1,579,5,8,3,0,5,0,83,19
2019,11.0,2019-06-01,Robbie,Fox,Sydney,INT,3,159,3,25,3,0,2,0,91,10
2019,11.0,2019-06-01,Will,Hayward,Sydney,FPR,5,266,3,23,2,0,2,0,77,10
2019,11.0,2019-06-01,Jordan,Dawson,Sydney,INT,5,338,3,14,4,0,2,0,78,14
2019,11.0,2019-06-01,James,Parsons,Geelong,INT,2,354,1,7,4,2,2,0,60,9
2019,11.0,2019-06-01,Lewis,Melican,Sydney,BPL,2,190,4,10,2,0,5,0,62,8
2019,11.0,2019-06-01,Mark,O'Connor,Geelong,HBFR,2,212,5,8,4,0,4,0,75,15
2019,11.0,2019-06-01,Tim,Kelly,Geelong,C,5,488,5,27,9,1,8,0,60,15
2019,11.0,2019-06-01,Esava,Ratugolea,Geelong,CHF,5,142,2,8,3,2,7,2,88,14
2019,11.0,2019-06-01,Jack,Henry,Geelong,INT,0,255,4,4,3,0,5,0,70,7
2019,11.0,2019-06-01,Tom,McCartin,Sydney,FPL,4,181,1,10,2,0,3,1,62,8
2019,11.0,2019-06-01,Colin,O'Riordan,Sydney,WR,4,168,9,15,4,0,3,0,75,15
2019,11.0,2019-06-01,Tom,Atkins,Geelong,FPL,4,90,0,22,0,1,9,2,86,12
2019,11.0,2019-06-01,Jordan,Clark,Geelong,FPR,5,548,2,3,5,1,3,0,55,11
2019,11.0,2019-06-01,Gryan,Miers,Geelong,INT,2,127,1,17,2,0,3,2,64,7
2019,11.0,2019-06-01,Nick,Blakey,Sydney,INT,3,269,1,9,3,0,3,0,71,5
2019,11.0,2019-06-01,Shaun,Burgoyne,Hawthorn,BPR,2,274,4,11,5,1,7,0,86,18
2019,11.0,2019-06-01,Luke,Hodge,Brisbane Lions,BPL,0,242,8,9,2,0,4,0,75,15
2019,11.0,2019-06-01,James,Frawley,Hawthorn,FB,0,63,3,4,0,0,1,0,100,6
2019,11.0,2019-06-01,Stefan,Martin,Brisbane Lions,RK,6,119,3,10,1,0,5,0,82,9
2019,11.0,2019-06-01,Mitch,Robinson,Brisbane Lions,WL,7,503,5,17,4,0,6,0,73,16
2019,11.0,2019-06-01,Daniel,Rich,Brisbane Lions,BPR,4,280,5,4,3,0,2,0,85,17
2019,11.0,2019-06-01,Liam,Shiels,Hawthorn,C,6,313,2,23,6,0,5,0,71,12
2019,11.0,2019-06-01,Tom,Scully,Hawthorn,WL,2,283,2,18,4,0,2,0,88,15
2019,11.0,2019-06-01,Ben,Stratton,Hawthorn,HBFL,1,51,2,6,0,0,1,0,100,6
2019,11.0,2019-06-01,Ricky,Henderson,Hawthorn,WR,2,275,4,8,5,0,5,0,79,15
2019,11.0,2019-06-01,Jack,Gunston,Hawthorn,CHF,3,255,3,15,4,0,5,2,56,9
2019,11.0,2019-06-01,Paul,Puopolo,Hawthorn,HFFR,6,238,2,21,2,0,5,3,73,8
2019,11.0,2019-06-01,Isaac,Smith,Hawthorn,INT,2,442,3,16,9,1,4,1,63,12
2019,11.0,2019-06-01,Luke,Breust,Hawthorn,HFFL,3,149,0,14,1,0,2,0,60,6
2019,11.0,2019-06-01,Chad,Wingard,Hawthorn,FPL,3,224,2,10,3,1,2,1,63,5
2019,11.0,2019-06-01,Lachie,Neale,Brisbane Lions,C,4,277,4,9,3,2,9,0,87,26
2019,11.0,2019-06-01,Jarryd,Lyons,Brisbane Lions,R,5,542,4,21,6,3,11,0,67,22
2019,11.0,2019-06-01,Dayne,Zorko,Brisbane Lions,RR,5,394,5,31,2,2,4,2,67,12
2019,11.0,2019-06-01,Lincoln,McCarthy,Brisbane Lions,HFFR,4,211,0,12,4,1,4,1,33,3
2019,11.0,2019-06-01,Jaeger,O'Meara,Hawthorn,R,3,389,3,25,7,4,5,1,76,16
2019,11.0,2019-06-01,Jonathon,Ceglar,Hawthorn,FF,1,154,0,5,0,0,1,0,75,6
2019,11.0,2019-06-01,Jarman,Impey,Hawthorn,FPR,3,195,0,22,0,0,2,1,80,8
2019,11.0,2019-06-01,Tim,O'Brien,Hawthorn,BPL,1,168,9,11,4,0,5,0,62,8
2019,11.0,2019-06-01,Lewis,Taylor,Brisbane Lions,INT,6,416,1,9,2,0,7,0,79,22
2019,11.0,2019-06-01,Nick,Robertson,Brisbane Lions,HBFL,1,138,4,7,2,0,2,0,86,12
2019,11.0,2019-06-01,Darcy,Gardiner,Brisbane Lions,CHB,4,266,10,7,4,0,9,0,76,16
2019,11.0,2019-06-01,Charlie,Cameron,Brisbane Lions,FPL,4,125,1,7,1,0,0,1,83,5
2019,11.0,2019-06-01,Daniel,McStay,Brisbane Lions,FF,4,173,0,8,2,0,0,1,67,6
2019,11.0,2019-06-01,James,Sicily,Hawthorn,CHB,0,474,11,12,9,0,5,0,74,17
2019,11.0,2019-06-01,Harris,Andrews,Brisbane Lions,FB,4,180,10,7,3,0,5,0,85,17
2019,11.0,2019-06-01,Marc,Pittonet,Hawthorn,RK,2,25,3,10,2,0,6,0,64,7
2019,11.0,2019-06-01,Ben,Keays,Brisbane Lions,FPR,5,123,2,20,3,0,7,0,58,7
2019,11.0,2019-06-01,Rhys,Mathieson,Brisbane Lions,INT,4,173,2,9,2,0,5,1,67,8
2019,11.0,2019-06-01,Eric,Hipwood,Brisbane Lions,CHF,7,211,2,3,3,0,2,0,67,8
2019,11.0,2019-06-01,Blake,Hardwick,Hawthorn,HBFR,1,233,5,6,2,0,3,0,85,11
2019,11.0,2019-06-01,Archie,Smith,Brisbane Lions,INT,2,9,1,9,2,0,8,0,55,6
2019,11.0,2019-06-01,Hugh,McCluggage,Brisbane Lions,WR,5,294,1,15,7,0,4,0,57,13
2019,11.0,2019-06-01,James,Cousins,Hawthorn,INT,2,267,1,7,4,1,4,0,73,11
2019,11.0,2019-06-01,Alex,Witherden,Brisbane Lions,INT,1,202,2,2,2,0,2,0,73,11
2019,11.0,2019-06-01,Conor,Glass,Hawthorn,INT,1,0,2,12,2,0,1,0,91,10
2019,11.0,2019-06-01,Cam,Rayner,Brisbane Lions,HFFL,4,205,1,9,3,0,0,1,71,5
2019,11.0,2019-06-01,James,Worpel,Hawthorn,RR,4,549,2,12,6,1,4,0,76,19
2019,11.0,2019-06-01,Mitch,Lewis,Hawthorn,INT,3,87,1,8,1,0,2,1,75,6
2019,11.0,2019-06-01,Noah,Answerth,Brisbane Lions,HBFR,3,316,5,4,3,0,5,0,93,13
2019,11.0,2019-06-01,Eddie,Betts,Adelaide,FPR,5,241,2,13,5,0,7,2,57,8
2019,11.0,2019-06-01,Nathan,Jones,Melbourne,HFFL,9,349,8,10,5,0,7,0,79,22
2019,11.0,2019-06-01,Bryce,Gibbs,Adelaide,INT,5,357,1,21,2,2,1,0,69,9
2019,11.0,2019-06-01,David,Mackay,Adelaide,INT,2,351,1,15,2,0,1,0,88,14
2019,11.0,2019-06-01,Jeff,Garlett,Melbourne,FPL,6,219,0,25,2,0,5,2,60,6
2019,11.0,2019-06-01,Taylor,Walker,Adelaide,CHF,6,192,0,5,2,0,2,0,70,7
2019,11.0,2019-06-01,Rory,Sloane,Adelaide,R,1,215,1,14,3,2,4,0,63,5
2019,11.0,2019-06-01,Tom,Lynch,Adelaide,HFFR,10,525,1,9,5,0,6,0,69,18
2019,11.0,2019-06-01,Brodie,Smith,Adelaide,HBFL,7,725,11,6,7,0,7,0,63,17
2019,11.0,2019-06-01,Michael,Hibberd,Melbourne,BPL,7,462,5,8,6,1,3,0,91,20
2019,11.0,2019-06-01,Max,Gawn,Melbourne,RK,8,297,9,11,2,2,8,0,64,16
2019,11.0,2019-06-01,Daniel,Talia,Adelaide,FB,1,238,4,13,3,0,3,0,78,7
2019,11.0,2019-06-01,Tom,McDonald,Melbourne,CHF,7,187,1,15,1,0,8,0,69,9
2019,11.0,2019-06-01,Paul,Seedsman,Adelaide,HFFL,2,218,0,23,1,1,3,0,82,14
2019,11.0,2019-06-01,Josh,Jenkins,Adelaide,FF,8,277,0,10,5,0,4,0,44,7
2019,11.0,2019-06-01,Luke,Brown,Adelaide,BPL,4,130,2,4,1,0,2,0,92,12
2019,11.0,2019-06-01,Sam,Frost,Melbourne,FB,2,196,9,10,2,0,3,0,67,8
2019,11.0,2019-06-01,Jack,Viney,Melbourne,C,7,388,2,26,4,2,6,1,75,18
2019,11.0,2019-06-01,Brad,Crouch,Adelaide,C,9,593,2,15,4,1,9,0,55,16
2019,11.0,2019-06-01,Rory,Laird,Adelaide,HBFR,9,359,7,10,2,0,6,0,87,27
2019,11.0,2019-06-01,Jay,Kennedy Harris,Melbourne,WR,4,253,3,17,6,0,2,1,61,11
2019,11.0,2019-06-01,Cameron,Ellis-Yolmen,Adelaide,RR,9,336,2,21,3,3,7,1,72,18
2019,11.0,2019-06-01,Angus,Brayshaw,Melbourne,INT,6,610,5,19,7,2,6,1,67,16
2019,11.0,2019-06-01,Jake,Kelly,Adelaide,BPR,5,296,4,19,4,0,2,0,60,9
2019,11.0,2019-06-01,Billy,Stretch,Melbourne,WL,4,113,2,5,0,0,1,0,100,13
2019,11.0,2019-06-01,James,Harmes,Melbourne,FPR,11,381,3,21,3,2,11,2,69,20
2019,11.0,2019-06-01,Rory,Atkins,Adelaide,WR,11,343,5,21,7,0,5,0,67,18
2019,11.0,2019-06-01,Oscar,McDonald,Melbourne,CHB,2,119,3,10,2,0,3,0,73,8
2019,11.0,2019-06-01,Clayton,Oliver,Melbourne,R,13,289,3,22,1,4,12,0,85,29
2019,11.0,2019-06-01,Wayne,Milera,Adelaide,WL,3,287,3,15,3,2,5,0,96,21
2019,11.0,2019-06-01,Josh,Wagner,Melbourne,BPR,7,339,3,10,2,0,3,0,73,11
2019,11.0,2019-06-01,Jayden,Hunt,Melbourne,HBFR,7,357,2,12,3,0,3,1,69,9
2019,11.0,2019-06-01,Christian,Petracca,Melbourne,HFFR,7,410,2,13,3,0,4,0,67,12
2019,11.0,2019-06-01,Sam,Weideman,Melbourne,INT,6,112,0,10,1,0,1,0,58,7
2019,11.0,2019-06-01,Reilly,O'Brien,Adelaide,RK,2,56,3,21,4,1,3,1,71,5
2019,11.0,2019-06-01,Mitch,Hannan,Melbourne,RR,6,11,1,9,1,0,5,1,78,7
2019,11.0,2019-06-01,Tim,Smith,Melbourne,FF,7,203,2,11,1,2,8,2,67,10
2019,11.0,2019-06-01,Jordan,Gallucci,Adelaide,INT,9,378,3,24,1,0,4,1,85,11
2019,11.0,2019-06-01,Hugh,Greenwood,Adelaide,INT,3,137,5,29,3,1,9,2,85,17
2019,11.0,2019-06-01,Alex,Keath,Adelaide,CHB,2,200,9,12,2,0,7,0,93,13
2019,11.0,2019-06-01,Lachlan,Murphy,Adelaide,FPL,3,123,0,15,1,0,1,0,50,2
2019,11.0,2019-06-01,Bayley,Fritsch,Melbourne,INT,5,424,4,10,4,0,4,0,90,18
2019,11.0,2019-06-01,Charlie,Spargo,Melbourne,HBFL,6,128,1,14,2,1,2,1,70,7
2019,11.0,2019-06-01,Oskar,Baker,Melbourne,INT,1,486,2,16,8,0,3,2,57,12
2019,11.0,2019-06-02,Paddy,Ryder,Port Adelaide,FF,5,165,2,12,0,1,1,1,67,4
2019,11.0,2019-06-02,Robbie,Gray,Port Adelaide,C,9,241,2,10,7,5,8,2,71,20
2019,11.0,2019-06-02,Justin,Westhoff,Port Adelaide,CHF,5,260,4,9,2,1,5,1,83,15
2019,11.0,2019-06-02,Travis,Boak,Port Adelaide,R,11,458,2,20,3,2,7,2,79,26
2019,11.0,2019-06-02,Nathan,Brown,St Kilda,FB,0,53,4,4,2,0,3,0,71,5
2019,11.0,2019-06-02,Jarryn,Geary,St Kilda,HBFR,0,111,7,5,4,0,6,0,69,9
2019,11.0,2019-06-02,Matthew,Broadbent,Port Adelaide,WL,2,213,4,9,3,0,2,0,71,12
2019,11.0,2019-06-02,Shane,Savage,St Kilda,BPR,1,219,2,13,3,0,3,0,64,7
2019,11.0,2019-06-02,Steven,Motlop,Port Adelaide,HFFR,7,272,0,8,2,0,2,1,79,15
2019,11.0,2019-06-02,Scott,Lycett,Port Adelaide,RK,4,194,5,16,3,0,2,1,67,8
2019,11.0,2019-06-02,Tom,Jonas,Port Adelaide,HBFL,5,188,6,4,2,0,2,0,84,16
2019,11.0,2019-06-02,Jack,Newnes,St Kilda,WR,5,345,3,12,4,0,2,0,79,15
2019,11.0,2019-06-02,Josh,Bruce,St Kilda,CHF,8,235,2,14,2,0,3,1,64,9
2019,11.0,2019-06-02,Sebastian,Ross,St Kilda,C,6,483,2,12,2,3,9,0,65,15
2019,11.0,2019-06-02,Dean,Kent,St Kilda,FPL,9,278,0,10,0,0,3,0,67,8
2019,11.0,2019-06-02,Tom,Clurey,Port Adelaide,FB,1,103,3,7,1,0,2,0,100,10
2019,11.0,2019-06-02,Jack,Billings,St Kilda,HFFL,5,348,3,9,4,0,3,0,71,10
2019,11.0,2019-06-02,Luke,Dunstan,St Kilda,INT,6,169,5,19,4,1,14,0,60,15
2019,11.0,2019-06-02,Sam,Gray,Port Adelaide,FPL,6,209,3,13,3,1,4,0,65,11
2019,11.0,2019-06-02,Tim,Membrey,St Kilda,FF,7,251,0,10,2,0,7,2,81,13
2019,11.0,2019-06-02,Jack,Sinclair,St Kilda,HFFR,7,231,4,12,1,2,9,0,60,12
2019,11.0,2019-06-02,Karl,Amon,Port Adelaide,WR,9,308,6,15,5,2,7,1,79,22
2019,11.0,2019-06-02,Jack,Steele,St Kilda,RR,5,420,2,19,4,3,4,0,75,15
2019,11.0,2019-06-02,Jade,Gresham,St Kilda,R,8,433,3,16,5,4,12,0,65,13
2019,11.0,2019-06-02,Dougal,Howard,Port Adelaide,CHB,8,315,1,5,2,0,2,0,80,12
2019,11.0,2019-06-02,Darcy,Byrne-Jones,Port Adelaide,HBFR,4,195,5,9,3,0,6,0,85,22
2019,11.0,2019-06-02,Ryan,Burton,Port Adelaide,BPL,4,621,1,9,8,0,2,0,64,14
2019,11.0,2019-06-02,Riley,Bonner,Port Adelaide,INT,9,631,4,3,1,0,0,0,84,16
2019,11.0,2019-06-02,Dan,Houston,Port Adelaide,BPR,6,352,2,16,1,1,9,0,82,23
2019,11.0,2019-06-02,Sam,Powell-Pepper,Port Adelaide,RR,7,275,0,14,3,1,5,1,67,10
2019,11.0,2019-06-02,Ben,Long,St Kilda,INT,3,153,3,12,2,1,0,0,64,7
2019,11.0,2019-06-02,Josh,Battle,St Kilda,CHB,2,327,3,9,4,0,1,0,88,15
2019,11.0,2019-06-02,Rowan,Marshall,St Kilda,RK,8,298,6,9,4,3,10,1,71,17
2019,11.0,2019-06-02,Nick,Coffield,St Kilda,INT,0,154,3,9,2,0,1,0,100,10
2019,11.0,2019-06-02,Ed,Phillips,St Kilda,INT,6,209,3,10,0,1,5,0,77,10
2019,11.0,2019-06-02,Darragh,Joyce,St Kilda,BPL,3,329,4,6,4,0,3,0,67,10
2019,11.0,2019-06-02,Jarrod,Lienert,Port Adelaide,HFFL,6,675,2,6,5,0,1,0,84,26
2019,11.0,2019-06-02,Kane,Farrell,Port Adelaide,INT,3,107,1,9,1,0,3,1,71,5
2019,11.0,2019-06-02,Zak,Butters,Port Adelaide,INT,10,214,4,20,5,0,8,2,74,14
2019,11.0,2019-06-02,Xavier,Duursma,Port Adelaide,INT,10,386,3,17,4,1,5,0,87,20
2019,11.0,2019-06-02,Connor,Rozee,Port Adelaide,FPR,6,39,2,13,1,0,5,3,73,8
2019,11.0,2019-06-02,Matthew,Parker,St Kilda,FPR,9,335,0,12,5,0,3,3,50,7
2019,11.0,2019-06-02,Callum,Wilkie,St Kilda,HBFL,3,56,5,6,1,0,3,0,85,11
2019,11.0,2019-06-02,Robbie,Young,St Kilda,WL,2,85,1,10,3,0,1,0,57,4
2019,11.0,2019-06-02,Matthew,Kreuzer,Carlton,RK,4,255,3,18,5,0,9,0,50,11
2019,11.0,2019-06-02,Tom,Bellchambers,Essendon,RK,1,-6,1,5,0,0,0,1,100,2
2019,11.0,2019-06-02,Cale,Hooker,Essendon,FB,4,496,16,3,4,0,7,0,74,23
2019,11.0,2019-06-02,Michael,Hurley,Essendon,BPR,3,333,11,2,4,0,5,0,79,22
2019,11.0,2019-06-02,David,Zaharakis,Essendon,HFFL,6,545,4,12,2,0,9,0,60,15
2019,11.0,2019-06-02,Shaun,McKernan,Essendon,FF,2,225,0,4,4,0,0,0,22,2
2019,11.0,2019-06-02,Ed,Curnow,Carlton,R,3,140,4,21,3,1,8,0,71,12
2019,11.0,2019-06-02,Dyson,Heppell,Essendon,R,7,459,4,15,3,2,15,0,67,24
2019,11.0,2019-06-02,Alex,Fasolo,Carlton,INT,2,17,2,13,2,0,3,1,50,3
2019,11.0,2019-06-02,Mark,Baguley,Essendon,FPL,3,146,0,17,2,0,1,2,67,6
2019,11.0,2019-06-02,Levi,Casboult,Carlton,FB,2,52,5,8,2,0,2,1,75,6
2019,11.0,2019-06-02,Lachie,Plowman,Carlton,HBFL,1,204,6,8,0,0,4,0,73,8
2019,11.0,2019-06-02,Patrick,Ambrose,Essendon,CHB,0,74,5,3,2,0,0,0,67,4
2019,11.0,2019-06-02,Zach,Merrett,Essendon,C,5,271,4,26,4,1,4,1,55,12
2019,11.0,2019-06-02,Patrick,Cripps,Carlton,C,2,97,5,29,0,0,7,2,91,10
2019,11.0,2019-06-02,Darcy,Lang,Carlton,BPR,3,79,2,15,1,0,2,0,63,5
2019,11.0,2019-06-02,Adam,Saad,Essendon,HBFR,2,462,4,15,8,0,1,1,68,13
2019,11.0,2019-06-02,Kyle,Langford,Essendon,INT,4,300,4,16,5,0,6,0,81,13
2019,11.0,2019-06-02,Caleb,Marchbank,Carlton,BPL,0,177,10,13,2,0,7,0,67,8
2019,11.0,2019-06-02,Jayden,Laverde,Essendon,CHF,7,72,1,16,2,0,2,2,67,8
2019,11.0,2019-06-02,Conor,McKenna,Essendon,HBFL,1,315,5,8,3,2,4,0,80,20
2019,11.0,2019-06-02,Jacob,Weitering,Carlton,CHB,2,193,10,3,6,0,6,0,46,6
2019,11.0,2019-06-02,Anthony,McDonald-Tipungwuti,Essendon,WR,5,221,0,23,3,1,7,2,77,10
2019,11.0,2019-06-02,Darcy,Parish,Essendon,INT,3,429,0,14,7,1,8,1,84,26
2019,11.0,2019-06-02,Charlie,Curnow,Carlton,FF,6,253,2,12,3,0,2,1,58,7
2019,11.0,2019-06-02,Mason,Redman,Essendon,INT,3,359,4,12,2,0,2,0,83,15
2019,11.0,2019-06-02,Matthew,Kennedy,Carlton,INT,0,120,1,28,3,0,4,0,63,5
2019,11.0,2019-06-02,Jack,Silvagni,Carlton,HFFL,1,232,2,17,3,0,2,2,46,5
2019,11.0,2019-06-02,Aaron,Francis,Essendon,BPL,4,76,1,12,3,0,3,0,50,4
2019,11.0,2019-06-02,David,Cuningham,Carlton,WR,1,301,0,23,5,1,6,0,57,12
2019,11.0,2019-06-02,Sam,Petrevski-Seton,Carlton,FPL,2,331,6,16,5,0,7,0,63,10
2019,11.0,2019-06-02,Andrew,McGrath,Essendon,FPR,6,330,6,12,6,0,10,0,56,18
2019,11.0,2019-06-02,Nic,Newman,Carlton,HBFR,2,568,8,11,7,0,5,0,52,12
2019,11.0,2019-06-02,Zac,Fisher,Carlton,FPR,3,226,0,21,5,2,3,0,50,7
2019,11.0,2019-06-02,Ben,McNiece,Essendon,WL,3,168,9,10,0,0,4,0,75,12
2019,11.0,2019-06-02,Will,Setterfield,Carlton,RR,3,301,2,21,8,0,7,1,50,9
2019,11.0,2019-06-02,Harry,McKay,Carlton,CHF,3,343,2,5,3,0,2,0,55,6
2019,11.0,2019-06-02,Josh,Begley,Essendon,HFFR,2,231,0,10,7,0,3,0,40,6
2019,11.0,2019-06-02,Paddy,Dow,Carlton,INT,2,394,3,22,8,1,9,1,52,11
2019,11.0,2019-06-02,Matt,Guelfi,Essendon,INT,1,324,3,23,8,0,7,1,55,12
2019,11.0,2019-06-02,Dylan,Clarke,Essendon,RR,2,217,1,23,5,1,7,1,78,18
2019,11.0,2019-06-02,Michael,Gibbons,Carlton,WL,5,408,1,17,5,0,2,0,53,8
2019,11.0,2019-06-02,Sam,Walsh,Carlton,HFFR,3,257,5,20,5,0,8,0,71,15
2019,11.0,2019-06-02,Liam,Stocker,Carlton,INT,3,169,5,12,2,1,5,0,83,10
2019,11.0,2019-06-02,Shannon,Hurn,West Coast,BPL,2,321,5,5,3,0,1,0,94,17
2019,11.0,2019-06-02,Josh J.,Kennedy,West Coast,FF,8,224,0,7,1,0,2,0,67,6
2019,11.0,2019-06-02,Will,Schofield,West Coast,FB,1,196,4,7,1,0,0,0,100,9
2019,11.0,2019-06-02,Matthew,Suckling,Western Bulldogs,HFFL,4,480,0,9,6,0,2,0,73,16
2019,11.0,2019-06-02,Jack,Redden,West Coast,R,4,142,1,29,3,1,2,0,72,13
2019,11.0,2019-06-02,Easton,Wood,Western Bulldogs,HBFR,3,274,8,14,3,0,4,0,86,12
2019,11.0,2019-06-02,Lewis,Jetta,West Coast,HBFR,4,627,3,12,6,0,2,0,78,18
2019,11.0,2019-06-02,Luke,Shuey,West Coast,C,8,488,2,31,4,0,5,0,73,22
2019,11.0,2019-06-02,Jackson,Trengove,Western Bulldogs,FB,1,66,2,6,0,0,2,0,86,6
2019,11.0,2019-06-02,Brad,Sheppard,West Coast,WL,1,388,3,9,4,0,1,0,91,20
2019,11.0,2019-06-02,Tom,Liberatore,Western Bulldogs,C,6,281,0,23,6,3,8,1,74,20
2019,11.0,2019-06-02,Jack,Darling,West Coast,CHF,10,234,0,9,2,0,4,1,67,10
2019,11.0,2019-06-02,Andrew,Gaff,West Coast,WR,10,405,6,13,5,5,10,0,78,28
2019,11.0,2019-06-02,Jamie,Cripps,West Coast,HFFL,7,433,3,24,4,0,6,0,84,16
2019,11.0,2019-06-02,Nathan,Vardy,West Coast,RK,6,31,1,16,0,3,3,0,100,11
2019,11.0,2019-06-02,Elliot,Yeo,West Coast,RR,9,496,6,30,8,3,11,0,57,13
2019,11.0,2019-06-02,Jason,Johannisen,Western Bulldogs,BPL,7,576,6,11,2,0,4,0,91,29
2019,11.0,2019-06-02,Jack,Macrae,Western Bulldogs,R,6,258,2,11,2,1,8,0,85,22
2019,11.0,2019-06-02,Mark,Hutchings,West Coast,HBFL,4,204,4,17,1,1,3,0,95,20
2019,11.0,2019-06-02,Lachie,Hunter,Western Bulldogs,WL,4,293,3,10,2,0,3,0,86,24
2019,11.0,2019-06-02,Dom,Sheed,West Coast,INT,9,265,1,15,2,3,5,0,88,22
2019,11.0,2019-06-02,Sam,Lloyd,Western Bulldogs,HFFR,5,456,1,10,9,0,2,0,57,12
2019,11.0,2019-06-02,Marcus,Bontempelli,Western Bulldogs,FPL,7,328,3,27,3,3,4,1,56,15
2019,11.0,2019-06-02,Jeremy,McGovern,West Coast,CHB,2,219,8,9,3,0,3,0,81,13
2019,11.0,2019-06-02,Liam,Duggan,West Coast,BPR,4,493,7,5,3,0,2,0,76,16
2019,11.0,2019-06-02,Bailey,Dale,Western Bulldogs,FPR,7,252,2,7,3,0,7,0,71,15
2019,11.0,2019-06-02,Toby,McLean,Western Bulldogs,INT,3,207,2,18,2,2,4,0,94,15
2019,11.0,2019-06-02,Caleb,Daniel,Western Bulldogs,HBFL,9,501,8,18,4,0,9,0,94,32
2019,11.0,2019-06-02,Zaine,Cordy,Western Bulldogs,CHB,4,209,4,5,1,0,3,0,93,13
2019,11.0,2019-06-02,Josh,Dunkley,Western Bulldogs,RR,5,322,4,11,3,4,10,0,79,26
2019,11.0,2019-06-02,Bailey,Williams,Western Bulldogs,BPR,2,186,6,11,0,0,2,0,80,12
2019,11.0,2019-06-02,Tom,Cole,West Coast,INT,2,131,2,11,1,0,2,0,90,9
2019,11.0,2019-06-02,Tim,English,Western Bulldogs,RK,4,169,0,21,2,0,2,0,90,9
2019,11.0,2019-06-02,Patrick,Lipinski,Western Bulldogs,WR,5,194,1,23,3,2,4,0,83,19
2019,11.0,2019-06-02,Billy,Gowers,Western Bulldogs,INT,6,160,1,13,2,0,2,0,89,8
2019,11.0,2019-06-02,Aaron,Naughton,Western Bulldogs,FF,2,161,0,10,3,0,1,0,57,4
2019,11.0,2019-06-02,Liam,Ryan,West Coast,FPL,9,187,1,13,1,0,3,0,75,9
2019,11.0,2019-06-02,Jake,Waterman,West Coast,INT,7,169,2,21,0,0,4,0,96,21
2019,11.0,2019-06-02,Willie,Rioli,West Coast,FPR,9,187,1,10,1,1,2,0,88,14
2019,11.0,2019-06-02,Jack,Petruccelle,West Coast,INT,6,235,0,16,2,0,1,1,90,9
2019,11.0,2019-06-02,Oscar,Allen,West Coast,HFFR,8,283,2,25,2,0,5,0,54,7
2019,11.0,2019-06-02,Bailey,Smith,Western Bulldogs,INT,5,115,1,12,3,0,2,0,81,13
2019,11.0,2019-06-02,Lachie,Young,Western Bulldogs,INT,1,244,2,14,1,0,1,0,90,9
2019,11.0,2019-06-02,Ryan,Gardner,Western Bulldogs,CHF,3,63,1,10,2,1,2,1,78,7
2019,12.0,2019-06-07,Gary,Ablett,Geelong,FPL,9,534,1,19,5,0,8,4,75,18
2019,12.0,2019-06-07,Joel,Selwood,Geelong,R,4,188,5,15,4,1,7,0,61,11
2019,12.0,2019-06-07,Tom,Hawkins,Geelong,HFFR,8,204,1,8,5,0,5,2,69,9
2019,12.0,2019-06-07,Shane,Edwards,Richmond,CHB,2,205,4,19,1,2,3,1,72,13
2019,12.0,2019-06-07,Bachar,Houli,Richmond,HBFR,2,528,11,14,7,0,4,0,67,18
2019,12.0,2019-06-07,Harry,Taylor,Geelong,CHB,0,64,3,8,2,0,2,0,73,8
2019,12.0,2019-06-07,Trent,Cotchin,Richmond,RR,1,272,4,24,6,3,12,0,41,9
2019,12.0,2019-06-07,Patrick,Dangerfield,Geelong,WL,6,477,7,20,6,2,6,1,66,25
2019,12.0,2019-06-07,Dustin,Martin,Richmond,FPL,3,382,3,22,5,3,7,0,62,16
2019,12.0,2019-06-07,Mitch,Duncan,Geelong,WR,6,539,3,13,6,0,3,0,62,21
2019,12.0,2019-06-07,Gary,Rohan,Geelong,FF,5,138,2,13,1,0,2,1,88,7
2019,12.0,2019-06-07,Rhys,Stanley,Geelong,RK,5,131,1,15,4,0,7,0,79,11
2019,12.0,2019-06-07,Dylan,Grimes,Richmond,BPR,4,83,7,13,0,0,4,0,79,11
2019,12.0,2019-06-07,Cameron,Guthrie,Geelong,RR,4,208,2,20,1,0,7,1,70,19
2019,12.0,2019-06-07,Dion,Prestia,Richmond,C,3,466,7,21,5,2,13,1,57,17
2019,12.0,2019-06-07,Tom,Lynch,Richmond,FF,4,122,1,11,3,0,2,1,33,3
2019,12.0,2019-06-07,Zach,Tuohy,Geelong,BPL,2,318,8,15,4,0,4,0,83,15
2019,12.0,2019-06-07,Luke,Dahlhaus,Geelong,HFFL,7,156,3,17,3,0,9,1,79,19
2019,12.0,2019-06-07,Josh,Caddy,Richmond,R,3,192,2,17,2,0,10,0,53,9
2019,12.0,2019-06-07,Jacob,Townsend,Richmond,FPR,0,51,0,10,1,0,1,3,100,3
2019,12.0,2019-06-07,Mark,Blicavs,Geelong,HBFL,2,30,1,2,1,0,1,0,100,10
2019,12.0,2019-06-07,Nick,Vlastuin,Richmond,FB,1,312,6,9,5,0,2,0,80,12
2019,12.0,2019-06-07,Kamdyn,McIntosh,Richmond,WR,1,327,4,20,3,0,7,1,75,12
2019,12.0,2019-06-07,Jake,Kolodjashnij,Geelong,FB,2,95,2,12,1,0,1,0,85,11
2019,12.0,2019-06-07,Daniel,Rioli,Richmond,HFFL,1,129,1,12,1,0,2,0,85,11
2019,12.0,2019-06-07,Jason,Castagna,Richmond,CHF,4,170,1,16,5,0,1,0,55,6
2019,12.0,2019-06-07,Dan,Butler,Richmond,HFFR,1,216,1,31,2,0,1,3,43,3
2019,12.0,2019-06-07,Brandan,Parfitt,Geelong,INT,6,206,1,21,1,2,11,0,68,13
2019,12.0,2019-06-07,Tom,Stewart,Geelong,HBFR,1,544,9,6,6,0,5,0,70,19
2019,12.0,2019-06-07,Ivan,Soldo,Richmond,RK,3,33,2,26,0,0,5,2,71,5
2019,12.0,2019-06-07,Mark,O'Connor,Geelong,BPR,0,122,7,18,1,0,5,0,94,15
2019,12.0,2019-06-07,Jack,Graham,Richmond,INT,2,98,1,27,2,0,2,1,73,8
2019,12.0,2019-06-07,Tim,Kelly,Geelong,C,7,438,3,15,5,3,10,1,59,19
2019,12.0,2019-06-07,Esava,Ratugolea,Geelong,CHF,4,109,1,3,1,1,2,0,88,7
2019,12.0,2019-06-07,Jack,Henry,Geelong,INT,0,225,3,7,3,0,3,0,46,5
2019,12.0,2019-06-07,Jack,Higgins,Richmond,INT,2,81,3,15,4,0,7,1,64,9
2019,12.0,2019-06-07,Ryan,Garthwaite,Richmond,BPL,0,91,2,12,1,0,2,0,89,8
2019,12.0,2019-06-07,Liam,Baker,Richmond,WL,2,213,3,14,3,0,3,3,46,6
2019,12.0,2019-06-07,Noah,Balta,Richmond,HBFL,1,216,3,8,3,0,0,0,71,5
2019,12.0,2019-06-07,Tom,Atkins,Geelong,FPR,4,139,5,25,4,0,5,0,56,9
2019,12.0,2019-06-07,Jordan,Clark,Geelong,INT,4,431,2,15,6,0,3,0,42,5
2019,12.0,2019-06-07,Gryan,Miers,Geelong,INT,5,339,1,12,4,1,7,0,62,13
2019,12.0,2019-06-07,Sydney,Stack,Richmond,INT,0,122,5,15,2,0,6,0,75,9
2019,12.0,2019-06-07,Patrick,Naish,Richmond,INT,3,506,2,13,8,0,2,0,60,12
2019,12.0,2019-06-08,Luke,Hodge,Brisbane Lions,BPL,1,341,5,11,2,0,1,0,94,15
2019,12.0,2019-06-08,Kade,Simpson,Carlton,HBFR,4,297,3,6,2,0,0,0,69,11
2019,12.0,2019-06-08,Dale,Thomas,Carlton,INT,1,169,3,10,1,0,2,0,88,14
2019,12.0,2019-06-08,Matthew,Kreuzer,Carlton,RK,6,78,3,9,1,1,4,0,63,5
2019,12.0,2019-06-08,Stefan,Martin,Brisbane Lions,RK,4,255,2,4,4,1,5,1,64,7
2019,12.0,2019-06-08,Mitch,Robinson,Brisbane Lions,WR,1,234,3,19,3,0,1,0,81,13
2019,12.0,2019-06-08,Daniel,Rich,Brisbane Lions,BPR,4,563,8,11,4,0,5,0,86,19
2019,12.0,2019-06-08,Ed,Curnow,Carlton,FPR,7,412,4,13,5,4,9,0,70,21
2019,12.0,2019-06-08,Lachie,Neale,Brisbane Lions,C,6,334,2,26,3,2,9,0,74,23
2019,12.0,2019-06-08,Jarryd,Lyons,Brisbane Lions,R,1,306,1,30,5,2,5,1,47,7
2019,12.0,2019-06-08,Dayne,Zorko,Brisbane Lions,RR,5,230,1,33,2,1,6,3,64,9
2019,12.0,2019-06-08,Lincoln,McCarthy,Brisbane Lions,HFFR,2,112,1,11,0,0,5,1,86,6
2019,12.0,2019-06-08,Levi,Casboult,Carlton,CHB,1,45,6,14,1,0,1,0,83,10
2019,12.0,2019-06-08,Lachie,Plowman,Carlton,BPR,0,320,6,5,3,0,1,0,71,10
2019,12.0,2019-06-08,Lewis,Taylor,Brisbane Lions,FPR,1,165,3,16,3,0,3,1,73,11
2019,12.0,2019-06-08,Patrick,Cripps,Carlton,C,9,460,3,19,5,3,7,1,82,31
2019,12.0,2019-06-08,Nick,Robertson,Brisbane Lions,HBFL,3,120,6,13,2,0,5,0,85,11
2019,12.0,2019-06-08,Darcy,Gardiner,Brisbane Lions,CHB,1,217,7,5,2,0,4,0,67,8
2019,12.0,2019-06-08,Charlie,Cameron,Brisbane Lions,FPL,4,270,2,6,0,0,2,1,70,7
2019,12.0,2019-06-08,Daniel,McStay,Brisbane Lions,FF,7,102,1,9,1,0,5,0,82,9
2019,12.0,2019-06-08,Harris,Andrews,Brisbane Lions,FB,0,134,6,8,1,0,1,0,89,8
2019,12.0,2019-06-08,Caleb,Marchbank,Carlton,HBFL,2,229,6,7,2,0,1,0,75,9
2019,12.0,2019-06-08,Jacob,Weitering,Carlton,FB,0,197,10,6,2,0,4,0,81,13
2019,12.0,2019-06-08,Mitch,McGovern,Carlton,FPL,2,259,1,2,4,0,2,1,82,9
2019,12.0,2019-06-08,Charlie,Curnow,Carlton,CHF,7,325,0,12,1,0,4,1,58,7
2019,12.0,2019-06-08,Rhys,Mathieson,Brisbane Lions,INT,2,161,1,21,3,0,3,0,50,6
2019,12.0,2019-06-08,Eric,Hipwood,Brisbane Lions,CHF,3,213,0,8,3,0,0,3,60,3
2019,12.0,2019-06-08,Jack,Silvagni,Carlton,INT,3,61,0,11,2,0,8,1,60,6
2019,12.0,2019-06-08,Archie,Smith,Brisbane Lions,INT,2,92,0,8,2,1,4,0,50,4
2019,12.0,2019-06-08,David,Cuningham,Carlton,WR,2,206,0,11,2,0,5,0,73,8
2019,12.0,2019-06-08,Sam,Petrevski-Seton,Carlton,INT,5,362,3,18,5,0,8,1,67,16
2019,12.0,2019-06-08,Nic,Newman,Carlton,BPL,4,156,2,7,2,0,3,0,67,10
2019,12.0,2019-06-08,Hugh,McCluggage,Brisbane Lions,WL,4,256,1,29,7,2,3,1,80,16
2019,12.0,2019-06-08,Zac,Fisher,Carlton,R,4,210,3,17,6,1,9,0,68,17
2019,12.0,2019-06-08,Alex,Witherden,Brisbane Lions,INT,2,382,4,11,7,0,4,0,61,11
2019,12.0,2019-06-08,Will,Setterfield,Carlton,WL,6,354,1,7,4,0,3,2,44,8
2019,12.0,2019-06-08,Harry,McKay,Carlton,FF,5,153,1,6,1,0,1,1,40,4
2019,12.0,2019-06-08,Jacob,Allison,Brisbane Lions,INT,2,375,3,12,3,0,4,0,91,10
2019,12.0,2019-06-08,Paddy,Dow,Carlton,INT,4,165,2,17,1,2,8,0,75,9
2019,12.0,2019-06-08,Cam,Rayner,Brisbane Lions,HFFL,1,142,0,9,4,1,3,0,43,3
2019,12.0,2019-06-08,Lochie,O'Brien,Carlton,HFFR,3,258,4,5,2,0,3,0,67,10
2019,12.0,2019-06-08,Michael,Gibbons,Carlton,HFFL,6,365,2,10,4,0,8,0,65,15
2019,12.0,2019-06-08,Sam,Walsh,Carlton,RR,5,336,5,18,7,1,10,0,81,26
2019,12.0,2019-06-08,Noah,Answerth,Brisbane Lions,HBFR,0,86,5,12,4,0,1,0,67,8
2019,12.0,2019-06-08,Shaun,Higgins,North Melbourne,R,0,-2,0,1,0,0,1,0,67,2
2019,12.0,2019-06-08,Jarrod,Harbrow,Gold Coast,BPR,2,505,12,7,5,0,9,0,78,21
2019,12.0,2019-06-08,Scott,Thompson,North Melbourne,FB,1,218,1,9,4,0,0,0,77,10
2019,12.0,2019-06-08,Todd,Goldstein,North Melbourne,RK,6,232,4,10,5,2,7,0,65,13
2019,12.0,2019-06-08,Jack,Ziebell,North Melbourne,HFFL,6,721,3,20,8,2,10,1,54,15
2019,12.0,2019-06-08,Ben,Cunnington,North Melbourne,RR,6,293,5,20,6,6,16,0,74,23
2019,12.0,2019-06-08,Robbie,Tarrant,North Melbourne,CHB,3,262,14,6,1,0,9,0,100,16
2019,12.0,2019-06-08,Jasper,Pittard,North Melbourne,INT,2,300,5,9,1,0,4,0,93,14
2019,12.0,2019-06-08,Shaun,Atley,North Melbourne,HBFL,4,243,5,11,3,0,5,0,77,13
2019,12.0,2019-06-08,David,Swallow,Gold Coast,RR,5,352,4,13,5,1,12,0,79,19
2019,12.0,2019-06-08,Jared,Polec,North Melbourne,WR,7,622,5,12,6,1,6,0,68,19
2019,12.0,2019-06-08,Jack,Hombsch,Gold Coast,CHB,1,34,7,5,2,0,3,0,80,8
2019,12.0,2019-06-08,Anthony,Miles,Gold Coast,INT,3,378,4,16,8,3,11,1,36,10
2019,12.0,2019-06-08,Alex,Sexton,Gold Coast,WL,4,402,1,11,5,0,2,0,58,7
2019,12.0,2019-06-08,Marley,Williams,North Melbourne,BPL,1,229,5,10,5,1,6,0,65,11
2019,12.0,2019-06-08,Jordan,Murdoch,Gold Coast,INT,0,183,1,6,3,0,0,0,67,6
2019,12.0,2019-06-08,Jed,Anderson,North Melbourne,C,7,250,3,20,4,0,9,1,73,16
2019,12.0,2019-06-08,Jarrod,Witts,Gold Coast,RK,4,192,2,10,4,0,8,1,57,8
2019,12.0,2019-06-08,Jack,Martin,Gold Coast,FPL,5,343,3,14,4,3,6,1,71,12
2019,12.0,2019-06-08,Luke,McDonald,North Melbourne,BPR,3,161,4,9,2,0,3,0,93,13
2019,12.0,2019-06-08,Ben,Brown,North Melbourne,FF,8,178,0,9,1,0,4,0,42,5
2019,12.0,2019-06-08,Kayne,Turner,North Melbourne,HFFR,7,232,3,17,1,0,3,4,93,14
2019,12.0,2019-06-08,Nick,Holman,Gold Coast,HFFL,5,189,1,20,1,1,6,0,73,11
2019,12.0,2019-06-08,Mason,Wood,North Melbourne,CHF,6,444,0,20,3,1,2,1,82,14
2019,12.0,2019-06-08,Touk,Miller,Gold Coast,FPR,2,22,0,14,0,0,2,2,100,4
2019,12.0,2019-06-08,Trent,Dumont,North Melbourne,WL,4,452,3,24,8,0,3,1,58,14
2019,12.0,2019-06-08,Peter,Wright,Gold Coast,CHF,5,96,1,6,1,0,2,0,89,8
2019,12.0,2019-06-08,Lachie,Weller,Gold Coast,HBFR,4,489,6,14,6,0,6,0,74,20
2019,12.0,2019-06-08,Darcy,Macpherson,Gold Coast,R,7,329,2,33,3,0,5,2,57,12
2019,12.0,2019-06-08,Jesse,Joyce,Gold Coast,HBFL,3,127,2,12,2,0,1,0,86,12
2019,12.0,2019-06-08,Brayden,Fiorini,Gold Coast,INT,4,457,1,20,6,0,5,0,68,21
2019,12.0,2019-06-08,Jy,Simpkin,North Melbourne,INT,9,421,4,18,2,2,5,2,72,13
2019,12.0,2019-06-08,Sam,Durdin,North Melbourne,HBFR,1,13,3,2,0,0,1,0,100,6
2019,12.0,2019-06-08,Will,Brodie,Gold Coast,C,5,370,3,27,5,2,7,0,69,20
2019,12.0,2019-06-08,Cameron,Zurhaar,North Melbourne,INT,7,238,2,11,3,0,3,1,100,14
2019,12.0,2019-06-08,Nick,Larkey,North Melbourne,FPL,4,69,0,7,1,0,3,0,50,3
2019,12.0,2019-06-08,Luke,Davies-Uniacke,North Melbourne,INT,5,175,1,16,2,1,3,0,86,12
2019,12.0,2019-06-08,Charlie,Ballard,Gold Coast,BPL,2,230,7,7,4,0,4,0,75,12
2019,12.0,2019-06-08,Wil,Powell,Gold Coast,HFFR,5,128,3,19,2,0,5,1,90,9
2019,12.0,2019-06-08,Chris,Burgess,Gold Coast,FB,1,66,6,3,1,0,4,0,100,8
2019,12.0,2019-06-08,Jack,Lukosius,Gold Coast,WR,2,333,2,11,3,0,3,0,92,11
2019,12.0,2019-06-08,Tarryn,Thomas,North Melbourne,FPR,8,233,3,15,2,0,7,0,75,9
2019,12.0,2019-06-08,Josh,Corbett,Gold Coast,INT,2,22,0,10,1,0,1,0,80,4
2019,12.0,2019-06-08,Ben,King,Gold Coast,FF,6,248,1,4,1,0,3,0,63,5
2019,12.0,2019-06-08,Eddie,Betts,Adelaide,FPR,5,132,1,17,2,0,5,0,67,6
2019,12.0,2019-06-08,Brett,Deledio,Greater Western Sydney,WL,4,219,3,9,3,0,5,0,77,13
2019,12.0,2019-06-08,Heath,Shaw,Greater Western Sydney,BPR,2,617,8,3,6,0,4,0,74,20
2019,12.0,2019-06-08,Richard,Douglas,Adelaide,C,3,195,1,22,3,1,4,0,42,5
2019,12.0,2019-06-08,Shane,Mumford,Greater Western Sydney,RK,3,-18,0,21,2,1,3,0,78,7
2019,12.0,2019-06-08,Sam J.,Reid,Greater Western Sydney,FPL,2,247,5,12,0,0,4,0,89,16
2019,12.0,2019-06-08,Taylor,Walker,Adelaide,CHF,8,278,0,12,3,0,2,0,67,10
2019,12.0,2019-06-08,Matt,de Boer,Greater Western Sydney,WR,3,63,2,24,2,2,6,0,75,12
2019,12.0,2019-06-08,Rory,Sloane,Adelaide,R,5,297,5,23,5,0,6,1,71,12
2019,12.0,2019-06-08,Phil,Davis,Greater Western Sydney,CHB,2,260,10,5,1,0,2,0,80,12
2019,12.0,2019-06-08,Brodie,Smith,Adelaide,HBFL,2,69,4,23,1,0,6,0,75,9
2019,12.0,2019-06-08,Daniel,Talia,Adelaide,FB,2,209,8,9,3,0,3,0,93,14
2019,12.0,2019-06-08,Jeremy,Cameron,Greater Western Sydney,FF,3,275,1,8,3,0,2,1,69,9
2019,12.0,2019-06-08,Stephen,Coniglio,Greater Western Sydney,RR,5,393,2,14,5,3,7,0,67,18
2019,12.0,2019-06-08,Adam,Kennedy,Greater Western Sydney,INT,2,194,2,14,3,0,3,0,73,11
2019,12.0,2019-06-08,Adam,Tomlinson,Greater Western Sydney,INT,2,25,1,8,4,1,4,1,86,12
2019,12.0,2019-06-08,Paul,Seedsman,Adelaide,WR,2,270,2,14,2,0,1,0,87,13
2019,12.0,2019-06-08,Josh,Jenkins,Adelaide,FF,6,249,1,13,3,0,5,2,60,6
2019,12.0,2019-06-08,Nick,Haynes,Greater Western Sydney,HBFR,0,278,11,5,3,0,5,0,79,15
2019,12.0,2019-06-08,Luke,Brown,Adelaide,BPL,3,480,5,11,2,0,2,0,80,16
2019,12.0,2019-06-08,Brad,Crouch,Adelaide,HFFL,9,431,2,9,6,2,8,0,53,16
2019,12.0,2019-06-08,Rory,Laird,Adelaide,HBFR,6,547,6,8,5,0,4,0,82,23
2019,12.0,2019-06-08,Zac,Williams,Greater Western Sydney,BPL,2,309,7,12,4,0,6,0,85,17
2019,12.0,2019-06-08,Kyle,Hartigan,Adelaide,BPR,2,144,5,5,1,0,2,0,93,14
2019,12.0,2019-06-08,Josh,Kelly,Greater Western Sydney,C,6,484,4,21,7,1,6,0,65,22
2019,12.0,2019-06-08,Matt,Crouch,Adelaide,RR,4,322,5,17,4,3,11,0,77,26
2019,12.0,2019-06-08,Cameron,Ellis-Yolmen,Adelaide,INT,4,123,3,27,3,1,8,1,71,12
2019,12.0,2019-06-08,Jake,Kelly,Adelaide,INT,2,125,3,11,2,0,1,0,92,11
2019,12.0,2019-06-08,Rory,Atkins,Adelaide,WL,3,466,3,12,3,0,4,1,58,11
2019,12.0,2019-06-08,Wayne,Milera,Adelaide,INT,4,309,2,19,5,1,3,0,71,15
2019,12.0,2019-06-08,Jacob,Hopper,Greater Western Sydney,INT,4,340,4,15,5,0,6,1,59,13
2019,12.0,2019-06-08,Harry,Himmelberg,Greater Western Sydney,CHF,4,123,0,7,4,0,3,0,82,9
2019,12.0,2019-06-08,Reilly,O'Brien,Adelaide,RK,5,396,3,18,7,5,6,0,41,7
2019,12.0,2019-06-08,Tim,Taranto,Greater Western Sydney,R,6,442,3,31,6,1,13,2,64,23
2019,12.0,2019-06-08,Daniel,Lloyd,Greater Western Sydney,FPR,3,290,1,17,4,0,4,3,71,10
2019,12.0,2019-06-08,Harry,Perryman,Greater Western Sydney,HFFR,3,378,4,19,3,0,4,0,71,15
2019,12.0,2019-06-08,Jordan,Gallucci,Adelaide,HFFR,5,202,2,19,6,0,3,0,56,10
2019,12.0,2019-06-08,Hugh,Greenwood,Adelaide,INT,2,38,2,16,1,0,4,1,100,7
2019,12.0,2019-06-08,Jeremy,Finlayson,Greater Western Sydney,HFFL,2,76,1,10,3,0,4,0,90,9
2019,12.0,2019-06-08,Alex,Keath,Adelaide,CHB,0,169,8,9,3,0,4,0,93,14
2019,12.0,2019-06-08,Lachlan,Murphy,Adelaide,FPL,3,225,0,11,6,0,5,1,46,6
2019,12.0,2019-06-08,Isaac,Cumming,Greater Western Sydney,HBFL,1,33,2,12,0,0,3,1,89,8
2019,12.0,2019-06-08,Sam,Taylor,Greater Western Sydney,FB,0,40,4,9,0,0,2,0,78,7
2019,12.0,2019-06-08,Brent,Daniels,Greater Western Sydney,INT,5,165,1,15,3,1,5,1,67,6
2019,12.0,2019-06-09,Jarrad,McVeigh,Sydney,HBFR,3,18,2,8,1,0,2,0,92,12
2019,12.0,2019-06-09,Lance,Franklin,Sydney,FF,13,375,1,5,2,0,3,0,56,10
2019,12.0,2019-06-09,Josh J.,Kennedy,West Coast,FF,6,216,0,8,0,0,1,0,71,5
2019,12.0,2019-06-09,Will,Schofield,West Coast,FB,1,3,4,4,0,0,4,0,79,11
2019,12.0,2019-06-09,Jack,Redden,West Coast,HFFR,3,182,2,22,2,1,5,2,84,16
2019,12.0,2019-06-09,Lewis,Jetta,West Coast,HBFR,5,550,4,9,8,1,2,0,68,15
2019,12.0,2019-06-09,Luke,Shuey,West Coast,R,4,393,1,26,5,3,7,0,71,17
2019,12.0,2019-06-09,Brad,Sheppard,West Coast,BPL,4,253,5,11,3,0,4,0,84,16
2019,12.0,2019-06-09,Daniel,Menzel,Sydney,INT,4,80,2,7,3,0,5,0,67,8
2019,12.0,2019-06-09,Sam,Reid,Sydney,CHF,5,133,2,9,1,0,3,0,100,9
2019,12.0,2019-06-09,Jack,Darling,West Coast,CHF,4,285,1,12,6,0,2,0,36,4
2019,12.0,2019-06-09,Andrew,Gaff,West Coast,WR,4,498,9,15,4,1,11,0,75,21
2019,12.0,2019-06-09,Jamie,Cripps,West Coast,WL,5,271,1,34,4,0,7,2,50,6
2019,12.0,2019-06-09,Luke,Parker,Sydney,C,9,369,3,18,4,4,10,1,76,22
2019,12.0,2019-06-09,Nathan,Vardy,West Coast,RK,1,65,2,8,2,1,2,1,80,4
2019,12.0,2019-06-09,Tom,Hickey,West Coast,FPL,2,48,2,8,4,2,2,0,70,7
2019,12.0,2019-06-09,Dane,Rampe,Sydney,BPL,6,748,10,6,6,0,5,0,94,30
2019,12.0,2019-06-09,Callum,Sinclair,Sydney,RK,7,79,0,9,1,1,3,0,75,9
2019,12.0,2019-06-09,Jackson,Thurlow,Sydney,INT,2,255,3,2,2,0,2,0,88,7
2019,12.0,2019-06-09,Mark,Hutchings,West Coast,RR,4,131,2,17,1,1,4,0,79,11
2019,12.0,2019-06-09,Dom,Sheed,West Coast,INT,6,679,3,12,6,0,7,2,58,15
2019,12.0,2019-06-09,Jake,Lloyd,Sydney,BPR,9,575,5,11,5,0,3,0,79,33
2019,12.0,2019-06-09,Jeremy,McGovern,West Coast,CHB,4,174,10,7,3,0,5,0,75,12
2019,12.0,2019-06-09,Isaac,Heeney,Sydney,FPR,10,417,2,14,3,2,7,0,71,20
2019,12.0,2019-06-09,Liam,Duggan,West Coast,BPR,2,226,3,9,1,0,2,0,75,9
2019,12.0,2019-06-09,James,Rose,Sydney,INT,4,299,2,17,6,1,8,0,53,8
2019,12.0,2019-06-09,George,Hewett,Sydney,RR,7,123,1,21,2,6,6,1,86,25
2019,12.0,2019-06-09,Callum,Mills,Sydney,HBFL,3,297,3,9,3,0,2,0,80,20
2019,12.0,2019-06-09,Tom,Papley,Sydney,R,16,456,1,7,4,1,7,0,63,17
2019,12.0,2019-06-09,Josh,Smith,West Coast,C,4,241,2,28,4,1,5,0,70,7
2019,12.0,2019-06-09,Aliir,Aliir,Sydney,CHB,3,271,13,8,2,0,6,0,91,20
2019,12.0,2019-06-09,Tom,Cole,West Coast,INT,3,127,7,18,3,0,3,0,70,7
2019,12.0,2019-06-09,Ryan,Clarke,Sydney,WR,7,0,3,26,2,1,9,1,96,21
2019,12.0,2019-06-09,Oliver,Florent,Sydney,INT,7,429,2,13,5,1,4,0,70,16
2019,12.0,2019-06-09,Jordan,Dawson,Sydney,WL,3,221,3,10,7,0,5,0,60,12
2019,12.0,2019-06-09,Lewis,Melican,Sydney,FB,1,319,3,10,5,0,4,0,73,11
2019,12.0,2019-06-09,Liam,Ryan,West Coast,INT,7,290,4,15,5,0,6,2,56,9
2019,12.0,2019-06-09,Jake,Waterman,West Coast,INT,3,102,0,12,1,0,3,0,50,5
2019,12.0,2019-06-09,Willie,Rioli,West Coast,HFFL,5,215,2,15,3,0,2,0,57,8
2019,12.0,2019-06-09,Jack,Petruccelle,West Coast,FPR,3,167,0,24,1,0,3,1,67,4
2019,12.0,2019-06-09,Tom,McCartin,Sydney,FPL,4,36,0,13,2,0,1,1,100,5
2019,12.0,2019-06-09,Colin,O'Riordan,Sydney,HFFR,1,59,3,2,0,0,3,0,75,3
2019,12.0,2019-06-09,Nick,Blakey,Sydney,HFFL,3,178,2,8,1,0,4,1,70,7
2019,12.0,2019-06-09,Josh,Rotham,West Coast,HBFL,3,184,3,4,0,0,2,0,90,9
2019,12.0,2019-06-10,Scott,Pendlebury,Collingwood,C,4,337,2,24,3,0,2,0,63,15
2019,12.0,2019-06-10,Nathan,Jones,Melbourne,HFFL,2,204,1,10,2,0,3,1,73,11
2019,12.0,2019-06-10,Travis,Varcoe,Collingwood,FPR,1,71,1,17,3,0,2,1,90,9
2019,12.0,2019-06-10,Chris,Mayne,Collingwood,INT,1,251,4,24,3,0,2,1,75,15
2019,12.0,2019-06-10,Jeff,Garlett,Melbourne,FPL,4,67,0,22,2,0,3,4,63,5
2019,12.0,2019-06-10,Levi,Greenwood,Collingwood,BPR,1,125,4,11,1,0,2,0,77,10
2019,12.0,2019-06-10,Steele,Sidebottom,Collingwood,RR,3,554,7,23,8,0,7,1,74,20
2019,12.0,2019-06-10,Jordan,Roughead,Collingwood,FB,3,252,9,6,4,0,4,0,86,12
2019,12.0,2019-06-10,Michael,Hibberd,Melbourne,BPL,4,279,7,10,3,0,3,0,73,11
2019,12.0,2019-06-10,Steven,May,Melbourne,FB,2,361,5,10,3,0,3,0,74,14
2019,12.0,2019-06-10,Max,Gawn,Melbourne,RK,9,331,10,8,5,1,8,1,53,18
2019,12.0,2019-06-10,Jeremy,Howe,Collingwood,HBFR,2,376,6,7,7,0,5,0,77,17
2019,12.0,2019-06-10,Tom,McDonald,Melbourne,CHF,4,178,0,12,5,1,4,1,42,5
2019,12.0,2019-06-10,Will,Hoskin-Elliott,Collingwood,HFFR,7,281,2,14,1,0,2,1,79,15
2019,12.0,2019-06-10,Adam,Treloar,Collingwood,R,6,608,0,17,7,0,5,0,59,20
2019,12.0,2019-06-10,Jack,Crisp,Collingwood,HBFL,3,231,6,17,3,0,6,0,90,17
2019,12.0,2019-06-10,Sam,Frost,Melbourne,CHB,0,7,0,1,0,0,1,0,0,0
2019,12.0,2019-06-10,Jack,Viney,Melbourne,C,5,212,1,28,2,4,5,1,82,14
2019,12.0,2019-06-10,Josh,Thomas,Collingwood,HFFL,5,159,1,27,1,0,3,0,86,12
2019,12.0,2019-06-10,Brodie,Grundy,Collingwood,RK,5,146,4,20,2,2,5,0,71,10
2019,12.0,2019-06-10,James,Aish,Collingwood,INT,3,425,6,7,4,0,3,0,81,17
2019,12.0,2019-06-10,Christian,Salem,Melbourne,RR,4,544,5,19,5,0,6,0,59,17
2019,12.0,2019-06-10,Angus,Brayshaw,Melbourne,INT,7,713,4,25,6,2,8,2,56,18
2019,12.0,2019-06-10,Jordan,De Goey,Collingwood,WR,7,379,0,10,2,1,5,0,77,10
2019,12.0,2019-06-10,Jake,Lever,Melbourne,BPR,2,277,7,5,3,0,6,0,69,11
2019,12.0,2019-06-10,Brayden,Maynard,Collingwood,BPL,1,367,6,9,3,0,2,0,94,17
2019,12.0,2019-06-10,Darcy,Moore,Collingwood,CHB,3,256,9,6,1,0,4,0,92,12
2019,12.0,2019-06-10,James,Harmes,Melbourne,HBFL,5,709,4,23,7,3,11,0,66,23
2019,12.0,2019-06-10,Clayton,Oliver,Melbourne,R,4,54,2,31,2,3,19,1,76,25
2019,12.0,2019-06-10,Josh,Wagner,Melbourne,INT,0,99,4,21,0,0,4,0,83,10
2019,12.0,2019-06-10,Jayden,Hunt,Melbourne,HFFR,3,317,0,10,2,0,2,0,56,5
2019,12.0,2019-06-10,Mason,Cox,Collingwood,FF,2,173,0,19,4,0,2,0,60,6
2019,12.0,2019-06-10,Christian,Petracca,Melbourne,FPR,9,505,3,11,4,1,12,0,70,16
2019,12.0,2019-06-10,Tom,Phillips,Collingwood,WL,6,460,5,17,9,1,10,0,67,18
2019,12.0,2019-06-10,Sam,Weideman,Melbourne,FF,5,110,0,8,3,0,4,0,55,6
2019,12.0,2019-06-10,Mitch,Hannan,Melbourne,INT,5,210,2,15,5,1,3,0,53,8
2019,12.0,2019-06-10,Callum L.,Brown,Collingwood,INT,4,155,2,28,1,0,3,0,79,11
2019,12.0,2019-06-10,Jaidyn,Stephenson,Collingwood,FPL,11,423,2,12,5,0,4,2,47,9
2019,12.0,2019-06-10,Bayley,Fritsch,Melbourne,WL,3,492,7,12,4,0,2,0,69,18
2019,12.0,2019-06-10,Charlie,Spargo,Melbourne,WR,2,226,2,19,5,0,6,2,59,10
2019,12.0,2019-06-10,Brody,Mihocek,Collingwood,CHF,6,415,3,23,7,0,10,0,65,13
2019,12.0,2019-06-10,Brayden,Sier,Collingwood,INT,3,336,3,18,1,2,11,3,65,15
2019,12.0,2019-06-10,Marty,Hore,Melbourne,HBFR,2,281,12,4,9,0,10,0,67,14
2019,12.0,2019-06-10,Oskar,Baker,Melbourne,INT,3,244,4,11,5,0,2,0,67,12
2019,13.0,2019-06-13,Eddie,Betts,Adelaide,FPL,7,197,0,14,4,0,8,2,69,9
2019,13.0,2019-06-13,Richard,Douglas,Adelaide,INT,6,222,0,26,4,1,2,1,73,11
2019,13.0,2019-06-13,Bachar,Houli,Richmond,HBFR,5,303,4,16,6,0,3,0,70,16
2019,13.0,2019-06-13,Taylor,Walker,Adelaide,CHF,10,398,0,14,3,0,3,1,67,12
2019,13.0,2019-06-13,Rory,Sloane,Adelaide,HFFL,7,332,3,15,4,4,8,0,75,21
2019,13.0,2019-06-13,Dustin,Martin,Richmond,FPR,6,641,5,19,6,1,7,0,72,23
2019,13.0,2019-06-13,Dylan,Grimes,Richmond,BPR,3,148,8,8,1,0,4,0,92,12
2019,13.0,2019-06-13,Brodie,Smith,Adelaide,WL,5,493,3,16,8,0,6,0,55,12
2019,13.0,2019-06-13,Dion,Prestia,Richmond,C,7,581,6,31,5,1,6,0,62,18
2019,13.0,2019-06-13,Tom,Lynch,Richmond,FF,8,245,0,6,6,0,2,0,64,7
2019,13.0,2019-06-13,Daniel,Talia,Adelaide,FB,2,222,6,7,0,0,1,0,100,10
2019,13.0,2019-06-13,Josh,Caddy,Richmond,R,6,186,1,13,1,2,2,0,80,8
2019,13.0,2019-06-13,Brandon,Ellis,Richmond,WL,6,218,7,12,3,0,5,0,74,17
2019,13.0,2019-06-13,Paul,Seedsman,Adelaide,C,6,509,4,6,4,0,5,0,69,18
2019,13.0,2019-06-13,Josh,Jenkins,Adelaide,FF,8,212,0,7,2,0,5,0,53,9
2019,13.0,2019-06-13,Luke,Brown,Adelaide,BPR,0,114,5,9,1,0,3,0,78,7
2019,13.0,2019-06-13,Brad,Crouch,Adelaide,RR,10,555,4,11,7,5,9,0,61,26
2019,13.0,2019-06-13,Rory,Laird,Adelaide,HBFR,1,365,8,13,3,0,9,0,94,30
2019,13.0,2019-06-13,Nick,Vlastuin,Richmond,FB,4,292,9,13,5,0,5,0,67,16
2019,13.0,2019-06-13,Kyle,Hartigan,Adelaide,CHB,0,39,3,9,1,0,0,0,80,4
2019,13.0,2019-06-13,Matt,Crouch,Adelaide,R,7,223,4,17,4,4,5,0,71,25
2019,13.0,2019-06-13,Cameron,Ellis-Yolmen,Adelaide,INT,9,137,2,20,2,3,10,1,73,19
2019,13.0,2019-06-13,Kamdyn,McIntosh,Richmond,WR,2,188,3,15,2,0,5,0,73,8
2019,13.0,2019-06-13,Jake,Kelly,Adelaide,INT,1,173,3,7,4,0,0,0,56,5
2019,13.0,2019-06-13,Connor,Menadue,Richmond,HBFL,2,234,3,13,1,0,2,0,82,9
2019,13.0,2019-06-13,Rory,Atkins,Adelaide,HBFL,9,657,6,16,9,0,6,1,62,18
2019,13.0,2019-06-13,Daniel,Rioli,Richmond,INT,5,190,1,12,1,0,1,0,91,10
2019,13.0,2019-06-13,Wayne,Milera,Adelaide,WR,3,242,3,11,7,0,3,0,67,12
2019,13.0,2019-06-13,Jason,Castagna,Richmond,CHF,7,307,2,18,4,1,5,1,50,7
2019,13.0,2019-06-13,Nathan,Broad,Richmond,CHB,3,172,6,13,3,0,2,0,85,11
2019,13.0,2019-06-13,Reilly,O'Brien,Adelaide,RK,9,260,3,25,4,0,6,0,90,17
2019,13.0,2019-06-13,Mabior,Chol,Richmond,FPL,5,93,4,11,3,0,4,0,75,6
2019,13.0,2019-06-13,Dan,Butler,Richmond,HFFR,5,225,0,14,2,0,3,0,73,8
2019,13.0,2019-06-13,Jordan,Gallucci,Adelaide,HFFR,6,321,0,12,3,0,0,0,64,9
2019,13.0,2019-06-13,Hugh,Greenwood,Adelaide,INT,5,133,2,25,1,1,8,2,70,14
2019,13.0,2019-06-13,Alex,Keath,Adelaide,BPL,4,279,9,6,2,0,4,0,95,18
2019,13.0,2019-06-13,Jack,Graham,Richmond,RR,7,286,2,44,7,0,9,0,61,14
2019,13.0,2019-06-13,Lachlan,Murphy,Adelaide,FPR,0,0,0,5,0,0,0,1,0,0
2019,13.0,2019-06-13,Jack,Higgins,Richmond,HFFL,4,183,1,31,4,0,5,2,64,9
2019,13.0,2019-06-13,Ryan,Garthwaite,Richmond,BPL,1,189,1,9,3,0,1,0,77,10
2019,13.0,2019-06-13,Liam,Baker,Richmond,INT,2,197,2,22,3,0,4,1,63,10
2019,13.0,2019-06-13,Noah,Balta,Richmond,RK,2,16,2,15,0,0,5,1,71,5
2019,13.0,2019-06-13,Sydney,Stack,Richmond,INT,6,388,8,21,0,0,6,0,82,18
2019,13.0,2019-06-13,Patrick,Naish,Richmond,INT,3,390,2,12,2,1,4,0,74,14
2019,13.0,2019-06-14,Shaun,Burgoyne,Hawthorn,BPR,2,141,5,13,3,0,4,0,86,12
2019,13.0,2019-06-14,James,Frawley,Hawthorn,FB,2,288,5,10,5,0,3,0,69,11
2019,13.0,2019-06-14,Tom,Bellchambers,Essendon,RK,3,106,1,5,2,1,0,0,89,8
2019,13.0,2019-06-14,Ben,McEvoy,Hawthorn,FF,7,159,3,7,2,2,2,0,87,13
2019,13.0,2019-06-14,Cale,Hooker,Essendon,CHB,1,260,5,6,6,0,1,0,73,16
2019,13.0,2019-06-14,Michael,Hurley,Essendon,FB,1,383,5,5,5,0,3,0,81,21
2019,13.0,2019-06-14,David,Zaharakis,Essendon,HFFL,3,228,4,12,1,0,4,0,90,17
2019,13.0,2019-06-14,Liam,Shiels,Hawthorn,C,5,414,3,9,8,4,5,0,71,22
2019,13.0,2019-06-14,Shaun,McKernan,Essendon,FF,6,365,4,4,3,1,4,0,53,8
2019,13.0,2019-06-14,Tom,Scully,Hawthorn,WL,6,360,2,13,4,0,2,0,75,18
2019,13.0,2019-06-14,Ben,Stratton,Hawthorn,HBFL,2,82,5,10,2,0,2,0,82,9
2019,13.0,2019-06-14,Ricky,Henderson,Hawthorn,HFFR,4,521,5,17,6,0,4,0,87,27
2019,13.0,2019-06-14,Jack,Gunston,Hawthorn,CHF,4,209,2,22,4,0,3,1,69,9
2019,13.0,2019-06-14,Dyson,Heppell,Essendon,R,8,303,5,20,5,0,6,1,75,21
2019,13.0,2019-06-14,Paul,Puopolo,Hawthorn,FPL,5,130,0,22,2,0,2,1,91,10
2019,13.0,2019-06-14,Isaac,Smith,Hawthorn,WR,6,376,3,9,7,1,5,0,77,24
2019,13.0,2019-06-14,Luke,Breust,Hawthorn,HFFL,3,73,1,22,4,0,4,3,70,7
2019,13.0,2019-06-14,Dylan,Shiel,Essendon,RR,5,327,0,19,5,5,3,1,75,15
2019,13.0,2019-06-14,Jaeger,O'Meara,Hawthorn,R,4,128,4,16,4,1,6,0,54,13
2019,13.0,2019-06-14,Jake,Stringer,Essendon,WR,5,112,0,7,3,0,0,0,75,6
2019,13.0,2019-06-14,Jonathon,Ceglar,Hawthorn,RK,5,189,5,8,2,0,2,0,69,9
2019,13.0,2019-06-14,Jarman,Impey,Hawthorn,FPR,5,527,3,11,3,0,2,0,83,20
2019,13.0,2019-06-14,Patrick,Ambrose,Essendon,BPL,1,88,6,14,3,0,1,0,90,9
2019,13.0,2019-06-14,Zach,Merrett,Essendon,C,8,293,2,19,3,4,9,1,79,22
2019,13.0,2019-06-14,Tim,O'Brien,Hawthorn,BPL,4,300,4,2,0,0,2,0,88,14
2019,13.0,2019-06-14,Orazio,Fantasia,Essendon,FPL,5,218,1,6,3,0,1,3,36,5
2019,13.0,2019-06-14,Adam,Saad,Essendon,HBFR,3,457,12,11,5,0,6,0,70,14
2019,13.0,2019-06-14,James,Sicily,Hawthorn,CHB,5,180,6,13,3,0,6,0,80,16
2019,13.0,2019-06-14,Kyle,Langford,Essendon,INT,6,270,3,13,4,1,9,1,81,17
2019,13.0,2019-06-14,Jayden,Laverde,Essendon,CHF,8,252,2,11,3,0,6,0,67,12
2019,13.0,2019-06-14,Conor,McKenna,Essendon,HBFL,1,622,10,10,4,0,7,0,80,20
2019,13.0,2019-06-14,Anthony,McDonald-Tipungwuti,Essendon,FPR,3,95,0,20,0,0,1,3,71,5
2019,13.0,2019-06-14,Darcy,Parish,Essendon,INT,5,365,2,21,4,1,7,1,67,14
2019,13.0,2019-06-14,Kaiden,Brand,Hawthorn,INT,2,46,3,7,1,0,0,0,80,8
2019,13.0,2019-06-14,Mason,Redman,Essendon,INT,4,144,6,6,0,0,5,0,100,14
2019,13.0,2019-06-14,Blake,Hardwick,Hawthorn,HBFR,3,260,7,10,5,0,2,0,77,17
2019,13.0,2019-06-14,Andrew,McGrath,Essendon,BPR,3,192,3,8,3,0,4,0,91,20
2019,13.0,2019-06-14,James,Cousins,Hawthorn,INT,4,105,0,12,3,0,4,0,77,10
2019,13.0,2019-06-14,Conor,Glass,Hawthorn,INT,7,278,1,15,2,0,3,0,86,12
2019,13.0,2019-06-14,Josh,Begley,Essendon,HFFR,3,164,0,12,3,0,2,1,50,5
2019,13.0,2019-06-14,Matt,Guelfi,Essendon,INT,2,360,1,18,4,0,1,1,67,10
2019,13.0,2019-06-14,James,Worpel,Hawthorn,RR,6,453,2,16,5,3,6,0,77,26
2019,13.0,2019-06-14,Dylan,Clarke,Essendon,WL,2,86,4,15,3,2,12,0,83,19
2019,13.0,2019-06-14,Dylan,Moore,Hawthorn,INT,3,99,4,12,1,0,4,2,90,9
2019,13.0,2019-06-15,Jarrod,Harbrow,Gold Coast,BPR,1,415,6,5,5,1,4,0,89,16
2019,13.0,2019-06-15,David,Armitage,St Kilda,R,4,321,8,5,2,0,6,0,71,12
2019,13.0,2019-06-15,Nathan,Brown,St Kilda,FB,0,-9,2,8,0,0,1,0,100,6
2019,13.0,2019-06-15,Shane,Savage,St Kilda,BPR,2,471,3,14,4,1,4,0,89,16
2019,13.0,2019-06-15,David,Swallow,Gold Coast,RR,5,495,4,18,10,2,10,0,52,16
2019,13.0,2019-06-15,Sam,Day,Gold Coast,FB,1,140,2,12,2,0,6,0,75,12
2019,13.0,2019-06-15,Jack,Hombsch,Gold Coast,CHB,0,125,1,3,1,0,2,0,100,13
2019,13.0,2019-06-15,Jack,Newnes,St Kilda,WR,9,233,4,14,3,0,3,0,71,12
2019,13.0,2019-06-15,George,Horlin-Smith,Gold Coast,WL,2,102,0,11,1,0,0,0,71,5
2019,13.0,2019-06-15,Anthony,Miles,Gold Coast,INT,5,498,2,23,6,0,2,2,70,19
2019,13.0,2019-06-15,Josh,Bruce,St Kilda,CHF,2,105,1,7,4,1,5,0,70,7
2019,13.0,2019-06-15,Alex,Sexton,Gold Coast,INT,3,139,3,15,2,0,3,1,70,7
2019,13.0,2019-06-15,Sebastian,Ross,St Kilda,C,5,450,3,16,5,2,11,0,68,21
2019,13.0,2019-06-15,Jarrod,Witts,Gold Coast,RK,2,110,2,9,0,1,3,0,85,11
2019,13.0,2019-06-15,Dean,Kent,St Kilda,FPR,8,303,1,15,5,0,6,0,50,10
2019,13.0,2019-06-15,Jack,Martin,Gold Coast,FPL,3,183,2,21,3,1,4,4,61,11
2019,13.0,2019-06-15,Jack,Billings,St Kilda,WL,6,493,6,23,8,1,8,2,61,20
2019,13.0,2019-06-15,Luke,Dunstan,St Kilda,RR,6,324,0,23,4,2,5,1,68,15
2019,13.0,2019-06-15,Blake,Acres,St Kilda,INT,7,279,3,24,4,0,10,0,73,16
2019,13.0,2019-06-15,Tim,Membrey,St Kilda,FF,10,223,1,5,3,0,3,0,88,15
2019,13.0,2019-06-15,Nick,Holman,Gold Coast,HFFL,4,189,2,23,1,0,3,1,67,8
2019,13.0,2019-06-15,Jack,Sinclair,St Kilda,HFFR,4,204,3,20,2,0,6,0,80,12
2019,13.0,2019-06-15,Corey,Ellis,Gold Coast,INT,3,252,6,13,3,0,5,0,68,13
2019,13.0,2019-06-15,Daniel,McKenzie,St Kilda,BPL,0,53,4,17,1,0,1,0,90,9
2019,13.0,2019-06-15,Peter,Wright,Gold Coast,CHF,4,139,2,11,0,0,3,1,90,9
2019,13.0,2019-06-15,Lachie,Weller,Gold Coast,HBFR,2,648,7,7,7,0,5,0,78,21
2019,13.0,2019-06-15,Jonathon,Marsh,St Kilda,HBFR,2,100,6,10,1,0,4,0,83,5
2019,13.0,2019-06-15,Callum,Ah Chee,Gold Coast,HFFR,4,382,2,11,1,2,8,0,94,16
2019,13.0,2019-06-15,Jade,Gresham,St Kilda,FPL,7,414,3,21,2,2,5,1,75,15
2019,13.0,2019-06-15,Darcy,Macpherson,Gold Coast,R,6,252,2,21,4,0,8,2,67,8
2019,13.0,2019-06-15,Jesse,Joyce,Gold Coast,HBFL,2,369,3,9,2,0,1,0,78,14
2019,13.0,2019-06-15,Brayden,Fiorini,Gold Coast,INT,1,245,3,22,5,0,4,1,73,16
2019,13.0,2019-06-15,Brandon,White,St Kilda,INT,3,153,2,10,0,0,1,3,70,7
2019,13.0,2019-06-15,Will,Brodie,Gold Coast,C,6,66,0,20,2,3,14,1,76,19
2019,13.0,2019-06-15,Josh,Battle,St Kilda,CHB,2,162,3,5,0,0,2,0,92,11
2019,13.0,2019-06-15,Rowan,Marshall,St Kilda,RK,2,321,5,16,3,1,5,0,83,15
2019,13.0,2019-06-15,Hunter,Clark,St Kilda,INT,2,185,3,12,5,0,6,0,56,10
2019,13.0,2019-06-15,Charlie,Ballard,Gold Coast,BPL,1,178,9,4,3,0,5,0,67,8
2019,13.0,2019-06-15,Wil,Powell,Gold Coast,FPR,3,152,2,21,5,0,3,1,86,12
2019,13.0,2019-06-15,Matthew,Parker,St Kilda,INT,3,313,1,22,3,0,5,0,46,5
2019,13.0,2019-06-15,Callum,Wilkie,St Kilda,HBFL,1,480,7,10,3,0,4,0,82,14
2019,13.0,2019-06-15,Jack,Lukosius,Gold Coast,WR,2,242,3,10,4,0,1,0,80,8
2019,13.0,2019-06-15,Ben,King,Gold Coast,FF,3,170,0,9,2,0,1,0,56,5
2019,13.0,2019-06-15,Nick,Hind,St Kilda,HFFL,2,179,0,13,0,0,1,1,100,7
2019,13.0,2019-06-15,David,Mundy,Fremantle,R,9,370,2,23,2,5,6,0,57,12
2019,13.0,2019-06-15,Paddy,Ryder,Port Adelaide,FF,4,50,1,8,1,0,3,0,100,7
2019,13.0,2019-06-15,Robbie,Gray,Port Adelaide,C,4,223,4,9,4,2,8,0,85,22
2019,13.0,2019-06-15,Justin,Westhoff,Port Adelaide,INT,4,230,4,15,5,1,7,1,56,10
2019,13.0,2019-06-15,Travis,Boak,Port Adelaide,R,8,388,3,26,2,4,11,0,67,24
2019,13.0,2019-06-15,Stephen,Hill,Fremantle,INT,5,138,2,5,1,0,3,0,83,10
2019,13.0,2019-06-15,Hamish,Hartlett,Port Adelaide,HBFL,2,239,6,9,7,0,4,0,70,16
2019,13.0,2019-06-15,Michael,Walters,Fremantle,HFFR,11,534,5,19,2,1,6,1,72,18
2019,13.0,2019-06-15,Steven,Motlop,Port Adelaide,HFFR,3,237,0,16,5,0,0,2,75,12
2019,13.0,2019-06-15,Nat,Fyfe,Fremantle,C,11,324,4,24,7,4,16,0,78,29
2019,13.0,2019-06-15,Reece,Conca,Fremantle,INT,4,392,2,17,4,4,7,1,53,10
2019,13.0,2019-06-15,Brandon,Matera,Fremantle,FPR,8,361,1,12,2,0,3,1,36,4
2019,13.0,2019-06-15,Scott,Lycett,Port Adelaide,RK,5,325,4,18,5,2,5,0,71,12
2019,13.0,2019-06-15,Tom,Jonas,Port Adelaide,CHB,0,316,8,6,4,0,4,0,88,15
2019,13.0,2019-06-15,Nathan,Wilson,Fremantle,FB,1,395,5,6,6,0,5,0,88,14
2019,13.0,2019-06-15,Bradley,Hill,Fremantle,WL,8,455,2,16,11,0,4,0,50,15
2019,13.0,2019-06-15,Tom,Clurey,Port Adelaide,FB,2,188,3,6,1,0,1,0,73,8
2019,13.0,2019-06-15,Sam,Gray,Port Adelaide,FPL,2,295,1,10,8,0,6,1,44,8
2019,13.0,2019-06-15,Jesse,Hogan,Fremantle,FF,7,167,1,4,3,0,0,0,71,12
2019,13.0,2019-06-15,Karl,Amon,Port Adelaide,HFFL,1,204,1,19,1,3,4,0,71,10
2019,13.0,2019-06-15,Joel,Hamling,Fremantle,BPL,4,182,4,2,1,0,1,0,82,9
2019,13.0,2019-06-15,Ed,Langdon,Fremantle,WR,7,304,3,14,4,1,7,0,78,21
2019,13.0,2019-06-15,Connor,Blakely,Fremantle,HBFL,6,415,8,9,4,0,5,0,76,16
2019,13.0,2019-06-15,Ethan,Hughes,Fremantle,INT,5,187,4,4,3,0,4,0,82,14
2019,13.0,2019-06-15,Dougal,Howard,Port Adelaide,CHF,2,76,3,6,2,0,3,1,83,5
2019,13.0,2019-06-15,Darcy,Byrne-Jones,Port Adelaide,HBFR,4,261,6,21,0,0,5,0,77,13
2019,13.0,2019-06-15,Darcy,Tucker,Fremantle,RR,5,262,3,33,7,0,5,0,60,12
2019,13.0,2019-06-15,Ryan,Burton,Port Adelaide,BPL,2,361,11,17,6,0,7,0,80,20
2019,13.0,2019-06-15,Riley,Bonner,Port Adelaide,INT,1,226,6,13,5,0,5,0,43,6
2019,13.0,2019-06-15,Dan,Houston,Port Adelaide,WR,4,536,5,27,3,1,4,0,55,12
2019,13.0,2019-06-15,Sam,Powell-Pepper,Port Adelaide,RR,3,87,2,22,1,1,5,0,86,12
2019,13.0,2019-06-15,Griffin,Logue,Fremantle,CHB,4,311,13,11,4,0,5,0,67,16
2019,13.0,2019-06-15,Luke,Ryan,Fremantle,BPR,2,324,9,12,0,0,4,0,100,16
2019,13.0,2019-06-15,Brennan,Cox,Fremantle,CHF,4,69,1,19,5,0,5,2,75,12
2019,13.0,2019-06-15,Sean,Darcy,Fremantle,RK,2,-15,1,10,2,0,4,0,50,6
2019,13.0,2019-06-15,Andrew,Brayshaw,Fremantle,HFFL,4,27,4,24,1,0,7,0,93,14
2019,13.0,2019-06-15,Taylin,Duman,Fremantle,HBFR,2,41,2,18,1,0,1,0,73,8
2019,13.0,2019-06-15,Jarrod,Lienert,Port Adelaide,BPR,3,241,2,18,4,0,4,0,88,15
2019,13.0,2019-06-15,Kane,Farrell,Port Adelaide,INT,7,196,0,9,3,0,2,0,90,9
2019,13.0,2019-06-15,Sam,Switkowski,Fremantle,FPL,6,127,2,20,3,0,5,1,60,9
2019,13.0,2019-06-15,Zak,Butters,Port Adelaide,INT,4,68,2,21,3,0,5,0,79,11
2019,13.0,2019-06-15,Xavier,Duursma,Port Adelaide,WL,4,379,3,18,5,0,5,0,62,13
2019,13.0,2019-06-15,Connor,Rozee,Port Adelaide,FPR,4,191,2,26,4,0,3,0,39,5
2019,13.0,2019-06-15,Brett,Bewley,Fremantle,INT,4,309,2,6,4,0,3,0,54,7
2019,13.0,2019-06-15,Kade,Simpson,Carlton,HBFL,5,436,5,12,6,0,4,0,77,17
2019,13.0,2019-06-15,Marc,Murphy,Carlton,INT,5,365,3,14,2,2,5,0,76,16
2019,13.0,2019-06-15,Dale,Thomas,Carlton,HBFR,4,382,6,13,2,0,5,0,71,12
2019,13.0,2019-06-15,Matthew,Kreuzer,Carlton,RK,6,216,0,18,1,2,7,0,75,9
2019,13.0,2019-06-15,Matthew,Suckling,Western Bulldogs,HFFL,8,498,0,6,2,0,3,0,67,14
2019,13.0,2019-06-15,Easton,Wood,Western Bulldogs,HBFR,2,243,9,8,4,0,5,0,72,13
2019,13.0,2019-06-15,Jackson,Trengove,Western Bulldogs,FB,1,163,8,4,1,0,2,0,92,11
2019,13.0,2019-06-15,Ed,Curnow,Carlton,HFFR,2,33,1,13,3,5,3,0,92,11
2019,13.0,2019-06-15,Tom,Liberatore,Western Bulldogs,C,4,126,1,8,2,0,0,0,73,8
2019,13.0,2019-06-15,Tory,Dickson,Western Bulldogs,INT,7,163,0,13,1,1,3,1,80,8
2019,13.0,2019-06-15,Hayden,Crozier,Western Bulldogs,INT,2,229,6,4,1,0,3,0,86,12
2019,13.0,2019-06-15,Levi,Casboult,Carlton,FPR,4,213,8,9,4,0,3,1,59,10
2019,13.0,2019-06-15,Jason,Johannisen,Western Bulldogs,BPL,10,380,5,4,3,0,4,0,95,20
2019,13.0,2019-06-15,Lachie,Plowman,Carlton,BPL,0,185,2,11,0,0,1,0,100,9
2019,13.0,2019-06-15,Jack,Macrae,Western Bulldogs,R,10,400,3,20,5,2,9,1,81,30
2019,13.0,2019-06-15,Lachie,Hunter,Western Bulldogs,WL,5,237,3,19,3,0,4,1,88,21
2019,13.0,2019-06-15,Sam,Lloyd,Western Bulldogs,HFFR,6,251,0,19,4,0,3,1,69,11
2019,13.0,2019-06-15,Patrick,Cripps,Carlton,C,5,278,2,30,5,4,4,0,73,16
2019,13.0,2019-06-15,Marcus,Bontempelli,Western Bulldogs,FPL,6,641,2,23,7,4,7,1,70,19
2019,13.0,2019-06-15,Bailey,Dale,Western Bulldogs,WR,2,22,1,11,1,0,2,1,75,3
2019,13.0,2019-06-15,Toby,McLean,Western Bulldogs,INT,7,225,1,15,5,0,1,0,67,12
2019,13.0,2019-06-15,Caleb,Marchbank,Carlton,FB,1,80,7,3,2,0,5,0,83,10
2019,13.0,2019-06-15,Caleb,Daniel,Western Bulldogs,HBFL,7,532,6,11,10,0,6,0,72,23
2019,13.0,2019-06-15,Zaine,Cordy,Western Bulldogs,CHB,2,97,3,9,0,0,0,0,88,7
2019,13.0,2019-06-15,Jacob,Weitering,Carlton,CHB,0,61,5,4,0,0,4,0,78,7
2019,13.0,2019-06-15,Mitch,McGovern,Carlton,FPL,4,122,0,10,3,0,1,0,50,3
2019,13.0,2019-06-15,Josh,Dunkley,Western Bulldogs,RR,10,378,6,29,5,2,15,1,68,28
2019,13.0,2019-06-15,Charlie,Curnow,Carlton,CHF,9,391,1,7,3,0,3,0,65,11
2019,13.0,2019-06-15,Bailey,Williams,Western Bulldogs,BPR,5,219,0,9,3,0,0,0,75,12
2019,13.0,2019-06-15,David,Cuningham,Carlton,INT,8,361,2,19,2,0,3,1,67,10
2019,13.0,2019-06-15,Sam,Petrevski-Seton,Carlton,BPR,4,234,4,27,2,0,7,1,83,15
2019,13.0,2019-06-15,Nic,Newman,Carlton,INT,3,249,3,19,3,0,1,0,88,14
2019,13.0,2019-06-15,Zac,Fisher,Carlton,R,10,209,4,29,3,2,5,0,75,12
2019,13.0,2019-06-15,Tim,English,Western Bulldogs,RK,7,183,3,7,1,1,7,0,67,10
2019,13.0,2019-06-15,Will,Setterfield,Carlton,WL,5,295,5,15,5,0,4,0,75,18
2019,13.0,2019-06-15,Harry,McKay,Carlton,FF,2,161,0,10,1,0,2,1,83,5
2019,13.0,2019-06-15,Patrick,Lipinski,Western Bulldogs,INT,7,287,1,22,3,2,7,0,86,25
2019,13.0,2019-06-15,Paddy,Dow,Carlton,INT,3,225,1,26,3,1,2,1,67,6
2019,13.0,2019-06-15,Aaron,Naughton,Western Bulldogs,FF,7,204,1,7,0,0,0,1,67,8
2019,13.0,2019-06-15,Lochie,O'Brien,Carlton,RR,5,516,3,9,4,1,3,0,59,10
2019,13.0,2019-06-15,Michael,Gibbons,Carlton,HFFL,3,180,0,8,3,0,2,0,64,7
2019,13.0,2019-06-15,Sam,Walsh,Carlton,WR,3,229,0,26,4,0,1,2,68,15
2019,13.0,2019-06-15,Bailey,Smith,Western Bulldogs,FPR,5,93,2,18,1,0,4,1,100,13
2019,13.0,2019-06-15,Ryan,Gardner,Western Bulldogs,CHF,2,36,0,12,0,0,1,0,67,2
2019,13.0,2019-06-16,Brett,Deledio,Greater Western Sydney,WL,5,188,1,20,2,0,7,1,79,15
2019,13.0,2019-06-16,Heath,Shaw,Greater Western Sydney,BPR,0,394,6,7,4,0,2,0,72,13
2019,13.0,2019-06-16,Scott,Thompson,North Melbourne,FB,2,225,6,10,0,0,3,0,92,11
2019,13.0,2019-06-16,Shane,Mumford,Greater Western Sydney,RK,6,52,1,16,0,0,2,0,70,7
2019,13.0,2019-06-16,Todd,Goldstein,North Melbourne,RK,7,169,3,10,2,0,2,0,92,12
2019,13.0,2019-06-16,Sam J.,Reid,Greater Western Sydney,R,0,136,4,14,1,0,3,0,83,10
2019,13.0,2019-06-16,Jack,Ziebell,North Melbourne,R,3,309,4,31,5,1,6,1,69,11
2019,13.0,2019-06-16,Matt,de Boer,Greater Western Sydney,HFFL,2,110,0,16,2,0,5,1,55,6
2019,13.0,2019-06-16,Phil,Davis,Greater Western Sydney,FB,1,185,10,2,1,0,4,0,100,14
2019,13.0,2019-06-16,Ben,Cunnington,North Melbourne,RR,2,75,3,16,2,0,7,0,63,10
2019,13.0,2019-06-16,Robbie,Tarrant,North Melbourne,CHB,0,216,3,9,4,0,1,0,73,8
2019,13.0,2019-06-16,Jasper,Pittard,North Melbourne,INT,1,295,6,8,2,0,3,0,67,10
2019,13.0,2019-06-16,Shaun,Atley,North Melbourne,HBFL,2,387,5,11,3,1,8,0,73,16
2019,13.0,2019-06-16,Jared,Polec,North Melbourne,WR,3,210,2,6,4,2,6,0,50,9
2019,13.0,2019-06-16,Jeremy,Cameron,Greater Western Sydney,CHF,3,110,1,16,3,0,2,0,89,8
2019,13.0,2019-06-16,Stephen,Coniglio,Greater Western Sydney,FPR,6,433,4,17,5,1,8,2,59,16
2019,13.0,2019-06-16,Toby,Greene,Greater Western Sydney,HBFL,6,342,1,11,6,1,7,1,75,15
2019,13.0,2019-06-16,Adam,Kennedy,Greater Western Sydney,WR,2,118,0,8,1,1,1,0,90,9
2019,13.0,2019-06-16,Adam,Tomlinson,Greater Western Sydney,INT,4,266,2,13,5,1,5,0,58,7
2019,13.0,2019-06-16,Matt,Buntine,Greater Western Sydney,INT,2,202,5,12,4,0,2,0,64,9
2019,13.0,2019-06-16,Marley,Williams,North Melbourne,BPL,4,407,11,14,6,0,8,0,67,16
2019,13.0,2019-06-16,Jed,Anderson,North Melbourne,C,5,266,3,36,3,1,7,2,69,11
2019,13.0,2019-06-16,Zac,Williams,Greater Western Sydney,BPL,3,618,8,11,3,0,6,1,79,22
2019,13.0,2019-06-16,Taylor,Garner,North Melbourne,FPR,3,175,1,13,3,0,6,0,56,9
2019,13.0,2019-06-16,Luke,McDonald,North Melbourne,HFFR,1,279,11,12,4,0,7,0,75,15
2019,13.0,2019-06-16,Josh,Kelly,Greater Western Sydney,RR,7,552,1,17,7,1,5,1,66,23
2019,13.0,2019-06-16,Ben,Brown,North Melbourne,FF,7,275,0,4,2,0,2,0,60,6
2019,13.0,2019-06-16,Kayne,Turner,North Melbourne,HBFR,6,269,4,19,3,0,8,1,67,12
2019,13.0,2019-06-16,Mason,Wood,North Melbourne,CHF,2,103,0,11,0,0,2,1,60,3
2019,13.0,2019-06-16,Trent,Dumont,North Melbourne,WL,3,217,2,19,3,0,10,0,53,9
2019,13.0,2019-06-16,Jacob,Hopper,Greater Western Sydney,INT,8,338,3,23,3,5,10,0,69,20
2019,13.0,2019-06-16,Harry,Himmelberg,Greater Western Sydney,FF,5,159,0,12,3,0,3,0,92,12
2019,13.0,2019-06-16,Jy,Simpkin,North Melbourne,INT,2,188,1,19,0,1,2,0,78,7
2019,13.0,2019-06-16,Tim,Taranto,Greater Western Sydney,C,7,359,1,26,10,2,5,1,57,17
2019,13.0,2019-06-16,Sam,Durdin,North Melbourne,BPR,1,222,3,11,3,0,2,0,75,6
2019,13.0,2019-06-16,Harry,Perryman,Greater Western Sydney,HFFR,1,156,4,6,3,0,7,0,75,15
2019,13.0,2019-06-16,Jeremy,Finlayson,Greater Western Sydney,FPL,4,162,1,7,2,0,3,1,80,8
2019,13.0,2019-06-16,Cameron,Zurhaar,North Melbourne,HFFL,2,51,0,19,2,0,7,0,70,7
2019,13.0,2019-06-16,Nick,Larkey,North Melbourne,FPL,3,219,1,8,3,0,1,0,56,5
2019,13.0,2019-06-16,Luke,Davies-Uniacke,North Melbourne,INT,6,288,2,24,3,2,6,0,77,10
2019,13.0,2019-06-16,Sam,Taylor,Greater Western Sydney,CHB,0,142,4,4,2,0,4,0,88,7
2019,13.0,2019-06-16,Brent,Daniels,Greater Western Sydney,INT,6,266,1,19,2,0,2,2,75,12
2019,13.0,2019-06-16,Tarryn,Thomas,North Melbourne,INT,4,297,0,23,4,1,5,2,75,9
2019,13.0,2019-06-16,Jake,Stein,Greater Western Sydney,HBFR,1,111,3,13,1,1,1,0,89,8
2019,14.0,2019-06-20,Shannon,Hurn,West Coast,BPL,4,147,8,5,0,0,4,0,100,17
2019,14.0,2019-06-20,Josh J.,Kennedy,West Coast,FF,9,246,0,5,3,0,0,1,33,3
2019,14.0,2019-06-20,Will,Schofield,West Coast,FB,3,112,3,5,2,0,3,0,75,6
2019,14.0,2019-06-20,Chris,Masten,West Coast,HFFR,2,142,2,13,2,0,1,0,69,9
2019,14.0,2019-06-20,Tom,Bellchambers,Essendon,RK,8,227,1,3,4,3,3,0,59,10
2019,14.0,2019-06-20,Cale,Hooker,Essendon,CHB,2,488,14,5,8,0,3,0,79,22
2019,14.0,2019-06-20,Michael,Hurley,Essendon,FB,2,309,4,4,3,0,3,0,71,12
2019,14.0,2019-06-20,David,Zaharakis,Essendon,INT,0,345,4,9,7,0,6,0,75,18
2019,14.0,2019-06-20,Shaun,McKernan,Essendon,FF,2,97,1,8,2,0,3,0,67,6
2019,14.0,2019-06-20,Jack,Redden,West Coast,WR,13,171,2,18,1,2,6,0,87,26
2019,14.0,2019-06-20,Lewis,Jetta,West Coast,HBFR,6,460,3,15,2,0,2,0,89,16
2019,14.0,2019-06-20,Luke,Shuey,West Coast,RR,9,261,3,30,1,1,6,3,89,23
2019,14.0,2019-06-20,Brad,Sheppard,West Coast,BPR,5,321,7,5,2,0,2,0,95,18
2019,14.0,2019-06-20,Dyson,Heppell,Essendon,R,5,60,5,16,1,2,10,0,73,22
2019,14.0,2019-06-20,Jack,Darling,West Coast,CHF,4,123,1,10,6,0,3,0,60,6
2019,14.0,2019-06-20,Andrew,Gaff,West Coast,R,8,409,3,16,5,0,3,0,77,24
2019,14.0,2019-06-20,Jamie,Cripps,West Coast,HFFL,10,501,4,31,2,0,7,0,68,13
2019,14.0,2019-06-20,Mitch,Brown,Essendon,HFFL,3,289,1,6,2,0,4,0,94,15
2019,14.0,2019-06-20,Tom,Hickey,West Coast,RK,6,286,3,15,3,3,7,0,78,14
2019,14.0,2019-06-20,Dylan,Shiel,Essendon,RR,4,350,0,29,4,3,5,0,73,16
2019,14.0,2019-06-20,Elliot,Yeo,West Coast,C,9,636,1,26,4,3,6,1,76,19
2019,14.0,2019-06-20,Mark,Hutchings,West Coast,WL,5,151,1,11,2,0,1,0,60,6
2019,14.0,2019-06-20,Patrick,Ambrose,Essendon,BPL,1,150,5,8,3,0,2,0,80,8
2019,14.0,2019-06-20,Zach,Merrett,Essendon,C,6,396,2,29,5,2,7,0,67,20
2019,14.0,2019-06-20,Dom,Sheed,West Coast,INT,9,267,5,9,5,3,14,0,81,29
2019,14.0,2019-06-20,Jeremy,McGovern,West Coast,CHB,6,147,10,5,2,0,1,0,81,13
2019,14.0,2019-06-20,Orazio,Fantasia,Essendon,FPL,1,77,0,8,0,0,1,0,83,5
2019,14.0,2019-06-20,Adam,Saad,Essendon,HBFR,2,186,5,20,3,0,3,0,75,9
2019,14.0,2019-06-20,Jackson,Nelson,West Coast,HBFL,1,340,1,6,3,0,0,0,89,8
2019,14.0,2019-06-20,Liam,Duggan,West Coast,INT,6,179,3,12,1,0,1,0,92,11
2019,14.0,2019-06-20,Kyle,Langford,Essendon,INT,7,271,1,25,6,1,4,0,67,10
2019,14.0,2019-06-20,Jayden,Laverde,Essendon,CHF,7,174,0,8,1,0,3,0,92,12
2019,14.0,2019-06-20,Conor,McKenna,Essendon,HBFL,2,360,1,7,0,0,0,0,88,15
2019,14.0,2019-06-20,Anthony,McDonald-Tipungwuti,Essendon,FPR,3,101,1,11,1,0,2,1,100,6
2019,14.0,2019-06-20,Darcy,Parish,Essendon,INT,4,278,3,13,5,0,5,0,63,17
2019,14.0,2019-06-20,Mason,Redman,Essendon,WL,5,506,2,16,3,0,2,0,68,15
2019,14.0,2019-06-20,Andrew,McGrath,Essendon,BPR,3,166,3,14,2,0,5,0,78,14
2019,14.0,2019-06-20,Josh,Begley,Essendon,HFFR,3,218,2,10,5,1,5,1,73,11
2019,14.0,2019-06-20,Liam,Ryan,West Coast,FPL,9,216,2,13,2,0,6,1,60,9
2019,14.0,2019-06-20,Matt,Guelfi,Essendon,INT,0,107,1,4,1,0,2,0,67,2
2019,14.0,2019-06-20,Jack,Petruccelle,West Coast,INT,6,257,2,17,2,0,4,1,50,5
2019,14.0,2019-06-20,Dylan,Clarke,Essendon,WR,3,167,0,26,2,2,2,0,87,13
2019,14.0,2019-06-20,Oscar,Allen,West Coast,FPR,8,187,4,12,4,1,5,0,60,9
2019,14.0,2019-06-20,Jarrod,Cameron,West Coast,INT,6,174,1,18,1,0,1,1,57,4
2019,14.0,2019-06-21,Shaun,Burgoyne,Hawthorn,WL,1,335,5,9,6,0,3,0,61,11
2019,14.0,2019-06-21,Lance,Franklin,Sydney,FF,4,166,0,4,3,0,0,0,80,4
2019,14.0,2019-06-21,Jarryd,Roughead,Hawthorn,HBFL,5,60,2,11,3,0,4,1,78,7
2019,14.0,2019-06-21,James,Frawley,Hawthorn,FB,2,175,5,3,2,0,2,0,75,9
2019,14.0,2019-06-21,Josh P.,Kennedy,Sydney,INT,5,221,1,16,5,3,12,0,58,11
2019,14.0,2019-06-21,Ben,McEvoy,Hawthorn,FF,2,2,2,12,2,0,2,0,83,5
2019,14.0,2019-06-21,Liam,Shiels,Hawthorn,C,4,335,2,29,8,1,5,4,56,14
2019,14.0,2019-06-21,Tom,Scully,Hawthorn,INT,4,153,1,13,0,1,1,0,75,6
2019,14.0,2019-06-21,Ricky,Henderson,Hawthorn,WR,6,547,6,14,2,1,5,0,76,22
2019,14.0,2019-06-21,Jack,Gunston,Hawthorn,CHF,6,190,0,5,4,0,2,0,67,8
2019,14.0,2019-06-21,Daniel,Menzel,Sydney,INT,3,141,1,12,4,0,3,0,89,8
2019,14.0,2019-06-21,Sam,Reid,Sydney,CHF,5,66,0,16,0,0,1,3,60,3
2019,14.0,2019-06-21,Paul,Puopolo,Hawthorn,HFFR,2,29,0,23,1,0,3,0,78,7
2019,14.0,2019-06-21,Isaac,Smith,Hawthorn,FPL,8,532,1,14,4,0,4,1,71,17
2019,14.0,2019-06-21,Luke,Parker,Sydney,C,6,383,4,30,5,2,8,3,74,23
2019,14.0,2019-06-21,Luke,Breust,Hawthorn,HFFL,5,195,1,11,4,0,3,0,78,7
2019,14.0,2019-06-21,Dane,Rampe,Sydney,FB,4,200,8,7,1,0,2,0,100,17
2019,14.0,2019-06-21,Jaeger,O'Meara,Hawthorn,R,2,413,1,22,3,3,7,2,50,14
2019,14.0,2019-06-21,Callum,Sinclair,Sydney,RK,2,260,5,8,1,0,6,0,59,10
2019,14.0,2019-06-21,Jonathon,Ceglar,Hawthorn,RK,3,117,1,5,2,0,1,0,67,8
2019,14.0,2019-06-21,Jarman,Impey,Hawthorn,FPR,6,391,2,5,1,0,1,0,100,15
2019,14.0,2019-06-21,Tim,O'Brien,Hawthorn,BPL,1,209,5,3,2,0,1,0,62,8
2019,14.0,2019-06-21,Jake,Lloyd,Sydney,HBFR,4,385,1,10,3,0,3,0,82,23
2019,14.0,2019-06-21,Zak,Jones,Sydney,R,6,364,4,24,5,1,10,3,59,16
2019,14.0,2019-06-21,Isaac,Heeney,Sydney,HFFL,6,385,1,15,3,0,5,2,65,15
2019,14.0,2019-06-21,James,Sicily,Hawthorn,CHB,3,163,3,11,4,0,1,1,38,3
2019,14.0,2019-06-21,James,Rose,Sydney,INT,2,309,1,13,2,0,4,0,65,11
2019,14.0,2019-06-21,George,Hewett,Sydney,RR,4,104,0,21,2,2,10,1,67,12
2019,14.0,2019-06-21,Callum,Mills,Sydney,HBFL,4,165,5,4,2,1,2,0,95,20
2019,14.0,2019-06-21,Tom,Papley,Sydney,HFFR,6,214,0,18,3,0,3,2,75,9
2019,14.0,2019-06-21,Aliir,Aliir,Sydney,CHB,2,306,5,6,6,0,1,0,69,11
2019,14.0,2019-06-21,Kaiden,Brand,Hawthorn,BPR,2,39,7,4,3,0,4,0,85,11
2019,14.0,2019-06-21,Ryan,Clarke,Sydney,WR,2,210,4,14,4,0,5,0,70,14
2019,14.0,2019-06-21,Blake,Hardwick,Hawthorn,HBFR,5,97,3,9,1,0,3,0,85,11
2019,14.0,2019-06-21,Oliver,Florent,Sydney,WL,4,159,0,18,2,0,0,0,73,8
2019,14.0,2019-06-21,Will,Hayward,Sydney,FPR,8,197,2,15,0,0,3,1,56,5
2019,14.0,2019-06-21,Jordan,Dawson,Sydney,INT,6,349,8,17,2,0,4,0,82,18
2019,14.0,2019-06-21,Lewis,Melican,Sydney,BPR,4,167,5,8,3,0,3,0,79,11
2019,14.0,2019-06-21,Conor,Glass,Hawthorn,INT,5,317,7,12,3,0,7,0,70,14
2019,14.0,2019-06-21,Harry,Morrison,Hawthorn,INT,1,34,0,17,1,0,3,0,57,4
2019,14.0,2019-06-21,James,Worpel,Hawthorn,RR,1,137,3,27,4,1,8,0,68,13
2019,14.0,2019-06-21,Colin,O'Riordan,Sydney,BPL,4,219,6,5,3,1,2,0,79,11
2019,14.0,2019-06-21,Nick,Blakey,Sydney,FPL,3,92,0,15,1,0,2,1,91,10
2019,14.0,2019-06-21,Dylan,Moore,Hawthorn,INT,6,125,3,16,1,0,6,1,71,10
2019,14.0,2019-06-22,David,Mundy,Fremantle,R,7,153,1,16,2,1,8,0,65,11
2019,14.0,2019-06-22,Nathan,Jones,Melbourne,WL,6,219,8,5,4,0,6,0,73,16
2019,14.0,2019-06-22,Stephen,Hill,Fremantle,INT,2,189,0,3,4,0,2,0,56,5
2019,14.0,2019-06-22,Michael,Walters,Fremantle,HFFR,8,371,2,17,2,2,4,1,67,12
2019,14.0,2019-06-22,Nat,Fyfe,Fremantle,C,3,237,2,18,6,4,7,1,71,22
2019,14.0,2019-06-22,Reece,Conca,Fremantle,RR,3,412,4,10,7,0,7,0,39,10
2019,14.0,2019-06-22,Brandon,Matera,Fremantle,FPR,7,388,4,12,3,0,6,2,78,14
2019,14.0,2019-06-22,Steven,May,Melbourne,FB,2,360,7,8,6,0,6,0,67,12
2019,14.0,2019-06-22,Max,Gawn,Melbourne,RK,2,288,1,7,6,3,4,0,65,13
2019,14.0,2019-06-22,Tom,McDonald,Melbourne,FPR,6,359,5,8,6,0,8,1,54,15
2019,14.0,2019-06-22,Nathan,Wilson,Fremantle,FB,2,345,1,8,3,0,1,0,80,8
2019,14.0,2019-06-22,Bradley,Hill,Fremantle,WL,4,474,5,9,8,2,8,0,61,19
2019,14.0,2019-06-22,Sam,Frost,Melbourne,CHB,5,247,12,5,2,0,6,0,78,14
2019,14.0,2019-06-22,Jack,Viney,Melbourne,RR,4,287,4,18,5,2,12,0,75,21
2019,14.0,2019-06-22,Christian,Salem,Melbourne,HBFR,5,323,6,11,1,0,6,0,85,17
2019,14.0,2019-06-22,Angus,Brayshaw,Melbourne,INT,1,316,5,12,4,0,4,0,83,20
2019,14.0,2019-06-22,Jesse,Hogan,Fremantle,FF,0,6,3,2,2,0,4,0,40,2
2019,14.0,2019-06-22,Joel,Hamling,Fremantle,BPL,1,158,7,7,4,0,4,0,81,13
2019,14.0,2019-06-22,Alex,Neal-Bullen,Melbourne,R,3,230,0,20,1,0,3,3,67,10
2019,14.0,2019-06-22,James,Harmes,Melbourne,WR,1,257,0,21,5,1,5,1,50,9
2019,14.0,2019-06-22,Ed,Langdon,Fremantle,WR,6,565,6,20,2,0,4,0,71,17
2019,14.0,2019-06-22,Connor,Blakely,Fremantle,HBFR,2,158,2,12,2,0,3,0,83,15
2019,14.0,2019-06-22,Ethan,Hughes,Fremantle,HBFL,3,197,8,6,1,0,8,0,77,13
2019,14.0,2019-06-22,Clayton,Oliver,Melbourne,C,7,412,0,20,8,3,11,2,75,21
2019,14.0,2019-06-22,Josh,Wagner,Melbourne,INT,2,290,4,9,3,0,3,0,53,8
2019,14.0,2019-06-22,Jayden,Hunt,Melbourne,INT,2,212,2,8,4,1,4,1,55,6
2019,14.0,2019-06-22,Darcy,Tucker,Fremantle,HFFL,4,420,1,16,9,0,3,0,50,11
2019,14.0,2019-06-22,Christian,Petracca,Melbourne,FPL,8,351,0,23,5,1,4,3,77,17
2019,14.0,2019-06-22,Sam,Weideman,Melbourne,CHF,2,109,0,2,2,0,0,0,83,5
2019,14.0,2019-06-22,Mitch,Hannan,Melbourne,INT,2,93,1,6,3,0,3,0,71,5
2019,14.0,2019-06-22,Tim,Smith,Melbourne,HFFR,7,162,4,13,1,0,4,4,60,6
2019,14.0,2019-06-22,Griffin,Logue,Fremantle,CHB,2,175,12,10,4,0,7,0,88,15
2019,14.0,2019-06-22,Luke,Ryan,Fremantle,BPR,2,278,8,7,3,0,3,0,88,14
2019,14.0,2019-06-22,Brennan,Cox,Fremantle,CHF,3,72,0,8,3,0,4,0,70,7
2019,14.0,2019-06-22,Sean,Darcy,Fremantle,RK,2,112,1,9,3,2,3,0,75,6
2019,14.0,2019-06-22,Andrew,Brayshaw,Fremantle,INT,2,136,2,13,4,1,6,0,60,12
2019,14.0,2019-06-22,Bayley,Fritsch,Melbourne,FF,4,378,6,6,6,0,4,0,50,9
2019,14.0,2019-06-22,Taylin,Duman,Fremantle,INT,1,317,9,5,5,0,6,0,67,12
2019,14.0,2019-06-22,Harrison,Petty,Melbourne,BPR,0,85,6,9,3,0,2,0,60,6
2019,14.0,2019-06-22,Sam,Switkowski,Fremantle,FPL,5,146,2,18,3,1,3,0,80,12
2019,14.0,2019-06-22,Marty,Hore,Melbourne,HBFL,3,285,6,9,3,0,3,0,77,10
2019,14.0,2019-06-22,Jay,Lockhart,Melbourne,BPL,5,432,7,3,3,0,9,0,76,16
2019,14.0,2019-06-22,Oskar,Baker,Melbourne,HFFL,1,381,2,15,4,1,3,0,53,8
2019,14.0,2019-06-22,Brett,Bewley,Fremantle,INT,1,247,5,16,5,0,8,0,56,9
2019,14.0,2019-06-22,Luke,Hodge,Brisbane Lions,BPL,3,269,4,10,2,0,4,1,78,14
2019,14.0,2019-06-22,David,Armitage,St Kilda,R,0,218,5,14,8,0,3,0,56,9
2019,14.0,2019-06-22,Stefan,Martin,Brisbane Lions,RK,8,319,3,8,5,4,6,0,55,12
2019,14.0,2019-06-22,Mitch,Robinson,Brisbane Lions,HFFR,4,404,6,17,6,0,7,0,68,15
2019,14.0,2019-06-22,Daniel,Rich,Brisbane Lions,BPR,2,503,7,6,2,0,4,0,88,21
2019,14.0,2019-06-22,Dan,Hannebery,St Kilda,HFFL,3,354,2,13,3,2,8,0,67,18
2019,14.0,2019-06-22,Shane,Savage,St Kilda,BPR,0,159,5,11,1,0,5,0,86,12
2019,14.0,2019-06-22,Jake,Carlisle,St Kilda,FB,3,12,5,5,1,0,2,0,82,9
2019,14.0,2019-06-22,Ryan,Lester,Brisbane Lions,HBFR,0,224,3,20,4,0,1,0,70,7
2019,14.0,2019-06-22,Allen,Christensen,Brisbane Lions,INT,5,202,1,21,2,1,7,5,83,15
2019,14.0,2019-06-22,Jack,Newnes,St Kilda,WR,1,37,0,15,1,0,2,0,50,4
2019,14.0,2019-06-22,Lachie,Neale,Brisbane Lions,C,4,338,1,20,2,4,3,0,72,18
2019,14.0,2019-06-22,Josh,Bruce,St Kilda,CHF,9,245,5,14,1,0,5,1,67,10
2019,14.0,2019-06-22,Jarryd,Lyons,Brisbane Lions,R,5,379,5,22,4,3,10,2,54,13
2019,14.0,2019-06-22,Dayne,Zorko,Brisbane Lions,WL,9,516,3,25,5,1,10,2,75,21
2019,14.0,2019-06-22,Lincoln,McCarthy,Brisbane Lions,WR,8,246,0,15,4,1,7,1,57,12
2019,14.0,2019-06-22,Sebastian,Ross,St Kilda,C,3,348,1,23,6,2,7,0,70,21
2019,14.0,2019-06-22,Dean,Kent,St Kilda,FPR,1,108,0,17,1,0,3,2,86,6
2019,14.0,2019-06-22,Jack,Billings,St Kilda,WL,5,339,2,21,2,0,2,2,52,12
2019,14.0,2019-06-22,Luke,Dunstan,St Kilda,RR,6,361,2,27,4,3,4,0,68,13
2019,14.0,2019-06-22,Darcy,Gardiner,Brisbane Lions,CHB,5,170,5,4,2,0,3,0,93,13
2019,14.0,2019-06-22,Blake,Acres,St Kilda,INT,6,187,3,15,4,2,6,0,67,14
2019,14.0,2019-06-22,Charlie,Cameron,Brisbane Lions,FPL,8,289,2,8,3,0,5,1,62,8
2019,14.0,2019-06-22,Daniel,McStay,Brisbane Lions,FF,6,144,1,8,1,0,3,3,75,9
2019,14.0,2019-06-22,Tim,Membrey,St Kilda,FF,4,124,1,6,2,0,4,0,73,8
2019,14.0,2019-06-22,Jack,Sinclair,St Kilda,HFFR,4,430,2,13,4,0,5,0,67,12
2019,14.0,2019-06-22,Harris,Andrews,Brisbane Lions,FB,2,16,4,8,1,0,2,0,92,11
2019,14.0,2019-06-22,Daniel,McKenzie,St Kilda,BPL,2,-4,3,11,0,0,4,0,75,6
2019,14.0,2019-06-22,Jonathon,Marsh,St Kilda,HBFR,0,29,3,10,1,0,2,0,40,2
2019,14.0,2019-06-22,Jade,Gresham,St Kilda,FPL,3,327,4,22,7,0,10,0,71,17
2019,14.0,2019-06-22,Rhys,Mathieson,Brisbane Lions,INT,3,154,1,20,2,2,5,1,69,9
2019,14.0,2019-06-22,Eric,Hipwood,Brisbane Lions,CHF,8,351,4,12,3,0,3,1,53,8
2019,14.0,2019-06-22,Hugh,McCluggage,Brisbane Lions,RR,8,290,4,26,3,1,8,1,64,14
2019,14.0,2019-06-22,Alex,Witherden,Brisbane Lions,HBFL,6,372,4,18,1,0,4,0,91,19
2019,14.0,2019-06-22,Josh,Battle,St Kilda,CHB,2,289,5,16,3,0,4,0,63,10
2019,14.0,2019-06-22,Rowan,Marshall,St Kilda,RK,4,222,3,12,2,2,4,0,75,9
2019,14.0,2019-06-22,Jacob,Allison,Brisbane Lions,INT,2,158,0,10,5,0,3,0,54,7
2019,14.0,2019-06-22,Hunter,Clark,St Kilda,INT,3,243,4,9,3,0,4,0,90,17
2019,14.0,2019-06-22,Cam,Rayner,Brisbane Lions,HFFL,6,101,2,11,2,0,5,1,69,9
2019,14.0,2019-06-22,Oscar,McInerney,Brisbane Lions,FPR,5,133,1,9,2,0,3,2,73,8
2019,14.0,2019-06-22,Matthew,Parker,St Kilda,INT,4,312,2,18,1,0,0,1,83,10
2019,14.0,2019-06-22,Callum,Wilkie,St Kilda,HBFL,1,342,3,14,7,0,3,0,69,11
2019,14.0,2019-06-22,Noah,Answerth,Brisbane Lions,INT,0,115,2,11,1,0,1,0,88,7
2019,14.0,2019-06-22,Nick,Hind,St Kilda,INT,8,301,2,21,1,0,2,0,92,12
2019,14.0,2019-06-22,Gary,Ablett,Geelong,FPL,4,423,2,12,5,1,8,1,63,12
2019,14.0,2019-06-22,Joel,Selwood,Geelong,R,4,377,2,17,5,0,8,0,53,10
2019,14.0,2019-06-22,Tom,Hawkins,Geelong,HFFR,1,32,0,7,2,0,1,3,60,3
2019,14.0,2019-06-22,Robbie,Gray,Port Adelaide,RR,5,436,4,8,4,4,7,0,55,17
2019,14.0,2019-06-22,Travis,Boak,Port Adelaide,R,2,315,1,18,6,1,10,1,57,17
2019,14.0,2019-06-22,Brad,Ebert,Port Adelaide,FPL,5,203,0,11,2,0,3,2,42,5
2019,14.0,2019-06-22,Harry,Taylor,Geelong,CHB,1,221,7,10,3,0,6,0,71,10
2019,14.0,2019-06-22,Patrick,Dangerfield,Geelong,WL,8,582,3,13,4,2,8,0,67,18
2019,14.0,2019-06-22,Hamish,Hartlett,Port Adelaide,HBFL,2,184,7,7,0,0,4,1,75,12
2019,14.0,2019-06-22,Mitch,Duncan,Geelong,WR,5,386,6,9,4,0,9,0,80,28
2019,14.0,2019-06-22,Steven,Motlop,Port Adelaide,CHF,2,256,0,17,8,0,3,0,53,9
2019,14.0,2019-06-22,Gary,Rohan,Geelong,FF,1,91,0,12,1,0,2,0,40,2
2019,14.0,2019-06-22,Rhys,Stanley,Geelong,RK,2,215,0,16,2,3,4,0,86,6
2019,14.0,2019-06-22,Cameron,Guthrie,Geelong,RR,3,163,1,23,3,1,2,1,71,10
2019,14.0,2019-06-22,Charlie,Dixon,Port Adelaide,FF,4,77,0,11,4,0,2,2,50,4
2019,14.0,2019-06-22,Zach,Tuohy,Geelong,BPL,6,505,7,6,4,0,5,0,68,19
2019,14.0,2019-06-22,Luke,Dahlhaus,Geelong,HFFL,3,49,1,22,2,0,3,0,71,5
2019,14.0,2019-06-22,Scott,Lycett,Port Adelaide,RK,5,450,6,13,4,3,9,0,67,16
2019,14.0,2019-06-22,Tom,Jonas,Port Adelaide,BPL,0,143,2,7,2,0,2,0,86,6
2019,14.0,2019-06-22,Ollie,Wines,Port Adelaide,C,4,284,3,13,6,0,6,0,50,10
2019,14.0,2019-06-22,Mark,Blicavs,Geelong,HBFL,0,219,5,26,4,0,1,0,80,8
2019,14.0,2019-06-22,Tom,Clurey,Port Adelaide,FB,0,63,6,8,0,0,1,0,100,10
2019,14.0,2019-06-22,Sam,Gray,Port Adelaide,HFFL,4,177,4,17,2,1,9,0,71,15
2019,14.0,2019-06-22,Karl,Amon,Port Adelaide,WR,6,620,5,19,4,0,6,0,78,18
2019,14.0,2019-06-22,Jake,Kolodjashnij,Geelong,FB,0,171,5,21,5,0,3,0,50,6
2019,14.0,2019-06-22,Dougal,Howard,Port Adelaide,INT,5,140,1,8,0,1,4,0,90,9
2019,14.0,2019-06-22,Darcy,Byrne-Jones,Port Adelaide,HBFR,1,253,7,20,3,0,6,0,61,11
2019,14.0,2019-06-22,Ryan,Burton,Port Adelaide,CHB,4,439,7,17,3,0,6,0,57,12
2019,14.0,2019-06-22,Riley,Bonner,Port Adelaide,INT,3,420,3,9,6,0,4,0,80,12
2019,14.0,2019-06-22,Dan,Houston,Port Adelaide,INT,1,264,1,15,5,0,10,1,65,17
2019,14.0,2019-06-22,Brandan,Parfitt,Geelong,INT,2,156,3,26,5,0,8,2,65,11
2019,14.0,2019-06-22,Tom,Stewart,Geelong,HBFR,2,533,10,8,6,0,4,0,78,18
2019,14.0,2019-06-22,Mark,O'Connor,Geelong,BPR,1,224,3,12,4,0,2,0,82,9
2019,14.0,2019-06-22,Tim,Kelly,Geelong,C,5,213,3,28,3,1,8,1,53,9
2019,14.0,2019-06-22,Jack,Henry,Geelong,INT,2,220,5,6,1,0,3,0,75,9
2019,14.0,2019-06-22,Kane,Farrell,Port Adelaide,INT,2,78,0,13,0,0,2,1,75,3
2019,14.0,2019-06-22,Tom,Atkins,Geelong,FPR,6,166,4,27,1,0,9,2,80,12
2019,14.0,2019-06-22,Jordan,Clark,Geelong,INT,4,344,0,17,5,0,1,0,64,9
2019,14.0,2019-06-22,Gryan,Miers,Geelong,INT,1,127,1,11,1,0,2,0,33,2
2019,14.0,2019-06-22,Zak,Butters,Port Adelaide,HFFR,1,123,1,16,2,0,4,2,54,7
2019,14.0,2019-06-22,Xavier,Duursma,Port Adelaide,WL,2,275,2,15,2,1,8,0,65,13
2019,14.0,2019-06-22,Connor,Rozee,Port Adelaide,FPR,5,231,2,13,1,0,4,3,63,10
2019,14.0,2019-06-22,Darcy,Fort,Geelong,CHF,3,96,0,11,1,0,2,1,71,5
2019,14.0,2019-06-22,Joel,Garner,Port Adelaide,BPR,2,119,9,10,4,0,7,0,58,7
2019,14.0,2019-06-23,Scott,Pendlebury,Collingwood,C,3,348,2,23,3,0,1,0,65,13
2019,14.0,2019-06-23,Travis,Varcoe,Collingwood,FPR,6,145,5,25,2,0,9,0,81,13
2019,14.0,2019-06-23,Ben,Reid,Collingwood,INT,5,123,1,8,1,0,4,1,93,13
2019,14.0,2019-06-23,Chris,Mayne,Collingwood,WR,3,41,5,19,1,2,6,0,93,14
2019,14.0,2019-06-23,Matthew,Suckling,Western Bulldogs,HFFL,8,380,6,16,3,0,4,1,71,15
2019,14.0,2019-06-23,Levi,Greenwood,Collingwood,BPR,2,87,2,9,1,0,2,0,63,5
2019,14.0,2019-06-23,Steele,Sidebottom,Collingwood,R,5,540,2,30,4,0,6,1,70,23
2019,14.0,2019-06-23,Easton,Wood,Western Bulldogs,HBFR,6,79,5,8,1,0,3,0,92,12
2019,14.0,2019-06-23,Jackson,Trengove,Western Bulldogs,FB,2,228,11,9,5,0,5,0,84,16
2019,14.0,2019-06-23,Jordan,Roughead,Collingwood,FB,1,182,12,8,2,0,2,0,100,16
2019,14.0,2019-06-23,Jeremy,Howe,Collingwood,HBFR,1,117,2,5,2,0,1,0,75,3
2019,14.0,2019-06-23,Will,Hoskin-Elliott,Collingwood,HFFR,3,382,3,17,5,0,1,0,79,15
2019,14.0,2019-06-23,Tory,Dickson,Western Bulldogs,INT,7,161,3,14,0,0,5,0,90,18
2019,14.0,2019-06-23,Adam,Treloar,Collingwood,RR,4,228,3,33,9,5,10,0,69,25
2019,14.0,2019-06-23,Jack,Crisp,Collingwood,HBFL,5,350,8,19,6,0,7,0,76,25
2019,14.0,2019-06-23,Hayden,Crozier,Western Bulldogs,INT,1,192,5,6,3,0,4,0,92,12
2019,14.0,2019-06-23,Jason,Johannisen,Western Bulldogs,BPL,4,501,3,13,4,0,2,0,90,17
2019,14.0,2019-06-23,Josh,Thomas,Collingwood,HFFL,2,72,2,33,2,1,5,0,80,12
2019,14.0,2019-06-23,Taylor,Duryea,Western Bulldogs,WR,6,314,5,7,5,0,4,0,59,13
2019,14.0,2019-06-23,Jack,Macrae,Western Bulldogs,R,6,409,2,26,6,0,10,2,76,31
2019,14.0,2019-06-23,Lachie,Hunter,Western Bulldogs,WL,4,345,6,21,5,1,9,1,76,25
2019,14.0,2019-06-23,Brodie,Grundy,Collingwood,RK,7,285,4,16,6,1,3,0,68,17
2019,14.0,2019-06-23,James,Aish,Collingwood,INT,2,317,5,14,7,0,3,0,67,12
2019,14.0,2019-06-23,Sam,Lloyd,Western Bulldogs,HFFR,10,348,1,21,2,0,4,0,63,10
2019,14.0,2019-06-23,Marcus,Bontempelli,Western Bulldogs,FPL,10,444,3,24,5,7,12,5,70,21
2019,14.0,2019-06-23,Jordan,De Goey,Collingwood,FPL,7,303,0,5,4,0,1,0,64,9
2019,14.0,2019-06-23,Brayden,Maynard,Collingwood,BPL,0,417,7,19,4,0,3,0,63,12
2019,14.0,2019-06-23,Darcy,Moore,Collingwood,CHB,2,251,3,4,1,0,3,0,94,15
2019,14.0,2019-06-23,Caleb,Daniel,Western Bulldogs,HBFL,6,445,10,12,5,0,6,0,66,23
2019,14.0,2019-06-23,Roarke,Smith,Western Bulldogs,FPR,5,78,3,18,1,0,2,1,58,7
2019,14.0,2019-06-23,Zaine,Cordy,Western Bulldogs,CHB,1,109,2,8,3,0,2,0,70,7
2019,14.0,2019-06-23,Josh,Dunkley,Western Bulldogs,RR,4,322,6,24,8,3,16,0,46,16
2019,14.0,2019-06-23,Josh,Schache,Western Bulldogs,CHF,3,86,1,10,1,0,2,0,67,6
2019,14.0,2019-06-23,Mason,Cox,Collingwood,CHF,5,153,0,9,5,0,0,0,67,6
2019,14.0,2019-06-23,Bailey,Williams,Western Bulldogs,INT,5,274,2,23,3,0,4,2,65,11
2019,14.0,2019-06-23,Tom,Phillips,Collingwood,WL,3,241,5,13,3,0,8,0,76,16
2019,14.0,2019-06-23,Tim,English,Western Bulldogs,RK,9,100,2,13,3,0,3,0,86,12
2019,14.0,2019-06-23,Callum L.,Brown,Collingwood,INT,3,271,3,26,5,0,7,0,62,13
2019,14.0,2019-06-23,Patrick,Lipinski,Western Bulldogs,INT,6,260,3,15,6,0,7,0,78,25
2019,14.0,2019-06-23,Aaron,Naughton,Western Bulldogs,FF,5,126,0,11,1,0,3,1,90,9
2019,14.0,2019-06-23,Ed,Richards,Western Bulldogs,BPR,5,316,3,29,4,0,3,0,78,18
2019,14.0,2019-06-23,Brody,Mihocek,Collingwood,FF,2,268,1,16,5,0,3,0,75,9
2019,14.0,2019-06-23,Brayden,Sier,Collingwood,INT,4,249,1,31,9,2,4,2,45,9
2019,14.0,2019-06-23,Bailey,Smith,Western Bulldogs,C,4,58,5,17,2,1,6,1,82,9
2019,15.0,2019-06-27,Brett,Deledio,Greater Western Sydney,FPR,5,311,1,16,2,0,7,0,73,16
2019,15.0,2019-06-27,Heath,Shaw,Greater Western Sydney,HBFR,2,277,5,5,6,0,4,0,57,8
2019,15.0,2019-06-27,Shane,Mumford,Greater Western Sydney,RK,4,64,3,16,1,1,5,0,67,6
2019,15.0,2019-06-27,Tom,Bellchambers,Essendon,RK,0,66,3,9,2,1,1,0,91,10
2019,15.0,2019-06-27,Cale,Hooker,Essendon,CHB,4,157,6,12,2,0,6,0,73,11
2019,15.0,2019-06-27,Sam J.,Reid,Greater Western Sydney,WR,2,111,6,10,1,0,2,0,73,8
2019,15.0,2019-06-27,Michael,Hurley,Essendon,BPR,0,184,6,4,2,0,2,0,92,11
2019,15.0,2019-06-27,David,Zaharakis,Essendon,HFFL,2,322,2,17,6,0,4,1,74,14
2019,15.0,2019-06-27,Shaun,McKernan,Essendon,FF,3,322,3,9,1,0,0,0,83,10
2019,15.0,2019-06-27,Phil,Davis,Greater Western Sydney,FB,2,301,14,6,5,0,7,0,73,11
2019,15.0,2019-06-27,Dyson,Heppell,Essendon,R,2,333,4,15,5,0,5,1,59,13
2019,15.0,2019-06-27,Mitch,Brown,Essendon,FB,1,99,4,6,4,0,4,2,63,5
2019,15.0,2019-06-27,Jeremy,Cameron,Greater Western Sydney,CHF,4,170,1,7,2,0,1,2,77,10
2019,15.0,2019-06-27,Stephen,Coniglio,Greater Western Sydney,RR,5,307,4,15,4,3,12,1,55,18
2019,15.0,2019-06-27,Toby,Greene,Greater Western Sydney,HFFR,3,174,2,24,2,0,5,2,63,12
2019,15.0,2019-06-27,Adam,Kennedy,Greater Western Sydney,INT,4,229,4,9,3,0,4,0,72,13
2019,15.0,2019-06-27,Dylan,Shiel,Essendon,RR,2,600,4,19,7,3,8,1,55,12
2019,15.0,2019-06-27,Adam,Tomlinson,Greater Western Sydney,INT,4,404,5,17,5,0,6,1,71,12
2019,15.0,2019-06-27,Nick,Haynes,Greater Western Sydney,CHB,1,241,7,5,4,0,5,0,62,8
2019,15.0,2019-06-27,Zac,Williams,Greater Western Sydney,BPL,4,630,12,8,6,1,10,0,79,23
2019,15.0,2019-06-27,Martin,Gleeson,Essendon,BPL,0,230,6,11,4,0,3,0,69,9
2019,15.0,2019-06-27,Zach,Merrett,Essendon,C,3,446,0,22,10,3,6,0,61,17
2019,15.0,2019-06-27,Josh,Kelly,Greater Western Sydney,R,7,624,5,20,7,0,5,1,64,18
2019,15.0,2019-06-27,Orazio,Fantasia,Essendon,WL,3,119,1,15,2,0,1,1,75,6
2019,15.0,2019-06-27,Adam,Saad,Essendon,HBFR,2,451,9,14,8,0,3,0,80,16
2019,15.0,2019-06-27,Kyle,Langford,Essendon,INT,2,368,3,26,4,1,5,2,71,15
2019,15.0,2019-06-27,Jayden,Laverde,Essendon,CHF,3,203,1,12,2,0,3,2,67,6
2019,15.0,2019-06-27,Conor,McKenna,Essendon,HBFL,2,477,4,14,0,1,5,0,65,11
2019,15.0,2019-06-27,Anthony,McDonald-Tipungwuti,Essendon,FPR,2,214,0,24,3,0,4,3,73,8
2019,15.0,2019-06-27,Darcy,Parish,Essendon,INT,3,175,3,28,4,2,5,4,67,10
2019,15.0,2019-06-27,Mason,Redman,Essendon,FPL,0,293,5,12,5,0,10,0,65,11
2019,15.0,2019-06-27,Jacob,Hopper,Greater Western Sydney,INT,4,334,2,16,6,5,18,1,57,16
2019,15.0,2019-06-27,Harry,Himmelberg,Greater Western Sydney,FF,6,348,0,12,4,0,4,1,86,12
2019,15.0,2019-06-27,Aaron,Francis,Essendon,INT,1,316,5,13,5,0,3,0,56,9
2019,15.0,2019-06-27,Andrew,McGrath,Essendon,INT,1,164,3,18,0,0,4,1,77,10
2019,15.0,2019-06-27,Tim,Taranto,Greater Western Sydney,BPR,3,309,3,24,5,0,6,0,63,12
2019,15.0,2019-06-27,Harry,Perryman,Greater Western Sydney,HBFL,2,36,0,9,0,0,3,1,77,10
2019,15.0,2019-06-27,Jeremy,Finlayson,Greater Western Sydney,FPL,6,340,0,12,6,0,2,0,67,10
2019,15.0,2019-06-27,Josh,Begley,Essendon,HFFR,3,134,3,14,1,0,0,1,67,4
2019,15.0,2019-06-27,Zac,Langdon,Greater Western Sydney,HFFL,4,175,1,15,3,1,5,1,78,7
2019,15.0,2019-06-27,Dylan,Clarke,Essendon,WR,1,151,1,21,3,0,2,3,70,7
2019,15.0,2019-06-27,Sam,Taylor,Greater Western Sydney,C,1,98,2,5,2,0,2,0,100,6
2019,15.0,2019-06-27,Brent,Daniels,Greater Western Sydney,INT,8,127,0,26,1,0,4,1,64,9
2019,15.0,2019-06-27,Jackson,Hately,Greater Western Sydney,WL,2,34,3,21,2,0,2,1,85,11
2019,15.0,2019-06-28,Gary,Ablett,Geelong,FPL,6,220,1,12,4,0,7,0,53,10
2019,15.0,2019-06-28,Eddie,Betts,Adelaide,FPR,4,113,2,15,1,0,4,0,67,6
2019,15.0,2019-06-28,Richard,Douglas,Adelaide,HFFR,2,72,3,21,4,0,2,0,73,11
2019,15.0,2019-06-28,Joel,Selwood,Geelong,R,9,281,2,15,3,2,7,0,79,26
2019,15.0,2019-06-28,Bryce,Gibbs,Adelaide,INT,3,133,2,9,0,1,6,0,77,10
2019,15.0,2019-06-28,Tom,Hawkins,Geelong,HFFR,10,224,2,0,0,0,3,0,58,7
2019,15.0,2019-06-28,Harry,Taylor,Geelong,CHB,0,164,8,6,2,0,6,0,81,13
2019,15.0,2019-06-28,Patrick,Dangerfield,Geelong,WL,5,424,6,13,8,0,8,2,42,10
2019,15.0,2019-06-28,Taylor,Walker,Adelaide,CHF,7,238,0,12,2,0,2,2,60,6
2019,15.0,2019-06-28,Rory,Sloane,Adelaide,R,6,373,3,31,6,3,14,0,73,22
2019,15.0,2019-06-28,Mitch,Duncan,Geelong,WR,7,285,6,19,6,1,8,1,79,22
2019,15.0,2019-06-28,Rhys,Stanley,Geelong,CHF,6,261,1,6,3,1,5,0,62,8
2019,15.0,2019-06-28,Cameron,Guthrie,Geelong,INT,6,243,0,24,5,1,5,1,68,15
2019,15.0,2019-06-28,Brodie,Smith,Adelaide,HBFL,2,256,2,15,4,1,4,0,64,9
2019,15.0,2019-06-28,Zach,Tuohy,Geelong,BPL,2,207,6,6,2,0,5,0,89,16
2019,15.0,2019-06-28,Luke,Dahlhaus,Geelong,HFFL,7,137,0,19,4,0,7,1,81,17
2019,15.0,2019-06-28,Daniel,Talia,Adelaide,FB,1,130,6,1,1,0,3,0,71,5
2019,15.0,2019-06-28,Paul,Seedsman,Adelaide,WR,7,643,1,8,4,1,2,0,79,22
2019,15.0,2019-06-28,Luke,Brown,Adelaide,BPL,1,349,6,19,5,0,4,0,67,10
2019,15.0,2019-06-28,Mark,Blicavs,Geelong,RK,5,346,5,14,1,1,4,0,89,16
2019,15.0,2019-06-28,Brad,Crouch,Adelaide,C,6,469,2,15,8,1,4,0,67,18
2019,15.0,2019-06-28,Rory,Laird,Adelaide,BPR,3,163,5,9,3,0,4,0,91,21
2019,15.0,2019-06-28,Kyle,Hartigan,Adelaide,FPL,0,251,8,5,6,0,4,0,62,8
2019,15.0,2019-06-28,Matt,Crouch,Adelaide,RR,6,294,1,16,4,3,8,0,73,22
2019,15.0,2019-06-28,Jed,Bews,Geelong,FF,5,323,7,12,3,0,7,0,83,15
2019,15.0,2019-06-28,Jake,Kelly,Adelaide,INT,1,219,7,5,3,0,6,0,87,13
2019,15.0,2019-06-28,Jake,Kolodjashnij,Geelong,FB,1,268,6,8,1,0,2,0,93,13
2019,15.0,2019-06-28,Rory,Atkins,Adelaide,WL,5,403,7,16,4,0,4,0,79,19
2019,15.0,2019-06-28,Reilly,O'Brien,Adelaide,RK,6,282,0,12,6,2,4,2,39,7
2019,15.0,2019-06-28,Brandan,Parfitt,Geelong,INT,2,186,1,15,7,2,6,2,44,8
2019,15.0,2019-06-28,Tom,Stewart,Geelong,HBFR,5,347,5,5,2,0,4,0,89,23
2019,15.0,2019-06-28,Mark,O'Connor,Geelong,INT,2,79,2,7,1,0,2,0,100,9
2019,15.0,2019-06-28,Jordan,Gallucci,Adelaide,HFFL,6,287,0,8,2,0,2,0,73,8
2019,15.0,2019-06-28,Hugh,Greenwood,Adelaide,INT,2,151,4,20,3,1,7,1,64,9
2019,15.0,2019-06-28,Alex,Keath,Adelaide,CHB,1,236,8,14,4,0,4,0,77,13
2019,15.0,2019-06-28,Lachlan,Murphy,Adelaide,HBFR,2,130,1,18,1,0,1,2,60,6
2019,15.0,2019-06-28,Lachie,Fogarty,Geelong,INT,2,15,2,14,0,0,3,2,100,7
2019,15.0,2019-06-28,Tim,Kelly,Geelong,C,10,652,1,15,3,2,11,0,82,27
2019,15.0,2019-06-28,Jack,Henry,Geelong,HBFL,4,202,5,10,1,0,2,1,82,9
2019,15.0,2019-06-28,Elliott,Himmelberg,Adelaide,FF,6,68,0,15,1,0,1,1,89,8
2019,15.0,2019-06-28,Tom,Atkins,Geelong,FPR,1,105,0,21,2,0,3,5,43,3
2019,15.0,2019-06-28,Jordan,Clark,Geelong,RR,6,417,6,11,6,0,5,1,70,16
2019,15.0,2019-06-28,Gryan,Miers,Geelong,BPR,8,497,1,21,5,0,5,2,75,15
2019,15.0,2019-06-28,Ben,Davis,Adelaide,INT,3,104,1,9,1,0,3,0,57,4
2019,15.0,2019-06-29,Shaun,Burgoyne,Hawthorn,BPR,4,442,2,18,3,2,5,0,75,12
2019,15.0,2019-06-29,Shannon,Hurn,West Coast,BPL,0,473,8,11,6,0,4,0,90,17
2019,15.0,2019-06-29,Josh J.,Kennedy,West Coast,FF,3,147,1,6,1,0,3,0,71,5
2019,15.0,2019-06-29,James,Frawley,Hawthorn,FB,2,104,4,5,1,0,3,0,88,7
2019,15.0,2019-06-29,Will,Schofield,West Coast,FB,0,67,4,12,2,0,4,0,83,5
2019,15.0,2019-06-29,Chris,Masten,West Coast,HFFL,2,220,3,7,3,0,1,0,70,7
2019,15.0,2019-06-29,Ben,McEvoy,Hawthorn,FF,4,44,1,13,1,0,2,0,50,3
2019,15.0,2019-06-29,Liam,Shiels,Hawthorn,INT,5,554,6,27,5,0,9,0,43,13
2019,15.0,2019-06-29,Nic,Naitanui,West Coast,RK,2,116,0,14,0,1,1,0,33,2
2019,15.0,2019-06-29,Jack,Redden,West Coast,INT,3,222,2,22,4,3,10,2,73,22
2019,15.0,2019-06-29,Tom,Scully,Hawthorn,WL,5,300,3,16,4,0,6,0,50,10
2019,15.0,2019-06-29,Lewis,Jetta,West Coast,HBFR,3,470,2,15,5,0,4,1,80,12
2019,15.0,2019-06-29,Luke,Shuey,West Coast,R,4,758,6,27,8,4,12,0,44,17
2019,15.0,2019-06-29,Ricky,Henderson,Hawthorn,WR,5,355,4,17,1,0,3,1,73,11
2019,15.0,2019-06-29,Brad,Sheppard,West Coast,CHB,2,484,4,11,2,0,4,0,73,11
2019,15.0,2019-06-29,Jack,Gunston,Hawthorn,CHF,7,400,1,11,1,0,2,2,67,8
2019,15.0,2019-06-29,Jack,Darling,West Coast,CHF,8,236,1,14,1,0,5,0,59,10
2019,15.0,2019-06-29,Andrew,Gaff,West Coast,WL,4,612,2,11,6,1,5,1,56,19
2019,15.0,2019-06-29,Jamie,Cripps,West Coast,HFFR,7,276,1,16,3,0,5,4,69,9
2019,15.0,2019-06-29,Paul,Puopolo,Hawthorn,HFFR,7,104,1,24,2,0,9,3,67,8
2019,15.0,2019-06-29,Isaac,Smith,Hawthorn,INT,8,531,1,24,4,0,5,2,57,12
2019,15.0,2019-06-29,Luke,Breust,Hawthorn,HFFL,5,145,2,19,0,0,10,3,59,10
2019,15.0,2019-06-29,Tom,Hickey,West Coast,INT,3,36,0,17,2,1,7,4,64,7
2019,15.0,2019-06-29,Elliot,Yeo,West Coast,C,3,237,0,36,2,1,4,3,63,10
2019,15.0,2019-06-29,Jaeger,O'Meara,Hawthorn,RR,6,381,2,29,9,2,17,5,31,11
2019,15.0,2019-06-29,Mark,Hutchings,West Coast,WR,3,-3,1,9,3,0,4,2,71,5
2019,15.0,2019-06-29,Jonathon,Ceglar,Hawthorn,RK,7,101,1,7,0,1,2,0,46,6
2019,15.0,2019-06-29,Jarman,Impey,Hawthorn,FPR,7,415,15,17,6,0,7,0,70,14
2019,15.0,2019-06-29,Tim,O'Brien,Hawthorn,BPL,0,237,4,11,3,0,1,0,78,7
2019,15.0,2019-06-29,Dom,Sheed,West Coast,RR,5,563,4,10,6,3,9,0,63,17
2019,15.0,2019-06-29,Jackson,Nelson,West Coast,HBFL,1,218,5,12,4,0,10,0,57,12
2019,15.0,2019-06-29,Liam,Duggan,West Coast,INT,0,162,4,13,3,0,5,0,50,5
2019,15.0,2019-06-29,James,Sicily,Hawthorn,CHB,6,384,7,4,0,0,4,0,83,15
2019,15.0,2019-06-29,Daniel,Howe,Hawthorn,C,3,269,2,24,2,1,4,2,75,6
2019,15.0,2019-06-29,Blake,Hardwick,Hawthorn,HBFR,0,250,3,18,3,0,4,0,67,8
2019,15.0,2019-06-29,Conor,Glass,Hawthorn,INT,3,332,5,8,2,0,3,0,91,10
2019,15.0,2019-06-29,Liam,Ryan,West Coast,FPL,4,231,2,16,4,0,4,1,43,6
2019,15.0,2019-06-29,Willie,Rioli,West Coast,FPR,4,119,0,14,2,1,3,2,83,5
2019,15.0,2019-06-29,James,Worpel,Hawthorn,R,8,430,3,24,4,1,9,0,44,10
2019,15.0,2019-06-29,Oscar,Allen,West Coast,BPR,2,155,4,7,1,0,1,0,67,6
2019,15.0,2019-06-29,Conor,Nash,Hawthorn,HBFL,3,28,0,13,0,0,4,1,57,4
2019,15.0,2019-06-29,Dylan,Moore,Hawthorn,INT,1,28,1,19,1,0,2,2,100,8
2019,15.0,2019-06-29,Jarrod,Cameron,West Coast,INT,1,89,1,17,2,0,1,1,83,5
2019,15.0,2019-06-29,Oliver,Hanrahan,Hawthorn,FPL,5,75,2,8,3,0,5,0,60,6
2019,15.0,2019-06-29,Jarrod,Harbrow,Gold Coast,BPR,1,342,5,6,4,0,3,0,53,9
2019,15.0,2019-06-29,Josh P.,Kennedy,Sydney,C,6,263,3,17,3,0,11,1,70,19
2019,15.0,2019-06-29,Pearce,Hanley,Gold Coast,HBFL,2,379,5,12,4,0,6,0,62,13
2019,15.0,2019-06-29,Sam,Reid,Sydney,FF,2,171,2,7,1,0,2,2,67,6
2019,15.0,2019-06-29,David,Swallow,Gold Coast,RR,4,320,3,25,9,5,7,0,65,17
2019,15.0,2019-06-29,Sam,Day,Gold Coast,FB,7,128,2,14,4,0,5,0,64,7
2019,15.0,2019-06-29,Luke,Parker,Sydney,RR,6,464,1,15,5,4,10,0,65,20
2019,15.0,2019-06-29,Jack,Hombsch,Gold Coast,CHB,0,82,2,10,0,0,1,0,80,4
2019,15.0,2019-06-29,Anthony,Miles,Gold Coast,INT,3,91,3,21,3,2,9,1,62,13
2019,15.0,2019-06-29,Alex,Sexton,Gold Coast,WL,3,163,2,16,4,0,4,2,50,5
2019,15.0,2019-06-29,Dane,Rampe,Sydney,FB,5,495,8,1,0,0,8,0,83,20
2019,15.0,2019-06-29,Callum,Sinclair,Sydney,RK,2,25,0,7,0,0,1,0,100,2
2019,15.0,2019-06-29,Jarrod,Witts,Gold Coast,RK,1,176,1,9,2,0,6,0,65,11
2019,15.0,2019-06-29,Jack,Martin,Gold Coast,FPL,2,165,0,18,3,2,3,0,36,4
2019,15.0,2019-06-29,Jake,Lloyd,Sydney,HBFR,1,249,6,9,3,0,5,0,94,15
2019,15.0,2019-06-29,Zak,Jones,Sydney,WR,7,230,3,11,3,0,4,0,84,21
2019,15.0,2019-06-29,Touk,Miller,Gold Coast,R,1,126,0,16,2,1,2,0,67,8
2019,15.0,2019-06-29,Isaac,Heeney,Sydney,HFFR,9,307,3,16,2,0,6,1,88,22
2019,15.0,2019-06-29,Corey,Ellis,Gold Coast,INT,1,385,5,11,4,0,3,0,71,15
2019,15.0,2019-06-29,Peter,Wright,Gold Coast,CHF,6,238,1,8,1,0,3,0,50,7
2019,15.0,2019-06-29,Lachie,Weller,Gold Coast,WR,5,394,3,19,3,0,6,0,68,15
2019,15.0,2019-06-29,James,Rose,Sydney,INT,6,291,2,12,3,0,6,1,47,9
2019,15.0,2019-06-29,George,Hewett,Sydney,R,5,116,1,22,3,1,8,1,82,18
2019,15.0,2019-06-29,Callum,Mills,Sydney,BPL,1,140,9,6,2,0,5,0,85,17
2019,15.0,2019-06-29,Tom,Papley,Sydney,HFFL,6,290,2,12,6,0,6,1,50,9
2019,15.0,2019-06-29,Aliir,Aliir,Sydney,CHB,4,261,1,19,1,4,5,2,63,10
2019,15.0,2019-06-29,Darcy,Macpherson,Gold Coast,INT,7,374,0,22,4,0,4,0,62,13
2019,15.0,2019-06-29,Jesse,Joyce,Gold Coast,HBFR,5,259,8,17,4,0,6,0,70,16
2019,15.0,2019-06-29,Brayden,Fiorini,Gold Coast,INT,2,272,2,27,4,0,6,1,52,11
2019,15.0,2019-06-29,Oliver,Florent,Sydney,WL,3,342,5,16,6,0,7,1,50,11
2019,15.0,2019-06-29,Will,Hayward,Sydney,FPR,3,363,3,18,8,0,6,1,56,10
2019,15.0,2019-06-29,Jordan,Dawson,Sydney,HBFL,5,553,6,9,2,0,3,0,82,23
2019,15.0,2019-06-29,Lewis,Melican,Sydney,BPR,1,151,2,11,1,0,1,0,78,7
2019,15.0,2019-06-29,Brad,Scheer,Gold Coast,HFFL,4,214,1,10,2,0,3,0,44,4
2019,15.0,2019-06-29,Will,Brodie,Gold Coast,C,2,253,3,19,3,1,7,1,70,14
2019,15.0,2019-06-29,Ben,Ronke,Sydney,INT,5,244,0,12,3,0,3,0,64,7
2019,15.0,2019-06-29,Charlie,Ballard,Gold Coast,BPL,2,197,8,11,1,0,1,0,67,8
2019,15.0,2019-06-29,Tom,McCartin,Sydney,CHF,1,62,4,6,2,0,2,0,44,4
2019,15.0,2019-06-29,Wil,Powell,Gold Coast,FPR,1,29,0,19,1,0,1,0,75,3
2019,15.0,2019-06-29,Colin,O'Riordan,Sydney,INT,4,242,7,19,1,0,5,0,73,8
2019,15.0,2019-06-29,Nick,Blakey,Sydney,FPL,7,166,1,14,2,0,2,1,77,10
2019,15.0,2019-06-29,Jack,Lukosius,Gold Coast,HFFR,4,350,8,5,5,0,4,0,78,14
2019,15.0,2019-06-29,James,Rowbottom,Sydney,INT,4,310,1,19,5,1,7,1,67,14
2019,15.0,2019-06-29,Ben,King,Gold Coast,FF,3,64,0,14,3,0,1,2,43,3
2019,15.0,2019-06-29,Scott,Pendlebury,Collingwood,C,3,527,4,23,8,0,7,1,70,23
2019,15.0,2019-06-29,Travis,Varcoe,Collingwood,FPR,3,155,2,22,3,0,3,1,73,11
2019,15.0,2019-06-29,Ben,Reid,Collingwood,CHF,0,0,0,0,0,0,0,0,0,0
2019,15.0,2019-06-29,Scott,Thompson,North Melbourne,FB,2,108,7,7,1,0,5,0,92,12
2019,15.0,2019-06-29,Chris,Mayne,Collingwood,HBFR,1,221,9,12,1,0,6,0,86,19
2019,15.0,2019-06-29,Todd,Goldstein,North Melbourne,RK,4,101,2,10,2,1,6,0,100,16
2019,15.0,2019-06-29,Jack,Ziebell,North Melbourne,R,7,539,0,21,7,1,4,1,68,17
2019,15.0,2019-06-29,Levi,Greenwood,Collingwood,INT,1,157,7,10,1,0,0,0,100,15
2019,15.0,2019-06-29,Steele,Sidebottom,Collingwood,WR,1,184,4,18,5,1,6,0,57,13
2019,15.0,2019-06-29,Jordan,Roughead,Collingwood,FB,2,246,7,9,2,0,5,0,79,11
2019,15.0,2019-06-29,Ben,Cunnington,North Melbourne,RR,10,291,3,12,3,5,11,1,87,32
2019,15.0,2019-06-29,Robbie,Tarrant,North Melbourne,CHB,5,460,8,8,1,0,3,0,95,20
2019,15.0,2019-06-29,Jasper,Pittard,North Melbourne,INT,7,550,7,4,1,0,4,0,88,22
2019,15.0,2019-06-29,Shaun,Atley,North Melbourne,HBFL,7,201,11,8,1,1,10,0,89,24
2019,15.0,2019-06-29,Jared,Polec,North Melbourne,WR,5,568,5,16,7,0,6,0,52,14
2019,15.0,2019-06-29,Will,Hoskin-Elliott,Collingwood,HFFR,2,142,2,9,2,0,5,0,85,11
2019,15.0,2019-06-29,Adam,Treloar,Collingwood,RR,3,296,2,21,5,2,10,0,80,32
2019,15.0,2019-06-29,Jack,Crisp,Collingwood,HBFL,2,409,8,24,5,0,5,0,75,21
2019,15.0,2019-06-29,Marley,Williams,North Melbourne,BPL,1,336,1,16,4,0,2,0,63,12
2019,15.0,2019-06-29,Josh,Thomas,Collingwood,INT,1,123,0,32,2,0,5,0,69,9
2019,15.0,2019-06-29,Jed,Anderson,North Melbourne,INT,8,375,0,24,4,0,2,0,73,19
2019,15.0,2019-06-29,Brodie,Grundy,Collingwood,RK,3,201,3,11,3,1,9,0,61,14
2019,15.0,2019-06-29,Luke,McDonald,North Melbourne,HBFR,2,196,3,5,1,0,0,0,80,8
2019,15.0,2019-06-29,Ben,Brown,North Melbourne,FF,8,368,1,10,6,0,3,1,36,5
2019,15.0,2019-06-29,Kayne,Turner,North Melbourne,FPR,6,156,1,20,7,0,8,2,63,10
2019,15.0,2019-06-29,Mason,Wood,North Melbourne,CHF,6,185,2,17,0,0,6,1,69,11
2019,15.0,2019-06-29,Jordan,De Goey,Collingwood,FPL,3,290,1,12,5,0,3,1,41,7
2019,15.0,2019-06-29,Trent,Dumont,North Melbourne,WL,1,389,1,16,2,0,5,0,69,18
2019,15.0,2019-06-29,Brayden,Maynard,Collingwood,BPL,3,476,3,16,4,0,1,0,71,15
2019,15.0,2019-06-29,Darcy,Moore,Collingwood,CHB,1,249,4,12,2,0,3,1,85,11
2019,15.0,2019-06-29,Matthew,Scharenberg,Collingwood,BPR,1,211,3,5,2,0,2,0,100,15
2019,15.0,2019-06-29,Mason,Cox,Collingwood,INT,3,60,0,6,2,0,0,0,80,8
2019,15.0,2019-06-29,Tom,Phillips,Collingwood,WL,2,320,4,18,5,0,5,0,46,10
2019,15.0,2019-06-29,Jy,Simpkin,North Melbourne,C,6,542,2,19,7,5,13,1,83,25
2019,15.0,2019-06-29,Sam,Durdin,North Melbourne,BPR,1,168,9,10,4,0,5,0,72,13
2019,15.0,2019-06-29,Callum L.,Brown,Collingwood,HFFL,0,148,0,36,1,1,2,1,57,8
2019,15.0,2019-06-29,Cameron,Zurhaar,North Melbourne,INT,6,179,0,15,1,0,4,0,64,7
2019,15.0,2019-06-29,Nick,Larkey,North Melbourne,FPL,3,74,1,14,1,0,1,0,63,5
2019,15.0,2019-06-29,Josh,Daicos,Collingwood,INT,1,226,1,23,2,0,2,1,73,16
2019,15.0,2019-06-29,Luke,Davies-Uniacke,North Melbourne,INT,6,118,1,14,0,0,5,0,87,13
2019,15.0,2019-06-29,Brody,Mihocek,Collingwood,FF,3,299,0,15,5,0,3,1,57,8
2019,15.0,2019-06-29,Brayden,Sier,Collingwood,R,0,74,0,8,3,1,3,0,43,3
2019,15.0,2019-06-29,Tarryn,Thomas,North Melbourne,HFFL,7,70,2,32,2,0,5,1,81,13
2019,15.0,2019-06-29,Kyron,Hayden,North Melbourne,HFFR,1,9,1,17,0,0,1,1,100,4
2019,15.0,2019-06-29,Robbie,Gray,Port Adelaide,R,2,405,4,8,5,1,7,0,50,12
2019,15.0,2019-06-29,Travis,Boak,Port Adelaide,RR,3,476,2,17,6,3,11,0,53,17
2019,15.0,2019-06-29,Brad,Ebert,Port Adelaide,CHF,2,167,4,16,6,0,6,0,23,3
2019,15.0,2019-06-29,Matthew,Suckling,Western Bulldogs,HFFL,3,178,1,10,3,0,4,1,64,7
2019,15.0,2019-06-29,Hamish,Hartlett,Port Adelaide,BPR,2,490,13,6,8,1,8,0,62,18
2019,15.0,2019-06-29,Easton,Wood,Western Bulldogs,HBFR,0,165,5,7,1,0,1,0,60,3
2019,15.0,2019-06-29,Jackson,Trengove,Western Bulldogs,FB,0,126,8,16,3,0,3,0,22,2
2019,15.0,2019-06-29,Steven,Motlop,Port Adelaide,HFFR,3,100,2,23,3,0,8,2,53,10
2019,15.0,2019-06-29,Charlie,Dixon,Port Adelaide,FF,7,327,0,17,2,0,2,1,67,10
2019,15.0,2019-06-29,Scott,Lycett,Port Adelaide,RK,5,400,7,18,3,1,11,0,76,16
2019,15.0,2019-06-29,Tom,Jonas,Port Adelaide,BPL,1,408,14,6,6,0,12,0,56,10
2019,15.0,2019-06-29,Tory,Dickson,Western Bulldogs,INT,3,14,2,14,2,0,2,2,71,5
2019,15.0,2019-06-29,Hayden,Crozier,Western Bulldogs,BPR,1,323,12,9,4,0,4,0,79,11
2019,15.0,2019-06-29,Jason,Johannisen,Western Bulldogs,BPL,2,539,9,12,7,0,4,0,72,18
2019,15.0,2019-06-29,Ollie,Wines,Port Adelaide,WL,2,128,4,17,2,0,6,1,67,8
2019,15.0,2019-06-29,Taylor,Duryea,Western Bulldogs,INT,2,342,9,9,4,0,7,0,57,8
2019,15.0,2019-06-29,Jack,Macrae,Western Bulldogs,R,1,457,12,21,9,1,20,0,56,20
2019,15.0,2019-06-29,Lachie,Hunter,Western Bulldogs,WL,1,387,3,13,6,1,6,0,65,11
2019,15.0,2019-06-29,Tom,Clurey,Port Adelaide,FB,1,189,8,6,3,0,2,0,67,12
2019,15.0,2019-06-29,Sam,Lloyd,Western Bulldogs,HFFR,3,302,3,21,6,0,5,2,62,8
2019,15.0,2019-06-29,Sam,Gray,Port Adelaide,HFFL,5,217,2,18,7,1,6,1,56,10
2019,15.0,2019-06-29,Marcus,Bontempelli,Western Bulldogs,FPL,1,619,7,35,9,2,14,2,56,15
2019,15.0,2019-06-29,Caleb,Daniel,Western Bulldogs,HBFL,0,304,8,15,6,0,4,0,65,11
2019,15.0,2019-06-29,Roarke,Smith,Western Bulldogs,FPR,4,333,5,17,7,0,9,0,67,16
2019,15.0,2019-06-29,Zaine,Cordy,Western Bulldogs,CHB,2,205,7,8,2,0,2,0,44,4
2019,15.0,2019-06-29,Josh,Dunkley,Western Bulldogs,RR,5,437,5,30,5,0,11,2,38,11
2019,15.0,2019-06-29,Josh,Schache,Western Bulldogs,CHF,5,212,0,17,6,1,3,0,50,6
2019,15.0,2019-06-29,Darcy,Byrne-Jones,Port Adelaide,HBFR,1,396,12,19,9,0,11,0,58,15
2019,15.0,2019-06-29,Bailey,Williams,Western Bulldogs,INT,3,472,2,8,6,0,7,0,47,8
2019,15.0,2019-06-29,Ryan,Burton,Port Adelaide,HBFL,4,584,8,17,5,0,9,0,69,18
2019,15.0,2019-06-29,Riley,Bonner,Port Adelaide,INT,1,399,2,7,6,1,0,0,64,7
2019,15.0,2019-06-29,Dan,Houston,Port Adelaide,C,3,237,0,24,6,0,6,0,53,8
2019,15.0,2019-06-29,Tim,English,Western Bulldogs,RK,1,162,1,27,5,2,5,0,60,6
2019,15.0,2019-06-29,Patrick,Lipinski,Western Bulldogs,INT,4,245,2,44,5,0,5,2,59,10
2019,15.0,2019-06-29,Aaron,Naughton,Western Bulldogs,FF,2,35,0,21,1,0,2,0,83,5
2019,15.0,2019-06-29,Ed,Richards,Western Bulldogs,WR,0,46,0,22,3,0,2,0,50,3
2019,15.0,2019-06-29,Kane,Farrell,Port Adelaide,FPL,1,80,0,21,2,0,1,3,50,2
2019,15.0,2019-06-29,Zak,Butters,Port Adelaide,INT,1,170,6,28,9,0,11,3,57,12
2019,15.0,2019-06-29,Willem,Drew,Port Adelaide,INT,0,17,2,29,0,0,5,0,50,5
2019,15.0,2019-06-29,Xavier,Duursma,Port Adelaide,WR,1,220,4,16,4,0,1,0,73,8
2019,15.0,2019-06-29,Connor,Rozee,Port Adelaide,FPR,4,241,1,21,5,0,1,1,50,6
2019,15.0,2019-06-29,Bailey,Smith,Western Bulldogs,C,5,237,3,25,3,2,13,1,50,11
2019,15.0,2019-06-29,Joel,Garner,Port Adelaide,CHB,1,246,5,12,4,0,3,0,44,4
2019,15.0,2019-06-29,Peter,Ladhams,Port Adelaide,INT,4,74,3,8,2,0,8,1,75,9
2019,15.0,2019-06-30,Shane,Edwards,Richmond,FPL,4,152,4,12,0,0,6,0,86,12
2019,15.0,2019-06-30,Bachar,Houli,Richmond,HBFR,5,295,2,8,3,0,2,0,71,15
2019,15.0,2019-06-30,Trent,Cotchin,Richmond,RR,5,353,2,18,2,2,7,1,47,9
2019,15.0,2019-06-30,Dan,Hannebery,St Kilda,WR,3,362,0,10,8,2,4,0,65,15
2019,15.0,2019-06-30,Shane,Savage,St Kilda,BPR,2,238,3,12,1,0,2,0,95,18
2019,15.0,2019-06-30,Dustin,Martin,Richmond,R,10,712,1,8,10,5,8,0,50,18
2019,15.0,2019-06-30,David,Astbury,Richmond,BPL,2,137,6,9,2,0,4,0,90,18
2019,15.0,2019-06-30,Jake,Carlisle,St Kilda,FB,2,72,4,3,0,0,1,0,91,10
2019,15.0,2019-06-30,Dylan,Grimes,Richmond,BPR,1,94,4,12,0,0,2,0,92,12
2019,15.0,2019-06-30,Dion,Prestia,Richmond,C,11,440,3,19,4,3,9,0,72,21
2019,15.0,2019-06-30,Tom,Lynch,Richmond,FF,8,146,1,6,2,0,1,1,67,6
2019,15.0,2019-06-30,Josh,Caddy,Richmond,FPR,5,234,2,11,2,0,4,0,77,13
2019,15.0,2019-06-30,Brandon,Ellis,Richmond,WL,3,111,3,9,0,0,4,0,91,10
2019,15.0,2019-06-30,Josh,Bruce,St Kilda,CHF,7,168,0,5,4,0,4,0,69,9
2019,15.0,2019-06-30,Sebastian,Ross,St Kilda,C,6,320,1,18,3,1,3,1,67,18
2019,15.0,2019-06-30,Nick,Vlastuin,Richmond,CHB,5,143,8,10,2,1,7,0,92,24
2019,15.0,2019-06-30,Jack,Billings,St Kilda,WL,5,323,1,18,4,1,4,1,69,18
2019,15.0,2019-06-30,Luke,Dunstan,St Kilda,RR,4,341,3,16,2,2,6,1,61,11
2019,15.0,2019-06-30,Blake,Acres,St Kilda,INT,5,143,1,18,3,1,2,0,94,16
2019,15.0,2019-06-30,Tim,Membrey,St Kilda,FF,5,287,2,7,4,0,3,0,75,12
2019,15.0,2019-06-30,Kamdyn,McIntosh,Richmond,WR,3,267,2,15,6,0,3,0,64,9
2019,15.0,2019-06-30,Jack,Sinclair,St Kilda,HFFR,4,151,4,19,3,0,5,0,92,12
2019,15.0,2019-06-30,Kane,Lambert,Richmond,HFFL,6,206,1,11,5,0,7,0,70,16
2019,15.0,2019-06-30,Daniel,McKenzie,St Kilda,BPL,1,-1,2,6,0,0,1,0,89,8
2019,15.0,2019-06-30,Jack,Steele,St Kilda,R,3,68,1,24,4,1,2,1,73,8
2019,15.0,2019-06-30,Daniel,Rioli,Richmond,HFFR,5,137,1,15,2,0,2,1,70,7
2019,15.0,2019-06-30,Jade,Gresham,St Kilda,FPL,7,261,2,12,5,1,8,1,55,12
2019,15.0,2019-06-30,Jayden,Short,Richmond,INT,5,706,3,3,4,0,2,0,68,15
2019,15.0,2019-06-30,Jason,Castagna,Richmond,INT,6,162,2,6,2,0,4,0,83,10
2019,15.0,2019-06-30,Nathan,Broad,Richmond,FB,1,141,4,5,1,0,2,0,67,6
2019,15.0,2019-06-30,Mabior,Chol,Richmond,INT,7,329,5,9,3,0,4,1,75,12
2019,15.0,2019-06-30,Ben,Long,St Kilda,FPR,8,289,2,17,4,0,4,2,71,10
2019,15.0,2019-06-30,Ivan,Soldo,Richmond,RK,2,-52,3,13,1,2,2,0,100,10
2019,15.0,2019-06-30,Shai,Bolton,Richmond,CHF,8,105,0,8,1,1,5,0,85,11
2019,15.0,2019-06-30,Josh,Battle,St Kilda,CHB,2,370,3,13,3,0,0,0,90,18
2019,15.0,2019-06-30,Rowan,Marshall,St Kilda,RK,9,319,4,10,2,1,3,0,79,15
2019,15.0,2019-06-30,Jack,Graham,Richmond,INT,2,196,1,19,3,1,3,1,78,14
2019,15.0,2019-06-30,Hunter,Clark,St Kilda,HBFR,3,246,11,7,6,0,9,0,87,20
2019,15.0,2019-06-30,Nick,Coffield,St Kilda,INT,2,89,6,6,0,0,3,0,94,15
2019,15.0,2019-06-30,Ben,Paton,St Kilda,INT,2,118,3,13,2,0,5,1,77,10
2019,15.0,2019-06-30,Matthew,Parker,St Kilda,INT,4,173,0,16,0,0,2,1,82,9
2019,15.0,2019-06-30,Callum,Wilkie,St Kilda,HBFL,1,250,3,11,1,0,1,0,100,14
2019,15.0,2019-06-30,Sydney,Stack,Richmond,HBFL,8,333,3,16,1,0,4,2,73,11
2019,15.0,2019-06-30,Nick,Hind,St Kilda,HFFL,5,208,1,9,2,0,4,0,60,9
2019,15.0,2019-06-30,Luke,Hodge,Brisbane Lions,BPL,1,394,3,12,3,0,1,0,83,15
2019,15.0,2019-06-30,Nathan,Jones,Melbourne,HBFL,5,362,4,8,1,0,5,0,91,21
2019,15.0,2019-06-30,Stefan,Martin,Brisbane Lions,RK,6,159,1,15,3,1,5,0,62,13
2019,15.0,2019-06-30,Mitch,Robinson,Brisbane Lions,HFFR,5,557,6,16,5,1,7,0,62,13
2019,15.0,2019-06-30,Daniel,Rich,Brisbane Lions,BPR,5,575,6,13,1,0,5,0,88,22
2019,15.0,2019-06-30,Ryan,Lester,Brisbane Lions,HBFL,1,269,4,10,5,0,1,0,77,10
2019,15.0,2019-06-30,Allen,Christensen,Brisbane Lions,INT,5,236,2,13,1,0,4,1,71,10
2019,15.0,2019-06-30,Michael,Hibberd,Melbourne,INT,1,294,5,12,4,0,6,0,59,10
2019,15.0,2019-06-30,Steven,May,Melbourne,FB,1,359,9,6,4,0,5,0,78,14
2019,15.0,2019-06-30,Max,Gawn,Melbourne,RK,3,93,0,12,1,0,2,0,71,5
2019,15.0,2019-06-30,Tom,McDonald,Melbourne,FF,6,199,3,11,2,0,4,0,80,12
2019,15.0,2019-06-30,Lachie,Neale,Brisbane Lions,C,13,329,7,26,6,4,15,1,79,30
2019,15.0,2019-06-30,Jarryd,Lyons,Brisbane Lions,R,10,438,3,35,5,2,10,2,64,21
2019,15.0,2019-06-30,Dayne,Zorko,Brisbane Lions,WL,10,607,6,24,5,5,14,1,65,20
2019,15.0,2019-06-30,Lincoln,McCarthy,Brisbane Lions,WR,6,274,2,20,3,0,3,0,64,9
2019,15.0,2019-06-30,Sam,Frost,Melbourne,CHB,4,408,5,8,2,0,1,0,72,13
2019,15.0,2019-06-30,Jack,Viney,Melbourne,RR,6,424,2,27,6,0,10,0,61,17
2019,15.0,2019-06-30,Darcy,Gardiner,Brisbane Lions,CHB,3,270,8,5,0,0,4,0,94,15
2019,15.0,2019-06-30,Christian,Salem,Melbourne,BPR,6,586,3,11,6,0,5,0,81,26
2019,15.0,2019-06-30,Charlie,Cameron,Brisbane Lions,FPL,7,165,0,18,3,0,3,0,67,8
2019,15.0,2019-06-30,Daniel,McStay,Brisbane Lions,FF,2,21,1,7,0,0,3,0,71,5
2019,15.0,2019-06-30,Angus,Brayshaw,Melbourne,INT,4,361,3,21,7,0,8,0,64,14
2019,15.0,2019-06-30,Harris,Andrews,Brisbane Lions,FB,2,239,8,3,3,0,5,0,85,11
2019,15.0,2019-06-30,Alex,Neal-Bullen,Melbourne,WR,7,203,1,30,3,0,1,1,71,12
2019,15.0,2019-06-30,James,Harmes,Melbourne,C,7,379,3,30,4,1,9,0,85,23
2019,15.0,2019-06-30,Clayton,Oliver,Melbourne,R,5,392,4,25,4,4,11,2,75,27
2019,15.0,2019-06-30,Jayden,Hunt,Melbourne,INT,4,430,2,9,3,1,2,0,81,13
2019,15.0,2019-06-30,Christian,Petracca,Melbourne,HFFR,5,289,2,14,7,0,11,0,52,11
2019,15.0,2019-06-30,Eric,Hipwood,Brisbane Lions,CHF,9,358,0,11,3,0,1,1,85,11
2019,15.0,2019-06-30,Sam,Weideman,Melbourne,INT,4,88,1,3,1,0,3,0,63,5
2019,15.0,2019-06-30,Mitch,Hannan,Melbourne,FPL,4,230,0,17,2,0,4,1,67,10
2019,15.0,2019-06-30,Tim,Smith,Melbourne,CHF,3,96,0,15,4,0,3,0,38,3
2019,15.0,2019-06-30,Jarrod,Berry,Brisbane Lions,INT,2,163,4,22,2,0,3,0,73,8
2019,15.0,2019-06-30,Hugh,McCluggage,Brisbane Lions,RR,8,396,4,24,4,3,8,0,78,18
2019,15.0,2019-06-30,Cam,Rayner,Brisbane Lions,HFFL,7,413,3,13,5,1,6,0,56,9
2019,15.0,2019-06-30,Bayley,Fritsch,Melbourne,HBFR,4,274,3,13,2,0,4,0,88,15
2019,15.0,2019-06-30,Zac,Bailey,Brisbane Lions,FPR,2,182,6,16,3,0,6,0,87,13
2019,15.0,2019-06-30,Oscar,McInerney,Brisbane Lions,HBFR,1,53,0,6,1,2,1,0,75,3
2019,15.0,2019-06-30,Harrison,Petty,Melbourne,HFFL,2,170,3,8,2,0,0,0,75,9
2019,15.0,2019-06-30,Brandon,Starcevich,Brisbane Lions,INT,1,165,1,9,2,0,2,0,71,5
2019,15.0,2019-06-30,Marty,Hore,Melbourne,FPR,2,286,8,11,6,0,6,0,79,11
2019,15.0,2019-06-30,Jay,Lockhart,Melbourne,BPL,6,249,2,6,4,0,4,1,69,11
2019,15.0,2019-06-30,Noah,Answerth,Brisbane Lions,INT,2,322,2,21,2,1,3,1,69,9
2019,15.0,2019-06-30,Oskar,Baker,Melbourne,WL,7,308,2,15,2,0,2,1,87,13
2019,15.0,2019-06-30,Kade,Simpson,Carlton,BPR,4,359,7,14,2,1,6,0,80,12
2019,15.0,2019-06-30,David,Mundy,Fremantle,R,6,263,1,26,5,2,7,0,55,12
2019,15.0,2019-06-30,Marc,Murphy,Carlton,WL,8,429,3,25,5,1,8,2,53,18
2019,15.0,2019-06-30,Dale,Thomas,Carlton,HFFR,4,382,5,11,6,0,2,0,65,13
2019,15.0,2019-06-30,Matthew,Kreuzer,Carlton,RK,0,174,1,21,1,1,1,0,56,5
2019,15.0,2019-06-30,Michael,Walters,Fremantle,CHF,4,263,1,13,4,1,5,0,59,10
2019,15.0,2019-06-30,Nat,Fyfe,Fremantle,C,5,292,5,26,3,3,9,0,69,20
2019,15.0,2019-06-30,Liam,Jones,Carlton,BPL,2,131,8,9,4,0,2,0,73,8
2019,15.0,2019-06-30,Ed,Curnow,Carlton,HFFL,3,315,5,17,8,4,14,0,63,20
2019,15.0,2019-06-30,Reece,Conca,Fremantle,INT,4,275,7,16,5,1,9,0,55,12
2019,15.0,2019-06-30,Brandon,Matera,Fremantle,FPR,5,244,1,7,5,0,1,0,60,6
2019,15.0,2019-06-30,Nathan,Wilson,Fremantle,BPL,2,498,5,10,5,0,5,0,71,15
2019,15.0,2019-06-30,Bradley,Hill,Fremantle,WL,3,320,2,13,6,1,6,1,73,16
2019,15.0,2019-06-30,Levi,Casboult,Carlton,FB,6,133,0,15,4,0,3,0,39,5
2019,15.0,2019-06-30,Lachie,Plowman,Carlton,HBFR,2,305,8,5,8,0,5,0,63,12
2019,15.0,2019-06-30,Cam,McCarthy,Fremantle,FPL,8,311,1,7,3,0,0,0,60,6
2019,15.0,2019-06-30,Joel,Hamling,Fremantle,FB,1,250,4,2,4,0,1,0,69,9
2019,15.0,2019-06-30,Caleb,Marchbank,Carlton,HBFL,5,278,9,11,4,0,6,0,77,17
2019,15.0,2019-06-30,Ed,Langdon,Fremantle,WR,1,432,5,17,9,1,9,0,35,9
2019,15.0,2019-06-30,Connor,Blakely,Fremantle,HBFR,3,394,10,18,9,0,8,1,68,21
2019,15.0,2019-06-30,Ethan,Hughes,Fremantle,INT,4,186,13,11,6,0,9,0,72,18
2019,15.0,2019-06-30,Jacob,Weitering,Carlton,CHB,4,195,8,4,3,0,2,0,79,11
2019,15.0,2019-06-30,Mitch,McGovern,Carlton,FF,2,122,2,12,2,0,2,1,38,3
2019,15.0,2019-06-30,Charlie,Curnow,Carlton,CHF,1,45,0,2,1,0,1,0,0,0
2019,15.0,2019-06-30,Darcy,Tucker,Fremantle,HFFL,3,318,3,27,4,0,9,3,47,9
2019,15.0,2019-06-30,Matthew,Kennedy,Carlton,INT,7,85,1,17,2,1,5,0,100,13
2019,15.0,2019-06-30,Jack,Silvagni,Carlton,INT,5,248,3,25,5,2,5,1,47,7
2019,15.0,2019-06-30,Sam,Petrevski-Seton,Carlton,INT,5,344,4,20,4,0,12,1,52,12
2019,15.0,2019-06-30,Nic,Newman,Carlton,INT,7,442,12,16,3,0,7,0,68,17
2019,15.0,2019-06-30,Griffin,Logue,Fremantle,CHB,1,118,7,4,1,0,4,0,91,10
2019,15.0,2019-06-30,Zac,Fisher,Carlton,FPL,4,245,3,24,2,0,6,1,69,11
2019,15.0,2019-06-30,Luke,Ryan,Fremantle,BPR,2,304,6,7,5,0,4,0,50,9
2019,15.0,2019-06-30,Brennan,Cox,Fremantle,FF,4,47,1,15,0,1,5,2,82,9
2019,15.0,2019-06-30,Sean,Darcy,Fremantle,RK,3,-3,1,10,1,0,4,0,71,5
2019,15.0,2019-06-30,Will,Setterfield,Carlton,RR,3,329,5,14,7,0,6,0,68,13
2019,15.0,2019-06-30,Paddy,Dow,Carlton,C,5,150,0,15,1,0,4,1,86,6
2019,15.0,2019-06-30,Bailey,Banfield,Fremantle,INT,2,157,2,26,4,0,5,2,82,9
2019,15.0,2019-06-30,Andrew,Brayshaw,Fremantle,HFFR,1,170,3,23,1,0,4,3,56,5
2019,15.0,2019-06-30,Adam,Cerra,Fremantle,RR,4,252,4,7,2,0,4,0,92,12
2019,15.0,2019-06-30,Lochie,O'Brien,Carlton,WR,5,350,6,13,6,0,4,0,56,10
2019,15.0,2019-06-30,Sam,Switkowski,Fremantle,HBFL,1,122,5,22,6,0,7,0,50,7
2019,15.0,2019-06-30,Michael,Gibbons,Carlton,FPR,5,331,0,21,3,0,3,1,44,7
2019,15.0,2019-06-30,Sam,Walsh,Carlton,R,5,323,4,24,11,1,10,2,33,10
2019,15.0,2019-06-30,Brett,Bewley,Fremantle,INT,4,324,5,10,5,0,7,0,20,3
2019,16.0,2019-07-05,Shaun,Burgoyne,Hawthorn,BPR,6,200,5,19,3,1,6,0,59,10
2019,16.0,2019-07-05,Scott,Pendlebury,Collingwood,C,5,340,2,17,3,2,7,2,76,19
2019,16.0,2019-07-05,James,Frawley,Hawthorn,FB,2,210,3,4,0,0,0,0,93,13
2019,16.0,2019-07-05,Chris,Mayne,Collingwood,WR,3,69,1,15,2,1,1,1,85,11
2019,16.0,2019-07-05,Ben,McEvoy,Hawthorn,RK,2,121,3,15,3,1,2,0,82,9
2019,16.0,2019-07-05,Steele,Sidebottom,Collingwood,R,3,401,1,16,3,2,7,0,61,17
2019,16.0,2019-07-05,Liam,Shiels,Hawthorn,WR,3,409,5,28,7,0,7,2,70,14
2019,16.0,2019-07-05,Tom,Scully,Hawthorn,INT,5,88,4,10,3,0,6,0,72,13
2019,16.0,2019-07-05,Ben,Stratton,Hawthorn,HBFL,3,18,7,8,0,0,0,0,82,9
2019,16.0,2019-07-05,Jordan,Roughead,Collingwood,FB,1,119,5,11,1,0,1,0,80,8
2019,16.0,2019-07-05,Ricky,Henderson,Hawthorn,WL,3,206,3,9,0,0,1,0,58,7
2019,16.0,2019-07-05,Jack,Gunston,Hawthorn,CHF,4,308,4,14,4,0,3,1,82,9
2019,16.0,2019-07-05,Paul,Puopolo,Hawthorn,HFFR,6,189,2,28,3,0,9,2,65,11
2019,16.0,2019-07-05,Isaac,Smith,Hawthorn,R,4,683,0,12,7,0,3,0,76,19
2019,16.0,2019-07-05,Luke,Breust,Hawthorn,HFFL,7,291,4,16,2,0,8,1,82,14
2019,16.0,2019-07-05,Will,Hoskin-Elliott,Collingwood,HFFR,6,261,2,12,3,0,2,1,65,11
2019,16.0,2019-07-05,Adam,Treloar,Collingwood,RR,6,277,6,8,7,2,10,0,71,22
2019,16.0,2019-07-05,Jack,Crisp,Collingwood,HBFL,4,256,7,20,5,0,6,0,73,19
2019,16.0,2019-07-05,Jamie,Elliott,Collingwood,FPR,2,77,1,5,2,0,2,1,71,5
2019,16.0,2019-07-05,Jaeger,O'Meara,Hawthorn,RR,7,318,1,17,5,5,3,1,70,16
2019,16.0,2019-07-05,Josh,Thomas,Collingwood,INT,3,139,0,11,3,0,4,1,67,10
2019,16.0,2019-07-05,Brodie,Grundy,Collingwood,RK,5,199,2,5,5,1,4,0,67,12
2019,16.0,2019-07-05,Jarman,Impey,Hawthorn,FPR,5,526,5,10,4,0,3,0,80,20
2019,16.0,2019-07-05,Tim,O'Brien,Hawthorn,BPL,4,129,7,6,3,0,4,0,75,12
2019,16.0,2019-07-05,James,Aish,Collingwood,INT,3,237,6,13,2,0,4,0,65,11
2019,16.0,2019-07-05,Jordan,De Goey,Collingwood,FPL,4,396,3,15,6,1,9,0,52,11
2019,16.0,2019-07-05,James,Sicily,Hawthorn,CHB,2,333,10,6,4,0,5,0,93,26
2019,16.0,2019-07-05,Daniel,Howe,Hawthorn,C,3,70,2,11,2,1,6,0,75,9
2019,16.0,2019-07-05,Brayden,Maynard,Collingwood,BPL,1,234,6,21,3,0,1,0,69,9
2019,16.0,2019-07-05,Darcy,Moore,Collingwood,CHB,1,348,10,8,7,0,3,0,71,15
2019,16.0,2019-07-05,Matthew,Scharenberg,Collingwood,BPR,1,172,4,7,4,0,2,0,61,11
2019,16.0,2019-07-05,Mason,Cox,Collingwood,CHF,4,175,0,6,5,0,0,1,50,3
2019,16.0,2019-07-05,Tom,Phillips,Collingwood,WL,4,501,5,15,6,0,10,1,65,20
2019,16.0,2019-07-05,Blake,Hardwick,Hawthorn,HBFR,6,266,9,6,3,0,7,1,87,20
2019,16.0,2019-07-05,Callum L.,Brown,Collingwood,HFFL,5,180,4,23,2,0,5,2,60,9
2019,16.0,2019-07-05,Conor,Glass,Hawthorn,INT,0,235,2,11,5,0,0,0,50,7
2019,16.0,2019-07-05,Josh,Daicos,Collingwood,INT,4,236,2,13,4,0,5,1,40,6
2019,16.0,2019-07-05,James,Worpel,Hawthorn,INT,5,430,1,15,6,1,7,0,48,11
2019,16.0,2019-07-05,Mitch,Lewis,Hawthorn,FF,5,164,2,9,3,0,3,2,63,10
2019,16.0,2019-07-05,Brody,Mihocek,Collingwood,FF,3,240,2,16,2,0,2,2,83,10
2019,16.0,2019-07-05,Brayden,Sier,Collingwood,INT,2,129,0,7,4,1,3,0,56,5
2019,16.0,2019-07-05,Conor,Nash,Hawthorn,FPL,6,12,2,10,2,0,2,3,67,6
2019,16.0,2019-07-05,Oliver,Hanrahan,Hawthorn,INT,6,219,1,14,3,1,5,2,63,10
2019,16.0,2019-07-05,Isaac,Quaynor,Collingwood,HBFR,3,282,3,14,2,0,6,0,72,13
2019,16.0,2019-07-06,Josh P.,Kennedy,Sydney,RR,5,279,4,15,6,1,12,1,77,27
2019,16.0,2019-07-06,Cale,Hooker,Essendon,FB,4,164,2,7,1,0,2,0,92,12
2019,16.0,2019-07-06,Michael,Hurley,Essendon,CHB,2,368,9,4,5,0,3,0,78,18
2019,16.0,2019-07-06,David,Zaharakis,Essendon,BPR,4,432,2,10,6,1,5,0,73,16
2019,16.0,2019-07-06,Zac,Clarke,Essendon,RK,3,35,0,12,1,0,0,0,80,4
2019,16.0,2019-07-06,Shaun,McKernan,Essendon,FF,4,250,2,12,8,0,2,0,47,8
2019,16.0,2019-07-06,Sam,Reid,Sydney,RK,3,190,1,14,3,0,3,2,71,10
2019,16.0,2019-07-06,Luke,Parker,Sydney,FPL,5,153,3,24,3,2,6,0,79,15
2019,16.0,2019-07-06,Mitch,Brown,Essendon,CHF,5,268,0,7,5,0,1,0,79,11
2019,16.0,2019-07-06,Dylan,Shiel,Essendon,RR,7,557,5,23,5,4,4,1,76,22
2019,16.0,2019-07-06,Harry,Cunningham,Sydney,WL,5,190,3,13,0,0,1,1,94,17
2019,16.0,2019-07-06,Dane,Rampe,Sydney,FB,2,574,7,15,4,0,5,0,83,19
2019,16.0,2019-07-06,Jake,Stringer,Essendon,INT,3,160,2,20,2,1,4,1,60,6
2019,16.0,2019-07-06,Martin,Gleeson,Essendon,INT,2,274,8,10,4,0,5,0,67,10
2019,16.0,2019-07-06,Zach,Merrett,Essendon,C,6,409,2,17,2,1,4,0,67,12
2019,16.0,2019-07-06,Jake,Lloyd,Sydney,HBFL,5,635,7,6,5,0,5,0,75,24
2019,16.0,2019-07-06,Zak,Jones,Sydney,HBFR,4,384,1,19,4,0,3,0,77,17
2019,16.0,2019-07-06,Orazio,Fantasia,Essendon,FPL,3,113,0,15,2,0,3,0,82,9
2019,16.0,2019-07-06,Adam,Saad,Essendon,HBFR,2,421,8,11,2,0,6,0,84,16
2019,16.0,2019-07-06,Isaac,Heeney,Sydney,R,5,542,4,18,9,0,10,2,73,24
2019,16.0,2019-07-06,Kyle,Langford,Essendon,INT,1,379,2,18,3,1,1,1,71,12
2019,16.0,2019-07-06,Jayden,Laverde,Essendon,HFFL,6,22,2,14,2,0,5,1,70,7
2019,16.0,2019-07-06,James,Rose,Sydney,INT,2,38,1,16,1,0,5,0,82,9
2019,16.0,2019-07-06,Conor,McKenna,Essendon,HBFL,2,408,5,8,2,1,3,0,81,17
2019,16.0,2019-07-06,Anthony,McDonald-Tipungwuti,Essendon,FPR,5,242,2,20,2,0,2,0,64,9
2019,16.0,2019-07-06,Darcy,Parish,Essendon,WR,4,343,3,17,4,1,5,1,73,16
2019,16.0,2019-07-06,George,Hewett,Sydney,C,4,242,0,14,2,3,7,1,81,21
2019,16.0,2019-07-06,Callum,Mills,Sydney,BPL,2,281,6,5,1,0,1,0,86,12
2019,16.0,2019-07-06,Tom,Papley,Sydney,FPR,7,276,1,9,6,1,0,1,64,9
2019,16.0,2019-07-06,Aliir,Aliir,Sydney,CHB,5,492,4,14,4,6,9,0,71,12
2019,16.0,2019-07-06,Mason,Redman,Essendon,WL,2,312,6,12,7,0,4,0,57,8
2019,16.0,2019-07-06,Aaron,Francis,Essendon,HFFR,1,203,8,11,1,0,4,0,87,13
2019,16.0,2019-07-06,Oliver,Florent,Sydney,HFFR,4,163,2,13,3,0,2,0,90,9
2019,16.0,2019-07-06,Andrew,McGrath,Essendon,R,3,369,6,13,8,1,4,0,62,13
2019,16.0,2019-07-06,Will,Hayward,Sydney,HFFL,3,278,1,15,5,0,4,1,53,8
2019,16.0,2019-07-06,Jordan,Dawson,Sydney,WR,2,350,3,13,4,0,0,0,71,12
2019,16.0,2019-07-06,Lewis,Melican,Sydney,BPR,3,76,6,7,1,0,4,0,91,10
2019,16.0,2019-07-06,Matt,Guelfi,Essendon,INT,1,229,5,27,3,0,4,0,53,9
2019,16.0,2019-07-06,Ben,Ronke,Sydney,INT,1,143,4,15,3,0,6,1,55,6
2019,16.0,2019-07-06,Tom,McCartin,Sydney,FF,2,136,6,11,5,0,3,1,57,8
2019,16.0,2019-07-06,Dylan,Clarke,Essendon,BPL,1,116,1,28,0,0,3,1,80,8
2019,16.0,2019-07-06,Colin,O'Riordan,Sydney,INT,0,277,3,4,5,0,1,0,79,11
2019,16.0,2019-07-06,Nick,Blakey,Sydney,CHF,4,120,1,14,1,0,1,0,50,5
2019,16.0,2019-07-06,James,Rowbottom,Sydney,INT,3,244,7,14,5,0,10,0,63,15
2019,16.0,2019-07-06,Shane,Edwards,Richmond,FPL,7,473,3,18,6,2,4,1,60,15
2019,16.0,2019-07-06,Jarrod,Harbrow,Gold Coast,BPR,2,377,6,10,4,0,4,0,79,15
2019,16.0,2019-07-06,Bachar,Houli,Richmond,HBFR,6,503,5,7,5,2,5,0,83,20
2019,16.0,2019-07-06,Trent,Cotchin,Richmond,RR,10,422,2,21,5,2,7,0,74,20
2019,16.0,2019-07-06,Pearce,Hanley,Gold Coast,CHB,3,318,4,20,5,0,3,0,63,10
2019,16.0,2019-07-06,Dustin,Martin,Richmond,R,7,237,1,13,3,1,4,1,84,16
2019,16.0,2019-07-06,David,Astbury,Richmond,BPL,2,147,2,4,3,0,2,0,80,8
2019,16.0,2019-07-06,Dylan,Grimes,Richmond,BPR,5,139,8,8,4,0,5,0,81,13
2019,16.0,2019-07-06,Dion,Prestia,Richmond,C,7,352,4,27,7,3,7,0,75,21
2019,16.0,2019-07-06,David,Swallow,Gold Coast,RR,5,509,2,21,4,2,10,0,73,22
2019,16.0,2019-07-06,Sam,Day,Gold Coast,FF,3,186,2,10,3,1,3,1,80,12
2019,16.0,2019-07-06,Tom,Lynch,Richmond,FF,6,120,0,3,1,0,2,0,75,6
2019,16.0,2019-07-06,Jack,Hombsch,Gold Coast,FB,1,58,2,2,0,0,0,0,100,5
2019,16.0,2019-07-06,Brandon,Ellis,Richmond,WL,8,394,4,5,4,0,6,0,78,18
2019,16.0,2019-07-06,Anthony,Miles,Gold Coast,INT,4,363,7,6,5,2,7,0,71,15
2019,16.0,2019-07-06,Alex,Sexton,Gold Coast,HFFL,3,285,3,21,4,0,3,1,67,8
2019,16.0,2019-07-06,Nick,Vlastuin,Richmond,CHB,6,109,7,9,1,0,6,0,88,15
2019,16.0,2019-07-06,Jarrod,Witts,Gold Coast,RK,2,253,3,11,3,3,8,0,53,10
2019,16.0,2019-07-06,Jack,Martin,Gold Coast,FPL,3,299,4,14,6,0,3,0,77,13
2019,16.0,2019-07-06,Kamdyn,McIntosh,Richmond,WR,2,287,3,10,7,1,6,1,56,10
2019,16.0,2019-07-06,Touk,Miller,Gold Coast,HFFR,1,167,2,20,3,2,6,1,65,13
2019,16.0,2019-07-06,Kane,Lambert,Richmond,HFFL,11,383,2,10,4,0,3,1,83,20
2019,16.0,2019-07-06,Lachie,Weller,Gold Coast,WL,3,386,3,9,2,1,6,0,83,19
2019,16.0,2019-07-06,Daniel,Rioli,Richmond,HFFR,7,211,2,19,1,0,2,1,57,8
2019,16.0,2019-07-06,Jayden,Short,Richmond,HBFL,5,302,6,5,5,0,4,0,73,16
2019,16.0,2019-07-06,Jason,Castagna,Richmond,INT,12,335,1,13,0,0,3,1,89,16
2019,16.0,2019-07-06,Darcy,Macpherson,Gold Coast,R,4,234,4,31,3,0,4,0,75,18
2019,16.0,2019-07-06,Jesse,Joyce,Gold Coast,HBFL,1,341,7,7,6,0,7,0,64,14
2019,16.0,2019-07-06,Nathan,Broad,Richmond,FB,8,197,6,1,1,0,2,0,88,15
2019,16.0,2019-07-06,Brayden,Fiorini,Gold Coast,INT,2,367,3,17,8,2,3,1,53,10
2019,16.0,2019-07-06,Mabior,Chol,Richmond,INT,5,138,1,7,2,2,3,0,60,6
2019,16.0,2019-07-06,Ivan,Soldo,Richmond,RK,5,147,1,18,1,1,2,1,88,7
2019,16.0,2019-07-06,Brad,Scheer,Gold Coast,C,0,161,0,20,2,0,1,0,57,4
2019,16.0,2019-07-06,Shai,Bolton,Richmond,CHF,9,492,0,19,3,3,6,0,81,21
2019,16.0,2019-07-06,Will,Brodie,Gold Coast,INT,4,315,3,11,1,1,4,1,68,15
2019,16.0,2019-07-06,Jack,Graham,Richmond,INT,8,229,4,23,3,0,7,1,70,16
2019,16.0,2019-07-06,Charlie,Ballard,Gold Coast,HBFR,1,186,5,7,4,0,0,0,75,9
2019,16.0,2019-07-06,Jacob,Heron,Gold Coast,INT,0,174,1,22,2,0,1,0,38,3
2019,16.0,2019-07-06,Wil,Powell,Gold Coast,WR,0,0,0,4,0,0,0,0,0,0
2019,16.0,2019-07-06,Jack,Lukosius,Gold Coast,BPL,1,65,7,8,1,0,5,0,63,10
2019,16.0,2019-07-06,Sydney,Stack,Richmond,FPR,10,300,3,13,0,1,8,1,79,15
2019,16.0,2019-07-06,Josh,Corbett,Gold Coast,CHF,1,84,0,9,3,0,1,0,75,6
2019,16.0,2019-07-06,Ben,King,Gold Coast,FPR,0,77,0,16,1,0,2,1,25,1
2019,16.0,2019-07-06,Derek,Eggmolesse-Smith,Richmond,INT,5,404,7,9,3,0,6,0,79,15
2019,16.0,2019-07-06,Eddie,Betts,Adelaide,FPL,5,116,3,9,4,0,5,1,70,7
2019,16.0,2019-07-06,Richard,Douglas,Adelaide,INT,3,230,2,25,5,0,4,0,64,7
2019,16.0,2019-07-06,Robbie,Gray,Port Adelaide,C,9,472,0,13,8,3,8,0,60,21
2019,16.0,2019-07-06,Justin,Westhoff,Port Adelaide,HFFL,9,256,4,11,2,0,2,1,83,19
2019,16.0,2019-07-06,David,Mackay,Adelaide,HFFL,2,281,3,16,3,0,1,0,79,11
2019,16.0,2019-07-06,Brad,Ebert,Port Adelaide,HFFR,6,233,1,17,4,0,1,2,79,11
2019,16.0,2019-07-06,Taylor,Walker,Adelaide,FF,3,110,0,5,2,0,3,1,67,6
2019,16.0,2019-07-06,Hamish,Hartlett,Port Adelaide,HBFL,5,276,6,13,2,0,4,0,77,13
2019,16.0,2019-07-06,Tom,Rockliff,Port Adelaide,WR,6,415,4,18,8,1,6,2,69,25
2019,16.0,2019-07-06,Rory,Sloane,Adelaide,RR,4,263,2,26,4,4,8,1,57,13
2019,16.0,2019-07-06,Steven,Motlop,Port Adelaide,FPL,4,146,0,19,2,0,2,2,90,17
2019,16.0,2019-07-06,Brodie,Smith,Adelaide,WL,6,800,4,9,8,0,7,0,80,20
2019,16.0,2019-07-06,Charlie,Dixon,Port Adelaide,FF,2,60,0,8,1,0,2,3,50,2
2019,16.0,2019-07-06,Daniel,Talia,Adelaide,FB,0,238,6,7,2,0,3,0,100,14
2019,16.0,2019-07-06,Scott,Lycett,Port Adelaide,RK,8,235,3,10,4,4,3,0,74,14
2019,16.0,2019-07-06,Tom,Jonas,Port Adelaide,FB,0,295,6,7,4,0,1,0,75,9
2019,16.0,2019-07-06,Paul,Seedsman,Adelaide,WR,0,179,0,6,2,0,0,0,57,4
2019,16.0,2019-07-06,Josh,Jenkins,Adelaide,HBFR,0,197,0,13,4,0,2,0,64,7
2019,16.0,2019-07-06,Luke,Brown,Adelaide,BPR,0,262,5,11,2,0,6,0,71,10
2019,16.0,2019-07-06,Ollie,Wines,Port Adelaide,RR,12,380,1,16,5,4,12,1,77,26
2019,16.0,2019-07-06,Brad,Crouch,Adelaide,HFFR,4,532,2,18,7,1,5,0,74,17
2019,16.0,2019-07-06,Rory,Laird,Adelaide,HBFL,4,316,10,8,3,0,7,0,76,19
2019,16.0,2019-07-06,Kyle,Hartigan,Adelaide,CHB,1,234,6,8,3,0,2,0,85,11
2019,16.0,2019-07-06,Tom,Clurey,Port Adelaide,BPL,4,234,11,4,3,0,5,0,89,16
2019,16.0,2019-07-06,Matt,Crouch,Adelaide,C,4,295,3,20,4,0,7,0,86,25
2019,16.0,2019-07-06,Sam,Gray,Port Adelaide,CHF,8,274,4,9,1,0,5,1,73,16
2019,16.0,2019-07-06,Jake,Kelly,Adelaide,INT,2,301,8,11,5,0,4,0,71,12
2019,16.0,2019-07-06,Karl,Amon,Port Adelaide,WL,9,371,3,15,4,0,6,0,75,18
2019,16.0,2019-07-06,Rory,Atkins,Adelaide,BPL,2,178,6,24,1,0,6,0,71,12
2019,16.0,2019-07-06,Wayne,Milera,Adelaide,R,6,265,2,7,3,0,4,0,40,6
2019,16.0,2019-07-06,Dougal,Howard,Port Adelaide,INT,6,157,1,7,2,0,3,1,70,7
2019,16.0,2019-07-06,Darcy,Byrne-Jones,Port Adelaide,HBFR,6,357,9,7,4,0,6,0,84,26
2019,16.0,2019-07-06,Reilly,O'Brien,Adelaide,RK,2,183,4,14,5,0,7,0,55,11
2019,16.0,2019-07-06,Ryan,Burton,Port Adelaide,BPR,5,466,7,7,2,0,5,0,83,19
2019,16.0,2019-07-06,Riley,Bonner,Port Adelaide,INT,5,497,5,8,6,0,5,0,85,23
2019,16.0,2019-07-06,Dan,Houston,Port Adelaide,CHB,3,323,5,9,3,0,4,0,86,12
2019,16.0,2019-07-06,Sam,Powell-Pepper,Port Adelaide,R,5,527,0,22,5,2,4,0,58,14
2019,16.0,2019-07-06,Jordan,Gallucci,Adelaide,INT,3,157,0,9,0,0,0,0,50,2
2019,16.0,2019-07-06,Hugh,Greenwood,Adelaide,INT,8,91,6,20,1,2,12,1,67,12
2019,16.0,2019-07-06,Alex,Keath,Adelaide,CHF,1,161,6,9,3,0,1,0,91,10
2019,16.0,2019-07-06,Lachlan,Murphy,Adelaide,FPR,2,196,1,14,4,0,3,1,56,5
2019,16.0,2019-07-06,Zak,Butters,Port Adelaide,INT,3,139,1,19,2,0,3,2,80,8
2019,16.0,2019-07-06,Xavier,Duursma,Port Adelaide,INT,9,394,4,9,3,1,1,0,73,16
2019,16.0,2019-07-06,Connor,Rozee,Port Adelaide,FPR,5,147,0,12,4,0,4,2,75,9
2019,16.0,2019-07-06,Gary,Ablett,Geelong,FPL,3,261,1,17,2,1,4,2,82,9
2019,16.0,2019-07-06,Joel,Selwood,Geelong,R,7,439,2,16,6,0,5,1,67,14
2019,16.0,2019-07-06,Tom,Hawkins,Geelong,HFFR,4,121,1,5,2,0,0,2,63,5
2019,16.0,2019-07-06,Harry,Taylor,Geelong,CHB,4,158,9,11,1,0,2,0,82,14
2019,16.0,2019-07-06,Patrick,Dangerfield,Geelong,WL,8,300,6,18,2,1,12,0,83,19
2019,16.0,2019-07-06,Matthew,Suckling,Western Bulldogs,HFFL,0,301,1,13,3,0,0,0,85,11
2019,16.0,2019-07-06,Easton,Wood,Western Bulldogs,HBFR,2,147,3,5,2,0,3,0,100,7
2019,16.0,2019-07-06,Mitch,Duncan,Geelong,WR,4,240,2,8,5,0,3,0,74,14
2019,16.0,2019-07-06,Jackson,Trengove,Western Bulldogs,FB,1,258,8,6,5,0,3,0,64,9
2019,16.0,2019-07-06,Gary,Rohan,Geelong,BPR,7,354,0,18,2,0,2,0,58,7
2019,16.0,2019-07-06,Rhys,Stanley,Geelong,CHF,4,370,4,13,4,2,6,1,65,13
2019,16.0,2019-07-06,Cameron,Guthrie,Geelong,INT,3,-4,1,18,2,2,5,1,75,9
2019,16.0,2019-07-06,Zach,Tuohy,Geelong,BPL,6,722,9,9,6,0,4,0,77,23
2019,16.0,2019-07-06,Luke,Dahlhaus,Geelong,HFFL,2,108,3,19,4,0,5,1,67,12
2019,16.0,2019-07-06,Tory,Dickson,Western Bulldogs,INT,3,143,1,6,1,0,3,0,75,6
2019,16.0,2019-07-06,Hayden,Crozier,Western Bulldogs,BPR,1,272,5,5,1,0,3,0,79,11
2019,16.0,2019-07-06,Jason,Johannisen,Western Bulldogs,BPL,6,358,6,11,2,0,4,0,86,19
2019,16.0,2019-07-06,Mark,Blicavs,Geelong,RK,3,185,4,13,3,0,6,0,75,15
2019,16.0,2019-07-06,Taylor,Duryea,Western Bulldogs,HBFL,5,389,5,11,3,0,2,0,93,14
2019,16.0,2019-07-06,Jack,Macrae,Western Bulldogs,R,6,333,5,14,4,2,8,0,74,25
2019,16.0,2019-07-06,Lachie,Hunter,Western Bulldogs,WL,5,605,5,18,4,0,5,0,75,24
2019,16.0,2019-07-06,Sam,Lloyd,Western Bulldogs,HFFR,6,276,2,11,3,0,2,1,85,11
2019,16.0,2019-07-06,Marcus,Bontempelli,Western Bulldogs,FF,8,651,4,23,5,2,7,1,74,20
2019,16.0,2019-07-06,Jed,Bews,Geelong,INT,0,109,4,11,0,0,3,0,89,8
2019,16.0,2019-07-06,Toby,McLean,Western Bulldogs,INT,6,170,3,12,2,0,10,0,83,19
2019,16.0,2019-07-06,Jake,Kolodjashnij,Geelong,FB,0,49,2,0,0,0,1,0,100,3
2019,16.0,2019-07-06,Roarke,Smith,Western Bulldogs,FPR,1,40,0,10,1,0,1,0,75,3
2019,16.0,2019-07-06,Zaine,Cordy,Western Bulldogs,CHB,1,178,5,3,2,0,3,0,92,11
2019,16.0,2019-07-06,Josh,Dunkley,Western Bulldogs,RR,7,378,4,23,9,0,6,1,67,18
2019,16.0,2019-07-06,Josh,Schache,Western Bulldogs,CHF,1,56,1,4,2,0,3,0,50,4
2019,16.0,2019-07-06,Bailey,Williams,Western Bulldogs,INT,3,288,2,16,6,0,3,0,71,12
2019,16.0,2019-07-06,Tom,Stewart,Geelong,HBFR,2,501,6,9,10,0,3,1,79,19
2019,16.0,2019-07-06,Mark,O'Connor,Geelong,FF,2,188,2,13,4,0,2,0,63,12
2019,16.0,2019-07-06,Tim,English,Western Bulldogs,RK,1,105,2,18,0,0,3,0,80,8
2019,16.0,2019-07-06,Patrick,Lipinski,Western Bulldogs,WR,7,192,0,15,4,2,5,0,47,8
2019,16.0,2019-07-06,Aaron,Naughton,Western Bulldogs,FPL,5,359,4,10,8,0,2,0,64,9
2019,16.0,2019-07-06,Lachie,Fogarty,Geelong,INT,2,213,1,11,2,0,2,0,67,8
2019,16.0,2019-07-06,Tim,Kelly,Geelong,C,6,262,2,14,4,3,9,1,76,16
2019,16.0,2019-07-06,Ed,Richards,Western Bulldogs,INT,4,229,0,12,3,0,2,1,83,10
2019,16.0,2019-07-06,Jack,Henry,Geelong,HBFL,2,123,5,7,1,0,1,0,83,10
2019,16.0,2019-07-06,Tom,Atkins,Geelong,FPR,4,107,1,13,1,0,5,0,75,9
2019,16.0,2019-07-06,Jordan,Clark,Geelong,RR,2,290,6,8,4,0,7,0,65,13
2019,16.0,2019-07-06,Gryan,Miers,Geelong,INT,1,156,0,13,3,0,0,0,57,4
2019,16.0,2019-07-06,Bailey,Smith,Western Bulldogs,C,3,151,2,14,1,1,10,0,81,13
2019,16.0,2019-07-06,Aaron,Sandilands,Fremantle,RK,4,56,0,5,0,2,2,0,88,7
2019,16.0,2019-07-06,David,Mundy,Fremantle,R,7,269,3,21,4,2,7,0,56,10
2019,16.0,2019-07-06,Shannon,Hurn,West Coast,BPL,3,387,9,10,6,0,2,0,82,18
2019,16.0,2019-07-06,Chris,Masten,West Coast,WL,7,364,4,8,3,0,7,0,76,19
2019,16.0,2019-07-06,Michael,Walters,Fremantle,CHF,6,426,4,22,2,0,5,3,74,17
2019,16.0,2019-07-06,Nic,Naitanui,West Coast,RK,7,220,2,6,2,2,6,0,43,6
2019,16.0,2019-07-06,Jack,Redden,West Coast,INT,2,194,4,29,6,2,8,0,48,12
2019,16.0,2019-07-06,Lewis,Jetta,West Coast,HBFR,3,477,3,8,6,0,2,0,81,13
2019,16.0,2019-07-06,Luke,Shuey,West Coast,C,6,438,5,23,8,1,11,0,54,15
2019,16.0,2019-07-06,Travis,Colyer,Fremantle,INT,2,296,7,15,6,0,9,0,31,5
2019,16.0,2019-07-06,Nat,Fyfe,Fremantle,C,4,336,5,22,6,2,11,2,48,10
2019,16.0,2019-07-06,Brad,Sheppard,West Coast,BPR,2,512,9,11,7,0,6,0,64,16
2019,16.0,2019-07-06,Reece,Conca,Fremantle,INT,0,264,4,11,2,0,6,0,53,8
2019,16.0,2019-07-06,Jack,Darling,West Coast,CHF,9,221,0,14,2,0,2,0,80,8
2019,16.0,2019-07-06,Andrew,Gaff,West Coast,R,5,429,3,16,6,3,8,0,66,23
2019,16.0,2019-07-06,Brandon,Matera,Fremantle,FPR,7,365,0,9,2,0,2,2,15,2
2019,16.0,2019-07-06,Jamie,Cripps,West Coast,WR,8,176,2,17,0,0,7,1,93,13
2019,16.0,2019-07-06,Tom,Hickey,West Coast,INT,3,61,1,16,2,0,3,1,55,6
2019,16.0,2019-07-06,Nathan,Wilson,Fremantle,BPL,3,497,8,7,8,0,6,0,56,10
2019,16.0,2019-07-06,Bradley,Hill,Fremantle,WL,6,472,2,22,5,0,1,0,58,11
2019,16.0,2019-07-06,Elliot,Yeo,West Coast,RR,3,391,2,22,12,3,6,1,50,10
2019,16.0,2019-07-06,Dom,Sheed,West Coast,HFFR,8,536,5,10,6,2,11,0,64,18
2019,16.0,2019-07-06,Jeremy,McGovern,West Coast,CHB,3,288,11,7,2,0,1,0,67,10
2019,16.0,2019-07-06,Rory,Lobb,Fremantle,FF,2,159,2,18,2,1,4,2,44,4
2019,16.0,2019-07-06,Cam,McCarthy,Fremantle,FPL,7,283,1,11,3,0,5,0,40,6
2019,16.0,2019-07-06,Jackson,Nelson,West Coast,HBFL,3,137,2,13,0,0,1,0,86,6
2019,16.0,2019-07-06,Liam,Duggan,West Coast,INT,2,230,8,17,5,0,4,0,79,11
2019,16.0,2019-07-06,Brendon,Ah Chee,West Coast,FPR,6,310,2,17,3,0,7,0,53,8
2019,16.0,2019-07-06,Joel,Hamling,Fremantle,FB,2,241,8,3,6,0,1,0,69,9
2019,16.0,2019-07-06,Tom,Barrass,West Coast,FB,1,151,3,8,0,0,1,0,100,7
2019,16.0,2019-07-06,Ed,Langdon,Fremantle,WR,5,399,3,9,4,0,7,1,60,9
2019,16.0,2019-07-06,Connor,Blakely,Fremantle,INT,3,128,5,15,3,0,4,0,67,8
2019,16.0,2019-07-06,Ethan,Hughes,Fremantle,HBFR,2,151,7,6,4,0,7,0,71,12
2019,16.0,2019-07-06,Darcy,Tucker,Fremantle,HFFL,8,269,4,21,5,1,11,1,71,20
2019,16.0,2019-07-06,Griffin,Logue,Fremantle,CHB,4,136,4,10,3,0,2,0,67,6
2019,16.0,2019-07-06,Luke,Ryan,Fremantle,BPR,4,276,8,13,4,0,6,0,77,10
2019,16.0,2019-07-06,Andrew,Brayshaw,Fremantle,HBFL,2,64,0,27,3,0,6,2,54,7
2019,16.0,2019-07-06,Liam,Ryan,West Coast,FPL,6,260,2,14,3,0,4,1,30,3
2019,16.0,2019-07-06,Adam,Cerra,Fremantle,RR,5,167,3,14,2,0,3,1,75,9
2019,16.0,2019-07-06,Mitch,Crowden,Fremantle,INT,5,163,4,20,3,1,12,2,75,12
2019,16.0,2019-07-06,Willie,Rioli,West Coast,HFFL,5,182,1,11,2,0,1,1,33,3
2019,16.0,2019-07-06,Oscar,Allen,West Coast,FF,4,108,2,15,1,0,3,0,70,7
2019,16.0,2019-07-06,Sam,Switkowski,Fremantle,HFFR,7,203,1,18,3,1,4,1,55,6
2019,16.0,2019-07-06,Jarrod,Cameron,West Coast,INT,6,107,0,13,1,0,1,2,100,7
2019,16.0,2019-07-07,Kade,Simpson,Carlton,HBFL,2,247,4,10,5,0,4,0,73,11
2019,16.0,2019-07-07,Jordan,Lewis,Melbourne,FPR,8,84,1,10,2,2,4,1,90,17
2019,16.0,2019-07-07,Marc,Murphy,Carlton,R,7,362,3,21,5,6,3,0,71,17
2019,16.0,2019-07-07,Dale,Thomas,Carlton,INT,3,245,6,11,3,0,3,0,60,9
2019,16.0,2019-07-07,Nathan,Jones,Melbourne,WL,4,340,4,8,5,0,3,0,71,17
2019,16.0,2019-07-07,Matthew,Kreuzer,Carlton,RK,6,211,3,10,3,5,6,0,65,11
2019,16.0,2019-07-07,Liam,Jones,Carlton,FB,0,11,5,7,2,0,3,0,40,2
2019,16.0,2019-07-07,Ed,Curnow,Carlton,C,10,417,3,19,5,1,4,0,65,15
2019,16.0,2019-07-07,Michael,Hibberd,Melbourne,HBFL,2,229,6,5,2,0,4,0,63,10
2019,16.0,2019-07-07,Steven,May,Melbourne,FB,5,278,7,2,3,0,3,0,75,12
2019,16.0,2019-07-07,Tom,McDonald,Melbourne,FF,11,344,1,4,3,0,3,0,75,15
2019,16.0,2019-07-07,Levi,Casboult,Carlton,CHF,4,215,0,12,3,1,2,0,63,5
2019,16.0,2019-07-07,Sam,Frost,Melbourne,CHB,3,207,8,5,3,0,2,0,78,14
2019,16.0,2019-07-07,Lachie,Plowman,Carlton,HBFR,3,186,3,14,6,0,4,0,54,7
2019,16.0,2019-07-07,Jack,Viney,Melbourne,RR,3,268,7,16,4,3,9,0,86,19
2019,16.0,2019-07-07,Christian,Salem,Melbourne,HBFR,4,343,5,5,5,0,4,0,79,19
2019,16.0,2019-07-07,Darcy,Lang,Carlton,INT,4,160,0,11,1,0,3,0,80,8
2019,16.0,2019-07-07,Angus,Brayshaw,Melbourne,INT,5,196,2,15,2,2,6,1,73,11
2019,16.0,2019-07-07,Alex,Neal-Bullen,Melbourne,WR,8,296,1,16,2,0,4,1,53,8
2019,16.0,2019-07-07,Caleb,Marchbank,Carlton,BPL,1,69,10,9,2,0,6,0,70,7
2019,16.0,2019-07-07,James,Harmes,Melbourne,C,10,353,5,9,2,1,7,1,82,22
2019,16.0,2019-07-07,Jacob,Weitering,Carlton,CHB,0,112,5,3,1,0,2,0,88,7
2019,16.0,2019-07-07,Clayton,Oliver,Melbourne,R,9,368,3,26,2,4,8,4,73,19
2019,16.0,2019-07-07,Mitch,McGovern,Carlton,HFFR,3,106,0,4,0,0,0,1,20,1
2019,16.0,2019-07-07,Jayden,Hunt,Melbourne,BPL,7,134,1,15,4,0,4,0,64,7
2019,16.0,2019-07-07,Christian,Petracca,Melbourne,HFFR,8,219,1,9,3,1,7,0,77,13
2019,16.0,2019-07-07,Matthew,Kennedy,Carlton,FF,6,324,0,5,1,0,3,0,38,3
2019,16.0,2019-07-07,Jack,Silvagni,Carlton,RR,8,333,2,9,1,0,4,0,72,13
2019,16.0,2019-07-07,Sam,Weideman,Melbourne,CHF,5,50,0,3,1,0,1,2,70,7
2019,16.0,2019-07-07,Sam,Petrevski-Seton,Carlton,INT,2,207,3,16,4,0,9,1,59,10
2019,16.0,2019-07-07,Mitch,Hannan,Melbourne,FPL,4,225,0,6,1,0,1,0,67,8
2019,16.0,2019-07-07,Braydon,Preuss,Melbourne,RK,8,425,4,8,5,1,3,1,64,9
2019,16.0,2019-07-07,Nic,Newman,Carlton,BPR,5,564,4,10,8,0,2,0,65,17
2019,16.0,2019-07-07,Zac,Fisher,Carlton,FPL,7,192,0,6,0,2,2,0,79,11
2019,16.0,2019-07-07,Will,Setterfield,Carlton,WL,5,161,1,11,3,0,3,1,62,8
2019,16.0,2019-07-07,Paddy,Dow,Carlton,FPR,5,119,2,1,2,0,2,0,57,4
2019,16.0,2019-07-07,Bayley,Fritsch,Melbourne,HFFL,4,471,7,6,7,1,7,0,62,16
2019,16.0,2019-07-07,Lochie,O'Brien,Carlton,WR,3,176,1,7,2,0,2,0,78,7
2019,16.0,2019-07-07,Harrison,Petty,Melbourne,BPR,2,90,3,3,1,0,0,0,90,9
2019,16.0,2019-07-07,Michael,Gibbons,Carlton,INT,4,165,2,11,4,0,3,0,58,7
2019,16.0,2019-07-07,Sam,Walsh,Carlton,HFFL,4,269,9,21,9,0,11,0,48,12
2019,16.0,2019-07-07,Marty,Hore,Melbourne,INT,1,94,1,0,3,0,0,0,40,2
2019,16.0,2019-07-07,Jay,Lockhart,Melbourne,INT,3,107,2,10,3,0,4,0,69,9
2019,16.0,2019-07-07,Kyle,Dunkley,Melbourne,INT,6,163,2,10,3,0,5,4,64,7
2019,16.0,2019-07-07,Scott,Thompson,North Melbourne,FB,5,395,9,7,3,0,3,0,79,15
2019,16.0,2019-07-07,Todd,Goldstein,North Melbourne,RK,5,234,3,19,2,2,4,1,75,12
2019,16.0,2019-07-07,Jack,Ziebell,North Melbourne,R,5,403,0,19,4,2,11,1,58,14
2019,16.0,2019-07-07,Shane,Savage,St Kilda,BPR,1,296,2,10,2,0,1,0,100,17
2019,16.0,2019-07-07,Ben,Cunnington,North Melbourne,RR,2,144,4,16,0,4,7,1,88,21
2019,16.0,2019-07-07,Robbie,Tarrant,North Melbourne,CHB,2,366,7,6,2,0,1,0,93,14
2019,16.0,2019-07-07,Jake,Carlisle,St Kilda,FB,1,79,7,4,1,0,2,0,90,9
2019,16.0,2019-07-07,Jasper,Pittard,North Melbourne,HBFL,2,337,2,8,3,0,1,0,85,17
2019,16.0,2019-07-07,Shaun,Atley,North Melbourne,HFFR,3,200,3,11,4,0,2,0,94,15
2019,16.0,2019-07-07,Jared,Polec,North Melbourne,WR,5,376,6,17,3,0,5,1,74,14
2019,16.0,2019-07-07,Jack,Newnes,St Kilda,WR,5,427,3,10,6,1,4,1,74,14
2019,16.0,2019-07-07,Josh,Bruce,St Kilda,CHF,6,309,0,8,1,0,3,2,82,14
2019,16.0,2019-07-07,Marley,Williams,North Melbourne,BPL,3,333,1,8,4,1,1,0,79,11
2019,16.0,2019-07-07,Sebastian,Ross,St Kilda,C,3,246,5,18,1,0,3,0,80,12
2019,16.0,2019-07-07,Jed,Anderson,North Melbourne,INT,4,127,5,23,5,0,11,1,73,16
2019,16.0,2019-07-07,Luke,McDonald,North Melbourne,HBFR,2,89,5,16,2,0,4,0,79,11
2019,16.0,2019-07-07,Jack,Billings,St Kilda,WL,4,792,6,20,11,1,11,2,63,22
2019,16.0,2019-07-07,Luke,Dunstan,St Kilda,INT,6,439,3,27,1,2,9,1,78,21
2019,16.0,2019-07-07,Blake,Acres,St Kilda,INT,5,236,4,18,3,1,5,1,58,11
2019,16.0,2019-07-07,Ben,Brown,North Melbourne,FF,6,232,0,7,0,0,1,0,88,7
2019,16.0,2019-07-07,Tim,Membrey,St Kilda,FF,5,155,0,9,3,0,7,0,87,13
2019,16.0,2019-07-07,Kayne,Turner,North Melbourne,BPR,2,174,1,12,1,0,0,0,67,6
2019,16.0,2019-07-07,Mason,Wood,North Melbourne,INT,3,169,0,5,2,0,1,0,83,5
2019,16.0,2019-07-07,Jack,Sinclair,St Kilda,HFFR,5,227,1,16,3,3,7,0,67,10
2019,16.0,2019-07-07,Trent,Dumont,North Melbourne,WL,4,395,4,13,6,1,5,0,71,17
2019,16.0,2019-07-07,Daniel,McKenzie,St Kilda,FPL,1,213,4,10,2,0,3,0,83,10
2019,16.0,2019-07-07,Jack,Steele,St Kilda,R,2,323,3,36,4,1,6,2,56,10
2019,16.0,2019-07-07,Jade,Gresham,St Kilda,RR,3,134,1,17,2,1,6,0,56,10
2019,16.0,2019-07-07,Jy,Simpkin,North Melbourne,FPR,5,397,6,13,8,3,17,0,64,23
2019,16.0,2019-07-07,Sam,Durdin,North Melbourne,INT,0,44,1,10,1,0,1,0,33,1
2019,16.0,2019-07-07,Ben,Long,St Kilda,FPR,3,249,0,8,4,1,2,2,33,3
2019,16.0,2019-07-07,Josh,Battle,St Kilda,CHB,0,0,0,2,0,0,0,0,0,0
2019,16.0,2019-07-07,Cameron,Zurhaar,North Melbourne,FPL,8,416,2,17,3,0,4,1,63,10
2019,16.0,2019-07-07,Nick,Larkey,North Melbourne,CHF,7,75,1,9,2,0,2,0,82,9
2019,16.0,2019-07-07,Rowan,Marshall,St Kilda,RK,8,173,2,17,1,3,7,0,57,12
2019,16.0,2019-07-07,Hunter,Clark,St Kilda,HBFR,1,298,5,13,6,0,6,0,68,13
2019,16.0,2019-07-07,Luke,Davies-Uniacke,North Melbourne,INT,3,125,1,12,3,1,4,0,75,9
2019,16.0,2019-07-07,Nick,Coffield,St Kilda,BPL,1,179,3,5,3,0,2,0,62,8
2019,16.0,2019-07-07,Paul,Ahern,North Melbourne,C,7,275,1,19,4,0,9,1,67,12
2019,16.0,2019-07-07,Ben,Paton,St Kilda,INT,0,74,5,15,2,0,5,0,88,14
2019,16.0,2019-07-07,Matthew,Parker,St Kilda,INT,2,55,1,21,2,0,4,1,43,3
2019,16.0,2019-07-07,Callum,Wilkie,St Kilda,HBFL,0,97,7,3,1,0,2,0,75,9
2019,16.0,2019-07-07,Tarryn,Thomas,North Melbourne,HFFL,4,194,1,18,2,0,5,1,57,8
2019,16.0,2019-07-07,Nick,Hind,St Kilda,HFFL,3,175,2,13,3,0,4,1,17,1
2019,16.0,2019-07-07,Luke,Hodge,Brisbane Lions,HBFL,1,409,5,5,3,0,2,0,82,14
2019,16.0,2019-07-07,Brett,Deledio,Greater Western Sydney,FPL,6,410,3,19,4,0,7,1,58,15
2019,16.0,2019-07-07,Heath,Shaw,Greater Western Sydney,BPR,3,371,3,6,4,0,1,0,85,11
2019,16.0,2019-07-07,Stefan,Martin,Brisbane Lions,RK,3,67,8,20,4,2,10,1,69,11
2019,16.0,2019-07-07,Sam J.,Reid,Greater Western Sydney,HBFR,3,145,4,13,3,1,7,0,62,8
2019,16.0,2019-07-07,Mitch,Robinson,Brisbane Lions,HFFR,3,459,4,23,4,1,3,0,59,13
2019,16.0,2019-07-07,Daniel,Rich,Brisbane Lions,BPR,3,381,5,8,4,1,3,0,74,14
2019,16.0,2019-07-07,Dawson,Simpson,Greater Western Sydney,HFFL,3,69,2,11,2,1,8,1,82,9
2019,16.0,2019-07-07,Phil,Davis,Greater Western Sydney,CHB,4,112,12,3,2,0,3,0,74,14
2019,16.0,2019-07-07,Ryan,Lester,Brisbane Lions,BPL,1,91,5,14,1,0,3,0,73,8
2019,16.0,2019-07-07,Allen,Christensen,Brisbane Lions,INT,4,127,1,18,2,0,3,3,86,6
2019,16.0,2019-07-07,Jeremy,Cameron,Greater Western Sydney,CHF,8,277,1,8,3,1,6,1,43,6
2019,16.0,2019-07-07,Stephen,Coniglio,Greater Western Sydney,RR,5,353,4,29,6,3,14,1,62,21
2019,16.0,2019-07-07,Toby,Greene,Greater Western Sydney,HFFR,7,216,1,17,4,0,3,0,63,10
2019,16.0,2019-07-07,Adam,Kennedy,Greater Western Sydney,INT,2,303,2,14,1,1,2,0,86,19
2019,16.0,2019-07-07,Adam,Tomlinson,Greater Western Sydney,INT,1,212,4,14,5,0,3,0,63,10
2019,16.0,2019-07-07,Lachie,Neale,Brisbane Lions,C,7,495,7,28,4,1,12,2,77,24
2019,16.0,2019-07-07,Jarryd,Lyons,Brisbane Lions,R,4,461,3,27,6,0,5,2,24,5
2019,16.0,2019-07-07,Dayne,Zorko,Brisbane Lions,WL,3,434,2,35,3,1,6,3,50,13
2019,16.0,2019-07-07,Lincoln,McCarthy,Brisbane Lions,WR,9,382,0,16,2,4,9,0,82,18
2019,16.0,2019-07-07,Nick,Haynes,Greater Western Sydney,FB,2,233,5,6,1,0,2,0,100,14
2019,16.0,2019-07-07,Zac,Williams,Greater Western Sydney,WR,5,687,4,12,5,2,6,0,71,20
2019,16.0,2019-07-07,Josh,Kelly,Greater Western Sydney,R,3,359,2,19,3,2,10,1,69,18
2019,16.0,2019-07-07,Darcy,Gardiner,Brisbane Lions,CHB,2,149,6,12,4,0,3,0,55,6
2019,16.0,2019-07-07,Charlie,Cameron,Brisbane Lions,FPL,7,261,1,10,3,0,3,1,56,9
2019,16.0,2019-07-07,Daniel,McStay,Brisbane Lions,FF,4,96,0,10,2,0,4,2,100,9
2019,16.0,2019-07-07,Harris,Andrews,Brisbane Lions,FB,1,155,9,11,1,0,1,0,82,9
2019,16.0,2019-07-07,Marcus,Adams,Brisbane Lions,FPR,1,184,0,8,3,0,0,1,83,5
2019,16.0,2019-07-07,Jacob,Hopper,Greater Western Sydney,INT,6,409,3,18,6,3,10,0,54,15
2019,16.0,2019-07-07,Eric,Hipwood,Brisbane Lions,CHF,3,216,0,11,3,0,0,1,38,3
2019,16.0,2019-07-07,Harry,Himmelberg,Greater Western Sydney,FF,7,108,2,14,0,0,4,7,93,13
2019,16.0,2019-07-07,Tim,Taranto,Greater Western Sydney,C,5,442,0,25,6,1,7,1,36,8
2019,16.0,2019-07-07,Jarrod,Berry,Brisbane Lions,INT,6,225,2,19,2,0,7,1,75,15
2019,16.0,2019-07-07,Hugh,McCluggage,Brisbane Lions,RR,9,411,4,24,3,1,6,1,65,17
2019,16.0,2019-07-07,Harry,Perryman,Greater Western Sydney,WL,1,272,3,10,3,0,7,1,55,11
2019,16.0,2019-07-07,Alex,Witherden,Brisbane Lions,INT,3,318,1,9,2,0,2,0,73,11
2019,16.0,2019-07-07,Jeremy,Finlayson,Greater Western Sydney,HBFL,3,64,0,7,4,0,3,0,80,4
2019,16.0,2019-07-07,Cam,Rayner,Brisbane Lions,HFFL,5,104,2,13,0,0,3,0,63,5
2019,16.0,2019-07-07,Zac,Langdon,Greater Western Sydney,FPR,3,160,2,11,3,0,3,3,14,1
2019,16.0,2019-07-07,Zac,Bailey,Brisbane Lions,INT,2,172,1,16,1,0,4,0,90,9
2019,16.0,2019-07-07,Sam,Taylor,Greater Western Sydney,BPL,0,272,6,6,2,0,2,0,77,10
2019,16.0,2019-07-07,Brent,Daniels,Greater Western Sydney,INT,4,219,0,18,3,0,3,2,75,9
2019,16.0,2019-07-07,Jackson,Hately,Greater Western Sydney,RK,4,163,0,15,4,0,2,1,67,10
2019,16.0,2019-07-07,Noah,Answerth,Brisbane Lions,HBFR,1,212,8,19,4,0,5,0,87,13
2019,17.0,2019-07-12,Shannon,Hurn,West Coast,BPL,1,312,8,18,4,0,5,0,77,13
2019,17.0,2019-07-12,Josh J.,Kennedy,West Coast,FF,2,92,0,8,4,0,1,0,80,4
2019,17.0,2019-07-12,Scott,Pendlebury,Collingwood,C,6,573,6,26,2,1,7,1,78,25
2019,17.0,2019-07-12,Chris,Masten,West Coast,C,2,170,8,15,4,0,7,0,81,17
2019,17.0,2019-07-12,Chris,Mayne,Collingwood,FPR,3,68,0,12,4,0,1,0,88,7
2019,17.0,2019-07-12,Levi,Greenwood,Collingwood,BPR,1,265,3,9,2,0,4,0,79,15
2019,17.0,2019-07-12,Steele,Sidebottom,Collingwood,WR,5,550,8,23,6,2,12,1,73,24
2019,17.0,2019-07-12,Nic,Naitanui,West Coast,RK,5,248,1,15,5,3,5,0,79,11
2019,17.0,2019-07-12,Jack,Redden,West Coast,INT,3,463,4,29,4,1,6,0,82,22
2019,17.0,2019-07-12,Lewis,Jetta,West Coast,HBFR,2,378,6,15,4,0,6,0,82,14
2019,17.0,2019-07-12,Luke,Shuey,West Coast,R,5,436,3,26,8,1,6,0,73,16
2019,17.0,2019-07-12,Jordan,Roughead,Collingwood,FB,0,177,3,5,3,0,2,0,43,3
2019,17.0,2019-07-12,Brad,Sheppard,West Coast,HBFL,2,160,4,10,1,0,1,0,90,17
2019,17.0,2019-07-12,Jack,Darling,West Coast,CHF,7,165,0,13,5,0,1,2,55,6
2019,17.0,2019-07-12,Andrew,Gaff,West Coast,WR,4,234,2,23,7,1,5,0,72,23
2019,17.0,2019-07-12,Jamie,Cripps,West Coast,HFFR,1,19,0,5,0,0,0,0,100,1
2019,17.0,2019-07-12,Tom,Hickey,West Coast,INT,3,97,1,18,3,1,3,1,64,7
2019,17.0,2019-07-12,Will,Hoskin-Elliott,Collingwood,HFFR,1,202,7,7,1,0,4,0,67,10
2019,17.0,2019-07-12,Adam,Treloar,Collingwood,RR,5,190,5,28,2,2,13,0,69,27
2019,17.0,2019-07-12,Jack,Crisp,Collingwood,R,5,400,4,30,5,0,6,3,80,24
2019,17.0,2019-07-12,Jamie,Elliott,Collingwood,INT,3,71,2,17,1,0,4,2,80,8
2019,17.0,2019-07-12,Elliot,Yeo,West Coast,RR,8,499,1,43,3,5,5,1,77,20
2019,17.0,2019-07-12,Brodie,Grundy,Collingwood,RK,8,311,2,15,6,3,3,3,50,11
2019,17.0,2019-07-12,James,Aish,Collingwood,HBFL,4,428,8,6,1,0,5,0,79,19
2019,17.0,2019-07-12,Dom,Sheed,West Coast,WL,5,408,1,23,7,1,6,0,63,17
2019,17.0,2019-07-12,Jeremy,McGovern,West Coast,CHB,3,198,9,9,1,0,6,0,81,13
2019,17.0,2019-07-12,Jordan,De Goey,Collingwood,FPL,7,425,2,18,4,2,9,0,68,15
2019,17.0,2019-07-12,Jackson,Nelson,West Coast,BPR,0,279,3,5,2,0,4,0,93,13
2019,17.0,2019-07-12,Brayden,Maynard,Collingwood,BPL,0,619,6,10,3,0,1,0,82,14
2019,17.0,2019-07-12,Darcy,Moore,Collingwood,CHB,1,42,0,1,0,0,0,0,67,2
2019,17.0,2019-07-12,Tom,Barrass,West Coast,FB,0,141,4,2,0,0,1,0,83,10
2019,17.0,2019-07-12,Mason,Cox,Collingwood,CHF,4,121,1,8,4,2,3,1,69,9
2019,17.0,2019-07-12,Ben,Crocker,Collingwood,INT,1,119,1,12,4,0,4,2,40,4
2019,17.0,2019-07-12,Tom,Cole,West Coast,INT,1,282,4,10,5,0,1,0,73,11
2019,17.0,2019-07-12,Tom,Phillips,Collingwood,WL,6,254,5,14,4,0,6,1,62,13
2019,17.0,2019-07-12,Callum L.,Brown,Collingwood,HFFL,6,86,1,16,2,0,6,0,64,9
2019,17.0,2019-07-12,Liam,Ryan,West Coast,FPL,3,213,1,14,2,0,2,0,82,9
2019,17.0,2019-07-12,Willie,Rioli,West Coast,FPR,4,150,4,18,1,1,7,2,62,8
2019,17.0,2019-07-12,Brody,Mihocek,Collingwood,FF,8,447,1,14,5,0,4,2,58,11
2019,17.0,2019-07-12,Brayden,Sier,Collingwood,INT,3,113,0,12,1,1,8,0,87,13
2019,17.0,2019-07-12,Oscar,Allen,West Coast,HFFL,5,319,0,11,2,0,1,0,100,12
2019,17.0,2019-07-12,Jarrod,Cameron,West Coast,INT,6,240,0,18,3,0,1,1,69,9
2019,17.0,2019-07-12,Isaac,Quaynor,Collingwood,INT,1,200,6,9,2,0,3,0,64,7
2019,17.0,2019-07-12,John,Noble,Collingwood,HBFR,1,202,4,14,2,0,4,0,65,11
2019,17.0,2019-07-13,Kade,Simpson,Carlton,BPR,2,291,4,9,2,1,4,0,84,16
2019,17.0,2019-07-13,Marc,Murphy,Carlton,C,4,475,3,16,6,3,6,0,72,21
2019,17.0,2019-07-13,Dale,Thomas,Carlton,BPL,3,296,4,8,2,0,2,0,88,14
2019,17.0,2019-07-13,Kieren,Jack,Sydney,INT,4,179,0,16,0,0,3,2,86,6
2019,17.0,2019-07-13,Matthew,Kreuzer,Carlton,RK,5,281,0,7,6,1,6,2,37,7
2019,17.0,2019-07-13,Josh P.,Kennedy,Sydney,C,3,138,1,18,2,2,10,0,78,18
2019,17.0,2019-07-13,Liam,Jones,Carlton,FB,0,56,4,11,1,0,1,0,100,3
2019,17.0,2019-07-13,Sam,Reid,Sydney,CHF,7,240,1,6,4,0,2,0,60,9
2019,17.0,2019-07-13,Ed,Curnow,Carlton,R,4,347,2,20,6,3,10,2,57,16
2019,17.0,2019-07-13,Luke,Parker,Sydney,FPR,4,299,3,22,5,3,8,0,61,14
2019,17.0,2019-07-13,Harry,Cunningham,Sydney,BPL,3,379,3,9,2,0,1,0,75,9
2019,17.0,2019-07-13,Levi,Casboult,Carlton,CHB,6,185,1,14,4,0,4,1,50,7
2019,17.0,2019-07-13,Lachie,Plowman,Carlton,HBFL,4,263,9,7,2,0,3,0,72,13
2019,17.0,2019-07-13,Dane,Rampe,Sydney,FB,3,319,8,8,1,0,6,0,93,13
2019,17.0,2019-07-13,Patrick,Cripps,Carlton,RR,6,147,0,19,0,1,13,0,61,17
2019,17.0,2019-07-13,Jake,Lloyd,Sydney,HBFL,6,771,4,17,5,0,5,0,71,24
2019,17.0,2019-07-13,Darcy,Lang,Carlton,INT,3,147,0,18,1,0,0,0,67,4
2019,17.0,2019-07-13,Zak,Jones,Sydney,R,6,411,5,17,4,0,3,2,60,12
2019,17.0,2019-07-13,Isaac,Heeney,Sydney,WR,5,258,1,10,6,0,4,0,50,10
2019,17.0,2019-07-13,Hugh,Goddard,Carlton,HBFR,0,9,2,5,1,0,2,0,67,2
2019,17.0,2019-07-13,George,Hewett,Sydney,RR,3,290,6,21,5,1,9,1,73,16
2019,17.0,2019-07-13,Callum,Mills,Sydney,HBFR,3,270,7,10,1,0,4,0,94,15
2019,17.0,2019-07-13,Tom,Papley,Sydney,FPL,6,395,0,10,3,0,3,3,53,9
2019,17.0,2019-07-13,Aliir,Aliir,Sydney,RK,4,460,2,14,6,2,6,0,47,7
2019,17.0,2019-07-13,Matthew,Kennedy,Carlton,FF,2,118,0,7,2,0,4,1,75,6
2019,17.0,2019-07-13,Jack,Silvagni,Carlton,HFFR,6,280,1,19,3,0,6,2,59,10
2019,17.0,2019-07-13,Sam,Petrevski-Seton,Carlton,INT,4,164,6,11,3,0,5,0,75,12
2019,17.0,2019-07-13,Oliver,Florent,Sydney,WL,4,78,3,8,2,0,4,0,87,13
2019,17.0,2019-07-13,Will,Hayward,Sydney,HFFL,3,205,1,12,3,0,1,1,25,2
2019,17.0,2019-07-13,Nic,Newman,Carlton,FPR,4,711,12,11,5,0,5,0,88,28
2019,17.0,2019-07-13,Jordan,Dawson,Sydney,HFFR,2,291,4,12,3,0,2,0,75,12
2019,17.0,2019-07-13,Zac,Fisher,Carlton,HFFL,2,381,0,20,4,0,6,2,53,9
2019,17.0,2019-07-13,Lewis,Melican,Sydney,BPR,2,36,4,9,0,0,3,0,89,8
2019,17.0,2019-07-13,Will,Setterfield,Carlton,WR,3,241,4,17,2,0,2,2,62,8
2019,17.0,2019-07-13,Harry,McKay,Carlton,CHF,9,260,0,12,3,0,0,2,42,5
2019,17.0,2019-07-13,Paddy,Dow,Carlton,INT,5,66,2,11,1,0,3,0,75,6
2019,17.0,2019-07-13,Lochie,O'Brien,Carlton,WL,3,253,3,14,2,1,2,0,73,8
2019,17.0,2019-07-13,Ben,Ronke,Sydney,INT,1,106,3,21,1,0,4,0,44,4
2019,17.0,2019-07-13,Tom,McCartin,Sydney,CHB,6,238,1,9,1,0,3,1,53,8
2019,17.0,2019-07-13,Colin,O'Riordan,Sydney,INT,2,143,8,12,4,0,2,0,75,9
2019,17.0,2019-07-13,Michael,Gibbons,Carlton,FPL,6,290,1,20,3,0,3,0,67,12
2019,17.0,2019-07-13,Sam,Walsh,Carlton,INT,5,537,4,21,5,1,9,0,57,16
2019,17.0,2019-07-13,Nick,Blakey,Sydney,FF,6,205,0,9,1,0,3,0,56,5
2019,17.0,2019-07-13,James,Rowbottom,Sydney,INT,5,164,0,32,3,0,7,1,83,10
2019,17.0,2019-07-13,Shaun,Burgoyne,Hawthorn,BPR,3,255,7,12,5,0,3,0,82,14
2019,17.0,2019-07-13,David,Mundy,Fremantle,R,2,295,2,17,3,1,5,1,73,16
2019,17.0,2019-07-13,Grant,Birchall,Hawthorn,INT,1,234,7,5,3,0,7,0,81,17
2019,17.0,2019-07-13,James,Frawley,Hawthorn,FB,1,149,3,4,2,0,3,0,90,9
2019,17.0,2019-07-13,Ben,McEvoy,Hawthorn,RK,4,104,3,17,0,2,5,2,77,10
2019,17.0,2019-07-13,Stephen,Hill,Fremantle,HBFR,1,153,3,6,4,0,4,1,71,10
2019,17.0,2019-07-13,Liam,Shiels,Hawthorn,WR,7,167,2,20,2,1,7,1,67,14
2019,17.0,2019-07-13,Michael,Walters,Fremantle,CHF,2,377,4,20,6,0,7,1,68,17
2019,17.0,2019-07-13,Tom,Scully,Hawthorn,CHF,5,304,2,14,2,1,5,0,69,11
2019,17.0,2019-07-13,Travis,Colyer,Fremantle,INT,0,167,2,7,0,1,1,0,70,7
2019,17.0,2019-07-13,Ben,Stratton,Hawthorn,HBFL,1,-9,5,4,0,0,0,0,100,13
2019,17.0,2019-07-13,Ricky,Henderson,Hawthorn,WL,6,654,1,16,4,1,3,0,80,20
2019,17.0,2019-07-13,Nat,Fyfe,Fremantle,C,5,333,3,18,3,2,11,3,67,16
2019,17.0,2019-07-13,Reece,Conca,Fremantle,INT,2,286,1,15,4,0,6,0,57,13
2019,17.0,2019-07-13,Brandon,Matera,Fremantle,FPR,3,160,0,9,2,0,1,0,63,5
2019,17.0,2019-07-13,Paul,Puopolo,Hawthorn,HFFR,4,150,0,16,2,0,4,1,46,5
2019,17.0,2019-07-13,Isaac,Smith,Hawthorn,INT,6,368,2,11,7,0,7,0,78,18
2019,17.0,2019-07-13,Luke,Breust,Hawthorn,HFFL,7,209,2,17,0,0,4,4,92,11
2019,17.0,2019-07-13,Nathan,Wilson,Fremantle,BPL,1,490,6,3,5,0,3,0,70,14
2019,17.0,2019-07-13,Chad,Wingard,Hawthorn,INT,4,324,3,19,2,1,4,1,73,11
2019,17.0,2019-07-13,Bradley,Hill,Fremantle,WL,3,553,3,15,5,0,4,0,73,27
2019,17.0,2019-07-13,Jaeger,O'Meara,Hawthorn,RR,5,219,2,17,5,3,10,2,52,12
2019,17.0,2019-07-13,Jarman,Impey,Hawthorn,FPR,4,278,1,19,5,0,3,1,47,8
2019,17.0,2019-07-13,Tim,O'Brien,Hawthorn,BPL,3,199,1,9,2,0,1,1,44,4
2019,17.0,2019-07-13,Rory,Lobb,Fremantle,FF,4,312,1,9,1,2,4,1,54,7
2019,17.0,2019-07-13,Cam,McCarthy,Fremantle,INT,4,148,0,9,4,0,4,1,50,5
2019,17.0,2019-07-13,James,Sicily,Hawthorn,CHB,2,220,9,3,3,0,0,0,88,14
2019,17.0,2019-07-13,Daniel,Howe,Hawthorn,C,5,272,6,15,3,0,4,1,67,12
2019,17.0,2019-07-13,Joel,Hamling,Fremantle,FB,1,-25,4,6,1,0,2,0,83,5
2019,17.0,2019-07-13,Ed,Langdon,Fremantle,WR,1,355,3,22,5,0,7,0,71,17
2019,17.0,2019-07-13,Connor,Blakely,Fremantle,HBFL,1,144,7,7,4,1,6,0,72,18
2019,17.0,2019-07-13,Ethan,Hughes,Fremantle,INT,2,192,8,9,5,0,7,0,59,10
2019,17.0,2019-07-13,Darcy,Tucker,Fremantle,HFFL,3,107,1,18,3,0,4,1,89,16
2019,17.0,2019-07-13,Blake,Hardwick,Hawthorn,HBFR,4,173,2,10,1,0,1,0,100,15
2019,17.0,2019-07-13,Luke,Ryan,Fremantle,BPR,1,477,7,9,7,0,3,0,65,15
2019,17.0,2019-07-13,Sean,Darcy,Fremantle,RK,2,189,1,3,2,1,2,0,86,12
2019,17.0,2019-07-13,Ryan,Nyhuis,Fremantle,CHB,2,62,2,9,1,0,1,0,83,10
2019,17.0,2019-07-13,Andrew,Brayshaw,Fremantle,FPL,2,207,3,19,2,2,6,1,59,10
2019,17.0,2019-07-13,Adam,Cerra,Fremantle,RR,3,59,1,11,2,0,2,2,67,6
2019,17.0,2019-07-13,James,Worpel,Hawthorn,R,7,580,5,13,8,1,7,0,67,22
2019,17.0,2019-07-13,Mitch,Lewis,Hawthorn,FF,7,251,3,7,2,0,3,0,63,10
2019,17.0,2019-07-13,Conor,Nash,Hawthorn,FPL,4,151,3,16,4,0,7,1,75,9
2019,17.0,2019-07-13,Sam,Switkowski,Fremantle,HFFR,2,37,1,11,1,0,4,2,86,6
2019,17.0,2019-07-13,Oliver,Hanrahan,Hawthorn,INT,4,257,1,12,1,0,2,0,77,10
2019,17.0,2019-07-13,Scott,Thompson,North Melbourne,FB,2,337,8,9,5,0,3,0,85,11
2019,17.0,2019-07-13,Todd,Goldstein,North Melbourne,RK,5,287,6,13,4,1,9,0,68,13
2019,17.0,2019-07-13,Cale,Hooker,Essendon,FB,1,52,4,4,2,0,1,0,75,9
2019,17.0,2019-07-13,Jack,Ziebell,North Melbourne,HFFR,2,313,2,18,5,1,6,1,50,10
2019,17.0,2019-07-13,Michael,Hurley,Essendon,CHB,0,184,2,0,2,0,1,0,75,6
2019,17.0,2019-07-13,David,Zaharakis,Essendon,WR,4,258,3,11,3,0,5,0,57,8
2019,17.0,2019-07-13,Zac,Clarke,Essendon,HFFL,4,134,3,9,3,3,7,0,75,9
2019,17.0,2019-07-13,Shaun,McKernan,Essendon,RK,4,145,1,9,7,0,2,0,30,3
2019,17.0,2019-07-13,Ben,Cunnington,North Melbourne,RR,4,89,2,15,1,1,4,1,73,11
2019,17.0,2019-07-13,Robbie,Tarrant,North Melbourne,CHB,1,465,14,8,5,0,5,0,96,21
2019,17.0,2019-07-13,Jamie,Macmillan,North Melbourne,INT,3,260,8,15,3,0,6,0,88,14
2019,17.0,2019-07-13,Jasper,Pittard,North Melbourne,HBFL,0,125,2,2,2,0,1,0,86,6
2019,17.0,2019-07-13,Shaun,Atley,North Melbourne,HBFR,1,453,6,8,6,0,6,0,67,10
2019,17.0,2019-07-13,Jared,Polec,North Melbourne,WR,3,372,5,20,3,0,5,1,63,12
2019,17.0,2019-07-13,Mitch,Brown,Essendon,FF,7,326,1,8,4,0,3,0,50,7
2019,17.0,2019-07-13,Dylan,Shiel,Essendon,RR,4,338,1,18,3,1,5,0,64,14
2019,17.0,2019-07-13,Marley,Williams,North Melbourne,BPL,1,326,3,5,5,0,1,0,73,11
2019,17.0,2019-07-13,Jed,Anderson,North Melbourne,INT,4,257,7,28,3,0,9,0,41,7
2019,17.0,2019-07-13,Jake,Stringer,Essendon,C,8,407,2,17,4,2,6,0,56,9
2019,17.0,2019-07-13,Nathan,Hrovat,North Melbourne,INT,6,133,2,13,2,0,7,1,71,10
2019,17.0,2019-07-13,Luke,McDonald,North Melbourne,BPR,1,299,6,12,3,0,3,0,69,9
2019,17.0,2019-07-13,Martin,Gleeson,Essendon,BPR,4,246,8,7,5,0,4,0,71,15
2019,17.0,2019-07-13,Zach,Merrett,Essendon,INT,6,309,7,21,7,2,11,1,68,23
2019,17.0,2019-07-13,Ben,Brown,North Melbourne,FF,9,380,2,10,6,0,4,1,56,10
2019,17.0,2019-07-13,Orazio,Fantasia,Essendon,FPL,4,95,0,10,0,0,1,3,80,4
2019,17.0,2019-07-13,Kayne,Turner,North Melbourne,FPR,3,67,1,19,1,0,6,1,67,4
2019,17.0,2019-07-13,Adam,Saad,Essendon,HBFR,2,579,9,14,4,0,8,0,77,17
2019,17.0,2019-07-13,Trent,Dumont,North Melbourne,WL,2,287,4,11,3,0,2,0,69,11
2019,17.0,2019-07-13,Kyle,Langford,Essendon,INT,4,272,2,14,1,1,2,0,85,11
2019,17.0,2019-07-13,Jayden,Laverde,Essendon,CHF,7,252,0,8,4,0,4,0,73,11
2019,17.0,2019-07-13,Conor,McKenna,Essendon,WL,5,575,4,14,8,0,8,0,68,17
2019,17.0,2019-07-13,Anthony,McDonald-Tipungwuti,Essendon,HFFR,11,322,2,16,3,1,12,2,68,13
2019,17.0,2019-07-13,Darcy,Parish,Essendon,R,7,250,1,13,5,2,7,0,75,15
2019,17.0,2019-07-13,Mason,Redman,Essendon,BPL,1,294,7,13,8,0,2,0,53,8
2019,17.0,2019-07-13,Aaron,Francis,Essendon,INT,4,146,7,8,1,0,4,0,90,9
2019,17.0,2019-07-13,Andrew,McGrath,Essendon,INT,6,319,4,15,3,2,8,1,73,16
2019,17.0,2019-07-13,Jy,Simpkin,North Melbourne,R,3,386,1,16,6,3,6,0,67,12
2019,17.0,2019-07-13,Cameron,Zurhaar,North Melbourne,FPL,7,325,1,17,3,0,7,1,60,9
2019,17.0,2019-07-13,Nick,Larkey,North Melbourne,CHF,2,48,1,7,2,0,0,0,50,2
2019,17.0,2019-07-13,Matt,Guelfi,Essendon,HBFL,4,303,6,10,3,0,3,0,63,10
2019,17.0,2019-07-13,Dylan,Clarke,Essendon,FPR,2,116,3,20,2,1,4,2,69,9
2019,17.0,2019-07-13,Paul,Ahern,North Melbourne,INT,2,169,0,19,4,1,4,1,50,6
2019,17.0,2019-07-13,Tarryn,Thomas,North Melbourne,C,5,257,1,21,1,1,3,0,62,8
2019,17.0,2019-07-13,Curtis,Taylor,North Melbourne,HFFL,2,72,0,12,4,0,1,2,50,2
2019,17.0,2019-07-13,Michael,Rischitelli,Gold Coast,INT,0,79,3,12,1,1,2,1,71,5
2019,17.0,2019-07-13,Eddie,Betts,Adelaide,FF,12,307,1,4,6,0,6,1,50,10
2019,17.0,2019-07-13,Jarrod,Harbrow,Gold Coast,BPR,2,297,5,11,1,0,3,0,87,13
2019,17.0,2019-07-13,David,Mackay,Adelaide,INT,4,220,4,8,2,0,4,0,83,15
2019,17.0,2019-07-13,Pearce,Hanley,Gold Coast,CHB,3,482,6,16,5,1,5,0,75,18
2019,17.0,2019-07-13,Taylor,Walker,Adelaide,CHF,11,277,1,3,3,0,6,0,84,16
2019,17.0,2019-07-13,Rory,Sloane,Adelaide,R,13,222,5,13,2,1,10,0,81,21
2019,17.0,2019-07-13,Brodie,Smith,Adelaide,BPL,11,568,1,9,4,2,6,0,63,15
2019,17.0,2019-07-13,David,Swallow,Gold Coast,RR,2,261,4,22,4,2,7,0,57,13
2019,17.0,2019-07-13,Sam,Day,Gold Coast,FF,2,235,0,17,3,0,2,1,56,5
2019,17.0,2019-07-13,Daniel,Talia,Adelaide,FB,4,48,7,6,1,0,3,0,75,6
2019,17.0,2019-07-13,Jack,Hombsch,Gold Coast,FB,0,40,3,8,0,0,2,0,89,8
2019,17.0,2019-07-13,Paul,Seedsman,Adelaide,HFFR,8,219,2,10,1,0,2,0,96,22
2019,17.0,2019-07-13,Anthony,Miles,Gold Coast,INT,1,314,2,14,4,3,9,1,68,13
2019,17.0,2019-07-13,Josh,Jenkins,Adelaide,FPL,9,326,1,4,2,0,0,0,64,9
2019,17.0,2019-07-13,Alex,Sexton,Gold Coast,HFFL,4,322,2,16,3,0,4,0,54,7
2019,17.0,2019-07-13,Luke,Brown,Adelaide,CHB,4,274,6,7,4,0,4,0,76,16
2019,17.0,2019-07-13,Brad,Crouch,Adelaide,C,7,227,1,24,3,2,6,2,60,15
2019,17.0,2019-07-13,Rory,Laird,Adelaide,HBFR,7,371,6,3,5,1,5,0,87,26
2019,17.0,2019-07-13,Jarrod,Witts,Gold Coast,RK,2,229,2,10,3,3,4,1,53,9
2019,17.0,2019-07-13,Kyle,Hartigan,Adelaide,WR,1,127,6,1,1,0,1,0,93,13
2019,17.0,2019-07-13,Sean,Lemmens,Gold Coast,FPL,3,213,2,16,4,1,3,2,67,6
2019,17.0,2019-07-13,Matt,Crouch,Adelaide,RR,10,225,4,11,2,2,9,1,69,25
2019,17.0,2019-07-13,Touk,Miller,Gold Coast,HFFR,2,287,3,20,8,1,10,1,71,17
2019,17.0,2019-07-13,Jake,Kelly,Adelaide,HBFL,5,274,11,9,2,0,8,0,82,22
2019,17.0,2019-07-13,Riley,Knight,Adelaide,INT,11,293,3,7,5,0,5,0,76,19
2019,17.0,2019-07-13,Rory,Atkins,Adelaide,WL,10,687,1,9,5,0,2,0,69,24
2019,17.0,2019-07-13,Lachie,Weller,Gold Coast,WL,0,317,6,17,4,0,3,0,86,12
2019,17.0,2019-07-13,Wayne,Milera,Adelaide,HFFL,12,308,4,11,4,0,5,0,85,23
2019,17.0,2019-07-13,Darcy,Macpherson,Gold Coast,R,2,253,3,23,8,1,4,2,44,8
2019,17.0,2019-07-13,Jesse,Joyce,Gold Coast,HBFL,0,132,3,10,4,0,2,0,73,8
2019,17.0,2019-07-13,Reilly,O'Brien,Adelaide,RK,7,197,0,12,3,3,5,0,58,11
2019,17.0,2019-07-13,Brayden,Fiorini,Gold Coast,WR,2,306,3,30,5,0,7,2,67,10
2019,17.0,2019-07-13,Brad,Scheer,Gold Coast,C,1,79,2,14,1,0,3,0,75,9
2019,17.0,2019-07-13,Hugh,Greenwood,Adelaide,INT,9,121,2,24,3,2,5,2,77,17
2019,17.0,2019-07-13,Will,Brodie,Gold Coast,INT,2,155,1,10,2,0,3,1,63,5
2019,17.0,2019-07-13,Tyson,Stengle,Adelaide,INT,7,212,1,10,1,0,2,2,80,8
2019,17.0,2019-07-13,Alex,Keath,Adelaide,BPR,7,345,10,3,2,0,4,0,83,15
2019,17.0,2019-07-13,Lachlan,Murphy,Adelaide,FPR,7,358,3,9,2,0,4,1,87,13
2019,17.0,2019-07-13,Charlie,Ballard,Gold Coast,HBFR,1,255,3,8,6,0,2,0,62,8
2019,17.0,2019-07-13,Jacob,Heron,Gold Coast,INT,1,191,3,14,4,0,5,2,46,6
2019,17.0,2019-07-13,Jack,Lukosius,Gold Coast,BPL,0,260,4,13,3,0,0,0,85,11
2019,17.0,2019-07-13,Josh,Corbett,Gold Coast,CHF,2,93,2,8,3,0,4,2,50,4
2019,17.0,2019-07-13,Ben,King,Gold Coast,FPR,1,123,2,5,3,0,1,0,88,7
2019,17.0,2019-07-13,Gary,Ablett,Geelong,FPL,6,463,3,15,2,0,5,1,83,15
2019,17.0,2019-07-13,Joel,Selwood,Geelong,R,6,266,1,18,3,3,7,1,77,17
2019,17.0,2019-07-13,Tom,Hawkins,Geelong,FF,4,121,1,15,1,0,3,4,73,8
2019,17.0,2019-07-13,Nathan,Brown,St Kilda,FB,0,28,1,7,0,0,0,0,100,4
2019,17.0,2019-07-13,Harry,Taylor,Geelong,BPR,5,124,10,8,2,0,9,0,71,12
2019,17.0,2019-07-13,Patrick,Dangerfield,Geelong,HBFL,8,553,4,16,6,5,15,1,72,23
2019,17.0,2019-07-13,Shane,Savage,St Kilda,BPR,4,475,8,12,9,0,5,0,85,23
2019,17.0,2019-07-13,Mitch,Duncan,Geelong,WR,8,491,2,13,4,0,6,0,70,23
2019,17.0,2019-07-13,Gary,Rohan,Geelong,HFFR,5,186,3,16,4,0,3,1,50,5
2019,17.0,2019-07-13,Rhys,Stanley,Geelong,RK,4,150,2,14,2,0,3,0,64,9
2019,17.0,2019-07-13,Jake,Carlisle,St Kilda,CHB,1,217,3,4,1,0,0,0,78,7
2019,17.0,2019-07-13,Cameron,Guthrie,Geelong,INT,4,286,3,17,6,1,4,2,69,11
2019,17.0,2019-07-13,Zach,Tuohy,Geelong,BPL,1,355,3,10,3,0,2,0,82,14
2019,17.0,2019-07-13,Luke,Dahlhaus,Geelong,HFFL,6,61,2,17,1,1,9,1,71,15
2019,17.0,2019-07-13,Jack,Newnes,St Kilda,WR,2,339,3,19,10,0,7,0,44,8
2019,17.0,2019-07-13,Josh,Bruce,St Kilda,CHF,5,143,0,14,2,0,1,2,50,5
2019,17.0,2019-07-13,Sebastian,Ross,St Kilda,C,3,269,2,21,5,1,5,0,77,17
2019,17.0,2019-07-13,Mark,Blicavs,Geelong,CHB,4,151,5,9,2,0,1,0,82,9
2019,17.0,2019-07-13,Jack,Billings,St Kilda,WL,7,487,3,17,6,0,6,0,71,17
2019,17.0,2019-07-13,Luke,Dunstan,St Kilda,HFFR,6,328,5,21,2,1,12,0,77,23
2019,17.0,2019-07-13,Blake,Acres,St Kilda,INT,1,19,0,17,2,0,1,2,90,9
2019,17.0,2019-07-13,Jed,Bews,Geelong,FB,1,419,5,8,3,0,5,0,75,12
2019,17.0,2019-07-13,Tim,Membrey,St Kilda,FF,3,224,0,10,2,0,2,0,60,6
2019,17.0,2019-07-13,Jack,Lonie,St Kilda,INT,3,69,1,20,1,0,3,1,60,3
2019,17.0,2019-07-13,Jack,Sinclair,St Kilda,INT,0,167,3,11,3,2,7,0,64,9
2019,17.0,2019-07-13,Daniel,McKenzie,St Kilda,FPL,1,20,0,14,2,0,2,1,100,4
2019,17.0,2019-07-13,Jack,Steele,St Kilda,R,5,138,3,25,2,3,13,0,82,23
2019,17.0,2019-07-13,Jade,Gresham,St Kilda,RR,4,542,3,18,4,2,9,1,68,19
2019,17.0,2019-07-13,Brandan,Parfitt,Geelong,FPR,6,160,1,17,4,0,5,0,59,10
2019,17.0,2019-07-13,Tom,Stewart,Geelong,HBFR,1,472,7,6,6,0,4,0,62,13
2019,17.0,2019-07-13,Ben,Long,St Kilda,FPR,3,140,2,15,1,0,0,4,50,3
2019,17.0,2019-07-13,Mark,O'Connor,Geelong,RR,2,172,10,4,2,0,6,0,82,14
2019,17.0,2019-07-13,Rowan,Marshall,St Kilda,RK,5,338,5,11,6,2,5,0,48,10
2019,17.0,2019-07-13,Hunter,Clark,St Kilda,HBFR,2,410,7,21,3,0,2,0,88,22
2019,17.0,2019-07-13,Tim,Kelly,Geelong,C,8,278,2,42,3,2,8,2,84,16
2019,17.0,2019-07-13,Esava,Ratugolea,Geelong,CHF,6,169,3,12,3,0,3,4,69,9
2019,17.0,2019-07-13,Jack,Henry,Geelong,INT,2,101,3,3,1,0,3,0,100,6
2019,17.0,2019-07-13,Nick,Coffield,St Kilda,BPL,3,216,9,18,2,0,7,0,73,11
2019,17.0,2019-07-13,Ben,Paton,St Kilda,INT,0,110,2,15,3,0,2,0,63,5
2019,17.0,2019-07-13,Tom,Atkins,Geelong,INT,1,40,0,24,0,0,2,2,89,8
2019,17.0,2019-07-13,Jordan,Clark,Geelong,INT,3,310,3,14,3,0,4,0,80,12
2019,17.0,2019-07-13,Gryan,Miers,Geelong,WL,7,284,1,18,5,0,4,3,57,13
2019,17.0,2019-07-13,Callum,Wilkie,St Kilda,HBFL,2,305,5,11,4,0,2,0,92,12
2019,17.0,2019-07-13,Nick,Hind,St Kilda,HFFL,4,182,1,21,3,0,4,1,40,4
2019,17.0,2019-07-14,Brett,Deledio,Greater Western Sydney,HBFR,3,137,1,17,2,0,3,0,69,11
2019,17.0,2019-07-14,Heath,Shaw,Greater Western Sydney,R,1,396,3,10,11,0,1,0,53,8
2019,17.0,2019-07-14,Shane,Edwards,Richmond,FF,7,188,5,9,6,3,7,0,81,13
2019,17.0,2019-07-14,Bachar,Houli,Richmond,HBFL,5,647,4,16,4,0,3,0,77,23
2019,17.0,2019-07-14,Jack,Riewoldt,Richmond,FPL,7,275,1,10,1,0,2,2,40,4
2019,17.0,2019-07-14,Trent,Cotchin,Richmond,RR,5,304,3,29,4,3,6,0,80,16
2019,17.0,2019-07-14,Sam J.,Reid,Greater Western Sydney,HBFL,2,129,0,17,1,0,1,2,71,5
2019,17.0,2019-07-14,Dustin,Martin,Richmond,R,8,413,0,17,4,1,2,0,60,15
2019,17.0,2019-07-14,Dawson,Simpson,Greater Western Sydney,RK,4,118,3,8,1,2,8,0,67,8
2019,17.0,2019-07-14,Phil,Davis,Greater Western Sydney,BPL,2,101,8,9,3,0,3,0,75,6
2019,17.0,2019-07-14,David,Astbury,Richmond,BPL,2,156,9,6,3,0,3,0,88,15
2019,17.0,2019-07-14,Dylan,Grimes,Richmond,BPR,5,189,10,10,3,0,5,0,93,14
2019,17.0,2019-07-14,Dion,Prestia,Richmond,C,6,335,3,27,1,1,6,0,83,20
2019,17.0,2019-07-14,Tom,Lynch,Richmond,FPR,11,270,2,8,5,0,8,0,56,10
2019,17.0,2019-07-14,Jeremy,Cameron,Greater Western Sydney,CHF,10,442,0,16,5,0,2,1,47,9
2019,17.0,2019-07-14,Stephen,Coniglio,Greater Western Sydney,C,0,0,0,1,0,0,0,0,0,0
2019,17.0,2019-07-14,Toby,Greene,Greater Western Sydney,WR,10,572,2,24,4,3,11,4,65,22
2019,17.0,2019-07-14,Adam,Kennedy,Greater Western Sydney,INT,2,230,6,11,2,0,6,0,80,12
2019,17.0,2019-07-14,Adam,Tomlinson,Greater Western Sydney,FPL,4,487,2,14,4,0,3,0,50,11
2019,17.0,2019-07-14,Brandon,Ellis,Richmond,WR,10,453,5,20,3,0,9,0,69,20
2019,17.0,2019-07-14,Matt,Buntine,Greater Western Sydney,INT,3,44,0,6,2,0,1,2,67,4
2019,17.0,2019-07-14,Nick,Haynes,Greater Western Sydney,CHB,4,390,8,12,4,0,2,0,80,16
2019,17.0,2019-07-14,Lachie,Whitfield,Greater Western Sydney,FPR,11,506,4,14,6,1,4,1,76,25
2019,17.0,2019-07-14,Nick,Vlastuin,Richmond,CHB,3,375,10,8,2,0,4,0,83,15
2019,17.0,2019-07-14,Zac,Williams,Greater Western Sydney,BPR,7,316,5,26,1,0,6,0,75,15
2019,17.0,2019-07-14,Kamdyn,McIntosh,Richmond,WL,4,229,6,14,6,0,4,0,50,6
2019,17.0,2019-07-14,Kane,Lambert,Richmond,HFFR,10,317,0,17,2,1,4,1,68,13
2019,17.0,2019-07-14,Daniel,Rioli,Richmond,INT,7,193,2,17,1,0,1,0,78,14
2019,17.0,2019-07-14,Jayden,Short,Richmond,HBFR,0,462,2,18,4,0,0,1,75,12
2019,17.0,2019-07-14,Jason,Castagna,Richmond,CHF,10,411,1,19,6,0,4,0,53,9
2019,17.0,2019-07-14,Jacob,Hopper,Greater Western Sydney,INT,3,398,1,20,7,2,13,0,39,13
2019,17.0,2019-07-14,Nathan,Broad,Richmond,FB,2,295,2,12,2,0,4,0,80,16
2019,17.0,2019-07-14,Harry,Himmelberg,Greater Western Sydney,FF,5,9,1,11,3,0,5,1,83,10
2019,17.0,2019-07-14,Mabior,Chol,Richmond,INT,4,213,1,13,3,1,3,0,50,5
2019,17.0,2019-07-14,Tim,Taranto,Greater Western Sydney,HFFL,4,474,5,15,7,2,9,0,58,21
2019,17.0,2019-07-14,Ivan,Soldo,Richmond,RK,3,69,3,18,0,0,3,1,63,5
2019,17.0,2019-07-14,Daniel,Lloyd,Greater Western Sydney,WL,2,226,2,13,2,2,6,0,53,8
2019,17.0,2019-07-14,Harry,Perryman,Greater Western Sydney,RR,5,345,11,8,4,0,11,0,70,19
2019,17.0,2019-07-14,Shai,Bolton,Richmond,INT,7,355,3,15,6,0,5,1,76,22
2019,17.0,2019-07-14,Sam,Taylor,Greater Western Sydney,FB,0,80,9,19,2,0,4,0,67,6
2019,17.0,2019-07-14,Brent,Daniels,Greater Western Sydney,HFFR,8,383,1,23,2,0,6,0,68,15
2019,17.0,2019-07-14,Sydney,Stack,Richmond,HFFL,8,402,1,11,3,0,2,1,78,14
2019,17.0,2019-07-14,Derek,Eggmolesse-Smith,Richmond,INT,2,136,5,9,3,0,3,0,75,12
2019,17.0,2019-07-14,Bobby,Hill,Greater Western Sydney,INT,7,270,0,12,4,0,2,0,67,10
2019,17.0,2019-07-14,Jordan,Lewis,Melbourne,C,2,104,0,14,1,4,4,0,67,12
2019,17.0,2019-07-14,Nathan,Jones,Melbourne,WR,3,449,4,5,7,0,3,0,63,12
2019,17.0,2019-07-14,Matthew,Suckling,Western Bulldogs,HFFL,3,307,6,11,4,0,6,0,81,17
2019,17.0,2019-07-14,Neville,Jetta,Melbourne,INT,0,164,1,13,5,0,2,0,67,6
2019,17.0,2019-07-14,Easton,Wood,Western Bulldogs,HBFR,2,98,2,8,0,0,1,0,100,9
2019,17.0,2019-07-14,Jackson,Trengove,Western Bulldogs,FB,1,115,2,7,1,0,1,0,100,9
2019,17.0,2019-07-14,Michael,Hibberd,Melbourne,HBFL,2,334,6,8,3,0,3,0,91,10
2019,17.0,2019-07-14,Steven,May,Melbourne,FB,3,484,5,1,4,0,3,0,81,13
2019,17.0,2019-07-14,Max,Gawn,Melbourne,RK,7,236,2,13,5,1,4,0,63,12
2019,17.0,2019-07-14,Tory,Dickson,Western Bulldogs,INT,4,81,2,9,1,0,4,2,92,12
2019,17.0,2019-07-14,Hayden,Crozier,Western Bulldogs,BPR,1,387,6,9,5,0,3,0,79,15
2019,17.0,2019-07-14,Sam,Frost,Melbourne,CHB,2,142,8,16,2,0,6,0,69,9
2019,17.0,2019-07-14,Jason,Johannisen,Western Bulldogs,BPL,2,353,2,9,3,0,3,0,59,10
2019,17.0,2019-07-14,Jack,Viney,Melbourne,RR,5,515,4,18,4,1,10,1,70,21
2019,17.0,2019-07-14,Taylor,Duryea,Western Bulldogs,HBFL,6,591,8,8,3,0,4,0,90,28
2019,17.0,2019-07-14,Jack,Macrae,Western Bulldogs,R,5,290,2,14,2,1,10,0,77,23
2019,17.0,2019-07-14,Lachie,Hunter,Western Bulldogs,WL,5,498,6,24,3,0,9,1,81,30
2019,17.0,2019-07-14,Sam,Lloyd,Western Bulldogs,HFFR,9,323,0,7,2,0,4,1,71,12
2019,17.0,2019-07-14,Marcus,Bontempelli,Western Bulldogs,FF,6,361,3,27,8,2,7,0,57,12
2019,17.0,2019-07-14,Christian,Salem,Melbourne,HBFR,0,333,8,12,4,0,10,0,76,19
2019,17.0,2019-07-14,Angus,Brayshaw,Melbourne,INT,4,95,2,14,2,1,4,0,83,10
2019,17.0,2019-07-14,Jake,Lever,Melbourne,BPL,0,151,3,10,3,0,1,0,63,5
2019,17.0,2019-07-14,Toby,McLean,Western Bulldogs,INT,1,37,0,7,0,1,1,0,100,3
2019,17.0,2019-07-14,Alex,Neal-Bullen,Melbourne,INT,5,283,2,16,3,0,6,0,63,10
2019,17.0,2019-07-14,James,Harmes,Melbourne,HFFL,5,415,7,22,5,3,5,0,68,15
2019,17.0,2019-07-14,Roarke,Smith,Western Bulldogs,INT,2,176,1,9,3,0,2,0,71,5
2019,17.0,2019-07-14,Zaine,Cordy,Western Bulldogs,CHB,2,99,6,2,2,0,2,0,89,8
2019,17.0,2019-07-14,Clayton,Oliver,Melbourne,R,4,266,0,27,3,0,6,2,53,9
2019,17.0,2019-07-14,Josh,Dunkley,Western Bulldogs,RR,10,494,5,27,7,5,14,2,59,23
2019,17.0,2019-07-14,Josh,Schache,Western Bulldogs,CHF,8,190,3,11,2,1,6,1,73,11
2019,17.0,2019-07-14,Jayden,Hunt,Melbourne,WL,4,168,4,16,3,0,4,1,80,8
2019,17.0,2019-07-14,Christian,Petracca,Melbourne,CHF,6,282,1,23,2,0,12,2,50,11
2019,17.0,2019-07-14,Bailey,Williams,Western Bulldogs,INT,2,281,2,6,3,0,3,0,68,13
2019,17.0,2019-07-14,Mitch,Hannan,Melbourne,FPL,0,64,0,13,1,0,1,0,33,1
2019,17.0,2019-07-14,Braydon,Preuss,Melbourne,FF,3,147,3,4,3,0,2,0,43,3
2019,17.0,2019-07-14,Tim,English,Western Bulldogs,RK,6,136,4,15,4,0,3,1,86,12
2019,17.0,2019-07-14,Patrick,Lipinski,Western Bulldogs,WR,4,81,2,19,2,0,3,0,77,13
2019,17.0,2019-07-14,Aaron,Naughton,Western Bulldogs,FPL,1,218,3,4,3,0,1,0,60,6
2019,17.0,2019-07-14,Bayley,Fritsch,Melbourne,HFFR,4,229,1,10,2,0,4,0,50,6
2019,17.0,2019-07-14,Ed,Richards,Western Bulldogs,FPR,3,104,1,14,2,0,5,0,78,7
2019,17.0,2019-07-14,Harrison,Petty,Melbourne,FPR,5,190,0,11,1,0,1,1,80,8
2019,17.0,2019-07-14,Bailey,Smith,Western Bulldogs,C,3,174,0,27,2,1,7,1,73,8
2019,17.0,2019-07-14,Jay,Lockhart,Melbourne,BPR,2,79,0,11,3,0,3,0,70,7
2019,17.0,2019-07-14,Kyle,Dunkley,Melbourne,INT,2,109,1,12,0,0,1,0,100,5
2019,17.0,2019-07-14,Robbie,Gray,Port Adelaide,R,7,262,6,6,5,1,13,0,66,21
2019,17.0,2019-07-14,Justin,Westhoff,Port Adelaide,FPL,4,335,3,17,2,1,2,2,67,10
2019,17.0,2019-07-14,Travis,Boak,Port Adelaide,WL,6,447,4,19,6,2,16,0,66,21
2019,17.0,2019-07-14,Brad,Ebert,Port Adelaide,FPR,2,47,1,12,1,0,4,1,63,5
2019,17.0,2019-07-14,Stefan,Martin,Brisbane Lions,RK,3,71,1,9,1,1,5,1,63,10
2019,17.0,2019-07-14,Mitch,Robinson,Brisbane Lions,WR,3,585,8,14,5,1,8,2,57,12
2019,17.0,2019-07-14,Daniel,Rich,Brisbane Lions,HBFR,3,530,6,10,7,0,5,0,70,16
2019,17.0,2019-07-14,Hamish,Hartlett,Port Adelaide,CHB,3,381,8,16,3,0,2,0,74,14
2019,17.0,2019-07-14,Tom,Rockliff,Port Adelaide,INT,4,477,1,22,11,0,10,1,35,10
2019,17.0,2019-07-14,Steven,Motlop,Port Adelaide,INT,2,171,2,11,1,0,0,0,85,11
2019,17.0,2019-07-14,Ryan,Lester,Brisbane Lions,BPL,1,188,8,12,5,0,2,0,64,7
2019,17.0,2019-07-14,Charlie,Dixon,Port Adelaide,FF,5,117,1,5,5,0,5,0,42,5
2019,17.0,2019-07-14,Allen,Christensen,Brisbane Lions,INT,3,134,0,13,4,0,5,0,50,5
2019,17.0,2019-07-14,Scott,Lycett,Port Adelaide,RK,5,179,1,17,2,2,2,0,90,9
2019,17.0,2019-07-14,Tom,Jonas,Port Adelaide,BPL,1,297,5,18,5,0,3,0,78,14
2019,17.0,2019-07-14,Lachie,Neale,Brisbane Lions,C,5,366,2,22,2,5,8,1,75,18
2019,17.0,2019-07-14,Jarryd,Lyons,Brisbane Lions,R,8,654,6,39,7,0,13,4,50,18
2019,17.0,2019-07-14,Dayne,Zorko,Brisbane Lions,WL,7,549,5,23,7,0,9,1,42,10
2019,17.0,2019-07-14,Lincoln,McCarthy,Brisbane Lions,FPR,6,307,1,26,7,2,9,1,50,10
2019,17.0,2019-07-14,Cam,Sutcliffe,Port Adelaide,C,1,132,2,16,2,0,3,0,50,5
2019,17.0,2019-07-14,Josh,Walker,Brisbane Lions,HBFL,5,131,0,8,2,0,3,1,75,6
2019,17.0,2019-07-14,Ollie,Wines,Port Adelaide,RR,2,385,4,26,7,2,10,4,41,13
2019,17.0,2019-07-14,Tom,Clurey,Port Adelaide,FB,0,174,3,9,1,0,3,0,60,6
2019,17.0,2019-07-14,Sam,Gray,Port Adelaide,CHF,5,307,4,15,5,0,5,1,58,11
2019,17.0,2019-07-14,Darcy,Gardiner,Brisbane Lions,CHB,0,202,8,7,4,0,2,0,80,8
2019,17.0,2019-07-14,Charlie,Cameron,Brisbane Lions,FPL,7,295,2,18,2,0,4,0,73,11
2019,17.0,2019-07-14,Daniel,McStay,Brisbane Lions,FF,6,184,3,18,1,0,5,2,77,10
2019,17.0,2019-07-14,Harris,Andrews,Brisbane Lions,FB,1,126,7,10,1,0,3,0,89,8
2019,17.0,2019-07-14,Karl,Amon,Port Adelaide,WR,5,310,3,13,5,1,5,0,56,10
2019,17.0,2019-07-14,Marcus,Adams,Brisbane Lions,CHF,0,117,4,6,1,0,2,0,25,1
2019,17.0,2019-07-14,Dougal,Howard,Port Adelaide,INT,2,157,4,15,4,0,4,0,27,3
2019,17.0,2019-07-14,Darcy,Byrne-Jones,Port Adelaide,HBFR,5,453,12,18,3,0,9,0,77,23
2019,17.0,2019-07-14,Ben,Keays,Brisbane Lions,INT,4,291,2,13,5,1,6,0,60,9
2019,17.0,2019-07-14,Ryan,Burton,Port Adelaide,HBFL,1,184,4,5,4,0,4,0,67,8
2019,17.0,2019-07-14,Riley,Bonner,Port Adelaide,BPR,4,372,6,14,5,0,3,0,75,12
2019,17.0,2019-07-14,Sam,Powell-Pepper,Port Adelaide,INT,6,218,1,14,2,1,6,2,61,11
2019,17.0,2019-07-14,Jarrod,Berry,Brisbane Lions,RR,6,264,3,21,1,1,7,1,89,16
2019,17.0,2019-07-14,Alex,Witherden,Brisbane Lions,INT,3,440,8,15,5,0,4,0,67,14
2019,17.0,2019-07-14,Cam,Rayner,Brisbane Lions,HFFL,4,177,1,8,2,0,2,0,57,4
2019,17.0,2019-07-14,Zac,Bailey,Brisbane Lions,INT,5,228,2,21,3,0,2,1,50,5
2019,17.0,2019-07-14,Oscar,McInerney,Brisbane Lions,HFFR,5,184,1,13,5,1,2,1,50,6
2019,17.0,2019-07-14,Zak,Butters,Port Adelaide,HFFL,4,108,2,12,1,0,2,1,80,8
2019,17.0,2019-07-14,Connor,Rozee,Port Adelaide,HFFR,4,138,4,13,0,0,3,1,39,5
2019,17.0,2019-07-14,Noah,Answerth,Brisbane Lions,BPR,2,131,4,10,2,0,3,0,100,6
2019,18.0,2019-07-19,Eddie,Betts,Adelaide,FPL,4,29,1,17,0,0,2,1,89,8
2019,18.0,2019-07-19,David,Mackay,Adelaide,INT,4,264,5,20,4,0,3,0,73,11
2019,18.0,2019-07-19,Cale,Hooker,Essendon,FB,3,317,6,7,5,0,6,1,58,11
2019,18.0,2019-07-19,Taylor,Walker,Adelaide,CHF,4,220,1,12,2,0,2,0,50,4
2019,18.0,2019-07-19,David,Zaharakis,Essendon,WR,8,460,5,21,5,0,6,0,72,18
2019,18.0,2019-07-19,Shaun,McKernan,Essendon,RK,4,264,4,14,5,1,9,1,44,7
2019,18.0,2019-07-19,Rory,Sloane,Adelaide,HFFR,6,255,0,32,7,7,5,3,65,13
2019,18.0,2019-07-19,Tom,Lynch,Adelaide,INT,8,330,0,8,6,0,3,0,58,14
2019,18.0,2019-07-19,Brodie,Smith,Adelaide,HBFR,8,604,5,24,7,1,10,2,77,24
2019,18.0,2019-07-19,Dyson,Heppell,Essendon,INT,5,207,3,11,1,1,5,0,70,14
2019,18.0,2019-07-19,Mitch,Brown,Essendon,FF,8,308,0,6,3,0,3,0,96,22
2019,18.0,2019-07-19,Daniel,Talia,Adelaide,CHB,2,173,5,13,1,0,1,0,85,11
2019,18.0,2019-07-19,Dylan,Shiel,Essendon,INT,6,477,3,33,5,2,11,0,61,14
2019,18.0,2019-07-19,Paul,Seedsman,Adelaide,HBFL,7,735,2,11,7,0,4,0,85,22
2019,18.0,2019-07-19,Josh,Jenkins,Adelaide,FF,4,291,0,13,4,0,2,0,67,8
2019,18.0,2019-07-19,Luke,Brown,Adelaide,BPL,4,378,10,13,4,0,8,0,92,22
2019,18.0,2019-07-19,Brad,Crouch,Adelaide,R,8,473,3,20,7,1,9,0,71,25
2019,18.0,2019-07-19,Rory,Laird,Adelaide,C,3,350,6,9,6,0,7,0,82,22
2019,18.0,2019-07-19,Jake,Stringer,Essendon,R,5,218,0,28,2,2,7,2,92,12
2019,18.0,2019-07-19,Kyle,Hartigan,Adelaide,BPR,0,123,2,6,0,0,1,0,80,8
2019,18.0,2019-07-19,Patrick,Ambrose,Essendon,CHF,2,45,9,7,2,0,7,0,73,11
2019,18.0,2019-07-19,Martin,Gleeson,Essendon,BPR,2,223,7,12,4,0,5,0,75,15
2019,18.0,2019-07-19,Zach,Merrett,Essendon,C,8,691,3,26,8,1,9,2,61,19
2019,18.0,2019-07-19,Matt,Crouch,Adelaide,RR,3,242,4,26,4,3,7,1,76,25
2019,18.0,2019-07-19,Adam,Saad,Essendon,HBFR,2,374,2,12,2,0,3,0,79,11
2019,18.0,2019-07-19,Jake,Kelly,Adelaide,WL,1,148,5,11,1,0,6,0,94,15
2019,18.0,2019-07-19,Kyle,Langford,Essendon,HFFL,3,54,2,15,1,0,4,0,85,11
2019,18.0,2019-07-19,Riley,Knight,Adelaide,INT,7,119,3,28,5,0,4,1,76,16
2019,18.0,2019-07-19,Rory,Atkins,Adelaide,HFFL,6,371,1,11,1,1,2,0,84,16
2019,18.0,2019-07-19,Conor,McKenna,Essendon,HBFL,4,531,2,18,0,0,3,0,79,19
2019,18.0,2019-07-19,Anthony,McDonald-Tipungwuti,Essendon,HFFR,7,195,1,12,3,1,2,0,92,12
2019,18.0,2019-07-19,Darcy,Parish,Essendon,FPL,6,240,4,21,3,0,8,1,67,12
2019,18.0,2019-07-19,Wayne,Milera,Adelaide,WR,8,250,3,18,4,0,4,1,79,15
2019,18.0,2019-07-19,Michael,Hartley,Essendon,CHB,1,182,5,9,3,0,8,0,81,13
2019,18.0,2019-07-19,Mason,Redman,Essendon,BPL,4,318,5,4,6,0,5,0,76,19
2019,18.0,2019-07-19,Aaron,Francis,Essendon,INT,7,235,8,6,3,0,5,0,82,14
2019,18.0,2019-07-19,Reilly,O'Brien,Adelaide,RK,5,272,6,14,3,1,10,0,70,19
2019,18.0,2019-07-19,Will,Snelling,Essendon,RR,5,98,2,25,2,0,3,0,67,10
2019,18.0,2019-07-19,Andrew,McGrath,Essendon,WL,3,250,1,18,5,0,2,1,65,11
2019,18.0,2019-07-19,Hugh,Greenwood,Adelaide,INT,4,100,2,26,4,3,5,0,62,8
2019,18.0,2019-07-19,Alex,Keath,Adelaide,FB,4,109,5,9,1,0,2,0,73,8
2019,18.0,2019-07-19,Lachlan,Murphy,Adelaide,FPR,5,152,1,25,0,0,2,0,73,8
2019,18.0,2019-07-19,Matt,Guelfi,Essendon,INT,3,169,2,15,1,0,0,1,100,9
2019,18.0,2019-07-19,Dylan,Clarke,Essendon,FPR,8,205,4,23,1,1,8,2,74,14
2019,18.0,2019-07-20,Shane,Edwards,Richmond,HBFR,2,221,8,8,4,0,7,0,84,16
2019,18.0,2019-07-20,Bachar,Houli,Richmond,HBFL,4,254,4,9,1,0,7,0,96,27
2019,18.0,2019-07-20,Jack,Riewoldt,Richmond,FF,6,336,0,9,3,0,1,1,80,8
2019,18.0,2019-07-20,Robbie,Gray,Port Adelaide,R,3,84,4,16,2,1,2,0,89,16
2019,18.0,2019-07-20,Justin,Westhoff,Port Adelaide,WR,2,219,4,16,1,0,2,0,95,18
2019,18.0,2019-07-20,Travis,Boak,Port Adelaide,RR,4,246,3,24,7,3,7,0,79,23
2019,18.0,2019-07-20,Trent,Cotchin,Richmond,RR,4,377,3,24,4,4,5,0,68,15
2019,18.0,2019-07-20,Hamish,Hartlett,Port Adelaide,HBFL,1,205,5,5,4,1,5,0,79,11
2019,18.0,2019-07-20,Matthew,Broadbent,Port Adelaide,INT,2,478,7,10,6,0,4,0,73,19
2019,18.0,2019-07-20,Tom,Rockliff,Port Adelaide,C,4,198,4,25,4,5,9,1,69,18
2019,18.0,2019-07-20,Dustin,Martin,Richmond,R,6,581,2,11,6,3,6,1,80,24
2019,18.0,2019-07-20,Steven,Motlop,Port Adelaide,HFFR,4,232,2,22,4,0,4,1,69,11
2019,18.0,2019-07-20,David,Astbury,Richmond,BPL,2,255,9,2,2,0,3,0,88,14
2019,18.0,2019-07-20,Dylan,Grimes,Richmond,BPR,2,196,7,11,3,0,2,0,85,11
2019,18.0,2019-07-20,Charlie,Dixon,Port Adelaide,FPL,5,210,0,6,7,0,3,0,53,9
2019,18.0,2019-07-20,Dion,Prestia,Richmond,C,9,532,5,27,7,3,9,0,63,19
2019,18.0,2019-07-20,Tom,Lynch,Richmond,FPR,12,349,0,8,4,0,7,1,63,12
2019,18.0,2019-07-20,Scott,Lycett,Port Adelaide,RK,2,231,3,11,3,1,3,0,78,14
2019,18.0,2019-07-20,Tom,Jonas,Port Adelaide,BPL,1,390,6,9,5,0,1,0,67,10
2019,18.0,2019-07-20,Brandon,Ellis,Richmond,WR,7,389,5,17,6,0,7,0,70,19
2019,18.0,2019-07-20,Cam,Sutcliffe,Port Adelaide,CHF,2,254,1,16,5,0,2,0,89,8
2019,18.0,2019-07-20,Nick,Vlastuin,Richmond,CHB,1,424,6,12,7,0,4,0,81,17
2019,18.0,2019-07-20,Tom,Clurey,Port Adelaide,FB,1,196,5,10,1,0,2,0,100,11
2019,18.0,2019-07-20,Sam,Gray,Port Adelaide,HFFL,3,35,2,14,0,0,1,2,89,8
2019,18.0,2019-07-20,Kane,Lambert,Richmond,HFFR,4,290,3,12,5,0,7,0,68,15
2019,18.0,2019-07-20,Karl,Amon,Port Adelaide,WL,4,456,3,14,7,0,4,0,75,21
2019,18.0,2019-07-20,Daniel,Rioli,Richmond,HFFL,6,162,3,13,2,0,2,1,81,13
2019,18.0,2019-07-20,Jayden,Short,Richmond,WL,1,324,1,10,2,0,1,0,60,9
2019,18.0,2019-07-20,Dougal,Howard,Port Adelaide,FPR,3,115,1,8,3,0,2,0,56,5
2019,18.0,2019-07-20,Darcy,Byrne-Jones,Port Adelaide,CHB,3,314,6,17,6,2,9,0,66,19
2019,18.0,2019-07-20,Jason,Castagna,Richmond,CHF,8,266,2,17,2,0,3,1,79,15
2019,18.0,2019-07-20,Nathan,Broad,Richmond,FB,2,192,6,7,3,0,3,0,82,14
2019,18.0,2019-07-20,Mabior,Chol,Richmond,INT,6,160,1,11,1,0,5,2,80,8
2019,18.0,2019-07-20,Riley,Bonner,Port Adelaide,HBFR,4,375,3,15,5,0,4,0,85,17
2019,18.0,2019-07-20,Dan,Houston,Port Adelaide,BPR,0,180,4,11,1,0,5,0,82,14
2019,18.0,2019-07-20,Sam,Powell-Pepper,Port Adelaide,INT,1,251,0,25,4,0,1,1,92,12
2019,18.0,2019-07-20,Ivan,Soldo,Richmond,RK,3,50,2,22,1,0,0,1,70,7
2019,18.0,2019-07-20,Shai,Bolton,Richmond,FPL,6,190,2,16,2,0,8,1,86,19
2019,18.0,2019-07-20,Jack,Graham,Richmond,INT,4,330,1,22,4,0,2,0,78,14
2019,18.0,2019-07-20,Liam,Baker,Richmond,INT,4,253,9,12,3,0,10,0,75,15
2019,18.0,2019-07-20,Zak,Butters,Port Adelaide,INT,6,276,3,12,0,0,3,0,77,10
2019,18.0,2019-07-20,Xavier,Duursma,Port Adelaide,INT,2,308,4,13,6,0,7,0,79,19
2019,18.0,2019-07-20,Connor,Rozee,Port Adelaide,FF,4,214,3,18,2,0,3,2,64,9
2019,18.0,2019-07-20,Sydney,Stack,Richmond,INT,6,116,4,21,0,0,6,1,78,14
2019,18.0,2019-07-20,Kade,Simpson,Carlton,BPR,4,493,6,13,5,0,7,0,71,17
2019,18.0,2019-07-20,Michael,Rischitelli,Gold Coast,C,2,151,3,11,1,0,6,0,83,10
2019,18.0,2019-07-20,Marc,Murphy,Carlton,R,6,296,2,21,5,2,5,1,68,15
2019,18.0,2019-07-20,Dale,Thomas,Carlton,HBFL,5,265,4,11,2,0,3,1,90,18
2019,18.0,2019-07-20,Jarrod,Harbrow,Gold Coast,BPR,1,258,4,14,3,1,7,0,50,8
2019,18.0,2019-07-20,Matthew,Kreuzer,Carlton,RK,1,130,1,11,2,1,5,0,57,4
2019,18.0,2019-07-20,Pearce,Hanley,Gold Coast,CHB,4,339,5,17,4,0,2,0,72,13
2019,18.0,2019-07-20,Liam,Jones,Carlton,FB,1,202,14,4,3,0,6,0,84,16
2019,18.0,2019-07-20,Ed,Curnow,Carlton,INT,5,307,2,22,5,1,12,0,66,21
2019,18.0,2019-07-20,David,Swallow,Gold Coast,RR,0,252,1,24,5,2,0,0,43,6
2019,18.0,2019-07-20,Sam,Day,Gold Coast,FF,6,193,1,11,2,0,2,2,73,8
2019,18.0,2019-07-20,Jack,Hombsch,Gold Coast,FB,3,53,1,10,1,0,1,0,80,4
2019,18.0,2019-07-20,Alex,Sexton,Gold Coast,HFFL,6,204,0,16,3,0,2,0,67,8
2019,18.0,2019-07-20,Levi,Casboult,Carlton,FF,3,265,0,13,3,0,0,0,50,5
2019,18.0,2019-07-20,Lachie,Plowman,Carlton,CHB,5,227,10,11,3,0,4,0,71,12
2019,18.0,2019-07-20,Jarrod,Witts,Gold Coast,RK,2,297,2,6,4,4,4,0,33,4
2019,18.0,2019-07-20,Sean,Lemmens,Gold Coast,FPL,1,270,3,21,6,3,5,0,54,7
2019,18.0,2019-07-20,Patrick,Cripps,Carlton,C,4,177,1,18,3,2,7,0,94,17
2019,18.0,2019-07-20,Darcy,Lang,Carlton,INT,6,191,2,14,1,1,3,3,54,7
2019,18.0,2019-07-20,Touk,Miller,Gold Coast,HFFR,5,533,5,23,7,1,7,4,67,18
2019,18.0,2019-07-20,Corey,Ellis,Gold Coast,HBFR,1,157,5,15,3,0,9,0,65,13
2019,18.0,2019-07-20,Peter,Wright,Gold Coast,INT,6,310,0,10,4,1,3,2,56,9
2019,18.0,2019-07-20,Jacob,Weitering,Carlton,BPL,0,459,8,5,4,0,1,0,90,17
2019,18.0,2019-07-20,Darcy,Macpherson,Gold Coast,R,3,298,4,23,6,1,10,3,56,14
2019,18.0,2019-07-20,Jesse,Joyce,Gold Coast,HBFL,2,148,6,5,3,0,4,0,64,7
2019,18.0,2019-07-20,Matthew,Kennedy,Carlton,INT,7,333,0,4,1,0,3,0,73,8
2019,18.0,2019-07-20,Jack,Silvagni,Carlton,FPR,6,228,3,9,2,0,4,3,65,11
2019,18.0,2019-07-20,Brayden,Fiorini,Gold Coast,INT,3,488,4,21,4,1,5,0,59,19
2019,18.0,2019-07-20,Sam,Petrevski-Seton,Carlton,INT,3,166,8,23,3,0,11,0,68,15
2019,18.0,2019-07-20,Nic,Newman,Carlton,HBFR,1,293,4,20,4,1,2,0,78,14
2019,18.0,2019-07-20,Zac,Fisher,Carlton,HFFR,4,296,3,11,3,0,2,2,59,10
2019,18.0,2019-07-20,Will,Brodie,Gold Coast,INT,4,267,3,25,4,3,8,1,73,19
2019,18.0,2019-07-20,Josh,Deluca,Carlton,FPL,5,156,0,6,1,0,2,0,75,6
2019,18.0,2019-07-20,Will,Setterfield,Carlton,WR,4,231,1,11,3,0,2,1,67,10
2019,18.0,2019-07-20,Harry,McKay,Carlton,CHF,8,348,0,11,2,0,2,1,64,9
2019,18.0,2019-07-20,Lochie,O'Brien,Carlton,WL,4,247,3,9,7,0,4,0,69,11
2019,18.0,2019-07-20,Charlie,Ballard,Gold Coast,BPL,1,227,7,6,2,0,2,0,56,5
2019,18.0,2019-07-20,Jacob,Heron,Gold Coast,WL,6,92,1,15,4,2,12,2,69,11
2019,18.0,2019-07-20,Jacob,Dawson,Gold Coast,WR,5,120,5,15,2,0,3,0,82,9
2019,18.0,2019-07-20,Michael,Gibbons,Carlton,HFFL,5,225,0,13,4,0,9,0,85,17
2019,18.0,2019-07-20,Sam,Walsh,Carlton,RR,5,255,4,24,6,0,7,0,74,20
2019,18.0,2019-07-20,Chris,Burgess,Gold Coast,CHF,3,234,5,4,1,0,6,0,91,10
2019,18.0,2019-07-20,Jack,Lukosius,Gold Coast,INT,2,405,6,14,4,0,1,0,80,12
2019,18.0,2019-07-20,Ben,King,Gold Coast,FPR,6,207,1,12,2,0,4,2,42,5
2019,18.0,2019-07-20,Brett,Deledio,Greater Western Sydney,FPL,6,203,5,12,2,0,8,0,71,12
2019,18.0,2019-07-20,Heath,Shaw,Greater Western Sydney,HBFR,4,508,8,5,6,0,4,0,69,18
2019,18.0,2019-07-20,Scott,Pendlebury,Collingwood,C,6,409,1,20,5,0,5,0,83,19
2019,18.0,2019-07-20,Travis,Varcoe,Collingwood,INT,6,193,1,11,2,0,3,0,73,11
2019,18.0,2019-07-20,Chris,Mayne,Collingwood,FPR,4,21,1,18,0,0,3,1,100,8
2019,18.0,2019-07-20,Shane,Mumford,Greater Western Sydney,WL,5,74,1,13,0,0,5,0,89,8
2019,18.0,2019-07-20,Sam J.,Reid,Greater Western Sydney,HFFL,4,231,6,16,4,0,7,0,77,13
2019,18.0,2019-07-20,Steele,Sidebottom,Collingwood,WR,8,509,3,17,3,0,4,0,89,23
2019,18.0,2019-07-20,Dawson,Simpson,Greater Western Sydney,RK,5,47,0,17,0,2,4,1,60,3
2019,18.0,2019-07-20,Jordan,Roughead,Collingwood,FB,3,260,8,5,2,0,5,0,79,15
2019,18.0,2019-07-20,Jeremy,Howe,Collingwood,CHB,2,211,9,12,2,0,3,0,100,18
2019,18.0,2019-07-20,Lachlan,Keeffe,Greater Western Sydney,BPL,1,175,2,6,2,0,1,0,80,8
2019,18.0,2019-07-20,Jeremy,Cameron,Greater Western Sydney,CHF,9,513,1,8,7,1,6,1,75,15
2019,18.0,2019-07-20,Toby,Greene,Greater Western Sydney,HFFR,7,296,0,26,4,1,9,0,67,18
2019,18.0,2019-07-20,Will,Hoskin-Elliott,Collingwood,HFFR,4,182,2,13,1,0,3,0,82,9
2019,18.0,2019-07-20,Adam,Tomlinson,Greater Western Sydney,INT,5,282,2,12,3,0,3,2,84,16
2019,18.0,2019-07-20,Adam,Treloar,Collingwood,RR,8,465,3,20,9,0,15,0,68,23
2019,18.0,2019-07-20,Jack,Crisp,Collingwood,HBFR,7,389,5,26,6,0,12,0,55,16
2019,18.0,2019-07-20,Taylor,Adams,Collingwood,R,4,278,2,22,4,6,7,1,69,22
2019,18.0,2019-07-20,Nick,Haynes,Greater Western Sydney,CHB,0,165,5,7,3,0,2,0,69,9
2019,18.0,2019-07-20,Lachie,Whitfield,Greater Western Sydney,HBFL,4,623,2,15,6,0,5,0,79,23
2019,18.0,2019-07-20,Zac,Williams,Greater Western Sydney,BPR,9,553,5,25,3,1,9,0,62,16
2019,18.0,2019-07-20,Brodie,Grundy,Collingwood,RK,11,370,3,20,6,6,10,0,65,20
2019,18.0,2019-07-20,James,Aish,Collingwood,HBFL,2,210,4,5,2,0,4,0,79,15
2019,18.0,2019-07-20,Jordan,De Goey,Collingwood,FPL,7,224,1,11,3,1,6,0,56,10
2019,18.0,2019-07-20,Brayden,Maynard,Collingwood,BPL,5,489,4,13,7,0,2,0,80,16
2019,18.0,2019-07-20,Mason,Cox,Collingwood,CHF,2,44,0,6,1,0,0,0,75,3
2019,18.0,2019-07-20,Ben,Crocker,Collingwood,INT,3,126,1,10,3,0,1,0,43,3
2019,18.0,2019-07-20,Jacob,Hopper,Greater Western Sydney,C,5,338,5,22,4,0,14,0,62,16
2019,18.0,2019-07-20,Tom,Phillips,Collingwood,WL,4,358,3,17,3,1,6,1,53,10
2019,18.0,2019-07-20,Harry,Himmelberg,Greater Western Sydney,FF,7,262,0,11,1,0,1,1,100,12
2019,18.0,2019-07-20,Tim,Taranto,Greater Western Sydney,R,8,432,4,37,5,3,11,1,66,21
2019,18.0,2019-07-20,Daniel,Lloyd,Greater Western Sydney,INT,4,279,3,17,2,3,7,0,50,8
2019,18.0,2019-07-20,Harry,Perryman,Greater Western Sydney,INT,6,106,8,6,3,0,4,0,71,12
2019,18.0,2019-07-20,Callum L.,Brown,Collingwood,HFFL,4,203,2,24,2,0,2,1,71,12
2019,18.0,2019-07-20,Jeremy,Finlayson,Greater Western Sydney,FPR,7,168,0,10,1,0,2,1,91,10
2019,18.0,2019-07-20,Flynn,Appleby,Collingwood,BPR,1,29,2,6,1,0,2,0,71,5
2019,18.0,2019-07-20,Brody,Mihocek,Collingwood,FF,4,215,1,12,1,0,1,2,63,5
2019,18.0,2019-07-20,Sam,Taylor,Greater Western Sydney,FB,2,364,8,7,2,0,6,0,77,13
2019,18.0,2019-07-20,Brayden,Sier,Collingwood,INT,2,106,0,17,2,0,7,1,67,8
2019,18.0,2019-07-20,Brent,Daniels,Greater Western Sydney,WR,7,177,1,27,1,1,7,1,94,15
2019,18.0,2019-07-20,Jake,Stein,Greater Western Sydney,RR,1,25,2,11,1,0,2,0,83,5
2019,18.0,2019-07-20,Isaac,Quaynor,Collingwood,INT,3,290,7,8,3,0,3,0,82,14
2019,18.0,2019-07-20,Bobby,Hill,Greater Western Sydney,INT,5,137,0,16,3,0,4,1,82,9
2019,18.0,2019-07-20,Luke,Hodge,Brisbane Lions,BPL,2,359,7,8,4,0,3,0,77,13
2019,18.0,2019-07-20,Shaun,Higgins,North Melbourne,RR,6,637,1,10,5,3,2,0,67,18
2019,18.0,2019-07-20,Scott,Thompson,North Melbourne,FB,1,300,5,15,2,0,2,1,77,10
2019,18.0,2019-07-20,Stefan,Martin,Brisbane Lions,RK,4,173,1,8,3,2,5,0,43,6
2019,18.0,2019-07-20,Todd,Goldstein,North Melbourne,RK,3,179,2,13,2,1,6,0,63,10
2019,18.0,2019-07-20,Mitch,Robinson,Brisbane Lions,WR,4,321,1,16,2,0,6,1,67,8
2019,18.0,2019-07-20,Daniel,Rich,Brisbane Lions,HBFR,5,513,4,18,5,0,5,0,78,14
2019,18.0,2019-07-20,Jack,Ziebell,North Melbourne,C,4,439,1,15,7,0,6,1,60,12
2019,18.0,2019-07-20,Ben,Cunnington,North Melbourne,R,4,220,2,28,4,4,8,0,76,16
2019,18.0,2019-07-20,Robbie,Tarrant,North Melbourne,CHB,1,310,2,3,4,0,1,0,93,13
2019,18.0,2019-07-20,Jamie,Macmillan,North Melbourne,INT,2,203,8,12,4,0,6,0,83,10
2019,18.0,2019-07-20,Jasper,Pittard,North Melbourne,HBFL,3,211,5,8,1,0,1,0,92,11
2019,18.0,2019-07-20,Shaun,Atley,North Melbourne,HBFR,2,296,5,14,3,0,4,0,83,15
2019,18.0,2019-07-20,Allen,Christensen,Brisbane Lions,INT,5,131,1,14,1,0,8,3,64,7
2019,18.0,2019-07-20,Jared,Polec,North Melbourne,WR,3,407,2,9,7,0,4,0,75,15
2019,18.0,2019-07-20,Lachie,Neale,Brisbane Lions,C,4,205,3,19,3,5,10,1,71,17
2019,18.0,2019-07-20,Jarryd,Lyons,Brisbane Lions,R,10,480,7,17,2,3,17,0,70,21
2019,18.0,2019-07-20,Dayne,Zorko,Brisbane Lions,FPR,5,698,4,28,6,1,6,5,46,10
2019,18.0,2019-07-20,Marley,Williams,North Melbourne,BPL,0,199,4,5,3,0,2,0,67,8
2019,18.0,2019-07-20,Lincoln,McCarthy,Brisbane Lions,WL,5,284,1,15,6,0,5,1,38,6
2019,18.0,2019-07-20,Jed,Anderson,North Melbourne,INT,3,291,3,18,2,0,6,2,74,14
2019,18.0,2019-07-20,Nathan,Hrovat,North Melbourne,INT,4,16,2,9,1,0,5,0,82,9
2019,18.0,2019-07-20,Darcy,Gardiner,Brisbane Lions,CHB,4,183,5,12,1,0,2,0,89,8
2019,18.0,2019-07-20,Charlie,Cameron,Brisbane Lions,FPL,7,318,0,11,2,1,1,0,69,9
2019,18.0,2019-07-20,Ben,Brown,North Melbourne,FF,5,260,0,7,3,0,1,2,73,8
2019,18.0,2019-07-20,Daniel,McStay,Brisbane Lions,FF,2,156,2,17,4,0,4,2,75,9
2019,18.0,2019-07-20,Kayne,Turner,North Melbourne,FPR,2,172,3,18,5,0,4,1,55,6
2019,18.0,2019-07-20,Mason,Wood,North Melbourne,INT,5,210,3,9,2,0,5,0,79,11
2019,18.0,2019-07-20,Harris,Andrews,Brisbane Lions,FB,1,111,6,4,1,0,1,0,88,7
2019,18.0,2019-07-20,Trent,Dumont,North Melbourne,WL,6,249,3,17,1,2,6,0,95,18
2019,18.0,2019-07-20,Marcus,Adams,Brisbane Lions,HFFR,4,289,9,8,2,0,3,0,86,12
2019,18.0,2019-07-20,Eric,Hipwood,Brisbane Lions,CHF,2,196,1,5,2,0,3,0,80,8
2019,18.0,2019-07-20,Jy,Simpkin,North Melbourne,HFFL,3,145,1,23,2,2,3,1,79,15
2019,18.0,2019-07-20,Sam,Durdin,North Melbourne,BPR,1,172,5,7,3,0,2,0,89,8
2019,18.0,2019-07-20,Jarrod,Berry,Brisbane Lions,RR,4,265,0,8,2,1,3,1,67,10
2019,18.0,2019-07-20,Hugh,McCluggage,Brisbane Lions,INT,6,266,2,12,1,1,8,0,71,12
2019,18.0,2019-07-20,Alex,Witherden,Brisbane Lions,INT,5,366,5,6,1,0,2,0,86,12
2019,18.0,2019-07-20,Cameron,Zurhaar,North Melbourne,FPL,5,157,0,14,2,0,3,3,82,9
2019,18.0,2019-07-20,Nick,Larkey,North Melbourne,CHF,2,115,1,8,1,0,2,0,80,8
2019,18.0,2019-07-20,Cam,Rayner,Brisbane Lions,HFFL,2,38,1,13,1,0,3,1,67,4
2019,18.0,2019-07-20,Zac,Bailey,Brisbane Lions,INT,5,283,2,17,3,0,1,0,50,6
2019,18.0,2019-07-20,Oscar,McInerney,Brisbane Lions,BPR,5,63,1,10,1,0,6,0,58,7
2019,18.0,2019-07-20,Tarryn,Thomas,North Melbourne,HFFR,2,205,1,15,2,0,2,1,63,5
2019,18.0,2019-07-20,Noah,Answerth,Brisbane Lions,HBFL,1,186,6,19,5,0,4,0,75,9
2019,18.0,2019-07-20,Aaron,Sandilands,Fremantle,RK,5,78,3,10,5,0,7,0,50,7
2019,18.0,2019-07-20,David,Mundy,Fremantle,R,7,296,3,12,3,5,10,0,72,18
2019,18.0,2019-07-20,Josh P.,Kennedy,Sydney,C,4,221,3,22,3,0,5,2,83,19
2019,18.0,2019-07-20,Michael,Walters,Fremantle,CHF,5,407,3,22,5,1,5,2,57,12
2019,18.0,2019-07-20,Sam,Reid,Sydney,FF,6,181,0,9,1,0,3,1,73,8
2019,18.0,2019-07-20,Reece,Conca,Fremantle,C,5,468,2,13,7,1,8,0,54,14
2019,18.0,2019-07-20,Brandon,Matera,Fremantle,FPL,3,135,2,20,5,0,4,0,43,6
2019,18.0,2019-07-20,Luke,Parker,Sydney,RR,5,413,2,22,5,0,7,0,54,15
2019,18.0,2019-07-20,Nathan,Wilson,Fremantle,BPL,2,219,7,14,2,0,6,0,71,12
2019,18.0,2019-07-20,Bradley,Hill,Fremantle,WL,4,466,2,17,3,0,3,0,60,12
2019,18.0,2019-07-20,Dane,Rampe,Sydney,FB,2,455,8,13,4,0,3,0,82,18
2019,18.0,2019-07-20,Jake,Lloyd,Sydney,HBFR,6,706,3,11,5,0,7,0,79,33
2019,18.0,2019-07-20,Rory,Lobb,Fremantle,FF,4,334,3,9,5,1,6,0,79,11
2019,18.0,2019-07-20,Zak,Jones,Sydney,HFFL,3,372,4,16,6,1,9,0,84,21
2019,18.0,2019-07-20,Cam,McCarthy,Fremantle,INT,0,100,1,11,5,0,3,1,20,1
2019,18.0,2019-07-20,Isaac,Heeney,Sydney,FPL,4,215,3,17,3,0,7,2,63,10
2019,18.0,2019-07-20,Joel,Hamling,Fremantle,FB,3,205,9,9,2,0,5,0,94,17
2019,18.0,2019-07-20,Ed,Langdon,Fremantle,WR,3,434,3,15,2,0,4,0,67,14
2019,18.0,2019-07-20,Connor,Blakely,Fremantle,INT,1,245,0,21,5,0,0,0,88,15
2019,18.0,2019-07-20,Ethan,Hughes,Fremantle,INT,1,173,8,12,5,2,6,0,77,13
2019,18.0,2019-07-20,George,Hewett,Sydney,R,2,424,6,12,7,0,10,1,78,21
2019,18.0,2019-07-20,Callum,Mills,Sydney,BPR,3,268,7,7,1,0,4,0,84,16
2019,18.0,2019-07-20,Tom,Papley,Sydney,FPR,6,508,1,10,9,0,6,0,44,10
2019,18.0,2019-07-20,Darcy,Tucker,Fremantle,HFFL,1,217,0,22,5,0,1,1,60,6
2019,18.0,2019-07-20,Aliir,Aliir,Sydney,CHB,1,358,10,9,6,0,6,0,63,10
2019,18.0,2019-07-20,Ryan,Clarke,Sydney,WL,2,273,3,7,3,0,3,0,73,16
2019,18.0,2019-07-20,Oliver,Florent,Sydney,WR,1,362,3,12,7,0,1,1,44,7
2019,18.0,2019-07-20,Robbie,Fox,Sydney,INT,1,116,4,13,2,1,5,0,92,12
2019,18.0,2019-07-20,Will,Hayward,Sydney,INT,3,138,2,16,2,0,7,0,85,11
2019,18.0,2019-07-20,Griffin,Logue,Fremantle,HBFR,0,197,7,12,5,0,2,0,56,5
2019,18.0,2019-07-20,Lewis,Melican,Sydney,BPL,1,255,5,13,1,0,2,0,88,14
2019,18.0,2019-07-20,Luke,Ryan,Fremantle,BPR,1,304,10,16,4,0,3,0,81,17
2019,18.0,2019-07-20,Sean,Darcy,Fremantle,FPR,4,137,1,9,3,0,12,1,41,7
2019,18.0,2019-07-20,Andrew,Brayshaw,Fremantle,HBFL,3,204,2,38,2,0,10,0,70,14
2019,18.0,2019-07-20,Adam,Cerra,Fremantle,RR,1,372,4,10,5,0,3,0,75,12
2019,18.0,2019-07-20,Taylin,Duman,Fremantle,CHB,2,277,4,6,1,0,3,0,71,10
2019,18.0,2019-07-20,Tom,McCartin,Sydney,CHF,2,91,2,6,2,0,0,1,20,1
2019,18.0,2019-07-20,Ryley,Stoddart,Sydney,INT,2,27,2,8,1,0,1,1,86,6
2019,18.0,2019-07-20,Colin,O'Riordan,Sydney,HBFL,2,150,10,6,2,0,6,0,89,16
2019,18.0,2019-07-20,Sam,Switkowski,Fremantle,HFFR,2,71,1,23,2,1,5,0,75,9
2019,18.0,2019-07-20,Nick,Blakey,Sydney,HFFR,3,220,1,15,2,0,1,3,80,8
2019,18.0,2019-07-20,James,Rowbottom,Sydney,INT,2,321,2,32,3,0,5,0,69,11
2019,18.0,2019-07-20,Brett,Bewley,Fremantle,INT,2,423,3,15,3,0,4,0,67,12
2019,18.0,2019-07-20,Hayden,McLean,Sydney,RK,3,149,4,22,3,0,2,1,85,11
2019,18.0,2019-07-21,Gary,Ablett,Geelong,FPL,7,290,3,17,4,0,8,1,61,11
2019,18.0,2019-07-21,Shaun,Burgoyne,Hawthorn,CHF,4,336,5,17,4,0,3,0,95,18
2019,18.0,2019-07-21,Joel,Selwood,Geelong,RR,5,322,5,19,6,2,5,0,56,10
2019,18.0,2019-07-21,Tom,Hawkins,Geelong,FF,10,254,1,11,1,0,3,0,71,12
2019,18.0,2019-07-21,James,Frawley,Hawthorn,FB,4,365,6,7,6,0,3,0,80,12
2019,18.0,2019-07-21,Harry,Taylor,Geelong,FB,3,140,5,10,2,0,3,0,83,10
2019,18.0,2019-07-21,Ben,McEvoy,Hawthorn,RK,5,101,5,11,1,0,4,0,92,12
2019,18.0,2019-07-21,Patrick,Dangerfield,Geelong,WR,7,367,3,10,7,4,7,0,70,19
2019,18.0,2019-07-21,Liam,Shiels,Hawthorn,R,7,441,3,31,6,2,8,3,72,21
2019,18.0,2019-07-21,Mitch,Duncan,Geelong,HBFL,8,209,3,13,2,4,6,0,89,23
2019,18.0,2019-07-21,Tom,Scully,Hawthorn,INT,6,336,6,20,2,0,6,0,90,18
2019,18.0,2019-07-21,Ben,Stratton,Hawthorn,HBFL,2,65,4,3,1,0,0,0,86,6
2019,18.0,2019-07-21,Ricky,Henderson,Hawthorn,WR,4,441,1,14,5,0,3,0,68,15
2019,18.0,2019-07-21,Gary,Rohan,Geelong,HFFR,5,122,3,12,1,0,5,1,71,5
2019,18.0,2019-07-21,Jack,Gunston,Hawthorn,FPR,5,304,1,9,5,0,2,1,50,9
2019,18.0,2019-07-21,Rhys,Stanley,Geelong,RK,3,105,0,6,2,0,0,0,63,5
2019,18.0,2019-07-21,Cameron,Guthrie,Geelong,FPR,3,390,2,28,4,2,6,0,67,16
2019,18.0,2019-07-21,Paul,Puopolo,Hawthorn,HFFR,5,180,1,19,5,0,5,1,77,10
2019,18.0,2019-07-21,Isaac,Smith,Hawthorn,WL,4,441,1,6,1,0,2,0,86,18
2019,18.0,2019-07-21,Luke,Breust,Hawthorn,HFFL,7,227,3,7,2,0,11,2,77,13
2019,18.0,2019-07-21,Zach,Tuohy,Geelong,BPL,2,450,6,9,7,1,5,0,65,13
2019,18.0,2019-07-21,Luke,Dahlhaus,Geelong,HFFL,7,150,2,12,2,0,4,0,82,14
2019,18.0,2019-07-21,Chad,Wingard,Hawthorn,INT,7,473,3,25,4,1,8,2,67,14
2019,18.0,2019-07-21,Jaeger,O'Meara,Hawthorn,RR,8,388,1,21,6,2,7,2,67,18
2019,18.0,2019-07-21,Mark,Blicavs,Geelong,CHB,2,331,7,12,5,0,4,0,61,11
2019,18.0,2019-07-21,Jarman,Impey,Hawthorn,BPR,1,95,2,2,0,0,1,0,100,2
2019,18.0,2019-07-21,Tim,O'Brien,Hawthorn,BPL,5,242,0,4,2,1,2,0,82,9
2019,18.0,2019-07-21,Jed,Bews,Geelong,INT,1,196,2,14,4,0,2,0,75,6
2019,18.0,2019-07-21,James,Sicily,Hawthorn,CHB,5,162,7,7,1,0,1,0,100,16
2019,18.0,2019-07-21,Daniel,Howe,Hawthorn,INT,4,111,13,11,0,0,5,0,91,21
2019,18.0,2019-07-21,Jake,Kolodjashnij,Geelong,BPR,2,87,2,3,0,0,1,0,78,7
2019,18.0,2019-07-21,Blake,Hardwick,Hawthorn,HBFR,3,257,4,17,5,0,4,0,73,11
2019,18.0,2019-07-21,Tom,Stewart,Geelong,HBFR,1,407,6,16,6,0,3,0,75,15
2019,18.0,2019-07-21,James,Parsons,Geelong,INT,3,161,1,11,3,0,4,0,71,10
2019,18.0,2019-07-21,Mark,O'Connor,Geelong,WL,3,125,6,15,0,0,4,0,93,13
2019,18.0,2019-07-21,Tim,Kelly,Geelong,R,3,516,1,26,8,1,7,1,63,12
2019,18.0,2019-07-21,Esava,Ratugolea,Geelong,CHF,3,175,2,13,3,0,3,1,67,6
2019,18.0,2019-07-21,James,Worpel,Hawthorn,C,7,260,3,24,4,1,10,0,75,18
2019,18.0,2019-07-21,Mitch,Lewis,Hawthorn,FF,7,247,3,6,3,0,6,0,53,8
2019,18.0,2019-07-21,Conor,Nash,Hawthorn,FPL,2,81,0,10,2,0,1,1,80,4
2019,18.0,2019-07-21,Tom,Atkins,Geelong,INT,2,42,1,28,1,0,0,1,100,8
2019,18.0,2019-07-21,Jordan,Clark,Geelong,INT,5,174,3,11,3,0,3,0,64,9
2019,18.0,2019-07-21,Gryan,Miers,Geelong,C,8,265,1,19,2,0,5,0,73,11
2019,18.0,2019-07-21,Oliver,Hanrahan,Hawthorn,INT,4,197,1,10,0,0,1,1,79,11
2019,18.0,2019-07-21,Jordan,Lewis,Melbourne,HFFL,7,227,0,4,1,0,2,0,75,9
2019,18.0,2019-07-21,Josh J.,Kennedy,West Coast,FF,4,138,1,2,0,0,3,0,50,3
2019,18.0,2019-07-21,Nathan,Jones,Melbourne,WR,8,350,3,18,3,0,4,0,78,18
2019,18.0,2019-07-21,Chris,Masten,West Coast,WR,4,227,0,9,3,0,2,0,71,15
2019,18.0,2019-07-21,Neville,Jetta,Melbourne,INT,2,63,6,8,3,0,5,0,77,10
2019,18.0,2019-07-21,Jack,Redden,West Coast,INT,4,281,2,17,4,3,5,0,85,17
2019,18.0,2019-07-21,Lewis,Jetta,West Coast,HBFL,1,536,2,9,4,0,0,0,62,8
2019,18.0,2019-07-21,Luke,Shuey,West Coast,R,3,395,1,26,4,3,7,1,57,13
2019,18.0,2019-07-21,Brad,Sheppard,West Coast,BPR,5,362,3,3,5,0,2,0,100,22
2019,18.0,2019-07-21,Jack,Darling,West Coast,CHF,6,377,1,11,2,0,2,1,63,10
2019,18.0,2019-07-21,Andrew,Gaff,West Coast,WL,5,289,7,20,1,1,7,0,70,19
2019,18.0,2019-07-21,Michael,Hibberd,Melbourne,HBFR,5,317,7,5,2,0,3,0,100,20
2019,18.0,2019-07-21,Steven,May,Melbourne,FB,0,247,2,6,3,0,1,0,71,10
2019,18.0,2019-07-21,Max,Gawn,Melbourne,RK,12,140,1,10,2,1,5,1,69,9
2019,18.0,2019-07-21,Tom,Hickey,West Coast,RK,3,193,2,13,2,1,4,1,55,6
2019,18.0,2019-07-21,Elliot,Yeo,West Coast,C,5,376,3,26,2,2,7,1,88,14
2019,18.0,2019-07-21,Sam,Frost,Melbourne,CHB,1,281,3,7,1,0,2,0,82,9
2019,18.0,2019-07-21,Jack,Viney,Melbourne,RR,6,126,1,14,1,0,3,0,64,7
2019,18.0,2019-07-21,Dom,Sheed,West Coast,RR,7,653,4,10,6,2,14,0,68,23
2019,18.0,2019-07-21,Jeremy,McGovern,West Coast,CHB,3,280,7,3,2,0,3,0,91,10
2019,18.0,2019-07-21,Christian,Salem,Melbourne,FPR,5,535,5,17,3,0,5,0,89,23
2019,18.0,2019-07-21,Angus,Brayshaw,Melbourne,R,2,222,3,17,3,2,5,0,73,11
2019,18.0,2019-07-21,Jackson,Nelson,West Coast,HBFR,1,178,1,11,3,0,1,0,71,5
2019,18.0,2019-07-21,Jake,Lever,Melbourne,BPL,2,150,12,10,4,0,5,0,82,14
2019,18.0,2019-07-21,Alex,Neal-Bullen,Melbourne,INT,6,217,1,14,4,0,5,0,81,13
2019,18.0,2019-07-21,James,Harmes,Melbourne,INT,6,242,3,19,4,3,8,0,66,19
2019,18.0,2019-07-21,Tom,Barrass,West Coast,FB,0,73,2,5,0,0,1,0,78,7
2019,18.0,2019-07-21,Clayton,Oliver,Melbourne,C,9,357,3,18,3,2,13,1,65,22
2019,18.0,2019-07-21,Josh,Wagner,Melbourne,BPR,3,320,2,12,4,1,8,0,81,17
2019,18.0,2019-07-21,Jayden,Hunt,Melbourne,WL,5,268,0,3,2,0,0,0,82,9
2019,18.0,2019-07-21,Christian,Petracca,Melbourne,CHF,8,235,2,12,5,1,6,1,61,11
2019,18.0,2019-07-21,Tom,Cole,West Coast,INT,1,107,5,15,2,0,4,0,82,9
2019,18.0,2019-07-21,Corey,Wagner,Melbourne,FPL,8,223,0,11,3,0,6,0,56,9
2019,18.0,2019-07-21,Braydon,Preuss,Melbourne,FF,2,39,0,7,1,1,2,0,43,3
2019,18.0,2019-07-21,Bayley,Fritsch,Melbourne,HFFR,10,449,0,11,1,0,1,0,82,18
2019,18.0,2019-07-21,Liam,Ryan,West Coast,FPL,3,158,1,18,2,0,7,1,50,5
2019,18.0,2019-07-21,Jake,Waterman,West Coast,INT,2,100,0,11,2,0,0,0,29,2
2019,18.0,2019-07-21,Willie,Rioli,West Coast,HFFR,8,259,1,14,4,1,4,1,69,11
2019,18.0,2019-07-21,Jack,Petruccelle,West Coast,HFFL,3,174,1,9,0,0,3,0,63,5
2019,18.0,2019-07-21,Harrison,Petty,Melbourne,HBFL,5,163,0,12,0,0,0,2,71,5
2019,18.0,2019-07-21,Oscar,Allen,West Coast,FPR,2,155,1,15,3,0,5,1,83,10
2019,18.0,2019-07-21,Jay,Lockhart,Melbourne,INT,0,10,0,10,1,0,2,1,80,4
2019,18.0,2019-07-21,Jarrod,Cameron,West Coast,INT,0,44,2,17,2,0,6,1,86,6
2019,18.0,2019-07-21,Francis,Watson,West Coast,BPL,3,164,7,16,0,0,3,0,86,12
2019,18.0,2019-07-21,Nathan,Brown,St Kilda,FB,2,128,6,11,1,0,1,0,100,10
2019,18.0,2019-07-21,Matthew,Suckling,Western Bulldogs,HFFL,2,427,3,7,7,0,2,0,73,16
2019,18.0,2019-07-21,Easton,Wood,Western Bulldogs,HBFR,2,383,7,12,4,0,4,0,78,18
2019,18.0,2019-07-21,Shane,Savage,St Kilda,BPR,5,530,6,6,6,0,3,0,70,16
2019,18.0,2019-07-21,Jackson,Trengove,Western Bulldogs,FB,1,91,1,7,2,2,0,0,86,6
2019,18.0,2019-07-21,Jake,Carlisle,St Kilda,CHB,4,230,10,9,3,0,3,0,72,13
2019,18.0,2019-07-21,Tom,Liberatore,Western Bulldogs,C,2,144,4,30,1,3,7,1,92,11
2019,18.0,2019-07-21,Tory,Dickson,Western Bulldogs,FPR,4,201,2,12,3,0,4,1,73,8
2019,18.0,2019-07-21,Jack,Newnes,St Kilda,WR,5,82,0,14,0,0,3,3,75,6
2019,18.0,2019-07-21,Josh,Bruce,St Kilda,CHF,6,112,1,6,5,1,3,1,82,9
2019,18.0,2019-07-21,Hayden,Crozier,Western Bulldogs,BPR,1,485,0,7,6,0,2,0,76,16
2019,18.0,2019-07-21,Jason,Johannisen,Western Bulldogs,BPL,0,285,2,15,5,0,3,1,64,9
2019,18.0,2019-07-21,Sebastian,Ross,St Kilda,C,4,177,1,20,3,1,3,0,71,15
2019,18.0,2019-07-21,Taylor,Duryea,Western Bulldogs,HBFL,1,424,2,14,3,0,1,0,90,18
2019,18.0,2019-07-21,Jack,Macrae,Western Bulldogs,R,4,210,5,16,5,3,10,0,71,24
2019,18.0,2019-07-21,Lachie,Hunter,Western Bulldogs,WL,3,345,2,17,4,0,1,2,64,9
2019,18.0,2019-07-21,Jack,Billings,St Kilda,WL,9,220,3,10,3,1,8,0,82,22
2019,18.0,2019-07-21,Luke,Dunstan,St Kilda,HFFR,6,279,2,23,0,1,8,0,77,17
2019,18.0,2019-07-21,Sam,Lloyd,Western Bulldogs,HFFR,6,264,1,10,4,0,4,1,65,11
2019,18.0,2019-07-21,Marcus,Bontempelli,Western Bulldogs,FF,2,529,2,16,8,2,6,0,74,14
2019,18.0,2019-07-21,Blake,Acres,St Kilda,RR,6,380,3,29,5,1,7,0,86,18
2019,18.0,2019-07-21,Tim,Membrey,St Kilda,FF,9,188,1,7,0,0,2,0,86,12
2019,18.0,2019-07-21,Jack,Lonie,St Kilda,FPL,11,412,0,18,2,0,5,1,55,11
2019,18.0,2019-07-21,Jack,Sinclair,St Kilda,HFFL,4,196,1,17,4,1,2,1,77,17
2019,18.0,2019-07-21,Bailey,Dale,Western Bulldogs,INT,7,306,5,20,2,0,5,0,93,13
2019,18.0,2019-07-21,Jack,Steele,St Kilda,R,4,245,1,30,1,1,3,2,93,14
2019,18.0,2019-07-21,Caleb,Daniel,Western Bulldogs,INT,1,258,3,10,0,0,2,0,88,15
2019,18.0,2019-07-21,Roarke,Smith,Western Bulldogs,WR,3,179,2,8,1,0,2,0,67,8
2019,18.0,2019-07-21,Zaine,Cordy,Western Bulldogs,CHB,0,85,5,7,1,0,2,0,60,6
2019,18.0,2019-07-21,Josh,Dunkley,Western Bulldogs,RR,5,268,4,28,4,4,15,0,74,28
2019,18.0,2019-07-21,Jade,Gresham,St Kilda,INT,12,555,3,20,1,2,8,1,77,17
2019,18.0,2019-07-21,Josh,Schache,Western Bulldogs,CHF,3,111,1,12,0,0,1,1,75,3
2019,18.0,2019-07-21,Tim,English,Western Bulldogs,RK,3,130,3,12,1,2,2,0,69,9
2019,18.0,2019-07-21,Rowan,Marshall,St Kilda,RK,9,242,6,12,2,3,5,0,76,16
2019,18.0,2019-07-21,Patrick,Lipinski,Western Bulldogs,INT,5,210,0,12,1,0,4,0,94,17
2019,18.0,2019-07-21,Hunter,Clark,St Kilda,HBFR,8,533,1,16,8,0,4,1,65,17
2019,18.0,2019-07-21,Aaron,Naughton,Western Bulldogs,FPL,4,78,1,8,1,0,4,0,38,3
2019,18.0,2019-07-21,Nick,Coffield,St Kilda,BPL,2,59,7,13,1,0,6,0,81,17
2019,18.0,2019-07-21,Ben,Paton,St Kilda,INT,2,240,3,8,3,0,2,0,84,16
2019,18.0,2019-07-21,Bailey,Smith,Western Bulldogs,INT,5,150,1,13,2,0,8,0,75,12
2019,18.0,2019-07-21,Matthew,Parker,St Kilda,INT,4,234,1,17,3,0,1,1,73,8
2019,18.0,2019-07-21,Callum,Wilkie,St Kilda,HBFL,3,220,7,6,3,0,4,0,78,14
2019,18.0,2019-07-21,Nick,Hind,St Kilda,INT,4,253,0,17,1,1,5,0,75,6
2019,18.0,2019-07-21,Doulton,Langlands,St Kilda,FPR,8,178,2,16,1,0,3,0,92,11
2019,19.0,2019-07-26,Scott,Pendlebury,Collingwood,C,5,402,2,22,5,1,3,0,68,19
2019,19.0,2019-07-26,Travis,Varcoe,Collingwood,HFFR,5,188,4,18,3,0,4,0,80,12
2019,19.0,2019-07-26,Shane,Edwards,Richmond,HBFR,5,202,5,14,3,1,8,0,74,14
2019,19.0,2019-07-26,Bachar,Houli,Richmond,HBFL,6,562,11,6,7,0,5,0,71,22
2019,19.0,2019-07-26,Jack,Riewoldt,Richmond,FF,5,302,0,17,6,0,1,1,50,6
2019,19.0,2019-07-26,Chris,Mayne,Collingwood,HBFL,2,346,10,24,5,0,7,0,80,24
2019,19.0,2019-07-26,Trent,Cotchin,Richmond,RR,1,171,0,2,0,1,4,0,83,5
2019,19.0,2019-07-26,Steele,Sidebottom,Collingwood,WR,4,308,3,19,5,0,9,0,60,15
2019,19.0,2019-07-26,Dustin,Martin,Richmond,R,11,663,4,26,9,2,8,0,61,23
2019,19.0,2019-07-26,David,Astbury,Richmond,BPL,1,132,8,5,3,0,2,0,83,10
2019,19.0,2019-07-26,Jordan,Roughead,Collingwood,FB,0,90,4,4,3,0,1,0,67,4
2019,19.0,2019-07-26,Dylan,Grimes,Richmond,BPR,2,101,9,6,0,0,1,0,86,12
2019,19.0,2019-07-26,Dion,Prestia,Richmond,C,8,643,5,25,8,4,15,2,69,24
2019,19.0,2019-07-26,Tom,Lynch,Richmond,FPR,13,456,0,12,4,0,5,0,63,10
2019,19.0,2019-07-26,Jeremy,Howe,Collingwood,BPR,1,496,5,11,3,0,3,0,72,13
2019,19.0,2019-07-26,Will,Hoskin-Elliott,Collingwood,HBFR,2,452,12,8,6,0,8,0,65,13
2019,19.0,2019-07-26,Brandon,Ellis,Richmond,CHF,1,127,2,19,3,0,4,0,93,13
2019,19.0,2019-07-26,Adam,Treloar,Collingwood,RR,5,457,5,22,7,2,15,0,67,26
2019,19.0,2019-07-26,Jack,Crisp,Collingwood,R,2,317,4,21,5,0,3,0,58,15
2019,19.0,2019-07-26,Jamie,Elliott,Collingwood,FPR,1,62,0,17,2,0,1,3,40,2
2019,19.0,2019-07-26,Josh,Thomas,Collingwood,INT,3,199,2,19,3,0,4,1,50,8
2019,19.0,2019-07-26,Nick,Vlastuin,Richmond,CHB,3,536,11,9,7,1,11,0,82,22
2019,19.0,2019-07-26,Brodie,Grundy,Collingwood,RK,5,134,2,12,0,0,4,0,67,6
2019,19.0,2019-07-26,Jordan,De Goey,Collingwood,FPL,7,587,5,15,2,3,4,0,68,19
2019,19.0,2019-07-26,Kane,Lambert,Richmond,HFFR,3,214,3,22,4,0,5,0,81,17
2019,19.0,2019-07-26,Brayden,Maynard,Collingwood,BPL,1,483,5,17,4,0,5,0,70,14
2019,19.0,2019-07-26,Matthew,Scharenberg,Collingwood,CHB,1,255,5,7,4,0,3,0,88,15
2019,19.0,2019-07-26,Daniel,Rioli,Richmond,HFFL,7,290,3,14,2,0,4,1,69,11
2019,19.0,2019-07-26,Jayden,Short,Richmond,WL,3,453,3,5,9,0,1,0,69,18
2019,19.0,2019-07-26,Mason,Cox,Collingwood,CHF,1,84,2,11,2,1,3,0,64,7
2019,19.0,2019-07-26,Jason,Castagna,Richmond,INT,6,247,1,11,3,0,3,1,68,13
2019,19.0,2019-07-26,Ben,Crocker,Collingwood,INT,4,127,3,14,5,0,1,1,67,4
2019,19.0,2019-07-26,Tom,Phillips,Collingwood,WL,3,389,3,15,5,0,6,0,74,14
2019,19.0,2019-07-26,Nathan,Broad,Richmond,FB,3,100,4,2,4,0,2,0,75,9
2019,19.0,2019-07-26,Mabior,Chol,Richmond,INT,3,128,0,15,2,1,1,0,57,4
2019,19.0,2019-07-26,Ivan,Soldo,Richmond,RK,5,116,3,14,3,1,1,1,80,8
2019,19.0,2019-07-26,Shai,Bolton,Richmond,WR,4,295,0,21,3,1,3,2,50,8
2019,19.0,2019-07-26,Callum L.,Brown,Collingwood,HFFL,5,161,2,20,2,0,4,1,54,7
2019,19.0,2019-07-26,Josh,Daicos,Collingwood,INT,1,122,3,15,5,0,4,2,82,9
2019,19.0,2019-07-26,Jack,Graham,Richmond,INT,7,327,2,42,3,1,6,1,67,12
2019,19.0,2019-07-26,Brody,Mihocek,Collingwood,FF,4,153,1,12,3,0,4,0,75,9
2019,19.0,2019-07-26,Liam,Baker,Richmond,INT,1,223,5,14,3,1,6,0,67,10
2019,19.0,2019-07-26,Sydney,Stack,Richmond,FPL,7,221,2,25,0,1,7,1,70,14
2019,19.0,2019-07-26,Isaac,Quaynor,Collingwood,INT,2,254,4,14,2,0,3,0,83,10
2019,19.0,2019-07-27,Shaun,Burgoyne,Hawthorn,INT,7,244,1,12,0,3,4,0,72,13
2019,19.0,2019-07-27,Luke,Hodge,Brisbane Lions,BPL,0,341,0,12,4,0,0,0,93,13
2019,19.0,2019-07-27,Grant,Birchall,Hawthorn,INT,5,291,11,7,2,0,8,0,79,19
2019,19.0,2019-07-27,James,Frawley,Hawthorn,FB,3,162,5,7,1,0,3,0,70,7
2019,19.0,2019-07-27,Ben,McEvoy,Hawthorn,RK,7,107,3,20,1,2,5,0,79,11
2019,19.0,2019-07-27,Stefan,Martin,Brisbane Lions,RK,2,174,0,9,3,1,6,1,53,9
2019,19.0,2019-07-27,Mitch,Robinson,Brisbane Lions,WR,7,554,9,16,4,0,7,0,50,14
2019,19.0,2019-07-27,Daniel,Rich,Brisbane Lions,HBFR,3,629,11,17,3,0,8,0,89,23
2019,19.0,2019-07-27,Liam,Shiels,Hawthorn,FPR,8,380,2,23,1,2,5,0,75,18
2019,19.0,2019-07-27,Tom,Scully,Hawthorn,WL,4,391,1,14,6,0,4,0,70,14
2019,19.0,2019-07-27,Ben,Stratton,Hawthorn,BPR,0,90,2,10,2,0,2,0,67,4
2019,19.0,2019-07-27,Ricky,Henderson,Hawthorn,WR,6,283,3,10,3,0,3,0,73,16
2019,19.0,2019-07-27,Jack,Gunston,Hawthorn,BPL,6,303,0,12,1,0,2,1,67,10
2019,19.0,2019-07-27,Allen,Christensen,Brisbane Lions,INT,7,202,1,16,0,0,3,1,77,10
2019,19.0,2019-07-27,Paul,Puopolo,Hawthorn,HFFR,7,99,1,18,3,0,6,3,64,9
2019,19.0,2019-07-27,Isaac,Smith,Hawthorn,FPL,5,476,2,7,7,0,4,0,81,17
2019,19.0,2019-07-27,Luke,Breust,Hawthorn,HFFL,7,201,1,12,0,1,4,0,50,4
2019,19.0,2019-07-27,Chad,Wingard,Hawthorn,INT,9,314,2,14,3,1,4,0,76,16
2019,19.0,2019-07-27,Lachie,Neale,Brisbane Lions,C,7,240,6,20,5,5,15,0,79,26
2019,19.0,2019-07-27,Jarryd,Lyons,Brisbane Lions,R,3,286,4,25,6,0,9,1,76,19
2019,19.0,2019-07-27,Dayne,Zorko,Brisbane Lions,FPR,7,611,0,33,6,0,4,3,64,16
2019,19.0,2019-07-27,Lincoln,McCarthy,Brisbane Lions,WL,5,201,0,15,0,0,5,2,71,10
2019,19.0,2019-07-27,Josh,Walker,Brisbane Lions,BPR,0,73,3,9,1,0,1,0,71,5
2019,19.0,2019-07-27,Jaeger,O'Meara,Hawthorn,RR,3,527,2,28,6,2,4,0,65,17
2019,19.0,2019-07-27,Jonathon,Ceglar,Hawthorn,CHF,2,112,2,6,2,0,0,1,73,8
2019,19.0,2019-07-27,Darcy,Gardiner,Brisbane Lions,CHB,2,274,7,10,1,0,5,0,91,10
2019,19.0,2019-07-27,Charlie,Cameron,Brisbane Lions,FPL,3,159,0,5,1,0,6,0,70,7
2019,19.0,2019-07-27,Daniel,McStay,Brisbane Lions,FF,4,156,3,8,6,0,5,1,50,7
2019,19.0,2019-07-27,James,Sicily,Hawthorn,CHB,2,437,8,13,7,0,3,0,75,15
2019,19.0,2019-07-27,Daniel,Howe,Hawthorn,C,2,189,9,7,4,0,3,0,86,12
2019,19.0,2019-07-27,Marcus,Adams,Brisbane Lions,FB,0,314,6,5,3,0,3,0,58,7
2019,19.0,2019-07-27,Eric,Hipwood,Brisbane Lions,CHF,5,223,1,8,5,0,1,0,63,5
2019,19.0,2019-07-27,Blake,Hardwick,Hawthorn,HBFR,2,157,2,21,4,0,2,0,73,11
2019,19.0,2019-07-27,Jarrod,Berry,Brisbane Lions,INT,2,275,3,12,4,0,5,0,72,13
2019,19.0,2019-07-27,Hugh,McCluggage,Brisbane Lions,HFFR,7,524,1,21,0,0,4,2,81,17
2019,19.0,2019-07-27,Alex,Witherden,Brisbane Lions,INT,0,37,0,1,0,0,0,0,100,1
2019,19.0,2019-07-27,Cam,Rayner,Brisbane Lions,HFFL,8,343,2,13,2,0,5,1,46,6
2019,19.0,2019-07-27,Zac,Bailey,Brisbane Lions,INT,1,136,3,18,1,0,1,0,100,7
2019,19.0,2019-07-27,Oscar,McInerney,Brisbane Lions,RR,1,37,1,6,2,0,2,1,86,6
2019,19.0,2019-07-27,James,Worpel,Hawthorn,R,7,461,3,17,5,2,11,0,77,26
2019,19.0,2019-07-27,Mitch,Lewis,Hawthorn,FF,5,83,0,11,1,0,3,1,60,6
2019,19.0,2019-07-27,Conor,Nash,Hawthorn,HBFL,5,102,0,13,2,0,1,0,67,8
2019,19.0,2019-07-27,Noah,Answerth,Brisbane Lions,HBFL,3,400,5,18,4,0,5,0,87,13
2019,19.0,2019-07-27,Oliver,Hanrahan,Hawthorn,INT,3,233,1,9,5,0,3,0,60,6
2019,19.0,2019-07-27,Kade,Simpson,Carlton,HBFL,4,591,2,5,6,0,1,0,81,25
2019,19.0,2019-07-27,Marc,Murphy,Carlton,R,4,439,0,21,5,2,5,0,61,19
2019,19.0,2019-07-27,Dale,Thomas,Carlton,BPR,4,363,5,10,2,0,3,0,86,19
2019,19.0,2019-07-27,David,Mackay,Adelaide,INT,6,280,5,12,1,0,4,1,79,15
2019,19.0,2019-07-27,Andy,Otten,Adelaide,WR,3,154,6,7,1,0,3,0,86,12
2019,19.0,2019-07-27,Taylor,Walker,Adelaide,CHF,3,315,1,16,3,0,1,1,73,8
2019,19.0,2019-07-27,Rory,Sloane,Adelaide,C,5,285,6,31,3,2,12,2,62,16
2019,19.0,2019-07-27,Tom,Lynch,Adelaide,HFFR,7,181,1,10,3,1,3,2,71,10
2019,19.0,2019-07-27,Liam,Jones,Carlton,FB,0,50,5,3,0,0,0,0,100,7
2019,19.0,2019-07-27,Ed,Curnow,Carlton,RR,5,299,6,21,8,2,9,1,53,16
2019,19.0,2019-07-27,Brodie,Smith,Adelaide,HBFL,5,475,6,20,7,0,6,1,58,14
2019,19.0,2019-07-27,Daniel,Talia,Adelaide,FB,1,162,6,6,1,0,2,0,75,9
2019,19.0,2019-07-27,Paul,Seedsman,Adelaide,R,3,310,3,9,2,0,3,0,77,10
2019,19.0,2019-07-27,Josh,Jenkins,Adelaide,FF,4,147,0,12,1,0,1,2,33,2
2019,19.0,2019-07-27,Andrew,Phillips,Carlton,RK,7,59,1,11,2,3,3,0,78,7
2019,19.0,2019-07-27,Luke,Brown,Adelaide,BPL,1,87,3,12,0,0,2,0,100,9
2019,19.0,2019-07-27,Levi,Casboult,Carlton,CHF,4,345,2,5,5,1,1,0,67,10
2019,19.0,2019-07-27,Lachie,Plowman,Carlton,BPL,3,97,6,6,0,0,2,0,90,9
2019,19.0,2019-07-27,Brad,Crouch,Adelaide,HFFL,6,534,1,14,10,2,4,0,73,22
2019,19.0,2019-07-27,Rory,Laird,Adelaide,HBFR,2,359,8,9,2,0,6,0,82,22
2019,19.0,2019-07-27,Kyle,Hartigan,Adelaide,BPR,0,134,7,1,3,0,2,0,83,10
2019,19.0,2019-07-27,Matt,Crouch,Adelaide,RR,4,133,1,18,4,1,6,1,67,16
2019,19.0,2019-07-27,Patrick,Cripps,Carlton,C,8,342,1,18,6,8,10,1,67,26
2019,19.0,2019-07-27,Darcy,Lang,Carlton,HFFR,3,165,1,15,3,0,3,0,89,8
2019,19.0,2019-07-27,Jake,Kelly,Adelaide,CHB,2,170,4,9,2,0,2,0,92,11
2019,19.0,2019-07-27,Riley,Knight,Adelaide,INT,6,238,1,22,1,0,3,2,67,10
2019,19.0,2019-07-27,Rory,Atkins,Adelaide,WL,0,76,2,14,1,0,2,0,90,9
2019,19.0,2019-07-27,Jacob,Weitering,Carlton,CHB,1,172,7,4,1,0,3,0,100,14
2019,19.0,2019-07-27,Wayne,Milera,Adelaide,INT,2,263,3,20,5,0,3,0,54,7
2019,19.0,2019-07-27,Matthew,Kennedy,Carlton,FPL,4,132,1,12,2,0,4,3,80,8
2019,19.0,2019-07-27,Jack,Silvagni,Carlton,FPR,5,164,3,16,2,0,9,3,87,13
2019,19.0,2019-07-27,Reilly,O'Brien,Adelaide,RK,3,241,7,20,3,2,3,1,65,13
2019,19.0,2019-07-27,Sam,Petrevski-Seton,Carlton,HBFR,2,245,2,9,5,0,1,0,75,15
2019,19.0,2019-07-27,Nic,Newman,Carlton,INT,2,303,8,5,3,0,5,0,79,15
2019,19.0,2019-07-27,Josh,Deluca,Carlton,INT,2,45,0,19,0,0,4,4,64,7
2019,19.0,2019-07-27,Tyson,Stengle,Adelaide,FPR,4,164,1,16,3,0,1,3,86,6
2019,19.0,2019-07-27,Will,Setterfield,Carlton,INT,6,553,4,13,4,0,5,0,63,15
2019,19.0,2019-07-27,Harry,McKay,Carlton,FF,3,76,0,8,7,0,0,0,50,2
2019,19.0,2019-07-27,Paddy,Dow,Carlton,INT,0,-13,1,16,0,0,3,3,100,4
2019,19.0,2019-07-27,Lachlan,Murphy,Adelaide,FPL,5,155,0,16,1,0,1,3,80,8
2019,19.0,2019-07-27,Lochie,O'Brien,Carlton,WR,1,201,2,5,3,0,0,0,78,7
2019,19.0,2019-07-27,Patrick,Wilson,Adelaide,INT,1,181,2,19,5,0,4,1,67,10
2019,19.0,2019-07-27,Michael,Gibbons,Carlton,HFFL,4,399,0,23,6,0,5,2,77,17
2019,19.0,2019-07-27,Sam,Walsh,Carlton,WL,2,280,5,12,4,1,12,0,60,18
2019,19.0,2019-07-27,Josh J.,Kennedy,West Coast,FF,9,224,1,4,0,0,0,1,82,9
2019,19.0,2019-07-27,Shaun,Higgins,North Melbourne,RR,3,304,2,14,2,1,2,0,79,15
2019,19.0,2019-07-27,Will,Schofield,West Coast,BPR,2,102,2,5,0,0,2,0,100,8
2019,19.0,2019-07-27,Chris,Masten,West Coast,WR,2,196,1,10,3,1,2,0,74,14
2019,19.0,2019-07-27,Todd,Goldstein,North Melbourne,RK,5,262,7,9,1,2,10,0,82,14
2019,19.0,2019-07-27,Jack,Ziebell,North Melbourne,C,3,174,1,18,3,3,5,3,58,7
2019,19.0,2019-07-27,Jack,Redden,West Coast,INT,6,144,3,19,3,1,8,0,85,23
2019,19.0,2019-07-27,Lewis,Jetta,West Coast,HBFL,4,714,0,9,7,0,0,0,95,20
2019,19.0,2019-07-27,Luke,Shuey,West Coast,R,4,302,4,18,4,3,6,1,78,18
2019,19.0,2019-07-27,Ben,Cunnington,North Melbourne,R,2,142,1,17,1,2,9,0,86,18
2019,19.0,2019-07-27,Brad,Sheppard,West Coast,BPL,0,41,3,1,0,0,4,0,86,18
2019,19.0,2019-07-27,Robbie,Tarrant,North Melbourne,CHB,2,142,1,4,2,0,1,0,75,6
2019,19.0,2019-07-27,Jamie,Macmillan,North Melbourne,INT,1,259,3,6,3,0,2,0,64,9
2019,19.0,2019-07-27,Jasper,Pittard,North Melbourne,HBFL,1,112,4,8,2,0,2,0,86,12
2019,19.0,2019-07-27,Jack,Darling,West Coast,CHF,10,390,2,9,5,0,8,1,48,10
2019,19.0,2019-07-27,Andrew,Gaff,West Coast,WL,7,518,2,9,6,0,9,0,82,27
2019,19.0,2019-07-27,Shaun,Atley,North Melbourne,HBFR,1,282,1,11,5,0,0,0,73,11
2019,19.0,2019-07-27,Jared,Polec,North Melbourne,WR,7,600,7,7,6,0,9,1,81,25
2019,19.0,2019-07-27,Tom,Hickey,West Coast,RK,4,159,2,7,0,2,8,0,69,9
2019,19.0,2019-07-27,Marley,Williams,North Melbourne,BPL,2,313,4,5,1,0,4,0,94,16
2019,19.0,2019-07-27,Elliot,Yeo,West Coast,RR,10,343,4,18,3,5,11,0,73,19
2019,19.0,2019-07-27,Jed,Anderson,North Melbourne,INT,6,263,4,17,3,1,8,0,65,13
2019,19.0,2019-07-27,Taylor,Garner,North Melbourne,INT,3,109,1,7,3,0,6,0,53,8
2019,19.0,2019-07-27,Dom,Sheed,West Coast,C,6,417,4,20,3,1,7,1,81,25
2019,19.0,2019-07-27,Jeremy,McGovern,West Coast,CHB,1,190,8,4,1,0,5,0,100,12
2019,19.0,2019-07-27,Ben,Brown,North Melbourne,FF,5,125,0,8,0,0,4,1,75,6
2019,19.0,2019-07-27,Mason,Wood,North Melbourne,HFFL,3,129,1,6,6,0,3,1,73,8
2019,19.0,2019-07-27,Jackson,Nelson,West Coast,HBFR,2,201,3,16,7,0,4,0,77,17
2019,19.0,2019-07-27,Trent,Dumont,North Melbourne,WL,6,313,3,14,2,0,4,0,77,20
2019,19.0,2019-07-27,Tom,Barrass,West Coast,FB,0,87,5,2,0,0,1,0,100,10
2019,19.0,2019-07-27,Jy,Simpkin,North Melbourne,FPR,5,224,0,19,3,3,3,1,50,6
2019,19.0,2019-07-27,Sam,Durdin,North Melbourne,FB,2,35,2,7,0,0,0,0,67,2
2019,19.0,2019-07-27,Cameron,Zurhaar,North Melbourne,FPL,6,338,2,10,3,0,1,1,79,11
2019,19.0,2019-07-27,Nick,Larkey,North Melbourne,CHF,4,102,3,6,3,0,4,0,67,8
2019,19.0,2019-07-27,Luke,Davies-Uniacke,North Melbourne,INT,7,218,2,12,1,1,5,0,88,14
2019,19.0,2019-07-27,Liam,Ryan,West Coast,HFFR,5,205,1,13,4,0,3,0,44,4
2019,19.0,2019-07-27,Jake,Waterman,West Coast,FPR,5,201,0,8,1,0,0,0,78,7
2019,19.0,2019-07-27,Willie,Rioli,West Coast,HFFL,10,301,2,11,1,0,1,1,74,14
2019,19.0,2019-07-27,Jack,Petruccelle,West Coast,FPL,5,289,1,11,2,1,2,0,83,10
2019,19.0,2019-07-27,Paul,Ahern,North Melbourne,BPR,3,490,5,6,3,1,8,0,74,20
2019,19.0,2019-07-27,Oscar,Allen,West Coast,INT,5,180,0,11,1,1,2,0,73,8
2019,19.0,2019-07-27,Tarryn,Thomas,North Melbourne,HFFR,5,140,3,11,1,1,8,0,82,9
2019,19.0,2019-07-27,Jarrod,Cameron,West Coast,INT,1,31,0,8,1,0,2,1,60,3
2019,19.0,2019-07-27,Francis,Watson,West Coast,INT,2,249,5,9,5,0,4,0,62,8
2019,19.0,2019-07-27,Jordan,Lewis,Melbourne,HBFL,1,162,0,5,4,0,3,1,64,7
2019,19.0,2019-07-27,Nathan,Jones,Melbourne,WL,0,331,5,7,3,0,2,0,60,9
2019,19.0,2019-07-27,Nathan,Brown,St Kilda,FB,1,180,4,6,3,0,1,0,88,7
2019,19.0,2019-07-27,Neville,Jetta,Melbourne,BPR,0,144,6,14,1,0,3,0,78,7
2019,19.0,2019-07-27,Shane,Savage,St Kilda,INT,2,265,0,11,3,0,0,0,73,8
2019,19.0,2019-07-27,Jake,Carlisle,St Kilda,CHB,2,174,5,8,4,0,3,1,57,8
2019,19.0,2019-07-27,Michael,Hibberd,Melbourne,INT,2,337,4,4,4,0,4,0,67,8
2019,19.0,2019-07-27,Max,Gawn,Melbourne,RK,8,201,4,7,1,3,4,0,83,15
2019,19.0,2019-07-27,Jack,Newnes,St Kilda,WR,4,193,3,6,3,0,6,0,50,6
2019,19.0,2019-07-27,Josh,Bruce,St Kilda,CHF,7,219,0,5,3,0,3,0,70,7
2019,19.0,2019-07-27,Sam,Frost,Melbourne,CHB,1,201,13,2,4,0,7,0,77,13
2019,19.0,2019-07-27,Sebastian,Ross,St Kilda,C,12,382,7,19,7,2,9,2,74,23
2019,19.0,2019-07-27,Jack,Viney,Melbourne,RR,3,136,3,22,1,1,9,0,72,13
2019,19.0,2019-07-27,Jack,Billings,St Kilda,WL,6,400,3,10,4,0,3,0,57,12
2019,19.0,2019-07-27,Luke,Dunstan,St Kilda,FPR,6,149,5,16,0,2,8,1,78,14
2019,19.0,2019-07-27,Christian,Salem,Melbourne,HBFR,1,375,2,8,6,0,2,0,71,17
2019,19.0,2019-07-27,Blake,Acres,St Kilda,RR,6,220,2,20,2,0,3,4,87,13
2019,19.0,2019-07-27,Tim,Membrey,St Kilda,FF,5,193,1,5,2,0,5,0,91,10
2019,19.0,2019-07-27,Angus,Brayshaw,Melbourne,R,3,427,1,17,5,2,4,0,59,10
2019,19.0,2019-07-27,Jack,Lonie,St Kilda,FPL,6,248,1,10,3,0,4,1,53,8
2019,19.0,2019-07-27,Jack,Sinclair,St Kilda,INT,8,261,7,6,2,0,9,1,81,21
2019,19.0,2019-07-27,Jake,Lever,Melbourne,FB,0,369,10,7,9,0,3,0,68,13
2019,19.0,2019-07-27,Alex,Neal-Bullen,Melbourne,INT,2,300,0,19,6,0,2,1,43,6
2019,19.0,2019-07-27,Jack,Steele,St Kilda,HFFR,5,295,4,36,2,1,6,1,77,17
2019,19.0,2019-07-27,James,Harmes,Melbourne,INT,5,354,2,14,4,1,6,2,52,11
2019,19.0,2019-07-27,Oscar,McDonald,Melbourne,HFFL,1,190,3,4,3,0,2,0,60,6
2019,19.0,2019-07-27,Clayton,Oliver,Melbourne,C,2,209,6,27,5,3,11,1,73,19
2019,19.0,2019-07-27,Jade,Gresham,St Kilda,R,7,337,2,6,8,3,9,0,72,23
2019,19.0,2019-07-27,Josh,Wagner,Melbourne,WR,2,277,2,10,4,0,3,0,53,8
2019,19.0,2019-07-27,Jayden,Hunt,Melbourne,HFFR,3,327,0,12,2,0,0,0,86,12
2019,19.0,2019-07-27,Christian,Petracca,Melbourne,FPL,5,294,4,6,2,0,8,1,75,15
2019,19.0,2019-07-27,Corey,Wagner,Melbourne,BPL,1,75,2,11,1,0,4,1,71,5
2019,19.0,2019-07-27,Tim,Smith,Melbourne,FF,6,151,2,15,4,0,6,0,55,6
2019,19.0,2019-07-27,Ben,Long,St Kilda,INT,6,245,1,7,1,0,2,3,73,8
2019,19.0,2019-07-27,Rowan,Marshall,St Kilda,RK,7,323,2,9,2,3,3,0,88,14
2019,19.0,2019-07-27,Hunter,Clark,St Kilda,HBFR,5,277,4,16,3,0,6,0,61,14
2019,19.0,2019-07-27,Bayley,Fritsch,Melbourne,FPR,3,171,0,4,2,0,6,2,79,11
2019,19.0,2019-07-27,Nick,Coffield,St Kilda,BPL,1,256,6,11,3,0,4,0,78,14
2019,19.0,2019-07-27,Harrison,Petty,Melbourne,CHF,5,83,1,8,1,0,1,1,92,11
2019,19.0,2019-07-27,Ben,Paton,St Kilda,BPR,3,172,7,14,4,0,4,0,71,10
2019,19.0,2019-07-27,Callum,Wilkie,St Kilda,HBFL,3,142,7,5,2,0,3,0,87,13
2019,19.0,2019-07-27,Oskar,Baker,Melbourne,INT,1,74,0,13,4,1,3,0,38,3
2019,19.0,2019-07-27,Nick,Hind,St Kilda,HFFL,5,333,4,4,6,0,4,1,71,10
2019,19.0,2019-07-27,Doulton,Langlands,St Kilda,INT,4,235,3,11,2,0,3,0,79,11
2019,19.0,2019-07-27,Heath,Shaw,Greater Western Sydney,BPL,2,314,8,8,3,0,6,0,84,16
2019,19.0,2019-07-27,Paddy,Ryder,Port Adelaide,FPR,4,183,2,8,4,1,4,0,54,7
2019,19.0,2019-07-27,Robbie,Gray,Port Adelaide,FF,6,185,2,15,1,0,2,1,79,11
2019,19.0,2019-07-27,Justin,Westhoff,Port Adelaide,FB,2,135,7,7,2,0,7,0,85,17
2019,19.0,2019-07-27,Travis,Boak,Port Adelaide,R,7,302,1,15,6,3,7,0,83,33
2019,19.0,2019-07-27,Shane,Mumford,Greater Western Sydney,RK,1,73,0,13,2,0,3,0,80,4
2019,19.0,2019-07-27,Sam J.,Reid,Greater Western Sydney,C,3,221,8,10,4,0,9,0,79,19
2019,19.0,2019-07-27,Hamish,Hartlett,Port Adelaide,HBFL,2,484,8,18,3,0,5,0,86,19
2019,19.0,2019-07-27,Matthew,Broadbent,Port Adelaide,CHB,1,392,1,10,5,0,2,0,76,16
2019,19.0,2019-07-27,Tom,Rockliff,Port Adelaide,C,6,190,4,23,4,1,9,0,74,23
2019,19.0,2019-07-27,Dawson,Simpson,Greater Western Sydney,FPR,2,12,0,15,0,1,0,0,75,3
2019,19.0,2019-07-27,Phil,Davis,Greater Western Sydney,FB,2,103,8,11,0,0,1,0,94,16
2019,19.0,2019-07-27,Lachlan,Keeffe,Greater Western Sydney,WR,0,116,3,6,2,0,2,0,89,8
2019,19.0,2019-07-27,Scott,Lycett,Port Adelaide,RK,5,92,5,12,2,0,6,1,80,16
2019,19.0,2019-07-27,Tom,Jonas,Port Adelaide,BPR,2,268,7,14,8,0,4,0,63,12
2019,19.0,2019-07-27,Jeremy,Cameron,Greater Western Sydney,CHF,6,232,3,17,2,0,3,0,73,11
2019,19.0,2019-07-27,Toby,Greene,Greater Western Sydney,RR,3,507,8,31,7,1,11,2,60,18
2019,19.0,2019-07-27,Adam,Tomlinson,Greater Western Sydney,INT,2,187,3,11,2,0,4,0,85,11
2019,19.0,2019-07-27,Nick,Haynes,Greater Western Sydney,CHB,1,310,6,10,3,0,2,0,71,15
2019,19.0,2019-07-27,Cam,Sutcliffe,Port Adelaide,CHF,3,145,1,16,2,0,2,0,73,8
2019,19.0,2019-07-27,Lachie,Whitfield,Greater Western Sydney,HBFL,6,503,3,18,8,0,7,0,70,19
2019,19.0,2019-07-27,Zac,Williams,Greater Western Sydney,WL,5,388,5,21,8,0,7,0,52,12
2019,19.0,2019-07-27,Tom,Clurey,Port Adelaide,BPL,1,209,6,7,3,0,5,0,63,10
2019,19.0,2019-07-27,Sam,Gray,Port Adelaide,HFFR,3,159,4,22,2,0,2,3,77,10
2019,19.0,2019-07-27,Karl,Amon,Port Adelaide,WL,7,384,5,22,3,0,7,0,68,15
2019,19.0,2019-07-27,Dougal,Howard,Port Adelaide,FPL,3,130,0,4,3,0,1,0,60,3
2019,19.0,2019-07-27,Darcy,Byrne-Jones,Port Adelaide,HBFR,3,348,5,21,4,0,3,0,68,13
2019,19.0,2019-07-27,Jacob,Hopper,Greater Western Sydney,BPR,5,396,2,26,6,1,10,0,55,17
2019,19.0,2019-07-27,Harry,Himmelberg,Greater Western Sydney,FF,5,177,3,10,1,1,8,1,80,12
2019,19.0,2019-07-27,Riley,Bonner,Port Adelaide,WR,3,507,4,10,7,0,5,0,61,17
2019,19.0,2019-07-27,Dan,Houston,Port Adelaide,RR,6,159,2,30,3,2,7,1,59,17
2019,19.0,2019-07-27,Sam,Powell-Pepper,Port Adelaide,INT,4,348,4,18,6,1,7,0,53,9
2019,19.0,2019-07-27,Tim,Taranto,Greater Western Sydney,R,3,364,2,42,6,3,9,0,61,19
2019,19.0,2019-07-27,Daniel,Lloyd,Greater Western Sydney,INT,4,174,3,8,4,0,4,1,67,10
2019,19.0,2019-07-27,Harry,Perryman,Greater Western Sydney,INT,2,321,5,9,5,0,2,0,67,10
2019,19.0,2019-07-27,Jeremy,Finlayson,Greater Western Sydney,HFFR,7,402,0,15,2,0,2,1,79,11
2019,19.0,2019-07-27,Sam,Taylor,Greater Western Sydney,HBFR,2,166,3,0,2,0,1,0,75,6
2019,19.0,2019-07-27,Brent,Daniels,Greater Western Sydney,FPL,6,172,0,21,3,2,5,1,50,8
2019,19.0,2019-07-27,Zak,Butters,Port Adelaide,HFFL,5,131,3,15,0,0,7,2,75,12
2019,19.0,2019-07-27,Xavier,Duursma,Port Adelaide,INT,4,365,3,14,3,0,4,1,67,12
2019,19.0,2019-07-27,Connor,Rozee,Port Adelaide,INT,6,326,1,15,1,0,3,0,57,8
2019,19.0,2019-07-27,Jackson,Hately,Greater Western Sydney,HFFL,3,310,1,16,7,0,3,0,67,10
2019,19.0,2019-07-27,Joel,Garner,Port Adelaide,INT,0,237,5,8,4,0,5,0,64,9
2019,19.0,2019-07-27,Bobby,Hill,Greater Western Sydney,INT,2,75,2,24,2,0,6,2,67,6
2019,19.0,2019-07-28,Aaron,Sandilands,Fremantle,RK,4,1,0,8,1,1,2,0,75,6
2019,19.0,2019-07-28,Dale,Morris,Western Bulldogs,BPL,1,25,3,2,0,0,2,0,100,6
2019,19.0,2019-07-28,David,Mundy,Fremantle,R,4,167,1,24,1,1,6,1,78,14
2019,19.0,2019-07-28,Michael,Walters,Fremantle,CHF,5,344,3,26,2,1,6,4,86,18
2019,19.0,2019-07-28,Hayden,Ballantyne,Fremantle,FPL,4,302,1,15,7,0,4,0,64,9
2019,19.0,2019-07-28,Easton,Wood,Western Bulldogs,HBFR,2,184,6,10,2,0,1,0,90,9
2019,19.0,2019-07-28,Jackson,Trengove,Western Bulldogs,FB,2,312,7,9,2,0,4,0,67,10
2019,19.0,2019-07-28,Nat,Fyfe,Fremantle,C,9,534,2,27,5,5,6,0,76,25
2019,19.0,2019-07-28,Reece,Conca,Fremantle,RR,6,152,3,10,1,1,3,2,77,13
2019,19.0,2019-07-28,Tom,Liberatore,Western Bulldogs,C,8,219,1,17,1,1,7,0,84,16
2019,19.0,2019-07-28,Brandon,Matera,Fremantle,INT,6,105,1,14,0,0,3,0,82,9
2019,19.0,2019-07-28,Nathan,Wilson,Fremantle,BPL,1,225,6,6,4,0,3,0,58,7
2019,19.0,2019-07-28,Tory,Dickson,Western Bulldogs,FPR,5,258,2,9,1,0,1,0,71,10
2019,19.0,2019-07-28,Bradley,Hill,Fremantle,WL,5,375,2,16,5,2,4,0,82,18
2019,19.0,2019-07-28,Hayden,Crozier,Western Bulldogs,BPR,4,207,4,4,0,0,2,0,95,19
2019,19.0,2019-07-28,Jason,Johannisen,Western Bulldogs,WR,8,434,4,12,2,0,6,0,88,21
2019,19.0,2019-07-28,Taylor,Duryea,Western Bulldogs,INT,4,211,5,6,1,0,2,0,83,15
2019,19.0,2019-07-28,Jack,Macrae,Western Bulldogs,R,13,442,4,16,3,4,15,0,92,35
2019,19.0,2019-07-28,Lachie,Hunter,Western Bulldogs,WL,4,345,0,13,6,0,5,0,74,20
2019,19.0,2019-07-28,Sam,Lloyd,Western Bulldogs,HFFR,7,363,1,11,4,0,3,0,63,10
2019,19.0,2019-07-28,Marcus,Bontempelli,Western Bulldogs,FF,11,603,2,18,4,4,7,0,79,22
2019,19.0,2019-07-28,Rory,Lobb,Fremantle,FF,6,208,0,13,2,0,1,0,73,8
2019,19.0,2019-07-28,Bailey,Dale,Western Bulldogs,HFFL,8,265,2,7,2,0,2,1,69,9
2019,19.0,2019-07-28,Joel,Hamling,Fremantle,FB,3,309,6,4,4,0,0,0,83,10
2019,19.0,2019-07-28,Caleb,Daniel,Western Bulldogs,HBFL,4,411,6,18,2,0,7,0,90,26
2019,19.0,2019-07-28,Zaine,Cordy,Western Bulldogs,CHB,4,107,2,11,3,0,4,0,62,8
2019,19.0,2019-07-28,Ed,Langdon,Fremantle,WR,4,268,2,22,3,0,1,2,81,13
2019,19.0,2019-07-28,Connor,Blakely,Fremantle,INT,5,429,4,19,4,0,3,0,77,17
2019,19.0,2019-07-28,Josh,Dunkley,Western Bulldogs,RR,8,358,1,19,4,1,7,0,77,20
2019,19.0,2019-07-28,Darcy,Tucker,Fremantle,HFFL,5,182,1,17,2,0,2,0,86,12
2019,19.0,2019-07-28,Griffin,Logue,Fremantle,CHB,5,104,2,12,2,0,0,0,63,5
2019,19.0,2019-07-28,Tim,English,Western Bulldogs,RK,7,75,3,11,0,2,5,0,77,10
2019,19.0,2019-07-28,Luke,Ryan,Fremantle,BPR,3,206,3,10,3,0,1,0,70,7
2019,19.0,2019-07-28,Sean,Darcy,Fremantle,FPR,3,121,2,6,2,0,4,0,54,7
2019,19.0,2019-07-28,Patrick,Lipinski,Western Bulldogs,FPL,8,310,1,13,4,0,2,0,68,13
2019,19.0,2019-07-28,Andrew,Brayshaw,Fremantle,INT,8,532,4,18,4,0,7,0,69,18
2019,19.0,2019-07-28,Aaron,Naughton,Western Bulldogs,CHF,13,296,1,5,0,0,4,1,75,15
2019,19.0,2019-07-28,Adam,Cerra,Fremantle,HBFR,4,241,5,10,3,1,4,0,85,11
2019,19.0,2019-07-28,Ed,Richards,Western Bulldogs,INT,5,242,3,11,1,0,3,0,60,9
2019,19.0,2019-07-28,Taylin,Duman,Fremantle,HBFL,6,207,2,13,3,0,1,0,87,13
2019,19.0,2019-07-28,Bailey,Smith,Western Bulldogs,INT,8,453,2,11,6,1,5,3,55,11
2019,19.0,2019-07-28,Lachie,Schultz,Fremantle,HFFR,6,141,2,16,1,0,5,0,64,7
2019,19.0,2019-07-28,Brett,Bewley,Fremantle,INT,2,197,1,26,3,0,2,1,89,8
2019,19.0,2019-07-28,Rhylee,West,Western Bulldogs,INT,4,200,3,11,5,0,7,0,71,10
2019,19.0,2019-07-28,Gary,Ablett,Geelong,HFFL,3,333,1,14,10,2,6,0,48,10
2019,19.0,2019-07-28,Joel,Selwood,Geelong,RR,7,271,9,22,3,2,9,0,83,20
2019,19.0,2019-07-28,Tom,Hawkins,Geelong,FF,10,360,0,13,3,0,6,0,65,11
2019,19.0,2019-07-28,Harry,Taylor,Geelong,FB,4,134,7,2,2,0,4,0,80,12
2019,19.0,2019-07-28,Scott,Selwood,Geelong,INT,2,194,2,15,6,0,4,0,70,16
2019,19.0,2019-07-28,Josh P.,Kennedy,Sydney,RR,7,390,2,18,5,5,10,0,64,18
2019,19.0,2019-07-28,Patrick,Dangerfield,Geelong,WR,5,367,3,14,7,3,10,0,60,15
2019,19.0,2019-07-28,Mitch,Duncan,Geelong,HBFL,7,342,3,11,4,0,11,1,65,17
2019,19.0,2019-07-28,Sam,Reid,Sydney,FF,3,82,1,9,1,0,6,1,38,3
2019,19.0,2019-07-28,Cameron,Guthrie,Geelong,HFFR,4,168,4,20,2,1,3,1,71,10
2019,19.0,2019-07-28,Zac,Smith,Geelong,RK,0,114,1,12,3,3,6,0,67,8
2019,19.0,2019-07-28,Luke,Parker,Sydney,FPR,6,314,5,18,6,3,11,1,59,17
2019,19.0,2019-07-28,Luke,Dahlhaus,Geelong,FPL,3,92,2,20,1,0,2,1,85,11
2019,19.0,2019-07-28,Dane,Rampe,Sydney,FB,4,521,9,11,3,0,5,0,92,23
2019,19.0,2019-07-28,Mark,Blicavs,Geelong,CHB,3,137,6,6,2,0,3,1,93,13
2019,19.0,2019-07-28,Jake,Lloyd,Sydney,WR,3,369,6,15,4,0,5,0,76,19
2019,19.0,2019-07-28,Jed,Bews,Geelong,INT,0,205,2,11,3,0,3,0,57,4
2019,19.0,2019-07-28,Zak,Jones,Sydney,HFFR,4,412,3,15,3,0,3,0,95,18
2019,19.0,2019-07-28,Isaac,Heeney,Sydney,C,8,371,2,16,3,0,3,5,67,10
2019,19.0,2019-07-28,Jake,Kolodjashnij,Geelong,BPR,3,203,4,7,5,0,3,0,73,11
2019,19.0,2019-07-28,George,Hewett,Sydney,HFFL,3,228,4,14,4,2,12,0,70,19
2019,19.0,2019-07-28,Callum,Mills,Sydney,BPR,3,567,5,12,10,0,3,1,62,16
2019,19.0,2019-07-28,Tom,Papley,Sydney,R,1,54,0,11,0,0,2,0,50,2
2019,19.0,2019-07-28,Aliir,Aliir,Sydney,BPL,1,165,8,16,5,1,3,0,64,9
2019,19.0,2019-07-28,Ryan,Clarke,Sydney,HBFR,3,243,3,11,1,0,3,0,82,9
2019,19.0,2019-07-28,Tom,Stewart,Geelong,HBFR,1,392,2,12,3,0,1,0,79,15
2019,19.0,2019-07-28,Robbie,Fox,Sydney,INT,1,2,1,7,1,0,1,1,83,5
2019,19.0,2019-07-28,Jordan,Dawson,Sydney,INT,6,275,1,15,1,0,4,1,88,15
2019,19.0,2019-07-28,James,Parsons,Geelong,INT,5,425,2,17,2,0,5,0,83,15
2019,19.0,2019-07-28,Lewis,Melican,Sydney,CHB,2,101,5,16,1,0,3,0,78,7
2019,19.0,2019-07-28,Mark,O'Connor,Geelong,C,3,260,4,10,1,0,3,0,87,13
2019,19.0,2019-07-28,Tim,Kelly,Geelong,R,7,452,3,17,6,3,10,1,61,19
2019,19.0,2019-07-28,Esava,Ratugolea,Geelong,CHF,5,207,2,13,1,1,3,2,60,6
2019,19.0,2019-07-28,Jack,Henry,Geelong,BPL,3,223,5,6,1,0,2,0,89,8
2019,19.0,2019-07-28,Ben,Ronke,Sydney,FPL,8,357,0,15,2,0,4,2,54,7
2019,19.0,2019-07-28,Tom,McCartin,Sydney,CHF,1,128,4,15,1,0,2,0,63,5
2019,19.0,2019-07-28,Ryley,Stoddart,Sydney,INT,1,71,1,6,2,0,1,0,80,4
2019,19.0,2019-07-28,Colin,O'Riordan,Sydney,HBFL,4,277,5,11,3,0,2,0,83,15
2019,19.0,2019-07-28,Tom,Atkins,Geelong,FPR,4,112,1,19,3,0,6,0,83,10
2019,19.0,2019-07-28,Jordan,Clark,Geelong,WL,2,275,0,18,3,0,3,0,71,10
2019,19.0,2019-07-28,Gryan,Miers,Geelong,INT,5,134,3,14,2,0,2,0,73,8
2019,19.0,2019-07-28,Nick,Blakey,Sydney,WL,4,171,5,16,4,0,4,1,62,8
2019,19.0,2019-07-28,James,Rowbottom,Sydney,INT,3,162,1,21,4,0,7,1,39,5
2019,19.0,2019-07-28,Hayden,McLean,Sydney,RK,5,76,2,14,0,1,4,1,91,10
2019,19.0,2019-07-28,Michael,Rischitelli,Gold Coast,FPR,5,238,1,14,1,0,4,1,69,9
2019,19.0,2019-07-28,Jarrod,Harbrow,Gold Coast,BPR,3,209,5,5,2,0,3,0,79,11
2019,19.0,2019-07-28,Cale,Hooker,Essendon,FB,4,205,6,6,2,0,2,0,86,12
2019,19.0,2019-07-28,Pearce,Hanley,Gold Coast,WL,5,319,3,14,5,1,7,0,69,18
2019,19.0,2019-07-28,David,Zaharakis,Essendon,WR,6,279,0,20,1,0,1,0,88,14
2019,19.0,2019-07-28,Zac,Clarke,Essendon,BPR,4,51,0,13,1,3,5,1,79,11
2019,19.0,2019-07-28,Shaun,McKernan,Essendon,RK,7,319,2,5,3,0,5,1,60,9
2019,19.0,2019-07-28,David,Swallow,Gold Coast,RR,4,267,2,24,4,2,5,0,72,13
2019,19.0,2019-07-28,Sam,Day,Gold Coast,CHF,4,113,2,8,3,0,5,0,73,11
2019,19.0,2019-07-28,Mitch,Brown,Essendon,FF,6,207,0,8,1,0,2,1,92,11
2019,19.0,2019-07-28,Jack,Hombsch,Gold Coast,FB,2,32,3,9,0,0,3,0,100,7
2019,19.0,2019-07-28,Dylan,Shiel,Essendon,HFFL,8,432,2,19,5,3,11,0,71,20
2019,19.0,2019-07-28,Anthony,Miles,Gold Coast,INT,5,477,5,21,6,0,4,0,65,13
2019,19.0,2019-07-28,Alex,Sexton,Gold Coast,FPL,4,200,0,21,5,0,3,0,67,6
2019,19.0,2019-07-28,Jake,Stringer,Essendon,INT,8,508,0,14,3,4,5,1,53,8
2019,19.0,2019-07-28,Jarrod,Witts,Gold Coast,RK,7,238,3,8,3,4,6,0,63,12
2019,19.0,2019-07-28,Sean,Lemmens,Gold Coast,C,4,100,1,24,1,1,6,1,39,5
2019,19.0,2019-07-28,Patrick,Ambrose,Essendon,HBFL,0,140,2,8,0,0,0,0,89,8
2019,19.0,2019-07-28,Martin,Gleeson,Essendon,INT,5,279,8,8,5,0,4,0,88,14
2019,19.0,2019-07-28,Zach,Merrett,Essendon,C,5,458,1,29,7,1,5,0,67,18
2019,19.0,2019-07-28,Touk,Miller,Gold Coast,HFFR,9,316,4,29,5,1,15,2,59,19
2019,19.0,2019-07-28,Adam,Saad,Essendon,HBFR,5,267,5,13,1,0,3,0,81,13
2019,19.0,2019-07-28,Corey,Ellis,Gold Coast,HBFR,0,64,6,11,0,0,4,0,83,10
2019,19.0,2019-07-28,Kyle,Langford,Essendon,INT,7,166,1,12,2,2,6,0,81,13
2019,19.0,2019-07-28,Peter,Wright,Gold Coast,INT,5,216,0,4,0,0,3,0,79,11
2019,19.0,2019-07-28,Jayden,Laverde,Essendon,FPR,3,66,0,11,2,0,3,3,43,3
2019,19.0,2019-07-28,Lachie,Weller,Gold Coast,WR,5,388,2,11,3,0,3,0,83,15
2019,19.0,2019-07-28,Anthony,McDonald-Tipungwuti,Essendon,HFFR,5,294,3,14,0,0,3,2,58,7
2019,19.0,2019-07-28,Darcy,Parish,Essendon,RR,4,257,0,11,2,1,5,1,68,13
2019,19.0,2019-07-28,Mason,Redman,Essendon,WL,3,401,4,10,7,0,5,0,79,19
2019,19.0,2019-07-28,Darcy,Macpherson,Gold Coast,R,2,165,1,24,3,1,2,1,69,11
2019,19.0,2019-07-28,Jesse,Joyce,Gold Coast,HBFL,3,140,4,10,1,0,3,0,67,8
2019,19.0,2019-07-28,Aaron,Francis,Essendon,CHB,1,147,8,3,1,0,2,0,78,7
2019,19.0,2019-07-28,Brayden,Fiorini,Gold Coast,INT,4,257,1,19,3,1,3,0,77,13
2019,19.0,2019-07-28,Will,Snelling,Essendon,FPL,4,54,1,19,2,3,9,2,83,15
2019,19.0,2019-07-28,Andrew,McGrath,Essendon,BPL,4,144,2,14,1,1,6,0,79,15
2019,19.0,2019-07-28,Ben,McNiece,Essendon,CHF,3,251,6,8,2,0,7,0,77,10
2019,19.0,2019-07-28,Matt,Guelfi,Essendon,INT,1,146,3,7,4,1,3,0,67,8
2019,19.0,2019-07-28,Jacob,Heron,Gold Coast,HFFL,0,172,1,18,4,0,3,0,58,7
2019,19.0,2019-07-28,Dylan,Clarke,Essendon,R,4,177,1,13,2,1,9,0,68,15
2019,19.0,2019-07-28,Jacob,Dawson,Gold Coast,BPL,3,211,4,7,3,0,3,0,67,12
2019,19.0,2019-07-28,Chris,Burgess,Gold Coast,CHB,4,110,3,11,0,0,4,0,100,13
2019,19.0,2019-07-28,Jack,Lukosius,Gold Coast,INT,2,298,3,10,2,0,1,0,80,8
2019,19.0,2019-07-28,Ben,King,Gold Coast,FF,6,232,0,4,1,0,3,0,89,8
2019,20.0,2019-08-02,Shaun,Burgoyne,Hawthorn,R,2,229,3,19,3,0,1,0,87,20
2019,20.0,2019-08-02,Grant,Birchall,Hawthorn,INT,1,259,3,4,2,0,4,0,77,13
2019,20.0,2019-08-02,Shaun,Higgins,North Melbourne,RR,10,504,5,23,2,1,12,0,93,26
2019,20.0,2019-08-02,James,Frawley,Hawthorn,FB,2,229,5,3,5,0,2,0,55,6
2019,20.0,2019-08-02,Scott,Thompson,North Melbourne,FB,2,109,4,7,2,0,3,0,60,6
2019,20.0,2019-08-02,Ben,McEvoy,Hawthorn,RK,5,61,2,12,1,1,3,0,70,7
2019,20.0,2019-08-02,Todd,Goldstein,North Melbourne,RK,6,438,3,16,7,0,7,0,59,13
2019,20.0,2019-08-02,Jack,Ziebell,North Melbourne,C,5,341,4,17,3,1,8,0,61,11
2019,20.0,2019-08-02,Liam,Shiels,Hawthorn,HFFL,2,266,4,25,7,0,5,2,63,15
2019,20.0,2019-08-02,Tom,Scully,Hawthorn,WR,3,312,2,17,4,0,2,1,65,11
2019,20.0,2019-08-02,Ben,Stratton,Hawthorn,HBFR,1,52,10,10,3,0,5,0,86,12
2019,20.0,2019-08-02,Ricky,Henderson,Hawthorn,WL,5,370,2,17,5,0,3,0,76,16
2019,20.0,2019-08-02,Ben,Cunnington,North Melbourne,R,2,110,1,22,4,1,7,1,76,16
2019,20.0,2019-08-02,Jack,Gunston,Hawthorn,CHF,3,229,1,11,5,0,4,1,63,10
2019,20.0,2019-08-02,Robbie,Tarrant,North Melbourne,CHB,1,192,6,9,3,1,4,0,87,13
2019,20.0,2019-08-02,Jamie,Macmillan,North Melbourne,HBFL,1,308,9,14,3,0,4,0,83,15
2019,20.0,2019-08-02,Jasper,Pittard,North Melbourne,INT,4,331,6,8,2,0,2,0,68,13
2019,20.0,2019-08-02,Jared,Polec,North Melbourne,WR,6,550,1,13,6,0,3,0,57,13
2019,20.0,2019-08-02,Paul,Puopolo,Hawthorn,FPR,3,40,1,27,1,0,6,2,89,8
2019,20.0,2019-08-02,Isaac,Smith,Hawthorn,HFFR,4,477,1,15,4,0,3,0,83,19
2019,20.0,2019-08-02,Luke,Breust,Hawthorn,FPL,5,238,1,8,3,0,4,0,62,8
2019,20.0,2019-08-02,Chad,Wingard,Hawthorn,INT,8,390,4,18,4,1,10,0,79,23
2019,20.0,2019-08-02,Marley,Williams,North Melbourne,BPL,1,245,8,8,5,0,7,0,78,14
2019,20.0,2019-08-02,Jaeger,O'Meara,Hawthorn,C,5,313,1,26,5,3,3,1,73,19
2019,20.0,2019-08-02,Taylor,Garner,North Melbourne,INT,4,207,0,21,2,1,8,1,54,7
2019,20.0,2019-08-02,Tim,O'Brien,Hawthorn,CHB,3,166,0,11,2,0,4,1,75,9
2019,20.0,2019-08-02,Ben,Brown,North Melbourne,FF,10,285,3,13,4,0,4,4,50,7
2019,20.0,2019-08-02,Kayne,Turner,North Melbourne,HFFL,4,63,1,23,1,0,2,1,78,7
2019,20.0,2019-08-02,Mason,Wood,North Melbourne,HFFR,8,200,0,6,4,0,4,1,58,7
2019,20.0,2019-08-02,James,Sicily,Hawthorn,BPR,0,302,12,5,4,0,7,0,88,15
2019,20.0,2019-08-02,Trent,Dumont,North Melbourne,WL,4,245,6,30,3,0,4,3,74,14
2019,20.0,2019-08-02,Daniel,Howe,Hawthorn,BPL,4,238,8,12,7,2,7,0,58,11
2019,20.0,2019-08-02,Blake,Hardwick,Hawthorn,HBFL,2,241,7,15,5,0,5,0,84,16
2019,20.0,2019-08-02,Jy,Simpkin,North Melbourne,FPR,3,282,1,24,3,3,6,1,67,10
2019,20.0,2019-08-02,Sam,Durdin,North Melbourne,BPR,1,135,6,2,1,0,3,0,78,7
2019,20.0,2019-08-02,Cameron,Zurhaar,North Melbourne,INT,4,106,1,23,2,0,3,4,75,9
2019,20.0,2019-08-02,Nick,Larkey,North Melbourne,CHF,4,235,3,9,1,0,2,1,50,4
2019,20.0,2019-08-02,Luke,Davies-Uniacke,North Melbourne,INT,3,154,2,16,1,1,3,1,75,6
2019,20.0,2019-08-02,James,Worpel,Hawthorn,RR,9,589,1,20,4,4,10,0,76,28
2019,20.0,2019-08-02,Mitch,Lewis,Hawthorn,FF,8,214,1,10,4,0,2,1,56,9
2019,20.0,2019-08-02,Paul,Ahern,North Melbourne,HBFR,6,602,8,16,9,0,6,0,81,21
2019,20.0,2019-08-02,Conor,Nash,Hawthorn,INT,2,134,0,23,2,0,1,2,83,5
2019,20.0,2019-08-02,Tarryn,Thomas,North Melbourne,FPL,4,98,2,25,1,1,6,1,75,9
2019,20.0,2019-08-02,Oliver,Hanrahan,Hawthorn,INT,4,149,0,9,0,0,4,0,63,5
2019,20.0,2019-08-03,Paddy,Ryder,Port Adelaide,RK,7,77,2,4,1,1,4,0,100,10
2019,20.0,2019-08-03,Robbie,Gray,Port Adelaide,FF,10,259,2,3,2,1,4,0,84,16
2019,20.0,2019-08-03,Justin,Westhoff,Port Adelaide,BPR,4,290,6,12,3,0,3,0,82,14
2019,20.0,2019-08-03,Travis,Boak,Port Adelaide,R,7,299,2,12,3,5,10,1,74,17
2019,20.0,2019-08-03,Cale,Hooker,Essendon,FB,1,235,3,5,5,0,0,0,69,9
2019,20.0,2019-08-03,David,Zaharakis,Essendon,HBFR,4,233,4,13,4,0,4,0,84,16
2019,20.0,2019-08-03,Hamish,Hartlett,Port Adelaide,HBFL,4,385,6,10,3,0,4,0,83,19
2019,20.0,2019-08-03,Zac,Clarke,Essendon,RK,4,233,3,15,2,0,1,0,80,8
2019,20.0,2019-08-03,Matthew,Broadbent,Port Adelaide,INT,5,326,8,5,3,0,8,0,73,16
2019,20.0,2019-08-03,Tom,Rockliff,Port Adelaide,C,5,343,2,17,4,4,5,1,63,17
2019,20.0,2019-08-03,Charlie,Dixon,Port Adelaide,FPR,2,170,0,8,4,0,0,1,40,2
2019,20.0,2019-08-03,Mitch,Brown,Essendon,CHF,6,296,0,10,1,1,2,0,68,13
2019,20.0,2019-08-03,Tom,Jonas,Port Adelaide,BPL,4,373,4,6,4,1,3,0,93,13
2019,20.0,2019-08-03,Dylan,Shiel,Essendon,RR,5,348,1,18,3,2,10,0,76,22
2019,20.0,2019-08-03,Cam,Sutcliffe,Port Adelaide,INT,7,207,0,11,1,0,5,0,82,14
2019,20.0,2019-08-03,Jake,Stringer,Essendon,WL,9,410,1,17,3,3,3,0,50,7
2019,20.0,2019-08-03,Tom,Clurey,Port Adelaide,FB,2,233,4,6,1,0,0,0,100,11
2019,20.0,2019-08-03,Patrick,Ambrose,Essendon,CHB,1,27,5,2,1,0,1,0,100,10
2019,20.0,2019-08-03,Martin,Gleeson,Essendon,INT,5,259,5,6,4,0,4,0,82,14
2019,20.0,2019-08-03,Zach,Merrett,Essendon,C,5,565,5,21,9,3,9,0,68,21
2019,20.0,2019-08-03,Sam,Gray,Port Adelaide,HFFL,7,234,1,17,5,0,4,1,74,14
2019,20.0,2019-08-03,Orazio,Fantasia,Essendon,INT,6,282,2,9,2,0,3,1,82,9
2019,20.0,2019-08-03,Adam,Saad,Essendon,WR,2,401,0,8,2,0,1,0,82,9
2019,20.0,2019-08-03,Kyle,Langford,Essendon,INT,2,161,5,6,4,0,6,0,73,11
2019,20.0,2019-08-03,Karl,Amon,Port Adelaide,WL,7,300,5,11,3,1,8,1,91,21
2019,20.0,2019-08-03,Conor,McKenna,Essendon,BPR,6,533,5,10,5,1,3,0,76,16
2019,20.0,2019-08-03,Anthony,McDonald-Tipungwuti,Essendon,HFFR,6,173,1,13,1,1,4,0,70,7
2019,20.0,2019-08-03,Darcy,Parish,Essendon,HFFL,1,106,2,5,3,0,5,0,71,5
2019,20.0,2019-08-03,Michael,Hartley,Essendon,FF,3,204,4,8,2,0,3,0,69,11
2019,20.0,2019-08-03,Darcy,Byrne-Jones,Port Adelaide,CHB,7,474,10,11,4,0,7,1,88,22
2019,20.0,2019-08-03,Mason,Redman,Essendon,BPL,2,470,5,6,4,0,6,0,79,15
2019,20.0,2019-08-03,Aaron,Francis,Essendon,HBFL,3,240,6,11,2,0,4,0,71,10
2019,20.0,2019-08-03,Riley,Bonner,Port Adelaide,HBFR,9,329,5,6,2,0,4,0,84,16
2019,20.0,2019-08-03,Will,Snelling,Essendon,FPL,6,207,2,15,1,0,10,2,76,16
2019,20.0,2019-08-03,Dan,Houston,Port Adelaide,RR,9,473,1,14,3,1,6,0,90,26
2019,20.0,2019-08-03,Sam,Powell-Pepper,Port Adelaide,INT,9,415,3,17,3,2,3,2,68,15
2019,20.0,2019-08-03,Andrew,McGrath,Essendon,FPR,4,244,1,13,4,0,3,0,60,12
2019,20.0,2019-08-03,Todd,Marshall,Port Adelaide,FPL,5,273,1,12,2,0,1,0,82,9
2019,20.0,2019-08-03,Matt,Guelfi,Essendon,INT,4,247,2,11,4,0,2,1,62,8
2019,20.0,2019-08-03,Dylan,Clarke,Essendon,R,2,79,1,13,5,0,2,0,57,8
2019,20.0,2019-08-03,Zak,Butters,Port Adelaide,HFFR,1,95,0,5,1,0,1,1,75,6
2019,20.0,2019-08-03,Xavier,Duursma,Port Adelaide,WR,7,401,6,7,4,0,3,1,89,23
2019,20.0,2019-08-03,Connor,Rozee,Port Adelaide,CHF,10,388,1,15,5,0,9,1,50,11
2019,20.0,2019-08-03,Peter,Ladhams,Port Adelaide,INT,6,201,1,7,1,3,7,0,67,12
2019,20.0,2019-08-03,Brett,Deledio,Greater Western Sydney,HFFR,7,271,3,9,2,0,7,1,70,16
2019,20.0,2019-08-03,Heath,Shaw,Greater Western Sydney,BPL,0,415,8,6,2,0,3,0,74,14
2019,20.0,2019-08-03,Kieren,Jack,Sydney,WL,3,136,0,13,1,2,3,0,75,9
2019,20.0,2019-08-03,Shane,Mumford,Greater Western Sydney,CHF,5,142,1,18,1,0,4,0,69,9
2019,20.0,2019-08-03,Josh P.,Kennedy,Sydney,C,4,217,2,24,3,0,5,0,67,14
2019,20.0,2019-08-03,Sam J.,Reid,Greater Western Sydney,WL,4,352,6,7,4,0,3,0,76,19
2019,20.0,2019-08-03,Phil,Davis,Greater Western Sydney,FB,1,196,5,5,2,0,3,0,75,6
2019,20.0,2019-08-03,Daniel,Menzel,Sydney,FF,6,240,5,8,2,0,5,0,64,9
2019,20.0,2019-08-03,Sam,Reid,Sydney,CHF,0,42,1,11,1,0,2,3,75,6
2019,20.0,2019-08-03,Luke,Parker,Sydney,RR,3,295,2,21,4,1,6,0,64,14
2019,20.0,2019-08-03,Lachlan,Keeffe,Greater Western Sydney,WR,2,152,0,10,1,0,0,0,100,4
2019,20.0,2019-08-03,Toby,Greene,Greater Western Sydney,FPR,5,673,2,17,13,4,12,0,53,18
2019,20.0,2019-08-03,Adam,Tomlinson,Greater Western Sydney,INT,4,363,5,14,6,2,5,1,53,10
2019,20.0,2019-08-03,Nick,Haynes,Greater Western Sydney,BPR,4,300,12,5,4,0,4,0,72,13
2019,20.0,2019-08-03,Lachie,Whitfield,Greater Western Sydney,HFFL,5,444,3,21,2,1,8,1,77,20
2019,20.0,2019-08-03,Zac,Williams,Greater Western Sydney,HBFL,6,451,5,22,3,5,12,0,72,23
2019,20.0,2019-08-03,Jake,Lloyd,Sydney,WR,4,459,9,7,6,0,7,0,81,25
2019,20.0,2019-08-03,Zak,Jones,Sydney,HBFL,3,333,2,19,4,0,4,0,85,17
2019,20.0,2019-08-03,Isaac,Heeney,Sydney,R,6,364,3,20,2,0,7,1,61,11
2019,20.0,2019-08-03,James,Rose,Sydney,INT,0,123,2,8,4,0,2,0,40,2
2019,20.0,2019-08-03,George,Hewett,Sydney,HFFL,3,157,2,13,3,0,5,0,71,12
2019,20.0,2019-08-03,Callum,Mills,Sydney,BPL,5,334,7,4,1,0,3,0,87,13
2019,20.0,2019-08-03,Tom,Papley,Sydney,FPR,7,341,2,14,3,0,2,0,71,12
2019,20.0,2019-08-03,Aliir,Aliir,Sydney,BPR,0,347,7,5,2,0,3,0,79,15
2019,20.0,2019-08-03,Jacob,Hopper,Greater Western Sydney,RR,9,381,2,17,3,3,5,0,69,18
2019,20.0,2019-08-03,Ryan,Clarke,Sydney,HBFR,4,502,5,24,7,1,9,1,77,20
2019,20.0,2019-08-03,Harry,Himmelberg,Greater Western Sydney,FF,7,22,0,9,2,0,6,1,90,9
2019,20.0,2019-08-03,Oliver,Florent,Sydney,HFFR,2,602,2,7,8,0,6,0,57,16
2019,20.0,2019-08-03,Tim,Taranto,Greater Western Sydney,C,6,284,2,17,3,2,4,1,64,16
2019,20.0,2019-08-03,Robbie,Fox,Sydney,INT,1,124,3,16,3,0,4,0,81,13
2019,20.0,2019-08-03,Jordan,Dawson,Sydney,CHB,3,460,8,10,3,0,5,0,75,15
2019,20.0,2019-08-03,Harry,Perryman,Greater Western Sydney,INT,3,264,8,11,3,0,4,0,77,13
2019,20.0,2019-08-03,Jeremy,Finlayson,Greater Western Sydney,FPL,11,234,1,16,0,0,1,1,62,8
2019,20.0,2019-08-03,Ben,Ronke,Sydney,FPL,6,160,1,17,1,0,1,1,70,7
2019,20.0,2019-08-03,Tom,McCartin,Sydney,FB,1,91,7,9,2,0,4,0,64,9
2019,20.0,2019-08-03,Brent,Daniels,Greater Western Sydney,R,5,258,0,22,4,0,3,0,58,7
2019,20.0,2019-08-03,Aiden,Bonar,Greater Western Sydney,INT,5,182,2,9,4,0,2,2,58,7
2019,20.0,2019-08-03,Nick,Blakey,Sydney,INT,6,154,1,13,3,0,0,0,78,7
2019,20.0,2019-08-03,Jackson,Hately,Greater Western Sydney,RK,3,243,0,22,5,0,6,1,53,8
2019,20.0,2019-08-03,James,Rowbottom,Sydney,INT,2,385,1,13,4,0,6,0,62,8
2019,20.0,2019-08-03,Jake,Stein,Greater Western Sydney,HBFR,2,39,5,12,1,0,3,0,100,8
2019,20.0,2019-08-03,Bobby,Hill,Greater Western Sydney,INT,5,217,0,17,3,1,3,0,82,9
2019,20.0,2019-08-03,Hayden,McLean,Sydney,RK,2,136,0,22,6,3,6,0,57,8
2019,20.0,2019-08-03,Connor,Idun,Greater Western Sydney,CHB,1,74,3,7,3,0,2,0,88,7
2019,20.0,2019-08-03,Gary,Ablett,Geelong,HFFL,4,201,3,18,3,0,9,3,65,11
2019,20.0,2019-08-03,Aaron,Sandilands,Fremantle,RK,5,56,1,4,3,0,7,0,47,7
2019,20.0,2019-08-03,David,Mundy,Fremantle,R,4,126,1,6,2,0,3,0,88,7
2019,20.0,2019-08-03,Joel,Selwood,Geelong,RR,3,318,0,18,2,1,7,0,47,7
2019,20.0,2019-08-03,Tom,Hawkins,Geelong,FF,6,113,0,1,5,0,2,0,71,10
2019,20.0,2019-08-03,Lachie,Henderson,Geelong,HBFL,2,297,7,11,2,0,4,0,87,13
2019,20.0,2019-08-03,Scott,Selwood,Geelong,WR,2,177,3,29,5,1,5,1,53,8
2019,20.0,2019-08-03,Patrick,Dangerfield,Geelong,C,4,256,1,11,2,1,1,1,50,8
2019,20.0,2019-08-03,Michael,Walters,Fremantle,CHF,6,380,2,15,3,3,8,0,66,19
2019,20.0,2019-08-03,Mitch,Duncan,Geelong,HFFR,4,333,2,12,5,0,3,0,74,17
2019,20.0,2019-08-03,Nat,Fyfe,Fremantle,C,8,240,5,17,3,5,12,0,52,14
2019,20.0,2019-08-03,Gary,Rohan,Geelong,FPL,2,106,0,13,1,0,0,2,75,3
2019,20.0,2019-08-03,Reece,Conca,Fremantle,INT,5,198,1,15,4,0,4,0,80,12
2019,20.0,2019-08-03,Cameron,Guthrie,Geelong,INT,3,357,2,13,3,1,7,1,72,13
2019,20.0,2019-08-03,Brandon,Matera,Fremantle,INT,9,396,1,10,4,0,6,1,43,6
2019,20.0,2019-08-03,Zac,Smith,Geelong,RK,3,205,2,9,3,5,5,0,71,10
2019,20.0,2019-08-03,Zach,Tuohy,Geelong,CHB,1,140,6,11,1,0,2,0,100,12
2019,20.0,2019-08-03,Bradley,Hill,Fremantle,WL,12,553,2,11,3,0,3,0,82,22
2019,20.0,2019-08-03,Mark,Blicavs,Geelong,FB,2,216,11,10,2,0,3,0,85,11
2019,20.0,2019-08-03,Jed,Bews,Geelong,BPL,3,253,4,8,3,0,6,0,50,6
2019,20.0,2019-08-03,Joel,Hamling,Fremantle,FB,4,232,8,0,1,0,2,0,90,9
2019,20.0,2019-08-03,Jake,Kolodjashnij,Geelong,BPR,1,163,4,6,2,0,3,0,89,8
2019,20.0,2019-08-03,Ed,Langdon,Fremantle,WR,7,544,5,14,5,1,10,1,61,17
2019,20.0,2019-08-03,Connor,Blakely,Fremantle,INT,4,371,6,12,5,0,5,0,68,15
2019,20.0,2019-08-03,Ethan,Hughes,Fremantle,HBFL,6,230,7,14,2,0,4,0,91,20
2019,20.0,2019-08-03,Darcy,Tucker,Fremantle,RR,5,363,5,30,4,0,7,1,57,12
2019,20.0,2019-08-03,Sam,Menegola,Geelong,INT,2,344,2,21,4,0,5,1,63,10
2019,20.0,2019-08-03,Tom,Stewart,Geelong,HBFR,2,582,9,9,7,0,4,0,79,19
2019,20.0,2019-08-03,Griffin,Logue,Fremantle,CHB,0,187,4,4,2,0,4,0,67,6
2019,20.0,2019-08-03,Sean,Darcy,Fremantle,FF,5,86,1,6,4,0,3,1,50,4
2019,20.0,2019-08-03,Bailey,Banfield,Fremantle,HFFL,4,156,0,24,3,0,0,1,70,7
2019,20.0,2019-08-03,Andrew,Brayshaw,Fremantle,INT,3,165,1,23,2,3,4,0,71,10
2019,20.0,2019-08-03,Tim,Kelly,Geelong,R,5,401,2,23,7,2,9,1,64,16
2019,20.0,2019-08-03,Esava,Ratugolea,Geelong,CHF,1,123,0,4,1,0,0,0,40,2
2019,20.0,2019-08-03,Adam,Cerra,Fremantle,HBFR,3,347,5,9,2,0,1,0,87,13
2019,20.0,2019-08-03,Mitch,Crowden,Fremantle,HFFR,4,168,0,23,1,0,2,2,56,5
2019,20.0,2019-08-03,Jack,Henry,Geelong,INT,4,102,2,3,1,0,2,0,82,9
2019,20.0,2019-08-03,Taylin,Duman,Fremantle,BPL,4,257,5,8,2,0,5,0,57,8
2019,20.0,2019-08-03,Sam,Switkowski,Fremantle,FPR,8,242,2,20,2,0,5,4,77,10
2019,20.0,2019-08-03,Tom,Atkins,Geelong,FPR,4,212,0,24,2,0,10,1,73,11
2019,20.0,2019-08-03,Jordan,Clark,Geelong,INT,3,108,0,12,2,1,3,1,100,7
2019,20.0,2019-08-03,Gryan,Miers,Geelong,WL,4,177,3,19,1,0,5,0,73,8
2019,20.0,2019-08-03,Lachie,Schultz,Fremantle,FPL,4,188,1,9,6,0,5,0,50,6
2019,20.0,2019-08-03,Jason,Carter,Fremantle,BPR,4,108,2,13,0,0,3,0,67,6
2019,20.0,2019-08-03,Jordan,Lewis,Melbourne,HBFR,6,119,1,4,3,0,3,0,100,10
2019,20.0,2019-08-03,Nathan,Jones,Melbourne,WR,5,264,1,8,7,1,4,0,68,15
2019,20.0,2019-08-03,Shane,Edwards,Richmond,HBFR,9,433,3,19,4,3,9,0,74,23
2019,20.0,2019-08-03,Bachar,Houli,Richmond,HBFL,7,523,5,17,6,0,4,0,81,26
2019,20.0,2019-08-03,Jack,Riewoldt,Richmond,FF,8,282,2,11,5,0,3,0,36,5
2019,20.0,2019-08-03,Dustin,Martin,Richmond,R,10,418,6,9,7,3,13,0,56,19
2019,20.0,2019-08-03,Jake,Melksham,Melbourne,INT,3,207,1,3,4,0,5,0,47,7
2019,20.0,2019-08-03,David,Astbury,Richmond,BPL,4,189,5,1,0,0,1,0,94,15
2019,20.0,2019-08-03,Dylan,Grimes,Richmond,BPR,2,49,2,4,0,0,1,0,89,8
2019,20.0,2019-08-03,Dion,Prestia,Richmond,C,8,386,5,16,4,2,9,0,77,24
2019,20.0,2019-08-03,Michael,Hibberd,Melbourne,INT,3,274,9,11,6,0,8,0,72,21
2019,20.0,2019-08-03,Tom,Lynch,Richmond,FPR,3,281,1,11,3,0,1,1,64,7
2019,20.0,2019-08-03,Max,Gawn,Melbourne,RK,4,196,7,7,1,0,5,0,74,14
2019,20.0,2019-08-03,Josh,Caddy,Richmond,RR,4,81,8,16,0,0,3,0,92,12
2019,20.0,2019-08-03,Brandon,Ellis,Richmond,CHF,6,199,4,14,3,0,3,0,76,16
2019,20.0,2019-08-03,Sam,Frost,Melbourne,CHB,3,265,6,8,2,0,4,0,80,16
2019,20.0,2019-08-03,Jack,Viney,Melbourne,RR,2,186,1,25,3,4,3,0,77,17
2019,20.0,2019-08-03,Nick,Vlastuin,Richmond,CHB,4,399,9,8,5,0,4,0,88,21
2019,20.0,2019-08-03,Jay,Kennedy Harris,Melbourne,BPL,2,180,5,11,4,2,8,0,80,16
2019,20.0,2019-08-03,Christian,Salem,Melbourne,HBFL,2,333,2,6,5,0,2,0,76,16
2019,20.0,2019-08-03,Angus,Brayshaw,Melbourne,R,2,222,1,19,3,1,3,2,64,7
2019,20.0,2019-08-03,Kane,Lambert,Richmond,HFFR,8,417,1,16,3,0,3,1,81,13
2019,20.0,2019-08-03,Jake,Lever,Melbourne,BPR,2,292,6,7,6,0,4,0,71,10
2019,20.0,2019-08-03,James,Harmes,Melbourne,INT,4,192,5,29,3,2,5,1,85,17
2019,20.0,2019-08-03,Oscar,McDonald,Melbourne,FB,1,118,5,8,4,0,5,0,69,9
2019,20.0,2019-08-03,Daniel,Rioli,Richmond,HFFL,7,94,1,19,1,0,3,1,83,10
2019,20.0,2019-08-03,Clayton,Oliver,Melbourne,FF,6,186,5,23,2,2,9,0,78,25
2019,20.0,2019-08-03,Jayden,Short,Richmond,INT,5,384,7,1,5,0,5,0,83,20
2019,20.0,2019-08-03,Jayden,Hunt,Melbourne,HFFR,2,147,2,14,2,0,3,0,70,7
2019,20.0,2019-08-03,Christian,Petracca,Melbourne,C,3,117,3,19,3,2,6,1,85,17
2019,20.0,2019-08-03,Jason,Castagna,Richmond,WL,4,222,2,12,4,0,4,0,77,13
2019,20.0,2019-08-03,Corey,Wagner,Melbourne,HFFL,3,130,1,24,8,0,5,2,55,6
2019,20.0,2019-08-03,Nathan,Broad,Richmond,FB,3,93,8,9,4,0,5,0,75,9
2019,20.0,2019-08-03,Mabior,Chol,Richmond,INT,3,40,0,15,0,0,0,2,67,2
2019,20.0,2019-08-03,Dan,Butler,Richmond,INT,4,117,0,26,4,1,4,1,50,4
2019,20.0,2019-08-03,Braydon,Preuss,Melbourne,WL,0,65,2,6,3,0,3,0,67,4
2019,20.0,2019-08-03,Ivan,Soldo,Richmond,RK,2,107,1,16,1,0,3,0,62,8
2019,20.0,2019-08-03,Shai,Bolton,Richmond,WR,8,183,0,18,1,0,2,1,64,7
2019,20.0,2019-08-03,Jack,Graham,Richmond,INT,6,312,2,31,4,1,4,2,78,14
2019,20.0,2019-08-03,Bayley,Fritsch,Melbourne,FPR,7,279,2,11,2,0,1,0,75,12
2019,20.0,2019-08-03,Harrison,Petty,Melbourne,CHF,3,86,0,14,2,0,3,2,60,6
2019,20.0,2019-08-03,Liam,Baker,Richmond,FPL,3,23,5,6,2,0,4,0,100,10
2019,20.0,2019-08-03,Oskar,Baker,Melbourne,FPL,6,272,1,12,1,0,2,0,92,12
2019,20.0,2019-08-03,Kyle,Dunkley,Melbourne,INT,4,190,0,19,3,0,0,0,75,9
2019,20.0,2019-08-03,Eddie,Betts,Adelaide,FPR,5,110,0,11,0,0,4,1,91,10
2019,20.0,2019-08-03,Richard,Douglas,Adelaide,INT,6,381,3,21,2,0,5,0,63,12
2019,20.0,2019-08-03,Bryce,Gibbs,Adelaide,INT,4,332,3,13,6,4,6,1,62,18
2019,20.0,2019-08-03,Nathan,Brown,St Kilda,FB,1,87,2,4,0,0,1,0,88,7
2019,20.0,2019-08-03,David,Mackay,Adelaide,HBFL,3,339,4,21,1,0,2,0,84,16
2019,20.0,2019-08-03,Andy,Otten,Adelaide,INT,3,113,4,12,1,0,2,0,86,12
2019,20.0,2019-08-03,Taylor,Walker,Adelaide,FF,7,240,1,8,3,0,4,0,75,9
2019,20.0,2019-08-03,Shane,Savage,St Kilda,BPL,0,216,7,12,1,0,3,0,94,16
2019,20.0,2019-08-03,Rory,Sloane,Adelaide,WL,4,361,3,30,7,2,5,1,70,16
2019,20.0,2019-08-03,Tom,Lynch,Adelaide,CHF,8,421,3,13,2,0,4,1,73,16
2019,20.0,2019-08-03,Jake,Carlisle,St Kilda,CHB,1,101,3,10,2,0,2,0,82,9
2019,20.0,2019-08-03,Brodie,Smith,Adelaide,R,3,479,2,14,7,0,6,1,70,16
2019,20.0,2019-08-03,Daniel,Talia,Adelaide,FB,1,196,5,2,1,0,2,0,80,12
2019,20.0,2019-08-03,Josh,Bruce,St Kilda,CHF,5,117,1,6,1,1,4,0,64,7
2019,20.0,2019-08-03,Luke,Brown,Adelaide,BPR,3,221,5,9,3,0,4,0,88,15
2019,20.0,2019-08-03,Sebastian,Ross,St Kilda,C,5,423,2,21,2,2,6,0,76,19
2019,20.0,2019-08-03,Brad,Crouch,Adelaide,C,5,237,2,18,3,2,12,3,69,20
2019,20.0,2019-08-03,Rory,Laird,Adelaide,HBFR,9,421,12,8,8,0,11,0,76,29
2019,20.0,2019-08-03,Kyle,Hartigan,Adelaide,CHB,1,37,3,2,3,0,2,0,71,5
2019,20.0,2019-08-03,Jack,Billings,St Kilda,WL,0,394,5,16,6,2,11,0,65,17
2019,20.0,2019-08-03,Luke,Dunstan,St Kilda,RR,4,281,3,20,3,3,10,0,75,18
2019,20.0,2019-08-03,Matt,Crouch,Adelaide,RR,9,343,4,26,4,0,7,0,69,24
2019,20.0,2019-08-03,Tim,Membrey,St Kilda,FF,7,416,3,10,5,0,3,1,82,14
2019,20.0,2019-08-03,Jack,Lonie,St Kilda,FPL,4,191,0,11,3,0,1,2,25,2
2019,20.0,2019-08-03,Jack,Sinclair,St Kilda,INT,4,347,2,18,1,0,3,0,85,11
2019,20.0,2019-08-03,Jake,Kelly,Adelaide,BPL,4,46,6,7,0,0,2,0,100,14
2019,20.0,2019-08-03,Daniel,McKenzie,St Kilda,BPR,3,64,1,15,3,0,5,0,50,5
2019,20.0,2019-08-03,Jack,Steele,St Kilda,HFFR,4,339,2,38,3,3,9,1,73,19
2019,20.0,2019-08-03,Riley,Knight,Adelaide,INT,3,64,1,7,1,0,6,2,70,7
2019,20.0,2019-08-03,Rory,Atkins,Adelaide,WR,1,155,2,18,4,0,6,1,65,13
2019,20.0,2019-08-03,Wayne,Milera,Adelaide,HFFR,2,453,4,8,4,0,1,0,85,17
2019,20.0,2019-08-03,Jade,Gresham,St Kilda,R,5,302,0,12,6,1,4,0,64,14
2019,20.0,2019-08-03,Reilly,O'Brien,Adelaide,RK,3,42,1,20,1,0,4,4,58,7
2019,20.0,2019-08-03,Ben,Long,St Kilda,FPR,5,92,1,9,2,0,2,0,75,3
2019,20.0,2019-08-03,Josh,Battle,St Kilda,INT,2,149,5,11,2,0,2,1,73,11
2019,20.0,2019-08-03,Rowan,Marshall,St Kilda,RK,2,252,3,9,3,2,4,0,70,14
2019,20.0,2019-08-03,Darcy,Fogarty,Adelaide,HFFL,4,214,1,8,0,0,1,0,78,7
2019,20.0,2019-08-03,Lachlan,Murphy,Adelaide,FPL,4,145,0,12,2,0,2,2,25,2
2019,20.0,2019-08-03,Hunter,Clark,St Kilda,HBFR,3,402,5,13,9,0,6,0,62,16
2019,20.0,2019-08-03,Nick,Coffield,St Kilda,INT,1,273,7,8,4,0,3,0,78,14
2019,20.0,2019-08-03,Matthew,Parker,St Kilda,INT,4,319,1,11,4,0,1,0,55,6
2019,20.0,2019-08-03,Callum,Wilkie,St Kilda,HBFL,1,202,6,6,3,0,3,0,79,11
2019,20.0,2019-08-03,Nick,Hind,St Kilda,HFFL,3,136,2,14,3,0,5,0,70,7
2019,20.0,2019-08-03,Doulton,Langlands,St Kilda,WR,1,59,2,13,3,1,3,1,46,5
2019,20.0,2019-08-04,Michael,Rischitelli,Gold Coast,C,0,257,2,7,1,0,2,0,100,12
2019,20.0,2019-08-04,Scott,Pendlebury,Collingwood,C,4,244,4,26,1,2,3,0,83,20
2019,20.0,2019-08-04,Travis,Varcoe,Collingwood,INT,5,152,1,7,1,0,2,0,83,10
2019,20.0,2019-08-04,Jarrod,Harbrow,Gold Coast,BPR,0,203,3,5,3,0,1,0,89,16
2019,20.0,2019-08-04,Chris,Mayne,Collingwood,HBFR,2,40,3,16,0,0,2,0,88,15
2019,20.0,2019-08-04,Pearce,Hanley,Gold Coast,WL,0,43,3,16,4,0,5,0,77,10
2019,20.0,2019-08-04,Levi,Greenwood,Collingwood,INT,2,165,5,3,1,0,2,0,85,11
2019,20.0,2019-08-04,Steele,Sidebottom,Collingwood,FPR,11,235,2,26,4,0,8,2,74,20
2019,20.0,2019-08-04,Jordan,Roughead,Collingwood,FB,1,168,6,4,4,0,1,0,69,9
2019,20.0,2019-08-04,David,Swallow,Gold Coast,RR,2,130,4,28,5,3,7,0,70,14
2019,20.0,2019-08-04,Sam,Day,Gold Coast,CHF,2,278,3,7,4,0,3,0,64,9
2019,20.0,2019-08-04,Jeremy,Howe,Collingwood,BPR,2,356,8,1,2,0,3,0,81,17
2019,20.0,2019-08-04,Will,Hoskin-Elliott,Collingwood,HFFR,9,292,2,15,3,0,2,1,77,13
2019,20.0,2019-08-04,Adam,Treloar,Collingwood,RR,13,551,3,13,2,6,8,0,91,32
2019,20.0,2019-08-04,Anthony,Miles,Gold Coast,INT,2,415,1,30,6,0,4,3,63,15
2019,20.0,2019-08-04,Jack,Crisp,Collingwood,HBFL,8,466,7,9,6,0,4,0,66,19
2019,20.0,2019-08-04,Taylor,Adams,Collingwood,R,12,188,0,22,1,1,4,1,83,19
2019,20.0,2019-08-04,Alex,Sexton,Gold Coast,HFFL,5,335,3,24,3,0,3,0,70,7
2019,20.0,2019-08-04,Jamie,Elliott,Collingwood,FPL,7,252,1,15,1,0,3,0,67,8
2019,20.0,2019-08-04,Josh,Thomas,Collingwood,INT,8,134,0,11,2,0,3,0,73,11
2019,20.0,2019-08-04,Jarrod,Witts,Gold Coast,RK,1,95,3,13,2,1,2,1,73,11
2019,20.0,2019-08-04,Brodie,Grundy,Collingwood,RK,11,399,2,11,4,2,7,0,58,15
2019,20.0,2019-08-04,Sean,Lemmens,Gold Coast,FPL,1,183,0,14,4,2,4,0,31,4
2019,20.0,2019-08-04,Jack,Martin,Gold Coast,HBFL,1,82,3,15,2,0,2,0,88,7
2019,20.0,2019-08-04,Touk,Miller,Gold Coast,HFFR,1,174,4,21,2,0,9,2,85,22
2019,20.0,2019-08-04,Peter,Wright,Gold Coast,INT,0,105,0,14,3,0,0,2,50,3
2019,20.0,2019-08-04,Brayden,Maynard,Collingwood,BPL,3,297,5,8,8,0,4,0,65,13
2019,20.0,2019-08-04,Matthew,Scharenberg,Collingwood,CHB,1,140,6,9,2,0,5,0,95,19
2019,20.0,2019-08-04,Lachie,Weller,Gold Coast,HBFR,2,435,2,15,5,0,4,1,80,16
2019,20.0,2019-08-04,Mason,Cox,Collingwood,CHF,3,55,0,2,0,0,1,0,75,3
2019,20.0,2019-08-04,Darcy,Macpherson,Gold Coast,R,1,218,0,26,3,0,0,1,80,12
2019,20.0,2019-08-04,Tom,Phillips,Collingwood,WL,4,563,2,8,5,0,6,0,76,19
2019,20.0,2019-08-04,Rupert,Wills,Collingwood,INT,4,167,1,20,1,4,8,0,91,21
2019,20.0,2019-08-04,Brayden,Fiorini,Gold Coast,INT,1,206,1,14,1,1,6,0,74,17
2019,20.0,2019-08-04,Ben,Ainsworth,Gold Coast,FPR,2,120,2,15,1,0,4,1,71,10
2019,20.0,2019-08-04,Jack,Bowes,Gold Coast,WR,3,112,2,10,1,1,5,0,79,11
2019,20.0,2019-08-04,Callum L.,Brown,Collingwood,HFFL,9,161,1,17,1,0,2,0,79,11
2019,20.0,2019-08-04,Josh,Daicos,Collingwood,WR,4,360,1,9,10,1,3,1,73,16
2019,20.0,2019-08-04,Charlie,Ballard,Gold Coast,FB,0,396,11,4,4,0,3,0,86,19
2019,20.0,2019-08-04,Brody,Mihocek,Collingwood,FF,7,174,1,12,2,0,3,2,79,11
2019,20.0,2019-08-04,Jacob,Dawson,Gold Coast,BPL,0,164,5,7,1,0,3,0,86,19
2019,20.0,2019-08-04,Chris,Burgess,Gold Coast,CHB,0,33,4,6,2,0,4,0,73,8
2019,20.0,2019-08-04,Jack,Lukosius,Gold Coast,INT,1,449,5,14,4,0,6,0,76,16
2019,20.0,2019-08-04,Ben,King,Gold Coast,FF,5,112,1,12,0,0,1,0,80,4
2019,20.0,2019-08-04,Kade,Simpson,Carlton,HBFR,1,417,10,7,7,0,5,1,80,20
2019,20.0,2019-08-04,Marc,Murphy,Carlton,RR,7,478,2,17,4,1,4,0,80,20
2019,20.0,2019-08-04,Shannon,Hurn,West Coast,BPL,2,474,8,1,5,0,2,0,86,18
2019,20.0,2019-08-04,Josh J.,Kennedy,West Coast,FF,4,87,0,10,0,0,2,2,20,1
2019,20.0,2019-08-04,Will,Schofield,West Coast,BPR,2,205,3,7,2,0,2,0,88,7
2019,20.0,2019-08-04,Chris,Masten,West Coast,WL,5,207,3,7,1,0,1,0,90,17
2019,20.0,2019-08-04,Jack,Redden,West Coast,INT,4,206,2,29,3,2,6,1,76,16
2019,20.0,2019-08-04,Lewis,Jetta,West Coast,HBFL,3,369,2,5,1,0,2,0,93,13
2019,20.0,2019-08-04,Luke,Shuey,West Coast,C,9,378,3,21,8,2,5,1,67,18
2019,20.0,2019-08-04,Brad,Sheppard,West Coast,HBFR,4,359,7,17,3,0,1,0,91,20
2019,20.0,2019-08-04,Ed,Curnow,Carlton,R,5,125,2,14,2,1,5,1,72,13
2019,20.0,2019-08-04,Jack,Darling,West Coast,CHF,7,166,0,5,2,0,2,1,77,10
2019,20.0,2019-08-04,Andrew,Gaff,West Coast,R,5,500,1,13,5,0,4,0,71,20
2019,20.0,2019-08-04,Tom,Hickey,West Coast,RK,3,197,3,6,3,4,4,0,95,18
2019,20.0,2019-08-04,Andrew,Phillips,Carlton,RK,4,309,6,11,2,3,4,0,73,8
2019,20.0,2019-08-04,Elliot,Yeo,West Coast,RR,4,311,2,25,4,4,7,3,60,15
2019,20.0,2019-08-04,Levi,Casboult,Carlton,CHF,2,185,1,6,4,1,4,1,50,6
2019,20.0,2019-08-04,Lachie,Plowman,Carlton,CHB,2,183,5,9,0,0,2,0,90,9
2019,20.0,2019-08-04,Dom,Sheed,West Coast,WR,4,390,2,12,8,1,7,0,67,12
2019,20.0,2019-08-04,Patrick,Cripps,Carlton,C,2,210,0,12,6,3,7,1,63,15
2019,20.0,2019-08-04,Jeremy,McGovern,West Coast,CHB,3,384,11,6,2,0,3,0,94,17
2019,20.0,2019-08-04,Darcy,Lang,Carlton,INT,3,82,1,18,2,0,2,0,60,3
2019,20.0,2019-08-04,Jackson,Nelson,West Coast,INT,2,282,6,9,2,0,6,0,85,11
2019,20.0,2019-08-04,Hugh,Goddard,Carlton,BPL,0,44,3,7,1,0,2,0,44,4
2019,20.0,2019-08-04,Tom,Barrass,West Coast,FB,2,258,8,5,1,0,0,0,92,11
2019,20.0,2019-08-04,Jacob,Weitering,Carlton,FB,2,277,6,5,2,0,2,0,80,12
2019,20.0,2019-08-04,Matthew,Kennedy,Carlton,FPR,4,6,1,7,0,1,3,0,71,5
2019,20.0,2019-08-04,Jack,Silvagni,Carlton,HFFR,4,357,1,15,8,0,5,1,67,12
2019,20.0,2019-08-04,Sam,Petrevski-Seton,Carlton,HBFL,4,276,8,12,1,0,6,0,96,21
2019,20.0,2019-08-04,Nic,Newman,Carlton,BPR,4,493,7,15,1,0,5,0,88,21
2019,20.0,2019-08-04,Zac,Fisher,Carlton,FPL,1,233,0,15,5,0,3,0,82,9
2019,20.0,2019-08-04,Josh,Deluca,Carlton,INT,3,112,2,13,2,0,8,2,64,7
2019,20.0,2019-08-04,Will,Setterfield,Carlton,WR,4,320,1,12,4,0,4,0,79,15
2019,20.0,2019-08-04,Harry,McKay,Carlton,FF,7,318,1,4,3,0,4,0,83,15
2019,20.0,2019-08-04,Liam,Ryan,West Coast,FPL,6,418,4,12,5,0,6,0,63,10
2019,20.0,2019-08-04,Jake,Waterman,West Coast,FPR,7,202,2,7,3,0,2,0,93,13
2019,20.0,2019-08-04,Willie,Rioli,West Coast,HFFR,6,109,1,14,1,0,3,0,90,9
2019,20.0,2019-08-04,Lochie,O'Brien,Carlton,INT,2,485,0,11,5,0,1,0,72,13
2019,20.0,2019-08-04,Jack,Petruccelle,West Coast,HFFL,5,250,0,9,2,0,3,0,80,12
2019,20.0,2019-08-04,Oscar,Allen,West Coast,INT,8,169,3,10,0,1,3,0,87,13
2019,20.0,2019-08-04,Michael,Gibbons,Carlton,HFFL,5,302,1,7,4,0,6,0,67,10
2019,20.0,2019-08-04,Sam,Walsh,Carlton,WL,4,341,3,9,4,0,7,0,77,24
2019,20.0,2019-08-04,Jarrod,Cameron,West Coast,INT,5,211,1,16,2,1,2,0,75,6
2019,20.0,2019-08-04,Angus,Schumacher,Carlton,INT,2,226,2,10,5,0,2,0,77,10
2019,20.0,2019-08-04,Luke,Hodge,Brisbane Lions,BPL,4,294,1,6,2,0,1,0,100,14
2019,20.0,2019-08-04,Stefan,Martin,Brisbane Lions,INT,8,142,3,7,1,1,5,0,57,12
2019,20.0,2019-08-04,Mitch,Robinson,Brisbane Lions,WR,10,652,4,22,5,1,4,0,67,16
2019,20.0,2019-08-04,Matthew,Suckling,Western Bulldogs,INT,6,322,4,9,5,0,3,0,72,13
2019,20.0,2019-08-04,Daniel,Rich,Brisbane Lions,HBFR,1,442,4,16,3,0,4,0,82,14
2019,20.0,2019-08-04,Easton,Wood,Western Bulldogs,HBFR,0,315,5,7,7,0,2,0,50,6
2019,20.0,2019-08-04,Jackson,Trengove,Western Bulldogs,FB,2,24,8,7,4,0,5,0,64,7
2019,20.0,2019-08-04,Tom,Liberatore,Western Bulldogs,C,7,156,0,14,3,1,4,1,61,11
2019,20.0,2019-08-04,Allen,Christensen,Brisbane Lions,INT,8,333,2,11,3,0,8,4,69,11
2019,20.0,2019-08-04,Tory,Dickson,Western Bulldogs,FPR,3,49,2,8,1,0,6,1,60,6
2019,20.0,2019-08-04,Lachie,Neale,Brisbane Lions,RR,8,387,2,29,2,2,8,1,70,14
2019,20.0,2019-08-04,Jarryd,Lyons,Brisbane Lions,R,2,220,3,32,4,2,7,1,63,10
2019,20.0,2019-08-04,Dayne,Zorko,Brisbane Lions,C,5,267,2,16,2,1,4,2,82,9
2019,20.0,2019-08-04,Lincoln,McCarthy,Brisbane Lions,WL,2,77,2,13,4,0,5,1,33,3
2019,20.0,2019-08-04,Hayden,Crozier,Western Bulldogs,BPR,0,119,10,7,3,0,3,0,78,14
2019,20.0,2019-08-04,Jason,Johannisen,Western Bulldogs,WR,5,458,5,9,4,0,4,0,70,14
2019,20.0,2019-08-04,Jack,Macrae,Western Bulldogs,R,9,574,5,15,6,7,14,1,71,32
2019,20.0,2019-08-04,Lachie,Hunter,Western Bulldogs,WL,5,399,0,11,5,0,1,1,72,13
2019,20.0,2019-08-04,Sam,Lloyd,Western Bulldogs,HFFR,5,190,2,10,1,0,2,2,67,8
2019,20.0,2019-08-04,Darcy,Gardiner,Brisbane Lions,CHB,2,322,8,11,5,0,4,0,79,11
2019,20.0,2019-08-04,Marcus,Bontempelli,Western Bulldogs,FF,12,716,3,16,4,1,11,3,77,27
2019,20.0,2019-08-04,Charlie,Cameron,Brisbane Lions,HFFL,11,379,2,11,4,0,1,2,92,12
2019,20.0,2019-08-04,Daniel,McStay,Brisbane Lions,FF,3,127,1,6,2,0,3,1,82,9
2019,20.0,2019-08-04,Harris,Andrews,Brisbane Lions,FB,2,185,11,7,4,0,8,0,50,6
2019,20.0,2019-08-04,Bailey,Dale,Western Bulldogs,HFFL,7,149,1,14,2,0,3,2,80,8
2019,20.0,2019-08-04,Toby,McLean,Western Bulldogs,INT,4,92,0,10,3,0,4,2,79,11
2019,20.0,2019-08-04,Caleb,Daniel,Western Bulldogs,HBFL,4,464,4,11,7,0,4,0,68,15
2019,20.0,2019-08-04,Zaine,Cordy,Western Bulldogs,CHB,0,55,3,4,2,0,1,0,71,5
2019,20.0,2019-08-04,Marcus,Adams,Brisbane Lions,BPR,0,58,4,8,1,0,4,0,83,5
2019,20.0,2019-08-04,Josh,Dunkley,Western Bulldogs,RR,10,405,6,25,7,2,13,0,68,21
2019,20.0,2019-08-04,Josh,Schache,Western Bulldogs,FPL,4,211,0,11,4,1,3,2,79,11
2019,20.0,2019-08-04,Eric,Hipwood,Brisbane Lions,CHF,8,245,0,6,0,0,1,0,73,11
2019,20.0,2019-08-04,Jarrod,Berry,Brisbane Lions,FPR,6,431,8,17,7,2,9,0,68,17
2019,20.0,2019-08-04,Hugh,McCluggage,Brisbane Lions,HFFR,4,211,3,16,1,0,7,1,81,13
2019,20.0,2019-08-04,Tim,English,Western Bulldogs,RK,4,69,3,16,0,0,3,0,83,10
2019,20.0,2019-08-04,Alex,Witherden,Brisbane Lions,INT,3,145,7,11,7,0,5,0,69,11
2019,20.0,2019-08-04,Patrick,Lipinski,Western Bulldogs,INT,6,288,2,18,3,1,6,1,68,13
2019,20.0,2019-08-04,Cam,Rayner,Brisbane Lions,RK,5,151,0,18,2,0,2,2,50,4
2019,20.0,2019-08-04,Aaron,Naughton,Western Bulldogs,CHF,11,220,2,3,2,0,2,0,79,11
2019,20.0,2019-08-04,Ed,Richards,Western Bulldogs,BPL,5,173,0,17,0,0,1,3,63,5
2019,20.0,2019-08-04,Zac,Bailey,Brisbane Lions,INT,3,50,3,15,2,1,6,0,80,8
2019,20.0,2019-08-04,Oscar,McInerney,Brisbane Lions,FPL,2,123,2,14,1,0,4,2,67,6
2019,20.0,2019-08-04,Bailey,Smith,Western Bulldogs,INT,9,313,0,10,6,1,4,0,70,19
2019,20.0,2019-08-04,Noah,Answerth,Brisbane Lions,HBFL,3,333,7,9,3,0,7,0,72,13
2019,21.0,2019-08-09,Shaun,Burgoyne,Hawthorn,INT,3,293,8,8,3,0,2,0,71,10
2019,21.0,2019-08-09,Brett,Deledio,Greater Western Sydney,CHF,1,153,0,14,0,0,2,0,67,6
2019,21.0,2019-08-09,Heath,Shaw,Greater Western Sydney,BPR,1,567,9,14,7,0,6,0,65,15
2019,21.0,2019-08-09,James,Frawley,Hawthorn,FB,2,401,7,4,3,0,3,0,88,14
2019,21.0,2019-08-09,Shane,Mumford,Greater Western Sydney,RK,3,67,0,6,5,2,5,0,90,9
2019,21.0,2019-08-09,Sam J.,Reid,Greater Western Sydney,FPR,0,73,7,27,1,1,6,0,67,8
2019,21.0,2019-08-09,Liam,Shiels,Hawthorn,RR,3,540,4,29,5,3,7,0,70,21
2019,21.0,2019-08-09,Tom,Scully,Hawthorn,WR,5,260,4,12,4,0,5,0,62,8
2019,21.0,2019-08-09,Ben,Stratton,Hawthorn,CHB,1,85,3,5,1,0,1,0,80,4
2019,21.0,2019-08-09,Dawson,Simpson,Greater Western Sydney,HFFL,1,72,2,20,0,0,2,0,82,9
2019,21.0,2019-08-09,Phil,Davis,Greater Western Sydney,HBFR,0,110,10,11,2,0,7,0,81,13
2019,21.0,2019-08-09,Ricky,Henderson,Hawthorn,WL,5,433,6,8,3,0,6,0,71,17
2019,21.0,2019-08-09,Paul,Puopolo,Hawthorn,HFFL,4,161,2,23,4,0,3,0,77,10
2019,21.0,2019-08-09,Isaac,Smith,Hawthorn,HFFR,5,761,5,17,8,0,7,1,75,21
2019,21.0,2019-08-09,Luke,Breust,Hawthorn,FPL,7,211,3,14,5,0,5,0,58,11
2019,21.0,2019-08-09,Lachlan,Keeffe,Greater Western Sydney,FB,0,123,5,8,1,0,2,0,78,7
2019,21.0,2019-08-09,Jeremy,Cameron,Greater Western Sydney,FF,1,93,2,19,3,0,3,2,71,5
2019,21.0,2019-08-09,Toby,Greene,Greater Western Sydney,RR,3,709,9,19,12,2,13,1,58,22
2019,21.0,2019-08-09,Adam,Kennedy,Greater Western Sydney,INT,2,301,6,23,4,0,5,1,67,10
2019,21.0,2019-08-09,Adam,Tomlinson,Greater Western Sydney,INT,0,286,2,23,6,0,3,0,46,6
2019,21.0,2019-08-09,Chad,Wingard,Hawthorn,INT,6,551,0,21,9,0,2,0,63,17
2019,21.0,2019-08-09,Nick,Haynes,Greater Western Sydney,CHB,0,436,8,9,6,0,4,0,81,17
2019,21.0,2019-08-09,Lachie,Whitfield,Greater Western Sydney,WL,1,532,4,14,7,1,7,0,62,18
2019,21.0,2019-08-09,Jaeger,O'Meara,Hawthorn,C,3,358,2,23,6,1,7,1,28,5
2019,21.0,2019-08-09,Zac,Williams,Greater Western Sydney,BPL,1,628,5,18,8,0,10,2,58,15
2019,21.0,2019-08-09,Jonathon,Ceglar,Hawthorn,RK,1,103,1,9,3,1,5,0,69,11
2019,21.0,2019-08-09,Tim,O'Brien,Hawthorn,CHF,6,107,0,6,4,0,2,0,75,6
2019,21.0,2019-08-09,James,Sicily,Hawthorn,BPR,4,647,16,9,5,0,9,0,79,26
2019,21.0,2019-08-09,Daniel,Howe,Hawthorn,HBFR,3,201,9,11,5,0,5,0,67,8
2019,21.0,2019-08-09,Blake,Hardwick,Hawthorn,HBFL,3,99,9,7,1,1,4,0,69,11
2019,21.0,2019-08-09,Tim,Taranto,Greater Western Sydney,R,3,433,3,26,7,3,3,1,40,10
2019,21.0,2019-08-09,Harry,Perryman,Greater Western Sydney,INT,0,356,13,18,7,0,9,0,65,17
2019,21.0,2019-08-09,James,Cousins,Hawthorn,INT,3,391,1,16,5,1,3,1,74,14
2019,21.0,2019-08-09,James,Worpel,Hawthorn,R,7,576,4,15,9,2,11,2,48,15
2019,21.0,2019-08-09,Mitch,Lewis,Hawthorn,FF,5,101,2,8,3,0,4,0,83,10
2019,21.0,2019-08-09,Brent,Daniels,Greater Western Sydney,HFFR,2,193,1,24,3,0,5,0,71,10
2019,21.0,2019-08-09,Aiden,Bonar,Greater Western Sydney,HBFL,0,122,0,18,2,1,2,1,86,6
2019,21.0,2019-08-09,Conor,Nash,Hawthorn,INT,5,3,0,18,3,0,4,0,81,13
2019,21.0,2019-08-09,Jackson,Hately,Greater Western Sydney,WR,2,166,1,17,3,0,1,1,64,7
2019,21.0,2019-08-09,Jake,Stein,Greater Western Sydney,FPL,0,86,4,12,4,0,0,0,57,4
2019,21.0,2019-08-09,Oliver,Hanrahan,Hawthorn,FPR,2,265,2,12,4,0,7,0,56,9
2019,21.0,2019-08-09,Bobby,Hill,Greater Western Sydney,INT,2,120,3,13,0,0,3,1,50,3
2019,21.0,2019-08-09,Jye,Caldwell,Greater Western Sydney,C,1,228,1,19,3,0,3,1,77,10
2019,21.0,2019-08-09,Changkuoth,Jiath,Hawthorn,BPL,1,90,4,11,2,0,4,0,82,9
2019,21.0,2019-08-10,Jordan,Lewis,Melbourne,INT,5,295,1,15,2,0,1,0,80,12
2019,21.0,2019-08-10,Scott,Pendlebury,Collingwood,C,8,278,6,25,1,0,9,1,91,21
2019,21.0,2019-08-10,Nathan,Jones,Melbourne,WL,4,251,2,12,2,0,4,0,80,16
2019,21.0,2019-08-10,Travis,Varcoe,Collingwood,INT,4,230,0,10,3,0,2,1,70,7
2019,21.0,2019-08-10,Chris,Mayne,Collingwood,INT,1,159,6,4,0,0,3,0,94,17
2019,21.0,2019-08-10,Levi,Greenwood,Collingwood,BPL,1,46,4,9,1,0,2,0,83,10
2019,21.0,2019-08-10,Steele,Sidebottom,Collingwood,FPR,8,492,4,17,2,1,4,0,57,16
2019,21.0,2019-08-10,Jake,Melksham,Melbourne,FF,4,259,0,14,6,0,1,0,42,5
2019,21.0,2019-08-10,Jordan,Roughead,Collingwood,FF,3,70,0,8,1,0,4,1,73,8
2019,21.0,2019-08-10,Michael,Hibberd,Melbourne,INT,2,219,7,4,5,0,5,0,71,12
2019,21.0,2019-08-10,Steven,May,Melbourne,FB,2,176,3,6,1,0,3,0,86,12
2019,21.0,2019-08-10,Max,Gawn,Melbourne,RK,6,162,2,10,2,0,2,1,62,8
2019,21.0,2019-08-10,Jeremy,Howe,Collingwood,BPR,4,438,9,3,3,0,6,0,91,20
2019,21.0,2019-08-10,Will,Hoskin-Elliott,Collingwood,HFFR,2,129,0,26,2,0,4,2,62,8
2019,21.0,2019-08-10,Adam,Treloar,Collingwood,RR,6,181,2,22,5,1,13,1,65,20
2019,21.0,2019-08-10,Jack,Crisp,Collingwood,HBFL,4,401,6,17,6,0,6,0,37,7
2019,21.0,2019-08-10,Taylor,Adams,Collingwood,R,4,323,4,21,2,0,4,2,70,16
2019,21.0,2019-08-10,Jamie,Elliott,Collingwood,FPL,5,195,1,14,1,0,0,2,36,4
2019,21.0,2019-08-10,Sam,Frost,Melbourne,CHB,0,162,2,11,0,0,2,0,100,9
2019,21.0,2019-08-10,Jack,Viney,Melbourne,RR,1,135,0,22,3,1,7,1,72,13
2019,21.0,2019-08-10,Josh,Thomas,Collingwood,INT,5,190,1,16,2,0,7,1,72,13
2019,21.0,2019-08-10,Brodie,Grundy,Collingwood,RK,6,223,1,14,2,1,6,1,38,6
2019,21.0,2019-08-10,Jay,Kennedy Harris,Melbourne,HBFR,3,224,1,10,3,0,4,0,75,15
2019,21.0,2019-08-10,Christian,Salem,Melbourne,BPL,4,260,5,16,6,0,3,0,76,19
2019,21.0,2019-08-10,Angus,Brayshaw,Melbourne,HBFL,4,391,1,23,6,0,3,1,65,17
2019,21.0,2019-08-10,Jake,Lever,Melbourne,BPR,5,246,11,7,1,0,6,0,73,11
2019,21.0,2019-08-10,Brayden,Maynard,Collingwood,HBFR,1,279,4,10,3,0,4,0,85,17
2019,21.0,2019-08-10,James,Harmes,Melbourne,INT,10,375,1,19,2,4,5,2,81,21
2019,21.0,2019-08-10,Matthew,Scharenberg,Collingwood,FB,5,268,3,5,4,0,1,0,77,10
2019,21.0,2019-08-10,Oscar,McDonald,Melbourne,WR,2,126,1,9,3,0,2,0,70,7
2019,21.0,2019-08-10,Clayton,Oliver,Melbourne,R,6,222,4,33,6,3,10,1,72,21
2019,21.0,2019-08-10,Jayden,Hunt,Melbourne,HFFL,2,132,1,18,1,0,2,1,88,7
2019,21.0,2019-08-10,Christian,Petracca,Melbourne,FPR,10,491,2,21,7,0,6,0,55,11
2019,21.0,2019-08-10,Tom,Phillips,Collingwood,WL,1,522,2,10,6,1,4,0,63,15
2019,21.0,2019-08-10,Corey,Wagner,Melbourne,HFFR,6,104,6,24,2,0,5,2,69,9
2019,21.0,2019-08-10,Rupert,Wills,Collingwood,INT,4,71,2,24,2,0,6,0,75,12
2019,21.0,2019-08-10,Callum L.,Brown,Collingwood,HFFL,3,239,2,21,3,0,7,2,67,14
2019,21.0,2019-08-10,Josh,Daicos,Collingwood,WR,4,56,2,7,3,1,3,0,80,12
2019,21.0,2019-08-10,Bayley,Fritsch,Melbourne,CHF,8,261,0,9,2,0,2,1,47,7
2019,21.0,2019-08-10,Brody,Mihocek,Collingwood,CHF,8,268,0,12,0,0,2,4,92,11
2019,21.0,2019-08-10,Harrison,Petty,Melbourne,FPL,2,78,1,10,2,0,1,0,71,5
2019,21.0,2019-08-10,Jack,Madgen,Collingwood,CHB,3,183,4,7,1,0,2,0,79,11
2019,21.0,2019-08-10,Oskar,Baker,Melbourne,C,3,178,1,9,0,0,1,0,63,5
2019,21.0,2019-08-10,Kyle,Dunkley,Melbourne,INT,3,218,1,15,1,0,2,0,69,9
2019,21.0,2019-08-10,Paddy,Ryder,Port Adelaide,RK,5,275,0,15,7,3,3,0,50,6
2019,21.0,2019-08-10,Robbie,Gray,Port Adelaide,FF,4,246,3,12,6,4,7,1,68,15
2019,21.0,2019-08-10,Justin,Westhoff,Port Adelaide,BPR,3,225,7,10,4,0,3,0,69,9
2019,21.0,2019-08-10,Travis,Boak,Port Adelaide,R,6,186,2,21,2,0,4,1,39,5
2019,21.0,2019-08-10,Josh P.,Kennedy,Sydney,INT,7,240,2,17,3,1,15,0,54,13
2019,21.0,2019-08-10,Hamish,Hartlett,Port Adelaide,HBFL,1,363,8,8,4,1,5,0,61,11
2019,21.0,2019-08-10,Matthew,Broadbent,Port Adelaide,INT,2,479,10,8,4,0,5,0,68,13
2019,21.0,2019-08-10,Tom,Rockliff,Port Adelaide,RR,4,191,0,21,2,0,8,3,63,12
2019,21.0,2019-08-10,Daniel,Menzel,Sydney,INT,6,325,1,7,3,0,0,1,36,4
2019,21.0,2019-08-10,Sam,Reid,Sydney,CHF,4,218,3,8,2,0,5,2,63,10
2019,21.0,2019-08-10,Charlie,Dixon,Port Adelaide,FPL,5,219,2,9,3,0,2,1,75,9
2019,21.0,2019-08-10,Luke,Parker,Sydney,RR,4,82,1,24,2,0,4,0,58,7
2019,21.0,2019-08-10,Tom,Jonas,Port Adelaide,BPL,4,464,7,4,2,0,5,0,92,22
2019,21.0,2019-08-10,Cam,Sutcliffe,Port Adelaide,INT,3,154,0,15,2,0,1,2,67,4
2019,21.0,2019-08-10,Dane,Rampe,Sydney,FB,4,322,7,11,0,0,7,0,90,18
2019,21.0,2019-08-10,Ollie,Wines,Port Adelaide,INT,7,298,0,16,2,2,3,1,68,15
2019,21.0,2019-08-10,Tom,Clurey,Port Adelaide,FB,2,265,10,5,3,0,5,0,83,15
2019,21.0,2019-08-10,Sam,Gray,Port Adelaide,HFFR,5,113,2,13,2,0,5,3,54,7
2019,21.0,2019-08-10,Jake,Lloyd,Sydney,HBFR,6,417,4,9,7,0,5,0,73,22
2019,21.0,2019-08-10,Zak,Jones,Sydney,WR,6,253,1,15,4,0,5,0,71,12
2019,21.0,2019-08-10,Isaac,Heeney,Sydney,HFFR,11,461,1,20,4,0,7,2,75,15
2019,21.0,2019-08-10,Karl,Amon,Port Adelaide,WL,5,370,5,12,4,0,6,1,82,18
2019,21.0,2019-08-10,George,Hewett,Sydney,C,5,75,7,20,5,1,12,0,65,11
2019,21.0,2019-08-10,Callum,Mills,Sydney,BPR,2,205,6,9,4,0,5,0,57,8
2019,21.0,2019-08-10,Tom,Papley,Sydney,FPL,7,230,1,15,3,0,6,0,58,7
2019,21.0,2019-08-10,Darcy,Byrne-Jones,Port Adelaide,CHB,6,562,8,6,7,0,2,1,79,22
2019,21.0,2019-08-10,Aliir,Aliir,Sydney,CHB,4,371,7,8,6,0,9,0,77,13
2019,21.0,2019-08-10,Ryan,Clarke,Sydney,HBFL,7,340,6,12,3,0,8,0,64,14
2019,21.0,2019-08-10,Riley,Bonner,Port Adelaide,HBFR,3,327,3,7,1,0,2,0,84,16
2019,21.0,2019-08-10,Oliver,Florent,Sydney,HFFL,6,640,3,12,10,3,8,0,52,15
2019,21.0,2019-08-10,Dan,Houston,Port Adelaide,C,5,285,4,19,3,2,3,1,71,12
2019,21.0,2019-08-10,Sam,Powell-Pepper,Port Adelaide,CHF,4,311,1,13,5,2,5,2,75,15
2019,21.0,2019-08-10,Robbie,Fox,Sydney,INT,3,62,2,11,3,0,3,0,70,7
2019,21.0,2019-08-10,Jordan,Dawson,Sydney,WL,5,413,8,14,8,0,6,0,72,13
2019,21.0,2019-08-10,Todd,Marshall,Port Adelaide,FPR,7,296,2,14,2,0,2,6,73,8
2019,21.0,2019-08-10,Ben,Ronke,Sydney,FPR,5,234,1,8,2,0,4,0,75,9
2019,21.0,2019-08-10,Tom,McCartin,Sydney,BPL,1,104,4,7,1,0,2,0,75,6
2019,21.0,2019-08-10,Xavier,Duursma,Port Adelaide,WR,4,233,3,9,3,0,4,0,74,14
2019,21.0,2019-08-10,Connor,Rozee,Port Adelaide,HFFL,6,313,2,17,3,0,8,3,80,16
2019,21.0,2019-08-10,Nick,Blakey,Sydney,FF,2,337,9,9,6,0,9,0,55,11
2019,21.0,2019-08-10,James,Rowbottom,Sydney,R,4,108,0,16,1,0,1,0,67,8
2019,21.0,2019-08-10,Peter,Ladhams,Port Adelaide,INT,6,320,2,8,4,2,5,0,70,16
2019,21.0,2019-08-10,Hayden,McLean,Sydney,RK,0,81,1,13,1,0,2,0,80,4
2019,21.0,2019-08-10,James,Bell,Sydney,INT,2,150,0,7,3,0,1,1,67,4
2019,21.0,2019-08-10,Luke,Hodge,Brisbane Lions,BPL,2,136,3,8,1,0,1,0,100,10
2019,21.0,2019-08-10,Michael,Rischitelli,Gold Coast,FPR,3,126,0,10,3,0,2,0,44,4
2019,21.0,2019-08-10,Jarrod,Harbrow,Gold Coast,BPR,1,153,2,8,3,0,2,0,67,6
2019,21.0,2019-08-10,Stefan,Martin,Brisbane Lions,RK,7,96,0,9,2,0,6,2,63,10
2019,21.0,2019-08-10,Pearce,Hanley,Gold Coast,WL,2,461,0,14,3,0,4,0,77,13
2019,21.0,2019-08-10,Mitch,Robinson,Brisbane Lions,WR,8,669,4,8,3,2,9,0,71,20
2019,21.0,2019-08-10,Daniel,Rich,Brisbane Lions,HBFR,5,517,7,15,2,0,3,0,77,17
2019,21.0,2019-08-10,David,Swallow,Gold Coast,RR,4,498,8,22,11,2,9,1,59,16
2019,21.0,2019-08-10,Allen,Christensen,Brisbane Lions,INT,7,275,1,22,4,0,2,3,61,11
2019,21.0,2019-08-10,Sam,Day,Gold Coast,CHF,6,153,1,6,1,0,3,2,79,11
2019,21.0,2019-08-10,Lachie,Neale,Brisbane Lions,RR,4,155,1,20,2,0,6,1,71,15
2019,21.0,2019-08-10,Anthony,Miles,Gold Coast,INT,2,115,1,5,3,0,5,0,64,7
2019,21.0,2019-08-10,Jarryd,Lyons,Brisbane Lions,R,7,686,3,20,6,2,8,2,71,24
2019,21.0,2019-08-10,Dayne,Zorko,Brisbane Lions,C,7,648,3,31,6,0,8,2,76,19
2019,21.0,2019-08-10,Alex,Sexton,Gold Coast,HFFL,3,165,1,11,4,0,1,0,38,3
2019,21.0,2019-08-10,Lincoln,McCarthy,Brisbane Lions,WL,4,154,3,9,5,3,9,0,65,13
2019,21.0,2019-08-10,Jarrod,Witts,Gold Coast,RK,4,285,1,13,2,3,4,0,54,7
2019,21.0,2019-08-10,Sean,Lemmens,Gold Coast,FPL,1,142,1,13,4,3,4,2,60,6
2019,21.0,2019-08-10,Darcy,Gardiner,Brisbane Lions,CHB,5,146,5,10,0,0,2,0,92,11
2019,21.0,2019-08-10,Charlie,Cameron,Brisbane Lions,HFFL,7,224,0,10,3,0,3,2,80,8
2019,21.0,2019-08-10,Daniel,McStay,Brisbane Lions,FF,5,72,0,11,0,0,3,0,88,7
2019,21.0,2019-08-10,Touk,Miller,Gold Coast,HFFR,2,325,4,17,3,1,9,1,73,16
2019,21.0,2019-08-10,Harris,Andrews,Brisbane Lions,FB,1,193,5,5,2,0,0,0,87,13
2019,21.0,2019-08-10,Lachie,Weller,Gold Coast,HBFR,1,239,4,15,1,0,5,0,67,10
2019,21.0,2019-08-10,Marcus,Adams,Brisbane Lions,BPR,2,83,9,1,1,0,2,0,86,12
2019,21.0,2019-08-10,Darcy,Macpherson,Gold Coast,R,0,104,1,28,2,0,5,0,27,3
2019,21.0,2019-08-10,Eric,Hipwood,Brisbane Lions,CHF,3,168,1,8,2,0,2,2,73,8
2019,21.0,2019-08-10,Brayden,Fiorini,Gold Coast,WR,4,355,0,18,3,2,4,0,60,12
2019,21.0,2019-08-10,Ben,Ainsworth,Gold Coast,INT,5,188,4,17,2,0,5,2,60,9
2019,21.0,2019-08-10,Jack,Bowes,Gold Coast,C,1,361,4,24,3,2,4,0,76,16
2019,21.0,2019-08-10,Jarrod,Berry,Brisbane Lions,FPR,7,346,2,20,5,3,9,1,85,22
2019,21.0,2019-08-10,Hugh,McCluggage,Brisbane Lions,HFFR,7,146,3,9,3,1,10,1,52,12
2019,21.0,2019-08-10,Alex,Witherden,Brisbane Lions,INT,4,517,10,10,1,0,2,0,91,19
2019,21.0,2019-08-10,Cam,Rayner,Brisbane Lions,HBFL,4,220,1,14,2,1,2,0,54,7
2019,21.0,2019-08-10,Zac,Bailey,Brisbane Lions,INT,4,394,2,12,4,0,5,0,94,17
2019,21.0,2019-08-10,Oscar,McInerney,Brisbane Lions,INT,4,2,0,13,1,1,5,0,67,4
2019,21.0,2019-08-10,Charlie,Ballard,Gold Coast,HBFL,0,142,4,7,1,0,1,0,43,3
2019,21.0,2019-08-10,Jacob,Heron,Gold Coast,INT,1,170,1,15,4,0,1,0,63,5
2019,21.0,2019-08-10,Jacob,Dawson,Gold Coast,BPL,1,174,3,6,3,1,3,0,75,12
2019,21.0,2019-08-10,Chris,Burgess,Gold Coast,CHB,1,170,4,9,2,0,4,0,50,5
2019,21.0,2019-08-10,Jack,Lukosius,Gold Coast,INT,1,292,5,8,4,0,4,0,81,13
2019,21.0,2019-08-10,Noah,Answerth,Brisbane Lions,FPL,1,279,3,10,2,0,5,0,90,9
2019,21.0,2019-08-10,Ben,King,Gold Coast,FF,2,137,0,8,2,0,1,0,67,4
2019,21.0,2019-08-10,Caleb,Graham,Gold Coast,FB,2,63,8,4,1,0,6,0,75,9
2019,21.0,2019-08-10,David,Myers,Essendon,INT,2,218,0,11,3,2,1,2,82,9
2019,21.0,2019-08-10,Cale,Hooker,Essendon,FB,1,130,6,5,4,0,4,0,67,8
2019,21.0,2019-08-10,Matthew,Suckling,Western Bulldogs,BPL,8,393,6,7,2,0,6,0,96,21
2019,21.0,2019-08-10,David,Zaharakis,Essendon,FPL,2,186,5,15,2,0,6,0,69,9
2019,21.0,2019-08-10,Zac,Clarke,Essendon,RK,2,85,0,17,1,3,3,0,56,5
2019,21.0,2019-08-10,Shaun,McKernan,Essendon,CHF,3,154,0,7,3,1,2,0,50,6
2019,21.0,2019-08-10,Easton,Wood,Western Bulldogs,HBFR,5,231,5,6,0,0,2,0,100,10
2019,21.0,2019-08-10,Jackson,Trengove,Western Bulldogs,FB,2,59,7,1,1,0,3,0,75,9
2019,21.0,2019-08-10,Dyson,Heppell,Essendon,R,1,216,4,11,5,1,6,0,57,12
2019,21.0,2019-08-10,Mitch,Brown,Essendon,FF,2,240,1,8,5,0,2,1,60,6
2019,21.0,2019-08-10,Dylan,Shiel,Essendon,HFFL,5,317,1,27,4,1,4,1,57,13
2019,21.0,2019-08-10,Tory,Dickson,Western Bulldogs,FPR,6,151,2,9,6,0,4,2,55,6
2019,21.0,2019-08-10,Hayden,Crozier,Western Bulldogs,BPR,2,320,6,9,2,0,3,0,90,17
2019,21.0,2019-08-10,Mark,Baguley,Essendon,RR,3,103,0,23,2,0,3,0,90,9
2019,21.0,2019-08-10,Jason,Johannisen,Western Bulldogs,HBFL,8,345,4,6,0,0,4,0,95,20
2019,21.0,2019-08-10,Taylor,Duryea,Western Bulldogs,INT,7,301,5,10,6,0,4,0,77,17
2019,21.0,2019-08-10,Jack,Macrae,Western Bulldogs,R,10,615,4,21,6,2,10,1,71,27
2019,21.0,2019-08-10,Jake,Stringer,Essendon,FPR,2,221,1,20,4,2,4,0,43,3
2019,21.0,2019-08-10,Lachie,Hunter,Western Bulldogs,WL,10,672,8,14,3,0,8,0,77,26
2019,21.0,2019-08-10,Patrick,Ambrose,Essendon,CHB,0,203,7,7,3,0,2,0,82,9
2019,21.0,2019-08-10,Martin,Gleeson,Essendon,BPR,1,302,12,8,5,0,5,0,79,11
2019,21.0,2019-08-10,Zach,Merrett,Essendon,INT,3,655,6,39,11,4,3,0,79,26
2019,21.0,2019-08-10,Sam,Lloyd,Western Bulldogs,HFFR,7,280,2,3,2,0,4,0,62,8
2019,21.0,2019-08-10,Marcus,Bontempelli,Western Bulldogs,C,7,471,1,26,8,4,8,0,58,15
2019,21.0,2019-08-10,Orazio,Fantasia,Essendon,WR,2,99,0,13,2,0,3,0,63,5
2019,21.0,2019-08-10,Kyle,Langford,Essendon,C,6,302,2,16,2,2,9,0,75,18
2019,21.0,2019-08-10,Bailey,Dale,Western Bulldogs,HFFL,11,244,3,9,3,0,5,3,63,12
2019,21.0,2019-08-10,Toby,McLean,Western Bulldogs,INT,11,201,2,8,2,0,7,3,91,20
2019,21.0,2019-08-10,Zaine,Cordy,Western Bulldogs,CHB,3,69,2,7,0,0,1,0,75,6
2019,21.0,2019-08-10,Conor,McKenna,Essendon,HBFL,4,539,0,15,4,0,1,0,68,13
2019,21.0,2019-08-10,Anthony,McDonald-Tipungwuti,Essendon,HFFR,4,274,0,18,3,0,2,2,75,9
2019,21.0,2019-08-10,Josh,Dunkley,Western Bulldogs,RR,8,360,9,16,6,1,17,0,69,27
2019,21.0,2019-08-10,Josh,Schache,Western Bulldogs,CHF,6,204,0,15,3,0,3,0,85,11
2019,21.0,2019-08-10,Mason,Redman,Essendon,INT,2,333,9,19,3,0,5,0,88,14
2019,21.0,2019-08-10,Andrew,McGrath,Essendon,WL,1,227,4,23,5,0,8,0,57,12
2019,21.0,2019-08-10,Ben,McNiece,Essendon,HBFR,1,41,4,15,3,0,1,0,67,6
2019,21.0,2019-08-10,Tim,English,Western Bulldogs,RK,3,292,2,17,3,1,2,0,71,12
2019,21.0,2019-08-10,Josh,Begley,Essendon,INT,3,149,1,8,2,0,5,0,75,9
2019,21.0,2019-08-10,Patrick,Lipinski,Western Bulldogs,INT,10,304,3,16,4,0,7,0,82,22
2019,21.0,2019-08-10,Aaron,Naughton,Western Bulldogs,FF,6,211,1,6,1,0,2,1,64,9
2019,21.0,2019-08-10,Ed,Richards,Western Bulldogs,WR,5,221,3,9,0,0,3,0,62,8
2019,21.0,2019-08-10,Dylan,Clarke,Essendon,BPL,2,57,4,20,3,2,6,0,85,11
2019,21.0,2019-08-10,Bailey,Smith,Western Bulldogs,FPL,5,143,3,18,4,0,8,0,74,17
2019,21.0,2019-08-10,Will,Hayes,Western Bulldogs,INT,6,384,2,15,3,0,5,1,64,14
2019,21.0,2019-08-10,Gary,Ablett,Geelong,HFFL,5,620,1,18,12,2,4,0,74,17
2019,21.0,2019-08-10,Shaun,Higgins,North Melbourne,RR,2,392,3,26,4,2,4,1,59,13
2019,21.0,2019-08-10,Joel,Selwood,Geelong,RR,4,168,0,10,4,0,5,0,57,8
2019,21.0,2019-08-10,Tom,Hawkins,Geelong,FF,7,291,0,11,2,0,2,0,44,7
2019,21.0,2019-08-10,Scott,Thompson,North Melbourne,FB,0,242,8,3,2,0,1,0,69,11
2019,21.0,2019-08-10,Lachie,Henderson,Geelong,INT,3,339,8,4,4,0,2,2,85,11
2019,21.0,2019-08-10,Harry,Taylor,Geelong,BPR,0,124,4,3,3,0,4,0,63,5
2019,21.0,2019-08-10,Todd,Goldstein,North Melbourne,RK,2,106,2,10,3,0,2,0,70,7
2019,21.0,2019-08-10,Patrick,Dangerfield,Geelong,C,7,302,6,13,7,2,12,2,76,25
2019,21.0,2019-08-10,Jack,Ziebell,North Melbourne,C,3,418,6,10,10,0,5,1,58,14
2019,21.0,2019-08-10,Mitch,Duncan,Geelong,WL,3,384,3,9,4,0,6,0,63,17
2019,21.0,2019-08-10,Ben,Cunnington,North Melbourne,R,3,250,6,17,3,1,9,0,63,19
2019,21.0,2019-08-10,Robbie,Tarrant,North Melbourne,CHB,1,560,9,3,9,0,5,0,76,16
2019,21.0,2019-08-10,Jamie,Macmillan,North Melbourne,HBFL,1,348,10,17,4,0,5,0,83,20
2019,21.0,2019-08-10,Cameron,Guthrie,Geelong,WR,1,78,1,12,2,1,2,0,71,10
2019,21.0,2019-08-10,Jasper,Pittard,North Melbourne,BPR,1,133,8,6,2,0,2,0,75,9
2019,21.0,2019-08-10,Shaun,Atley,North Melbourne,INT,0,215,2,8,3,0,2,0,80,12
2019,21.0,2019-08-10,Jared,Polec,North Melbourne,WR,1,271,4,20,6,0,3,0,44,7
2019,21.0,2019-08-10,Zach,Tuohy,Geelong,HBFL,4,360,10,11,8,0,6,0,59,13
2019,21.0,2019-08-10,Luke,Dahlhaus,Geelong,FPL,3,235,3,12,2,0,6,1,75,12
2019,21.0,2019-08-10,Marley,Williams,North Melbourne,BPL,1,335,4,6,3,0,3,0,80,12
2019,21.0,2019-08-10,Jed,Anderson,North Melbourne,INT,2,264,1,16,2,0,5,3,64,9
2019,21.0,2019-08-10,Mark,Blicavs,Geelong,FB,3,224,6,9,0,0,6,0,85,11
2019,21.0,2019-08-10,Taylor,Garner,North Melbourne,INT,2,147,2,17,1,0,4,0,85,11
2019,21.0,2019-08-10,Jed,Bews,Geelong,HBFR,0,194,2,9,2,0,1,0,71,5
2019,21.0,2019-08-10,Ben,Brown,North Melbourne,FF,1,152,0,2,2,0,2,0,60,3
2019,21.0,2019-08-10,Kayne,Turner,North Melbourne,FPR,1,175,2,10,5,0,4,1,50,6
2019,21.0,2019-08-10,Mason,Wood,North Melbourne,HFFR,3,68,2,8,3,0,3,1,50,4
2019,21.0,2019-08-10,Trent,Dumont,North Melbourne,WL,1,207,2,24,3,0,3,0,69,11
2019,21.0,2019-08-10,Jake,Kolodjashnij,Geelong,CHB,1,121,4,1,4,0,4,0,73,8
2019,21.0,2019-08-10,Sam,Menegola,Geelong,HFFR,4,161,2,9,4,0,8,0,59,10
2019,21.0,2019-08-10,Jy,Simpkin,North Melbourne,HFFL,0,231,1,18,2,0,2,0,33,4
2019,21.0,2019-08-10,Brandan,Parfitt,Geelong,INT,5,324,2,10,4,0,8,1,75,15
2019,21.0,2019-08-10,Tom,Stewart,Geelong,BPL,2,499,10,4,3,0,3,0,100,19
2019,21.0,2019-08-10,Cameron,Zurhaar,North Melbourne,INT,2,96,0,3,5,0,3,1,25,2
2019,21.0,2019-08-10,Nick,Larkey,North Melbourne,CHF,2,121,2,7,2,0,1,1,71,5
2019,21.0,2019-08-10,Tim,Kelly,Geelong,R,5,392,0,27,4,1,5,3,67,16
2019,21.0,2019-08-10,Esava,Ratugolea,Geelong,RK,3,231,3,5,3,0,5,0,67,8
2019,21.0,2019-08-10,Jack,Henry,Geelong,CHF,4,204,11,8,5,0,5,0,71,10
2019,21.0,2019-08-10,Paul,Ahern,North Melbourne,HBFR,1,421,5,10,4,0,3,0,71,12
2019,21.0,2019-08-10,Quinton,Narkle,Geelong,INT,8,380,0,14,1,1,7,0,81,17
2019,21.0,2019-08-10,Tom,Atkins,Geelong,FPR,3,105,1,26,1,0,3,1,33,3
2019,21.0,2019-08-10,Gryan,Miers,Geelong,INT,7,373,2,21,3,0,4,1,71,12
2019,21.0,2019-08-10,Tarryn,Thomas,North Melbourne,FPL,0,69,3,24,1,1,6,0,92,11
2019,21.0,2019-08-11,Aaron,Sandilands,Fremantle,RK,4,117,1,11,3,1,3,1,67,8
2019,21.0,2019-08-11,David,Mundy,Fremantle,R,3,35,2,14,2,2,6,1,93,13
2019,21.0,2019-08-11,Michael,Walters,Fremantle,CHF,5,206,0,16,3,0,2,0,69,9
2019,21.0,2019-08-11,Dan,Hannebery,St Kilda,INT,6,322,1,18,2,0,5,2,87,20
2019,21.0,2019-08-11,Jack,Steven,St Kilda,INT,6,389,1,12,8,0,4,1,59,13
2019,21.0,2019-08-11,Shane,Savage,St Kilda,BPL,3,404,8,13,6,0,7,0,78,18
2019,21.0,2019-08-11,Nat,Fyfe,Fremantle,C,9,608,8,19,8,2,9,0,69,24
2019,21.0,2019-08-11,Jake,Carlisle,St Kilda,CHB,0,7,9,7,4,0,5,0,64,7
2019,21.0,2019-08-11,Reece,Conca,Fremantle,INT,3,169,3,11,1,1,5,0,47,7
2019,21.0,2019-08-11,Brandon,Matera,Fremantle,INT,6,197,1,7,1,0,1,0,100,9
2019,21.0,2019-08-11,Jack,Newnes,St Kilda,HBFL,7,477,4,5,3,0,4,0,57,12
2019,21.0,2019-08-11,Bradley,Hill,Fremantle,WL,5,488,3,9,7,0,6,0,63,17
2019,21.0,2019-08-11,Josh,Bruce,St Kilda,CHF,3,54,0,10,5,0,4,1,77,10
2019,21.0,2019-08-11,Sebastian,Ross,St Kilda,C,7,440,5,18,1,1,12,1,79,22
2019,21.0,2019-08-11,Jack,Billings,St Kilda,WL,6,413,2,9,5,3,6,0,70,19
2019,21.0,2019-08-11,Luke,Dunstan,St Kilda,INT,6,327,2,16,3,2,8,0,79,19
2019,21.0,2019-08-11,Blake,Acres,St Kilda,R,2,195,0,8,1,0,4,1,73,8
2019,21.0,2019-08-11,Tim,Membrey,St Kilda,FF,7,265,0,8,2,0,6,1,81,13
2019,21.0,2019-08-11,Jack,Lonie,St Kilda,FPL,6,303,3,11,2,0,4,1,73,11
2019,21.0,2019-08-11,Jack,Sinclair,St Kilda,RR,3,178,3,27,4,0,4,0,43,6
2019,21.0,2019-08-11,Joel,Hamling,Fremantle,FB,1,188,6,6,3,0,0,0,92,11
2019,21.0,2019-08-11,Jack,Steele,St Kilda,HFFR,2,129,4,33,4,0,4,0,47,8
2019,21.0,2019-08-11,Ed,Langdon,Fremantle,WR,7,459,5,13,2,0,6,0,86,24
2019,21.0,2019-08-11,Connor,Blakely,Fremantle,INT,3,490,5,8,8,1,4,0,61,14
2019,21.0,2019-08-11,Ethan,Hughes,Fremantle,HBFL,1,188,9,8,4,0,7,0,77,13
2019,21.0,2019-08-11,Darcy,Tucker,Fremantle,HFFR,2,318,2,17,5,3,6,0,65,15
2019,21.0,2019-08-11,Griffin,Logue,Fremantle,CHB,1,27,4,7,0,0,2,0,100,10
2019,21.0,2019-08-11,Ben,Long,St Kilda,FPR,7,303,2,7,6,0,6,1,72,13
2019,21.0,2019-08-11,Sean,Darcy,Fremantle,FF,5,140,1,8,1,1,5,0,73,8
2019,21.0,2019-08-11,Josh,Battle,St Kilda,WR,3,62,7,11,2,0,2,0,81,13
2019,21.0,2019-08-11,Rowan,Marshall,St Kilda,RK,3,215,5,7,2,1,4,0,60,12
2019,21.0,2019-08-11,Hunter,Clark,St Kilda,HBFR,5,261,8,7,3,0,7,0,77,20
2019,21.0,2019-08-11,Bailey,Banfield,Fremantle,FPL,2,110,1,17,4,0,5,0,46,5
2019,21.0,2019-08-11,Andrew,Brayshaw,Fremantle,INT,4,81,4,23,3,0,8,1,56,10
2019,21.0,2019-08-11,Adam,Cerra,Fremantle,RR,4,434,3,12,6,0,1,0,80,16
2019,21.0,2019-08-11,Mitch,Crowden,Fremantle,HFFL,5,54,4,12,1,0,6,2,92,11
2019,21.0,2019-08-11,Nick,Coffield,St Kilda,BPR,2,65,0,3,1,0,1,0,63,5
2019,21.0,2019-08-11,Taylin,Duman,Fremantle,BPL,2,229,4,8,4,0,1,0,58,7
2019,21.0,2019-08-11,Ben,Paton,St Kilda,FB,2,69,2,6,1,0,1,0,90,9
2019,21.0,2019-08-11,Sam,Switkowski,Fremantle,FPR,9,266,3,17,2,0,2,0,67,10
2019,21.0,2019-08-11,Callum,Wilkie,St Kilda,INT,4,268,7,13,4,0,3,0,94,16
2019,21.0,2019-08-11,Lachie,Schultz,Fremantle,BPR,3,132,2,19,2,0,4,1,44,4
2019,21.0,2019-08-11,Nick,Hind,St Kilda,HFFL,6,315,0,14,4,0,4,1,65,11
2019,21.0,2019-08-11,Jason,Carter,Fremantle,HBFR,0,160,2,5,3,0,0,0,56,5
2019,21.0,2019-08-11,Kade,Simpson,Carlton,HBFR,2,758,11,17,7,0,11,0,49,16
2019,21.0,2019-08-11,Marc,Murphy,Carlton,RR,2,272,5,16,5,0,9,0,59,17
2019,21.0,2019-08-11,Dale,Thomas,Carlton,INT,3,521,9,22,4,0,9,1,72,23
2019,21.0,2019-08-11,Shane,Edwards,Richmond,RR,4,363,7,22,4,3,5,0,74,20
2019,21.0,2019-08-11,Bachar,Houli,Richmond,HBFL,3,433,8,5,3,0,4,0,86,19
2019,21.0,2019-08-11,Jack,Riewoldt,Richmond,FF,4,92,1,17,3,0,2,1,50,3
2019,21.0,2019-08-11,Matthew,Kreuzer,Carlton,RK,3,225,1,10,4,1,3,0,50,4
2019,21.0,2019-08-11,David,Astbury,Richmond,BPL,2,211,8,1,6,0,5,0,83,10
2019,21.0,2019-08-11,Liam,Jones,Carlton,CHB,1,158,7,2,1,0,3,0,80,8
2019,21.0,2019-08-11,Dylan,Grimes,Richmond,BPR,0,79,4,14,0,0,0,0,83,5
2019,21.0,2019-08-11,Ed,Curnow,Carlton,R,4,402,11,18,6,1,19,3,53,18
2019,21.0,2019-08-11,Dion,Prestia,Richmond,C,9,672,3,24,9,4,10,0,63,22
2019,21.0,2019-08-11,Tom,Lynch,Richmond,FPR,6,222,1,17,5,0,3,4,40,4
2019,21.0,2019-08-11,Josh,Caddy,Richmond,WR,2,272,4,13,5,1,8,0,61,11
2019,21.0,2019-08-11,Brandon,Ellis,Richmond,WL,2,318,6,17,6,2,7,0,68,15
2019,21.0,2019-08-11,Levi,Casboult,Carlton,CHF,3,75,1,15,2,0,3,1,56,5
2019,21.0,2019-08-11,Lachie,Plowman,Carlton,BPL,0,115,11,9,3,0,6,0,59,10
2019,21.0,2019-08-11,Nick,Vlastuin,Richmond,CHB,2,370,11,7,3,0,5,0,77,13
2019,21.0,2019-08-11,Patrick,Cripps,Carlton,C,1,343,8,32,5,0,14,0,54,20
2019,21.0,2019-08-11,Darcy,Lang,Carlton,INT,0,-10,0,18,1,0,2,1,75,3
2019,21.0,2019-08-11,Kane,Lambert,Richmond,HFFR,9,316,4,13,4,0,9,2,80,20
2019,21.0,2019-08-11,Toby,Nankervis,Richmond,RK,3,154,2,18,5,1,2,0,53,8
2019,21.0,2019-08-11,Daniel,Rioli,Richmond,HFFL,3,171,2,12,4,0,2,1,80,8
2019,21.0,2019-08-11,Jacob,Weitering,Carlton,FB,0,225,6,8,4,0,1,0,67,6
2019,21.0,2019-08-11,Mitch,McGovern,Carlton,FPR,5,207,1,6,4,0,3,1,55,6
2019,21.0,2019-08-11,Jayden,Short,Richmond,HBFR,1,545,5,13,6,0,4,0,67,12
2019,21.0,2019-08-11,Jason,Castagna,Richmond,CHF,6,328,0,16,5,0,5,2,55,12
2019,21.0,2019-08-11,Nathan,Broad,Richmond,FB,2,311,6,10,4,0,6,0,68,13
2019,21.0,2019-08-11,Jack,Silvagni,Carlton,FPL,2,377,1,12,5,1,2,1,53,8
2019,21.0,2019-08-11,Mabior,Chol,Richmond,INT,2,17,0,17,2,0,4,1,75,3
2019,21.0,2019-08-11,Sam,Petrevski-Seton,Carlton,BPR,0,224,7,19,4,0,5,0,61,11
2019,21.0,2019-08-11,Nic,Newman,Carlton,HBFL,0,325,4,21,3,0,4,0,65,13
2019,21.0,2019-08-11,Zac,Fisher,Carlton,INT,0,91,3,13,6,0,5,0,40,4
2019,21.0,2019-08-11,Shai,Bolton,Richmond,INT,3,137,0,20,2,0,7,1,64,7
2019,21.0,2019-08-11,Josh,Deluca,Carlton,HFFL,3,79,3,22,5,0,6,1,64,9
2019,21.0,2019-08-11,Will,Setterfield,Carlton,WR,1,181,2,10,3,0,4,1,43,6
2019,21.0,2019-08-11,Harry,McKay,Carlton,FF,1,173,1,7,4,0,0,1,50,3
2019,21.0,2019-08-11,Jack,Graham,Richmond,INT,9,594,1,36,5,1,4,4,73,16
2019,21.0,2019-08-11,Lochie,O'Brien,Carlton,INT,1,154,1,3,3,0,1,0,38,3
2019,21.0,2019-08-11,Liam,Baker,Richmond,INT,3,325,10,13,6,0,7,0,73,16
2019,21.0,2019-08-11,Michael,Gibbons,Carlton,HFFR,4,340,0,19,3,1,4,0,56,5
2019,21.0,2019-08-11,Sam,Walsh,Carlton,WL,2,291,2,30,6,0,6,1,53,10
2019,21.0,2019-08-11,Sydney,Stack,Richmond,FPL,0,94,2,14,4,0,4,0,75,9
2019,21.0,2019-08-11,Jack,Ross,Richmond,R,2,390,4,20,4,1,8,0,62,13
2019,21.0,2019-08-11,Eddie,Betts,Adelaide,FPR,4,150,0,14,3,0,3,2,67,6
2019,21.0,2019-08-11,Shannon,Hurn,West Coast,BPL,4,475,2,7,2,0,2,0,74,14
2019,21.0,2019-08-11,Josh J.,Kennedy,West Coast,FF,3,66,0,6,2,0,5,1,33,2
2019,21.0,2019-08-11,Richard,Douglas,Adelaide,INT,1,177,3,21,4,0,2,0,71,10
2019,21.0,2019-08-11,Bryce,Gibbs,Adelaide,INT,3,347,3,12,3,2,4,0,72,18
2019,21.0,2019-08-11,Will,Schofield,West Coast,BPR,4,114,5,3,1,0,3,0,82,9
2019,21.0,2019-08-11,David,Mackay,Adelaide,WR,7,177,1,17,0,0,4,0,94,17
2019,21.0,2019-08-11,Andy,Otten,Adelaide,INT,1,272,4,10,3,1,4,0,75,12
2019,21.0,2019-08-11,Sam,Jacobs,Adelaide,RK,4,124,5,15,2,0,3,1,64,7
2019,21.0,2019-08-11,Taylor,Walker,Adelaide,CHF,4,241,0,7,4,0,3,0,75,9
2019,21.0,2019-08-11,Jack,Redden,West Coast,INT,4,185,1,29,3,2,7,0,74,17
2019,21.0,2019-08-11,Rory,Sloane,Adelaide,WL,5,231,3,12,4,0,4,0,82,14
2019,21.0,2019-08-11,Lewis,Jetta,West Coast,HBFL,2,253,0,10,2,0,0,0,90,9
2019,21.0,2019-08-11,Luke,Shuey,West Coast,R,3,294,4,25,8,4,13,0,62,18
2019,21.0,2019-08-11,Brad,Sheppard,West Coast,HBFR,5,219,0,14,4,1,1,0,80,12
2019,21.0,2019-08-11,Tom,Lynch,Adelaide,HFFR,6,274,0,9,1,0,3,0,86,12
2019,21.0,2019-08-11,Brodie,Smith,Adelaide,HBFL,4,353,6,11,2,0,7,0,71,12
2019,21.0,2019-08-11,Jack,Darling,West Coast,CHF,9,333,1,9,4,0,3,7,75,12
2019,21.0,2019-08-11,Andrew,Gaff,West Coast,WR,8,554,1,19,3,0,3,0,72,21
2019,21.0,2019-08-11,Jamie,Cripps,West Coast,WL,7,268,0,20,2,0,4,3,82,9
2019,21.0,2019-08-11,Daniel,Talia,Adelaide,FB,3,149,7,8,2,0,3,0,92,12
2019,21.0,2019-08-11,Tom,Hickey,West Coast,RK,4,118,7,13,2,0,6,0,87,13
2019,21.0,2019-08-11,Elliot,Yeo,West Coast,RR,2,319,6,26,6,4,12,0,65,17
2019,21.0,2019-08-11,Luke,Brown,Adelaide,BPL,6,433,4,10,3,0,4,0,78,14
2019,21.0,2019-08-11,Brad,Crouch,Adelaide,C,9,471,2,19,8,2,11,0,63,22
2019,21.0,2019-08-11,Rory,Laird,Adelaide,HBFR,3,280,3,11,4,0,2,0,85,23
2019,21.0,2019-08-11,Mark,Hutchings,West Coast,C,6,236,4,9,1,0,6,0,88,14
2019,21.0,2019-08-11,Kyle,Hartigan,Adelaide,CHB,0,91,3,7,2,0,3,0,78,7
2019,21.0,2019-08-11,Dom,Sheed,West Coast,HFFL,8,477,6,12,4,1,12,0,65,17
2019,21.0,2019-08-11,Matt,Crouch,Adelaide,RR,6,543,5,22,5,5,12,0,70,30
2019,21.0,2019-08-11,Jeremy,McGovern,West Coast,CHB,6,161,11,9,1,0,6,0,88,14
2019,21.0,2019-08-11,Jackson,Nelson,West Coast,INT,1,18,2,8,1,0,2,0,89,8
2019,21.0,2019-08-11,Jake,Kelly,Adelaide,BPR,2,161,4,10,4,0,3,0,88,15
2019,21.0,2019-08-11,Riley,Knight,Adelaide,R,3,198,3,15,3,0,6,0,87,13
2019,21.0,2019-08-11,Rory,Atkins,Adelaide,INT,6,314,2,11,2,1,5,0,72,13
2019,21.0,2019-08-11,Tom,Barrass,West Coast,FB,3,246,7,8,2,0,2,0,100,15
2019,21.0,2019-08-11,Wayne,Milera,Adelaide,HFFL,4,180,1,13,3,0,3,0,71,10
2019,21.0,2019-08-11,Darcy,Fogarty,Adelaide,FF,6,311,0,6,1,0,1,0,75,9
2019,21.0,2019-08-11,Lachlan,Murphy,Adelaide,FPL,3,177,0,8,2,0,3,2,82,9
2019,21.0,2019-08-11,Liam,Ryan,West Coast,HFFR,7,284,1,20,2,0,4,2,50,6
2019,21.0,2019-08-11,Jake,Waterman,West Coast,FPR,3,154,0,10,3,0,2,2,67,8
2019,21.0,2019-08-11,Willie,Rioli,West Coast,FPL,10,358,3,17,2,0,4,3,67,14
2019,21.0,2019-08-11,Jack,Petruccelle,West Coast,INT,2,308,2,12,4,0,4,0,50,6
2019,21.0,2019-08-11,Oscar,Allen,West Coast,INT,5,141,2,15,0,0,2,1,70,7
2019,22.0,2019-08-16,Jordan,Lewis,Melbourne,FPL,2,324,4,3,3,0,2,0,81,17
2019,22.0,2019-08-16,Nathan,Jones,Melbourne,HBFL,3,110,1,13,4,0,7,0,63,10
2019,22.0,2019-08-16,Kieren,Jack,Sydney,HFFR,1,126,4,13,1,0,3,0,80,8
2019,22.0,2019-08-16,Josh P.,Kennedy,Sydney,RR,3,113,2,22,6,0,10,0,76,16
2019,22.0,2019-08-16,Jake,Melksham,Melbourne,FF,10,350,2,11,2,0,1,0,47,7
2019,22.0,2019-08-16,Daniel,Menzel,Sydney,INT,4,274,1,12,4,0,2,1,44,4
2019,22.0,2019-08-16,Sam,Reid,Sydney,FF,5,268,2,8,3,1,2,3,79,11
2019,22.0,2019-08-16,Michael,Hibberd,Melbourne,INT,1,412,8,7,9,0,7,0,48,11
2019,22.0,2019-08-16,Luke,Parker,Sydney,INT,6,176,3,25,1,4,13,2,56,14
2019,22.0,2019-08-16,Max,Gawn,Melbourne,RK,2,296,1,6,4,0,0,0,50,6
2019,22.0,2019-08-16,Sam,Frost,Melbourne,FB,3,141,10,8,4,0,6,0,60,9
2019,22.0,2019-08-16,Dane,Rampe,Sydney,CHB,2,515,11,5,4,0,6,0,86,19
2019,22.0,2019-08-16,Jack,Viney,Melbourne,C,5,358,6,24,3,2,8,1,72,18
2019,22.0,2019-08-16,Jay,Kennedy Harris,Melbourne,WL,3,130,3,14,0,0,6,0,83,10
2019,22.0,2019-08-16,Jake,Lloyd,Sydney,WL,5,535,4,11,4,0,4,0,85,22
2019,22.0,2019-08-16,Christian,Salem,Melbourne,HBFR,2,196,5,7,1,0,7,0,59,10
2019,22.0,2019-08-16,Angus,Brayshaw,Melbourne,RR,4,458,8,27,4,1,10,1,50,12
2019,22.0,2019-08-16,Isaac,Heeney,Sydney,HFFL,6,338,1,20,5,0,4,0,58,7
2019,22.0,2019-08-16,Jake,Lever,Melbourne,BPR,1,238,6,6,3,0,4,0,86,12
2019,22.0,2019-08-16,Billy,Stretch,Melbourne,WR,3,185,1,15,1,0,3,3,88,14
2019,22.0,2019-08-16,Alex,Neal-Bullen,Melbourne,HFFL,6,235,2,28,3,0,3,5,64,7
2019,22.0,2019-08-16,James,Harmes,Melbourne,HFFR,2,127,2,20,3,2,2,2,70,14
2019,22.0,2019-08-16,Clayton,Oliver,Melbourne,R,6,413,4,20,8,4,12,2,57,17
2019,22.0,2019-08-16,George,Hewett,Sydney,C,3,151,3,23,5,2,9,0,67,14
2019,22.0,2019-08-16,Callum,Mills,Sydney,BPR,0,201,5,9,4,0,5,0,88,15
2019,22.0,2019-08-16,Tom,Papley,Sydney,R,4,228,1,21,1,0,1,4,71,5
2019,22.0,2019-08-16,Christian,Petracca,Melbourne,FPR,5,303,2,15,4,0,6,4,63,12
2019,22.0,2019-08-16,Aliir,Aliir,Sydney,RK,3,302,4,12,2,2,3,0,69,9
2019,22.0,2019-08-16,Corey,Wagner,Melbourne,INT,3,128,0,30,3,0,5,0,69,11
2019,22.0,2019-08-16,Ryan,Clarke,Sydney,INT,2,287,1,18,6,0,2,0,35,7
2019,22.0,2019-08-16,Oliver,Florent,Sydney,WR,4,349,5,16,5,1,11,1,68,19
2019,22.0,2019-08-16,Robbie,Fox,Sydney,BPL,2,492,4,12,8,0,4,0,72,13
2019,22.0,2019-08-16,Jordan,Dawson,Sydney,HBFR,5,226,5,13,4,0,7,1,73,11
2019,22.0,2019-08-16,Lewis,Melican,Sydney,FB,2,68,9,8,1,0,4,0,86,12
2019,22.0,2019-08-16,Bayley,Fritsch,Melbourne,CHF,6,162,1,12,3,0,3,1,67,6
2019,22.0,2019-08-16,Ben,Ronke,Sydney,FPL,1,103,0,11,3,0,5,0,20,2
2019,22.0,2019-08-16,Charlie,Spargo,Melbourne,BPL,2,158,4,11,4,0,5,0,67,10
2019,22.0,2019-08-16,Tom,McCartin,Sydney,CHF,3,202,2,15,2,0,5,0,60,6
2019,22.0,2019-08-16,Marty,Hore,Melbourne,CHB,1,230,4,3,6,0,2,0,50,6
2019,22.0,2019-08-16,Nick,Blakey,Sydney,FPR,6,266,3,10,2,0,2,0,77,13
2019,22.0,2019-08-16,James,Rowbottom,Sydney,INT,4,266,3,21,2,0,6,0,79,11
2019,22.0,2019-08-16,Kyle,Dunkley,Melbourne,INT,1,99,2,19,2,0,2,0,71,5
2019,22.0,2019-08-16,James,Bell,Sydney,HBFL,2,165,2,19,3,0,1,0,75,6
2019,22.0,2019-08-16,Kade,Chandler,Melbourne,INT,2,72,2,23,1,0,4,6,86,6
2019,22.0,2019-08-17,Kade,Simpson,Carlton,HBFR,4,595,7,10,2,0,4,0,76,16
2019,22.0,2019-08-17,Marc,Murphy,Carlton,WL,6,392,6,17,3,1,8,1,85,23
2019,22.0,2019-08-17,Dale,Thomas,Carlton,BPR,2,413,9,14,1,0,7,0,84,16
2019,22.0,2019-08-17,Nathan,Brown,St Kilda,FB,2,141,8,9,3,0,3,0,83,10
2019,22.0,2019-08-17,Matthew,Kreuzer,Carlton,RK,7,536,3,17,3,4,7,1,71,15
2019,22.0,2019-08-17,Dan,Hannebery,St Kilda,INT,6,258,2,17,2,3,6,0,71,17
2019,22.0,2019-08-17,Jack,Steven,St Kilda,INT,2,76,2,14,3,0,2,2,50,5
2019,22.0,2019-08-17,Shane,Savage,St Kilda,BPL,1,213,6,10,4,0,4,0,86,12
2019,22.0,2019-08-17,Jake,Carlisle,St Kilda,CHB,2,155,2,3,3,0,2,0,100,9
2019,22.0,2019-08-17,Ed,Curnow,Carlton,RR,7,373,5,20,4,2,17,1,52,13
2019,22.0,2019-08-17,Jack,Newnes,St Kilda,HBFL,2,267,3,17,4,0,3,1,69,9
2019,22.0,2019-08-17,Josh,Bruce,St Kilda,CHF,4,190,1,18,4,1,4,0,38,6
2019,22.0,2019-08-17,Levi,Casboult,Carlton,CHB,0,159,11,10,3,0,4,0,70,14
2019,22.0,2019-08-17,Sebastian,Ross,St Kilda,C,8,591,3,17,2,1,5,0,86,25
2019,22.0,2019-08-17,Lachie,Plowman,Carlton,FB,3,217,1,9,0,0,0,0,89,8
2019,22.0,2019-08-17,Jack,Billings,St Kilda,WL,9,545,2,15,4,0,3,0,81,21
2019,22.0,2019-08-17,Luke,Dunstan,St Kilda,INT,5,304,1,21,3,3,2,1,69,11
2019,22.0,2019-08-17,Patrick,Cripps,Carlton,C,4,157,4,21,5,2,11,1,73,16
2019,22.0,2019-08-17,Blake,Acres,St Kilda,R,1,407,2,23,5,1,4,0,81,17
2019,22.0,2019-08-17,Darcy,Lang,Carlton,FPL,3,207,1,20,2,0,0,1,63,5
2019,22.0,2019-08-17,Tim,Membrey,St Kilda,FF,6,269,3,5,4,0,1,0,67,10
2019,22.0,2019-08-17,Jack,Lonie,St Kilda,FPL,5,244,3,15,4,0,5,2,63,10
2019,22.0,2019-08-17,Jack,Sinclair,St Kilda,RR,8,181,2,20,1,0,8,0,89,16
2019,22.0,2019-08-17,Jack,Steele,St Kilda,HFFR,3,184,3,41,3,0,9,2,75,15
2019,22.0,2019-08-17,Mitch,McGovern,Carlton,FPR,5,289,1,7,5,0,2,0,58,7
2019,22.0,2019-08-17,Matthew,Kennedy,Carlton,FF,5,128,0,13,1,0,2,0,73,8
2019,22.0,2019-08-17,Jack,Silvagni,Carlton,HFFR,7,247,0,15,4,0,3,1,88,14
2019,22.0,2019-08-17,Sam,Petrevski-Seton,Carlton,HBFL,2,196,5,12,2,0,8,0,82,14
2019,22.0,2019-08-17,Nic,Newman,Carlton,BPL,2,432,11,14,3,0,4,0,91,19
2019,22.0,2019-08-17,Zac,Fisher,Carlton,HFFL,5,170,1,22,4,0,3,2,58,7
2019,22.0,2019-08-17,Ben,Long,St Kilda,FPR,7,195,0,9,3,0,2,1,89,8
2019,22.0,2019-08-17,Josh,Deluca,Carlton,INT,3,188,1,14,2,0,4,1,73,11
2019,22.0,2019-08-17,Josh,Battle,St Kilda,WR,0,203,8,15,4,0,5,0,69,11
2019,22.0,2019-08-17,Rowan,Marshall,St Kilda,RK,4,358,1,10,6,3,4,1,77,13
2019,22.0,2019-08-17,Will,Setterfield,Carlton,INT,0,132,2,8,2,0,1,0,100,8
2019,22.0,2019-08-17,Harry,McKay,Carlton,CHF,5,402,0,5,4,0,0,0,67,10
2019,22.0,2019-08-17,Paddy,Dow,Carlton,INT,5,308,2,18,4,1,5,2,58,11
2019,22.0,2019-08-17,Hunter,Clark,St Kilda,HBFR,4,364,7,9,6,1,3,0,76,16
2019,22.0,2019-08-17,Lochie,O'Brien,Carlton,WR,7,230,3,7,3,0,4,0,67,12
2019,22.0,2019-08-17,Ben,Paton,St Kilda,INT,2,135,1,7,0,0,2,0,82,9
2019,22.0,2019-08-17,Michael,Gibbons,Carlton,INT,2,393,2,10,7,0,1,0,41,7
2019,22.0,2019-08-17,Sam,Walsh,Carlton,R,3,140,2,31,2,0,6,0,72,13
2019,22.0,2019-08-17,Callum,Wilkie,St Kilda,BPR,1,362,5,18,6,0,4,0,81,13
2019,22.0,2019-08-17,Nick,Hind,St Kilda,HFFL,8,320,1,11,2,0,6,0,69,9
2019,22.0,2019-08-17,Gary,Ablett,Geelong,HFFL,5,404,1,18,7,1,11,1,48,12
2019,22.0,2019-08-17,Luke,Hodge,Brisbane Lions,BPL,2,205,4,10,3,0,2,0,73,11
2019,22.0,2019-08-17,Joel,Selwood,Geelong,RR,3,315,5,13,3,2,9,0,68,15
2019,22.0,2019-08-17,Tom,Hawkins,Geelong,FF,5,235,1,6,6,0,1,2,39,5
2019,22.0,2019-08-17,Lachie,Henderson,Geelong,HBFR,0,221,7,10,6,0,4,0,67,8
2019,22.0,2019-08-17,Harry,Taylor,Geelong,BPR,0,233,6,7,1,0,2,0,80,8
2019,22.0,2019-08-17,Stefan,Martin,Brisbane Lions,RK,4,111,2,3,1,3,6,0,38,6
2019,22.0,2019-08-17,Patrick,Dangerfield,Geelong,WR,11,557,7,17,6,3,17,0,69,25
2019,22.0,2019-08-17,Mitch,Robinson,Brisbane Lions,WR,1,533,5,13,5,0,5,0,68,17
2019,22.0,2019-08-17,Daniel,Rich,Brisbane Lions,HBFR,3,503,8,8,4,0,8,0,72,18
2019,22.0,2019-08-17,Mitch,Duncan,Geelong,WL,4,340,3,4,3,1,8,0,65,15
2019,22.0,2019-08-17,Cameron,Guthrie,Geelong,HFFR,4,140,2,28,1,1,7,1,82,9
2019,22.0,2019-08-17,Allen,Christensen,Brisbane Lions,INT,1,76,0,3,0,0,0,1,67,2
2019,22.0,2019-08-17,Zach,Tuohy,Geelong,HBFL,3,392,2,8,4,0,2,3,50,6
2019,22.0,2019-08-17,Luke,Dahlhaus,Geelong,FPL,4,173,3,28,1,0,1,3,100,11
2019,22.0,2019-08-17,Lachie,Neale,Brisbane Lions,RR,6,408,2,15,6,1,7,1,66,19
2019,22.0,2019-08-17,Jarryd,Lyons,Brisbane Lions,R,10,395,0,30,3,1,17,2,75,21
2019,22.0,2019-08-17,Dayne,Zorko,Brisbane Lions,C,7,453,4,25,6,0,5,0,74,17
2019,22.0,2019-08-17,Lincoln,McCarthy,Brisbane Lions,WL,2,36,1,18,4,1,4,4,78,7
2019,22.0,2019-08-17,Mark,Blicavs,Geelong,FB,1,217,4,22,3,1,5,0,70,7
2019,22.0,2019-08-17,Darcy,Gardiner,Brisbane Lions,CHB,2,303,7,11,4,0,4,0,72,13
2019,22.0,2019-08-17,Charlie,Cameron,Brisbane Lions,HFFL,8,207,0,8,4,0,5,1,65,11
2019,22.0,2019-08-17,Jed,Bews,Geelong,BPL,1,206,6,6,0,0,1,1,88,7
2019,22.0,2019-08-17,Daniel,McStay,Brisbane Lions,FF,1,14,1,10,2,0,3,1,88,7
2019,22.0,2019-08-17,Harris,Andrews,Brisbane Lions,FB,2,93,10,8,1,0,5,0,69,9
2019,22.0,2019-08-17,Jake,Kolodjashnij,Geelong,CHB,0,148,2,5,1,0,1,0,83,5
2019,22.0,2019-08-17,Marcus,Adams,Brisbane Lions,BPR,1,336,13,5,6,0,5,0,63,12
2019,22.0,2019-08-17,Eric,Hipwood,Brisbane Lions,CHF,4,221,0,7,5,0,3,1,40,4
2019,22.0,2019-08-17,Brandan,Parfitt,Geelong,INT,3,156,0,19,4,2,7,0,83,10
2019,22.0,2019-08-17,Tom,Stewart,Geelong,C,2,628,3,13,6,0,1,0,86,19
2019,22.0,2019-08-17,Jarrod,Berry,Brisbane Lions,FPR,6,259,1,23,2,2,4,2,92,12
2019,22.0,2019-08-17,Hugh,McCluggage,Brisbane Lions,HFFR,8,643,2,27,4,0,6,0,52,14
2019,22.0,2019-08-17,Mark,O'Connor,Geelong,INT,0,171,6,11,3,0,4,0,91,10
2019,22.0,2019-08-17,Alex,Witherden,Brisbane Lions,INT,1,500,2,11,5,0,2,0,93,14
2019,22.0,2019-08-17,Cam,Rayner,Brisbane Lions,HBFL,2,97,0,5,0,0,1,0,100,4
2019,22.0,2019-08-17,Tim,Kelly,Geelong,R,4,497,5,13,7,1,13,0,54,14
2019,22.0,2019-08-17,Esava,Ratugolea,Geelong,RK,5,165,1,5,1,0,1,0,80,4
2019,22.0,2019-08-17,Jack,Henry,Geelong,CHF,2,188,3,12,2,0,0,0,86,6
2019,22.0,2019-08-17,Zac,Bailey,Brisbane Lions,INT,4,197,3,14,4,0,3,2,54,7
2019,22.0,2019-08-17,Oscar,McInerney,Brisbane Lions,INT,1,47,1,4,1,0,4,0,57,4
2019,22.0,2019-08-17,Quinton,Narkle,Geelong,INT,2,144,1,8,3,1,3,0,71,10
2019,22.0,2019-08-17,Tom,Atkins,Geelong,FPR,6,222,3,23,2,0,5,1,73,11
2019,22.0,2019-08-17,Gryan,Miers,Geelong,INT,3,230,1,13,2,0,3,0,58,7
2019,22.0,2019-08-17,Noah,Answerth,Brisbane Lions,FPL,1,267,7,12,2,0,4,0,71,12
2019,22.0,2019-08-17,Eddie,Betts,Adelaide,FPR,3,151,3,20,4,2,6,0,73,11
2019,22.0,2019-08-17,Scott,Pendlebury,Collingwood,C,10,580,4,25,6,0,7,0,71,24
2019,22.0,2019-08-17,Richard,Douglas,Adelaide,FPL,4,238,1,23,4,0,3,2,67,10
2019,22.0,2019-08-17,Bryce,Gibbs,Adelaide,INT,1,224,4,12,3,0,0,1,67,8
2019,22.0,2019-08-17,Travis,Varcoe,Collingwood,FPR,7,210,1,11,0,0,5,2,83,10
2019,22.0,2019-08-17,David,Mackay,Adelaide,HBFR,2,250,4,14,3,0,2,0,67,10
2019,22.0,2019-08-17,Chris,Mayne,Collingwood,INT,6,241,2,15,4,0,4,0,71,17
2019,22.0,2019-08-17,Sam,Jacobs,Adelaide,RK,5,168,2,8,2,0,5,0,50,6
2019,22.0,2019-08-17,Taylor,Walker,Adelaide,CHF,5,196,0,6,1,0,3,0,78,7
2019,22.0,2019-08-17,Levi,Greenwood,Collingwood,BPL,6,194,7,7,5,0,5,0,72,13
2019,22.0,2019-08-17,Steele,Sidebottom,Collingwood,WR,8,206,4,11,3,0,6,0,86,18
2019,22.0,2019-08-17,Rory,Sloane,Adelaide,R,5,132,2,27,4,3,9,0,59,10
2019,22.0,2019-08-17,Jordan,Roughead,Collingwood,FF,4,81,2,7,2,1,3,1,64,7
2019,22.0,2019-08-17,Tom,Lynch,Adelaide,HFFR,4,60,3,18,2,0,3,1,67,6
2019,22.0,2019-08-17,Brodie,Smith,Adelaide,HFFL,3,571,6,16,8,1,8,0,66,19
2019,22.0,2019-08-17,Jeremy,Howe,Collingwood,BPR,4,305,9,5,2,0,2,0,91,21
2019,22.0,2019-08-17,Daniel,Talia,Adelaide,FB,1,286,6,5,3,0,0,0,78,14
2019,22.0,2019-08-17,Will,Hoskin-Elliott,Collingwood,HFFR,8,360,7,7,5,0,6,1,55,11
2019,22.0,2019-08-17,Paul,Seedsman,Adelaide,WL,8,680,6,17,6,1,5,1,83,25
2019,22.0,2019-08-17,Adam,Treloar,Collingwood,RR,8,302,3,18,0,3,10,1,74,20
2019,22.0,2019-08-17,Jack,Crisp,Collingwood,HBFL,7,388,5,16,6,0,4,0,76,22
2019,22.0,2019-08-17,Taylor,Adams,Collingwood,R,11,277,1,19,1,3,6,1,79,19
2019,22.0,2019-08-17,Jamie,Elliott,Collingwood,FPL,12,219,0,4,2,0,3,0,74,14
2019,22.0,2019-08-17,Luke,Brown,Adelaide,BPR,1,245,3,12,2,0,3,0,58,7
2019,22.0,2019-08-17,Josh,Thomas,Collingwood,HFFL,6,195,0,25,0,0,3,0,82,9
2019,22.0,2019-08-17,Brad,Crouch,Adelaide,C,6,281,6,21,4,1,5,1,67,16
2019,22.0,2019-08-17,Rory,Laird,Adelaide,BPL,2,119,7,8,4,0,7,0,78,18
2019,22.0,2019-08-17,Brodie,Grundy,Collingwood,RK,12,150,2,7,1,4,3,2,88,15
2019,22.0,2019-08-17,Kyle,Hartigan,Adelaide,CHB,1,46,7,6,2,0,2,0,79,11
2019,22.0,2019-08-17,Matt,Crouch,Adelaide,RR,3,312,3,20,8,1,9,0,54,13
2019,22.0,2019-08-17,Jake,Kelly,Adelaide,INT,0,110,2,3,2,0,2,0,83,10
2019,22.0,2019-08-17,Brayden,Maynard,Collingwood,HBFR,7,555,4,12,7,0,2,0,83,25
2019,22.0,2019-08-17,Matthew,Scharenberg,Collingwood,FB,3,180,7,1,2,0,4,0,93,14
2019,22.0,2019-08-17,Wayne,Milera,Adelaide,WR,0,228,1,7,4,0,1,0,75,9
2019,22.0,2019-08-17,Tom,Phillips,Collingwood,WL,7,478,1,7,5,0,1,0,71,15
2019,22.0,2019-08-17,Rupert,Wills,Collingwood,INT,6,95,3,23,1,1,4,1,80,16
2019,22.0,2019-08-17,Reilly,O'Brien,Adelaide,INT,2,56,1,5,0,0,2,0,56,5
2019,22.0,2019-08-17,Callum L.,Brown,Collingwood,INT,6,224,2,18,3,0,4,0,100,18
2019,22.0,2019-08-17,Darcy,Fogarty,Adelaide,FF,7,246,1,10,1,0,3,0,91,10
2019,22.0,2019-08-17,Lachlan,Murphy,Adelaide,HBFL,4,115,1,17,1,0,3,0,60,6
2019,22.0,2019-08-17,Brody,Mihocek,Collingwood,CHF,3,191,3,11,4,0,4,1,67,8
2019,22.0,2019-08-17,Jack,Madgen,Collingwood,CHB,1,163,4,8,3,0,1,0,78,7
2019,22.0,2019-08-17,Chayce,Jones,Adelaide,INT,3,266,1,23,5,2,3,0,62,8
2019,22.0,2019-08-17,John,Noble,Collingwood,INT,2,354,2,6,7,0,2,0,62,13
2019,22.0,2019-08-17,Paddy,Ryder,Port Adelaide,RK,4,132,1,16,2,2,5,0,50,4
2019,22.0,2019-08-17,Shaun,Higgins,North Melbourne,C,12,520,3,18,7,0,7,2,79,30
2019,22.0,2019-08-17,Robbie,Gray,Port Adelaide,FF,8,278,1,14,4,0,3,1,62,8
2019,22.0,2019-08-17,Justin,Westhoff,Port Adelaide,BPR,0,200,11,5,2,0,8,0,79,11
2019,22.0,2019-08-17,Travis,Boak,Port Adelaide,R,7,354,7,21,8,4,12,0,68,19
2019,22.0,2019-08-17,Scott,Thompson,North Melbourne,FB,2,496,9,6,7,0,4,0,75,18
2019,22.0,2019-08-17,Todd,Goldstein,North Melbourne,RK,17,413,4,6,3,6,15,1,88,30
2019,22.0,2019-08-17,Jack,Ziebell,North Melbourne,FPL,11,476,2,10,7,2,10,0,76,25
2019,22.0,2019-08-17,Hamish,Hartlett,Port Adelaide,HBFL,2,221,3,11,3,0,3,0,82,9
2019,22.0,2019-08-17,Matthew,Broadbent,Port Adelaide,INT,1,127,3,14,2,0,0,0,78,7
2019,22.0,2019-08-17,Tom,Rockliff,Port Adelaide,C,3,105,1,15,0,1,3,0,88,14
2019,22.0,2019-08-17,Ben,Cunnington,North Melbourne,R,11,45,5,11,4,7,15,1,84,31
2019,22.0,2019-08-17,Robbie,Tarrant,North Melbourne,CHB,1,125,4,6,4,0,3,0,60,6
2019,22.0,2019-08-17,Jamie,Macmillan,North Melbourne,HBFL,8,522,5,8,3,0,4,0,91,31
2019,22.0,2019-08-17,Jasper,Pittard,North Melbourne,BPR,7,430,10,7,4,0,5,0,90,26
2019,22.0,2019-08-17,Shaun,Atley,North Melbourne,HFFR,7,462,5,16,2,0,8,0,76,22
2019,22.0,2019-08-17,Charlie,Dixon,Port Adelaide,FPL,4,169,2,24,3,0,4,2,67,8
2019,22.0,2019-08-17,Jared,Polec,North Melbourne,WR,10,515,1,9,2,0,3,0,88,28
2019,22.0,2019-08-17,Tom,Jonas,Port Adelaide,BPL,2,472,5,5,5,0,3,0,93,14
2019,22.0,2019-08-17,Marley,Williams,North Melbourne,BPL,3,79,6,5,3,0,7,0,78,18
2019,22.0,2019-08-17,Ollie,Wines,Port Adelaide,INT,4,95,1,28,3,1,5,0,82,18
2019,22.0,2019-08-17,Jed,Anderson,North Melbourne,INT,6,114,3,10,0,0,4,0,88,14
2019,22.0,2019-08-17,Nathan,Hrovat,North Melbourne,INT,3,149,3,12,4,0,5,0,76,16
2019,22.0,2019-08-17,Taylor,Garner,North Melbourne,INT,6,165,1,8,2,0,6,0,81,13
2019,22.0,2019-08-17,Tom,Clurey,Port Adelaide,FB,2,328,8,10,8,0,4,0,71,10
2019,22.0,2019-08-17,Sam,Gray,Port Adelaide,HFFR,3,144,1,14,4,0,5,0,38,6
2019,22.0,2019-08-17,Ben,Brown,North Melbourne,FF,11,272,0,4,0,0,3,1,93,13
2019,22.0,2019-08-17,Kayne,Turner,North Melbourne,HFFL,4,233,3,12,4,1,3,1,71,12
2019,22.0,2019-08-17,Trent,Dumont,North Melbourne,INT,4,286,3,20,2,3,6,0,72,18
2019,22.0,2019-08-17,Karl,Amon,Port Adelaide,WL,4,349,3,32,3,0,2,0,56,9
2019,22.0,2019-08-17,Darcy,Byrne-Jones,Port Adelaide,CHB,0,16,0,14,3,1,1,0,60,3
2019,22.0,2019-08-17,Ryan,Burton,Port Adelaide,HBFR,1,531,5,22,6,0,2,0,88,14
2019,22.0,2019-08-17,Riley,Bonner,Port Adelaide,WR,2,239,1,10,2,0,2,0,91,10
2019,22.0,2019-08-17,Dan,Houston,Port Adelaide,RR,7,570,4,17,8,0,6,0,69,20
2019,22.0,2019-08-17,Sam,Powell-Pepper,Port Adelaide,CHF,3,262,2,18,2,1,2,0,75,12
2019,22.0,2019-08-17,Jy,Simpkin,North Melbourne,WL,11,346,6,16,2,1,10,1,85,28
2019,22.0,2019-08-17,Sam,Durdin,North Melbourne,HBFR,3,75,3,5,2,0,3,0,83,10
2019,22.0,2019-08-17,Cameron,Zurhaar,North Melbourne,FPR,7,362,0,10,4,0,2,0,67,10
2019,22.0,2019-08-17,Nick,Larkey,North Melbourne,CHF,8,162,0,9,0,0,1,1,100,11
2019,22.0,2019-08-17,Todd,Marshall,Port Adelaide,FPR,3,77,3,13,4,0,2,1,50,3
2019,22.0,2019-08-17,Zak,Butters,Port Adelaide,INT,3,55,1,21,0,0,2,1,83,5
2019,22.0,2019-08-17,Connor,Rozee,Port Adelaide,HFFL,5,150,1,22,3,0,6,1,77,13
2019,22.0,2019-08-17,Tarryn,Thomas,North Melbourne,RR,5,132,0,21,1,1,4,2,55,6
2019,22.0,2019-08-17,Peter,Ladhams,Port Adelaide,INT,2,-9,3,20,1,1,4,1,86,6
2019,22.0,2019-08-17,Aaron,Sandilands,Fremantle,RK,5,29,2,9,0,1,4,0,69,11
2019,22.0,2019-08-17,David,Mundy,Fremantle,R,9,292,1,12,3,0,8,1,70,21
2019,22.0,2019-08-17,Michael,Hurley,Essendon,BPL,4,216,10,5,2,0,0,0,84,16
2019,22.0,2019-08-17,David,Zaharakis,Essendon,WL,1,45,0,8,0,0,0,0,50,1
2019,22.0,2019-08-17,Michael,Walters,Fremantle,CHF,9,518,1,9,4,0,6,0,67,24
2019,22.0,2019-08-17,Hayden,Ballantyne,Fremantle,HFFR,4,230,0,18,2,1,2,2,62,8
2019,22.0,2019-08-17,Zac,Clarke,Essendon,RK,5,61,2,18,0,2,5,0,71,10
2019,22.0,2019-08-17,Shaun,McKernan,Essendon,CHF,3,235,2,7,3,0,4,0,67,10
2019,22.0,2019-08-17,Nat,Fyfe,Fremantle,RR,2,195,6,27,2,3,12,0,69,18
2019,22.0,2019-08-17,Reece,Conca,Fremantle,INT,4,346,4,9,3,0,4,0,71,15
2019,22.0,2019-08-17,Dyson,Heppell,Essendon,WR,3,232,3,21,3,2,9,1,71,15
2019,22.0,2019-08-17,Brandon,Matera,Fremantle,INT,2,120,4,13,4,0,8,1,57,8
2019,22.0,2019-08-17,Mitch,Brown,Essendon,FF,5,320,4,9,5,0,4,0,75,12
2019,22.0,2019-08-17,Dylan,Shiel,Essendon,RR,7,518,2,27,3,2,10,1,63,17
2019,22.0,2019-08-17,Bradley,Hill,Fremantle,WL,6,538,4,15,9,0,8,0,47,15
2019,22.0,2019-08-17,Jake,Stringer,Essendon,FPR,7,301,1,17,7,1,5,2,69,9
2019,22.0,2019-08-17,Patrick,Ambrose,Essendon,HFFR,2,94,3,21,3,0,4,1,71,5
2019,22.0,2019-08-17,Martin,Gleeson,Essendon,BPR,3,167,4,7,1,0,4,0,80,12
2019,22.0,2019-08-17,Zach,Merrett,Essendon,C,5,574,2,28,5,0,5,0,74,17
2019,22.0,2019-08-17,Orazio,Fantasia,Essendon,R,4,158,3,19,3,0,2,0,73,8
2019,22.0,2019-08-17,Cam,McCarthy,Fremantle,FPL,7,245,0,6,5,0,2,1,71,10
2019,22.0,2019-08-17,Adam,Saad,Essendon,CHB,4,505,6,7,3,1,5,0,89,24
2019,22.0,2019-08-17,Kyle,Langford,Essendon,INT,6,165,3,24,4,1,6,0,65,11
2019,22.0,2019-08-17,Joel,Hamling,Fremantle,FB,3,162,8,3,4,0,3,0,71,10
2019,22.0,2019-08-17,Conor,McKenna,Essendon,HBFL,4,510,4,15,7,0,4,0,79,19
2019,22.0,2019-08-17,Ed,Langdon,Fremantle,WR,6,852,3,11,7,1,6,0,73,27
2019,22.0,2019-08-17,Connor,Blakely,Fremantle,BPR,3,150,1,9,5,0,2,0,71,10
2019,22.0,2019-08-17,Ethan,Hughes,Fremantle,HBFL,2,97,11,6,4,0,6,0,82,18
2019,22.0,2019-08-17,Anthony,McDonald-Tipungwuti,Essendon,FPL,4,95,2,25,1,0,6,0,77,10
2019,22.0,2019-08-17,Darcy,Parish,Essendon,HFFL,6,88,4,20,1,0,8,0,91,20
2019,22.0,2019-08-17,Darcy,Tucker,Fremantle,C,3,115,3,24,4,1,5,1,67,10
2019,22.0,2019-08-17,Mason,Redman,Essendon,HBFR,3,407,3,19,5,0,2,0,83,15
2019,22.0,2019-08-17,Aaron,Francis,Essendon,INT,2,117,5,9,1,0,1,0,83,10
2019,22.0,2019-08-17,Andrew,McGrath,Essendon,INT,2,372,2,17,4,0,4,0,71,12
2019,22.0,2019-08-17,Griffin,Logue,Fremantle,CHB,3,214,3,6,0,0,2,0,90,9
2019,22.0,2019-08-17,Sean,Darcy,Fremantle,FF,5,44,0,13,1,1,7,1,69,11
2019,22.0,2019-08-17,Andrew,Brayshaw,Fremantle,INT,5,181,3,13,3,3,7,0,46,10
2019,22.0,2019-08-17,Adam,Cerra,Fremantle,HBFR,4,207,4,22,2,0,3,0,83,20
2019,22.0,2019-08-17,Mitch,Crowden,Fremantle,INT,4,163,2,17,2,0,4,2,77,13
2019,22.0,2019-08-17,Taylin,Duman,Fremantle,BPL,2,353,6,4,2,0,2,0,72,13
2019,22.0,2019-08-17,Sam,Switkowski,Fremantle,FPR,3,113,0,22,1,0,2,4,88,7
2019,22.0,2019-08-17,Lachie,Schultz,Fremantle,HFFL,3,77,2,13,4,0,8,1,50,6
2019,22.0,2019-08-17,Brayden,Ham,Essendon,INT,4,382,1,17,3,0,2,0,69,11
2019,22.0,2019-08-17,Brandon,Zerk-Thatcher,Essendon,FB,1,173,5,9,4,0,2,0,73,8
2019,22.0,2019-08-18,Shannon,Hurn,West Coast,HBFL,2,488,4,10,3,0,3,0,75,18
2019,22.0,2019-08-18,Josh J.,Kennedy,West Coast,FF,4,97,2,11,4,0,2,2,75,6
2019,22.0,2019-08-18,Shane,Edwards,Richmond,RR,6,715,2,15,7,5,10,0,52,15
2019,22.0,2019-08-18,Bachar,Houli,Richmond,HBFL,4,549,10,15,4,1,9,0,82,28
2019,22.0,2019-08-18,Jack,Riewoldt,Richmond,FPR,7,357,1,8,8,0,2,2,47,7
2019,22.0,2019-08-18,Jack,Redden,West Coast,INT,2,223,4,19,4,2,7,1,47,8
2019,22.0,2019-08-18,Dustin,Martin,Richmond,R,8,818,2,20,8,4,7,0,57,20
2019,22.0,2019-08-18,Lewis,Jetta,West Coast,HBFR,2,598,4,11,4,0,5,0,74,14
2019,22.0,2019-08-18,Luke,Shuey,West Coast,C,3,474,3,23,8,4,7,0,60,15
2019,22.0,2019-08-18,David,Astbury,Richmond,BPL,1,176,8,2,1,0,3,0,85,11
2019,22.0,2019-08-18,Brad,Sheppard,West Coast,BPL,2,334,9,13,5,0,5,0,67,14
2019,22.0,2019-08-18,Dylan,Grimes,Richmond,BPR,2,136,10,5,0,0,5,0,100,17
2019,22.0,2019-08-18,Jack,Darling,West Coast,CHF,5,63,0,7,5,0,2,1,67,6
2019,22.0,2019-08-18,Andrew,Gaff,West Coast,R,3,521,8,13,9,0,9,0,66,19
2019,22.0,2019-08-18,Dion,Prestia,Richmond,C,4,515,3,20,7,1,7,0,69,20
2019,22.0,2019-08-18,Jamie,Cripps,West Coast,FPL,5,301,3,14,5,1,2,0,69,9
2019,22.0,2019-08-18,Tom,Lynch,Richmond,FF,7,161,2,13,6,0,6,3,53,9
2019,22.0,2019-08-18,Tom,Hickey,West Coast,RK,1,213,0,11,4,1,2,0,27,3
2019,22.0,2019-08-18,Josh,Caddy,Richmond,WR,3,199,3,11,2,0,3,0,58,7
2019,22.0,2019-08-18,Brandon,Ellis,Richmond,WL,2,245,7,4,5,0,6,0,62,13
2019,22.0,2019-08-18,Elliot,Yeo,West Coast,RR,6,462,4,20,7,4,12,0,62,16
2019,22.0,2019-08-18,Nick,Vlastuin,Richmond,CHB,1,267,9,7,1,0,5,0,92,12
2019,22.0,2019-08-18,Mark,Hutchings,West Coast,FPR,2,35,0,0,0,0,0,0,100,3
2019,22.0,2019-08-18,Dom,Sheed,West Coast,WR,5,221,0,13,6,1,3,0,64,9
2019,22.0,2019-08-18,Jeremy,McGovern,West Coast,CHB,2,251,9,14,4,0,2,0,80,12
2019,22.0,2019-08-18,Jackson,Nelson,West Coast,BPR,0,221,4,14,4,0,4,0,79,11
2019,22.0,2019-08-18,Kane,Lambert,Richmond,HFFR,4,226,2,12,3,0,5,0,57,8
2019,22.0,2019-08-18,Tom,Barrass,West Coast,FB,1,66,9,7,4,0,5,0,71,10
2019,22.0,2019-08-18,Daniel,Rioli,Richmond,HFFL,2,158,0,13,3,0,2,0,91,10
2019,22.0,2019-08-18,Jayden,Short,Richmond,HBFR,2,368,1,8,3,0,1,0,73,11
2019,22.0,2019-08-18,Jason,Castagna,Richmond,INT,4,125,1,14,3,0,4,3,60,6
2019,22.0,2019-08-18,Nathan,Broad,Richmond,FB,3,148,7,10,1,0,2,0,60,6
2019,22.0,2019-08-18,Mabior,Chol,Richmond,INT,2,9,1,15,0,0,2,1,50,2
2019,22.0,2019-08-18,Ivan,Soldo,Richmond,RK,2,96,2,11,1,1,5,0,75,9
2019,22.0,2019-08-18,Shai,Bolton,Richmond,CHF,6,293,2,21,2,0,3,1,64,7
2019,22.0,2019-08-18,Jack,Graham,Richmond,FPL,2,254,0,13,3,0,4,0,36,4
2019,22.0,2019-08-18,Liam,Ryan,West Coast,HFFR,2,270,3,17,3,0,4,1,46,5
2019,22.0,2019-08-18,Jake,Waterman,West Coast,WL,3,183,0,6,1,1,2,0,63,5
2019,22.0,2019-08-18,Willie,Rioli,West Coast,HFFL,6,271,3,12,1,0,6,0,75,9
2019,22.0,2019-08-18,Jack,Petruccelle,West Coast,INT,3,96,1,26,1,0,2,1,83,5
2019,22.0,2019-08-18,Oscar,Allen,West Coast,INT,3,109,0,15,0,1,3,1,67,6
2019,22.0,2019-08-18,Liam,Baker,Richmond,INT,5,166,6,6,0,0,4,0,82,9
2019,22.0,2019-08-18,Josh,Rotham,West Coast,INT,2,95,3,8,0,0,1,0,100,13
2019,22.0,2019-08-18,Jack,Ross,Richmond,INT,2,229,3,10,4,1,4,0,46,5
2019,22.0,2019-08-18,Heath,Shaw,Greater Western Sydney,BPR,1,284,8,9,4,0,6,0,75,15
2019,22.0,2019-08-18,Sam J.,Reid,Greater Western Sydney,INT,2,179,4,16,7,0,4,0,64,9
2019,22.0,2019-08-18,Matthew,Suckling,Western Bulldogs,BPL,10,608,2,6,2,0,4,0,73,19
2019,22.0,2019-08-18,Matt,de Boer,Greater Western Sydney,HFFL,6,120,2,18,2,4,4,2,88,15
2019,22.0,2019-08-18,Easton,Wood,Western Bulldogs,HBFR,1,136,9,13,1,0,4,0,81,13
2019,22.0,2019-08-18,Jackson,Trengove,Western Bulldogs,FB,4,224,2,19,4,3,6,1,64,9
2019,22.0,2019-08-18,Dawson,Simpson,Greater Western Sydney,RK,5,-10,1,16,1,0,3,1,80,4
2019,22.0,2019-08-18,Phil,Davis,Greater Western Sydney,FB,1,200,10,8,5,0,4,0,60,12
2019,22.0,2019-08-18,Lachlan,Keeffe,Greater Western Sydney,HBFR,2,48,0,15,1,0,1,0,100,3
2019,22.0,2019-08-18,Toby,Greene,Greater Western Sydney,RR,10,412,1,16,4,0,8,1,54,13
2019,22.0,2019-08-18,Adam,Kennedy,Greater Western Sydney,INT,4,213,5,19,1,0,5,0,83,15
2019,22.0,2019-08-18,Adam,Tomlinson,Greater Western Sydney,INT,3,214,0,7,3,0,2,0,65,11
2019,22.0,2019-08-18,Tory,Dickson,Western Bulldogs,FPR,3,53,0,4,0,0,1,1,100,3
2019,22.0,2019-08-18,Nick,Haynes,Greater Western Sydney,CHB,1,443,11,4,3,0,6,0,81,21
2019,22.0,2019-08-18,Hayden,Crozier,Western Bulldogs,BPR,2,395,4,7,4,0,2,0,77,10
2019,22.0,2019-08-18,Jason,Johannisen,Western Bulldogs,HBFL,6,451,5,19,4,0,7,2,82,22
2019,22.0,2019-08-18,Lachie,Whitfield,Greater Western Sydney,WL,11,402,5,23,8,1,9,1,67,20
2019,22.0,2019-08-18,Taylor,Duryea,Western Bulldogs,INT,5,447,4,11,5,0,2,0,84,16
2019,22.0,2019-08-18,Jack,Macrae,Western Bulldogs,R,8,289,4,25,6,3,11,2,56,22
2019,22.0,2019-08-18,Zac,Williams,Greater Western Sydney,R,5,582,1,19,7,2,5,0,63,17
2019,22.0,2019-08-18,Aidan,Corr,Greater Western Sydney,FPR,0,225,2,6,2,0,2,0,83,10
2019,22.0,2019-08-18,Lachie,Hunter,Western Bulldogs,WL,8,515,7,12,4,1,6,0,88,22
2019,22.0,2019-08-18,Josh,Kelly,Greater Western Sydney,WR,4,225,4,29,5,1,14,0,56,14
2019,22.0,2019-08-18,Sam,Lloyd,Western Bulldogs,INT,11,338,2,9,2,0,5,0,74,14
2019,22.0,2019-08-18,Marcus,Bontempelli,Western Bulldogs,C,6,329,3,25,3,2,8,1,69,18
2019,22.0,2019-08-18,Bailey,Dale,Western Bulldogs,HFFL,5,249,0,14,5,0,1,3,50,5
2019,22.0,2019-08-18,Toby,McLean,Western Bulldogs,HFFR,4,67,1,12,1,0,5,2,79,11
2019,22.0,2019-08-18,Zaine,Cordy,Western Bulldogs,CHB,1,16,5,9,0,0,3,0,71,5
2019,22.0,2019-08-18,Josh,Dunkley,Western Bulldogs,RR,8,439,2,35,5,3,11,2,84,26
2019,22.0,2019-08-18,Josh,Schache,Western Bulldogs,CHF,4,96,0,17,2,0,3,0,71,5
2019,22.0,2019-08-18,Harry,Himmelberg,Greater Western Sydney,CHF,3,142,0,12,0,0,1,0,89,8
2019,22.0,2019-08-18,Tim,Taranto,Greater Western Sydney,C,7,365,5,23,5,3,11,2,61,17
2019,22.0,2019-08-18,Harry,Perryman,Greater Western Sydney,HBFL,3,223,3,29,2,0,5,0,73,11
2019,22.0,2019-08-18,Lewis,Young,Western Bulldogs,RK,4,372,12,6,3,0,6,0,71,12
2019,22.0,2019-08-18,Patrick,Lipinski,Western Bulldogs,INT,9,381,2,32,3,0,8,0,70,19
2019,22.0,2019-08-18,Aaron,Naughton,Western Bulldogs,FF,6,171,1,21,3,0,0,2,63,5
2019,22.0,2019-08-18,Ed,Richards,Western Bulldogs,WR,2,122,3,23,2,0,5,3,60,6
2019,22.0,2019-08-18,Brent,Daniels,Greater Western Sydney,HFFR,6,219,0,25,2,0,2,2,88,14
2019,22.0,2019-08-18,Bailey,Smith,Western Bulldogs,FPL,7,415,1,28,5,0,4,1,73,11
2019,22.0,2019-08-18,Will,Hayes,Western Bulldogs,INT,4,197,4,22,1,1,4,0,75,12
2019,22.0,2019-08-18,Jake,Stein,Greater Western Sydney,BPL,1,245,3,9,5,0,0,0,78,7
2019,22.0,2019-08-18,Bobby,Hill,Greater Western Sydney,FPL,5,164,0,22,0,0,1,1,88,7
2019,22.0,2019-08-18,Jye,Caldwell,Greater Western Sydney,INT,1,106,0,21,2,2,3,1,50,5
2019,22.0,2019-08-18,Zach,Sproule,Greater Western Sydney,FF,3,103,0,13,4,0,1,0,100,5
2019,22.0,2019-08-18,Shaun,Burgoyne,Hawthorn,INT,3,241,4,9,1,1,3,0,83,10
2019,22.0,2019-08-18,Michael,Rischitelli,Gold Coast,INT,1,64,5,13,0,0,4,0,89,8
2019,22.0,2019-08-18,Jarryd,Roughead,Hawthorn,FF,8,255,2,5,4,0,6,2,50,7
2019,22.0,2019-08-18,Jarrod,Harbrow,Gold Coast,BPR,3,528,4,15,4,1,6,0,78,25
2019,22.0,2019-08-18,James,Frawley,Hawthorn,FB,2,250,8,10,1,0,3,0,82,14
2019,22.0,2019-08-18,Ben,McEvoy,Hawthorn,FPR,5,147,8,3,1,0,3,0,100,13
2019,22.0,2019-08-18,Pearce,Hanley,Gold Coast,WL,4,558,7,9,9,0,6,0,65,22
2019,22.0,2019-08-18,Liam,Shiels,Hawthorn,RR,4,173,0,31,0,0,3,1,63,12
2019,22.0,2019-08-18,Tom,Scully,Hawthorn,WR,3,342,6,13,2,0,9,0,77,20
2019,22.0,2019-08-18,Ben,Stratton,Hawthorn,CHB,0,17,9,3,4,0,5,0,64,7
2019,22.0,2019-08-18,Ricky,Henderson,Hawthorn,WL,3,343,5,17,4,0,5,0,74,14
2019,22.0,2019-08-18,Jack,Gunston,Hawthorn,INT,4,385,2,15,2,0,5,1,62,13
2019,22.0,2019-08-18,David,Swallow,Gold Coast,RR,0,324,0,28,4,3,13,0,65,17
2019,22.0,2019-08-18,Paul,Puopolo,Hawthorn,HFFL,5,147,2,26,3,0,8,1,81,13
2019,22.0,2019-08-18,Isaac,Smith,Hawthorn,HFFR,5,589,1,12,4,0,4,0,83,20
2019,22.0,2019-08-18,Sam,Day,Gold Coast,CHF,2,39,0,9,1,0,2,1,71,5
2019,22.0,2019-08-18,Luke,Breust,Hawthorn,FPL,3,108,1,20,4,0,3,4,46,5
2019,22.0,2019-08-18,Chad,Wingard,Hawthorn,INT,7,469,2,30,5,3,6,0,68,15
2019,22.0,2019-08-18,George,Horlin-Smith,Gold Coast,HFFR,1,101,0,17,1,0,5,0,89,8
2019,22.0,2019-08-18,Alex,Sexton,Gold Coast,HFFL,3,332,2,10,6,0,2,2,33,4
2019,22.0,2019-08-18,Jordan,Murdoch,Gold Coast,WR,2,335,5,8,6,0,7,1,75,12
2019,22.0,2019-08-18,Jaeger,O'Meara,Hawthorn,C,6,447,1,16,6,1,2,0,63,15
2019,22.0,2019-08-18,Jarrod,Witts,Gold Coast,RK,3,100,4,8,4,2,5,1,75,9
2019,22.0,2019-08-18,Jonathon,Ceglar,Hawthorn,RK,1,185,2,13,3,1,3,0,67,10
2019,22.0,2019-08-18,Sean,Lemmens,Gold Coast,FPL,2,84,0,15,3,2,3,0,63,5
2019,22.0,2019-08-18,Tim,O'Brien,Hawthorn,CHF,6,217,1,12,1,0,4,2,50,6
2019,22.0,2019-08-18,Touk,Miller,Gold Coast,R,5,155,3,13,7,2,8,0,80,24
2019,22.0,2019-08-18,James,Sicily,Hawthorn,BPR,2,273,6,3,5,0,2,0,83,10
2019,22.0,2019-08-18,Lachie,Weller,Gold Coast,HBFR,2,417,4,12,5,2,7,0,79,23
2019,22.0,2019-08-18,Darcy,Macpherson,Gold Coast,FPR,5,247,2,20,6,0,4,1,70,16
2019,22.0,2019-08-18,Blake,Hardwick,Hawthorn,HBFL,6,598,8,5,8,0,5,0,61,14
2019,22.0,2019-08-18,Brayden,Fiorini,Gold Coast,INT,5,347,3,21,8,3,10,0,53,16
2019,22.0,2019-08-18,Ben,Ainsworth,Gold Coast,INT,3,144,2,17,2,0,3,0,61,11
2019,22.0,2019-08-18,Jack,Bowes,Gold Coast,C,1,77,4,18,3,0,7,0,67,8
2019,22.0,2019-08-18,James,Worpel,Hawthorn,R,7,343,7,22,3,2,13,0,74,25
2019,22.0,2019-08-18,Charlie,Ballard,Gold Coast,HBFL,1,36,7,14,1,0,2,0,92,12
2019,22.0,2019-08-18,Jacob,Dawson,Gold Coast,BPL,1,235,3,14,7,0,3,0,70,14
2019,22.0,2019-08-18,Conor,Nash,Hawthorn,HBFR,5,45,3,19,2,0,4,1,89,8
2019,22.0,2019-08-18,Chris,Burgess,Gold Coast,CHB,1,36,4,13,2,0,3,0,89,8
2019,22.0,2019-08-18,Jack,Lukosius,Gold Coast,INT,2,214,1,16,3,0,0,0,78,7
2019,22.0,2019-08-18,Ben,King,Gold Coast,FF,5,238,0,5,1,0,1,0,75,6
2019,22.0,2019-08-18,Oliver,Hanrahan,Hawthorn,INT,6,200,3,12,2,0,4,0,83,10
2019,22.0,2019-08-18,Changkuoth,Jiath,Hawthorn,BPL,2,92,6,11,1,0,4,0,83,15
2019,22.0,2019-08-18,Caleb,Graham,Gold Coast,FB,0,154,6,15,4,0,5,0,56,9
2019,23.0,2019-08-23,Scott,Pendlebury,Collingwood,WR,7,332,3,19,2,1,10,0,79,26
2019,23.0,2019-08-23,Travis,Varcoe,Collingwood,FPR,3,75,1,18,1,0,3,1,75,9
2019,23.0,2019-08-23,Chris,Mayne,Collingwood,INT,4,345,4,16,1,0,7,0,90,28
2019,23.0,2019-08-23,Tom,Bellchambers,Essendon,RK,1,27,2,12,1,0,4,0,75,9
2019,23.0,2019-08-23,Michael,Hurley,Essendon,CHB,1,124,4,1,3,0,2,0,58,7
2019,23.0,2019-08-23,Levi,Greenwood,Collingwood,BPL,2,112,6,8,2,0,4,0,88,14
2019,23.0,2019-08-23,Shaun,McKernan,Essendon,CHF,6,299,0,7,4,0,2,0,67,12
2019,23.0,2019-08-23,Jordan,Roughead,Collingwood,FF,4,256,1,8,4,0,2,1,60,9
2019,23.0,2019-08-23,Jeremy,Howe,Collingwood,BPR,0,205,2,6,3,0,1,0,69,9
2019,23.0,2019-08-23,Mitch,Brown,Essendon,FF,3,197,1,16,1,0,2,1,80,8
2019,23.0,2019-08-23,Will,Hoskin-Elliott,Collingwood,HFFR,7,232,1,16,1,0,1,0,64,9
2019,23.0,2019-08-23,Dylan,Shiel,Essendon,RR,5,492,1,32,6,3,5,0,63,15
2019,23.0,2019-08-23,Adam,Treloar,Collingwood,RR,6,550,1,14,7,2,5,0,69,24
2019,23.0,2019-08-23,Jack,Crisp,Collingwood,C,9,519,6,14,3,3,7,0,59,16
2019,23.0,2019-08-23,Taylor,Adams,Collingwood,R,10,390,7,20,3,1,7,0,84,26
2019,23.0,2019-08-23,Jamie,Elliott,Collingwood,FPL,9,394,0,20,4,0,5,1,56,10
2019,23.0,2019-08-23,Josh,Thomas,Collingwood,HFFL,7,115,0,24,5,0,3,0,73,11
2019,23.0,2019-08-23,Brodie,Grundy,Collingwood,RK,6,318,6,15,3,4,11,0,76,25
2019,23.0,2019-08-23,Patrick,Ambrose,Essendon,HFFR,4,85,3,14,3,0,4,2,73,11
2019,23.0,2019-08-23,Martin,Gleeson,Essendon,INT,3,221,7,10,4,0,5,0,72,13
2019,23.0,2019-08-23,Zach,Merrett,Essendon,C,4,398,2,37,7,1,8,0,46,12
2019,23.0,2019-08-23,Adam,Saad,Essendon,BPR,4,259,2,13,2,0,2,0,75,9
2019,23.0,2019-08-23,Kyle,Langford,Essendon,INT,4,218,1,20,2,0,6,0,69,11
2019,23.0,2019-08-23,Brayden,Maynard,Collingwood,HBFR,4,293,2,9,2,0,1,0,85,11
2019,23.0,2019-08-23,Darcy,Moore,Collingwood,CHB,1,235,6,12,1,0,4,0,82,9
2019,23.0,2019-08-23,Jayden,Laverde,Essendon,INT,7,140,0,13,0,0,3,1,73,8
2019,23.0,2019-08-23,Matthew,Scharenberg,Collingwood,FB,1,38,3,2,1,0,1,0,60,3
2019,23.0,2019-08-23,Conor,McKenna,Essendon,HBFL,3,710,5,6,3,0,5,0,77,27
2019,23.0,2019-08-23,Anthony,McDonald-Tipungwuti,Essendon,FPL,10,433,2,18,2,2,10,1,61,11
2019,23.0,2019-08-23,Darcy,Parish,Essendon,R,4,255,3,25,5,1,7,3,65,17
2019,23.0,2019-08-23,Michael,Hartley,Essendon,BPL,2,206,4,10,1,0,2,0,91,10
2019,23.0,2019-08-23,Mason,Redman,Essendon,HBFR,1,432,6,9,3,0,3,0,74,14
2019,23.0,2019-08-23,Tom,Phillips,Collingwood,WL,6,468,2,15,6,0,2,0,50,12
2019,23.0,2019-08-23,Aaron,Francis,Essendon,FB,2,143,6,6,2,0,5,0,75,12
2019,23.0,2019-08-23,Rupert,Wills,Collingwood,INT,1,-46,2,17,0,1,5,1,63,10
2019,23.0,2019-08-23,Andrew,McGrath,Essendon,WL,2,308,6,23,7,0,8,0,57,16
2019,23.0,2019-08-23,Callum L.,Brown,Collingwood,INT,5,258,1,20,2,0,2,1,71,10
2019,23.0,2019-08-23,Josh,Begley,Essendon,HFFL,4,179,1,13,4,0,8,2,71,10
2019,23.0,2019-08-23,Dylan,Clarke,Essendon,INT,3,127,2,21,2,1,4,0,63,5
2019,23.0,2019-08-23,Brody,Mihocek,Collingwood,CHF,5,259,0,12,4,0,2,1,64,7
2019,23.0,2019-08-23,Jack,Madgen,Collingwood,INT,4,176,7,12,3,0,7,0,85,11
2019,23.0,2019-08-23,Brayden,Ham,Essendon,FPR,4,118,1,18,2,0,2,0,75,6
2019,23.0,2019-08-23,John,Noble,Collingwood,HBFL,6,281,5,18,3,0,1,0,80,16
2019,23.0,2019-08-23,Tom,Jok,Essendon,WR,1,187,2,18,2,1,4,0,67,8
2019,23.0,2019-08-24,Jarrad,McVeigh,Sydney,HBFL,2,166,1,15,4,0,2,1,73,8
2019,23.0,2019-08-24,Lance,Franklin,Sydney,FF,7,345,3,11,2,0,2,1,57,8
2019,23.0,2019-08-24,Kieren,Jack,Sydney,HFFL,4,234,4,9,4,0,4,0,82,9
2019,23.0,2019-08-24,Nathan,Brown,St Kilda,BPR,3,168,4,4,1,0,1,0,100,8
2019,23.0,2019-08-24,Josh P.,Kennedy,Sydney,RR,6,504,2,28,5,4,9,1,78,25
2019,23.0,2019-08-24,Dan,Hannebery,St Kilda,HFFR,4,368,3,15,8,3,10,0,71,20
2019,23.0,2019-08-24,Jack,Steven,St Kilda,INT,5,192,1,10,1,1,3,0,82,14
2019,23.0,2019-08-24,Shane,Savage,St Kilda,BPL,1,314,2,10,2,0,4,0,94,16
2019,23.0,2019-08-24,Jake,Carlisle,St Kilda,FB,0,75,5,6,1,0,1,0,83,10
2019,23.0,2019-08-24,Daniel,Menzel,Sydney,INT,2,160,0,12,2,0,0,1,29,2
2019,23.0,2019-08-24,Sam,Reid,Sydney,RK,7,257,1,9,4,1,4,1,50,7
2019,23.0,2019-08-24,Luke,Parker,Sydney,R,8,417,4,24,5,1,7,1,79,22
2019,23.0,2019-08-24,Jack,Newnes,St Kilda,HFFL,3,112,1,13,3,0,3,0,56,5
2019,23.0,2019-08-24,Josh,Bruce,St Kilda,CHF,7,277,0,10,5,0,3,1,73,8
2019,23.0,2019-08-24,Sebastian,Ross,St Kilda,C,13,301,2,13,1,0,6,0,85,23
2019,23.0,2019-08-24,Dane,Rampe,Sydney,FB,3,493,4,9,2,0,1,0,83,15
2019,23.0,2019-08-24,Sam,Rowe,St Kilda,CHB,5,69,1,4,0,0,3,0,78,7
2019,23.0,2019-08-24,Jack,Billings,St Kilda,WL,3,317,5,17,9,0,4,0,61,11
2019,23.0,2019-08-24,Luke,Dunstan,St Kilda,RR,8,402,3,16,1,4,9,0,67,18
2019,23.0,2019-08-24,Jake,Lloyd,Sydney,HBFR,4,476,2,9,0,0,2,0,96,27
2019,23.0,2019-08-24,Blake,Acres,St Kilda,INT,2,92,3,11,1,0,3,1,82,9
2019,23.0,2019-08-24,Tim,Membrey,St Kilda,FF,4,363,3,13,3,0,0,0,77,10
2019,23.0,2019-08-24,Isaac,Heeney,Sydney,C,0,241,4,17,5,0,3,0,65,11
2019,23.0,2019-08-24,Jack,Lonie,St Kilda,FPL,2,117,1,14,4,0,2,1,42,5
2019,23.0,2019-08-24,Jack,Sinclair,St Kilda,R,4,237,5,16,1,1,5,0,81,13
2019,23.0,2019-08-24,Jack,Steele,St Kilda,INT,5,295,2,20,4,1,4,1,67,18
2019,23.0,2019-08-24,George,Hewett,Sydney,HFFR,6,323,5,24,4,4,10,0,68,15
2019,23.0,2019-08-24,Callum,Mills,Sydney,BPR,3,366,5,7,5,0,4,0,74,14
2019,23.0,2019-08-24,Tom,Papley,Sydney,FPL,9,205,0,9,1,0,4,0,94,15
2019,23.0,2019-08-24,Aliir,Aliir,Sydney,CHB,3,146,1,14,1,3,4,0,67,8
2019,23.0,2019-08-24,Oliver,Florent,Sydney,WL,7,252,0,21,4,2,4,0,88,14
2019,23.0,2019-08-24,Robbie,Fox,Sydney,FPR,0,236,5,7,3,0,4,0,87,13
2019,23.0,2019-08-24,Jordan,Dawson,Sydney,INT,3,201,10,13,2,0,6,0,80,20
2019,23.0,2019-08-24,Ben,Long,St Kilda,FPR,1,154,3,15,0,0,1,0,83,5
2019,23.0,2019-08-24,Lewis,Melican,Sydney,BPL,1,141,4,14,2,0,1,0,57,4
2019,23.0,2019-08-24,Josh,Battle,St Kilda,INT,3,279,4,13,2,0,2,0,73,11
2019,23.0,2019-08-24,Rowan,Marshall,St Kilda,RK,4,365,3,9,5,1,8,0,62,13
2019,23.0,2019-08-24,Hunter,Clark,St Kilda,HBFR,4,422,4,7,5,0,4,0,64,14
2019,23.0,2019-08-24,Ben,Ronke,Sydney,INT,5,238,2,19,2,0,2,0,73,11
2019,23.0,2019-08-24,Tom,McCartin,Sydney,CHF,5,273,1,4,1,0,2,1,82,9
2019,23.0,2019-08-24,Nick,Blakey,Sydney,WR,3,173,2,11,2,0,3,0,75,9
2019,23.0,2019-08-24,Callum,Wilkie,St Kilda,HBFL,0,180,4,6,2,0,1,0,73,8
2019,23.0,2019-08-24,James,Rowbottom,Sydney,INT,6,193,2,7,0,0,5,1,100,12
2019,23.0,2019-08-24,Nick,Hind,St Kilda,WR,5,171,1,19,2,0,3,0,57,4
2019,23.0,2019-08-24,Jordan,Lewis,Melbourne,HBFL,7,411,2,11,3,1,1,0,75,18
2019,23.0,2019-08-24,Shaun,Higgins,North Melbourne,C,5,453,4,27,3,1,7,0,88,30
2019,23.0,2019-08-24,Nathan,Jones,Melbourne,HBFR,7,318,0,15,3,0,5,1,67,12
2019,23.0,2019-08-24,Scott,Thompson,North Melbourne,FB,3,227,6,12,3,0,3,0,86,12
2019,23.0,2019-08-24,Todd,Goldstein,North Melbourne,RK,7,118,3,16,2,1,3,0,83,10
2019,23.0,2019-08-24,Jack,Ziebell,North Melbourne,HFFR,8,285,3,14,1,1,5,1,74,14
2019,23.0,2019-08-24,Jake,Melksham,Melbourne,HFFR,6,164,1,9,4,2,2,0,46,6
2019,23.0,2019-08-24,Ben,Cunnington,North Melbourne,R,1,129,5,16,3,0,8,1,64,9
2019,23.0,2019-08-24,Robbie,Tarrant,North Melbourne,CHB,2,432,6,3,2,0,4,0,79,15
2019,23.0,2019-08-24,Jamie,Macmillan,North Melbourne,HBFL,2,143,1,9,1,1,0,0,77,10
2019,23.0,2019-08-24,Jasper,Pittard,North Melbourne,BPR,3,305,9,5,5,0,4,0,77,17
2019,23.0,2019-08-24,Shaun,Atley,North Melbourne,HBFR,3,454,7,8,6,0,5,0,59,13
2019,23.0,2019-08-24,Jared,Polec,North Melbourne,WR,8,707,5,26,3,1,9,2,52,15
2019,23.0,2019-08-24,Michael,Hibberd,Melbourne,BPL,5,395,7,7,6,0,6,0,78,14
2019,23.0,2019-08-24,Max,Gawn,Melbourne,RK,12,462,5,3,5,2,7,0,69,18
2019,23.0,2019-08-24,Marley,Williams,North Melbourne,BPL,2,198,11,7,2,0,8,1,74,14
2019,23.0,2019-08-24,Sam,Frost,Melbourne,FB,1,165,8,12,2,0,5,0,85,11
2019,23.0,2019-08-24,Jack,Viney,Melbourne,RR,4,239,3,19,7,2,4,0,67,14
2019,23.0,2019-08-24,Nathan,Hrovat,North Melbourne,INT,4,139,1,6,1,0,5,0,82,14
2019,23.0,2019-08-24,Taylor,Garner,North Melbourne,FPL,5,226,0,13,4,1,3,0,77,10
2019,23.0,2019-08-24,Jay,Kennedy Harris,Melbourne,HFFL,2,210,4,9,2,0,4,0,73,11
2019,23.0,2019-08-24,Christian,Salem,Melbourne,BPR,1,296,4,7,3,0,3,0,67,12
2019,23.0,2019-08-24,Ben,Brown,North Melbourne,FF,5,313,1,9,8,0,6,1,41,7
2019,23.0,2019-08-24,Kayne,Turner,North Melbourne,HFFL,3,242,4,20,2,0,4,1,77,13
2019,23.0,2019-08-24,Mason,Wood,North Melbourne,INT,5,121,2,18,3,0,5,0,65,11
2019,23.0,2019-08-24,Angus,Brayshaw,Melbourne,C,4,131,3,19,4,3,7,1,76,16
2019,23.0,2019-08-24,Trent,Dumont,North Melbourne,WL,5,436,1,24,6,0,6,2,52,12
2019,23.0,2019-08-24,Jake,Lever,Melbourne,CHB,1,169,8,3,4,0,3,0,64,9
2019,23.0,2019-08-24,Billy,Stretch,Melbourne,INT,5,248,1,19,1,0,4,0,95,20
2019,23.0,2019-08-24,Alex,Neal-Bullen,Melbourne,FPL,7,233,0,19,3,0,5,0,80,12
2019,23.0,2019-08-24,James,Harmes,Melbourne,WL,6,486,10,14,7,0,10,0,53,17
2019,23.0,2019-08-24,Clayton,Oliver,Melbourne,R,9,336,2,31,6,2,13,3,58,19
2019,23.0,2019-08-24,Jayden,Hunt,Melbourne,INT,6,205,1,14,4,0,3,0,58,7
2019,23.0,2019-08-24,Christian,Petracca,Melbourne,FPR,10,315,1,28,3,2,5,0,88,22
2019,23.0,2019-08-24,Corey,Wagner,Melbourne,INT,3,103,1,19,2,1,5,0,56,5
2019,23.0,2019-08-24,Braydon,Preuss,Melbourne,FF,2,119,0,5,0,1,2,1,67,4
2019,23.0,2019-08-24,Jy,Simpkin,North Melbourne,RR,4,244,0,31,2,2,5,1,64,7
2019,23.0,2019-08-24,Sam,Durdin,North Melbourne,INT,2,153,7,8,0,0,3,0,100,13
2019,23.0,2019-08-24,Cameron,Zurhaar,North Melbourne,FPR,1,216,1,14,5,0,2,0,67,6
2019,23.0,2019-08-24,Nick,Larkey,North Melbourne,CHF,4,153,0,11,2,1,2,1,70,7
2019,23.0,2019-08-24,Bayley,Fritsch,Melbourne,CHF,9,283,1,10,1,0,2,0,67,8
2019,23.0,2019-08-24,Charlie,Spargo,Melbourne,WR,0,117,2,12,2,0,3,0,78,7
2019,23.0,2019-08-24,Marty,Hore,Melbourne,INT,0,133,2,8,3,0,1,0,70,7
2019,23.0,2019-08-24,Tarryn,Thomas,North Melbourne,INT,1,62,0,22,2,1,4,2,71,5
2019,23.0,2019-08-24,Gary,Ablett,Geelong,HFFL,14,678,3,18,6,0,8,1,61,17
2019,23.0,2019-08-24,Kade,Simpson,Carlton,BPR,3,431,4,12,5,0,3,0,64,9
2019,23.0,2019-08-24,Marc,Murphy,Carlton,RR,7,419,4,26,6,2,9,0,65,20
2019,23.0,2019-08-24,Dale,Thomas,Carlton,HBFL,3,328,7,16,2,0,4,0,86,12
2019,23.0,2019-08-24,Joel,Selwood,Geelong,R,3,216,1,20,5,1,3,0,67,10
2019,23.0,2019-08-24,Tom,Hawkins,Geelong,FF,4,92,0,7,0,0,1,0,100,7
2019,23.0,2019-08-24,Lachie,Henderson,Geelong,INT,2,353,8,11,10,0,5,0,63,10
2019,23.0,2019-08-24,Harry,Taylor,Geelong,BPR,2,132,5,3,0,0,3,0,75,6
2019,23.0,2019-08-24,Matthew,Kreuzer,Carlton,RK,1,208,1,10,2,0,2,0,36,4
2019,23.0,2019-08-24,Patrick,Dangerfield,Geelong,C,11,818,4,17,11,5,11,2,65,22
2019,23.0,2019-08-24,Mitch,Duncan,Geelong,WL,5,433,5,9,5,1,6,0,65,15
2019,23.0,2019-08-24,Gary,Rohan,Geelong,HFFR,4,173,0,12,3,0,1,2,67,4
2019,23.0,2019-08-24,Rhys,Stanley,Geelong,RK,6,118,2,16,3,3,5,0,53,8
2019,23.0,2019-08-24,Ed,Curnow,Carlton,WR,6,487,6,13,7,3,13,0,55,16
2019,23.0,2019-08-24,Cameron,Guthrie,Geelong,INT,2,113,0,17,3,2,9,2,77,10
2019,23.0,2019-08-24,Zach,Tuohy,Geelong,BPL,9,265,3,9,2,0,9,0,47,7
2019,23.0,2019-08-24,Luke,Dahlhaus,Geelong,FPL,6,337,0,22,4,0,8,5,53,10
2019,23.0,2019-08-24,Levi,Casboult,Carlton,HFFR,2,38,1,7,2,1,3,0,33,1
2019,23.0,2019-08-24,Lachie,Plowman,Carlton,FB,1,272,10,11,3,0,3,0,83,10
2019,23.0,2019-08-24,Mark,Blicavs,Geelong,FB,2,135,2,8,3,0,2,0,63,5
2019,23.0,2019-08-24,Patrick,Cripps,Carlton,FF,4,526,7,23,10,5,15,1,57,20
2019,23.0,2019-08-24,Jed,Bews,Geelong,HBFL,2,325,11,22,4,0,10,1,60,9
2019,23.0,2019-08-24,Jacob,Weitering,Carlton,CHB,0,250,5,6,2,0,1,0,38,3
2019,23.0,2019-08-24,Mitch,McGovern,Carlton,FPR,2,139,2,16,1,0,3,2,63,5
2019,23.0,2019-08-24,Matthew,Kennedy,Carlton,HFFL,3,67,3,15,3,0,8,1,47,7
2019,23.0,2019-08-24,Jack,Silvagni,Carlton,FPL,2,79,3,8,4,0,3,0,44,4
2019,23.0,2019-08-24,David,Cuningham,Carlton,INT,4,103,0,17,2,0,3,1,67,6
2019,23.0,2019-08-24,Sam,Petrevski-Seton,Carlton,HBFR,1,80,5,8,4,0,3,0,33,2
2019,23.0,2019-08-24,Brandan,Parfitt,Geelong,WR,6,301,6,20,3,0,12,0,50,11
2019,23.0,2019-08-24,Tom,Stewart,Geelong,HBFR,1,786,13,7,3,0,4,0,85,23
2019,23.0,2019-08-24,Nic,Newman,Carlton,INT,1,431,4,14,4,0,3,0,59,10
2019,23.0,2019-08-24,Zac,Fisher,Carlton,BPL,3,196,1,6,2,0,2,0,60,6
2019,23.0,2019-08-24,Mark,O'Connor,Geelong,CHB,0,212,5,14,3,0,4,0,55,6
2019,23.0,2019-08-24,Josh,Deluca,Carlton,INT,2,131,1,20,5,1,9,1,50,6
2019,23.0,2019-08-24,Will,Setterfield,Carlton,INT,5,508,5,12,3,0,5,0,47,7
2019,23.0,2019-08-24,Harry,McKay,Carlton,CHF,3,139,0,5,2,0,1,1,33,2
2019,23.0,2019-08-24,Paddy,Dow,Carlton,C,5,117,2,12,2,0,5,0,62,8
2019,23.0,2019-08-24,Tim,Kelly,Geelong,RR,6,306,4,21,2,3,12,1,58,14
2019,23.0,2019-08-24,Esava,Ratugolea,Geelong,CHF,5,174,2,8,1,0,3,1,78,7
2019,23.0,2019-08-24,Jack,Henry,Geelong,FPR,2,98,3,5,1,0,2,0,71,5
2019,23.0,2019-08-24,Lochie,O'Brien,Carlton,WL,3,323,2,8,3,0,1,0,80,8
2019,23.0,2019-08-24,Quinton,Narkle,Geelong,INT,12,633,0,11,5,1,8,2,63,17
2019,23.0,2019-08-24,Sam,Walsh,Carlton,R,4,424,6,20,8,0,4,0,58,14
2019,23.0,2019-08-24,Gryan,Miers,Geelong,INT,7,278,5,7,2,0,6,0,56,9
2019,23.0,2019-08-24,Michael,Rischitelli,Gold Coast,FPL,0,33,0,12,1,2,4,1,67,4
2019,23.0,2019-08-24,Heath,Shaw,Greater Western Sydney,HBFL,3,417,8,9,5,0,3,0,65,15
2019,23.0,2019-08-24,Jarrod,Harbrow,Gold Coast,BPR,1,317,9,9,5,0,4,0,61,11
2019,23.0,2019-08-24,Shane,Mumford,Greater Western Sydney,RK,3,65,2,14,1,1,6,0,73,8
2019,23.0,2019-08-24,Pearce,Hanley,Gold Coast,WL,4,485,6,10,7,0,3,0,70,16
2019,23.0,2019-08-24,Sam J.,Reid,Greater Western Sydney,WR,3,192,5,3,4,0,2,0,71,10
2019,23.0,2019-08-24,Matt,de Boer,Greater Western Sydney,HFFL,4,241,1,22,1,1,3,1,79,15
2019,23.0,2019-08-24,Phil,Davis,Greater Western Sydney,FB,3,302,11,5,3,0,4,0,82,14
2019,23.0,2019-08-24,David,Swallow,Gold Coast,RR,4,220,2,17,2,2,3,2,50,7
2019,23.0,2019-08-24,Sam,Day,Gold Coast,CHF,2,41,2,11,0,0,2,0,50,2
2019,23.0,2019-08-24,Lachlan,Keeffe,Greater Western Sydney,INT,3,12,1,7,0,0,4,1,88,7
2019,23.0,2019-08-24,Jeremy,Cameron,Greater Western Sydney,FF,15,439,0,11,1,0,2,1,63,12
2019,23.0,2019-08-24,Adam,Kennedy,Greater Western Sydney,INT,5,347,3,8,1,0,2,0,89,16
2019,23.0,2019-08-24,Adam,Tomlinson,Greater Western Sydney,INT,4,228,3,14,7,0,6,0,68,15
2019,23.0,2019-08-24,Aaron,Young,Gold Coast,HFFR,4,222,1,13,3,0,3,3,55,6
2019,23.0,2019-08-24,Alex,Sexton,Gold Coast,HFFL,7,301,1,13,4,0,2,2,25,3
2019,23.0,2019-08-24,Jordan,Murdoch,Gold Coast,HBFR,2,204,0,12,1,1,1,1,67,6
2019,23.0,2019-08-24,Lachie,Whitfield,Greater Western Sydney,HBFR,10,404,5,16,3,3,11,1,74,20
2019,23.0,2019-08-24,Zac,Williams,Greater Western Sydney,R,5,388,2,10,2,1,8,1,76,16
2019,23.0,2019-08-24,Jarrod,Witts,Gold Coast,RK,3,156,2,12,1,1,5,2,80,16
2019,23.0,2019-08-24,Aidan,Corr,Greater Western Sydney,CHB,3,316,4,2,2,0,2,0,82,9
2019,23.0,2019-08-24,Sean,Lemmens,Gold Coast,WR,0,131,1,12,3,2,4,2,44,4
2019,23.0,2019-08-24,Josh,Kelly,Greater Western Sydney,FPR,10,430,3,14,5,1,8,0,78,21
2019,23.0,2019-08-24,Touk,Miller,Gold Coast,C,4,177,2,18,4,2,9,2,58,11
2019,23.0,2019-08-24,Lachie,Weller,Gold Coast,R,6,429,3,21,6,1,5,3,70,14
2019,23.0,2019-08-24,Darcy,Macpherson,Gold Coast,INT,4,278,2,12,1,0,3,1,63,10
2019,23.0,2019-08-24,Harry,Himmelberg,Greater Western Sydney,CHF,2,87,1,1,1,0,3,0,100,8
2019,23.0,2019-08-24,Brayden,Fiorini,Gold Coast,INT,1,267,3,16,2,2,3,0,78,18
2019,23.0,2019-08-24,Ben,Ainsworth,Gold Coast,FPR,6,326,8,18,7,1,13,1,67,18
2019,23.0,2019-08-24,Jack,Bowes,Gold Coast,INT,4,293,1,12,3,1,4,0,58,14
2019,23.0,2019-08-24,Tim,Taranto,Greater Western Sydney,C,8,364,3,25,5,0,10,0,58,18
2019,23.0,2019-08-24,Daniel,Lloyd,Greater Western Sydney,WL,4,114,1,9,2,1,3,1,83,10
2019,23.0,2019-08-24,Harry,Perryman,Greater Western Sydney,RR,3,247,3,16,4,1,3,0,78,14
2019,23.0,2019-08-24,Jeremy,Finlayson,Greater Western Sydney,BPR,5,191,0,16,2,0,1,2,60,6
2019,23.0,2019-08-24,Charlie,Ballard,Gold Coast,HBFL,0,106,4,6,2,0,0,0,60,6
2019,23.0,2019-08-24,Isaac,Cumming,Greater Western Sydney,INT,3,387,3,10,4,1,4,0,80,16
2019,23.0,2019-08-24,Sam,Taylor,Greater Western Sydney,BPL,1,119,4,2,4,0,2,0,71,10
2019,23.0,2019-08-24,Jacob,Dawson,Gold Coast,INT,2,185,5,22,3,0,2,0,67,10
2019,23.0,2019-08-24,Brent,Daniels,Greater Western Sydney,HFFR,7,457,1,19,2,0,5,0,74,14
2019,23.0,2019-08-24,Chris,Burgess,Gold Coast,CHB,0,246,4,2,2,0,2,0,90,9
2019,23.0,2019-08-24,Jack,Lukosius,Gold Coast,BPL,2,318,3,11,4,0,1,0,71,10
2019,23.0,2019-08-24,Ben,King,Gold Coast,FF,3,97,0,6,3,0,1,0,60,3
2019,23.0,2019-08-24,Bobby,Hill,Greater Western Sydney,FPL,4,167,2,17,1,0,2,0,82,9
2019,23.0,2019-08-24,Caleb,Graham,Gold Coast,FB,0,112,2,10,1,1,2,0,100,7
2019,23.0,2019-08-24,Shaun,Burgoyne,Hawthorn,BPL,7,248,1,17,2,0,3,1,71,10
2019,23.0,2019-08-24,Shannon,Hurn,West Coast,BPL,2,181,10,8,3,0,6,0,79,19
2019,23.0,2019-08-24,Josh J.,Kennedy,West Coast,FF,5,169,1,7,2,0,2,3,50,3
2019,23.0,2019-08-24,James,Frawley,Hawthorn,FB,4,169,11,6,3,0,3,0,75,12
2019,23.0,2019-08-24,Chris,Masten,West Coast,WR,7,175,4,10,2,0,4,0,63,12
2019,23.0,2019-08-24,Ben,McEvoy,Hawthorn,FPR,1,30,5,5,0,0,3,0,100,6
2019,23.0,2019-08-24,Liam,Shiels,Hawthorn,RR,4,218,4,25,0,0,6,0,71,10
2019,23.0,2019-08-24,Jack,Redden,West Coast,INT,8,225,2,32,5,1,8,0,57,13
2019,23.0,2019-08-24,Tom,Scully,Hawthorn,WR,1,162,0,3,3,0,2,1,38,3
2019,23.0,2019-08-24,Lewis,Jetta,West Coast,HBFR,7,522,4,13,5,0,4,0,74,17
2019,23.0,2019-08-24,Luke,Shuey,West Coast,R,7,494,1,21,10,0,6,0,59,17
2019,23.0,2019-08-24,Ben,Stratton,Hawthorn,CHB,0,10,4,10,1,0,1,0,75,3
2019,23.0,2019-08-24,Ricky,Henderson,Hawthorn,WL,10,481,5,17,3,1,4,0,64,16
2019,23.0,2019-08-24,Brad,Sheppard,West Coast,BPR,5,295,3,13,1,0,2,0,87,13
2019,23.0,2019-08-24,Jack,Gunston,Hawthorn,FF,8,248,2,15,1,0,3,0,77,13
2019,23.0,2019-08-24,Jack,Darling,West Coast,CHF,4,100,1,9,3,0,2,1,89,8
2019,23.0,2019-08-24,Andrew,Gaff,West Coast,WL,6,526,5,11,4,1,8,0,70,26
2019,23.0,2019-08-24,Jamie,Cripps,West Coast,HFFL,4,71,1,15,2,0,2,3,57,4
2019,23.0,2019-08-24,Paul,Puopolo,Hawthorn,HFFL,6,114,0,20,2,1,8,2,87,13
2019,23.0,2019-08-24,Isaac,Smith,Hawthorn,HFFR,6,461,7,9,4,0,5,1,50,10
2019,23.0,2019-08-24,Luke,Breust,Hawthorn,FPL,7,393,2,27,2,0,11,1,67,12
2019,23.0,2019-08-24,Tom,Hickey,West Coast,RK,5,139,1,8,4,3,7,0,47,7
2019,23.0,2019-08-24,Chad,Wingard,Hawthorn,INT,8,531,2,17,8,3,5,1,61,17
2019,23.0,2019-08-24,Elliot,Yeo,West Coast,C,8,457,4,19,6,3,11,2,46,12
2019,23.0,2019-08-24,Jaeger,O'Meara,Hawthorn,C,8,610,0,18,5,1,7,0,59,16
2019,23.0,2019-08-24,Jonathon,Ceglar,Hawthorn,RK,8,198,6,12,6,2,4,0,63,10
2019,23.0,2019-08-24,Tim,O'Brien,Hawthorn,CHF,9,249,1,10,0,1,3,1,90,9
2019,23.0,2019-08-24,Dom,Sheed,West Coast,RR,9,367,2,5,4,2,6,0,65,17
2019,23.0,2019-08-24,Jeremy,McGovern,West Coast,CHB,1,162,4,9,5,0,3,0,83,10
2019,23.0,2019-08-24,Jackson,Nelson,West Coast,HBFL,3,150,2,16,2,0,3,0,85,11
2019,23.0,2019-08-24,Liam,Duggan,West Coast,INT,2,264,3,10,4,0,3,0,84,16
2019,23.0,2019-08-24,James,Sicily,Hawthorn,BPR,1,505,7,9,3,0,4,0,78,14
2019,23.0,2019-08-24,Daniel,Howe,Hawthorn,HBFR,4,273,5,7,2,0,6,0,67,10
2019,23.0,2019-08-24,Tom,Barrass,West Coast,FB,1,111,5,4,3,0,1,0,89,8
2019,23.0,2019-08-24,Blake,Hardwick,Hawthorn,HBFL,3,451,4,7,1,0,1,0,89,16
2019,23.0,2019-08-24,Jack,Scrimshaw,Hawthorn,INT,3,79,7,8,2,0,6,0,71,10
2019,23.0,2019-08-24,Liam,Ryan,West Coast,HFFR,6,309,1,16,4,0,5,1,39,5
2019,23.0,2019-08-24,Jake,Waterman,West Coast,FPR,10,334,0,5,3,1,1,0,70,14
2019,23.0,2019-08-24,Willie,Rioli,West Coast,FPL,8,246,2,19,2,0,3,2,80,12
2019,23.0,2019-08-24,James,Worpel,Hawthorn,R,5,226,1,23,4,3,7,0,70,14
2019,23.0,2019-08-24,Jack,Petruccelle,West Coast,INT,2,96,0,14,0,0,1,0,57,4
2019,23.0,2019-08-24,Oscar,Allen,West Coast,INT,5,161,3,10,1,1,2,1,85,11
2019,23.0,2019-08-24,Conor,Nash,Hawthorn,INT,2,155,1,13,5,0,5,0,63,5
2019,23.0,2019-08-24,Oliver,Hanrahan,Hawthorn,INT,7,289,0,12,2,0,6,0,53,10
2019,23.0,2019-08-25,Eddie,Betts,Adelaide,FPL,9,98,0,6,0,0,6,1,57,8
2019,23.0,2019-08-25,Richard,Douglas,Adelaide,INT,6,250,1,22,5,0,3,0,70,14
2019,23.0,2019-08-25,Bryce,Gibbs,Adelaide,INT,3,213,1,12,3,1,5,0,61,11
2019,23.0,2019-08-25,David,Mackay,Adelaide,WR,4,248,2,16,3,0,4,0,82,14
2019,23.0,2019-08-25,Sam,Jacobs,Adelaide,RK,8,294,0,6,2,2,4,0,53,8
2019,23.0,2019-08-25,Matthew,Suckling,Western Bulldogs,BPL,5,510,4,11,2,0,1,0,93,27
2019,23.0,2019-08-25,Taylor,Walker,Adelaide,CHF,7,223,0,8,4,0,3,0,70,7
2019,23.0,2019-08-25,Easton,Wood,Western Bulldogs,HBFR,1,104,6,4,4,0,5,0,73,8
2019,23.0,2019-08-25,Rory,Sloane,Adelaide,R,9,320,3,21,3,4,10,0,74,25
2019,23.0,2019-08-25,Tom,Lynch,Adelaide,HFFR,7,322,1,11,4,0,6,0,65,17
2019,23.0,2019-08-25,Brodie,Smith,Adelaide,HBFL,3,403,10,19,6,0,8,0,78,21
2019,23.0,2019-08-25,Daniel,Talia,Adelaide,FB,0,16,6,6,2,0,3,0,57,4
2019,23.0,2019-08-25,Paul,Seedsman,Adelaide,WL,5,567,1,16,4,0,3,1,71,17
2019,23.0,2019-08-25,Hayden,Crozier,Western Bulldogs,BPR,2,386,7,4,3,0,3,0,85,17
2019,23.0,2019-08-25,Luke,Brown,Adelaide,BPR,2,247,6,4,4,0,4,0,80,12
2019,23.0,2019-08-25,Jason,Johannisen,Western Bulldogs,HBFL,8,488,7,11,5,0,4,0,58,15
2019,23.0,2019-08-25,Brad,Crouch,Adelaide,C,4,123,2,11,6,0,9,0,54,13
2019,23.0,2019-08-25,Taylor,Duryea,Western Bulldogs,INT,1,180,6,11,2,0,1,0,81,13
2019,23.0,2019-08-25,Rory,Laird,Adelaide,BPL,3,321,8,11,4,0,4,0,90,28
2019,23.0,2019-08-25,Jack,Macrae,Western Bulldogs,R,9,598,1,23,5,3,6,0,77,27
2019,23.0,2019-08-25,Lachie,Hunter,Western Bulldogs,WL,8,593,3,15,5,0,4,0,83,25
2019,23.0,2019-08-25,Matt,Crouch,Adelaide,RR,9,594,5,12,9,3,7,0,81,38
2019,23.0,2019-08-25,Sam,Lloyd,Western Bulldogs,HFFR,3,159,2,14,3,0,4,0,81,13
2019,23.0,2019-08-25,Marcus,Bontempelli,Western Bulldogs,C,9,448,6,30,4,5,11,1,74,23
2019,23.0,2019-08-25,Jake,Kelly,Adelaide,CHB,0,86,3,4,3,0,4,0,70,7
2019,23.0,2019-08-25,Bailey,Dale,Western Bulldogs,HFFL,9,308,2,6,5,0,3,0,53,9
2019,23.0,2019-08-25,Toby,McLean,Western Bulldogs,FPR,4,107,1,8,0,0,2,1,100,7
2019,23.0,2019-08-25,Riley,Knight,Adelaide,INT,4,223,2,11,3,0,3,0,67,10
2019,23.0,2019-08-25,Zaine,Cordy,Western Bulldogs,CHB,1,132,4,6,2,0,2,0,56,5
2019,23.0,2019-08-25,Wayne,Milera,Adelaide,INT,3,215,5,14,2,0,2,0,79,11
2019,23.0,2019-08-25,Josh,Dunkley,Western Bulldogs,RR,7,181,3,27,2,2,10,1,82,27
2019,23.0,2019-08-25,Josh,Schache,Western Bulldogs,CHF,7,343,0,4,2,0,3,1,56,9
2019,23.0,2019-08-25,Hugh,Greenwood,Adelaide,HBFR,6,189,3,22,2,4,8,0,75,12
2019,23.0,2019-08-25,Tim,English,Western Bulldogs,RK,9,154,4,10,2,1,4,1,56,9
2019,23.0,2019-08-25,Lewis,Young,Western Bulldogs,FB,3,232,9,10,6,0,4,0,64,9
2019,23.0,2019-08-25,Alex,Keath,Adelaide,FPR,0,72,4,4,1,0,3,0,60,3
2019,23.0,2019-08-25,Patrick,Lipinski,Western Bulldogs,INT,4,279,2,31,4,1,5,3,60,9
2019,23.0,2019-08-25,Darcy,Fogarty,Adelaide,FF,3,81,1,6,1,0,1,0,90,9
2019,23.0,2019-08-25,Aaron,Naughton,Western Bulldogs,FF,6,93,1,11,2,0,1,2,78,7
2019,23.0,2019-08-25,Ed,Richards,Western Bulldogs,WR,1,232,1,11,1,0,3,0,64,7
2019,23.0,2019-08-25,Chayce,Jones,Adelaide,HFFL,8,433,0,11,2,4,2,0,72,13
2019,23.0,2019-08-25,Bailey,Smith,Western Bulldogs,FPL,5,219,2,16,2,0,9,1,77,17
2019,23.0,2019-08-25,Will,Hayes,Western Bulldogs,INT,5,246,1,12,2,0,4,0,88,14
2019,23.0,2019-08-25,Rhylee,West,Western Bulldogs,INT,3,133,1,13,0,0,8,2,79,11
2019,23.0,2019-08-25,Luke,Hodge,Brisbane Lions,BPL,1,368,4,6,2,0,4,0,92,22
2019,23.0,2019-08-25,Shane,Edwards,Richmond,RR,3,198,6,27,0,0,10,0,62,13
2019,23.0,2019-08-25,Bachar,Houli,Richmond,HBFL,3,548,5,7,3,0,5,0,90,27
2019,23.0,2019-08-25,Jack,Riewoldt,Richmond,FPR,7,285,3,15,2,0,3,0,71,10
2019,23.0,2019-08-25,Trent,Cotchin,Richmond,CHF,5,206,1,13,1,0,7,0,67,10
2019,23.0,2019-08-25,Stefan,Martin,Brisbane Lions,RK,1,195,5,7,9,0,4,1,61,11
2019,23.0,2019-08-25,Mitch,Robinson,Brisbane Lions,WR,2,533,4,11,8,1,4,0,78,18
2019,23.0,2019-08-25,Daniel,Rich,Brisbane Lions,HBFR,2,675,9,10,2,0,2,0,91,21
2019,23.0,2019-08-25,Dustin,Martin,Richmond,R,7,538,2,12,4,3,7,0,91,19
2019,23.0,2019-08-25,David,Astbury,Richmond,BPL,1,144,4,6,2,0,2,0,78,7
2019,23.0,2019-08-25,Dylan,Grimes,Richmond,BPR,0,115,7,12,2,0,4,0,75,9
2019,23.0,2019-08-25,Dion,Prestia,Richmond,C,6,669,3,35,6,1,7,0,67,20
2019,23.0,2019-08-25,Tom,Lynch,Richmond,FF,5,197,0,7,6,0,0,0,67,6
2019,23.0,2019-08-25,Josh,Caddy,Richmond,WR,3,314,3,16,6,1,7,0,79,15
2019,23.0,2019-08-25,Brandon,Ellis,Richmond,WL,6,161,2,13,1,0,5,0,93,13
2019,23.0,2019-08-25,Lachie,Neale,Brisbane Lions,RR,5,373,6,24,7,6,18,0,88,45
2019,23.0,2019-08-25,Jarryd,Lyons,Brisbane Lions,R,2,206,1,37,1,2,7,1,63,12
2019,23.0,2019-08-25,Dayne,Zorko,Brisbane Lions,C,6,718,4,22,7,2,9,0,70,19
2019,23.0,2019-08-25,Lincoln,McCarthy,Brisbane Lions,WL,1,28,1,12,3,1,3,2,67,4
2019,23.0,2019-08-25,Nick,Vlastuin,Richmond,CHB,5,363,13,7,2,0,4,0,84,16
2019,23.0,2019-08-25,Darcy,Gardiner,Brisbane Lions,CHB,1,36,4,18,3,0,3,0,73,8
2019,23.0,2019-08-25,Charlie,Cameron,Brisbane Lions,HFFL,5,134,0,12,1,0,1,1,71,5
2019,23.0,2019-08-25,Daniel,McStay,Brisbane Lions,FF,2,200,0,5,3,0,2,0,67,6
2019,23.0,2019-08-25,Kane,Lambert,Richmond,HFFR,7,384,2,20,3,0,2,0,79,15
2019,23.0,2019-08-25,Harris,Andrews,Brisbane Lions,FB,0,155,5,5,2,0,4,0,93,13
2019,23.0,2019-08-25,Daniel,Rioli,Richmond,INT,5,222,0,13,2,0,2,0,73,8
2019,23.0,2019-08-25,Marcus,Adams,Brisbane Lions,BPR,2,162,7,8,1,0,4,0,92,12
2019,23.0,2019-08-25,Jayden,Short,Richmond,HBFR,2,596,6,5,8,0,3,0,61,14
2019,23.0,2019-08-25,Jason,Castagna,Richmond,HFFL,10,347,1,17,3,0,2,0,78,14
2019,23.0,2019-08-25,Eric,Hipwood,Brisbane Lions,CHF,6,412,1,8,3,0,4,1,54,7
2019,23.0,2019-08-25,Nathan,Broad,Richmond,FB,0,99,5,9,1,0,3,0,86,6
2019,23.0,2019-08-25,Jarrod,Berry,Brisbane Lions,FPR,2,338,2,18,4,0,5,1,80,16
2019,23.0,2019-08-25,Hugh,McCluggage,Brisbane Lions,HFFR,6,526,1,19,3,2,4,1,86,24
2019,23.0,2019-08-25,Cedric,Cox,Brisbane Lions,INT,1,113,3,12,1,0,3,1,78,7
2019,23.0,2019-08-25,Ivan,Soldo,Richmond,RK,6,94,1,12,1,1,3,0,79,11
2019,23.0,2019-08-25,Shai,Bolton,Richmond,FPL,4,201,1,11,2,1,2,0,86,6
2019,23.0,2019-08-25,Alex,Witherden,Brisbane Lions,INT,0,372,2,14,5,0,6,0,53,9
2019,23.0,2019-08-25,Jack,Graham,Richmond,INT,7,311,3,23,5,0,8,0,68,13
2019,23.0,2019-08-25,Cam,Rayner,Brisbane Lions,FPL,4,171,1,15,3,0,4,4,36,4
2019,23.0,2019-08-25,Zac,Bailey,Brisbane Lions,INT,2,209,2,9,6,0,6,0,40,6
2019,23.0,2019-08-25,Oscar,McInerney,Brisbane Lions,INT,4,79,1,16,2,0,1,2,88,7
2019,23.0,2019-08-25,Liam,Baker,Richmond,INT,4,263,8,9,4,0,3,0,75,15
2019,23.0,2019-08-25,Noah,Balta,Richmond,INT,3,152,0,5,2,1,3,0,60,3
2019,23.0,2019-08-25,Noah,Answerth,Brisbane Lions,HBFL,0,38,3,15,0,0,3,0,100,9
2019,23.0,2019-08-25,David,Mundy,Fremantle,R,3,173,3,13,4,1,8,0,68,13
2019,23.0,2019-08-25,Paddy,Ryder,Port Adelaide,INT,5,176,1,9,1,1,4,2,46,5
2019,23.0,2019-08-25,Robbie,Gray,Port Adelaide,FF,7,136,1,8,1,0,1,0,62,8
2019,23.0,2019-08-25,Justin,Westhoff,Port Adelaide,INT,11,329,4,15,2,0,8,2,70,16
2019,23.0,2019-08-25,Travis,Boak,Port Adelaide,CHF,5,244,3,17,2,1,5,1,70,16
2019,23.0,2019-08-25,Hamish,Hartlett,Port Adelaide,BPR,4,158,9,6,1,0,7,0,80,16
2019,23.0,2019-08-25,Michael,Walters,Fremantle,CHF,5,366,2,18,3,1,6,0,53,10
2019,23.0,2019-08-25,Matthew,Broadbent,Port Adelaide,HBFL,4,193,2,6,2,1,1,0,92,12
2019,23.0,2019-08-25,Tom,Rockliff,Port Adelaide,C,8,171,1,20,2,2,6,1,67,12
2019,23.0,2019-08-25,Nat,Fyfe,Fremantle,RR,5,220,1,25,2,3,7,0,69,18
2019,23.0,2019-08-25,Reece,Conca,Fremantle,INT,5,371,2,6,4,0,3,0,77,17
2019,23.0,2019-08-25,Charlie,Dixon,Port Adelaide,FPL,8,199,2,12,2,0,1,1,69,11
2019,23.0,2019-08-25,Brandon,Matera,Fremantle,INT,5,135,3,15,4,1,8,0,69,9
2019,23.0,2019-08-25,Trent,McKenzie,Port Adelaide,FB,7,480,10,5,0,0,3,0,95,20
2019,23.0,2019-08-25,Scott,Lycett,Port Adelaide,RK,9,420,5,7,4,0,7,0,59,13
2019,23.0,2019-08-25,Tom,Jonas,Port Adelaide,BPL,5,174,6,7,1,0,4,0,82,9
2019,23.0,2019-08-25,Bradley,Hill,Fremantle,WL,6,479,1,14,5,1,3,0,67,16
2019,23.0,2019-08-25,Ollie,Wines,Port Adelaide,RR,8,346,5,21,6,1,11,1,67,22
2019,23.0,2019-08-25,Sam,Gray,Port Adelaide,HFFL,5,176,0,9,1,0,2,1,82,9
2019,23.0,2019-08-25,Cam,McCarthy,Fremantle,FF,4,202,1,9,3,0,0,0,17,1
2019,23.0,2019-08-25,Karl,Amon,Port Adelaide,WR,6,365,3,9,4,0,5,0,65,15
2019,23.0,2019-08-25,Joel,Hamling,Fremantle,FB,2,142,3,8,1,0,1,0,92,11
2019,23.0,2019-08-25,Ed,Langdon,Fremantle,WR,3,520,4,10,6,0,5,0,64,16
2019,23.0,2019-08-25,Connor,Blakely,Fremantle,BPR,2,120,1,16,2,1,4,0,60,6
2019,23.0,2019-08-25,Ethan,Hughes,Fremantle,HBFR,2,104,1,12,4,0,4,0,71,10
2019,23.0,2019-08-25,Darcy,Byrne-Jones,Port Adelaide,CHB,9,351,5,24,4,3,7,1,72,21
2019,23.0,2019-08-25,Darcy,Tucker,Fremantle,INT,4,264,3,18,2,0,5,0,75,12
2019,23.0,2019-08-25,Ryan,Burton,Port Adelaide,HBFR,3,326,1,5,3,0,1,0,64,9
2019,23.0,2019-08-25,Riley,Bonner,Port Adelaide,INT,8,405,1,5,5,0,2,0,77,13
2019,23.0,2019-08-25,Dan,Houston,Port Adelaide,INT,5,224,6,16,2,1,2,1,81,17
2019,23.0,2019-08-25,Griffin,Logue,Fremantle,CHB,2,179,8,6,3,0,4,0,77,10
2019,23.0,2019-08-25,Ryan,Nyhuis,Fremantle,HBFL,1,78,0,8,3,0,1,0,83,5
2019,23.0,2019-08-25,Todd,Marshall,Port Adelaide,FPR,9,249,1,11,0,0,1,1,83,10
2019,23.0,2019-08-25,Bailey,Banfield,Fremantle,HFFL,6,131,1,18,4,1,3,0,75,12
2019,23.0,2019-08-25,Andrew,Brayshaw,Fremantle,INT,4,216,4,29,5,0,6,0,56,9
2019,23.0,2019-08-25,Adam,Cerra,Fremantle,HFFR,4,316,4,17,5,1,3,0,69,11
2019,23.0,2019-08-25,Mitch,Crowden,Fremantle,C,0,88,1,27,3,0,2,0,50,3
2019,23.0,2019-08-25,Taylin,Duman,Fremantle,BPL,4,332,4,10,3,0,2,0,81,17
2019,23.0,2019-08-25,Scott,Jones,Fremantle,RK,2,68,2,18,4,2,6,0,57,8
2019,23.0,2019-08-25,Sam,Switkowski,Fremantle,FPR,5,113,2,22,2,1,8,2,58,7
2019,23.0,2019-08-25,Willem,Drew,Port Adelaide,R,8,157,2,24,4,1,5,0,68,15
2019,23.0,2019-08-25,Xavier,Duursma,Port Adelaide,WL,5,163,4,19,5,0,5,2,71,15
2019,23.0,2019-08-25,Connor,Rozee,Port Adelaide,HFFR,7,117,1,24,2,0,3,2,77,10
2019,23.0,2019-08-25,Hugh,Dixon,Fremantle,FPL,3,91,3,16,1,0,4,0,63,5
2019,,2019-09-05,Shannon,Hurn,West Coast,BPL,6,363,8,4,2,0,2,0,89,16
2019,,2019-09-05,Josh J.,Kennedy,West Coast,FF,8,179,1,6,0,0,3,1,70,7
2019,,2019-09-05,Will,Schofield,West Coast,INT,4,170,6,3,0,0,3,0,90,9
2019,,2019-09-05,Chris,Masten,West Coast,HFFR,5,179,4,4,0,0,6,0,91,19
2019,,2019-09-05,Tom,Bellchambers,Essendon,RK,1,106,1,6,2,4,5,0,62,8
2019,,2019-09-05,Cale,Hooker,Essendon,FB,2,21,3,3,0,0,2,0,100,4
2019,,2019-09-05,Michael,Hurley,Essendon,CHB,1,434,5,7,6,0,2,0,78,14
2019,,2019-09-05,Nic,Naitanui,West Coast,RK,5,216,4,10,3,3,6,1,71,10
2019,,2019-09-05,Shaun,McKernan,Essendon,CHF,1,66,0,8,2,1,3,2,50,2
2019,,2019-09-05,Jack,Redden,West Coast,C,9,321,5,21,4,2,6,1,83,24
2019,,2019-09-05,Lewis,Jetta,West Coast,HBFR,4,395,7,9,3,0,6,0,84,16
2019,,2019-09-05,Luke,Shuey,West Coast,R,7,534,3,18,6,5,5,0,69,24
2019,,2019-09-05,Brad,Sheppard,West Coast,HBFL,2,316,4,7,2,0,1,0,90,17
2019,,2019-09-05,Dyson,Heppell,Essendon,WR,5,394,9,9,6,1,10,0,77,24
2019,,2019-09-05,Jack,Darling,West Coast,CHF,5,187,0,22,2,0,3,1,64,7
2019,,2019-09-05,Andrew,Gaff,West Coast,WR,6,555,5,15,7,2,6,0,71,24
2019,,2019-09-05,Jamie,Cripps,West Coast,FPL,12,400,3,22,3,0,8,1,59,13
2019,,2019-09-05,Mitch,Brown,Essendon,FF,0,115,0,3,3,0,0,0,75,3
2019,,2019-09-05,Tom,Hickey,West Coast,INT,2,93,1,24,3,0,2,1,50,3
2019,,2019-09-05,Dylan,Shiel,Essendon,RR,5,379,4,21,4,2,11,0,75,21
2019,,2019-09-05,Elliot,Yeo,West Coast,RR,9,703,4,18,9,3,4,0,59,13
2019,,2019-09-05,Jake,Stringer,Essendon,R,3,361,1,23,2,0,4,0,46,6
2019,,2019-09-05,Mark,Hutchings,West Coast,WL,3,85,0,14,2,0,3,0,70,7
2019,,2019-09-05,Patrick,Ambrose,Essendon,BPR,4,325,7,3,3,0,0,0,94,16
2019,,2019-09-05,Zach,Merrett,Essendon,C,2,378,3,33,6,2,4,0,71,17
2019,,2019-09-05,Dom,Sheed,West Coast,INT,7,413,1,12,2,1,4,1,59,13
2019,,2019-09-05,Jeremy,McGovern,West Coast,CHB,3,193,7,5,2,0,3,0,90,9
2019,,2019-09-05,Orazio,Fantasia,Essendon,FPR,6,197,1,21,2,0,2,3,69,9
2019,,2019-09-05,Adam,Saad,Essendon,BPL,2,583,5,13,6,0,5,0,72,13
2019,,2019-09-05,Jackson,Nelson,West Coast,BPR,1,237,3,5,4,0,4,0,80,8
2019,,2019-09-05,Kyle,Langford,Essendon,INT,1,278,0,7,2,1,5,0,67,10
2019,,2019-09-05,Jayden,Laverde,Essendon,HFFL,2,229,0,9,5,0,0,0,67,6
2019,,2019-09-05,Tom,Barrass,West Coast,FB,0,240,6,1,2,0,1,0,93,14
2019,,2019-09-05,Conor,McKenna,Essendon,HBFL,5,396,6,8,4,0,4,0,83,15
2019,,2019-09-05,Anthony,McDonald-Tipungwuti,Essendon,FPL,4,240,1,16,3,0,2,2,56,5
2019,,2019-09-05,Darcy,Parish,Essendon,INT,3,153,3,18,3,0,5,0,72,13
2019,,2019-09-05,Mason,Redman,Essendon,HBFR,2,142,4,16,4,0,3,1,77,10
2019,,2019-09-05,Aaron,Francis,Essendon,INT,2,408,6,6,2,0,3,0,80,16
2019,,2019-09-05,Will,Snelling,Essendon,HFFR,5,123,0,16,2,0,3,0,92,11
2019,,2019-09-05,Andrew,McGrath,Essendon,WL,6,435,3,11,6,0,7,0,73,22
2019,,2019-09-05,Liam,Ryan,West Coast,FPR,7,243,1,14,2,1,2,0,77,10
2019,,2019-09-05,Jake,Waterman,West Coast,INT,7,170,2,4,2,0,2,0,75,12
2019,,2019-09-05,Willie,Rioli,West Coast,HFFL,9,257,2,12,4,0,5,1,73,11
2019,,2019-09-05,Brayden,Ham,Essendon,INT,2,146,1,11,3,1,3,0,73,8
2019,,2019-09-06,Gary,Ablett,Geelong,HFFL,2,173,0,17,4,1,6,1,77,13
2019,,2019-09-06,Scott,Pendlebury,Collingwood,C,3,321,5,24,5,0,3,1,83,20
2019,,2019-09-06,Joel,Selwood,Geelong,R,3,218,0,25,3,3,5,0,61,11
2019,,2019-09-06,Tom,Hawkins,Geelong,FF,5,137,0,5,2,0,4,1,60,6
2019,,2019-09-06,Chris,Mayne,Collingwood,INT,1,103,8,12,1,0,6,0,84,16
2019,,2019-09-06,Harry,Taylor,Geelong,BPR,0,153,3,6,3,0,4,0,50,5
2019,,2019-09-06,Patrick,Dangerfield,Geelong,C,5,651,6,12,6,2,11,0,69,22
2019,,2019-09-06,Levi,Greenwood,Collingwood,BPL,1,143,2,3,2,0,1,0,71,5
2019,,2019-09-06,Steele,Sidebottom,Collingwood,WR,2,572,2,15,6,0,5,0,64,21
2019,,2019-09-06,Mitch,Duncan,Geelong,WL,1,237,2,8,1,0,3,0,77,10
2019,,2019-09-06,Jordan,Roughead,Collingwood,FB,0,19,2,5,0,0,1,0,86,6
2019,,2019-09-06,Gary,Rohan,Geelong,HFFR,1,13,0,8,1,0,1,1,33,1
2019,,2019-09-06,Jeremy,Howe,Collingwood,BPR,2,601,10,6,5,0,5,0,74,17
2019,,2019-09-06,Zach,Tuohy,Geelong,INT,3,422,4,9,3,0,2,0,86,12
2019,,2019-09-06,Luke,Dahlhaus,Geelong,FPL,4,198,1,16,2,0,3,2,54,7
2019,,2019-09-06,Will,Hoskin-Elliott,Collingwood,HFFR,2,178,0,9,1,0,1,0,100,12
2019,,2019-09-06,Adam,Treloar,Collingwood,RR,5,235,1,24,4,0,5,1,75,21
2019,,2019-09-06,Jack,Crisp,Collingwood,HBFL,1,207,2,9,3,0,2,0,75,9
2019,,2019-09-06,Taylor,Adams,Collingwood,R,3,399,1,29,5,1,13,3,50,13
2019,,2019-09-06,Jamie,Elliott,Collingwood,FPL,4,228,3,8,2,0,6,2,72,13
2019,,2019-09-06,Josh,Thomas,Collingwood,HFFL,2,82,1,12,2,0,4,2,80,12
2019,,2019-09-06,Mark,Blicavs,Geelong,FB,2,6,3,18,1,2,8,0,100,11
2019,,2019-09-06,Brodie,Grundy,Collingwood,RK,7,147,2,10,4,0,6,1,71,15
2019,,2019-09-06,Jed,Bews,Geelong,FPR,2,191,3,9,0,0,5,0,63,5
2019,,2019-09-06,Jordan,De Goey,Collingwood,FF,0,67,0,2,2,0,0,1,0,0
2019,,2019-09-06,Jake,Kolodjashnij,Geelong,BPL,0,103,5,8,1,0,2,0,71,5
2019,,2019-09-06,Brayden,Maynard,Collingwood,HBFR,1,401,9,14,2,0,4,0,69,11
2019,,2019-09-06,Darcy,Moore,Collingwood,CHB,0,298,12,6,3,0,5,0,65,11
2019,,2019-09-06,Tom,Phillips,Collingwood,WL,3,607,5,11,5,0,4,1,59,17
2019,,2019-09-06,Sam,Menegola,Geelong,INT,4,285,6,15,0,0,8,0,81,13
2019,,2019-09-06,Rupert,Wills,Collingwood,INT,1,81,0,32,1,1,1,0,62,8
2019,,2019-09-06,Brandan,Parfitt,Geelong,WR,4,369,4,20,11,0,10,0,59,13
2019,,2019-09-06,Tom,Stewart,Geelong,HBFR,2,381,10,6,2,0,4,1,91,21
2019,,2019-09-06,Mark,O'Connor,Geelong,HBFL,1,279,5,14,4,0,4,0,69,9
2019,,2019-09-06,Callum L.,Brown,Collingwood,INT,2,18,1,21,0,2,2,2,100,9
2019,,2019-09-06,Jaidyn,Stephenson,Collingwood,FPR,5,253,2,15,5,0,5,1,78,14
2019,,2019-09-06,Tim,Kelly,Geelong,RR,4,484,3,27,8,1,8,1,46,13
2019,,2019-09-06,Esava,Ratugolea,Geelong,CHF,1,158,2,8,3,2,6,1,50,5
2019,,2019-09-06,Jack,Henry,Geelong,CHB,2,411,5,3,4,0,3,0,87,13
2019,,2019-09-06,Brody,Mihocek,Collingwood,CHF,4,280,1,11,3,0,3,1,64,9
2019,,2019-09-06,Quinton,Narkle,Geelong,INT,4,213,1,11,3,0,5,0,46,6
2019,,2019-09-06,Tom,Atkins,Geelong,RK,3,36,2,23,5,0,9,0,47,9
2019,,2019-09-06,Gryan,Miers,Geelong,INT,3,170,1,11,7,0,6,0,39,5
2019,,2019-09-06,John,Noble,Collingwood,INT,2,206,5,17,5,0,4,0,68,13
2019,,2019-09-07,Brett,Deledio,Greater Western Sydney,INT,9,184,0,8,1,0,0,2,91,10
2019,,2019-09-07,Heath,Shaw,Greater Western Sydney,BPL,5,513,10,3,3,0,7,0,80,20
2019,,2019-09-07,Shane,Mumford,Greater Western Sydney,RK,1,9,1,21,1,1,4,0,78,7
2019,,2019-09-07,Sam J.,Reid,Greater Western Sydney,INT,1,124,1,21,2,1,3,0,77,10
2019,,2019-09-07,Matthew,Suckling,Western Bulldogs,BPL,4,729,4,10,3,0,2,0,91,21
2019,,2019-09-07,Matt,de Boer,Greater Western Sydney,FPR,4,205,3,26,5,3,3,2,61,11
2019,,2019-09-07,Easton,Wood,Western Bulldogs,HBFR,1,286,8,10,4,0,1,0,71,10
2019,,2019-09-07,Phil,Davis,Greater Western Sydney,FB,2,182,5,3,2,0,0,0,50,4
2019,,2019-09-07,Jeremy,Cameron,Greater Western Sydney,FF,9,353,3,12,3,0,7,0,60,15
2019,,2019-09-07,Toby,Greene,Greater Western Sydney,FPL,10,378,6,14,6,0,7,1,55,11
2019,,2019-09-07,Adam,Kennedy,Greater Western Sydney,INT,4,305,1,9,3,0,1,0,69,11
2019,,2019-09-07,Nick,Haynes,Greater Western Sydney,CHB,2,343,4,5,2,0,3,0,83,15
2019,,2019-09-07,Hayden,Crozier,Western Bulldogs,BPR,1,437,9,8,4,0,2,0,87,13
2019,,2019-09-07,Jason,Johannisen,Western Bulldogs,HBFL,1,403,2,20,6,0,4,0,59,10
2019,,2019-09-07,Lachie,Whitfield,Greater Western Sydney,HBFR,7,698,1,19,7,0,6,0,57,17
2019,,2019-09-07,Taylor,Duryea,Western Bulldogs,INT,1,326,7,12,8,1,5,0,94,16
2019,,2019-09-07,Jack,Macrae,Western Bulldogs,R,4,473,0,30,8,3,3,0,81,26
2019,,2019-09-07,Zac,Williams,Greater Western Sydney,WL,6,364,8,13,5,0,10,0,75,15
2019,,2019-09-07,Aidan,Corr,Greater Western Sydney,HBFL,3,160,5,4,3,0,2,0,92,11
2019,,2019-09-07,Lachie,Hunter,Western Bulldogs,WL,3,290,2,19,2,0,7,1,75,18
2019,,2019-09-07,Josh,Kelly,Greater Western Sydney,R,8,357,3,18,4,2,8,0,73,16
2019,,2019-09-07,Sam,Lloyd,Western Bulldogs,HFFR,3,164,1,14,0,0,0,0,60,6
2019,,2019-09-07,Marcus,Bontempelli,Western Bulldogs,C,4,271,3,25,3,1,3,1,62,8
2019,,2019-09-07,Bailey,Dale,Western Bulldogs,HFFL,2,107,1,13,0,0,1,1,57,4
2019,,2019-09-07,Toby,McLean,Western Bulldogs,FPR,2,151,2,19,4,0,1,1,50,4
2019,,2019-09-07,Zaine,Cordy,Western Bulldogs,CHB,0,263,7,11,4,0,4,0,60,6
2019,,2019-09-07,Josh,Dunkley,Western Bulldogs,RR,4,231,1,25,2,0,4,0,70,14
2019,,2019-09-07,Josh,Schache,Western Bulldogs,CHF,2,67,1,19,3,0,2,0,86,6
2019,,2019-09-07,Jacob,Hopper,Greater Western Sydney,BPR,10,326,6,12,5,4,13,0,60,18
2019,,2019-09-07,Harry,Himmelberg,Greater Western Sydney,CHF,8,92,3,12,2,0,4,0,83,10
2019,,2019-09-07,Tim,Taranto,Greater Western Sydney,C,10,637,3,18,5,1,8,2,82,23
2019,,2019-09-07,Daniel,Lloyd,Greater Western Sydney,INT,6,211,0,10,2,0,3,0,78,7
2019,,2019-09-07,Harry,Perryman,Greater Western Sydney,RR,4,95,7,11,1,0,7,0,84,16
2019,,2019-09-07,Tim,English,Western Bulldogs,RK,5,349,4,13,3,3,5,0,71,12
2019,,2019-09-07,Jeremy,Finlayson,Greater Western Sydney,HFFL,10,396,1,8,1,0,5,0,72,13
2019,,2019-09-07,Lewis,Young,Western Bulldogs,FB,0,286,8,9,8,0,4,0,46,5
2019,,2019-09-07,Patrick,Lipinski,Western Bulldogs,INT,6,293,3,9,3,1,6,0,83,20
2019,,2019-09-07,Aaron,Naughton,Western Bulldogs,FF,4,110,0,10,2,0,0,0,80,4
2019,,2019-09-07,Ed,Richards,Western Bulldogs,WR,2,161,2,14,3,0,7,0,67,8
2019,,2019-09-07,Sam,Taylor,Greater Western Sydney,WR,2,163,5,6,3,0,2,0,82,9
2019,,2019-09-07,Brent,Daniels,Greater Western Sydney,HFFR,10,400,0,15,2,0,6,2,76,16
2019,,2019-09-07,Bailey,Smith,Western Bulldogs,FPL,4,170,1,12,4,1,4,0,56,9
2019,,2019-09-07,Will,Hayes,Western Bulldogs,INT,1,20,2,22,2,0,4,1,71,5
2019,,2019-09-07,Rhylee,West,Western Bulldogs,INT,2,103,0,10,0,0,4,0,80,8
2019,,2019-09-07,Luke,Hodge,Brisbane Lions,BPL,4,501,12,7,5,0,6,0,78,21
2019,,2019-09-07,Shane,Edwards,Richmond,RR,3,407,5,16,3,2,10,0,59,17
2019,,2019-09-07,Bachar,Houli,Richmond,HBFL,3,279,5,18,3,0,5,0,80,12
2019,,2019-09-07,Jack,Riewoldt,Richmond,FPR,3,227,0,10,2,0,1,3,67,4
2019,,2019-09-07,Trent,Cotchin,Richmond,CHF,4,395,2,15,3,2,6,1,63,12
2019,,2019-09-07,Stefan,Martin,Brisbane Lions,RK,3,128,4,11,4,2,3,1,82,14
2019,,2019-09-07,Mitch,Robinson,Brisbane Lions,WR,5,724,5,9,6,0,2,0,68,15
2019,,2019-09-07,Daniel,Rich,Brisbane Lions,HBFR,4,296,4,15,2,0,2,0,100,17
2019,,2019-09-07,Dustin,Martin,Richmond,R,10,330,2,8,5,0,7,1,86,12
2019,,2019-09-07,David,Astbury,Richmond,BPL,1,218,7,6,2,0,3,0,86,12
2019,,2019-09-07,Dylan,Grimes,Richmond,BPR,2,181,10,3,3,0,1,0,92,11
2019,,2019-09-07,Dion,Prestia,Richmond,C,6,544,6,27,11,4,13,2,63,20
2019,,2019-09-07,Allen,Christensen,Brisbane Lions,C,8,243,1,17,3,0,2,3,81,13
2019,,2019-09-07,Tom,Lynch,Richmond,FF,6,243,3,9,2,0,3,1,58,7
2019,,2019-09-07,Josh,Caddy,Richmond,WR,7,504,2,7,2,1,6,0,79,11
2019,,2019-09-07,Brandon,Ellis,Richmond,WL,3,446,2,14,5,0,1,0,82,14
2019,,2019-09-07,Lachie,Neale,Brisbane Lions,RR,6,350,5,19,4,3,12,0,84,31
2019,,2019-09-07,Jarryd,Lyons,Brisbane Lions,R,7,252,2,30,5,5,7,2,75,18
2019,,2019-09-07,Dayne,Zorko,Brisbane Lions,WL,6,624,5,20,4,2,7,1,57,12
2019,,2019-09-07,Lincoln,McCarthy,Brisbane Lions,FPL,3,269,4,14,4,0,5,2,56,9
2019,,2019-09-07,Nick,Vlastuin,Richmond,CHB,1,445,5,9,5,0,5,0,78,14
2019,,2019-09-07,Darcy,Gardiner,Brisbane Lions,CHB,1,309,10,6,5,0,6,0,67,12
2019,,2019-09-07,Charlie,Cameron,Brisbane Lions,HFFL,4,178,0,9,0,0,0,0,57,4
2019,,2019-09-07,Daniel,McStay,Brisbane Lions,FF,5,134,0,8,0,0,0,2,83,5
2019,,2019-09-07,Kane,Lambert,Richmond,HFFR,2,368,0,15,5,0,6,1,40,8
2019,,2019-09-07,Harris,Andrews,Brisbane Lions,FB,0,17,6,12,2,0,5,0,63,5
2019,,2019-09-07,Toby,Nankervis,Richmond,INT,0,11,1,16,1,0,1,1,40,2
2019,,2019-09-07,Daniel,Rioli,Richmond,HFFL,4,216,2,13,1,0,4,1,71,5
2019,,2019-09-07,Marcus,Adams,Brisbane Lions,BPR,0,152,4,11,1,0,2,0,43,3
2019,,2019-09-07,Jayden,Short,Richmond,INT,1,640,3,7,6,0,1,0,93,14
2019,,2019-09-07,Jason,Castagna,Richmond,FPL,4,342,2,10,5,0,0,1,86,12
2019,,2019-09-07,Eric,Hipwood,Brisbane Lions,CHF,2,120,0,8,4,0,2,1,57,4
2019,,2019-09-07,Nathan,Broad,Richmond,FB,0,71,0,6,0,0,0,0,50,1
2019,,2019-09-07,Jarrod,Berry,Brisbane Lions,INT,6,398,2,23,3,2,4,1,67,14
2019,,2019-09-07,Hugh,McCluggage,Brisbane Lions,HFFR,10,308,5,9,3,1,9,1,78,18
2019,,2019-09-07,Ivan,Soldo,Richmond,RK,3,149,3,14,1,2,4,1,71,5
2019,,2019-09-07,Shai,Bolton,Richmond,INT,6,197,0,22,3,0,5,2,77,10
2019,,2019-09-07,Alex,Witherden,Brisbane Lions,INT,1,314,4,8,5,0,3,0,65,11
2019,,2019-09-07,Jack,Graham,Richmond,INT,3,309,4,32,3,0,5,3,79,11
2019,,2019-09-07,Cam,Rayner,Brisbane Lions,FPR,8,238,1,9,3,0,4,0,60,9
2019,,2019-09-07,Zac,Bailey,Brisbane Lions,INT,1,318,2,9,3,0,3,0,69,9
2019,,2019-09-07,Oscar,McInerney,Brisbane Lions,INT,5,46,1,12,1,0,3,1,57,4
2019,,2019-09-07,Liam,Baker,Richmond,HBFR,1,207,3,11,6,0,4,0,63,10
2019,,2019-09-07,Noah,Answerth,Brisbane Lions,HBFL,3,158,0,10,0,0,2,0,75,6
2019,,2019-09-13,Gary,Ablett,Geelong,HFFL,4,325,3,11,7,0,5,2,79,11
2019,,2019-09-13,Shannon,Hurn,West Coast,HBFL,5,231,9,6,2,0,1,0,96,22
2019,,2019-09-13,Josh J.,Kennedy,West Coast,FF,2,60,1,8,5,0,3,1,67,6
2019,,2019-09-13,Joel,Selwood,Geelong,WR,8,425,4,18,4,1,3,0,85,22
2019,,2019-09-13,Tom,Hawkins,Geelong,FF,7,180,0,6,2,0,0,0,54,7
2019,,2019-09-13,Will,Schofield,West Coast,INT,2,76,4,5,1,0,1,0,100,5
2019,,2019-09-13,Chris,Masten,West Coast,HFFR,4,82,4,12,3,0,6,0,77,10
2019,,2019-09-13,Harry,Taylor,Geelong,CHB,1,261,7,7,4,0,3,0,92,12
2019,,2019-09-13,Patrick,Dangerfield,Geelong,C,6,314,2,15,3,5,8,3,78,14
2019,,2019-09-13,Nic,Naitanui,West Coast,RK,5,234,2,16,3,5,6,0,43,6
2019,,2019-09-13,Jack,Redden,West Coast,WL,2,159,4,26,2,2,7,0,78,14
2019,,2019-09-13,Lewis,Jetta,West Coast,HBFR,6,622,2,7,5,0,1,0,65,13
2019,,2019-09-13,Luke,Shuey,West Coast,RR,4,409,4,19,8,1,5,0,73,19
2019,,2019-09-13,Brad,Sheppard,West Coast,BPR,1,107,7,17,5,0,4,0,57,8
2019,,2019-09-13,Rhys,Stanley,Geelong,RK,4,202,1,11,3,1,2,0,67,8
2019,,2019-09-13,Cameron,Guthrie,Geelong,WL,4,316,1,12,4,4,7,1,82,27
2019,,2019-09-13,Jack,Darling,West Coast,CHF,5,260,0,13,1,0,1,3,78,7
2019,,2019-09-13,Andrew,Gaff,West Coast,WR,6,543,2,16,6,1,4,0,70,21
2019,,2019-09-13,Jamie,Cripps,West Coast,HFFL,3,94,1,22,2,0,3,2,67,6
2019,,2019-09-13,Zach,Tuohy,Geelong,INT,1,488,6,6,3,0,7,0,82,22
2019,,2019-09-13,Luke,Dahlhaus,Geelong,FPL,5,174,1,9,1,0,4,0,87,13
2019,,2019-09-13,Tom,Hickey,West Coast,INT,1,215,3,16,3,0,5,0,78,7
2019,,2019-09-13,Elliot,Yeo,West Coast,C,6,435,6,23,7,1,10,1,56,14
2019,,2019-09-13,Mark,Blicavs,Geelong,FB,6,97,5,11,1,1,10,1,64,9
2019,,2019-09-13,Mark,Hutchings,West Coast,R,2,130,0,6,1,0,3,0,57,4
2019,,2019-09-13,Dom,Sheed,West Coast,INT,1,301,2,16,1,2,5,0,59,10
2019,,2019-09-13,Jeremy,McGovern,West Coast,CHB,2,292,7,16,6,0,1,0,80,12
2019,,2019-09-13,Jed,Bews,Geelong,FPR,5,256,5,6,2,0,6,0,77,10
2019,,2019-09-13,Jackson,Nelson,West Coast,FB,1,243,4,8,2,0,1,0,89,8
2019,,2019-09-13,Jake,Kolodjashnij,Geelong,BPL,2,216,6,7,1,0,3,0,92,12
2019,,2019-09-13,Tom,Barrass,West Coast,BPL,0,73,2,6,3,0,1,0,25,1
2019,,2019-09-13,Sam,Menegola,Geelong,RR,4,378,3,15,5,1,5,3,56,10
2019,,2019-09-13,Brandan,Parfitt,Geelong,INT,4,214,1,11,5,0,5,0,81,13
2019,,2019-09-13,Tom,Stewart,Geelong,HBFR,3,512,8,5,2,0,6,0,83,20
2019,,2019-09-13,Mark,O'Connor,Geelong,HBFL,3,168,4,11,3,0,6,0,57,8
2019,,2019-09-13,Tim,Kelly,Geelong,R,9,368,1,16,3,2,6,0,72,13
2019,,2019-09-13,Esava,Ratugolea,Geelong,CHF,6,208,1,5,2,0,6,1,67,8
2019,,2019-09-13,Liam,Ryan,West Coast,FPR,6,260,1,16,4,0,1,0,56,5
2019,,2019-09-13,Jake,Waterman,West Coast,FPL,3,234,1,6,2,0,1,0,80,8
2019,,2019-09-13,Jack,Henry,Geelong,BPR,3,330,9,8,7,0,6,0,63,10
2019,,2019-09-13,Jack,Petruccelle,West Coast,INT,4,334,1,13,1,0,1,1,89,8
2019,,2019-09-13,Quinton,Narkle,Geelong,INT,3,240,1,10,2,0,5,0,80,12
2019,,2019-09-13,Tom,Atkins,Geelong,HFFR,3,126,2,26,0,0,2,4,73,8
2019,,2019-09-13,Gryan,Miers,Geelong,INT,4,205,2,12,2,0,2,0,69,11
2019,,2019-09-14,Luke,Hodge,Brisbane Lions,BPL,4,360,9,4,5,0,4,0,86,19
2019,,2019-09-14,Heath,Shaw,Greater Western Sydney,HBFL,3,187,3,8,2,0,1,0,100,6
2019,,2019-09-14,Shane,Mumford,Greater Western Sydney,RK,3,144,2,17,0,1,1,1,56,5
2019,,2019-09-14,Stefan,Martin,Brisbane Lions,RK,6,294,2,3,3,2,4,0,65,15
2019,,2019-09-14,Sam J.,Reid,Greater Western Sydney,INT,5,158,3,15,1,0,2,0,82,9
2019,,2019-09-14,Daniel,Rich,Brisbane Lions,HBFR,4,747,4,16,5,0,2,0,84,21
2019,,2019-09-14,Matt,de Boer,Greater Western Sydney,FPR,8,72,5,14,0,2,3,1,83,15
2019,,2019-09-14,Phil,Davis,Greater Western Sydney,BPL,1,170,12,3,1,0,4,0,79,11
2019,,2019-09-14,Allen,Christensen,Brisbane Lions,INT,6,186,1,11,4,0,4,0,75,9
2019,,2019-09-14,Jeremy,Cameron,Greater Western Sydney,CHF,10,375,3,8,5,0,3,0,81,13
2019,,2019-09-14,Toby,Greene,Greater Western Sydney,R,10,518,2,25,7,2,10,2,50,15
2019,,2019-09-14,Adam,Kennedy,Greater Western Sydney,INT,1,266,1,10,5,0,2,0,71,10
2019,,2019-09-14,Adam,Tomlinson,Greater Western Sydney,FPL,1,96,0,9,2,0,0,0,43,3
2019,,2019-09-14,Lachie,Neale,Brisbane Lions,RR,6,236,0,19,4,1,2,1,77,13
2019,,2019-09-14,Jarryd,Lyons,Brisbane Lions,R,6,372,5,16,3,3,5,0,78,21
2019,,2019-09-14,Dayne,Zorko,Brisbane Lions,WL,7,633,3,24,6,2,8,1,68,17
2019,,2019-09-14,Lincoln,McCarthy,Brisbane Lions,C,6,317,2,19,2,1,6,0,67,8
2019,,2019-09-14,Nick,Haynes,Greater Western Sydney,HBFR,1,236,9,7,5,0,4,0,64,9
2019,,2019-09-14,Lachie,Whitfield,Greater Western Sydney,WL,2,148,1,9,5,0,4,0,54,7
2019,,2019-09-14,Zac,Williams,Greater Western Sydney,FF,2,456,8,14,0,1,4,0,100,17
2019,,2019-09-14,Aidan,Corr,Greater Western Sydney,FB,1,421,2,6,3,0,0,0,92,12
2019,,2019-09-14,Josh,Kelly,Greater Western Sydney,HFFL,8,444,4,19,5,2,11,1,62,16
2019,,2019-09-14,Nick,Robertson,Brisbane Lions,HBFL,0,353,4,8,7,0,6,0,31,4
2019,,2019-09-14,Darcy,Gardiner,Brisbane Lions,CHB,2,179,6,13,3,0,5,0,85,11
2019,,2019-09-14,Charlie,Cameron,Brisbane Lions,HFFL,6,235,2,6,0,0,5,2,73,8
2019,,2019-09-14,Daniel,McStay,Brisbane Lions,FF,5,91,0,6,0,0,1,1,78,7
2019,,2019-09-14,Harris,Andrews,Brisbane Lions,FB,2,137,5,9,3,0,5,0,55,6
2019,,2019-09-14,Marcus,Adams,Brisbane Lions,BPR,0,70,6,10,1,0,4,0,50,5
2019,,2019-09-14,Jacob,Hopper,Greater Western Sydney,C,4,361,2,16,7,1,10,1,68,17
2019,,2019-09-14,Eric,Hipwood,Brisbane Lions,CHF,5,216,1,8,4,0,0,1,50,5
2019,,2019-09-14,Harry,Himmelberg,Greater Western Sydney,INT,2,75,0,8,1,0,4,1,86,6
2019,,2019-09-14,Tim,Taranto,Greater Western Sydney,BPR,3,318,2,27,5,1,7,2,41,7
2019,,2019-09-14,Jarrod,Berry,Brisbane Lions,INT,8,230,3,13,3,1,9,1,72,13
2019,,2019-09-14,Hugh,McCluggage,Brisbane Lions,HFFR,5,432,0,18,7,1,7,1,52,12
2019,,2019-09-14,Daniel,Lloyd,Greater Western Sydney,INT,2,154,2,16,4,0,4,0,78,7
2019,,2019-09-14,Harry,Perryman,Greater Western Sydney,RR,5,289,0,18,4,0,1,3,62,8
2019,,2019-09-14,Alex,Witherden,Brisbane Lions,INT,2,282,5,6,3,0,2,0,93,14
2019,,2019-09-14,Jeremy,Finlayson,Greater Western Sydney,WR,6,306,2,13,0,0,2,1,67,8
2019,,2019-09-14,Cam,Rayner,Brisbane Lions,FPR,3,161,3,10,2,0,4,0,63,5
2019,,2019-09-14,Zac,Bailey,Brisbane Lions,INT,4,111,4,17,1,0,5,0,64,7
2019,,2019-09-14,Oscar,McInerney,Brisbane Lions,FPL,3,68,1,8,2,2,3,0,29,2
2019,,2019-09-14,Sam,Taylor,Greater Western Sydney,CHB,1,149,8,4,3,0,5,0,70,7
2019,,2019-09-14,Brent,Daniels,Greater Western Sydney,HFFR,4,89,0,23,0,0,4,1,100,9
2019,,2019-09-14,Noah,Answerth,Brisbane Lions,WR,1,82,0,19,1,0,0,0,86,6
2019,,2019-09-20,Gary,Ablett,Geelong,CHF,6,298,0,10,3,0,7,0,67,14
2019,,2019-09-20,Joel,Selwood,Geelong,C,6,454,4,19,7,0,9,0,67,20
2019,,2019-09-20,Shane,Edwards,Richmond,RR,6,180,4,19,1,0,12,1,78,14
2019,,2019-09-20,Bachar,Houli,Richmond,HBFL,4,585,14,11,10,0,6,0,81,26
2019,,2019-09-20,Jack,Riewoldt,Richmond,FPR,5,89,0,18,3,0,2,3,17,1
2019,,2019-09-20,Lachie,Henderson,Geelong,FPL,1,69,0,10,0,0,0,2,100,5
2019,,2019-09-20,Harry,Taylor,Geelong,FB,2,230,9,3,1,0,5,0,86,12
2019,,2019-09-20,Trent,Cotchin,Richmond,CHF,4,189,1,18,2,3,5,0,86,12
2019,,2019-09-20,Patrick,Dangerfield,Geelong,RR,3,313,3,15,3,4,11,1,67,18
2019,,2019-09-20,Dustin,Martin,Richmond,R,9,454,0,10,6,1,3,0,64,14
2019,,2019-09-20,David,Astbury,Richmond,BPL,2,308,6,3,3,0,1,0,92,12
2019,,2019-09-20,Rhys,Stanley,Geelong,RK,2,283,1,11,5,1,4,1,67,12
2019,,2019-09-20,Dylan,Grimes,Richmond,BPR,4,101,4,7,1,0,2,0,89,8
2019,,2019-09-20,Cameron,Guthrie,Geelong,R,5,297,2,13,2,0,3,0,83,10
2019,,2019-09-20,Dion,Prestia,Richmond,C,9,744,4,30,6,2,10,0,79,22
2019,,2019-09-20,Tom,Lynch,Richmond,FF,12,282,0,3,1,0,5,0,79,15
2019,,2019-09-20,Zach,Tuohy,Geelong,INT,6,542,7,10,5,0,6,0,89,23
2019,,2019-09-20,Luke,Dahlhaus,Geelong,HFFR,5,59,0,16,3,0,6,2,79,11
2019,,2019-09-20,Josh,Caddy,Richmond,WR,5,354,4,21,4,1,3,0,69,9
2019,,2019-09-20,Brandon,Ellis,Richmond,WL,5,319,6,8,3,1,7,0,83,15
2019,,2019-09-20,Mark,Blicavs,Geelong,HBFL,3,185,2,13,1,0,2,2,70,7
2019,,2019-09-20,Nick,Vlastuin,Richmond,CHB,3,353,4,14,1,0,0,0,93,13
2019,,2019-09-20,Jed,Bews,Geelong,FPR,0,163,1,7,1,0,1,0,75,6
2019,,2019-09-20,Kane,Lambert,Richmond,HFFR,3,412,1,27,8,0,5,2,61,11
2019,,2019-09-20,Jake,Kolodjashnij,Geelong,BPR,1,205,5,8,2,0,2,0,91,10
2019,,2019-09-20,Toby,Nankervis,Richmond,INT,3,30,2,12,0,1,4,0,80,4
2019,,2019-09-20,Daniel,Rioli,Richmond,HFFL,2,144,1,15,1,0,4,0,89,8
2019,,2019-09-20,Jayden,Short,Richmond,HBFR,3,612,1,11,6,0,3,0,62,8
2019,,2019-09-20,Jason,Castagna,Richmond,FPL,6,271,0,12,0,0,2,1,67,8
2019,,2019-09-20,Nathan,Broad,Richmond,FB,0,5,1,8,0,0,0,0,100,3
2019,,2019-09-20,Sam,Menegola,Geelong,WL,2,203,4,15,1,0,6,0,78,14
2019,,2019-09-20,Brandan,Parfitt,Geelong,INT,4,189,4,12,6,1,9,0,63,10
2019,,2019-09-20,Tom,Stewart,Geelong,CHB,3,469,7,7,0,0,2,0,100,19
2019,,2019-09-20,Ivan,Soldo,Richmond,RK,2,85,4,11,3,0,3,1,80,8
2019,,2019-09-20,Mark,O'Connor,Geelong,HBFR,6,376,3,16,2,0,1,1,83,15
2019,,2019-09-20,Shai,Bolton,Richmond,INT,5,209,0,9,2,0,2,0,90,9
2019,,2019-09-20,Jack,Graham,Richmond,INT,3,163,3,23,2,1,2,1,57,4
2019,,2019-09-20,Tim,Kelly,Geelong,WR,5,754,4,18,8,1,4,2,68,21
2019,,2019-09-20,Esava,Ratugolea,Geelong,FF,4,101,0,5,2,0,1,0,67,6
2019,,2019-09-20,Jack,Henry,Geelong,BPL,2,322,2,7,4,0,2,0,75,9
2019,,2019-09-20,Quinton,Narkle,Geelong,INT,4,137,1,7,4,2,4,2,69,9
2019,,2019-09-20,Liam,Baker,Richmond,INT,3,355,9,17,3,0,5,0,67,12
2019,,2019-09-20,Tom,Atkins,Geelong,HFFL,2,42,4,8,2,0,5,0,100,11
2019,,2019-09-20,Gryan,Miers,Geelong,INT,6,362,3,10,7,1,7,0,68,15
2019,,2019-09-21,Heath,Shaw,Greater Western Sydney,FB,0,195,6,9,5,0,6,0,63,10
2019,,2019-09-21,Scott,Pendlebury,Collingwood,C,3,332,2,27,3,1,4,2,72,13
2019,,2019-09-21,Ben,Reid,Collingwood,FF,2,90,0,12,3,0,1,0,75,3
2019,,2019-09-21,Chris,Mayne,Collingwood,INT,3,128,4,11,0,0,4,0,67,6
2019,,2019-09-21,Shane,Mumford,Greater Western Sydney,RK,0,164,0,21,0,0,2,0,38,3
2019,,2019-09-21,Sam J.,Reid,Greater Western Sydney,RR,2,173,4,19,1,0,3,0,88,7
2019,,2019-09-21,Matt,de Boer,Greater Western Sydney,FPR,2,81,4,22,3,0,4,2,67,6
2019,,2019-09-21,Steele,Sidebottom,Collingwood,WR,5,239,2,22,4,0,3,1,75,12
2019,,2019-09-21,Phil,Davis,Greater Western Sydney,BPL,1,62,1,8,2,0,0,1,75,3
2019,,2019-09-21,Jordan,Roughead,Collingwood,FB,2,232,4,8,1,0,3,0,63,5
2019,,2019-09-21,Jeremy,Howe,Collingwood,BPR,3,627,11,4,8,0,5,0,82,23
2019,,2019-09-21,Lachlan,Keeffe,Greater Western Sydney,HFFL,1,70,4,4,2,0,2,0,71,5
2019,,2019-09-21,Jeremy,Cameron,Greater Western Sydney,FF,7,307,2,13,2,0,3,0,75,9
2019,,2019-09-21,Will,Hoskin-Elliott,Collingwood,HFFR,1,210,0,10,3,0,0,0,75,6
2019,,2019-09-21,Adam,Kennedy,Greater Western Sydney,INT,0,309,5,14,5,0,3,0,46,6
2019,,2019-09-21,Adam,Tomlinson,Greater Western Sydney,INT,2,348,3,8,5,0,4,0,60,9
2019,,2019-09-21,Adam,Treloar,Collingwood,RR,1,149,2,20,4,2,7,5,68,15
2019,,2019-09-21,Jack,Crisp,Collingwood,HBFL,3,469,7,29,8,0,8,4,54,14
2019,,2019-09-21,Taylor,Adams,Collingwood,R,3,568,3,18,9,0,3,2,45,9
2019,,2019-09-21,Jamie,Elliott,Collingwood,FPL,5,223,2,10,3,0,2,3,69,9
2019,,2019-09-21,Nick,Haynes,Greater Western Sydney,CHB,2,462,10,5,5,0,9,0,73,22
2019,,2019-09-21,Josh,Thomas,Collingwood,HFFL,7,134,0,19,1,0,7,3,64,9
2019,,2019-09-21,Zac,Williams,Greater Western Sydney,HBFR,4,395,3,27,5,5,12,0,68,17
2019,,2019-09-21,Aidan,Corr,Greater Western Sydney,HBFL,1,193,2,7,1,0,2,0,84,16
2019,,2019-09-21,Brodie,Grundy,Collingwood,RK,4,156,4,8,4,4,10,0,68,17
2019,,2019-09-21,James,Aish,Collingwood,INT,1,121,0,17,1,0,2,0,50,4
2019,,2019-09-21,Josh,Kelly,Greater Western Sydney,C,4,441,5,32,11,2,11,2,52,14
2019,,2019-09-21,Brayden,Maynard,Collingwood,HBFR,5,447,9,17,5,0,10,0,70,16
2019,,2019-09-21,Darcy,Moore,Collingwood,CHB,1,336,14,9,2,0,7,0,88,15
2019,,2019-09-21,Jacob,Hopper,Greater Western Sydney,R,4,246,1,14,3,1,13,0,46,10
2019,,2019-09-21,Tom,Phillips,Collingwood,WL,2,301,3,8,3,0,5,0,44,8
2019,,2019-09-21,Harry,Himmelberg,Greater Western Sydney,INT,0,104,2,10,2,0,5,1,88,7
2019,,2019-09-21,Rupert,Wills,Collingwood,INT,1,54,1,22,3,1,3,2,81,13
2019,,2019-09-21,Tim,Taranto,Greater Western Sydney,WL,3,538,2,26,8,2,6,0,54,14
2019,,2019-09-21,Daniel,Lloyd,Greater Western Sydney,INT,4,380,5,16,4,0,6,0,53,10
2019,,2019-09-21,Harry,Perryman,Greater Western Sydney,HFFR,4,262,3,17,3,0,12,0,70,16
2019,,2019-09-21,Callum L.,Brown,Collingwood,INT,1,216,1,14,1,0,2,1,60,6
2019,,2019-09-21,Jeremy,Finlayson,Greater Western Sydney,WR,5,285,0,8,5,0,5,0,50,6
2019,,2019-09-21,Jaidyn,Stephenson,Collingwood,FPR,2,289,2,15,3,0,4,2,56,9
2019,,2019-09-21,Brody,Mihocek,Collingwood,CHF,1,60,0,10,0,0,0,1,100,2
2019,,2019-09-21,Sam,Taylor,Greater Western Sydney,BPR,1,167,8,9,0,0,4,0,79,11
2019,,2019-09-21,Brent,Daniels,Greater Western Sydney,FPL,2,141,3,15,2,0,5,0,64,9
2019,,2019-09-21,John,Noble,Collingwood,BPL,2,308,6,7,4,0,3,0,44,7
2019,,2019-09-21,Bobby,Hill,Greater Western Sydney,CHF,3,65,0,8,2,0,3,0,57,4
2019,,2019-09-28,Heath,Shaw,Greater Western Sydney,HBFR,1,507,5,5,4,0,4,0,90,26
2019,,2019-09-28,Shane,Edwards,Richmond,RR,6,268,4,23,3,2,7,1,81,17
2019,,2019-09-28,Bachar,Houli,Richmond,HBFL,6,317,9,14,2,0,5,0,77,20
2019,,2019-09-28,Jack,Riewoldt,Richmond,FPR,8,418,0,17,1,0,2,0,69,9
2019,,2019-09-28,Shane,Mumford,Greater Western Sydney,RK,0,0,2,12,1,1,5,0,70,7
2019,,2019-09-28,Trent,Cotchin,Richmond,CHF,6,298,2,14,1,2,2,1,73,11
2019,,2019-09-28,Sam J.,Reid,Greater Western Sydney,HFFL,1,97,5,17,2,0,5,0,67,8
2019,,2019-09-28,Matt,de Boer,Greater Western Sydney,R,1,83,0,17,1,0,1,0,67,8
2019,,2019-09-28,Dustin,Martin,Richmond,R,8,372,0,9,5,0,6,1,86,19
2019,,2019-09-28,Phil,Davis,Greater Western Sydney,FB,1,215,5,6,0,0,2,0,80,12
2019,,2019-09-28,David,Astbury,Richmond,BPL,1,139,6,3,1,0,1,0,91,10
2019,,2019-09-28,Dylan,Grimes,Richmond,BPR,1,115,5,4,1,0,2,0,100,14
2019,,2019-09-28,Dion,Prestia,Richmond,C,3,366,1,24,6,0,4,0,55,12
2019,,2019-09-28,Tom,Lynch,Richmond,FF,4,323,3,6,4,0,2,1,77,10
2019,,2019-09-28,Josh,Caddy,Richmond,WR,4,414,5,25,6,0,6,0,79,15
2019,,2019-09-28,Jeremy,Cameron,Greater Western Sydney,CHF,4,330,1,6,4,0,2,0,77,10
2019,,2019-09-28,Toby,Greene,Greater Western Sydney,HFFR,4,356,3,18,8,0,5,1,57,13
2019,,2019-09-28,Adam,Kennedy,Greater Western Sydney,INT,1,121,5,13,0,0,3,1,82,9
2019,,2019-09-28,Adam,Tomlinson,Greater Western Sydney,INT,2,214,5,5,3,0,6,0,77,13
2019,,2019-09-28,Brandon,Ellis,Richmond,WL,3,208,3,14,3,0,1,0,82,9
2019,,2019-09-28,Nick,Haynes,Greater Western Sydney,BPL,2,485,6,10,4,0,1,0,75,18
2019,,2019-09-28,Lachie,Whitfield,Greater Western Sydney,WR,2,295,1,16,5,0,4,0,79,11
2019,,2019-09-28,Nick,Vlastuin,Richmond,CHB,5,570,5,7,2,0,2,0,91,20
2019,,2019-09-28,Zac,Williams,Greater Western Sydney,WL,2,246,2,15,2,1,6,0,76,16
2019,,2019-09-28,Aidan,Corr,Greater Western Sydney,BPR,0,374,2,3,3,0,1,0,83,15
2019,,2019-09-28,Josh,Kelly,Greater Western Sydney,C,1,177,1,20,2,2,2,0,80,12
2019,,2019-09-28,Kane,Lambert,Richmond,HFFR,6,198,5,16,5,1,7,0,79,15
2019,,2019-09-28,Toby,Nankervis,Richmond,RK,3,54,2,12,1,2,3,0,65,11
2019,,2019-09-28,Daniel,Rioli,Richmond,HFFL,8,280,0,25,2,0,4,3,83,10
2019,,2019-09-28,Jayden,Short,Richmond,HBFR,3,399,5,13,3,0,6,0,63,12
2019,,2019-09-28,Jason,Castagna,Richmond,FPL,10,586,1,17,6,0,5,0,55,11
2019,,2019-09-28,Jacob,Hopper,Greater Western Sydney,HBFL,4,290,2,20,6,0,6,1,63,12
2019,,2019-09-28,Nathan,Broad,Richmond,FB,1,104,4,5,1,0,1,0,85,11
2019,,2019-09-28,Harry,Himmelberg,Greater Western Sydney,FPL,3,153,2,7,4,0,1,1,58,7
2019,,2019-09-28,Tim,Taranto,Greater Western Sydney,RR,4,385,6,25,6,2,11,1,63,19
2019,,2019-09-28,Ivan,Soldo,Richmond,INT,3,48,3,8,1,1,2,0,86,6
2019,,2019-09-28,Daniel,Lloyd,Greater Western Sydney,INT,3,156,2,10,5,1,8,0,67,10
2019,,2019-09-28,Harry,Perryman,Greater Western Sydney,INT,1,222,4,13,6,0,6,0,62,13
2019,,2019-09-28,Shai,Bolton,Richmond,INT,3,143,1,16,4,1,3,0,64,7
2019,,2019-09-28,Jeremy,Finlayson,Greater Western Sydney,FF,0,26,0,9,1,1,0,1,100,1
2019,,2019-09-28,Sam,Taylor,Greater Western Sydney,CHB,1,132,6,7,2,0,4,0,79,11
2019,,2019-09-28,Brent,Daniels,Greater Western Sydney,FPR,1,197,0,15,4,0,0,2,67,10
2019,,2019-09-28,Liam,Baker,Richmond,INT,2,83,5,5,1,0,5,0,83,10
2019,,2019-09-28,Marlion,Pickett,Richmond,INT,9,559,3,9,5,2,8,0,64,14
