year,round,date,player_first_name,player_last_name,player_team,player_position,score_involvements,metres_gained,intercepts,pressure_acts,turnovers,centre_clearances,ground_ball_gets,tackles_inside_fifty,disposal_efficiency_percentage,effective_disposals
2020,1.0,2020-03-19,Kade,Simpson,Carlton,INT,4,376,8,7,5,1,5,0,85,17
2020,1.0,2020-03-19,Marc,Murphy,Carlton,RR,7,347,2,17,7,1,8,0,69,18
2020,1.0,2020-03-19,Shane,Edwards,Richmond,CHF,8,312,0,16,3,4,2,0,87,13
2020,1.0,2020-03-19,Jack,Riewoldt,Richmond,FPR,5,133,0,7,5,0,0,1,67,4
2020,1.0,2020-03-19,Matthew,Kreuzer,Carlton,RK,1,-15,1,4,0,0,0,0,100,1
2020,1.0,2020-03-19,Trent,Cotchin,Richmond,RR,7,463,2,17,5,2,7,0,63,12
2020,1.0,2020-03-19,Dustin,Martin,Richmond,FF,8,257,3,16,2,3,3,1,75,18
2020,1.0,2020-03-19,David,Astbury,Richmond,BPR,3,300,7,7,1,0,4,0,100,14
2020,1.0,2020-03-19,Liam,Jones,Carlton,FB,1,173,7,2,1,0,2,0,78,7
2020,1.0,2020-03-19,Dylan,Grimes,Richmond,FB,1,92,6,5,2,0,1,0,71,5
2020,1.0,2020-03-19,Ed,Curnow,Carlton,R,7,269,2,16,5,3,3,0,56,9
2020,1.0,2020-03-19,Dion,Prestia,Richmond,C,8,546,3,25,9,2,5,0,72,18
2020,1.0,2020-03-19,Tom,Lynch,Richmond,FPL,6,121,0,14,1,0,5,0,78,7
2020,1.0,2020-03-19,Josh,Caddy,Richmond,WL,5,299,3,9,6,0,1,1,80,12
2020,1.0,2020-03-19,Jack,Newnes,Carlton,WR,2,356,1,8,4,0,2,0,75,9
2020,1.0,2020-03-19,Levi,Casboult,Carlton,FPL,6,159,3,9,3,0,4,0,65,11
2020,1.0,2020-03-19,Lachie,Plowman,Carlton,BPL,2,181,2,6,2,0,1,0,57,4
2020,1.0,2020-03-19,Sam,Docherty,Carlton,BPR,3,584,9,9,5,0,5,0,69,18
2020,1.0,2020-03-19,Nick,Vlastuin,Richmond,CHB,0,263,3,6,2,0,2,0,86,6
2020,1.0,2020-03-19,Jack,Martin,Carlton,HFFR,10,275,3,9,3,0,4,0,77,13
2020,1.0,2020-03-19,Patrick,Cripps,Carlton,C,9,295,1,11,6,8,9,0,65,20
2020,1.0,2020-03-19,Kane,Lambert,Richmond,R,8,203,2,9,2,0,2,0,79,11
2020,1.0,2020-03-19,Toby,Nankervis,Richmond,INT,2,54,2,10,1,1,3,0,86,6
2020,1.0,2020-03-19,Daniel,Rioli,Richmond,INT,9,246,1,12,3,0,4,0,92,11
2020,1.0,2020-03-19,Jacob,Weitering,Carlton,CHB,1,315,8,8,3,0,6,0,83,10
2020,1.0,2020-03-19,Mitch,McGovern,Carlton,CHF,4,129,1,14,0,0,2,2,57,4
2020,1.0,2020-03-19,Jayden,Short,Richmond,HBFL,1,511,3,9,6,0,1,0,93,14
2020,1.0,2020-03-19,Jason,Castagna,Richmond,HFFR,4,162,0,21,1,0,0,1,88,7
2020,1.0,2020-03-19,Nathan,Broad,Richmond,BPL,2,165,2,4,3,0,1,0,89,8
2020,1.0,2020-03-19,Jack,Silvagni,Carlton,FPR,4,75,0,11,1,0,2,0,50,3
2020,1.0,2020-03-19,David,Cuningham,Carlton,FF,5,171,0,4,1,0,0,0,75,6
2020,1.0,2020-03-19,Sam,Petrevski-Seton,Carlton,HBFR,4,211,9,12,0,0,9,0,90,17
2020,1.0,2020-03-19,Nic,Newman,Carlton,HBFL,1,253,2,13,1,0,1,0,77,10
2020,1.0,2020-03-19,Zac,Fisher,Carlton,INT,3,384,2,14,3,1,7,0,71,12
2020,1.0,2020-03-19,Ivan,Soldo,Richmond,RK,7,133,1,14,0,1,3,0,90,9
2020,1.0,2020-03-19,Shai,Bolton,Richmond,HFFL,7,416,0,14,2,1,2,1,69,9
2020,1.0,2020-03-19,Will,Setterfield,Carlton,INT,3,111,3,13,1,0,3,2,67,4
2020,1.0,2020-03-19,Jack,Graham,Richmond,WR,1,42,3,23,1,1,3,0,100,8
2020,1.0,2020-03-19,Paddy,Dow,Carlton,HFFL,4,116,1,11,0,0,1,0,57,4
2020,1.0,2020-03-19,Liam,Baker,Richmond,HBFR,7,222,10,9,4,0,8,0,75,12
2020,1.0,2020-03-19,Michael,Gibbons,Carlton,INT,2,115,0,12,1,0,1,0,71,5
2020,1.0,2020-03-19,Sam,Walsh,Carlton,WL,1,262,2,16,8,0,7,0,32,6
2020,1.0,2020-03-19,Sydney,Stack,Richmond,INT,4,167,5,11,3,0,5,0,80,8
2020,1.0,2020-03-19,Marlion,Pickett,Richmond,INT,6,267,3,27,3,0,5,0,71,10
2020,1.0,2020-03-20,Scott,Pendlebury,Collingwood,C,6,217,1,18,3,2,4,0,72,18
2020,1.0,2020-03-20,Chris,Mayne,Collingwood,WR,8,169,5,8,2,0,6,0,93,27
2020,1.0,2020-03-20,Matthew,Suckling,Western Bulldogs,INT,5,190,0,7,2,0,2,0,82,9
2020,1.0,2020-03-20,Steele,Sidebottom,Collingwood,R,8,165,2,24,7,0,6,0,77,20
2020,1.0,2020-03-20,Easton,Wood,Western Bulldogs,BPR,0,101,6,5,2,0,5,0,71,10
2020,1.0,2020-03-20,Jordan,Roughead,Collingwood,FB,0,18,1,2,0,0,0,0,100,5
2020,1.0,2020-03-20,Mitch,Wallis,Western Bulldogs,R,2,31,3,13,3,0,4,0,83,10
2020,1.0,2020-03-20,Jeremy,Howe,Collingwood,BPR,3,433,12,6,4,0,7,0,88,22
2020,1.0,2020-03-20,Will,Hoskin-Elliott,Collingwood,WL,4,123,1,13,1,1,4,0,87,13
2020,1.0,2020-03-20,Jack,Crisp,Collingwood,BPL,3,349,3,4,4,0,1,0,80,12
2020,1.0,2020-03-20,Taylor,Adams,Collingwood,RR,5,230,2,22,5,6,5,1,62,16
2020,1.0,2020-03-20,Josh,Bruce,Western Bulldogs,CHF,2,60,0,9,1,1,1,0,67,4
2020,1.0,2020-03-20,Jamie,Elliott,Collingwood,FPR,5,233,0,12,5,0,3,1,54,7
2020,1.0,2020-03-20,Hayden,Crozier,Western Bulldogs,HBFL,2,259,6,22,4,1,5,0,77,13
2020,1.0,2020-03-20,Jason,Johannisen,Western Bulldogs,CHB,3,190,3,14,1,0,4,0,75,12
2020,1.0,2020-03-20,Josh,Thomas,Collingwood,INT,5,-27,0,18,0,0,5,1,82,9
2020,1.0,2020-03-20,Jack,Macrae,Western Bulldogs,INT,2,266,0,28,3,0,10,1,73,16
2020,1.0,2020-03-20,Lachie,Hunter,Western Bulldogs,WR,0,256,1,14,3,1,3,0,77,17
2020,1.0,2020-03-20,Brodie,Grundy,Collingwood,RK,9,171,2,10,2,2,7,1,58,11
2020,1.0,2020-03-20,Sam,Lloyd,Western Bulldogs,FPR,1,95,0,20,3,0,0,1,75,6
2020,1.0,2020-03-20,Marcus,Bontempelli,Western Bulldogs,C,1,168,1,21,4,1,6,0,73,11
2020,1.0,2020-03-20,Jordan,De Goey,Collingwood,FPL,4,320,1,8,2,3,1,1,57,8
2020,1.0,2020-03-20,Bailey,Dale,Western Bulldogs,HFFL,1,-7,1,10,3,0,2,0,67,4
2020,1.0,2020-03-20,Brayden,Maynard,Collingwood,HBFL,4,343,3,8,2,0,3,0,95,18
2020,1.0,2020-03-20,Darcy,Moore,Collingwood,CHB,1,51,4,3,0,0,3,0,100,11
2020,1.0,2020-03-20,Caleb,Daniel,Western Bulldogs,INT,4,160,7,15,1,1,8,0,75,15
2020,1.0,2020-03-20,Zaine,Cordy,Western Bulldogs,FB,1,257,2,6,1,0,0,0,89,8
2020,1.0,2020-03-20,Josh,Dunkley,Western Bulldogs,RR,3,201,6,19,4,0,7,0,53,10
2020,1.0,2020-03-20,Mason,Cox,Collingwood,FF,3,12,1,3,0,0,1,0,89,8
2020,1.0,2020-03-20,Bailey,Williams,Western Bulldogs,HBFR,3,332,2,21,4,0,2,0,77,13
2020,1.0,2020-03-20,Tom,Phillips,Collingwood,HFFL,4,109,2,14,0,0,3,1,92,11
2020,1.0,2020-03-20,Tim,English,Western Bulldogs,RK,2,113,4,10,0,0,0,0,70,7
2020,1.0,2020-03-20,Callum L.,Brown,Collingwood,HFFR,5,94,0,24,3,0,4,2,86,12
2020,1.0,2020-03-20,Lewis,Young,Western Bulldogs,FPL,1,26,0,8,1,0,0,0,75,3
2020,1.0,2020-03-20,Alex,Keath,Western Bulldogs,BPL,1,291,5,6,2,0,2,0,73,11
2020,1.0,2020-03-20,Josh,Daicos,Collingwood,INT,3,160,3,17,2,0,3,1,86,12
2020,1.0,2020-03-20,Aaron,Naughton,Western Bulldogs,FF,0,32,0,10,0,0,0,1,100,2
2020,1.0,2020-03-20,Brody,Mihocek,Collingwood,CHF,8,317,0,15,0,0,1,1,100,11
2020,1.0,2020-03-20,Jack,Madgen,Collingwood,INT,2,31,0,1,1,0,0,0,100,5
2020,1.0,2020-03-20,Bailey,Smith,Western Bulldogs,WL,3,227,1,24,4,0,6,0,74,17
2020,1.0,2020-03-20,Ryan,Gardner,Western Bulldogs,HFFR,0,32,1,3,2,0,0,0,64,7
2020,1.0,2020-03-20,John,Noble,Collingwood,HBFR,3,141,4,11,4,0,4,0,79,15
2020,1.0,2020-03-20,Ben,Cavarra,Western Bulldogs,INT,2,105,1,13,0,0,1,1,67,2
2020,1.0,2020-03-20,Tyler,Brown,Collingwood,INT,3,93,1,19,3,1,6,0,60,9
2020,1.0,2020-03-21,Tom,Bellchambers,Essendon,RK,5,-7,1,5,1,0,0,0,86,6
2020,1.0,2020-03-21,Michael,Hurley,Essendon,FB,2,244,4,1,4,0,2,0,88,15
2020,1.0,2020-03-21,David,Zaharakis,Essendon,INT,2,278,1,6,4,0,1,0,59,10
2020,1.0,2020-03-21,Michael,Walters,Fremantle,FPR,8,340,1,13,3,2,6,0,81,17
2020,1.0,2020-03-21,Travis,Colyer,Fremantle,INT,5,179,1,8,2,0,4,1,54,7
2020,1.0,2020-03-21,Nat,Fyfe,Fremantle,C,4,225,6,17,5,1,8,0,62,16
2020,1.0,2020-03-21,Reece,Conca,Fremantle,HBFL,4,193,6,6,4,0,4,0,87,13
2020,1.0,2020-03-21,Dylan,Shiel,Essendon,R,5,298,4,13,1,6,8,0,77,27
2020,1.0,2020-03-21,Devon,Smith,Essendon,HFFR,7,318,2,18,3,0,4,5,67,10
2020,1.0,2020-03-21,Jacob,Townsend,Essendon,FF,6,73,0,4,2,0,2,2,78,7
2020,1.0,2020-03-21,Jake,Stringer,Essendon,FPL,6,336,1,12,3,0,3,0,22,2
2020,1.0,2020-03-21,Matt,Taberner,Fremantle,CHF,5,139,0,4,6,0,2,0,40,4
2020,1.0,2020-03-21,Zach,Merrett,Essendon,RR,5,241,4,15,6,3,7,0,73,16
2020,1.0,2020-03-21,James,Aish,Fremantle,WR,1,256,2,10,4,0,0,0,75,9
2020,1.0,2020-03-21,Tom,Cutler,Essendon,WR,2,437,4,7,5,0,3,1,77,13
2020,1.0,2020-03-21,Rory,Lobb,Fremantle,FF,7,335,5,10,1,0,2,1,80,12
2020,1.0,2020-03-21,Orazio,Fantasia,Essendon,HFFL,4,74,1,4,0,0,0,1,100,6
2020,1.0,2020-03-21,Cam,McCarthy,Fremantle,R,3,195,3,7,2,0,2,0,64,7
2020,1.0,2020-03-21,Adam,Saad,Essendon,HBFL,3,481,5,12,6,0,3,0,82,23
2020,1.0,2020-03-21,Kyle,Langford,Essendon,WL,1,222,3,9,4,1,5,0,78,14
2020,1.0,2020-03-21,Jayden,Laverde,Essendon,INT,3,96,0,6,1,0,0,1,100,5
2020,1.0,2020-03-21,Ethan,Hughes,Fremantle,BPR,2,103,4,1,0,0,2,0,71,5
2020,1.0,2020-03-21,Anthony,McDonald-Tipungwuti,Essendon,FPR,3,74,0,13,1,0,3,1,55,6
2020,1.0,2020-03-21,Darcy,Parish,Essendon,INT,4,156,2,10,1,0,4,0,83,10
2020,1.0,2020-03-21,Darcy,Tucker,Fremantle,RR,7,330,2,17,5,0,5,0,61,14
2020,1.0,2020-03-21,Mason,Redman,Essendon,HBFR,2,172,3,8,4,0,2,0,82,14
2020,1.0,2020-03-21,Aaron,Francis,Essendon,BPL,0,187,2,8,1,0,1,0,90,9
2020,1.0,2020-03-21,Will,Snelling,Essendon,CHF,6,137,4,14,2,0,4,1,82,14
2020,1.0,2020-03-21,Andrew,McGrath,Essendon,C,6,216,6,15,3,1,9,0,61,14
2020,1.0,2020-03-21,Griffin,Logue,Fremantle,FB,0,42,4,1,1,0,2,0,83,5
2020,1.0,2020-03-21,Luke,Ryan,Fremantle,BPL,2,288,2,8,1,0,1,0,82,9
2020,1.0,2020-03-21,Brennan,Cox,Fremantle,CHB,1,115,4,5,1,0,0,0,90,9
2020,1.0,2020-03-21,Sean,Darcy,Fremantle,RK,1,14,0,5,1,2,3,0,100,6
2020,1.0,2020-03-21,Bailey,Banfield,Fremantle,HFFR,5,118,0,12,5,0,5,1,58,7
2020,1.0,2020-03-21,Andrew,Brayshaw,Fremantle,INT,3,173,3,10,0,1,3,0,71,10
2020,1.0,2020-03-21,Adam,Cerra,Fremantle,HBFR,4,207,2,13,2,0,2,0,93,14
2020,1.0,2020-03-21,Mitch,Crowden,Fremantle,INT,1,166,2,8,3,0,1,0,70,7
2020,1.0,2020-03-21,Matt,Guelfi,Essendon,INT,2,251,4,3,2,0,1,0,81,13
2020,1.0,2020-03-21,Taylin,Duman,Fremantle,INT,1,229,5,10,2,0,2,0,70,7
2020,1.0,2020-03-21,Jordan,Ridley,Essendon,CHB,1,100,3,5,0,0,1,0,100,16
2020,1.0,2020-03-21,Lachie,Schultz,Fremantle,FPL,2,266,0,9,4,0,2,1,78,7
2020,1.0,2020-03-21,Brett,Bewley,Fremantle,WL,5,498,3,11,3,0,3,0,85,17
2020,1.0,2020-03-21,Brandon,Zerk-Thatcher,Essendon,BPR,1,124,2,6,2,0,1,0,92,11
2020,1.0,2020-03-21,Sam,Sturt,Fremantle,HFFL,7,199,1,9,0,0,2,0,90,9
2020,1.0,2020-03-21,Bryce,Gibbs,Adelaide,INT,1,61,1,1,0,0,1,0,86,6
2020,1.0,2020-03-21,Josh P.,Kennedy,Sydney,RR,5,256,3,16,4,4,11,0,80,20
2020,1.0,2020-03-21,Taylor,Walker,Adelaide,WR,3,130,0,6,2,0,2,0,43,3
2020,1.0,2020-03-21,Rory,Sloane,Adelaide,R,7,335,3,24,2,3,7,2,82,14
2020,1.0,2020-03-21,Tom,Lynch,Adelaide,HFFR,5,418,2,4,4,0,5,2,100,14
2020,1.0,2020-03-21,Brodie,Smith,Adelaide,HBFR,3,221,1,8,1,0,2,1,71,5
2020,1.0,2020-03-21,Luke,Parker,Sydney,C,5,357,2,14,5,5,6,0,73,22
2020,1.0,2020-03-21,Daniel,Talia,Adelaide,FB,1,278,7,4,3,0,6,0,62,8
2020,1.0,2020-03-21,Harry,Cunningham,Sydney,WL,3,264,1,8,3,0,2,1,75,9
2020,1.0,2020-03-21,Paul,Seedsman,Adelaide,WL,1,438,1,8,6,0,3,0,64,9
2020,1.0,2020-03-21,Luke,Brown,Adelaide,BPL,0,324,4,6,4,0,3,0,91,10
2020,1.0,2020-03-21,Dane,Rampe,Sydney,FB,1,116,3,6,2,0,1,0,90,9
2020,1.0,2020-03-21,Brad,Crouch,Adelaide,RR,2,279,4,11,6,2,9,1,60,12
2020,1.0,2020-03-21,Rory,Laird,Adelaide,BPR,2,293,10,6,6,0,7,0,79,15
2020,1.0,2020-03-21,Lewis,Taylor,Sydney,HFFR,2,169,0,11,1,0,1,1,67,6
2020,1.0,2020-03-21,Matt,Crouch,Adelaide,INT,4,209,1,12,1,0,2,0,72,13
2020,1.0,2020-03-21,Sam,Gray,Sydney,WR,3,170,1,7,4,0,5,1,44,7
2020,1.0,2020-03-21,Jake,Lloyd,Sydney,BPL,3,261,4,4,2,1,3,0,71,12
2020,1.0,2020-03-21,Sam,Naismith,Sydney,RK,5,241,2,10,2,2,4,0,64,7
2020,1.0,2020-03-21,Isaac,Heeney,Sydney,FF,5,300,5,13,5,0,10,2,63,10
2020,1.0,2020-03-21,Jake,Kelly,Adelaide,C,1,110,7,5,1,0,2,0,63,5
2020,1.0,2020-03-21,Rory,Atkins,Adelaide,HFFL,2,179,4,14,5,0,7,0,64,9
2020,1.0,2020-03-21,Wayne,Milera,Adelaide,HBFL,4,353,7,11,0,0,2,0,87,13
2020,1.0,2020-03-21,Callum,Mills,Sydney,HBFL,2,201,9,6,4,0,5,1,78,14
2020,1.0,2020-03-21,Tom,Papley,Sydney,R,5,154,0,6,4,0,4,3,60,9
2020,1.0,2020-03-21,Aliir,Aliir,Sydney,HBFR,3,162,4,5,4,2,4,0,73,8
2020,1.0,2020-03-21,Kaiden,Brand,Sydney,BPR,2,92,5,8,2,0,3,0,82,9
2020,1.0,2020-03-21,Reilly,O'Brien,Adelaide,RK,4,104,3,15,1,0,2,0,73,8
2020,1.0,2020-03-21,Oliver,Florent,Sydney,FPL,8,514,1,9,2,3,6,0,62,13
2020,1.0,2020-03-21,Will,Hayward,Sydney,HFFL,2,69,0,9,0,0,1,1,100,4
2020,1.0,2020-03-21,Jordan,Dawson,Sydney,FPR,3,256,4,9,0,0,4,0,78,14
2020,1.0,2020-03-21,Tyson,Stengle,Adelaide,FPR,1,112,1,10,1,0,4,1,64,7
2020,1.0,2020-03-21,Darcy,Fogarty,Adelaide,FF,3,144,0,4,3,0,1,0,100,8
2020,1.0,2020-03-21,Lachlan,Murphy,Adelaide,INT,4,211,2,17,4,0,5,2,60,6
2020,1.0,2020-03-21,Ben,Ronke,Sydney,INT,1,195,1,14,6,0,5,4,67,6
2020,1.0,2020-03-21,Tom,McCartin,Sydney,CHB,6,125,1,4,2,0,1,0,64,7
2020,1.0,2020-03-21,Colin,O'Riordan,Sydney,INT,2,147,6,7,2,0,4,0,60,9
2020,1.0,2020-03-21,Billy,Frampton,Adelaide,CHF,2,120,1,6,4,0,4,1,44,4
2020,1.0,2020-03-21,Chayce,Jones,Adelaide,INT,3,200,0,14,2,0,2,1,33,2
2020,1.0,2020-03-21,Nick,Blakey,Sydney,CHF,4,110,3,7,1,1,4,1,63,5
2020,1.0,2020-03-21,Justin,McInerney,Sydney,INT,5,90,4,9,3,0,5,0,87,13
2020,1.0,2020-03-21,James,Rowbottom,Sydney,INT,3,299,1,11,2,2,1,0,64,7
2020,1.0,2020-03-21,Ben,Davis,Adelaide,FPL,2,169,0,13,0,0,1,2,60,3
2020,1.0,2020-03-21,Fischer,McAsey,Adelaide,CHB,0,77,1,5,3,0,2,0,20,1
2020,1.0,2020-03-21,Gary,Ablett,Geelong,INT,8,493,5,9,6,1,8,1,54,13
2020,1.0,2020-03-21,Heath,Shaw,Greater Western Sydney,INT,1,202,4,10,4,0,1,0,55,6
2020,1.0,2020-03-21,Joel,Selwood,Geelong,RR,3,217,0,18,4,4,3,0,75,12
2020,1.0,2020-03-21,Tom,Hawkins,Geelong,FF,6,201,1,10,0,0,2,2,82,9
2020,1.0,2020-03-21,Harry,Taylor,Geelong,BPL,1,118,5,5,1,0,3,0,92,11
2020,1.0,2020-03-21,Patrick,Dangerfield,Geelong,C,3,318,3,5,3,5,5,0,69,11
2020,1.0,2020-03-21,Sam,Jacobs,Greater Western Sydney,RK,5,176,1,9,1,0,0,0,70,7
2020,1.0,2020-03-21,Matt,de Boer,Greater Western Sydney,HFFR,5,154,2,11,0,4,2,1,86,12
2020,1.0,2020-03-21,Mitch,Duncan,Geelong,INT,8,503,0,8,2,0,1,0,81,17
2020,1.0,2020-03-21,Phil,Davis,Greater Western Sydney,CHB,1,111,2,4,2,0,0,0,67,4
2020,1.0,2020-03-21,Gary,Rohan,Geelong,FPL,4,249,1,4,4,0,2,0,50,4
2020,1.0,2020-03-21,Cameron,Guthrie,Geelong,INT,3,66,3,11,1,0,4,0,91,10
2020,1.0,2020-03-21,Zach,Tuohy,Geelong,HBFR,5,459,3,7,5,0,2,0,63,10
2020,1.0,2020-03-21,Luke,Dahlhaus,Geelong,HFFL,5,94,3,8,5,0,6,0,88,14
2020,1.0,2020-03-21,Jeremy,Cameron,Greater Western Sydney,CHF,3,113,0,8,2,0,1,1,100,7
2020,1.0,2020-03-21,Stephen,Coniglio,Greater Western Sydney,C,4,284,0,9,0,4,4,0,74,14
2020,1.0,2020-03-21,Toby,Greene,Greater Western Sydney,HFFL,7,339,0,10,5,0,3,0,63,10
2020,1.0,2020-03-21,Adam,Kennedy,Greater Western Sydney,INT,0,10,0,3,0,0,0,0,100,1
2020,1.0,2020-03-21,Nick,Haynes,Greater Western Sydney,BPR,2,444,10,4,6,0,5,0,65,13
2020,1.0,2020-03-21,Lachie,Whitfield,Greater Western Sydney,WR,3,453,4,15,3,0,2,0,86,18
2020,1.0,2020-03-21,Mark,Blicavs,Geelong,FB,2,106,8,9,0,0,4,0,100,9
2020,1.0,2020-03-21,Aidan,Corr,Greater Western Sydney,BPL,0,170,2,5,1,0,1,0,89,8
2020,1.0,2020-03-21,Josh,Kelly,Greater Western Sydney,RR,3,268,6,29,3,0,5,0,83,15
2020,1.0,2020-03-21,Jacob,Hopper,Greater Western Sydney,R,5,308,2,14,3,3,6,0,73,16
2020,1.0,2020-03-21,Harry,Himmelberg,Greater Western Sydney,FPR,3,141,2,6,3,0,3,0,86,6
2020,1.0,2020-03-21,Sam,Menegola,Geelong,WL,4,196,1,10,4,0,1,2,75,9
2020,1.0,2020-03-21,Tom,Stewart,Geelong,CHB,1,371,6,7,4,0,6,0,89,16
2020,1.0,2020-03-21,Daniel,Lloyd,Greater Western Sydney,WL,5,357,1,12,6,0,2,2,69,9
2020,1.0,2020-03-21,Mark,O'Connor,Geelong,HBFL,4,198,3,10,0,0,2,0,100,12
2020,1.0,2020-03-21,Harry,Perryman,Greater Western Sydney,HBFL,5,378,2,14,2,1,3,1,85,17
2020,1.0,2020-03-21,Jeremy,Finlayson,Greater Western Sydney,FF,2,175,1,7,2,1,2,2,71,5
2020,1.0,2020-03-21,Zach,Guthrie,Geelong,WR,2,90,0,10,1,0,1,1,71,5
2020,1.0,2020-03-21,Zac,Langdon,Greater Western Sydney,INT,2,124,2,12,2,0,2,1,60,6
2020,1.0,2020-03-21,Esava,Ratugolea,Geelong,FPR,4,33,0,4,2,1,4,1,83,5
2020,1.0,2020-03-21,Jack,Henry,Geelong,BPR,3,133,4,9,1,0,4,0,91,10
2020,1.0,2020-03-21,Isaac,Cumming,Greater Western Sydney,HBFR,1,183,4,8,2,0,3,0,88,7
2020,1.0,2020-03-21,Sam,Taylor,Greater Western Sydney,FB,0,-2,3,5,0,0,2,0,100,4
2020,1.0,2020-03-21,Quinton,Narkle,Geelong,R,5,0,1,22,0,0,5,0,92,11
2020,1.0,2020-03-21,Brent,Daniels,Greater Western Sydney,FPL,4,206,0,14,2,2,4,1,78,7
2020,1.0,2020-03-21,Tom,Atkins,Geelong,HFFR,1,126,0,14,3,0,0,0,86,6
2020,1.0,2020-03-21,Jordan,Clark,Geelong,INT,4,117,2,8,2,0,1,0,62,8
2020,1.0,2020-03-21,Gryan,Miers,Geelong,CHF,3,98,0,18,0,0,1,2,100,8
2020,1.0,2020-03-21,Darcy,Fort,Geelong,RK,5,119,2,8,1,2,3,0,38,3
2020,1.0,2020-03-21,Tom,Green,Greater Western Sydney,INT,1,137,1,16,2,1,2,0,83,5
2020,1.0,2020-03-21,Robbie,Gray,Port Adelaide,FF,11,207,0,8,2,0,4,3,72,13
2020,1.0,2020-03-21,Justin,Westhoff,Port Adelaide,INT,5,209,0,10,5,0,1,1,67,8
2020,1.0,2020-03-21,Travis,Boak,Port Adelaide,RR,6,425,1,18,1,3,6,0,76,19
2020,1.0,2020-03-21,Brad,Ebert,Port Adelaide,HFFR,9,171,2,13,5,0,6,0,60,12
2020,1.0,2020-03-21,Hamish,Hartlett,Port Adelaide,INT,3,142,4,7,0,0,0,0,90,9
2020,1.0,2020-03-21,Tom,Rockliff,Port Adelaide,INT,5,447,1,16,3,3,4,0,69,18
2020,1.0,2020-03-21,Steven,Motlop,Port Adelaide,CHF,6,275,1,14,5,0,6,0,60,9
2020,1.0,2020-03-21,Trent,McKenzie,Port Adelaide,FB,3,202,6,9,4,0,2,0,73,11
2020,1.0,2020-03-21,David,Swallow,Gold Coast,FPL,4,254,0,14,1,0,4,0,65,11
2020,1.0,2020-03-21,Sam,Day,Gold Coast,CHF,2,25,2,6,2,0,4,0,43,3
2020,1.0,2020-03-21,Scott,Lycett,Port Adelaide,RK,5,95,0,4,4,0,2,0,50,5
2020,1.0,2020-03-21,Tom,Jonas,Port Adelaide,HBFL,2,13,4,12,2,0,3,1,50,4
2020,1.0,2020-03-21,Brandon,Ellis,Gold Coast,WL,2,341,5,15,6,0,6,0,62,13
2020,1.0,2020-03-21,Jarrod,Witts,Gold Coast,RK,0,20,1,5,1,1,2,0,60,3
2020,1.0,2020-03-21,Sean,Lemmens,Gold Coast,INT,1,196,0,7,1,0,1,0,67,6
2020,1.0,2020-03-21,Tom,Clurey,Port Adelaide,BPL,2,176,5,2,1,0,1,0,83,10
2020,1.0,2020-03-21,Nick,Holman,Gold Coast,FPR,1,17,2,9,0,0,5,0,75,6
2020,1.0,2020-03-21,Touk,Miller,Gold Coast,RR,3,283,4,21,2,0,4,0,77,17
2020,1.0,2020-03-21,Karl,Amon,Port Adelaide,WR,7,468,3,16,3,0,4,0,71,15
2020,1.0,2020-03-21,Lachie,Weller,Gold Coast,R,1,294,1,8,7,1,1,1,65,11
2020,1.0,2020-03-21,Darcy,Byrne-Jones,Port Adelaide,CHB,5,504,10,13,4,0,7,0,80,20
2020,1.0,2020-03-21,Darcy,Macpherson,Gold Coast,HFFL,1,172,1,13,2,0,2,0,67,8
2020,1.0,2020-03-21,Sam,Collins,Gold Coast,CHB,0,254,12,8,2,0,4,0,80,12
2020,1.0,2020-03-21,Jesse,Joyce,Gold Coast,INT,0,256,6,8,1,0,5,0,79,11
2020,1.0,2020-03-21,Ryan,Burton,Port Adelaide,BPR,5,248,7,6,0,1,6,0,94,17
2020,1.0,2020-03-21,Brayden,Fiorini,Gold Coast,HBFR,0,384,1,8,7,0,1,0,58,11
2020,1.0,2020-03-21,Dan,Houston,Port Adelaide,C,3,48,1,24,2,2,5,2,74,14
2020,1.0,2020-03-21,Sam,Powell-Pepper,Port Adelaide,HFFL,5,342,2,10,4,1,9,0,80,16
2020,1.0,2020-03-21,Ben,Ainsworth,Gold Coast,HFFR,3,387,2,13,7,0,1,0,67,10
2020,1.0,2020-03-21,Jack,Bowes,Gold Coast,HBFL,0,284,8,17,5,0,8,0,78,14
2020,1.0,2020-03-21,Hugh,Greenwood,Gold Coast,C,5,206,2,14,2,2,11,1,78,14
2020,1.0,2020-03-21,Will,Brodie,Gold Coast,INT,1,86,1,15,4,1,2,0,71,10
2020,1.0,2020-03-21,Todd,Marshall,Port Adelaide,FPR,5,238,2,9,3,0,4,2,50,5
2020,1.0,2020-03-21,Jarrod,Lienert,Port Adelaide,HBFR,3,294,2,14,1,0,2,0,82,9
2020,1.0,2020-03-21,Zak,Butters,Port Adelaide,INT,5,102,1,12,1,0,1,0,83,10
2020,1.0,2020-03-21,Xavier,Duursma,Port Adelaide,WL,4,236,5,7,2,0,7,0,78,14
2020,1.0,2020-03-21,Connor,Rozee,Port Adelaide,R,8,380,5,14,5,2,7,0,81,17
2020,1.0,2020-03-21,Jack,Lukosius,Gold Coast,BPR,1,402,3,15,3,0,1,0,79,11
2020,1.0,2020-03-21,Ben,King,Gold Coast,FF,3,164,0,7,3,0,2,0,71,5
2020,1.0,2020-03-21,Caleb,Graham,Gold Coast,FB,0,63,2,7,0,0,0,0,80,4
2020,1.0,2020-03-21,Noah,Anderson,Gold Coast,WR,1,246,2,11,2,0,5,0,50,6
2020,1.0,2020-03-21,Connor,Budarick,Gold Coast,BPL,0,48,4,13,1,0,1,0,75,6
2020,1.0,2020-03-21,Matt,Rowell,Gold Coast,INT,2,159,3,20,3,0,9,0,74,14
2020,1.0,2020-03-21,Mitch,Georgiades,Port Adelaide,FPL,3,272,1,12,4,0,1,2,73,8
2020,1.0,2020-03-22,Paddy,Ryder,St Kilda,FF,3,141,3,9,1,0,3,1,50,6
2020,1.0,2020-03-22,Shaun,Higgins,North Melbourne,HFFR,2,304,1,25,6,1,4,1,67,14
2020,1.0,2020-03-22,Jarryn,Geary,St Kilda,BPL,3,65,6,9,1,0,6,0,87,13
2020,1.0,2020-03-22,Todd,Goldstein,North Melbourne,RK,3,240,0,11,3,1,4,0,86,12
2020,1.0,2020-03-22,Jack,Ziebell,North Melbourne,FPL,2,83,3,9,4,0,3,0,17,1
2020,1.0,2020-03-22,Dan,Hannebery,St Kilda,HFFR,5,281,2,11,3,0,3,1,59,13
2020,1.0,2020-03-22,Ben,Cunnington,North Melbourne,C,8,170,2,25,3,4,11,3,76,19
2020,1.0,2020-03-22,Dylan,Roberton,St Kilda,HBFR,0,215,2,3,3,0,0,0,75,6
2020,1.0,2020-03-22,Robbie,Tarrant,North Melbourne,FB,2,187,7,6,2,0,2,0,92,11
2020,1.0,2020-03-22,Jamie,Macmillan,North Melbourne,BPL,0,306,4,4,4,0,2,0,87,13
2020,1.0,2020-03-22,Jasper,Pittard,North Melbourne,HBFL,3,229,5,6,4,0,1,0,67,6
2020,1.0,2020-03-22,Shaun,Atley,North Melbourne,HBFR,5,283,5,9,2,0,6,0,73,11
2020,1.0,2020-03-22,Jared,Polec,North Melbourne,WR,5,526,4,13,8,0,7,1,52,13
2020,1.0,2020-03-22,Aaron,Hall,North Melbourne,WL,2,158,0,21,4,1,2,1,78,7
2020,1.0,2020-03-22,Bradley,Hill,St Kilda,WR,4,298,1,17,2,1,4,0,83,10
2020,1.0,2020-03-22,Josh,Walker,North Melbourne,CHB,0,4,0,1,0,0,1,0,0,0
2020,1.0,2020-03-22,Sebastian,Ross,St Kilda,INT,7,168,3,12,4,0,6,1,73,16
2020,1.0,2020-03-22,Jed,Anderson,North Melbourne,INT,4,192,1,24,4,1,6,0,69,11
2020,1.0,2020-03-22,Dean,Kent,St Kilda,INT,6,186,3,16,3,0,5,4,43,6
2020,1.0,2020-03-22,Luke,McDonald,North Melbourne,BPR,2,101,3,8,0,0,3,0,70,7
2020,1.0,2020-03-22,Jack,Billings,St Kilda,WL,3,274,3,19,1,0,4,4,89,16
2020,1.0,2020-03-22,Luke,Dunstan,St Kilda,INT,5,347,2,28,0,1,3,2,48,10
2020,1.0,2020-03-22,Zak,Jones,St Kilda,C,8,350,0,18,4,1,8,2,59,13
2020,1.0,2020-03-22,Ben,Brown,North Melbourne,FF,5,110,1,10,1,0,3,2,67,6
2020,1.0,2020-03-22,Tim,Membrey,St Kilda,FPR,1,166,0,6,4,0,1,0,67,4
2020,1.0,2020-03-22,Jack,Lonie,St Kilda,HFFL,2,68,1,19,0,0,3,3,50,3
2020,1.0,2020-03-22,Trent,Dumont,North Melbourne,RR,6,376,3,10,4,1,7,0,74,14
2020,1.0,2020-03-22,Jack,Steele,St Kilda,RR,6,173,3,20,4,2,10,0,64,14
2020,1.0,2020-03-22,Jade,Gresham,St Kilda,R,4,144,1,5,4,1,4,0,33,4
2020,1.0,2020-03-22,Dougal,Howard,St Kilda,BPR,0,78,4,5,1,0,2,0,60,3
2020,1.0,2020-03-22,Dan,Butler,St Kilda,FPL,3,173,0,17,1,0,3,6,56,5
2020,1.0,2020-03-22,Jy,Simpkin,North Melbourne,R,8,419,4,18,4,1,6,0,70,16
2020,1.0,2020-03-22,Ben,Long,St Kilda,HBFL,1,223,11,4,5,0,5,0,79,11
2020,1.0,2020-03-22,Cameron,Zurhaar,North Melbourne,INT,2,60,1,16,2,0,4,1,63,5
2020,1.0,2020-03-22,Nick,Larkey,North Melbourne,CHF,4,127,1,13,1,0,1,1,86,6
2020,1.0,2020-03-22,Rowan,Marshall,St Kilda,RK,2,294,4,7,3,0,3,0,67,8
2020,1.0,2020-03-22,Hunter,Clark,St Kilda,CHB,2,245,7,11,7,1,7,1,67,12
2020,1.0,2020-03-22,Paul,Ahern,North Melbourne,INT,1,65,2,7,1,0,2,0,25,1
2020,1.0,2020-03-22,Tom,Murphy,North Melbourne,INT,1,124,3,6,3,0,4,0,71,5
2020,1.0,2020-03-22,Ben,Paton,St Kilda,INT,3,236,2,8,2,0,3,0,86,12
2020,1.0,2020-03-22,Callum,Wilkie,St Kilda,FB,1,160,7,9,0,0,5,0,90,9
2020,1.0,2020-03-22,Tarryn,Thomas,North Melbourne,HFFL,5,126,2,24,0,0,4,4,89,8
2020,1.0,2020-03-22,Curtis,Taylor,North Melbourne,FPR,5,161,4,16,4,0,4,0,90,9
2020,1.0,2020-03-22,Max,King,St Kilda,CHF,3,131,0,4,2,0,2,0,33,2
2020,1.0,2020-03-22,Shaun,Burgoyne,Hawthorn,CHF,6,155,2,11,1,0,4,1,90,9
2020,1.0,2020-03-22,James,Frawley,Hawthorn,FB,0,138,3,8,3,0,2,0,83,5
2020,1.0,2020-03-22,Ben,McEvoy,Hawthorn,BPR,5,143,3,6,0,0,2,0,89,8
2020,1.0,2020-03-22,Stefan,Martin,Brisbane Lions,RK,2,76,1,6,5,1,3,0,50,5
2020,1.0,2020-03-22,Mitch,Robinson,Brisbane Lions,WL,4,282,4,15,9,0,5,0,58,14
2020,1.0,2020-03-22,Daniel,Rich,Brisbane Lions,HBFL,1,407,5,5,5,0,4,0,82,14
2020,1.0,2020-03-22,Liam,Shiels,Hawthorn,INT,4,446,5,26,7,1,5,1,79,19
2020,1.0,2020-03-22,Tom,Scully,Hawthorn,WR,5,311,1,12,4,0,3,0,60,9
2020,1.0,2020-03-22,Ben,Stratton,Hawthorn,BPL,0,34,4,7,1,0,0,0,80,4
2020,1.0,2020-03-22,Ricky,Henderson,Hawthorn,WL,2,203,0,9,4,0,1,1,73,8
2020,1.0,2020-03-22,Jack,Gunston,Hawthorn,INT,3,442,7,10,2,0,4,0,75,12
2020,1.0,2020-03-22,Paul,Puopolo,Hawthorn,INT,4,127,2,13,0,0,3,1,75,6
2020,1.0,2020-03-22,Isaac,Smith,Hawthorn,HBFR,6,349,6,11,4,0,6,1,79,15
2020,1.0,2020-03-22,Luke,Breust,Hawthorn,HFFL,10,179,1,18,2,0,1,2,75,9
2020,1.0,2020-03-22,Chad,Wingard,Hawthorn,C,7,538,1,16,2,0,3,1,70,14
2020,1.0,2020-03-22,Lachie,Neale,Brisbane Lions,R,7,456,5,26,4,5,14,0,77,20
2020,1.0,2020-03-22,Jarryd,Lyons,Brisbane Lions,C,8,395,7,22,3,3,9,2,68,15
2020,1.0,2020-03-22,Dayne,Zorko,Brisbane Lions,RR,5,291,0,21,2,1,3,1,64,9
2020,1.0,2020-03-22,Lincoln,McCarthy,Brisbane Lions,HFFR,4,146,0,12,3,0,5,3,64,7
2020,1.0,2020-03-22,Jonathon,Patton,Hawthorn,FF,4,90,2,8,2,0,1,0,86,6
2020,1.0,2020-03-22,Sam,Frost,Hawthorn,CHB,2,211,8,8,3,0,5,0,64,7
2020,1.0,2020-03-22,Jaeger,O'Meara,Hawthorn,FPR,0,299,5,14,9,3,12,0,57,13
2020,1.0,2020-03-22,Tom,Mitchell,Hawthorn,R,4,254,4,22,3,3,9,0,84,21
2020,1.0,2020-03-22,Jonathon,Ceglar,Hawthorn,RK,3,120,2,10,1,1,2,0,88,7
2020,1.0,2020-03-22,Tim,O'Brien,Hawthorn,FPL,4,100,2,8,1,0,4,0,75,6
2020,1.0,2020-03-22,Darcy,Gardiner,Brisbane Lions,BPR,0,56,4,10,3,0,3,0,57,4
2020,1.0,2020-03-22,Charlie,Cameron,Brisbane Lions,FPR,3,20,0,13,2,0,2,2,89,8
2020,1.0,2020-03-22,Daniel,McStay,Brisbane Lions,FF,3,150,1,8,1,0,0,1,71,5
2020,1.0,2020-03-22,James,Sicily,Hawthorn,HBFL,1,468,9,7,10,0,2,0,59,10
2020,1.0,2020-03-22,Harris,Andrews,Brisbane Lions,FB,1,222,13,7,2,0,5,0,88,15
2020,1.0,2020-03-22,Marcus,Adams,Brisbane Lions,BPL,0,57,2,8,2,0,3,0,80,4
2020,1.0,2020-03-22,Eric,Hipwood,Brisbane Lions,CHF,8,360,2,14,5,0,4,0,69,11
2020,1.0,2020-03-22,Jarrod,Berry,Brisbane Lions,INT,2,165,1,9,2,0,4,0,69,9
2020,1.0,2020-03-22,Hugh,McCluggage,Brisbane Lions,WR,4,308,2,11,4,0,8,0,68,13
2020,1.0,2020-03-22,Alex,Witherden,Brisbane Lions,CHB,0,201,3,10,4,0,1,0,62,8
2020,1.0,2020-03-22,Harry,Morrison,Hawthorn,HFFR,2,269,3,16,4,1,3,0,60,6
2020,1.0,2020-03-22,Cam,Rayner,Brisbane Lions,INT,3,241,0,11,1,0,3,1,56,5
2020,1.0,2020-03-22,Zac,Bailey,Brisbane Lions,HFFL,1,320,5,14,2,1,6,0,77,10
2020,1.0,2020-03-22,Oscar,McInerney,Brisbane Lions,FPL,2,70,0,8,0,0,0,0,50,2
2020,1.0,2020-03-22,James,Worpel,Hawthorn,RR,7,333,1,17,2,1,5,1,68,13
2020,1.0,2020-03-22,Brandon,Starcevich,Brisbane Lions,INT,0,144,6,10,4,0,2,0,67,6
2020,1.0,2020-03-22,Noah,Answerth,Brisbane Lions,HBFR,2,357,5,14,6,0,5,0,60,9
2020,1.0,2020-03-22,Oliver,Hanrahan,Hawthorn,INT,8,144,0,7,4,0,4,0,47,7
2020,1.0,2020-03-22,Deven,Robertson,Brisbane Lions,INT,0,68,3,14,2,0,3,0,71,5
2020,1.0,2020-03-22,Shannon,Hurn,West Coast,BPR,5,339,8,7,0,0,5,0,96,22
2020,1.0,2020-03-22,Josh J.,Kennedy,West Coast,FF,2,23,0,7,0,0,1,0,100,4
2020,1.0,2020-03-22,Neville,Jetta,Melbourne,BPL,0,48,3,4,1,0,2,0,71,5
2020,1.0,2020-03-22,Nic,Naitanui,West Coast,RK,4,117,3,10,3,5,7,0,79,11
2020,1.0,2020-03-22,Jack,Redden,West Coast,HFFL,2,63,1,15,2,1,1,0,89,8
2020,1.0,2020-03-22,Lewis,Jetta,West Coast,HBFL,4,424,2,7,3,1,2,0,89,16
2020,1.0,2020-03-22,Luke,Shuey,West Coast,R,2,500,4,22,9,3,8,0,48,13
2020,1.0,2020-03-22,Jake,Melksham,Melbourne,R,3,56,4,5,1,1,3,0,75,6
2020,1.0,2020-03-22,Brad,Sheppard,West Coast,BPL,3,362,5,6,3,0,4,0,88,14
2020,1.0,2020-03-22,Jack,Darling,West Coast,CHF,4,177,2,8,2,0,3,0,75,6
2020,1.0,2020-03-22,Andrew,Gaff,West Coast,WL,7,361,3,11,4,0,4,0,87,26
2020,1.0,2020-03-22,Jamie,Cripps,West Coast,FPR,4,222,1,15,3,0,2,1,42,5
2020,1.0,2020-03-22,Michael,Hibberd,Melbourne,HBFR,3,676,2,2,7,0,2,0,62,13
2020,1.0,2020-03-22,Steven,May,Melbourne,FB,0,192,2,3,1,0,2,0,90,9
2020,1.0,2020-03-22,Max,Gawn,Melbourne,RK,2,183,2,5,1,1,2,0,93,13
2020,1.0,2020-03-22,Mitch,Brown,Melbourne,FPR,1,-20,0,4,3,0,2,1,88,7
2020,1.0,2020-03-22,Tom,Hickey,West Coast,INT,1,27,0,7,1,1,2,0,100,4
2020,1.0,2020-03-22,Tom,McDonald,Melbourne,FF,3,122,0,9,1,0,1,0,86,6
2020,1.0,2020-03-22,Adam,Tomlinson,Melbourne,WR,0,280,0,5,3,0,0,0,71,10
2020,1.0,2020-03-22,Elliot,Yeo,West Coast,C,2,201,1,20,5,0,3,0,92,11
2020,1.0,2020-03-22,Jack,Viney,Melbourne,HFFR,5,472,8,18,5,2,13,2,71,24
2020,1.0,2020-03-22,Dom,Sheed,West Coast,INT,8,392,4,11,8,1,7,0,73,16
2020,1.0,2020-03-22,Jeremy,McGovern,West Coast,CHB,3,159,8,5,3,0,3,0,83,10
2020,1.0,2020-03-22,Angus,Brayshaw,Melbourne,INT,3,243,3,16,3,1,5,0,67,12
2020,1.0,2020-03-22,Jackson,Nelson,West Coast,INT,2,160,2,15,2,0,1,0,83,10
2020,1.0,2020-03-22,Liam,Duggan,West Coast,HBFR,2,180,4,13,2,0,2,0,86,18
2020,1.0,2020-03-22,Brendon,Ah Chee,West Coast,HFFR,6,239,2,11,1,0,2,0,75,9
2020,1.0,2020-03-22,Jake,Lever,Melbourne,BPR,3,146,7,3,3,0,5,0,78,7
2020,1.0,2020-03-22,Alex,Neal-Bullen,Melbourne,HFFL,5,101,2,22,2,0,4,0,83,10
2020,1.0,2020-03-22,James,Harmes,Melbourne,CHB,0,148,7,15,1,0,8,0,78,14
2020,1.0,2020-03-22,Tom,Barrass,West Coast,FB,1,183,6,2,3,0,2,0,75,12
2020,1.0,2020-03-22,Ed,Langdon,Melbourne,WL,5,797,1,11,8,0,3,0,71,22
2020,1.0,2020-03-22,Oscar,McDonald,Melbourne,HBFL,2,164,7,5,2,0,6,0,43,6
2020,1.0,2020-03-22,Clayton,Oliver,Melbourne,C,3,264,2,23,4,4,7,0,90,18
2020,1.0,2020-03-22,Christian,Petracca,Melbourne,RR,4,361,3,15,4,0,9,1,67,16
2020,1.0,2020-03-22,Bayley,Fritsch,Melbourne,CHF,5,188,1,6,2,0,2,0,44,4
2020,1.0,2020-03-22,Tim,Kelly,West Coast,RR,4,487,0,29,7,1,0,0,74,14
2020,1.0,2020-03-22,Liam,Ryan,West Coast,FPL,9,250,4,14,2,0,1,2,57,8
2020,1.0,2020-03-22,Charlie,Spargo,Melbourne,INT,1,100,1,9,4,0,2,0,38,3
2020,1.0,2020-03-22,Jack,Petruccelle,West Coast,WR,1,142,0,8,1,0,1,1,60,3
2020,1.0,2020-03-22,Jarrod,Brander,West Coast,INT,3,109,2,7,3,0,2,1,62,8
2020,1.0,2020-03-22,Jay,Lockhart,Melbourne,INT,3,145,9,7,0,0,8,0,100,13
2020,1.0,2020-03-22,Toby,Bedford,Melbourne,INT,2,79,2,16,2,0,3,0,75,6
2020,1.0,2020-03-22,Kysaiah,Pickett,Melbourne,FPL,5,228,1,10,4,0,5,0,64,7
2020,2.0,2020-06-11,Scott,Pendlebury,Collingwood,C,2,417,4,19,7,0,8,1,68,21
2020,2.0,2020-06-11,Shane,Edwards,Richmond,CHF,2,162,5,8,2,0,6,0,62,8
2020,2.0,2020-06-11,Bachar,Houli,Richmond,HBFR,1,343,9,7,6,1,6,0,69,18
2020,2.0,2020-06-11,Jack,Riewoldt,Richmond,FPR,0,123,0,6,3,0,2,0,33,2
2020,2.0,2020-06-11,Chris,Mayne,Collingwood,WR,0,94,7,10,4,2,8,0,75,12
2020,2.0,2020-06-11,Trent,Cotchin,Richmond,RR,1,412,4,15,7,2,14,0,44,10
2020,2.0,2020-06-11,Steele,Sidebottom,Collingwood,R,2,396,2,16,3,0,7,0,63,17
2020,2.0,2020-06-11,Dustin,Martin,Richmond,FF,4,317,1,18,5,0,11,0,45,9
2020,2.0,2020-06-11,David,Astbury,Richmond,BPR,0,231,6,8,4,0,2,0,86,12
2020,2.0,2020-06-11,Jordan,Roughead,Collingwood,FB,1,42,0,2,0,0,0,0,100,5
2020,2.0,2020-06-11,Dylan,Grimes,Richmond,FB,1,109,3,10,0,0,2,0,100,10
2020,2.0,2020-06-11,Dion,Prestia,Richmond,C,3,354,3,26,6,1,4,0,55,11
2020,2.0,2020-06-11,Tom,Lynch,Richmond,FPL,6,230,0,8,1,0,4,1,67,8
2020,2.0,2020-06-11,Jeremy,Howe,Collingwood,BPR,2,364,7,4,4,0,1,0,80,16
2020,2.0,2020-06-11,Will,Hoskin-Elliott,Collingwood,INT,1,104,1,5,0,0,2,0,67,4
2020,2.0,2020-06-11,Jack,Crisp,Collingwood,BPL,2,379,3,5,3,0,3,0,85,17
2020,2.0,2020-06-11,Taylor,Adams,Collingwood,RR,5,353,1,20,3,4,3,2,86,18
2020,2.0,2020-06-11,Jamie,Elliott,Collingwood,FPR,1,106,0,7,1,0,1,0,80,4
2020,2.0,2020-06-11,Josh,Thomas,Collingwood,INT,1,73,0,14,2,0,0,0,20,1
2020,2.0,2020-06-11,Nick,Vlastuin,Richmond,CHB,1,276,5,12,1,0,3,0,92,12
2020,2.0,2020-06-11,Brodie,Grundy,Collingwood,RK,3,182,2,5,6,2,4,0,67,10
2020,2.0,2020-06-11,Jordan,De Goey,Collingwood,FPL,3,266,3,13,4,1,8,1,29,5
2020,2.0,2020-06-11,Kane,Lambert,Richmond,R,1,282,1,16,6,0,4,1,47,8
2020,2.0,2020-06-11,Brayden,Maynard,Collingwood,HBFL,2,524,7,10,5,0,5,0,87,20
2020,2.0,2020-06-11,Darcy,Moore,Collingwood,CHB,1,170,6,6,4,0,5,0,90,9
2020,2.0,2020-06-11,Daniel,Rioli,Richmond,WL,0,38,2,20,1,0,2,0,83,5
2020,2.0,2020-06-11,Jayden,Short,Richmond,INT,0,353,3,13,3,0,2,0,93,13
2020,2.0,2020-06-11,Jason,Castagna,Richmond,HFFR,2,243,1,6,3,0,4,0,73,8
2020,2.0,2020-06-11,Tom,Phillips,Collingwood,HFFL,4,209,2,11,2,0,4,0,60,12
2020,2.0,2020-06-11,Nathan,Broad,Richmond,BPL,0,92,4,7,1,0,1,0,80,8
2020,2.0,2020-06-11,Ivan,Soldo,Richmond,RK,2,17,2,14,0,0,2,1,83,5
2020,2.0,2020-06-11,Shai,Bolton,Richmond,HFFL,5,364,0,19,2,0,3,1,82,9
2020,2.0,2020-06-11,Callum L.,Brown,Collingwood,HFFR,4,88,2,23,1,0,7,0,92,12
2020,2.0,2020-06-11,Josh,Daicos,Collingwood,WL,3,326,5,7,3,0,8,0,88,21
2020,2.0,2020-06-11,Jack,Graham,Richmond,WR,1,25,5,16,2,0,6,1,93,13
2020,2.0,2020-06-11,Jack,Higgins,Richmond,INT,3,314,1,12,5,0,1,1,58,7
2020,2.0,2020-06-11,Brody,Mihocek,Collingwood,CHF,3,225,1,6,4,0,3,0,56,5
2020,2.0,2020-06-11,Darcy,Cameron,Collingwood,FF,2,133,4,6,3,0,4,0,62,8
2020,2.0,2020-06-11,Liam,Baker,Richmond,HBFL,2,275,4,8,1,0,2,0,67,8
2020,2.0,2020-06-11,Jack,Madgen,Collingwood,HBFR,0,127,2,6,1,0,2,0,90,9
2020,2.0,2020-06-11,Sydney,Stack,Richmond,INT,0,128,4,13,2,0,2,0,50,2
2020,2.0,2020-06-11,John,Noble,Collingwood,INT,2,139,4,6,6,0,5,0,53,8
2020,2.0,2020-06-11,Marlion,Pickett,Richmond,INT,1,154,4,15,5,0,2,0,43,3
2020,2.0,2020-06-11,Tyler,Brown,Collingwood,INT,2,39,3,17,0,0,3,1,100,8
2020,2.0,2020-06-12,Gary,Ablett,Geelong,HFFR,7,409,2,12,2,1,7,2,76,16
2020,2.0,2020-06-12,Shaun,Burgoyne,Hawthorn,FPL,4,188,2,20,1,0,4,1,56,5
2020,2.0,2020-06-12,Joel,Selwood,Geelong,WR,5,364,4,15,4,2,13,0,68,19
2020,2.0,2020-06-12,Tom,Hawkins,Geelong,FF,9,77,1,9,3,0,2,1,73,8
2020,2.0,2020-06-12,James,Frawley,Hawthorn,FB,0,188,6,3,1,0,2,0,91,10
2020,2.0,2020-06-12,Harry,Taylor,Geelong,BPL,0,220,6,6,1,0,2,0,67,10
2020,2.0,2020-06-12,Ben,McEvoy,Hawthorn,CHB,1,52,6,11,0,0,3,0,71,5
2020,2.0,2020-06-12,Patrick,Dangerfield,Geelong,C,6,337,6,9,4,3,7,2,54,13
2020,2.0,2020-06-12,Liam,Shiels,Hawthorn,WL,1,140,0,20,5,0,2,0,44,4
2020,2.0,2020-06-12,Mitch,Duncan,Geelong,R,6,281,4,8,4,1,6,0,80,16
2020,2.0,2020-06-12,Tom,Scully,Hawthorn,INT,3,337,3,12,4,0,4,0,56,9
2020,2.0,2020-06-12,Ben,Stratton,Hawthorn,HBFR,0,14,6,4,1,0,3,0,63,5
2020,2.0,2020-06-12,Ricky,Henderson,Hawthorn,HFFL,1,242,3,16,4,0,4,0,50,4
2020,2.0,2020-06-12,Gary,Rohan,Geelong,CHF,4,21,1,8,1,0,2,1,100,5
2020,2.0,2020-06-12,Jack,Gunston,Hawthorn,INT,4,144,0,10,1,0,0,1,63,5
2020,2.0,2020-06-12,Rhys,Stanley,Geelong,RK,9,324,0,7,5,2,3,0,71,10
2020,2.0,2020-06-12,Cameron,Guthrie,Geelong,INT,3,64,2,14,2,2,4,1,80,12
2020,2.0,2020-06-12,Paul,Puopolo,Hawthorn,HFFR,4,39,4,17,2,1,5,2,67,6
2020,2.0,2020-06-12,Isaac,Smith,Hawthorn,WR,2,359,8,12,4,1,5,0,75,12
2020,2.0,2020-06-12,Luke,Breust,Hawthorn,FPR,3,145,1,18,1,0,4,4,63,5
2020,2.0,2020-06-12,Zach,Tuohy,Geelong,INT,2,528,5,7,9,1,6,0,53,9
2020,2.0,2020-06-12,Luke,Dahlhaus,Geelong,HFFL,7,136,0,13,2,0,4,2,80,12
2020,2.0,2020-06-12,Chad,Wingard,Hawthorn,R,5,452,1,10,6,1,1,1,35,6
2020,2.0,2020-06-12,Jonathon,Patton,Hawthorn,FF,4,84,0,1,1,0,1,0,67,4
2020,2.0,2020-06-12,Sam,Frost,Hawthorn,BPR,0,380,10,8,6,0,4,0,57,8
2020,2.0,2020-06-12,Mark,Blicavs,Geelong,FB,1,106,8,6,1,0,3,0,100,12
2020,2.0,2020-06-12,Tom,Mitchell,Hawthorn,RR,2,297,0,18,4,2,6,0,73,16
2020,2.0,2020-06-12,Jonathon,Ceglar,Hawthorn,RK,3,52,1,16,1,1,6,1,69,9
2020,2.0,2020-06-12,Tim,O'Brien,Hawthorn,CHF,2,173,1,8,2,0,2,0,80,4
2020,2.0,2020-06-12,Jed,Bews,Geelong,HBFR,1,111,3,6,2,0,1,0,100,6
2020,2.0,2020-06-12,James,Sicily,Hawthorn,BPL,2,309,5,13,5,0,2,0,75,9
2020,2.0,2020-06-12,Sam,Menegola,Geelong,WL,7,299,5,6,5,1,8,0,65,15
2020,2.0,2020-06-12,Blake,Hardwick,Hawthorn,HBFL,0,130,4,12,2,0,2,0,89,8
2020,2.0,2020-06-12,Brandan,Parfitt,Geelong,RR,4,275,1,19,5,1,9,1,53,10
2020,2.0,2020-06-12,Tom,Stewart,Geelong,CHB,3,549,6,2,5,0,4,0,85,17
2020,2.0,2020-06-12,Mark,O'Connor,Geelong,HBFL,2,166,4,10,2,0,4,0,92,11
2020,2.0,2020-06-12,Harry,Morrison,Hawthorn,INT,0,298,5,10,3,0,2,0,64,9
2020,2.0,2020-06-12,Esava,Ratugolea,Geelong,FPL,3,51,0,6,0,0,4,1,88,7
2020,2.0,2020-06-12,Jack,Henry,Geelong,BPR,2,117,3,3,3,0,3,0,100,7
2020,2.0,2020-06-12,James,Worpel,Hawthorn,C,2,331,3,19,4,3,6,1,60,9
2020,2.0,2020-06-12,Quinton,Narkle,Geelong,INT,2,347,1,17,3,1,3,0,60,9
2020,2.0,2020-06-12,Tom,Atkins,Geelong,INT,6,176,2,12,2,0,5,0,77,10
2020,2.0,2020-06-12,Gryan,Miers,Geelong,FPR,4,366,1,10,4,0,3,1,65,13
2020,2.0,2020-06-12,Oliver,Hanrahan,Hawthorn,INT,2,148,0,8,7,1,4,0,57,8
2020,2.0,2020-06-13,David,Mundy,Fremantle,INT,5,157,1,14,2,3,6,2,69,9
2020,2.0,2020-06-13,Grant,Birchall,Brisbane Lions,CHB,4,151,1,7,3,0,1,0,93,13
2020,2.0,2020-06-13,Stefan,Martin,Brisbane Lions,INT,1,12,0,6,3,0,2,0,67,4
2020,2.0,2020-06-13,Mitch,Robinson,Brisbane Lions,WL,3,667,7,5,6,0,8,0,61,14
2020,2.0,2020-06-13,Daniel,Rich,Brisbane Lions,HBFL,5,460,5,2,6,0,3,0,81,17
2020,2.0,2020-06-13,Michael,Walters,Fremantle,FPR,10,357,3,16,3,1,9,1,75,21
2020,2.0,2020-06-13,Travis,Colyer,Fremantle,HFFR,1,215,2,10,2,0,2,3,73,8
2020,2.0,2020-06-13,Nat,Fyfe,Fremantle,C,6,368,4,24,3,0,7,0,79,19
2020,2.0,2020-06-13,Reece,Conca,Fremantle,HBFL,4,261,6,6,5,0,3,0,71,12
2020,2.0,2020-06-13,Ryan,Lester,Brisbane Lions,HBFR,2,105,5,9,1,0,6,0,80,8
2020,2.0,2020-06-13,Brandon,Matera,Fremantle,FPL,2,98,1,15,1,0,0,0,100,6
2020,2.0,2020-06-13,Lachie,Neale,Brisbane Lions,R,6,201,4,22,2,4,12,1,97,28
2020,2.0,2020-06-13,Jarryd,Lyons,Brisbane Lions,C,6,247,3,24,2,1,7,2,65,11
2020,2.0,2020-06-13,Dayne,Zorko,Brisbane Lions,RR,9,143,2,18,3,1,5,2,82,14
2020,2.0,2020-06-13,Lincoln,McCarthy,Brisbane Lions,HFFL,4,127,0,9,2,0,3,1,78,7
2020,2.0,2020-06-13,Matt,Taberner,Fremantle,CHF,6,107,1,5,1,0,1,0,67,6
2020,2.0,2020-06-13,James,Aish,Fremantle,WR,6,491,2,12,5,0,4,0,69,18
2020,2.0,2020-06-13,Darcy,Gardiner,Brisbane Lions,BPR,1,332,8,8,4,0,6,0,80,12
2020,2.0,2020-06-13,Charlie,Cameron,Brisbane Lions,FPR,7,275,0,7,3,0,4,2,50,7
2020,2.0,2020-06-13,Rory,Lobb,Fremantle,FF,4,250,1,9,7,0,2,0,46,5
2020,2.0,2020-06-13,Daniel,McStay,Brisbane Lions,FF,4,43,0,6,2,0,2,0,100,5
2020,2.0,2020-06-13,Harris,Andrews,Brisbane Lions,FB,3,89,12,5,1,0,8,0,80,12
2020,2.0,2020-06-13,Ethan,Hughes,Fremantle,BPR,1,199,7,8,1,0,0,0,100,7
2020,2.0,2020-06-13,Callum,Ah Chee,Brisbane Lions,INT,4,277,2,11,2,0,2,0,80,12
2020,2.0,2020-06-13,Darcy,Tucker,Fremantle,RR,2,310,3,18,4,3,6,1,71,12
2020,2.0,2020-06-13,Eric,Hipwood,Brisbane Lions,CHF,3,95,1,6,3,0,5,1,78,7
2020,2.0,2020-06-13,Griffin,Logue,Fremantle,FB,1,71,4,3,1,0,3,0,67,6
2020,2.0,2020-06-13,Jarrod,Berry,Brisbane Lions,RK,4,213,0,28,2,0,2,2,71,10
2020,2.0,2020-06-13,Hugh,McCluggage,Brisbane Lions,WR,4,130,2,14,2,1,6,0,53,8
2020,2.0,2020-06-13,Luke,Ryan,Fremantle,BPL,1,553,10,10,3,0,2,0,91,19
2020,2.0,2020-06-13,Brennan,Cox,Fremantle,CHB,1,107,5,5,2,0,1,0,75,6
2020,2.0,2020-06-13,Sean,Darcy,Fremantle,RK,0,31,1,6,1,3,3,0,75,3
2020,2.0,2020-06-13,Cam,Rayner,Brisbane Lions,HFFR,3,185,0,10,2,2,2,0,70,7
2020,2.0,2020-06-13,Bailey,Banfield,Fremantle,INT,2,84,1,17,2,0,3,3,89,8
2020,2.0,2020-06-13,Andrew,Brayshaw,Fremantle,R,3,203,0,13,3,1,8,1,63,12
2020,2.0,2020-06-13,Adam,Cerra,Fremantle,INT,3,260,1,17,1,2,5,0,85,11
2020,2.0,2020-06-13,Zac,Bailey,Brisbane Lions,INT,3,233,1,15,1,0,4,2,92,11
2020,2.0,2020-06-13,Taylin,Duman,Fremantle,INT,0,180,4,11,4,0,4,0,67,6
2020,2.0,2020-06-13,Oscar,McInerney,Brisbane Lions,FPL,1,272,2,11,6,1,2,1,39,5
2020,2.0,2020-06-13,Brandon,Starcevich,Brisbane Lions,BPL,2,350,8,14,5,0,6,0,77,13
2020,2.0,2020-06-13,Lachie,Schultz,Fremantle,HFFL,2,64,1,18,3,0,3,0,43,3
2020,2.0,2020-06-13,Brett,Bewley,Fremantle,WL,3,243,2,7,2,0,2,0,81,13
2020,2.0,2020-06-13,Thomas,Berry,Brisbane Lions,INT,3,148,0,10,0,0,3,0,67,6
2020,2.0,2020-06-13,Hayden,Young,Fremantle,HBFR,3,92,1,6,4,0,2,0,46,5
2020,2.0,2020-06-13,Kade,Simpson,Carlton,BPR,2,307,3,6,3,2,4,0,60,9
2020,2.0,2020-06-13,Eddie,Betts,Carlton,FPL,4,86,1,15,3,0,3,2,63,5
2020,2.0,2020-06-13,Marc,Murphy,Carlton,R,5,498,1,20,6,2,5,0,71,17
2020,2.0,2020-06-13,Nathan,Jones,Melbourne,HBFL,0,74,1,7,1,0,2,0,73,8
2020,2.0,2020-06-13,Neville,Jetta,Melbourne,BPL,1,134,5,6,2,0,6,0,89,8
2020,2.0,2020-06-13,Jake,Melksham,Melbourne,RR,2,126,0,14,3,1,3,1,70,7
2020,2.0,2020-06-13,Liam,Jones,Carlton,FB,2,62,6,8,1,0,1,0,83,5
2020,2.0,2020-06-13,Ed,Curnow,Carlton,RR,3,390,3,17,3,0,6,0,52,11
2020,2.0,2020-06-13,Harley,Bennell,Melbourne,INT,1,157,1,9,1,0,3,0,86,12
2020,2.0,2020-06-13,Steven,May,Melbourne,FB,0,330,1,4,3,0,1,0,85,11
2020,2.0,2020-06-13,Max,Gawn,Melbourne,RK,5,214,7,10,1,1,6,0,86,18
2020,2.0,2020-06-13,Tom,McDonald,Melbourne,CHF,4,158,1,12,2,0,2,2,89,8
2020,2.0,2020-06-13,Adam,Tomlinson,Melbourne,WR,4,234,2,11,2,0,2,0,69,11
2020,2.0,2020-06-13,Jack,Newnes,Carlton,INT,2,77,2,4,0,0,3,0,100,8
2020,2.0,2020-06-13,Levi,Casboult,Carlton,CHF,4,64,1,7,0,0,0,1,83,5
2020,2.0,2020-06-13,Lachie,Plowman,Carlton,BPL,1,-26,3,3,0,0,2,0,100,8
2020,2.0,2020-06-13,Jack,Viney,Melbourne,R,3,204,0,24,3,2,7,0,78,14
2020,2.0,2020-06-13,Sam,Docherty,Carlton,HBFL,5,559,8,10,6,0,5,0,83,20
2020,2.0,2020-06-13,Jack,Martin,Carlton,HFFR,5,237,0,21,1,0,2,1,64,7
2020,2.0,2020-06-13,Patrick,Cripps,Carlton,C,7,290,1,21,4,3,1,0,62,13
2020,2.0,2020-06-13,Christian,Salem,Melbourne,BPR,2,355,7,7,5,0,4,0,62,13
2020,2.0,2020-06-13,Darcy,Lang,Carlton,INT,3,66,0,10,1,0,3,0,75,3
2020,2.0,2020-06-13,Angus,Brayshaw,Melbourne,INT,2,230,1,19,3,2,4,1,67,10
2020,2.0,2020-06-13,Jake,Lever,Melbourne,CHB,0,113,5,7,1,0,2,0,83,5
2020,2.0,2020-06-13,Alex,Neal-Bullen,Melbourne,FPL,5,109,0,17,0,0,4,1,89,8
2020,2.0,2020-06-13,James,Harmes,Melbourne,HBFR,2,225,8,10,3,0,5,0,56,10
2020,2.0,2020-06-13,Ed,Langdon,Melbourne,WL,3,465,2,11,6,0,4,0,70,16
2020,2.0,2020-06-13,Jacob,Weitering,Carlton,CHB,3,241,5,2,1,0,0,0,75,9
2020,2.0,2020-06-13,Clayton,Oliver,Melbourne,C,2,342,2,24,5,0,8,0,82,23
2020,2.0,2020-06-13,Mitch,McGovern,Carlton,HFFL,3,331,0,7,3,0,2,1,70,7
2020,2.0,2020-06-13,Marc,Pittonet,Carlton,RK,2,184,5,13,3,0,6,0,64,9
2020,2.0,2020-06-13,Jayden,Hunt,Melbourne,INT,3,122,0,7,1,0,1,2,86,6
2020,2.0,2020-06-13,Christian,Petracca,Melbourne,FPR,7,274,2,19,4,2,7,0,79,19
2020,2.0,2020-06-13,David,Cuningham,Carlton,FPR,4,192,0,12,2,0,4,1,91,10
2020,2.0,2020-06-13,Sam,Petrevski-Seton,Carlton,HBFR,4,224,12,15,3,0,9,0,65,13
2020,2.0,2020-06-13,Joel,Smith,Melbourne,HFFR,1,139,5,5,3,0,4,0,86,6
2020,2.0,2020-06-13,Nic,Newman,Carlton,INT,0,61,0,3,0,0,0,0,100,2
2020,2.0,2020-06-13,Will,Setterfield,Carlton,WR,5,207,2,18,3,0,5,0,64,9
2020,2.0,2020-06-13,Harry,McKay,Carlton,FF,1,160,0,7,3,0,1,0,33,2
2020,2.0,2020-06-13,Bayley,Fritsch,Melbourne,HFFL,6,141,0,11,2,0,2,1,33,3
2020,2.0,2020-06-13,Michael,Gibbons,Carlton,INT,3,302,2,19,3,0,5,0,60,9
2020,2.0,2020-06-13,Sam,Walsh,Carlton,WL,3,355,3,19,5,1,8,0,74,14
2020,2.0,2020-06-13,Trent,Rivers,Melbourne,INT,2,265,3,6,4,0,3,0,83,10
2020,2.0,2020-06-13,Luke,Jackson,Melbourne,FF,1,158,1,7,3,0,2,0,57,4
2020,2.0,2020-06-13,Shannon,Hurn,West Coast,BPR,1,311,11,6,3,0,2,0,94,15
2020,2.0,2020-06-13,Josh J.,Kennedy,West Coast,FF,3,76,0,8,1,0,1,1,60,3
2020,2.0,2020-06-13,Jarrod,Harbrow,Gold Coast,HBFR,2,155,6,8,1,0,4,0,100,10
2020,2.0,2020-06-13,Pearce,Hanley,Gold Coast,HBFL,3,433,7,10,2,0,4,0,58,7
2020,2.0,2020-06-13,Nic,Naitanui,West Coast,RK,3,204,3,10,3,1,4,0,44,4
2020,2.0,2020-06-13,Jack,Redden,West Coast,WR,4,251,1,22,6,1,3,0,72,13
2020,2.0,2020-06-13,Lewis,Jetta,West Coast,HBFL,1,319,3,20,6,0,2,0,63,10
2020,2.0,2020-06-13,Luke,Shuey,West Coast,R,8,526,4,19,3,2,3,0,64,16
2020,2.0,2020-06-13,Brad,Sheppard,West Coast,BPL,1,183,4,5,3,0,3,0,92,11
2020,2.0,2020-06-13,Jack,Darling,West Coast,CHF,2,182,1,8,5,0,3,2,33,3
2020,2.0,2020-06-13,Andrew,Gaff,West Coast,WL,3,582,10,19,7,0,6,0,83,24
2020,2.0,2020-06-13,Jamie,Cripps,West Coast,FPR,2,112,0,14,4,0,0,1,71,5
2020,2.0,2020-06-13,Sam,Day,Gold Coast,CHF,8,227,1,10,2,0,3,0,78,14
2020,2.0,2020-06-13,Alex,Sexton,Gold Coast,FPL,6,254,0,1,4,0,3,0,29,4
2020,2.0,2020-06-13,Elliot,Yeo,West Coast,C,2,286,0,27,3,4,10,3,57,12
2020,2.0,2020-06-13,Jarrod,Witts,Gold Coast,RK,4,210,2,13,3,1,4,0,79,11
2020,2.0,2020-06-13,Sean,Lemmens,Gold Coast,INT,7,231,0,7,3,0,5,0,83,10
2020,2.0,2020-06-13,Dom,Sheed,West Coast,INT,5,205,0,6,5,1,3,0,68,13
2020,2.0,2020-06-13,Jeremy,McGovern,West Coast,CHB,0,161,5,15,0,0,2,0,78,7
2020,2.0,2020-06-13,Nick,Holman,Gold Coast,FPR,2,69,1,16,0,0,2,1,100,6
2020,2.0,2020-06-13,Touk,Miller,Gold Coast,INT,5,248,4,22,4,0,6,1,55,12
2020,2.0,2020-06-13,Jackson,Nelson,West Coast,INT,1,26,2,9,1,0,1,0,40,2
2020,2.0,2020-06-13,Liam,Duggan,West Coast,HBFR,4,235,4,9,1,0,2,0,77,10
2020,2.0,2020-06-13,Brendon,Ah Chee,West Coast,HFFR,1,26,1,6,1,0,1,0,100,3
2020,2.0,2020-06-13,Tom,Barrass,West Coast,FB,2,158,7,3,2,0,3,0,88,7
2020,2.0,2020-06-13,Lachie,Weller,Gold Coast,RR,4,372,4,19,7,2,7,0,58,14
2020,2.0,2020-06-13,Darcy,Macpherson,Gold Coast,HFFL,3,79,0,17,4,1,5,0,67,8
2020,2.0,2020-06-13,Sam,Collins,Gold Coast,FB,0,122,3,2,1,0,2,0,86,6
2020,2.0,2020-06-13,Brayden,Fiorini,Gold Coast,INT,2,280,3,12,1,1,4,1,81,17
2020,2.0,2020-06-13,Ben,Ainsworth,Gold Coast,HFFR,7,251,2,7,3,0,7,0,63,10
2020,2.0,2020-06-13,Jack,Bowes,Gold Coast,INT,1,329,6,6,5,0,4,0,88,15
2020,2.0,2020-06-13,Hugh,Greenwood,Gold Coast,C,4,401,5,17,5,0,13,2,55,11
2020,2.0,2020-06-13,Tim,Kelly,West Coast,RR,3,300,5,31,7,3,8,1,46,11
2020,2.0,2020-06-13,Liam,Ryan,West Coast,FPL,7,184,0,13,2,0,7,1,36,4
2020,2.0,2020-06-13,Jack,Petruccelle,West Coast,HFFL,3,158,1,16,2,0,5,0,38,3
2020,2.0,2020-06-13,Charlie,Ballard,Gold Coast,CHB,3,33,3,5,1,0,2,0,83,5
2020,2.0,2020-06-13,Jarrod,Brander,West Coast,INT,2,205,2,12,1,0,1,0,75,9
2020,2.0,2020-06-13,Wil,Powell,Gold Coast,WL,7,310,6,14,3,1,6,0,71,15
2020,2.0,2020-06-13,Oscar,Allen,West Coast,INT,4,247,1,12,3,2,1,0,75,6
2020,2.0,2020-06-13,Jack,Lukosius,Gold Coast,BPR,4,355,5,6,3,0,2,0,69,9
2020,2.0,2020-06-13,Ben,King,Gold Coast,FF,5,221,0,7,2,0,1,0,55,6
2020,2.0,2020-06-13,Noah,Anderson,Gold Coast,WR,3,323,4,14,6,1,6,0,58,11
2020,2.0,2020-06-13,Connor,Budarick,Gold Coast,BPL,2,174,5,5,2,0,4,0,75,12
2020,2.0,2020-06-13,Matt,Rowell,Gold Coast,R,6,321,3,20,3,2,11,1,81,21
2020,2.0,2020-06-13,Robbie,Gray,Port Adelaide,RR,7,221,1,8,5,1,5,0,58,11
2020,2.0,2020-06-13,Justin,Westhoff,Port Adelaide,INT,4,159,3,9,5,0,3,0,73,11
2020,2.0,2020-06-13,Travis,Boak,Port Adelaide,R,10,439,0,20,1,2,4,0,67,16
2020,2.0,2020-06-13,Brad,Ebert,Port Adelaide,HFFR,5,220,2,11,4,0,4,1,75,12
2020,2.0,2020-06-13,Taylor,Walker,Adelaide,CHF,3,245,3,4,0,0,5,1,70,7
2020,2.0,2020-06-13,Hamish,Hartlett,Port Adelaide,INT,4,335,2,9,2,1,4,0,76,16
2020,2.0,2020-06-13,Tom,Rockliff,Port Adelaide,INT,5,336,2,17,3,2,5,1,58,14
2020,2.0,2020-06-13,Rory,Sloane,Adelaide,R,2,234,2,16,3,0,5,0,50,6
2020,2.0,2020-06-13,Steven,Motlop,Port Adelaide,CHF,8,400,2,11,4,0,7,0,83,20
2020,2.0,2020-06-13,Tom,Lynch,Adelaide,FPL,5,442,2,16,7,0,6,0,50,10
2020,2.0,2020-06-13,Brodie,Smith,Adelaide,HBFL,3,232,3,19,4,0,4,0,40,4
2020,2.0,2020-06-13,Charlie,Dixon,Port Adelaide,FPL,5,105,1,5,2,0,3,0,63,5
2020,2.0,2020-06-13,Trent,McKenzie,Port Adelaide,FB,3,172,10,3,4,0,3,0,80,12
2020,2.0,2020-06-13,Daniel,Talia,Adelaide,FB,0,127,4,6,2,0,3,0,70,7
2020,2.0,2020-06-13,Scott,Lycett,Port Adelaide,RK,6,129,1,12,2,2,8,0,73,11
2020,2.0,2020-06-13,Tom,Jonas,Port Adelaide,HBFL,1,9,6,5,2,0,5,0,67,6
2020,2.0,2020-06-13,Paul,Seedsman,Adelaide,WL,1,176,2,5,3,1,5,0,64,7
2020,2.0,2020-06-13,Luke,Brown,Adelaide,BPL,1,280,5,11,4,0,2,0,78,7
2020,2.0,2020-06-13,Brad,Crouch,Adelaide,C,2,154,3,15,5,2,12,0,44,11
2020,2.0,2020-06-13,Rory,Laird,Adelaide,HBFR,1,300,3,12,8,0,3,0,50,10
2020,2.0,2020-06-13,Tom,Clurey,Port Adelaide,BPL,2,266,7,11,3,0,3,0,77,13
2020,2.0,2020-06-13,Matt,Crouch,Adelaide,INT,2,293,2,18,4,4,8,0,65,17
2020,2.0,2020-06-13,Jake,Kelly,Adelaide,BPR,0,-9,1,2,0,0,1,0,100,1
2020,2.0,2020-06-13,Karl,Amon,Port Adelaide,WL,5,378,2,11,2,0,1,1,79,11
2020,2.0,2020-06-13,Rory,Atkins,Adelaide,RR,1,237,2,15,2,1,3,0,80,8
2020,2.0,2020-06-13,Wayne,Milera,Adelaide,INT,3,211,4,19,1,0,4,0,87,13
2020,2.0,2020-06-13,Darcy,Byrne-Jones,Port Adelaide,HBFR,6,170,7,7,3,0,6,0,84,21
2020,2.0,2020-06-13,Ben,Keays,Adelaide,HFFL,0,1,2,24,1,0,3,0,83,5
2020,2.0,2020-06-13,Ben,Crocker,Adelaide,INT,4,87,1,9,1,0,1,2,60,3
2020,2.0,2020-06-13,Reilly,O'Brien,Adelaide,RK,2,186,8,14,3,0,4,0,75,12
2020,2.0,2020-06-13,Ryan,Burton,Port Adelaide,BPR,3,188,0,6,3,0,2,0,67,8
2020,2.0,2020-06-13,Riley,Bonner,Port Adelaide,CHB,5,224,1,7,2,0,1,0,79,11
2020,2.0,2020-06-13,Dan,Houston,Port Adelaide,FF,4,305,4,18,4,1,1,1,64,9
2020,2.0,2020-06-13,Sam,Powell-Pepper,Port Adelaide,HFFL,4,287,0,20,0,0,4,2,73,8
2020,2.0,2020-06-13,Todd,Marshall,Port Adelaide,FPR,6,305,0,6,1,0,4,0,91,10
2020,2.0,2020-06-13,Tom,Doedee,Adelaide,CHB,1,46,4,10,1,0,3,0,78,7
2020,2.0,2020-06-13,Darcy,Fogarty,Adelaide,FF,3,133,0,10,2,1,1,1,80,4
2020,2.0,2020-06-13,Lachlan,Murphy,Adelaide,FPR,2,106,0,15,1,0,4,0,56,5
2020,2.0,2020-06-13,Zak,Butters,Port Adelaide,INT,8,154,5,19,1,1,6,3,76,16
2020,2.0,2020-06-13,Xavier,Duursma,Port Adelaide,WR,7,327,2,17,1,0,3,2,71,12
2020,2.0,2020-06-13,Connor,Rozee,Port Adelaide,C,8,338,3,19,4,2,8,2,88,15
2020,2.0,2020-06-13,Chayce,Jones,Adelaide,INT,1,294,3,14,4,0,6,0,50,6
2020,2.0,2020-06-13,Fischer,McAsey,Adelaide,HFFR,1,102,2,10,1,0,2,0,67,4
2020,2.0,2020-06-13,Ned,McHenry,Adelaide,WR,4,169,3,17,4,1,5,0,67,8
2020,2.0,2020-06-14,Heath,Shaw,Greater Western Sydney,INT,1,107,5,5,0,0,4,0,83,5
2020,2.0,2020-06-14,Shaun,Higgins,North Melbourne,HFFR,4,395,2,16,4,1,9,0,79,22
2020,2.0,2020-06-14,Callan,Ward,Greater Western Sydney,WL,6,219,2,6,4,0,7,0,62,13
2020,2.0,2020-06-14,Todd,Goldstein,North Melbourne,RK,5,200,4,16,3,2,5,0,84,16
2020,2.0,2020-06-14,Sam,Jacobs,Greater Western Sydney,RK,3,40,2,7,2,0,2,0,60,3
2020,2.0,2020-06-14,Jack,Ziebell,North Melbourne,FF,5,188,0,7,4,0,3,0,69,9
2020,2.0,2020-06-14,Matt,de Boer,Greater Western Sydney,R,1,237,4,29,6,0,8,1,59,10
2020,2.0,2020-06-14,Phil,Davis,Greater Western Sydney,CHB,0,64,3,6,2,0,0,0,67,2
2020,2.0,2020-06-14,Ben,Cunnington,North Melbourne,C,5,36,2,16,4,3,10,0,62,13
2020,2.0,2020-06-14,Robbie,Tarrant,North Melbourne,FB,2,492,2,4,3,0,0,0,83,15
2020,2.0,2020-06-14,Jamie,Macmillan,North Melbourne,INT,3,215,3,7,2,0,2,0,92,11
2020,2.0,2020-06-14,Jasper,Pittard,North Melbourne,HBFL,3,255,1,10,2,0,1,0,83,10
2020,2.0,2020-06-14,Shaun,Atley,North Melbourne,BPL,4,345,7,11,5,0,4,0,86,19
2020,2.0,2020-06-14,Jared,Polec,North Melbourne,WR,10,466,3,18,3,1,8,1,74,17
2020,2.0,2020-06-14,Jeremy,Cameron,Greater Western Sydney,CHF,3,92,0,14,0,0,3,0,57,4
2020,2.0,2020-06-14,Stephen,Coniglio,Greater Western Sydney,C,5,319,1,21,3,2,9,1,74,14
2020,2.0,2020-06-14,Toby,Greene,Greater Western Sydney,HFFR,3,204,1,13,2,0,6,0,62,8
2020,2.0,2020-06-14,Aaron,Hall,North Melbourne,RR,3,256,1,27,3,0,3,3,50,5
2020,2.0,2020-06-14,Nick,Haynes,Greater Western Sydney,BPL,2,396,6,4,2,0,2,0,87,13
2020,2.0,2020-06-14,Josh,Walker,North Melbourne,CHB,2,121,2,7,1,0,2,0,67,4
2020,2.0,2020-06-14,Lachie,Whitfield,Greater Western Sydney,WR,4,366,7,18,3,0,6,0,63,12
2020,2.0,2020-06-14,Jed,Anderson,North Melbourne,INT,6,43,2,15,2,1,7,1,63,10
2020,2.0,2020-06-14,Zac,Williams,Greater Western Sydney,HBFR,2,232,4,11,2,0,6,0,53,8
2020,2.0,2020-06-14,Aidan,Corr,Greater Western Sydney,FB,1,234,5,1,2,0,4,0,90,9
2020,2.0,2020-06-14,Luke,McDonald,North Melbourne,BPR,3,195,4,11,3,0,3,0,75,9
2020,2.0,2020-06-14,Josh,Kelly,Greater Western Sydney,HFFL,4,367,2,26,6,2,9,0,59,10
2020,2.0,2020-06-14,Ben,Brown,North Melbourne,CHF,5,262,0,6,0,0,1,0,50,5
2020,2.0,2020-06-14,Mason,Wood,North Melbourne,INT,2,58,1,9,1,0,3,0,57,4
2020,2.0,2020-06-14,Trent,Dumont,North Melbourne,WL,4,299,2,15,5,1,1,0,73,16
2020,2.0,2020-06-14,Jacob,Hopper,Greater Western Sydney,RR,5,226,2,14,0,1,4,2,39,5
2020,2.0,2020-06-14,Harry,Himmelberg,Greater Western Sydney,INT,5,304,0,4,4,0,6,0,83,10
2020,2.0,2020-06-14,Jy,Simpkin,North Melbourne,R,8,297,3,12,4,5,8,0,76,19
2020,2.0,2020-06-14,Daniel,Lloyd,Greater Western Sydney,FPR,2,78,0,16,2,0,2,0,60,3
2020,2.0,2020-06-14,Harry,Perryman,Greater Western Sydney,INT,4,53,2,14,1,0,2,0,73,8
2020,2.0,2020-06-14,Jeremy,Finlayson,Greater Western Sydney,FF,4,119,0,10,0,0,1,0,71,5
2020,2.0,2020-06-14,Cameron,Zurhaar,North Melbourne,FPR,7,269,1,5,1,0,3,1,82,9
2020,2.0,2020-06-14,Isaac,Cumming,Greater Western Sydney,HBFL,2,133,1,15,2,0,1,0,91,10
2020,2.0,2020-06-14,Sam,Taylor,Greater Western Sydney,BPR,1,72,5,10,1,0,2,0,71,5
2020,2.0,2020-06-14,Brent,Daniels,Greater Western Sydney,FPL,4,117,0,16,0,2,5,1,91,10
2020,2.0,2020-06-14,Bailey,Scott,North Melbourne,INT,2,72,1,8,0,0,2,0,83,5
2020,2.0,2020-06-14,Tarryn,Thomas,North Melbourne,HFFL,5,107,1,11,0,0,2,1,83,5
2020,2.0,2020-06-14,Curtis,Taylor,North Melbourne,FPL,3,159,2,17,3,0,4,1,79,11
2020,2.0,2020-06-14,Kyron,Hayden,North Melbourne,HBFR,2,156,2,11,2,0,3,0,63,5
2020,2.0,2020-06-14,Jye,Caldwell,Greater Western Sydney,INT,4,309,3,15,2,0,4,1,67,10
2020,2.0,2020-06-14,Josh P.,Kennedy,Sydney,RR,4,167,3,19,0,4,6,0,74,14
2020,2.0,2020-06-14,Tom,Bellchambers,Essendon,RK,2,107,1,4,1,1,3,0,40,2
2020,2.0,2020-06-14,Cale,Hooker,Essendon,FB,0,115,5,3,3,0,4,0,69,9
2020,2.0,2020-06-14,Michael,Hurley,Essendon,BPR,0,275,5,5,3,0,2,0,80,12
2020,2.0,2020-06-14,David,Zaharakis,Essendon,INT,0,101,0,15,2,0,1,1,33,2
2020,2.0,2020-06-14,Shaun,McKernan,Essendon,FF,6,160,2,14,2,0,2,1,86,6
2020,2.0,2020-06-14,Dyson,Heppell,Essendon,RR,5,343,1,17,2,1,6,0,82,14
2020,2.0,2020-06-14,Luke,Parker,Sydney,C,3,323,2,21,2,2,6,0,68,17
2020,2.0,2020-06-14,Dylan,Shiel,Essendon,R,3,356,2,12,6,6,7,1,68,15
2020,2.0,2020-06-14,Devon,Smith,Essendon,HFFL,6,287,0,26,1,1,7,0,71,12
2020,2.0,2020-06-14,Jacob,Townsend,Essendon,FPR,1,167,1,11,3,0,2,3,60,3
2020,2.0,2020-06-14,Harry,Cunningham,Sydney,HBFR,2,314,2,10,6,0,2,1,67,10
2020,2.0,2020-06-14,Dane,Rampe,Sydney,FB,3,579,7,4,6,0,1,0,100,20
2020,2.0,2020-06-14,Callum,Sinclair,Sydney,RK,3,222,0,13,3,2,3,1,85,11
2020,2.0,2020-06-14,Jake,Stringer,Essendon,FPL,3,202,2,9,3,0,3,1,71,5
2020,2.0,2020-06-14,Zach,Merrett,Essendon,WR,5,410,4,17,1,0,8,0,79,23
2020,2.0,2020-06-14,Lewis,Taylor,Sydney,WL,4,314,1,7,4,0,2,0,50,6
2020,2.0,2020-06-14,Sam,Gray,Sydney,FPL,2,51,0,16,0,0,2,1,86,6
2020,2.0,2020-06-14,Tom,Cutler,Essendon,WL,0,198,4,7,2,0,2,0,79,11
2020,2.0,2020-06-14,Jake,Lloyd,Sydney,BPL,6,278,5,19,2,0,4,0,86,25
2020,2.0,2020-06-14,Adam,Saad,Essendon,HBFL,3,508,8,9,3,0,8,0,75,15
2020,2.0,2020-06-14,Isaac,Heeney,Sydney,HFFR,3,105,1,17,2,0,5,3,60,6
2020,2.0,2020-06-14,Kyle,Langford,Essendon,INT,6,391,5,4,6,1,9,0,59,13
2020,2.0,2020-06-14,Anthony,McDonald-Tipungwuti,Essendon,HFFR,3,122,1,14,4,0,3,1,57,4
2020,2.0,2020-06-14,Darcy,Parish,Essendon,INT,3,269,1,15,4,1,6,0,53,9
2020,2.0,2020-06-14,George,Hewett,Sydney,INT,2,156,3,10,3,0,5,0,62,8
2020,2.0,2020-06-14,Callum,Mills,Sydney,HBFL,3,231,9,8,4,0,5,0,88,15
2020,2.0,2020-06-14,Tom,Papley,Sydney,R,6,143,2,14,2,0,4,1,73,8
2020,2.0,2020-06-14,Aliir,Aliir,Sydney,BPR,2,169,5,9,1,0,7,0,73,11
2020,2.0,2020-06-14,Kaiden,Brand,Sydney,CHB,2,-2,4,10,1,0,1,0,86,6
2020,2.0,2020-06-14,Mason,Redman,Essendon,CHB,2,227,2,6,3,0,2,2,92,11
2020,2.0,2020-06-14,Aaron,Francis,Essendon,BPL,1,174,3,6,1,0,2,0,82,9
2020,2.0,2020-06-14,Will,Snelling,Essendon,CHF,1,116,1,22,2,0,3,1,67,4
2020,2.0,2020-06-14,Oliver,Florent,Sydney,HFFL,3,635,2,24,11,5,8,1,52,14
2020,2.0,2020-06-14,Andrew,McGrath,Essendon,C,3,158,4,17,5,2,7,1,78,18
2020,2.0,2020-06-14,Will,Hayward,Sydney,FPR,4,140,1,13,1,0,6,2,67,6
2020,2.0,2020-06-14,Jordan,Dawson,Sydney,WR,3,140,5,5,2,0,3,0,75,12
2020,2.0,2020-06-14,Matt,Guelfi,Essendon,INT,1,-19,3,5,0,0,3,0,100,5
2020,2.0,2020-06-14,Tom,McCartin,Sydney,CHF,1,67,0,6,1,0,3,0,100,6
2020,2.0,2020-06-14,Jordan,Ridley,Essendon,HBFR,2,162,5,7,2,0,2,0,77,13
2020,2.0,2020-06-14,Colin,O'Riordan,Sydney,INT,1,101,3,8,1,0,1,0,89,8
2020,2.0,2020-06-14,Nick,Blakey,Sydney,INT,2,335,2,14,3,0,1,1,55,6
2020,2.0,2020-06-14,Justin,McInerney,Sydney,INT,2,107,3,15,2,0,2,1,70,7
2020,2.0,2020-06-14,James,Rowbottom,Sydney,FF,3,193,0,20,2,0,3,0,60,6
2020,2.0,2020-06-14,Paddy,Ryder,St Kilda,FPL,2,63,1,9,0,1,1,0,40,2
2020,2.0,2020-06-14,Jarryn,Geary,St Kilda,WR,2,35,1,14,1,0,3,1,100,3
2020,2.0,2020-06-14,Matthew,Suckling,Western Bulldogs,INT,3,277,2,6,3,0,1,0,67,10
2020,2.0,2020-06-14,Dan,Hannebery,St Kilda,INT,5,346,0,18,4,2,4,1,75,15
2020,2.0,2020-06-14,Jake,Carlisle,St Kilda,HBFR,3,68,1,6,0,0,0,0,86,6
2020,2.0,2020-06-14,Mitch,Wallis,Western Bulldogs,FPL,4,98,0,6,1,0,2,1,75,9
2020,2.0,2020-06-14,Bradley,Hill,St Kilda,WL,3,222,0,18,5,0,1,0,63,12
2020,2.0,2020-06-14,Josh,Bruce,Western Bulldogs,FF,2,84,2,6,2,1,3,3,64,7
2020,2.0,2020-06-14,Hayden,Crozier,Western Bulldogs,HBFL,1,375,2,2,2,0,0,0,71,12
2020,2.0,2020-06-14,Jason,Johannisen,Western Bulldogs,CHB,0,178,3,17,1,0,2,0,79,11
2020,2.0,2020-06-14,Lin,Jong,Western Bulldogs,INT,3,183,3,14,2,0,3,2,82,14
2020,2.0,2020-06-14,Sebastian,Ross,St Kilda,INT,6,268,3,25,4,3,4,0,63,15
2020,2.0,2020-06-14,Jack,Macrae,Western Bulldogs,R,4,208,1,19,1,1,4,1,89,16
2020,2.0,2020-06-14,Jack,Billings,St Kilda,HFFR,6,470,4,12,5,0,4,1,58,14
2020,2.0,2020-06-14,Sam,Lloyd,Western Bulldogs,FPR,1,133,0,13,3,0,1,1,29,2
2020,2.0,2020-06-14,Marcus,Bontempelli,Western Bulldogs,C,2,390,2,20,6,5,9,1,63,15
2020,2.0,2020-06-14,Zak,Jones,St Kilda,C,6,219,1,16,3,5,9,0,76,22
2020,2.0,2020-06-14,Tim,Membrey,St Kilda,FF,3,353,1,6,5,0,2,1,54,7
2020,2.0,2020-06-14,Jack,Lonie,St Kilda,HFFL,4,195,2,14,2,0,4,3,47,7
2020,2.0,2020-06-14,Bailey,Dale,Western Bulldogs,HFFL,4,86,1,3,1,0,4,0,78,7
2020,2.0,2020-06-14,Jack,Steele,St Kilda,RR,7,235,1,23,0,0,7,0,82,18
2020,2.0,2020-06-14,Caleb,Daniel,Western Bulldogs,HBFR,3,118,6,9,1,0,6,0,87,13
2020,2.0,2020-06-14,Josh,Dunkley,Western Bulldogs,RR,4,174,1,27,1,2,8,2,71,20
2020,2.0,2020-06-14,Jade,Gresham,St Kilda,FPR,4,419,1,20,6,3,7,0,64,16
2020,2.0,2020-06-14,Dougal,Howard,St Kilda,BPR,2,108,3,3,0,0,1,0,100,6
2020,2.0,2020-06-14,Bailey,Williams,Western Bulldogs,BPR,2,343,6,9,2,0,2,0,100,14
2020,2.0,2020-06-14,Dan,Butler,St Kilda,R,8,293,1,15,2,0,3,4,86,12
2020,2.0,2020-06-14,Ben,Long,St Kilda,HBFL,2,76,2,10,0,0,1,0,89,8
2020,2.0,2020-06-14,Tim,English,Western Bulldogs,RK,1,222,4,7,5,0,3,0,42,5
2020,2.0,2020-06-14,Alex,Keath,Western Bulldogs,FB,2,112,5,7,1,0,3,0,78,7
2020,2.0,2020-06-14,Rowan,Marshall,St Kilda,RK,2,105,0,16,2,0,2,0,64,7
2020,2.0,2020-06-14,Patrick,Lipinski,Western Bulldogs,INT,7,190,1,19,1,0,5,1,77,17
2020,2.0,2020-06-14,Hunter,Clark,St Kilda,CHB,4,349,5,14,3,0,3,1,84,16
2020,2.0,2020-06-14,Billy,Gowers,Western Bulldogs,HFFR,1,42,1,14,0,0,3,0,83,5
2020,2.0,2020-06-14,Aaron,Naughton,Western Bulldogs,CHF,4,137,1,7,2,0,2,0,80,8
2020,2.0,2020-06-14,Ed,Richards,Western Bulldogs,WR,1,160,3,16,4,0,3,1,64,9
2020,2.0,2020-06-14,Nick,Coffield,St Kilda,BPL,2,93,3,11,1,0,2,0,92,11
2020,2.0,2020-06-14,Ben,Paton,St Kilda,INT,0,165,6,5,2,0,2,0,88,14
2020,2.0,2020-06-14,Bailey,Smith,Western Bulldogs,WL,4,347,4,27,3,0,15,0,66,19
2020,2.0,2020-06-14,Callum,Wilkie,St Kilda,FB,2,288,8,7,0,0,3,0,94,17
2020,2.0,2020-06-14,Ryan,Gardner,Western Bulldogs,BPL,0,58,0,5,1,0,2,0,50,3
2020,2.0,2020-06-14,Nick,Hind,St Kilda,INT,4,182,2,11,3,0,9,1,67,10
2020,2.0,2020-06-14,Max,King,St Kilda,CHF,6,141,0,7,0,0,3,0,80,8
2020,2.0,2020-06-14,Laitham,Vandermeer,Western Bulldogs,INT,3,150,0,12,3,0,1,0,50,5
2020,3.0,2020-06-18,Shaun,Burgoyne,Hawthorn,HBFR,5,160,1,13,1,0,5,0,73,8
2020,3.0,2020-06-18,Shane,Edwards,Richmond,CHF,2,68,1,17,3,1,4,0,67,8
2020,3.0,2020-06-18,Bachar,Houli,Richmond,HBFR,5,289,8,10,3,1,6,0,84,21
2020,3.0,2020-06-18,Jack,Riewoldt,Richmond,FPR,3,342,0,11,5,0,1,0,27,3
2020,3.0,2020-06-18,James,Frawley,Hawthorn,FB,1,98,3,8,3,0,1,0,71,5
2020,3.0,2020-06-18,Trent,Cotchin,Richmond,RR,2,298,1,18,4,3,8,0,50,9
2020,3.0,2020-06-18,Ben,McEvoy,Hawthorn,CHB,0,15,9,5,1,0,3,0,92,11
2020,3.0,2020-06-18,Liam,Shiels,Hawthorn,INT,3,274,4,12,7,0,5,0,77,10
2020,3.0,2020-06-18,Tom,Scully,Hawthorn,HFFL,2,190,2,8,2,0,6,0,75,9
2020,3.0,2020-06-18,Ben,Stratton,Hawthorn,HBFL,1,173,6,7,4,0,2,0,33,4
2020,3.0,2020-06-18,David,Astbury,Richmond,BPR,2,187,9,8,3,0,6,0,77,13
2020,3.0,2020-06-18,Ricky,Henderson,Hawthorn,WL,2,93,3,11,2,0,2,0,80,12
2020,3.0,2020-06-18,Jack,Gunston,Hawthorn,FPL,6,283,0,7,2,0,1,0,56,5
2020,3.0,2020-06-18,Dylan,Grimes,Richmond,FB,4,210,6,2,1,0,2,0,78,14
2020,3.0,2020-06-18,Dion,Prestia,Richmond,C,3,278,3,18,6,1,6,0,77,13
2020,3.0,2020-06-18,Isaac,Smith,Hawthorn,WR,4,531,3,15,7,0,4,0,59,17
2020,3.0,2020-06-18,Tom,Lynch,Richmond,FF,4,88,0,16,0,0,1,0,83,5
2020,3.0,2020-06-18,Luke,Breust,Hawthorn,HFFR,4,156,0,13,3,2,5,0,78,7
2020,3.0,2020-06-18,Josh,Caddy,Richmond,INT,5,183,4,10,1,0,1,0,85,11
2020,3.0,2020-06-18,Chad,Wingard,Hawthorn,FPR,6,304,1,13,2,0,1,1,87,13
2020,3.0,2020-06-18,Jonathon,Patton,Hawthorn,INT,2,70,1,11,4,0,2,0,100,7
2020,3.0,2020-06-18,Sam,Frost,Hawthorn,FF,0,273,7,7,2,0,4,0,60,9
2020,3.0,2020-06-18,Jaeger,O'Meara,Hawthorn,R,2,406,3,14,4,3,6,0,91,21
2020,3.0,2020-06-18,Nick,Vlastuin,Richmond,CHB,5,379,10,6,4,0,8,0,82,18
2020,3.0,2020-06-18,Tom,Mitchell,Hawthorn,RR,2,137,2,10,3,0,4,0,87,20
2020,3.0,2020-06-18,Jonathon,Ceglar,Hawthorn,RK,2,174,0,9,3,2,3,1,73,11
2020,3.0,2020-06-18,Tim,O'Brien,Hawthorn,CHF,4,125,2,17,3,0,2,1,100,5
2020,3.0,2020-06-18,Kane,Lambert,Richmond,R,3,142,3,16,5,1,7,0,57,8
2020,3.0,2020-06-18,James,Sicily,Hawthorn,BPL,3,651,6,6,7,0,4,0,87,20
2020,3.0,2020-06-18,Daniel,Rioli,Richmond,INT,4,61,2,18,0,0,3,1,100,6
2020,3.0,2020-06-18,Jayden,Short,Richmond,INT,3,414,6,6,5,0,4,0,89,16
2020,3.0,2020-06-18,Jason,Castagna,Richmond,HFFR,3,103,0,10,2,0,0,0,60,3
2020,3.0,2020-06-18,Nathan,Broad,Richmond,BPL,2,153,4,2,1,0,5,0,77,10
2020,3.0,2020-06-18,Blake,Hardwick,Hawthorn,BPR,3,244,5,11,1,0,1,0,100,17
2020,3.0,2020-06-18,Ivan,Soldo,Richmond,RK,1,118,0,9,4,0,2,0,43,3
2020,3.0,2020-06-18,Shai,Bolton,Richmond,HFFL,5,202,2,10,2,0,3,0,44,4
2020,3.0,2020-06-18,Jack,Scrimshaw,Hawthorn,INT,3,239,5,5,3,0,4,0,72,13
2020,3.0,2020-06-18,Jack,Graham,Richmond,WR,4,225,0,9,2,1,2,0,75,9
2020,3.0,2020-06-18,Jack,Higgins,Richmond,FPL,6,358,2,15,7,0,4,1,53,8
2020,3.0,2020-06-18,James,Worpel,Hawthorn,C,2,251,6,16,5,0,7,1,71,12
2020,3.0,2020-06-18,Sydney,Stack,Richmond,HBFL,5,184,7,14,4,0,6,0,83,15
2020,3.0,2020-06-18,Jack,Ross,Richmond,INT,1,194,3,10,4,3,3,0,46,5
2020,3.0,2020-06-18,Oliver,Hanrahan,Hawthorn,INT,3,103,0,17,3,0,2,0,64,7
2020,3.0,2020-06-18,Marlion,Pickett,Richmond,WL,3,179,2,11,3,0,4,1,60,6
2020,3.0,2020-06-19,Heath,Shaw,Greater Western Sydney,WR,3,213,5,2,2,0,3,0,94,16
2020,3.0,2020-06-19,Callan,Ward,Greater Western Sydney,R,3,242,3,14,4,2,4,0,68,13
2020,3.0,2020-06-19,Sam,Jacobs,Greater Western Sydney,RK,4,68,0,3,2,1,3,0,83,5
2020,3.0,2020-06-19,Matthew,Suckling,Western Bulldogs,INT,1,241,0,5,4,0,1,1,67,8
2020,3.0,2020-06-19,Matt,de Boer,Greater Western Sydney,RR,1,92,0,11,1,1,2,1,78,7
2020,3.0,2020-06-19,Phil,Davis,Greater Western Sydney,CHB,3,44,4,5,2,0,0,0,83,10
2020,3.0,2020-06-19,Tom,Liberatore,Western Bulldogs,WR,3,140,1,7,2,0,6,0,89,16
2020,3.0,2020-06-19,Mitch,Wallis,Western Bulldogs,FPL,3,119,2,9,3,0,2,2,38,3
2020,3.0,2020-06-19,Jeremy,Cameron,Greater Western Sydney,CHF,4,179,0,6,2,0,1,0,63,5
2020,3.0,2020-06-19,Stephen,Coniglio,Greater Western Sydney,C,4,221,2,12,4,2,7,0,54,13
2020,3.0,2020-06-19,Josh,Bruce,Western Bulldogs,FF,2,102,0,9,3,0,1,0,50,3
2020,3.0,2020-06-19,Nick,Haynes,Greater Western Sydney,BPL,3,296,6,4,4,0,1,0,71,12
2020,3.0,2020-06-19,Hayden,Crozier,Western Bulldogs,HBFR,4,197,3,8,1,0,2,0,75,12
2020,3.0,2020-06-19,Jason,Johannisen,Western Bulldogs,HBFL,2,360,4,5,3,0,5,0,65,13
2020,3.0,2020-06-19,Lin,Jong,Western Bulldogs,FPR,2,44,0,7,0,0,4,1,82,9
2020,3.0,2020-06-19,Lachie,Whitfield,Greater Western Sydney,WL,0,96,2,3,2,0,1,0,75,3
2020,3.0,2020-06-19,Jack,Macrae,Western Bulldogs,INT,5,190,4,19,3,1,8,1,72,18
2020,3.0,2020-06-19,Zac,Williams,Greater Western Sydney,HBFL,2,234,3,11,0,0,2,0,100,9
2020,3.0,2020-06-19,Aidan,Corr,Greater Western Sydney,FB,3,301,4,7,2,0,1,0,81,13
2020,3.0,2020-06-19,Sam,Lloyd,Western Bulldogs,INT,4,55,0,8,2,0,1,0,43,3
2020,3.0,2020-06-19,Marcus,Bontempelli,Western Bulldogs,C,3,297,0,16,4,2,5,2,63,10
2020,3.0,2020-06-19,Bailey,Dale,Western Bulldogs,HFFL,3,146,1,3,3,0,2,0,60,6
2020,3.0,2020-06-19,Toby,McLean,Western Bulldogs,HFFR,2,223,3,11,6,0,2,0,82,14
2020,3.0,2020-06-19,Caleb,Daniel,Western Bulldogs,BPR,5,369,4,9,1,0,5,0,91,21
2020,3.0,2020-06-19,Zaine,Cordy,Western Bulldogs,CHB,1,181,2,4,2,0,0,0,89,8
2020,3.0,2020-06-19,Josh,Dunkley,Western Bulldogs,RR,4,62,4,20,2,2,9,0,88,14
2020,3.0,2020-06-19,Jacob,Hopper,Greater Western Sydney,HFFL,2,301,0,12,3,1,5,0,50,9
2020,3.0,2020-06-19,Bailey,Williams,Western Bulldogs,BPL,2,286,4,2,3,0,2,0,73,11
2020,3.0,2020-06-19,Harry,Himmelberg,Greater Western Sydney,FPR,3,44,5,7,2,0,4,0,57,4
2020,3.0,2020-06-19,Daniel,Lloyd,Greater Western Sydney,HFFR,2,93,2,15,1,0,5,2,71,5
2020,3.0,2020-06-19,Harry,Perryman,Greater Western Sydney,HBFR,6,481,5,6,4,1,6,1,61,14
2020,3.0,2020-06-19,Tim,English,Western Bulldogs,RK,5,265,6,8,0,1,3,0,60,9
2020,3.0,2020-06-19,Jeremy,Finlayson,Greater Western Sydney,FF,2,92,0,9,2,0,2,1,33,2
2020,3.0,2020-06-19,Alex,Keath,Western Bulldogs,FB,4,308,6,2,2,0,4,0,79,11
2020,3.0,2020-06-19,Zac,Langdon,Greater Western Sydney,INT,2,41,1,18,1,0,2,1,50,2
2020,3.0,2020-06-19,Aaron,Naughton,Western Bulldogs,CHF,4,67,1,9,0,0,3,0,78,7
2020,3.0,2020-06-19,Ed,Richards,Western Bulldogs,WL,3,314,3,10,6,0,3,0,33,3
2020,3.0,2020-06-19,Sam,Taylor,Greater Western Sydney,BPR,2,118,4,12,1,0,3,1,92,12
2020,3.0,2020-06-19,Brent,Daniels,Greater Western Sydney,FPL,1,177,1,21,2,0,2,0,67,6
2020,3.0,2020-06-19,Bailey,Smith,Western Bulldogs,R,4,377,0,12,0,0,1,0,94,16
2020,3.0,2020-06-19,Jackson,Hately,Greater Western Sydney,INT,3,333,2,19,5,0,3,1,86,18
2020,3.0,2020-06-19,Jye,Caldwell,Greater Western Sydney,INT,4,123,2,17,3,0,5,2,50,7
2020,3.0,2020-06-19,Laitham,Vandermeer,Western Bulldogs,INT,1,146,2,7,2,0,2,1,70,7
2020,3.0,2020-06-19,Lachie,Ash,Greater Western Sydney,INT,2,48,1,10,1,0,0,0,71,5
2020,3.0,2020-06-20,Shaun,Higgins,North Melbourne,R,3,124,2,19,1,0,1,1,100,11
2020,3.0,2020-06-20,Josh P.,Kennedy,Sydney,RR,5,239,3,23,3,4,10,3,64,14
2020,3.0,2020-06-20,Todd,Goldstein,North Melbourne,RK,6,182,1,8,4,2,7,0,67,12
2020,3.0,2020-06-20,Jack,Ziebell,North Melbourne,RR,6,272,3,11,4,2,3,0,79,11
2020,3.0,2020-06-20,Robbie,Tarrant,North Melbourne,FB,3,236,5,7,4,0,3,0,93,13
2020,3.0,2020-06-20,Jamie,Macmillan,North Melbourne,INT,0,15,2,10,4,0,2,0,78,7
2020,3.0,2020-06-20,Jasper,Pittard,North Melbourne,BPR,1,472,5,10,6,0,3,0,53,10
2020,3.0,2020-06-20,Shaun,Atley,North Melbourne,HBFR,1,237,5,9,5,0,5,0,75,9
2020,3.0,2020-06-20,Jared,Polec,North Melbourne,WR,3,93,2,15,2,0,4,0,75,9
2020,3.0,2020-06-20,Luke,Parker,Sydney,C,7,200,6,20,3,2,10,0,63,12
2020,3.0,2020-06-20,Harry,Cunningham,Sydney,HBFR,2,124,3,20,1,0,2,1,82,9
2020,3.0,2020-06-20,Aaron,Hall,North Melbourne,HFFR,7,438,3,5,3,1,5,0,67,14
2020,3.0,2020-06-20,Josh,Walker,North Melbourne,CHB,3,143,4,4,1,0,3,0,70,7
2020,3.0,2020-06-20,Dane,Rampe,Sydney,FB,0,103,3,5,2,0,2,0,63,5
2020,3.0,2020-06-20,Jed,Anderson,North Melbourne,INT,7,184,1,18,2,1,3,1,64,9
2020,3.0,2020-06-20,Callum,Sinclair,Sydney,FF,2,158,3,9,2,0,4,0,75,6
2020,3.0,2020-06-20,Luke,McDonald,North Melbourne,HBFL,1,150,4,6,3,0,3,0,75,9
2020,3.0,2020-06-20,Lewis,Taylor,Sydney,INT,2,75,1,18,0,0,1,1,60,3
2020,3.0,2020-06-20,Sam,Gray,Sydney,FPL,3,101,4,12,1,0,5,1,77,10
2020,3.0,2020-06-20,Jake,Lloyd,Sydney,BPL,3,392,4,7,5,0,3,0,77,17
2020,3.0,2020-06-20,Ben,Brown,North Melbourne,CHF,6,106,1,4,0,0,2,0,67,4
2020,3.0,2020-06-20,Mason,Wood,North Melbourne,FPR,1,56,0,9,1,0,2,2,67,6
2020,3.0,2020-06-20,Isaac,Heeney,Sydney,WR,7,250,4,7,3,0,5,0,67,12
2020,3.0,2020-06-20,Trent,Dumont,North Melbourne,WL,5,312,2,17,2,0,3,0,65,11
2020,3.0,2020-06-20,George,Hewett,Sydney,HFFL,4,79,3,11,1,0,6,0,82,9
2020,3.0,2020-06-20,Callum,Mills,Sydney,HBFL,2,145,4,6,2,0,2,0,100,9
2020,3.0,2020-06-20,Tom,Papley,Sydney,R,7,284,1,10,4,0,2,4,54,7
2020,3.0,2020-06-20,Aliir,Aliir,Sydney,CHB,0,200,6,6,3,0,3,0,55,6
2020,3.0,2020-06-20,Oliver,Florent,Sydney,WL,6,307,2,18,2,1,5,0,59,13
2020,3.0,2020-06-20,Jy,Simpkin,North Melbourne,C,5,375,1,16,4,4,5,1,65,17
2020,3.0,2020-06-20,Robbie,Fox,Sydney,INT,4,350,2,9,1,0,1,0,85,11
2020,3.0,2020-06-20,Will,Hayward,Sydney,FPR,1,90,0,11,3,0,3,0,83,5
2020,3.0,2020-06-20,Jordan,Dawson,Sydney,HFFR,2,459,3,5,3,0,2,0,88,14
2020,3.0,2020-06-20,Cameron,Zurhaar,North Melbourne,FF,4,172,0,10,1,0,2,0,71,5
2020,3.0,2020-06-20,Tom,McCartin,Sydney,CHF,2,60,0,8,3,0,1,1,0,0
2020,3.0,2020-06-20,Paul,Ahern,North Melbourne,INT,3,97,1,8,1,0,2,0,70,7
2020,3.0,2020-06-20,Colin,O'Riordan,Sydney,BPR,1,-14,1,6,0,0,3,0,100,4
2020,3.0,2020-06-20,Aiden,Bonar,North Melbourne,INT,1,92,0,9,0,0,2,1,75,6
2020,3.0,2020-06-20,Nick,Blakey,Sydney,INT,3,160,1,22,1,0,2,1,67,4
2020,3.0,2020-06-20,Tarryn,Thomas,North Melbourne,HFFL,2,76,2,7,3,1,3,2,86,6
2020,3.0,2020-06-20,James,Rowbottom,Sydney,INT,3,215,1,17,4,3,10,0,50,9
2020,3.0,2020-06-20,Curtis,Taylor,North Melbourne,FPL,5,181,1,9,3,0,1,0,60,6
2020,3.0,2020-06-20,Kyron,Hayden,North Melbourne,BPL,3,48,4,8,2,0,5,0,67,4
2020,3.0,2020-06-20,Hayden,McLean,Sydney,RK,6,188,1,10,1,0,2,0,86,6
2020,3.0,2020-06-20,Paddy,Ryder,St Kilda,FPL,2,187,2,11,4,1,2,0,38,3
2020,3.0,2020-06-20,Scott,Pendlebury,Collingwood,C,5,295,4,18,5,1,6,0,65,17
2020,3.0,2020-06-20,Chris,Mayne,Collingwood,INT,2,83,4,14,1,0,3,0,93,14
2020,3.0,2020-06-20,Steele,Sidebottom,Collingwood,R,6,203,3,21,4,0,8,1,65,20
2020,3.0,2020-06-20,Dan,Hannebery,St Kilda,HFFL,1,95,1,18,4,0,3,1,63,10
2020,3.0,2020-06-20,Jordan,Roughead,Collingwood,FB,2,105,2,9,0,0,0,0,90,9
2020,3.0,2020-06-20,Jake,Carlisle,St Kilda,BPR,3,98,7,3,2,0,3,0,75,15
2020,3.0,2020-06-20,Jeremy,Howe,Collingwood,BPR,2,437,2,4,4,0,1,0,89,16
2020,3.0,2020-06-20,Will,Hoskin-Elliott,Collingwood,WR,4,232,2,12,1,1,1,0,87,13
2020,3.0,2020-06-20,Bradley,Hill,St Kilda,WL,3,330,0,25,6,0,2,0,84,21
2020,3.0,2020-06-20,Jack,Crisp,Collingwood,BPL,5,319,6,6,3,0,6,0,88,21
2020,3.0,2020-06-20,Taylor,Adams,Collingwood,RR,5,324,3,16,4,2,7,1,63,12
2020,3.0,2020-06-20,Jamie,Elliott,Collingwood,FPR,7,224,1,17,1,1,2,1,62,8
2020,3.0,2020-06-20,Sebastian,Ross,St Kilda,INT,3,193,3,11,1,0,2,0,88,15
2020,3.0,2020-06-20,Brodie,Grundy,Collingwood,RK,5,86,0,11,5,0,7,1,60,12
2020,3.0,2020-06-20,Jack,Billings,St Kilda,WR,3,209,1,9,6,0,2,0,81,13
2020,3.0,2020-06-20,Zak,Jones,St Kilda,HFFR,2,227,2,16,1,0,5,0,69,11
2020,3.0,2020-06-20,Tim,Membrey,St Kilda,FF,2,137,0,9,1,0,0,0,83,5
2020,3.0,2020-06-20,Jordan,De Goey,Collingwood,FPL,5,245,3,13,5,2,4,3,81,13
2020,3.0,2020-06-20,Jack,Lonie,St Kilda,R,3,72,1,15,3,0,2,1,67,6
2020,3.0,2020-06-20,Jack,Steele,St Kilda,RR,2,140,1,30,1,0,4,0,77,10
2020,3.0,2020-06-20,Brayden,Maynard,Collingwood,HBFL,3,432,5,13,4,0,0,0,86,18
2020,3.0,2020-06-20,Darcy,Moore,Collingwood,CHB,2,106,9,6,2,0,7,0,80,12
2020,3.0,2020-06-20,Jonathon,Marsh,St Kilda,CHF,2,118,2,15,3,0,3,1,67,6
2020,3.0,2020-06-20,Jade,Gresham,St Kilda,C,3,306,0,17,6,2,6,0,55,12
2020,3.0,2020-06-20,Dougal,Howard,St Kilda,CHB,3,376,5,2,3,0,4,0,88,14
2020,3.0,2020-06-20,Tom,Phillips,Collingwood,INT,2,142,2,9,4,0,3,1,55,6
2020,3.0,2020-06-20,Rupert,Wills,Collingwood,INT,5,24,1,19,2,1,4,1,88,14
2020,3.0,2020-06-20,Dan,Butler,St Kilda,FPR,6,364,5,18,2,0,7,1,69,11
2020,3.0,2020-06-20,Ben,Long,St Kilda,HBFL,1,86,8,16,3,0,7,0,82,9
2020,3.0,2020-06-20,Callum L.,Brown,Collingwood,HFFR,6,163,1,16,3,0,4,0,71,10
2020,3.0,2020-06-20,Rowan,Marshall,St Kilda,RK,3,279,1,11,3,0,3,0,79,11
2020,3.0,2020-06-20,Josh,Daicos,Collingwood,WL,5,159,2,14,1,1,4,0,82,14
2020,3.0,2020-06-20,Hunter,Clark,St Kilda,HBFR,2,190,5,17,5,1,4,0,75,12
2020,3.0,2020-06-20,Jaidyn,Stephenson,Collingwood,HFFL,3,131,2,8,2,0,2,0,67,4
2020,3.0,2020-06-20,Nick,Coffield,St Kilda,INT,3,86,5,7,2,0,4,0,80,12
2020,3.0,2020-06-20,Brody,Mihocek,Collingwood,CHF,4,180,5,10,1,0,3,0,67,6
2020,3.0,2020-06-20,Darcy,Cameron,Collingwood,FF,1,39,0,18,1,0,0,0,100,2
2020,3.0,2020-06-20,Ben,Paton,St Kilda,BPL,1,187,8,7,2,0,6,0,78,14
2020,3.0,2020-06-20,Callum,Wilkie,St Kilda,FB,1,170,1,7,1,0,1,0,100,10
2020,3.0,2020-06-20,Nick,Hind,St Kilda,INT,3,52,0,14,1,0,0,1,100,4
2020,3.0,2020-06-20,John,Noble,Collingwood,HBFR,3,232,3,8,2,0,2,0,93,13
2020,3.0,2020-06-20,Tyler,Brown,Collingwood,INT,2,165,3,12,3,1,3,1,87,13
2020,3.0,2020-06-20,Max,King,St Kilda,INT,2,160,0,10,2,0,3,1,38,3
2020,3.0,2020-06-20,Grant,Birchall,Brisbane Lions,CHB,4,242,2,10,2,0,2,0,67,10
2020,3.0,2020-06-20,Shannon,Hurn,West Coast,BPR,0,391,8,5,4,0,2,0,100,14
2020,3.0,2020-06-20,Josh J.,Kennedy,West Coast,FF,2,85,0,5,2,0,3,3,40,2
2020,3.0,2020-06-20,Will,Schofield,West Coast,FB,1,120,5,3,2,0,2,0,100,7
2020,3.0,2020-06-20,Mitch,Robinson,Brisbane Lions,WL,3,281,1,7,2,1,3,0,58,7
2020,3.0,2020-06-20,Daniel,Rich,Brisbane Lions,HBFL,5,360,5,6,3,0,3,0,94,15
2020,3.0,2020-06-20,Nic,Naitanui,West Coast,RK,2,307,0,16,3,3,5,0,58,7
2020,3.0,2020-06-20,Jack,Redden,West Coast,INT,2,46,4,15,2,0,4,0,67,8
2020,3.0,2020-06-20,Lewis,Jetta,West Coast,HBFL,2,333,3,11,3,0,0,0,90,9
2020,3.0,2020-06-20,Luke,Shuey,West Coast,R,1,159,1,18,2,1,5,0,69,9
2020,3.0,2020-06-20,Brad,Sheppard,West Coast,HBFR,0,313,6,4,4,0,5,0,67,10
2020,3.0,2020-06-20,Ryan,Lester,Brisbane Lions,BPL,4,225,7,9,1,0,5,0,75,12
2020,3.0,2020-06-20,Jack,Darling,West Coast,CHF,5,80,1,12,3,0,2,2,86,6
2020,3.0,2020-06-20,Andrew,Gaff,West Coast,WL,5,565,3,21,7,0,4,0,50,15
2020,3.0,2020-06-20,Jamie,Cripps,West Coast,HFFL,2,262,2,21,4,0,5,1,36,4
2020,3.0,2020-06-20,Lachie,Neale,Brisbane Lions,R,6,463,4,23,6,2,10,0,66,21
2020,3.0,2020-06-20,Jarryd,Lyons,Brisbane Lions,HBFR,6,395,3,30,6,1,7,0,52,13
2020,3.0,2020-06-20,Elliot,Yeo,West Coast,C,1,182,3,22,4,0,8,0,50,8
2020,3.0,2020-06-20,Lincoln,McCarthy,Brisbane Lions,HFFL,8,28,0,6,0,0,7,1,56,5
2020,3.0,2020-06-20,Dom,Sheed,West Coast,HFFR,1,-71,3,13,3,1,8,0,58,7
2020,3.0,2020-06-20,Darcy,Gardiner,Brisbane Lions,BPR,2,212,7,6,3,0,3,0,73,8
2020,3.0,2020-06-20,Charlie,Cameron,Brisbane Lions,FPR,1,112,2,5,3,0,2,0,60,3
2020,3.0,2020-06-20,Cameron,Ellis-Yolmen,Brisbane Lions,RR,4,213,2,11,2,5,6,0,81,13
2020,3.0,2020-06-20,Daniel,McStay,Brisbane Lions,FF,3,18,1,6,2,0,3,0,67,4
2020,3.0,2020-06-20,Liam,Duggan,West Coast,INT,1,165,7,5,2,0,6,0,70,7
2020,3.0,2020-06-20,Brendon,Ah Chee,West Coast,INT,3,192,1,10,1,0,7,0,54,7
2020,3.0,2020-06-20,Harris,Andrews,Brisbane Lions,FB,2,126,6,2,0,0,0,0,75,6
2020,3.0,2020-06-20,Tom,Barrass,West Coast,CHB,0,96,2,3,1,0,1,0,100,2
2020,3.0,2020-06-20,Callum,Ah Chee,Brisbane Lions,INT,2,160,4,11,3,0,5,0,22,2
2020,3.0,2020-06-20,Eric,Hipwood,Brisbane Lions,CHF,5,298,3,7,4,0,5,0,42,5
2020,3.0,2020-06-20,Archie,Smith,Brisbane Lions,INT,0,2,0,6,2,1,4,0,50,3
2020,3.0,2020-06-20,Jarrod,Berry,Brisbane Lions,INT,7,311,1,25,1,0,3,1,77,10
2020,3.0,2020-06-20,Hugh,McCluggage,Brisbane Lions,WR,10,616,5,17,7,0,10,0,54,14
2020,3.0,2020-06-20,Cam,Rayner,Brisbane Lions,HFFR,3,134,2,14,2,0,3,1,50,4
2020,3.0,2020-06-20,Tim,Kelly,West Coast,RR,2,307,3,18,7,1,7,0,29,5
2020,3.0,2020-06-20,Liam,Ryan,West Coast,FPL,4,72,0,9,1,0,1,0,83,5
2020,3.0,2020-06-20,Zac,Bailey,Brisbane Lions,C,5,151,0,10,2,0,3,2,50,5
2020,3.0,2020-06-20,Oscar,McInerney,Brisbane Lions,FPL,5,159,3,5,2,1,4,0,64,7
2020,3.0,2020-06-20,Jack,Petruccelle,West Coast,FPR,1,84,1,8,0,0,1,2,86,6
2020,3.0,2020-06-20,Jarrod,Brander,West Coast,WR,4,373,4,6,5,0,2,0,57,8
2020,3.0,2020-06-20,Oscar,Allen,West Coast,INT,2,91,1,8,1,0,2,0,50,4
2020,3.0,2020-06-20,Brandon,Starcevich,Brisbane Lions,RK,3,279,5,8,2,0,6,0,58,7
2020,3.0,2020-06-20,Josh,Rotham,West Coast,BPL,1,152,1,6,3,0,0,0,20,1
2020,3.0,2020-06-20,Thomas,Berry,Brisbane Lions,INT,0,42,1,12,4,0,3,1,0,0
2020,3.0,2020-06-20,Gary,Ablett,Geelong,RR,3,280,2,12,6,1,7,1,50,7
2020,3.0,2020-06-20,Kade,Simpson,Carlton,HBFR,3,215,2,9,4,0,1,0,70,7
2020,3.0,2020-06-20,Eddie,Betts,Carlton,FPL,7,271,1,10,2,0,3,0,58,7
2020,3.0,2020-06-20,Marc,Murphy,Carlton,WL,6,164,1,14,1,0,4,0,91,10
2020,3.0,2020-06-20,Joel,Selwood,Geelong,WR,4,299,2,13,6,0,5,0,56,10
2020,3.0,2020-06-20,Tom,Hawkins,Geelong,FF,6,143,0,11,3,0,4,2,55,6
2020,3.0,2020-06-20,Harry,Taylor,Geelong,BPL,1,55,4,2,2,0,3,0,73,8
2020,3.0,2020-06-20,Patrick,Dangerfield,Geelong,C,8,471,2,14,8,3,8,1,48,10
2020,3.0,2020-06-20,Jack,Steven,Geelong,INT,2,58,0,10,1,1,1,0,67,4
2020,3.0,2020-06-20,Mitch,Duncan,Geelong,HFFR,5,380,4,9,0,1,8,0,63,15
2020,3.0,2020-06-20,Gary,Rohan,Geelong,CHF,6,212,1,9,2,0,3,2,70,7
2020,3.0,2020-06-20,Rhys,Stanley,Geelong,RK,4,180,1,7,1,1,3,0,70,7
2020,3.0,2020-06-20,Liam,Jones,Carlton,FB,0,19,5,8,2,0,1,0,60,3
2020,3.0,2020-06-20,Ed,Curnow,Carlton,RR,6,297,3,19,3,1,1,0,71,10
2020,3.0,2020-06-20,Cameron,Guthrie,Geelong,INT,5,143,2,18,1,1,7,0,58,11
2020,3.0,2020-06-20,Zach,Tuohy,Geelong,INT,4,525,7,4,4,0,4,0,63,12
2020,3.0,2020-06-20,Luke,Dahlhaus,Geelong,HFFL,0,7,0,2,0,0,0,0,100,2
2020,3.0,2020-06-20,Jack,Newnes,Carlton,INT,1,140,2,9,2,0,1,0,88,7
2020,3.0,2020-06-20,Levi,Casboult,Carlton,CHF,7,272,1,10,5,0,1,0,64,7
2020,3.0,2020-06-20,Lachie,Plowman,Carlton,BPL,2,89,4,13,2,0,2,0,86,6
2020,3.0,2020-06-20,Mark,Blicavs,Geelong,FB,1,94,6,8,2,0,4,0,89,8
2020,3.0,2020-06-20,Sam,Docherty,Carlton,BPR,5,578,9,6,6,0,5,0,74,17
2020,3.0,2020-06-20,Jack,Martin,Carlton,R,6,195,5,24,0,2,5,0,72,13
2020,3.0,2020-06-20,Patrick,Cripps,Carlton,C,7,287,1,17,6,7,5,1,75,18
2020,3.0,2020-06-20,Jed,Bews,Geelong,HBFR,1,273,4,3,3,1,5,0,64,7
2020,3.0,2020-06-20,Jacob,Weitering,Carlton,CHB,4,240,8,5,3,0,3,0,67,8
2020,3.0,2020-06-20,Mitch,McGovern,Carlton,FPR,5,202,1,6,0,0,1,0,100,5
2020,3.0,2020-06-20,Marc,Pittonet,Carlton,RK,4,110,2,13,1,1,3,0,78,7
2020,3.0,2020-06-20,Jack,Silvagni,Carlton,INT,4,152,2,9,2,0,4,0,67,6
2020,3.0,2020-06-20,Sam,Menegola,Geelong,WL,1,139,1,3,1,1,3,0,89,8
2020,3.0,2020-06-20,David,Cuningham,Carlton,HFFR,4,187,1,8,1,0,2,1,89,8
2020,3.0,2020-06-20,Sam,Petrevski-Seton,Carlton,HBFL,3,101,5,8,1,0,3,0,78,7
2020,3.0,2020-06-20,Tom,Stewart,Geelong,CHB,3,402,5,6,3,0,2,0,81,13
2020,3.0,2020-06-20,Thomas,Williamson,Carlton,INT,2,116,2,6,3,0,2,0,50,4
2020,3.0,2020-06-20,Mark,O'Connor,Geelong,HBFL,2,132,2,9,2,0,1,0,75,6
2020,3.0,2020-06-20,Will,Setterfield,Carlton,INT,3,87,2,14,2,0,3,0,75,6
2020,3.0,2020-06-20,Harry,McKay,Carlton,FF,3,186,2,5,4,0,1,1,29,2
2020,3.0,2020-06-20,Esava,Ratugolea,Geelong,FPL,5,104,3,12,3,1,6,1,67,8
2020,3.0,2020-06-20,Jack,Henry,Geelong,BPR,2,206,2,3,3,0,1,0,100,7
2020,3.0,2020-06-20,Quinton,Narkle,Geelong,R,7,241,5,9,5,1,8,0,78,14
2020,3.0,2020-06-20,Michael,Gibbons,Carlton,HFFL,5,383,1,8,5,0,1,0,56,10
2020,3.0,2020-06-20,Sam,Walsh,Carlton,WR,4,200,1,14,2,0,2,0,58,7
2020,3.0,2020-06-20,Tom,Atkins,Geelong,INT,3,72,0,14,1,0,3,0,100,5
2020,3.0,2020-06-20,Gryan,Miers,Geelong,FPR,6,290,4,13,4,0,5,1,63,10
2020,3.0,2020-06-21,Jarrod,Harbrow,Gold Coast,HBFR,0,108,1,4,2,0,1,0,60,6
2020,3.0,2020-06-21,Pearce,Hanley,Gold Coast,HBFL,3,384,5,4,3,0,1,0,88,15
2020,3.0,2020-06-21,Taylor,Walker,Adelaide,FF,1,121,1,8,1,0,2,1,50,3
2020,3.0,2020-06-21,Rory,Sloane,Adelaide,C,2,240,3,16,3,1,9,0,73,11
2020,3.0,2020-06-21,Tom,Lynch,Adelaide,WL,3,242,0,8,5,1,3,0,57,8
2020,3.0,2020-06-21,Brodie,Smith,Adelaide,HFFL,2,447,4,9,3,0,3,0,82,14
2020,3.0,2020-06-21,David,Swallow,Gold Coast,RR,4,309,2,9,3,1,3,0,50,8
2020,3.0,2020-06-21,Sam,Day,Gold Coast,CHF,3,59,0,5,1,0,0,2,50,2
2020,3.0,2020-06-21,Daniel,Talia,Adelaide,FB,0,90,0,5,0,0,1,0,75,3
2020,3.0,2020-06-21,Brandon,Ellis,Gold Coast,HFFR,4,393,5,8,4,0,2,0,80,16
2020,3.0,2020-06-21,Paul,Seedsman,Adelaide,INT,1,307,4,19,4,0,3,0,73,11
2020,3.0,2020-06-21,Alex,Sexton,Gold Coast,FPL,3,149,1,12,2,0,1,3,50,3
2020,3.0,2020-06-21,Luke,Brown,Adelaide,BPR,2,352,4,8,5,0,3,0,75,12
2020,3.0,2020-06-21,Brad,Crouch,Adelaide,RR,2,202,4,15,4,0,7,1,77,17
2020,3.0,2020-06-21,Rory,Laird,Adelaide,HBFR,2,297,6,12,6,0,4,0,72,18
2020,3.0,2020-06-21,Jarrod,Witts,Gold Coast,RK,7,280,4,2,2,4,3,0,71,12
2020,3.0,2020-06-21,Matt,Crouch,Adelaide,INT,3,185,4,16,4,2,5,0,86,19
2020,3.0,2020-06-21,Nick,Holman,Gold Coast,WR,1,93,1,13,1,0,3,1,100,9
2020,3.0,2020-06-21,Touk,Miller,Gold Coast,INT,6,261,1,13,2,1,7,1,77,20
2020,3.0,2020-06-21,Jake,Kelly,Adelaide,HBFL,0,-25,2,9,0,0,2,0,75,3
2020,3.0,2020-06-21,Rory,Atkins,Adelaide,WR,0,27,0,5,1,0,1,0,0,0
2020,3.0,2020-06-21,Lachie,Weller,Gold Coast,WL,5,223,3,22,1,1,8,1,67,14
2020,3.0,2020-06-21,Ben,Keays,Adelaide,HFFR,4,211,0,17,2,0,2,0,75,9
2020,3.0,2020-06-21,Ben,Crocker,Adelaide,INT,4,267,1,12,2,0,2,1,56,5
2020,3.0,2020-06-21,Darcy,Macpherson,Gold Coast,INT,6,152,3,18,2,1,4,1,83,14
2020,3.0,2020-06-21,Sam,Collins,Gold Coast,FB,1,130,7,4,2,0,1,0,80,8
2020,3.0,2020-06-21,Reilly,O'Brien,Adelaide,RK,1,118,3,20,3,0,2,0,46,5
2020,3.0,2020-06-21,Ben,Ainsworth,Gold Coast,FPR,4,207,2,11,3,0,4,2,71,12
2020,3.0,2020-06-21,Jack,Bowes,Gold Coast,INT,4,322,5,6,4,0,2,0,75,15
2020,3.0,2020-06-21,Hugh,Greenwood,Gold Coast,C,4,137,1,27,3,4,8,3,64,6
2020,3.0,2020-06-21,Tom,Doedee,Adelaide,CHB,2,294,10,9,7,0,3,0,80,16
2020,3.0,2020-06-21,Darcy,Fogarty,Adelaide,CHF,3,152,2,13,1,0,1,1,83,5
2020,3.0,2020-06-21,Lachlan,Murphy,Adelaide,FPR,2,78,0,10,2,0,2,1,50,2
2020,3.0,2020-06-21,Charlie,Ballard,Gold Coast,CHB,0,162,4,5,3,0,3,0,69,9
2020,3.0,2020-06-21,Wil,Powell,Gold Coast,HFFL,4,112,1,12,2,0,4,0,92,11
2020,3.0,2020-06-21,Chayce,Jones,Adelaide,R,1,154,2,12,3,1,3,0,57,4
2020,3.0,2020-06-21,Jack,Lukosius,Gold Coast,BPR,2,388,5,6,2,0,2,1,60,9
2020,3.0,2020-06-21,Ben,King,Gold Coast,FF,6,177,1,1,4,0,4,0,69,9
2020,3.0,2020-06-21,Fischer,McAsey,Adelaide,BPL,0,95,4,8,1,0,3,0,71,5
2020,3.0,2020-06-21,Noah,Anderson,Gold Coast,INT,1,113,0,9,2,0,4,2,56,5
2020,3.0,2020-06-21,Connor,Budarick,Gold Coast,BPL,4,315,4,6,5,0,4,0,69,11
2020,3.0,2020-06-21,Matt,Rowell,Gold Coast,R,4,266,3,28,4,0,9,0,65,13
2020,3.0,2020-06-21,Ned,McHenry,Adelaide,FPL,0,2,0,17,0,0,0,2,100,2
2020,3.0,2020-06-21,Will,Hamill,Adelaide,INT,2,119,3,8,1,0,1,0,89,8
2020,3.0,2020-06-21,David,Mundy,Fremantle,INT,2,239,2,10,3,1,5,1,69,9
2020,3.0,2020-06-21,Robbie,Gray,Port Adelaide,FF,3,76,3,11,0,1,4,1,80,8
2020,3.0,2020-06-21,Justin,Westhoff,Port Adelaide,INT,8,247,3,6,1,0,3,1,80,12
2020,3.0,2020-06-21,Travis,Boak,Port Adelaide,R,6,495,3,21,4,2,6,1,58,15
2020,3.0,2020-06-21,Brad,Ebert,Port Adelaide,HFFR,4,273,5,12,4,1,4,2,63,10
2020,3.0,2020-06-21,Hamish,Hartlett,Port Adelaide,BPR,3,143,7,13,2,0,5,0,79,11
2020,3.0,2020-06-21,Michael,Walters,Fremantle,FPR,5,209,1,15,5,3,7,0,65,15
2020,3.0,2020-06-21,Tom,Rockliff,Port Adelaide,INT,0,17,5,18,2,2,4,0,63,12
2020,3.0,2020-06-21,Steven,Motlop,Port Adelaide,CHF,0,95,1,12,2,0,2,2,60,3
2020,3.0,2020-06-21,Travis,Colyer,Fremantle,FPL,2,179,3,9,2,1,6,1,88,7
2020,3.0,2020-06-21,Nat,Fyfe,Fremantle,C,6,171,7,20,4,0,14,1,78,18
2020,3.0,2020-06-21,Reece,Conca,Fremantle,BPR,1,133,1,10,6,0,1,0,55,6
2020,3.0,2020-06-21,Charlie,Dixon,Port Adelaide,FPL,6,190,0,6,5,0,1,1,56,5
2020,3.0,2020-06-21,Brandon,Matera,Fremantle,INT,2,161,0,11,2,0,1,2,57,4
2020,3.0,2020-06-21,Trent,McKenzie,Port Adelaide,FB,0,486,6,3,6,0,3,0,88,14
2020,3.0,2020-06-21,Scott,Lycett,Port Adelaide,RK,5,69,2,11,3,1,5,1,75,9
2020,3.0,2020-06-21,Tom,Jonas,Port Adelaide,BPL,0,45,3,1,1,0,3,0,80,4
2020,3.0,2020-06-21,Nathan,Wilson,Fremantle,HBFL,1,426,3,6,5,0,1,0,83,10
2020,3.0,2020-06-21,Ollie,Wines,Port Adelaide,RR,7,324,4,18,4,4,9,0,48,12
2020,3.0,2020-06-21,Matt,Taberner,Fremantle,CHF,3,129,1,8,1,0,1,0,88,7
2020,3.0,2020-06-21,Tom,Clurey,Port Adelaide,HBFL,1,120,1,7,2,0,1,0,67,4
2020,3.0,2020-06-21,James,Aish,Fremantle,WR,1,322,4,7,2,0,2,0,47,7
2020,3.0,2020-06-21,Rory,Lobb,Fremantle,RK,0,147,3,10,3,0,2,0,29,2
2020,3.0,2020-06-21,Jesse,Hogan,Fremantle,FF,1,40,0,4,3,0,4,0,33,3
2020,3.0,2020-06-21,Karl,Amon,Port Adelaide,WL,2,185,3,10,3,0,6,0,79,11
2020,3.0,2020-06-21,Ethan,Hughes,Fremantle,HBFR,2,97,4,10,2,0,3,0,78,7
2020,3.0,2020-06-21,Darcy,Byrne-Jones,Port Adelaide,HBFR,1,329,6,16,9,0,4,0,47,7
2020,3.0,2020-06-21,Darcy,Tucker,Fremantle,R,2,236,2,25,0,2,4,1,86,12
2020,3.0,2020-06-21,Riley,Bonner,Port Adelaide,CHB,0,284,4,9,4,0,1,0,70,7
2020,3.0,2020-06-21,Dan,Houston,Port Adelaide,INT,1,437,3,10,4,0,1,0,92,11
2020,3.0,2020-06-21,Sam,Powell-Pepper,Port Adelaide,C,2,113,0,13,2,0,3,0,60,6
2020,3.0,2020-06-21,Griffin,Logue,Fremantle,FB,0,207,4,7,6,0,4,0,67,6
2020,3.0,2020-06-21,Luke,Ryan,Fremantle,BPL,0,262,4,7,2,0,1,0,75,9
2020,3.0,2020-06-21,Brennan,Cox,Fremantle,CHB,1,261,8,2,4,0,3,0,80,12
2020,3.0,2020-06-21,Todd,Marshall,Port Adelaide,FPR,5,82,0,8,3,0,4,1,40,4
2020,3.0,2020-06-21,Andrew,Brayshaw,Fremantle,RR,2,45,0,27,1,0,4,0,92,12
2020,3.0,2020-06-21,Adam,Cerra,Fremantle,INT,1,145,4,23,4,1,4,1,67,10
2020,3.0,2020-06-21,Zak,Butters,Port Adelaide,INT,3,159,2,7,0,1,6,2,78,7
2020,3.0,2020-06-21,Xavier,Duursma,Port Adelaide,WR,1,196,2,11,1,0,3,0,75,6
2020,3.0,2020-06-21,Connor,Rozee,Port Adelaide,HFFL,3,46,1,3,3,0,3,0,63,5
2020,3.0,2020-06-21,Lachie,Schultz,Fremantle,HFFL,3,262,0,11,3,0,2,0,40,4
2020,3.0,2020-06-21,Brett,Bewley,Fremantle,WL,2,262,8,4,4,0,11,0,77,13
2020,3.0,2020-06-21,Sam,Sturt,Fremantle,HFFR,0,28,2,7,1,0,0,1,0,0
2020,3.0,2020-06-21,Hayden,Young,Fremantle,INT,1,157,4,3,1,0,1,0,63,5
2020,4.0,2020-06-25,Josh P.,Kennedy,Sydney,RR,7,280,2,30,5,0,2,1,74,14
2020,4.0,2020-06-25,Tom,Liberatore,Western Bulldogs,RR,2,361,3,16,5,1,6,0,38,6
2020,4.0,2020-06-25,Mitch,Wallis,Western Bulldogs,FPL,5,83,1,15,2,0,3,1,71,10
2020,4.0,2020-06-25,Luke,Parker,Sydney,C,6,259,2,13,4,5,10,1,60,15
2020,4.0,2020-06-25,Harry,Cunningham,Sydney,WR,1,233,5,5,5,0,4,0,69,9
2020,4.0,2020-06-25,Josh,Bruce,Western Bulldogs,CHF,4,44,1,11,2,0,3,1,50,4
2020,4.0,2020-06-25,Hayden,Crozier,Western Bulldogs,HBFR,1,368,4,5,7,0,2,0,56,9
2020,4.0,2020-06-25,Jason,Johannisen,Western Bulldogs,HBFL,3,354,4,10,4,0,4,0,69,9
2020,4.0,2020-06-25,Dane,Rampe,Sydney,FB,2,342,4,2,4,0,3,0,75,9
2020,4.0,2020-06-25,Callum,Sinclair,Sydney,RK,3,145,1,12,3,0,3,0,63,5
2020,4.0,2020-06-25,Jack,Macrae,Western Bulldogs,WR,4,211,1,10,6,0,8,0,73,16
2020,4.0,2020-06-25,Lewis,Taylor,Sydney,INT,2,143,1,10,4,0,1,0,38,3
2020,4.0,2020-06-25,Sam,Lloyd,Western Bulldogs,INT,3,82,0,8,0,0,1,1,80,4
2020,4.0,2020-06-25,Jake,Lloyd,Sydney,BPL,1,322,5,8,5,0,7,0,73,16
2020,4.0,2020-06-25,Marcus,Bontempelli,Western Bulldogs,C,4,171,4,22,3,3,9,1,74,14
2020,4.0,2020-06-25,Sam,Naismith,Sydney,CHF,1,116,2,12,2,0,1,2,63,5
2020,4.0,2020-06-25,Isaac,Heeney,Sydney,HFFL,2,172,0,15,1,0,3,1,46,5
2020,4.0,2020-06-25,Bailey,Dale,Western Bulldogs,HFFL,3,236,5,7,3,0,6,1,60,9
2020,4.0,2020-06-25,Toby,McLean,Western Bulldogs,INT,3,49,2,15,0,2,5,1,70,7
2020,4.0,2020-06-25,Caleb,Daniel,Western Bulldogs,BPR,3,211,5,10,0,1,7,0,88,15
2020,4.0,2020-06-25,Zaine,Cordy,Western Bulldogs,CHB,2,175,3,5,3,0,1,0,67,6
2020,4.0,2020-06-25,George,Hewett,Sydney,FPL,2,127,6,10,2,0,8,0,79,11
2020,4.0,2020-06-25,Callum,Mills,Sydney,CHB,5,292,4,10,3,1,5,2,78,14
2020,4.0,2020-06-25,Tom,Papley,Sydney,R,8,280,1,8,2,0,3,0,62,8
2020,4.0,2020-06-25,Aliir,Aliir,Sydney,HBFL,1,185,4,8,4,0,3,0,73,8
2020,4.0,2020-06-25,Bailey,Williams,Western Bulldogs,BPL,2,357,2,2,2,0,1,0,79,11
2020,4.0,2020-06-25,Oliver,Florent,Sydney,HBFR,2,174,2,22,4,1,4,1,58,7
2020,4.0,2020-06-25,Robbie,Fox,Sydney,INT,4,141,2,4,0,0,2,0,78,7
2020,4.0,2020-06-25,Will,Hayward,Sydney,FPR,2,17,2,18,1,0,3,0,91,10
2020,4.0,2020-06-25,Jordan,Dawson,Sydney,WL,3,346,4,5,2,0,0,1,75,12
2020,4.0,2020-06-25,Tim,English,Western Bulldogs,RK,4,295,5,15,5,1,5,0,82,18
2020,4.0,2020-06-25,Alex,Keath,Western Bulldogs,FB,1,117,2,5,1,0,1,0,67,4
2020,4.0,2020-06-25,Patrick,Lipinski,Western Bulldogs,FPR,5,131,4,12,2,0,6,0,80,16
2020,4.0,2020-06-25,Aaron,Naughton,Western Bulldogs,FF,3,45,1,4,0,0,1,0,75,3
2020,4.0,2020-06-25,Ed,Richards,Western Bulldogs,WL,3,191,2,16,1,0,5,0,83,10
2020,4.0,2020-06-25,Ben,Ronke,Sydney,INT,3,196,1,15,2,0,3,2,60,6
2020,4.0,2020-06-25,Bailey,Smith,Western Bulldogs,R,3,168,2,14,1,2,9,0,75,15
2020,4.0,2020-06-25,Nick,Blakey,Sydney,FF,1,56,0,17,1,0,1,0,50,3
2020,4.0,2020-06-25,Justin,McInerney,Sydney,BPR,1,134,2,17,2,0,3,1,67,8
2020,4.0,2020-06-25,James,Rowbottom,Sydney,INT,3,198,4,27,3,0,4,2,64,9
2020,4.0,2020-06-25,Hayden,McLean,Sydney,HFFR,2,45,0,9,0,0,2,1,50,2
2020,4.0,2020-06-25,Rhylee,West,Western Bulldogs,INT,3,141,2,11,5,0,5,1,67,8
2020,4.0,2020-06-25,Laitham,Vandermeer,Western Bulldogs,HFFR,3,239,0,13,0,0,1,0,86,6
2020,4.0,2020-06-25,Louis,Butler,Western Bulldogs,INT,4,267,6,5,2,0,4,0,21,3
2020,4.0,2020-06-26,Heath,Shaw,Greater Western Sydney,BPL,2,408,1,3,5,0,3,0,56,9
2020,4.0,2020-06-26,Scott,Pendlebury,Collingwood,C,6,429,7,14,2,4,10,1,58,15
2020,4.0,2020-06-26,Chris,Mayne,Collingwood,INT,2,55,2,10,1,0,1,0,88,7
2020,4.0,2020-06-26,Shane,Mumford,Greater Western Sydney,RK,3,32,2,16,2,2,4,0,78,7
2020,4.0,2020-06-26,Callan,Ward,Greater Western Sydney,C,3,154,3,11,3,1,6,0,79,11
2020,4.0,2020-06-26,Matt,de Boer,Greater Western Sydney,HFFR,2,113,1,10,3,0,2,1,73,8
2020,4.0,2020-06-26,Steele,Sidebottom,Collingwood,R,1,105,2,24,1,0,1,1,67,8
2020,4.0,2020-06-26,Phil,Davis,Greater Western Sydney,BPR,1,6,2,4,0,0,0,0,100,7
2020,4.0,2020-06-26,Jordan,Roughead,Collingwood,FB,0,181,6,7,0,0,1,0,75,9
2020,4.0,2020-06-26,Jeremy,Howe,Collingwood,BPR,3,499,6,8,7,1,6,0,74,17
2020,4.0,2020-06-26,Jeremy,Cameron,Greater Western Sydney,FF,5,322,1,5,1,0,1,1,55,6
2020,4.0,2020-06-26,Stephen,Coniglio,Greater Western Sydney,R,3,160,0,8,2,1,4,0,55,6
2020,4.0,2020-06-26,Toby,Greene,Greater Western Sydney,CHF,6,254,1,14,2,0,7,0,63,12
2020,4.0,2020-06-26,Will,Hoskin-Elliott,Collingwood,WR,4,242,1,4,1,0,3,0,25,2
2020,4.0,2020-06-26,Jack,Crisp,Collingwood,BPL,6,337,5,19,4,1,5,1,71,12
2020,4.0,2020-06-26,Taylor,Adams,Collingwood,RR,4,388,0,20,1,2,1,0,71,12
2020,4.0,2020-06-26,Jamie,Elliott,Collingwood,FPR,3,127,0,12,4,1,4,3,64,7
2020,4.0,2020-06-26,Nick,Haynes,Greater Western Sydney,HBFR,2,210,10,3,4,0,3,0,69,11
2020,4.0,2020-06-26,Lachie,Whitfield,Greater Western Sydney,WR,4,343,4,9,8,0,4,0,63,15
2020,4.0,2020-06-26,Zac,Williams,Greater Western Sydney,HBFL,0,422,2,8,6,2,6,0,57,12
2020,4.0,2020-06-26,Aidan,Corr,Greater Western Sydney,FB,1,256,3,10,4,0,4,0,77,13
2020,4.0,2020-06-26,Brodie,Grundy,Collingwood,RK,3,151,3,7,0,0,7,0,74,14
2020,4.0,2020-06-26,Josh,Kelly,Greater Western Sydney,HFFL,6,429,0,23,5,0,4,0,81,17
2020,4.0,2020-06-26,Jordan,De Goey,Collingwood,FPL,6,172,1,10,0,2,6,0,80,8
2020,4.0,2020-06-26,Brayden,Maynard,Collingwood,HBFL,4,584,7,8,4,0,3,0,83,19
2020,4.0,2020-06-26,Darcy,Moore,Collingwood,CHB,1,258,8,3,6,0,4,0,81,13
2020,4.0,2020-06-26,Mason,Cox,Collingwood,FF,3,-2,2,7,3,0,0,0,75,6
2020,4.0,2020-06-26,Jacob,Hopper,Greater Western Sydney,RR,2,122,2,12,2,0,8,1,50,7
2020,4.0,2020-06-26,Tom,Phillips,Collingwood,HFFR,4,138,0,14,0,0,4,2,78,7
2020,4.0,2020-06-26,Harry,Himmelberg,Greater Western Sydney,INT,1,147,0,8,1,0,1,0,40,2
2020,4.0,2020-06-26,Rupert,Wills,Collingwood,INT,4,72,2,21,1,1,6,2,56,9
2020,4.0,2020-06-26,Harry,Perryman,Greater Western Sydney,WL,3,282,5,10,2,0,6,0,64,9
2020,4.0,2020-06-26,Callum L.,Brown,Collingwood,INT,4,120,1,13,3,0,7,0,54,7
2020,4.0,2020-06-26,Jeremy,Finlayson,Greater Western Sydney,FPR,5,216,1,6,0,1,5,1,50,5
2020,4.0,2020-06-26,Josh,Daicos,Collingwood,WL,2,144,0,19,2,0,3,1,57,4
2020,4.0,2020-06-26,Jaidyn,Stephenson,Collingwood,HFFL,7,148,1,17,2,0,5,2,40,4
2020,4.0,2020-06-26,Brody,Mihocek,Collingwood,CHF,3,119,0,10,4,0,1,2,60,3
2020,4.0,2020-06-26,Sam,Taylor,Greater Western Sydney,CHB,0,55,6,10,0,0,4,0,100,8
2020,4.0,2020-06-26,Brent,Daniels,Greater Western Sydney,FPL,2,173,1,14,4,0,3,1,54,7
2020,4.0,2020-06-26,Jackson,Hately,Greater Western Sydney,INT,2,64,3,7,2,0,4,0,100,8
2020,4.0,2020-06-26,John,Noble,Collingwood,HBFR,1,54,3,13,1,0,3,0,91,10
2020,4.0,2020-06-26,Tyler,Brown,Collingwood,INT,1,133,2,7,1,0,3,0,88,7
2020,4.0,2020-06-26,Tom,Green,Greater Western Sydney,INT,6,220,0,11,2,2,10,0,72,13
2020,4.0,2020-06-26,Lachie,Ash,Greater Western Sydney,INT,1,80,1,14,1,0,1,0,25,1
2020,4.0,2020-06-27,Shannon,Hurn,West Coast,BPR,1,367,5,5,3,0,3,0,82,14
2020,4.0,2020-06-27,Josh J.,Kennedy,West Coast,FF,5,281,2,2,3,0,2,1,82,9
2020,4.0,2020-06-27,Robbie,Gray,Port Adelaide,FF,4,202,2,14,3,0,7,1,82,9
2020,4.0,2020-06-27,Justin,Westhoff,Port Adelaide,INT,5,169,1,7,2,0,3,2,69,9
2020,4.0,2020-06-27,Travis,Boak,Port Adelaide,C,7,313,0,19,1,0,7,1,74,14
2020,4.0,2020-06-27,Will,Schofield,West Coast,CHB,1,21,1,3,1,0,1,0,67,2
2020,4.0,2020-06-27,Brad,Ebert,Port Adelaide,HFFR,6,403,3,12,4,0,1,2,63,10
2020,4.0,2020-06-27,Hamish,Hartlett,Port Adelaide,HBFR,7,515,5,9,2,0,3,0,77,17
2020,4.0,2020-06-27,Nic,Naitanui,West Coast,RK,2,77,0,14,2,3,3,0,33,3
2020,4.0,2020-06-27,Jack,Redden,West Coast,HFFR,3,179,1,11,0,0,0,0,92,11
2020,4.0,2020-06-27,Tom,Rockliff,Port Adelaide,INT,4,45,3,20,2,0,3,1,90,17
2020,4.0,2020-06-27,Lewis,Jetta,West Coast,HBFL,2,257,2,10,8,0,3,0,53,8
2020,4.0,2020-06-27,Luke,Shuey,West Coast,R,4,179,4,20,3,3,8,0,73,16
2020,4.0,2020-06-27,Steven,Motlop,Port Adelaide,INT,6,40,1,7,2,0,4,1,92,12
2020,4.0,2020-06-27,Brad,Sheppard,West Coast,BPL,3,169,4,7,1,0,3,0,87,13
2020,4.0,2020-06-27,Jack,Darling,West Coast,CHF,1,60,0,10,3,0,2,0,0,0
2020,4.0,2020-06-27,Andrew,Gaff,West Coast,WL,3,390,4,8,3,1,6,0,67,18
2020,4.0,2020-06-27,Charlie,Dixon,Port Adelaide,FPR,12,198,0,11,2,0,4,1,67,10
2020,4.0,2020-06-27,Trent,McKenzie,Port Adelaide,FB,1,183,3,2,1,0,1,0,86,6
2020,4.0,2020-06-27,Jamie,Cripps,West Coast,FPR,4,153,1,14,1,0,2,0,75,9
2020,4.0,2020-06-27,Scott,Lycett,Port Adelaide,RK,4,162,0,12,2,3,4,0,80,8
2020,4.0,2020-06-27,Tom,Jonas,Port Adelaide,HBFL,1,299,8,6,2,0,4,0,87,13
2020,4.0,2020-06-27,Tom,Hickey,West Coast,INT,2,49,2,9,0,0,1,0,75,3
2020,4.0,2020-06-27,Elliot,Yeo,West Coast,C,2,185,0,16,5,4,7,0,50,9
2020,4.0,2020-06-27,Ollie,Wines,Port Adelaide,RR,3,182,1,15,1,2,4,1,93,13
2020,4.0,2020-06-27,Tom,Clurey,Port Adelaide,BPL,4,210,7,5,0,0,1,0,100,12
2020,4.0,2020-06-27,Dom,Sheed,West Coast,INT,3,225,1,12,2,0,6,0,65,13
2020,4.0,2020-06-27,Liam,Duggan,West Coast,HBFR,3,231,2,12,3,1,3,0,87,13
2020,4.0,2020-06-27,Brendon,Ah Chee,West Coast,HFFL,3,129,1,12,4,0,3,1,67,6
2020,4.0,2020-06-27,Karl,Amon,Port Adelaide,WL,6,405,2,12,0,0,3,0,71,12
2020,4.0,2020-06-27,Tom,Barrass,West Coast,FB,2,111,2,2,1,0,0,0,80,4
2020,4.0,2020-06-27,Darcy,Byrne-Jones,Port Adelaide,CHB,3,373,3,7,3,1,2,0,69,11
2020,4.0,2020-06-27,Tom,Cole,West Coast,INT,3,59,3,17,1,0,3,0,90,9
2020,4.0,2020-06-27,Riley,Bonner,Port Adelaide,INT,2,325,5,5,4,0,4,0,73,8
2020,4.0,2020-06-27,Dan,Houston,Port Adelaide,BPR,1,255,7,12,3,0,6,0,67,12
2020,4.0,2020-06-27,Sam,Powell-Pepper,Port Adelaide,R,4,-22,3,11,0,0,7,1,82,9
2020,4.0,2020-06-27,Todd,Marshall,Port Adelaide,FPL,4,105,0,13,1,0,0,4,50,4
2020,4.0,2020-06-27,Tim,Kelly,West Coast,RR,4,407,2,17,7,3,8,1,56,10
2020,4.0,2020-06-27,Liam,Ryan,West Coast,FPL,3,275,2,9,4,0,1,1,55,6
2020,4.0,2020-06-27,Jamaine,Jones,West Coast,INT,3,211,0,14,3,0,3,1,36,4
2020,4.0,2020-06-27,Jarrod,Brander,West Coast,WR,3,132,1,4,3,0,1,0,60,6
2020,4.0,2020-06-27,Kane,Farrell,Port Adelaide,WR,4,250,3,11,2,0,4,0,50,5
2020,4.0,2020-06-27,Zak,Butters,Port Adelaide,CHF,7,118,3,5,1,0,3,0,79,11
2020,4.0,2020-06-27,Connor,Rozee,Port Adelaide,HFFL,5,228,2,15,2,0,4,0,53,8
2020,4.0,2020-06-27,Shane,Edwards,Richmond,CHF,4,275,1,14,5,3,10,0,67,16
2020,4.0,2020-06-27,Bachar,Houli,Richmond,HBFR,5,333,1,10,4,1,0,0,67,14
2020,4.0,2020-06-27,Jack,Riewoldt,Richmond,FPR,6,123,0,4,0,0,2,1,43,3
2020,4.0,2020-06-27,Trent,Cotchin,Richmond,RR,6,287,4,22,3,2,7,1,65,15
2020,4.0,2020-06-27,Dan,Hannebery,St Kilda,INT,3,227,2,17,3,1,8,0,61,11
2020,4.0,2020-06-27,Dustin,Martin,Richmond,FPL,3,199,2,9,3,1,7,0,56,10
2020,4.0,2020-06-27,David,Astbury,Richmond,BPR,2,205,9,4,4,0,4,0,71,10
2020,4.0,2020-06-27,Jake,Carlisle,St Kilda,BPR,0,164,2,7,1,0,0,0,100,9
2020,4.0,2020-06-27,Dylan,Grimes,Richmond,FB,0,10,2,7,0,0,1,0,100,5
2020,4.0,2020-06-27,Dion,Prestia,Richmond,C,2,352,1,21,7,4,3,0,56,14
2020,4.0,2020-06-27,Tom,Lynch,Richmond,FF,7,282,1,3,4,0,2,0,64,9
2020,4.0,2020-06-27,Josh,Caddy,Richmond,WR,5,175,2,6,1,0,1,0,83,10
2020,4.0,2020-06-27,Bradley,Hill,St Kilda,WL,5,345,1,10,7,0,1,0,58,11
2020,4.0,2020-06-27,Sebastian,Ross,St Kilda,C,4,208,2,16,4,2,4,3,63,10
2020,4.0,2020-06-27,Nick,Vlastuin,Richmond,BPL,3,208,5,7,4,0,3,0,82,9
2020,4.0,2020-06-27,Dean,Kent,St Kilda,FPL,5,196,0,7,4,0,2,0,70,7
2020,4.0,2020-06-27,Jack,Billings,St Kilda,WR,2,184,3,13,2,3,7,0,76,19
2020,4.0,2020-06-27,Zak,Jones,St Kilda,R,2,222,2,4,1,1,4,0,67,8
2020,4.0,2020-06-27,Tim,Membrey,St Kilda,FF,7,173,0,7,0,0,4,0,85,11
2020,4.0,2020-06-27,Kamdyn,McIntosh,Richmond,WL,2,120,0,8,2,1,2,0,67,6
2020,4.0,2020-06-27,Jack,Lonie,St Kilda,INT,5,244,3,12,1,0,3,0,63,10
2020,4.0,2020-06-27,Kane,Lambert,Richmond,R,3,48,2,14,1,0,3,1,91,10
2020,4.0,2020-06-27,Jack,Steele,St Kilda,RR,5,204,3,20,4,1,4,1,62,13
2020,4.0,2020-06-27,Toby,Nankervis,Richmond,RK,5,189,5,18,1,0,5,0,82,14
2020,4.0,2020-06-27,Jonathon,Marsh,St Kilda,FPR,5,224,1,9,5,0,1,1,55,6
2020,4.0,2020-06-27,Jade,Gresham,St Kilda,HFFR,3,87,1,15,1,1,4,0,90,9
2020,4.0,2020-06-27,Jayden,Short,Richmond,INT,1,427,3,5,4,0,5,0,80,16
2020,4.0,2020-06-27,Dougal,Howard,St Kilda,CHB,2,63,4,4,0,0,1,0,88,7
2020,4.0,2020-06-27,Jason,Castagna,Richmond,HFFR,3,44,2,11,0,0,1,2,89,8
2020,4.0,2020-06-27,Nathan,Broad,Richmond,INT,1,68,4,3,2,0,4,0,80,8
2020,4.0,2020-06-27,Dan,Butler,St Kilda,HFFL,7,337,1,14,1,0,4,1,71,10
2020,4.0,2020-06-27,Ben,Long,St Kilda,HBFL,1,87,8,11,5,0,7,0,77,13
2020,4.0,2020-06-27,Shai,Bolton,Richmond,INT,5,188,2,8,2,0,3,3,80,8
2020,4.0,2020-06-27,Josh,Battle,St Kilda,INT,2,225,6,5,4,0,4,0,75,12
2020,4.0,2020-06-27,Rowan,Marshall,St Kilda,RK,5,271,3,12,1,1,7,0,73,11
2020,4.0,2020-06-27,Hunter,Clark,St Kilda,HBFR,2,89,3,14,3,1,8,0,67,10
2020,4.0,2020-06-27,Nick,Coffield,St Kilda,INT,3,221,5,7,3,0,5,0,75,12
2020,4.0,2020-06-27,Jack,Higgins,Richmond,HFFL,7,225,1,12,1,1,7,1,71,12
2020,4.0,2020-06-27,Liam,Baker,Richmond,HBFL,1,98,4,11,3,0,5,1,71,10
2020,4.0,2020-06-27,Ben,Paton,St Kilda,BPL,1,154,4,5,1,0,3,0,64,9
2020,4.0,2020-06-27,Callum,Wilkie,St Kilda,FB,1,136,2,8,1,0,0,0,90,9
2020,4.0,2020-06-27,Sydney,Stack,Richmond,CHB,4,97,1,8,2,0,2,0,78,7
2020,4.0,2020-06-27,Jack,Ross,Richmond,INT,2,181,4,7,6,0,3,0,46,6
2020,4.0,2020-06-27,Max,King,St Kilda,CHF,2,108,3,8,3,0,3,0,50,5
2020,4.0,2020-06-27,Kade,Simpson,Carlton,BPL,2,173,5,5,4,0,4,0,67,10
2020,4.0,2020-06-27,Eddie,Betts,Carlton,FPL,4,198,1,9,3,0,2,0,25,2
2020,4.0,2020-06-27,Marc,Murphy,Carlton,WL,4,264,2,11,4,0,8,0,62,13
2020,4.0,2020-06-27,Tom,Bellchambers,Essendon,RK,1,83,0,6,0,0,2,0,67,4
2020,4.0,2020-06-27,Cale,Hooker,Essendon,FB,3,80,5,4,1,0,5,0,92,12
2020,4.0,2020-06-27,Michael,Hurley,Essendon,BPR,1,354,6,4,5,0,3,0,75,12
2020,4.0,2020-06-27,David,Zaharakis,Essendon,WR,2,140,0,15,2,0,2,0,69,9
2020,4.0,2020-06-27,Shaun,McKernan,Essendon,FF,4,250,3,5,6,0,3,1,54,7
2020,4.0,2020-06-27,Liam,Jones,Carlton,FB,1,79,1,5,0,0,0,0,100,3
2020,4.0,2020-06-27,Ed,Curnow,Carlton,R,1,194,3,17,4,1,8,0,60,12
2020,4.0,2020-06-27,Dylan,Shiel,Essendon,R,1,279,10,14,8,4,10,0,47,9
2020,4.0,2020-06-27,Devon,Smith,Essendon,HFFL,3,255,0,21,5,0,5,2,44,8
2020,4.0,2020-06-27,Jacob,Townsend,Essendon,FPR,3,141,0,10,2,0,1,1,40,2
2020,4.0,2020-06-27,Jack,Newnes,Carlton,INT,2,284,2,6,4,0,2,1,77,10
2020,4.0,2020-06-27,Levi,Casboult,Carlton,CHF,3,229,5,3,8,0,3,0,57,8
2020,4.0,2020-06-27,Lachie,Plowman,Carlton,BPR,1,101,3,5,1,0,2,0,77,10
2020,4.0,2020-06-27,Jake,Stringer,Essendon,FPL,2,135,1,11,4,0,2,0,25,2
2020,4.0,2020-06-27,Sam,Docherty,Carlton,HBFR,3,547,9,2,1,0,9,0,91,29
2020,4.0,2020-06-27,Jack,Martin,Carlton,RR,1,83,1,12,5,0,4,1,73,8
2020,4.0,2020-06-27,Martin,Gleeson,Essendon,INT,1,250,8,8,5,0,3,0,86,12
2020,4.0,2020-06-27,Zach,Merrett,Essendon,C,1,347,3,12,2,2,7,0,71,12
2020,4.0,2020-06-27,Patrick,Cripps,Carlton,C,2,218,3,17,3,0,6,1,65,13
2020,4.0,2020-06-27,Orazio,Fantasia,Essendon,INT,3,227,0,9,1,0,1,1,100,6
2020,4.0,2020-06-27,Adam,Saad,Essendon,HBFL,4,215,11,11,2,0,5,0,81,13
2020,4.0,2020-06-27,Kyle,Langford,Essendon,INT,3,253,1,10,5,0,6,0,64,9
2020,4.0,2020-06-27,Jacob,Weitering,Carlton,CHB,2,162,5,1,2,0,2,0,64,7
2020,4.0,2020-06-27,Anthony,McDonald-Tipungwuti,Essendon,HFFR,3,90,0,8,1,0,2,2,100,4
2020,4.0,2020-06-27,Darcy,Parish,Essendon,INT,4,146,1,15,3,0,6,2,50,5
2020,4.0,2020-06-27,Mitch,McGovern,Carlton,FF,4,214,3,5,5,0,3,0,60,6
2020,4.0,2020-06-27,Marc,Pittonet,Carlton,RK,3,273,2,7,2,4,2,1,64,7
2020,4.0,2020-06-27,Mason,Redman,Essendon,CHB,0,245,5,9,3,0,2,0,40,4
2020,4.0,2020-06-27,Jack,Silvagni,Carlton,FPR,1,46,0,0,0,0,0,0,100,1
2020,4.0,2020-06-27,Aaron,Francis,Essendon,BPL,2,330,7,8,5,0,3,0,79,11
2020,4.0,2020-06-27,David,Cuningham,Carlton,HFFR,7,510,3,5,5,1,9,0,64,18
2020,4.0,2020-06-27,Will,Snelling,Essendon,CHF,0,39,0,19,2,0,2,0,86,6
2020,4.0,2020-06-27,Sam,Petrevski-Seton,Carlton,HBFL,3,162,4,4,0,0,5,0,86,12
2020,4.0,2020-06-27,Andrew,McGrath,Essendon,RR,1,226,5,20,7,1,6,0,60,12
2020,4.0,2020-06-27,Thomas,Williamson,Carlton,INT,3,150,5,8,2,0,4,0,80,12
2020,4.0,2020-06-27,Will,Setterfield,Carlton,INT,4,208,2,9,3,3,6,0,61,11
2020,4.0,2020-06-27,Jordan,Ridley,Essendon,HBFR,1,265,9,7,2,0,5,0,94,17
2020,4.0,2020-06-27,Michael,Gibbons,Carlton,HFFL,5,507,1,14,10,0,5,4,60,15
2020,4.0,2020-06-27,Sam,Walsh,Carlton,WR,4,275,7,11,7,0,7,0,67,16
2020,4.0,2020-06-27,Brayden,Ham,Essendon,WL,2,152,1,4,2,0,1,0,50,3
2020,4.0,2020-06-27,Sam,Philp,Carlton,INT,1,86,5,14,1,0,3,0,60,3
2020,4.0,2020-06-27,David,Mundy,Fremantle,RR,3,175,1,20,2,2,6,0,63,10
2020,4.0,2020-06-27,Jarrod,Harbrow,Gold Coast,HBFR,1,196,6,4,1,0,3,0,93,13
2020,4.0,2020-06-27,Pearce,Hanley,Gold Coast,HBFL,0,138,1,5,3,0,0,0,60,6
2020,4.0,2020-06-27,Stephen,Hill,Fremantle,BPL,2,176,7,4,2,0,5,0,83,10
2020,4.0,2020-06-27,Michael,Walters,Fremantle,FPR,3,262,2,11,3,2,7,1,80,12
2020,4.0,2020-06-27,Travis,Colyer,Fremantle,FPL,3,82,2,7,3,0,5,0,78,7
2020,4.0,2020-06-27,Nat,Fyfe,Fremantle,C,1,119,2,13,2,1,5,0,91,10
2020,4.0,2020-06-27,Reece,Conca,Fremantle,BPR,1,332,5,3,3,0,0,0,85,11
2020,4.0,2020-06-27,Brandon,Matera,Fremantle,HFFR,2,71,0,10,1,0,1,1,50,2
2020,4.0,2020-06-27,David,Swallow,Gold Coast,RR,2,198,1,13,5,1,6,1,43,6
2020,4.0,2020-06-27,Sam,Day,Gold Coast,CHF,3,51,0,5,0,0,4,1,43,3
2020,4.0,2020-06-27,Nathan,Wilson,Fremantle,HBFL,0,128,0,9,2,0,0,0,60,3
2020,4.0,2020-06-27,Brandon,Ellis,Gold Coast,HFFR,2,218,6,5,2,0,2,0,80,16
2020,4.0,2020-06-27,Alex,Sexton,Gold Coast,FPL,3,183,0,13,4,0,2,0,56,5
2020,4.0,2020-06-27,Jarrod,Witts,Gold Coast,RK,6,149,2,11,3,2,2,0,67,8
2020,4.0,2020-06-27,Matt,Taberner,Fremantle,CHF,4,292,1,3,3,1,1,1,67,10
2020,4.0,2020-06-27,James,Aish,Fremantle,WR,3,297,1,11,3,0,2,0,62,8
2020,4.0,2020-06-27,Rory,Lobb,Fremantle,RK,1,233,5,11,4,0,3,0,69,9
2020,4.0,2020-06-27,Nick,Holman,Gold Coast,WR,1,44,1,18,0,0,4,2,83,10
2020,4.0,2020-06-27,Jesse,Hogan,Fremantle,FF,3,209,0,7,2,0,4,0,69,9
2020,4.0,2020-06-27,Touk,Miller,Gold Coast,INT,4,275,3,17,2,3,5,3,70,14
2020,4.0,2020-06-27,Lachie,Weller,Gold Coast,WL,2,193,2,18,6,1,5,2,33,5
2020,4.0,2020-06-27,Ethan,Hughes,Fremantle,HBFR,2,186,7,10,2,0,1,0,77,13
2020,4.0,2020-06-27,Darcy,Tucker,Fremantle,R,2,242,2,25,4,0,6,0,55,11
2020,4.0,2020-06-27,Darcy,Macpherson,Gold Coast,INT,4,218,2,11,5,0,5,1,46,6
2020,4.0,2020-06-27,Sam,Collins,Gold Coast,FB,0,145,5,3,2,0,1,0,86,6
2020,4.0,2020-06-27,Ben,Ainsworth,Gold Coast,FPR,3,219,0,11,5,0,2,1,83,10
2020,4.0,2020-06-27,Jack,Bowes,Gold Coast,INT,4,354,9,7,4,0,6,0,83,15
2020,4.0,2020-06-27,Griffin,Logue,Fremantle,FB,0,126,8,7,3,0,4,0,64,7
2020,4.0,2020-06-27,Hugh,Greenwood,Gold Coast,C,1,76,0,20,0,1,3,3,43,3
2020,4.0,2020-06-27,Luke,Ryan,Fremantle,CHB,1,126,7,10,3,0,5,0,90,9
2020,4.0,2020-06-27,Andrew,Brayshaw,Fremantle,INT,3,70,3,16,1,0,2,2,85,11
2020,4.0,2020-06-27,Adam,Cerra,Fremantle,WL,1,94,3,12,2,0,5,1,73,8
2020,4.0,2020-06-27,Charlie,Ballard,Gold Coast,CHB,1,166,5,4,1,1,2,0,91,10
2020,4.0,2020-06-27,Wil,Powell,Gold Coast,HFFL,1,181,1,10,4,0,4,0,71,12
2020,4.0,2020-06-27,Jack,Lukosius,Gold Coast,BPR,3,400,5,7,3,0,4,0,63,10
2020,4.0,2020-06-27,Lachie,Schultz,Fremantle,HFFL,1,145,0,14,3,0,2,1,43,3
2020,4.0,2020-06-27,Ben,King,Gold Coast,FF,5,121,0,5,3,0,4,0,60,6
2020,4.0,2020-06-27,Brett,Bewley,Fremantle,INT,4,97,0,10,0,0,1,1,91,10
2020,4.0,2020-06-27,Noah,Anderson,Gold Coast,INT,2,284,2,8,7,0,4,0,71,10
2020,4.0,2020-06-27,Connor,Budarick,Gold Coast,BPL,0,179,2,1,0,0,2,0,63,5
2020,4.0,2020-06-27,Matt,Rowell,Gold Coast,R,6,260,2,22,4,3,8,0,70,14
2020,4.0,2020-06-27,Hayden,Young,Fremantle,INT,2,311,7,12,2,0,4,0,67,10
2020,4.0,2020-06-27,Caleb,Serong,Fremantle,INT,3,272,1,21,4,1,4,0,67,8
2020,4.0,2020-06-28,Grant,Birchall,Brisbane Lions,INT,3,214,2,4,0,1,2,0,73,8
2020,4.0,2020-06-28,Mitch,Robinson,Brisbane Lions,WL,5,465,7,8,3,1,7,0,82,14
2020,4.0,2020-06-28,Taylor,Walker,Adelaide,FPL,6,331,1,8,4,0,4,0,64,7
2020,4.0,2020-06-28,Daniel,Rich,Brisbane Lions,HBFL,5,322,2,6,1,0,1,0,83,10
2020,4.0,2020-06-28,Rory,Sloane,Adelaide,C,2,273,3,12,2,4,5,0,100,13
2020,4.0,2020-06-28,Tom,Lynch,Adelaide,CHF,3,353,3,3,4,1,3,0,67,10
2020,4.0,2020-06-28,Brodie,Smith,Adelaide,WL,1,581,2,8,6,0,1,0,88,14
2020,4.0,2020-06-28,Ryan,Lester,Brisbane Lions,BPL,2,192,8,6,1,0,3,0,73,8
2020,4.0,2020-06-28,Daniel,Talia,Adelaide,FB,2,157,4,8,1,0,3,0,100,6
2020,4.0,2020-06-28,Lachie,Neale,Brisbane Lions,R,13,568,7,15,3,2,9,2,58,18
2020,4.0,2020-06-28,Jarryd,Lyons,Brisbane Lions,RR,9,398,5,10,5,1,10,3,50,12
2020,4.0,2020-06-28,Dayne,Zorko,Brisbane Lions,CHB,1,65,0,10,1,0,0,3,67,2
2020,4.0,2020-06-28,Lincoln,McCarthy,Brisbane Lions,HFFL,7,154,0,11,3,0,2,1,55,6
2020,4.0,2020-06-28,Luke,Brown,Adelaide,BPR,2,386,5,9,2,0,2,0,93,14
2020,4.0,2020-06-28,Brad,Crouch,Adelaide,R,4,427,2,16,6,1,7,0,54,13
2020,4.0,2020-06-28,Rory,Laird,Adelaide,HBFR,3,321,4,14,7,0,8,0,63,10
2020,4.0,2020-06-28,Darcy,Gardiner,Brisbane Lions,BPR,4,162,5,9,1,0,4,0,90,9
2020,4.0,2020-06-28,Charlie,Cameron,Brisbane Lions,FPR,7,145,0,6,2,0,1,1,67,6
2020,4.0,2020-06-28,Cameron,Ellis-Yolmen,Brisbane Lions,INT,6,241,0,10,1,2,5,1,75,9
2020,4.0,2020-06-28,Daniel,McStay,Brisbane Lions,FF,5,208,3,8,3,0,4,0,67,8
2020,4.0,2020-06-28,Jake,Kelly,Adelaide,BPL,2,181,2,9,2,0,1,0,80,8
2020,4.0,2020-06-28,Harris,Andrews,Brisbane Lions,FB,3,88,6,6,1,0,1,0,80,8
2020,4.0,2020-06-28,Callum,Ah Chee,Brisbane Lions,HBFR,4,183,6,6,1,0,3,0,57,8
2020,4.0,2020-06-28,Ben,Keays,Adelaide,HFFL,1,254,1,25,4,0,4,0,71,10
2020,4.0,2020-06-28,Ben,Crocker,Adelaide,INT,2,222,0,11,2,0,1,0,89,8
2020,4.0,2020-06-28,Eric,Hipwood,Brisbane Lions,CHF,4,200,0,6,5,0,2,0,33,3
2020,4.0,2020-06-28,Archie,Smith,Brisbane Lions,INT,4,57,0,6,0,2,1,2,75,3
2020,4.0,2020-06-28,Reilly,O'Brien,Adelaide,RK,0,39,2,11,2,0,3,0,56,5
2020,4.0,2020-06-28,Jarrod,Berry,Brisbane Lions,C,9,361,2,18,3,0,6,3,78,18
2020,4.0,2020-06-28,Hugh,McCluggage,Brisbane Lions,WR,12,479,3,15,5,0,9,0,54,13
2020,4.0,2020-06-28,Tom,Doedee,Adelaide,HBFL,1,203,5,15,3,0,3,0,57,4
2020,4.0,2020-06-28,Lachlan,Murphy,Adelaide,FPR,3,101,1,13,1,0,3,2,71,5
2020,4.0,2020-06-28,Cam,Rayner,Brisbane Lions,HFFR,6,182,1,8,2,1,7,3,71,10
2020,4.0,2020-06-28,Zac,Bailey,Brisbane Lions,INT,9,327,1,11,0,1,5,0,71,10
2020,4.0,2020-06-28,Myles,Poholke,Adelaide,INT,2,194,1,11,5,0,2,0,67,8
2020,4.0,2020-06-28,Oscar,McInerney,Brisbane Lions,FPL,0,-13,0,12,2,0,0,4,33,1
2020,4.0,2020-06-28,Brandon,Starcevich,Brisbane Lions,RK,1,210,5,8,1,0,2,0,86,6
2020,4.0,2020-06-28,Billy,Frampton,Adelaide,WR,4,94,0,6,1,0,0,0,57,4
2020,4.0,2020-06-28,Elliott,Himmelberg,Adelaide,INT,1,98,0,6,3,0,2,0,60,3
2020,4.0,2020-06-28,Chayce,Jones,Adelaide,HFFR,4,69,2,9,2,1,6,0,73,8
2020,4.0,2020-06-28,Fischer,McAsey,Adelaide,CHB,1,137,3,4,1,0,2,0,75,3
2020,4.0,2020-06-28,Ned,McHenry,Adelaide,RR,2,98,1,16,3,0,2,0,71,10
2020,4.0,2020-06-28,Will,Hamill,Adelaide,INT,0,11,1,2,0,0,0,0,100,2
2020,4.0,2020-06-28,Shane,McAdam,Adelaide,FF,2,81,1,10,2,0,3,2,20,1
2020,4.0,2020-06-28,Gary,Ablett,Geelong,RR,2,60,2,9,3,0,7,1,82,9
2020,4.0,2020-06-28,Joel,Selwood,Geelong,WR,4,221,3,9,0,0,7,0,83,19
2020,4.0,2020-06-28,Tom,Hawkins,Geelong,FF,6,173,0,8,1,0,4,0,62,8
2020,4.0,2020-06-28,Patrick,Dangerfield,Geelong,C,5,473,3,11,2,2,6,1,77,17
2020,4.0,2020-06-28,Jack,Steven,Geelong,R,5,35,1,14,1,0,3,0,59,10
2020,4.0,2020-06-28,Mitch,Duncan,Geelong,HFFR,6,326,4,17,4,1,5,0,79,15
2020,4.0,2020-06-28,Jake,Melksham,Melbourne,CHF,3,197,1,7,6,0,4,0,27,3
2020,4.0,2020-06-28,Gary,Rohan,Geelong,CHF,3,0,2,11,1,0,3,0,83,5
2020,4.0,2020-06-28,Cameron,Guthrie,Geelong,INT,4,304,3,11,5,1,4,0,88,21
2020,4.0,2020-06-28,Michael,Hibberd,Melbourne,BPL,0,115,3,7,0,0,2,0,82,9
2020,4.0,2020-06-28,Steven,May,Melbourne,FB,0,280,3,2,3,0,1,0,70,7
2020,4.0,2020-06-28,Max,Gawn,Melbourne,RK,3,222,5,5,2,1,6,0,77,13
2020,4.0,2020-06-28,Zach,Tuohy,Geelong,HBFL,1,444,4,3,7,0,3,0,71,12
2020,4.0,2020-06-28,Luke,Dahlhaus,Geelong,FPR,3,17,2,19,0,0,5,3,86,12
2020,4.0,2020-06-28,Tom,McDonald,Melbourne,FPR,3,97,1,10,2,0,2,0,75,6
2020,4.0,2020-06-28,Adam,Tomlinson,Melbourne,WR,4,503,2,12,4,0,3,0,53,10
2020,4.0,2020-06-28,Jack,Viney,Melbourne,R,3,433,1,13,6,2,7,0,67,14
2020,4.0,2020-06-28,Mark,Blicavs,Geelong,FB,3,183,10,9,3,0,5,0,80,12
2020,4.0,2020-06-28,Christian,Salem,Melbourne,BPR,3,288,1,8,3,0,1,0,55,6
2020,4.0,2020-06-28,Jed,Bews,Geelong,HBFR,2,336,5,14,1,0,2,0,67,10
2020,4.0,2020-06-28,Angus,Brayshaw,Melbourne,INT,2,183,5,17,1,2,8,0,67,10
2020,4.0,2020-06-28,Aaron,vandenBerg,Melbourne,INT,0,45,0,15,1,0,3,1,71,5
2020,4.0,2020-06-28,Jake,Lever,Melbourne,CHB,1,78,5,5,1,0,3,0,70,7
2020,4.0,2020-06-28,Jake,Kolodjashnij,Geelong,BPL,2,195,6,6,3,0,5,0,86,12
2020,4.0,2020-06-28,James,Harmes,Melbourne,HBFR,4,58,2,17,2,0,5,0,78,14
2020,4.0,2020-06-28,Ed,Langdon,Melbourne,WL,0,281,2,15,2,0,3,0,88,14
2020,4.0,2020-06-28,Clayton,Oliver,Melbourne,C,2,237,4,20,6,4,10,1,57,13
2020,4.0,2020-06-28,Jayden,Hunt,Melbourne,FF,1,84,0,10,1,0,1,2,40,2
2020,4.0,2020-06-28,Christian,Petracca,Melbourne,RR,3,259,0,23,3,0,6,1,50,9
2020,4.0,2020-06-28,Sam,Menegola,Geelong,INT,7,309,1,20,5,0,6,0,68,17
2020,4.0,2020-06-28,Mitch,Hannan,Melbourne,HFFL,3,132,2,9,0,0,1,1,71,5
2020,4.0,2020-06-28,Joel,Smith,Melbourne,HBFL,1,55,2,5,0,0,1,0,83,5
2020,4.0,2020-06-28,Brandan,Parfitt,Geelong,HFFL,2,106,3,24,1,1,3,4,64,9
2020,4.0,2020-06-28,Tom,Stewart,Geelong,CHB,1,99,0,1,1,0,0,0,75,3
2020,4.0,2020-06-28,Mark,O'Connor,Geelong,WL,2,208,2,17,1,0,1,0,80,16
2020,4.0,2020-06-28,Bayley,Fritsch,Melbourne,INT,2,126,1,4,0,0,0,0,40,2
2020,4.0,2020-06-28,Esava,Ratugolea,Geelong,FPL,3,87,0,5,1,0,0,0,60,3
2020,4.0,2020-06-28,Jack,Henry,Geelong,BPR,0,197,3,8,5,0,2,0,63,5
2020,4.0,2020-06-28,Tom,Atkins,Geelong,INT,0,26,1,3,0,0,0,0,0,0
2020,4.0,2020-06-28,Gryan,Miers,Geelong,INT,3,175,1,6,5,0,1,0,67,14
2020,4.0,2020-06-28,Jay,Lockhart,Melbourne,HFFR,1,174,3,10,2,0,3,0,38,3
2020,4.0,2020-06-28,Darcy,Fort,Geelong,RK,3,22,1,4,0,1,4,0,86,6
2020,4.0,2020-06-28,Kysaiah,Pickett,Melbourne,FPL,4,158,1,16,5,0,8,2,60,6
2020,4.0,2020-06-28,Trent,Rivers,Melbourne,INT,1,204,6,12,7,0,3,0,58,7
2020,4.0,2020-06-28,Shaun,Burgoyne,Hawthorn,HBFR,3,200,0,11,2,0,3,0,50,5
2020,4.0,2020-06-28,Shaun,Higgins,North Melbourne,RR,6,326,3,17,2,2,9,0,67,20
2020,4.0,2020-06-28,James,Frawley,Hawthorn,FB,2,198,5,1,2,0,1,0,88,7
2020,4.0,2020-06-28,Ben,McEvoy,Hawthorn,CHB,0,41,1,4,0,0,1,0,100,2
2020,4.0,2020-06-28,Todd,Goldstein,North Melbourne,RK,5,383,1,8,6,2,4,0,39,7
2020,4.0,2020-06-28,Jack,Ziebell,North Melbourne,R,2,86,0,14,4,0,3,1,29,2
2020,4.0,2020-06-28,Liam,Shiels,Hawthorn,WL,4,346,3,23,6,0,7,1,55,12
2020,4.0,2020-06-28,Tom,Scully,Hawthorn,INT,5,189,1,21,2,0,2,0,60,6
2020,4.0,2020-06-28,Ben,Stratton,Hawthorn,HBFL,0,128,5,5,2,0,2,0,57,4
2020,4.0,2020-06-28,Ricky,Henderson,Hawthorn,INT,3,213,3,10,2,0,5,1,77,13
2020,4.0,2020-06-28,Jack,Gunston,Hawthorn,FPL,5,223,2,7,2,0,4,0,67,8
2020,4.0,2020-06-28,Robbie,Tarrant,North Melbourne,HBFL,0,421,5,6,2,0,2,0,81,13
2020,4.0,2020-06-28,Jasper,Pittard,North Melbourne,CHB,2,500,7,10,7,0,4,0,71,17
2020,4.0,2020-06-28,Shaun,Atley,North Melbourne,HBFR,1,216,1,14,2,0,1,0,79,11
2020,4.0,2020-06-28,Jared,Polec,North Melbourne,WR,4,349,3,7,5,1,4,0,52,12
2020,4.0,2020-06-28,Isaac,Smith,Hawthorn,WR,4,407,0,16,5,0,1,1,44,7
2020,4.0,2020-06-28,Luke,Breust,Hawthorn,HFFR,3,226,4,16,4,0,3,2,46,5
2020,4.0,2020-06-28,Aaron,Hall,North Melbourne,FPL,2,211,1,12,2,0,6,0,79,11
2020,4.0,2020-06-28,Chad,Wingard,Hawthorn,FPR,7,401,4,15,4,0,6,0,61,11
2020,4.0,2020-06-28,Marley,Williams,North Melbourne,BPR,3,212,6,11,2,0,5,0,77,10
2020,4.0,2020-06-28,Josh,Walker,North Melbourne,FB,0,129,7,8,3,0,4,0,88,15
2020,4.0,2020-06-28,Sam,Frost,Hawthorn,FF,0,172,3,11,1,0,3,0,57,4
2020,4.0,2020-06-28,Jaeger,O'Meara,Hawthorn,R,5,220,2,17,1,2,2,0,55,6
2020,4.0,2020-06-28,Jed,Anderson,North Melbourne,INT,4,322,2,16,5,1,7,2,60,12
2020,4.0,2020-06-28,Tom,Mitchell,Hawthorn,RR,5,210,2,28,2,2,10,1,82,18
2020,4.0,2020-06-28,Jonathon,Ceglar,Hawthorn,RK,3,153,2,11,6,1,6,0,42,5
2020,4.0,2020-06-28,Luke,McDonald,North Melbourne,BPL,1,121,9,7,3,0,9,0,76,16
2020,4.0,2020-06-28,Tim,O'Brien,Hawthorn,CHF,4,195,1,16,3,0,0,4,75,6
2020,4.0,2020-06-28,Ben,Brown,North Melbourne,CHF,1,72,1,5,1,0,1,0,67,2
2020,4.0,2020-06-28,James,Sicily,Hawthorn,BPL,1,438,11,10,6,0,3,0,78,14
2020,4.0,2020-06-28,Trent,Dumont,North Melbourne,WL,2,239,2,14,4,0,7,0,73,16
2020,4.0,2020-06-28,Blake,Hardwick,Hawthorn,BPR,1,159,4,5,1,0,3,0,100,8
2020,4.0,2020-06-28,Jy,Simpkin,North Melbourne,C,5,160,1,22,4,2,7,1,61,14
2020,4.0,2020-06-28,Cameron,Zurhaar,North Melbourne,FPR,2,116,0,10,1,0,0,0,100,4
2020,4.0,2020-06-28,Jack,Scrimshaw,Hawthorn,INT,2,144,8,4,1,0,6,0,80,8
2020,4.0,2020-06-28,James,Worpel,Hawthorn,C,4,254,1,24,3,1,9,0,58,14
2020,4.0,2020-06-28,Mitch,Lewis,Hawthorn,HFFL,2,54,0,17,1,0,0,1,50,2
2020,4.0,2020-06-28,Paul,Ahern,North Melbourne,INT,3,128,4,7,2,0,7,0,75,9
2020,4.0,2020-06-28,Tarryn,Thomas,North Melbourne,HFFL,1,173,0,14,2,0,2,2,67,6
2020,4.0,2020-06-28,Curtis,Taylor,North Melbourne,HFFR,4,248,0,12,1,0,0,0,55,6
2020,4.0,2020-06-28,Oliver,Hanrahan,Hawthorn,INT,1,117,1,15,4,0,1,0,43,3
2020,4.0,2020-06-28,Kyron,Hayden,North Melbourne,INT,2,123,5,9,3,0,7,0,87,13
2020,4.0,2020-06-28,Jack,Mahony,North Melbourne,INT,2,10,1,7,2,0,5,0,50,4
2020,4.0,2020-06-28,Tristan,Xerri,North Melbourne,FF,1,50,1,7,0,1,1,0,100,5
2020,5.0,2020-07-02,Kade,Simpson,Carlton,BPR,0,252,5,9,3,0,4,0,95,18
2020,5.0,2020-07-02,Eddie,Betts,Carlton,FPL,2,102,0,11,3,0,3,2,57,4
2020,5.0,2020-07-02,Marc,Murphy,Carlton,WL,2,168,0,13,0,0,0,1,93,13
2020,5.0,2020-07-02,Jarryn,Geary,St Kilda,HBFR,6,121,0,13,4,0,2,1,67,4
2020,5.0,2020-07-02,Dan,Hannebery,St Kilda,R,2,186,0,7,4,1,3,0,62,8
2020,5.0,2020-07-02,Liam,Jones,Carlton,FB,3,194,9,4,5,0,0,0,69,9
2020,5.0,2020-07-02,Jake,Carlisle,St Kilda,BPR,3,104,4,2,1,0,3,0,78,7
2020,5.0,2020-07-02,Ed,Curnow,Carlton,R,1,224,2,10,7,1,5,0,69,11
2020,5.0,2020-07-02,Jack,Newnes,Carlton,INT,3,345,1,10,2,0,1,0,64,9
2020,5.0,2020-07-02,Bradley,Hill,St Kilda,WL,2,155,3,12,1,0,3,0,75,6
2020,5.0,2020-07-02,Levi,Casboult,Carlton,CHF,3,84,1,12,3,0,1,1,50,3
2020,5.0,2020-07-02,Sebastian,Ross,St Kilda,WR,3,221,2,13,3,0,6,0,76,16
2020,5.0,2020-07-02,Lachie,Plowman,Carlton,BPL,3,185,5,4,2,0,3,0,100,14
2020,5.0,2020-07-02,Sam,Docherty,Carlton,HBFL,6,378,2,9,3,0,2,0,80,16
2020,5.0,2020-07-02,Dean,Kent,St Kilda,FPL,8,233,2,13,3,0,2,2,82,9
2020,5.0,2020-07-02,Jack,Martin,Carlton,HFFR,8,304,4,12,1,1,6,1,90,17
2020,5.0,2020-07-02,Jack,Billings,St Kilda,HFFR,6,376,0,13,5,2,4,0,70,16
2020,5.0,2020-07-02,Patrick,Cripps,Carlton,C,8,405,0,13,3,2,5,0,77,17
2020,5.0,2020-07-02,Tim,Membrey,St Kilda,FF,4,145,1,8,4,0,2,1,60,6
2020,5.0,2020-07-02,Jack,Lonie,St Kilda,INT,3,245,0,10,3,0,0,1,50,6
2020,5.0,2020-07-02,Jack,Steele,St Kilda,RR,5,136,2,28,3,4,3,2,78,18
2020,5.0,2020-07-02,Jonathon,Marsh,St Kilda,FPR,4,154,0,10,1,1,0,1,70,7
2020,5.0,2020-07-02,Jacob,Weitering,Carlton,CHB,4,183,6,4,3,0,4,0,60,6
2020,5.0,2020-07-02,Mitch,McGovern,Carlton,HFFL,3,28,2,11,2,0,1,1,67,4
2020,5.0,2020-07-02,Jade,Gresham,St Kilda,INT,3,144,1,14,1,3,8,0,77,10
2020,5.0,2020-07-02,Marc,Pittonet,Carlton,RK,2,0,1,11,1,2,2,2,60,3
2020,5.0,2020-07-02,Dougal,Howard,St Kilda,CHB,0,102,3,3,0,0,1,0,86,6
2020,5.0,2020-07-02,David,Cuningham,Carlton,RR,3,188,0,17,2,0,2,1,67,8
2020,5.0,2020-07-02,Sam,Petrevski-Seton,Carlton,HBFR,2,109,3,7,2,0,4,0,60,6
2020,5.0,2020-07-02,Dan,Butler,St Kilda,HFFL,6,239,1,11,1,0,2,1,85,11
2020,5.0,2020-07-02,Thomas,Williamson,Carlton,INT,1,147,1,6,2,0,1,0,80,8
2020,5.0,2020-07-02,Ben,Long,St Kilda,HBFL,2,64,6,11,3,0,2,0,83,10
2020,5.0,2020-07-02,Josh,Battle,St Kilda,INT,5,163,3,4,1,0,3,0,75,9
2020,5.0,2020-07-02,Rowan,Marshall,St Kilda,RK,5,397,3,9,4,2,2,0,74,14
2020,5.0,2020-07-02,Will,Setterfield,Carlton,INT,2,329,0,13,3,2,2,0,77,10
2020,5.0,2020-07-02,Harry,McKay,Carlton,FF,1,33,1,3,1,0,3,1,75,3
2020,5.0,2020-07-02,Hunter,Clark,St Kilda,C,1,150,3,13,2,0,2,0,100,10
2020,5.0,2020-07-02,Nick,Coffield,St Kilda,INT,6,461,7,6,3,0,2,0,90,18
2020,5.0,2020-07-02,Ben,Paton,St Kilda,BPL,1,176,4,3,1,0,0,0,67,8
2020,5.0,2020-07-02,Michael,Gibbons,Carlton,FPR,3,229,1,13,1,0,3,1,82,9
2020,5.0,2020-07-02,Sam,Walsh,Carlton,WR,1,205,4,8,3,0,4,0,69,9
2020,5.0,2020-07-02,Callum,Wilkie,St Kilda,FB,3,204,5,6,3,0,3,0,89,16
2020,5.0,2020-07-02,Max,King,St Kilda,CHF,3,119,2,8,1,0,3,0,83,5
2020,5.0,2020-07-02,Sam,Philp,Carlton,INT,7,172,3,20,0,0,2,0,78,7
2020,5.0,2020-07-03,Scott,Pendlebury,Collingwood,C,4,260,3,13,1,1,3,1,82,18
2020,5.0,2020-07-03,Travis,Varcoe,Collingwood,HBFR,2,145,0,9,2,0,0,0,86,6
2020,5.0,2020-07-03,Chris,Mayne,Collingwood,INT,1,192,8,8,2,0,1,0,64,9
2020,5.0,2020-07-03,Cale,Hooker,Essendon,FB,0,38,8,2,2,0,3,0,82,9
2020,5.0,2020-07-03,Michael,Hurley,Essendon,CHB,0,223,6,6,2,0,2,0,88,15
2020,5.0,2020-07-03,David,Zaharakis,Essendon,HFFL,1,21,0,10,1,0,1,0,50,1
2020,5.0,2020-07-03,Shaun,McKernan,Essendon,CHF,1,64,0,5,3,0,2,0,60,3
2020,5.0,2020-07-03,Jordan,Roughead,Collingwood,FB,2,78,4,2,0,0,1,0,100,8
2020,5.0,2020-07-03,Will,Hoskin-Elliott,Collingwood,HFFR,5,251,2,8,0,0,2,1,85,11
2020,5.0,2020-07-03,Dylan,Shiel,Essendon,R,7,570,3,18,4,3,10,1,69,20
2020,5.0,2020-07-03,Devon,Smith,Essendon,FPL,2,208,0,27,4,1,1,1,54,7
2020,5.0,2020-07-03,Jacob,Townsend,Essendon,FPR,2,134,1,15,4,0,1,5,67,4
2020,5.0,2020-07-03,Adam,Treloar,Collingwood,R,3,277,2,11,4,1,15,0,40,12
2020,5.0,2020-07-03,Jack,Crisp,Collingwood,BPL,3,76,3,21,1,0,0,0,54,7
2020,5.0,2020-07-03,Taylor,Adams,Collingwood,RR,5,242,3,13,0,3,4,2,82,14
2020,5.0,2020-07-03,Andrew,Phillips,Essendon,RK,3,142,2,14,4,2,7,2,55,6
2020,5.0,2020-07-03,Jamie,Elliott,Collingwood,FPR,3,104,1,12,1,0,4,1,78,7
2020,5.0,2020-07-03,Jake,Stringer,Essendon,FF,3,251,2,20,4,2,4,4,60,6
2020,5.0,2020-07-03,Brodie,Grundy,Collingwood,RK,3,203,2,10,4,0,8,1,80,16
2020,5.0,2020-07-03,Martin,Gleeson,Essendon,BPL,0,199,3,5,2,0,2,0,82,9
2020,5.0,2020-07-03,Orazio,Fantasia,Essendon,INT,0,196,1,11,2,0,2,0,89,8
2020,5.0,2020-07-03,Adam,Saad,Essendon,BPR,1,245,2,12,4,0,3,0,72,13
2020,5.0,2020-07-03,Jordan,De Goey,Collingwood,FPL,4,450,3,10,7,1,5,0,52,11
2020,5.0,2020-07-03,Kyle,Langford,Essendon,WR,2,289,2,14,3,0,6,0,63,10
2020,5.0,2020-07-03,Brayden,Maynard,Collingwood,HBFL,2,287,9,7,2,0,11,0,63,15
2020,5.0,2020-07-03,Darcy,Moore,Collingwood,CHB,2,162,4,5,2,0,2,0,82,9
2020,5.0,2020-07-03,Jayden,Laverde,Essendon,INT,2,96,0,9,0,0,0,1,83,5
2020,5.0,2020-07-03,Matthew,Scharenberg,Collingwood,BPR,0,78,7,8,1,0,2,0,75,9
2020,5.0,2020-07-03,Anthony,McDonald-Tipungwuti,Essendon,HFFR,3,115,1,16,2,0,4,3,70,7
2020,5.0,2020-07-03,Darcy,Parish,Essendon,INT,1,174,2,5,2,0,5,0,75,9
2020,5.0,2020-07-03,Mason,Cox,Collingwood,FF,3,5,0,9,0,0,1,1,100,2
2020,5.0,2020-07-03,Mason,Redman,Essendon,HBFL,0,81,2,3,1,0,3,0,88,7
2020,5.0,2020-07-03,Tom,Phillips,Collingwood,WR,3,180,3,7,5,1,8,1,65,11
2020,5.0,2020-07-03,Rupert,Wills,Collingwood,INT,2,27,2,9,3,0,4,0,79,11
2020,5.0,2020-07-03,Will,Snelling,Essendon,RR,3,250,2,21,5,0,6,3,69,11
2020,5.0,2020-07-03,Andrew,McGrath,Essendon,C,1,163,8,22,4,1,10,0,63,12
2020,5.0,2020-07-03,Mitchell,Hibberd,Essendon,INT,1,150,2,17,2,0,3,0,90,9
2020,5.0,2020-07-03,Callum L.,Brown,Collingwood,INT,3,131,0,16,4,0,1,0,62,8
2020,5.0,2020-07-03,Josh,Daicos,Collingwood,WL,4,397,4,9,8,0,2,0,62,13
2020,5.0,2020-07-03,Jaidyn,Stephenson,Collingwood,HFFL,4,284,1,19,4,0,3,2,67,8
2020,5.0,2020-07-03,Jordan,Ridley,Essendon,HBFR,0,374,4,16,4,0,3,0,83,15
2020,5.0,2020-07-03,Brody,Mihocek,Collingwood,CHF,2,206,0,13,4,0,3,0,44,4
2020,5.0,2020-07-03,Brayden,Ham,Essendon,WL,2,420,3,9,3,2,5,0,80,12
2020,5.0,2020-07-03,Tyler,Brown,Collingwood,INT,1,79,1,9,0,0,3,0,78,7
2020,5.0,2020-07-04,Shannon,Hurn,West Coast,BPL,1,139,9,7,3,0,5,0,81,13
2020,5.0,2020-07-04,Josh J.,Kennedy,West Coast,FF,5,145,0,8,2,0,1,0,43,3
2020,5.0,2020-07-04,Josh P.,Kennedy,Sydney,RR,4,251,4,23,8,3,7,1,64,16
2020,5.0,2020-07-04,Nic,Naitanui,West Coast,RK,6,252,1,12,3,3,6,1,46,5
2020,5.0,2020-07-04,Jack,Redden,West Coast,HFFR,4,216,2,10,3,0,2,0,73,11
2020,5.0,2020-07-04,Luke,Shuey,West Coast,R,1,111,1,3,2,0,1,0,67,4
2020,5.0,2020-07-04,Brad,Sheppard,West Coast,HBFR,3,217,6,5,3,0,4,0,86,18
2020,5.0,2020-07-04,Jack,Darling,West Coast,CHF,4,150,2,12,3,0,3,1,80,8
2020,5.0,2020-07-04,Andrew,Gaff,West Coast,WL,4,143,4,12,4,3,7,1,67,12
2020,5.0,2020-07-04,Jamie,Cripps,West Coast,HFFL,6,171,0,18,1,0,7,1,36,4
2020,5.0,2020-07-04,Luke,Parker,Sydney,C,3,250,2,25,1,0,5,1,68,13
2020,5.0,2020-07-04,Harry,Cunningham,Sydney,WL,1,213,2,7,2,0,1,0,89,8
2020,5.0,2020-07-04,Elliot,Yeo,West Coast,RR,9,469,2,25,4,5,8,2,71,15
2020,5.0,2020-07-04,Dane,Rampe,Sydney,FB,1,119,2,2,1,0,1,0,71,5
2020,5.0,2020-07-04,Dom,Sheed,West Coast,INT,3,424,1,7,6,2,5,1,67,16
2020,5.0,2020-07-04,Sam,Gray,Sydney,INT,1,125,1,4,3,0,1,1,82,9
2020,5.0,2020-07-04,Jake,Lloyd,Sydney,HBFL,1,534,3,12,2,0,2,0,92,24
2020,5.0,2020-07-04,Jeremy,McGovern,West Coast,CHB,2,144,2,9,0,0,1,0,90,9
2020,5.0,2020-07-04,Isaac,Heeney,Sydney,FF,7,176,0,11,0,0,4,0,87,13
2020,5.0,2020-07-04,Jackson,Nelson,West Coast,HBFL,1,74,3,8,0,0,2,0,86,12
2020,5.0,2020-07-04,Liam,Duggan,West Coast,BPR,4,436,4,9,3,0,2,0,82,14
2020,5.0,2020-07-04,Brendon,Ah Chee,West Coast,FPR,0,241,2,11,1,0,6,0,81,13
2020,5.0,2020-07-04,Tom,Barrass,West Coast,FB,1,134,5,3,3,0,1,0,77,10
2020,5.0,2020-07-04,George,Hewett,Sydney,CHF,4,192,1,11,1,0,4,2,92,11
2020,5.0,2020-07-04,Callum,Mills,Sydney,BPL,2,273,7,7,3,0,6,0,94,17
2020,5.0,2020-07-04,Tom,Papley,Sydney,HFFL,7,249,1,4,2,0,2,0,80,12
2020,5.0,2020-07-04,Aliir,Aliir,Sydney,CHB,0,101,1,8,3,1,2,0,57,4
2020,5.0,2020-07-04,Tom,Cole,West Coast,INT,2,108,4,7,1,0,1,0,78,7
2020,5.0,2020-07-04,Ryan,Clarke,Sydney,R,2,183,5,12,2,1,7,1,93,13
2020,5.0,2020-07-04,Oliver,Florent,Sydney,FPR,4,337,3,19,5,0,9,0,58,11
2020,5.0,2020-07-04,Will,Hayward,Sydney,HFFR,2,64,3,7,1,0,3,0,75,6
2020,5.0,2020-07-04,Jordan,Dawson,Sydney,HBFR,3,304,3,7,2,0,1,0,60,9
2020,5.0,2020-07-04,Lewis,Melican,Sydney,BPR,2,48,2,5,1,0,0,0,80,4
2020,5.0,2020-07-04,Tim,Kelly,West Coast,C,4,389,1,22,2,0,4,0,68,13
2020,5.0,2020-07-04,Liam,Ryan,West Coast,FPL,6,120,2,11,2,0,4,2,75,6
2020,5.0,2020-07-04,Jake,Waterman,West Coast,INT,5,156,2,4,1,0,1,0,73,8
2020,5.0,2020-07-04,Ben,Ronke,Sydney,FPL,1,192,1,10,5,1,3,0,50,5
2020,5.0,2020-07-04,Jamaine,Jones,West Coast,INT,4,182,4,24,5,0,3,3,50,5
2020,5.0,2020-07-04,Oscar,Allen,West Coast,WR,8,139,1,13,0,0,3,1,82,9
2020,5.0,2020-07-04,Colin,O'Riordan,Sydney,INT,1,65,3,8,1,0,3,0,86,6
2020,5.0,2020-07-04,Nick,Blakey,Sydney,INT,3,279,4,10,4,0,1,0,69,9
2020,5.0,2020-07-04,Justin,McInerney,Sydney,WR,2,177,2,9,5,0,4,0,54,7
2020,5.0,2020-07-04,James,Rowbottom,Sydney,INT,4,204,2,15,3,1,6,0,75,12
2020,5.0,2020-07-04,Hayden,McLean,Sydney,RK,2,39,0,13,2,0,2,0,50,4
2020,5.0,2020-07-04,Gary,Ablett,Geelong,RR,6,264,1,7,2,0,1,1,57,8
2020,5.0,2020-07-04,Joel,Selwood,Geelong,WR,3,224,1,17,5,1,9,0,55,12
2020,5.0,2020-07-04,Tom,Hawkins,Geelong,FF,12,337,0,2,2,0,3,0,71,12
2020,5.0,2020-07-04,Jarrod,Harbrow,Gold Coast,HBFR,1,188,1,9,6,0,0,0,54,7
2020,5.0,2020-07-04,Harry,Taylor,Geelong,CHB,3,127,8,2,2,0,3,0,75,9
2020,5.0,2020-07-04,Patrick,Dangerfield,Geelong,C,3,382,2,8,2,3,4,1,70,14
2020,5.0,2020-07-04,Pearce,Hanley,Gold Coast,INT,0,209,4,6,3,0,1,0,70,7
2020,5.0,2020-07-04,Jack,Steven,Geelong,R,6,131,2,6,0,0,4,1,77,13
2020,5.0,2020-07-04,Mitch,Duncan,Geelong,HFFR,6,418,5,11,4,2,5,0,56,14
2020,5.0,2020-07-04,Gary,Rohan,Geelong,INT,8,339,3,16,2,0,2,2,62,8
2020,5.0,2020-07-04,Cameron,Guthrie,Geelong,INT,5,85,0,12,0,1,1,2,83,10
2020,5.0,2020-07-04,David,Swallow,Gold Coast,RR,6,275,2,18,5,2,7,0,55,12
2020,5.0,2020-07-04,Sam,Day,Gold Coast,CHF,3,110,1,9,2,0,2,0,80,8
2020,5.0,2020-07-04,Zach,Tuohy,Geelong,HFFL,3,503,2,6,5,0,6,0,65,13
2020,5.0,2020-07-04,Luke,Dahlhaus,Geelong,FPR,6,57,1,8,3,0,2,2,78,14
2020,5.0,2020-07-04,Brandon,Ellis,Gold Coast,HFFR,2,212,5,15,4,0,7,0,75,12
2020,5.0,2020-07-04,Alex,Sexton,Gold Coast,FPL,4,237,1,10,2,0,1,1,71,5
2020,5.0,2020-07-04,Mark,Blicavs,Geelong,FB,5,29,8,5,0,0,6,0,92,12
2020,5.0,2020-07-04,Jarrod,Witts,Gold Coast,RK,3,99,0,8,0,3,5,0,56,5
2020,5.0,2020-07-04,Jed,Bews,Geelong,HBFR,1,140,0,5,3,0,0,1,100,6
2020,5.0,2020-07-04,Nick,Holman,Gold Coast,HFFL,3,145,1,21,1,1,5,2,85,11
2020,5.0,2020-07-04,Touk,Miller,Gold Coast,HBFL,2,199,0,16,1,0,6,0,53,9
2020,5.0,2020-07-04,Jake,Kolodjashnij,Geelong,BPL,2,66,2,2,1,0,2,0,75,9
2020,5.0,2020-07-04,Lachie,Weller,Gold Coast,WL,6,347,0,14,2,1,0,0,73,8
2020,5.0,2020-07-04,Darcy,Macpherson,Gold Coast,INT,2,179,1,10,4,0,2,0,55,6
2020,5.0,2020-07-04,Sam,Collins,Gold Coast,FB,1,178,5,8,1,0,0,0,75,6
2020,5.0,2020-07-04,Sam,Menegola,Geelong,INT,8,380,4,8,3,0,7,0,70,16
2020,5.0,2020-07-04,Ben,Ainsworth,Gold Coast,INT,2,99,3,7,1,0,2,2,78,7
2020,5.0,2020-07-04,Jack,Bowes,Gold Coast,FPR,1,258,4,9,4,0,3,0,65,11
2020,5.0,2020-07-04,Brandan,Parfitt,Geelong,WL,6,178,4,24,2,1,5,2,73,8
2020,5.0,2020-07-04,Mark,O'Connor,Geelong,HBFL,2,262,4,5,3,0,2,0,67,8
2020,5.0,2020-07-04,Hugh,Greenwood,Gold Coast,C,3,269,4,23,5,1,10,0,48,10
2020,5.0,2020-07-04,Esava,Ratugolea,Geelong,FPL,2,161,4,3,4,0,3,0,64,7
2020,5.0,2020-07-04,Jack,Henry,Geelong,BPR,3,161,5,4,4,0,3,0,63,5
2020,5.0,2020-07-04,Charlie,Ballard,Gold Coast,CHB,0,124,5,6,3,0,2,0,89,8
2020,5.0,2020-07-04,Quinton,Narkle,Geelong,CHF,3,240,0,7,1,3,3,0,64,7
2020,5.0,2020-07-04,Wil,Powell,Gold Coast,INT,1,119,1,9,2,0,1,0,71,5
2020,5.0,2020-07-04,Gryan,Miers,Geelong,INT,4,110,0,9,0,0,4,0,100,12
2020,5.0,2020-07-04,Jack,Lukosius,Gold Coast,BPR,1,245,4,6,4,0,3,0,60,6
2020,5.0,2020-07-04,Darcy,Fort,Geelong,RK,2,168,2,7,1,3,4,0,75,9
2020,5.0,2020-07-04,Ben,King,Gold Coast,FF,4,173,0,7,0,0,2,0,80,4
2020,5.0,2020-07-04,Noah,Anderson,Gold Coast,WR,2,211,5,11,6,0,6,1,72,13
2020,5.0,2020-07-04,Connor,Budarick,Gold Coast,BPL,0,49,2,17,2,0,2,0,40,2
2020,5.0,2020-07-04,Matt,Rowell,Gold Coast,R,1,-22,0,1,0,1,1,0,50,1
2020,5.0,2020-07-04,Shaun,Higgins,North Melbourne,R,2,217,0,16,3,1,1,0,57,8
2020,5.0,2020-07-04,Todd,Goldstein,North Melbourne,RK,3,143,3,13,2,2,6,0,93,14
2020,5.0,2020-07-04,Easton,Wood,Western Bulldogs,INT,1,177,9,8,4,0,2,0,79,11
2020,5.0,2020-07-04,Ben,Cunnington,North Melbourne,C,2,10,1,5,1,0,3,2,71,5
2020,5.0,2020-07-04,Robbie,Tarrant,North Melbourne,CHB,3,472,7,5,4,0,1,0,82,14
2020,5.0,2020-07-04,Jamie,Macmillan,North Melbourne,INT,2,186,6,12,3,0,1,0,90,9
2020,5.0,2020-07-04,Jasper,Pittard,North Melbourne,BPL,0,194,3,10,2,0,3,0,70,7
2020,5.0,2020-07-04,Tom,Liberatore,Western Bulldogs,RR,8,236,1,13,5,3,8,0,70,16
2020,5.0,2020-07-04,Shaun,Atley,North Melbourne,HBFR,2,199,3,19,0,0,2,0,100,12
2020,5.0,2020-07-04,Jared,Polec,North Melbourne,WL,3,207,2,14,2,0,5,1,47,7
2020,5.0,2020-07-04,Mitch,Wallis,Western Bulldogs,FPL,5,148,0,20,1,0,0,1,90,9
2020,5.0,2020-07-04,Aaron,Hall,North Melbourne,FPL,2,64,4,17,2,0,2,0,40,2
2020,5.0,2020-07-04,Josh,Bruce,Western Bulldogs,FF,9,180,0,10,0,0,1,0,100,10
2020,5.0,2020-07-04,Marley,Williams,North Melbourne,BPR,3,173,2,10,1,0,2,0,50,6
2020,5.0,2020-07-04,Hayden,Crozier,Western Bulldogs,HBFR,2,366,5,12,4,0,4,0,93,14
2020,5.0,2020-07-04,Josh,Walker,North Melbourne,FB,3,89,12,10,5,0,7,0,65,11
2020,5.0,2020-07-04,Jason,Johannisen,Western Bulldogs,HBFL,8,422,5,8,5,0,5,0,77,17
2020,5.0,2020-07-04,Lin,Jong,Western Bulldogs,INT,6,66,1,12,1,0,2,0,92,12
2020,5.0,2020-07-04,Jed,Anderson,North Melbourne,INT,4,330,1,18,4,2,7,0,65,11
2020,5.0,2020-07-04,Jack,Macrae,Western Bulldogs,WR,7,331,2,18,2,3,6,0,75,18
2020,5.0,2020-07-04,Luke,McDonald,North Melbourne,HFFL,5,175,2,23,1,2,5,0,73,11
2020,5.0,2020-07-04,Marcus,Bontempelli,Western Bulldogs,C,2,112,1,16,4,1,3,0,55,6
2020,5.0,2020-07-04,Ben,Brown,North Melbourne,FF,5,257,0,10,6,0,2,0,64,7
2020,5.0,2020-07-04,Trent,Dumont,North Melbourne,WR,1,390,3,16,5,0,4,1,67,12
2020,5.0,2020-07-04,Bailey,Dale,Western Bulldogs,HFFL,6,242,1,11,2,0,2,1,58,7
2020,5.0,2020-07-04,Toby,McLean,Western Bulldogs,INT,3,332,3,13,4,0,6,0,73,16
2020,5.0,2020-07-04,Caleb,Daniel,Western Bulldogs,BPR,10,409,7,7,4,0,5,0,86,19
2020,5.0,2020-07-04,Zaine,Cordy,Western Bulldogs,CHB,2,200,4,9,2,0,3,0,73,8
2020,5.0,2020-07-04,Josh,Schache,Western Bulldogs,CHF,5,207,2,9,1,0,3,0,73,8
2020,5.0,2020-07-04,Bailey,Williams,Western Bulldogs,BPL,5,382,6,5,2,0,5,0,80,12
2020,5.0,2020-07-04,Jy,Simpkin,North Melbourne,RR,5,226,1,19,2,3,7,1,80,16
2020,5.0,2020-07-04,Tim,English,Western Bulldogs,RK,7,174,5,8,2,1,3,0,64,14
2020,5.0,2020-07-04,Cameron,Zurhaar,North Melbourne,FPR,4,298,2,12,6,0,3,2,55,6
2020,5.0,2020-07-04,Alex,Keath,Western Bulldogs,FB,1,212,5,2,5,0,1,0,83,10
2020,5.0,2020-07-04,Patrick,Lipinski,Western Bulldogs,HFFR,5,142,3,15,3,0,7,1,70,14
2020,5.0,2020-07-04,Ed,Richards,Western Bulldogs,WL,4,163,3,16,2,0,5,0,67,8
2020,5.0,2020-07-04,Bailey,Smith,Western Bulldogs,R,2,-2,0,0,1,0,1,0,100,2
2020,5.0,2020-07-04,Tarryn,Thomas,North Melbourne,HFFR,0,31,0,5,2,0,0,1,100,3
2020,5.0,2020-07-04,Curtis,Taylor,North Melbourne,INT,4,193,0,22,4,0,5,2,69,9
2020,5.0,2020-07-04,Kyron,Hayden,North Melbourne,HBFL,2,229,4,17,1,0,4,0,82,9
2020,5.0,2020-07-04,Rhylee,West,Western Bulldogs,FPR,7,95,1,13,2,0,5,1,87,13
2020,5.0,2020-07-04,Laitham,Vandermeer,Western Bulldogs,INT,6,458,0,13,4,1,4,0,69,9
2020,5.0,2020-07-04,Jack,Mahony,North Melbourne,INT,2,89,4,14,3,0,5,0,78,7
2020,5.0,2020-07-04,Tristan,Xerri,North Melbourne,CHF,1,121,0,20,4,0,1,1,83,5
2020,5.0,2020-07-04,Grant,Birchall,Brisbane Lions,CHB,2,257,1,7,1,0,2,0,92,11
2020,5.0,2020-07-04,Robbie,Gray,Port Adelaide,FF,4,134,3,10,2,0,0,3,73,8
2020,5.0,2020-07-04,Justin,Westhoff,Port Adelaide,HFFR,1,95,0,6,2,0,1,1,80,4
2020,5.0,2020-07-04,Travis,Boak,Port Adelaide,RR,8,247,4,13,1,2,15,1,73,19
2020,5.0,2020-07-04,Brad,Ebert,Port Adelaide,INT,3,222,3,9,2,0,3,1,73,11
2020,5.0,2020-07-04,Stefan,Martin,Brisbane Lions,INT,4,117,0,7,1,1,0,0,33,2
2020,5.0,2020-07-04,Mitch,Robinson,Brisbane Lions,WL,2,247,3,9,3,0,3,0,77,10
2020,5.0,2020-07-04,Daniel,Rich,Brisbane Lions,HBFL,2,508,5,5,2,0,5,0,65,13
2020,5.0,2020-07-04,Hamish,Hartlett,Port Adelaide,INT,0,145,2,9,0,0,2,0,82,9
2020,5.0,2020-07-04,Tom,Rockliff,Port Adelaide,INT,2,122,0,9,1,1,3,2,79,11
2020,5.0,2020-07-04,Steven,Motlop,Port Adelaide,CHF,3,331,0,3,3,0,2,0,77,10
2020,5.0,2020-07-04,Ryan,Lester,Brisbane Lions,BPL,1,100,3,4,2,0,2,0,67,6
2020,5.0,2020-07-04,Charlie,Dixon,Port Adelaide,FPR,2,83,0,9,2,0,1,5,50,3
2020,5.0,2020-07-04,Trent,McKenzie,Port Adelaide,FB,2,270,4,4,2,0,2,0,86,6
2020,5.0,2020-07-04,Scott,Lycett,Port Adelaide,RK,4,180,1,8,2,0,2,0,40,4
2020,5.0,2020-07-04,Tom,Jonas,Port Adelaide,HBFL,1,318,3,3,4,0,2,0,89,8
2020,5.0,2020-07-04,Lachie,Neale,Brisbane Lions,R,6,505,2,13,4,1,8,0,79,23
2020,5.0,2020-07-04,Jarryd,Lyons,Brisbane Lions,RR,5,259,5,19,4,3,8,0,67,18
2020,5.0,2020-07-04,Lincoln,McCarthy,Brisbane Lions,HFFL,6,285,0,14,0,2,3,1,90,9
2020,5.0,2020-07-04,Ollie,Wines,Port Adelaide,C,3,133,1,14,2,1,5,0,64,9
2020,5.0,2020-07-04,Tom,Clurey,Port Adelaide,BPL,0,121,4,2,0,0,0,0,100,6
2020,5.0,2020-07-04,Darcy,Gardiner,Brisbane Lions,BPR,2,207,3,5,1,0,2,0,64,7
2020,5.0,2020-07-04,Charlie,Cameron,Brisbane Lions,FPR,7,480,2,4,5,0,1,0,75,9
2020,5.0,2020-07-04,Cameron,Ellis-Yolmen,Brisbane Lions,C,1,74,0,4,1,0,2,0,33,1
2020,5.0,2020-07-04,Daniel,McStay,Brisbane Lions,FF,3,119,0,2,3,0,2,0,64,7
2020,5.0,2020-07-04,Harris,Andrews,Brisbane Lions,FB,1,91,4,7,0,0,2,0,100,6
2020,5.0,2020-07-04,Karl,Amon,Port Adelaide,WR,2,207,2,8,2,0,4,0,73,8
2020,5.0,2020-07-04,Callum,Ah Chee,Brisbane Lions,HBFR,2,74,5,8,3,0,3,0,75,3
2020,5.0,2020-07-04,Darcy,Byrne-Jones,Port Adelaide,CHB,1,82,4,18,1,0,7,0,67,8
2020,5.0,2020-07-04,Eric,Hipwood,Brisbane Lions,CHF,5,271,0,5,2,0,2,1,56,5
2020,5.0,2020-07-04,Riley,Bonner,Port Adelaide,HBFR,0,286,4,7,5,0,3,0,64,9
2020,5.0,2020-07-04,Dan,Houston,Port Adelaide,BPR,2,537,5,16,5,0,6,0,71,15
2020,5.0,2020-07-04,Sam,Powell-Pepper,Port Adelaide,R,3,298,1,12,3,1,3,1,54,7
2020,5.0,2020-07-04,Jarrod,Berry,Brisbane Lions,INT,7,335,1,28,1,3,8,1,74,14
2020,5.0,2020-07-04,Hugh,McCluggage,Brisbane Lions,WR,4,318,2,17,4,2,5,0,74,14
2020,5.0,2020-07-04,Todd,Marshall,Port Adelaide,FPL,1,84,0,10,2,0,2,2,50,2
2020,5.0,2020-07-04,Cam,Rayner,Brisbane Lions,HFFR,8,190,0,9,1,0,3,0,67,10
2020,5.0,2020-07-04,Zac,Bailey,Brisbane Lions,FPL,4,91,2,13,2,0,3,1,86,12
2020,5.0,2020-07-04,Oscar,McInerney,Brisbane Lions,RK,5,158,3,7,0,1,4,0,67,6
2020,5.0,2020-07-04,Kane,Farrell,Port Adelaide,INT,3,183,2,7,1,0,4,0,70,7
2020,5.0,2020-07-04,Brandon,Starcevich,Brisbane Lions,INT,0,153,3,9,3,0,1,0,100,5
2020,5.0,2020-07-04,Zak,Butters,Port Adelaide,WL,7,238,2,7,2,0,6,0,89,16
2020,5.0,2020-07-04,Connor,Rozee,Port Adelaide,HFFL,6,109,0,11,1,0,3,3,62,8
2020,5.0,2020-07-04,Thomas,Berry,Brisbane Lions,INT,5,116,1,12,2,0,5,2,64,7
2020,5.0,2020-07-05,David,Mundy,Fremantle,INT,5,218,1,8,4,6,6,0,88,22
2020,5.0,2020-07-05,Taylor,Walker,Adelaide,HFFR,0,76,0,5,4,0,3,1,50,3
2020,5.0,2020-07-05,Stephen,Hill,Fremantle,BPL,0,220,3,6,4,0,2,0,67,8
2020,5.0,2020-07-05,Michael,Walters,Fremantle,FPR,4,133,1,14,3,1,3,1,64,9
2020,5.0,2020-07-05,Rory,Sloane,Adelaide,RR,2,217,6,7,2,0,7,0,75,12
2020,5.0,2020-07-05,Tom,Lynch,Adelaide,WR,5,357,1,5,3,0,4,0,65,11
2020,5.0,2020-07-05,Reece,Conca,Fremantle,BPR,1,224,2,4,3,0,1,0,80,8
2020,5.0,2020-07-05,Brodie,Smith,Adelaide,INT,4,399,2,8,5,0,0,0,85,17
2020,5.0,2020-07-05,Daniel,Talia,Adelaide,FB,2,78,4,3,0,0,2,0,89,8
2020,5.0,2020-07-05,Nathan,Wilson,Fremantle,HBFL,1,379,1,6,4,0,2,0,82,9
2020,5.0,2020-07-05,Luke,Brown,Adelaide,BPR,2,217,1,6,1,0,1,0,100,9
2020,5.0,2020-07-05,Brad,Crouch,Adelaide,CHF,3,369,3,9,8,3,6,3,75,21
2020,5.0,2020-07-05,Rory,Laird,Adelaide,HBFL,4,334,4,7,3,0,2,0,76,19
2020,5.0,2020-07-05,Matt,Taberner,Fremantle,CHF,3,151,0,0,2,0,0,0,50,3
2020,5.0,2020-07-05,Kyle,Hartigan,Adelaide,CHB,2,58,5,4,2,0,1,0,86,6
2020,5.0,2020-07-05,James,Aish,Fremantle,WR,5,217,8,7,1,0,5,0,95,18
2020,5.0,2020-07-05,Matt,Crouch,Adelaide,HFFL,2,194,0,15,3,0,11,1,67,18
2020,5.0,2020-07-05,Rory,Lobb,Fremantle,FPL,3,194,0,9,4,0,2,1,56,5
2020,5.0,2020-07-05,Jesse,Hogan,Fremantle,FF,3,150,0,5,2,0,0,0,67,6
2020,5.0,2020-07-05,Jake,Kelly,Adelaide,BPL,1,179,3,9,5,0,1,0,67,6
2020,5.0,2020-07-05,Ethan,Hughes,Fremantle,HBFR,1,200,2,9,1,0,1,0,77,10
2020,5.0,2020-07-05,Darcy,Tucker,Fremantle,R,6,489,3,17,3,0,3,0,69,11
2020,5.0,2020-07-05,Ben,Keays,Adelaide,R,4,366,0,18,3,1,5,0,86,12
2020,5.0,2020-07-05,Ben,Crocker,Adelaide,WL,5,266,1,7,5,0,1,0,57,8
2020,5.0,2020-07-05,Reilly,O'Brien,Adelaide,RK,3,115,4,5,2,1,1,0,75,12
2020,5.0,2020-07-05,Griffin,Logue,Fremantle,FB,3,131,7,3,1,0,6,0,93,13
2020,5.0,2020-07-05,Luke,Ryan,Fremantle,CHB,1,270,12,10,5,0,3,0,94,17
2020,5.0,2020-07-05,Sean,Darcy,Fremantle,RK,3,85,2,6,0,0,2,0,86,6
2020,5.0,2020-07-05,Tom,Doedee,Adelaide,HBFR,2,67,12,6,2,0,8,0,94,17
2020,5.0,2020-07-05,Lachlan,Murphy,Adelaide,INT,3,81,2,7,2,0,2,2,43,3
2020,5.0,2020-07-05,Andrew,Brayshaw,Fremantle,C,4,324,6,22,6,0,7,1,83,19
2020,5.0,2020-07-05,Adam,Cerra,Fremantle,WL,3,280,3,24,3,0,4,1,88,15
2020,5.0,2020-07-05,Myles,Poholke,Adelaide,INT,3,134,1,10,1,0,2,0,100,7
2020,5.0,2020-07-05,Taylin,Duman,Fremantle,INT,1,202,1,12,1,0,0,0,100,8
2020,5.0,2020-07-05,Billy,Frampton,Adelaide,FPL,5,154,2,7,1,0,4,0,70,7
2020,5.0,2020-07-05,Chayce,Jones,Adelaide,C,2,83,5,8,3,0,7,1,75,9
2020,5.0,2020-07-05,Lachie,Schultz,Fremantle,RR,1,84,1,19,3,0,3,1,63,5
2020,5.0,2020-07-05,Brett,Bewley,Fremantle,HFFR,2,159,2,17,2,0,3,2,80,8
2020,5.0,2020-07-05,Sam,Sturt,Fremantle,INT,3,79,4,12,1,0,5,0,91,10
2020,5.0,2020-07-05,Hayden,Young,Fremantle,HFFL,1,247,2,9,5,0,2,0,73,11
2020,5.0,2020-07-05,Ned,McHenry,Adelaide,FPR,3,110,0,16,2,0,5,0,58,7
2020,5.0,2020-07-05,Will,Hamill,Adelaide,INT,2,322,2,8,3,0,2,0,85,11
2020,5.0,2020-07-05,Caleb,Serong,Fremantle,INT,2,146,0,14,0,0,1,0,70,7
2020,5.0,2020-07-05,Shane,McAdam,Adelaide,FF,3,114,0,11,1,0,1,5,71,5
2020,5.0,2020-07-05,Shane,Edwards,Richmond,INT,4,265,1,17,3,3,5,0,78,14
2020,5.0,2020-07-05,Bachar,Houli,Richmond,HBFL,4,246,6,9,4,0,6,0,74,14
2020,5.0,2020-07-05,Jack,Riewoldt,Richmond,FPR,5,190,0,5,3,0,0,2,89,8
2020,5.0,2020-07-05,Trent,Cotchin,Richmond,RR,2,191,3,15,3,2,6,0,71,10
2020,5.0,2020-07-05,Dustin,Martin,Richmond,FPL,2,395,0,10,7,0,2,0,75,15
2020,5.0,2020-07-05,Jake,Melksham,Melbourne,RR,3,73,1,5,2,0,1,0,67,2
2020,5.0,2020-07-05,Dylan,Grimes,Richmond,FB,0,117,7,7,1,0,2,0,100,8
2020,5.0,2020-07-05,Dion,Prestia,Richmond,C,5,198,0,25,4,1,4,0,74,14
2020,5.0,2020-07-05,Michael,Hibberd,Melbourne,BPR,1,327,8,11,5,0,6,0,68,17
2020,5.0,2020-07-05,Steven,May,Melbourne,FB,2,475,7,5,4,0,3,0,90,18
2020,5.0,2020-07-05,Tom,Lynch,Richmond,FF,7,230,0,7,3,0,2,0,50,6
2020,5.0,2020-07-05,Max,Gawn,Melbourne,RK,1,212,4,15,5,1,3,0,64,14
2020,5.0,2020-07-05,Tom,McDonald,Melbourne,CHF,3,235,2,8,3,0,4,0,100,13
2020,5.0,2020-07-05,Josh,Caddy,Richmond,WR,4,353,4,8,1,1,3,0,84,16
2020,5.0,2020-07-05,Adam,Tomlinson,Melbourne,WR,1,118,2,8,5,0,2,2,54,7
2020,5.0,2020-07-05,Jack,Viney,Melbourne,R,0,216,1,19,8,3,4,0,61,11
2020,5.0,2020-07-05,Nick,Vlastuin,Richmond,BPL,0,119,4,9,2,0,2,0,73,8
2020,5.0,2020-07-05,Christian,Salem,Melbourne,HBFR,2,354,6,5,2,0,6,0,71,15
2020,5.0,2020-07-05,Kamdyn,McIntosh,Richmond,WL,1,204,2,6,6,0,4,0,57,8
2020,5.0,2020-07-05,Angus,Brayshaw,Melbourne,INT,1,184,2,17,4,0,3,0,71,12
2020,5.0,2020-07-05,Aaron,vandenBerg,Melbourne,INT,3,192,2,15,1,1,5,0,86,12
2020,5.0,2020-07-05,Kane,Lambert,Richmond,R,8,251,4,18,3,0,10,0,89,24
2020,5.0,2020-07-05,Jake,Lever,Melbourne,CHB,1,82,3,9,0,0,2,0,86,6
2020,5.0,2020-07-05,Toby,Nankervis,Richmond,RK,3,133,1,11,1,2,3,1,58,7
2020,5.0,2020-07-05,James,Harmes,Melbourne,HBFL,5,352,4,15,4,3,5,1,84,16
2020,5.0,2020-07-05,Ed,Langdon,Melbourne,WL,0,229,0,16,2,0,1,0,94,15
2020,5.0,2020-07-05,Daniel,Rioli,Richmond,CHF,4,195,1,14,1,0,1,0,75,6
2020,5.0,2020-07-05,Clayton,Oliver,Melbourne,C,1,252,5,22,5,3,11,0,73,19
2020,5.0,2020-07-05,Jayden,Short,Richmond,INT,3,291,3,10,2,0,3,0,78,14
2020,5.0,2020-07-05,Jayden,Hunt,Melbourne,FPR,1,30,0,9,1,0,1,1,50,2
2020,5.0,2020-07-05,Christian,Petracca,Melbourne,FF,7,322,5,19,3,0,5,0,85,23
2020,5.0,2020-07-05,Jason,Castagna,Richmond,HFFR,5,127,0,17,3,0,2,0,53,8
2020,5.0,2020-07-05,Nathan,Broad,Richmond,CHB,0,244,6,3,1,0,3,0,85,11
2020,5.0,2020-07-05,Mabior,Chol,Richmond,INT,4,169,2,11,1,1,2,1,75,6
2020,5.0,2020-07-05,Mitch,Hannan,Melbourne,HFFL,6,140,1,12,1,0,3,0,70,7
2020,5.0,2020-07-05,Joel,Smith,Melbourne,BPL,0,97,3,11,5,0,1,0,71,5
2020,5.0,2020-07-05,Bayley,Fritsch,Melbourne,INT,5,367,1,3,6,0,2,1,56,9
2020,5.0,2020-07-05,Jack,Higgins,Richmond,INT,8,260,8,17,3,0,6,0,84,16
2020,5.0,2020-07-05,Liam,Baker,Richmond,HBFR,1,333,7,9,4,0,3,0,59,10
2020,5.0,2020-07-05,Noah,Balta,Richmond,BPR,0,409,10,7,7,0,2,0,60,12
2020,5.0,2020-07-05,Jay,Lockhart,Melbourne,INT,0,37,4,9,0,0,3,0,91,10
2020,5.0,2020-07-05,Kysaiah,Pickett,Melbourne,FPL,2,130,0,19,3,0,1,3,40,2
2020,5.0,2020-07-05,Trent,Rivers,Melbourne,HFFR,0,45,4,9,2,0,3,0,75,6
2020,5.0,2020-07-05,Jake,Aarts,Richmond,HFFL,3,159,3,12,2,0,7,0,67,10
2020,5.0,2020-07-05,Shaun,Burgoyne,Hawthorn,C,3,128,0,9,4,0,1,0,67,4
2020,5.0,2020-07-05,Heath,Shaw,Greater Western Sydney,BPL,0,320,4,7,3,0,3,0,83,20
2020,5.0,2020-07-05,James,Frawley,Hawthorn,FB,0,95,4,2,0,0,1,0,88,7
2020,5.0,2020-07-05,Shane,Mumford,Greater Western Sydney,RK,4,51,1,10,1,0,5,0,75,6
2020,5.0,2020-07-05,Ben,McEvoy,Hawthorn,CHB,5,97,3,10,0,0,2,0,77,10
2020,5.0,2020-07-05,Matt,de Boer,Greater Western Sydney,R,3,2,3,21,1,1,7,0,62,8
2020,5.0,2020-07-05,Liam,Shiels,Hawthorn,RR,2,288,0,6,5,0,2,0,64,7
2020,5.0,2020-07-05,Tom,Scully,Hawthorn,WR,2,323,3,20,4,2,2,0,64,7
2020,5.0,2020-07-05,Ben,Stratton,Hawthorn,HBFR,2,117,4,6,0,0,2,0,80,8
2020,5.0,2020-07-05,Phil,Davis,Greater Western Sydney,FB,1,21,13,5,2,0,5,0,88,14
2020,5.0,2020-07-05,Ricky,Henderson,Hawthorn,WL,1,43,2,15,2,0,4,0,80,12
2020,5.0,2020-07-05,Jack,Gunston,Hawthorn,HBFL,5,98,3,12,3,0,7,6,67,8
2020,5.0,2020-07-05,Paul,Puopolo,Hawthorn,INT,3,140,1,17,2,0,3,0,40,4
2020,5.0,2020-07-05,Isaac,Smith,Hawthorn,HFFR,2,470,3,10,9,0,6,1,58,11
2020,5.0,2020-07-05,Lachlan,Keeffe,Greater Western Sydney,HBFR,0,27,6,3,4,0,3,0,69,9
2020,5.0,2020-07-05,Jeremy,Cameron,Greater Western Sydney,CHF,5,232,0,6,3,0,1,1,70,7
2020,5.0,2020-07-05,Stephen,Coniglio,Greater Western Sydney,C,1,337,1,14,4,3,4,1,67,16
2020,5.0,2020-07-05,Toby,Greene,Greater Western Sydney,HFFR,5,286,2,8,2,0,8,1,50,9
2020,5.0,2020-07-05,Chad,Wingard,Hawthorn,FPR,5,190,2,23,3,1,4,1,50,6
2020,5.0,2020-07-05,Nick,Haynes,Greater Western Sydney,CHB,2,382,6,7,5,0,1,0,81,17
2020,5.0,2020-07-05,Sam,Frost,Hawthorn,INT,1,89,4,7,1,0,2,0,78,7
2020,5.0,2020-07-05,Tommy,Sheridan,Greater Western Sydney,HFFL,2,32,0,14,1,0,0,0,83,5
2020,5.0,2020-07-05,Lachie,Whitfield,Greater Western Sydney,HBFL,3,298,3,13,6,0,2,0,79,22
2020,5.0,2020-07-05,Jaeger,O'Meara,Hawthorn,FPL,2,378,2,13,3,4,9,1,76,19
2020,5.0,2020-07-05,Aidan,Corr,Greater Western Sydney,BPR,1,169,5,3,0,0,1,0,70,7
2020,5.0,2020-07-05,Tom,Mitchell,Hawthorn,R,1,364,5,12,7,4,6,1,71,17
2020,5.0,2020-07-05,Jonathon,Ceglar,Hawthorn,RK,0,30,2,6,1,0,2,0,71,5
2020,5.0,2020-07-05,Tim,O'Brien,Hawthorn,CHF,1,115,1,6,3,0,0,0,75,3
2020,5.0,2020-07-05,Josh,Kelly,Greater Western Sydney,WL,6,257,3,21,4,1,5,0,80,24
2020,5.0,2020-07-05,James,Sicily,Hawthorn,HFFL,0,187,5,4,3,0,3,0,60,6
2020,5.0,2020-07-05,Jacob,Hopper,Greater Western Sydney,RR,3,150,0,14,3,2,2,0,73,11
2020,5.0,2020-07-05,Harry,Himmelberg,Greater Western Sydney,FF,5,207,1,18,2,0,1,2,67,6
2020,5.0,2020-07-05,Blake,Hardwick,Hawthorn,BPL,2,247,3,14,4,0,2,0,77,10
2020,5.0,2020-07-05,Daniel,Lloyd,Greater Western Sydney,INT,2,99,0,6,2,0,0,1,90,9
2020,5.0,2020-07-05,Harry,Perryman,Greater Western Sydney,WR,4,400,7,7,5,0,5,0,75,21
2020,5.0,2020-07-05,Jeremy,Finlayson,Greater Western Sydney,FPR,7,264,2,4,0,1,1,0,91,10
2020,5.0,2020-07-05,Jack,Scrimshaw,Hawthorn,BPR,1,154,3,5,3,1,3,0,64,7
2020,5.0,2020-07-05,James,Worpel,Hawthorn,INT,2,146,5,18,3,1,5,1,63,10
2020,5.0,2020-07-05,Mitch,Lewis,Hawthorn,FF,1,72,1,6,3,0,0,0,75,3
2020,5.0,2020-07-05,Brent,Daniels,Greater Western Sydney,FPL,4,86,0,9,0,0,2,1,67,4
2020,5.0,2020-07-05,Jackson,Hately,Greater Western Sydney,INT,2,171,0,10,1,0,2,0,86,12
2020,5.0,2020-07-05,Tom,Green,Greater Western Sydney,INT,3,113,2,16,4,0,6,1,64,9
2020,5.0,2020-07-05,Lachie,Ash,Greater Western Sydney,INT,2,182,6,15,3,0,7,0,60,9
2020,5.0,2020-07-05,Harry,Jones,Hawthorn,INT,1,92,0,16,1,2,2,0,100,11
2020,6.0,2020-07-09,Gary,Ablett,Geelong,R,5,314,1,14,4,0,5,0,71,10
2020,6.0,2020-07-09,Grant,Birchall,Brisbane Lions,CHB,2,199,2,9,1,0,2,0,100,10
2020,6.0,2020-07-09,Joel,Selwood,Geelong,RR,4,277,4,15,3,2,7,0,75,15
2020,6.0,2020-07-09,Tom,Hawkins,Geelong,FF,5,313,2,12,3,0,0,4,40,6
2020,6.0,2020-07-09,Harry,Taylor,Geelong,CHB,0,65,4,6,2,0,4,0,80,8
2020,6.0,2020-07-09,Stefan,Martin,Brisbane Lions,INT,1,96,1,8,2,0,0,0,50,3
2020,6.0,2020-07-09,Patrick,Dangerfield,Geelong,C,9,473,1,13,2,2,12,0,62,16
2020,6.0,2020-07-09,Mitch,Robinson,Brisbane Lions,WL,2,178,3,3,0,0,6,0,55,6
2020,6.0,2020-07-09,Daniel,Rich,Brisbane Lions,HBFL,2,454,4,9,2,0,1,0,67,8
2020,6.0,2020-07-09,Mitch,Duncan,Geelong,HFFR,2,25,0,0,0,0,0,0,67,2
2020,6.0,2020-07-09,Gary,Rohan,Geelong,WR,4,200,1,6,4,0,5,0,82,9
2020,6.0,2020-07-09,Cameron,Guthrie,Geelong,INT,1,106,1,17,3,1,8,1,77,17
2020,6.0,2020-07-09,Ryan,Lester,Brisbane Lions,BPL,1,138,7,8,1,0,4,0,75,6
2020,6.0,2020-07-09,Zach,Tuohy,Geelong,HFFL,3,393,4,5,3,1,5,0,74,14
2020,6.0,2020-07-09,Luke,Dahlhaus,Geelong,FPR,2,156,0,15,3,0,3,1,50,6
2020,6.0,2020-07-09,Lachie,Neale,Brisbane Lions,R,4,353,7,23,7,1,11,0,62,16
2020,6.0,2020-07-09,Jarryd,Lyons,Brisbane Lions,RR,1,250,2,24,3,1,5,0,55,11
2020,6.0,2020-07-09,Dayne,Zorko,Brisbane Lions,C,6,249,6,25,4,3,5,1,72,13
2020,6.0,2020-07-09,Lincoln,McCarthy,Brisbane Lions,FPL,0,143,0,17,2,1,0,2,20,1
2020,6.0,2020-07-09,Mark,Blicavs,Geelong,FB,3,142,3,4,3,0,3,0,73,8
2020,6.0,2020-07-09,Darcy,Gardiner,Brisbane Lions,BPR,2,116,1,5,1,0,0,0,83,5
2020,6.0,2020-07-09,Charlie,Cameron,Brisbane Lions,FPR,3,91,2,5,2,0,1,0,67,4
2020,6.0,2020-07-09,Jed,Bews,Geelong,HBFR,0,224,4,13,4,0,4,0,73,8
2020,6.0,2020-07-09,Daniel,McStay,Brisbane Lions,FF,1,81,1,9,1,0,0,0,57,4
2020,6.0,2020-07-09,Harris,Andrews,Brisbane Lions,FB,1,59,7,5,4,0,6,0,57,4
2020,6.0,2020-07-09,Jake,Kolodjashnij,Geelong,BPL,2,65,2,4,3,0,1,0,73,8
2020,6.0,2020-07-09,Callum,Ah Chee,Brisbane Lions,INT,2,315,4,10,2,0,4,0,73,11
2020,6.0,2020-07-09,Eric,Hipwood,Brisbane Lions,CHF,2,105,1,7,1,0,3,0,63,5
2020,6.0,2020-07-09,Sam,Menegola,Geelong,INT,5,439,7,4,3,0,6,0,92,24
2020,6.0,2020-07-09,Brandan,Parfitt,Geelong,WL,3,120,4,20,5,2,5,0,58,11
2020,6.0,2020-07-09,Jarrod,Berry,Brisbane Lions,HFFL,3,331,2,11,6,2,10,1,42,8
2020,6.0,2020-07-09,Hugh,McCluggage,Brisbane Lions,WR,2,113,2,22,2,0,3,0,80,8
2020,6.0,2020-07-09,Mark,O'Connor,Geelong,HBFL,1,216,2,7,0,0,2,0,83,10
2020,6.0,2020-07-09,Sam,Simpson,Geelong,FPL,2,216,6,18,4,0,12,1,59,16
2020,6.0,2020-07-09,Cam,Rayner,Brisbane Lions,HFFR,3,282,2,16,3,1,1,1,75,9
2020,6.0,2020-07-09,Esava,Ratugolea,Geelong,CHF,3,212,1,9,2,0,1,2,100,8
2020,6.0,2020-07-09,Jack,Henry,Geelong,BPR,2,89,2,10,0,0,1,0,90,9
2020,6.0,2020-07-09,Zac,Bailey,Brisbane Lions,INT,1,136,1,20,3,0,2,0,78,7
2020,6.0,2020-07-09,Oscar,McInerney,Brisbane Lions,RK,2,48,0,6,1,0,0,2,33,1
2020,6.0,2020-07-09,Quinton,Narkle,Geelong,INT,0,-3,0,1,0,0,1,0,0,0
2020,6.0,2020-07-09,Brandon,Starcevich,Brisbane Lions,HBFR,1,148,2,8,3,0,0,0,63,5
2020,6.0,2020-07-09,Gryan,Miers,Geelong,INT,2,124,3,16,2,0,5,0,69,11
2020,6.0,2020-07-09,Darcy,Fort,Geelong,RK,0,213,2,12,5,3,5,0,58,7
2020,6.0,2020-07-09,Thomas,Berry,Brisbane Lions,INT,0,36,1,22,3,0,3,0,43,3
2020,6.0,2020-07-10,Scott,Pendlebury,Collingwood,C,4,235,3,16,3,2,5,0,67,14
2020,6.0,2020-07-10,Travis,Varcoe,Collingwood,HBFR,1,160,5,17,3,0,4,0,87,13
2020,6.0,2020-07-10,James,Frawley,Hawthorn,FB,2,99,6,2,2,0,3,0,83,10
2020,6.0,2020-07-10,Chris,Mayne,Collingwood,WR,0,113,3,13,1,0,4,0,83,15
2020,6.0,2020-07-10,Ben,McEvoy,Hawthorn,CHB,3,58,2,7,0,0,3,1,90,9
2020,6.0,2020-07-10,Liam,Shiels,Hawthorn,RR,2,256,1,21,4,1,4,1,65,13
2020,6.0,2020-07-10,Tom,Scully,Hawthorn,FPR,2,42,1,21,3,0,4,0,70,7
2020,6.0,2020-07-10,Ben,Stratton,Hawthorn,BPR,1,66,6,4,1,0,2,0,92,11
2020,6.0,2020-07-10,Jordan,Roughead,Collingwood,FB,0,-19,2,1,1,0,2,0,100,3
2020,6.0,2020-07-10,Ricky,Henderson,Hawthorn,WL,4,294,2,18,4,1,0,0,75,12
2020,6.0,2020-07-10,Jack,Gunston,Hawthorn,FPL,6,338,0,11,4,0,2,1,50,5
2020,6.0,2020-07-10,Paul,Puopolo,Hawthorn,INT,2,-19,3,20,1,0,6,1,71,5
2020,6.0,2020-07-10,Isaac,Smith,Hawthorn,WR,4,407,3,15,5,0,4,0,77,20
2020,6.0,2020-07-10,Will,Hoskin-Elliott,Collingwood,FF,5,159,3,11,2,0,2,1,80,8
2020,6.0,2020-07-10,Chad,Wingard,Hawthorn,HFFR,2,205,2,13,3,0,3,1,40,4
2020,6.0,2020-07-10,Adam,Treloar,Collingwood,R,5,481,2,12,7,1,10,0,66,23
2020,6.0,2020-07-10,Jack,Crisp,Collingwood,BPL,2,227,3,9,1,0,2,0,93,14
2020,6.0,2020-07-10,Taylor,Adams,Collingwood,RR,6,274,2,20,2,2,5,0,73,16
2020,6.0,2020-07-10,Jamie,Elliott,Collingwood,FPR,3,96,0,10,3,3,5,0,67,10
2020,6.0,2020-07-10,Jonathon,Patton,Hawthorn,FF,0,42,0,1,0,0,0,0,100,1
2020,6.0,2020-07-10,Sam,Frost,Hawthorn,BPL,3,140,6,2,2,0,3,0,78,7
2020,6.0,2020-07-10,Jaeger,O'Meara,Hawthorn,C,2,218,2,18,5,1,5,0,55,11
2020,6.0,2020-07-10,Tom,Mitchell,Hawthorn,R,4,284,3,18,4,1,7,0,82,27
2020,6.0,2020-07-10,Jonathon,Ceglar,Hawthorn,RK,2,113,1,9,6,0,2,0,67,6
2020,6.0,2020-07-10,Brodie,Grundy,Collingwood,RK,4,100,2,13,1,1,5,0,82,9
2020,6.0,2020-07-10,Tim,O'Brien,Hawthorn,CHF,3,122,1,15,4,0,1,1,70,7
2020,6.0,2020-07-10,James,Sicily,Hawthorn,HBFR,1,456,8,6,4,0,2,0,89,25
2020,6.0,2020-07-10,Brayden,Maynard,Collingwood,HBFL,1,523,7,9,4,0,5,0,75,15
2020,6.0,2020-07-10,Darcy,Moore,Collingwood,CHB,3,409,9,3,5,0,3,0,71,15
2020,6.0,2020-07-10,Matthew,Scharenberg,Collingwood,BPR,2,240,5,6,2,0,3,0,75,12
2020,6.0,2020-07-10,Mason,Cox,Collingwood,INT,2,42,1,4,2,0,2,0,60,3
2020,6.0,2020-07-10,Tom,Phillips,Collingwood,WL,2,273,4,5,6,0,3,0,73,11
2020,6.0,2020-07-10,Blake,Hardwick,Hawthorn,HBFL,4,531,5,9,5,0,4,0,75,15
2020,6.0,2020-07-10,Rupert,Wills,Collingwood,INT,3,174,4,17,1,0,6,1,79,15
2020,6.0,2020-07-10,Callum L.,Brown,Collingwood,HFFR,0,97,1,22,7,0,5,0,46,6
2020,6.0,2020-07-10,Harry,Morrison,Hawthorn,INT,3,145,5,14,1,0,1,0,88,15
2020,6.0,2020-07-10,Jaidyn,Stephenson,Collingwood,HFFL,4,303,2,14,6,0,2,2,73,11
2020,6.0,2020-07-10,James,Worpel,Hawthorn,INT,5,235,3,24,5,0,6,2,61,11
2020,6.0,2020-07-10,Brody,Mihocek,Collingwood,CHF,5,282,2,13,3,0,1,1,67,6
2020,6.0,2020-07-10,Isaac,Quaynor,Collingwood,INT,2,431,6,4,1,0,3,0,93,14
2020,6.0,2020-07-10,Will,Kelly,Collingwood,FPL,2,108,0,7,1,0,2,0,60,3
2020,6.0,2020-07-10,Atu,Bosenavulagi,Collingwood,INT,3,211,1,13,5,0,5,1,75,12
2020,6.0,2020-07-10,Will,Day,Hawthorn,INT,3,292,6,13,3,0,5,0,81,13
2020,6.0,2020-07-10,Josh,Morris,Hawthorn,HFFL,0,63,1,15,0,0,3,1,75,3
2020,6.0,2020-07-11,David,Mundy,Fremantle,INT,1,104,1,14,3,0,2,1,58,7
2020,6.0,2020-07-11,Jarryn,Geary,St Kilda,HBFR,2,149,3,13,3,0,5,1,73,8
2020,6.0,2020-07-11,Stephen,Hill,Fremantle,BPL,3,232,7,3,4,0,5,0,81,13
2020,6.0,2020-07-11,Michael,Walters,Fremantle,FPR,6,387,3,15,7,5,8,0,73,19
2020,6.0,2020-07-11,Travis,Colyer,Fremantle,FPL,5,161,4,7,1,0,4,1,89,8
2020,6.0,2020-07-11,Nat,Fyfe,Fremantle,C,4,178,3,9,1,1,5,0,61,11
2020,6.0,2020-07-11,Jake,Carlisle,St Kilda,BPR,0,161,6,4,1,0,2,0,83,10
2020,6.0,2020-07-11,Nathan,Wilson,Fremantle,HBFL,3,181,5,4,1,0,4,0,85,11
2020,6.0,2020-07-11,Bradley,Hill,St Kilda,WL,4,157,2,13,3,0,3,0,64,7
2020,6.0,2020-07-11,Sebastian,Ross,St Kilda,R,4,196,2,16,4,1,4,0,58,7
2020,6.0,2020-07-11,Dean,Kent,St Kilda,FPL,3,94,0,12,2,0,3,2,71,5
2020,6.0,2020-07-11,Matt,Taberner,Fremantle,FF,7,259,1,7,2,0,2,0,69,9
2020,6.0,2020-07-11,James,Aish,Fremantle,WR,4,203,2,7,1,0,3,0,89,16
2020,6.0,2020-07-11,Jack,Billings,St Kilda,WR,6,335,2,7,4,0,4,0,61,11
2020,6.0,2020-07-11,Blake,Acres,Fremantle,HBFR,4,142,1,8,2,0,0,0,82,9
2020,6.0,2020-07-11,Rory,Lobb,Fremantle,CHF,3,264,4,8,4,0,6,0,79,11
2020,6.0,2020-07-11,Zak,Jones,St Kilda,INT,4,401,1,12,4,2,7,0,60,9
2020,6.0,2020-07-11,Tim,Membrey,St Kilda,FF,6,209,1,9,3,0,1,1,64,7
2020,6.0,2020-07-11,Jack,Lonie,St Kilda,INT,5,126,2,14,3,0,3,3,56,5
2020,6.0,2020-07-11,Jack,Steele,St Kilda,RR,6,375,0,18,2,3,3,0,68,15
2020,6.0,2020-07-11,Jonathon,Marsh,St Kilda,FPR,1,64,0,14,2,0,2,2,33,1
2020,6.0,2020-07-11,Ethan,Hughes,Fremantle,BPR,1,62,3,8,1,0,2,0,100,10
2020,6.0,2020-07-11,Jade,Gresham,St Kilda,HFFR,6,359,1,8,3,4,5,0,65,11
2020,6.0,2020-07-11,Dougal,Howard,St Kilda,CHB,2,138,5,2,2,0,0,0,82,9
2020,6.0,2020-07-11,Darcy,Tucker,Fremantle,WL,4,210,0,15,3,1,1,1,80,12
2020,6.0,2020-07-11,Dan,Butler,St Kilda,HFFL,3,211,0,12,2,0,4,1,67,4
2020,6.0,2020-07-11,Ben,Long,St Kilda,INT,2,238,5,10,2,0,5,0,93,13
2020,6.0,2020-07-11,Luke,Ryan,Fremantle,CHB,1,375,4,7,3,0,3,0,93,13
2020,6.0,2020-07-11,Sean,Darcy,Fremantle,RK,5,228,1,2,1,0,0,1,71,5
2020,6.0,2020-07-11,Josh,Battle,St Kilda,INT,1,183,5,13,5,0,5,1,86,12
2020,6.0,2020-07-11,Rowan,Marshall,St Kilda,RK,5,117,1,10,4,3,2,0,44,4
2020,6.0,2020-07-11,Hunter,Clark,St Kilda,C,4,162,4,12,3,2,4,0,78,14
2020,6.0,2020-07-11,Bailey,Banfield,Fremantle,HFFR,5,168,1,18,4,0,2,2,55,6
2020,6.0,2020-07-11,Andrew,Brayshaw,Fremantle,R,4,114,2,28,4,1,3,1,85,17
2020,6.0,2020-07-11,Adam,Cerra,Fremantle,RR,3,244,4,11,4,1,6,0,63,10
2020,6.0,2020-07-11,Nick,Coffield,St Kilda,BPL,1,134,4,4,1,0,4,0,83,10
2020,6.0,2020-07-11,Taylin,Duman,Fremantle,FB,2,208,9,7,2,0,6,0,92,11
2020,6.0,2020-07-11,Ben,Paton,St Kilda,HBFL,4,71,4,2,0,0,3,0,92,12
2020,6.0,2020-07-11,Callum,Wilkie,St Kilda,FB,1,522,4,5,4,0,4,0,89,16
2020,6.0,2020-07-11,Lachie,Schultz,Fremantle,HFFL,5,210,1,21,1,0,0,1,67,6
2020,6.0,2020-07-11,Brett,Bewley,Fremantle,INT,5,298,2,11,1,0,3,0,94,15
2020,6.0,2020-07-11,Max,King,St Kilda,CHF,5,118,1,5,1,0,4,1,57,4
2020,6.0,2020-07-11,Hayden,Young,Fremantle,INT,0,-7,0,1,0,0,0,0,0,0
2020,6.0,2020-07-11,Caleb,Serong,Fremantle,INT,3,229,0,6,3,1,3,0,82,9
2020,6.0,2020-07-11,Shannon,Hurn,West Coast,BPL,0,156,2,3,1,0,1,0,80,8
2020,6.0,2020-07-11,Josh J.,Kennedy,West Coast,FF,5,151,0,4,1,0,0,0,20,1
2020,6.0,2020-07-11,David,Mackay,Adelaide,FPR,3,186,1,12,3,0,7,0,69,11
2020,6.0,2020-07-11,Nic,Naitanui,West Coast,RK,3,90,1,11,3,2,4,1,71,5
2020,6.0,2020-07-11,Jack,Redden,West Coast,HFFR,4,96,4,14,0,0,4,0,89,16
2020,6.0,2020-07-11,Rory,Sloane,Adelaide,WL,1,163,1,11,3,1,3,1,78,14
2020,6.0,2020-07-11,Brad,Sheppard,West Coast,BPR,1,110,4,9,2,0,2,0,79,15
2020,6.0,2020-07-11,Tom,Lynch,Adelaide,HFFR,3,166,2,7,1,0,5,1,88,15
2020,6.0,2020-07-11,Brodie,Smith,Adelaide,WR,4,662,2,8,6,0,4,0,71,22
2020,6.0,2020-07-11,Jack,Darling,West Coast,CHF,7,211,0,11,0,0,2,0,80,8
2020,6.0,2020-07-11,Andrew,Gaff,West Coast,WL,2,216,3,13,5,1,2,0,83,10
2020,6.0,2020-07-11,Jamie,Cripps,West Coast,WR,3,230,0,15,3,1,4,2,70,7
2020,6.0,2020-07-11,Daniel,Talia,Adelaide,FB,0,239,6,4,2,0,0,0,79,11
2020,6.0,2020-07-11,Elliot,Yeo,West Coast,C,7,478,2,13,3,0,4,3,62,13
2020,6.0,2020-07-11,Luke,Brown,Adelaide,BPL,0,197,2,3,2,0,2,0,82,9
2020,6.0,2020-07-11,Brad,Crouch,Adelaide,RR,2,304,2,9,6,2,5,0,70,16
2020,6.0,2020-07-11,Rory,Laird,Adelaide,INT,2,133,3,13,3,0,2,1,77,13
2020,6.0,2020-07-11,Kyle,Hartigan,Adelaide,BPR,1,162,4,6,2,0,2,0,90,9
2020,6.0,2020-07-11,Dom,Sheed,West Coast,R,4,445,2,20,8,4,4,0,92,22
2020,6.0,2020-07-11,Matt,Crouch,Adelaide,INT,2,449,2,13,7,1,6,0,69,20
2020,6.0,2020-07-11,Jeremy,McGovern,West Coast,CHB,1,289,9,5,2,0,2,0,82,14
2020,6.0,2020-07-11,Jackson,Nelson,West Coast,HBFL,4,164,6,14,1,2,4,0,88,14
2020,6.0,2020-07-11,Liam,Duggan,West Coast,HBFR,1,351,3,12,8,1,1,0,65,11
2020,6.0,2020-07-11,Jake,Kelly,Adelaide,C,2,120,0,7,0,0,1,0,100,10
2020,6.0,2020-07-11,Brendon,Ah Chee,West Coast,FPR,1,130,1,18,2,0,1,1,67,4
2020,6.0,2020-07-11,Tom,Barrass,West Coast,FB,1,145,4,5,3,0,2,0,86,12
2020,6.0,2020-07-11,Ben,Keays,Adelaide,R,2,124,0,12,2,0,2,0,85,11
2020,6.0,2020-07-11,Tom,Cole,West Coast,INT,2,78,5,13,0,0,4,0,90,9
2020,6.0,2020-07-11,Reilly,O'Brien,Adelaide,RK,1,151,8,13,2,0,3,2,74,14
2020,6.0,2020-07-11,Tyson,Stengle,Adelaide,FPL,2,13,0,14,1,0,1,1,20,1
2020,6.0,2020-07-11,Tom,Doedee,Adelaide,HBFR,2,361,7,6,3,0,1,0,90,18
2020,6.0,2020-07-11,Tim,Kelly,West Coast,RR,7,451,1,19,4,2,6,2,79,19
2020,6.0,2020-07-11,Liam,Ryan,West Coast,FPL,5,51,1,11,0,0,0,0,100,5
2020,6.0,2020-07-11,Jake,Waterman,West Coast,INT,2,95,1,1,2,0,1,0,100,7
2020,6.0,2020-07-11,Brayden,Ainsworth,West Coast,INT,2,221,2,10,2,0,2,0,83,10
2020,6.0,2020-07-11,Oscar,Allen,West Coast,HFFL,7,208,4,11,3,0,5,1,47,7
2020,6.0,2020-07-11,Billy,Frampton,Adelaide,CHF,3,28,1,3,0,0,2,0,88,7
2020,6.0,2020-07-11,Chayce,Jones,Adelaide,HFFL,2,87,1,15,1,0,2,1,82,9
2020,6.0,2020-07-11,Jarrod,Cameron,West Coast,INT,1,100,3,9,3,0,3,1,40,2
2020,6.0,2020-07-11,Fischer,McAsey,Adelaide,CHB,1,163,0,4,4,0,5,1,64,9
2020,6.0,2020-07-11,Ned,McHenry,Adelaide,INT,3,87,1,12,0,0,3,1,80,8
2020,6.0,2020-07-11,Will,Hamill,Adelaide,INT,1,171,6,7,6,0,6,0,75,9
2020,6.0,2020-07-11,Shane,McAdam,Adelaide,FF,2,160,2,12,3,0,0,0,57,4
2020,6.0,2020-07-11,Andrew,McPherson,Adelaide,HBFL,3,129,5,6,1,0,3,0,89,8
2020,6.0,2020-07-11,Jarrod,Harbrow,Gold Coast,HBFR,2,23,4,11,1,0,2,0,90,9
2020,6.0,2020-07-11,Pearce,Hanley,Gold Coast,INT,2,195,5,7,4,0,4,0,82,9
2020,6.0,2020-07-11,Neville,Jetta,Melbourne,BPL,1,5,3,6,0,0,2,0,80,4
2020,6.0,2020-07-11,Jake,Melksham,Melbourne,FPL,2,144,1,8,4,2,8,0,57,8
2020,6.0,2020-07-11,Harley,Bennell,Melbourne,FPR,6,181,1,8,2,0,3,0,62,8
2020,6.0,2020-07-11,David,Swallow,Gold Coast,RR,5,329,1,24,3,3,5,0,77,13
2020,6.0,2020-07-11,Michael,Hibberd,Melbourne,HBFR,1,248,3,8,2,0,2,0,64,7
2020,6.0,2020-07-11,Steven,May,Melbourne,FB,1,458,4,5,3,0,0,0,83,15
2020,6.0,2020-07-11,Sam,Day,Gold Coast,CHF,4,118,2,6,3,0,3,0,86,6
2020,6.0,2020-07-11,Max,Gawn,Melbourne,RK,6,240,3,10,6,0,5,0,67,10
2020,6.0,2020-07-11,Tom,McDonald,Melbourne,FF,0,66,0,2,1,0,0,0,67,2
2020,6.0,2020-07-11,Brandon,Ellis,Gold Coast,WR,4,224,3,11,4,1,4,0,56,9
2020,6.0,2020-07-11,Alex,Sexton,Gold Coast,HFFR,4,168,0,15,1,0,1,1,78,7
2020,6.0,2020-07-11,Jack,Viney,Melbourne,R,3,316,2,22,4,1,10,1,52,11
2020,6.0,2020-07-11,Jarrod,Witts,Gold Coast,RK,3,112,2,8,0,0,3,1,75,6
2020,6.0,2020-07-11,Christian,Salem,Melbourne,HBFL,2,356,3,11,4,0,5,1,67,12
2020,6.0,2020-07-11,Nick,Holman,Gold Coast,R,1,33,2,19,1,0,3,2,78,7
2020,6.0,2020-07-11,Angus,Brayshaw,Melbourne,HFFR,4,278,2,14,4,0,3,0,42,5
2020,6.0,2020-07-11,Aaron,vandenBerg,Melbourne,INT,3,137,3,13,2,0,2,0,73,8
2020,6.0,2020-07-11,Touk,Miller,Gold Coast,INT,7,229,5,9,1,1,8,2,91,21
2020,6.0,2020-07-11,Jake,Lever,Melbourne,CHB,2,261,9,5,2,0,3,0,82,9
2020,6.0,2020-07-11,James,Harmes,Melbourne,INT,2,202,1,15,5,2,7,1,57,8
2020,6.0,2020-07-11,Lachie,Weller,Gold Coast,WL,2,192,0,13,3,1,3,1,73,11
2020,6.0,2020-07-11,Ed,Langdon,Melbourne,WL,4,417,3,8,2,0,4,0,79,15
2020,6.0,2020-07-11,Oscar,McDonald,Melbourne,BPR,3,168,4,6,0,0,1,0,100,9
2020,6.0,2020-07-11,Clayton,Oliver,Melbourne,C,5,350,3,24,6,4,9,0,67,16
2020,6.0,2020-07-11,Christian,Petracca,Melbourne,RR,5,335,1,18,7,3,9,1,64,16
2020,6.0,2020-07-11,Darcy,Macpherson,Gold Coast,INT,2,24,0,13,1,0,1,2,50,2
2020,6.0,2020-07-11,Sam,Collins,Gold Coast,FB,3,122,10,6,2,0,6,0,93,14
2020,6.0,2020-07-11,Sam,Weideman,Melbourne,CHF,3,136,0,7,3,0,2,0,71,5
2020,6.0,2020-07-11,Brayden,Fiorini,Gold Coast,INT,2,180,2,6,3,0,1,0,78,7
2020,6.0,2020-07-11,Mitch,Hannan,Melbourne,INT,4,132,2,17,2,0,2,2,75,6
2020,6.0,2020-07-11,Ben,Ainsworth,Gold Coast,FPR,3,253,0,10,3,0,2,1,44,4
2020,6.0,2020-07-11,Jack,Bowes,Gold Coast,HBFL,3,331,6,8,3,0,4,0,68,13
2020,6.0,2020-07-11,Hugh,Greenwood,Gold Coast,C,4,229,4,28,4,2,7,2,61,11
2020,6.0,2020-07-11,Bayley,Fritsch,Melbourne,HFFL,4,208,3,8,3,0,2,0,56,5
2020,6.0,2020-07-11,Charlie,Ballard,Gold Coast,CHB,0,288,11,8,5,0,3,0,67,10
2020,6.0,2020-07-11,Jack,Lukosius,Gold Coast,BPR,3,457,3,3,3,0,2,0,89,16
2020,6.0,2020-07-11,Jay,Lockhart,Melbourne,INT,0,41,2,6,1,0,1,0,100,4
2020,6.0,2020-07-11,Ben,King,Gold Coast,FF,5,135,0,7,0,0,1,0,57,4
2020,6.0,2020-07-11,Noah,Anderson,Gold Coast,HFFL,1,189,2,11,5,1,3,0,77,13
2020,6.0,2020-07-11,Connor,Budarick,Gold Coast,BPL,1,248,3,7,5,0,2,0,54,7
2020,6.0,2020-07-11,Kysaiah,Pickett,Melbourne,WR,4,170,4,17,2,0,4,1,88,7
2020,6.0,2020-07-11,Izak,Rankine,Gold Coast,FPL,8,233,2,14,2,0,5,0,67,8
2020,6.0,2020-07-11,Shaun,Higgins,North Melbourne,R,4,285,3,10,3,0,5,1,67,10
2020,6.0,2020-07-11,Todd,Goldstein,North Melbourne,RK,7,317,3,12,5,3,5,0,68,13
2020,6.0,2020-07-11,Cale,Hooker,Essendon,FB,2,113,7,3,0,0,5,0,100,10
2020,6.0,2020-07-11,Michael,Hurley,Essendon,BPL,2,310,7,5,5,0,3,0,75,12
2020,6.0,2020-07-11,David,Zaharakis,Essendon,HBFR,8,301,3,1,1,0,6,0,80,16
2020,6.0,2020-07-11,Shaun,McKernan,Essendon,FF,5,209,0,5,7,0,0,0,44,4
2020,6.0,2020-07-11,Robbie,Tarrant,North Melbourne,FB,1,366,5,2,4,0,1,0,90,9
2020,6.0,2020-07-11,Jamie,Macmillan,North Melbourne,BPL,0,214,3,13,2,0,3,0,80,8
2020,6.0,2020-07-11,Jasper,Pittard,North Melbourne,INT,1,466,5,9,4,0,3,0,72,13
2020,6.0,2020-07-11,Shaun,Atley,North Melbourne,HBFL,3,304,2,15,3,0,4,0,80,12
2020,6.0,2020-07-11,Jared,Polec,North Melbourne,WL,3,303,4,19,4,0,4,0,78,14
2020,6.0,2020-07-11,Dylan,Shiel,Essendon,R,4,169,5,18,3,1,5,0,75,9
2020,6.0,2020-07-11,Devon,Smith,Essendon,RR,3,343,0,13,3,0,7,2,52,12
2020,6.0,2020-07-11,Jacob,Townsend,Essendon,FPR,6,140,0,4,3,0,3,0,44,4
2020,6.0,2020-07-11,Aaron,Hall,North Melbourne,FPR,4,437,3,11,6,1,7,1,70,16
2020,6.0,2020-07-11,Andrew,Phillips,Essendon,RK,2,106,0,15,2,3,1,0,50,2
2020,6.0,2020-07-11,Marley,Williams,North Melbourne,HBFR,1,9,3,4,0,0,3,0,100,5
2020,6.0,2020-07-11,Tom,Campbell,North Melbourne,CHF,1,147,0,6,1,0,0,0,40,2
2020,6.0,2020-07-11,Josh,Walker,North Melbourne,CHB,1,158,8,8,3,0,0,0,75,6
2020,6.0,2020-07-11,Luke,McDonald,North Melbourne,RR,2,270,4,13,6,0,4,1,67,8
2020,6.0,2020-07-11,Martin,Gleeson,Essendon,BPR,1,216,3,4,1,0,1,0,92,11
2020,6.0,2020-07-11,Zach,Merrett,Essendon,INT,2,153,1,17,3,1,2,0,67,12
2020,6.0,2020-07-11,Ben,Brown,North Melbourne,FF,1,240,1,7,4,0,1,0,50,4
2020,6.0,2020-07-11,Orazio,Fantasia,Essendon,HFFR,2,324,5,7,4,0,3,0,68,13
2020,6.0,2020-07-11,Adam,Saad,Essendon,HBFL,4,468,5,7,4,1,5,0,86,18
2020,6.0,2020-07-11,Trent,Dumont,North Melbourne,WR,0,313,2,25,6,3,7,1,67,12
2020,6.0,2020-07-11,Kyle,Langford,Essendon,WR,8,207,2,5,2,0,3,1,57,8
2020,6.0,2020-07-11,Jayden,Laverde,Essendon,INT,5,93,0,10,1,0,5,2,58,7
2020,6.0,2020-07-11,Conor,McKenna,Essendon,INT,3,265,8,13,3,0,4,0,83,15
2020,6.0,2020-07-11,Anthony,McDonald-Tipungwuti,Essendon,FPL,9,136,3,7,1,0,6,1,79,11
2020,6.0,2020-07-11,Darcy,Parish,Essendon,HFFL,7,300,3,18,4,1,8,1,71,15
2020,6.0,2020-07-11,Will,Snelling,Essendon,CHF,3,147,1,15,1,0,7,1,67,10
2020,6.0,2020-07-11,Andrew,McGrath,Essendon,C,4,332,6,16,5,1,4,0,84,21
2020,6.0,2020-07-11,Mitchell,Hibberd,Essendon,INT,5,164,4,13,5,0,8,0,63,12
2020,6.0,2020-07-11,Jy,Simpkin,North Melbourne,C,5,432,3,24,5,2,10,0,70,16
2020,6.0,2020-07-11,Cameron,Zurhaar,North Melbourne,FPL,5,140,4,7,4,0,8,0,58,11
2020,6.0,2020-07-11,Jordan,Ridley,Essendon,CHB,2,420,5,5,3,0,1,0,83,15
2020,6.0,2020-07-11,Paul,Ahern,North Melbourne,INT,1,198,1,14,2,0,6,0,39,5
2020,6.0,2020-07-11,Bailey,Scott,North Melbourne,INT,2,162,0,12,2,0,3,0,57,4
2020,6.0,2020-07-11,Tarryn,Thomas,North Melbourne,HFFR,4,196,2,6,2,0,5,1,69,9
2020,6.0,2020-07-11,Brayden,Ham,Essendon,WL,3,358,1,7,2,0,2,0,69,9
2020,6.0,2020-07-11,Curtis,Taylor,North Melbourne,HFFL,1,4,1,13,0,0,2,0,75,3
2020,6.0,2020-07-11,Kyron,Hayden,North Melbourne,BPR,0,71,5,11,3,0,2,0,33,2
2020,6.0,2020-07-11,Jack,Mahony,North Melbourne,INT,2,63,1,13,0,0,4,0,60,6
2020,6.0,2020-07-12,Heath,Shaw,Greater Western Sydney,BPL,2,284,8,8,5,0,6,0,55,11
2020,6.0,2020-07-12,Robbie,Gray,Port Adelaide,HFFR,1,131,1,12,1,1,6,0,85,11
2020,6.0,2020-07-12,Justin,Westhoff,Port Adelaide,INT,1,171,1,5,3,0,3,0,82,9
2020,6.0,2020-07-12,Travis,Boak,Port Adelaide,RR,4,369,3,15,4,1,3,0,75,12
2020,6.0,2020-07-12,Brad,Ebert,Port Adelaide,FF,2,190,1,19,5,0,3,1,36,4
2020,6.0,2020-07-12,Shane,Mumford,Greater Western Sydney,RK,1,10,0,13,0,0,0,0,80,4
2020,6.0,2020-07-12,Callan,Ward,Greater Western Sydney,FPR,2,224,0,18,3,0,3,0,65,11
2020,6.0,2020-07-12,Hamish,Hartlett,Port Adelaide,HBFR,1,260,3,18,4,1,1,0,86,12
2020,6.0,2020-07-12,Matt,de Boer,Greater Western Sydney,R,4,123,5,13,1,0,7,0,87,13
2020,6.0,2020-07-12,Steven,Motlop,Port Adelaide,HFFL,3,26,1,17,1,0,4,3,89,8
2020,6.0,2020-07-12,Phil,Davis,Greater Western Sydney,CHB,0,115,5,1,0,0,3,0,80,8
2020,6.0,2020-07-12,Charlie,Dixon,Port Adelaide,FPR,4,143,1,14,2,0,4,0,70,7
2020,6.0,2020-07-12,Trent,McKenzie,Port Adelaide,FB,2,351,4,6,3,0,4,0,67,8
2020,6.0,2020-07-12,Lachlan,Keeffe,Greater Western Sydney,FB,2,188,8,5,3,0,3,0,77,10
2020,6.0,2020-07-12,Scott,Lycett,Port Adelaide,RK,2,164,1,6,2,3,7,0,64,7
2020,6.0,2020-07-12,Tom,Jonas,Port Adelaide,HBFL,1,325,10,8,5,0,4,0,75,12
2020,6.0,2020-07-12,Jeremy,Cameron,Greater Western Sydney,CHF,6,282,3,7,1,0,6,1,80,12
2020,6.0,2020-07-12,Stephen,Coniglio,Greater Western Sydney,C,4,345,2,16,3,1,5,1,64,14
2020,6.0,2020-07-12,Toby,Greene,Greater Western Sydney,HFFL,5,386,0,11,6,0,6,0,48,10
2020,6.0,2020-07-12,Nick,Haynes,Greater Western Sydney,HBFR,3,332,11,6,4,0,8,0,74,17
2020,6.0,2020-07-12,Cam,Sutcliffe,Port Adelaide,INT,0,71,1,1,1,1,1,0,100,6
2020,6.0,2020-07-12,Lachie,Whitfield,Greater Western Sydney,HBFL,7,457,4,18,5,0,3,1,80,20
2020,6.0,2020-07-12,Ollie,Wines,Port Adelaide,C,4,249,2,21,2,0,5,2,65,13
2020,6.0,2020-07-12,Aidan,Corr,Greater Western Sydney,BPR,1,245,4,2,1,0,1,0,86,12
2020,6.0,2020-07-12,Tom,Clurey,Port Adelaide,BPL,1,143,5,5,3,0,0,0,70,7
2020,6.0,2020-07-12,Josh,Kelly,Greater Western Sydney,WR,4,267,1,18,5,1,10,0,75,12
2020,6.0,2020-07-12,Karl,Amon,Port Adelaide,INT,2,397,0,16,5,1,4,0,60,9
2020,6.0,2020-07-12,Darcy,Byrne-Jones,Port Adelaide,CHB,2,208,4,16,3,0,8,0,72,13
2020,6.0,2020-07-12,Jacob,Hopper,Greater Western Sydney,RR,5,116,4,17,1,1,13,0,82,18
2020,6.0,2020-07-12,Harry,Himmelberg,Greater Western Sydney,FPL,1,88,2,9,0,0,3,2,57,4
2020,6.0,2020-07-12,Ryan,Burton,Port Adelaide,BPR,1,368,3,4,3,0,6,0,59,10
2020,6.0,2020-07-12,Dan,Houston,Port Adelaide,R,1,258,6,17,4,1,9,0,82,18
2020,6.0,2020-07-12,Sam,Powell-Pepper,Port Adelaide,INT,1,442,1,24,4,3,6,0,77,17
2020,6.0,2020-07-12,Daniel,Lloyd,Greater Western Sydney,INT,1,21,0,5,0,0,0,0,100,1
2020,6.0,2020-07-12,Harry,Perryman,Greater Western Sydney,WL,2,336,7,9,7,0,7,0,67,16
2020,6.0,2020-07-12,Jeremy,Finlayson,Greater Western Sydney,FF,6,244,1,10,2,0,2,1,67,6
2020,6.0,2020-07-12,Todd,Marshall,Port Adelaide,FPL,2,216,1,14,5,0,0,1,71,5
2020,6.0,2020-07-12,Brent,Daniels,Greater Western Sydney,HFFR,4,115,1,17,2,1,3,0,67,8
2020,6.0,2020-07-12,Kane,Farrell,Port Adelaide,WL,8,400,4,14,4,0,3,2,63,12
2020,6.0,2020-07-12,Zak,Butters,Port Adelaide,WR,3,143,2,11,4,0,7,0,57,8
2020,6.0,2020-07-12,Connor,Rozee,Port Adelaide,CHF,5,213,3,22,6,0,2,0,58,7
2020,6.0,2020-07-12,Jackson,Hately,Greater Western Sydney,INT,5,320,1,15,5,0,1,0,67,10
2020,6.0,2020-07-12,Tom,Green,Greater Western Sydney,INT,3,43,0,18,1,0,2,0,75,6
2020,6.0,2020-07-12,Lachie,Ash,Greater Western Sydney,INT,2,136,7,10,3,0,8,0,62,8
2020,6.0,2020-07-12,Jack,Riewoldt,Richmond,FPR,4,191,1,16,4,0,3,1,56,5
2020,6.0,2020-07-12,Josh P.,Kennedy,Sydney,RR,1,41,0,2,0,1,0,0,100,2
2020,6.0,2020-07-12,Dustin,Martin,Richmond,FPL,1,155,2,10,2,2,4,0,67,10
2020,6.0,2020-07-12,Dylan,Grimes,Richmond,FB,0,174,2,3,1,0,1,0,79,11
2020,6.0,2020-07-12,Tom,Lynch,Richmond,FF,3,160,0,18,2,0,0,0,60,3
2020,6.0,2020-07-12,Luke,Parker,Sydney,C,2,192,1,18,4,0,3,1,60,6
2020,6.0,2020-07-12,Josh,Caddy,Richmond,WR,3,268,4,8,2,0,3,0,88,15
2020,6.0,2020-07-12,Harry,Cunningham,Sydney,WL,1,393,5,8,3,0,4,0,89,16
2020,6.0,2020-07-12,Dane,Rampe,Sydney,FB,4,253,6,4,1,0,5,0,94,15
2020,6.0,2020-07-12,Nick,Vlastuin,Richmond,CHB,1,222,10,14,2,0,2,0,88,14
2020,6.0,2020-07-12,Sam,Gray,Sydney,INT,1,70,0,10,0,0,1,3,86,6
2020,6.0,2020-07-12,Jake,Lloyd,Sydney,HBFL,2,626,6,6,8,0,4,0,71,17
2020,6.0,2020-07-12,Kamdyn,McIntosh,Richmond,WL,1,540,7,8,5,0,10,0,67,16
2020,6.0,2020-07-12,Isaac,Heeney,Sydney,CHF,2,213,3,14,3,0,7,0,75,12
2020,6.0,2020-07-12,Kane,Lambert,Richmond,R,4,388,3,21,6,0,3,0,73,16
2020,6.0,2020-07-12,Daniel,Rioli,Richmond,CHF,0,126,2,13,4,0,3,0,17,1
2020,6.0,2020-07-12,George,Hewett,Sydney,WR,1,213,1,12,3,1,6,0,87,13
2020,6.0,2020-07-12,Callum,Mills,Sydney,BPL,4,535,15,6,3,1,7,0,76,22
2020,6.0,2020-07-12,Tom,Papley,Sydney,FPR,4,206,0,11,3,0,3,1,40,4
2020,6.0,2020-07-12,Jayden,Short,Richmond,HBFL,5,542,5,5,5,0,5,0,85,22
2020,6.0,2020-07-12,Jason,Castagna,Richmond,HFFR,3,349,2,14,9,0,3,1,50,7
2020,6.0,2020-07-12,Nathan,Broad,Richmond,BPL,3,302,8,6,2,0,4,0,88,14
2020,6.0,2020-07-12,Ryan,Clarke,Sydney,HBFR,3,134,5,13,4,0,10,0,65,15
2020,6.0,2020-07-12,Mabior,Chol,Richmond,INT,2,178,1,7,1,0,2,0,71,5
2020,6.0,2020-07-12,Oliver,Florent,Sydney,INT,3,251,2,20,2,1,4,0,77,13
2020,6.0,2020-07-12,Robbie,Fox,Sydney,BPR,1,23,5,7,1,0,4,0,92,12
2020,6.0,2020-07-12,Will,Hayward,Sydney,HFFR,0,172,5,4,2,0,1,0,85,11
2020,6.0,2020-07-12,Jordan,Dawson,Sydney,CHB,3,252,2,12,5,0,4,2,54,7
2020,6.0,2020-07-12,Ivan,Soldo,Richmond,RK,2,36,1,9,0,1,4,0,88,7
2020,6.0,2020-07-12,Shai,Bolton,Richmond,C,3,338,2,13,6,1,3,0,64,9
2020,6.0,2020-07-12,Jack,Graham,Richmond,INT,6,404,2,19,4,0,2,0,81,13
2020,6.0,2020-07-12,Jack,Higgins,Richmond,INT,2,202,0,21,5,0,3,1,84,16
2020,6.0,2020-07-12,Ryley,Stoddart,Sydney,INT,0,87,2,9,2,0,4,1,70,7
2020,6.0,2020-07-12,Colin,O'Riordan,Sydney,INT,0,241,4,9,5,0,4,0,50,6
2020,6.0,2020-07-12,Liam,Baker,Richmond,HBFR,1,255,4,8,3,0,4,0,77,13
2020,6.0,2020-07-12,Noah,Balta,Richmond,BPR,0,115,1,7,0,0,0,0,83,5
2020,6.0,2020-07-12,Nick,Blakey,Sydney,FF,4,267,1,14,4,0,2,0,33,3
2020,6.0,2020-07-12,James,Rowbottom,Sydney,R,1,170,3,23,3,1,5,0,73,11
2020,6.0,2020-07-12,Derek,Eggmolesse-Smith,Richmond,INT,3,150,7,7,2,0,5,0,90,9
2020,6.0,2020-07-12,Hayden,McLean,Sydney,RK,2,170,2,13,4,0,3,0,55,6
2020,6.0,2020-07-12,Marlion,Pickett,Richmond,RR,2,209,2,9,2,1,5,0,55,6
2020,6.0,2020-07-12,Jake,Aarts,Richmond,HFFL,1,132,1,16,4,0,1,1,67,4
2020,6.0,2020-07-12,Dylan,Stephens,Sydney,FPL,2,209,2,18,5,0,1,0,64,7
2020,6.0,2020-07-12,Chad,Warner,Sydney,HFFL,1,114,1,14,1,0,3,0,75,6
2020,6.0,2020-07-12,Kade,Simpson,Carlton,BPR,1,334,5,7,5,0,6,0,65,11
2020,6.0,2020-07-12,Eddie,Betts,Carlton,FPL,10,276,3,11,3,0,4,1,79,11
2020,6.0,2020-07-12,Marc,Murphy,Carlton,WR,4,241,1,15,5,0,2,0,54,7
2020,6.0,2020-07-12,Easton,Wood,Western Bulldogs,HBFR,1,79,4,6,0,0,1,0,88,7
2020,6.0,2020-07-12,Liam,Jones,Carlton,FB,0,120,7,3,2,0,4,0,78,7
2020,6.0,2020-07-12,Ed,Curnow,Carlton,R,6,308,2,18,2,5,6,1,63,12
2020,6.0,2020-07-12,Tom,Liberatore,Western Bulldogs,RR,3,297,1,20,6,4,8,0,82,18
2020,6.0,2020-07-12,Mitch,Wallis,Western Bulldogs,FPL,2,52,1,18,2,0,1,4,86,6
2020,6.0,2020-07-12,Jack,Newnes,Carlton,WL,5,196,2,6,3,0,4,1,64,9
2020,6.0,2020-07-12,Josh,Bruce,Western Bulldogs,FF,2,108,0,6,1,0,3,1,100,6
2020,6.0,2020-07-12,Levi,Casboult,Carlton,CHF,7,155,3,5,2,0,2,0,50,5
2020,6.0,2020-07-12,Jason,Johannisen,Western Bulldogs,HBFL,2,192,6,12,5,0,5,0,69,9
2020,6.0,2020-07-12,Lachie,Plowman,Carlton,BPL,1,136,4,15,3,0,5,0,70,7
2020,6.0,2020-07-12,Jack,Macrae,Western Bulldogs,WR,4,410,7,10,3,2,8,0,85,22
2020,6.0,2020-07-12,Sam,Docherty,Carlton,HBFL,1,325,2,5,3,0,2,0,73,11
2020,6.0,2020-07-12,Lachie,Hunter,Western Bulldogs,INT,8,475,3,13,1,0,2,3,74,20
2020,6.0,2020-07-12,Jack,Martin,Carlton,HFFL,9,80,3,15,1,0,8,1,85,11
2020,6.0,2020-07-12,Patrick,Cripps,Carlton,C,3,198,0,27,1,6,3,0,77,10
2020,6.0,2020-07-12,Marcus,Bontempelli,Western Bulldogs,C,5,277,3,23,5,2,7,1,55,12
2020,6.0,2020-07-12,Bailey,Dale,Western Bulldogs,HFFL,1,23,0,14,0,0,1,2,67,4
2020,6.0,2020-07-12,Toby,McLean,Western Bulldogs,INT,3,152,0,15,3,1,3,0,62,8
2020,6.0,2020-07-12,Caleb,Daniel,Western Bulldogs,BPR,2,241,5,16,2,0,5,0,86,12
2020,6.0,2020-07-12,Zaine,Cordy,Western Bulldogs,CHB,0,148,6,5,1,0,1,0,86,6
2020,6.0,2020-07-12,Jacob,Weitering,Carlton,CHB,0,110,2,7,2,0,2,0,67,4
2020,6.0,2020-07-12,Mitch,McGovern,Carlton,FPR,6,235,0,9,1,0,2,1,83,10
2020,6.0,2020-07-12,Josh,Schache,Western Bulldogs,CHF,1,21,0,4,1,0,1,0,50,1
2020,6.0,2020-07-12,Marc,Pittonet,Carlton,RK,1,7,3,8,1,0,5,0,71,5
2020,6.0,2020-07-12,Bailey,Williams,Western Bulldogs,BPL,2,401,1,1,1,0,0,0,83,10
2020,6.0,2020-07-12,Matthew,Kennedy,Carlton,RR,6,319,4,16,6,1,9,0,70,14
2020,6.0,2020-07-12,David,Cuningham,Carlton,INT,5,196,1,13,0,0,3,0,75,6
2020,6.0,2020-07-12,Sam,Petrevski-Seton,Carlton,HBFR,2,305,6,12,3,0,6,0,79,15
2020,6.0,2020-07-12,Thomas,Williamson,Carlton,INT,0,213,2,8,0,0,1,0,90,9
2020,6.0,2020-07-12,Tim,English,Western Bulldogs,RK,2,201,2,12,2,1,4,0,77,13
2020,6.0,2020-07-12,Alex,Keath,Western Bulldogs,FB,0,109,8,6,4,0,1,0,64,7
2020,6.0,2020-07-12,Will,Setterfield,Carlton,INT,4,213,2,23,4,0,6,0,55,11
2020,6.0,2020-07-12,Harry,McKay,Carlton,FF,3,194,1,13,5,0,2,1,67,6
2020,6.0,2020-07-12,Patrick,Lipinski,Western Bulldogs,HFFR,3,186,1,12,3,0,4,1,64,9
2020,6.0,2020-07-12,Ed,Richards,Western Bulldogs,WL,3,305,2,8,2,0,5,2,64,9
2020,6.0,2020-07-12,Michael,Gibbons,Carlton,HFFR,8,302,1,19,3,0,6,1,67,10
2020,6.0,2020-07-12,Sam,Walsh,Carlton,INT,3,410,7,16,7,0,10,0,59,13
2020,6.0,2020-07-12,Bailey,Smith,Western Bulldogs,R,6,184,6,15,3,1,8,0,65,17
2020,6.0,2020-07-12,Rhylee,West,Western Bulldogs,FPR,2,148,0,11,4,0,2,2,67,6
2020,6.0,2020-07-12,Laitham,Vandermeer,Western Bulldogs,INT,5,218,0,11,6,0,3,0,64,9
2020,6.0,2020-07-12,Louis,Butler,Western Bulldogs,INT,4,366,6,8,6,0,4,0,56,9
2020,7.0,2020-07-16,Gary,Ablett,Geelong,HFFL,2,372,3,9,2,0,11,0,53,10
2020,7.0,2020-07-16,Scott,Pendlebury,Collingwood,C,4,463,5,6,5,2,10,0,56,14
2020,7.0,2020-07-16,Joel,Selwood,Geelong,RR,0,4,0,8,0,0,0,0,0,0
2020,7.0,2020-07-16,Tom,Hawkins,Geelong,FF,4,150,0,13,3,0,4,1,64,7
2020,7.0,2020-07-16,Travis,Varcoe,Collingwood,BPR,1,117,3,12,3,0,2,0,82,9
2020,7.0,2020-07-16,Chris,Mayne,Collingwood,WR,3,114,3,21,1,0,4,1,63,10
2020,7.0,2020-07-16,Harry,Taylor,Geelong,CHB,1,64,6,8,1,0,1,0,57,4
2020,7.0,2020-07-16,Patrick,Dangerfield,Geelong,C,5,603,7,17,5,3,10,0,53,17
2020,7.0,2020-07-16,Jack,Steven,Geelong,INT,0,303,0,23,7,0,2,4,69,11
2020,7.0,2020-07-16,Jordan,Roughead,Collingwood,FB,0,152,3,7,2,0,2,0,88,7
2020,7.0,2020-07-16,Gary,Rohan,Geelong,HFFR,4,170,0,10,2,0,4,1,71,5
2020,7.0,2020-07-16,Cameron,Guthrie,Geelong,R,2,356,1,19,6,0,9,1,64,18
2020,7.0,2020-07-16,Zach,Tuohy,Geelong,WR,3,539,4,1,5,0,4,0,71,12
2020,7.0,2020-07-16,Luke,Dahlhaus,Geelong,FPR,1,137,1,11,0,0,7,0,71,10
2020,7.0,2020-07-16,Will,Hoskin-Elliott,Collingwood,FF,4,153,2,6,1,0,4,0,64,7
2020,7.0,2020-07-16,Adam,Treloar,Collingwood,R,5,582,4,22,6,1,13,0,65,22
2020,7.0,2020-07-16,Jack,Crisp,Collingwood,BPL,3,466,4,18,1,1,4,0,95,19
2020,7.0,2020-07-16,Taylor,Adams,Collingwood,RR,4,184,1,20,7,0,7,0,67,14
2020,7.0,2020-07-16,Jamie,Elliott,Collingwood,FPR,3,287,2,24,5,2,2,0,50,6
2020,7.0,2020-07-16,Mark,Blicavs,Geelong,FB,0,139,4,12,2,0,3,0,67,6
2020,7.0,2020-07-16,Brodie,Grundy,Collingwood,RK,3,187,3,8,2,1,3,1,82,14
2020,7.0,2020-07-16,Jed,Bews,Geelong,HBFR,0,151,5,11,0,0,4,0,75,6
2020,7.0,2020-07-16,Jordan,De Goey,Collingwood,FPL,8,318,1,5,2,0,8,0,53,9
2020,7.0,2020-07-16,Jake,Kolodjashnij,Geelong,BPL,0,102,5,2,0,0,2,0,70,7
2020,7.0,2020-07-16,Brayden,Maynard,Collingwood,HBFL,2,229,4,8,2,0,5,0,69,9
2020,7.0,2020-07-16,Darcy,Moore,Collingwood,CHB,3,118,5,7,2,0,4,0,77,10
2020,7.0,2020-07-16,Tom,Phillips,Collingwood,WL,2,526,4,13,7,0,4,1,62,13
2020,7.0,2020-07-16,Sam,Menegola,Geelong,INT,1,228,4,16,4,0,9,0,63,12
2020,7.0,2020-07-16,Rupert,Wills,Collingwood,INT,0,107,0,15,3,2,4,1,46,6
2020,7.0,2020-07-16,Brandan,Parfitt,Geelong,WL,2,182,4,22,1,0,5,0,58,7
2020,7.0,2020-07-16,Mark,O'Connor,Geelong,HBFL,1,152,5,16,6,0,3,0,73,8
2020,7.0,2020-07-16,Callum L.,Brown,Collingwood,HFFR,3,105,2,23,3,0,7,1,67,8
2020,7.0,2020-07-16,Sam,Simpson,Geelong,INT,1,176,2,22,3,0,2,0,75,9
2020,7.0,2020-07-16,Josh,Daicos,Collingwood,INT,4,197,1,9,1,0,4,0,57,8
2020,7.0,2020-07-16,Jaidyn,Stephenson,Collingwood,HFFL,2,178,1,8,3,0,2,0,50,5
2020,7.0,2020-07-16,Esava,Ratugolea,Geelong,CHF,1,104,0,11,1,1,3,0,71,5
2020,7.0,2020-07-16,Jack,Henry,Geelong,BPR,1,95,4,9,0,0,4,0,78,7
2020,7.0,2020-07-16,Brody,Mihocek,Collingwood,CHF,4,128,0,9,2,0,2,0,71,5
2020,7.0,2020-07-16,Jordan,Clark,Geelong,INT,3,227,0,3,2,0,3,0,67,8
2020,7.0,2020-07-16,Gryan,Miers,Geelong,FPL,1,160,2,29,4,0,3,0,64,9
2020,7.0,2020-07-16,Darcy,Fort,Geelong,RK,1,137,2,11,3,2,0,0,75,6
2020,7.0,2020-07-16,Isaac,Quaynor,Collingwood,INT,2,114,7,14,0,0,4,0,82,9
2020,7.0,2020-07-16,John,Noble,Collingwood,HBFR,3,130,2,10,1,0,4,1,73,11
2020,7.0,2020-07-16,Atu,Bosenavulagi,Collingwood,INT,1,53,1,13,0,0,0,2,67,2
2020,7.0,2020-07-17,Cale,Hooker,Essendon,FB,2,189,6,3,3,0,3,0,75,9
2020,7.0,2020-07-17,Matthew,Suckling,Western Bulldogs,INT,7,425,0,5,1,0,1,0,69,9
2020,7.0,2020-07-17,Michael,Hurley,Essendon,BPL,0,401,3,2,3,0,0,0,78,14
2020,7.0,2020-07-17,David,Zaharakis,Essendon,HBFR,6,168,2,11,6,0,4,1,80,16
2020,7.0,2020-07-17,Shaun,McKernan,Essendon,FF,5,112,1,8,1,1,2,0,25,2
2020,7.0,2020-07-17,Easton,Wood,Western Bulldogs,CHB,0,138,1,8,1,0,0,0,60,3
2020,7.0,2020-07-17,Tom,Liberatore,Western Bulldogs,RR,8,167,2,20,3,3,9,2,73,16
2020,7.0,2020-07-17,Mitch,Wallis,Western Bulldogs,FPL,5,235,0,5,4,0,5,0,70,7
2020,7.0,2020-07-17,Devon,Smith,Essendon,INT,5,266,2,27,1,2,2,1,73,11
2020,7.0,2020-07-17,Jacob,Townsend,Essendon,FPR,2,19,0,12,1,0,0,2,75,3
2020,7.0,2020-07-17,Josh,Bruce,Western Bulldogs,FF,6,160,1,5,2,0,3,0,75,12
2020,7.0,2020-07-17,Andrew,Phillips,Essendon,RK,3,140,2,3,4,1,1,0,50,5
2020,7.0,2020-07-17,Hayden,Crozier,Western Bulldogs,HBFR,1,179,4,13,3,0,4,0,67,8
2020,7.0,2020-07-17,Jason,Johannisen,Western Bulldogs,INT,5,256,6,11,1,0,5,0,79,11
2020,7.0,2020-07-17,Jack,Macrae,Western Bulldogs,WL,8,396,3,19,5,2,9,0,69,20
2020,7.0,2020-07-17,Lachie,Hunter,Western Bulldogs,INT,5,251,5,16,4,0,5,0,81,21
2020,7.0,2020-07-17,Zach,Merrett,Essendon,R,4,281,0,19,3,3,6,0,80,16
2020,7.0,2020-07-17,Marcus,Bontempelli,Western Bulldogs,C,7,371,1,12,2,4,4,0,65,15
2020,7.0,2020-07-17,Orazio,Fantasia,Essendon,HFFR,2,180,2,9,0,0,3,0,89,8
2020,7.0,2020-07-17,Adam,Saad,Essendon,HBFL,6,429,7,5,3,0,6,0,87,20
2020,7.0,2020-07-17,Kyle,Langford,Essendon,RR,4,200,6,9,3,1,5,0,79,15
2020,7.0,2020-07-17,Bailey,Dale,Western Bulldogs,HFFL,2,96,1,5,3,0,2,0,60,3
2020,7.0,2020-07-17,Caleb,Daniel,Western Bulldogs,BPR,4,373,5,17,4,0,2,0,75,15
2020,7.0,2020-07-17,Jayden,Laverde,Essendon,INT,4,181,2,9,5,0,1,2,67,8
2020,7.0,2020-07-17,Zaine,Cordy,Western Bulldogs,CHF,1,168,0,7,1,0,0,0,100,5
2020,7.0,2020-07-17,Conor,McKenna,Essendon,INT,2,333,6,7,3,0,4,0,84,16
2020,7.0,2020-07-17,Anthony,McDonald-Tipungwuti,Essendon,FPL,5,106,0,13,0,0,1,0,83,5
2020,7.0,2020-07-17,Darcy,Parish,Essendon,WR,4,304,3,19,5,1,6,1,68,15
2020,7.0,2020-07-17,Mason,Redman,Essendon,BPR,0,210,2,7,3,0,0,0,83,10
2020,7.0,2020-07-17,Bailey,Williams,Western Bulldogs,BPL,3,468,8,4,5,0,6,0,53,9
2020,7.0,2020-07-17,Will,Snelling,Essendon,CHF,3,27,1,14,0,0,5,0,89,8
2020,7.0,2020-07-17,Andrew,McGrath,Essendon,C,2,277,0,12,5,4,8,1,50,12
2020,7.0,2020-07-17,Mitchell,Hibberd,Essendon,INT,3,169,2,10,0,0,1,0,63,5
2020,7.0,2020-07-17,Tim,English,Western Bulldogs,RK,8,179,4,12,0,2,10,0,77,17
2020,7.0,2020-07-17,Alex,Keath,Western Bulldogs,FB,1,137,1,2,2,0,1,0,88,7
2020,7.0,2020-07-17,Patrick,Lipinski,Western Bulldogs,WR,4,280,5,19,1,0,6,2,71,10
2020,7.0,2020-07-17,Ed,Richards,Western Bulldogs,INT,4,173,2,9,2,0,4,1,64,7
2020,7.0,2020-07-17,Jordan,Ridley,Essendon,CHB,3,204,6,11,0,0,2,0,93,13
2020,7.0,2020-07-17,Bailey,Smith,Western Bulldogs,R,6,358,1,14,4,1,5,0,55,11
2020,7.0,2020-07-17,Brayden,Ham,Essendon,WL,5,205,0,13,1,0,1,0,75,9
2020,7.0,2020-07-17,Lachie,Young,Western Bulldogs,HBFL,2,122,3,13,3,0,4,0,57,4
2020,7.0,2020-07-17,Laitham,Vandermeer,Western Bulldogs,HFFR,5,213,0,10,1,0,2,1,71,5
2020,7.0,2020-07-17,Ned,Cahill,Essendon,HFFL,5,57,1,10,2,0,2,0,86,6
2020,7.0,2020-07-17,Cody,Weightman,Western Bulldogs,FPR,4,129,0,10,2,0,5,0,56,5
2020,7.0,2020-07-18,Heath,Shaw,Greater Western Sydney,BPR,1,209,3,3,2,1,2,0,78,7
2020,7.0,2020-07-18,Grant,Birchall,Brisbane Lions,CHB,5,437,3,6,3,0,1,0,78,14
2020,7.0,2020-07-18,Shane,Mumford,Greater Western Sydney,RK,2,-1,3,7,0,0,4,0,100,7
2020,7.0,2020-07-18,Stefan,Martin,Brisbane Lions,FPL,4,54,1,2,1,1,2,0,75,3
2020,7.0,2020-07-18,Mitch,Robinson,Brisbane Lions,WL,6,315,2,9,1,1,4,0,82,9
2020,7.0,2020-07-18,Daniel,Rich,Brisbane Lions,HBFL,1,364,3,5,1,0,1,0,75,12
2020,7.0,2020-07-18,Matt,de Boer,Greater Western Sydney,R,3,82,3,10,0,2,6,0,90,9
2020,7.0,2020-07-18,Phil,Davis,Greater Western Sydney,FB,0,0,4,8,0,0,2,0,57,4
2020,7.0,2020-07-18,Ryan,Lester,Brisbane Lions,BPL,0,84,3,2,1,0,1,0,88,7
2020,7.0,2020-07-18,Lachlan,Keeffe,Greater Western Sydney,CHB,0,162,3,5,1,0,2,0,67,4
2020,7.0,2020-07-18,Jeremy,Cameron,Greater Western Sydney,CHF,11,325,4,5,1,0,3,1,42,5
2020,7.0,2020-07-18,Stephen,Coniglio,Greater Western Sydney,C,6,301,3,11,2,5,9,0,74,20
2020,7.0,2020-07-18,Lachie,Neale,Brisbane Lions,R,3,230,2,18,3,2,6,1,65,13
2020,7.0,2020-07-18,Jarryd,Lyons,Brisbane Lions,RR,4,241,2,22,2,1,5,0,77,13
2020,7.0,2020-07-18,Dayne,Zorko,Brisbane Lions,C,5,524,1,13,3,1,5,1,78,14
2020,7.0,2020-07-18,Lincoln,McCarthy,Brisbane Lions,INT,3,166,0,11,1,0,1,1,78,7
2020,7.0,2020-07-18,Nick,Haynes,Greater Western Sydney,HBFR,1,265,5,4,1,0,1,0,75,9
2020,7.0,2020-07-18,Lachie,Whitfield,Greater Western Sydney,HBFL,4,399,4,8,5,0,3,0,88,21
2020,7.0,2020-07-18,Aidan,Corr,Greater Western Sydney,BPL,4,662,5,6,4,0,3,0,76,16
2020,7.0,2020-07-18,Josh,Kelly,Greater Western Sydney,WR,4,234,1,17,5,0,8,0,62,13
2020,7.0,2020-07-18,Darcy,Gardiner,Brisbane Lions,BPR,2,288,10,4,5,0,6,0,87,13
2020,7.0,2020-07-18,Charlie,Cameron,Brisbane Lions,FPR,6,239,1,6,5,0,4,0,58,7
2020,7.0,2020-07-18,Daniel,McStay,Brisbane Lions,FF,3,199,0,10,2,0,3,2,73,8
2020,7.0,2020-07-18,Harris,Andrews,Brisbane Lions,FB,3,122,10,8,2,0,3,0,93,13
2020,7.0,2020-07-18,Callum,Ah Chee,Brisbane Lions,INT,2,300,3,7,4,0,2,0,55,6
2020,7.0,2020-07-18,Jacob,Hopper,Greater Western Sydney,RR,4,160,3,14,3,3,9,0,63,12
2020,7.0,2020-07-18,Eric,Hipwood,Brisbane Lions,CHF,6,340,2,8,2,0,4,2,60,9
2020,7.0,2020-07-18,Harry,Himmelberg,Greater Western Sydney,FPL,5,143,1,6,1,0,1,1,75,6
2020,7.0,2020-07-18,Tim,Taranto,Greater Western Sydney,FPR,6,256,0,8,4,2,5,1,63,10
2020,7.0,2020-07-18,Jarrod,Berry,Brisbane Lions,HFFL,3,248,1,20,4,0,5,0,60,9
2020,7.0,2020-07-18,Hugh,McCluggage,Brisbane Lions,WR,5,383,3,10,4,0,4,1,71,12
2020,7.0,2020-07-18,Harry,Perryman,Greater Western Sydney,WL,1,208,4,5,5,0,2,0,75,12
2020,7.0,2020-07-18,Jeremy,Finlayson,Greater Western Sydney,FF,4,218,0,6,3,1,3,0,43,3
2020,7.0,2020-07-18,Cam,Rayner,Brisbane Lions,HFFR,3,132,0,16,2,1,1,1,63,5
2020,7.0,2020-07-18,Zac,Langdon,Greater Western Sydney,INT,2,52,1,14,1,0,3,1,40,2
2020,7.0,2020-07-18,Zac,Bailey,Brisbane Lions,INT,2,304,3,16,4,0,3,0,67,12
2020,7.0,2020-07-18,Oscar,McInerney,Brisbane Lions,RK,3,38,0,8,2,1,3,0,80,4
2020,7.0,2020-07-18,Brent,Daniels,Greater Western Sydney,HFFL,5,204,0,13,1,0,5,0,75,9
2020,7.0,2020-07-18,Brandon,Starcevich,Brisbane Lions,HBFR,2,123,4,10,1,0,5,0,89,8
2020,7.0,2020-07-18,Jackson,Hately,Greater Western Sydney,INT,1,284,0,7,3,0,1,0,77,10
2020,7.0,2020-07-18,Bobby,Hill,Greater Western Sydney,HFFR,2,48,2,5,4,0,2,0,80,4
2020,7.0,2020-07-18,Jye,Caldwell,Greater Western Sydney,INT,3,337,2,15,4,1,3,0,69,11
2020,7.0,2020-07-18,Thomas,Berry,Brisbane Lions,INT,1,101,2,10,1,0,3,0,75,6
2020,7.0,2020-07-18,Lachie,Ash,Greater Western Sydney,INT,0,293,3,8,5,1,4,0,71,10
2020,7.0,2020-07-18,Jarrod,Harbrow,Gold Coast,HBFR,2,255,5,6,4,0,3,0,67,12
2020,7.0,2020-07-18,Pearce,Hanley,Gold Coast,HBFL,5,486,4,5,3,0,3,0,54,7
2020,7.0,2020-07-18,David,Swallow,Gold Coast,RR,7,206,4,18,5,2,8,1,59,13
2020,7.0,2020-07-18,Sam,Day,Gold Coast,CHF,4,168,2,9,2,0,2,1,57,4
2020,7.0,2020-07-18,Luke,Parker,Sydney,C,3,488,5,26,7,6,9,2,67,18
2020,7.0,2020-07-18,Harry,Cunningham,Sydney,BPR,2,418,5,6,7,0,5,0,76,16
2020,7.0,2020-07-18,Brandon,Ellis,Gold Coast,WR,3,566,6,10,7,1,6,0,62,13
2020,7.0,2020-07-18,Alex,Sexton,Gold Coast,HFFR,3,126,0,7,2,0,6,0,64,7
2020,7.0,2020-07-18,Dane,Rampe,Sydney,FB,2,420,6,10,4,0,4,0,80,12
2020,7.0,2020-07-18,Callum,Sinclair,Sydney,RK,2,98,3,17,0,1,4,0,75,6
2020,7.0,2020-07-18,Jarrod,Witts,Gold Coast,RK,6,145,4,8,4,0,4,0,50,7
2020,7.0,2020-07-18,Jake,Lloyd,Sydney,WR,2,414,11,12,3,0,8,0,88,21
2020,7.0,2020-07-18,Nick,Holman,Gold Coast,WL,1,137,1,11,5,1,3,1,57,4
2020,7.0,2020-07-18,Touk,Miller,Gold Coast,R,7,334,3,15,1,3,7,0,75,15
2020,7.0,2020-07-18,Lachie,Weller,Gold Coast,INT,4,308,1,20,2,1,6,0,73,11
2020,7.0,2020-07-18,George,Hewett,Sydney,RR,2,47,1,12,4,1,10,0,72,13
2020,7.0,2020-07-18,Callum,Mills,Sydney,HBFR,2,359,6,7,3,0,7,0,71,15
2020,7.0,2020-07-18,Tom,Papley,Sydney,R,3,234,0,9,4,0,6,2,70,7
2020,7.0,2020-07-18,Aliir,Aliir,Sydney,CHB,5,118,0,8,2,0,2,0,100,7
2020,7.0,2020-07-18,Darcy,Macpherson,Gold Coast,INT,2,62,2,20,4,0,3,0,50,5
2020,7.0,2020-07-18,Sam,Collins,Gold Coast,FB,1,187,5,10,2,0,1,0,88,7
2020,7.0,2020-07-18,Ryan,Clarke,Sydney,HFFL,2,286,4,23,4,2,5,0,59,10
2020,7.0,2020-07-18,Oliver,Florent,Sydney,HFFR,2,232,0,13,4,0,4,0,56,5
2020,7.0,2020-07-18,Ben,Ainsworth,Gold Coast,FPR,6,182,2,18,4,0,7,1,60,9
2020,7.0,2020-07-18,Jack,Bowes,Gold Coast,HFFL,4,306,9,2,3,0,5,0,65,11
2020,7.0,2020-07-18,Robbie,Fox,Sydney,HBFL,3,91,2,10,2,0,2,0,75,6
2020,7.0,2020-07-18,Will,Hayward,Sydney,FPR,4,125,2,14,2,0,4,1,83,10
2020,7.0,2020-07-18,Jordan,Dawson,Sydney,FF,7,341,4,16,1,0,5,1,63,10
2020,7.0,2020-07-18,Hugh,Greenwood,Gold Coast,C,6,270,3,31,3,4,10,0,57,13
2020,7.0,2020-07-18,Charlie,Ballard,Gold Coast,CHB,1,264,7,7,3,0,2,0,92,11
2020,7.0,2020-07-18,Tom,McCartin,Sydney,CHF,2,101,0,8,4,0,1,1,56,5
2020,7.0,2020-07-18,Ryley,Stoddart,Sydney,INT,2,341,6,7,7,0,1,0,44,7
2020,7.0,2020-07-18,Wil,Powell,Gold Coast,INT,0,46,3,5,0,0,2,0,100,4
2020,7.0,2020-07-18,Colin,O'Riordan,Sydney,BPL,0,51,1,1,1,0,1,0,75,3
2020,7.0,2020-07-18,Nick,Blakey,Sydney,INT,0,117,2,9,2,0,2,1,75,3
2020,7.0,2020-07-18,Jack,Lukosius,Gold Coast,BPR,2,310,5,7,3,0,4,0,71,12
2020,7.0,2020-07-18,James,Rowbottom,Sydney,INT,3,262,3,17,1,0,6,0,80,12
2020,7.0,2020-07-18,Ben,King,Gold Coast,FF,3,68,0,7,0,0,1,0,67,2
2020,7.0,2020-07-18,Noah,Anderson,Gold Coast,INT,7,369,3,13,1,0,3,0,67,10
2020,7.0,2020-07-18,Connor,Budarick,Gold Coast,BPL,1,188,5,4,2,0,2,0,63,5
2020,7.0,2020-07-18,Izak,Rankine,Gold Coast,FPL,8,300,1,28,8,0,5,2,63,10
2020,7.0,2020-07-18,Dylan,Stephens,Sydney,WL,2,199,4,10,5,0,2,0,46,5
2020,7.0,2020-07-18,Chad,Warner,Sydney,INT,2,177,2,16,2,0,3,1,50,3
2020,7.0,2020-07-18,Elijah,Taylor,Sydney,FPL,3,103,1,12,3,0,2,0,44,4
2020,7.0,2020-07-18,Shaun,Higgins,North Melbourne,R,4,517,5,13,4,2,8,1,86,31
2020,7.0,2020-07-18,Jack,Riewoldt,Richmond,FPR,3,188,0,16,1,0,0,1,75,6
2020,7.0,2020-07-18,Todd,Goldstein,North Melbourne,RK,3,224,2,16,5,2,6,0,64,9
2020,7.0,2020-07-18,Jack,Ziebell,North Melbourne,FPR,0,0,0,1,0,0,0,0,0,0
2020,7.0,2020-07-18,Dustin,Martin,Richmond,FPL,7,231,0,19,4,0,4,2,88,14
2020,7.0,2020-07-18,Robbie,Tarrant,North Melbourne,CHB,1,256,2,7,2,0,2,0,89,16
2020,7.0,2020-07-18,Jamie,Macmillan,North Melbourne,INT,2,313,3,10,2,0,5,0,86,12
2020,7.0,2020-07-18,Dylan,Grimes,Richmond,FB,5,243,6,7,0,0,2,0,100,19
2020,7.0,2020-07-18,Jasper,Pittard,North Melbourne,HBFL,1,150,1,14,3,0,1,0,56,5
2020,7.0,2020-07-18,Shaun,Atley,North Melbourne,WR,0,141,3,12,2,0,6,0,73,11
2020,7.0,2020-07-18,Jared,Polec,North Melbourne,WL,3,302,2,11,5,3,4,0,61,14
2020,7.0,2020-07-18,Tom,Lynch,Richmond,FF,3,103,0,12,1,0,0,0,75,3
2020,7.0,2020-07-18,Josh,Caddy,Richmond,WR,1,49,1,1,1,0,0,0,80,4
2020,7.0,2020-07-18,Aaron,Hall,North Melbourne,INT,5,314,3,16,3,1,6,0,73,16
2020,7.0,2020-07-18,Marley,Williams,North Melbourne,BPR,2,387,7,10,3,0,5,0,90,18
2020,7.0,2020-07-18,Josh,Walker,North Melbourne,HBFR,5,168,0,5,3,0,4,0,50,7
2020,7.0,2020-07-18,Nick,Vlastuin,Richmond,CHB,3,296,11,6,3,0,3,0,88,14
2020,7.0,2020-07-18,Luke,McDonald,North Melbourne,HFFL,4,172,3,13,1,0,3,0,69,9
2020,7.0,2020-07-18,Ben,Brown,North Melbourne,FF,4,58,1,11,3,0,3,1,38,3
2020,7.0,2020-07-18,Mason,Wood,North Melbourne,INT,1,11,0,12,1,0,2,1,67,6
2020,7.0,2020-07-18,Kamdyn,McIntosh,Richmond,WL,1,32,1,13,0,0,0,0,86,6
2020,7.0,2020-07-18,Kane,Lambert,Richmond,R,6,279,1,20,1,1,3,1,84,16
2020,7.0,2020-07-18,Trent,Dumont,North Melbourne,RR,2,303,3,18,3,1,8,0,80,20
2020,7.0,2020-07-18,Daniel,Rioli,Richmond,INT,4,159,1,24,3,0,6,2,55,6
2020,7.0,2020-07-18,Jayden,Short,Richmond,HBFL,5,593,1,11,1,0,1,0,81,17
2020,7.0,2020-07-18,Jason,Castagna,Richmond,HFFR,8,386,6,17,4,0,4,0,78,14
2020,7.0,2020-07-18,Nathan,Broad,Richmond,BPL,1,326,1,4,1,0,0,0,87,13
2020,7.0,2020-07-18,Mabior,Chol,Richmond,INT,4,149,1,6,2,0,3,2,44,4
2020,7.0,2020-07-18,Jy,Simpkin,North Melbourne,C,3,188,2,8,1,0,7,0,57,8
2020,7.0,2020-07-18,Ivan,Soldo,Richmond,RK,5,37,1,15,1,1,1,1,88,7
2020,7.0,2020-07-18,Shai,Bolton,Richmond,C,7,491,2,16,5,3,5,0,84,16
2020,7.0,2020-07-18,Jack,Graham,Richmond,INT,5,139,4,31,3,0,8,1,79,11
2020,7.0,2020-07-18,Ben,McKay,North Melbourne,FB,1,53,2,5,0,0,0,0,60,3
2020,7.0,2020-07-18,Jack,Higgins,Richmond,CHF,4,147,4,14,4,1,7,0,79,15
2020,7.0,2020-07-18,Liam,Baker,Richmond,INT,2,90,3,9,0,0,4,0,93,14
2020,7.0,2020-07-18,Aiden,Bonar,North Melbourne,INT,2,110,2,9,4,0,2,0,64,7
2020,7.0,2020-07-18,Noah,Balta,Richmond,BPR,0,175,4,5,4,0,3,0,60,6
2020,7.0,2020-07-18,Bailey,Scott,North Melbourne,FPL,2,61,1,25,2,0,3,0,88,7
2020,7.0,2020-07-18,Curtis,Taylor,North Melbourne,CHF,4,299,1,15,5,0,3,1,72,13
2020,7.0,2020-07-18,Kyron,Hayden,North Melbourne,BPL,0,55,0,1,2,0,0,0,50,2
2020,7.0,2020-07-18,Derek,Eggmolesse-Smith,Richmond,HBFR,4,471,4,7,2,0,2,0,83,19
2020,7.0,2020-07-18,Marlion,Pickett,Richmond,RR,4,144,3,16,3,0,2,0,56,9
2020,7.0,2020-07-18,Jack,Mahony,North Melbourne,HFFR,2,74,1,12,2,0,4,0,75,6
2020,7.0,2020-07-18,Jake,Aarts,Richmond,HFFL,8,141,1,10,0,0,4,0,50,4
2020,7.0,2020-07-19,Kade,Simpson,Carlton,BPL,1,179,7,7,4,0,4,0,88,15
2020,7.0,2020-07-19,Eddie,Betts,Carlton,HFFR,4,101,1,11,1,0,2,2,67,4
2020,7.0,2020-07-19,Marc,Murphy,Carlton,WL,5,249,1,13,2,0,3,0,80,12
2020,7.0,2020-07-19,Robbie,Gray,Port Adelaide,FPR,7,235,0,10,7,0,5,0,63,10
2020,7.0,2020-07-19,Justin,Westhoff,Port Adelaide,INT,1,-16,2,9,0,0,0,0,100,3
2020,7.0,2020-07-19,Travis,Boak,Port Adelaide,R,5,273,0,22,4,4,7,0,61,11
2020,7.0,2020-07-19,Hamish,Hartlett,Port Adelaide,HBFL,5,333,5,10,3,0,2,0,100,14
2020,7.0,2020-07-19,Steven,Motlop,Port Adelaide,HFFL,4,168,0,3,1,0,1,0,100,6
2020,7.0,2020-07-19,Liam,Jones,Carlton,HBFR,2,167,6,3,1,0,3,0,75,6
2020,7.0,2020-07-19,Ed,Curnow,Carlton,R,4,123,2,17,5,1,8,0,60,12
2020,7.0,2020-07-19,Charlie,Dixon,Port Adelaide,FF,10,238,0,1,2,0,1,0,60,9
2020,7.0,2020-07-19,Trent,McKenzie,Port Adelaide,FB,1,370,7,4,4,0,2,0,92,12
2020,7.0,2020-07-19,Tom,Jonas,Port Adelaide,CHB,5,213,11,5,3,0,6,0,75,15
2020,7.0,2020-07-19,Jack,Newnes,Carlton,INT,3,169,5,4,1,0,6,0,77,10
2020,7.0,2020-07-19,Levi,Casboult,Carlton,FPR,4,168,0,7,4,0,2,0,63,5
2020,7.0,2020-07-19,Lachie,Plowman,Carlton,FB,1,232,7,7,1,0,2,0,75,9
2020,7.0,2020-07-19,Ollie,Wines,Port Adelaide,INT,7,315,3,18,5,1,6,0,75,15
2020,7.0,2020-07-19,Sam,Mayes,Port Adelaide,INT,4,347,3,12,3,1,5,0,88,15
2020,7.0,2020-07-19,Sam,Docherty,Carlton,BPR,2,364,3,6,5,0,2,0,83,15
2020,7.0,2020-07-19,Jack,Martin,Carlton,RR,4,304,0,15,1,1,3,1,67,8
2020,7.0,2020-07-19,Tom,Clurey,Port Adelaide,BPR,2,56,7,3,2,0,2,0,92,11
2020,7.0,2020-07-19,Patrick,Cripps,Carlton,C,1,186,4,14,6,2,9,0,62,13
2020,7.0,2020-07-19,Karl,Amon,Port Adelaide,WR,4,156,3,8,2,0,2,0,50,5
2020,7.0,2020-07-19,Jacob,Weitering,Carlton,CHB,3,224,7,0,3,0,4,0,79,11
2020,7.0,2020-07-19,Mitch,McGovern,Carlton,FF,5,258,1,14,3,0,2,1,78,7
2020,7.0,2020-07-19,Marc,Pittonet,Carlton,RK,2,38,1,13,2,1,2,0,33,1
2020,7.0,2020-07-19,Darcy,Byrne-Jones,Port Adelaide,HBFR,4,228,3,12,1,2,4,0,75,12
2020,7.0,2020-07-19,Matthew,Kennedy,Carlton,WR,0,272,3,14,5,1,4,0,53,8
2020,7.0,2020-07-19,David,Cuningham,Carlton,INT,3,161,1,17,2,0,2,1,56,5
2020,7.0,2020-07-19,Ryan,Burton,Port Adelaide,BPL,4,305,4,4,2,0,1,0,85,17
2020,7.0,2020-07-19,Sam,Petrevski-Seton,Carlton,HBFL,2,142,2,6,0,0,3,0,100,10
2020,7.0,2020-07-19,Dan,Houston,Port Adelaide,RR,5,286,4,19,3,0,5,0,60,9
2020,7.0,2020-07-19,Sam,Powell-Pepper,Port Adelaide,C,2,107,1,17,1,0,4,0,75,9
2020,7.0,2020-07-19,Thomas,Williamson,Carlton,INT,1,212,1,2,1,0,0,0,100,6
2020,7.0,2020-07-19,Will,Setterfield,Carlton,INT,2,183,3,24,5,0,5,1,77,10
2020,7.0,2020-07-19,Harry,McKay,Carlton,CHF,3,148,0,4,4,0,3,0,71,5
2020,7.0,2020-07-19,Todd,Marshall,Port Adelaide,CHF,6,253,3,6,1,1,6,2,80,12
2020,7.0,2020-07-19,Kane,Farrell,Port Adelaide,INT,5,205,1,9,1,0,1,0,100,11
2020,7.0,2020-07-19,Michael,Gibbons,Carlton,HFFL,5,348,1,25,2,3,4,1,57,8
2020,7.0,2020-07-19,Sam,Walsh,Carlton,FPL,5,301,4,14,4,0,6,2,69,11
2020,7.0,2020-07-19,Zak,Butters,Port Adelaide,FPL,6,258,3,15,6,0,4,1,60,9
2020,7.0,2020-07-19,Xavier,Duursma,Port Adelaide,WL,2,166,1,15,3,0,2,2,78,7
2020,7.0,2020-07-19,Connor,Rozee,Port Adelaide,HFFR,1,119,0,12,1,0,2,1,50,4
2020,7.0,2020-07-19,Peter,Ladhams,Port Adelaide,RK,5,132,1,7,5,2,4,0,76,16
2020,7.0,2020-07-19,Shaun,Burgoyne,Hawthorn,FPR,4,73,2,14,3,0,6,1,60,6
2020,7.0,2020-07-19,James,Frawley,Hawthorn,FB,1,132,3,4,0,0,3,0,78,7
2020,7.0,2020-07-19,Ben,McEvoy,Hawthorn,CHB,1,0,2,11,2,2,2,0,67,4
2020,7.0,2020-07-19,Neville,Jetta,Melbourne,BPL,1,69,3,7,1,0,3,0,86,6
2020,7.0,2020-07-19,Liam,Shiels,Hawthorn,INT,2,137,2,11,1,0,6,0,88,14
2020,7.0,2020-07-19,Tom,Scully,Hawthorn,WL,3,223,2,12,2,0,2,0,54,7
2020,7.0,2020-07-19,Jake,Melksham,Melbourne,FF,4,267,1,11,1,0,1,0,89,8
2020,7.0,2020-07-19,Ben,Stratton,Hawthorn,BPR,1,43,2,7,1,0,1,0,100,6
2020,7.0,2020-07-19,Ricky,Henderson,Hawthorn,FPL,1,334,3,9,3,1,6,0,78,18
2020,7.0,2020-07-19,Jack,Gunston,Hawthorn,FF,5,269,0,14,0,0,0,0,86,6
2020,7.0,2020-07-19,Harley,Bennell,Melbourne,FPR,4,211,0,7,1,0,3,0,82,9
2020,7.0,2020-07-19,Michael,Hibberd,Melbourne,HBFR,2,267,4,6,1,0,4,0,75,12
2020,7.0,2020-07-19,Steven,May,Melbourne,CHB,3,380,5,4,4,0,2,0,84,16
2020,7.0,2020-07-19,Isaac,Smith,Hawthorn,WR,3,286,2,13,2,0,1,0,93,13
2020,7.0,2020-07-19,Max,Gawn,Melbourne,RK,7,330,8,3,4,2,4,0,77,17
2020,7.0,2020-07-19,Chad,Wingard,Hawthorn,HFFR,4,100,1,16,1,0,4,0,70,7
2020,7.0,2020-07-19,Sam,Frost,Hawthorn,BPL,2,176,9,8,1,0,2,0,83,10
2020,7.0,2020-07-19,Jaeger,O'Meara,Hawthorn,C,2,235,1,16,7,1,4,1,68,13
2020,7.0,2020-07-19,Jack,Viney,Melbourne,R,7,267,0,26,3,4,5,2,79,15
2020,7.0,2020-07-19,Tom,Mitchell,Hawthorn,R,5,230,2,18,2,0,3,0,85,17
2020,7.0,2020-07-19,Darren,Minchington,Hawthorn,INT,4,102,4,17,2,1,7,0,62,8
2020,7.0,2020-07-19,Tim,O'Brien,Hawthorn,CHF,0,6,0,3,0,0,0,0,100,1
2020,7.0,2020-07-19,Christian,Salem,Melbourne,HBFL,6,187,3,9,3,0,1,0,77,13
2020,7.0,2020-07-19,Angus,Brayshaw,Melbourne,FPL,6,283,4,11,5,2,6,0,63,10
2020,7.0,2020-07-19,Aaron,vandenBerg,Melbourne,INT,3,244,0,16,4,0,1,1,54,7
2020,7.0,2020-07-19,James,Sicily,Hawthorn,HBFR,2,557,10,9,5,0,6,0,92,22
2020,7.0,2020-07-19,Jake,Lever,Melbourne,FB,0,89,5,12,3,0,1,0,100,10
2020,7.0,2020-07-19,James,Harmes,Melbourne,INT,6,285,0,20,5,0,2,1,60,9
2020,7.0,2020-07-19,Ed,Langdon,Melbourne,WL,3,253,3,13,2,1,6,1,82,14
2020,7.0,2020-07-19,Oscar,McDonald,Melbourne,BPR,2,141,6,6,0,0,1,0,91,10
2020,7.0,2020-07-19,Clayton,Oliver,Melbourne,C,4,505,3,16,7,4,7,1,69,20
2020,7.0,2020-07-19,Christian,Petracca,Melbourne,RR,14,431,5,10,4,1,11,0,79,23
2020,7.0,2020-07-19,Blake,Hardwick,Hawthorn,HFFL,2,277,4,9,3,0,4,0,94,15
2020,7.0,2020-07-19,Sam,Weideman,Melbourne,CHF,9,173,0,4,1,0,1,0,70,7
2020,7.0,2020-07-19,Mitch,Hannan,Melbourne,INT,5,141,1,9,1,1,4,2,82,9
2020,7.0,2020-07-19,Harry,Morrison,Hawthorn,HBFL,2,147,3,7,1,0,3,0,100,13
2020,7.0,2020-07-19,Bayley,Fritsch,Melbourne,HFFR,7,152,0,1,0,0,0,1,78,7
2020,7.0,2020-07-19,James,Worpel,Hawthorn,RR,2,222,0,17,7,1,2,1,64,9
2020,7.0,2020-07-19,Mitch,Lewis,Hawthorn,RK,2,158,0,5,2,1,4,0,63,5
2020,7.0,2020-07-19,Jay,Lockhart,Melbourne,INT,4,53,2,7,1,0,2,0,100,6
2020,7.0,2020-07-19,Kysaiah,Pickett,Melbourne,HFFL,4,153,1,19,1,0,3,0,67,4
2020,7.0,2020-07-19,Luke,Jackson,Melbourne,WR,4,139,0,13,5,1,2,2,79,11
2020,7.0,2020-07-19,Will,Day,Hawthorn,INT,3,332,4,11,8,0,1,0,74,14
2020,7.0,2020-07-19,Josh,Morris,Hawthorn,INT,2,84,2,13,1,0,3,0,67,6
2020,7.0,2020-07-19,David,Mundy,Fremantle,RR,0,79,2,11,3,0,5,0,57,8
2020,7.0,2020-07-19,Shannon,Hurn,West Coast,HBFR,1,198,2,6,1,0,1,0,88,15
2020,7.0,2020-07-19,Josh J.,Kennedy,West Coast,FF,8,238,0,6,0,0,1,0,46,5
2020,7.0,2020-07-19,Stephen,Hill,Fremantle,HBFL,1,266,3,6,3,0,4,0,64,9
2020,7.0,2020-07-19,Michael,Walters,Fremantle,FPR,4,245,1,22,5,2,3,0,78,14
2020,7.0,2020-07-19,Nic,Naitanui,West Coast,RK,1,162,0,10,1,3,1,0,89,8
2020,7.0,2020-07-19,Jack,Redden,West Coast,R,5,127,4,14,2,0,6,0,86,18
2020,7.0,2020-07-19,Travis,Colyer,Fremantle,FPL,1,214,1,15,0,0,1,0,57,4
2020,7.0,2020-07-19,Brad,Sheppard,West Coast,BPR,2,311,3,2,2,0,0,0,100,23
2020,7.0,2020-07-19,Jack,Darling,West Coast,CHF,2,147,0,9,3,0,2,2,75,6
2020,7.0,2020-07-19,Andrew,Gaff,West Coast,WL,2,477,3,16,8,0,5,0,71,17
2020,7.0,2020-07-19,Jamie,Cripps,West Coast,FPR,4,127,0,25,1,0,2,2,56,5
2020,7.0,2020-07-19,Nathan,Wilson,Fremantle,HBFR,0,323,5,2,3,0,4,0,86,12
2020,7.0,2020-07-19,Elliot,Yeo,West Coast,RR,2,185,3,22,3,3,11,3,75,15
2020,7.0,2020-07-19,Matt,Taberner,Fremantle,FF,3,199,0,7,4,0,2,0,50,7
2020,7.0,2020-07-19,James,Aish,Fremantle,BPL,0,226,4,9,5,1,5,0,83,15
2020,7.0,2020-07-19,Dom,Sheed,West Coast,WR,4,188,3,15,2,1,5,0,67,12
2020,7.0,2020-07-19,Jeremy,McGovern,West Coast,CHB,2,164,6,4,4,0,2,0,86,12
2020,7.0,2020-07-19,Blake,Acres,Fremantle,WR,2,105,1,14,1,1,5,0,100,17
2020,7.0,2020-07-19,Rory,Lobb,Fremantle,CHF,3,177,1,8,4,0,4,1,40,4
2020,7.0,2020-07-19,Jackson,Nelson,West Coast,HBFL,2,190,5,8,2,0,6,0,83,19
2020,7.0,2020-07-19,Liam,Duggan,West Coast,BPL,1,388,5,10,3,0,2,0,74,14
2020,7.0,2020-07-19,Brendon,Ah Chee,West Coast,HFFL,4,65,5,7,2,0,8,0,69,9
2020,7.0,2020-07-19,Tom,Barrass,West Coast,FB,2,150,5,2,0,0,2,0,92,12
2020,7.0,2020-07-19,Ethan,Hughes,Fremantle,INT,0,85,6,6,1,0,4,0,91,10
2020,7.0,2020-07-19,Darcy,Tucker,Fremantle,C,0,107,0,13,3,0,3,0,43,3
2020,7.0,2020-07-19,Tom,Cole,West Coast,INT,1,196,8,10,3,0,5,0,85,11
2020,7.0,2020-07-19,Luke,Ryan,Fremantle,CHB,0,450,5,10,3,0,4,0,90,17
2020,7.0,2020-07-19,Brennan,Cox,Fremantle,FB,0,248,7,12,5,0,3,0,81,13
2020,7.0,2020-07-19,Sean,Darcy,Fremantle,RK,0,21,1,10,1,2,4,0,83,5
2020,7.0,2020-07-19,Bailey,Banfield,Fremantle,HFFR,1,68,2,17,2,0,3,2,67,4
2020,7.0,2020-07-19,Andrew,Brayshaw,Fremantle,R,1,195,3,17,3,0,5,1,71,12
2020,7.0,2020-07-19,Tim,Kelly,West Coast,C,4,232,1,25,3,1,9,1,61,11
2020,7.0,2020-07-19,Liam,Ryan,West Coast,FPL,2,221,2,9,4,0,3,0,56,5
2020,7.0,2020-07-19,Jake,Waterman,West Coast,INT,3,223,2,9,6,0,2,0,73,11
2020,7.0,2020-07-19,Adam,Cerra,Fremantle,INT,3,156,2,17,2,1,3,1,75,12
2020,7.0,2020-07-19,Taylin,Duman,Fremantle,BPR,0,237,3,6,3,0,2,0,91,10
2020,7.0,2020-07-19,Brayden,Ainsworth,West Coast,INT,2,101,3,5,1,0,1,0,83,10
2020,7.0,2020-07-19,Oscar,Allen,West Coast,HFFR,2,116,2,11,2,0,3,1,91,10
2020,7.0,2020-07-19,Lachie,Schultz,Fremantle,HFFL,0,98,1,6,4,0,3,0,0,0
2020,7.0,2020-07-19,Brett,Bewley,Fremantle,WL,3,170,3,11,2,0,6,0,88,14
2020,7.0,2020-07-19,Jarrod,Cameron,West Coast,INT,3,167,0,7,1,0,3,2,100,5
2020,7.0,2020-07-19,Caleb,Serong,Fremantle,INT,2,115,2,16,4,2,6,0,70,7
2020,7.0,2020-07-19,Michael,Frederick,Fremantle,INT,2,187,1,5,1,0,3,0,80,8
2020,7.0,2020-07-20,Paddy,Ryder,St Kilda,FPR,5,132,2,11,0,2,2,0,86,6
2020,7.0,2020-07-20,Jarryn,Geary,St Kilda,HBFR,3,95,3,9,2,0,2,0,78,7
2020,7.0,2020-07-20,David,Mackay,Adelaide,INT,4,345,3,11,6,0,4,0,59,10
2020,7.0,2020-07-20,Taylor,Walker,Adelaide,CHF,6,185,0,5,1,0,3,0,50,4
2020,7.0,2020-07-20,Tom,Lynch,Adelaide,HFFL,5,282,2,6,1,0,8,0,71,12
2020,7.0,2020-07-20,Jake,Carlisle,St Kilda,BPR,4,108,6,7,0,0,4,0,83,10
2020,7.0,2020-07-20,Brodie,Smith,Adelaide,RR,0,264,3,7,7,0,2,1,50,6
2020,7.0,2020-07-20,Daniel,Talia,Adelaide,FB,3,322,5,5,3,0,2,0,86,12
2020,7.0,2020-07-20,Paul,Seedsman,Adelaide,WL,2,260,2,19,2,0,3,0,88,15
2020,7.0,2020-07-20,Bradley,Hill,St Kilda,WL,3,137,3,11,1,1,2,0,75,9
2020,7.0,2020-07-20,Luke,Brown,Adelaide,BPL,0,158,5,8,2,0,1,0,91,10
2020,7.0,2020-07-20,Sebastian,Ross,St Kilda,R,3,57,5,18,1,1,4,0,80,8
2020,7.0,2020-07-20,Brad,Crouch,Adelaide,INT,4,166,0,16,4,1,6,1,60,9
2020,7.0,2020-07-20,Rory,Laird,Adelaide,HBFL,3,109,2,13,3,0,4,2,73,11
2020,7.0,2020-07-20,Dean,Kent,St Kilda,FPL,4,318,1,15,1,0,2,3,80,8
2020,7.0,2020-07-20,Kyle,Hartigan,Adelaide,BPR,2,113,5,3,3,0,2,0,73,8
2020,7.0,2020-07-20,Jack,Billings,St Kilda,WR,1,225,1,15,4,0,4,0,64,9
2020,7.0,2020-07-20,Matt,Crouch,Adelaide,HFFR,3,133,1,15,7,0,3,0,69,18
2020,7.0,2020-07-20,Zak,Jones,St Kilda,HBFL,5,365,1,18,7,3,6,0,50,10
2020,7.0,2020-07-20,Tim,Membrey,St Kilda,FF,3,90,0,7,2,0,3,0,71,5
2020,7.0,2020-07-20,Jack,Lonie,St Kilda,INT,2,133,1,15,3,0,3,3,25,2
2020,7.0,2020-07-20,Jake,Kelly,Adelaide,R,2,173,8,7,2,0,3,0,93,14
2020,7.0,2020-07-20,Jack,Steele,St Kilda,RR,5,353,2,20,3,5,11,0,77,20
2020,7.0,2020-07-20,Jade,Gresham,St Kilda,INT,8,425,1,10,4,2,8,2,39,7
2020,7.0,2020-07-20,Dougal,Howard,St Kilda,CHB,1,338,7,1,3,0,3,0,69,11
2020,7.0,2020-07-20,Ben,Keays,Adelaide,WR,4,317,3,18,3,4,7,1,74,17
2020,7.0,2020-07-20,Reilly,O'Brien,Adelaide,RK,4,45,2,11,0,1,2,0,71,10
2020,7.0,2020-07-20,Dan,Butler,St Kilda,HFFL,5,293,3,24,4,0,1,0,42,5
2020,7.0,2020-07-20,Tyson,Stengle,Adelaide,FPL,2,215,1,10,3,0,1,0,57,4
2020,7.0,2020-07-20,Josh,Battle,St Kilda,HFFR,0,0,0,4,0,0,0,1,50,1
2020,7.0,2020-07-20,Rowan,Marshall,St Kilda,RK,1,112,3,15,3,0,5,1,75,6
2020,7.0,2020-07-20,Tom,Doedee,Adelaide,CHB,4,402,7,8,1,0,0,0,94,17
2020,7.0,2020-07-20,Hunter,Clark,St Kilda,C,1,246,5,10,6,0,6,0,75,12
2020,7.0,2020-07-20,Nick,Coffield,St Kilda,INT,0,240,7,4,7,0,4,0,88,15
2020,7.0,2020-07-20,Ben,Paton,St Kilda,BPL,2,257,8,9,3,0,4,0,81,13
2020,7.0,2020-07-20,Chayce,Jones,Adelaide,C,2,190,0,18,0,1,1,0,83,5
2020,7.0,2020-07-20,Callum,Wilkie,St Kilda,FB,1,140,1,2,1,0,2,0,88,7
2020,7.0,2020-07-20,Fischer,McAsey,Adelaide,INT,2,40,1,7,1,0,1,0,40,2
2020,7.0,2020-07-20,Max,King,St Kilda,CHF,2,87,1,12,2,0,2,1,75,3
2020,7.0,2020-07-20,Ned,McHenry,Adelaide,FPR,2,170,2,13,5,0,3,2,38,3
2020,7.0,2020-07-20,Will,Hamill,Adelaide,HBFR,1,53,1,3,2,0,2,0,50,4
2020,7.0,2020-07-20,Shane,McAdam,Adelaide,FF,3,172,0,11,4,0,1,2,57,4
2020,7.0,2020-07-20,Andrew,McPherson,Adelaide,INT,2,108,4,5,2,0,1,0,75,9
2020,7.0,2020-07-20,Ryan,Byrnes,St Kilda,INT,0,1,0,13,0,0,2,1,20,1
2020,8.0,2020-07-23,Jarrod,Harbrow,Gold Coast,HBFR,1,327,2,8,2,0,1,0,88,14
2020,8.0,2020-07-23,Pearce,Hanley,Gold Coast,HBFL,2,172,7,9,1,0,3,1,78,7
2020,8.0,2020-07-23,Matthew,Suckling,Western Bulldogs,INT,1,91,1,7,5,0,3,0,75,6
2020,8.0,2020-07-23,Easton,Wood,Western Bulldogs,CHB,0,239,8,6,5,0,6,0,73,11
2020,8.0,2020-07-23,Tom,Liberatore,Western Bulldogs,RR,8,315,2,15,3,2,6,1,58,11
2020,8.0,2020-07-23,David,Swallow,Gold Coast,RR,5,416,6,21,8,2,3,1,43,9
2020,8.0,2020-07-23,Mitch,Wallis,Western Bulldogs,FPL,6,44,3,7,0,0,7,2,75,6
2020,8.0,2020-07-23,Sam,Day,Gold Coast,CHF,3,22,0,7,0,0,0,0,100,4
2020,8.0,2020-07-23,Brandon,Ellis,Gold Coast,WR,1,195,3,16,2,0,3,0,80,12
2020,8.0,2020-07-23,Josh,Bruce,Western Bulldogs,FF,2,-15,1,9,2,0,6,0,63,5
2020,8.0,2020-07-23,Alex,Sexton,Gold Coast,HFFR,4,316,0,15,4,0,4,2,73,8
2020,8.0,2020-07-23,Hayden,Crozier,Western Bulldogs,INT,2,392,11,4,4,0,3,0,84,16
2020,8.0,2020-07-23,Jason,Johannisen,Western Bulldogs,HBFL,2,313,6,8,2,0,2,0,89,16
2020,8.0,2020-07-23,Jack,Macrae,Western Bulldogs,WL,5,409,5,16,9,4,8,0,76,22
2020,8.0,2020-07-23,Jarrod,Witts,Gold Coast,RK,4,6,1,7,0,1,2,0,86,6
2020,8.0,2020-07-23,Marcus,Bontempelli,Western Bulldogs,C,3,402,1,13,8,1,1,1,35,7
2020,8.0,2020-07-23,Nick,Holman,Gold Coast,HFFL,1,159,3,26,4,0,10,0,57,8
2020,8.0,2020-07-23,Touk,Miller,Gold Coast,R,3,377,5,20,8,1,11,1,69,18
2020,8.0,2020-07-23,Caleb,Daniel,Western Bulldogs,BPR,3,484,6,6,1,0,7,0,84,21
2020,8.0,2020-07-23,Lachie,Weller,Gold Coast,INT,5,532,2,17,6,0,4,0,56,10
2020,8.0,2020-07-23,Zaine,Cordy,Western Bulldogs,CHF,0,134,3,8,1,0,1,0,86,6
2020,8.0,2020-07-23,Darcy,Macpherson,Gold Coast,INT,1,212,3,12,5,0,5,1,67,6
2020,8.0,2020-07-23,Bailey,Williams,Western Bulldogs,BPL,1,492,4,7,7,0,5,0,82,18
2020,8.0,2020-07-23,Sam,Collins,Gold Coast,FB,2,196,14,4,3,0,9,0,82,14
2020,8.0,2020-07-23,Ben,Ainsworth,Gold Coast,FPR,4,190,2,8,2,0,5,0,67,6
2020,8.0,2020-07-23,Jack,Bowes,Gold Coast,WL,1,361,5,4,4,0,6,0,67,12
2020,8.0,2020-07-23,Hugh,Greenwood,Gold Coast,C,1,178,2,26,8,1,10,1,50,11
2020,8.0,2020-07-23,Tim,English,Western Bulldogs,RK,2,120,0,6,1,1,2,0,78,7
2020,8.0,2020-07-23,Alex,Keath,Western Bulldogs,FB,1,261,9,5,2,0,6,0,77,10
2020,8.0,2020-07-23,Patrick,Lipinski,Western Bulldogs,HFFR,3,272,3,9,5,1,3,0,60,12
2020,8.0,2020-07-23,Billy,Gowers,Western Bulldogs,HFFL,3,103,1,8,2,0,3,0,25,2
2020,8.0,2020-07-23,Ed,Richards,Western Bulldogs,INT,1,156,2,14,4,0,4,0,63,5
2020,8.0,2020-07-23,Charlie,Ballard,Gold Coast,CHB,0,75,8,8,2,0,3,0,54,7
2020,8.0,2020-07-23,Wil,Powell,Gold Coast,INT,2,172,4,8,0,0,3,0,90,9
2020,8.0,2020-07-23,Bailey,Smith,Western Bulldogs,R,6,443,2,17,4,2,7,0,64,14
2020,8.0,2020-07-23,Jack,Lukosius,Gold Coast,BPR,0,397,1,4,5,0,1,0,73,11
2020,8.0,2020-07-23,Lachie,Young,Western Bulldogs,HBFR,2,298,1,8,2,0,3,0,64,7
2020,8.0,2020-07-23,Ben,King,Gold Coast,FF,2,128,0,7,1,0,1,0,25,1
2020,8.0,2020-07-23,Noah,Anderson,Gold Coast,INT,2,224,2,13,2,0,5,0,46,5
2020,8.0,2020-07-23,Connor,Budarick,Gold Coast,BPL,1,169,5,4,3,0,2,1,82,9
2020,8.0,2020-07-23,Laitham,Vandermeer,Western Bulldogs,WR,4,231,0,9,4,0,1,0,58,7
2020,8.0,2020-07-23,Izak,Rankine,Gold Coast,FPL,6,247,0,21,1,0,4,0,55,6
2020,8.0,2020-07-23,Cody,Weightman,Western Bulldogs,FPR,1,81,1,9,3,0,0,0,50,2
2020,8.0,2020-07-23,Callum,Porter,Western Bulldogs,INT,1,68,1,17,1,0,6,0,67,6
2020,8.0,2020-07-24,Heath,Shaw,Greater Western Sydney,BPL,2,209,5,8,4,0,4,0,69,9
2020,8.0,2020-07-24,Jack,Riewoldt,Richmond,FPR,1,125,1,7,2,0,2,0,50,4
2020,8.0,2020-07-24,Sam,Jacobs,Greater Western Sydney,RK,5,55,0,3,3,1,2,0,60,3
2020,8.0,2020-07-24,Matt,de Boer,Greater Western Sydney,R,1,45,1,9,1,0,2,1,57,4
2020,8.0,2020-07-24,Dustin,Martin,Richmond,FPL,7,506,3,11,6,2,5,1,57,13
2020,8.0,2020-07-24,Phil,Davis,Greater Western Sydney,FB,1,83,3,7,1,0,1,0,71,5
2020,8.0,2020-07-24,Dylan,Grimes,Richmond,FB,3,72,3,10,2,0,2,0,73,8
2020,8.0,2020-07-24,Tom,Lynch,Richmond,FF,3,158,0,12,2,0,2,0,50,3
2020,8.0,2020-07-24,Lachlan,Keeffe,Greater Western Sydney,CHB,2,68,5,1,1,0,2,0,88,7
2020,8.0,2020-07-24,Jeremy,Cameron,Greater Western Sydney,CHF,5,115,2,4,3,0,6,0,58,7
2020,8.0,2020-07-24,Stephen,Coniglio,Greater Western Sydney,C,8,206,1,21,4,3,4,1,54,13
2020,8.0,2020-07-24,Toby,Greene,Greater Western Sydney,HFFR,7,300,1,11,3,0,6,0,72,13
2020,8.0,2020-07-24,Nick,Haynes,Greater Western Sydney,HBFL,0,289,6,8,2,0,2,0,73,11
2020,8.0,2020-07-24,Lachie,Whitfield,Greater Western Sydney,WR,4,393,3,9,6,0,6,0,69,18
2020,8.0,2020-07-24,Nick,Vlastuin,Richmond,CHB,2,298,6,11,0,0,2,0,50,5
2020,8.0,2020-07-24,Aidan,Corr,Greater Western Sydney,BPR,1,404,1,4,2,0,0,0,91,10
2020,8.0,2020-07-24,Josh,Kelly,Greater Western Sydney,WL,8,491,3,24,5,2,10,0,69,18
2020,8.0,2020-07-24,Kamdyn,McIntosh,Richmond,WL,3,377,3,10,4,1,6,0,47,7
2020,8.0,2020-07-24,Kane,Lambert,Richmond,R,2,121,2,12,2,0,5,2,71,10
2020,8.0,2020-07-24,Daniel,Rioli,Richmond,HFFL,3,189,1,17,2,0,2,2,75,6
2020,8.0,2020-07-24,Jayden,Short,Richmond,HBFL,3,382,5,6,5,1,4,0,83,15
2020,8.0,2020-07-24,Jason,Castagna,Richmond,HFFR,5,197,2,15,1,0,3,2,83,10
2020,8.0,2020-07-24,Jacob,Hopper,Greater Western Sydney,FPR,7,354,1,11,3,1,6,0,72,13
2020,8.0,2020-07-24,Nathan,Broad,Richmond,BPL,1,286,1,9,1,0,1,0,83,10
2020,8.0,2020-07-24,Harry,Himmelberg,Greater Western Sydney,FPL,2,41,0,4,1,0,3,0,89,8
2020,8.0,2020-07-24,Mabior,Chol,Richmond,INT,1,4,0,9,2,0,3,1,25,1
2020,8.0,2020-07-24,Tim,Taranto,Greater Western Sydney,RR,5,345,1,14,2,2,9,0,61,11
2020,8.0,2020-07-24,Ivan,Soldo,Richmond,RK,4,84,2,17,0,0,0,3,100,3
2020,8.0,2020-07-24,Daniel,Lloyd,Greater Western Sydney,INT,2,124,1,12,2,1,6,0,78,7
2020,8.0,2020-07-24,Harry,Perryman,Greater Western Sydney,HBFR,1,272,0,12,2,0,1,0,75,9
2020,8.0,2020-07-24,Shai,Bolton,Richmond,C,8,499,0,12,0,2,5,0,63,12
2020,8.0,2020-07-24,Jeremy,Finlayson,Greater Western Sydney,FF,3,104,0,5,0,0,1,0,60,3
2020,8.0,2020-07-24,Jack,Graham,Richmond,RR,1,129,1,21,0,0,1,0,83,5
2020,8.0,2020-07-24,Zac,Langdon,Greater Western Sydney,INT,3,130,0,17,2,0,3,1,50,3
2020,8.0,2020-07-24,Jack,Higgins,Richmond,CHF,4,217,2,13,0,0,2,0,67,8
2020,8.0,2020-07-24,Brent,Daniels,Greater Western Sydney,HFFL,5,180,0,19,1,0,3,0,46,6
2020,8.0,2020-07-24,Liam,Baker,Richmond,INT,0,165,6,7,1,0,3,0,64,7
2020,8.0,2020-07-24,Noah,Balta,Richmond,BPR,2,78,5,6,1,0,3,0,78,7
2020,8.0,2020-07-24,Patrick,Naish,Richmond,WR,0,158,1,12,3,0,4,0,44,4
2020,8.0,2020-07-24,Derek,Eggmolesse-Smith,Richmond,HBFR,0,136,5,13,1,0,3,0,80,8
2020,8.0,2020-07-24,Jye,Caldwell,Greater Western Sydney,INT,4,90,1,12,1,0,5,0,67,8
2020,8.0,2020-07-24,Marlion,Pickett,Richmond,INT,4,245,2,5,2,0,5,0,50,5
2020,8.0,2020-07-24,Lachie,Ash,Greater Western Sydney,INT,2,109,3,9,2,0,3,0,63,5
2020,8.0,2020-07-24,Jake,Aarts,Richmond,INT,2,96,1,14,1,0,1,2,80,4
2020,8.0,2020-07-25,Kade,Simpson,Carlton,BPR,4,233,4,8,1,0,2,0,77,13
2020,8.0,2020-07-25,Eddie,Betts,Carlton,FPL,0,57,0,16,1,0,3,2,60,3
2020,8.0,2020-07-25,Marc,Murphy,Carlton,WR,1,298,7,4,3,2,10,1,68,15
2020,8.0,2020-07-25,Shaun,Higgins,North Melbourne,RR,3,428,3,23,7,0,6,1,63,12
2020,8.0,2020-07-25,Todd,Goldstein,North Melbourne,RK,3,16,2,11,1,0,3,0,75,6
2020,8.0,2020-07-25,Robbie,Tarrant,North Melbourne,FB,0,444,6,6,5,0,3,0,81,13
2020,8.0,2020-07-25,Jamie,Macmillan,North Melbourne,INT,1,240,3,9,3,0,0,0,85,11
2020,8.0,2020-07-25,Liam,Jones,Carlton,CHB,0,75,5,4,0,0,1,0,83,5
2020,8.0,2020-07-25,Ed,Curnow,Carlton,RR,2,431,5,18,8,2,8,1,47,9
2020,8.0,2020-07-25,Jasper,Pittard,North Melbourne,HFFR,2,221,1,9,2,0,1,0,73,8
2020,8.0,2020-07-25,Shaun,Atley,North Melbourne,HBFR,3,383,5,15,1,0,4,0,83,15
2020,8.0,2020-07-25,Jared,Polec,North Melbourne,R,3,335,8,14,7,2,11,1,52,13
2020,8.0,2020-07-25,Aaron,Hall,North Melbourne,INT,4,182,2,18,4,1,3,1,69,9
2020,8.0,2020-07-25,Jack,Newnes,Carlton,INT,2,228,4,12,5,0,4,4,60,9
2020,8.0,2020-07-25,Josh,Walker,North Melbourne,CHB,1,214,7,6,5,0,4,0,62,8
2020,8.0,2020-07-25,Levi,Casboult,Carlton,CHF,2,60,0,10,0,0,1,1,60,3
2020,8.0,2020-07-25,Lachie,Plowman,Carlton,BPL,0,351,9,6,2,0,2,0,72,13
2020,8.0,2020-07-25,Jed,Anderson,North Melbourne,INT,4,352,5,18,5,1,6,1,68,13
2020,8.0,2020-07-25,Sam,Docherty,Carlton,HBFL,1,277,3,11,5,1,4,0,69,9
2020,8.0,2020-07-25,Jack,Martin,Carlton,HFFL,3,397,2,15,5,1,3,1,56,10
2020,8.0,2020-07-25,Luke,McDonald,North Melbourne,HBFL,4,456,9,14,5,0,3,0,89,16
2020,8.0,2020-07-25,Patrick,Cripps,Carlton,C,5,106,2,12,2,1,5,1,88,14
2020,8.0,2020-07-25,Ben,Brown,North Melbourne,FF,1,92,1,4,2,0,1,0,57,4
2020,8.0,2020-07-25,Trent,Dumont,North Melbourne,WR,3,364,2,12,5,1,3,1,64,14
2020,8.0,2020-07-25,Jacob,Weitering,Carlton,FB,1,146,4,1,4,0,1,0,50,3
2020,8.0,2020-07-25,Mitch,McGovern,Carlton,FPR,2,40,2,4,2,0,1,2,50,1
2020,8.0,2020-07-25,Marc,Pittonet,Carlton,RK,1,39,1,4,2,3,3,1,73,8
2020,8.0,2020-07-25,Matthew,Kennedy,Carlton,INT,6,275,3,6,4,0,5,0,75,15
2020,8.0,2020-07-25,David,Cuningham,Carlton,INT,5,325,2,19,4,0,4,1,46,5
2020,8.0,2020-07-25,Callum,Moore,Carlton,FF,0,11,0,8,2,1,1,0,50,1
2020,8.0,2020-07-25,Sam,Petrevski-Seton,Carlton,HBFR,2,185,6,13,3,0,2,0,86,12
2020,8.0,2020-07-25,Jy,Simpkin,North Melbourne,C,0,93,0,16,5,2,3,0,55,6
2020,8.0,2020-07-25,Thomas,Williamson,Carlton,INT,1,168,1,1,1,0,1,0,70,7
2020,8.0,2020-07-25,Cameron,Zurhaar,North Melbourne,FPL,4,178,0,7,3,0,4,1,63,5
2020,8.0,2020-07-25,Nick,Larkey,North Melbourne,CHF,3,72,1,5,2,0,3,0,60,3
2020,8.0,2020-07-25,Will,Setterfield,Carlton,R,6,264,4,24,4,2,9,1,65,13
2020,8.0,2020-07-25,Ben,McKay,North Melbourne,BPL,2,124,5,2,1,0,3,0,80,8
2020,8.0,2020-07-25,Luke,Davies-Uniacke,North Melbourne,HFFL,0,31,0,8,2,0,3,0,100,7
2020,8.0,2020-07-25,Michael,Gibbons,Carlton,HFFR,3,197,1,13,2,0,6,2,22,2
2020,8.0,2020-07-25,Sam,Walsh,Carlton,WL,2,303,6,10,6,1,9,0,67,14
2020,8.0,2020-07-25,Bailey,Scott,North Melbourne,WL,4,164,2,19,3,0,5,0,82,9
2020,8.0,2020-07-25,Curtis,Taylor,North Melbourne,FPR,0,63,0,10,0,0,1,1,67,4
2020,8.0,2020-07-25,Kyron,Hayden,North Melbourne,BPR,0,182,4,7,3,0,7,0,75,9
2020,8.0,2020-07-25,Jack,Mahony,North Melbourne,INT,1,-41,1,15,0,0,0,1,86,6
2020,8.0,2020-07-25,Shaun,Burgoyne,Hawthorn,CHF,6,235,2,18,4,1,8,1,71,10
2020,8.0,2020-07-25,James,Frawley,Hawthorn,FB,0,133,2,4,3,0,3,0,91,10
2020,8.0,2020-07-25,Ben,McEvoy,Hawthorn,RK,4,105,4,8,2,1,5,0,56,5
2020,8.0,2020-07-25,Liam,Shiels,Hawthorn,FPR,3,547,5,13,10,1,8,0,42,10
2020,8.0,2020-07-25,Tom,Scully,Hawthorn,WL,4,410,3,11,7,0,4,0,21,3
2020,8.0,2020-07-25,Ben,Stratton,Hawthorn,HBFR,2,21,5,2,1,0,3,0,50,3
2020,8.0,2020-07-25,Jack,Gunston,Hawthorn,HFFL,2,122,2,7,4,0,5,1,36,4
2020,8.0,2020-07-25,Sam,Reid,Sydney,FF,3,113,2,6,5,0,6,0,58,7
2020,8.0,2020-07-25,Isaac,Smith,Hawthorn,WR,4,251,3,12,4,0,5,1,38,6
2020,8.0,2020-07-25,Luke,Parker,Sydney,RR,5,278,2,33,5,2,7,0,50,11
2020,8.0,2020-07-25,Harry,Cunningham,Sydney,WR,4,339,4,11,4,0,2,0,90,17
2020,8.0,2020-07-25,Chad,Wingard,Hawthorn,HFFR,7,318,1,18,3,0,10,2,41,7
2020,8.0,2020-07-25,Sam,Frost,Hawthorn,CHB,1,92,4,3,2,0,1,0,57,4
2020,8.0,2020-07-25,Dane,Rampe,Sydney,FB,3,344,12,2,4,0,6,0,84,21
2020,8.0,2020-07-25,Jaeger,O'Meara,Hawthorn,C,3,653,2,16,6,1,6,1,44,11
2020,8.0,2020-07-25,Callum,Sinclair,Sydney,RK,2,79,0,8,2,0,0,0,40,2
2020,8.0,2020-07-25,Tom,Mitchell,Hawthorn,R,3,341,4,24,2,1,8,1,67,12
2020,8.0,2020-07-25,Darren,Minchington,Hawthorn,FPL,4,101,2,14,4,0,5,0,64,7
2020,8.0,2020-07-25,Lewis,Taylor,Sydney,INT,0,135,3,5,4,0,5,0,57,8
2020,8.0,2020-07-25,Sam,Gray,Sydney,FPR,0,184,2,8,3,0,2,0,73,8
2020,8.0,2020-07-25,Jake,Lloyd,Sydney,HBFL,4,524,12,8,6,0,9,0,71,24
2020,8.0,2020-07-25,James,Sicily,Hawthorn,BPR,1,433,11,4,6,0,8,0,78,18
2020,8.0,2020-07-25,Keegan,Brooksby,Hawthorn,INT,1,120,1,5,0,0,1,0,80,4
2020,8.0,2020-07-25,Callum,Mills,Sydney,HBFR,4,311,2,19,2,1,5,0,82,14
2020,8.0,2020-07-25,Tom,Papley,Sydney,R,6,326,1,10,3,0,6,1,55,6
2020,8.0,2020-07-25,Aliir,Aliir,Sydney,BPR,2,183,5,7,2,1,2,0,82,9
2020,8.0,2020-07-25,Ryan,Clarke,Sydney,HFFL,2,397,2,16,6,1,6,0,50,10
2020,8.0,2020-07-25,Blake,Hardwick,Hawthorn,BPL,1,258,5,3,2,0,5,0,58,7
2020,8.0,2020-07-25,Oliver,Florent,Sydney,C,5,384,4,13,3,0,9,1,70,14
2020,8.0,2020-07-25,Robbie,Fox,Sydney,CHB,2,140,2,8,0,0,2,0,100,10
2020,8.0,2020-07-25,Jordan,Dawson,Sydney,BPL,2,336,3,10,3,0,2,0,79,11
2020,8.0,2020-07-25,Jack,Scrimshaw,Hawthorn,INT,1,131,6,7,4,0,4,0,50,5
2020,8.0,2020-07-25,Harry,Morrison,Hawthorn,INT,3,265,4,10,4,1,5,0,54,7
2020,8.0,2020-07-25,James,Worpel,Hawthorn,RR,3,244,3,19,3,4,6,1,65,11
2020,8.0,2020-07-25,Tom,McCartin,Sydney,CHF,3,84,1,7,0,0,3,0,100,8
2020,8.0,2020-07-25,Mitch,Lewis,Hawthorn,FF,1,41,0,3,0,0,0,0,0,0
2020,8.0,2020-07-25,Nick,Blakey,Sydney,HFFR,3,258,3,16,5,0,3,0,64,7
2020,8.0,2020-07-25,James,Rowbottom,Sydney,INT,1,452,6,15,9,1,9,0,61,11
2020,8.0,2020-07-25,James,Bell,Sydney,INT,0,166,1,13,1,0,4,0,57,4
2020,8.0,2020-07-25,Will,Day,Hawthorn,HBFL,1,220,7,8,4,0,3,0,60,6
2020,8.0,2020-07-25,Josh,Morris,Hawthorn,INT,1,96,1,5,1,0,4,1,33,2
2020,8.0,2020-07-25,Dylan,Stephens,Sydney,WL,3,63,4,9,2,0,3,0,78,7
2020,8.0,2020-07-25,Elijah,Taylor,Sydney,FPL,3,226,1,11,3,0,6,0,63,5
2020,8.0,2020-07-25,Matthew,Ling,Sydney,INT,0,149,5,7,3,0,2,0,60,6
2020,8.0,2020-07-25,Paddy,Ryder,St Kilda,RK,5,74,1,7,0,0,4,0,80,8
2020,8.0,2020-07-25,Robbie,Gray,Port Adelaide,FF,3,79,0,12,0,1,2,1,57,4
2020,8.0,2020-07-25,Justin,Westhoff,Port Adelaide,FB,1,125,6,3,4,0,3,0,80,8
2020,8.0,2020-07-25,Travis,Boak,Port Adelaide,R,0,148,0,16,3,0,3,0,60,9
2020,8.0,2020-07-25,Jarryn,Geary,St Kilda,WL,1,61,1,9,0,0,2,0,100,7
2020,8.0,2020-07-25,Brad,Ebert,Port Adelaide,FPL,5,350,1,13,4,0,5,0,46,6
2020,8.0,2020-07-25,Hamish,Hartlett,Port Adelaide,BPR,1,289,2,12,2,0,1,0,75,6
2020,8.0,2020-07-25,Jake,Carlisle,St Kilda,BPR,0,111,4,4,4,0,4,0,69,9
2020,8.0,2020-07-25,Charlie,Dixon,Port Adelaide,FPR,3,132,0,7,3,0,4,1,63,5
2020,8.0,2020-07-25,Tom,Jonas,Port Adelaide,HBFL,1,172,8,10,4,0,3,0,71,10
2020,8.0,2020-07-25,Bradley,Hill,St Kilda,HBFL,2,256,2,6,0,0,2,0,69,11
2020,8.0,2020-07-25,Sebastian,Ross,St Kilda,INT,3,179,4,13,5,2,4,0,50,9
2020,8.0,2020-07-25,Ollie,Wines,Port Adelaide,C,3,266,1,19,3,2,5,0,47,8
2020,8.0,2020-07-25,Sam,Mayes,Port Adelaide,INT,1,393,3,6,3,0,2,0,67,8
2020,8.0,2020-07-25,Dean,Kent,St Kilda,HFFR,1,116,2,5,2,0,3,0,67,4
2020,8.0,2020-07-25,Tom,Clurey,Port Adelaide,BPL,1,221,8,4,0,0,5,0,64,7
2020,8.0,2020-07-25,Jack,Billings,St Kilda,WR,1,384,3,8,6,0,6,0,73,16
2020,8.0,2020-07-25,Zak,Jones,St Kilda,R,1,378,1,15,6,3,5,0,75,15
2020,8.0,2020-07-25,Tim,Membrey,St Kilda,FF,2,137,2,8,5,0,3,1,78,7
2020,8.0,2020-07-25,Jack,Sinclair,St Kilda,FPL,2,376,2,11,3,0,4,1,73,11
2020,8.0,2020-07-25,Karl,Amon,Port Adelaide,WR,3,98,0,12,4,2,1,0,73,11
2020,8.0,2020-07-25,Jack,Steele,St Kilda,RR,3,229,2,25,3,1,5,1,71,15
2020,8.0,2020-07-25,Jade,Gresham,St Kilda,CHF,3,303,1,5,2,4,6,0,57,13
2020,8.0,2020-07-25,Dougal,Howard,St Kilda,CHB,1,101,4,5,2,0,2,0,50,4
2020,8.0,2020-07-25,Darcy,Byrne-Jones,Port Adelaide,CHB,2,365,8,18,4,1,7,0,67,14
2020,8.0,2020-07-25,Riley,Bonner,Port Adelaide,HBFR,2,246,5,4,0,1,4,0,93,13
2020,8.0,2020-07-25,Dan,Butler,St Kilda,HFFL,3,279,2,17,3,0,2,2,44,4
2020,8.0,2020-07-25,Dan,Houston,Port Adelaide,RR,2,276,1,19,7,0,5,0,56,10
2020,8.0,2020-07-25,Sam,Powell-Pepper,Port Adelaide,INT,3,190,2,11,2,1,6,2,58,7
2020,8.0,2020-07-25,Rowan,Marshall,St Kilda,HBFR,6,421,2,8,5,1,6,0,67,10
2020,8.0,2020-07-25,Todd,Marshall,Port Adelaide,HFFR,3,132,3,9,3,0,2,3,50,3
2020,8.0,2020-07-25,Hunter,Clark,St Kilda,C,2,296,6,8,4,0,7,0,58,14
2020,8.0,2020-07-25,Nick,Coffield,St Kilda,INT,1,166,3,3,1,0,2,0,100,7
2020,8.0,2020-07-25,Kane,Farrell,Port Adelaide,CHF,2,136,2,6,2,0,4,2,63,5
2020,8.0,2020-07-25,Ben,Paton,St Kilda,BPL,0,280,8,6,4,0,4,0,75,12
2020,8.0,2020-07-25,Zak,Butters,Port Adelaide,WL,1,71,2,9,1,1,5,0,71,5
2020,8.0,2020-07-25,Xavier,Duursma,Port Adelaide,INT,5,262,3,11,1,1,1,0,83,10
2020,8.0,2020-07-25,Connor,Rozee,Port Adelaide,HFFL,3,172,1,9,3,0,3,0,58,7
2020,8.0,2020-07-25,Matthew,Parker,St Kilda,INT,1,45,2,10,1,0,4,1,50,3
2020,8.0,2020-07-25,Callum,Wilkie,St Kilda,FB,0,165,3,4,1,0,1,0,78,7
2020,8.0,2020-07-25,Peter,Ladhams,Port Adelaide,RK,0,46,8,5,1,0,7,0,80,16
2020,8.0,2020-07-25,Nick,Hind,St Kilda,INT,2,238,0,11,5,1,5,0,75,9
2020,8.0,2020-07-25,Mitch,Georgiades,Port Adelaide,INT,5,219,0,8,1,0,3,0,100,7
2020,8.0,2020-07-25,Max,King,St Kilda,FPR,3,124,0,11,2,0,3,2,63,5
2020,8.0,2020-07-26,David,Mackay,Adelaide,WL,4,194,1,12,0,0,2,0,92,12
2020,8.0,2020-07-26,Tom,Bellchambers,Essendon,RK,2,242,0,11,2,2,4,0,80,8
2020,8.0,2020-07-26,Taylor,Walker,Adelaide,FF,6,246,0,5,1,0,1,2,67,6
2020,8.0,2020-07-26,Michael,Hurley,Essendon,BPR,3,286,3,3,0,0,0,0,100,15
2020,8.0,2020-07-26,David,Zaharakis,Essendon,CHF,5,163,0,17,1,0,5,0,70,14
2020,8.0,2020-07-26,Shaun,McKernan,Essendon,FF,2,159,2,3,5,1,4,1,56,5
2020,8.0,2020-07-26,Tom,Lynch,Adelaide,WR,3,256,1,6,5,0,3,0,64,9
2020,8.0,2020-07-26,Brodie,Smith,Adelaide,CHF,8,705,5,20,8,1,9,0,71,17
2020,8.0,2020-07-26,Daniel,Talia,Adelaide,FB,1,210,7,10,2,0,2,0,100,13
2020,8.0,2020-07-26,Devon,Smith,Essendon,HFFL,2,183,2,23,4,0,5,0,54,7
2020,8.0,2020-07-26,Jacob,Townsend,Essendon,INT,3,53,0,13,3,0,3,2,50,5
2020,8.0,2020-07-26,Paul,Seedsman,Adelaide,R,8,386,5,20,0,0,5,3,77,17
2020,8.0,2020-07-26,Luke,Brown,Adelaide,BPL,5,340,2,14,3,0,4,0,86,12
2020,8.0,2020-07-26,Brad,Crouch,Adelaide,HFFR,1,51,1,9,1,0,2,0,60,3
2020,8.0,2020-07-26,Rory,Laird,Adelaide,HBFR,3,273,3,14,2,0,5,0,95,20
2020,8.0,2020-07-26,Kyle,Hartigan,Adelaide,BPR,1,168,4,13,2,0,3,0,56,5
2020,8.0,2020-07-26,Martin,Gleeson,Essendon,INT,1,73,4,9,1,0,3,0,57,4
2020,8.0,2020-07-26,Zach,Merrett,Essendon,C,8,613,2,20,6,2,6,1,67,22
2020,8.0,2020-07-26,Matt,Crouch,Adelaide,INT,8,346,6,15,2,3,8,0,85,22
2020,8.0,2020-07-26,Adam,Saad,Essendon,HBFR,3,372,4,16,2,0,4,1,74,14
2020,8.0,2020-07-26,Kyle,Langford,Essendon,WL,3,266,2,10,3,0,6,0,74,14
2020,8.0,2020-07-26,Jayden,Laverde,Essendon,FPR,2,100,1,3,1,0,1,1,80,4
2020,8.0,2020-07-26,Conor,McKenna,Essendon,HBFL,4,402,5,7,6,0,3,0,43,6
2020,8.0,2020-07-26,Anthony,McDonald-Tipungwuti,Essendon,FPL,4,189,2,16,4,0,10,2,39,5
2020,8.0,2020-07-26,Darcy,Parish,Essendon,HFFR,6,264,2,21,3,1,13,1,64,14
2020,8.0,2020-07-26,Ben,Keays,Adelaide,INT,6,199,2,25,3,0,10,1,81,17
2020,8.0,2020-07-26,Mason,Redman,Essendon,BPL,2,327,5,6,1,0,4,0,77,10
2020,8.0,2020-07-26,Aaron,Francis,Essendon,FB,1,136,5,7,1,0,3,0,100,9
2020,8.0,2020-07-26,Reilly,O'Brien,Adelaide,RK,2,134,4,11,6,1,7,0,32,6
2020,8.0,2020-07-26,Will,Snelling,Essendon,RR,4,93,5,33,7,0,4,3,72,13
2020,8.0,2020-07-26,Andrew,McGrath,Essendon,R,4,398,6,28,5,4,9,0,60,15
2020,8.0,2020-07-26,Mitchell,Hibberd,Essendon,INT,2,217,3,30,2,1,4,4,60,9
2020,8.0,2020-07-26,Tyson,Stengle,Adelaide,FPL,6,182,2,18,2,1,9,1,72,13
2020,8.0,2020-07-26,Tom,Doedee,Adelaide,CHB,1,105,3,7,2,0,1,0,57,4
2020,8.0,2020-07-26,Lachlan,Murphy,Adelaide,RR,7,251,1,9,2,0,3,1,81,13
2020,8.0,2020-07-26,Jordan,Ridley,Essendon,CHB,3,333,8,9,2,0,0,1,94,17
2020,8.0,2020-07-26,Elliott,Himmelberg,Adelaide,HFFL,6,138,0,7,3,0,1,0,50,4
2020,8.0,2020-07-26,Chayce,Jones,Adelaide,C,2,69,1,14,4,0,3,0,50,3
2020,8.0,2020-07-26,Brayden,Ham,Essendon,WR,2,259,1,16,3,0,2,1,75,6
2020,8.0,2020-07-26,Fischer,McAsey,Adelaide,INT,1,116,0,9,2,0,2,0,86,6
2020,8.0,2020-07-26,Will,Hamill,Adelaide,HBFL,1,268,9,13,3,0,5,0,77,13
2020,8.0,2020-07-26,Shane,McAdam,Adelaide,FPR,6,146,0,9,2,0,6,2,78,7
2020,8.0,2020-07-26,Andrew,McPherson,Adelaide,INT,3,305,8,10,7,0,5,0,74,14
2020,8.0,2020-07-26,Ned,Cahill,Essendon,INT,5,118,0,9,3,0,4,0,57,4
2020,8.0,2020-07-26,Shannon,Hurn,West Coast,BPR,5,212,3,7,0,0,1,0,100,15
2020,8.0,2020-07-26,Josh J.,Kennedy,West Coast,FF,9,289,0,7,5,0,1,1,77,10
2020,8.0,2020-07-26,Chris,Mayne,Collingwood,WR,3,60,3,8,2,1,5,0,93,13
2020,8.0,2020-07-26,Nic,Naitanui,West Coast,RK,4,82,1,15,1,2,3,0,75,6
2020,8.0,2020-07-26,Jack,Redden,West Coast,WL,3,102,4,11,1,1,7,0,87,13
2020,8.0,2020-07-26,Luke,Shuey,West Coast,R,8,199,6,16,1,2,6,0,84,16
2020,8.0,2020-07-26,Jordan,Roughead,Collingwood,FB,1,99,4,6,0,0,3,0,70,7
2020,8.0,2020-07-26,Brad,Sheppard,West Coast,BPL,4,185,3,11,4,0,1,0,85,11
2020,8.0,2020-07-26,Jack,Darling,West Coast,CHF,3,128,0,10,1,0,2,1,71,5
2020,8.0,2020-07-26,Andrew,Gaff,West Coast,WR,7,358,4,10,4,0,3,0,69,18
2020,8.0,2020-07-26,Jamie,Cripps,West Coast,HFFL,9,108,1,15,2,0,2,1,91,10
2020,8.0,2020-07-26,Will,Hoskin-Elliott,Collingwood,FPL,3,243,0,8,4,0,1,0,50,6
2020,8.0,2020-07-26,Adam,Treloar,Collingwood,R,5,417,1,8,5,1,8,0,46,10
2020,8.0,2020-07-26,Jack,Crisp,Collingwood,BPL,2,297,6,17,0,0,5,0,78,14
2020,8.0,2020-07-26,Taylor,Adams,Collingwood,RR,4,252,4,17,3,3,5,0,71,15
2020,8.0,2020-07-26,Jamie,Elliott,Collingwood,FPR,3,210,1,10,5,0,2,0,50,5
2020,8.0,2020-07-26,Elliot,Yeo,West Coast,C,5,313,2,24,3,4,4,0,59,13
2020,8.0,2020-07-26,Josh,Thomas,Collingwood,INT,2,87,2,11,4,0,5,1,82,9
2020,8.0,2020-07-26,Brodie,Grundy,Collingwood,RK,3,35,0,12,2,1,5,1,60,6
2020,8.0,2020-07-26,Dom,Sheed,West Coast,INT,2,258,0,10,5,1,0,1,43,6
2020,8.0,2020-07-26,Jackson,Nelson,West Coast,HBFR,3,417,4,10,7,0,4,0,68,13
2020,8.0,2020-07-26,Liam,Duggan,West Coast,HBFL,3,134,4,8,5,0,2,0,62,8
2020,8.0,2020-07-26,Brayden,Maynard,Collingwood,HBFL,2,334,2,8,2,0,1,0,62,8
2020,8.0,2020-07-26,Darcy,Moore,Collingwood,CHB,2,229,5,7,2,0,2,0,75,9
2020,8.0,2020-07-26,Tom,Barrass,West Coast,FB,4,212,5,1,0,0,1,0,100,9
2020,8.0,2020-07-26,Matthew,Scharenberg,Collingwood,BPR,1,153,4,7,0,0,4,0,83,10
2020,8.0,2020-07-26,Tom,Cole,West Coast,INT,2,140,3,8,1,0,3,0,89,8
2020,8.0,2020-07-26,Tom,Phillips,Collingwood,WL,2,247,3,10,2,0,4,1,81,13
2020,8.0,2020-07-26,Rupert,Wills,Collingwood,INT,2,114,1,18,2,1,3,0,64,7
2020,8.0,2020-07-26,Callum L.,Brown,Collingwood,HFFR,3,100,0,10,1,1,6,0,75,9
2020,8.0,2020-07-26,Josh,Daicos,Collingwood,C,2,132,1,16,2,0,1,1,71,5
2020,8.0,2020-07-26,Jaidyn,Stephenson,Collingwood,HFFL,2,162,1,15,2,0,2,0,69,9
2020,8.0,2020-07-26,Tim,Kelly,West Coast,RR,10,528,2,15,4,2,9,0,90,26
2020,8.0,2020-07-26,Liam,Ryan,West Coast,FPR,9,215,0,13,3,0,2,0,60,9
2020,8.0,2020-07-26,Jake,Waterman,West Coast,INT,2,147,0,2,0,0,0,0,100,6
2020,8.0,2020-07-26,Brayden,Ainsworth,West Coast,HFFR,1,-7,0,8,1,0,2,0,100,5
2020,8.0,2020-07-26,Brody,Mihocek,Collingwood,CHF,4,157,3,11,2,0,6,0,22,2
2020,8.0,2020-07-26,Oscar,Allen,West Coast,FPL,10,302,1,13,1,1,2,0,86,12
2020,8.0,2020-07-26,Darcy,Cameron,Collingwood,FF,2,168,1,5,0,1,3,0,75,6
2020,8.0,2020-07-26,Josh,Rotham,West Coast,CHB,3,163,1,8,1,0,0,0,90,9
2020,8.0,2020-07-26,Jarrod,Cameron,West Coast,INT,2,117,1,13,1,0,1,0,71,5
2020,8.0,2020-07-26,Isaac,Quaynor,Collingwood,INT,1,187,6,13,0,0,6,0,83,15
2020,8.0,2020-07-26,John,Noble,Collingwood,HBFR,0,202,3,6,1,1,1,0,82,9
2020,8.0,2020-07-26,Atu,Bosenavulagi,Collingwood,INT,1,24,0,7,4,0,2,0,0,0
2020,8.0,2020-07-26,Grant,Birchall,Brisbane Lions,CHB,2,330,4,7,2,0,4,0,87,13
2020,8.0,2020-07-26,Nathan,Jones,Melbourne,INT,5,365,4,11,2,0,4,1,69,9
2020,8.0,2020-07-26,Mitch,Robinson,Brisbane Lions,WL,1,365,3,12,6,0,3,1,53,8
2020,8.0,2020-07-26,Daniel,Rich,Brisbane Lions,HBFL,0,199,3,3,2,0,1,0,60,3
2020,8.0,2020-07-26,Neville,Jetta,Melbourne,BPR,0,39,3,6,1,0,0,0,50,1
2020,8.0,2020-07-26,Jake,Melksham,Melbourne,HFFL,6,261,0,11,4,0,3,1,70,7
2020,8.0,2020-07-26,Ryan,Lester,Brisbane Lions,BPL,0,41,4,6,1,0,4,0,100,9
2020,8.0,2020-07-26,Harley,Bennell,Melbourne,FPR,4,141,1,14,2,0,2,0,64,7
2020,8.0,2020-07-26,Michael,Hibberd,Melbourne,BPL,1,280,5,7,1,0,1,0,90,9
2020,8.0,2020-07-26,Steven,May,Melbourne,FB,0,317,7,4,3,0,3,0,71,12
2020,8.0,2020-07-26,Max,Gawn,Melbourne,RK,6,222,2,13,4,0,2,1,54,7
2020,8.0,2020-07-26,Lachie,Neale,Brisbane Lions,R,6,348,7,13,3,3,12,0,67,22
2020,8.0,2020-07-26,Jarryd,Lyons,Brisbane Lions,RR,4,226,2,23,3,1,5,2,73,16
2020,8.0,2020-07-26,Dayne,Zorko,Brisbane Lions,C,4,365,5,25,4,1,8,2,41,7
2020,8.0,2020-07-26,Lincoln,McCarthy,Brisbane Lions,FPL,2,65,0,10,1,0,4,1,89,8
2020,8.0,2020-07-26,Jack,Viney,Melbourne,R,4,461,4,21,5,2,5,0,71,17
2020,8.0,2020-07-26,Darcy,Gardiner,Brisbane Lions,BPR,1,248,5,11,4,0,2,0,80,12
2020,8.0,2020-07-26,Christian,Salem,Melbourne,HBFL,4,301,5,11,4,1,4,0,59,10
2020,8.0,2020-07-26,Charlie,Cameron,Brisbane Lions,FPR,4,171,1,6,1,0,1,2,56,5
2020,8.0,2020-07-26,Daniel,McStay,Brisbane Lions,FF,4,93,2,12,2,0,3,1,56,5
2020,8.0,2020-07-26,Angus,Brayshaw,Melbourne,FF,1,70,3,13,1,0,3,0,78,7
2020,8.0,2020-07-26,Harris,Andrews,Brisbane Lions,FB,0,143,5,10,2,0,3,0,64,7
2020,8.0,2020-07-26,Jake,Lever,Melbourne,CHB,1,144,6,10,3,0,3,0,75,9
2020,8.0,2020-07-26,James,Harmes,Melbourne,INT,5,257,0,24,3,1,1,0,42,5
2020,8.0,2020-07-26,Ed,Langdon,Melbourne,WL,5,332,2,6,3,0,5,0,71,12
2020,8.0,2020-07-26,Oscar,McDonald,Melbourne,HBFR,0,138,4,7,5,0,3,0,50,3
2020,8.0,2020-07-26,Clayton,Oliver,Melbourne,C,4,343,4,26,6,1,10,4,75,21
2020,8.0,2020-07-26,Callum,Ah Chee,Brisbane Lions,INT,3,224,4,11,4,0,4,0,70,7
2020,8.0,2020-07-26,Christian,Petracca,Melbourne,RR,9,385,5,25,3,1,9,2,83,20
2020,8.0,2020-07-26,Eric,Hipwood,Brisbane Lions,CHF,4,190,2,9,1,0,1,0,43,3
2020,8.0,2020-07-26,Archie,Smith,Brisbane Lions,INT,0,48,0,4,0,0,0,0,100,4
2020,8.0,2020-07-26,Sam,Weideman,Melbourne,CHF,3,63,0,8,2,0,0,1,50,3
2020,8.0,2020-07-26,Mitch,Hannan,Melbourne,INT,2,84,0,8,3,0,3,1,50,2
2020,8.0,2020-07-26,Jarrod,Berry,Brisbane Lions,HFFL,3,233,1,26,6,3,9,0,70,14
2020,8.0,2020-07-26,Hugh,McCluggage,Brisbane Lions,WR,5,318,2,15,5,0,10,0,64,14
2020,8.0,2020-07-26,Cam,Rayner,Brisbane Lions,HFFR,4,207,3,10,5,1,6,2,71,10
2020,8.0,2020-07-26,Bayley,Fritsch,Melbourne,WR,4,89,0,7,1,0,2,1,100,6
2020,8.0,2020-07-26,Zac,Bailey,Brisbane Lions,INT,2,491,5,14,8,0,5,0,71,15
2020,8.0,2020-07-26,Oscar,McInerney,Brisbane Lions,RK,1,208,2,8,2,2,5,0,54,7
2020,8.0,2020-07-26,Brandon,Starcevich,Brisbane Lions,HBFR,2,96,3,5,1,0,1,1,56,5
2020,8.0,2020-07-26,Jay,Lockhart,Melbourne,INT,0,153,8,4,4,0,6,0,50,5
2020,8.0,2020-07-26,Kysaiah,Pickett,Melbourne,FPL,1,63,1,12,2,0,2,0,40,2
2020,8.0,2020-07-26,Thomas,Berry,Brisbane Lions,INT,2,-9,0,13,1,0,3,1,0,0
2020,8.0,2020-07-26,Luke,Jackson,Melbourne,HFFR,4,19,0,4,1,0,2,0,100,8
2020,8.0,2020-07-27,David,Mundy,Fremantle,INT,2,341,4,14,3,0,13,0,50,12
2020,8.0,2020-07-27,Tom,Hawkins,Geelong,CHF,5,163,0,6,3,0,2,0,58,7
2020,8.0,2020-07-27,Lachie,Henderson,Geelong,INT,1,208,1,2,2,0,5,0,92,11
2020,8.0,2020-07-27,Harry,Taylor,Geelong,CHB,3,186,11,6,4,0,7,0,67,12
2020,8.0,2020-07-27,Patrick,Dangerfield,Geelong,C,2,214,3,18,4,2,7,0,61,11
2020,8.0,2020-07-27,Michael,Walters,Fremantle,FPR,2,338,5,17,5,0,6,1,59,13
2020,8.0,2020-07-27,Mitch,Duncan,Geelong,HFFL,4,354,6,10,3,0,10,3,62,16
2020,8.0,2020-07-27,Gary,Rohan,Geelong,FF,4,141,2,12,4,0,4,1,60,6
2020,8.0,2020-07-27,Reece,Conca,Fremantle,FB,0,225,1,12,6,1,3,0,53,9
2020,8.0,2020-07-27,Cameron,Guthrie,Geelong,RR,3,173,1,23,4,0,10,2,50,15
2020,8.0,2020-07-27,Brandon,Matera,Fremantle,INT,1,214,1,16,1,0,3,1,0,0
2020,8.0,2020-07-27,Zach,Tuohy,Geelong,FPL,5,495,5,8,7,0,7,1,50,13
2020,8.0,2020-07-27,Nathan,Wilson,Fremantle,HBFR,1,194,3,9,0,0,1,0,100,9
2020,8.0,2020-07-27,Mark,Blicavs,Geelong,FB,4,163,2,11,0,1,9,0,84,16
2020,8.0,2020-07-27,Matt,Taberner,Fremantle,CHF,2,120,0,10,1,0,0,0,75,3
2020,8.0,2020-07-27,James,Aish,Fremantle,BPL,0,192,7,17,3,0,4,0,67,8
2020,8.0,2020-07-27,Blake,Acres,Fremantle,WR,0,95,1,18,3,0,3,0,40,4
2020,8.0,2020-07-27,Jed,Bews,Geelong,INT,3,131,4,8,4,0,4,0,55,6
2020,8.0,2020-07-27,Rory,Lobb,Fremantle,FF,2,154,0,11,2,1,4,1,63,5
2020,8.0,2020-07-27,Jake,Kolodjashnij,Geelong,BPR,1,150,4,6,0,0,1,0,67,4
2020,8.0,2020-07-27,Ethan,Hughes,Fremantle,HBFL,1,118,6,6,4,0,3,0,44,4
2020,8.0,2020-07-27,Darcy,Tucker,Fremantle,C,0,0,0,0,0,0,0,0,0,0
2020,8.0,2020-07-27,Sam,Menegola,Geelong,WL,5,587,5,18,7,1,11,0,50,13
2020,8.0,2020-07-27,Brandan,Parfitt,Geelong,R,3,153,4,21,4,1,11,1,47,8
2020,8.0,2020-07-27,Tom,Stewart,Geelong,HBFR,1,316,2,10,2,0,3,0,92,12
2020,8.0,2020-07-27,Mark,O'Connor,Geelong,BPL,1,264,5,2,1,0,5,0,67,8
2020,8.0,2020-07-27,Luke,Ryan,Fremantle,CHB,0,661,14,11,11,0,3,0,70,16
2020,8.0,2020-07-27,Sean,Darcy,Fremantle,RK,0,-5,0,12,2,0,6,1,46,5
2020,8.0,2020-07-27,Sam,Simpson,Geelong,INT,2,169,2,16,3,0,7,1,50,6
2020,8.0,2020-07-27,Bailey,Banfield,Fremantle,HFFL,2,118,2,22,5,0,6,6,56,5
2020,8.0,2020-07-27,Andrew,Brayshaw,Fremantle,R,2,206,6,36,5,0,13,0,64,18
2020,8.0,2020-07-27,Lachie,Fogarty,Geelong,WR,3,180,2,22,4,0,5,1,46,6
2020,8.0,2020-07-27,Esava,Ratugolea,Geelong,RK,0,120,1,8,3,2,4,0,63,5
2020,8.0,2020-07-27,Adam,Cerra,Fremantle,INT,0,173,5,33,2,0,9,1,41,7
2020,8.0,2020-07-27,Jack,Henry,Geelong,HBFL,1,123,5,6,3,0,4,0,63,5
2020,8.0,2020-07-27,Taylin,Duman,Fremantle,BPR,0,246,7,7,3,0,4,0,46,5
2020,8.0,2020-07-27,Charlie,Constable,Geelong,INT,2,261,5,22,5,1,8,1,42,8
2020,8.0,2020-07-27,Gryan,Miers,Geelong,HFFR,2,165,1,18,3,0,3,0,42,5
2020,8.0,2020-07-27,Lachie,Schultz,Fremantle,FPL,0,85,2,15,3,0,6,1,67,6
2020,8.0,2020-07-27,Brett,Bewley,Fremantle,WL,0,273,1,22,4,0,4,1,56,9
2020,8.0,2020-07-27,Caleb,Serong,Fremantle,RR,1,337,5,26,6,1,6,0,77,17
2020,8.0,2020-07-27,Michael,Frederick,Fremantle,HFFR,1,22,0,13,2,0,1,0,60,3
2020,8.0,2020-07-27,Tobe,Watson,Fremantle,INT,0,57,2,7,1,0,3,0,75,6
2020,8.0,2020-07-27,Brad,Close,Geelong,FPR,6,171,1,20,1,0,4,1,57,8
2020,9.0,2020-07-29,Jack,Riewoldt,Richmond,FPR,2,120,0,9,2,0,0,1,71,5
2020,9.0,2020-07-29,Trent,Cotchin,Richmond,R,5,147,3,13,3,0,7,0,82,14
2020,9.0,2020-07-29,Matthew,Suckling,Western Bulldogs,HBFR,1,29,0,1,3,0,1,0,50,1
2020,9.0,2020-07-29,Easton,Wood,Western Bulldogs,BPL,1,190,5,7,6,0,3,0,46,5
2020,9.0,2020-07-29,Dustin,Martin,Richmond,FPL,9,430,1,10,3,3,12,1,77,20
2020,9.0,2020-07-29,Jackson,Trengove,Western Bulldogs,INT,1,16,3,10,1,1,0,1,88,7
2020,9.0,2020-07-29,Dylan,Grimes,Richmond,FB,1,197,8,4,3,0,3,0,61,11
2020,9.0,2020-07-29,Tom,Liberatore,Western Bulldogs,RR,5,135,3,20,0,3,11,0,70,14
2020,9.0,2020-07-29,Mitch,Wallis,Western Bulldogs,FPL,4,125,2,7,0,0,3,1,71,5
2020,9.0,2020-07-29,Tom,Lynch,Richmond,FF,4,198,2,8,3,0,2,0,67,8
2020,9.0,2020-07-29,Josh,Bruce,Western Bulldogs,FF,3,124,0,16,5,0,1,2,50,4
2020,9.0,2020-07-29,Hayden,Crozier,Western Bulldogs,INT,3,446,2,9,4,0,3,0,73,8
2020,9.0,2020-07-29,Jason,Johannisen,Western Bulldogs,WL,2,234,2,12,1,0,1,0,100,10
2020,9.0,2020-07-29,Jack,Macrae,Western Bulldogs,C,7,486,3,16,8,4,8,2,73,27
2020,9.0,2020-07-29,Sam,Lloyd,Western Bulldogs,INT,0,120,1,7,3,0,2,0,50,3
2020,9.0,2020-07-29,Marcus,Bontempelli,Western Bulldogs,CHF,6,240,2,16,2,2,5,0,67,10
2020,9.0,2020-07-29,Kamdyn,McIntosh,Richmond,WL,2,15,3,6,1,0,2,0,78,7
2020,9.0,2020-07-29,Kane,Lambert,Richmond,CHF,6,292,3,20,5,0,3,0,88,15
2020,9.0,2020-07-29,Toby,McLean,Western Bulldogs,INT,2,162,4,18,5,1,4,0,80,12
2020,9.0,2020-07-29,Caleb,Daniel,Western Bulldogs,BPR,2,354,8,11,6,0,9,0,68,15
2020,9.0,2020-07-29,Zaine,Cordy,Western Bulldogs,CHB,3,79,2,7,1,0,1,0,82,9
2020,9.0,2020-07-29,Jayden,Short,Richmond,HBFL,3,511,6,5,3,0,4,0,86,18
2020,9.0,2020-07-29,Jason,Castagna,Richmond,HFFR,5,237,1,9,2,0,1,0,64,9
2020,9.0,2020-07-29,Bailey,Williams,Western Bulldogs,HBFL,6,334,9,6,4,0,7,0,78,18
2020,9.0,2020-07-29,Nathan,Broad,Richmond,BPL,1,234,5,11,2,0,4,0,88,15
2020,9.0,2020-07-29,Oleg,Markov,Richmond,INT,2,240,4,4,3,0,4,0,73,8
2020,9.0,2020-07-29,Mabior,Chol,Richmond,INT,5,78,2,9,1,1,5,0,86,6
2020,9.0,2020-07-29,Ivan,Soldo,Richmond,RK,4,-24,2,16,1,1,0,0,100,9
2020,9.0,2020-07-29,Shai,Bolton,Richmond,RR,7,437,3,15,4,3,3,0,84,16
2020,9.0,2020-07-29,Tim,English,Western Bulldogs,RK,3,199,0,8,1,0,3,0,62,8
2020,9.0,2020-07-29,Alex,Keath,Western Bulldogs,FB,1,84,4,4,1,0,0,0,33,2
2020,9.0,2020-07-29,Patrick,Lipinski,Western Bulldogs,WR,3,137,1,10,3,0,4,2,44,4
2020,9.0,2020-07-29,Billy,Gowers,Western Bulldogs,FPR,3,134,0,8,1,0,0,0,71,5
2020,9.0,2020-07-29,Ed,Richards,Western Bulldogs,HFFL,4,124,2,9,2,0,4,0,80,8
2020,9.0,2020-07-29,Jack,Higgins,Richmond,INT,6,285,1,14,2,0,4,1,50,7
2020,9.0,2020-07-29,Liam,Baker,Richmond,CHB,2,97,5,12,1,0,3,0,87,13
2020,9.0,2020-07-29,Noah,Balta,Richmond,BPR,1,183,9,10,4,0,4,0,67,10
2020,9.0,2020-07-29,Bailey,Smith,Western Bulldogs,R,3,376,0,16,7,1,3,0,68,13
2020,9.0,2020-07-29,Sydney,Stack,Richmond,C,1,89,2,21,2,0,1,0,88,7
2020,9.0,2020-07-29,Jack,Ross,Richmond,INT,5,186,2,8,2,1,3,0,88,15
2020,9.0,2020-07-29,Derek,Eggmolesse-Smith,Richmond,HBFR,3,453,1,7,4,0,1,0,67,10
2020,9.0,2020-07-29,Marlion,Pickett,Richmond,WR,7,351,4,12,2,2,6,0,71,10
2020,9.0,2020-07-29,Laitham,Vandermeer,Western Bulldogs,HFFR,3,155,1,17,3,0,1,0,75,6
2020,9.0,2020-07-29,Jake,Aarts,Richmond,HFFL,4,113,0,14,1,0,1,1,71,5
2020,9.0,2020-07-30,Nathan,Jones,Melbourne,INT,3,151,4,8,3,0,5,0,57,8
2020,9.0,2020-07-30,Robbie,Gray,Port Adelaide,HFFL,4,131,2,14,3,1,4,0,73,11
2020,9.0,2020-07-30,Justin,Westhoff,Port Adelaide,FPL,4,73,1,17,2,0,3,2,80,8
2020,9.0,2020-07-30,Travis,Boak,Port Adelaide,C,9,363,0,13,6,4,9,0,52,13
2020,9.0,2020-07-30,Brad,Ebert,Port Adelaide,INT,3,132,2,12,2,0,5,2,80,8
2020,9.0,2020-07-30,Hamish,Hartlett,Port Adelaide,BPR,4,293,4,11,4,0,3,0,71,10
2020,9.0,2020-07-30,Tom,Rockliff,Port Adelaide,RR,4,184,5,28,6,0,8,2,71,15
2020,9.0,2020-07-30,Jake,Melksham,Melbourne,HFFL,3,288,0,16,1,0,1,0,60,6
2020,9.0,2020-07-30,Charlie,Dixon,Port Adelaide,FPR,3,146,2,8,0,0,1,0,100,5
2020,9.0,2020-07-30,Michael,Hibberd,Melbourne,HBFR,4,335,4,4,3,0,3,0,83,15
2020,9.0,2020-07-30,Steven,May,Melbourne,CHB,0,595,5,5,5,0,2,0,82,14
2020,9.0,2020-07-30,Max,Gawn,Melbourne,RK,2,183,1,6,4,0,2,0,55,6
2020,9.0,2020-07-30,Tom,Jonas,Port Adelaide,FB,2,95,2,6,1,0,0,0,100,6
2020,9.0,2020-07-30,Tom,McDonald,Melbourne,FPR,2,79,0,8,2,0,1,1,43,3
2020,9.0,2020-07-30,Jack,Viney,Melbourne,R,1,252,3,18,8,1,6,0,47,9
2020,9.0,2020-07-30,Ollie,Wines,Port Adelaide,R,4,254,5,13,3,1,9,2,84,21
2020,9.0,2020-07-30,Sam,Mayes,Port Adelaide,HBFR,6,465,6,8,2,0,5,0,79,15
2020,9.0,2020-07-30,Tom,Clurey,Port Adelaide,BPL,4,99,6,2,1,0,2,0,90,9
2020,9.0,2020-07-30,Christian,Salem,Melbourne,HBFL,1,159,4,14,2,1,8,0,82,18
2020,9.0,2020-07-30,Angus,Brayshaw,Melbourne,HFFR,3,36,1,24,1,0,2,0,82,9
2020,9.0,2020-07-30,Jake,Lever,Melbourne,BPR,2,250,7,9,5,0,3,0,92,11
2020,9.0,2020-07-30,Karl,Amon,Port Adelaide,WR,6,367,8,13,4,0,10,0,84,21
2020,9.0,2020-07-30,James,Harmes,Melbourne,FF,0,237,6,5,2,0,3,0,63,10
2020,9.0,2020-07-30,Ed,Langdon,Melbourne,WL,0,235,6,9,2,0,3,0,86,12
2020,9.0,2020-07-30,Oscar,McDonald,Melbourne,FB,1,59,4,5,3,0,3,0,73,8
2020,9.0,2020-07-30,Clayton,Oliver,Melbourne,C,2,199,4,36,5,3,13,2,57,13
2020,9.0,2020-07-30,Darcy,Byrne-Jones,Port Adelaide,CHB,0,307,4,15,7,1,7,0,53,9
2020,9.0,2020-07-30,Christian,Petracca,Melbourne,RR,5,300,3,20,9,2,10,1,58,14
2020,9.0,2020-07-30,Sam,Weideman,Melbourne,CHF,3,52,0,10,0,0,1,1,60,3
2020,9.0,2020-07-30,Mitch,Hannan,Melbourne,INT,3,107,0,11,2,0,2,0,83,5
2020,9.0,2020-07-30,Dan,Houston,Port Adelaide,HBFL,6,477,6,5,3,0,2,0,90,17
2020,9.0,2020-07-30,Sam,Powell-Pepper,Port Adelaide,INT,4,347,0,16,3,2,1,0,86,12
2020,9.0,2020-07-30,Bayley,Fritsch,Melbourne,BPL,1,93,1,5,3,0,2,0,85,11
2020,9.0,2020-07-30,Jarrod,Lienert,Port Adelaide,INT,4,303,5,6,3,0,2,0,93,14
2020,9.0,2020-07-30,Kane,Farrell,Port Adelaide,INT,4,129,1,9,1,0,2,1,73,8
2020,9.0,2020-07-30,Tom,Sparrow,Melbourne,INT,2,159,2,15,2,1,6,0,60,9
2020,9.0,2020-07-30,Zak,Butters,Port Adelaide,CHF,7,137,0,25,1,0,6,1,93,14
2020,9.0,2020-07-30,Xavier,Duursma,Port Adelaide,WL,5,143,4,8,4,0,5,0,93,14
2020,9.0,2020-07-30,Connor,Rozee,Port Adelaide,HFFR,3,98,1,13,1,0,1,1,78,7
2020,9.0,2020-07-30,Jay,Lockhart,Melbourne,INT,2,259,3,5,4,0,3,0,33,4
2020,9.0,2020-07-30,Peter,Ladhams,Port Adelaide,RK,6,69,1,6,2,1,6,0,69,9
2020,9.0,2020-07-30,Mitch,Georgiades,Port Adelaide,FF,7,207,3,9,2,0,1,1,73,8
2020,9.0,2020-07-30,Kysaiah,Pickett,Melbourne,FPL,3,140,3,13,2,0,5,2,36,4
2020,9.0,2020-07-30,Luke,Jackson,Melbourne,WR,2,13,0,6,0,0,1,0,75,3
2020,9.0,2020-07-31,Shaun,Burgoyne,Hawthorn,INT,5,229,2,4,3,0,2,1,71,10
2020,9.0,2020-07-31,Kade,Simpson,Carlton,BPR,0,247,3,8,3,0,1,0,82,9
2020,9.0,2020-07-31,Eddie,Betts,Carlton,FPL,3,137,1,19,3,0,1,2,75,6
2020,9.0,2020-07-31,Marc,Murphy,Carlton,WR,4,275,1,19,5,0,1,0,73,11
2020,9.0,2020-07-31,James,Frawley,Hawthorn,FB,1,58,4,3,2,0,2,0,71,5
2020,9.0,2020-07-31,Ben,McEvoy,Hawthorn,RK,1,-5,3,7,0,0,1,0,83,5
2020,9.0,2020-07-31,Liam,Shiels,Hawthorn,FPR,4,246,1,14,2,3,2,0,80,12
2020,9.0,2020-07-31,Tom,Scully,Hawthorn,INT,4,174,4,11,2,0,4,0,46,5
2020,9.0,2020-07-31,Ben,Stratton,Hawthorn,HBFR,2,103,2,2,2,0,0,0,88,7
2020,9.0,2020-07-31,Jack,Gunston,Hawthorn,HFFL,7,311,2,8,4,0,4,0,50,8
2020,9.0,2020-07-31,Liam,Jones,Carlton,FB,0,149,5,5,4,0,2,0,60,6
2020,9.0,2020-07-31,Ed,Curnow,Carlton,R,2,330,0,14,6,3,10,1,58,11
2020,9.0,2020-07-31,Isaac,Smith,Hawthorn,WR,5,261,3,12,4,0,5,1,73,11
2020,9.0,2020-07-31,Luke,Breust,Hawthorn,CHF,5,250,1,8,2,0,3,0,83,10
2020,9.0,2020-07-31,Chad,Wingard,Hawthorn,HFFR,5,174,1,10,1,1,2,1,92,12
2020,9.0,2020-07-31,Jack,Newnes,Carlton,INT,2,124,0,7,0,0,1,1,67,4
2020,9.0,2020-07-31,Levi,Casboult,Carlton,CHF,4,92,0,12,3,0,1,1,83,5
2020,9.0,2020-07-31,Sam,Frost,Hawthorn,CHB,3,273,9,8,4,0,4,0,80,12
2020,9.0,2020-07-31,Lachie,Plowman,Carlton,BPL,1,173,1,11,2,0,2,0,50,4
2020,9.0,2020-07-31,Jaeger,O'Meara,Hawthorn,C,3,247,1,15,2,3,5,0,61,11
2020,9.0,2020-07-31,Sam,Docherty,Carlton,HBFL,1,321,8,11,5,0,7,0,63,12
2020,9.0,2020-07-31,Tom,Mitchell,Hawthorn,R,4,459,1,17,3,4,7,1,79,22
2020,9.0,2020-07-31,Jonathon,Ceglar,Hawthorn,WL,4,108,1,9,0,0,0,0,88,7
2020,9.0,2020-07-31,Jack,Martin,Carlton,HFFL,3,205,2,15,5,0,6,1,73,11
2020,9.0,2020-07-31,Jarman,Impey,Hawthorn,HBFL,5,218,0,7,3,0,2,1,55,6
2020,9.0,2020-07-31,Tim,O'Brien,Hawthorn,FF,5,83,1,8,2,0,1,1,86,6
2020,9.0,2020-07-31,Patrick,Cripps,Carlton,C,6,159,3,25,1,3,10,0,74,20
2020,9.0,2020-07-31,James,Sicily,Hawthorn,BPR,2,273,6,5,3,0,2,0,87,13
2020,9.0,2020-07-31,Jacob,Weitering,Carlton,CHB,0,301,5,6,3,0,3,0,71,10
2020,9.0,2020-07-31,Marc,Pittonet,Carlton,RK,3,125,3,8,4,3,3,0,67,8
2020,9.0,2020-07-31,Matthew,Kennedy,Carlton,INT,0,270,1,14,5,1,3,1,55,6
2020,9.0,2020-07-31,Blake,Hardwick,Hawthorn,BPL,3,171,7,9,1,0,6,0,86,12
2020,9.0,2020-07-31,David,Cuningham,Carlton,FPR,2,35,0,2,0,0,1,0,75,3
2020,9.0,2020-07-31,Callum,Moore,Carlton,INT,0,68,0,9,1,0,2,0,50,2
2020,9.0,2020-07-31,Sam,Petrevski-Seton,Carlton,HBFR,0,126,4,12,2,0,3,0,88,7
2020,9.0,2020-07-31,Thomas,Williamson,Carlton,INT,1,182,6,7,1,0,2,0,90,9
2020,9.0,2020-07-31,Jack,Scrimshaw,Hawthorn,INT,2,179,3,7,5,0,2,0,46,5
2020,9.0,2020-07-31,Will,Setterfield,Carlton,RR,2,45,3,18,1,0,4,2,50,4
2020,9.0,2020-07-31,Harry,McKay,Carlton,FF,4,147,0,8,1,0,0,0,83,5
2020,9.0,2020-07-31,Harry,Morrison,Hawthorn,INT,4,180,0,11,1,1,3,0,92,12
2020,9.0,2020-07-31,James,Worpel,Hawthorn,RR,3,102,7,14,2,1,10,1,50,10
2020,9.0,2020-07-31,Michael,Gibbons,Carlton,HFFR,4,397,0,14,4,0,2,0,50,6
2020,9.0,2020-07-31,Sam,Walsh,Carlton,WL,3,199,3,15,3,1,3,0,75,9
2020,9.0,2020-07-31,Will,Day,Hawthorn,FPL,2,242,3,3,1,0,1,0,60,6
2020,9.0,2020-07-31,Grant,Birchall,Brisbane Lions,CHB,3,156,1,8,1,0,1,0,80,12
2020,9.0,2020-07-31,Tom,Bellchambers,Essendon,FF,2,87,0,6,1,0,0,0,100,3
2020,9.0,2020-07-31,Mitch,Robinson,Brisbane Lions,WL,4,246,3,9,4,0,2,0,87,13
2020,9.0,2020-07-31,Michael,Hurley,Essendon,CHB,0,386,7,5,5,0,2,0,79,11
2020,9.0,2020-07-31,David,Zaharakis,Essendon,CHF,4,129,0,5,3,0,4,1,62,8
2020,9.0,2020-07-31,Dylan,Shiel,Essendon,C,2,256,0,16,4,3,6,1,59,10
2020,9.0,2020-07-31,Devon,Smith,Essendon,INT,5,320,2,18,4,3,4,0,43,6
2020,9.0,2020-07-31,Jacob,Townsend,Essendon,INT,3,208,1,4,2,0,1,0,67,4
2020,9.0,2020-07-31,Lachie,Neale,Brisbane Lions,R,7,414,3,16,4,1,11,0,73,24
2020,9.0,2020-07-31,Jarryd,Lyons,Brisbane Lions,RR,6,169,3,22,2,1,8,1,77,17
2020,9.0,2020-07-31,Dayne,Zorko,Brisbane Lions,C,6,322,2,21,1,1,5,2,42,8
2020,9.0,2020-07-31,Lincoln,McCarthy,Brisbane Lions,HFFR,6,266,3,17,4,0,5,1,64,9
2020,9.0,2020-07-31,James,Stewart,Essendon,WL,1,85,0,7,2,0,0,2,50,2
2020,9.0,2020-07-31,Martin,Gleeson,Essendon,INT,1,147,3,6,0,0,2,0,88,7
2020,9.0,2020-07-31,Zach,Merrett,Essendon,RR,3,333,1,15,3,1,6,0,72,13
2020,9.0,2020-07-31,Tom,Cutler,Essendon,INT,3,394,0,4,4,0,4,0,55,6
2020,9.0,2020-07-31,Darcy,Gardiner,Brisbane Lions,BPR,2,132,4,7,2,0,2,0,80,8
2020,9.0,2020-07-31,Charlie,Cameron,Brisbane Lions,FPR,7,122,1,7,0,0,2,2,90,9
2020,9.0,2020-07-31,Cameron,Ellis-Yolmen,Brisbane Lions,INT,4,119,3,9,2,1,4,0,86,12
2020,9.0,2020-07-31,Adam,Saad,Essendon,HBFR,4,231,1,10,3,0,2,0,82,9
2020,9.0,2020-07-31,Harris,Andrews,Brisbane Lions,FB,1,178,3,2,0,0,2,0,100,11
2020,9.0,2020-07-31,Callum,Ah Chee,Brisbane Lions,BPL,3,181,2,13,1,0,4,0,91,10
2020,9.0,2020-07-31,Anthony,McDonald-Tipungwuti,Essendon,FPL,3,117,1,22,1,2,5,3,57,4
2020,9.0,2020-07-31,Darcy,Parish,Essendon,HFFR,3,188,5,14,5,2,8,2,53,8
2020,9.0,2020-07-31,Mason,Redman,Essendon,BPR,2,317,6,4,2,0,5,0,83,10
2020,9.0,2020-07-31,Eric,Hipwood,Brisbane Lions,FF,4,208,2,8,4,0,2,1,75,6
2020,9.0,2020-07-31,Aaron,Francis,Essendon,BPL,0,96,5,6,1,0,4,0,80,8
2020,9.0,2020-07-31,Will,Snelling,Essendon,HFFL,2,39,2,25,1,0,7,3,71,10
2020,9.0,2020-07-31,Andrew,McGrath,Essendon,R,1,112,5,11,7,1,9,0,72,18
2020,9.0,2020-07-31,Jarrod,Berry,Brisbane Lions,HFFL,7,365,2,14,2,0,5,1,74,14
2020,9.0,2020-07-31,Hugh,McCluggage,Brisbane Lions,WR,3,143,1,12,1,1,6,0,92,12
2020,9.0,2020-07-31,Alex,Witherden,Brisbane Lions,INT,2,432,8,5,3,0,7,1,84,21
2020,9.0,2020-07-31,Sam,Skinner,Brisbane Lions,HBFL,3,92,0,10,4,0,1,1,60,6
2020,9.0,2020-07-31,Cam,Rayner,Brisbane Lions,CHF,3,164,1,15,1,0,2,0,60,6
2020,9.0,2020-07-31,Zac,Bailey,Brisbane Lions,INT,5,447,3,18,5,0,4,0,75,12
2020,9.0,2020-07-31,Oscar,McInerney,Brisbane Lions,RK,4,155,2,3,1,1,3,0,89,8
2020,9.0,2020-07-31,Jordan,Ridley,Essendon,HBFL,3,356,4,9,3,0,4,0,80,16
2020,9.0,2020-07-31,Brandon,Starcevich,Brisbane Lions,HBFR,0,156,2,3,3,0,2,0,90,9
2020,9.0,2020-07-31,Brayden,Ham,Essendon,WR,3,221,1,10,2,0,2,0,57,4
2020,9.0,2020-07-31,Noah,Answerth,Brisbane Lions,FPL,4,417,6,5,3,0,4,0,82,14
2020,9.0,2020-07-31,Brandon,Zerk-Thatcher,Essendon,FB,0,61,4,1,0,0,2,0,86,6
2020,9.0,2020-07-31,Ned,Cahill,Essendon,FPR,1,76,1,9,1,0,2,1,0,0
2020,9.0,2020-07-31,Sam,Draper,Essendon,RK,2,226,1,8,3,1,3,0,67,6
2020,9.0,2020-07-31,Connor,Ballenden,Brisbane Lions,INT,3,172,2,4,2,1,3,0,67,4
2020,9.0,2020-08-01,Shaun,Higgins,North Melbourne,WL,4,354,1,10,4,0,2,0,89,16
2020,9.0,2020-08-01,Bryce,Gibbs,Adelaide,INT,0,183,3,5,3,0,4,0,75,9
2020,9.0,2020-08-01,Todd,Goldstein,North Melbourne,RK,8,226,1,14,3,6,8,0,74,14
2020,9.0,2020-08-01,Robbie,Tarrant,North Melbourne,FB,2,113,5,8,1,0,1,0,92,12
2020,9.0,2020-08-01,Jamie,Macmillan,North Melbourne,WR,5,101,1,13,4,0,4,1,71,12
2020,9.0,2020-08-01,Tom,Lynch,Adelaide,HFFL,5,424,4,7,9,1,5,0,58,14
2020,9.0,2020-08-01,Jasper,Pittard,North Melbourne,HFFL,5,222,1,10,4,0,5,1,47,7
2020,9.0,2020-08-01,Brodie,Smith,Adelaide,RR,1,288,1,26,7,1,3,0,50,6
2020,9.0,2020-08-01,Shaun,Atley,North Melbourne,HBFL,4,322,6,8,0,0,5,0,90,18
2020,9.0,2020-08-01,Daniel,Talia,Adelaide,FB,2,106,5,8,0,0,2,0,71,5
2020,9.0,2020-08-01,Paul,Seedsman,Adelaide,WL,5,523,3,12,1,0,2,0,75,15
2020,9.0,2020-08-01,Aaron,Hall,North Melbourne,INT,6,323,4,11,1,2,5,3,70,14
2020,9.0,2020-08-01,Josh,Walker,North Melbourne,CHB,1,100,7,5,1,0,1,0,88,15
2020,9.0,2020-08-01,Luke,Brown,Adelaide,INT,2,123,2,9,1,0,2,0,100,7
2020,9.0,2020-08-01,Jed,Anderson,North Melbourne,RR,9,406,1,25,3,2,9,2,64,18
2020,9.0,2020-08-01,Rory,Laird,Adelaide,BPL,4,347,4,14,5,1,7,0,82,18
2020,9.0,2020-08-01,Majak,Daw,North Melbourne,FF,2,131,3,6,2,0,1,0,88,7
2020,9.0,2020-08-01,Kyle,Hartigan,Adelaide,CHB,2,159,4,7,0,0,4,0,83,10
2020,9.0,2020-08-01,Luke,McDonald,North Melbourne,BPL,8,505,6,14,6,0,4,0,77,27
2020,9.0,2020-08-01,Matt,Crouch,Adelaide,C,2,262,5,13,5,1,5,0,73,16
2020,9.0,2020-08-01,Jake,Kelly,Adelaide,BPR,2,215,7,8,0,0,4,0,75,6
2020,9.0,2020-08-01,Trent,Dumont,North Melbourne,R,9,272,0,11,1,5,8,1,83,20
2020,9.0,2020-08-01,Riley,Knight,Adelaide,INT,2,74,2,15,1,0,1,1,100,3
2020,9.0,2020-08-01,Rory,Atkins,Adelaide,CHF,3,155,1,11,2,0,3,0,60,6
2020,9.0,2020-08-01,Ben,Keays,Adelaide,WR,2,139,2,30,3,2,4,0,42,5
2020,9.0,2020-08-01,Reilly,O'Brien,Adelaide,RK,3,124,2,20,2,1,2,0,83,10
2020,9.0,2020-08-01,Jy,Simpkin,North Melbourne,C,2,181,1,11,8,0,6,0,41,7
2020,9.0,2020-08-01,Tyson,Stengle,Adelaide,FPL,3,140,2,16,3,2,6,1,77,10
2020,9.0,2020-08-01,Cameron,Zurhaar,North Melbourne,FPR,5,337,1,7,1,0,5,0,50,5
2020,9.0,2020-08-01,Nick,Larkey,North Melbourne,CHF,4,133,0,8,2,0,1,1,83,5
2020,9.0,2020-08-01,Ben,McKay,North Melbourne,HBFR,4,195,1,12,1,0,0,0,73,11
2020,9.0,2020-08-01,Lachlan,Murphy,Adelaide,FPR,2,61,1,18,0,0,1,0,88,7
2020,9.0,2020-08-01,Luke,Davies-Uniacke,North Melbourne,INT,7,217,3,15,4,1,4,0,77,13
2020,9.0,2020-08-01,Aiden,Bonar,North Melbourne,INT,3,78,4,7,0,0,5,0,92,11
2020,9.0,2020-08-01,Elliott,Himmelberg,Adelaide,FF,5,100,1,12,1,0,1,2,82,9
2020,9.0,2020-08-01,Chayce,Jones,Adelaide,R,2,122,1,18,4,1,3,0,63,5
2020,9.0,2020-08-01,Bailey,Scott,North Melbourne,HFFR,5,80,1,10,2,0,4,2,79,11
2020,9.0,2020-08-01,Curtis,Taylor,North Melbourne,FPL,4,30,1,14,2,0,4,1,83,5
2020,9.0,2020-08-01,Kyron,Hayden,North Melbourne,BPR,3,242,4,6,2,0,3,0,82,14
2020,9.0,2020-08-01,Will,Hamill,Adelaide,HBFL,2,55,2,8,1,0,0,0,67,4
2020,9.0,2020-08-01,Shane,McAdam,Adelaide,HFFR,5,138,1,14,1,0,0,1,70,7
2020,9.0,2020-08-01,Jack,Mahony,North Melbourne,INT,3,229,2,12,4,0,3,1,70,7
2020,9.0,2020-08-01,Andrew,McPherson,Adelaide,HBFR,2,102,4,9,4,0,7,0,67,10
2020,9.0,2020-08-01,Kieran,Strachan,Adelaide,INT,2,-17,0,15,1,0,2,0,75,3
2020,9.0,2020-08-01,Paddy,Ryder,St Kilda,RK,4,108,3,5,2,0,2,1,71,5
2020,9.0,2020-08-01,Jarryn,Geary,St Kilda,BPL,4,44,0,13,1,0,3,4,83,5
2020,9.0,2020-08-01,Shane,Savage,St Kilda,INT,4,483,3,9,6,0,2,0,57,8
2020,9.0,2020-08-01,Jake,Carlisle,St Kilda,BPR,0,88,2,5,2,0,1,0,86,6
2020,9.0,2020-08-01,Sam,Reid,Sydney,FF,3,70,2,8,0,0,4,0,90,9
2020,9.0,2020-08-01,Luke,Parker,Sydney,RR,6,311,2,18,5,2,7,0,59,16
2020,9.0,2020-08-01,Harry,Cunningham,Sydney,WL,3,446,5,9,4,0,1,0,83,15
2020,9.0,2020-08-01,Bradley,Hill,St Kilda,HFFL,3,285,0,7,3,1,0,0,73,11
2020,9.0,2020-08-01,Dane,Rampe,Sydney,FB,4,375,5,7,4,0,3,0,64,9
2020,9.0,2020-08-01,Callum,Sinclair,Sydney,RK,1,69,0,10,2,0,1,1,60,3
2020,9.0,2020-08-01,Lewis,Taylor,Sydney,HFFL,3,97,2,12,1,0,3,2,50,5
2020,9.0,2020-08-01,Jack,Billings,St Kilda,WR,4,287,3,10,3,0,8,0,58,11
2020,9.0,2020-08-01,Sam,Gray,Sydney,INT,3,116,0,8,3,2,5,1,60,6
2020,9.0,2020-08-01,Jake,Lloyd,Sydney,BPL,3,404,9,8,6,0,6,0,72,18
2020,9.0,2020-08-01,Zak,Jones,St Kilda,C,9,163,5,17,4,4,12,1,62,13
2020,9.0,2020-08-01,Tim,Membrey,St Kilda,CHF,3,199,2,9,4,0,3,0,50,6
2020,9.0,2020-08-01,Jack,Sinclair,St Kilda,HFFR,4,207,3,20,3,1,5,0,87,13
2020,9.0,2020-08-01,Jack,Steele,St Kilda,RR,4,466,4,24,6,1,7,2,83,19
2020,9.0,2020-08-01,Callum,Mills,Sydney,HBFL,1,334,9,14,4,2,9,0,70,14
2020,9.0,2020-08-01,Tom,Papley,Sydney,R,5,198,0,7,5,0,4,1,44,4
2020,9.0,2020-08-01,Jade,Gresham,St Kilda,R,6,423,5,12,3,3,6,0,74,17
2020,9.0,2020-08-01,Dougal,Howard,St Kilda,FB,2,112,4,3,1,0,1,0,100,9
2020,9.0,2020-08-01,Aliir,Aliir,Sydney,CHB,2,107,3,3,3,0,3,0,42,5
2020,9.0,2020-08-01,Ryan,Clarke,Sydney,WR,1,196,4,7,4,0,3,0,40,4
2020,9.0,2020-08-01,Dan,Butler,St Kilda,FPR,2,244,3,16,5,0,3,7,46,6
2020,9.0,2020-08-01,Oliver,Florent,Sydney,C,4,372,5,24,3,2,6,0,45,9
2020,9.0,2020-08-01,Robbie,Fox,Sydney,BPR,0,96,8,7,1,0,7,0,75,12
2020,9.0,2020-08-01,Will,Hayward,Sydney,HBFR,5,248,1,12,2,0,4,3,53,8
2020,9.0,2020-08-01,Jordan,Dawson,Sydney,HFFR,2,200,4,13,2,0,1,0,62,8
2020,9.0,2020-08-01,Josh,Battle,St Kilda,INT,5,167,4,6,3,0,5,2,55,6
2020,9.0,2020-08-01,Rowan,Marshall,St Kilda,FPL,4,299,1,9,4,2,7,3,47,8
2020,9.0,2020-08-01,Hunter,Clark,St Kilda,HBFL,4,307,7,13,4,0,4,0,55,11
2020,9.0,2020-08-01,Nick,Coffield,St Kilda,WL,5,171,8,6,3,1,4,0,88,15
2020,9.0,2020-08-01,Tom,McCartin,Sydney,CHF,6,171,0,6,1,0,0,0,89,8
2020,9.0,2020-08-01,Ben,Paton,St Kilda,HBFR,2,330,4,3,3,0,3,0,71,10
2020,9.0,2020-08-01,Nick,Blakey,Sydney,FPL,2,52,1,13,2,0,1,1,60,3
2020,9.0,2020-08-01,Matthew,Parker,St Kilda,INT,3,83,2,18,1,0,1,1,71,5
2020,9.0,2020-08-01,Callum,Wilkie,St Kilda,CHB,2,341,3,9,1,0,2,0,88,14
2020,9.0,2020-08-01,James,Rowbottom,Sydney,INT,2,232,1,23,3,1,6,2,81,13
2020,9.0,2020-08-01,Nick,Hind,St Kilda,INT,6,320,0,12,1,0,5,4,81,13
2020,9.0,2020-08-01,James,Bell,Sydney,INT,3,190,3,10,5,0,7,0,67,10
2020,9.0,2020-08-01,Max,King,St Kilda,FF,6,43,2,9,0,0,4,3,78,7
2020,9.0,2020-08-01,Elijah,Taylor,Sydney,FPR,2,71,0,8,3,0,3,0,38,3
2020,9.0,2020-08-01,Matthew,Ling,Sydney,INT,1,177,1,4,4,0,3,0,50,5
2020,9.0,2020-08-01,Shannon,Hurn,West Coast,BPR,0,86,6,5,0,0,2,0,83,10
2020,9.0,2020-08-01,Josh J.,Kennedy,West Coast,FF,5,66,0,1,0,0,0,0,71,5
2020,9.0,2020-08-01,Tom,Hawkins,Geelong,CHF,4,129,0,2,3,0,5,1,63,5
2020,9.0,2020-08-01,Lachie,Henderson,Geelong,BPL,4,310,7,9,2,0,1,0,77,10
2020,9.0,2020-08-01,Harry,Taylor,Geelong,CHB,2,155,6,3,3,0,1,0,67,8
2020,9.0,2020-08-01,Patrick,Dangerfield,Geelong,C,7,563,2,12,6,2,7,1,78,14
2020,9.0,2020-08-01,Nic,Naitanui,West Coast,RK,6,264,2,10,2,3,3,2,60,6
2020,9.0,2020-08-01,Mitch,Duncan,Geelong,HFFL,8,382,0,12,1,2,4,0,91,19
2020,9.0,2020-08-01,Luke,Shuey,West Coast,R,7,428,2,16,3,3,3,0,74,17
2020,9.0,2020-08-01,Brad,Sheppard,West Coast,HBFL,0,223,2,5,4,0,1,0,60,6
2020,9.0,2020-08-01,Gary,Rohan,Geelong,FF,2,110,1,4,1,0,2,0,67,2
2020,9.0,2020-08-01,Cameron,Guthrie,Geelong,RR,5,34,0,22,4,1,7,1,74,17
2020,9.0,2020-08-01,Jack,Darling,West Coast,CHF,4,186,0,6,2,0,2,2,73,8
2020,9.0,2020-08-01,Andrew,Gaff,West Coast,WR,3,284,1,13,5,0,3,0,86,12
2020,9.0,2020-08-01,Jamie,Cripps,West Coast,HFFL,5,294,1,15,2,0,2,1,62,8
2020,9.0,2020-08-01,Zach,Tuohy,Geelong,FPL,6,419,1,9,4,0,2,0,67,12
2020,9.0,2020-08-01,Elliot,Yeo,West Coast,RR,5,275,1,17,1,1,6,0,50,10
2020,9.0,2020-08-01,Mark,Blicavs,Geelong,FB,2,62,0,13,2,0,1,0,80,8
2020,9.0,2020-08-01,Dom,Sheed,West Coast,WL,6,369,5,8,3,1,11,0,58,14
2020,9.0,2020-08-01,Jed,Bews,Geelong,INT,0,210,3,10,1,0,2,0,88,7
2020,9.0,2020-08-01,Jackson,Nelson,West Coast,HBFR,0,4,2,7,0,0,3,0,88,7
2020,9.0,2020-08-01,Liam,Duggan,West Coast,BPL,1,340,8,8,5,0,4,0,77,13
2020,9.0,2020-08-01,Brendon,Ah Chee,West Coast,FPL,2,15,1,7,0,0,1,1,100,6
2020,9.0,2020-08-01,Jake,Kolodjashnij,Geelong,BPR,1,73,1,8,2,0,1,0,57,4
2020,9.0,2020-08-01,Tom,Barrass,West Coast,FB,0,163,3,4,1,0,1,0,100,7
2020,9.0,2020-08-01,Tom,Cole,West Coast,INT,1,31,6,6,0,0,3,0,100,9
2020,9.0,2020-08-01,Sam,Menegola,Geelong,WL,5,373,3,8,2,1,7,0,84,16
2020,9.0,2020-08-01,Brandan,Parfitt,Geelong,INT,1,171,2,15,3,2,5,0,47,7
2020,9.0,2020-08-01,Tom,Stewart,Geelong,HBFR,2,489,11,5,4,1,8,0,86,19
2020,9.0,2020-08-01,Mark,O'Connor,Geelong,R,2,44,3,3,2,0,2,0,80,8
2020,9.0,2020-08-01,Sam,Simpson,Geelong,INT,4,115,0,8,2,0,5,1,64,7
2020,9.0,2020-08-01,Lachie,Fogarty,Geelong,WR,1,35,1,5,2,0,1,2,100,5
2020,9.0,2020-08-01,Tim,Kelly,West Coast,C,4,517,2,17,6,1,5,2,61,14
2020,9.0,2020-08-01,Esava,Ratugolea,Geelong,RK,3,176,0,10,4,2,4,2,36,4
2020,9.0,2020-08-01,Liam,Ryan,West Coast,FPR,5,206,1,7,3,0,3,1,36,4
2020,9.0,2020-08-01,Jake,Waterman,West Coast,INT,1,257,4,4,2,1,3,0,82,9
2020,9.0,2020-08-01,Jack,Henry,Geelong,HBFL,0,116,6,7,3,0,3,1,100,7
2020,9.0,2020-08-01,Brayden,Ainsworth,West Coast,INT,1,81,1,3,2,0,3,0,83,5
2020,9.0,2020-08-01,Oscar,Allen,West Coast,HFFR,2,81,2,13,2,0,2,3,67,6
2020,9.0,2020-08-01,Charlie,Constable,Geelong,INT,0,104,0,11,1,2,6,1,69,11
2020,9.0,2020-08-01,Gryan,Miers,Geelong,HFFR,5,265,0,8,0,0,0,0,75,9
2020,9.0,2020-08-01,Jarrod,Cameron,West Coast,INT,0,107,1,7,3,0,1,1,25,1
2020,9.0,2020-08-01,Brad,Close,Geelong,FPR,2,7,0,8,1,0,3,0,82,9
2020,9.0,2020-08-01,Harry,Edwards,West Coast,CHB,0,66,2,2,1,0,2,0,33,1
2020,9.0,2020-08-02,Heath,Shaw,Greater Western Sydney,BPL,2,198,2,6,4,0,2,0,60,6
2020,9.0,2020-08-02,Jarrod,Harbrow,Gold Coast,HBFR,1,39,5,6,1,0,4,0,78,7
2020,9.0,2020-08-02,Pearce,Hanley,Gold Coast,WL,0,192,6,16,6,0,3,0,73,8
2020,9.0,2020-08-02,Sam,Jacobs,Greater Western Sydney,RK,2,62,3,5,0,1,2,0,100,7
2020,9.0,2020-08-02,Matt,de Boer,Greater Western Sydney,R,1,169,3,16,3,0,4,1,93,14
2020,9.0,2020-08-02,Phil,Davis,Greater Western Sydney,FB,1,136,7,4,1,0,2,0,83,10
2020,9.0,2020-08-02,David,Swallow,Gold Coast,RR,4,227,1,23,2,2,5,1,71,10
2020,9.0,2020-08-02,Sam,Day,Gold Coast,CHF,1,197,3,12,4,0,4,0,44,4
2020,9.0,2020-08-02,Lachlan,Keeffe,Greater Western Sydney,CHB,0,-7,4,2,1,0,4,0,40,2
2020,9.0,2020-08-02,Jeremy,Cameron,Greater Western Sydney,CHF,3,184,1,12,3,1,5,1,60,6
2020,9.0,2020-08-02,Stephen,Coniglio,Greater Western Sydney,C,4,274,3,16,4,0,7,2,60,12
2020,9.0,2020-08-02,Toby,Greene,Greater Western Sydney,FPR,4,178,1,5,0,0,3,0,67,4
2020,9.0,2020-08-02,Brandon,Ellis,Gold Coast,WR,5,238,6,16,2,0,4,0,81,13
2020,9.0,2020-08-02,Alex,Sexton,Gold Coast,HFFR,4,186,0,13,0,0,1,1,50,3
2020,9.0,2020-08-02,Nick,Haynes,Greater Western Sydney,HBFR,3,405,6,2,3,0,0,0,83,15
2020,9.0,2020-08-02,Lachie,Whitfield,Greater Western Sydney,HFFL,6,433,4,11,4,0,6,0,83,24
2020,9.0,2020-08-02,Zac,Williams,Greater Western Sydney,HBFL,5,459,7,8,5,0,6,0,69,18
2020,9.0,2020-08-02,Jarrod,Witts,Gold Coast,RK,2,29,2,9,0,0,3,0,86,6
2020,9.0,2020-08-02,Aidan,Corr,Greater Western Sydney,BPR,1,307,4,6,4,0,2,0,75,12
2020,9.0,2020-08-02,Josh,Kelly,Greater Western Sydney,WL,4,270,2,26,6,2,9,0,64,18
2020,9.0,2020-08-02,Nick,Holman,Gold Coast,HFFL,1,71,2,19,2,0,6,0,67,8
2020,9.0,2020-08-02,Touk,Miller,Gold Coast,R,2,341,2,18,5,0,3,1,53,8
2020,9.0,2020-08-02,Lachie,Weller,Gold Coast,INT,4,191,0,20,1,0,7,0,62,8
2020,9.0,2020-08-02,Darcy,Macpherson,Gold Coast,INT,4,234,1,15,3,1,3,1,79,11
2020,9.0,2020-08-02,Jacob,Hopper,Greater Western Sydney,RR,7,373,3,19,8,3,7,1,67,18
2020,9.0,2020-08-02,Sam,Collins,Gold Coast,FB,1,111,8,13,0,0,2,0,100,11
2020,9.0,2020-08-02,Harry,Himmelberg,Greater Western Sydney,FPL,3,104,3,7,3,0,5,0,63,10
2020,9.0,2020-08-02,Ben,Ainsworth,Gold Coast,FPR,5,381,0,15,2,0,1,0,50,7
2020,9.0,2020-08-02,Jack,Bowes,Gold Coast,BPR,3,279,12,9,5,0,8,0,57,8
2020,9.0,2020-08-02,Tim,Taranto,Greater Western Sydney,WR,4,297,1,20,4,1,5,1,76,16
2020,9.0,2020-08-02,Harry,Perryman,Greater Western Sydney,INT,2,203,6,11,4,0,5,0,80,16
2020,9.0,2020-08-02,Hugh,Greenwood,Gold Coast,C,3,201,1,12,3,3,8,0,57,8
2020,9.0,2020-08-02,Jeremy,Finlayson,Greater Western Sydney,FF,4,186,0,8,3,0,1,1,73,8
2020,9.0,2020-08-02,Zac,Langdon,Greater Western Sydney,INT,1,34,2,12,4,0,4,2,56,5
2020,9.0,2020-08-02,Charlie,Ballard,Gold Coast,CHB,0,150,5,4,4,0,2,0,46,5
2020,9.0,2020-08-02,Wil,Powell,Gold Coast,INT,1,196,4,10,7,0,3,0,53,9
2020,9.0,2020-08-02,Brent,Daniels,Greater Western Sydney,HFFR,3,91,1,8,1,0,3,1,79,11
2020,9.0,2020-08-02,Jack,Lukosius,Gold Coast,HBFL,5,564,4,10,7,0,2,0,68,13
2020,9.0,2020-08-02,Ben,King,Gold Coast,FF,3,110,0,9,3,0,0,1,33,2
2020,9.0,2020-08-02,Jye,Caldwell,Greater Western Sydney,INT,3,21,1,10,4,1,8,1,80,12
2020,9.0,2020-08-02,Noah,Anderson,Gold Coast,INT,3,172,2,13,4,0,6,0,60,9
2020,9.0,2020-08-02,Connor,Budarick,Gold Coast,BPL,1,307,4,11,3,0,5,0,54,7
2020,9.0,2020-08-02,Lachie,Ash,Greater Western Sydney,INT,2,401,2,9,1,0,1,0,92,12
2020,9.0,2020-08-02,Izak,Rankine,Gold Coast,FPL,2,74,2,14,2,0,3,0,67,6
2020,9.0,2020-08-02,David,Mundy,Fremantle,INT,3,227,1,15,1,4,8,0,70,16
2020,9.0,2020-08-02,Travis,Varcoe,Collingwood,BPL,0,154,4,8,1,0,2,0,70,7
2020,9.0,2020-08-02,Chris,Mayne,Collingwood,WR,1,52,1,12,1,0,2,1,80,4
2020,9.0,2020-08-02,Steele,Sidebottom,Collingwood,FPL,6,321,4,28,2,0,6,0,68,17
2020,9.0,2020-08-02,Travis,Colyer,Fremantle,INT,1,228,1,8,4,0,5,0,64,7
2020,9.0,2020-08-02,Nat,Fyfe,Fremantle,C,4,183,5,20,3,1,15,1,63,15
2020,9.0,2020-08-02,Reece,Conca,Fremantle,FB,1,111,7,11,4,0,4,0,59,10
2020,9.0,2020-08-02,Brandon,Matera,Fremantle,FPR,1,125,0,8,2,0,2,2,33,2
2020,9.0,2020-08-02,Will,Hoskin-Elliott,Collingwood,HFFR,1,29,0,5,0,0,1,1,71,5
2020,9.0,2020-08-02,Nathan,Wilson,Fremantle,HBFR,1,267,4,8,4,0,5,0,78,14
2020,9.0,2020-08-02,Adam,Treloar,Collingwood,R,3,411,3,25,7,0,11,0,57,17
2020,9.0,2020-08-02,Jack,Crisp,Collingwood,C,2,357,4,24,3,0,5,0,80,16
2020,9.0,2020-08-02,Taylor,Adams,Collingwood,RR,2,144,1,26,3,3,5,1,39,7
2020,9.0,2020-08-02,Jamie,Elliott,Collingwood,FPR,1,281,1,15,7,3,6,1,47,7
2020,9.0,2020-08-02,Josh,Thomas,Collingwood,INT,4,86,1,20,3,0,4,2,56,5
2020,9.0,2020-08-02,Matt,Taberner,Fremantle,CHF,4,217,0,10,4,0,2,0,54,7
2020,9.0,2020-08-02,Brodie,Grundy,Collingwood,RK,3,223,2,13,1,0,0,0,64,7
2020,9.0,2020-08-02,Rory,Lobb,Fremantle,FF,2,318,3,13,6,0,6,0,67,8
2020,9.0,2020-08-02,Brayden,Maynard,Collingwood,HBFL,5,457,11,8,4,0,5,0,71,17
2020,9.0,2020-08-02,Darcy,Moore,Collingwood,CHB,3,336,13,1,4,0,5,0,90,17
2020,9.0,2020-08-02,Connor,Blakely,Fremantle,INT,1,111,7,11,6,2,10,0,57,13
2020,9.0,2020-08-02,Ethan,Hughes,Fremantle,HBFL,1,294,1,8,3,0,2,0,53,9
2020,9.0,2020-08-02,Tom,Phillips,Collingwood,WL,0,260,3,12,6,0,3,1,64,9
2020,9.0,2020-08-02,Luke,Ryan,Fremantle,CHB,0,525,9,9,7,0,5,0,76,19
2020,9.0,2020-08-02,Brennan,Cox,Fremantle,BPL,1,78,5,6,1,0,3,0,67,6
2020,9.0,2020-08-02,Sean,Darcy,Fremantle,RK,2,144,2,16,1,0,4,0,60,6
2020,9.0,2020-08-02,Josh,Daicos,Collingwood,INT,3,168,3,13,1,1,5,0,75,9
2020,9.0,2020-08-02,Andrew,Brayshaw,Fremantle,R,1,219,1,21,3,0,5,0,77,13
2020,9.0,2020-08-02,Jaidyn,Stephenson,Collingwood,HFFL,5,103,0,8,3,0,3,1,67,8
2020,9.0,2020-08-02,Adam,Cerra,Fremantle,HFFL,2,139,2,30,2,0,5,1,86,12
2020,9.0,2020-08-02,Mitch,Crowden,Fremantle,WR,4,251,1,19,4,1,6,1,50,6
2020,9.0,2020-08-02,Taylin,Duman,Fremantle,BPR,0,69,4,19,3,0,4,0,56,5
2020,9.0,2020-08-02,Brody,Mihocek,Collingwood,CHF,3,206,2,4,1,0,7,0,73,8
2020,9.0,2020-08-02,Brayden,Sier,Collingwood,INT,1,100,0,25,2,1,3,0,92,12
2020,9.0,2020-08-02,Darcy,Cameron,Collingwood,FF,1,165,4,7,3,0,3,0,73,8
2020,9.0,2020-08-02,Jack,Madgen,Collingwood,INT,1,59,4,8,1,0,4,0,90,9
2020,9.0,2020-08-02,Lachie,Schultz,Fremantle,FPL,4,276,1,6,2,0,3,0,91,10
2020,9.0,2020-08-02,Brett,Bewley,Fremantle,WL,1,208,4,19,0,0,4,0,71,12
2020,9.0,2020-08-02,Isaac,Quaynor,Collingwood,BPR,0,151,2,7,2,0,0,0,80,8
2020,9.0,2020-08-02,John,Noble,Collingwood,HBFR,1,414,5,12,7,0,2,0,72,18
2020,9.0,2020-08-02,Caleb,Serong,Fremantle,RR,4,277,4,22,4,3,13,0,67,16
2020,9.0,2020-08-02,Michael,Frederick,Fremantle,HFFR,1,83,0,25,3,0,1,1,14,1
2020,9.0,2020-08-02,Tobe,Watson,Fremantle,INT,1,246,2,11,2,0,2,0,75,9
2020,9.0,2020-08-02,Mark,Keane,Collingwood,FB,0,180,1,9,2,0,1,0,71,5
2020,10.0,2020-08-03,Robbie,Gray,Port Adelaide,HFFL,5,61,1,13,2,0,3,1,80,12
2020,10.0,2020-08-03,Justin,Westhoff,Port Adelaide,INT,4,111,1,11,1,0,1,0,67,6
2020,10.0,2020-08-03,Travis,Boak,Port Adelaide,C,2,39,1,21,1,2,4,1,80,8
2020,10.0,2020-08-03,Hamish,Hartlett,Port Adelaide,HBFR,1,328,6,12,3,0,7,0,83,15
2020,10.0,2020-08-03,Tom,Rockliff,Port Adelaide,RR,4,231,4,33,2,1,8,3,57,13
2020,10.0,2020-08-03,Easton,Wood,Western Bulldogs,INT,0,122,3,5,2,0,1,0,57,4
2020,10.0,2020-08-03,Tom,Liberatore,Western Bulldogs,RR,4,129,5,21,3,0,18,0,58,14
2020,10.0,2020-08-03,Charlie,Dixon,Port Adelaide,FPR,5,145,0,11,2,0,0,0,80,8
2020,10.0,2020-08-03,Trent,McKenzie,Port Adelaide,BPL,1,446,5,1,4,0,2,0,85,11
2020,10.0,2020-08-03,Mitch,Wallis,Western Bulldogs,FPL,6,72,2,10,1,0,5,5,67,6
2020,10.0,2020-08-03,Tom,Jonas,Port Adelaide,BPR,1,215,6,2,3,0,3,0,92,12
2020,10.0,2020-08-03,Josh,Bruce,Western Bulldogs,FF,1,37,0,10,0,0,1,0,50,1
2020,10.0,2020-08-03,Hayden,Crozier,Western Bulldogs,HBFR,2,230,3,10,3,0,1,0,70,7
2020,10.0,2020-08-03,Jason,Johannisen,Western Bulldogs,WL,3,166,2,13,5,0,2,0,64,9
2020,10.0,2020-08-03,Ollie,Wines,Port Adelaide,R,2,227,4,19,9,1,9,0,56,10
2020,10.0,2020-08-03,Sam,Mayes,Port Adelaide,INT,1,217,4,17,1,0,1,0,91,10
2020,10.0,2020-08-03,Jack,Macrae,Western Bulldogs,C,3,313,3,15,3,1,9,0,70,19
2020,10.0,2020-08-03,Tom,Clurey,Port Adelaide,FB,0,115,5,1,3,0,3,0,80,8
2020,10.0,2020-08-03,Sam,Lloyd,Western Bulldogs,INT,7,266,0,4,3,0,3,2,73,11
2020,10.0,2020-08-03,Marcus,Bontempelli,Western Bulldogs,CHF,5,308,4,23,2,2,12,2,68,15
2020,10.0,2020-08-03,Karl,Amon,Port Adelaide,WR,2,368,0,14,2,0,2,0,75,12
2020,10.0,2020-08-03,Toby,McLean,Western Bulldogs,INT,4,168,1,15,2,0,4,1,85,11
2020,10.0,2020-08-03,Caleb,Daniel,Western Bulldogs,BPR,1,123,4,8,0,0,6,0,94,15
2020,10.0,2020-08-03,Roarke,Smith,Western Bulldogs,BPL,1,65,4,16,3,0,3,1,50,4
2020,10.0,2020-08-03,Zaine,Cordy,Western Bulldogs,CHB,2,166,7,6,2,0,3,0,63,5
2020,10.0,2020-08-03,Josh,Dunkley,Western Bulldogs,INT,5,227,3,18,5,0,8,1,58,11
2020,10.0,2020-08-03,Darcy,Byrne-Jones,Port Adelaide,CHB,2,279,8,15,4,0,6,0,73,11
2020,10.0,2020-08-03,Bailey,Williams,Western Bulldogs,HBFL,1,437,6,11,4,0,3,0,77,13
2020,10.0,2020-08-03,Dan,Houston,Port Adelaide,HBFL,1,206,6,10,2,0,4,0,83,10
2020,10.0,2020-08-03,Sam,Powell-Pepper,Port Adelaide,INT,2,115,1,22,4,0,4,0,50,6
2020,10.0,2020-08-03,Tim,English,Western Bulldogs,RK,1,182,4,14,5,0,5,1,55,6
2020,10.0,2020-08-03,Alex,Keath,Western Bulldogs,FB,1,127,3,9,3,0,2,0,78,7
2020,10.0,2020-08-03,Patrick,Lipinski,Western Bulldogs,WR,3,238,1,13,3,1,3,0,79,11
2020,10.0,2020-08-03,Ed,Richards,Western Bulldogs,HFFL,2,272,4,6,7,0,8,1,46,6
2020,10.0,2020-08-03,Kane,Farrell,Port Adelaide,WL,1,70,1,13,3,0,1,0,50,3
2020,10.0,2020-08-03,Zak,Butters,Port Adelaide,HFFR,6,277,3,17,4,1,8,1,71,17
2020,10.0,2020-08-03,Xavier,Duursma,Port Adelaide,INT,0,201,2,12,3,0,3,0,50,5
2020,10.0,2020-08-03,Connor,Rozee,Port Adelaide,FF,2,113,2,16,2,0,7,1,67,10
2020,10.0,2020-08-03,Bailey,Smith,Western Bulldogs,R,1,217,4,17,2,1,7,1,75,15
2020,10.0,2020-08-03,Peter,Ladhams,Port Adelaide,RK,4,153,3,6,4,3,3,0,67,12
2020,10.0,2020-08-03,Mitch,Georgiades,Port Adelaide,FPL,3,155,1,17,3,0,2,3,50,5
2020,10.0,2020-08-03,Laitham,Vandermeer,Western Bulldogs,HFFR,4,262,1,8,2,0,1,0,44,4
2020,10.0,2020-08-03,Cody,Weightman,Western Bulldogs,FPR,1,85,0,9,3,0,2,0,60,3
2020,10.0,2020-08-03,Boyd,Woodcock,Port Adelaide,CHF,4,243,0,12,2,0,3,0,73,8
2020,10.0,2020-08-04,Jack,Riewoldt,Richmond,FPL,7,207,2,5,1,0,2,0,70,7
2020,10.0,2020-08-04,Trent,Cotchin,Richmond,R,5,156,0,15,3,2,3,0,73,11
2020,10.0,2020-08-04,Mitch,Robinson,Brisbane Lions,WL,4,211,3,10,4,0,2,1,63,10
2020,10.0,2020-08-04,Dustin,Martin,Richmond,FF,10,604,2,11,5,2,6,0,71,17
2020,10.0,2020-08-04,Dylan,Grimes,Richmond,FB,1,139,2,9,1,0,0,0,100,5
2020,10.0,2020-08-04,Tom,Lynch,Richmond,HFFR,8,218,0,10,2,0,4,1,73,8
2020,10.0,2020-08-04,Lachie,Neale,Brisbane Lions,R,8,473,1,15,5,4,9,1,85,22
2020,10.0,2020-08-04,Jarryd,Lyons,Brisbane Lions,RR,10,342,5,11,4,3,7,1,73,19
2020,10.0,2020-08-04,Dayne,Zorko,Brisbane Lions,C,6,565,0,24,5,0,2,0,47,9
2020,10.0,2020-08-04,Lincoln,McCarthy,Brisbane Lions,HFFR,7,197,1,7,1,0,5,0,77,13
2020,10.0,2020-08-04,Nick,Vlastuin,Richmond,CHB,5,357,10,9,3,0,2,0,82,14
2020,10.0,2020-08-04,Darcy,Gardiner,Brisbane Lions,BPR,2,205,10,10,2,0,4,0,54,7
2020,10.0,2020-08-04,Charlie,Cameron,Brisbane Lions,FPR,6,225,0,6,2,0,1,0,50,5
2020,10.0,2020-08-04,Cameron,Ellis-Yolmen,Brisbane Lions,INT,1,79,0,17,1,0,2,0,80,8
2020,10.0,2020-08-04,Kamdyn,McIntosh,Richmond,WL,4,349,0,8,1,0,3,0,80,12
2020,10.0,2020-08-04,Kane,Lambert,Richmond,CHF,3,250,2,13,0,0,4,0,93,14
2020,10.0,2020-08-04,Harris,Andrews,Brisbane Lions,FB,2,338,8,11,2,0,1,0,87,13
2020,10.0,2020-08-04,Callum,Ah Chee,Brisbane Lions,BPL,7,331,6,10,5,0,6,0,74,14
2020,10.0,2020-08-04,Jayden,Short,Richmond,HBFL,6,577,6,5,1,0,6,0,100,23
2020,10.0,2020-08-04,Jason,Castagna,Richmond,FPR,1,334,1,8,5,0,1,0,42,5
2020,10.0,2020-08-04,Eric,Hipwood,Brisbane Lions,FF,2,143,0,7,3,0,1,0,83,5
2020,10.0,2020-08-04,Nathan,Broad,Richmond,BPL,0,143,2,5,1,0,1,0,71,5
2020,10.0,2020-08-04,Mabior,Chol,Richmond,INT,4,127,3,13,0,0,2,2,60,3
2020,10.0,2020-08-04,Jarrod,Berry,Brisbane Lions,HFFL,3,212,3,17,4,0,3,1,62,8
2020,10.0,2020-08-04,Hugh,McCluggage,Brisbane Lions,WR,9,250,3,19,2,1,6,0,82,18
2020,10.0,2020-08-04,Ivan,Soldo,Richmond,RK,1,47,1,8,3,0,1,0,33,2
2020,10.0,2020-08-04,Shai,Bolton,Richmond,RR,7,499,3,13,8,4,5,0,75,18
2020,10.0,2020-08-04,Alex,Witherden,Brisbane Lions,HBFL,3,413,2,7,4,0,1,0,74,14
2020,10.0,2020-08-04,Sam,Skinner,Brisbane Lions,CHB,3,38,0,7,1,0,1,0,71,5
2020,10.0,2020-08-04,Cam,Rayner,Brisbane Lions,CHF,3,207,0,8,2,0,1,0,50,3
2020,10.0,2020-08-04,Jack,Higgins,Richmond,INT,2,70,0,2,2,0,3,1,67,4
2020,10.0,2020-08-04,Zac,Bailey,Brisbane Lions,INT,1,335,3,16,2,0,2,0,85,11
2020,10.0,2020-08-04,Oscar,McInerney,Brisbane Lions,RK,6,228,2,8,3,0,2,0,91,10
2020,10.0,2020-08-04,Liam,Baker,Richmond,INT,7,580,8,7,6,0,7,0,73,19
2020,10.0,2020-08-04,Brandon,Starcevich,Brisbane Lions,FPL,2,245,3,3,1,0,1,0,60,6
2020,10.0,2020-08-04,Noah,Balta,Richmond,BPR,0,195,8,6,2,0,3,0,80,8
2020,10.0,2020-08-04,Sydney,Stack,Richmond,INT,7,255,1,17,3,2,4,1,69,11
2020,10.0,2020-08-04,Jack,Ross,Richmond,C,3,265,0,9,2,0,3,0,83,10
2020,10.0,2020-08-04,Noah,Answerth,Brisbane Lions,HBFR,2,84,3,12,0,0,4,0,100,8
2020,10.0,2020-08-04,Derek,Eggmolesse-Smith,Richmond,HBFR,0,196,2,8,3,0,2,0,75,6
2020,10.0,2020-08-04,Marlion,Pickett,Richmond,WR,6,239,2,9,4,0,4,0,71,10
2020,10.0,2020-08-04,Jake,Aarts,Richmond,HFFL,8,214,1,8,2,0,3,1,93,13
2020,10.0,2020-08-04,Connor,Ballenden,Brisbane Lions,INT,1,41,1,6,0,0,0,0,33,1
2020,10.0,2020-08-04,Jack,Payne,Brisbane Lions,INT,1,101,4,3,3,0,3,0,89,8
2020,10.0,2020-08-05,Shaun,Higgins,North Melbourne,WR,6,532,2,22,2,0,2,1,80,16
2020,10.0,2020-08-05,Joel,Selwood,Geelong,R,6,154,2,18,0,2,3,0,71,10
2020,10.0,2020-08-05,Tom,Hawkins,Geelong,CHF,9,238,2,12,2,0,5,0,64,9
2020,10.0,2020-08-05,Lachie,Henderson,Geelong,FB,1,131,3,10,3,0,1,0,75,6
2020,10.0,2020-08-05,Harry,Taylor,Geelong,CHB,0,39,5,6,0,0,4,0,63,5
2020,10.0,2020-08-05,Todd,Goldstein,North Melbourne,RK,2,187,1,18,5,0,6,0,73,11
2020,10.0,2020-08-05,Patrick,Dangerfield,Geelong,RR,8,283,1,9,2,1,9,0,59,10
2020,10.0,2020-08-05,Jack,Steven,Geelong,INT,4,456,1,15,6,1,2,1,76,16
2020,10.0,2020-08-05,Mitch,Duncan,Geelong,C,5,381,1,14,3,2,4,0,70,14
2020,10.0,2020-08-05,Rhys,Stanley,Geelong,RK,5,53,3,7,1,1,3,0,100,13
2020,10.0,2020-08-05,Robbie,Tarrant,North Melbourne,CHB,2,342,5,6,2,0,5,0,93,14
2020,10.0,2020-08-05,Jamie,Macmillan,North Melbourne,HBFR,1,116,6,15,3,0,3,0,91,10
2020,10.0,2020-08-05,Cameron,Guthrie,Geelong,FF,8,430,2,12,4,4,7,0,76,22
2020,10.0,2020-08-05,Jasper,Pittard,North Melbourne,HFFL,0,267,3,9,3,0,1,0,75,9
2020,10.0,2020-08-05,Shaun,Atley,North Melbourne,HBFL,1,313,2,7,3,0,2,0,69,9
2020,10.0,2020-08-05,Jared,Polec,North Melbourne,WL,2,191,0,12,2,2,5,0,53,8
2020,10.0,2020-08-05,Zach,Tuohy,Geelong,HBFL,3,242,2,11,3,0,3,0,63,10
2020,10.0,2020-08-05,Aaron,Hall,North Melbourne,INT,2,281,3,18,3,0,3,0,67,8
2020,10.0,2020-08-05,Josh,Walker,North Melbourne,FB,2,205,3,10,2,0,2,1,70,7
2020,10.0,2020-08-05,Jed,Anderson,North Melbourne,R,3,328,2,29,4,2,7,1,68,15
2020,10.0,2020-08-05,Mark,Blicavs,Geelong,BPL,4,208,4,12,1,1,8,0,84,16
2020,10.0,2020-08-05,Majak,Daw,North Melbourne,FF,4,213,1,4,5,0,1,0,60,6
2020,10.0,2020-08-05,Luke,McDonald,North Melbourne,BPL,1,383,6,11,3,0,5,0,94,17
2020,10.0,2020-08-05,Jed,Bews,Geelong,INT,2,137,4,8,1,0,4,0,67,6
2020,10.0,2020-08-05,Ben,Brown,North Melbourne,CHF,0,0,0,0,0,0,0,0,0,0
2020,10.0,2020-08-05,Trent,Dumont,North Melbourne,RR,1,338,2,21,4,3,8,3,75,12
2020,10.0,2020-08-05,Sam,Menegola,Geelong,WL,4,447,4,9,7,0,6,0,57,16
2020,10.0,2020-08-05,Jy,Simpkin,North Melbourne,C,5,515,3,27,7,4,7,0,76,19
2020,10.0,2020-08-05,Tom,Stewart,Geelong,HBFR,0,308,5,6,4,0,2,0,53,9
2020,10.0,2020-08-05,Mark,O'Connor,Geelong,WR,2,94,5,8,1,0,5,0,100,10
2020,10.0,2020-08-05,Zach,Guthrie,Geelong,FPL,4,233,4,8,2,0,3,0,55,6
2020,10.0,2020-08-05,Sam,Simpson,Geelong,FPR,5,141,2,17,2,0,3,1,75,9
2020,10.0,2020-08-05,Cameron,Zurhaar,North Melbourne,FPL,1,96,0,12,1,0,3,2,78,7
2020,10.0,2020-08-05,Ben,McKay,North Melbourne,INT,1,110,5,3,1,0,3,0,92,11
2020,10.0,2020-08-05,Lachie,Fogarty,Geelong,INT,9,353,1,16,3,3,6,1,61,14
2020,10.0,2020-08-05,Jack,Henry,Geelong,BPR,2,222,8,7,0,0,7,0,90,9
2020,10.0,2020-08-05,Will,Walker,North Melbourne,INT,2,107,2,15,3,0,5,2,82,9
2020,10.0,2020-08-05,Aiden,Bonar,North Melbourne,BPR,1,4,0,7,0,0,0,0,100,5
2020,10.0,2020-08-05,Tom,Atkins,Geelong,HFFR,2,112,2,20,1,0,3,0,57,4
2020,10.0,2020-08-05,Gryan,Miers,Geelong,INT,7,239,0,6,1,0,3,1,91,10
2020,10.0,2020-08-05,Bailey,Scott,North Melbourne,HFFR,3,167,2,15,2,0,3,0,62,8
2020,10.0,2020-08-05,Jack,Mahony,North Melbourne,FPR,1,47,1,12,2,0,2,1,50,4
2020,10.0,2020-08-05,Brad,Close,Geelong,HFFL,2,97,1,6,2,0,2,1,50,3
2020,10.0,2020-08-05,Lachlan,Hosie,North Melbourne,INT,2,49,0,8,4,0,1,0,56,5
2020,10.0,2020-08-05,Nathan,Jones,Melbourne,INT,3,279,2,11,4,0,5,0,46,6
2020,10.0,2020-08-05,David,Mackay,Adelaide,WR,1,295,4,4,3,0,3,0,63,10
2020,10.0,2020-08-05,Taylor,Walker,Adelaide,FF,0,105,0,9,3,0,2,0,20,1
2020,10.0,2020-08-05,Jake,Melksham,Melbourne,HFFL,5,137,2,13,5,0,2,3,46,5
2020,10.0,2020-08-05,Tom,Lynch,Adelaide,HFFR,1,247,5,7,4,0,5,0,79,15
2020,10.0,2020-08-05,Harley,Bennell,Melbourne,INT,2,69,1,6,0,0,1,2,100,5
2020,10.0,2020-08-05,Michael,Hibberd,Melbourne,BPR,1,243,4,1,5,0,2,0,73,8
2020,10.0,2020-08-05,Steven,May,Melbourne,FB,4,420,7,10,3,0,2,0,69,11
2020,10.0,2020-08-05,Max,Gawn,Melbourne,RK,3,67,4,7,1,1,4,0,73,8
2020,10.0,2020-08-05,Daniel,Talia,Adelaide,FB,1,111,3,8,1,0,2,0,57,4
2020,10.0,2020-08-05,Adam,Tomlinson,Melbourne,WR,2,135,1,9,1,0,1,0,75,6
2020,10.0,2020-08-05,Paul,Seedsman,Adelaide,INT,5,422,1,12,6,0,2,1,59,10
2020,10.0,2020-08-05,Luke,Brown,Adelaide,BPL,1,497,9,4,4,1,4,0,95,19
2020,10.0,2020-08-05,Jack,Viney,Melbourne,R,7,376,2,16,2,2,8,1,68,15
2020,10.0,2020-08-05,Rory,Laird,Adelaide,HBFL,1,221,4,19,5,1,8,3,80,16
2020,10.0,2020-08-05,Matt,Crouch,Adelaide,C,4,143,3,24,4,4,7,0,63,17
2020,10.0,2020-08-05,Christian,Salem,Melbourne,HBFL,5,468,5,3,7,0,4,0,54,14
2020,10.0,2020-08-05,Angus,Brayshaw,Melbourne,HFFR,5,293,2,15,1,0,6,0,47,8
2020,10.0,2020-08-05,Aaron,vandenBerg,Melbourne,FPR,1,146,0,10,4,1,3,0,67,4
2020,10.0,2020-08-05,Jake,Kelly,Adelaide,CHF,0,172,3,9,4,0,1,0,50,4
2020,10.0,2020-08-05,Jake,Lever,Melbourne,CHB,0,255,6,3,1,0,3,0,80,8
2020,10.0,2020-08-05,Alex,Neal-Bullen,Melbourne,BPL,1,45,0,18,4,0,3,2,57,4
2020,10.0,2020-08-05,James,Harmes,Melbourne,HBFR,2,148,8,13,3,0,8,0,47,7
2020,10.0,2020-08-05,Ed,Langdon,Melbourne,WL,3,242,6,9,5,0,5,0,71,12
2020,10.0,2020-08-05,Clayton,Oliver,Melbourne,C,5,515,6,17,5,1,13,2,74,25
2020,10.0,2020-08-05,Christian,Petracca,Melbourne,RR,8,492,4,24,4,2,8,4,75,15
2020,10.0,2020-08-05,Ben,Keays,Adelaide,RR,2,347,2,14,6,2,8,0,63,12
2020,10.0,2020-08-05,Ben,Crocker,Adelaide,INT,3,108,1,19,1,0,2,4,75,3
2020,10.0,2020-08-05,Sam,Weideman,Melbourne,CHF,4,188,0,9,2,0,1,1,71,5
2020,10.0,2020-08-05,Reilly,O'Brien,Adelaide,RK,2,111,4,8,2,1,2,0,33,3
2020,10.0,2020-08-05,Tom,Doedee,Adelaide,CHB,1,261,8,8,6,0,6,0,67,12
2020,10.0,2020-08-05,Darcy,Fogarty,Adelaide,BPR,3,13,0,13,2,0,3,2,60,3
2020,10.0,2020-08-05,Lachlan,Murphy,Adelaide,FPR,4,29,1,13,0,0,6,4,75,6
2020,10.0,2020-08-05,Bayley,Fritsch,Melbourne,FPL,7,189,0,15,0,0,2,2,88,7
2020,10.0,2020-08-05,Elliott,Himmelberg,Adelaide,FPL,2,290,1,9,3,0,3,1,60,6
2020,10.0,2020-08-05,Tom,Sparrow,Melbourne,INT,1,63,2,13,1,1,7,1,73,8
2020,10.0,2020-08-05,Chayce,Jones,Adelaide,R,0,63,1,16,2,0,1,2,67,2
2020,10.0,2020-08-05,Jay,Lockhart,Melbourne,INT,3,115,5,4,0,0,3,0,71,5
2020,10.0,2020-08-05,Fischer,McAsey,Adelaide,INT,0,197,4,5,3,0,0,0,83,5
2020,10.0,2020-08-05,Luke,Jackson,Melbourne,FF,5,98,0,11,2,0,1,1,75,6
2020,10.0,2020-08-05,Ned,McHenry,Adelaide,HFFL,2,72,1,25,2,0,2,2,63,5
2020,10.0,2020-08-05,Will,Hamill,Adelaide,HBFR,0,67,2,0,1,0,1,0,0,0
2020,10.0,2020-08-05,Harry,Schoenberg,Adelaide,INT,3,169,1,14,0,1,4,0,58,7
2020,10.0,2020-08-05,Lachlan,Sholl,Adelaide,WL,1,184,3,6,4,0,4,0,80,8
2020,10.0,2020-08-06,Ben,Reid,Collingwood,FF,1,168,0,4,3,0,3,0,56,5
2020,10.0,2020-08-06,Steele,Sidebottom,Collingwood,C,3,105,0,15,3,0,6,2,56,10
2020,10.0,2020-08-06,Jordan,Roughead,Collingwood,FB,0,113,7,3,6,0,4,0,61,11
2020,10.0,2020-08-06,Sam,Reid,Sydney,FF,4,167,2,10,2,0,3,0,63,5
2020,10.0,2020-08-06,Luke,Parker,Sydney,C,1,123,2,22,6,1,5,1,33,4
2020,10.0,2020-08-06,Will,Hoskin-Elliott,Collingwood,HFFR,0,0,0,0,0,0,0,0,0,0
2020,10.0,2020-08-06,Harry,Cunningham,Sydney,WL,0,296,3,10,5,1,4,0,69,9
2020,10.0,2020-08-06,Adam,Treloar,Collingwood,R,2,276,4,6,3,0,10,1,60,15
2020,10.0,2020-08-06,Jack,Crisp,Collingwood,BPL,5,325,4,10,3,0,4,0,53,8
2020,10.0,2020-08-06,Taylor,Adams,Collingwood,RR,6,456,4,10,3,2,12,0,45,13
2020,10.0,2020-08-06,Jamie,Elliott,Collingwood,FPR,4,225,2,13,4,1,2,1,60,6
2020,10.0,2020-08-06,Dane,Rampe,Sydney,FB,0,237,5,5,4,0,3,0,92,11
2020,10.0,2020-08-06,Josh,Thomas,Collingwood,INT,4,96,3,12,2,1,5,2,62,8
2020,10.0,2020-08-06,Callum,Sinclair,Sydney,RK,1,158,2,10,4,2,5,0,67,8
2020,10.0,2020-08-06,Jackson,Thurlow,Sydney,CHB,3,317,2,15,3,0,3,0,67,10
2020,10.0,2020-08-06,Brodie,Grundy,Collingwood,RK,3,57,0,9,1,1,8,0,63,10
2020,10.0,2020-08-06,Jake,Lloyd,Sydney,HBFL,1,421,8,11,2,0,4,0,84,21
2020,10.0,2020-08-06,Brayden,Maynard,Collingwood,HBFL,2,305,9,9,4,0,4,0,58,11
2020,10.0,2020-08-06,Darcy,Moore,Collingwood,CHB,1,169,2,5,2,0,0,0,78,7
2020,10.0,2020-08-06,Callum,Mills,Sydney,R,0,373,2,12,4,0,2,0,75,9
2020,10.0,2020-08-06,Tom,Papley,Sydney,FPL,3,92,0,15,1,1,0,2,29,2
2020,10.0,2020-08-06,Aliir,Aliir,Sydney,INT,1,36,0,3,2,0,2,0,100,3
2020,10.0,2020-08-06,Tom,Phillips,Collingwood,WL,2,350,5,6,2,0,5,0,60,12
2020,10.0,2020-08-06,Oliver,Florent,Sydney,WR,1,174,1,18,4,1,4,0,50,6
2020,10.0,2020-08-06,Robbie,Fox,Sydney,BPL,0,138,4,9,2,0,1,0,88,7
2020,10.0,2020-08-06,Will,Hayward,Sydney,HFFL,1,127,2,11,4,0,4,3,69,9
2020,10.0,2020-08-06,Jordan,Dawson,Sydney,HBFR,2,257,9,8,4,0,4,0,77,13
2020,10.0,2020-08-06,Lewis,Melican,Sydney,BPR,0,158,3,4,3,0,3,0,71,5
2020,10.0,2020-08-06,Callum L.,Brown,Collingwood,FPL,1,97,6,17,1,0,5,1,86,12
2020,10.0,2020-08-06,Josh,Daicos,Collingwood,WR,4,501,3,6,6,0,5,0,68,17
2020,10.0,2020-08-06,Jaidyn,Stephenson,Collingwood,HFFL,2,183,1,7,0,0,2,0,80,8
2020,10.0,2020-08-06,Tom,McCartin,Sydney,CHF,3,177,0,8,2,0,0,2,67,6
2020,10.0,2020-08-06,Brody,Mihocek,Collingwood,CHF,3,254,3,9,3,0,6,2,73,11
2020,10.0,2020-08-06,Brayden,Sier,Collingwood,INT,7,232,1,20,5,1,6,0,70,16
2020,10.0,2020-08-06,Jack,Madgen,Collingwood,INT,1,184,9,8,2,0,7,0,88,14
2020,10.0,2020-08-06,James,Rowbottom,Sydney,RR,2,221,4,23,5,3,13,0,65,11
2020,10.0,2020-08-06,Isaac,Quaynor,Collingwood,BPR,1,35,1,2,0,0,1,0,71,5
2020,10.0,2020-08-06,John,Noble,Collingwood,HBFR,2,264,6,7,5,0,3,0,57,8
2020,10.0,2020-08-06,James,Bell,Sydney,HFFR,1,149,0,15,3,0,2,1,50,3
2020,10.0,2020-08-06,Dylan,Stephens,Sydney,INT,4,306,4,14,3,0,4,0,42,5
2020,10.0,2020-08-06,Elijah,Taylor,Sydney,INT,1,70,2,8,4,0,3,0,50,3
2020,10.0,2020-08-06,Matthew,Ling,Sydney,INT,0,193,1,2,3,0,1,0,50,3
2020,10.0,2020-08-06,Trey,Ruscoe,Collingwood,INT,5,103,0,4,0,0,2,0,57,4
2020,10.0,2020-08-06,Sam,Wicks,Sydney,FPR,2,158,3,19,0,0,5,1,67,6
2020,10.0,2020-08-06,Paddy,Ryder,St Kilda,RK,3,111,3,14,3,1,4,1,86,6
2020,10.0,2020-08-06,Jarrod,Harbrow,Gold Coast,HBFR,2,379,8,5,3,0,4,0,77,13
2020,10.0,2020-08-06,Jake,Carlisle,St Kilda,BPR,2,150,6,6,3,0,2,0,71,12
2020,10.0,2020-08-06,David,Swallow,Gold Coast,RR,4,199,1,15,6,0,5,1,64,14
2020,10.0,2020-08-06,Sam,Day,Gold Coast,CHF,4,146,1,7,2,0,6,1,92,11
2020,10.0,2020-08-06,Brandon,Ellis,Gold Coast,WR,2,301,5,12,3,0,4,0,78,18
2020,10.0,2020-08-06,Bradley,Hill,St Kilda,WR,3,266,2,11,5,0,2,0,77,13
2020,10.0,2020-08-06,Alex,Sexton,Gold Coast,INT,3,348,1,18,5,1,3,1,46,5
2020,10.0,2020-08-06,Jarrod,Witts,Gold Coast,RK,6,142,1,7,2,2,3,0,60,6
2020,10.0,2020-08-06,Dean,Kent,St Kilda,INT,3,191,0,12,1,0,5,1,73,8
2020,10.0,2020-08-06,Sean,Lemmens,Gold Coast,INT,3,151,1,6,1,0,4,0,58,7
2020,10.0,2020-08-06,Jack,Billings,St Kilda,WL,5,360,4,16,3,1,8,1,69,18
2020,10.0,2020-08-06,Zak,Jones,St Kilda,C,1,196,1,20,4,0,3,0,54,7
2020,10.0,2020-08-06,Tim,Membrey,St Kilda,CHF,5,266,2,6,1,0,2,0,91,10
2020,10.0,2020-08-06,Nick,Holman,Gold Coast,HFFL,4,109,0,9,1,0,1,0,85,11
2020,10.0,2020-08-06,Touk,Miller,Gold Coast,R,4,376,1,21,6,2,3,0,61,11
2020,10.0,2020-08-06,Jack,Sinclair,St Kilda,CHB,1,260,3,18,6,2,9,0,50,9
2020,10.0,2020-08-06,Jack,Steele,St Kilda,RR,7,185,2,27,3,2,5,0,76,16
2020,10.0,2020-08-06,Lachie,Weller,Gold Coast,WL,5,422,3,15,6,3,8,0,61,11
2020,10.0,2020-08-06,Jade,Gresham,St Kilda,FPR,2,264,1,14,5,3,7,0,44,7
2020,10.0,2020-08-06,Dougal,Howard,St Kilda,FB,0,14,6,7,1,0,3,0,90,9
2020,10.0,2020-08-06,Sam,Collins,Gold Coast,FB,3,132,10,8,2,0,3,0,93,13
2020,10.0,2020-08-06,Dan,Butler,St Kilda,HFFR,6,265,0,16,2,0,3,1,62,8
2020,10.0,2020-08-06,Ben,Ainsworth,Gold Coast,FPR,6,194,1,10,7,0,7,0,67,12
2020,10.0,2020-08-06,Jack,Bowes,Gold Coast,BPR,3,156,3,20,3,0,5,1,64,7
2020,10.0,2020-08-06,Ben,Long,St Kilda,INT,0,106,2,14,1,0,0,0,80,4
2020,10.0,2020-08-06,Hugh,Greenwood,Gold Coast,C,4,177,4,25,3,3,10,0,68,15
2020,10.0,2020-08-06,Josh,Battle,St Kilda,INT,2,305,2,4,4,0,2,0,46,6
2020,10.0,2020-08-06,Rowan,Marshall,St Kilda,HFFL,4,346,4,10,0,2,8,0,100,17
2020,10.0,2020-08-06,Hunter,Clark,St Kilda,R,2,280,8,17,1,1,10,0,84,16
2020,10.0,2020-08-06,Nick,Coffield,St Kilda,HBFL,2,380,4,12,1,0,2,0,86,12
2020,10.0,2020-08-06,Charlie,Ballard,Gold Coast,CHB,1,126,2,8,1,0,1,0,57,4
2020,10.0,2020-08-06,Ed,Phillips,St Kilda,INT,1,131,2,9,3,0,3,0,85,11
2020,10.0,2020-08-06,Wil,Powell,Gold Coast,HFFR,3,192,3,10,2,0,3,0,79,11
2020,10.0,2020-08-06,Ben,Paton,St Kilda,BPL,1,155,8,12,5,0,3,0,73,8
2020,10.0,2020-08-06,Callum,Wilkie,St Kilda,HBFR,1,370,8,6,4,0,2,0,83,15
2020,10.0,2020-08-06,Jack,Lukosius,Gold Coast,HBFL,3,549,8,12,4,2,7,0,81,17
2020,10.0,2020-08-06,Ben,King,Gold Coast,FF,5,97,0,11,3,0,2,0,80,4
2020,10.0,2020-08-06,Nick,Hind,St Kilda,FPL,7,471,1,13,5,1,5,0,65,11
2020,10.0,2020-08-06,Noah,Anderson,Gold Coast,INT,5,277,2,12,4,1,5,0,50,8
2020,10.0,2020-08-06,Connor,Budarick,Gold Coast,BPL,1,155,5,15,1,0,3,0,75,6
2020,10.0,2020-08-06,Max,King,St Kilda,FF,2,181,2,9,3,0,1,3,67,4
2020,10.0,2020-08-06,Izak,Rankine,Gold Coast,FPL,4,274,2,13,5,0,6,1,62,8
2020,10.0,2020-08-06,Jeremy,Sharp,Gold Coast,INT,0,145,2,7,0,0,2,0,89,8
2020,10.0,2020-08-07,Heath,Shaw,Greater Western Sydney,BPL,3,239,3,9,1,0,0,0,89,8
2020,10.0,2020-08-07,Shane,Mumford,Greater Western Sydney,RK,2,58,3,10,1,3,3,0,82,9
2020,10.0,2020-08-07,Callan,Ward,Greater Western Sydney,FPR,4,243,5,12,1,0,4,1,71,10
2020,10.0,2020-08-07,Michael,Hurley,Essendon,FB,2,379,9,2,7,0,2,0,83,19
2020,10.0,2020-08-07,David,Zaharakis,Essendon,HFFR,4,254,2,14,5,0,6,0,56,10
2020,10.0,2020-08-07,Shaun,McKernan,Essendon,FF,3,172,0,6,3,0,1,0,44,4
2020,10.0,2020-08-07,Phil,Davis,Greater Western Sydney,FB,1,16,0,4,0,0,0,1,100,4
2020,10.0,2020-08-07,Lachlan,Keeffe,Greater Western Sydney,CHB,0,67,4,3,0,0,1,0,71,5
2020,10.0,2020-08-07,Jeremy,Cameron,Greater Western Sydney,FF,8,236,4,8,2,0,2,0,54,7
2020,10.0,2020-08-07,Stephen,Coniglio,Greater Western Sydney,C,5,309,4,13,1,2,5,3,58,15
2020,10.0,2020-08-07,Dylan,Shiel,Essendon,WR,1,248,5,19,6,0,6,0,27,4
2020,10.0,2020-08-07,Devon,Smith,Essendon,INT,5,322,0,20,3,0,5,0,56,10
2020,10.0,2020-08-07,Jacob,Townsend,Essendon,CHF,0,-2,0,2,0,0,0,0,0,0
2020,10.0,2020-08-07,Nick,Haynes,Greater Western Sydney,HBFL,3,399,7,11,4,0,1,0,72,13
2020,10.0,2020-08-07,Lachie,Whitfield,Greater Western Sydney,WL,7,324,4,23,5,0,5,1,81,21
2020,10.0,2020-08-07,Zac,Williams,Greater Western Sydney,HBFR,3,209,5,8,2,1,7,1,85,11
2020,10.0,2020-08-07,Aidan,Corr,Greater Western Sydney,BPR,1,306,2,3,2,0,3,0,80,8
2020,10.0,2020-08-07,James,Stewart,Essendon,INT,0,61,0,4,1,0,2,0,75,3
2020,10.0,2020-08-07,Zach,Merrett,Essendon,RR,5,658,5,22,5,1,9,0,67,22
2020,10.0,2020-08-07,Josh,Kelly,Greater Western Sydney,HFFL,4,341,2,26,4,0,5,2,59,13
2020,10.0,2020-08-07,Tom,Cutler,Essendon,WL,2,82,3,12,1,0,7,0,54,7
2020,10.0,2020-08-07,Adam,Saad,Essendon,HBFR,7,758,6,13,6,2,3,0,75,15
2020,10.0,2020-08-07,Kyle,Langford,Essendon,FPR,4,123,0,5,1,0,3,0,64,7
2020,10.0,2020-08-07,Conor,McKenna,Essendon,INT,4,167,0,13,0,0,2,0,100,4
2020,10.0,2020-08-07,Anthony,McDonald-Tipungwuti,Essendon,FPL,4,216,0,16,3,1,3,2,44,4
2020,10.0,2020-08-07,Darcy,Parish,Essendon,C,4,168,1,18,3,1,7,1,69,9
2020,10.0,2020-08-07,Mason,Redman,Essendon,INT,0,205,2,7,3,0,2,0,82,14
2020,10.0,2020-08-07,Jacob,Hopper,Greater Western Sydney,R,6,444,2,6,7,1,6,0,61,14
2020,10.0,2020-08-07,Harry,Himmelberg,Greater Western Sydney,INT,3,177,0,13,4,0,0,1,73,8
2020,10.0,2020-08-07,Aaron,Francis,Essendon,BPL,1,144,6,8,3,0,3,0,60,6
2020,10.0,2020-08-07,Will,Snelling,Essendon,HFFL,4,92,1,20,4,0,5,0,77,10
2020,10.0,2020-08-07,Andrew,McGrath,Essendon,R,4,217,4,19,5,2,7,0,50,9
2020,10.0,2020-08-07,Tim,Taranto,Greater Western Sydney,RR,7,504,4,10,5,0,6,0,50,16
2020,10.0,2020-08-07,Harry,Perryman,Greater Western Sydney,INT,4,376,2,11,5,0,1,1,53,8
2020,10.0,2020-08-07,Jeremy,Finlayson,Greater Western Sydney,FPL,2,125,0,14,3,0,0,2,60,3
2020,10.0,2020-08-07,Zac,Langdon,Greater Western Sydney,INT,2,123,1,21,1,1,3,3,44,4
2020,10.0,2020-08-07,Matt,Guelfi,Essendon,CHB,3,135,3,13,1,0,3,1,75,9
2020,10.0,2020-08-07,Jordan,Ridley,Essendon,HBFL,1,108,5,8,0,0,2,0,82,14
2020,10.0,2020-08-07,Brent,Daniels,Greater Western Sydney,HFFR,5,168,1,14,1,0,3,2,75,9
2020,10.0,2020-08-07,Jye,Caldwell,Greater Western Sydney,CHF,1,93,2,13,2,0,5,3,38,3
2020,10.0,2020-08-07,Brandon,Zerk-Thatcher,Essendon,BPR,2,139,4,9,0,0,4,0,88,14
2020,10.0,2020-08-07,Lachie,Ash,Greater Western Sydney,INT,0,77,5,4,3,0,5,0,78,7
2020,10.0,2020-08-07,Sam,Draper,Essendon,RK,3,230,1,7,2,2,4,0,46,6
2020,10.0,2020-08-07,Xavier,O'Halloran,Greater Western Sydney,WR,2,197,2,20,3,0,5,1,89,8
2020,11.0,2020-08-08,Jack,Riewoldt,Richmond,FPL,4,108,3,2,0,0,4,0,43,3
2020,11.0,2020-08-08,Robbie,Gray,Port Adelaide,HFFL,10,254,1,9,3,2,3,0,82,18
2020,11.0,2020-08-08,Travis,Boak,Port Adelaide,C,9,362,2,13,6,4,12,1,65,20
2020,11.0,2020-08-08,Hamish,Hartlett,Port Adelaide,HBFR,5,194,9,14,2,1,9,0,69,11
2020,11.0,2020-08-08,Tom,Rockliff,Port Adelaide,R,4,313,1,14,4,4,7,0,60,12
2020,11.0,2020-08-08,Dustin,Martin,Richmond,FF,5,303,1,15,6,1,6,1,41,7
2020,11.0,2020-08-08,Dylan,Grimes,Richmond,FB,1,203,5,12,1,0,4,0,64,7
2020,11.0,2020-08-08,Charlie,Dixon,Port Adelaide,FPR,11,123,0,5,4,0,4,0,50,7
2020,11.0,2020-08-08,Trent,McKenzie,Port Adelaide,BPL,2,86,1,2,0,0,0,0,67,2
2020,11.0,2020-08-08,Tom,Lynch,Richmond,HFFR,5,125,0,5,1,0,2,0,100,8
2020,11.0,2020-08-08,Scott,Lycett,Port Adelaide,RK,3,41,1,6,1,1,1,1,67,6
2020,11.0,2020-08-08,Tom,Jonas,Port Adelaide,BPR,3,166,6,2,1,0,0,0,88,7
2020,11.0,2020-08-08,Josh,Caddy,Richmond,R,3,106,4,13,3,0,8,0,55,6
2020,11.0,2020-08-08,Cam,Sutcliffe,Port Adelaide,FF,6,111,1,11,3,0,4,2,55,6
2020,11.0,2020-08-08,Ollie,Wines,Port Adelaide,RR,6,344,4,22,3,3,13,1,89,25
2020,11.0,2020-08-08,Nick,Vlastuin,Richmond,CHB,2,300,9,11,3,0,4,0,78,14
2020,11.0,2020-08-08,Tom,Clurey,Port Adelaide,FB,1,44,4,3,1,0,2,0,100,7
2020,11.0,2020-08-08,Kamdyn,McIntosh,Richmond,WL,6,400,8,13,3,0,5,0,72,13
2020,11.0,2020-08-08,Kane,Lambert,Richmond,CHF,1,90,2,23,1,0,3,1,80,4
2020,11.0,2020-08-08,Karl,Amon,Port Adelaide,WR,5,497,0,9,5,0,0,0,68,13
2020,11.0,2020-08-08,Daniel,Rioli,Richmond,INT,1,312,1,9,9,0,7,2,53,9
2020,11.0,2020-08-08,Jayden,Short,Richmond,HBFL,4,495,3,8,3,0,2,0,89,16
2020,11.0,2020-08-08,Darcy,Byrne-Jones,Port Adelaide,CHB,4,256,3,12,2,2,5,0,57,8
2020,11.0,2020-08-08,Jason,Castagna,Richmond,FPR,0,54,2,15,4,0,2,1,40,2
2020,11.0,2020-08-08,Nathan,Broad,Richmond,BPL,0,175,2,11,3,0,1,0,86,6
2020,11.0,2020-08-08,Mabior,Chol,Richmond,INT,6,166,1,6,0,0,3,0,63,5
2020,11.0,2020-08-08,Dan,Houston,Port Adelaide,HBFL,6,408,6,8,5,0,4,0,65,11
2020,11.0,2020-08-08,Sam,Powell-Pepper,Port Adelaide,INT,3,309,5,17,5,2,7,0,56,10
2020,11.0,2020-08-08,Ivan,Soldo,Richmond,RK,3,24,5,15,0,0,3,0,71,5
2020,11.0,2020-08-08,Shai,Bolton,Richmond,RR,4,304,2,14,3,4,5,0,69,11
2020,11.0,2020-08-08,Jarrod,Lienert,Port Adelaide,INT,2,399,2,7,1,0,1,0,91,10
2020,11.0,2020-08-08,Liam,Baker,Richmond,HBFR,0,150,2,14,3,0,2,0,78,7
2020,11.0,2020-08-08,Kane,Farrell,Port Adelaide,INT,4,158,0,9,3,0,3,3,70,7
2020,11.0,2020-08-08,Noah,Balta,Richmond,BPR,1,107,1,12,3,0,1,0,43,3
2020,11.0,2020-08-08,Zak,Butters,Port Adelaide,CHF,7,147,4,7,0,1,10,0,95,19
2020,11.0,2020-08-08,Xavier,Duursma,Port Adelaide,WL,3,152,0,15,2,0,2,0,67,8
2020,11.0,2020-08-08,Sydney,Stack,Richmond,C,5,68,1,21,0,0,3,0,100,8
2020,11.0,2020-08-08,Jack,Ross,Richmond,INT,2,99,3,19,3,0,6,0,60,9
2020,11.0,2020-08-08,Peter,Ladhams,Port Adelaide,FPL,4,118,6,8,2,0,4,2,67,8
2020,11.0,2020-08-08,Derek,Eggmolesse-Smith,Richmond,INT,1,208,1,15,6,0,2,0,46,5
2020,11.0,2020-08-08,Marlion,Pickett,Richmond,WR,3,181,0,10,1,0,0,0,75,6
2020,11.0,2020-08-08,Mitch,Georgiades,Port Adelaide,INT,2,109,3,8,2,0,3,2,71,5
2020,11.0,2020-08-08,Jake,Aarts,Richmond,HFFL,6,147,0,3,4,0,4,0,80,8
2020,11.0,2020-08-08,Boyd,Woodcock,Port Adelaide,HFFR,7,226,1,2,1,0,6,0,75,9
2020,11.0,2020-08-08,Grant,Birchall,Brisbane Lions,HBFL,4,282,3,2,2,1,3,0,77,10
2020,11.0,2020-08-08,Mitch,Robinson,Brisbane Lions,WL,4,280,3,9,2,0,1,0,63,5
2020,11.0,2020-08-08,Daniel,Rich,Brisbane Lions,BPL,3,433,1,7,3,0,0,0,86,12
2020,11.0,2020-08-08,Easton,Wood,Western Bulldogs,BPL,0,149,3,8,2,0,2,0,63,5
2020,11.0,2020-08-08,Tom,Liberatore,Western Bulldogs,RR,3,196,2,17,4,3,9,3,67,12
2020,11.0,2020-08-08,Mitch,Wallis,Western Bulldogs,FPL,6,181,1,10,1,0,0,1,57,4
2020,11.0,2020-08-08,Lachie,Neale,Brisbane Lions,R,8,538,6,24,3,7,14,1,72,26
2020,11.0,2020-08-08,Josh,Bruce,Western Bulldogs,FF,4,84,1,5,1,0,5,0,78,7
2020,11.0,2020-08-08,Jarryd,Lyons,Brisbane Lions,RR,7,397,2,23,4,2,12,3,56,14
2020,11.0,2020-08-08,Dayne,Zorko,Brisbane Lions,C,8,242,1,29,1,4,4,4,75,18
2020,11.0,2020-08-08,Lincoln,McCarthy,Brisbane Lions,HFFR,2,102,1,7,2,0,3,1,80,4
2020,11.0,2020-08-08,Jason,Johannisen,Western Bulldogs,INT,2,206,3,6,0,0,2,0,88,15
2020,11.0,2020-08-08,Jack,Macrae,Western Bulldogs,C,7,480,5,16,9,1,11,0,60,24
2020,11.0,2020-08-08,Sam,Lloyd,Western Bulldogs,INT,4,132,0,6,1,1,1,0,100,7
2020,11.0,2020-08-08,Darcy,Gardiner,Brisbane Lions,BPR,4,121,6,5,2,0,5,0,80,8
2020,11.0,2020-08-08,Marcus,Bontempelli,Western Bulldogs,R,6,389,2,19,2,2,10,1,73,22
2020,11.0,2020-08-08,Charlie,Cameron,Brisbane Lions,FPR,4,139,1,8,1,0,2,1,50,4
2020,11.0,2020-08-08,Cameron,Ellis-Yolmen,Brisbane Lions,INT,0,41,1,15,5,1,5,2,50,4
2020,11.0,2020-08-08,Daniel,McStay,Brisbane Lions,CHF,2,141,0,10,0,0,3,2,71,5
2020,11.0,2020-08-08,Harris,Andrews,Brisbane Lions,FB,2,12,1,3,0,0,1,0,100,4
2020,11.0,2020-08-08,Bailey,Dale,Western Bulldogs,FPR,4,191,0,3,1,0,2,0,88,7
2020,11.0,2020-08-08,Toby,McLean,Western Bulldogs,HFFL,3,64,2,10,1,1,5,0,85,11
2020,11.0,2020-08-08,Caleb,Daniel,Western Bulldogs,BPR,3,292,3,10,1,0,2,0,88,14
2020,11.0,2020-08-08,Zaine,Cordy,Western Bulldogs,CHB,2,122,4,10,1,0,3,0,70,7
2020,11.0,2020-08-08,Callum,Ah Chee,Brisbane Lions,FPL,4,182,1,12,2,0,3,1,70,7
2020,11.0,2020-08-08,Josh,Dunkley,Western Bulldogs,INT,1,145,2,18,7,0,9,2,56,10
2020,11.0,2020-08-08,Bailey,Williams,Western Bulldogs,HBFL,2,333,5,9,1,1,3,0,77,13
2020,11.0,2020-08-08,Eric,Hipwood,Brisbane Lions,FF,8,220,1,5,1,0,1,1,90,9
2020,11.0,2020-08-08,Jarrod,Berry,Brisbane Lions,HFFL,3,146,2,12,3,1,2,0,88,14
2020,11.0,2020-08-08,Hugh,McCluggage,Brisbane Lions,WR,6,249,3,19,2,1,5,0,81,17
2020,11.0,2020-08-08,Tim,English,Western Bulldogs,RK,5,98,3,13,2,0,5,1,75,12
2020,11.0,2020-08-08,Alex,Witherden,Brisbane Lions,INT,6,286,3,7,3,0,4,0,79,19
2020,11.0,2020-08-08,Alex,Keath,Western Bulldogs,FB,0,63,2,6,1,0,1,0,83,5
2020,11.0,2020-08-08,Patrick,Lipinski,Western Bulldogs,WR,5,129,0,11,2,1,3,0,82,14
2020,11.0,2020-08-08,Aaron,Naughton,Western Bulldogs,CHF,2,74,0,8,1,0,2,1,83,5
2020,11.0,2020-08-08,Ed,Richards,Western Bulldogs,INT,5,240,3,5,5,0,3,0,53,8
2020,11.0,2020-08-08,Zac,Bailey,Brisbane Lions,INT,8,452,3,10,2,0,3,2,71,15
2020,11.0,2020-08-08,Oscar,McInerney,Brisbane Lions,RK,5,124,0,8,3,1,2,2,22,2
2020,11.0,2020-08-08,Matt,Eagles,Brisbane Lions,INT,1,11,2,3,1,0,1,0,100,1
2020,11.0,2020-08-08,Brandon,Starcevich,Brisbane Lions,CHB,2,63,1,8,1,0,1,0,75,3
2020,11.0,2020-08-08,Bailey,Smith,Western Bulldogs,WL,2,443,1,10,4,0,2,0,69,9
2020,11.0,2020-08-08,Noah,Answerth,Brisbane Lions,HBFR,2,102,7,4,1,0,7,0,83,10
2020,11.0,2020-08-08,Ryan,Gardner,Western Bulldogs,HBFR,0,29,3,6,1,0,2,0,100,5
2020,11.0,2020-08-08,Laitham,Vandermeer,Western Bulldogs,HFFR,5,376,0,12,1,0,1,0,92,12
2020,11.0,2020-08-09,Kade,Simpson,Carlton,HBFR,0,293,3,1,3,0,1,0,77,10
2020,11.0,2020-08-09,Eddie,Betts,Carlton,FPL,3,102,3,16,1,0,6,1,46,5
2020,11.0,2020-08-09,Marc,Murphy,Carlton,HFFR,1,212,4,17,1,0,7,1,65,15
2020,11.0,2020-08-09,Shannon,Hurn,West Coast,BPL,1,322,4,7,2,0,1,0,79,11
2020,11.0,2020-08-09,Josh J.,Kennedy,West Coast,CHF,4,140,0,5,0,0,1,1,75,6
2020,11.0,2020-08-09,Nic,Naitanui,West Coast,RK,1,82,0,10,0,2,1,0,88,7
2020,11.0,2020-08-09,Jack,Redden,West Coast,WL,3,57,4,9,3,0,8,0,59,10
2020,11.0,2020-08-09,Luke,Shuey,West Coast,R,2,195,2,29,3,2,1,1,63,10
2020,11.0,2020-08-09,Brad,Sheppard,West Coast,BPR,1,177,1,4,1,0,1,0,69,9
2020,11.0,2020-08-09,Liam,Jones,Carlton,CHB,0,80,6,9,3,0,0,0,67,4
2020,11.0,2020-08-09,Ed,Curnow,Carlton,RR,2,133,4,12,4,0,9,0,57,8
2020,11.0,2020-08-09,Jack,Darling,West Coast,FF,6,132,3,6,1,0,4,1,83,10
2020,11.0,2020-08-09,Andrew,Gaff,West Coast,WR,3,291,2,17,6,2,5,0,70,14
2020,11.0,2020-08-09,Jamie,Cripps,West Coast,HFFL,5,154,2,16,3,0,4,1,69,9
2020,11.0,2020-08-09,Jack,Newnes,Carlton,WR,3,302,3,11,2,0,2,3,67,8
2020,11.0,2020-08-09,Elliot,Yeo,West Coast,C,4,241,2,19,2,3,14,2,62,13
2020,11.0,2020-08-09,Levi,Casboult,Carlton,CHF,2,102,1,7,1,0,1,2,57,4
2020,11.0,2020-08-09,Lachie,Plowman,Carlton,BPR,0,102,7,11,4,0,4,0,44,4
2020,11.0,2020-08-09,Sam,Docherty,Carlton,HBFL,2,213,6,7,3,0,1,0,67,8
2020,11.0,2020-08-09,Jack,Martin,Carlton,HFFL,0,53,0,4,1,0,0,1,67,2
2020,11.0,2020-08-09,Dom,Sheed,West Coast,INT,5,524,1,16,8,3,9,2,65,17
2020,11.0,2020-08-09,Patrick,Cripps,Carlton,C,4,224,0,22,2,5,9,2,58,11
2020,11.0,2020-08-09,Jackson,Nelson,West Coast,HBFR,2,344,4,7,4,0,3,0,77,13
2020,11.0,2020-08-09,Liam,Duggan,West Coast,HBFL,2,468,4,8,4,0,1,0,94,15
2020,11.0,2020-08-09,Brendon,Ah Chee,West Coast,FPR,1,97,3,11,4,0,3,0,57,4
2020,11.0,2020-08-09,Tom,Barrass,West Coast,FB,2,120,4,0,1,0,1,0,90,9
2020,11.0,2020-08-09,Jacob,Weitering,Carlton,FB,1,178,2,4,2,0,2,0,100,7
2020,11.0,2020-08-09,Marc,Pittonet,Carlton,RK,3,127,1,7,2,0,2,0,67,6
2020,11.0,2020-08-09,Tom,Cole,West Coast,INT,0,137,3,12,3,0,2,0,69,9
2020,11.0,2020-08-09,Matthew,Kennedy,Carlton,R,1,307,3,14,2,0,1,1,85,11
2020,11.0,2020-08-09,Sam,Petrevski-Seton,Carlton,BPL,3,77,7,8,2,1,6,0,86,12
2020,11.0,2020-08-09,Thomas,Williamson,Carlton,INT,2,217,3,14,4,0,5,0,69,9
2020,11.0,2020-08-09,Zac,Fisher,Carlton,FPR,5,209,0,10,1,0,3,2,75,9
2020,11.0,2020-08-09,Will,Setterfield,Carlton,INT,2,287,1,19,4,1,4,1,47,7
2020,11.0,2020-08-09,Tim,Kelly,West Coast,RR,3,544,1,13,7,0,4,0,50,11
2020,11.0,2020-08-09,Liam,Ryan,West Coast,HFFR,1,64,1,14,2,0,1,0,33,1
2020,11.0,2020-08-09,Jake,Waterman,West Coast,INT,4,158,0,8,0,0,2,0,67,6
2020,11.0,2020-08-09,Oscar,Allen,West Coast,FPL,3,104,1,11,0,0,2,1,57,4
2020,11.0,2020-08-09,Tom,De Koning,Carlton,FF,1,50,0,16,0,0,4,2,20,1
2020,11.0,2020-08-09,Michael,Gibbons,Carlton,INT,4,148,0,19,1,0,0,0,83,5
2020,11.0,2020-08-09,Sam,Walsh,Carlton,WL,3,215,1,15,2,1,7,1,65,13
2020,11.0,2020-08-09,Josh,Rotham,West Coast,CHB,0,149,6,5,1,0,1,0,100,12
2020,11.0,2020-08-09,Jarrod,Cameron,West Coast,INT,1,26,0,6,2,0,1,1,67,2
2020,11.0,2020-08-09,Matthew,Cottrell,Carlton,INT,2,244,2,10,3,0,2,1,67,6
2020,11.0,2020-08-09,Shaun,Higgins,North Melbourne,HFFR,1,377,4,15,8,0,6,0,63,17
2020,11.0,2020-08-09,Nathan,Jones,Melbourne,INT,6,122,0,13,1,0,4,0,69,9
2020,11.0,2020-08-09,Todd,Goldstein,North Melbourne,WL,4,124,1,16,1,2,6,0,77,13
2020,11.0,2020-08-09,Jake,Melksham,Melbourne,FPR,4,173,0,10,3,0,0,1,86,6
2020,11.0,2020-08-09,Robbie,Tarrant,North Melbourne,FB,1,412,7,9,6,0,2,0,74,17
2020,11.0,2020-08-09,Jamie,Macmillan,North Melbourne,INT,2,234,5,18,3,0,3,0,64,9
2020,11.0,2020-08-09,Jasper,Pittard,North Melbourne,HFFL,2,204,3,12,3,0,5,0,69,11
2020,11.0,2020-08-09,Shaun,Atley,North Melbourne,HBFR,1,248,7,17,5,0,6,0,77,13
2020,11.0,2020-08-09,Jared,Polec,North Melbourne,WR,3,327,2,14,2,1,4,0,83,15
2020,11.0,2020-08-09,Michael,Hibberd,Melbourne,HBFL,2,301,7,7,3,0,4,0,79,15
2020,11.0,2020-08-09,Steven,May,Melbourne,FB,0,261,3,9,2,0,2,0,70,7
2020,11.0,2020-08-09,Tom,McDonald,Melbourne,RK,4,301,5,33,3,0,4,4,69,9
2020,11.0,2020-08-09,Adam,Tomlinson,Melbourne,WR,2,128,4,5,2,0,3,0,77,10
2020,11.0,2020-08-09,Aaron,Hall,North Melbourne,INT,6,318,1,15,1,1,4,0,71,12
2020,11.0,2020-08-09,Josh,Walker,North Melbourne,FPL,2,28,1,5,3,0,3,1,78,7
2020,11.0,2020-08-09,Jed,Anderson,North Melbourne,RR,2,-13,1,19,3,0,3,2,70,7
2020,11.0,2020-08-09,Majak,Daw,North Melbourne,RK,3,104,0,10,1,2,4,0,75,6
2020,11.0,2020-08-09,Luke,McDonald,North Melbourne,HBFL,2,443,5,12,5,0,4,0,76,25
2020,11.0,2020-08-09,Christian,Salem,Melbourne,BPR,6,235,4,18,3,0,4,0,78,14
2020,11.0,2020-08-09,Angus,Brayshaw,Melbourne,R,7,563,5,29,7,2,6,0,66,19
2020,11.0,2020-08-09,Aaron,vandenBerg,Melbourne,HFFR,2,173,4,13,4,0,2,1,55,6
2020,11.0,2020-08-09,Trent,Dumont,North Melbourne,R,6,299,2,35,4,2,7,1,78,21
2020,11.0,2020-08-09,Jake,Lever,Melbourne,BPL,4,226,8,6,2,0,3,0,75,9
2020,11.0,2020-08-09,James,Harmes,Melbourne,HBFR,1,98,5,10,3,0,4,0,88,7
2020,11.0,2020-08-09,Ed,Langdon,Melbourne,WL,6,321,2,24,2,0,4,1,83,19
2020,11.0,2020-08-09,Clayton,Oliver,Melbourne,C,7,508,6,28,2,4,10,0,81,25
2020,11.0,2020-08-09,Christian,Petracca,Melbourne,RR,12,440,6,30,6,2,13,0,66,19
2020,11.0,2020-08-09,Sam,Weideman,Melbourne,CHF,8,139,0,4,2,0,3,0,77,10
2020,11.0,2020-08-09,Mitch,Hannan,Melbourne,HFFL,4,254,2,7,3,0,4,0,77,10
2020,11.0,2020-08-09,Jy,Simpkin,North Melbourne,C,4,307,4,25,6,0,4,0,60,12
2020,11.0,2020-08-09,Sam,Durdin,North Melbourne,BPL,1,34,2,6,1,0,1,0,100,6
2020,11.0,2020-08-09,Cameron,Zurhaar,North Melbourne,FF,3,294,2,11,7,0,3,2,42,5
2020,11.0,2020-08-09,Nick,Larkey,North Melbourne,CHF,5,156,0,11,1,0,0,2,86,6
2020,11.0,2020-08-09,Ben,McKay,North Melbourne,CHB,0,191,5,4,3,0,2,0,85,11
2020,11.0,2020-08-09,Luke,Davies-Uniacke,North Melbourne,INT,2,208,4,9,4,1,8,0,75,18
2020,11.0,2020-08-09,Bayley,Fritsch,Melbourne,INT,9,343,1,3,2,0,4,1,50,7
2020,11.0,2020-08-09,Charlie,Spargo,Melbourne,CHB,7,213,1,11,3,0,3,1,83,10
2020,11.0,2020-08-09,Aiden,Bonar,North Melbourne,BPR,0,55,5,6,2,1,4,0,82,9
2020,11.0,2020-08-09,Tom,Sparrow,Melbourne,INT,6,192,1,17,2,0,6,0,71,12
2020,11.0,2020-08-09,Bailey,Scott,North Melbourne,FPR,1,154,1,23,2,0,2,2,67,6
2020,11.0,2020-08-09,Kysaiah,Pickett,Melbourne,FPL,6,165,4,24,4,0,8,1,67,8
2020,11.0,2020-08-09,Trent,Rivers,Melbourne,INT,2,126,5,6,2,0,2,0,86,12
2020,11.0,2020-08-09,Luke,Jackson,Melbourne,FF,2,75,2,13,2,1,6,0,91,10
2020,11.0,2020-08-09,Jack,Mahony,North Melbourne,INT,3,-23,1,16,4,0,4,2,83,5
2020,11.0,2020-08-10,Joel,Selwood,Geelong,R,6,207,1,8,1,3,3,1,73,11
2020,11.0,2020-08-10,Tom,Hawkins,Geelong,CHF,7,150,0,9,1,0,1,2,73,8
2020,11.0,2020-08-10,Jarryn,Geary,St Kilda,CHB,0,0,2,14,0,0,2,0,100,4
2020,11.0,2020-08-10,Lachie,Henderson,Geelong,FB,0,415,2,6,5,0,0,1,69,9
2020,11.0,2020-08-10,Harry,Taylor,Geelong,CHB,1,67,2,4,2,0,1,0,67,4
2020,11.0,2020-08-10,Patrick,Dangerfield,Geelong,RR,9,552,1,8,2,1,4,0,74,14
2020,11.0,2020-08-10,Jack,Steven,Geelong,INT,6,206,1,16,0,1,3,1,74,14
2020,11.0,2020-08-10,Mitch,Duncan,Geelong,C,8,330,1,12,5,0,3,1,73,16
2020,11.0,2020-08-10,Gary,Rohan,Geelong,FPR,9,409,1,13,3,0,5,0,56,9
2020,11.0,2020-08-10,Rhys,Stanley,Geelong,RK,6,117,1,11,1,3,5,2,60,9
2020,11.0,2020-08-10,Jake,Carlisle,St Kilda,BPR,0,198,5,8,2,0,3,0,70,7
2020,11.0,2020-08-10,Cameron,Guthrie,Geelong,FF,5,81,0,18,0,1,3,0,79,11
2020,11.0,2020-08-10,Zach,Tuohy,Geelong,HBFL,5,178,2,10,3,0,2,0,83,15
2020,11.0,2020-08-10,Bradley,Hill,St Kilda,HFFR,3,155,0,17,0,0,0,0,86,6
2020,11.0,2020-08-10,Mark,Blicavs,Geelong,BPL,6,155,3,10,0,0,5,0,92,11
2020,11.0,2020-08-10,Dean,Kent,St Kilda,INT,5,182,2,11,0,0,4,0,85,11
2020,11.0,2020-08-10,Jack,Billings,St Kilda,WL,3,209,1,9,2,0,4,0,65,11
2020,11.0,2020-08-10,Jed,Bews,Geelong,BPR,2,195,5,10,2,0,3,0,86,12
2020,11.0,2020-08-10,Tim,Membrey,St Kilda,CHF,4,119,1,10,5,0,6,0,50,6
2020,11.0,2020-08-10,Jack,Sinclair,St Kilda,INT,3,109,3,17,2,1,7,0,74,14
2020,11.0,2020-08-10,Jack,Steele,St Kilda,RR,3,371,7,16,8,4,9,0,44,11
2020,11.0,2020-08-10,Jake,Kolodjashnij,Geelong,HFFR,1,88,5,9,1,0,2,0,100,12
2020,11.0,2020-08-10,Jade,Gresham,St Kilda,C,2,135,1,13,0,0,11,0,53,8
2020,11.0,2020-08-10,Dougal,Howard,St Kilda,HBFR,1,152,0,7,2,0,1,1,50,3
2020,11.0,2020-08-10,Sam,Menegola,Geelong,WL,4,352,7,12,4,0,3,0,81,21
2020,11.0,2020-08-10,Dan,Butler,St Kilda,FPR,1,84,1,11,2,0,0,2,50,2
2020,11.0,2020-08-10,Brandan,Parfitt,Geelong,INT,5,196,2,25,2,1,6,1,77,10
2020,11.0,2020-08-10,Tom,Stewart,Geelong,HBFR,4,372,4,4,2,0,2,0,82,18
2020,11.0,2020-08-10,Ben,Long,St Kilda,INT,5,99,5,7,0,1,7,1,79,11
2020,11.0,2020-08-10,Mark,O'Connor,Geelong,WR,2,273,5,12,3,0,3,0,94,15
2020,11.0,2020-08-10,Josh,Battle,St Kilda,WR,3,102,1,3,2,0,1,1,75,6
2020,11.0,2020-08-10,Rowan,Marshall,St Kilda,RK,4,441,3,12,2,1,6,0,44,7
2020,11.0,2020-08-10,Hunter,Clark,St Kilda,R,0,218,0,10,6,0,3,0,69,11
2020,11.0,2020-08-10,Jack,Henry,Geelong,INT,1,196,4,6,4,0,6,0,78,7
2020,11.0,2020-08-10,Nick,Coffield,St Kilda,BPL,2,308,4,11,4,0,2,0,64,9
2020,11.0,2020-08-10,Ed,Phillips,St Kilda,INT,5,286,1,16,2,0,4,0,100,16
2020,11.0,2020-08-10,Ben,Paton,St Kilda,HBFL,0,183,2,7,3,0,1,0,40,4
2020,11.0,2020-08-10,Tom,Atkins,Geelong,INT,0,43,0,12,0,1,6,0,78,7
2020,11.0,2020-08-10,Gryan,Miers,Geelong,FPL,5,190,0,7,1,0,4,0,67,8
2020,11.0,2020-08-10,Callum,Wilkie,St Kilda,FB,0,282,1,5,2,0,0,0,80,8
2020,11.0,2020-08-10,Nick,Hind,St Kilda,HFFL,1,134,1,6,2,0,4,1,13,1
2020,11.0,2020-08-10,Max,King,St Kilda,FF,3,2,1,4,0,0,1,1,60,3
2020,11.0,2020-08-10,Brad,Close,Geelong,HFFL,2,10,1,22,2,0,2,2,80,8
2020,11.0,2020-08-10,Jack,Bytel,St Kilda,FPL,7,186,2,21,2,2,4,0,78,14
2020,11.0,2020-08-10,David,Mundy,Fremantle,INT,4,213,1,10,1,0,8,0,83,20
2020,11.0,2020-08-10,James,Frawley,Hawthorn,FB,2,76,3,7,0,0,2,0,75,3
2020,11.0,2020-08-10,Ben,McEvoy,Hawthorn,INT,1,165,2,10,3,1,5,0,58,7
2020,11.0,2020-08-10,Stephen,Hill,Fremantle,HBFL,1,116,5,3,3,0,5,0,69,9
2020,11.0,2020-08-10,Liam,Shiels,Hawthorn,FPR,2,306,0,19,7,0,2,0,65,11
2020,11.0,2020-08-10,Tom,Scully,Hawthorn,INT,2,186,2,17,3,0,2,0,80,8
2020,11.0,2020-08-10,Travis,Colyer,Fremantle,HFFL,1,77,0,2,1,0,1,0,80,4
2020,11.0,2020-08-10,Ben,Stratton,Hawthorn,HBFR,2,100,2,9,0,0,1,0,83,5
2020,11.0,2020-08-10,Nat,Fyfe,Fremantle,C,4,87,4,17,2,4,8,0,79,22
2020,11.0,2020-08-10,Jack,Gunston,Hawthorn,HFFL,6,281,2,13,2,0,3,1,69,9
2020,11.0,2020-08-10,Reece,Conca,Fremantle,FB,3,242,4,7,1,0,5,0,83,19
2020,11.0,2020-08-10,Isaac,Smith,Hawthorn,WR,1,55,0,5,1,0,0,0,67,2
2020,11.0,2020-08-10,Luke,Breust,Hawthorn,CHF,4,108,0,23,2,1,3,1,100,12
2020,11.0,2020-08-10,Nathan,Wilson,Fremantle,BPR,3,383,9,10,8,0,3,0,86,18
2020,11.0,2020-08-10,Chad,Wingard,Hawthorn,HFFR,3,208,1,20,3,0,2,3,40,6
2020,11.0,2020-08-10,Sam,Frost,Hawthorn,CHB,2,197,8,4,2,0,2,0,90,9
2020,11.0,2020-08-10,Jaeger,O'Meara,Hawthorn,C,3,335,2,26,8,2,7,0,47,8
2020,11.0,2020-08-10,Tom,Mitchell,Hawthorn,R,4,502,4,21,9,1,12,0,63,20
2020,11.0,2020-08-10,Matt,Taberner,Fremantle,CHF,3,278,0,8,3,0,3,0,62,8
2020,11.0,2020-08-10,Jonathon,Ceglar,Hawthorn,FPL,1,25,1,9,2,0,2,0,57,4
2020,11.0,2020-08-10,Jarman,Impey,Hawthorn,HBFL,1,95,2,17,3,0,2,0,43,3
2020,11.0,2020-08-10,Tim,O'Brien,Hawthorn,FF,2,73,3,5,0,0,2,1,75,6
2020,11.0,2020-08-10,James,Aish,Fremantle,HBFR,2,417,2,7,5,0,2,0,67,14
2020,11.0,2020-08-10,Rory,Lobb,Fremantle,FF,4,290,1,10,2,0,5,0,77,10
2020,11.0,2020-08-10,James,Sicily,Hawthorn,BPR,2,247,6,6,3,0,4,0,86,12
2020,11.0,2020-08-10,Connor,Blakely,Fremantle,INT,1,87,0,13,2,1,2,0,93,13
2020,11.0,2020-08-10,Ethan,Hughes,Fremantle,INT,3,259,3,4,3,0,2,0,75,12
2020,11.0,2020-08-10,Blake,Hardwick,Hawthorn,BPL,3,449,3,9,4,0,3,0,71,10
2020,11.0,2020-08-10,Luke,Ryan,Fremantle,CHB,1,558,6,7,5,0,2,0,81,17
2020,11.0,2020-08-10,Brennan,Cox,Fremantle,BPL,1,185,8,7,0,0,3,0,100,16
2020,11.0,2020-08-10,Sean,Darcy,Fremantle,RK,3,95,3,7,1,0,3,1,83,10
2020,11.0,2020-08-10,Jack,Scrimshaw,Hawthorn,WL,5,384,6,12,4,0,4,0,68,13
2020,11.0,2020-08-10,Harry,Morrison,Hawthorn,RK,4,138,5,20,2,0,5,0,75,12
2020,11.0,2020-08-10,Andrew,Brayshaw,Fremantle,R,5,236,4,14,3,0,9,0,85,28
2020,11.0,2020-08-10,Adam,Cerra,Fremantle,RR,4,321,4,18,0,0,6,0,77,20
2020,11.0,2020-08-10,Mitch,Crowden,Fremantle,FPR,2,102,0,23,6,0,4,4,75,9
2020,11.0,2020-08-10,Taylin,Duman,Fremantle,WR,0,145,4,11,2,0,1,0,67,8
2020,11.0,2020-08-10,James,Worpel,Hawthorn,RR,1,351,2,23,4,1,5,0,53,10
2020,11.0,2020-08-10,Conor,Nash,Hawthorn,INT,3,182,1,11,2,0,1,0,82,9
2020,11.0,2020-08-10,Lachie,Schultz,Fremantle,FPL,3,161,2,14,2,0,2,3,60,6
2020,11.0,2020-08-10,Brett,Bewley,Fremantle,INT,4,233,3,18,2,0,4,2,67,8
2020,11.0,2020-08-10,Caleb,Serong,Fremantle,WL,2,245,2,16,6,3,7,0,65,13
2020,11.0,2020-08-10,Will,Day,Hawthorn,INT,3,294,7,9,1,0,3,0,89,16
2020,11.0,2020-08-10,Michael,Frederick,Fremantle,HFFR,5,171,0,12,4,0,4,0,73,11
2020,11.0,2020-08-11,Lynden,Dunn,Collingwood,BPR,1,194,1,8,1,0,1,0,90,9
2020,11.0,2020-08-11,Travis,Varcoe,Collingwood,INT,1,82,3,10,1,0,1,0,89,8
2020,11.0,2020-08-11,David,Mackay,Adelaide,INT,1,205,6,13,2,0,3,0,92,12
2020,11.0,2020-08-11,Chris,Mayne,Collingwood,FPR,0,106,1,17,0,0,1,0,60,6
2020,11.0,2020-08-11,Taylor,Walker,Adelaide,CHF,2,94,1,7,2,0,3,0,56,5
2020,11.0,2020-08-11,Steele,Sidebottom,Collingwood,C,1,296,4,19,3,1,6,0,64,14
2020,11.0,2020-08-11,Jordan,Roughead,Collingwood,FB,0,172,5,4,1,0,4,0,82,9
2020,11.0,2020-08-11,Tom,Lynch,Adelaide,HFFR,1,83,1,9,2,0,2,0,60,3
2020,11.0,2020-08-11,Brodie,Smith,Adelaide,WL,2,651,5,17,6,0,2,0,71,15
2020,11.0,2020-08-11,Paul,Seedsman,Adelaide,RR,3,172,2,23,1,0,3,0,75,12
2020,11.0,2020-08-11,Jack,Crisp,Collingwood,BPL,4,459,5,13,3,0,3,0,77,17
2020,11.0,2020-08-11,Taylor,Adams,Collingwood,RR,3,432,2,20,9,4,9,0,56,15
2020,11.0,2020-08-11,Luke,Brown,Adelaide,BPL,0,82,6,6,1,0,3,0,75,6
2020,11.0,2020-08-11,Josh,Thomas,Collingwood,HFFR,2,156,0,10,3,0,3,1,71,10
2020,11.0,2020-08-11,Rory,Laird,Adelaide,BPR,7,466,4,26,5,1,10,2,76,28
2020,11.0,2020-08-11,Brodie,Grundy,Collingwood,RK,0,82,1,13,2,0,3,0,80,8
2020,11.0,2020-08-11,Kyle,Hartigan,Adelaide,FB,1,96,6,5,3,0,3,0,57,4
2020,11.0,2020-08-11,Matt,Crouch,Adelaide,C,2,222,3,19,4,1,6,0,62,18
2020,11.0,2020-08-11,Tim,Broomhead,Collingwood,INT,0,45,0,11,2,0,2,0,86,6
2020,11.0,2020-08-11,Brayden,Maynard,Collingwood,HBFL,0,420,6,8,3,0,2,0,81,17
2020,11.0,2020-08-11,Ben,Keays,Adelaide,R,3,147,1,19,4,2,7,1,77,13
2020,11.0,2020-08-11,Ben,Crocker,Adelaide,INT,3,140,2,11,1,0,2,0,78,7
2020,11.0,2020-08-11,Tom,Phillips,Collingwood,WL,1,420,4,14,7,0,5,0,64,14
2020,11.0,2020-08-11,Rupert,Wills,Collingwood,INT,2,26,3,19,2,0,5,0,85,17
2020,11.0,2020-08-11,Reilly,O'Brien,Adelaide,RK,2,111,4,10,3,0,5,0,55,6
2020,11.0,2020-08-11,Callum L.,Brown,Collingwood,FPL,5,212,4,18,6,1,5,1,59,10
2020,11.0,2020-08-11,Tyson,Stengle,Adelaide,FPR,5,273,1,7,0,0,2,2,88,7
2020,11.0,2020-08-11,Josh,Daicos,Collingwood,WR,2,126,3,10,1,0,3,0,93,14
2020,11.0,2020-08-11,Tom,Doedee,Adelaide,HBFR,0,265,6,6,1,0,3,0,92,11
2020,11.0,2020-08-11,Darcy,Fogarty,Adelaide,FPL,2,133,0,8,3,0,5,0,56,5
2020,11.0,2020-08-11,Jaidyn,Stephenson,Collingwood,HFFL,3,83,2,13,2,0,1,1,100,4
2020,11.0,2020-08-11,Brody,Mihocek,Collingwood,CHF,3,144,1,6,2,0,5,3,77,10
2020,11.0,2020-08-11,Brayden,Sier,Collingwood,R,4,143,1,18,3,3,4,1,75,12
2020,11.0,2020-08-11,Darcy,Cameron,Collingwood,FF,3,181,0,7,5,0,0,0,60,9
2020,11.0,2020-08-11,Jack,Madgen,Collingwood,CHB,1,103,5,10,2,0,3,0,85,11
2020,11.0,2020-08-11,Elliott,Himmelberg,Adelaide,FF,3,195,1,10,3,0,4,0,60,6
2020,11.0,2020-08-11,John,Noble,Collingwood,HBFR,1,332,3,8,3,0,2,0,95,19
2020,11.0,2020-08-11,Fischer,McAsey,Adelaide,CHB,1,129,2,7,4,0,1,0,43,3
2020,11.0,2020-08-11,Ned,McHenry,Adelaide,INT,1,75,1,20,3,1,5,0,63,5
2020,11.0,2020-08-11,Shane,McAdam,Adelaide,HFFL,5,138,1,13,0,0,1,0,75,6
2020,11.0,2020-08-11,Andrew,McPherson,Adelaide,HBFL,3,168,4,7,0,0,1,0,80,8
2020,11.0,2020-08-11,Harry,Schoenberg,Adelaide,INT,3,66,2,15,2,0,3,1,71,5
2020,11.0,2020-08-11,Lachlan,Sholl,Adelaide,WR,1,287,2,16,4,0,1,0,81,13
2020,11.0,2020-08-11,Trey,Ruscoe,Collingwood,INT,3,146,0,4,0,0,0,1,50,3
2020,11.0,2020-08-12,Jarrod,Harbrow,Gold Coast,HBFR,1,139,1,8,2,0,2,0,57,4
2020,11.0,2020-08-12,Tom,Bellchambers,Essendon,RK,4,82,1,8,2,0,0,0,71,5
2020,11.0,2020-08-12,David,Zaharakis,Essendon,CHF,5,220,1,13,2,0,4,1,69,9
2020,11.0,2020-08-12,Shaun,McKernan,Essendon,INT,5,99,0,1,1,0,2,0,75,6
2020,11.0,2020-08-12,David,Swallow,Gold Coast,RR,3,116,1,11,3,2,5,0,69,9
2020,11.0,2020-08-12,Sam,Day,Gold Coast,CHF,4,203,1,9,5,0,2,0,80,8
2020,11.0,2020-08-12,Dylan,Shiel,Essendon,INT,6,287,2,9,0,3,9,0,65,17
2020,11.0,2020-08-12,Devon,Smith,Essendon,HFFL,4,194,3,22,2,0,4,0,77,10
2020,11.0,2020-08-12,Brandon,Ellis,Gold Coast,WR,2,407,4,10,4,0,4,0,61,11
2020,11.0,2020-08-12,Jarrod,Witts,Gold Coast,RK,3,190,2,4,3,1,2,1,64,7
2020,11.0,2020-08-12,James,Stewart,Essendon,FF,6,162,0,5,0,0,0,0,70,7
2020,11.0,2020-08-12,Sean,Lemmens,Gold Coast,HFFR,1,124,1,20,4,1,4,4,75,6
2020,11.0,2020-08-12,Martin,Gleeson,Essendon,BPL,2,142,4,5,2,0,3,0,92,12
2020,11.0,2020-08-12,Zach,Merrett,Essendon,C,8,478,5,16,6,1,10,0,80,24
2020,11.0,2020-08-12,Tom,Cutler,Essendon,WL,5,192,2,5,5,0,3,1,50,5
2020,11.0,2020-08-12,Touk,Miller,Gold Coast,R,3,179,0,23,3,2,5,0,46,5
2020,11.0,2020-08-12,Adam,Saad,Essendon,HBFR,3,321,5,10,3,0,2,0,94,15
2020,11.0,2020-08-12,Kyle,Langford,Essendon,FPL,4,72,2,5,4,0,3,1,55,6
2020,11.0,2020-08-12,Lachie,Weller,Gold Coast,WL,5,398,2,23,1,0,6,0,83,15
2020,11.0,2020-08-12,Conor,McKenna,Essendon,CHB,3,271,0,4,1,0,0,0,63,5
2020,11.0,2020-08-12,Anthony,McDonald-Tipungwuti,Essendon,HFFR,4,58,1,11,0,0,3,0,90,9
2020,11.0,2020-08-12,Darcy,Parish,Essendon,WR,4,332,4,22,4,1,8,1,55,11
2020,11.0,2020-08-12,Mason,Redman,Essendon,INT,3,250,3,5,2,0,5,0,60,9
2020,11.0,2020-08-12,Sam,Collins,Gold Coast,FB,0,24,2,9,0,0,1,0,100,5
2020,11.0,2020-08-12,Aaron,Francis,Essendon,FB,1,320,1,5,3,0,1,0,92,12
2020,11.0,2020-08-12,Brayden,Fiorini,Gold Coast,HFFL,4,291,6,14,2,0,5,0,77,10
2020,11.0,2020-08-12,Will,Snelling,Essendon,FPR,4,149,0,23,2,0,4,0,78,14
2020,11.0,2020-08-12,Andrew,McGrath,Essendon,R,2,252,3,10,4,5,8,1,65,17
2020,11.0,2020-08-12,Ben,Ainsworth,Gold Coast,INT,3,184,0,11,2,0,2,0,67,6
2020,11.0,2020-08-12,Jack,Bowes,Gold Coast,HBFL,2,360,7,5,1,0,5,0,88,14
2020,11.0,2020-08-12,Hugh,Greenwood,Gold Coast,C,3,220,0,15,6,6,9,0,50,9
2020,11.0,2020-08-12,Matt,Guelfi,Essendon,RR,0,195,7,8,5,0,7,0,57,8
2020,11.0,2020-08-12,Charlie,Ballard,Gold Coast,CHB,0,212,10,6,4,0,0,0,60,6
2020,11.0,2020-08-12,Dylan,Clarke,Essendon,INT,1,138,4,8,2,1,3,2,70,7
2020,11.0,2020-08-12,Jordan,Ridley,Essendon,HBFL,7,360,9,4,1,0,4,0,91,21
2020,11.0,2020-08-12,Wil,Powell,Gold Coast,INT,1,206,3,10,1,0,2,0,86,6
2020,11.0,2020-08-12,Jack,Lukosius,Gold Coast,BPR,5,248,5,9,2,0,3,0,73,8
2020,11.0,2020-08-12,Josh,Corbett,Gold Coast,INT,1,257,0,8,3,0,3,0,64,7
2020,11.0,2020-08-12,Ben,King,Gold Coast,FF,4,225,0,8,3,0,3,0,50,4
2020,11.0,2020-08-12,Brandon,Zerk-Thatcher,Essendon,BPR,0,45,2,4,2,0,2,0,33,1
2020,11.0,2020-08-12,Noah,Anderson,Gold Coast,INT,4,206,3,17,4,1,6,0,53,8
2020,11.0,2020-08-12,Connor,Budarick,Gold Coast,BPL,1,175,3,15,1,0,2,0,50,3
2020,11.0,2020-08-12,Izak,Rankine,Gold Coast,FPL,4,249,1,12,3,0,9,0,43,6
2020,11.0,2020-08-12,Sam,Flanders,Gold Coast,FPR,0,91,2,13,2,0,5,0,38,3
2020,12.0,2020-08-13,Heath,Shaw,Greater Western Sydney,BPL,2,159,4,5,3,0,1,0,67,4
2020,12.0,2020-08-13,Callan,Ward,Greater Western Sydney,INT,1,197,4,6,1,0,2,0,50,6
2020,12.0,2020-08-13,Sam,Jacobs,Greater Western Sydney,RK,0,96,3,7,2,0,5,0,50,5
2020,12.0,2020-08-13,Sam,Reid,Sydney,FF,1,56,2,14,1,0,2,0,83,5
2020,12.0,2020-08-13,Luke,Parker,Sydney,HFFR,7,466,3,21,6,3,8,1,52,15
2020,12.0,2020-08-13,Lachlan,Keeffe,Greater Western Sydney,FB,1,122,3,3,0,0,1,0,100,5
2020,12.0,2020-08-13,Jeremy,Cameron,Greater Western Sydney,CHF,1,143,0,13,2,0,1,2,40,2
2020,12.0,2020-08-13,Stephen,Coniglio,Greater Western Sydney,C,2,385,4,15,6,0,6,3,60,12
2020,12.0,2020-08-13,Harry,Cunningham,Sydney,BPL,4,195,5,3,2,0,5,0,80,8
2020,12.0,2020-08-13,Nick,Haynes,Greater Western Sydney,CHB,1,139,6,4,2,0,2,0,86,6
2020,12.0,2020-08-13,Lachie,Whitfield,Greater Western Sydney,HFFR,1,280,2,15,3,0,2,0,64,9
2020,12.0,2020-08-13,Dane,Rampe,Sydney,FB,3,401,10,8,3,0,8,0,73,16
2020,12.0,2020-08-13,Callum,Sinclair,Sydney,RK,2,168,3,5,3,0,2,1,92,11
2020,12.0,2020-08-13,Zac,Williams,Greater Western Sydney,HBFL,0,461,6,5,6,1,6,0,67,14
2020,12.0,2020-08-13,Aidan,Corr,Greater Western Sydney,BPR,0,252,5,3,1,0,3,0,78,7
2020,12.0,2020-08-13,Jackson,Thurlow,Sydney,HFFL,5,215,4,8,4,0,4,0,53,8
2020,12.0,2020-08-13,Josh,Kelly,Greater Western Sydney,RR,4,576,0,18,6,2,8,1,45,14
2020,12.0,2020-08-13,Jake,Lloyd,Sydney,HBFL,3,412,7,9,5,0,6,0,67,18
2020,12.0,2020-08-13,Callum,Mills,Sydney,C,0,309,7,6,2,0,4,0,68,13
2020,12.0,2020-08-13,Tom,Papley,Sydney,R,7,344,0,10,4,1,9,2,60,6
2020,12.0,2020-08-13,Jacob,Hopper,Greater Western Sydney,WR,0,164,2,18,6,3,8,0,43,6
2020,12.0,2020-08-13,Harry,Himmelberg,Greater Western Sydney,FF,3,195,1,8,1,0,3,1,50,3
2020,12.0,2020-08-13,Oliver,Florent,Sydney,WL,3,233,2,19,1,0,5,0,33,4
2020,12.0,2020-08-13,Tim,Taranto,Greater Western Sydney,R,1,294,3,21,2,3,5,0,62,8
2020,12.0,2020-08-13,Robbie,Fox,Sydney,BPR,0,85,0,9,1,0,0,0,50,2
2020,12.0,2020-08-13,Will,Hayward,Sydney,WR,4,76,0,6,0,0,1,0,67,4
2020,12.0,2020-08-13,Jordan,Dawson,Sydney,HBFR,3,311,3,9,6,0,3,0,50,9
2020,12.0,2020-08-13,Lewis,Melican,Sydney,CHB,2,246,7,7,0,0,4,0,93,14
2020,12.0,2020-08-13,Harry,Perryman,Greater Western Sydney,INT,0,243,10,10,6,0,10,1,55,11
2020,12.0,2020-08-13,Jeremy,Finlayson,Greater Western Sydney,INT,2,109,0,11,1,1,4,2,50,4
2020,12.0,2020-08-13,Zac,Langdon,Greater Western Sydney,HFFL,3,90,2,13,2,0,5,3,50,4
2020,12.0,2020-08-13,Tom,McCartin,Sydney,CHF,0,169,0,7,1,0,0,0,80,4
2020,12.0,2020-08-13,Brent,Daniels,Greater Western Sydney,FPL,2,110,2,18,4,0,3,2,69,9
2020,12.0,2020-08-13,Colin,O'Riordan,Sydney,INT,2,167,6,7,3,0,4,0,73,11
2020,12.0,2020-08-13,Nick,Blakey,Sydney,INT,3,500,2,15,5,0,4,1,61,11
2020,12.0,2020-08-13,James,Rowbottom,Sydney,RR,3,445,2,13,7,1,4,0,50,10
2020,12.0,2020-08-13,Jye,Caldwell,Greater Western Sydney,WL,1,244,2,5,7,0,5,0,39,5
2020,12.0,2020-08-13,James,Bell,Sydney,FPL,4,112,0,17,3,0,7,1,77,10
2020,12.0,2020-08-13,Lachie,Ash,Greater Western Sydney,HBFR,0,128,3,12,3,0,3,0,67,4
2020,12.0,2020-08-13,Dylan,Stephens,Sydney,INT,3,219,4,16,2,0,5,0,55,6
2020,12.0,2020-08-13,Sam,Wicks,Sydney,FPR,1,24,2,17,0,0,3,0,67,4
2020,12.0,2020-08-13,Xavier,O'Halloran,Greater Western Sydney,FPR,1,146,2,20,5,0,6,2,40,4
2020,12.0,2020-08-13,Zac,Foot,Sydney,INT,3,116,1,8,5,0,2,0,80,8
2020,12.0,2020-08-13,Tom,Hutchesson,Greater Western Sydney,INT,3,131,0,9,1,0,1,0,86,6
2020,12.0,2020-08-14,Joel,Selwood,Geelong,R,6,227,1,14,2,1,1,0,64,9
2020,12.0,2020-08-14,Tom,Hawkins,Geelong,CHF,12,281,0,10,4,0,4,3,71,12
2020,12.0,2020-08-14,Robbie,Gray,Port Adelaide,FF,1,36,1,14,2,1,2,1,73,11
2020,12.0,2020-08-14,Travis,Boak,Port Adelaide,RR,3,260,0,15,4,1,5,0,63,15
2020,12.0,2020-08-14,Lachie,Henderson,Geelong,FB,4,235,3,4,3,0,1,0,77,10
2020,12.0,2020-08-14,Harry,Taylor,Geelong,CHB,5,43,3,1,1,0,2,0,100,8
2020,12.0,2020-08-14,Patrick,Dangerfield,Geelong,RR,7,575,3,17,3,4,10,1,58,14
2020,12.0,2020-08-14,Hamish,Hartlett,Port Adelaide,HBFR,0,17,4,8,0,0,4,0,88,7
2020,12.0,2020-08-14,Tom,Rockliff,Port Adelaide,C,2,158,3,24,3,1,5,1,79,11
2020,12.0,2020-08-14,Mitch,Duncan,Geelong,INT,4,244,1,16,3,1,5,0,65,13
2020,12.0,2020-08-14,Steven,Motlop,Port Adelaide,HFFL,0,52,1,10,4,0,4,1,40,2
2020,12.0,2020-08-14,Gary,Rohan,Geelong,FPR,6,321,1,6,2,0,2,1,92,11
2020,12.0,2020-08-14,Rhys,Stanley,Geelong,RK,3,233,4,8,4,2,4,0,83,10
2020,12.0,2020-08-14,Cameron,Guthrie,Geelong,FF,6,194,1,22,3,0,6,1,74,20
2020,12.0,2020-08-14,Charlie,Dixon,Port Adelaide,FPR,0,41,0,10,1,0,1,2,67,2
2020,12.0,2020-08-14,Trent,McKenzie,Port Adelaide,BPL,0,450,6,7,4,0,1,0,92,11
2020,12.0,2020-08-14,Zach,Tuohy,Geelong,HBFL,4,283,1,4,2,0,2,0,62,8
2020,12.0,2020-08-14,Scott,Lycett,Port Adelaide,RK,2,219,2,6,3,1,2,0,67,6
2020,12.0,2020-08-14,Tom,Jonas,Port Adelaide,BPR,0,280,4,8,3,0,2,0,64,7
2020,12.0,2020-08-14,Ollie,Wines,Port Adelaide,R,1,345,5,21,5,1,7,1,74,14
2020,12.0,2020-08-14,Mark,Blicavs,Geelong,BPL,6,176,4,11,2,3,9,0,86,18
2020,12.0,2020-08-14,Sam,Mayes,Port Adelaide,INT,0,134,2,10,3,0,2,0,50,5
2020,12.0,2020-08-14,Tom,Clurey,Port Adelaide,FB,1,256,4,2,2,0,0,0,75,9
2020,12.0,2020-08-14,Jed,Bews,Geelong,INT,4,344,7,10,3,0,4,0,100,14
2020,12.0,2020-08-14,Karl,Amon,Port Adelaide,WR,2,493,4,17,4,0,3,0,56,9
2020,12.0,2020-08-14,Jake,Kolodjashnij,Geelong,HFFR,4,179,2,3,0,0,1,0,100,7
2020,12.0,2020-08-14,Darcy,Byrne-Jones,Port Adelaide,CHB,1,48,6,12,2,1,5,0,70,7
2020,12.0,2020-08-14,Sam,Menegola,Geelong,WL,4,435,4,14,5,1,7,0,76,16
2020,12.0,2020-08-14,Dan,Houston,Port Adelaide,HBFL,0,288,4,14,3,0,2,0,73,11
2020,12.0,2020-08-14,Sam,Powell-Pepper,Port Adelaide,INT,5,418,0,15,4,1,3,0,44,7
2020,12.0,2020-08-14,Brandan,Parfitt,Geelong,INT,3,127,4,13,1,1,8,0,75,12
2020,12.0,2020-08-14,Tom,Stewart,Geelong,HBFR,5,355,3,9,5,0,2,0,85,17
2020,12.0,2020-08-14,Mark,O'Connor,Geelong,WR,2,157,6,9,3,0,6,0,73,8
2020,12.0,2020-08-14,Sam,Simpson,Geelong,INT,3,90,1,5,0,0,3,1,67,6
2020,12.0,2020-08-14,Lachie,Fogarty,Geelong,C,7,84,1,11,3,0,1,2,92,11
2020,12.0,2020-08-14,Jack,Henry,Geelong,BPR,1,238,4,7,2,0,1,0,73,8
2020,12.0,2020-08-14,Kane,Farrell,Port Adelaide,INT,3,96,2,17,0,0,2,1,67,4
2020,12.0,2020-08-14,Tom,Atkins,Geelong,HFFL,1,146,3,18,3,0,3,0,60,6
2020,12.0,2020-08-14,Gryan,Miers,Geelong,FPL,7,352,0,7,3,0,3,0,63,12
2020,12.0,2020-08-14,Zak,Butters,Port Adelaide,CHF,1,181,2,10,4,2,5,1,58,7
2020,12.0,2020-08-14,Xavier,Duursma,Port Adelaide,WL,0,44,3,14,2,0,5,1,50,4
2020,12.0,2020-08-14,Peter,Ladhams,Port Adelaide,FPL,1,298,1,9,3,0,2,0,100,12
2020,12.0,2020-08-14,Mitch,Georgiades,Port Adelaide,INT,1,16,0,7,0,0,2,1,67,2
2020,12.0,2020-08-14,Boyd,Woodcock,Port Adelaide,HFFR,2,161,3,13,1,0,4,0,75,9
2020,12.0,2020-08-15,Grant,Birchall,Brisbane Lions,BPR,3,203,4,4,3,0,1,0,88,15
2020,12.0,2020-08-15,Shaun,Higgins,North Melbourne,WL,4,503,1,11,5,0,1,0,88,21
2020,12.0,2020-08-15,Todd,Goldstein,North Melbourne,RK,6,161,4,3,3,0,5,0,83,15
2020,12.0,2020-08-15,Mitch,Robinson,Brisbane Lions,WL,2,321,3,9,6,0,3,0,60,9
2020,12.0,2020-08-15,Ryan,Lester,Brisbane Lions,WR,1,148,8,7,2,0,2,0,92,11
2020,12.0,2020-08-15,Shaun,Atley,North Melbourne,HBFR,2,293,7,7,1,1,8,0,96,21
2020,12.0,2020-08-15,Lachie,Neale,Brisbane Lions,R,7,366,2,20,5,0,5,2,79,19
2020,12.0,2020-08-15,Jarryd,Lyons,Brisbane Lions,RR,4,382,2,20,2,0,10,0,57,13
2020,12.0,2020-08-15,Dayne,Zorko,Brisbane Lions,HFFL,7,610,6,29,5,1,3,0,57,13
2020,12.0,2020-08-15,Marley,Williams,North Melbourne,BPR,2,305,5,5,5,0,5,0,60,6
2020,12.0,2020-08-15,Lincoln,McCarthy,Brisbane Lions,HFFR,3,113,1,12,0,1,4,1,56,5
2020,12.0,2020-08-15,Josh,Walker,North Melbourne,CHB,1,191,6,3,2,0,1,0,75,9
2020,12.0,2020-08-15,Jed,Anderson,North Melbourne,RR,5,403,2,11,5,3,10,0,59,17
2020,12.0,2020-08-15,Luke,McDonald,North Melbourne,HBFL,1,449,5,5,4,0,2,0,75,18
2020,12.0,2020-08-15,Darcy,Gardiner,Brisbane Lions,FB,1,127,4,5,3,0,4,0,70,7
2020,12.0,2020-08-15,Charlie,Cameron,Brisbane Lions,FPR,2,49,1,6,1,0,1,0,40,2
2020,12.0,2020-08-15,Daniel,McStay,Brisbane Lions,CHF,4,176,0,10,2,0,1,1,71,5
2020,12.0,2020-08-15,Mason,Wood,North Melbourne,INT,2,156,2,12,5,0,1,0,67,4
2020,12.0,2020-08-15,Harris,Andrews,Brisbane Lions,BPL,1,52,4,6,2,0,1,0,90,9
2020,12.0,2020-08-15,Trent,Dumont,North Melbourne,R,4,196,0,18,2,3,7,0,73,16
2020,12.0,2020-08-15,Callum,Ah Chee,Brisbane Lions,HBFL,0,139,0,17,4,0,5,2,38,3
2020,12.0,2020-08-15,Rhys,Mathieson,Brisbane Lions,INT,6,242,4,13,3,1,6,0,71,10
2020,12.0,2020-08-15,Eric,Hipwood,Brisbane Lions,FF,2,220,0,11,3,0,0,0,71,5
2020,12.0,2020-08-15,Jy,Simpkin,North Melbourne,C,3,147,3,21,5,2,8,2,58,15
2020,12.0,2020-08-15,Sam,Durdin,North Melbourne,INT,1,117,2,3,2,0,1,0,75,6
2020,12.0,2020-08-15,Jarrod,Berry,Brisbane Lions,C,0,89,3,17,3,0,9,2,36,5
2020,12.0,2020-08-15,Hugh,McCluggage,Brisbane Lions,FPL,5,228,2,12,3,0,6,0,42,5
2020,12.0,2020-08-15,Ed,Vickers-Willis,North Melbourne,BPL,0,52,3,9,1,0,2,0,75,6
2020,12.0,2020-08-15,Alex,Witherden,Brisbane Lions,INT,3,423,7,9,3,0,4,0,79,15
2020,12.0,2020-08-15,Cameron,Zurhaar,North Melbourne,FPR,3,313,0,4,5,0,1,0,64,7
2020,12.0,2020-08-15,Nick,Larkey,North Melbourne,FF,4,90,2,4,0,0,1,1,29,2
2020,12.0,2020-08-15,Ben,McKay,North Melbourne,FB,0,40,5,7,1,0,3,0,88,7
2020,12.0,2020-08-15,Luke,Davies-Uniacke,North Melbourne,INT,1,415,2,15,4,1,5,1,67,10
2020,12.0,2020-08-15,Zac,Bailey,Brisbane Lions,INT,5,154,2,9,1,1,7,0,83,10
2020,12.0,2020-08-15,Oscar,McInerney,Brisbane Lions,RK,4,74,0,14,0,1,4,2,75,6
2020,12.0,2020-08-15,Matt,Eagles,Brisbane Lions,INT,0,24,0,9,1,0,1,1,0,0
2020,12.0,2020-08-15,Tom,Murphy,North Melbourne,INT,2,153,0,10,3,0,0,0,78,7
2020,12.0,2020-08-15,Will,Walker,North Melbourne,WR,1,233,1,8,2,0,3,0,80,12
2020,12.0,2020-08-15,Brandon,Starcevich,Brisbane Lions,CHB,4,342,6,2,2,0,3,0,100,11
2020,12.0,2020-08-15,Bailey,Scott,North Melbourne,HFFR,3,187,0,13,0,1,6,0,64,7
2020,12.0,2020-08-15,Noah,Answerth,Brisbane Lions,HBFR,2,19,3,6,0,0,2,0,100,4
2020,12.0,2020-08-15,Jack,Mahony,North Melbourne,FPL,2,26,3,9,3,0,4,0,73,8
2020,12.0,2020-08-15,Tristan,Xerri,North Melbourne,CHF,2,65,0,7,2,0,2,0,50,2
2020,12.0,2020-08-15,Lachlan,Hosie,North Melbourne,HFFL,1,99,1,9,2,0,1,0,88,7
2020,12.0,2020-08-15,Lynden,Dunn,Collingwood,FB,0,151,4,5,4,0,3,0,63,5
2020,12.0,2020-08-15,Scott,Pendlebury,Collingwood,R,6,367,6,14,6,2,9,0,64,18
2020,12.0,2020-08-15,Nathan,Jones,Melbourne,INT,2,210,5,7,2,0,6,0,75,12
2020,12.0,2020-08-15,Travis,Varcoe,Collingwood,INT,5,313,1,2,1,0,1,0,77,13
2020,12.0,2020-08-15,Ben,Reid,Collingwood,FF,2,47,0,3,1,0,0,1,100,2
2020,12.0,2020-08-15,Steele,Sidebottom,Collingwood,C,4,279,6,20,4,2,6,0,59,17
2020,12.0,2020-08-15,Jake,Melksham,Melbourne,HFFL,6,407,3,10,6,0,1,0,69,9
2020,12.0,2020-08-15,Michael,Hibberd,Melbourne,BPL,1,188,9,6,4,0,6,0,71,12
2020,12.0,2020-08-15,Steven,May,Melbourne,FB,2,360,4,5,2,0,2,0,88,15
2020,12.0,2020-08-15,Tom,McDonald,Melbourne,CHF,3,52,0,15,0,0,1,1,75,6
2020,12.0,2020-08-15,Will,Hoskin-Elliott,Collingwood,HFFR,5,138,1,11,5,0,4,0,64,7
2020,12.0,2020-08-15,Adam,Tomlinson,Melbourne,WR,1,131,1,8,2,0,2,0,90,9
2020,12.0,2020-08-15,Jack,Crisp,Collingwood,BPL,0,163,4,10,3,1,4,0,64,9
2020,12.0,2020-08-15,Taylor,Adams,Collingwood,RR,7,520,3,11,8,3,8,0,77,23
2020,12.0,2020-08-15,Jamie,Elliott,Collingwood,FPR,4,255,0,14,5,2,3,4,40,6
2020,12.0,2020-08-15,Jack,Viney,Melbourne,R,2,320,2,32,6,3,4,0,58,11
2020,12.0,2020-08-15,Josh,Thomas,Collingwood,FPL,3,72,3,16,2,0,3,2,75,9
2020,12.0,2020-08-15,Brodie,Grundy,Collingwood,RK,5,34,1,18,1,3,7,2,73,11
2020,12.0,2020-08-15,Christian,Salem,Melbourne,HBFL,2,197,4,20,1,0,2,0,96,21
2020,12.0,2020-08-15,Angus,Brayshaw,Melbourne,RR,6,235,8,16,4,0,9,0,78,18
2020,12.0,2020-08-15,Aaron,vandenBerg,Melbourne,BPR,2,269,2,11,8,0,5,0,50,9
2020,12.0,2020-08-15,Jake,Lever,Melbourne,CHB,0,90,5,7,2,0,5,0,80,8
2020,12.0,2020-08-15,Brayden,Maynard,Collingwood,HBFL,0,281,5,19,6,0,5,0,79,11
2020,12.0,2020-08-15,Darcy,Moore,Collingwood,CHB,1,185,7,4,0,0,3,0,80,8
2020,12.0,2020-08-15,James,Harmes,Melbourne,HBFR,2,132,4,6,1,0,3,0,93,14
2020,12.0,2020-08-15,Ed,Langdon,Melbourne,WL,5,385,3,10,3,1,4,0,82,18
2020,12.0,2020-08-15,Clayton,Oliver,Melbourne,C,5,337,1,25,4,5,7,0,83,20
2020,12.0,2020-08-15,Christian,Petracca,Melbourne,FPL,7,505,4,17,6,2,13,0,67,16
2020,12.0,2020-08-15,Tom,Phillips,Collingwood,WL,2,465,9,12,5,0,8,0,64,14
2020,12.0,2020-08-15,Rupert,Wills,Collingwood,INT,3,34,2,17,5,0,4,0,63,10
2020,12.0,2020-08-15,Sam,Weideman,Melbourne,FF,3,107,0,4,2,0,1,1,63,5
2020,12.0,2020-08-15,Braydon,Preuss,Melbourne,RK,4,158,3,8,1,0,3,0,75,9
2020,12.0,2020-08-15,Callum L.,Brown,Collingwood,INT,2,74,1,16,1,0,3,0,50,4
2020,12.0,2020-08-15,Josh,Daicos,Collingwood,WR,4,228,5,15,5,0,3,0,67,14
2020,12.0,2020-08-15,Bayley,Fritsch,Melbourne,INT,4,281,2,7,7,0,3,1,71,10
2020,12.0,2020-08-15,Charlie,Spargo,Melbourne,HFFR,4,93,3,11,2,0,3,1,86,6
2020,12.0,2020-08-15,Brody,Mihocek,Collingwood,HFFL,0,17,0,1,0,0,0,0,0,0
2020,12.0,2020-08-15,Darcy,Cameron,Collingwood,CHF,2,8,0,9,1,0,3,1,60,3
2020,12.0,2020-08-15,Jack,Madgen,Collingwood,BPR,0,173,6,6,3,0,4,0,85,11
2020,12.0,2020-08-15,Tom,Sparrow,Melbourne,INT,3,76,2,20,0,1,1,0,100,8
2020,12.0,2020-08-15,Jay,Lockhart,Melbourne,INT,0,50,4,13,2,0,3,1,70,7
2020,12.0,2020-08-15,John,Noble,Collingwood,HBFR,3,239,3,11,3,0,4,0,84,16
2020,12.0,2020-08-15,Kysaiah,Pickett,Melbourne,FPR,1,127,1,13,2,0,1,0,100,5
2020,12.0,2020-08-15,Trey,Ruscoe,Collingwood,INT,0,39,1,10,1,0,2,1,75,3
2020,12.0,2020-08-15,Kade,Simpson,Carlton,BPR,1,170,3,8,3,0,3,0,75,6
2020,12.0,2020-08-15,Eddie,Betts,Carlton,FPL,2,53,1,14,2,0,5,1,43,3
2020,12.0,2020-08-15,David,Mundy,Fremantle,INT,2,161,1,25,2,1,7,2,87,13
2020,12.0,2020-08-15,Marc,Murphy,Carlton,HFFL,5,218,5,19,5,2,11,0,48,11
2020,12.0,2020-08-15,Stephen,Hill,Fremantle,HBFL,0,259,3,9,5,0,7,0,56,9
2020,12.0,2020-08-15,Michael,Walters,Fremantle,R,2,119,1,12,1,0,4,1,70,7
2020,12.0,2020-08-15,Nat,Fyfe,Fremantle,C,5,256,7,15,4,0,10,1,62,13
2020,12.0,2020-08-15,Liam,Jones,Carlton,FB,1,83,2,3,2,0,2,0,57,4
2020,12.0,2020-08-15,Ed,Curnow,Carlton,RR,4,536,4,18,6,3,14,0,36,12
2020,12.0,2020-08-15,Reece,Conca,Fremantle,FB,0,335,5,11,8,0,5,0,63,10
2020,12.0,2020-08-15,Nathan,Wilson,Fremantle,BPR,1,331,5,10,3,0,1,0,77,10
2020,12.0,2020-08-15,Jack,Newnes,Carlton,WR,2,162,2,16,4,0,4,4,50,6
2020,12.0,2020-08-15,Levi,Casboult,Carlton,CHF,3,190,1,16,4,0,1,0,33,3
2020,12.0,2020-08-15,Lachie,Plowman,Carlton,BPL,0,114,5,8,2,0,2,0,50,4
2020,12.0,2020-08-15,Sam,Docherty,Carlton,HBFL,1,534,4,4,4,0,2,0,68,13
2020,12.0,2020-08-15,Matt,Taberner,Fremantle,CHF,3,303,1,7,2,0,4,0,75,9
2020,12.0,2020-08-15,James,Aish,Fremantle,WR,1,243,3,14,4,0,5,1,63,10
2020,12.0,2020-08-15,Patrick,Cripps,Carlton,C,5,269,5,22,5,4,14,0,50,12
2020,12.0,2020-08-15,Rory,Lobb,Fremantle,FF,3,186,3,4,1,0,2,0,75,6
2020,12.0,2020-08-15,Connor,Blakely,Fremantle,INT,2,317,1,20,2,1,6,1,61,11
2020,12.0,2020-08-15,Ethan,Hughes,Fremantle,HBFR,0,175,4,14,2,0,3,0,64,7
2020,12.0,2020-08-15,Jacob,Weitering,Carlton,CHB,1,168,8,2,1,0,3,0,67,6
2020,12.0,2020-08-15,Matthew,Kennedy,Carlton,INT,3,141,2,9,2,0,7,1,73,8
2020,12.0,2020-08-15,Sam,Petrevski-Seton,Carlton,HBFR,0,98,4,9,4,0,8,0,27,3
2020,12.0,2020-08-15,Thomas,Williamson,Carlton,INT,0,67,6,16,0,0,5,0,78,7
2020,12.0,2020-08-15,Zac,Fisher,Carlton,FPR,3,321,2,14,6,0,3,2,46,5
2020,12.0,2020-08-15,Luke,Ryan,Fremantle,CHB,1,495,14,6,5,0,10,0,79,19
2020,12.0,2020-08-15,Brennan,Cox,Fremantle,BPL,0,168,8,2,4,0,5,0,75,6
2020,12.0,2020-08-15,Sean,Darcy,Fremantle,RK,2,40,0,11,4,0,3,0,67,4
2020,12.0,2020-08-15,Will,Setterfield,Carlton,R,4,200,2,16,1,1,4,0,61,11
2020,12.0,2020-08-15,Harry,McKay,Carlton,FF,3,203,1,9,4,0,2,2,44,4
2020,12.0,2020-08-15,Andrew,Brayshaw,Fremantle,HFFL,2,94,2,34,2,1,4,1,56,9
2020,12.0,2020-08-15,Adam,Cerra,Fremantle,WL,1,270,4,20,2,0,6,0,61,11
2020,12.0,2020-08-15,Mitch,Crowden,Fremantle,FPR,0,137,0,21,3,0,0,1,17,1
2020,12.0,2020-08-15,Taylin,Duman,Fremantle,INT,1,121,5,11,1,0,6,0,40,4
2020,12.0,2020-08-15,Tom,De Koning,Carlton,RK,2,72,0,7,0,0,3,0,50,4
2020,12.0,2020-08-15,Michael,Gibbons,Carlton,HFFR,4,296,0,26,1,0,6,0,69,9
2020,12.0,2020-08-15,Sam,Walsh,Carlton,WL,3,511,3,19,6,0,9,0,63,15
2020,12.0,2020-08-15,Lachie,Schultz,Fremantle,FPL,1,97,0,10,2,0,0,2,67,6
2020,12.0,2020-08-15,Brett,Bewley,Fremantle,INT,0,160,2,14,3,0,3,2,78,7
2020,12.0,2020-08-15,Caleb,Serong,Fremantle,RR,0,219,2,21,3,0,4,0,46,6
2020,12.0,2020-08-15,Michael,Frederick,Fremantle,HFFR,3,86,0,7,0,0,0,0,50,2
2020,12.0,2020-08-15,Matthew,Cottrell,Carlton,INT,1,360,3,14,8,0,7,0,29,4
2020,12.0,2020-08-15,Josh,Honey,Carlton,INT,1,41,0,9,1,0,1,0,50,2
2020,12.0,2020-08-16,David,Mackay,Adelaide,BPR,4,203,2,15,0,0,1,0,100,11
2020,12.0,2020-08-16,Taylor,Walker,Adelaide,CHF,2,184,0,10,2,0,1,0,67,4
2020,12.0,2020-08-16,Easton,Wood,Western Bulldogs,BPL,2,143,5,9,1,0,2,0,92,12
2020,12.0,2020-08-16,Rory,Sloane,Adelaide,RR,4,297,2,16,4,0,5,0,73,11
2020,12.0,2020-08-16,Brodie,Smith,Adelaide,HBFR,2,536,4,13,2,0,4,0,67,12
2020,12.0,2020-08-16,Tom,Liberatore,Western Bulldogs,RR,6,365,1,10,3,1,12,1,68,17
2020,12.0,2020-08-16,Mitch,Wallis,Western Bulldogs,FPL,6,147,1,15,2,0,4,2,40,4
2020,12.0,2020-08-16,Daniel,Talia,Adelaide,FB,0,40,2,2,1,0,1,0,0,0
2020,12.0,2020-08-16,Paul,Seedsman,Adelaide,WL,4,192,3,21,1,0,3,0,67,8
2020,12.0,2020-08-16,Luke,Brown,Adelaide,BPL,0,335,3,11,3,0,1,0,79,11
2020,12.0,2020-08-16,Rory,Laird,Adelaide,R,5,289,2,20,4,1,3,0,75,12
2020,12.0,2020-08-16,Jack,Macrae,Western Bulldogs,C,12,432,2,12,1,5,7,0,74,20
2020,12.0,2020-08-16,Lachie,Hunter,Western Bulldogs,HBFR,9,380,2,8,3,0,9,0,86,25
2020,12.0,2020-08-16,Kyle,Hartigan,Adelaide,CHB,0,142,6,9,1,0,2,0,100,8
2020,12.0,2020-08-16,Matt,Crouch,Adelaide,WR,6,335,2,25,2,1,7,0,70,19
2020,12.0,2020-08-16,Sam,Lloyd,Western Bulldogs,INT,3,154,1,6,4,1,5,0,70,7
2020,12.0,2020-08-16,Marcus,Bontempelli,Western Bulldogs,CHF,11,553,0,34,2,7,6,1,82,27
2020,12.0,2020-08-16,Jake,Kelly,Adelaide,INT,2,83,4,16,3,0,3,0,86,6
2020,12.0,2020-08-16,Bailey,Dale,Western Bulldogs,WL,4,183,1,5,2,0,3,0,75,9
2020,12.0,2020-08-16,Toby,McLean,Western Bulldogs,HFFL,2,131,1,11,0,0,4,1,100,13
2020,12.0,2020-08-16,Caleb,Daniel,Western Bulldogs,BPR,5,456,5,6,4,1,5,0,88,22
2020,12.0,2020-08-16,Roarke,Smith,Western Bulldogs,INT,2,56,5,4,3,0,4,0,58,7
2020,12.0,2020-08-16,Josh,Dunkley,Western Bulldogs,R,5,3,4,11,0,0,8,2,71,12
2020,12.0,2020-08-16,Ben,Keays,Adelaide,C,4,382,6,31,3,1,3,0,74,17
2020,12.0,2020-08-16,Bailey,Williams,Western Bulldogs,HBFL,5,614,4,8,2,0,2,0,80,16
2020,12.0,2020-08-16,Reilly,O'Brien,Adelaide,RK,4,155,4,21,5,1,6,0,47,8
2020,12.0,2020-08-16,Tim,English,Western Bulldogs,RK,8,188,1,17,3,1,3,1,50,6
2020,12.0,2020-08-16,Tyson,Stengle,Adelaide,FPL,2,133,1,12,3,0,4,0,57,4
2020,12.0,2020-08-16,Alex,Keath,Western Bulldogs,FB,0,179,5,4,1,0,1,0,82,9
2020,12.0,2020-08-16,Patrick,Lipinski,Western Bulldogs,WR,4,150,1,11,2,0,4,0,81,13
2020,12.0,2020-08-16,Lachlan,Murphy,Adelaide,HFFL,3,175,1,15,4,0,0,1,63,5
2020,12.0,2020-08-16,Aaron,Naughton,Western Bulldogs,FF,8,129,0,7,0,0,2,2,88,7
2020,12.0,2020-08-16,Ed,Richards,Western Bulldogs,HFFR,2,264,3,12,1,0,3,0,100,10
2020,12.0,2020-08-16,Myles,Poholke,Adelaide,HFFR,5,225,0,16,1,0,5,0,62,8
2020,12.0,2020-08-16,Elliott,Himmelberg,Adelaide,FF,4,151,0,12,1,0,0,0,80,4
2020,12.0,2020-08-16,Bailey,Smith,Western Bulldogs,INT,12,813,2,11,8,3,11,0,62,23
2020,12.0,2020-08-16,Ryan,Gardner,Western Bulldogs,CHB,1,12,3,4,0,0,2,0,83,5
2020,12.0,2020-08-16,Rhylee,West,Western Bulldogs,INT,2,137,0,14,4,0,3,1,58,7
2020,12.0,2020-08-16,Ben,Cavarra,Western Bulldogs,FPR,7,128,1,10,3,0,3,2,60,9
2020,12.0,2020-08-16,Fischer,McAsey,Adelaide,INT,1,108,0,7,1,0,0,2,33,1
2020,12.0,2020-08-16,Shane,McAdam,Adelaide,FPR,4,135,2,12,3,0,5,1,80,8
2020,12.0,2020-08-16,Andrew,McPherson,Adelaide,HBFL,0,135,3,6,3,0,2,0,63,5
2020,12.0,2020-08-16,Harry,Schoenberg,Adelaide,INT,4,168,2,13,1,1,5,0,80,12
2020,12.0,2020-08-16,Lachlan,Sholl,Adelaide,INT,3,124,0,11,0,1,1,0,86,6
2020,12.0,2020-08-16,Paddy,Ryder,St Kilda,RK,4,227,2,12,3,1,3,0,60,6
2020,12.0,2020-08-16,Jarryn,Geary,St Kilda,CHB,1,206,2,5,3,0,0,0,62,8
2020,12.0,2020-08-16,Michael,Hurley,Essendon,FB,1,271,4,4,2,0,3,0,90,17
2020,12.0,2020-08-16,Shaun,McKernan,Essendon,FF,1,35,0,7,1,0,1,0,50,2
2020,12.0,2020-08-16,Dylan,Shiel,Essendon,RR,3,237,0,22,6,3,5,0,79,23
2020,12.0,2020-08-16,Jacob,Townsend,Essendon,INT,2,110,0,6,4,0,2,0,67,4
2020,12.0,2020-08-16,Bradley,Hill,St Kilda,WR,4,453,2,21,5,0,3,0,53,9
2020,12.0,2020-08-16,Sebastian,Ross,St Kilda,BPR,4,226,2,9,2,1,5,0,63,10
2020,12.0,2020-08-16,James,Stewart,Essendon,CHF,2,61,0,5,1,0,3,0,40,2
2020,12.0,2020-08-16,Martin,Gleeson,Essendon,CHB,1,60,7,3,1,0,5,0,87,13
2020,12.0,2020-08-16,Zach,Merrett,Essendon,R,4,467,5,17,5,0,6,0,75,18
2020,12.0,2020-08-16,Jack,Billings,St Kilda,WL,5,346,1,15,4,0,5,0,83,19
2020,12.0,2020-08-16,Tom,Cutler,Essendon,WL,2,181,3,11,2,0,2,0,71,10
2020,12.0,2020-08-16,Zak,Jones,St Kilda,C,4,429,4,21,4,2,6,0,58,15
2020,12.0,2020-08-16,Tim,Membrey,St Kilda,FPL,4,236,0,9,1,0,1,0,70,7
2020,12.0,2020-08-16,Adam,Saad,Essendon,BPL,3,268,5,3,3,0,3,0,89,16
2020,12.0,2020-08-16,Jack,Lonie,St Kilda,CHF,6,148,1,22,2,0,3,0,80,8
2020,12.0,2020-08-16,Jack,Sinclair,St Kilda,INT,3,129,4,13,0,0,1,0,78,7
2020,12.0,2020-08-16,Kyle,Langford,Essendon,INT,2,315,4,10,9,0,6,0,56,10
2020,12.0,2020-08-16,Jack,Steele,St Kilda,RR,3,228,2,22,1,1,6,0,57,12
2020,12.0,2020-08-16,Conor,McKenna,Essendon,HFFL,1,298,2,9,7,0,1,0,53,9
2020,12.0,2020-08-16,Anthony,McDonald-Tipungwuti,Essendon,HFFR,2,126,2,18,1,0,2,2,89,8
2020,12.0,2020-08-16,Darcy,Parish,Essendon,WR,4,354,1,19,4,4,7,1,69,20
2020,12.0,2020-08-16,Dougal,Howard,St Kilda,HBFR,3,64,4,5,1,0,3,0,88,7
2020,12.0,2020-08-16,Will,Snelling,Essendon,FPR,2,-10,2,23,0,0,8,1,91,10
2020,12.0,2020-08-16,Dan,Butler,St Kilda,HFFR,2,193,0,16,4,0,1,2,67,6
2020,12.0,2020-08-16,Andrew,McGrath,Essendon,C,3,204,3,27,2,1,7,0,96,22
2020,12.0,2020-08-16,Ben,Long,St Kilda,HBFL,3,77,5,5,2,2,2,0,75,9
2020,12.0,2020-08-16,Josh,Battle,St Kilda,R,2,147,7,12,1,0,3,0,72,13
2020,12.0,2020-08-16,Rowan,Marshall,St Kilda,FPR,4,245,4,13,3,0,4,0,63,10
2020,12.0,2020-08-16,Josh,Begley,Essendon,FPL,2,90,1,12,2,0,2,2,60,3
2020,12.0,2020-08-16,Hunter,Clark,St Kilda,HFFL,2,210,5,9,4,1,6,0,85,17
2020,12.0,2020-08-16,Nick,Coffield,St Kilda,BPL,5,291,7,4,3,0,4,0,63,12
2020,12.0,2020-08-16,Matt,Guelfi,Essendon,HBFR,1,148,4,10,2,0,3,0,82,9
2020,12.0,2020-08-16,Kobe,Mutch,Essendon,INT,2,122,1,12,2,0,1,0,91,10
2020,12.0,2020-08-16,Dylan,Clarke,Essendon,INT,1,95,0,13,1,0,1,0,67,4
2020,12.0,2020-08-16,Jordan,Ridley,Essendon,HBFL,3,171,3,5,1,0,0,0,83,15
2020,12.0,2020-08-16,Ben,Paton,St Kilda,INT,1,0,0,1,0,0,0,0,100,1
2020,12.0,2020-08-16,Callum,Wilkie,St Kilda,FB,2,190,6,3,2,0,5,0,77,10
2020,12.0,2020-08-16,Nick,Hind,St Kilda,INT,2,161,0,16,2,0,1,0,71,5
2020,12.0,2020-08-16,Brandon,Zerk-Thatcher,Essendon,BPR,1,91,2,3,1,0,0,0,78,7
2020,12.0,2020-08-16,Max,King,St Kilda,FF,5,129,0,9,3,0,1,1,86,6
2020,12.0,2020-08-16,Sam,Draper,Essendon,RK,1,165,1,4,2,0,0,0,67,4
2020,12.0,2020-08-16,Jack,Bytel,St Kilda,INT,3,-37,1,17,0,2,4,1,85,11
2020,12.0,2020-08-16,Shaun,Burgoyne,Hawthorn,FPR,3,202,1,13,2,0,3,1,85,11
2020,12.0,2020-08-16,Shannon,Hurn,West Coast,BPL,3,235,5,10,2,0,3,0,82,14
2020,12.0,2020-08-16,Josh J.,Kennedy,West Coast,FF,5,210,1,10,0,0,1,3,75,6
2020,12.0,2020-08-16,James,Frawley,Hawthorn,FB,1,180,7,6,2,0,5,0,64,7
2020,12.0,2020-08-16,Ben,McEvoy,Hawthorn,RK,1,18,3,13,1,0,3,0,75,6
2020,12.0,2020-08-16,Liam,Shiels,Hawthorn,INT,3,433,2,7,9,2,4,0,68,17
2020,12.0,2020-08-16,Nic,Naitanui,West Coast,RK,3,215,1,15,2,1,7,1,50,7
2020,12.0,2020-08-16,Jack,Redden,West Coast,INT,2,-18,1,11,0,0,2,0,63,5
2020,12.0,2020-08-16,Luke,Shuey,West Coast,R,3,368,5,16,7,4,9,0,71,17
2020,12.0,2020-08-16,Ben,Stratton,Hawthorn,HBFR,2,53,3,5,3,0,3,0,57,4
2020,12.0,2020-08-16,Brad,Sheppard,West Coast,BPR,2,190,5,8,3,0,4,1,82,18
2020,12.0,2020-08-16,Jack,Gunston,Hawthorn,HFFL,6,136,1,11,0,0,3,0,78,7
2020,12.0,2020-08-16,Jack,Darling,West Coast,CHF,7,316,1,11,2,0,3,3,69,9
2020,12.0,2020-08-16,Andrew,Gaff,West Coast,WR,3,390,3,13,5,0,5,0,70,23
2020,12.0,2020-08-16,Jamie,Cripps,West Coast,HFFR,4,150,3,20,6,0,10,2,47,7
2020,12.0,2020-08-16,Luke,Breust,Hawthorn,CHF,1,79,1,14,3,0,3,1,67,4
2020,12.0,2020-08-16,Chad,Wingard,Hawthorn,HFFR,4,146,0,18,3,0,2,1,62,8
2020,12.0,2020-08-16,Sam,Frost,Hawthorn,CHB,1,114,4,1,3,0,0,0,67,6
2020,12.0,2020-08-16,Jaeger,O'Meara,Hawthorn,C,2,356,4,22,4,5,7,2,63,17
2020,12.0,2020-08-16,Tom,Mitchell,Hawthorn,R,4,307,4,30,7,1,16,1,65,22
2020,12.0,2020-08-16,Jarman,Impey,Hawthorn,FPL,4,102,2,10,2,0,1,0,80,8
2020,12.0,2020-08-16,Tim,O'Brien,Hawthorn,FF,2,210,2,8,5,0,2,1,80,8
2020,12.0,2020-08-16,Dom,Sheed,West Coast,HFFL,3,130,3,10,4,4,5,1,65,11
2020,12.0,2020-08-16,Jeremy,McGovern,West Coast,CHB,2,294,11,4,5,0,5,0,63,10
2020,12.0,2020-08-16,Jackson,Nelson,West Coast,HBFR,2,338,4,18,3,0,2,0,80,12
2020,12.0,2020-08-16,James,Sicily,Hawthorn,BPR,1,332,3,11,3,0,1,0,75,9
2020,12.0,2020-08-16,Brendon,Ah Chee,West Coast,FPL,1,136,1,17,3,1,1,0,50,4
2020,12.0,2020-08-16,Tom,Barrass,West Coast,FB,0,234,8,1,4,0,3,0,79,15
2020,12.0,2020-08-16,Tom,Cole,West Coast,INT,2,213,6,7,2,0,3,0,93,13
2020,12.0,2020-08-16,Blake,Hardwick,Hawthorn,BPL,2,132,4,6,2,0,5,0,93,13
2020,12.0,2020-08-16,Jack,Scrimshaw,Hawthorn,INT,4,364,6,5,5,0,2,0,67,12
2020,12.0,2020-08-16,Conor,Glass,Hawthorn,WR,4,315,2,15,4,0,0,0,67,8
2020,12.0,2020-08-16,Harry,Morrison,Hawthorn,INT,3,204,2,23,4,0,5,0,46,6
2020,12.0,2020-08-16,Tim,Kelly,West Coast,RR,2,283,1,21,6,0,4,0,53,8
2020,12.0,2020-08-16,Liam,Ryan,West Coast,FPR,7,264,1,5,2,0,2,0,67,8
2020,12.0,2020-08-16,James,Worpel,Hawthorn,RR,4,365,5,17,6,3,6,0,63,17
2020,12.0,2020-08-16,Brayden,Ainsworth,West Coast,INT,0,113,2,18,3,0,5,1,36,4
2020,12.0,2020-08-16,Jarrod,Brander,West Coast,C,1,146,4,14,4,0,4,0,70,7
2020,12.0,2020-08-16,Oscar,Allen,West Coast,WL,3,122,0,13,0,1,2,2,50,3
2020,12.0,2020-08-16,Conor,Nash,Hawthorn,INT,1,90,1,8,1,0,4,0,80,4
2020,12.0,2020-08-16,Josh,Rotham,West Coast,HBFL,0,227,4,7,0,0,1,0,86,12
2020,12.0,2020-08-16,Changkuoth,Jiath,Hawthorn,WL,1,106,4,5,4,0,4,0,67,8
2020,12.0,2020-08-16,Will,Day,Hawthorn,HBFL,3,286,5,15,3,0,4,1,63,10
2020,12.0,2020-08-16,Nicholas,Reid,West Coast,INT,4,133,6,11,3,0,4,0,56,5
2020,12.0,2020-08-17,Jack,Riewoldt,Richmond,FPL,6,335,1,7,2,0,2,0,60,6
2020,12.0,2020-08-17,Trent,Cotchin,Richmond,R,2,342,3,14,6,5,11,1,58,15
2020,12.0,2020-08-17,Dustin,Martin,Richmond,FF,4,230,0,14,5,2,6,1,75,15
2020,12.0,2020-08-17,Dylan,Grimes,Richmond,FB,1,233,6,4,1,0,2,0,82,9
2020,12.0,2020-08-17,Sam,Day,Gold Coast,CHF,1,110,0,10,4,0,1,0,60,3
2020,12.0,2020-08-17,Tom,Lynch,Richmond,HFFR,4,195,0,5,4,0,1,0,50,5
2020,12.0,2020-08-17,Brandon,Ellis,Gold Coast,WR,3,331,5,10,5,0,0,1,59,10
2020,12.0,2020-08-17,Alex,Sexton,Gold Coast,INT,2,169,0,8,0,0,1,2,50,4
2020,12.0,2020-08-17,Nick,Vlastuin,Richmond,CHB,2,261,10,5,3,0,3,0,80,12
2020,12.0,2020-08-17,Jarrod,Witts,Gold Coast,RK,3,145,3,9,4,3,1,0,55,6
2020,12.0,2020-08-17,Nick,Holman,Gold Coast,RR,2,58,1,10,2,0,6,0,78,7
2020,12.0,2020-08-17,Kamdyn,McIntosh,Richmond,WL,3,483,5,17,4,0,2,0,80,12
2020,12.0,2020-08-17,Touk,Miller,Gold Coast,R,2,132,1,19,1,2,6,0,76,16
2020,12.0,2020-08-17,Kane,Lambert,Richmond,CHF,3,209,4,15,3,0,8,0,82,18
2020,12.0,2020-08-17,Lachie,Weller,Gold Coast,WL,5,273,1,18,5,1,8,0,71,12
2020,12.0,2020-08-17,Daniel,Rioli,Richmond,HFFL,4,198,0,11,2,0,1,0,73,8
2020,12.0,2020-08-17,Jayden,Short,Richmond,HBFL,0,492,2,9,2,0,3,0,83,15
2020,12.0,2020-08-17,Jason,Castagna,Richmond,FPR,1,135,0,7,3,0,4,0,39,5
2020,12.0,2020-08-17,Sam,Collins,Gold Coast,FB,2,213,7,4,3,0,2,0,86,6
2020,12.0,2020-08-17,Nathan,Broad,Richmond,BPL,3,193,2,5,0,0,1,0,89,8
2020,12.0,2020-08-17,Oleg,Markov,Richmond,INT,3,371,5,2,3,0,4,0,71,10
2020,12.0,2020-08-17,Brayden,Fiorini,Gold Coast,HFFL,0,35,1,12,0,0,1,0,100,3
2020,12.0,2020-08-17,Mabior,Chol,Richmond,INT,1,25,0,12,0,0,2,0,100,3
2020,12.0,2020-08-17,Ben,Ainsworth,Gold Coast,INT,3,106,1,7,3,1,4,0,75,9
2020,12.0,2020-08-17,Jack,Bowes,Gold Coast,HBFL,3,273,6,22,3,0,6,0,62,13
2020,12.0,2020-08-17,Ivan,Soldo,Richmond,RK,5,0,3,4,2,1,4,0,67,6
2020,12.0,2020-08-17,Shai,Bolton,Richmond,RR,3,241,0,14,5,0,2,0,77,10
2020,12.0,2020-08-17,Hugh,Greenwood,Gold Coast,C,2,95,4,22,4,1,7,2,40,6
2020,12.0,2020-08-17,Jack,Graham,Richmond,C,1,183,3,24,4,0,9,0,69,11
2020,12.0,2020-08-17,Charlie,Ballard,Gold Coast,CHB,0,6,5,2,1,0,2,0,83,5
2020,12.0,2020-08-17,Wil,Powell,Gold Coast,INT,3,297,9,4,1,0,1,0,85,11
2020,12.0,2020-08-17,Liam,Baker,Richmond,HBFR,3,165,6,10,3,0,5,0,65,11
2020,12.0,2020-08-17,Noah,Balta,Richmond,BPR,2,299,5,1,1,0,2,0,78,7
2020,12.0,2020-08-17,Jack,Lukosius,Gold Coast,BPR,4,836,9,12,8,0,4,0,63,17
2020,12.0,2020-08-17,Sydney,Stack,Richmond,INT,1,112,1,17,4,0,3,0,44,4
2020,12.0,2020-08-17,Josh,Corbett,Gold Coast,HFFR,2,156,0,6,4,0,1,0,71,5
2020,12.0,2020-08-17,Ben,King,Gold Coast,FF,2,112,0,7,1,0,4,0,50,3
2020,12.0,2020-08-17,Caleb,Graham,Gold Coast,HBFR,0,128,5,3,2,0,0,0,75,6
2020,12.0,2020-08-17,Marlion,Pickett,Richmond,WR,3,272,5,13,3,0,4,1,62,8
2020,12.0,2020-08-17,Noah,Anderson,Gold Coast,INT,6,375,4,9,4,0,11,0,65,17
2020,12.0,2020-08-17,Connor,Budarick,Gold Coast,BPL,0,68,2,10,1,0,0,0,100,2
2020,12.0,2020-08-17,Jake,Aarts,Richmond,INT,0,130,2,9,4,0,3,2,75,3
2020,12.0,2020-08-17,Izak,Rankine,Gold Coast,FPL,1,206,0,11,6,0,2,0,82,9
2020,12.0,2020-08-17,Sam,Flanders,Gold Coast,FPR,3,81,0,15,1,0,1,2,50,3
2020,13.0,2020-08-21,Kade,Simpson,Carlton,INT,2,263,7,2,2,0,5,0,80,12
2020,13.0,2020-08-21,Eddie,Betts,Carlton,HFFL,6,186,0,10,3,0,5,0,70,7
2020,13.0,2020-08-21,Marc,Murphy,Carlton,WR,11,477,2,8,2,1,8,1,75,21
2020,13.0,2020-08-21,Jarrod,Harbrow,Gold Coast,BPR,0,295,7,6,1,0,3,0,57,8
2020,13.0,2020-08-21,Liam,Jones,Carlton,FB,5,185,7,5,1,0,3,0,88,7
2020,13.0,2020-08-21,Ed,Curnow,Carlton,RR,9,427,1,12,3,2,2,1,79,15
2020,13.0,2020-08-21,David,Swallow,Gold Coast,RR,2,285,1,20,1,1,6,3,53,8
2020,13.0,2020-08-21,Sam,Day,Gold Coast,CHF,1,29,0,2,0,0,2,0,83,5
2020,13.0,2020-08-21,Brandon,Ellis,Gold Coast,WR,2,233,1,14,1,0,1,0,77,10
2020,13.0,2020-08-21,Jack,Newnes,Carlton,INT,9,305,4,9,4,0,7,0,57,13
2020,13.0,2020-08-21,Levi,Casboult,Carlton,FPL,2,138,2,3,4,0,1,0,50,4
2020,13.0,2020-08-21,Lachie,Plowman,Carlton,BPL,3,177,6,0,3,0,3,0,78,7
2020,13.0,2020-08-21,Sam,Docherty,Carlton,HBFL,7,231,6,6,2,0,2,0,75,12
2020,13.0,2020-08-21,Jarrod,Witts,Gold Coast,RK,3,100,0,6,2,1,2,0,56,5
2020,13.0,2020-08-21,Sean,Lemmens,Gold Coast,HFFR,3,88,1,11,3,0,2,0,71,5
2020,13.0,2020-08-21,Jack,Martin,Carlton,CHF,7,307,4,9,2,0,6,1,86,18
2020,13.0,2020-08-21,Patrick,Cripps,Carlton,C,10,403,1,13,4,4,7,0,61,14
2020,13.0,2020-08-21,Touk,Miller,Gold Coast,R,3,256,2,29,2,0,4,0,71,12
2020,13.0,2020-08-21,Lachie,Weller,Gold Coast,HFFL,2,272,0,12,3,0,2,0,70,7
2020,13.0,2020-08-21,Jacob,Weitering,Carlton,CHB,6,160,9,5,2,0,5,0,77,10
2020,13.0,2020-08-21,Marc,Pittonet,Carlton,RK,1,32,1,6,1,1,1,0,33,1
2020,13.0,2020-08-21,Sam,Collins,Gold Coast,FB,0,302,5,6,5,0,1,0,82,9
2020,13.0,2020-08-21,Sam,Petrevski-Seton,Carlton,HBFR,2,131,0,6,3,0,2,0,50,5
2020,13.0,2020-08-21,Ben,Ainsworth,Gold Coast,INT,1,458,5,13,5,0,5,1,50,7
2020,13.0,2020-08-21,Jack,Bowes,Gold Coast,HBFL,1,429,7,20,9,1,7,0,55,11
2020,13.0,2020-08-21,Thomas,Williamson,Carlton,BPR,0,123,3,8,0,0,3,0,57,4
2020,13.0,2020-08-21,Zac,Fisher,Carlton,HFFR,6,197,1,18,1,0,8,2,67,14
2020,13.0,2020-08-21,Hugh,Greenwood,Gold Coast,C,1,229,3,27,4,2,4,3,64,7
2020,13.0,2020-08-21,Will,Setterfield,Carlton,R,6,357,2,13,3,1,8,1,57,13
2020,13.0,2020-08-21,Harry,McKay,Carlton,FPR,9,262,2,2,2,0,3,0,39,5
2020,13.0,2020-08-21,Charlie,Ballard,Gold Coast,INT,1,261,6,10,4,0,2,0,31,4
2020,13.0,2020-08-21,Wil,Powell,Gold Coast,CHB,1,127,4,10,1,0,2,0,64,7
2020,13.0,2020-08-21,Tom,De Koning,Carlton,FF,5,113,0,7,1,1,1,0,60,6
2020,13.0,2020-08-21,Michael,Gibbons,Carlton,INT,10,319,1,10,3,0,1,2,79,15
2020,13.0,2020-08-21,Sam,Walsh,Carlton,WL,10,339,3,11,2,0,11,0,67,16
2020,13.0,2020-08-21,Jack,Lukosius,Gold Coast,WL,2,799,5,15,8,0,3,0,83,19
2020,13.0,2020-08-21,Josh,Corbett,Gold Coast,INT,0,66,0,3,6,0,1,0,50,4
2020,13.0,2020-08-21,Ben,King,Gold Coast,FF,3,20,0,5,0,0,3,0,80,4
2020,13.0,2020-08-21,Caleb,Graham,Gold Coast,HBFR,0,121,2,6,2,0,1,0,83,5
2020,13.0,2020-08-21,Noah,Anderson,Gold Coast,INT,1,39,0,17,1,0,3,0,60,3
2020,13.0,2020-08-21,Connor,Budarick,Gold Coast,BPL,2,165,0,9,1,0,0,0,100,9
2020,13.0,2020-08-21,Izak,Rankine,Gold Coast,FPL,2,170,1,5,3,0,2,0,63,5
2020,13.0,2020-08-21,Matthew,Cottrell,Carlton,INT,4,416,4,9,2,0,3,0,42,5
2020,13.0,2020-08-21,Sam,Flanders,Gold Coast,FPR,2,159,0,11,3,0,1,0,50,3
2020,13.0,2020-08-22,Easton,Wood,Western Bulldogs,BPL,2,86,4,4,1,0,3,0,91,10
2020,13.0,2020-08-22,Jake,Melksham,Melbourne,RR,5,204,0,10,1,0,1,0,56,5
2020,13.0,2020-08-22,Tom,Liberatore,Western Bulldogs,FPL,3,308,4,18,7,3,11,0,60,12
2020,13.0,2020-08-22,Mitch,Wallis,Western Bulldogs,HFFR,5,177,2,11,0,0,5,1,91,10
2020,13.0,2020-08-22,Michael,Hibberd,Melbourne,HBFR,3,387,4,8,6,0,1,0,69,11
2020,13.0,2020-08-22,Steven,May,Melbourne,FB,2,401,6,2,2,0,1,0,87,13
2020,13.0,2020-08-22,Tom,McDonald,Melbourne,FF,2,204,2,16,4,0,1,0,56,5
2020,13.0,2020-08-22,Adam,Tomlinson,Melbourne,CHB,3,168,4,7,0,0,3,0,100,14
2020,13.0,2020-08-22,Josh,Bruce,Western Bulldogs,CHF,2,42,1,13,0,0,1,1,80,4
2020,13.0,2020-08-22,Hayden,Crozier,Western Bulldogs,HBFR,3,210,5,8,1,0,2,0,93,13
2020,13.0,2020-08-22,Jason,Johannisen,Western Bulldogs,INT,4,427,5,2,2,0,3,0,91,19
2020,13.0,2020-08-22,Jack,Viney,Melbourne,C,6,398,3,17,9,5,6,0,58,14
2020,13.0,2020-08-22,Jack,Macrae,Western Bulldogs,C,1,254,4,17,4,3,10,0,89,23
2020,13.0,2020-08-22,Lachie,Hunter,Western Bulldogs,WR,8,565,5,11,9,0,4,0,54,13
2020,13.0,2020-08-22,Marcus,Bontempelli,Western Bulldogs,RR,6,742,1,16,9,3,5,0,64,14
2020,13.0,2020-08-22,Christian,Salem,Melbourne,HBFL,4,375,2,12,3,0,4,0,79,15
2020,13.0,2020-08-22,Angus,Brayshaw,Melbourne,FPR,2,246,4,10,4,1,5,0,81,17
2020,13.0,2020-08-22,Aaron,vandenBerg,Melbourne,BPL,0,187,3,19,5,0,5,0,64,7
2020,13.0,2020-08-22,Jake,Lever,Melbourne,BPR,0,161,12,6,2,0,5,0,79,11
2020,13.0,2020-08-22,Toby,McLean,Western Bulldogs,HFFL,5,139,3,10,1,0,4,0,69,9
2020,13.0,2020-08-22,Caleb,Daniel,Western Bulldogs,BPR,3,383,4,9,2,0,3,0,93,14
2020,13.0,2020-08-22,James,Harmes,Melbourne,WR,3,126,7,8,2,0,7,0,83,10
2020,13.0,2020-08-22,Ed,Langdon,Melbourne,WL,3,241,7,20,3,0,9,1,78,14
2020,13.0,2020-08-22,Clayton,Oliver,Melbourne,R,5,218,1,29,1,0,5,1,80,12
2020,13.0,2020-08-22,Josh,Dunkley,Western Bulldogs,R,3,-28,2,17,1,0,7,2,84,16
2020,13.0,2020-08-22,Christian,Petracca,Melbourne,HFFR,2,431,2,20,7,5,5,1,58,15
2020,13.0,2020-08-22,Bailey,Williams,Western Bulldogs,HBFL,2,596,6,10,7,0,4,0,74,14
2020,13.0,2020-08-22,Sam,Weideman,Melbourne,CHF,5,228,0,7,4,0,5,1,46,6
2020,13.0,2020-08-22,Mitch,Hannan,Melbourne,INT,3,109,0,14,2,0,2,2,83,5
2020,13.0,2020-08-22,Braydon,Preuss,Melbourne,RK,5,237,2,4,2,0,1,0,63,5
2020,13.0,2020-08-22,Tim,English,Western Bulldogs,RK,2,24,1,9,1,0,2,0,67,4
2020,13.0,2020-08-22,Alex,Keath,Western Bulldogs,FB,2,142,4,8,1,0,1,0,85,11
2020,13.0,2020-08-22,Patrick,Lipinski,Western Bulldogs,FPR,5,277,5,13,0,0,5,1,78,14
2020,13.0,2020-08-22,Aaron,Naughton,Western Bulldogs,FF,3,111,1,5,3,0,4,0,60,6
2020,13.0,2020-08-22,Bayley,Fritsch,Melbourne,INT,4,333,0,10,5,0,1,0,33,4
2020,13.0,2020-08-22,Ed,Richards,Western Bulldogs,WL,2,109,1,11,2,0,1,0,57,4
2020,13.0,2020-08-22,Charlie,Spargo,Melbourne,HFFL,4,25,0,16,0,0,2,0,100,4
2020,13.0,2020-08-22,Tom,Sparrow,Melbourne,INT,3,73,1,13,0,0,3,1,60,3
2020,13.0,2020-08-22,Bailey,Smith,Western Bulldogs,INT,2,339,4,14,3,1,8,0,54,14
2020,13.0,2020-08-22,Jay,Lockhart,Melbourne,INT,3,207,1,8,3,0,1,0,71,5
2020,13.0,2020-08-22,Ryan,Gardner,Western Bulldogs,CHB,1,89,3,7,1,0,1,0,100,7
2020,13.0,2020-08-22,Ben,Cavarra,Western Bulldogs,INT,1,131,0,10,3,0,3,2,43,3
2020,13.0,2020-08-22,Kysaiah,Pickett,Melbourne,FPL,2,69,2,21,1,0,4,2,67,4
2020,13.0,2020-08-22,Laitham,Vandermeer,Western Bulldogs,INT,3,264,1,8,4,0,5,0,54,7
2020,13.0,2020-08-22,Shaun,Burgoyne,Hawthorn,FPR,2,211,1,20,3,0,2,2,50,5
2020,13.0,2020-08-22,Robbie,Gray,Port Adelaide,FF,6,157,3,10,3,0,7,1,65,13
2020,13.0,2020-08-22,Justin,Westhoff,Port Adelaide,INT,1,45,1,6,3,1,2,0,67,6
2020,13.0,2020-08-22,Travis,Boak,Port Adelaide,RR,3,259,4,17,4,3,12,1,71,24
2020,13.0,2020-08-22,Brad,Ebert,Port Adelaide,HFFR,6,165,1,11,2,0,4,2,64,9
2020,13.0,2020-08-22,Ben,McEvoy,Hawthorn,RK,4,62,3,17,1,1,2,0,91,10
2020,13.0,2020-08-22,Hamish,Hartlett,Port Adelaide,BPR,4,200,3,7,1,0,2,0,79,11
2020,13.0,2020-08-22,Liam,Shiels,Hawthorn,FPL,3,260,0,10,0,1,4,0,81,13
2020,13.0,2020-08-22,Tom,Rockliff,Port Adelaide,R,3,251,3,19,3,2,9,1,79,22
2020,13.0,2020-08-22,Tom,Scully,Hawthorn,BPR,3,246,1,15,2,0,5,0,44,7
2020,13.0,2020-08-22,Steven,Motlop,Port Adelaide,HFFL,3,87,1,11,3,0,2,1,63,5
2020,13.0,2020-08-22,Ben,Stratton,Hawthorn,HBFR,2,145,5,5,2,0,2,0,64,7
2020,13.0,2020-08-22,Charlie,Dixon,Port Adelaide,FPR,4,120,0,8,0,0,1,0,86,6
2020,13.0,2020-08-22,Trent,McKenzie,Port Adelaide,FB,4,406,4,4,5,0,4,0,67,10
2020,13.0,2020-08-22,Luke,Breust,Hawthorn,CHF,5,147,0,15,2,1,3,2,90,9
2020,13.0,2020-08-22,Scott,Lycett,Port Adelaide,RK,5,95,0,7,1,1,4,0,71,12
2020,13.0,2020-08-22,Tom,Jonas,Port Adelaide,HBFL,4,109,4,6,1,0,5,0,100,12
2020,13.0,2020-08-22,Chad,Wingard,Hawthorn,HFFR,2,201,0,14,2,0,3,0,80,8
2020,13.0,2020-08-22,Jonathon,Patton,Hawthorn,HFFL,2,62,1,7,0,0,2,0,100,7
2020,13.0,2020-08-22,Sam,Frost,Hawthorn,CHB,1,108,5,4,3,0,3,0,63,5
2020,13.0,2020-08-22,Ollie,Wines,Port Adelaide,C,6,194,5,18,4,1,7,0,75,15
2020,13.0,2020-08-22,Sam,Mayes,Port Adelaide,WR,5,236,1,6,1,0,0,0,85,11
2020,13.0,2020-08-22,Tom,Mitchell,Hawthorn,R,1,269,1,26,4,2,7,2,76,19
2020,13.0,2020-08-22,Tom,Clurey,Port Adelaide,BPL,2,273,7,8,3,0,1,0,86,12
2020,13.0,2020-08-22,Jarman,Impey,Hawthorn,INT,5,153,0,9,3,0,4,0,60,6
2020,13.0,2020-08-22,Tim,O'Brien,Hawthorn,FF,1,92,1,4,4,0,1,0,33,2
2020,13.0,2020-08-22,Karl,Amon,Port Adelaide,WL,4,370,3,18,4,0,3,2,67,10
2020,13.0,2020-08-22,Daniel,Howe,Hawthorn,C,3,141,3,11,4,0,2,0,63,5
2020,13.0,2020-08-22,Michael,Hartley,Hawthorn,FB,3,465,6,5,2,0,3,0,93,13
2020,13.0,2020-08-22,Darcy,Byrne-Jones,Port Adelaide,HBFR,3,265,2,10,3,1,6,0,67,10
2020,13.0,2020-08-22,Blake,Hardwick,Hawthorn,BPL,1,242,3,10,3,0,3,0,67,6
2020,13.0,2020-08-22,Riley,Bonner,Port Adelaide,CHB,2,300,0,4,2,0,1,0,80,12
2020,13.0,2020-08-22,Sam,Powell-Pepper,Port Adelaide,INT,6,261,4,21,2,0,9,0,71,15
2020,13.0,2020-08-22,James,Cousins,Hawthorn,WL,3,357,1,9,3,1,3,0,82,14
2020,13.0,2020-08-22,Jack,Scrimshaw,Hawthorn,WR,2,302,8,5,2,0,3,0,67,12
2020,13.0,2020-08-22,Conor,Glass,Hawthorn,INT,1,171,3,9,3,0,4,0,55,6
2020,13.0,2020-08-22,James,Worpel,Hawthorn,RR,2,394,1,29,2,1,6,1,50,13
2020,13.0,2020-08-22,Jarrod,Lienert,Port Adelaide,INT,1,329,6,4,4,0,4,0,86,12
2020,13.0,2020-08-22,Zak,Butters,Port Adelaide,CHF,7,239,2,14,2,1,3,1,71,10
2020,13.0,2020-08-22,Oliver,Hanrahan,Hawthorn,INT,5,201,2,5,4,0,5,0,60,6
2020,13.0,2020-08-22,Changkuoth,Jiath,Hawthorn,INT,3,224,4,5,3,0,3,0,100,9
2020,13.0,2020-08-22,Mitch,Georgiades,Port Adelaide,FPL,5,169,1,7,3,0,1,1,33,3
2020,13.0,2020-08-22,Will,Day,Hawthorn,HBFL,1,209,6,14,1,0,2,0,58,7
2020,13.0,2020-08-22,Boyd,Woodcock,Port Adelaide,INT,4,145,0,11,1,0,2,0,67,6
2020,13.0,2020-08-22,Bachar,Houli,Richmond,BPL,7,68,0,7,0,0,0,0,100,11
2020,13.0,2020-08-22,Jack,Riewoldt,Richmond,FPL,4,124,0,4,2,0,1,0,63,5
2020,13.0,2020-08-22,Trent,Cotchin,Richmond,R,1,183,1,16,3,2,4,0,43,6
2020,13.0,2020-08-22,Tom,Bellchambers,Essendon,INT,1,-30,0,5,2,0,0,0,67,2
2020,13.0,2020-08-22,Michael,Hurley,Essendon,BPR,1,348,4,0,3,0,0,0,79,11
2020,13.0,2020-08-22,Dustin,Martin,Richmond,FF,9,651,3,11,7,5,9,1,53,16
2020,13.0,2020-08-22,Dylan,Grimes,Richmond,FB,4,125,7,6,2,0,2,0,60,6
2020,13.0,2020-08-22,Tom,Lynch,Richmond,HFFR,6,165,1,12,3,0,3,2,56,5
2020,13.0,2020-08-22,Dylan,Shiel,Essendon,HFFL,3,450,0,20,3,1,0,0,77,13
2020,13.0,2020-08-22,Devon,Smith,Essendon,INT,0,458,5,21,4,0,7,0,74,20
2020,13.0,2020-08-22,Jake,Stringer,Essendon,FPL,1,85,1,6,1,0,2,0,100,3
2020,13.0,2020-08-22,Nick,Vlastuin,Richmond,CHB,4,376,4,8,2,0,3,0,85,11
2020,13.0,2020-08-22,James,Stewart,Essendon,FF,5,84,0,2,2,0,0,0,56,5
2020,13.0,2020-08-22,Martin,Gleeson,Essendon,HBFR,3,238,3,10,2,0,3,0,85,11
2020,13.0,2020-08-22,Zach,Merrett,Essendon,WR,8,517,2,26,6,3,3,0,79,27
2020,13.0,2020-08-22,Kamdyn,McIntosh,Richmond,WL,5,420,5,9,5,0,4,0,61,11
2020,13.0,2020-08-22,Adam,Saad,Essendon,BPL,2,495,3,13,5,0,1,0,67,14
2020,13.0,2020-08-22,Kane,Lambert,Richmond,CHF,6,237,2,10,4,0,7,2,61,11
2020,13.0,2020-08-22,Kyle,Langford,Essendon,INT,2,134,2,9,4,0,4,0,46,6
2020,13.0,2020-08-22,Daniel,Rioli,Richmond,HFFL,3,148,2,10,3,0,4,4,69,11
2020,13.0,2020-08-22,Anthony,McDonald-Tipungwuti,Essendon,FPR,4,142,1,18,1,1,1,0,86,6
2020,13.0,2020-08-22,Darcy,Parish,Essendon,R,3,206,2,21,2,4,12,0,74,17
2020,13.0,2020-08-22,Jayden,Short,Richmond,HBFL,6,334,3,4,1,1,4,0,86,12
2020,13.0,2020-08-22,Jason,Castagna,Richmond,FPR,3,83,1,20,0,0,2,0,83,10
2020,13.0,2020-08-22,Mason,Redman,Essendon,INT,3,122,4,11,3,0,0,0,92,11
2020,13.0,2020-08-22,Oleg,Markov,Richmond,INT,5,429,1,10,2,0,1,0,44,4
2020,13.0,2020-08-22,Aaron,Francis,Essendon,FB,0,77,1,3,1,0,1,0,50,1
2020,13.0,2020-08-22,Mabior,Chol,Richmond,INT,3,-17,2,2,0,0,2,0,80,4
2020,13.0,2020-08-22,Will,Snelling,Essendon,RR,4,195,4,17,7,0,3,0,71,12
2020,13.0,2020-08-22,Andrew,McGrath,Essendon,C,4,300,1,18,2,0,2,0,82,14
2020,13.0,2020-08-22,Ivan,Soldo,Richmond,RK,1,186,9,10,3,2,7,0,65,11
2020,13.0,2020-08-22,Shai,Bolton,Richmond,RR,6,544,4,15,6,3,8,0,72,21
2020,13.0,2020-08-22,Jack,Graham,Richmond,C,10,225,2,20,0,2,8,0,91,21
2020,13.0,2020-08-22,Matt,Guelfi,Essendon,CHB,3,265,3,8,4,0,2,0,74,14
2020,13.0,2020-08-22,Dylan,Clarke,Essendon,WL,4,35,2,9,2,0,6,0,77,10
2020,13.0,2020-08-22,Jordan,Ridley,Essendon,HBFL,2,286,5,5,0,0,1,0,100,16
2020,13.0,2020-08-22,Liam,Baker,Richmond,HBFR,5,171,8,8,0,0,6,0,88,14
2020,13.0,2020-08-22,Noah,Balta,Richmond,BPR,2,176,5,2,2,0,0,0,89,8
2020,13.0,2020-08-22,Sydney,Stack,Richmond,INT,2,116,3,22,2,0,6,0,60,6
2020,13.0,2020-08-22,Brayden,Ham,Essendon,CHF,1,220,1,13,1,0,2,0,91,10
2020,13.0,2020-08-22,Marlion,Pickett,Richmond,WR,3,602,2,6,3,0,3,0,61,11
2020,13.0,2020-08-22,Jake,Aarts,Richmond,INT,3,76,0,21,1,0,4,1,70,7
2020,13.0,2020-08-22,Sam,Draper,Essendon,RK,2,229,8,10,7,0,3,0,77,10
2020,13.0,2020-08-22,Irving,Mosquito,Essendon,HFFR,4,174,0,11,2,0,4,0,75,6
2020,13.0,2020-08-22,David,Mundy,Fremantle,INT,4,323,3,10,5,2,7,0,77,17
2020,13.0,2020-08-22,Josh P.,Kennedy,Sydney,INT,2,140,0,14,2,2,6,0,59,10
2020,13.0,2020-08-22,Stephen,Hill,Fremantle,HBFL,1,39,1,2,3,0,2,0,67,4
2020,13.0,2020-08-22,Michael,Walters,Fremantle,R,3,398,3,9,7,0,4,0,56,10
2020,13.0,2020-08-22,Nat,Fyfe,Fremantle,C,5,242,2,8,3,2,9,0,77,17
2020,13.0,2020-08-22,Sam,Reid,Sydney,FF,5,245,0,9,2,0,2,0,30,3
2020,13.0,2020-08-22,Reece,Conca,Fremantle,FB,1,259,4,6,3,0,4,0,77,10
2020,13.0,2020-08-22,Luke,Parker,Sydney,C,1,132,6,24,6,2,8,0,47,8
2020,13.0,2020-08-22,Nathan,Wilson,Fremantle,BPR,1,304,4,9,4,0,3,0,65,11
2020,13.0,2020-08-22,Harry,Cunningham,Sydney,BPL,1,178,7,8,4,0,6,0,81,17
2020,13.0,2020-08-22,Callum,Sinclair,Sydney,RK,0,153,1,8,2,1,3,0,78,7
2020,13.0,2020-08-22,Jackson,Thurlow,Sydney,HBFL,2,247,1,10,2,0,4,0,56,9
2020,13.0,2020-08-22,Matt,Taberner,Fremantle,CHF,4,348,1,4,3,0,1,0,50,6
2020,13.0,2020-08-22,James,Aish,Fremantle,WR,1,189,3,9,4,0,2,0,83,15
2020,13.0,2020-08-22,Jake,Lloyd,Sydney,WL,1,433,10,4,4,0,6,0,71,20
2020,13.0,2020-08-22,Rory,Lobb,Fremantle,FF,3,60,2,6,1,0,2,0,57,4
2020,13.0,2020-08-22,Connor,Blakely,Fremantle,INT,1,-27,2,9,2,0,5,0,79,11
2020,13.0,2020-08-22,Ethan,Hughes,Fremantle,HBFR,0,208,5,4,2,0,4,0,50,5
2020,13.0,2020-08-22,Callum,Mills,Sydney,HBFR,0,138,7,7,3,0,4,0,94,15
2020,13.0,2020-08-22,Tom,Papley,Sydney,R,3,278,2,9,6,0,2,0,42,5
2020,13.0,2020-08-22,Oliver,Florent,Sydney,HFFL,2,247,4,13,5,0,5,0,70,14
2020,13.0,2020-08-22,Robbie,Fox,Sydney,BPR,0,284,3,3,4,0,2,0,80,12
2020,13.0,2020-08-22,Will,Hayward,Sydney,FPR,1,87,0,7,2,0,1,0,78,7
2020,13.0,2020-08-22,Jordan,Dawson,Sydney,CHF,2,472,4,4,2,0,1,0,68,13
2020,13.0,2020-08-22,Lewis,Melican,Sydney,FB,2,294,9,3,3,0,2,0,62,8
2020,13.0,2020-08-22,Luke,Ryan,Fremantle,CHB,2,416,12,7,2,0,7,0,85,22
2020,13.0,2020-08-22,Brennan,Cox,Fremantle,BPL,1,38,7,2,1,0,2,0,92,11
2020,13.0,2020-08-22,Sean,Darcy,Fremantle,RK,5,39,0,3,0,1,5,0,78,7
2020,13.0,2020-08-22,Andrew,Brayshaw,Fremantle,HFFL,3,346,2,17,5,0,5,0,81,21
2020,13.0,2020-08-22,Adam,Cerra,Fremantle,WL,1,140,5,13,3,0,6,0,69,9
2020,13.0,2020-08-22,Mitch,Crowden,Fremantle,FPR,0,93,0,13,2,0,3,1,75,6
2020,13.0,2020-08-22,Taylin,Duman,Fremantle,INT,2,191,5,6,1,0,5,0,60,9
2020,13.0,2020-08-22,Tom,McCartin,Sydney,CHB,3,155,0,12,4,0,3,0,50,4
2020,13.0,2020-08-22,Colin,O'Riordan,Sydney,INT,0,50,1,8,0,0,3,0,90,9
2020,13.0,2020-08-22,Nick,Blakey,Sydney,RR,3,417,2,10,5,1,4,0,47,7
2020,13.0,2020-08-22,Lachie,Schultz,Fremantle,FPL,5,318,3,9,5,0,4,1,63,12
2020,13.0,2020-08-22,James,Rowbottom,Sydney,WR,4,354,2,23,4,0,9,1,74,14
2020,13.0,2020-08-22,James,Bell,Sydney,FPL,1,59,0,15,5,0,3,0,57,4
2020,13.0,2020-08-22,Caleb,Serong,Fremantle,RR,3,408,3,26,6,1,4,0,65,13
2020,13.0,2020-08-22,Dylan,Stephens,Sydney,INT,1,11,3,18,0,0,4,0,82,9
2020,13.0,2020-08-22,Michael,Frederick,Fremantle,HFFR,1,175,1,12,0,0,4,0,89,8
2020,13.0,2020-08-22,Sam,Wicks,Sydney,HFFR,2,130,3,11,1,0,3,1,100,7
2020,13.0,2020-08-22,Zac,Foot,Sydney,INT,0,40,0,7,2,0,3,0,75,3
2020,13.0,2020-08-22,Liam,Henry,Fremantle,INT,3,186,1,11,3,0,3,0,33,3
2020,13.0,2020-08-23,Tom,Hawkins,Geelong,FF,8,177,0,8,1,0,3,2,54,7
2020,13.0,2020-08-23,David,Mackay,Adelaide,HBFL,2,246,5,10,2,0,5,0,89,16
2020,13.0,2020-08-23,Lachie,Henderson,Geelong,FB,0,279,6,4,1,0,4,0,93,14
2020,13.0,2020-08-23,Patrick,Dangerfield,Geelong,C,4,539,3,11,5,1,12,0,59,16
2020,13.0,2020-08-23,Taylor,Walker,Adelaide,CHF,2,56,1,9,1,0,1,1,67,2
2020,13.0,2020-08-23,Jack,Steven,Geelong,INT,7,231,2,17,2,0,5,3,63,15
2020,13.0,2020-08-23,Rory,Sloane,Adelaide,WR,3,262,2,22,4,0,5,0,67,10
2020,13.0,2020-08-23,Mitch,Duncan,Geelong,WL,8,374,3,16,2,0,4,1,86,19
2020,13.0,2020-08-23,Gary,Rohan,Geelong,CHF,3,86,0,8,1,0,3,0,60,3
2020,13.0,2020-08-23,Rhys,Stanley,Geelong,RK,7,83,2,9,1,1,4,0,86,6
2020,13.0,2020-08-23,Cameron,Guthrie,Geelong,RR,8,131,2,14,3,4,7,3,79,26
2020,13.0,2020-08-23,Brodie,Smith,Adelaide,HBFR,1,685,5,9,8,0,3,0,67,14
2020,13.0,2020-08-23,Luke,Dahlhaus,Geelong,HFFL,4,318,1,15,2,1,2,1,64,9
2020,13.0,2020-08-23,Luke,Brown,Adelaide,BPL,0,86,0,7,0,0,1,0,100,5
2020,13.0,2020-08-23,Mark,Blicavs,Geelong,CHB,3,72,5,9,1,0,5,0,93,13
2020,13.0,2020-08-23,Rory,Laird,Adelaide,R,2,348,3,24,7,3,10,0,64,18
2020,13.0,2020-08-23,Kyle,Hartigan,Adelaide,FB,0,287,7,3,2,0,2,0,89,8
2020,13.0,2020-08-23,Matt,Crouch,Adelaide,C,2,321,0,33,4,2,6,0,64,14
2020,13.0,2020-08-23,Jed,Bews,Geelong,INT,1,255,1,8,1,0,3,0,71,10
2020,13.0,2020-08-23,Jake,Kelly,Adelaide,WL,0,32,1,16,0,0,1,0,75,3
2020,13.0,2020-08-23,Jake,Kolodjashnij,Geelong,BPL,2,150,7,4,3,0,5,0,69,9
2020,13.0,2020-08-23,Ben,Keays,Adelaide,RR,4,208,3,14,3,0,5,1,59,10
2020,13.0,2020-08-23,Ben,Crocker,Adelaide,FPR,2,87,1,8,1,0,1,0,60,3
2020,13.0,2020-08-23,Sam,Menegola,Geelong,WR,6,436,3,8,4,0,7,0,54,13
2020,13.0,2020-08-23,Reilly,O'Brien,Adelaide,RK,5,88,2,11,1,1,1,1,14,1
2020,13.0,2020-08-23,Brandan,Parfitt,Geelong,R,8,262,2,23,7,0,5,0,74,17
2020,13.0,2020-08-23,Tom,Stewart,Geelong,HBFR,6,356,4,7,2,0,3,0,90,18
2020,13.0,2020-08-23,Mark,O'Connor,Geelong,BPR,0,264,2,10,2,0,0,0,80,8
2020,13.0,2020-08-23,Tyson,Stengle,Adelaide,FPL,3,81,0,14,3,0,3,0,50,4
2020,13.0,2020-08-23,Darcy,Fogarty,Adelaide,INT,0,195,1,13,3,0,4,2,50,4
2020,13.0,2020-08-23,Lachlan,Murphy,Adelaide,INT,0,122,5,16,2,0,7,2,77,10
2020,13.0,2020-08-23,Esava,Ratugolea,Geelong,HFFR,1,91,2,5,3,0,5,2,67,6
2020,13.0,2020-08-23,Jack,Henry,Geelong,HBFL,4,84,2,10,1,0,1,0,88,7
2020,13.0,2020-08-23,Myles,Poholke,Adelaide,INT,2,193,3,18,5,1,6,0,50,7
2020,13.0,2020-08-23,Elliott,Himmelberg,Adelaide,FF,2,53,3,11,1,0,3,0,38,3
2020,13.0,2020-08-23,Tom,Atkins,Geelong,INT,1,46,1,17,5,0,6,1,60,6
2020,13.0,2020-08-23,Jordan,Clark,Geelong,INT,1,135,1,17,3,0,2,0,85,11
2020,13.0,2020-08-23,Gryan,Miers,Geelong,FPR,5,149,3,11,1,0,3,0,73,11
2020,13.0,2020-08-23,Chayce,Jones,Adelaide,HFFL,1,66,1,12,1,0,5,0,89,8
2020,13.0,2020-08-23,Shane,McAdam,Adelaide,HFFR,2,195,1,13,1,0,4,0,64,7
2020,13.0,2020-08-23,Brad,Close,Geelong,FPL,2,104,1,16,1,0,5,0,75,6
2020,13.0,2020-08-23,Harry,Schoenberg,Adelaide,BPR,3,75,2,18,2,0,4,1,44,4
2020,13.0,2020-08-23,Lachlan,Sholl,Adelaide,INT,1,103,3,10,1,0,3,0,88,7
2020,13.0,2020-08-23,Jordon,Butts,Adelaide,CHB,0,153,3,8,1,0,1,0,100,8
2020,13.0,2020-08-23,Paddy,Ryder,St Kilda,RK,1,8,2,13,1,1,4,0,50,2
2020,13.0,2020-08-23,Grant,Birchall,Brisbane Lions,BPR,1,49,2,5,1,0,2,0,83,5
2020,13.0,2020-08-23,Jarryn,Geary,St Kilda,BPL,2,56,4,8,1,0,4,0,81,13
2020,13.0,2020-08-23,Mitch,Robinson,Brisbane Lions,WL,1,111,2,10,0,0,2,0,83,5
2020,13.0,2020-08-23,Jake,Carlisle,St Kilda,BPR,0,173,5,5,2,0,1,0,71,10
2020,13.0,2020-08-23,Ryan,Lester,Brisbane Lions,C,2,171,7,12,3,0,2,0,87,13
2020,13.0,2020-08-23,Lachie,Neale,Brisbane Lions,R,2,123,2,12,4,0,4,0,68,13
2020,13.0,2020-08-23,Bradley,Hill,St Kilda,HFFL,2,414,0,8,2,0,1,0,73,11
2020,13.0,2020-08-23,Jarryd,Lyons,Brisbane Lions,RR,5,288,0,20,1,0,4,0,73,8
2020,13.0,2020-08-23,Dayne,Zorko,Brisbane Lions,HFFL,6,356,1,16,4,2,4,0,71,15
2020,13.0,2020-08-23,Lincoln,McCarthy,Brisbane Lions,HFFR,6,126,1,15,0,2,7,0,73,8
2020,13.0,2020-08-23,Sebastian,Ross,St Kilda,WR,3,113,2,11,3,3,7,0,73,11
2020,13.0,2020-08-23,Dean,Kent,St Kilda,INT,1,245,1,8,3,0,0,1,83,5
2020,13.0,2020-08-23,Jack,Billings,St Kilda,WL,4,239,1,15,2,0,6,0,53,8
2020,13.0,2020-08-23,Darcy,Gardiner,Brisbane Lions,FB,2,318,9,4,5,0,4,0,86,12
2020,13.0,2020-08-23,Charlie,Cameron,Brisbane Lions,FPR,2,42,0,9,1,0,1,1,75,3
2020,13.0,2020-08-23,Zak,Jones,St Kilda,C,2,320,2,13,6,1,10,0,52,12
2020,13.0,2020-08-23,Daniel,McStay,Brisbane Lions,CHF,2,46,1,6,2,0,1,0,60,3
2020,13.0,2020-08-23,Tim,Membrey,St Kilda,FPL,2,110,2,14,4,0,2,4,67,6
2020,13.0,2020-08-23,Jack,Sinclair,St Kilda,INT,2,302,4,12,2,0,4,1,91,10
2020,13.0,2020-08-23,Harris,Andrews,Brisbane Lions,BPL,2,200,10,6,3,0,5,0,88,14
2020,13.0,2020-08-23,Jack,Steele,St Kilda,RR,7,259,5,27,2,0,12,2,64,16
2020,13.0,2020-08-23,Callum,Ah Chee,Brisbane Lions,HBFL,5,178,2,8,3,1,5,0,58,7
2020,13.0,2020-08-23,Dougal,Howard,St Kilda,HBFR,1,139,2,3,2,0,1,0,83,5
2020,13.0,2020-08-23,Eric,Hipwood,Brisbane Lions,FF,7,251,1,10,4,0,3,1,43,6
2020,13.0,2020-08-23,Dan,Butler,St Kilda,HFFR,3,289,1,18,4,0,0,1,38,3
2020,13.0,2020-08-23,Jarrod,Berry,Brisbane Lions,INT,9,218,4,12,1,2,8,1,95,19
2020,13.0,2020-08-23,Hugh,McCluggage,Brisbane Lions,FPL,5,380,3,10,7,0,9,0,58,11
2020,13.0,2020-08-23,Ben,Long,St Kilda,R,1,103,3,12,1,0,4,0,91,10
2020,13.0,2020-08-23,Alex,Witherden,Brisbane Lions,INT,0,285,2,11,5,0,3,0,60,9
2020,13.0,2020-08-23,Josh,Battle,St Kilda,CHF,4,196,3,11,1,0,5,0,69,9
2020,13.0,2020-08-23,Rowan,Marshall,St Kilda,FPR,3,210,5,10,4,0,3,0,64,9
2020,13.0,2020-08-23,Cam,Rayner,Brisbane Lions,WR,4,73,0,11,1,0,2,1,40,4
2020,13.0,2020-08-23,Nick,Coffield,St Kilda,INT,3,170,5,6,1,0,5,0,100,14
2020,13.0,2020-08-23,Zac,Bailey,Brisbane Lions,INT,9,328,5,16,1,0,5,1,77,13
2020,13.0,2020-08-23,Oscar,McInerney,Brisbane Lions,RK,3,111,1,15,3,0,2,0,25,2
2020,13.0,2020-08-23,Brandon,Starcevich,Brisbane Lions,CHB,2,269,2,1,1,0,1,0,100,10
2020,13.0,2020-08-23,Ben,Paton,St Kilda,HBFL,1,302,0,4,4,0,0,0,71,10
2020,13.0,2020-08-23,Callum,Wilkie,St Kilda,FB,0,261,4,5,4,0,3,0,75,9
2020,13.0,2020-08-23,Noah,Answerth,Brisbane Lions,HBFR,2,90,2,12,3,0,1,0,50,5
2020,13.0,2020-08-23,Nick,Hind,St Kilda,CHB,0,98,2,12,1,0,2,1,71,5
2020,13.0,2020-08-23,Max,King,St Kilda,FF,3,122,1,7,5,0,5,1,46,5
2020,13.0,2020-08-23,Jack,Bytel,St Kilda,INT,1,94,1,10,2,1,2,0,63,5
2020,13.0,2020-08-23,Tom,Fullarton,Brisbane Lions,INT,6,136,0,9,2,1,3,0,63,5
2020,13.0,2020-08-23,Heath,Shaw,Greater Western Sydney,INT,2,154,4,7,0,0,3,0,93,13
2020,13.0,2020-08-23,Shannon,Hurn,West Coast,BPL,1,223,2,10,3,0,2,0,83,10
2020,13.0,2020-08-23,Josh J.,Kennedy,West Coast,FF,2,144,1,5,0,0,1,0,80,4
2020,13.0,2020-08-23,Shane,Mumford,Greater Western Sydney,RK,2,21,1,7,0,1,5,1,100,9
2020,13.0,2020-08-23,Callan,Ward,Greater Western Sydney,HBFR,0,67,1,1,3,0,1,0,86,6
2020,13.0,2020-08-23,Nic,Naitanui,West Coast,RK,7,252,3,18,3,1,4,0,79,11
2020,13.0,2020-08-23,Luke,Shuey,West Coast,C,1,234,1,24,4,1,5,0,67,10
2020,13.0,2020-08-23,Brad,Sheppard,West Coast,BPR,1,57,6,14,2,0,4,0,88,15
2020,13.0,2020-08-23,Jack,Darling,West Coast,CHF,4,179,0,6,1,0,2,0,57,4
2020,13.0,2020-08-23,Andrew,Gaff,West Coast,R,3,284,4,16,2,0,5,0,71,15
2020,13.0,2020-08-23,Jamie,Cripps,West Coast,WR,5,272,2,12,5,0,2,1,67,8
2020,13.0,2020-08-23,Lachlan,Keeffe,Greater Western Sydney,BPL,1,200,6,2,2,0,2,0,91,10
2020,13.0,2020-08-23,Jeremy,Cameron,Greater Western Sydney,FPL,3,213,1,5,2,0,1,0,75,6
2020,13.0,2020-08-23,Stephen,Coniglio,Greater Western Sydney,C,4,224,1,8,4,0,6,0,63,12
2020,13.0,2020-08-23,Toby,Greene,Greater Western Sydney,HFFL,3,356,0,13,6,2,3,0,60,12
2020,13.0,2020-08-23,Adam,Kennedy,Greater Western Sydney,HBFL,3,64,3,14,2,0,1,1,79,15
2020,13.0,2020-08-23,Nick,Haynes,Greater Western Sydney,BPR,2,338,5,9,2,0,3,0,71,12
2020,13.0,2020-08-23,Lachie,Whitfield,Greater Western Sydney,WL,2,216,1,16,2,0,4,0,80,20
2020,13.0,2020-08-23,Zac,Williams,Greater Western Sydney,CHB,3,214,5,9,3,0,4,2,81,13
2020,13.0,2020-08-23,Aidan,Corr,Greater Western Sydney,FB,0,184,1,3,1,0,0,0,63,5
2020,13.0,2020-08-23,Dom,Sheed,West Coast,WL,4,322,1,13,2,4,3,0,65,13
2020,13.0,2020-08-23,Josh,Kelly,Greater Western Sydney,WR,3,87,5,17,2,1,7,0,92,24
2020,13.0,2020-08-23,Jeremy,McGovern,West Coast,CHB,1,231,11,4,2,0,2,0,83,15
2020,13.0,2020-08-23,Jackson,Nelson,West Coast,INT,0,254,1,10,4,0,0,0,80,8
2020,13.0,2020-08-23,Liam,Duggan,West Coast,HBFL,0,144,1,6,1,0,1,0,60,6
2020,13.0,2020-08-23,Brendon,Ah Chee,West Coast,FPL,7,263,1,14,2,0,2,0,78,7
2020,13.0,2020-08-23,Tom,Barrass,West Coast,FB,0,44,3,7,1,0,0,0,83,5
2020,13.0,2020-08-23,Jacob,Hopper,Greater Western Sydney,RR,2,191,2,19,2,6,9,1,67,14
2020,13.0,2020-08-23,Tom,Cole,West Coast,INT,3,136,3,15,0,0,2,0,75,6
2020,13.0,2020-08-23,Harry,Himmelberg,Greater Western Sydney,CHF,4,135,2,6,2,0,7,0,62,8
2020,13.0,2020-08-23,Tim,Taranto,Greater Western Sydney,R,0,174,1,21,4,1,4,0,46,6
2020,13.0,2020-08-23,Daniel,Lloyd,Greater Western Sydney,HFFR,3,225,1,7,5,0,4,0,71,12
2020,13.0,2020-08-23,Harry,Perryman,Greater Western Sydney,INT,3,398,5,6,3,1,10,0,63,15
2020,13.0,2020-08-23,Tim,Kelly,West Coast,RR,4,307,1,19,5,0,6,0,56,9
2020,13.0,2020-08-23,Liam,Ryan,West Coast,HFFR,3,71,1,11,0,0,1,0,80,4
2020,13.0,2020-08-23,Jarrod,Brander,West Coast,HFFL,4,474,1,4,6,0,0,0,75,12
2020,13.0,2020-08-23,Oscar,Allen,West Coast,FPR,2,57,1,10,1,0,2,0,67,4
2020,13.0,2020-08-23,Brent,Daniels,Greater Western Sydney,FPR,5,215,2,6,1,0,4,2,69,9
2020,13.0,2020-08-23,Josh,Rotham,West Coast,HBFR,1,291,7,13,4,0,1,0,88,14
2020,13.0,2020-08-23,Bobby,Hill,Greater Western Sydney,INT,3,105,2,8,1,0,4,0,67,4
2020,13.0,2020-08-23,Jye,Caldwell,Greater Western Sydney,INT,2,136,1,17,2,0,3,1,70,7
2020,13.0,2020-08-23,Nicholas,Reid,West Coast,INT,1,104,0,9,2,0,2,3,71,5
2020,13.0,2020-08-23,Xavier,O'Neill,West Coast,INT,1,75,2,20,1,0,3,0,70,7
2020,13.0,2020-08-23,Jake,Riccardi,Greater Western Sydney,FF,8,311,1,4,4,0,3,0,63,10
2020,13.0,2020-08-24,Shaun,Higgins,North Melbourne,WL,3,607,3,13,6,1,4,0,77,20
2020,13.0,2020-08-24,Scott,Pendlebury,Collingwood,R,5,382,1,21,4,0,9,0,86,24
2020,13.0,2020-08-24,Travis,Varcoe,Collingwood,INT,2,241,3,12,4,0,3,0,69,9
2020,13.0,2020-08-24,Chris,Mayne,Collingwood,WL,2,91,6,14,0,0,5,0,96,23
2020,13.0,2020-08-24,Todd,Goldstein,North Melbourne,RK,2,95,2,11,2,1,4,1,60,6
2020,13.0,2020-08-24,Levi,Greenwood,Collingwood,INT,1,172,4,18,2,0,6,0,73,11
2020,13.0,2020-08-24,Steele,Sidebottom,Collingwood,C,6,272,3,24,2,0,8,1,74,17
2020,13.0,2020-08-24,Jordan,Roughead,Collingwood,FB,2,198,3,5,1,0,1,0,100,9
2020,13.0,2020-08-24,Robbie,Tarrant,North Melbourne,FB,0,178,3,3,2,0,1,0,94,15
2020,13.0,2020-08-24,Shaun,Atley,North Melbourne,HBFR,0,343,3,9,2,0,2,0,72,13
2020,13.0,2020-08-24,Will,Hoskin-Elliott,Collingwood,HFFR,5,220,1,9,3,0,3,0,68,13
2020,13.0,2020-08-24,Jack,Crisp,Collingwood,BPL,4,490,4,16,3,0,2,0,83,15
2020,13.0,2020-08-24,Taylor,Adams,Collingwood,RR,6,477,4,16,7,3,8,1,65,20
2020,13.0,2020-08-24,Jamie,Elliott,Collingwood,FPR,2,134,0,16,4,2,4,0,60,9
2020,13.0,2020-08-24,Marley,Williams,North Melbourne,BPL,1,110,3,9,3,0,2,0,81,13
2020,13.0,2020-08-24,Josh,Walker,North Melbourne,CHB,1,186,4,7,1,0,2,0,79,11
2020,13.0,2020-08-24,Josh,Thomas,Collingwood,INT,2,137,0,13,3,0,7,0,58,7
2020,13.0,2020-08-24,Jed,Anderson,North Melbourne,RR,3,275,4,24,2,5,9,0,77,23
2020,13.0,2020-08-24,Brodie,Grundy,Collingwood,RK,2,108,2,6,1,0,4,0,73,11
2020,13.0,2020-08-24,Luke,McDonald,North Melbourne,BPR,0,552,7,16,4,0,6,0,90,27
2020,13.0,2020-08-24,Mason,Wood,North Melbourne,INT,1,93,2,14,2,0,5,0,56,5
2020,13.0,2020-08-24,Trent,Dumont,North Melbourne,R,4,158,2,20,3,1,3,0,70,14
2020,13.0,2020-08-24,Brayden,Maynard,Collingwood,HBFL,6,667,4,13,4,0,2,0,85,22
2020,13.0,2020-08-24,Darcy,Moore,Collingwood,CHB,2,305,10,1,5,0,4,0,81,13
2020,13.0,2020-08-24,Mason,Cox,Collingwood,FF,4,49,1,8,0,0,2,0,80,4
2020,13.0,2020-08-24,Tom,Phillips,Collingwood,HFFL,2,142,1,24,1,0,2,0,67,6
2020,13.0,2020-08-24,Jy,Simpkin,North Melbourne,C,3,110,3,29,2,1,9,1,84,16
2020,13.0,2020-08-24,Ed,Vickers-Willis,North Melbourne,HBFL,0,-22,5,12,1,0,3,0,83,10
2020,13.0,2020-08-24,Cameron,Zurhaar,North Melbourne,FPR,1,172,0,12,4,0,3,0,80,8
2020,13.0,2020-08-24,Nick,Larkey,North Melbourne,CHF,2,144,0,8,1,0,1,0,60,6
2020,13.0,2020-08-24,Josh,Daicos,Collingwood,WR,3,227,4,12,5,1,6,0,77,17
2020,13.0,2020-08-24,Ben,McKay,North Melbourne,INT,1,7,7,15,0,0,3,0,100,10
2020,13.0,2020-08-24,Luke,Davies-Uniacke,North Melbourne,INT,2,469,1,20,7,3,7,0,68,15
2020,13.0,2020-08-24,Flynn,Appleby,Collingwood,FPL,3,45,3,6,2,0,3,1,67,6
2020,13.0,2020-08-24,Paul,Ahern,North Melbourne,INT,1,151,0,21,2,1,5,0,73,8
2020,13.0,2020-08-24,Tom,Murphy,North Melbourne,WR,0,269,2,14,3,0,4,0,82,9
2020,13.0,2020-08-24,Darcy,Cameron,Collingwood,CHF,1,67,0,10,3,0,2,0,56,5
2020,13.0,2020-08-24,Jack,Madgen,Collingwood,BPR,5,269,3,9,3,0,1,0,83,15
2020,13.0,2020-08-24,Bailey,Scott,North Melbourne,HFFL,3,318,4,14,6,0,4,1,53,8
2020,13.0,2020-08-24,John,Noble,Collingwood,HBFR,1,156,4,10,2,0,4,0,88,15
2020,13.0,2020-08-24,Jack,Mahony,North Melbourne,FPL,2,37,4,11,0,0,2,0,86,6
2020,13.0,2020-08-24,Tristan,Xerri,North Melbourne,FF,1,122,2,10,1,0,1,0,75,3
2020,13.0,2020-08-24,Lachlan,Hosie,North Melbourne,HFFR,2,142,2,17,4,0,4,0,50,6
2020,13.0,2020-08-24,Trey,Ruscoe,Collingwood,INT,4,72,0,6,4,0,2,0,67,4
2020,14.0,2020-08-27,Ben,McEvoy,Hawthorn,RK,7,86,12,8,0,0,5,0,94,15
2020,14.0,2020-08-27,Cale,Hooker,Essendon,FB,4,90,3,6,4,0,6,0,59,10
2020,14.0,2020-08-27,Liam,Shiels,Hawthorn,FPL,2,105,3,13,2,0,2,0,56,5
2020,14.0,2020-08-27,Tom,Scully,Hawthorn,BPR,5,203,2,25,3,0,4,1,67,10
2020,14.0,2020-08-27,Jack,Gunston,Hawthorn,FPR,5,160,0,5,1,0,5,0,73,8
2020,14.0,2020-08-27,Luke,Breust,Hawthorn,CHF,8,236,1,16,1,0,6,1,62,8
2020,14.0,2020-08-27,Dylan,Shiel,Essendon,HFFL,7,299,3,21,3,3,7,1,76,19
2020,14.0,2020-08-27,Devon,Smith,Essendon,WL,4,403,3,8,7,0,5,1,78,18
2020,14.0,2020-08-27,Chad,Wingard,Hawthorn,HFFR,4,338,1,15,3,0,1,2,63,5
2020,14.0,2020-08-27,Andrew,Phillips,Essendon,RK,7,0,4,9,2,6,4,0,86,6
2020,14.0,2020-08-27,Jonathon,Patton,Hawthorn,HFFL,0,10,0,1,0,0,1,0,0,0
2020,14.0,2020-08-27,Sam,Frost,Hawthorn,CHB,0,165,5,10,1,0,3,0,92,11
2020,14.0,2020-08-27,Jake,Stringer,Essendon,INT,4,116,0,7,0,0,3,0,57,4
2020,14.0,2020-08-27,Tom,Mitchell,Hawthorn,R,6,175,0,31,3,1,9,0,70,19
2020,14.0,2020-08-27,Joe,Daniher,Essendon,FF,8,362,1,2,3,0,1,0,79,11
2020,14.0,2020-08-27,Jonathon,Ceglar,Hawthorn,HBFR,2,60,3,7,4,1,6,0,62,8
2020,14.0,2020-08-27,Darren,Minchington,Hawthorn,INT,1,129,1,12,1,0,1,0,100,6
2020,14.0,2020-08-27,James,Stewart,Essendon,FPL,4,224,0,7,1,0,1,0,88,7
2020,14.0,2020-08-27,Martin,Gleeson,Essendon,BPL,0,214,5,5,1,0,5,0,85,11
2020,14.0,2020-08-27,Zach,Merrett,Essendon,INT,9,520,1,17,4,0,3,0,75,27
2020,14.0,2020-08-27,Tim,O'Brien,Hawthorn,FF,5,166,0,8,2,0,2,0,71,5
2020,14.0,2020-08-27,Adam,Saad,Essendon,HBFR,4,526,6,24,5,1,4,0,84,16
2020,14.0,2020-08-27,Kyle,Langford,Essendon,CHF,4,380,3,14,6,1,5,0,74,20
2020,14.0,2020-08-27,Daniel,Howe,Hawthorn,C,4,206,3,9,1,0,1,0,91,10
2020,14.0,2020-08-27,Anthony,McDonald-Tipungwuti,Essendon,FPR,3,66,0,21,0,0,1,1,100,5
2020,14.0,2020-08-27,Darcy,Parish,Essendon,R,4,391,2,19,5,2,5,1,63,15
2020,14.0,2020-08-27,Michael,Hartley,Hawthorn,FB,1,281,5,9,5,0,1,0,86,12
2020,14.0,2020-08-27,Mason,Redman,Essendon,INT,2,95,1,4,0,0,2,0,75,6
2020,14.0,2020-08-27,Blake,Hardwick,Hawthorn,BPL,1,263,1,4,1,0,0,0,86,12
2020,14.0,2020-08-27,Will,Snelling,Essendon,RR,3,45,1,20,2,1,7,1,83,10
2020,14.0,2020-08-27,Andrew,McGrath,Essendon,C,6,403,3,19,5,6,12,0,66,21
2020,14.0,2020-08-27,James,Cousins,Hawthorn,WL,5,250,3,17,1,2,3,0,79,15
2020,14.0,2020-08-27,Jack,Scrimshaw,Hawthorn,WR,5,311,4,13,2,0,3,0,82,18
2020,14.0,2020-08-27,Conor,Glass,Hawthorn,INT,0,262,1,19,4,1,1,0,77,10
2020,14.0,2020-08-27,Matt,Guelfi,Essendon,CHB,3,164,2,4,1,0,2,0,86,6
2020,14.0,2020-08-27,James,Worpel,Hawthorn,RR,7,410,3,19,5,1,3,0,70,16
2020,14.0,2020-08-27,Dylan,Clarke,Essendon,INT,3,14,0,12,1,0,0,1,80,4
2020,14.0,2020-08-27,Jordan,Ridley,Essendon,HBFL,2,235,4,3,2,0,2,0,94,15
2020,14.0,2020-08-27,Brayden,Ham,Essendon,WR,1,26,1,4,2,0,3,0,80,4
2020,14.0,2020-08-27,Oliver,Hanrahan,Hawthorn,INT,6,218,1,9,3,0,3,0,55,6
2020,14.0,2020-08-27,Changkuoth,Jiath,Hawthorn,INT,1,43,7,5,2,0,4,0,82,9
2020,14.0,2020-08-27,Brandon,Zerk-Thatcher,Essendon,BPR,3,72,3,6,0,0,2,0,71,5
2020,14.0,2020-08-27,Will,Day,Hawthorn,HBFL,4,244,1,12,2,0,0,0,81,13
2020,14.0,2020-08-27,Irving,Mosquito,Essendon,HFFR,2,65,1,18,2,0,2,1,63,5
2020,14.0,2020-08-27,Shannon,Hurn,West Coast,HBFR,1,157,7,7,0,0,4,0,82,9
2020,14.0,2020-08-27,Josh J.,Kennedy,West Coast,FF,0,55,0,2,0,0,0,0,100,1
2020,14.0,2020-08-27,Bachar,Houli,Richmond,BPL,0,526,5,13,4,1,3,0,87,20
2020,14.0,2020-08-27,Jack,Riewoldt,Richmond,FPL,4,91,1,9,3,0,3,1,44,4
2020,14.0,2020-08-27,Trent,Cotchin,Richmond,R,4,386,4,15,5,2,9,0,54,14
2020,14.0,2020-08-27,Nic,Naitanui,West Coast,RK,2,191,4,13,5,3,8,0,64,7
2020,14.0,2020-08-27,Dustin,Martin,Richmond,FF,5,320,4,24,3,1,4,2,82,14
2020,14.0,2020-08-27,Luke,Shuey,West Coast,R,4,446,2,23,4,3,7,0,63,17
2020,14.0,2020-08-27,Brad,Sheppard,West Coast,BPR,1,179,5,14,2,1,4,0,63,10
2020,14.0,2020-08-27,Dylan,Grimes,Richmond,FB,0,15,1,6,0,0,0,0,100,1
2020,14.0,2020-08-27,Jack,Darling,West Coast,CHF,3,102,0,9,3,0,1,2,86,6
2020,14.0,2020-08-27,Andrew,Gaff,West Coast,WR,4,301,7,17,6,0,9,1,81,26
2020,14.0,2020-08-27,Jamie,Cripps,West Coast,HFFL,2,215,1,20,4,0,4,4,50,7
2020,14.0,2020-08-27,Tom,Lynch,Richmond,HFFR,3,100,0,9,0,0,0,1,100,4
2020,14.0,2020-08-27,Nick,Vlastuin,Richmond,CHB,1,216,8,11,1,0,2,0,87,13
2020,14.0,2020-08-27,Mark,Hutchings,West Coast,HFFR,1,234,4,10,6,0,4,0,42,5
2020,14.0,2020-08-27,Dom,Sheed,West Coast,RR,2,94,1,19,6,2,7,0,62,16
2020,14.0,2020-08-27,Jeremy,McGovern,West Coast,CHB,0,44,5,3,0,0,3,0,100,9
2020,14.0,2020-08-27,Kamdyn,McIntosh,Richmond,WL,1,210,2,5,4,0,3,0,50,3
2020,14.0,2020-08-27,Liam,Duggan,West Coast,BPL,3,406,11,15,5,1,6,0,65,15
2020,14.0,2020-08-27,Kane,Lambert,Richmond,CHF,1,87,0,21,3,0,3,0,78,7
2020,14.0,2020-08-27,Brendon,Ah Chee,West Coast,INT,4,89,3,8,4,0,4,1,60,6
2020,14.0,2020-08-27,Toby,Nankervis,Richmond,INT,1,106,1,13,2,0,4,1,57,8
2020,14.0,2020-08-27,Tom,Barrass,West Coast,FB,0,233,4,2,3,0,2,0,67,6
2020,14.0,2020-08-27,Daniel,Rioli,Richmond,FPR,4,190,0,19,6,0,1,2,70,7
2020,14.0,2020-08-27,Jayden,Short,Richmond,HBFL,3,489,5,11,4,0,3,0,84,16
2020,14.0,2020-08-27,Jason,Castagna,Richmond,INT,5,291,0,15,5,0,6,1,50,8
2020,14.0,2020-08-27,Tom,Cole,West Coast,INT,2,211,4,11,2,0,5,0,81,17
2020,14.0,2020-08-27,Oleg,Markov,Richmond,HBFR,2,160,7,3,2,0,6,0,58,7
2020,14.0,2020-08-27,Ivan,Soldo,Richmond,RK,2,54,1,11,1,1,1,0,67,6
2020,14.0,2020-08-27,Shai,Bolton,Richmond,RR,7,257,0,22,2,2,6,0,81,13
2020,14.0,2020-08-27,Jack,Graham,Richmond,C,4,206,2,37,5,0,7,1,69,11
2020,14.0,2020-08-27,Tim,Kelly,West Coast,C,4,436,2,20,3,5,6,0,77,20
2020,14.0,2020-08-27,Liam,Ryan,West Coast,FPL,7,220,2,14,1,0,5,1,75,9
2020,14.0,2020-08-27,Jarrod,Brander,West Coast,WL,0,160,1,8,2,0,0,0,83,5
2020,14.0,2020-08-27,Liam,Baker,Richmond,INT,2,406,3,7,5,0,5,0,60,9
2020,14.0,2020-08-27,Noah,Balta,Richmond,BPR,3,449,11,2,3,0,2,0,75,12
2020,14.0,2020-08-27,Josh,Rotham,West Coast,HBFL,2,168,2,5,1,0,0,0,90,9
2020,14.0,2020-08-27,Marlion,Pickett,Richmond,WR,2,275,6,12,1,0,5,0,58,7
2020,14.0,2020-08-27,Jake,Aarts,Richmond,HFFL,6,183,2,13,4,0,5,1,81,13
2020,14.0,2020-08-27,Nicholas,Reid,West Coast,INT,0,44,1,14,2,0,3,3,60,3
2020,14.0,2020-08-27,Xavier,O'Neill,West Coast,INT,2,315,0,14,4,0,3,0,56,9
2020,14.0,2020-08-27,Thomson,Dow,Richmond,INT,2,109,3,21,4,2,5,1,67,8
2020,14.0,2020-08-27,Bailey J.,Williams,West Coast,FPR,2,41,2,14,3,0,1,0,88,7
2020,14.0,2020-08-28,Tom,Hawkins,Geelong,FF,8,178,1,2,0,0,3,0,64,9
2020,14.0,2020-08-28,Lachie,Henderson,Geelong,FB,3,149,1,5,0,0,2,0,92,12
2020,14.0,2020-08-28,Harry,Taylor,Geelong,BPR,2,141,3,1,2,0,3,0,80,8
2020,14.0,2020-08-28,Patrick,Dangerfield,Geelong,C,10,518,6,12,7,2,11,0,56,18
2020,14.0,2020-08-28,Easton,Wood,Western Bulldogs,BPL,0,7,1,2,0,0,1,0,100,3
2020,14.0,2020-08-28,Jack,Steven,Geelong,INT,0,217,0,11,1,1,1,0,67,10
2020,14.0,2020-08-28,Mitch,Duncan,Geelong,WL,7,271,1,15,4,0,4,0,50,9
2020,14.0,2020-08-28,Gary,Rohan,Geelong,CHF,5,188,3,12,0,0,6,1,60,6
2020,14.0,2020-08-28,Rhys,Stanley,Geelong,RK,8,211,0,4,3,2,4,0,88,14
2020,14.0,2020-08-28,Cameron,Guthrie,Geelong,RR,6,197,0,23,3,2,6,2,76,16
2020,14.0,2020-08-28,Tom,Liberatore,Western Bulldogs,FPL,5,106,2,18,1,0,6,0,80,12
2020,14.0,2020-08-28,Mitch,Wallis,Western Bulldogs,HFFR,4,27,0,8,1,0,2,1,67,4
2020,14.0,2020-08-28,Zach,Tuohy,Geelong,FPL,2,168,1,11,2,0,0,0,90,9
2020,14.0,2020-08-28,Luke,Dahlhaus,Geelong,HFFL,5,93,2,13,1,0,6,1,93,13
2020,14.0,2020-08-28,Tory,Dickson,Western Bulldogs,INT,0,-6,0,12,0,0,0,0,75,3
2020,14.0,2020-08-28,Josh,Bruce,Western Bulldogs,CHF,3,111,0,5,1,0,1,0,0,0
2020,14.0,2020-08-28,Hayden,Crozier,Western Bulldogs,HBFR,5,176,7,8,2,0,3,0,93,13
2020,14.0,2020-08-28,Jason,Johannisen,Western Bulldogs,INT,6,343,5,13,3,0,4,0,71,15
2020,14.0,2020-08-28,Mark,Blicavs,Geelong,CHB,3,11,2,9,1,0,4,0,91,10
2020,14.0,2020-08-28,Jack,Macrae,Western Bulldogs,C,5,183,0,20,4,2,5,0,62,16
2020,14.0,2020-08-28,Lachie,Hunter,Western Bulldogs,FPR,10,326,1,12,2,1,6,1,78,21
2020,14.0,2020-08-28,Marcus,Bontempelli,Western Bulldogs,RR,5,200,3,27,4,1,5,2,64,9
2020,14.0,2020-08-28,Jed,Bews,Geelong,INT,2,57,2,11,0,1,4,0,100,13
2020,14.0,2020-08-28,Toby,McLean,Western Bulldogs,HFFL,6,115,0,19,1,0,4,1,73,11
2020,14.0,2020-08-28,Jake,Kolodjashnij,Geelong,BPL,2,268,1,4,1,0,1,0,70,7
2020,14.0,2020-08-28,Caleb,Daniel,Western Bulldogs,BPR,2,422,5,15,6,0,6,0,75,15
2020,14.0,2020-08-28,Josh,Dunkley,Western Bulldogs,R,4,131,1,26,2,0,9,2,62,8
2020,14.0,2020-08-28,Bailey,Williams,Western Bulldogs,HBFL,3,407,6,8,2,0,1,0,75,12
2020,14.0,2020-08-28,Sam,Menegola,Geelong,WR,1,179,5,15,6,0,6,0,56,10
2020,14.0,2020-08-28,Brandan,Parfitt,Geelong,INT,3,193,1,18,3,1,6,0,68,13
2020,14.0,2020-08-28,Tom,Stewart,Geelong,HBFR,4,379,3,12,4,1,3,0,96,21
2020,14.0,2020-08-28,Mark,O'Connor,Geelong,R,4,86,4,7,0,0,2,0,100,10
2020,14.0,2020-08-28,Tim,English,Western Bulldogs,RK,1,76,0,7,4,2,2,0,73,8
2020,14.0,2020-08-28,Alex,Keath,Western Bulldogs,FB,0,280,4,4,2,0,3,0,60,6
2020,14.0,2020-08-28,Aaron,Naughton,Western Bulldogs,FF,5,92,0,4,0,0,3,0,89,8
2020,14.0,2020-08-28,Ed,Richards,Western Bulldogs,WL,5,219,4,19,0,0,3,0,91,10
2020,14.0,2020-08-28,Jack,Henry,Geelong,HBFL,2,175,2,13,3,0,1,0,60,9
2020,14.0,2020-08-28,Tom,Atkins,Geelong,HFFR,5,55,1,13,1,1,6,0,85,11
2020,14.0,2020-08-28,Gryan,Miers,Geelong,FPR,4,221,0,13,2,0,1,1,55,6
2020,14.0,2020-08-28,Bailey,Smith,Western Bulldogs,INT,3,337,2,11,4,3,6,0,57,12
2020,14.0,2020-08-28,Will,Hayes,Western Bulldogs,INT,3,95,1,18,1,0,2,3,73,8
2020,14.0,2020-08-28,Ryan,Gardner,Western Bulldogs,CHB,1,22,2,13,2,0,2,0,75,6
2020,14.0,2020-08-28,Laitham,Vandermeer,Western Bulldogs,WR,0,0,0,1,0,0,0,0,100,1
2020,14.0,2020-08-28,Brad,Close,Geelong,INT,2,100,3,17,0,0,2,2,63,5
2020,14.0,2020-08-29,Robbie,Gray,Port Adelaide,FF,10,97,3,17,4,3,11,3,82,22
2020,14.0,2020-08-29,Justin,Westhoff,Port Adelaide,INT,5,130,0,19,1,0,5,5,50,5
2020,14.0,2020-08-29,Travis,Boak,Port Adelaide,RR,2,495,0,17,3,1,6,1,85,17
2020,14.0,2020-08-29,Brad,Ebert,Port Adelaide,INT,1,143,1,12,4,0,4,1,43,3
2020,14.0,2020-08-29,Josh P.,Kennedy,Sydney,RR,5,121,1,31,2,1,4,0,57,16
2020,14.0,2020-08-29,Hamish,Hartlett,Port Adelaide,INT,3,299,7,10,4,1,4,0,60,12
2020,14.0,2020-08-29,Tom,Rockliff,Port Adelaide,R,3,226,2,17,2,1,10,0,71,17
2020,14.0,2020-08-29,Sam,Reid,Sydney,FF,2,10,0,9,1,0,2,0,86,6
2020,14.0,2020-08-29,Charlie,Dixon,Port Adelaide,FPR,8,130,0,12,2,0,3,1,77,10
2020,14.0,2020-08-29,Trent,McKenzie,Port Adelaide,FB,0,205,6,4,2,0,1,0,79,11
2020,14.0,2020-08-29,Luke,Parker,Sydney,C,2,146,1,32,5,3,7,1,67,12
2020,14.0,2020-08-29,Scott,Lycett,Port Adelaide,RK,4,138,3,9,3,2,3,0,40,4
2020,14.0,2020-08-29,Tom,Jonas,Port Adelaide,HBFL,0,-13,5,5,0,0,4,0,100,5
2020,14.0,2020-08-29,Harry,Cunningham,Sydney,BPL,1,249,2,15,2,0,6,0,73,11
2020,14.0,2020-08-29,Cam,Sutcliffe,Port Adelaide,HFFL,4,107,0,15,2,0,2,0,50,5
2020,14.0,2020-08-29,Ollie,Wines,Port Adelaide,INT,6,464,2,21,6,2,7,0,86,19
2020,14.0,2020-08-29,Callum,Sinclair,Sydney,RK,3,173,0,17,0,0,1,2,57,4
2020,14.0,2020-08-29,Jackson,Thurlow,Sydney,INT,3,104,2,12,2,1,2,0,86,12
2020,14.0,2020-08-29,Tom,Clurey,Port Adelaide,BPL,0,264,5,5,3,0,4,0,89,8
2020,14.0,2020-08-29,Jake,Lloyd,Sydney,HBFL,4,416,6,10,4,0,3,0,84,26
2020,14.0,2020-08-29,Karl,Amon,Port Adelaide,WL,4,249,1,9,5,0,6,0,61,11
2020,14.0,2020-08-29,Callum,Mills,Sydney,R,2,365,5,16,4,0,4,0,95,19
2020,14.0,2020-08-29,Tom,Papley,Sydney,FPR,3,304,1,6,2,0,4,0,73,8
2020,14.0,2020-08-29,Darcy,Byrne-Jones,Port Adelaide,CHB,0,150,5,11,2,0,7,0,65,11
2020,14.0,2020-08-29,Aliir,Aliir,Sydney,BPR,2,195,3,7,3,1,4,0,69,9
2020,14.0,2020-08-29,Ryan,Clarke,Sydney,WL,6,278,6,23,3,0,5,0,85,17
2020,14.0,2020-08-29,Ryan,Burton,Port Adelaide,BPR,1,252,4,8,4,0,2,0,60,9
2020,14.0,2020-08-29,Riley,Bonner,Port Adelaide,HBFR,2,179,1,4,3,0,2,0,89,8
2020,14.0,2020-08-29,Oliver,Florent,Sydney,WR,3,409,2,25,6,0,2,0,40,6
2020,14.0,2020-08-29,Sam,Powell-Pepper,Port Adelaide,C,4,267,1,17,4,1,6,1,70,14
2020,14.0,2020-08-29,Robbie,Fox,Sydney,HBFR,0,208,6,5,4,0,5,0,71,10
2020,14.0,2020-08-29,Will,Hayward,Sydney,HFFL,3,131,0,8,3,0,2,1,67,8
2020,14.0,2020-08-29,Jordan,Dawson,Sydney,CHB,4,301,5,19,2,0,4,0,69,11
2020,14.0,2020-08-29,Lewis,Melican,Sydney,FB,1,166,2,15,0,0,2,0,100,10
2020,14.0,2020-08-29,Todd,Marshall,Port Adelaide,FPL,0,-1,1,17,1,0,2,1,43,3
2020,14.0,2020-08-29,Tom,McCartin,Sydney,CHF,2,146,11,5,3,0,4,0,75,12
2020,14.0,2020-08-29,Zak,Butters,Port Adelaide,CHF,5,289,2,23,3,0,6,0,69,9
2020,14.0,2020-08-29,Xavier,Duursma,Port Adelaide,WR,5,264,5,17,4,0,11,2,80,16
2020,14.0,2020-08-29,Connor,Rozee,Port Adelaide,HFFR,0,154,1,15,3,1,1,0,91,10
2020,14.0,2020-08-29,Nick,Blakey,Sydney,INT,3,295,2,9,1,0,4,0,63,5
2020,14.0,2020-08-29,Justin,McInerney,Sydney,INT,2,272,6,10,5,0,6,0,40,6
2020,14.0,2020-08-29,James,Rowbottom,Sydney,HFFR,0,32,4,16,1,0,4,1,83,10
2020,14.0,2020-08-29,James,Bell,Sydney,FPL,2,108,1,10,1,0,2,3,33,2
2020,14.0,2020-08-29,Sam,Wicks,Sydney,INT,1,48,1,32,1,0,0,3,67,4
2020,14.0,2020-08-29,David,Mundy,Fremantle,INT,5,222,0,19,1,3,5,2,75,15
2020,14.0,2020-08-29,Heath,Shaw,Greater Western Sydney,INT,1,112,4,6,0,0,2,0,89,8
2020,14.0,2020-08-29,Shane,Mumford,Greater Western Sydney,RK,5,72,0,14,1,4,4,0,67,8
2020,14.0,2020-08-29,Stephen,Hill,Fremantle,HBFL,1,145,0,8,2,0,0,0,75,6
2020,14.0,2020-08-29,Matt,de Boer,Greater Western Sydney,HFFL,4,106,1,11,0,0,3,0,93,13
2020,14.0,2020-08-29,Michael,Walters,Fremantle,HFFL,5,183,3,20,4,2,8,2,56,10
2020,14.0,2020-08-29,Nat,Fyfe,Fremantle,C,2,90,2,14,1,1,4,1,64,7
2020,14.0,2020-08-29,Reece,Conca,Fremantle,FB,2,138,3,12,2,0,1,0,73,8
2020,14.0,2020-08-29,Lachlan,Keeffe,Greater Western Sydney,BPL,4,172,7,1,2,0,4,0,81,13
2020,14.0,2020-08-29,Jeremy,Cameron,Greater Western Sydney,FPR,10,458,0,3,4,0,2,0,67,12
2020,14.0,2020-08-29,Stephen,Coniglio,Greater Western Sydney,RR,7,323,0,14,4,1,5,0,75,18
2020,14.0,2020-08-29,Toby,Greene,Greater Western Sydney,HFFR,5,254,0,13,1,2,3,1,57,8
2020,14.0,2020-08-29,Adam,Kennedy,Greater Western Sydney,HBFL,2,280,5,13,4,0,6,0,81,13
2020,14.0,2020-08-29,Nathan,Wilson,Fremantle,BPR,3,458,5,7,3,0,4,0,72,13
2020,14.0,2020-08-29,Nick,Haynes,Greater Western Sydney,CHB,3,109,6,6,1,0,3,0,82,14
2020,14.0,2020-08-29,Lachie,Whitfield,Greater Western Sydney,WL,4,537,9,4,4,0,4,0,84,26
2020,14.0,2020-08-29,Zac,Williams,Greater Western Sydney,HBFR,4,233,6,6,6,0,4,0,67,14
2020,14.0,2020-08-29,Aidan,Corr,Greater Western Sydney,FB,0,162,1,5,1,0,1,0,50,3
2020,14.0,2020-08-29,Matt,Taberner,Fremantle,CHF,3,98,1,2,2,0,3,0,71,5
2020,14.0,2020-08-29,James,Aish,Fremantle,WR,0,200,0,11,3,0,1,0,63,5
2020,14.0,2020-08-29,Josh,Kelly,Greater Western Sydney,C,3,252,1,8,2,1,0,1,82,9
2020,14.0,2020-08-29,Rory,Lobb,Fremantle,FF,2,131,1,13,1,0,1,1,86,6
2020,14.0,2020-08-29,Connor,Blakely,Fremantle,INT,2,58,2,15,0,0,2,0,100,6
2020,14.0,2020-08-29,Ethan,Hughes,Fremantle,INT,2,129,7,7,0,0,3,0,100,13
2020,14.0,2020-08-29,Jacob,Hopper,Greater Western Sydney,WR,4,288,2,16,2,2,9,0,70,16
2020,14.0,2020-08-29,Harry,Himmelberg,Greater Western Sydney,CHF,5,116,0,5,2,0,3,0,80,8
2020,14.0,2020-08-29,Tim,Taranto,Greater Western Sydney,R,7,341,4,16,3,0,10,1,76,19
2020,14.0,2020-08-29,Daniel,Lloyd,Greater Western Sydney,INT,2,152,1,1,1,0,1,0,86,12
2020,14.0,2020-08-29,Harry,Perryman,Greater Western Sydney,INT,1,229,3,14,4,0,5,2,59,10
2020,14.0,2020-08-29,Luke,Ryan,Fremantle,CHB,0,330,3,6,2,0,0,0,83,10
2020,14.0,2020-08-29,Brennan,Cox,Fremantle,BPL,1,52,7,4,1,0,2,0,88,7
2020,14.0,2020-08-29,Sean,Darcy,Fremantle,RK,2,46,0,7,1,2,6,0,46,5
2020,14.0,2020-08-29,Andrew,Brayshaw,Fremantle,R,3,358,1,30,2,1,5,2,79,19
2020,14.0,2020-08-29,Adam,Cerra,Fremantle,WL,5,309,4,11,5,1,5,0,75,18
2020,14.0,2020-08-29,Mitch,Crowden,Fremantle,FPR,1,63,0,17,2,1,1,1,60,3
2020,14.0,2020-08-29,Taylin,Duman,Fremantle,HBFR,2,380,7,8,4,1,7,0,81,13
2020,14.0,2020-08-29,Brent,Daniels,Greater Western Sydney,FPL,3,141,2,21,1,2,5,2,69,9
2020,14.0,2020-08-29,Lachie,Schultz,Fremantle,FPL,3,180,1,12,4,0,3,2,50,5
2020,14.0,2020-08-29,Brett,Bewley,Fremantle,INT,3,235,1,3,5,0,4,0,64,9
2020,14.0,2020-08-29,Bobby,Hill,Greater Western Sydney,INT,7,170,0,10,1,1,6,0,69,9
2020,14.0,2020-08-29,Lachie,Ash,Greater Western Sydney,BPR,2,140,3,6,1,0,3,0,79,11
2020,14.0,2020-08-29,Caleb,Serong,Fremantle,RR,3,216,1,15,4,0,4,1,73,11
2020,14.0,2020-08-29,Liam,Henry,Fremantle,HFFR,3,150,0,10,4,0,4,0,38,3
2020,14.0,2020-08-29,Jake,Riccardi,Greater Western Sydney,FF,6,66,0,4,2,0,1,0,75,9
2020,14.0,2020-08-29,Paddy,Ryder,St Kilda,RK,5,74,2,8,1,0,2,0,83,5
2020,14.0,2020-08-29,Nathan,Jones,Melbourne,INT,2,33,2,4,5,0,5,0,57,8
2020,14.0,2020-08-29,Jarryn,Geary,St Kilda,BPL,0,177,2,14,4,0,0,0,71,10
2020,14.0,2020-08-29,Jake,Melksham,Melbourne,FPR,1,292,0,6,4,0,0,1,75,6
2020,14.0,2020-08-29,Michael,Hibberd,Melbourne,HBFR,1,297,2,5,1,0,3,0,69,11
2020,14.0,2020-08-29,Steven,May,Melbourne,FB,2,311,12,2,4,0,6,0,77,17
2020,14.0,2020-08-29,Max,Gawn,Melbourne,RK,1,176,6,3,5,0,10,0,53,8
2020,14.0,2020-08-29,Mitch,Brown,Melbourne,FF,2,129,0,6,2,0,0,2,50,4
2020,14.0,2020-08-29,Adam,Tomlinson,Melbourne,BPL,2,202,2,10,1,0,2,0,91,10
2020,14.0,2020-08-29,Bradley,Hill,St Kilda,HFFL,4,440,2,12,2,0,2,0,82,22
2020,14.0,2020-08-29,Sebastian,Ross,St Kilda,WR,5,239,0,10,3,3,3,2,80,12
2020,14.0,2020-08-29,Jack,Viney,Melbourne,C,4,161,3,15,1,0,3,1,89,8
2020,14.0,2020-08-29,Dean,Kent,St Kilda,R,2,133,1,13,5,0,2,0,56,5
2020,14.0,2020-08-29,Jack,Billings,St Kilda,WL,2,263,2,16,7,0,5,0,64,9
2020,14.0,2020-08-29,Christian,Salem,Melbourne,HBFL,2,262,4,8,2,0,5,0,86,18
2020,14.0,2020-08-29,Zak,Jones,St Kilda,C,1,321,2,18,3,4,5,1,65,13
2020,14.0,2020-08-29,Tim,Membrey,St Kilda,FPL,4,215,0,6,1,0,1,1,43,3
2020,14.0,2020-08-29,Angus,Brayshaw,Melbourne,INT,1,150,3,9,2,1,4,0,77,10
2020,14.0,2020-08-29,Aaron,vandenBerg,Melbourne,INT,2,156,0,8,2,0,0,0,78,7
2020,14.0,2020-08-29,Jack,Sinclair,St Kilda,INT,5,384,2,4,2,1,3,0,93,13
2020,14.0,2020-08-29,Jake,Lever,Melbourne,BPR,1,151,5,6,2,0,2,0,78,7
2020,14.0,2020-08-29,Jack,Steele,St Kilda,RR,5,459,4,7,7,2,10,0,81,21
2020,14.0,2020-08-29,Ed,Langdon,Melbourne,WR,1,453,2,17,4,0,3,0,77,17
2020,14.0,2020-08-29,Oscar,McDonald,Melbourne,CHB,0,208,5,4,6,0,4,0,55,6
2020,14.0,2020-08-29,Clayton,Oliver,Melbourne,R,2,229,3,21,2,0,12,0,73,19
2020,14.0,2020-08-29,Dougal,Howard,St Kilda,HBFR,0,209,7,6,4,0,3,0,82,9
2020,14.0,2020-08-29,Josh,Wagner,Melbourne,INT,0,149,6,4,2,0,7,0,80,12
2020,14.0,2020-08-29,Christian,Petracca,Melbourne,RR,6,336,1,15,2,1,8,1,67,10
2020,14.0,2020-08-29,Sam,Weideman,Melbourne,CHF,3,192,1,1,4,0,4,0,75,6
2020,14.0,2020-08-29,Dan,Butler,St Kilda,HFFR,2,275,2,11,1,0,2,0,91,10
2020,14.0,2020-08-29,Mitch,Hannan,Melbourne,FPL,1,170,1,7,3,0,1,0,57,4
2020,14.0,2020-08-29,Ben,Long,St Kilda,INT,2,132,9,6,3,0,5,0,80,12
2020,14.0,2020-08-29,Josh,Battle,St Kilda,INT,2,96,1,12,2,0,2,2,50,3
2020,14.0,2020-08-29,Rowan,Marshall,St Kilda,FPR,3,310,2,11,2,1,3,0,62,8
2020,14.0,2020-08-29,Hunter,Clark,St Kilda,CHB,2,112,3,8,3,0,3,0,63,5
2020,14.0,2020-08-29,Nick,Coffield,St Kilda,BPR,3,322,3,4,4,0,1,0,80,12
2020,14.0,2020-08-29,Charlie,Spargo,Melbourne,HFFR,1,48,1,10,2,0,4,0,88,7
2020,14.0,2020-08-29,Ed,Phillips,St Kilda,CHF,4,234,5,6,3,0,5,0,75,9
2020,14.0,2020-08-29,Ben,Paton,St Kilda,HBFL,2,63,8,4,2,0,6,0,75,12
2020,14.0,2020-08-29,Callum,Wilkie,St Kilda,FB,1,136,6,5,3,0,7,0,80,12
2020,14.0,2020-08-29,Nick,Hind,St Kilda,INT,2,39,0,10,1,0,1,0,100,5
2020,14.0,2020-08-29,Max,King,St Kilda,FF,2,80,0,3,1,0,2,0,67,2
2020,14.0,2020-08-29,Kysaiah,Pickett,Melbourne,WL,0,50,1,8,2,0,1,1,100,4
2020,14.0,2020-08-29,Trent,Rivers,Melbourne,HFFL,1,168,4,6,4,0,0,0,69,11
2020,14.0,2020-08-30,Kade,Simpson,Carlton,INT,2,292,4,9,4,0,3,0,78,14
2020,14.0,2020-08-30,Eddie,Betts,Carlton,HFFL,6,302,2,12,4,0,4,1,39,5
2020,14.0,2020-08-30,Marc,Murphy,Carlton,WR,2,116,3,12,2,0,4,1,72,13
2020,14.0,2020-08-30,Scott,Pendlebury,Collingwood,R,6,327,3,26,5,2,3,1,79,15
2020,14.0,2020-08-30,Chris,Mayne,Collingwood,WL,0,-9,3,13,3,0,4,0,75,9
2020,14.0,2020-08-30,Jordan,Roughead,Collingwood,FB,2,146,4,5,1,0,2,0,89,8
2020,14.0,2020-08-30,Liam,Jones,Carlton,FB,0,125,10,6,4,0,6,0,64,7
2020,14.0,2020-08-30,Ed,Curnow,Carlton,RR,6,389,5,28,4,1,8,1,55,12
2020,14.0,2020-08-30,Will,Hoskin-Elliott,Collingwood,HFFR,4,130,1,11,4,0,1,0,73,8
2020,14.0,2020-08-30,Jack,Newnes,Carlton,INT,3,404,1,9,4,0,3,1,80,12
2020,14.0,2020-08-30,Jack,Crisp,Collingwood,BPL,5,495,4,16,2,0,2,0,88,22
2020,14.0,2020-08-30,Taylor,Adams,Collingwood,RR,6,229,4,10,4,3,13,1,74,17
2020,14.0,2020-08-30,Jamie,Elliott,Collingwood,C,3,454,0,22,8,3,3,1,42,8
2020,14.0,2020-08-30,Levi,Casboult,Carlton,FPL,0,21,1,11,6,0,2,1,63,5
2020,14.0,2020-08-30,Lachie,Plowman,Carlton,BPL,2,154,2,6,1,0,0,0,78,7
2020,14.0,2020-08-30,Josh,Thomas,Collingwood,FPL,9,169,1,9,2,0,5,1,67,8
2020,14.0,2020-08-30,Sam,Docherty,Carlton,HBFL,3,290,5,11,3,0,6,1,90,17
2020,14.0,2020-08-30,Brodie,Grundy,Collingwood,RK,1,61,2,10,2,1,5,0,75,9
2020,14.0,2020-08-30,Jack,Martin,Carlton,CHF,2,181,1,12,2,1,4,0,80,8
2020,14.0,2020-08-30,Patrick,Cripps,Carlton,C,5,94,0,24,0,1,3,1,63,10
2020,14.0,2020-08-30,Brayden,Maynard,Collingwood,HBFL,2,238,10,5,4,0,6,0,67,12
2020,14.0,2020-08-30,Darcy,Moore,Collingwood,CHB,0,414,9,3,6,0,0,0,83,15
2020,14.0,2020-08-30,Jacob,Weitering,Carlton,CHB,1,107,6,4,1,0,5,0,83,10
2020,14.0,2020-08-30,Marc,Pittonet,Carlton,RK,2,22,0,10,0,0,3,1,60,3
2020,14.0,2020-08-30,Mason,Cox,Collingwood,INT,3,69,0,7,0,0,2,0,75,6
2020,14.0,2020-08-30,Tom,Phillips,Collingwood,HFFL,7,256,2,17,3,0,5,1,74,14
2020,14.0,2020-08-30,Thomas,Williamson,Carlton,BPR,0,218,5,1,2,0,3,0,73,8
2020,14.0,2020-08-30,Zac,Fisher,Carlton,HFFR,3,300,0,14,4,0,5,1,69,11
2020,14.0,2020-08-30,Cameron,Polson,Carlton,HBFR,0,246,3,10,3,0,2,0,50,4
2020,14.0,2020-08-30,Callum L.,Brown,Collingwood,INT,3,28,3,12,1,0,6,0,91,10
2020,14.0,2020-08-30,Will,Setterfield,Carlton,R,3,251,4,26,3,1,9,1,59,13
2020,14.0,2020-08-30,Harry,McKay,Carlton,FPR,2,72,0,6,5,0,2,1,33,2
2020,14.0,2020-08-30,Josh,Daicos,Collingwood,WR,4,389,3,9,2,0,5,0,76,16
2020,14.0,2020-08-30,Paddy,Dow,Carlton,INT,1,159,0,13,2,2,5,0,67,8
2020,14.0,2020-08-30,Jaidyn,Stephenson,Collingwood,FF,8,176,0,15,2,0,1,2,46,5
2020,14.0,2020-08-30,Brody,Mihocek,Collingwood,FPR,5,155,2,9,0,0,4,2,89,8
2020,14.0,2020-08-30,Darcy,Cameron,Collingwood,CHF,1,-3,0,8,0,0,0,0,100,1
2020,14.0,2020-08-30,Jack,Madgen,Collingwood,BPR,2,150,2,7,3,0,1,0,89,8
2020,14.0,2020-08-30,Tom,De Koning,Carlton,FF,2,134,1,5,1,1,2,0,83,5
2020,14.0,2020-08-30,Michael,Gibbons,Carlton,INT,3,174,1,20,5,0,3,0,43,6
2020,14.0,2020-08-30,Sam,Walsh,Carlton,WL,3,258,4,21,4,0,6,1,82,18
2020,14.0,2020-08-30,Isaac,Quaynor,Collingwood,INT,3,306,6,13,3,0,5,0,65,13
2020,14.0,2020-08-30,John,Noble,Collingwood,HBFR,3,189,4,18,2,0,1,0,85,17
2020,14.0,2020-08-30,Tyler,Brown,Collingwood,INT,3,148,1,21,1,1,6,0,64,9
2020,14.0,2020-08-30,Shaun,Higgins,North Melbourne,WR,1,232,2,11,2,0,2,1,85,11
2020,14.0,2020-08-30,Todd,Goldstein,North Melbourne,RK,2,135,2,9,2,2,9,0,79,11
2020,14.0,2020-08-30,Robbie,Tarrant,North Melbourne,FB,0,306,8,5,4,0,5,0,88,15
2020,14.0,2020-08-30,Shaun,Atley,North Melbourne,HBFR,2,261,5,13,2,0,4,0,82,14
2020,14.0,2020-08-30,David,Swallow,Gold Coast,RR,4,268,1,7,6,2,9,1,55,11
2020,14.0,2020-08-30,Sam,Day,Gold Coast,CHF,9,176,2,4,0,1,3,0,77,10
2020,14.0,2020-08-30,Brandon,Ellis,Gold Coast,WR,6,336,4,14,2,0,5,0,88,14
2020,14.0,2020-08-30,Aaron,Hall,North Melbourne,FPL,4,180,1,7,2,0,3,1,70,7
2020,14.0,2020-08-30,Alex,Sexton,Gold Coast,HFFL,5,149,1,5,0,0,2,0,100,7
2020,14.0,2020-08-30,Marley,Williams,North Melbourne,BPL,2,210,5,5,1,0,3,0,77,10
2020,14.0,2020-08-30,Josh,Walker,North Melbourne,CHB,0,118,3,4,1,0,2,0,57,4
2020,14.0,2020-08-30,Jed,Anderson,North Melbourne,R,1,304,1,21,3,2,5,1,75,15
2020,14.0,2020-08-30,Majak,Daw,North Melbourne,FF,1,-1,0,9,2,0,5,1,78,7
2020,14.0,2020-08-30,Jarrod,Witts,Gold Coast,RK,8,207,1,3,3,0,4,0,75,12
2020,14.0,2020-08-30,Luke,McDonald,North Melbourne,BPR,1,518,6,8,5,0,2,0,70,19
2020,14.0,2020-08-30,Mason,Wood,North Melbourne,HFFR,3,331,1,9,5,0,3,2,36,4
2020,14.0,2020-08-30,Touk,Miller,Gold Coast,R,7,233,3,15,3,2,9,1,78,18
2020,14.0,2020-08-30,Trent,Dumont,North Melbourne,INT,3,324,2,30,3,1,5,0,56,9
2020,14.0,2020-08-30,Lachie,Weller,Gold Coast,WL,6,447,4,14,6,1,3,0,60,12
2020,14.0,2020-08-30,Darcy,Macpherson,Gold Coast,INT,2,112,0,23,4,1,3,0,43,3
2020,14.0,2020-08-30,Sam,Collins,Gold Coast,FB,1,49,8,5,0,0,3,0,100,10
2020,14.0,2020-08-30,Ben,Ainsworth,Gold Coast,HFFR,15,613,1,11,1,0,2,0,65,15
2020,14.0,2020-08-30,Jack,Bowes,Gold Coast,CHB,6,171,4,6,1,0,3,0,80,12
2020,14.0,2020-08-30,Jy,Simpkin,North Melbourne,C,2,126,3,15,3,3,7,0,63,10
2020,14.0,2020-08-30,Ed,Vickers-Willis,North Melbourne,HBFL,0,256,3,9,3,0,0,0,75,9
2020,14.0,2020-08-30,Hugh,Greenwood,Gold Coast,C,5,286,3,19,2,2,10,1,61,14
2020,14.0,2020-08-30,Cameron,Zurhaar,North Melbourne,FPR,3,227,0,11,2,0,3,0,70,7
2020,14.0,2020-08-30,Nick,Larkey,North Melbourne,CHF,1,42,0,3,3,0,0,0,100,2
2020,14.0,2020-08-30,Ben,McKay,North Melbourne,INT,1,35,6,1,1,0,4,0,67,4
2020,14.0,2020-08-30,Luke,Davies-Uniacke,North Melbourne,RR,2,259,0,13,3,1,3,0,54,7
2020,14.0,2020-08-30,Charlie,Ballard,Gold Coast,HBFR,1,287,4,2,2,0,2,0,67,8
2020,14.0,2020-08-30,Paul,Ahern,North Melbourne,INT,0,262,1,6,7,1,5,0,39,5
2020,14.0,2020-08-30,Tom,Murphy,North Melbourne,WL,1,346,0,11,4,0,1,0,70,7
2020,14.0,2020-08-30,Wil,Powell,Gold Coast,HBFL,3,202,6,9,1,0,3,0,91,10
2020,14.0,2020-08-30,Jack,Lukosius,Gold Coast,BPR,5,324,5,4,2,0,3,0,69,9
2020,14.0,2020-08-30,Bailey,Scott,North Melbourne,HFFL,3,209,0,11,2,0,4,0,80,8
2020,14.0,2020-08-30,Josh,Corbett,Gold Coast,FPR,7,287,0,9,2,0,2,2,50,6
2020,14.0,2020-08-30,Ben,King,Gold Coast,FF,9,231,1,12,3,0,3,1,27,3
2020,14.0,2020-08-30,Caleb,Graham,Gold Coast,INT,1,33,3,2,0,0,0,0,75,3
2020,14.0,2020-08-30,Noah,Anderson,Gold Coast,INT,7,419,4,8,7,1,6,0,74,17
2020,14.0,2020-08-30,Connor,Budarick,Gold Coast,BPL,2,151,5,8,2,0,2,0,67,6
2020,14.0,2020-08-30,Izak,Rankine,Gold Coast,FPL,9,309,2,15,2,0,7,1,85,11
2020,14.0,2020-08-30,Lachlan,Hosie,North Melbourne,INT,2,49,1,10,3,0,3,0,43,3
2020,14.0,2020-08-30,Sam,Flanders,Gold Coast,INT,3,87,1,14,1,0,2,0,50,2
2020,15.0,2020-09-01,Shaun,Burgoyne,Hawthorn,INT,1,190,5,12,5,0,4,0,70,7
2020,15.0,2020-09-01,James,Frawley,Hawthorn,HBFL,1,101,5,3,0,0,2,0,100,9
2020,15.0,2020-09-01,David,Mackay,Adelaide,HBFL,2,383,4,11,1,0,2,0,80,12
2020,15.0,2020-09-01,Ben,McEvoy,Hawthorn,RK,0,101,3,11,2,0,1,0,80,4
2020,15.0,2020-09-01,Taylor,Walker,Adelaide,FF,6,271,0,5,3,0,1,0,75,6
2020,15.0,2020-09-01,Rory,Sloane,Adelaide,WL,7,282,1,25,3,2,6,0,72,13
2020,15.0,2020-09-01,Tom,Scully,Hawthorn,BPR,5,258,0,16,4,0,2,1,67,12
2020,15.0,2020-09-01,Ben,Stratton,Hawthorn,FB,1,146,4,6,3,0,1,0,70,7
2020,15.0,2020-09-01,Jack,Gunston,Hawthorn,FPR,4,268,0,12,3,0,3,2,50,5
2020,15.0,2020-09-01,Brodie,Smith,Adelaide,HBFR,9,501,5,7,5,0,5,0,77,17
2020,15.0,2020-09-01,Luke,Breust,Hawthorn,HFFL,4,171,0,28,1,0,2,2,83,5
2020,15.0,2020-09-01,Daniel,Talia,Adelaide,FB,2,182,4,4,0,0,3,0,100,8
2020,15.0,2020-09-01,Chad,Wingard,Hawthorn,HFFR,5,191,1,22,4,1,6,0,63,10
2020,15.0,2020-09-01,Luke,Brown,Adelaide,BPL,1,122,4,9,1,0,3,0,75,6
2020,15.0,2020-09-01,Brad,Crouch,Adelaide,INT,5,432,1,13,7,5,8,0,56,15
2020,15.0,2020-09-01,Rory,Laird,Adelaide,R,6,304,5,18,1,0,8,0,72,18
2020,15.0,2020-09-01,Tom,Mitchell,Hawthorn,R,3,270,2,27,2,1,8,0,78,18
2020,15.0,2020-09-01,Jonathon,Ceglar,Hawthorn,HBFR,2,169,2,8,4,0,3,0,67,10
2020,15.0,2020-09-01,Kyle,Hartigan,Adelaide,CHB,1,186,4,5,4,0,3,0,75,6
2020,15.0,2020-09-01,Darren,Minchington,Hawthorn,INT,4,251,2,5,1,1,4,1,78,7
2020,15.0,2020-09-01,Jarman,Impey,Hawthorn,FPL,1,119,1,12,1,1,3,0,100,8
2020,15.0,2020-09-01,Tim,O'Brien,Hawthorn,FF,2,205,3,10,3,0,6,0,67,8
2020,15.0,2020-09-01,Matt,Crouch,Adelaide,C,10,98,5,12,2,3,9,0,81,26
2020,15.0,2020-09-01,Jake,Kelly,Adelaide,BPR,1,42,4,5,0,0,3,0,86,6
2020,15.0,2020-09-01,Daniel,Howe,Hawthorn,C,1,182,1,11,1,0,3,0,67,8
2020,15.0,2020-09-01,Ben,Keays,Adelaide,WR,9,214,3,18,2,1,7,1,77,17
2020,15.0,2020-09-01,Blake,Hardwick,Hawthorn,BPL,2,344,5,11,0,0,4,0,92,12
2020,15.0,2020-09-01,Reilly,O'Brien,Adelaide,RK,7,320,6,11,2,1,4,0,74,14
2020,15.0,2020-09-01,James,Cousins,Hawthorn,INT,3,266,1,19,2,1,3,0,94,15
2020,15.0,2020-09-01,Tyson,Stengle,Adelaide,FPL,8,230,1,8,2,0,2,0,75,9
2020,15.0,2020-09-01,Jack,Scrimshaw,Hawthorn,WR,4,521,6,11,9,1,2,0,73,16
2020,15.0,2020-09-01,Conor,Glass,Hawthorn,WL,0,63,0,18,1,0,1,0,67,4
2020,15.0,2020-09-01,Darcy,Fogarty,Adelaide,INT,5,58,0,7,1,0,4,0,89,8
2020,15.0,2020-09-01,Lachlan,Murphy,Adelaide,FPR,7,274,2,8,3,0,1,0,77,10
2020,15.0,2020-09-01,Myles,Poholke,Adelaide,INT,2,126,0,6,4,0,2,0,33,2
2020,15.0,2020-09-01,James,Worpel,Hawthorn,RR,3,421,1,25,4,2,7,2,60,9
2020,15.0,2020-09-01,Mitch,Lewis,Hawthorn,CHF,3,58,1,9,0,0,1,0,75,3
2020,15.0,2020-09-01,Elliott,Himmelberg,Adelaide,CHF,5,237,1,10,1,0,5,0,81,13
2020,15.0,2020-09-01,Chayce,Jones,Adelaide,HFFR,3,109,1,10,3,0,4,0,69,9
2020,15.0,2020-09-01,Oliver,Hanrahan,Hawthorn,INT,2,70,1,11,4,0,3,1,14,1
2020,15.0,2020-09-01,Changkuoth,Jiath,Hawthorn,CHB,1,36,4,11,0,0,4,0,67,6
2020,15.0,2020-09-01,Shane,McAdam,Adelaide,HFFL,6,101,1,14,2,0,3,1,70,7
2020,15.0,2020-09-01,Harry,Schoenberg,Adelaide,RR,5,138,0,12,1,0,5,0,82,9
2020,15.0,2020-09-01,Lachlan,Sholl,Adelaide,INT,2,257,2,6,1,0,3,0,64,7
2020,15.0,2020-09-01,Shannon,Hurn,West Coast,HBFL,2,249,5,8,2,0,1,0,95,19
2020,15.0,2020-09-01,Cale,Hooker,Essendon,CHF,3,57,0,5,1,0,1,0,50,2
2020,15.0,2020-09-01,Michael,Hurley,Essendon,FB,2,144,5,3,3,0,3,0,88,14
2020,15.0,2020-09-01,Nic,Naitanui,West Coast,RK,5,146,0,8,2,4,4,0,78,7
2020,15.0,2020-09-01,Jack,Redden,West Coast,HFFL,3,257,2,21,5,2,3,0,67,14
2020,15.0,2020-09-01,Lewis,Jetta,West Coast,HBFR,5,279,1,16,4,0,4,1,58,7
2020,15.0,2020-09-01,Luke,Shuey,West Coast,R,3,385,3,20,5,2,6,0,53,8
2020,15.0,2020-09-01,Brad,Sheppard,West Coast,BPR,2,259,3,3,2,0,3,0,95,19
2020,15.0,2020-09-01,Dyson,Heppell,Essendon,R,3,67,2,5,2,0,4,0,87,13
2020,15.0,2020-09-01,Jack,Darling,West Coast,CHF,6,265,2,9,2,0,2,0,60,6
2020,15.0,2020-09-01,Andrew,Gaff,West Coast,WR,1,231,5,20,2,0,6,1,87,20
2020,15.0,2020-09-01,Dylan,Shiel,Essendon,RR,4,397,1,17,6,2,7,0,63,20
2020,15.0,2020-09-01,Devon,Smith,Essendon,CHB,3,227,8,11,2,0,6,0,75,15
2020,15.0,2020-09-01,Jake,Stringer,Essendon,FPL,1,18,0,9,2,0,2,0,50,2
2020,15.0,2020-09-01,Mark,Hutchings,West Coast,FPL,1,84,1,12,0,1,2,0,50,4
2020,15.0,2020-09-01,Joe,Daniher,Essendon,FF,4,130,0,5,1,0,0,1,29,2
2020,15.0,2020-09-01,James,Stewart,Essendon,INT,3,91,0,3,4,0,1,1,50,3
2020,15.0,2020-09-01,Martin,Gleeson,Essendon,BPL,3,59,4,5,2,0,4,0,90,9
2020,15.0,2020-09-01,Zach,Merrett,Essendon,WR,7,701,2,14,7,2,4,1,70,23
2020,15.0,2020-09-01,Dom,Sheed,West Coast,INT,1,157,4,15,3,1,3,0,46,5
2020,15.0,2020-09-01,Jeremy,McGovern,West Coast,CHB,0,206,8,6,3,0,3,0,75,12
2020,15.0,2020-09-01,Adam,Saad,Essendon,HBFR,2,376,9,5,4,0,5,0,81,17
2020,15.0,2020-09-01,Jackson,Nelson,West Coast,C,1,162,1,18,1,0,1,0,80,8
2020,15.0,2020-09-01,Liam,Duggan,West Coast,WL,2,201,4,18,2,0,3,0,94,16
2020,15.0,2020-09-01,Brendon,Ah Chee,West Coast,FPR,2,87,0,18,2,0,2,0,78,7
2020,15.0,2020-09-01,Kyle,Langford,Essendon,INT,5,173,1,11,4,1,8,0,79,23
2020,15.0,2020-09-01,Tom,Barrass,West Coast,FB,3,193,3,1,0,0,0,0,100,11
2020,15.0,2020-09-01,Anthony,McDonald-Tipungwuti,Essendon,FPR,5,205,0,10,2,0,4,0,100,10
2020,15.0,2020-09-01,Darcy,Parish,Essendon,WL,5,278,2,18,3,1,8,2,65,15
2020,15.0,2020-09-01,Tom,Cole,West Coast,INT,1,10,3,12,0,0,2,0,89,8
2020,15.0,2020-09-01,Will,Snelling,Essendon,HFFL,6,201,3,16,3,0,5,0,50,7
2020,15.0,2020-09-01,Andrew,McGrath,Essendon,C,2,85,0,6,3,0,2,0,60,6
2020,15.0,2020-09-01,Tim,Kelly,West Coast,RR,3,240,2,23,4,0,4,0,54,7
2020,15.0,2020-09-01,Liam,Ryan,West Coast,HFFR,6,349,1,7,5,0,2,0,57,8
2020,15.0,2020-09-01,Matt,Guelfi,Essendon,INT,3,178,1,6,1,0,2,0,75,9
2020,15.0,2020-09-01,Dylan,Clarke,Essendon,INT,2,169,3,11,0,2,4,0,83,10
2020,15.0,2020-09-01,Jordan,Ridley,Essendon,HBFL,4,457,9,7,3,0,2,0,88,22
2020,15.0,2020-09-01,Oscar,Allen,West Coast,FF,2,109,1,10,0,0,0,0,75,3
2020,15.0,2020-09-01,Josh,Rotham,West Coast,BPL,0,212,4,4,2,0,1,0,93,14
2020,15.0,2020-09-01,Brandon,Zerk-Thatcher,Essendon,BPR,0,87,3,11,0,0,2,0,86,6
2020,15.0,2020-09-01,Sam,Draper,Essendon,RK,4,182,0,14,2,0,1,1,20,1
2020,15.0,2020-09-01,Irving,Mosquito,Essendon,HFFR,3,69,1,14,1,0,3,2,90,9
2020,15.0,2020-09-01,Xavier,O'Neill,West Coast,INT,1,105,2,14,5,0,3,0,60,6
2020,15.0,2020-09-01,Bailey J.,Williams,West Coast,INT,1,79,1,8,2,0,1,1,83,5
2020,15.0,2020-09-02,David,Mundy,Fremantle,INT,2,206,3,13,2,1,6,0,77,13
2020,15.0,2020-09-02,Bachar,Houli,Richmond,BPL,5,403,0,10,3,0,1,0,83,15
2020,15.0,2020-09-02,Jack,Riewoldt,Richmond,FPL,6,265,0,4,1,0,2,0,50,5
2020,15.0,2020-09-02,Trent,Cotchin,Richmond,R,3,216,2,16,6,1,6,0,56,9
2020,15.0,2020-09-02,Stephen,Hill,Fremantle,HBFL,1,131,1,8,2,0,2,0,75,9
2020,15.0,2020-09-02,Michael,Walters,Fremantle,HFFL,3,131,1,7,3,0,1,1,40,4
2020,15.0,2020-09-02,Dustin,Martin,Richmond,FF,1,104,1,23,2,3,5,0,73,8
2020,15.0,2020-09-02,Nat,Fyfe,Fremantle,C,4,255,1,17,1,5,3,0,87,20
2020,15.0,2020-09-02,Reece,Conca,Fremantle,FB,1,57,4,6,3,0,2,0,80,8
2020,15.0,2020-09-02,Tom,Lynch,Richmond,HFFR,4,159,0,11,3,0,1,1,71,5
2020,15.0,2020-09-02,Nathan,Wilson,Fremantle,BPR,0,103,1,5,0,0,1,0,100,10
2020,15.0,2020-09-02,Nick,Vlastuin,Richmond,CHB,3,287,9,13,2,0,4,0,82,14
2020,15.0,2020-09-02,Matt,Taberner,Fremantle,CHF,2,190,1,7,6,0,3,0,38,3
2020,15.0,2020-09-02,James,Aish,Fremantle,WR,1,220,1,4,2,0,2,0,80,8
2020,15.0,2020-09-02,Blake,Acres,Fremantle,WL,4,463,4,17,5,0,5,0,78,21
2020,15.0,2020-09-02,Rory,Lobb,Fremantle,FF,4,102,1,9,2,0,1,1,83,10
2020,15.0,2020-09-02,Kamdyn,McIntosh,Richmond,WL,4,441,2,13,4,0,3,0,75,12
2020,15.0,2020-09-02,Jesse,Hogan,Fremantle,FPR,3,171,1,7,3,0,4,0,69,9
2020,15.0,2020-09-02,Toby,Nankervis,Richmond,INT,1,-1,0,11,0,0,0,0,0,0
2020,15.0,2020-09-02,Ethan,Hughes,Fremantle,HBFR,2,114,5,4,0,0,6,0,87,13
2020,15.0,2020-09-02,Daniel,Rioli,Richmond,CHF,2,107,1,7,0,0,3,0,100,13
2020,15.0,2020-09-02,Jayden,Short,Richmond,INT,2,439,5,7,3,0,6,0,83,19
2020,15.0,2020-09-02,Jason,Castagna,Richmond,FPR,4,234,2,14,2,0,5,1,47,7
2020,15.0,2020-09-02,Nathan,Broad,Richmond,FB,0,141,5,1,2,0,1,0,78,7
2020,15.0,2020-09-02,Oleg,Markov,Richmond,HBFR,1,229,3,8,1,0,2,0,91,10
2020,15.0,2020-09-02,Ivan,Soldo,Richmond,RK,2,10,1,9,1,0,3,0,29,2
2020,15.0,2020-09-02,Shai,Bolton,Richmond,RR,2,144,0,12,3,0,2,1,83,10
2020,15.0,2020-09-02,Luke,Ryan,Fremantle,CHB,2,381,6,8,3,0,3,0,88,14
2020,15.0,2020-09-02,Brennan,Cox,Fremantle,BPL,1,70,3,6,0,0,1,0,100,8
2020,15.0,2020-09-02,Sean,Darcy,Fremantle,RK,3,102,0,13,1,0,0,0,100,6
2020,15.0,2020-09-02,Jack,Graham,Richmond,C,6,395,2,21,4,1,5,0,67,12
2020,15.0,2020-09-02,Andrew,Brayshaw,Fremantle,R,4,281,1,12,2,0,2,1,61,11
2020,15.0,2020-09-02,Adam,Cerra,Fremantle,INT,2,210,3,13,1,2,8,0,65,11
2020,15.0,2020-09-02,Mitch,Crowden,Fremantle,INT,3,192,1,13,3,0,5,1,71,5
2020,15.0,2020-09-02,Jack,Higgins,Richmond,INT,2,238,0,11,1,0,6,1,67,8
2020,15.0,2020-09-02,Taylin,Duman,Fremantle,INT,2,99,4,10,1,0,2,0,89,8
2020,15.0,2020-09-02,Liam,Baker,Richmond,HBFL,1,212,9,8,2,0,6,0,80,12
2020,15.0,2020-09-02,Noah,Balta,Richmond,BPR,0,191,7,4,0,0,3,0,93,13
2020,15.0,2020-09-02,Lachie,Schultz,Fremantle,FPL,2,92,0,16,1,0,0,1,100,8
2020,15.0,2020-09-02,Marlion,Pickett,Richmond,WR,4,351,4,7,2,0,5,0,74,14
2020,15.0,2020-09-02,Caleb,Serong,Fremantle,RR,0,440,2,16,8,1,7,0,59,13
2020,15.0,2020-09-02,Jake,Aarts,Richmond,HFFL,2,212,2,11,1,0,6,0,77,10
2020,15.0,2020-09-02,Michael,Frederick,Fremantle,HFFR,4,110,0,21,6,0,2,1,64,7
2020,15.0,2020-09-02,Thomson,Dow,Richmond,INT,2,-2,0,16,1,0,2,0,75,3
2020,15.0,2020-09-03,Nathan,Jones,Melbourne,INT,2,153,0,3,3,0,1,0,50,5
2020,15.0,2020-09-03,Josh P.,Kennedy,Sydney,RR,2,288,6,14,5,2,7,0,63,15
2020,15.0,2020-09-03,Jake,Melksham,Melbourne,FPR,5,142,3,5,0,0,2,0,75,6
2020,15.0,2020-09-03,Sam,Reid,Sydney,CHF,4,79,1,7,1,0,1,1,89,8
2020,15.0,2020-09-03,Steven,May,Melbourne,FB,2,208,6,0,4,0,2,0,82,14
2020,15.0,2020-09-03,Luke,Parker,Sydney,HFFL,8,268,2,16,3,2,9,0,58,14
2020,15.0,2020-09-03,Max,Gawn,Melbourne,RK,4,326,3,9,4,0,1,0,67,10
2020,15.0,2020-09-03,Mitch,Brown,Melbourne,FF,3,97,1,4,2,0,2,2,63,5
2020,15.0,2020-09-03,Adam,Tomlinson,Melbourne,BPR,4,402,6,9,6,0,4,1,78,14
2020,15.0,2020-09-03,Harry,Cunningham,Sydney,BPL,1,227,5,5,2,0,4,0,75,9
2020,15.0,2020-09-03,Jack,Viney,Melbourne,C,2,148,3,22,4,1,4,1,50,6
2020,15.0,2020-09-03,Callum,Sinclair,Sydney,RK,2,-30,2,7,2,0,4,0,91,10
2020,15.0,2020-09-03,Jackson,Thurlow,Sydney,INT,1,266,4,8,2,0,2,0,86,12
2020,15.0,2020-09-03,Lewis,Taylor,Sydney,INT,7,177,1,10,1,0,3,2,73,8
2020,15.0,2020-09-03,Jake,Lloyd,Sydney,HBFL,2,381,5,12,7,1,8,0,79,22
2020,15.0,2020-09-03,Christian,Salem,Melbourne,HBFL,0,265,3,7,3,0,3,1,79,11
2020,15.0,2020-09-03,Angus,Brayshaw,Melbourne,INT,2,188,1,7,2,1,6,0,71,12
2020,15.0,2020-09-03,Jake,Lever,Melbourne,BPL,3,199,6,6,2,0,5,0,71,10
2020,15.0,2020-09-03,Alex,Neal-Bullen,Melbourne,HFFL,6,222,1,13,1,0,4,0,77,10
2020,15.0,2020-09-03,James,Harmes,Melbourne,INT,3,180,4,17,1,0,4,4,58,7
2020,15.0,2020-09-03,Ed,Langdon,Melbourne,WL,4,493,5,10,6,0,8,0,69,18
2020,15.0,2020-09-03,Oscar,McDonald,Melbourne,CHB,1,101,3,7,2,0,3,0,86,6
2020,15.0,2020-09-03,Clayton,Oliver,Melbourne,R,5,189,4,20,4,4,9,0,54,14
2020,15.0,2020-09-03,Tom,Papley,Sydney,R,4,335,1,5,6,1,3,0,64,9
2020,15.0,2020-09-03,Josh,Wagner,Melbourne,INT,3,103,4,6,3,1,5,0,80,8
2020,15.0,2020-09-03,Christian,Petracca,Melbourne,HFFR,4,326,0,15,7,0,4,1,52,11
2020,15.0,2020-09-03,Aliir,Aliir,Sydney,CHB,0,263,7,4,1,0,2,0,88,7
2020,15.0,2020-09-03,Ryan,Clarke,Sydney,INT,3,202,3,24,4,1,5,0,68,15
2020,15.0,2020-09-03,Sam,Weideman,Melbourne,CHF,0,50,0,7,2,0,0,0,0,0
2020,15.0,2020-09-03,Joel,Smith,Melbourne,RR,0,61,3,15,3,0,1,0,75,3
2020,15.0,2020-09-03,Oliver,Florent,Sydney,WR,1,246,0,12,1,0,2,0,63,5
2020,15.0,2020-09-03,Robbie,Fox,Sydney,BPR,0,97,1,11,1,0,1,0,67,2
2020,15.0,2020-09-03,Will,Hayward,Sydney,HBFR,3,159,1,10,3,0,1,1,56,5
2020,15.0,2020-09-03,Jordan,Dawson,Sydney,HFFR,4,446,3,7,4,1,3,0,50,8
2020,15.0,2020-09-03,Lewis,Melican,Sydney,FB,0,115,4,4,2,0,3,0,67,4
2020,15.0,2020-09-03,Bayley,Fritsch,Melbourne,FPL,3,206,3,9,2,0,3,2,85,11
2020,15.0,2020-09-03,Charlie,Spargo,Melbourne,WR,3,125,1,8,1,0,3,1,56,5
2020,15.0,2020-09-03,Tom,McCartin,Sydney,FF,1,186,6,1,3,0,6,0,60,6
2020,15.0,2020-09-03,Nick,Blakey,Sydney,INT,4,513,3,4,7,2,4,0,44,7
2020,15.0,2020-09-03,Justin,McInerney,Sydney,WL,5,254,5,6,3,1,3,0,86,12
2020,15.0,2020-09-03,James,Rowbottom,Sydney,C,2,114,0,12,1,0,5,0,69,9
2020,15.0,2020-09-03,Hayden,McLean,Sydney,FPR,3,102,1,10,3,0,3,0,67,4
2020,15.0,2020-09-03,Trent,Rivers,Melbourne,HBFR,3,106,7,9,2,0,5,0,69,11
2020,15.0,2020-09-03,Sam,Wicks,Sydney,FPL,3,141,3,18,4,0,5,3,73,8
2020,15.0,2020-09-03,Kade,Simpson,Carlton,HBFL,2,279,5,8,2,0,6,0,77,10
2020,15.0,2020-09-03,Eddie,Betts,Carlton,HFFL,1,52,1,11,2,0,4,1,75,6
2020,15.0,2020-09-03,Heath,Shaw,Greater Western Sydney,INT,1,138,4,7,1,0,3,0,100,9
2020,15.0,2020-09-03,Marc,Murphy,Carlton,C,4,334,1,18,3,0,2,0,67,12
2020,15.0,2020-09-03,Shane,Mumford,Greater Western Sydney,RK,4,5,1,13,0,1,4,2,71,5
2020,15.0,2020-09-03,Matt,de Boer,Greater Western Sydney,C,1,10,3,8,3,0,3,1,75,6
2020,15.0,2020-09-03,Liam,Jones,Carlton,CHB,3,120,5,3,2,0,1,0,83,5
2020,15.0,2020-09-03,Ed,Curnow,Carlton,R,3,289,3,16,4,2,5,0,65,11
2020,15.0,2020-09-03,Lachlan,Keeffe,Greater Western Sydney,FB,1,21,1,5,1,0,1,0,75,3
2020,15.0,2020-09-03,Jeremy,Cameron,Greater Western Sydney,CHF,4,181,0,7,2,1,3,0,57,4
2020,15.0,2020-09-03,Stephen,Coniglio,Greater Western Sydney,RR,2,249,0,14,3,0,2,0,67,10
2020,15.0,2020-09-03,Toby,Greene,Greater Western Sydney,FPL,6,449,1,10,4,0,4,0,53,10
2020,15.0,2020-09-03,Adam,Kennedy,Greater Western Sydney,HBFL,1,203,5,15,5,0,9,0,62,8
2020,15.0,2020-09-03,Jack,Newnes,Carlton,INT,1,258,3,5,5,0,3,0,50,6
2020,15.0,2020-09-03,Nick,Haynes,Greater Western Sydney,BPL,5,536,13,2,5,0,5,0,76,16
2020,15.0,2020-09-03,Levi,Casboult,Carlton,FPL,1,135,2,7,1,0,3,1,43,3
2020,15.0,2020-09-03,Lachie,Whitfield,Greater Western Sydney,WR,2,318,7,11,5,0,5,0,73,11
2020,15.0,2020-09-03,Sam,Docherty,Carlton,BPL,3,435,12,6,3,0,5,0,81,17
2020,15.0,2020-09-03,Zac,Williams,Greater Western Sydney,BPR,3,404,5,3,3,0,1,0,69,9
2020,15.0,2020-09-03,Aidan,Corr,Greater Western Sydney,CHB,2,423,2,8,3,0,2,0,77,10
2020,15.0,2020-09-03,Jack,Martin,Carlton,CHF,3,251,2,12,5,0,2,1,50,7
2020,15.0,2020-09-03,Patrick,Cripps,Carlton,HFFR,2,219,2,21,4,1,4,1,69,9
2020,15.0,2020-09-03,Jacob,Weitering,Carlton,FB,4,278,6,3,3,0,4,0,79,11
2020,15.0,2020-09-03,Mitch,McGovern,Carlton,FF,2,252,0,15,3,0,1,3,50,4
2020,15.0,2020-09-03,Marc,Pittonet,Carlton,RK,2,98,3,10,4,1,3,0,44,4
2020,15.0,2020-09-03,Jacob,Hopper,Greater Western Sydney,INT,2,261,3,14,4,2,9,0,62,13
2020,15.0,2020-09-03,Harry,Himmelberg,Greater Western Sydney,FF,7,353,5,12,5,0,6,0,46,6
2020,15.0,2020-09-03,Sam,Petrevski-Seton,Carlton,HBFR,0,77,1,7,1,0,1,0,60,3
2020,15.0,2020-09-03,Tim,Taranto,Greater Western Sydney,WL,4,253,4,11,5,2,4,0,59,10
2020,15.0,2020-09-03,Thomas,Williamson,Carlton,BPR,2,359,6,7,2,0,3,0,53,8
2020,15.0,2020-09-03,Zac,Fisher,Carlton,INT,1,79,1,13,0,0,4,1,50,3
2020,15.0,2020-09-03,Cameron,Polson,Carlton,INT,1,284,3,8,3,0,3,0,50,5
2020,15.0,2020-09-03,Daniel,Lloyd,Greater Western Sydney,HFFR,4,185,0,10,4,0,4,0,82,9
2020,15.0,2020-09-03,Harry,Perryman,Greater Western Sydney,INT,1,293,2,4,3,0,6,0,71,10
2020,15.0,2020-09-03,Jeremy,Finlayson,Greater Western Sydney,R,3,231,2,7,3,0,0,0,73,8
2020,15.0,2020-09-03,Will,Setterfield,Carlton,RR,4,116,2,19,3,2,7,1,50,7
2020,15.0,2020-09-03,Harry,McKay,Carlton,FPR,4,315,2,8,1,0,1,1,33,3
2020,15.0,2020-09-03,Paddy,Dow,Carlton,INT,1,99,2,10,3,0,5,0,50,4
2020,15.0,2020-09-03,Brent,Daniels,Greater Western Sydney,HFFL,5,246,0,16,3,1,5,1,64,9
2020,15.0,2020-09-03,Sam,Walsh,Carlton,WL,2,343,3,21,6,0,9,0,52,12
2020,15.0,2020-09-03,Bobby,Hill,Greater Western Sydney,INT,6,180,1,17,2,0,4,1,62,8
2020,15.0,2020-09-03,Lachie,Ash,Greater Western Sydney,HBFR,1,42,5,11,0,0,5,0,93,14
2020,15.0,2020-09-03,Matthew,Cottrell,Carlton,WR,3,191,1,14,4,0,2,2,56,5
2020,15.0,2020-09-03,Jake,Riccardi,Greater Western Sydney,FPR,5,215,0,6,1,0,0,0,78,7
2020,15.0,2020-09-04,Grant,Birchall,Brisbane Lions,BPR,0,225,0,7,2,0,0,0,69,9
2020,15.0,2020-09-04,Scott,Pendlebury,Collingwood,R,5,548,2,19,6,2,8,0,66,19
2020,15.0,2020-09-04,Mitch,Robinson,Brisbane Lions,WL,1,112,1,10,2,0,2,0,88,7
2020,15.0,2020-09-04,Daniel,Rich,Brisbane Lions,HBFL,0,356,4,4,1,0,3,0,89,16
2020,15.0,2020-09-04,Levi,Greenwood,Collingwood,INT,1,242,0,10,4,1,2,0,62,8
2020,15.0,2020-09-04,Jordan,Roughead,Collingwood,FB,1,68,4,6,4,0,4,0,85,11
2020,15.0,2020-09-04,Ryan,Lester,Brisbane Lions,HBFR,0,111,5,10,4,0,1,0,83,10
2020,15.0,2020-09-04,Will,Hoskin-Elliott,Collingwood,HFFR,3,135,3,10,1,0,5,1,81,13
2020,15.0,2020-09-04,Lachie,Neale,Brisbane Lions,R,1,227,1,21,4,2,5,0,78,21
2020,15.0,2020-09-04,Jack,Crisp,Collingwood,BPL,4,438,10,17,5,0,9,0,67,20
2020,15.0,2020-09-04,Taylor,Adams,Collingwood,RR,3,322,2,19,3,1,3,0,65,15
2020,15.0,2020-09-04,Jarryd,Lyons,Brisbane Lions,RR,4,398,8,17,5,2,15,0,70,19
2020,15.0,2020-09-04,Dayne,Zorko,Brisbane Lions,HFFL,3,315,1,19,4,0,1,0,55,6
2020,15.0,2020-09-04,Jamie,Elliott,Collingwood,C,3,183,2,23,2,1,6,1,53,8
2020,15.0,2020-09-04,Josh,Thomas,Collingwood,FPL,0,88,0,7,3,0,5,0,56,5
2020,15.0,2020-09-04,Brodie,Grundy,Collingwood,RK,4,-17,4,8,1,0,4,0,91,10
2020,15.0,2020-09-04,Darcy,Gardiner,Brisbane Lions,FB,1,153,8,8,1,0,4,0,77,10
2020,15.0,2020-09-04,Charlie,Cameron,Brisbane Lions,FPR,2,241,2,13,4,0,1,1,60,6
2020,15.0,2020-09-04,Daniel,McStay,Brisbane Lions,CHF,2,87,3,14,1,0,1,0,100,5
2020,15.0,2020-09-04,Harris,Andrews,Brisbane Lions,BPL,0,93,4,3,1,0,1,0,100,5
2020,15.0,2020-09-04,Brayden,Maynard,Collingwood,HBFL,2,190,4,5,4,0,3,0,71,10
2020,15.0,2020-09-04,Darcy,Moore,Collingwood,CHB,1,175,4,3,2,0,3,0,78,7
2020,15.0,2020-09-04,Callum,Ah Chee,Brisbane Lions,INT,2,162,3,11,5,0,6,0,58,7
2020,15.0,2020-09-04,Mason,Cox,Collingwood,INT,3,92,0,6,0,0,2,2,100,7
2020,15.0,2020-09-04,Tom,Phillips,Collingwood,HFFL,3,96,1,11,2,1,4,3,72,13
2020,15.0,2020-09-04,Eric,Hipwood,Brisbane Lions,FF,4,163,0,5,2,0,3,0,60,6
2020,15.0,2020-09-04,Jarrod,Berry,Brisbane Lions,INT,3,350,5,11,3,2,9,2,83,20
2020,15.0,2020-09-04,Hugh,McCluggage,Brisbane Lions,FPL,3,260,4,17,0,0,5,0,79,15
2020,15.0,2020-09-04,Callum L.,Brown,Collingwood,INT,3,225,1,22,5,0,3,3,64,9
2020,15.0,2020-09-04,Josh,Daicos,Collingwood,WR,4,471,4,6,3,0,8,0,68,17
2020,15.0,2020-09-04,Cam,Rayner,Brisbane Lions,HFFR,4,155,4,16,2,0,5,0,92,12
2020,15.0,2020-09-04,Jaidyn,Stephenson,Collingwood,FF,2,68,1,6,4,0,4,1,63,5
2020,15.0,2020-09-04,Zac,Bailey,Brisbane Lions,WR,0,53,2,27,3,0,3,1,88,7
2020,15.0,2020-09-04,Oscar,McInerney,Brisbane Lions,RK,0,146,0,9,6,0,6,0,53,8
2020,15.0,2020-09-04,Brody,Mihocek,Collingwood,FPR,1,209,0,4,7,0,1,1,57,4
2020,15.0,2020-09-04,Brandon,Starcevich,Brisbane Lions,CHB,0,117,5,4,3,1,2,0,67,8
2020,15.0,2020-09-04,Jack,Madgen,Collingwood,BPR,1,138,9,6,2,0,7,0,84,16
2020,15.0,2020-09-04,Noah,Answerth,Brisbane Lions,INT,0,176,3,16,3,0,1,0,82,9
2020,15.0,2020-09-04,Isaac,Quaynor,Collingwood,HBFR,1,176,4,7,1,0,3,0,100,14
2020,15.0,2020-09-04,John,Noble,Collingwood,INT,1,218,7,6,3,0,6,0,87,20
2020,15.0,2020-09-04,Tyler,Brown,Collingwood,WL,3,82,1,12,1,1,3,0,90,9
2020,15.0,2020-09-04,Tom,Fullarton,Brisbane Lions,INT,1,28,0,4,0,0,1,0,0,0
2020,15.0,2020-09-04,Keidean,Coleman,Brisbane Lions,C,0,193,1,16,7,0,6,1,42,5
2020,15.0,2020-09-04,Max,Lynch,Collingwood,CHF,0,60,0,12,1,0,0,2,100,2
2020,16.0,2020-09-05,Shaun,Higgins,North Melbourne,WL,1,292,1,12,3,0,2,1,68,13
2020,16.0,2020-09-05,Robbie,Gray,Port Adelaide,FF,9,99,4,13,1,1,6,1,75,15
2020,16.0,2020-09-05,Travis,Boak,Port Adelaide,CHF,8,485,3,15,5,2,8,0,85,29
2020,16.0,2020-09-05,Todd,Goldstein,North Melbourne,RK,1,41,2,13,2,1,5,0,100,9
2020,16.0,2020-09-05,Jack,Ziebell,North Melbourne,FPL,2,95,2,5,1,0,2,0,67,6
2020,16.0,2020-09-05,Hamish,Hartlett,Port Adelaide,INT,3,302,4,6,2,0,5,0,55,12
2020,16.0,2020-09-05,Tom,Rockliff,Port Adelaide,C,5,399,1,21,4,2,2,2,60,18
2020,16.0,2020-09-05,Steven,Motlop,Port Adelaide,INT,5,218,1,11,3,0,2,2,82,9
2020,16.0,2020-09-05,Robbie,Tarrant,North Melbourne,CHB,2,408,10,12,4,0,6,0,70,14
2020,16.0,2020-09-05,Shaun,Atley,North Melbourne,HBFL,1,152,2,10,2,0,2,0,82,9
2020,16.0,2020-09-05,Charlie,Dixon,Port Adelaide,FPR,5,105,1,11,4,0,6,1,64,7
2020,16.0,2020-09-05,Trent,McKenzie,Port Adelaide,FB,2,147,6,3,3,0,4,0,77,10
2020,16.0,2020-09-05,Jared,Polec,North Melbourne,WR,4,185,2,15,1,0,8,0,73,11
2020,16.0,2020-09-05,Scott,Lycett,Port Adelaide,RK,3,158,4,5,3,3,6,0,67,8
2020,16.0,2020-09-05,Tom,Jonas,Port Adelaide,HBFL,3,79,3,9,1,0,2,0,88,7
2020,16.0,2020-09-05,Aaron,Hall,North Melbourne,HFFR,2,363,0,20,4,0,2,0,67,10
2020,16.0,2020-09-05,Marley,Williams,North Melbourne,INT,0,158,2,2,3,0,2,0,67,6
2020,16.0,2020-09-05,Cam,Sutcliffe,Port Adelaide,INT,0,92,1,8,0,0,1,2,80,4
2020,16.0,2020-09-05,Josh,Walker,North Melbourne,CHF,2,247,3,8,5,0,1,0,78,7
2020,16.0,2020-09-05,Ollie,Wines,Port Adelaide,RR,6,356,6,14,8,5,12,0,67,20
2020,16.0,2020-09-05,Jed,Anderson,North Melbourne,RR,2,227,4,25,5,1,8,0,67,16
2020,16.0,2020-09-05,Tom,Clurey,Port Adelaide,BPL,1,73,2,5,0,0,0,0,100,4
2020,16.0,2020-09-05,Luke,McDonald,North Melbourne,BPL,1,258,6,9,2,0,3,0,82,14
2020,16.0,2020-09-05,Mason,Wood,North Melbourne,INT,4,200,0,8,3,0,1,0,38,3
2020,16.0,2020-09-05,Trent,Dumont,North Melbourne,C,2,307,2,24,4,0,2,1,69,11
2020,16.0,2020-09-05,Karl,Amon,Port Adelaide,WL,5,452,3,21,4,0,4,1,61,11
2020,16.0,2020-09-05,Darcy,Byrne-Jones,Port Adelaide,CHB,6,233,6,8,3,0,5,0,80,16
2020,16.0,2020-09-05,Ryan,Burton,Port Adelaide,BPR,2,38,0,0,0,0,0,0,50,1
2020,16.0,2020-09-05,Dan,Houston,Port Adelaide,HBFR,4,386,4,14,3,0,1,1,80,12
2020,16.0,2020-09-05,Sam,Powell-Pepper,Port Adelaide,R,8,266,2,14,3,0,3,1,83,15
2020,16.0,2020-09-05,Jy,Simpkin,North Melbourne,R,0,91,1,14,1,0,3,1,78,7
2020,16.0,2020-09-05,Ed,Vickers-Willis,North Melbourne,BPR,2,86,5,13,4,0,5,0,57,8
2020,16.0,2020-09-05,Cameron,Zurhaar,North Melbourne,FPR,3,160,1,9,3,0,3,0,63,5
2020,16.0,2020-09-05,Nick,Larkey,North Melbourne,FF,2,70,0,9,2,0,0,1,50,2
2020,16.0,2020-09-05,Todd,Marshall,Port Adelaide,FPL,3,145,0,7,4,0,1,0,75,6
2020,16.0,2020-09-05,Ben,McKay,North Melbourne,FB,0,123,6,10,2,0,3,0,80,8
2020,16.0,2020-09-05,Luke,Davies-Uniacke,North Melbourne,INT,6,223,6,17,2,1,15,0,74,17
2020,16.0,2020-09-05,Kane,Farrell,Port Adelaide,INT,3,69,0,15,1,0,1,1,71,5
2020,16.0,2020-09-05,Zak,Butters,Port Adelaide,HFFR,6,73,5,15,1,0,4,1,77,13
2020,16.0,2020-09-05,Xavier,Duursma,Port Adelaide,WR,1,190,2,17,5,2,6,1,79,11
2020,16.0,2020-09-05,Connor,Rozee,Port Adelaide,HFFL,4,67,1,17,1,0,4,0,79,11
2020,16.0,2020-09-05,Bailey,Scott,North Melbourne,HFFL,0,141,1,19,4,0,4,2,77,10
2020,16.0,2020-09-05,Lachlan,Hosie,North Melbourne,INT,0,88,1,18,0,0,0,0,67,2
2020,16.0,2020-09-05,Flynn,Perez,North Melbourne,HBFR,1,125,3,13,2,0,1,0,67,6
2020,16.0,2020-09-06,Paddy,Ryder,St Kilda,RK,4,131,4,10,1,1,3,0,78,7
2020,16.0,2020-09-06,James,Frawley,Hawthorn,HBFL,4,142,7,7,2,0,5,0,80,8
2020,16.0,2020-09-06,Jarryn,Geary,St Kilda,BPL,1,135,3,7,2,0,2,0,86,12
2020,16.0,2020-09-06,Liam,Shiels,Hawthorn,RR,6,195,2,16,1,4,2,1,89,16
2020,16.0,2020-09-06,Tom,Scully,Hawthorn,BPR,5,354,1,4,7,0,4,0,74,14
2020,16.0,2020-09-06,Jack,Gunston,Hawthorn,FPR,7,117,0,9,1,0,4,0,70,7
2020,16.0,2020-09-06,Luke,Breust,Hawthorn,HFFL,7,207,0,16,1,0,1,2,67,6
2020,16.0,2020-09-06,Chad,Wingard,Hawthorn,HBFR,8,342,2,20,2,0,4,1,55,11
2020,16.0,2020-09-06,Bradley,Hill,St Kilda,WL,7,484,3,14,4,0,3,0,68,15
2020,16.0,2020-09-06,Sam,Frost,Hawthorn,CHB,3,141,3,5,3,0,2,0,63,5
2020,16.0,2020-09-06,Sebastian,Ross,St Kilda,C,7,303,2,22,3,4,6,0,65,15
2020,16.0,2020-09-06,Dean,Kent,St Kilda,INT,7,215,1,12,2,1,2,2,73,11
2020,16.0,2020-09-06,Tom,Mitchell,Hawthorn,R,7,390,4,15,5,0,6,0,74,20
2020,16.0,2020-09-06,Jonathon,Ceglar,Hawthorn,RK,8,82,2,7,2,3,0,0,85,11
2020,16.0,2020-09-06,Tim,O'Brien,Hawthorn,FF,3,229,1,6,2,0,1,1,86,6
2020,16.0,2020-09-06,Jack,Billings,St Kilda,WR,4,246,2,8,3,0,6,0,68,13
2020,16.0,2020-09-06,Zak,Jones,St Kilda,HFFL,7,368,0,12,3,2,4,0,77,17
2020,16.0,2020-09-06,Jack,Lonie,St Kilda,R,5,205,0,10,1,0,3,2,67,6
2020,16.0,2020-09-06,Jack,Sinclair,St Kilda,INT,6,167,2,20,1,0,1,0,85,11
2020,16.0,2020-09-06,Daniel,Howe,Hawthorn,C,4,153,0,9,0,0,1,0,78,7
2020,16.0,2020-09-06,Jack,Steele,St Kilda,RR,6,190,2,28,4,2,5,0,71,15
2020,16.0,2020-09-06,Jonathon,Marsh,St Kilda,FPL,4,86,1,6,0,0,3,0,71,5
2020,16.0,2020-09-06,Dougal,Howard,St Kilda,CHB,5,372,3,2,4,0,1,0,100,15
2020,16.0,2020-09-06,Blake,Hardwick,Hawthorn,BPL,4,148,0,8,0,0,3,1,83,5
2020,16.0,2020-09-06,Dan,Butler,St Kilda,HFFR,6,300,3,17,3,0,4,1,79,11
2020,16.0,2020-09-06,Ben,Long,St Kilda,HBFR,4,226,8,13,2,0,2,0,78,14
2020,16.0,2020-09-06,James,Cousins,Hawthorn,FPL,10,398,4,11,1,1,6,0,86,19
2020,16.0,2020-09-06,Josh,Battle,St Kilda,FPR,4,174,0,6,0,0,1,1,67,6
2020,16.0,2020-09-06,Jack,Scrimshaw,Hawthorn,WR,2,251,5,10,4,0,2,0,69,11
2020,16.0,2020-09-06,Rowan,Marshall,St Kilda,FF,6,240,2,9,2,0,2,1,71,10
2020,16.0,2020-09-06,Harry,Morrison,Hawthorn,HFFR,3,206,4,9,5,0,4,0,57,8
2020,16.0,2020-09-06,Hunter,Clark,St Kilda,INT,3,225,1,7,1,0,1,0,93,14
2020,16.0,2020-09-06,Nick,Coffield,St Kilda,BPR,5,210,6,7,1,0,4,0,95,20
2020,16.0,2020-09-06,James,Worpel,Hawthorn,INT,3,90,1,11,1,3,8,0,94,16
2020,16.0,2020-09-06,Ed,Phillips,St Kilda,INT,0,91,0,7,2,0,1,0,56,5
2020,16.0,2020-09-06,Mitch,Lewis,Hawthorn,CHF,5,104,0,2,1,0,2,0,50,3
2020,16.0,2020-09-06,Ryan,Abbott,St Kilda,CHF,2,81,0,3,1,0,0,0,100,3
2020,16.0,2020-09-06,Ben,Paton,St Kilda,HBFL,1,157,1,10,2,0,0,0,100,11
2020,16.0,2020-09-06,Callum,Wilkie,St Kilda,FB,1,131,4,3,0,0,3,0,100,11
2020,16.0,2020-09-06,Dylan,Moore,Hawthorn,INT,3,59,0,11,0,0,4,0,67,4
2020,16.0,2020-09-06,Changkuoth,Jiath,Hawthorn,INT,0,89,1,13,3,0,0,0,57,4
2020,16.0,2020-09-06,Will,Day,Hawthorn,FB,2,452,3,13,3,0,1,0,76,16
2020,16.0,2020-09-06,Josh,Morris,Hawthorn,INT,1,140,0,11,2,0,1,0,25,1
2020,16.0,2020-09-06,Damon,Greaves,Hawthorn,WL,4,429,2,4,2,0,2,0,94,16
2020,16.0,2020-09-06,Tom,Hawkins,Geelong,FF,9,185,1,6,3,0,5,1,77,13
2020,16.0,2020-09-06,Lachie,Henderson,Geelong,FB,0,325,1,4,1,0,0,0,93,14
2020,16.0,2020-09-06,Harry,Taylor,Geelong,BPR,1,33,5,6,2,0,2,0,82,9
2020,16.0,2020-09-06,Patrick,Dangerfield,Geelong,C,6,224,2,11,1,1,5,1,65,11
2020,16.0,2020-09-06,Cale,Hooker,Essendon,CHF,4,105,2,3,1,0,2,0,67,6
2020,16.0,2020-09-06,Michael,Hurley,Essendon,FB,1,145,3,7,2,0,1,1,71,5
2020,16.0,2020-09-06,Mitch,Duncan,Geelong,INT,4,303,2,12,2,0,1,1,68,13
2020,16.0,2020-09-06,Gary,Rohan,Geelong,CHF,3,270,0,3,2,0,2,0,50,3
2020,16.0,2020-09-06,Cameron,Guthrie,Geelong,RR,3,167,2,20,3,0,3,0,67,16
2020,16.0,2020-09-06,Dyson,Heppell,Essendon,INT,3,30,0,11,1,0,3,1,63,5
2020,16.0,2020-09-06,Luke,Dahlhaus,Geelong,HFFL,6,109,3,11,0,0,4,1,81,13
2020,16.0,2020-09-06,Dylan,Shiel,Essendon,RR,8,405,1,14,4,0,10,0,55,11
2020,16.0,2020-09-06,Devon,Smith,Essendon,C,3,347,3,13,4,0,7,0,75,15
2020,16.0,2020-09-06,Jacob,Townsend,Essendon,INT,2,137,0,10,1,0,3,2,29,2
2020,16.0,2020-09-06,Josh,Jenkins,Geelong,RK,3,206,3,11,3,2,6,0,64,9
2020,16.0,2020-09-06,Mark,Blicavs,Geelong,CHB,3,104,0,17,1,1,2,1,86,6
2020,16.0,2020-09-06,Jake,Stringer,Essendon,FPL,6,128,1,11,1,0,3,1,63,5
2020,16.0,2020-09-06,James,Stewart,Essendon,FF,4,200,2,9,2,0,3,0,55,6
2020,16.0,2020-09-06,Martin,Gleeson,Essendon,BPL,1,94,3,10,1,0,0,0,67,4
2020,16.0,2020-09-06,Zach,Merrett,Essendon,WR,5,209,0,19,1,2,10,0,75,18
2020,16.0,2020-09-06,Jed,Bews,Geelong,FPL,3,288,3,12,1,0,3,0,92,11
2020,16.0,2020-09-06,Adam,Saad,Essendon,HBFR,2,234,3,17,3,0,2,1,73,8
2020,16.0,2020-09-06,Kyle,Langford,Essendon,WL,7,160,1,16,1,0,3,1,50,8
2020,16.0,2020-09-06,Jake,Kolodjashnij,Geelong,BPL,0,75,0,6,0,0,0,0,100,8
2020,16.0,2020-09-06,Anthony,McDonald-Tipungwuti,Essendon,FPR,7,77,1,19,2,0,4,1,50,5
2020,16.0,2020-09-06,Darcy,Parish,Essendon,R,4,182,2,24,1,4,5,1,56,9
2020,16.0,2020-09-06,Mason,Redman,Essendon,INT,2,242,3,10,5,0,2,0,64,7
2020,16.0,2020-09-06,Sam,Menegola,Geelong,WR,11,426,1,12,5,4,11,1,67,20
2020,16.0,2020-09-06,Will,Snelling,Essendon,HFFL,6,106,3,11,0,0,3,1,92,11
2020,16.0,2020-09-06,Brandan,Parfitt,Geelong,R,6,141,0,19,3,1,6,0,77,13
2020,16.0,2020-09-06,Tom,Stewart,Geelong,HBFR,4,476,5,7,3,0,4,0,79,19
2020,16.0,2020-09-06,Mark,O'Connor,Geelong,WL,2,37,2,8,1,0,2,0,86,6
2020,16.0,2020-09-06,Zach,Guthrie,Geelong,INT,2,213,1,6,3,0,2,0,79,11
2020,16.0,2020-09-06,Lachie,Fogarty,Geelong,INT,3,176,0,10,1,2,5,0,64,9
2020,16.0,2020-09-06,Jack,Henry,Geelong,HBFL,0,92,4,7,2,0,3,0,83,10
2020,16.0,2020-09-06,Matt,Guelfi,Essendon,HBFL,6,166,5,14,2,1,7,0,77,10
2020,16.0,2020-09-06,Dylan,Clarke,Essendon,INT,2,61,3,20,2,1,4,1,58,7
2020,16.0,2020-09-06,Jordan,Ridley,Essendon,CHB,4,110,4,6,2,0,3,0,71,10
2020,16.0,2020-09-06,Tom,Atkins,Geelong,HFFR,4,18,1,14,2,1,5,1,71,10
2020,16.0,2020-09-06,Gryan,Miers,Geelong,FPR,6,308,3,16,2,0,3,0,80,12
2020,16.0,2020-09-06,Brandon,Zerk-Thatcher,Essendon,BPR,1,29,1,4,0,0,0,0,67,2
2020,16.0,2020-09-06,Brad,Close,Geelong,INT,3,39,0,16,1,0,2,0,90,9
2020,16.0,2020-09-06,Sam,Draper,Essendon,RK,7,199,2,6,2,0,1,0,78,7
2020,16.0,2020-09-06,Irving,Mosquito,Essendon,HFFR,2,109,0,8,2,0,0,0,83,5
2020,16.0,2020-09-06,Josh J.,Kennedy,West Coast,FF,4,236,0,3,6,0,0,0,63,5
2020,16.0,2020-09-06,Jack,Redden,West Coast,R,1,314,1,16,7,3,4,0,50,10
2020,16.0,2020-09-06,Lewis,Jetta,West Coast,WL,1,334,0,18,1,0,3,0,87,13
2020,16.0,2020-09-06,Brad,Sheppard,West Coast,BPR,2,287,4,9,2,0,1,0,81,13
2020,16.0,2020-09-06,Tom,Liberatore,Western Bulldogs,FPL,6,393,3,11,3,1,9,0,67,14
2020,16.0,2020-09-06,Jack,Darling,West Coast,CHF,4,244,1,10,1,0,1,0,64,7
2020,16.0,2020-09-06,Andrew,Gaff,West Coast,WR,2,195,1,21,1,0,1,0,80,12
2020,16.0,2020-09-06,Mitch,Wallis,Western Bulldogs,HFFR,6,74,1,10,2,0,5,0,70,7
2020,16.0,2020-09-06,Tom,Hickey,West Coast,RK,3,80,2,16,1,0,2,0,63,5
2020,16.0,2020-09-06,Josh,Bruce,Western Bulldogs,CHF,4,118,1,10,3,0,3,0,64,7
2020,16.0,2020-09-06,Hayden,Crozier,Western Bulldogs,HBFR,1,142,0,9,1,0,0,0,89,8
2020,16.0,2020-09-06,Jason,Johannisen,Western Bulldogs,WR,2,303,2,7,4,0,1,0,79,11
2020,16.0,2020-09-06,Jack,Macrae,Western Bulldogs,C,4,343,0,17,1,1,5,2,76,22
2020,16.0,2020-09-06,Mark,Hutchings,West Coast,HFFL,0,17,0,7,0,0,0,1,75,3
2020,16.0,2020-09-06,Lachie,Hunter,Western Bulldogs,FPR,6,471,4,16,3,0,6,1,63,15
2020,16.0,2020-09-06,Dom,Sheed,West Coast,C,5,157,1,17,0,1,6,0,68,13
2020,16.0,2020-09-06,Sam,Lloyd,Western Bulldogs,INT,6,285,3,9,3,0,3,2,67,8
2020,16.0,2020-09-06,Marcus,Bontempelli,Western Bulldogs,RR,7,372,2,16,3,0,4,1,52,11
2020,16.0,2020-09-06,Jeremy,McGovern,West Coast,CHB,1,119,7,6,2,0,4,0,77,10
2020,16.0,2020-09-06,Jackson,Nelson,West Coast,HBFR,1,203,1,12,3,0,0,0,80,8
2020,16.0,2020-09-06,Liam,Duggan,West Coast,BPL,3,291,4,11,3,0,5,0,89,16
2020,16.0,2020-09-06,Brendon,Ah Chee,West Coast,INT,2,107,1,19,4,0,5,0,64,7
2020,16.0,2020-09-06,Toby,McLean,Western Bulldogs,HFFL,8,128,1,24,1,0,5,1,75,15
2020,16.0,2020-09-06,Caleb,Daniel,Western Bulldogs,BPR,5,349,3,5,2,0,3,0,76,19
2020,16.0,2020-09-06,Tom,Barrass,West Coast,FB,0,167,8,2,2,0,3,0,85,11
2020,16.0,2020-09-06,Roarke,Smith,Western Bulldogs,INT,4,94,2,6,1,0,1,0,89,8
2020,16.0,2020-09-06,Zaine,Cordy,Western Bulldogs,INT,2,136,4,4,2,0,1,0,80,8
2020,16.0,2020-09-06,Josh,Dunkley,Western Bulldogs,R,8,185,0,16,3,1,9,2,64,14
2020,16.0,2020-09-06,Bailey,Williams,Western Bulldogs,HBFL,3,217,4,5,1,0,3,0,80,12
2020,16.0,2020-09-06,Tom,Cole,West Coast,INT,2,216,5,13,1,0,1,0,90,9
2020,16.0,2020-09-06,Tim,English,Western Bulldogs,RK,2,91,6,10,1,1,3,0,100,10
2020,16.0,2020-09-06,Alex,Keath,Western Bulldogs,FB,0,6,1,0,1,0,1,0,75,6
2020,16.0,2020-09-06,Aaron,Naughton,Western Bulldogs,FF,3,62,0,6,1,0,1,0,50,2
2020,16.0,2020-09-06,Tim,Kelly,West Coast,RR,2,192,2,30,5,4,8,1,65,11
2020,16.0,2020-09-06,Liam,Ryan,West Coast,HFFR,5,256,0,11,1,0,2,0,91,10
2020,16.0,2020-09-06,Jake,Waterman,West Coast,FPR,3,84,1,10,2,0,4,0,86,12
2020,16.0,2020-09-06,Ed,Richards,Western Bulldogs,BPL,0,113,0,6,0,0,2,0,60,3
2020,16.0,2020-09-06,Brayden,Ainsworth,West Coast,FPL,1,66,2,7,1,0,2,0,88,7
2020,16.0,2020-09-06,Oscar,Allen,West Coast,INT,2,58,1,16,2,0,0,1,100,4
2020,16.0,2020-09-06,Bailey,Smith,Western Bulldogs,INT,5,115,4,11,1,3,8,1,71,17
2020,16.0,2020-09-06,Josh,Rotham,West Coast,HBFL,0,240,0,9,2,0,0,0,67,6
2020,16.0,2020-09-06,Will,Hayes,Western Bulldogs,WL,1,126,5,6,5,0,5,1,33,3
2020,16.0,2020-09-06,Ryan,Gardner,Western Bulldogs,CHB,1,84,2,4,0,0,2,0,100,7
2020,16.0,2020-09-06,Xavier,O'Neill,West Coast,INT,3,100,1,21,1,0,1,0,71,5
2020,16.0,2020-09-07,David,Mundy,Fremantle,INT,3,276,3,21,6,3,14,0,60,12
2020,16.0,2020-09-07,Stephen,Hill,Fremantle,HBFL,2,202,2,12,1,0,2,0,56,5
2020,16.0,2020-09-07,Michael,Walters,Fremantle,HFFL,5,206,1,14,4,0,4,1,73,8
2020,16.0,2020-09-07,Jake,Melksham,Melbourne,FPR,2,184,1,13,2,0,3,1,44,4
2020,16.0,2020-09-07,Nat,Fyfe,Fremantle,C,7,187,4,20,2,0,8,1,76,16
2020,16.0,2020-09-07,Reece,Conca,Fremantle,FB,2,228,3,10,3,0,0,0,73,11
2020,16.0,2020-09-07,Michael,Hibberd,Melbourne,BPL,1,242,5,9,3,0,3,0,71,5
2020,16.0,2020-09-07,Steven,May,Melbourne,FB,0,182,3,6,3,0,3,1,55,6
2020,16.0,2020-09-07,Max,Gawn,Melbourne,RK,3,350,8,9,4,1,5,0,57,8
2020,16.0,2020-09-07,Adam,Tomlinson,Melbourne,WR,0,88,6,7,3,0,3,0,50,3
2020,16.0,2020-09-07,Nathan,Wilson,Fremantle,BPR,4,462,7,6,5,0,4,0,75,12
2020,16.0,2020-09-07,Jack,Viney,Melbourne,RR,2,513,7,32,8,3,15,1,56,15
2020,16.0,2020-09-07,Matt,Taberner,Fremantle,CHF,3,188,0,11,3,0,3,1,50,6
2020,16.0,2020-09-07,James,Aish,Fremantle,WR,4,315,7,8,5,1,8,0,73,16
2020,16.0,2020-09-07,Christian,Salem,Melbourne,HBFR,0,372,1,10,7,0,3,0,39,5
2020,16.0,2020-09-07,Blake,Acres,Fremantle,WL,3,339,3,14,4,0,7,1,78,18
2020,16.0,2020-09-07,Rory,Lobb,Fremantle,FF,2,194,2,5,1,0,2,0,50,4
2020,16.0,2020-09-07,Jesse,Hogan,Fremantle,FPR,3,-43,1,5,3,0,3,0,88,7
2020,16.0,2020-09-07,Aaron,vandenBerg,Melbourne,INT,1,147,5,24,4,1,9,0,50,7
2020,16.0,2020-09-07,Jake,Lever,Melbourne,CHB,0,41,3,9,0,0,3,0,100,4
2020,16.0,2020-09-07,Alex,Neal-Bullen,Melbourne,INT,1,115,0,19,3,0,2,1,17,1
2020,16.0,2020-09-07,Ed,Langdon,Melbourne,WL,3,286,2,14,4,0,4,1,57,8
2020,16.0,2020-09-07,Ethan,Hughes,Fremantle,HBFR,3,216,8,8,2,0,6,0,80,16
2020,16.0,2020-09-07,Clayton,Oliver,Melbourne,R,2,320,3,25,8,1,12,0,48,12
2020,16.0,2020-09-07,Jayden,Hunt,Melbourne,INT,3,125,0,9,2,0,3,0,43,3
2020,16.0,2020-09-07,Christian,Petracca,Melbourne,C,4,449,8,26,5,1,15,0,48,12
2020,16.0,2020-09-07,Sam,Weideman,Melbourne,CHF,1,93,1,10,1,0,3,0,86,6
2020,16.0,2020-09-07,Joel,Smith,Melbourne,INT,1,45,4,8,1,0,4,0,40,2
2020,16.0,2020-09-07,Braydon,Preuss,Melbourne,HFFL,1,81,1,4,2,0,1,0,33,1
2020,16.0,2020-09-07,Luke,Ryan,Fremantle,CHB,2,473,7,5,4,0,2,0,86,18
2020,16.0,2020-09-07,Brennan,Cox,Fremantle,BPL,2,254,8,5,3,0,5,0,75,12
2020,16.0,2020-09-07,Sean,Darcy,Fremantle,RK,3,163,0,16,3,1,3,1,55,6
2020,16.0,2020-09-07,Andrew,Brayshaw,Fremantle,R,3,236,2,18,4,1,8,0,71,15
2020,16.0,2020-09-07,Bayley,Fritsch,Melbourne,FF,4,348,4,9,4,0,4,0,53,9
2020,16.0,2020-09-07,Adam,Cerra,Fremantle,INT,7,282,4,19,6,0,4,0,67,20
2020,16.0,2020-09-07,Mitch,Crowden,Fremantle,INT,3,143,1,12,0,0,2,0,100,6
2020,16.0,2020-09-07,Taylin,Duman,Fremantle,INT,2,309,7,7,3,0,5,0,67,10
2020,16.0,2020-09-07,Lachie,Schultz,Fremantle,FPL,2,198,0,19,3,0,2,2,67,8
2020,16.0,2020-09-07,Oskar,Baker,Melbourne,BPR,2,230,2,8,1,0,1,0,58,7
2020,16.0,2020-09-07,Toby,Bedford,Melbourne,HFFR,4,73,0,19,3,0,2,0,50,4
2020,16.0,2020-09-07,Kysaiah,Pickett,Melbourne,FPL,1,42,2,16,1,0,5,1,50,3
2020,16.0,2020-09-07,Trent,Rivers,Melbourne,HBFL,2,492,6,10,3,0,5,0,73,11
2020,16.0,2020-09-07,Caleb,Serong,Fremantle,RR,4,335,3,17,6,0,5,0,72,13
2020,16.0,2020-09-07,Michael,Frederick,Fremantle,HFFR,2,17,0,10,1,0,2,0,83,5
2020,16.0,2020-09-08,Heath,Shaw,Greater Western Sydney,BPR,1,230,8,11,3,0,3,0,80,12
2020,16.0,2020-09-08,David,Mackay,Adelaide,HBFL,3,213,5,8,2,0,5,0,58,11
2020,16.0,2020-09-08,Sam J.,Reid,Greater Western Sydney,INT,1,98,4,11,2,0,2,0,89,8
2020,16.0,2020-09-08,Sam,Jacobs,Greater Western Sydney,RK,2,144,4,12,1,0,7,0,57,8
2020,16.0,2020-09-08,Taylor,Walker,Adelaide,FF,3,146,2,10,0,0,3,1,50,4
2020,16.0,2020-09-08,Matt,de Boer,Greater Western Sydney,RR,1,4,2,15,3,0,5,0,55,6
2020,16.0,2020-09-08,Rory,Sloane,Adelaide,WR,7,148,2,10,1,1,6,1,77,13
2020,16.0,2020-09-08,Brodie,Smith,Adelaide,CHB,4,472,2,12,7,0,3,0,50,8
2020,16.0,2020-09-08,Daniel,Talia,Adelaide,FB,0,128,7,3,2,0,3,0,55,6
2020,16.0,2020-09-08,Lachlan,Keeffe,Greater Western Sydney,BPL,1,107,5,8,1,0,1,0,100,7
2020,16.0,2020-09-08,Jeremy,Cameron,Greater Western Sydney,HFFL,4,229,0,3,4,0,3,0,82,9
2020,16.0,2020-09-08,Stephen,Coniglio,Greater Western Sydney,C,4,178,1,23,3,1,3,2,70,14
2020,16.0,2020-09-08,Toby,Greene,Greater Western Sydney,FPL,3,202,2,15,3,1,5,0,53,8
2020,16.0,2020-09-08,Adam,Kennedy,Greater Western Sydney,INT,1,55,1,18,2,0,2,0,88,7
2020,16.0,2020-09-08,Nick,Haynes,Greater Western Sydney,CHB,0,377,6,9,3,0,3,0,82,14
2020,16.0,2020-09-08,Luke,Brown,Adelaide,BPL,3,217,6,11,1,0,5,0,91,10
2020,16.0,2020-09-08,Lachie,Whitfield,Greater Western Sydney,WL,3,533,2,16,1,0,4,0,72,21
2020,16.0,2020-09-08,Brad,Crouch,Adelaide,INT,2,210,3,9,3,0,9,0,74,23
2020,16.0,2020-09-08,Rory,Laird,Adelaide,R,2,277,5,26,5,6,13,2,64,18
2020,16.0,2020-09-08,Aidan,Corr,Greater Western Sydney,FB,1,325,5,2,2,0,2,0,60,6
2020,16.0,2020-09-08,Kyle,Hartigan,Adelaide,BPR,1,183,5,8,3,0,2,0,60,6
2020,16.0,2020-09-08,Matt,Crouch,Adelaide,C,3,331,3,31,3,1,8,0,67,18
2020,16.0,2020-09-08,Jake,Kelly,Adelaide,CHF,1,186,6,6,2,0,4,0,92,11
2020,16.0,2020-09-08,Ben,Keays,Adelaide,WL,1,275,1,23,8,0,6,0,50,9
2020,16.0,2020-09-08,Jacob,Hopper,Greater Western Sydney,HBFL,2,148,1,21,7,0,7,1,56,10
2020,16.0,2020-09-08,Harry,Himmelberg,Greater Western Sydney,CHF,2,364,4,6,6,0,4,1,60,9
2020,16.0,2020-09-08,Reilly,O'Brien,Adelaide,RK,2,178,1,13,3,0,6,0,54,7
2020,16.0,2020-09-08,Tim,Taranto,Greater Western Sydney,R,3,481,0,21,8,1,3,0,44,10
2020,16.0,2020-09-08,Daniel,Lloyd,Greater Western Sydney,INT,3,140,2,12,1,0,5,1,73,8
2020,16.0,2020-09-08,Jeremy,Finlayson,Greater Western Sydney,FF,5,136,0,6,1,0,1,1,100,8
2020,16.0,2020-09-08,Tyson,Stengle,Adelaide,FPL,5,273,3,20,1,0,7,2,86,12
2020,16.0,2020-09-08,Darcy,Fogarty,Adelaide,INT,4,174,1,11,3,0,2,2,43,3
2020,16.0,2020-09-08,Lachlan,Murphy,Adelaide,HFFR,4,153,2,14,1,0,2,0,63,5
2020,16.0,2020-09-08,Elliott,Himmelberg,Adelaide,FPR,7,100,3,6,2,1,6,0,71,10
2020,16.0,2020-09-08,Chayce,Jones,Adelaide,INT,2,174,0,16,1,0,2,0,67,6
2020,16.0,2020-09-08,Jackson,Hately,Greater Western Sydney,INT,3,185,2,23,3,0,4,0,64,7
2020,16.0,2020-09-08,Bobby,Hill,Greater Western Sydney,HFFR,3,85,2,20,1,0,3,0,67,4
2020,16.0,2020-09-08,Jye,Caldwell,Greater Western Sydney,WR,2,184,1,20,3,0,3,1,73,8
2020,16.0,2020-09-08,Lachie,Ash,Greater Western Sydney,HBFR,1,201,5,9,5,0,5,0,72,13
2020,16.0,2020-09-08,Shane,McAdam,Adelaide,HFFL,6,188,1,13,2,0,3,2,71,10
2020,16.0,2020-09-08,Andrew,McPherson,Adelaide,INT,1,162,4,3,3,0,3,0,82,9
2020,16.0,2020-09-08,Harry,Schoenberg,Adelaide,RR,1,202,1,13,3,0,3,0,60,6
2020,16.0,2020-09-08,Lachlan,Sholl,Adelaide,HBFR,1,170,0,9,1,0,0,0,70,7
2020,16.0,2020-09-08,Jake,Riccardi,Greater Western Sydney,FPR,1,33,0,11,0,0,2,1,75,3
2020,16.0,2020-09-08,Kade,Simpson,Carlton,HBFR,4,241,9,3,2,0,4,0,83,15
2020,16.0,2020-09-08,Marc,Murphy,Carlton,WL,6,350,2,21,3,0,4,0,44,7
2020,16.0,2020-09-08,Josh P.,Kennedy,Sydney,RR,0,420,0,20,5,2,6,1,56,9
2020,16.0,2020-09-08,Liam,Jones,Carlton,FB,0,104,5,5,0,0,0,0,86,6
2020,16.0,2020-09-08,Sam,Reid,Sydney,FPR,3,80,2,8,1,0,1,1,71,5
2020,16.0,2020-09-08,Ed,Curnow,Carlton,INT,3,263,1,17,3,1,9,3,63,10
2020,16.0,2020-09-08,Luke,Parker,Sydney,C,3,204,3,16,3,1,6,0,77,13
2020,16.0,2020-09-08,Harry,Cunningham,Sydney,BPR,0,400,3,8,2,0,3,0,83,10
2020,16.0,2020-09-08,Jack,Newnes,Carlton,HFFR,6,77,0,11,1,0,10,1,82,14
2020,16.0,2020-09-08,Levi,Casboult,Carlton,FPL,3,303,1,13,3,1,4,0,57,8
2020,16.0,2020-09-08,Lachie,Plowman,Carlton,BPR,3,245,3,10,3,0,0,0,60,6
2020,16.0,2020-09-08,Callum,Sinclair,Sydney,RK,4,108,2,5,5,0,2,0,25,2
2020,16.0,2020-09-08,Sam,Docherty,Carlton,HBFL,3,316,4,5,4,0,6,0,67,12
2020,16.0,2020-09-08,Jackson,Thurlow,Sydney,INT,1,174,3,5,0,0,2,0,91,10
2020,16.0,2020-09-08,Jack,Martin,Carlton,CHF,0,97,1,7,1,0,1,0,70,7
2020,16.0,2020-09-08,Lewis,Taylor,Sydney,INT,2,183,3,8,2,0,6,0,56,5
2020,16.0,2020-09-08,Patrick,Cripps,Carlton,C,3,247,2,22,2,3,3,0,82,14
2020,16.0,2020-09-08,Jake,Lloyd,Sydney,HBFL,3,374,5,12,6,0,7,0,75,18
2020,16.0,2020-09-08,Jacob,Weitering,Carlton,CHB,3,328,8,8,2,0,2,0,81,13
2020,16.0,2020-09-08,Mitch,McGovern,Carlton,FF,2,23,1,9,0,0,1,2,80,4
2020,16.0,2020-09-08,Tom,Papley,Sydney,HFFL,2,186,2,13,3,0,4,0,70,7
2020,16.0,2020-09-08,Aliir,Aliir,Sydney,CHB,0,57,0,10,3,0,1,0,50,2
2020,16.0,2020-09-08,Ryan,Clarke,Sydney,WL,0,105,0,22,2,1,4,0,50,5
2020,16.0,2020-09-08,David,Cuningham,Carlton,INT,3,123,3,14,2,0,5,1,30,3
2020,16.0,2020-09-08,Sam,Petrevski-Seton,Carlton,INT,3,265,8,10,5,1,8,0,77,17
2020,16.0,2020-09-08,Oliver,Florent,Sydney,R,3,444,3,16,4,0,5,1,73,11
2020,16.0,2020-09-08,Robbie,Fox,Sydney,BPL,1,225,4,10,3,0,2,0,73,8
2020,16.0,2020-09-08,Will,Hayward,Sydney,HFFR,2,249,2,9,1,0,2,1,64,7
2020,16.0,2020-09-08,Jordan,Dawson,Sydney,HBFR,3,414,3,8,2,0,3,1,87,13
2020,16.0,2020-09-08,Thomas,Williamson,Carlton,BPL,1,194,1,7,4,0,4,0,54,7
2020,16.0,2020-09-08,Zac,Fisher,Carlton,HFFL,5,264,2,11,3,0,9,1,44,7
2020,16.0,2020-09-08,Lewis,Melican,Sydney,FB,2,255,9,7,3,0,6,0,69,9
2020,16.0,2020-09-08,Will,Setterfield,Carlton,RR,1,270,0,28,3,2,5,1,75,12
2020,16.0,2020-09-08,Harry,McKay,Carlton,FPR,4,102,1,6,1,0,2,1,57,4
2020,16.0,2020-09-08,Tom,McCartin,Sydney,FF,0,225,8,8,3,0,3,0,82,9
2020,16.0,2020-09-08,Tom,De Koning,Carlton,RK,2,155,1,5,4,1,6,1,75,9
2020,16.0,2020-09-08,Sam,Walsh,Carlton,R,10,600,5,19,3,2,5,2,84,21
2020,16.0,2020-09-08,Nick,Blakey,Sydney,WR,1,214,0,14,3,2,3,1,60,6
2020,16.0,2020-09-08,Justin,McInerney,Sydney,INT,1,362,2,10,4,0,4,0,85,11
2020,16.0,2020-09-08,James,Rowbottom,Sydney,INT,0,109,1,24,2,0,4,0,67,6
2020,16.0,2020-09-08,Hayden,McLean,Sydney,CHF,1,77,0,7,2,0,0,0,100,2
2020,16.0,2020-09-08,Sam,Wicks,Sydney,FPL,0,86,1,14,3,0,3,0,57,4
2020,16.0,2020-09-08,Matthew,Cottrell,Carlton,WR,1,168,1,8,4,0,4,0,44,4
2020,16.0,2020-09-08,Matthew,Owies,Carlton,INT,2,45,3,17,3,0,3,0,40,2
2020,16.0,2020-09-09,Mitch,Robinson,Brisbane Lions,WL,5,313,5,13,3,2,5,1,71,12
2020,16.0,2020-09-09,Daniel,Rich,Brisbane Lions,BPL,2,398,11,4,6,0,3,0,68,15
2020,16.0,2020-09-09,Ryan,Lester,Brisbane Lions,CHB,1,231,4,7,3,0,3,0,75,12
2020,16.0,2020-09-09,David,Swallow,Gold Coast,RR,2,180,1,19,4,3,2,0,73,11
2020,16.0,2020-09-09,Sam,Day,Gold Coast,CHF,1,88,0,9,4,0,4,0,50,5
2020,16.0,2020-09-09,Brandon,Ellis,Gold Coast,WR,4,444,5,8,5,0,4,0,80,20
2020,16.0,2020-09-09,Lachie,Neale,Brisbane Lions,R,5,518,9,21,6,2,15,0,67,22
2020,16.0,2020-09-09,Jarryd,Lyons,Brisbane Lions,RR,10,316,2,22,4,3,6,0,65,15
2020,16.0,2020-09-09,Dayne,Zorko,Brisbane Lions,HFFL,5,510,4,19,4,0,5,0,72,18
2020,16.0,2020-09-09,Alex,Sexton,Gold Coast,FPR,1,49,0,11,3,0,2,1,40,2
2020,16.0,2020-09-09,Lincoln,McCarthy,Brisbane Lions,WR,4,118,0,11,2,0,3,1,50,3
2020,16.0,2020-09-09,Jarrod,Witts,Gold Coast,RK,1,129,1,12,1,2,3,0,67,4
2020,16.0,2020-09-09,Darcy,Gardiner,Brisbane Lions,FB,1,106,5,7,2,0,4,0,64,7
2020,16.0,2020-09-09,Charlie,Cameron,Brisbane Lions,FPR,8,248,0,15,4,0,2,4,53,8
2020,16.0,2020-09-09,Daniel,McStay,Brisbane Lions,CHF,3,222,1,8,3,0,2,1,75,6
2020,16.0,2020-09-09,Touk,Miller,Gold Coast,R,1,140,4,16,2,1,5,2,79,11
2020,16.0,2020-09-09,Lachie,Weller,Gold Coast,WL,2,251,5,12,2,0,1,0,69,11
2020,16.0,2020-09-09,Callum,Ah Chee,Brisbane Lions,HBFL,3,301,8,12,6,0,3,0,59,10
2020,16.0,2020-09-09,Darcy,Macpherson,Gold Coast,INT,2,188,1,23,4,0,6,1,63,10
2020,16.0,2020-09-09,Sam,Collins,Gold Coast,FB,1,163,8,6,0,0,4,0,91,10
2020,16.0,2020-09-09,Eric,Hipwood,Brisbane Lions,FF,8,237,1,4,4,0,1,1,71,10
2020,16.0,2020-09-09,Archie,Smith,Brisbane Lions,INT,1,-3,1,3,1,1,3,0,75,6
2020,16.0,2020-09-09,Ben,Ainsworth,Gold Coast,HFFR,3,342,0,19,7,0,4,1,56,10
2020,16.0,2020-09-09,Jack,Bowes,Gold Coast,CHB,0,224,4,5,2,0,2,0,79,11
2020,16.0,2020-09-09,Jarrod,Berry,Brisbane Lions,C,3,79,0,0,0,0,1,0,100,5
2020,16.0,2020-09-09,Hugh,McCluggage,Brisbane Lions,FPL,5,381,3,20,7,2,8,0,64,18
2020,16.0,2020-09-09,Hugh,Greenwood,Gold Coast,C,2,179,6,29,6,2,13,1,60,15
2020,16.0,2020-09-09,Cam,Rayner,Brisbane Lions,HFFR,8,302,0,16,3,1,1,0,75,9
2020,16.0,2020-09-09,Zac,Bailey,Brisbane Lions,INT,3,309,4,16,3,0,4,0,90,17
2020,16.0,2020-09-09,Oscar,McInerney,Brisbane Lions,RK,6,80,2,12,1,1,2,1,67,4
2020,16.0,2020-09-09,Charlie,Ballard,Gold Coast,HBFR,0,140,3,5,2,0,1,0,56,5
2020,16.0,2020-09-09,Wil,Powell,Gold Coast,HBFL,1,161,10,4,4,0,5,0,71,10
2020,16.0,2020-09-09,Brandon,Starcevich,Brisbane Lions,INT,0,0,0,0,0,0,0,0,0,0
2020,16.0,2020-09-09,Jack,Lukosius,Gold Coast,BPR,0,627,7,11,9,0,5,0,58,11
2020,16.0,2020-09-09,Josh,Corbett,Gold Coast,INT,5,199,2,5,3,0,2,0,73,8
2020,16.0,2020-09-09,Noah,Answerth,Brisbane Lions,HBFR,3,300,3,15,5,1,4,0,64,7
2020,16.0,2020-09-09,Ben,King,Gold Coast,FF,4,120,0,7,2,0,1,1,33,2
2020,16.0,2020-09-09,Caleb,Graham,Gold Coast,INT,1,168,5,3,1,0,0,0,67,6
2020,16.0,2020-09-09,Noah,Anderson,Gold Coast,HFFL,4,279,4,17,3,1,10,0,67,14
2020,16.0,2020-09-09,Connor,Budarick,Gold Coast,BPL,1,108,3,2,2,0,1,0,83,5
2020,16.0,2020-09-09,Izak,Rankine,Gold Coast,FPL,4,240,3,14,2,1,2,1,36,5
2020,16.0,2020-09-09,Jack,Payne,Brisbane Lions,BPR,1,178,10,4,3,0,5,0,64,7
2020,16.0,2020-09-09,Sam,Flanders,Gold Coast,INT,2,124,1,21,5,0,3,0,57,4
2020,16.0,2020-09-09,Keidean,Coleman,Brisbane Lions,INT,5,84,1,15,2,0,3,0,64,7
2020,17.0,2020-09-10,Paddy,Ryder,St Kilda,RK,4,271,3,18,3,0,3,1,54,7
2020,17.0,2020-09-10,Shannon,Hurn,West Coast,HBFL,1,510,4,9,7,0,2,0,77,13
2020,17.0,2020-09-10,Josh J.,Kennedy,West Coast,FF,2,199,0,5,7,0,2,0,22,2
2020,17.0,2020-09-10,Will,Schofield,West Coast,BPL,1,57,2,7,0,0,1,0,100,4
2020,17.0,2020-09-10,Jarryn,Geary,St Kilda,BPL,0,298,4,6,1,1,1,0,69,9
2020,17.0,2020-09-10,Nic,Naitanui,West Coast,RK,4,357,3,9,4,4,11,0,50,9
2020,17.0,2020-09-10,Brad,Sheppard,West Coast,BPR,2,283,3,13,2,0,2,0,82,9
2020,17.0,2020-09-10,Jack,Darling,West Coast,CHF,5,189,1,10,1,0,3,1,80,8
2020,17.0,2020-09-10,Andrew,Gaff,West Coast,R,5,315,8,17,8,1,12,1,67,22
2020,17.0,2020-09-10,Bradley,Hill,St Kilda,HFFR,2,306,1,12,1,0,2,0,57,8
2020,17.0,2020-09-10,Sebastian,Ross,St Kilda,C,3,114,1,18,4,0,7,1,56,10
2020,17.0,2020-09-10,Dean,Kent,St Kilda,INT,0,21,1,11,2,0,2,2,0,0
2020,17.0,2020-09-10,Jack,Billings,St Kilda,WR,3,225,2,8,8,0,2,0,56,10
2020,17.0,2020-09-10,Jeremy,McGovern,West Coast,CHB,2,127,6,2,3,0,1,0,75,6
2020,17.0,2020-09-10,Zak,Jones,St Kilda,R,6,259,4,5,1,0,6,0,53,8
2020,17.0,2020-09-10,Tim,Membrey,St Kilda,FF,4,330,1,6,3,0,6,2,64,7
2020,17.0,2020-09-10,Jackson,Nelson,West Coast,WL,2,339,4,5,2,0,3,0,80,12
2020,17.0,2020-09-10,Jack,Lonie,St Kilda,HFFL,3,81,1,11,2,0,6,3,73,8
2020,17.0,2020-09-10,Jack,Sinclair,St Kilda,INT,3,436,3,13,6,1,6,0,63,12
2020,17.0,2020-09-10,Liam,Duggan,West Coast,HBFR,3,394,2,19,3,0,4,0,67,10
2020,17.0,2020-09-10,Jack,Steele,St Kilda,RR,4,484,2,17,8,3,8,0,58,15
2020,17.0,2020-09-10,Tom,Barrass,West Coast,FB,2,132,11,5,1,0,7,0,93,14
2020,17.0,2020-09-10,Dougal,Howard,St Kilda,FB,0,216,8,4,1,0,1,0,93,13
2020,17.0,2020-09-10,Tom,Cole,West Coast,HFFL,1,65,3,21,1,1,2,1,75,6
2020,17.0,2020-09-10,Dan,Butler,St Kilda,FPR,3,108,0,21,5,0,1,2,33,3
2020,17.0,2020-09-10,Ben,Long,St Kilda,HBFR,0,47,5,10,0,1,4,0,78,7
2020,17.0,2020-09-10,Josh,Battle,St Kilda,INT,0,113,3,7,2,0,1,0,67,4
2020,17.0,2020-09-10,Rowan,Marshall,St Kilda,CHF,5,89,0,9,2,1,6,1,73,8
2020,17.0,2020-09-10,Hunter,Clark,St Kilda,HBFL,6,346,4,9,4,0,12,0,63,15
2020,17.0,2020-09-10,Tim,Kelly,West Coast,C,9,513,3,23,4,2,9,0,67,20
2020,17.0,2020-09-10,Liam,Ryan,West Coast,FPR,9,297,3,12,0,1,6,2,63,10
2020,17.0,2020-09-10,Jake,Waterman,West Coast,WR,1,86,3,5,2,0,1,1,91,10
2020,17.0,2020-09-10,Nick,Coffield,St Kilda,BPR,1,184,8,2,3,0,1,0,67,10
2020,17.0,2020-09-10,Jack,Petruccelle,West Coast,HFFR,1,277,1,15,4,0,5,0,27,3
2020,17.0,2020-09-10,Brayden,Ainsworth,West Coast,RR,2,49,3,10,3,0,1,0,50,3
2020,17.0,2020-09-10,Jarrod,Brander,West Coast,INT,2,177,2,11,1,0,2,0,38,3
2020,17.0,2020-09-10,Oscar,Allen,West Coast,INT,3,73,0,12,1,1,1,0,60,3
2020,17.0,2020-09-10,Ben,Paton,St Kilda,INT,2,355,3,4,2,0,3,0,67,8
2020,17.0,2020-09-10,Callum,Wilkie,St Kilda,CHB,0,98,3,5,2,0,2,0,89,8
2020,17.0,2020-09-10,Josh,Rotham,West Coast,INT,2,153,1,6,2,0,1,0,56,5
2020,17.0,2020-09-10,Nick,Hind,St Kilda,WL,3,47,2,10,1,0,3,2,57,4
2020,17.0,2020-09-10,Max,King,St Kilda,FPL,6,151,0,3,3,0,5,0,33,3
2020,17.0,2020-09-10,Xavier,O'Neill,West Coast,INT,1,100,1,11,2,0,3,0,67,4
2020,17.0,2020-09-10,Hamish,Brayshaw,West Coast,FPL,1,45,1,14,0,0,1,1,80,4
2020,17.0,2020-09-11,Tom,Hawkins,Geelong,FF,4,178,0,5,1,0,2,1,50,3
2020,17.0,2020-09-11,Bachar,Houli,Richmond,BPL,3,210,3,8,1,0,1,0,90,9
2020,17.0,2020-09-11,Jack,Riewoldt,Richmond,FPL,7,176,0,12,2,0,1,0,70,7
2020,17.0,2020-09-11,Lachie,Henderson,Geelong,FB,1,209,4,2,2,0,3,0,92,11
2020,17.0,2020-09-11,Harry,Taylor,Geelong,BPR,1,154,6,4,3,0,4,0,67,8
2020,17.0,2020-09-11,Trent,Cotchin,Richmond,R,3,258,4,11,3,0,5,0,53,8
2020,17.0,2020-09-11,Patrick,Dangerfield,Geelong,C,1,431,2,9,7,1,6,0,47,9
2020,17.0,2020-09-11,Dustin,Martin,Richmond,FF,7,355,2,13,6,1,5,0,53,10
2020,17.0,2020-09-11,Mitch,Duncan,Geelong,INT,1,295,2,15,3,0,2,0,67,10
2020,17.0,2020-09-11,Dylan,Grimes,Richmond,FB,3,144,12,4,3,0,5,0,81,13
2020,17.0,2020-09-11,Cameron,Guthrie,Geelong,RR,0,240,1,13,4,2,1,2,78,18
2020,17.0,2020-09-11,Tom,Lynch,Richmond,HFFR,5,180,1,6,3,0,2,2,33,3
2020,17.0,2020-09-11,Zach,Tuohy,Geelong,WL,3,335,3,8,5,0,4,0,67,10
2020,17.0,2020-09-11,Luke,Dahlhaus,Geelong,HFFL,1,134,1,8,5,0,2,0,71,10
2020,17.0,2020-09-11,Mark,Blicavs,Geelong,CHB,3,205,5,11,1,1,3,0,83,15
2020,17.0,2020-09-11,Nick,Vlastuin,Richmond,CHB,1,239,7,7,1,0,4,0,87,13
2020,17.0,2020-09-11,Jed,Bews,Geelong,INT,1,108,0,7,0,0,1,0,63,5
2020,17.0,2020-09-11,Kamdyn,McIntosh,Richmond,WL,3,406,4,15,2,0,3,0,77,10
2020,17.0,2020-09-11,Kane,Lambert,Richmond,CHF,4,226,1,12,3,0,4,0,67,8
2020,17.0,2020-09-11,Jake,Kolodjashnij,Geelong,BPL,1,223,3,6,2,0,1,0,100,11
2020,17.0,2020-09-11,Toby,Nankervis,Richmond,INT,4,214,6,12,1,0,2,0,92,11
2020,17.0,2020-09-11,Daniel,Rioli,Richmond,INT,5,352,0,15,2,0,3,0,86,12
2020,17.0,2020-09-11,Jayden,Short,Richmond,HBFL,5,527,2,6,4,0,1,0,75,12
2020,17.0,2020-09-11,Jason,Castagna,Richmond,FPR,3,232,0,12,1,0,0,2,73,8
2020,17.0,2020-09-11,Oleg,Markov,Richmond,INT,3,111,3,6,2,0,3,1,82,9
2020,17.0,2020-09-11,Sam,Menegola,Geelong,WR,3,302,5,9,3,0,7,0,83,15
2020,17.0,2020-09-11,Brandan,Parfitt,Geelong,R,2,358,1,8,7,2,11,0,56,9
2020,17.0,2020-09-11,Tom,Stewart,Geelong,HBFR,4,564,6,9,3,0,5,0,80,20
2020,17.0,2020-09-11,Ivan,Soldo,Richmond,RK,1,23,3,5,0,0,0,0,100,2
2020,17.0,2020-09-11,Mark,O'Connor,Geelong,FPL,1,283,8,13,3,0,4,0,72,13
2020,17.0,2020-09-11,Shai,Bolton,Richmond,RR,6,368,4,14,4,1,8,1,67,12
2020,17.0,2020-09-11,Jack,Graham,Richmond,C,3,357,1,15,5,0,2,1,60,9
2020,17.0,2020-09-11,Lachie,Fogarty,Geelong,INT,1,101,3,7,5,1,3,0,57,8
2020,17.0,2020-09-11,Esava,Ratugolea,Geelong,RK,3,244,0,11,3,2,4,0,80,12
2020,17.0,2020-09-11,Jack,Henry,Geelong,HBFL,1,199,3,6,4,0,2,0,36,4
2020,17.0,2020-09-11,Liam,Baker,Richmond,HBFR,1,123,4,8,3,0,5,0,65,11
2020,17.0,2020-09-11,Noah,Balta,Richmond,BPR,2,239,4,4,1,0,3,0,88,7
2020,17.0,2020-09-11,Tom,Atkins,Geelong,HFFR,1,6,2,18,3,1,8,1,81,13
2020,17.0,2020-09-11,Gryan,Miers,Geelong,FPR,2,189,0,12,2,0,0,0,64,7
2020,17.0,2020-09-11,Jack,Ross,Richmond,INT,6,260,1,19,3,0,4,0,69,9
2020,17.0,2020-09-11,Marlion,Pickett,Richmond,WR,6,175,3,6,2,0,6,0,50,5
2020,17.0,2020-09-11,Jake,Aarts,Richmond,HFFL,4,126,2,10,3,0,2,0,71,5
2020,17.0,2020-09-11,Brad,Close,Geelong,INT,1,50,0,13,1,0,1,0,100,3
2020,17.0,2020-09-11,Ben,Jarvis,Geelong,CHF,2,118,0,8,0,0,0,1,80,4
2020,17.0,2020-09-12,David,Mundy,Fremantle,INT,7,157,1,15,3,3,7,0,79,19
2020,17.0,2020-09-12,Shaun,Higgins,North Melbourne,WL,3,446,3,15,6,0,2,1,74,14
2020,17.0,2020-09-12,Todd,Goldstein,North Melbourne,RK,2,50,1,8,0,2,6,1,56,5
2020,17.0,2020-09-12,Jack,Ziebell,North Melbourne,FPR,1,77,1,19,1,0,4,0,67,4
2020,17.0,2020-09-12,Stephen,Hill,Fremantle,HBFL,3,332,3,8,3,0,2,0,70,14
2020,17.0,2020-09-12,Michael,Walters,Fremantle,HFFL,8,249,1,9,1,0,3,0,77,10
2020,17.0,2020-09-12,Nat,Fyfe,Fremantle,C,6,205,2,17,2,2,5,0,88,21
2020,17.0,2020-09-12,Robbie,Tarrant,North Melbourne,BPR,1,384,3,0,4,0,1,0,85,11
2020,17.0,2020-09-12,Shaun,Atley,North Melbourne,HBFR,2,106,3,4,1,0,1,0,75,6
2020,17.0,2020-09-12,Jared,Polec,North Melbourne,WR,3,199,1,13,2,0,4,0,69,9
2020,17.0,2020-09-12,Nathan,Wilson,Fremantle,BPR,3,245,1,7,3,0,1,0,83,10
2020,17.0,2020-09-12,Aaron,Hall,North Melbourne,HFFL,3,329,2,12,6,0,1,1,57,8
2020,17.0,2020-09-12,Josh,Walker,North Melbourne,CHF,4,157,5,5,1,0,5,0,64,7
2020,17.0,2020-09-12,Jed,Anderson,North Melbourne,R,3,347,0,16,4,0,5,0,50,10
2020,17.0,2020-09-12,Matt,Taberner,Fremantle,CHF,6,121,1,1,1,0,4,0,80,8
2020,17.0,2020-09-12,Taylor,Garner,North Melbourne,INT,3,70,1,11,3,0,2,0,67,6
2020,17.0,2020-09-12,Luke,McDonald,North Melbourne,BPL,3,449,10,13,4,0,5,0,90,17
2020,17.0,2020-09-12,James,Aish,Fremantle,WR,3,470,5,11,3,0,5,1,83,19
2020,17.0,2020-09-12,Blake,Acres,Fremantle,RR,1,545,5,13,8,0,4,2,71,17
2020,17.0,2020-09-12,Rory,Lobb,Fremantle,FF,4,337,1,6,2,0,1,0,75,9
2020,17.0,2020-09-12,Mason,Wood,North Melbourne,INT,3,193,3,9,4,0,4,0,55,6
2020,17.0,2020-09-12,Jesse,Hogan,Fremantle,FPR,5,160,0,6,2,0,0,1,83,5
2020,17.0,2020-09-12,Trent,Dumont,North Melbourne,RR,1,227,3,29,4,4,7,2,81,13
2020,17.0,2020-09-12,Ethan,Hughes,Fremantle,HBFR,2,191,4,1,2,0,2,0,93,14
2020,17.0,2020-09-12,Jy,Simpkin,North Melbourne,C,1,81,1,24,1,5,6,0,80,12
2020,17.0,2020-09-12,Ed,Vickers-Willis,North Melbourne,FB,1,16,5,4,2,0,3,0,75,6
2020,17.0,2020-09-12,Luke,Ryan,Fremantle,CHB,1,335,7,6,2,0,4,0,83,15
2020,17.0,2020-09-12,Brennan,Cox,Fremantle,FB,3,108,6,4,0,0,4,0,92,11
2020,17.0,2020-09-12,Sean,Darcy,Fremantle,RK,4,99,1,8,1,0,6,0,62,8
2020,17.0,2020-09-12,Cameron,Zurhaar,North Melbourne,FPL,4,218,0,8,4,0,0,0,67,6
2020,17.0,2020-09-12,Nick,Larkey,North Melbourne,FF,3,89,1,9,1,0,2,0,71,5
2020,17.0,2020-09-12,Ben,McKay,North Melbourne,CHB,0,93,3,3,1,0,0,0,80,4
2020,17.0,2020-09-12,Andrew,Brayshaw,Fremantle,R,7,223,1,12,1,1,3,0,80,16
2020,17.0,2020-09-12,Luke,Davies-Uniacke,North Melbourne,INT,1,177,1,22,4,0,5,0,82,9
2020,17.0,2020-09-12,Adam,Cerra,Fremantle,WL,3,195,4,14,2,1,7,0,73,11
2020,17.0,2020-09-12,Mitch,Crowden,Fremantle,INT,3,193,1,15,4,0,3,0,75,9
2020,17.0,2020-09-12,Taylin,Duman,Fremantle,BPL,2,196,5,2,3,0,4,0,67,10
2020,17.0,2020-09-12,Aiden,Bonar,North Melbourne,INT,1,17,0,11,3,0,3,0,50,3
2020,17.0,2020-09-12,Lachie,Schultz,Fremantle,FPL,7,191,2,16,5,0,5,1,71,10
2020,17.0,2020-09-12,Bailey,Scott,North Melbourne,HFFR,3,140,2,14,2,0,2,0,75,6
2020,17.0,2020-09-12,Caleb,Serong,Fremantle,INT,5,185,2,24,0,3,6,0,64,9
2020,17.0,2020-09-12,Michael,Frederick,Fremantle,HFFR,1,53,1,8,1,0,2,0,75,6
2020,17.0,2020-09-12,Tobe,Watson,Fremantle,INT,4,164,6,10,1,0,2,0,80,8
2020,17.0,2020-09-12,Flynn,Perez,North Melbourne,HBFL,0,113,1,11,0,0,0,0,75,3
2020,17.0,2020-09-12,Robbie,Gray,Port Adelaide,FF,6,170,1,14,4,0,7,2,67,10
2020,17.0,2020-09-12,Travis,Boak,Port Adelaide,INT,6,267,3,11,6,3,8,0,73,19
2020,17.0,2020-09-12,Brad,Ebert,Port Adelaide,HFFR,4,212,3,20,4,0,4,0,68,13
2020,17.0,2020-09-12,Hamish,Hartlett,Port Adelaide,INT,4,154,6,9,0,0,2,0,82,14
2020,17.0,2020-09-12,Tom,Rockliff,Port Adelaide,C,7,410,4,20,6,1,8,0,58,18
2020,17.0,2020-09-12,Steven,Motlop,Port Adelaide,INT,4,77,1,7,1,0,5,0,77,10
2020,17.0,2020-09-12,Charlie,Dixon,Port Adelaide,FPR,7,167,2,12,1,0,0,1,60,6
2020,17.0,2020-09-12,Trent,McKenzie,Port Adelaide,FB,1,432,5,4,3,0,1,0,79,11
2020,17.0,2020-09-12,Scott,Lycett,Port Adelaide,RK,2,203,2,9,3,0,1,0,75,9
2020,17.0,2020-09-12,Tom,Jonas,Port Adelaide,HBFL,2,134,4,4,0,0,1,0,89,8
2020,17.0,2020-09-12,Dylan,Shiel,Essendon,RR,3,231,3,32,3,1,6,0,50,12
2020,17.0,2020-09-12,Devon,Smith,Essendon,CHB,1,402,5,17,5,0,3,0,81,21
2020,17.0,2020-09-12,Jacob,Townsend,Essendon,INT,0,72,2,9,3,0,2,1,57,4
2020,17.0,2020-09-12,Andrew,Phillips,Essendon,R,2,0,0,4,2,0,3,0,100,3
2020,17.0,2020-09-12,Ollie,Wines,Port Adelaide,RR,5,315,2,20,3,2,7,1,64,18
2020,17.0,2020-09-12,Jake,Stringer,Essendon,HFFL,2,178,0,8,2,0,1,0,40,2
2020,17.0,2020-09-12,Joe,Daniher,Essendon,CHF,1,146,1,9,7,0,3,0,38,3
2020,17.0,2020-09-12,James,Stewart,Essendon,FF,0,224,7,5,0,0,2,0,73,8
2020,17.0,2020-09-12,Tom,Clurey,Port Adelaide,BPL,2,181,6,3,1,0,3,0,57,4
2020,17.0,2020-09-12,Martin,Gleeson,Essendon,BPR,1,69,4,10,1,0,1,0,75,6
2020,17.0,2020-09-12,Zach,Merrett,Essendon,C,2,439,2,26,6,3,2,0,71,17
2020,17.0,2020-09-12,Tom,Cutler,Essendon,WL,2,57,1,13,2,0,1,1,88,7
2020,17.0,2020-09-12,Adam,Saad,Essendon,HBFL,1,359,5,14,1,0,7,0,85,17
2020,17.0,2020-09-12,Kyle,Langford,Essendon,INT,0,248,5,13,8,1,9,0,50,9
2020,17.0,2020-09-12,Karl,Amon,Port Adelaide,WL,6,234,3,16,3,0,7,0,57,12
2020,17.0,2020-09-12,Anthony,McDonald-Tipungwuti,Essendon,FPR,1,110,0,8,1,0,2,1,60,3
2020,17.0,2020-09-12,Darcy,Parish,Essendon,WR,2,315,1,26,6,3,11,0,55,12
2020,17.0,2020-09-12,Darcy,Byrne-Jones,Port Adelaide,CHB,5,409,6,14,3,1,5,0,68,13
2020,17.0,2020-09-12,Riley,Bonner,Port Adelaide,HBFR,2,418,7,8,5,0,3,0,58,11
2020,17.0,2020-09-12,Will,Snelling,Essendon,FPL,0,143,2,28,1,1,5,1,75,6
2020,17.0,2020-09-12,Dan,Houston,Port Adelaide,BPR,3,394,8,6,6,0,2,0,94,16
2020,17.0,2020-09-12,Sam,Powell-Pepper,Port Adelaide,R,2,135,2,28,2,0,3,1,83,10
2020,17.0,2020-09-12,Mitchell,Hibberd,Essendon,HBFR,2,97,1,28,3,0,7,2,47,8
2020,17.0,2020-09-12,Todd,Marshall,Port Adelaide,FPL,5,229,0,10,2,0,2,0,60,6
2020,17.0,2020-09-12,Matt,Guelfi,Essendon,INT,0,241,9,11,5,0,3,0,56,9
2020,17.0,2020-09-12,Dylan,Clarke,Essendon,INT,2,200,2,16,3,0,4,1,80,8
2020,17.0,2020-09-12,Jordan,Ridley,Essendon,BPL,0,564,5,6,7,0,5,0,87,20
2020,17.0,2020-09-12,Kane,Farrell,Port Adelaide,CHF,1,16,0,12,1,0,1,1,100,4
2020,17.0,2020-09-12,Xavier,Duursma,Port Adelaide,WR,3,196,1,12,2,0,1,0,91,10
2020,17.0,2020-09-12,Connor,Rozee,Port Adelaide,HFFL,6,85,4,28,4,0,7,1,56,10
2020,17.0,2020-09-12,Brayden,Ham,Essendon,HFFR,1,178,2,7,3,0,3,0,78,7
2020,17.0,2020-09-12,Peter,Ladhams,Port Adelaide,INT,4,83,1,12,2,2,5,1,63,5
2020,17.0,2020-09-12,Brandon,Zerk-Thatcher,Essendon,FB,0,-36,3,2,1,0,3,0,50,2
2020,17.0,2020-09-12,Sam,Draper,Essendon,RK,3,111,3,8,1,1,3,1,71,5
2020,17.0,2020-09-12,Heath,Shaw,Greater Western Sydney,BPR,0,82,2,5,0,0,0,0,80,4
2020,17.0,2020-09-12,Shane,Mumford,Greater Western Sydney,RK,0,109,3,14,5,1,1,2,86,6
2020,17.0,2020-09-12,Sam J.,Reid,Greater Western Sydney,INT,0,111,1,9,2,0,1,0,100,6
2020,17.0,2020-09-12,Neville,Jetta,Melbourne,INT,2,38,5,9,1,0,5,0,86,6
2020,17.0,2020-09-12,Matt,de Boer,Greater Western Sydney,HFFR,3,137,1,10,2,0,3,0,22,2
2020,17.0,2020-09-12,Jake,Melksham,Melbourne,FF,1,136,1,21,5,2,2,1,42,5
2020,17.0,2020-09-12,Steven,May,Melbourne,FB,4,467,7,2,3,0,2,0,84,16
2020,17.0,2020-09-12,Max,Gawn,Melbourne,RK,4,240,2,10,6,2,2,0,47,7
2020,17.0,2020-09-12,Mitch,Brown,Melbourne,FPL,0,187,3,2,0,0,3,0,77,10
2020,17.0,2020-09-12,Lachlan,Keeffe,Greater Western Sydney,FB,1,174,5,10,4,0,2,0,71,5
2020,17.0,2020-09-12,Jeremy,Cameron,Greater Western Sydney,HFFL,4,143,1,3,5,0,4,2,75,9
2020,17.0,2020-09-12,Toby,Greene,Greater Western Sydney,FPL,5,436,1,15,3,0,7,5,33,5
2020,17.0,2020-09-12,Adam,Kennedy,Greater Western Sydney,HBFL,1,122,4,4,3,0,4,0,46,5
2020,17.0,2020-09-12,Adam,Tomlinson,Melbourne,WR,1,95,5,10,2,0,3,0,86,6
2020,17.0,2020-09-12,Nick,Haynes,Greater Western Sydney,CHB,0,153,7,4,5,0,4,0,50,5
2020,17.0,2020-09-12,Lachie,Whitfield,Greater Western Sydney,WL,4,378,6,11,2,1,4,0,82,18
2020,17.0,2020-09-12,Jack,Viney,Melbourne,RR,1,246,2,22,6,0,6,0,64,9
2020,17.0,2020-09-12,Zac,Williams,Greater Western Sydney,HBFR,4,234,2,12,4,1,2,0,67,12
2020,17.0,2020-09-12,Josh,Kelly,Greater Western Sydney,RR,6,707,5,11,5,2,11,0,63,15
2020,17.0,2020-09-12,Christian,Salem,Melbourne,HBFR,4,369,3,14,5,0,3,0,79,15
2020,17.0,2020-09-12,Aaron,vandenBerg,Melbourne,INT,3,246,0,18,3,1,3,0,77,10
2020,17.0,2020-09-12,Jake,Lever,Melbourne,BPR,3,51,6,9,1,0,2,0,82,9
2020,17.0,2020-09-12,Alex,Neal-Bullen,Melbourne,INT,2,200,0,11,1,0,4,1,78,7
2020,17.0,2020-09-12,Ed,Langdon,Melbourne,WL,4,462,2,9,10,1,4,0,57,13
2020,17.0,2020-09-12,Clayton,Oliver,Melbourne,R,4,239,1,26,4,2,5,1,57,13
2020,17.0,2020-09-12,Jayden,Hunt,Melbourne,INT,3,144,0,6,1,0,1,0,60,3
2020,17.0,2020-09-12,Christian,Petracca,Melbourne,C,5,264,6,10,6,2,15,1,41,9
2020,17.0,2020-09-12,Jacob,Hopper,Greater Western Sydney,C,2,312,2,16,4,3,9,0,62,13
2020,17.0,2020-09-12,Harry,Himmelberg,Greater Western Sydney,CHF,2,66,2,6,0,0,2,0,80,4
2020,17.0,2020-09-12,Sam,Weideman,Melbourne,CHF,3,63,0,1,2,0,1,0,57,4
2020,17.0,2020-09-12,Joel,Smith,Melbourne,BPL,1,59,6,4,2,0,2,0,75,3
2020,17.0,2020-09-12,Tim,Taranto,Greater Western Sydney,R,5,230,3,12,1,3,9,2,73,11
2020,17.0,2020-09-12,Daniel,Lloyd,Greater Western Sydney,INT,2,139,2,8,5,0,4,0,50,4
2020,17.0,2020-09-12,Harry,Perryman,Greater Western Sydney,WR,4,286,6,10,5,1,7,1,67,12
2020,17.0,2020-09-12,Jeremy,Finlayson,Greater Western Sydney,FF,7,210,1,6,2,0,1,2,62,8
2020,17.0,2020-09-12,Bayley,Fritsch,Melbourne,HFFR,4,216,2,6,1,0,3,0,50,4
2020,17.0,2020-09-12,Charlie,Spargo,Melbourne,FPR,5,188,0,10,2,0,2,1,69,9
2020,17.0,2020-09-12,Brent,Daniels,Greater Western Sydney,FPR,7,325,2,19,4,0,6,0,63,10
2020,17.0,2020-09-12,Oskar,Baker,Melbourne,HBFL,5,334,4,6,3,0,2,1,57,8
2020,17.0,2020-09-12,Connor,Idun,Greater Western Sydney,BPL,0,84,1,4,2,0,2,0,50,2
2020,17.0,2020-09-12,Tom,Green,Greater Western Sydney,INT,6,193,4,12,3,2,19,0,47,14
2020,17.0,2020-09-12,Kysaiah,Pickett,Melbourne,HFFL,7,319,5,10,1,0,7,1,60,9
2020,17.0,2020-09-12,Trent,Rivers,Melbourne,CHB,3,219,6,16,3,1,5,0,75,12
2020,17.0,2020-09-12,Jack,Buckley,Greater Western Sydney,INT,6,126,7,13,0,1,4,0,92,11
2020,17.0,2020-09-13,Kade,Simpson,Carlton,HBFR,4,601,4,10,3,0,2,0,90,17
2020,17.0,2020-09-13,Eddie,Betts,Carlton,FPR,4,94,2,12,2,0,5,2,56,5
2020,17.0,2020-09-13,Marc,Murphy,Carlton,WL,3,188,2,17,3,1,4,0,80,12
2020,17.0,2020-09-13,Bryce,Gibbs,Adelaide,HBFL,7,549,7,7,4,0,5,0,78,21
2020,17.0,2020-09-13,Rory,Sloane,Adelaide,RR,4,289,3,23,5,0,10,0,44,8
2020,17.0,2020-09-13,Tom,Lynch,Adelaide,INT,5,471,2,8,2,0,3,0,86,18
2020,17.0,2020-09-13,Liam,Jones,Carlton,FB,1,303,7,7,3,0,3,0,67,8
2020,17.0,2020-09-13,Ed,Curnow,Carlton,RR,0,187,2,23,5,3,8,1,50,8
2020,17.0,2020-09-13,Brodie,Smith,Adelaide,CHB,2,230,3,5,1,0,4,0,73,8
2020,17.0,2020-09-13,Jack,Newnes,Carlton,HFFR,1,330,2,9,1,0,3,0,86,12
2020,17.0,2020-09-13,Luke,Brown,Adelaide,BPL,4,377,5,7,4,0,6,0,71,10
2020,17.0,2020-09-13,Levi,Casboult,Carlton,CHF,5,128,1,9,5,0,7,2,50,7
2020,17.0,2020-09-13,Lachie,Plowman,Carlton,BPR,3,181,6,10,3,0,2,0,67,8
2020,17.0,2020-09-13,Brad,Crouch,Adelaide,INT,7,278,1,7,2,0,2,1,67,12
2020,17.0,2020-09-13,Rory,Laird,Adelaide,R,6,199,2,16,1,2,11,0,89,24
2020,17.0,2020-09-13,Sam,Docherty,Carlton,HBFL,0,14,2,2,2,0,1,0,33,1
2020,17.0,2020-09-13,Kyle,Hartigan,Adelaide,FB,1,157,9,8,1,0,5,0,82,9
2020,17.0,2020-09-13,Matt,Crouch,Adelaide,C,7,220,1,15,5,2,2,1,79,22
2020,17.0,2020-09-13,Patrick,Cripps,Carlton,C,4,224,1,18,3,2,9,0,75,12
2020,17.0,2020-09-13,Jake,Kelly,Adelaide,HFFR,1,100,3,12,1,0,2,0,86,6
2020,17.0,2020-09-13,Jacob,Weitering,Carlton,CHB,1,301,4,9,2,0,2,0,82,9
2020,17.0,2020-09-13,Mitch,McGovern,Carlton,FPL,3,212,1,11,4,0,4,1,38,3
2020,17.0,2020-09-13,Ben,Keays,Adelaide,WL,3,292,3,10,5,0,2,0,78,14
2020,17.0,2020-09-13,Reilly,O'Brien,Adelaide,RK,3,185,2,11,1,0,3,1,60,6
2020,17.0,2020-09-13,David,Cuningham,Carlton,INT,5,143,2,10,1,0,4,2,71,10
2020,17.0,2020-09-13,Sam,Petrevski-Seton,Carlton,BPL,0,187,5,18,0,0,5,0,67,10
2020,17.0,2020-09-13,Thomas,Williamson,Carlton,INT,1,115,2,7,0,0,2,0,86,6
2020,17.0,2020-09-13,Zac,Fisher,Carlton,INT,4,86,2,17,1,0,2,0,75,6
2020,17.0,2020-09-13,Tyson,Stengle,Adelaide,FPL,1,80,0,16,2,0,1,1,57,4
2020,17.0,2020-09-13,Will,Setterfield,Carlton,INT,3,317,2,22,3,2,5,1,69,11
2020,17.0,2020-09-13,Harry,McKay,Carlton,FF,5,128,0,6,3,0,0,1,63,5
2020,17.0,2020-09-13,Darcy,Fogarty,Adelaide,INT,4,204,0,9,0,0,3,0,71,5
2020,17.0,2020-09-13,Lochie,O'Brien,Carlton,WR,3,104,1,16,1,0,2,0,71,5
2020,17.0,2020-09-13,Tom,De Koning,Carlton,RK,1,277,1,9,3,1,5,0,50,5
2020,17.0,2020-09-13,Billy,Frampton,Adelaide,FF,2,29,0,8,2,0,1,2,67,4
2020,17.0,2020-09-13,Elliott,Himmelberg,Adelaide,CHF,7,120,2,6,0,1,3,0,80,8
2020,17.0,2020-09-13,Michael,Gibbons,Carlton,HFFL,4,373,2,19,4,0,3,1,71,12
2020,17.0,2020-09-13,Sam,Walsh,Carlton,R,6,383,0,30,6,2,4,0,64,14
2020,17.0,2020-09-13,Chayce,Jones,Adelaide,WR,4,21,1,7,0,0,4,0,83,5
2020,17.0,2020-09-13,Shane,McAdam,Adelaide,FPR,4,389,0,11,2,0,1,1,50,5
2020,17.0,2020-09-13,Andrew,McPherson,Adelaide,INT,5,92,6,8,3,0,7,0,82,14
2020,17.0,2020-09-13,Harry,Schoenberg,Adelaide,HFFL,2,255,1,12,5,1,8,1,76,16
2020,17.0,2020-09-13,Lachlan,Sholl,Adelaide,HBFR,8,627,3,7,4,2,6,0,54,13
2020,17.0,2020-09-13,Jordon,Butts,Adelaide,BPR,0,133,4,5,1,0,2,0,100,6
2020,17.0,2020-09-13,Shaun,Burgoyne,Hawthorn,BPR,2,218,6,15,0,0,3,0,82,9
2020,17.0,2020-09-13,Ben,McEvoy,Hawthorn,WL,0,1,2,14,0,0,0,0,100,6
2020,17.0,2020-09-13,Matthew,Suckling,Western Bulldogs,INT,1,69,0,4,1,0,2,0,75,6
2020,17.0,2020-09-13,Liam,Shiels,Hawthorn,RR,3,308,3,22,7,1,9,1,62,13
2020,17.0,2020-09-13,Jack,Gunston,Hawthorn,FPR,4,140,0,14,1,0,3,2,89,8
2020,17.0,2020-09-13,Tom,Liberatore,Western Bulldogs,FPL,3,236,6,28,7,1,14,0,64,18
2020,17.0,2020-09-13,Mitch,Wallis,Western Bulldogs,HFFR,5,66,1,11,1,0,4,2,73,8
2020,17.0,2020-09-13,Paul,Puopolo,Hawthorn,INT,3,123,1,22,3,1,3,1,67,6
2020,17.0,2020-09-13,Luke,Breust,Hawthorn,HFFL,5,257,1,19,3,0,2,0,69,11
2020,17.0,2020-09-13,Chad,Wingard,Hawthorn,HBFR,4,201,2,21,2,0,3,1,57,8
2020,17.0,2020-09-13,Josh,Bruce,Western Bulldogs,CHF,5,71,1,6,0,0,2,0,82,9
2020,17.0,2020-09-13,Hayden,Crozier,Western Bulldogs,HBFR,2,309,2,11,3,0,1,0,64,9
2020,17.0,2020-09-13,Sam,Frost,Hawthorn,CHB,0,84,3,9,2,0,2,0,33,2
2020,17.0,2020-09-13,Jason,Johannisen,Western Bulldogs,INT,8,284,1,12,3,0,4,0,78,14
2020,17.0,2020-09-13,Jaeger,O'Meara,Hawthorn,C,2,132,1,14,4,1,7,1,59,10
2020,17.0,2020-09-13,Taylor,Duryea,Western Bulldogs,INT,1,179,5,17,2,0,6,0,71,10
2020,17.0,2020-09-13,Jack,Macrae,Western Bulldogs,C,9,447,3,15,4,0,8,1,55,16
2020,17.0,2020-09-13,Tom,Mitchell,Hawthorn,R,0,41,2,21,1,1,7,1,75,9
2020,17.0,2020-09-13,Lachie,Hunter,Western Bulldogs,FPR,5,112,1,21,1,0,1,1,84,16
2020,17.0,2020-09-13,Jonathon,Ceglar,Hawthorn,RK,1,26,0,8,0,0,1,0,78,7
2020,17.0,2020-09-13,Tim,O'Brien,Hawthorn,FF,3,214,3,9,1,0,1,1,80,8
2020,17.0,2020-09-13,Marcus,Bontempelli,Western Bulldogs,RR,6,355,5,15,3,7,8,1,82,23
2020,17.0,2020-09-13,Daniel,Howe,Hawthorn,INT,6,239,5,14,3,0,1,0,77,10
2020,17.0,2020-09-13,Toby,McLean,Western Bulldogs,HFFL,1,61,0,0,0,0,0,0,100,1
2020,17.0,2020-09-13,Caleb,Daniel,Western Bulldogs,BPR,2,546,8,12,5,0,5,0,79,22
2020,17.0,2020-09-13,Roarke,Smith,Western Bulldogs,WR,4,120,3,11,1,1,5,1,73,11
2020,17.0,2020-09-13,Zaine,Cordy,Western Bulldogs,BPL,0,124,4,5,0,0,3,0,90,9
2020,17.0,2020-09-13,Josh,Dunkley,Western Bulldogs,R,7,116,2,33,1,0,7,4,70,14
2020,17.0,2020-09-13,Bailey,Williams,Western Bulldogs,HBFL,3,338,3,6,3,0,2,0,85,11
2020,17.0,2020-09-13,Blake,Hardwick,Hawthorn,BPL,2,331,3,15,2,0,3,0,86,12
2020,17.0,2020-09-13,James,Cousins,Hawthorn,FPL,3,226,2,18,7,4,4,1,68,13
2020,17.0,2020-09-13,Tim,English,Western Bulldogs,RK,4,141,0,16,2,1,2,2,75,6
2020,17.0,2020-09-13,Alex,Keath,Western Bulldogs,FB,1,102,4,5,2,0,3,0,67,8
2020,17.0,2020-09-13,Jack,Scrimshaw,Hawthorn,WR,1,165,4,16,4,0,1,0,67,8
2020,17.0,2020-09-13,Harry,Morrison,Hawthorn,HFFR,2,195,0,12,1,0,2,1,88,14
2020,17.0,2020-09-13,Aaron,Naughton,Western Bulldogs,FF,8,137,2,7,2,0,5,1,85,11
2020,17.0,2020-09-13,Ed,Richards,Western Bulldogs,WL,5,106,2,11,5,0,8,0,44,7
2020,17.0,2020-09-13,Mitch,Lewis,Hawthorn,CHF,3,65,1,6,1,0,2,2,71,5
2020,17.0,2020-09-13,Bailey,Smith,Western Bulldogs,INT,4,186,1,16,4,1,7,1,76,19
2020,17.0,2020-09-13,Dylan,Moore,Hawthorn,HBFL,0,167,1,16,5,0,1,0,33,3
2020,17.0,2020-09-13,Ryan,Gardner,Western Bulldogs,CHB,0,102,5,6,2,0,4,0,67,6
2020,17.0,2020-09-13,Will,Day,Hawthorn,FB,2,234,8,12,4,0,6,0,75,12
2020,17.0,2020-09-13,Damon,Greaves,Hawthorn,INT,0,321,4,12,7,0,4,0,93,13
2020,17.0,2020-09-13,Finn,Maginness,Hawthorn,INT,0,51,0,20,1,1,6,2,50,5
2020,17.0,2020-09-13,Grant,Birchall,Brisbane Lions,WR,1,380,1,8,2,0,2,0,80,8
2020,17.0,2020-09-13,Josh P.,Kennedy,Sydney,C,4,376,3,23,6,1,12,2,50,13
2020,17.0,2020-09-13,Mitch,Robinson,Brisbane Lions,WL,1,199,1,20,6,1,6,1,62,8
2020,17.0,2020-09-13,Daniel,Rich,Brisbane Lions,BPL,3,623,5,4,6,0,1,0,83,19
2020,17.0,2020-09-13,Sam,Reid,Sydney,CHF,1,96,2,10,2,0,2,1,60,3
2020,17.0,2020-09-13,Ryan,Lester,Brisbane Lions,CHB,3,264,8,15,4,0,3,0,71,10
2020,17.0,2020-09-13,Luke,Parker,Sydney,RR,5,397,3,17,5,2,10,1,61,20
2020,17.0,2020-09-13,Harry,Cunningham,Sydney,BPR,2,268,4,14,0,0,2,0,79,11
2020,17.0,2020-09-13,Lachie,Neale,Brisbane Lions,R,5,152,2,14,0,3,7,0,67,10
2020,17.0,2020-09-13,Jarryd,Lyons,Brisbane Lions,RR,4,481,7,28,5,0,11,1,55,11
2020,17.0,2020-09-13,Dayne,Zorko,Brisbane Lions,HFFL,3,175,2,17,2,1,5,0,73,8
2020,17.0,2020-09-13,Jackson,Thurlow,Sydney,INT,2,165,3,17,1,0,5,0,82,9
2020,17.0,2020-09-13,Lewis,Taylor,Sydney,INT,0,0,0,1,0,0,0,0,0,0
2020,17.0,2020-09-13,Darcy,Gardiner,Brisbane Lions,FB,2,134,5,4,1,0,0,0,100,10
2020,17.0,2020-09-13,Jake,Lloyd,Sydney,HBFR,1,597,5,11,9,1,5,0,77,20
2020,17.0,2020-09-13,Charlie,Cameron,Brisbane Lions,FPR,6,269,0,5,1,0,4,0,50,6
2020,17.0,2020-09-13,Cameron,Ellis-Yolmen,Brisbane Lions,INT,5,206,5,11,3,0,9,0,60,9
2020,17.0,2020-09-13,Daniel,McStay,Brisbane Lions,CHF,4,170,2,10,5,0,4,0,64,9
2020,17.0,2020-09-13,Callum,Ah Chee,Brisbane Lions,INT,3,176,4,7,3,0,5,2,78,7
2020,17.0,2020-09-13,Callum,Mills,Sydney,BPL,1,437,8,9,3,0,2,0,88,15
2020,17.0,2020-09-13,Tom,Papley,Sydney,R,4,252,0,6,3,0,5,0,58,7
2020,17.0,2020-09-13,Aliir,Aliir,Sydney,RK,1,198,3,18,2,1,2,1,89,8
2020,17.0,2020-09-13,Eric,Hipwood,Brisbane Lions,FF,3,144,0,4,4,0,3,0,88,7
2020,17.0,2020-09-13,Ryan,Clarke,Sydney,HBFL,3,203,2,13,2,0,3,0,85,11
2020,17.0,2020-09-13,Archie,Smith,Brisbane Lions,INT,3,81,1,6,0,1,1,0,60,3
2020,17.0,2020-09-13,Oliver,Florent,Sydney,INT,1,266,3,9,5,3,8,0,43,6
2020,17.0,2020-09-13,Robbie,Fox,Sydney,FB,1,70,5,14,1,0,3,1,80,8
2020,17.0,2020-09-13,Will,Hayward,Sydney,HFFR,3,129,0,9,2,0,4,0,82,9
2020,17.0,2020-09-13,Hugh,McCluggage,Brisbane Lions,C,3,357,2,15,3,1,5,0,53,8
2020,17.0,2020-09-13,Lewis,Melican,Sydney,CHB,1,41,4,7,2,0,3,0,67,6
2020,17.0,2020-09-13,Cam,Rayner,Brisbane Lions,HFFR,1,34,0,11,0,0,1,0,75,3
2020,17.0,2020-09-13,Zac,Bailey,Brisbane Lions,HBFL,2,254,2,25,3,0,4,1,75,6
2020,17.0,2020-09-13,Oscar,McInerney,Brisbane Lions,RK,4,202,2,13,2,1,4,0,57,8
2020,17.0,2020-09-13,Tom,McCartin,Sydney,FF,0,92,2,5,2,0,1,0,50,2
2020,17.0,2020-09-13,Nick,Blakey,Sydney,WR,4,296,1,8,1,2,5,0,64,9
2020,17.0,2020-09-13,Justin,McInerney,Sydney,HFFL,2,156,5,7,4,0,6,0,59,10
2020,17.0,2020-09-13,Noah,Answerth,Brisbane Lions,HBFR,2,264,5,8,2,0,3,0,57,4
2020,17.0,2020-09-13,Mitchell,Hinge,Brisbane Lions,INT,4,203,5,11,1,0,7,0,85,11
2020,17.0,2020-09-13,James,Bell,Sydney,FPL,3,105,1,12,1,0,5,0,86,12
2020,17.0,2020-09-13,Dylan,Stephens,Sydney,WL,3,318,1,9,5,0,4,0,63,10
2020,17.0,2020-09-13,Jack,Payne,Brisbane Lions,BPR,1,88,4,4,1,0,3,0,50,4
2020,17.0,2020-09-13,Sam,Wicks,Sydney,FPR,0,243,0,15,3,0,3,0,58,7
2020,17.0,2020-09-13,Keidean,Coleman,Brisbane Lions,FPL,4,132,0,25,2,0,1,4,67,6
2020,17.0,2020-09-13,Joel,Amartey,Sydney,INT,0,124,1,5,2,0,1,1,33,1
2020,17.0,2020-09-14,Scott,Pendlebury,Collingwood,R,8,186,4,22,3,3,9,1,84,16
2020,17.0,2020-09-14,Travis,Varcoe,Collingwood,HFFL,4,170,1,14,0,0,0,0,88,7
2020,17.0,2020-09-14,Jarrod,Harbrow,Gold Coast,BPL,1,119,2,6,4,0,1,0,69,9
2020,17.0,2020-09-14,Levi,Greenwood,Collingwood,HFFR,3,161,4,24,2,0,4,1,50,7
2020,17.0,2020-09-14,Jordan,Roughead,Collingwood,FB,0,240,4,3,6,0,2,0,64,9
2020,17.0,2020-09-14,David,Swallow,Gold Coast,RR,2,194,1,20,4,1,7,0,60,9
2020,17.0,2020-09-14,Sam,Day,Gold Coast,CHF,4,93,1,7,1,0,2,1,56,5
2020,17.0,2020-09-14,Will,Hoskin-Elliott,Collingwood,INT,5,199,2,10,2,0,3,0,81,13
2020,17.0,2020-09-14,Brandon,Ellis,Gold Coast,WR,4,430,3,18,6,1,6,0,71,17
2020,17.0,2020-09-14,Adam,Treloar,Collingwood,INT,5,296,1,18,3,2,11,0,58,15
2020,17.0,2020-09-14,Jack,Crisp,Collingwood,BPL,3,356,5,12,3,0,4,0,78,18
2020,17.0,2020-09-14,Taylor,Adams,Collingwood,RR,6,299,1,15,2,1,1,0,72,13
2020,17.0,2020-09-14,Alex,Sexton,Gold Coast,HFFL,7,249,1,15,1,1,7,0,60,9
2020,17.0,2020-09-14,Jamie,Elliott,Collingwood,C,3,272,0,16,7,0,1,0,75,12
2020,17.0,2020-09-14,Josh,Thomas,Collingwood,FPL,4,115,2,19,3,0,5,1,50,4
2020,17.0,2020-09-14,Jarrod,Witts,Gold Coast,RK,3,133,1,8,3,2,4,0,54,7
2020,17.0,2020-09-14,Brodie,Grundy,Collingwood,RK,4,39,2,19,1,1,2,1,100,12
2020,17.0,2020-09-14,Sean,Lemmens,Gold Coast,HFFR,0,0,0,2,0,0,0,0,0,0
2020,17.0,2020-09-14,Nick,Holman,Gold Coast,INT,1,69,1,19,4,0,3,1,56,5
2020,17.0,2020-09-14,Touk,Miller,Gold Coast,R,4,239,2,26,1,1,6,2,73,16
2020,17.0,2020-09-14,Jordan,De Goey,Collingwood,FPR,7,218,1,6,3,0,3,1,60,6
2020,17.0,2020-09-14,Brayden,Maynard,Collingwood,HBFL,3,452,7,12,4,0,2,0,88,14
2020,17.0,2020-09-14,Darcy,Moore,Collingwood,CHB,1,250,4,3,2,0,0,0,86,12
2020,17.0,2020-09-14,Lachie,Weller,Gold Coast,WL,2,321,4,14,6,2,11,1,65,15
2020,17.0,2020-09-14,Mason,Cox,Collingwood,FF,5,138,0,8,1,0,0,0,88,7
2020,17.0,2020-09-14,Darcy,Macpherson,Gold Coast,INT,6,196,1,23,2,0,2,0,58,7
2020,17.0,2020-09-14,Sam,Collins,Gold Coast,FB,0,209,8,3,1,0,4,0,70,7
2020,17.0,2020-09-14,Jack,Bowes,Gold Coast,HBFL,4,457,6,5,3,0,7,0,67,14
2020,17.0,2020-09-14,Hugh,Greenwood,Gold Coast,C,4,240,4,22,4,0,8,1,65,13
2020,17.0,2020-09-14,Callum L.,Brown,Collingwood,INT,2,-42,0,16,3,0,6,1,40,5
2020,17.0,2020-09-14,Josh,Daicos,Collingwood,WR,1,301,3,18,4,0,6,0,76,16
2020,17.0,2020-09-14,Charlie,Ballard,Gold Coast,HBFR,1,106,3,10,2,0,1,0,71,5
2020,17.0,2020-09-14,Brody,Mihocek,Collingwood,CHF,2,149,1,5,3,0,1,1,56,5
2020,17.0,2020-09-14,Wil,Powell,Gold Coast,INT,3,376,8,12,2,0,4,0,55,12
2020,17.0,2020-09-14,Jack,Madgen,Collingwood,BPR,1,156,5,11,1,0,0,0,80,8
2020,17.0,2020-09-14,Jack,Lukosius,Gold Coast,BPR,2,552,3,5,7,0,1,0,56,9
2020,17.0,2020-09-14,Josh,Corbett,Gold Coast,FPR,4,93,2,11,3,0,3,0,43,3
2020,17.0,2020-09-14,Ben,King,Gold Coast,FF,4,119,1,8,1,0,3,0,60,3
2020,17.0,2020-09-14,Isaac,Quaynor,Collingwood,INT,2,372,7,16,2,0,3,0,88,15
2020,17.0,2020-09-14,John,Noble,Collingwood,HBFR,2,262,6,8,4,0,4,0,76,16
2020,17.0,2020-09-14,Caleb,Graham,Gold Coast,CHB,0,109,5,3,2,0,2,0,67,6
2020,17.0,2020-09-14,Tyler,Brown,Collingwood,WL,2,219,3,8,2,0,4,0,87,12
2020,17.0,2020-09-14,Noah,Anderson,Gold Coast,INT,2,481,2,18,6,2,9,0,65,13
2020,17.0,2020-09-14,Izak,Rankine,Gold Coast,FPL,3,129,3,18,1,0,3,1,67,6
2020,18.0,2020-09-17,Shannon,Hurn,West Coast,HBFL,4,576,9,8,2,0,5,0,91,21
2020,18.0,2020-09-17,Josh J.,Kennedy,West Coast,FF,0,-6,0,5,0,0,0,1,50,1
2020,18.0,2020-09-17,Shaun,Higgins,North Melbourne,HFFL,3,299,3,9,2,0,2,2,78,18
2020,18.0,2020-09-17,Will,Schofield,West Coast,CHB,2,142,5,5,1,0,4,0,88,7
2020,18.0,2020-09-17,Todd,Goldstein,North Melbourne,RK,4,143,2,10,1,1,6,0,67,12
2020,18.0,2020-09-17,Jack,Ziebell,North Melbourne,FPR,6,30,0,13,0,0,2,3,75,6
2020,18.0,2020-09-17,Nic,Naitanui,West Coast,RK,1,48,3,8,2,1,6,2,85,11
2020,18.0,2020-09-17,Brad,Sheppard,West Coast,BPR,2,207,6,14,7,0,4,0,75,12
2020,18.0,2020-09-17,Robbie,Tarrant,North Melbourne,CHB,2,215,4,4,1,0,4,0,83,10
2020,18.0,2020-09-17,Jack,Darling,West Coast,CHF,6,197,1,12,7,0,5,0,58,7
2020,18.0,2020-09-17,Andrew,Gaff,West Coast,R,3,397,5,19,3,4,7,2,69,18
2020,18.0,2020-09-17,Shaun,Atley,North Melbourne,BPR,3,228,0,12,4,0,3,0,68,13
2020,18.0,2020-09-17,Jared,Polec,North Melbourne,WR,4,327,2,12,2,0,5,0,80,20
2020,18.0,2020-09-17,Aaron,Hall,North Melbourne,HFFR,3,113,1,7,3,0,3,1,57,8
2020,18.0,2020-09-17,Josh,Walker,North Melbourne,HBFL,0,115,2,4,3,0,1,0,57,4
2020,18.0,2020-09-17,Jed,Anderson,North Melbourne,R,8,499,5,17,1,0,8,0,87,26
2020,18.0,2020-09-17,Taylor,Garner,North Melbourne,INT,1,73,2,14,5,0,7,2,50,6
2020,18.0,2020-09-17,Luke,McDonald,North Melbourne,BPL,5,385,10,8,4,0,8,0,79,22
2020,18.0,2020-09-17,Dom,Sheed,West Coast,C,2,332,3,21,5,2,6,2,57,13
2020,18.0,2020-09-17,Jackson,Nelson,West Coast,WL,1,549,8,14,9,0,6,0,59,13
2020,18.0,2020-09-17,Liam,Duggan,West Coast,HBFR,4,440,2,22,7,0,5,0,70,14
2020,18.0,2020-09-17,Brendon,Ah Chee,West Coast,INT,3,162,1,10,4,1,8,0,67,10
2020,18.0,2020-09-17,Trent,Dumont,North Melbourne,INT,3,204,5,17,4,1,8,1,68,15
2020,18.0,2020-09-17,Tom,Barrass,West Coast,FB,1,5,1,2,0,0,0,0,100,4
2020,18.0,2020-09-17,Tom,Cole,West Coast,BPL,2,89,2,12,2,0,2,0,71,5
2020,18.0,2020-09-17,Jy,Simpkin,North Melbourne,C,5,292,4,21,4,0,12,2,75,24
2020,18.0,2020-09-17,Sam,Durdin,North Melbourne,CHF,3,66,0,6,1,0,2,1,83,5
2020,18.0,2020-09-17,Ed,Vickers-Willis,North Melbourne,INT,3,243,6,14,3,1,5,0,78,14
2020,18.0,2020-09-17,Cameron,Zurhaar,North Melbourne,FPL,4,78,1,7,4,0,2,0,67,6
2020,18.0,2020-09-17,Nick,Larkey,North Melbourne,FF,2,99,1,7,3,0,2,0,100,7
2020,18.0,2020-09-17,Ben,McKay,North Melbourne,FB,1,127,3,2,2,0,2,0,100,8
2020,18.0,2020-09-17,Luke,Davies-Uniacke,North Melbourne,RR,4,283,4,17,3,1,10,0,67,16
2020,18.0,2020-09-17,Tim,Kelly,West Coast,RR,3,191,2,19,5,1,7,1,56,10
2020,18.0,2020-09-17,Liam,Ryan,West Coast,FPR,7,129,1,21,3,1,7,1,60,9
2020,18.0,2020-09-17,Jake,Waterman,West Coast,WR,2,127,1,10,1,0,2,0,63,5
2020,18.0,2020-09-17,Jack,Petruccelle,West Coast,HFFR,2,49,2,12,1,0,5,0,50,4
2020,18.0,2020-09-17,Brayden,Ainsworth,West Coast,INT,6,154,0,10,1,0,3,1,64,7
2020,18.0,2020-09-17,Tom,Murphy,North Melbourne,INT,3,107,1,7,0,0,3,0,80,8
2020,18.0,2020-09-17,Oscar,Allen,West Coast,FPL,6,162,2,11,0,0,3,1,90,9
2020,18.0,2020-09-17,Bailey,Scott,North Melbourne,WL,1,176,1,8,5,0,8,0,62,8
2020,18.0,2020-09-17,Josh,Rotham,West Coast,HFFL,3,177,1,8,1,0,0,0,86,6
2020,18.0,2020-09-17,Bailey J.,Williams,West Coast,INT,2,89,0,23,0,0,3,1,71,5
2020,18.0,2020-09-17,Flynn,Perez,North Melbourne,HBFR,3,252,4,8,2,0,4,0,53,8
2020,18.0,2020-09-17,Luke,Foley,West Coast,INT,1,77,2,8,0,0,0,0,100,3
2020,18.0,2020-09-18,Heath,Shaw,Greater Western Sydney,INT,5,339,2,1,2,0,1,0,81,13
2020,18.0,2020-09-18,Paddy,Ryder,St Kilda,RK,5,64,0,16,1,0,2,0,83,5
2020,18.0,2020-09-18,Jarryn,Geary,St Kilda,FPR,3,75,5,11,1,1,5,0,78,7
2020,18.0,2020-09-18,Shane,Mumford,Greater Western Sydney,RK,1,-12,2,9,0,1,3,0,100,5
2020,18.0,2020-09-18,Sam J.,Reid,Greater Western Sydney,HFFR,0,8,0,6,0,0,0,0,100,2
2020,18.0,2020-09-18,Dan,Hannebery,St Kilda,INT,4,317,1,9,3,1,3,0,77,10
2020,18.0,2020-09-18,Jake,Carlisle,St Kilda,BPL,0,49,1,7,2,0,1,0,20,1
2020,18.0,2020-09-18,Lachlan,Keeffe,Greater Western Sydney,FB,1,181,7,3,2,0,3,0,71,10
2020,18.0,2020-09-18,Jeremy,Cameron,Greater Western Sydney,HFFL,3,218,2,3,1,0,4,0,80,8
2020,18.0,2020-09-18,Stephen,Coniglio,Greater Western Sydney,RR,6,344,2,13,2,2,6,0,61,14
2020,18.0,2020-09-18,Toby,Greene,Greater Western Sydney,FPL,4,158,0,9,3,0,2,0,42,5
2020,18.0,2020-09-18,Bradley,Hill,St Kilda,WR,4,436,1,9,3,0,0,0,64,9
2020,18.0,2020-09-18,Nick,Haynes,Greater Western Sydney,CHB,2,122,0,8,2,1,1,0,63,5
2020,18.0,2020-09-18,Sebastian,Ross,St Kilda,C,7,435,1,10,4,2,5,1,58,11
2020,18.0,2020-09-18,Lachie,Whitfield,Greater Western Sydney,HBFL,5,467,3,9,6,1,6,0,57,16
2020,18.0,2020-09-18,Zac,Williams,Greater Western Sydney,HBFR,4,118,2,18,1,0,2,0,69,9
2020,18.0,2020-09-18,Dean,Kent,St Kilda,INT,5,284,2,8,4,0,2,0,75,9
2020,18.0,2020-09-18,Jack,Billings,St Kilda,HFFL,5,263,3,13,2,0,4,0,83,10
2020,18.0,2020-09-18,Josh,Kelly,Greater Western Sydney,WL,4,387,2,15,2,0,6,0,72,13
2020,18.0,2020-09-18,Tim,Membrey,St Kilda,CHF,3,217,1,7,1,0,1,0,78,7
2020,18.0,2020-09-18,Jack,Lonie,St Kilda,WL,2,199,1,9,1,0,2,1,67,6
2020,18.0,2020-09-18,Jack,Sinclair,St Kilda,INT,5,162,2,8,4,0,5,0,62,8
2020,18.0,2020-09-18,Jack,Steele,St Kilda,RR,9,170,4,29,0,4,8,2,83,15
2020,18.0,2020-09-18,Dougal,Howard,St Kilda,FB,1,232,2,2,1,0,1,0,89,8
2020,18.0,2020-09-18,Jacob,Hopper,Greater Western Sydney,C,4,184,2,11,5,1,4,0,61,11
2020,18.0,2020-09-18,Dan,Butler,St Kilda,HFFR,6,303,1,17,3,0,6,1,73,8
2020,18.0,2020-09-18,Tim,Taranto,Greater Western Sydney,R,5,197,1,14,4,0,4,1,47,9
2020,18.0,2020-09-18,Ben,Long,St Kilda,HBFR,4,348,5,14,2,0,2,0,92,11
2020,18.0,2020-09-18,Daniel,Lloyd,Greater Western Sydney,INT,1,207,2,17,4,0,6,0,65,11
2020,18.0,2020-09-18,Harry,Perryman,Greater Western Sydney,WR,3,231,5,12,1,0,4,0,67,12
2020,18.0,2020-09-18,Jeremy,Finlayson,Greater Western Sydney,FF,4,93,1,4,0,0,0,0,60,3
2020,18.0,2020-09-18,Josh,Battle,St Kilda,CHB,2,191,0,6,0,0,1,0,80,4
2020,18.0,2020-09-18,Rowan,Marshall,St Kilda,FF,5,187,2,5,3,0,2,0,72,13
2020,18.0,2020-09-18,Hunter,Clark,St Kilda,R,4,150,0,19,2,3,5,0,69,11
2020,18.0,2020-09-18,Nick,Coffield,St Kilda,HBFL,0,151,7,7,3,0,3,0,87,13
2020,18.0,2020-09-18,Isaac,Cumming,Greater Western Sydney,BPR,1,146,5,4,2,0,1,0,94,15
2020,18.0,2020-09-18,Brent,Daniels,Greater Western Sydney,FPR,3,133,0,8,5,0,4,0,57,8
2020,18.0,2020-09-18,Ben,Paton,St Kilda,INT,1,215,2,4,3,0,4,0,62,8
2020,18.0,2020-09-18,Callum,Wilkie,St Kilda,BPR,1,192,7,3,3,0,3,0,73,8
2020,18.0,2020-09-18,Connor,Idun,Greater Western Sydney,BPL,1,135,4,3,2,0,3,0,77,10
2020,18.0,2020-09-18,Tom,Green,Greater Western Sydney,INT,4,212,1,13,1,1,7,1,73,11
2020,18.0,2020-09-18,Max,King,St Kilda,FPL,4,203,0,9,1,0,2,1,67,6
2020,18.0,2020-09-18,Jake,Riccardi,Greater Western Sydney,CHF,5,170,1,5,1,0,3,0,73,8
2020,18.0,2020-09-18,Jack,Buckley,Greater Western Sydney,INT,0,107,3,6,2,0,1,0,57,4
2020,18.0,2020-09-19,Michael,Hurley,Essendon,CHB,1,117,3,2,1,0,0,0,92,12
2020,18.0,2020-09-19,Jake,Melksham,Melbourne,BPR,4,134,1,18,2,0,3,0,75,6
2020,18.0,2020-09-19,Michael,Hibberd,Melbourne,INT,3,240,5,6,2,0,2,0,94,15
2020,18.0,2020-09-19,Steven,May,Melbourne,FB,4,321,7,3,2,0,4,0,76,16
2020,18.0,2020-09-19,Max,Gawn,Melbourne,RK,6,242,4,6,3,1,3,0,77,13
2020,18.0,2020-09-19,Mitch,Brown,Melbourne,FF,6,287,1,0,4,0,3,0,60,12
2020,18.0,2020-09-19,Dylan,Shiel,Essendon,RR,7,335,5,13,3,2,6,0,96,24
2020,18.0,2020-09-19,Devon,Smith,Essendon,HBFL,4,274,2,9,2,0,4,0,88,14
2020,18.0,2020-09-19,Adam,Tomlinson,Melbourne,WR,4,154,0,6,1,0,0,0,92,12
2020,18.0,2020-09-19,Jack,Viney,Melbourne,RR,8,264,0,16,2,6,7,0,82,14
2020,18.0,2020-09-19,Jake,Stringer,Essendon,FPL,3,254,2,10,4,0,2,0,58,7
2020,18.0,2020-09-19,Joe,Daniher,Essendon,FF,2,258,2,2,2,0,0,0,78,7
2020,18.0,2020-09-19,James,Stewart,Essendon,CHF,4,114,1,1,1,0,1,0,71,5
2020,18.0,2020-09-19,Martin,Gleeson,Essendon,BPR,1,125,2,6,0,0,2,0,100,10
2020,18.0,2020-09-19,Zach,Merrett,Essendon,C,4,244,1,20,5,1,3,0,84,21
2020,18.0,2020-09-19,Tom,Cutler,Essendon,WL,3,359,4,9,7,0,7,0,61,14
2020,18.0,2020-09-19,Christian,Salem,Melbourne,HBFR,5,243,5,15,4,0,3,0,82,18
2020,18.0,2020-09-19,Aaron,vandenBerg,Melbourne,INT,4,144,1,12,3,2,3,2,67,10
2020,18.0,2020-09-19,Adam,Saad,Essendon,HBFR,3,596,7,10,3,0,3,0,84,16
2020,18.0,2020-09-19,Kyle,Langford,Essendon,INT,6,350,3,8,2,0,3,1,83,19
2020,18.0,2020-09-19,Jake,Lever,Melbourne,CHB,3,308,8,6,5,0,4,0,94,16
2020,18.0,2020-09-19,Alex,Neal-Bullen,Melbourne,INT,5,112,1,15,0,0,2,0,100,7
2020,18.0,2020-09-19,Jayden,Laverde,Essendon,INT,1,144,0,9,2,1,1,2,50,3
2020,18.0,2020-09-19,Ed,Langdon,Melbourne,WL,6,262,3,7,6,0,3,0,65,15
2020,18.0,2020-09-19,Clayton,Oliver,Melbourne,R,6,247,4,16,3,1,6,0,90,18
2020,18.0,2020-09-19,Anthony,McDonald-Tipungwuti,Essendon,FPR,4,203,3,11,1,0,4,0,80,8
2020,18.0,2020-09-19,Darcy,Parish,Essendon,R,1,201,5,8,6,1,8,0,84,21
2020,18.0,2020-09-19,Jayden,Hunt,Melbourne,INT,6,210,1,5,0,0,1,0,100,7
2020,18.0,2020-09-19,Christian,Petracca,Melbourne,C,6,415,2,17,4,2,8,0,70,16
2020,18.0,2020-09-19,Mason,Redman,Essendon,INT,1,130,3,4,0,0,3,0,83,10
2020,18.0,2020-09-19,Sam,Weideman,Melbourne,CHF,2,129,0,2,0,0,1,0,86,6
2020,18.0,2020-09-19,Will,Snelling,Essendon,HFFL,2,38,2,19,2,0,5,1,80,12
2020,18.0,2020-09-19,Joel,Smith,Melbourne,BPL,1,69,2,5,2,0,1,0,60,3
2020,18.0,2020-09-19,Bayley,Fritsch,Melbourne,HFFL,10,326,0,2,1,0,2,0,64,9
2020,18.0,2020-09-19,Matt,Guelfi,Essendon,HFFR,3,75,2,9,3,0,3,0,79,11
2020,18.0,2020-09-19,Charlie,Spargo,Melbourne,FPR,2,39,1,12,2,0,1,1,50,2
2020,18.0,2020-09-19,Dylan,Clarke,Essendon,INT,2,61,1,6,1,0,7,1,85,11
2020,18.0,2020-09-19,Jordan,Ridley,Essendon,BPL,2,232,1,2,0,0,0,0,85,11
2020,18.0,2020-09-19,Brayden,Ham,Essendon,WR,2,409,1,6,4,0,1,0,100,13
2020,18.0,2020-09-19,Oskar,Baker,Melbourne,HFFR,2,340,4,14,4,0,2,0,67,10
2020,18.0,2020-09-19,Brandon,Zerk-Thatcher,Essendon,FB,5,157,2,4,0,0,2,0,93,13
2020,18.0,2020-09-19,Kysaiah,Pickett,Melbourne,FPL,3,88,1,9,0,0,3,1,80,4
2020,18.0,2020-09-19,Trent,Rivers,Melbourne,HBFL,2,114,2,7,2,0,3,0,86,12
2020,18.0,2020-09-19,Sam,Draper,Essendon,RK,1,27,0,5,2,0,1,0,50,2
2020,18.0,2020-09-19,Shane,Edwards,Richmond,RR,4,306,2,11,3,4,7,1,89,16
2020,18.0,2020-09-19,Bachar,Houli,Richmond,HBFR,1,321,1,10,4,0,1,0,79,11
2020,18.0,2020-09-19,Jack,Riewoldt,Richmond,FF,3,246,2,13,4,0,3,0,62,8
2020,18.0,2020-09-19,David,Mackay,Adelaide,INT,4,304,5,12,2,0,5,0,88,15
2020,18.0,2020-09-19,Trent,Cotchin,Richmond,R,2,246,3,10,4,1,6,0,50,6
2020,18.0,2020-09-19,Taylor,Walker,Adelaide,FF,3,273,0,5,5,0,2,0,56,5
2020,18.0,2020-09-19,Rory,Sloane,Adelaide,RR,2,199,1,16,3,3,6,1,60,9
2020,18.0,2020-09-19,Dustin,Martin,Richmond,HFFR,6,496,2,6,12,3,12,0,43,12
2020,18.0,2020-09-19,David,Astbury,Richmond,BPL,0,259,9,3,4,0,3,0,71,10
2020,18.0,2020-09-19,Tom,Lynch,Adelaide,INT,5,203,4,10,4,0,3,0,76,19
2020,18.0,2020-09-19,Dylan,Grimes,Richmond,FB,0,96,5,7,2,0,2,0,70,7
2020,18.0,2020-09-19,Brodie,Smith,Adelaide,HBFL,3,402,3,13,3,0,3,0,71,12
2020,18.0,2020-09-19,Daniel,Talia,Adelaide,FB,1,116,5,6,1,0,3,0,100,6
2020,18.0,2020-09-19,Josh,Caddy,Richmond,INT,3,183,2,1,1,0,2,0,75,6
2020,18.0,2020-09-19,Luke,Brown,Adelaide,BPL,2,267,6,6,3,0,1,0,86,12
2020,18.0,2020-09-19,Brad,Crouch,Adelaide,INT,4,288,2,14,6,2,7,0,58,15
2020,18.0,2020-09-19,Rory,Laird,Adelaide,R,1,406,6,11,9,1,8,0,71,20
2020,18.0,2020-09-19,Nick,Vlastuin,Richmond,CHB,3,191,5,11,1,0,4,0,87,13
2020,18.0,2020-09-19,Kyle,Hartigan,Adelaide,CHB,1,197,6,3,1,0,1,0,67,6
2020,18.0,2020-09-19,Matt,Crouch,Adelaide,C,6,221,2,9,6,0,7,0,70,21
2020,18.0,2020-09-19,Kamdyn,McIntosh,Richmond,WL,4,251,2,6,3,0,3,0,69,9
2020,18.0,2020-09-19,Kane,Lambert,Richmond,CHF,6,201,1,17,1,0,7,2,78,14
2020,18.0,2020-09-19,Jake,Kelly,Adelaide,BPR,0,221,8,6,1,0,4,0,87,13
2020,18.0,2020-09-19,Toby,Nankervis,Richmond,RK,3,85,5,21,2,1,7,0,58,7
2020,18.0,2020-09-19,Daniel,Rioli,Richmond,FPR,4,236,3,18,3,0,3,2,64,9
2020,18.0,2020-09-19,Jayden,Short,Richmond,INT,4,491,6,9,6,0,3,0,80,16
2020,18.0,2020-09-19,Jason,Castagna,Richmond,INT,3,166,1,12,1,0,3,2,67,6
2020,18.0,2020-09-19,Ben,Keays,Adelaide,WL,2,192,7,11,5,0,7,0,75,12
2020,18.0,2020-09-19,Reilly,O'Brien,Adelaide,RK,4,177,2,7,3,1,1,0,74,14
2020,18.0,2020-09-19,Mabior,Chol,Richmond,FPL,1,78,0,11,0,0,2,0,100,3
2020,18.0,2020-09-19,Tyson,Stengle,Adelaide,FPL,2,26,1,7,2,0,2,0,86,6
2020,18.0,2020-09-19,Jack,Graham,Richmond,C,5,368,3,31,6,0,8,1,52,11
2020,18.0,2020-09-19,Darcy,Fogarty,Adelaide,INT,3,190,1,6,2,0,4,0,80,8
2020,18.0,2020-09-19,Liam,Baker,Richmond,HBFL,1,228,7,8,4,0,4,0,83,10
2020,18.0,2020-09-19,Elliott,Himmelberg,Adelaide,CHF,3,92,1,8,0,0,2,1,67,6
2020,18.0,2020-09-19,Noah,Balta,Richmond,BPR,1,225,3,2,2,0,2,0,90,9
2020,18.0,2020-09-19,Chayce,Jones,Adelaide,HFFR,0,48,0,9,2,0,0,0,67,2
2020,18.0,2020-09-19,Jack,Ross,Richmond,INT,2,258,2,21,3,2,3,0,75,9
2020,18.0,2020-09-19,Marlion,Pickett,Richmond,WR,1,143,4,18,4,0,3,1,63,5
2020,18.0,2020-09-19,Shane,McAdam,Adelaide,FPR,1,100,3,5,4,0,7,0,57,8
2020,18.0,2020-09-19,Jake,Aarts,Richmond,HFFL,3,221,0,7,4,0,1,1,75,9
2020,18.0,2020-09-19,Andrew,McPherson,Adelaide,HBFR,2,229,6,12,2,0,5,0,85,11
2020,18.0,2020-09-19,Harry,Schoenberg,Adelaide,HFFL,2,168,1,7,2,0,4,0,56,5
2020,18.0,2020-09-19,Lachlan,Sholl,Adelaide,WR,2,294,4,8,2,0,6,0,68,13
2020,18.0,2020-09-19,Kade,Simpson,Carlton,HBFR,2,523,4,13,4,1,2,0,63,12
2020,18.0,2020-09-19,Eddie,Betts,Carlton,FPL,1,90,0,11,3,0,3,1,71,5
2020,18.0,2020-09-19,Grant,Birchall,Brisbane Lions,HBFR,3,212,5,3,2,0,1,0,92,12
2020,18.0,2020-09-19,Marc,Murphy,Carlton,HFFR,3,172,2,16,1,1,3,2,64,7
2020,18.0,2020-09-19,Stefan,Martin,Brisbane Lions,INT,3,58,1,12,1,2,3,0,75,6
2020,18.0,2020-09-19,Mitch,Robinson,Brisbane Lions,C,6,391,3,11,3,1,6,0,64,9
2020,18.0,2020-09-19,Daniel,Rich,Brisbane Lions,BPL,6,441,12,6,3,0,7,0,86,19
2020,18.0,2020-09-19,Liam,Jones,Carlton,FB,0,175,6,4,2,0,1,0,44,4
2020,18.0,2020-09-19,Ed,Curnow,Carlton,RR,4,430,4,15,5,1,5,0,68,13
2020,18.0,2020-09-19,Ryan,Lester,Brisbane Lions,CHB,1,168,5,10,2,0,1,0,75,9
2020,18.0,2020-09-19,Jack,Newnes,Carlton,WR,4,221,1,9,4,0,3,0,46,6
2020,18.0,2020-09-19,Lachie,Neale,Brisbane Lions,R,7,627,7,14,7,2,12,0,69,20
2020,18.0,2020-09-19,Jarryd,Lyons,Brisbane Lions,RR,4,300,1,20,4,2,7,0,50,10
2020,18.0,2020-09-19,Dayne,Zorko,Brisbane Lions,HFFL,6,394,3,28,2,1,5,2,64,9
2020,18.0,2020-09-19,Lincoln,McCarthy,Brisbane Lions,WR,4,200,1,12,3,0,1,0,56,5
2020,18.0,2020-09-19,Levi,Casboult,Carlton,CHF,1,22,0,8,3,0,2,1,50,1
2020,18.0,2020-09-19,Lachie,Plowman,Carlton,BPR,1,215,6,15,1,0,3,0,67,6
2020,18.0,2020-09-19,Jack,Martin,Carlton,INT,2,137,1,22,3,1,6,1,46,5
2020,18.0,2020-09-19,Patrick,Cripps,Carlton,C,3,46,0,11,3,2,3,1,55,6
2020,18.0,2020-09-19,Darcy,Gardiner,Brisbane Lions,FB,1,168,3,3,3,0,3,0,67,6
2020,18.0,2020-09-19,Charlie,Cameron,Brisbane Lions,FPR,5,257,1,13,3,0,4,4,55,6
2020,18.0,2020-09-19,Cameron,Ellis-Yolmen,Brisbane Lions,INT,1,40,1,13,2,0,3,1,50,4
2020,18.0,2020-09-19,Daniel,McStay,Brisbane Lions,CHF,1,88,1,9,3,0,3,0,20,1
2020,18.0,2020-09-19,Jacob,Weitering,Carlton,CHB,0,243,3,6,5,0,4,0,33,3
2020,18.0,2020-09-19,Callum,Ah Chee,Brisbane Lions,INT,3,205,11,8,3,0,1,0,77,10
2020,18.0,2020-09-19,Mitch,McGovern,Carlton,BPL,0,130,3,3,2,0,1,0,50,3
2020,18.0,2020-09-19,Marc,Pittonet,Carlton,RK,1,164,3,8,3,4,5,0,64,7
2020,18.0,2020-09-19,Eric,Hipwood,Brisbane Lions,FF,4,190,2,8,1,0,2,1,78,7
2020,18.0,2020-09-19,Matthew,Kennedy,Carlton,INT,3,193,5,13,4,1,9,0,70,16
2020,18.0,2020-09-19,David,Cuningham,Carlton,INT,4,205,2,13,3,0,6,2,86,12
2020,18.0,2020-09-19,Sam,Petrevski-Seton,Carlton,HBFL,1,275,9,8,7,1,7,0,71,12
2020,18.0,2020-09-19,Hugh,McCluggage,Brisbane Lions,WL,6,312,4,22,4,0,5,0,53,9
2020,18.0,2020-09-19,Thomas,Williamson,Carlton,WL,5,254,3,18,4,0,4,0,64,9
2020,18.0,2020-09-19,Cameron,Polson,Carlton,INT,0,105,2,9,5,0,1,0,33,2
2020,18.0,2020-09-19,Harry,McKay,Carlton,FF,5,215,0,7,1,0,0,2,83,5
2020,18.0,2020-09-19,Cam,Rayner,Brisbane Lions,HFFR,7,150,1,16,1,0,4,2,91,10
2020,18.0,2020-09-19,Zac,Bailey,Brisbane Lions,INT,4,174,1,12,5,0,9,0,42,5
2020,18.0,2020-09-19,Oscar,McInerney,Brisbane Lions,FPL,6,45,1,8,3,2,7,0,50,4
2020,18.0,2020-09-19,Brandon,Starcevich,Brisbane Lions,HBFL,4,363,9,4,3,0,6,0,50,8
2020,18.0,2020-09-19,Tom,De Koning,Carlton,FPR,1,11,1,10,0,0,3,2,67,2
2020,18.0,2020-09-19,Michael,Gibbons,Carlton,HFFL,2,310,1,9,5,0,3,0,58,7
2020,18.0,2020-09-19,Sam,Walsh,Carlton,R,5,296,6,13,7,0,18,0,61,19
2020,18.0,2020-09-19,Jack,Payne,Brisbane Lions,BPR,0,55,1,1,2,0,1,0,0,0
2020,18.0,2020-09-19,Keidean,Coleman,Brisbane Lions,RK,3,119,1,22,2,1,3,1,67,4
2020,18.0,2020-09-20,Shaun,Burgoyne,Hawthorn,INT,7,87,1,11,0,0,6,0,100,11
2020,18.0,2020-09-20,Jarrod,Harbrow,Gold Coast,INT,1,205,1,8,4,0,1,0,70,7
2020,18.0,2020-09-20,James,Frawley,Hawthorn,HFFR,2,132,2,6,2,0,1,0,89,8
2020,18.0,2020-09-20,Ben,McEvoy,Hawthorn,WL,3,13,5,8,1,1,4,0,100,9
2020,18.0,2020-09-20,Liam,Shiels,Hawthorn,RR,6,339,2,19,5,2,8,0,77,20
2020,18.0,2020-09-20,Ben,Stratton,Hawthorn,FB,4,135,1,8,0,0,0,0,85,11
2020,18.0,2020-09-20,Jack,Gunston,Hawthorn,FPR,12,431,1,5,4,0,2,0,61,11
2020,18.0,2020-09-20,David,Swallow,Gold Coast,RR,4,370,3,15,2,5,12,0,82,22
2020,18.0,2020-09-20,Paul,Puopolo,Hawthorn,FPL,8,200,1,15,2,0,5,1,82,9
2020,18.0,2020-09-20,Sam,Day,Gold Coast,FF,1,31,1,5,3,0,3,0,44,4
2020,18.0,2020-09-20,Luke,Breust,Hawthorn,HFFL,6,146,1,10,1,2,7,0,94,16
2020,18.0,2020-09-20,Brandon,Ellis,Gold Coast,WR,3,168,0,17,2,2,3,0,75,9
2020,18.0,2020-09-20,Chad,Wingard,Hawthorn,HBFR,8,209,2,16,1,0,6,0,70,16
2020,18.0,2020-09-20,Alex,Sexton,Gold Coast,FPL,5,221,0,8,1,0,2,0,67,8
2020,18.0,2020-09-20,Sam,Frost,Hawthorn,CHB,5,279,4,7,1,0,3,0,75,9
2020,18.0,2020-09-20,Jaeger,O'Meara,Hawthorn,C,4,289,1,17,4,0,4,0,76,19
2020,18.0,2020-09-20,Jarrod,Witts,Gold Coast,RK,1,31,1,9,0,0,0,1,50,1
2020,18.0,2020-09-20,Tom,Mitchell,Hawthorn,R,7,424,1,13,4,2,5,0,82,28
2020,18.0,2020-09-20,Jonathon,Ceglar,Hawthorn,RK,3,46,2,9,1,1,2,0,88,7
2020,18.0,2020-09-20,Tim,O'Brien,Hawthorn,FF,4,234,1,14,2,0,1,2,88,7
2020,18.0,2020-09-20,Touk,Miller,Gold Coast,R,3,284,1,23,3,1,8,0,70,16
2020,18.0,2020-09-20,Lachie,Weller,Gold Coast,WL,3,259,2,11,2,2,2,0,75,12
2020,18.0,2020-09-20,Sam,Collins,Gold Coast,FB,1,84,4,10,1,0,4,0,89,8
2020,18.0,2020-09-20,Blake,Hardwick,Hawthorn,BPL,2,240,4,2,1,0,3,0,85,11
2020,18.0,2020-09-20,Ben,Ainsworth,Gold Coast,INT,4,383,3,23,5,0,3,0,59,10
2020,18.0,2020-09-20,Jack,Bowes,Gold Coast,BPR,1,243,4,21,6,0,2,0,71,10
2020,18.0,2020-09-20,Hugh,Greenwood,Gold Coast,C,1,135,3,35,2,2,8,2,73,11
2020,18.0,2020-09-20,James,Cousins,Hawthorn,HBFL,7,403,2,13,5,2,3,0,83,20
2020,18.0,2020-09-20,Jack,Scrimshaw,Hawthorn,INT,3,330,6,11,3,0,3,0,75,12
2020,18.0,2020-09-20,Harry,Morrison,Hawthorn,INT,5,221,5,9,3,0,5,0,88,15
2020,18.0,2020-09-20,Charlie,Ballard,Gold Coast,CHB,0,69,2,9,0,0,1,0,100,4
2020,18.0,2020-09-20,Mitch,Lewis,Hawthorn,CHF,4,147,2,14,2,0,4,0,100,12
2020,18.0,2020-09-20,Wil,Powell,Gold Coast,HBFR,1,62,13,13,1,0,10,0,82,14
2020,18.0,2020-09-20,Jack,Lukosius,Gold Coast,HBFL,2,399,2,12,6,0,3,0,73,8
2020,18.0,2020-09-20,Dylan,Moore,Hawthorn,INT,7,305,3,13,4,0,5,0,88,22
2020,18.0,2020-09-20,Josh,Corbett,Gold Coast,HFFR,2,211,1,6,3,0,1,0,33,2
2020,18.0,2020-09-20,Ben,King,Gold Coast,CHF,4,97,1,10,1,0,5,0,89,8
2020,18.0,2020-09-20,Caleb,Graham,Gold Coast,HFFL,1,205,5,3,1,0,2,0,78,7
2020,18.0,2020-09-20,Noah,Anderson,Gold Coast,BPL,6,461,1,9,5,2,8,0,68,17
2020,18.0,2020-09-20,Will,Day,Hawthorn,BPR,3,161,3,14,0,0,2,0,78,14
2020,18.0,2020-09-20,Izak,Rankine,Gold Coast,FPR,4,89,1,26,2,1,2,3,50,4
2020,18.0,2020-09-20,Jeremy,Sharp,Gold Coast,INT,2,200,1,15,1,0,1,0,60,6
2020,18.0,2020-09-20,Damon,Greaves,Hawthorn,WR,6,308,1,10,3,0,3,0,86,18
2020,18.0,2020-09-20,Jy,Farrar,Gold Coast,INT,1,34,0,15,0,0,1,1,100,6
2020,18.0,2020-09-20,Gary,Ablett,Geelong,FPR,7,410,2,9,2,0,5,0,69,11
2020,18.0,2020-09-20,Joel,Selwood,Geelong,C,2,240,1,15,3,5,2,0,63,10
2020,18.0,2020-09-20,Tom,Hawkins,Geelong,FF,5,113,1,9,2,0,1,0,50,3
2020,18.0,2020-09-20,Lachie,Henderson,Geelong,HBFL,4,256,2,9,1,0,1,0,70,7
2020,18.0,2020-09-20,Harry,Taylor,Geelong,FB,2,76,6,9,2,0,4,0,67,4
2020,18.0,2020-09-20,Josh P.,Kennedy,Sydney,C,5,312,1,15,6,2,5,0,68,17
2020,18.0,2020-09-20,Patrick,Dangerfield,Geelong,RR,6,347,6,18,1,0,6,0,79,11
2020,18.0,2020-09-20,Jack,Steven,Geelong,INT,2,176,0,17,1,0,2,0,62,8
2020,18.0,2020-09-20,Mitch,Duncan,Geelong,HFFR,2,196,2,12,4,0,2,0,69,11
2020,18.0,2020-09-20,Gary,Rohan,Geelong,CHF,5,92,2,13,2,0,4,0,63,5
2020,18.0,2020-09-20,Sam,Reid,Sydney,CHF,3,106,0,12,2,0,2,0,60,6
2020,18.0,2020-09-20,Cameron,Guthrie,Geelong,R,3,268,3,20,2,1,3,0,90,17
2020,18.0,2020-09-20,Luke,Parker,Sydney,RR,6,347,4,14,2,2,4,0,83,19
2020,18.0,2020-09-20,Zach,Tuohy,Geelong,WL,3,328,4,7,5,0,3,0,65,11
2020,18.0,2020-09-20,Luke,Dahlhaus,Geelong,HFFL,2,56,2,15,2,0,5,0,73,8
2020,18.0,2020-09-20,Harry,Cunningham,Sydney,WR,5,294,4,13,4,0,3,0,80,16
2020,18.0,2020-09-20,Mark,Blicavs,Geelong,CHB,4,63,3,14,1,1,4,0,88,7
2020,18.0,2020-09-20,Callum,Sinclair,Sydney,RK,4,220,1,5,1,1,4,0,100,13
2020,18.0,2020-09-20,Jackson,Thurlow,Sydney,INT,2,204,4,7,2,0,1,0,64,7
2020,18.0,2020-09-20,Jake,Lloyd,Sydney,HBFR,2,442,4,11,4,0,1,0,96,26
2020,18.0,2020-09-20,Jed,Bews,Geelong,BPL,2,269,6,13,3,0,5,1,88,14
2020,18.0,2020-09-20,Jake,Kolodjashnij,Geelong,BPR,4,382,5,9,2,0,1,0,71,10
2020,18.0,2020-09-20,Callum,Mills,Sydney,HBFL,3,345,7,8,1,0,3,0,85,17
2020,18.0,2020-09-20,Tom,Papley,Sydney,R,10,336,1,3,4,0,5,0,41,7
2020,18.0,2020-09-20,Aliir,Aliir,Sydney,CHB,4,190,2,7,0,3,3,0,85,11
2020,18.0,2020-09-20,Ryan,Clarke,Sydney,WL,1,219,4,16,4,0,4,0,81,13
2020,18.0,2020-09-20,Sam,Menegola,Geelong,WR,3,487,1,10,11,4,7,0,68,17
2020,18.0,2020-09-20,Oliver,Florent,Sydney,INT,3,202,0,9,6,0,4,0,80,12
2020,18.0,2020-09-20,Brandan,Parfitt,Geelong,INT,4,197,0,17,2,2,3,0,64,9
2020,18.0,2020-09-20,Tom,Stewart,Geelong,HBFR,4,573,6,5,2,0,1,0,86,19
2020,18.0,2020-09-20,Robbie,Fox,Sydney,BPL,1,261,3,5,2,0,1,0,90,9
2020,18.0,2020-09-20,Will,Hayward,Sydney,HFFR,2,169,1,9,4,0,7,0,75,9
2020,18.0,2020-09-20,Jordan,Dawson,Sydney,BPR,6,389,4,13,5,0,4,0,73,16
2020,18.0,2020-09-20,Lewis,Melican,Sydney,FB,3,123,4,8,1,0,1,0,91,10
2020,18.0,2020-09-20,Mark,O'Connor,Geelong,FPL,0,57,2,13,1,0,2,0,71,5
2020,18.0,2020-09-20,Esava,Ratugolea,Geelong,RK,2,135,0,9,2,1,1,0,100,4
2020,18.0,2020-09-20,Jack,Henry,Geelong,INT,1,142,4,4,3,0,2,0,50,4
2020,18.0,2020-09-20,Tom,McCartin,Sydney,FF,2,61,7,4,0,0,2,0,82,9
2020,18.0,2020-09-20,Gryan,Miers,Geelong,INT,2,258,2,19,4,0,4,0,50,7
2020,18.0,2020-09-20,Nick,Blakey,Sydney,FPR,4,233,1,9,1,0,2,0,50,4
2020,18.0,2020-09-20,Justin,McInerney,Sydney,FPL,6,384,2,7,3,0,2,0,88,14
2020,18.0,2020-09-20,James,Rowbottom,Sydney,INT,3,205,1,13,4,1,5,1,64,9
2020,18.0,2020-09-20,James,Bell,Sydney,INT,1,37,0,2,0,0,0,0,0,0
2020,18.0,2020-09-20,Dylan,Stephens,Sydney,HFFL,4,324,4,24,4,0,6,0,63,12
2020,18.0,2020-09-20,David,Mundy,Fremantle,INT,2,95,0,22,2,2,3,0,75,6
2020,18.0,2020-09-20,Stephen,Hill,Fremantle,HBFL,3,344,3,14,2,0,2,1,68,13
2020,18.0,2020-09-20,Easton,Wood,Western Bulldogs,INT,3,106,3,12,2,0,3,0,67,4
2020,18.0,2020-09-20,Travis,Colyer,Fremantle,FPR,1,122,1,8,3,0,3,0,71,5
2020,18.0,2020-09-20,Nat,Fyfe,Fremantle,C,4,333,1,28,3,3,8,0,78,18
2020,18.0,2020-09-20,Reece,Conca,Fremantle,BPL,2,150,1,8,1,0,0,2,82,9
2020,18.0,2020-09-20,Tom,Liberatore,Western Bulldogs,FPL,12,370,2,41,3,1,10,1,88,22
2020,18.0,2020-09-20,Mitch,Wallis,Western Bulldogs,HFFR,4,153,0,9,2,0,1,0,50,4
2020,18.0,2020-09-20,Nathan,Wilson,Fremantle,BPR,4,351,4,5,2,0,4,0,81,13
2020,18.0,2020-09-20,Josh,Bruce,Western Bulldogs,CHF,5,120,0,15,1,0,1,0,86,6
2020,18.0,2020-09-20,Hayden,Crozier,Western Bulldogs,INT,4,269,1,14,3,0,2,1,73,8
2020,18.0,2020-09-20,Jason,Johannisen,Western Bulldogs,INT,4,260,1,8,1,0,1,0,78,7
2020,18.0,2020-09-20,Taylor,Duryea,Western Bulldogs,HBFR,4,438,2,7,6,0,1,0,82,14
2020,18.0,2020-09-20,Jack,Macrae,Western Bulldogs,C,3,178,2,15,4,0,8,0,53,10
2020,18.0,2020-09-20,Lachie,Hunter,Western Bulldogs,FPR,9,601,5,16,3,0,5,0,83,29
2020,18.0,2020-09-20,James,Aish,Fremantle,WR,2,212,1,7,0,0,1,0,86,12
2020,18.0,2020-09-20,Marcus,Bontempelli,Western Bulldogs,RR,7,437,1,26,4,3,6,0,80,16
2020,18.0,2020-09-20,Blake,Acres,Fremantle,WL,4,500,1,23,5,1,4,0,68,15
2020,18.0,2020-09-20,Rory,Lobb,Fremantle,FF,3,82,1,10,0,0,0,1,57,4
2020,18.0,2020-09-20,Jesse,Hogan,Fremantle,CHF,4,121,1,9,2,0,5,3,69,9
2020,18.0,2020-09-20,Caleb,Daniel,Western Bulldogs,BPR,4,237,2,19,2,0,4,0,71,10
2020,18.0,2020-09-20,Roarke,Smith,Western Bulldogs,WR,2,157,4,12,2,0,7,0,82,9
2020,18.0,2020-09-20,Zaine,Cordy,Western Bulldogs,BPL,3,161,6,7,4,0,4,1,56,5
2020,18.0,2020-09-20,Ethan,Hughes,Fremantle,HBFR,1,212,5,10,2,0,4,0,88,15
2020,18.0,2020-09-20,Josh,Dunkley,Western Bulldogs,R,5,132,2,16,1,1,4,1,100,15
2020,18.0,2020-09-20,Bailey,Williams,Western Bulldogs,HBFL,6,342,3,7,2,1,2,0,92,12
2020,18.0,2020-09-20,Tim,English,Western Bulldogs,RK,6,136,1,11,0,1,4,0,93,13
2020,18.0,2020-09-20,Luke,Ryan,Fremantle,CHB,1,400,7,6,2,0,1,0,92,23
2020,18.0,2020-09-20,Brennan,Cox,Fremantle,FB,0,52,4,5,0,0,2,0,100,10
2020,18.0,2020-09-20,Sean,Darcy,Fremantle,RK,4,79,3,10,2,0,3,0,80,12
2020,18.0,2020-09-20,Alex,Keath,Western Bulldogs,FB,4,150,2,10,3,0,0,0,71,5
2020,18.0,2020-09-20,Patrick,Lipinski,Western Bulldogs,WL,10,244,1,14,1,0,1,0,88,15
2020,18.0,2020-09-20,Andrew,Brayshaw,Fremantle,R,1,112,1,11,2,2,7,1,81,13
2020,18.0,2020-09-20,Aaron,Naughton,Western Bulldogs,FF,2,35,0,6,2,0,2,0,100,4
2020,18.0,2020-09-20,Adam,Cerra,Fremantle,INT,1,241,0,17,1,2,5,0,72,13
2020,18.0,2020-09-20,Mitch,Crowden,Fremantle,HFFR,2,95,0,13,1,0,2,2,50,3
2020,18.0,2020-09-20,Ed,Richards,Western Bulldogs,HFFL,6,18,0,17,0,0,2,1,89,8
2020,18.0,2020-09-20,Taylin,Duman,Fremantle,INT,1,31,5,10,1,0,2,0,78,7
2020,18.0,2020-09-20,Bailey,Smith,Western Bulldogs,INT,6,175,1,17,0,1,1,0,100,14
2020,18.0,2020-09-20,Lachie,Schultz,Fremantle,FPL,4,207,1,4,5,0,2,0,30,3
2020,18.0,2020-09-20,Ryan,Gardner,Western Bulldogs,CHB,0,-1,3,8,0,0,2,0,100,3
2020,18.0,2020-09-20,Caleb,Serong,Fremantle,RR,3,346,2,27,5,0,7,2,68,17
2020,18.0,2020-09-20,Michael,Frederick,Fremantle,HFFL,0,7,1,16,0,0,1,0,100,5
2020,18.0,2020-09-20,Liam,Henry,Fremantle,INT,3,52,3,11,0,0,2,2,60,3
2020,18.0,2020-09-21,Scott,Pendlebury,Collingwood,R,5,353,5,22,5,1,10,1,65,15
2020,18.0,2020-09-21,Travis,Varcoe,Collingwood,FPL,0,100,0,10,2,0,2,0,67,4
2020,18.0,2020-09-21,Robbie,Gray,Port Adelaide,FF,3,244,0,23,1,2,7,0,68,17
2020,18.0,2020-09-21,Travis,Boak,Port Adelaide,R,4,319,3,19,2,2,8,0,71,15
2020,18.0,2020-09-21,Brad,Ebert,Port Adelaide,HFFR,5,280,3,14,3,0,7,1,50,8
2020,18.0,2020-09-21,Hamish,Hartlett,Port Adelaide,INT,0,204,4,12,3,0,2,0,82,9
2020,18.0,2020-09-21,Levi,Greenwood,Collingwood,HFFR,1,67,3,16,3,0,4,0,55,6
2020,18.0,2020-09-21,Tom,Rockliff,Port Adelaide,C,3,327,3,18,4,6,12,1,70,21
2020,18.0,2020-09-21,Steven,Motlop,Port Adelaide,HFFL,5,144,2,12,1,0,5,0,83,5
2020,18.0,2020-09-21,Jordan,Roughead,Collingwood,FB,0,79,4,2,2,0,1,0,70,7
2020,18.0,2020-09-21,Charlie,Dixon,Port Adelaide,FPR,3,13,1,10,2,0,8,1,73,8
2020,18.0,2020-09-21,Trent,McKenzie,Port Adelaide,FB,1,136,4,11,1,0,1,0,82,9
2020,18.0,2020-09-21,Scott,Lycett,Port Adelaide,RK,4,78,0,9,1,3,3,0,70,7
2020,18.0,2020-09-21,Tom,Jonas,Port Adelaide,BPL,2,124,4,7,1,0,1,0,64,7
2020,18.0,2020-09-21,Will,Hoskin-Elliott,Collingwood,HFFL,5,111,1,10,1,0,2,0,90,9
2020,18.0,2020-09-21,Adam,Treloar,Collingwood,INT,2,83,0,27,6,3,4,1,71,17
2020,18.0,2020-09-21,Jack,Crisp,Collingwood,BPL,0,392,6,13,5,0,3,0,64,16
2020,18.0,2020-09-21,Taylor,Adams,Collingwood,RR,4,485,1,28,6,0,5,2,62,16
2020,18.0,2020-09-21,Jamie,Elliott,Collingwood,C,3,104,1,32,3,0,4,2,53,8
2020,18.0,2020-09-21,Ollie,Wines,Port Adelaide,RR,3,329,3,24,2,1,7,1,61,14
2020,18.0,2020-09-21,Josh,Thomas,Collingwood,INT,3,95,1,17,0,0,6,2,56,5
2020,18.0,2020-09-21,Brodie,Grundy,Collingwood,RK,2,44,4,13,1,0,6,1,89,16
2020,18.0,2020-09-21,Jordan,De Goey,Collingwood,FPR,2,172,0,5,2,0,2,0,71,5
2020,18.0,2020-09-21,Karl,Amon,Port Adelaide,WL,2,344,1,10,4,0,0,0,69,9
2020,18.0,2020-09-21,Brayden,Maynard,Collingwood,HBFL,5,479,11,8,3,0,2,0,83,15
2020,18.0,2020-09-21,Darcy,Moore,Collingwood,CHB,0,301,3,4,4,0,1,0,73,8
2020,18.0,2020-09-21,Darcy,Byrne-Jones,Port Adelaide,CHB,2,321,7,13,6,0,4,0,75,15
2020,18.0,2020-09-21,Mason,Cox,Collingwood,FF,3,199,0,14,4,0,0,1,43,3
2020,18.0,2020-09-21,Riley,Bonner,Port Adelaide,HBFR,2,361,4,7,3,0,2,0,88,14
2020,18.0,2020-09-21,Dan,Houston,Port Adelaide,BPR,1,320,14,11,7,0,4,0,74,17
2020,18.0,2020-09-21,Sam,Powell-Pepper,Port Adelaide,CHF,1,24,2,23,1,0,4,1,78,7
2020,18.0,2020-09-21,Todd,Marshall,Port Adelaide,INT,2,72,2,9,4,0,1,0,50,3
2020,18.0,2020-09-21,Josh,Daicos,Collingwood,WR,1,303,2,17,3,0,3,0,74,14
2020,18.0,2020-09-21,Jaidyn,Stephenson,Collingwood,INT,1,118,0,9,3,0,2,0,75,6
2020,18.0,2020-09-21,Brody,Mihocek,Collingwood,CHF,2,84,2,8,4,0,5,1,56,5
2020,18.0,2020-09-21,Jarrod,Lienert,Port Adelaide,HBFL,0,214,2,2,5,0,1,0,75,9
2020,18.0,2020-09-21,Jack,Madgen,Collingwood,BPR,0,96,3,4,0,0,2,0,83,10
2020,18.0,2020-09-21,Xavier,Duursma,Port Adelaide,WR,3,227,4,20,4,0,6,1,81,13
2020,18.0,2020-09-21,Connor,Rozee,Port Adelaide,INT,3,247,0,12,2,0,4,0,64,7
2020,18.0,2020-09-21,Peter,Ladhams,Port Adelaide,FPL,0,68,0,11,3,0,2,0,50,4
2020,18.0,2020-09-21,Isaac,Quaynor,Collingwood,HBFR,1,138,9,9,0,0,5,0,94,15
2020,18.0,2020-09-21,John,Noble,Collingwood,INT,3,319,2,9,5,0,2,0,93,14
2020,18.0,2020-09-21,Tyler,Brown,Collingwood,WL,2,113,3,8,1,0,4,1,83,10
2020,18.0,2020-09-21,Boyd,Woodcock,Port Adelaide,INT,2,89,0,8,1,0,1,0,63,5
2020,,2020-10-01,Gary,Ablett,Geelong,FPR,4,213,1,14,2,0,2,1,70,7
2020,,2020-10-01,Joel,Selwood,Geelong,C,6,205,3,22,0,2,9,0,75,12
2020,,2020-10-01,Tom,Hawkins,Geelong,FF,9,173,0,9,2,0,4,2,46,6
2020,,2020-10-01,Robbie,Gray,Port Adelaide,FF,2,269,4,11,4,1,7,0,71,12
2020,,2020-10-01,Travis,Boak,Port Adelaide,R,3,206,1,16,3,0,8,0,59,13
2020,,2020-10-01,Lachie,Henderson,Geelong,HBFL,2,348,6,7,3,0,2,0,78,14
2020,,2020-10-01,Brad,Ebert,Port Adelaide,HFFL,6,301,0,14,6,0,7,0,50,8
2020,,2020-10-01,Harry,Taylor,Geelong,FB,0,14,3,7,0,0,2,0,86,6
2020,,2020-10-01,Patrick,Dangerfield,Geelong,RR,6,476,1,12,4,1,5,1,59,13
2020,,2020-10-01,Hamish,Hartlett,Port Adelaide,HBFR,2,251,8,17,4,0,4,0,67,10
2020,,2020-10-01,Tom,Rockliff,Port Adelaide,C,4,225,5,33,2,2,9,2,64,14
2020,,2020-10-01,Mitch,Duncan,Geelong,INT,5,335,1,28,4,0,1,2,74,14
2020,,2020-10-01,Steven,Motlop,Port Adelaide,INT,5,140,1,13,2,0,4,1,64,7
2020,,2020-10-01,Gary,Rohan,Geelong,CHF,4,134,1,11,0,0,1,1,100,5
2020,,2020-10-01,Rhys,Stanley,Geelong,RK,5,213,0,8,3,1,2,0,70,7
2020,,2020-10-01,Cameron,Guthrie,Geelong,R,3,137,2,21,2,1,9,5,63,10
2020,,2020-10-01,Charlie,Dixon,Port Adelaide,FPR,4,41,1,11,3,0,3,2,100,6
2020,,2020-10-01,Trent,McKenzie,Port Adelaide,FB,1,197,3,3,1,0,0,0,100,8
2020,,2020-10-01,Zach,Tuohy,Geelong,WL,3,212,5,4,1,0,5,0,69,11
2020,,2020-10-01,Luke,Dahlhaus,Geelong,HFFL,2,280,1,12,4,0,5,0,63,10
2020,,2020-10-01,Scott,Lycett,Port Adelaide,RK,2,93,1,9,0,1,3,0,67,6
2020,,2020-10-01,Tom,Jonas,Port Adelaide,BPL,0,381,5,6,2,0,2,0,92,12
2020,,2020-10-01,Ollie,Wines,Port Adelaide,RR,3,435,1,18,3,2,11,0,67,16
2020,,2020-10-01,Mark,Blicavs,Geelong,CHB,2,143,3,19,1,0,5,0,78,7
2020,,2020-10-01,Tom,Clurey,Port Adelaide,BPR,0,156,3,2,2,0,4,0,80,4
2020,,2020-10-01,Jed,Bews,Geelong,INT,4,279,6,14,1,0,4,0,77,10
2020,,2020-10-01,Karl,Amon,Port Adelaide,WL,1,340,1,19,2,0,3,0,58,7
2020,,2020-10-01,Jake,Kolodjashnij,Geelong,BPR,4,134,4,6,4,0,4,0,50,6
2020,,2020-10-01,Darcy,Byrne-Jones,Port Adelaide,CHB,3,241,3,8,5,1,6,0,57,8
2020,,2020-10-01,Sam,Menegola,Geelong,WR,3,234,3,8,4,1,6,1,72,13
2020,,2020-10-01,Ryan,Burton,Port Adelaide,HBFL,0,154,0,10,1,0,2,0,83,10
2020,,2020-10-01,Dan,Houston,Port Adelaide,INT,1,194,4,14,2,0,2,0,69,9
2020,,2020-10-01,Sam,Powell-Pepper,Port Adelaide,INT,5,182,1,17,2,2,5,2,93,13
2020,,2020-10-01,Brandan,Parfitt,Geelong,INT,2,293,2,24,4,1,8,0,44,7
2020,,2020-10-01,Tom,Stewart,Geelong,HBFR,2,273,4,6,2,0,2,0,79,11
2020,,2020-10-01,Mark,O'Connor,Geelong,FPL,4,39,4,10,1,0,2,0,100,9
2020,,2020-10-01,Todd,Marshall,Port Adelaide,FPL,1,66,0,5,1,0,0,1,67,2
2020,,2020-10-01,Jack,Henry,Geelong,BPL,3,93,5,15,3,0,4,0,80,8
2020,,2020-10-01,Tom,Atkins,Geelong,INT,4,22,2,19,0,0,7,0,83,10
2020,,2020-10-01,Gryan,Miers,Geelong,HFFR,0,178,2,8,2,0,2,0,29,2
2020,,2020-10-01,Zak,Butters,Port Adelaide,CHF,3,204,1,13,2,0,4,2,86,12
2020,,2020-10-01,Xavier,Duursma,Port Adelaide,WR,1,94,2,11,4,0,2,0,50,4
2020,,2020-10-01,Connor,Rozee,Port Adelaide,HFFR,4,99,0,16,4,0,1,2,63,5
2020,,2020-10-01,Peter,Ladhams,Port Adelaide,INT,5,179,2,4,4,0,2,0,50,7
2020,,2020-10-02,Grant,Birchall,Brisbane Lions,HBFR,2,149,3,3,1,0,4,0,64,7
2020,,2020-10-02,Shane,Edwards,Richmond,RR,4,236,1,14,2,2,4,1,85,11
2020,,2020-10-02,Bachar,Houli,Richmond,HBFR,1,185,7,13,4,0,4,0,71,12
2020,,2020-10-02,Jack,Riewoldt,Richmond,FF,4,118,0,14,3,0,4,3,33,2
2020,,2020-10-02,Trent,Cotchin,Richmond,R,3,251,1,14,4,3,7,0,50,9
2020,,2020-10-02,Stefan,Martin,Brisbane Lions,INT,2,152,2,7,3,1,3,0,33,4
2020,,2020-10-02,Mitch,Robinson,Brisbane Lions,C,3,297,4,12,1,0,3,0,73,8
2020,,2020-10-02,Daniel,Rich,Brisbane Lions,BPL,4,605,7,11,6,0,2,0,70,14
2020,,2020-10-02,Dustin,Martin,Richmond,HFFR,4,474,1,9,6,4,9,1,44,8
2020,,2020-10-02,David,Astbury,Richmond,BPL,2,203,7,7,3,0,4,0,83,10
2020,,2020-10-02,Dylan,Grimes,Richmond,FB,0,47,4,6,0,0,3,0,100,5
2020,,2020-10-02,Ryan,Lester,Brisbane Lions,CHB,2,179,2,8,2,0,1,0,91,10
2020,,2020-10-02,Dion,Prestia,Richmond,INT,2,223,1,14,3,1,6,1,70,14
2020,,2020-10-02,Lachie,Neale,Brisbane Lions,R,5,168,6,23,4,1,8,0,68,13
2020,,2020-10-02,Jarryd,Lyons,Brisbane Lions,RR,8,456,3,20,5,2,9,0,63,15
2020,,2020-10-02,Dayne,Zorko,Brisbane Lions,HFFL,5,351,2,24,4,0,6,1,63,12
2020,,2020-10-02,Lincoln,McCarthy,Brisbane Lions,RK,4,169,1,13,2,0,4,0,57,4
2020,,2020-10-02,Nick,Vlastuin,Richmond,CHB,2,202,8,5,2,0,7,0,93,13
2020,,2020-10-02,Darcy,Gardiner,Brisbane Lions,FB,2,33,2,8,1,0,6,0,67,6
2020,,2020-10-02,Charlie,Cameron,Brisbane Lions,FPR,5,244,1,15,2,1,2,0,64,7
2020,,2020-10-02,Daniel,McStay,Brisbane Lions,CHF,1,61,0,10,0,0,1,0,67,2
2020,,2020-10-02,Kamdyn,McIntosh,Richmond,WL,3,220,1,9,3,0,1,0,43,3
2020,,2020-10-02,Kane,Lambert,Richmond,HFFL,4,164,2,13,2,1,9,0,79,15
2020,,2020-10-02,Harris,Andrews,Brisbane Lions,BPR,3,122,9,4,0,0,5,0,100,12
2020,,2020-10-02,Toby,Nankervis,Richmond,RK,2,204,2,12,3,1,1,0,50,8
2020,,2020-10-02,Daniel,Rioli,Richmond,FPR,2,255,1,11,4,0,1,0,70,7
2020,,2020-10-02,Callum,Ah Chee,Brisbane Lions,INT,2,262,5,16,3,0,3,0,67,6
2020,,2020-10-02,Jayden,Short,Richmond,HBFL,2,552,4,11,5,1,5,0,86,19
2020,,2020-10-02,Jason,Castagna,Richmond,INT,4,231,1,6,4,0,4,1,67,8
2020,,2020-10-02,Eric,Hipwood,Brisbane Lions,FF,4,192,1,4,5,0,1,0,46,5
2020,,2020-10-02,Mabior,Chol,Richmond,FPL,3,40,1,4,0,0,5,0,86,6
2020,,2020-10-02,Jarrod,Berry,Brisbane Lions,WR,4,315,0,18,7,0,1,1,38,6
2020,,2020-10-02,Hugh,McCluggage,Brisbane Lions,WL,7,299,6,15,3,0,10,2,70,14
2020,,2020-10-02,Shai,Bolton,Richmond,INT,2,361,0,7,2,1,6,1,71,12
2020,,2020-10-02,Jack,Graham,Richmond,C,4,210,1,21,0,0,5,1,88,14
2020,,2020-10-02,Cam,Rayner,Brisbane Lions,HFFR,3,82,0,16,0,0,2,0,100,5
2020,,2020-10-02,Zac,Bailey,Brisbane Lions,INT,3,257,1,12,3,1,3,1,70,7
2020,,2020-10-02,Oscar,McInerney,Brisbane Lions,FPL,3,211,2,15,2,1,3,0,78,7
2020,,2020-10-02,Liam,Baker,Richmond,INT,2,105,2,8,1,0,2,1,88,7
2020,,2020-10-02,Brandon,Starcevich,Brisbane Lions,HBFL,1,225,5,10,1,0,5,0,64,7
2020,,2020-10-02,Noah,Balta,Richmond,BPR,1,425,5,5,5,0,3,0,67,8
2020,,2020-10-02,Marlion,Pickett,Richmond,WR,1,193,5,15,5,0,8,2,58,7
2020,,2020-10-02,Jake,Aarts,Richmond,CHF,0,114,2,14,1,0,3,1,50,4
2020,,2020-10-02,Keidean,Coleman,Brisbane Lions,INT,0,66,0,7,2,0,1,0,75,3
2020,,2020-10-03,Paddy,Ryder,St Kilda,RK,7,199,2,11,3,2,3,0,89,8
2020,,2020-10-03,Jarryn,Geary,St Kilda,HBFR,7,124,1,10,3,1,3,0,83,10
2020,,2020-10-03,Dan,Hannebery,St Kilda,INT,5,315,2,15,4,1,3,0,65,13
2020,,2020-10-03,Easton,Wood,Western Bulldogs,BPL,3,73,4,4,0,0,3,0,100,9
2020,,2020-10-03,Jake,Carlisle,St Kilda,FB,2,160,9,5,2,0,4,0,100,11
2020,,2020-10-03,Tom,Liberatore,Western Bulldogs,FPL,3,106,2,19,0,0,8,0,75,12
2020,,2020-10-03,Mitch,Wallis,Western Bulldogs,HFFR,4,101,0,14,0,0,2,0,50,3
2020,,2020-10-03,Bradley,Hill,St Kilda,WL,5,266,2,14,3,0,1,0,75,9
2020,,2020-10-03,Josh,Bruce,Western Bulldogs,CHF,1,52,1,14,2,1,4,1,67,4
2020,,2020-10-03,Hayden,Crozier,Western Bulldogs,INT,4,316,4,10,1,0,2,1,86,12
2020,,2020-10-03,Jason,Johannisen,Western Bulldogs,WR,4,238,4,10,2,0,3,0,77,10
2020,,2020-10-03,Sebastian,Ross,St Kilda,C,5,27,1,13,1,2,3,0,69,11
2020,,2020-10-03,Taylor,Duryea,Western Bulldogs,INT,2,234,4,1,2,0,2,0,75,12
2020,,2020-10-03,Jack,Macrae,Western Bulldogs,C,3,257,5,11,6,1,7,0,65,13
2020,,2020-10-03,Dean,Kent,St Kilda,INT,3,185,0,10,2,0,1,0,80,4
2020,,2020-10-03,Lachie,Hunter,Western Bulldogs,FPR,4,437,1,9,6,0,2,0,85,17
2020,,2020-10-03,Jack,Billings,St Kilda,HFFL,6,226,2,11,1,0,3,1,77,10
2020,,2020-10-03,Marcus,Bontempelli,Western Bulldogs,RR,3,474,1,18,7,0,3,0,60,12
2020,,2020-10-03,Zak,Jones,St Kilda,WR,3,230,0,21,3,2,4,0,75,12
2020,,2020-10-03,Tim,Membrey,St Kilda,CHF,9,371,1,7,3,0,2,0,81,13
2020,,2020-10-03,Jack,Lonie,St Kilda,FPL,6,161,1,10,1,0,2,0,73,8
2020,,2020-10-03,Jack,Sinclair,St Kilda,INT,4,185,4,9,2,1,7,0,86,12
2020,,2020-10-03,Jack,Steele,St Kilda,RR,5,226,1,18,5,1,5,0,69,11
2020,,2020-10-03,Caleb,Daniel,Western Bulldogs,BPR,4,341,6,9,6,0,10,0,81,21
2020,,2020-10-03,Roarke,Smith,Western Bulldogs,R,3,213,3,8,3,0,6,1,87,13
2020,,2020-10-03,Zaine,Cordy,Western Bulldogs,HBFR,1,3,0,5,0,0,0,0,100,3
2020,,2020-10-03,Josh,Dunkley,Western Bulldogs,INT,5,329,0,20,5,2,5,3,54,7
2020,,2020-10-03,Dougal,Howard,St Kilda,CHB,3,604,8,2,6,0,2,0,85,17
2020,,2020-10-03,Bailey,Williams,Western Bulldogs,HBFL,4,385,5,5,5,1,5,0,95,18
2020,,2020-10-03,Dan,Butler,St Kilda,HFFR,5,225,0,17,1,0,3,0,78,7
2020,,2020-10-03,Ben,Long,St Kilda,BPL,0,138,6,14,5,0,3,0,55,6
2020,,2020-10-03,Tim,English,Western Bulldogs,RK,5,232,4,15,1,1,4,0,83,10
2020,,2020-10-03,Alex,Keath,Western Bulldogs,FB,0,114,5,5,2,0,1,0,78,7
2020,,2020-10-03,Rowan,Marshall,St Kilda,FPR,4,341,1,7,1,2,2,0,73,8
2020,,2020-10-03,Patrick,Lipinski,Western Bulldogs,INT,2,239,2,14,4,0,2,0,50,5
2020,,2020-10-03,Hunter,Clark,St Kilda,R,2,125,3,15,3,0,4,0,68,13
2020,,2020-10-03,Aaron,Naughton,Western Bulldogs,FF,2,48,0,13,0,0,0,0,100,5
2020,,2020-10-03,Ed,Richards,Western Bulldogs,HFFL,4,138,0,12,0,1,1,0,86,6
2020,,2020-10-03,Nick,Coffield,St Kilda,BPR,1,72,7,8,2,0,1,0,86,12
2020,,2020-10-03,Ben,Paton,St Kilda,INT,1,95,3,7,0,0,2,0,78,7
2020,,2020-10-03,Bailey,Smith,Western Bulldogs,WL,6,305,5,10,5,1,9,0,58,14
2020,,2020-10-03,Callum,Wilkie,St Kilda,HBFL,2,232,5,6,5,0,2,0,57,8
2020,,2020-10-03,Ryan,Gardner,Western Bulldogs,CHB,3,281,3,3,2,0,3,0,71,10
2020,,2020-10-03,Max,King,St Kilda,FF,4,175,0,6,3,0,0,0,71,5
2020,,2020-10-03,Shannon,Hurn,West Coast,HBFL,1,399,6,2,0,0,1,0,88,15
2020,,2020-10-03,Josh J.,Kennedy,West Coast,FF,8,211,1,2,1,0,2,2,50,5
2020,,2020-10-03,Scott,Pendlebury,Collingwood,R,2,326,3,15,4,2,6,0,61,11
2020,,2020-10-03,Chris,Mayne,Collingwood,INT,3,134,2,9,0,0,3,0,89,16
2020,,2020-10-03,Levi,Greenwood,Collingwood,C,0,195,3,13,4,0,6,1,62,8
2020,,2020-10-03,Nic,Naitanui,West Coast,RK,6,273,4,11,5,3,3,0,59,10
2020,,2020-10-03,Jack,Redden,West Coast,WL,2,135,2,16,4,1,4,0,61,11
2020,,2020-10-03,Luke,Shuey,West Coast,R,5,265,1,20,7,4,3,1,57,8
2020,,2020-10-03,Jordan,Roughead,Collingwood,FB,0,68,2,3,1,0,1,0,100,5
2020,,2020-10-03,Brad,Sheppard,West Coast,BPR,1,154,3,5,1,1,1,0,100,11
2020,,2020-10-03,Jack,Darling,West Coast,CHF,7,266,1,9,3,0,3,0,62,8
2020,,2020-10-03,Andrew,Gaff,West Coast,WR,4,311,1,11,4,1,6,1,71,17
2020,,2020-10-03,Jamie,Cripps,West Coast,HFFL,7,453,2,19,2,0,5,0,77,13
2020,,2020-10-03,Will,Hoskin-Elliott,Collingwood,HFFL,7,85,0,5,1,0,3,2,92,11
2020,,2020-10-03,Adam,Treloar,Collingwood,INT,9,400,1,7,4,3,10,1,76,19
2020,,2020-10-03,Jack,Crisp,Collingwood,BPL,1,295,8,22,4,0,5,0,56,9
2020,,2020-10-03,Taylor,Adams,Collingwood,RR,7,374,3,20,2,0,9,0,46,11
2020,,2020-10-03,Jamie,Elliott,Collingwood,FPL,4,127,0,15,2,2,3,2,56,5
2020,,2020-10-03,Josh,Thomas,Collingwood,HFFR,5,148,0,9,0,0,3,0,78,7
2020,,2020-10-03,Brodie,Grundy,Collingwood,RK,2,48,2,8,0,0,6,0,75,9
2020,,2020-10-03,Dom,Sheed,West Coast,INT,4,186,2,10,5,1,4,0,71,12
2020,,2020-10-03,Jeremy,McGovern,West Coast,CHB,1,190,11,2,1,0,6,0,93,14
2020,,2020-10-03,Jordan,De Goey,Collingwood,FPR,6,304,0,5,2,0,1,0,56,5
2020,,2020-10-03,Jackson,Nelson,West Coast,BPL,0,161,1,9,1,1,1,0,88,7
2020,,2020-10-03,Liam,Duggan,West Coast,HBFR,1,271,5,11,2,1,5,0,80,16
2020,,2020-10-03,Brendon,Ah Chee,West Coast,RR,3,95,1,15,3,0,5,2,63,5
2020,,2020-10-03,Brayden,Maynard,Collingwood,HBFL,1,293,5,8,3,0,5,0,86,12
2020,,2020-10-03,Darcy,Moore,Collingwood,CHB,2,423,6,3,5,0,3,0,77,10
2020,,2020-10-03,Tom,Barrass,West Coast,FB,2,131,2,4,1,0,1,0,100,7
2020,,2020-10-03,Mason,Cox,Collingwood,FF,4,125,0,6,2,0,0,0,83,5
2020,,2020-10-03,Tom,Cole,West Coast,INT,1,165,2,7,2,0,0,0,86,6
2020,,2020-10-03,Josh,Daicos,Collingwood,WR,4,192,2,14,1,0,5,0,82,14
2020,,2020-10-03,Jaidyn,Stephenson,Collingwood,WL,3,357,2,5,3,0,1,0,70,7
2020,,2020-10-03,Tim,Kelly,West Coast,C,2,228,0,22,1,1,6,1,75,9
2020,,2020-10-03,Liam,Ryan,West Coast,FPR,6,163,4,10,2,0,6,0,88,14
2020,,2020-10-03,Jake,Waterman,West Coast,HFFR,1,250,4,10,3,0,1,0,64,7
2020,,2020-10-03,Jack,Petruccelle,West Coast,INT,0,27,0,7,1,0,1,0,67,2
2020,,2020-10-03,Brayden,Ainsworth,West Coast,INT,2,30,1,5,2,0,0,0,83,5
2020,,2020-10-03,Brody,Mihocek,Collingwood,CHF,5,256,2,7,4,0,1,0,80,8
2020,,2020-10-03,Oscar,Allen,West Coast,FPL,5,167,2,7,2,1,4,1,64,9
2020,,2020-10-03,Darcy,Cameron,Collingwood,INT,2,117,4,4,2,0,1,1,71,5
2020,,2020-10-03,Jack,Madgen,Collingwood,BPR,1,261,4,9,5,0,3,0,83,10
2020,,2020-10-03,Isaac,Quaynor,Collingwood,HBFR,0,94,2,5,2,1,4,0,100,11
2020,,2020-10-03,John,Noble,Collingwood,INT,2,259,2,6,5,0,3,0,67,8
2020,,2020-10-09,Shane,Edwards,Richmond,RR,7,237,0,14,5,2,7,0,71,15
2020,,2020-10-09,Bachar,Houli,Richmond,HBFR,6,454,6,10,7,2,6,0,75,24
2020,,2020-10-09,Jack,Riewoldt,Richmond,FF,1,120,0,18,2,0,1,1,100,4
2020,,2020-10-09,Jarryn,Geary,St Kilda,HBFR,2,81,5,14,3,0,6,0,71,10
2020,,2020-10-09,Trent,Cotchin,Richmond,R,4,220,6,14,8,0,7,0,63,12
2020,,2020-10-09,Dan,Hannebery,St Kilda,WR,1,212,2,9,6,1,4,1,55,11
2020,,2020-10-09,Shane,Savage,St Kilda,INT,4,392,3,5,2,0,3,0,77,13
2020,,2020-10-09,Dustin,Martin,Richmond,HFFR,9,597,2,15,2,3,12,0,80,20
2020,,2020-10-09,David,Astbury,Richmond,INT,1,163,2,5,1,0,1,0,92,11
2020,,2020-10-09,Dylan,Grimes,Richmond,FB,2,116,6,11,1,0,2,0,89,8
2020,,2020-10-09,Dion,Prestia,Richmond,C,5,229,2,23,3,2,7,0,71,12
2020,,2020-10-09,Tom,Lynch,Richmond,FPL,9,329,0,12,2,0,2,3,65,11
2020,,2020-10-09,Bradley,Hill,St Kilda,WL,1,209,3,18,3,0,2,0,64,7
2020,,2020-10-09,Sebastian,Ross,St Kilda,C,7,300,5,19,4,0,7,0,72,18
2020,,2020-10-09,Nick,Vlastuin,Richmond,CHB,0,367,6,13,1,0,3,0,81,13
2020,,2020-10-09,Dean,Kent,St Kilda,INT,2,125,0,16,4,0,4,1,64,7
2020,,2020-10-09,Jack,Billings,St Kilda,INT,2,244,2,13,3,0,2,2,44,7
2020,,2020-10-09,Zak,Jones,St Kilda,RR,3,136,2,19,3,1,4,0,79,11
2020,,2020-10-09,Tim,Membrey,St Kilda,CHF,2,256,3,2,1,0,2,0,92,11
2020,,2020-10-09,Kamdyn,McIntosh,Richmond,WL,3,489,5,13,4,0,4,0,74,14
2020,,2020-10-09,Jack,Lonie,St Kilda,FPL,2,164,1,9,0,0,2,0,67,4
2020,,2020-10-09,Jack,Sinclair,St Kilda,INT,2,224,1,17,1,0,5,0,73,8
2020,,2020-10-09,Kane,Lambert,Richmond,INT,2,123,2,22,4,0,3,1,54,7
2020,,2020-10-09,Jack,Steele,St Kilda,R,2,244,4,23,3,1,6,2,88,22
2020,,2020-10-09,Toby,Nankervis,Richmond,RK,7,73,4,11,2,2,4,1,93,13
2020,,2020-10-09,Jonathon,Marsh,St Kilda,BPL,6,284,2,17,2,0,6,0,39,5
2020,,2020-10-09,Daniel,Rioli,Richmond,FPR,3,235,3,15,6,1,1,2,67,10
2020,,2020-10-09,Jayden,Short,Richmond,INT,3,495,4,11,5,0,2,0,77,13
2020,,2020-10-09,Dougal,Howard,St Kilda,FB,1,215,4,9,2,0,1,0,83,10
2020,,2020-10-09,Jason,Castagna,Richmond,CHF,4,211,0,10,2,0,2,0,67,6
2020,,2020-10-09,Nathan,Broad,Richmond,BPL,0,99,6,10,2,0,3,0,73,8
2020,,2020-10-09,Dan,Butler,St Kilda,HFFL,4,193,2,21,1,1,1,4,54,7
2020,,2020-10-09,Shai,Bolton,Richmond,INT,4,281,1,5,2,0,3,1,55,6
2020,,2020-10-09,Josh,Battle,St Kilda,FPR,2,147,2,7,3,1,2,0,78,7
2020,,2020-10-09,Rowan,Marshall,St Kilda,RK,1,313,5,16,6,0,5,0,63,10
2020,,2020-10-09,Jack,Graham,Richmond,HFFL,2,68,0,25,1,1,1,1,93,13
2020,,2020-10-09,Hunter,Clark,St Kilda,HFFR,2,382,3,16,6,0,5,0,71,12
2020,,2020-10-09,Nick,Coffield,St Kilda,HBFL,2,274,9,6,4,0,3,0,77,13
2020,,2020-10-09,Liam,Baker,Richmond,HBFL,1,234,6,6,4,0,6,0,68,13
2020,,2020-10-09,Ben,Paton,St Kilda,BPR,1,169,3,9,1,0,2,0,100,7
2020,,2020-10-09,Noah,Balta,Richmond,BPR,3,199,1,6,2,0,3,0,83,5
2020,,2020-10-09,Callum,Wilkie,St Kilda,CHB,2,155,5,4,1,0,2,0,70,7
2020,,2020-10-09,Marlion,Pickett,Richmond,WR,1,79,0,6,1,2,3,0,56,5
2020,,2020-10-09,Max,King,St Kilda,FF,7,175,1,6,3,0,4,1,58,7
2020,,2020-10-10,Gary,Ablett,Geelong,INT,7,141,1,2,0,0,4,1,90,9
2020,,2020-10-10,Scott,Pendlebury,Collingwood,R,3,285,1,19,2,0,2,1,57,8
2020,,2020-10-10,Joel,Selwood,Geelong,C,4,124,2,15,2,2,5,0,78,14
2020,,2020-10-10,Tom,Hawkins,Geelong,FF,7,277,0,4,2,0,3,2,71,12
2020,,2020-10-10,Lachie,Henderson,Geelong,HBFL,3,255,5,3,5,0,2,0,84,16
2020,,2020-10-10,Chris,Mayne,Collingwood,INT,0,36,3,11,1,0,3,0,83,5
2020,,2020-10-10,Harry,Taylor,Geelong,FB,2,96,1,2,0,0,2,0,75,6
2020,,2020-10-10,Patrick,Dangerfield,Geelong,RR,8,298,2,5,2,2,5,1,84,16
2020,,2020-10-10,Levi,Greenwood,Collingwood,C,0,22,2,6,0,0,2,2,75,3
2020,,2020-10-10,Mitch,Duncan,Geelong,WL,10,487,5,2,3,1,3,0,87,26
2020,,2020-10-10,Jordan,Roughead,Collingwood,FB,0,157,4,5,0,0,1,0,100,7
2020,,2020-10-10,Gary,Rohan,Geelong,CHF,5,313,0,8,3,0,1,2,54,7
2020,,2020-10-10,Rhys,Stanley,Geelong,RK,6,166,3,7,0,2,4,0,80,12
2020,,2020-10-10,Cameron,Guthrie,Geelong,R,7,119,1,13,2,2,7,0,85,23
2020,,2020-10-10,Zach,Tuohy,Geelong,INT,4,241,1,3,3,0,2,0,75,9
2020,,2020-10-10,Luke,Dahlhaus,Geelong,HFFL,7,216,1,9,2,2,3,0,82,14
2020,,2020-10-10,Will,Hoskin-Elliott,Collingwood,HFFL,0,88,1,5,2,0,0,0,33,1
2020,,2020-10-10,Adam,Treloar,Collingwood,INT,3,206,1,11,4,2,7,0,67,12
2020,,2020-10-10,Jack,Crisp,Collingwood,BPL,2,273,7,18,4,0,4,1,54,7
2020,,2020-10-10,Taylor,Adams,Collingwood,RR,1,308,3,18,4,2,8,1,47,8
2020,,2020-10-10,Jamie,Elliott,Collingwood,FPL,3,239,0,13,6,2,3,2,50,5
2020,,2020-10-10,Josh,Thomas,Collingwood,HFFR,3,223,1,11,3,0,3,0,64,9
2020,,2020-10-10,Mark,Blicavs,Geelong,CHB,1,171,3,6,2,0,1,0,86,12
2020,,2020-10-10,Brodie,Grundy,Collingwood,RK,3,102,2,9,1,2,6,1,70,7
2020,,2020-10-10,Jed,Bews,Geelong,INT,1,257,4,14,2,0,4,1,67,8
2020,,2020-10-10,Jordan,De Goey,Collingwood,FPR,2,190,1,4,2,0,3,0,64,9
2020,,2020-10-10,Jake,Kolodjashnij,Geelong,BPR,2,185,1,4,3,0,1,0,77,10
2020,,2020-10-10,Brayden,Maynard,Collingwood,HBFL,1,215,2,11,4,0,2,0,78,7
2020,,2020-10-10,Darcy,Moore,Collingwood,CHB,0,148,3,4,4,0,1,0,60,6
2020,,2020-10-10,Mason,Cox,Collingwood,FF,1,72,1,3,1,0,0,0,100,4
2020,,2020-10-10,Sam,Menegola,Geelong,WR,7,303,2,3,4,0,4,0,74,17
2020,,2020-10-10,Brandan,Parfitt,Geelong,INT,6,215,2,18,6,1,5,1,71,12
2020,,2020-10-10,Tom,Stewart,Geelong,HBFR,6,332,8,2,1,0,5,0,92,24
2020,,2020-10-10,Mark,O'Connor,Geelong,FPL,2,88,3,6,0,0,2,0,100,9
2020,,2020-10-10,Sam,Simpson,Geelong,FPR,4,92,3,10,1,0,5,1,75,12
2020,,2020-10-10,Josh,Daicos,Collingwood,WR,2,238,2,8,2,0,1,0,60,6
2020,,2020-10-10,Jaidyn,Stephenson,Collingwood,WL,1,43,1,11,1,0,1,0,67,2
2020,,2020-10-10,Jack,Henry,Geelong,BPL,5,61,5,3,0,0,3,0,92,11
2020,,2020-10-10,Brody,Mihocek,Collingwood,CHF,2,164,0,8,1,0,2,0,83,5
2020,,2020-10-10,Darcy,Cameron,Collingwood,INT,0,0,0,9,1,0,1,0,60,3
2020,,2020-10-10,Jack,Madgen,Collingwood,BPR,1,141,4,4,4,0,0,0,63,5
2020,,2020-10-10,Gryan,Miers,Geelong,HFFR,3,185,1,12,1,0,2,1,73,8
2020,,2020-10-10,Isaac,Quaynor,Collingwood,HBFR,0,169,4,15,3,1,3,0,78,7
2020,,2020-10-10,John,Noble,Collingwood,INT,0,143,1,6,3,0,2,0,17,1
2020,,2020-10-16,Shane,Edwards,Richmond,RR,2,191,2,18,5,0,2,1,73,8
2020,,2020-10-16,Bachar,Houli,Richmond,HBFR,0,341,4,12,8,1,3,0,60,9
2020,,2020-10-16,Jack,Riewoldt,Richmond,FF,3,108,0,18,2,0,1,1,17,1
2020,,2020-10-16,Robbie,Gray,Port Adelaide,CHF,4,201,1,9,4,0,4,0,53,10
2020,,2020-10-16,Travis,Boak,Port Adelaide,R,2,430,3,20,8,1,10,0,50,10
2020,,2020-10-16,Brad,Ebert,Port Adelaide,HFFL,2,399,3,14,4,0,3,0,67,12
2020,,2020-10-16,Trent,Cotchin,Richmond,R,2,321,7,17,5,2,10,0,47,8
2020,,2020-10-16,Hamish,Hartlett,Port Adelaide,HBFR,2,267,9,17,4,0,3,0,75,9
2020,,2020-10-16,Tom,Rockliff,Port Adelaide,C,3,292,4,26,5,1,9,0,60,12
2020,,2020-10-16,Dustin,Martin,Richmond,HFFR,6,234,0,12,4,2,8,0,62,13
2020,,2020-10-16,Steven,Motlop,Port Adelaide,INT,3,186,2,12,4,0,4,1,60,6
2020,,2020-10-16,David,Astbury,Richmond,INT,1,172,4,7,3,1,3,0,71,5
2020,,2020-10-16,Dylan,Grimes,Richmond,FB,1,167,4,10,2,0,0,0,80,4
2020,,2020-10-16,Charlie,Dixon,Port Adelaide,FPR,2,140,0,8,4,0,2,0,44,4
2020,,2020-10-16,Trent,McKenzie,Port Adelaide,FB,0,254,5,5,2,0,2,0,78,7
2020,,2020-10-16,Dion,Prestia,Richmond,C,3,327,3,15,7,2,8,1,47,9
2020,,2020-10-16,Tom,Lynch,Richmond,FPL,5,169,1,9,5,0,3,1,44,4
2020,,2020-10-16,Scott,Lycett,Port Adelaide,RK,2,152,2,11,2,1,5,0,89,8
2020,,2020-10-16,Tom,Jonas,Port Adelaide,BPL,0,349,10,8,3,0,8,0,86,12
2020,,2020-10-16,Ollie,Wines,Port Adelaide,RR,4,331,4,19,6,1,6,0,58,14
2020,,2020-10-16,Nick,Vlastuin,Richmond,CHB,2,323,9,6,3,0,4,0,91,10
2020,,2020-10-16,Tom,Clurey,Port Adelaide,BPR,1,171,9,8,0,0,4,0,64,7
2020,,2020-10-16,Kamdyn,McIntosh,Richmond,WL,2,295,4,14,2,0,6,0,46,6
2020,,2020-10-16,Kane,Lambert,Richmond,INT,4,201,1,21,4,0,3,0,54,7
2020,,2020-10-16,Karl,Amon,Port Adelaide,WL,1,262,4,15,1,0,3,0,75,12
2020,,2020-10-16,Toby,Nankervis,Richmond,RK,2,294,6,19,2,1,3,0,54,7
2020,,2020-10-16,Daniel,Rioli,Richmond,INT,2,131,2,13,4,0,4,2,92,12
2020,,2020-10-16,Jayden,Short,Richmond,INT,2,401,7,12,6,0,4,0,43,6
2020,,2020-10-16,Darcy,Byrne-Jones,Port Adelaide,CHB,0,199,4,21,2,0,2,0,83,10
2020,,2020-10-16,Jason,Castagna,Richmond,CHF,2,83,2,15,1,0,2,0,71,5
2020,,2020-10-16,Nathan,Broad,Richmond,BPL,2,211,4,11,3,0,2,0,78,7
2020,,2020-10-16,Ryan,Burton,Port Adelaide,HBFL,2,123,2,3,1,0,2,0,20,1
2020,,2020-10-16,Dan,Houston,Port Adelaide,INT,2,688,9,18,10,0,6,0,70,16
2020,,2020-10-16,Sam,Powell-Pepper,Port Adelaide,INT,1,169,3,16,4,0,7,0,67,10
2020,,2020-10-16,Shai,Bolton,Richmond,FPR,6,337,1,18,4,0,4,0,67,10
2020,,2020-10-16,Todd,Marshall,Port Adelaide,FPL,3,77,1,7,1,0,2,0,67,4
2020,,2020-10-16,Jack,Graham,Richmond,HFFL,1,195,1,23,6,0,5,0,50,7
2020,,2020-10-16,Liam,Baker,Richmond,HBFL,1,197,8,14,5,0,6,0,50,6
2020,,2020-10-16,Noah,Balta,Richmond,BPR,4,366,6,8,3,1,3,0,55,6
2020,,2020-10-16,Zak,Butters,Port Adelaide,HFFR,3,56,1,14,1,0,3,1,67,6
2020,,2020-10-16,Xavier,Duursma,Port Adelaide,WR,3,552,6,10,7,0,6,0,58,11
2020,,2020-10-16,Connor,Rozee,Port Adelaide,FF,2,253,1,13,3,0,3,3,79,11
2020,,2020-10-16,Peter,Ladhams,Port Adelaide,INT,1,59,3,9,4,0,2,0,83,5
2020,,2020-10-16,Marlion,Pickett,Richmond,WR,3,241,4,14,2,1,8,0,46,6
2020,,2020-10-17,Gary,Ablett,Geelong,INT,7,285,1,12,2,0,4,1,64,9
2020,,2020-10-17,Grant,Birchall,Brisbane Lions,HBFR,2,215,1,4,2,0,0,0,60,6
2020,,2020-10-17,Joel,Selwood,Geelong,C,6,211,1,15,1,2,3,1,69,11
2020,,2020-10-17,Tom,Hawkins,Geelong,FF,9,178,0,8,1,0,2,3,33,4
2020,,2020-10-17,Lachie,Henderson,Geelong,HBFL,3,282,7,5,1,0,3,0,87,13
2020,,2020-10-17,Harry,Taylor,Geelong,FB,1,52,3,4,0,0,1,0,83,5
2020,,2020-10-17,Stefan,Martin,Brisbane Lions,INT,1,90,2,9,3,1,2,0,0,0
2020,,2020-10-17,Patrick,Dangerfield,Geelong,RR,8,424,1,10,5,3,4,1,59,10
2020,,2020-10-17,Mitch,Robinson,Brisbane Lions,C,1,273,2,8,4,0,5,1,50,6
2020,,2020-10-17,Daniel,Rich,Brisbane Lions,BPL,2,525,2,14,5,1,3,0,78,14
2020,,2020-10-17,Mitch,Duncan,Geelong,WL,9,205,3,11,0,1,5,1,77,17
2020,,2020-10-17,Gary,Rohan,Geelong,CHF,7,226,0,10,1,0,3,0,73,8
2020,,2020-10-17,Rhys,Stanley,Geelong,RK,3,225,3,5,5,0,4,0,40,6
2020,,2020-10-17,Cameron,Guthrie,Geelong,R,5,113,2,16,2,0,4,1,77,13
2020,,2020-10-17,Ryan,Lester,Brisbane Lions,CHB,1,237,7,15,3,0,4,0,64,9
2020,,2020-10-17,Zach,Tuohy,Geelong,INT,5,212,3,3,2,2,5,0,69,11
2020,,2020-10-17,Luke,Dahlhaus,Geelong,HFFL,3,35,1,11,0,0,5,0,100,9
2020,,2020-10-17,Lachie,Neale,Brisbane Lions,R,4,321,1,23,3,1,11,0,71,17
2020,,2020-10-17,Jarryd,Lyons,Brisbane Lions,RR,2,103,2,24,5,2,5,1,63,10
2020,,2020-10-17,Dayne,Zorko,Brisbane Lions,HFFL,3,262,1,15,5,0,3,1,62,8
2020,,2020-10-17,Lincoln,McCarthy,Brisbane Lions,WR,4,205,1,19,3,2,8,2,64,9
2020,,2020-10-17,Mark,Blicavs,Geelong,CHB,6,163,3,10,2,1,6,2,80,8
2020,,2020-10-17,Charlie,Cameron,Brisbane Lions,FPR,2,101,0,8,2,0,1,1,60,3
2020,,2020-10-17,Jed,Bews,Geelong,INT,1,118,4,6,0,0,3,0,63,5
2020,,2020-10-17,Cameron,Ellis-Yolmen,Brisbane Lions,RK,0,58,1,17,3,1,7,1,58,7
2020,,2020-10-17,Daniel,McStay,Brisbane Lions,CHF,1,32,0,7,1,0,1,0,0,0
2020,,2020-10-17,Harris,Andrews,Brisbane Lions,BPR,1,214,7,4,1,0,2,0,70,7
2020,,2020-10-17,Jake,Kolodjashnij,Geelong,BPR,1,147,5,3,1,0,4,0,89,8
2020,,2020-10-17,Callum,Ah Chee,Brisbane Lions,INT,3,184,1,15,3,0,1,0,89,8
2020,,2020-10-17,Eric,Hipwood,Brisbane Lions,FF,2,122,1,5,2,0,1,0,60,3
2020,,2020-10-17,Sam,Menegola,Geelong,WR,10,403,5,8,3,0,4,0,74,14
2020,,2020-10-17,Brandan,Parfitt,Geelong,INT,6,287,2,15,4,0,6,1,64,9
2020,,2020-10-17,Tom,Stewart,Geelong,HBFR,2,463,6,1,3,1,5,0,79,15
2020,,2020-10-17,Jarrod,Berry,Brisbane Lions,INT,1,83,1,12,2,0,3,0,63,5
2020,,2020-10-17,Hugh,McCluggage,Brisbane Lions,WL,1,261,1,13,5,0,6,0,47,8
2020,,2020-10-17,Mark,O'Connor,Geelong,FPL,3,174,3,10,3,0,5,0,85,11
2020,,2020-10-17,Sam,Simpson,Geelong,FPR,5,185,1,14,2,0,8,3,64,9
2020,,2020-10-17,Cam,Rayner,Brisbane Lions,HFFR,3,126,1,8,0,0,2,0,100,6
2020,,2020-10-17,Jack,Henry,Geelong,BPL,3,249,2,4,2,0,2,0,80,8
2020,,2020-10-17,Zac,Bailey,Brisbane Lions,INT,2,95,1,11,2,0,1,1,63,5
2020,,2020-10-17,Oscar,McInerney,Brisbane Lions,FPL,1,214,3,14,0,0,3,0,63,5
2020,,2020-10-17,Brandon,Starcevich,Brisbane Lions,HBFL,1,205,2,14,1,0,2,0,75,6
2020,,2020-10-17,Gryan,Miers,Geelong,HFFR,5,276,1,11,2,0,3,1,79,11
2020,,2020-10-17,Jack,Payne,Brisbane Lions,FB,1,182,4,5,2,1,1,0,67,6
2020,,2020-10-24,Gary,Ablett,Geelong,INT,3,185,0,4,3,0,4,0,67,8
2020,,2020-10-24,Joel,Selwood,Geelong,C,5,284,4,16,5,2,6,1,52,11
2020,,2020-10-24,Tom,Hawkins,Geelong,FF,5,105,0,13,3,0,2,3,50,5
2020,,2020-10-24,Shane,Edwards,Richmond,RR,4,389,1,12,9,3,7,1,52,14
2020,,2020-10-24,Bachar,Houli,Richmond,HBFR,0,64,5,6,1,0,4,0,91,10
2020,,2020-10-24,Jack,Riewoldt,Richmond,FF,6,229,0,11,3,0,1,1,44,4
2020,,2020-10-24,Lachie,Henderson,Geelong,HBFL,0,215,4,5,3,0,3,0,86,6
2020,,2020-10-24,Harry,Taylor,Geelong,FB,0,36,7,6,2,0,4,0,57,4
2020,,2020-10-24,Trent,Cotchin,Richmond,R,4,305,3,14,5,3,5,0,53,10
2020,,2020-10-24,Patrick,Dangerfield,Geelong,RR,3,202,3,14,4,2,5,2,67,8
2020,,2020-10-24,Dustin,Martin,Richmond,HFFR,9,457,2,9,3,2,8,1,67,14
2020,,2020-10-24,Mitch,Duncan,Geelong,WL,5,470,3,15,5,1,4,1,64,16
2020,,2020-10-24,David,Astbury,Richmond,INT,0,138,5,5,5,0,1,0,71,5
2020,,2020-10-24,Gary,Rohan,Geelong,CHF,1,48,3,16,2,0,2,0,40,2
2020,,2020-10-24,Rhys,Stanley,Geelong,RK,3,183,3,10,4,0,4,0,29,4
2020,,2020-10-24,Dylan,Grimes,Richmond,FB,0,45,3,6,1,0,0,0,75,3
2020,,2020-10-24,Cameron,Guthrie,Geelong,R,4,375,1,22,3,1,1,1,71,10
2020,,2020-10-24,Dion,Prestia,Richmond,C,3,207,3,20,4,2,4,0,57,8
2020,,2020-10-24,Tom,Lynch,Richmond,FPL,2,166,0,16,4,0,2,1,38,3
2020,,2020-10-24,Zach,Tuohy,Geelong,INT,2,109,4,10,2,0,10,0,64,9
2020,,2020-10-24,Luke,Dahlhaus,Geelong,HFFL,4,205,2,12,5,0,6,1,64,9
2020,,2020-10-24,Mark,Blicavs,Geelong,CHB,1,164,1,15,5,0,4,0,69,9
2020,,2020-10-24,Nick,Vlastuin,Richmond,CHB,0,-9,1,2,0,0,1,0,0,0
2020,,2020-10-24,Jed,Bews,Geelong,INT,1,128,2,8,2,0,3,0,56,5
2020,,2020-10-24,Kamdyn,McIntosh,Richmond,WL,2,261,5,4,3,0,4,0,62,8
2020,,2020-10-24,Kane,Lambert,Richmond,HFFL,5,158,3,14,3,0,4,0,69,9
2020,,2020-10-24,Jake,Kolodjashnij,Geelong,BPR,2,137,2,14,1,0,2,0,50,4
2020,,2020-10-24,Toby,Nankervis,Richmond,RK,2,60,2,19,0,2,4,0,75,6
2020,,2020-10-24,Daniel,Rioli,Richmond,INT,3,-5,2,14,2,0,4,1,83,5
2020,,2020-10-24,Jayden,Short,Richmond,INT,6,771,8,15,5,0,8,0,72,18
2020,,2020-10-24,Jason,Castagna,Richmond,CHF,4,178,0,15,1,0,3,2,46,5
2020,,2020-10-24,Nathan,Broad,Richmond,BPL,0,165,3,9,4,0,3,0,75,6
2020,,2020-10-24,Sam,Menegola,Geelong,WR,5,306,4,7,3,0,4,0,85,11
2020,,2020-10-24,Brandan,Parfitt,Geelong,INT,2,150,1,18,3,1,3,3,43,3
2020,,2020-10-24,Tom,Stewart,Geelong,HBFR,1,624,10,5,6,0,4,0,65,13
2020,,2020-10-24,Mark,O'Connor,Geelong,FPL,1,115,5,12,3,0,5,0,56,5
2020,,2020-10-24,Shai,Bolton,Richmond,FPR,3,381,4,16,2,0,7,1,56,9
2020,,2020-10-24,Sam,Simpson,Geelong,FPR,1,33,2,18,1,0,8,0,67,8
2020,,2020-10-24,Jack,Graham,Richmond,INT,6,198,5,15,3,0,8,0,71,12
2020,,2020-10-24,Jack,Henry,Geelong,BPL,0,190,7,4,4,0,7,0,50,7
2020,,2020-10-24,Liam,Baker,Richmond,HBFL,5,361,7,13,3,1,4,0,86,12
2020,,2020-10-24,Noah,Balta,Richmond,BPR,3,181,6,8,3,0,2,0,50,6
2020,,2020-10-24,Gryan,Miers,Geelong,HFFR,6,247,1,12,3,0,2,2,86,12
2020,,2020-10-24,Marlion,Pickett,Richmond,WR,2,194,4,14,5,0,4,0,43,6
