year,round,date,player_first_name,player_last_name,player_team,player_position,score_involvements,metres_gained,intercepts,pressure_acts,turnovers,centre_clearances,ground_ball_gets,tackles_inside_fifty,disposal_efficiency_percentage,effective_disposals
2025,0.0,2025-03-07,Taylor,Adams,Sydney,INT,2,106,0,7,4,0,3,0,75,6
2025,0.0,2025-03-07,Sam,Frost,Hawthorn,SUB,0,63,2,1,1,0,2,0,67,2
2025,0.0,2025-03-07,Dane,Rampe,Sydney,CHB,0,301,5,7,4,0,2,0,55,6
2025,0.0,2025-03-07,Brodie,Grundy,Sydney,RK,7,15,3,12,1,1,5,0,55,6
2025,0.0,2025-03-07,Jarman,Impey,Hawthorn,CHB,2,228,0,8,3,0,0,0,75,9
2025,0.0,2025-03-07,Jake,Lloyd,Sydney,WL,3,271,4,14,4,0,2,0,63,12
2025,0.0,2025-03-07,Isaac,Heeney,Sydney,C,6,166,1,26,2,6,9,2,71,15
2025,0.0,2025-03-07,James,Sicily,Hawthorn,BPR,7,431,8,3,4,0,3,0,70,14
2025,0.0,2025-03-07,Karl,Amon,Hawthorn,R,5,698,5,8,8,1,3,0,70,19
2025,0.0,2025-03-07,Tom,Barrass,Hawthorn,BPL,4,64,5,3,1,0,0,0,78,7
2025,0.0,2025-03-07,Tom,Papley,Sydney,HFFR,6,138,0,7,4,0,7,0,69,9
2025,0.0,2025-03-07,Blake,Hardwick,Hawthorn,FB,1,150,1,13,3,0,4,3,67,6
2025,0.0,2025-03-07,Mabior,Chol,Hawthorn,FF,3,50,1,14,0,0,5,1,67,6
2025,0.0,2025-03-07,Oliver,Florent,Sydney,INT,4,338,3,8,4,0,1,0,63,10
2025,0.0,2025-03-07,Will,Hayward,Sydney,FPL,2,83,0,13,0,0,1,2,80,4
2025,0.0,2025-03-07,Lewis,Melican,Sydney,FB,0,75,5,10,2,0,4,0,82,9
2025,0.0,2025-03-07,Josh,Battle,Hawthorn,HBFR,3,374,1,6,3,0,1,0,77,10
2025,0.0,2025-03-07,Jack,Scrimshaw,Hawthorn,INT,6,113,9,7,1,0,2,0,94,17
2025,0.0,2025-03-07,Harry,Morrison,Hawthorn,CHF,2,316,4,8,4,0,3,0,93,14
2025,0.0,2025-03-07,James,Worpel,Hawthorn,RR,6,268,1,11,1,3,4,1,46,5
2025,0.0,2025-03-07,Tom,McCartin,Sydney,CHF,2,151,0,6,2,0,0,0,71,5
2025,0.0,2025-03-07,Ben,Paton,Sydney,HBFR,2,140,6,12,0,0,5,0,92,11
2025,0.0,2025-03-07,Conor,Nash,Hawthorn,INT,4,206,2,20,1,1,10,1,65,13
2025,0.0,2025-03-07,Nick,Blakey,Sydney,BPL,3,804,8,1,4,0,4,0,81,21
2025,0.0,2025-03-07,Dylan,Moore,Hawthorn,WL,6,206,1,12,2,0,5,0,72,13
2025,0.0,2025-03-07,Justin,McInerney,Sydney,WR,6,192,0,14,2,0,4,1,81,13
2025,0.0,2025-03-07,James,Rowbottom,Sydney,R,5,250,2,19,3,1,4,1,75,12
2025,0.0,2025-03-07,Will,Day,Hawthorn,FPR,7,454,5,21,2,2,4,1,81,21
2025,0.0,2025-03-07,Chad,Warner,Sydney,RR,12,602,2,18,3,1,5,0,76,16
2025,0.0,2025-03-07,Sam,Wicks,Sydney,BPR,4,319,9,11,3,0,3,0,67,12
2025,0.0,2025-03-07,Finn,Maginness,Hawthorn,INT,4,153,1,8,5,0,4,0,39,5
2025,0.0,2025-03-07,Joel,Amartey,Sydney,FF,5,229,2,8,1,0,3,1,73,8
2025,0.0,2025-03-07,James,Jordon,Sydney,FPR,2,227,2,21,4,3,5,0,70,14
2025,0.0,2025-03-07,Lloyd,Meek,Hawthorn,RK,3,297,2,20,3,3,7,1,71,10
2025,0.0,2025-03-07,Braeden,Campbell,Sydney,HFFL,3,225,0,17,2,0,2,0,88,7
2025,0.0,2025-03-07,Jai,Newcombe,Hawthorn,C,8,218,1,25,5,5,3,0,79,15
2025,0.0,2025-03-07,Jack,Ginnivan,Hawthorn,FPL,4,235,2,17,3,0,6,2,56,9
2025,0.0,2025-03-07,Angus,Sheldrick,Sydney,INT,1,224,1,9,4,0,3,1,67,6
2025,0.0,2025-03-07,Connor,Macdonald,Hawthorn,WR,2,220,1,13,2,0,1,0,88,7
2025,0.0,2025-03-07,Matt,Roberts,Sydney,HBFL,6,447,8,12,6,0,7,0,77,20
2025,0.0,2025-03-07,Massimo,D'Ambrosio,Hawthorn,HFFL,6,554,2,11,3,0,4,0,68,13
2025,0.0,2025-03-07,Cam,Mackenzie,Hawthorn,INT,2,161,4,23,3,1,9,2,69,11
2025,0.0,2025-03-07,Corey,Warner,Sydney,INT,3,154,1,11,1,0,5,1,80,8
2025,0.0,2025-03-07,Josh,Weddle,Hawthorn,HBFL,3,122,4,10,1,0,3,0,67,8
2025,0.0,2025-03-07,Nick,Watson,Hawthorn,HFFR,2,81,0,13,4,0,2,0,75,3
2025,0.0,2025-03-07,Tom,Hanily,Sydney,SUB,1,40,0,6,2,0,2,1,67,4
2025,0.0,2025-03-09,Scott,Pendlebury,Collingwood,C,5,227,2,21,2,2,5,0,79,15
2025,0.0,2025-03-09,Callan,Ward,Greater Western Sydney,C,5,358,2,14,2,0,0,0,83,19
2025,0.0,2025-03-09,Steele,Sidebottom,Collingwood,WL,3,244,3,13,3,1,7,0,47,7
2025,0.0,2025-03-09,Jeremy,Howe,Collingwood,INT,3,394,3,6,3,0,1,0,69,9
2025,0.0,2025-03-09,Lachlan,Keeffe,Greater Western Sydney,FPR,1,144,2,15,4,1,3,0,63,5
2025,0.0,2025-03-09,Stephen,Coniglio,Greater Western Sydney,RR,2,137,0,6,1,0,2,0,82,9
2025,0.0,2025-03-09,Toby,Greene,Greater Western Sydney,CHF,11,303,2,13,2,1,5,0,67,12
2025,0.0,2025-03-09,Will,Hoskin-Elliott,Collingwood,FF,4,196,2,4,1,0,5,1,55,6
2025,0.0,2025-03-09,Jack,Crisp,Collingwood,RR,3,368,2,8,3,1,7,0,55,11
2025,0.0,2025-03-09,Jamie,Elliott,Collingwood,HFFR,6,263,1,10,5,0,5,0,63,10
2025,0.0,2025-03-09,Lachie,Whitfield,Greater Western Sydney,HBFL,4,477,4,13,3,0,4,0,85,22
2025,0.0,2025-03-09,Josh,Kelly,Greater Western Sydney,WL,8,279,6,18,5,2,13,0,75,27
2025,0.0,2025-03-09,Daniel,McStay,Collingwood,FPL,4,104,1,6,3,0,2,0,86,6
2025,0.0,2025-03-09,Tim,Membrey,Collingwood,INT,2,11,1,4,3,0,5,0,63,5
2025,0.0,2025-03-09,Brayden,Maynard,Collingwood,BPL,3,355,3,15,3,0,1,0,93,14
2025,0.0,2025-03-09,Darcy,Moore,Collingwood,FB,1,193,7,4,1,0,2,0,92,12
2025,0.0,2025-03-09,Harry,Himmelberg,Greater Western Sydney,BPR,3,430,4,1,1,0,2,0,95,20
2025,0.0,2025-03-09,Harry,Perryman,Collingwood,CHB,9,389,4,13,5,0,6,1,59,16
2025,0.0,2025-03-09,Josh,Daicos,Collingwood,HBFR,6,548,3,10,4,1,3,0,68,19
2025,0.0,2025-03-09,Patrick,Lipinski,Collingwood,WR,2,202,5,13,2,0,7,1,88,15
2025,0.0,2025-03-09,Brody,Mihocek,Collingwood,CHF,2,125,0,4,4,0,2,1,67,6
2025,0.0,2025-03-09,Sam,Taylor,Greater Western Sydney,FB,2,313,12,8,3,0,0,0,94,16
2025,0.0,2025-03-09,Brent,Daniels,Greater Western Sydney,HFFR,6,481,3,22,5,1,7,1,62,13
2025,0.0,2025-03-09,Darcy,Cameron,Collingwood,RK,3,446,6,10,3,2,4,1,59,13
2025,0.0,2025-03-09,Lachie,Schultz,Collingwood,FPR,4,260,0,12,4,0,1,0,40,4
2025,0.0,2025-03-09,Isaac,Quaynor,Collingwood,BPR,2,422,4,20,4,0,3,0,69,11
2025,0.0,2025-03-09,Bobby,Hill,Collingwood,HFFL,6,255,1,7,2,0,4,2,58,7
2025,0.0,2025-03-09,Connor,Idun,Greater Western Sydney,BPL,3,169,5,11,1,0,4,0,87,13
2025,0.0,2025-03-09,Toby,Bedford,Greater Western Sydney,HFFL,9,266,1,18,1,1,3,1,79,11
2025,0.0,2025-03-09,Lachie,Ash,Greater Western Sydney,HBFR,8,511,2,16,3,0,2,0,84,21
2025,0.0,2025-03-09,Xavier,O'Halloran,Greater Western Sydney,WR,3,278,1,17,6,0,3,0,54,7
2025,0.0,2025-03-09,Jack,Buckley,Greater Western Sydney,CHB,2,206,3,5,1,0,2,0,88,7
2025,0.0,2025-03-09,Beau,McCreery,Collingwood,INT,5,190,0,18,3,3,3,1,50,6
2025,0.0,2025-03-09,Conor,Stone,Greater Western Sydney,INT,4,295,6,9,2,0,2,0,73,8
2025,0.0,2025-03-09,Kieren,Briggs,Greater Western Sydney,RK,1,46,0,1,0,0,0,0,100,1
2025,0.0,2025-03-09,Callum,Brown,Greater Western Sydney,INT,5,114,0,7,2,0,3,1,57,4
2025,0.0,2025-03-09,Nick,Daicos,Collingwood,R,3,88,1,9,2,1,8,0,62,13
2025,0.0,2025-03-09,Reef,McInnes,Collingwood,HBFL,1,299,4,4,3,0,1,0,77,10
2025,0.0,2025-03-09,Finn,Callaghan,Greater Western Sydney,R,12,730,1,13,1,2,8,0,85,28
2025,0.0,2025-03-09,Jacob,Wehr,Greater Western Sydney,SUB,1,329,6,10,5,0,7,0,63,10
2025,0.0,2025-03-09,Ned,Long,Collingwood,SUB,3,144,2,6,0,0,3,0,67,6
2025,0.0,2025-03-09,Aaron,Cadman,Greater Western Sydney,FF,2,69,0,11,4,0,1,1,40,2
2025,0.0,2025-03-09,Darcy,Jones,Greater Western Sydney,FPL,7,365,3,13,3,0,7,1,60,9
2025,0.0,2025-03-09,Edward,Allan,Collingwood,INT,5,269,1,18,1,1,5,0,74,14
2025,0.0,2025-03-09,Max,Gruzewski,Greater Western Sydney,INT,4,150,0,8,1,0,3,1,78,7
2025,0.0,2025-03-09,James,Leake,Greater Western Sydney,INT,5,142,1,10,0,0,5,0,73,8
2025,1.0,2025-03-13,Tom,Lynch,Richmond,FF,4,162,1,11,6,0,7,1,69,9
2025,1.0,2025-03-13,Nick,Haynes,Carlton,HBFL,0,286,5,3,4,0,4,0,67,12
2025,1.0,2025-03-13,Sam,Docherty,Carlton,SUB,4,239,2,6,1,1,6,1,50,7
2025,1.0,2025-03-13,Nick,Vlastuin,Richmond,CHB,0,521,11,8,6,0,3,0,81,17
2025,1.0,2025-03-13,Zac,Williams,Carlton,FF,6,282,0,9,1,0,2,1,60,6
2025,1.0,2025-03-13,Patrick,Cripps,Carlton,C,9,216,1,13,3,3,5,1,72,23
2025,1.0,2025-03-13,Blake,Acres,Carlton,WL,4,354,6,13,7,0,3,0,52,11
2025,1.0,2025-03-13,Kamdyn,McIntosh,Richmond,C,3,304,1,23,3,0,5,0,69,11
2025,1.0,2025-03-13,Adam,Saad,Carlton,CHB,4,414,9,14,3,0,6,0,86,18
2025,1.0,2025-03-13,Toby,Nankervis,Richmond,RK,5,329,3,21,4,2,9,0,71,15
2025,1.0,2025-03-13,Jacob,Weitering,Carlton,FB,2,249,14,4,0,0,5,0,81,17
2025,1.0,2025-03-13,Mitch,McGovern,Carlton,BPR,2,357,8,4,5,0,2,0,64,9
2025,1.0,2025-03-13,George,Hewett,Carlton,R,4,333,5,16,5,1,8,0,56,14
2025,1.0,2025-03-13,Jayden,Short,Richmond,HBFL,3,589,1,17,5,0,2,0,90,17
2025,1.0,2025-03-13,Jacob,Hopper,Richmond,R,3,186,1,13,2,1,5,0,73,16
2025,1.0,2025-03-13,Nathan,Broad,Richmond,BPR,2,191,7,9,1,0,4,0,82,9
2025,1.0,2025-03-13,Jack,Silvagni,Carlton,BPL,6,296,4,11,2,0,3,0,69,11
2025,1.0,2025-03-13,Tim,Taranto,Richmond,RR,2,389,5,17,9,3,12,0,50,15
2025,1.0,2025-03-13,Harry,McKay,Carlton,FPR,5,297,1,5,3,1,4,0,71,10
2025,1.0,2025-03-13,Lachie,Fogarty,Carlton,INT,2,135,0,7,4,0,5,2,83,10
2025,1.0,2025-03-13,Adam,Cerra,Carlton,RR,5,379,4,29,3,0,10,0,65,17
2025,1.0,2025-03-13,Tom,De Koning,Carlton,RK,4,509,5,15,8,4,7,0,61,17
2025,1.0,2025-03-13,Sam,Walsh,Carlton,HFFL,5,246,3,16,4,0,11,1,60,15
2025,1.0,2025-03-13,Jack,Ross,Richmond,INT,6,591,2,15,3,2,10,0,82,23
2025,1.0,2025-03-13,Matthew,Cottrell,Carlton,CHF,5,141,1,13,1,0,6,3,55,6
2025,1.0,2025-03-13,Thomson,Dow,Richmond,INT,2,297,2,27,7,0,9,0,59,13
2025,1.0,2025-03-13,Francis,Evans,Carlton,FPL,2,140,1,10,3,0,2,0,71,5
2025,1.0,2025-03-13,Rhyan,Mansell,Richmond,HFFL,5,186,0,11,0,0,6,0,100,10
2025,1.0,2025-03-13,Brodie,Kemp,Carlton,HFFR,6,102,0,8,1,0,2,0,63,5
2025,1.0,2025-03-13,Ben,Miller,Richmond,BPL,2,333,9,4,3,0,3,0,85,11
2025,1.0,2025-03-13,Jesse,Motlop,Carlton,INT,4,185,1,11,4,1,4,0,50,5
2025,1.0,2025-03-13,Tyler,Sonsie,Richmond,SUB,1,98,3,7,1,0,2,0,86,6
2025,1.0,2025-03-13,Lachlan,Cowan,Carlton,HBFR,3,348,6,12,2,0,5,0,72,13
2025,1.0,2025-03-13,Oliver,Hollands,Carlton,INT,3,400,2,19,1,0,5,0,74,14
2025,1.0,2025-03-13,Sam,Banks,Richmond,WL,4,232,2,14,1,0,5,0,71,15
2025,1.0,2025-03-13,Jacob,Bauer,Richmond,FPL,2,138,1,10,3,1,0,2,44,4
2025,1.0,2025-03-13,James,Trezise,Richmond,WR,1,322,4,15,6,0,5,0,79,15
2025,1.0,2025-03-13,Tom,Brown,Richmond,INT,3,328,5,6,2,0,3,0,90,9
2025,1.0,2025-03-13,Seth,Campbell,Richmond,CHF,3,86,1,20,3,0,2,2,88,7
2025,1.0,2025-03-13,Steely,Green,Richmond,HFFR,1,235,1,18,5,0,1,0,43,3
2025,1.0,2025-03-13,Jacob,Blight,Richmond,FB,0,91,5,4,2,0,1,0,83,5
2025,1.0,2025-03-13,Cooper,Lord,Carlton,INT,1,178,2,16,1,0,6,1,57,8
2025,1.0,2025-03-13,Harry,Armstrong,Richmond,INT,2,50,0,9,1,0,4,0,60,3
2025,1.0,2025-03-13,Sam,Lalor,Richmond,FPR,8,181,2,12,3,0,5,1,78,14
2025,1.0,2025-03-13,Luke,Trainor,Richmond,HBFR,2,372,4,14,6,0,3,0,67,10
2025,1.0,2025-03-13,Lucas,Camporeale,Carlton,WR,1,168,3,13,5,0,4,0,50,10
2025,1.0,2025-03-14,Dylan,Shiel,Essendon,RK,1,371,6,13,4,0,6,0,65,15
2025,1.0,2025-03-14,Sam,Frost,Hawthorn,SUB,0,106,4,4,3,0,4,0,80,4
2025,1.0,2025-03-14,Jarman,Impey,Hawthorn,CHB,3,246,2,17,2,0,1,0,100,11
2025,1.0,2025-03-14,Zach,Merrett,Essendon,R,7,472,1,12,9,1,2,1,58,15
2025,1.0,2025-03-14,James,Sicily,Hawthorn,WR,5,620,7,8,3,0,4,0,92,22
2025,1.0,2025-03-14,Kyle,Langford,Essendon,CHF,5,159,2,10,3,0,3,0,73,8
2025,1.0,2025-03-14,Karl,Amon,Hawthorn,R,7,643,1,8,5,0,1,0,93,26
2025,1.0,2025-03-14,Tom,Barrass,Hawthorn,BPL,1,183,8,5,3,0,3,0,92,11
2025,1.0,2025-03-14,Jade,Gresham,Essendon,SUB,4,162,1,4,0,0,6,1,75,9
2025,1.0,2025-03-14,Mason,Redman,Essendon,HBFL,6,374,3,14,2,0,4,0,90,17
2025,1.0,2025-03-14,Blake,Hardwick,Hawthorn,FB,3,312,1,7,3,0,3,0,77,10
2025,1.0,2025-03-14,Mabior,Chol,Hawthorn,FF,5,248,0,7,0,1,1,0,75,6
2025,1.0,2025-03-14,Andrew,McGrath,Essendon,BPL,1,450,5,11,6,0,2,0,78,21
2025,1.0,2025-03-14,Josh,Battle,Hawthorn,HBFR,3,400,5,11,4,0,0,1,74,14
2025,1.0,2025-03-14,Jack,Scrimshaw,Hawthorn,INT,2,-24,1,6,0,0,1,0,75,3
2025,1.0,2025-03-14,Harry,Morrison,Hawthorn,CHF,2,151,5,25,2,0,2,1,100,14
2025,1.0,2025-03-14,Ben,McKay,Essendon,FB,3,71,4,7,0,0,1,0,86,6
2025,1.0,2025-03-14,Jordan,Ridley,Essendon,BPR,0,109,4,4,4,0,3,0,67,6
2025,1.0,2025-03-14,Conor,Nash,Hawthorn,C,4,261,1,23,5,1,5,1,68,15
2025,1.0,2025-03-14,Xavier,Duursma,Essendon,INT,5,167,5,14,1,1,5,2,84,16
2025,1.0,2025-03-14,Dylan,Moore,Hawthorn,WL,5,219,1,9,2,0,4,0,86,18
2025,1.0,2025-03-14,Jye,Caldwell,Essendon,C,11,476,3,27,6,5,12,1,61,22
2025,1.0,2025-03-14,Will,Day,Hawthorn,FPR,5,214,2,17,1,2,3,0,75,12
2025,1.0,2025-03-14,Sam,Draper,Essendon,FF,6,293,3,10,3,0,4,2,50,6
2025,1.0,2025-03-14,Finn,Maginness,Hawthorn,INT,3,260,3,11,3,1,7,0,73,11
2025,1.0,2025-03-14,Lloyd,Meek,Hawthorn,RK,6,39,2,10,2,1,7,0,36,4
2025,1.0,2025-03-14,Harrison,Jones,Essendon,FPL,5,209,3,11,3,0,5,1,71,10
2025,1.0,2025-03-14,Jaxon,Prior,Essendon,HBFR,1,195,1,6,0,0,0,0,91,10
2025,1.0,2025-03-14,Archie,Perkins,Essendon,HFFR,9,344,3,7,2,0,8,1,77,17
2025,1.0,2025-03-14,Zach,Reid,Essendon,CHB,2,120,3,7,3,0,1,0,73,8
2025,1.0,2025-03-14,Nick,Bryan,Essendon,INT,4,179,1,6,1,1,1,1,70,7
2025,1.0,2025-03-14,Jai,Newcombe,Hawthorn,RR,6,449,1,20,5,5,7,1,52,13
2025,1.0,2025-03-14,Sam,Durham,Essendon,RR,4,210,3,15,1,1,10,1,74,17
2025,1.0,2025-03-14,Jack,Ginnivan,Hawthorn,FPL,6,261,2,16,3,0,2,0,53,8
2025,1.0,2025-03-14,Nic,Martin,Essendon,WL,8,425,2,12,4,0,3,0,71,17
2025,1.0,2025-03-14,Connor,Macdonald,Hawthorn,HFFL,7,281,4,15,1,0,7,0,83,19
2025,1.0,2025-03-14,Josh,Ward,Hawthorn,INT,5,536,7,12,4,1,8,0,73,16
2025,1.0,2025-03-14,Ben,Hobbs,Essendon,INT,5,60,0,17,1,1,5,5,85,11
2025,1.0,2025-03-14,Massimo,D'Ambrosio,Hawthorn,BPR,3,105,1,9,4,1,4,0,89,8
2025,1.0,2025-03-14,Cam,Mackenzie,Hawthorn,INT,5,173,2,17,2,2,6,1,62,13
2025,1.0,2025-03-14,Josh,Weddle,Hawthorn,HBFL,3,103,3,10,1,0,1,1,100,6
2025,1.0,2025-03-14,Elijah,Tsatas,Essendon,INT,3,163,1,11,3,1,4,0,72,13
2025,1.0,2025-03-14,Nick,Watson,Hawthorn,HFFR,5,243,1,9,1,0,3,2,92,12
2025,1.0,2025-03-14,Nate,Caddy,Essendon,HFFL,3,315,1,10,5,0,4,1,25,3
2025,1.0,2025-03-14,Archie,Roberts,Essendon,WR,3,207,4,10,2,0,4,0,79,15
2025,1.0,2025-03-14,Isaac,Kako,Essendon,FPR,6,139,0,8,1,0,5,1,71,10
2025,1.0,2025-03-15,Patrick,Dangerfield,Geelong,FPR,9,215,2,8,1,0,6,1,67,8
2025,1.0,2025-03-15,Jeremy,Cameron,Geelong,FF,8,285,1,7,3,0,3,3,60,9
2025,1.0,2025-03-15,Jaeger,O'Meara,Fremantle,C,5,332,1,19,4,0,4,0,74,23
2025,1.0,2025-03-15,Mark,Blicavs,Geelong,CHB,8,173,4,15,1,1,4,0,75,9
2025,1.0,2025-03-15,Alex,Pearce,Fremantle,FB,4,336,7,7,2,0,2,0,91,10
2025,1.0,2025-03-15,Corey,Wagner,Fremantle,BPL,3,466,5,7,3,0,6,0,75,18
2025,1.0,2025-03-15,Jack,Bowes,Geelong,INT,3,152,1,15,1,0,2,0,44,4
2025,1.0,2025-03-15,Tom,Stewart,Geelong,HBFR,6,535,8,12,3,0,4,0,91,21
2025,1.0,2025-03-15,Mark,O'Connor,Geelong,R,6,271,2,4,1,0,4,0,85,11
2025,1.0,2025-03-15,Luke,Ryan,Fremantle,HBFL,1,390,3,7,3,0,3,0,83,15
2025,1.0,2025-03-15,Brennan,Cox,Fremantle,INT,2,135,4,5,4,0,3,0,56,5
2025,1.0,2025-03-15,Zach,Guthrie,Geelong,HBFL,2,491,5,16,3,0,2,0,91,19
2025,1.0,2025-03-15,Tyson,Stengle,Geelong,HFFR,8,193,1,11,4,0,6,4,75,9
2025,1.0,2025-03-15,Bailey,Banfield,Fremantle,INT,7,77,1,13,4,0,3,1,55,6
2025,1.0,2025-03-15,Andrew,Brayshaw,Fremantle,R,7,361,1,28,2,3,7,0,77,20
2025,1.0,2025-03-15,Jack,Henry,Geelong,FB,3,236,11,5,4,0,5,0,79,19
2025,1.0,2025-03-15,Sam,Switkowski,Fremantle,HFFR,0,154,0,10,1,0,4,0,57,4
2025,1.0,2025-03-15,Tom,Atkins,Geelong,RR,2,199,2,36,2,0,5,3,50,5
2025,1.0,2025-03-15,Jordan,Clark,Fremantle,HBFR,1,262,5,14,3,0,5,0,91,21
2025,1.0,2025-03-15,Gryan,Miers,Geelong,CHF,5,260,0,25,2,0,3,3,50,7
2025,1.0,2025-03-15,Bailey,Smith,Geelong,WL,12,693,4,26,4,1,12,1,72,23
2025,1.0,2025-03-15,Luke,Jackson,Fremantle,FPL,6,294,1,13,4,2,4,0,81,13
2025,1.0,2025-03-15,Caleb,Serong,Fremantle,RR,8,551,1,15,5,9,9,0,78,21
2025,1.0,2025-03-15,Michael,Frederick,Fremantle,CHF,8,270,2,8,2,0,2,2,77,10
2025,1.0,2025-03-15,Brad,Close,Geelong,HFFL,7,132,3,15,4,0,5,0,67,10
2025,1.0,2025-03-15,Jeremy,Sharp,Fremantle,WR,7,228,2,16,1,1,4,0,79,15
2025,1.0,2025-03-15,Oliver,Henry,Geelong,INT,4,146,0,7,1,0,2,1,56,5
2025,1.0,2025-03-15,Heath,Chapman,Fremantle,SUB,2,111,1,3,2,0,1,0,67,4
2025,1.0,2025-03-15,Max,Holmes,Geelong,C,6,406,4,23,4,6,8,1,75,18
2025,1.0,2025-03-15,Josh,Treacy,Fremantle,FF,7,132,0,4,5,0,3,1,67,6
2025,1.0,2025-03-15,Sam,De Koning,Geelong,RK,5,481,2,14,7,2,3,0,64,16
2025,1.0,2025-03-15,Brandon,Walker,Fremantle,CHB,1,98,6,15,4,0,3,0,92,12
2025,1.0,2025-03-15,Nathan,O'Driscoll,Fremantle,INT,7,361,2,16,4,1,6,0,64,16
2025,1.0,2025-03-15,Oliver,Dempsey,Geelong,WR,8,177,3,19,2,0,4,0,80,12
2025,1.0,2025-03-15,Jye,Amiss,Fremantle,FPR,2,64,0,4,2,0,2,1,43,3
2025,1.0,2025-03-15,Mitch,Knevitt,Geelong,INT,6,396,2,24,2,1,7,3,67,14
2025,1.0,2025-03-15,Shannon,Neale,Geelong,FPL,7,264,0,10,2,0,1,3,89,8
2025,1.0,2025-03-15,Matthew,Johnson,Fremantle,WL,4,369,5,16,2,2,7,0,70,19
2025,1.0,2025-03-15,Jhye,Clark,Geelong,SUB,3,113,2,4,1,2,4,0,100,5
2025,1.0,2025-03-15,Oisin,Mullin,Geelong,INT,2,75,1,11,0,0,1,0,100,6
2025,1.0,2025-03-15,Karl,Worner,Fremantle,INT,2,173,5,11,3,0,3,0,73,8
2025,1.0,2025-03-15,Joshua,Draper,Fremantle,BPR,2,73,2,8,1,0,2,0,89,8
2025,1.0,2025-03-15,Connor,O'Sullivan,Geelong,BPL,2,141,3,9,1,0,2,0,82,9
2025,1.0,2025-03-15,Lawson,Humphries,Geelong,BPR,6,552,4,9,1,1,4,0,78,18
2025,1.0,2025-03-15,Liam,Reidy,Fremantle,RK,3,80,1,10,0,0,1,0,50,3
2025,1.0,2025-03-15,Murphy,Reid,Fremantle,HFFL,7,261,1,6,4,0,3,0,69,9
2025,1.0,2025-03-15,Ryan,Lester,Brisbane Lions,BPR,1,308,10,5,4,0,7,0,67,10
2025,1.0,2025-03-15,Lachie,Neale,Brisbane Lions,R,1,136,3,14,2,1,5,0,50,5
2025,1.0,2025-03-15,Dayne,Zorko,Brisbane Lions,BPL,5,555,7,9,3,0,4,1,75,18
2025,1.0,2025-03-15,Dane,Rampe,Sydney,CHB,5,352,9,7,0,0,5,0,95,20
2025,1.0,2025-03-15,Brodie,Grundy,Sydney,RK,7,108,3,15,2,1,3,0,88,14
2025,1.0,2025-03-15,Jake,Lloyd,Sydney,WL,3,273,4,16,2,0,8,0,74,14
2025,1.0,2025-03-15,Isaac,Heeney,Sydney,C,7,393,0,20,5,1,5,0,61,14
2025,1.0,2025-03-15,Harris,Andrews,Brisbane Lions,CHB,2,189,0,4,2,0,1,0,57,4
2025,1.0,2025-03-15,Joel,Hamling,Sydney,HBFR,1,140,10,2,2,0,3,0,82,9
2025,1.0,2025-03-15,Conor,McKenna,Brisbane Lions,SUB,4,237,0,5,0,0,4,0,50,5
2025,1.0,2025-03-15,Callum,Ah Chee,Brisbane Lions,HFFL,7,125,1,9,4,0,6,0,64,9
2025,1.0,2025-03-15,Tom,Papley,Sydney,HFFR,1,95,1,6,3,0,6,0,88,7
2025,1.0,2025-03-15,Josh,Dunkley,Brisbane Lions,RR,6,614,6,18,6,1,9,2,70,19
2025,1.0,2025-03-15,Eric,Hipwood,Brisbane Lions,CHF,5,127,1,8,3,0,1,0,40,2
2025,1.0,2025-03-15,Oliver,Florent,Sydney,WR,5,253,6,10,2,0,5,0,59,10
2025,1.0,2025-03-15,Will,Hayward,Sydney,FPL,5,195,0,8,4,0,2,0,46,5
2025,1.0,2025-03-15,Jarrod,Berry,Brisbane Lions,WR,4,425,6,13,6,0,6,0,70,19
2025,1.0,2025-03-15,Hugh,McCluggage,Brisbane Lions,HFFR,6,374,1,24,5,2,6,0,62,13
2025,1.0,2025-03-15,Lewis,Melican,Sydney,FB,3,266,7,3,4,0,3,0,85,11
2025,1.0,2025-03-15,Cam,Rayner,Brisbane Lions,FPL,5,353,0,6,5,0,4,0,62,8
2025,1.0,2025-03-15,Zac,Bailey,Brisbane Lions,C,7,300,1,11,2,0,8,0,88,15
2025,1.0,2025-03-15,Oscar,McInerney,Brisbane Lions,RK,7,348,1,5,6,4,5,0,56,10
2025,1.0,2025-03-15,Tom,McCartin,Sydney,CHF,2,316,2,8,4,0,3,0,50,6
2025,1.0,2025-03-15,Brandon,Starcevich,Brisbane Lions,HBFL,1,105,5,5,0,1,6,0,85,11
2025,1.0,2025-03-15,Ben,Paton,Sydney,INT,1,121,0,7,2,0,0,0,90,9
2025,1.0,2025-03-15,Nick,Blakey,Sydney,BPL,3,652,7,3,5,0,2,0,75,18
2025,1.0,2025-03-15,Justin,McInerney,Sydney,INT,6,226,1,12,2,1,5,0,78,18
2025,1.0,2025-03-15,James,Rowbottom,Sydney,R,2,193,3,28,4,2,4,1,64,7
2025,1.0,2025-03-15,Noah,Answerth,Brisbane Lions,INT,3,246,5,27,4,0,2,0,91,10
2025,1.0,2025-03-15,Darcy,Fort,Brisbane Lions,INT,3,150,3,9,3,0,5,0,64,9
2025,1.0,2025-03-15,Chad,Warner,Sydney,RR,9,571,0,18,7,3,4,0,70,14
2025,1.0,2025-03-15,Jack,Payne,Brisbane Lions,FB,0,61,6,3,1,0,3,0,50,4
2025,1.0,2025-03-15,Sam,Wicks,Sydney,BPR,1,374,4,11,5,0,3,0,57,8
2025,1.0,2025-03-15,Joel,Amartey,Sydney,FF,3,154,0,8,3,0,0,1,25,2
2025,1.0,2025-03-15,James,Jordon,Sydney,FPR,3,207,3,17,1,1,5,0,63,12
2025,1.0,2025-03-15,Braeden,Campbell,Sydney,INT,8,183,2,13,1,0,5,2,77,10
2025,1.0,2025-03-15,Kai,Lohmann,Brisbane Lions,FPR,1,20,0,1,0,0,1,0,100,2
2025,1.0,2025-03-15,Matt,Roberts,Sydney,HBFL,3,379,5,10,4,0,3,1,79,15
2025,1.0,2025-03-15,Darcy,Wilmot,Brisbane Lions,HBFR,6,379,9,16,3,0,5,0,76,19
2025,1.0,2025-03-15,Will,Ashcroft,Brisbane Lions,WL,7,200,1,15,2,4,6,1,71,15
2025,1.0,2025-03-15,Corey,Warner,Sydney,INT,8,401,0,9,5,0,2,0,73,11
2025,1.0,2025-03-15,Jaspa,Fletcher,Brisbane Lions,INT,3,167,3,13,2,1,3,0,75,9
2025,1.0,2025-03-15,Logan,Morris,Brisbane Lions,FF,3,174,0,14,0,0,2,1,60,3
2025,1.0,2025-03-15,Tom,Hanily,Sydney,HFFL,4,231,0,20,3,0,3,1,58,7
2025,1.0,2025-03-15,Riley,Bice,Sydney,SUB,4,304,1,2,3,1,1,0,67,8
2025,1.0,2025-03-15,Levi,Ashcroft,Brisbane Lions,INT,6,495,4,9,4,1,6,0,60,15
2025,1.0,2025-03-15,Tom,Liberatore,Western Bulldogs,C,7,354,2,22,4,2,12,1,75,21
2025,1.0,2025-03-15,Jack,Darling,North Melbourne,FF,7,278,0,7,4,1,6,1,60,9
2025,1.0,2025-03-15,Luke,Parker,North Melbourne,R,6,296,2,20,4,0,6,1,62,13
2025,1.0,2025-03-15,Taylor,Duryea,Western Bulldogs,INT,2,221,3,11,5,0,3,0,80,8
2025,1.0,2025-03-15,Aidan,Corr,North Melbourne,FB,2,277,4,14,1,0,4,0,72,13
2025,1.0,2025-03-15,Luke,McDonald,North Melbourne,INT,4,381,5,9,3,1,5,0,85,17
2025,1.0,2025-03-15,Rory,Lobb,Western Bulldogs,CHB,3,126,6,11,1,0,5,0,73,8
2025,1.0,2025-03-15,Bailey,Dale,Western Bulldogs,HBFR,9,558,6,8,1,0,4,0,90,26
2025,1.0,2025-03-15,Caleb,Daniel,North Melbourne,CHB,2,410,4,17,6,0,3,0,79,19
2025,1.0,2025-03-15,James,Harmes,Western Bulldogs,FPR,7,268,5,17,2,0,6,2,63,10
2025,1.0,2025-03-15,Darcy,Tucker,North Melbourne,SUB,0,61,0,5,0,0,0,0,100,2
2025,1.0,2025-03-15,Bailey,Williams,Western Bulldogs,WL,3,297,2,10,2,0,2,0,79,11
2025,1.0,2025-03-15,Matthew,Kennedy,Western Bulldogs,INT,7,259,1,22,2,1,6,0,87,20
2025,1.0,2025-03-15,Jy,Simpkin,North Melbourne,WR,7,407,5,22,5,2,7,0,60,18
2025,1.0,2025-03-15,Griffin,Logue,North Melbourne,BPR,2,155,4,4,2,0,0,0,100,6
2025,1.0,2025-03-15,Tim,English,Western Bulldogs,RK,3,95,1,7,1,1,2,0,64,7
2025,1.0,2025-03-15,Cameron,Zurhaar,North Melbourne,FPR,8,434,2,8,4,0,5,0,60,12
2025,1.0,2025-03-15,Nick,Larkey,North Melbourne,CHF,9,168,0,7,1,0,1,0,75,6
2025,1.0,2025-03-15,Luke,Davies-Uniacke,North Melbourne,C,8,438,1,13,3,3,3,0,90,18
2025,1.0,2025-03-15,Aaron,Naughton,Western Bulldogs,CHF,9,264,2,10,1,0,4,1,65,11
2025,1.0,2025-03-15,Ed,Richards,Western Bulldogs,R,11,611,2,21,2,3,9,1,57,17
2025,1.0,2025-03-15,Bailey,Scott,North Melbourne,HBFL,4,392,2,10,2,0,6,0,72,13
2025,1.0,2025-03-15,Rhylee,West,Western Bulldogs,WR,7,213,1,16,4,2,6,1,74,14
2025,1.0,2025-03-15,Laitham,Vandermeer,Western Bulldogs,FPL,8,231,0,14,1,0,8,3,69,11
2025,1.0,2025-03-15,Tristan,Xerri,North Melbourne,RK,5,5,3,16,0,2,6,1,65,11
2025,1.0,2025-03-15,Lachlan,McNeil,Western Bulldogs,INT,6,68,1,9,0,0,3,0,90,9
2025,1.0,2025-03-15,Tom,Powell,North Melbourne,RR,4,298,1,17,4,0,2,1,70,19
2025,1.0,2025-03-15,Will,Phillips,North Melbourne,INT,3,94,1,12,1,3,3,0,91,10
2025,1.0,2025-03-15,Lachlan,Bramble,Western Bulldogs,HBFL,4,296,3,8,1,0,3,0,91,19
2025,1.0,2025-03-15,Charlie,Comben,North Melbourne,BPL,1,14,2,7,1,0,2,0,75,6
2025,1.0,2025-03-15,Paul,Curtis,North Melbourne,FPL,6,179,1,16,3,0,4,2,69,9
2025,1.0,2025-03-15,Luke,Cleary,Western Bulldogs,BPR,2,189,1,2,2,0,0,0,88,7
2025,1.0,2025-03-15,Jackson,Archer,North Melbourne,HBFR,3,62,4,5,1,0,1,0,91,10
2025,1.0,2025-03-15,Sam,Darcy,Western Bulldogs,FF,9,231,2,9,2,2,2,1,58,7
2025,1.0,2025-03-15,Harry,Sheezel,North Melbourne,HFFL,5,347,0,19,3,4,7,0,68,21
2025,1.0,2025-03-15,Arthur,Jones,Western Bulldogs,SUB,1,58,0,1,0,0,1,0,100,2
2025,1.0,2025-03-15,James,O'Donnell,Western Bulldogs,BPL,1,141,6,0,3,0,2,0,67,6
2025,1.0,2025-03-15,Robert,Hansen Jr,North Melbourne,INT,6,150,2,4,0,1,6,0,93,14
2025,1.0,2025-03-15,Colby,McKercher,North Melbourne,HFFR,5,166,1,17,3,0,4,2,77,13
2025,1.0,2025-03-15,Harvey,Gallagher,Western Bulldogs,HFFR,3,327,0,8,6,0,1,0,69,11
2025,1.0,2025-03-15,Ryley,Sanders,Western Bulldogs,RR,5,271,1,24,1,0,3,0,60,9
2025,1.0,2025-03-15,Joel,Freijah,Western Bulldogs,FB,6,455,6,22,5,0,7,1,68,19
2025,1.0,2025-03-15,Sam,Davidson,Western Bulldogs,INT,4,170,3,18,4,0,2,3,70,7
2025,1.0,2025-03-15,Josh,Dolan,Western Bulldogs,HFFL,3,67,0,7,0,0,2,1,60,3
2025,1.0,2025-03-15,Jacob,Konstanty,North Melbourne,INT,2,124,3,17,1,0,2,2,80,8
2025,1.0,2025-03-15,Finn,O'Sullivan,North Melbourne,WL,4,246,4,12,2,0,3,0,81,13
2025,1.0,2025-03-15,Scott,Pendlebury,Collingwood,SUB,2,121,1,15,1,0,2,0,75,6
2025,1.0,2025-03-15,Travis,Boak,Port Adelaide,INT,5,297,6,17,6,0,8,0,68,19
2025,1.0,2025-03-15,Steele,Sidebottom,Collingwood,RR,5,415,3,18,5,1,8,1,74,23
2025,1.0,2025-03-15,Jeremy,Howe,Collingwood,INT,2,222,3,5,4,0,0,0,60,6
2025,1.0,2025-03-15,Jack,Crisp,Collingwood,WR,6,470,5,18,4,1,9,2,77,20
2025,1.0,2025-03-15,Jamie,Elliott,Collingwood,FPL,6,193,2,14,2,0,1,1,80,8
2025,1.0,2025-03-15,Ollie,Wines,Port Adelaide,INT,5,296,5,22,4,5,11,0,65,22
2025,1.0,2025-03-15,Daniel,McStay,Collingwood,CHF,8,252,1,18,4,1,3,1,67,14
2025,1.0,2025-03-15,Tim,Membrey,Collingwood,INT,11,263,2,7,2,0,4,1,71,12
2025,1.0,2025-03-15,Brayden,Maynard,Collingwood,BPL,6,522,6,8,3,1,1,0,64,9
2025,1.0,2025-03-15,Darcy,Moore,Collingwood,FB,3,238,7,6,1,0,1,0,90,9
2025,1.0,2025-03-15,Darcy,Byrne-Jones,Port Adelaide,HFFL,5,108,0,24,2,0,2,1,67,6
2025,1.0,2025-03-15,Aliir,Aliir,Port Adelaide,FB,2,247,4,6,5,0,5,0,67,8
2025,1.0,2025-03-15,Ryan,Burton,Port Adelaide,SUB,3,207,4,4,2,0,3,0,62,8
2025,1.0,2025-03-15,Dan,Houston,Collingwood,HBFR,6,287,10,12,3,0,7,0,89,24
2025,1.0,2025-03-15,Sam,Powell-Pepper,Port Adelaide,FPL,3,41,1,12,0,0,1,0,75,6
2025,1.0,2025-03-15,Harry,Perryman,Collingwood,C,3,210,4,22,1,1,5,2,92,12
2025,1.0,2025-03-15,Jeremy,Finlayson,Port Adelaide,BPL,0,348,5,7,6,0,2,0,68,13
2025,1.0,2025-03-15,Josh,Daicos,Collingwood,HBFL,4,309,9,12,3,0,5,0,73,19
2025,1.0,2025-03-15,Patrick,Lipinski,Collingwood,WL,7,487,3,9,2,0,3,1,79,19
2025,1.0,2025-03-15,Willie,Rioli,Port Adelaide,HFFR,5,174,1,6,1,0,7,0,58,7
2025,1.0,2025-03-15,Brody,Mihocek,Collingwood,FF,5,91,2,11,1,0,3,1,67,6
2025,1.0,2025-03-15,Darcy,Cameron,Collingwood,RK,1,202,1,12,3,3,8,0,43,6
2025,1.0,2025-03-15,Kane,Farrell,Port Adelaide,HBFR,3,417,7,10,5,0,5,0,78,18
2025,1.0,2025-03-15,Willem,Drew,Port Adelaide,C,4,119,2,20,3,1,5,0,69,11
2025,1.0,2025-03-15,Connor,Rozee,Port Adelaide,RR,6,680,3,29,9,2,9,0,71,25
2025,1.0,2025-03-15,Jack,Lukosius,Port Adelaide,FPR,2,281,1,8,4,0,3,1,73,8
2025,1.0,2025-03-15,Lachie,Schultz,Collingwood,HFFL,6,74,6,24,1,0,7,4,82,14
2025,1.0,2025-03-15,Isaac,Quaynor,Collingwood,BPR,4,313,1,11,1,0,0,0,94,15
2025,1.0,2025-03-15,Bobby,Hill,Collingwood,INT,7,230,0,7,4,0,1,0,90,9
2025,1.0,2025-03-15,Mitch,Georgiades,Port Adelaide,FF,4,71,0,10,1,0,0,1,57,4
2025,1.0,2025-03-15,Miles,Bergman,Port Adelaide,CHB,1,340,6,15,5,0,4,0,63,10
2025,1.0,2025-03-15,Beau,McCreery,Collingwood,FPR,4,224,0,10,4,0,0,0,67,8
2025,1.0,2025-03-15,Lachie,Jones,Port Adelaide,BPR,0,69,1,2,2,0,2,0,75,3
2025,1.0,2025-03-15,Jordon,Sweet,Port Adelaide,RK,2,230,1,11,2,0,1,1,64,9
2025,1.0,2025-03-15,Nick,Daicos,Collingwood,R,8,610,2,11,6,2,4,1,81,21
2025,1.0,2025-03-15,Jackson,Mead,Port Adelaide,WR,4,201,4,16,4,0,4,0,81,13
2025,1.0,2025-03-15,Jason,Horne-Francis,Port Adelaide,R,4,330,0,19,5,4,4,1,68,17
2025,1.0,2025-03-15,Josh,Sinn,Port Adelaide,INT,1,229,4,6,2,0,4,0,92,12
2025,1.0,2025-03-15,Reef,McInnes,Collingwood,CHB,2,195,4,6,1,0,1,0,82,9
2025,1.0,2025-03-15,Jase,Burgoyne,Port Adelaide,WL,2,114,4,13,3,0,6,0,81,13
2025,1.0,2025-03-15,Ned,Long,Collingwood,INT,5,344,4,28,6,3,11,0,71,17
2025,1.0,2025-03-15,Lachlan,Sullivan,Collingwood,HFFR,4,95,3,14,4,1,4,0,58,7
2025,1.0,2025-03-15,Joe,Richards,Port Adelaide,CHF,5,230,1,18,3,0,1,1,67,10
2025,1.0,2025-03-15,Logan,Evans,Port Adelaide,HBFL,2,98,6,14,2,0,2,0,70,7
2025,1.0,2025-03-15,Joe,Berry,Port Adelaide,INT,2,87,0,12,3,0,0,0,89,8
2025,1.0,2025-03-16,Taylor,Walker,Adelaide,FF,6,170,0,6,2,0,2,2,70,7
2025,1.0,2025-03-16,Bradley,Hill,St Kilda,WL,1,138,1,13,1,0,2,0,50,3
2025,1.0,2025-03-16,Rory,Laird,Adelaide,BPR,6,237,4,10,2,0,3,1,83,24
2025,1.0,2025-03-16,Jack,Macrae,St Kilda,R,7,360,3,17,7,1,15,1,62,21
2025,1.0,2025-03-16,Jimmy,Webster,St Kilda,BPR,0,187,5,12,1,0,2,0,80,8
2025,1.0,2025-03-16,Matt,Crouch,Adelaide,INT,5,218,3,11,4,5,6,0,71,22
2025,1.0,2025-03-16,Zak,Jones,St Kilda,HFFL,4,206,0,17,1,0,0,0,64,7
2025,1.0,2025-03-16,Mason,Wood,St Kilda,WR,7,260,1,10,1,0,4,1,67,10
2025,1.0,2025-03-16,Jack,Sinclair,St Kilda,C,5,449,6,23,1,1,5,1,64,14
2025,1.0,2025-03-16,Alex,Neal-Bullen,Adelaide,FPR,9,338,3,26,5,0,5,1,76,16
2025,1.0,2025-03-16,Jack,Steele,St Kilda,RR,4,192,3,23,1,2,10,1,79,15
2025,1.0,2025-03-16,Zaine,Cordy,St Kilda,FB,1,74,1,5,1,0,1,0,75,3
2025,1.0,2025-03-16,Wayne,Milera,Adelaide,HBFL,2,78,4,11,1,0,5,0,92,12
2025,1.0,2025-03-16,Ben,Keays,Adelaide,HFFL,7,296,1,9,6,1,7,0,72,13
2025,1.0,2025-03-16,Reilly,O'Brien,Adelaide,RK,5,166,2,12,3,3,2,0,75,9
2025,1.0,2025-03-16,Jordan,Dawson,Adelaide,C,7,648,1,17,7,2,1,1,63,17
2025,1.0,2025-03-16,Rowan,Marshall,St Kilda,RK,5,131,1,8,1,0,6,1,82,9
2025,1.0,2025-03-16,Darcy,Fogarty,Adelaide,FPL,8,284,1,8,2,0,1,0,75,9
2025,1.0,2025-03-16,Hunter,Clark,St Kilda,SUB,1,58,0,7,3,1,2,0,33,2
2025,1.0,2025-03-16,Jack,Higgins,St Kilda,HFFR,7,181,1,16,1,1,5,2,64,7
2025,1.0,2025-03-16,Isaac,Cumming,Adelaide,WL,4,321,4,10,2,0,3,0,69,11
2025,1.0,2025-03-16,Callum,Wilkie,St Kilda,BPL,3,427,6,10,4,0,1,0,68,13
2025,1.0,2025-03-16,Mitchell,Hinge,Adelaide,INT,5,205,6,7,1,1,3,0,79,15
2025,1.0,2025-03-16,Izak,Rankine,Adelaide,HFFR,7,332,3,15,3,3,10,1,68,19
2025,1.0,2025-03-16,Ryan,Byrnes,St Kilda,HBFR,4,300,6,13,3,0,5,0,65,11
2025,1.0,2025-03-16,Mark,Keane,Adelaide,FB,3,371,9,4,2,0,4,0,71,15
2025,1.0,2025-03-16,Lachlan,Sholl,Adelaide,WR,7,200,3,10,3,1,6,0,82,18
2025,1.0,2025-03-16,Nick,Murray,Adelaide,CHB,3,191,5,6,4,0,2,0,93,13
2025,1.0,2025-03-16,Riley,Thilthorpe,Adelaide,CHF,7,282,1,8,5,1,5,2,69,9
2025,1.0,2025-03-16,Josh,Worrell,Adelaide,BPL,7,422,9,7,2,0,8,0,84,21
2025,1.0,2025-03-16,James,Peatling,Adelaide,R,4,258,1,19,5,0,7,0,58,11
2025,1.0,2025-03-16,Nasiah,Wanganeen-Milera,St Kilda,CHB,4,571,7,15,6,0,4,0,52,14
2025,1.0,2025-03-16,Jake,Soligo,Adelaide,RR,8,549,5,20,7,2,8,1,66,19
2025,1.0,2025-03-16,Josh,Rachele,Adelaide,INT,12,396,0,13,3,0,6,0,76,16
2025,1.0,2025-03-16,Marcus,Windhager,St Kilda,CHF,6,184,5,21,5,1,11,1,74,14
2025,1.0,2025-03-16,Max,Michalanney,Adelaide,HBFR,6,332,3,2,3,0,3,0,71,10
2025,1.0,2025-03-16,Anthony,Caminiti,St Kilda,FF,4,250,7,9,5,0,5,0,69,9
2025,1.0,2025-03-16,Darcy,Wilson,St Kilda,FPL,5,535,2,18,8,0,8,0,52,12
2025,1.0,2025-03-16,Angus,Hastie,St Kilda,INT,2,174,1,9,3,0,2,0,83,10
2025,1.0,2025-03-16,Hugo,Garcia,St Kilda,INT,6,339,1,19,5,2,5,0,67,12
2025,1.0,2025-03-16,Daniel,Curtin,Adelaide,INT,2,71,0,9,0,0,2,1,86,6
2025,1.0,2025-03-16,Arie,Schoenmaker,St Kilda,HBFL,2,359,9,11,4,0,3,0,72,13
2025,1.0,2025-03-16,Sid,Draper,Adelaide,SUB,3,136,0,10,1,1,2,0,88,7
2025,1.0,2025-03-16,Harry,Boyd,St Kilda,FPR,3,62,3,10,3,2,6,0,83,10
2025,1.0,2025-03-16,Max,Hall,St Kilda,INT,6,227,1,16,2,0,3,3,63,10
2025,1.0,2025-03-16,Liam,O'Connell,St Kilda,INT,1,58,4,9,1,0,1,0,86,6
2025,1.0,2025-03-16,Callan,Ward,Greater Western Sydney,FPR,3,225,3,4,2,0,6,0,81,13
2025,1.0,2025-03-16,Max,Gawn,Melbourne,RK,10,313,1,8,3,0,4,0,63,15
2025,1.0,2025-03-16,Lachlan,Keeffe,Greater Western Sydney,RK,4,257,2,15,3,2,6,0,54,7
2025,1.0,2025-03-16,Tom,McDonald,Melbourne,FB,3,313,9,4,2,0,3,0,89,16
2025,1.0,2025-03-16,Stephen,Coniglio,Greater Western Sydney,WR,6,144,2,15,1,0,2,2,85,11
2025,1.0,2025-03-16,Toby,Greene,Greater Western Sydney,CHF,12,472,1,15,5,1,10,1,52,12
2025,1.0,2025-03-16,Lachie,Whitfield,Greater Western Sydney,HBFL,5,455,10,14,8,2,8,0,77,26
2025,1.0,2025-03-16,Jack,Viney,Melbourne,HFFR,6,320,1,20,5,4,7,1,59,16
2025,1.0,2025-03-16,Josh,Kelly,Greater Western Sydney,C,6,412,1,28,7,1,6,0,70,16
2025,1.0,2025-03-16,Christian,Salem,Melbourne,BPR,1,616,5,10,6,1,5,0,67,20
2025,1.0,2025-03-16,Jake,Lever,Melbourne,CHB,0,218,12,10,3,0,2,0,91,20
2025,1.0,2025-03-16,Ed,Langdon,Melbourne,R,1,407,2,19,6,0,3,0,90,17
2025,1.0,2025-03-16,Clayton,Oliver,Melbourne,RR,2,204,2,27,4,3,11,1,72,18
2025,1.0,2025-03-16,Christian,Petracca,Melbourne,C,8,518,2,10,6,3,8,0,52,14
2025,1.0,2025-03-16,Harry,Himmelberg,Greater Western Sydney,BPR,3,428,4,5,4,0,4,0,77,17
2025,1.0,2025-03-16,Bayley,Fritsch,Melbourne,FPL,3,178,2,13,3,0,5,1,58,7
2025,1.0,2025-03-16,Sam,Taylor,Greater Western Sydney,FB,2,281,10,7,2,0,3,0,73,11
2025,1.0,2025-03-16,Harrison,Petty,Melbourne,BPL,0,358,12,7,7,0,3,0,81,13
2025,1.0,2025-03-16,Brent,Daniels,Greater Western Sydney,HFFR,1,107,1,9,1,0,1,0,88,7
2025,1.0,2025-03-16,Tom,Sparrow,Melbourne,WL,5,382,2,21,4,1,3,0,57,12
2025,1.0,2025-03-16,Connor,Idun,Greater Western Sydney,BPL,1,184,5,4,2,0,2,0,75,9
2025,1.0,2025-03-16,Kade,Chandler,Melbourne,FPR,1,246,2,16,1,0,5,1,73,8
2025,1.0,2025-03-16,Tom,Green,Greater Western Sydney,INT,8,545,1,16,5,2,7,0,66,23
2025,1.0,2025-03-16,Toby,Bedford,Greater Western Sydney,RR,3,160,2,35,3,1,5,0,50,4
2025,1.0,2025-03-16,Trent,Rivers,Melbourne,INT,7,351,5,11,3,0,7,1,60,15
2025,1.0,2025-03-16,Lachie,Ash,Greater Western Sydney,HBFR,3,145,6,9,1,0,6,0,90,17
2025,1.0,2025-03-16,Xavier,O'Halloran,Greater Western Sydney,INT,4,283,4,11,7,0,5,0,31,5
2025,1.0,2025-03-16,Jack,Buckley,Greater Western Sydney,CHB,1,101,6,12,1,0,3,0,90,9
2025,1.0,2025-03-16,Harry,Sharp,Melbourne,INT,4,168,1,12,3,0,1,1,44,4
2025,1.0,2025-03-16,Conor,Stone,Greater Western Sydney,INT,2,221,6,5,3,0,3,0,64,7
2025,1.0,2025-03-16,Callum,Brown,Greater Western Sydney,HFFL,1,139,2,17,3,1,6,2,71,10
2025,1.0,2025-03-16,Jake,Bowey,Melbourne,HBFR,3,341,6,15,3,0,3,0,90,17
2025,1.0,2025-03-16,Finn,Callaghan,Greater Western Sydney,R,6,596,3,16,7,2,4,0,74,23
2025,1.0,2025-03-16,Jacob,Wehr,Greater Western Sydney,WL,3,300,1,14,5,0,3,0,75,12
2025,1.0,2025-03-16,Jacob,van Rooyen,Melbourne,FF,2,-10,2,14,0,0,3,1,83,5
2025,1.0,2025-03-16,Aaron,Cadman,Greater Western Sydney,FF,6,116,1,16,1,0,2,1,78,7
2025,1.0,2025-03-16,Blake,Howes,Melbourne,INT,1,167,4,7,2,0,4,0,67,8
2025,1.0,2025-03-16,Caleb,Windsor,Melbourne,HBFL,5,371,3,6,1,0,2,0,69,11
2025,1.0,2025-03-16,Darcy,Jones,Greater Western Sydney,FPL,2,215,1,20,4,0,4,1,50,6
2025,1.0,2025-03-16,Max,Gruzewski,Greater Western Sydney,SUB,0,0,0,4,1,0,0,0,0,0
2025,1.0,2025-03-16,James,Leake,Greater Western Sydney,INT,1,17,0,7,1,0,1,1,67,2
2025,1.0,2025-03-16,Jack,Henderson,Melbourne,HFFL,4,38,2,13,3,0,9,1,69,9
2025,1.0,2025-03-16,Matthew,Jefferson,Melbourne,CHF,3,125,0,10,0,0,3,0,60,3
2025,1.0,2025-03-16,Aidan,Johnson,Melbourne,INT,3,169,0,17,1,0,3,1,43,3
2025,1.0,2025-03-16,Harvey,Langford,Melbourne,SUB,0,81,0,3,1,0,2,0,60,3
2025,1.0,2025-03-16,Xavier,Lindsay,Melbourne,WR,2,307,2,14,5,0,1,0,82,18
2025,1.0,2025-03-16,Jamie,Cripps,West Coast,HFFR,3,458,2,5,4,0,3,0,64,9
2025,1.0,2025-03-16,Alex,Sexton,Gold Coast,SUB,2,66,0,5,0,0,0,1,67,2
2025,1.0,2025-03-16,Jarrod,Witts,Gold Coast,RK,8,203,3,11,2,2,4,1,62,8
2025,1.0,2025-03-16,Jeremy,McGovern,West Coast,CHB,1,426,7,9,5,0,2,0,74,14
2025,1.0,2025-03-16,Nick,Holman,Gold Coast,INT,5,133,1,18,0,0,4,1,64,9
2025,1.0,2025-03-16,Touk,Miller,Gold Coast,CHF,7,272,1,19,4,2,9,0,69,18
2025,1.0,2025-03-16,Liam,Duggan,West Coast,WR,2,236,4,18,2,1,4,0,70,14
2025,1.0,2025-03-16,Lachie,Weller,Gold Coast,WL,6,316,0,20,4,1,3,1,76,16
2025,1.0,2025-03-16,Daniel,Rioli,Gold Coast,HBFR,4,396,8,9,5,0,5,0,71,15
2025,1.0,2025-03-16,Jayden,Hunt,West Coast,WL,1,60,0,9,2,1,3,0,75,6
2025,1.0,2025-03-16,Sam,Collins,Gold Coast,FB,5,300,6,6,2,0,3,0,75,9
2025,1.0,2025-03-16,Tom,Cole,West Coast,INT,2,311,8,18,2,0,4,0,74,14
2025,1.0,2025-03-16,Ben,Ainsworth,Gold Coast,HFFR,9,260,1,6,4,1,2,1,56,10
2025,1.0,2025-03-16,Ben,Long,Gold Coast,FPL,9,282,2,6,2,0,4,0,83,10
2025,1.0,2025-03-16,Jack,Graham,West Coast,HFFL,4,401,1,26,1,0,5,1,87,20
2025,1.0,2025-03-16,Tim,Kelly,West Coast,C,4,232,0,17,2,1,3,1,50,7
2025,1.0,2025-03-16,Jake,Waterman,West Coast,CHF,2,107,0,1,1,0,0,0,80,4
2025,1.0,2025-03-16,Charlie,Ballard,Gold Coast,CHB,1,80,2,4,1,0,0,0,83,5
2025,1.0,2025-03-16,Wil,Powell,Gold Coast,BPL,4,319,5,8,4,0,4,0,77,10
2025,1.0,2025-03-16,Oscar,Allen,West Coast,FF,2,164,1,7,2,0,1,0,63,5
2025,1.0,2025-03-16,Liam,Baker,West Coast,HBFR,3,534,5,11,2,0,7,0,71,15
2025,1.0,2025-03-16,Ben,King,Gold Coast,FF,9,117,0,6,1,0,2,0,73,8
2025,1.0,2025-03-16,John,Noble,Gold Coast,HBFL,6,329,4,9,3,0,3,0,74,14
2025,1.0,2025-03-16,Noah,Anderson,Gold Coast,R,7,723,1,13,5,4,8,0,67,24
2025,1.0,2025-03-16,Connor,Budarick,Gold Coast,INT,5,315,3,7,2,0,3,0,82,14
2025,1.0,2025-03-16,Matt,Rowell,Gold Coast,C,8,465,3,16,6,3,9,1,70,21
2025,1.0,2025-03-16,Harry,Edwards,West Coast,FB,0,90,3,4,1,0,2,0,67,2
2025,1.0,2025-03-16,Matthew,Owies,West Coast,FPL,4,210,0,14,3,0,1,0,64,7
2025,1.0,2025-03-16,Tyler,Brockman,West Coast,INT,3,111,2,9,2,1,6,0,67,10
2025,1.0,2025-03-16,Matt,Flynn,West Coast,RK,3,141,2,14,3,1,5,1,69,9
2025,1.0,2025-03-16,Joel,Jeffrey,Gold Coast,INT,9,525,6,8,0,0,2,0,90,18
2025,1.0,2025-03-16,Brady,Hough,West Coast,BPR,0,242,6,11,5,0,5,0,69,11
2025,1.0,2025-03-16,Noah,Long,West Coast,FPR,1,53,1,10,1,0,2,0,67,4
2025,1.0,2025-03-16,Reuben,Ginbey,West Coast,BPL,4,344,4,11,4,0,4,0,81,13
2025,1.0,2025-03-16,Bodhi,Uwland,Gold Coast,BPR,2,164,5,8,2,0,6,0,60,9
2025,1.0,2025-03-16,Elijah,Hewett,West Coast,INT,4,164,1,10,2,2,4,0,55,6
2025,1.0,2025-03-16,Bailey,Humphrey,Gold Coast,RR,7,269,2,13,2,3,9,0,70,14
2025,1.0,2025-03-16,Ryan,Maric,West Coast,SUB,2,100,5,6,1,0,5,0,89,8
2025,1.0,2025-03-16,Harley,Reid,West Coast,R,5,257,1,17,2,0,4,0,67,8
2025,1.0,2025-03-16,Sam,Clohesy,Gold Coast,WR,5,187,1,12,1,0,3,0,56,5
2025,1.0,2025-03-16,Will,Graham,Gold Coast,HFFL,4,311,1,14,2,0,4,0,67,6
2025,1.0,2025-03-16,Ethan,Read,Gold Coast,FPR,6,147,1,9,1,0,4,1,50,5
2025,1.0,2025-03-16,Jake,Rogers,Gold Coast,INT,6,139,1,11,1,0,2,0,62,8
2025,1.0,2025-03-16,Tyrell,Dewar,West Coast,HBFL,1,442,1,7,7,0,0,0,53,8
2025,1.0,2025-03-16,Jack,Hutchinson,West Coast,RR,1,191,1,13,1,0,4,0,50,6
2025,1.0,2025-03-16,Archer,Reid,West Coast,INT,1,44,0,8,1,1,4,0,67,4
2025,2.0,2025-03-20,Jack,Gunston,Hawthorn,SUB,3,194,0,10,1,0,3,1,67,6
2025,2.0,2025-03-20,Nick,Haynes,Carlton,INT,0,182,6,2,3,0,2,0,75,6
2025,2.0,2025-03-20,Sam,Docherty,Carlton,FPR,2,322,3,16,5,0,4,1,54,7
2025,2.0,2025-03-20,Zac,Williams,Carlton,INT,4,165,1,13,1,0,4,0,64,7
2025,2.0,2025-03-20,Jarman,Impey,Hawthorn,CHB,2,152,7,10,1,0,3,1,85,11
2025,2.0,2025-03-20,Patrick,Cripps,Carlton,C,3,361,6,17,4,3,13,0,72,21
2025,2.0,2025-03-20,Blake,Acres,Carlton,WL,1,203,2,7,4,0,2,0,50,5
2025,2.0,2025-03-20,Adam,Saad,Carlton,HBFR,1,286,3,15,5,0,3,0,54,7
2025,2.0,2025-03-20,James,Sicily,Hawthorn,BPR,4,436,5,10,8,0,1,1,68,13
2025,2.0,2025-03-20,Karl,Amon,Hawthorn,WL,3,361,7,18,4,0,4,0,77,17
2025,2.0,2025-03-20,Tom,Barrass,Hawthorn,BPL,1,105,7,6,3,0,3,0,80,8
2025,2.0,2025-03-20,Jacob,Weitering,Carlton,BPL,1,176,7,5,0,0,2,0,82,9
2025,2.0,2025-03-20,Mitch,McGovern,Carlton,BPR,2,334,5,12,4,0,1,0,85,11
2025,2.0,2025-03-20,George,Hewett,Carlton,R,7,405,2,23,5,5,10,1,68,19
2025,2.0,2025-03-20,Charlie,Curnow,Carlton,FF,1,182,0,7,2,0,1,0,80,4
2025,2.0,2025-03-20,Jack,Silvagni,Carlton,FB,7,191,2,18,3,0,2,5,70,7
2025,2.0,2025-03-20,Blake,Hardwick,Hawthorn,FB,4,285,3,7,2,0,1,1,100,13
2025,2.0,2025-03-20,Mabior,Chol,Hawthorn,FF,7,241,0,9,5,0,2,0,46,5
2025,2.0,2025-03-20,Josh,Battle,Hawthorn,WR,4,396,9,6,1,0,5,0,86,18
2025,2.0,2025-03-20,Lewis,Young,Carlton,CHF,1,173,5,4,0,0,1,0,63,5
2025,2.0,2025-03-20,Harry,Morrison,Hawthorn,C,2,182,3,17,2,0,4,0,67,8
2025,2.0,2025-03-20,Lachie,Fogarty,Carlton,HFFL,5,117,1,14,2,0,2,2,88,7
2025,2.0,2025-03-20,Adam,Cerra,Carlton,INT,2,539,6,18,6,1,9,0,61,17
2025,2.0,2025-03-20,Conor,Nash,Hawthorn,HFFR,5,285,0,22,4,3,4,1,63,10
2025,2.0,2025-03-20,Tom,De Koning,Carlton,RK,6,264,3,9,1,1,5,2,47,9
2025,2.0,2025-03-20,Sam,Walsh,Carlton,RR,1,322,3,27,8,1,8,2,50,11
2025,2.0,2025-03-20,Dylan,Moore,Hawthorn,R,6,130,0,17,4,0,3,2,89,8
2025,2.0,2025-03-20,Changkuoth,Jiath,Hawthorn,INT,4,343,8,13,1,0,6,0,90,18
2025,2.0,2025-03-20,Will,Day,Hawthorn,RR,7,436,1,15,6,1,5,2,62,16
2025,2.0,2025-03-20,Matthew,Cottrell,Carlton,HFFR,4,478,7,18,5,0,9,1,65,13
2025,2.0,2025-03-20,Finn,Maginness,Hawthorn,INT,4,272,1,5,4,0,5,0,54,7
2025,2.0,2025-03-20,Lloyd,Meek,Hawthorn,RK,3,53,1,7,1,1,4,0,77,10
2025,2.0,2025-03-20,Jai,Newcombe,Hawthorn,FPR,9,384,8,30,6,4,11,0,75,24
2025,2.0,2025-03-20,Jack,Ginnivan,Hawthorn,FPL,3,133,0,12,1,0,2,2,90,9
2025,2.0,2025-03-20,Brodie,Kemp,Carlton,FPL,2,48,2,11,6,0,1,0,50,3
2025,2.0,2025-03-20,Connor,Macdonald,Hawthorn,HFFL,0,145,0,3,2,0,0,0,60,3
2025,2.0,2025-03-20,Josh,Ward,Hawthorn,INT,3,344,2,16,3,0,9,1,67,16
2025,2.0,2025-03-20,Jesse,Motlop,Carlton,INT,8,212,1,13,5,0,3,3,58,11
2025,2.0,2025-03-20,Massimo,D'Ambrosio,Hawthorn,HBFR,5,377,4,11,2,0,7,1,68,17
2025,2.0,2025-03-20,Lachlan,Cowan,Carlton,HBFL,0,92,3,15,2,0,3,0,56,5
2025,2.0,2025-03-20,Oliver,Hollands,Carlton,CHB,2,280,2,16,2,0,2,0,73,8
2025,2.0,2025-03-20,Cam,Mackenzie,Hawthorn,INT,2,261,3,18,3,1,1,1,84,16
2025,2.0,2025-03-20,Josh,Weddle,Hawthorn,HBFL,2,149,5,15,2,0,4,2,60,6
2025,2.0,2025-03-20,Nick,Watson,Hawthorn,CHF,7,435,1,7,4,0,4,1,69,11
2025,2.0,2025-03-20,Cooper,Lord,Carlton,SUB,0,42,1,7,1,0,2,2,67,2
2025,2.0,2025-03-20,Lucas,Camporeale,Carlton,WR,1,184,1,14,1,0,6,0,67,6
2025,2.0,2025-03-21,Scott,Pendlebury,Collingwood,RR,11,286,2,18,2,0,5,0,85,22
2025,2.0,2025-03-21,Steele,Sidebottom,Collingwood,C,6,366,3,15,5,3,6,1,64,14
2025,2.0,2025-03-21,Tom,Liberatore,Western Bulldogs,C,6,468,0,28,3,4,16,0,71,24
2025,2.0,2025-03-21,Jeremy,Howe,Collingwood,BPR,2,432,7,6,0,0,1,0,94,16
2025,2.0,2025-03-21,Jack,Crisp,Collingwood,WR,3,328,3,18,8,1,7,0,62,13
2025,2.0,2025-03-21,Jamie,Elliott,Collingwood,FF,6,126,2,15,5,0,6,2,57,8
2025,2.0,2025-03-21,Taylor,Duryea,Western Bulldogs,BPR,0,221,5,5,4,0,3,0,64,7
2025,2.0,2025-03-21,Rory,Lobb,Western Bulldogs,CHB,4,292,6,11,2,0,1,0,85,11
2025,2.0,2025-03-21,Daniel,McStay,Collingwood,FPL,5,266,0,2,2,0,1,0,57,8
2025,2.0,2025-03-21,Tim,Membrey,Collingwood,FPR,2,179,1,10,4,0,3,0,38,3
2025,2.0,2025-03-21,Jordan,De Goey,Collingwood,CHF,7,349,2,10,1,0,3,0,67,10
2025,2.0,2025-03-21,Bailey,Dale,Western Bulldogs,HBFR,3,554,9,11,3,0,6,0,90,28
2025,2.0,2025-03-21,Brayden,Maynard,Collingwood,HBFR,1,244,3,6,1,0,1,0,85,11
2025,2.0,2025-03-21,Darcy,Moore,Collingwood,BPL,1,277,12,7,3,0,6,0,80,12
2025,2.0,2025-03-21,James,Harmes,Western Bulldogs,FPR,2,102,2,18,4,0,5,1,79,11
2025,2.0,2025-03-21,Mason,Cox,Collingwood,INT,3,216,2,12,1,0,1,0,50,4
2025,2.0,2025-03-21,Bailey,Williams,Western Bulldogs,INT,2,309,4,8,2,0,4,0,80,16
2025,2.0,2025-03-21,Matthew,Kennedy,Western Bulldogs,HFFR,6,227,2,18,4,1,7,0,71,15
2025,2.0,2025-03-21,Dan,Houston,Collingwood,CHB,4,267,2,11,3,0,3,0,87,13
2025,2.0,2025-03-21,Harry,Perryman,Collingwood,INT,4,229,5,5,2,0,2,0,75,9
2025,2.0,2025-03-21,Tim,English,Western Bulldogs,RK,4,218,3,14,1,0,3,0,93,13
2025,2.0,2025-03-21,Josh,Daicos,Collingwood,HBFL,5,438,4,16,4,0,5,0,84,21
2025,2.0,2025-03-21,Patrick,Lipinski,Collingwood,WL,9,200,2,8,1,0,5,0,73,16
2025,2.0,2025-03-21,Aaron,Naughton,Western Bulldogs,CHF,6,126,0,13,2,1,3,0,64,7
2025,2.0,2025-03-21,Ed,Richards,Western Bulldogs,R,9,644,3,17,6,4,8,0,67,18
2025,2.0,2025-03-21,Darcy,Cameron,Collingwood,RK,4,137,6,14,3,1,3,0,68,13
2025,2.0,2025-03-21,Lachie,Schultz,Collingwood,INT,6,286,1,18,4,0,5,3,82,14
2025,2.0,2025-03-21,Oskar,Baker,Western Bulldogs,SUB,1,158,1,4,1,0,1,1,80,4
2025,2.0,2025-03-21,Isaac,Quaynor,Collingwood,INT,3,152,3,7,0,0,2,0,82,9
2025,2.0,2025-03-21,Bobby,Hill,Collingwood,HFFL,3,180,1,9,0,0,1,1,75,6
2025,2.0,2025-03-21,Rhylee,West,Western Bulldogs,RR,6,129,3,8,3,1,5,0,80,8
2025,2.0,2025-03-21,Laitham,Vandermeer,Western Bulldogs,FPL,7,200,0,13,2,1,5,0,79,11
2025,2.0,2025-03-21,Lachlan,McNeil,Western Bulldogs,HFFL,2,159,0,4,1,0,0,0,67,4
2025,2.0,2025-03-21,Beau,McCreery,Collingwood,HFFR,4,176,1,20,0,1,2,2,70,7
2025,2.0,2025-03-21,Buku,Khamis,Western Bulldogs,FB,0,237,6,6,3,0,2,0,79,11
2025,2.0,2025-03-21,Lachlan,Bramble,Western Bulldogs,HBFL,1,101,2,4,2,0,1,0,75,6
2025,2.0,2025-03-21,Nick,Daicos,Collingwood,R,11,543,2,18,5,1,9,0,69,27
2025,2.0,2025-03-21,Reef,McInnes,Collingwood,FB,0,0,0,1,0,0,0,0,0,0
2025,2.0,2025-03-21,Sam,Darcy,Western Bulldogs,FF,9,335,3,5,4,1,2,1,67,10
2025,2.0,2025-03-21,Ned,Long,Collingwood,SUB,4,198,1,28,3,0,1,3,54,7
2025,2.0,2025-03-21,Arthur,Jones,Western Bulldogs,INT,1,42,0,16,1,0,2,1,57,4
2025,2.0,2025-03-21,Harvey,Gallagher,Western Bulldogs,WL,3,377,2,8,4,0,1,1,69,11
2025,2.0,2025-03-21,Ryley,Sanders,Western Bulldogs,INT,2,108,1,22,4,0,3,2,75,12
2025,2.0,2025-03-21,Joel,Freijah,Western Bulldogs,BPL,6,244,5,16,4,1,8,1,61,14
2025,2.0,2025-03-21,Sam,Davidson,Western Bulldogs,WR,6,428,0,13,4,0,3,0,67,10
2025,2.0,2025-03-21,Josh,Dolan,Western Bulldogs,INT,3,127,0,5,1,0,1,1,43,3
2025,2.0,2025-03-22,Taylor,Walker,Adelaide,FF,10,407,1,5,2,0,3,2,77,10
2025,2.0,2025-03-22,Dylan,Shiel,Essendon,INT,3,338,4,11,4,0,3,0,86,18
2025,2.0,2025-03-22,Rory,Laird,Adelaide,BPR,4,353,4,6,3,0,4,0,100,23
2025,2.0,2025-03-22,Zach,Merrett,Essendon,R,9,748,5,14,8,6,8,0,72,26
2025,2.0,2025-03-22,Matt,Crouch,Adelaide,INT,10,265,3,21,1,2,10,1,91,29
2025,2.0,2025-03-22,Alex,Neal-Bullen,Adelaide,FPR,7,234,2,20,3,1,4,2,67,12
2025,2.0,2025-03-22,Wayne,Milera,Adelaide,HBFL,5,370,4,8,2,0,4,0,83,15
2025,2.0,2025-03-22,Jade,Gresham,Essendon,HFFL,5,200,3,10,0,0,3,1,64,7
2025,2.0,2025-03-22,Ben,Keays,Adelaide,HFFL,10,435,0,15,2,1,3,0,82,18
2025,2.0,2025-03-22,Mason,Redman,Essendon,HBFL,2,358,4,8,3,0,1,0,72,13
2025,2.0,2025-03-22,Reilly,O'Brien,Adelaide,RK,5,60,0,15,3,0,3,0,60,6
2025,2.0,2025-03-22,Andrew,McGrath,Essendon,BPL,3,204,7,5,2,0,5,0,79,15
2025,2.0,2025-03-22,Jordan,Dawson,Adelaide,C,8,775,5,21,10,3,6,0,73,24
2025,2.0,2025-03-22,Ben,McKay,Essendon,FB,1,48,4,4,0,0,0,0,100,5
2025,2.0,2025-03-22,Darcy,Fogarty,Adelaide,FPL,8,258,0,5,5,0,2,0,57,8
2025,2.0,2025-03-22,Isaac,Cumming,Adelaide,WL,4,151,2,7,2,0,2,0,89,8
2025,2.0,2025-03-22,Xavier,Duursma,Essendon,INT,4,219,4,6,5,0,4,0,77,10
2025,2.0,2025-03-22,Mitchell,Hinge,Adelaide,INT,3,259,3,19,1,1,3,0,88,14
2025,2.0,2025-03-22,Jye,Caldwell,Essendon,C,6,356,6,17,1,0,9,0,78,21
2025,2.0,2025-03-22,Izak,Rankine,Adelaide,HFFR,6,372,1,8,1,1,4,0,73,11
2025,2.0,2025-03-22,Sam,Draper,Essendon,FF,5,109,0,5,2,0,2,1,80,8
2025,2.0,2025-03-22,Mark,Keane,Adelaide,FB,0,212,5,2,3,0,1,0,70,7
2025,2.0,2025-03-22,Lachlan,Sholl,Adelaide,WR,6,336,3,8,1,0,1,0,84,16
2025,2.0,2025-03-22,Harrison,Jones,Essendon,FPL,1,101,1,16,2,0,1,1,67,6
2025,2.0,2025-03-22,Jaxon,Prior,Essendon,BPR,1,293,5,15,7,0,4,0,53,9
2025,2.0,2025-03-22,Nick,Murray,Adelaide,CHB,3,141,7,7,1,0,3,0,85,11
2025,2.0,2025-03-22,Archie,Perkins,Essendon,HFFR,5,172,1,16,2,2,2,1,82,14
2025,2.0,2025-03-22,Zach,Reid,Essendon,CHB,0,166,2,13,3,0,0,0,60,6
2025,2.0,2025-03-22,Riley,Thilthorpe,Adelaide,CHF,8,331,2,8,3,1,3,1,75,12
2025,2.0,2025-03-22,Nick,Bryan,Essendon,RK,6,322,3,9,1,3,6,0,50,7
2025,2.0,2025-03-22,Josh,Worrell,Adelaide,BPL,3,168,8,9,3,0,4,0,78,14
2025,2.0,2025-03-22,Sam,Durham,Essendon,RR,5,158,2,17,4,3,10,0,81,17
2025,2.0,2025-03-22,James,Peatling,Adelaide,R,4,169,0,18,4,2,5,1,69,9
2025,2.0,2025-03-22,Nic,Martin,Essendon,HBFR,9,466,1,10,2,0,1,0,80,16
2025,2.0,2025-03-22,Jake,Soligo,Adelaide,RR,9,386,5,17,5,3,9,0,82,22
2025,2.0,2025-03-22,Josh,Rachele,Adelaide,INT,9,326,1,15,2,1,3,1,69,11
2025,2.0,2025-03-22,Ben,Hobbs,Essendon,WL,6,70,1,15,3,0,3,0,71,10
2025,2.0,2025-03-22,Jye,Menzie,Essendon,SUB,3,55,0,1,0,0,0,0,33,1
2025,2.0,2025-03-22,Max,Michalanney,Adelaide,HBFR,3,198,9,5,2,0,3,0,87,13
2025,2.0,2025-03-22,Elijah,Tsatas,Essendon,INT,3,371,2,10,7,7,10,0,68,17
2025,2.0,2025-03-22,Daniel,Curtin,Adelaide,INT,5,146,4,11,2,0,1,0,77,10
2025,2.0,2025-03-22,Nate,Caddy,Essendon,CHF,3,85,0,6,0,1,2,0,40,2
2025,2.0,2025-03-22,Archie,Roberts,Essendon,WR,3,204,6,5,3,0,6,0,63,12
2025,2.0,2025-03-22,Isaac,Kako,Essendon,FPR,4,162,2,11,6,0,3,0,67,6
2025,2.0,2025-03-22,Sid,Draper,Adelaide,SUB,2,188,0,10,1,0,1,0,56,5
2025,2.0,2025-03-22,Thomas,Edwards,Essendon,INT,5,135,0,17,4,0,1,3,75,6
2025,2.0,2025-03-22,Travis,Boak,Port Adelaide,WR,7,243,2,10,5,0,1,0,79,22
2025,2.0,2025-03-22,Ollie,Wines,Port Adelaide,RR,10,357,1,16,3,2,7,0,73,24
2025,2.0,2025-03-22,Nick,Vlastuin,Richmond,CHB,2,334,3,15,4,0,4,0,71,10
2025,2.0,2025-03-22,Kamdyn,McIntosh,Richmond,C,2,202,2,17,3,1,4,1,67,12
2025,2.0,2025-03-22,Toby,Nankervis,Richmond,RK,2,94,3,19,4,4,5,0,77,10
2025,2.0,2025-03-22,Jayden,Short,Richmond,HBFL,2,454,2,11,1,2,2,0,91,19
2025,2.0,2025-03-22,Darcy,Byrne-Jones,Port Adelaide,INT,12,353,3,11,0,0,3,1,89,16
2025,2.0,2025-03-22,Aliir,Aliir,Port Adelaide,FB,1,201,5,5,2,0,3,0,75,12
2025,2.0,2025-03-22,Jacob,Hopper,Richmond,R,4,328,1,19,2,6,9,0,63,15
2025,2.0,2025-03-22,Nathan,Broad,Richmond,FB,0,145,4,7,2,0,0,0,75,6
2025,2.0,2025-03-22,Ryan,Burton,Port Adelaide,HBFL,8,225,3,1,0,0,2,0,88,15
2025,2.0,2025-03-22,Sam,Powell-Pepper,Port Adelaide,FPL,10,354,1,8,2,0,3,1,81,13
2025,2.0,2025-03-22,Tim,Taranto,Richmond,RR,6,90,0,32,1,1,6,0,71,12
2025,2.0,2025-03-22,Willie,Rioli,Port Adelaide,R,9,233,2,13,1,2,5,0,88,15
2025,2.0,2025-03-22,Kane,Farrell,Port Adelaide,HBFR,7,398,4,6,4,0,4,0,81,25
2025,2.0,2025-03-22,Willem,Drew,Port Adelaide,INT,7,130,2,30,0,2,8,3,86,19
2025,2.0,2025-03-22,Connor,Rozee,Port Adelaide,C,12,559,0,23,5,1,8,0,77,30
2025,2.0,2025-03-22,Jack,Lukosius,Port Adelaide,FPR,0,0,0,0,0,0,0,0,0,0
2025,2.0,2025-03-22,Jack,Ross,Richmond,INT,4,79,2,24,3,0,5,0,55,6
2025,2.0,2025-03-22,Mitch,Georgiades,Port Adelaide,FF,11,264,0,7,1,0,1,1,77,13
2025,2.0,2025-03-22,Thomson,Dow,Richmond,INT,2,195,3,25,1,2,5,0,87,13
2025,2.0,2025-03-22,Miles,Bergman,Port Adelaide,BPL,4,493,3,6,6,0,2,0,76,16
2025,2.0,2025-03-22,Lachie,Jones,Port Adelaide,BPR,6,290,8,6,1,0,4,0,87,13
2025,2.0,2025-03-22,Rhyan,Mansell,Richmond,HFFL,6,503,2,21,5,0,6,2,63,10
2025,2.0,2025-03-22,Jordon,Sweet,Port Adelaide,RK,7,79,1,12,2,0,3,0,73,8
2025,2.0,2025-03-22,Ben,Miller,Richmond,BPL,1,482,5,8,4,0,3,0,90,17
2025,2.0,2025-03-22,Jackson,Mead,Port Adelaide,INT,8,332,3,17,2,1,5,0,87,26
2025,2.0,2025-03-22,Jason,Horne-Francis,Port Adelaide,HFFR,11,247,2,10,2,2,4,1,77,13
2025,2.0,2025-03-22,Josh,Sinn,Port Adelaide,CHB,5,559,1,5,4,0,1,0,77,17
2025,2.0,2025-03-22,Jase,Burgoyne,Port Adelaide,WL,11,378,7,8,2,0,6,0,84,27
2025,2.0,2025-03-22,Sam,Banks,Richmond,WL,0,77,2,4,1,0,3,0,50,4
2025,2.0,2025-03-22,Jacob,Bauer,Richmond,FPL,2,147,1,10,3,0,2,0,75,6
2025,2.0,2025-03-22,James,Trezise,Richmond,WR,1,164,2,12,0,0,2,0,78,7
2025,2.0,2025-03-22,Tom,Brown,Richmond,INT,5,405,5,15,2,0,3,0,71,10
2025,2.0,2025-03-22,Seth,Campbell,Richmond,CHF,7,348,1,21,4,0,6,0,62,8
2025,2.0,2025-03-22,Joe,Richards,Port Adelaide,CHF,12,292,2,12,3,0,4,1,80,20
2025,2.0,2025-03-22,Steely,Green,Richmond,HFFR,6,253,3,14,1,0,5,0,62,8
2025,2.0,2025-03-22,Kaleb,Smith,Richmond,SUB,2,196,1,2,3,0,3,0,57,4
2025,2.0,2025-03-22,Logan,Evans,Port Adelaide,INT,3,363,6,6,2,0,5,0,88,21
2025,2.0,2025-03-22,Jacob,Blight,Richmond,BPR,3,163,1,10,2,2,0,1,67,8
2025,2.0,2025-03-22,Harry,Armstrong,Richmond,FF,6,190,2,9,2,0,3,0,50,6
2025,2.0,2025-03-22,Sam,Lalor,Richmond,FPR,2,196,1,19,3,0,2,0,50,5
2025,2.0,2025-03-22,Luke,Trainor,Richmond,HBFR,2,310,0,12,3,0,1,0,60,6
2025,2.0,2025-03-22,Joe,Berry,Port Adelaide,HFFL,5,86,0,14,0,0,0,1,80,8
2025,2.0,2025-03-22,Christian,Moraes,Port Adelaide,SUB,5,202,1,11,0,0,2,0,94,16
2025,2.0,2025-03-22,Liam,Fawcett,Richmond,INT,4,158,1,8,0,0,1,0,80,4
2025,2.0,2025-03-22,Patrick,Dangerfield,Geelong,FPR,5,187,0,10,4,3,7,0,50,9
2025,2.0,2025-03-22,Jeremy,Cameron,Geelong,FF,6,268,4,11,3,0,4,0,69,11
2025,2.0,2025-03-22,Bradley,Hill,St Kilda,HFFR,3,200,1,16,1,0,1,0,85,11
2025,2.0,2025-03-22,Mark,Blicavs,Geelong,BPR,9,214,2,7,2,1,3,0,81,13
2025,2.0,2025-03-22,Jack,Macrae,St Kilda,R,10,442,4,22,3,5,10,2,83,29
2025,2.0,2025-03-22,Jimmy,Webster,St Kilda,BPR,3,132,1,9,2,0,2,0,100,11
2025,2.0,2025-03-22,Zak,Jones,St Kilda,HFFL,8,339,5,13,7,0,9,1,67,18
2025,2.0,2025-03-22,Mason,Wood,St Kilda,WL,8,393,7,14,7,0,7,1,73,19
2025,2.0,2025-03-22,Jack,Sinclair,St Kilda,HBFR,7,387,4,19,3,0,6,0,84,21
2025,2.0,2025-03-22,Jack,Steele,St Kilda,RR,6,153,3,22,2,2,7,2,73,16
2025,2.0,2025-03-22,Jack,Bowes,Geelong,INT,1,166,1,25,4,1,4,0,70,7
2025,2.0,2025-03-22,Tom,Stewart,Geelong,CHB,1,40,1,1,0,0,0,0,100,2
2025,2.0,2025-03-22,Mark,O'Connor,Geelong,INT,5,395,4,14,3,0,5,1,69,11
2025,2.0,2025-03-22,Zach,Guthrie,Geelong,HBFL,5,410,4,13,7,0,4,0,81,17
2025,2.0,2025-03-22,Tyson,Stengle,Geelong,HFFR,3,125,1,19,3,0,2,5,67,6
2025,2.0,2025-03-22,Rowan,Marshall,St Kilda,RK,8,389,1,11,6,2,7,1,59,17
2025,2.0,2025-03-22,Hunter,Clark,St Kilda,INT,3,136,0,9,2,1,6,1,36,4
2025,2.0,2025-03-22,Jack,Henry,Geelong,FB,3,143,11,12,2,0,3,0,93,14
2025,2.0,2025-03-22,Jack,Higgins,St Kilda,FPL,9,240,1,14,2,0,3,2,83,10
2025,2.0,2025-03-22,Tom,Atkins,Geelong,RR,3,136,1,29,2,3,10,1,55,11
2025,2.0,2025-03-22,Gryan,Miers,Geelong,CHF,6,325,0,18,4,0,2,0,65,13
2025,2.0,2025-03-22,Callum,Wilkie,St Kilda,FB,2,180,6,11,4,0,4,0,79,15
2025,2.0,2025-03-22,Liam,Stocker,St Kilda,C,1,88,2,2,2,0,1,0,100,5
2025,2.0,2025-03-22,Ryan,Byrnes,St Kilda,HBFL,4,169,4,6,1,0,6,0,70,14
2025,2.0,2025-03-22,Brad,Close,Geelong,HFFL,3,45,3,18,0,0,4,1,100,7
2025,2.0,2025-03-22,Oliver,Henry,Geelong,WL,4,209,0,8,4,0,2,3,22,2
2025,2.0,2025-03-22,Max,Holmes,Geelong,C,4,492,5,18,6,1,7,1,68,13
2025,2.0,2025-03-22,Sam,De Koning,Geelong,RK,4,249,5,9,4,3,7,0,69,11
2025,2.0,2025-03-22,Mitch,Owens,St Kilda,CHF,7,208,0,10,5,0,3,1,70,7
2025,2.0,2025-03-22,Nasiah,Wanganeen-Milera,St Kilda,CHB,7,484,8,15,2,0,6,0,76,22
2025,2.0,2025-03-22,Marcus,Windhager,St Kilda,WR,7,373,4,19,4,1,9,0,68,17
2025,2.0,2025-03-22,Oliver,Dempsey,Geelong,WR,5,168,2,20,2,0,5,1,58,7
2025,2.0,2025-03-22,Mitch,Knevitt,Geelong,R,3,166,1,23,2,1,5,2,56,9
2025,2.0,2025-03-22,Shannon,Neale,Geelong,FPL,3,135,0,9,2,0,0,4,80,4
2025,2.0,2025-03-22,Anthony,Caminiti,St Kilda,FF,1,440,6,1,4,0,2,0,83,15
2025,2.0,2025-03-22,Jhye,Clark,Geelong,INT,6,391,1,16,2,1,2,1,50,7
2025,2.0,2025-03-22,Oisin,Mullin,Geelong,HBFR,4,39,3,14,1,0,3,1,71,5
2025,2.0,2025-03-22,Ted,Clohesy,Geelong,SUB,5,392,3,12,1,0,3,1,81,13
2025,2.0,2025-03-22,Lance,Collard,St Kilda,INT,3,71,0,10,2,0,3,2,83,5
2025,2.0,2025-03-22,Darcy,Wilson,St Kilda,FPR,5,403,4,15,5,0,5,1,47,8
2025,2.0,2025-03-22,Hugo,Garcia,St Kilda,SUB,2,28,0,12,0,1,1,1,100,5
2025,2.0,2025-03-22,Connor,O'Sullivan,Geelong,BPL,5,333,9,10,2,0,4,0,73,11
2025,2.0,2025-03-22,Lawson,Humphries,Geelong,INT,2,384,8,13,4,0,7,0,68,15
2025,2.0,2025-03-22,Max,Hall,St Kilda,INT,3,249,0,14,2,1,2,1,69,9
2025,2.0,2025-03-22,Liam,O'Connell,St Kilda,INT,1,37,2,14,1,0,0,0,100,4
2025,2.0,2025-03-22,Isaac,Keeler,St Kilda,BPL,2,136,1,11,2,0,3,3,29,2
2025,2.0,2025-03-23,Ryan,Lester,Brisbane Lions,BPR,6,267,9,13,5,0,3,0,63,12
2025,2.0,2025-03-23,Jamie,Cripps,West Coast,FPR,4,226,2,13,0,0,0,0,75,9
2025,2.0,2025-03-23,Sam,Day,Brisbane Lions,FPR,5,51,1,9,2,0,0,1,57,4
2025,2.0,2025-03-23,Lachie,Neale,Brisbane Lions,R,7,582,1,9,7,4,13,0,77,27
2025,2.0,2025-03-23,Dayne,Zorko,Brisbane Lions,BPL,4,671,4,16,3,0,1,0,89,25
2025,2.0,2025-03-23,Jeremy,McGovern,West Coast,CHB,2,327,7,6,2,0,4,0,80,16
2025,2.0,2025-03-23,Liam,Duggan,West Coast,RR,1,333,8,12,7,0,7,0,68,13
2025,2.0,2025-03-23,Harris,Andrews,Brisbane Lions,CHB,1,296,12,5,2,0,7,0,80,16
2025,2.0,2025-03-23,Conor,McKenna,Brisbane Lions,SUB,1,62,0,6,0,0,0,1,100,3
2025,2.0,2025-03-23,Callum,Ah Chee,Brisbane Lions,WL,8,333,0,10,2,0,2,2,69,9
2025,2.0,2025-03-23,Josh,Dunkley,Brisbane Lions,RR,5,200,1,17,2,1,5,2,70,16
2025,2.0,2025-03-23,Jayden,Hunt,West Coast,WL,5,309,4,8,2,0,2,0,78,14
2025,2.0,2025-03-23,Tom,Cole,West Coast,INT,3,102,3,10,2,0,4,0,69,9
2025,2.0,2025-03-23,Eric,Hipwood,Brisbane Lions,CHF,5,407,2,7,4,0,2,0,60,9
2025,2.0,2025-03-23,Jarrod,Berry,Brisbane Lions,WR,3,352,3,11,7,1,5,0,73,19
2025,2.0,2025-03-23,Hugh,McCluggage,Brisbane Lions,C,9,442,5,17,5,0,10,4,59,13
2025,2.0,2025-03-23,Cam,Rayner,Brisbane Lions,FPL,2,132,2,17,2,0,2,3,50,4
2025,2.0,2025-03-23,Tim,Kelly,West Coast,R,6,444,4,15,6,0,10,0,59,17
2025,2.0,2025-03-23,Liam,Ryan,West Coast,FPL,6,396,4,6,1,0,6,1,56,9
2025,2.0,2025-03-23,Zac,Bailey,Brisbane Lions,HFFR,3,195,0,12,1,0,2,2,64,9
2025,2.0,2025-03-23,Oscar,McInerney,Brisbane Lions,RK,2,198,0,9,2,4,3,1,62,8
2025,2.0,2025-03-23,Jack,Petruccelle,West Coast,SUB,1,81,0,3,2,0,0,0,67,2
2025,2.0,2025-03-23,Oscar,Allen,West Coast,FF,2,173,0,4,3,0,2,0,63,5
2025,2.0,2025-03-23,Liam,Baker,West Coast,HBFR,1,290,3,22,6,4,9,1,50,12
2025,2.0,2025-03-23,Noah,Answerth,Brisbane Lions,HBFL,2,204,4,8,2,0,5,0,94,15
2025,2.0,2025-03-23,Harry,Edwards,West Coast,FB,2,259,4,1,3,0,0,0,71,5
2025,2.0,2025-03-23,Jack,Payne,Brisbane Lions,FB,2,169,6,7,1,0,1,0,100,9
2025,2.0,2025-03-23,Bailey J.,Williams,West Coast,RK,3,66,0,2,1,1,1,0,50,2
2025,2.0,2025-03-23,Matthew,Owies,West Coast,HFFR,3,91,0,26,3,0,6,5,46,6
2025,2.0,2025-03-23,Tyler,Brockman,West Coast,INT,3,195,0,8,3,0,1,0,78,7
2025,2.0,2025-03-23,Brady,Hough,West Coast,BPL,2,293,6,12,6,0,3,0,57,8
2025,2.0,2025-03-23,Darcy,Wilmot,Brisbane Lions,HBFR,3,417,6,10,6,0,7,0,78,18
2025,2.0,2025-03-23,Noah,Long,West Coast,HFFL,5,99,0,8,1,0,2,1,86,6
2025,2.0,2025-03-23,Reuben,Ginbey,West Coast,HBFL,1,221,5,10,3,0,4,0,64,7
2025,2.0,2025-03-23,Will,Ashcroft,Brisbane Lions,INT,7,376,2,8,4,3,3,0,67,16
2025,2.0,2025-03-23,Elijah,Hewett,West Coast,INT,4,232,5,9,1,1,5,1,39,5
2025,2.0,2025-03-23,Ryan,Maric,West Coast,BPR,1,511,5,3,8,0,2,0,69,18
2025,2.0,2025-03-23,Jaspa,Fletcher,Brisbane Lions,INT,5,444,6,10,3,0,4,0,78,14
2025,2.0,2025-03-23,Harley,Reid,West Coast,C,4,205,1,19,3,4,7,2,67,10
2025,2.0,2025-03-23,Logan,Morris,Brisbane Lions,FF,4,147,0,8,3,0,1,1,75,6
2025,2.0,2025-03-23,Bruce,Reville,Brisbane Lions,HFFL,0,181,0,10,2,0,1,1,50,4
2025,2.0,2025-03-23,Tyrell,Dewar,West Coast,WR,4,591,3,8,4,0,3,0,65,13
2025,2.0,2025-03-23,Clay,Hall,West Coast,INT,4,153,3,10,0,3,11,1,80,12
2025,2.0,2025-03-23,Levi,Ashcroft,Brisbane Lions,INT,4,156,2,14,1,0,3,1,77,13
2025,2.0,2025-03-23,Archer,Reid,West Coast,CHF,3,152,2,4,0,0,1,0,43,3
2025,2.0,2025-03-23,Will,McLachlan,Brisbane Lions,INT,3,195,1,11,3,0,2,0,63,5
2025,2.0,2025-03-23,Jack,Darling,North Melbourne,FF,7,228,2,11,1,0,3,1,86,12
2025,2.0,2025-03-23,Luke,Parker,North Melbourne,R,11,301,3,14,3,3,3,0,73,16
2025,2.0,2025-03-23,Max,Gawn,Melbourne,RK,3,175,3,5,1,0,3,0,55,6
2025,2.0,2025-03-23,Tom,McDonald,Melbourne,FB,2,240,9,14,7,0,4,0,69,9
2025,2.0,2025-03-23,Jack,Viney,Melbourne,R,3,523,3,18,6,1,5,1,63,17
2025,2.0,2025-03-23,Aidan,Corr,North Melbourne,FB,3,271,6,7,1,0,2,0,82,14
2025,2.0,2025-03-23,Luke,McDonald,North Melbourne,BPR,3,281,2,3,1,0,2,0,93,14
2025,2.0,2025-03-23,Christian,Salem,Melbourne,BPR,5,305,6,15,1,0,6,0,83,20
2025,2.0,2025-03-23,Jake,Lever,Melbourne,BPL,2,184,5,6,2,0,1,0,90,9
2025,2.0,2025-03-23,Caleb,Daniel,North Melbourne,CHB,4,778,7,21,9,0,5,0,77,24
2025,2.0,2025-03-23,Ed,Langdon,Melbourne,WL,7,163,3,16,3,0,3,0,82,14
2025,2.0,2025-03-23,Clayton,Oliver,Melbourne,C,9,411,2,18,4,4,16,0,78,28
2025,2.0,2025-03-23,Darcy,Tucker,North Melbourne,INT,1,130,5,4,3,0,3,0,81,13
2025,2.0,2025-03-23,Christian,Petracca,Melbourne,RR,5,438,1,13,5,1,4,1,52,12
2025,2.0,2025-03-23,Jy,Simpkin,North Melbourne,WR,6,283,2,19,1,2,8,0,83,20
2025,2.0,2025-03-23,Cameron,Zurhaar,North Melbourne,FPR,11,310,1,6,3,0,2,1,65,11
2025,2.0,2025-03-23,Nick,Larkey,North Melbourne,CHF,6,167,1,7,2,0,2,1,50,5
2025,2.0,2025-03-23,Luke,Davies-Uniacke,North Melbourne,C,7,353,4,23,3,0,8,1,87,20
2025,2.0,2025-03-23,Bayley,Fritsch,Melbourne,FPL,2,72,2,6,2,0,2,0,25,1
2025,2.0,2025-03-23,Charlie,Spargo,Melbourne,HFFR,3,171,1,9,3,0,1,1,82,9
2025,2.0,2025-03-23,Harrison,Petty,Melbourne,CHB,1,100,5,3,1,0,2,0,100,7
2025,2.0,2025-03-23,Tom,Sparrow,Melbourne,INT,8,466,2,15,5,4,4,0,68,17
2025,2.0,2025-03-23,Bailey,Scott,North Melbourne,HBFL,5,399,0,18,5,0,1,0,88,15
2025,2.0,2025-03-23,Kade,Chandler,Melbourne,FPR,10,588,4,23,4,3,5,1,76,19
2025,2.0,2025-03-23,Trent,Rivers,Melbourne,WR,1,271,4,18,6,0,1,0,56,9
2025,2.0,2025-03-23,Tristan,Xerri,North Melbourne,RK,10,44,0,7,1,3,8,0,85,17
2025,2.0,2025-03-23,Dylan,Stephens,North Melbourne,SUB,2,109,0,0,0,0,1,0,100,5
2025,2.0,2025-03-23,Harry,Sharp,Melbourne,INT,2,152,1,9,2,0,3,1,70,7
2025,2.0,2025-03-23,Tom,Powell,North Melbourne,RR,10,535,2,15,3,5,8,0,84,26
2025,2.0,2025-03-23,Will,Phillips,North Melbourne,INT,2,65,1,16,1,0,3,1,80,8
2025,2.0,2025-03-23,Jake,Bowey,Melbourne,HBFR,2,538,9,14,5,0,4,0,73,16
2025,2.0,2025-03-23,Charlie,Comben,North Melbourne,BPL,1,213,12,7,3,0,3,0,88,14
2025,2.0,2025-03-23,Paul,Curtis,North Melbourne,FPL,11,434,4,13,5,0,5,2,68,15
2025,2.0,2025-03-23,Daniel,Turner,Melbourne,INT,5,119,1,12,2,0,3,1,57,4
2025,2.0,2025-03-23,Harry,Sheezel,North Melbourne,HFFL,8,227,4,16,8,2,11,0,68,19
2025,2.0,2025-03-23,Jacob,van Rooyen,Melbourne,FF,3,144,0,7,0,0,1,1,67,6
2025,2.0,2025-03-23,Taj,Woewodin,Melbourne,SUB,0,263,1,6,2,0,3,1,90,9
2025,2.0,2025-03-23,Robert,Hansen Jr,North Melbourne,INT,4,317,0,12,4,0,3,0,87,13
2025,2.0,2025-03-23,Blake,Howes,Melbourne,INT,2,80,3,8,1,0,3,0,82,9
2025,2.0,2025-03-23,Colby,McKercher,North Melbourne,HBFR,4,331,2,10,5,0,2,0,53,9
2025,2.0,2025-03-23,Toby,Pink,North Melbourne,HFFR,1,210,4,10,2,0,0,0,92,11
2025,2.0,2025-03-23,Jacob,Konstanty,North Melbourne,INT,4,89,1,6,4,0,3,0,78,7
2025,2.0,2025-03-23,Finn,O'Sullivan,North Melbourne,WL,4,270,2,8,2,0,3,0,92,11
2025,2.0,2025-03-23,Jack,Henderson,Melbourne,HFFL,4,114,2,12,1,0,3,3,77,10
2025,2.0,2025-03-23,Matthew,Jefferson,Melbourne,CHF,0,0,0,2,0,0,0,0,0,0
2025,2.0,2025-03-23,Xavier,Lindsay,Melbourne,HBFL,4,74,3,26,2,0,6,0,85,17
2025,2.0,2025-03-23,Dane,Rampe,Sydney,FB,1,436,0,9,3,0,1,0,75,9
2025,2.0,2025-03-23,Jaeger,O'Meara,Fremantle,C,6,307,4,12,6,3,11,0,72,23
2025,2.0,2025-03-23,Brodie,Grundy,Sydney,RK,3,107,2,7,2,0,2,0,73,8
2025,2.0,2025-03-23,Jake,Lloyd,Sydney,WL,7,455,1,17,4,0,2,0,92,23
2025,2.0,2025-03-23,Isaac,Heeney,Sydney,C,4,405,4,27,7,2,5,1,57,12
2025,2.0,2025-03-23,Alex,Pearce,Fremantle,FB,1,154,8,4,1,0,4,0,91,10
2025,2.0,2025-03-23,Joel,Hamling,Sydney,BPR,2,152,5,5,3,0,2,0,67,8
2025,2.0,2025-03-23,Tom,Papley,Sydney,FPR,9,399,1,15,6,0,7,0,63,12
2025,2.0,2025-03-23,Corey,Wagner,Fremantle,BPL,5,487,4,9,2,0,3,0,90,18
2025,2.0,2025-03-23,Oliver,Florent,Sydney,HBFR,4,203,3,19,0,0,3,1,73,8
2025,2.0,2025-03-23,Will,Hayward,Sydney,CHF,3,113,0,12,3,0,1,1,43,3
2025,2.0,2025-03-23,Shai,Bolton,Fremantle,HFFR,6,215,0,15,5,2,6,2,67,10
2025,2.0,2025-03-23,Luke,Ryan,Fremantle,INT,1,625,5,6,3,0,2,0,83,19
2025,2.0,2025-03-23,Brennan,Cox,Fremantle,BPR,3,134,6,1,0,0,3,0,100,12
2025,2.0,2025-03-23,Bailey,Banfield,Fremantle,INT,3,121,1,13,4,0,3,0,70,7
2025,2.0,2025-03-23,Andrew,Brayshaw,Fremantle,R,5,414,1,26,2,2,6,1,100,19
2025,2.0,2025-03-23,Tom,McCartin,Sydney,FF,1,246,9,5,5,0,5,0,80,12
2025,2.0,2025-03-23,Jordan,Clark,Fremantle,HBFR,4,540,10,13,6,0,9,0,75,18
2025,2.0,2025-03-23,Nick,Blakey,Sydney,BPL,5,483,10,8,3,0,3,0,85,17
2025,2.0,2025-03-23,James,Rowbottom,Sydney,INT,5,294,7,25,2,3,9,0,82,18
2025,2.0,2025-03-23,Peter,Ladhams,Sydney,INT,3,148,6,11,2,2,5,0,67,8
2025,2.0,2025-03-23,Hayden,McLean,Sydney,HFFR,7,183,0,9,3,0,4,4,67,6
2025,2.0,2025-03-23,Luke,Jackson,Fremantle,RK,5,298,3,21,4,0,5,1,65,13
2025,2.0,2025-03-23,Caleb,Serong,Fremantle,RR,4,203,3,24,3,3,6,0,63,12
2025,2.0,2025-03-23,Chad,Warner,Sydney,RR,10,727,2,23,5,0,7,2,58,15
2025,2.0,2025-03-23,Michael,Frederick,Fremantle,CHF,3,135,1,12,1,0,6,0,42,5
2025,2.0,2025-03-23,Sam,Wicks,Sydney,HBFL,2,265,0,10,2,0,1,0,67,10
2025,2.0,2025-03-23,Jeremy,Sharp,Fremantle,WR,1,275,3,6,2,0,3,0,83,15
2025,2.0,2025-03-23,Joel,Amartey,Sydney,FPL,4,69,0,5,2,0,2,0,88,7
2025,2.0,2025-03-23,James,Jordon,Sydney,R,4,344,3,17,4,3,13,0,54,13
2025,2.0,2025-03-23,Braeden,Campbell,Sydney,WR,6,352,3,16,5,0,4,0,56,9
2025,2.0,2025-03-23,Heath,Chapman,Fremantle,HBFL,2,202,4,9,3,0,2,1,58,7
2025,2.0,2025-03-23,Josh,Treacy,Fremantle,FF,8,243,1,12,2,0,5,2,85,11
2025,2.0,2025-03-23,Brandon,Walker,Fremantle,CHB,1,66,2,3,0,0,2,0,80,4
2025,2.0,2025-03-23,Angus,Sheldrick,Sydney,SUB,1,94,0,6,0,0,2,0,33,1
2025,2.0,2025-03-23,Nathan,O'Driscoll,Fremantle,INT,5,523,3,11,4,0,8,0,60,15
2025,2.0,2025-03-23,Neil,Erasmus,Fremantle,INT,5,299,1,19,5,0,1,2,43,6
2025,2.0,2025-03-23,Jye,Amiss,Fremantle,FPR,2,87,0,5,1,0,2,0,38,3
2025,2.0,2025-03-23,Matt,Roberts,Sydney,CHB,5,524,6,12,6,0,6,0,76,19
2025,2.0,2025-03-23,Matthew,Johnson,Fremantle,WL,3,388,3,11,5,0,2,0,65,11
2025,2.0,2025-03-23,Corey,Warner,Sydney,INT,4,323,1,16,4,0,2,0,57,8
2025,2.0,2025-03-23,Joshua,Draper,Fremantle,SUB,1,107,5,5,0,0,3,0,86,6
2025,2.0,2025-03-23,Patrick,Voss,Fremantle,HFFL,7,239,3,5,7,0,6,0,39,5
2025,2.0,2025-03-23,Tom,Hanily,Sydney,HFFL,5,12,1,17,2,0,3,0,100,7
2025,2.0,2025-03-23,Murphy,Reid,Fremantle,FPL,5,277,3,12,2,0,5,0,79,11
2025,2.0,2025-03-23,Riley,Bice,Sydney,INT,4,200,5,8,0,0,5,0,93,13
2025,3.0,2025-03-27,Travis,Boak,Port Adelaide,WR,7,227,1,22,1,0,2,0,89,16
2025,3.0,2025-03-27,Dylan,Shiel,Essendon,INT,8,709,1,16,4,2,5,0,64,16
2025,3.0,2025-03-27,Ollie,Wines,Port Adelaide,HFFR,9,349,1,15,5,3,9,0,68,21
2025,3.0,2025-03-27,Zach,Merrett,Essendon,RR,8,477,0,22,7,1,7,0,59,20
2025,3.0,2025-03-27,Jade,Gresham,Essendon,HFFL,11,210,2,15,3,0,4,1,85,17
2025,3.0,2025-03-27,Darcy,Byrne-Jones,Port Adelaide,HFFL,5,272,1,16,3,0,3,1,60,9
2025,3.0,2025-03-27,Aliir,Aliir,Port Adelaide,FB,1,169,11,4,0,0,3,0,80,12
2025,3.0,2025-03-27,Mason,Redman,Essendon,HBFL,6,570,3,16,3,0,2,0,91,20
2025,3.0,2025-03-27,Sam,Powell-Pepper,Port Adelaide,FPL,3,254,0,14,2,0,0,2,64,9
2025,3.0,2025-03-27,Andrew,McGrath,Essendon,BPL,2,128,2,7,0,0,1,0,78,7
2025,3.0,2025-03-27,Ivan,Soldo,Port Adelaide,FPR,2,38,1,7,2,0,2,1,80,4
2025,3.0,2025-03-27,Ben,McKay,Essendon,FB,2,54,6,4,1,0,2,0,90,9
2025,3.0,2025-03-27,Esava,Ratugolea,Port Adelaide,BPL,1,127,2,2,2,0,1,0,83,10
2025,3.0,2025-03-27,Willie,Rioli,Port Adelaide,R,3,278,1,11,6,0,1,0,63,10
2025,3.0,2025-03-27,Jordan,Ridley,Essendon,BPR,6,448,3,8,1,0,1,0,82,18
2025,3.0,2025-03-27,Kane,Farrell,Port Adelaide,HBFR,2,495,1,11,5,0,2,0,89,16
2025,3.0,2025-03-27,Willem,Drew,Port Adelaide,INT,2,162,2,19,1,1,5,0,87,13
2025,3.0,2025-03-27,Xavier,Duursma,Essendon,INT,10,224,3,13,2,0,8,0,83,24
2025,3.0,2025-03-27,Connor,Rozee,Port Adelaide,C,3,210,0,27,4,1,2,1,59,13
2025,3.0,2025-03-27,Jye,Caldwell,Essendon,C,6,293,3,21,3,1,5,0,70,16
2025,3.0,2025-03-27,Mitch,Georgiades,Port Adelaide,FF,9,207,0,3,2,0,3,0,69,9
2025,3.0,2025-03-27,Sam,Draper,Essendon,FF,3,240,0,4,3,0,2,1,67,6
2025,3.0,2025-03-27,Harrison,Jones,Essendon,FPL,5,193,1,8,1,0,3,1,77,10
2025,3.0,2025-03-27,Miles,Bergman,Port Adelaide,HBFL,3,575,8,19,6,0,4,0,65,17
2025,3.0,2025-03-27,Jaxon,Prior,Essendon,HBFR,4,376,5,5,4,0,2,0,74,14
2025,3.0,2025-03-27,Jordon,Sweet,Port Adelaide,RK,7,139,0,15,1,1,2,0,64,9
2025,3.0,2025-03-27,Zach,Reid,Essendon,CHB,7,252,5,4,1,0,2,0,88,14
2025,3.0,2025-03-27,Nick,Bryan,Essendon,RK,6,177,6,9,0,0,1,0,100,12
2025,3.0,2025-03-27,Sam,Durham,Essendon,R,12,409,3,15,3,1,10,1,68,19
2025,3.0,2025-03-27,Nic,Martin,Essendon,HFFR,5,351,1,13,1,2,4,0,80,16
2025,3.0,2025-03-27,Jackson,Mead,Port Adelaide,INT,4,71,4,16,0,0,3,1,93,13
2025,3.0,2025-03-27,Jason,Horne-Francis,Port Adelaide,RR,8,231,1,11,3,2,6,0,68,15
2025,3.0,2025-03-27,Josh,Sinn,Port Adelaide,BPR,4,571,2,5,2,0,1,0,78,14
2025,3.0,2025-03-27,Ben,Hobbs,Essendon,WR,7,181,2,17,5,1,6,1,71,15
2025,3.0,2025-03-27,Jase,Burgoyne,Port Adelaide,CHB,6,404,8,13,3,0,5,0,96,26
2025,3.0,2025-03-27,Jye,Menzie,Essendon,INT,8,118,1,8,0,0,3,0,80,8
2025,3.0,2025-03-27,Joe,Richards,Port Adelaide,CHF,3,188,0,13,0,0,4,0,85,11
2025,3.0,2025-03-27,Nate,Caddy,Essendon,CHF,7,174,2,9,2,0,5,3,54,7
2025,3.0,2025-03-27,Logan,Evans,Port Adelaide,INT,1,174,3,12,1,0,0,0,80,8
2025,3.0,2025-03-27,Archie,Roberts,Essendon,WL,10,366,5,23,2,0,4,0,67,14
2025,3.0,2025-03-27,Isaac,Kako,Essendon,FPR,6,79,1,17,0,0,2,1,90,9
2025,3.0,2025-03-27,Joe,Berry,Port Adelaide,INT,4,384,1,10,4,0,2,0,60,9
2025,3.0,2025-03-27,Thomas,Edwards,Essendon,INT,3,36,0,5,4,0,1,1,67,4
2025,3.0,2025-03-27,Christian,Moraes,Port Adelaide,WL,5,416,4,11,3,1,3,0,85,23
2025,3.0,2025-03-27,Saad,El-Hawli,Essendon,SUB,2,151,1,2,2,0,2,0,57,4
2025,3.0,2025-03-27,Tom,Cochrane,Port Adelaide,SUB,2,66,0,3,0,0,0,0,50,1
2025,3.0,2025-03-28,Liam,Jones,Western Bulldogs,FB,0,77,4,4,0,0,0,0,100,7
2025,3.0,2025-03-28,Tom,Liberatore,Western Bulldogs,C,7,489,3,39,7,2,7,2,67,20
2025,3.0,2025-03-28,Nick,Haynes,Carlton,BPR,1,521,4,9,5,0,0,0,59,10
2025,3.0,2025-03-28,Sam,Docherty,Carlton,FPR,5,251,3,21,1,0,3,1,80,12
2025,3.0,2025-03-28,Zac,Williams,Carlton,HFFR,1,187,1,0,3,0,4,0,63,5
2025,3.0,2025-03-28,Patrick,Cripps,Carlton,C,6,135,2,25,5,2,6,3,62,13
2025,3.0,2025-03-28,Blake,Acres,Carlton,WL,1,408,1,18,6,0,1,0,33,5
2025,3.0,2025-03-28,Rory,Lobb,Western Bulldogs,CHB,4,369,8,5,1,0,3,0,85,11
2025,3.0,2025-03-28,Adam,Saad,Carlton,HBFL,3,444,3,12,3,0,2,1,74,14
2025,3.0,2025-03-28,Bailey,Dale,Western Bulldogs,HBFR,2,485,6,7,4,0,5,0,65,13
2025,3.0,2025-03-28,James,Harmes,Western Bulldogs,INT,3,410,6,12,4,0,10,0,77,17
2025,3.0,2025-03-28,Jacob,Weitering,Carlton,FB,2,106,7,2,2,0,3,0,93,13
2025,3.0,2025-03-28,Mitch,McGovern,Carlton,CHB,0,287,4,14,5,0,2,0,46,5
2025,3.0,2025-03-28,George,Hewett,Carlton,R,6,212,1,19,3,4,9,1,74,20
2025,3.0,2025-03-28,Charlie,Curnow,Carlton,FF,5,172,0,6,2,0,1,1,63,5
2025,3.0,2025-03-28,Bailey,Williams,Western Bulldogs,WL,8,278,6,5,2,1,7,1,85,22
2025,3.0,2025-03-28,Matthew,Kennedy,Western Bulldogs,HFFR,5,378,1,19,3,4,8,0,73,16
2025,3.0,2025-03-28,Jack,Silvagni,Carlton,CHF,3,212,8,5,3,0,3,0,88,14
2025,3.0,2025-03-28,Tim,English,Western Bulldogs,RK,4,151,3,9,4,1,2,0,56,9
2025,3.0,2025-03-28,Lewis,Young,Carlton,BPL,3,88,0,5,2,0,1,1,38,3
2025,3.0,2025-03-28,Aaron,Naughton,Western Bulldogs,CHF,3,54,0,12,2,0,2,0,50,3
2025,3.0,2025-03-28,Lachie,Fogarty,Carlton,INT,3,215,0,18,2,0,2,2,55,6
2025,3.0,2025-03-28,Adam,Cerra,Carlton,RR,6,502,5,18,4,5,8,0,73,19
2025,3.0,2025-03-28,Ed,Richards,Western Bulldogs,R,4,252,3,22,5,1,7,0,57,12
2025,3.0,2025-03-28,Tom,De Koning,Carlton,RK,6,315,8,9,2,0,6,1,71,20
2025,3.0,2025-03-28,Sam,Walsh,Carlton,INT,5,507,4,18,4,2,10,0,73,19
2025,3.0,2025-03-28,Oskar,Baker,Western Bulldogs,INT,3,316,4,3,3,0,3,0,79,11
2025,3.0,2025-03-28,Rhylee,West,Western Bulldogs,FPR,5,60,0,13,1,0,3,1,38,3
2025,3.0,2025-03-28,Laitham,Vandermeer,Western Bulldogs,FPL,4,144,1,9,3,0,3,1,82,9
2025,3.0,2025-03-28,Matthew,Cottrell,Carlton,WR,5,336,1,8,3,0,6,0,71,10
2025,3.0,2025-03-28,Lachlan,McNeil,Western Bulldogs,INT,4,172,0,12,1,0,4,0,67,8
2025,3.0,2025-03-28,Francis,Evans,Carlton,INT,4,167,0,6,2,0,3,0,57,4
2025,3.0,2025-03-28,Buku,Khamis,Western Bulldogs,BPL,3,195,5,7,2,0,1,0,90,9
2025,3.0,2025-03-28,Lachlan,Bramble,Western Bulldogs,HBFL,4,304,4,11,2,0,3,0,89,16
2025,3.0,2025-03-28,Brodie,Kemp,Carlton,FPL,8,315,1,10,3,0,1,2,50,6
2025,3.0,2025-03-28,Jordan,Boyd,Carlton,SUB,1,202,2,7,1,0,2,0,89,8
2025,3.0,2025-03-28,Jesse,Motlop,Carlton,HFFL,7,144,2,11,1,0,3,2,89,8
2025,3.0,2025-03-28,Sam,Darcy,Western Bulldogs,FF,8,329,3,12,0,1,4,2,59,10
2025,3.0,2025-03-28,Lachlan,Cowan,Carlton,INT,2,228,2,12,0,0,4,0,92,12
2025,3.0,2025-03-28,Oliver,Hollands,Carlton,HBFR,1,134,2,21,2,0,4,0,67,8
2025,3.0,2025-03-28,James,O'Donnell,Western Bulldogs,INT,5,256,1,8,1,0,1,1,80,8
2025,3.0,2025-03-28,Harvey,Gallagher,Western Bulldogs,BPR,0,248,2,9,2,0,1,0,67,6
2025,3.0,2025-03-28,Ryley,Sanders,Western Bulldogs,HFFL,5,222,1,11,4,1,9,0,71,17
2025,3.0,2025-03-28,Joel,Freijah,Western Bulldogs,RR,3,217,2,19,3,0,4,0,75,12
2025,3.0,2025-03-28,Sam,Davidson,Western Bulldogs,WR,7,639,1,12,6,0,6,0,81,25
2025,3.0,2025-03-28,Josh,Dolan,Western Bulldogs,SUB,2,111,0,2,1,0,0,0,60,3
2025,3.0,2025-03-29,Jake,Melksham,Melbourne,SUB,6,224,0,4,1,0,2,1,50,4
2025,3.0,2025-03-29,Steven,May,Melbourne,FB,4,411,5,1,3,0,1,0,85,17
2025,3.0,2025-03-29,Max,Gawn,Melbourne,RK,5,157,4,8,3,0,2,0,53,8
2025,3.0,2025-03-29,Tom,McDonald,Melbourne,BPL,2,213,8,12,0,0,4,0,88,15
2025,3.0,2025-03-29,Jack,Viney,Melbourne,HFFR,4,224,1,20,5,1,9,0,63,12
2025,3.0,2025-03-29,Jarrod,Witts,Gold Coast,RK,5,122,0,11,3,0,2,1,77,10
2025,3.0,2025-03-29,Jack,Billings,Melbourne,WL,3,179,2,6,2,0,5,0,79,11
2025,3.0,2025-03-29,Christian,Salem,Melbourne,BPR,3,241,5,13,3,0,4,0,75,15
2025,3.0,2025-03-29,Nick,Holman,Gold Coast,INT,5,121,0,10,1,0,3,0,75,6
2025,3.0,2025-03-29,Touk,Miller,Gold Coast,HFFR,10,471,2,14,1,0,1,2,91,21
2025,3.0,2025-03-29,Lachie,Weller,Gold Coast,WL,2,159,1,12,1,0,5,0,70,7
2025,3.0,2025-03-29,Ed,Langdon,Melbourne,R,5,478,4,19,6,0,4,0,76,22
2025,3.0,2025-03-29,Daniel,Rioli,Gold Coast,HBFR,4,390,2,7,4,0,4,0,80,16
2025,3.0,2025-03-29,Clayton,Oliver,Melbourne,C,7,330,2,25,4,1,6,0,74,23
2025,3.0,2025-03-29,Christian,Petracca,Melbourne,RR,10,363,2,13,3,1,7,1,65,15
2025,3.0,2025-03-29,Sam,Collins,Gold Coast,BPR,3,80,11,9,2,0,2,0,100,10
2025,3.0,2025-03-29,Ben,Long,Gold Coast,FF,8,241,0,13,3,0,3,2,50,7
2025,3.0,2025-03-29,Bayley,Fritsch,Melbourne,INT,8,308,2,8,2,0,3,0,67,10
2025,3.0,2025-03-29,Wil,Powell,Gold Coast,FB,1,220,5,5,2,0,4,0,82,9
2025,3.0,2025-03-29,Harrison,Petty,Melbourne,CHB,3,163,4,11,2,0,3,0,91,10
2025,3.0,2025-03-29,Tom,Sparrow,Melbourne,HBFL,6,270,2,16,3,1,4,0,64,9
2025,3.0,2025-03-29,Ben,King,Gold Coast,FPL,9,148,0,4,3,0,3,2,50,6
2025,3.0,2025-03-29,John,Noble,Gold Coast,HBFL,7,552,2,15,5,0,1,0,90,26
2025,3.0,2025-03-29,Kade,Chandler,Melbourne,FPR,4,191,2,15,3,0,3,0,85,11
2025,3.0,2025-03-29,Noah,Anderson,Gold Coast,R,10,503,6,20,6,2,9,0,74,26
2025,3.0,2025-03-29,Connor,Budarick,Gold Coast,CHF,5,295,3,17,2,0,4,1,71,10
2025,3.0,2025-03-29,Matt,Rowell,Gold Coast,C,9,396,3,23,7,9,11,1,69,25
2025,3.0,2025-03-29,Trent,Rivers,Melbourne,INT,4,507,8,13,4,1,4,0,91,20
2025,3.0,2025-03-29,Sam,Flanders,Gold Coast,INT,6,212,3,14,6,2,6,1,60,15
2025,3.0,2025-03-29,Harry,Sharp,Melbourne,INT,5,297,1,14,2,0,2,0,83,10
2025,3.0,2025-03-29,Joel,Jeffrey,Gold Coast,INT,3,373,4,10,2,0,2,0,75,12
2025,3.0,2025-03-29,Jake,Bowey,Melbourne,HBFR,4,427,12,13,1,0,7,0,89,23
2025,3.0,2025-03-29,Mac,Andrew,Gold Coast,BPL,2,197,2,6,4,0,0,0,56,5
2025,3.0,2025-03-29,Bodhi,Uwland,Gold Coast,CHB,2,403,6,5,3,0,4,0,93,14
2025,3.0,2025-03-29,Jacob,van Rooyen,Melbourne,FF,4,113,1,8,2,0,1,1,86,6
2025,3.0,2025-03-29,Bailey,Humphrey,Gold Coast,RR,7,457,2,25,1,2,10,0,61,14
2025,3.0,2025-03-29,Blake,Howes,Melbourne,INT,1,228,2,10,3,0,1,0,67,6
2025,3.0,2025-03-29,Jed,Walter,Gold Coast,INT,4,177,4,9,5,0,7,0,67,8
2025,3.0,2025-03-29,Sam,Clohesy,Gold Coast,WR,4,445,2,14,2,0,4,1,81,17
2025,3.0,2025-03-29,Will,Graham,Gold Coast,HFFL,9,372,3,13,3,1,5,0,81,13
2025,3.0,2025-03-29,Ethan,Read,Gold Coast,FPR,1,111,0,5,2,0,1,1,71,5
2025,3.0,2025-03-29,Jake,Rogers,Gold Coast,SUB,2,32,0,3,1,0,4,0,67,6
2025,3.0,2025-03-29,Jack,Henderson,Melbourne,HFFL,3,111,1,13,3,1,4,0,55,6
2025,3.0,2025-03-29,Aidan,Johnson,Melbourne,CHF,0,72,0,11,3,1,0,1,40,2
2025,3.0,2025-03-29,Harvey,Langford,Melbourne,FPL,10,365,1,15,3,1,7,0,77,20
2025,3.0,2025-03-29,Xavier,Lindsay,Melbourne,WR,0,15,0,0,0,0,0,0,100,2
2025,3.0,2025-03-29,Tom,Lynch,Richmond,FF,5,169,0,10,2,0,1,1,57,4
2025,3.0,2025-03-29,Bradley,Hill,St Kilda,CHF,10,489,1,5,2,0,4,0,82,18
2025,3.0,2025-03-29,Jack,Macrae,St Kilda,R,12,312,4,17,4,2,11,0,71,22
2025,3.0,2025-03-29,Nick,Vlastuin,Richmond,HBFR,2,252,3,5,3,0,1,0,77,10
2025,3.0,2025-03-29,Jimmy,Webster,St Kilda,BPR,7,258,7,5,1,0,5,0,89,16
2025,3.0,2025-03-29,Zak,Jones,St Kilda,HBFR,8,256,0,14,1,3,5,0,75,15
2025,3.0,2025-03-29,Mason,Wood,St Kilda,FPR,8,378,1,6,0,0,3,2,88,14
2025,3.0,2025-03-29,Kamdyn,McIntosh,Richmond,C,7,245,2,10,2,0,2,1,75,15
2025,3.0,2025-03-29,Jack,Sinclair,St Kilda,C,10,689,8,8,3,0,4,0,85,34
2025,3.0,2025-03-29,Toby,Nankervis,Richmond,RK,6,295,2,15,2,1,3,0,67,14
2025,3.0,2025-03-29,Jayden,Short,Richmond,CHB,2,392,1,8,7,1,4,0,77,20
2025,3.0,2025-03-29,Jacob,Hopper,Richmond,R,3,247,0,9,3,1,5,0,76,19
2025,3.0,2025-03-29,Nathan,Broad,Richmond,BPL,1,230,5,4,3,0,3,0,72,13
2025,3.0,2025-03-29,Tim,Taranto,Richmond,RR,3,98,3,21,1,4,7,1,85,17
2025,3.0,2025-03-29,Rowan,Marshall,St Kilda,RK,9,171,3,10,0,2,4,0,78,18
2025,3.0,2025-03-29,Jack,Higgins,St Kilda,HFFL,6,169,1,14,3,0,5,1,64,7
2025,3.0,2025-03-29,Callum,Wilkie,St Kilda,FB,3,198,3,2,1,0,4,0,85,11
2025,3.0,2025-03-29,Jack,Ross,Richmond,INT,3,470,2,21,7,0,5,0,67,14
2025,3.0,2025-03-29,Ryan,Byrnes,St Kilda,HBFL,8,317,2,4,2,0,3,0,72,13
2025,3.0,2025-03-29,Thomson,Dow,Richmond,WL,3,178,1,19,2,1,3,0,75,15
2025,3.0,2025-03-29,Rhyan,Mansell,Richmond,HFFL,2,130,1,18,1,0,3,0,50,4
2025,3.0,2025-03-29,Cooper,Sharman,St Kilda,FPL,9,178,0,8,2,0,4,1,73,8
2025,3.0,2025-03-29,Ben,Miller,Richmond,BPR,0,218,0,6,3,0,0,0,83,10
2025,3.0,2025-03-29,Mitch,Owens,St Kilda,HFFR,11,202,0,2,1,0,4,0,71,10
2025,3.0,2025-03-29,Nasiah,Wanganeen-Milera,St Kilda,CHB,9,517,4,13,8,0,4,0,72,21
2025,3.0,2025-03-29,Marcus,Windhager,St Kilda,WR,7,122,2,14,0,2,7,1,74,14
2025,3.0,2025-03-29,Tyler,Sonsie,Richmond,INT,4,167,1,12,1,1,3,0,60,6
2025,3.0,2025-03-29,Anthony,Caminiti,St Kilda,FF,6,235,6,0,0,0,2,0,94,16
2025,3.0,2025-03-29,Jacob,Bauer,Richmond,FPL,3,76,0,3,1,0,2,0,100,4
2025,3.0,2025-03-29,James,Trezise,Richmond,WR,2,202,5,15,4,1,4,3,73,11
2025,3.0,2025-03-29,Tom,Brown,Richmond,INT,1,352,2,13,3,0,0,0,86,12
2025,3.0,2025-03-29,Seth,Campbell,Richmond,CHF,6,189,1,18,1,1,5,0,67,8
2025,3.0,2025-03-29,Lance,Collard,St Kilda,INT,8,189,2,8,1,0,2,1,75,9
2025,3.0,2025-03-29,Darcy,Wilson,St Kilda,WL,5,293,2,9,8,2,4,1,60,12
2025,3.0,2025-03-29,Angus,Hastie,St Kilda,SUB,5,99,4,4,0,0,0,0,71,5
2025,3.0,2025-03-29,Hugo,Garcia,St Kilda,RR,3,299,1,17,4,0,6,1,65,15
2025,3.0,2025-03-29,Steely,Green,Richmond,HFFR,4,95,3,14,1,0,3,1,80,8
2025,3.0,2025-03-29,Kaleb,Smith,Richmond,SUB,1,78,3,0,1,0,1,0,71,5
2025,3.0,2025-03-29,Jacob,Blight,Richmond,FB,1,199,6,5,4,1,4,0,83,15
2025,3.0,2025-03-29,Harry,Armstrong,Richmond,INT,0,-7,1,6,0,0,1,0,50,1
2025,3.0,2025-03-29,Sam,Lalor,Richmond,FPR,4,198,1,18,1,1,1,0,67,6
2025,3.0,2025-03-29,Luke,Trainor,Richmond,HBFL,0,260,4,12,4,0,5,0,78,14
2025,3.0,2025-03-29,Max,Hall,St Kilda,INT,9,361,0,12,2,0,4,1,61,11
2025,3.0,2025-03-29,Liam,O'Connell,St Kilda,INT,0,0,0,1,0,0,0,0,0,0
2025,3.0,2025-03-29,Isaac,Keeler,St Kilda,BPL,4,206,1,10,1,0,0,0,67,6
2025,3.0,2025-03-29,Tobie,Travaglia,St Kilda,INT,5,189,5,14,3,0,9,1,72,13
2025,3.0,2025-03-29,Callan,Ward,Greater Western Sydney,INT,0,54,1,9,1,0,2,0,100,4
2025,3.0,2025-03-29,Jack,Gunston,Hawthorn,FPL,9,193,0,20,3,0,6,3,44,7
2025,3.0,2025-03-29,Luke,Breust,Hawthorn,SUB,0,-7,0,4,1,0,1,1,0,0
2025,3.0,2025-03-29,Lachlan,Keeffe,Greater Western Sydney,INT,0,103,2,7,2,1,3,0,75,6
2025,3.0,2025-03-29,Stephen,Coniglio,Greater Western Sydney,WR,1,199,3,9,3,0,4,0,67,10
2025,3.0,2025-03-29,Toby,Greene,Greater Western Sydney,HFFL,4,320,2,9,5,0,8,2,47,9
2025,3.0,2025-03-29,Lachie,Whitfield,Greater Western Sydney,HBFL,4,666,4,19,9,0,4,0,65,22
2025,3.0,2025-03-29,Jake,Stringer,Greater Western Sydney,CHF,7,291,1,13,1,0,6,2,43,6
2025,3.0,2025-03-29,Jarman,Impey,Hawthorn,CHB,2,241,2,12,2,0,0,0,88,7
2025,3.0,2025-03-29,Josh,Kelly,Greater Western Sydney,C,2,374,4,29,6,1,6,0,74,17
2025,3.0,2025-03-29,Jesse,Hogan,Greater Western Sydney,FF,7,175,1,4,2,0,3,0,73,8
2025,3.0,2025-03-29,James,Sicily,Hawthorn,BPR,2,274,9,10,6,0,4,0,81,13
2025,3.0,2025-03-29,Karl,Amon,Hawthorn,WL,3,552,3,14,4,1,5,0,81,17
2025,3.0,2025-03-29,Tom,Barrass,Hawthorn,BPL,1,146,5,6,1,0,2,0,88,7
2025,3.0,2025-03-29,Harry,Himmelberg,Greater Western Sydney,BPR,3,483,6,10,1,0,1,0,92,22
2025,3.0,2025-03-29,Blake,Hardwick,Hawthorn,FB,8,344,1,16,5,0,3,2,63,12
2025,3.0,2025-03-29,Mabior,Chol,Hawthorn,FF,3,81,0,16,4,0,1,1,40,2
2025,3.0,2025-03-29,Josh,Battle,Hawthorn,WR,3,389,3,5,5,0,2,0,77,10
2025,3.0,2025-03-29,Harry,Morrison,Hawthorn,HFFL,4,261,2,16,3,1,2,0,69,11
2025,3.0,2025-03-29,Sam,Taylor,Greater Western Sydney,FB,1,221,10,14,4,0,5,0,81,13
2025,3.0,2025-03-29,Brent,Daniels,Greater Western Sydney,HFFR,2,108,0,33,1,1,4,1,93,14
2025,3.0,2025-03-29,Conor,Nash,Hawthorn,C,5,406,1,25,4,1,2,0,82,14
2025,3.0,2025-03-29,Dylan,Moore,Hawthorn,R,5,75,4,17,1,0,5,0,86,19
2025,3.0,2025-03-29,Connor,Idun,Greater Western Sydney,BPL,2,274,9,7,3,0,7,0,86,19
2025,3.0,2025-03-29,Changkuoth,Jiath,Hawthorn,INT,2,178,5,10,4,0,5,0,71,10
2025,3.0,2025-03-29,Tom,Green,Greater Western Sydney,R,1,281,4,19,7,0,7,0,61,19
2025,3.0,2025-03-29,Toby,Bedford,Greater Western Sydney,RR,3,145,2,27,1,1,6,4,77,10
2025,3.0,2025-03-29,Lachie,Ash,Greater Western Sydney,HBFR,4,715,5,8,4,0,2,0,79,23
2025,3.0,2025-03-29,Will,Day,Hawthorn,FPR,10,461,7,22,3,2,7,0,63,15
2025,3.0,2025-03-29,Xavier,O'Halloran,Greater Western Sydney,INT,1,145,0,17,0,0,3,1,29,2
2025,3.0,2025-03-29,Jack,Buckley,Greater Western Sydney,CHB,2,198,6,6,3,0,2,0,79,11
2025,3.0,2025-03-29,Finn,Maginness,Hawthorn,INT,9,432,2,24,6,0,5,2,72,18
2025,3.0,2025-03-29,Lloyd,Meek,Hawthorn,RK,4,313,3,15,2,1,5,2,86,12
2025,3.0,2025-03-29,Conor,Stone,Greater Western Sydney,INT,2,202,1,9,5,0,1,0,72,13
2025,3.0,2025-03-29,Kieren,Briggs,Greater Western Sydney,RK,4,108,2,14,1,4,5,0,60,9
2025,3.0,2025-03-29,Jai,Newcombe,Hawthorn,RR,5,290,1,16,3,3,8,0,71,15
2025,3.0,2025-03-29,Jack,Ginnivan,Hawthorn,HFFR,5,50,2,20,3,0,7,0,67,8
2025,3.0,2025-03-29,Josh,Ward,Hawthorn,INT,7,468,2,10,2,0,2,0,82,18
2025,3.0,2025-03-29,Finn,Callaghan,Greater Western Sydney,WL,5,699,3,12,8,1,4,0,62,13
2025,3.0,2025-03-29,Jacob,Wehr,Greater Western Sydney,SUB,0,130,2,2,2,0,2,0,60,3
2025,3.0,2025-03-29,Massimo,D'Ambrosio,Hawthorn,HBFR,2,247,6,9,3,0,3,0,69,9
2025,3.0,2025-03-29,Cam,Mackenzie,Hawthorn,INT,8,261,3,17,4,2,8,0,77,23
2025,3.0,2025-03-29,Aaron,Cadman,Greater Western Sydney,FPR,4,90,0,14,1,0,1,2,71,5
2025,3.0,2025-03-29,Josh,Weddle,Hawthorn,HBFL,5,238,8,8,1,0,1,0,90,18
2025,3.0,2025-03-29,Nick,Watson,Hawthorn,CHF,9,427,5,14,0,0,5,2,86,18
2025,3.0,2025-03-29,Darcy,Jones,Greater Western Sydney,FPL,2,167,2,25,3,0,5,0,50,5
2025,3.0,2025-03-29,Patrick,Dangerfield,Geelong,C,4,442,2,10,5,2,7,0,56,9
2025,3.0,2025-03-29,Ryan,Lester,Brisbane Lions,BPR,2,261,4,9,1,0,7,0,60,9
2025,3.0,2025-03-29,Sam,Day,Brisbane Lions,FF,1,77,0,10,1,0,3,1,67,4
2025,3.0,2025-03-29,Jeremy,Cameron,Geelong,FF,4,262,0,5,3,0,0,0,50,4
2025,3.0,2025-03-29,Lachie,Neale,Brisbane Lions,R,5,430,3,19,7,0,4,2,45,9
2025,3.0,2025-03-29,Dayne,Zorko,Brisbane Lions,BPL,5,834,9,11,7,1,10,0,61,17
2025,3.0,2025-03-29,Mark,Blicavs,Geelong,BPR,3,201,2,11,2,1,5,1,75,9
2025,3.0,2025-03-29,Charlie,Cameron,Brisbane Lions,HFFL,2,143,0,13,3,0,3,2,57,4
2025,3.0,2025-03-29,Harris,Andrews,Brisbane Lions,CHB,4,142,9,7,0,0,3,0,92,11
2025,3.0,2025-03-29,Callum,Ah Chee,Brisbane Lions,WL,2,114,1,12,0,0,3,0,91,10
2025,3.0,2025-03-29,Josh,Dunkley,Brisbane Lions,RR,3,560,3,22,8,2,8,2,42,11
2025,3.0,2025-03-29,Eric,Hipwood,Brisbane Lions,CHF,2,139,1,9,5,0,2,2,38,3
2025,3.0,2025-03-29,Jack,Bowes,Geelong,INT,3,533,5,10,4,0,6,1,58,11
2025,3.0,2025-03-29,Jarrod,Berry,Brisbane Lions,WR,2,365,1,11,3,0,3,0,53,9
2025,3.0,2025-03-29,Hugh,McCluggage,Brisbane Lions,HFFR,8,517,7,25,6,2,10,2,73,22
2025,3.0,2025-03-29,Mark,O'Connor,Geelong,HBFL,3,146,4,12,2,0,4,0,83,10
2025,3.0,2025-03-29,Zach,Guthrie,Geelong,CHB,0,426,8,9,6,0,5,0,67,12
2025,3.0,2025-03-29,Tyson,Stengle,Geelong,HFFR,4,103,1,9,1,0,5,1,60,6
2025,3.0,2025-03-29,Cam,Rayner,Brisbane Lions,FPL,4,497,0,8,3,0,7,0,67,10
2025,3.0,2025-03-29,Jack,Henry,Geelong,FB,0,317,4,2,1,0,1,0,75,9
2025,3.0,2025-03-29,Zac,Bailey,Brisbane Lions,C,5,402,2,13,3,0,9,2,63,12
2025,3.0,2025-03-29,Tom,Atkins,Geelong,R,4,154,1,36,1,1,8,4,86,12
2025,3.0,2025-03-29,Gryan,Miers,Geelong,CHF,3,395,1,17,4,0,7,2,41,9
2025,3.0,2025-03-29,Bailey,Smith,Geelong,HFFL,4,543,2,26,7,1,10,5,28,7
2025,3.0,2025-03-29,Noah,Answerth,Brisbane Lions,HBFL,4,229,4,10,3,0,2,0,65,11
2025,3.0,2025-03-29,Darcy,Fort,Brisbane Lions,RK,4,134,1,15,0,1,2,0,50,5
2025,3.0,2025-03-29,Brad,Close,Geelong,WL,3,113,0,13,3,0,0,2,50,5
2025,3.0,2025-03-29,Jack,Payne,Brisbane Lions,FB,3,284,8,5,3,0,2,0,82,9
2025,3.0,2025-03-29,Oliver,Henry,Geelong,FPR,4,216,1,7,2,0,2,0,67,6
2025,3.0,2025-03-29,Max,Holmes,Geelong,RR,4,619,5,13,5,1,10,0,62,18
2025,3.0,2025-03-29,Sam,De Koning,Geelong,RK,0,307,3,6,4,2,7,0,69,11
2025,3.0,2025-03-29,Kai,Lohmann,Brisbane Lions,INT,0,67,1,5,2,1,2,0,25,1
2025,3.0,2025-03-29,Oliver,Dempsey,Geelong,WR,4,202,2,12,2,1,5,0,55,6
2025,3.0,2025-03-29,Mitch,Knevitt,Geelong,SUB,1,18,0,8,1,0,1,1,50,2
2025,3.0,2025-03-29,Shannon,Neale,Geelong,FPL,2,105,0,11,1,0,3,2,100,5
2025,3.0,2025-03-29,Darcy,Wilmot,Brisbane Lions,HBFR,4,135,8,8,2,1,7,0,88,14
2025,3.0,2025-03-29,Will,Ashcroft,Brisbane Lions,INT,8,151,2,16,1,3,11,1,73,24
2025,3.0,2025-03-29,Jhye,Clark,Geelong,INT,2,231,2,17,4,1,4,0,33,4
2025,3.0,2025-03-29,Oisin,Mullin,Geelong,HBFR,2,180,4,6,1,0,6,0,100,15
2025,3.0,2025-03-29,Jaspa,Fletcher,Brisbane Lions,INT,3,177,2,8,3,0,4,0,54,7
2025,3.0,2025-03-29,Ted,Clohesy,Geelong,INT,1,221,3,8,5,0,8,1,62,8
2025,3.0,2025-03-29,Connor,O'Sullivan,Geelong,BPL,1,83,7,15,0,0,3,0,100,10
2025,3.0,2025-03-29,Logan,Morris,Brisbane Lions,FPR,3,43,0,13,1,0,3,1,60,6
2025,3.0,2025-03-29,Bruce,Reville,Brisbane Lions,SUB,3,153,1,5,0,0,2,0,86,6
2025,3.0,2025-03-29,Lawson,Humphries,Geelong,INT,2,264,7,9,4,1,5,1,56,10
2025,3.0,2025-03-29,Levi,Ashcroft,Brisbane Lions,INT,3,247,1,12,2,0,1,1,50,6
2025,3.0,2025-03-30,Taylor,Walker,Adelaide,FF,9,341,1,8,4,0,1,1,71,10
2025,3.0,2025-03-30,Jack,Darling,North Melbourne,FF,4,249,0,8,2,0,3,0,73,8
2025,3.0,2025-03-30,Luke,Parker,North Melbourne,R,3,214,3,15,4,1,7,2,52,11
2025,3.0,2025-03-30,Rory,Laird,Adelaide,BPR,4,101,12,10,2,0,12,0,81,26
2025,3.0,2025-03-30,Aidan,Corr,North Melbourne,FB,1,208,5,10,1,0,2,0,93,13
2025,3.0,2025-03-30,Luke,McDonald,North Melbourne,BPR,2,138,8,12,1,0,4,0,100,15
2025,3.0,2025-03-30,Matt,Crouch,Adelaide,INT,3,131,1,15,3,1,5,1,63,12
2025,3.0,2025-03-30,Alex,Neal-Bullen,Adelaide,FPR,6,302,0,19,2,0,3,1,83,10
2025,3.0,2025-03-30,Caleb,Daniel,North Melbourne,CHB,6,540,6,12,6,0,6,0,82,27
2025,3.0,2025-03-30,Wayne,Milera,Adelaide,HBFL,0,220,4,11,5,0,3,0,67,6
2025,3.0,2025-03-30,Darcy,Tucker,North Melbourne,INT,3,286,2,12,3,1,2,0,84,16
2025,3.0,2025-03-30,Ben,Keays,Adelaide,HFFL,7,315,1,14,4,1,5,3,70,14
2025,3.0,2025-03-30,Reilly,O'Brien,Adelaide,RK,4,140,3,13,1,1,4,0,69,11
2025,3.0,2025-03-30,Jy,Simpkin,North Melbourne,WR,7,680,4,15,7,3,11,0,74,23
2025,3.0,2025-03-30,Jordan,Dawson,Adelaide,C,5,414,1,25,4,2,4,0,63,12
2025,3.0,2025-03-30,Cameron,Zurhaar,North Melbourne,FPR,2,171,1,17,4,0,2,2,75,6
2025,3.0,2025-03-30,Nick,Larkey,North Melbourne,CHF,6,166,0,4,0,0,2,0,73,8
2025,3.0,2025-03-30,Darcy,Fogarty,Adelaide,FPL,4,131,0,6,2,0,0,0,67,4
2025,3.0,2025-03-30,Luke,Davies-Uniacke,North Melbourne,C,6,397,0,17,4,3,3,0,74,14
2025,3.0,2025-03-30,Isaac,Cumming,Adelaide,WL,1,256,5,9,4,0,4,0,85,11
2025,3.0,2025-03-30,Bailey,Scott,North Melbourne,HBFL,1,326,2,8,6,0,2,0,100,12
2025,3.0,2025-03-30,Mitchell,Hinge,Adelaide,INT,6,512,8,10,2,0,3,0,85,17
2025,3.0,2025-03-30,Tristan,Xerri,North Melbourne,RK,3,49,2,15,2,4,5,0,65,11
2025,3.0,2025-03-30,Izak,Rankine,Adelaide,HFFR,7,541,5,17,6,1,14,0,53,16
2025,3.0,2025-03-30,Dylan,Stephens,North Melbourne,SUB,1,117,2,3,2,0,1,0,82,9
2025,3.0,2025-03-30,Mark,Keane,Adelaide,CHB,1,76,2,3,0,0,1,0,100,4
2025,3.0,2025-03-30,Lachlan,Sholl,Adelaide,WR,0,223,1,9,3,0,1,0,78,7
2025,3.0,2025-03-30,Tom,Powell,North Melbourne,RR,3,123,2,16,3,1,2,0,71,15
2025,3.0,2025-03-30,Will,Phillips,North Melbourne,INT,3,167,1,10,1,3,4,0,75,9
2025,3.0,2025-03-30,Riley,Thilthorpe,Adelaide,CHF,7,349,0,8,3,0,3,0,82,14
2025,3.0,2025-03-30,Josh,Worrell,Adelaide,BPL,1,314,7,8,5,0,4,0,72,13
2025,3.0,2025-03-30,James,Peatling,Adelaide,R,9,492,1,19,3,3,10,1,74,17
2025,3.0,2025-03-30,Charlie,Comben,North Melbourne,BPL,1,241,10,2,3,0,3,0,62,8
2025,3.0,2025-03-30,Jake,Soligo,Adelaide,RR,8,502,4,22,7,3,7,1,61,17
2025,3.0,2025-03-30,Josh,Rachele,Adelaide,INT,0,122,0,7,1,0,0,1,80,4
2025,3.0,2025-03-30,Paul,Curtis,North Melbourne,FPL,7,168,3,15,2,0,4,3,78,7
2025,3.0,2025-03-30,Harry,Sheezel,North Melbourne,HFFL,2,215,4,21,4,0,6,0,85,22
2025,3.0,2025-03-30,Max,Michalanney,Adelaide,HBFR,2,195,5,7,2,0,1,0,90,9
2025,3.0,2025-03-30,Robert,Hansen Jr,North Melbourne,INT,0,164,1,5,4,0,0,0,67,4
2025,3.0,2025-03-30,James,Borlase,Adelaide,FB,1,70,4,5,0,0,4,0,75,6
2025,3.0,2025-03-30,Colby,McKercher,North Melbourne,HBFR,6,335,0,5,2,0,3,0,84,16
2025,3.0,2025-03-30,Toby,Pink,North Melbourne,HFFR,1,373,6,4,4,0,3,0,85,11
2025,3.0,2025-03-30,Daniel,Curtin,Adelaide,INT,5,260,5,13,3,0,3,1,60,9
2025,3.0,2025-03-30,Jacob,Konstanty,North Melbourne,INT,4,106,0,11,1,0,2,0,29,2
2025,3.0,2025-03-30,Finn,O'Sullivan,North Melbourne,WL,1,264,4,11,4,0,4,0,81,13
2025,3.0,2025-03-30,Sid,Draper,Adelaide,SUB,3,100,0,16,0,0,1,3,86,6
2025,3.0,2025-03-30,Jamie,Cripps,West Coast,FPR,5,239,2,6,3,0,2,0,77,10
2025,3.0,2025-03-30,James,Aish,Fremantle,SUB,1,23,2,7,0,0,1,0,100,3
2025,3.0,2025-03-30,Jeremy,McGovern,West Coast,CHB,1,249,6,5,1,0,2,0,93,14
2025,3.0,2025-03-30,Liam,Duggan,West Coast,R,1,308,1,16,2,0,1,0,69,9
2025,3.0,2025-03-30,Alex,Pearce,Fremantle,FB,1,171,6,7,0,0,2,0,100,8
2025,3.0,2025-03-30,Jayden,Hunt,West Coast,WR,5,457,3,7,6,0,5,0,50,7
2025,3.0,2025-03-30,Tom,Cole,West Coast,INT,1,183,5,10,3,0,3,0,69,9
2025,3.0,2025-03-30,Shai,Bolton,Fremantle,HFFR,10,327,4,16,7,1,9,2,67,14
2025,3.0,2025-03-30,Luke,Ryan,Fremantle,CHB,5,321,4,4,3,0,1,0,81,13
2025,3.0,2025-03-30,Brennan,Cox,Fremantle,BPR,2,64,4,2,1,0,1,0,83,5
2025,3.0,2025-03-30,Jack,Graham,West Coast,INT,5,256,4,22,1,1,5,1,71,12
2025,3.0,2025-03-30,Bailey,Banfield,Fremantle,INT,5,257,3,14,2,0,7,0,72,13
2025,3.0,2025-03-30,Andrew,Brayshaw,Fremantle,R,11,696,3,15,6,3,3,1,69,20
2025,3.0,2025-03-30,Tim,Kelly,West Coast,C,4,265,1,16,5,1,4,0,67,12
2025,3.0,2025-03-30,Liam,Ryan,West Coast,HFFR,4,263,2,8,3,0,4,0,50,5
2025,3.0,2025-03-30,Oscar,Allen,West Coast,FF,0,112,0,7,2,0,1,1,50,2
2025,3.0,2025-03-30,Liam,Baker,West Coast,HBFL,2,319,5,19,6,1,9,0,61,14
2025,3.0,2025-03-30,Jordan,Clark,Fremantle,HBFR,4,498,3,13,5,0,2,0,89,16
2025,3.0,2025-03-30,Luke,Jackson,Fremantle,RK,9,191,6,9,1,3,5,0,82,14
2025,3.0,2025-03-30,Caleb,Serong,Fremantle,RR,4,498,5,10,7,3,9,0,63,22
2025,3.0,2025-03-30,Michael,Frederick,Fremantle,CHF,6,338,0,7,4,0,1,0,64,9
2025,3.0,2025-03-30,Harry,Edwards,West Coast,FB,0,201,1,6,3,0,0,0,71,5
2025,3.0,2025-03-30,Jeremy,Sharp,Fremantle,WR,2,125,2,4,2,0,1,0,78,7
2025,3.0,2025-03-30,Bailey J.,Williams,West Coast,RK,3,209,4,17,2,4,8,1,69,9
2025,3.0,2025-03-30,Matthew,Owies,West Coast,INT,2,84,0,14,3,0,2,3,50,3
2025,3.0,2025-03-30,Tyler,Brockman,West Coast,HFFL,2,32,2,14,1,1,1,0,100,6
2025,3.0,2025-03-30,Heath,Chapman,Fremantle,HBFL,4,373,5,9,4,0,2,0,83,10
2025,3.0,2025-03-30,Josh,Treacy,Fremantle,FF,5,220,1,8,4,0,2,0,92,12
2025,3.0,2025-03-30,Brady,Hough,West Coast,BPL,3,122,6,8,4,0,2,0,85,11
2025,3.0,2025-03-30,Jack,Williams,West Coast,INT,3,122,0,6,1,0,2,3,88,7
2025,3.0,2025-03-30,Nathan,O'Driscoll,Fremantle,C,5,360,6,9,5,1,7,2,73,16
2025,3.0,2025-03-30,Neil,Erasmus,Fremantle,INT,5,223,2,13,3,2,4,0,83,15
2025,3.0,2025-03-30,Jye,Amiss,Fremantle,FPR,7,181,0,4,1,0,0,1,80,8
2025,3.0,2025-03-30,Noah,Long,West Coast,FPL,4,184,2,5,0,0,1,0,82,9
2025,3.0,2025-03-30,Reuben,Ginbey,West Coast,BPR,0,242,6,10,1,0,5,0,64,7
2025,3.0,2025-03-30,Elijah,Hewett,West Coast,SUB,3,90,2,8,2,1,2,0,50,3
2025,3.0,2025-03-30,Matthew,Johnson,Fremantle,WL,4,298,0,15,3,3,3,0,77,13
2025,3.0,2025-03-30,Ryan,Maric,West Coast,HBFR,2,445,6,9,4,0,3,0,75,21
2025,3.0,2025-03-30,Karl,Worner,Fremantle,INT,4,213,5,3,3,0,3,0,77,10
2025,3.0,2025-03-30,Harley,Reid,West Coast,RR,5,382,2,14,5,0,2,1,60,9
2025,3.0,2025-03-30,Joshua,Draper,Fremantle,BPL,0,129,1,2,1,0,0,0,100,4
2025,3.0,2025-03-30,Patrick,Voss,Fremantle,FPL,5,236,1,17,3,0,1,1,42,5
2025,3.0,2025-03-30,Tyrell,Dewar,West Coast,WL,4,393,3,14,5,0,2,0,58,11
2025,3.0,2025-03-30,Murphy,Reid,Fremantle,HFFL,10,225,0,12,0,0,6,3,74,14
2025,3.0,2025-03-30,Archer,Reid,West Coast,CHF,7,134,2,9,0,0,1,0,63,5
2025,3.0,2025-03-30,Isaiah,Dudley,Fremantle,INT,6,248,1,9,0,0,1,0,80,8
2025,4.0,2025-04-03,Scott,Pendlebury,Collingwood,RR,7,241,2,20,4,1,9,1,62,18
2025,4.0,2025-04-03,Steele,Sidebottom,Collingwood,INT,4,366,5,23,5,1,9,0,63,15
2025,4.0,2025-04-03,Jeremy,Howe,Collingwood,BPR,1,288,2,6,1,0,0,0,80,8
2025,4.0,2025-04-03,Jack,Crisp,Collingwood,WR,1,337,6,7,3,0,8,0,59,13
2025,4.0,2025-04-03,Jamie,Elliott,Collingwood,FPL,4,58,0,27,2,0,3,2,78,7
2025,4.0,2025-04-03,Nick,Haynes,Carlton,INT,2,163,5,6,0,0,4,0,92,11
2025,4.0,2025-04-03,Sam,Docherty,Carlton,HFFL,2,671,6,11,9,0,4,0,63,17
2025,4.0,2025-04-03,Zac,Williams,Carlton,INT,3,555,6,12,4,1,6,0,52,11
2025,4.0,2025-04-03,Patrick,Cripps,Carlton,C,4,154,0,18,5,0,3,0,56,9
2025,4.0,2025-04-03,Blake,Acres,Carlton,WL,2,235,4,21,4,0,11,1,57,17
2025,4.0,2025-04-03,Daniel,McStay,Collingwood,FF,3,226,0,12,1,0,2,4,56,5
2025,4.0,2025-04-03,Tim,Membrey,Collingwood,INT,3,75,3,4,3,0,6,1,58,7
2025,4.0,2025-04-03,Adam,Saad,Carlton,BPL,4,373,8,13,3,0,6,0,79,19
2025,4.0,2025-04-03,Jordan,De Goey,Collingwood,HFFR,4,204,2,12,1,0,5,1,88,7
2025,4.0,2025-04-03,Brayden,Maynard,Collingwood,BPL,3,236,8,10,2,0,7,0,88,14
2025,4.0,2025-04-03,Darcy,Moore,Collingwood,CHB,1,475,8,2,3,0,5,0,77,13
2025,4.0,2025-04-03,Jacob,Weitering,Carlton,FB,2,174,7,10,3,0,3,0,86,12
2025,4.0,2025-04-03,Mitch,McGovern,Carlton,CHB,3,271,6,12,3,0,4,0,75,12
2025,4.0,2025-04-03,George,Hewett,Carlton,R,4,448,4,14,6,0,13,1,69,20
2025,4.0,2025-04-03,Charlie,Curnow,Carlton,FF,2,264,0,5,4,0,3,0,38,3
2025,4.0,2025-04-03,Jack,Silvagni,Carlton,FPL,1,251,5,13,3,0,3,0,46,6
2025,4.0,2025-04-03,Dan,Houston,Collingwood,HBFR,5,463,7,13,5,1,6,0,70,16
2025,4.0,2025-04-03,Harry,Perryman,Collingwood,C,6,352,1,26,3,1,6,1,55,11
2025,4.0,2025-04-03,Lewis,Young,Carlton,HBFL,2,56,1,9,3,1,2,2,60,6
2025,4.0,2025-04-03,Josh,Daicos,Collingwood,INT,4,456,5,11,8,0,4,0,74,23
2025,4.0,2025-04-03,Patrick,Lipinski,Collingwood,WL,7,367,1,7,0,0,2,0,70,14
2025,4.0,2025-04-03,Lachie,Fogarty,Carlton,HFFR,3,140,0,16,2,1,6,3,55,6
2025,4.0,2025-04-03,Adam,Cerra,Carlton,RR,7,348,1,27,3,2,4,0,78,18
2025,4.0,2025-04-03,Brody,Mihocek,Collingwood,CHF,5,147,2,7,3,0,1,0,30,3
2025,4.0,2025-04-03,Darcy,Cameron,Collingwood,RK,2,107,6,16,3,0,4,0,46,10
2025,4.0,2025-04-03,Tom,De Koning,Carlton,RK,4,225,3,7,1,2,6,1,63,12
2025,4.0,2025-04-03,Billy,Frampton,Collingwood,FB,3,114,7,3,1,0,4,0,89,8
2025,4.0,2025-04-03,Sam,Walsh,Carlton,WR,3,177,1,26,4,0,5,1,71,22
2025,4.0,2025-04-03,Lachie,Schultz,Collingwood,FPR,9,419,1,31,4,0,4,5,61,11
2025,4.0,2025-04-03,Isaac,Quaynor,Collingwood,HBFL,1,97,2,14,0,0,1,0,100,5
2025,4.0,2025-04-03,Bobby,Hill,Collingwood,HFFL,4,82,0,12,1,0,4,1,50,3
2025,4.0,2025-04-03,Beau,McCreery,Collingwood,INT,1,77,0,18,1,0,2,0,71,5
2025,4.0,2025-04-03,Brodie,Kemp,Carlton,CHF,2,52,1,11,3,0,0,0,57,4
2025,4.0,2025-04-03,Nick,Daicos,Collingwood,R,4,398,4,20,8,4,10,2,56,15
2025,4.0,2025-04-03,Jesse,Motlop,Carlton,FPR,1,153,1,23,3,0,3,1,46,5
2025,4.0,2025-04-03,Ned,Long,Collingwood,SUB,1,74,1,11,1,0,2,0,67,4
2025,4.0,2025-04-03,Lachlan,Cowan,Carlton,HBFR,0,-2,0,4,0,0,1,0,0,0
2025,4.0,2025-04-03,Oliver,Hollands,Carlton,BPR,4,424,1,16,2,0,5,0,76,16
2025,4.0,2025-04-03,Ashton,Moir,Carlton,SUB,0,7,1,5,0,0,0,0,50,1
2025,4.0,2025-04-03,Cooper,Lord,Carlton,INT,6,268,0,16,4,0,5,1,72,13
2025,4.0,2025-04-03,Will,White,Carlton,INT,5,258,1,14,4,0,3,0,40,4
2025,4.0,2025-04-04,Patrick,Dangerfield,Geelong,C,9,473,1,6,6,2,8,1,60,12
2025,4.0,2025-04-04,Jake,Melksham,Melbourne,FPL,1,212,1,10,2,0,2,0,75,6
2025,4.0,2025-04-04,Rhys,Stanley,Geelong,RK,8,108,1,11,1,0,3,1,73,8
2025,4.0,2025-04-04,Steven,May,Melbourne,FB,2,625,11,6,5,0,4,0,85,23
2025,4.0,2025-04-04,Max,Gawn,Melbourne,RK,6,226,3,8,2,3,2,0,53,8
2025,4.0,2025-04-04,Tom,McDonald,Melbourne,CHB,1,312,10,9,4,0,2,0,82,14
2025,4.0,2025-04-04,Jeremy,Cameron,Geelong,FF,10,403,2,7,4,0,4,0,73,16
2025,4.0,2025-04-04,Jack,Viney,Melbourne,C,1,320,1,15,7,1,5,1,60,9
2025,4.0,2025-04-04,Christian,Salem,Melbourne,HBFR,1,295,4,5,3,0,2,0,78,14
2025,4.0,2025-04-04,Ed,Langdon,Melbourne,WR,2,333,2,9,3,0,3,0,73,11
2025,4.0,2025-04-04,Clayton,Oliver,Melbourne,INT,4,318,2,17,3,2,8,0,60,18
2025,4.0,2025-04-04,Christian,Petracca,Melbourne,RR,5,314,2,15,3,2,10,1,81,17
2025,4.0,2025-04-04,Jack,Bowes,Geelong,INT,3,291,3,17,2,0,2,0,83,15
2025,4.0,2025-04-04,Tom,Stewart,Geelong,CHB,4,437,4,7,2,0,2,0,92,22
2025,4.0,2025-04-04,Mark,O'Connor,Geelong,SUB,3,309,4,2,0,0,3,0,94,15
2025,4.0,2025-04-04,Zach,Guthrie,Geelong,HBFR,8,421,7,15,5,0,3,0,77,23
2025,4.0,2025-04-04,Tyson,Stengle,Geelong,HFFR,5,154,0,8,0,0,1,0,83,5
2025,4.0,2025-04-04,Bayley,Fritsch,Melbourne,INT,6,404,3,9,2,0,2,0,53,9
2025,4.0,2025-04-04,Jack,Henry,Geelong,FB,1,149,5,1,1,0,2,0,90,9
2025,4.0,2025-04-04,Charlie,Spargo,Melbourne,SUB,0,6,0,4,1,0,1,0,0,0
2025,4.0,2025-04-04,Harrison,Petty,Melbourne,BPR,0,55,2,12,1,0,1,0,80,4
2025,4.0,2025-04-04,Tom,Atkins,Geelong,R,7,118,1,28,0,1,7,0,82,14
2025,4.0,2025-04-04,Gryan,Miers,Geelong,CHF,3,282,2,12,1,0,5,0,81,21
2025,4.0,2025-04-04,Tom,Sparrow,Melbourne,HBFL,3,94,1,9,2,0,2,1,40,2
2025,4.0,2025-04-04,Bailey,Smith,Geelong,WL,5,569,1,19,8,2,7,3,68,19
2025,4.0,2025-04-04,Kade,Chandler,Melbourne,HFFL,2,335,2,19,3,0,2,0,73,8
2025,4.0,2025-04-04,Kysaiah,Pickett,Melbourne,HFFR,8,344,1,23,4,2,6,1,59,13
2025,4.0,2025-04-04,Trent,Rivers,Melbourne,R,0,184,5,11,2,0,5,0,77,10
2025,4.0,2025-04-04,Brad,Close,Geelong,HFFL,10,146,2,12,1,0,4,0,89,16
2025,4.0,2025-04-04,Oliver,Henry,Geelong,INT,4,130,0,5,2,0,3,0,56,5
2025,4.0,2025-04-04,Harry,Sharp,Melbourne,WL,1,35,1,8,3,0,1,0,60,3
2025,4.0,2025-04-04,Max,Holmes,Geelong,RR,3,380,3,11,5,1,5,0,71,12
2025,4.0,2025-04-04,Sam,De Koning,Geelong,BPR,4,199,5,9,3,0,3,0,94,17
2025,4.0,2025-04-04,Jake,Bowey,Melbourne,BPL,1,470,6,11,2,0,4,0,80,16
2025,4.0,2025-04-04,Oliver,Dempsey,Geelong,WR,8,250,6,14,2,0,5,1,69,18
2025,4.0,2025-04-04,Shannon,Neale,Geelong,FPL,5,120,0,4,1,0,1,0,71,5
2025,4.0,2025-04-04,Daniel,Turner,Melbourne,INT,5,201,2,8,1,0,2,2,63,5
2025,4.0,2025-04-04,Jacob,van Rooyen,Melbourne,FF,3,191,1,8,6,0,4,1,90,9
2025,4.0,2025-04-04,Oisin,Mullin,Geelong,INT,2,226,4,6,4,0,2,0,81,13
2025,4.0,2025-04-04,Ted,Clohesy,Geelong,INT,3,143,1,7,3,0,2,1,56,5
2025,4.0,2025-04-04,Caleb,Windsor,Melbourne,INT,3,296,0,17,2,0,1,0,69,11
2025,4.0,2025-04-04,Shaun,Mannagh,Geelong,FPR,6,325,2,13,3,0,5,0,72,13
2025,4.0,2025-04-04,Connor,O'Sullivan,Geelong,BPL,6,313,8,13,1,0,6,0,87,20
2025,4.0,2025-04-04,Lawson,Humphries,Geelong,HBFL,5,488,3,11,6,0,1,0,78,18
2025,4.0,2025-04-04,Jack,Henderson,Melbourne,CHF,3,122,1,12,2,0,2,0,78,7
2025,4.0,2025-04-04,Harvey,Langford,Melbourne,FPR,1,129,0,8,2,0,4,0,55,6
2025,4.0,2025-04-05,Taylor,Walker,Adelaide,FF,6,301,1,5,2,0,3,0,64,9
2025,4.0,2025-04-05,Rory,Laird,Adelaide,BPR,0,127,2,11,4,0,4,0,88,14
2025,4.0,2025-04-05,Jarrod,Witts,Gold Coast,RK,8,139,2,8,2,3,6,1,64,9
2025,4.0,2025-04-05,Touk,Miller,Gold Coast,CHF,6,506,6,18,3,1,7,0,79,19
2025,4.0,2025-04-05,Alex,Neal-Bullen,Adelaide,FPR,3,225,3,15,8,0,9,1,55,11
2025,4.0,2025-04-05,Lachie,Weller,Gold Coast,WL,3,342,1,6,2,0,2,1,60,6
2025,4.0,2025-04-05,Daniel,Rioli,Gold Coast,HBFR,4,620,4,17,2,1,4,0,92,24
2025,4.0,2025-04-05,Wayne,Milera,Adelaide,HBFL,3,321,4,8,4,0,3,0,80,16
2025,4.0,2025-04-05,Ben,Keays,Adelaide,HFFL,6,245,1,8,2,0,5,1,77,13
2025,4.0,2025-04-05,Sam,Collins,Gold Coast,FB,1,202,8,2,3,0,4,0,80,8
2025,4.0,2025-04-05,Reilly,O'Brien,Adelaide,RK,0,-22,2,10,1,0,0,0,60,3
2025,4.0,2025-04-05,Ben,Ainsworth,Gold Coast,HFFL,9,233,0,10,2,1,5,1,69,11
2025,4.0,2025-04-05,Jordan,Dawson,Adelaide,C,5,511,3,21,6,3,8,0,65,20
2025,4.0,2025-04-05,Ben,Long,Gold Coast,INT,3,255,1,17,3,0,1,3,44,4
2025,4.0,2025-04-05,Darcy,Fogarty,Adelaide,FPL,4,174,0,7,1,0,1,0,100,11
2025,4.0,2025-04-05,Lachlan,Murphy,Adelaide,INT,4,204,1,16,2,0,5,1,62,8
2025,4.0,2025-04-05,Isaac,Cumming,Adelaide,WL,5,311,2,18,5,0,3,1,60,12
2025,4.0,2025-04-05,Wil,Powell,Gold Coast,BPL,4,369,6,11,5,0,6,0,82,14
2025,4.0,2025-04-05,Mitchell,Hinge,Adelaide,INT,3,446,9,10,6,0,7,0,74,20
2025,4.0,2025-04-05,Ben,King,Gold Coast,FPL,5,133,0,3,2,0,2,0,67,6
2025,4.0,2025-04-05,John,Noble,Gold Coast,HBFL,1,326,6,13,2,0,6,0,55,11
2025,4.0,2025-04-05,Noah,Anderson,Gold Coast,R,9,325,2,33,1,3,10,0,54,13
2025,4.0,2025-04-05,Connor,Budarick,Gold Coast,WR,4,232,3,15,3,0,3,0,50,4
2025,4.0,2025-04-05,Matt,Rowell,Gold Coast,C,10,337,4,36,5,2,4,0,65,11
2025,4.0,2025-04-05,Izak,Rankine,Adelaide,HFFR,2,314,0,21,1,4,12,0,71,15
2025,4.0,2025-04-05,Mark,Keane,Adelaide,CHB,0,127,5,2,1,0,1,0,89,8
2025,4.0,2025-04-05,Lachlan,Sholl,Adelaide,WR,3,181,2,15,0,0,6,0,77,10
2025,4.0,2025-04-05,Sam,Flanders,Gold Coast,HFFR,7,347,1,17,5,1,9,1,65,17
2025,4.0,2025-04-05,Riley,Thilthorpe,Adelaide,CHF,8,307,2,8,3,2,6,0,69,11
2025,4.0,2025-04-05,Josh,Worrell,Adelaide,BPL,2,329,5,4,3,0,5,0,53,9
2025,4.0,2025-04-05,Joel,Jeffrey,Gold Coast,INT,1,270,8,14,5,0,8,0,53,8
2025,4.0,2025-04-05,James,Peatling,Adelaide,R,7,635,4,24,5,1,9,0,75,18
2025,4.0,2025-04-05,Jake,Soligo,Adelaide,RR,7,435,6,18,7,2,12,0,73,19
2025,4.0,2025-04-05,Mac,Andrew,Gold Coast,CHB,3,392,6,9,2,0,3,0,86,12
2025,4.0,2025-04-05,Bodhi,Uwland,Gold Coast,BPR,2,208,6,6,1,0,3,0,92,12
2025,4.0,2025-04-05,Max,Michalanney,Adelaide,HBFR,3,220,0,5,0,0,0,0,78,7
2025,4.0,2025-04-05,Bailey,Humphrey,Gold Coast,FF,4,175,1,22,2,0,7,1,54,7
2025,4.0,2025-04-05,Luke,Nankervis,Adelaide,SUB,2,64,1,1,0,0,3,0,83,5
2025,4.0,2025-04-05,James,Borlase,Adelaide,FB,0,171,2,3,2,0,1,0,75,6
2025,4.0,2025-04-05,Jed,Walter,Gold Coast,INT,5,311,1,6,2,0,2,0,60,6
2025,4.0,2025-04-05,Sam,Clohesy,Gold Coast,INT,1,222,1,9,2,0,2,0,50,5
2025,4.0,2025-04-05,Will,Graham,Gold Coast,RR,4,165,0,23,3,0,4,1,80,8
2025,4.0,2025-04-05,Ethan,Read,Gold Coast,FPR,2,21,0,12,1,0,1,3,33,1
2025,4.0,2025-04-05,Jake,Rogers,Gold Coast,SUB,2,71,0,6,0,0,1,0,100,2
2025,4.0,2025-04-05,Daniel,Curtin,Adelaide,INT,3,132,2,11,1,0,3,0,75,9
2025,4.0,2025-04-05,Sid,Draper,Adelaide,INT,3,160,1,11,2,0,6,2,60,9
2025,4.0,2025-04-05,Ryan,Lester,Brisbane Lions,BPR,1,156,2,10,1,0,2,0,86,6
2025,4.0,2025-04-05,Sam,Day,Brisbane Lions,FF,4,151,1,13,2,0,1,1,67,6
2025,4.0,2025-04-05,Tom,Lynch,Richmond,FPL,5,141,2,4,1,0,4,0,86,6
2025,4.0,2025-04-05,Lachie,Neale,Brisbane Lions,R,9,170,5,18,3,2,13,2,76,32
2025,4.0,2025-04-05,Dayne,Zorko,Brisbane Lions,BPL,6,446,2,8,2,0,3,0,87,20
2025,4.0,2025-04-05,Nick,Vlastuin,Richmond,FPR,3,389,5,10,3,0,1,0,81,13
2025,4.0,2025-04-05,Charlie,Cameron,Brisbane Lions,HFFL,4,184,1,8,0,0,1,1,67,4
2025,4.0,2025-04-05,Kamdyn,McIntosh,Richmond,C,1,153,1,26,3,0,0,1,75,6
2025,4.0,2025-04-05,Harris,Andrews,Brisbane Lions,CHB,0,117,4,2,3,0,3,0,83,10
2025,4.0,2025-04-05,Toby,Nankervis,Richmond,RK,2,69,3,17,1,1,5,0,53,8
2025,4.0,2025-04-05,Callum,Ah Chee,Brisbane Lions,WL,5,151,2,12,3,0,2,2,78,7
2025,4.0,2025-04-05,Josh,Dunkley,Brisbane Lions,RR,4,287,2,25,2,4,12,1,70,21
2025,4.0,2025-04-05,Jayden,Short,Richmond,CHB,0,433,2,6,3,0,4,0,76,19
2025,4.0,2025-04-05,Jacob,Hopper,Richmond,R,7,295,4,15,6,3,11,0,78,25
2025,4.0,2025-04-05,Eric,Hipwood,Brisbane Lions,CHF,1,128,1,3,4,0,3,0,50,4
2025,4.0,2025-04-05,Nathan,Broad,Richmond,BPL,5,221,8,6,1,0,7,0,90,17
2025,4.0,2025-04-05,Tim,Taranto,Richmond,RR,8,329,1,20,5,0,11,0,59,17
2025,4.0,2025-04-05,Jarrod,Berry,Brisbane Lions,WR,5,236,4,9,3,0,4,1,68,13
2025,4.0,2025-04-05,Hugh,McCluggage,Brisbane Lions,HFFR,9,403,3,30,2,2,8,1,81,21
2025,4.0,2025-04-05,Cam,Rayner,Brisbane Lions,FPL,7,298,1,15,2,5,4,0,86,19
2025,4.0,2025-04-05,Zac,Bailey,Brisbane Lions,C,6,346,0,11,3,0,0,2,77,10
2025,4.0,2025-04-05,Oscar,McInerney,Brisbane Lions,RK,6,76,1,8,1,3,2,0,82,9
2025,4.0,2025-04-05,Jack,Ross,Richmond,CHF,8,347,0,10,2,0,2,0,74,14
2025,4.0,2025-04-05,Noah,Answerth,Brisbane Lions,HBFL,3,107,3,16,0,0,3,0,100,9
2025,4.0,2025-04-05,Jack,Payne,Brisbane Lions,FB,3,217,6,3,0,0,3,0,82,14
2025,4.0,2025-04-05,Thomson,Dow,Richmond,INT,4,168,1,17,1,3,5,0,62,13
2025,4.0,2025-04-05,Ben,Miller,Richmond,FB,3,201,2,10,0,0,1,0,100,10
2025,4.0,2025-04-05,Tyler,Sonsie,Richmond,INT,4,292,0,9,2,0,0,0,50,6
2025,4.0,2025-04-05,Darcy,Wilmot,Brisbane Lions,HBFR,5,245,6,14,2,0,8,0,67,14
2025,4.0,2025-04-05,Will,Ashcroft,Brisbane Lions,INT,7,472,0,15,6,1,5,1,75,18
2025,4.0,2025-04-05,Jaspa,Fletcher,Brisbane Lions,INT,5,440,4,5,3,0,2,0,83,19
2025,4.0,2025-04-05,Sam,Banks,Richmond,WL,4,268,1,11,3,0,3,0,83,10
2025,4.0,2025-04-05,Jacob,Bauer,Richmond,SUB,2,49,0,2,1,0,0,0,0,0
2025,4.0,2025-04-05,James,Trezise,Richmond,WR,5,207,4,14,1,1,6,0,86,18
2025,4.0,2025-04-05,Tom,Brown,Richmond,INT,4,131,5,6,2,0,2,0,92,11
2025,4.0,2025-04-05,Seth,Campbell,Richmond,HFFL,8,250,1,18,2,0,4,0,73,11
2025,4.0,2025-04-05,Logan,Morris,Brisbane Lions,INT,4,184,0,7,4,0,3,0,46,5
2025,4.0,2025-04-05,Bruce,Reville,Brisbane Lions,INT,4,232,1,15,3,0,2,0,78,7
2025,4.0,2025-04-05,Steely,Green,Richmond,HFFR,7,344,1,14,2,0,4,0,79,11
2025,4.0,2025-04-05,Kaleb,Smith,Richmond,HBFL,3,230,4,6,4,0,3,0,64,7
2025,4.0,2025-04-05,Jacob,Blight,Richmond,BPR,2,123,2,5,3,0,3,0,60,6
2025,4.0,2025-04-05,Harry,Armstrong,Richmond,INT,7,243,1,6,2,0,1,0,64,7
2025,4.0,2025-04-05,Sam,Lalor,Richmond,FF,10,252,0,11,1,0,6,1,71,17
2025,4.0,2025-04-05,Luke,Trainor,Richmond,HBFR,3,342,4,8,4,0,6,0,53,10
2025,4.0,2025-04-05,Levi,Ashcroft,Brisbane Lions,FPR,6,321,4,10,2,0,4,1,77,17
2025,4.0,2025-04-05,Will,McLachlan,Brisbane Lions,SUB,1,66,0,3,1,0,2,0,33,1
2025,4.0,2025-04-05,Jack,Darling,North Melbourne,FF,4,60,0,3,3,1,0,1,83,5
2025,4.0,2025-04-05,Luke,Parker,North Melbourne,R,6,258,1,19,4,0,6,3,78,21
2025,4.0,2025-04-05,Dane,Rampe,Sydney,FB,3,196,4,8,1,0,1,0,85,11
2025,4.0,2025-04-05,Aidan,Corr,North Melbourne,FB,1,201,6,10,2,0,4,0,89,16
2025,4.0,2025-04-05,Brodie,Grundy,Sydney,RK,7,228,3,13,3,3,5,0,65,13
2025,4.0,2025-04-05,Luke,McDonald,North Melbourne,HBFL,3,206,4,8,2,0,3,0,100,18
2025,4.0,2025-04-05,Jake,Lloyd,Sydney,WR,6,368,6,4,4,0,2,0,63,15
2025,4.0,2025-04-05,Isaac,Heeney,Sydney,C,3,461,1,19,5,1,4,1,68,13
2025,4.0,2025-04-05,Joel,Hamling,Sydney,BPL,1,4,2,10,1,0,0,2,100,7
2025,4.0,2025-04-05,Caleb,Daniel,North Melbourne,CHB,3,303,6,13,3,0,6,0,80,20
2025,4.0,2025-04-05,Darcy,Tucker,North Melbourne,INT,3,293,3,7,1,0,1,1,95,19
2025,4.0,2025-04-05,Oliver,Florent,Sydney,HBFR,4,308,4,12,3,0,6,0,78,14
2025,4.0,2025-04-05,Jy,Simpkin,North Melbourne,WR,2,402,0,14,5,0,2,0,68,15
2025,4.0,2025-04-05,Will,Hayward,Sydney,CHF,9,373,2,8,2,0,2,1,80,12
2025,4.0,2025-04-05,Griffin,Logue,North Melbourne,BPR,3,128,3,3,0,0,1,0,92,12
2025,4.0,2025-04-05,Cameron,Zurhaar,North Melbourne,FPR,5,227,1,5,4,0,2,0,67,8
2025,4.0,2025-04-05,Nick,Larkey,North Melbourne,CHF,4,116,0,3,0,0,2,0,100,9
2025,4.0,2025-04-05,Luke,Davies-Uniacke,North Melbourne,C,4,302,3,16,6,3,5,0,68,17
2025,4.0,2025-04-05,Tom,McCartin,Sydney,FF,2,169,5,5,1,0,1,0,83,10
2025,4.0,2025-04-05,Nick,Blakey,Sydney,BPR,3,304,7,3,0,0,3,0,93,13
2025,4.0,2025-04-05,Bailey,Scott,North Melbourne,WL,2,197,2,8,3,0,1,0,58,7
2025,4.0,2025-04-05,James,Rowbottom,Sydney,R,5,422,1,19,6,4,6,1,65,13
2025,4.0,2025-04-05,Peter,Ladhams,Sydney,INT,6,20,0,5,3,0,1,1,71,10
2025,4.0,2025-04-05,Hayden,McLean,Sydney,HFFL,4,153,0,13,0,0,4,1,88,7
2025,4.0,2025-04-05,Tristan,Xerri,North Melbourne,RK,2,140,0,16,3,3,4,1,78,14
2025,4.0,2025-04-05,Dylan,Stephens,North Melbourne,HFFR,2,213,4,13,1,1,2,0,94,17
2025,4.0,2025-04-05,Chad,Warner,Sydney,RR,5,154,2,7,2,1,4,0,80,8
2025,4.0,2025-04-05,Sam,Wicks,Sydney,HBFL,3,354,2,6,0,0,3,0,71,10
2025,4.0,2025-04-05,Joel,Amartey,Sydney,FPL,6,128,1,7,2,0,2,2,63,5
2025,4.0,2025-04-05,James,Jordon,Sydney,HFFR,3,233,2,17,4,2,5,0,75,12
2025,4.0,2025-04-05,Braeden,Campbell,Sydney,WL,6,263,0,20,2,0,2,0,73,11
2025,4.0,2025-04-05,Tom,Powell,North Melbourne,RR,2,218,2,19,2,2,10,1,68,15
2025,4.0,2025-04-05,Charlie,Comben,North Melbourne,BPL,1,19,6,7,1,0,6,0,80,12
2025,4.0,2025-04-05,Angus,Sheldrick,Sydney,SUB,2,239,0,5,4,1,5,0,50,6
2025,4.0,2025-04-05,Paul,Curtis,North Melbourne,FPL,6,257,0,16,0,0,3,5,79,11
2025,4.0,2025-04-05,Matt,Roberts,Sydney,CHB,5,372,3,10,1,0,1,0,90,18
2025,4.0,2025-04-05,Harry,Sheezel,North Melbourne,HBFR,5,387,1,12,6,1,6,0,82,28
2025,4.0,2025-04-05,Corey,Warner,Sydney,FPR,2,192,2,17,4,0,3,2,55,6
2025,4.0,2025-04-05,Robert,Hansen Jr,North Melbourne,INT,2,209,0,4,2,0,0,0,57,4
2025,4.0,2025-04-05,Colby,McKercher,North Melbourne,HFFL,5,235,1,8,1,0,2,0,91,20
2025,4.0,2025-04-05,Riley,Hardeman,North Melbourne,SUB,0,92,3,2,1,0,4,0,70,7
2025,4.0,2025-04-05,Caiden,Cleary,Sydney,INT,6,186,2,27,0,1,2,2,67,8
2025,4.0,2025-04-05,Tom,Hanily,Sydney,INT,5,173,1,16,2,0,5,0,69,9
2025,4.0,2025-04-05,Riley,Bice,Sydney,INT,7,433,9,6,2,0,5,0,85,22
2025,4.0,2025-04-05,Jacob,Konstanty,North Melbourne,INT,4,136,2,10,3,0,4,0,56,9
2025,4.0,2025-04-05,Matt,Whitlock,North Melbourne,INT,0,140,4,4,5,0,3,0,70,7
2025,4.0,2025-04-06,Callan,Ward,Greater Western Sydney,WR,5,121,6,4,3,1,8,0,81,13
2025,4.0,2025-04-06,Jamie,Cripps,West Coast,FPL,5,235,2,16,0,0,1,1,71,5
2025,4.0,2025-04-06,Toby,Greene,Greater Western Sydney,HFFL,15,414,3,12,2,1,3,2,88,21
2025,4.0,2025-04-06,Lachie,Whitfield,Greater Western Sydney,HBFL,9,684,5,12,6,0,7,0,80,28
2025,4.0,2025-04-06,Jake,Stringer,Greater Western Sydney,CHF,7,226,0,9,1,0,4,0,55,6
2025,4.0,2025-04-06,Josh,Kelly,Greater Western Sydney,INT,6,292,2,16,3,2,5,0,90,26
2025,4.0,2025-04-06,Jesse,Hogan,Greater Western Sydney,FF,11,280,0,6,2,0,1,1,92,11
2025,4.0,2025-04-06,Liam,Duggan,West Coast,WL,2,489,5,12,4,1,6,0,57,12
2025,4.0,2025-04-06,Jayden,Hunt,West Coast,WR,0,189,2,14,1,0,3,0,67,8
2025,4.0,2025-04-06,Tom,Cole,West Coast,INT,2,59,3,8,2,0,4,0,73,8
2025,4.0,2025-04-06,Harry,Himmelberg,Greater Western Sydney,INT,9,347,6,9,4,0,4,0,72,18
2025,4.0,2025-04-06,Jack,Graham,West Coast,C,3,239,2,33,5,1,4,0,79,15
2025,4.0,2025-04-06,Tim,Kelly,West Coast,R,2,91,2,14,2,3,9,0,86,12
2025,4.0,2025-04-06,Sam,Taylor,Greater Western Sydney,FB,2,55,9,5,1,0,3,0,83,10
2025,4.0,2025-04-06,Oscar,Allen,West Coast,FF,3,172,1,12,2,0,2,2,50,4
2025,4.0,2025-04-06,Brent,Daniels,Greater Western Sydney,HFFR,6,204,0,13,2,1,3,1,64,9
2025,4.0,2025-04-06,Liam,Baker,West Coast,HBFL,5,566,5,29,8,0,11,1,50,12
2025,4.0,2025-04-06,Connor,Idun,Greater Western Sydney,BPL,7,196,8,8,0,0,2,0,100,21
2025,4.0,2025-04-06,Tom,Green,Greater Western Sydney,R,11,576,0,16,2,2,8,0,78,29
2025,4.0,2025-04-06,Toby,Bedford,Greater Western Sydney,RR,4,196,0,22,4,2,3,0,86,12
2025,4.0,2025-04-06,Lachie,Ash,Greater Western Sydney,HBFR,10,568,8,3,1,0,7,0,90,28
2025,4.0,2025-04-06,Xavier,O'Halloran,Greater Western Sydney,SUB,3,111,1,6,2,1,4,0,71,5
2025,4.0,2025-04-06,Jake,Riccardi,Greater Western Sydney,INT,8,371,0,9,3,0,3,0,69,11
2025,4.0,2025-04-06,Bailey J.,Williams,West Coast,RK,2,134,2,22,2,2,3,0,64,7
2025,4.0,2025-04-06,Matthew,Owies,West Coast,HFFR,2,145,1,26,1,0,1,1,50,3
2025,4.0,2025-04-06,Jack,Buckley,Greater Western Sydney,CHB,2,85,4,6,1,0,3,0,75,6
2025,4.0,2025-04-06,Tyler,Brockman,West Coast,HFFL,1,4,1,9,0,0,5,0,71,5
2025,4.0,2025-04-06,Conor,Stone,Greater Western Sydney,BPR,2,118,6,10,3,0,3,0,77,10
2025,4.0,2025-04-06,Kieren,Briggs,Greater Western Sydney,RK,8,183,1,13,1,2,2,0,67,10
2025,4.0,2025-04-06,Callum,Brown,Greater Western Sydney,INT,2,237,0,6,4,0,1,0,67,6
2025,4.0,2025-04-06,Brady,Hough,West Coast,BPL,2,185,4,12,1,0,2,0,89,8
2025,4.0,2025-04-06,Jack,Williams,West Coast,INT,3,261,1,5,6,0,4,1,55,6
2025,4.0,2025-04-06,Finn,Callaghan,Greater Western Sydney,C,9,647,1,14,6,5,3,1,68,17
2025,4.0,2025-04-06,Jacob,Wehr,Greater Western Sydney,WL,3,324,2,13,3,0,2,0,71,12
2025,4.0,2025-04-06,Noah,Long,West Coast,INT,1,36,0,5,1,0,0,0,50,2
2025,4.0,2025-04-06,Reuben,Ginbey,West Coast,BPR,1,514,8,4,5,0,3,0,71,12
2025,4.0,2025-04-06,Aaron,Cadman,Greater Western Sydney,FPR,6,142,0,7,3,0,2,0,38,3
2025,4.0,2025-04-06,Ryan,Maric,West Coast,CHB,1,558,2,7,6,0,4,0,77,17
2025,4.0,2025-04-06,Harley,Reid,West Coast,RR,4,564,2,15,4,1,5,0,84,21
2025,4.0,2025-04-06,Darcy,Jones,Greater Western Sydney,FPL,13,494,1,23,2,1,3,2,75,18
2025,4.0,2025-04-06,Tyrell,Dewar,West Coast,HBFR,4,433,2,10,3,0,2,0,50,7
2025,4.0,2025-04-06,Clay,Hall,West Coast,FPR,5,91,3,20,1,1,10,0,78,14
2025,4.0,2025-04-06,Archer,Reid,West Coast,CHF,4,121,0,6,1,0,3,0,60,6
2025,4.0,2025-04-06,Sandy,Brock,West Coast,FB,1,364,9,5,3,0,3,0,83,10
2025,4.0,2025-04-06,Hamish,Davis,West Coast,SUB,2,108,2,6,1,0,2,0,100,5
2025,4.0,2025-04-06,Tom,Gross,West Coast,INT,7,281,0,18,4,1,4,0,59,10
2025,4.0,2025-04-06,Bradley,Hill,St Kilda,CHF,7,288,3,13,3,0,5,0,83,15
2025,4.0,2025-04-06,Ollie,Wines,Port Adelaide,FPL,4,71,2,11,4,2,8,0,70,16
2025,4.0,2025-04-06,Jack,Macrae,St Kilda,RR,9,467,3,19,4,2,11,1,57,16
2025,4.0,2025-04-06,Jimmy,Webster,St Kilda,BPR,0,237,3,7,2,0,3,0,50,4
2025,4.0,2025-04-06,Zak,Jones,St Kilda,INT,3,93,3,6,2,1,4,0,100,11
2025,4.0,2025-04-06,Mason,Wood,St Kilda,WL,4,277,2,17,3,0,4,1,54,7
2025,4.0,2025-04-06,Jack,Sinclair,St Kilda,C,4,539,8,18,4,0,8,1,68,17
2025,4.0,2025-04-06,Darcy,Byrne-Jones,Port Adelaide,HFFL,1,33,2,10,1,0,4,2,71,5
2025,4.0,2025-04-06,Aliir,Aliir,Port Adelaide,FB,2,398,12,7,5,0,3,0,89,16
2025,4.0,2025-04-06,Sam,Powell-Pepper,Port Adelaide,CHF,6,310,4,17,5,0,3,4,40,6
2025,4.0,2025-04-06,Rowan,Marshall,St Kilda,RK,7,200,3,11,2,2,3,0,57,8
2025,4.0,2025-04-06,Esava,Ratugolea,Port Adelaide,BPL,0,210,4,4,3,0,1,0,56,5
2025,4.0,2025-04-06,Willie,Rioli,Port Adelaide,HFFR,4,125,1,9,1,0,2,1,67,6
2025,4.0,2025-04-06,Jack,Higgins,St Kilda,HFFL,6,135,2,11,1,0,3,2,80,8
2025,4.0,2025-04-06,Kane,Farrell,Port Adelaide,HBFR,4,455,1,10,3,0,1,0,80,12
2025,4.0,2025-04-06,Zak,Butters,Port Adelaide,R,4,318,3,17,7,5,7,0,73,22
2025,4.0,2025-04-06,Willem,Drew,Port Adelaide,WR,2,316,3,12,8,0,1,0,67,12
2025,4.0,2025-04-06,Connor,Rozee,Port Adelaide,C,0,395,2,17,5,2,3,2,65,13
2025,4.0,2025-04-06,Callum,Wilkie,St Kilda,FB,1,291,7,8,2,0,4,0,88,15
2025,4.0,2025-04-06,Liam,Stocker,St Kilda,INT,1,144,8,10,2,1,5,0,79,11
2025,4.0,2025-04-06,Mitch,Georgiades,Port Adelaide,FF,7,266,2,8,4,0,1,2,50,7
2025,4.0,2025-04-06,Ryan,Byrnes,St Kilda,HBFL,1,364,3,6,6,1,0,0,82,14
2025,4.0,2025-04-06,Miles,Bergman,Port Adelaide,HBFL,4,677,12,14,5,0,4,0,81,21
2025,4.0,2025-04-06,Lachie,Jones,Port Adelaide,BPR,3,106,10,6,2,0,7,0,85,11
2025,4.0,2025-04-06,Jordon,Sweet,Port Adelaide,RK,4,22,1,14,3,2,4,0,50,5
2025,4.0,2025-04-06,Cooper,Sharman,St Kilda,FPL,7,260,2,8,2,0,3,2,85,11
2025,4.0,2025-04-06,Mitch,Owens,St Kilda,HFFR,4,187,0,7,1,0,1,0,63,5
2025,4.0,2025-04-06,Nasiah,Wanganeen-Milera,St Kilda,CHB,5,510,10,14,8,0,5,0,72,18
2025,4.0,2025-04-06,Jackson,Mead,Port Adelaide,INT,4,168,2,12,3,0,4,1,81,13
2025,4.0,2025-04-06,Jason,Horne-Francis,Port Adelaide,RR,6,376,3,14,4,2,8,2,82,23
2025,4.0,2025-04-06,Josh,Sinn,Port Adelaide,CHB,1,425,2,7,3,0,1,0,83,10
2025,4.0,2025-04-06,Marcus,Windhager,St Kilda,WR,3,187,3,13,8,1,10,0,39,7
2025,4.0,2025-04-06,Jase,Burgoyne,Port Adelaide,WL,1,202,0,15,0,0,0,1,77,10
2025,4.0,2025-04-06,Anthony,Caminiti,St Kilda,FF,0,214,9,6,5,0,5,0,71,12
2025,4.0,2025-04-06,Ollie,Lord,Port Adelaide,FPR,6,177,2,6,2,0,0,0,75,6
2025,4.0,2025-04-06,Lance,Collard,St Kilda,INT,6,228,1,17,1,0,4,2,67,6
2025,4.0,2025-04-06,Darcy,Wilson,St Kilda,FPR,3,407,4,8,12,1,4,0,53,10
2025,4.0,2025-04-06,Angus,Hastie,St Kilda,SUB,1,99,3,6,2,0,3,0,50,2
2025,4.0,2025-04-06,Hugo,Garcia,St Kilda,R,3,125,0,19,3,3,6,1,83,10
2025,4.0,2025-04-06,Joe,Richards,Port Adelaide,INT,2,83,2,11,1,0,7,2,69,11
2025,4.0,2025-04-06,Logan,Evans,Port Adelaide,INT,1,123,2,2,1,0,0,0,67,4
2025,4.0,2025-04-06,Joe,Berry,Port Adelaide,SUB,1,82,1,4,3,0,3,1,67,4
2025,4.0,2025-04-06,Max,Hall,St Kilda,INT,3,99,0,15,1,0,3,1,75,6
2025,4.0,2025-04-06,Christian,Moraes,Port Adelaide,INT,4,272,3,12,4,0,3,0,57,8
2025,4.0,2025-04-06,Isaac,Keeler,St Kilda,BPL,2,34,1,7,1,0,2,0,100,3
2025,4.0,2025-04-06,Tobie,Travaglia,St Kilda,HBFR,5,205,1,10,1,0,1,1,89,8
2025,4.0,2025-04-06,Liam,Jones,Western Bulldogs,FB,0,261,5,3,3,0,3,0,92,11
2025,4.0,2025-04-06,Tom,Liberatore,Western Bulldogs,C,5,440,2,22,2,4,8,0,73,22
2025,4.0,2025-04-06,Jaeger,O'Meara,Fremantle,C,1,99,3,15,3,0,6,1,80,12
2025,4.0,2025-04-06,Rory,Lobb,Western Bulldogs,CHB,1,317,8,9,3,0,3,0,67,8
2025,4.0,2025-04-06,Alex,Pearce,Fremantle,FB,0,113,11,6,4,0,7,0,77,10
2025,4.0,2025-04-06,Bailey,Dale,Western Bulldogs,HBFR,4,518,6,9,3,0,6,1,92,24
2025,4.0,2025-04-06,James,Harmes,Western Bulldogs,FPR,4,438,2,17,5,0,7,0,67,16
2025,4.0,2025-04-06,Bailey,Williams,Western Bulldogs,BPR,2,280,3,12,2,0,4,1,75,12
2025,4.0,2025-04-06,Corey,Wagner,Fremantle,BPL,3,103,0,9,0,0,1,0,83,5
2025,4.0,2025-04-06,Matthew,Kennedy,Western Bulldogs,RR,6,455,3,17,7,2,12,0,50,13
2025,4.0,2025-04-06,Shai,Bolton,Fremantle,HFFR,7,430,0,12,3,1,1,0,64,9
2025,4.0,2025-04-06,Tim,English,Western Bulldogs,RK,5,259,4,13,5,3,3,2,42,8
2025,4.0,2025-04-06,Luke,Ryan,Fremantle,CHB,2,730,7,15,5,0,2,0,89,23
2025,4.0,2025-04-06,Brennan,Cox,Fremantle,BPR,4,229,10,6,1,0,4,1,88,14
2025,4.0,2025-04-06,Bailey,Banfield,Fremantle,INT,5,261,0,11,3,0,4,1,77,10
2025,4.0,2025-04-06,Andrew,Brayshaw,Fremantle,R,9,360,3,30,4,2,8,0,72,21
2025,4.0,2025-04-06,Aaron,Naughton,Western Bulldogs,CHF,6,198,1,9,2,0,4,1,56,5
2025,4.0,2025-04-06,Ed,Richards,Western Bulldogs,R,6,437,3,27,4,1,11,0,65,15
2025,4.0,2025-04-06,Jordan,Clark,Fremantle,HBFR,2,644,5,13,7,0,6,0,69,18
2025,4.0,2025-04-06,Oskar,Baker,Western Bulldogs,HBFL,4,440,5,5,5,0,1,0,65,13
2025,4.0,2025-04-06,Rhylee,West,Western Bulldogs,HFFL,4,154,0,13,3,0,5,2,47,7
2025,4.0,2025-04-06,Luke,Jackson,Fremantle,RK,9,140,2,3,1,2,5,0,94,15
2025,4.0,2025-04-06,Laitham,Vandermeer,Western Bulldogs,FPL,2,83,1,3,3,0,1,0,40,2
2025,4.0,2025-04-06,Caleb,Serong,Fremantle,RR,9,556,2,27,3,4,17,0,71,27
2025,4.0,2025-04-06,Michael,Frederick,Fremantle,CHF,6,343,1,7,2,0,1,1,62,8
2025,4.0,2025-04-06,Jeremy,Sharp,Fremantle,WL,4,349,2,6,3,0,8,0,62,13
2025,4.0,2025-04-06,Lachlan,McNeil,Western Bulldogs,INT,4,145,2,10,2,0,4,2,70,7
2025,4.0,2025-04-06,Heath,Chapman,Fremantle,HBFL,1,238,4,4,0,0,1,0,100,15
2025,4.0,2025-04-06,Josh,Treacy,Fremantle,FF,8,347,1,11,3,0,1,2,67,10
2025,4.0,2025-04-06,Buku,Khamis,Western Bulldogs,BPL,2,57,5,11,0,0,5,0,100,11
2025,4.0,2025-04-06,Lachlan,Bramble,Western Bulldogs,INT,0,230,3,13,2,0,2,0,75,12
2025,4.0,2025-04-06,Nathan,O'Driscoll,Fremantle,WR,2,268,1,15,6,0,1,1,50,6
2025,4.0,2025-04-06,Jye,Amiss,Fremantle,FPR,2,58,0,7,2,0,3,0,43,3
2025,4.0,2025-04-06,Sam,Darcy,Western Bulldogs,FF,9,387,2,9,2,2,4,0,71,15
2025,4.0,2025-04-06,Matthew,Johnson,Fremantle,INT,4,203,4,16,2,0,6,0,77,10
2025,4.0,2025-04-06,James,O'Donnell,Western Bulldogs,INT,3,201,0,8,3,0,1,0,60,6
2025,4.0,2025-04-06,Karl,Worner,Fremantle,SUB,0,122,5,7,1,0,4,0,88,7
2025,4.0,2025-04-06,Harvey,Gallagher,Western Bulldogs,SUB,1,88,4,8,1,0,3,0,78,7
2025,4.0,2025-04-06,Ryley,Sanders,Western Bulldogs,HFFR,6,253,0,21,1,1,2,1,60,12
2025,4.0,2025-04-06,Joshua,Draper,Fremantle,INT,1,140,3,8,2,0,2,0,88,7
2025,4.0,2025-04-06,Patrick,Voss,Fremantle,FPL,4,101,0,20,3,1,5,0,67,6
2025,4.0,2025-04-06,Joel,Freijah,Western Bulldogs,WL,5,176,2,20,2,2,6,0,73,11
2025,4.0,2025-04-06,Murphy,Reid,Fremantle,HFFL,5,152,1,11,2,0,8,0,69,11
2025,4.0,2025-04-06,Sam,Davidson,Western Bulldogs,WR,7,244,0,12,4,0,4,1,61,11
2025,4.0,2025-04-06,Josh,Dolan,Western Bulldogs,INT,2,119,1,10,0,0,1,0,63,5
2025,4.0,2025-04-06,Isaiah,Dudley,Fremantle,INT,3,140,0,17,2,0,1,1,75,9
2025,5.0,2025-04-10,Patrick,Dangerfield,Geelong,C,6,248,1,10,3,1,3,2,75,12
2025,5.0,2025-04-10,Taylor,Walker,Adelaide,FF,7,376,0,13,2,0,3,0,62,8
2025,5.0,2025-04-10,Rhys,Stanley,Geelong,RK,5,210,3,3,3,2,5,0,50,6
2025,5.0,2025-04-10,Jeremy,Cameron,Geelong,FF,9,290,0,6,2,0,2,0,73,11
2025,5.0,2025-04-10,Mark,Blicavs,Geelong,BPR,2,97,2,10,1,1,3,0,75,6
2025,5.0,2025-04-10,Rory,Laird,Adelaide,BPR,4,397,4,9,3,0,6,0,70,16
2025,5.0,2025-04-10,Matt,Crouch,Adelaide,INT,4,190,0,19,4,5,6,0,71,20
2025,5.0,2025-04-10,Alex,Neal-Bullen,Adelaide,FPR,7,196,2,21,3,0,5,0,92,11
2025,5.0,2025-04-10,Wayne,Milera,Adelaide,HBFL,5,367,10,13,2,0,6,0,86,19
2025,5.0,2025-04-10,Ben,Keays,Adelaide,HFFL,6,337,0,17,5,0,3,0,61,11
2025,5.0,2025-04-10,Reilly,O'Brien,Adelaide,RK,4,34,1,11,0,1,0,0,100,5
2025,5.0,2025-04-10,Jack,Bowes,Geelong,INT,5,400,3,17,5,2,4,0,72,13
2025,5.0,2025-04-10,Jordan,Dawson,Adelaide,C,5,634,4,19,5,2,2,0,38,8
2025,5.0,2025-04-10,Mark,O'Connor,Geelong,INT,2,225,3,11,3,0,1,0,87,13
2025,5.0,2025-04-10,Zach,Guthrie,Geelong,HBFR,5,399,6,17,3,0,1,0,94,17
2025,5.0,2025-04-10,Tyson,Stengle,Geelong,FPR,5,139,0,14,1,0,2,0,57,4
2025,5.0,2025-04-10,Darcy,Fogarty,Adelaide,FPL,9,243,0,5,4,0,3,0,87,13
2025,5.0,2025-04-10,Isaac,Cumming,Adelaide,WL,7,295,2,10,2,0,3,0,79,11
2025,5.0,2025-04-10,Tom,Atkins,Geelong,R,8,244,2,29,1,3,11,0,70,16
2025,5.0,2025-04-10,Gryan,Miers,Geelong,INT,7,357,5,15,4,0,5,0,81,17
2025,5.0,2025-04-10,Bailey,Smith,Geelong,RR,9,643,5,20,7,2,15,0,54,19
2025,5.0,2025-04-10,Mitchell,Hinge,Adelaide,BPL,6,489,7,17,4,0,4,0,76,19
2025,5.0,2025-04-10,Izak,Rankine,Adelaide,HFFR,10,273,7,19,6,0,7,0,56,14
2025,5.0,2025-04-10,Brad,Close,Geelong,HFFL,6,274,3,20,3,1,6,0,71,10
2025,5.0,2025-04-10,Mark,Keane,Adelaide,CHB,5,499,14,5,5,0,7,0,79,19
2025,5.0,2025-04-10,Lachlan,Sholl,Adelaide,WR,3,169,1,6,2,0,1,0,86,6
2025,5.0,2025-04-10,Oliver,Henry,Geelong,WL,6,140,1,13,3,0,4,1,56,5
2025,5.0,2025-04-10,Max,Holmes,Geelong,CHB,6,805,4,18,6,3,7,1,72,23
2025,5.0,2025-04-10,Sam,De Koning,Geelong,FB,2,352,3,5,4,0,2,0,79,11
2025,5.0,2025-04-10,Riley,Thilthorpe,Adelaide,CHF,5,174,0,10,0,2,4,0,62,8
2025,5.0,2025-04-10,Josh,Worrell,Adelaide,FB,3,142,8,9,2,0,4,0,60,9
2025,5.0,2025-04-10,James,Peatling,Adelaide,R,9,258,1,17,4,3,8,0,73,16
2025,5.0,2025-04-10,Jake,Soligo,Adelaide,RR,6,296,2,16,2,2,5,0,67,10
2025,5.0,2025-04-10,Oliver,Dempsey,Geelong,WR,5,288,3,14,5,0,5,0,76,16
2025,5.0,2025-04-10,Mitch,Knevitt,Geelong,CHF,3,258,3,12,4,0,3,0,77,10
2025,5.0,2025-04-10,Shannon,Neale,Geelong,FPL,3,85,1,12,1,0,2,0,60,3
2025,5.0,2025-04-10,Max,Michalanney,Adelaide,HBFR,3,288,2,9,2,0,1,0,70,7
2025,5.0,2025-04-10,Oisin,Mullin,Geelong,INT,1,61,3,8,3,0,2,0,75,6
2025,5.0,2025-04-10,Luke,Nankervis,Adelaide,INT,6,122,6,17,6,0,6,0,83,15
2025,5.0,2025-04-10,Ted,Clohesy,Geelong,SUB,1,62,1,4,1,0,2,0,40,2
2025,5.0,2025-04-10,Shaun,Mannagh,Geelong,HFFR,5,201,1,18,4,0,3,1,46,6
2025,5.0,2025-04-10,Connor,O'Sullivan,Geelong,BPL,2,123,7,15,3,0,3,0,73,11
2025,5.0,2025-04-10,Daniel,Curtin,Adelaide,INT,3,73,0,15,0,0,3,0,80,4
2025,5.0,2025-04-10,Zac,Taylor,Adelaide,SUB,2,165,1,11,2,0,3,1,63,5
2025,5.0,2025-04-10,Lawson,Humphries,Geelong,HBFL,3,199,5,5,2,0,2,0,84,16
2025,5.0,2025-04-10,Sid,Draper,Adelaide,INT,2,28,1,17,0,0,2,0,86,6
2025,5.0,2025-04-11,Scott,Pendlebury,Collingwood,INT,5,294,3,19,2,2,6,1,73,19
2025,5.0,2025-04-11,Steele,Sidebottom,Collingwood,C,13,557,7,22,6,1,11,2,68,19
2025,5.0,2025-04-11,Jeremy,Howe,Collingwood,BPR,3,250,4,8,1,0,2,0,82,9
2025,5.0,2025-04-11,Will,Hoskin-Elliott,Collingwood,INT,8,226,0,17,2,0,1,1,100,13
2025,5.0,2025-04-11,Jack,Crisp,Collingwood,WR,4,386,2,19,5,0,3,0,63,12
2025,5.0,2025-04-11,Jamie,Elliott,Collingwood,INT,5,320,0,6,2,0,2,1,73,8
2025,5.0,2025-04-11,Dane,Rampe,Sydney,FB,3,364,3,7,2,0,3,0,88,14
2025,5.0,2025-04-11,Brodie,Grundy,Sydney,RK,5,68,5,14,4,0,10,0,65,15
2025,5.0,2025-04-11,Jake,Lloyd,Sydney,WR,2,133,2,14,3,0,2,0,72,13
2025,5.0,2025-04-11,Daniel,McStay,Collingwood,FF,5,138,0,9,3,1,5,0,67,6
2025,5.0,2025-04-11,Tim,Membrey,Collingwood,FPR,7,152,0,5,2,0,7,0,62,8
2025,5.0,2025-04-11,Isaac,Heeney,Sydney,C,6,605,2,14,5,6,10,0,75,21
2025,5.0,2025-04-11,Joel,Hamling,Sydney,BPL,1,91,6,2,1,0,4,0,78,7
2025,5.0,2025-04-11,Brayden,Maynard,Collingwood,BPL,4,240,5,17,3,0,2,0,73,8
2025,5.0,2025-04-11,Darcy,Moore,Collingwood,CHB,0,107,10,11,3,0,9,0,86,12
2025,5.0,2025-04-11,Oliver,Florent,Sydney,HBFR,4,433,4,9,4,0,2,0,78,18
2025,5.0,2025-04-11,Will,Hayward,Sydney,CHF,6,213,1,5,1,0,4,0,69,9
2025,5.0,2025-04-11,Harry,Perryman,Collingwood,HBFR,6,279,6,12,2,0,2,0,71,12
2025,5.0,2025-04-11,Josh,Daicos,Collingwood,HBFL,3,131,4,11,4,0,4,0,67,10
2025,5.0,2025-04-11,Patrick,Lipinski,Collingwood,WL,9,491,2,11,2,1,5,0,71,17
2025,5.0,2025-04-11,Tom,McCartin,Sydney,FF,1,225,4,7,2,0,4,0,82,9
2025,5.0,2025-04-11,Brody,Mihocek,Collingwood,CHF,4,164,0,13,1,0,1,2,88,7
2025,5.0,2025-04-11,Darcy,Cameron,Collingwood,RK,6,274,6,10,3,1,3,0,80,16
2025,5.0,2025-04-11,Billy,Frampton,Collingwood,FB,1,66,8,2,1,0,4,0,90,9
2025,5.0,2025-04-11,Nick,Blakey,Sydney,BPR,2,374,3,2,3,0,3,0,72,13
2025,5.0,2025-04-11,James,Rowbottom,Sydney,R,2,206,2,39,4,1,8,1,59,13
2025,5.0,2025-04-11,Peter,Ladhams,Sydney,INT,5,104,0,3,0,0,5,0,60,9
2025,5.0,2025-04-11,Isaac,Quaynor,Collingwood,INT,2,369,5,15,5,0,2,0,79,11
2025,5.0,2025-04-11,Bobby,Hill,Collingwood,HFFL,8,277,1,7,1,0,7,1,75,9
2025,5.0,2025-04-11,Hayden,McLean,Sydney,HFFL,4,194,0,3,3,0,1,1,80,8
2025,5.0,2025-04-11,Chad,Warner,Sydney,RR,3,553,2,10,8,0,4,0,67,16
2025,5.0,2025-04-11,Sam,Wicks,Sydney,HBFL,0,345,1,21,3,0,2,0,69,9
2025,5.0,2025-04-11,Joel,Amartey,Sydney,FPL,1,-34,0,4,1,0,1,1,67,2
2025,5.0,2025-04-11,James,Jordon,Sydney,HFFR,3,156,3,19,4,1,8,0,69,11
2025,5.0,2025-04-11,Braeden,Campbell,Sydney,WL,4,306,3,11,5,0,4,1,67,10
2025,5.0,2025-04-11,Beau,McCreery,Collingwood,FPL,5,447,0,27,0,0,0,1,100,9
2025,5.0,2025-04-11,Nick,Daicos,Collingwood,R,7,455,3,18,5,5,9,1,74,25
2025,5.0,2025-04-11,Angus,Sheldrick,Sydney,SUB,3,175,4,14,1,0,6,1,77,10
2025,5.0,2025-04-11,Matt,Roberts,Sydney,INT,2,451,4,13,7,2,7,0,71,17
2025,5.0,2025-04-11,Ned,Long,Collingwood,RR,10,515,5,25,7,6,12,0,69,20
2025,5.0,2025-04-11,Corey,Warner,Sydney,FPR,4,378,4,9,3,0,5,0,69,9
2025,5.0,2025-04-11,Lachlan,Sullivan,Collingwood,HFFR,6,139,0,18,2,1,1,0,67,10
2025,5.0,2025-04-11,Edward,Allan,Collingwood,SUB,0,10,0,7,1,0,0,0,0,0
2025,5.0,2025-04-11,Caiden,Cleary,Sydney,INT,5,128,1,29,1,0,4,2,78,14
2025,5.0,2025-04-11,Tom,Hanily,Sydney,INT,3,130,2,20,1,0,6,1,91,10
2025,5.0,2025-04-11,Riley,Bice,Sydney,CHB,2,466,7,19,4,0,1,0,91,19
2025,5.0,2025-04-12,Jack,Darling,North Melbourne,FF,7,207,0,8,2,1,4,0,75,12
2025,5.0,2025-04-12,Luke,Parker,North Melbourne,INT,4,276,0,13,5,3,7,0,63,15
2025,5.0,2025-04-12,Jarrod,Witts,Gold Coast,RK,4,162,0,10,3,2,3,1,75,9
2025,5.0,2025-04-12,Aidan,Corr,North Melbourne,FB,2,302,5,3,3,0,3,0,79,11
2025,5.0,2025-04-12,Luke,McDonald,North Melbourne,HBFL,2,299,2,15,1,0,1,0,83,10
2025,5.0,2025-04-12,Nick,Holman,Gold Coast,SUB,4,80,0,3,0,0,3,0,80,4
2025,5.0,2025-04-12,Touk,Miller,Gold Coast,CHF,11,411,2,19,2,2,8,1,70,19
2025,5.0,2025-04-12,Caleb,Daniel,North Melbourne,CHB,4,434,5,12,1,0,10,0,88,28
2025,5.0,2025-04-12,Lachie,Weller,Gold Coast,WL,4,252,4,17,1,0,6,0,71,10
2025,5.0,2025-04-12,Daniel,Rioli,Gold Coast,HBFR,5,212,4,10,3,0,5,0,69,11
2025,5.0,2025-04-12,Darcy,Tucker,North Melbourne,HBFR,3,102,5,9,1,0,4,0,81,17
2025,5.0,2025-04-12,Sam,Collins,Gold Coast,FB,2,6,5,7,1,0,2,0,89,8
2025,5.0,2025-04-12,Ben,Ainsworth,Gold Coast,HFFL,7,360,3,10,2,0,5,3,91,20
2025,5.0,2025-04-12,Jy,Simpkin,North Melbourne,R,6,296,1,13,4,0,6,0,79,19
2025,5.0,2025-04-12,Griffin,Logue,North Melbourne,BPR,1,123,5,13,3,0,2,0,73,8
2025,5.0,2025-04-12,Zac,Fisher,North Melbourne,INT,2,478,7,6,5,0,6,0,93,25
2025,5.0,2025-04-12,Ben,Long,Gold Coast,HFFR,8,358,0,18,3,0,5,2,67,10
2025,5.0,2025-04-12,Cameron,Zurhaar,North Melbourne,FPL,3,164,2,9,1,0,5,2,89,8
2025,5.0,2025-04-12,Nick,Larkey,North Melbourne,CHF,6,156,0,4,2,0,2,1,58,7
2025,5.0,2025-04-12,Luke,Davies-Uniacke,North Melbourne,RR,5,564,2,14,2,7,5,0,73,19
2025,5.0,2025-04-12,Wil,Powell,Gold Coast,BPL,5,295,3,8,0,0,1,0,80,12
2025,5.0,2025-04-12,Ben,King,Gold Coast,FPL,5,109,0,5,0,0,0,0,83,5
2025,5.0,2025-04-12,John,Noble,Gold Coast,HBFL,7,712,5,10,2,0,4,0,71,20
2025,5.0,2025-04-12,Noah,Anderson,Gold Coast,R,12,522,1,21,5,2,5,0,78,21
2025,5.0,2025-04-12,Matt,Rowell,Gold Coast,C,14,442,3,31,4,8,10,2,81,21
2025,5.0,2025-04-12,Tristan,Xerri,North Melbourne,RK,2,132,2,15,0,1,3,1,67,6
2025,5.0,2025-04-12,Dylan,Stephens,North Melbourne,FPR,3,329,1,14,2,0,2,0,76,16
2025,5.0,2025-04-12,Sam,Flanders,Gold Coast,INT,9,193,1,17,2,0,5,1,76,16
2025,5.0,2025-04-12,Tom,Powell,North Melbourne,C,4,274,3,19,3,0,5,2,70,14
2025,5.0,2025-04-12,Joel,Jeffrey,Gold Coast,INT,6,690,4,15,2,0,1,0,90,18
2025,5.0,2025-04-12,Charlie,Comben,North Melbourne,BPL,0,179,6,6,3,0,1,0,70,7
2025,5.0,2025-04-12,Paul,Curtis,North Melbourne,HFFL,5,208,0,15,4,0,6,3,57,8
2025,5.0,2025-04-12,Mac,Andrew,Gold Coast,CHB,2,69,7,3,1,0,3,0,78,7
2025,5.0,2025-04-12,Harry,Sheezel,North Melbourne,HFFR,7,273,1,20,3,1,8,0,74,20
2025,5.0,2025-04-12,Bodhi,Uwland,Gold Coast,BPR,4,190,3,2,3,0,2,0,83,10
2025,5.0,2025-04-12,Bailey,Humphrey,Gold Coast,FF,7,143,2,16,0,0,6,2,86,12
2025,5.0,2025-04-12,Zane,Duursma,North Melbourne,INT,4,153,0,7,1,0,2,0,78,7
2025,5.0,2025-04-12,Colby,McKercher,North Melbourne,WR,2,180,0,7,3,0,0,0,75,6
2025,5.0,2025-04-12,Jed,Walter,Gold Coast,INT,4,148,0,4,2,0,2,0,75,6
2025,5.0,2025-04-12,Sam,Clohesy,Gold Coast,WR,3,342,4,5,4,0,3,1,63,10
2025,5.0,2025-04-12,Will,Graham,Gold Coast,RR,5,129,1,18,4,0,7,0,55,6
2025,5.0,2025-04-12,Ethan,Read,Gold Coast,FPR,6,256,1,6,3,1,1,1,75,9
2025,5.0,2025-04-12,Jake,Rogers,Gold Coast,INT,6,268,1,14,4,0,6,0,64,9
2025,5.0,2025-04-12,Riley,Hardeman,North Melbourne,SUB,1,112,1,4,0,0,1,0,100,3
2025,5.0,2025-04-12,Jacob,Konstanty,North Melbourne,INT,4,98,0,10,1,0,3,0,75,6
2025,5.0,2025-04-12,Finn,O'Sullivan,North Melbourne,WL,4,365,3,9,4,0,2,0,80,12
2025,5.0,2025-04-12,Jamie,Cripps,West Coast,HFFL,7,363,1,21,3,0,1,0,75,9
2025,5.0,2025-04-12,Nick,Haynes,Carlton,INT,6,426,9,3,3,0,3,0,91,19
2025,5.0,2025-04-12,Sam,Docherty,Carlton,WL,4,306,0,8,3,1,2,0,64,14
2025,5.0,2025-04-12,Zac,Williams,Carlton,BPR,7,210,1,7,2,0,2,0,50,7
2025,5.0,2025-04-12,Patrick,Cripps,Carlton,C,13,357,1,8,1,1,5,0,74,17
2025,5.0,2025-04-12,Adam,Saad,Carlton,HBFR,9,455,3,10,2,1,5,0,84,21
2025,5.0,2025-04-12,Liam,Duggan,West Coast,C,4,438,3,15,6,0,3,0,79,15
2025,5.0,2025-04-12,Jacob,Weitering,Carlton,FB,4,135,11,2,1,0,4,0,93,14
2025,5.0,2025-04-12,Mitch,McGovern,Carlton,CHB,8,668,6,3,1,0,1,0,96,22
2025,5.0,2025-04-12,George,Hewett,Carlton,RR,14,440,1,10,2,4,9,0,77,30
2025,5.0,2025-04-12,Charlie,Curnow,Carlton,CHF,9,390,1,6,2,0,3,1,43,6
2025,5.0,2025-04-12,Jayden,Hunt,West Coast,HBFL,4,344,2,17,3,1,4,0,63,10
2025,5.0,2025-04-12,Jack,Silvagni,Carlton,BPL,4,129,9,2,3,0,3,0,93,14
2025,5.0,2025-04-12,Harry,McKay,Carlton,FF,1,35,1,1,2,0,2,0,25,1
2025,5.0,2025-04-12,Jack,Graham,West Coast,WR,9,347,1,21,1,1,1,2,95,19
2025,5.0,2025-04-12,Lachie,Fogarty,Carlton,HFFL,5,147,1,14,2,0,4,3,67,8
2025,5.0,2025-04-12,Liam,Ryan,West Coast,FPR,6,247,1,10,3,0,5,1,83,10
2025,5.0,2025-04-12,Jake,Waterman,West Coast,CHF,5,299,0,4,4,0,0,0,75,9
2025,5.0,2025-04-12,Adam,Cerra,Carlton,INT,10,339,3,24,3,6,9,2,78,21
2025,5.0,2025-04-12,Oscar,Allen,West Coast,FF,2,185,1,7,4,0,0,0,75,6
2025,5.0,2025-04-12,Liam,Baker,West Coast,RR,6,374,3,20,3,1,3,0,74,17
2025,5.0,2025-04-12,Tom,De Koning,Carlton,RK,6,214,0,7,0,1,2,1,79,11
2025,5.0,2025-04-12,Sam,Walsh,Carlton,R,13,422,2,14,3,1,10,0,78,29
2025,5.0,2025-04-12,Harry,Edwards,West Coast,FB,2,226,5,5,4,0,3,0,89,8
2025,5.0,2025-04-12,Matthew,Cottrell,Carlton,HFFR,9,495,2,9,3,0,1,0,68,13
2025,5.0,2025-04-12,Bailey J.,Williams,West Coast,RK,1,-29,0,14,0,0,3,0,100,7
2025,5.0,2025-04-12,Matthew,Owies,West Coast,INT,5,163,3,11,1,0,5,1,80,8
2025,5.0,2025-04-12,Corey,Durdin,Carlton,INT,7,250,0,11,0,0,3,2,73,8
2025,5.0,2025-04-12,Brodie,Kemp,Carlton,INT,5,87,0,8,2,0,4,1,70,7
2025,5.0,2025-04-12,Brady,Hough,West Coast,BPL,4,153,2,14,1,0,1,0,100,12
2025,5.0,2025-04-12,Jack,Williams,West Coast,FPL,3,79,1,1,1,0,1,0,67,2
2025,5.0,2025-04-12,Jesse,Motlop,Carlton,FPR,6,269,1,21,3,2,4,2,77,13
2025,5.0,2025-04-12,Oliver,Hollands,Carlton,HBFL,7,414,4,18,4,0,2,0,77,13
2025,5.0,2025-04-12,Reuben,Ginbey,West Coast,BPR,2,156,6,14,3,0,3,0,73,8
2025,5.0,2025-04-12,Ryan,Maric,West Coast,INT,2,524,3,9,3,0,1,0,81,17
2025,5.0,2025-04-12,Harley,Reid,West Coast,R,4,507,3,14,3,1,4,0,81,13
2025,5.0,2025-04-12,Tyrell,Dewar,West Coast,WL,4,180,0,13,3,0,4,0,73,8
2025,5.0,2025-04-12,Jack,Hutchinson,West Coast,HBFR,7,148,2,23,2,0,3,1,75,9
2025,5.0,2025-04-12,Clay,Hall,West Coast,HFFR,1,216,2,16,1,0,2,0,100,12
2025,5.0,2025-04-12,Cooper,Lord,Carlton,SUB,6,313,0,8,3,0,1,0,67,10
2025,5.0,2025-04-12,Archer,Reid,West Coast,INT,2,88,1,5,1,0,1,0,100,5
2025,5.0,2025-04-12,Will,White,Carlton,FPL,6,214,0,8,1,0,3,0,60,9
2025,5.0,2025-04-12,Sandy,Brock,West Coast,CHB,0,159,5,6,3,0,2,0,57,4
2025,5.0,2025-04-12,Hamish,Davis,West Coast,SUB,1,63,0,6,0,0,0,0,80,4
2025,5.0,2025-04-12,Tom,Gross,West Coast,INT,3,419,4,23,5,1,5,0,67,12
2025,5.0,2025-04-12,Matthew,Carroll,Carlton,WR,2,251,2,6,3,0,1,0,75,9
2025,5.0,2025-04-12,Liam,Jones,Western Bulldogs,FB,3,226,6,3,4,0,2,0,60,6
2025,5.0,2025-04-12,Ryan,Lester,Brisbane Lions,BPR,3,213,3,11,1,0,2,0,93,13
2025,5.0,2025-04-12,Tom,Liberatore,Western Bulldogs,C,8,272,2,28,6,7,9,0,67,16
2025,5.0,2025-04-12,Sam,Day,Brisbane Lions,FF,2,219,0,15,1,0,0,0,57,4
2025,5.0,2025-04-12,Lachie,Neale,Brisbane Lions,R,6,419,1,23,6,3,10,0,68,19
2025,5.0,2025-04-12,Dayne,Zorko,Brisbane Lions,BPL,3,651,6,12,6,0,3,0,78,18
2025,5.0,2025-04-12,Jason,Johannisen,Western Bulldogs,HBFL,4,280,0,10,4,0,0,0,67,6
2025,5.0,2025-04-12,Charlie,Cameron,Brisbane Lions,HFFL,6,75,0,17,1,0,0,2,50,4
2025,5.0,2025-04-12,Rory,Lobb,Western Bulldogs,CHB,6,307,8,8,3,0,5,0,84,16
2025,5.0,2025-04-12,Harris,Andrews,Brisbane Lions,CHB,3,143,6,8,1,0,1,0,86,12
2025,5.0,2025-04-12,Bailey,Dale,Western Bulldogs,HBFR,5,367,8,19,4,0,7,0,71,15
2025,5.0,2025-04-12,James,Harmes,Western Bulldogs,FPR,0,0,0,0,0,0,0,0,0,0
2025,5.0,2025-04-12,Callum,Ah Chee,Brisbane Lions,HBFR,7,163,4,11,5,0,9,0,82,18
2025,5.0,2025-04-12,Josh,Dunkley,Brisbane Lions,RR,6,104,2,27,3,3,9,0,68,15
2025,5.0,2025-04-12,Bailey,Williams,Western Bulldogs,INT,8,244,6,21,0,1,5,0,90,17
2025,5.0,2025-04-12,Eric,Hipwood,Brisbane Lions,CHF,10,402,1,6,0,0,1,2,83,10
2025,5.0,2025-04-12,Matthew,Kennedy,Western Bulldogs,RR,4,513,2,19,8,3,8,0,44,12
2025,5.0,2025-04-12,Jarrod,Berry,Brisbane Lions,WR,2,275,3,19,2,0,3,1,74,14
2025,5.0,2025-04-12,Hugh,McCluggage,Brisbane Lions,HFFR,7,489,1,19,5,2,8,2,84,27
2025,5.0,2025-04-12,Tim,English,Western Bulldogs,RK,6,267,6,9,3,2,4,0,67,12
2025,5.0,2025-04-12,Cam,Rayner,Brisbane Lions,FPL,7,259,0,10,2,1,3,0,57,8
2025,5.0,2025-04-12,Aaron,Naughton,Western Bulldogs,CHF,4,118,0,8,1,0,0,1,75,6
2025,5.0,2025-04-12,Ed,Richards,Western Bulldogs,R,13,525,1,29,2,4,10,0,72,21
2025,5.0,2025-04-12,Zac,Bailey,Brisbane Lions,C,9,493,2,20,3,0,6,1,75,15
2025,5.0,2025-04-12,Oscar,McInerney,Brisbane Lions,RK,2,48,0,8,1,3,2,0,75,6
2025,5.0,2025-04-12,Noah,Answerth,Brisbane Lions,HBFL,2,252,4,9,3,0,3,0,92,11
2025,5.0,2025-04-12,Rhylee,West,Western Bulldogs,FPL,10,358,0,14,2,1,8,0,71,17
2025,5.0,2025-04-12,Jack,Payne,Brisbane Lions,FB,3,227,11,5,2,0,4,0,75,12
2025,5.0,2025-04-12,Lachlan,McNeil,Western Bulldogs,INT,5,313,1,17,7,0,4,0,67,12
2025,5.0,2025-04-12,Buku,Khamis,Western Bulldogs,BPL,1,123,6,4,1,0,5,0,75,9
2025,5.0,2025-04-12,Lachlan,Bramble,Western Bulldogs,BPR,7,545,3,10,3,0,1,0,91,20
2025,5.0,2025-04-12,Luke,Cleary,Western Bulldogs,INT,6,101,7,9,1,0,3,0,75,9
2025,5.0,2025-04-12,Sam,Darcy,Western Bulldogs,FF,12,294,0,5,0,2,4,0,63,10
2025,5.0,2025-04-12,Darcy,Wilmot,Brisbane Lions,INT,1,309,2,15,2,0,3,0,75,12
2025,5.0,2025-04-12,Will,Ashcroft,Brisbane Lions,INT,6,273,4,22,4,1,6,2,74,23
2025,5.0,2025-04-12,James,O'Donnell,Western Bulldogs,INT,3,162,0,9,4,0,1,1,71,5
2025,5.0,2025-04-12,Jaspa,Fletcher,Brisbane Lions,WL,2,355,9,20,5,0,6,0,72,18
2025,5.0,2025-04-12,Ryley,Sanders,Western Bulldogs,HFFR,9,200,2,23,3,0,4,2,86,19
2025,5.0,2025-04-12,Logan,Morris,Brisbane Lions,FPR,8,266,0,13,1,0,3,1,87,13
2025,5.0,2025-04-12,Bruce,Reville,Brisbane Lions,INT,2,182,1,6,3,0,1,0,71,10
2025,5.0,2025-04-12,Joel,Freijah,Western Bulldogs,WL,10,300,1,12,2,1,4,0,65,11
2025,5.0,2025-04-12,Levi,Ashcroft,Brisbane Lions,INT,8,433,4,10,4,0,3,1,59,13
2025,5.0,2025-04-12,Sam,Davidson,Western Bulldogs,WR,5,208,1,8,2,1,4,0,79,11
2025,5.0,2025-04-12,Josh,Dolan,Western Bulldogs,SUB,4,169,1,16,2,0,3,0,64,7
2025,5.0,2025-04-12,Will,McLachlan,Brisbane Lions,SUB,0,69,0,5,0,0,0,0,50,1
2025,5.0,2025-04-12,Cooper,Hynes,Western Bulldogs,HFFL,2,4,0,9,2,0,3,0,67,2
2025,5.0,2025-04-12,Jake,Melksham,Melbourne,FPL,4,183,0,11,1,0,2,2,71,5
2025,5.0,2025-04-12,Steven,May,Melbourne,FB,1,257,4,5,1,0,3,0,67,8
2025,5.0,2025-04-12,Max,Gawn,Melbourne,RK,6,203,4,6,5,2,4,0,68,15
2025,5.0,2025-04-12,Tom,McDonald,Melbourne,CHB,0,131,5,8,2,0,2,0,80,12
2025,5.0,2025-04-12,Dylan,Shiel,Essendon,WR,3,287,5,12,5,2,7,0,73,22
2025,5.0,2025-04-12,Jack,Viney,Melbourne,C,3,317,0,22,7,0,3,0,57,12
2025,5.0,2025-04-12,Zach,Merrett,Essendon,RR,9,342,3,23,3,0,12,1,60,22
2025,5.0,2025-04-12,Christian,Salem,Melbourne,HBFR,3,354,6,11,1,0,5,0,86,18
2025,5.0,2025-04-12,Ed,Langdon,Melbourne,WR,6,474,7,15,1,0,4,0,88,22
2025,5.0,2025-04-12,Clayton,Oliver,Melbourne,CHF,5,191,1,29,1,3,9,0,67,16
2025,5.0,2025-04-12,Jade,Gresham,Essendon,HFFL,1,169,0,9,3,0,4,1,78,14
2025,5.0,2025-04-12,Christian,Petracca,Melbourne,RR,5,553,3,22,7,3,8,2,59,16
2025,5.0,2025-04-12,Mason,Redman,Essendon,HBFL,4,329,4,9,0,0,4,0,86,19
2025,5.0,2025-04-12,Andrew,McGrath,Essendon,BPL,3,270,8,7,5,0,7,0,77,20
2025,5.0,2025-04-12,Will,Setterfield,Essendon,WL,5,355,1,29,3,0,3,0,76,16
2025,5.0,2025-04-12,Ben,McKay,Essendon,FB,2,48,8,3,1,0,5,0,88,14
2025,5.0,2025-04-12,Bayley,Fritsch,Melbourne,INT,4,139,2,12,1,0,2,4,90,9
2025,5.0,2025-04-12,Charlie,Spargo,Melbourne,FPR,3,170,4,18,5,0,5,1,67,8
2025,5.0,2025-04-12,Jordan,Ridley,Essendon,BPR,3,401,4,10,2,0,3,0,89,23
2025,5.0,2025-04-12,Harrison,Petty,Melbourne,BPR,2,140,3,16,2,0,2,0,90,9
2025,5.0,2025-04-12,Tom,Sparrow,Melbourne,HBFL,1,81,1,11,0,0,1,0,100,5
2025,5.0,2025-04-12,Xavier,Duursma,Essendon,INT,3,215,0,15,3,0,3,0,82,14
2025,5.0,2025-04-12,Kade,Chandler,Melbourne,WL,3,153,2,24,0,0,5,4,46,5
2025,5.0,2025-04-12,Kysaiah,Pickett,Melbourne,HFFR,5,489,1,14,7,3,3,0,61,14
2025,5.0,2025-04-12,Trent,Rivers,Melbourne,INT,5,425,1,18,4,2,4,1,77,17
2025,5.0,2025-04-12,Sam,Draper,Essendon,FF,6,470,4,7,0,2,5,0,82,18
2025,5.0,2025-04-12,Harrison,Jones,Essendon,FPL,4,112,2,12,2,0,3,1,71,5
2025,5.0,2025-04-12,Harry,Sharp,Melbourne,SUB,2,73,0,4,0,0,1,0,100,3
2025,5.0,2025-04-12,Jaxon,Prior,Essendon,HBFR,0,230,6,9,2,0,3,0,83,10
2025,5.0,2025-04-12,Archie,Perkins,Essendon,INT,4,234,1,5,5,1,4,0,53,9
2025,5.0,2025-04-12,Zach,Reid,Essendon,CHB,4,289,5,8,0,0,4,0,91,19
2025,5.0,2025-04-12,Nick,Bryan,Essendon,RK,1,43,0,2,0,0,1,0,67,2
2025,5.0,2025-04-12,Sam,Durham,Essendon,R,7,516,2,18,3,0,7,0,79,22
2025,5.0,2025-04-12,Jake,Bowey,Melbourne,BPL,4,417,6,16,4,1,7,0,65,15
2025,5.0,2025-04-12,Nic,Martin,Essendon,HFFR,3,184,1,10,3,0,3,0,89,25
2025,5.0,2025-04-12,Ben,Hobbs,Essendon,INT,6,310,1,18,2,1,8,0,65,13
2025,5.0,2025-04-12,Jye,Menzie,Essendon,INT,8,353,1,7,3,0,2,0,60,9
2025,5.0,2025-04-12,Jacob,van Rooyen,Melbourne,FF,1,39,0,10,2,0,2,0,86,6
2025,5.0,2025-04-12,Caleb,Windsor,Melbourne,INT,1,215,2,19,4,1,3,0,54,7
2025,5.0,2025-04-12,Nate,Caddy,Essendon,CHF,2,181,0,5,3,0,1,0,71,5
2025,5.0,2025-04-12,Archie,Roberts,Essendon,C,2,391,5,12,3,0,6,0,86,24
2025,5.0,2025-04-12,Isaac,Kako,Essendon,FPR,3,128,0,12,2,0,2,1,67,6
2025,5.0,2025-04-12,Jack,Henderson,Melbourne,INT,0,-21,0,8,1,0,1,0,75,3
2025,5.0,2025-04-12,Harvey,Langford,Melbourne,R,2,281,5,7,4,1,6,0,61,14
2025,5.0,2025-04-12,Xavier,Lindsay,Melbourne,HFFL,1,134,2,8,2,0,2,0,79,11
2025,5.0,2025-04-12,Saad,El-Hawli,Essendon,SUB,1,213,1,12,6,1,3,0,78,14
2025,5.0,2025-04-13,Tom,Lynch,Richmond,FF,1,123,0,4,1,0,0,1,60,3
2025,5.0,2025-04-13,Jaeger,O'Meara,Fremantle,WR,5,289,3,13,3,1,7,0,71,15
2025,5.0,2025-04-13,Nick,Vlastuin,Richmond,BPL,2,372,8,8,4,0,3,0,85,17
2025,5.0,2025-04-13,Kamdyn,McIntosh,Richmond,C,3,292,1,14,4,1,2,0,74,14
2025,5.0,2025-04-13,Alex,Pearce,Fremantle,FB,4,208,10,4,5,0,2,0,86,12
2025,5.0,2025-04-13,Toby,Nankervis,Richmond,RK,5,21,2,15,1,1,1,1,100,17
2025,5.0,2025-04-13,Jayden,Short,Richmond,HBFL,2,538,2,7,4,0,1,1,80,20
2025,5.0,2025-04-13,Jacob,Hopper,Richmond,R,4,223,2,12,3,3,9,1,67,22
2025,5.0,2025-04-13,Nathan,Broad,Richmond,BPR,0,174,5,2,1,0,2,0,95,18
2025,5.0,2025-04-13,Tim,Taranto,Richmond,RR,3,342,2,16,4,1,5,0,89,23
2025,5.0,2025-04-13,Shai,Bolton,Fremantle,HFFR,10,488,3,6,5,1,7,0,68,13
2025,5.0,2025-04-13,Luke,Ryan,Fremantle,BPL,3,226,3,6,2,0,1,0,94,15
2025,5.0,2025-04-13,Brennan,Cox,Fremantle,BPR,1,206,8,3,3,0,5,0,89,16
2025,5.0,2025-04-13,Sean,Darcy,Fremantle,RK,1,147,0,12,2,1,5,1,56,5
2025,5.0,2025-04-13,Bailey,Banfield,Fremantle,INT,4,307,1,10,3,0,2,0,79,11
2025,5.0,2025-04-13,Andrew,Brayshaw,Fremantle,R,7,517,5,31,4,4,9,1,84,26
2025,5.0,2025-04-13,Sam,Switkowski,Fremantle,CHF,3,178,0,13,1,0,0,1,50,3
2025,5.0,2025-04-13,Jordan,Clark,Fremantle,HBFR,6,374,3,11,2,1,7,0,83,19
2025,5.0,2025-04-13,Jack,Ross,Richmond,HFFL,4,330,0,15,4,1,2,0,83,10
2025,5.0,2025-04-13,Hayden,Young,Fremantle,C,6,397,3,11,3,0,4,4,56,10
2025,5.0,2025-04-13,Caleb,Serong,Fremantle,RR,5,461,3,23,3,5,6,0,59,17
2025,5.0,2025-04-13,Michael,Frederick,Fremantle,HFFL,6,301,0,15,3,0,0,1,69,9
2025,5.0,2025-04-13,Jeremy,Sharp,Fremantle,WL,2,362,3,7,2,0,4,0,91,19
2025,5.0,2025-04-13,Thomson,Dow,Richmond,INT,3,78,1,10,1,1,8,0,65,13
2025,5.0,2025-04-13,Heath,Chapman,Fremantle,HBFL,5,551,4,6,2,1,1,0,85,22
2025,5.0,2025-04-13,Josh,Treacy,Fremantle,FF,9,278,1,8,1,0,1,2,82,9
2025,5.0,2025-04-13,Hugo,Ralphsmith,Richmond,WR,4,338,1,14,4,0,2,0,69,11
2025,5.0,2025-04-13,Maurice,Rioli,Richmond,FPL,3,102,1,16,3,0,5,0,50,3
2025,5.0,2025-04-13,Ben,Miller,Richmond,FB,2,256,4,2,2,0,0,0,92,11
2025,5.0,2025-04-13,Jye,Amiss,Fremantle,FPR,0,34,0,5,1,0,0,1,50,1
2025,5.0,2025-04-13,Tyler,Sonsie,Richmond,INT,1,199,1,13,2,0,4,1,67,8
2025,5.0,2025-04-13,Matthew,Johnson,Fremantle,INT,3,218,1,14,1,0,6,0,71,12
2025,5.0,2025-04-13,Sam,Banks,Richmond,WL,0,430,3,6,4,0,4,0,71,15
2025,5.0,2025-04-13,Jacob,Bauer,Richmond,SUB,0,57,0,2,1,0,0,0,67,2
2025,5.0,2025-04-13,Karl,Worner,Fremantle,CHB,3,313,6,2,3,0,2,0,90,17
2025,5.0,2025-04-13,James,Trezise,Richmond,HBFR,1,158,7,5,1,0,3,0,100,17
2025,5.0,2025-04-13,Tom,Brown,Richmond,INT,2,584,8,6,3,0,8,0,79,19
2025,5.0,2025-04-13,Seth,Campbell,Richmond,CHF,2,153,1,27,3,0,3,1,78,7
2025,5.0,2025-04-13,Joshua,Draper,Fremantle,INT,1,41,6,5,1,0,6,0,80,8
2025,5.0,2025-04-13,Patrick,Voss,Fremantle,FPL,4,101,0,13,2,0,3,3,80,8
2025,5.0,2025-04-13,Steely,Green,Richmond,HFFR,4,107,0,8,3,0,4,0,67,6
2025,5.0,2025-04-13,Jacob,Blight,Richmond,INT,1,34,0,9,0,0,2,1,86,6
2025,5.0,2025-04-13,Luke,Trainor,Richmond,CHB,0,412,5,8,6,0,2,0,55,12
2025,5.0,2025-04-13,Murphy,Reid,Fremantle,INT,6,257,0,14,2,1,3,2,78,7
2025,5.0,2025-04-13,Isaiah,Dudley,Fremantle,SUB,3,163,0,5,0,0,0,0,83,5
2025,5.0,2025-04-13,Jonty,Faull,Richmond,FPR,1,164,1,4,4,0,2,0,33,2
2025,5.0,2025-04-13,Callan,Ward,Greater Western Sydney,WR,7,347,3,9,2,0,2,1,85,23
2025,5.0,2025-04-13,Toby,Greene,Greater Western Sydney,FPL,8,576,0,14,3,2,6,1,77,13
2025,5.0,2025-04-13,Bradley,Hill,St Kilda,HFFL,6,381,1,13,2,0,3,0,77,17
2025,5.0,2025-04-13,Lachie,Whitfield,Greater Western Sydney,HBFL,4,412,4,13,3,1,4,0,79,19
2025,5.0,2025-04-13,Jack,Macrae,St Kilda,RR,3,129,2,14,3,5,8,1,65,11
2025,5.0,2025-04-13,Jake,Stringer,Greater Western Sydney,CHF,5,266,1,14,1,1,1,1,63,5
2025,5.0,2025-04-13,Jimmy,Webster,St Kilda,BPR,2,42,3,4,1,0,3,0,71,5
2025,5.0,2025-04-13,Josh,Kelly,Greater Western Sydney,RR,10,260,5,17,5,0,13,2,50,14
2025,5.0,2025-04-13,Zak,Jones,St Kilda,C,2,124,3,9,3,0,3,0,62,8
2025,5.0,2025-04-13,Mason,Wood,St Kilda,WL,5,377,1,13,4,0,2,0,63,10
2025,5.0,2025-04-13,Jesse,Hogan,Greater Western Sydney,FF,4,112,0,3,1,0,2,1,71,5
2025,5.0,2025-04-13,Jack,Sinclair,St Kilda,HBFR,4,542,3,16,6,1,6,0,77,20
2025,5.0,2025-04-13,Jack,Steele,St Kilda,INT,4,383,2,16,3,1,8,1,60,12
2025,5.0,2025-04-13,Harry,Himmelberg,Greater Western Sydney,BPR,1,298,5,7,2,0,2,0,79,11
2025,5.0,2025-04-13,Rowan,Marshall,St Kilda,RK,3,182,2,9,3,1,1,1,67,8
2025,5.0,2025-04-13,Jack,Higgins,St Kilda,CHF,5,172,0,20,1,0,1,1,83,5
2025,5.0,2025-04-13,Sam,Taylor,Greater Western Sydney,FB,4,251,9,4,6,0,5,0,63,12
2025,5.0,2025-04-13,Callum,Wilkie,St Kilda,FB,3,236,8,3,1,0,2,0,89,16
2025,5.0,2025-04-13,Liam,Stocker,St Kilda,INT,2,278,4,6,1,0,2,0,73,11
2025,5.0,2025-04-13,Connor,Idun,Greater Western Sydney,BPL,2,164,7,6,2,1,5,0,89,16
2025,5.0,2025-04-13,Tom,Green,Greater Western Sydney,R,9,375,4,26,5,1,10,0,68,19
2025,5.0,2025-04-13,Toby,Bedford,Greater Western Sydney,HFFR,3,60,0,21,0,1,1,1,100,8
2025,5.0,2025-04-13,Lachie,Ash,Greater Western Sydney,HBFR,4,563,5,8,6,0,4,0,94,31
2025,5.0,2025-04-13,Ryan,Byrnes,St Kilda,BPL,6,430,8,6,3,0,3,0,74,17
2025,5.0,2025-04-13,Jake,Riccardi,Greater Western Sydney,INT,3,103,0,9,4,1,4,0,36,4
2025,5.0,2025-04-13,Jack,Buckley,Greater Western Sydney,CHB,2,80,7,8,0,0,2,0,100,13
2025,5.0,2025-04-13,Conor,Stone,Greater Western Sydney,INT,2,108,2,3,0,0,0,0,92,11
2025,5.0,2025-04-13,Kieren,Briggs,Greater Western Sydney,RK,2,216,4,9,3,2,3,0,75,9
2025,5.0,2025-04-13,Callum,Brown,Greater Western Sydney,INT,5,284,3,5,3,0,4,1,79,11
2025,5.0,2025-04-13,Cooper,Sharman,St Kilda,FPL,8,195,2,7,3,0,2,1,69,9
2025,5.0,2025-04-13,Mitch,Owens,St Kilda,HFFR,1,172,4,8,7,2,8,0,42,5
2025,5.0,2025-04-13,Nasiah,Wanganeen-Milera,St Kilda,CHB,7,673,3,12,4,2,6,0,71,17
2025,5.0,2025-04-13,Marcus,Windhager,St Kilda,WR,5,291,4,25,4,3,7,0,76,19
2025,5.0,2025-04-13,Finn,Callaghan,Greater Western Sydney,C,5,350,2,12,8,2,4,0,75,18
2025,5.0,2025-04-13,Jacob,Wehr,Greater Western Sydney,INT,7,478,5,15,4,0,4,0,70,14
2025,5.0,2025-04-13,Anthony,Caminiti,St Kilda,FF,1,138,5,5,0,0,2,0,70,7
2025,5.0,2025-04-13,Aaron,Cadman,Greater Western Sydney,FPR,7,196,0,10,2,0,2,2,56,5
2025,5.0,2025-04-13,Toby,McMullin,Greater Western Sydney,SUB,2,153,0,5,1,0,0,0,60,3
2025,5.0,2025-04-13,Harvey,Thomas,Greater Western Sydney,WL,7,166,0,15,0,1,3,1,85,11
2025,5.0,2025-04-13,Lance,Collard,St Kilda,INT,1,34,0,8,1,0,1,0,67,2
2025,5.0,2025-04-13,Darcy,Wilson,St Kilda,FPR,4,349,2,14,5,0,2,1,77,10
2025,5.0,2025-04-13,Angus,Hastie,St Kilda,SUB,2,175,1,7,2,0,1,0,57,4
2025,5.0,2025-04-13,Hugo,Garcia,St Kilda,R,5,256,2,19,4,1,8,0,74,17
2025,5.0,2025-04-13,Darcy,Jones,Greater Western Sydney,HFFL,6,273,1,23,1,0,3,1,69,9
2025,5.0,2025-04-13,Max,Hall,St Kilda,INT,6,284,2,10,4,0,3,0,65,11
2025,5.0,2025-04-13,Tobie,Travaglia,St Kilda,HBFL,1,34,1,12,2,0,0,0,88,7
2025,5.0,2025-04-13,Travis,Boak,Port Adelaide,WR,5,260,6,10,0,1,5,0,80,16
2025,5.0,2025-04-13,Jack,Gunston,Hawthorn,FPL,8,333,0,13,6,0,5,1,67,10
2025,5.0,2025-04-13,Luke,Breust,Hawthorn,SUB,4,116,1,6,0,0,3,0,75,6
2025,5.0,2025-04-13,Ollie,Wines,Port Adelaide,INT,3,222,1,17,4,1,8,0,54,14
2025,5.0,2025-04-13,Jarman,Impey,Hawthorn,CHB,1,178,3,20,4,0,3,0,50,5
2025,5.0,2025-04-13,James,Sicily,Hawthorn,BPR,5,350,7,7,2,0,3,1,70,14
2025,5.0,2025-04-13,Karl,Amon,Hawthorn,WL,2,616,1,16,4,0,1,0,86,18
2025,5.0,2025-04-13,Tom,Barrass,Hawthorn,BPL,2,365,9,6,4,0,4,0,85,11
2025,5.0,2025-04-13,Aliir,Aliir,Port Adelaide,FB,2,129,8,6,1,0,3,0,85,11
2025,5.0,2025-04-13,Blake,Hardwick,Hawthorn,FB,3,171,0,11,1,0,0,1,71,5
2025,5.0,2025-04-13,Mabior,Chol,Hawthorn,FF,4,137,0,9,0,1,1,0,100,5
2025,5.0,2025-04-13,Sam,Powell-Pepper,Port Adelaide,FPL,7,253,0,17,1,0,5,3,75,9
2025,5.0,2025-04-13,Josh,Battle,Hawthorn,HBFL,2,242,5,13,3,0,4,0,68,13
2025,5.0,2025-04-13,Harry,Morrison,Hawthorn,HFFL,2,215,4,14,4,0,6,0,69,11
2025,5.0,2025-04-13,Esava,Ratugolea,Port Adelaide,BPL,0,159,8,6,2,0,3,0,89,8
2025,5.0,2025-04-13,Willie,Rioli,Port Adelaide,HFFR,8,206,3,8,4,0,3,1,77,10
2025,5.0,2025-04-13,James,Worpel,Hawthorn,R,5,454,2,14,3,2,8,0,74,17
2025,5.0,2025-04-13,Kane,Farrell,Port Adelaide,HBFR,5,516,3,14,2,0,2,1,72,13
2025,5.0,2025-04-13,Conor,Nash,Hawthorn,C,0,54,0,15,1,1,2,0,50,2
2025,5.0,2025-04-13,Zak,Butters,Port Adelaide,RR,11,422,6,22,4,2,16,1,76,25
2025,5.0,2025-04-13,Willem,Drew,Port Adelaide,C,6,364,4,33,2,4,11,1,73,19
2025,5.0,2025-04-13,Connor,Rozee,Port Adelaide,WL,5,546,8,11,5,0,6,0,68,19
2025,5.0,2025-04-13,Dylan,Moore,Hawthorn,FPR,7,319,0,27,1,3,10,2,68,15
2025,5.0,2025-04-13,Changkuoth,Jiath,Hawthorn,INT,0,190,9,12,1,2,7,0,77,13
2025,5.0,2025-04-13,Mitch,Georgiades,Port Adelaide,FF,8,365,0,6,3,0,2,1,57,8
2025,5.0,2025-04-13,Finn,Maginness,Hawthorn,INT,5,92,2,25,6,0,5,1,42,5
2025,5.0,2025-04-13,Lloyd,Meek,Hawthorn,RK,6,151,3,18,2,3,6,0,85,11
2025,5.0,2025-04-13,Miles,Bergman,Port Adelaide,HBFL,4,317,2,7,3,0,0,0,57,4
2025,5.0,2025-04-13,Lachie,Jones,Port Adelaide,BPR,2,200,7,5,1,0,6,0,87,13
2025,5.0,2025-04-13,Jordon,Sweet,Port Adelaide,RK,8,145,1,24,2,2,3,1,50,6
2025,5.0,2025-04-13,Jai,Newcombe,Hawthorn,RR,7,426,2,19,4,5,7,1,69,20
2025,5.0,2025-04-13,Jack,Ginnivan,Hawthorn,HFFR,3,187,2,8,2,0,2,1,83,10
2025,5.0,2025-04-13,Jackson,Mead,Port Adelaide,CHF,4,290,0,12,2,0,3,1,64,9
2025,5.0,2025-04-13,Josh,Ward,Hawthorn,INT,1,378,2,19,4,0,5,0,61,11
2025,5.0,2025-04-13,Jason,Horne-Francis,Port Adelaide,R,5,637,1,17,5,2,10,1,76,22
2025,5.0,2025-04-13,Josh,Sinn,Port Adelaide,INT,2,287,2,7,2,0,2,0,92,11
2025,5.0,2025-04-13,Massimo,D'Ambrosio,Hawthorn,WR,2,328,3,13,6,1,5,0,53,10
2025,5.0,2025-04-13,Jase,Burgoyne,Port Adelaide,CHB,5,422,5,10,6,0,3,2,70,16
2025,5.0,2025-04-13,Cam,Mackenzie,Hawthorn,INT,4,364,2,23,4,1,5,0,78,14
2025,5.0,2025-04-13,Ollie,Lord,Port Adelaide,FPR,5,124,0,5,3,0,3,0,56,5
2025,5.0,2025-04-13,Josh,Weddle,Hawthorn,HBFR,5,379,5,9,3,0,5,0,72,13
2025,5.0,2025-04-13,Nick,Watson,Hawthorn,CHF,2,201,2,13,2,0,3,1,33,3
2025,5.0,2025-04-13,Joe,Richards,Port Adelaide,HFFL,5,240,0,14,3,0,5,1,81,13
2025,5.0,2025-04-13,Joe,Berry,Port Adelaide,SUB,0,43,0,9,1,1,1,0,50,1
2025,5.0,2025-04-13,Christian,Moraes,Port Adelaide,INT,2,196,2,16,4,1,1,0,75,9
2025,5.0,2025-04-13,Tom,Cochrane,Port Adelaide,INT,3,170,1,14,3,0,3,1,64,7
2025,6.0,2025-04-17,Scott,Pendlebury,Collingwood,INT,7,247,0,14,2,3,3,0,81,17
2025,6.0,2025-04-17,Steele,Sidebottom,Collingwood,C,4,487,3,14,2,1,7,0,69,18
2025,6.0,2025-04-17,Ryan,Lester,Brisbane Lions,BPR,1,221,1,7,0,0,1,0,92,12
2025,6.0,2025-04-17,Sam,Day,Brisbane Lions,INT,3,129,0,4,3,0,1,0,79,11
2025,6.0,2025-04-17,Jeremy,Howe,Collingwood,BPR,3,365,4,4,1,0,1,0,100,16
2025,6.0,2025-04-17,Will,Hoskin-Elliott,Collingwood,INT,3,152,1,11,0,0,2,2,67,6
2025,6.0,2025-04-17,Lachie,Neale,Brisbane Lions,R,4,211,2,18,3,2,10,0,72,18
2025,6.0,2025-04-17,Jack,Crisp,Collingwood,WL,7,414,7,15,6,1,5,0,65,13
2025,6.0,2025-04-17,Dayne,Zorko,Brisbane Lions,BPL,7,495,4,9,5,0,2,0,75,15
2025,6.0,2025-04-17,Jamie,Elliott,Collingwood,FPR,9,200,0,11,2,0,2,0,69,9
2025,6.0,2025-04-17,Charlie,Cameron,Brisbane Lions,HFFL,3,217,1,11,3,0,3,0,50,5
2025,6.0,2025-04-17,Daniel,McStay,Collingwood,FF,6,84,0,4,1,0,1,0,75,6
2025,6.0,2025-04-17,Jordan,De Goey,Collingwood,HFFR,8,219,0,5,1,0,0,0,67,8
2025,6.0,2025-04-17,Harris,Andrews,Brisbane Lions,CHB,3,235,4,6,0,0,1,0,93,13
2025,6.0,2025-04-17,Brayden,Maynard,Collingwood,BPL,3,239,3,7,2,0,1,0,87,13
2025,6.0,2025-04-17,Darcy,Moore,Collingwood,CHB,0,35,3,2,1,0,1,0,75,3
2025,6.0,2025-04-17,Callum,Ah Chee,Brisbane Lions,FPR,4,29,2,8,0,0,2,0,67,4
2025,6.0,2025-04-17,Josh,Dunkley,Brisbane Lions,RR,5,258,0,17,2,1,3,0,67,14
2025,6.0,2025-04-17,Mason,Cox,Collingwood,CHF,5,75,0,10,1,0,0,0,63,5
2025,6.0,2025-04-17,Eric,Hipwood,Brisbane Lions,CHF,6,319,1,5,4,0,3,2,62,8
2025,6.0,2025-04-17,Jarrod,Berry,Brisbane Lions,WR,6,233,1,20,2,1,3,1,67,12
2025,6.0,2025-04-17,Hugh,McCluggage,Brisbane Lions,HFFR,4,212,2,24,3,1,6,0,75,15
2025,6.0,2025-04-17,Harry,Perryman,Collingwood,HBFR,2,221,2,11,3,0,1,0,78,7
2025,6.0,2025-04-17,Josh,Daicos,Collingwood,HBFL,6,599,4,6,3,0,4,0,90,27
2025,6.0,2025-04-17,Patrick,Lipinski,Collingwood,WR,4,89,1,8,1,1,5,0,89,16
2025,6.0,2025-04-17,Cam,Rayner,Brisbane Lions,FPL,4,145,0,7,0,0,0,0,78,7
2025,6.0,2025-04-17,Zac,Bailey,Brisbane Lions,C,7,262,2,10,2,1,4,1,70,7
2025,6.0,2025-04-17,Oscar,McInerney,Brisbane Lions,RK,6,257,2,8,3,2,3,0,54,7
2025,6.0,2025-04-17,Brody,Mihocek,Collingwood,INT,4,331,1,11,6,0,1,1,70,7
2025,6.0,2025-04-17,Darcy,Cameron,Collingwood,RK,4,195,5,7,1,2,2,0,71,10
2025,6.0,2025-04-17,Billy,Frampton,Collingwood,FB,0,118,3,5,2,0,0,0,100,5
2025,6.0,2025-04-17,Noah,Answerth,Brisbane Lions,HBFL,3,222,2,10,0,0,1,0,100,13
2025,6.0,2025-04-17,Isaac,Quaynor,Collingwood,INT,3,122,5,11,1,0,3,0,90,9
2025,6.0,2025-04-17,Bobby,Hill,Collingwood,HFFL,4,172,0,8,1,0,4,0,63,5
2025,6.0,2025-04-17,Jack,Payne,Brisbane Lions,FB,3,150,7,1,0,0,1,0,100,12
2025,6.0,2025-04-17,Beau,McCreery,Collingwood,FPL,8,285,1,21,0,0,1,0,100,11
2025,6.0,2025-04-17,Nick,Daicos,Collingwood,R,12,645,2,9,5,4,5,0,76,29
2025,6.0,2025-04-17,James,Tunstill,Brisbane Lions,INT,5,255,2,13,1,0,1,0,93,14
2025,6.0,2025-04-17,Ned,Long,Collingwood,RR,5,203,1,22,1,1,3,1,67,14
2025,6.0,2025-04-17,Darcy,Wilmot,Brisbane Lions,HBFR,4,282,5,10,3,0,2,0,87,13
2025,6.0,2025-04-17,Will,Ashcroft,Brisbane Lions,WL,4,79,0,17,1,1,3,1,69,9
2025,6.0,2025-04-17,Jaspa,Fletcher,Brisbane Lions,INT,3,377,6,8,3,0,7,0,78,14
2025,6.0,2025-04-17,Logan,Morris,Brisbane Lions,FF,4,106,0,7,1,0,2,0,80,8
2025,6.0,2025-04-17,Edward,Allan,Collingwood,SUB,1,56,0,2,1,2,2,0,71,5
2025,6.0,2025-04-17,Levi,Ashcroft,Brisbane Lions,INT,7,127,0,5,2,0,3,0,84,16
2025,6.0,2025-04-17,Sam,Marshall,Brisbane Lions,SUB,1,138,1,2,3,0,2,0,50,3
2025,6.0,2025-04-18,Jack,Darling,North Melbourne,FF,1,115,0,6,2,0,2,2,50,3
2025,6.0,2025-04-18,Luke,Parker,North Melbourne,INT,7,370,1,13,2,2,8,0,57,13
2025,6.0,2025-04-18,Nick,Haynes,Carlton,BPR,2,197,4,13,0,0,1,0,92,11
2025,6.0,2025-04-18,Zac,Williams,Carlton,FPR,5,234,0,12,3,0,5,1,57,8
2025,6.0,2025-04-18,Aidan,Corr,North Melbourne,FB,2,394,4,9,1,0,4,0,89,16
2025,6.0,2025-04-18,Luke,McDonald,North Melbourne,HBFL,0,254,4,12,0,0,1,0,77,10
2025,6.0,2025-04-18,Patrick,Cripps,Carlton,C,6,106,1,15,5,2,4,3,59,10
2025,6.0,2025-04-18,Blake,Acres,Carlton,INT,6,318,1,13,4,1,4,0,73,16
2025,6.0,2025-04-18,Adam,Saad,Carlton,HBFL,6,284,1,9,0,0,0,0,86,12
2025,6.0,2025-04-18,Caleb,Daniel,North Melbourne,CHB,2,326,3,10,3,0,3,0,83,20
2025,6.0,2025-04-18,Jacob,Weitering,Carlton,FB,2,333,7,1,2,0,2,0,85,11
2025,6.0,2025-04-18,Mitch,McGovern,Carlton,CHB,2,323,7,8,3,0,5,0,72,13
2025,6.0,2025-04-18,George,Hewett,Carlton,RR,8,417,2,15,3,7,13,2,82,28
2025,6.0,2025-04-18,Charlie,Curnow,Carlton,FF,11,231,2,9,3,0,5,2,67,10
2025,6.0,2025-04-18,Darcy,Tucker,North Melbourne,HBFR,4,122,2,19,0,0,2,0,87,13
2025,6.0,2025-04-18,Jack,Silvagni,Carlton,BPL,4,427,7,6,3,0,1,0,72,13
2025,6.0,2025-04-18,Jy,Simpkin,North Melbourne,R,6,226,2,16,3,0,3,0,80,16
2025,6.0,2025-04-18,Griffin,Logue,North Melbourne,BPR,1,54,5,9,1,0,6,0,89,8
2025,6.0,2025-04-18,Zac,Fisher,North Melbourne,INT,3,233,3,2,1,0,4,0,70,7
2025,6.0,2025-04-18,Cameron,Zurhaar,North Melbourne,FPL,3,365,0,6,5,0,3,0,64,7
2025,6.0,2025-04-18,Lewis,Young,Carlton,CHF,5,247,3,15,3,0,6,1,77,13
2025,6.0,2025-04-18,Nick,Larkey,North Melbourne,CHF,5,31,0,8,0,0,2,2,71,5
2025,6.0,2025-04-18,Luke,Davies-Uniacke,North Melbourne,RR,3,254,4,16,5,2,7,0,68,17
2025,6.0,2025-04-18,Lachie,Fogarty,Carlton,INT,3,143,4,11,2,0,4,2,57,8
2025,6.0,2025-04-18,Adam,Cerra,Carlton,R,9,555,1,17,6,4,8,1,64,18
2025,6.0,2025-04-18,Tom,De Koning,Carlton,RK,7,195,1,9,1,3,3,0,64,7
2025,6.0,2025-04-18,Sam,Walsh,Carlton,HFFL,4,286,4,24,3,1,11,1,68,15
2025,6.0,2025-04-18,Tristan,Xerri,North Melbourne,RK,6,66,1,14,1,1,3,0,71,10
2025,6.0,2025-04-18,Dylan,Stephens,North Melbourne,FPR,2,349,1,19,6,0,1,0,67,14
2025,6.0,2025-04-18,Matthew,Cottrell,Carlton,WR,6,421,5,6,1,0,6,0,75,15
2025,6.0,2025-04-18,Tom,Powell,North Melbourne,C,5,111,0,20,1,0,2,0,84,16
2025,6.0,2025-04-18,Corey,Durdin,Carlton,HFFR,5,150,1,13,0,0,2,4,73,8
2025,6.0,2025-04-18,Charlie,Comben,North Melbourne,BPL,3,298,7,8,4,0,2,0,67,10
2025,6.0,2025-04-18,Paul,Curtis,North Melbourne,HFFL,7,364,0,7,1,0,3,2,58,7
2025,6.0,2025-04-18,Jesse,Motlop,Carlton,FPL,6,223,2,29,3,1,2,3,69,9
2025,6.0,2025-04-18,Elijah,Hollands,Carlton,WL,0,159,2,13,0,0,2,0,70,7
2025,6.0,2025-04-18,Oliver,Hollands,Carlton,HBFR,1,80,5,16,3,0,4,0,71,10
2025,6.0,2025-04-18,Harry,Sheezel,North Melbourne,HFFR,6,264,3,19,6,3,7,1,78,25
2025,6.0,2025-04-18,George,Wardlaw,North Melbourne,INT,5,381,3,13,8,2,8,0,62,13
2025,6.0,2025-04-18,Zane,Duursma,North Melbourne,SUB,1,77,0,8,1,0,1,0,80,4
2025,6.0,2025-04-18,Colby,McKercher,North Melbourne,WR,3,196,3,12,5,0,5,0,75,12
2025,6.0,2025-04-18,Cooper,Lord,Carlton,SUB,5,112,1,6,0,1,1,1,83,5
2025,6.0,2025-04-18,Jacob,Konstanty,North Melbourne,INT,1,21,1,14,3,0,2,1,75,3
2025,6.0,2025-04-18,Finn,O'Sullivan,North Melbourne,WL,0,82,5,8,3,0,3,0,80,8
2025,6.0,2025-04-18,Will,White,Carlton,INT,8,199,0,18,2,0,3,2,75,9
2025,6.0,2025-04-18,Matthew,Carroll,Carlton,INT,5,310,2,4,2,0,3,0,86,12
2025,6.0,2025-04-18,Jamie,Cripps,West Coast,HFFR,4,262,2,14,3,0,2,3,67,8
2025,6.0,2025-04-18,Dylan,Shiel,Essendon,C,7,336,1,11,6,4,6,0,61,14
2025,6.0,2025-04-18,Zach,Merrett,Essendon,RR,5,273,2,17,4,4,12,0,81,21
2025,6.0,2025-04-18,Jeremy,McGovern,West Coast,CHB,4,464,9,7,4,0,4,0,83,19
2025,6.0,2025-04-18,Liam,Duggan,West Coast,HBFL,2,167,3,10,1,0,2,1,86,12
2025,6.0,2025-04-18,Peter,Wright,Essendon,FF,9,281,0,13,2,0,3,1,82,14
2025,6.0,2025-04-18,Jade,Gresham,Essendon,HFFL,2,3,1,9,0,0,4,0,40,2
2025,6.0,2025-04-18,Jayden,Hunt,West Coast,INT,4,372,3,12,3,0,3,0,65,11
2025,6.0,2025-04-18,Mason,Redman,Essendon,HBFL,3,455,7,4,5,0,6,0,78,14
2025,6.0,2025-04-18,Andrew,McGrath,Essendon,BPL,6,472,4,5,6,0,5,0,72,18
2025,6.0,2025-04-18,Will,Setterfield,Essendon,WL,3,432,1,15,5,3,2,1,60,12
2025,6.0,2025-04-18,Jack,Graham,West Coast,C,2,95,5,18,5,0,8,0,67,16
2025,6.0,2025-04-18,Ben,McKay,Essendon,FB,0,76,4,3,1,0,2,0,88,7
2025,6.0,2025-04-18,Tim,Kelly,West Coast,RR,2,433,1,23,7,1,4,0,64,14
2025,6.0,2025-04-18,Liam,Ryan,West Coast,HFFL,6,200,2,12,2,0,1,0,55,6
2025,6.0,2025-04-18,Jake,Waterman,West Coast,CHF,8,355,1,0,1,0,1,0,92,12
2025,6.0,2025-04-18,Jordan,Ridley,Essendon,BPR,2,396,3,1,3,0,0,0,88,14
2025,6.0,2025-04-18,Liam,Baker,West Coast,HBFR,2,399,7,6,7,0,8,0,50,11
2025,6.0,2025-04-18,Xavier,Duursma,Essendon,INT,1,380,3,14,7,0,5,0,63,15
2025,6.0,2025-04-18,Sam,Draper,Essendon,RK,4,163,6,6,3,0,0,0,86,12
2025,6.0,2025-04-18,Harry,Edwards,West Coast,FB,1,167,2,5,3,0,1,0,63,5
2025,6.0,2025-04-18,Matthew,Owies,West Coast,FPR,4,170,1,15,0,0,2,2,63,5
2025,6.0,2025-04-18,Harrison,Jones,Essendon,FPL,2,185,2,12,5,0,2,1,56,5
2025,6.0,2025-04-18,Matt,Flynn,West Coast,RK,4,447,5,10,3,1,2,0,68,13
2025,6.0,2025-04-18,Jaxon,Prior,Essendon,HBFR,4,420,5,7,2,0,1,0,83,15
2025,6.0,2025-04-18,Archie,Perkins,Essendon,INT,6,260,0,5,3,0,2,1,75,9
2025,6.0,2025-04-18,Zach,Reid,Essendon,CHB,3,96,3,6,2,0,1,0,75,6
2025,6.0,2025-04-18,Sam,Durham,Essendon,R,3,198,2,14,5,1,6,0,74,14
2025,6.0,2025-04-18,Nic,Martin,Essendon,HFFR,7,282,9,16,2,0,5,0,85,22
2025,6.0,2025-04-18,Brady,Hough,West Coast,BPR,3,185,3,11,3,0,3,0,71,10
2025,6.0,2025-04-18,Jack,Williams,West Coast,INT,5,138,0,9,3,0,6,0,67,10
2025,6.0,2025-04-18,Ben,Hobbs,Essendon,INT,3,148,2,19,3,0,4,0,73,11
2025,6.0,2025-04-18,Jye,Menzie,Essendon,INT,4,199,0,7,2,0,1,0,50,5
2025,6.0,2025-04-18,Reuben,Ginbey,West Coast,BPL,1,22,6,5,2,0,4,0,75,6
2025,6.0,2025-04-18,Elijah,Hewett,West Coast,INT,5,363,1,11,3,3,7,0,73,16
2025,6.0,2025-04-18,Ryan,Maric,West Coast,FPL,4,384,3,7,2,0,3,0,85,17
2025,6.0,2025-04-18,Harley,Reid,West Coast,R,4,282,2,17,2,0,3,0,77,13
2025,6.0,2025-04-18,Tyrell,Dewar,West Coast,WR,0,97,2,6,1,0,1,0,60,3
2025,6.0,2025-04-18,Nate,Caddy,Essendon,CHF,3,74,0,10,0,0,2,0,88,7
2025,6.0,2025-04-18,Jack,Hutchinson,West Coast,WL,4,210,2,13,3,2,5,0,67,6
2025,6.0,2025-04-18,Archie,Roberts,Essendon,WR,2,84,6,8,2,0,6,0,77,13
2025,6.0,2025-04-18,Isaac,Kako,Essendon,FPR,3,48,1,23,1,0,1,0,78,7
2025,6.0,2025-04-18,Archer,Reid,West Coast,FF,3,74,3,11,0,0,2,4,100,6
2025,6.0,2025-04-18,Saad,El-Hawli,Essendon,SUB,0,12,1,5,0,0,1,0,100,1
2025,6.0,2025-04-18,Hamish,Davis,West Coast,INT,5,252,6,10,5,0,6,0,60,9
2025,6.0,2025-04-18,Tom,Gross,West Coast,SUB,1,-5,0,2,0,0,0,0,100,2
2025,6.0,2025-04-19,Jake,Melksham,Melbourne,INT,7,243,0,5,2,0,3,2,62,8
2025,6.0,2025-04-19,Max,Gawn,Melbourne,RK,12,144,6,5,2,7,5,0,64,18
2025,6.0,2025-04-19,Tom,McDonald,Melbourne,BPR,3,305,4,4,3,0,4,0,89,16
2025,6.0,2025-04-19,Jaeger,O'Meara,Fremantle,WR,6,242,2,13,2,1,4,1,87,13
2025,6.0,2025-04-19,Jack,Viney,Melbourne,C,7,458,3,25,6,2,7,4,76,19
2025,6.0,2025-04-19,James,Aish,Fremantle,HBFL,3,299,3,2,3,0,1,0,86,12
2025,6.0,2025-04-19,Christian,Salem,Melbourne,INT,4,398,3,7,4,0,1,0,87,20
2025,6.0,2025-04-19,Alex,Pearce,Fremantle,FB,5,139,7,9,2,0,6,0,83,10
2025,6.0,2025-04-19,Ed,Langdon,Melbourne,WR,6,294,4,10,4,0,4,0,73,16
2025,6.0,2025-04-19,Oscar,McDonald,Fremantle,FPL,4,177,0,8,3,0,0,1,100,9
2025,6.0,2025-04-19,Clayton,Oliver,Melbourne,INT,5,81,4,23,4,2,8,1,72,18
2025,6.0,2025-04-19,Christian,Petracca,Melbourne,RR,8,529,0,13,6,4,7,3,64,16
2025,6.0,2025-04-19,Shai,Bolton,Fremantle,HFFR,12,535,2,12,3,0,4,0,80,16
2025,6.0,2025-04-19,Luke,Ryan,Fremantle,BPL,3,439,6,12,3,0,2,0,82,14
2025,6.0,2025-04-19,Brennan,Cox,Fremantle,BPR,2,176,5,5,1,0,1,0,71,5
2025,6.0,2025-04-19,Sean,Darcy,Fremantle,RK,5,39,2,10,0,0,2,0,100,4
2025,6.0,2025-04-19,Bailey,Banfield,Fremantle,INT,2,77,2,6,2,0,2,0,100,5
2025,6.0,2025-04-19,Andrew,Brayshaw,Fremantle,R,10,457,4,26,6,4,12,0,82,27
2025,6.0,2025-04-19,Charlie,Spargo,Melbourne,FPR,7,361,0,14,3,0,6,3,63,12
2025,6.0,2025-04-19,Harrison,Petty,Melbourne,FB,6,157,1,11,1,0,1,2,80,8
2025,6.0,2025-04-19,Sam,Switkowski,Fremantle,CHF,10,116,2,9,1,0,3,0,75,12
2025,6.0,2025-04-19,Jordan,Clark,Fremantle,HBFR,5,428,8,13,5,0,5,0,64,14
2025,6.0,2025-04-19,Tom,Sparrow,Melbourne,HFFL,5,146,1,15,0,0,4,3,85,11
2025,6.0,2025-04-19,Kade,Chandler,Melbourne,INT,4,162,1,10,1,0,3,0,89,8
2025,6.0,2025-04-19,Kysaiah,Pickett,Melbourne,HFFR,10,475,2,10,3,1,6,2,79,19
2025,6.0,2025-04-19,Hayden,Young,Fremantle,INT,5,484,3,11,4,2,6,0,68,17
2025,6.0,2025-04-19,Trent,Rivers,Melbourne,HBFR,5,472,5,10,3,0,3,0,89,23
2025,6.0,2025-04-19,Caleb,Serong,Fremantle,RR,7,345,2,22,6,3,12,0,63,17
2025,6.0,2025-04-19,Michael,Frederick,Fremantle,HFFL,5,127,2,14,0,0,2,0,75,6
2025,6.0,2025-04-19,Jeremy,Sharp,Fremantle,WL,6,382,2,10,1,0,4,0,72,13
2025,6.0,2025-04-19,Tom,Fullarton,Melbourne,CHF,3,52,0,7,2,0,2,0,67,4
2025,6.0,2025-04-19,Harry,Sharp,Melbourne,SUB,1,-4,1,11,1,0,2,3,67,2
2025,6.0,2025-04-19,Josh,Treacy,Fremantle,FF,5,124,0,10,1,0,1,0,67,4
2025,6.0,2025-04-19,Jake,Bowey,Melbourne,BPL,4,649,4,15,3,2,5,1,90,26
2025,6.0,2025-04-19,Jye,Amiss,Fremantle,FPR,8,189,0,6,1,0,1,2,75,6
2025,6.0,2025-04-19,Daniel,Turner,Melbourne,FF,2,63,4,2,0,0,1,0,80,4
2025,6.0,2025-04-19,Matthew,Johnson,Fremantle,C,5,45,2,15,2,1,7,0,92,12
2025,6.0,2025-04-19,Karl,Worner,Fremantle,INT,2,286,2,9,3,0,0,0,100,15
2025,6.0,2025-04-19,Blake,Howes,Melbourne,CHB,2,167,2,4,1,0,2,0,100,14
2025,6.0,2025-04-19,Caleb,Windsor,Melbourne,WL,1,273,2,10,2,1,4,0,81,13
2025,6.0,2025-04-19,Joshua,Draper,Fremantle,CHB,1,146,3,7,1,0,5,0,70,7
2025,6.0,2025-04-19,Koltyn,Tholstrup,Melbourne,FPL,3,122,0,10,0,0,1,2,100,6
2025,6.0,2025-04-19,Murphy,Reid,Fremantle,INT,8,418,0,12,3,0,3,0,71,12
2025,6.0,2025-04-19,Harvey,Langford,Melbourne,R,6,432,2,14,4,0,5,1,77,13
2025,6.0,2025-04-19,Xavier,Lindsay,Melbourne,HBFL,1,128,4,10,3,1,4,0,75,12
2025,6.0,2025-04-19,Isaiah,Dudley,Fremantle,SUB,3,122,0,5,0,0,0,0,80,4
2025,6.0,2025-04-19,Callan,Ward,Greater Western Sydney,WR,4,228,3,11,3,0,3,0,67,8
2025,6.0,2025-04-19,Taylor,Walker,Adelaide,FF,6,240,2,12,4,0,9,1,71,12
2025,6.0,2025-04-19,Toby,Greene,Greater Western Sydney,FPL,3,267,0,8,8,0,3,1,46,6
2025,6.0,2025-04-19,Lachie,Whitfield,Greater Western Sydney,HBFL,3,735,8,12,6,0,6,0,80,31
2025,6.0,2025-04-19,Rory,Laird,Adelaide,BPR,4,219,8,11,4,0,6,0,81,17
2025,6.0,2025-04-19,Jake,Stringer,Greater Western Sydney,CHF,8,342,2,12,4,0,5,2,46,6
2025,6.0,2025-04-19,Josh,Kelly,Greater Western Sydney,INT,3,371,2,20,4,0,3,1,71,12
2025,6.0,2025-04-19,Matt,Crouch,Adelaide,R,2,111,2,15,2,1,7,0,81,21
2025,6.0,2025-04-19,Alex,Neal-Bullen,Adelaide,FPR,2,266,2,24,5,0,8,0,85,17
2025,6.0,2025-04-19,Wayne,Milera,Adelaide,HBFL,3,374,6,2,5,0,6,0,56,9
2025,6.0,2025-04-19,Ben,Keays,Adelaide,HFFL,6,378,2,22,4,0,4,4,61,11
2025,6.0,2025-04-19,Harry,Himmelberg,Greater Western Sydney,BPR,3,269,3,7,4,0,2,0,78,14
2025,6.0,2025-04-19,Reilly,O'Brien,Adelaide,RK,2,188,7,10,6,0,3,0,35,6
2025,6.0,2025-04-19,Jordan,Dawson,Adelaide,C,5,620,5,20,8,2,8,1,52,14
2025,6.0,2025-04-19,Darcy,Fogarty,Adelaide,FPL,2,142,0,4,3,0,0,0,63,5
2025,6.0,2025-04-19,Isaac,Cumming,Adelaide,WL,4,169,3,10,2,1,2,0,71,10
2025,6.0,2025-04-19,Sam,Taylor,Greater Western Sydney,FB,2,-2,10,6,0,0,4,0,95,19
2025,6.0,2025-04-19,Mitchell,Hinge,Adelaide,INT,1,540,9,3,2,0,2,0,84,16
2025,6.0,2025-04-19,Connor,Idun,Greater Western Sydney,BPL,4,339,13,6,1,0,7,0,96,25
2025,6.0,2025-04-19,Tom,Green,Greater Western Sydney,R,2,475,4,15,9,0,16,0,67,24
2025,6.0,2025-04-19,Toby,Bedford,Greater Western Sydney,RR,1,127,4,14,2,0,3,0,56,5
2025,6.0,2025-04-19,Lachie,Ash,Greater Western Sydney,HBFR,3,560,7,9,3,0,4,0,66,19
2025,6.0,2025-04-19,Izak,Rankine,Adelaide,HFFR,5,498,2,23,8,1,5,1,40,8
2025,6.0,2025-04-19,Mark,Keane,Adelaide,CHB,1,263,5,6,2,0,2,0,91,10
2025,6.0,2025-04-19,Xavier,O'Halloran,Greater Western Sydney,SUB,1,152,1,9,1,1,2,1,71,5
2025,6.0,2025-04-19,Jake,Riccardi,Greater Western Sydney,FF,1,102,1,9,2,1,1,0,67,4
2025,6.0,2025-04-19,Jack,Buckley,Greater Western Sydney,CHB,3,135,6,7,1,0,3,0,79,11
2025,6.0,2025-04-19,Sam,Berry,Adelaide,SUB,2,15,0,5,1,0,1,0,83,5
2025,6.0,2025-04-19,Nick,Murray,Adelaide,FB,0,203,2,2,1,0,2,0,89,8
2025,6.0,2025-04-19,Conor,Stone,Greater Western Sydney,INT,2,288,7,4,7,0,2,0,53,8
2025,6.0,2025-04-19,Riley,Thilthorpe,Adelaide,CHF,5,201,1,8,1,0,3,1,54,7
2025,6.0,2025-04-19,Kieren,Briggs,Greater Western Sydney,RK,0,101,1,9,3,1,2,0,57,4
2025,6.0,2025-04-19,Callum,Brown,Greater Western Sydney,INT,4,216,0,2,2,0,1,0,50,5
2025,6.0,2025-04-19,Josh,Worrell,Adelaide,BPL,2,280,6,8,4,0,5,0,74,14
2025,6.0,2025-04-19,Jake,Soligo,Adelaide,RR,3,429,0,8,7,2,5,0,59,13
2025,6.0,2025-04-19,Finn,Callaghan,Greater Western Sydney,C,2,522,3,17,7,0,6,0,70,19
2025,6.0,2025-04-19,Jacob,Wehr,Greater Western Sydney,WL,0,302,8,20,5,0,5,0,72,13
2025,6.0,2025-04-19,Max,Michalanney,Adelaide,HBFR,3,380,6,7,2,0,1,0,71,10
2025,6.0,2025-04-19,Aaron,Cadman,Greater Western Sydney,FPR,4,112,0,14,3,0,4,1,40,4
2025,6.0,2025-04-19,Luke,Nankervis,Adelaide,WR,3,268,6,11,7,0,4,1,72,13
2025,6.0,2025-04-19,Toby,McMullin,Greater Western Sydney,INT,2,219,2,15,2,0,4,1,87,13
2025,6.0,2025-04-19,Harvey,Thomas,Greater Western Sydney,HFFR,2,121,0,16,1,0,1,0,80,8
2025,6.0,2025-04-19,Darcy,Jones,Greater Western Sydney,HFFL,2,316,1,16,3,0,4,1,82,9
2025,6.0,2025-04-19,Daniel,Curtin,Adelaide,INT,0,210,4,15,3,0,5,0,63,5
2025,6.0,2025-04-19,Zac,Taylor,Adelaide,INT,4,127,2,16,1,0,5,0,50,5
2025,6.0,2025-04-19,Sid,Draper,Adelaide,INT,1,29,1,16,3,0,1,0,50,3
2025,6.0,2025-04-19,Tom,Lynch,Richmond,FF,3,279,0,6,5,0,1,2,64,9
2025,6.0,2025-04-19,Nick,Vlastuin,Richmond,BPL,3,661,15,8,5,0,6,0,82,22
2025,6.0,2025-04-19,Jarrod,Witts,Gold Coast,RK,7,179,2,5,1,2,4,0,75,9
2025,6.0,2025-04-19,Nick,Holman,Gold Coast,SUB,3,102,5,3,2,0,5,0,80,8
2025,6.0,2025-04-19,Kamdyn,McIntosh,Richmond,INT,3,332,1,14,4,1,5,0,65,11
2025,6.0,2025-04-19,Touk,Miller,Gold Coast,WR,9,368,1,18,4,2,8,0,67,22
2025,6.0,2025-04-19,Toby,Nankervis,Richmond,RK,4,115,3,13,1,1,3,2,70,7
2025,6.0,2025-04-19,Lachie,Weller,Gold Coast,WL,5,452,2,13,4,0,6,1,61,14
2025,6.0,2025-04-19,Daniel,Rioli,Gold Coast,HBFR,1,171,3,13,4,0,3,0,64,7
2025,6.0,2025-04-19,Jayden,Short,Richmond,CHB,4,344,3,10,2,0,3,0,69,11
2025,6.0,2025-04-19,Jacob,Hopper,Richmond,R,6,274,2,8,2,2,8,0,78,21
2025,6.0,2025-04-19,Sam,Collins,Gold Coast,FB,0,13,4,2,0,0,2,0,100,6
2025,6.0,2025-04-19,Nathan,Broad,Richmond,HBFL,2,325,5,8,3,0,2,0,87,13
2025,6.0,2025-04-19,Ben,Ainsworth,Gold Coast,CHF,5,168,4,1,3,0,6,0,77,13
2025,6.0,2025-04-19,Tim,Taranto,Richmond,RR,3,490,2,21,7,4,14,2,60,21
2025,6.0,2025-04-19,Ben,Long,Gold Coast,HFFR,7,325,0,14,4,0,2,2,46,6
2025,6.0,2025-04-19,Wil,Powell,Gold Coast,BPL,6,458,6,17,1,0,2,1,89,16
2025,6.0,2025-04-19,Noah,Balta,Richmond,FB,1,471,10,2,5,0,3,0,71,10
2025,6.0,2025-04-19,Jack,Ross,Richmond,INT,4,196,1,11,1,0,2,0,71,12
2025,6.0,2025-04-19,Ben,King,Gold Coast,FF,3,77,0,5,0,0,1,0,100,4
2025,6.0,2025-04-19,John,Noble,Gold Coast,HBFL,3,521,12,9,6,0,3,0,82,22
2025,6.0,2025-04-19,Noah,Anderson,Gold Coast,R,7,802,2,26,9,2,4,0,63,20
2025,6.0,2025-04-19,Connor,Budarick,Gold Coast,INT,1,405,4,5,6,0,4,0,65,11
2025,6.0,2025-04-19,Matt,Rowell,Gold Coast,C,7,469,1,21,6,2,8,0,79,23
2025,6.0,2025-04-19,Sam,Flanders,Gold Coast,HFFL,6,191,0,18,2,0,2,1,54,7
2025,6.0,2025-04-19,Thomson,Dow,Richmond,C,4,85,3,16,5,0,4,0,78,14
2025,6.0,2025-04-19,Hugo,Ralphsmith,Richmond,WL,3,288,0,9,2,0,3,1,91,10
2025,6.0,2025-04-19,Samson,Ryan,Richmond,INT,1,94,1,6,1,1,1,0,50,2
2025,6.0,2025-04-19,Joel,Jeffrey,Gold Coast,INT,3,326,4,12,3,0,1,0,77,10
2025,6.0,2025-04-19,Maurice,Rioli,Richmond,FPR,2,195,6,23,4,0,6,2,50,5
2025,6.0,2025-04-19,Ben,Miller,Richmond,BPR,0,156,2,2,2,0,0,0,86,6
2025,6.0,2025-04-19,Mac,Andrew,Gold Coast,CHB,1,177,9,8,3,0,3,0,80,12
2025,6.0,2025-04-19,Bodhi,Uwland,Gold Coast,BPR,0,245,3,11,3,0,3,0,75,12
2025,6.0,2025-04-19,Bailey,Humphrey,Gold Coast,FPR,3,140,2,12,1,0,4,1,71,5
2025,6.0,2025-04-19,Sam,Banks,Richmond,HBFR,2,321,2,10,5,0,1,0,80,16
2025,6.0,2025-04-19,James,Trezise,Richmond,WR,3,224,2,14,0,1,2,0,85,11
2025,6.0,2025-04-19,Tom,Brown,Richmond,INT,1,375,4,5,5,0,4,0,57,8
2025,6.0,2025-04-19,Seth,Campbell,Richmond,HFFL,6,271,3,14,3,0,4,1,80,12
2025,6.0,2025-04-19,Jed,Walter,Gold Coast,INT,3,54,1,6,1,0,1,3,67,2
2025,6.0,2025-04-19,Will,Graham,Gold Coast,RR,4,136,2,14,2,0,1,2,78,7
2025,6.0,2025-04-19,Ethan,Read,Gold Coast,FPL,1,18,0,3,0,0,0,0,0,0
2025,6.0,2025-04-19,Jake,Rogers,Gold Coast,INT,1,71,1,7,1,0,2,0,50,2
2025,6.0,2025-04-19,Steely,Green,Richmond,HFFR,4,312,1,21,3,0,3,4,27,3
2025,6.0,2025-04-19,Sam,Lalor,Richmond,CHF,6,103,1,12,1,0,7,0,75,12
2025,6.0,2025-04-19,Luke,Trainor,Richmond,SUB,0,1,0,0,0,0,0,0,100,1
2025,6.0,2025-04-19,Jonty,Faull,Richmond,FPL,3,104,0,7,1,0,3,1,50,3
2025,6.0,2025-04-20,Travis,Boak,Port Adelaide,INT,2,127,1,10,4,1,4,0,58,7
2025,6.0,2025-04-20,Dane,Rampe,Sydney,BPR,6,490,4,12,1,0,3,0,100,19
2025,6.0,2025-04-20,Ollie,Wines,Port Adelaide,INT,2,228,2,5,2,0,1,0,88,7
2025,6.0,2025-04-20,Brodie,Grundy,Sydney,RK,4,127,7,7,2,3,13,2,58,15
2025,6.0,2025-04-20,Jake,Lloyd,Sydney,WL,3,312,4,9,6,1,7,0,73,16
2025,6.0,2025-04-20,Isaac,Heeney,Sydney,C,6,260,1,15,4,3,8,1,64,14
2025,6.0,2025-04-20,Joel,Hamling,Sydney,BPL,1,60,5,5,2,0,2,0,71,5
2025,6.0,2025-04-20,Rory,Atkins,Port Adelaide,SUB,1,250,3,6,3,0,3,0,80,8
2025,6.0,2025-04-20,Darcy,Byrne-Jones,Port Adelaide,HFFL,4,201,1,17,3,1,4,1,77,10
2025,6.0,2025-04-20,Aliir,Aliir,Port Adelaide,FB,2,445,9,8,4,0,5,0,94,15
2025,6.0,2025-04-20,Aaron,Francis,Sydney,SUB,7,157,2,4,1,0,3,0,64,9
2025,6.0,2025-04-20,Oliver,Florent,Sydney,HFFL,2,182,2,14,1,0,6,0,72,13
2025,6.0,2025-04-20,Sam,Powell-Pepper,Port Adelaide,FPL,5,227,1,16,1,0,5,1,73,11
2025,6.0,2025-04-20,Will,Hayward,Sydney,FPL,5,134,1,12,2,0,6,2,89,8
2025,6.0,2025-04-20,Lewis,Melican,Sydney,FB,1,134,3,6,1,0,0,0,80,4
2025,6.0,2025-04-20,Esava,Ratugolea,Port Adelaide,BPL,0,98,5,7,1,0,0,0,100,7
2025,6.0,2025-04-20,Willie,Rioli,Port Adelaide,HFFR,8,212,1,15,1,0,3,0,71,10
2025,6.0,2025-04-20,Tom,McCartin,Sydney,FF,1,80,5,6,4,0,4,0,57,4
2025,6.0,2025-04-20,Kane,Farrell,Port Adelaide,HBFR,4,809,7,11,5,0,2,0,85,22
2025,6.0,2025-04-20,Zak,Butters,Port Adelaide,RR,6,390,8,37,4,1,10,3,85,23
2025,6.0,2025-04-20,Willem,Drew,Port Adelaide,C,6,230,0,33,2,1,1,2,56,5
2025,6.0,2025-04-20,Connor,Rozee,Port Adelaide,CHB,6,825,7,18,8,0,3,0,70,19
2025,6.0,2025-04-20,Nick,Blakey,Sydney,CHB,8,754,8,4,2,1,5,0,56,15
2025,6.0,2025-04-20,Justin,McInerney,Sydney,WR,4,199,1,11,2,1,2,2,77,13
2025,6.0,2025-04-20,James,Rowbottom,Sydney,R,7,474,4,24,5,2,4,2,78,18
2025,6.0,2025-04-20,Hayden,McLean,Sydney,CHF,8,359,3,9,4,0,1,0,56,9
2025,6.0,2025-04-20,Mitch,Georgiades,Port Adelaide,FF,4,179,1,6,2,0,2,0,89,8
2025,6.0,2025-04-20,Chad,Warner,Sydney,RR,4,561,1,11,8,1,7,1,48,10
2025,6.0,2025-04-20,Sam,Wicks,Sydney,HBFR,5,408,5,10,3,0,4,0,84,16
2025,6.0,2025-04-20,James,Jordon,Sydney,HFFR,4,102,2,12,3,0,7,0,82,14
2025,6.0,2025-04-20,Braeden,Campbell,Sydney,FPR,5,173,1,9,4,0,7,0,75,12
2025,6.0,2025-04-20,Miles,Bergman,Port Adelaide,HBFL,1,210,2,9,3,0,2,0,75,9
2025,6.0,2025-04-20,Lachie,Jones,Port Adelaide,BPR,1,220,12,18,1,0,5,0,82,9
2025,6.0,2025-04-20,Jordon,Sweet,Port Adelaide,RK,5,170,1,21,5,2,2,0,78,7
2025,6.0,2025-04-20,Jackson,Mead,Port Adelaide,CHF,3,217,2,25,3,2,2,0,67,10
2025,6.0,2025-04-20,Jason,Horne-Francis,Port Adelaide,R,6,634,2,13,4,0,3,1,60,12
2025,6.0,2025-04-20,Josh,Sinn,Port Adelaide,INT,1,263,2,8,4,0,0,0,67,6
2025,6.0,2025-04-20,Matt,Roberts,Sydney,HBFL,9,598,11,10,4,0,9,0,73,22
2025,6.0,2025-04-20,Jase,Burgoyne,Port Adelaide,WL,0,198,3,14,5,0,2,1,67,10
2025,6.0,2025-04-20,Corey,Warner,Sydney,INT,4,194,0,5,2,0,1,0,67,6
2025,6.0,2025-04-20,Ollie,Lord,Port Adelaide,FPR,2,7,0,10,4,0,3,0,50,3
2025,6.0,2025-04-20,Caiden,Cleary,Sydney,INT,2,187,0,9,5,1,5,0,54,7
2025,6.0,2025-04-20,Tom,Hanily,Sydney,INT,1,82,0,6,0,0,0,0,100,3
2025,6.0,2025-04-20,Riley,Bice,Sydney,INT,4,373,4,8,5,0,6,0,64,14
2025,6.0,2025-04-20,Christian,Moraes,Port Adelaide,WR,2,83,1,12,3,0,3,0,60,6
2025,6.0,2025-04-20,Tom,Cochrane,Port Adelaide,INT,1,104,0,14,2,0,2,1,57,4
2025,6.0,2025-04-20,Liam,Jones,Western Bulldogs,FB,3,118,3,5,2,0,2,0,83,10
2025,6.0,2025-04-20,Tom,Liberatore,Western Bulldogs,HFFR,8,434,5,27,6,1,9,1,72,21
2025,6.0,2025-04-20,Bradley,Hill,St Kilda,WL,5,441,1,10,6,0,0,0,82,14
2025,6.0,2025-04-20,Jason,Johannisen,Western Bulldogs,HBFL,7,387,4,4,4,0,4,0,84,21
2025,6.0,2025-04-20,Jack,Macrae,St Kilda,RR,4,291,3,21,4,1,8,0,79,15
2025,6.0,2025-04-20,Jimmy,Webster,St Kilda,BPR,2,146,4,14,2,0,4,0,69,11
2025,6.0,2025-04-20,Marcus,Bontempelli,Western Bulldogs,RR,12,442,1,14,2,4,9,1,87,26
2025,6.0,2025-04-20,Rory,Lobb,Western Bulldogs,CHB,6,203,2,8,4,1,3,0,71,10
2025,6.0,2025-04-20,Zak,Jones,St Kilda,SUB,1,51,3,7,3,0,2,0,73,8
2025,6.0,2025-04-20,Mason,Wood,St Kilda,WR,5,239,1,14,6,0,5,0,50,8
2025,6.0,2025-04-20,Jack,Sinclair,St Kilda,C,4,423,3,14,3,1,3,0,71,15
2025,6.0,2025-04-20,Bailey,Dale,Western Bulldogs,HBFR,11,572,4,9,4,0,4,0,81,26
2025,6.0,2025-04-20,Jack,Steele,St Kilda,R,2,148,0,23,1,0,5,0,69,11
2025,6.0,2025-04-20,Bailey,Williams,Western Bulldogs,WL,8,520,6,14,4,0,5,0,80,24
2025,6.0,2025-04-20,Matthew,Kennedy,Western Bulldogs,R,7,263,1,18,4,3,8,2,82,18
2025,6.0,2025-04-20,Tim,English,Western Bulldogs,RK,7,336,1,11,6,3,4,1,71,12
2025,6.0,2025-04-20,Rowan,Marshall,St Kilda,RK,6,124,2,5,2,4,7,0,56,9
2025,6.0,2025-04-20,Aaron,Naughton,Western Bulldogs,CHF,9,290,1,12,2,0,3,3,50,6
2025,6.0,2025-04-20,Ed,Richards,Western Bulldogs,C,8,518,4,22,2,2,7,1,83,19
2025,6.0,2025-04-20,Jack,Higgins,St Kilda,FPR,6,190,0,15,2,0,6,2,58,7
2025,6.0,2025-04-20,Callum,Wilkie,St Kilda,FB,2,237,6,6,2,0,5,0,82,18
2025,6.0,2025-04-20,Liam,Stocker,St Kilda,INT,1,327,5,9,1,0,4,0,87,13
2025,6.0,2025-04-20,Rhylee,West,Western Bulldogs,FPR,4,111,2,14,3,0,4,2,70,7
2025,6.0,2025-04-20,Ryan,Byrnes,St Kilda,HBFL,3,139,2,7,0,0,3,0,85,11
2025,6.0,2025-04-20,Liam,Henry,St Kilda,INT,1,53,0,7,0,0,0,0,100,1
2025,6.0,2025-04-20,Lachlan,McNeil,Western Bulldogs,HFFL,6,134,0,6,0,0,1,0,71,5
2025,6.0,2025-04-20,Buku,Khamis,Western Bulldogs,BPL,4,50,1,6,1,0,1,0,89,8
2025,6.0,2025-04-20,Lachlan,Bramble,Western Bulldogs,BPR,5,423,4,6,4,0,2,0,92,23
2025,6.0,2025-04-20,Cooper,Sharman,St Kilda,FPL,7,151,1,10,2,0,1,1,50,4
2025,6.0,2025-04-20,Mitch,Owens,St Kilda,HFFR,4,100,3,6,0,0,3,0,91,10
2025,6.0,2025-04-20,Nasiah,Wanganeen-Milera,St Kilda,CHB,2,689,1,16,3,0,3,1,72,18
2025,6.0,2025-04-20,Marcus,Windhager,St Kilda,HBFR,3,140,1,14,1,0,9,0,67,14
2025,6.0,2025-04-20,Luke,Cleary,Western Bulldogs,INT,7,156,6,7,0,0,2,1,94,15
2025,6.0,2025-04-20,Sam,Darcy,Western Bulldogs,FF,3,38,0,1,0,1,1,0,67,2
2025,6.0,2025-04-20,Anthony,Caminiti,St Kilda,FF,1,108,7,6,3,0,3,0,55,6
2025,6.0,2025-04-20,James,O'Donnell,Western Bulldogs,FPL,3,198,4,7,1,0,1,0,85,11
2025,6.0,2025-04-20,Lance,Collard,St Kilda,INT,1,142,1,16,1,0,3,0,75,6
2025,6.0,2025-04-20,Darcy,Wilson,St Kilda,CHF,4,446,5,16,4,0,6,1,71,12
2025,6.0,2025-04-20,Ryley,Sanders,Western Bulldogs,INT,14,226,0,12,2,1,2,2,91,29
2025,6.0,2025-04-20,Hugo,Garcia,St Kilda,INT,3,246,1,30,5,0,4,1,50,8
2025,6.0,2025-04-20,Joel,Freijah,Western Bulldogs,WR,10,424,2,16,0,4,7,0,88,21
2025,6.0,2025-04-20,Arie,Schoenmaker,St Kilda,BPL,2,512,5,5,5,0,3,0,79,15
2025,6.0,2025-04-20,Sam,Davidson,Western Bulldogs,INT,10,299,5,13,3,0,4,0,81,17
2025,6.0,2025-04-20,Josh,Dolan,Western Bulldogs,INT,6,155,1,13,1,0,3,0,92,11
2025,6.0,2025-04-20,Max,Hall,St Kilda,HFFL,2,101,3,13,2,0,6,0,69,9
2025,6.0,2025-04-20,Cooper,Hynes,Western Bulldogs,SUB,5,88,1,6,1,0,4,0,78,7
2025,6.0,2025-04-21,Patrick,Dangerfield,Geelong,C,5,291,2,14,5,0,3,2,60,9
2025,6.0,2025-04-21,Jack,Gunston,Hawthorn,FPL,7,377,0,5,7,0,2,2,44,7
2025,6.0,2025-04-21,Rhys,Stanley,Geelong,RK,3,96,0,9,1,2,6,0,56,5
2025,6.0,2025-04-21,Luke,Breust,Hawthorn,INT,4,128,0,5,2,1,2,0,88,7
2025,6.0,2025-04-21,Jeremy,Cameron,Geelong,FF,5,278,1,8,3,0,2,2,50,7
2025,6.0,2025-04-21,Mark,Blicavs,Geelong,WR,4,204,5,15,2,0,5,2,80,12
2025,6.0,2025-04-21,Jarman,Impey,Hawthorn,CHB,3,281,3,10,4,0,2,0,79,15
2025,6.0,2025-04-21,James,Sicily,Hawthorn,BPR,3,604,4,9,7,0,2,1,63,12
2025,6.0,2025-04-21,Karl,Amon,Hawthorn,WL,3,802,1,21,5,0,2,0,90,26
2025,6.0,2025-04-21,Tom,Barrass,Hawthorn,BPL,2,123,7,6,1,0,2,0,92,11
2025,6.0,2025-04-21,Blake,Hardwick,Hawthorn,FB,6,133,1,8,1,0,6,1,82,9
2025,6.0,2025-04-21,Mabior,Chol,Hawthorn,FF,7,398,0,5,3,2,1,1,60,9
2025,6.0,2025-04-21,Jack,Bowes,Geelong,INT,3,327,4,11,4,0,4,0,67,8
2025,6.0,2025-04-21,Tom,Stewart,Geelong,CHB,0,329,3,8,2,0,2,0,80,12
2025,6.0,2025-04-21,Mark,O'Connor,Geelong,BPR,3,152,3,8,2,0,2,0,75,6
2025,6.0,2025-04-21,Zach,Guthrie,Geelong,HBFR,0,320,4,6,1,0,1,0,92,12
2025,6.0,2025-04-21,Tyson,Stengle,Geelong,INT,7,236,3,10,4,0,4,1,77,13
2025,6.0,2025-04-21,Josh,Battle,Hawthorn,HBFL,3,128,5,12,1,0,2,0,93,13
2025,6.0,2025-04-21,Jack,Scrimshaw,Hawthorn,INT,7,333,4,10,2,0,1,0,86,19
2025,6.0,2025-04-21,Harry,Morrison,Hawthorn,HFFL,6,255,3,13,2,0,4,1,87,20
2025,6.0,2025-04-21,James,Worpel,Hawthorn,R,6,152,1,21,2,3,5,0,77,17
2025,6.0,2025-04-21,Conor,Nash,Hawthorn,INT,3,37,2,15,0,1,3,2,92,11
2025,6.0,2025-04-21,Tom,Atkins,Geelong,R,8,157,3,26,4,3,9,2,71,17
2025,6.0,2025-04-21,Gryan,Miers,Geelong,FPR,5,226,1,11,1,0,1,1,73,8
2025,6.0,2025-04-21,Bailey,Smith,Geelong,WL,5,630,3,9,4,1,8,0,64,18
2025,6.0,2025-04-21,Dylan,Moore,Hawthorn,FPR,4,213,1,13,1,0,1,2,56,5
2025,6.0,2025-04-21,Changkuoth,Jiath,Hawthorn,SUB,0,26,3,0,0,0,2,0,83,5
2025,6.0,2025-04-21,Brad,Close,Geelong,HFFL,4,97,3,17,1,0,1,0,78,7
2025,6.0,2025-04-21,Oliver,Henry,Geelong,CHF,1,131,0,17,3,0,1,0,50,3
2025,6.0,2025-04-21,Lloyd,Meek,Hawthorn,RK,4,86,2,18,2,2,8,0,74,14
2025,6.0,2025-04-21,Max,Holmes,Geelong,RR,5,564,5,20,5,2,8,0,45,9
2025,6.0,2025-04-21,Sam,De Koning,Geelong,FB,3,47,4,7,0,0,5,0,100,12
2025,6.0,2025-04-21,Jai,Newcombe,Hawthorn,RR,8,238,4,22,1,1,10,1,75,21
2025,6.0,2025-04-21,Connor,Macdonald,Hawthorn,HFFR,9,228,4,10,1,0,3,2,57,8
2025,6.0,2025-04-21,Josh,Ward,Hawthorn,INT,6,209,0,8,3,1,3,0,88,14
2025,6.0,2025-04-21,Oliver,Dempsey,Geelong,INT,6,252,1,10,3,0,7,2,74,14
2025,6.0,2025-04-21,Mitch,Knevitt,Geelong,INT,3,148,1,16,1,1,2,0,71,5
2025,6.0,2025-04-21,Shannon,Neale,Geelong,FPL,4,157,0,14,0,0,0,3,75,6
2025,6.0,2025-04-21,Massimo,D'Ambrosio,Hawthorn,WR,4,262,0,8,4,0,1,0,86,12
2025,6.0,2025-04-21,Cam,Mackenzie,Hawthorn,C,4,233,1,14,3,2,0,2,79,11
2025,6.0,2025-04-21,Josh,Weddle,Hawthorn,HBFR,3,359,7,15,5,0,4,0,63,12
2025,6.0,2025-04-21,Ted,Clohesy,Geelong,SUB,1,172,1,11,2,0,2,0,17,1
2025,6.0,2025-04-21,Nick,Watson,Hawthorn,CHF,5,196,0,5,1,0,7,1,62,8
2025,6.0,2025-04-21,Shaun,Mannagh,Geelong,HFFR,9,292,3,18,2,0,4,5,65,11
2025,6.0,2025-04-21,Connor,O'Sullivan,Geelong,BPL,1,206,1,6,1,0,1,0,78,7
2025,6.0,2025-04-21,Lawson,Humphries,Geelong,HBFL,2,436,7,8,1,0,4,0,88,14
2025,7.0,2025-04-24,Steven,May,Melbourne,FB,3,304,6,3,3,0,3,0,75,15
2025,7.0,2025-04-24,Tom,Lynch,Richmond,FF,7,384,1,11,5,0,2,1,39,5
2025,7.0,2025-04-24,Max,Gawn,Melbourne,RK,12,194,6,13,2,0,4,0,76,19
2025,7.0,2025-04-24,Tom,McDonald,Melbourne,CHB,3,46,8,3,1,0,1,0,100,16
2025,7.0,2025-04-24,Jack,Viney,Melbourne,C,3,389,4,24,8,1,3,6,58,11
2025,7.0,2025-04-24,Nick,Vlastuin,Richmond,BPR,2,476,11,6,6,0,4,0,86,19
2025,7.0,2025-04-24,Christian,Salem,Melbourne,INT,5,422,3,5,4,0,3,0,82,28
2025,7.0,2025-04-24,Kamdyn,McIntosh,Richmond,CHF,2,184,1,16,3,4,7,0,50,6
2025,7.0,2025-04-24,Toby,Nankervis,Richmond,RK,6,310,0,17,4,2,3,0,73,11
2025,7.0,2025-04-24,Ed,Langdon,Melbourne,HFFR,4,46,2,8,3,0,3,0,89,25
2025,7.0,2025-04-24,Clayton,Oliver,Melbourne,INT,2,222,3,24,2,4,12,1,68,15
2025,7.0,2025-04-24,Jayden,Short,Richmond,CHB,3,596,5,8,6,0,1,0,92,23
2025,7.0,2025-04-24,Christian,Petracca,Melbourne,RR,9,342,3,16,2,0,7,1,79,22
2025,7.0,2025-04-24,Jacob,Hopper,Richmond,R,7,242,1,7,1,2,4,1,78,18
2025,7.0,2025-04-24,Nathan,Broad,Richmond,HBFR,0,89,2,9,2,0,1,0,89,8
2025,7.0,2025-04-24,Tim,Taranto,Richmond,RR,5,194,4,11,5,0,7,1,68,15
2025,7.0,2025-04-24,Bayley,Fritsch,Melbourne,INT,5,169,0,4,1,0,0,0,63,5
2025,7.0,2025-04-24,Charlie,Spargo,Melbourne,FPR,2,96,0,17,2,1,1,2,71,5
2025,7.0,2025-04-24,Harrison,Petty,Melbourne,BPR,5,200,1,8,1,0,1,1,78,7
2025,7.0,2025-04-24,Tom,Sparrow,Melbourne,HFFL,5,307,1,29,1,0,2,4,75,12
2025,7.0,2025-04-24,Jack,Ross,Richmond,INT,8,350,3,9,4,0,5,0,58,14
2025,7.0,2025-04-24,Kade,Chandler,Melbourne,INT,4,239,2,10,3,0,4,0,89,16
2025,7.0,2025-04-24,Kysaiah,Pickett,Melbourne,CHF,6,328,1,17,3,1,5,1,56,10
2025,7.0,2025-04-24,Trent,Rivers,Melbourne,HBFR,4,423,7,9,2,0,5,0,86,24
2025,7.0,2025-04-24,Tom,Fullarton,Melbourne,FF,1,48,1,5,0,0,1,0,67,2
2025,7.0,2025-04-24,Thomson,Dow,Richmond,INT,7,266,3,9,1,1,6,0,75,21
2025,7.0,2025-04-24,Harry,Sharp,Melbourne,SUB,1,154,1,4,1,0,1,0,75,3
2025,7.0,2025-04-24,Rhyan,Mansell,Richmond,FPR,3,143,2,26,0,0,3,2,86,6
2025,7.0,2025-04-24,Hugo,Ralphsmith,Richmond,WL,2,167,3,18,3,0,4,1,73,8
2025,7.0,2025-04-24,Jake,Bowey,Melbourne,BPL,4,393,5,16,5,2,7,0,72,23
2025,7.0,2025-04-24,Maurice,Rioli,Richmond,INT,1,38,2,14,4,0,3,1,50,2
2025,7.0,2025-04-24,Ben,Miller,Richmond,FB,1,238,5,9,1,0,2,0,93,13
2025,7.0,2025-04-24,Judd,McVee,Melbourne,HBFL,4,118,5,7,1,0,5,0,86,19
2025,7.0,2025-04-24,Sam,Banks,Richmond,INT,3,415,2,8,4,0,1,0,78,14
2025,7.0,2025-04-24,James,Trezise,Richmond,WR,1,167,2,10,4,0,4,0,67,10
2025,7.0,2025-04-24,Tom,Brown,Richmond,SUB,1,186,2,1,2,0,1,0,75,6
2025,7.0,2025-04-24,Caleb,Windsor,Melbourne,WL,3,428,2,11,6,0,2,0,70,14
2025,7.0,2025-04-24,Seth,Campbell,Richmond,HFFR,5,78,2,15,2,0,4,0,67,8
2025,7.0,2025-04-24,Koltyn,Tholstrup,Melbourne,FPL,2,20,1,10,0,0,2,2,100,4
2025,7.0,2025-04-24,Steely,Green,Richmond,HFFL,3,192,0,17,2,0,0,1,83,5
2025,7.0,2025-04-24,Sam,Lalor,Richmond,C,3,110,1,17,1,0,5,0,90,9
2025,7.0,2025-04-24,Luke,Trainor,Richmond,HBFL,4,227,6,11,5,0,2,0,88,14
2025,7.0,2025-04-24,Harvey,Langford,Melbourne,R,4,364,4,6,6,0,6,0,57,12
2025,7.0,2025-04-24,Xavier,Lindsay,Melbourne,WR,5,300,4,11,3,0,4,0,71,15
2025,7.0,2025-04-24,Jonty,Faull,Richmond,FPL,1,180,0,6,3,0,1,0,43,3
2025,7.0,2025-04-24,Campbell,Gray,Richmond,BPL,0,122,4,0,1,0,0,0,100,5
2025,7.0,2025-04-25,Scott,Pendlebury,Collingwood,C,9,433,3,13,3,3,9,0,55,17
2025,7.0,2025-04-25,Todd,Goldstein,Essendon,RK,1,172,3,7,2,2,4,0,69,9
2025,7.0,2025-04-25,Steele,Sidebottom,Collingwood,RR,3,598,5,19,11,6,14,0,49,17
2025,7.0,2025-04-25,Jeremy,Howe,Collingwood,FB,3,429,12,10,6,0,3,0,95,20
2025,7.0,2025-04-25,Will,Hoskin-Elliott,Collingwood,INT,3,136,2,18,3,0,3,0,71,5
2025,7.0,2025-04-25,Dylan,Shiel,Essendon,C,3,156,0,16,3,3,3,0,58,11
2025,7.0,2025-04-25,Jack,Crisp,Collingwood,WL,5,314,4,10,3,0,6,0,94,16
2025,7.0,2025-04-25,Jamie,Elliott,Collingwood,INT,11,297,2,12,2,0,2,1,68,13
2025,7.0,2025-04-25,Zach,Merrett,Essendon,RR,5,567,3,29,6,1,6,0,48,12
2025,7.0,2025-04-25,Daniel,McStay,Collingwood,FF,1,-16,0,5,2,0,2,2,67,2
2025,7.0,2025-04-25,Tim,Membrey,Collingwood,CHF,5,76,0,7,1,0,1,2,67,4
2025,7.0,2025-04-25,Jordan,De Goey,Collingwood,HFFR,5,274,2,13,5,0,3,1,43,6
2025,7.0,2025-04-25,Kyle,Langford,Essendon,FPL,2,148,1,12,1,0,1,1,70,7
2025,7.0,2025-04-25,Peter,Wright,Essendon,FF,3,156,1,10,0,0,2,1,91,10
2025,7.0,2025-04-25,Brayden,Maynard,Collingwood,BPL,4,431,5,13,4,0,4,0,69,11
2025,7.0,2025-04-25,Jade,Gresham,Essendon,HFFL,1,66,2,8,2,0,3,0,75,9
2025,7.0,2025-04-25,Mason,Redman,Essendon,HBFL,1,261,5,10,2,0,3,0,82,14
2025,7.0,2025-04-25,Dan,Houston,Collingwood,BPR,4,238,2,7,1,0,1,0,87,13
2025,7.0,2025-04-25,Andrew,McGrath,Essendon,BPL,4,311,9,8,7,1,6,0,72,13
2025,7.0,2025-04-25,Harry,Perryman,Collingwood,INT,3,208,5,16,3,0,3,0,69,9
2025,7.0,2025-04-25,Will,Setterfield,Essendon,INT,1,365,1,14,8,2,4,1,47,9
2025,7.0,2025-04-25,Josh,Daicos,Collingwood,HBFR,8,761,6,7,6,0,2,0,78,28
2025,7.0,2025-04-25,Patrick,Lipinski,Collingwood,WR,4,269,6,15,4,1,7,0,85,17
2025,7.0,2025-04-25,Ben,McKay,Essendon,FB,0,46,2,6,1,0,0,0,75,3
2025,7.0,2025-04-25,Jordan,Ridley,Essendon,BPR,3,206,9,4,0,0,6,0,89,16
2025,7.0,2025-04-25,Brody,Mihocek,Collingwood,FPR,1,85,1,9,0,0,4,2,71,5
2025,7.0,2025-04-25,Darcy,Cameron,Collingwood,RK,5,19,7,7,0,1,3,0,75,12
2025,7.0,2025-04-25,Billy,Frampton,Collingwood,CHB,1,215,4,8,3,0,2,0,100,15
2025,7.0,2025-04-25,Xavier,Duursma,Essendon,INT,2,381,5,18,3,0,3,0,79,15
2025,7.0,2025-04-25,Isaac,Quaynor,Collingwood,HBFL,2,172,4,16,3,0,2,0,80,8
2025,7.0,2025-04-25,Bobby,Hill,Collingwood,HFFL,6,169,1,9,2,0,2,1,57,4
2025,7.0,2025-04-25,Harrison,Jones,Essendon,WL,1,183,6,8,4,0,4,0,67,8
2025,7.0,2025-04-25,Jaxon,Prior,Essendon,HBFR,1,279,4,6,3,0,1,0,67,6
2025,7.0,2025-04-25,Beau,McCreery,Collingwood,FPL,1,244,1,15,6,0,3,1,70,7
2025,7.0,2025-04-25,Archie,Perkins,Essendon,INT,3,260,2,9,2,1,5,0,57,8
2025,7.0,2025-04-25,Zach,Reid,Essendon,CHB,2,160,9,6,2,0,4,0,81,13
2025,7.0,2025-04-25,Sam,Durham,Essendon,R,3,330,1,26,5,2,7,0,63,12
2025,7.0,2025-04-25,Nick,Daicos,Collingwood,R,9,619,0,16,5,4,9,0,65,20
2025,7.0,2025-04-25,Nic,Martin,Essendon,HFFR,5,249,3,15,2,0,1,0,65,11
2025,7.0,2025-04-25,Ben,Hobbs,Essendon,CHF,1,196,4,23,5,1,7,1,55,11
2025,7.0,2025-04-25,Jye,Menzie,Essendon,SUB,0,78,0,8,1,0,1,0,33,1
2025,7.0,2025-04-25,Ned,Long,Collingwood,INT,9,237,0,21,3,1,4,1,68,15
2025,7.0,2025-04-25,Lachlan,Sullivan,Collingwood,SUB,2,40,2,7,0,0,2,0,100,4
2025,7.0,2025-04-25,Nate,Caddy,Essendon,INT,6,297,2,11,8,0,5,0,42,8
2025,7.0,2025-04-25,Archie,Roberts,Essendon,WR,1,421,4,4,6,0,3,0,72,18
2025,7.0,2025-04-25,Isaac,Kako,Essendon,FPR,3,132,0,21,2,0,3,1,40,4
2025,7.0,2025-04-25,Taylor,Walker,Adelaide,FF,6,254,0,4,5,0,1,0,67,8
2025,7.0,2025-04-25,Rory,Laird,Adelaide,BPR,3,354,2,11,3,0,4,0,74,20
2025,7.0,2025-04-25,Matt,Crouch,Adelaide,INT,2,69,3,15,2,1,6,2,78,14
2025,7.0,2025-04-25,Alex,Pearce,Fremantle,FB,1,74,6,14,1,0,5,0,100,10
2025,7.0,2025-04-25,Alex,Neal-Bullen,Adelaide,FPR,7,303,1,23,1,0,5,2,63,12
2025,7.0,2025-04-25,Oscar,McDonald,Fremantle,FPL,7,292,0,10,2,0,3,1,89,8
2025,7.0,2025-04-25,Wayne,Milera,Adelaide,HBFL,2,132,5,8,3,0,4,0,92,11
2025,7.0,2025-04-25,Ben,Keays,Adelaide,HFFL,3,188,3,17,2,1,5,2,64,9
2025,7.0,2025-04-25,Corey,Wagner,Fremantle,INT,4,171,3,16,1,0,4,1,75,12
2025,7.0,2025-04-25,Reilly,O'Brien,Adelaide,RK,4,173,4,13,3,0,4,1,71,10
2025,7.0,2025-04-25,Jordan,Dawson,Adelaide,C,2,561,1,13,8,0,2,1,43,9
2025,7.0,2025-04-25,Shai,Bolton,Fremantle,HFFR,6,293,2,14,2,1,7,1,64,14
2025,7.0,2025-04-25,Luke,Ryan,Fremantle,BPL,4,681,4,7,4,0,1,0,74,17
2025,7.0,2025-04-25,Brennan,Cox,Fremantle,BPR,3,248,7,7,5,0,4,0,57,8
2025,7.0,2025-04-25,Sean,Darcy,Fremantle,RK,1,140,0,7,3,1,0,1,50,4
2025,7.0,2025-04-25,Andrew,Brayshaw,Fremantle,R,9,522,8,17,3,2,9,0,70,26
2025,7.0,2025-04-25,Isaac,Cumming,Adelaide,WL,5,343,6,17,1,0,5,0,72,13
2025,7.0,2025-04-25,Quinton,Narkle,Fremantle,SUB,2,37,1,1,0,0,1,0,67,2
2025,7.0,2025-04-25,Sam,Switkowski,Fremantle,CHF,6,57,1,24,0,1,3,0,90,9
2025,7.0,2025-04-25,Jordan,Clark,Fremantle,HBFR,7,501,4,9,4,0,5,0,74,20
2025,7.0,2025-04-25,Mitchell,Hinge,Adelaide,INT,6,258,3,10,3,0,1,0,70,7
2025,7.0,2025-04-25,Hayden,Young,Fremantle,C,6,276,0,20,3,1,3,0,70,14
2025,7.0,2025-04-25,Caleb,Serong,Fremantle,RR,8,176,2,11,5,4,15,0,66,21
2025,7.0,2025-04-25,Izak,Rankine,Adelaide,R,6,303,3,21,4,0,9,1,68,13
2025,7.0,2025-04-25,Michael,Frederick,Fremantle,HFFL,4,254,1,11,0,0,3,1,82,9
2025,7.0,2025-04-25,Mark,Keane,Adelaide,CHB,3,330,3,1,1,0,1,0,92,11
2025,7.0,2025-04-25,Jeremy,Sharp,Fremantle,WL,2,38,0,11,0,0,1,0,80,4
2025,7.0,2025-04-25,Nick,Murray,Adelaide,FB,3,139,3,4,2,0,0,0,80,8
2025,7.0,2025-04-25,Heath,Chapman,Fremantle,INT,3,150,2,9,1,0,0,0,57,4
2025,7.0,2025-04-25,Josh,Treacy,Fremantle,FF,9,447,1,5,5,0,2,0,67,10
2025,7.0,2025-04-25,Riley,Thilthorpe,Adelaide,CHF,6,165,0,5,0,1,3,2,78,7
2025,7.0,2025-04-25,Josh,Worrell,Adelaide,BPL,5,332,9,7,1,0,6,0,90,18
2025,7.0,2025-04-25,James,Peatling,Adelaide,FPL,3,279,0,18,3,1,4,0,61,11
2025,7.0,2025-04-25,Jake,Soligo,Adelaide,RR,3,331,2,17,2,3,8,0,61,11
2025,7.0,2025-04-25,Josh,Rachele,Adelaide,INT,5,96,0,10,0,0,2,1,67,6
2025,7.0,2025-04-25,Jye,Amiss,Fremantle,FPR,4,66,0,4,2,0,1,1,83,5
2025,7.0,2025-04-25,Max,Michalanney,Adelaide,HBFR,3,260,2,11,1,0,1,0,69,11
2025,7.0,2025-04-25,Matthew,Johnson,Fremantle,WR,4,462,2,22,7,1,6,0,59,16
2025,7.0,2025-04-25,Karl,Worner,Fremantle,HBFL,3,299,3,5,1,0,2,0,82,14
2025,7.0,2025-04-25,Luke,Nankervis,Adelaide,HFFR,4,154,2,9,2,0,3,0,33,4
2025,7.0,2025-04-25,Joshua,Draper,Fremantle,CHB,1,209,3,2,2,0,2,0,91,10
2025,7.0,2025-04-25,Daniel,Curtin,Adelaide,WR,5,194,0,14,1,0,2,2,75,6
2025,7.0,2025-04-25,Zac,Taylor,Adelaide,INT,3,71,0,9,0,0,1,4,100,8
2025,7.0,2025-04-25,Murphy,Reid,Fremantle,INT,5,136,0,15,1,0,0,1,50,3
2025,7.0,2025-04-25,Sid,Draper,Adelaide,SUB,0,75,2,3,2,0,1,0,50,1
2025,7.0,2025-04-25,Isaiah,Dudley,Fremantle,INT,3,89,1,10,2,0,1,1,25,1
2025,7.0,2025-04-26,Ryan,Lester,Brisbane Lions,BPR,2,217,5,7,2,0,2,0,79,11
2025,7.0,2025-04-26,Sam,Day,Brisbane Lions,FF,4,172,0,5,4,0,8,0,77,10
2025,7.0,2025-04-26,Lachie,Neale,Brisbane Lions,R,12,493,1,28,5,3,7,3,77,24
2025,7.0,2025-04-26,Bradley,Hill,St Kilda,CHF,6,501,7,22,7,0,8,0,76,25
2025,7.0,2025-04-26,Dayne,Zorko,Brisbane Lions,BPL,7,656,4,12,8,0,5,0,74,25
2025,7.0,2025-04-26,Jack,Macrae,St Kilda,RR,2,267,1,12,3,4,4,0,69,18
2025,7.0,2025-04-26,Jimmy,Webster,St Kilda,INT,1,179,4,9,2,0,4,0,81,13
2025,7.0,2025-04-26,Darcy,Gardiner,Brisbane Lions,FB,1,152,3,6,3,0,3,0,86,12
2025,7.0,2025-04-26,Charlie,Cameron,Brisbane Lions,HFFL,9,321,1,17,2,0,1,1,42,5
2025,7.0,2025-04-26,Zak,Jones,St Kilda,SUB,4,202,3,13,2,0,5,1,78,14
2025,7.0,2025-04-26,Mason,Wood,St Kilda,WR,5,202,0,2,1,0,1,0,75,6
2025,7.0,2025-04-26,Jack,Sinclair,St Kilda,HBFR,4,464,3,22,4,0,5,0,83,24
2025,7.0,2025-04-26,Harris,Andrews,Brisbane Lions,CHB,4,39,4,6,1,0,3,0,100,9
2025,7.0,2025-04-26,Jack,Steele,St Kilda,R,4,160,3,22,4,3,13,1,79,23
2025,7.0,2025-04-26,Callum,Ah Chee,Brisbane Lions,WL,6,158,0,12,0,1,0,0,50,5
2025,7.0,2025-04-26,Josh,Dunkley,Brisbane Lions,RR,8,220,4,24,3,2,8,2,75,18
2025,7.0,2025-04-26,Dougal,Howard,St Kilda,BPL,0,98,6,4,1,0,3,0,82,9
2025,7.0,2025-04-26,Eric,Hipwood,Brisbane Lions,CHF,10,293,1,16,2,0,4,1,71,10
2025,7.0,2025-04-26,Jarrod,Berry,Brisbane Lions,WR,6,267,5,10,1,0,5,1,68,13
2025,7.0,2025-04-26,Hugh,McCluggage,Brisbane Lions,HFFR,9,339,1,35,4,2,6,3,67,14
2025,7.0,2025-04-26,Rowan,Marshall,St Kilda,RK,5,184,2,18,3,1,7,1,50,9
2025,7.0,2025-04-26,Cam,Rayner,Brisbane Lions,FPL,3,410,2,11,3,2,8,0,68,13
2025,7.0,2025-04-26,Jack,Higgins,St Kilda,HFFL,5,106,1,13,2,0,4,0,88,7
2025,7.0,2025-04-26,Zac,Bailey,Brisbane Lions,C,7,282,5,14,3,1,8,1,71,17
2025,7.0,2025-04-26,Oscar,McInerney,Brisbane Lions,RK,5,191,0,13,1,0,3,2,50,7
2025,7.0,2025-04-26,Callum,Wilkie,St Kilda,FB,2,354,8,4,2,0,3,0,86,18
2025,7.0,2025-04-26,Noah,Answerth,Brisbane Lions,HBFL,4,124,2,13,0,0,6,0,100,14
2025,7.0,2025-04-26,Liam,Stocker,St Kilda,C,2,82,5,11,3,0,2,0,70,7
2025,7.0,2025-04-26,Ryan,Byrnes,St Kilda,HBFL,1,299,5,14,2,0,5,0,72,13
2025,7.0,2025-04-26,Cooper,Sharman,St Kilda,FPL,3,145,0,11,2,0,1,2,64,7
2025,7.0,2025-04-26,Mitch,Owens,St Kilda,HFFR,9,141,0,17,1,0,3,0,71,12
2025,7.0,2025-04-26,Nasiah,Wanganeen-Milera,St Kilda,CHB,9,682,1,20,4,4,4,0,69,22
2025,7.0,2025-04-26,Marcus,Windhager,St Kilda,BPR,3,407,1,27,7,0,0,1,48,10
2025,7.0,2025-04-26,Kai,Lohmann,Brisbane Lions,INT,2,25,1,11,0,0,1,1,100,5
2025,7.0,2025-04-26,James,Tunstill,Brisbane Lions,SUB,2,160,2,5,1,0,2,0,80,4
2025,7.0,2025-04-26,Darcy,Wilmot,Brisbane Lions,HBFR,6,446,9,17,5,1,9,0,83,25
2025,7.0,2025-04-26,Will,Ashcroft,Brisbane Lions,INT,8,376,1,17,3,1,6,1,83,29
2025,7.0,2025-04-26,Anthony,Caminiti,St Kilda,FF,4,74,4,11,2,0,8,1,73,11
2025,7.0,2025-04-26,Jaspa,Fletcher,Brisbane Lions,INT,4,269,6,11,1,0,4,1,85,17
2025,7.0,2025-04-26,Lance,Collard,St Kilda,FPR,3,178,1,12,1,0,4,1,33,2
2025,7.0,2025-04-26,Darcy,Wilson,St Kilda,WL,4,306,1,13,4,0,4,2,74,14
2025,7.0,2025-04-26,Hugo,Garcia,St Kilda,INT,0,84,1,14,0,0,1,0,100,4
2025,7.0,2025-04-26,Logan,Morris,Brisbane Lions,FPR,3,148,0,9,3,0,1,0,33,2
2025,7.0,2025-04-26,Levi,Ashcroft,Brisbane Lions,INT,7,279,2,12,4,2,6,0,70,16
2025,7.0,2025-04-26,Max,Hall,St Kilda,INT,7,320,2,18,1,0,6,0,87,13
2025,7.0,2025-04-26,Isaac,Keeler,St Kilda,INT,3,75,0,12,1,0,1,0,67,2
2025,7.0,2025-04-26,Jack,Darling,North Melbourne,FF,4,161,1,10,0,0,1,2,56,5
2025,7.0,2025-04-26,Luke,Parker,North Melbourne,RR,5,274,2,8,4,2,7,0,56,15
2025,7.0,2025-04-26,Ollie,Wines,Port Adelaide,C,7,333,6,21,1,0,9,0,58,14
2025,7.0,2025-04-26,Luke,McDonald,North Melbourne,HBFL,0,291,4,7,3,0,2,0,77,10
2025,7.0,2025-04-26,Caleb,Daniel,North Melbourne,CHB,2,419,4,9,5,0,1,1,77,17
2025,7.0,2025-04-26,Darcy,Byrne-Jones,Port Adelaide,FPL,7,286,1,10,3,0,3,1,62,8
2025,7.0,2025-04-26,Darcy,Tucker,North Melbourne,HBFR,0,0,0,10,0,0,0,0,0,0
2025,7.0,2025-04-26,Aliir,Aliir,Port Adelaide,FB,1,127,9,6,3,0,8,0,64,7
2025,7.0,2025-04-26,Sam,Powell-Pepper,Port Adelaide,INT,8,450,0,18,4,1,3,3,65,11
2025,7.0,2025-04-26,Jy,Simpkin,North Melbourne,R,5,304,2,17,8,4,5,1,53,10
2025,7.0,2025-04-26,Jeremy,Finlayson,Port Adelaide,SUB,4,23,1,8,0,0,1,0,80,4
2025,7.0,2025-04-26,Cameron,Zurhaar,North Melbourne,FPL,5,232,1,10,3,0,3,3,64,7
2025,7.0,2025-04-26,Nick,Larkey,North Melbourne,CHF,6,143,0,6,3,0,2,1,67,8
2025,7.0,2025-04-26,Luke,Davies-Uniacke,North Melbourne,C,5,217,2,21,3,4,12,1,72,18
2025,7.0,2025-04-26,Esava,Ratugolea,Port Adelaide,BPL,1,155,3,4,0,0,1,0,100,9
2025,7.0,2025-04-26,Willie,Rioli,Port Adelaide,HFFR,4,236,4,18,2,0,4,3,60,6
2025,7.0,2025-04-26,Kane,Farrell,Port Adelaide,HBFR,2,501,4,14,6,1,4,0,77,13
2025,7.0,2025-04-26,Zak,Butters,Port Adelaide,RR,7,381,4,30,3,3,11,0,78,21
2025,7.0,2025-04-26,Willem,Drew,Port Adelaide,INT,6,145,1,25,1,3,6,1,82,14
2025,7.0,2025-04-26,Connor,Rozee,Port Adelaide,CHB,4,721,8,6,8,1,5,0,74,20
2025,7.0,2025-04-26,Mitch,Georgiades,Port Adelaide,FF,6,354,1,5,6,0,3,0,47,8
2025,7.0,2025-04-26,Tristan,Xerri,North Melbourne,RK,6,307,5,14,2,1,7,0,70,16
2025,7.0,2025-04-26,Dylan,Stephens,North Melbourne,WR,1,305,3,13,3,1,3,0,80,12
2025,7.0,2025-04-26,Tom,Powell,North Melbourne,INT,5,375,0,14,2,1,6,1,79,15
2025,7.0,2025-04-26,Miles,Bergman,Port Adelaide,HBFL,1,285,2,6,3,0,1,0,73,8
2025,7.0,2025-04-26,Lachie,Jones,Port Adelaide,BPR,1,51,4,8,0,0,3,0,80,4
2025,7.0,2025-04-26,Jordon,Sweet,Port Adelaide,RK,6,213,1,20,1,0,1,1,50,4
2025,7.0,2025-04-26,Charlie,Comben,North Melbourne,BPL,0,57,6,4,0,0,4,0,100,7
2025,7.0,2025-04-26,Jackson,Mead,Port Adelaide,CHF,2,244,2,20,3,0,3,2,71,10
2025,7.0,2025-04-26,Jason,Horne-Francis,Port Adelaide,R,7,462,3,12,7,2,10,0,63,17
2025,7.0,2025-04-26,Josh,Sinn,Port Adelaide,INT,1,92,0,0,0,0,0,0,100,3
2025,7.0,2025-04-26,Paul,Curtis,North Melbourne,HFFL,6,355,5,13,3,0,6,1,69,11
2025,7.0,2025-04-26,Jackson,Archer,North Melbourne,BPR,2,201,6,8,2,0,4,0,75,9
2025,7.0,2025-04-26,Jase,Burgoyne,Port Adelaide,WL,3,255,2,5,2,1,8,0,82,18
2025,7.0,2025-04-26,Kallan,Dawson,North Melbourne,FB,1,194,3,5,3,0,1,0,57,4
2025,7.0,2025-04-26,Harry,Sheezel,North Melbourne,HFFR,1,604,5,12,7,0,5,0,70,21
2025,7.0,2025-04-26,Ollie,Lord,Port Adelaide,FPR,9,103,1,4,1,0,4,1,75,9
2025,7.0,2025-04-26,George,Wardlaw,North Melbourne,FPR,4,393,2,19,2,0,7,1,70,14
2025,7.0,2025-04-26,Zane,Duursma,North Melbourne,SUB,1,114,0,7,0,0,0,0,100,3
2025,7.0,2025-04-26,Colby,McKercher,North Melbourne,INT,3,264,3,11,4,0,9,0,32,6
2025,7.0,2025-04-26,Riley,Hardeman,North Melbourne,INT,3,369,2,5,3,0,2,0,83,10
2025,7.0,2025-04-26,Joe,Richards,Port Adelaide,HFFL,3,100,0,7,1,0,3,0,70,7
2025,7.0,2025-04-26,Jacob,Konstanty,North Melbourne,INT,3,119,0,13,1,1,2,2,67,4
2025,7.0,2025-04-26,Finn,O'Sullivan,North Melbourne,WL,3,153,3,13,1,0,4,1,75,9
2025,7.0,2025-04-26,Joe,Berry,Port Adelaide,INT,1,172,3,14,2,1,4,2,78,7
2025,7.0,2025-04-26,Christian,Moraes,Port Adelaide,WR,1,119,3,18,1,0,4,1,70,7
2025,7.0,2025-04-26,Callan,Ward,Greater Western Sydney,SUB,5,246,1,4,1,2,6,0,69,9
2025,7.0,2025-04-26,Tom,Liberatore,Western Bulldogs,R,9,347,2,20,5,1,9,1,75,21
2025,7.0,2025-04-26,Toby,Greene,Greater Western Sydney,FPL,5,254,0,12,5,2,7,0,53,8
2025,7.0,2025-04-26,Jason,Johannisen,Western Bulldogs,HBFL,2,405,4,9,3,0,3,0,73,11
2025,7.0,2025-04-26,Lachie,Whitfield,Greater Western Sydney,HBFL,5,429,3,12,2,0,3,0,77,23
2025,7.0,2025-04-26,Jake,Stringer,Greater Western Sydney,FPR,4,204,0,11,1,0,5,1,50,5
2025,7.0,2025-04-26,Josh,Kelly,Greater Western Sydney,RR,4,590,0,16,7,0,2,1,67,14
2025,7.0,2025-04-26,Marcus,Bontempelli,Western Bulldogs,RR,10,252,2,20,1,2,8,1,64,14
2025,7.0,2025-04-26,Rory,Lobb,Western Bulldogs,CHB,5,95,2,10,0,0,2,0,83,5
2025,7.0,2025-04-26,Jesse,Hogan,Greater Western Sydney,FF,6,166,0,1,4,0,4,1,71,10
2025,7.0,2025-04-26,Bailey,Dale,Western Bulldogs,HBFR,7,465,4,8,2,1,3,0,75,15
2025,7.0,2025-04-26,James,Harmes,Western Bulldogs,INT,9,254,4,15,3,0,7,0,82,18
2025,7.0,2025-04-26,Bailey,Williams,Western Bulldogs,WL,3,491,7,7,2,0,5,0,85,17
2025,7.0,2025-04-26,Matthew,Kennedy,Western Bulldogs,HFFR,5,426,1,23,5,2,8,0,69,18
2025,7.0,2025-04-26,Harry,Himmelberg,Greater Western Sydney,BPR,3,110,5,7,2,0,2,0,88,15
2025,7.0,2025-04-26,Tim,English,Western Bulldogs,RK,7,343,1,7,3,4,4,0,83,19
2025,7.0,2025-04-26,Aaron,Naughton,Western Bulldogs,FF,6,214,2,16,5,0,6,1,57,8
2025,7.0,2025-04-26,Ed,Richards,Western Bulldogs,C,7,704,1,20,9,3,10,0,44,12
2025,7.0,2025-04-26,Sam,Taylor,Greater Western Sydney,FB,2,108,7,8,1,0,4,0,94,15
2025,7.0,2025-04-26,Rhylee,West,Western Bulldogs,FPR,5,119,1,18,1,0,1,2,86,6
2025,7.0,2025-04-26,Connor,Idun,Greater Western Sydney,BPL,1,215,4,10,4,0,3,0,81,13
2025,7.0,2025-04-26,Tom,Green,Greater Western Sydney,R,7,352,2,24,3,3,10,0,70,19
2025,7.0,2025-04-26,Toby,Bedford,Greater Western Sydney,WR,5,151,0,16,1,0,3,1,78,7
2025,7.0,2025-04-26,Laitham,Vandermeer,Western Bulldogs,HFFL,2,49,0,10,3,0,2,4,50,3
2025,7.0,2025-04-26,Lachie,Ash,Greater Western Sydney,HBFR,5,542,5,17,2,1,5,1,94,29
2025,7.0,2025-04-26,Xavier,O'Halloran,Greater Western Sydney,INT,1,62,0,8,0,0,1,1,67,4
2025,7.0,2025-04-26,Jake,Riccardi,Greater Western Sydney,CHF,9,147,1,15,0,0,1,0,81,13
2025,7.0,2025-04-26,Jack,Buckley,Greater Western Sydney,CHB,1,346,11,9,3,0,4,0,81,17
2025,7.0,2025-04-26,Conor,Stone,Greater Western Sydney,WL,3,131,7,9,4,0,5,0,83,15
2025,7.0,2025-04-26,Buku,Khamis,Western Bulldogs,BPL,1,170,2,16,0,1,3,1,88,7
2025,7.0,2025-04-26,Kieren,Briggs,Greater Western Sydney,RK,4,72,0,4,0,3,3,0,73,8
2025,7.0,2025-04-26,Lachlan,Bramble,Western Bulldogs,BPR,0,362,2,4,6,0,3,0,57,8
2025,7.0,2025-04-26,Finn,Callaghan,Greater Western Sydney,C,7,576,8,14,3,0,9,1,81,21
2025,7.0,2025-04-26,Luke,Cleary,Western Bulldogs,INT,5,182,4,6,1,0,2,0,91,10
2025,7.0,2025-04-26,Jacob,Wehr,Greater Western Sydney,INT,2,259,6,11,2,0,7,0,70,14
2025,7.0,2025-04-26,Aaron,Cadman,Greater Western Sydney,INT,4,271,0,7,1,0,1,1,73,8
2025,7.0,2025-04-26,James,O'Donnell,Western Bulldogs,CHF,0,88,1,8,2,0,1,1,67,2
2025,7.0,2025-04-26,Toby,McMullin,Greater Western Sydney,INT,5,332,1,15,2,1,4,0,50,7
2025,7.0,2025-04-26,Harvey,Thomas,Greater Western Sydney,HFFR,3,203,2,19,3,0,6,2,67,10
2025,7.0,2025-04-26,Ryley,Sanders,Western Bulldogs,FPL,4,128,3,12,2,0,3,0,75,15
2025,7.0,2025-04-26,Darcy,Jones,Greater Western Sydney,HFFL,5,462,0,13,4,0,5,2,77,13
2025,7.0,2025-04-26,Joel,Freijah,Western Bulldogs,WR,8,355,4,14,6,4,13,0,63,17
2025,7.0,2025-04-26,Sam,Davidson,Western Bulldogs,INT,8,324,3,12,2,0,5,0,67,10
2025,7.0,2025-04-26,Josh,Dolan,Western Bulldogs,INT,0,33,0,10,1,0,1,0,67,2
2025,7.0,2025-04-26,Cooper,Hynes,Western Bulldogs,SUB,1,65,0,2,0,0,0,0,67,2
2025,7.0,2025-04-26,Jedd,Busslinger,Western Bulldogs,FB,2,200,5,7,1,0,1,0,83,10
2025,7.0,2025-04-27,Dane,Rampe,Sydney,BPR,1,358,1,6,3,0,1,0,73,11
2025,7.0,2025-04-27,Jarrod,Witts,Gold Coast,RK,11,199,3,9,2,1,2,0,72,13
2025,7.0,2025-04-27,Brodie,Grundy,Sydney,RK,4,75,0,15,3,2,4,1,56,5
2025,7.0,2025-04-27,Jake,Lloyd,Sydney,WL,3,532,7,7,6,0,1,0,64,18
2025,7.0,2025-04-27,Nick,Holman,Gold Coast,HFFR,7,292,4,14,3,0,2,0,56,9
2025,7.0,2025-04-27,Touk,Miller,Gold Coast,WR,10,521,1,11,4,6,7,1,71,17
2025,7.0,2025-04-27,Isaac,Heeney,Sydney,C,8,264,3,15,2,3,5,0,80,16
2025,7.0,2025-04-27,Lachie,Weller,Gold Coast,WL,5,434,4,8,6,0,6,0,50,10
2025,7.0,2025-04-27,Daniel,Rioli,Gold Coast,HBFR,7,421,4,13,3,1,3,0,91,19
2025,7.0,2025-04-27,Sam,Collins,Gold Coast,BPR,4,223,7,8,0,0,3,0,91,10
2025,7.0,2025-04-27,Aaron,Francis,Sydney,FF,3,286,4,8,1,0,2,0,87,13
2025,7.0,2025-04-27,Oliver,Florent,Sydney,WR,2,248,2,7,1,0,2,0,70,7
2025,7.0,2025-04-27,Ben,Ainsworth,Gold Coast,CHF,5,199,2,7,3,0,4,0,60,9
2025,7.0,2025-04-27,Will,Hayward,Sydney,FPL,3,39,1,10,1,0,2,1,50,3
2025,7.0,2025-04-27,Ben,Long,Gold Coast,FF,8,177,0,15,0,0,3,0,56,5
2025,7.0,2025-04-27,Lewis,Melican,Sydney,BPL,2,73,6,10,2,0,2,0,83,10
2025,7.0,2025-04-27,Tom,McCartin,Sydney,FB,1,149,3,1,1,0,3,0,90,9
2025,7.0,2025-04-27,Wil,Powell,Gold Coast,CHB,6,406,7,15,2,0,4,1,86,12
2025,7.0,2025-04-27,Ben,Paton,Sydney,INT,2,86,2,2,1,0,1,0,100,8
2025,7.0,2025-04-27,Nick,Blakey,Sydney,CHB,4,313,4,8,2,0,3,1,82,14
2025,7.0,2025-04-27,Justin,McInerney,Sydney,INT,4,337,5,13,6,1,4,0,59,17
2025,7.0,2025-04-27,James,Rowbottom,Sydney,R,2,390,4,23,5,3,6,0,60,12
2025,7.0,2025-04-27,Ben,King,Gold Coast,FPR,8,231,0,6,5,0,3,0,73,8
2025,7.0,2025-04-27,Peter,Ladhams,Sydney,INT,3,188,1,3,3,0,1,0,56,5
2025,7.0,2025-04-27,John,Noble,Gold Coast,HBFL,5,584,5,9,7,0,4,0,70,21
2025,7.0,2025-04-27,Hayden,McLean,Sydney,CHF,6,28,1,6,1,0,5,0,82,9
2025,7.0,2025-04-27,Noah,Anderson,Gold Coast,R,3,252,5,18,4,1,9,0,67,14
2025,7.0,2025-04-27,Connor,Budarick,Gold Coast,SUB,2,149,0,1,0,0,0,0,67,2
2025,7.0,2025-04-27,Matt,Rowell,Gold Coast,C,7,347,1,23,5,2,5,0,69,11
2025,7.0,2025-04-27,Chad,Warner,Sydney,RR,7,690,2,19,5,3,5,2,58,14
2025,7.0,2025-04-27,Sam,Flanders,Gold Coast,INT,6,366,1,12,3,1,5,2,76,16
2025,7.0,2025-04-27,James,Jordon,Sydney,HFFR,2,150,1,11,2,0,0,1,73,8
2025,7.0,2025-04-27,Braeden,Campbell,Sydney,FPR,5,76,2,16,1,0,4,1,87,13
2025,7.0,2025-04-27,Joel,Jeffrey,Gold Coast,INT,4,399,4,7,2,0,4,0,86,12
2025,7.0,2025-04-27,Matt,Roberts,Sydney,HBFL,3,596,5,8,7,0,2,0,79,22
2025,7.0,2025-04-27,Mac,Andrew,Gold Coast,BPL,4,224,6,6,0,0,1,0,92,12
2025,7.0,2025-04-27,Bodhi,Uwland,Gold Coast,HFFL,6,294,6,7,5,0,3,0,94,16
2025,7.0,2025-04-27,Bailey,Humphrey,Gold Coast,RR,11,405,1,17,1,2,8,1,83,15
2025,7.0,2025-04-27,Corey,Warner,Sydney,INT,2,366,0,5,8,0,3,2,61,11
2025,7.0,2025-04-27,Jed,Walter,Gold Coast,INT,4,123,0,5,0,0,0,3,83,5
2025,7.0,2025-04-27,Will,Graham,Gold Coast,FPL,2,44,2,23,2,0,5,1,86,6
2025,7.0,2025-04-27,Ethan,Read,Gold Coast,FB,3,95,1,6,1,0,3,0,14,1
2025,7.0,2025-04-27,Jake,Rogers,Gold Coast,INT,5,196,1,7,4,0,1,0,80,8
2025,7.0,2025-04-27,Caiden,Cleary,Sydney,HFFL,5,267,2,18,2,1,5,2,82,14
2025,7.0,2025-04-27,Tom,Hanily,Sydney,SUB,0,39,0,11,1,0,0,1,67,2
2025,7.0,2025-04-27,Riley,Bice,Sydney,HBFR,1,281,7,15,1,0,3,0,95,19
2025,7.0,2025-04-27,Patrick,Dangerfield,Geelong,FF,5,188,0,7,4,1,5,0,69,9
2025,7.0,2025-04-27,Rhys,Stanley,Geelong,RK,4,188,0,5,1,3,5,0,71,10
2025,7.0,2025-04-27,Jeremy,Cameron,Geelong,FPL,9,417,1,6,4,0,5,1,64,9
2025,7.0,2025-04-27,Nick,Haynes,Carlton,HBFL,3,400,9,6,3,0,3,0,70,14
2025,7.0,2025-04-27,Mark,Blicavs,Geelong,BPR,5,139,4,13,1,1,5,0,79,11
2025,7.0,2025-04-27,Zac,Williams,Carlton,HBFR,2,104,0,1,0,0,0,1,67,2
2025,7.0,2025-04-27,Patrick,Cripps,Carlton,C,7,369,1,19,3,4,2,0,72,21
2025,7.0,2025-04-27,Blake,Acres,Carlton,INT,2,258,4,16,3,0,2,0,75,12
2025,7.0,2025-04-27,Adam,Saad,Carlton,BPR,2,309,6,12,3,0,7,1,76,16
2025,7.0,2025-04-27,Jacob,Weitering,Carlton,FB,1,257,8,7,1,0,2,0,93,14
2025,7.0,2025-04-27,Mitch,McGovern,Carlton,CHB,3,412,9,6,0,0,4,0,95,19
2025,7.0,2025-04-27,George,Hewett,Carlton,R,5,284,3,19,6,2,6,1,86,25
2025,7.0,2025-04-27,Charlie,Curnow,Carlton,FF,7,343,1,6,3,0,3,0,50,7
2025,7.0,2025-04-27,Jack,Silvagni,Carlton,BPL,4,334,6,11,1,0,3,0,93,14
2025,7.0,2025-04-27,Jack,Bowes,Geelong,INT,3,324,0,19,3,0,2,0,53,9
2025,7.0,2025-04-27,Tom,Stewart,Geelong,CHB,1,281,2,15,1,0,3,0,92,12
2025,7.0,2025-04-27,Mark,O'Connor,Geelong,INT,3,251,3,3,4,0,5,0,56,9
2025,7.0,2025-04-27,Zach,Guthrie,Geelong,HBFR,0,340,7,11,6,0,6,0,81,17
2025,7.0,2025-04-27,Tyson,Stengle,Geelong,HFFR,1,106,0,17,2,0,3,1,63,5
2025,7.0,2025-04-27,Harry,McKay,Carlton,CHF,8,228,1,13,2,0,2,1,84,16
2025,7.0,2025-04-27,Lachie,Fogarty,Carlton,INT,5,202,2,9,1,0,2,3,91,10
2025,7.0,2025-04-27,Adam,Cerra,Carlton,WL,4,289,0,20,3,2,6,0,64,16
2025,7.0,2025-04-27,Tom,De Koning,Carlton,RK,8,328,4,11,6,2,5,0,70,14
2025,7.0,2025-04-27,Sam,Walsh,Carlton,RR,6,356,4,14,3,0,8,0,80,24
2025,7.0,2025-04-27,Tom,Atkins,Geelong,R,3,173,3,37,3,3,8,0,78,14
2025,7.0,2025-04-27,Bailey,Smith,Geelong,RR,3,749,2,32,8,2,6,0,62,18
2025,7.0,2025-04-27,Brad,Close,Geelong,HFFL,4,132,0,7,1,0,5,0,70,7
2025,7.0,2025-04-27,Matthew,Cottrell,Carlton,HFFL,4,308,4,8,5,0,8,0,53,8
2025,7.0,2025-04-27,Oliver,Henry,Geelong,SUB,0,64,1,2,1,0,1,0,100,2
2025,7.0,2025-04-27,Max,Holmes,Geelong,C,3,386,6,13,2,1,8,0,65,13
2025,7.0,2025-04-27,Sam,De Koning,Geelong,FB,1,244,11,5,1,0,8,0,81,13
2025,7.0,2025-04-27,Corey,Durdin,Carlton,FPR,3,136,1,9,2,0,1,3,67,4
2025,7.0,2025-04-27,Oliver,Dempsey,Geelong,WR,3,170,1,7,3,0,3,0,36,4
2025,7.0,2025-04-27,Jesse,Motlop,Carlton,FPL,1,78,0,9,1,0,1,0,60,3
2025,7.0,2025-04-27,Shannon,Neale,Geelong,FPR,3,81,0,4,3,0,1,0,50,2
2025,7.0,2025-04-27,Elijah,Hollands,Carlton,INT,6,429,2,15,7,0,8,2,80,20
2025,7.0,2025-04-27,Oliver,Hollands,Carlton,WR,5,438,3,27,5,0,5,0,83,19
2025,7.0,2025-04-27,Jhye,Clark,Geelong,INT,1,231,2,13,4,0,5,0,50,5
2025,7.0,2025-04-27,Oisin,Mullin,Geelong,WL,0,133,1,7,4,0,0,0,63,5
2025,7.0,2025-04-27,Shaun,Mannagh,Geelong,CHF,5,566,3,21,10,0,10,2,54,14
2025,7.0,2025-04-27,Connor,O'Sullivan,Geelong,BPL,1,253,12,9,3,0,6,0,71,12
2025,7.0,2025-04-27,Lawson,Humphries,Geelong,HBFL,3,468,8,17,3,0,4,0,81,17
2025,7.0,2025-04-27,Cooper,Lord,Carlton,SUB,1,202,1,7,2,0,0,0,70,7
2025,7.0,2025-04-27,Will,White,Carlton,HFFR,7,114,0,6,0,0,3,0,67,6
2025,7.0,2025-04-27,Matthew,Carroll,Carlton,INT,1,358,5,10,7,0,3,0,73,11
2025,7.0,2025-04-27,Oliver,Wiltshire,Geelong,INT,3,109,0,2,1,0,1,0,83,5
2025,7.0,2025-04-27,Jack,Gunston,Hawthorn,FPL,12,204,1,10,3,0,3,1,71,10
2025,7.0,2025-04-27,Jamie,Cripps,West Coast,WL,4,137,0,17,2,0,2,4,60,6
2025,7.0,2025-04-27,Jarman,Impey,Hawthorn,CHB,5,185,6,14,5,0,8,0,65,11
2025,7.0,2025-04-27,Jeremy,McGovern,West Coast,FB,1,416,8,9,2,0,3,0,88,15
2025,7.0,2025-04-27,Liam,Duggan,West Coast,RR,3,425,7,12,6,1,6,0,59,10
2025,7.0,2025-04-27,James,Sicily,Hawthorn,BPR,4,248,9,10,5,0,3,0,70,16
2025,7.0,2025-04-27,Karl,Amon,Hawthorn,WL,8,387,2,13,3,0,1,0,83,15
2025,7.0,2025-04-27,Tom,Barrass,Hawthorn,BPL,2,71,6,6,3,0,3,0,78,7
2025,7.0,2025-04-27,Jayden,Hunt,West Coast,WR,2,395,6,16,3,0,8,1,82,14
2025,7.0,2025-04-27,Tom,Cole,West Coast,INT,1,177,5,6,3,0,4,0,81,13
2025,7.0,2025-04-27,Blake,Hardwick,Hawthorn,FB,6,266,4,5,1,0,3,1,77,10
2025,7.0,2025-04-27,Mabior,Chol,Hawthorn,FF,9,392,0,14,2,1,0,0,53,9
2025,7.0,2025-04-27,Josh,Battle,Hawthorn,HBFL,7,420,10,6,6,0,6,0,66,19
2025,7.0,2025-04-27,Jack,Scrimshaw,Hawthorn,INT,0,103,3,4,1,0,1,0,80,4
2025,7.0,2025-04-27,Jack,Graham,West Coast,HFFL,3,285,2,36,7,0,2,0,71,10
2025,7.0,2025-04-27,Harry,Morrison,Hawthorn,HFFL,6,138,6,15,2,0,9,0,73,16
2025,7.0,2025-04-27,Liam,Ryan,West Coast,FPL,4,113,1,24,3,0,3,3,57,4
2025,7.0,2025-04-27,Jake,Waterman,West Coast,CHF,3,105,1,5,1,0,1,1,63,5
2025,7.0,2025-04-27,James,Worpel,Hawthorn,C,8,357,4,19,6,3,11,0,67,16
2025,7.0,2025-04-27,Oscar,Allen,West Coast,FF,1,263,3,6,1,0,0,0,80,8
2025,7.0,2025-04-27,Liam,Baker,West Coast,HBFR,3,267,7,12,4,0,8,0,83,20
2025,7.0,2025-04-27,Dylan,Moore,Hawthorn,FPR,6,292,1,15,2,1,5,0,82,14
2025,7.0,2025-04-27,Matthew,Owies,West Coast,HFFR,4,233,1,18,2,0,4,0,30,3
2025,7.0,2025-04-27,Lloyd,Meek,Hawthorn,RK,11,204,2,18,2,3,3,0,63,12
2025,7.0,2025-04-27,Matt,Flynn,West Coast,RK,7,198,5,21,5,0,8,1,50,8
2025,7.0,2025-04-27,Jai,Newcombe,Hawthorn,RR,5,180,1,17,2,3,7,2,75,15
2025,7.0,2025-04-27,Jack,Ginnivan,Hawthorn,HFFR,9,379,1,14,1,0,2,3,71,12
2025,7.0,2025-04-27,Connor,Macdonald,Hawthorn,INT,11,343,0,19,2,0,1,3,63,10
2025,7.0,2025-04-27,Josh,Ward,Hawthorn,INT,7,202,3,18,1,1,4,1,70,16
2025,7.0,2025-04-27,Brady,Hough,West Coast,BPR,4,351,1,21,4,2,5,1,61,14
2025,7.0,2025-04-27,Jack,Williams,West Coast,FPR,2,18,0,6,1,1,3,2,80,4
2025,7.0,2025-04-27,Massimo,D'Ambrosio,Hawthorn,WR,6,421,3,8,3,1,3,0,60,9
2025,7.0,2025-04-27,Noah,Long,West Coast,SUB,3,98,1,6,0,0,0,0,67,2
2025,7.0,2025-04-27,Reuben,Ginbey,West Coast,CHB,1,172,3,7,1,0,2,0,55,6
2025,7.0,2025-04-27,Cam,Mackenzie,Hawthorn,INT,4,461,2,26,7,2,7,0,60,12
2025,7.0,2025-04-27,Elijah,Hewett,West Coast,INT,6,107,2,19,2,3,7,0,65,11
2025,7.0,2025-04-27,Josh,Weddle,Hawthorn,HBFR,6,287,2,4,3,0,2,0,77,10
2025,7.0,2025-04-27,Bailey,Macdonald,Hawthorn,SUB,2,113,1,2,1,0,1,0,88,7
2025,7.0,2025-04-27,Ryan,Maric,West Coast,BPL,2,356,7,8,4,0,5,0,80,20
2025,7.0,2025-04-27,Henry,Hustwaite,Hawthorn,R,5,309,2,18,4,0,6,0,67,16
2025,7.0,2025-04-27,Nick,Watson,Hawthorn,CHF,4,219,2,15,2,0,1,0,60,6
2025,7.0,2025-04-27,Harley,Reid,West Coast,C,5,232,4,29,7,3,9,1,58,11
2025,7.0,2025-04-27,Tyrell,Dewar,West Coast,HBFL,0,206,0,11,4,0,1,0,43,3
2025,7.0,2025-04-27,Jack,Hutchinson,West Coast,R,2,375,0,27,7,2,4,0,42,8
2025,7.0,2025-04-27,Archer,Reid,West Coast,INT,4,91,0,5,0,0,1,0,40,2
2025,7.0,2025-04-27,Hamish,Davis,West Coast,INT,3,120,4,8,2,0,5,1,83,10
2025,8.0,2025-05-01,Todd,Goldstein,Essendon,RK,3,40,1,10,1,0,2,0,73,8
2025,8.0,2025-05-01,Jack,Darling,North Melbourne,FF,0,77,0,4,3,0,1,0,40,2
2025,8.0,2025-05-01,Luke,Parker,North Melbourne,RR,5,269,3,18,4,0,5,1,75,15
2025,8.0,2025-05-01,Luke,McDonald,North Melbourne,HBFL,1,162,5,6,3,0,3,0,86,12
2025,8.0,2025-05-01,Zach,Merrett,Essendon,C,9,490,4,23,6,2,12,1,74,26
2025,8.0,2025-05-01,Kyle,Langford,Essendon,FPL,4,195,2,9,4,0,3,1,54,7
2025,8.0,2025-05-01,Peter,Wright,Essendon,FF,6,375,1,12,4,0,0,1,40,6
2025,8.0,2025-05-01,Caleb,Daniel,North Melbourne,CHB,2,510,3,8,5,0,3,0,83,19
2025,8.0,2025-05-01,Jade,Gresham,Essendon,HFFL,5,67,2,13,2,0,6,1,63,10
2025,8.0,2025-05-01,Mason,Redman,Essendon,HBFL,3,371,5,8,1,0,3,0,86,18
2025,8.0,2025-05-01,Andrew,McGrath,Essendon,BPL,4,124,4,12,1,0,5,0,83,15
2025,8.0,2025-05-01,Jy,Simpkin,North Melbourne,R,6,377,2,23,3,2,7,1,81,17
2025,8.0,2025-05-01,Cameron,Zurhaar,North Melbourne,FPL,4,169,1,7,3,0,4,1,56,5
2025,8.0,2025-05-01,Nick,Larkey,North Melbourne,CHF,6,186,0,6,4,0,5,0,80,8
2025,8.0,2025-05-01,Will,Setterfield,Essendon,WL,3,292,1,26,2,0,2,0,76,16
2025,8.0,2025-05-01,Ben,McKay,Essendon,FB,1,53,2,6,0,0,0,0,100,3
2025,8.0,2025-05-01,Luke,Davies-Uniacke,North Melbourne,C,4,244,5,18,5,3,11,2,68,19
2025,8.0,2025-05-01,Jordan,Ridley,Essendon,BPR,0,164,3,1,0,0,1,0,78,7
2025,8.0,2025-05-01,Xavier,Duursma,Essendon,INT,4,233,8,18,4,0,6,0,68,17
2025,8.0,2025-05-01,Bailey,Scott,North Melbourne,SUB,1,13,1,3,0,0,0,1,100,3
2025,8.0,2025-05-01,Tristan,Xerri,North Melbourne,RK,7,266,5,13,3,1,6,1,64,16
2025,8.0,2025-05-01,Dylan,Stephens,North Melbourne,HFFL,4,433,5,14,2,0,2,1,80,20
2025,8.0,2025-05-01,Harrison,Jones,Essendon,INT,1,106,1,10,2,0,0,0,86,6
2025,8.0,2025-05-01,Tom,Powell,North Melbourne,HBFR,3,391,3,16,3,1,8,0,71,20
2025,8.0,2025-05-01,Jaxon,Prior,Essendon,HBFR,2,96,3,9,1,0,2,0,85,11
2025,8.0,2025-05-01,Will,Phillips,North Melbourne,INT,2,88,3,20,1,1,8,2,73,11
2025,8.0,2025-05-01,Archie,Perkins,Essendon,WR,6,352,0,17,2,0,2,0,80,12
2025,8.0,2025-05-01,Zach,Reid,Essendon,CHB,2,290,7,7,3,0,4,0,80,12
2025,8.0,2025-05-01,Sam,Durham,Essendon,R,6,320,3,21,1,2,9,0,88,22
2025,8.0,2025-05-01,Charlie,Comben,North Melbourne,BPL,0,167,4,6,1,0,1,0,92,11
2025,8.0,2025-05-01,Nic,Martin,Essendon,HFFR,7,366,3,6,5,0,4,0,81,17
2025,8.0,2025-05-01,Ben,Hobbs,Essendon,RR,6,270,0,16,2,0,2,0,58,7
2025,8.0,2025-05-01,Jackson,Archer,North Melbourne,BPR,0,9,0,2,0,0,0,0,100,1
2025,8.0,2025-05-01,Jye,Menzie,Essendon,SUB,1,30,1,8,2,0,1,0,50,2
2025,8.0,2025-05-01,Kallan,Dawson,North Melbourne,FB,1,164,1,6,1,0,1,0,75,6
2025,8.0,2025-05-01,Harry,Sheezel,North Melbourne,HFFR,3,591,2,22,8,0,0,0,72,23
2025,8.0,2025-05-01,Elijah,Tsatas,Essendon,INT,2,118,2,12,4,2,6,0,63,10
2025,8.0,2025-05-01,Zane,Duursma,North Melbourne,WL,4,116,1,7,1,0,3,0,67,6
2025,8.0,2025-05-01,Colby,McKercher,North Melbourne,WR,4,175,1,18,3,0,2,0,73,8
2025,8.0,2025-05-01,Riley,Hardeman,North Melbourne,INT,1,270,4,7,2,0,0,0,93,14
2025,8.0,2025-05-01,Nate,Caddy,Essendon,INT,5,229,0,6,3,0,4,0,53,8
2025,8.0,2025-05-01,Archie,Roberts,Essendon,CHF,3,225,8,9,5,0,7,0,81,21
2025,8.0,2025-05-01,Isaac,Kako,Essendon,FPR,6,254,1,11,0,0,5,0,75,9
2025,8.0,2025-05-01,Jacob,Konstanty,North Melbourne,INT,2,145,0,14,1,0,2,1,60,3
2025,8.0,2025-05-01,Finn,O'Sullivan,North Melbourne,INT,2,240,6,18,4,0,2,0,100,11
2025,8.0,2025-05-01,Finnbar,Maley,North Melbourne,FPR,3,125,1,5,2,0,1,2,38,3
2025,8.0,2025-05-02,Bradley,Hill,St Kilda,CHF,5,251,2,8,2,0,4,0,76,16
2025,8.0,2025-05-02,Jack,Macrae,St Kilda,RR,10,287,5,14,3,5,16,0,71,27
2025,8.0,2025-05-02,Jimmy,Webster,St Kilda,BPR,2,231,7,8,2,0,6,0,86,18
2025,8.0,2025-05-02,Jack,Sinclair,St Kilda,HBFR,4,172,5,6,1,0,5,0,100,19
2025,8.0,2025-05-02,Alex,Pearce,Fremantle,FB,2,301,10,10,3,0,3,0,89,16
2025,8.0,2025-05-02,Jack,Steele,St Kilda,R,6,277,2,16,2,1,5,0,77,17
2025,8.0,2025-05-02,Dougal,Howard,St Kilda,BPL,2,246,3,5,1,0,0,0,100,11
2025,8.0,2025-05-02,Corey,Wagner,Fremantle,INT,3,230,3,24,1,0,5,3,77,10
2025,8.0,2025-05-02,Shai,Bolton,Fremantle,HFFR,1,86,1,8,2,0,3,1,43,3
2025,8.0,2025-05-02,Luke,Ryan,Fremantle,BPL,0,602,7,7,6,0,3,0,92,22
2025,8.0,2025-05-02,Brennan,Cox,Fremantle,BPR,1,247,8,7,3,0,2,0,86,12
2025,8.0,2025-05-02,Sean,Darcy,Fremantle,RK,2,52,2,14,0,0,1,2,75,6
2025,8.0,2025-05-02,Rowan,Marshall,St Kilda,RK,8,125,1,8,1,2,2,0,54,7
2025,8.0,2025-05-02,Andrew,Brayshaw,Fremantle,R,5,343,5,19,4,0,5,1,72,13
2025,8.0,2025-05-02,Jack,Higgins,St Kilda,FPR,6,176,2,8,1,0,5,1,67,8
2025,8.0,2025-05-02,Quinton,Narkle,Fremantle,SUB,3,121,1,6,0,0,1,0,100,7
2025,8.0,2025-05-02,Sam,Switkowski,Fremantle,CHF,1,96,1,16,2,0,1,0,71,5
2025,8.0,2025-05-02,Jordan,Clark,Fremantle,HBFR,1,318,6,17,3,0,3,0,75,12
2025,8.0,2025-05-02,Callum,Wilkie,St Kilda,FB,7,298,8,5,2,0,4,0,83,20
2025,8.0,2025-05-02,Liam,Stocker,St Kilda,C,2,293,4,3,4,0,2,1,64,7
2025,8.0,2025-05-02,Hayden,Young,Fremantle,C,1,63,1,7,1,0,1,3,63,5
2025,8.0,2025-05-02,Luke,Jackson,Fremantle,FPL,2,47,0,8,1,1,4,0,91,10
2025,8.0,2025-05-02,Caleb,Serong,Fremantle,RR,2,159,1,26,2,2,7,0,73,11
2025,8.0,2025-05-02,Michael,Frederick,Fremantle,HFFL,2,173,2,14,3,0,2,0,70,7
2025,8.0,2025-05-02,Ryan,Byrnes,St Kilda,WR,6,410,0,15,5,0,5,0,44,7
2025,8.0,2025-05-02,Jeremy,Sharp,Fremantle,WL,2,369,0,5,4,0,0,0,59,10
2025,8.0,2025-05-02,Heath,Chapman,Fremantle,HBFL,0,279,3,10,3,0,0,0,75,6
2025,8.0,2025-05-02,Josh,Treacy,Fremantle,FF,1,78,0,7,2,0,0,0,50,3
2025,8.0,2025-05-02,Cooper,Sharman,St Kilda,FPL,8,265,2,13,3,0,3,1,69,11
2025,8.0,2025-05-02,Mitch,Owens,St Kilda,HFFR,6,317,1,4,8,2,6,0,56,10
2025,8.0,2025-05-02,Nasiah,Wanganeen-Milera,St Kilda,CHB,3,577,6,7,5,0,5,0,79,22
2025,8.0,2025-05-02,Marcus,Windhager,St Kilda,HBFL,3,494,1,5,1,0,3,0,81,17
2025,8.0,2025-05-02,Jye,Amiss,Fremantle,FPR,3,177,0,5,3,0,0,1,75,6
2025,8.0,2025-05-02,Anthony,Caminiti,St Kilda,FF,7,170,1,11,2,0,3,1,75,9
2025,8.0,2025-05-02,Matthew,Johnson,Fremantle,WR,1,503,1,16,6,1,3,0,57,12
2025,8.0,2025-05-02,Karl,Worner,Fremantle,INT,2,104,3,8,2,0,3,0,80,12
2025,8.0,2025-05-02,Lance,Collard,St Kilda,INT,3,116,2,10,2,0,3,1,50,3
2025,8.0,2025-05-02,Darcy,Wilson,St Kilda,WL,4,92,1,9,2,0,5,0,62,8
2025,8.0,2025-05-02,Joshua,Draper,Fremantle,CHB,0,147,5,11,4,0,6,1,77,10
2025,8.0,2025-05-02,Hugo,Garcia,St Kilda,HFFL,3,309,2,19,6,3,5,2,42,8
2025,8.0,2025-05-02,Murphy,Reid,Fremantle,INT,2,140,0,11,4,1,8,0,47,7
2025,8.0,2025-05-02,Max,Hall,St Kilda,INT,4,183,2,18,4,0,5,1,80,12
2025,8.0,2025-05-02,Liam,O'Connell,St Kilda,INT,2,68,1,9,0,0,1,0,83,5
2025,8.0,2025-05-02,Tobie,Travaglia,St Kilda,SUB,0,0,0,0,0,0,0,0,0,0
2025,8.0,2025-05-02,Isaiah,Dudley,Fremantle,INT,3,133,0,22,1,0,2,6,71,5
2025,8.0,2025-05-02,Hugh,Boxshall,St Kilda,INT,2,255,2,11,3,0,8,1,50,8
2025,8.0,2025-05-03,Tom,Liberatore,Western Bulldogs,R,3,133,2,20,0,3,7,0,79,15
2025,8.0,2025-05-03,Adam,Treloar,Western Bulldogs,FPL,9,489,1,12,2,1,5,1,70,19
2025,8.0,2025-05-03,Jason,Johannisen,Western Bulldogs,HBFL,7,368,3,9,2,0,4,0,71,12
2025,8.0,2025-05-03,Ollie,Wines,Port Adelaide,INT,7,295,7,21,4,1,11,0,64,14
2025,8.0,2025-05-03,Marcus,Bontempelli,Western Bulldogs,RR,10,489,1,24,4,0,4,2,74,17
2025,8.0,2025-05-03,Rory,Lobb,Western Bulldogs,CHB,2,188,8,6,1,0,4,0,82,9
2025,8.0,2025-05-03,Bailey,Dale,Western Bulldogs,HBFR,5,559,3,10,2,0,2,0,84,26
2025,8.0,2025-05-03,James,Harmes,Western Bulldogs,HFFL,5,265,5,14,2,0,3,2,75,15
2025,8.0,2025-05-03,Darcy,Byrne-Jones,Port Adelaide,HFFL,3,83,3,15,2,0,1,1,70,7
2025,8.0,2025-05-03,Aliir,Aliir,Port Adelaide,FB,1,190,5,4,2,0,2,0,86,6
2025,8.0,2025-05-03,Bailey,Williams,Western Bulldogs,WL,4,344,4,2,4,0,4,0,86,18
2025,8.0,2025-05-03,Matthew,Kennedy,Western Bulldogs,HFFR,5,213,1,20,4,4,7,1,54,14
2025,8.0,2025-05-03,Sam,Powell-Pepper,Port Adelaide,HFFR,2,212,1,13,4,1,8,1,67,12
2025,8.0,2025-05-03,Tim,English,Western Bulldogs,RK,17,345,4,11,2,2,3,0,74,20
2025,8.0,2025-05-03,Jeremy,Finlayson,Port Adelaide,SUB,1,183,1,2,2,0,1,0,50,3
2025,8.0,2025-05-03,Aaron,Naughton,Western Bulldogs,FF,9,234,0,10,3,0,2,1,63,12
2025,8.0,2025-05-03,Esava,Ratugolea,Port Adelaide,BPL,0,147,6,9,3,0,4,0,82,9
2025,8.0,2025-05-03,Ed,Richards,Western Bulldogs,C,9,729,4,20,4,2,8,0,80,24
2025,8.0,2025-05-03,Willie,Rioli,Port Adelaide,FPL,3,146,0,14,1,0,2,4,67,4
2025,8.0,2025-05-03,Kane,Farrell,Port Adelaide,HBFR,0,425,2,14,5,0,0,0,60,9
2025,8.0,2025-05-03,Zak,Butters,Port Adelaide,RR,1,485,1,26,6,2,6,1,63,15
2025,8.0,2025-05-03,Willem,Drew,Port Adelaide,C,2,170,2,23,5,2,5,1,63,10
2025,8.0,2025-05-03,Connor,Rozee,Port Adelaide,CHB,1,575,1,21,5,1,4,0,66,19
2025,8.0,2025-05-03,Rhylee,West,Western Bulldogs,FPR,10,160,0,9,2,0,4,1,73,11
2025,8.0,2025-05-03,Mitch,Georgiades,Port Adelaide,FF,5,77,0,9,3,0,4,1,46,5
2025,8.0,2025-05-03,Laitham,Vandermeer,Western Bulldogs,BPL,6,129,2,5,3,0,6,2,80,12
2025,8.0,2025-05-03,Lachlan,McNeil,Western Bulldogs,INT,8,203,1,10,2,2,7,0,75,12
2025,8.0,2025-05-03,Miles,Bergman,Port Adelaide,HBFL,1,380,8,14,3,0,3,0,86,12
2025,8.0,2025-05-03,Lachie,Jones,Port Adelaide,BPR,1,130,4,6,1,0,2,0,100,5
2025,8.0,2025-05-03,Jordon,Sweet,Port Adelaide,RK,1,79,1,16,1,0,3,1,67,6
2025,8.0,2025-05-03,Buku,Khamis,Western Bulldogs,CHF,6,71,1,12,0,1,2,1,88,7
2025,8.0,2025-05-03,Lachlan,Bramble,Western Bulldogs,BPR,3,375,4,12,4,0,4,0,80,12
2025,8.0,2025-05-03,Jackson,Mead,Port Adelaide,INT,1,67,0,15,1,0,3,0,57,4
2025,8.0,2025-05-03,Jason,Horne-Francis,Port Adelaide,R,2,479,0,10,6,1,11,2,41,9
2025,8.0,2025-05-03,Luke,Cleary,Western Bulldogs,INT,2,143,4,7,2,0,6,0,85,11
2025,8.0,2025-05-03,Jase,Burgoyne,Port Adelaide,WL,1,339,3,16,3,0,7,0,62,13
2025,8.0,2025-05-03,Ollie,Lord,Port Adelaide,FPR,3,45,0,8,1,0,1,2,71,5
2025,8.0,2025-05-03,James,O'Donnell,Western Bulldogs,FB,1,112,8,3,2,0,3,0,70,7
2025,8.0,2025-05-03,Ryley,Sanders,Western Bulldogs,INT,7,32,1,11,1,0,3,1,88,15
2025,8.0,2025-05-03,Joel,Freijah,Western Bulldogs,WR,5,466,2,14,5,2,4,0,58,11
2025,8.0,2025-05-03,Joe,Richards,Port Adelaide,CHF,5,197,1,16,1,0,1,3,77,10
2025,8.0,2025-05-03,Logan,Evans,Port Adelaide,INT,1,336,6,10,1,0,7,1,93,13
2025,8.0,2025-05-03,Will,Lorenz,Port Adelaide,WR,2,142,3,16,0,0,7,0,87,13
2025,8.0,2025-05-03,Sam,Davidson,Western Bulldogs,INT,6,318,1,7,3,0,3,1,57,8
2025,8.0,2025-05-03,Joe,Berry,Port Adelaide,INT,1,23,0,7,0,0,1,0,67,2
2025,8.0,2025-05-03,Jedd,Busslinger,Western Bulldogs,SUB,0,47,0,0,1,0,0,0,100,2
2025,8.0,2025-05-03,Taylor,Walker,Adelaide,FF,6,351,1,8,5,0,1,0,67,10
2025,8.0,2025-05-03,Brodie,Smith,Adelaide,INT,5,353,5,8,4,0,2,0,94,16
2025,8.0,2025-05-03,Nick,Haynes,Carlton,CHB,2,285,8,8,2,0,3,0,94,15
2025,8.0,2025-05-03,Rory,Laird,Adelaide,BPR,3,278,3,9,3,1,3,0,91,21
2025,8.0,2025-05-03,Sam,Docherty,Carlton,BPL,2,168,0,12,2,0,0,0,67,8
2025,8.0,2025-05-03,Patrick,Cripps,Carlton,C,6,214,2,15,1,1,10,2,75,18
2025,8.0,2025-05-03,Blake,Acres,Carlton,HBFL,3,232,1,6,3,0,3,0,64,7
2025,8.0,2025-05-03,Adam,Saad,Carlton,HBFR,3,378,4,17,2,0,2,0,95,18
2025,8.0,2025-05-03,Alex,Neal-Bullen,Adelaide,FPR,8,155,3,19,2,0,8,0,78,14
2025,8.0,2025-05-03,Jacob,Weitering,Carlton,FB,0,147,7,4,3,0,3,0,62,8
2025,8.0,2025-05-03,Mitch,McGovern,Carlton,BPR,2,495,4,14,5,0,1,0,75,12
2025,8.0,2025-05-03,Wayne,Milera,Adelaide,HBFL,6,348,3,7,3,0,3,0,74,20
2025,8.0,2025-05-03,George,Hewett,Carlton,R,4,428,3,13,6,1,7,0,80,20
2025,8.0,2025-05-03,Charlie,Curnow,Carlton,FF,6,261,0,2,3,0,2,0,77,10
2025,8.0,2025-05-03,Ben,Keays,Adelaide,HFFL,5,282,1,16,3,0,2,0,58,7
2025,8.0,2025-05-03,Reilly,O'Brien,Adelaide,RK,8,98,2,10,1,1,1,0,100,7
2025,8.0,2025-05-03,Jordan,Dawson,Adelaide,C,9,268,5,21,4,4,7,1,86,19
2025,8.0,2025-05-03,Lewis,Young,Carlton,FPR,2,211,5,5,5,1,4,0,60,9
2025,8.0,2025-05-03,Harry,McKay,Carlton,CHF,1,86,0,5,2,0,1,1,75,6
2025,8.0,2025-05-03,Darcy,Fogarty,Adelaide,FPL,5,158,1,4,3,0,1,0,80,8
2025,8.0,2025-05-03,Lachie,Fogarty,Carlton,FPL,4,25,1,7,0,0,3,1,88,7
2025,8.0,2025-05-03,Adam,Cerra,Carlton,INT,6,399,4,20,3,2,6,0,64,14
2025,8.0,2025-05-03,Isaac,Cumming,Adelaide,WL,6,329,3,9,1,0,3,0,82,14
2025,8.0,2025-05-03,Tom,De Koning,Carlton,RK,5,359,3,2,8,0,4,0,47,8
2025,8.0,2025-05-03,Sam,Walsh,Carlton,RR,4,178,5,22,3,1,8,0,71,15
2025,8.0,2025-05-03,Izak,Rankine,Adelaide,R,12,469,1,14,1,1,6,2,83,24
2025,8.0,2025-05-03,Mark,Keane,Adelaide,CHB,3,178,6,3,0,0,2,0,89,8
2025,8.0,2025-05-03,Jordon,Butts,Adelaide,FB,1,97,0,1,0,0,0,0,100,7
2025,8.0,2025-05-03,Sam,Berry,Adelaide,SUB,6,184,3,2,2,3,5,0,80,8
2025,8.0,2025-05-03,Riley,Thilthorpe,Adelaide,CHF,5,104,3,10,2,1,7,2,100,9
2025,8.0,2025-05-03,Josh,Worrell,Adelaide,BPL,4,393,9,4,8,0,6,0,70,16
2025,8.0,2025-05-03,James,Peatling,Adelaide,INT,3,368,1,19,2,2,4,1,73,16
2025,8.0,2025-05-03,Corey,Durdin,Carlton,HFFR,3,78,0,11,2,0,0,0,50,2
2025,8.0,2025-05-03,Jake,Soligo,Adelaide,WR,7,240,2,11,4,1,3,0,74,14
2025,8.0,2025-05-03,Josh,Rachele,Adelaide,RR,8,434,0,6,2,2,3,1,63,12
2025,8.0,2025-05-03,Jesse,Motlop,Carlton,INT,2,56,0,14,2,0,1,0,67,4
2025,8.0,2025-05-03,Elijah,Hollands,Carlton,WL,4,321,2,20,2,0,4,1,69,9
2025,8.0,2025-05-03,Lachlan,Cowan,Carlton,SUB,1,75,3,2,2,0,1,0,80,4
2025,8.0,2025-05-03,Oliver,Hollands,Carlton,WR,1,242,5,14,2,0,1,0,78,14
2025,8.0,2025-05-03,Max,Michalanney,Adelaide,HBFR,8,520,4,6,4,0,4,0,78,21
2025,8.0,2025-05-03,Luke,Nankervis,Adelaide,HFFR,1,42,1,9,0,0,1,0,100,8
2025,8.0,2025-05-03,Daniel,Curtin,Adelaide,INT,5,219,3,3,1,0,3,1,85,11
2025,8.0,2025-05-03,Zac,Taylor,Adelaide,INT,5,118,2,11,3,0,5,0,82,14
2025,8.0,2025-05-03,Cooper,Lord,Carlton,INT,2,98,1,20,0,0,3,1,89,8
2025,8.0,2025-05-03,Will,White,Carlton,HFFL,5,119,0,22,0,0,3,0,78,7
2025,8.0,2025-05-03,Matthew,Carroll,Carlton,INT,1,117,1,12,1,0,0,0,71,5
2025,8.0,2025-05-03,Scott,Pendlebury,Collingwood,INT,5,458,2,18,4,4,3,0,89,23
2025,8.0,2025-05-03,Patrick,Dangerfield,Geelong,FPR,8,464,1,12,5,0,11,2,66,19
2025,8.0,2025-05-03,Steele,Sidebottom,Collingwood,C,11,505,2,10,2,1,6,0,76,19
2025,8.0,2025-05-03,Mitch,Duncan,Geelong,INT,6,348,4,5,4,0,3,0,85,17
2025,8.0,2025-05-03,Rhys,Stanley,Geelong,RK,0,8,0,4,0,0,1,0,50,1
2025,8.0,2025-05-03,Jeremy,Cameron,Geelong,FPL,4,242,0,5,2,0,0,0,55,6
2025,8.0,2025-05-03,Will,Hoskin-Elliott,Collingwood,SUB,0,73,0,3,2,0,0,0,50,1
2025,8.0,2025-05-03,Jack,Crisp,Collingwood,WL,2,469,1,11,3,0,1,0,73,11
2025,8.0,2025-05-03,Jamie,Elliott,Collingwood,FPR,7,144,2,17,6,0,2,3,67,8
2025,8.0,2025-05-03,Mark,Blicavs,Geelong,BPR,4,229,2,17,4,1,1,0,78,7
2025,8.0,2025-05-03,Tim,Membrey,Collingwood,CHF,4,214,2,6,4,0,3,1,60,6
2025,8.0,2025-05-03,Jordan,De Goey,Collingwood,HFFR,4,57,1,5,0,1,3,0,78,7
2025,8.0,2025-05-03,Brayden,Maynard,Collingwood,BPL,3,580,4,14,4,0,4,0,65,13
2025,8.0,2025-05-03,Darcy,Moore,Collingwood,FB,2,100,6,8,0,0,2,0,88,7
2025,8.0,2025-05-03,Mason,Cox,Collingwood,INT,3,145,3,3,1,0,1,0,38,3
2025,8.0,2025-05-03,Dan,Houston,Collingwood,BPR,5,287,3,10,2,1,1,0,75,15
2025,8.0,2025-05-03,Jack,Bowes,Geelong,INT,5,319,5,19,6,0,6,1,84,16
2025,8.0,2025-05-03,Mark,O'Connor,Geelong,HBFR,0,126,5,9,2,0,0,0,73,8
2025,8.0,2025-05-03,Harry,Perryman,Collingwood,HBFL,6,178,11,10,1,0,6,0,88,15
2025,8.0,2025-05-03,Zach,Guthrie,Geelong,CHB,2,428,3,9,5,0,1,0,81,13
2025,8.0,2025-05-03,Tyson,Stengle,Geelong,INT,8,117,2,9,1,0,4,2,83,10
2025,8.0,2025-05-03,Josh,Daicos,Collingwood,INT,5,590,1,8,2,2,3,0,88,28
2025,8.0,2025-05-03,Patrick,Lipinski,Collingwood,WR,4,322,6,16,5,0,6,1,85,17
2025,8.0,2025-05-03,Brody,Mihocek,Collingwood,FF,7,191,0,5,0,0,1,1,50,5
2025,8.0,2025-05-03,Darcy,Cameron,Collingwood,RK,9,226,1,11,4,2,2,1,61,14
2025,8.0,2025-05-03,Billy,Frampton,Collingwood,CHB,3,9,3,9,1,0,0,0,88,7
2025,8.0,2025-05-03,Tom,Atkins,Geelong,R,3,202,3,20,5,1,9,1,52,11
2025,8.0,2025-05-03,Bailey,Smith,Geelong,RR,5,715,2,18,4,2,7,0,74,25
2025,8.0,2025-05-03,Lachie,Schultz,Collingwood,INT,9,252,3,19,2,1,2,3,60,9
2025,8.0,2025-05-03,Isaac,Quaynor,Collingwood,HBFR,3,213,4,12,2,0,3,0,92,12
2025,8.0,2025-05-03,Bobby,Hill,Collingwood,HFFL,3,164,0,7,3,0,1,1,71,5
2025,8.0,2025-05-03,Brad,Close,Geelong,HFFL,5,227,1,14,2,1,2,1,89,16
2025,8.0,2025-05-03,Oliver,Henry,Geelong,HFFR,4,141,0,9,1,0,2,1,67,4
2025,8.0,2025-05-03,Beau,McCreery,Collingwood,FPL,1,153,1,17,0,0,3,1,83,5
2025,8.0,2025-05-03,Max,Holmes,Geelong,C,6,338,7,12,3,2,7,0,76,16
2025,8.0,2025-05-03,Sam,De Koning,Geelong,FB,3,166,10,5,2,0,3,0,86,12
2025,8.0,2025-05-03,Nick,Daicos,Collingwood,RR,8,388,2,13,2,2,6,1,71,20
2025,8.0,2025-05-03,Oliver,Dempsey,Geelong,INT,6,223,2,6,2,0,7,1,86,12
2025,8.0,2025-05-03,Shannon,Neale,Geelong,FF,4,251,0,13,3,0,1,0,38,3
2025,8.0,2025-05-03,Ned,Long,Collingwood,R,3,139,3,30,5,2,7,1,72,13
2025,8.0,2025-05-03,Jhye,Clark,Geelong,WL,3,157,4,11,1,0,6,0,75,9
2025,8.0,2025-05-03,Oisin,Mullin,Geelong,WR,3,198,0,19,1,3,3,1,78,7
2025,8.0,2025-05-03,Shaun,Mannagh,Geelong,CHF,9,246,0,24,2,0,9,2,72,13
2025,8.0,2025-05-03,Connor,O'Sullivan,Geelong,BPL,1,152,3,2,2,0,2,0,70,7
2025,8.0,2025-05-03,Lawson,Humphries,Geelong,HBFL,0,282,1,6,1,0,1,0,85,11
2025,8.0,2025-05-03,Oliver,Wiltshire,Geelong,SUB,3,244,0,8,2,0,0,1,43,3
2025,8.0,2025-05-03,Jake,Melksham,Melbourne,CHF,7,375,0,11,4,0,0,1,92,11
2025,8.0,2025-05-03,Jamie,Cripps,West Coast,FPL,6,236,0,12,3,0,4,0,73,8
2025,8.0,2025-05-03,Steven,May,Melbourne,FB,2,178,1,5,1,0,0,0,80,8
2025,8.0,2025-05-03,Max,Gawn,Melbourne,RK,12,191,3,5,2,3,8,0,71,25
2025,8.0,2025-05-03,Tom,McDonald,Melbourne,CHB,2,262,6,3,4,0,3,0,92,12
2025,8.0,2025-05-03,Jack,Viney,Melbourne,C,6,283,3,19,3,3,4,4,67,12
2025,8.0,2025-05-03,Jeremy,McGovern,West Coast,FB,1,294,6,2,1,0,0,0,85,11
2025,8.0,2025-05-03,Christian,Salem,Melbourne,INT,1,271,2,6,3,0,4,0,64,9
2025,8.0,2025-05-03,Liam,Duggan,West Coast,HBFL,3,577,4,5,5,0,3,0,89,16
2025,8.0,2025-05-03,Ed,Langdon,Melbourne,WR,6,237,3,14,0,0,4,2,83,15
2025,8.0,2025-05-03,Jayden,Hunt,West Coast,HBFR,3,194,3,19,1,0,4,1,77,10
2025,8.0,2025-05-03,Christian,Petracca,Melbourne,RR,7,362,1,16,5,5,11,2,62,18
2025,8.0,2025-05-03,Tom,Cole,West Coast,SUB,0,39,4,4,0,0,4,0,78,7
2025,8.0,2025-05-03,Jack,Graham,West Coast,HFFR,4,317,4,23,5,1,3,1,67,10
2025,8.0,2025-05-03,Bayley,Fritsch,Melbourne,INT,3,86,0,10,2,0,1,0,43,3
2025,8.0,2025-05-03,Tim,Kelly,West Coast,C,4,303,0,25,4,1,6,0,57,8
2025,8.0,2025-05-03,Liam,Ryan,West Coast,FPR,2,214,0,13,2,0,2,0,70,7
2025,8.0,2025-05-03,Jake,Waterman,West Coast,CHF,6,215,0,6,2,0,1,1,73,8
2025,8.0,2025-05-03,Charlie,Spargo,Melbourne,FPL,6,86,2,14,0,1,3,1,79,11
2025,8.0,2025-05-03,Harrison,Petty,Melbourne,FF,1,73,1,2,2,0,0,1,100,4
2025,8.0,2025-05-03,Oscar,Allen,West Coast,CHB,1,389,12,6,0,0,4,0,93,14
2025,8.0,2025-05-03,Liam,Baker,West Coast,BPR,4,459,4,15,1,1,5,0,75,18
2025,8.0,2025-05-03,Tom,Sparrow,Melbourne,WL,1,36,1,12,2,1,3,1,86,6
2025,8.0,2025-05-03,Kade,Chandler,Melbourne,INT,7,567,5,16,6,0,6,0,62,16
2025,8.0,2025-05-03,Kysaiah,Pickett,Melbourne,FPR,3,345,2,11,5,3,4,2,57,8
2025,8.0,2025-05-03,Trent,Rivers,Melbourne,INT,3,402,4,15,7,0,7,0,60,15
2025,8.0,2025-05-03,Matthew,Owies,West Coast,HFFL,2,233,2,14,4,1,8,0,40,6
2025,8.0,2025-05-03,Tyler,Brockman,West Coast,INT,6,276,1,10,1,4,9,0,57,8
2025,8.0,2025-05-03,Harry,Sharp,Melbourne,SUB,3,151,0,8,0,0,1,0,75,3
2025,8.0,2025-05-03,Matt,Flynn,West Coast,RK,2,57,1,18,1,1,2,0,44,4
2025,8.0,2025-05-03,Jake,Bowey,Melbourne,BPL,5,299,3,13,5,1,2,0,83,15
2025,8.0,2025-05-03,Brady,Hough,West Coast,WL,1,137,1,22,3,0,4,1,58,7
2025,8.0,2025-05-03,Jack,Williams,West Coast,FF,4,228,2,4,5,0,4,0,39,5
2025,8.0,2025-05-03,Daniel,Turner,Melbourne,HFFR,5,359,6,9,6,0,7,0,84,16
2025,8.0,2025-05-03,Reuben,Ginbey,West Coast,BPL,1,311,10,9,5,0,5,0,79,15
2025,8.0,2025-05-03,Judd,McVee,Melbourne,BPR,1,60,2,8,0,0,2,0,100,7
2025,8.0,2025-05-03,Elijah,Hewett,West Coast,INT,6,257,3,19,1,0,6,0,80,12
2025,8.0,2025-05-03,Ryan,Maric,West Coast,INT,2,474,6,12,6,0,4,0,73,19
2025,8.0,2025-05-03,Caleb,Windsor,Melbourne,HBFR,4,499,5,7,7,0,5,0,75,15
2025,8.0,2025-05-03,Harley,Reid,West Coast,R,2,285,2,13,5,0,1,1,62,8
2025,8.0,2025-05-03,Koltyn,Tholstrup,Melbourne,HFFL,5,135,1,12,3,0,6,3,43,6
2025,8.0,2025-05-03,Jack,Hutchinson,West Coast,RR,2,185,3,14,3,1,5,0,69,11
2025,8.0,2025-05-03,Harvey,Langford,Melbourne,R,5,433,2,3,2,1,7,0,72,18
2025,8.0,2025-05-03,Xavier,Lindsay,Melbourne,HBFL,0,302,5,7,1,0,4,0,91,10
2025,8.0,2025-05-03,Archer,Reid,West Coast,INT,3,56,1,1,0,0,1,0,60,3
2025,8.0,2025-05-03,Bo,Allan,West Coast,WR,0,5,1,8,0,0,1,0,100,7
2025,8.0,2025-05-04,Callan,Ward,Greater Western Sydney,WL,9,238,3,6,3,0,6,1,86,18
2025,8.0,2025-05-04,Toby,Greene,Greater Western Sydney,FPR,3,206,2,13,3,2,6,0,54,7
2025,8.0,2025-05-04,Lachie,Whitfield,Greater Western Sydney,HBFL,4,428,3,14,2,0,1,0,82,23
2025,8.0,2025-05-04,Dane,Rampe,Sydney,HBFR,3,240,5,12,3,0,3,0,75,9
2025,8.0,2025-05-04,Jake,Stringer,Greater Western Sydney,SUB,4,125,0,9,1,0,2,1,60,3
2025,8.0,2025-05-04,Brodie,Grundy,Sydney,RK,5,162,0,11,5,1,2,0,50,4
2025,8.0,2025-05-04,Jake,Lloyd,Sydney,WR,5,383,2,5,4,2,5,0,87,13
2025,8.0,2025-05-04,Jesse,Hogan,Greater Western Sydney,FF,5,112,0,8,0,0,1,0,57,4
2025,8.0,2025-05-04,Isaac,Heeney,Sydney,C,9,310,3,15,5,1,6,1,64,14
2025,8.0,2025-05-04,Joel,Hamling,Sydney,CHF,6,50,1,7,1,0,1,0,50,4
2025,8.0,2025-05-04,Harry,Himmelberg,Greater Western Sydney,BPR,3,279,3,4,1,0,2,0,88,15
2025,8.0,2025-05-04,Aaron,Francis,Sydney,FF,5,98,4,15,3,0,3,0,82,9
2025,8.0,2025-05-04,Oliver,Florent,Sydney,WL,3,317,5,16,4,0,5,0,81,13
2025,8.0,2025-05-04,Will,Hayward,Sydney,FPL,1,65,1,19,3,0,4,1,70,7
2025,8.0,2025-05-04,Lewis,Melican,Sydney,BPL,1,162,6,5,1,0,2,0,88,7
2025,8.0,2025-05-04,Tom,McCartin,Sydney,FB,2,104,7,3,1,0,4,0,90,9
2025,8.0,2025-05-04,Sam,Taylor,Greater Western Sydney,FB,2,142,8,11,2,0,5,0,64,7
2025,8.0,2025-05-04,Nick,Blakey,Sydney,CHB,3,530,4,8,4,0,4,0,67,12
2025,8.0,2025-05-04,Justin,McInerney,Sydney,HFFR,7,355,3,13,1,1,7,0,79,19
2025,8.0,2025-05-04,James,Rowbottom,Sydney,INT,8,452,2,33,1,2,4,1,57,8
2025,8.0,2025-05-04,Hayden,McLean,Sydney,INT,4,145,0,9,5,0,6,1,80,8
2025,8.0,2025-05-04,Connor,Idun,Greater Western Sydney,BPL,5,248,8,5,3,0,4,0,77,17
2025,8.0,2025-05-04,Tom,Green,Greater Western Sydney,R,4,507,4,14,8,1,12,0,56,19
2025,8.0,2025-05-04,Toby,Bedford,Greater Western Sydney,RR,3,60,1,8,0,1,6,1,100,9
2025,8.0,2025-05-04,Lachie,Ash,Greater Western Sydney,HBFR,6,462,4,11,3,0,6,0,83,24
2025,8.0,2025-05-04,Chad,Warner,Sydney,RR,9,579,2,26,4,1,10,1,79,19
2025,8.0,2025-05-04,Sam,Wicks,Sydney,HBFL,6,401,6,10,2,0,5,0,89,16
2025,8.0,2025-05-04,Xavier,O'Halloran,Greater Western Sydney,INT,3,265,4,23,3,2,9,0,77,13
2025,8.0,2025-05-04,Jack,Buckley,Greater Western Sydney,CHB,1,124,5,7,2,0,2,0,67,4
2025,8.0,2025-05-04,James,Jordon,Sydney,R,3,220,2,15,1,0,3,1,89,16
2025,8.0,2025-05-04,Braeden,Campbell,Sydney,HFFL,4,231,0,18,1,1,3,1,73,8
2025,8.0,2025-05-04,Kieren,Briggs,Greater Western Sydney,RK,2,179,1,8,3,1,2,0,67,8
2025,8.0,2025-05-04,Callum,Brown,Greater Western Sydney,INT,4,223,1,10,2,1,4,0,63,10
2025,8.0,2025-05-04,Angus,Sheldrick,Sydney,SUB,2,52,0,3,0,1,1,0,75,3
2025,8.0,2025-05-04,Finn,Callaghan,Greater Western Sydney,C,8,536,2,16,3,3,5,0,76,25
2025,8.0,2025-05-04,Jacob,Wehr,Greater Western Sydney,WR,3,300,2,10,3,1,5,0,88,15
2025,8.0,2025-05-04,Matt,Roberts,Sydney,BPR,2,562,2,7,9,0,2,0,76,19
2025,8.0,2025-05-04,Corey,Warner,Sydney,INT,5,287,2,12,2,0,1,0,70,7
2025,8.0,2025-05-04,Aaron,Cadman,Greater Western Sydney,CHF,3,269,2,8,5,0,3,1,58,7
2025,8.0,2025-05-04,Toby,McMullin,Greater Western Sydney,INT,5,368,3,18,4,0,3,1,68,13
2025,8.0,2025-05-04,Harvey,Thomas,Greater Western Sydney,FPL,4,173,0,14,2,0,2,1,55,6
2025,8.0,2025-05-04,Darcy,Jones,Greater Western Sydney,HFFL,7,209,1,15,1,0,5,1,50,5
2025,8.0,2025-05-04,Caiden,Cleary,Sydney,FPR,5,150,0,26,0,0,1,3,75,6
2025,8.0,2025-05-04,Joe,Fonti,Greater Western Sydney,INT,4,492,3,10,5,0,3,0,77,13
2025,8.0,2025-05-04,Riley,Bice,Sydney,INT,2,156,4,9,0,0,4,0,58,7
2025,8.0,2025-05-04,Josaia,Delana,Greater Western Sydney,HFFR,0,34,1,16,2,0,1,1,67,2
2025,8.0,2025-05-04,Jack,Gunston,Hawthorn,FPL,10,305,1,8,4,0,5,0,67,10
2025,8.0,2025-05-04,Tom,Lynch,Richmond,FF,3,133,0,10,5,0,2,1,29,2
2025,8.0,2025-05-04,Luke,Breust,Hawthorn,INT,5,200,0,6,2,0,2,2,60,6
2025,8.0,2025-05-04,Nick,Vlastuin,Richmond,BPL,2,398,3,4,2,0,2,0,95,19
2025,8.0,2025-05-04,Jarman,Impey,Hawthorn,CHB,9,392,2,7,3,1,4,0,88,21
2025,8.0,2025-05-04,Kamdyn,McIntosh,Richmond,INT,3,287,5,15,5,0,1,0,58,7
2025,8.0,2025-05-04,James,Sicily,Hawthorn,BPR,10,460,6,9,7,0,1,0,71,17
2025,8.0,2025-05-04,Toby,Nankervis,Richmond,RK,3,117,2,11,2,2,4,0,64,9
2025,8.0,2025-05-04,Tom,Barrass,Hawthorn,BPL,2,150,7,3,3,0,4,0,93,13
2025,8.0,2025-05-04,Jayden,Short,Richmond,CHB,4,294,1,10,3,0,0,0,80,12
2025,8.0,2025-05-04,Jacob,Hopper,Richmond,R,5,304,1,13,4,3,6,0,79,22
2025,8.0,2025-05-04,Nathan,Broad,Richmond,HBFR,1,257,1,9,1,0,1,0,85,11
2025,8.0,2025-05-04,Blake,Hardwick,Hawthorn,HFFL,4,-13,4,2,0,0,2,0,100,19
2025,8.0,2025-05-04,Mabior,Chol,Hawthorn,FF,7,139,1,8,1,1,0,0,73,8
2025,8.0,2025-05-04,Tim,Taranto,Richmond,RR,5,366,3,22,5,1,7,1,89,23
2025,8.0,2025-05-04,Josh,Battle,Hawthorn,HBFL,7,506,10,2,1,0,5,0,94,31
2025,8.0,2025-05-04,Harry,Morrison,Hawthorn,WR,7,162,0,14,3,0,3,0,80,16
2025,8.0,2025-05-04,James,Worpel,Hawthorn,R,6,168,2,16,2,1,3,0,83,15
2025,8.0,2025-05-04,Noah,Balta,Richmond,FB,2,432,5,6,3,0,2,0,86,12
2025,8.0,2025-05-04,Dylan,Moore,Hawthorn,HFFR,3,129,0,4,1,0,1,0,82,9
2025,8.0,2025-05-04,Jack,Ross,Richmond,CHF,5,79,1,11,1,0,5,0,92,12
2025,8.0,2025-05-04,Changkuoth,Jiath,Hawthorn,INT,7,500,6,7,3,0,1,0,81,26
2025,8.0,2025-05-04,Thomson,Dow,Richmond,INT,4,160,1,12,3,1,3,0,78,14
2025,8.0,2025-05-04,Finn,Maginness,Hawthorn,INT,5,270,5,5,4,0,3,1,82,18
2025,8.0,2025-05-04,Lloyd,Meek,Hawthorn,RK,8,73,1,11,1,1,4,1,60,6
2025,8.0,2025-05-04,Rhyan,Mansell,Richmond,FPL,4,120,0,19,5,0,2,0,50,5
2025,8.0,2025-05-04,Hugo,Ralphsmith,Richmond,WR,4,366,3,15,3,0,4,0,58,7
2025,8.0,2025-05-04,Jai,Newcombe,Hawthorn,RR,9,537,3,11,1,0,3,0,82,22
2025,8.0,2025-05-04,Jack,Ginnivan,Hawthorn,WL,10,427,1,10,2,0,1,0,65,15
2025,8.0,2025-05-04,Maurice,Rioli,Richmond,INT,3,81,2,13,1,0,1,2,60,3
2025,8.0,2025-05-04,Ben,Miller,Richmond,BPR,2,143,5,3,2,0,3,0,67,6
2025,8.0,2025-05-04,Connor,Macdonald,Hawthorn,FPR,5,260,2,14,3,0,2,0,83,10
2025,8.0,2025-05-04,Josh,Ward,Hawthorn,INT,7,161,1,16,0,4,7,0,95,18
2025,8.0,2025-05-04,Massimo,D'Ambrosio,Hawthorn,HBFR,11,796,2,10,5,0,4,0,70,21
2025,8.0,2025-05-04,Josh,Weddle,Hawthorn,FB,7,302,6,9,2,0,5,0,85,17
2025,8.0,2025-05-04,Bailey,Macdonald,Hawthorn,SUB,2,110,1,0,0,0,1,0,100,5
2025,8.0,2025-05-04,Sam,Banks,Richmond,WL,3,196,2,7,0,0,3,0,100,15
2025,8.0,2025-05-04,Henry,Hustwaite,Hawthorn,C,10,182,0,22,1,1,4,1,84,16
2025,8.0,2025-05-04,James,Trezise,Richmond,SUB,2,158,2,5,1,0,0,0,86,6
2025,8.0,2025-05-04,Tom,Brown,Richmond,HBFL,2,413,5,9,5,0,2,0,79,11
2025,8.0,2025-05-04,Seth,Campbell,Richmond,HFFR,4,176,2,18,3,0,3,0,91,10
2025,8.0,2025-05-04,Nick,Watson,Hawthorn,CHF,6,218,0,7,1,0,3,0,90,9
2025,8.0,2025-05-04,Steely,Green,Richmond,HFFL,2,154,1,21,1,0,0,0,75,6
2025,8.0,2025-05-04,Sam,Lalor,Richmond,C,4,171,1,18,3,1,5,1,58,7
2025,8.0,2025-05-04,Luke,Trainor,Richmond,INT,5,438,4,7,2,0,2,0,91,19
2025,8.0,2025-05-04,Jonty,Faull,Richmond,FPR,2,37,1,10,1,0,2,1,86,6
2025,8.0,2025-05-04,Ryan,Lester,Brisbane Lions,BPR,2,319,2,5,4,0,2,0,64,7
2025,8.0,2025-05-04,David,Swallow,Gold Coast,FF,2,58,1,5,1,0,4,0,75,6
2025,8.0,2025-05-04,Sam,Day,Brisbane Lions,FF,2,68,0,3,0,0,0,1,67,2
2025,8.0,2025-05-04,Lachie,Neale,Brisbane Lions,R,3,337,3,25,4,4,11,0,72,18
2025,8.0,2025-05-04,Dayne,Zorko,Brisbane Lions,BPL,2,403,5,9,2,0,2,0,78,18
2025,8.0,2025-05-04,Jarrod,Witts,Gold Coast,RK,3,58,1,10,1,1,5,1,67,6
2025,8.0,2025-05-04,Darcy,Gardiner,Brisbane Lions,INT,3,151,0,12,3,0,2,3,44,4
2025,8.0,2025-05-04,Charlie,Cameron,Brisbane Lions,HFFL,6,278,5,8,1,0,3,0,46,6
2025,8.0,2025-05-04,Nick,Holman,Gold Coast,WL,1,217,2,22,3,0,3,2,92,11
2025,8.0,2025-05-04,Touk,Miller,Gold Coast,WR,7,287,2,22,5,1,8,1,76,22
2025,8.0,2025-05-04,Harris,Andrews,Brisbane Lions,CHB,2,108,11,1,1,0,4,0,94,17
2025,8.0,2025-05-04,Lachie,Weller,Gold Coast,HFFR,0,33,1,4,0,0,2,0,100,2
2025,8.0,2025-05-04,Conor,McKenna,Brisbane Lions,INT,2,246,1,15,4,0,1,2,78,7
2025,8.0,2025-05-04,Daniel,Rioli,Gold Coast,HBFR,3,275,8,10,3,0,5,0,72,13
2025,8.0,2025-05-04,Callum,Ah Chee,Brisbane Lions,FPR,6,193,1,7,1,0,1,2,80,8
2025,8.0,2025-05-04,Josh,Dunkley,Brisbane Lions,RR,5,462,2,20,4,2,5,3,62,16
2025,8.0,2025-05-04,Sam,Collins,Gold Coast,BPR,2,228,9,8,4,0,3,0,80,12
2025,8.0,2025-05-04,Eric,Hipwood,Brisbane Lions,CHF,3,275,2,11,4,0,1,1,50,6
2025,8.0,2025-05-04,Ben,Ainsworth,Gold Coast,CHF,4,207,0,5,2,0,3,0,83,10
2025,8.0,2025-05-04,Jarrod,Berry,Brisbane Lions,WR,2,201,2,16,0,0,4,1,89,16
2025,8.0,2025-05-04,Hugh,McCluggage,Brisbane Lions,HFFR,6,557,1,18,13,2,15,0,67,20
2025,8.0,2025-05-04,Cam,Rayner,Brisbane Lions,FPL,4,271,2,18,2,1,4,1,56,10
2025,8.0,2025-05-04,Zac,Bailey,Brisbane Lions,C,4,174,3,9,2,1,10,0,63,10
2025,8.0,2025-05-04,Oscar,McInerney,Brisbane Lions,RK,2,50,2,7,1,0,3,0,40,2
2025,8.0,2025-05-04,Wil,Powell,Gold Coast,CHB,2,256,2,3,2,0,1,0,92,12
2025,8.0,2025-05-04,Noah,Answerth,Brisbane Lions,HBFL,1,228,1,13,1,0,1,0,64,9
2025,8.0,2025-05-04,Ben,King,Gold Coast,FPR,1,2,0,2,0,0,1,0,100,2
2025,8.0,2025-05-04,John,Noble,Gold Coast,HBFL,1,478,5,10,4,0,3,0,85,22
2025,8.0,2025-05-04,Noah,Anderson,Gold Coast,R,4,385,3,17,3,0,8,0,70,19
2025,8.0,2025-05-04,Connor,Budarick,Gold Coast,INT,0,212,2,16,5,0,1,0,67,6
2025,8.0,2025-05-04,Matt,Rowell,Gold Coast,C,1,127,2,29,4,1,4,0,63,10
2025,8.0,2025-05-04,Jack,Payne,Brisbane Lions,FB,0,173,2,4,1,0,2,0,70,7
2025,8.0,2025-05-04,Sam,Flanders,Gold Coast,INT,2,296,2,14,4,1,6,0,81,17
2025,8.0,2025-05-04,Joel,Jeffrey,Gold Coast,INT,2,629,7,9,7,0,3,0,85,17
2025,8.0,2025-05-04,Mac,Andrew,Gold Coast,BPL,2,449,9,1,6,0,2,0,74,14
2025,8.0,2025-05-04,Darcy,Wilmot,Brisbane Lions,HBFR,2,104,6,10,1,0,4,0,94,15
2025,8.0,2025-05-04,Will,Ashcroft,Brisbane Lions,INT,5,480,3,15,8,2,10,2,74,25
2025,8.0,2025-05-04,Bodhi,Uwland,Gold Coast,FB,4,438,2,18,2,1,3,0,85,17
2025,8.0,2025-05-04,Bailey,Humphrey,Gold Coast,RR,7,334,3,17,7,0,11,1,75,15
2025,8.0,2025-05-04,Jaspa,Fletcher,Brisbane Lions,INT,1,388,7,13,4,0,6,0,91,19
2025,8.0,2025-05-04,Jed,Walter,Gold Coast,INT,2,74,0,2,2,0,3,0,75,6
2025,8.0,2025-05-04,Will,Graham,Gold Coast,FPL,3,300,2,5,1,0,3,0,73,8
2025,8.0,2025-05-04,Ethan,Read,Gold Coast,HFFL,1,52,0,6,0,0,1,1,80,4
2025,8.0,2025-05-04,Jake,Rogers,Gold Coast,SUB,4,170,1,8,0,0,2,1,57,4
2025,8.0,2025-05-04,Levi,Ashcroft,Brisbane Lions,WL,4,368,6,8,3,0,7,0,69,20
2025,8.0,2025-05-04,Will,McLachlan,Brisbane Lions,SUB,1,-2,0,12,0,0,1,1,100,3
2025,9.0,2025-05-08,Steele,Sidebottom,Collingwood,C,2,175,2,13,0,0,2,0,71,5
2025,9.0,2025-05-08,Jeremy,Howe,Collingwood,BPL,1,453,3,6,4,0,0,0,82,14
2025,9.0,2025-05-08,Will,Hoskin-Elliott,Collingwood,INT,3,76,0,3,1,0,1,0,86,6
2025,9.0,2025-05-08,Jack,Crisp,Collingwood,INT,6,709,4,22,5,1,16,0,72,21
2025,9.0,2025-05-08,Jamie,Elliott,Collingwood,INT,9,401,1,5,1,0,1,1,71,10
2025,9.0,2025-05-08,Tim,Membrey,Collingwood,CHF,3,214,1,10,5,0,3,1,42,5
2025,9.0,2025-05-08,Alex,Pearce,Fremantle,FB,3,163,4,4,2,0,3,0,77,10
2025,9.0,2025-05-08,Darcy,Moore,Collingwood,FB,0,237,6,2,3,0,3,0,100,9
2025,9.0,2025-05-08,Mason,Cox,Collingwood,RK,2,84,0,8,1,1,2,1,63,5
2025,9.0,2025-05-08,Corey,Wagner,Fremantle,INT,0,262,0,11,2,2,3,0,79,11
2025,9.0,2025-05-08,Oleg,Markov,Collingwood,SUB,0,-1,0,4,0,0,0,0,100,1
2025,9.0,2025-05-08,Dan,Houston,Collingwood,BPR,1,153,4,10,3,0,4,0,67,8
2025,9.0,2025-05-08,Harry,Perryman,Collingwood,INT,2,197,5,14,3,0,5,0,81,13
2025,9.0,2025-05-08,Shai,Bolton,Fremantle,C,6,482,2,13,4,4,9,0,75,21
2025,9.0,2025-05-08,Luke,Ryan,Fremantle,BPL,2,527,7,5,6,0,4,0,87,26
2025,9.0,2025-05-08,Brennan,Cox,Fremantle,BPR,1,153,4,8,1,0,3,0,92,12
2025,9.0,2025-05-08,Sean,Darcy,Fremantle,INT,1,28,0,6,0,1,2,0,29,2
2025,9.0,2025-05-08,Josh,Daicos,Collingwood,HBFL,2,413,5,14,1,0,5,0,84,16
2025,9.0,2025-05-08,Patrick,Lipinski,Collingwood,WR,1,298,1,11,3,0,4,1,53,8
2025,9.0,2025-05-08,Andrew,Brayshaw,Fremantle,R,8,336,4,19,1,3,8,1,88,30
2025,9.0,2025-05-08,Darcy,Cameron,Collingwood,FF,2,142,6,6,3,1,6,0,53,10
2025,9.0,2025-05-08,Sam,Switkowski,Fremantle,CHF,4,108,2,9,2,0,4,0,84,16
2025,9.0,2025-05-08,Billy,Frampton,Collingwood,CHB,0,269,8,4,6,0,5,0,67,10
2025,9.0,2025-05-08,Jordan,Clark,Fremantle,HBFR,5,462,8,10,4,2,3,1,79,26
2025,9.0,2025-05-08,Lachie,Schultz,Collingwood,HFFR,3,176,2,21,1,0,4,1,60,6
2025,9.0,2025-05-08,Isaac,Quaynor,Collingwood,HBFR,2,141,1,8,2,0,0,0,80,4
2025,9.0,2025-05-08,Bobby,Hill,Collingwood,FPR,7,349,4,17,3,0,3,1,64,9
2025,9.0,2025-05-08,Luke,Jackson,Fremantle,RK,7,217,4,13,2,2,8,1,84,16
2025,9.0,2025-05-08,Caleb,Serong,Fremantle,RR,6,541,1,18,5,4,5,0,80,20
2025,9.0,2025-05-08,Michael,Frederick,Fremantle,HFFL,4,208,2,6,2,0,3,1,69,9
2025,9.0,2025-05-08,Jeremy,Sharp,Fremantle,WL,3,158,1,4,2,1,4,0,62,8
2025,9.0,2025-05-08,Heath,Chapman,Fremantle,HBFL,3,372,4,9,5,1,4,0,65,11
2025,9.0,2025-05-08,Beau,McCreery,Collingwood,HFFL,6,284,2,27,2,1,3,1,92,12
2025,9.0,2025-05-08,Josh,Treacy,Fremantle,FF,4,247,1,10,4,0,5,2,64,7
2025,9.0,2025-05-08,Nick,Daicos,Collingwood,RR,6,233,2,10,3,2,7,1,61,11
2025,9.0,2025-05-08,Neil,Erasmus,Fremantle,SUB,1,50,0,3,1,0,2,0,50,2
2025,9.0,2025-05-08,Jye,Amiss,Fremantle,FPR,5,128,0,4,1,0,1,0,75,9
2025,9.0,2025-05-08,Ned,Long,Collingwood,R,3,134,0,23,3,1,3,1,67,8
2025,9.0,2025-05-08,Matthew,Johnson,Fremantle,WR,6,431,3,19,4,0,6,0,64,14
2025,9.0,2025-05-08,Karl,Worner,Fremantle,CHB,3,193,4,8,0,0,2,0,83,10
2025,9.0,2025-05-08,Cooper,Simpson,Fremantle,INT,3,283,3,7,5,0,2,0,78,14
2025,9.0,2025-05-08,Patrick,Voss,Fremantle,FPL,2,140,0,6,2,0,1,0,60,3
2025,9.0,2025-05-08,Lachlan,Sullivan,Collingwood,FPL,2,259,2,23,2,1,4,1,59,10
2025,9.0,2025-05-08,Edward,Allan,Collingwood,WL,1,168,2,13,0,0,3,0,82,9
2025,9.0,2025-05-08,Murphy,Reid,Fremantle,HFFR,3,124,1,7,3,0,2,2,50,3
2025,9.0,2025-05-08,Isaiah,Dudley,Fremantle,INT,4,233,0,8,3,0,1,2,43,3
2025,9.0,2025-05-09,Bradley,Hill,St Kilda,CHF,4,155,1,2,2,0,3,0,74,14
2025,9.0,2025-05-09,Nick,Haynes,Carlton,INT,5,223,9,9,1,0,1,0,88,15
2025,9.0,2025-05-09,Jack,Macrae,St Kilda,RR,5,257,4,16,5,2,7,1,74,17
2025,9.0,2025-05-09,Jimmy,Webster,St Kilda,BPR,1,178,4,5,1,0,3,0,82,9
2025,9.0,2025-05-09,Patrick,Cripps,Carlton,C,4,327,2,22,4,3,8,2,42,11
2025,9.0,2025-05-09,Blake,Acres,Carlton,HFFL,3,331,2,12,5,0,2,1,59,10
2025,9.0,2025-05-09,Adam,Saad,Carlton,BPL,5,365,4,10,5,0,2,0,80,16
2025,9.0,2025-05-09,Jack,Sinclair,St Kilda,HBFR,6,387,4,17,1,0,8,0,81,21
2025,9.0,2025-05-09,Jack,Steele,St Kilda,R,7,461,4,22,2,0,5,2,70,14
2025,9.0,2025-05-09,Jacob,Weitering,Carlton,FB,2,240,3,5,4,0,2,0,90,17
2025,9.0,2025-05-09,Mitch,McGovern,Carlton,CHB,0,115,0,2,1,0,0,0,67,2
2025,9.0,2025-05-09,George,Hewett,Carlton,R,9,186,4,22,2,2,8,0,92,24
2025,9.0,2025-05-09,Dougal,Howard,St Kilda,BPL,2,222,3,12,2,0,1,0,91,10
2025,9.0,2025-05-09,Charlie,Curnow,Carlton,FF,4,276,0,5,3,0,0,1,83,10
2025,9.0,2025-05-09,Jack,Silvagni,Carlton,FPR,3,387,10,11,3,0,4,0,77,13
2025,9.0,2025-05-09,Lewis,Young,Carlton,BPR,2,65,1,0,1,0,3,0,100,7
2025,9.0,2025-05-09,Rowan,Marshall,St Kilda,RK,8,224,3,13,4,1,3,1,68,13
2025,9.0,2025-05-09,Harry,McKay,Carlton,CHF,5,204,1,6,4,1,3,1,79,15
2025,9.0,2025-05-09,Adam,Cerra,Carlton,RR,1,278,2,14,4,2,5,1,89,16
2025,9.0,2025-05-09,Jack,Higgins,St Kilda,FPR,3,83,1,10,4,0,2,2,75,6
2025,9.0,2025-05-09,Tom,De Koning,Carlton,RK,6,231,3,8,3,1,4,1,48,10
2025,9.0,2025-05-09,Sam,Walsh,Carlton,INT,9,281,3,23,2,1,7,1,71,15
2025,9.0,2025-05-09,Callum,Wilkie,St Kilda,FB,2,190,7,2,1,0,3,0,94,15
2025,9.0,2025-05-09,Liam,Stocker,St Kilda,C,1,102,3,7,2,0,1,1,88,7
2025,9.0,2025-05-09,Ryan,Byrnes,St Kilda,WR,4,256,2,11,2,1,4,0,91,20
2025,9.0,2025-05-09,Francis,Evans,Carlton,INT,3,59,0,9,0,0,3,3,50,3
2025,9.0,2025-05-09,Cooper,Sharman,St Kilda,FPL,3,275,2,12,3,0,2,1,64,9
2025,9.0,2025-05-09,Corey,Durdin,Carlton,FPL,5,91,0,10,0,0,1,3,57,4
2025,9.0,2025-05-09,Mitch,Owens,St Kilda,HFFR,2,257,2,17,5,2,2,4,43,6
2025,9.0,2025-05-09,Nasiah,Wanganeen-Milera,St Kilda,CHB,4,679,5,10,5,0,5,0,77,23
2025,9.0,2025-05-09,Marcus,Windhager,St Kilda,HBFL,2,253,2,15,3,0,3,0,77,10
2025,9.0,2025-05-09,Jesse,Motlop,Carlton,HFFR,3,149,0,16,2,0,5,1,83,5
2025,9.0,2025-05-09,Elijah,Hollands,Carlton,WR,5,418,1,12,2,1,4,0,65,11
2025,9.0,2025-05-09,Lachlan,Cowan,Carlton,HBFR,2,-9,1,5,0,0,2,0,86,6
2025,9.0,2025-05-09,Oliver,Hollands,Carlton,HBFL,3,184,4,18,2,0,1,0,87,13
2025,9.0,2025-05-09,Anthony,Caminiti,St Kilda,FF,3,234,1,8,3,0,4,3,70,7
2025,9.0,2025-05-09,Mattaes,Phillipou,St Kilda,INT,5,160,1,9,2,0,5,2,58,7
2025,9.0,2025-05-09,Lance,Collard,St Kilda,SUB,0,0,0,1,0,0,0,0,0,0
2025,9.0,2025-05-09,Darcy,Wilson,St Kilda,WL,5,489,2,20,4,0,0,2,71,17
2025,9.0,2025-05-09,Hugo,Garcia,St Kilda,HFFL,1,71,0,24,2,2,1,1,64,7
2025,9.0,2025-05-09,Jaxon,Binns,Carlton,WL,5,332,5,13,3,0,7,0,46,10
2025,9.0,2025-05-09,Cooper,Lord,Carlton,SUB,2,188,0,13,1,0,1,2,67,8
2025,9.0,2025-05-09,Max,Hall,St Kilda,INT,5,256,0,17,1,0,2,2,79,11
2025,9.0,2025-05-09,Liam,O'Connell,St Kilda,INT,1,40,4,11,0,0,2,0,100,6
2025,9.0,2025-05-09,Will,White,Carlton,INT,4,185,1,11,2,0,3,1,88,7
2025,9.0,2025-05-09,Hugh,Boxshall,St Kilda,INT,2,81,0,9,2,2,5,0,50,5
2025,9.0,2025-05-10,Jack,Gunston,Hawthorn,FPL,10,369,0,14,1,0,1,1,50,7
2025,9.0,2025-05-10,Steven,May,Melbourne,FB,2,338,5,8,2,0,2,0,90,18
2025,9.0,2025-05-10,Luke,Breust,Hawthorn,FPR,5,72,0,8,4,0,0,0,78,7
2025,9.0,2025-05-10,Max,Gawn,Melbourne,RK,6,221,7,10,5,1,3,0,79,15
2025,9.0,2025-05-10,Tom,McDonald,Melbourne,BPL,0,163,7,10,3,0,5,0,94,15
2025,9.0,2025-05-10,Jarman,Impey,Hawthorn,CHB,6,485,6,6,1,0,4,0,82,18
2025,9.0,2025-05-10,Christian,Salem,Melbourne,INT,1,340,3,6,4,0,1,0,90,17
2025,9.0,2025-05-10,James,Sicily,Hawthorn,BPR,6,287,9,12,4,0,4,0,88,21
2025,9.0,2025-05-10,Karl,Amon,Hawthorn,HBFL,6,365,2,17,1,0,1,0,100,18
2025,9.0,2025-05-10,Ed,Langdon,Melbourne,WR,7,233,2,12,4,1,5,0,67,14
2025,9.0,2025-05-10,Clayton,Oliver,Melbourne,RR,4,235,2,15,3,0,5,0,85,11
2025,9.0,2025-05-10,Christian,Petracca,Melbourne,C,4,536,5,19,5,2,9,0,73,19
2025,9.0,2025-05-10,Blake,Hardwick,Hawthorn,HFFL,5,299,9,6,4,0,3,0,94,15
2025,9.0,2025-05-10,Mabior,Chol,Hawthorn,FF,3,106,0,7,1,0,3,0,83,5
2025,9.0,2025-05-10,Josh,Battle,Hawthorn,BPL,1,463,5,5,6,0,1,0,67,10
2025,9.0,2025-05-10,Harry,Morrison,Hawthorn,WR,5,274,1,14,4,0,2,1,73,11
2025,9.0,2025-05-10,Bayley,Fritsch,Melbourne,CHF,4,67,1,13,2,0,0,2,50,2
2025,9.0,2025-05-10,James,Worpel,Hawthorn,R,7,345,2,26,6,3,10,1,71,20
2025,9.0,2025-05-10,Charlie,Spargo,Melbourne,FPL,6,140,3,11,2,0,4,1,54,7
2025,9.0,2025-05-10,Tom,Sparrow,Melbourne,HFFR,1,160,0,18,5,0,0,0,64,7
2025,9.0,2025-05-10,Dylan,Moore,Hawthorn,HFFR,8,308,1,17,3,2,8,0,67,12
2025,9.0,2025-05-10,Changkuoth,Jiath,Hawthorn,INT,9,507,12,10,6,0,7,0,80,20
2025,9.0,2025-05-10,Kade,Chandler,Melbourne,WL,5,218,1,13,2,1,5,0,64,9
2025,9.0,2025-05-10,Kysaiah,Pickett,Melbourne,FPR,5,282,5,25,4,2,3,1,53,9
2025,9.0,2025-05-10,Trent,Rivers,Melbourne,INT,2,384,1,16,3,3,7,0,74,17
2025,9.0,2025-05-10,Finn,Maginness,Hawthorn,INT,8,190,0,16,3,0,4,1,81,13
2025,9.0,2025-05-10,Lloyd,Meek,Hawthorn,RK,2,126,1,9,1,0,2,0,100,6
2025,9.0,2025-05-10,Harry,Sharp,Melbourne,INT,3,140,0,21,1,0,1,0,75,6
2025,9.0,2025-05-10,Jai,Newcombe,Hawthorn,RR,7,198,1,20,2,2,5,1,84,16
2025,9.0,2025-05-10,Jack,Ginnivan,Hawthorn,WL,6,367,2,9,4,0,1,0,65,11
2025,9.0,2025-05-10,Jake,Bowey,Melbourne,CHB,2,587,3,13,8,1,5,0,89,25
2025,9.0,2025-05-10,Connor,Macdonald,Hawthorn,INT,5,173,3,11,3,0,1,1,73,8
2025,9.0,2025-05-10,Josh,Ward,Hawthorn,C,4,349,3,21,4,0,3,0,68,15
2025,9.0,2025-05-10,Daniel,Turner,Melbourne,HFFL,2,91,5,7,1,0,2,0,100,16
2025,9.0,2025-05-10,Massimo,D'Ambrosio,Hawthorn,HBFR,6,594,2,11,5,0,2,0,85,22
2025,9.0,2025-05-10,Judd,McVee,Melbourne,BPR,2,267,2,9,2,0,3,0,75,15
2025,9.0,2025-05-10,Jacob,van Rooyen,Melbourne,FF,3,50,1,11,4,0,3,1,70,7
2025,9.0,2025-05-10,Josh,Weddle,Hawthorn,FB,5,246,6,8,0,0,5,0,96,21
2025,9.0,2025-05-10,Bailey,Macdonald,Hawthorn,SUB,3,62,3,5,1,0,5,0,71,5
2025,9.0,2025-05-10,Henry,Hustwaite,Hawthorn,INT,1,32,2,15,2,1,2,1,75,6
2025,9.0,2025-05-10,Caleb,Windsor,Melbourne,HBFR,5,403,6,15,3,0,1,0,74,17
2025,9.0,2025-05-10,Nick,Watson,Hawthorn,CHF,6,103,3,10,0,0,3,1,88,7
2025,9.0,2025-05-10,Koltyn,Tholstrup,Melbourne,SUB,0,-8,0,8,0,0,0,0,100,2
2025,9.0,2025-05-10,Matthew,Jefferson,Melbourne,INT,2,53,1,4,1,0,2,0,25,1
2025,9.0,2025-05-10,Harvey,Langford,Melbourne,R,6,557,2,16,6,0,4,0,77,17
2025,9.0,2025-05-10,Xavier,Lindsay,Melbourne,HBFL,2,268,4,19,3,0,8,0,87,13
2025,9.0,2025-05-10,Todd,Goldstein,Essendon,RK,2,23,2,7,0,1,3,0,90,17
2025,9.0,2025-05-10,Dylan,Shiel,Essendon,SUB,0,-29,0,11,0,0,2,0,80,4
2025,9.0,2025-05-10,Dane,Rampe,Sydney,HBFR,2,220,5,4,3,0,3,0,100,10
2025,9.0,2025-05-10,Brodie,Grundy,Sydney,RK,8,298,2,12,4,0,5,0,57,13
2025,9.0,2025-05-10,Zach,Merrett,Essendon,C,3,360,1,13,6,1,3,0,53,10
2025,9.0,2025-05-10,Jake,Lloyd,Sydney,WR,4,318,5,12,4,0,4,0,77,17
2025,9.0,2025-05-10,Isaac,Heeney,Sydney,C,6,290,1,23,1,1,6,2,74,14
2025,9.0,2025-05-10,Kyle,Langford,Essendon,FPL,3,107,1,9,2,0,1,1,73,8
2025,9.0,2025-05-10,Joel,Hamling,Sydney,CHF,3,70,0,4,3,0,0,1,67,4
2025,9.0,2025-05-10,Peter,Wright,Essendon,FF,4,151,2,11,1,0,2,1,73,8
2025,9.0,2025-05-10,Mason,Redman,Essendon,HBFL,5,535,3,3,4,0,2,0,91,29
2025,9.0,2025-05-10,Aaron,Francis,Sydney,FF,2,82,1,8,4,0,2,0,25,2
2025,9.0,2025-05-10,Oliver,Florent,Sydney,WL,1,371,4,15,4,0,3,0,77,13
2025,9.0,2025-05-10,Andrew,McGrath,Essendon,BPL,3,745,7,8,7,0,4,0,80,28
2025,9.0,2025-05-10,Will,Hayward,Sydney,FPL,5,258,0,10,6,0,4,2,57,8
2025,9.0,2025-05-10,Will,Setterfield,Essendon,RR,4,191,4,24,1,2,7,0,79,22
2025,9.0,2025-05-10,Ben,McKay,Essendon,FB,4,15,9,8,0,0,1,0,100,12
2025,9.0,2025-05-10,Tom,McCartin,Sydney,FB,4,203,11,9,2,0,5,0,87,13
2025,9.0,2025-05-10,Ben,Paton,Sydney,BPL,0,46,0,4,1,0,0,0,67,2
2025,9.0,2025-05-10,Xavier,Duursma,Essendon,INT,2,316,2,19,4,0,2,0,84,16
2025,9.0,2025-05-10,Nick,Blakey,Sydney,CHB,5,543,8,6,0,0,1,0,77,17
2025,9.0,2025-05-10,Justin,McInerney,Sydney,R,6,429,4,12,3,1,6,0,68,15
2025,9.0,2025-05-10,James,Rowbottom,Sydney,INT,5,388,4,19,5,0,7,0,71,15
2025,9.0,2025-05-10,Hayden,McLean,Sydney,INT,4,112,2,9,1,0,3,0,57,4
2025,9.0,2025-05-10,Jye,Caldwell,Essendon,INT,3,123,1,22,5,3,4,0,68,15
2025,9.0,2025-05-10,Chad,Warner,Sydney,RR,8,458,2,21,3,3,14,1,72,18
2025,9.0,2025-05-10,Sam,Wicks,Sydney,HBFL,0,75,4,7,1,0,7,0,77,10
2025,9.0,2025-05-10,James,Jordon,Sydney,HFFR,2,142,2,15,2,0,2,0,89,8
2025,9.0,2025-05-10,Braeden,Campbell,Sydney,HFFL,6,344,3,20,3,0,3,0,73,11
2025,9.0,2025-05-10,Jaxon,Prior,Essendon,HBFR,0,497,5,14,6,0,1,0,87,20
2025,9.0,2025-05-10,Archie,Perkins,Essendon,HFFL,1,190,2,14,1,1,4,0,93,14
2025,9.0,2025-05-10,Zach,Reid,Essendon,CHB,2,451,8,8,3,0,2,0,85,23
2025,9.0,2025-05-10,Sam,Durham,Essendon,R,5,227,4,20,1,1,8,1,71,15
2025,9.0,2025-05-10,Nic,Martin,Essendon,HFFR,4,586,6,12,6,0,4,1,76,29
2025,9.0,2025-05-10,Angus,Sheldrick,Sydney,SUB,4,223,2,7,2,0,5,0,77,10
2025,9.0,2025-05-10,Ben,Hobbs,Essendon,INT,1,97,0,8,3,0,5,0,60,9
2025,9.0,2025-05-10,Matt,Roberts,Sydney,BPR,3,434,5,10,6,0,6,0,62,16
2025,9.0,2025-05-10,Corey,Warner,Sydney,INT,4,235,0,10,6,0,3,0,73,8
2025,9.0,2025-05-10,Nate,Caddy,Essendon,CHF,5,462,3,10,7,0,4,0,63,10
2025,9.0,2025-05-10,Caiden,Cleary,Sydney,FPR,3,55,3,20,4,0,5,0,70,7
2025,9.0,2025-05-10,Archie,Roberts,Essendon,WL,1,204,4,3,2,0,6,0,85,23
2025,9.0,2025-05-10,Isaac,Kako,Essendon,FPR,2,63,1,17,4,0,0,3,50,3
2025,9.0,2025-05-10,Riley,Bice,Sydney,INT,1,335,4,7,2,0,5,0,77,13
2025,9.0,2025-05-10,Saad,El-Hawli,Essendon,INT,3,467,2,10,6,0,3,0,67,14
2025,9.0,2025-05-10,Archer,Day-Wicks,Essendon,WR,2,29,0,7,2,1,3,0,67,4
2025,9.0,2025-05-10,Lewis,Hayes,Essendon,BPR,2,70,3,7,1,0,2,0,88,14
2025,9.0,2025-05-10,Tom,Liberatore,Western Bulldogs,R,11,694,5,31,6,6,14,2,71,25
2025,9.0,2025-05-10,Jason,Johannisen,Western Bulldogs,HBFL,3,290,3,4,3,0,3,0,81,17
2025,9.0,2025-05-10,Jarrod,Witts,Gold Coast,RK,5,200,1,9,5,1,6,0,55,6
2025,9.0,2025-05-10,Marcus,Bontempelli,Western Bulldogs,RR,8,517,0,21,7,4,7,0,61,17
2025,9.0,2025-05-10,Rory,Lobb,Western Bulldogs,CHB,0,150,4,11,2,0,2,0,67,6
2025,9.0,2025-05-10,Nick,Holman,Gold Coast,WL,5,110,3,16,0,0,4,1,90,9
2025,9.0,2025-05-10,Touk,Miller,Gold Coast,HFFR,7,508,2,24,8,5,6,1,72,18
2025,9.0,2025-05-10,Bailey,Dale,Western Bulldogs,HBFR,5,652,7,7,3,0,2,0,87,27
2025,9.0,2025-05-10,James,Harmes,Western Bulldogs,HFFL,2,220,1,20,5,0,4,1,62,8
2025,9.0,2025-05-10,Daniel,Rioli,Gold Coast,HBFR,2,450,5,17,6,1,5,0,71,17
2025,9.0,2025-05-10,Bailey,Williams,Western Bulldogs,WL,2,277,8,5,2,0,6,0,100,21
2025,9.0,2025-05-10,Sam,Collins,Gold Coast,BPR,1,120,6,11,0,0,3,0,100,10
2025,9.0,2025-05-10,Matthew,Kennedy,Western Bulldogs,HFFR,6,411,0,17,4,0,4,1,68,13
2025,9.0,2025-05-10,Brayden,Fiorini,Gold Coast,WR,2,349,2,5,3,0,2,0,74,14
2025,9.0,2025-05-10,Ben,Ainsworth,Gold Coast,INT,4,349,1,11,3,0,2,0,79,11
2025,9.0,2025-05-10,Ben,Long,Gold Coast,HFFL,6,297,2,11,4,0,4,0,47,7
2025,9.0,2025-05-10,Tim,English,Western Bulldogs,RK,8,196,3,10,3,0,2,0,85,11
2025,9.0,2025-05-10,Aaron,Naughton,Western Bulldogs,FF,2,184,0,8,2,1,3,0,75,6
2025,9.0,2025-05-10,Ed,Richards,Western Bulldogs,C,9,810,4,22,3,1,3,2,71,22
2025,9.0,2025-05-10,Wil,Powell,Gold Coast,CHB,2,527,6,10,4,0,4,0,95,18
2025,9.0,2025-05-10,Ben,King,Gold Coast,FPR,7,205,0,5,1,0,4,0,60,6
2025,9.0,2025-05-10,John,Noble,Gold Coast,HBFL,5,569,8,19,4,0,7,0,91,21
2025,9.0,2025-05-10,Rhylee,West,Western Bulldogs,FPR,10,319,1,8,3,0,5,2,50,8
2025,9.0,2025-05-10,Noah,Anderson,Gold Coast,R,5,508,3,13,6,2,9,0,68,19
2025,9.0,2025-05-10,Matt,Rowell,Gold Coast,C,5,376,2,26,3,2,5,0,85,17
2025,9.0,2025-05-10,Laitham,Vandermeer,Western Bulldogs,BPL,3,65,0,5,0,0,2,0,100,9
2025,9.0,2025-05-10,Sam,Flanders,Gold Coast,CHF,5,350,0,6,2,0,1,1,80,8
2025,9.0,2025-05-10,Lachlan,McNeil,Western Bulldogs,INT,6,164,0,16,0,0,3,1,80,8
2025,9.0,2025-05-10,Caleb,Poulter,Western Bulldogs,INT,6,361,2,7,4,0,5,0,47,8
2025,9.0,2025-05-10,Buku,Khamis,Western Bulldogs,CHF,4,58,0,9,1,0,2,1,67,4
2025,9.0,2025-05-10,Malcolm,Rosas,Gold Coast,INT,7,159,3,18,1,0,2,1,80,8
2025,9.0,2025-05-10,Lachlan,Bramble,Western Bulldogs,BPR,3,297,2,12,3,0,2,0,69,11
2025,9.0,2025-05-10,Joel,Jeffrey,Gold Coast,INT,4,431,9,6,2,0,6,0,88,15
2025,9.0,2025-05-10,Luke,Cleary,Western Bulldogs,INT,2,313,6,5,2,0,2,0,87,13
2025,9.0,2025-05-10,Mac,Andrew,Gold Coast,BPL,0,339,5,10,3,0,2,0,85,11
2025,9.0,2025-05-10,Bodhi,Uwland,Gold Coast,FB,4,364,7,12,1,0,4,0,100,18
2025,9.0,2025-05-10,Bailey,Humphrey,Gold Coast,RR,7,461,3,19,2,2,11,2,50,12
2025,9.0,2025-05-10,James,O'Donnell,Western Bulldogs,FB,1,392,12,12,4,0,5,0,89,16
2025,9.0,2025-05-10,Harvey,Gallagher,Western Bulldogs,SUB,2,130,1,6,3,0,1,0,80,4
2025,9.0,2025-05-10,Ryley,Sanders,Western Bulldogs,FPL,5,106,3,22,2,1,3,2,84,16
2025,9.0,2025-05-10,Jed,Walter,Gold Coast,FF,2,98,1,8,2,0,3,1,40,2
2025,9.0,2025-05-10,Sam,Clohesy,Gold Coast,FPL,3,361,2,18,4,0,4,1,65,11
2025,9.0,2025-05-10,Will,Graham,Gold Coast,INT,5,292,0,20,2,1,3,1,64,7
2025,9.0,2025-05-10,Jake,Rogers,Gold Coast,SUB,0,0,0,4,1,0,0,0,0,0
2025,9.0,2025-05-10,Joel,Freijah,Western Bulldogs,WR,6,292,3,14,5,2,4,0,75,18
2025,9.0,2025-05-10,Sam,Davidson,Western Bulldogs,INT,3,245,2,21,4,0,5,1,67,10
2025,9.0,2025-05-10,Taylor,Walker,Adelaide,FF,6,368,0,10,4,0,5,3,62,8
2025,9.0,2025-05-10,Ollie,Wines,Port Adelaide,INT,6,335,1,17,6,2,11,0,65,20
2025,9.0,2025-05-10,Rory,Laird,Adelaide,BPR,3,324,6,8,3,0,6,0,67,12
2025,9.0,2025-05-10,Alex,Neal-Bullen,Adelaide,FPR,4,220,2,15,3,0,8,1,40,6
2025,9.0,2025-05-10,Wayne,Milera,Adelaide,HBFL,2,152,6,11,3,1,6,0,87,13
2025,9.0,2025-05-10,Darcy,Byrne-Jones,Port Adelaide,HFFL,5,218,1,7,2,0,4,1,73,11
2025,9.0,2025-05-10,Ben,Keays,Adelaide,HFFL,6,410,1,12,4,0,3,0,71,15
2025,9.0,2025-05-10,Aliir,Aliir,Port Adelaide,FB,0,116,6,8,1,0,0,0,88,7
2025,9.0,2025-05-10,Reilly,O'Brien,Adelaide,RK,4,133,3,13,2,1,4,0,71,12
2025,9.0,2025-05-10,Ryan,Burton,Port Adelaide,INT,2,393,4,6,3,0,3,0,77,13
2025,9.0,2025-05-10,Sam,Powell-Pepper,Port Adelaide,FPL,3,180,2,16,2,0,5,0,75,6
2025,9.0,2025-05-10,Jordan,Dawson,Adelaide,C,4,377,1,20,3,4,6,0,57,8
2025,9.0,2025-05-10,Jeremy,Finlayson,Port Adelaide,INT,8,268,0,4,1,0,1,0,73,8
2025,9.0,2025-05-10,Darcy,Fogarty,Adelaide,FPL,7,334,0,4,2,0,2,0,92,11
2025,9.0,2025-05-10,Esava,Ratugolea,Port Adelaide,BPL,0,62,3,6,1,0,3,0,86,6
2025,9.0,2025-05-10,Isaac,Cumming,Adelaide,WL,3,127,2,8,3,0,5,0,50,6
2025,9.0,2025-05-10,Kane,Farrell,Port Adelaide,HBFR,3,561,2,6,8,0,1,0,47,7
2025,9.0,2025-05-10,Zak,Butters,Port Adelaide,R,6,347,2,10,5,2,12,0,79,26
2025,9.0,2025-05-10,Willem,Drew,Port Adelaide,C,2,325,2,26,8,1,7,0,56,10
2025,9.0,2025-05-10,Connor,Rozee,Port Adelaide,HFFR,7,684,7,10,6,2,8,0,63,20
2025,9.0,2025-05-10,Mitchell,Hinge,Adelaide,INT,0,239,3,8,0,0,2,0,82,9
2025,9.0,2025-05-10,Mitch,Georgiades,Port Adelaide,CHF,5,223,0,7,3,0,2,1,70,7
2025,9.0,2025-05-10,Izak,Rankine,Adelaide,R,8,266,3,15,3,2,7,0,69,11
2025,9.0,2025-05-10,Mark,Keane,Adelaide,CHB,4,405,12,6,3,0,5,0,83,15
2025,9.0,2025-05-10,Jordon,Butts,Adelaide,FB,4,136,6,1,1,0,2,0,100,8
2025,9.0,2025-05-10,Sam,Berry,Adelaide,SUB,2,177,1,12,2,0,5,0,43,3
2025,9.0,2025-05-10,Miles,Bergman,Port Adelaide,CHB,7,634,3,15,4,1,7,0,52,12
2025,9.0,2025-05-10,Lachie,Jones,Port Adelaide,BPR,1,291,3,6,3,0,2,0,62,8
2025,9.0,2025-05-10,Riley,Thilthorpe,Adelaide,CHF,10,371,0,8,4,0,3,0,73,11
2025,9.0,2025-05-10,Josh,Worrell,Adelaide,BPL,5,714,8,9,3,0,3,0,74,17
2025,9.0,2025-05-10,Jed,McEntee,Port Adelaide,INT,0,22,1,10,1,0,2,3,100,4
2025,9.0,2025-05-10,James,Peatling,Adelaide,RR,5,427,4,32,5,3,9,0,58,14
2025,9.0,2025-05-10,Jackson,Mead,Port Adelaide,WR,1,98,2,19,3,1,1,1,64,7
2025,9.0,2025-05-10,Jason,Horne-Francis,Port Adelaide,RR,4,309,3,10,4,2,10,1,45,9
2025,9.0,2025-05-10,Jake,Soligo,Adelaide,INT,4,280,2,24,5,0,8,0,35,6
2025,9.0,2025-05-10,Josh,Rachele,Adelaide,HFFR,4,92,1,15,0,0,1,1,86,6
2025,9.0,2025-05-10,Josh,Sinn,Port Adelaide,HBFL,2,332,5,6,3,0,5,0,75,12
2025,9.0,2025-05-10,Jase,Burgoyne,Port Adelaide,WL,3,355,5,12,2,1,4,1,74,14
2025,9.0,2025-05-10,Max,Michalanney,Adelaide,HBFR,2,89,4,4,2,0,4,0,86,6
2025,9.0,2025-05-10,Ollie,Lord,Port Adelaide,FF,1,44,0,4,3,0,3,0,20,1
2025,9.0,2025-05-10,Dante,Visentini,Port Adelaide,RK,2,-17,1,7,0,1,2,0,100,9
2025,9.0,2025-05-10,Luke,Nankervis,Adelaide,WR,5,205,5,11,0,0,5,1,69,11
2025,9.0,2025-05-10,Daniel,Curtin,Adelaide,INT,1,69,1,3,0,0,1,0,100,3
2025,9.0,2025-05-10,Joe,Richards,Port Adelaide,FPR,4,138,2,9,1,1,10,1,72,13
2025,9.0,2025-05-10,Zac,Taylor,Adelaide,INT,0,68,1,13,1,0,2,1,63,5
2025,9.0,2025-05-10,Christian,Moraes,Port Adelaide,SUB,1,70,1,5,0,0,2,1,80,4
2025,9.0,2025-05-11,Jamie,Cripps,West Coast,HFFL,8,272,1,8,2,0,4,1,80,12
2025,9.0,2025-05-11,Tom,Lynch,Richmond,FF,8,261,1,14,6,0,5,1,59,10
2025,9.0,2025-05-11,Nick,Vlastuin,Richmond,BPR,6,211,9,11,1,0,3,0,83,15
2025,9.0,2025-05-11,Kamdyn,McIntosh,Richmond,C,5,389,3,8,2,0,4,1,63,12
2025,9.0,2025-05-11,Liam,Duggan,West Coast,HBFL,3,567,3,9,7,0,1,0,65,13
2025,9.0,2025-05-11,Toby,Nankervis,Richmond,RK,4,175,3,16,8,1,6,0,44,8
2025,9.0,2025-05-11,Jayden,Hunt,West Coast,WL,3,364,5,9,5,0,3,0,87,13
2025,9.0,2025-05-11,Jacob,Hopper,Richmond,R,4,274,1,10,3,3,11,0,50,12
2025,9.0,2025-05-11,Tom,Cole,West Coast,INT,5,109,5,8,0,0,4,0,100,15
2025,9.0,2025-05-11,Nathan,Broad,Richmond,HBFR,3,247,9,5,1,0,4,0,88,14
2025,9.0,2025-05-11,Tim,Taranto,Richmond,RR,4,228,2,18,3,2,8,1,82,22
2025,9.0,2025-05-11,Jack,Graham,West Coast,FPL,5,173,4,42,3,2,9,2,65,13
2025,9.0,2025-05-11,Tim,Kelly,West Coast,R,9,265,0,16,1,0,3,2,75,9
2025,9.0,2025-05-11,Liam,Ryan,West Coast,FPR,7,335,0,8,0,3,6,1,82,14
2025,9.0,2025-05-11,Jake,Waterman,West Coast,CHF,7,134,0,7,1,0,2,0,60,6
2025,9.0,2025-05-11,Liam,Baker,West Coast,HBFR,4,459,7,19,5,0,7,0,77,17
2025,9.0,2025-05-11,Noah,Balta,Richmond,FB,1,285,7,8,2,0,7,0,56,9
2025,9.0,2025-05-11,Jack,Ross,Richmond,INT,6,167,0,11,1,0,4,0,82,14
2025,9.0,2025-05-11,Harry,Edwards,West Coast,FB,2,303,3,5,4,0,3,0,93,14
2025,9.0,2025-05-11,Thomson,Dow,Richmond,INT,3,115,3,10,2,0,6,0,64,9
2025,9.0,2025-05-11,Bailey J.,Williams,West Coast,FF,3,229,1,10,6,0,1,1,64,9
2025,9.0,2025-05-11,Matthew,Owies,West Coast,RR,6,259,1,18,2,0,2,1,64,7
2025,9.0,2025-05-11,Tyler,Brockman,West Coast,INT,6,216,0,15,4,3,4,1,67,12
2025,9.0,2025-05-11,Matt,Flynn,West Coast,RK,7,137,4,13,6,1,5,0,31,4
2025,9.0,2025-05-11,Rhyan,Mansell,Richmond,HFFL,7,327,3,13,3,0,2,2,69,9
2025,9.0,2025-05-11,Hugo,Ralphsmith,Richmond,WR,5,365,1,21,3,0,1,1,70,7
2025,9.0,2025-05-11,Ben,Miller,Richmond,BPL,2,159,4,4,1,0,2,0,90,9
2025,9.0,2025-05-11,Brady,Hough,West Coast,WR,5,143,4,19,0,3,6,0,93,14
2025,9.0,2025-05-11,Reuben,Ginbey,West Coast,BPL,0,46,5,15,3,0,7,0,64,7
2025,9.0,2025-05-11,Elijah,Hewett,West Coast,INT,5,243,1,10,2,1,1,0,69,9
2025,9.0,2025-05-11,Ryan,Maric,West Coast,BPR,3,471,4,9,3,0,5,0,80,20
2025,9.0,2025-05-11,Sam,Banks,Richmond,WL,5,660,2,9,4,1,1,0,89,25
2025,9.0,2025-05-11,James,Trezise,Richmond,SUB,0,0,0,3,0,0,1,0,100,2
2025,9.0,2025-05-11,Tom,Brown,Richmond,CHB,6,324,7,10,0,0,7,0,88,14
2025,9.0,2025-05-11,Seth,Campbell,Richmond,CHF,2,326,1,30,4,0,10,4,63,12
2025,9.0,2025-05-11,Harley,Reid,West Coast,C,6,479,2,25,5,3,7,0,72,13
2025,9.0,2025-05-11,Kane,McAuliffe,Richmond,HBFL,4,163,2,17,3,0,4,2,58,7
2025,9.0,2025-05-11,Steely,Green,Richmond,HFFR,2,127,0,11,1,0,0,1,40,2
2025,9.0,2025-05-11,Jack,Hutchinson,West Coast,HFFR,5,204,1,13,0,0,2,1,69,9
2025,9.0,2025-05-11,Sam,Lalor,Richmond,FPL,4,251,1,11,3,1,5,2,73,11
2025,9.0,2025-05-11,Luke,Trainor,Richmond,INT,5,360,4,14,1,0,3,0,56,10
2025,9.0,2025-05-11,Archer,Reid,West Coast,INT,1,101,0,12,1,0,0,1,33,1
2025,9.0,2025-05-11,Sandy,Brock,West Coast,CHB,4,166,4,5,2,0,2,0,70,7
2025,9.0,2025-05-11,Tom,Gross,West Coast,SUB,1,38,1,5,2,0,3,1,83,5
2025,9.0,2025-05-11,Jonty,Faull,Richmond,FPR,5,248,2,6,2,0,5,0,67,8
2025,9.0,2025-05-11,Thomas,Sims,Richmond,INT,3,206,0,12,1,1,0,2,100,6
2025,9.0,2025-05-11,Callan,Ward,Greater Western Sydney,RR,6,250,4,5,3,1,4,0,83,15
2025,9.0,2025-05-11,Patrick,Dangerfield,Geelong,FF,6,185,1,11,3,1,4,1,50,6
2025,9.0,2025-05-11,Mitch,Duncan,Geelong,BPR,6,417,4,5,3,0,3,1,81,17
2025,9.0,2025-05-11,Jeremy,Cameron,Geelong,FPL,10,489,0,13,2,0,3,2,67,10
2025,9.0,2025-05-11,Toby,Greene,Greater Western Sydney,FPR,5,288,1,15,3,1,4,1,50,9
2025,9.0,2025-05-11,Lachie,Whitfield,Greater Western Sydney,HBFL,6,606,3,15,2,0,6,0,83,25
2025,9.0,2025-05-11,Mark,Blicavs,Geelong,FB,11,219,2,21,1,5,1,0,75,15
2025,9.0,2025-05-11,Jake,Stringer,Greater Western Sydney,HFFR,3,169,0,4,1,0,1,0,60,3
2025,9.0,2025-05-11,Jed,Bews,Geelong,INT,5,506,4,4,2,1,5,0,88,15
2025,9.0,2025-05-11,Jesse,Hogan,Greater Western Sydney,FF,12,346,1,6,4,0,5,2,82,18
2025,9.0,2025-05-11,Harry,Himmelberg,Greater Western Sydney,BPR,5,281,3,17,6,0,6,0,62,13
2025,9.0,2025-05-11,Jack,Bowes,Geelong,INT,4,249,1,8,2,2,4,0,87,13
2025,9.0,2025-05-11,Mark,O'Connor,Geelong,HBFR,2,162,2,19,2,0,1,0,73,8
2025,9.0,2025-05-11,Zach,Guthrie,Geelong,BPL,4,123,6,11,1,0,5,0,85,11
2025,9.0,2025-05-11,Tyson,Stengle,Geelong,INT,8,335,1,16,3,0,6,6,54,7
2025,9.0,2025-05-11,Sam,Taylor,Greater Western Sydney,FB,2,134,8,7,0,0,4,0,85,11
2025,9.0,2025-05-11,Tom,Atkins,Geelong,R,4,158,2,29,0,2,12,3,74,14
2025,9.0,2025-05-11,Gryan,Miers,Geelong,HFFR,5,244,5,15,7,0,6,0,65,15
2025,9.0,2025-05-11,Bailey,Smith,Geelong,WL,12,704,2,28,6,3,8,2,71,25
2025,9.0,2025-05-11,Connor,Idun,Greater Western Sydney,BPL,2,216,4,6,5,0,5,0,77,13
2025,9.0,2025-05-11,Tom,Green,Greater Western Sydney,R,11,439,1,17,3,1,13,0,65,24
2025,9.0,2025-05-11,Lachie,Ash,Greater Western Sydney,HBFR,6,550,3,14,4,0,1,0,92,23
2025,9.0,2025-05-11,Brad,Close,Geelong,HFFL,3,50,1,19,1,0,0,0,100,7
2025,9.0,2025-05-11,Xavier,O'Halloran,Greater Western Sydney,HFFL,6,372,0,14,0,1,4,1,87,13
2025,9.0,2025-05-11,Jake,Riccardi,Greater Western Sydney,INT,9,232,3,11,4,1,6,1,77,13
2025,9.0,2025-05-11,Jack,Buckley,Greater Western Sydney,CHB,3,123,4,8,2,0,2,0,92,11
2025,9.0,2025-05-11,Oliver,Henry,Geelong,RR,6,156,2,9,1,0,0,0,86,6
2025,9.0,2025-05-11,Max,Holmes,Geelong,C,14,710,4,20,4,5,7,0,77,23
2025,9.0,2025-05-11,Sam,De Koning,Geelong,RK,5,250,11,9,4,0,9,0,86,18
2025,9.0,2025-05-11,Kieren,Briggs,Greater Western Sydney,RK,3,136,1,14,1,3,2,0,90,9
2025,9.0,2025-05-11,Callum,Brown,Greater Western Sydney,INT,6,181,1,13,0,0,8,1,92,12
2025,9.0,2025-05-11,Finn,Callaghan,Greater Western Sydney,C,5,555,4,20,7,2,10,0,59,17
2025,9.0,2025-05-11,Oliver,Dempsey,Geelong,WR,8,362,1,11,4,0,3,2,68,13
2025,9.0,2025-05-11,Jacob,Wehr,Greater Western Sydney,WR,1,122,4,14,1,0,4,0,67,6
2025,9.0,2025-05-11,Shannon,Neale,Geelong,FPR,6,126,1,10,0,0,0,0,75,6
2025,9.0,2025-05-11,Aaron,Cadman,Greater Western Sydney,CHF,4,214,1,7,3,0,4,2,22,2
2025,9.0,2025-05-11,Jhye,Clark,Geelong,INT,1,109,0,13,1,0,0,0,67,2
2025,9.0,2025-05-11,Oisin,Mullin,Geelong,HBFL,2,86,3,8,0,0,1,0,100,8
2025,9.0,2025-05-11,Toby,McMullin,Greater Western Sydney,INT,3,273,4,14,2,0,7,0,75,12
2025,9.0,2025-05-11,Ted,Clohesy,Geelong,SUB,0,35,0,1,1,0,0,0,100,1
2025,9.0,2025-05-11,Harvey,Thomas,Greater Western Sydney,FPL,2,193,0,16,3,0,2,4,50,3
2025,9.0,2025-05-11,Shaun,Mannagh,Geelong,CHF,5,338,1,12,3,0,4,2,47,7
2025,9.0,2025-05-11,Connor,O'Sullivan,Geelong,CHB,3,209,6,11,3,0,4,0,67,8
2025,9.0,2025-05-11,Joe,Fonti,Greater Western Sydney,INT,1,123,1,1,2,0,2,0,86,6
2025,9.0,2025-05-11,Josaia,Delana,Greater Western Sydney,SUB,3,48,1,6,0,0,1,1,60,3
2025,9.0,2025-05-11,Cody,Angove,Greater Western Sydney,WL,3,270,2,23,4,0,5,1,39,5
2025,9.0,2025-05-11,Ryan,Lester,Brisbane Lions,BPR,2,246,4,16,2,0,5,0,85,17
2025,9.0,2025-05-11,Jack,Darling,North Melbourne,FF,4,91,0,10,1,0,3,1,56,5
2025,9.0,2025-05-11,Luke,Parker,North Melbourne,INT,6,354,2,16,3,2,9,2,70,16
2025,9.0,2025-05-11,Lachie,Neale,Brisbane Lions,R,4,107,3,13,2,2,7,0,77,13
2025,9.0,2025-05-11,Dayne,Zorko,Brisbane Lions,BPL,8,781,7,13,7,0,5,0,85,33
2025,9.0,2025-05-11,Aidan,Corr,North Melbourne,HBFL,1,212,7,8,4,0,3,0,58,7
2025,9.0,2025-05-11,Luke,McDonald,North Melbourne,BPR,1,96,4,6,1,0,5,0,100,9
2025,9.0,2025-05-11,Darcy,Gardiner,Brisbane Lions,SUB,2,82,3,5,2,0,2,0,57,4
2025,9.0,2025-05-11,Charlie,Cameron,Brisbane Lions,HFFL,5,148,0,18,2,0,2,1,56,5
2025,9.0,2025-05-11,Harris,Andrews,Brisbane Lions,CHB,2,143,9,5,1,0,4,0,100,14
2025,9.0,2025-05-11,Caleb,Daniel,North Melbourne,CHB,3,360,1,10,5,0,0,0,72,13
2025,9.0,2025-05-11,Callum,Ah Chee,Brisbane Lions,FPR,3,91,0,15,2,0,4,0,60,6
2025,9.0,2025-05-11,Josh,Dunkley,Brisbane Lions,RR,8,338,5,27,3,4,11,3,74,20
2025,9.0,2025-05-11,Eric,Hipwood,Brisbane Lions,CHF,5,265,2,6,1,0,0,0,67,6
2025,9.0,2025-05-11,Jy,Simpkin,North Melbourne,WR,4,365,3,28,5,1,9,1,59,10
2025,9.0,2025-05-11,Jarrod,Berry,Brisbane Lions,WR,1,42,0,3,0,0,0,0,50,1
2025,9.0,2025-05-11,Hugh,McCluggage,Brisbane Lions,HFFR,5,306,4,26,8,2,6,1,59,16
2025,9.0,2025-05-11,Cameron,Zurhaar,North Melbourne,FPR,6,230,0,12,2,0,8,0,67,10
2025,9.0,2025-05-11,Nick,Larkey,North Melbourne,CHF,5,158,2,9,0,0,1,1,71,5
2025,9.0,2025-05-11,Cam,Rayner,Brisbane Lions,FPL,7,409,1,10,3,0,2,1,50,7
2025,9.0,2025-05-11,Luke,Davies-Uniacke,North Melbourne,C,3,565,3,13,8,0,7,0,59,19
2025,9.0,2025-05-11,Zac,Bailey,Brisbane Lions,C,4,308,3,11,2,0,2,0,88,14
2025,9.0,2025-05-11,Oscar,McInerney,Brisbane Lions,RK,3,59,0,18,1,0,2,0,80,4
2025,9.0,2025-05-11,Bailey,Scott,North Melbourne,SUB,1,73,1,3,0,0,1,0,67,2
2025,9.0,2025-05-11,Noah,Answerth,Brisbane Lions,HBFL,1,404,8,14,7,0,4,1,67,12
2025,9.0,2025-05-11,Darcy,Fort,Brisbane Lions,FF,2,153,1,7,3,0,3,0,36,4
2025,9.0,2025-05-11,Tristan,Xerri,North Melbourne,RK,7,326,1,13,5,3,4,0,74,14
2025,9.0,2025-05-11,Dylan,Stephens,North Melbourne,FPL,3,307,3,13,3,0,4,0,77,17
2025,9.0,2025-05-11,Jack,Payne,Brisbane Lions,FB,2,114,8,6,0,0,1,0,85,11
2025,9.0,2025-05-11,Tom,Powell,North Melbourne,RR,4,225,2,24,4,1,7,0,69,11
2025,9.0,2025-05-11,Charlie,Comben,North Melbourne,BPL,3,145,12,6,1,0,5,0,95,20
2025,9.0,2025-05-11,Kai,Lohmann,Brisbane Lions,INT,5,164,0,11,1,0,1,0,63,5
2025,9.0,2025-05-11,Darcy,Wilmot,Brisbane Lions,INT,1,392,4,12,6,1,7,0,70,14
2025,9.0,2025-05-11,Harry,Sheezel,North Melbourne,HFFL,6,445,6,5,6,0,4,0,79,23
2025,9.0,2025-05-11,Will,Ashcroft,Brisbane Lions,INT,4,188,1,15,3,1,7,1,65,17
2025,9.0,2025-05-11,George,Wardlaw,North Melbourne,R,5,457,3,25,6,2,8,0,53,10
2025,9.0,2025-05-11,Jaspa,Fletcher,Brisbane Lions,HBFR,3,374,4,9,5,0,3,0,76,19
2025,9.0,2025-05-11,Zane,Duursma,North Melbourne,INT,1,121,0,13,2,0,0,1,29,2
2025,9.0,2025-05-11,Colby,McKercher,North Melbourne,HBFR,3,260,0,16,3,1,2,0,62,8
2025,9.0,2025-05-11,Toby,Pink,North Melbourne,FB,3,199,6,10,1,0,2,0,100,6
2025,9.0,2025-05-11,Riley,Hardeman,North Melbourne,INT,2,229,6,5,2,0,5,0,47,7
2025,9.0,2025-05-11,Logan,Morris,Brisbane Lions,INT,2,31,0,16,1,0,2,2,67,2
2025,9.0,2025-05-11,Levi,Ashcroft,Brisbane Lions,WL,6,384,3,12,3,0,6,1,70,14
2025,9.0,2025-05-11,Jacob,Konstanty,North Melbourne,INT,4,179,1,14,3,0,2,2,67,8
2025,9.0,2025-05-11,Finn,O'Sullivan,North Melbourne,WL,1,189,1,12,4,0,2,0,50,4
2025,9.0,2025-05-11,Finnbar,Maley,North Melbourne,HFFR,1,37,0,10,2,0,1,1,25,1
2025,10.0,2025-05-15,David,Swallow,Gold Coast,SUB,2,37,0,4,0,1,3,0,100,4
2025,10.0,2025-05-15,Jarrod,Witts,Gold Coast,RK,6,28,3,10,3,2,7,1,60,9
2025,10.0,2025-05-15,Nick,Holman,Gold Coast,HFFR,4,223,2,13,4,0,4,2,77,10
2025,10.0,2025-05-15,Touk,Miller,Gold Coast,CHF,6,404,0,26,5,5,5,2,82,18
2025,10.0,2025-05-15,James,Sicily,Hawthorn,BPR,2,371,5,7,5,0,5,0,67,10
2025,10.0,2025-05-15,Karl,Amon,Hawthorn,HBFL,6,884,6,8,5,0,7,0,80,24
2025,10.0,2025-05-15,Tom,Barrass,Hawthorn,FB,1,147,4,4,1,0,0,0,100,6
2025,10.0,2025-05-15,Daniel,Rioli,Gold Coast,HBFR,2,472,3,17,4,0,5,0,76,16
2025,10.0,2025-05-15,Sam,Collins,Gold Coast,BPR,5,193,11,7,2,0,3,0,80,12
2025,10.0,2025-05-15,Blake,Hardwick,Hawthorn,HFFL,3,174,2,10,1,0,6,1,91,10
2025,10.0,2025-05-15,Brayden,Fiorini,Gold Coast,WR,3,266,3,11,3,1,4,1,81,13
2025,10.0,2025-05-15,Mabior,Chol,Hawthorn,FF,4,223,1,16,2,0,4,0,70,7
2025,10.0,2025-05-15,Ben,Ainsworth,Gold Coast,HFFL,3,87,2,10,2,0,2,1,88,7
2025,10.0,2025-05-15,Ben,Long,Gold Coast,FPL,6,258,1,9,4,0,1,0,70,7
2025,10.0,2025-05-15,Josh,Battle,Hawthorn,BPL,2,130,6,6,2,0,4,0,77,10
2025,10.0,2025-05-15,Jack,Scrimshaw,Hawthorn,HBFR,1,351,6,11,2,0,5,0,75,12
2025,10.0,2025-05-15,Harry,Morrison,Hawthorn,WR,3,356,3,19,4,0,5,1,65,11
2025,10.0,2025-05-15,James,Worpel,Hawthorn,R,5,338,2,30,3,1,8,0,60,12
2025,10.0,2025-05-15,Wil,Powell,Gold Coast,CHB,2,572,8,6,3,0,7,0,94,17
2025,10.0,2025-05-15,Dylan,Moore,Hawthorn,HFFR,4,257,1,17,2,1,6,1,65,11
2025,10.0,2025-05-15,Ben,King,Gold Coast,FPR,6,174,1,2,2,0,3,0,67,4
2025,10.0,2025-05-15,John,Noble,Gold Coast,HBFL,2,1001,4,9,13,0,7,0,64,23
2025,10.0,2025-05-15,Changkuoth,Jiath,Hawthorn,INT,1,355,4,10,3,0,4,0,83,10
2025,10.0,2025-05-15,Noah,Anderson,Gold Coast,R,7,865,3,14,3,6,8,0,83,29
2025,10.0,2025-05-15,Matt,Rowell,Gold Coast,C,8,378,2,30,2,3,10,0,83,24
2025,10.0,2025-05-15,Sam,Flanders,Gold Coast,INT,7,125,1,11,1,1,3,2,85,11
2025,10.0,2025-05-15,Finn,Maginness,Hawthorn,INT,1,238,3,14,5,0,7,0,50,7
2025,10.0,2025-05-15,Malcolm,Rosas,Gold Coast,INT,5,254,0,10,2,0,0,1,44,4
2025,10.0,2025-05-15,Ned,Reeves,Hawthorn,RK,3,29,0,8,0,0,1,0,50,3
2025,10.0,2025-05-15,Jai,Newcombe,Hawthorn,RR,7,433,2,24,3,2,7,1,69,20
2025,10.0,2025-05-15,Jack,Ginnivan,Hawthorn,FPR,5,609,1,16,9,0,5,1,55,12
2025,10.0,2025-05-15,Joel,Jeffrey,Gold Coast,INT,0,291,3,10,4,0,1,0,75,9
2025,10.0,2025-05-15,Connor,Macdonald,Hawthorn,FPL,4,412,2,18,3,0,2,2,67,10
2025,10.0,2025-05-15,Josh,Ward,Hawthorn,C,8,388,4,18,4,2,7,0,74,17
2025,10.0,2025-05-15,Massimo,D'Ambrosio,Hawthorn,WL,3,341,1,11,2,1,6,1,58,7
2025,10.0,2025-05-15,Mac,Andrew,Gold Coast,BPL,1,198,2,7,0,0,1,0,89,8
2025,10.0,2025-05-15,Bodhi,Uwland,Gold Coast,FB,3,473,8,6,2,0,0,0,96,21
2025,10.0,2025-05-15,Cam,Mackenzie,Hawthorn,INT,1,286,3,14,1,3,7,0,54,7
2025,10.0,2025-05-15,Bailey,Humphrey,Gold Coast,RR,7,463,4,28,5,0,9,0,63,12
2025,10.0,2025-05-15,Ned,Moyle,Gold Coast,INT,0,-47,2,5,0,0,2,0,75,3
2025,10.0,2025-05-15,Josh,Weddle,Hawthorn,CHB,4,267,11,11,5,0,7,0,68,13
2025,10.0,2025-05-15,Bailey,Macdonald,Hawthorn,SUB,1,173,3,6,1,0,0,0,100,5
2025,10.0,2025-05-15,Nick,Watson,Hawthorn,CHF,5,252,2,10,5,0,4,3,67,8
2025,10.0,2025-05-15,Jed,Walter,Gold Coast,FF,3,89,0,8,1,0,2,2,50,2
2025,10.0,2025-05-15,Sam,Clohesy,Gold Coast,WL,3,584,6,11,7,0,6,0,70,16
2025,10.0,2025-05-15,Calsher,Dear,Hawthorn,INT,1,86,0,6,1,0,0,0,80,4
2025,10.0,2025-05-16,Nick,Haynes,Carlton,HBFL,3,379,10,9,1,1,6,0,94,17
2025,10.0,2025-05-16,Dane,Rampe,Sydney,HBFR,1,184,5,5,3,0,2,0,75,6
2025,10.0,2025-05-16,Brodie,Grundy,Sydney,RK,3,204,0,13,3,0,6,0,79,15
2025,10.0,2025-05-16,Patrick,Cripps,Carlton,C,6,311,2,23,3,1,11,1,50,13
2025,10.0,2025-05-16,Jake,Lloyd,Sydney,WR,1,415,5,8,5,1,6,1,74,17
2025,10.0,2025-05-16,Adam,Saad,Carlton,BPR,1,374,5,17,5,0,6,0,62,13
2025,10.0,2025-05-16,Isaac,Heeney,Sydney,C,10,453,1,19,4,3,12,0,53,20
2025,10.0,2025-05-16,Joel,Hamling,Sydney,HFFR,2,54,2,6,0,0,0,0,100,3
2025,10.0,2025-05-16,Jacob,Weitering,Carlton,FB,2,273,5,5,0,0,1,0,77,10
2025,10.0,2025-05-16,Mitch,McGovern,Carlton,CHB,4,549,6,14,5,0,3,0,80,16
2025,10.0,2025-05-16,George,Hewett,Carlton,R,6,238,4,19,1,0,12,1,78,21
2025,10.0,2025-05-16,Marc,Pittonet,Carlton,RK,3,188,2,16,4,3,4,0,50,6
2025,10.0,2025-05-16,Charlie,Curnow,Carlton,FF,6,403,2,9,6,0,1,0,60,9
2025,10.0,2025-05-16,Jack,Silvagni,Carlton,FPL,1,6,4,4,0,0,0,0,100,5
2025,10.0,2025-05-16,Aaron,Francis,Sydney,FF,1,86,1,3,1,0,0,0,67,2
2025,10.0,2025-05-16,Oliver,Florent,Sydney,SUB,3,214,5,7,2,0,4,0,64,7
2025,10.0,2025-05-16,Will,Hayward,Sydney,FPL,5,145,1,16,3,0,7,0,83,15
2025,10.0,2025-05-16,Lewis,Young,Carlton,HBFR,2,67,3,5,2,0,2,0,56,5
2025,10.0,2025-05-16,Harry,McKay,Carlton,CHF,4,363,3,11,9,1,2,1,63,10
2025,10.0,2025-05-16,Adam,Cerra,Carlton,INT,6,383,7,23,7,1,15,0,62,21
2025,10.0,2025-05-16,Tom,McCartin,Sydney,FB,2,262,10,4,2,0,3,0,93,13
2025,10.0,2025-05-16,Sam,Walsh,Carlton,HFFR,3,186,3,31,4,1,8,1,68,13
2025,10.0,2025-05-16,Nick,Blakey,Sydney,CHB,3,397,4,4,2,0,3,0,69,9
2025,10.0,2025-05-16,Justin,McInerney,Sydney,HBFL,5,390,1,13,4,2,5,0,79,19
2025,10.0,2025-05-16,James,Rowbottom,Sydney,R,4,280,2,24,4,0,7,0,53,10
2025,10.0,2025-05-16,Peter,Ladhams,Sydney,INT,4,99,1,10,4,0,2,0,50,5
2025,10.0,2025-05-16,Chad,Warner,Sydney,RR,9,630,3,17,6,2,8,0,57,17
2025,10.0,2025-05-16,Sam,Wicks,Sydney,BPL,3,265,9,12,6,0,7,0,50,10
2025,10.0,2025-05-16,Joel,Amartey,Sydney,CHF,6,270,1,8,3,0,2,0,50,5
2025,10.0,2025-05-16,James,Jordon,Sydney,INT,4,183,4,13,0,2,6,0,71,10
2025,10.0,2025-05-16,Braeden,Campbell,Sydney,HFFL,4,342,2,16,3,0,5,0,73,11
2025,10.0,2025-05-16,Francis,Evans,Carlton,RR,3,273,2,18,3,0,4,0,42,5
2025,10.0,2025-05-16,Corey,Durdin,Carlton,INT,2,157,2,10,1,0,7,1,83,10
2025,10.0,2025-05-16,Angus,Sheldrick,Sydney,WL,5,473,2,19,7,0,7,0,62,13
2025,10.0,2025-05-16,Jordan,Boyd,Carlton,SUB,1,210,1,5,2,0,0,0,100,6
2025,10.0,2025-05-16,Jesse,Motlop,Carlton,FPR,3,84,1,20,2,0,3,2,29,2
2025,10.0,2025-05-16,Matt,Roberts,Sydney,BPR,1,331,6,6,6,0,6,0,70,14
2025,10.0,2025-05-16,Elijah,Hollands,Carlton,WL,2,271,2,11,4,0,4,0,55,11
2025,10.0,2025-05-16,Oliver,Hollands,Carlton,BPL,1,548,7,17,6,0,5,0,63,12
2025,10.0,2025-05-16,Corey,Warner,Sydney,INT,3,135,2,8,4,0,6,0,85,11
2025,10.0,2025-05-16,Jaxon,Binns,Carlton,WR,2,338,1,9,3,0,3,0,57,8
2025,10.0,2025-05-16,Caiden,Cleary,Sydney,FPR,5,12,3,28,1,1,7,2,64,9
2025,10.0,2025-05-16,Cooper,Lord,Carlton,HFFL,4,400,1,12,2,0,3,1,63,12
2025,10.0,2025-05-16,Riley,Bice,Sydney,INT,1,266,3,13,2,0,3,0,55,6
2025,10.0,2025-05-16,Will,White,Carlton,INT,0,77,0,14,2,0,3,1,50,3
2025,10.0,2025-05-16,Matthew,Carroll,Carlton,INT,2,122,2,10,1,0,1,0,63,5
2025,10.0,2025-05-17,Scott,Pendlebury,Collingwood,RR,6,158,3,12,1,0,5,0,77,17
2025,10.0,2025-05-17,Taylor,Walker,Adelaide,FF,2,143,1,2,3,0,2,0,60,3
2025,10.0,2025-05-17,Steele,Sidebottom,Collingwood,WR,4,440,5,12,7,0,6,0,73,16
2025,10.0,2025-05-17,Jeremy,Howe,Collingwood,FB,2,332,13,7,1,0,3,0,94,16
2025,10.0,2025-05-17,Will,Hoskin-Elliott,Collingwood,INT,4,236,0,4,2,0,0,1,73,8
2025,10.0,2025-05-17,Jack,Crisp,Collingwood,R,5,343,4,20,4,0,9,0,69,11
2025,10.0,2025-05-17,Jamie,Elliott,Collingwood,FPL,7,262,0,12,3,1,5,0,64,9
2025,10.0,2025-05-17,Rory,Laird,Adelaide,BPR,4,419,9,7,7,0,7,0,85,23
2025,10.0,2025-05-17,Tim,Membrey,Collingwood,FF,5,182,1,10,2,0,3,1,70,7
2025,10.0,2025-05-17,Alex,Neal-Bullen,Adelaide,FPR,4,154,0,19,0,0,0,0,78,7
2025,10.0,2025-05-17,Brayden,Maynard,Collingwood,BPL,5,582,6,15,2,0,5,0,71,17
2025,10.0,2025-05-17,Wayne,Milera,Adelaide,INT,3,343,5,8,6,1,4,0,71,12
2025,10.0,2025-05-17,Mason,Cox,Collingwood,INT,1,83,0,4,2,0,2,0,50,2
2025,10.0,2025-05-17,Ben,Keays,Adelaide,HFFL,1,125,0,14,4,0,4,0,14,1
2025,10.0,2025-05-17,Reilly,O'Brien,Adelaide,RK,2,69,4,10,2,1,4,1,54,7
2025,10.0,2025-05-17,Dan,Houston,Collingwood,BPR,2,382,6,12,6,0,4,0,87,13
2025,10.0,2025-05-17,Jordan,Dawson,Adelaide,C,8,500,5,29,5,2,2,0,70,19
2025,10.0,2025-05-17,Harry,Perryman,Collingwood,HBFL,3,237,6,7,2,0,5,0,63,10
2025,10.0,2025-05-17,Josh,Daicos,Collingwood,INT,5,524,11,4,1,0,9,0,76,22
2025,10.0,2025-05-17,Patrick,Lipinski,Collingwood,SUB,2,101,1,4,1,0,1,0,40,2
2025,10.0,2025-05-17,Darcy,Fogarty,Adelaide,FPL,5,261,0,4,4,0,2,0,55,6
2025,10.0,2025-05-17,Isaac,Cumming,Adelaide,WL,1,154,5,14,2,0,4,0,80,8
2025,10.0,2025-05-17,Brody,Mihocek,Collingwood,CHF,3,86,0,5,3,0,3,0,67,4
2025,10.0,2025-05-17,Darcy,Cameron,Collingwood,RK,2,209,6,10,3,0,5,0,62,8
2025,10.0,2025-05-17,Billy,Frampton,Collingwood,CHB,0,380,6,3,4,0,2,0,86,12
2025,10.0,2025-05-17,Mitchell,Hinge,Adelaide,HBFR,2,301,7,8,1,0,7,0,76,16
2025,10.0,2025-05-17,Isaac,Quaynor,Collingwood,HBFR,3,282,6,15,5,0,6,0,59,10
2025,10.0,2025-05-17,Bobby,Hill,Collingwood,HFFR,4,141,1,9,3,0,1,2,67,4
2025,10.0,2025-05-17,Izak,Rankine,Adelaide,RR,4,497,7,20,12,3,12,0,54,14
2025,10.0,2025-05-17,Mark,Keane,Adelaide,CHB,2,250,4,8,3,0,0,0,75,6
2025,10.0,2025-05-17,Jordon,Butts,Adelaide,FB,1,90,2,3,2,0,1,0,100,5
2025,10.0,2025-05-17,Sam,Berry,Adelaide,SUB,0,149,3,6,5,0,5,0,67,6
2025,10.0,2025-05-17,Beau,McCreery,Collingwood,HFFL,8,409,3,24,3,2,1,2,50,6
2025,10.0,2025-05-17,Riley,Thilthorpe,Adelaide,CHF,2,334,3,10,4,0,4,2,69,11
2025,10.0,2025-05-17,Josh,Worrell,Adelaide,BPL,2,525,3,9,5,0,3,0,80,12
2025,10.0,2025-05-17,James,Peatling,Adelaide,HFFR,3,330,3,16,2,0,6,0,68,15
2025,10.0,2025-05-17,Nick,Daicos,Collingwood,C,4,384,2,8,9,3,6,0,75,21
2025,10.0,2025-05-17,Jake,Soligo,Adelaide,INT,5,451,2,16,4,2,7,1,70,16
2025,10.0,2025-05-17,Josh,Rachele,Adelaide,R,5,291,0,16,6,1,2,2,57,8
2025,10.0,2025-05-17,Ned,Long,Collingwood,INT,6,251,3,22,5,3,8,1,63,12
2025,10.0,2025-05-17,Max,Michalanney,Adelaide,HBFL,2,172,3,8,2,0,3,0,88,7
2025,10.0,2025-05-17,Luke,Nankervis,Adelaide,WR,2,71,4,9,3,0,1,0,70,7
2025,10.0,2025-05-17,Daniel,Curtin,Adelaide,INT,3,365,3,14,5,1,2,0,50,6
2025,10.0,2025-05-17,Lachlan,Sullivan,Collingwood,FPR,2,152,2,15,3,0,4,0,20,2
2025,10.0,2025-05-17,Edward,Allan,Collingwood,WL,5,287,4,8,2,0,3,0,69,9
2025,10.0,2025-05-17,Zac,Taylor,Adelaide,INT,4,156,0,17,2,1,6,2,83,10
2025,10.0,2025-05-17,Patrick,Dangerfield,Geelong,FF,0,-1,0,3,0,0,1,2,67,2
2025,10.0,2025-05-17,Mitch,Duncan,Geelong,SUB,4,303,3,3,1,0,4,0,87,13
2025,10.0,2025-05-17,Jeremy,Cameron,Geelong,FPL,9,268,0,12,3,0,3,2,69,11
2025,10.0,2025-05-17,Ollie,Wines,Port Adelaide,INT,3,373,1,26,5,3,2,1,79,22
2025,10.0,2025-05-17,Mark,Blicavs,Geelong,RK,1,229,3,20,2,2,7,0,75,12
2025,10.0,2025-05-17,Jed,Bews,Geelong,INT,1,290,1,9,2,0,2,0,85,11
2025,10.0,2025-05-17,Darcy,Byrne-Jones,Port Adelaide,HFFR,4,292,1,17,2,0,1,0,82,9
2025,10.0,2025-05-17,Aliir,Aliir,Port Adelaide,FB,3,242,7,6,2,0,3,0,80,16
2025,10.0,2025-05-17,Ryan,Burton,Port Adelaide,HBFR,1,433,5,13,5,0,4,0,85,22
2025,10.0,2025-05-17,Sam,Powell-Pepper,Port Adelaide,FPL,6,484,3,11,1,0,4,1,57,13
2025,10.0,2025-05-17,Jack,Bowes,Geelong,INT,2,128,2,4,1,0,0,1,80,4
2025,10.0,2025-05-17,Mark,O'Connor,Geelong,CHB,5,801,10,7,6,0,6,1,96,27
2025,10.0,2025-05-17,Jeremy,Finlayson,Port Adelaide,INT,1,170,1,7,1,0,1,1,67,4
2025,10.0,2025-05-17,Zach,Guthrie,Geelong,HBFR,3,297,2,6,4,0,4,0,62,13
2025,10.0,2025-05-17,Tyson,Stengle,Geelong,INT,5,217,2,7,4,0,4,1,50,6
2025,10.0,2025-05-17,Esava,Ratugolea,Port Adelaide,BPL,1,260,7,10,0,0,4,0,85,11
2025,10.0,2025-05-17,Willie,Rioli,Port Adelaide,HFFL,4,220,0,13,2,1,5,0,60,9
2025,10.0,2025-05-17,Jack,Henry,Geelong,BPL,1,24,6,1,1,0,0,0,86,6
2025,10.0,2025-05-17,Tom,Atkins,Geelong,INT,8,121,3,22,2,3,9,1,74,17
2025,10.0,2025-05-17,Gryan,Miers,Geelong,WL,6,372,4,32,2,0,4,0,93,25
2025,10.0,2025-05-17,Zak,Butters,Port Adelaide,R,2,132,3,19,2,0,8,0,75,15
2025,10.0,2025-05-17,Willem,Drew,Port Adelaide,INT,6,251,2,24,1,1,4,0,85,17
2025,10.0,2025-05-17,Connor,Rozee,Port Adelaide,CHB,3,471,5,20,9,1,8,0,53,17
2025,10.0,2025-05-17,Bailey,Smith,Geelong,RR,10,700,3,17,5,4,7,0,80,24
2025,10.0,2025-05-17,Mitch,Georgiades,Port Adelaide,FF,5,210,0,9,3,0,2,2,43,6
2025,10.0,2025-05-17,Brad,Close,Geelong,HFFL,8,375,1,15,3,0,3,0,67,10
2025,10.0,2025-05-17,Oliver,Henry,Geelong,HFFR,6,145,0,22,2,0,5,3,75,9
2025,10.0,2025-05-17,Miles,Bergman,Port Adelaide,C,4,557,1,14,6,0,1,0,58,11
2025,10.0,2025-05-17,Max,Holmes,Geelong,C,3,449,2,27,6,1,6,0,68,15
2025,10.0,2025-05-17,Lachie,Jones,Port Adelaide,BPR,1,146,7,5,1,0,2,0,57,4
2025,10.0,2025-05-17,Sam,De Koning,Geelong,FB,1,167,4,2,1,0,3,0,80,8
2025,10.0,2025-05-17,Jackson,Mead,Port Adelaide,WR,3,272,1,15,5,2,3,0,80,16
2025,10.0,2025-05-17,Jason,Horne-Francis,Port Adelaide,RR,0,-13,1,4,0,0,2,0,100,3
2025,10.0,2025-05-17,Josh,Sinn,Port Adelaide,HBFL,0,0,0,2,0,0,0,0,0,0
2025,10.0,2025-05-17,Oliver,Dempsey,Geelong,WR,10,414,4,13,4,0,6,0,58,14
2025,10.0,2025-05-17,Shannon,Neale,Geelong,FPR,11,176,0,12,1,0,3,0,73,8
2025,10.0,2025-05-17,Jase,Burgoyne,Port Adelaide,WL,2,290,7,11,2,0,8,0,73,16
2025,10.0,2025-05-17,Ollie,Lord,Port Adelaide,FPR,0,-24,1,4,2,0,3,0,80,4
2025,10.0,2025-05-17,Oisin,Mullin,Geelong,R,1,43,2,17,1,1,2,2,88,7
2025,10.0,2025-05-17,Dante,Visentini,Port Adelaide,RK,1,75,0,15,1,0,1,1,73,8
2025,10.0,2025-05-17,Shaun,Mannagh,Geelong,CHF,9,427,2,17,4,1,5,1,71,15
2025,10.0,2025-05-17,Connor,O'Sullivan,Geelong,BPR,1,47,2,8,1,0,2,0,80,4
2025,10.0,2025-05-17,Joe,Richards,Port Adelaide,CHF,4,123,1,11,5,0,4,1,75,9
2025,10.0,2025-05-17,Logan,Evans,Port Adelaide,INT,4,162,1,13,3,0,3,0,90,18
2025,10.0,2025-05-17,Lawson,Humphries,Geelong,HBFL,3,362,5,11,1,0,4,1,79,15
2025,10.0,2025-05-17,Christian,Moraes,Port Adelaide,SUB,2,152,2,12,2,0,2,0,83,15
2025,10.0,2025-05-17,Callan,Ward,Greater Western Sydney,WL,0,170,1,1,0,0,1,0,73,8
2025,10.0,2025-05-17,Toby,Greene,Greater Western Sydney,FPR,7,336,0,10,2,0,4,0,50,8
2025,10.0,2025-05-17,Lachie,Whitfield,Greater Western Sydney,HBFL,2,324,3,6,3,0,3,0,92,23
2025,10.0,2025-05-17,Jesse,Hogan,Greater Western Sydney,FF,4,149,2,4,3,0,3,1,73,8
2025,10.0,2025-05-17,Alex,Pearce,Fremantle,FB,1,37,3,1,0,0,1,0,100,4
2025,10.0,2025-05-17,Corey,Wagner,Fremantle,INT,6,302,1,10,1,0,5,0,85,11
2025,10.0,2025-05-17,Harry,Himmelberg,Greater Western Sydney,BPR,4,180,3,8,3,0,5,0,54,7
2025,10.0,2025-05-17,Shai,Bolton,Fremantle,C,10,417,5,21,7,3,9,2,67,16
2025,10.0,2025-05-17,Luke,Ryan,Fremantle,BPL,1,545,2,8,2,0,0,0,89,16
2025,10.0,2025-05-17,Brennan,Cox,Fremantle,BPR,0,35,4,3,2,0,3,0,83,5
2025,10.0,2025-05-17,Bailey,Banfield,Fremantle,SUB,1,79,2,4,2,0,2,0,60,3
2025,10.0,2025-05-17,Andrew,Brayshaw,Fremantle,R,7,274,2,19,3,1,8,2,63,19
2025,10.0,2025-05-17,Sam,Taylor,Greater Western Sydney,FB,3,143,8,11,4,0,6,0,64,9
2025,10.0,2025-05-17,Sam,Switkowski,Fremantle,CHF,5,117,3,11,1,0,4,2,75,12
2025,10.0,2025-05-17,Jordan,Clark,Fremantle,HBFR,3,401,4,11,2,0,5,0,81,17
2025,10.0,2025-05-17,Connor,Idun,Greater Western Sydney,BPL,4,306,7,12,1,0,3,1,89,16
2025,10.0,2025-05-17,Tom,Green,Greater Western Sydney,R,6,486,1,13,3,1,6,0,88,22
2025,10.0,2025-05-17,Toby,Bedford,Greater Western Sydney,RR,3,75,1,22,0,1,3,3,88,7
2025,10.0,2025-05-17,Luke,Jackson,Fremantle,RK,6,261,3,8,5,3,8,0,67,14
2025,10.0,2025-05-17,Lachie,Ash,Greater Western Sydney,HBFR,5,634,4,16,7,0,3,0,79,23
2025,10.0,2025-05-17,Caleb,Serong,Fremantle,RR,8,695,2,15,5,4,8,1,67,24
2025,10.0,2025-05-17,Michael,Frederick,Fremantle,HFFL,11,273,1,16,5,0,5,3,63,10
2025,10.0,2025-05-17,Jeremy,Sharp,Fremantle,WL,0,16,0,11,0,0,1,0,67,2
2025,10.0,2025-05-17,Xavier,O'Halloran,Greater Western Sydney,HFFL,6,293,1,20,2,0,5,1,77,10
2025,10.0,2025-05-17,Jake,Riccardi,Greater Western Sydney,INT,4,161,2,6,4,1,3,0,64,7
2025,10.0,2025-05-17,Jack,Buckley,Greater Western Sydney,CHB,3,236,6,3,1,0,3,0,94,15
2025,10.0,2025-05-17,Heath,Chapman,Fremantle,HBFL,6,443,7,11,2,0,6,0,87,13
2025,10.0,2025-05-17,Josh,Treacy,Fremantle,FF,2,232,2,10,2,0,4,2,64,7
2025,10.0,2025-05-17,Kieren,Briggs,Greater Western Sydney,RK,5,254,3,7,4,1,3,0,54,7
2025,10.0,2025-05-17,Callum,Brown,Greater Western Sydney,FPL,8,251,0,9,0,0,4,1,77,10
2025,10.0,2025-05-17,Neil,Erasmus,Fremantle,INT,6,392,2,10,3,3,5,0,68,13
2025,10.0,2025-05-17,Finn,Callaghan,Greater Western Sydney,C,7,497,1,26,6,2,3,1,63,15
2025,10.0,2025-05-17,Jye,Amiss,Fremantle,FPR,3,97,1,1,2,0,1,0,75,6
2025,10.0,2025-05-17,Jacob,Wehr,Greater Western Sydney,WR,3,342,2,13,1,0,1,0,92,11
2025,10.0,2025-05-17,Matthew,Johnson,Fremantle,WR,4,206,0,16,3,0,3,0,64,9
2025,10.0,2025-05-17,Aaron,Cadman,Greater Western Sydney,CHF,3,140,0,5,0,0,0,0,80,4
2025,10.0,2025-05-17,Karl,Worner,Fremantle,CHB,2,97,2,5,1,0,1,0,88,7
2025,10.0,2025-05-17,Toby,McMullin,Greater Western Sydney,INT,2,84,1,6,2,0,1,0,60,3
2025,10.0,2025-05-17,Harvey,Thomas,Greater Western Sydney,SUB,2,82,0,3,1,0,1,0,33,1
2025,10.0,2025-05-17,Darcy,Jones,Greater Western Sydney,HFFR,8,235,2,14,3,1,7,1,59,10
2025,10.0,2025-05-17,Cooper,Simpson,Fremantle,INT,4,380,4,8,2,0,0,0,86,12
2025,10.0,2025-05-17,Patrick,Voss,Fremantle,FPL,4,235,3,14,1,1,6,0,46,5
2025,10.0,2025-05-17,Joe,Fonti,Greater Western Sydney,INT,1,72,5,14,3,1,4,0,100,11
2025,10.0,2025-05-17,Murphy,Reid,Fremantle,INT,7,199,1,8,2,0,3,0,73,11
2025,10.0,2025-05-17,Isaiah,Dudley,Fremantle,HFFR,5,256,2,10,2,0,2,0,50,4
2025,10.0,2025-05-17,Cody,Angove,Greater Western Sydney,INT,3,203,2,6,3,0,2,1,56,5
2025,10.0,2025-05-17,Todd,Goldstein,Essendon,RK,4,19,0,15,0,1,1,0,100,8
2025,10.0,2025-05-17,Tom,Liberatore,Western Bulldogs,R,6,463,5,21,6,2,13,1,82,27
2025,10.0,2025-05-17,Dylan,Shiel,Essendon,SUB,1,161,1,6,4,0,1,0,63,5
2025,10.0,2025-05-17,Jason,Johannisen,Western Bulldogs,HBFL,9,490,2,9,4,0,0,0,80,16
2025,10.0,2025-05-17,Taylor,Duryea,Western Bulldogs,INT,7,157,6,10,2,0,1,0,75,12
2025,10.0,2025-05-17,Zach,Merrett,Essendon,C,3,221,0,28,5,2,8,0,70,14
2025,10.0,2025-05-17,Marcus,Bontempelli,Western Bulldogs,RR,9,315,2,21,1,2,4,0,88,21
2025,10.0,2025-05-17,Rory,Lobb,Western Bulldogs,CHB,3,105,6,5,1,0,1,0,91,10
2025,10.0,2025-05-17,Kyle,Langford,Essendon,FPL,2,127,1,10,5,0,4,0,50,5
2025,10.0,2025-05-17,Bailey,Dale,Western Bulldogs,HBFR,11,1016,6,7,6,0,3,0,78,38
2025,10.0,2025-05-17,Peter,Wright,Essendon,FF,6,321,2,7,6,0,3,0,56,9
2025,10.0,2025-05-17,Jayden,Laverde,Essendon,RR,2,203,5,7,2,0,3,0,83,15
2025,10.0,2025-05-17,James,Harmes,Western Bulldogs,HFFL,7,323,7,6,3,0,7,0,82,22
2025,10.0,2025-05-17,Mason,Redman,Essendon,HBFL,5,350,4,13,3,0,3,0,89,24
2025,10.0,2025-05-17,Bailey,Williams,Western Bulldogs,WL,8,272,4,11,3,0,1,0,79,15
2025,10.0,2025-05-17,Matthew,Kennedy,Western Bulldogs,HFFR,9,400,1,10,4,3,5,2,65,20
2025,10.0,2025-05-17,Andrew,McGrath,Essendon,BPL,3,406,5,15,2,0,5,0,88,22
2025,10.0,2025-05-17,Tim,English,Western Bulldogs,RK,11,158,1,7,0,4,6,1,92,24
2025,10.0,2025-05-17,Will,Setterfield,Essendon,HFFL,3,161,2,35,2,3,4,0,81,21
2025,10.0,2025-05-17,Ben,McKay,Essendon,FB,2,122,9,5,4,0,4,0,67,10
2025,10.0,2025-05-17,Aaron,Naughton,Western Bulldogs,FF,10,177,1,6,2,0,2,3,73,8
2025,10.0,2025-05-17,Ed,Richards,Western Bulldogs,C,13,479,3,24,4,0,5,2,74,20
2025,10.0,2025-05-17,Xavier,Duursma,Essendon,WL,4,318,5,22,4,0,2,1,80,16
2025,10.0,2025-05-17,Rhylee,West,Western Bulldogs,FPR,11,346,4,14,3,0,5,3,79,15
2025,10.0,2025-05-17,Jye,Caldwell,Essendon,INT,4,174,2,24,4,1,2,0,71,12
2025,10.0,2025-05-17,Laitham,Vandermeer,Western Bulldogs,BPR,4,254,2,10,2,0,5,0,73,11
2025,10.0,2025-05-17,Lachlan,McNeil,Western Bulldogs,INT,8,156,4,13,1,0,3,0,60,9
2025,10.0,2025-05-17,Jaxon,Prior,Essendon,HBFR,2,269,5,11,1,0,0,0,94,16
2025,10.0,2025-05-17,Archie,Perkins,Essendon,INT,2,74,0,18,3,1,1,0,71,10
2025,10.0,2025-05-17,Zach,Reid,Essendon,CHB,1,298,4,20,4,0,2,0,67,10
2025,10.0,2025-05-17,Buku,Khamis,Western Bulldogs,CHF,8,82,0,3,0,0,3,1,86,12
2025,10.0,2025-05-17,Lachlan,Bramble,Western Bulldogs,SUB,2,114,0,6,2,0,1,0,79,11
2025,10.0,2025-05-17,Sam,Durham,Essendon,R,2,239,2,20,3,3,6,0,79,19
2025,10.0,2025-05-17,Nic,Martin,Essendon,HFFR,5,407,3,23,2,1,6,1,68,17
2025,10.0,2025-05-17,Ben,Hobbs,Essendon,WR,0,150,0,21,2,0,0,0,80,12
2025,10.0,2025-05-17,Luke,Cleary,Western Bulldogs,BPL,7,141,2,11,0,0,4,0,94,17
2025,10.0,2025-05-17,Arthur,Jones,Western Bulldogs,INT,1,7,1,6,1,0,2,1,100,3
2025,10.0,2025-05-17,James,O'Donnell,Western Bulldogs,FB,4,215,5,8,2,0,2,0,88,14
2025,10.0,2025-05-17,Ryley,Sanders,Western Bulldogs,FPL,9,79,1,13,2,0,5,0,96,23
2025,10.0,2025-05-17,Joel,Freijah,Western Bulldogs,WR,5,101,2,14,3,0,5,1,81,17
2025,10.0,2025-05-17,Nate,Caddy,Essendon,CHF,1,144,0,12,4,0,0,0,50,4
2025,10.0,2025-05-17,Archie,Roberts,Essendon,BPR,4,303,4,14,3,0,6,1,79,23
2025,10.0,2025-05-17,Isaac,Kako,Essendon,FPR,2,28,0,24,0,0,1,1,100,7
2025,10.0,2025-05-17,Sam,Davidson,Western Bulldogs,INT,6,357,0,12,3,0,5,1,81,13
2025,10.0,2025-05-17,Saad,El-Hawli,Essendon,INT,2,180,0,6,1,0,2,0,78,7
2025,10.0,2025-05-17,Archer,Day-Wicks,Essendon,INT,3,151,1,19,0,0,4,1,75,9
2025,10.0,2025-05-18,Jack,Darling,North Melbourne,FF,7,415,1,7,5,0,3,0,71,12
2025,10.0,2025-05-18,Tom,Lynch,Richmond,FPL,7,157,0,6,3,0,2,0,69,9
2025,10.0,2025-05-18,Luke,Parker,North Melbourne,INT,1,139,2,8,5,2,5,0,53,8
2025,10.0,2025-05-18,Nick,Vlastuin,Richmond,BPL,1,242,9,9,2,0,4,0,71,10
2025,10.0,2025-05-18,Aidan,Corr,North Melbourne,BPR,1,93,3,12,1,0,1,0,88,7
2025,10.0,2025-05-18,Luke,McDonald,North Melbourne,HBFR,3,275,1,8,1,0,0,0,88,7
2025,10.0,2025-05-18,Kamdyn,McIntosh,Richmond,WL,5,222,3,9,3,0,5,0,77,10
2025,10.0,2025-05-18,Toby,Nankervis,Richmond,RK,6,106,2,25,2,2,2,1,60,9
2025,10.0,2025-05-18,Caleb,Daniel,North Melbourne,CHB,4,417,3,9,4,0,6,0,76,19
2025,10.0,2025-05-18,Jacob,Hopper,Richmond,R,4,356,2,17,2,0,10,2,63,17
2025,10.0,2025-05-18,Nathan,Broad,Richmond,HBFR,3,208,6,8,0,0,2,0,92,11
2025,10.0,2025-05-18,Jy,Simpkin,North Melbourne,WR,3,317,0,20,5,3,5,0,60,12
2025,10.0,2025-05-18,Tim,Taranto,Richmond,RR,5,205,3,17,2,0,14,1,63,19
2025,10.0,2025-05-18,Cameron,Zurhaar,North Melbourne,FPR,6,163,0,9,2,0,3,0,100,9
2025,10.0,2025-05-18,Nick,Larkey,North Melbourne,CHF,4,138,0,11,0,0,4,0,90,9
2025,10.0,2025-05-18,Luke,Davies-Uniacke,North Melbourne,C,7,282,5,16,5,3,13,0,70,19
2025,10.0,2025-05-18,Noah,Balta,Richmond,BPR,1,362,3,8,2,0,1,0,64,7
2025,10.0,2025-05-18,Bailey,Scott,North Melbourne,FPL,1,-19,0,18,0,0,1,0,80,4
2025,10.0,2025-05-18,Jack,Ross,Richmond,C,4,309,2,29,0,2,6,4,76,16
2025,10.0,2025-05-18,Tristan,Xerri,North Melbourne,RK,6,385,2,19,5,3,9,1,47,9
2025,10.0,2025-05-18,Dylan,Stephens,North Melbourne,WL,4,454,1,7,6,0,4,0,61,11
2025,10.0,2025-05-18,Thomson,Dow,Richmond,INT,1,121,2,27,3,0,7,0,82,14
2025,10.0,2025-05-18,Tom,Powell,North Melbourne,HFFL,5,318,1,16,2,2,6,0,83,20
2025,10.0,2025-05-18,Rhyan,Mansell,Richmond,HFFR,4,260,1,19,4,0,1,5,73,8
2025,10.0,2025-05-18,Hugo,Ralphsmith,Richmond,WR,3,278,3,15,2,0,6,0,50,8
2025,10.0,2025-05-18,Charlie,Comben,North Melbourne,BPL,1,148,5,4,2,0,2,0,90,9
2025,10.0,2025-05-18,Ben,Miller,Richmond,FB,2,178,8,7,3,0,3,0,92,11
2025,10.0,2025-05-18,Harry,Sheezel,North Melbourne,R,2,346,3,33,5,0,8,2,45,9
2025,10.0,2025-05-18,George,Wardlaw,North Melbourne,RR,2,197,1,23,3,0,8,1,57,8
2025,10.0,2025-05-18,Sam,Banks,Richmond,CHB,4,614,2,8,2,0,3,0,68,17
2025,10.0,2025-05-18,Tom,Brown,Richmond,HBFL,1,233,7,11,2,0,4,0,82,9
2025,10.0,2025-05-18,Seth,Campbell,Richmond,HFFL,8,235,2,15,1,0,3,2,73,11
2025,10.0,2025-05-18,Zane,Duursma,North Melbourne,SUB,0,22,0,5,1,0,0,0,0,0
2025,10.0,2025-05-18,Colby,McKercher,North Melbourne,HFFR,7,243,4,25,1,0,8,1,86,19
2025,10.0,2025-05-18,Toby,Pink,North Melbourne,FB,2,310,7,7,3,0,4,0,75,9
2025,10.0,2025-05-18,Kane,McAuliffe,Richmond,CHF,5,324,4,18,1,0,9,1,64,14
2025,10.0,2025-05-18,Riley,Hardeman,North Melbourne,INT,4,408,3,9,3,1,5,0,58,7
2025,10.0,2025-05-18,Steely,Green,Richmond,INT,2,184,1,10,3,0,3,1,88,7
2025,10.0,2025-05-18,Kaleb,Smith,Richmond,SUB,0,109,0,1,2,0,0,0,67,2
2025,10.0,2025-05-18,Sam,Lalor,Richmond,FF,5,102,0,7,1,0,2,2,81,13
2025,10.0,2025-05-18,Luke,Trainor,Richmond,INT,4,228,2,9,2,0,1,0,83,10
2025,10.0,2025-05-18,Jacob,Konstanty,North Melbourne,INT,1,42,1,10,2,0,4,0,71,5
2025,10.0,2025-05-18,Finn,O'Sullivan,North Melbourne,HBFL,2,220,2,19,2,0,2,0,80,8
2025,10.0,2025-05-18,Jonty,Faull,Richmond,FPR,1,83,0,6,1,0,1,2,67,2
2025,10.0,2025-05-18,Finnbar,Maley,North Melbourne,INT,4,79,2,3,0,0,1,1,67,4
2025,10.0,2025-05-18,Thomas,Sims,Richmond,INT,2,122,1,10,3,0,4,1,71,5
2025,10.0,2025-05-18,Jake,Melksham,Melbourne,FF,8,321,0,9,4,0,2,3,73,8
2025,10.0,2025-05-18,Ryan,Lester,Brisbane Lions,BPR,6,297,3,15,1,1,1,0,94,15
2025,10.0,2025-05-18,Steven,May,Melbourne,FB,2,386,5,3,1,0,0,0,93,14
2025,10.0,2025-05-18,Max,Gawn,Melbourne,RK,7,205,4,8,0,1,3,0,86,19
2025,10.0,2025-05-18,Tom,McDonald,Melbourne,CHB,1,265,7,8,4,0,4,0,69,11
2025,10.0,2025-05-18,Lachie,Neale,Brisbane Lions,R,4,415,2,13,4,1,11,0,73,22
2025,10.0,2025-05-18,Dayne,Zorko,Brisbane Lions,BPL,9,571,8,13,1,1,5,0,82,22
2025,10.0,2025-05-18,Darcy,Gardiner,Brisbane Lions,INT,7,179,2,3,1,0,5,0,92,12
2025,10.0,2025-05-18,Christian,Salem,Melbourne,BPR,3,401,4,6,2,1,4,0,85,17
2025,10.0,2025-05-18,Charlie,Cameron,Brisbane Lions,HFFL,7,274,0,10,1,0,3,0,69,9
2025,10.0,2025-05-18,Harris,Andrews,Brisbane Lions,CHB,2,167,5,7,1,0,3,0,70,7
2025,10.0,2025-05-18,Conor,McKenna,Brisbane Lions,SUB,1,17,0,0,0,0,0,0,100,1
2025,10.0,2025-05-18,Ed,Langdon,Melbourne,WR,5,172,3,21,3,0,7,0,68,17
2025,10.0,2025-05-18,Clayton,Oliver,Melbourne,RR,5,364,3,36,3,3,10,1,78,18
2025,10.0,2025-05-18,Callum,Ah Chee,Brisbane Lions,FPR,2,133,0,10,0,0,1,1,60,3
2025,10.0,2025-05-18,Josh,Dunkley,Brisbane Lions,RR,4,336,4,19,5,2,9,0,79,22
2025,10.0,2025-05-18,Christian,Petracca,Melbourne,C,8,369,0,23,5,7,10,2,71,22
2025,10.0,2025-05-18,Eric,Hipwood,Brisbane Lions,CHF,3,265,2,13,4,0,4,0,67,6
2025,10.0,2025-05-18,Hugh,McCluggage,Brisbane Lions,C,7,401,1,22,3,1,4,0,75,21
2025,10.0,2025-05-18,Cam,Rayner,Brisbane Lions,FPL,3,229,1,13,5,1,6,0,60,9
2025,10.0,2025-05-18,Bayley,Fritsch,Melbourne,SUB,4,104,0,5,1,0,1,0,71,5
2025,10.0,2025-05-18,Zac,Bailey,Brisbane Lions,WR,10,412,4,9,1,3,7,1,89,24
2025,10.0,2025-05-18,Charlie,Spargo,Melbourne,FPL,3,104,1,11,3,0,6,1,62,8
2025,10.0,2025-05-18,Harrison,Petty,Melbourne,CHF,2,273,3,7,5,0,1,0,40,4
2025,10.0,2025-05-18,Tom,Sparrow,Melbourne,HFFR,3,298,2,20,4,0,5,1,69,11
2025,10.0,2025-05-18,Noah,Answerth,Brisbane Lions,HBFL,2,201,2,16,6,0,3,0,55,6
2025,10.0,2025-05-18,Darcy,Fort,Brisbane Lions,RK,2,107,1,20,4,0,4,0,46,5
2025,10.0,2025-05-18,Kade,Chandler,Melbourne,WL,7,229,0,5,2,0,3,0,73,8
2025,10.0,2025-05-18,Kysaiah,Pickett,Melbourne,FPR,12,325,2,24,0,3,6,0,71,15
2025,10.0,2025-05-18,Trent,Rivers,Melbourne,INT,5,563,0,14,6,1,10,0,63,15
2025,10.0,2025-05-18,Jack,Payne,Brisbane Lions,FB,2,158,4,6,3,0,1,0,80,8
2025,10.0,2025-05-18,Keidean,Coleman,Brisbane Lions,HBFR,2,475,6,11,4,0,3,0,74,14
2025,10.0,2025-05-18,Harry,Sharp,Melbourne,INT,4,91,0,10,1,0,1,0,60,6
2025,10.0,2025-05-18,Jake,Bowey,Melbourne,BPL,5,320,10,11,2,2,12,0,86,19
2025,10.0,2025-05-18,Kai,Lohmann,Brisbane Lions,INT,1,95,0,8,2,0,1,1,80,4
2025,10.0,2025-05-18,Daniel,Turner,Melbourne,HFFL,3,173,7,7,0,0,8,0,82,9
2025,10.0,2025-05-18,Darcy,Wilmot,Brisbane Lions,INT,4,226,3,13,1,0,4,0,85,17
2025,10.0,2025-05-18,Will,Ashcroft,Brisbane Lions,HFFR,9,340,2,18,5,1,10,0,77,23
2025,10.0,2025-05-18,Judd,McVee,Melbourne,HBFL,2,81,6,7,1,0,0,0,85,11
2025,10.0,2025-05-18,Jaspa,Fletcher,Brisbane Lions,WL,5,316,6,17,4,0,9,0,77,17
2025,10.0,2025-05-18,Caleb,Windsor,Melbourne,INT,0,232,0,13,3,0,0,0,17,1
2025,10.0,2025-05-18,Logan,Morris,Brisbane Lions,FF,8,207,0,5,2,0,0,1,64,7
2025,10.0,2025-05-18,Levi,Ashcroft,Brisbane Lions,INT,3,427,4,2,6,0,3,0,64,14
2025,10.0,2025-05-18,Aidan,Johnson,Melbourne,INT,2,100,1,14,1,0,3,1,40,2
2025,10.0,2025-05-18,Harvey,Langford,Melbourne,R,5,347,3,18,6,0,0,0,58,11
2025,10.0,2025-05-18,Xavier,Lindsay,Melbourne,HBFR,2,442,3,8,3,0,0,0,68,13
2025,10.0,2025-05-18,Jamie,Cripps,West Coast,WR,3,168,2,17,2,0,5,1,89,8
2025,10.0,2025-05-18,Bradley,Hill,St Kilda,WL,5,415,2,17,5,0,4,2,68,15
2025,10.0,2025-05-18,Jack,Macrae,St Kilda,RR,4,433,1,9,8,2,11,1,56,15
2025,10.0,2025-05-18,Jimmy,Webster,St Kilda,BPR,4,337,6,6,3,0,3,0,82,14
2025,10.0,2025-05-18,Mason,Wood,St Kilda,WR,4,252,0,8,2,0,3,0,70,7
2025,10.0,2025-05-18,Jack,Sinclair,St Kilda,C,5,953,3,11,11,1,8,0,66,25
2025,10.0,2025-05-18,Liam,Duggan,West Coast,BPR,3,599,6,11,4,0,2,0,81,17
2025,10.0,2025-05-18,Jack,Steele,St Kilda,R,2,293,2,31,3,1,4,1,75,12
2025,10.0,2025-05-18,Jayden,Hunt,West Coast,WL,5,198,1,11,3,0,4,0,60,9
2025,10.0,2025-05-18,Tom,Cole,West Coast,INT,3,233,6,13,1,0,4,0,87,13
2025,10.0,2025-05-18,Rowan,Marshall,St Kilda,RK,6,431,8,10,4,2,6,0,67,18
2025,10.0,2025-05-18,Jack,Graham,West Coast,HFFR,6,372,2,25,5,1,8,0,77,13
2025,10.0,2025-05-18,Tim,Kelly,West Coast,RR,4,239,1,17,3,2,4,1,58,7
2025,10.0,2025-05-18,Liam,Ryan,West Coast,HFFL,9,409,3,16,1,2,2,1,71,10
2025,10.0,2025-05-18,Jake,Waterman,West Coast,CHF,6,319,0,6,6,0,1,0,80,12
2025,10.0,2025-05-18,Jack,Higgins,St Kilda,FPR,9,208,0,11,4,0,4,2,75,9
2025,10.0,2025-05-18,Oscar,Allen,West Coast,FB,5,305,4,5,4,0,2,0,46,6
2025,10.0,2025-05-18,Liam,Baker,West Coast,HBFR,5,441,5,21,2,0,6,1,83,15
2025,10.0,2025-05-18,Callum,Wilkie,St Kilda,FB,6,312,9,4,1,0,8,0,92,22
2025,10.0,2025-05-18,Ryan,Byrnes,St Kilda,HBFR,2,206,5,5,2,0,3,0,77,13
2025,10.0,2025-05-18,Harry,Edwards,West Coast,BPL,0,246,6,2,4,0,3,0,90,9
2025,10.0,2025-05-18,Bailey J.,Williams,West Coast,INT,5,91,1,12,1,1,5,1,88,7
2025,10.0,2025-05-18,Matthew,Owies,West Coast,FPL,1,81,0,2,2,0,0,0,67,2
2025,10.0,2025-05-18,Tyler,Brockman,West Coast,INT,6,184,2,15,1,2,5,2,81,13
2025,10.0,2025-05-18,Matt,Flynn,West Coast,RK,6,208,4,8,4,1,6,0,71,12
2025,10.0,2025-05-18,Cooper,Sharman,St Kilda,FPL,4,155,0,13,1,0,1,0,100,6
2025,10.0,2025-05-18,Mitch,Owens,St Kilda,HFFR,3,164,1,14,4,0,1,2,67,8
2025,10.0,2025-05-18,Nasiah,Wanganeen-Milera,St Kilda,CHB,4,349,3,14,7,3,10,0,63,17
2025,10.0,2025-05-18,Brady,Hough,West Coast,C,6,487,4,20,3,0,5,0,71,17
2025,10.0,2025-05-18,Marcus,Windhager,St Kilda,HBFL,5,379,0,8,1,0,4,0,74,14
2025,10.0,2025-05-18,Reuben,Ginbey,West Coast,CHB,2,268,5,5,2,0,2,0,91,10
2025,10.0,2025-05-18,Anthony,Caminiti,St Kilda,FF,4,139,10,9,1,0,9,0,88,14
2025,10.0,2025-05-18,Mattaes,Phillipou,St Kilda,INT,5,243,0,13,0,1,6,2,50,7
2025,10.0,2025-05-18,Elijah,Hewett,West Coast,INT,3,195,0,17,1,2,3,3,69,9
2025,10.0,2025-05-18,Ryan,Maric,West Coast,HBFL,2,490,4,12,5,0,2,0,73,16
2025,10.0,2025-05-18,Lance,Collard,St Kilda,INT,1,95,0,4,1,0,1,0,83,5
2025,10.0,2025-05-18,Darcy,Wilson,St Kilda,CHF,2,120,3,7,1,0,6,0,71,12
2025,10.0,2025-05-18,Harley,Reid,West Coast,R,4,370,1,24,5,1,8,0,73,11
2025,10.0,2025-05-18,Hugo,Garcia,St Kilda,INT,3,125,1,17,1,2,6,1,42,5
2025,10.0,2025-05-18,Jack,Hutchinson,West Coast,FF,2,213,2,5,1,0,3,0,67,8
2025,10.0,2025-05-18,Angus,McLennan,St Kilda,BPL,0,46,4,7,4,0,1,0,43,3
2025,10.0,2025-05-18,Max,Hall,St Kilda,HFFL,4,233,0,5,3,0,4,0,69,9
2025,10.0,2025-05-18,Liam,O'Connell,St Kilda,INT,3,62,6,9,3,0,2,0,82,9
2025,10.0,2025-05-18,Tobie,Travaglia,St Kilda,SUB,2,72,2,3,0,0,2,0,100,6
2025,10.0,2025-05-18,Sandy,Brock,West Coast,FPR,0,158,9,4,3,0,5,0,73,8
2025,10.0,2025-05-18,Tom,Gross,West Coast,SUB,3,87,2,11,3,0,5,2,70,7
2025,11.0,2025-05-22,Mitch,Duncan,Geelong,INT,3,135,4,5,1,0,3,0,82,9
2025,11.0,2025-05-22,Rhys,Stanley,Geelong,RK,4,157,2,16,4,2,4,0,54,7
2025,11.0,2025-05-22,Tom,Liberatore,Western Bulldogs,R,11,430,1,23,3,6,15,2,61,19
2025,11.0,2025-05-22,Jeremy,Cameron,Geelong,FF,9,507,0,6,3,0,0,2,86,12
2025,11.0,2025-05-22,Jason,Johannisen,Western Bulldogs,HBFL,3,297,2,7,1,1,4,0,69,9
2025,11.0,2025-05-22,Mark,Blicavs,Geelong,WL,2,72,1,15,0,1,5,0,82,9
2025,11.0,2025-05-22,Taylor,Duryea,Western Bulldogs,INT,1,131,1,15,1,0,3,0,67,6
2025,11.0,2025-05-22,Marcus,Bontempelli,Western Bulldogs,RR,8,383,1,19,3,1,10,2,57,13
2025,11.0,2025-05-22,Jed,Bews,Geelong,INT,1,197,4,11,3,0,2,0,73,8
2025,11.0,2025-05-22,Rory,Lobb,Western Bulldogs,CHB,2,228,7,9,3,0,3,0,93,13
2025,11.0,2025-05-22,Bailey,Dale,Western Bulldogs,HBFR,5,546,8,6,5,0,7,1,77,17
2025,11.0,2025-05-22,James,Harmes,Western Bulldogs,HFFL,4,356,2,11,4,0,5,0,63,10
2025,11.0,2025-05-22,Bailey,Williams,Western Bulldogs,INT,4,243,2,6,2,1,3,1,83,10
2025,11.0,2025-05-22,Matthew,Kennedy,Western Bulldogs,HFFR,12,411,3,12,1,0,6,0,80,20
2025,11.0,2025-05-22,Tom,Stewart,Geelong,CHB,3,469,4,12,2,0,2,0,81,17
2025,11.0,2025-05-22,Mark,O'Connor,Geelong,BPL,1,187,6,11,2,0,3,0,94,16
2025,11.0,2025-05-22,Tim,English,Western Bulldogs,RK,5,99,0,7,1,2,1,1,80,8
2025,11.0,2025-05-22,Zach,Guthrie,Geelong,HBFR,5,380,3,17,3,0,1,0,82,14
2025,11.0,2025-05-22,Tyson,Stengle,Geelong,FPR,8,209,0,9,2,0,5,2,73,11
2025,11.0,2025-05-22,Aaron,Naughton,Western Bulldogs,FF,7,142,0,7,0,0,3,2,80,8
2025,11.0,2025-05-22,Ed,Richards,Western Bulldogs,C,8,547,0,16,5,6,10,0,64,18
2025,11.0,2025-05-22,Jack,Henry,Geelong,BPR,1,62,1,3,2,0,0,0,78,7
2025,11.0,2025-05-22,Tom,Atkins,Geelong,R,5,225,3,29,2,2,7,0,63,10
2025,11.0,2025-05-22,Gryan,Miers,Geelong,HFFL,7,342,1,18,2,0,2,0,70,16
2025,11.0,2025-05-22,Bailey,Smith,Geelong,RR,7,810,1,25,6,4,10,0,52,17
2025,11.0,2025-05-22,Oskar,Baker,Western Bulldogs,BPR,4,450,4,3,3,0,2,0,67,10
2025,11.0,2025-05-22,Rhylee,West,Western Bulldogs,FPR,7,222,1,12,5,0,7,4,62,8
2025,11.0,2025-05-22,Laitham,Vandermeer,Western Bulldogs,WL,9,172,0,15,3,0,3,2,92,12
2025,11.0,2025-05-22,Brad,Close,Geelong,HFFR,6,83,2,15,1,0,4,0,88,7
2025,11.0,2025-05-22,Oliver,Henry,Geelong,INT,4,136,0,9,2,0,4,1,44,4
2025,11.0,2025-05-22,Lachlan,McNeil,Western Bulldogs,INT,8,128,1,10,0,0,4,0,69,9
2025,11.0,2025-05-22,Max,Holmes,Geelong,C,7,512,5,15,3,1,15,0,64,21
2025,11.0,2025-05-22,Sam,De Koning,Geelong,FB,2,188,8,7,2,0,4,0,75,9
2025,11.0,2025-05-22,Buku,Khamis,Western Bulldogs,CHF,7,163,2,7,0,0,1,0,85,11
2025,11.0,2025-05-22,Lachlan,Bramble,Western Bulldogs,SUB,1,79,0,1,0,0,3,0,100,3
2025,11.0,2025-05-22,Oliver,Dempsey,Geelong,WR,7,189,0,13,0,0,3,1,53,8
2025,11.0,2025-05-22,Luke,Cleary,Western Bulldogs,BPL,2,279,5,3,5,1,2,0,40,4
2025,11.0,2025-05-22,Shannon,Neale,Geelong,FPL,11,246,2,3,3,0,6,1,88,14
2025,11.0,2025-05-22,James,O'Donnell,Western Bulldogs,FB,0,84,6,9,1,0,1,0,89,8
2025,11.0,2025-05-22,Oisin,Mullin,Geelong,INT,5,114,0,17,0,0,2,0,90,9
2025,11.0,2025-05-22,Ted,Clohesy,Geelong,SUB,0,41,0,3,0,0,1,0,50,1
2025,11.0,2025-05-22,Shaun,Mannagh,Geelong,CHF,6,484,3,19,2,0,4,2,57,12
2025,11.0,2025-05-22,Ryley,Sanders,Western Bulldogs,FPL,3,71,0,16,1,0,1,1,85,11
2025,11.0,2025-05-22,Joel,Freijah,Western Bulldogs,WR,5,238,1,15,3,2,4,0,67,10
2025,11.0,2025-05-22,Lawson,Humphries,Geelong,HBFL,3,391,4,17,4,0,1,0,79,15
2025,11.0,2025-05-22,Sam,Davidson,Western Bulldogs,INT,2,270,2,14,4,0,3,0,57,8
2025,11.0,2025-05-23,Todd,Goldstein,Essendon,RK,9,-19,0,10,0,1,6,0,100,11
2025,11.0,2025-05-23,Nick,Vlastuin,Richmond,HBFR,3,405,9,13,6,0,6,0,71,17
2025,11.0,2025-05-23,Zach,Merrett,Essendon,C,9,619,4,21,5,1,5,1,76,28
2025,11.0,2025-05-23,Kamdyn,McIntosh,Richmond,C,3,176,2,22,3,0,3,0,57,8
2025,11.0,2025-05-23,Kyle,Langford,Essendon,FPL,2,123,0,8,0,0,0,0,67,2
2025,11.0,2025-05-23,Peter,Wright,Essendon,FF,7,359,2,16,4,0,2,0,50,9
2025,11.0,2025-05-23,Jayden,Laverde,Essendon,INT,2,206,3,5,5,0,3,0,77,13
2025,11.0,2025-05-23,Jade,Gresham,Essendon,WL,2,57,0,12,1,0,3,1,60,6
2025,11.0,2025-05-23,Mason,Redman,Essendon,HBFL,2,207,3,7,4,0,1,0,87,13
2025,11.0,2025-05-23,Jacob,Hopper,Richmond,R,5,470,2,17,5,4,8,0,65,15
2025,11.0,2025-05-23,Nathan,Broad,Richmond,BPL,2,306,6,6,5,0,4,0,77,17
2025,11.0,2025-05-23,Andrew,McGrath,Essendon,BPL,2,539,7,14,7,0,8,0,81,25
2025,11.0,2025-05-23,Tim,Taranto,Richmond,RR,4,265,2,15,3,0,11,0,52,12
2025,11.0,2025-05-23,Will,Setterfield,Essendon,INT,2,168,2,22,0,0,2,0,90,17
2025,11.0,2025-05-23,Ben,McKay,Essendon,FB,2,6,6,3,0,0,2,0,88,7
2025,11.0,2025-05-23,Matt,Guelfi,Essendon,HFFL,4,82,0,15,3,0,3,4,78,7
2025,11.0,2025-05-23,Xavier,Duursma,Essendon,INT,4,439,5,8,5,0,3,1,59,16
2025,11.0,2025-05-23,Jack,Ross,Richmond,CHF,5,418,5,20,3,0,2,0,78,14
2025,11.0,2025-05-23,Jye,Caldwell,Essendon,RR,6,113,2,26,2,3,10,2,72,21
2025,11.0,2025-05-23,Thomson,Dow,Richmond,WL,2,36,3,7,2,0,4,0,73,8
2025,11.0,2025-05-23,Jaxon,Prior,Essendon,HBFR,5,482,5,6,2,0,4,0,74,17
2025,11.0,2025-05-23,Archie,Perkins,Essendon,INT,3,312,3,17,6,1,8,0,63,15
2025,11.0,2025-05-23,Rhyan,Mansell,Richmond,HFFR,6,301,1,21,1,0,2,0,55,6
2025,11.0,2025-05-23,Zach,Reid,Essendon,CHB,1,241,8,6,1,0,6,0,93,14
2025,11.0,2025-05-23,Hugo,Ralphsmith,Richmond,WR,5,528,8,16,5,0,8,0,65,11
2025,11.0,2025-05-23,Samson,Ryan,Richmond,RK,2,75,1,5,1,1,4,0,73,8
2025,11.0,2025-05-23,Sam,Durham,Essendon,R,12,476,0,20,4,1,9,2,81,21
2025,11.0,2025-05-23,Maurice,Rioli,Richmond,SUB,1,20,0,17,1,0,2,0,75,3
2025,11.0,2025-05-23,Ben,Miller,Richmond,FB,3,314,8,11,3,0,1,0,86,12
2025,11.0,2025-05-23,Nic,Martin,Essendon,HFFR,10,660,6,21,6,1,9,1,83,29
2025,11.0,2025-05-23,Ben,Hobbs,Essendon,SUB,2,109,1,9,2,0,1,1,56,5
2025,11.0,2025-05-23,Sam,Banks,Richmond,CHB,3,608,5,12,7,0,4,0,72,21
2025,11.0,2025-05-23,Tom,Brown,Richmond,INT,6,356,5,15,1,0,4,0,81,17
2025,11.0,2025-05-23,Seth,Campbell,Richmond,HFFL,4,188,0,23,4,0,3,1,55,6
2025,11.0,2025-05-23,Kane,McAuliffe,Richmond,INT,5,189,5,16,1,0,6,0,81,17
2025,11.0,2025-05-23,Steely,Green,Richmond,INT,3,235,1,29,2,0,3,0,44,4
2025,11.0,2025-05-23,Nate,Caddy,Essendon,CHF,5,178,1,6,5,0,4,0,18,2
2025,11.0,2025-05-23,Kaleb,Smith,Richmond,HBFL,3,257,3,6,2,1,5,0,70,14
2025,11.0,2025-05-23,Archie,Roberts,Essendon,BPR,5,549,9,6,7,0,5,0,79,27
2025,11.0,2025-05-23,Sam,Lalor,Richmond,FF,2,68,0,17,0,0,0,0,100,2
2025,11.0,2025-05-23,Luke,Trainor,Richmond,INT,2,68,0,12,3,0,2,0,75,6
2025,11.0,2025-05-23,Isaac,Kako,Essendon,FPR,5,102,0,14,3,0,5,0,73,11
2025,11.0,2025-05-23,Jonty,Faull,Richmond,FPL,3,197,1,4,5,0,4,0,44,4
2025,11.0,2025-05-23,Campbell,Gray,Richmond,BPR,1,157,6,10,1,0,2,0,73,8
2025,11.0,2025-05-23,Thomas,Sims,Richmond,FPR,1,76,3,19,3,0,7,1,33,3
2025,11.0,2025-05-23,Angus,Clarke,Essendon,WR,8,522,1,11,4,0,1,2,69,11
2025,11.0,2025-05-24,Callan,Ward,Greater Western Sydney,C,6,302,3,11,2,1,3,1,90,17
2025,11.0,2025-05-24,Toby,Greene,Greater Western Sydney,FPR,13,565,0,18,5,4,7,1,64,18
2025,11.0,2025-05-24,Nick,Haynes,Carlton,HFFR,3,412,10,10,3,1,7,0,75,15
2025,11.0,2025-05-24,Lachie,Whitfield,Greater Western Sydney,HBFL,7,229,8,11,3,0,7,0,82,22
2025,11.0,2025-05-24,Sam,Docherty,Carlton,WR,3,492,8,14,4,0,7,1,70,21
2025,11.0,2025-05-24,Patrick,Cripps,Carlton,C,4,238,1,17,6,3,9,2,64,16
2025,11.0,2025-05-24,Blake,Acres,Carlton,HFFL,0,132,3,16,1,0,2,0,100,9
2025,11.0,2025-05-24,Jesse,Hogan,Greater Western Sydney,FF,8,129,0,7,1,0,0,2,78,7
2025,11.0,2025-05-24,Adam,Saad,Carlton,BPR,4,336,4,16,4,0,4,0,90,18
2025,11.0,2025-05-24,Jacob,Weitering,Carlton,FB,1,208,4,1,2,0,5,0,86,12
2025,11.0,2025-05-24,Mitch,McGovern,Carlton,HBFR,3,315,2,11,2,0,2,0,67,10
2025,11.0,2025-05-24,George,Hewett,Carlton,R,4,58,1,13,0,2,7,0,88,15
2025,11.0,2025-05-24,Charlie,Curnow,Carlton,CHF,6,307,1,5,1,0,2,0,58,7
2025,11.0,2025-05-24,Harry,Himmelberg,Greater Western Sydney,WL,5,352,6,11,5,0,5,1,74,14
2025,11.0,2025-05-24,Lewis,Young,Carlton,INT,2,67,2,3,0,0,2,0,100,7
2025,11.0,2025-05-24,Harry,McKay,Carlton,FF,7,274,1,4,2,1,4,0,56,10
2025,11.0,2025-05-24,Lachie,Fogarty,Carlton,FPL,7,189,1,11,1,0,3,3,69,9
2025,11.0,2025-05-24,Adam,Cerra,Carlton,RR,8,391,3,19,4,2,7,0,70,16
2025,11.0,2025-05-24,Sam,Taylor,Greater Western Sydney,FB,2,107,8,5,1,0,2,0,86,12
2025,11.0,2025-05-24,Tom,De Koning,Carlton,RK,5,201,2,5,2,2,4,0,59,10
2025,11.0,2025-05-24,Sam,Walsh,Carlton,WL,5,407,4,15,5,0,9,0,58,15
2025,11.0,2025-05-24,Connor,Idun,Greater Western Sydney,BPL,4,206,4,6,3,0,7,0,80,16
2025,11.0,2025-05-24,Tom,Green,Greater Western Sydney,R,3,315,3,19,6,2,8,0,72,18
2025,11.0,2025-05-24,Toby,Bedford,Greater Western Sydney,RR,4,215,3,28,1,1,3,1,46,5
2025,11.0,2025-05-24,Lachie,Ash,Greater Western Sydney,HBFR,0,699,3,11,5,0,3,0,75,21
2025,11.0,2025-05-24,Xavier,O'Halloran,Greater Western Sydney,INT,9,506,0,21,4,1,3,0,74,14
2025,11.0,2025-05-24,Jake,Riccardi,Greater Western Sydney,INT,8,115,2,15,1,0,1,2,100,9
2025,11.0,2025-05-24,Jack,Buckley,Greater Western Sydney,CHB,0,135,5,11,0,0,4,0,100,8
2025,11.0,2025-05-24,Kieren,Briggs,Greater Western Sydney,RK,6,180,1,9,4,1,1,0,78,7
2025,11.0,2025-05-24,Callum,Brown,Greater Western Sydney,FPL,5,174,1,4,2,0,3,1,67,6
2025,11.0,2025-05-24,Corey,Durdin,Carlton,INT,1,68,0,13,1,0,4,1,67,4
2025,11.0,2025-05-24,Jesse,Motlop,Carlton,FPR,2,187,2,18,3,1,3,2,78,7
2025,11.0,2025-05-24,Jacob,Wehr,Greater Western Sydney,WR,2,373,0,8,4,0,0,0,82,9
2025,11.0,2025-05-24,Leek,Aleer,Greater Western Sydney,BPR,0,99,3,6,3,0,1,0,88,7
2025,11.0,2025-05-24,Oliver,Hollands,Carlton,HBFL,4,339,1,22,3,0,0,1,77,13
2025,11.0,2025-05-24,Harry,Rowston,Greater Western Sydney,SUB,0,15,0,4,0,0,0,0,50,1
2025,11.0,2025-05-24,Aaron,Cadman,Greater Western Sydney,CHF,4,161,0,8,4,0,0,0,75,6
2025,11.0,2025-05-24,Harvey,Thomas,Greater Western Sydney,HFFL,7,255,4,11,4,0,7,0,80,16
2025,11.0,2025-05-24,Darcy,Jones,Greater Western Sydney,HFFR,8,224,3,28,1,2,6,1,81,13
2025,11.0,2025-05-24,Jaxon,Binns,Carlton,SUB,1,81,0,5,2,0,0,0,60,3
2025,11.0,2025-05-24,Joe,Fonti,Greater Western Sydney,INT,4,150,2,10,0,0,3,0,100,11
2025,11.0,2025-05-24,Cooper,Lord,Carlton,INT,5,436,2,15,5,1,6,2,71,15
2025,11.0,2025-05-24,Will,White,Carlton,BPL,6,379,1,8,7,0,3,0,46,6
2025,11.0,2025-05-24,Matthew,Carroll,Carlton,INT,2,243,5,9,1,0,5,0,75,9
2025,11.0,2025-05-24,Cody,Angove,Greater Western Sydney,INT,6,255,2,15,5,0,5,0,67,10
2025,11.0,2025-05-24,Harry,O'Farrell,Carlton,CHB,1,115,6,7,2,0,3,0,78,7
2025,11.0,2025-05-24,Jack,Gunston,Hawthorn,FPR,4,138,1,5,1,0,1,1,63,5
2025,11.0,2025-05-24,Ryan,Lester,Brisbane Lions,BPR,1,269,7,15,5,0,6,0,69,9
2025,11.0,2025-05-24,Lachie,Neale,Brisbane Lions,R,5,457,5,21,6,2,10,1,75,24
2025,11.0,2025-05-24,Dayne,Zorko,Brisbane Lions,BPL,6,996,3,14,11,0,5,0,76,25
2025,11.0,2025-05-24,Darcy,Gardiner,Brisbane Lions,HBFR,5,110,1,14,1,0,2,1,89,8
2025,11.0,2025-05-24,Charlie,Cameron,Brisbane Lions,HFFL,6,268,3,18,4,0,7,0,79,11
2025,11.0,2025-05-24,James,Sicily,Hawthorn,BPR,6,75,9,10,0,0,4,0,100,17
2025,11.0,2025-05-24,Harris,Andrews,Brisbane Lions,CHB,3,157,9,4,1,0,3,0,92,12
2025,11.0,2025-05-24,Karl,Amon,Hawthorn,HBFL,7,768,5,16,6,0,4,0,79,23
2025,11.0,2025-05-24,Tom,Barrass,Hawthorn,FB,0,272,6,1,2,0,1,0,75,9
2025,11.0,2025-05-24,Callum,Ah Chee,Brisbane Lions,FPR,8,317,1,14,4,0,4,1,75,15
2025,11.0,2025-05-24,Josh,Dunkley,Brisbane Lions,RR,5,193,2,26,4,2,4,1,81,17
2025,11.0,2025-05-24,Eric,Hipwood,Brisbane Lions,CHF,3,119,0,13,2,1,2,0,78,7
2025,11.0,2025-05-24,Blake,Hardwick,Hawthorn,CHB,4,345,4,16,3,0,2,1,75,12
2025,11.0,2025-05-24,Mabior,Chol,Hawthorn,FF,2,137,0,13,1,1,1,1,67,4
2025,11.0,2025-05-24,Jarrod,Berry,Brisbane Lions,HFFR,4,451,3,20,5,0,6,1,65,13
2025,11.0,2025-05-24,Hugh,McCluggage,Brisbane Lions,C,8,511,2,21,5,3,12,0,71,17
2025,11.0,2025-05-24,Josh,Battle,Hawthorn,BPL,1,412,8,4,3,0,4,0,96,22
2025,11.0,2025-05-24,Jack,Scrimshaw,Hawthorn,INT,2,216,6,10,2,0,4,0,83,10
2025,11.0,2025-05-24,Harry,Morrison,Hawthorn,WR,6,209,5,9,1,0,6,0,82,23
2025,11.0,2025-05-24,Cam,Rayner,Brisbane Lions,FPL,7,230,0,8,1,0,2,0,60,6
2025,11.0,2025-05-24,Zac,Bailey,Brisbane Lions,WR,4,341,1,18,4,0,1,1,73,11
2025,11.0,2025-05-24,James,Worpel,Hawthorn,R,5,451,2,19,6,1,6,1,57,13
2025,11.0,2025-05-24,Conor,Nash,Hawthorn,INT,3,67,1,17,2,0,4,1,69,9
2025,11.0,2025-05-24,Dylan,Moore,Hawthorn,HFFR,3,106,3,18,2,0,6,1,100,15
2025,11.0,2025-05-24,Noah,Answerth,Brisbane Lions,HBFL,2,258,2,8,2,0,1,0,80,12
2025,11.0,2025-05-24,Darcy,Fort,Brisbane Lions,RK,4,58,4,11,1,1,3,0,75,6
2025,11.0,2025-05-24,Changkuoth,Jiath,Hawthorn,WL,5,310,4,10,5,0,3,0,67,14
2025,11.0,2025-05-24,Deven,Robertson,Brisbane Lions,SUB,0,-6,1,4,0,0,1,0,100,1
2025,11.0,2025-05-24,Jack,Payne,Brisbane Lions,FB,1,55,8,3,0,0,4,0,89,8
2025,11.0,2025-05-24,Finn,Maginness,Hawthorn,SUB,1,182,0,0,0,0,1,0,70,7
2025,11.0,2025-05-24,Lloyd,Meek,Hawthorn,RK,3,98,1,16,2,1,4,1,67,6
2025,11.0,2025-05-24,Jai,Newcombe,Hawthorn,RR,5,368,2,21,6,0,6,0,74,17
2025,11.0,2025-05-24,Jack,Ginnivan,Hawthorn,FPL,6,219,0,14,4,0,2,1,62,8
2025,11.0,2025-05-24,Connor,Macdonald,Hawthorn,INT,7,323,2,5,4,1,4,1,60,12
2025,11.0,2025-05-24,Josh,Ward,Hawthorn,C,7,193,0,13,2,1,3,0,80,16
2025,11.0,2025-05-24,Kai,Lohmann,Brisbane Lions,INT,3,180,0,12,2,0,0,2,58,7
2025,11.0,2025-05-24,Massimo,D'Ambrosio,Hawthorn,HBFR,5,351,4,11,2,1,5,0,63,12
2025,11.0,2025-05-24,Darcy,Wilmot,Brisbane Lions,INT,5,87,2,12,0,0,2,0,92,12
2025,11.0,2025-05-24,Will,Ashcroft,Brisbane Lions,INT,6,164,2,11,3,5,9,0,73,19
2025,11.0,2025-05-24,Cam,Mackenzie,Hawthorn,INT,0,40,1,10,2,1,1,0,80,4
2025,11.0,2025-05-24,Josh,Weddle,Hawthorn,HFFL,5,498,7,7,6,0,7,0,65,15
2025,11.0,2025-05-24,Jaspa,Fletcher,Brisbane Lions,WL,4,380,4,7,4,0,3,1,91,19
2025,11.0,2025-05-24,Nick,Watson,Hawthorn,CHF,3,60,0,5,1,0,0,0,25,1
2025,11.0,2025-05-24,Logan,Morris,Brisbane Lions,FF,3,106,0,11,1,0,2,2,67,4
2025,11.0,2025-05-24,Levi,Ashcroft,Brisbane Lions,INT,2,369,4,9,4,0,3,1,86,19
2025,11.0,2025-05-24,Jack,Darling,North Melbourne,FF,2,181,0,3,4,1,3,1,56,5
2025,11.0,2025-05-24,Luke,Parker,North Melbourne,INT,6,191,1,6,0,1,3,0,56,9
2025,11.0,2025-05-24,Jeremy,Howe,Collingwood,CHB,4,331,3,3,2,0,1,0,82,9
2025,11.0,2025-05-24,Will,Hoskin-Elliott,Collingwood,INT,6,102,3,12,2,0,4,2,78,7
2025,11.0,2025-05-24,Jack,Crisp,Collingwood,C,11,343,4,27,0,0,5,3,75,12
2025,11.0,2025-05-24,Jamie,Elliott,Collingwood,FPL,8,239,0,11,2,0,1,4,73,8
2025,11.0,2025-05-24,Aidan,Corr,North Melbourne,BPR,1,394,1,5,1,0,0,0,71,10
2025,11.0,2025-05-24,Luke,McDonald,North Melbourne,FPL,2,295,5,10,1,0,5,0,78,14
2025,11.0,2025-05-24,Tim,Membrey,Collingwood,CHF,8,229,0,11,0,0,2,2,80,8
2025,11.0,2025-05-24,Brayden,Maynard,Collingwood,BPL,0,46,0,2,0,0,0,0,100,2
2025,11.0,2025-05-24,Caleb,Daniel,North Melbourne,CHB,6,549,2,11,6,0,3,0,77,23
2025,11.0,2025-05-24,Mason,Cox,Collingwood,INT,2,39,1,10,2,0,0,1,33,1
2025,11.0,2025-05-24,Oleg,Markov,Collingwood,SUB,5,217,4,3,1,0,4,0,85,11
2025,11.0,2025-05-24,Dan,Houston,Collingwood,HBFR,5,224,5,11,2,0,2,0,87,13
2025,11.0,2025-05-24,Jy,Simpkin,North Melbourne,WR,5,239,0,16,1,1,6,0,65,15
2025,11.0,2025-05-24,Zac,Fisher,North Melbourne,SUB,2,53,2,4,0,0,3,0,67,4
2025,11.0,2025-05-24,Harry,Perryman,Collingwood,INT,5,312,1,21,3,2,5,0,72,13
2025,11.0,2025-05-24,Cameron,Zurhaar,North Melbourne,FPR,3,186,0,12,3,0,0,2,57,4
2025,11.0,2025-05-24,Nick,Larkey,North Melbourne,CHF,5,146,0,7,1,0,3,0,78,7
2025,11.0,2025-05-24,Josh,Daicos,Collingwood,BPR,9,644,3,6,3,0,6,0,68,21
2025,11.0,2025-05-24,Patrick,Lipinski,Collingwood,WR,7,313,3,9,2,0,4,0,69,11
2025,11.0,2025-05-24,Luke,Davies-Uniacke,North Melbourne,C,4,139,1,13,5,3,10,1,69,18
2025,11.0,2025-05-24,Brody,Mihocek,Collingwood,FF,11,253,0,6,2,0,9,3,56,9
2025,11.0,2025-05-24,Darcy,Cameron,Collingwood,RK,4,53,6,6,2,2,5,0,67,10
2025,11.0,2025-05-24,Billy,Frampton,Collingwood,FB,3,178,5,2,0,0,1,0,75,6
2025,11.0,2025-05-24,Isaac,Quaynor,Collingwood,HBFL,4,430,10,8,4,0,5,0,83,19
2025,11.0,2025-05-24,Tristan,Xerri,North Melbourne,RK,5,74,3,11,0,2,6,1,59,10
2025,11.0,2025-05-24,Dylan,Stephens,North Melbourne,WL,6,515,3,18,7,0,5,1,57,13
2025,11.0,2025-05-24,Tom,Powell,North Melbourne,R,5,406,3,13,6,1,5,0,82,23
2025,11.0,2025-05-24,Beau,McCreery,Collingwood,HFFR,7,484,0,24,2,2,6,0,79,11
2025,11.0,2025-05-24,Charlie,Comben,North Melbourne,BPL,3,373,7,1,2,0,3,0,89,16
2025,11.0,2025-05-24,Nick,Daicos,Collingwood,R,12,736,0,12,8,2,5,0,61,23
2025,11.0,2025-05-24,Paul,Curtis,North Melbourne,HFFL,4,170,1,19,5,0,5,3,17,2
2025,11.0,2025-05-24,Ned,Long,Collingwood,RR,15,344,3,30,2,2,7,4,79,23
2025,11.0,2025-05-24,Harry,Sheezel,North Melbourne,HBFR,4,226,2,21,3,2,8,0,70,14
2025,11.0,2025-05-24,George,Wardlaw,North Melbourne,RR,0,191,1,15,3,0,3,0,36,4
2025,11.0,2025-05-24,Colby,McKercher,North Melbourne,HFFR,2,157,2,9,3,0,8,0,69,9
2025,11.0,2025-05-24,Toby,Pink,North Melbourne,FB,3,136,6,8,1,0,3,0,92,12
2025,11.0,2025-05-24,Riley,Hardeman,North Melbourne,HBFL,4,776,5,3,6,0,4,0,82,23
2025,11.0,2025-05-24,Lachlan,Sullivan,Collingwood,FPR,6,252,1,16,3,1,3,0,70,7
2025,11.0,2025-05-24,Edward,Allan,Collingwood,WL,7,274,6,14,4,1,7,0,79,19
2025,11.0,2025-05-24,Wil,Parker,Collingwood,INT,1,123,2,7,0,0,1,0,86,6
2025,11.0,2025-05-24,Jacob,Konstanty,North Melbourne,INT,2,82,0,18,1,0,0,1,38,3
2025,11.0,2025-05-24,Finn,O'Sullivan,North Melbourne,INT,4,131,2,8,1,0,2,0,92,12
2025,11.0,2025-05-24,Finnbar,Maley,North Melbourne,INT,3,131,1,3,1,0,3,0,78,7
2025,11.0,2025-05-24,William,Hayes,Collingwood,HFFL,2,175,1,20,3,0,0,1,71,5
2025,11.0,2025-05-24,Travis,Boak,Port Adelaide,WL,1,173,3,13,6,2,4,1,71,15
2025,11.0,2025-05-24,Ollie,Wines,Port Adelaide,INT,3,410,1,18,9,2,11,1,52,17
2025,11.0,2025-05-24,Alex,Pearce,Fremantle,FB,4,187,8,6,1,0,3,0,100,12
2025,11.0,2025-05-24,Rory,Atkins,Port Adelaide,INT,3,540,9,7,2,0,6,0,80,20
2025,11.0,2025-05-24,Darcy,Byrne-Jones,Port Adelaide,CHF,3,234,1,12,5,0,6,0,33,3
2025,11.0,2025-05-24,Aliir,Aliir,Port Adelaide,FB,2,49,6,7,2,0,2,0,83,10
2025,11.0,2025-05-24,Corey,Wagner,Fremantle,INT,3,568,3,12,4,0,4,0,72,13
2025,11.0,2025-05-24,Ryan,Burton,Port Adelaide,BPR,2,363,5,3,4,0,3,0,67,12
2025,11.0,2025-05-24,Sam,Powell-Pepper,Port Adelaide,FF,2,94,1,14,1,0,3,1,56,5
2025,11.0,2025-05-24,Shai,Bolton,Fremantle,C,3,254,2,12,2,1,7,1,72,13
2025,11.0,2025-05-24,Luke,Ryan,Fremantle,BPL,1,314,8,3,4,0,3,0,91,20
2025,11.0,2025-05-24,Brennan,Cox,Fremantle,BPR,0,97,7,2,1,0,6,0,77,10
2025,11.0,2025-05-24,Jeremy,Finlayson,Port Adelaide,INT,3,134,1,4,2,2,3,1,55,6
2025,11.0,2025-05-24,Bailey,Banfield,Fremantle,SUB,2,395,4,12,2,0,3,0,88,15
2025,11.0,2025-05-24,Andrew,Brayshaw,Fremantle,R,6,376,4,24,2,0,4,0,81,17
2025,11.0,2025-05-24,Willie,Rioli,Port Adelaide,FPR,3,200,1,11,2,0,3,3,67,6
2025,11.0,2025-05-24,Sam,Switkowski,Fremantle,CHF,5,173,0,24,0,0,4,1,100,11
2025,11.0,2025-05-24,Jordan,Clark,Fremantle,HBFR,1,313,7,13,6,0,5,0,75,15
2025,11.0,2025-05-24,Zak,Butters,Port Adelaide,R,5,452,3,28,3,2,9,1,63,15
2025,11.0,2025-05-24,Willem,Drew,Port Adelaide,RR,3,385,2,33,3,1,7,1,65,15
2025,11.0,2025-05-24,Connor,Rozee,Port Adelaide,CHB,4,496,6,19,7,0,6,0,67,18
2025,11.0,2025-05-24,Brandon,Zerk-Thatcher,Port Adelaide,BPL,3,125,5,5,1,0,3,0,92,12
2025,11.0,2025-05-24,Mitch,Georgiades,Port Adelaide,HFFR,3,157,0,7,2,0,1,0,50,4
2025,11.0,2025-05-24,Luke,Jackson,Fremantle,RK,8,194,1,19,5,3,10,0,62,13
2025,11.0,2025-05-24,Caleb,Serong,Fremantle,RR,6,483,6,25,5,5,15,0,59,17
2025,11.0,2025-05-24,Michael,Frederick,Fremantle,HFFL,5,123,1,21,2,1,5,1,60,6
2025,11.0,2025-05-24,Jeremy,Sharp,Fremantle,WL,3,139,3,6,1,0,4,0,82,9
2025,11.0,2025-05-24,Miles,Bergman,Port Adelaide,C,7,548,5,24,4,0,7,0,78,18
2025,11.0,2025-05-24,Heath,Chapman,Fremantle,HBFL,3,429,7,9,3,0,5,0,76,16
2025,11.0,2025-05-24,Josh,Treacy,Fremantle,FF,3,217,0,7,4,0,3,0,58,7
2025,11.0,2025-05-24,Jackson,Mead,Port Adelaide,WR,2,53,1,10,0,0,1,0,80,4
2025,11.0,2025-05-24,Neil,Erasmus,Fremantle,INT,3,293,2,23,3,1,6,0,77,13
2025,11.0,2025-05-24,Jye,Amiss,Fremantle,FPR,6,113,0,10,1,0,2,1,67,6
2025,11.0,2025-05-24,Jase,Burgoyne,Port Adelaide,HBFR,2,271,6,10,5,0,6,0,56,10
2025,11.0,2025-05-24,Matthew,Johnson,Fremantle,WR,5,542,1,18,8,0,3,1,43,9
2025,11.0,2025-05-24,Ollie,Lord,Port Adelaide,FPL,2,45,0,3,0,0,1,0,75,3
2025,11.0,2025-05-24,Dante,Visentini,Port Adelaide,RK,2,78,2,18,2,1,7,0,43,6
2025,11.0,2025-05-24,Karl,Worner,Fremantle,CHB,0,158,6,8,2,1,5,0,72,13
2025,11.0,2025-05-24,Cooper,Simpson,Fremantle,INT,0,0,0,0,0,0,0,0,0,0
2025,11.0,2025-05-24,Patrick,Voss,Fremantle,FPL,5,339,2,10,2,0,4,1,77,10
2025,11.0,2025-05-24,Joe,Richards,Port Adelaide,HFFL,1,273,2,9,5,1,6,0,31,4
2025,11.0,2025-05-24,Logan,Evans,Port Adelaide,HBFL,4,209,4,7,3,0,3,0,71,15
2025,11.0,2025-05-24,Murphy,Reid,Fremantle,HFFR,6,216,1,12,3,0,7,2,44,8
2025,11.0,2025-05-24,Christian,Moraes,Port Adelaide,INT,2,242,2,9,5,0,2,1,79,11
2025,11.0,2025-05-24,Isaiah,Dudley,Fremantle,INT,5,339,1,12,4,0,6,0,75,9
2025,11.0,2025-05-24,Hugh,Jackson,Port Adelaide,SUB,3,133,0,6,0,0,3,0,88,7
2025,11.0,2025-05-25,Rory,Laird,Adelaide,BPR,3,272,10,6,4,0,4,0,74,20
2025,11.0,2025-05-25,Liam,Duggan,West Coast,HBFL,5,659,4,5,5,1,5,0,87,20
2025,11.0,2025-05-25,Alex,Neal-Bullen,Adelaide,FPL,4,111,2,17,0,0,8,2,79,11
2025,11.0,2025-05-25,Wayne,Milera,Adelaide,HBFR,5,381,3,5,3,0,2,0,74,17
2025,11.0,2025-05-25,Jayden,Hunt,West Coast,WR,0,446,2,12,5,0,4,0,58,7
2025,11.0,2025-05-25,Ben,Keays,Adelaide,HFFL,5,194,1,21,0,0,5,3,92,11
2025,11.0,2025-05-25,Tom,Cole,West Coast,INT,2,392,7,15,5,0,4,0,71,12
2025,11.0,2025-05-25,Reilly,O'Brien,Adelaide,RK,12,184,2,11,1,3,2,0,67,12
2025,11.0,2025-05-25,Jordan,Dawson,Adelaide,C,10,610,6,19,8,2,9,1,48,13
2025,11.0,2025-05-25,Jack,Graham,West Coast,INT,5,221,1,29,4,2,8,1,72,13
2025,11.0,2025-05-25,Darcy,Fogarty,Adelaide,FF,4,113,0,7,1,0,1,2,63,5
2025,11.0,2025-05-25,Tim,Kelly,West Coast,R,6,193,5,18,2,0,7,0,65,11
2025,11.0,2025-05-25,Liam,Ryan,West Coast,FPR,5,306,0,11,2,0,1,2,27,3
2025,11.0,2025-05-25,Jake,Waterman,West Coast,CHF,5,165,1,6,3,0,1,1,86,6
2025,11.0,2025-05-25,Isaac,Cumming,Adelaide,WL,5,319,3,9,5,0,7,1,56,9
2025,11.0,2025-05-25,Oscar,Allen,West Coast,FF,5,199,2,8,3,0,3,2,80,8
2025,11.0,2025-05-25,Liam,Baker,West Coast,HBFR,3,264,7,13,3,1,8,0,83,15
2025,11.0,2025-05-25,Mitchell,Hinge,Adelaide,INT,2,505,3,12,5,0,4,0,75,15
2025,11.0,2025-05-25,Izak,Rankine,Adelaide,RR,10,502,1,12,6,2,7,1,61,14
2025,11.0,2025-05-25,Harry,Edwards,West Coast,FB,0,87,1,5,0,0,1,0,83,5
2025,11.0,2025-05-25,Mark,Keane,Adelaide,CHB,1,190,8,6,2,0,2,0,71,10
2025,11.0,2025-05-25,Jordon,Butts,Adelaide,FB,0,78,4,3,1,0,2,0,89,8
2025,11.0,2025-05-25,Bailey J.,Williams,West Coast,INT,3,181,0,9,2,0,3,1,40,4
2025,11.0,2025-05-25,Sam,Berry,Adelaide,FPR,7,493,2,20,3,2,3,0,81,21
2025,11.0,2025-05-25,Tyler,Brockman,West Coast,FPL,6,261,1,19,1,2,7,1,63,10
2025,11.0,2025-05-25,Matt,Flynn,West Coast,RK,4,62,2,10,2,1,1,0,63,5
2025,11.0,2025-05-25,Riley,Thilthorpe,Adelaide,CHF,10,313,1,12,2,2,3,1,59,10
2025,11.0,2025-05-25,Josh,Worrell,Adelaide,BPL,4,569,5,6,6,0,6,0,77,20
2025,11.0,2025-05-25,Luke,Pedlar,Adelaide,INT,7,204,0,9,1,0,4,2,64,7
2025,11.0,2025-05-25,James,Peatling,Adelaide,INT,8,249,1,13,2,2,8,0,81,13
2025,11.0,2025-05-25,Jake,Soligo,Adelaide,R,6,356,1,25,2,0,5,2,63,12
2025,11.0,2025-05-25,Josh,Rachele,Adelaide,HFFR,9,402,0,21,2,0,3,5,69,11
2025,11.0,2025-05-25,Brady,Hough,West Coast,RR,2,183,2,16,1,0,3,0,89,8
2025,11.0,2025-05-25,Noah,Long,West Coast,INT,2,224,0,19,1,0,1,0,67,6
2025,11.0,2025-05-25,Reuben,Ginbey,West Coast,BPL,0,244,10,17,5,0,2,0,46,5
2025,11.0,2025-05-25,Max,Michalanney,Adelaide,HBFL,3,371,3,13,4,0,3,0,69,11
2025,11.0,2025-05-25,Elijah,Hewett,West Coast,HFFL,4,332,0,19,7,3,5,0,53,10
2025,11.0,2025-05-25,Ryan,Maric,West Coast,BPR,3,403,5,13,5,1,4,0,65,13
2025,11.0,2025-05-25,Harley,Reid,West Coast,C,6,165,3,15,1,1,7,0,77,13
2025,11.0,2025-05-25,Daniel,Curtin,Adelaide,WR,4,249,5,8,1,0,3,0,86,12
2025,11.0,2025-05-25,Tyrell,Dewar,West Coast,SUB,1,95,0,3,0,0,0,0,50,1
2025,11.0,2025-05-25,Jack,Hutchinson,West Coast,HFFR,2,226,0,11,2,0,5,0,50,4
2025,11.0,2025-05-25,Zac,Taylor,Adelaide,INT,2,96,3,6,0,0,3,0,60,3
2025,11.0,2025-05-25,Sid,Draper,Adelaide,SUB,2,85,1,11,2,1,1,0,67,6
2025,11.0,2025-05-25,Sandy,Brock,West Coast,CHB,2,289,8,10,3,0,4,0,82,9
2025,11.0,2025-05-25,Tom,Gross,West Coast,WL,1,33,1,13,3,0,2,0,67,2
2025,11.0,2025-05-25,Jake,Melksham,Melbourne,FPL,7,163,0,11,1,0,4,1,60,6
2025,11.0,2025-05-25,Steven,May,Melbourne,FB,3,253,5,5,0,0,2,0,92,11
2025,11.0,2025-05-25,Max,Gawn,Melbourne,RK,7,336,4,15,2,1,2,1,57,12
2025,11.0,2025-05-25,Taylor,Adams,Sydney,SUB,2,61,0,7,3,2,5,0,67,8
2025,11.0,2025-05-25,Dane,Rampe,Sydney,BPR,1,166,3,11,2,0,1,0,63,5
2025,11.0,2025-05-25,Brodie,Grundy,Sydney,RK,5,127,0,21,4,3,8,3,48,11
2025,11.0,2025-05-25,Jake,Lloyd,Sydney,WR,1,278,3,14,2,0,4,0,82,14
2025,11.0,2025-05-25,Christian,Salem,Melbourne,BPR,12,402,4,14,3,3,9,0,71,22
2025,11.0,2025-05-25,Isaac,Heeney,Sydney,C,6,129,2,17,1,2,9,0,73,16
2025,11.0,2025-05-25,Jake,Lever,Melbourne,CHB,2,86,8,10,2,0,6,0,83,10
2025,11.0,2025-05-25,Joel,Hamling,Sydney,CHF,2,46,0,10,4,0,1,2,60,3
2025,11.0,2025-05-25,Ed,Langdon,Melbourne,INT,7,410,3,15,2,0,8,2,77,24
2025,11.0,2025-05-25,Clayton,Oliver,Melbourne,RR,8,349,2,22,4,2,9,2,71,22
2025,11.0,2025-05-25,Callum,Mills,Sydney,WL,1,257,3,8,3,0,5,0,82,14
2025,11.0,2025-05-25,Christian,Petracca,Melbourne,C,7,428,5,21,6,2,12,2,71,20
2025,11.0,2025-05-25,Oliver,Florent,Sydney,INT,2,183,4,12,2,0,2,0,92,12
2025,11.0,2025-05-25,Will,Hayward,Sydney,FF,4,210,1,10,4,0,1,0,50,6
2025,11.0,2025-05-25,Bayley,Fritsch,Melbourne,CHF,6,292,0,9,1,0,1,1,77,10
2025,11.0,2025-05-25,Charlie,Spargo,Melbourne,HFFL,2,43,1,10,0,0,1,2,100,4
2025,11.0,2025-05-25,Tom,McCartin,Sydney,FB,1,171,10,10,4,0,4,0,36,4
2025,11.0,2025-05-25,Harrison,Petty,Melbourne,FF,3,103,0,7,3,0,4,1,57,4
2025,11.0,2025-05-25,Tom,Sparrow,Melbourne,WR,4,162,1,14,1,0,2,2,64,7
2025,11.0,2025-05-25,Nick,Blakey,Sydney,CHB,2,542,7,5,3,0,0,0,84,16
2025,11.0,2025-05-25,James,Rowbottom,Sydney,R,2,135,2,23,2,1,9,0,67,8
2025,11.0,2025-05-25,Peter,Ladhams,Sydney,INT,3,118,1,8,1,0,4,0,56,5
2025,11.0,2025-05-25,Hayden,McLean,Sydney,INT,4,91,0,6,1,0,3,0,100,7
2025,11.0,2025-05-25,Kade,Chandler,Melbourne,INT,4,254,5,13,1,0,4,2,81,13
2025,11.0,2025-05-25,Kysaiah,Pickett,Melbourne,FPR,13,536,0,14,3,3,8,2,50,12
2025,11.0,2025-05-25,Trent,Rivers,Melbourne,HBFR,3,193,2,20,0,1,7,1,82,14
2025,11.0,2025-05-25,Chad,Warner,Sydney,RR,5,617,2,18,7,5,7,0,52,14
2025,11.0,2025-05-25,Sam,Wicks,Sydney,BPL,1,172,3,12,3,0,3,0,60,6
2025,11.0,2025-05-25,James,Jordon,Sydney,FPL,2,216,1,29,5,0,2,0,70,7
2025,11.0,2025-05-25,Harry,Sharp,Melbourne,SUB,3,138,0,7,1,0,1,0,71,5
2025,11.0,2025-05-25,Braeden,Campbell,Sydney,HFFR,3,155,0,20,2,0,2,0,78,7
2025,11.0,2025-05-25,Jake,Bowey,Melbourne,BPL,4,389,4,15,3,0,5,0,82,14
2025,11.0,2025-05-25,Angus,Sheldrick,Sydney,FPR,4,537,5,22,6,3,11,1,46,12
2025,11.0,2025-05-25,Matt,Roberts,Sydney,HBFL,2,384,3,14,6,0,1,0,74,17
2025,11.0,2025-05-25,Daniel,Turner,Melbourne,HFFR,4,312,9,5,3,0,3,0,94,15
2025,11.0,2025-05-25,Judd,McVee,Melbourne,HBFL,5,344,6,11,4,0,2,0,81,17
2025,11.0,2025-05-25,Corey,Warner,Sydney,HFFL,2,345,0,17,1,0,3,0,79,11
2025,11.0,2025-05-25,Caleb,Windsor,Melbourne,INT,7,375,4,10,5,0,2,0,71,17
2025,11.0,2025-05-25,Caiden,Cleary,Sydney,INT,5,177,1,19,3,1,2,3,62,8
2025,11.0,2025-05-25,Riley,Bice,Sydney,HBFR,4,271,3,18,4,0,2,0,63,10
2025,11.0,2025-05-25,Aidan,Johnson,Melbourne,INT,2,7,2,6,4,0,4,1,50,3
2025,11.0,2025-05-25,Harvey,Langford,Melbourne,R,4,413,4,14,2,1,8,0,67,14
2025,11.0,2025-05-25,Xavier,Lindsay,Melbourne,WL,2,281,4,15,2,0,3,0,82,18
2025,11.0,2025-05-25,David,Swallow,Gold Coast,INT,1,44,0,18,3,0,3,2,57,4
2025,11.0,2025-05-25,Bradley,Hill,St Kilda,WR,4,349,0,13,2,0,1,0,73,16
2025,11.0,2025-05-25,Jarrod,Witts,Gold Coast,RK,2,67,0,12,0,1,3,1,83,10
2025,11.0,2025-05-25,Jimmy,Webster,St Kilda,BPR,2,150,5,10,2,0,2,0,73,8
2025,11.0,2025-05-25,Zak,Jones,St Kilda,RR,2,196,0,15,4,3,6,0,74,14
2025,11.0,2025-05-25,Nick,Holman,Gold Coast,INT,2,19,3,30,1,0,4,0,86,6
2025,11.0,2025-05-25,Mason,Wood,St Kilda,WL,5,373,1,13,3,0,0,0,69,11
2025,11.0,2025-05-25,Touk,Miller,Gold Coast,RR,6,567,0,12,5,2,4,0,77,23
2025,11.0,2025-05-25,Jack,Sinclair,St Kilda,C,9,620,8,20,2,0,7,1,83,24
2025,11.0,2025-05-25,Jack,Steele,St Kilda,R,5,297,3,28,1,1,8,0,85,28
2025,11.0,2025-05-25,Daniel,Rioli,Gold Coast,HBFR,4,390,1,17,3,0,1,0,77,13
2025,11.0,2025-05-25,Sam,Collins,Gold Coast,BPR,3,212,9,3,3,0,3,0,81,13
2025,11.0,2025-05-25,Brayden,Fiorini,Gold Coast,WR,4,198,4,14,4,0,7,1,79,15
2025,11.0,2025-05-25,Ben,Ainsworth,Gold Coast,HFFL,6,284,0,18,2,0,0,0,80,12
2025,11.0,2025-05-25,Ben,Long,Gold Coast,FPL,6,298,1,12,0,0,1,2,73,8
2025,11.0,2025-05-25,Rowan,Marshall,St Kilda,RK,2,86,1,17,2,2,3,0,55,6
2025,11.0,2025-05-25,Hunter,Clark,St Kilda,INT,5,259,4,21,6,0,7,2,58,11
2025,11.0,2025-05-25,Jack,Higgins,St Kilda,HFFL,1,40,0,12,1,0,2,1,50,3
2025,11.0,2025-05-25,Wil,Powell,Gold Coast,FB,1,297,4,8,1,0,2,0,82,9
2025,11.0,2025-05-25,Callum,Wilkie,St Kilda,FB,3,281,4,6,3,0,3,0,67,10
2025,11.0,2025-05-25,Ben,King,Gold Coast,FPR,3,71,2,9,1,0,1,1,75,3
2025,11.0,2025-05-25,John,Noble,Gold Coast,HBFL,4,588,1,16,4,0,4,0,82,22
2025,11.0,2025-05-25,Noah,Anderson,Gold Coast,R,6,719,4,10,5,6,10,0,72,26
2025,11.0,2025-05-25,Matt,Rowell,Gold Coast,C,2,404,3,44,7,3,7,1,79,19
2025,11.0,2025-05-25,Ryan,Byrnes,St Kilda,HBFR,6,332,4,12,3,0,4,0,65,13
2025,11.0,2025-05-25,Sam,Flanders,Gold Coast,CHF,8,82,1,17,4,0,9,2,74,14
2025,11.0,2025-05-25,Malcolm,Rosas,Gold Coast,SUB,1,-5,0,5,0,0,1,0,50,1
2025,11.0,2025-05-25,Cooper,Sharman,St Kilda,FPL,9,343,0,12,2,0,2,0,62,8
2025,11.0,2025-05-25,Joel,Jeffrey,Gold Coast,INT,5,703,8,9,6,0,6,0,82,22
2025,11.0,2025-05-25,Mitch,Owens,St Kilda,HFFR,10,428,4,6,5,0,8,0,76,19
2025,11.0,2025-05-25,Nasiah,Wanganeen-Milera,St Kilda,CHB,6,902,5,9,7,0,5,0,64,23
2025,11.0,2025-05-25,Marcus,Windhager,St Kilda,HBFL,7,170,3,21,0,1,5,1,79,15
2025,11.0,2025-05-25,Mac,Andrew,Gold Coast,BPL,3,235,5,6,1,0,2,0,92,12
2025,11.0,2025-05-25,Bodhi,Uwland,Gold Coast,CHB,3,464,4,3,2,0,1,0,79,15
2025,11.0,2025-05-25,Anthony,Caminiti,St Kilda,FF,1,88,8,7,0,0,4,0,82,9
2025,11.0,2025-05-25,Mattaes,Phillipou,St Kilda,CHF,7,390,1,18,2,0,5,0,65,15
2025,11.0,2025-05-25,Bailey,Humphrey,Gold Coast,HFFR,1,135,0,22,4,1,4,2,73,8
2025,11.0,2025-05-25,Darcy,Wilson,St Kilda,INT,2,97,1,8,1,0,2,0,80,4
2025,11.0,2025-05-25,Jed,Walter,Gold Coast,FF,3,95,0,8,2,0,5,2,22,2
2025,11.0,2025-05-25,Sam,Clohesy,Gold Coast,WL,5,388,6,11,3,0,8,0,86,19
2025,11.0,2025-05-25,Ethan,Read,Gold Coast,INT,1,53,0,7,3,0,0,2,40,2
2025,11.0,2025-05-25,Max,Hall,St Kilda,INT,0,69,0,16,0,0,2,0,83,5
2025,11.0,2025-05-25,Liam,O'Connell,St Kilda,BPL,2,186,2,11,3,0,4,1,44,4
2025,11.0,2025-05-25,Isaac,Keeler,St Kilda,FPR,3,129,7,5,2,0,4,0,80,12
2025,11.0,2025-05-25,Tobie,Travaglia,St Kilda,INT,0,133,3,12,3,0,2,0,90,17
2025,11.0,2025-05-25,Hugh,Boxshall,St Kilda,SUB,2,133,0,8,2,0,2,0,67,6
2025,12.0,2025-05-29,Todd,Goldstein,Essendon,RK,6,96,1,6,1,1,5,0,75,6
2025,12.0,2025-05-29,Ryan,Lester,Brisbane Lions,BPR,1,300,4,9,4,0,1,0,60,9
2025,12.0,2025-05-29,Lachie,Neale,Brisbane Lions,R,5,231,5,19,1,4,7,3,62,16
2025,12.0,2025-05-29,Dayne,Zorko,Brisbane Lions,BPL,6,345,3,9,5,0,0,0,74,17
2025,12.0,2025-05-29,Zach,Merrett,Essendon,C,5,562,4,12,5,0,5,0,71,20
2025,12.0,2025-05-29,Darcy,Gardiner,Brisbane Lions,INT,3,143,1,9,2,0,4,1,67,6
2025,12.0,2025-05-29,Charlie,Cameron,Brisbane Lions,HFFL,2,110,2,12,1,0,2,0,88,7
2025,12.0,2025-05-29,Harris,Andrews,Brisbane Lions,CHB,3,72,8,3,0,0,4,0,100,16
2025,12.0,2025-05-29,Peter,Wright,Essendon,FF,4,289,3,7,3,0,4,1,87,13
2025,12.0,2025-05-29,Jayden,Laverde,Essendon,FB,3,128,7,5,1,0,3,0,87,13
2025,12.0,2025-05-29,Callum,Ah Chee,Brisbane Lions,FPR,5,117,1,15,1,1,5,1,85,11
2025,12.0,2025-05-29,Josh,Dunkley,Brisbane Lions,RR,7,202,1,24,4,1,4,3,65,13
2025,12.0,2025-05-29,Jade,Gresham,Essendon,HBFL,7,223,0,10,5,0,5,1,77,10
2025,12.0,2025-05-29,Mason,Redman,Essendon,CHB,3,605,4,10,2,0,3,0,85,22
2025,12.0,2025-05-29,Eric,Hipwood,Brisbane Lions,CHF,4,215,0,9,3,1,3,2,67,8
2025,12.0,2025-05-29,Andrew,McGrath,Essendon,BPL,2,221,4,10,2,0,3,0,67,10
2025,12.0,2025-05-29,Jarrod,Berry,Brisbane Lions,HBFR,7,392,8,15,5,0,7,0,64,16
2025,12.0,2025-05-29,Hugh,McCluggage,Brisbane Lions,C,12,557,6,25,4,3,15,1,73,30
2025,12.0,2025-05-29,Will,Setterfield,Essendon,INT,5,276,4,28,3,2,7,0,65,15
2025,12.0,2025-05-29,Cam,Rayner,Brisbane Lions,FPL,5,240,1,22,2,0,4,1,71,10
2025,12.0,2025-05-29,Zac,Bailey,Brisbane Lions,WR,7,315,1,13,2,0,3,1,80,16
2025,12.0,2025-05-29,Matt,Guelfi,Essendon,FPL,4,71,0,16,0,1,4,1,80,8
2025,12.0,2025-05-29,Xavier,Duursma,Essendon,WL,2,210,2,11,4,0,2,0,83,10
2025,12.0,2025-05-29,Noah,Answerth,Brisbane Lions,HBFL,6,401,5,19,4,0,6,0,85,17
2025,12.0,2025-05-29,Darcy,Fort,Brisbane Lions,RK,3,38,3,11,0,0,2,0,50,5
2025,12.0,2025-05-29,Jye,Caldwell,Essendon,RR,6,334,2,30,4,4,8,1,77,23
2025,12.0,2025-05-29,Deven,Robertson,Brisbane Lions,SUB,2,4,0,1,0,0,0,0,100,3
2025,12.0,2025-05-29,Jack,Payne,Brisbane Lions,FB,5,381,4,5,2,0,1,0,82,14
2025,12.0,2025-05-29,Jaxon,Prior,Essendon,HBFR,4,147,4,7,0,0,5,0,86,12
2025,12.0,2025-05-29,Archie,Perkins,Essendon,HFFL,4,142,1,19,4,1,3,0,60,9
2025,12.0,2025-05-29,Sam,Durham,Essendon,R,2,27,1,7,1,0,1,1,88,7
2025,12.0,2025-05-29,Nic,Martin,Essendon,HFFR,7,349,3,16,4,1,6,0,79,23
2025,12.0,2025-05-29,Kai,Lohmann,Brisbane Lions,HFFR,6,379,0,16,3,1,2,1,67,10
2025,12.0,2025-05-29,Ben,Hobbs,Essendon,INT,4,294,2,12,5,1,4,0,79,15
2025,12.0,2025-05-29,Darcy,Wilmot,Brisbane Lions,INT,3,156,4,10,1,0,5,0,93,13
2025,12.0,2025-05-29,Will,Ashcroft,Brisbane Lions,INT,5,419,2,19,5,1,10,0,80,24
2025,12.0,2025-05-29,Jaspa,Fletcher,Brisbane Lions,WL,3,345,3,12,1,0,4,0,100,21
2025,12.0,2025-05-29,Elijah,Tsatas,Essendon,SUB,1,66,0,7,1,1,2,0,83,5
2025,12.0,2025-05-29,Logan,Morris,Brisbane Lions,FF,6,236,0,15,4,0,1,2,36,4
2025,12.0,2025-05-29,Nate,Caddy,Essendon,CHF,4,270,1,8,4,0,2,0,70,7
2025,12.0,2025-05-29,Archie,Roberts,Essendon,BPR,7,390,3,8,4,0,1,1,65,13
2025,12.0,2025-05-29,Isaac,Kako,Essendon,FPR,4,148,2,10,1,0,5,0,82,9
2025,12.0,2025-05-29,Levi,Ashcroft,Brisbane Lions,INT,1,210,2,7,2,0,1,0,93,14
2025,12.0,2025-05-29,Archer,Day-Wicks,Essendon,INT,1,109,1,6,6,0,3,0,33,3
2025,12.0,2025-05-29,Angus,Clarke,Essendon,WR,4,228,2,17,2,0,3,0,73,8
2025,12.0,2025-05-29,Zak,Johnson,Essendon,INT,2,204,6,3,2,0,5,0,82,9
2025,12.0,2025-05-30,Scott,Pendlebury,Collingwood,C,7,244,1,23,0,1,5,1,77,17
2025,12.0,2025-05-30,Steele,Sidebottom,Collingwood,WR,6,594,3,18,3,1,2,0,78,21
2025,12.0,2025-05-30,Jack,Gunston,Hawthorn,FPR,5,208,0,10,3,0,1,0,70,7
2025,12.0,2025-05-30,Jeremy,Howe,Collingwood,BPL,2,210,6,2,1,0,1,0,70,7
2025,12.0,2025-05-30,Will,Hoskin-Elliott,Collingwood,INT,4,87,0,4,2,0,3,1,63,5
2025,12.0,2025-05-30,Jack,Crisp,Collingwood,WL,4,400,4,19,1,0,7,1,69,11
2025,12.0,2025-05-30,Jamie,Elliott,Collingwood,FPL,10,222,1,8,2,0,4,1,83,10
2025,12.0,2025-05-30,Jarman,Impey,Hawthorn,HBFL,3,189,1,11,1,0,1,0,88,14
2025,12.0,2025-05-30,Tim,Membrey,Collingwood,CHF,3,85,0,2,2,0,1,0,56,5
2025,12.0,2025-05-30,James,Sicily,Hawthorn,BPR,3,92,2,4,3,0,2,0,100,6
2025,12.0,2025-05-30,Karl,Amon,Hawthorn,WL,1,507,3,10,4,0,5,0,86,19
2025,12.0,2025-05-30,Darcy,Moore,Collingwood,CHB,1,63,5,4,0,0,3,0,86,6
2025,12.0,2025-05-30,Tom,Barrass,Hawthorn,FB,3,59,7,5,0,0,2,0,89,8
2025,12.0,2025-05-30,Blake,Hardwick,Hawthorn,CHB,3,135,3,8,3,0,4,0,56,5
2025,12.0,2025-05-30,Mabior,Chol,Hawthorn,FF,2,274,0,10,2,1,1,0,64,7
2025,12.0,2025-05-30,Dan,Houston,Collingwood,HBFR,3,328,6,12,2,0,3,0,76,16
2025,12.0,2025-05-30,Harry,Perryman,Collingwood,HBFL,3,417,3,11,4,0,2,0,85,11
2025,12.0,2025-05-30,Josh,Battle,Hawthorn,BPL,2,261,4,8,3,0,1,0,80,12
2025,12.0,2025-05-30,Jack,Scrimshaw,Hawthorn,INT,0,54,3,3,0,0,2,0,88,7
2025,12.0,2025-05-30,Josh,Daicos,Collingwood,BPR,7,357,0,14,0,2,1,1,83,20
2025,12.0,2025-05-30,Harry,Morrison,Hawthorn,WR,3,188,3,12,2,0,2,0,58,7
2025,12.0,2025-05-30,Patrick,Lipinski,Collingwood,FPR,8,264,0,12,1,0,0,1,91,10
2025,12.0,2025-05-30,James,Worpel,Hawthorn,R,3,314,1,18,6,1,9,0,62,13
2025,12.0,2025-05-30,Brody,Mihocek,Collingwood,FF,7,208,1,5,4,0,2,2,67,8
2025,12.0,2025-05-30,Darcy,Cameron,Collingwood,RK,6,264,5,15,1,1,5,0,75,12
2025,12.0,2025-05-30,Conor,Nash,Hawthorn,C,4,274,1,16,3,3,7,0,68,17
2025,12.0,2025-05-30,Billy,Frampton,Collingwood,FB,1,5,0,2,0,0,0,0,100,4
2025,12.0,2025-05-30,Lachie,Schultz,Collingwood,INT,6,105,5,14,4,0,4,2,69,9
2025,12.0,2025-05-30,Dylan,Moore,Hawthorn,HFFR,5,283,1,22,1,0,2,2,78,14
2025,12.0,2025-05-30,Isaac,Quaynor,Collingwood,INT,3,273,9,13,3,0,5,0,85,17
2025,12.0,2025-05-30,Bobby,Hill,Collingwood,HFFL,7,193,1,10,0,0,3,0,86,12
2025,12.0,2025-05-30,Changkuoth,Jiath,Hawthorn,INT,1,217,4,4,4,0,3,0,67,8
2025,12.0,2025-05-30,Finn,Maginness,Hawthorn,SUB,0,88,0,7,2,0,0,1,20,1
2025,12.0,2025-05-30,Lloyd,Meek,Hawthorn,RK,2,127,2,14,3,4,8,0,60,9
2025,12.0,2025-05-30,Beau,McCreery,Collingwood,HFFR,2,145,1,23,2,0,3,3,55,6
2025,12.0,2025-05-30,Jai,Newcombe,Hawthorn,RR,6,355,1,19,2,1,3,1,72,13
2025,12.0,2025-05-30,Jack,Ginnivan,Hawthorn,FPL,6,418,2,8,7,0,6,0,65,20
2025,12.0,2025-05-30,Nick,Daicos,Collingwood,R,10,496,4,21,5,2,7,0,69,22
2025,12.0,2025-05-30,Connor,Macdonald,Hawthorn,INT,3,136,1,7,3,0,3,0,60,9
2025,12.0,2025-05-30,Josh,Ward,Hawthorn,INT,3,301,2,20,5,1,4,0,77,20
2025,12.0,2025-05-30,Massimo,D'Ambrosio,Hawthorn,HBFR,1,390,1,8,2,2,4,0,89,16
2025,12.0,2025-05-30,Ned,Long,Collingwood,RR,10,245,2,25,4,1,9,0,63,15
2025,12.0,2025-05-30,Josh,Weddle,Hawthorn,HFFL,1,194,4,8,3,0,1,0,67,8
2025,12.0,2025-05-30,Nick,Watson,Hawthorn,CHF,3,105,2,5,0,0,3,0,89,8
2025,12.0,2025-05-30,Lachlan,Sullivan,Collingwood,SUB,2,140,0,4,1,0,0,0,100,5
2025,12.0,2025-05-30,Edward,Allan,Collingwood,INT,3,330,5,12,6,0,7,0,74,17
2025,12.0,2025-05-31,Nat,Fyfe,Fremantle,SUB,1,81,0,4,1,0,2,0,71,5
2025,12.0,2025-05-31,David,Swallow,Gold Coast,SUB,1,13,1,4,1,0,0,0,33,1
2025,12.0,2025-05-31,Jarrod,Witts,Gold Coast,RK,2,63,2,13,2,0,5,1,40,4
2025,12.0,2025-05-31,Nick,Holman,Gold Coast,INT,1,146,2,16,6,0,3,2,42,5
2025,12.0,2025-05-31,Touk,Miller,Gold Coast,HFFR,5,358,2,16,5,2,12,1,54,13
2025,12.0,2025-05-31,Daniel,Rioli,Gold Coast,HBFR,1,335,7,16,4,0,8,0,78,21
2025,12.0,2025-05-31,Sam,Collins,Gold Coast,BPR,0,108,9,6,2,0,3,0,80,8
2025,12.0,2025-05-31,Corey,Wagner,Fremantle,INT,3,630,7,10,4,0,6,0,72,13
2025,12.0,2025-05-31,Brayden,Fiorini,Gold Coast,WR,1,299,7,15,5,0,9,1,63,12
2025,12.0,2025-05-31,Ben,Ainsworth,Gold Coast,HFFL,4,248,0,8,5,0,2,0,54,7
2025,12.0,2025-05-31,Ben,Long,Gold Coast,FPL,5,165,1,8,0,0,0,1,64,7
2025,12.0,2025-05-31,Shai,Bolton,Fremantle,C,5,326,1,16,7,2,6,3,50,10
2025,12.0,2025-05-31,Luke,Ryan,Fremantle,BPL,1,461,8,5,7,0,8,0,72,13
2025,12.0,2025-05-31,Brennan,Cox,Fremantle,BPR,0,72,7,2,2,0,5,0,70,7
2025,12.0,2025-05-31,Sean,Darcy,Fremantle,INT,0,64,1,11,1,1,2,1,100,3
2025,12.0,2025-05-31,Bailey,Banfield,Fremantle,INT,1,194,5,8,1,0,7,0,85,11
2025,12.0,2025-05-31,Andrew,Brayshaw,Fremantle,R,4,336,3,29,4,3,5,2,80,24
2025,12.0,2025-05-31,Wil,Powell,Gold Coast,CHB,0,320,4,12,2,0,2,0,70,7
2025,12.0,2025-05-31,Sam,Switkowski,Fremantle,CHF,10,215,2,22,0,1,7,1,94,16
2025,12.0,2025-05-31,Jordan,Clark,Fremantle,HBFR,3,813,10,11,7,0,9,0,67,20
2025,12.0,2025-05-31,Ben,King,Gold Coast,FPR,2,153,1,4,3,0,2,1,29,2
2025,12.0,2025-05-31,John,Noble,Gold Coast,HBFL,4,419,6,12,4,0,4,0,86,19
2025,12.0,2025-05-31,Noah,Anderson,Gold Coast,R,8,840,4,20,5,5,16,1,64,25
2025,12.0,2025-05-31,Matt,Rowell,Gold Coast,C,2,448,4,33,8,0,10,0,56,15
2025,12.0,2025-05-31,Luke,Jackson,Fremantle,RK,5,373,6,11,7,3,10,1,56,15
2025,12.0,2025-05-31,Caleb,Serong,Fremantle,RR,5,661,2,33,7,1,7,0,56,15
2025,12.0,2025-05-31,Michael,Frederick,Fremantle,HFFL,3,158,2,14,2,0,2,3,43,3
2025,12.0,2025-05-31,Jeremy,Sharp,Fremantle,WL,0,74,1,12,0,0,0,0,100,4
2025,12.0,2025-05-31,Sam,Flanders,Gold Coast,CHF,5,257,1,8,3,1,5,1,81,13
2025,12.0,2025-05-31,Heath,Chapman,Fremantle,HBFL,0,218,4,11,4,0,6,0,77,10
2025,12.0,2025-05-31,Josh,Treacy,Fremantle,FF,4,303,1,11,4,0,4,1,80,12
2025,12.0,2025-05-31,Joel,Jeffrey,Gold Coast,INT,2,422,3,9,2,0,1,0,87,13
2025,12.0,2025-05-31,Neil,Erasmus,Fremantle,INT,3,313,3,19,4,0,7,2,63,12
2025,12.0,2025-05-31,Jye,Amiss,Fremantle,FPR,2,127,1,2,1,0,4,0,89,8
2025,12.0,2025-05-31,Mac,Andrew,Gold Coast,FB,3,284,8,13,4,0,4,0,65,13
2025,12.0,2025-05-31,Bodhi,Uwland,Gold Coast,BPL,2,298,7,7,3,0,5,0,87,13
2025,12.0,2025-05-31,Matthew,Johnson,Fremantle,WR,4,237,4,20,3,0,6,0,72,13
2025,12.0,2025-05-31,Bailey,Humphrey,Gold Coast,RR,3,220,0,25,0,1,3,1,83,10
2025,12.0,2025-05-31,Ned,Moyle,Gold Coast,INT,1,65,0,6,0,0,0,0,100,3
2025,12.0,2025-05-31,Karl,Worner,Fremantle,CHB,0,149,2,3,2,0,2,0,50,5
2025,12.0,2025-05-31,Joshua,Draper,Fremantle,FB,0,32,2,7,0,0,3,0,100,3
2025,12.0,2025-05-31,Jed,Walter,Gold Coast,FF,3,81,2,6,3,0,5,0,90,9
2025,12.0,2025-05-31,Sam,Clohesy,Gold Coast,WL,2,365,4,20,5,0,6,2,72,13
2025,12.0,2025-05-31,Patrick,Voss,Fremantle,FPL,6,247,1,13,2,0,0,6,57,4
2025,12.0,2025-05-31,Murphy,Reid,Fremantle,HFFR,2,194,2,17,5,0,5,0,71,10
2025,12.0,2025-05-31,Leonardo,Lombard,Gold Coast,INT,1,38,0,14,2,0,2,0,50,4
2025,12.0,2025-05-31,Callan,Ward,Greater Western Sydney,WR,0,32,0,0,1,0,0,0,100,1
2025,12.0,2025-05-31,Dion,Prestia,Richmond,C,9,381,5,24,6,3,11,0,74,23
2025,12.0,2025-05-31,Tom,Lynch,Richmond,FF,3,183,1,8,1,0,3,0,60,6
2025,12.0,2025-05-31,Toby,Greene,Greater Western Sydney,FPR,2,228,1,13,2,1,2,1,42,5
2025,12.0,2025-05-31,Lachie,Whitfield,Greater Western Sydney,HBFL,5,519,5,19,2,0,7,0,86,24
2025,12.0,2025-05-31,Nick,Vlastuin,Richmond,BPR,2,443,7,7,5,0,5,0,84,16
2025,12.0,2025-05-31,Josh,Kelly,Greater Western Sydney,C,5,390,5,14,5,0,4,1,85,17
2025,12.0,2025-05-31,Kamdyn,McIntosh,Richmond,SUB,1,25,0,8,0,0,0,0,75,3
2025,12.0,2025-05-31,Jesse,Hogan,Greater Western Sydney,FF,0,53,0,6,1,0,3,1,88,7
2025,12.0,2025-05-31,Toby,Nankervis,Richmond,RK,4,196,2,10,3,0,4,0,60,9
2025,12.0,2025-05-31,Jacob,Hopper,Richmond,R,5,493,2,10,9,7,9,0,59,17
2025,12.0,2025-05-31,Nathan,Broad,Richmond,HBFR,2,172,7,7,0,0,5,0,88,15
2025,12.0,2025-05-31,Harry,Himmelberg,Greater Western Sydney,WL,4,355,6,5,3,0,4,0,76,16
2025,12.0,2025-05-31,Tim,Taranto,Richmond,RR,5,361,4,12,6,3,10,1,61,14
2025,12.0,2025-05-31,Sam,Taylor,Greater Western Sydney,FB,3,137,7,6,1,0,3,0,92,12
2025,12.0,2025-05-31,Jack,Ross,Richmond,INT,6,515,2,10,3,0,5,0,71,12
2025,12.0,2025-05-31,Connor,Idun,Greater Western Sydney,BPL,2,446,3,8,2,0,6,0,88,22
2025,12.0,2025-05-31,Tom,Green,Greater Western Sydney,R,7,567,3,17,6,1,10,0,60,18
2025,12.0,2025-05-31,Toby,Bedford,Greater Western Sydney,INT,1,300,1,22,2,0,2,1,67,8
2025,12.0,2025-05-31,Lachie,Ash,Greater Western Sydney,HBFR,6,797,4,6,8,0,3,0,86,31
2025,12.0,2025-05-31,Xavier,O'Halloran,Greater Western Sydney,RR,1,414,2,15,6,0,6,0,74,14
2025,12.0,2025-05-31,Jake,Riccardi,Greater Western Sydney,INT,5,225,1,7,2,1,0,2,77,13
2025,12.0,2025-05-31,Jack,Buckley,Greater Western Sydney,CHB,2,241,7,5,0,0,5,0,88,15
2025,12.0,2025-05-31,Rhyan,Mansell,Richmond,FPL,7,318,0,18,2,0,4,3,91,10
2025,12.0,2025-05-31,Hugo,Ralphsmith,Richmond,WL,4,454,4,13,3,0,4,0,65,15
2025,12.0,2025-05-31,Kieren,Briggs,Greater Western Sydney,RK,1,86,2,11,3,0,4,2,67,6
2025,12.0,2025-05-31,Callum,Brown,Greater Western Sydney,FPL,5,244,1,12,0,0,4,0,60,6
2025,12.0,2025-05-31,Ben,Miller,Richmond,FB,1,285,5,6,1,0,2,0,73,8
2025,12.0,2025-05-31,Tyler,Sonsie,Richmond,CHF,3,206,3,18,5,0,5,1,53,9
2025,12.0,2025-05-31,Leek,Aleer,Greater Western Sydney,BPR,2,85,9,3,3,0,6,0,87,13
2025,12.0,2025-05-31,Aaron,Cadman,Greater Western Sydney,CHF,4,177,1,12,2,0,1,3,70,7
2025,12.0,2025-05-31,Sam,Banks,Richmond,CHB,7,491,5,1,3,0,4,0,92,23
2025,12.0,2025-05-31,Toby,McMullin,Greater Western Sydney,SUB,3,370,0,5,5,0,2,0,75,15
2025,12.0,2025-05-31,Tom,Brown,Richmond,HBFL,3,262,1,10,3,0,1,0,50,6
2025,12.0,2025-05-31,Seth,Campbell,Richmond,HFFR,4,241,0,23,3,1,5,3,69,9
2025,12.0,2025-05-31,Harvey,Thomas,Greater Western Sydney,HFFL,1,139,0,17,2,0,1,0,56,5
2025,12.0,2025-05-31,Kane,McAuliffe,Richmond,INT,4,225,5,15,2,2,9,0,83,15
2025,12.0,2025-05-31,Darcy,Jones,Greater Western Sydney,HFFR,4,194,1,19,5,2,10,1,59,10
2025,12.0,2025-05-31,Steely,Green,Richmond,HFFL,4,80,0,16,0,0,2,0,43,3
2025,12.0,2025-05-31,Kaleb,Smith,Richmond,INT,1,204,2,5,4,0,1,0,92,12
2025,12.0,2025-05-31,Joe,Fonti,Greater Western Sydney,INT,2,345,5,11,6,0,6,0,53,9
2025,12.0,2025-05-31,Luke,Trainor,Richmond,WR,4,195,3,11,0,0,2,1,67,6
2025,12.0,2025-05-31,Jonty,Faull,Richmond,FPR,5,161,0,9,1,0,1,0,38,3
2025,12.0,2025-05-31,Campbell,Gray,Richmond,BPL,4,206,7,3,2,0,5,0,77,10
2025,12.0,2025-05-31,Thomas,Sims,Richmond,INT,6,316,4,10,3,0,1,0,69,9
2025,12.0,2025-05-31,Cody,Angove,Greater Western Sydney,INT,1,99,1,10,2,0,1,4,71,5
2025,12.0,2025-05-31,Taylor,Walker,Adelaide,FF,3,215,0,5,2,0,1,1,56,5
2025,12.0,2025-05-31,Brodie,Smith,Adelaide,INT,3,522,4,8,5,0,4,0,77,13
2025,12.0,2025-05-31,Taylor,Adams,Sydney,FPR,1,49,0,17,2,0,3,1,64,7
2025,12.0,2025-05-31,Dane,Rampe,Sydney,BPR,1,448,4,10,6,0,3,0,92,12
2025,12.0,2025-05-31,Brodie,Grundy,Sydney,RK,3,104,8,14,4,0,10,0,74,17
2025,12.0,2025-05-31,Jake,Lloyd,Sydney,WL,1,294,0,14,1,0,1,1,55,6
2025,12.0,2025-05-31,Isaac,Heeney,Sydney,C,4,365,5,17,6,1,12,0,65,15
2025,12.0,2025-05-31,Joel,Hamling,Sydney,CHF,1,23,4,11,3,0,3,0,44,4
2025,12.0,2025-05-31,Alex,Neal-Bullen,Adelaide,FPL,6,352,2,25,6,0,7,0,60,15
2025,12.0,2025-05-31,Wayne,Milera,Adelaide,HBFR,4,540,7,12,3,1,5,0,82,14
2025,12.0,2025-05-31,Ben,Keays,Adelaide,HFFL,5,223,2,22,4,0,7,5,47,8
2025,12.0,2025-05-31,Reilly,O'Brien,Adelaide,RK,3,222,2,13,3,4,4,0,46,6
2025,12.0,2025-05-31,Will,Hayward,Sydney,FPL,3,90,1,17,4,0,7,3,50,5
2025,12.0,2025-05-31,Jordan,Dawson,Adelaide,C,5,335,3,19,2,1,5,1,71,15
2025,12.0,2025-05-31,Lewis,Melican,Sydney,BPL,2,190,5,13,1,0,2,0,67,8
2025,12.0,2025-05-31,Darcy,Fogarty,Adelaide,FPR,5,108,0,11,3,0,1,2,86,6
2025,12.0,2025-05-31,Tom,McCartin,Sydney,FB,0,376,6,12,6,0,1,0,70,14
2025,12.0,2025-05-31,Isaac,Cumming,Adelaide,WL,6,402,7,14,3,0,9,1,62,13
2025,12.0,2025-05-31,Nick,Blakey,Sydney,CHB,2,237,4,12,1,0,3,0,100,11
2025,12.0,2025-05-31,Justin,McInerney,Sydney,HBFR,2,319,7,16,3,0,11,0,74,20
2025,12.0,2025-05-31,James,Rowbottom,Sydney,R,2,343,2,21,5,0,5,0,45,9
2025,12.0,2025-05-31,Mitchell,Hinge,Adelaide,BPR,3,254,4,10,3,0,1,0,85,11
2025,12.0,2025-05-31,Peter,Ladhams,Sydney,INT,1,94,1,6,1,1,5,0,36,4
2025,12.0,2025-05-31,Hayden,McLean,Sydney,FF,3,153,0,6,2,0,3,0,73,8
2025,12.0,2025-05-31,Izak,Rankine,Adelaide,RR,4,220,0,11,3,1,5,1,50,9
2025,12.0,2025-05-31,Chad,Warner,Sydney,RR,4,405,1,19,7,6,10,1,21,4
2025,12.0,2025-05-31,Mark,Keane,Adelaide,CHB,2,514,15,7,6,0,1,0,78,18
2025,12.0,2025-05-31,Jordon,Butts,Adelaide,FB,2,93,2,5,0,0,1,0,75,3
2025,12.0,2025-05-31,James,Jordon,Sydney,HFFR,0,232,3,14,4,2,8,1,46,5
2025,12.0,2025-05-31,Sam,Berry,Adelaide,HFFR,2,389,1,13,2,2,9,0,69,11
2025,12.0,2025-05-31,Braeden,Campbell,Sydney,HFFL,4,150,1,15,4,0,4,0,38,3
2025,12.0,2025-05-31,Riley,Thilthorpe,Adelaide,CHF,5,246,1,15,3,1,4,0,71,10
2025,12.0,2025-05-31,Josh,Worrell,Adelaide,BPL,5,398,9,6,5,0,7,0,75,18
2025,12.0,2025-05-31,Luke,Pedlar,Adelaide,INT,4,42,4,7,1,0,4,2,70,7
2025,12.0,2025-05-31,James,Peatling,Adelaide,INT,3,267,4,19,2,1,9,1,67,14
2025,12.0,2025-05-31,Angus,Sheldrick,Sydney,INT,3,462,3,15,7,2,9,0,55,12
2025,12.0,2025-05-31,Jake,Soligo,Adelaide,R,4,213,2,25,3,0,3,1,60,9
2025,12.0,2025-05-31,Josh,Rachele,Adelaide,INT,9,345,3,12,3,1,4,0,77,10
2025,12.0,2025-05-31,Matt,Roberts,Sydney,HBFL,1,423,7,9,6,1,3,0,76,16
2025,12.0,2025-05-31,Max,Michalanney,Adelaide,HBFL,0,129,5,18,4,0,4,0,60,6
2025,12.0,2025-05-31,Corey,Warner,Sydney,INT,3,188,2,11,4,0,5,0,40,4
2025,12.0,2025-05-31,Caleb,Mitchell,Sydney,WR,2,40,5,11,1,0,5,0,62,8
2025,12.0,2025-05-31,Daniel,Curtin,Adelaide,WR,1,155,3,9,3,0,4,0,56,9
2025,12.0,2025-05-31,Caiden,Cleary,Sydney,SUB,2,-19,0,10,1,0,2,0,75,3
2025,12.0,2025-05-31,Riley,Bice,Sydney,INT,0,28,0,7,1,0,0,0,50,1
2025,12.0,2025-05-31,Sid,Draper,Adelaide,SUB,0,5,0,7,0,1,3,0,50,2
2025,12.0,2025-06-01,Jake,Melksham,Melbourne,FPL,5,186,0,11,3,0,0,0,44,4
2025,12.0,2025-06-01,Steven,May,Melbourne,FB,8,446,8,4,1,0,2,0,100,21
2025,12.0,2025-06-01,Max,Gawn,Melbourne,RK,6,220,1,9,1,2,3,0,59,13
2025,12.0,2025-06-01,Bradley,Hill,St Kilda,WR,6,678,3,8,5,0,0,0,69,18
2025,12.0,2025-06-01,Jimmy,Webster,St Kilda,BPR,2,239,2,7,2,0,3,0,67,8
2025,12.0,2025-06-01,Christian,Salem,Melbourne,BPR,3,163,3,13,2,0,1,0,79,11
2025,12.0,2025-06-01,Zak,Jones,St Kilda,RR,5,243,1,6,3,1,3,0,85,17
2025,12.0,2025-06-01,Mason,Wood,St Kilda,WL,5,299,4,13,1,0,4,0,87,13
2025,12.0,2025-06-01,Jack,Sinclair,St Kilda,C,4,364,3,12,2,2,2,0,84,21
2025,12.0,2025-06-01,Jake,Lever,Melbourne,CHB,1,118,5,10,1,0,0,0,100,9
2025,12.0,2025-06-01,Jack,Steele,St Kilda,R,3,152,2,15,2,1,7,2,83,19
2025,12.0,2025-06-01,Ed,Langdon,Melbourne,INT,4,293,1,13,2,1,4,0,69,9
2025,12.0,2025-06-01,Clayton,Oliver,Melbourne,RR,4,341,1,9,3,0,4,2,69,11
2025,12.0,2025-06-01,Christian,Petracca,Melbourne,C,9,448,0,7,5,1,10,0,68,15
2025,12.0,2025-06-01,Dan,Butler,St Kilda,INT,7,169,1,10,2,0,3,0,67,8
2025,12.0,2025-06-01,Rowan,Marshall,St Kilda,RK,5,147,1,8,3,2,2,0,69,11
2025,12.0,2025-06-01,Hunter,Clark,St Kilda,INT,7,184,1,8,0,0,7,0,65,13
2025,12.0,2025-06-01,Bayley,Fritsch,Melbourne,CHF,3,188,2,9,4,0,1,1,73,11
2025,12.0,2025-06-01,Jack,Higgins,St Kilda,HFFL,7,128,1,7,0,0,3,1,60,6
2025,12.0,2025-06-01,Harrison,Petty,Melbourne,FF,4,143,2,9,2,0,0,1,63,5
2025,12.0,2025-06-01,Tom,Sparrow,Melbourne,R,3,274,0,11,4,0,4,1,55,6
2025,12.0,2025-06-01,Callum,Wilkie,St Kilda,FB,2,312,11,5,1,0,7,0,90,28
2025,12.0,2025-06-01,Kade,Chandler,Melbourne,WL,6,284,3,14,0,0,1,0,58,7
2025,12.0,2025-06-01,Kysaiah,Pickett,Melbourne,FPR,3,243,0,9,2,5,4,1,92,11
2025,12.0,2025-06-01,Trent,Rivers,Melbourne,HBFR,3,186,2,17,1,0,5,1,71,10
2025,12.0,2025-06-01,Ryan,Byrnes,St Kilda,HBFR,2,158,6,5,3,0,6,0,75,15
2025,12.0,2025-06-01,Harry,Sharp,Melbourne,INT,4,205,3,11,2,0,5,0,70,7
2025,12.0,2025-06-01,Cooper,Sharman,St Kilda,FPL,9,310,2,7,2,0,4,0,79,11
2025,12.0,2025-06-01,Jake,Bowey,Melbourne,BPL,3,355,6,9,4,0,5,0,88,15
2025,12.0,2025-06-01,Mitch,Owens,St Kilda,FPR,7,242,0,5,5,0,4,0,54,7
2025,12.0,2025-06-01,Nasiah,Wanganeen-Milera,St Kilda,CHB,6,795,2,8,4,1,0,0,72,21
2025,12.0,2025-06-01,Marcus,Windhager,St Kilda,HBFL,5,492,2,8,5,4,6,1,82,23
2025,12.0,2025-06-01,Jack,Carroll,St Kilda,SUB,6,298,2,9,3,0,3,0,82,9
2025,12.0,2025-06-01,Daniel,Turner,Melbourne,HFFR,1,433,4,12,4,0,1,0,71,10
2025,12.0,2025-06-01,Bailey,Laurie,Melbourne,SUB,1,103,0,4,2,0,1,0,0,0
2025,12.0,2025-06-01,Judd,McVee,Melbourne,HBFL,4,373,6,5,2,0,4,0,80,16
2025,12.0,2025-06-01,Anthony,Caminiti,St Kilda,FF,3,297,4,4,3,0,2,0,94,16
2025,12.0,2025-06-01,Mattaes,Phillipou,St Kilda,CHF,0,3,0,0,0,0,1,0,100,1
2025,12.0,2025-06-01,Caleb,Windsor,Melbourne,INT,1,259,3,8,2,0,2,0,56,5
2025,12.0,2025-06-01,Max,Hall,St Kilda,HFFR,8,101,1,12,2,0,6,2,73,11
2025,12.0,2025-06-01,Aidan,Johnson,Melbourne,INT,2,66,0,10,2,0,1,1,50,2
2025,12.0,2025-06-01,Harvey,Langford,Melbourne,HFFL,5,180,4,13,2,0,5,0,100,10
2025,12.0,2025-06-01,Xavier,Lindsay,Melbourne,WR,4,322,3,18,0,0,4,0,71,10
2025,12.0,2025-06-01,Isaac,Keeler,St Kilda,BPL,5,198,1,5,2,0,1,0,70,7
2025,12.0,2025-06-01,Tobie,Travaglia,St Kilda,INT,3,408,0,4,4,0,1,0,62,8
2025,12.0,2025-06-01,Hugh,Boxshall,St Kilda,INT,4,141,1,9,2,0,3,2,78,7
2025,12.0,2025-06-01,Mitch,Duncan,Geelong,INT,8,308,3,12,0,0,6,0,90,17
2025,12.0,2025-06-01,Rhys,Stanley,Geelong,RK,5,49,1,5,0,2,3,0,100,9
2025,12.0,2025-06-01,Jeremy,Cameron,Geelong,FF,10,351,2,11,2,0,5,3,71,10
2025,12.0,2025-06-01,Mark,Blicavs,Geelong,WL,3,-3,2,13,1,1,4,0,75,6
2025,12.0,2025-06-01,Liam,Duggan,West Coast,HBFL,4,567,3,8,7,0,2,0,61,14
2025,12.0,2025-06-01,Jayden,Hunt,West Coast,WR,1,203,4,11,1,0,2,0,67,8
2025,12.0,2025-06-01,Tom,Cole,West Coast,INT,4,247,6,12,2,0,7,0,83,20
2025,12.0,2025-06-01,Tom,Stewart,Geelong,CHB,5,442,7,9,1,0,3,0,94,17
2025,12.0,2025-06-01,Mark,O'Connor,Geelong,HBFR,4,253,2,8,2,0,1,0,80,12
2025,12.0,2025-06-01,Zach,Guthrie,Geelong,HBFL,4,288,4,9,4,0,2,0,69,9
2025,12.0,2025-06-01,Tyson,Stengle,Geelong,FPR,7,315,0,14,4,0,7,3,78,14
2025,12.0,2025-06-01,Jack,Graham,West Coast,INT,4,175,1,23,4,1,5,0,63,12
2025,12.0,2025-06-01,Tim,Kelly,West Coast,C,5,193,1,8,1,0,4,0,84,16
2025,12.0,2025-06-01,Liam,Ryan,West Coast,FPR,5,171,1,10,3,2,5,2,80,8
2025,12.0,2025-06-01,Jack,Henry,Geelong,BPR,1,105,8,3,0,0,2,0,89,8
2025,12.0,2025-06-01,Oscar,Allen,West Coast,FF,6,159,0,7,0,0,2,1,88,7
2025,12.0,2025-06-01,Liam,Baker,West Coast,HBFR,4,462,10,16,3,1,11,0,72,21
2025,12.0,2025-06-01,Tom,Atkins,Geelong,R,1,164,2,33,2,3,5,4,60,9
2025,12.0,2025-06-01,Gryan,Miers,Geelong,HFFL,9,552,1,16,2,0,3,1,85,22
2025,12.0,2025-06-01,Bailey,Smith,Geelong,RR,8,834,3,12,8,3,8,0,55,21
2025,12.0,2025-06-01,Brad,Close,Geelong,HFFR,4,249,1,14,5,0,2,0,31,4
2025,12.0,2025-06-01,Harry,Edwards,West Coast,FB,1,336,7,6,2,0,5,0,92,12
2025,12.0,2025-06-01,Oliver,Henry,Geelong,INT,3,135,1,13,2,0,1,3,83,5
2025,12.0,2025-06-01,Tyler,Brockman,West Coast,FPL,3,182,1,16,4,1,5,0,56,9
2025,12.0,2025-06-01,Matt,Flynn,West Coast,RK,4,111,2,7,3,1,2,0,67,10
2025,12.0,2025-06-01,Max,Holmes,Geelong,C,7,853,2,15,5,5,6,1,59,16
2025,12.0,2025-06-01,Sam,De Koning,Geelong,FB,3,251,7,3,4,0,5,0,83,10
2025,12.0,2025-06-01,Brady,Hough,West Coast,RR,2,121,0,20,1,0,3,1,67,6
2025,12.0,2025-06-01,Jack,Williams,West Coast,CHF,6,85,0,4,1,0,2,0,75,6
2025,12.0,2025-06-01,Oliver,Dempsey,Geelong,WR,7,227,1,13,2,0,6,1,50,7
2025,12.0,2025-06-01,Shannon,Neale,Geelong,FPL,4,71,1,15,2,0,1,4,50,4
2025,12.0,2025-06-01,Noah,Long,West Coast,INT,4,304,0,4,2,0,1,0,67,6
2025,12.0,2025-06-01,Reuben,Ginbey,West Coast,BPR,1,263,6,3,4,0,5,0,88,14
2025,12.0,2025-06-01,Elijah,Hewett,West Coast,HFFR,5,354,1,16,4,0,4,0,65,13
2025,12.0,2025-06-01,Oisin,Mullin,Geelong,INT,0,103,1,15,2,1,3,0,56,5
2025,12.0,2025-06-01,Ryan,Maric,West Coast,BPL,3,264,3,10,4,0,4,0,67,10
2025,12.0,2025-06-01,Ted,Clohesy,Geelong,SUB,2,61,0,3,1,2,2,0,75,3
2025,12.0,2025-06-01,Shaun,Mannagh,Geelong,CHF,9,432,0,17,1,0,3,0,89,16
2025,12.0,2025-06-01,Harley,Reid,West Coast,R,4,348,1,18,6,3,5,0,63,12
2025,12.0,2025-06-01,Connor,O'Sullivan,Geelong,BPL,7,253,11,8,2,0,7,0,90,18
2025,12.0,2025-06-01,Tyrell,Dewar,West Coast,HFFL,3,322,3,9,4,0,3,0,67,12
2025,12.0,2025-06-01,Jack,Hutchinson,West Coast,WL,2,409,0,9,5,1,1,0,67,10
2025,12.0,2025-06-01,Lawson,Humphries,Geelong,INT,4,253,3,12,2,0,1,1,92,11
2025,12.0,2025-06-01,Archer,Reid,West Coast,INT,4,174,0,9,0,1,1,0,83,5
2025,12.0,2025-06-01,Sandy,Brock,West Coast,CHB,2,111,4,6,1,0,3,0,79,11
2025,12.0,2025-06-01,Bo,Allan,West Coast,SUB,1,91,0,2,1,0,0,0,100,4
2025,13.0,2025-06-05,Jack,Gunston,Hawthorn,FPR,3,251,1,7,5,0,2,0,64,7
2025,13.0,2025-06-05,Tom,Liberatore,Western Bulldogs,R,3,109,2,21,2,0,6,1,86,12
2025,13.0,2025-06-05,Adam,Treloar,Western Bulldogs,FF,4,214,3,11,2,2,8,0,85,17
2025,13.0,2025-06-05,Jarman,Impey,Hawthorn,HBFL,5,393,2,14,2,0,4,0,83,19
2025,13.0,2025-06-05,Marcus,Bontempelli,Western Bulldogs,RR,7,387,3,19,4,3,6,1,71,17
2025,13.0,2025-06-05,Rory,Lobb,Western Bulldogs,CHB,3,252,4,10,3,0,4,2,47,7
2025,13.0,2025-06-05,Bailey,Dale,Western Bulldogs,HBFR,3,768,8,12,1,0,7,0,80,24
2025,13.0,2025-06-05,Karl,Amon,Hawthorn,HBFR,4,381,2,20,6,0,2,0,84,16
2025,13.0,2025-06-05,James,Harmes,Western Bulldogs,INT,5,223,4,16,2,0,8,0,67,12
2025,13.0,2025-06-05,Tom,Barrass,Hawthorn,FB,0,113,5,4,2,0,3,0,71,5
2025,13.0,2025-06-05,Bailey,Williams,Western Bulldogs,WL,4,376,1,10,4,0,4,0,67,12
2025,13.0,2025-06-05,Matthew,Kennedy,Western Bulldogs,HFFR,6,336,3,26,5,0,3,2,69,20
2025,13.0,2025-06-05,Blake,Hardwick,Hawthorn,HFFL,2,296,7,12,4,0,4,0,82,14
2025,13.0,2025-06-05,Mabior,Chol,Hawthorn,FF,6,92,1,16,3,0,5,1,91,10
2025,13.0,2025-06-05,Tim,English,Western Bulldogs,RK,8,364,4,20,5,3,6,2,45,9
2025,13.0,2025-06-05,Josh,Battle,Hawthorn,BPL,1,158,3,9,2,0,0,0,75,12
2025,13.0,2025-06-05,Harry,Morrison,Hawthorn,WR,5,328,5,16,2,0,8,0,91,19
2025,13.0,2025-06-05,Aaron,Naughton,Western Bulldogs,CHF,3,173,0,14,5,0,1,0,56,5
2025,13.0,2025-06-05,Ed,Richards,Western Bulldogs,C,7,524,1,25,3,2,4,1,64,16
2025,13.0,2025-06-05,James,Worpel,Hawthorn,C,0,113,2,18,4,0,3,2,55,6
2025,13.0,2025-06-05,Conor,Nash,Hawthorn,INT,5,377,3,25,3,0,4,2,76,16
2025,13.0,2025-06-05,Dylan,Moore,Hawthorn,HFFR,5,178,1,14,3,0,4,1,77,20
2025,13.0,2025-06-05,Ryan,Gardner,Western Bulldogs,INT,0,107,2,18,2,0,0,0,20,1
2025,13.0,2025-06-05,Rhylee,West,Western Bulldogs,FPR,4,102,1,18,5,0,5,0,46,5
2025,13.0,2025-06-05,Changkuoth,Jiath,Hawthorn,SUB,1,129,1,4,1,0,2,0,40,2
2025,13.0,2025-06-05,Laitham,Vandermeer,Western Bulldogs,FPL,4,99,0,10,4,0,3,1,64,7
2025,13.0,2025-06-05,Finn,Maginness,Hawthorn,INT,2,83,0,15,3,0,4,0,55,6
2025,13.0,2025-06-05,Lachlan,McNeil,Western Bulldogs,INT,3,-3,1,3,3,0,2,0,50,2
2025,13.0,2025-06-05,Lloyd,Meek,Hawthorn,RK,5,150,4,16,2,1,1,1,53,8
2025,13.0,2025-06-05,Buku,Khamis,Western Bulldogs,INT,4,74,1,11,3,0,3,0,71,5
2025,13.0,2025-06-05,Jai,Newcombe,Hawthorn,RR,10,599,4,21,5,6,10,0,67,18
2025,13.0,2025-06-05,Lachlan,Bramble,Western Bulldogs,HBFL,3,367,3,9,3,0,2,0,80,12
2025,13.0,2025-06-05,Jack,Ginnivan,Hawthorn,CHF,7,280,3,13,5,1,6,1,74,17
2025,13.0,2025-06-05,Connor,Macdonald,Hawthorn,WL,6,302,2,12,3,0,7,2,60,9
2025,13.0,2025-06-05,Josh,Ward,Hawthorn,R,5,444,7,21,3,1,11,0,75,21
2025,13.0,2025-06-05,Luke,Cleary,Western Bulldogs,BPL,3,212,3,10,2,0,2,0,60,6
2025,13.0,2025-06-05,Sam,Butler,Hawthorn,INT,3,174,1,18,2,0,2,1,64,9
2025,13.0,2025-06-05,Massimo,D'Ambrosio,Hawthorn,BPR,3,293,2,17,2,0,3,0,63,10
2025,13.0,2025-06-05,Seamus,Mitchell,Hawthorn,INT,1,161,4,16,3,0,3,0,80,8
2025,13.0,2025-06-05,Josh,Weddle,Hawthorn,CHB,3,537,8,11,2,0,1,1,94,17
2025,13.0,2025-06-05,Max,Ramsden,Hawthorn,FPL,5,125,0,8,1,0,1,1,44,4
2025,13.0,2025-06-05,James,O'Donnell,Western Bulldogs,FB,2,279,10,5,5,0,3,0,85,11
2025,13.0,2025-06-05,Ryley,Sanders,Western Bulldogs,HFFL,4,156,3,15,0,1,5,1,77,13
2025,13.0,2025-06-05,Joel,Freijah,Western Bulldogs,WR,2,373,7,12,3,0,8,0,80,16
2025,13.0,2025-06-05,Sam,Davidson,Western Bulldogs,BPR,2,108,2,14,2,1,4,0,63,5
2025,13.0,2025-06-05,Josh,Dolan,Western Bulldogs,SUB,1,39,1,4,0,0,1,0,60,3
2025,13.0,2025-06-06,Taylor,Walker,Adelaide,FF,6,192,0,5,3,0,1,0,75,6
2025,13.0,2025-06-06,Brodie,Smith,Adelaide,SUB,1,369,1,3,2,0,0,0,100,8
2025,13.0,2025-06-06,Ryan,Lester,Brisbane Lions,BPR,1,205,4,9,2,0,1,0,89,8
2025,13.0,2025-06-06,Lachie,Neale,Brisbane Lions,R,5,388,3,16,4,2,11,0,73,16
2025,13.0,2025-06-06,Dayne,Zorko,Brisbane Lions,BPL,4,434,6,13,5,0,4,1,62,13
2025,13.0,2025-06-06,Rory,Laird,Adelaide,HBFR,3,403,9,9,4,0,5,0,76,19
2025,13.0,2025-06-06,Charlie,Cameron,Brisbane Lions,HFFL,4,71,0,13,0,0,1,1,86,6
2025,13.0,2025-06-06,Harris,Andrews,Brisbane Lions,CHB,3,147,10,9,1,0,3,0,86,12
2025,13.0,2025-06-06,Alex,Neal-Bullen,Adelaide,FPL,1,234,2,19,3,0,2,1,69,9
2025,13.0,2025-06-06,Callum,Ah Chee,Brisbane Lions,FPR,4,119,1,10,1,0,5,1,70,7
2025,13.0,2025-06-06,Wayne,Milera,Adelaide,BPR,1,419,4,14,7,0,3,0,86,12
2025,13.0,2025-06-06,Josh,Dunkley,Brisbane Lions,RR,6,369,2,16,3,1,10,0,70,14
2025,13.0,2025-06-06,Ben,Keays,Adelaide,HFFL,8,372,1,20,1,1,7,2,80,16
2025,13.0,2025-06-06,Eric,Hipwood,Brisbane Lions,CHF,1,183,1,8,2,0,4,1,67,6
2025,13.0,2025-06-06,Reilly,O'Brien,Adelaide,RK,2,90,2,13,1,1,4,0,67,6
2025,13.0,2025-06-06,Jordan,Dawson,Adelaide,C,4,389,5,33,6,1,4,1,44,8
2025,13.0,2025-06-06,Jarrod,Berry,Brisbane Lions,WL,2,676,2,12,9,0,4,0,71,20
2025,13.0,2025-06-06,Hugh,McCluggage,Brisbane Lions,C,6,545,1,20,6,1,7,0,44,12
2025,13.0,2025-06-06,Darcy,Fogarty,Adelaide,FPR,5,171,0,5,3,0,2,1,55,6
2025,13.0,2025-06-06,Cam,Rayner,Brisbane Lions,FPL,11,392,0,8,2,0,7,0,47,8
2025,13.0,2025-06-06,Zac,Bailey,Brisbane Lions,WR,6,310,3,14,4,0,2,1,67,14
2025,13.0,2025-06-06,Isaac,Cumming,Adelaide,WL,0,230,2,16,6,1,4,0,46,5
2025,13.0,2025-06-06,Noah,Answerth,Brisbane Lions,HBFL,2,231,2,15,3,0,1,0,67,8
2025,13.0,2025-06-06,Mitchell,Hinge,Adelaide,INT,0,515,7,20,7,0,4,0,63,10
2025,13.0,2025-06-06,Darcy,Fort,Brisbane Lions,RK,8,181,3,9,1,2,8,0,75,9
2025,13.0,2025-06-06,Deven,Robertson,Brisbane Lions,SUB,2,73,1,4,0,0,0,1,50,2
2025,13.0,2025-06-06,Izak,Rankine,Adelaide,RR,5,322,2,24,2,0,12,0,56,10
2025,13.0,2025-06-06,Mark,Keane,Adelaide,CHB,0,208,9,8,4,0,4,0,67,6
2025,13.0,2025-06-06,Jack,Payne,Brisbane Lions,FB,2,287,10,7,3,0,1,0,89,16
2025,13.0,2025-06-06,Jordon,Butts,Adelaide,FB,0,124,3,6,0,0,0,0,100,4
2025,13.0,2025-06-06,Sam,Berry,Adelaide,INT,1,301,3,9,2,1,7,0,59,10
2025,13.0,2025-06-06,Riley,Thilthorpe,Adelaide,CHF,5,298,0,7,2,0,4,0,55,6
2025,13.0,2025-06-06,Josh,Worrell,Adelaide,BPL,2,516,10,11,4,0,4,0,78,14
2025,13.0,2025-06-06,Luke,Pedlar,Adelaide,INT,1,101,0,12,1,0,0,0,33,1
2025,13.0,2025-06-06,James,Peatling,Adelaide,HFFR,2,276,4,17,4,0,8,1,41,7
2025,13.0,2025-06-06,Jake,Soligo,Adelaide,R,0,265,4,35,1,1,8,1,63,12
2025,13.0,2025-06-06,Josh,Rachele,Adelaide,INT,5,189,2,9,2,0,2,1,70,7
2025,13.0,2025-06-06,Kai,Lohmann,Brisbane Lions,HFFR,4,217,1,12,1,0,4,2,36,4
2025,13.0,2025-06-06,Darcy,Wilmot,Brisbane Lions,HBFR,3,274,5,9,3,0,5,0,86,12
2025,13.0,2025-06-06,Will,Ashcroft,Brisbane Lions,INT,4,334,2,18,5,1,12,1,65,20
2025,13.0,2025-06-06,Max,Michalanney,Adelaide,HBFL,1,272,1,9,3,0,1,0,75,6
2025,13.0,2025-06-06,Jaspa,Fletcher,Brisbane Lions,INT,5,526,8,12,7,0,5,0,63,17
2025,13.0,2025-06-06,Daniel,Curtin,Adelaide,WR,4,287,4,19,4,0,4,1,71,10
2025,13.0,2025-06-06,Logan,Morris,Brisbane Lions,FF,3,186,0,5,4,0,3,0,58,7
2025,13.0,2025-06-06,Levi,Ashcroft,Brisbane Lions,INT,4,355,6,11,7,0,7,0,52,12
2025,13.0,2025-06-06,Ty,Gallop,Brisbane Lions,INT,1,95,1,8,2,0,4,0,67,4
2025,13.0,2025-06-07,Dion,Prestia,Richmond,C,7,219,6,21,2,2,6,1,91,19
2025,13.0,2025-06-07,Tom,Lynch,Richmond,FF,4,201,1,5,0,0,3,1,38,3
2025,13.0,2025-06-07,Harry,Cunningham,Sydney,INT,1,177,3,8,1,0,1,0,90,18
2025,13.0,2025-06-07,Taylor,Adams,Sydney,SUB,2,86,0,3,2,0,1,0,33,2
2025,13.0,2025-06-07,Dane,Rampe,Sydney,BPL,0,269,5,6,4,0,3,0,83,15
2025,13.0,2025-06-07,Nick,Vlastuin,Richmond,BPR,1,384,3,17,2,0,2,0,80,12
2025,13.0,2025-06-07,Brodie,Grundy,Sydney,RK,7,351,1,10,1,0,1,1,63,12
2025,13.0,2025-06-07,Jake,Lloyd,Sydney,WL,3,365,3,11,8,0,4,0,73,16
2025,13.0,2025-06-07,Kamdyn,McIntosh,Richmond,SUB,1,62,0,5,1,1,2,1,75,3
2025,13.0,2025-06-07,Isaac,Heeney,Sydney,RR,9,350,3,14,3,2,8,0,68,17
2025,13.0,2025-06-07,Toby,Nankervis,Richmond,RK,2,132,4,11,2,1,5,0,71,12
2025,13.0,2025-06-07,Callum,Mills,Sydney,WR,4,374,2,12,3,0,3,0,84,21
2025,13.0,2025-06-07,Jacob,Hopper,Richmond,R,5,338,1,6,4,1,4,0,64,14
2025,13.0,2025-06-07,Nathan,Broad,Richmond,HBFR,0,160,5,9,2,0,3,0,77,10
2025,13.0,2025-06-07,Aaron,Francis,Sydney,FPL,5,115,0,8,1,0,1,1,70,7
2025,13.0,2025-06-07,Tim,Taranto,Richmond,RR,5,316,2,16,2,2,7,0,68,17
2025,13.0,2025-06-07,Will,Hayward,Sydney,CHF,5,252,3,11,3,0,5,4,75,12
2025,13.0,2025-06-07,Lewis,Melican,Sydney,BPR,1,102,3,6,0,0,2,0,90,9
2025,13.0,2025-06-07,Tom,McCartin,Sydney,FB,5,258,8,1,1,0,2,0,95,18
2025,13.0,2025-06-07,Noah,Balta,Richmond,BPL,0,268,8,4,3,0,4,0,67,8
2025,13.0,2025-06-07,Nick,Blakey,Sydney,CHB,6,916,7,5,5,0,3,0,77,26
2025,13.0,2025-06-07,Justin,McInerney,Sydney,HFFR,4,270,1,21,3,2,3,1,78,18
2025,13.0,2025-06-07,Jack,Ross,Richmond,INT,2,83,2,18,2,0,4,0,67,4
2025,13.0,2025-06-07,James,Rowbottom,Sydney,R,3,59,6,25,2,2,7,2,80,12
2025,13.0,2025-06-07,Hayden,McLean,Sydney,FF,6,76,1,6,0,2,6,1,71,10
2025,13.0,2025-06-07,Chad,Warner,Sydney,C,7,338,0,14,5,0,5,1,64,14
2025,13.0,2025-06-07,Sam,Wicks,Sydney,HBFR,0,264,2,4,4,0,2,0,77,10
2025,13.0,2025-06-07,James,Jordon,Sydney,FPR,7,310,0,15,4,0,2,1,65,11
2025,13.0,2025-06-07,Braeden,Campbell,Sydney,HFFL,4,208,3,18,2,0,5,3,58,7
2025,13.0,2025-06-07,Rhyan,Mansell,Richmond,FPL,0,22,0,8,0,0,1,1,50,1
2025,13.0,2025-06-07,Hugo,Ralphsmith,Richmond,WL,2,263,3,14,3,0,3,0,58,7
2025,13.0,2025-06-07,Ben,Miller,Richmond,FB,3,213,8,13,2,0,2,0,86,12
2025,13.0,2025-06-07,Angus,Sheldrick,Sydney,INT,3,265,1,24,3,2,7,3,84,16
2025,13.0,2025-06-07,Tyler,Sonsie,Richmond,CHF,3,295,1,14,6,0,4,0,56,10
2025,13.0,2025-06-07,Corey,Warner,Sydney,INT,2,181,0,6,4,0,0,0,33,2
2025,13.0,2025-06-07,Sam,Banks,Richmond,CHB,2,422,2,6,5,0,3,0,86,18
2025,13.0,2025-06-07,Tom,Brown,Richmond,HBFL,1,396,7,7,4,0,1,0,77,13
2025,13.0,2025-06-07,Seth,Campbell,Richmond,HFFL,7,437,0,13,2,0,1,0,69,9
2025,13.0,2025-06-07,Kane,McAuliffe,Richmond,INT,2,243,2,16,5,0,3,1,68,13
2025,13.0,2025-06-07,Steely,Green,Richmond,HFFR,0,49,2,23,0,0,3,1,80,4
2025,13.0,2025-06-07,Kaleb,Smith,Richmond,INT,1,187,5,5,4,0,7,0,79,11
2025,13.0,2025-06-07,Tom,Hanily,Sydney,INT,0,13,1,4,0,0,1,1,100,2
2025,13.0,2025-06-07,Luke,Trainor,Richmond,WR,1,312,1,12,3,0,2,1,58,11
2025,13.0,2025-06-07,Riley,Bice,Sydney,HBFL,2,327,3,8,3,0,2,1,82,18
2025,13.0,2025-06-07,Jonty,Faull,Richmond,FPR,4,199,0,10,2,0,1,1,33,2
2025,13.0,2025-06-07,Thomas,Sims,Richmond,INT,2,29,0,5,0,0,2,0,0,0
2025,13.0,2025-06-07,Patrick,Dangerfield,Geelong,FPR,5,33,0,9,2,0,2,2,100,7
2025,13.0,2025-06-07,Mitch,Duncan,Geelong,SUB,2,387,1,5,3,0,1,0,65,11
2025,13.0,2025-06-07,Rhys,Stanley,Geelong,RK,4,113,2,5,3,2,5,1,30,3
2025,13.0,2025-06-07,David,Swallow,Gold Coast,INT,2,226,1,10,3,0,2,1,58,7
2025,13.0,2025-06-07,Jeremy,Cameron,Geelong,FF,2,153,0,7,4,0,1,3,67,4
2025,13.0,2025-06-07,Mark,Blicavs,Geelong,WL,5,172,3,15,4,0,3,1,70,14
2025,13.0,2025-06-07,Jarrod,Witts,Gold Coast,RK,3,98,1,11,2,0,4,0,50,5
2025,13.0,2025-06-07,Sean,Lemmens,Gold Coast,INT,1,178,5,5,2,0,4,0,80,8
2025,13.0,2025-06-07,Jack,Martin,Geelong,INT,1,106,3,5,1,0,1,0,100,12
2025,13.0,2025-06-07,Nick,Holman,Gold Coast,INT,1,51,2,17,1,0,5,1,75,6
2025,13.0,2025-06-07,Touk,Miller,Gold Coast,RR,1,419,2,12,7,1,8,0,70,14
2025,13.0,2025-06-07,Daniel,Rioli,Gold Coast,HBFR,0,230,2,11,4,0,3,0,63,10
2025,13.0,2025-06-07,Sam,Collins,Gold Coast,BPR,0,200,5,5,4,0,0,0,75,6
2025,13.0,2025-06-07,Brayden,Fiorini,Gold Coast,WR,1,384,6,26,5,0,8,0,64,16
2025,13.0,2025-06-07,Ben,Ainsworth,Gold Coast,SUB,0,-8,1,2,0,0,1,0,33,1
2025,13.0,2025-06-07,Tom,Stewart,Geelong,HBFR,2,540,8,4,6,0,3,0,83,19
2025,13.0,2025-06-07,Ben,Long,Gold Coast,FPL,4,206,0,14,0,0,1,2,63,5
2025,13.0,2025-06-07,Mark,O'Connor,Geelong,CHB,3,360,4,23,2,1,9,3,81,17
2025,13.0,2025-06-07,Zach,Guthrie,Geelong,HBFL,2,423,5,8,4,0,2,0,63,10
2025,13.0,2025-06-07,Tyson,Stengle,Geelong,FPL,5,241,2,14,1,0,3,1,64,7
2025,13.0,2025-06-07,Jack,Henry,Geelong,BPR,0,115,10,8,2,0,7,0,83,15
2025,13.0,2025-06-07,Wil,Powell,Gold Coast,CHB,2,487,8,13,5,0,7,0,65,13
2025,13.0,2025-06-07,Tom,Atkins,Geelong,RR,6,139,5,28,2,0,11,3,74,17
2025,13.0,2025-06-07,Gryan,Miers,Geelong,HFFL,6,460,2,10,3,0,2,0,69,18
2025,13.0,2025-06-07,Ben,King,Gold Coast,FPR,1,64,0,4,2,0,0,0,75,3
2025,13.0,2025-06-07,John,Noble,Gold Coast,HBFL,1,191,4,13,2,0,4,0,83,10
2025,13.0,2025-06-07,Noah,Anderson,Gold Coast,R,2,354,1,11,6,5,4,0,68,13
2025,13.0,2025-06-07,Matt,Rowell,Gold Coast,C,4,541,0,37,7,2,4,1,71,17
2025,13.0,2025-06-07,Brad,Close,Geelong,HFFR,4,411,2,20,3,0,4,1,59,10
2025,13.0,2025-06-07,Sam,Flanders,Gold Coast,CHF,1,55,0,13,2,0,0,2,71,5
2025,13.0,2025-06-07,Max,Holmes,Geelong,C,6,861,5,17,6,2,16,1,60,24
2025,13.0,2025-06-07,Sam,De Koning,Geelong,FB,0,171,5,1,1,0,5,0,69,9
2025,13.0,2025-06-07,Joel,Jeffrey,Gold Coast,INT,1,692,9,11,9,0,3,0,72,18
2025,13.0,2025-06-07,Oliver,Dempsey,Geelong,WR,2,181,1,10,1,0,1,2,64,9
2025,13.0,2025-06-07,Shannon,Neale,Geelong,INT,0,-12,1,4,0,0,1,3,100,3
2025,13.0,2025-06-07,Mac,Andrew,Gold Coast,FB,1,192,5,7,1,2,2,0,73,8
2025,13.0,2025-06-07,Bodhi,Uwland,Gold Coast,HFFL,0,258,6,13,3,0,5,0,82,9
2025,13.0,2025-06-07,Bailey,Humphrey,Gold Coast,HFFR,6,402,2,20,3,0,5,0,58,7
2025,13.0,2025-06-07,Oisin,Mullin,Geelong,R,0,111,2,14,2,0,4,1,63,5
2025,13.0,2025-06-07,Ted,Clohesy,Geelong,INT,1,238,1,23,5,0,5,2,53,8
2025,13.0,2025-06-07,Shaun,Mannagh,Geelong,CHF,6,385,1,16,5,0,6,2,52,12
2025,13.0,2025-06-07,Jed,Walter,Gold Coast,FF,2,102,1,11,2,0,1,1,57,4
2025,13.0,2025-06-07,Sam,Clohesy,Gold Coast,WL,2,298,6,17,1,0,4,0,83,10
2025,13.0,2025-06-07,Connor,O'Sullivan,Geelong,BPL,1,283,4,3,3,0,2,0,67,8
2025,13.0,2025-06-07,Lawson,Humphries,Geelong,INT,2,244,5,9,3,0,3,0,80,12
2025,13.0,2025-06-07,Leonardo,Lombard,Gold Coast,BPL,1,55,0,8,1,0,0,1,50,1
2025,13.0,2025-06-07,Travis,Boak,Port Adelaide,INT,1,332,4,11,4,0,5,3,77,17
2025,13.0,2025-06-07,Toby,Greene,Greater Western Sydney,FPR,1,91,0,6,1,1,2,1,33,1
2025,13.0,2025-06-07,Lachie,Whitfield,Greater Western Sydney,RR,4,408,4,7,5,1,5,1,75,18
2025,13.0,2025-06-07,Ollie,Wines,Port Adelaide,INT,3,369,4,13,4,0,7,0,61,14
2025,13.0,2025-06-07,Josh,Kelly,Greater Western Sydney,WR,5,409,2,13,5,0,3,1,59,10
2025,13.0,2025-06-07,Jesse,Hogan,Greater Western Sydney,FF,5,78,1,7,1,0,5,3,33,3
2025,13.0,2025-06-07,Darcy,Byrne-Jones,Port Adelaide,HFFL,5,186,1,9,1,0,2,1,56,5
2025,13.0,2025-06-07,Aliir,Aliir,Port Adelaide,CHB,1,272,8,3,3,0,2,0,79,11
2025,13.0,2025-06-07,Harry,Himmelberg,Greater Western Sydney,WL,2,188,8,7,0,0,2,0,100,16
2025,13.0,2025-06-07,Ryan,Burton,Port Adelaide,INT,3,431,3,6,2,0,3,0,75,12
2025,13.0,2025-06-07,Sam,Powell-Pepper,Port Adelaide,FPR,1,88,1,16,3,0,3,0,78,7
2025,13.0,2025-06-07,Jeremy,Finlayson,Port Adelaide,CHF,2,196,0,11,5,0,3,1,50,5
2025,13.0,2025-06-07,Esava,Ratugolea,Port Adelaide,FB,2,176,12,4,7,0,7,0,61,11
2025,13.0,2025-06-07,Willie,Rioli,Port Adelaide,FPL,4,91,2,14,0,0,3,1,67,4
2025,13.0,2025-06-07,Sam,Taylor,Greater Western Sydney,FB,1,215,16,5,1,0,7,0,90,17
2025,13.0,2025-06-07,Brent,Daniels,Greater Western Sydney,SUB,1,144,2,10,3,0,7,2,64,9
2025,13.0,2025-06-07,Kane,Farrell,Port Adelaide,HBFL,4,573,4,10,4,0,1,0,65,11
2025,13.0,2025-06-07,Zak,Butters,Port Adelaide,R,2,453,6,16,6,2,16,1,75,24
2025,13.0,2025-06-07,Willem,Drew,Port Adelaide,C,1,249,4,18,5,3,6,3,50,9
2025,13.0,2025-06-07,Connor,Rozee,Port Adelaide,RR,4,685,4,17,7,1,6,1,71,20
2025,13.0,2025-06-07,Connor,Idun,Greater Western Sydney,BPL,2,325,4,3,2,0,3,0,90,17
2025,13.0,2025-06-07,Brandon,Zerk-Thatcher,Port Adelaide,BPL,0,134,3,4,2,0,4,0,55,6
2025,13.0,2025-06-07,Tom,Green,Greater Western Sydney,R,5,515,4,16,3,2,10,2,77,24
2025,13.0,2025-06-07,Mitch,Georgiades,Port Adelaide,FF,4,97,5,9,4,0,2,0,50,4
2025,13.0,2025-06-07,Toby,Bedford,Greater Western Sydney,C,3,191,1,25,2,1,4,2,77,10
2025,13.0,2025-06-07,Lachie,Ash,Greater Western Sydney,HBFR,1,579,8,5,10,0,5,0,73,22
2025,13.0,2025-06-07,Xavier,O'Halloran,Greater Western Sydney,INT,2,271,0,16,3,1,5,0,50,7
2025,13.0,2025-06-07,Jake,Riccardi,Greater Western Sydney,INT,5,304,0,11,8,1,3,1,69,11
2025,13.0,2025-06-07,Jack,Buckley,Greater Western Sydney,CHB,1,390,11,4,2,0,5,0,88,21
2025,13.0,2025-06-07,Miles,Bergman,Port Adelaide,BPR,3,548,7,14,7,2,8,1,74,17
2025,13.0,2025-06-07,Callum,Brown,Greater Western Sydney,FPL,2,288,0,10,5,0,5,1,54,7
2025,13.0,2025-06-07,Jackson,Mead,Port Adelaide,WR,1,126,2,14,1,0,4,0,63,5
2025,13.0,2025-06-07,Josh,Sinn,Port Adelaide,HBFR,0,213,1,8,3,0,1,0,38,3
2025,13.0,2025-06-07,Jacob,Wehr,Greater Western Sydney,HBFL,0,242,4,14,5,0,5,1,36,5
2025,13.0,2025-06-07,Jase,Burgoyne,Port Adelaide,WL,0,292,5,10,3,0,7,0,57,12
2025,13.0,2025-06-07,Leek,Aleer,Greater Western Sydney,BPR,0,85,0,2,1,0,0,0,67,4
2025,13.0,2025-06-07,Aaron,Cadman,Greater Western Sydney,CHF,2,110,3,14,4,0,3,2,50,5
2025,13.0,2025-06-07,Dante,Visentini,Port Adelaide,RK,6,84,1,13,2,1,4,1,58,7
2025,13.0,2025-06-07,Toby,McMullin,Greater Western Sydney,INT,1,211,0,11,3,0,0,3,67,4
2025,13.0,2025-06-07,Harvey,Thomas,Greater Western Sydney,HFFL,4,130,3,19,1,0,2,1,78,7
2025,13.0,2025-06-07,Darcy,Jones,Greater Western Sydney,HFFR,2,157,1,12,3,0,1,3,56,5
2025,13.0,2025-06-07,Joe,Richards,Port Adelaide,INT,3,234,0,14,2,0,3,1,67,10
2025,13.0,2025-06-07,Joe,Fonti,Greater Western Sydney,INT,1,295,3,22,7,0,2,0,50,7
2025,13.0,2025-06-07,Christian,Moraes,Port Adelaide,SUB,1,41,0,2,0,0,0,0,100,1
2025,13.0,2025-06-07,Hugh,Jackson,Port Adelaide,HFFR,2,260,2,9,2,0,2,0,79,11
2025,13.0,2025-06-07,Nicholas,Madden,Greater Western Sydney,RK,1,133,2,16,4,2,3,0,73,11
2025,13.0,2025-06-08,Jack,Darling,North Melbourne,FF,1,20,1,10,4,0,4,0,80,8
2025,13.0,2025-06-08,Jamie,Cripps,West Coast,INT,6,196,0,19,4,0,4,3,50,6
2025,13.0,2025-06-08,Luke,Parker,North Melbourne,RR,4,251,3,10,2,1,7,1,77,17
2025,13.0,2025-06-08,Luke,McDonald,North Melbourne,HBFR,5,344,7,8,5,0,6,0,74,17
2025,13.0,2025-06-08,Liam,Duggan,West Coast,HBFL,4,567,8,12,4,0,6,0,70,16
2025,13.0,2025-06-08,Caleb,Daniel,North Melbourne,CHB,2,740,5,5,2,0,6,0,93,27
2025,13.0,2025-06-08,Jayden,Hunt,West Coast,WL,4,182,1,16,2,0,2,0,83,10
2025,13.0,2025-06-08,Tom,Cole,West Coast,INT,3,236,5,4,0,0,2,0,82,9
2025,13.0,2025-06-08,Jy,Simpkin,North Melbourne,WR,5,466,2,12,3,0,7,0,65,15
2025,13.0,2025-06-08,Griffin,Logue,North Melbourne,BPR,2,187,7,5,1,0,2,0,89,8
2025,13.0,2025-06-08,Zac,Fisher,North Melbourne,INT,4,123,3,14,4,0,7,0,57,8
2025,13.0,2025-06-08,Cameron,Zurhaar,North Melbourne,FPR,5,215,0,4,2,0,2,1,70,7
2025,13.0,2025-06-08,Nick,Larkey,North Melbourne,CHF,3,29,1,9,2,0,4,1,100,11
2025,13.0,2025-06-08,Jack,Graham,West Coast,HFFL,6,426,4,22,5,1,5,2,68,15
2025,13.0,2025-06-08,Luke,Davies-Uniacke,North Melbourne,C,4,180,2,18,4,1,8,0,78,14
2025,13.0,2025-06-08,Tim,Kelly,West Coast,R,4,244,3,16,4,0,5,0,67,8
2025,13.0,2025-06-08,Liam,Ryan,West Coast,FPR,5,242,1,13,3,0,3,1,56,5
2025,13.0,2025-06-08,Oscar,Allen,West Coast,FF,5,73,0,10,2,0,4,2,43,3
2025,13.0,2025-06-08,Liam,Baker,West Coast,HBFR,7,253,11,16,5,1,11,0,80,16
2025,13.0,2025-06-08,Tristan,Xerri,North Melbourne,RK,3,221,1,11,5,4,11,0,59,13
2025,13.0,2025-06-08,Dylan,Stephens,North Melbourne,WL,2,369,2,14,3,1,4,0,58,11
2025,13.0,2025-06-08,Harry,Edwards,West Coast,FB,1,256,13,10,1,0,3,0,83,10
2025,13.0,2025-06-08,Tyler,Brockman,West Coast,HFFR,5,90,1,22,0,1,8,5,53,9
2025,13.0,2025-06-08,Tom,Powell,North Melbourne,HFFL,3,451,2,13,9,0,3,0,67,20
2025,13.0,2025-06-08,Matt,Flynn,West Coast,RK,2,247,1,16,3,0,2,3,67,8
2025,13.0,2025-06-08,Charlie,Comben,North Melbourne,BPL,0,51,2,1,1,0,0,0,100,6
2025,13.0,2025-06-08,Brady,Hough,West Coast,RR,5,264,3,28,2,1,5,2,71,12
2025,13.0,2025-06-08,Jack,Williams,West Coast,CHF,4,190,0,3,2,0,1,1,67,6
2025,13.0,2025-06-08,Paul,Curtis,North Melbourne,FPL,4,174,0,10,2,0,2,1,88,7
2025,13.0,2025-06-08,Harry,Sheezel,North Melbourne,R,6,248,2,17,2,0,6,1,79,22
2025,13.0,2025-06-08,Reuben,Ginbey,West Coast,BPL,0,314,5,10,5,0,2,0,91,10
2025,13.0,2025-06-08,Elijah,Hewett,West Coast,INT,3,283,1,15,3,3,10,1,59,13
2025,13.0,2025-06-08,George,Wardlaw,North Melbourne,INT,1,206,0,20,1,0,1,0,44,4
2025,13.0,2025-06-08,Ryan,Maric,West Coast,BPR,3,429,3,15,4,0,4,0,72,13
2025,13.0,2025-06-08,Robert,Hansen Jr,North Melbourne,SUB,1,112,0,5,2,0,1,0,75,3
2025,13.0,2025-06-08,Colby,McKercher,North Melbourne,INT,5,613,3,6,4,1,8,0,89,31
2025,13.0,2025-06-08,Toby,Pink,North Melbourne,FB,0,253,7,4,1,0,1,0,80,8
2025,13.0,2025-06-08,Harley,Reid,West Coast,C,7,279,2,22,3,1,4,1,79,15
2025,13.0,2025-06-08,Riley,Hardeman,North Melbourne,HBFL,0,236,4,6,5,0,3,0,80,8
2025,13.0,2025-06-08,Tyrell,Dewar,West Coast,FPL,2,633,4,5,3,0,1,0,91,19
2025,13.0,2025-06-08,Jack,Hutchinson,West Coast,WR,5,309,2,15,2,0,5,0,25,3
2025,13.0,2025-06-08,Jacob,Konstanty,North Melbourne,INT,3,156,2,18,6,0,6,0,40,4
2025,13.0,2025-06-08,Finn,O'Sullivan,North Melbourne,HFFR,2,443,3,18,5,0,3,1,77,13
2025,13.0,2025-06-08,Archer,Reid,West Coast,INT,2,27,0,6,1,0,2,2,25,1
2025,13.0,2025-06-08,Sandy,Brock,West Coast,CHB,1,49,7,10,1,0,5,0,90,9
2025,13.0,2025-06-08,Bo,Allan,West Coast,SUB,0,0,0,3,0,0,0,0,0,0
2025,13.0,2025-06-08,Todd,Goldstein,Essendon,RK,3,15,0,13,0,2,2,0,89,8
2025,13.0,2025-06-08,Nick,Haynes,Carlton,CHB,2,543,7,6,4,0,3,0,77,13
2025,13.0,2025-06-08,Sam,Docherty,Carlton,INT,4,467,6,13,1,1,4,0,77,20
2025,13.0,2025-06-08,Zac,Williams,Carlton,FPR,8,336,1,12,3,0,3,1,53,8
2025,13.0,2025-06-08,Zach,Merrett,Essendon,C,1,143,3,23,1,0,4,1,64,9
2025,13.0,2025-06-08,Patrick,Cripps,Carlton,C,4,170,1,19,1,2,3,3,53,8
2025,13.0,2025-06-08,Blake,Acres,Carlton,WR,7,456,5,13,9,0,7,0,66,19
2025,13.0,2025-06-08,Orazio,Fantasia,Carlton,INT,2,82,2,21,1,0,4,1,100,5
2025,13.0,2025-06-08,Adam,Saad,Carlton,HBFL,2,250,7,13,5,0,6,0,63,10
2025,13.0,2025-06-08,Peter,Wright,Essendon,FF,3,178,1,6,2,0,1,0,80,8
2025,13.0,2025-06-08,Jayden,Laverde,Essendon,FB,2,268,2,6,3,0,1,0,60,6
2025,13.0,2025-06-08,Jacob,Weitering,Carlton,FB,1,127,4,3,0,0,0,0,100,8
2025,13.0,2025-06-08,Darcy,Parish,Essendon,INT,4,397,3,24,9,3,11,0,58,18
2025,13.0,2025-06-08,Mitch,McGovern,Carlton,FPL,8,297,3,7,1,0,2,0,64,7
2025,13.0,2025-06-08,George,Hewett,Carlton,INT,8,440,3,28,4,0,6,1,66,19
2025,13.0,2025-06-08,Jade,Gresham,Essendon,HBFL,5,316,2,11,4,0,6,2,68,13
2025,13.0,2025-06-08,Charlie,Curnow,Carlton,CHF,6,254,1,7,2,0,1,1,54,7
2025,13.0,2025-06-08,Jack,Silvagni,Carlton,BPL,2,145,10,4,3,0,5,0,71,12
2025,13.0,2025-06-08,Andrew,McGrath,Essendon,BPL,3,373,10,10,7,0,6,0,87,20
2025,13.0,2025-06-08,Will,Setterfield,Essendon,FPR,2,342,2,24,3,1,6,0,82,14
2025,13.0,2025-06-08,Lachie,Fogarty,Carlton,HFFR,1,59,3,11,2,0,7,0,80,8
2025,13.0,2025-06-08,Adam,Cerra,Carlton,RR,6,433,4,19,6,5,11,0,67,16
2025,13.0,2025-06-08,Matt,Guelfi,Essendon,WL,5,78,1,15,1,0,4,2,67,6
2025,13.0,2025-06-08,Tom,De Koning,Carlton,RK,10,196,4,12,5,1,2,1,65,15
2025,13.0,2025-06-08,Sam,Walsh,Carlton,R,7,406,5,20,5,2,10,0,72,23
2025,13.0,2025-06-08,Xavier,Duursma,Essendon,INT,4,258,5,12,3,0,4,0,70,14
2025,13.0,2025-06-08,Jye,Caldwell,Essendon,RR,2,544,5,25,10,0,12,0,54,14
2025,13.0,2025-06-08,Jaxon,Prior,Essendon,HBFR,1,271,3,3,1,0,2,0,77,10
2025,13.0,2025-06-08,Archie,Perkins,Essendon,HFFL,1,269,2,6,5,0,2,1,55,6
2025,13.0,2025-06-08,Sam,Durham,Essendon,R,4,490,6,16,8,2,10,0,70,19
2025,13.0,2025-06-08,Nic,Martin,Essendon,HFFR,5,543,9,8,6,0,5,0,75,24
2025,13.0,2025-06-08,Ben,Hobbs,Essendon,FPL,2,149,0,20,2,1,4,1,75,6
2025,13.0,2025-06-08,Jesse,Motlop,Carlton,INT,7,199,1,14,4,0,2,1,67,8
2025,13.0,2025-06-08,Oliver,Hollands,Carlton,BPR,7,411,6,20,4,0,6,0,78,18
2025,13.0,2025-06-08,Alex,Cincotta,Carlton,HBFR,1,-11,0,11,2,0,1,0,100,3
2025,13.0,2025-06-08,Nate,Caddy,Essendon,CHF,2,245,2,9,2,0,3,1,70,7
2025,13.0,2025-06-08,Archie,Roberts,Essendon,BPR,2,213,5,7,5,0,2,0,71,10
2025,13.0,2025-06-08,Cooper,Lord,Carlton,WL,4,281,5,15,6,0,6,0,62,13
2025,13.0,2025-06-08,Isaac,Kako,Essendon,INT,1,38,3,16,2,0,7,0,70,7
2025,13.0,2025-06-08,Will,White,Carlton,SUB,0,1,3,6,3,0,2,0,25,1
2025,13.0,2025-06-08,Matthew,Carroll,Carlton,HFFL,0,218,4,9,5,0,3,0,55,6
2025,13.0,2025-06-08,Archer,Day-Wicks,Essendon,SUB,2,131,0,2,2,0,1,1,83,5
2025,13.0,2025-06-08,Angus,Clarke,Essendon,WR,4,284,5,2,3,0,3,0,71,10
2025,13.0,2025-06-08,Zak,Johnson,Essendon,INT,4,374,7,7,3,0,3,0,83,15
2025,13.0,2025-06-08,Hudson,O'Keeffe,Carlton,FF,3,88,1,8,0,0,0,1,43,3
2025,13.0,2025-06-08,Luamon,Lual,Essendon,CHB,2,111,0,17,3,0,1,1,55,6
2025,13.0,2025-06-09,Scott,Pendlebury,Collingwood,C,6,316,2,16,1,1,7,0,90,26
2025,13.0,2025-06-09,Steele,Sidebottom,Collingwood,WR,2,425,6,15,6,0,5,0,84,21
2025,13.0,2025-06-09,Jake,Melksham,Melbourne,FPL,4,265,0,4,3,0,2,1,50,4
2025,13.0,2025-06-09,Steven,May,Melbourne,FB,1,386,9,2,3,0,2,0,81,13
2025,13.0,2025-06-09,Max,Gawn,Melbourne,RK,4,374,5,3,6,3,5,1,55,11
2025,13.0,2025-06-09,Jeremy,Howe,Collingwood,FB,1,582,14,11,6,0,7,0,77,20
2025,13.0,2025-06-09,Will,Hoskin-Elliott,Collingwood,SUB,2,48,3,2,1,0,0,0,80,4
2025,13.0,2025-06-09,Jack,Crisp,Collingwood,WL,2,412,3,21,3,0,8,0,81,17
2025,13.0,2025-06-09,Jamie,Elliott,Collingwood,FPL,2,58,1,2,0,0,2,0,100,7
2025,13.0,2025-06-09,Christian,Salem,Melbourne,BPR,2,197,3,8,0,0,3,0,93,14
2025,13.0,2025-06-09,Daniel,McStay,Collingwood,INT,2,124,0,13,2,0,1,1,83,5
2025,13.0,2025-06-09,Tim,Membrey,Collingwood,CHF,3,115,0,5,1,0,3,0,92,12
2025,13.0,2025-06-09,Jake,Lever,Melbourne,CHB,1,61,6,8,1,0,3,0,78,7
2025,13.0,2025-06-09,Darcy,Moore,Collingwood,CHB,0,135,4,3,2,0,1,0,80,8
2025,13.0,2025-06-09,Ed,Langdon,Melbourne,HFFL,0,-5,2,12,0,0,1,2,100,4
2025,13.0,2025-06-09,Clayton,Oliver,Melbourne,RR,6,419,2,23,4,4,8,2,57,17
2025,13.0,2025-06-09,Christian,Petracca,Melbourne,C,5,305,7,14,5,4,13,2,63,17
2025,13.0,2025-06-09,Dan,Houston,Collingwood,BPR,2,323,2,13,2,2,6,0,83,15
2025,13.0,2025-06-09,Harry,Perryman,Collingwood,HBFL,1,436,9,8,3,0,3,0,63,12
2025,13.0,2025-06-09,Josh,Daicos,Collingwood,INT,7,545,8,8,4,1,6,0,85,29
2025,13.0,2025-06-09,Bayley,Fritsch,Melbourne,HFFR,7,244,1,7,3,0,5,0,71,12
2025,13.0,2025-06-09,Brody,Mihocek,Collingwood,FF,2,127,1,10,2,0,1,0,50,3
2025,13.0,2025-06-09,Harrison,Petty,Melbourne,FF,4,183,0,9,4,0,3,0,56,5
2025,13.0,2025-06-09,Darcy,Cameron,Collingwood,RK,3,100,6,12,4,0,2,0,75,12
2025,13.0,2025-06-09,Billy,Frampton,Collingwood,BPL,2,47,5,4,1,0,0,0,87,13
2025,13.0,2025-06-09,Tom,Sparrow,Melbourne,R,3,274,5,20,8,1,7,0,53,8
2025,13.0,2025-06-09,Isaac,Quaynor,Collingwood,HBFR,1,517,5,11,6,0,2,0,76,19
2025,13.0,2025-06-09,Bobby,Hill,Collingwood,HFFL,4,228,0,10,2,0,2,2,40,4
2025,13.0,2025-06-09,Kade,Chandler,Melbourne,WL,3,240,1,13,3,0,3,1,43,6
2025,13.0,2025-06-09,Kysaiah,Pickett,Melbourne,FPR,6,343,2,21,3,2,3,0,67,10
2025,13.0,2025-06-09,Trent,Rivers,Melbourne,INT,4,562,5,15,7,1,7,1,50,11
2025,13.0,2025-06-09,Beau,McCreery,Collingwood,HFFR,4,396,1,20,4,1,2,2,77,10
2025,13.0,2025-06-09,Jake,Bowey,Melbourne,BPL,2,419,4,11,5,1,5,0,73,16
2025,13.0,2025-06-09,Nick,Daicos,Collingwood,R,4,431,1,15,4,2,4,1,63,12
2025,13.0,2025-06-09,Daniel,Turner,Melbourne,HBFR,2,370,8,8,3,0,3,0,75,9
2025,13.0,2025-06-09,Ned,Long,Collingwood,RR,5,186,2,26,5,0,5,0,62,13
2025,13.0,2025-06-09,Judd,McVee,Melbourne,HBFL,0,101,3,6,3,0,1,0,73,8
2025,13.0,2025-06-09,Jacob,van Rooyen,Melbourne,INT,2,115,0,6,2,0,3,2,75,6
2025,13.0,2025-06-09,Blake,Howes,Melbourne,INT,2,34,3,8,0,0,4,0,100,11
2025,13.0,2025-06-09,Caleb,Windsor,Melbourne,SUB,0,128,0,4,2,0,2,0,83,5
2025,13.0,2025-06-09,Koltyn,Tholstrup,Melbourne,INT,3,332,2,10,2,0,1,2,67,6
2025,13.0,2025-06-09,Lachlan,Sullivan,Collingwood,FPR,3,124,0,10,3,0,1,1,67,6
2025,13.0,2025-06-09,Edward,Allan,Collingwood,INT,1,151,2,11,7,0,2,0,55,6
2025,13.0,2025-06-09,Harvey,Langford,Melbourne,CHF,2,444,4,13,7,0,5,0,63,12
2025,13.0,2025-06-09,Xavier,Lindsay,Melbourne,WR,0,233,1,8,2,0,1,0,75,6
2025,13.0,2025-06-09,William,Hayes,Collingwood,INT,2,297,1,8,4,0,0,0,89,8
2025,14.0,2025-06-12,Tom,Liberatore,Western Bulldogs,R,6,355,2,23,4,3,4,0,76,22
2025,14.0,2025-06-12,Adam,Treloar,Western Bulldogs,HBFL,8,256,2,10,0,0,6,0,82,23
2025,14.0,2025-06-12,Bradley,Hill,St Kilda,HFFR,4,503,1,18,5,0,2,0,75,12
2025,14.0,2025-06-12,Jack,Macrae,St Kilda,C,7,201,1,16,2,2,6,0,82,18
2025,14.0,2025-06-12,Jimmy,Webster,St Kilda,BPR,2,206,0,12,1,0,0,0,83,10
2025,14.0,2025-06-12,Marcus,Bontempelli,Western Bulldogs,RR,5,349,2,14,2,2,3,1,79,11
2025,14.0,2025-06-12,Rory,Lobb,Western Bulldogs,CHB,1,421,6,3,5,0,0,0,71,12
2025,14.0,2025-06-12,Zak,Jones,St Kilda,INT,1,121,2,6,3,1,3,0,71,5
2025,14.0,2025-06-12,Mason,Wood,St Kilda,WL,7,292,7,16,1,0,4,0,81,13
2025,14.0,2025-06-12,Jack,Sinclair,St Kilda,HBFR,9,622,5,15,2,1,4,0,70,21
2025,14.0,2025-06-12,Bailey,Dale,Western Bulldogs,HBFR,6,628,8,8,3,1,4,0,89,32
2025,14.0,2025-06-12,Jack,Steele,St Kilda,R,4,430,0,26,4,3,7,1,77,17
2025,14.0,2025-06-12,Bailey,Williams,Western Bulldogs,BPR,5,696,6,5,4,0,2,0,78,21
2025,14.0,2025-06-12,Matthew,Kennedy,Western Bulldogs,HFFR,8,371,4,20,5,2,4,1,72,21
2025,14.0,2025-06-12,Dan,Butler,St Kilda,INT,2,33,0,9,1,0,1,0,75,3
2025,14.0,2025-06-12,Tim,English,Western Bulldogs,RK,5,125,0,18,3,2,1,1,67,12
2025,14.0,2025-06-12,Rowan,Marshall,St Kilda,RK,3,277,3,12,6,3,1,0,39,9
2025,14.0,2025-06-12,Hunter,Clark,St Kilda,RR,4,227,1,21,4,1,5,0,71,10
2025,14.0,2025-06-12,Aaron,Naughton,Western Bulldogs,CHF,7,130,0,10,1,1,4,1,88,7
2025,14.0,2025-06-12,Ed,Richards,Western Bulldogs,C,11,521,1,21,2,1,9,1,72,18
2025,14.0,2025-06-12,Jack,Higgins,St Kilda,HFFL,5,158,1,17,1,0,4,0,63,5
2025,14.0,2025-06-12,Callum,Wilkie,St Kilda,FB,4,228,7,5,2,0,2,0,81,17
2025,14.0,2025-06-12,Liam,Stocker,St Kilda,HBFL,1,163,6,9,4,0,2,0,64,9
2025,14.0,2025-06-12,Rhylee,West,Western Bulldogs,FPR,8,251,0,16,3,0,6,3,81,13
2025,14.0,2025-06-12,Laitham,Vandermeer,Western Bulldogs,FPL,4,159,3,9,2,0,5,2,83,10
2025,14.0,2025-06-12,Ryan,Byrnes,St Kilda,CHF,2,216,4,16,3,0,4,0,56,10
2025,14.0,2025-06-12,Lachlan,McNeil,Western Bulldogs,INT,4,259,2,14,5,0,2,2,73,11
2025,14.0,2025-06-12,Buku,Khamis,Western Bulldogs,INT,2,88,1,2,0,0,0,1,100,4
2025,14.0,2025-06-12,Lachlan,Bramble,Western Bulldogs,INT,6,187,4,6,0,0,2,0,88,15
2025,14.0,2025-06-12,Cooper,Sharman,St Kilda,FPL,8,197,0,13,1,0,1,1,58,7
2025,14.0,2025-06-12,Mitch,Owens,St Kilda,FPR,3,207,1,8,2,0,2,1,44,4
2025,14.0,2025-06-12,Nasiah,Wanganeen-Milera,St Kilda,CHB,7,604,7,10,10,1,6,0,68,21
2025,14.0,2025-06-12,Marcus,Windhager,St Kilda,WR,4,83,2,12,2,2,4,1,69,11
2025,14.0,2025-06-12,Jack,Carroll,St Kilda,SUB,2,131,0,9,1,1,5,0,80,4
2025,14.0,2025-06-12,Luke,Cleary,Western Bulldogs,BPL,3,125,3,7,2,0,2,0,64,7
2025,14.0,2025-06-12,Sam,Darcy,Western Bulldogs,FF,9,304,2,17,5,1,4,2,68,13
2025,14.0,2025-06-12,Anthony,Caminiti,St Kilda,FF,4,2,7,9,1,0,3,1,92,12
2025,14.0,2025-06-12,James,O'Donnell,Western Bulldogs,FB,1,80,5,3,3,0,3,0,50,4
2025,14.0,2025-06-12,Ryley,Sanders,Western Bulldogs,HFFL,6,363,1,15,1,0,1,1,91,19
2025,14.0,2025-06-12,Joel,Freijah,Western Bulldogs,WR,6,265,4,10,1,0,6,0,100,21
2025,14.0,2025-06-12,Sam,Davidson,Western Bulldogs,WL,10,433,2,13,2,0,2,0,84,16
2025,14.0,2025-06-12,Josh,Dolan,Western Bulldogs,INT,4,74,0,16,4,0,5,1,58,7
2025,14.0,2025-06-12,Max,Hall,St Kilda,INT,1,188,0,15,1,0,2,0,78,7
2025,14.0,2025-06-12,Isaac,Keeler,St Kilda,BPL,6,79,2,8,1,0,1,0,89,8
2025,14.0,2025-06-12,Tobie,Travaglia,St Kilda,INT,1,170,2,5,0,0,1,0,90,9
2025,14.0,2025-06-12,Cooper,Hynes,Western Bulldogs,SUB,1,58,0,4,1,0,0,0,50,1
2025,14.0,2025-06-13,Taylor,Walker,Adelaide,FF,4,346,1,12,7,0,4,2,42,5
2025,14.0,2025-06-13,Jack,Gunston,Hawthorn,HFFL,8,283,1,8,3,0,2,0,58,7
2025,14.0,2025-06-13,Brodie,Smith,Adelaide,SUB,0,22,0,6,0,0,1,1,100,4
2025,14.0,2025-06-13,Rory,Laird,Adelaide,HBFR,2,389,9,14,4,0,8,0,68,15
2025,14.0,2025-06-13,Jarman,Impey,Hawthorn,HBFL,4,756,10,13,3,1,4,0,79,22
2025,14.0,2025-06-13,Karl,Amon,Hawthorn,BPR,1,509,3,10,4,0,4,1,59,10
2025,14.0,2025-06-13,Alex,Neal-Bullen,Adelaide,INT,0,172,4,12,2,0,4,1,46,5
2025,14.0,2025-06-13,Tom,Barrass,Hawthorn,FB,2,59,7,7,1,0,2,0,88,7
2025,14.0,2025-06-13,Wayne,Milera,Adelaide,INT,1,463,2,8,3,0,3,0,75,12
2025,14.0,2025-06-13,Ben,Keays,Adelaide,HFFL,5,288,3,28,4,0,6,1,72,13
2025,14.0,2025-06-13,Blake,Hardwick,Hawthorn,HBFR,3,438,8,11,8,0,3,0,71,12
2025,14.0,2025-06-13,Reilly,O'Brien,Adelaide,RK,5,191,4,13,3,2,1,1,67,10
2025,14.0,2025-06-13,Mabior,Chol,Hawthorn,FF,4,180,2,11,4,0,4,1,25,3
2025,14.0,2025-06-13,Jordan,Dawson,Adelaide,C,6,513,6,18,5,1,7,2,50,12
2025,14.0,2025-06-13,Josh,Battle,Hawthorn,BPL,2,215,6,10,4,0,3,0,60,9
2025,14.0,2025-06-13,Harry,Morrison,Hawthorn,WR,4,297,3,10,2,0,5,2,58,7
2025,14.0,2025-06-13,Darcy,Fogarty,Adelaide,FPR,1,224,0,11,4,0,1,1,33,3
2025,14.0,2025-06-13,Lachlan,Murphy,Adelaide,HFFR,4,147,2,13,3,0,5,4,46,5
2025,14.0,2025-06-13,Isaac,Cumming,Adelaide,WL,3,406,2,9,4,0,7,0,68,13
2025,14.0,2025-06-13,Conor,Nash,Hawthorn,C,1,94,0,18,1,2,7,0,80,8
2025,14.0,2025-06-13,Dylan,Moore,Hawthorn,CHF,5,428,3,21,3,0,6,2,78,18
2025,14.0,2025-06-13,Mitchell,Hinge,Adelaide,BPR,1,254,7,14,5,0,3,0,47,7
2025,14.0,2025-06-13,Changkuoth,Jiath,Hawthorn,SUB,2,338,3,6,6,0,2,0,54,7
2025,14.0,2025-06-13,Izak,Rankine,Adelaide,RR,5,426,3,12,4,1,11,0,52,12
2025,14.0,2025-06-13,Mark,Keane,Adelaide,CHB,2,355,9,3,5,0,2,0,60,9
2025,14.0,2025-06-13,Jordon,Butts,Adelaide,FB,1,180,10,3,2,0,2,0,100,9
2025,14.0,2025-06-13,Lloyd,Meek,Hawthorn,RK,3,286,2,10,5,0,5,0,47,7
2025,14.0,2025-06-13,Sam,Berry,Adelaide,R,5,306,1,17,2,2,6,2,67,10
2025,14.0,2025-06-13,Riley,Thilthorpe,Adelaide,CHF,5,236,0,18,2,0,4,2,36,4
2025,14.0,2025-06-13,Jai,Newcombe,Hawthorn,RR,2,148,0,20,5,0,4,2,60,9
2025,14.0,2025-06-13,Josh,Worrell,Adelaide,BPL,2,386,7,4,3,0,5,0,77,13
2025,14.0,2025-06-13,Luke,Pedlar,Adelaide,INT,2,180,0,12,0,1,1,1,80,4
2025,14.0,2025-06-13,Jack,Ginnivan,Hawthorn,FPR,3,219,2,12,0,0,4,1,75,9
2025,14.0,2025-06-13,Connor,Macdonald,Hawthorn,INT,6,218,1,18,2,0,8,5,57,8
2025,14.0,2025-06-13,Josh,Ward,Hawthorn,R,1,308,5,10,1,0,7,0,75,15
2025,14.0,2025-06-13,Jake,Soligo,Adelaide,INT,2,320,1,25,5,1,8,1,62,13
2025,14.0,2025-06-13,Josh,Rachele,Adelaide,FPL,3,205,1,12,6,1,5,1,53,9
2025,14.0,2025-06-13,Sam,Butler,Hawthorn,INT,3,350,3,15,6,0,5,0,45,9
2025,14.0,2025-06-13,Massimo,D'Ambrosio,Hawthorn,WL,2,395,3,11,5,0,8,1,53,10
2025,14.0,2025-06-13,Max,Michalanney,Adelaide,HBFL,1,268,4,11,4,0,4,0,60,9
2025,14.0,2025-06-13,Seamus,Mitchell,Hawthorn,INT,1,134,3,8,4,0,3,0,50,3
2025,14.0,2025-06-13,Josh,Weddle,Hawthorn,CHB,4,683,7,10,8,1,6,0,70,16
2025,14.0,2025-06-13,Max,Ramsden,Hawthorn,FPL,1,100,2,11,4,0,3,2,40,4
2025,14.0,2025-06-13,Henry,Hustwaite,Hawthorn,INT,0,126,1,7,2,0,1,0,25,1
2025,14.0,2025-06-13,Nick,Watson,Hawthorn,HFFR,5,61,5,13,2,1,4,0,70,7
2025,14.0,2025-06-13,Daniel,Curtin,Adelaide,WR,1,293,7,12,3,0,1,1,69,9
2025,14.0,2025-06-14,Ryan,Lester,Brisbane Lions,BPR,3,81,5,9,3,0,4,0,75,9
2025,14.0,2025-06-14,Sam,Day,Brisbane Lions,FF,3,212,0,6,2,1,3,1,75,9
2025,14.0,2025-06-14,Lachie,Neale,Brisbane Lions,R,9,432,3,14,4,2,7,0,72,18
2025,14.0,2025-06-14,Dayne,Zorko,Brisbane Lions,BPL,5,611,11,18,6,0,5,0,77,20
2025,14.0,2025-06-14,Lachie,Whitfield,Greater Western Sydney,HBFL,6,650,4,7,5,0,4,0,88,29
2025,14.0,2025-06-14,Josh,Kelly,Greater Western Sydney,WR,4,329,4,8,3,0,2,0,91,21
2025,14.0,2025-06-14,Charlie,Cameron,Brisbane Lions,HFFL,1,56,0,17,0,0,0,0,80,4
2025,14.0,2025-06-14,Jesse,Hogan,Greater Western Sydney,FF,10,422,1,1,2,0,1,0,88,14
2025,14.0,2025-06-14,Harris,Andrews,Brisbane Lions,CHB,3,47,7,1,0,0,2,0,90,9
2025,14.0,2025-06-14,Callum,Ah Chee,Brisbane Lions,FPR,7,372,1,9,1,0,3,0,47,7
2025,14.0,2025-06-14,Josh,Dunkley,Brisbane Lions,RR,5,202,2,11,4,1,7,1,53,10
2025,14.0,2025-06-14,Eric,Hipwood,Brisbane Lions,CHF,1,350,4,4,6,0,1,0,69,9
2025,14.0,2025-06-14,Harry,Himmelberg,Greater Western Sydney,WL,4,270,3,9,1,0,1,0,82,9
2025,14.0,2025-06-14,Jarrod,Berry,Brisbane Lions,WR,7,327,1,12,3,1,3,0,65,13
2025,14.0,2025-06-14,Hugh,McCluggage,Brisbane Lions,C,10,439,1,14,3,1,5,0,72,18
2025,14.0,2025-06-14,Cam,Rayner,Brisbane Lions,FPL,8,507,2,8,4,1,4,1,75,15
2025,14.0,2025-06-14,Zac,Bailey,Brisbane Lions,HFFR,4,200,1,9,1,0,3,1,62,8
2025,14.0,2025-06-14,Sam,Taylor,Greater Western Sydney,FB,6,140,8,11,0,0,3,0,92,12
2025,14.0,2025-06-14,Brent,Daniels,Greater Western Sydney,HFFL,1,14,1,3,0,0,2,0,67,2
2025,14.0,2025-06-14,Brandon,Starcevich,Brisbane Lions,HBFR,2,227,1,13,2,0,3,0,80,8
2025,14.0,2025-06-14,Noah,Answerth,Brisbane Lions,HBFL,3,170,5,12,1,0,3,0,77,10
2025,14.0,2025-06-14,Darcy,Fort,Brisbane Lions,RK,10,152,3,10,2,1,1,1,67,8
2025,14.0,2025-06-14,Connor,Idun,Greater Western Sydney,BPL,5,299,6,2,6,0,4,0,83,19
2025,14.0,2025-06-14,Tom,Green,Greater Western Sydney,R,9,484,1,11,5,7,10,0,73,19
2025,14.0,2025-06-14,Toby,Bedford,Greater Western Sydney,C,3,134,0,17,2,0,3,1,70,7
2025,14.0,2025-06-14,Lachie,Ash,Greater Western Sydney,HBFR,2,625,8,12,10,1,8,0,74,23
2025,14.0,2025-06-14,Jack,Payne,Brisbane Lions,FB,0,64,1,2,0,0,0,0,0,0
2025,14.0,2025-06-14,Xavier,O'Halloran,Greater Western Sydney,FPL,5,367,1,12,3,2,2,0,57,8
2025,14.0,2025-06-14,Jake,Riccardi,Greater Western Sydney,INT,3,149,0,7,1,0,2,2,67,6
2025,14.0,2025-06-14,Jack,Buckley,Greater Western Sydney,CHB,3,31,4,6,0,0,2,0,86,6
2025,14.0,2025-06-14,Callum,Brown,Greater Western Sydney,INT,5,250,0,11,0,0,3,0,82,9
2025,14.0,2025-06-14,Kai,Lohmann,Brisbane Lions,SUB,2,117,1,8,3,0,2,0,50,3
2025,14.0,2025-06-14,Finn,Callaghan,Greater Western Sydney,RR,6,585,2,11,4,3,7,0,84,27
2025,14.0,2025-06-14,Leek,Aleer,Greater Western Sydney,INT,1,109,2,7,1,0,1,0,89,8
2025,14.0,2025-06-14,Darcy,Wilmot,Brisbane Lions,INT,8,389,3,9,0,0,2,0,89,16
2025,14.0,2025-06-14,Will,Ashcroft,Brisbane Lions,INT,7,298,1,12,1,2,5,0,77,17
2025,14.0,2025-06-14,Harry,Rowston,Greater Western Sydney,INT,4,315,1,17,2,2,4,0,72,13
2025,14.0,2025-06-14,Aaron,Cadman,Greater Western Sydney,CHF,8,406,0,9,4,0,3,1,68,13
2025,14.0,2025-06-14,Jaspa,Fletcher,Brisbane Lions,WL,8,349,4,11,3,0,1,0,63,10
2025,14.0,2025-06-14,Harvey,Thomas,Greater Western Sydney,FPR,2,258,1,8,3,0,2,2,71,10
2025,14.0,2025-06-14,Darcy,Jones,Greater Western Sydney,HFFR,7,301,1,18,2,1,6,0,75,15
2025,14.0,2025-06-14,Logan,Morris,Brisbane Lions,INT,9,180,1,3,3,0,5,0,73,11
2025,14.0,2025-06-14,Joe,Fonti,Greater Western Sydney,BPR,2,56,3,6,2,0,2,0,80,4
2025,14.0,2025-06-14,Levi,Ashcroft,Brisbane Lions,INT,5,187,0,6,0,0,3,0,64,7
2025,14.0,2025-06-14,Josaia,Delana,Greater Western Sydney,SUB,1,128,0,4,2,0,1,0,43,3
2025,14.0,2025-06-14,Nicholas,Madden,Greater Western Sydney,RK,5,22,1,6,0,2,5,1,71,5
2025,14.0,2025-06-14,Todd,Goldstein,Essendon,RK,6,166,4,8,3,1,4,0,67,14
2025,14.0,2025-06-14,Patrick,Dangerfield,Geelong,FPR,10,219,1,7,0,0,2,2,91,10
2025,14.0,2025-06-14,Mitch,Duncan,Geelong,SUB,3,61,0,7,0,0,1,0,100,6
2025,14.0,2025-06-14,Rhys,Stanley,Geelong,RK,5,197,2,16,1,2,2,0,64,7
2025,14.0,2025-06-14,Jeremy,Cameron,Geelong,FF,10,289,0,4,2,0,1,0,71,10
2025,14.0,2025-06-14,Mark,Blicavs,Geelong,WL,5,141,10,8,2,0,5,0,77,13
2025,14.0,2025-06-14,Jack,Martin,Geelong,INT,6,191,3,3,1,0,2,1,93,14
2025,14.0,2025-06-14,Zach,Merrett,Essendon,C,9,422,2,23,6,0,5,0,72,21
2025,14.0,2025-06-14,Peter,Wright,Essendon,FF,6,142,0,12,3,2,4,0,64,7
2025,14.0,2025-06-14,Jayden,Laverde,Essendon,FB,1,257,4,2,3,0,2,0,90,17
2025,14.0,2025-06-14,Darcy,Parish,Essendon,INT,6,223,3,12,5,2,7,0,65,17
2025,14.0,2025-06-14,Jade,Gresham,Essendon,HBFL,3,123,1,4,2,0,4,0,78,7
2025,14.0,2025-06-14,Andrew,McGrath,Essendon,BPL,3,218,6,10,3,0,4,0,90,17
2025,14.0,2025-06-14,Tom,Stewart,Geelong,CHB,8,348,7,4,1,0,2,0,96,22
2025,14.0,2025-06-14,Mark,O'Connor,Geelong,HBFR,5,321,3,16,2,0,1,1,86,19
2025,14.0,2025-06-14,Zach,Guthrie,Geelong,INT,4,203,7,17,2,0,8,0,90,18
2025,14.0,2025-06-14,Tyson,Stengle,Geelong,HFFR,9,181,2,15,1,0,8,2,59,10
2025,14.0,2025-06-14,Will,Setterfield,Essendon,FPR,4,308,4,26,4,2,8,0,77,24
2025,14.0,2025-06-14,Jack,Henry,Geelong,BPL,3,106,4,2,1,0,2,0,88,7
2025,14.0,2025-06-14,Matt,Guelfi,Essendon,R,6,176,1,11,1,0,4,1,75,9
2025,14.0,2025-06-14,Tom,Atkins,Geelong,INT,6,84,2,29,0,5,7,1,89,16
2025,14.0,2025-06-14,Gryan,Miers,Geelong,INT,7,398,4,20,7,0,5,2,72,18
2025,14.0,2025-06-14,Xavier,Duursma,Essendon,WL,3,235,1,10,4,0,3,0,65,13
2025,14.0,2025-06-14,Bailey,Smith,Geelong,RR,9,765,1,17,10,6,7,0,59,24
2025,14.0,2025-06-14,Jye,Caldwell,Essendon,RR,8,249,4,30,7,2,15,1,64,18
2025,14.0,2025-06-14,Brad,Close,Geelong,CHF,6,211,3,22,2,0,1,2,83,10
2025,14.0,2025-06-14,Jaxon,Prior,Essendon,CHB,5,371,7,6,3,0,3,0,86,24
2025,14.0,2025-06-14,Archie,Perkins,Essendon,SUB,0,78,0,8,2,0,0,0,57,4
2025,14.0,2025-06-14,Max,Holmes,Geelong,C,7,871,7,21,6,6,13,0,81,29
2025,14.0,2025-06-14,Sam,De Koning,Geelong,FB,1,130,2,1,0,0,0,0,86,6
2025,14.0,2025-06-14,Nic,Martin,Essendon,HFFR,5,309,2,7,2,0,2,0,81,21
2025,14.0,2025-06-14,Oliver,Dempsey,Geelong,WR,7,315,3,11,2,0,3,1,71,12
2025,14.0,2025-06-14,Shannon,Neale,Geelong,FPL,8,286,1,10,2,0,1,0,69,9
2025,14.0,2025-06-14,Oisin,Mullin,Geelong,R,4,129,1,11,1,0,1,0,77,10
2025,14.0,2025-06-14,Shaun,Mannagh,Geelong,HFFL,5,321,1,30,7,0,5,1,43,6
2025,14.0,2025-06-14,Connor,O'Sullivan,Geelong,BPR,5,159,3,9,3,0,0,0,100,13
2025,14.0,2025-06-14,Nate,Caddy,Essendon,CHF,3,60,0,13,1,0,3,0,56,5
2025,14.0,2025-06-14,Lawson,Humphries,Geelong,HBFL,5,423,4,10,4,0,4,0,79,15
2025,14.0,2025-06-14,Archie,Roberts,Essendon,BPR,5,335,6,8,5,0,4,0,82,22
2025,14.0,2025-06-14,Isaac,Kako,Essendon,INT,6,162,2,11,2,0,5,1,85,11
2025,14.0,2025-06-14,Archer,Day-Wicks,Essendon,INT,1,107,2,7,2,0,2,0,60,6
2025,14.0,2025-06-14,Angus,Clarke,Essendon,HBFR,1,213,1,5,2,0,0,0,70,7
2025,14.0,2025-06-14,Zak,Johnson,Essendon,INT,3,459,3,11,6,0,3,0,83,24
2025,14.0,2025-06-14,Luamon,Lual,Essendon,WR,2,72,1,12,2,0,1,0,78,7
2025,14.0,2025-06-14,Lachlan,Blakiston,Essendon,HFFL,1,64,2,9,2,0,1,0,50,2
2025,14.0,2025-06-14,Archer,May,Essendon,FPL,3,182,1,8,1,0,0,1,71,5
2025,14.0,2025-06-14,Nat,Fyfe,Fremantle,SUB,2,30,1,3,1,1,2,0,100,9
2025,14.0,2025-06-14,Jack,Darling,North Melbourne,FF,1,227,1,13,0,0,2,1,89,8
2025,14.0,2025-06-14,Luke,Parker,North Melbourne,RR,6,580,1,13,7,4,8,1,30,6
2025,14.0,2025-06-14,Luke,McDonald,North Melbourne,HBFR,1,580,12,5,5,0,5,0,74,20
2025,14.0,2025-06-14,Caleb,Daniel,North Melbourne,CHB,2,291,4,21,1,0,2,0,87,20
2025,14.0,2025-06-14,Corey,Wagner,Fremantle,INT,5,369,2,16,4,1,3,0,79,11
2025,14.0,2025-06-14,Jy,Simpkin,North Melbourne,WR,3,141,0,21,3,0,5,2,64,7
2025,14.0,2025-06-14,Griffin,Logue,North Melbourne,BPR,0,22,7,7,0,0,2,0,100,10
2025,14.0,2025-06-14,Zac,Fisher,North Melbourne,INT,3,153,1,20,2,0,3,2,69,9
2025,14.0,2025-06-14,Shai,Bolton,Fremantle,C,9,335,1,11,4,1,6,1,76,16
2025,14.0,2025-06-14,Luke,Ryan,Fremantle,BPL,2,277,7,11,2,0,3,0,63,12
2025,14.0,2025-06-14,Brennan,Cox,Fremantle,BPR,0,143,6,6,0,0,1,0,100,10
2025,14.0,2025-06-14,Sean,Darcy,Fremantle,INT,5,120,1,6,1,0,0,0,57,4
2025,14.0,2025-06-14,Cameron,Zurhaar,North Melbourne,FPR,2,191,2,7,2,0,3,2,50,4
2025,14.0,2025-06-14,Nick,Larkey,North Melbourne,CHF,3,43,0,5,3,0,4,2,75,9
2025,14.0,2025-06-14,Bailey,Banfield,Fremantle,INT,2,377,5,8,4,0,1,0,69,9
2025,14.0,2025-06-14,Andrew,Brayshaw,Fremantle,R,8,679,6,25,7,1,9,1,71,22
2025,14.0,2025-06-14,Luke,Davies-Uniacke,North Melbourne,C,2,272,5,20,5,2,11,0,74,20
2025,14.0,2025-06-14,Sam,Switkowski,Fremantle,CHF,9,353,3,9,0,0,2,0,100,14
2025,14.0,2025-06-14,Jordan,Clark,Fremantle,HBFR,7,713,5,16,9,0,8,0,69,18
2025,14.0,2025-06-14,Luke,Jackson,Fremantle,RK,6,152,4,17,1,2,6,1,73,11
2025,14.0,2025-06-14,Caleb,Serong,Fremantle,RR,6,585,7,40,10,2,11,0,58,21
2025,14.0,2025-06-14,Tristan,Xerri,North Melbourne,RK,3,84,3,20,2,3,7,2,85,11
2025,14.0,2025-06-14,Dylan,Stephens,North Melbourne,WL,4,404,8,11,5,0,10,0,56,15
2025,14.0,2025-06-14,Michael,Frederick,Fremantle,HFFL,4,100,1,24,2,0,2,0,63,5
2025,14.0,2025-06-14,Jeremy,Sharp,Fremantle,WL,4,167,1,12,3,0,3,0,71,10
2025,14.0,2025-06-14,Tom,Powell,North Melbourne,HFFL,3,318,4,15,1,1,6,0,83,19
2025,14.0,2025-06-14,Heath,Chapman,Fremantle,HBFL,2,137,5,11,1,0,6,0,77,10
2025,14.0,2025-06-14,Josh,Treacy,Fremantle,FF,5,476,1,19,6,0,3,1,50,7
2025,14.0,2025-06-14,Neil,Erasmus,Fremantle,INT,3,239,4,8,2,2,4,0,58,7
2025,14.0,2025-06-14,Paul,Curtis,North Melbourne,FPL,3,198,0,17,3,0,4,9,58,7
2025,14.0,2025-06-14,Jye,Amiss,Fremantle,FPR,6,119,0,5,2,0,4,1,71,5
2025,14.0,2025-06-14,Kallan,Dawson,North Melbourne,BPL,0,113,2,9,1,0,1,0,100,8
2025,14.0,2025-06-14,Harry,Sheezel,North Melbourne,R,3,282,5,21,9,0,12,3,59,19
2025,14.0,2025-06-14,Matthew,Johnson,Fremantle,WR,3,121,3,14,3,0,5,0,75,15
2025,14.0,2025-06-14,George,Wardlaw,North Melbourne,INT,3,476,3,22,6,2,5,3,35,6
2025,14.0,2025-06-14,Karl,Worner,Fremantle,CHB,3,128,7,17,1,0,5,0,93,14
2025,14.0,2025-06-14,Robert,Hansen Jr,North Melbourne,SUB,5,224,2,3,0,0,3,0,71,5
2025,14.0,2025-06-14,Colby,McKercher,North Melbourne,HFFR,2,626,2,8,6,0,2,0,56,15
2025,14.0,2025-06-14,Toby,Pink,North Melbourne,FB,0,174,2,5,2,0,0,0,80,8
2025,14.0,2025-06-14,Joshua,Draper,Fremantle,FB,0,50,4,6,1,0,2,0,100,3
2025,14.0,2025-06-14,Riley,Hardeman,North Melbourne,INT,1,348,3,11,1,0,3,0,91,10
2025,14.0,2025-06-14,Patrick,Voss,Fremantle,FPL,8,227,0,8,3,0,3,1,55,6
2025,14.0,2025-06-14,Murphy,Reid,Fremantle,HFFR,5,144,0,6,5,0,5,1,63,10
2025,14.0,2025-06-14,Jacob,Konstanty,North Melbourne,INT,3,255,3,16,4,0,4,2,67,8
2025,14.0,2025-06-14,Finn,O'Sullivan,North Melbourne,HBFL,2,261,3,15,4,0,0,0,86,12
2025,14.0,2025-06-15,Jake,Melksham,Melbourne,FPL,4,132,0,8,1,0,1,2,43,3
2025,14.0,2025-06-15,Steven,May,Melbourne,FB,3,270,9,8,1,0,3,0,100,16
2025,14.0,2025-06-15,Max,Gawn,Melbourne,RK,7,282,7,3,3,0,8,0,74,17
2025,14.0,2025-06-15,Jack,Viney,Melbourne,R,2,246,1,13,3,2,7,0,70,14
2025,14.0,2025-06-15,Ollie,Wines,Port Adelaide,C,5,289,2,21,2,1,9,0,73,16
2025,14.0,2025-06-15,Christian,Salem,Melbourne,BPR,1,221,0,7,1,0,0,0,88,14
2025,14.0,2025-06-15,Jake,Lever,Melbourne,CHB,2,248,6,8,2,0,3,0,100,12
2025,14.0,2025-06-15,Ed,Langdon,Melbourne,WL,3,407,0,11,3,0,0,0,65,11
2025,14.0,2025-06-15,Clayton,Oliver,Melbourne,RR,7,366,2,25,8,1,8,1,50,13
2025,14.0,2025-06-15,Darcy,Byrne-Jones,Port Adelaide,CHF,3,199,3,12,1,0,5,1,69,9
2025,14.0,2025-06-15,Christian,Petracca,Melbourne,C,7,331,3,28,4,4,6,5,53,9
2025,14.0,2025-06-15,Aliir,Aliir,Port Adelaide,HBFL,2,130,1,10,1,0,0,0,80,4
2025,14.0,2025-06-15,Ryan,Burton,Port Adelaide,BPR,4,452,8,10,5,0,6,0,77,20
2025,14.0,2025-06-15,Sam,Powell-Pepper,Port Adelaide,HFFL,7,395,0,14,2,0,1,0,82,14
2025,14.0,2025-06-15,Bayley,Fritsch,Melbourne,CHF,8,268,1,6,3,0,5,0,65,13
2025,14.0,2025-06-15,Esava,Ratugolea,Port Adelaide,FB,1,197,12,7,2,0,1,0,89,16
2025,14.0,2025-06-15,Willie,Rioli,Port Adelaide,HFFR,4,137,1,13,3,1,4,0,73,8
2025,14.0,2025-06-15,Harrison,Petty,Melbourne,FF,3,121,1,10,2,0,1,0,57,4
2025,14.0,2025-06-15,Kane,Farrell,Port Adelaide,CHB,4,354,2,15,3,0,2,0,83,15
2025,14.0,2025-06-15,Tom,Sparrow,Melbourne,HFFR,6,230,1,19,1,0,1,1,82,9
2025,14.0,2025-06-15,Zak,Butters,Port Adelaide,R,8,401,1,18,1,1,5,0,82,22
2025,14.0,2025-06-15,Willem,Drew,Port Adelaide,INT,4,243,1,22,2,1,2,1,71,12
2025,14.0,2025-06-15,Connor,Rozee,Port Adelaide,HBFR,4,776,5,15,5,0,2,0,78,25
2025,14.0,2025-06-15,Kade,Chandler,Melbourne,INT,2,201,2,13,2,0,4,0,88,14
2025,14.0,2025-06-15,Brandon,Zerk-Thatcher,Port Adelaide,BPL,3,210,4,6,1,0,1,0,75,6
2025,14.0,2025-06-15,Mitch,Georgiades,Port Adelaide,FF,13,430,1,4,4,0,1,0,67,12
2025,14.0,2025-06-15,Kysaiah,Pickett,Melbourne,FPR,5,331,4,18,5,3,4,1,69,11
2025,14.0,2025-06-15,Trent,Rivers,Melbourne,INT,4,156,0,10,3,1,4,0,62,8
2025,14.0,2025-06-15,Miles,Bergman,Port Adelaide,RR,6,577,7,15,5,2,7,0,82,18
2025,14.0,2025-06-15,Jordon,Sweet,Port Adelaide,FPR,4,125,1,12,0,2,3,0,71,5
2025,14.0,2025-06-15,Jake,Bowey,Melbourne,BPL,3,471,4,16,4,0,6,0,91,19
2025,14.0,2025-06-15,Jackson,Mead,Port Adelaide,WR,3,85,0,16,1,0,2,0,81,13
2025,14.0,2025-06-15,Jason,Horne-Francis,Port Adelaide,FPL,8,430,5,6,5,0,10,2,72,21
2025,14.0,2025-06-15,Josh,Sinn,Port Adelaide,INT,1,227,3,6,5,0,3,0,79,11
2025,14.0,2025-06-15,Daniel,Turner,Melbourne,HBFR,3,494,4,11,4,0,2,0,87,13
2025,14.0,2025-06-15,Jase,Burgoyne,Port Adelaide,WL,6,342,4,10,3,0,4,0,81,17
2025,14.0,2025-06-15,Judd,McVee,Melbourne,HBFL,6,222,8,13,1,0,3,0,92,12
2025,14.0,2025-06-15,Jacob,van Rooyen,Melbourne,INT,3,126,1,10,1,0,3,0,88,7
2025,14.0,2025-06-15,Dante,Visentini,Port Adelaide,RK,3,123,1,13,3,1,3,0,100,6
2025,14.0,2025-06-15,Blake,Howes,Melbourne,INT,2,168,4,14,1,0,3,0,80,12
2025,14.0,2025-06-15,Caleb,Windsor,Melbourne,WR,3,311,2,13,3,0,2,0,60,6
2025,14.0,2025-06-15,Joe,Richards,Port Adelaide,INT,7,151,1,13,2,0,4,0,53,8
2025,14.0,2025-06-15,Harvey,Langford,Melbourne,HFFL,5,373,1,14,3,0,7,0,79,15
2025,14.0,2025-06-15,Xavier,Lindsay,Melbourne,SUB,0,151,0,3,2,0,1,0,75,6
2025,14.0,2025-06-15,Hugh,Jackson,Port Adelaide,SUB,1,-34,0,6,0,0,0,0,100,2
2025,14.0,2025-06-15,Mani,Liddy,Port Adelaide,INT,4,162,0,11,3,0,2,0,70,7
2025,14.0,2025-06-15,Jamie,Cripps,West Coast,FPL,4,257,0,14,3,0,1,1,56,5
2025,14.0,2025-06-15,Nick,Haynes,Carlton,HBFL,4,369,6,5,6,0,3,1,58,11
2025,14.0,2025-06-15,Sam,Docherty,Carlton,INT,5,276,4,9,3,0,3,0,80,16
2025,14.0,2025-06-15,Zac,Williams,Carlton,HFFR,4,190,1,6,2,0,2,0,44,4
2025,14.0,2025-06-15,Patrick,Cripps,Carlton,C,5,310,1,24,3,2,5,0,67,14
2025,14.0,2025-06-15,Blake,Acres,Carlton,WR,5,389,3,8,5,0,5,0,63,12
2025,14.0,2025-06-15,Orazio,Fantasia,Carlton,HFFL,7,520,1,16,3,0,4,2,43,6
2025,14.0,2025-06-15,Adam,Saad,Carlton,CHB,5,342,7,13,2,0,4,0,84,21
2025,14.0,2025-06-15,Liam,Duggan,West Coast,HBFL,4,492,4,12,5,1,2,0,68,13
2025,14.0,2025-06-15,Jacob,Weitering,Carlton,FB,4,384,10,2,6,0,7,0,74,17
2025,14.0,2025-06-15,Mitch,McGovern,Carlton,INT,8,206,1,3,1,0,2,1,92,12
2025,14.0,2025-06-15,George,Hewett,Carlton,FPR,9,154,4,9,2,3,13,0,89,31
2025,14.0,2025-06-15,Charlie,Curnow,Carlton,FF,1,66,0,5,1,0,3,0,40,2
2025,14.0,2025-06-15,Jayden,Hunt,West Coast,WR,2,28,0,11,1,0,1,0,100,2
2025,14.0,2025-06-15,Jack,Silvagni,Carlton,BPL,2,303,4,4,3,0,2,0,50,7
2025,14.0,2025-06-15,Jack,Graham,West Coast,HFFL,3,321,5,22,8,2,9,0,50,12
2025,14.0,2025-06-15,Lachie,Fogarty,Carlton,INT,9,191,1,12,1,0,4,1,82,14
2025,14.0,2025-06-15,Tim,Kelly,West Coast,RR,4,132,1,12,4,2,4,0,70,7
2025,14.0,2025-06-15,Liam,Ryan,West Coast,HFFR,5,261,1,7,2,4,5,0,62,8
2025,14.0,2025-06-15,Adam,Cerra,Carlton,RR,3,364,4,16,5,1,5,0,73,22
2025,14.0,2025-06-15,Oscar,Allen,West Coast,FF,1,69,3,5,1,0,2,1,71,5
2025,14.0,2025-06-15,Liam,Baker,West Coast,HBFR,2,249,4,16,3,0,9,0,76,16
2025,14.0,2025-06-15,Tom,De Koning,Carlton,RK,5,367,6,7,1,2,6,0,57,12
2025,14.0,2025-06-15,Harry,Edwards,West Coast,FB,0,-9,2,8,0,0,1,0,100,2
2025,14.0,2025-06-15,Bailey J.,Williams,West Coast,INT,4,224,1,8,2,1,1,1,60,6
2025,14.0,2025-06-15,Tyler,Brockman,West Coast,FPR,4,145,1,10,3,0,5,1,44,4
2025,14.0,2025-06-15,Matt,Flynn,West Coast,RK,0,99,4,13,3,1,0,0,50,6
2025,14.0,2025-06-15,Corey,Durdin,Carlton,SUB,1,87,1,4,3,0,1,1,63,5
2025,14.0,2025-06-15,Jack,Williams,West Coast,CHF,7,320,2,11,2,0,2,1,46,5
2025,14.0,2025-06-15,Jesse,Motlop,Carlton,FPL,4,131,0,11,2,0,0,0,71,5
2025,14.0,2025-06-15,Oliver,Hollands,Carlton,BPR,5,536,5,13,2,0,5,0,75,18
2025,14.0,2025-06-15,Reuben,Ginbey,West Coast,BPL,1,308,10,7,6,0,4,0,81,13
2025,14.0,2025-06-15,Elijah,Hewett,West Coast,INT,4,246,0,23,4,1,4,2,53,9
2025,14.0,2025-06-15,Alex,Cincotta,Carlton,R,9,242,1,15,3,1,6,3,71,10
2025,14.0,2025-06-15,Ryan,Maric,West Coast,BPR,0,252,2,7,3,0,1,0,77,13
2025,14.0,2025-06-15,Harley,Reid,West Coast,R,4,335,3,14,5,1,11,0,64,18
2025,14.0,2025-06-15,Jaxon,Binns,Carlton,WL,4,538,3,14,4,0,4,0,62,16
2025,14.0,2025-06-15,Tyrell,Dewar,West Coast,INT,7,843,1,6,6,0,1,0,59,16
2025,14.0,2025-06-15,Jack,Hutchinson,West Coast,INT,2,199,2,8,2,0,0,2,100,7
2025,14.0,2025-06-15,Clay,Hall,West Coast,SUB,3,97,2,9,2,0,5,0,67,6
2025,14.0,2025-06-15,Cooper,Lord,Carlton,INT,3,94,1,13,3,0,4,1,86,12
2025,14.0,2025-06-15,Sandy,Brock,West Coast,CHB,2,210,2,4,2,0,1,0,75,6
2025,14.0,2025-06-15,Matthew,Carroll,Carlton,HBFR,4,305,6,13,2,0,6,0,69,11
2025,14.0,2025-06-15,Bo,Allan,West Coast,C,3,156,6,10,0,0,4,0,79,11
2025,14.0,2025-06-15,Hudson,O'Keeffe,Carlton,CHF,2,87,0,5,3,0,1,0,43,3
2025,14.0,2025-06-15,Tom,McCarthy,West Coast,WL,3,571,9,13,2,0,8,0,94,29
2025,15.0,2025-06-19,Nat,Fyfe,Fremantle,CHF,5,157,1,9,2,0,3,1,73,8
2025,15.0,2025-06-19,Zach,Merrett,Essendon,C,7,190,2,22,1,1,6,0,94,16
2025,15.0,2025-06-19,James,Aish,Fremantle,SUB,2,39,0,1,1,0,2,0,100,6
2025,15.0,2025-06-19,Peter,Wright,Essendon,FF,3,166,1,10,2,0,2,0,63,5
2025,15.0,2025-06-19,Jayden,Laverde,Essendon,FB,1,185,2,5,2,0,3,0,78,14
2025,15.0,2025-06-19,Darcy,Parish,Essendon,R,6,353,3,21,3,2,11,0,71,22
2025,15.0,2025-06-19,Jade,Gresham,Essendon,HBFL,6,184,0,14,2,0,0,0,56,5
2025,15.0,2025-06-19,Corey,Wagner,Fremantle,INT,4,427,3,15,5,1,4,0,69,11
2025,15.0,2025-06-19,Andrew,McGrath,Essendon,BPL,2,181,5,5,3,0,4,0,96,21
2025,15.0,2025-06-19,Shai,Bolton,Fremantle,C,6,149,1,14,4,0,6,0,60,9
2025,15.0,2025-06-19,Luke,Ryan,Fremantle,BPL,6,487,10,9,2,0,5,0,94,30
2025,15.0,2025-06-19,Brennan,Cox,Fremantle,BPR,1,37,4,2,1,0,3,0,92,12
2025,15.0,2025-06-19,Will,Setterfield,Essendon,WL,1,231,2,21,2,1,2,0,77,13
2025,15.0,2025-06-19,Bailey,Banfield,Fremantle,INT,2,68,2,11,4,0,4,0,62,8
2025,15.0,2025-06-19,Andrew,Brayshaw,Fremantle,R,5,467,3,19,0,3,7,1,76,22
2025,15.0,2025-06-19,Matt,Guelfi,Essendon,WR,3,73,0,19,3,0,0,2,71,5
2025,15.0,2025-06-19,Jordan,Clark,Fremantle,HBFR,3,595,7,8,7,0,4,0,73,24
2025,15.0,2025-06-19,Xavier,Duursma,Essendon,INT,2,153,3,3,3,0,2,0,73,8
2025,15.0,2025-06-19,Jye,Caldwell,Essendon,RR,4,482,2,25,5,2,9,0,78,25
2025,15.0,2025-06-19,Luke,Jackson,Fremantle,RK,12,231,4,17,2,4,8,1,86,18
2025,15.0,2025-06-19,Caleb,Serong,Fremantle,RR,6,783,1,18,5,6,4,0,83,29
2025,15.0,2025-06-19,Michael,Frederick,Fremantle,HFFR,3,130,0,15,1,0,1,0,60,3
2025,15.0,2025-06-19,Jeremy,Sharp,Fremantle,INT,2,123,1,17,1,0,1,0,75,9
2025,15.0,2025-06-19,Jaxon,Prior,Essendon,CHB,1,225,5,6,1,0,3,0,100,15
2025,15.0,2025-06-19,Heath,Chapman,Fremantle,HBFL,5,453,5,9,7,0,3,0,82,18
2025,15.0,2025-06-19,Archie,Perkins,Essendon,SUB,1,254,2,7,5,0,4,0,50,5
2025,15.0,2025-06-19,Josh,Treacy,Fremantle,FF,8,215,2,24,1,0,3,2,91,10
2025,15.0,2025-06-19,Nic,Martin,Essendon,HFFR,1,382,2,6,2,0,2,0,71,15
2025,15.0,2025-06-19,Nathan,O'Driscoll,Fremantle,WR,5,334,2,10,1,0,0,0,71,12
2025,15.0,2025-06-19,Neil,Erasmus,Fremantle,INT,3,153,0,13,3,2,3,0,76,16
2025,15.0,2025-06-19,Ben,Hobbs,Essendon,INT,1,122,3,20,3,1,6,1,88,14
2025,15.0,2025-06-19,Jye,Amiss,Fremantle,FPR,3,8,0,5,3,0,4,0,80,8
2025,15.0,2025-06-19,Matthew,Johnson,Fremantle,WL,5,200,4,18,3,0,4,0,94,17
2025,15.0,2025-06-19,Karl,Worner,Fremantle,CHB,1,264,2,7,2,0,0,0,83,15
2025,15.0,2025-06-19,Joshua,Draper,Fremantle,FB,0,67,2,10,2,0,0,0,75,6
2025,15.0,2025-06-19,Patrick,Voss,Fremantle,FPL,7,200,1,12,5,0,7,3,62,8
2025,15.0,2025-06-19,Nate,Caddy,Essendon,CHF,8,303,1,8,3,0,4,1,73,11
2025,15.0,2025-06-19,Archie,Roberts,Essendon,BPR,3,286,4,5,2,0,2,0,80,20
2025,15.0,2025-06-19,Isaac,Kako,Essendon,FPR,5,103,1,27,1,0,4,0,58,7
2025,15.0,2025-06-19,Murphy,Reid,Fremantle,HFFL,4,191,0,16,1,1,3,3,85,11
2025,15.0,2025-06-19,Angus,Clarke,Essendon,HBFR,1,130,7,5,4,0,6,0,67,14
2025,15.0,2025-06-19,Zak,Johnson,Essendon,INT,1,179,2,6,2,0,1,0,56,5
2025,15.0,2025-06-19,Luamon,Lual,Essendon,INT,4,165,1,18,1,0,0,1,89,8
2025,15.0,2025-06-19,Lachlan,Blakiston,Essendon,HFFL,2,52,9,6,2,0,7,0,73,8
2025,15.0,2025-06-19,Archer,May,Essendon,FPL,5,230,1,13,3,0,4,1,79,11
2025,15.0,2025-06-19,Vigo,Visentini,Essendon,RK,2,125,5,23,0,1,5,0,67,10
2025,15.0,2025-06-20,Patrick,Dangerfield,Geelong,FPL,6,253,1,7,5,0,3,0,47,7
2025,15.0,2025-06-20,Mitch,Duncan,Geelong,INT,1,210,1,6,3,0,0,0,57,4
2025,15.0,2025-06-20,Rhys,Stanley,Geelong,RK,3,259,2,7,4,0,4,0,55,6
2025,15.0,2025-06-20,Ryan,Lester,Brisbane Lions,BPR,6,120,4,6,2,0,5,0,64,9
2025,15.0,2025-06-20,Sam,Day,Brisbane Lions,HFFR,3,168,1,3,4,0,3,0,67,6
2025,15.0,2025-06-20,Jeremy,Cameron,Geelong,FF,5,257,0,6,1,0,1,0,88,7
2025,15.0,2025-06-20,Lachie,Neale,Brisbane Lions,R,3,154,3,17,2,2,9,1,82,14
2025,15.0,2025-06-20,Dayne,Zorko,Brisbane Lions,BPL,7,798,11,10,8,0,4,0,73,24
2025,15.0,2025-06-20,Mark,Blicavs,Geelong,BPR,1,285,4,13,3,1,4,0,70,7
2025,15.0,2025-06-20,Jack,Martin,Geelong,WL,6,272,2,6,2,0,5,0,67,14
2025,15.0,2025-06-20,Charlie,Cameron,Brisbane Lions,HFFL,3,195,1,12,5,1,2,1,60,6
2025,15.0,2025-06-20,Harris,Andrews,Brisbane Lions,CHB,5,190,11,6,1,0,2,0,94,15
2025,15.0,2025-06-20,Josh,Dunkley,Brisbane Lions,RR,8,198,2,28,5,1,6,1,70,21
2025,15.0,2025-06-20,Eric,Hipwood,Brisbane Lions,CHF,2,131,3,9,2,0,1,0,57,4
2025,15.0,2025-06-20,Tom,Stewart,Geelong,HBFL,3,402,15,8,3,0,7,0,77,17
2025,15.0,2025-06-20,Jarrod,Berry,Brisbane Lions,WR,4,467,8,9,4,0,7,0,62,16
2025,15.0,2025-06-20,Hugh,McCluggage,Brisbane Lions,C,7,485,2,19,7,1,6,3,64,14
2025,15.0,2025-06-20,Mark,O'Connor,Geelong,INT,2,194,1,17,2,0,1,0,63,5
2025,15.0,2025-06-20,Zach,Guthrie,Geelong,CHB,1,137,2,9,1,0,0,0,100,8
2025,15.0,2025-06-20,Tyson,Stengle,Geelong,HFFR,4,144,1,11,3,0,5,1,60,9
2025,15.0,2025-06-20,Cam,Rayner,Brisbane Lions,FPL,5,479,1,12,5,2,7,0,63,12
2025,15.0,2025-06-20,Jack,Henry,Geelong,FB,0,162,9,6,3,0,2,0,67,8
2025,15.0,2025-06-20,Zac,Bailey,Brisbane Lions,WL,8,363,2,6,1,0,5,0,84,16
2025,15.0,2025-06-20,Brandon,Starcevich,Brisbane Lions,HBFR,4,245,3,8,2,0,1,0,100,9
2025,15.0,2025-06-20,Tom,Atkins,Geelong,R,6,253,5,22,4,2,13,0,57,12
2025,15.0,2025-06-20,Gryan,Miers,Geelong,INT,4,312,2,12,5,0,3,0,60,9
2025,15.0,2025-06-20,Bailey,Smith,Geelong,RR,7,700,3,28,12,4,6,1,57,16
2025,15.0,2025-06-20,Noah,Answerth,Brisbane Lions,HBFL,2,375,1,17,3,0,1,0,85,11
2025,15.0,2025-06-20,Darcy,Fort,Brisbane Lions,RK,3,143,2,10,3,2,4,0,75,6
2025,15.0,2025-06-20,Brad,Close,Geelong,HFFL,1,125,1,21,2,0,0,0,67,6
2025,15.0,2025-06-20,Oliver,Henry,Geelong,SUB,3,210,2,8,2,0,4,0,60,6
2025,15.0,2025-06-20,Max,Holmes,Geelong,C,4,505,3,18,5,3,10,0,87,20
2025,15.0,2025-06-20,Kai,Lohmann,Brisbane Lions,FPR,7,245,0,7,3,0,2,3,62,8
2025,15.0,2025-06-20,Oliver,Dempsey,Geelong,WR,4,204,2,13,2,0,1,1,50,5
2025,15.0,2025-06-20,Shannon,Neale,Geelong,FPR,8,163,1,3,3,0,2,0,70,7
2025,15.0,2025-06-20,Darcy,Wilmot,Brisbane Lions,INT,1,385,3,13,5,0,2,1,75,12
2025,15.0,2025-06-20,Will,Ashcroft,Brisbane Lions,INT,8,300,1,17,1,1,6,0,82,23
2025,15.0,2025-06-20,Oisin,Mullin,Geelong,HBFR,0,58,4,6,2,0,4,0,80,8
2025,15.0,2025-06-20,Jaspa,Fletcher,Brisbane Lions,FB,3,536,7,12,2,0,3,0,87,20
2025,15.0,2025-06-20,Shaun,Mannagh,Geelong,CHF,3,250,1,17,2,0,3,0,60,6
2025,15.0,2025-06-20,Connor,O'Sullivan,Geelong,BPL,4,377,7,10,2,0,5,0,69,11
2025,15.0,2025-06-20,Logan,Morris,Brisbane Lions,FF,8,169,0,7,2,0,4,2,69,9
2025,15.0,2025-06-20,Bruce,Reville,Brisbane Lions,SUB,0,44,2,0,0,0,1,0,100,2
2025,15.0,2025-06-20,Lawson,Humphries,Geelong,INT,3,419,5,6,3,0,1,0,87,13
2025,15.0,2025-06-20,Levi,Ashcroft,Brisbane Lions,INT,6,400,4,10,4,0,7,0,74,17
2025,15.0,2025-06-20,Will,McLachlan,Brisbane Lions,INT,3,145,2,5,3,0,1,0,88,7
2025,15.0,2025-06-21,Jack,Darling,North Melbourne,FF,3,119,1,10,2,0,1,1,83,5
2025,15.0,2025-06-21,Luke,Parker,North Melbourne,RR,5,243,5,24,2,2,10,1,75,21
2025,15.0,2025-06-21,Nick,Haynes,Carlton,BPL,5,313,7,6,1,0,1,0,100,17
2025,15.0,2025-06-21,Sam,Docherty,Carlton,WL,6,308,8,9,5,0,5,0,79,23
2025,15.0,2025-06-21,Zac,Williams,Carlton,INT,6,451,2,19,1,1,7,2,78,14
2025,15.0,2025-06-21,Luke,McDonald,North Melbourne,HBFR,1,368,3,10,4,0,0,0,100,18
2025,15.0,2025-06-21,Patrick,Cripps,Carlton,C,3,263,2,20,4,2,4,0,58,14
2025,15.0,2025-06-21,Blake,Acres,Carlton,WR,6,356,1,28,3,0,6,2,71,15
2025,15.0,2025-06-21,Orazio,Fantasia,Carlton,INT,4,339,2,13,5,0,5,1,64,9
2025,15.0,2025-06-21,Adam,Saad,Carlton,HBFR,3,174,9,12,1,0,5,0,78,14
2025,15.0,2025-06-21,Caleb,Daniel,North Melbourne,CHB,2,313,5,10,5,0,3,0,83,20
2025,15.0,2025-06-21,Jacob,Weitering,Carlton,FB,6,257,11,5,2,0,6,0,80,16
2025,15.0,2025-06-21,Mitch,McGovern,Carlton,CHF,7,225,3,6,2,0,4,1,75,12
2025,15.0,2025-06-21,George,Hewett,Carlton,R,6,269,2,23,6,4,13,0,68,21
2025,15.0,2025-06-21,Marc,Pittonet,Carlton,HFFR,3,129,2,7,2,3,4,0,50,7
2025,15.0,2025-06-21,Charlie,Curnow,Carlton,FF,3,175,0,6,3,0,3,0,78,7
2025,15.0,2025-06-21,Jack,Silvagni,Carlton,CHB,4,86,6,7,3,0,3,0,77,10
2025,15.0,2025-06-21,Jy,Simpkin,North Melbourne,WR,5,220,2,17,2,2,10,0,83,15
2025,15.0,2025-06-21,Griffin,Logue,North Melbourne,BPR,1,36,5,4,1,0,2,0,100,8
2025,15.0,2025-06-21,Zac,Fisher,North Melbourne,SUB,0,142,4,7,2,0,3,0,70,7
2025,15.0,2025-06-21,Cameron,Zurhaar,North Melbourne,FPR,7,87,0,10,1,0,4,1,73,8
2025,15.0,2025-06-21,Nick,Larkey,North Melbourne,CHF,3,72,0,14,1,0,2,1,100,7
2025,15.0,2025-06-21,Luke,Davies-Uniacke,North Melbourne,C,9,341,5,20,2,3,12,0,77,23
2025,15.0,2025-06-21,Lachie,Fogarty,Carlton,FPR,5,236,4,18,4,0,5,2,67,12
2025,15.0,2025-06-21,Adam,Cerra,Carlton,RR,6,431,3,27,6,2,4,0,72,18
2025,15.0,2025-06-21,Tom,De Koning,Carlton,RK,4,177,0,4,0,0,1,0,86,12
2025,15.0,2025-06-21,Tristan,Xerri,North Melbourne,RK,4,96,1,16,2,0,7,0,83,10
2025,15.0,2025-06-21,Dylan,Stephens,North Melbourne,WL,2,290,1,8,2,0,3,0,85,11
2025,15.0,2025-06-21,Tom,Powell,North Melbourne,HFFL,5,614,2,22,6,2,9,2,68,23
2025,15.0,2025-06-21,Corey,Durdin,Carlton,HFFL,1,182,0,7,2,0,1,0,71,5
2025,15.0,2025-06-21,Charlie,Comben,North Melbourne,BPL,1,130,5,6,4,0,3,0,79,11
2025,15.0,2025-06-21,Paul,Curtis,North Melbourne,FPL,7,165,2,14,4,0,3,1,50,5
2025,15.0,2025-06-21,Jesse,Motlop,Carlton,SUB,3,161,0,8,0,0,1,0,70,7
2025,15.0,2025-06-21,Oliver,Hollands,Carlton,HBFL,6,343,1,30,4,0,2,0,75,15
2025,15.0,2025-06-21,Harry,Sheezel,North Melbourne,R,5,390,3,25,9,0,4,0,80,24
2025,15.0,2025-06-21,Alex,Cincotta,Carlton,BPR,2,5,2,20,0,0,3,2,100,7
2025,15.0,2025-06-21,George,Wardlaw,North Melbourne,INT,1,152,1,10,2,0,3,0,55,6
2025,15.0,2025-06-21,Robert,Hansen Jr,North Melbourne,INT,2,169,1,12,1,0,1,0,78,7
2025,15.0,2025-06-21,Colby,McKercher,North Melbourne,HFFR,3,636,1,10,6,1,2,0,72,21
2025,15.0,2025-06-21,Toby,Pink,North Melbourne,FB,1,242,7,7,2,0,1,0,92,12
2025,15.0,2025-06-21,Riley,Hardeman,North Melbourne,INT,2,357,4,6,4,0,3,0,87,13
2025,15.0,2025-06-21,Jaxon,Binns,Carlton,FPL,4,336,1,8,7,0,1,0,59,10
2025,15.0,2025-06-21,Cooper,Lord,Carlton,INT,1,107,0,9,1,1,1,0,71,5
2025,15.0,2025-06-21,Jacob,Konstanty,North Melbourne,INT,3,83,2,18,2,0,3,1,67,6
2025,15.0,2025-06-21,Finn,O'Sullivan,North Melbourne,HBFL,3,239,3,15,3,0,3,0,78,14
2025,15.0,2025-06-21,Matthew,Carroll,Carlton,INT,4,136,3,9,0,0,3,0,93,13
2025,15.0,2025-06-21,Harry,Cunningham,Sydney,BPL,4,104,3,7,2,0,3,0,60,6
2025,15.0,2025-06-21,Dane,Rampe,Sydney,INT,1,211,4,7,1,0,2,0,89,8
2025,15.0,2025-06-21,Brodie,Grundy,Sydney,RK,5,234,3,8,4,1,7,1,73,16
2025,15.0,2025-06-21,Isaac,Heeney,Sydney,RR,6,303,3,12,4,2,9,2,64,18
2025,15.0,2025-06-21,Callum,Mills,Sydney,WR,8,565,6,12,2,1,5,0,82,22
2025,15.0,2025-06-21,Tom,Papley,Sydney,FPL,6,309,0,11,2,0,1,0,44,7
2025,15.0,2025-06-21,Darcy,Byrne-Jones,Port Adelaide,CHF,6,138,0,9,3,0,2,1,69,9
2025,15.0,2025-06-21,Aaron,Francis,Sydney,INT,2,-13,0,3,0,0,1,1,100,5
2025,15.0,2025-06-21,Ryan,Burton,Port Adelaide,INT,5,555,5,5,3,0,2,0,67,14
2025,15.0,2025-06-21,Sam,Powell-Pepper,Port Adelaide,HFFL,6,338,0,15,5,0,8,1,80,16
2025,15.0,2025-06-21,Will,Hayward,Sydney,CHF,6,205,2,9,0,0,2,1,91,10
2025,15.0,2025-06-21,Lewis,Melican,Sydney,BPR,1,178,5,9,1,0,3,0,82,9
2025,15.0,2025-06-21,Jeremy,Finlayson,Port Adelaide,SUB,1,34,0,2,0,0,1,1,33,1
2025,15.0,2025-06-21,Esava,Ratugolea,Port Adelaide,FB,1,263,11,3,4,0,5,0,88,14
2025,15.0,2025-06-21,Willie,Rioli,Port Adelaide,HFFR,6,171,1,5,0,0,3,0,86,6
2025,15.0,2025-06-21,Tom,McCartin,Sydney,FB,0,108,4,2,1,0,3,0,73,8
2025,15.0,2025-06-21,Kane,Farrell,Port Adelaide,CHB,2,393,1,8,4,1,4,0,80,16
2025,15.0,2025-06-21,Zak,Butters,Port Adelaide,R,6,392,2,10,4,2,10,0,68,19
2025,15.0,2025-06-21,Willem,Drew,Port Adelaide,C,2,275,3,25,7,0,2,2,59,10
2025,15.0,2025-06-21,Connor,Rozee,Port Adelaide,HBFR,8,399,0,27,4,3,3,1,76,19
2025,15.0,2025-06-21,Nick,Blakey,Sydney,CHB,4,635,5,7,4,0,3,0,82,18
2025,15.0,2025-06-21,Justin,McInerney,Sydney,HFFR,6,190,2,14,2,1,7,0,82,18
2025,15.0,2025-06-21,James,Rowbottom,Sydney,R,2,157,2,25,2,0,5,0,100,14
2025,15.0,2025-06-21,Hayden,McLean,Sydney,HFFL,4,95,1,5,0,0,3,1,67,4
2025,15.0,2025-06-21,Brandon,Zerk-Thatcher,Port Adelaide,BPL,3,140,4,4,0,0,0,0,100,13
2025,15.0,2025-06-21,Mitch,Georgiades,Port Adelaide,FF,5,153,0,5,1,0,1,1,29,2
2025,15.0,2025-06-21,Chad,Warner,Sydney,C,6,369,4,12,1,0,3,1,71,12
2025,15.0,2025-06-21,Sam,Wicks,Sydney,HBFR,1,139,3,7,1,0,3,0,57,4
2025,15.0,2025-06-21,Joel,Amartey,Sydney,FF,8,259,1,9,4,0,3,1,20,3
2025,15.0,2025-06-21,James,Jordon,Sydney,FPR,5,134,0,18,1,2,7,2,88,14
2025,15.0,2025-06-21,Errol,Gulden,Sydney,WL,5,392,2,11,3,0,8,0,56,10
2025,15.0,2025-06-21,Braeden,Campbell,Sydney,INT,6,158,1,12,2,0,0,0,73,11
2025,15.0,2025-06-21,Miles,Bergman,Port Adelaide,RR,2,243,4,9,3,0,3,0,57,8
2025,15.0,2025-06-21,Lachie,Jones,Port Adelaide,BPR,0,178,1,6,3,0,2,0,70,7
2025,15.0,2025-06-21,Jordon,Sweet,Port Adelaide,FPR,1,125,1,5,2,0,0,0,40,2
2025,15.0,2025-06-21,Angus,Sheldrick,Sydney,INT,4,328,3,8,2,1,8,0,62,13
2025,15.0,2025-06-21,Jackson,Mead,Port Adelaide,WR,3,213,1,14,2,0,6,1,58,7
2025,15.0,2025-06-21,Jason,Horne-Francis,Port Adelaide,FPL,6,177,0,8,1,0,2,0,75,12
2025,15.0,2025-06-21,Josh,Sinn,Port Adelaide,HBFL,2,171,3,8,1,0,6,0,80,12
2025,15.0,2025-06-21,Matt,Roberts,Sydney,HBFL,4,301,3,10,3,0,4,0,68,13
2025,15.0,2025-06-21,Jase,Burgoyne,Port Adelaide,WL,3,182,4,12,2,0,4,0,65,13
2025,15.0,2025-06-21,Dante,Visentini,Port Adelaide,RK,4,6,0,14,0,0,0,0,80,4
2025,15.0,2025-06-21,Joe,Richards,Port Adelaide,INT,6,261,0,8,2,0,3,1,68,13
2025,15.0,2025-06-21,Riley,Bice,Sydney,SUB,1,43,0,3,1,0,0,0,50,1
2025,15.0,2025-06-21,Christian,Moraes,Port Adelaide,INT,5,179,1,8,2,0,2,0,82,9
2025,15.0,2025-06-21,Mani,Liddy,Port Adelaide,INT,3,367,1,17,4,0,3,1,53,9
2025,15.0,2025-06-21,Scott,Pendlebury,Collingwood,C,6,239,1,23,1,2,3,0,68,15
2025,15.0,2025-06-21,Steele,Sidebottom,Collingwood,WR,3,353,3,25,7,1,2,1,44,8
2025,15.0,2025-06-21,Jeremy,Howe,Collingwood,FB,2,276,4,4,3,0,1,0,82,9
2025,15.0,2025-06-21,Will,Hoskin-Elliott,Collingwood,INT,3,223,1,11,3,0,2,2,73,8
2025,15.0,2025-06-21,Bradley,Hill,St Kilda,FPL,5,414,4,6,6,0,7,0,62,13
2025,15.0,2025-06-21,Jack,Crisp,Collingwood,WL,6,248,3,28,2,1,4,3,75,12
2025,15.0,2025-06-21,Jamie,Elliott,Collingwood,INT,9,251,3,9,1,0,3,1,80,12
2025,15.0,2025-06-21,Jack,Macrae,St Kilda,RR,6,472,3,12,8,4,13,1,66,19
2025,15.0,2025-06-21,Jimmy,Webster,St Kilda,BPR,1,59,1,7,0,0,1,0,100,5
2025,15.0,2025-06-21,Daniel,McStay,Collingwood,FPR,6,177,1,6,0,0,2,1,80,8
2025,15.0,2025-06-21,Tim,Membrey,Collingwood,CHF,4,108,0,2,2,0,2,0,60,6
2025,15.0,2025-06-21,Mason,Wood,St Kilda,WL,7,219,1,6,1,0,2,0,87,13
2025,15.0,2025-06-21,Jack,Sinclair,St Kilda,C,1,362,0,16,3,0,3,0,79,15
2025,15.0,2025-06-21,Jack,Steele,St Kilda,R,5,229,2,16,1,3,4,0,53,10
2025,15.0,2025-06-21,Darcy,Moore,Collingwood,CHB,5,240,7,10,0,0,0,0,90,9
2025,15.0,2025-06-21,Dan,Butler,St Kilda,WR,3,201,1,12,4,0,2,2,67,6
2025,15.0,2025-06-21,Dan,Houston,Collingwood,BPR,3,202,3,13,0,0,1,0,56,5
2025,15.0,2025-06-21,Harry,Perryman,Collingwood,INT,3,136,4,13,4,0,3,0,70,7
2025,15.0,2025-06-21,Rowan,Marshall,St Kilda,RK,9,317,1,11,2,1,1,0,65,13
2025,15.0,2025-06-21,Josh,Daicos,Collingwood,HBFL,6,554,4,8,8,0,5,0,70,21
2025,15.0,2025-06-21,Patrick,Lipinski,Collingwood,FPL,10,404,3,11,2,0,8,2,65,17
2025,15.0,2025-06-21,Hunter,Clark,St Kilda,INT,3,279,1,18,5,2,3,1,65,11
2025,15.0,2025-06-21,Jack,Higgins,St Kilda,HFFL,5,32,1,15,0,0,4,3,50,3
2025,15.0,2025-06-21,Brody,Mihocek,Collingwood,FF,6,356,1,8,3,0,1,0,55,6
2025,15.0,2025-06-21,Darcy,Cameron,Collingwood,RK,8,436,3,11,4,3,2,0,63,12
2025,15.0,2025-06-21,Billy,Frampton,Collingwood,BPL,3,95,4,9,0,0,1,0,100,7
2025,15.0,2025-06-21,Callum,Wilkie,St Kilda,FB,3,258,8,7,4,0,5,0,70,14
2025,15.0,2025-06-21,Liam,Stocker,St Kilda,HBFL,2,203,4,7,1,0,4,0,85,11
2025,15.0,2025-06-21,Isaac,Quaynor,Collingwood,HBFR,1,106,3,7,2,0,1,0,88,7
2025,15.0,2025-06-21,Bobby,Hill,Collingwood,HFFL,4,122,0,6,1,0,3,2,67,4
2025,15.0,2025-06-21,Ryan,Byrnes,St Kilda,INT,1,154,1,9,3,0,4,2,64,7
2025,15.0,2025-06-21,Beau,McCreery,Collingwood,HFFR,2,108,0,2,1,2,1,0,100,3
2025,15.0,2025-06-21,Cooper,Sharman,St Kilda,FF,7,190,3,7,0,0,3,0,80,8
2025,15.0,2025-06-21,Mitch,Owens,St Kilda,FPR,5,260,0,3,3,0,1,1,50,6
2025,15.0,2025-06-21,Nasiah,Wanganeen-Milera,St Kilda,CHB,6,632,8,9,6,0,9,0,77,27
2025,15.0,2025-06-21,Nick,Daicos,Collingwood,R,9,416,9,8,4,2,9,0,73,22
2025,15.0,2025-06-21,Marcus,Windhager,St Kilda,BPL,4,101,2,15,2,1,7,0,80,12
2025,15.0,2025-06-21,Ned,Long,Collingwood,RR,3,115,2,27,1,0,5,1,79,11
2025,15.0,2025-06-21,Anthony,Caminiti,St Kilda,INT,1,91,7,4,3,0,4,0,73,8
2025,15.0,2025-06-21,Darcy,Wilson,St Kilda,HFFR,3,272,1,11,2,0,3,0,79,11
2025,15.0,2025-06-21,Lachlan,Sullivan,Collingwood,SUB,2,87,0,17,5,1,2,0,50,3
2025,15.0,2025-06-21,Edward,Allan,Collingwood,INT,4,321,4,17,0,1,3,0,88,15
2025,15.0,2025-06-21,Max,Hall,St Kilda,CHF,7,182,3,16,0,0,9,0,92,11
2025,15.0,2025-06-21,Isaac,Keeler,St Kilda,INT,2,101,1,8,3,0,2,1,63,5
2025,15.0,2025-06-21,Tobie,Travaglia,St Kilda,SUB,0,37,0,2,2,0,1,0,0,0
2025,15.0,2025-06-21,Alixzander,Tauru,St Kilda,HBFR,3,151,3,5,1,0,0,0,78,7
2025,15.0,2025-06-22,Toby,Greene,Greater Western Sydney,FPR,6,358,2,20,6,1,4,2,71,12
2025,15.0,2025-06-22,Lachie,Whitfield,Greater Western Sydney,HBFL,0,99,1,7,1,0,0,0,100,4
2025,15.0,2025-06-22,Jake,Stringer,Greater Western Sydney,SUB,6,271,2,8,1,0,5,2,56,5
2025,15.0,2025-06-22,Jarrod,Witts,Gold Coast,RK,7,166,2,15,3,1,2,1,55,11
2025,15.0,2025-06-22,Josh,Kelly,Greater Western Sydney,WR,6,251,5,20,5,0,7,1,72,13
2025,15.0,2025-06-22,Nick,Holman,Gold Coast,SUB,0,-6,0,1,0,0,0,0,100,1
2025,15.0,2025-06-22,Jesse,Hogan,Greater Western Sydney,FF,4,164,0,3,6,0,3,1,64,7
2025,15.0,2025-06-22,Touk,Miller,Gold Coast,RR,9,321,3,23,3,3,12,3,70,26
2025,15.0,2025-06-22,Lachie,Weller,Gold Coast,INT,2,336,1,11,2,0,3,2,71,10
2025,15.0,2025-06-22,Daniel,Rioli,Gold Coast,HBFR,5,301,2,10,3,0,2,0,74,14
2025,15.0,2025-06-22,Sam,Collins,Gold Coast,BPR,0,204,11,8,5,0,4,0,87,13
2025,15.0,2025-06-22,Harry,Himmelberg,Greater Western Sydney,INT,3,234,4,7,3,0,3,0,80,12
2025,15.0,2025-06-22,Brayden,Fiorini,Gold Coast,WR,5,461,2,18,2,0,5,0,82,18
2025,15.0,2025-06-22,Ben,Ainsworth,Gold Coast,HFFL,10,181,2,15,1,0,3,2,81,13
2025,15.0,2025-06-22,Ben,Long,Gold Coast,FPL,8,226,0,18,1,0,4,3,30,3
2025,15.0,2025-06-22,Wil,Powell,Gold Coast,CHB,2,226,5,9,2,1,3,0,88,15
2025,15.0,2025-06-22,Ben,King,Gold Coast,FPR,6,37,0,4,0,0,3,0,71,5
2025,15.0,2025-06-22,John,Noble,Gold Coast,HBFL,2,458,2,11,4,0,1,0,86,18
2025,15.0,2025-06-22,Connor,Idun,Greater Western Sydney,BPL,1,221,7,5,5,0,2,0,87,13
2025,15.0,2025-06-22,Tom,Green,Greater Western Sydney,R,7,427,1,30,5,4,13,0,65,20
2025,15.0,2025-06-22,Noah,Anderson,Gold Coast,R,15,651,5,21,2,3,8,0,74,31
2025,15.0,2025-06-22,Connor,Budarick,Gold Coast,INT,1,50,0,16,1,0,1,2,33,1
2025,15.0,2025-06-22,Matt,Rowell,Gold Coast,C,9,407,5,30,4,7,12,1,62,21
2025,15.0,2025-06-22,Toby,Bedford,Greater Western Sydney,C,3,118,0,21,3,0,1,0,57,8
2025,15.0,2025-06-22,Lachie,Ash,Greater Western Sydney,HBFR,6,651,5,15,5,0,5,0,82,27
2025,15.0,2025-06-22,Xavier,O'Halloran,Greater Western Sydney,HFFL,5,278,5,19,3,0,8,0,60,12
2025,15.0,2025-06-22,Sam,Flanders,Gold Coast,CHF,9,158,1,17,4,3,4,2,76,22
2025,15.0,2025-06-22,Jake,Riccardi,Greater Western Sydney,INT,7,431,1,17,1,1,0,0,67,10
2025,15.0,2025-06-22,Jack,Buckley,Greater Western Sydney,CHB,4,202,1,7,2,0,0,0,50,5
2025,15.0,2025-06-22,Callum,Brown,Greater Western Sydney,INT,6,381,2,11,2,0,2,0,75,9
2025,15.0,2025-06-22,Joel,Jeffrey,Gold Coast,INT,0,322,6,3,3,0,3,0,71,12
2025,15.0,2025-06-22,Finn,Callaghan,Greater Western Sydney,RR,7,678,5,16,5,0,10,0,71,20
2025,15.0,2025-06-22,Ryan,Angwin,Greater Western Sydney,WL,5,177,2,17,0,1,3,0,88,14
2025,15.0,2025-06-22,Leek,Aleer,Greater Western Sydney,FB,1,99,4,13,0,0,0,0,100,6
2025,15.0,2025-06-22,Mac,Andrew,Gold Coast,FB,0,-13,3,9,2,0,2,0,75,3
2025,15.0,2025-06-22,Bodhi,Uwland,Gold Coast,BPL,1,472,8,10,7,0,7,0,65,11
2025,15.0,2025-06-22,Harry,Rowston,Greater Western Sydney,INT,6,289,2,26,2,0,5,1,75,15
2025,15.0,2025-06-22,Bailey,Humphrey,Gold Coast,HFFR,13,408,3,10,1,0,9,1,78,18
2025,15.0,2025-06-22,Aaron,Cadman,Greater Western Sydney,CHF,5,140,0,13,1,0,1,0,71,5
2025,15.0,2025-06-22,Harvey,Thomas,Greater Western Sydney,FPL,6,185,3,23,0,0,4,4,75,9
2025,15.0,2025-06-22,Jed,Walter,Gold Coast,FF,1,96,0,7,3,0,1,3,25,1
2025,15.0,2025-06-22,Sam,Clohesy,Gold Coast,WL,5,364,3,16,5,0,3,1,75,12
2025,15.0,2025-06-22,Ethan,Read,Gold Coast,INT,2,140,0,9,2,0,3,0,50,5
2025,15.0,2025-06-22,Darcy,Jones,Greater Western Sydney,HFFR,4,135,0,19,3,1,5,3,67,6
2025,15.0,2025-06-22,Joe,Fonti,Greater Western Sydney,BPR,3,135,4,15,4,0,3,0,78,7
2025,15.0,2025-06-22,Nicholas,Madden,Greater Western Sydney,RK,4,112,4,17,1,1,10,0,73,8
2025,15.0,2025-06-22,Tom,Liberatore,Western Bulldogs,R,9,231,8,11,3,2,9,0,89,24
2025,15.0,2025-06-22,Dion,Prestia,Richmond,C,3,90,0,11,3,3,3,0,79,15
2025,15.0,2025-06-22,Tom,Lynch,Richmond,FF,6,126,0,2,5,0,0,0,63,5
2025,15.0,2025-06-22,Adam,Treloar,Western Bulldogs,HFFL,2,140,0,5,4,0,0,0,70,7
2025,15.0,2025-06-22,Nick,Vlastuin,Richmond,HBFR,3,479,9,14,4,0,4,0,79,22
2025,15.0,2025-06-22,Marcus,Bontempelli,Western Bulldogs,RR,12,716,4,11,4,2,13,1,83,30
2025,15.0,2025-06-22,Rory,Lobb,Western Bulldogs,CHB,2,429,9,1,3,0,2,0,76,16
2025,15.0,2025-06-22,Kamdyn,McIntosh,Richmond,INT,4,417,2,11,6,1,5,1,50,10
2025,15.0,2025-06-22,Bailey,Dale,Western Bulldogs,HBFR,3,434,4,10,4,0,3,0,78,18
2025,15.0,2025-06-22,Toby,Nankervis,Richmond,RK,2,43,1,17,1,0,2,0,56,5
2025,15.0,2025-06-22,James,Harmes,Western Bulldogs,WL,3,67,3,12,0,0,2,0,77,10
2025,15.0,2025-06-22,Jacob,Hopper,Richmond,R,1,256,0,14,5,4,7,1,63,12
2025,15.0,2025-06-22,Bailey,Williams,Western Bulldogs,BPR,4,431,5,5,4,0,3,0,92,23
2025,15.0,2025-06-22,Matthew,Kennedy,Western Bulldogs,HFFR,6,406,2,23,6,2,4,1,76,19
2025,15.0,2025-06-22,Nathan,Broad,Richmond,BPR,1,131,9,10,1,0,3,0,85,11
2025,15.0,2025-06-22,Tim,Taranto,Richmond,RR,6,235,2,24,3,4,7,1,71,20
2025,15.0,2025-06-22,Tim,English,Western Bulldogs,RK,11,282,6,6,2,2,5,0,79,19
2025,15.0,2025-06-22,Aaron,Naughton,Western Bulldogs,CHF,6,90,0,6,4,0,3,2,63,5
2025,15.0,2025-06-22,Ed,Richards,Western Bulldogs,C,10,366,4,19,6,3,8,1,78,21
2025,15.0,2025-06-22,Nick,Coffield,Western Bulldogs,BPL,3,276,7,1,2,0,2,0,81,13
2025,15.0,2025-06-22,Noah,Balta,Richmond,FB,1,373,4,6,3,0,2,0,75,9
2025,15.0,2025-06-22,Jack,Ross,Richmond,CHF,4,307,1,13,2,1,5,0,90,17
2025,15.0,2025-06-22,Rhylee,West,Western Bulldogs,FPR,6,240,0,10,2,0,5,1,72,13
2025,15.0,2025-06-22,Laitham,Vandermeer,Western Bulldogs,FPL,4,285,0,11,3,0,2,0,64,7
2025,15.0,2025-06-22,Lachlan,McNeil,Western Bulldogs,INT,7,105,2,6,0,0,5,0,79,11
2025,15.0,2025-06-22,Rhyan,Mansell,Richmond,FPL,4,216,0,13,7,0,1,3,50,5
2025,15.0,2025-06-22,Buku,Khamis,Western Bulldogs,SUB,2,-3,0,4,1,0,2,0,83,5
2025,15.0,2025-06-22,Hugo,Ralphsmith,Richmond,WL,2,196,4,9,2,0,2,0,88,7
2025,15.0,2025-06-22,Lachlan,Bramble,Western Bulldogs,INT,2,364,4,8,4,0,2,0,74,17
2025,15.0,2025-06-22,Ben,Miller,Richmond,BPL,1,186,7,12,1,0,3,0,91,10
2025,15.0,2025-06-22,Tyler,Sonsie,Richmond,INT,4,197,2,2,2,0,2,0,40,4
2025,15.0,2025-06-22,Sam,Darcy,Western Bulldogs,FF,9,290,0,6,2,1,2,1,68,13
2025,15.0,2025-06-22,James,O'Donnell,Western Bulldogs,FB,1,29,4,2,1,0,1,0,71,5
2025,15.0,2025-06-22,Sam,Banks,Richmond,CHB,2,303,4,10,2,1,3,0,72,13
2025,15.0,2025-06-22,Tom,Brown,Richmond,INT,2,214,4,12,2,0,1,0,75,6
2025,15.0,2025-06-22,Seth,Campbell,Richmond,HFFL,2,414,4,16,7,0,4,0,47,7
2025,15.0,2025-06-22,Joel,Freijah,Western Bulldogs,WR,7,186,2,15,1,3,3,0,89,16
2025,15.0,2025-06-22,Steely,Green,Richmond,HFFR,2,125,2,15,0,0,3,1,86,6
2025,15.0,2025-06-22,Kaleb,Smith,Richmond,HBFL,1,286,5,8,7,0,4,0,71,10
2025,15.0,2025-06-22,Luke,Trainor,Richmond,WR,4,205,2,6,0,0,3,0,93,14
2025,15.0,2025-06-22,Sam,Davidson,Western Bulldogs,HBFL,7,545,2,8,3,0,1,1,74,20
2025,15.0,2025-06-22,Josh,Dolan,Western Bulldogs,INT,1,86,1,10,2,0,3,1,63,5
2025,15.0,2025-06-22,Jonty,Faull,Richmond,FPR,3,235,2,5,3,0,2,1,44,4
2025,15.0,2025-06-22,Cooper,Hynes,Western Bulldogs,INT,4,157,0,13,3,0,2,1,80,8
2025,15.0,2025-06-22,Thomas,Sims,Richmond,INT,1,22,0,1,1,0,3,0,50,3
2025,15.0,2025-06-22,Jasper,Alger,Richmond,SUB,2,-8,0,5,0,0,2,1,100,3
2025,16.0,2025-06-26,Travis,Boak,Port Adelaide,INT,8,207,2,19,1,0,4,0,86,18
2025,16.0,2025-06-26,Nick,Haynes,Carlton,INT,5,296,6,10,2,0,4,1,78,14
2025,16.0,2025-06-26,Sam,Docherty,Carlton,HBFR,3,386,1,11,6,1,3,1,79,15
2025,16.0,2025-06-26,Zac,Williams,Carlton,FPR,3,290,1,6,2,4,11,0,78,14
2025,16.0,2025-06-26,Patrick,Cripps,Carlton,C,8,191,1,11,0,2,6,2,82,14
2025,16.0,2025-06-26,Blake,Acres,Carlton,WR,3,159,1,6,1,0,4,2,73,8
2025,16.0,2025-06-26,Orazio,Fantasia,Carlton,BPR,7,293,2,8,4,0,4,0,54,7
2025,16.0,2025-06-26,Adam,Saad,Carlton,HBFL,0,69,1,7,1,0,1,0,50,2
2025,16.0,2025-06-26,Jacob,Weitering,Carlton,FB,1,231,4,3,2,0,3,0,64,7
2025,16.0,2025-06-26,Mitch,McGovern,Carlton,CHF,3,128,1,7,2,0,3,0,38,3
2025,16.0,2025-06-26,George,Hewett,Carlton,RR,6,184,1,25,1,2,8,1,76,16
2025,16.0,2025-06-26,Charlie,Curnow,Carlton,FF,7,292,1,7,3,0,2,2,42,5
2025,16.0,2025-06-26,Darcy,Byrne-Jones,Port Adelaide,CHF,8,225,2,8,1,1,4,1,79,11
2025,16.0,2025-06-26,Aliir,Aliir,Port Adelaide,BPR,2,127,4,4,1,0,4,0,78,7
2025,16.0,2025-06-26,Jack,Silvagni,Carlton,CHB,1,159,6,5,4,0,3,0,100,10
2025,16.0,2025-06-26,Sam,Powell-Pepper,Port Adelaide,HFFL,5,217,3,11,2,0,4,0,82,14
2025,16.0,2025-06-26,Lewis,Young,Carlton,INT,1,96,1,5,3,0,0,0,80,4
2025,16.0,2025-06-26,Lachie,Fogarty,Carlton,INT,5,361,5,16,3,0,5,0,56,9
2025,16.0,2025-06-26,Esava,Ratugolea,Port Adelaide,FB,1,344,11,2,4,0,4,0,85,11
2025,16.0,2025-06-26,Adam,Cerra,Carlton,INT,4,230,0,19,4,3,5,0,65,11
2025,16.0,2025-06-26,Willie,Rioli,Port Adelaide,HFFR,4,115,0,5,1,0,3,0,83,5
2025,16.0,2025-06-26,Kane,Farrell,Port Adelaide,CHB,6,637,6,4,4,0,2,0,73,16
2025,16.0,2025-06-26,Tom,De Koning,Carlton,RK,5,252,3,4,6,1,3,0,67,12
2025,16.0,2025-06-26,Zak,Butters,Port Adelaide,R,12,580,2,8,6,3,5,1,77,23
2025,16.0,2025-06-26,Willem,Drew,Port Adelaide,C,4,159,1,26,1,1,3,0,80,12
2025,16.0,2025-06-26,Connor,Rozee,Port Adelaide,HBFR,8,519,5,13,2,0,3,0,90,27
2025,16.0,2025-06-26,Brandon,Zerk-Thatcher,Port Adelaide,BPL,1,96,5,9,1,0,2,0,75,6
2025,16.0,2025-06-26,Mitch,Georgiades,Port Adelaide,FF,9,289,1,2,4,0,1,1,55,6
2025,16.0,2025-06-26,Miles,Bergman,Port Adelaide,RR,6,463,1,17,5,2,7,0,64,16
2025,16.0,2025-06-26,Lachie,Jones,Port Adelaide,INT,5,201,2,8,0,0,1,0,92,11
2025,16.0,2025-06-26,Jordon,Sweet,Port Adelaide,RK,4,20,0,16,0,0,2,0,83,5
2025,16.0,2025-06-26,Jason,Horne-Francis,Port Adelaide,FPL,4,191,1,5,1,0,2,0,67,6
2025,16.0,2025-06-26,Josh,Sinn,Port Adelaide,HBFL,4,399,2,1,2,0,1,0,71,12
2025,16.0,2025-06-26,Jordan,Boyd,Carlton,BPL,1,281,4,5,0,0,5,0,82,9
2025,16.0,2025-06-26,Jesse,Motlop,Carlton,FPL,3,129,2,20,0,0,4,4,80,8
2025,16.0,2025-06-26,Jase,Burgoyne,Port Adelaide,WL,5,309,4,20,1,0,2,1,80,12
2025,16.0,2025-06-26,Oliver,Hollands,Carlton,R,8,267,3,32,3,0,2,0,89,16
2025,16.0,2025-06-26,Alex,Cincotta,Carlton,HFFL,2,254,2,11,3,0,1,0,63,5
2025,16.0,2025-06-26,Dante,Visentini,Port Adelaide,FPR,5,282,1,13,5,0,2,0,33,4
2025,16.0,2025-06-26,Joe,Richards,Port Adelaide,INT,8,338,1,16,3,1,4,2,73,16
2025,16.0,2025-06-26,Logan,Evans,Port Adelaide,SUB,1,89,1,4,1,0,2,0,60,3
2025,16.0,2025-06-26,Cooper,Lord,Carlton,WL,4,387,3,24,7,1,3,0,56,9
2025,16.0,2025-06-26,Hugh,Jackson,Port Adelaide,INT,7,173,0,12,3,0,3,1,77,13
2025,16.0,2025-06-26,Mani,Liddy,Port Adelaide,WR,6,198,3,11,1,1,3,0,73,8
2025,16.0,2025-06-26,Billy,Wilson,Carlton,HFFR,0,137,1,12,1,0,0,0,71,5
2025,16.0,2025-06-26,Flynn,Young,Carlton,SUB,3,163,0,9,0,0,0,0,40,2
2025,16.0,2025-06-27,Tom,Liberatore,Western Bulldogs,R,2,264,1,25,7,3,7,0,48,10
2025,16.0,2025-06-27,Harry,Cunningham,Sydney,BPL,3,146,2,4,1,0,5,0,75,12
2025,16.0,2025-06-27,Jason,Johannisen,Western Bulldogs,HBFL,2,337,1,6,2,0,1,0,60,6
2025,16.0,2025-06-27,Dane,Rampe,Sydney,INT,2,86,3,1,0,0,2,0,100,5
2025,16.0,2025-06-27,Brodie,Grundy,Sydney,RK,11,304,1,7,2,2,6,0,74,17
2025,16.0,2025-06-27,Jake,Lloyd,Sydney,WR,8,512,6,12,1,0,3,0,68,15
2025,16.0,2025-06-27,Marcus,Bontempelli,Western Bulldogs,RR,3,329,1,21,1,0,3,0,67,12
2025,16.0,2025-06-27,Rory,Lobb,Western Bulldogs,CHB,0,130,5,8,2,0,0,0,43,3
2025,16.0,2025-06-27,Isaac,Heeney,Sydney,RR,9,330,0,23,3,3,4,0,86,18
2025,16.0,2025-06-27,Bailey,Dale,Western Bulldogs,HBFR,4,506,4,13,4,1,2,0,84,21
2025,16.0,2025-06-27,James,Harmes,Western Bulldogs,INT,3,58,2,11,3,1,5,2,71,15
2025,16.0,2025-06-27,Callum,Mills,Sydney,FB,4,287,3,8,0,0,3,0,82,18
2025,16.0,2025-06-27,Tom,Papley,Sydney,FPL,7,420,0,12,4,0,1,1,47,8
2025,16.0,2025-06-27,Bailey,Williams,Western Bulldogs,BPR,5,413,5,8,4,0,4,0,94,17
2025,16.0,2025-06-27,Matthew,Kennedy,Western Bulldogs,HFFR,4,241,0,25,3,1,3,1,60,9
2025,16.0,2025-06-27,Aaron,Francis,Sydney,FF,2,15,2,11,1,0,2,0,86,6
2025,16.0,2025-06-27,Oliver,Florent,Sydney,SUB,1,129,1,5,3,0,1,0,57,4
2025,16.0,2025-06-27,Will,Hayward,Sydney,CHF,3,176,0,18,2,0,4,2,75,9
2025,16.0,2025-06-27,Lewis,Melican,Sydney,BPR,1,181,7,8,4,0,3,0,82,14
2025,16.0,2025-06-27,Tim,English,Western Bulldogs,RK,6,308,5,7,2,4,2,0,81,13
2025,16.0,2025-06-27,Aaron,Naughton,Western Bulldogs,CHF,9,358,1,14,5,0,4,2,56,10
2025,16.0,2025-06-27,Ed,Richards,Western Bulldogs,C,4,233,2,13,4,4,6,1,63,10
2025,16.0,2025-06-27,Nick,Coffield,Western Bulldogs,BPL,0,153,0,5,3,0,0,0,56,5
2025,16.0,2025-06-27,Nick,Blakey,Sydney,CHB,7,515,6,3,7,1,4,0,63,15
2025,16.0,2025-06-27,Justin,McInerney,Sydney,R,7,251,1,8,2,0,2,0,77,13
2025,16.0,2025-06-27,James,Rowbottom,Sydney,INT,3,177,3,23,1,0,6,0,36,5
2025,16.0,2025-06-27,Hayden,McLean,Sydney,HFFL,3,171,3,17,2,0,2,3,50,5
2025,16.0,2025-06-27,Rhylee,West,Western Bulldogs,FPR,2,159,1,16,1,0,5,1,64,7
2025,16.0,2025-06-27,Laitham,Vandermeer,Western Bulldogs,FPL,2,119,2,10,2,0,1,0,67,6
2025,16.0,2025-06-27,Chad,Warner,Sydney,C,6,360,1,19,3,3,6,1,74,14
2025,16.0,2025-06-27,Sam,Wicks,Sydney,HBFR,0,307,5,7,4,0,4,0,72,13
2025,16.0,2025-06-27,Lachlan,McNeil,Western Bulldogs,INT,2,41,0,9,0,0,2,0,33,1
2025,16.0,2025-06-27,James,Jordon,Sydney,FPR,3,215,0,20,3,0,4,3,55,6
2025,16.0,2025-06-27,Errol,Gulden,Sydney,WL,4,540,7,21,3,2,10,1,83,25
2025,16.0,2025-06-27,Braeden,Campbell,Sydney,INT,1,144,0,14,3,1,2,1,25,2
2025,16.0,2025-06-27,Buku,Khamis,Western Bulldogs,SUB,0,27,0,3,1,0,0,0,50,1
2025,16.0,2025-06-27,Lachlan,Bramble,Western Bulldogs,INT,6,653,2,16,5,0,5,0,79,22
2025,16.0,2025-06-27,Angus,Sheldrick,Sydney,INT,1,144,4,25,3,0,7,0,44,7
2025,16.0,2025-06-27,Matt,Roberts,Sydney,HBFL,4,155,4,13,3,0,2,0,62,8
2025,16.0,2025-06-27,Sam,Darcy,Western Bulldogs,FF,6,214,1,7,0,0,4,0,90,9
2025,16.0,2025-06-27,James,O'Donnell,Western Bulldogs,FB,1,208,6,6,3,0,1,0,78,7
2025,16.0,2025-06-27,Jack,Buller,Sydney,HFFR,3,67,0,6,1,0,2,1,83,5
2025,16.0,2025-06-27,Ryley,Sanders,Western Bulldogs,WL,8,315,5,16,1,0,5,1,92,23
2025,16.0,2025-06-27,Joel,Freijah,Western Bulldogs,WR,9,206,6,23,2,2,7,0,87,20
2025,16.0,2025-06-27,Sam,Davidson,Western Bulldogs,HFFL,5,169,3,13,2,0,4,0,58,7
2025,16.0,2025-06-27,Cooper,Hynes,Western Bulldogs,INT,2,16,3,13,2,0,10,0,60,6
2025,16.0,2025-06-28,Jake,Melksham,Melbourne,FPL,12,468,2,6,0,0,5,3,61,11
2025,16.0,2025-06-28,Steven,May,Melbourne,FB,0,163,5,4,0,0,2,0,82,9
2025,16.0,2025-06-28,Max,Gawn,Melbourne,RK,4,85,1,5,3,0,6,0,57,8
2025,16.0,2025-06-28,Alex,Sexton,Gold Coast,SUB,0,107,0,0,1,0,0,0,100,2
2025,16.0,2025-06-28,Jack,Viney,Melbourne,HFFL,7,278,1,15,4,1,5,0,50,12
2025,16.0,2025-06-28,Jarrod,Witts,Gold Coast,RK,2,185,0,10,4,2,1,0,60,6
2025,16.0,2025-06-28,Christian,Salem,Melbourne,INT,4,222,3,12,1,0,3,0,77,17
2025,16.0,2025-06-28,Touk,Miller,Gold Coast,RR,7,277,0,16,2,3,8,2,75,18
2025,16.0,2025-06-28,Lachie,Weller,Gold Coast,WL,3,390,2,8,4,0,3,0,83,10
2025,16.0,2025-06-28,Ed,Langdon,Melbourne,WR,5,116,1,13,1,0,3,0,91,10
2025,16.0,2025-06-28,Daniel,Rioli,Gold Coast,HBFR,9,319,1,12,2,0,2,0,65,11
2025,16.0,2025-06-28,Clayton,Oliver,Melbourne,RR,5,188,3,16,4,4,11,0,67,16
2025,16.0,2025-06-28,Christian,Petracca,Melbourne,C,10,464,2,19,4,2,11,0,56,18
2025,16.0,2025-06-28,Sam,Collins,Gold Coast,BPR,3,86,3,6,0,0,2,0,67,6
2025,16.0,2025-06-28,Brayden,Fiorini,Gold Coast,WR,5,168,3,25,0,0,5,1,94,16
2025,16.0,2025-06-28,Ben,Ainsworth,Gold Coast,HFFL,6,355,0,11,3,0,1,1,80,8
2025,16.0,2025-06-28,Ben,Long,Gold Coast,FPL,7,175,1,8,2,0,1,2,60,6
2025,16.0,2025-06-28,Bayley,Fritsch,Melbourne,CHF,7,166,1,9,1,0,1,1,89,8
2025,16.0,2025-06-28,Wil,Powell,Gold Coast,CHB,2,410,6,6,4,0,3,0,65,11
2025,16.0,2025-06-28,Harrison,Petty,Melbourne,INT,2,39,1,3,1,0,1,1,50,2
2025,16.0,2025-06-28,Tom,Sparrow,Melbourne,WL,5,135,2,17,0,0,2,0,90,9
2025,16.0,2025-06-28,Ben,King,Gold Coast,FPR,7,132,0,2,1,0,2,0,56,5
2025,16.0,2025-06-28,John,Noble,Gold Coast,HBFL,9,624,5,11,2,0,7,0,90,26
2025,16.0,2025-06-28,Kade,Chandler,Melbourne,HFFR,5,234,0,14,1,0,3,2,91,10
2025,16.0,2025-06-28,Noah,Anderson,Gold Coast,R,7,331,5,16,3,3,11,1,74,20
2025,16.0,2025-06-28,Connor,Budarick,Gold Coast,INT,3,124,2,14,4,0,3,1,56,5
2025,16.0,2025-06-28,Matt,Rowell,Gold Coast,C,9,270,2,37,5,5,12,1,75,18
2025,16.0,2025-06-28,Kysaiah,Pickett,Melbourne,FPR,9,537,2,14,6,3,12,0,76,19
2025,16.0,2025-06-28,Trent,Rivers,Melbourne,R,5,468,8,3,6,0,7,0,70,19
2025,16.0,2025-06-28,Sam,Flanders,Gold Coast,CHF,7,139,3,13,3,0,8,0,75,21
2025,16.0,2025-06-28,Harry,Sharp,Melbourne,SUB,4,191,0,8,0,0,0,0,88,7
2025,16.0,2025-06-28,Joel,Jeffrey,Gold Coast,INT,6,382,3,4,2,0,2,0,89,16
2025,16.0,2025-06-28,Jake,Bowey,Melbourne,BPL,6,592,3,10,5,0,4,0,88,22
2025,16.0,2025-06-28,Daniel,Turner,Melbourne,CHB,3,200,5,4,1,0,1,0,58,7
2025,16.0,2025-06-28,Mac,Andrew,Gold Coast,FB,3,105,3,6,1,0,1,0,100,8
2025,16.0,2025-06-28,Judd,McVee,Melbourne,HBFL,2,60,4,4,1,0,2,0,92,11
2025,16.0,2025-06-28,Bodhi,Uwland,Gold Coast,BPL,5,217,4,13,2,0,1,0,100,13
2025,16.0,2025-06-28,Bailey,Humphrey,Gold Coast,HFFR,7,355,0,20,2,2,3,0,67,8
2025,16.0,2025-06-28,Blake,Howes,Melbourne,BPR,0,36,1,0,0,0,2,0,80,4
2025,16.0,2025-06-28,Jed,Walter,Gold Coast,FF,3,183,1,6,2,0,4,0,63,5
2025,16.0,2025-06-28,Sam,Clohesy,Gold Coast,INT,4,197,2,13,2,0,3,0,64,7
2025,16.0,2025-06-28,Ethan,Read,Gold Coast,INT,3,149,0,3,1,0,1,0,29,2
2025,16.0,2025-06-28,Koltyn,Tholstrup,Melbourne,INT,4,92,1,12,2,1,3,0,80,8
2025,16.0,2025-06-28,Matthew,Jefferson,Melbourne,FF,3,133,1,10,1,0,2,0,50,3
2025,16.0,2025-06-28,Harvey,Langford,Melbourne,INT,2,273,3,13,2,0,8,0,74,14
2025,16.0,2025-06-28,Xavier,Lindsay,Melbourne,HBFR,2,159,2,13,1,0,2,0,75,9
2025,16.0,2025-06-28,Jack,Gunston,Hawthorn,CHF,11,296,1,6,2,0,4,1,87,13
2025,16.0,2025-06-28,Jack,Darling,North Melbourne,FF,5,123,0,9,0,0,0,2,100,7
2025,16.0,2025-06-28,Luke,Parker,North Melbourne,HFFL,7,703,2,7,5,1,8,0,69,20
2025,16.0,2025-06-28,Jarman,Impey,Hawthorn,HBFL,5,322,6,11,3,0,6,0,71,12
2025,16.0,2025-06-28,Luke,McDonald,North Melbourne,BPL,1,200,2,7,1,0,1,0,78,7
2025,16.0,2025-06-28,Karl,Amon,Hawthorn,BPR,11,782,6,8,4,0,3,0,85,28
2025,16.0,2025-06-28,Caleb,Daniel,North Melbourne,CHB,5,507,6,8,4,1,5,0,85,22
2025,16.0,2025-06-28,Tom,Barrass,Hawthorn,FB,3,44,5,5,1,0,5,0,100,8
2025,16.0,2025-06-28,Blake,Hardwick,Hawthorn,HFFL,1,244,5,6,3,0,3,0,80,8
2025,16.0,2025-06-28,Mabior,Chol,Hawthorn,FF,10,378,1,12,4,0,4,1,79,11
2025,16.0,2025-06-28,Jy,Simpkin,North Melbourne,WR,7,276,4,23,4,1,4,0,81,13
2025,16.0,2025-06-28,Griffin,Logue,North Melbourne,BPR,1,85,4,6,0,0,3,0,100,10
2025,16.0,2025-06-28,Zac,Fisher,North Melbourne,INT,3,282,1,4,5,0,2,0,56,5
2025,16.0,2025-06-28,Josh,Battle,Hawthorn,BPL,3,363,8,7,3,0,4,0,83,15
2025,16.0,2025-06-28,Cameron,Zurhaar,North Melbourne,FPR,4,143,0,16,1,0,1,2,50,4
2025,16.0,2025-06-28,Nick,Larkey,North Melbourne,CHF,9,288,1,9,1,0,4,1,71,10
2025,16.0,2025-06-28,Harry,Morrison,Hawthorn,HBFR,7,218,1,21,2,1,1,0,75,9
2025,16.0,2025-06-28,Luke,Davies-Uniacke,North Melbourne,C,7,534,4,14,8,5,11,0,71,20
2025,16.0,2025-06-28,Conor,Nash,Hawthorn,C,7,464,1,21,7,4,5,0,81,17
2025,16.0,2025-06-28,Dylan,Moore,Hawthorn,WR,7,123,1,8,0,0,4,1,93,14
2025,16.0,2025-06-28,Changkuoth,Jiath,Hawthorn,INT,5,214,8,6,2,0,5,0,87,13
2025,16.0,2025-06-28,Tristan,Xerri,North Melbourne,RK,4,171,4,9,2,1,6,3,83,15
2025,16.0,2025-06-28,Dylan,Stephens,North Melbourne,WL,0,55,2,11,4,1,4,0,73,8
2025,16.0,2025-06-28,Lloyd,Meek,Hawthorn,RK,5,198,1,14,2,3,2,0,73,8
2025,16.0,2025-06-28,Tom,Powell,North Melbourne,R,2,84,1,8,1,0,2,0,57,8
2025,16.0,2025-06-28,Jai,Newcombe,Hawthorn,RR,9,484,2,13,4,3,5,0,70,19
2025,16.0,2025-06-28,Jack,Ginnivan,Hawthorn,FPR,7,216,0,19,2,0,4,1,74,14
2025,16.0,2025-06-28,Connor,Macdonald,Hawthorn,INT,10,204,0,11,1,0,4,2,81,13
2025,16.0,2025-06-28,Josh,Ward,Hawthorn,R,9,526,1,15,1,1,2,1,55,11
2025,16.0,2025-06-28,Paul,Curtis,North Melbourne,FPL,4,287,3,18,5,0,2,2,55,6
2025,16.0,2025-06-28,Sam,Butler,Hawthorn,INT,3,131,0,8,2,2,2,1,63,5
2025,16.0,2025-06-28,Massimo,D'Ambrosio,Hawthorn,WL,4,535,1,9,4,0,0,0,88,14
2025,16.0,2025-06-28,Harry,Sheezel,North Melbourne,HBFR,6,246,1,19,4,2,4,1,70,14
2025,16.0,2025-06-28,Cam,Mackenzie,Hawthorn,INT,7,284,5,24,5,2,6,0,80,16
2025,16.0,2025-06-28,Seamus,Mitchell,Hawthorn,SUB,2,73,5,0,1,0,4,0,88,7
2025,16.0,2025-06-28,Josh,Weddle,Hawthorn,CHB,6,182,4,10,2,0,4,0,67,8
2025,16.0,2025-06-28,Max,Ramsden,Hawthorn,FPL,7,230,1,6,1,1,1,0,83,10
2025,16.0,2025-06-28,George,Wardlaw,North Melbourne,INT,1,58,0,9,1,1,0,0,0,0
2025,16.0,2025-06-28,Robert,Hansen Jr,North Melbourne,SUB,3,224,4,9,4,0,3,1,60,6
2025,16.0,2025-06-28,Nick,Watson,Hawthorn,HFFR,8,324,2,5,4,1,3,0,77,10
2025,16.0,2025-06-28,Colby,McKercher,North Melbourne,HFFR,5,497,4,5,8,0,4,0,82,28
2025,16.0,2025-06-28,Toby,Pink,North Melbourne,FB,1,67,2,11,1,0,1,0,100,7
2025,16.0,2025-06-28,Riley,Hardeman,North Melbourne,INT,2,181,3,9,0,0,2,0,100,5
2025,16.0,2025-06-28,Wil,Dawson,North Melbourne,RR,1,155,6,11,2,0,2,0,89,8
2025,16.0,2025-06-28,Jacob,Konstanty,North Melbourne,INT,6,150,3,10,2,0,2,1,55,6
2025,16.0,2025-06-28,Finn,O'Sullivan,North Melbourne,HBFL,5,125,3,10,2,0,2,0,80,8
2025,16.0,2025-06-28,Scott,Pendlebury,Collingwood,C,8,576,1,14,4,5,7,0,75,21
2025,16.0,2025-06-28,Steele,Sidebottom,Collingwood,INT,5,235,3,25,2,0,4,2,75,15
2025,16.0,2025-06-28,Jamie,Cripps,West Coast,INT,3,78,0,18,2,0,3,4,43,3
2025,16.0,2025-06-28,Jeremy,Howe,Collingwood,FB,5,355,6,7,4,0,2,0,94,16
2025,16.0,2025-06-28,Will,Hoskin-Elliott,Collingwood,FPL,3,367,1,13,2,0,5,1,91,10
2025,16.0,2025-06-28,Jack,Crisp,Collingwood,WL,4,587,4,25,8,0,9,1,70,19
2025,16.0,2025-06-28,Jamie,Elliott,Collingwood,HFFR,4,252,0,15,1,0,2,3,88,7
2025,16.0,2025-06-28,Daniel,McStay,Collingwood,INT,4,168,1,7,0,1,3,1,55,6
2025,16.0,2025-06-28,Tim,Membrey,Collingwood,CHF,3,172,1,10,1,0,1,0,67,4
2025,16.0,2025-06-28,Liam,Duggan,West Coast,HBFL,4,621,7,12,5,0,3,0,70,19
2025,16.0,2025-06-28,Darcy,Moore,Collingwood,CHB,1,248,9,6,2,0,2,0,92,11
2025,16.0,2025-06-28,Jayden,Hunt,West Coast,SUB,0,29,0,2,1,0,0,0,0,0
2025,16.0,2025-06-28,Oleg,Markov,Collingwood,SUB,1,83,1,0,0,0,1,0,100,3
2025,16.0,2025-06-28,Dan,Houston,Collingwood,BPR,6,284,5,13,2,0,2,0,94,17
2025,16.0,2025-06-28,Harry,Perryman,Collingwood,HBFR,1,170,6,16,1,0,4,0,92,12
2025,16.0,2025-06-28,Josh,Daicos,Collingwood,HBFL,5,524,7,6,6,1,6,0,63,19
2025,16.0,2025-06-28,Jack,Graham,West Coast,HFFR,4,275,4,27,6,0,6,1,68,13
2025,16.0,2025-06-28,Patrick,Lipinski,Collingwood,HFFL,7,229,2,22,5,0,5,1,74,14
2025,16.0,2025-06-28,Tim,Kelly,West Coast,INT,6,155,2,9,0,0,5,1,75,9
2025,16.0,2025-06-28,Liam,Ryan,West Coast,FPR,7,267,1,11,1,1,3,0,67,8
2025,16.0,2025-06-28,Brody,Mihocek,Collingwood,FPR,5,239,1,12,3,0,2,0,80,8
2025,16.0,2025-06-28,Darcy,Cameron,Collingwood,RK,7,246,4,9,4,4,7,0,47,9
2025,16.0,2025-06-28,Liam,Baker,West Coast,HBFR,4,328,10,13,5,0,10,0,77,27
2025,16.0,2025-06-28,Isaac,Quaynor,Collingwood,INT,0,234,3,9,2,0,0,0,78,7
2025,16.0,2025-06-28,Harry,Edwards,West Coast,FB,1,202,9,7,1,0,2,0,92,11
2025,16.0,2025-06-28,Bailey J.,Williams,West Coast,INT,4,103,1,4,1,1,3,0,67,6
2025,16.0,2025-06-28,Tyler,Brockman,West Coast,HFFL,4,168,2,12,1,0,1,3,70,7
2025,16.0,2025-06-28,Matt,Flynn,West Coast,RK,5,260,1,10,3,1,4,2,53,8
2025,16.0,2025-06-28,Nick,Daicos,Collingwood,R,9,707,0,13,7,2,3,0,74,25
2025,16.0,2025-06-28,Brady,Hough,West Coast,C,7,344,1,19,2,2,4,0,100,27
2025,16.0,2025-06-28,Jack,Williams,West Coast,FF,5,194,1,3,2,0,1,2,46,5
2025,16.0,2025-06-28,Ned,Long,Collingwood,RR,4,258,0,24,5,1,6,0,71,15
2025,16.0,2025-06-28,Reuben,Ginbey,West Coast,CHB,1,222,4,5,3,0,6,0,80,12
2025,16.0,2025-06-28,Elijah,Hewett,West Coast,FPL,2,300,2,11,2,0,3,0,69,11
2025,16.0,2025-06-28,Ryan,Maric,West Coast,BPL,3,312,4,15,2,0,3,0,81,17
2025,16.0,2025-06-28,Charlie,Dean,Collingwood,BPL,2,31,1,4,1,0,1,0,100,4
2025,16.0,2025-06-28,Harley,Reid,West Coast,R,3,119,1,22,5,3,5,0,82,14
2025,16.0,2025-06-28,Lachlan,Sullivan,Collingwood,INT,6,141,0,18,6,0,4,1,62,8
2025,16.0,2025-06-28,Edward,Allan,Collingwood,WR,5,152,5,11,1,0,7,0,63,10
2025,16.0,2025-06-28,Jack,Hutchinson,West Coast,WL,3,327,3,16,3,0,2,0,74,14
2025,16.0,2025-06-28,Clay,Hall,West Coast,WR,3,220,2,13,4,0,5,1,77,17
2025,16.0,2025-06-28,Sandy,Brock,West Coast,BPR,2,241,4,2,3,0,2,0,92,12
2025,16.0,2025-06-28,Bo,Allan,West Coast,INT,1,99,2,4,2,0,1,0,82,9
2025,16.0,2025-06-28,Tom,McCarthy,West Coast,RR,2,639,6,5,7,0,5,0,72,21
2025,16.0,2025-06-28,Charlie,West,Collingwood,FF,1,-10,0,17,2,0,2,1,75,3
2025,16.0,2025-06-28,Jobe,Shanahan,West Coast,CHF,3,143,2,11,0,0,3,0,100,8
2025,16.0,2025-06-29,Taylor,Walker,Adelaide,FF,7,355,0,7,7,0,5,0,63,10
2025,16.0,2025-06-29,Brodie,Smith,Adelaide,INT,2,185,9,16,2,0,8,0,90,18
2025,16.0,2025-06-29,Dion,Prestia,Richmond,C,6,414,1,21,7,3,9,1,55,16
2025,16.0,2025-06-29,Tom,Lynch,Richmond,FF,2,45,0,7,4,0,1,1,100,2
2025,16.0,2025-06-29,Rory,Laird,Adelaide,BPR,7,189,5,6,4,0,5,1,85,22
2025,16.0,2025-06-29,Nick,Vlastuin,Richmond,HBFR,1,317,3,7,5,0,3,0,73,11
2025,16.0,2025-06-29,Kamdyn,McIntosh,Richmond,SUB,3,53,2,0,1,0,2,0,57,4
2025,16.0,2025-06-29,Alex,Neal-Bullen,Adelaide,INT,5,133,3,8,3,0,7,0,75,12
2025,16.0,2025-06-29,Toby,Nankervis,Richmond,RK,4,164,0,7,2,3,2,0,82,14
2025,16.0,2025-06-29,Wayne,Milera,Adelaide,HBFR,7,498,8,3,4,0,4,0,82,22
2025,16.0,2025-06-29,Ben,Keays,Adelaide,HFFL,5,255,1,14,2,1,4,0,53,8
2025,16.0,2025-06-29,Jacob,Hopper,Richmond,R,5,494,2,11,6,2,6,0,61,17
2025,16.0,2025-06-29,Nathan,Broad,Richmond,HBFL,1,291,5,7,1,0,1,0,79,11
2025,16.0,2025-06-29,Reilly,O'Brien,Adelaide,RK,8,209,0,14,2,1,2,0,50,7
2025,16.0,2025-06-29,Tim,Taranto,Richmond,RR,1,218,0,29,5,3,3,0,63,12
2025,16.0,2025-06-29,Jordan,Dawson,Adelaide,C,12,527,1,17,2,1,7,1,69,18
2025,16.0,2025-06-29,Darcy,Fogarty,Adelaide,FPR,4,182,0,11,1,0,2,3,63,5
2025,16.0,2025-06-29,Lachlan,Murphy,Adelaide,SUB,1,75,0,4,0,0,2,1,63,5
2025,16.0,2025-06-29,Isaac,Cumming,Adelaide,WL,2,225,3,11,4,0,2,0,60,6
2025,16.0,2025-06-29,Noah,Balta,Richmond,BPR,3,254,3,9,2,0,1,0,64,9
2025,16.0,2025-06-29,Jack,Ross,Richmond,INT,4,261,2,17,5,4,12,0,74,17
2025,16.0,2025-06-29,Mitchell,Hinge,Adelaide,FPL,7,393,5,9,0,0,2,0,78,18
2025,16.0,2025-06-29,Izak,Rankine,Adelaide,RR,11,295,3,13,4,2,8,1,65,13
2025,16.0,2025-06-29,Mark,Keane,Adelaide,CHB,6,263,4,4,1,0,3,0,89,16
2025,16.0,2025-06-29,Jordon,Butts,Adelaide,FB,3,37,5,2,1,0,0,0,100,10
2025,16.0,2025-06-29,Sam,Berry,Adelaide,INT,9,309,0,16,2,1,5,0,87,20
2025,16.0,2025-06-29,Rhyan,Mansell,Richmond,FPR,2,171,1,12,2,0,1,1,100,7
2025,16.0,2025-06-29,Riley,Thilthorpe,Adelaide,CHF,12,276,3,6,3,0,5,0,69,11
2025,16.0,2025-06-29,Hugo,Ralphsmith,Richmond,WL,2,222,6,12,3,0,7,1,82,14
2025,16.0,2025-06-29,Josh,Worrell,Adelaide,BPL,6,492,9,2,2,0,6,0,75,18
2025,16.0,2025-06-29,James,Peatling,Adelaide,R,5,352,1,17,3,0,4,1,75,15
2025,16.0,2025-06-29,Ben,Miller,Richmond,BPL,2,195,7,8,3,0,4,0,55,6
2025,16.0,2025-06-29,Jake,Soligo,Adelaide,HFFR,1,184,2,26,3,2,7,0,67,10
2025,16.0,2025-06-29,Josh,Rachele,Adelaide,INT,4,120,0,8,0,0,1,0,50,3
2025,16.0,2025-06-29,Tyler,Sonsie,Richmond,CHF,3,193,2,14,1,0,4,0,58,7
2025,16.0,2025-06-29,Max,Michalanney,Adelaide,HBFL,7,146,0,5,0,0,3,1,90,9
2025,16.0,2025-06-29,Sam,Banks,Richmond,CHB,4,822,1,17,5,0,1,0,84,21
2025,16.0,2025-06-29,Tom,Brown,Richmond,INT,1,97,5,6,1,0,4,0,82,9
2025,16.0,2025-06-29,Seth,Campbell,Richmond,HFFR,2,171,0,14,4,0,2,0,64,7
2025,16.0,2025-06-29,Mykelti,Lefau,Richmond,INT,0,67,1,4,1,0,1,0,0,0
2025,16.0,2025-06-29,Daniel,Curtin,Adelaide,WR,11,495,8,12,2,2,6,0,81,21
2025,16.0,2025-06-29,Steely,Green,Richmond,HFFL,1,8,1,7,1,0,0,0,75,3
2025,16.0,2025-06-29,Jacob,Blight,Richmond,FB,2,213,7,3,3,0,2,0,75,9
2025,16.0,2025-06-29,Luke,Trainor,Richmond,WR,3,151,1,14,4,0,3,0,44,4
2025,16.0,2025-06-29,Jonty,Faull,Richmond,FPL,3,170,1,6,1,0,1,1,86,6
2025,16.0,2025-06-29,Jasper,Alger,Richmond,INT,4,168,1,9,3,0,4,0,73,8
2025,16.0,2025-06-29,Nat,Fyfe,Fremantle,SUB,0,0,0,0,0,0,0,0,0,0
2025,16.0,2025-06-29,Jack,Macrae,St Kilda,RR,3,233,3,18,7,1,12,1,54,14
2025,16.0,2025-06-29,Mason,Wood,St Kilda,WL,8,317,4,11,2,0,4,1,53,8
2025,16.0,2025-06-29,Jack,Sinclair,St Kilda,HBFR,4,462,2,6,1,0,1,1,82,18
2025,16.0,2025-06-29,Jack,Steele,St Kilda,R,6,248,2,24,6,1,8,1,59,13
2025,16.0,2025-06-29,Oscar,McDonald,Fremantle,BPR,0,158,4,7,2,0,2,0,62,8
2025,16.0,2025-06-29,Corey,Wagner,Fremantle,INT,3,167,1,14,0,0,3,2,89,8
2025,16.0,2025-06-29,Dan,Butler,St Kilda,WR,2,111,0,13,4,0,2,1,33,2
2025,16.0,2025-06-29,Shai,Bolton,Fremantle,C,9,259,1,18,2,0,3,1,60,9
2025,16.0,2025-06-29,Luke,Ryan,Fremantle,BPL,2,400,5,11,3,0,3,0,94,17
2025,16.0,2025-06-29,Brennan,Cox,Fremantle,FB,2,183,5,8,1,0,1,0,83,10
2025,16.0,2025-06-29,Sean,Darcy,Fremantle,INT,8,225,2,9,1,3,3,0,59,10
2025,16.0,2025-06-29,Rowan,Marshall,St Kilda,RK,10,343,4,16,4,4,7,1,59,13
2025,16.0,2025-06-29,Hunter,Clark,St Kilda,INT,5,187,1,16,1,1,6,3,88,14
2025,16.0,2025-06-29,Bailey,Banfield,Fremantle,INT,2,224,2,11,2,0,1,0,92,11
2025,16.0,2025-06-29,Andrew,Brayshaw,Fremantle,R,7,483,4,19,6,0,2,1,68,17
2025,16.0,2025-06-29,Jack,Higgins,St Kilda,HFFL,4,137,1,7,5,0,4,0,53,8
2025,16.0,2025-06-29,Jordan,Clark,Fremantle,HBFR,6,517,14,18,8,0,8,0,77,24
2025,16.0,2025-06-29,Callum,Wilkie,St Kilda,FB,2,264,5,10,1,0,1,0,94,15
2025,16.0,2025-06-29,Liam,Stocker,St Kilda,HBFL,2,50,3,7,2,0,2,0,80,8
2025,16.0,2025-06-29,Luke,Jackson,Fremantle,RK,7,150,1,17,1,0,6,2,73,11
2025,16.0,2025-06-29,Caleb,Serong,Fremantle,RR,5,329,2,28,3,1,5,0,72,13
2025,16.0,2025-06-29,Michael,Frederick,Fremantle,CHF,6,176,2,10,1,0,5,0,71,10
2025,16.0,2025-06-29,Liam,Henry,St Kilda,INT,5,88,1,5,1,0,3,0,92,11
2025,16.0,2025-06-29,Heath,Chapman,Fremantle,HBFL,2,278,2,8,2,0,1,0,78,7
2025,16.0,2025-06-29,Josh,Treacy,Fremantle,FF,6,248,2,9,0,0,0,1,88,7
2025,16.0,2025-06-29,Cooper,Sharman,St Kilda,FF,6,206,1,5,2,0,1,0,80,8
2025,16.0,2025-06-29,Mitch,Owens,St Kilda,FPR,8,183,1,10,1,0,3,0,86,12
2025,16.0,2025-06-29,Nasiah,Wanganeen-Milera,St Kilda,CHB,6,796,1,7,5,0,2,0,75,21
2025,16.0,2025-06-29,Nathan,O'Driscoll,Fremantle,WR,6,323,2,15,4,0,5,0,53,9
2025,16.0,2025-06-29,Neil,Erasmus,Fremantle,INT,7,350,2,14,3,1,5,1,71,12
2025,16.0,2025-06-29,Marcus,Windhager,St Kilda,BPL,4,424,2,16,5,0,4,0,81,17
2025,16.0,2025-06-29,Jack,Carroll,St Kilda,SUB,0,0,0,2,0,0,0,0,0,0
2025,16.0,2025-06-29,Jye,Amiss,Fremantle,FPR,4,120,0,8,0,0,0,2,50,2
2025,16.0,2025-06-29,Anthony,Caminiti,St Kilda,FPL,2,156,6,9,3,0,3,0,71,10
2025,16.0,2025-06-29,Matthew,Johnson,Fremantle,WL,4,171,2,11,1,1,3,0,78,14
2025,16.0,2025-06-29,Karl,Worner,Fremantle,CHB,6,325,7,6,2,0,1,0,58,7
2025,16.0,2025-06-29,Darcy,Wilson,St Kilda,HFFR,3,139,0,12,3,0,0,1,75,9
2025,16.0,2025-06-29,Hugo,Garcia,St Kilda,C,6,314,2,16,0,6,7,1,79,19
2025,16.0,2025-06-29,Patrick,Voss,Fremantle,FPL,5,132,1,5,2,0,2,0,75,6
2025,16.0,2025-06-29,Murphy,Reid,Fremantle,HFFL,5,236,1,14,2,0,4,0,60,9
2025,16.0,2025-06-29,Max,Hall,St Kilda,CHF,11,406,3,16,4,0,5,2,76,16
2025,16.0,2025-06-29,Isaac,Keeler,St Kilda,INT,3,48,0,8,1,0,1,0,67,2
2025,16.0,2025-06-29,Tobie,Travaglia,St Kilda,INT,0,227,3,8,5,0,3,0,83,10
2025,16.0,2025-06-29,Isaiah,Dudley,Fremantle,HFFR,3,81,1,13,2,1,1,1,40,2
2025,16.0,2025-06-29,Alixzander,Tauru,St Kilda,BPR,1,65,3,11,0,0,3,0,89,8
2025,17.0,2025-07-03,Tom,Liberatore,Western Bulldogs,R,11,498,6,39,4,4,11,0,82,22
2025,17.0,2025-07-03,Jason,Johannisen,Western Bulldogs,HBFL,4,301,5,4,2,0,3,0,80,12
2025,17.0,2025-07-03,Taylor,Duryea,Western Bulldogs,INT,2,121,1,11,1,0,0,0,88,7
2025,17.0,2025-07-03,Marcus,Bontempelli,Western Bulldogs,RR,11,311,3,29,3,0,3,0,84,21
2025,17.0,2025-07-03,Rory,Lobb,Western Bulldogs,CHB,3,243,10,2,2,0,3,0,87,13
2025,17.0,2025-07-03,Bailey,Dale,Western Bulldogs,HBFR,4,341,0,9,3,0,1,0,69,9
2025,17.0,2025-07-03,Caleb,Daniel,North Melbourne,CHB,2,390,3,14,7,0,4,0,60,15
2025,17.0,2025-07-03,Bailey,Williams,Western Bulldogs,INT,4,212,4,5,3,0,3,1,82,14
2025,17.0,2025-07-03,Matthew,Kennedy,Western Bulldogs,HFFR,7,362,2,21,4,0,7,0,84,21
2025,17.0,2025-07-03,Jy,Simpkin,North Melbourne,WR,5,215,2,19,5,4,6,0,81,13
2025,17.0,2025-07-03,Griffin,Logue,North Melbourne,BPR,1,118,4,7,3,0,2,0,85,11
2025,17.0,2025-07-03,Tim,English,Western Bulldogs,RK,7,245,3,9,0,1,1,0,77,10
2025,17.0,2025-07-03,Cameron,Zurhaar,North Melbourne,FPR,5,266,1,14,2,0,3,3,70,7
2025,17.0,2025-07-03,Nick,Larkey,North Melbourne,CHF,7,71,1,5,1,0,2,0,78,7
2025,17.0,2025-07-03,Luke,Davies-Uniacke,North Melbourne,C,1,65,1,6,3,1,2,0,67,4
2025,17.0,2025-07-03,Aaron,Naughton,Western Bulldogs,CHF,10,278,0,2,2,0,1,1,71,10
2025,17.0,2025-07-03,Ed,Richards,Western Bulldogs,C,7,547,3,17,5,7,10,0,58,15
2025,17.0,2025-07-03,Nick,Coffield,Western Bulldogs,BPR,3,195,8,7,0,0,4,0,75,9
2025,17.0,2025-07-03,Bailey,Scott,North Melbourne,HBFR,5,330,1,9,3,1,4,0,78,14
2025,17.0,2025-07-03,Rhylee,West,Western Bulldogs,INT,5,99,2,16,2,0,4,1,100,13
2025,17.0,2025-07-03,Laitham,Vandermeer,Western Bulldogs,FPL,6,204,3,10,3,0,4,2,71,12
2025,17.0,2025-07-03,Tristan,Xerri,North Melbourne,RK,5,191,3,11,3,2,3,0,53,9
2025,17.0,2025-07-03,Dylan,Stephens,North Melbourne,WL,3,183,3,7,2,1,4,0,88,14
2025,17.0,2025-07-03,Lachlan,McNeil,Western Bulldogs,SUB,0,0,0,0,0,0,0,0,0,0
2025,17.0,2025-07-03,Tom,Powell,North Melbourne,R,3,333,1,22,6,2,8,0,68,17
2025,17.0,2025-07-03,Will,Phillips,North Melbourne,INT,6,172,1,31,2,3,4,0,69,11
2025,17.0,2025-07-03,Caleb,Poulter,Western Bulldogs,HFFL,4,116,0,14,3,0,4,3,60,6
2025,17.0,2025-07-03,Riley,Garcia,Western Bulldogs,FPR,6,191,1,18,3,0,6,2,72,13
2025,17.0,2025-07-03,Lachlan,Bramble,Western Bulldogs,BPL,5,313,3,6,1,0,3,0,85,17
2025,17.0,2025-07-03,Paul,Curtis,North Melbourne,FPL,5,206,0,9,2,0,1,4,86,6
2025,17.0,2025-07-03,Sam,Darcy,Western Bulldogs,FF,7,326,0,10,4,1,1,1,75,9
2025,17.0,2025-07-03,Harry,Sheezel,North Melbourne,RR,7,236,4,28,2,2,6,2,73,16
2025,17.0,2025-07-03,James,O'Donnell,Western Bulldogs,FB,2,163,7,4,0,0,2,0,90,9
2025,17.0,2025-07-03,Cooper,Harvey,North Melbourne,INT,2,260,2,7,1,0,5,0,67,10
2025,17.0,2025-07-03,Robert,Hansen Jr,North Melbourne,SUB,2,236,2,10,3,0,3,0,64,7
2025,17.0,2025-07-03,Zane,Duursma,North Melbourne,INT,2,146,0,6,3,0,2,0,67,4
2025,17.0,2025-07-03,Colby,McKercher,North Melbourne,HFFR,7,555,3,10,6,0,5,0,78,25
2025,17.0,2025-07-03,Toby,Pink,North Melbourne,FB,0,41,7,10,1,0,3,0,70,7
2025,17.0,2025-07-03,Ryley,Sanders,Western Bulldogs,WL,7,268,2,11,4,0,1,0,87,20
2025,17.0,2025-07-03,Riley,Hardeman,North Melbourne,INT,1,523,3,10,4,0,2,0,85,17
2025,17.0,2025-07-03,Joel,Freijah,Western Bulldogs,WR,6,252,0,9,3,1,2,0,83,10
2025,17.0,2025-07-03,Wil,Dawson,North Melbourne,BPL,2,257,6,8,3,0,2,0,63,5
2025,17.0,2025-07-03,Jacob,Konstanty,North Melbourne,HFFL,4,66,1,13,0,0,3,1,75,6
2025,17.0,2025-07-03,Finn,O'Sullivan,North Melbourne,HBFL,2,115,3,9,2,0,2,0,82,9
2025,17.0,2025-07-03,Cooper,Hynes,Western Bulldogs,INT,4,86,2,12,1,0,2,1,73,8
2025,17.0,2025-07-03,Finnbar,Maley,North Melbourne,FF,1,69,1,14,1,0,2,2,88,7
2025,17.0,2025-07-04,Scott,Pendlebury,Collingwood,C,7,268,2,21,2,5,5,2,77,17
2025,17.0,2025-07-04,Jeremy,Howe,Collingwood,FB,2,165,3,4,0,0,2,0,100,7
2025,17.0,2025-07-04,Will,Hoskin-Elliott,Collingwood,HFFL,2,387,0,9,3,0,2,1,80,12
2025,17.0,2025-07-04,Jack,Crisp,Collingwood,WR,6,564,2,15,6,0,4,1,63,15
2025,17.0,2025-07-04,Jamie,Elliott,Collingwood,FF,8,346,0,15,4,0,3,0,53,8
2025,17.0,2025-07-04,Nick,Haynes,Carlton,CHB,2,321,4,2,3,0,1,0,83,10
2025,17.0,2025-07-04,Sam,Docherty,Carlton,HBFR,3,431,5,14,5,1,5,0,73,16
2025,17.0,2025-07-04,Zac,Williams,Carlton,HFFR,8,470,0,13,4,1,6,0,53,10
2025,17.0,2025-07-04,Tom,Mitchell,Collingwood,INT,9,195,2,21,0,2,9,0,85,22
2025,17.0,2025-07-04,Patrick,Cripps,Carlton,C,5,356,3,24,6,4,9,0,76,19
2025,17.0,2025-07-04,Blake,Acres,Carlton,WR,5,305,4,17,3,0,6,0,70,14
2025,17.0,2025-07-04,Daniel,McStay,Collingwood,INT,5,305,1,15,2,1,3,1,70,7
2025,17.0,2025-07-04,Tim,Membrey,Collingwood,FPL,4,126,1,9,0,0,2,2,89,8
2025,17.0,2025-07-04,Orazio,Fantasia,Carlton,FPL,4,143,1,11,2,0,1,1,75,6
2025,17.0,2025-07-04,Brayden,Maynard,Collingwood,BPL,7,493,7,17,1,0,4,0,91,19
2025,17.0,2025-07-04,Darcy,Moore,Collingwood,BPR,1,270,10,9,3,0,2,0,69,9
2025,17.0,2025-07-04,Jacob,Weitering,Carlton,FB,3,141,9,5,1,0,3,0,71,10
2025,17.0,2025-07-04,Mitch,McGovern,Carlton,BPR,3,444,1,19,6,1,1,0,67,10
2025,17.0,2025-07-04,George,Hewett,Carlton,R,4,69,3,24,2,3,6,0,67,12
2025,17.0,2025-07-04,Marc,Pittonet,Carlton,RK,2,70,4,10,2,0,2,1,82,14
2025,17.0,2025-07-04,Charlie,Curnow,Carlton,FF,10,356,1,6,3,0,3,0,67,12
2025,17.0,2025-07-04,Oleg,Markov,Collingwood,INT,2,296,1,12,2,0,2,0,83,10
2025,17.0,2025-07-04,Dan,Houston,Collingwood,CHB,4,173,4,15,1,0,4,0,91,10
2025,17.0,2025-07-04,Harry,Perryman,Collingwood,INT,3,341,6,8,4,0,4,0,80,12
2025,17.0,2025-07-04,Josh,Daicos,Collingwood,HBFL,5,555,7,9,7,0,7,0,78,21
2025,17.0,2025-07-04,Patrick,Lipinski,Collingwood,CHF,10,281,2,18,1,0,3,1,77,13
2025,17.0,2025-07-04,Lachie,Fogarty,Carlton,HFFL,3,102,0,15,0,0,3,0,100,7
2025,17.0,2025-07-04,Adam,Cerra,Carlton,INT,5,400,2,24,5,3,9,0,71,20
2025,17.0,2025-07-04,Brody,Mihocek,Collingwood,FPR,6,212,0,12,2,0,0,2,50,6
2025,17.0,2025-07-04,Darcy,Cameron,Collingwood,RK,6,173,5,16,4,0,2,0,70,14
2025,17.0,2025-07-04,Tom,De Koning,Carlton,CHF,5,62,2,7,2,1,0,0,91,10
2025,17.0,2025-07-04,Isaac,Quaynor,Collingwood,HBFR,4,244,6,10,3,0,1,1,89,16
2025,17.0,2025-07-04,Francis,Evans,Carlton,INT,4,189,0,5,0,0,0,0,83,10
2025,17.0,2025-07-04,Nick,Daicos,Collingwood,R,13,615,3,17,3,2,9,1,64,23
2025,17.0,2025-07-04,Jesse,Motlop,Carlton,INT,4,192,0,14,1,0,3,0,63,5
2025,17.0,2025-07-04,Ned,Long,Collingwood,RR,4,270,0,25,2,1,4,0,75,12
2025,17.0,2025-07-04,Lachlan,Cowan,Carlton,HBFL,3,588,5,6,4,0,5,0,80,16
2025,17.0,2025-07-04,Oliver,Hollands,Carlton,RR,2,315,1,31,4,0,4,0,83,20
2025,17.0,2025-07-04,Lachlan,Sullivan,Collingwood,HFFR,6,270,1,20,2,0,7,0,70,14
2025,17.0,2025-07-04,Wil,Parker,Collingwood,SUB,0,98,4,3,1,0,1,0,40,2
2025,17.0,2025-07-04,Ashton,Moir,Carlton,FPR,3,146,0,12,2,1,0,0,78,7
2025,17.0,2025-07-04,Cooper,Lord,Carlton,WL,3,304,3,22,3,0,8,0,44,8
2025,17.0,2025-07-04,Matthew,Carroll,Carlton,INT,1,301,4,15,2,0,2,0,82,9
2025,17.0,2025-07-04,Harry,O'Farrell,Carlton,BPL,0,174,6,7,3,0,4,0,50,4
2025,17.0,2025-07-04,Flynn,Young,Carlton,SUB,0,189,0,3,4,0,0,0,50,3
2025,17.0,2025-07-04,Roan,Steele,Collingwood,WL,3,309,0,12,5,0,1,1,68,13
2025,17.0,2025-07-04,Jamie,Cripps,West Coast,WL,4,258,1,15,2,1,2,1,90,9
2025,17.0,2025-07-04,Toby,Greene,Greater Western Sydney,FPR,10,348,2,7,6,1,4,0,44,8
2025,17.0,2025-07-04,Jake,Stringer,Greater Western Sydney,INT,7,325,5,11,4,1,6,1,57,8
2025,17.0,2025-07-04,Josh,Kelly,Greater Western Sydney,WR,9,312,5,18,3,1,6,0,70,19
2025,17.0,2025-07-04,Liam,Duggan,West Coast,HBFR,2,733,6,9,12,0,2,1,71,20
2025,17.0,2025-07-04,Harry,Himmelberg,Greater Western Sydney,HBFL,1,453,8,10,3,1,5,0,86,18
2025,17.0,2025-07-04,Jack,Graham,West Coast,INT,2,267,3,17,2,1,5,0,81,13
2025,17.0,2025-07-04,Tim,Kelly,West Coast,R,3,235,2,15,3,0,4,0,64,9
2025,17.0,2025-07-04,Liam,Ryan,West Coast,FPL,4,198,2,15,2,1,6,1,50,6
2025,17.0,2025-07-04,Liam,Baker,West Coast,HBFL,2,225,4,16,4,0,3,0,73,8
2025,17.0,2025-07-04,Connor,Idun,Greater Western Sydney,BPL,2,163,8,6,3,0,3,0,70,14
2025,17.0,2025-07-04,Tom,Green,Greater Western Sydney,R,7,476,4,9,4,3,10,0,74,26
2025,17.0,2025-07-04,Toby,Bedford,Greater Western Sydney,C,7,186,3,12,3,1,8,0,71,10
2025,17.0,2025-07-04,Lachie,Ash,Greater Western Sydney,HBFR,1,515,8,12,4,0,8,0,79,23
2025,17.0,2025-07-04,Harry,Edwards,West Coast,FB,0,192,5,4,4,0,5,0,60,6
2025,17.0,2025-07-04,Xavier,O'Halloran,Greater Western Sydney,HFFL,9,645,2,17,5,2,10,0,59,16
2025,17.0,2025-07-04,Jake,Riccardi,Greater Western Sydney,FPL,6,156,1,18,4,0,4,1,50,6
2025,17.0,2025-07-04,Bailey J.,Williams,West Coast,INT,2,148,0,10,1,1,0,1,50,3
2025,17.0,2025-07-04,Jack,Buckley,Greater Western Sydney,CHB,3,117,5,3,1,0,5,0,67,8
2025,17.0,2025-07-04,Tyler,Brockman,West Coast,INT,2,79,2,16,2,0,3,2,67,8
2025,17.0,2025-07-04,Matt,Flynn,West Coast,RK,0,271,6,8,8,0,3,0,40,6
2025,17.0,2025-07-04,Kieren,Briggs,Greater Western Sydney,RK,6,133,5,11,2,1,2,1,70,7
2025,17.0,2025-07-04,Callum,Brown,Greater Western Sydney,FF,5,355,2,9,4,0,3,0,69,11
2025,17.0,2025-07-04,Brady,Hough,West Coast,RR,1,334,3,13,5,1,5,0,83,15
2025,17.0,2025-07-04,Jack,Williams,West Coast,FF,1,-2,0,6,0,0,1,1,100,1
2025,17.0,2025-07-04,Finn,Callaghan,Greater Western Sydney,RR,9,854,3,5,6,2,7,1,70,26
2025,17.0,2025-07-04,Ryan,Angwin,Greater Western Sydney,WL,7,409,12,13,4,0,9,0,71,17
2025,17.0,2025-07-04,Leek,Aleer,Greater Western Sydney,FB,3,157,9,8,3,0,3,0,89,8
2025,17.0,2025-07-04,Reuben,Ginbey,West Coast,BPL,1,273,11,7,5,0,8,0,75,12
2025,17.0,2025-07-04,Elijah,Hewett,West Coast,HFFR,1,334,1,11,8,3,9,0,67,14
2025,17.0,2025-07-04,Harry,Rowston,Greater Western Sydney,INT,3,331,2,14,5,1,2,0,50,6
2025,17.0,2025-07-04,Aaron,Cadman,Greater Western Sydney,CHF,4,214,1,13,5,0,2,1,64,7
2025,17.0,2025-07-04,Ryan,Maric,West Coast,FPR,1,322,6,16,2,0,7,0,90,18
2025,17.0,2025-07-04,Harvey,Thomas,Greater Western Sydney,SUB,1,156,1,2,2,1,0,0,83,5
2025,17.0,2025-07-04,Harley,Reid,West Coast,C,4,368,0,21,8,2,8,1,63,15
2025,17.0,2025-07-04,Darcy,Jones,Greater Western Sydney,HFFR,7,340,1,13,4,1,7,1,65,11
2025,17.0,2025-07-04,Jack,Hutchinson,West Coast,WR,2,217,1,11,5,0,2,1,64,7
2025,17.0,2025-07-04,Max,Gruzewski,Greater Western Sydney,INT,1,16,0,9,1,0,3,0,100,2
2025,17.0,2025-07-04,Joe,Fonti,Greater Western Sydney,BPR,2,204,3,16,3,0,2,0,69,11
2025,17.0,2025-07-04,Clay,Hall,West Coast,HFFL,1,313,3,21,6,0,5,1,56,10
2025,17.0,2025-07-04,James,Leake,Greater Western Sydney,INT,2,84,3,3,1,0,3,0,80,8
2025,17.0,2025-07-04,Sandy,Brock,West Coast,CHB,1,282,9,8,4,0,5,0,79,11
2025,17.0,2025-07-04,Bo,Allan,West Coast,INT,2,61,5,9,0,0,4,0,100,10
2025,17.0,2025-07-04,Tom,McCarthy,West Coast,BPR,3,461,4,11,2,0,2,0,90,17
2025,17.0,2025-07-04,Jobe,Shanahan,West Coast,CHF,3,254,6,11,4,0,3,3,79,11
2025,17.0,2025-07-04,Malakai,Champion,West Coast,SUB,1,158,0,4,4,0,1,0,17,1
2025,17.0,2025-07-05,Todd,Goldstein,Essendon,RK,4,83,4,8,2,1,5,0,67,6
2025,17.0,2025-07-05,Alex,Sexton,Gold Coast,SUB,1,20,0,0,0,0,1,0,100,1
2025,17.0,2025-07-05,Zach,Merrett,Essendon,C,9,488,5,20,2,6,13,0,78,31
2025,17.0,2025-07-05,Touk,Miller,Gold Coast,RR,9,409,2,26,4,2,7,1,68,17
2025,17.0,2025-07-05,Peter,Wright,Essendon,FF,3,78,4,6,1,0,4,1,67,6
2025,17.0,2025-07-05,Jayden,Laverde,Essendon,FB,3,215,4,5,0,0,1,0,100,9
2025,17.0,2025-07-05,Lachie,Weller,Gold Coast,WL,2,343,3,7,5,0,3,0,82,14
2025,17.0,2025-07-05,Daniel,Rioli,Gold Coast,HBFR,4,383,6,10,4,0,6,0,79,15
2025,17.0,2025-07-05,Jade,Gresham,Essendon,SUB,0,-1,0,7,1,0,0,1,100,1
2025,17.0,2025-07-05,Brayden,Fiorini,Gold Coast,WR,5,168,5,25,1,0,7,0,80,16
2025,17.0,2025-07-05,Andrew,McGrath,Essendon,BPL,4,138,4,12,1,0,4,0,83,10
2025,17.0,2025-07-05,Ben,Ainsworth,Gold Coast,HFFL,5,223,1,11,3,0,2,1,57,8
2025,17.0,2025-07-05,Ben,Long,Gold Coast,FPL,4,63,1,9,2,0,3,0,63,5
2025,17.0,2025-07-05,Will,Setterfield,Essendon,INT,2,275,1,21,3,0,4,3,59,13
2025,17.0,2025-07-05,Jordan,Ridley,Essendon,CHB,2,365,7,4,4,0,1,0,78,14
2025,17.0,2025-07-05,Wil,Powell,Gold Coast,CHB,4,273,3,11,3,0,5,0,85,17
2025,17.0,2025-07-05,Xavier,Duursma,Essendon,WL,3,321,2,17,6,0,1,0,69,11
2025,17.0,2025-07-05,Ben,King,Gold Coast,FPR,5,65,0,5,2,0,1,0,83,5
2025,17.0,2025-07-05,John,Noble,Gold Coast,HBFL,5,549,6,11,8,0,4,0,72,21
2025,17.0,2025-07-05,Jye,Caldwell,Essendon,RR,3,277,1,16,2,0,2,1,80,12
2025,17.0,2025-07-05,Noah,Anderson,Gold Coast,R,8,581,2,19,6,4,6,0,73,22
2025,17.0,2025-07-05,Connor,Budarick,Gold Coast,INT,3,202,3,13,3,0,3,0,58,7
2025,17.0,2025-07-05,Matt,Rowell,Gold Coast,C,4,125,4,32,3,1,5,1,67,10
2025,17.0,2025-07-05,Sam,Flanders,Gold Coast,CHF,7,177,1,14,3,2,3,0,88,21
2025,17.0,2025-07-05,Jaxon,Prior,Essendon,INT,2,85,4,5,3,0,2,0,67,4
2025,17.0,2025-07-05,Archie,Perkins,Essendon,HFFL,0,107,2,16,2,0,3,3,44,4
2025,17.0,2025-07-05,Sam,Durham,Essendon,R,7,407,2,23,6,6,11,0,63,17
2025,17.0,2025-07-05,Joel,Jeffrey,Gold Coast,INT,6,740,8,9,5,0,4,0,84,27
2025,17.0,2025-07-05,Nic,Martin,Essendon,HFFR,2,314,3,11,6,0,7,0,68,15
2025,17.0,2025-07-05,Ben,Hobbs,Essendon,HBFL,4,272,0,16,5,0,8,1,74,14
2025,17.0,2025-07-05,Mac,Andrew,Gold Coast,FB,3,336,3,5,1,0,1,0,100,12
2025,17.0,2025-07-05,Bodhi,Uwland,Gold Coast,BPL,1,252,9,6,3,0,3,0,75,12
2025,17.0,2025-07-05,Bailey,Humphrey,Gold Coast,HFFR,7,329,2,20,1,1,6,0,78,14
2025,17.0,2025-07-05,Ned,Moyle,Gold Coast,RK,4,158,2,4,1,0,3,0,78,7
2025,17.0,2025-07-05,Jed,Walter,Gold Coast,FF,3,255,0,8,5,0,0,1,70,7
2025,17.0,2025-07-05,Sam,Clohesy,Gold Coast,INT,6,283,1,13,2,0,5,0,87,13
2025,17.0,2025-07-05,Ethan,Read,Gold Coast,INT,5,133,1,6,0,0,3,0,50,3
2025,17.0,2025-07-05,Nate,Caddy,Essendon,CHF,5,349,1,5,1,0,1,1,75,9
2025,17.0,2025-07-05,Archie,Roberts,Essendon,BPR,0,462,5,14,8,0,4,0,65,13
2025,17.0,2025-07-05,Isaac,Kako,Essendon,FPR,7,183,4,15,1,0,8,3,77,13
2025,17.0,2025-07-05,Angus,Clarke,Essendon,HBFR,2,351,1,8,5,0,2,0,69,9
2025,17.0,2025-07-05,Zak,Johnson,Essendon,FPL,4,209,3,12,1,0,3,0,94,15
2025,17.0,2025-07-05,Luamon,Lual,Essendon,INT,4,118,3,7,5,0,3,0,90,9
2025,17.0,2025-07-05,Lachlan,Blakiston,Essendon,WR,0,66,7,9,1,0,3,0,64,7
2025,17.0,2025-07-05,Archer,May,Essendon,INT,4,199,0,15,0,0,0,2,63,5
2025,17.0,2025-07-05,Oscar,Adams,Gold Coast,BPR,2,111,3,8,2,0,3,0,78,7
2025,17.0,2025-07-05,Patrick,Dangerfield,Geelong,FPL,8,263,3,14,1,1,4,1,69,9
2025,17.0,2025-07-05,Mitch,Duncan,Geelong,SUB,0,0,0,0,0,0,0,0,0,0
2025,17.0,2025-07-05,Rhys,Stanley,Geelong,RK,10,227,1,12,1,3,7,0,67,14
2025,17.0,2025-07-05,Dion,Prestia,Richmond,C,5,202,4,20,2,0,5,0,85,17
2025,17.0,2025-07-05,Jeremy,Cameron,Geelong,FF,12,466,0,4,3,0,2,0,58,11
2025,17.0,2025-07-05,Mark,Blicavs,Geelong,BPR,6,88,2,7,1,0,5,0,91,10
2025,17.0,2025-07-05,Nick,Vlastuin,Richmond,HBFL,6,347,8,16,6,0,6,0,71,15
2025,17.0,2025-07-05,Jack,Martin,Geelong,INT,5,565,5,7,6,0,2,0,80,20
2025,17.0,2025-07-05,Kamdyn,McIntosh,Richmond,WL,3,257,5,5,5,0,7,0,65,11
2025,17.0,2025-07-05,Toby,Nankervis,Richmond,RK,3,192,2,16,5,3,8,0,50,9
2025,17.0,2025-07-05,Jacob,Hopper,Richmond,R,7,363,2,17,5,2,5,0,70,19
2025,17.0,2025-07-05,Nathan,Broad,Richmond,BPR,3,136,5,7,2,0,2,0,71,12
2025,17.0,2025-07-05,Jack,Bowes,Geelong,RR,3,277,7,16,2,0,4,2,67,10
2025,17.0,2025-07-05,Tim,Taranto,Richmond,RR,5,184,1,19,2,1,5,0,84,21
2025,17.0,2025-07-05,Tom,Stewart,Geelong,HBFL,5,311,5,6,1,0,3,0,88,15
2025,17.0,2025-07-05,Mark,O'Connor,Geelong,WL,5,218,3,10,3,0,0,0,93,14
2025,17.0,2025-07-05,Zach,Guthrie,Geelong,CHB,9,509,6,11,0,0,3,0,92,23
2025,17.0,2025-07-05,Jack,Henry,Geelong,FB,3,259,6,2,2,0,1,0,93,13
2025,17.0,2025-07-05,Noah,Balta,Richmond,FF,3,131,1,7,4,0,1,0,43,3
2025,17.0,2025-07-05,Tom,Atkins,Geelong,R,4,134,2,37,1,1,5,2,82,14
2025,17.0,2025-07-05,Gryan,Miers,Geelong,HFFR,12,465,2,17,3,0,8,0,83,24
2025,17.0,2025-07-05,Jack,Ross,Richmond,INT,6,269,1,26,3,0,5,0,69,11
2025,17.0,2025-07-05,Brad,Close,Geelong,HFFL,8,194,1,14,4,0,1,1,64,9
2025,17.0,2025-07-05,Oliver,Henry,Geelong,WR,4,192,2,13,2,0,2,3,60,6
2025,17.0,2025-07-05,Max,Holmes,Geelong,C,7,781,3,17,10,4,10,0,58,21
2025,17.0,2025-07-05,Rhyan,Mansell,Richmond,HFFL,7,423,1,20,6,0,4,0,77,17
2025,17.0,2025-07-05,Hugo,Ralphsmith,Richmond,WR,2,125,2,4,1,0,5,0,63,5
2025,17.0,2025-07-05,Maurice,Rioli,Richmond,SUB,8,395,1,13,2,0,6,1,74,14
2025,17.0,2025-07-05,Ben,Miller,Richmond,BPL,4,308,3,6,0,0,1,0,92,12
2025,17.0,2025-07-05,Oliver,Dempsey,Geelong,INT,4,362,2,15,1,0,6,1,67,12
2025,17.0,2025-07-05,Shannon,Neale,Geelong,FPR,7,272,0,14,3,0,5,2,86,12
2025,17.0,2025-07-05,Tyler,Sonsie,Richmond,INT,5,168,2,9,0,0,4,0,88,15
2025,17.0,2025-07-05,Oisin,Mullin,Geelong,INT,2,89,3,13,0,2,6,0,90,9
2025,17.0,2025-07-05,Sam,Banks,Richmond,CHB,8,350,1,16,2,0,2,0,89,23
2025,17.0,2025-07-05,Tom,Brown,Richmond,HBFR,3,377,5,6,1,0,2,0,67,10
2025,17.0,2025-07-05,Seth,Campbell,Richmond,HFFR,4,216,2,10,2,0,5,0,90,17
2025,17.0,2025-07-05,Shaun,Mannagh,Geelong,CHF,8,389,0,13,4,0,6,0,60,12
2025,17.0,2025-07-05,Connor,O'Sullivan,Geelong,BPL,2,175,4,9,3,0,3,0,100,10
2025,17.0,2025-07-05,Lawson,Humphries,Geelong,HBFR,6,191,1,12,0,0,1,0,92,12
2025,17.0,2025-07-05,Jacob,Blight,Richmond,FB,1,402,2,6,2,0,1,0,100,17
2025,17.0,2025-07-05,Sam,Lalor,Richmond,CHF,0,0,0,1,0,0,0,0,0,0
2025,17.0,2025-07-05,Luke,Trainor,Richmond,INT,2,247,3,9,4,0,5,0,63,10
2025,17.0,2025-07-05,Jonty,Faull,Richmond,FPR,5,228,0,11,2,0,2,0,44,4
2025,17.0,2025-07-05,Thomas,Sims,Richmond,INT,2,116,2,12,1,0,2,0,71,5
2025,17.0,2025-07-05,Jasper,Alger,Richmond,FPL,1,30,0,8,1,0,1,0,67,2
2025,17.0,2025-07-05,George,Stevens,Geelong,INT,14,342,0,14,1,4,5,0,86,18
2025,17.0,2025-07-05,Travis,Boak,Port Adelaide,INT,8,283,1,10,3,0,6,0,82,22
2025,17.0,2025-07-05,Ryan,Lester,Brisbane Lions,FB,1,152,4,5,0,0,2,0,67,2
2025,17.0,2025-07-05,Sam,Day,Brisbane Lions,FPR,0,5,1,10,1,0,1,0,100,1
2025,17.0,2025-07-05,Lachie,Neale,Brisbane Lions,R,10,275,1,14,5,2,8,0,72,21
2025,17.0,2025-07-05,Dayne,Zorko,Brisbane Lions,BPL,5,648,6,5,4,0,4,0,70,16
2025,17.0,2025-07-05,Ollie,Wines,Port Adelaide,INT,9,270,0,20,3,5,6,2,86,19
2025,17.0,2025-07-05,Darcy,Gardiner,Brisbane Lions,SUB,1,54,0,2,1,0,0,0,100,2
2025,17.0,2025-07-05,Charlie,Cameron,Brisbane Lions,HFFL,5,196,1,8,3,0,1,0,60,6
2025,17.0,2025-07-05,Harris,Andrews,Brisbane Lions,CHB,3,219,7,1,2,0,2,0,93,14
2025,17.0,2025-07-05,Callum,Ah Chee,Brisbane Lions,INT,6,233,2,6,1,0,1,0,75,9
2025,17.0,2025-07-05,Josh,Dunkley,Brisbane Lions,RR,6,130,0,30,2,0,1,0,77,13
2025,17.0,2025-07-05,Darcy,Byrne-Jones,Port Adelaide,CHF,5,218,3,9,5,1,3,2,60,9
2025,17.0,2025-07-05,Aliir,Aliir,Port Adelaide,BPR,2,149,6,8,0,0,1,0,92,11
2025,17.0,2025-07-05,Eric,Hipwood,Brisbane Lions,CHF,6,184,1,5,2,0,0,0,78,7
2025,17.0,2025-07-05,Sam,Powell-Pepper,Port Adelaide,HFFL,4,227,0,6,4,0,1,0,88,14
2025,17.0,2025-07-05,Jarrod,Berry,Brisbane Lions,WR,4,367,5,11,1,0,1,0,88,14
2025,17.0,2025-07-05,Hugh,McCluggage,Brisbane Lions,C,10,577,2,20,3,4,9,0,59,17
2025,17.0,2025-07-05,Cam,Rayner,Brisbane Lions,HFFR,7,313,1,17,4,3,3,0,55,12
2025,17.0,2025-07-05,Esava,Ratugolea,Port Adelaide,FB,0,0,0,2,0,0,0,0,0,0
2025,17.0,2025-07-05,Willie,Rioli,Port Adelaide,HFFR,5,119,0,1,1,0,2,0,88,7
2025,17.0,2025-07-05,Zac,Bailey,Brisbane Lions,WL,12,594,2,14,3,0,7,0,69,18
2025,17.0,2025-07-05,Kane,Farrell,Port Adelaide,INT,4,391,2,12,3,0,3,0,90,17
2025,17.0,2025-07-05,Brandon,Starcevich,Brisbane Lions,HBFR,1,153,3,9,5,0,0,0,43,3
2025,17.0,2025-07-05,Zak,Butters,Port Adelaide,R,12,584,2,22,4,2,6,0,61,19
2025,17.0,2025-07-05,Willem,Drew,Port Adelaide,WR,3,191,3,24,2,2,6,0,67,14
2025,17.0,2025-07-05,Connor,Rozee,Port Adelaide,HBFR,8,680,7,17,3,0,3,0,77,24
2025,17.0,2025-07-05,Jack,Lukosius,Port Adelaide,FPR,5,360,1,6,3,0,3,0,79,11
2025,17.0,2025-07-05,Noah,Answerth,Brisbane Lions,HBFL,3,355,3,10,1,0,1,0,100,11
2025,17.0,2025-07-05,Darcy,Fort,Brisbane Lions,RK,5,56,1,14,0,0,1,0,67,4
2025,17.0,2025-07-05,Brandon,Zerk-Thatcher,Port Adelaide,BPL,0,138,3,2,2,0,2,0,75,6
2025,17.0,2025-07-05,Mitch,Georgiades,Port Adelaide,FF,5,229,0,3,0,0,2,0,60,6
2025,17.0,2025-07-05,Miles,Bergman,Port Adelaide,RR,1,422,3,24,4,1,6,0,88,15
2025,17.0,2025-07-05,Lachie,Jones,Port Adelaide,CHB,2,208,3,9,3,0,2,0,75,9
2025,17.0,2025-07-05,Jordon,Sweet,Port Adelaide,RK,5,81,0,9,1,0,2,1,62,8
2025,17.0,2025-07-05,Jason,Horne-Francis,Port Adelaide,C,4,318,3,11,4,3,4,1,74,14
2025,17.0,2025-07-05,Josh,Sinn,Port Adelaide,HBFL,2,151,6,7,0,0,3,0,90,9
2025,17.0,2025-07-05,Kai,Lohmann,Brisbane Lions,FPL,6,245,2,8,4,1,9,2,79,11
2025,17.0,2025-07-05,Jase,Burgoyne,Port Adelaide,WL,2,166,6,11,5,0,5,0,53,8
2025,17.0,2025-07-05,Darcy,Wilmot,Brisbane Lions,BPR,4,351,3,14,2,1,5,0,72,13
2025,17.0,2025-07-05,Will,Ashcroft,Brisbane Lions,INT,8,80,2,11,1,6,6,0,87,20
2025,17.0,2025-07-05,Jaspa,Fletcher,Brisbane Lions,INT,4,378,5,11,1,0,3,0,74,14
2025,17.0,2025-07-05,Dante,Visentini,Port Adelaide,FPL,0,0,0,0,0,0,0,0,0,0
2025,17.0,2025-07-05,Logan,Morris,Brisbane Lions,FF,5,165,1,0,2,0,3,0,88,7
2025,17.0,2025-07-05,Joe,Richards,Port Adelaide,INT,3,169,1,12,5,0,3,2,57,8
2025,17.0,2025-07-05,Levi,Ashcroft,Brisbane Lions,INT,4,346,3,12,2,0,6,0,63,12
2025,17.0,2025-07-05,Hugh,Jackson,Port Adelaide,SUB,4,235,0,8,1,0,2,0,83,10
2025,17.0,2025-07-05,Jack,Gunston,Hawthorn,CHF,7,363,1,4,1,0,0,0,67,6
2025,17.0,2025-07-05,Bradley,Hill,St Kilda,SUB,4,170,1,6,1,1,2,0,92,12
2025,17.0,2025-07-05,Jack,Macrae,St Kilda,RR,9,343,5,19,3,0,9,0,69,18
2025,17.0,2025-07-05,Jimmy,Webster,St Kilda,HBFL,0,27,0,2,0,0,0,0,100,1
2025,17.0,2025-07-05,Jarman,Impey,Hawthorn,HBFL,4,595,4,9,5,0,0,0,82,18
2025,17.0,2025-07-05,Mason,Wood,St Kilda,WL,6,341,1,10,6,0,3,1,57,8
2025,17.0,2025-07-05,Jack,Sinclair,St Kilda,HBFR,5,388,1,16,0,0,1,0,83,20
2025,17.0,2025-07-05,James,Sicily,Hawthorn,CHB,2,253,4,13,3,0,3,0,75,12
2025,17.0,2025-07-05,Karl,Amon,Hawthorn,BPR,5,553,3,12,4,0,0,0,76,16
2025,17.0,2025-07-05,Jack,Steele,St Kilda,R,4,179,1,23,2,0,9,2,69,18
2025,17.0,2025-07-05,Tom,Barrass,Hawthorn,FB,3,56,9,4,1,0,4,0,92,12
2025,17.0,2025-07-05,Blake,Hardwick,Hawthorn,HBFR,1,244,3,17,1,1,4,0,64,9
2025,17.0,2025-07-05,Mabior,Chol,Hawthorn,FF,5,62,0,16,2,1,4,1,43,3
2025,17.0,2025-07-05,Dan,Butler,St Kilda,WR,3,140,1,19,2,0,2,1,73,8
2025,17.0,2025-07-05,Josh,Battle,Hawthorn,BPL,1,293,9,9,2,0,5,0,91,21
2025,17.0,2025-07-05,Rowan,Marshall,St Kilda,RK,9,237,2,14,2,2,6,1,67,14
2025,17.0,2025-07-05,Harry,Morrison,Hawthorn,HFFL,7,353,2,9,2,1,0,0,89,16
2025,17.0,2025-07-05,Hunter,Clark,St Kilda,INT,5,249,3,15,1,1,6,0,79,15
2025,17.0,2025-07-05,Jack,Higgins,St Kilda,HFFL,4,86,0,17,2,0,5,0,67,6
2025,17.0,2025-07-05,James,Worpel,Hawthorn,INT,2,115,3,21,3,0,8,0,43,6
2025,17.0,2025-07-05,Conor,Nash,Hawthorn,C,4,233,0,19,4,1,2,0,47,9
2025,17.0,2025-07-05,Callum,Wilkie,St Kilda,FB,4,151,2,11,0,0,1,0,100,9
2025,17.0,2025-07-05,Dylan,Moore,Hawthorn,WR,8,340,0,13,3,1,4,0,65,11
2025,17.0,2025-07-05,Changkuoth,Jiath,Hawthorn,INT,5,348,5,6,1,0,3,0,89,16
2025,17.0,2025-07-05,Liam,Henry,St Kilda,INT,4,103,0,10,3,2,2,1,56,5
2025,17.0,2025-07-05,Lloyd,Meek,Hawthorn,RK,10,176,2,17,3,1,4,0,65,13
2025,17.0,2025-07-05,Jai,Newcombe,Hawthorn,RR,5,287,5,27,4,3,5,2,68,15
2025,17.0,2025-07-05,Jack,Ginnivan,Hawthorn,FPR,5,180,0,13,1,0,5,0,68,13
2025,17.0,2025-07-05,Cooper,Sharman,St Kilda,FF,5,127,1,13,1,0,1,0,78,7
2025,17.0,2025-07-05,Mitch,Owens,St Kilda,FPR,3,41,1,9,1,0,7,1,70,7
2025,17.0,2025-07-05,Nasiah,Wanganeen-Milera,St Kilda,CHB,11,1010,7,10,6,2,10,0,67,29
2025,17.0,2025-07-05,Connor,Macdonald,Hawthorn,INT,3,140,0,15,2,0,2,1,89,8
2025,17.0,2025-07-05,Josh,Ward,Hawthorn,R,4,58,0,22,1,0,5,1,93,13
2025,17.0,2025-07-05,Marcus,Windhager,St Kilda,BPL,7,554,4,16,6,0,7,0,48,13
2025,17.0,2025-07-05,Massimo,D'Ambrosio,Hawthorn,WL,7,644,1,17,3,0,1,0,80,16
2025,17.0,2025-07-05,Cam,Mackenzie,Hawthorn,INT,2,183,2,19,4,0,2,0,64,9
2025,17.0,2025-07-05,Anthony,Caminiti,St Kilda,FPL,2,92,4,10,1,0,3,0,100,9
2025,17.0,2025-07-05,Seamus,Mitchell,Hawthorn,SUB,1,20,0,6,0,0,0,0,100,1
2025,17.0,2025-07-05,Max,Ramsden,Hawthorn,FPL,2,112,0,3,1,0,0,0,100,5
2025,17.0,2025-07-05,Nick,Watson,Hawthorn,HFFR,6,126,1,3,0,0,6,1,90,9
2025,17.0,2025-07-05,Darcy,Wilson,St Kilda,HFFR,1,151,1,14,3,0,2,0,73,8
2025,17.0,2025-07-05,Angus,Hastie,St Kilda,INT,0,328,5,10,5,0,3,0,43,6
2025,17.0,2025-07-05,Hugo,Garcia,St Kilda,C,5,215,1,10,3,3,10,2,77,13
2025,17.0,2025-07-05,Max,Hall,St Kilda,CHF,9,587,3,24,5,0,11,0,70,19
2025,17.0,2025-07-05,Isaac,Keeler,St Kilda,INT,1,-1,0,8,0,0,0,2,100,1
2025,17.0,2025-07-05,Alixzander,Tauru,St Kilda,BPR,2,155,7,7,1,0,4,0,62,8
2025,17.0,2025-07-06,Harry,Cunningham,Sydney,INT,3,186,3,5,2,0,2,0,88,14
2025,17.0,2025-07-06,Jaeger,O'Meara,Fremantle,SUB,4,69,2,4,1,0,1,0,88,7
2025,17.0,2025-07-06,Brodie,Grundy,Sydney,RK,8,243,1,8,3,2,5,1,70,14
2025,17.0,2025-07-06,Jake,Lloyd,Sydney,WL,6,343,3,19,1,1,3,2,85,17
2025,17.0,2025-07-06,Isaac,Heeney,Sydney,RR,8,340,1,20,3,1,3,1,57,12
2025,17.0,2025-07-06,Alex,Pearce,Fremantle,BPR,2,79,7,6,1,0,2,0,75,6
2025,17.0,2025-07-06,Joel,Hamling,Sydney,CHB,2,105,5,5,2,0,0,0,82,9
2025,17.0,2025-07-06,Callum,Mills,Sydney,HBFL,3,355,5,11,1,1,3,0,92,24
2025,17.0,2025-07-06,Tom,Papley,Sydney,HFFR,0,114,0,10,4,0,1,2,38,3
2025,17.0,2025-07-06,Corey,Wagner,Fremantle,C,4,452,3,18,3,0,2,2,77,17
2025,17.0,2025-07-06,Will,Hayward,Sydney,CHF,3,68,0,22,2,0,9,7,50,6
2025,17.0,2025-07-06,Lewis,Melican,Sydney,BPL,2,212,6,6,1,0,3,1,83,10
2025,17.0,2025-07-06,Shai,Bolton,Fremantle,HFFR,2,346,1,17,6,5,7,0,53,9
2025,17.0,2025-07-06,Luke,Ryan,Fremantle,BPL,6,210,5,10,1,1,3,0,91,19
2025,17.0,2025-07-06,Brennan,Cox,Fremantle,FB,1,73,1,1,1,0,0,0,67,4
2025,17.0,2025-07-06,Sean,Darcy,Fremantle,INT,1,141,0,6,4,2,4,0,50,5
2025,17.0,2025-07-06,Bailey,Banfield,Fremantle,INT,5,329,5,11,2,0,2,0,73,11
2025,17.0,2025-07-06,Andrew,Brayshaw,Fremantle,R,6,401,3,21,1,1,6,1,79,19
2025,17.0,2025-07-06,Tom,McCartin,Sydney,FB,2,152,7,8,2,0,2,0,93,14
2025,17.0,2025-07-06,Jordan,Clark,Fremantle,HBFR,3,282,3,13,3,0,2,0,62,8
2025,17.0,2025-07-06,Nick,Blakey,Sydney,BPR,3,423,5,2,3,1,3,0,84,16
2025,17.0,2025-07-06,Justin,McInerney,Sydney,HFFL,9,334,3,13,3,0,7,0,65,13
2025,17.0,2025-07-06,James,Rowbottom,Sydney,INT,1,134,0,19,3,1,2,1,73,8
2025,17.0,2025-07-06,Hayden,McLean,Sydney,FPR,7,164,0,7,1,0,1,1,82,9
2025,17.0,2025-07-06,Luke,Jackson,Fremantle,RK,4,87,0,17,2,0,3,1,77,10
2025,17.0,2025-07-06,Caleb,Serong,Fremantle,RR,2,208,2,14,3,1,4,1,82,9
2025,17.0,2025-07-06,Chad,Warner,Sydney,C,7,427,4,18,8,2,11,1,54,13
2025,17.0,2025-07-06,Michael,Frederick,Fremantle,CHF,5,307,3,12,5,0,3,0,57,8
2025,17.0,2025-07-06,Sam,Wicks,Sydney,HBFR,4,616,1,8,2,0,1,0,86,12
2025,17.0,2025-07-06,Joel,Amartey,Sydney,FF,5,141,0,3,2,2,1,1,75,6
2025,17.0,2025-07-06,James,Jordon,Sydney,R,5,175,0,20,1,2,4,0,67,6
2025,17.0,2025-07-06,Errol,Gulden,Sydney,WR,8,414,5,19,5,1,7,2,72,18
2025,17.0,2025-07-06,Braeden,Campbell,Sydney,FPL,3,215,0,13,4,0,3,1,67,8
2025,17.0,2025-07-06,Heath,Chapman,Fremantle,HBFL,4,242,7,11,4,0,4,0,69,9
2025,17.0,2025-07-06,Josh,Treacy,Fremantle,FF,5,124,1,10,3,0,3,0,91,10
2025,17.0,2025-07-06,Angus,Sheldrick,Sydney,INT,2,89,4,18,4,0,8,1,50,6
2025,17.0,2025-07-06,Nathan,O'Driscoll,Fremantle,WR,4,217,4,9,1,0,9,0,65,17
2025,17.0,2025-07-06,Neil,Erasmus,Fremantle,INT,1,94,1,15,3,0,4,1,73,8
2025,17.0,2025-07-06,Jye,Amiss,Fremantle,FPR,5,109,0,4,1,0,1,1,43,3
2025,17.0,2025-07-06,Matt,Roberts,Sydney,SUB,3,155,3,6,1,0,0,0,75,6
2025,17.0,2025-07-06,Matthew,Johnson,Fremantle,WL,6,423,2,12,4,0,6,0,80,16
2025,17.0,2025-07-06,Jack,Buller,Sydney,INT,2,80,0,7,3,0,1,1,100,5
2025,17.0,2025-07-06,Karl,Worner,Fremantle,CHB,6,284,2,9,2,0,2,0,75,12
2025,17.0,2025-07-06,Patrick,Voss,Fremantle,FPL,3,227,1,6,2,0,3,0,67,4
2025,17.0,2025-07-06,Murphy,Reid,Fremantle,HFFL,5,193,4,9,3,0,7,0,73,11
2025,17.0,2025-07-06,Isaiah,Dudley,Fremantle,INT,7,81,4,3,0,0,5,1,80,8
2025,17.0,2025-07-06,Taylor,Walker,Adelaide,FF,5,200,1,8,4,0,4,0,56,5
2025,17.0,2025-07-06,Jake,Melksham,Melbourne,FPL,7,184,2,5,0,0,2,1,88,7
2025,17.0,2025-07-06,Brodie,Smith,Adelaide,HBFR,1,529,7,10,8,0,4,0,75,15
2025,17.0,2025-07-06,Steven,May,Melbourne,FB,5,388,7,6,4,0,2,0,87,20
2025,17.0,2025-07-06,Max,Gawn,Melbourne,RK,3,164,2,6,5,3,3,0,69,11
2025,17.0,2025-07-06,Jack,Viney,Melbourne,R,5,373,7,17,6,1,11,1,53,16
2025,17.0,2025-07-06,Rory,Laird,Adelaide,BPR,5,190,6,15,5,0,5,0,76,16
2025,17.0,2025-07-06,Christian,Salem,Melbourne,INT,4,266,3,10,2,0,2,0,91,21
2025,17.0,2025-07-06,Jake,Lever,Melbourne,BPR,2,210,6,8,1,0,2,0,93,13
2025,17.0,2025-07-06,Alex,Neal-Bullen,Adelaide,INT,3,243,3,21,6,0,5,0,50,7
2025,17.0,2025-07-06,Ed,Langdon,Melbourne,HFFL,6,455,4,15,8,0,2,0,76,19
2025,17.0,2025-07-06,Clayton,Oliver,Melbourne,RR,3,207,5,20,5,0,8,0,83,19
2025,17.0,2025-07-06,Christian,Petracca,Melbourne,C,8,328,5,14,3,0,11,1,65,15
2025,17.0,2025-07-06,Ben,Keays,Adelaide,HFFL,11,397,2,18,6,0,5,0,67,16
2025,17.0,2025-07-06,Reilly,O'Brien,Adelaide,RK,6,4,3,8,0,1,1,0,80,8
2025,17.0,2025-07-06,Jordan,Dawson,Adelaide,C,5,418,3,23,7,2,5,1,72,18
2025,17.0,2025-07-06,Darcy,Fogarty,Adelaide,FPR,8,523,1,6,3,0,3,0,60,9
2025,17.0,2025-07-06,Lachlan,Murphy,Adelaide,SUB,0,49,1,4,3,0,0,0,0,0
2025,17.0,2025-07-06,Bayley,Fritsch,Melbourne,CHF,4,64,0,7,2,0,3,0,70,7
2025,17.0,2025-07-06,Isaac,Cumming,Adelaide,WL,6,187,4,17,1,1,4,0,92,12
2025,17.0,2025-07-06,Tom,Sparrow,Melbourne,WR,3,119,2,17,1,0,3,1,83,10
2025,17.0,2025-07-06,Mitchell,Hinge,Adelaide,HBFL,1,194,6,8,3,0,5,1,58,7
2025,17.0,2025-07-06,Kade,Chandler,Melbourne,HFFR,4,-1,5,19,1,0,8,1,78,14
2025,17.0,2025-07-06,Kysaiah,Pickett,Melbourne,FPR,9,557,3,15,8,3,9,0,54,13
2025,17.0,2025-07-06,Trent,Rivers,Melbourne,HBFR,7,492,4,10,4,0,4,0,83,19
2025,17.0,2025-07-06,Izak,Rankine,Adelaide,RR,7,322,3,16,1,0,6,1,88,14
2025,17.0,2025-07-06,Mark,Keane,Adelaide,CHB,4,199,12,9,3,0,5,0,82,14
2025,17.0,2025-07-06,Jordon,Butts,Adelaide,FB,0,52,4,2,1,0,2,0,83,5
2025,17.0,2025-07-06,Sam,Berry,Adelaide,INT,4,158,3,23,4,3,10,2,75,12
2025,17.0,2025-07-06,Harry,Sharp,Melbourne,SUB,1,11,1,5,0,0,1,0,100,2
2025,17.0,2025-07-06,Riley,Thilthorpe,Adelaide,CHF,3,143,1,3,2,0,4,0,56,5
2025,17.0,2025-07-06,Josh,Worrell,Adelaide,BPL,1,482,8,7,3,0,5,0,89,16
2025,17.0,2025-07-06,Jake,Bowey,Melbourne,BPL,1,509,6,11,7,1,9,0,65,17
2025,17.0,2025-07-06,James,Peatling,Adelaide,R,5,483,3,10,7,2,6,0,72,18
2025,17.0,2025-07-06,Jake,Soligo,Adelaide,FPL,5,393,3,26,5,5,6,1,86,18
2025,17.0,2025-07-06,Josh,Rachele,Adelaide,INT,1,80,0,7,1,0,0,0,25,1
2025,17.0,2025-07-06,Daniel,Turner,Melbourne,CHB,2,336,10,2,3,0,3,0,75,15
2025,17.0,2025-07-06,Judd,McVee,Melbourne,HBFL,1,110,2,8,3,0,3,0,71,10
2025,17.0,2025-07-06,Max,Michalanney,Adelaide,HFFR,2,217,2,10,5,0,2,0,71,10
2025,17.0,2025-07-06,Jacob,van Rooyen,Melbourne,FF,4,320,0,6,4,0,2,0,67,8
2025,17.0,2025-07-06,Koltyn,Tholstrup,Melbourne,INT,0,86,0,12,2,0,2,0,83,5
2025,17.0,2025-07-06,Daniel,Curtin,Adelaide,WR,3,153,2,16,1,0,3,0,78,7
2025,17.0,2025-07-06,Zac,Taylor,Adelaide,INT,2,61,1,8,2,0,1,0,60,3
2025,17.0,2025-07-06,Matthew,Jefferson,Melbourne,INT,2,20,2,12,2,0,0,0,60,3
2025,17.0,2025-07-06,Harvey,Langford,Melbourne,WL,4,313,3,8,1,1,6,0,88,15
2025,17.0,2025-07-06,Xavier,Lindsay,Melbourne,INT,3,231,2,8,7,0,4,0,67,12
2025,18.0,2025-07-10,Ryan,Lester,Brisbane Lions,FB,1,48,6,8,0,0,4,0,100,10
2025,18.0,2025-07-10,Lachie,Neale,Brisbane Lions,R,1,463,3,28,5,5,6,0,74,23
2025,18.0,2025-07-10,Dayne,Zorko,Brisbane Lions,BPL,7,635,3,11,4,0,2,0,86,24
2025,18.0,2025-07-10,Nick,Haynes,Carlton,CHB,2,322,5,8,2,0,5,1,83,19
2025,18.0,2025-07-10,Sam,Docherty,Carlton,HBFR,5,358,1,13,5,0,4,0,62,13
2025,18.0,2025-07-10,Zac,Williams,Carlton,R,6,283,1,14,1,0,6,0,64,9
2025,18.0,2025-07-10,Patrick,Cripps,Carlton,C,7,419,2,26,5,3,5,0,62,16
2025,18.0,2025-07-10,Darcy,Gardiner,Brisbane Lions,SUB,2,96,2,4,0,0,0,0,100,8
2025,18.0,2025-07-10,Charlie,Cameron,Brisbane Lions,HFFL,6,211,1,11,2,0,0,2,67,6
2025,18.0,2025-07-10,Orazio,Fantasia,Carlton,WR,4,304,4,13,2,0,6,0,71,10
2025,18.0,2025-07-10,Harris,Andrews,Brisbane Lions,CHB,0,57,3,5,0,0,0,0,100,9
2025,18.0,2025-07-10,Jacob,Weitering,Carlton,FB,0,108,5,2,1,0,1,0,89,8
2025,18.0,2025-07-10,Callum,Ah Chee,Brisbane Lions,FPR,3,259,1,8,4,0,1,2,81,13
2025,18.0,2025-07-10,Mitch,McGovern,Carlton,HFFL,3,252,3,3,4,0,4,0,83,10
2025,18.0,2025-07-10,George,Hewett,Carlton,INT,8,384,3,13,3,2,12,1,82,27
2025,18.0,2025-07-10,Josh,Dunkley,Brisbane Lions,RR,7,285,7,30,2,1,9,2,82,23
2025,18.0,2025-07-10,Marc,Pittonet,Carlton,FPL,4,57,2,6,1,0,3,0,86,6
2025,18.0,2025-07-10,Charlie,Curnow,Carlton,CHF,6,312,0,3,4,0,3,0,57,8
2025,18.0,2025-07-10,Eric,Hipwood,Brisbane Lions,CHF,3,232,1,10,2,0,3,0,50,5
2025,18.0,2025-07-10,Jarrod,Berry,Brisbane Lions,WR,5,441,5,17,3,1,2,2,83,19
2025,18.0,2025-07-10,Hugh,McCluggage,Brisbane Lions,C,8,348,2,15,5,1,3,1,67,12
2025,18.0,2025-07-10,Cam,Rayner,Brisbane Lions,FPL,7,276,4,18,3,1,6,2,77,17
2025,18.0,2025-07-10,Lachie,Fogarty,Carlton,HFFR,4,45,0,9,2,0,4,0,71,5
2025,18.0,2025-07-10,Adam,Cerra,Carlton,RR,2,406,4,19,7,2,7,0,60,15
2025,18.0,2025-07-10,Zac,Bailey,Brisbane Lions,WL,7,243,3,6,3,0,2,0,57,12
2025,18.0,2025-07-10,Oscar,McInerney,Brisbane Lions,RK,3,79,0,8,2,1,2,1,33,2
2025,18.0,2025-07-10,Brandon,Starcevich,Brisbane Lions,HBFR,2,197,2,5,2,0,2,0,100,10
2025,18.0,2025-07-10,Tom,De Koning,Carlton,RK,4,111,0,5,0,0,3,1,71,10
2025,18.0,2025-07-10,Noah,Answerth,Brisbane Lions,HBFL,1,73,4,5,0,0,3,0,71,5
2025,18.0,2025-07-10,Darcy,Fort,Brisbane Lions,INT,2,200,1,12,4,1,5,0,60,6
2025,18.0,2025-07-10,Corey,Durdin,Carlton,INT,2,107,0,10,2,0,3,0,67,6
2025,18.0,2025-07-10,Kai,Lohmann,Brisbane Lions,HFFR,3,219,0,20,3,0,2,4,70,7
2025,18.0,2025-07-10,Jesse,Motlop,Carlton,INT,5,189,3,18,3,3,6,1,65,11
2025,18.0,2025-07-10,Darcy,Wilmot,Brisbane Lions,INT,0,450,7,15,3,1,7,0,84,26
2025,18.0,2025-07-10,Lachlan,Cowan,Carlton,HBFL,3,509,6,16,4,0,4,0,73,16
2025,18.0,2025-07-10,Oliver,Hollands,Carlton,INT,1,457,4,14,5,0,3,0,81,17
2025,18.0,2025-07-10,Will,Ashcroft,Brisbane Lions,INT,4,380,3,11,6,0,6,2,62,18
2025,18.0,2025-07-10,Alex,Cincotta,Carlton,BPL,1,-1,2,17,2,0,4,2,29,2
2025,18.0,2025-07-10,Jaspa,Fletcher,Brisbane Lions,BPR,4,420,5,15,4,0,1,0,91,20
2025,18.0,2025-07-10,Logan,Morris,Brisbane Lions,FF,4,182,1,8,5,0,3,2,64,7
2025,18.0,2025-07-10,Ashton,Moir,Carlton,FF,3,136,0,7,1,0,1,2,44,4
2025,18.0,2025-07-10,Cooper,Lord,Carlton,SUB,1,161,1,5,3,0,1,0,60,3
2025,18.0,2025-07-10,Levi,Ashcroft,Brisbane Lions,INT,3,157,1,9,1,0,2,0,86,12
2025,18.0,2025-07-10,Matthew,Carroll,Carlton,WL,3,183,7,5,4,0,8,0,64,9
2025,18.0,2025-07-10,Harry,O'Farrell,Carlton,BPR,3,208,9,6,0,0,3,0,82,9
2025,18.0,2025-07-10,Flynn,Young,Carlton,FPR,2,178,1,13,4,0,1,0,70,7
2025,18.0,2025-07-11,Scott,Pendlebury,Collingwood,SUB,4,268,1,6,4,1,6,0,59,10
2025,18.0,2025-07-11,Steele,Sidebottom,Collingwood,WL,2,201,2,18,3,0,2,1,62,8
2025,18.0,2025-07-11,David,Swallow,Gold Coast,SUB,3,147,1,4,0,0,2,0,100,10
2025,18.0,2025-07-11,Jeremy,Howe,Collingwood,FB,0,204,2,2,1,0,1,0,83,5
2025,18.0,2025-07-11,Will,Hoskin-Elliott,Collingwood,HFFL,3,226,1,8,8,0,2,0,39,5
2025,18.0,2025-07-11,Jack,Crisp,Collingwood,RR,3,473,3,24,8,1,9,2,47,9
2025,18.0,2025-07-11,Jamie,Elliott,Collingwood,FF,8,145,0,8,3,0,2,1,50,6
2025,18.0,2025-07-11,Jarrod,Witts,Gold Coast,RK,2,197,3,11,4,0,5,0,36,5
2025,18.0,2025-07-11,Tom,Mitchell,Collingwood,INT,3,221,2,27,0,0,7,0,75,15
2025,18.0,2025-07-11,Daniel,McStay,Collingwood,CHF,3,81,1,4,4,0,1,2,55,6
2025,18.0,2025-07-11,Tim,Membrey,Collingwood,FPL,3,53,2,8,2,0,5,0,75,9
2025,18.0,2025-07-11,Touk,Miller,Gold Coast,HFFR,4,177,1,4,2,1,4,1,73,8
2025,18.0,2025-07-11,Brayden,Maynard,Collingwood,BPL,2,552,7,14,2,0,3,0,88,15
2025,18.0,2025-07-11,Darcy,Moore,Collingwood,BPR,2,105,6,3,1,0,3,0,89,8
2025,18.0,2025-07-11,Lachie,Weller,Gold Coast,WL,4,245,0,14,3,0,5,0,79,11
2025,18.0,2025-07-11,Daniel,Rioli,Gold Coast,HBFR,6,453,7,12,2,0,4,0,77,17
2025,18.0,2025-07-11,Mason,Cox,Collingwood,INT,5,-13,2,6,0,0,0,0,88,7
2025,18.0,2025-07-11,Oleg,Markov,Collingwood,WR,3,218,1,6,1,0,2,0,67,8
2025,18.0,2025-07-11,Brayden,Fiorini,Gold Coast,WR,3,386,3,22,7,0,4,0,76,16
2025,18.0,2025-07-11,Dan,Houston,Collingwood,HBFR,4,372,8,12,4,0,3,0,82,14
2025,18.0,2025-07-11,Ben,Ainsworth,Gold Coast,HFFL,6,177,0,12,0,0,6,1,64,7
2025,18.0,2025-07-11,Ben,Long,Gold Coast,FPL,7,157,1,12,5,0,4,1,67,8
2025,18.0,2025-07-11,Harry,Perryman,Collingwood,CHB,4,249,4,2,0,0,4,0,58,7
2025,18.0,2025-07-11,Josh,Daicos,Collingwood,INT,10,656,6,17,4,2,11,1,84,27
2025,18.0,2025-07-11,Wil,Powell,Gold Coast,CHB,0,195,1,17,1,0,0,0,71,5
2025,18.0,2025-07-11,Darcy,Cameron,Collingwood,RK,2,238,5,8,1,2,4,1,61,11
2025,18.0,2025-07-11,Lachie,Schultz,Collingwood,FPR,8,145,2,17,0,1,1,2,70,7
2025,18.0,2025-07-11,Ben,King,Gold Coast,FPR,5,94,1,4,1,0,4,0,75,6
2025,18.0,2025-07-11,Isaac,Quaynor,Collingwood,HBFL,4,252,7,10,0,0,4,0,88,15
2025,18.0,2025-07-11,John,Noble,Gold Coast,HBFL,2,662,7,11,7,0,3,0,70,21
2025,18.0,2025-07-11,Noah,Anderson,Gold Coast,R,6,396,2,20,5,3,13,0,66,21
2025,18.0,2025-07-11,Connor,Budarick,Gold Coast,INT,2,37,2,21,1,0,4,1,71,5
2025,18.0,2025-07-11,Matt,Rowell,Gold Coast,RR,6,565,3,32,6,1,8,2,69,22
2025,18.0,2025-07-11,Sam,Flanders,Gold Coast,CHF,7,276,0,19,2,0,4,1,72,13
2025,18.0,2025-07-11,Joel,Jeffrey,Gold Coast,INT,3,428,4,8,2,0,3,0,93,14
2025,18.0,2025-07-11,Nick,Daicos,Collingwood,R,8,512,0,11,4,2,2,0,69,18
2025,18.0,2025-07-11,Mac,Andrew,Gold Coast,FB,0,158,6,10,5,0,3,0,69,9
2025,18.0,2025-07-11,Ned,Long,Collingwood,C,5,263,2,28,4,0,3,1,50,6
2025,18.0,2025-07-11,Bodhi,Uwland,Gold Coast,BPL,2,383,7,3,2,0,4,0,79,15
2025,18.0,2025-07-11,Bailey,Humphrey,Gold Coast,C,5,215,1,17,6,2,7,1,71,10
2025,18.0,2025-07-11,Jed,Walter,Gold Coast,FF,3,107,2,5,2,0,2,0,50,3
2025,18.0,2025-07-11,Sam,Clohesy,Gold Coast,INT,2,292,1,12,2,0,3,1,39,5
2025,18.0,2025-07-11,Ethan,Read,Gold Coast,INT,3,91,0,4,0,0,3,0,43,3
2025,18.0,2025-07-11,Lachlan,Sullivan,Collingwood,HFFR,4,166,0,11,0,0,5,1,67,6
2025,18.0,2025-07-11,Roan,Steele,Collingwood,INT,1,217,1,17,1,0,1,1,75,6
2025,18.0,2025-07-11,Oscar,Adams,Gold Coast,BPR,0,67,2,3,0,0,1,0,100,3
2025,18.0,2025-07-12,Taylor,Walker,Adelaide,FPR,9,462,2,9,4,0,1,0,87,13
2025,18.0,2025-07-12,Tom,Liberatore,Western Bulldogs,R,5,345,0,30,5,2,11,1,65,17
2025,18.0,2025-07-12,Jason,Johannisen,Western Bulldogs,HBFL,3,423,3,9,4,0,2,0,65,13
2025,18.0,2025-07-12,Rory,Laird,Adelaide,BPR,3,330,3,14,3,0,5,0,64,14
2025,18.0,2025-07-12,Marcus,Bontempelli,Western Bulldogs,RR,11,778,4,20,5,5,11,1,73,27
2025,18.0,2025-07-12,Rory,Lobb,Western Bulldogs,CHB,1,126,5,6,4,0,4,0,73,8
2025,18.0,2025-07-12,Bailey,Dale,Western Bulldogs,HBFR,4,319,11,3,4,0,9,0,86,18
2025,18.0,2025-07-12,Alex,Neal-Bullen,Adelaide,INT,4,195,2,13,3,0,2,0,64,7
2025,18.0,2025-07-12,Wayne,Milera,Adelaide,HBFL,3,310,5,5,1,0,3,0,75,9
2025,18.0,2025-07-12,Ben,Keays,Adelaide,HFFL,6,198,2,10,5,0,3,0,63,12
2025,18.0,2025-07-12,Bailey,Williams,Western Bulldogs,BPR,1,230,4,10,1,0,3,0,93,14
2025,18.0,2025-07-12,Matthew,Kennedy,Western Bulldogs,HFFR,1,31,1,7,1,0,2,0,83,5
2025,18.0,2025-07-12,Reilly,O'Brien,Adelaide,RK,6,229,5,11,7,0,2,0,59,10
2025,18.0,2025-07-12,Jordan,Dawson,Adelaide,C,12,421,1,24,4,4,9,0,78,21
2025,18.0,2025-07-12,Tim,English,Western Bulldogs,RK,6,314,4,5,3,3,4,1,65,13
2025,18.0,2025-07-12,Darcy,Fogarty,Adelaide,FF,9,372,0,8,3,1,2,0,62,8
2025,18.0,2025-07-12,Aaron,Naughton,Western Bulldogs,CHF,7,280,0,9,4,0,1,0,55,6
2025,18.0,2025-07-12,Ed,Richards,Western Bulldogs,C,9,533,3,14,2,2,10,0,69,20
2025,18.0,2025-07-12,Nick,Coffield,Western Bulldogs,BPL,0,193,7,5,3,1,4,0,86,12
2025,18.0,2025-07-12,Isaac,Cumming,Adelaide,WL,5,276,3,8,3,0,3,0,86,12
2025,18.0,2025-07-12,Chayce,Jones,Adelaide,SUB,4,87,3,8,1,0,4,0,80,8
2025,18.0,2025-07-12,Mitchell,Hinge,Adelaide,INT,3,442,2,13,4,0,1,0,71,10
2025,18.0,2025-07-12,Rhylee,West,Western Bulldogs,INT,2,157,2,9,5,0,5,2,50,5
2025,18.0,2025-07-12,Laitham,Vandermeer,Western Bulldogs,FPL,2,336,0,15,3,0,0,2,77,10
2025,18.0,2025-07-12,Izak,Rankine,Adelaide,FPL,8,343,3,13,1,1,4,1,72,13
2025,18.0,2025-07-12,Mark,Keane,Adelaide,CHB,6,247,5,2,0,0,1,0,100,12
2025,18.0,2025-07-12,Jordon,Butts,Adelaide,FB,0,16,1,2,0,0,1,0,100,2
2025,18.0,2025-07-12,Sam,Berry,Adelaide,R,4,208,3,18,3,3,4,0,73,8
2025,18.0,2025-07-12,Riley,Thilthorpe,Adelaide,CHF,10,235,1,14,0,0,4,0,88,15
2025,18.0,2025-07-12,Caleb,Poulter,Western Bulldogs,SUB,0,72,1,7,1,0,0,1,50,2
2025,18.0,2025-07-12,Riley,Garcia,Western Bulldogs,FPR,4,106,1,16,0,4,6,1,85,11
2025,18.0,2025-07-12,Josh,Worrell,Adelaide,BPL,2,306,6,4,2,0,2,0,81,17
2025,18.0,2025-07-12,Lachlan,Bramble,Western Bulldogs,INT,4,449,3,5,2,0,2,0,100,21
2025,18.0,2025-07-12,James,Peatling,Adelaide,INT,3,39,1,17,4,2,3,0,67,8
2025,18.0,2025-07-12,Brayden,Cook,Adelaide,INT,3,231,0,2,1,1,0,0,71,5
2025,18.0,2025-07-12,Jake,Soligo,Adelaide,RR,1,221,2,29,6,1,11,2,68,15
2025,18.0,2025-07-12,Sam,Darcy,Western Bulldogs,FF,6,189,3,10,3,0,4,1,64,9
2025,18.0,2025-07-12,Max,Michalanney,Adelaide,HBFR,4,265,6,8,3,0,2,0,88,14
2025,18.0,2025-07-12,James,O'Donnell,Western Bulldogs,FB,4,409,6,9,5,0,4,0,79,11
2025,18.0,2025-07-12,Ryley,Sanders,Western Bulldogs,WL,5,110,3,15,1,0,7,0,63,10
2025,18.0,2025-07-12,Daniel,Curtin,Adelaide,WR,8,489,8,16,5,0,7,0,81,21
2025,18.0,2025-07-12,Joel,Freijah,Western Bulldogs,WR,3,116,2,11,5,0,4,0,57,8
2025,18.0,2025-07-12,Zac,Taylor,Adelaide,HFFR,4,77,4,16,1,0,6,0,100,7
2025,18.0,2025-07-12,Sam,Davidson,Western Bulldogs,HFFL,2,212,0,13,5,1,2,1,75,9
2025,18.0,2025-07-12,Josh,Dolan,Western Bulldogs,INT,4,98,1,7,2,0,8,0,50,5
2025,18.0,2025-07-12,Cooper,Hynes,Western Bulldogs,INT,1,27,0,3,0,0,0,0,100,2
2025,18.0,2025-07-12,Patrick,Dangerfield,Geelong,RR,4,178,0,5,0,1,2,0,29,2
2025,18.0,2025-07-12,Rhys,Stanley,Geelong,RK,4,66,0,11,0,2,2,0,83,5
2025,18.0,2025-07-12,Jeremy,Cameron,Geelong,FF,3,89,2,3,0,0,2,2,60,3
2025,18.0,2025-07-12,Toby,Greene,Greater Western Sydney,FPR,5,194,0,13,6,1,2,1,82,9
2025,18.0,2025-07-12,Lachie,Whitfield,Greater Western Sydney,HBFL,5,462,5,11,6,0,5,0,75,24
2025,18.0,2025-07-12,Mark,Blicavs,Geelong,FPL,4,426,4,13,4,1,9,0,59,13
2025,18.0,2025-07-12,Jake,Stringer,Greater Western Sydney,FPL,7,205,1,8,3,0,4,2,55,6
2025,18.0,2025-07-12,Jack,Martin,Geelong,INT,4,198,2,8,1,0,2,1,93,13
2025,18.0,2025-07-12,Josh,Kelly,Greater Western Sydney,WR,4,311,2,10,2,0,2,0,87,13
2025,18.0,2025-07-12,Jesse,Hogan,Greater Western Sydney,FF,3,128,0,4,1,0,0,0,50,2
2025,18.0,2025-07-12,Harry,Himmelberg,Greater Western Sydney,INT,1,230,5,7,3,1,5,0,87,13
2025,18.0,2025-07-12,Jack,Bowes,Geelong,WL,1,284,0,11,3,1,2,1,67,8
2025,18.0,2025-07-12,Tom,Stewart,Geelong,BPL,5,654,13,5,2,0,4,0,97,28
2025,18.0,2025-07-12,Mark,O'Connor,Geelong,HBFL,1,72,5,8,2,0,5,0,78,7
2025,18.0,2025-07-12,Zach,Guthrie,Geelong,HBFR,3,211,8,11,2,0,6,0,82,14
2025,18.0,2025-07-12,Jack,Henry,Geelong,FB,2,385,11,4,5,0,5,0,79,11
2025,18.0,2025-07-12,Tom,Atkins,Geelong,R,5,232,2,28,4,5,7,1,78,14
2025,18.0,2025-07-12,Gryan,Miers,Geelong,HFFR,7,362,4,21,3,0,8,1,82,18
2025,18.0,2025-07-12,Bailey,Smith,Geelong,C,4,541,2,13,7,1,4,0,62,16
2025,18.0,2025-07-12,Connor,Idun,Greater Western Sydney,BPL,2,237,4,2,1,0,1,0,77,10
2025,18.0,2025-07-12,Tom,Green,Greater Western Sydney,R,5,316,6,13,3,3,11,0,71,17
2025,18.0,2025-07-12,Toby,Bedford,Greater Western Sydney,C,2,59,0,17,2,0,3,0,78,7
2025,18.0,2025-07-12,Lachie,Ash,Greater Western Sydney,HBFR,8,530,5,10,3,0,4,0,78,21
2025,18.0,2025-07-12,Brad,Close,Geelong,HFFL,6,167,0,16,4,0,3,0,71,10
2025,18.0,2025-07-12,Xavier,O'Halloran,Greater Western Sydney,HFFL,1,484,1,16,8,2,6,1,73,11
2025,18.0,2025-07-12,Jake,Riccardi,Greater Western Sydney,INT,5,203,0,10,2,1,1,1,60,6
2025,18.0,2025-07-12,Jack,Buckley,Greater Western Sydney,CHB,1,246,7,11,0,0,3,0,100,12
2025,18.0,2025-07-12,Oliver,Henry,Geelong,SUB,2,30,1,3,0,0,0,0,75,3
2025,18.0,2025-07-12,Max,Holmes,Geelong,CHB,4,574,3,23,5,0,5,0,71,12
2025,18.0,2025-07-12,Kieren,Briggs,Greater Western Sydney,RK,6,132,3,7,2,3,4,0,79,11
2025,18.0,2025-07-12,Callum,Brown,Greater Western Sydney,INT,6,405,5,11,6,0,4,0,73,11
2025,18.0,2025-07-12,Finn,Callaghan,Greater Western Sydney,RR,8,535,2,8,4,6,6,0,59,17
2025,18.0,2025-07-12,Oliver,Dempsey,Geelong,WR,4,370,2,10,5,1,7,1,67,12
2025,18.0,2025-07-12,Shannon,Neale,Geelong,FPR,6,115,1,5,5,0,1,0,71,5
2025,18.0,2025-07-12,Ryan,Angwin,Greater Western Sydney,WL,2,182,3,23,1,1,4,0,75,9
2025,18.0,2025-07-12,Leek,Aleer,Greater Western Sydney,FB,3,217,11,6,3,0,3,0,94,15
2025,18.0,2025-07-12,Harry,Rowston,Greater Western Sydney,INT,6,340,3,12,3,0,6,0,55,11
2025,18.0,2025-07-12,Aaron,Cadman,Greater Western Sydney,CHF,8,505,1,6,3,0,4,0,80,12
2025,18.0,2025-07-12,Oisin,Mullin,Geelong,INT,2,325,0,14,5,1,2,0,58,7
2025,18.0,2025-07-12,Harvey,Thomas,Greater Western Sydney,SUB,0,34,0,0,1,0,0,0,0,0
2025,18.0,2025-07-12,Shaun,Mannagh,Geelong,CHF,3,527,1,13,7,0,4,2,60,9
2025,18.0,2025-07-12,Connor,O'Sullivan,Geelong,BPR,3,256,6,7,2,0,3,0,94,17
2025,18.0,2025-07-12,Darcy,Jones,Greater Western Sydney,HFFR,3,377,2,18,5,1,5,1,60,9
2025,18.0,2025-07-12,Lawson,Humphries,Geelong,INT,2,154,4,4,4,0,2,0,54,7
2025,18.0,2025-07-12,Joe,Fonti,Greater Western Sydney,BPR,3,351,6,9,5,1,5,0,73,11
2025,18.0,2025-07-12,George,Stevens,Geelong,INT,1,102,2,8,2,0,3,0,57,4
2025,18.0,2025-07-12,Todd,Goldstein,Essendon,RK,2,204,0,6,4,2,2,1,69,11
2025,18.0,2025-07-12,Dion,Prestia,Richmond,C,3,241,2,28,6,0,8,0,50,14
2025,18.0,2025-07-12,Nick,Vlastuin,Richmond,HBFR,3,267,6,9,2,0,2,0,87,20
2025,18.0,2025-07-12,Zach,Merrett,Essendon,C,4,674,0,14,7,1,4,0,61,19
2025,18.0,2025-07-12,Kamdyn,McIntosh,Richmond,WL,0,303,7,6,3,0,4,0,75,15
2025,18.0,2025-07-12,Peter,Wright,Essendon,FF,3,167,2,7,1,0,1,0,71,5
2025,18.0,2025-07-12,Toby,Nankervis,Richmond,RK,4,200,1,12,4,0,4,0,56,10
2025,18.0,2025-07-12,Jayden,Laverde,Essendon,FB,2,321,5,11,2,0,3,0,85,17
2025,18.0,2025-07-12,Jayden,Short,Richmond,HBFL,4,497,3,8,2,0,3,0,84,21
2025,18.0,2025-07-12,Mason,Redman,Essendon,HBFL,2,372,8,5,3,0,5,0,77,13
2025,18.0,2025-07-12,Jacob,Hopper,Richmond,R,5,472,3,8,4,0,9,0,56,15
2025,18.0,2025-07-12,Nathan,Broad,Richmond,BPR,3,79,5,6,3,0,2,0,77,10
2025,18.0,2025-07-12,Andrew,McGrath,Essendon,BPL,2,255,5,17,6,0,7,0,82,18
2025,18.0,2025-07-12,Tim,Taranto,Richmond,RR,4,410,0,15,3,1,6,0,74,25
2025,18.0,2025-07-12,Will,Setterfield,Essendon,HFFL,3,110,1,23,2,2,5,1,67,12
2025,18.0,2025-07-12,Jordan,Ridley,Essendon,CHB,2,304,6,4,1,0,1,0,100,20
2025,18.0,2025-07-12,Xavier,Duursma,Essendon,WL,3,215,5,21,3,0,8,2,68,15
2025,18.0,2025-07-12,Jack,Ross,Richmond,INT,2,152,1,19,3,2,6,1,86,18
2025,18.0,2025-07-12,Jacob,Koschitzke,Richmond,FPL,1,39,0,4,1,0,2,0,83,5
2025,18.0,2025-07-12,Jaxon,Prior,Essendon,INT,3,250,4,9,2,0,1,0,86,12
2025,18.0,2025-07-12,Rhyan,Mansell,Richmond,FPR,1,171,0,10,3,0,0,1,80,4
2025,18.0,2025-07-12,Sam,Durham,Essendon,R,2,516,2,21,6,3,9,1,50,11
2025,18.0,2025-07-12,Maurice,Rioli,Richmond,HFFR,1,194,3,17,6,0,3,1,56,5
2025,18.0,2025-07-12,Ben,Miller,Richmond,FB,1,316,3,9,1,0,2,0,86,12
2025,18.0,2025-07-12,Nic,Martin,Essendon,HFFR,0,146,0,3,0,0,0,0,80,4
2025,18.0,2025-07-12,Ben,Hobbs,Essendon,INT,4,324,4,22,3,0,5,2,67,12
2025,18.0,2025-07-12,Tyler,Sonsie,Richmond,HFFL,1,370,2,8,3,0,2,0,64,9
2025,18.0,2025-07-12,Tylar,Young,Richmond,BPL,1,331,8,9,3,0,4,0,94,17
2025,18.0,2025-07-12,Sam,Banks,Richmond,CHB,3,349,3,8,2,0,3,1,85,17
2025,18.0,2025-07-12,Elijah,Tsatas,Essendon,INT,4,335,2,14,3,1,3,0,58,11
2025,18.0,2025-07-12,James,Trezise,Richmond,SUB,2,170,4,1,2,0,4,0,67,6
2025,18.0,2025-07-12,Tom,Brown,Richmond,INT,6,491,9,6,5,0,5,0,65,15
2025,18.0,2025-07-12,Seth,Campbell,Richmond,CHF,3,165,1,24,5,0,6,2,77,10
2025,18.0,2025-07-12,Nate,Caddy,Essendon,CHF,3,98,0,11,2,0,0,0,25,1
2025,18.0,2025-07-12,Archie,Roberts,Essendon,BPR,2,347,11,8,6,0,5,0,87,27
2025,18.0,2025-07-12,Luke,Trainor,Richmond,WR,6,306,2,19,3,0,3,1,69,11
2025,18.0,2025-07-12,Isaac,Kako,Essendon,FPR,3,178,1,23,1,0,1,1,83,10
2025,18.0,2025-07-12,Jonty,Faull,Richmond,FF,3,105,0,13,1,0,2,0,75,6
2025,18.0,2025-07-12,Thomas,Sims,Richmond,INT,0,16,0,12,4,0,1,0,43,3
2025,18.0,2025-07-12,Angus,Clarke,Essendon,HBFR,1,56,1,15,1,0,2,0,83,5
2025,18.0,2025-07-12,Zak,Johnson,Essendon,SUB,0,206,6,2,3,0,3,0,82,9
2025,18.0,2025-07-12,Luamon,Lual,Essendon,INT,1,150,1,15,2,0,1,0,71,5
2025,18.0,2025-07-12,Lachlan,Blakiston,Essendon,WR,3,294,6,3,4,0,3,0,70,7
2025,18.0,2025-07-12,Archer,May,Essendon,FPL,3,249,1,20,1,0,3,1,46,5
2025,18.0,2025-07-12,Taj,Hotton,Richmond,INT,3,218,3,13,3,0,4,0,50,5
2025,18.0,2025-07-12,Oskar,Smartt,Essendon,RR,1,218,1,17,3,0,3,3,33,2
2025,18.0,2025-07-12,Jack,Gunston,Hawthorn,CHF,4,281,1,9,2,0,5,3,36,4
2025,18.0,2025-07-12,Jaeger,O'Meara,Fremantle,INT,3,115,5,19,4,0,7,1,56,5
2025,18.0,2025-07-12,Jarman,Impey,Hawthorn,HBFL,3,588,10,11,4,0,3,0,62,13
2025,18.0,2025-07-12,James,Sicily,Hawthorn,CHB,1,319,7,9,5,0,6,0,81,17
2025,18.0,2025-07-12,Karl,Amon,Hawthorn,BPR,4,693,7,17,7,0,6,0,60,18
2025,18.0,2025-07-12,Tom,Barrass,Hawthorn,FB,2,97,9,5,2,0,4,0,77,10
2025,18.0,2025-07-12,Oscar,McDonald,Fremantle,BPR,0,139,4,7,2,0,1,0,86,6
2025,18.0,2025-07-12,Corey,Wagner,Fremantle,C,5,318,5,24,4,0,5,1,78,14
2025,18.0,2025-07-12,Blake,Hardwick,Hawthorn,HBFR,0,134,8,9,2,0,6,0,77,10
2025,18.0,2025-07-12,Mabior,Chol,Hawthorn,FF,2,207,1,6,2,0,0,1,43,3
2025,18.0,2025-07-12,Shai,Bolton,Fremantle,HFFR,7,283,3,11,2,2,5,0,74,14
2025,18.0,2025-07-12,Luke,Ryan,Fremantle,BPL,2,325,11,11,4,0,6,0,91,20
2025,18.0,2025-07-12,Brennan,Cox,Fremantle,FB,0,202,5,8,2,0,1,0,75,6
2025,18.0,2025-07-12,Sean,Darcy,Fremantle,WR,3,71,2,8,2,1,6,0,42,5
2025,18.0,2025-07-12,Josh,Battle,Hawthorn,BPL,2,300,5,4,1,0,3,0,87,13
2025,18.0,2025-07-12,Harry,Morrison,Hawthorn,HFFL,2,197,6,17,1,1,5,3,89,16
2025,18.0,2025-07-12,Bailey,Banfield,Fremantle,INT,0,4,0,18,0,0,1,1,100,5
2025,18.0,2025-07-12,Andrew,Brayshaw,Fremantle,R,4,277,3,28,5,3,5,1,69,20
2025,18.0,2025-07-12,James,Worpel,Hawthorn,INT,1,211,2,24,6,1,8,1,59,13
2025,18.0,2025-07-12,Conor,Nash,Hawthorn,C,1,159,2,17,5,2,7,1,41,9
2025,18.0,2025-07-12,Sam,Switkowski,Fremantle,HFFL,8,200,2,19,0,0,5,1,94,15
2025,18.0,2025-07-12,Jordan,Clark,Fremantle,HBFR,4,591,6,11,7,0,4,1,84,26
2025,18.0,2025-07-12,Dylan,Moore,Hawthorn,FPR,3,368,2,23,6,0,6,2,29,5
2025,18.0,2025-07-12,Changkuoth,Jiath,Hawthorn,INT,1,85,2,12,3,0,5,0,78,7
2025,18.0,2025-07-12,Luke,Jackson,Fremantle,RK,4,188,2,20,3,1,4,1,77,10
2025,18.0,2025-07-12,Caleb,Serong,Fremantle,RR,4,429,4,26,8,4,13,3,62,18
2025,18.0,2025-07-12,Michael,Frederick,Fremantle,FPL,4,330,2,16,5,0,4,0,54,7
2025,18.0,2025-07-12,Finn,Maginness,Hawthorn,SUB,1,123,2,10,3,0,4,0,38,3
2025,18.0,2025-07-12,Lloyd,Meek,Hawthorn,RK,2,85,4,23,1,1,1,6,73,8
2025,18.0,2025-07-12,Heath,Chapman,Fremantle,HBFL,1,86,5,13,3,0,3,0,67,8
2025,18.0,2025-07-12,Josh,Treacy,Fremantle,FF,3,270,1,11,3,0,3,2,62,8
2025,18.0,2025-07-12,Jai,Newcombe,Hawthorn,RR,1,165,2,14,2,5,7,0,67,16
2025,18.0,2025-07-12,Jack,Ginnivan,Hawthorn,WR,6,278,1,10,3,0,11,1,56,15
2025,18.0,2025-07-12,Connor,Macdonald,Hawthorn,INT,5,192,4,25,3,0,4,5,79,11
2025,18.0,2025-07-12,Josh,Ward,Hawthorn,R,3,136,2,14,3,0,4,0,77,13
2025,18.0,2025-07-12,Nathan,O'Driscoll,Fremantle,INT,2,344,2,15,3,0,4,0,56,10
2025,18.0,2025-07-12,Jye,Amiss,Fremantle,FPR,5,145,0,5,2,0,2,0,63,5
2025,18.0,2025-07-12,Massimo,D'Ambrosio,Hawthorn,WL,2,442,2,9,4,0,3,0,65,13
2025,18.0,2025-07-12,Cam,Mackenzie,Hawthorn,INT,1,96,0,12,1,1,3,0,50,4
2025,18.0,2025-07-12,Matthew,Johnson,Fremantle,WL,3,378,4,25,6,0,7,0,52,11
2025,18.0,2025-07-12,Karl,Worner,Fremantle,CHB,1,152,2,6,6,0,1,0,67,8
2025,18.0,2025-07-12,Nick,Watson,Hawthorn,HFFR,2,175,1,8,3,0,7,1,63,5
2025,18.0,2025-07-12,Patrick,Voss,Fremantle,CHF,5,148,0,15,4,0,4,1,56,5
2025,18.0,2025-07-12,Calsher,Dear,Hawthorn,FPL,5,160,0,11,1,0,3,1,78,7
2025,18.0,2025-07-12,Murphy,Reid,Fremantle,INT,3,258,2,17,4,0,3,2,77,10
2025,18.0,2025-07-12,Isaiah,Dudley,Fremantle,SUB,1,49,0,4,1,0,1,1,0,0
2025,18.0,2025-07-13,Jake,Melksham,Melbourne,FPL,7,293,0,10,2,0,3,2,80,8
2025,18.0,2025-07-13,Jack,Darling,North Melbourne,FF,5,206,0,2,0,0,2,0,89,8
2025,18.0,2025-07-13,Luke,Parker,North Melbourne,INT,7,263,2,20,4,4,8,0,67,18
2025,18.0,2025-07-13,Max,Gawn,Melbourne,RK,8,188,1,10,1,1,2,0,67,10
2025,18.0,2025-07-13,Tom,McDonald,Melbourne,FB,2,377,12,6,3,0,4,0,94,16
2025,18.0,2025-07-13,Jack,Viney,Melbourne,HFFL,5,370,3,31,1,2,4,1,50,9
2025,18.0,2025-07-13,Christian,Salem,Melbourne,BPR,7,456,5,15,0,0,6,0,68,17
2025,18.0,2025-07-13,Jake,Lever,Melbourne,CHB,1,65,4,5,0,0,1,0,100,8
2025,18.0,2025-07-13,Caleb,Daniel,North Melbourne,CHB,5,536,4,14,3,0,2,0,82,23
2025,18.0,2025-07-13,Ed,Langdon,Melbourne,HFFR,5,262,1,14,1,1,2,0,89,16
2025,18.0,2025-07-13,Clayton,Oliver,Melbourne,INT,7,330,0,16,3,1,9,2,71,15
2025,18.0,2025-07-13,Christian,Petracca,Melbourne,C,12,333,2,15,6,4,10,1,58,18
2025,18.0,2025-07-13,Jy,Simpkin,North Melbourne,WR,10,318,1,12,1,1,1,0,71,15
2025,18.0,2025-07-13,Griffin,Logue,North Melbourne,BPR,4,167,4,9,3,0,1,0,75,9
2025,18.0,2025-07-13,Cameron,Zurhaar,North Melbourne,CHF,9,339,1,6,6,0,2,1,62,8
2025,18.0,2025-07-13,Bayley,Fritsch,Melbourne,CHF,7,379,0,4,2,0,5,0,86,18
2025,18.0,2025-07-13,Tom,Sparrow,Melbourne,RR,5,178,1,13,2,0,1,0,67,6
2025,18.0,2025-07-13,Bailey,Scott,North Melbourne,SUB,2,36,1,7,0,0,0,0,100,5
2025,18.0,2025-07-13,Kade,Chandler,Melbourne,WL,5,166,2,15,2,0,4,2,80,12
2025,18.0,2025-07-13,Kysaiah,Pickett,Melbourne,FPR,7,300,1,12,3,1,4,0,65,13
2025,18.0,2025-07-13,Trent,Rivers,Melbourne,R,1,301,3,8,3,0,2,0,77,13
2025,18.0,2025-07-13,Tristan,Xerri,North Melbourne,RK,1,60,1,13,1,2,0,0,86,6
2025,18.0,2025-07-13,Dylan,Stephens,North Melbourne,WL,6,139,2,6,1,1,4,0,80,12
2025,18.0,2025-07-13,Tom,Powell,North Melbourne,RR,7,273,1,24,2,1,6,0,70,19
2025,18.0,2025-07-13,Will,Phillips,North Melbourne,C,8,271,0,13,2,5,7,0,70,14
2025,18.0,2025-07-13,Jake,Bowey,Melbourne,BPL,2,330,2,12,2,0,2,0,88,14
2025,18.0,2025-07-13,Charlie,Comben,North Melbourne,HBFL,2,137,4,5,3,0,0,0,75,6
2025,18.0,2025-07-13,Paul,Curtis,North Melbourne,HFFL,5,219,2,15,3,0,2,4,50,6
2025,18.0,2025-07-13,Daniel,Turner,Melbourne,HBFR,1,34,5,4,0,0,1,0,100,7
2025,18.0,2025-07-13,Harry,Sheezel,North Melbourne,R,7,316,2,22,1,1,6,0,79,23
2025,18.0,2025-07-13,Judd,McVee,Melbourne,INT,2,170,2,6,1,0,0,0,89,8
2025,18.0,2025-07-13,Jacob,van Rooyen,Melbourne,FF,6,302,0,10,4,1,3,0,59,10
2025,18.0,2025-07-13,Cooper,Harvey,North Melbourne,INT,8,275,0,8,1,0,3,0,69,9
2025,18.0,2025-07-13,Robert,Hansen Jr,North Melbourne,INT,4,142,2,8,1,0,3,0,75,6
2025,18.0,2025-07-13,Caleb,Windsor,Melbourne,SUB,0,-4,0,9,0,0,0,0,100,1
2025,18.0,2025-07-13,Colby,McKercher,North Melbourne,HFFR,6,544,1,10,6,0,4,0,76,22
2025,18.0,2025-07-13,Toby,Pink,North Melbourne,FB,1,63,5,5,1,0,4,0,73,8
2025,18.0,2025-07-13,Koltyn,Tholstrup,Melbourne,INT,3,69,1,12,3,0,3,0,86,6
2025,18.0,2025-07-13,Riley,Hardeman,North Melbourne,INT,4,351,4,10,5,0,3,0,75,9
2025,18.0,2025-07-13,Wil,Dawson,North Melbourne,BPL,4,176,3,11,2,0,0,0,71,5
2025,18.0,2025-07-13,Jacob,Konstanty,North Melbourne,FPL,3,116,0,9,0,0,3,0,62,8
2025,18.0,2025-07-13,Finn,O'Sullivan,North Melbourne,HBFR,3,218,4,16,3,1,6,0,80,12
2025,18.0,2025-07-13,Matthew,Jefferson,Melbourne,INT,4,175,0,9,2,0,1,2,56,5
2025,18.0,2025-07-13,Harvey,Langford,Melbourne,WR,9,511,4,9,3,0,6,0,75,18
2025,18.0,2025-07-13,Xavier,Lindsay,Melbourne,HBFL,1,103,0,9,0,0,1,0,83,5
2025,18.0,2025-07-13,Finnbar,Maley,North Melbourne,FPR,1,-20,0,5,0,1,2,0,100,3
2025,18.0,2025-07-13,Harry,Cunningham,Sydney,CHB,2,79,0,12,0,0,1,0,100,8
2025,18.0,2025-07-13,Bradley,Hill,St Kilda,WR,4,426,4,11,2,0,3,0,83,19
2025,18.0,2025-07-13,Jack,Macrae,St Kilda,RR,2,305,3,21,2,1,5,3,85,17
2025,18.0,2025-07-13,Brodie,Grundy,Sydney,RK,5,198,4,9,3,2,5,0,70,14
2025,18.0,2025-07-13,Jake,Lloyd,Sydney,WR,6,241,3,15,4,0,4,1,80,12
2025,18.0,2025-07-13,Mason,Wood,St Kilda,WL,4,543,3,12,5,1,8,1,63,15
2025,18.0,2025-07-13,Isaac,Heeney,Sydney,RR,3,394,2,13,5,2,6,0,43,9
2025,18.0,2025-07-13,Jack,Sinclair,St Kilda,HBFR,7,340,4,14,3,0,3,0,82,18
2025,18.0,2025-07-13,Joel,Hamling,Sydney,INT,0,4,2,7,0,0,2,0,100,5
2025,18.0,2025-07-13,Jack,Steele,St Kilda,R,9,368,1,30,5,2,7,2,68,17
2025,18.0,2025-07-13,Callum,Mills,Sydney,HBFL,1,249,3,15,5,1,3,0,74,14
2025,18.0,2025-07-13,Aaron,Francis,Sydney,INT,2,107,2,3,1,1,2,1,60,3
2025,18.0,2025-07-13,Dan,Butler,St Kilda,INT,1,136,0,4,2,0,1,2,50,2
2025,18.0,2025-07-13,Will,Hayward,Sydney,CHF,5,205,2,8,1,0,3,0,100,13
2025,18.0,2025-07-13,Lewis,Melican,Sydney,BPL,1,50,6,8,2,0,2,0,83,5
2025,18.0,2025-07-13,Rowan,Marshall,St Kilda,RK,7,198,2,10,4,1,3,1,69,11
2025,18.0,2025-07-13,Hunter,Clark,St Kilda,SUB,1,82,0,7,0,1,2,0,50,3
2025,18.0,2025-07-13,Jack,Higgins,St Kilda,HFFL,4,84,0,14,2,0,2,2,67,6
2025,18.0,2025-07-13,Tom,McCartin,Sydney,FB,1,205,4,5,2,0,1,0,92,11
2025,18.0,2025-07-13,Nick,Blakey,Sydney,BPR,4,459,7,4,3,0,2,0,87,20
2025,18.0,2025-07-13,Callum,Wilkie,St Kilda,FB,3,300,14,8,1,0,7,0,87,20
2025,18.0,2025-07-13,Justin,McInerney,Sydney,FPR,4,220,4,13,5,0,6,0,55,11
2025,18.0,2025-07-13,James,Rowbottom,Sydney,R,6,335,4,31,4,1,7,3,67,10
2025,18.0,2025-07-13,Liam,Stocker,St Kilda,INT,1,104,5,3,1,0,0,0,67,8
2025,18.0,2025-07-13,Hayden,McLean,Sydney,FF,3,105,2,14,3,0,1,2,67,4
2025,18.0,2025-07-13,Chad,Warner,Sydney,C,3,497,2,22,7,1,7,0,70,14
2025,18.0,2025-07-13,Sam,Wicks,Sydney,HBFR,2,167,3,9,4,0,3,0,46,5
2025,18.0,2025-07-13,Liam,Henry,St Kilda,INT,2,86,1,7,2,0,0,2,67,6
2025,18.0,2025-07-13,James,Jordon,Sydney,HFFR,4,167,2,12,1,3,3,0,82,9
2025,18.0,2025-07-13,Errol,Gulden,Sydney,HFFL,4,393,4,16,5,2,2,0,74,17
2025,18.0,2025-07-13,Braeden,Campbell,Sydney,INT,3,314,2,14,3,0,2,1,82,9
2025,18.0,2025-07-13,Cooper,Sharman,St Kilda,HFFR,4,47,3,11,2,0,4,0,73,8
2025,18.0,2025-07-13,Mitch,Owens,St Kilda,FPR,4,242,2,10,5,0,2,0,69,9
2025,18.0,2025-07-13,Nasiah,Wanganeen-Milera,St Kilda,CHB,4,721,1,4,4,3,3,0,67,16
2025,18.0,2025-07-13,Angus,Sheldrick,Sydney,INT,6,406,3,16,2,0,4,1,72,13
2025,18.0,2025-07-13,Marcus,Windhager,St Kilda,BPL,8,365,4,13,5,0,9,0,89,32
2025,18.0,2025-07-13,Matt,Roberts,Sydney,WL,1,338,3,13,4,0,4,0,72,13
2025,18.0,2025-07-13,Anthony,Caminiti,St Kilda,FPL,2,102,4,3,2,0,1,0,67,6
2025,18.0,2025-07-13,Jack,Buller,Sydney,FPL,4,113,0,5,2,0,2,1,100,7
2025,18.0,2025-07-13,Angus,Hastie,St Kilda,HBFL,2,164,6,4,2,0,4,0,58,7
2025,18.0,2025-07-13,Hugo,Garcia,St Kilda,C,3,376,4,8,3,0,3,2,73,11
2025,18.0,2025-07-13,Riley,Bice,Sydney,SUB,2,127,0,4,0,0,0,0,86,6
2025,18.0,2025-07-13,Max,Hall,St Kilda,CHF,5,240,2,13,3,1,5,3,67,10
2025,18.0,2025-07-13,Hugh,Boxshall,St Kilda,INT,2,52,0,15,2,0,4,0,75,6
2025,18.0,2025-07-13,Alixzander,Tauru,St Kilda,BPR,1,65,3,7,3,0,3,0,75,9
2025,18.0,2025-07-13,Max,Heath,St Kilda,FF,6,116,0,13,3,2,3,2,63,5
2025,18.0,2025-07-13,Travis,Boak,Port Adelaide,WR,5,85,3,10,2,0,6,0,80,12
2025,18.0,2025-07-13,Jamie,Cripps,West Coast,HFFR,4,206,1,9,3,1,2,1,33,3
2025,18.0,2025-07-13,Ollie,Wines,Port Adelaide,INT,6,366,1,20,1,2,11,2,76,19
2025,18.0,2025-07-13,Liam,Duggan,West Coast,HBFL,4,433,4,7,5,0,4,0,76,16
2025,18.0,2025-07-13,Darcy,Byrne-Jones,Port Adelaide,CHF,6,248,0,18,1,0,4,1,71,12
2025,18.0,2025-07-13,Aliir,Aliir,Port Adelaide,FB,1,199,9,3,2,0,5,0,85,11
2025,18.0,2025-07-13,Tom,Cole,West Coast,INT,0,265,2,21,2,0,2,0,88,14
2025,18.0,2025-07-13,Willie,Rioli,Port Adelaide,INT,2,99,0,5,0,0,0,0,25,1
2025,18.0,2025-07-13,Liam,Baker,West Coast,HBFR,7,275,2,19,4,0,7,3,61,11
2025,18.0,2025-07-13,Kane,Farrell,Port Adelaide,BPR,5,598,4,15,2,0,2,0,85,17
2025,18.0,2025-07-13,Zak,Butters,Port Adelaide,R,9,552,5,7,3,2,6,0,76,29
2025,18.0,2025-07-13,Willem,Drew,Port Adelaide,C,1,47,4,19,4,2,4,1,77,10
2025,18.0,2025-07-13,Connor,Rozee,Port Adelaide,HBFR,4,218,4,10,3,2,3,0,44,7
2025,18.0,2025-07-13,Jack,Lukosius,Port Adelaide,HFFR,3,162,0,8,3,0,1,0,43,3
2025,18.0,2025-07-13,Brandon,Zerk-Thatcher,Port Adelaide,BPL,2,147,5,9,1,0,2,0,73,8
2025,18.0,2025-07-13,Mitch,Georgiades,Port Adelaide,FF,10,250,1,8,3,0,4,1,46,6
2025,18.0,2025-07-13,Harry,Edwards,West Coast,FB,2,315,12,5,2,0,2,0,82,14
2025,18.0,2025-07-13,Bailey J.,Williams,West Coast,FF,2,54,1,12,0,0,2,0,83,5
2025,18.0,2025-07-13,Matthew,Owies,West Coast,FPR,5,189,1,8,2,0,2,1,31,4
2025,18.0,2025-07-13,Tyler,Brockman,West Coast,HFFL,5,83,1,12,1,0,3,1,100,10
2025,18.0,2025-07-13,Miles,Bergman,Port Adelaide,RR,5,410,3,15,5,0,3,0,46,6
2025,18.0,2025-07-13,Matt,Flynn,West Coast,RK,1,34,0,12,1,0,3,0,56,5
2025,18.0,2025-07-13,Lachie,Jones,Port Adelaide,HBFL,1,308,5,11,2,0,2,0,58,7
2025,18.0,2025-07-13,Jordon,Sweet,Port Adelaide,RK,2,77,1,13,1,1,1,0,60,3
2025,18.0,2025-07-13,Jason,Horne-Francis,Port Adelaide,FPL,9,620,0,14,8,0,7,2,52,14
2025,18.0,2025-07-13,Brady,Hough,West Coast,RR,0,100,1,18,1,0,2,0,89,8
2025,18.0,2025-07-13,Jack,Williams,West Coast,INT,4,99,1,6,2,0,3,0,71,5
2025,18.0,2025-07-13,Josh,Sinn,Port Adelaide,INT,0,213,1,8,2,0,1,0,67,6
2025,18.0,2025-07-13,Rhett,Bazzo,West Coast,BPL,1,182,3,11,1,0,0,0,71,5
2025,18.0,2025-07-13,Jase,Burgoyne,Port Adelaide,CHB,0,175,5,13,5,0,4,0,78,7
2025,18.0,2025-07-13,Noah,Long,West Coast,SUB,0,58,1,2,1,0,1,1,75,3
2025,18.0,2025-07-13,Reuben,Ginbey,West Coast,CHB,0,364,4,7,4,0,1,0,86,12
2025,18.0,2025-07-13,Elijah,Hewett,West Coast,C,5,243,2,16,1,1,3,1,57,8
2025,18.0,2025-07-13,Ollie,Lord,Port Adelaide,FPR,5,28,2,10,1,0,4,2,89,8
2025,18.0,2025-07-13,Ryan,Maric,West Coast,WR,1,195,5,4,2,0,3,0,69,11
2025,18.0,2025-07-13,Harley,Reid,West Coast,R,4,533,2,24,6,2,4,2,44,12
2025,18.0,2025-07-13,Joe,Richards,Port Adelaide,HFFL,8,460,1,19,3,0,4,4,48,11
2025,18.0,2025-07-13,Tyrell,Dewar,West Coast,WL,3,278,6,13,2,0,7,0,80,12
2025,18.0,2025-07-13,Jack,Hutchinson,West Coast,FPL,0,444,4,19,7,1,2,0,70,14
2025,18.0,2025-07-13,Will,Lorenz,Port Adelaide,SUB,0,-2,0,1,0,0,1,0,100,1
2025,18.0,2025-07-13,Clay,Hall,West Coast,INT,3,242,2,18,2,2,5,1,76,16
2025,18.0,2025-07-13,Hugh,Jackson,Port Adelaide,INT,5,188,1,16,2,1,4,1,83,10
2025,18.0,2025-07-13,Mani,Liddy,Port Adelaide,WL,2,273,2,13,4,0,2,0,67,12
2025,18.0,2025-07-13,Tom,McCarthy,West Coast,BPR,1,394,1,13,4,0,3,0,76,16
2025,18.0,2025-07-13,Jobe,Shanahan,West Coast,CHF,5,183,1,14,1,0,2,0,73,8
2025,18.0,2025-07-13,Malakai,Champion,West Coast,INT,3,72,1,5,1,0,3,0,86,6
2025,19.0,2025-07-17,Stephen,Coniglio,Greater Western Sydney,INT,5,246,1,15,6,2,2,0,56,10
2025,19.0,2025-07-17,Toby,Greene,Greater Western Sydney,FPR,7,234,0,10,4,1,4,1,59,10
2025,19.0,2025-07-17,Dylan,Shiel,Essendon,INT,5,554,1,18,5,3,5,0,76,16
2025,19.0,2025-07-17,Lachie,Whitfield,Greater Western Sydney,HBFL,3,430,5,11,4,0,5,0,76,22
2025,19.0,2025-07-17,Jake,Stringer,Greater Western Sydney,FPL,8,314,1,7,4,0,8,0,72,13
2025,19.0,2025-07-17,Zach,Merrett,Essendon,C,3,466,2,20,6,3,5,1,66,19
2025,19.0,2025-07-17,Peter,Wright,Essendon,CHF,5,230,3,11,4,0,1,1,55,6
2025,19.0,2025-07-17,Jayden,Laverde,Essendon,FB,3,141,5,13,3,0,2,0,77,10
2025,19.0,2025-07-17,Jade,Gresham,Essendon,INT,4,280,2,16,4,4,7,0,71,12
2025,19.0,2025-07-17,Mason,Redman,Essendon,HBFL,4,625,7,5,6,0,0,0,91,20
2025,19.0,2025-07-17,Harry,Himmelberg,Greater Western Sydney,BPR,3,298,8,7,3,0,3,0,70,16
2025,19.0,2025-07-17,Andrew,McGrath,Essendon,BPL,3,139,5,16,2,0,7,0,75,15
2025,19.0,2025-07-17,Matt,Guelfi,Essendon,RR,3,140,1,13,2,0,4,1,50,7
2025,19.0,2025-07-17,Jordan,Ridley,Essendon,CHB,4,460,9,4,3,0,3,0,87,20
2025,19.0,2025-07-17,Xavier,Duursma,Essendon,WL,6,324,6,14,3,0,5,1,95,19
2025,19.0,2025-07-17,Connor,Idun,Greater Western Sydney,BPL,4,367,11,5,2,0,7,0,91,19
2025,19.0,2025-07-17,Tom,Green,Greater Western Sydney,R,8,379,2,17,4,3,9,0,87,26
2025,19.0,2025-07-17,Toby,Bedford,Greater Western Sydney,HFFL,4,188,2,21,2,0,1,2,75,6
2025,19.0,2025-07-17,Lachie,Ash,Greater Western Sydney,HBFR,3,443,10,6,5,0,5,0,74,20
2025,19.0,2025-07-17,Xavier,O'Halloran,Greater Western Sydney,C,6,456,4,26,5,2,5,0,58,11
2025,19.0,2025-07-17,Jake,Riccardi,Greater Western Sydney,FF,7,176,0,11,7,1,3,0,77,13
2025,19.0,2025-07-17,Jack,Buckley,Greater Western Sydney,FB,0,195,6,2,1,0,3,0,80,8
2025,19.0,2025-07-17,Jaxon,Prior,Essendon,INT,3,272,7,10,2,0,1,0,100,10
2025,19.0,2025-07-17,Archie,Perkins,Essendon,HFFL,5,245,4,13,3,0,4,0,63,10
2025,19.0,2025-07-17,Kieren,Briggs,Greater Western Sydney,RK,7,286,0,10,2,1,2,1,73,8
2025,19.0,2025-07-17,Callum,Brown,Greater Western Sydney,INT,4,288,1,18,6,0,2,0,58,7
2025,19.0,2025-07-17,Sam,Durham,Essendon,R,4,293,1,28,3,2,7,1,46,5
2025,19.0,2025-07-17,Finn,Callaghan,Greater Western Sydney,RR,6,537,2,19,3,1,3,0,79,26
2025,19.0,2025-07-17,Ryan,Angwin,Greater Western Sydney,WL,3,294,2,13,4,1,4,0,73,11
2025,19.0,2025-07-17,Leek,Aleer,Greater Western Sydney,CHB,1,47,6,6,1,0,5,0,75,6
2025,19.0,2025-07-17,Harry,Rowston,Greater Western Sydney,SUB,1,89,0,5,1,0,0,0,50,3
2025,19.0,2025-07-17,Aaron,Cadman,Greater Western Sydney,CHF,5,335,1,12,5,0,1,1,44,4
2025,19.0,2025-07-17,Toby,McMullin,Greater Western Sydney,WR,2,256,3,6,1,0,3,0,93,14
2025,19.0,2025-07-17,Darcy,Jones,Greater Western Sydney,HFFR,5,276,2,26,2,1,6,1,62,8
2025,19.0,2025-07-17,Max,Gruzewski,Greater Western Sydney,INT,3,46,1,7,1,0,2,0,86,6
2025,19.0,2025-07-17,Joe,Fonti,Greater Western Sydney,INT,2,244,1,6,1,0,1,0,67,8
2025,19.0,2025-07-17,Archie,Roberts,Essendon,BPR,2,290,6,6,6,0,4,0,59,10
2025,19.0,2025-07-17,Isaac,Kako,Essendon,FPR,4,92,1,11,1,0,5,1,100,8
2025,19.0,2025-07-17,Angus,Clarke,Essendon,HBFR,3,304,2,13,3,0,5,0,65,11
2025,19.0,2025-07-17,Zak,Johnson,Essendon,SUB,1,102,2,4,1,0,2,0,100,5
2025,19.0,2025-07-17,Luamon,Lual,Essendon,WR,1,42,1,19,2,0,1,0,100,4
2025,19.0,2025-07-17,Lachlan,Blakiston,Essendon,HFFR,2,305,6,5,2,0,2,0,87,13
2025,19.0,2025-07-17,Archer,May,Essendon,FPL,4,132,0,17,3,0,2,3,57,4
2025,19.0,2025-07-17,Vigo,Visentini,Essendon,RK,3,107,3,8,2,0,3,0,50,5
2025,19.0,2025-07-17,Oskar,Smartt,Essendon,INT,4,192,0,23,2,0,3,0,33,3
2025,19.0,2025-07-17,Liam,McMahon,Essendon,FF,3,137,1,9,0,0,1,0,80,4
2025,19.0,2025-07-18,Liam,Jones,Western Bulldogs,INT,0,127,4,6,1,0,3,0,83,5
2025,19.0,2025-07-18,Ryan,Lester,Brisbane Lions,BPR,2,258,10,11,3,0,4,0,91,10
2025,19.0,2025-07-18,Tom,Liberatore,Western Bulldogs,R,5,240,3,44,5,4,13,1,48,11
2025,19.0,2025-07-18,Lachie,Neale,Brisbane Lions,R,6,249,4,22,3,1,6,3,67,16
2025,19.0,2025-07-18,Dayne,Zorko,Brisbane Lions,BPL,5,647,7,8,8,0,6,0,68,17
2025,19.0,2025-07-18,Jason,Johannisen,Western Bulldogs,HBFL,1,291,5,10,6,0,5,0,82,14
2025,19.0,2025-07-18,Darcy,Gardiner,Brisbane Lions,FB,1,227,8,5,3,0,6,0,67,8
2025,19.0,2025-07-18,Marcus,Bontempelli,Western Bulldogs,RR,4,520,5,33,6,1,8,0,75,18
2025,19.0,2025-07-18,Charlie,Cameron,Brisbane Lions,HFFL,5,211,1,11,3,0,1,3,63,5
2025,19.0,2025-07-18,Rory,Lobb,Western Bulldogs,CHB,2,209,7,6,4,1,3,0,75,9
2025,19.0,2025-07-18,Harris,Andrews,Brisbane Lions,CHB,2,213,3,4,0,0,2,0,85,11
2025,19.0,2025-07-18,Bailey,Dale,Western Bulldogs,HBFR,6,745,10,12,8,2,7,0,73,24
2025,19.0,2025-07-18,Callum,Ah Chee,Brisbane Lions,HFFR,4,564,1,14,5,0,3,0,58,11
2025,19.0,2025-07-18,Josh,Dunkley,Brisbane Lions,RR,4,230,2,32,8,2,13,2,61,17
2025,19.0,2025-07-18,Bailey,Williams,Western Bulldogs,WL,3,359,1,9,5,0,3,0,50,9
2025,19.0,2025-07-18,Eric,Hipwood,Brisbane Lions,CHF,6,160,2,13,3,0,1,1,30,3
2025,19.0,2025-07-18,Matthew,Kennedy,Western Bulldogs,HFFR,4,275,2,24,1,0,10,1,71,15
2025,19.0,2025-07-18,Jarrod,Berry,Brisbane Lions,WR,8,335,4,9,2,0,8,0,74,14
2025,19.0,2025-07-18,Hugh,McCluggage,Brisbane Lions,C,8,330,5,26,5,3,14,1,70,19
2025,19.0,2025-07-18,Tim,English,Western Bulldogs,RK,2,125,2,14,2,1,2,3,80,8
2025,19.0,2025-07-18,Cam,Rayner,Brisbane Lions,FPL,5,187,1,18,2,0,4,2,50,6
2025,19.0,2025-07-18,Aaron,Naughton,Western Bulldogs,CHF,3,178,1,10,5,0,0,2,40,4
2025,19.0,2025-07-18,Ed,Richards,Western Bulldogs,C,2,576,0,20,9,1,8,1,52,14
2025,19.0,2025-07-18,Oscar,McInerney,Brisbane Lions,RK,5,123,2,10,3,0,6,2,36,4
2025,19.0,2025-07-18,Brandon,Starcevich,Brisbane Lions,HBFR,2,206,7,8,3,0,7,0,83,10
2025,19.0,2025-07-18,Darcy,Fort,Brisbane Lions,INT,5,112,2,10,3,0,4,2,56,5
2025,19.0,2025-07-18,Rhylee,West,Western Bulldogs,FPR,5,378,0,11,5,0,5,1,50,7
2025,19.0,2025-07-18,Laitham,Vandermeer,Western Bulldogs,FPL,0,67,0,11,1,0,1,0,100,5
2025,19.0,2025-07-18,Lachlan,McNeil,Western Bulldogs,INT,0,2,3,6,0,0,5,1,100,7
2025,19.0,2025-07-18,Caleb,Poulter,Western Bulldogs,SUB,0,15,0,4,0,0,0,1,100,1
2025,19.0,2025-07-18,Riley,Garcia,Western Bulldogs,WR,2,259,0,16,3,0,2,1,71,10
2025,19.0,2025-07-18,Lachlan,Bramble,Western Bulldogs,BPL,3,453,6,10,4,0,4,0,68,13
2025,19.0,2025-07-18,Kai,Lohmann,Brisbane Lions,FPR,5,214,0,20,2,0,5,4,50,5
2025,19.0,2025-07-18,Luke,Cleary,Western Bulldogs,FB,2,267,6,10,2,0,3,0,81,13
2025,19.0,2025-07-18,Sam,Darcy,Western Bulldogs,FF,4,261,0,9,3,0,1,0,100,13
2025,19.0,2025-07-18,Darcy,Wilmot,Brisbane Lions,INT,0,296,8,10,2,1,3,0,65,11
2025,19.0,2025-07-18,Will,Ashcroft,Brisbane Lions,INT,5,372,1,19,2,3,9,2,69,18
2025,19.0,2025-07-18,James,O'Donnell,Western Bulldogs,BPR,1,151,3,9,2,0,2,0,88,7
2025,19.0,2025-07-18,Jaspa,Fletcher,Brisbane Lions,HBFL,3,326,6,10,2,1,7,1,83,20
2025,19.0,2025-07-18,Ryley,Sanders,Western Bulldogs,HFFL,1,176,7,11,3,0,10,0,75,15
2025,19.0,2025-07-18,Logan,Morris,Brisbane Lions,FF,5,218,2,6,2,0,3,0,62,8
2025,19.0,2025-07-18,Bruce,Reville,Brisbane Lions,INT,3,116,2,5,1,1,4,0,64,7
2025,19.0,2025-07-18,Joel,Freijah,Western Bulldogs,INT,4,149,1,16,4,2,6,1,64,9
2025,19.0,2025-07-18,Levi,Ashcroft,Brisbane Lions,WL,6,242,3,9,3,0,3,0,89,16
2025,19.0,2025-07-18,Sam,Davidson,Western Bulldogs,INT,2,108,2,12,3,0,4,2,43,3
2025,19.0,2025-07-18,Sam,Marshall,Brisbane Lions,SUB,1,28,1,1,0,0,3,0,80,4
2025,19.0,2025-07-19,Travis,Boak,Port Adelaide,FPL,3,238,4,18,5,0,4,2,47,7
2025,19.0,2025-07-19,Jack,Gunston,Hawthorn,CHF,7,114,0,9,1,0,5,1,69,9
2025,19.0,2025-07-19,Ollie,Wines,Port Adelaide,INT,4,338,1,21,5,2,6,1,54,14
2025,19.0,2025-07-19,Jarman,Impey,Hawthorn,HBFL,7,459,6,13,5,0,6,0,62,16
2025,19.0,2025-07-19,James,Sicily,Hawthorn,CHB,1,389,12,7,3,0,5,0,86,18
2025,19.0,2025-07-19,Karl,Amon,Hawthorn,BPR,5,544,6,10,5,0,4,0,46,10
2025,19.0,2025-07-19,Tom,Barrass,Hawthorn,FB,0,66,5,7,1,0,0,0,80,4
2025,19.0,2025-07-19,Darcy,Byrne-Jones,Port Adelaide,CHF,2,251,1,17,3,0,4,0,33,4
2025,19.0,2025-07-19,Aliir,Aliir,Port Adelaide,FB,2,462,10,9,6,0,3,0,79,11
2025,19.0,2025-07-19,Blake,Hardwick,Hawthorn,HBFR,3,840,8,12,7,0,4,0,74,20
2025,19.0,2025-07-19,Josh,Battle,Hawthorn,BPL,4,219,8,13,3,0,7,0,71,12
2025,19.0,2025-07-19,Jack,Scrimshaw,Hawthorn,INT,1,281,8,6,2,0,6,0,67,12
2025,19.0,2025-07-19,Harry,Morrison,Hawthorn,WR,3,399,7,11,9,0,4,0,43,9
2025,19.0,2025-07-19,James,Worpel,Hawthorn,INT,3,449,5,26,8,1,10,1,46,12
2025,19.0,2025-07-19,Mitch,Lewis,Hawthorn,FF,3,108,0,9,3,0,3,0,29,2
2025,19.0,2025-07-19,Kane,Farrell,Port Adelaide,BPR,1,805,11,20,3,1,8,0,76,19
2025,19.0,2025-07-19,Conor,Nash,Hawthorn,C,0,277,5,26,3,0,10,1,37,7
2025,19.0,2025-07-19,Zak,Butters,Port Adelaide,R,5,368,6,18,4,2,4,1,56,10
2025,19.0,2025-07-19,Willem,Drew,Port Adelaide,C,0,76,2,23,4,2,8,1,47,8
2025,19.0,2025-07-19,Jack,Lukosius,Port Adelaide,HFFR,5,210,2,14,3,0,4,1,57,8
2025,19.0,2025-07-19,Dylan,Moore,Hawthorn,FPR,7,523,3,29,9,2,5,2,41,13
2025,19.0,2025-07-19,Brandon,Zerk-Thatcher,Port Adelaide,BPL,0,123,11,12,7,0,7,0,50,7
2025,19.0,2025-07-19,Mitch,Georgiades,Port Adelaide,FF,3,157,1,13,3,0,3,2,60,6
2025,19.0,2025-07-19,Finn,Maginness,Hawthorn,HFFL,0,62,1,11,4,0,6,0,44,4
2025,19.0,2025-07-19,Lloyd,Meek,Hawthorn,RK,3,177,0,17,1,3,4,0,50,6
2025,19.0,2025-07-19,Miles,Bergman,Port Adelaide,RR,0,344,4,26,6,1,5,1,25,3
2025,19.0,2025-07-19,Lachie,Jones,Port Adelaide,HBFL,0,449,2,10,2,1,4,0,55,6
2025,19.0,2025-07-19,Jordon,Sweet,Port Adelaide,RK,3,451,4,20,5,1,10,3,55,12
2025,19.0,2025-07-19,Jai,Newcombe,Hawthorn,RR,1,116,1,17,0,1,7,1,82,9
2025,19.0,2025-07-19,Dylan,Williams,Port Adelaide,SUB,0,11,0,3,0,0,0,0,0,0
2025,19.0,2025-07-19,Jack,Ginnivan,Hawthorn,HFFR,4,282,3,6,0,0,5,0,48,10
2025,19.0,2025-07-19,Jackson,Mead,Port Adelaide,INT,2,157,1,24,2,0,0,1,29,2
2025,19.0,2025-07-19,Connor,Macdonald,Hawthorn,INT,2,232,3,25,3,1,2,1,58,7
2025,19.0,2025-07-19,Josh,Ward,Hawthorn,R,3,567,5,25,6,0,13,0,50,13
2025,19.0,2025-07-19,Josh,Sinn,Port Adelaide,HBFR,0,244,4,8,5,0,2,0,56,5
2025,19.0,2025-07-19,Massimo,D'Ambrosio,Hawthorn,WL,1,200,3,14,4,0,9,0,53,9
2025,19.0,2025-07-19,Jase,Burgoyne,Port Adelaide,CHB,4,477,9,20,6,0,9,0,39,10
2025,19.0,2025-07-19,Ollie,Lord,Port Adelaide,FPR,2,36,0,5,3,0,1,0,75,3
2025,19.0,2025-07-19,Bailey,Macdonald,Hawthorn,SUB,1,83,1,9,0,0,2,0,100,4
2025,19.0,2025-07-19,Nick,Watson,Hawthorn,INT,6,263,1,12,5,1,4,0,69,9
2025,19.0,2025-07-19,Calsher,Dear,Hawthorn,FPL,6,116,2,14,2,0,2,1,70,7
2025,19.0,2025-07-19,Joe,Richards,Port Adelaide,HFFL,2,158,2,30,5,0,4,4,36,4
2025,19.0,2025-07-19,Logan,Evans,Port Adelaide,INT,0,173,4,20,2,0,4,0,73,8
2025,19.0,2025-07-19,Will,Lorenz,Port Adelaide,WR,1,292,2,17,5,0,5,1,36,4
2025,19.0,2025-07-19,Hugh,Jackson,Port Adelaide,INT,2,85,1,9,5,0,7,0,39,5
2025,19.0,2025-07-19,Mani,Liddy,Port Adelaide,WL,0,88,2,12,3,0,1,1,50,2
2025,19.0,2025-07-19,Jack,Darling,North Melbourne,FF,2,142,1,9,2,1,2,3,88,7
2025,19.0,2025-07-19,Luke,Parker,North Melbourne,RR,3,185,3,13,1,1,2,0,86,12
2025,19.0,2025-07-19,Harry,Cunningham,Sydney,BPR,0,44,4,8,1,0,2,0,92,11
2025,19.0,2025-07-19,Dane,Rampe,Sydney,FB,1,121,4,4,0,0,3,0,89,8
2025,19.0,2025-07-19,Brodie,Grundy,Sydney,RK,5,139,3,4,6,0,5,1,68,15
2025,19.0,2025-07-19,Jake,Lloyd,Sydney,WR,3,212,2,13,2,0,4,1,100,14
2025,19.0,2025-07-19,Isaac,Heeney,Sydney,RR,11,584,0,13,3,4,2,2,85,29
2025,19.0,2025-07-19,Joel,Hamling,Sydney,INT,0,96,3,3,3,0,1,0,100,7
2025,19.0,2025-07-19,Caleb,Daniel,North Melbourne,CHB,2,168,8,8,3,0,8,0,85,23
2025,19.0,2025-07-19,Callum,Mills,Sydney,HBFL,8,293,4,10,0,0,4,0,89,25
2025,19.0,2025-07-19,Jy,Simpkin,North Melbourne,HFFR,6,809,2,10,10,0,6,1,71,20
2025,19.0,2025-07-19,Will,Hayward,Sydney,CHF,4,232,3,9,6,0,4,0,47,7
2025,19.0,2025-07-19,Griffin,Logue,North Melbourne,BPR,0,430,4,12,4,0,6,0,77,13
2025,19.0,2025-07-19,Lewis,Melican,Sydney,BPL,1,141,4,7,3,0,1,0,64,7
2025,19.0,2025-07-19,Cameron,Zurhaar,North Melbourne,FPR,3,76,0,9,2,0,4,1,67,8
2025,19.0,2025-07-19,Luke,Davies-Uniacke,North Melbourne,C,7,349,3,12,1,4,7,0,77,20
2025,19.0,2025-07-19,Nick,Blakey,Sydney,CHB,5,777,7,7,4,0,2,0,83,24
2025,19.0,2025-07-19,Justin,McInerney,Sydney,FPR,7,436,1,13,3,3,2,2,64,14
2025,19.0,2025-07-19,James,Rowbottom,Sydney,HFFL,4,281,0,27,1,1,5,1,41,7
2025,19.0,2025-07-19,Peter,Ladhams,Sydney,SUB,2,13,0,3,0,1,2,0,75,3
2025,19.0,2025-07-19,Callum,Coleman-Jones,North Melbourne,RK,0,0,0,2,1,0,0,0,0,0
2025,19.0,2025-07-19,Hayden,McLean,Sydney,FF,6,219,0,11,4,0,2,0,75,9
2025,19.0,2025-07-19,Dylan,Stephens,North Melbourne,INT,0,124,3,15,1,0,4,0,80,8
2025,19.0,2025-07-19,Chad,Warner,Sydney,C,10,426,0,14,2,1,3,1,73,19
2025,19.0,2025-07-19,Sam,Wicks,Sydney,HBFR,2,218,2,9,2,0,2,0,92,11
2025,19.0,2025-07-19,James,Jordon,Sydney,HFFR,6,128,2,12,1,0,3,2,62,8
2025,19.0,2025-07-19,Errol,Gulden,Sydney,R,6,208,0,18,0,0,2,2,75,15
2025,19.0,2025-07-19,Braeden,Campbell,Sydney,FPL,3,98,3,7,1,0,3,1,92,11
2025,19.0,2025-07-19,Tom,Powell,North Melbourne,HFFL,4,190,1,22,2,1,7,1,79,19
2025,19.0,2025-07-19,Will,Phillips,North Melbourne,INT,4,70,0,19,1,1,4,1,88,15
2025,19.0,2025-07-19,Charlie,Comben,North Melbourne,BPL,2,138,4,9,1,0,1,3,29,2
2025,19.0,2025-07-19,Angus,Sheldrick,Sydney,INT,3,127,1,16,2,2,10,2,58,11
2025,19.0,2025-07-19,Paul,Curtis,North Melbourne,FPL,2,131,0,17,1,0,0,6,33,2
2025,19.0,2025-07-19,Matt,Roberts,Sydney,WL,5,309,2,7,0,0,1,1,77,13
2025,19.0,2025-07-19,Brynn,Teakle,North Melbourne,INT,5,348,1,15,3,1,7,1,53,9
2025,19.0,2025-07-19,Harry,Sheezel,North Melbourne,R,7,273,2,19,2,0,7,1,67,18
2025,19.0,2025-07-19,Jack,Buller,Sydney,INT,4,204,0,8,1,0,0,1,70,7
2025,19.0,2025-07-19,Cooper,Harvey,North Melbourne,WL,3,53,0,6,1,0,0,0,100,4
2025,19.0,2025-07-19,Colby,McKercher,North Melbourne,WR,6,461,0,12,3,1,1,0,77,17
2025,19.0,2025-07-19,Toby,Pink,North Melbourne,FB,1,38,4,4,1,0,2,0,100,8
2025,19.0,2025-07-19,Riley,Hardeman,North Melbourne,HBFL,1,463,5,4,2,0,3,0,78,14
2025,19.0,2025-07-19,Wil,Dawson,North Melbourne,CHF,0,109,0,8,0,0,0,0,100,4
2025,19.0,2025-07-19,Riley,Bice,Sydney,INT,1,110,0,14,0,0,0,0,83,5
2025,19.0,2025-07-19,Jacob,Konstanty,North Melbourne,INT,2,128,0,15,1,0,3,2,43,3
2025,19.0,2025-07-19,Finn,O'Sullivan,North Melbourne,HBFR,0,206,5,7,1,0,6,0,85,17
2025,19.0,2025-07-19,Zac,Banch,North Melbourne,SUB,1,70,0,12,1,0,0,0,50,1
2025,19.0,2025-07-19,Jake,Melksham,Melbourne,FPL,3,150,0,6,3,0,1,1,57,4
2025,19.0,2025-07-19,Steven,May,Melbourne,FB,3,207,6,8,2,0,3,0,83,15
2025,19.0,2025-07-19,Max,Gawn,Melbourne,RK,6,173,5,9,5,2,5,0,68,13
2025,19.0,2025-07-19,Tom,McDonald,Melbourne,CHB,2,184,7,6,1,0,5,0,92,11
2025,19.0,2025-07-19,Nick,Haynes,Carlton,BPL,2,230,6,8,5,0,5,0,69,9
2025,19.0,2025-07-19,Jack,Viney,Melbourne,HFFL,5,290,4,22,6,2,6,0,62,13
2025,19.0,2025-07-19,Sam,Docherty,Carlton,INT,3,225,5,14,2,0,6,1,67,12
2025,19.0,2025-07-19,Zac,Williams,Carlton,FPR,3,330,3,13,5,1,4,0,63,10
2025,19.0,2025-07-19,Patrick,Cripps,Carlton,C,3,415,4,26,7,3,8,0,62,18
2025,19.0,2025-07-19,Christian,Salem,Melbourne,INT,6,475,5,6,4,0,4,0,80,20
2025,19.0,2025-07-19,Adam,Saad,Carlton,BPR,2,317,6,4,6,1,5,0,71,12
2025,19.0,2025-07-19,Ed,Langdon,Melbourne,INT,5,279,5,13,3,0,7,1,76,16
2025,19.0,2025-07-19,Jacob,Weitering,Carlton,FB,0,384,9,7,4,0,1,0,91,10
2025,19.0,2025-07-19,Clayton,Oliver,Melbourne,RR,5,345,3,20,3,2,4,0,77,20
2025,19.0,2025-07-19,George,Hewett,Carlton,INT,3,185,3,15,2,1,8,0,79,15
2025,19.0,2025-07-19,Marc,Pittonet,Carlton,RK,2,35,1,8,1,2,3,0,63,5
2025,19.0,2025-07-19,Charlie,Curnow,Carlton,CHF,5,351,0,5,4,0,2,0,73,11
2025,19.0,2025-07-19,Christian,Petracca,Melbourne,C,4,278,1,12,4,2,8,0,65,15
2025,19.0,2025-07-19,Bayley,Fritsch,Melbourne,CHF,8,526,2,11,5,0,3,0,80,16
2025,19.0,2025-07-19,Lachie,Fogarty,Carlton,HFFR,3,181,0,16,3,0,1,0,73,8
2025,19.0,2025-07-19,Adam,Cerra,Carlton,WR,2,335,1,21,6,2,9,0,75,15
2025,19.0,2025-07-19,Tom,De Koning,Carlton,FF,3,209,2,9,5,0,3,0,75,9
2025,19.0,2025-07-19,Kade,Chandler,Melbourne,WL,3,152,2,16,1,2,8,0,93,13
2025,19.0,2025-07-19,Kysaiah,Pickett,Melbourne,FPR,11,449,3,14,4,1,6,2,57,13
2025,19.0,2025-07-19,Trent,Rivers,Melbourne,R,1,581,8,7,10,0,7,0,63,17
2025,19.0,2025-07-19,Harry,Sharp,Melbourne,HFFR,2,282,2,15,2,0,2,0,60,6
2025,19.0,2025-07-19,Francis,Evans,Carlton,HFFL,3,223,3,8,2,0,3,1,75,6
2025,19.0,2025-07-19,Jake,Bowey,Melbourne,BPL,6,419,7,10,5,0,3,0,85,22
2025,19.0,2025-07-19,Corey,Durdin,Carlton,SUB,1,66,3,5,2,0,2,0,0,0
2025,19.0,2025-07-19,Jesse,Motlop,Carlton,FPL,1,103,1,19,3,0,3,0,70,7
2025,19.0,2025-07-19,Daniel,Turner,Melbourne,HBFR,1,119,4,1,2,0,2,0,70,7
2025,19.0,2025-07-19,Lachlan,Cowan,Carlton,HBFL,1,230,9,11,6,0,2,0,75,12
2025,19.0,2025-07-19,Oliver,Hollands,Carlton,R,1,338,1,25,3,0,1,0,79,11
2025,19.0,2025-07-19,Judd,McVee,Melbourne,BPR,0,18,10,6,0,0,7,0,93,14
2025,19.0,2025-07-19,Jacob,van Rooyen,Melbourne,FF,7,132,0,6,3,0,1,0,60,6
2025,19.0,2025-07-19,Caleb,Windsor,Melbourne,HBFL,4,233,5,18,5,0,6,1,50,8
2025,19.0,2025-07-19,Koltyn,Tholstrup,Melbourne,INT,1,30,1,5,1,0,0,0,50,3
2025,19.0,2025-07-19,Ashton,Moir,Carlton,WL,7,238,0,7,2,0,2,0,73,8
2025,19.0,2025-07-19,Cooper,Lord,Carlton,RR,2,407,6,18,7,1,8,0,69,11
2025,19.0,2025-07-19,Matthew,Jefferson,Melbourne,INT,4,71,0,7,5,0,1,1,56,5
2025,19.0,2025-07-19,Harvey,Langford,Melbourne,WR,3,338,3,5,4,0,5,0,60,12
2025,19.0,2025-07-19,Xavier,Lindsay,Melbourne,SUB,2,196,0,5,1,0,0,0,43,3
2025,19.0,2025-07-19,Will,White,Carlton,INT,2,122,0,11,1,0,0,0,60,3
2025,19.0,2025-07-19,Matthew,Carroll,Carlton,HBFR,5,415,10,11,0,1,4,0,73,11
2025,19.0,2025-07-19,Harry,O'Farrell,Carlton,CHB,0,295,4,3,3,0,1,0,80,8
2025,19.0,2025-07-19,Flynn,Young,Carlton,INT,4,260,2,16,4,0,0,0,25,2
2025,19.0,2025-07-19,Dion,Prestia,Richmond,C,6,352,1,13,4,1,3,0,71,15
2025,19.0,2025-07-19,Jamie,Cripps,West Coast,WL,4,306,0,14,3,0,1,0,67,10
2025,19.0,2025-07-19,Nick,Vlastuin,Richmond,HBFR,2,434,7,6,4,0,5,0,80,20
2025,19.0,2025-07-19,Kamdyn,McIntosh,Richmond,WR,7,335,5,12,2,0,5,0,72,13
2025,19.0,2025-07-19,Liam,Duggan,West Coast,BPR,7,478,4,13,3,0,4,0,81,25
2025,19.0,2025-07-19,Toby,Nankervis,Richmond,RK,6,299,0,19,3,3,2,0,65,11
2025,19.0,2025-07-19,Jayden,Short,Richmond,HBFL,5,392,4,6,1,0,2,0,93,13
2025,19.0,2025-07-19,Jacob,Hopper,Richmond,R,6,442,2,16,4,2,10,0,70,23
2025,19.0,2025-07-19,Tom,Cole,West Coast,INT,3,208,3,9,1,0,5,0,96,23
2025,19.0,2025-07-19,Nathan,Broad,Richmond,BPL,2,208,8,6,1,0,1,0,75,12
2025,19.0,2025-07-19,Tim,Taranto,Richmond,RR,9,425,1,18,4,0,8,2,73,22
2025,19.0,2025-07-19,Tim,Kelly,West Coast,R,2,255,0,8,2,0,4,0,87,13
2025,19.0,2025-07-19,Liam,Ryan,West Coast,HFFR,6,98,0,6,1,0,3,0,67,6
2025,19.0,2025-07-19,Jack,Petruccelle,West Coast,SUB,1,65,2,7,0,0,1,0,75,3
2025,19.0,2025-07-19,Liam,Baker,West Coast,HFFL,5,340,0,19,7,4,6,2,64,16
2025,19.0,2025-07-19,Jack,Ross,Richmond,INT,6,233,3,21,5,1,5,1,92,23
2025,19.0,2025-07-19,Harry,Edwards,West Coast,FB,3,197,7,5,1,0,1,0,85,11
2025,19.0,2025-07-19,Bailey J.,Williams,West Coast,CHF,3,202,2,4,4,0,3,0,62,8
2025,19.0,2025-07-19,Matthew,Owies,West Coast,INT,3,254,0,12,2,0,0,3,46,6
2025,19.0,2025-07-19,Tyler,Brockman,West Coast,FPR,2,95,0,9,2,0,4,2,58,7
2025,19.0,2025-07-19,Jacob,Koschitzke,Richmond,FPL,2,51,0,6,1,0,1,1,56,5
2025,19.0,2025-07-19,Matt,Flynn,West Coast,RK,5,213,3,8,3,1,3,0,55,6
2025,19.0,2025-07-19,Rhyan,Mansell,Richmond,FPR,9,351,1,9,2,0,5,0,60,9
2025,19.0,2025-07-19,Maurice,Rioli,Richmond,HFFL,6,287,3,15,0,0,2,1,85,11
2025,19.0,2025-07-19,Ben,Miller,Richmond,FB,3,145,4,3,1,0,1,0,80,8
2025,19.0,2025-07-19,Brady,Hough,West Coast,RR,3,206,3,22,3,1,3,0,88,21
2025,19.0,2025-07-19,Jack,Williams,West Coast,FF,0,0,0,1,0,0,0,0,0,0
2025,19.0,2025-07-19,Rhett,Bazzo,West Coast,CHB,2,70,1,6,1,0,1,0,90,9
2025,19.0,2025-07-19,Tyler,Sonsie,Richmond,INT,7,333,2,14,4,0,4,1,81,17
2025,19.0,2025-07-19,Reuben,Ginbey,West Coast,BPL,3,210,5,10,3,0,3,0,62,8
2025,19.0,2025-07-19,Tylar,Young,Richmond,BPR,1,442,7,6,4,0,1,0,100,14
2025,19.0,2025-07-19,Ryan,Maric,West Coast,WR,3,226,4,12,2,0,4,0,88,15
2025,19.0,2025-07-19,Sam,Banks,Richmond,CHB,4,379,1,8,2,0,2,0,79,19
2025,19.0,2025-07-19,James,Trezise,Richmond,SUB,1,103,1,2,0,0,2,0,75,6
2025,19.0,2025-07-19,Tom,Brown,Richmond,INT,3,341,3,12,2,0,3,0,64,9
2025,19.0,2025-07-19,Seth,Campbell,Richmond,CHF,4,287,0,16,2,1,4,0,91,10
2025,19.0,2025-07-19,Harley,Reid,West Coast,C,4,455,1,20,5,3,6,0,74,20
2025,19.0,2025-07-19,Tyrell,Dewar,West Coast,HBFR,2,365,5,7,5,0,4,0,75,12
2025,19.0,2025-07-19,Jack,Hutchinson,West Coast,FPL,4,274,4,16,2,0,1,0,58,7
2025,19.0,2025-07-19,Clay,Hall,West Coast,INT,6,258,1,22,1,2,7,0,79,15
2025,19.0,2025-07-19,Luke,Trainor,Richmond,WL,1,91,1,7,1,1,2,0,100,6
2025,19.0,2025-07-19,Jonty,Faull,Richmond,FF,7,121,2,5,0,0,4,1,64,7
2025,19.0,2025-07-19,Thomas,Sims,Richmond,INT,2,130,0,12,2,0,1,2,50,3
2025,19.0,2025-07-19,Tom,McCarthy,West Coast,HBFL,3,292,5,11,5,0,6,0,83,15
2025,19.0,2025-07-19,Jobe,Shanahan,West Coast,INT,2,176,0,7,1,0,0,1,67,4
2025,19.0,2025-07-19,Taj,Hotton,Richmond,HFFR,4,123,1,6,1,0,5,1,75,12
2025,19.0,2025-07-20,Patrick,Dangerfield,Geelong,R,9,239,1,5,4,6,9,2,68,13
2025,19.0,2025-07-20,Rhys,Stanley,Geelong,RK,1,126,2,10,4,1,1,0,63,5
2025,19.0,2025-07-20,Jeremy,Cameron,Geelong,FF,8,342,0,2,1,0,4,0,71,10
2025,19.0,2025-07-20,Bradley,Hill,St Kilda,WR,4,416,2,20,3,0,2,0,70,16
2025,19.0,2025-07-20,Mark,Blicavs,Geelong,WL,6,146,1,7,2,1,4,1,87,13
2025,19.0,2025-07-20,Jack,Macrae,St Kilda,RR,4,258,3,16,4,1,11,0,68,13
2025,19.0,2025-07-20,Jack,Martin,Geelong,INT,6,100,0,11,0,0,2,4,91,10
2025,19.0,2025-07-20,Mason,Wood,St Kilda,WL,2,184,1,10,3,0,2,0,60,6
2025,19.0,2025-07-20,Jack,Sinclair,St Kilda,C,6,556,9,20,4,0,5,0,79,26
2025,19.0,2025-07-20,Jack,Steele,St Kilda,R,7,239,1,25,5,0,6,2,76,16
2025,19.0,2025-07-20,Jack,Bowes,Geelong,SUB,2,30,2,5,0,0,3,1,100,7
2025,19.0,2025-07-20,Tom,Stewart,Geelong,CHB,1,159,8,4,4,0,3,0,92,11
2025,19.0,2025-07-20,Mark,O'Connor,Geelong,INT,1,255,3,7,2,0,4,0,100,8
2025,19.0,2025-07-20,Zach,Guthrie,Geelong,HBFR,0,416,4,6,1,0,2,0,81,13
2025,19.0,2025-07-20,Tyson,Stengle,Geelong,HFFR,7,145,2,17,1,0,5,2,83,10
2025,19.0,2025-07-20,Rowan,Marshall,St Kilda,RK,11,136,3,6,1,0,2,0,71,12
2025,19.0,2025-07-20,Hunter,Clark,St Kilda,SUB,2,135,1,5,2,1,5,0,75,6
2025,19.0,2025-07-20,Jack,Henry,Geelong,BPL,2,202,5,9,4,0,4,0,81,13
2025,19.0,2025-07-20,Jack,Higgins,St Kilda,HFFR,7,145,1,8,2,0,1,1,67,6
2025,19.0,2025-07-20,Tom,Atkins,Geelong,INT,7,256,4,26,2,2,8,1,64,14
2025,19.0,2025-07-20,Gryan,Miers,Geelong,INT,11,294,3,28,4,0,3,0,85,22
2025,19.0,2025-07-20,Bailey,Smith,Geelong,RR,5,308,2,16,0,3,6,1,87,20
2025,19.0,2025-07-20,Callum,Wilkie,St Kilda,FB,3,246,5,9,3,0,2,0,75,12
2025,19.0,2025-07-20,Liam,Stocker,St Kilda,BPR,0,117,2,10,3,0,2,0,50,4
2025,19.0,2025-07-20,Ryan,Byrnes,St Kilda,INT,4,352,5,10,3,0,5,0,71,12
2025,19.0,2025-07-20,Brad,Close,Geelong,HFFL,9,221,1,14,0,1,2,1,79,11
2025,19.0,2025-07-20,Liam,Henry,St Kilda,INT,4,64,1,8,3,0,4,0,44,4
2025,19.0,2025-07-20,Max,Holmes,Geelong,C,8,809,2,19,8,2,6,0,72,23
2025,19.0,2025-07-20,Sam,De Koning,Geelong,FB,4,71,4,5,1,0,5,0,82,9
2025,19.0,2025-07-20,Cooper,Sharman,St Kilda,FPR,4,165,1,5,0,0,3,0,90,9
2025,19.0,2025-07-20,Mitch,Owens,St Kilda,HFFL,8,242,4,8,2,0,5,0,67,10
2025,19.0,2025-07-20,Nasiah,Wanganeen-Milera,St Kilda,CHB,9,642,3,24,9,6,9,1,64,23
2025,19.0,2025-07-20,Marcus,Windhager,St Kilda,BPL,1,315,0,19,7,0,2,0,55,12
2025,19.0,2025-07-20,Oliver,Dempsey,Geelong,WR,10,458,4,12,4,2,6,2,80,20
2025,19.0,2025-07-20,Shannon,Neale,Geelong,FPR,3,30,2,10,4,0,2,1,57,4
2025,19.0,2025-07-20,Anthony,Caminiti,St Kilda,FPL,1,317,4,5,1,0,2,0,92,12
2025,19.0,2025-07-20,Oisin,Mullin,Geelong,FPL,1,186,6,8,1,0,1,0,90,9
2025,19.0,2025-07-20,Shaun,Mannagh,Geelong,CHF,8,498,1,24,4,0,3,4,63,15
2025,19.0,2025-07-20,Darcy,Wilson,St Kilda,INT,3,180,0,12,2,0,1,1,75,6
2025,19.0,2025-07-20,Angus,Hastie,St Kilda,HBFL,1,94,4,14,0,0,2,0,100,8
2025,19.0,2025-07-20,Connor,O'Sullivan,Geelong,BPR,3,171,4,12,3,0,1,1,67,8
2025,19.0,2025-07-20,Lawson,Humphries,Geelong,HBFL,7,371,3,12,1,0,2,2,73,11
2025,19.0,2025-07-20,Max,Hall,St Kilda,CHF,4,346,1,24,2,1,7,0,67,14
2025,19.0,2025-07-20,Hugh,Boxshall,St Kilda,INT,5,175,3,11,3,1,4,0,73,11
2025,19.0,2025-07-20,Alixzander,Tauru,St Kilda,HBFR,0,80,1,7,1,0,1,0,71,5
2025,19.0,2025-07-20,Max,Heath,St Kilda,FF,2,95,0,9,2,1,2,0,43,3
2025,19.0,2025-07-20,Scott,Pendlebury,Collingwood,RR,6,155,1,22,2,2,10,2,71,15
2025,19.0,2025-07-20,Steele,Sidebottom,Collingwood,WL,3,175,6,14,2,0,3,1,59,10
2025,19.0,2025-07-20,Will,Hoskin-Elliott,Collingwood,SUB,2,-13,0,1,0,0,1,0,100,3
2025,19.0,2025-07-20,Jack,Crisp,Collingwood,INT,0,457,3,21,6,1,7,3,44,10
2025,19.0,2025-07-20,Jamie,Elliott,Collingwood,FPL,5,144,0,20,5,0,2,5,22,2
2025,19.0,2025-07-20,Jaeger,O'Meara,Fremantle,INT,3,298,3,18,6,2,7,0,65,15
2025,19.0,2025-07-20,Daniel,McStay,Collingwood,CHF,5,164,1,3,1,0,4,0,75,6
2025,19.0,2025-07-20,Brayden,Maynard,Collingwood,BPL,1,430,3,6,2,0,2,0,64,9
2025,19.0,2025-07-20,Darcy,Moore,Collingwood,BPR,2,188,10,3,2,0,5,0,82,9
2025,19.0,2025-07-20,Oscar,McDonald,Fremantle,BPR,2,183,4,8,3,0,1,0,73,8
2025,19.0,2025-07-20,Mason,Cox,Collingwood,INT,1,75,3,5,1,1,2,1,50,4
2025,19.0,2025-07-20,Corey,Wagner,Fremantle,INT,2,147,0,23,3,0,4,0,60,6
2025,19.0,2025-07-20,Oleg,Markov,Collingwood,HBFR,3,215,4,8,2,0,3,0,75,9
2025,19.0,2025-07-20,Harry,Perryman,Collingwood,INT,3,398,6,21,5,0,3,0,44,7
2025,19.0,2025-07-20,Shai,Bolton,Fremantle,C,7,260,1,12,2,1,5,0,50,7
2025,19.0,2025-07-20,Luke,Ryan,Fremantle,BPL,4,498,5,7,6,0,2,0,84,21
2025,19.0,2025-07-20,Brennan,Cox,Fremantle,FB,2,147,6,3,2,0,1,0,100,13
2025,19.0,2025-07-20,Sean,Darcy,Fremantle,FPR,7,122,0,9,3,0,3,1,87,13
2025,19.0,2025-07-20,Josh,Daicos,Collingwood,CHB,3,438,6,7,3,1,7,0,56,14
2025,19.0,2025-07-20,Patrick,Lipinski,Collingwood,HFFR,3,224,1,17,3,1,4,4,46,6
2025,19.0,2025-07-20,Bailey,Banfield,Fremantle,INT,3,262,5,11,5,0,5,0,75,15
2025,19.0,2025-07-20,Andrew,Brayshaw,Fremantle,R,3,180,2,24,3,1,6,2,62,13
2025,19.0,2025-07-20,Brody,Mihocek,Collingwood,FF,5,228,2,11,2,0,4,3,50,6
2025,19.0,2025-07-20,Darcy,Cameron,Collingwood,RK,6,62,8,9,1,1,4,0,75,15
2025,19.0,2025-07-20,Sam,Switkowski,Fremantle,HFFL,6,118,4,17,0,2,4,1,100,14
2025,19.0,2025-07-20,Jordan,Clark,Fremantle,HBFR,6,324,6,24,3,0,7,0,96,23
2025,19.0,2025-07-20,Lachie,Schultz,Collingwood,FPR,3,122,0,24,2,0,3,4,70,7
2025,19.0,2025-07-20,Isaac,Quaynor,Collingwood,HBFL,1,362,5,7,5,0,1,0,72,13
2025,19.0,2025-07-20,Hayden,Young,Fremantle,SUB,4,228,1,8,4,0,5,1,46,5
2025,19.0,2025-07-20,Luke,Jackson,Fremantle,RK,4,122,3,13,2,0,6,1,88,14
2025,19.0,2025-07-20,Caleb,Serong,Fremantle,RR,9,671,1,24,9,3,10,0,46,17
2025,19.0,2025-07-20,Michael,Frederick,Fremantle,FPL,2,144,0,12,1,0,0,0,63,5
2025,19.0,2025-07-20,Heath,Chapman,Fremantle,HBFL,1,166,2,13,4,0,2,0,90,9
2025,19.0,2025-07-20,Beau,McCreery,Collingwood,HFFL,6,218,2,34,4,3,4,7,60,9
2025,19.0,2025-07-20,Josh,Treacy,Fremantle,FF,4,261,2,13,1,0,1,0,78,7
2025,19.0,2025-07-20,Nick,Daicos,Collingwood,R,8,778,4,19,7,2,8,0,70,30
2025,19.0,2025-07-20,Nathan,O'Driscoll,Fremantle,WR,2,154,4,16,3,0,7,1,77,10
2025,19.0,2025-07-20,Jye,Amiss,Fremantle,HFFR,2,47,0,5,1,0,0,0,67,2
2025,19.0,2025-07-20,Ned,Long,Collingwood,C,6,270,1,27,2,0,8,3,58,11
2025,19.0,2025-07-20,Matthew,Johnson,Fremantle,WL,2,289,4,12,4,0,3,0,71,10
2025,19.0,2025-07-20,Karl,Worner,Fremantle,CHB,1,200,6,4,3,0,5,0,67,10
2025,19.0,2025-07-20,Charlie,Dean,Collingwood,FB,0,108,6,2,1,0,5,0,91,10
2025,19.0,2025-07-20,Patrick,Voss,Fremantle,CHF,8,370,1,8,3,0,1,1,67,8
2025,19.0,2025-07-20,Lachlan,Sullivan,Collingwood,INT,4,153,2,13,3,0,1,2,73,8
2025,19.0,2025-07-20,Edward,Allan,Collingwood,WR,4,237,2,5,1,0,3,0,82,9
2025,19.0,2025-07-20,Murphy,Reid,Fremantle,INT,3,190,2,7,4,1,3,1,71,10
2025,19.0,2025-07-20,Taylor,Walker,Adelaide,FPR,7,175,0,5,2,0,3,0,67,6
2025,19.0,2025-07-20,David,Swallow,Gold Coast,SUB,4,115,3,4,2,0,3,0,71,5
2025,19.0,2025-07-20,Rory,Laird,Adelaide,BPR,3,243,5,10,2,1,4,0,83,19
2025,19.0,2025-07-20,Jarrod,Witts,Gold Coast,RK,3,117,2,12,1,0,3,0,64,7
2025,19.0,2025-07-20,Alex,Neal-Bullen,Adelaide,HFFR,12,539,3,12,3,0,5,2,81,25
2025,19.0,2025-07-20,Daniel,Rioli,Gold Coast,HBFR,1,216,3,4,2,0,3,0,73,8
2025,19.0,2025-07-20,Wayne,Milera,Adelaide,HBFL,6,461,3,4,2,0,0,0,81,17
2025,19.0,2025-07-20,Ben,Keays,Adelaide,HFFL,8,96,3,18,4,0,4,2,61,11
2025,19.0,2025-07-20,Reilly,O'Brien,Adelaide,RK,7,150,1,9,2,0,4,1,50,5
2025,19.0,2025-07-20,Brayden,Fiorini,Gold Coast,WR,3,407,2,15,5,0,0,0,75,21
2025,19.0,2025-07-20,Ben,Ainsworth,Gold Coast,HFFL,4,127,1,8,2,0,0,1,67,8
2025,19.0,2025-07-20,Jordan,Dawson,Adelaide,C,6,367,1,21,4,1,5,0,65,13
2025,19.0,2025-07-20,Ben,Long,Gold Coast,FPL,2,79,2,12,6,0,1,0,50,4
2025,19.0,2025-07-20,Darcy,Fogarty,Adelaide,FF,4,260,0,5,3,0,0,0,100,7
2025,19.0,2025-07-20,Isaac,Cumming,Adelaide,WL,2,317,2,6,2,1,5,0,75,12
2025,19.0,2025-07-20,Wil,Powell,Gold Coast,CHB,4,442,6,10,3,0,3,0,81,13
2025,19.0,2025-07-20,Chayce,Jones,Adelaide,SUB,1,74,2,13,0,0,2,0,63,5
2025,19.0,2025-07-20,Mitchell,Hinge,Adelaide,INT,1,10,2,1,0,0,0,0,100,1
2025,19.0,2025-07-20,Ben,King,Gold Coast,FPR,2,72,0,5,4,0,3,2,75,3
2025,19.0,2025-07-20,John,Noble,Gold Coast,HBFL,1,338,1,8,1,0,3,1,90,18
2025,19.0,2025-07-20,Noah,Anderson,Gold Coast,R,2,261,2,28,1,2,8,0,74,20
2025,19.0,2025-07-20,Connor,Budarick,Gold Coast,INT,2,723,4,8,6,0,3,1,71,17
2025,19.0,2025-07-20,Matt,Rowell,Gold Coast,RR,2,566,5,26,6,5,10,0,77,23
2025,19.0,2025-07-20,Izak,Rankine,Adelaide,FPL,7,403,1,21,6,0,8,2,53,8
2025,19.0,2025-07-20,Mark,Keane,Adelaide,CHB,2,238,7,4,0,0,1,0,92,12
2025,19.0,2025-07-20,Sam,Flanders,Gold Coast,CHF,4,155,4,9,5,0,12,0,82,23
2025,19.0,2025-07-20,Sam,Berry,Adelaide,R,4,366,2,24,4,1,4,1,47,7
2025,19.0,2025-07-20,Nick,Murray,Adelaide,FB,3,201,6,1,2,0,4,0,64,7
2025,19.0,2025-07-20,Riley,Thilthorpe,Adelaide,CHF,5,168,0,9,3,0,1,0,67,6
2025,19.0,2025-07-20,Josh,Worrell,Adelaide,BPL,5,409,11,4,5,0,6,0,88,22
2025,19.0,2025-07-20,Luke,Pedlar,Adelaide,INT,3,136,3,8,3,0,0,0,86,6
2025,19.0,2025-07-20,Joel,Jeffrey,Gold Coast,INT,4,519,6,5,4,0,4,0,77,17
2025,19.0,2025-07-20,James,Peatling,Adelaide,RR,6,428,0,21,3,1,2,1,52,11
2025,19.0,2025-07-20,Jake,Soligo,Adelaide,INT,6,232,3,18,5,1,6,0,75,18
2025,19.0,2025-07-20,Mac,Andrew,Gold Coast,FB,0,166,10,4,2,0,3,0,86,12
2025,19.0,2025-07-20,Bodhi,Uwland,Gold Coast,BPL,0,135,3,8,1,0,1,0,70,7
2025,19.0,2025-07-20,Max,Michalanney,Adelaide,HBFR,4,329,7,4,5,0,5,0,86,19
2025,19.0,2025-07-20,Bailey,Humphrey,Gold Coast,C,4,244,0,20,4,2,5,1,67,8
2025,19.0,2025-07-20,Jed,Walter,Gold Coast,FF,3,53,0,3,0,0,0,2,50,2
2025,19.0,2025-07-20,Sam,Clohesy,Gold Coast,INT,2,253,0,11,2,1,1,0,64,7
2025,19.0,2025-07-20,Ethan,Read,Gold Coast,INT,4,132,1,8,3,1,2,0,56,5
2025,19.0,2025-07-20,Daniel,Curtin,Adelaide,WR,6,336,5,15,2,0,5,1,80,16
2025,19.0,2025-07-20,Zac,Taylor,Adelaide,INT,7,202,0,19,0,0,0,0,82,9
2025,19.0,2025-07-20,Leonardo,Lombard,Gold Coast,WL,4,144,1,12,3,0,1,3,57,4
2025,19.0,2025-07-20,Oscar,Adams,Gold Coast,BPR,0,26,3,5,1,0,2,0,86,6
2025,19.0,2025-07-20,Ben,Jepson,Gold Coast,HFFR,3,302,3,13,2,0,1,1,83,10
2025,20.0,2025-07-24,Jack,Gunston,Hawthorn,HFFL,10,316,0,8,1,0,1,1,72,13
2025,20.0,2025-07-24,Nick,Haynes,Carlton,BPR,2,318,8,11,5,0,4,0,79,15
2025,20.0,2025-07-24,Sam,Docherty,Carlton,WR,6,282,2,19,1,0,2,1,75,12
2025,20.0,2025-07-24,Zac,Williams,Carlton,R,4,299,1,13,6,3,7,0,44,8
2025,20.0,2025-07-24,Jarman,Impey,Hawthorn,HBFL,8,350,3,14,1,0,1,0,76,19
2025,20.0,2025-07-24,Patrick,Cripps,Carlton,C,3,112,0,22,2,3,8,0,78,14
2025,20.0,2025-07-24,Blake,Acres,Carlton,WL,2,292,3,12,4,0,6,0,57,12
2025,20.0,2025-07-24,Adam,Saad,Carlton,CHB,4,303,6,16,1,1,6,0,89,16
2025,20.0,2025-07-24,James,Sicily,Hawthorn,CHB,3,365,14,7,4,0,3,0,88,22
2025,20.0,2025-07-24,Karl,Amon,Hawthorn,HBFR,3,404,0,7,3,0,0,0,82,14
2025,20.0,2025-07-24,Tom,Barrass,Hawthorn,FB,1,141,8,2,0,0,2,0,100,13
2025,20.0,2025-07-24,Jacob,Weitering,Carlton,FB,0,209,8,7,5,0,6,0,67,8
2025,20.0,2025-07-24,George,Hewett,Carlton,RR,3,234,2,22,7,2,4,2,64,16
2025,20.0,2025-07-24,Marc,Pittonet,Carlton,FF,1,86,0,1,3,0,3,0,64,7
2025,20.0,2025-07-24,Charlie,Curnow,Carlton,FPL,3,220,2,13,3,0,3,2,70,7
2025,20.0,2025-07-24,Blake,Hardwick,Hawthorn,BPR,4,315,2,8,4,0,1,0,90,17
2025,20.0,2025-07-24,Josh,Battle,Hawthorn,BPL,4,244,6,8,3,0,5,0,93,13
2025,20.0,2025-07-24,Jack,Scrimshaw,Hawthorn,INT,4,213,6,5,4,0,1,1,73,11
2025,20.0,2025-07-24,Harry,McKay,Carlton,INT,2,211,1,6,3,1,1,0,36,4
2025,20.0,2025-07-24,Harry,Morrison,Hawthorn,WL,2,294,6,7,4,1,5,0,77,13
2025,20.0,2025-07-24,Lachie,Fogarty,Carlton,CHF,2,36,1,22,0,0,2,1,90,9
2025,20.0,2025-07-24,Adam,Cerra,Carlton,INT,4,402,5,15,5,1,7,0,74,14
2025,20.0,2025-07-24,James,Worpel,Hawthorn,INT,5,280,2,22,3,0,5,3,77,13
2025,20.0,2025-07-24,Mitch,Lewis,Hawthorn,FF,6,303,1,12,3,0,3,2,86,12
2025,20.0,2025-07-24,Conor,Nash,Hawthorn,INT,4,112,1,25,4,0,4,0,76,16
2025,20.0,2025-07-24,Tom,De Koning,Carlton,RK,2,225,1,6,3,1,3,1,60,9
2025,20.0,2025-07-24,Dylan,Moore,Hawthorn,FPR,9,262,3,16,3,0,5,1,70,19
2025,20.0,2025-07-24,Will,Day,Hawthorn,R,4,172,2,21,3,1,2,0,67,10
2025,20.0,2025-07-24,Lloyd,Meek,Hawthorn,RK,5,118,1,14,3,1,5,0,46,6
2025,20.0,2025-07-24,Jai,Newcombe,Hawthorn,RR,2,88,0,10,1,1,3,0,100,8
2025,20.0,2025-07-24,Jack,Ginnivan,Hawthorn,FPL,5,286,2,18,2,1,4,1,61,11
2025,20.0,2025-07-24,Corey,Durdin,Carlton,INT,2,193,2,14,3,0,3,0,67,6
2025,20.0,2025-07-24,Connor,Macdonald,Hawthorn,INT,3,193,0,10,4,1,3,1,63,10
2025,20.0,2025-07-24,Josh,Ward,Hawthorn,C,8,244,5,14,1,1,9,2,77,17
2025,20.0,2025-07-24,Jesse,Motlop,Carlton,HFFL,2,81,0,16,1,2,5,0,80,8
2025,20.0,2025-07-24,Massimo,D'Ambrosio,Hawthorn,WR,2,378,3,7,5,0,5,0,86,19
2025,20.0,2025-07-24,Lachlan,Cowan,Carlton,INT,3,262,3,17,3,0,0,0,92,11
2025,20.0,2025-07-24,Oliver,Hollands,Carlton,HBFR,2,453,1,20,3,0,2,0,85,17
2025,20.0,2025-07-24,Bailey,Macdonald,Hawthorn,SUB,1,54,1,5,2,0,0,0,100,3
2025,20.0,2025-07-24,Nick,Watson,Hawthorn,HFFR,5,294,2,9,0,0,6,1,69,11
2025,20.0,2025-07-24,Calsher,Dear,Hawthorn,CHF,5,153,1,12,2,0,2,3,55,6
2025,20.0,2025-07-24,Ashton,Moir,Carlton,FPR,4,90,1,11,0,0,3,0,75,6
2025,20.0,2025-07-24,Cooper,Lord,Carlton,SUB,1,105,0,10,3,0,1,1,50,4
2025,20.0,2025-07-24,Will,White,Carlton,HFFR,4,248,5,23,3,1,3,2,83,10
2025,20.0,2025-07-24,Matthew,Carroll,Carlton,HBFL,1,194,2,7,2,0,2,0,67,6
2025,20.0,2025-07-24,Harry,O'Farrell,Carlton,BPL,0,286,6,12,3,0,2,0,84,16
2025,20.0,2025-07-25,Todd,Goldstein,Essendon,RK,3,16,2,10,1,1,2,0,63,5
2025,20.0,2025-07-25,Tom,Liberatore,Western Bulldogs,R,6,176,5,5,3,1,3,0,82,18
2025,20.0,2025-07-25,Dylan,Shiel,Essendon,INT,6,297,1,20,4,6,4,1,72,21
2025,20.0,2025-07-25,Jason,Johannisen,Western Bulldogs,BPL,4,376,4,7,2,0,3,0,88,21
2025,20.0,2025-07-25,Zach,Merrett,Essendon,C,6,441,2,23,6,1,3,0,73,22
2025,20.0,2025-07-25,Marcus,Bontempelli,Western Bulldogs,RR,11,649,4,18,2,3,10,0,80,28
2025,20.0,2025-07-25,Rory,Lobb,Western Bulldogs,CHB,3,189,7,4,0,0,1,0,91,10
2025,20.0,2025-07-25,Bailey,Dale,Western Bulldogs,HBFR,5,410,3,15,5,1,4,0,80,16
2025,20.0,2025-07-25,Peter,Wright,Essendon,CHF,4,110,0,6,2,0,2,1,62,8
2025,20.0,2025-07-25,Jayden,Laverde,Essendon,FB,1,319,6,8,2,0,3,0,75,12
2025,20.0,2025-07-25,Jade,Gresham,Essendon,INT,3,79,0,13,2,0,3,0,83,10
2025,20.0,2025-07-25,Mason,Redman,Essendon,HBFL,2,512,10,12,8,0,3,0,78,18
2025,20.0,2025-07-25,Bailey,Williams,Western Bulldogs,WL,5,421,4,14,7,1,5,0,85,22
2025,20.0,2025-07-25,Matthew,Kennedy,Western Bulldogs,HFFR,5,364,1,37,5,1,5,0,70,16
2025,20.0,2025-07-25,Andrew,McGrath,Essendon,BPL,4,331,2,20,2,0,7,1,73,16
2025,20.0,2025-07-25,Tim,English,Western Bulldogs,RK,5,251,0,7,4,1,5,0,73,16
2025,20.0,2025-07-25,Aaron,Naughton,Western Bulldogs,CHF,11,299,1,13,2,0,2,1,80,12
2025,20.0,2025-07-25,Ed,Richards,Western Bulldogs,C,8,510,4,24,4,2,7,0,71,17
2025,20.0,2025-07-25,Matt,Guelfi,Essendon,RR,0,131,4,20,2,0,4,2,55,6
2025,20.0,2025-07-25,Jordan,Ridley,Essendon,CHB,1,97,2,4,1,0,1,0,67,6
2025,20.0,2025-07-25,Oskar,Baker,Western Bulldogs,FPL,6,303,2,12,0,1,5,0,100,13
2025,20.0,2025-07-25,Rhylee,West,Western Bulldogs,FPR,7,268,1,16,6,0,4,1,63,10
2025,20.0,2025-07-25,Laitham,Vandermeer,Western Bulldogs,SUB,0,0,0,4,0,0,0,0,0,0
2025,20.0,2025-07-25,Lachlan,McNeil,Western Bulldogs,INT,1,57,1,20,2,0,3,3,71,5
2025,20.0,2025-07-25,Jaxon,Prior,Essendon,HFFR,0,117,7,8,1,0,5,0,88,15
2025,20.0,2025-07-25,Archie,Perkins,Essendon,INT,2,128,2,14,3,0,2,2,88,7
2025,20.0,2025-07-25,Caleb,Poulter,Western Bulldogs,HFFL,4,246,1,12,4,0,1,1,82,9
2025,20.0,2025-07-25,Riley,Garcia,Western Bulldogs,INT,7,307,0,16,5,1,4,1,90,17
2025,20.0,2025-07-25,Lachlan,Bramble,Western Bulldogs,INT,5,331,4,3,1,0,1,0,91,21
2025,20.0,2025-07-25,Sam,Durham,Essendon,R,5,402,4,20,7,7,10,0,78,21
2025,20.0,2025-07-25,Luke,Cleary,Western Bulldogs,HBFL,4,228,8,10,1,0,6,0,94,16
2025,20.0,2025-07-25,Sam,Darcy,Western Bulldogs,FF,12,268,2,10,0,0,1,1,81,13
2025,20.0,2025-07-25,James,O'Donnell,Western Bulldogs,BPR,1,274,5,5,3,0,2,0,55,6
2025,20.0,2025-07-25,Ryley,Sanders,Western Bulldogs,INT,5,156,2,14,2,0,4,0,82,14
2025,20.0,2025-07-25,Joel,Freijah,Western Bulldogs,WR,5,185,1,9,1,0,3,0,73,11
2025,20.0,2025-07-25,Nate,Caddy,Essendon,FPL,2,216,2,3,5,0,4,0,50,6
2025,20.0,2025-07-25,Archie,Roberts,Essendon,BPR,2,392,4,5,5,0,5,0,69,18
2025,20.0,2025-07-25,Isaac,Kako,Essendon,FPR,3,80,0,19,0,0,3,5,86,6
2025,20.0,2025-07-25,Saad,El-Hawli,Essendon,WL,2,297,1,16,3,0,2,0,69,9
2025,20.0,2025-07-25,Jedd,Busslinger,Western Bulldogs,FB,3,137,4,2,2,0,2,0,87,13
2025,20.0,2025-07-25,Angus,Clarke,Essendon,HBFR,2,262,1,14,2,0,1,0,78,7
2025,20.0,2025-07-25,Zak,Johnson,Essendon,INT,1,125,2,3,1,0,1,0,89,8
2025,20.0,2025-07-25,Luamon,Lual,Essendon,WR,3,148,4,19,2,0,5,1,82,9
2025,20.0,2025-07-25,Lachlan,Blakiston,Essendon,HFFL,0,71,4,4,0,0,4,0,100,10
2025,20.0,2025-07-25,Oskar,Smartt,Essendon,SUB,3,112,1,3,2,0,3,0,50,3
2025,20.0,2025-07-25,Liam,McMahon,Essendon,FF,2,197,0,4,3,0,2,0,63,5
2025,20.0,2025-07-25,Stephen,Coniglio,Greater Western Sydney,INT,8,425,1,17,4,2,8,1,32,6
2025,20.0,2025-07-25,Toby,Greene,Greater Western Sydney,FPR,3,141,2,11,2,0,2,0,56,5
2025,20.0,2025-07-25,Harry,Cunningham,Sydney,INT,1,111,2,9,0,0,1,0,100,9
2025,20.0,2025-07-25,Lachie,Whitfield,Greater Western Sydney,HBFL,5,538,3,20,2,0,0,0,89,24
2025,20.0,2025-07-25,Dane,Rampe,Sydney,FB,0,236,0,3,3,1,0,0,77,10
2025,20.0,2025-07-25,Jake,Stringer,Greater Western Sydney,FPL,6,330,1,20,1,0,6,1,62,8
2025,20.0,2025-07-25,Brodie,Grundy,Sydney,RK,4,128,1,6,3,3,5,0,67,16
2025,20.0,2025-07-25,Josh,Kelly,Greater Western Sydney,WR,0,138,1,9,2,0,1,0,57,4
2025,20.0,2025-07-25,Jake,Lloyd,Sydney,WR,3,474,3,11,5,1,5,0,80,20
2025,20.0,2025-07-25,Jesse,Hogan,Greater Western Sydney,FF,8,130,0,3,1,0,0,1,50,5
2025,20.0,2025-07-25,Isaac,Heeney,Sydney,RR,5,352,4,13,5,0,5,2,59,13
2025,20.0,2025-07-25,Joel,Hamling,Sydney,BPR,0,27,4,3,0,0,3,0,83,5
2025,20.0,2025-07-25,Callum,Mills,Sydney,HBFL,2,440,6,10,2,0,6,0,96,21
2025,20.0,2025-07-25,Tom,Papley,Sydney,FPL,5,257,1,7,2,0,4,0,71,10
2025,20.0,2025-07-25,Harry,Himmelberg,Greater Western Sydney,BPR,4,461,8,8,1,0,3,0,91,21
2025,20.0,2025-07-25,Aaron,Francis,Sydney,SUB,3,169,2,4,2,0,2,1,70,7
2025,20.0,2025-07-25,Will,Hayward,Sydney,INT,4,99,0,15,0,1,1,0,100,9
2025,20.0,2025-07-25,Lewis,Melican,Sydney,BPL,0,104,2,6,0,0,0,0,80,4
2025,20.0,2025-07-25,Sam,Taylor,Greater Western Sydney,FB,3,83,9,8,2,0,3,0,89,16
2025,20.0,2025-07-25,Nick,Blakey,Sydney,CHB,2,612,2,4,6,0,1,0,71,15
2025,20.0,2025-07-25,Justin,McInerney,Sydney,FPR,6,234,1,10,2,0,4,1,69,9
2025,20.0,2025-07-25,James,Rowbottom,Sydney,HFFL,1,178,2,23,4,2,3,0,56,5
2025,20.0,2025-07-25,Hayden,McLean,Sydney,FF,0,0,0,0,0,0,0,0,0,0
2025,20.0,2025-07-25,Connor,Idun,Greater Western Sydney,BPL,3,423,4,3,2,0,3,0,88,15
2025,20.0,2025-07-25,Tom,Green,Greater Western Sydney,R,5,145,3,18,1,2,9,1,63,10
2025,20.0,2025-07-25,Toby,Bedford,Greater Western Sydney,C,4,220,2,11,2,0,3,1,80,8
2025,20.0,2025-07-25,Lachie,Ash,Greater Western Sydney,HBFR,3,321,3,12,1,0,1,0,92,12
2025,20.0,2025-07-25,Chad,Warner,Sydney,C,4,313,3,16,1,2,8,1,68,13
2025,20.0,2025-07-25,Sam,Wicks,Sydney,HBFR,2,206,2,12,1,1,3,0,83,15
2025,20.0,2025-07-25,Xavier,O'Halloran,Greater Western Sydney,WL,3,424,1,13,2,0,3,0,56,9
2025,20.0,2025-07-25,Jake,Riccardi,Greater Western Sydney,INT,4,282,2,16,2,0,3,2,69,9
2025,20.0,2025-07-25,Jack,Buckley,Greater Western Sydney,CHB,1,170,4,7,0,0,1,0,100,11
2025,20.0,2025-07-25,James,Jordon,Sydney,HFFR,4,327,1,15,1,2,4,0,43,6
2025,20.0,2025-07-25,Errol,Gulden,Sydney,R,5,427,2,12,7,0,7,0,75,24
2025,20.0,2025-07-25,Braeden,Campbell,Sydney,INT,1,83,1,14,3,0,2,0,86,6
2025,20.0,2025-07-25,Kieren,Briggs,Greater Western Sydney,RK,3,225,0,14,2,2,4,1,36,4
2025,20.0,2025-07-25,Callum,Brown,Greater Western Sydney,INT,4,147,2,16,1,0,4,1,73,8
2025,20.0,2025-07-25,Angus,Sheldrick,Sydney,INT,1,178,1,17,4,0,8,1,58,7
2025,20.0,2025-07-25,Finn,Callaghan,Greater Western Sydney,RR,7,667,2,14,5,2,1,0,95,20
2025,20.0,2025-07-25,Matt,Roberts,Sydney,WL,2,319,1,12,7,2,5,0,70,14
2025,20.0,2025-07-25,Ryan,Angwin,Greater Western Sydney,HFFL,7,246,7,13,5,2,9,0,64,16
2025,20.0,2025-07-25,Aaron,Cadman,Greater Western Sydney,CHF,6,189,0,16,2,0,5,1,73,8
2025,20.0,2025-07-25,Jack,Buller,Sydney,CHF,2,38,4,11,2,0,7,1,60,6
2025,20.0,2025-07-25,Toby,McMullin,Greater Western Sydney,SUB,3,118,0,4,0,0,0,0,60,3
2025,20.0,2025-07-25,Darcy,Jones,Greater Western Sydney,HFFR,7,121,0,20,0,0,6,0,75,9
2025,20.0,2025-07-25,Joe,Fonti,Greater Western Sydney,INT,1,80,5,7,2,0,5,0,79,11
2025,20.0,2025-07-26,Ryan,Lester,Brisbane Lions,BPR,2,177,7,12,4,0,6,0,87,13
2025,20.0,2025-07-26,Lachie,Neale,Brisbane Lions,R,7,412,8,25,6,1,17,2,56,20
2025,20.0,2025-07-26,Dayne,Zorko,Brisbane Lions,BPL,1,416,4,13,2,0,2,0,82,14
2025,20.0,2025-07-26,Jarrod,Witts,Gold Coast,RK,5,158,2,10,1,0,4,2,62,8
2025,20.0,2025-07-26,Darcy,Gardiner,Brisbane Lions,FB,2,184,9,11,2,0,3,0,64,9
2025,20.0,2025-07-26,Charlie,Cameron,Brisbane Lions,HFFL,3,87,2,12,2,0,3,3,38,3
2025,20.0,2025-07-26,Nick,Holman,Gold Coast,INT,2,90,2,11,0,0,2,0,86,6
2025,20.0,2025-07-26,Harris,Andrews,Brisbane Lions,CHB,1,112,5,4,3,0,4,0,64,7
2025,20.0,2025-07-26,Lachie,Weller,Gold Coast,WL,2,434,5,20,4,0,3,0,74,14
2025,20.0,2025-07-26,Conor,McKenna,Brisbane Lions,HBFL,0,18,0,7,1,0,0,0,50,1
2025,20.0,2025-07-26,Callum,Ah Chee,Brisbane Lions,FPR,4,344,2,8,7,0,5,2,50,9
2025,20.0,2025-07-26,Josh,Dunkley,Brisbane Lions,RR,3,275,5,46,3,2,8,4,59,13
2025,20.0,2025-07-26,Sam,Collins,Gold Coast,BPR,2,16,8,5,1,0,4,0,90,9
2025,20.0,2025-07-26,Eric,Hipwood,Brisbane Lions,CHF,2,222,0,10,4,0,3,0,60,9
2025,20.0,2025-07-26,Brayden,Fiorini,Gold Coast,WR,4,463,3,25,8,2,6,1,78,25
2025,20.0,2025-07-26,Ben,Ainsworth,Gold Coast,HFFL,12,447,2,6,2,0,7,0,85,23
2025,20.0,2025-07-26,Jarrod,Berry,Brisbane Lions,WR,5,217,3,28,4,1,7,0,65,13
2025,20.0,2025-07-26,Hugh,McCluggage,Brisbane Lions,C,7,425,6,20,6,3,11,0,61,17
2025,20.0,2025-07-26,Ben,Long,Gold Coast,FPL,7,258,0,13,3,0,0,2,64,7
2025,20.0,2025-07-26,Cam,Rayner,Brisbane Lions,FPL,6,421,2,18,5,1,5,2,58,11
2025,20.0,2025-07-26,Zac,Bailey,Brisbane Lions,HFFR,5,345,1,12,3,0,4,0,85,22
2025,20.0,2025-07-26,Oscar,McInerney,Brisbane Lions,RK,0,0,0,8,0,0,1,1,67,2
2025,20.0,2025-07-26,Wil,Powell,Gold Coast,CHB,5,521,5,16,2,0,6,0,81,21
2025,20.0,2025-07-26,Brandon,Starcevich,Brisbane Lions,HBFR,1,234,5,13,4,0,3,0,50,6
2025,20.0,2025-07-26,Darcy,Fort,Brisbane Lions,INT,3,69,1,6,3,1,2,0,29,2
2025,20.0,2025-07-26,Ben,King,Gold Coast,FPR,5,158,1,4,3,0,2,0,75,6
2025,20.0,2025-07-26,John,Noble,Gold Coast,HBFL,5,546,7,11,6,1,7,0,74,23
2025,20.0,2025-07-26,Noah,Anderson,Gold Coast,R,9,485,3,21,5,4,7,0,79,26
2025,20.0,2025-07-26,Connor,Budarick,Gold Coast,INT,5,287,2,14,4,0,6,3,73,16
2025,20.0,2025-07-26,Matt,Rowell,Gold Coast,RR,10,730,4,29,7,7,16,0,65,24
2025,20.0,2025-07-26,Sam,Flanders,Gold Coast,CHF,3,193,2,9,5,0,4,0,78,14
2025,20.0,2025-07-26,Jy,Farrar,Gold Coast,FF,7,104,1,13,1,0,2,3,92,12
2025,20.0,2025-07-26,Joel,Jeffrey,Gold Coast,INT,4,718,7,4,2,0,10,0,91,29
2025,20.0,2025-07-26,Alex,Davies,Gold Coast,C,9,336,5,26,5,2,11,2,83,25
2025,20.0,2025-07-26,Mac,Andrew,Gold Coast,FB,0,295,6,6,5,0,2,0,83,15
2025,20.0,2025-07-26,Darcy,Wilmot,Brisbane Lions,INT,3,554,5,22,3,0,3,0,90,18
2025,20.0,2025-07-26,Will,Ashcroft,Brisbane Lions,INT,3,416,2,19,5,1,8,1,60,15
2025,20.0,2025-07-26,Bodhi,Uwland,Gold Coast,BPL,3,49,6,8,2,0,8,0,80,12
2025,20.0,2025-07-26,Bailey,Humphrey,Gold Coast,HFFR,8,371,2,16,3,3,6,4,63,12
2025,20.0,2025-07-26,Jaspa,Fletcher,Brisbane Lions,WL,4,429,5,16,4,0,3,0,70,14
2025,20.0,2025-07-26,Ethan,Read,Gold Coast,INT,4,72,1,8,3,0,0,1,75,6
2025,20.0,2025-07-26,Logan,Morris,Brisbane Lions,FF,2,86,2,14,1,0,0,2,50,1
2025,20.0,2025-07-26,Levi,Ashcroft,Brisbane Lions,INT,2,118,0,14,3,1,2,1,67,10
2025,20.0,2025-07-26,Sam,Marshall,Brisbane Lions,SUB,1,95,2,12,1,0,2,0,78,7
2025,20.0,2025-07-26,Leonardo,Lombard,Gold Coast,SUB,0,55,0,8,1,0,0,1,50,1
2025,20.0,2025-07-26,Oscar,Adams,Gold Coast,HBFR,0,87,2,8,2,0,0,0,40,2
2025,20.0,2025-07-26,Jamie,Cripps,West Coast,FPR,5,242,5,11,3,0,6,2,63,10
2025,20.0,2025-07-26,Jaeger,O'Meara,Fremantle,WL,5,219,2,10,2,0,3,0,69,11
2025,20.0,2025-07-26,Liam,Duggan,West Coast,HBFL,0,144,3,9,0,0,2,0,91,10
2025,20.0,2025-07-26,Oscar,McDonald,Fremantle,BPR,0,124,1,2,0,0,1,0,100,5
2025,20.0,2025-07-26,Tom,Cole,West Coast,INT,1,323,6,10,3,0,4,0,88,15
2025,20.0,2025-07-26,Shai,Bolton,Fremantle,C,13,359,0,7,4,0,7,1,60,15
2025,20.0,2025-07-26,Luke,Ryan,Fremantle,BPL,2,238,4,1,1,0,3,0,87,13
2025,20.0,2025-07-26,Brennan,Cox,Fremantle,FB,0,47,6,3,2,0,3,0,60,6
2025,20.0,2025-07-26,Sean,Darcy,Fremantle,INT,9,157,0,8,4,3,3,2,55,6
2025,20.0,2025-07-26,Bailey,Banfield,Fremantle,INT,3,238,6,9,6,1,3,0,71,12
2025,20.0,2025-07-26,Andrew,Brayshaw,Fremantle,R,13,467,0,11,1,4,4,0,78,25
2025,20.0,2025-07-26,Tim,Kelly,West Coast,C,7,336,3,14,3,3,13,1,73,19
2025,20.0,2025-07-26,Liam,Ryan,West Coast,FPL,5,219,2,13,1,0,3,1,36,4
2025,20.0,2025-07-26,Liam,Baker,West Coast,HFFR,5,358,5,26,6,2,8,3,79,19
2025,20.0,2025-07-26,Sam,Switkowski,Fremantle,HFFL,10,362,2,11,0,0,4,0,72,13
2025,20.0,2025-07-26,Jordan,Clark,Fremantle,HBFR,4,475,5,15,6,0,1,0,71,15
2025,20.0,2025-07-26,Hayden,Young,Fremantle,INT,8,559,0,4,3,3,3,0,74,17
2025,20.0,2025-07-26,Luke,Jackson,Fremantle,RK,8,283,1,23,2,0,3,1,91,19
2025,20.0,2025-07-26,Caleb,Serong,Fremantle,RR,11,226,5,12,2,4,9,0,65,13
2025,20.0,2025-07-26,Michael,Frederick,Fremantle,FPL,8,333,3,11,1,0,4,1,80,8
2025,20.0,2025-07-26,Bailey J.,Williams,West Coast,CHF,1,178,0,9,3,3,2,1,70,7
2025,20.0,2025-07-26,Matthew,Owies,West Coast,INT,0,7,1,10,0,0,2,1,100,3
2025,20.0,2025-07-26,Tyler,Brockman,West Coast,HFFL,2,93,0,17,2,0,1,0,80,8
2025,20.0,2025-07-26,Matt,Flynn,West Coast,RK,0,88,1,12,1,2,3,0,38,3
2025,20.0,2025-07-26,Heath,Chapman,Fremantle,HBFL,2,164,6,8,1,0,5,0,80,8
2025,20.0,2025-07-26,Josh,Treacy,Fremantle,FF,7,266,1,9,1,0,2,3,78,7
2025,20.0,2025-07-26,Brady,Hough,West Coast,RR,4,208,0,7,3,0,2,1,69,9
2025,20.0,2025-07-26,Nathan,O'Driscoll,Fremantle,WR,4,226,2,9,2,0,1,0,88,7
2025,20.0,2025-07-26,Neil,Erasmus,Fremantle,SUB,2,18,1,5,2,0,2,0,50,3
2025,20.0,2025-07-26,Jye,Amiss,Fremantle,FPR,6,167,3,2,3,0,1,1,60,6
2025,20.0,2025-07-26,Rhett,Bazzo,West Coast,BPR,3,147,5,3,2,0,2,0,90,9
2025,20.0,2025-07-26,Reuben,Ginbey,West Coast,CHB,2,301,4,9,6,0,3,0,57,8
2025,20.0,2025-07-26,Elijah,Hewett,West Coast,INT,2,201,0,12,2,2,5,1,71,10
2025,20.0,2025-07-26,Ryan,Maric,West Coast,BPL,2,412,2,8,2,0,1,0,81,17
2025,20.0,2025-07-26,Karl,Worner,Fremantle,CHB,5,212,4,12,1,0,3,0,92,12
2025,20.0,2025-07-26,Harley,Reid,West Coast,R,2,374,1,18,6,2,2,0,73,11
2025,20.0,2025-07-26,Patrick,Voss,Fremantle,CHF,7,271,1,9,0,0,1,0,56,5
2025,20.0,2025-07-26,Tyrell,Dewar,West Coast,SUB,1,50,0,2,0,0,0,0,50,1
2025,20.0,2025-07-26,Jack,Hutchinson,West Coast,WR,3,300,3,10,4,0,5,1,63,10
2025,20.0,2025-07-26,Clay,Hall,West Coast,WL,2,311,4,10,1,0,3,0,86,12
2025,20.0,2025-07-26,Murphy,Reid,Fremantle,HFFR,15,376,2,12,4,0,5,1,78,18
2025,20.0,2025-07-26,Archer,Reid,West Coast,INT,0,1,0,2,0,0,1,0,100,2
2025,20.0,2025-07-26,Isaiah,Dudley,Fremantle,INT,7,131,1,10,2,0,4,1,70,7
2025,20.0,2025-07-26,Sandy,Brock,West Coast,FB,2,163,1,4,1,0,1,0,67,4
2025,20.0,2025-07-26,Tom,McCarthy,West Coast,HBFR,5,615,5,15,3,0,1,0,81,17
2025,20.0,2025-07-26,Jobe,Shanahan,West Coast,FF,1,10,0,9,3,0,0,1,60,3
2025,20.0,2025-07-26,Patrick,Dangerfield,Geelong,FPL,7,120,2,6,3,0,8,0,64,9
2025,20.0,2025-07-26,Rhys,Stanley,Geelong,RK,4,130,1,9,2,0,1,1,86,6
2025,20.0,2025-07-26,Jack,Darling,North Melbourne,FF,5,41,1,8,3,0,5,0,82,9
2025,20.0,2025-07-26,Luke,Parker,North Melbourne,INT,6,498,1,12,12,3,9,0,52,16
2025,20.0,2025-07-26,Jeremy,Cameron,Geelong,CHF,14,497,0,2,4,0,0,0,73,16
2025,20.0,2025-07-26,Mark,Blicavs,Geelong,HFFR,12,170,2,14,0,1,1,1,50,7
2025,20.0,2025-07-26,Jack,Martin,Geelong,WL,4,115,1,10,0,0,1,1,75,6
2025,20.0,2025-07-26,Caleb,Daniel,North Melbourne,CHB,3,226,1,12,2,0,3,0,83,15
2025,20.0,2025-07-26,Jack,Bowes,Geelong,INT,5,233,1,17,3,1,2,0,71,12
2025,20.0,2025-07-26,Jy,Simpkin,North Melbourne,HFFR,4,335,2,17,1,1,7,0,79,19
2025,20.0,2025-07-26,Tom,Stewart,Geelong,HBFL,3,401,5,9,3,0,0,0,100,13
2025,20.0,2025-07-26,Griffin,Logue,North Melbourne,BPR,4,143,3,11,1,0,2,0,92,12
2025,20.0,2025-07-26,Mark,O'Connor,Geelong,INT,6,160,5,9,1,0,2,0,86,12
2025,20.0,2025-07-26,Zach,Guthrie,Geelong,HBFR,3,208,3,6,0,0,2,0,92,12
2025,20.0,2025-07-26,Tyson,Stengle,Geelong,FF,8,261,1,8,5,0,4,0,62,8
2025,20.0,2025-07-26,Cameron,Zurhaar,North Melbourne,FPR,6,269,1,10,1,0,1,1,60,6
2025,20.0,2025-07-26,Luke,Davies-Uniacke,North Melbourne,C,2,319,2,22,3,1,8,2,62,13
2025,20.0,2025-07-26,Jack,Henry,Geelong,BPL,4,300,8,2,0,0,4,0,87,13
2025,20.0,2025-07-26,Tom,Atkins,Geelong,RR,11,374,3,26,2,2,5,1,88,22
2025,20.0,2025-07-26,Gryan,Miers,Geelong,INT,9,433,1,30,3,1,3,0,85,17
2025,20.0,2025-07-26,Bailey,Smith,Geelong,R,8,655,2,15,4,7,18,0,70,30
2025,20.0,2025-07-26,Dylan,Stephens,North Melbourne,WL,4,290,1,11,2,0,1,0,82,14
2025,20.0,2025-07-26,Brad,Close,Geelong,INT,8,111,1,21,1,1,1,2,64,7
2025,20.0,2025-07-26,Tom,Powell,North Melbourne,HFFL,5,341,1,23,2,1,7,1,54,13
2025,20.0,2025-07-26,Max,Holmes,Geelong,C,11,654,1,16,2,3,6,0,83,24
2025,20.0,2025-07-26,Sam,De Koning,Geelong,FB,3,160,5,2,2,0,2,0,90,9
2025,20.0,2025-07-26,Charlie,Comben,North Melbourne,BPL,4,217,8,6,2,0,4,0,85,11
2025,20.0,2025-07-26,Paul,Curtis,North Melbourne,FPL,5,171,1,14,1,0,2,0,78,7
2025,20.0,2025-07-26,Oliver,Dempsey,Geelong,WR,3,294,6,12,4,0,4,1,75,12
2025,20.0,2025-07-26,Shannon,Neale,Geelong,FPR,9,310,0,8,1,0,2,2,80,12
2025,20.0,2025-07-26,Brynn,Teakle,North Melbourne,RK,4,155,2,15,3,2,6,0,62,8
2025,20.0,2025-07-26,Harry,Sheezel,North Melbourne,R,4,329,0,23,4,1,3,0,70,19
2025,20.0,2025-07-26,Oisin,Mullin,Geelong,CHB,5,214,3,6,1,0,4,0,65,11
2025,20.0,2025-07-26,Robert,Hansen Jr,North Melbourne,SUB,0,96,0,11,1,0,0,0,75,3
2025,20.0,2025-07-26,Zane,Duursma,North Melbourne,INT,1,188,2,9,1,0,3,0,83,10
2025,20.0,2025-07-26,Colby,McKercher,North Melbourne,WR,4,505,2,10,5,0,2,0,81,26
2025,20.0,2025-07-26,Toby,Pink,North Melbourne,FB,2,308,8,17,2,0,1,0,93,14
2025,20.0,2025-07-26,Shaun,Mannagh,Geelong,HFFL,7,380,0,27,5,0,2,5,53,10
2025,20.0,2025-07-26,Connor,O'Sullivan,Geelong,BPR,3,163,7,6,1,0,5,0,83,10
2025,20.0,2025-07-26,Riley,Hardeman,North Melbourne,HBFL,3,389,5,7,2,0,3,0,68,13
2025,20.0,2025-07-26,Wil,Dawson,North Melbourne,CHF,2,72,4,8,1,0,2,0,71,5
2025,20.0,2025-07-26,Lawson,Humphries,Geelong,SUB,4,203,0,5,1,0,0,0,100,8
2025,20.0,2025-07-26,Jacob,Konstanty,North Melbourne,INT,2,109,0,6,1,0,0,1,50,2
2025,20.0,2025-07-26,Finn,O'Sullivan,North Melbourne,HBFR,3,69,1,25,2,0,4,1,81,13
2025,20.0,2025-07-26,Finnbar,Maley,North Melbourne,INT,2,69,1,5,5,0,2,0,75,6
2025,20.0,2025-07-26,Zac,Banch,North Melbourne,RR,2,61,1,7,1,0,2,0,60,6
2025,20.0,2025-07-26,Travis,Boak,Port Adelaide,WR,0,117,3,10,5,0,5,0,64,7
2025,20.0,2025-07-26,Taylor,Walker,Adelaide,FPR,9,334,3,7,3,1,6,0,60,9
2025,20.0,2025-07-26,Ollie,Wines,Port Adelaide,RR,1,237,4,22,4,2,13,0,40,10
2025,20.0,2025-07-26,Rory,Laird,Adelaide,BPR,5,254,13,11,3,0,11,1,75,18
2025,20.0,2025-07-26,Alex,Neal-Bullen,Adelaide,INT,4,319,4,26,2,1,5,2,61,11
2025,20.0,2025-07-26,Wayne,Milera,Adelaide,HBFL,2,454,7,15,4,0,4,0,67,12
2025,20.0,2025-07-26,Darcy,Byrne-Jones,Port Adelaide,CHF,1,93,3,13,4,0,4,1,0,0
2025,20.0,2025-07-26,Ben,Keays,Adelaide,HFFL,10,427,2,17,4,0,6,1,57,12
2025,20.0,2025-07-26,Aliir,Aliir,Port Adelaide,FB,1,427,13,8,3,0,6,0,64,9
2025,20.0,2025-07-26,Reilly,O'Brien,Adelaide,RK,4,215,2,17,3,0,2,1,50,5
2025,20.0,2025-07-26,Jordan,Dawson,Adelaide,C,4,392,5,21,6,3,6,2,52,11
2025,20.0,2025-07-26,Darcy,Fogarty,Adelaide,FF,7,200,2,8,1,0,4,2,69,11
2025,20.0,2025-07-26,Kane,Farrell,Port Adelaide,HBFR,1,768,6,15,8,0,6,0,67,16
2025,20.0,2025-07-26,Zak,Butters,Port Adelaide,R,3,667,4,22,8,4,10,0,50,17
2025,20.0,2025-07-26,Willem,Drew,Port Adelaide,INT,2,213,1,26,5,0,6,0,61,11
2025,20.0,2025-07-26,Connor,Rozee,Port Adelaide,CHB,1,454,1,25,4,1,3,0,59,13
2025,20.0,2025-07-26,Chayce,Jones,Adelaide,SUB,2,162,2,8,1,0,1,0,50,3
2025,20.0,2025-07-26,Jack,Lukosius,Port Adelaide,HFFR,1,194,0,10,3,0,0,0,50,4
2025,20.0,2025-07-26,Mitchell,Hinge,Adelaide,INT,0,190,4,6,1,0,4,0,75,9
2025,20.0,2025-07-26,Brandon,Zerk-Thatcher,Port Adelaide,BPL,2,237,12,13,5,0,8,0,58,7
2025,20.0,2025-07-26,Mitch,Georgiades,Port Adelaide,FF,4,353,1,7,7,0,5,1,61,11
2025,20.0,2025-07-26,Izak,Rankine,Adelaide,FPL,3,303,0,8,4,0,1,0,33,5
2025,20.0,2025-07-26,Mark,Keane,Adelaide,CHB,1,329,10,9,3,0,4,0,56,9
2025,20.0,2025-07-26,Sam,Berry,Adelaide,INT,4,423,2,16,4,3,8,2,60,12
2025,20.0,2025-07-26,Miles,Bergman,Port Adelaide,C,0,246,6,21,6,1,7,2,64,9
2025,20.0,2025-07-26,Nick,Murray,Adelaide,FB,0,83,2,8,1,0,1,0,75,3
2025,20.0,2025-07-26,Lachie,Jones,Port Adelaide,HBFL,0,195,4,12,2,0,5,0,58,7
2025,20.0,2025-07-26,Jordon,Sweet,Port Adelaide,RK,3,223,2,19,1,2,3,1,46,5
2025,20.0,2025-07-26,Riley,Thilthorpe,Adelaide,CHF,10,447,3,11,3,1,2,0,53,10
2025,20.0,2025-07-26,Josh,Worrell,Adelaide,BPL,1,305,11,6,5,0,10,0,68,13
2025,20.0,2025-07-26,Luke,Pedlar,Adelaide,INT,2,82,2,12,2,0,3,2,33,2
2025,20.0,2025-07-26,Jed,McEntee,Port Adelaide,FPL,2,88,0,9,0,0,1,0,75,3
2025,20.0,2025-07-26,James,Peatling,Adelaide,RR,7,510,3,13,5,2,8,2,54,14
2025,20.0,2025-07-26,Brayden,Cook,Adelaide,WL,2,201,2,12,2,0,1,2,60,6
2025,20.0,2025-07-26,Jackson,Mead,Port Adelaide,INT,2,181,2,19,2,0,4,1,44,4
2025,20.0,2025-07-26,Jake,Soligo,Adelaide,R,9,570,5,15,11,1,11,0,54,19
2025,20.0,2025-07-26,Josh,Sinn,Port Adelaide,BPR,0,208,4,6,6,0,4,0,58,7
2025,20.0,2025-07-26,Jase,Burgoyne,Port Adelaide,WL,0,208,9,10,7,0,5,0,40,6
2025,20.0,2025-07-26,Max,Michalanney,Adelaide,HBFR,0,181,3,8,2,0,1,1,71,5
2025,20.0,2025-07-26,Ollie,Lord,Port Adelaide,FPR,0,4,0,10,3,0,0,1,25,1
2025,20.0,2025-07-26,Daniel,Curtin,Adelaide,WR,6,252,5,24,7,1,12,2,46,10
2025,20.0,2025-07-26,Joe,Richards,Port Adelaide,HFFL,0,127,0,13,6,0,4,1,33,4
2025,20.0,2025-07-26,Logan,Evans,Port Adelaide,INT,1,191,2,6,2,0,2,0,63,5
2025,20.0,2025-07-26,Zac,Taylor,Adelaide,HFFR,3,67,4,11,0,0,5,2,100,8
2025,20.0,2025-07-26,Joe,Berry,Port Adelaide,INT,0,31,0,16,2,0,4,2,33,2
2025,20.0,2025-07-26,Hugh,Jackson,Port Adelaide,SUB,0,61,1,9,2,1,2,0,0,0
2025,20.0,2025-07-27,Steele,Sidebottom,Collingwood,C,5,322,2,23,7,1,8,2,71,17
2025,20.0,2025-07-27,Dion,Prestia,Richmond,C,2,338,2,20,4,3,11,0,70,16
2025,20.0,2025-07-27,Will,Hoskin-Elliott,Collingwood,HFFL,5,281,0,7,1,0,2,0,92,12
2025,20.0,2025-07-27,Jack,Crisp,Collingwood,WR,6,219,6,15,3,0,9,0,75,12
2025,20.0,2025-07-27,Jamie,Elliott,Collingwood,FPL,7,264,0,8,6,0,3,0,40,6
2025,20.0,2025-07-27,Nick,Vlastuin,Richmond,HBFR,4,472,17,9,2,0,8,0,80,20
2025,20.0,2025-07-27,Tom,Mitchell,Collingwood,RR,4,310,1,24,3,1,5,0,86,25
2025,20.0,2025-07-27,Daniel,McStay,Collingwood,INT,5,234,3,10,2,0,3,1,67,10
2025,20.0,2025-07-27,Tim,Membrey,Collingwood,CHF,5,93,1,11,1,0,4,1,67,8
2025,20.0,2025-07-27,Kamdyn,McIntosh,Richmond,INT,1,31,1,17,1,2,5,0,87,13
2025,20.0,2025-07-27,Toby,Nankervis,Richmond,RK,5,151,3,18,5,1,9,0,44,8
2025,20.0,2025-07-27,Brayden,Maynard,Collingwood,BPL,3,417,3,14,1,0,1,0,85,17
2025,20.0,2025-07-27,Darcy,Moore,Collingwood,FB,4,174,6,9,1,0,1,0,89,8
2025,20.0,2025-07-27,Jayden,Short,Richmond,HBFL,3,480,2,9,3,0,2,0,84,21
2025,20.0,2025-07-27,Jacob,Hopper,Richmond,R,6,324,5,14,6,2,8,0,58,19
2025,20.0,2025-07-27,Nathan,Broad,Richmond,BPR,1,143,8,10,2,0,4,0,87,13
2025,20.0,2025-07-27,Oleg,Markov,Collingwood,SUB,3,119,0,0,0,0,0,0,88,7
2025,20.0,2025-07-27,Dan,Houston,Collingwood,HBFL,4,378,5,10,2,0,3,1,82,14
2025,20.0,2025-07-27,Harry,Perryman,Collingwood,HBFR,2,259,4,4,4,1,5,0,84,16
2025,20.0,2025-07-27,Josh,Daicos,Collingwood,R,4,697,3,6,5,1,6,0,77,23
2025,20.0,2025-07-27,Patrick,Lipinski,Collingwood,FPR,5,173,0,13,7,1,3,0,50,9
2025,20.0,2025-07-27,Brody,Mihocek,Collingwood,FF,6,148,0,9,1,0,0,2,75,9
2025,20.0,2025-07-27,Darcy,Cameron,Collingwood,RK,5,19,5,19,2,2,3,0,80,16
2025,20.0,2025-07-27,Noah,Balta,Richmond,FPL,5,451,0,3,6,0,2,0,50,7
2025,20.0,2025-07-27,Lachie,Schultz,Collingwood,HFFR,9,247,3,16,6,1,5,0,63,12
2025,20.0,2025-07-27,Jack,Ross,Richmond,WR,6,306,2,21,8,1,6,0,67,16
2025,20.0,2025-07-27,Isaac,Quaynor,Collingwood,INT,4,379,10,8,1,0,5,0,82,14
2025,20.0,2025-07-27,Rhyan,Mansell,Richmond,FPR,5,162,1,19,6,0,2,1,50,6
2025,20.0,2025-07-27,Maurice,Rioli,Richmond,HFFL,4,97,3,23,2,0,3,1,100,8
2025,20.0,2025-07-27,Ben,Miller,Richmond,FB,4,267,3,7,1,0,1,0,100,13
2025,20.0,2025-07-27,Nick,Daicos,Collingwood,CHB,14,910,3,10,5,2,7,0,76,32
2025,20.0,2025-07-27,Tyler,Sonsie,Richmond,INT,2,293,0,18,8,0,4,0,71,20
2025,20.0,2025-07-27,Ned,Long,Collingwood,INT,10,337,4,21,6,1,7,1,65,15
2025,20.0,2025-07-27,Tylar,Young,Richmond,BPL,0,250,3,7,4,0,2,0,88,7
2025,20.0,2025-07-27,Sam,Banks,Richmond,CHB,5,323,5,11,4,0,4,0,84,16
2025,20.0,2025-07-27,James,Trezise,Richmond,WL,5,223,2,11,0,0,3,0,83,10
2025,20.0,2025-07-27,Tom,Brown,Richmond,INT,0,415,5,13,5,0,2,0,69,9
2025,20.0,2025-07-27,Charlie,Dean,Collingwood,BPR,3,252,10,3,2,0,4,0,90,17
2025,20.0,2025-07-27,Lachlan,Sullivan,Collingwood,INT,3,80,2,13,1,0,4,0,56,5
2025,20.0,2025-07-27,Steely,Green,Richmond,HFFR,4,237,0,11,0,0,3,1,82,9
2025,20.0,2025-07-27,Edward,Allan,Collingwood,WL,7,191,5,19,2,0,5,0,71,12
2025,20.0,2025-07-27,Luke,Trainor,Richmond,RR,3,335,3,11,4,0,3,0,63,12
2025,20.0,2025-07-27,Jonty,Faull,Richmond,FF,4,125,1,11,3,0,2,1,75,6
2025,20.0,2025-07-27,Thomas,Sims,Richmond,INT,1,146,0,14,2,0,4,1,63,5
2025,20.0,2025-07-27,Jasper,Alger,Richmond,SUB,2,103,0,4,0,0,0,0,67,2
2025,20.0,2025-07-27,Taj,Hotton,Richmond,CHF,3,78,3,10,0,0,5,0,91,10
2025,20.0,2025-07-27,Jake,Melksham,Melbourne,FPL,6,222,0,8,1,0,1,2,75,6
2025,20.0,2025-07-27,Max,Gawn,Melbourne,RK,8,123,7,6,5,2,3,0,82,14
2025,20.0,2025-07-27,Tom,McDonald,Melbourne,FB,1,238,3,3,2,0,3,0,92,11
2025,20.0,2025-07-27,Bradley,Hill,St Kilda,HFFL,3,338,1,12,5,0,2,0,80,12
2025,20.0,2025-07-27,Jack,Viney,Melbourne,HFFL,5,303,2,31,4,3,8,0,57,13
2025,20.0,2025-07-27,Jack,Macrae,St Kilda,C,6,198,2,15,1,2,6,0,79,19
2025,20.0,2025-07-27,Christian,Salem,Melbourne,INT,6,336,4,9,1,0,1,0,91,20
2025,20.0,2025-07-27,Zak,Jones,St Kilda,INT,7,406,3,10,4,0,7,0,73,19
2025,20.0,2025-07-27,Mason,Wood,St Kilda,FF,5,189,4,11,1,0,6,1,71,12
2025,20.0,2025-07-27,Jack,Sinclair,St Kilda,HBFR,7,454,4,14,4,0,4,0,88,28
2025,20.0,2025-07-27,Jack,Steele,St Kilda,R,3,65,1,15,2,2,6,0,85,11
2025,20.0,2025-07-27,Ed,Langdon,Melbourne,R,6,231,1,8,1,0,2,1,93,13
2025,20.0,2025-07-27,Clayton,Oliver,Melbourne,INT,3,390,4,21,5,2,9,0,57,13
2025,20.0,2025-07-27,Christian,Petracca,Melbourne,C,8,508,2,20,2,3,8,0,67,14
2025,20.0,2025-07-27,Rowan,Marshall,St Kilda,RK,6,162,4,10,4,0,5,0,53,8
2025,20.0,2025-07-27,Hunter,Clark,St Kilda,RR,6,432,1,13,2,0,5,2,60,12
2025,20.0,2025-07-27,Bayley,Fritsch,Melbourne,CHF,8,131,0,9,2,0,1,3,73,8
2025,20.0,2025-07-27,Jack,Higgins,St Kilda,HFFR,6,218,0,18,1,0,1,2,90,9
2025,20.0,2025-07-27,Charlie,Spargo,Melbourne,SUB,0,47,1,8,0,0,0,2,50,1
2025,20.0,2025-07-27,Harrison,Petty,Melbourne,FF,4,117,1,9,0,0,1,0,100,5
2025,20.0,2025-07-27,Tom,Sparrow,Melbourne,INT,5,241,3,25,4,0,4,1,67,10
2025,20.0,2025-07-27,Callum,Wilkie,St Kilda,FB,2,256,2,7,2,0,0,0,77,10
2025,20.0,2025-07-27,Liam,Stocker,St Kilda,HBFL,0,196,7,6,5,0,6,0,67,8
2025,20.0,2025-07-27,Kade,Chandler,Melbourne,WL,5,306,2,14,3,0,6,2,69,9
2025,20.0,2025-07-27,Kysaiah,Pickett,Melbourne,FPR,5,291,0,15,5,2,3,1,58,11
2025,20.0,2025-07-27,Trent,Rivers,Melbourne,RR,7,528,7,8,2,0,2,0,88,22
2025,20.0,2025-07-27,Ryan,Byrnes,St Kilda,INT,2,13,1,2,1,0,3,0,91,10
2025,20.0,2025-07-27,Cooper,Sharman,St Kilda,FPR,6,162,2,9,2,0,4,0,89,8
2025,20.0,2025-07-27,Jake,Bowey,Melbourne,BPL,1,280,5,8,4,1,1,0,85,11
2025,20.0,2025-07-27,Mitch,Owens,St Kilda,FPL,2,110,1,3,2,0,2,0,80,8
2025,20.0,2025-07-27,Nasiah,Wanganeen-Milera,St Kilda,CHB,9,749,2,12,8,3,5,0,62,21
2025,20.0,2025-07-27,Marcus,Windhager,St Kilda,WL,6,207,2,16,3,1,8,1,64,14
2025,20.0,2025-07-27,Daniel,Turner,Melbourne,CHB,1,60,5,5,0,0,1,0,89,8
2025,20.0,2025-07-27,Judd,McVee,Melbourne,BPR,4,122,3,3,1,0,2,0,92,11
2025,20.0,2025-07-27,Anthony,Caminiti,St Kilda,BPR,2,161,3,3,2,0,3,0,82,9
2025,20.0,2025-07-27,Jacob,van Rooyen,Melbourne,INT,1,113,2,10,3,0,5,1,70,7
2025,20.0,2025-07-27,Blake,Howes,Melbourne,HBFR,3,123,3,5,2,0,3,0,88,14
2025,20.0,2025-07-27,Caleb,Windsor,Melbourne,HBFL,1,171,0,16,0,0,3,1,89,8
2025,20.0,2025-07-27,Lance,Collard,St Kilda,INT,1,8,0,5,0,0,1,0,100,1
2025,20.0,2025-07-27,Angus,Hastie,St Kilda,INT,1,227,2,10,3,0,1,1,90,9
2025,20.0,2025-07-27,Arie,Schoenmaker,St Kilda,WR,1,248,1,5,2,0,1,0,100,11
2025,20.0,2025-07-27,Max,Hall,St Kilda,CHF,13,272,0,18,1,3,6,0,84,16
2025,20.0,2025-07-27,Harvey,Langford,Melbourne,WR,3,234,1,12,1,0,2,0,80,8
2025,20.0,2025-07-27,Xavier,Lindsay,Melbourne,HFFR,4,124,1,12,1,0,2,1,67,6
2025,20.0,2025-07-27,Hugh,Boxshall,St Kilda,SUB,3,121,5,13,2,0,7,0,67,10
2025,20.0,2025-07-27,Alixzander,Tauru,St Kilda,BPL,2,19,3,3,0,0,1,0,100,5
2025,21.0,2025-07-31,Tom,Liberatore,Western Bulldogs,R,7,366,1,18,4,5,5,2,77,20
2025,21.0,2025-07-31,Stephen,Coniglio,Greater Western Sydney,INT,4,97,1,11,3,2,4,1,80,12
2025,21.0,2025-07-31,Jason,Johannisen,Western Bulldogs,HBFR,8,229,3,4,1,0,1,0,93,13
2025,21.0,2025-07-31,Lachie,Whitfield,Greater Western Sydney,HBFL,1,501,5,8,4,0,4,0,76,22
2025,21.0,2025-07-31,Jake,Stringer,Greater Western Sydney,FPL,3,161,0,13,2,0,1,0,38,3
2025,21.0,2025-07-31,Marcus,Bontempelli,Western Bulldogs,RR,14,472,1,16,2,4,5,1,93,25
2025,21.0,2025-07-31,Rory,Lobb,Western Bulldogs,CHB,5,242,6,4,2,0,2,0,69,9
2025,21.0,2025-07-31,Jesse,Hogan,Greater Western Sydney,FF,2,31,0,2,1,0,1,0,33,1
2025,21.0,2025-07-31,Bailey,Dale,Western Bulldogs,WR,8,441,4,4,2,0,4,0,86,19
2025,21.0,2025-07-31,Bailey,Williams,Western Bulldogs,WL,8,326,1,4,0,0,3,0,67,10
2025,21.0,2025-07-31,Matthew,Kennedy,Western Bulldogs,HFFR,7,224,5,12,2,1,10,0,61,14
2025,21.0,2025-07-31,Harry,Himmelberg,Greater Western Sydney,BPR,3,417,3,5,2,0,0,0,94,17
2025,21.0,2025-07-31,Tim,English,Western Bulldogs,RK,14,292,4,6,2,0,2,0,75,15
2025,21.0,2025-07-31,Aaron,Naughton,Western Bulldogs,CHF,13,388,4,11,5,0,5,1,55,11
2025,21.0,2025-07-31,Ed,Richards,Western Bulldogs,C,9,375,0,15,4,1,5,2,86,18
2025,21.0,2025-07-31,Sam,Taylor,Greater Western Sydney,FB,1,54,3,4,1,0,4,0,80,8
2025,21.0,2025-07-31,Oskar,Baker,Western Bulldogs,FB,2,172,3,11,1,1,3,0,93,13
2025,21.0,2025-07-31,Rhylee,West,Western Bulldogs,FPR,6,145,4,14,3,0,3,1,86,6
2025,21.0,2025-07-31,Connor,Idun,Greater Western Sydney,BPL,2,318,4,3,5,0,4,0,91,21
2025,21.0,2025-07-31,Tom,Green,Greater Western Sydney,R,6,230,5,17,5,2,8,0,72,18
2025,21.0,2025-07-31,Toby,Bedford,Greater Western Sydney,HFFL,1,224,1,14,6,1,1,1,78,7
2025,21.0,2025-07-31,Laitham,Vandermeer,Western Bulldogs,SUB,1,51,0,2,3,0,0,0,25,1
2025,21.0,2025-07-31,Lachie,Ash,Greater Western Sydney,HBFR,2,685,2,13,8,0,3,0,81,29
2025,21.0,2025-07-31,Xavier,O'Halloran,Greater Western Sydney,C,4,290,0,12,1,1,2,0,92,12
2025,21.0,2025-07-31,Jake,Riccardi,Greater Western Sydney,INT,6,129,1,9,2,1,1,2,78,7
2025,21.0,2025-07-31,Lachlan,McNeil,Western Bulldogs,INT,7,299,1,7,1,0,3,0,64,7
2025,21.0,2025-07-31,Caleb,Poulter,Western Bulldogs,FPL,7,228,2,6,3,0,3,1,62,8
2025,21.0,2025-07-31,Kieren,Briggs,Greater Western Sydney,RK,1,92,0,6,3,1,2,1,50,4
2025,21.0,2025-07-31,Riley,Garcia,Western Bulldogs,INT,6,167,3,11,2,1,5,2,67,10
2025,21.0,2025-07-31,Callum,Brown,Greater Western Sydney,FPR,2,13,1,7,0,0,0,1,75,6
2025,21.0,2025-07-31,Lachlan,Bramble,Western Bulldogs,BPL,4,327,1,4,3,0,1,0,80,12
2025,21.0,2025-07-31,Finn,Callaghan,Greater Western Sydney,RR,6,520,6,10,3,2,4,0,87,20
2025,21.0,2025-07-31,Luke,Cleary,Western Bulldogs,HBFL,3,176,5,5,4,0,3,0,77,10
2025,21.0,2025-07-31,Ryan,Angwin,Greater Western Sydney,WR,4,109,1,12,1,1,1,1,86,6
2025,21.0,2025-07-31,Leek,Aleer,Greater Western Sydney,CHB,2,50,8,9,1,0,2,0,92,11
2025,21.0,2025-07-31,Sam,Darcy,Western Bulldogs,FF,8,334,1,8,2,0,2,0,62,8
2025,21.0,2025-07-31,Harry,Rowston,Greater Western Sydney,SUB,1,57,1,9,0,0,0,0,80,4
2025,21.0,2025-07-31,Aaron,Cadman,Greater Western Sydney,CHF,6,221,0,5,1,0,0,0,50,4
2025,21.0,2025-07-31,James,O'Donnell,Western Bulldogs,BPR,2,194,7,2,1,0,5,0,78,7
2025,21.0,2025-07-31,Toby,McMullin,Greater Western Sydney,WL,1,98,1,6,2,0,3,0,43,3
2025,21.0,2025-07-31,Harvey,Thomas,Greater Western Sydney,INT,2,92,1,16,2,0,1,1,82,9
2025,21.0,2025-07-31,Ryley,Sanders,Western Bulldogs,HFFL,5,129,3,17,1,1,6,0,82,9
2025,21.0,2025-07-31,Darcy,Jones,Greater Western Sydney,HFFR,2,121,2,15,2,0,3,0,75,6
2025,21.0,2025-07-31,Joel,Freijah,Western Bulldogs,INT,5,143,1,6,0,0,1,1,79,11
2025,21.0,2025-07-31,Joe,Fonti,Greater Western Sydney,INT,2,114,2,8,4,0,2,0,50,5
2025,21.0,2025-07-31,Jedd,Busslinger,Western Bulldogs,INT,2,94,1,1,0,0,1,0,86,6
2025,21.0,2025-08-01,Taylor,Walker,Adelaide,FPR,7,240,0,18,2,0,3,0,64,7
2025,21.0,2025-08-01,Jack,Gunston,Hawthorn,HFFL,7,161,0,10,3,0,4,0,70,7
2025,21.0,2025-08-01,Brodie,Smith,Adelaide,INT,4,309,5,5,3,0,5,0,69,9
2025,21.0,2025-08-01,Jarman,Impey,Hawthorn,HBFL,2,364,5,18,3,2,4,0,73,16
2025,21.0,2025-08-01,James,Sicily,Hawthorn,CHB,4,488,9,5,5,0,2,0,94,17
2025,21.0,2025-08-01,Karl,Amon,Hawthorn,WR,3,606,5,13,5,0,4,0,83,19
2025,21.0,2025-08-01,Alex,Neal-Bullen,Adelaide,HFFR,9,340,4,23,1,0,2,0,61,11
2025,21.0,2025-08-01,Tom,Barrass,Hawthorn,FB,1,110,3,10,1,0,0,0,100,7
2025,21.0,2025-08-01,Wayne,Milera,Adelaide,HBFL,5,348,8,13,4,0,8,0,90,17
2025,21.0,2025-08-01,Ben,Keays,Adelaide,HFFL,5,241,2,14,5,0,8,0,41,7
2025,21.0,2025-08-01,Blake,Hardwick,Hawthorn,BPR,2,275,4,10,4,0,4,0,80,12
2025,21.0,2025-08-01,Reilly,O'Brien,Adelaide,RK,8,293,3,8,2,3,4,0,67,12
2025,21.0,2025-08-01,Mabior,Chol,Hawthorn,INT,2,104,0,7,6,1,3,0,44,4
2025,21.0,2025-08-01,Jordan,Dawson,Adelaide,C,5,372,3,28,1,1,5,1,81,17
2025,21.0,2025-08-01,Josh,Battle,Hawthorn,BPL,2,406,9,9,4,0,3,0,73,16
2025,21.0,2025-08-01,Jack,Scrimshaw,Hawthorn,INT,3,148,5,4,1,0,3,0,91,10
2025,21.0,2025-08-01,Harry,Morrison,Hawthorn,WL,2,419,1,11,5,0,2,0,68,13
2025,21.0,2025-08-01,Darcy,Fogarty,Adelaide,FF,5,175,0,8,1,0,4,1,64,7
2025,21.0,2025-08-01,James,Worpel,Hawthorn,SUB,0,174,1,9,5,1,3,0,39,5
2025,21.0,2025-08-01,Isaac,Cumming,Adelaide,WL,1,214,5,16,2,0,4,0,73,11
2025,21.0,2025-08-01,Mitch,Lewis,Hawthorn,FF,3,136,0,9,1,0,0,1,86,6
2025,21.0,2025-08-01,Conor,Nash,Hawthorn,INT,5,323,0,17,3,0,2,1,53,9
2025,21.0,2025-08-01,Chayce,Jones,Adelaide,SUB,2,110,0,3,0,0,1,0,100,4
2025,21.0,2025-08-01,Dylan,Moore,Hawthorn,FPR,5,104,2,17,2,1,5,3,80,12
2025,21.0,2025-08-01,Mitchell,Hinge,Adelaide,HBFR,1,300,2,13,4,0,2,0,50,7
2025,21.0,2025-08-01,Will,Day,Hawthorn,R,5,120,3,20,1,1,9,1,84,16
2025,21.0,2025-08-01,Izak,Rankine,Adelaide,FPL,9,362,3,24,3,0,7,0,69,11
2025,21.0,2025-08-01,Mark,Keane,Adelaide,CHB,2,268,8,5,2,0,3,0,81,17
2025,21.0,2025-08-01,Lloyd,Meek,Hawthorn,RK,5,182,0,18,5,3,9,1,77,13
2025,21.0,2025-08-01,Sam,Berry,Adelaide,RR,1,289,0,29,2,1,3,0,54,7
2025,21.0,2025-08-01,Nick,Murray,Adelaide,FB,2,96,5,8,1,0,2,0,100,7
2025,21.0,2025-08-01,Riley,Thilthorpe,Adelaide,CHF,6,254,0,12,1,0,2,0,67,8
2025,21.0,2025-08-01,Jai,Newcombe,Hawthorn,RR,2,207,1,18,2,4,7,0,74,14
2025,21.0,2025-08-01,Josh,Worrell,Adelaide,BPL,3,516,7,7,6,0,2,0,75,15
2025,21.0,2025-08-01,Jack,Ginnivan,Hawthorn,FPL,6,315,5,20,1,0,6,0,70,14
2025,21.0,2025-08-01,James,Peatling,Adelaide,INT,2,177,0,18,4,2,5,1,50,5
2025,21.0,2025-08-01,Brayden,Cook,Adelaide,INT,0,5,1,4,0,0,1,0,100,1
2025,21.0,2025-08-01,Connor,Macdonald,Hawthorn,INT,4,220,2,16,1,0,6,0,73,11
2025,21.0,2025-08-01,Josh,Ward,Hawthorn,C,3,431,0,9,5,1,3,0,73,11
2025,21.0,2025-08-01,Jake,Soligo,Adelaide,R,2,306,1,18,4,3,6,0,60,9
2025,21.0,2025-08-01,Massimo,D'Ambrosio,Hawthorn,HBFR,6,386,1,12,4,1,7,1,72,18
2025,21.0,2025-08-01,Nick,Watson,Hawthorn,HFFR,6,134,2,13,1,0,8,1,79,11
2025,21.0,2025-08-01,Daniel,Curtin,Adelaide,WR,1,500,5,27,5,1,7,0,45,9
2025,21.0,2025-08-01,Calsher,Dear,Hawthorn,CHF,2,-20,0,6,1,0,1,1,100,3
2025,21.0,2025-08-01,Zac,Taylor,Adelaide,INT,3,109,1,9,1,0,2,0,56,5
2025,21.0,2025-08-01,Hugh,Bond,Adelaide,BPR,3,101,6,10,3,0,7,0,79,11
2025,21.0,2025-08-02,Jake,Melksham,Melbourne,FPL,4,196,1,10,1,0,2,0,90,9
2025,21.0,2025-08-02,Jamie,Cripps,West Coast,HFFL,2,213,1,19,5,0,1,1,38,3
2025,21.0,2025-08-02,Max,Gawn,Melbourne,RK,4,247,9,3,3,1,4,0,57,12
2025,21.0,2025-08-02,Tom,McDonald,Melbourne,FB,1,138,6,2,3,0,2,1,83,10
2025,21.0,2025-08-02,Jack,Viney,Melbourne,HFFL,7,315,1,23,5,5,15,1,72,18
2025,21.0,2025-08-02,Christian,Salem,Melbourne,INT,5,400,8,4,3,0,5,1,73,22
2025,21.0,2025-08-02,Liam,Duggan,West Coast,HBFL,5,396,6,15,5,0,2,0,86,18
2025,21.0,2025-08-02,Ed,Langdon,Melbourne,R,5,118,1,10,1,0,3,0,82,9
2025,21.0,2025-08-02,Clayton,Oliver,Melbourne,INT,7,386,3,16,1,2,12,2,68,19
2025,21.0,2025-08-02,Christian,Petracca,Melbourne,C,8,206,2,18,2,1,11,2,78,18
2025,21.0,2025-08-02,Tom,Cole,West Coast,INT,3,345,9,13,3,0,7,0,71,17
2025,21.0,2025-08-02,Bayley,Fritsch,Melbourne,CHF,8,310,1,7,5,0,3,1,77,13
2025,21.0,2025-08-02,Tim,Kelly,West Coast,RR,2,422,2,17,6,3,6,0,81,21
2025,21.0,2025-08-02,Liam,Ryan,West Coast,FPR,4,163,1,12,2,0,1,0,50,3
2025,21.0,2025-08-02,Harrison,Petty,Melbourne,INT,8,297,1,17,1,0,1,3,64,7
2025,21.0,2025-08-02,Liam,Baker,West Coast,R,2,263,2,23,4,3,9,0,56,10
2025,21.0,2025-08-02,Tom,Sparrow,Melbourne,INT,3,324,1,17,3,1,1,2,71,10
2025,21.0,2025-08-02,Kade,Chandler,Melbourne,HFFR,8,348,2,17,3,1,7,1,72,13
2025,21.0,2025-08-02,Kysaiah,Pickett,Melbourne,FPR,10,560,3,14,5,2,5,2,54,14
2025,21.0,2025-08-02,Trent,Rivers,Melbourne,RR,5,269,5,7,2,0,2,0,89,16
2025,21.0,2025-08-02,Harry,Edwards,West Coast,FB,3,110,2,7,0,0,0,0,100,6
2025,21.0,2025-08-02,Bailey J.,Williams,West Coast,RK,1,34,0,12,3,2,2,0,50,3
2025,21.0,2025-08-02,Matthew,Owies,West Coast,FPL,2,123,2,6,0,0,2,0,89,8
2025,21.0,2025-08-02,Tyler,Brockman,West Coast,INT,4,171,0,15,3,0,1,0,63,5
2025,21.0,2025-08-02,Harry,Sharp,Melbourne,SUB,1,62,0,5,0,0,0,0,100,2
2025,21.0,2025-08-02,Jake,Bowey,Melbourne,BPL,7,513,4,9,2,1,2,0,84,21
2025,21.0,2025-08-02,Brady,Hough,West Coast,C,2,46,3,14,2,0,4,0,91,10
2025,21.0,2025-08-02,Daniel,Turner,Melbourne,CHB,3,234,6,5,2,0,2,0,83,10
2025,21.0,2025-08-02,Rhett,Bazzo,West Coast,CHB,1,166,3,9,3,0,1,0,70,7
2025,21.0,2025-08-02,Jai,Culley,Melbourne,WL,5,312,3,8,3,1,3,1,92,12
2025,21.0,2025-08-02,Reuben,Ginbey,West Coast,BPL,5,348,9,10,3,0,5,0,73,11
2025,21.0,2025-08-02,Campbell,Chesser,West Coast,BPR,5,373,0,9,4,0,1,0,65,11
2025,21.0,2025-08-02,Judd,McVee,Melbourne,BPR,3,104,4,9,2,0,4,0,91,10
2025,21.0,2025-08-02,Elijah,Hewett,West Coast,INT,6,281,4,15,5,0,6,0,74,17
2025,21.0,2025-08-02,Jacob,van Rooyen,Melbourne,FF,8,120,0,8,1,0,3,3,73,11
2025,21.0,2025-08-02,Ryan,Maric,West Coast,WL,6,627,4,8,7,0,6,0,79,23
2025,21.0,2025-08-02,Blake,Howes,Melbourne,HBFR,1,95,3,0,0,0,2,0,100,12
2025,21.0,2025-08-02,Caleb,Windsor,Melbourne,HBFL,5,383,0,22,3,2,5,1,69,11
2025,21.0,2025-08-02,Tyrell,Dewar,West Coast,INT,3,98,0,8,0,0,0,0,100,5
2025,21.0,2025-08-02,Clay,Hall,West Coast,WR,3,222,3,10,1,0,4,0,80,12
2025,21.0,2025-08-02,Harvey,Langford,Melbourne,WR,6,371,1,5,4,0,4,1,69,11
2025,21.0,2025-08-02,Archer,Reid,West Coast,FF,4,99,0,7,0,0,2,1,75,6
2025,21.0,2025-08-02,Hamish,Davis,West Coast,SUB,1,74,0,2,0,0,0,0,100,4
2025,21.0,2025-08-02,Tom,Gross,West Coast,HFFR,2,73,0,9,2,1,3,0,69,9
2025,21.0,2025-08-02,Tom,McCarthy,West Coast,HBFR,8,482,4,12,6,2,9,0,81,21
2025,21.0,2025-08-02,Jobe,Shanahan,West Coast,CHF,2,35,0,6,1,0,1,0,75,3
2025,21.0,2025-08-02,Dion,Prestia,Richmond,C,5,248,0,20,1,1,5,0,78,18
2025,21.0,2025-08-02,Nick,Vlastuin,Richmond,HBFL,3,324,11,15,2,0,2,0,90,18
2025,21.0,2025-08-02,Jarrod,Witts,Gold Coast,RK,5,76,0,6,1,1,1,0,82,9
2025,21.0,2025-08-02,Nick,Holman,Gold Coast,SUB,1,1,0,2,0,0,0,0,100,2
2025,21.0,2025-08-02,Kamdyn,McIntosh,Richmond,SUB,3,324,3,8,2,0,1,0,86,12
2025,21.0,2025-08-02,Touk,Miller,Gold Coast,HFFL,8,326,2,13,1,1,9,0,68,17
2025,21.0,2025-08-02,Toby,Nankervis,Richmond,RK,3,142,2,15,1,0,3,0,64,7
2025,21.0,2025-08-02,Lachie,Weller,Gold Coast,WL,3,286,4,11,1,0,6,0,92,12
2025,21.0,2025-08-02,Jayden,Short,Richmond,HBFR,3,419,5,2,5,1,3,0,83,19
2025,21.0,2025-08-02,Jacob,Hopper,Richmond,R,6,294,1,13,5,1,7,0,64,16
2025,21.0,2025-08-02,Sam,Collins,Gold Coast,BPR,5,200,12,5,1,0,4,0,89,16
2025,21.0,2025-08-02,Brayden,Fiorini,Gold Coast,WR,9,403,3,16,1,0,4,2,92,22
2025,21.0,2025-08-02,Ben,Ainsworth,Gold Coast,HBFR,6,221,1,14,2,1,3,1,64,7
2025,21.0,2025-08-02,Ben,Long,Gold Coast,FPL,4,236,0,11,8,0,1,1,64,9
2025,21.0,2025-08-02,Wil,Powell,Gold Coast,CHB,4,436,1,6,2,0,1,0,88,15
2025,21.0,2025-08-02,Noah,Balta,Richmond,FB,0,215,3,3,7,0,5,0,50,4
2025,21.0,2025-08-02,Jack,Ross,Richmond,INT,4,251,4,20,3,0,5,0,70,16
2025,21.0,2025-08-02,Ben,King,Gold Coast,FPR,7,192,0,7,0,0,2,0,90,9
2025,21.0,2025-08-02,John,Noble,Gold Coast,HBFL,7,723,3,9,4,0,0,0,83,25
2025,21.0,2025-08-02,Noah,Anderson,Gold Coast,R,12,521,5,10,4,1,11,0,76,29
2025,21.0,2025-08-02,Connor,Budarick,Gold Coast,INT,3,274,3,14,4,0,3,0,86,12
2025,21.0,2025-08-02,Matt,Rowell,Gold Coast,C,12,204,3,33,3,2,8,0,85,23
2025,21.0,2025-08-02,Sam,Flanders,Gold Coast,INT,2,108,2,6,5,0,4,1,67,10
2025,21.0,2025-08-02,Jy,Farrar,Gold Coast,FF,8,83,3,13,0,0,1,4,91,10
2025,21.0,2025-08-02,Rhyan,Mansell,Richmond,FPR,3,226,3,17,4,0,4,1,55,6
2025,21.0,2025-08-02,Joel,Jeffrey,Gold Coast,INT,5,582,2,5,2,0,0,0,92,24
2025,21.0,2025-08-02,Maurice,Rioli,Richmond,RR,1,171,0,21,4,0,1,0,29,2
2025,21.0,2025-08-02,Ben,Miller,Richmond,BPR,1,227,6,8,3,0,4,0,69,9
2025,21.0,2025-08-02,Alex,Davies,Gold Coast,RR,4,142,0,31,1,2,4,0,86,12
2025,21.0,2025-08-02,Tyler,Sonsie,Richmond,INT,2,166,1,12,1,0,3,0,85,11
2025,21.0,2025-08-02,Mac,Andrew,Gold Coast,FB,4,556,5,5,6,0,1,0,88,21
2025,21.0,2025-08-02,Bodhi,Uwland,Gold Coast,BPL,4,268,4,5,2,0,2,0,87,13
2025,21.0,2025-08-02,Tylar,Young,Richmond,BPL,2,343,3,5,2,0,2,0,55,6
2025,21.0,2025-08-02,Bailey,Humphrey,Gold Coast,HFFR,4,268,0,12,6,1,3,2,70,7
2025,21.0,2025-08-02,Sam,Banks,Richmond,CHB,3,547,5,9,3,0,2,0,81,21
2025,21.0,2025-08-02,James,Trezise,Richmond,WL,2,289,1,17,3,0,3,0,90,17
2025,21.0,2025-08-02,Tom,Brown,Richmond,INT,3,145,5,7,0,0,5,0,79,11
2025,21.0,2025-08-02,Seth,Campbell,Richmond,CHF,3,371,0,15,4,0,3,0,64,7
2025,21.0,2025-08-02,Ethan,Read,Gold Coast,INT,9,291,0,10,0,0,2,1,62,8
2025,21.0,2025-08-02,Steely,Green,Richmond,HFFL,1,50,0,18,0,0,1,1,100,4
2025,21.0,2025-08-02,Harry,Armstrong,Richmond,FPL,2,36,0,6,0,0,0,0,75,3
2025,21.0,2025-08-02,Luke,Trainor,Richmond,WR,3,227,2,8,5,0,0,0,86,12
2025,21.0,2025-08-02,Jonty,Faull,Richmond,FF,0,0,0,0,0,0,0,0,0,0
2025,21.0,2025-08-02,Thomas,Sims,Richmond,INT,0,91,0,10,1,0,0,0,67,2
2025,21.0,2025-08-02,Oscar,Adams,Gold Coast,CHF,1,120,4,3,3,0,3,0,79,11
2025,21.0,2025-08-02,Taj,Hotton,Richmond,HFFR,5,89,2,15,1,2,5,1,86,12
2025,21.0,2025-08-02,Todd,Goldstein,Essendon,INT,0,5,1,3,1,0,0,0,86,6
2025,21.0,2025-08-02,Dylan,Shiel,Essendon,RR,2,223,4,17,4,0,4,0,46,5
2025,21.0,2025-08-02,Harry,Cunningham,Sydney,INT,5,135,2,3,2,0,2,0,79,11
2025,21.0,2025-08-02,Dane,Rampe,Sydney,FB,5,546,7,9,3,0,3,0,88,22
2025,21.0,2025-08-02,Brodie,Grundy,Sydney,RK,9,100,5,10,1,2,8,0,72,28
2025,21.0,2025-08-02,Zach,Merrett,Essendon,C,6,420,4,18,4,2,7,1,74,14
2025,21.0,2025-08-02,Jake,Lloyd,Sydney,WR,4,265,2,10,2,0,1,1,88,15
2025,21.0,2025-08-02,Isaac,Heeney,Sydney,RR,6,364,0,12,4,4,5,0,71,20
2025,21.0,2025-08-02,Peter,Wright,Essendon,CHF,4,217,2,11,3,0,2,1,79,11
2025,21.0,2025-08-02,Jayden,Laverde,Essendon,FB,1,196,6,11,4,0,5,0,68,15
2025,21.0,2025-08-02,Callum,Mills,Sydney,HBFL,6,405,8,12,3,0,5,0,83,19
2025,21.0,2025-08-02,Tom,Papley,Sydney,FF,4,198,1,10,3,1,2,2,62,8
2025,21.0,2025-08-02,Jade,Gresham,Essendon,HFFR,1,260,3,17,4,1,8,1,55,11
2025,21.0,2025-08-02,Mason,Redman,Essendon,HBFL,3,652,5,6,8,0,0,0,85,17
2025,21.0,2025-08-02,Oliver,Florent,Sydney,WL,3,192,3,9,2,0,3,1,67,8
2025,21.0,2025-08-02,Andrew,McGrath,Essendon,BPL,2,441,2,25,7,1,15,0,65,17
2025,21.0,2025-08-02,Lewis,Melican,Sydney,BPL,1,107,5,10,1,0,2,0,80,8
2025,21.0,2025-08-02,Matt,Guelfi,Essendon,RK,1,58,0,16,0,0,0,0,33,1
2025,21.0,2025-08-02,Tom,McCartin,Sydney,BPR,2,104,6,1,1,0,2,0,73,8
2025,21.0,2025-08-02,Xavier,Duursma,Essendon,INT,0,186,3,13,4,0,6,0,71,15
2025,21.0,2025-08-02,Nick,Blakey,Sydney,CHB,7,678,11,6,4,0,2,0,82,23
2025,21.0,2025-08-02,Justin,McInerney,Sydney,FPL,7,234,2,10,0,0,5,0,82,22
2025,21.0,2025-08-02,James,Rowbottom,Sydney,HFFL,3,184,1,17,1,0,3,2,67,8
2025,21.0,2025-08-02,Peter,Ladhams,Sydney,INT,4,68,0,5,1,0,1,0,50,3
2025,21.0,2025-08-02,Chad,Warner,Sydney,C,3,357,3,13,7,2,7,0,46,12
2025,21.0,2025-08-02,Sam,Wicks,Sydney,HBFR,2,128,1,5,1,0,1,0,89,8
2025,21.0,2025-08-02,James,Jordon,Sydney,HFFR,4,135,1,13,2,2,2,1,58,7
2025,21.0,2025-08-02,Errol,Gulden,Sydney,R,6,575,5,13,4,0,5,1,70,21
2025,21.0,2025-08-02,Braeden,Campbell,Sydney,INT,4,234,2,12,5,0,4,0,53,9
2025,21.0,2025-08-02,Jaxon,Prior,Essendon,WR,3,405,4,6,1,0,3,0,79,15
2025,21.0,2025-08-02,Archie,Perkins,Essendon,HFFL,2,102,1,12,1,0,4,1,80,8
2025,21.0,2025-08-02,Sam,Durham,Essendon,R,6,475,3,15,7,1,9,1,59,13
2025,21.0,2025-08-02,Angus,Sheldrick,Sydney,INT,6,358,2,12,3,0,6,0,71,17
2025,21.0,2025-08-02,Ben,Hobbs,Essendon,INT,2,192,2,10,5,0,4,0,20,2
2025,21.0,2025-08-02,Jack,Buller,Sydney,CHF,6,154,1,8,3,0,2,2,75,9
2025,21.0,2025-08-02,Caiden,Cleary,Sydney,SUB,0,18,0,3,1,0,0,1,71,5
2025,21.0,2025-08-02,Archie,Roberts,Essendon,HBFR,3,450,4,7,5,0,4,0,76,16
2025,21.0,2025-08-02,Isaac,Kako,Essendon,FPR,4,132,1,12,1,0,3,0,71,5
2025,21.0,2025-08-02,Angus,Clarke,Essendon,FPL,2,119,3,8,2,0,2,0,64,7
2025,21.0,2025-08-02,Luamon,Lual,Essendon,INT,1,81,1,15,3,0,3,0,80,8
2025,21.0,2025-08-02,Lachlan,Blakiston,Essendon,CHB,2,258,2,8,1,1,2,0,82,9
2025,21.0,2025-08-02,Archer,May,Essendon,WL,1,217,5,14,2,0,2,0,75,6
2025,21.0,2025-08-02,Oskar,Smartt,Essendon,SUB,1,-9,0,6,0,0,0,1,100,1
2025,21.0,2025-08-02,Liam,McMahon,Essendon,FF,4,73,0,0,0,0,2,0,75,3
2025,21.0,2025-08-02,Jesse,Dattoli,Sydney,FPR,4,152,0,11,3,0,3,1,62,8
2025,21.0,2025-08-02,Jayden,Nguyen,Essendon,BPR,0,78,1,7,0,0,4,0,60,3
2025,21.0,2025-08-02,Scott,Pendlebury,Collingwood,RR,6,210,3,25,2,3,6,0,86,19
2025,21.0,2025-08-02,Steele,Sidebottom,Collingwood,WL,6,448,4,18,3,0,5,1,62,13
2025,21.0,2025-08-02,Ryan,Lester,Brisbane Lions,BPR,0,0,0,0,0,0,0,0,0,0
2025,21.0,2025-08-02,Will,Hoskin-Elliott,Collingwood,HFFL,1,162,3,10,2,0,0,2,67,4
2025,21.0,2025-08-02,Lachie,Neale,Brisbane Lions,R,6,367,7,16,4,2,16,1,81,29
2025,21.0,2025-08-02,Jack,Crisp,Collingwood,WR,4,370,6,20,4,2,5,0,47,7
2025,21.0,2025-08-02,Dayne,Zorko,Brisbane Lions,BPL,7,397,4,17,2,0,4,0,95,18
2025,21.0,2025-08-02,Jamie,Elliott,Collingwood,FPL,3,137,0,8,2,0,1,0,50,4
2025,21.0,2025-08-02,Darcy,Gardiner,Brisbane Lions,FB,1,110,2,6,3,0,1,0,71,5
2025,21.0,2025-08-02,Charlie,Cameron,Brisbane Lions,HFFL,5,286,1,8,3,0,2,1,62,8
2025,21.0,2025-08-02,Daniel,McStay,Collingwood,INT,2,32,0,6,0,0,0,0,67,2
2025,21.0,2025-08-02,Tim,Membrey,Collingwood,CHF,3,80,0,4,2,0,1,0,40,2
2025,21.0,2025-08-02,Jordan,De Goey,Collingwood,INT,2,182,0,8,4,1,5,0,42,5
2025,21.0,2025-08-02,Harris,Andrews,Brisbane Lions,CHB,3,186,9,7,2,0,1,0,100,9
2025,21.0,2025-08-02,Brayden,Maynard,Collingwood,BPL,1,227,7,6,3,0,4,0,73,11
2025,21.0,2025-08-02,Darcy,Moore,Collingwood,FB,1,250,4,6,3,0,2,0,50,4
2025,21.0,2025-08-02,Callum,Ah Chee,Brisbane Lions,HFFR,1,129,1,9,0,0,0,0,40,2
2025,21.0,2025-08-02,Josh,Dunkley,Brisbane Lions,RR,6,312,2,21,5,4,9,0,71,22
2025,21.0,2025-08-02,Eric,Hipwood,Brisbane Lions,CHF,3,194,3,9,2,0,3,1,62,8
2025,21.0,2025-08-02,Oleg,Markov,Collingwood,INT,1,117,2,14,1,0,2,0,63,5
2025,21.0,2025-08-02,Dan,Houston,Collingwood,HBFL,2,228,3,11,2,0,2,0,82,9
2025,21.0,2025-08-02,Jarrod,Berry,Brisbane Lions,WR,3,250,0,18,0,0,2,0,85,17
2025,21.0,2025-08-02,Hugh,McCluggage,Brisbane Lions,C,6,457,2,24,6,5,10,1,68,23
2025,21.0,2025-08-02,Harry,Perryman,Collingwood,CHB,2,366,6,10,3,0,1,0,81,13
2025,21.0,2025-08-02,Josh,Daicos,Collingwood,INT,3,665,2,17,7,2,2,1,69,20
2025,21.0,2025-08-02,Patrick,Lipinski,Collingwood,FPR,4,87,1,19,4,0,10,1,71,12
2025,21.0,2025-08-02,Cam,Rayner,Brisbane Lions,FPL,4,290,4,21,5,0,4,3,47,7
2025,21.0,2025-08-02,Zac,Bailey,Brisbane Lions,WL,3,297,3,15,5,0,6,2,62,13
2025,21.0,2025-08-02,Brody,Mihocek,Collingwood,FF,3,172,2,10,1,0,2,3,67,4
2025,21.0,2025-08-02,Darcy,Cameron,Collingwood,RK,5,21,7,15,2,0,3,0,75,9
2025,21.0,2025-08-02,Brandon,Starcevich,Brisbane Lions,HBFR,1,118,5,4,3,0,4,0,44,4
2025,21.0,2025-08-02,Lachie,Schultz,Collingwood,HFFR,4,313,3,21,5,0,2,2,77,13
2025,21.0,2025-08-02,Darcy,Fort,Brisbane Lions,RK,3,129,0,12,0,0,2,1,67,6
2025,21.0,2025-08-02,Isaac,Quaynor,Collingwood,HBFR,1,232,4,15,3,0,2,0,70,7
2025,21.0,2025-08-02,Bobby,Hill,Collingwood,SUB,2,75,1,6,1,0,0,0,75,3
2025,21.0,2025-08-02,Nick,Daicos,Collingwood,C,9,300,2,21,5,4,5,0,76,22
2025,21.0,2025-08-02,Ned,Long,Collingwood,R,0,127,0,45,5,0,6,2,11,1
2025,21.0,2025-08-02,Darcy,Wilmot,Brisbane Lions,HBFL,3,278,7,11,1,0,4,0,74,14
2025,21.0,2025-08-02,Will,Ashcroft,Brisbane Lions,INT,6,337,1,13,7,1,7,0,53,16
2025,21.0,2025-08-02,Jaspa,Fletcher,Brisbane Lions,INT,3,332,8,7,2,0,10,0,68,15
2025,21.0,2025-08-02,Charlie,Dean,Collingwood,BPR,1,173,4,5,2,0,3,0,50,4
2025,21.0,2025-08-02,Logan,Morris,Brisbane Lions,FF,8,207,1,7,3,0,3,0,71,10
2025,21.0,2025-08-02,Bruce,Reville,Brisbane Lions,SUB,1,180,3,6,1,0,2,0,82,9
2025,21.0,2025-08-02,Henry,Smith,Brisbane Lions,FPR,4,109,0,13,2,0,0,2,100,5
2025,21.0,2025-08-02,Levi,Ashcroft,Brisbane Lions,INT,1,289,2,5,7,1,5,1,55,12
2025,21.0,2025-08-02,Sam,Marshall,Brisbane Lions,INT,2,117,1,12,1,0,4,0,83,10
2025,21.0,2025-08-03,Jack,Darling,North Melbourne,FF,4,298,1,9,5,1,0,2,50,7
2025,21.0,2025-08-03,Luke,Parker,North Melbourne,FPL,5,165,0,10,0,2,4,0,88,15
2025,21.0,2025-08-03,Bradley,Hill,St Kilda,HFFL,4,383,1,11,2,0,0,0,82,14
2025,21.0,2025-08-03,Jack,Macrae,St Kilda,R,3,145,1,15,4,1,7,0,82,18
2025,21.0,2025-08-03,Zak,Jones,St Kilda,INT,1,172,0,4,2,0,4,0,80,8
2025,21.0,2025-08-03,Mason,Wood,St Kilda,WR,3,166,0,14,5,1,4,0,67,10
2025,21.0,2025-08-03,Jack,Sinclair,St Kilda,HBFR,5,440,11,8,2,0,7,0,89,23
2025,21.0,2025-08-03,Jack,Steele,St Kilda,SUB,3,-15,1,7,1,0,3,0,100,8
2025,21.0,2025-08-03,Caleb,Daniel,North Melbourne,CHB,2,411,5,6,3,0,6,0,91,29
2025,21.0,2025-08-03,Griffin,Logue,North Melbourne,BPR,2,19,4,5,1,0,2,0,100,12
2025,21.0,2025-08-03,Cameron,Zurhaar,North Melbourne,FPR,6,230,0,10,2,0,2,0,50,5
2025,21.0,2025-08-03,Nick,Larkey,North Melbourne,CHF,4,180,0,4,1,0,0,0,100,7
2025,21.0,2025-08-03,Rowan,Marshall,St Kilda,RK,7,323,1,8,1,1,3,1,63,15
2025,21.0,2025-08-03,Hunter,Clark,St Kilda,RR,5,512,5,6,5,0,5,1,76,19
2025,21.0,2025-08-03,Luke,Davies-Uniacke,North Melbourne,C,6,469,2,19,4,3,6,0,86,18
2025,21.0,2025-08-03,Jack,Higgins,St Kilda,FPL,4,201,2,11,2,0,3,1,80,8
2025,21.0,2025-08-03,Callum,Wilkie,St Kilda,FB,2,261,8,4,0,0,4,0,100,17
2025,21.0,2025-08-03,Liam,Stocker,St Kilda,HBFL,0,15,4,8,0,0,6,0,78,7
2025,21.0,2025-08-03,Dylan,Stephens,North Melbourne,WL,1,293,4,9,2,0,6,0,70,14
2025,21.0,2025-08-03,Ryan,Byrnes,St Kilda,INT,2,228,0,6,2,0,1,2,63,5
2025,21.0,2025-08-03,Tom,Powell,North Melbourne,INT,8,281,1,15,3,1,2,0,83,20
2025,21.0,2025-08-03,Cooper,Sharman,St Kilda,FPR,5,112,0,5,2,0,2,1,67,4
2025,21.0,2025-08-03,Charlie,Comben,North Melbourne,BPL,1,154,5,6,2,0,3,0,93,13
2025,21.0,2025-08-03,Mitch,Owens,St Kilda,FF,4,260,0,6,2,0,2,0,63,5
2025,21.0,2025-08-03,Nasiah,Wanganeen-Milera,St Kilda,CHB,9,677,3,15,10,5,10,0,58,21
2025,21.0,2025-08-03,Marcus,Windhager,St Kilda,WL,5,147,3,12,2,1,4,0,80,16
2025,21.0,2025-08-03,Paul,Curtis,North Melbourne,HFFL,3,136,2,19,3,1,1,2,80,8
2025,21.0,2025-08-03,Brynn,Teakle,North Melbourne,RK,2,100,2,15,1,1,0,0,86,6
2025,21.0,2025-08-03,Harry,Sheezel,North Melbourne,RR,5,412,3,26,2,0,7,0,79,26
2025,21.0,2025-08-03,Anthony,Caminiti,St Kilda,BPR,0,121,5,4,0,0,3,0,100,8
2025,21.0,2025-08-03,George,Wardlaw,North Melbourne,R,7,246,6,21,3,0,8,0,77,13
2025,21.0,2025-08-03,Cooper,Harvey,North Melbourne,INT,3,219,1,8,3,0,0,0,44,4
2025,21.0,2025-08-03,Robert,Hansen Jr,North Melbourne,SUB,3,48,1,6,0,0,2,0,100,8
2025,21.0,2025-08-03,Zane,Duursma,North Melbourne,INT,2,145,1,2,1,0,0,0,100,8
2025,21.0,2025-08-03,Colby,McKercher,North Melbourne,HFFR,4,642,4,6,7,0,4,0,75,27
2025,21.0,2025-08-03,Toby,Pink,North Melbourne,FB,2,263,6,11,3,0,4,0,93,14
2025,21.0,2025-08-03,Angus,Hastie,St Kilda,INT,1,152,1,11,2,0,0,0,86,6
2025,21.0,2025-08-03,Hugo,Garcia,St Kilda,INT,2,358,1,17,2,1,4,0,73,11
2025,21.0,2025-08-03,Riley,Hardeman,North Melbourne,HBFL,1,116,5,4,4,0,2,0,86,12
2025,21.0,2025-08-03,Jacob,Konstanty,North Melbourne,WR,4,76,2,13,2,0,1,0,58,7
2025,21.0,2025-08-03,Finn,O'Sullivan,North Melbourne,HBFR,2,145,1,12,3,0,1,0,78,14
2025,21.0,2025-08-03,Max,Hall,St Kilda,CHF,3,302,2,25,2,1,4,0,71,10
2025,21.0,2025-08-03,Hugh,Boxshall,St Kilda,C,4,59,2,14,2,0,6,4,75,9
2025,21.0,2025-08-03,Alixzander,Tauru,St Kilda,BPL,2,177,4,7,0,0,1,0,71,5
2025,21.0,2025-08-03,Max,Heath,St Kilda,HFFR,5,162,0,8,4,0,2,0,40,4
2025,21.0,2025-08-03,Zac,Banch,North Melbourne,INT,1,97,0,4,0,0,2,0,83,5
2025,21.0,2025-08-03,Travis,Boak,Port Adelaide,WR,4,171,3,20,5,1,10,0,75,18
2025,21.0,2025-08-03,Patrick,Dangerfield,Geelong,R,12,270,0,7,1,0,6,2,84,16
2025,21.0,2025-08-03,Rhys,Stanley,Geelong,RK,3,111,0,8,1,2,4,1,71,5
2025,21.0,2025-08-03,Jeremy,Cameron,Geelong,FF,7,219,1,6,0,0,1,1,75,6
2025,21.0,2025-08-03,Ollie,Wines,Port Adelaide,RR,10,240,3,26,4,3,7,2,66,21
2025,21.0,2025-08-03,Mark,Blicavs,Geelong,HFFR,7,182,2,16,2,2,11,0,68,13
2025,21.0,2025-08-03,Jack,Martin,Geelong,SUB,6,171,0,2,2,0,4,0,92,12
2025,21.0,2025-08-03,Darcy,Byrne-Jones,Port Adelaide,CHF,2,185,3,16,5,1,5,0,64,9
2025,21.0,2025-08-03,Aliir,Aliir,Port Adelaide,FB,2,281,8,5,3,0,5,0,69,9
2025,21.0,2025-08-03,Jack,Bowes,Geelong,WR,10,306,4,17,2,0,6,2,79,19
2025,21.0,2025-08-03,Tom,Stewart,Geelong,CHB,3,309,8,13,2,1,7,0,91,19
2025,21.0,2025-08-03,Mark,O'Connor,Geelong,INT,4,85,3,6,2,0,1,0,75,12
2025,21.0,2025-08-03,Zach,Guthrie,Geelong,HBFR,7,190,8,8,1,0,3,0,94,17
2025,21.0,2025-08-03,Tyson,Stengle,Geelong,FPL,8,282,0,12,2,0,2,0,54,7
2025,21.0,2025-08-03,Jack,Henry,Geelong,BPL,5,133,6,9,0,0,1,0,91,10
2025,21.0,2025-08-03,Kane,Farrell,Port Adelaide,HBFR,2,395,4,19,5,1,6,0,70,14
2025,21.0,2025-08-03,Tom,Atkins,Geelong,INT,4,164,3,15,3,2,8,1,65,11
2025,21.0,2025-08-03,Gryan,Miers,Geelong,INT,10,454,4,20,4,3,5,1,63,19
2025,21.0,2025-08-03,Zak,Butters,Port Adelaide,R,4,122,1,6,0,3,3,0,100,10
2025,21.0,2025-08-03,Willem,Drew,Port Adelaide,C,6,452,3,28,7,1,5,2,67,16
2025,21.0,2025-08-03,Bailey,Smith,Geelong,RR,10,546,0,14,7,3,9,0,63,19
2025,21.0,2025-08-03,Brandon,Zerk-Thatcher,Port Adelaide,BPL,0,77,4,13,0,0,3,0,100,8
2025,21.0,2025-08-03,Mitch,Georgiades,Port Adelaide,FF,6,275,1,6,2,0,1,1,42,5
2025,21.0,2025-08-03,Brad,Close,Geelong,INT,8,203,1,14,3,0,6,2,69,11
2025,21.0,2025-08-03,Max,Holmes,Geelong,C,15,875,8,10,6,0,12,0,74,26
2025,21.0,2025-08-03,Lachie,Jones,Port Adelaide,HBFL,1,115,6,6,2,0,4,0,63,5
2025,21.0,2025-08-03,Jordon,Sweet,Port Adelaide,RK,6,191,0,16,4,2,3,1,44,7
2025,21.0,2025-08-03,Sam,De Koning,Geelong,FB,2,241,5,3,2,0,1,0,75,9
2025,21.0,2025-08-03,Dylan,Williams,Port Adelaide,INT,0,212,3,9,4,0,3,1,75,6
2025,21.0,2025-08-03,Jed,McEntee,Port Adelaide,FPL,7,326,0,11,2,0,3,0,60,9
2025,21.0,2025-08-03,Jackson,Mead,Port Adelaide,INT,2,213,3,17,4,1,7,0,78,14
2025,21.0,2025-08-03,Josh,Sinn,Port Adelaide,BPR,0,211,3,6,4,0,4,0,80,8
2025,21.0,2025-08-03,Oliver,Dempsey,Geelong,HFFL,4,160,2,10,2,0,2,1,71,10
2025,21.0,2025-08-03,Shannon,Neale,Geelong,FPR,10,290,4,14,1,1,3,3,87,13
2025,21.0,2025-08-03,Jase,Burgoyne,Port Adelaide,CHB,4,254,2,10,2,0,4,0,71,10
2025,21.0,2025-08-03,Ollie,Lord,Port Adelaide,FPR,4,88,2,8,0,0,2,0,80,4
2025,21.0,2025-08-03,Oisin,Mullin,Geelong,HBFL,4,183,0,5,2,3,4,0,70,7
2025,21.0,2025-08-03,Shaun,Mannagh,Geelong,CHF,10,431,1,12,5,0,7,0,58,15
2025,21.0,2025-08-03,Connor,O'Sullivan,Geelong,BPR,3,199,4,13,2,0,2,0,73,8
2025,21.0,2025-08-03,Joe,Richards,Port Adelaide,HFFL,3,112,2,16,1,1,7,1,62,8
2025,21.0,2025-08-03,Lawson,Humphries,Geelong,WL,7,578,5,14,4,0,3,1,63,15
2025,21.0,2025-08-03,Will,Lorenz,Port Adelaide,INT,3,264,2,17,5,0,3,1,88,14
2025,21.0,2025-08-03,Joe,Berry,Port Adelaide,INT,3,308,1,9,2,0,0,0,83,10
2025,21.0,2025-08-03,Hugh,Jackson,Port Adelaide,SUB,1,77,0,3,0,0,1,2,100,4
2025,21.0,2025-08-03,Mani,Liddy,Port Adelaide,WL,3,313,2,17,6,1,4,0,56,10
2025,21.0,2025-08-03,Jack,Whitlock,Port Adelaide,HFFR,0,28,0,11,2,0,0,1,67,2
2025,21.0,2025-08-03,Nick,Haynes,Carlton,HBFR,2,364,9,6,7,0,4,0,65,15
2025,21.0,2025-08-03,Jaeger,O'Meara,Fremantle,WL,0,273,2,20,4,1,5,0,40,6
2025,21.0,2025-08-03,Zac,Williams,Carlton,HFFL,4,328,3,13,3,1,3,0,67,12
2025,21.0,2025-08-03,Patrick,Cripps,Carlton,C,7,452,4,21,4,5,12,0,53,19
2025,21.0,2025-08-03,Blake,Acres,Carlton,WL,3,305,3,13,5,0,4,0,75,12
2025,21.0,2025-08-03,Adam,Saad,Carlton,BPL,2,181,5,18,3,1,2,0,81,13
2025,21.0,2025-08-03,Oscar,McDonald,Fremantle,BPR,1,222,8,10,0,0,5,0,83,10
2025,21.0,2025-08-03,Jacob,Weitering,Carlton,FB,1,171,5,9,2,0,3,0,85,11
2025,21.0,2025-08-03,George,Hewett,Carlton,INT,5,399,3,21,4,1,6,1,67,24
2025,21.0,2025-08-03,Marc,Pittonet,Carlton,FF,3,142,4,5,1,1,5,0,73,11
2025,21.0,2025-08-03,Shai,Bolton,Fremantle,C,4,195,2,16,5,0,8,0,44,7
2025,21.0,2025-08-03,Luke,Ryan,Fremantle,BPL,2,229,7,6,5,0,5,0,71,12
2025,21.0,2025-08-03,Brennan,Cox,Fremantle,FB,0,204,8,4,2,0,2,0,100,9
2025,21.0,2025-08-03,Sean,Darcy,Fremantle,INT,2,221,1,13,3,1,4,0,50,5
2025,21.0,2025-08-03,Lewis,Young,Carlton,BPR,1,215,9,3,4,0,4,0,81,13
2025,21.0,2025-08-03,Harry,McKay,Carlton,CHF,4,221,0,21,6,0,2,4,50,6
2025,21.0,2025-08-03,Bailey,Banfield,Fremantle,INT,1,270,7,6,6,0,3,0,63,10
2025,21.0,2025-08-03,Andrew,Brayshaw,Fremantle,R,4,332,2,30,6,2,5,0,52,12
2025,21.0,2025-08-03,Lachie,Fogarty,Carlton,FPL,4,183,2,21,5,1,5,1,59,10
2025,21.0,2025-08-03,Sam,Switkowski,Fremantle,HFFL,4,157,3,28,1,0,5,2,46,5
2025,21.0,2025-08-03,Tom,De Koning,Carlton,RK,2,188,1,8,4,2,4,0,78,14
2025,21.0,2025-08-03,Jordan,Clark,Fremantle,HBFR,6,759,8,11,4,0,7,0,60,18
2025,21.0,2025-08-03,Hayden,Young,Fremantle,INT,0,25,0,4,1,0,2,0,50,1
2025,21.0,2025-08-03,Luke,Jackson,Fremantle,RK,5,166,6,32,1,0,12,1,74,20
2025,21.0,2025-08-03,Caleb,Serong,Fremantle,RR,6,363,2,28,5,3,11,0,58,11
2025,21.0,2025-08-03,Michael,Frederick,Fremantle,FPL,2,142,1,8,5,0,3,1,40,4
2025,21.0,2025-08-03,Francis,Evans,Carlton,INT,4,156,1,16,2,1,5,1,67,8
2025,21.0,2025-08-03,Heath,Chapman,Fremantle,HBFL,2,181,2,13,3,0,1,0,63,5
2025,21.0,2025-08-03,Josh,Treacy,Fremantle,FF,6,437,3,10,2,0,2,0,85,11
2025,21.0,2025-08-03,Corey,Durdin,Carlton,SUB,4,212,0,5,1,0,4,0,46,5
2025,21.0,2025-08-03,Nathan,O'Driscoll,Fremantle,WR,2,287,1,17,2,0,3,0,70,7
2025,21.0,2025-08-03,Neil,Erasmus,Fremantle,SUB,2,201,4,16,1,0,7,0,63,10
2025,21.0,2025-08-03,Jye,Amiss,Fremantle,FPR,4,118,0,5,1,0,0,0,100,8
2025,21.0,2025-08-03,Jesse,Motlop,Carlton,HFFR,2,111,0,19,6,0,1,0,57,4
2025,21.0,2025-08-03,Lachlan,Cowan,Carlton,HBFL,0,278,7,9,2,0,2,0,94,15
2025,21.0,2025-08-03,Oliver,Hollands,Carlton,R,1,383,3,20,5,0,6,0,58,11
2025,21.0,2025-08-03,Karl,Worner,Fremantle,CHB,1,271,4,18,4,0,2,0,73,11
2025,21.0,2025-08-03,Patrick,Voss,Fremantle,CHF,5,281,2,13,6,0,2,1,70,7
2025,21.0,2025-08-03,Ashton,Moir,Carlton,RR,2,109,0,9,2,0,5,1,46,5
2025,21.0,2025-08-03,Cooper,Lord,Carlton,WR,2,214,3,22,2,2,9,1,82,18
2025,21.0,2025-08-03,Murphy,Reid,Fremantle,HFFR,2,158,2,10,4,0,5,0,60,6
2025,21.0,2025-08-03,Isaiah,Dudley,Fremantle,INT,5,79,0,10,1,0,3,0,100,8
2025,21.0,2025-08-03,Will,White,Carlton,FPR,1,33,2,17,1,0,3,1,63,5
2025,21.0,2025-08-03,Matthew,Carroll,Carlton,INT,2,198,5,6,4,0,0,0,50,4
2025,21.0,2025-08-03,Harry,O'Farrell,Carlton,CHB,2,151,2,1,0,0,0,0,100,4
2025,21.0,2025-08-03,Flynn,Young,Carlton,INT,1,151,2,18,2,1,6,1,50,6
2025,22.0,2025-08-07,Scott,Pendlebury,Collingwood,RR,8,310,3,12,2,2,7,0,70,19
2025,22.0,2025-08-07,Steele,Sidebottom,Collingwood,WL,5,350,6,13,5,0,6,0,56,10
2025,22.0,2025-08-07,Jack,Gunston,Hawthorn,HFFL,6,215,0,10,1,0,2,1,82,9
2025,22.0,2025-08-07,Luke,Breust,Hawthorn,SUB,3,59,0,1,1,0,0,0,75,3
2025,22.0,2025-08-07,Jeremy,Howe,Collingwood,R,0,0,0,0,0,0,0,0,0,0
2025,22.0,2025-08-07,Will,Hoskin-Elliott,Collingwood,INT,1,66,0,12,1,0,0,0,100,4
2025,22.0,2025-08-07,Jack,Crisp,Collingwood,WR,2,452,2,21,8,2,5,0,50,11
2025,22.0,2025-08-07,Jamie,Elliott,Collingwood,FPL,3,116,0,11,2,0,1,0,50,3
2025,22.0,2025-08-07,Tom,Mitchell,Collingwood,C,4,141,2,22,0,2,4,0,94,17
2025,22.0,2025-08-07,Jarman,Impey,Hawthorn,HBFL,7,494,3,12,1,1,2,0,84,21
2025,22.0,2025-08-07,Daniel,McStay,Collingwood,INT,3,349,3,11,4,0,4,0,80,12
2025,22.0,2025-08-07,Tim,Membrey,Collingwood,CHF,2,111,1,11,2,0,2,0,57,4
2025,22.0,2025-08-07,Jordan,De Goey,Collingwood,HFFL,3,205,1,9,2,0,7,0,87,13
2025,22.0,2025-08-07,James,Sicily,Hawthorn,CHB,3,434,6,7,5,0,4,0,81,21
2025,22.0,2025-08-07,Karl,Amon,Hawthorn,WR,7,353,1,15,1,0,1,0,96,26
2025,22.0,2025-08-07,Brayden,Maynard,Collingwood,BPL,4,417,5,9,1,0,4,0,89,16
2025,22.0,2025-08-07,Darcy,Moore,Collingwood,FB,4,161,9,7,2,0,1,0,73,11
2025,22.0,2025-08-07,Tom,Barrass,Hawthorn,FB,2,128,6,1,0,0,1,0,100,8
2025,22.0,2025-08-07,Blake,Hardwick,Hawthorn,BPR,3,123,6,9,1,0,2,0,82,9
2025,22.0,2025-08-07,Mabior,Chol,Hawthorn,CHF,8,220,0,11,3,1,3,2,64,9
2025,22.0,2025-08-07,Dan,Houston,Collingwood,HBFR,4,395,1,14,4,0,2,0,64,14
2025,22.0,2025-08-07,Harry,Perryman,Collingwood,CHB,4,338,8,13,1,0,5,0,82,14
2025,22.0,2025-08-07,Josh,Battle,Hawthorn,BPL,3,464,7,5,5,0,3,0,81,21
2025,22.0,2025-08-07,Jack,Scrimshaw,Hawthorn,INT,2,200,7,13,1,0,3,0,100,15
2025,22.0,2025-08-07,Josh,Daicos,Collingwood,HBFL,2,420,1,14,7,2,3,0,65,13
2025,22.0,2025-08-07,Patrick,Lipinski,Collingwood,FPR,5,182,4,13,2,2,6,1,63,10
2025,22.0,2025-08-07,James,Worpel,Hawthorn,R,5,283,2,21,6,1,6,0,57,12
2025,22.0,2025-08-07,Mitch,Lewis,Hawthorn,FF,4,316,0,12,3,0,4,2,64,7
2025,22.0,2025-08-07,Brody,Mihocek,Collingwood,FF,8,192,1,11,2,0,1,1,73,8
2025,22.0,2025-08-07,Darcy,Cameron,Collingwood,RK,3,77,3,8,2,1,2,0,63,10
2025,22.0,2025-08-07,Conor,Nash,Hawthorn,INT,7,354,0,16,3,0,4,0,78,18
2025,22.0,2025-08-07,Billy,Frampton,Collingwood,BPR,0,84,3,3,2,0,2,0,78,7
2025,22.0,2025-08-07,Lachie,Schultz,Collingwood,HFFR,5,169,2,16,1,0,1,0,75,9
2025,22.0,2025-08-07,Dylan,Moore,Hawthorn,FPR,6,259,1,9,2,1,7,1,76,19
2025,22.0,2025-08-07,Isaac,Quaynor,Collingwood,INT,4,313,3,13,3,0,2,0,80,8
2025,22.0,2025-08-07,Changkuoth,Jiath,Hawthorn,HBFR,1,138,2,15,2,0,4,0,75,9
2025,22.0,2025-08-07,Lloyd,Meek,Hawthorn,RK,7,133,0,15,1,1,0,0,90,9
2025,22.0,2025-08-07,Jai,Newcombe,Hawthorn,RR,11,226,3,13,2,5,7,0,71,20
2025,22.0,2025-08-07,Jack,Ginnivan,Hawthorn,FPL,7,311,4,10,7,1,9,0,58,15
2025,22.0,2025-08-07,Nick,Daicos,Collingwood,INT,5,336,0,18,5,2,4,1,79,19
2025,22.0,2025-08-07,Connor,Macdonald,Hawthorn,INT,6,341,2,11,5,0,4,0,78,14
2025,22.0,2025-08-07,Josh,Ward,Hawthorn,C,11,384,2,18,2,0,2,0,76,16
2025,22.0,2025-08-07,Massimo,D'Ambrosio,Hawthorn,WL,6,289,6,7,5,0,5,0,83,20
2025,22.0,2025-08-07,Ned,Long,Collingwood,SUB,4,149,1,16,1,0,2,0,90,9
2025,22.0,2025-08-07,Nick,Watson,Hawthorn,HFFR,5,224,1,6,2,1,8,0,86,12
2025,22.0,2025-08-07,Calsher,Dear,Hawthorn,INT,5,115,0,6,0,0,1,0,50,4
2025,22.0,2025-08-08,Todd,Goldstein,Essendon,RK,2,177,2,12,2,2,2,0,65,11
2025,22.0,2025-08-08,Rhys,Stanley,Geelong,RK,2,134,0,11,2,1,1,0,83,5
2025,22.0,2025-08-08,Jeremy,Cameron,Geelong,FF,10,348,1,6,2,0,1,1,53,8
2025,22.0,2025-08-08,Dylan,Shiel,Essendon,RR,4,417,4,15,6,0,6,0,70,16
2025,22.0,2025-08-08,Mark,Blicavs,Geelong,WR,10,217,4,8,3,1,10,0,82,18
2025,22.0,2025-08-08,Zach,Merrett,Essendon,C,5,586,6,22,4,1,8,4,63,17
2025,22.0,2025-08-08,Peter,Wright,Essendon,CHF,3,159,1,12,4,0,4,0,50,5
2025,22.0,2025-08-08,Jayden,Laverde,Essendon,FB,1,304,5,5,2,0,1,0,80,12
2025,22.0,2025-08-08,Jade,Gresham,Essendon,HFFR,5,280,2,18,3,1,4,1,63,12
2025,22.0,2025-08-08,Mason,Redman,Essendon,HBFL,5,574,4,13,5,0,0,0,71,17
2025,22.0,2025-08-08,Andrew,McGrath,Essendon,BPL,4,92,4,21,2,0,5,0,83,19
2025,22.0,2025-08-08,Jack,Bowes,Geelong,HFFL,7,390,4,11,2,0,9,0,83,20
2025,22.0,2025-08-08,Tom,Stewart,Geelong,CHB,3,419,8,7,4,0,6,0,72,13
2025,22.0,2025-08-08,Mark,O'Connor,Geelong,INT,3,245,7,3,2,0,4,0,81,13
2025,22.0,2025-08-08,Zach,Guthrie,Geelong,HBFR,5,352,7,15,2,0,1,0,94,15
2025,22.0,2025-08-08,Tyson,Stengle,Geelong,FPL,5,137,0,7,1,0,4,1,30,3
2025,22.0,2025-08-08,Jack,Henry,Geelong,BPL,1,92,3,4,2,0,0,0,83,5
2025,22.0,2025-08-08,Matt,Guelfi,Essendon,WL,3,76,1,13,1,0,3,2,67,6
2025,22.0,2025-08-08,Tom,Atkins,Geelong,R,6,112,1,29,2,2,6,2,70,14
2025,22.0,2025-08-08,Gryan,Miers,Geelong,INT,11,451,1,15,3,4,3,0,77,17
2025,22.0,2025-08-08,Xavier,Duursma,Essendon,INT,3,302,5,13,5,0,4,0,64,9
2025,22.0,2025-08-08,Bailey,Smith,Geelong,RR,8,738,3,19,6,2,8,2,65,20
2025,22.0,2025-08-08,Brad,Close,Geelong,HFFR,10,181,2,21,0,0,4,1,67,10
2025,22.0,2025-08-08,Jaxon,Prior,Essendon,WR,0,333,5,9,0,0,2,0,86,12
2025,22.0,2025-08-08,Archie,Perkins,Essendon,HFFL,2,132,1,3,3,0,7,0,87,13
2025,22.0,2025-08-08,Max,Holmes,Geelong,C,9,512,6,12,7,2,11,0,66,19
2025,22.0,2025-08-08,Sam,De Koning,Geelong,FB,1,47,5,5,1,0,2,0,88,7
2025,22.0,2025-08-08,Sam,Durham,Essendon,R,3,230,2,23,2,4,10,1,72,13
2025,22.0,2025-08-08,Ben,Hobbs,Essendon,INT,1,123,0,13,4,0,6,0,70,7
2025,22.0,2025-08-08,Oliver,Dempsey,Geelong,INT,5,200,2,23,2,0,2,5,67,8
2025,22.0,2025-08-08,Mitch,Knevitt,Geelong,INT,4,266,2,5,4,1,6,0,65,11
2025,22.0,2025-08-08,Shannon,Neale,Geelong,FPR,6,134,0,10,1,0,0,2,71,5
2025,22.0,2025-08-08,Jye,Menzie,Essendon,SUB,0,80,0,5,1,0,0,1,0,0
2025,22.0,2025-08-08,Jhye,Clark,Geelong,SUB,2,23,1,8,1,0,1,0,67,4
2025,22.0,2025-08-08,Oisin,Mullin,Geelong,HBFL,4,180,2,19,3,1,0,0,78,7
2025,22.0,2025-08-08,Shaun,Mannagh,Geelong,CHF,10,378,3,19,3,0,5,1,75,15
2025,22.0,2025-08-08,Connor,O'Sullivan,Geelong,BPR,3,186,7,8,0,0,1,0,91,10
2025,22.0,2025-08-08,Lawson,Humphries,Geelong,WL,2,235,0,10,3,0,0,1,73,8
2025,22.0,2025-08-08,Archie,Roberts,Essendon,HBFR,3,412,4,10,9,0,2,0,67,22
2025,22.0,2025-08-08,Isaac,Kako,Essendon,FPR,4,106,1,16,2,2,6,3,55,6
2025,22.0,2025-08-08,Angus,Clarke,Essendon,FPL,4,297,2,22,4,0,1,0,77,13
2025,22.0,2025-08-08,Luamon,Lual,Essendon,INT,0,74,0,13,1,0,0,1,67,2
2025,22.0,2025-08-08,Lachlan,Blakiston,Essendon,CHB,1,108,4,11,1,0,3,0,67,4
2025,22.0,2025-08-08,Archer,May,Essendon,INT,1,166,1,8,4,0,1,1,43,3
2025,22.0,2025-08-08,Liam,McMahon,Essendon,FF,6,190,1,0,2,0,4,0,73,8
2025,22.0,2025-08-08,Jayden,Nguyen,Essendon,BPR,0,39,2,14,1,0,2,0,100,5
2025,22.0,2025-08-09,Dion,Prestia,Richmond,C,1,80,0,16,3,1,4,2,78,14
2025,22.0,2025-08-09,Tom,Lynch,Richmond,FF,7,186,1,14,5,0,2,2,50,6
2025,22.0,2025-08-09,Bradley,Hill,St Kilda,WR,3,392,1,11,5,0,3,0,54,13
2025,22.0,2025-08-09,Jack,Macrae,St Kilda,INT,5,119,2,14,3,0,6,0,81,21
2025,22.0,2025-08-09,Nick,Vlastuin,Richmond,BPL,3,442,7,9,5,0,4,0,74,14
2025,22.0,2025-08-09,Zak,Jones,St Kilda,INT,3,168,1,8,2,0,2,0,77,10
2025,22.0,2025-08-09,Mason,Wood,St Kilda,HFFL,4,220,2,5,1,0,2,0,63,12
2025,22.0,2025-08-09,Kamdyn,McIntosh,Richmond,WL,3,295,5,11,3,0,2,0,79,11
2025,22.0,2025-08-09,Jack,Sinclair,St Kilda,HBFR,5,541,3,19,4,1,5,0,83,25
2025,22.0,2025-08-09,Jack,Steele,St Kilda,RR,5,208,3,15,2,2,9,1,88,15
2025,22.0,2025-08-09,Toby,Nankervis,Richmond,RK,1,199,1,15,3,1,6,0,60,9
2025,22.0,2025-08-09,Jayden,Short,Richmond,HBFR,1,379,3,6,2,0,1,0,74,14
2025,22.0,2025-08-09,Jacob,Hopper,Richmond,R,2,157,5,6,3,1,10,1,60,12
2025,22.0,2025-08-09,Nathan,Broad,Richmond,HBFL,1,273,3,5,2,0,1,0,73,11
2025,22.0,2025-08-09,Tim,Taranto,Richmond,RR,5,363,1,11,3,1,8,0,70,16
2025,22.0,2025-08-09,Rowan,Marshall,St Kilda,RK,3,197,1,11,3,1,6,0,52,11
2025,22.0,2025-08-09,Hunter,Clark,St Kilda,HBFL,1,402,3,12,5,0,4,0,77,17
2025,22.0,2025-08-09,Jack,Higgins,St Kilda,FPL,3,143,1,10,1,0,3,1,63,5
2025,22.0,2025-08-09,Noah,Balta,Richmond,INT,3,246,3,8,1,0,5,0,83,10
2025,22.0,2025-08-09,Callum,Wilkie,St Kilda,FB,5,455,9,9,1,0,2,0,97,28
2025,22.0,2025-08-09,Jack,Ross,Richmond,INT,7,440,2,12,2,1,10,0,81,21
2025,22.0,2025-08-09,Liam,Stocker,St Kilda,INT,2,90,5,9,1,0,3,0,73,8
2025,22.0,2025-08-09,Liam,Henry,St Kilda,SUB,1,37,1,3,1,0,0,0,75,3
2025,22.0,2025-08-09,Rhyan,Mansell,Richmond,FPR,6,202,3,21,5,0,6,5,59,10
2025,22.0,2025-08-09,Cooper,Sharman,St Kilda,FPR,4,368,1,5,6,0,1,0,56,9
2025,22.0,2025-08-09,Maurice,Rioli,Richmond,HFFL,2,106,1,20,0,0,4,4,67,6
2025,22.0,2025-08-09,Ben,Miller,Richmond,FB,0,343,7,3,1,0,2,0,93,14
2025,22.0,2025-08-09,Nasiah,Wanganeen-Milera,St Kilda,CHB,7,656,6,10,5,0,6,0,79,26
2025,22.0,2025-08-09,Marcus,Windhager,St Kilda,WL,4,345,3,18,3,1,4,0,78,25
2025,22.0,2025-08-09,Tyler,Sonsie,Richmond,INT,4,353,3,12,5,1,4,0,70,14
2025,22.0,2025-08-09,Anthony,Caminiti,St Kilda,BPR,1,127,2,4,2,0,2,0,78,7
2025,22.0,2025-08-09,Mattaes,Phillipou,St Kilda,INT,0,-4,0,12,0,0,1,2,100,3
2025,22.0,2025-08-09,Tylar,Young,Richmond,BPR,3,531,4,2,4,0,1,0,77,13
2025,22.0,2025-08-09,Sam,Banks,Richmond,CHB,3,404,2,11,4,0,1,0,84,16
2025,22.0,2025-08-09,James,Trezise,Richmond,WR,2,149,0,9,1,0,2,0,90,9
2025,22.0,2025-08-09,Tom,Brown,Richmond,INT,1,141,3,8,1,0,0,0,100,5
2025,22.0,2025-08-09,Seth,Campbell,Richmond,CHF,4,85,2,13,0,0,3,0,33,3
2025,22.0,2025-08-09,Darcy,Wilson,St Kilda,HFFR,3,171,1,11,2,0,3,1,73,8
2025,22.0,2025-08-09,Hugo,Garcia,St Kilda,CHF,3,362,2,22,4,1,6,1,70,14
2025,22.0,2025-08-09,Steely,Green,Richmond,SUB,0,0,0,0,0,0,0,0,0,0
2025,22.0,2025-08-09,Harry,Armstrong,Richmond,FPL,2,124,0,5,5,0,1,0,38,3
2025,22.0,2025-08-09,Max,Hall,St Kilda,R,3,277,2,19,0,0,3,0,86,12
2025,22.0,2025-08-09,Hugh,Boxshall,St Kilda,C,1,19,5,17,2,1,6,1,93,13
2025,22.0,2025-08-09,Alixzander,Tauru,St Kilda,BPL,3,211,7,7,2,0,2,0,88,14
2025,22.0,2025-08-09,Taj,Hotton,Richmond,HFFR,3,47,0,10,3,0,5,1,80,8
2025,22.0,2025-08-09,Max,Heath,St Kilda,FF,1,21,0,3,1,0,1,0,50,1
2025,22.0,2025-08-09,Harry,Cunningham,Sydney,FB,4,98,6,5,0,0,5,0,81,13
2025,22.0,2025-08-09,Dayne,Zorko,Brisbane Lions,BPL,8,670,1,17,4,0,2,0,71,20
2025,22.0,2025-08-09,Dane,Rampe,Sydney,INT,3,343,6,6,4,0,1,0,88,14
2025,22.0,2025-08-09,Brodie,Grundy,Sydney,RK,4,198,2,3,1,1,3,0,71,10
2025,22.0,2025-08-09,Darcy,Gardiner,Brisbane Lions,FB,5,337,6,6,2,0,2,0,83,10
2025,22.0,2025-08-09,Jake,Lloyd,Sydney,WR,5,399,5,7,3,0,5,0,65,13
2025,22.0,2025-08-09,Charlie,Cameron,Brisbane Lions,HFFL,1,94,1,20,2,0,0,0,67,4
2025,22.0,2025-08-09,Isaac,Heeney,Sydney,RR,10,387,2,9,3,2,5,0,78,18
2025,22.0,2025-08-09,Harris,Andrews,Brisbane Lions,CHB,4,230,15,8,1,0,6,0,95,19
2025,22.0,2025-08-09,Callum,Ah Chee,Brisbane Lions,HFFR,6,127,0,7,3,0,4,0,60,9
2025,22.0,2025-08-09,Callum,Mills,Sydney,HBFL,6,422,5,8,3,0,3,0,82,18
2025,22.0,2025-08-09,Tom,Papley,Sydney,HFFL,4,279,1,8,2,0,4,0,40,4
2025,22.0,2025-08-09,Josh,Dunkley,Brisbane Lions,RR,6,450,7,25,6,3,12,0,74,23
2025,22.0,2025-08-09,Eric,Hipwood,Brisbane Lions,CHF,5,305,1,11,7,0,2,1,56,9
2025,22.0,2025-08-09,Oliver,Florent,Sydney,WL,5,233,1,10,4,0,3,0,58,11
2025,22.0,2025-08-09,Jarrod,Berry,Brisbane Lions,WR,5,349,5,16,4,0,3,0,79,15
2025,22.0,2025-08-09,Hugh,McCluggage,Brisbane Lions,C,7,466,3,23,4,2,9,0,63,19
2025,22.0,2025-08-09,Lewis,Melican,Sydney,BPL,2,218,6,10,1,0,4,0,90,9
2025,22.0,2025-08-09,Tom,Doedee,Brisbane Lions,BPR,1,153,2,7,1,0,0,0,90,9
2025,22.0,2025-08-09,Cam,Rayner,Brisbane Lions,FPL,4,376,1,21,5,3,3,0,78,14
2025,22.0,2025-08-09,Zac,Bailey,Brisbane Lions,WL,8,481,4,16,3,1,4,0,59,13
2025,22.0,2025-08-09,Tom,McCartin,Sydney,BPR,3,284,7,6,0,0,4,0,83,15
2025,22.0,2025-08-09,Nick,Blakey,Sydney,CHB,6,674,10,7,6,0,1,0,85,17
2025,22.0,2025-08-09,Justin,McInerney,Sydney,FPL,7,179,2,10,0,0,4,0,95,18
2025,22.0,2025-08-09,James,Rowbottom,Sydney,INT,5,182,2,15,3,0,2,0,88,15
2025,22.0,2025-08-09,Darcy,Fort,Brisbane Lions,RK,6,60,1,10,2,1,3,1,78,7
2025,22.0,2025-08-09,Hayden,McLean,Sydney,FF,6,54,2,8,1,1,3,0,70,7
2025,22.0,2025-08-09,Deven,Robertson,Brisbane Lions,SUB,2,104,0,2,1,0,0,0,83,5
2025,22.0,2025-08-09,Chad,Warner,Sydney,C,5,439,3,19,5,3,10,0,77,20
2025,22.0,2025-08-09,Sam,Wicks,Sydney,HBFR,4,302,3,12,5,0,2,0,61,11
2025,22.0,2025-08-09,James,Jordon,Sydney,HFFR,9,258,0,13,2,2,6,0,90,18
2025,22.0,2025-08-09,Errol,Gulden,Sydney,R,9,497,2,15,5,0,5,0,66,19
2025,22.0,2025-08-09,Braeden,Campbell,Sydney,FPR,4,246,1,17,2,0,1,0,67,6
2025,22.0,2025-08-09,Angus,Sheldrick,Sydney,INT,11,591,2,17,3,0,7,0,69,18
2025,22.0,2025-08-09,Darcy,Wilmot,Brisbane Lions,HBFL,8,435,7,10,3,0,2,0,85,23
2025,22.0,2025-08-09,Will,Ashcroft,Brisbane Lions,R,10,573,0,14,4,4,1,2,71,22
2025,22.0,2025-08-09,Jaspa,Fletcher,Brisbane Lions,HBFR,4,339,4,14,4,2,6,0,76,16
2025,22.0,2025-08-09,Jack,Buller,Sydney,CHF,4,92,0,10,3,0,2,0,90,9
2025,22.0,2025-08-09,Logan,Morris,Brisbane Lions,FF,5,184,0,6,2,0,0,0,83,5
2025,22.0,2025-08-09,Bruce,Reville,Brisbane Lions,INT,4,113,3,11,2,0,1,0,71,5
2025,22.0,2025-08-09,Caiden,Cleary,Sydney,SUB,1,117,2,8,3,0,1,0,63,5
2025,22.0,2025-08-09,Henry,Smith,Brisbane Lions,FPR,1,74,1,4,3,0,2,0,50,1
2025,22.0,2025-08-09,Levi,Ashcroft,Brisbane Lions,INT,4,495,1,22,5,3,10,0,74,20
2025,22.0,2025-08-09,Will,McLachlan,Brisbane Lions,INT,1,107,0,9,1,0,0,0,100,3
2025,22.0,2025-08-09,Sam,Marshall,Brisbane Lions,INT,3,199,0,11,2,1,2,0,64,7
2025,22.0,2025-08-09,Jesse,Dattoli,Sydney,INT,2,38,2,7,3,0,4,1,43,3
2025,22.0,2025-08-09,Nick,Haynes,Carlton,HBFR,0,310,1,14,4,0,1,0,71,10
2025,22.0,2025-08-09,Zac,Williams,Carlton,FPR,5,384,4,11,8,2,8,1,65,11
2025,22.0,2025-08-09,Jarrod,Witts,Gold Coast,RK,6,169,1,6,5,0,4,0,60,9
2025,22.0,2025-08-09,Patrick,Cripps,Carlton,C,5,186,0,23,5,2,6,1,70,19
2025,22.0,2025-08-09,Blake,Acres,Carlton,WL,1,327,5,17,3,0,8,1,40,6
2025,22.0,2025-08-09,Nick,Holman,Gold Coast,INT,1,20,1,5,1,0,1,0,50,2
2025,22.0,2025-08-09,Touk,Miller,Gold Coast,HFFL,10,277,5,19,2,4,12,1,64,16
2025,22.0,2025-08-09,Adam,Saad,Carlton,BPL,2,428,5,15,5,2,3,0,91,20
2025,22.0,2025-08-09,Lachie,Weller,Gold Coast,WL,2,327,3,8,1,0,3,0,85,11
2025,22.0,2025-08-09,Jacob,Weitering,Carlton,FB,1,140,5,4,0,0,1,0,86,6
2025,22.0,2025-08-09,George,Hewett,Carlton,R,2,128,2,18,3,2,6,1,65,15
2025,22.0,2025-08-09,Sam,Collins,Gold Coast,BPR,2,312,13,10,4,0,5,0,71,10
2025,22.0,2025-08-09,Brayden,Fiorini,Gold Coast,WR,6,370,3,16,1,1,2,0,96,21
2025,22.0,2025-08-09,Ben,Ainsworth,Gold Coast,CHF,5,207,3,8,2,0,4,1,50,6
2025,22.0,2025-08-09,Ben,Long,Gold Coast,FPL,8,230,1,5,1,0,2,0,77,10
2025,22.0,2025-08-09,Lewis,Young,Carlton,CHB,0,88,8,7,3,0,4,0,75,6
2025,22.0,2025-08-09,Harry,McKay,Carlton,CHF,6,164,2,7,5,0,3,1,69,9
2025,22.0,2025-08-09,Lachie,Fogarty,Carlton,FPL,4,79,1,9,0,0,4,2,70,7
2025,22.0,2025-08-09,Wil,Powell,Gold Coast,CHB,3,154,5,12,4,0,3,0,73,8
2025,22.0,2025-08-09,Tom,De Koning,Carlton,RK,1,228,3,8,1,3,3,0,67,10
2025,22.0,2025-08-09,Ben,King,Gold Coast,FPR,7,284,1,6,3,0,1,3,89,8
2025,22.0,2025-08-09,John,Noble,Gold Coast,HBFL,5,562,2,10,3,0,3,0,79,19
2025,22.0,2025-08-09,Noah,Anderson,Gold Coast,R,2,343,2,18,4,0,6,3,53,10
2025,22.0,2025-08-09,Connor,Budarick,Gold Coast,INT,4,291,2,15,4,0,4,1,64,9
2025,22.0,2025-08-09,Matt,Rowell,Gold Coast,C,13,519,2,35,4,3,9,0,77,23
2025,22.0,2025-08-09,Jy,Farrar,Gold Coast,FF,2,188,1,12,4,0,0,4,56,5
2025,22.0,2025-08-09,Francis,Evans,Carlton,WR,7,466,2,10,2,0,3,2,81,13
2025,22.0,2025-08-09,Malcolm,Rosas,Gold Coast,SUB,2,65,0,5,0,0,1,0,50,1
2025,22.0,2025-08-09,Joel,Jeffrey,Gold Coast,INT,4,338,1,8,3,0,0,0,86,12
2025,22.0,2025-08-09,Corey,Durdin,Carlton,SUB,1,19,1,5,0,0,2,0,67,2
2025,22.0,2025-08-09,Alex,Davies,Gold Coast,RR,3,320,0,24,2,2,5,0,56,10
2025,22.0,2025-08-09,Jesse,Motlop,Carlton,HFFR,5,266,1,15,5,0,6,2,50,6
2025,22.0,2025-08-09,Mac,Andrew,Gold Coast,FB,0,218,9,9,3,0,3,0,81,13
2025,22.0,2025-08-09,Lachlan,Cowan,Carlton,HBFL,2,453,3,8,3,0,4,0,82,18
2025,22.0,2025-08-09,Oliver,Hollands,Carlton,HFFL,4,626,7,10,9,0,9,0,69,20
2025,22.0,2025-08-09,Bodhi,Uwland,Gold Coast,BPL,4,231,3,12,2,0,3,0,81,13
2025,22.0,2025-08-09,Bailey,Humphrey,Gold Coast,HFFR,3,231,1,19,3,1,8,1,64,9
2025,22.0,2025-08-09,Ethan,Read,Gold Coast,INT,3,137,3,9,3,0,3,1,78,7
2025,22.0,2025-08-09,Ashton,Moir,Carlton,INT,2,57,1,10,2,0,4,0,67,6
2025,22.0,2025-08-09,Cooper,Lord,Carlton,RR,7,431,0,18,2,1,5,3,58,14
2025,22.0,2025-08-09,Will,White,Carlton,INT,0,161,1,12,2,0,1,0,40,2
2025,22.0,2025-08-09,Matthew,Carroll,Carlton,INT,2,303,3,1,1,0,1,0,75,9
2025,22.0,2025-08-09,Hudson,O'Keeffe,Carlton,FF,2,38,0,6,1,0,0,0,50,2
2025,22.0,2025-08-09,Billy,Wilson,Carlton,BPR,3,163,6,13,1,0,3,0,100,9
2025,22.0,2025-08-09,Flynn,Young,Carlton,INT,1,214,0,13,1,0,1,0,78,7
2025,22.0,2025-08-09,Oscar,Adams,Gold Coast,HBFR,0,90,4,3,1,0,1,0,40,2
2025,22.0,2025-08-09,Travis,Boak,Port Adelaide,RR,3,239,2,14,1,0,3,0,91,20
2025,22.0,2025-08-09,Nat,Fyfe,Fremantle,SUB,3,116,1,2,0,2,4,0,100,7
2025,22.0,2025-08-09,Jaeger,O'Meara,Fremantle,INT,6,542,2,12,8,2,6,0,73,19
2025,22.0,2025-08-09,Ollie,Wines,Port Adelaide,INT,6,348,5,17,4,1,6,0,68,17
2025,22.0,2025-08-09,Alex,Pearce,Fremantle,BPR,3,77,3,7,1,0,2,0,100,9
2025,22.0,2025-08-09,Darcy,Byrne-Jones,Port Adelaide,INT,1,210,11,17,4,0,5,0,74,14
2025,22.0,2025-08-09,Aliir,Aliir,Port Adelaide,FB,5,412,12,9,3,0,3,0,96,21
2025,22.0,2025-08-09,Shai,Bolton,Fremantle,HFFR,11,213,3,9,3,1,7,1,53,10
2025,22.0,2025-08-09,Luke,Ryan,Fremantle,BPL,2,372,6,7,2,0,1,0,88,15
2025,22.0,2025-08-09,Brennan,Cox,Fremantle,FB,1,168,2,5,2,0,2,0,71,5
2025,22.0,2025-08-09,Sean,Darcy,Fremantle,RK,1,317,4,7,3,2,4,1,80,12
2025,22.0,2025-08-09,Bailey,Banfield,Fremantle,INT,4,281,7,10,7,0,6,0,60,9
2025,22.0,2025-08-09,Andrew,Brayshaw,Fremantle,R,4,168,2,23,1,4,8,1,78,18
2025,22.0,2025-08-09,Willie,Rioli,Port Adelaide,HFFL,4,122,2,7,0,0,5,2,63,5
2025,22.0,2025-08-09,Kane,Farrell,Port Adelaide,CHB,1,588,3,9,6,0,2,0,80,20
2025,22.0,2025-08-09,Sam,Switkowski,Fremantle,HFFL,5,124,0,17,2,1,2,2,58,7
2025,22.0,2025-08-09,Jordan,Clark,Fremantle,HBFR,5,321,5,8,3,0,5,0,85,17
2025,22.0,2025-08-09,Zak,Butters,Port Adelaide,R,8,660,0,18,5,5,3,1,76,22
2025,22.0,2025-08-09,Willem,Drew,Port Adelaide,C,6,199,1,26,2,1,3,2,65,11
2025,22.0,2025-08-09,Connor,Rozee,Port Adelaide,HBFL,4,67,1,26,0,0,5,2,74,14
2025,22.0,2025-08-09,Jack,Lukosius,Port Adelaide,CHF,4,218,1,1,3,0,3,0,89,8
2025,22.0,2025-08-09,Brandon,Zerk-Thatcher,Port Adelaide,BPL,2,204,3,8,2,0,1,0,82,9
2025,22.0,2025-08-09,Mitch,Georgiades,Port Adelaide,FF,5,266,0,3,7,0,0,0,58,7
2025,22.0,2025-08-09,Luke,Jackson,Fremantle,C,5,257,3,13,5,0,3,0,70,16
2025,22.0,2025-08-09,Caleb,Serong,Fremantle,RR,5,617,6,20,7,6,11,1,68,19
2025,22.0,2025-08-09,Michael,Frederick,Fremantle,FPL,8,452,1,7,3,0,2,0,71,12
2025,22.0,2025-08-09,Heath,Chapman,Fremantle,HBFL,1,258,2,8,4,0,1,0,90,9
2025,22.0,2025-08-09,Josh,Treacy,Fremantle,FF,4,131,2,9,3,0,4,1,80,8
2025,22.0,2025-08-09,Jordon,Sweet,Port Adelaide,RK,6,271,1,15,4,2,1,0,57,8
2025,22.0,2025-08-09,Jed,McEntee,Port Adelaide,HFFR,6,184,2,20,3,0,6,2,50,6
2025,22.0,2025-08-09,Jackson,Mead,Port Adelaide,HBFR,0,190,5,9,4,0,4,1,57,8
2025,22.0,2025-08-09,Josh,Sinn,Port Adelaide,BPR,1,310,4,4,3,0,2,0,77,13
2025,22.0,2025-08-09,Nathan,O'Driscoll,Fremantle,WR,2,156,4,16,4,0,6,0,67,8
2025,22.0,2025-08-09,Neil,Erasmus,Fremantle,WL,4,395,6,11,1,1,11,0,85,22
2025,22.0,2025-08-09,Jye,Amiss,Fremantle,FPR,1,54,0,3,0,0,2,0,60,3
2025,22.0,2025-08-09,Ollie,Lord,Port Adelaide,FPL,0,-14,3,2,1,0,1,0,83,5
2025,22.0,2025-08-09,Karl,Worner,Fremantle,CHB,5,391,4,3,3,0,1,0,80,12
2025,22.0,2025-08-09,Patrick,Voss,Fremantle,CHF,6,236,1,4,3,0,2,0,90,9
2025,22.0,2025-08-09,Joe,Richards,Port Adelaide,WL,6,234,2,8,2,0,3,0,69,9
2025,22.0,2025-08-09,Will,Lorenz,Port Adelaide,INT,4,321,5,19,4,0,7,0,60,12
2025,22.0,2025-08-09,Murphy,Reid,Fremantle,INT,5,112,0,15,2,0,3,0,79,11
2025,22.0,2025-08-09,Joe,Berry,Port Adelaide,INT,3,66,1,13,3,0,4,1,69,9
2025,22.0,2025-08-09,Christian,Moraes,Port Adelaide,SUB,0,-6,0,5,0,0,1,0,100,1
2025,22.0,2025-08-09,Isaiah,Dudley,Fremantle,INT,1,19,0,3,2,0,0,0,50,1
2025,22.0,2025-08-09,Mani,Liddy,Port Adelaide,WR,3,315,5,11,1,0,3,0,63,10
2025,22.0,2025-08-09,Jack,Whitlock,Port Adelaide,FPR,4,74,0,13,2,1,2,0,43,3
2025,22.0,2025-08-10,Jack,Darling,North Melbourne,FF,8,167,0,9,1,0,3,2,67,6
2025,22.0,2025-08-10,Luke,Parker,North Melbourne,INT,4,587,1,10,7,2,8,1,69,20
2025,22.0,2025-08-10,Stephen,Coniglio,Greater Western Sydney,WL,7,351,1,9,3,3,5,0,67,14
2025,22.0,2025-08-10,Toby,Greene,Greater Western Sydney,FPL,14,590,1,17,3,1,4,1,74,17
2025,22.0,2025-08-10,Lachie,Whitfield,Greater Western Sydney,HBFL,7,390,4,11,4,0,2,0,82,22
2025,22.0,2025-08-10,Jake,Stringer,Greater Western Sydney,FPR,7,189,0,6,4,0,3,0,70,7
2025,22.0,2025-08-10,Caleb,Daniel,North Melbourne,CHB,5,419,4,6,3,0,2,0,83,19
2025,22.0,2025-08-10,Harry,Himmelberg,Greater Western Sydney,BPR,5,263,11,4,3,0,3,0,79,19
2025,22.0,2025-08-10,Griffin,Logue,North Melbourne,BPR,2,119,8,13,2,0,2,0,62,8
2025,22.0,2025-08-10,Cameron,Zurhaar,North Melbourne,FPR,3,211,1,15,4,0,3,3,50,5
2025,22.0,2025-08-10,Luke,Davies-Uniacke,North Melbourne,C,7,486,0,33,2,6,7,0,85,17
2025,22.0,2025-08-10,Sam,Taylor,Greater Western Sydney,FB,1,178,9,3,2,0,4,0,92,12
2025,22.0,2025-08-10,Bailey,Scott,North Melbourne,SUB,1,91,0,11,0,0,2,0,50,3
2025,22.0,2025-08-10,Connor,Idun,Greater Western Sydney,BPL,3,319,4,10,4,0,2,0,94,16
2025,22.0,2025-08-10,Tom,Green,Greater Western Sydney,R,14,439,2,21,2,3,12,0,76,19
2025,22.0,2025-08-10,Toby,Bedford,Greater Western Sydney,HFFL,7,355,2,10,2,1,5,2,60,9
2025,22.0,2025-08-10,Lachie,Ash,Greater Western Sydney,HBFR,4,295,1,5,2,0,2,0,77,10
2025,22.0,2025-08-10,Tristan,Xerri,North Melbourne,RK,2,37,0,13,0,2,4,0,73,8
2025,22.0,2025-08-10,Dylan,Stephens,North Melbourne,WL,4,299,1,17,3,0,2,0,79,11
2025,22.0,2025-08-10,Xavier,O'Halloran,Greater Western Sydney,C,6,396,1,24,2,2,4,2,78,18
2025,22.0,2025-08-10,Jake,Riccardi,Greater Western Sydney,FF,2,51,0,5,1,0,1,1,75,6
2025,22.0,2025-08-10,Tom,Powell,North Melbourne,HFFR,4,242,1,14,3,0,1,1,55,6
2025,22.0,2025-08-10,Kieren,Briggs,Greater Western Sydney,RK,6,173,1,17,1,0,4,0,75,6
2025,22.0,2025-08-10,Callum,Brown,Greater Western Sydney,INT,5,172,0,6,0,0,1,1,88,7
2025,22.0,2025-08-10,Charlie,Comben,North Melbourne,BPL,2,291,7,8,3,0,2,0,86,12
2025,22.0,2025-08-10,Finn,Callaghan,Greater Western Sydney,RR,10,363,3,17,5,3,12,0,68,21
2025,22.0,2025-08-10,Brynn,Teakle,North Melbourne,INT,1,46,1,12,1,0,0,2,75,3
2025,22.0,2025-08-10,Ryan,Angwin,Greater Western Sydney,WR,6,143,3,16,0,0,6,0,86,12
2025,22.0,2025-08-10,Leek,Aleer,Greater Western Sydney,CHB,1,49,1,5,1,0,1,0,80,4
2025,22.0,2025-08-10,Harry,Sheezel,North Melbourne,FPL,5,393,4,20,5,4,10,1,77,24
2025,22.0,2025-08-10,Harry,Rowston,Greater Western Sydney,SUB,3,140,1,8,1,0,3,0,86,6
2025,22.0,2025-08-10,Aaron,Cadman,Greater Western Sydney,CHF,8,183,1,11,1,0,2,1,92,11
2025,22.0,2025-08-10,George,Wardlaw,North Melbourne,R,6,287,5,27,3,3,10,0,72,13
2025,22.0,2025-08-10,Cooper,Harvey,North Melbourne,INT,4,116,0,8,0,1,1,1,100,9
2025,22.0,2025-08-10,Harvey,Thomas,Greater Western Sydney,INT,7,409,3,14,3,1,4,0,90,17
2025,22.0,2025-08-10,Zane,Duursma,North Melbourne,INT,1,238,3,5,1,0,2,0,88,7
2025,22.0,2025-08-10,Colby,McKercher,North Melbourne,WR,6,625,3,10,4,0,3,0,93,25
2025,22.0,2025-08-10,Toby,Pink,North Melbourne,FB,2,41,1,4,1,0,0,0,80,4
2025,22.0,2025-08-10,Darcy,Jones,Greater Western Sydney,HFFR,5,315,2,15,3,0,3,1,61,11
2025,22.0,2025-08-10,Riley,Hardeman,North Melbourne,HBFL,0,56,0,0,1,0,0,0,100,2
2025,22.0,2025-08-10,Max,Gruzewski,Greater Western Sydney,INT,5,141,0,5,0,0,1,1,38,3
2025,22.0,2025-08-10,Joe,Fonti,Greater Western Sydney,INT,2,232,2,8,2,0,4,0,78,7
2025,22.0,2025-08-10,Jacob,Konstanty,North Melbourne,HFFL,1,42,3,17,4,0,2,2,50,3
2025,22.0,2025-08-10,Finn,O'Sullivan,North Melbourne,HBFR,2,269,4,11,2,0,3,0,87,13
2025,22.0,2025-08-10,Geordie,Payne,North Melbourne,RR,3,15,2,18,3,0,4,2,67,4
2025,22.0,2025-08-10,Cooper,Trembath,North Melbourne,CHF,4,120,1,5,0,0,2,1,67,4
2025,22.0,2025-08-10,Jake,Melksham,Melbourne,FPL,5,211,0,5,7,0,4,0,67,10
2025,22.0,2025-08-10,Tom,Liberatore,Western Bulldogs,R,5,207,2,38,0,3,7,3,75,18
2025,22.0,2025-08-10,Max,Gawn,Melbourne,RK,8,249,4,8,1,2,3,0,74,17
2025,22.0,2025-08-10,Tom,McDonald,Melbourne,FB,1,151,8,10,3,0,5,0,80,12
2025,22.0,2025-08-10,Jason,Johannisen,Western Bulldogs,HBFR,4,374,2,12,4,0,2,0,75,12
2025,22.0,2025-08-10,Jack,Viney,Melbourne,RR,1,226,3,23,4,0,9,0,67,12
2025,22.0,2025-08-10,Marcus,Bontempelli,Western Bulldogs,RR,9,685,2,26,6,1,5,0,76,25
2025,22.0,2025-08-10,Christian,Salem,Melbourne,INT,2,429,2,13,3,0,1,0,96,23
2025,22.0,2025-08-10,Rory,Lobb,Western Bulldogs,CHB,1,136,4,17,0,0,1,0,71,5
2025,22.0,2025-08-10,Bailey,Dale,Western Bulldogs,WR,5,537,8,16,2,1,6,0,87,26
2025,22.0,2025-08-10,Ed,Langdon,Melbourne,R,3,251,0,16,2,1,5,0,78,14
2025,22.0,2025-08-10,Clayton,Oliver,Melbourne,INT,8,250,3,24,4,1,7,1,63,17
2025,22.0,2025-08-10,Christian,Petracca,Melbourne,C,10,192,1,17,2,2,5,1,65,15
2025,22.0,2025-08-10,Bailey,Williams,Western Bulldogs,HFFL,6,427,6,6,4,0,4,0,75,15
2025,22.0,2025-08-10,Matthew,Kennedy,Western Bulldogs,HFFR,8,429,2,21,3,3,8,2,63,15
2025,22.0,2025-08-10,Tim,English,Western Bulldogs,RK,7,247,3,15,0,1,5,1,72,13
2025,22.0,2025-08-10,Aaron,Naughton,Western Bulldogs,CHF,9,288,0,8,4,0,3,1,65,11
2025,22.0,2025-08-10,Bayley,Fritsch,Melbourne,CHF,11,334,1,7,1,0,3,1,50,7
2025,22.0,2025-08-10,Ed,Richards,Western Bulldogs,C,15,524,4,23,4,7,14,0,84,26
2025,22.0,2025-08-10,Harrison,Petty,Melbourne,INT,7,286,0,10,0,0,1,1,93,14
2025,22.0,2025-08-10,Tom,Sparrow,Melbourne,INT,1,75,3,15,0,0,4,1,88,7
2025,22.0,2025-08-10,Oskar,Baker,Western Bulldogs,WL,6,330,1,12,4,0,5,1,76,16
2025,22.0,2025-08-10,Rhylee,West,Western Bulldogs,FPR,7,265,1,16,1,0,3,1,55,6
2025,22.0,2025-08-10,Kade,Chandler,Melbourne,HFFR,5,146,0,20,2,0,0,3,80,8
2025,22.0,2025-08-10,Kysaiah,Pickett,Melbourne,FPR,7,535,1,21,5,1,3,1,50,11
2025,22.0,2025-08-10,Trent,Rivers,Melbourne,BPR,4,625,6,8,5,0,5,0,73,16
2025,22.0,2025-08-10,Laitham,Vandermeer,Western Bulldogs,FPL,6,164,0,5,3,0,0,0,55,6
2025,22.0,2025-08-10,Lachlan,McNeil,Western Bulldogs,INT,3,81,0,11,2,1,4,1,86,6
2025,22.0,2025-08-10,Caleb,Poulter,Western Bulldogs,INT,3,80,0,13,1,1,5,1,80,8
2025,22.0,2025-08-10,Riley,Garcia,Western Bulldogs,SUB,4,140,0,6,1,0,3,0,57,4
2025,22.0,2025-08-10,Lachlan,Bramble,Western Bulldogs,BPL,3,250,3,9,1,0,0,0,94,16
2025,22.0,2025-08-10,Jake,Bowey,Melbourne,BPL,3,317,4,17,3,0,6,0,86,18
2025,22.0,2025-08-10,Luke,Cleary,Western Bulldogs,HBFL,8,258,4,4,1,0,4,0,93,13
2025,22.0,2025-08-10,Daniel,Turner,Melbourne,CHB,3,86,7,6,2,0,2,0,88,14
2025,22.0,2025-08-10,Jai,Culley,Melbourne,WL,4,239,2,16,1,2,5,0,75,12
2025,22.0,2025-08-10,Sam,Darcy,Western Bulldogs,FF,9,237,1,10,8,0,3,0,72,13
2025,22.0,2025-08-10,Judd,McVee,Melbourne,HBFL,3,298,3,9,3,0,7,0,82,14
2025,22.0,2025-08-10,Jacob,van Rooyen,Melbourne,FF,6,408,0,6,2,0,1,1,73,8
2025,22.0,2025-08-10,James,O'Donnell,Western Bulldogs,BPR,2,183,6,8,1,0,4,0,90,9
2025,22.0,2025-08-10,Blake,Howes,Melbourne,SUB,1,140,2,4,1,0,0,0,80,4
2025,22.0,2025-08-10,Caleb,Windsor,Melbourne,WR,4,320,3,18,6,1,4,0,57,12
2025,22.0,2025-08-10,Ryley,Sanders,Western Bulldogs,INT,1,74,1,11,3,0,3,1,75,9
2025,22.0,2025-08-10,Joel,Freijah,Western Bulldogs,FB,13,285,5,20,4,1,8,1,64,14
2025,22.0,2025-08-10,Harvey,Langford,Melbourne,HFFL,8,214,3,13,1,0,4,0,79,11
2025,22.0,2025-08-10,Jedd,Busslinger,Western Bulldogs,INT,1,121,3,5,2,0,1,0,75,6
2025,22.0,2025-08-10,Jed,Adams,Melbourne,HBFR,2,97,3,16,0,0,2,0,100,5
2025,22.0,2025-08-10,Jamie,Cripps,West Coast,FPR,5,162,1,8,5,0,2,2,58,7
2025,22.0,2025-08-10,Rory,Laird,Adelaide,HBFR,2,320,5,9,3,1,6,0,84,21
2025,22.0,2025-08-10,Liam,Duggan,West Coast,HBFR,2,404,4,10,3,0,1,0,81,13
2025,22.0,2025-08-10,Alex,Neal-Bullen,Adelaide,HFFR,3,273,3,15,3,0,3,0,54,7
2025,22.0,2025-08-10,Wayne,Milera,Adelaide,HBFL,3,174,3,7,0,0,5,0,89,16
2025,22.0,2025-08-10,Ben,Keays,Adelaide,HFFL,2,87,0,16,2,0,3,0,38,3
2025,22.0,2025-08-10,Tom,Cole,West Coast,INT,2,213,3,13,3,0,1,0,86,12
2025,22.0,2025-08-10,Reilly,O'Brien,Adelaide,RK,3,133,3,7,3,1,4,0,71,12
2025,22.0,2025-08-10,Jordan,Dawson,Adelaide,C,5,638,1,32,5,2,4,3,73,19
2025,22.0,2025-08-10,Jack,Graham,West Coast,WR,1,236,2,28,4,0,3,0,71,10
2025,22.0,2025-08-10,Darcy,Fogarty,Adelaide,FF,5,68,0,13,3,0,3,1,64,7
2025,22.0,2025-08-10,Tim,Kelly,West Coast,C,6,332,2,23,5,5,10,0,64,16
2025,22.0,2025-08-10,Liam,Ryan,West Coast,FPL,4,279,2,15,2,0,2,2,58,7
2025,22.0,2025-08-10,Isaac,Cumming,Adelaide,WL,3,429,5,17,7,1,6,0,62,13
2025,22.0,2025-08-10,Liam,Baker,West Coast,HFFL,4,367,7,11,4,0,6,0,71,10
2025,22.0,2025-08-10,Chayce,Jones,Adelaide,SUB,0,51,0,6,2,0,0,0,0,0
2025,22.0,2025-08-10,Chris,Burgess,Adelaide,FPR,2,218,2,10,2,0,2,2,50,5
2025,22.0,2025-08-10,Mitchell,Hinge,Adelaide,INT,3,315,4,6,0,0,2,0,94,15
2025,22.0,2025-08-10,Izak,Rankine,Adelaide,FPL,6,539,6,13,8,2,5,0,57,13
2025,22.0,2025-08-10,Mark,Keane,Adelaide,CHB,2,188,11,6,3,0,6,0,71,12
2025,22.0,2025-08-10,Matthew,Owies,West Coast,SUB,0,39,1,9,1,0,1,1,33,1
2025,22.0,2025-08-10,Sam,Berry,Adelaide,INT,1,233,2,10,1,3,4,0,69,9
2025,22.0,2025-08-10,Tyler,Brockman,West Coast,INT,3,149,2,14,2,0,3,0,82,9
2025,22.0,2025-08-10,Matt,Flynn,West Coast,RK,3,167,4,11,3,3,4,0,50,6
2025,22.0,2025-08-10,Nick,Murray,Adelaide,FB,1,147,3,6,3,0,1,0,64,7
2025,22.0,2025-08-10,Riley,Thilthorpe,Adelaide,CHF,6,215,3,5,5,1,7,0,60,9
2025,22.0,2025-08-10,Josh,Worrell,Adelaide,BPL,1,288,6,5,5,0,1,0,87,13
2025,22.0,2025-08-10,Luke,Pedlar,Adelaide,INT,5,126,1,10,1,0,2,2,63,5
2025,22.0,2025-08-10,James,Peatling,Adelaide,RR,2,68,1,4,2,2,3,0,70,7
2025,22.0,2025-08-10,Jake,Soligo,Adelaide,R,7,340,0,19,5,3,8,0,64,14
2025,22.0,2025-08-10,Brady,Hough,West Coast,RR,2,193,6,10,3,0,4,0,61,11
2025,22.0,2025-08-10,Rhett,Bazzo,West Coast,BPL,1,147,4,1,2,0,3,0,100,8
2025,22.0,2025-08-10,Reuben,Ginbey,West Coast,CHB,0,159,7,9,1,0,4,0,73,8
2025,22.0,2025-08-10,Campbell,Chesser,West Coast,WL,5,335,4,7,3,0,2,1,46,6
2025,22.0,2025-08-10,Elijah,Hewett,West Coast,R,5,207,3,18,5,0,6,1,63,12
2025,22.0,2025-08-10,Ryan,Maric,West Coast,BPR,2,245,2,6,3,0,4,0,63,10
2025,22.0,2025-08-10,Daniel,Curtin,Adelaide,WR,1,155,0,16,3,1,0,0,88,7
2025,22.0,2025-08-10,Zac,Taylor,Adelaide,INT,6,207,5,13,6,1,7,2,70,14
2025,22.0,2025-08-10,Hugh,Bond,Adelaide,BPR,1,46,4,9,1,0,5,0,91,10
2025,22.0,2025-08-10,Clay,Hall,West Coast,INT,1,180,4,14,3,0,9,1,69,11
2025,22.0,2025-08-10,Archer,Reid,West Coast,FF,3,81,1,8,2,0,0,0,100,4
2025,22.0,2025-08-10,Sandy,Brock,West Coast,FB,1,250,9,7,2,0,4,0,75,9
2025,22.0,2025-08-10,Hamish,Davis,West Coast,INT,1,191,1,17,3,0,6,2,62,8
2025,22.0,2025-08-10,Tom,Gross,West Coast,HFFR,1,5,0,8,0,0,0,0,100,1
2025,22.0,2025-08-10,Tom,McCarthy,West Coast,HBFL,3,627,4,15,7,0,6,0,62,18
2025,22.0,2025-08-10,Jobe,Shanahan,West Coast,CHF,5,164,0,6,2,0,1,1,50,3
2025,23.0,2025-08-15,Todd,Goldstein,Essendon,RK,5,84,2,10,1,1,3,0,86,12
2025,23.0,2025-08-15,Bradley,Hill,St Kilda,WR,5,129,6,9,3,0,7,0,86,19
2025,23.0,2025-08-15,Jack,Macrae,St Kilda,INT,3,121,3,17,4,1,9,0,77,13
2025,23.0,2025-08-15,Zak,Jones,St Kilda,INT,1,272,1,11,4,1,2,1,77,13
2025,23.0,2025-08-15,Mason,Wood,St Kilda,HFFL,5,136,3,7,2,0,2,0,75,6
2025,23.0,2025-08-15,Jack,Sinclair,St Kilda,HBFR,3,468,7,4,1,0,6,0,87,20
2025,23.0,2025-08-15,Kyle,Langford,Essendon,HFFL,6,372,1,9,3,1,4,0,67,10
2025,23.0,2025-08-15,Peter,Wright,Essendon,CHF,4,147,1,8,4,1,2,0,60,6
2025,23.0,2025-08-15,Jack,Steele,St Kilda,RR,6,264,3,27,3,2,9,0,74,20
2025,23.0,2025-08-15,Jayden,Laverde,Essendon,FB,0,232,5,2,3,0,2,0,77,10
2025,23.0,2025-08-15,Jade,Gresham,Essendon,HFFR,1,-7,1,20,2,0,1,0,58,7
2025,23.0,2025-08-15,Mason,Redman,Essendon,HBFL,2,796,9,5,2,0,4,0,89,32
2025,23.0,2025-08-15,Andrew,McGrath,Essendon,BPL,9,281,3,25,2,2,8,0,83,29
2025,23.0,2025-08-15,Rowan,Marshall,St Kilda,RK,8,352,5,15,4,0,1,0,61,11
2025,23.0,2025-08-15,Jack,Higgins,St Kilda,FPL,3,110,0,14,1,0,1,2,75,3
2025,23.0,2025-08-15,Matt,Guelfi,Essendon,FPL,4,67,2,10,3,0,4,0,50,4
2025,23.0,2025-08-15,Xavier,Duursma,Essendon,WL,4,325,6,11,4,0,4,0,75,18
2025,23.0,2025-08-15,Callum,Wilkie,St Kilda,FB,0,220,3,7,2,0,0,0,70,7
2025,23.0,2025-08-15,Liam,Stocker,St Kilda,HBFL,1,98,4,8,2,0,2,0,80,8
2025,23.0,2025-08-15,Jaxon,Prior,Essendon,INT,2,440,2,5,2,0,3,1,90,18
2025,23.0,2025-08-15,Archie,Perkins,Essendon,RR,3,176,0,12,4,0,1,1,85,11
2025,23.0,2025-08-15,Sam,Durham,Essendon,C,8,404,4,18,2,1,8,0,75,21
2025,23.0,2025-08-15,Cooper,Sharman,St Kilda,FPR,7,324,2,11,4,0,4,2,71,12
2025,23.0,2025-08-15,Nasiah,Wanganeen-Milera,St Kilda,CHB,6,577,3,14,4,4,7,1,75,18
2025,23.0,2025-08-15,Marcus,Windhager,St Kilda,WL,5,432,3,13,3,0,6,1,89,23
2025,23.0,2025-08-15,Ben,Hobbs,Essendon,INT,4,136,1,20,1,0,3,0,64,9
2025,23.0,2025-08-15,Jye,Menzie,Essendon,WR,6,121,2,13,0,0,4,4,73,8
2025,23.0,2025-08-15,Anthony,Caminiti,St Kilda,BPR,0,86,0,5,0,0,0,0,67,4
2025,23.0,2025-08-15,Mattaes,Phillipou,St Kilda,INT,0,79,0,13,2,0,0,1,50,2
2025,23.0,2025-08-15,Lance,Collard,St Kilda,SUB,1,72,1,6,2,0,1,2,75,3
2025,23.0,2025-08-15,Darcy,Wilson,St Kilda,HFFR,3,384,1,16,4,0,3,0,71,10
2025,23.0,2025-08-15,Hugo,Garcia,St Kilda,CHF,4,298,0,25,3,1,6,3,50,10
2025,23.0,2025-08-15,Archie,Roberts,Essendon,HBFR,7,688,4,8,8,1,5,0,67,18
2025,23.0,2025-08-15,Isaac,Kako,Essendon,FPR,5,130,0,21,2,1,3,1,67,8
2025,23.0,2025-08-15,Max,Hall,St Kilda,R,6,319,2,18,3,1,6,1,70,14
2025,23.0,2025-08-15,Saad,El-Hawli,Essendon,SUB,1,204,3,8,1,0,1,0,88,7
2025,23.0,2025-08-15,Tobie,Travaglia,St Kilda,INT,1,165,2,7,2,0,1,0,75,6
2025,23.0,2025-08-15,Hugh,Boxshall,St Kilda,C,4,185,3,5,4,0,4,1,56,9
2025,23.0,2025-08-15,Angus,Clarke,Essendon,R,1,280,2,13,4,0,1,0,78,14
2025,23.0,2025-08-15,Luamon,Lual,Essendon,INT,2,124,2,14,0,0,1,0,70,7
2025,23.0,2025-08-15,Lachlan,Blakiston,Essendon,CHB,4,335,8,7,1,0,6,0,64,9
2025,23.0,2025-08-15,Alixzander,Tauru,St Kilda,BPL,0,126,3,5,3,0,3,0,88,7
2025,23.0,2025-08-15,Liam,McMahon,Essendon,FF,3,45,1,2,2,0,4,0,100,8
2025,23.0,2025-08-15,Jayden,Nguyen,Essendon,BPR,3,27,2,1,1,0,2,0,90,9
2025,23.0,2025-08-15,Rhys,Unwin,Essendon,INT,3,131,1,11,2,0,2,2,67,6
2025,23.0,2025-08-15,Alex,Dodson,St Kilda,FF,2,75,1,3,1,0,0,0,75,6
2025,23.0,2025-08-15,Nat,Fyfe,Fremantle,SUB,0,125,1,4,3,1,2,0,63,5
2025,23.0,2025-08-15,Ryan,Lester,Brisbane Lions,BPR,5,352,6,8,3,0,3,0,82,14
2025,23.0,2025-08-15,Sam,Day,Brisbane Lions,FPR,2,147,2,4,2,0,1,0,63,5
2025,23.0,2025-08-15,Dayne,Zorko,Brisbane Lions,BPL,6,549,1,13,2,0,3,1,89,24
2025,23.0,2025-08-15,Jaeger,O'Meara,Fremantle,INT,3,157,3,11,2,0,5,0,75,9
2025,23.0,2025-08-15,Darcy,Gardiner,Brisbane Lions,FB,1,98,3,6,3,0,3,0,69,9
2025,23.0,2025-08-15,Charlie,Cameron,Brisbane Lions,HFFL,6,201,1,6,6,0,4,2,62,8
2025,23.0,2025-08-15,Harris,Andrews,Brisbane Lions,CHB,7,236,7,5,2,0,1,0,88,15
2025,23.0,2025-08-15,Alex,Pearce,Fremantle,BPR,2,133,8,4,2,0,3,0,69,9
2025,23.0,2025-08-15,Callum,Ah Chee,Brisbane Lions,HFFR,7,174,2,5,1,0,2,0,86,12
2025,23.0,2025-08-15,Josh,Dunkley,Brisbane Lions,RR,7,206,2,21,4,0,10,0,88,21
2025,23.0,2025-08-15,Corey,Wagner,Fremantle,INT,3,174,2,7,2,3,5,1,73,8
2025,23.0,2025-08-15,Eric,Hipwood,Brisbane Lions,CHF,1,69,0,7,1,0,0,1,100,3
2025,23.0,2025-08-15,Jarrod,Berry,Brisbane Lions,WR,3,358,7,14,3,0,7,0,90,18
2025,23.0,2025-08-15,Hugh,McCluggage,Brisbane Lions,C,4,425,0,17,4,3,9,0,71,20
2025,23.0,2025-08-15,Shai,Bolton,Fremantle,HFFR,4,214,1,12,3,1,4,1,56,5
2025,23.0,2025-08-15,Luke,Ryan,Fremantle,BPL,1,470,2,6,2,0,1,0,94,17
2025,23.0,2025-08-15,Brennan,Cox,Fremantle,FB,0,116,3,3,0,0,0,0,75,6
2025,23.0,2025-08-15,Sean,Darcy,Fremantle,RK,3,148,1,4,4,4,2,0,50,6
2025,23.0,2025-08-15,Cam,Rayner,Brisbane Lions,FPL,5,200,1,13,2,1,1,0,85,11
2025,23.0,2025-08-15,Bailey,Banfield,Fremantle,INT,0,156,6,11,3,0,5,0,73,11
2025,23.0,2025-08-15,Andrew,Brayshaw,Fremantle,R,3,387,6,18,6,1,5,0,68,15
2025,23.0,2025-08-15,Zac,Bailey,Brisbane Lions,R,10,443,4,15,2,1,7,2,71,20
2025,23.0,2025-08-15,Brandon,Starcevich,Brisbane Lions,HBFR,2,251,3,10,2,0,2,0,92,12
2025,23.0,2025-08-15,Sam,Switkowski,Fremantle,HFFL,3,145,1,12,2,0,2,0,56,5
2025,23.0,2025-08-15,Jordan,Clark,Fremantle,HBFR,2,583,9,13,8,0,5,0,67,16
2025,23.0,2025-08-15,Darcy,Fort,Brisbane Lions,RK,3,175,2,20,3,1,4,0,69,9
2025,23.0,2025-08-15,Luke,Jackson,Fremantle,C,5,203,2,13,3,0,0,1,55,6
2025,23.0,2025-08-15,Caleb,Serong,Fremantle,RR,6,408,3,27,4,4,12,0,73,19
2025,23.0,2025-08-15,Michael,Frederick,Fremantle,FPL,3,345,1,12,3,0,3,0,69,9
2025,23.0,2025-08-15,Heath,Chapman,Fremantle,HBFL,1,158,2,11,3,0,1,0,86,6
2025,23.0,2025-08-15,Josh,Treacy,Fremantle,FF,7,332,2,8,5,0,4,1,54,7
2025,23.0,2025-08-15,Nathan,O'Driscoll,Fremantle,WR,1,112,1,11,3,0,1,0,60,3
2025,23.0,2025-08-15,Neil,Erasmus,Fremantle,WL,5,185,4,12,2,0,4,0,65,11
2025,23.0,2025-08-15,Jye,Amiss,Fremantle,FPR,2,61,1,2,0,0,0,0,67,2
2025,23.0,2025-08-15,Darcy,Wilmot,Brisbane Lions,HBFL,6,399,10,5,2,0,5,0,86,18
2025,23.0,2025-08-15,Will,Ashcroft,Brisbane Lions,INT,4,220,1,14,5,0,6,0,65,15
2025,23.0,2025-08-15,Jaspa,Fletcher,Brisbane Lions,INT,2,256,7,13,4,0,5,0,81,26
2025,23.0,2025-08-15,Karl,Worner,Fremantle,CHB,0,177,4,9,3,0,4,0,85,11
2025,23.0,2025-08-15,Patrick,Voss,Fremantle,CHF,2,95,1,5,2,0,3,0,71,5
2025,23.0,2025-08-15,Logan,Morris,Brisbane Lions,FF,9,301,0,5,3,0,3,1,67,8
2025,23.0,2025-08-15,Bruce,Reville,Brisbane Lions,WL,3,382,3,5,1,0,4,0,62,8
2025,23.0,2025-08-15,Murphy,Reid,Fremantle,INT,7,207,2,11,0,0,5,0,69,9
2025,23.0,2025-08-15,Levi,Ashcroft,Brisbane Lions,INT,2,387,1,8,7,1,6,2,63,12
2025,23.0,2025-08-15,Sam,Marshall,Brisbane Lions,INT,6,270,2,7,3,0,3,0,71,15
2025,23.0,2025-08-15,Luke,Beecken,Brisbane Lions,SUB,0,48,0,2,1,0,0,0,67,2
2025,23.0,2025-08-16,Stephen,Coniglio,Greater Western Sydney,C,8,207,2,12,1,3,8,0,63,12
2025,23.0,2025-08-16,Toby,Greene,Greater Western Sydney,FPL,6,338,0,10,9,0,8,1,53,10
2025,23.0,2025-08-16,Alex,Sexton,Gold Coast,SUB,3,126,1,4,1,0,1,0,67,4
2025,23.0,2025-08-16,Lachie,Whitfield,Greater Western Sydney,HBFL,9,602,5,9,2,0,2,0,85,23
2025,23.0,2025-08-16,Jarrod,Witts,Gold Coast,RK,5,64,2,6,3,2,2,0,46,5
2025,23.0,2025-08-16,Nick,Holman,Gold Coast,INT,1,51,2,17,1,0,3,2,83,5
2025,23.0,2025-08-16,Touk,Miller,Gold Coast,HFFL,11,592,0,19,4,3,4,2,79,22
2025,23.0,2025-08-16,Lachie,Weller,Gold Coast,WL,4,236,6,9,1,0,6,0,77,13
2025,23.0,2025-08-16,Sam,Collins,Gold Coast,BPR,2,165,6,6,0,0,4,0,78,7
2025,23.0,2025-08-16,Harry,Himmelberg,Greater Western Sydney,INT,2,164,6,4,1,0,6,0,73,11
2025,23.0,2025-08-16,Brayden,Fiorini,Gold Coast,WR,5,307,5,13,3,0,7,1,67,10
2025,23.0,2025-08-16,Ben,Ainsworth,Gold Coast,CHF,3,149,1,11,1,0,3,0,91,10
2025,23.0,2025-08-16,Ben,Long,Gold Coast,FPL,4,102,0,10,3,0,0,0,75,6
2025,23.0,2025-08-16,Sam,Taylor,Greater Western Sydney,FB,2,149,8,5,3,0,3,0,75,9
2025,23.0,2025-08-16,Wil,Powell,Gold Coast,BPL,5,554,5,16,3,0,3,0,71,15
2025,23.0,2025-08-16,Ben,King,Gold Coast,FPR,3,105,0,6,1,0,1,0,67,4
2025,23.0,2025-08-16,John,Noble,Gold Coast,HBFL,6,422,0,9,3,0,2,0,72,13
2025,23.0,2025-08-16,Connor,Idun,Greater Western Sydney,BPL,1,293,4,5,2,0,3,0,71,10
2025,23.0,2025-08-16,Tom,Green,Greater Western Sydney,R,9,544,3,14,5,4,13,0,59,17
2025,23.0,2025-08-16,Noah,Anderson,Gold Coast,R,8,728,1,24,8,4,9,1,63,20
2025,23.0,2025-08-16,Connor,Budarick,Gold Coast,HFFR,3,137,2,13,3,0,2,0,60,6
2025,23.0,2025-08-16,Matt,Rowell,Gold Coast,C,7,334,3,23,3,4,13,0,80,20
2025,23.0,2025-08-16,Toby,Bedford,Greater Western Sydney,HFFL,5,219,0,13,3,0,3,4,75,9
2025,23.0,2025-08-16,Lachie,Ash,Greater Western Sydney,HBFR,6,545,6,8,3,1,5,0,89,23
2025,23.0,2025-08-16,Xavier,O'Halloran,Greater Western Sydney,INT,4,206,0,26,2,0,2,0,77,10
2025,23.0,2025-08-16,Sam,Flanders,Gold Coast,INT,3,317,1,12,4,0,4,0,75,12
2025,23.0,2025-08-16,Jake,Riccardi,Greater Western Sydney,FF,10,278,1,7,2,0,3,2,75,12
2025,23.0,2025-08-16,Jy,Farrar,Gold Coast,FF,6,127,0,6,1,0,2,1,58,7
2025,23.0,2025-08-16,Kieren,Briggs,Greater Western Sydney,RK,4,192,1,9,1,0,1,1,62,8
2025,23.0,2025-08-16,Callum,Brown,Greater Western Sydney,FPR,5,200,1,7,1,0,5,1,89,8
2025,23.0,2025-08-16,Joel,Jeffrey,Gold Coast,HBFR,2,374,2,9,0,0,1,0,80,12
2025,23.0,2025-08-16,Alex,Davies,Gold Coast,RR,2,173,2,12,6,0,5,0,55,6
2025,23.0,2025-08-16,Finn,Callaghan,Greater Western Sydney,RR,8,568,4,17,5,4,10,0,83,24
2025,23.0,2025-08-16,Jacob,Wehr,Greater Western Sydney,SUB,0,16,0,0,0,0,0,0,0,0
2025,23.0,2025-08-16,Ryan,Angwin,Greater Western Sydney,WR,2,353,3,16,1,0,10,0,53,10
2025,23.0,2025-08-16,Leek,Aleer,Greater Western Sydney,CHB,0,12,6,5,0,0,2,0,100,7
2025,23.0,2025-08-16,Mac,Andrew,Gold Coast,FB,2,382,7,10,4,0,2,0,81,13
2025,23.0,2025-08-16,Bodhi,Uwland,Gold Coast,CHB,3,257,5,8,1,0,3,0,83,15
2025,23.0,2025-08-16,Harry,Rowston,Greater Western Sydney,INT,6,272,1,15,1,0,3,3,83,10
2025,23.0,2025-08-16,Aaron,Cadman,Greater Western Sydney,CHF,6,284,0,13,1,0,2,3,54,7
2025,23.0,2025-08-16,Harvey,Thomas,Greater Western Sydney,WL,8,446,2,12,3,1,6,0,74,17
2025,23.0,2025-08-16,Ethan,Read,Gold Coast,INT,4,81,0,4,1,0,0,1,100,6
2025,23.0,2025-08-16,Darcy,Jones,Greater Western Sydney,HFFR,7,179,1,19,3,0,6,0,72,13
2025,23.0,2025-08-16,Max,Gruzewski,Greater Western Sydney,INT,6,133,0,5,0,0,3,1,78,7
2025,23.0,2025-08-16,Joe,Fonti,Greater Western Sydney,BPR,2,141,3,12,3,0,1,0,88,7
2025,23.0,2025-08-16,Oscar,Adams,Gold Coast,INT,0,30,1,5,2,0,1,0,0,0
2025,23.0,2025-08-16,Travis,Boak,Port Adelaide,WL,4,426,4,18,6,1,7,0,55,12
2025,23.0,2025-08-16,Nick,Haynes,Carlton,CHB,4,433,5,7,4,0,5,0,57,13
2025,23.0,2025-08-16,Ollie,Wines,Port Adelaide,INT,5,250,0,19,2,0,1,0,60,9
2025,23.0,2025-08-16,Zac,Williams,Carlton,FPL,6,337,3,8,1,0,11,0,80,16
2025,23.0,2025-08-16,Patrick,Cripps,Carlton,C,8,278,2,15,3,2,6,2,68,15
2025,23.0,2025-08-16,Blake,Acres,Carlton,WL,5,301,3,22,4,0,5,1,61,14
2025,23.0,2025-08-16,Adam,Saad,Carlton,BPL,2,156,3,7,1,0,2,0,89,8
2025,23.0,2025-08-16,Jacob,Weitering,Carlton,FB,3,195,7,2,1,0,2,0,92,12
2025,23.0,2025-08-16,George,Hewett,Carlton,INT,7,397,1,10,3,6,10,0,74,26
2025,23.0,2025-08-16,Darcy,Byrne-Jones,Port Adelaide,CHB,2,278,3,17,4,0,2,0,82,9
2025,23.0,2025-08-16,Aliir,Aliir,Port Adelaide,FB,3,242,6,8,3,0,4,0,73,11
2025,23.0,2025-08-16,Lewis,Young,Carlton,CHF,2,207,4,5,2,0,2,0,92,12
2025,23.0,2025-08-16,Harry,McKay,Carlton,FF,15,268,1,6,2,1,6,1,91,19
2025,23.0,2025-08-16,Lachie,Fogarty,Carlton,HFFR,5,248,2,13,5,0,5,1,64,9
2025,23.0,2025-08-16,Willie,Rioli,Port Adelaide,FPL,3,91,0,5,3,0,0,0,25,1
2025,23.0,2025-08-16,Kane,Farrell,Port Adelaide,HBFR,5,389,3,12,3,1,3,0,82,14
2025,23.0,2025-08-16,Tom,De Koning,Carlton,FPR,4,263,1,8,3,3,2,0,91,10
2025,23.0,2025-08-16,Sam,Walsh,Carlton,WR,9,403,1,9,1,4,8,0,82,23
2025,23.0,2025-08-16,Zak,Butters,Port Adelaide,RR,5,183,2,22,2,2,11,0,76,22
2025,23.0,2025-08-16,Willem,Drew,Port Adelaide,C,4,197,5,17,2,1,7,0,55,11
2025,23.0,2025-08-16,Connor,Rozee,Port Adelaide,R,7,387,5,15,4,1,8,0,68,15
2025,23.0,2025-08-16,Brandon,Zerk-Thatcher,Port Adelaide,BPL,1,167,8,9,2,0,4,0,83,10
2025,23.0,2025-08-16,Mitch,Georgiades,Port Adelaide,FF,5,140,1,1,1,0,2,0,80,8
2025,23.0,2025-08-16,Francis,Evans,Carlton,HFFL,8,188,1,17,1,0,4,3,80,12
2025,23.0,2025-08-16,Lachie,Jones,Port Adelaide,BPR,2,348,5,11,3,0,2,0,79,11
2025,23.0,2025-08-16,Jordon,Sweet,Port Adelaide,RK,10,219,1,18,2,1,1,0,78,14
2025,23.0,2025-08-16,Jed,McEntee,Port Adelaide,CHF,3,181,1,12,0,0,1,0,71,5
2025,23.0,2025-08-16,Corey,Durdin,Carlton,SUB,1,120,1,5,2,0,1,0,83,5
2025,23.0,2025-08-16,Jackson,Mead,Port Adelaide,INT,1,150,3,13,2,0,4,0,70,7
2025,23.0,2025-08-16,Josh,Sinn,Port Adelaide,HBFL,1,98,1,2,0,0,1,0,100,3
2025,23.0,2025-08-16,Jesse,Motlop,Carlton,INT,5,52,1,14,1,0,4,3,63,5
2025,23.0,2025-08-16,Lachlan,Cowan,Carlton,HBFL,3,333,5,4,4,0,2,0,80,16
2025,23.0,2025-08-16,Oliver,Hollands,Carlton,HBFR,6,284,2,15,2,0,2,0,95,19
2025,23.0,2025-08-16,Ollie,Lord,Port Adelaide,HFFR,2,59,0,7,1,0,2,0,60,3
2025,23.0,2025-08-16,Joe,Richards,Port Adelaide,HFFL,6,117,0,13,0,0,2,0,92,12
2025,23.0,2025-08-16,Will,Lorenz,Port Adelaide,INT,2,178,1,12,2,0,1,0,57,4
2025,23.0,2025-08-16,Ashton,Moir,Carlton,R,4,162,1,14,4,0,2,2,75,6
2025,23.0,2025-08-16,Cooper,Lord,Carlton,RR,6,210,0,8,3,3,5,1,63,10
2025,23.0,2025-08-16,Joe,Berry,Port Adelaide,INT,5,261,0,11,2,0,1,1,67,6
2025,23.0,2025-08-16,Christian,Moraes,Port Adelaide,SUB,7,172,1,8,2,0,6,2,74,14
2025,23.0,2025-08-16,Matthew,Carroll,Carlton,BPR,2,294,4,10,0,0,2,0,100,12
2025,23.0,2025-08-16,Hudson,O'Keeffe,Carlton,RK,7,101,0,6,0,0,2,1,60,6
2025,23.0,2025-08-16,Mani,Liddy,Port Adelaide,WR,5,318,2,17,3,0,1,0,69,11
2025,23.0,2025-08-16,Billy,Wilson,Carlton,INT,4,234,3,9,2,0,3,0,69,9
2025,23.0,2025-08-16,Flynn,Young,Carlton,INT,4,290,0,14,4,0,3,1,53,8
2025,23.0,2025-08-16,Jack,Whitlock,Port Adelaide,FPR,5,142,1,9,2,0,1,0,63,5
2025,23.0,2025-08-16,Jake,Melksham,Melbourne,SUB,1,160,2,0,3,0,1,0,80,4
2025,23.0,2025-08-16,Jack,Gunston,Hawthorn,FPL,13,394,0,11,0,0,1,2,71,10
2025,23.0,2025-08-16,Steven,May,Melbourne,FB,0,319,5,0,2,0,2,0,84,16
2025,23.0,2025-08-16,Luke,Breust,Hawthorn,SUB,7,134,0,9,0,0,2,4,89,8
2025,23.0,2025-08-16,Max,Gawn,Melbourne,RK,3,366,12,10,5,2,8,0,56,15
2025,23.0,2025-08-16,Tom,McDonald,Melbourne,BPL,0,0,1,5,2,0,0,0,67,4
2025,23.0,2025-08-16,Jack,Viney,Melbourne,R,2,155,4,26,4,2,8,4,68,15
2025,23.0,2025-08-16,Jarman,Impey,Hawthorn,HBFL,4,363,9,14,6,0,2,0,72,21
2025,23.0,2025-08-16,Christian,Salem,Melbourne,INT,3,394,9,12,5,0,7,0,80,24
2025,23.0,2025-08-16,James,Sicily,Hawthorn,CHB,3,348,9,7,6,0,5,0,73,16
2025,23.0,2025-08-16,Karl,Amon,Hawthorn,WL,5,684,4,11,5,0,3,0,83,20
2025,23.0,2025-08-16,Tom,Barrass,Hawthorn,FB,0,78,5,3,2,0,5,0,46,5
2025,23.0,2025-08-16,Ed,Langdon,Melbourne,FPL,0,388,6,20,10,0,8,0,50,11
2025,23.0,2025-08-16,Clayton,Oliver,Melbourne,RR,5,408,2,18,8,1,8,1,61,17
2025,23.0,2025-08-16,Christian,Petracca,Melbourne,C,5,365,1,13,5,7,8,1,64,18
2025,23.0,2025-08-16,Blake,Hardwick,Hawthorn,BPR,3,317,8,12,5,0,3,0,68,13
2025,23.0,2025-08-16,Mabior,Chol,Hawthorn,CHF,3,48,1,11,0,1,0,0,75,6
2025,23.0,2025-08-16,Josh,Battle,Hawthorn,BPL,2,286,6,8,5,0,5,0,77,13
2025,23.0,2025-08-16,Jack,Scrimshaw,Hawthorn,INT,2,255,7,10,3,0,3,0,71,12
2025,23.0,2025-08-16,Bayley,Fritsch,Melbourne,CHF,0,137,4,9,4,0,4,1,63,5
2025,23.0,2025-08-16,James,Worpel,Hawthorn,INT,5,350,4,23,7,2,8,1,59,16
2025,23.0,2025-08-16,Mitch,Lewis,Hawthorn,FF,2,137,4,8,3,0,5,1,60,6
2025,23.0,2025-08-16,Harrison,Petty,Melbourne,INT,4,196,1,22,1,0,2,0,82,9
2025,23.0,2025-08-16,Conor,Nash,Hawthorn,C,4,148,3,19,4,0,8,2,63,12
2025,23.0,2025-08-16,Tom,Sparrow,Melbourne,FPR,5,367,3,25,7,0,8,0,78,18
2025,23.0,2025-08-16,Dylan,Moore,Hawthorn,WR,6,293,3,17,3,0,6,0,78,25
2025,23.0,2025-08-16,Changkuoth,Jiath,Hawthorn,HBFR,6,252,3,15,0,0,5,0,71,10
2025,23.0,2025-08-16,Kade,Chandler,Melbourne,INT,4,269,0,17,3,0,2,0,67,10
2025,23.0,2025-08-16,Kysaiah,Pickett,Melbourne,HFFL,1,174,1,29,2,0,2,0,70,7
2025,23.0,2025-08-16,Trent,Rivers,Melbourne,HFFR,2,538,5,12,5,1,4,0,85,17
2025,23.0,2025-08-16,Lloyd,Meek,Hawthorn,RK,2,104,0,15,1,2,2,1,90,9
2025,23.0,2025-08-16,Harry,Sharp,Melbourne,INT,3,130,2,21,3,0,2,1,38,3
2025,23.0,2025-08-16,Jai,Newcombe,Hawthorn,RR,5,210,1,18,4,0,7,2,55,12
2025,23.0,2025-08-16,Jack,Ginnivan,Hawthorn,FPR,6,263,3,16,5,0,11,0,67,14
2025,23.0,2025-08-16,Jake,Bowey,Melbourne,HBFR,2,186,3,17,2,1,7,0,67,18
2025,23.0,2025-08-16,Connor,Macdonald,Hawthorn,INT,12,517,5,13,7,0,5,0,68,19
2025,23.0,2025-08-16,Josh,Ward,Hawthorn,R,7,248,2,17,2,2,8,0,68,15
2025,23.0,2025-08-16,Daniel,Turner,Melbourne,CHB,0,173,4,7,4,0,2,0,60,6
2025,23.0,2025-08-16,Massimo,D'Ambrosio,Hawthorn,HFFL,3,399,5,11,4,0,5,0,47,9
2025,23.0,2025-08-16,Jai,Culley,Melbourne,WL,4,229,1,16,1,1,6,0,80,12
2025,23.0,2025-08-16,Judd,McVee,Melbourne,HBFL,1,10,3,6,0,0,2,0,80,8
2025,23.0,2025-08-16,Jacob,van Rooyen,Melbourne,FF,6,325,2,10,5,0,4,0,69,9
2025,23.0,2025-08-16,Blake,Howes,Melbourne,BPR,0,95,2,9,0,0,2,0,88,7
2025,23.0,2025-08-16,Nick,Watson,Hawthorn,HFFR,1,83,0,1,0,0,1,0,67,2
2025,23.0,2025-08-16,Calsher,Dear,Hawthorn,INT,5,127,1,24,3,0,5,3,56,5
2025,23.0,2025-08-16,Harvey,Langford,Melbourne,WR,3,53,2,15,2,0,6,1,55,6
2025,23.0,2025-08-16,Scott,Pendlebury,Collingwood,RR,3,488,2,17,9,4,5,0,58,14
2025,23.0,2025-08-16,Taylor,Walker,Adelaide,FPR,4,331,2,11,7,0,3,0,39,5
2025,23.0,2025-08-16,Steele,Sidebottom,Collingwood,WL,2,522,7,12,5,0,3,0,76,16
2025,23.0,2025-08-16,Brodie,Smith,Adelaide,INT,3,244,5,5,2,0,4,0,53,8
2025,23.0,2025-08-16,Jack,Crisp,Collingwood,C,4,214,3,22,4,0,7,9,65,15
2025,23.0,2025-08-16,Jamie,Elliott,Collingwood,FPL,3,112,0,18,4,0,3,6,50,4
2025,23.0,2025-08-16,Daniel,McStay,Collingwood,INT,1,148,0,11,1,0,2,1,50,3
2025,23.0,2025-08-16,Tim,Membrey,Collingwood,CHF,2,103,0,10,1,0,0,1,57,4
2025,23.0,2025-08-16,Jordan,De Goey,Collingwood,HFFL,5,237,1,14,4,1,3,0,46,5
2025,23.0,2025-08-16,Alex,Neal-Bullen,Adelaide,INT,1,196,2,18,7,1,11,0,55,11
2025,23.0,2025-08-16,Brayden,Maynard,Collingwood,BPL,2,317,6,6,2,0,2,0,89,16
2025,23.0,2025-08-16,Darcy,Moore,Collingwood,FB,1,152,6,2,3,0,3,0,82,9
2025,23.0,2025-08-16,Wayne,Milera,Adelaide,HBFL,1,613,4,11,5,0,3,0,77,17
2025,23.0,2025-08-16,Ben,Keays,Adelaide,HFFL,2,136,3,26,2,0,7,1,60,9
2025,23.0,2025-08-16,Reilly,O'Brien,Adelaide,RK,2,54,4,12,1,0,3,0,67,4
2025,23.0,2025-08-16,Dan,Houston,Collingwood,WR,2,339,4,8,1,0,4,0,72,13
2025,23.0,2025-08-16,Jordan,Dawson,Adelaide,C,4,224,3,24,5,3,7,0,83,19
2025,23.0,2025-08-16,Harry,Perryman,Collingwood,HBFL,2,345,3,7,2,0,3,0,64,7
2025,23.0,2025-08-16,Josh,Daicos,Collingwood,CHB,3,440,5,7,1,1,5,0,84,16
2025,23.0,2025-08-16,Patrick,Lipinski,Collingwood,INT,0,187,1,15,5,0,6,2,50,5
2025,23.0,2025-08-16,Darcy,Fogarty,Adelaide,FF,4,194,1,2,3,0,2,0,71,10
2025,23.0,2025-08-16,Lachlan,Murphy,Adelaide,HFFR,2,1,1,9,2,0,3,1,83,5
2025,23.0,2025-08-16,Isaac,Cumming,Adelaide,WL,4,376,3,14,4,0,2,1,72,13
2025,23.0,2025-08-16,Brody,Mihocek,Collingwood,FF,1,138,1,13,5,0,2,3,56,5
2025,23.0,2025-08-16,Darcy,Cameron,Collingwood,RK,4,285,7,2,2,0,6,0,67,16
2025,23.0,2025-08-16,Billy,Frampton,Collingwood,BPR,0,339,10,7,5,0,5,0,81,13
2025,23.0,2025-08-16,Lachie,Schultz,Collingwood,HFFR,5,200,3,22,4,0,4,2,65,11
2025,23.0,2025-08-16,Mitchell,Hinge,Adelaide,HBFR,2,607,4,15,8,0,5,0,62,13
2025,23.0,2025-08-16,Isaac,Quaynor,Collingwood,HBFR,3,240,6,10,2,0,3,1,92,12
2025,23.0,2025-08-16,Izak,Rankine,Adelaide,FPL,3,338,2,18,3,0,5,1,56,10
2025,23.0,2025-08-16,Mark,Keane,Adelaide,CHB,1,659,14,7,7,0,6,0,61,14
2025,23.0,2025-08-16,Harry,Schoenberg,Adelaide,SUB,1,15,2,5,1,0,1,0,60,3
2025,23.0,2025-08-16,Sam,Berry,Adelaide,RR,4,285,1,15,3,3,8,0,50,7
2025,23.0,2025-08-16,Nick,Murray,Adelaide,FB,1,36,1,4,0,0,0,0,100,4
2025,23.0,2025-08-16,Beau,McCreery,Collingwood,FPR,0,309,1,21,4,0,4,4,64,7
2025,23.0,2025-08-16,Riley,Thilthorpe,Adelaide,CHF,2,119,1,15,3,1,1,1,55,6
2025,23.0,2025-08-16,Josh,Worrell,Adelaide,BPL,4,446,11,9,5,0,10,0,78,21
2025,23.0,2025-08-16,James,Peatling,Adelaide,INT,5,237,5,16,1,0,4,0,63,12
2025,23.0,2025-08-16,Nick,Daicos,Collingwood,R,6,559,2,27,6,2,12,2,66,19
2025,23.0,2025-08-16,Jake,Soligo,Adelaide,R,1,161,1,12,3,0,6,1,55,11
2025,23.0,2025-08-16,Ned,Long,Collingwood,INT,2,345,1,18,6,1,10,1,46,10
2025,23.0,2025-08-16,Daniel,Curtin,Adelaide,WR,6,252,3,12,2,0,4,0,64,9
2025,23.0,2025-08-16,Edward,Allan,Collingwood,SUB,1,-7,1,2,0,0,0,0,100,1
2025,23.0,2025-08-16,Wil,Parker,Collingwood,INT,1,249,6,11,2,0,2,0,60,6
2025,23.0,2025-08-16,Zac,Taylor,Adelaide,INT,1,-38,1,7,0,0,1,0,100,6
2025,23.0,2025-08-16,Hugh,Bond,Adelaide,BPR,1,86,4,13,1,0,3,0,100,7
2025,23.0,2025-08-17,Jack,Darling,North Melbourne,FF,4,155,1,9,2,0,4,0,70,7
2025,23.0,2025-08-17,Dion,Prestia,Richmond,C,5,213,0,24,2,3,3,0,79,11
2025,23.0,2025-08-17,Tom,Lynch,Richmond,FF,7,239,1,8,2,0,0,1,46,6
2025,23.0,2025-08-17,Luke,Parker,North Melbourne,INT,7,215,3,16,5,1,14,0,57,17
2025,23.0,2025-08-17,Nick,Vlastuin,Richmond,BPR,0,79,0,3,1,0,0,0,100,2
2025,23.0,2025-08-17,Kamdyn,McIntosh,Richmond,WL,5,361,3,10,1,1,1,0,88,15
2025,23.0,2025-08-17,Toby,Nankervis,Richmond,RK,5,189,5,21,3,3,9,0,57,12
2025,23.0,2025-08-17,Caleb,Daniel,North Melbourne,CHB,4,338,3,9,2,1,5,0,80,20
2025,23.0,2025-08-17,Jayden,Short,Richmond,INT,2,346,5,11,4,0,2,0,93,13
2025,23.0,2025-08-17,Jacob,Hopper,Richmond,R,4,188,2,20,5,1,8,0,52,14
2025,23.0,2025-08-17,Nathan,Broad,Richmond,HBFL,4,176,5,13,2,0,0,0,75,6
2025,23.0,2025-08-17,Jy,Simpkin,North Melbourne,HFFR,6,457,5,10,2,0,6,0,63,15
2025,23.0,2025-08-17,Tim,Taranto,Richmond,RR,2,248,2,19,6,1,6,1,53,10
2025,23.0,2025-08-17,Griffin,Logue,North Melbourne,BPR,4,213,6,5,2,0,3,0,88,14
2025,23.0,2025-08-17,Cameron,Zurhaar,North Melbourne,FPR,2,17,1,1,1,0,1,0,100,2
2025,23.0,2025-08-17,Luke,Davies-Uniacke,North Melbourne,C,15,719,6,18,7,3,13,0,78,31
2025,23.0,2025-08-17,Noah,Balta,Richmond,INT,4,125,0,8,3,1,1,0,71,5
2025,23.0,2025-08-17,Bailey,Scott,North Melbourne,WL,3,424,4,6,3,0,5,0,71,12
2025,23.0,2025-08-17,Jack,Ross,Richmond,INT,4,257,4,23,4,1,6,0,74,14
2025,23.0,2025-08-17,Tristan,Xerri,North Melbourne,RK,8,2,1,28,0,3,5,1,73,16
2025,23.0,2025-08-17,Dylan,Stephens,North Melbourne,INT,6,328,3,12,4,0,3,0,50,11
2025,23.0,2025-08-17,Tom,Powell,North Melbourne,HBFL,9,252,1,10,1,0,2,1,82,18
2025,23.0,2025-08-17,Rhyan,Mansell,Richmond,FPR,3,193,1,14,3,0,2,1,67,8
2025,23.0,2025-08-17,Maurice,Rioli,Richmond,HFFL,1,104,1,23,2,0,3,2,46,5
2025,23.0,2025-08-17,Charlie,Comben,North Melbourne,BPL,2,223,8,3,0,0,3,0,92,11
2025,23.0,2025-08-17,Ben,Miller,Richmond,FB,0,399,3,5,5,0,0,0,77,10
2025,23.0,2025-08-17,Paul,Curtis,North Melbourne,HFFL,9,215,1,15,1,1,5,0,87,13
2025,23.0,2025-08-17,Tyler,Sonsie,Richmond,INT,3,179,3,14,3,0,5,0,58,7
2025,23.0,2025-08-17,Harry,Sheezel,North Melbourne,RR,15,683,5,22,8,3,13,0,67,36
2025,23.0,2025-08-17,Tylar,Young,Richmond,BPL,0,467,5,6,3,0,4,0,92,12
2025,23.0,2025-08-17,George,Wardlaw,North Melbourne,R,6,234,4,9,4,4,12,0,76,19
2025,23.0,2025-08-17,Sam,Banks,Richmond,CHB,4,278,3,21,2,1,2,0,79,11
2025,23.0,2025-08-17,Cooper,Harvey,North Melbourne,INT,2,-5,0,9,0,0,1,1,100,4
2025,23.0,2025-08-17,James,Trezise,Richmond,WR,3,139,5,15,5,0,4,0,61,11
2025,23.0,2025-08-17,Tom,Brown,Richmond,HBFR,1,307,2,12,5,0,3,0,75,9
2025,23.0,2025-08-17,Seth,Campbell,Richmond,CHF,3,200,2,23,2,1,2,0,70,7
2025,23.0,2025-08-17,Colby,McKercher,North Melbourne,WR,6,440,4,11,7,0,4,0,79,23
2025,23.0,2025-08-17,Toby,Pink,North Melbourne,FB,1,181,5,5,2,0,2,0,80,8
2025,23.0,2025-08-17,Steely,Green,Richmond,SUB,1,56,1,5,1,0,0,2,50,1
2025,23.0,2025-08-17,Harry,Armstrong,Richmond,FPL,2,42,0,6,0,0,2,0,100,3
2025,23.0,2025-08-17,Jacob,Konstanty,North Melbourne,FPL,4,202,0,12,1,0,2,1,33,4
2025,23.0,2025-08-17,Finn,O'Sullivan,North Melbourne,HBFR,6,310,5,8,1,0,6,0,81,17
2025,23.0,2025-08-17,Matt,Whitlock,North Melbourne,SUB,1,11,0,0,0,0,2,0,100,2
2025,23.0,2025-08-17,Taj,Hotton,Richmond,HFFR,4,89,0,29,3,2,9,1,63,10
2025,23.0,2025-08-17,Geordie,Payne,North Melbourne,INT,5,117,0,15,0,0,1,0,88,7
2025,23.0,2025-08-17,Cooper,Trembath,North Melbourne,CHF,5,121,2,7,0,0,3,1,78,7
2025,23.0,2025-08-17,Patrick,Dangerfield,Geelong,FPL,7,267,0,7,3,0,6,0,71,10
2025,23.0,2025-08-17,Rhys,Stanley,Geelong,RK,5,296,1,9,3,1,1,0,57,8
2025,23.0,2025-08-17,Jeremy,Cameron,Geelong,FF,3,155,1,7,2,0,2,0,70,7
2025,23.0,2025-08-17,Harry,Cunningham,Sydney,BPL,2,105,3,10,3,0,3,0,73,11
2025,23.0,2025-08-17,Dane,Rampe,Sydney,HBFL,4,219,2,10,0,0,2,0,92,12
2025,23.0,2025-08-17,Mark,Blicavs,Geelong,WR,4,78,0,14,0,0,3,0,50,6
2025,23.0,2025-08-17,Jack,Martin,Geelong,INT,9,171,1,6,0,0,4,1,82,14
2025,23.0,2025-08-17,Jake,Lloyd,Sydney,WR,4,384,4,16,4,1,3,0,71,15
2025,23.0,2025-08-17,Isaac,Heeney,Sydney,RR,5,219,1,13,5,2,3,2,53,8
2025,23.0,2025-08-17,Callum,Mills,Sydney,INT,2,310,7,15,4,0,10,0,64,16
2025,23.0,2025-08-17,Tom,Papley,Sydney,HFFL,6,325,0,8,4,0,4,0,60,12
2025,23.0,2025-08-17,Oliver,Florent,Sydney,WL,3,303,4,13,4,1,8,0,78,14
2025,23.0,2025-08-17,Jack,Bowes,Geelong,SUB,0,57,0,1,1,0,0,0,100,1
2025,23.0,2025-08-17,Tom,Stewart,Geelong,CHB,5,473,9,9,4,1,5,0,72,18
2025,23.0,2025-08-17,Will,Hayward,Sydney,FPL,2,92,0,7,3,0,1,0,75,6
2025,23.0,2025-08-17,Lewis,Melican,Sydney,FB,1,134,2,10,0,0,1,0,100,6
2025,23.0,2025-08-17,Mark,O'Connor,Geelong,HBFR,3,113,3,10,1,1,4,0,89,8
2025,23.0,2025-08-17,Zach,Guthrie,Geelong,INT,4,347,3,11,4,0,1,0,82,14
2025,23.0,2025-08-17,Tyson,Stengle,Geelong,HFFL,7,274,2,11,2,0,3,2,50,6
2025,23.0,2025-08-17,Jack,Henry,Geelong,BPL,5,220,10,9,4,0,6,0,61,11
2025,23.0,2025-08-17,Tom,McCartin,Sydney,BPR,2,249,5,7,2,0,4,0,85,11
2025,23.0,2025-08-17,Tom,Atkins,Geelong,R,8,336,3,21,3,2,10,0,76,16
2025,23.0,2025-08-17,Gryan,Miers,Geelong,INT,6,312,3,14,2,0,6,0,89,16
2025,23.0,2025-08-17,Bailey,Smith,Geelong,RR,9,509,3,20,2,2,12,0,70,21
2025,23.0,2025-08-17,Nick,Blakey,Sydney,CHB,5,732,6,6,4,0,1,0,83,19
2025,23.0,2025-08-17,James,Rowbottom,Sydney,INT,4,367,2,14,3,1,4,0,50,7
2025,23.0,2025-08-17,Peter,Ladhams,Sydney,RK,7,285,1,10,6,3,7,1,35,6
2025,23.0,2025-08-17,Hayden,McLean,Sydney,FF,3,190,0,7,1,0,1,0,67,6
2025,23.0,2025-08-17,Chad,Warner,Sydney,C,3,337,0,19,3,1,6,1,57,13
2025,23.0,2025-08-17,Brad,Close,Geelong,INT,4,125,1,12,1,0,2,0,88,7
2025,23.0,2025-08-17,Sam,Wicks,Sydney,HBFR,2,151,4,11,5,1,4,0,62,13
2025,23.0,2025-08-17,James,Jordon,Sydney,HFFR,2,140,1,12,2,1,3,0,67,6
2025,23.0,2025-08-17,Errol,Gulden,Sydney,R,6,316,4,24,7,1,7,0,65,15
2025,23.0,2025-08-17,Braeden,Campbell,Sydney,FPR,3,223,1,5,3,1,2,0,50,6
2025,23.0,2025-08-17,Max,Holmes,Geelong,C,6,606,2,18,4,1,3,0,52,11
2025,23.0,2025-08-17,Sam,De Koning,Geelong,FB,3,101,8,6,2,0,5,0,86,12
2025,23.0,2025-08-17,Angus,Sheldrick,Sydney,INT,5,68,2,14,1,2,12,0,91,19
2025,23.0,2025-08-17,Oliver,Dempsey,Geelong,WL,9,226,6,16,2,0,7,0,76,16
2025,23.0,2025-08-17,Shannon,Neale,Geelong,FPR,7,189,2,7,2,0,3,1,80,8
2025,23.0,2025-08-17,Oisin,Mullin,Geelong,HFFR,2,129,4,18,3,2,4,0,56,5
2025,23.0,2025-08-17,Jack,Buller,Sydney,CHF,3,108,0,7,1,0,4,1,63,5
2025,23.0,2025-08-17,Shaun,Mannagh,Geelong,CHF,9,492,0,22,4,0,0,1,47,9
2025,23.0,2025-08-17,Connor,O'Sullivan,Geelong,BPR,3,160,5,11,0,0,2,0,100,12
2025,23.0,2025-08-17,Caiden,Cleary,Sydney,SUB,3,101,2,6,1,0,1,0,75,6
2025,23.0,2025-08-17,Lawson,Humphries,Geelong,HBFL,5,276,2,8,2,0,2,0,67,8
2025,23.0,2025-08-17,Jesse,Dattoli,Sydney,INT,1,28,0,6,1,0,4,0,71,5
2025,23.0,2025-08-17,Tom,Liberatore,Western Bulldogs,R,4,300,1,25,4,4,12,1,68,15
2025,23.0,2025-08-17,Jamie,Cripps,West Coast,HFFR,1,198,0,18,5,0,1,1,70,7
2025,23.0,2025-08-17,Jason,Johannisen,Western Bulldogs,HBFR,4,206,2,8,1,0,1,0,78,14
2025,23.0,2025-08-17,Marcus,Bontempelli,Western Bulldogs,RR,12,573,2,21,6,4,7,2,81,25
2025,23.0,2025-08-17,Rory,Lobb,Western Bulldogs,CHB,1,112,3,8,1,0,2,0,71,5
2025,23.0,2025-08-17,Bailey,Dale,Western Bulldogs,BPR,6,580,8,8,6,0,6,0,82,28
2025,23.0,2025-08-17,Bailey,Williams,Western Bulldogs,WR,11,406,3,14,2,0,4,0,80,16
2025,23.0,2025-08-17,Tom,Cole,West Coast,INT,2,242,6,17,5,0,2,1,82,14
2025,23.0,2025-08-17,Matthew,Kennedy,Western Bulldogs,HFFR,7,231,1,16,2,1,6,0,77,17
2025,23.0,2025-08-17,Tim,English,Western Bulldogs,RK,9,351,6,8,2,2,3,0,70,14
2025,23.0,2025-08-17,Jack,Graham,West Coast,INT,2,445,1,32,2,2,4,0,95,19
2025,23.0,2025-08-17,Aaron,Naughton,Western Bulldogs,CHF,4,103,1,9,4,0,1,2,57,4
2025,23.0,2025-08-17,Tim,Kelly,West Coast,R,3,196,2,19,1,0,6,0,82,14
2025,23.0,2025-08-17,Liam,Ryan,West Coast,CHF,4,274,0,13,3,1,4,1,67,8
2025,23.0,2025-08-17,Ed,Richards,Western Bulldogs,C,7,540,3,29,4,0,6,2,64,16
2025,23.0,2025-08-17,Liam,Baker,West Coast,HBFL,0,258,8,10,2,0,6,1,71,17
2025,23.0,2025-08-17,Oskar,Baker,Western Bulldogs,HFFL,5,397,3,8,4,0,4,0,75,12
2025,23.0,2025-08-17,Rhylee,West,Western Bulldogs,FPR,7,176,4,9,1,0,7,0,85,11
2025,23.0,2025-08-17,Bailey J.,Williams,West Coast,FPL,2,89,0,11,3,0,1,0,56,5
2025,23.0,2025-08-17,Matthew,Owies,West Coast,INT,2,111,1,11,3,1,0,2,67,6
2025,23.0,2025-08-17,Lachlan,McNeil,Western Bulldogs,INT,2,-13,1,10,1,0,1,1,100,5
2025,23.0,2025-08-17,Tyler,Brockman,West Coast,INT,3,78,3,14,1,0,1,1,67,4
2025,23.0,2025-08-17,Matt,Flynn,West Coast,RK,3,153,1,10,2,1,2,1,36,4
2025,23.0,2025-08-17,Riley,Garcia,Western Bulldogs,FPL,8,204,2,23,4,1,6,1,83,15
2025,23.0,2025-08-17,Lachlan,Bramble,Western Bulldogs,BPL,5,262,3,9,2,0,2,0,86,12
2025,23.0,2025-08-17,Brady,Hough,West Coast,RR,2,170,6,9,1,0,4,0,69,9
2025,23.0,2025-08-17,Luke,Cleary,Western Bulldogs,HBFL,2,250,5,5,4,0,5,0,88,14
2025,23.0,2025-08-17,Rhett,Bazzo,West Coast,CHB,2,189,2,5,2,0,1,0,93,14
2025,23.0,2025-08-17,Sam,Darcy,Western Bulldogs,FF,7,186,0,8,1,0,3,0,90,9
2025,23.0,2025-08-17,Noah,Long,West Coast,FPR,3,135,0,20,2,0,3,3,64,7
2025,23.0,2025-08-17,Reuben,Ginbey,West Coast,BPL,2,307,8,8,4,0,4,0,64,14
2025,23.0,2025-08-17,Campbell,Chesser,West Coast,HFFL,1,276,4,12,4,1,7,0,68,15
2025,23.0,2025-08-17,Elijah,Hewett,West Coast,C,2,234,0,20,3,0,5,1,63,10
2025,23.0,2025-08-17,James,O'Donnell,Western Bulldogs,FB,3,160,7,2,1,0,1,0,82,14
2025,23.0,2025-08-17,Ryan,Maric,West Coast,WR,0,378,3,14,5,0,2,0,69,18
2025,23.0,2025-08-17,Ryley,Sanders,Western Bulldogs,SUB,3,6,2,2,0,0,1,0,83,5
2025,23.0,2025-08-17,Joel,Freijah,Western Bulldogs,INT,7,236,0,20,2,1,2,0,88,15
2025,23.0,2025-08-17,Clay,Hall,West Coast,WL,2,90,1,20,2,1,5,0,67,10
2025,23.0,2025-08-17,Sam,Davidson,Western Bulldogs,INT,7,243,0,11,4,0,3,0,73,11
2025,23.0,2025-08-17,Sandy,Brock,West Coast,FB,2,217,5,4,1,0,2,0,77,10
2025,23.0,2025-08-17,Hamish,Davis,West Coast,HBFR,1,170,4,14,3,1,7,0,72,13
2025,23.0,2025-08-17,Jedd,Busslinger,Western Bulldogs,INT,6,254,5,1,0,0,1,0,81,13
2025,23.0,2025-08-17,Tom,McCarthy,West Coast,BPR,4,339,3,15,8,1,5,0,72,18
2025,23.0,2025-08-17,Jobe,Shanahan,West Coast,FF,4,163,1,9,0,0,1,2,44,4
2025,23.0,2025-08-17,Jordan,Croft,Western Bulldogs,WL,6,201,0,13,3,0,5,0,50,5
2025,23.0,2025-08-17,Jacob,Newton,West Coast,SUB,0,41,0,1,0,0,0,0,0,0
2025,24.0,2025-08-21,Todd,Goldstein,Essendon,RK,4,141,0,11,1,2,6,0,75,12
2025,24.0,2025-08-21,Dylan,Shiel,Essendon,R,6,448,4,12,5,1,8,1,77,23
2025,24.0,2025-08-21,Nick,Haynes,Carlton,HBFR,4,176,5,5,0,0,3,1,100,15
2025,24.0,2025-08-21,Zac,Williams,Carlton,HFFL,6,225,2,17,3,1,5,1,78,14
2025,24.0,2025-08-21,Zach,Merrett,Essendon,C,7,357,2,18,4,0,4,0,79,19
2025,24.0,2025-08-21,Patrick,Cripps,Carlton,C,4,285,1,17,3,0,8,3,75,21
2025,24.0,2025-08-21,Blake,Acres,Carlton,HFFR,4,475,3,9,5,0,3,0,79,23
2025,24.0,2025-08-21,Adam,Saad,Carlton,BPL,5,362,3,9,2,0,2,0,88,14
2025,24.0,2025-08-21,Kyle,Langford,Essendon,FPL,6,230,2,10,3,0,3,1,71,10
2025,24.0,2025-08-21,Peter,Wright,Essendon,CHF,4,174,1,9,0,0,1,0,88,7
2025,24.0,2025-08-21,Jacob,Weitering,Carlton,FB,3,62,10,4,0,0,2,0,100,13
2025,24.0,2025-08-21,George,Hewett,Carlton,RR,7,332,3,18,4,6,10,1,75,27
2025,24.0,2025-08-21,Jade,Gresham,Essendon,INT,4,104,2,14,2,0,2,1,71,10
2025,24.0,2025-08-21,Mason,Redman,Essendon,HBFL,6,655,8,5,4,0,4,0,85,29
2025,24.0,2025-08-21,Andrew,McGrath,Essendon,BPL,4,348,4,17,3,1,8,0,80,24
2025,24.0,2025-08-21,Lewis,Young,Carlton,CHB,2,27,3,7,0,0,2,0,67,4
2025,24.0,2025-08-21,Harry,McKay,Carlton,CHF,8,376,1,8,4,0,1,2,47,8
2025,24.0,2025-08-21,Matt,Guelfi,Essendon,HFFL,9,253,0,4,1,0,3,2,85,11
2025,24.0,2025-08-21,Tom,De Koning,Carlton,FF,1,320,1,8,3,3,3,0,53,8
2025,24.0,2025-08-21,Sam,Walsh,Carlton,WL,4,326,1,8,5,2,4,1,75,21
2025,24.0,2025-08-21,Xavier,Duursma,Essendon,INT,3,321,4,16,2,1,5,1,79,15
2025,24.0,2025-08-21,Francis,Evans,Carlton,FPR,12,333,1,19,2,2,5,2,84,16
2025,24.0,2025-08-21,Jaxon,Prior,Essendon,FB,2,135,6,9,1,0,5,0,88,15
2025,24.0,2025-08-21,Archie,Perkins,Essendon,RR,3,269,1,10,3,0,7,2,68,13
2025,24.0,2025-08-21,Corey,Durdin,Carlton,R,5,189,1,15,4,0,2,1,80,12
2025,24.0,2025-08-21,Jesse,Motlop,Carlton,INT,6,394,2,16,3,2,3,1,77,17
2025,24.0,2025-08-21,Jye,Menzie,Essendon,HFFR,3,140,0,8,3,0,2,0,57,4
2025,24.0,2025-08-21,Lachlan,Cowan,Carlton,HBFL,4,373,6,9,0,0,2,0,86,19
2025,24.0,2025-08-21,Oliver,Hollands,Carlton,WR,4,356,2,19,3,0,6,1,81,17
2025,24.0,2025-08-21,Archie,Roberts,Essendon,HBFR,3,405,4,15,3,1,6,0,89,25
2025,24.0,2025-08-21,Ashton,Moir,Carlton,INT,3,98,1,13,2,0,2,0,63,5
2025,24.0,2025-08-21,Lucas,Camporeale,Carlton,SUB,2,119,0,5,0,1,0,0,80,4
2025,24.0,2025-08-21,Isaac,Kako,Essendon,FPR,7,192,1,22,1,1,5,2,74,14
2025,24.0,2025-08-21,Saad,El-Hawli,Essendon,WL,4,428,1,16,4,0,1,0,56,9
2025,24.0,2025-08-21,Will,White,Carlton,INT,1,65,0,11,0,0,1,0,50,2
2025,24.0,2025-08-21,Matthew,Carroll,Carlton,BPR,5,407,4,5,2,0,2,0,80,12
2025,24.0,2025-08-21,Angus,Clarke,Essendon,WR,1,560,6,11,6,0,5,0,74,20
2025,24.0,2025-08-21,Zak,Johnson,Essendon,SUB,3,191,1,2,1,0,1,0,70,7
2025,24.0,2025-08-21,Hudson,O'Keeffe,Carlton,RK,4,33,1,6,4,0,3,0,57,4
2025,24.0,2025-08-21,Luamon,Lual,Essendon,INT,3,180,0,15,2,0,2,0,75,9
2025,24.0,2025-08-21,Lachlan,Blakiston,Essendon,CHB,1,101,2,9,0,0,2,0,100,7
2025,24.0,2025-08-21,Billy,Wilson,Carlton,INT,4,372,3,16,0,0,1,0,90,17
2025,24.0,2025-08-21,Flynn,Young,Carlton,FPL,5,442,0,12,2,0,1,1,74,14
2025,24.0,2025-08-21,Liam,McMahon,Essendon,FF,0,-3,0,5,0,0,1,0,100,2
2025,24.0,2025-08-21,Jayden,Nguyen,Essendon,BPR,1,102,2,9,3,0,1,0,70,7
2025,24.0,2025-08-21,Rhys,Unwin,Essendon,INT,3,125,0,9,2,0,1,0,50,3
2025,24.0,2025-08-22,Scott,Pendlebury,Collingwood,RR,6,213,6,11,3,2,2,1,91,19
2025,24.0,2025-08-22,Steele,Sidebottom,Collingwood,WR,3,345,5,12,3,0,5,0,75,12
2025,24.0,2025-08-22,Jake,Melksham,Melbourne,HFFL,7,300,0,6,5,0,1,1,67,8
2025,24.0,2025-08-22,Steven,May,Melbourne,FB,3,439,9,5,4,0,2,0,87,20
2025,24.0,2025-08-22,Max,Gawn,Melbourne,RK,9,190,6,8,4,1,6,0,70,16
2025,24.0,2025-08-22,Jeremy,Howe,Collingwood,BPR,0,115,2,1,0,0,0,0,80,4
2025,24.0,2025-08-22,Tom,McDonald,Melbourne,CHB,1,268,5,2,1,0,4,0,75,9
2025,24.0,2025-08-22,Jack,Crisp,Collingwood,INT,3,294,4,19,6,0,7,3,61,11
2025,24.0,2025-08-22,Jamie,Elliott,Collingwood,FPL,6,254,0,13,3,0,0,0,60,9
2025,24.0,2025-08-22,Jack,Viney,Melbourne,R,3,261,5,19,5,0,7,1,77,17
2025,24.0,2025-08-22,Christian,Salem,Melbourne,BPR,5,481,5,11,2,0,6,0,96,26
2025,24.0,2025-08-22,Daniel,McStay,Collingwood,INT,4,48,0,7,1,0,3,1,56,5
2025,24.0,2025-08-22,Tim,Membrey,Collingwood,CHF,6,40,1,8,0,0,3,1,75,6
2025,24.0,2025-08-22,Jordan,De Goey,Collingwood,R,8,486,2,15,4,4,5,0,65,17
2025,24.0,2025-08-22,Brayden,Maynard,Collingwood,HBFR,4,385,4,8,1,0,2,0,94,15
2025,24.0,2025-08-22,Darcy,Moore,Collingwood,FB,0,51,2,6,1,0,0,0,100,7
2025,24.0,2025-08-22,Ed,Langdon,Melbourne,WL,4,311,0,9,3,1,4,0,64,9
2025,24.0,2025-08-22,Clayton,Oliver,Melbourne,INT,9,290,0,12,3,1,2,0,87,26
2025,24.0,2025-08-22,Christian,Petracca,Melbourne,C,5,531,1,12,6,2,7,0,64,18
2025,24.0,2025-08-22,Dan,Houston,Collingwood,WL,3,448,7,10,0,1,5,0,82,18
2025,24.0,2025-08-22,Harry,Perryman,Collingwood,HBFL,2,397,4,15,4,0,3,0,75,12
2025,24.0,2025-08-22,Josh,Daicos,Collingwood,CHB,3,572,3,14,5,0,2,0,58,11
2025,24.0,2025-08-22,Patrick,Lipinski,Collingwood,HFFR,7,308,1,6,1,0,2,0,80,12
2025,24.0,2025-08-22,Bayley,Fritsch,Melbourne,CHF,6,339,0,5,4,0,0,1,71,12
2025,24.0,2025-08-22,Brody,Mihocek,Collingwood,FF,4,261,1,4,2,0,3,0,63,5
2025,24.0,2025-08-22,Harrison,Petty,Melbourne,INT,3,109,0,7,1,0,0,1,80,4
2025,24.0,2025-08-22,Darcy,Cameron,Collingwood,RK,4,223,3,9,3,1,1,0,57,8
2025,24.0,2025-08-22,Billy,Frampton,Collingwood,BPL,1,143,9,3,1,0,0,0,92,11
2025,24.0,2025-08-22,Tom,Sparrow,Melbourne,INT,5,146,3,18,2,1,4,0,80,12
2025,24.0,2025-08-22,Lachie,Schultz,Collingwood,FPR,6,350,1,18,5,0,4,2,56,9
2025,24.0,2025-08-22,Isaac,Quaynor,Collingwood,INT,1,266,4,8,1,0,3,0,100,15
2025,24.0,2025-08-22,Kade,Chandler,Melbourne,HFFR,5,216,2,13,1,1,3,2,60,9
2025,24.0,2025-08-22,Kysaiah,Pickett,Melbourne,FPL,3,304,0,12,4,2,3,0,63,10
2025,24.0,2025-08-22,Trent,Rivers,Melbourne,HBFL,7,390,0,13,2,3,6,0,68,15
2025,24.0,2025-08-22,Harry,Sharp,Melbourne,SUB,0,-3,0,2,1,0,0,0,0,0
2025,24.0,2025-08-22,Beau,McCreery,Collingwood,INT,8,222,3,15,2,0,4,0,78,14
2025,24.0,2025-08-22,Jake,Bowey,Melbourne,HBFR,4,443,1,9,4,0,4,0,88,21
2025,24.0,2025-08-22,Nick,Daicos,Collingwood,HFFL,4,453,4,24,8,1,8,0,70,19
2025,24.0,2025-08-22,Daniel,Turner,Melbourne,BPL,0,148,8,7,3,0,5,0,77,10
2025,24.0,2025-08-22,Jai,Culley,Melbourne,WR,1,72,1,10,1,0,3,0,90,9
2025,24.0,2025-08-22,Ned,Long,Collingwood,C,3,226,2,18,3,0,3,0,71,12
2025,24.0,2025-08-22,Judd,McVee,Melbourne,FPR,1,396,0,3,5,1,3,0,59,10
2025,24.0,2025-08-22,Jacob,van Rooyen,Melbourne,FF,5,111,1,6,1,1,2,0,83,10
2025,24.0,2025-08-22,Blake,Howes,Melbourne,INT,2,102,6,9,2,0,4,0,67,8
2025,24.0,2025-08-22,Harvey,Langford,Melbourne,RR,7,665,5,6,3,0,7,0,92,24
2025,24.0,2025-08-22,Roan,Steele,Collingwood,SUB,2,196,0,7,1,0,0,0,100,7
2025,24.0,2025-08-22,Travis,Boak,Port Adelaide,C,2,268,1,25,3,3,5,2,50,11
2025,24.0,2025-08-22,Alex,Sexton,Gold Coast,HBFR,4,147,1,3,1,0,3,1,63,5
2025,24.0,2025-08-22,Jarrod,Witts,Gold Coast,RK,6,13,1,9,0,0,3,0,70,7
2025,24.0,2025-08-22,Touk,Miller,Gold Coast,HFFL,8,435,2,19,3,2,5,1,60,12
2025,24.0,2025-08-22,Rory,Atkins,Port Adelaide,SUB,0,46,1,2,1,0,1,0,67,2
2025,24.0,2025-08-22,Lachie,Weller,Gold Coast,WL,3,307,3,9,1,0,8,0,77,13
2025,24.0,2025-08-22,Darcy,Byrne-Jones,Port Adelaide,CHB,5,347,9,8,4,0,5,0,83,15
2025,24.0,2025-08-22,Aliir,Aliir,Port Adelaide,BPR,1,297,5,6,4,0,2,0,55,6
2025,24.0,2025-08-22,Sam,Collins,Gold Coast,BPR,3,171,9,6,3,0,3,0,82,9
2025,24.0,2025-08-22,Brayden,Fiorini,Gold Coast,WR,6,308,8,20,6,0,7,1,70,19
2025,24.0,2025-08-22,Ben,Ainsworth,Gold Coast,CHF,2,338,1,12,4,0,4,0,54,7
2025,24.0,2025-08-22,Ben,Long,Gold Coast,FPL,8,232,2,17,4,0,2,2,62,8
2025,24.0,2025-08-22,Willie,Rioli,Port Adelaide,FPL,3,147,2,9,1,0,2,1,73,8
2025,24.0,2025-08-22,Wil,Powell,Gold Coast,BPL,4,615,8,18,7,0,5,0,76,16
2025,24.0,2025-08-22,Kane,Farrell,Port Adelaide,INT,2,579,6,11,5,0,3,0,76,16
2025,24.0,2025-08-22,Zak,Butters,Port Adelaide,R,6,564,8,10,4,2,8,0,74,26
2025,24.0,2025-08-22,Willem,Drew,Port Adelaide,WL,5,258,4,16,3,1,7,0,67,14
2025,24.0,2025-08-22,Connor,Rozee,Port Adelaide,RR,6,634,2,19,9,3,5,3,59,20
2025,24.0,2025-08-22,Ben,King,Gold Coast,FPR,5,122,1,5,0,0,0,2,60,3
2025,24.0,2025-08-22,John,Noble,Gold Coast,HBFL,6,643,7,9,5,0,4,0,89,24
2025,24.0,2025-08-22,Brandon,Zerk-Thatcher,Port Adelaide,BPL,2,212,6,4,2,0,2,0,86,12
2025,24.0,2025-08-22,Noah,Anderson,Gold Coast,R,4,380,4,21,5,0,6,0,67,14
2025,24.0,2025-08-22,Connor,Budarick,Gold Coast,HFFR,3,49,1,8,1,0,1,0,75,6
2025,24.0,2025-08-22,Matt,Rowell,Gold Coast,C,5,271,4,25,3,4,8,0,71,15
2025,24.0,2025-08-22,Mitch,Georgiades,Port Adelaide,FF,8,284,2,15,3,0,1,1,87,13
2025,24.0,2025-08-22,Sam,Flanders,Gold Coast,SUB,2,63,0,3,0,0,3,0,88,7
2025,24.0,2025-08-22,Jy,Farrar,Gold Coast,FF,4,135,1,10,0,0,0,1,80,4
2025,24.0,2025-08-22,Lachie,Jones,Port Adelaide,HBFL,2,320,9,6,3,0,5,0,65,11
2025,24.0,2025-08-22,Jordon,Sweet,Port Adelaide,RK,5,130,1,14,0,1,3,0,89,8
2025,24.0,2025-08-22,Jed,McEntee,Port Adelaide,CHF,4,121,1,13,0,0,6,3,70,7
2025,24.0,2025-08-22,Joel,Jeffrey,Gold Coast,INT,3,172,0,3,1,0,0,0,89,8
2025,24.0,2025-08-22,Alex,Davies,Gold Coast,INT,3,219,2,18,4,2,5,1,40,6
2025,24.0,2025-08-22,Jackson,Mead,Port Adelaide,HBFR,1,156,2,4,2,0,1,0,50,4
2025,24.0,2025-08-22,Mac,Andrew,Gold Coast,FB,3,419,3,8,2,0,1,0,75,15
2025,24.0,2025-08-22,Bodhi,Uwland,Gold Coast,CHB,2,329,6,9,7,0,3,0,59,10
2025,24.0,2025-08-22,Ollie,Lord,Port Adelaide,HFFR,3,91,0,7,1,0,0,1,67,2
2025,24.0,2025-08-22,Ethan,Read,Gold Coast,INT,4,103,1,10,6,0,4,1,64,7
2025,24.0,2025-08-22,Joe,Richards,Port Adelaide,HFFL,6,146,1,14,5,0,2,0,57,8
2025,24.0,2025-08-22,Joe,Berry,Port Adelaide,INT,1,131,1,8,3,0,5,0,57,8
2025,24.0,2025-08-22,Christian,Moraes,Port Adelaide,INT,4,91,0,22,2,0,3,2,83,10
2025,24.0,2025-08-22,Mani,Liddy,Port Adelaide,WR,3,307,6,12,5,0,5,0,59,10
2025,24.0,2025-08-22,Oscar,Adams,Gold Coast,RR,2,118,4,10,2,0,1,0,67,6
2025,24.0,2025-08-22,Jack,Whitlock,Port Adelaide,FPR,2,120,1,17,3,0,2,4,38,3
2025,24.0,2025-08-22,Ewan,Mackinlay,Port Adelaide,INT,5,360,1,17,4,0,2,1,73,11
2025,24.0,2025-08-22,Harrison,Ramm,Port Adelaide,FB,0,96,1,3,2,0,0,0,60,3
2025,24.0,2025-08-22,Lachlan,Gulbin,Gold Coast,INT,1,213,1,12,5,0,3,2,78,7
2025,24.0,2025-08-23,Taylor,Walker,Adelaide,FF,5,315,0,7,1,0,3,0,85,11
2025,24.0,2025-08-23,Brodie,Smith,Adelaide,SUB,2,127,3,3,0,0,1,0,100,6
2025,24.0,2025-08-23,Jack,Darling,North Melbourne,FF,3,145,0,6,1,0,2,1,60,3
2025,24.0,2025-08-23,Luke,Parker,North Melbourne,INT,6,235,0,10,1,2,10,1,82,22
2025,24.0,2025-08-23,Rory,Laird,Adelaide,HBFR,8,319,4,13,2,0,7,0,96,22
2025,24.0,2025-08-23,Aidan,Corr,North Melbourne,WL,0,26,2,8,0,0,2,0,75,3
2025,24.0,2025-08-23,Alex,Neal-Bullen,Adelaide,HFFR,5,53,0,21,1,0,4,1,78,7
2025,24.0,2025-08-23,Caleb,Daniel,North Melbourne,CHB,5,525,1,8,4,0,0,0,82,18
2025,24.0,2025-08-23,Wayne,Milera,Adelaide,HBFL,6,334,5,11,3,0,4,0,83,15
2025,24.0,2025-08-23,Ben,Keays,Adelaide,HFFL,9,299,1,17,5,1,6,3,58,11
2025,24.0,2025-08-23,Reilly,O'Brien,Adelaide,RK,6,225,2,17,1,0,1,0,82,9
2025,24.0,2025-08-23,Jy,Simpkin,North Melbourne,HFFR,6,736,4,8,9,1,7,0,67,22
2025,24.0,2025-08-23,Jordan,Dawson,Adelaide,C,7,420,4,21,3,2,4,0,61,14
2025,24.0,2025-08-23,Griffin,Logue,North Melbourne,BPR,1,84,4,7,1,0,1,0,93,13
2025,24.0,2025-08-23,Darcy,Fogarty,Adelaide,FPR,7,282,0,4,3,1,0,1,82,14
2025,24.0,2025-08-23,Luke,Davies-Uniacke,North Melbourne,C,7,447,1,18,3,5,12,1,61,19
2025,24.0,2025-08-23,Isaac,Cumming,Adelaide,WL,6,157,2,11,1,0,4,1,100,11
2025,24.0,2025-08-23,Bailey,Scott,North Melbourne,FPL,3,322,1,7,0,0,1,0,100,10
2025,24.0,2025-08-23,Mitchell,Hinge,Adelaide,INT,3,96,5,7,1,0,4,0,85,11
2025,24.0,2025-08-23,Tristan,Xerri,North Melbourne,RK,9,198,5,17,3,4,6,0,56,14
2025,24.0,2025-08-23,Dylan,Stephens,North Melbourne,INT,6,358,1,11,3,1,6,0,82,18
2025,24.0,2025-08-23,Mark,Keane,Adelaide,FB,2,329,5,4,3,0,1,0,91,10
2025,24.0,2025-08-23,Sam,Berry,Adelaide,RR,6,403,2,23,4,4,9,0,75,18
2025,24.0,2025-08-23,Tom,Powell,North Melbourne,HBFL,3,175,1,8,3,1,5,0,63,10
2025,24.0,2025-08-23,Nick,Murray,Adelaide,CHB,0,133,3,3,0,0,0,0,86,6
2025,24.0,2025-08-23,Riley,Thilthorpe,Adelaide,CHF,11,484,1,6,0,0,2,1,72,13
2025,24.0,2025-08-23,Josh,Worrell,Adelaide,BPL,4,394,9,5,5,0,5,0,84,16
2025,24.0,2025-08-23,James,Peatling,Adelaide,INT,10,381,1,18,2,1,6,2,74,14
2025,24.0,2025-08-23,Charlie,Comben,North Melbourne,BPL,1,199,6,10,1,0,3,0,67,8
2025,24.0,2025-08-23,Jake,Soligo,Adelaide,R,5,171,2,18,1,2,5,0,86,12
2025,24.0,2025-08-23,Paul,Curtis,North Melbourne,HFFL,5,167,0,10,1,0,1,3,64,7
2025,24.0,2025-08-23,Harry,Sheezel,North Melbourne,RR,5,373,4,12,7,2,4,0,72,23
2025,24.0,2025-08-23,George,Wardlaw,North Melbourne,R,4,317,2,29,3,3,3,2,78,14
2025,24.0,2025-08-23,Cooper,Harvey,North Melbourne,SUB,3,89,1,2,2,0,3,0,50,3
2025,24.0,2025-08-23,Colby,McKercher,North Melbourne,WR,3,220,1,11,4,0,1,0,87,20
2025,24.0,2025-08-23,Toby,Pink,North Melbourne,FB,2,242,4,7,3,0,0,0,90,9
2025,24.0,2025-08-23,Daniel,Curtin,Adelaide,WR,5,117,3,14,1,0,2,0,71,5
2025,24.0,2025-08-23,Billy,Dowling,Adelaide,INT,3,187,1,11,2,1,8,0,50,7
2025,24.0,2025-08-23,Zac,Taylor,Adelaide,FPL,5,130,2,11,3,0,1,1,71,5
2025,24.0,2025-08-23,Hugh,Bond,Adelaide,BPR,0,101,1,9,3,0,0,0,67,2
2025,24.0,2025-08-23,Jacob,Konstanty,North Melbourne,FPR,4,261,2,12,3,0,4,3,43,6
2025,24.0,2025-08-23,Finn,O'Sullivan,North Melbourne,HBFR,2,129,5,13,3,0,2,0,100,17
2025,24.0,2025-08-23,Sid,Draper,Adelaide,INT,0,105,1,5,3,0,1,0,20,1
2025,24.0,2025-08-23,Zac,Banch,North Melbourne,INT,2,146,1,10,2,0,3,0,67,6
2025,24.0,2025-08-23,Geordie,Payne,North Melbourne,INT,0,1,0,10,0,0,1,2,0,0
2025,24.0,2025-08-23,Cooper,Trembath,North Melbourne,CHF,6,142,2,13,0,0,4,2,73,8
2025,24.0,2025-08-23,Patrick,Dangerfield,Geelong,FPL,6,399,1,11,5,1,4,1,53,9
2025,24.0,2025-08-23,Rhys,Stanley,Geelong,RK,4,150,0,11,1,2,1,1,67,6
2025,24.0,2025-08-23,Dion,Prestia,Richmond,C,8,317,0,19,1,2,6,0,79,23
2025,24.0,2025-08-23,Tom,Lynch,Richmond,FF,6,214,1,5,5,0,3,0,73,8
2025,24.0,2025-08-23,Jeremy,Cameron,Geelong,FF,14,514,1,5,1,0,4,1,60,12
2025,24.0,2025-08-23,Mark,Blicavs,Geelong,WL,2,68,3,14,1,0,3,0,67,6
2025,24.0,2025-08-23,Jack,Martin,Geelong,INT,8,242,0,13,3,0,2,1,77,10
2025,24.0,2025-08-23,Jed,Bews,Geelong,INT,6,234,6,12,2,0,5,0,87,13
2025,24.0,2025-08-23,Kamdyn,McIntosh,Richmond,WL,6,315,4,8,3,1,3,0,60,9
2025,24.0,2025-08-23,Toby,Nankervis,Richmond,RK,3,108,1,15,1,2,5,0,57,8
2025,24.0,2025-08-23,Jayden,Short,Richmond,HBFR,4,494,2,14,1,0,0,0,92,24
2025,24.0,2025-08-23,Jacob,Hopper,Richmond,R,5,218,3,9,3,3,11,0,76,22
2025,24.0,2025-08-23,Nathan,Broad,Richmond,HBFL,0,96,3,10,3,0,3,0,33,2
2025,24.0,2025-08-23,Jack,Bowes,Geelong,HFFR,7,191,4,10,0,0,4,1,75,9
2025,24.0,2025-08-23,Tim,Taranto,Richmond,RR,6,310,5,16,7,3,12,1,59,16
2025,24.0,2025-08-23,Tom,Stewart,Geelong,CHB,7,510,9,12,3,0,2,0,96,22
2025,24.0,2025-08-23,Zach,Guthrie,Geelong,HBFL,4,209,4,10,2,0,4,0,73,11
2025,24.0,2025-08-23,Tyson,Stengle,Geelong,FPR,9,285,3,9,4,0,4,1,44,7
2025,24.0,2025-08-23,Jack,Henry,Geelong,BPL,3,160,5,4,2,0,1,0,75,9
2025,24.0,2025-08-23,Noah,Balta,Richmond,INT,3,152,1,7,4,1,7,0,62,8
2025,24.0,2025-08-23,Tom,Atkins,Geelong,RR,12,462,4,25,2,0,6,0,78,21
2025,24.0,2025-08-23,Gryan,Miers,Geelong,INT,7,219,4,17,1,0,8,0,81,21
2025,24.0,2025-08-23,Bailey,Smith,Geelong,R,10,594,5,17,6,4,10,0,68,23
2025,24.0,2025-08-23,Jack,Ross,Richmond,INT,7,178,1,13,6,0,5,0,70,14
2025,24.0,2025-08-23,Brad,Close,Geelong,HFFL,4,70,0,12,0,0,2,0,100,8
2025,24.0,2025-08-23,Max,Holmes,Geelong,C,6,677,4,14,6,0,9,0,81,21
2025,24.0,2025-08-23,Rhyan,Mansell,Richmond,FPR,8,183,2,17,2,0,4,1,67,10
2025,24.0,2025-08-23,Sam,De Koning,Geelong,FB,2,206,5,6,2,0,0,0,82,9
2025,24.0,2025-08-23,Maurice,Rioli,Richmond,HFFL,1,104,0,23,2,0,1,0,60,3
2025,24.0,2025-08-23,Ben,Miller,Richmond,BPR,3,343,6,16,0,0,2,0,94,15
2025,24.0,2025-08-23,Josh,Gibcus,Richmond,BPL,0,128,3,9,1,0,3,0,71,5
2025,24.0,2025-08-23,Oliver,Dempsey,Geelong,WR,7,253,1,12,4,0,5,1,65,11
2025,24.0,2025-08-23,Mitch,Knevitt,Geelong,SUB,2,110,0,1,1,0,1,0,33,1
2025,24.0,2025-08-23,Tyler,Sonsie,Richmond,INT,5,330,2,6,5,0,5,0,62,13
2025,24.0,2025-08-23,Tylar,Young,Richmond,FB,3,379,5,13,1,0,3,0,82,14
2025,24.0,2025-08-23,Oisin,Mullin,Geelong,INT,3,58,2,12,2,2,6,2,71,10
2025,24.0,2025-08-23,Sam,Banks,Richmond,CHB,6,590,2,9,4,0,3,0,80,24
2025,24.0,2025-08-23,James,Trezise,Richmond,WR,2,185,4,13,2,0,4,0,77,10
2025,24.0,2025-08-23,Tom,Brown,Richmond,INT,3,419,7,10,6,0,6,0,70,14
2025,24.0,2025-08-23,Seth,Campbell,Richmond,HFFR,9,305,0,17,4,0,6,0,58,11
2025,24.0,2025-08-23,Shaun,Mannagh,Geelong,CHF,5,373,2,18,5,0,3,3,83,15
2025,24.0,2025-08-23,Connor,O'Sullivan,Geelong,BPR,4,210,4,15,1,0,1,0,82,9
2025,24.0,2025-08-23,Lawson,Humphries,Geelong,HBFR,3,155,1,10,1,0,1,0,90,9
2025,24.0,2025-08-23,Harry,Armstrong,Richmond,FPL,3,173,0,1,1,0,2,0,63,5
2025,24.0,2025-08-23,Luke,Trainor,Richmond,SUB,3,103,3,3,0,0,3,0,70,7
2025,24.0,2025-08-23,Taj,Hotton,Richmond,CHF,8,207,0,9,3,0,1,0,75,9
2025,24.0,2025-08-23,Jamie,Cripps,West Coast,FPR,5,320,3,15,2,0,2,0,79,11
2025,24.0,2025-08-23,Harry,Cunningham,Sydney,INT,4,134,3,4,0,0,1,0,86,12
2025,24.0,2025-08-23,Dane,Rampe,Sydney,HBFL,3,200,2,6,4,0,2,0,80,12
2025,24.0,2025-08-23,Brodie,Grundy,Sydney,RK,7,101,1,8,2,0,5,0,62,8
2025,24.0,2025-08-23,Jake,Lloyd,Sydney,HFFL,8,304,4,6,0,0,2,2,96,21
2025,24.0,2025-08-23,Isaac,Heeney,Sydney,RR,11,347,1,16,2,5,10,1,65,17
2025,24.0,2025-08-23,Callum,Mills,Sydney,BPL,6,447,6,7,5,0,4,0,83,24
2025,24.0,2025-08-23,Tom,Papley,Sydney,FPR,13,628,1,11,2,1,3,2,85,23
2025,24.0,2025-08-23,Tom,Cole,West Coast,INT,2,272,4,9,0,0,2,0,85,17
2025,24.0,2025-08-23,Oliver,Florent,Sydney,WL,2,175,3,13,4,1,5,0,71,12
2025,24.0,2025-08-23,Will,Hayward,Sydney,FPL,4,135,0,10,3,0,5,0,64,7
2025,24.0,2025-08-23,Lewis,Melican,Sydney,FB,0,115,2,7,2,0,2,0,100,6
2025,24.0,2025-08-23,Jack,Graham,West Coast,RR,4,182,5,22,6,4,9,0,64,16
2025,24.0,2025-08-23,Tim,Kelly,West Coast,C,5,425,1,19,6,4,9,1,75,18
2025,24.0,2025-08-23,Liam,Ryan,West Coast,HFFL,5,240,1,10,1,0,3,0,55,6
2025,24.0,2025-08-23,Tom,McCartin,Sydney,BPR,5,199,14,3,2,0,9,0,91,20
2025,24.0,2025-08-23,Liam,Baker,West Coast,HBFR,3,318,5,10,3,0,7,0,73,19
2025,24.0,2025-08-23,Nick,Blakey,Sydney,CHB,9,472,5,3,2,0,1,0,65,13
2025,24.0,2025-08-23,James,Rowbottom,Sydney,INT,8,321,1,24,2,1,2,0,82,9
2025,24.0,2025-08-23,Hayden,McLean,Sydney,CHF,7,143,0,8,0,0,1,1,90,9
2025,24.0,2025-08-23,Chad,Warner,Sydney,C,7,241,2,18,6,3,5,0,65,11
2025,24.0,2025-08-23,Sam,Wicks,Sydney,HBFR,3,56,1,5,1,0,2,0,92,11
2025,24.0,2025-08-23,Bailey J.,Williams,West Coast,CHF,4,189,2,11,1,1,2,1,71,5
2025,24.0,2025-08-23,James,Jordon,Sydney,R,3,157,1,16,4,0,4,0,82,14
2025,24.0,2025-08-23,Tyler,Brockman,West Coast,INT,1,52,0,13,2,0,0,1,67,4
2025,24.0,2025-08-23,Errol,Gulden,Sydney,WR,10,639,1,11,9,2,2,0,72,26
2025,24.0,2025-08-23,Braeden,Campbell,Sydney,HFFR,9,193,2,14,3,0,2,1,69,9
2025,24.0,2025-08-23,Matt,Flynn,West Coast,RK,4,96,7,7,1,0,6,0,86,12
2025,24.0,2025-08-23,Angus,Sheldrick,Sydney,INT,0,140,0,10,4,0,3,1,40,4
2025,24.0,2025-08-23,Brady,Hough,West Coast,BPR,3,231,4,6,3,0,2,0,80,16
2025,24.0,2025-08-23,Rhett,Bazzo,West Coast,BPL,4,144,6,6,3,0,2,0,88,14
2025,24.0,2025-08-23,Noah,Long,West Coast,FPL,1,80,2,8,1,1,4,1,67,8
2025,24.0,2025-08-23,Reuben,Ginbey,West Coast,CHB,2,165,2,2,2,0,1,0,71,5
2025,24.0,2025-08-23,Campbell,Chesser,West Coast,WL,1,296,1,9,4,0,6,0,47,7
2025,24.0,2025-08-23,Elijah,Hewett,West Coast,R,4,143,0,7,1,1,0,0,79,11
2025,24.0,2025-08-23,Corey,Warner,Sydney,INT,6,422,1,2,1,0,2,0,86,12
2025,24.0,2025-08-23,Jack,Buller,Sydney,FF,7,152,3,7,2,0,3,0,64,9
2025,24.0,2025-08-23,Tyrell,Dewar,West Coast,SUB,2,212,1,7,2,0,1,0,57,4
2025,24.0,2025-08-23,Clay,Hall,West Coast,INT,1,228,1,19,5,0,5,0,53,9
2025,24.0,2025-08-23,Riley,Bice,Sydney,SUB,5,50,5,6,0,0,4,0,91,10
2025,24.0,2025-08-23,Sandy,Brock,West Coast,FB,2,162,4,6,1,0,3,0,92,12
2025,24.0,2025-08-23,Hamish,Davis,West Coast,HFFR,1,171,2,10,2,0,2,0,85,11
2025,24.0,2025-08-23,Tom,McCarthy,West Coast,WR,5,283,3,18,6,0,6,1,71,12
2025,24.0,2025-08-23,Jobe,Shanahan,West Coast,FF,5,129,0,13,2,0,0,1,67,4
2025,24.0,2025-08-23,Jacob,Newton,West Coast,INT,3,124,1,15,1,0,1,3,40,2
2025,24.0,2025-08-23,Lucca,Grego,West Coast,HBFL,0,235,5,7,3,0,4,0,71,10
2025,24.0,2025-08-24,Stephen,Coniglio,Greater Western Sydney,C,2,35,0,8,0,0,1,1,57,4
2025,24.0,2025-08-24,Toby,Greene,Greater Western Sydney,FPL,11,402,2,12,2,0,3,0,82,14
2025,24.0,2025-08-24,Bradley,Hill,St Kilda,WR,3,326,0,11,3,0,1,0,63,10
2025,24.0,2025-08-24,Lachie,Whitfield,Greater Western Sydney,HBFL,2,544,10,10,4,0,4,0,90,28
2025,24.0,2025-08-24,Jack,Macrae,St Kilda,SUB,2,122,1,9,0,0,2,0,100,7
2025,24.0,2025-08-24,Zak,Jones,St Kilda,INT,5,233,0,13,0,2,8,0,74,14
2025,24.0,2025-08-24,Mason,Wood,St Kilda,WL,3,102,1,9,1,0,1,2,50,2
2025,24.0,2025-08-24,Jack,Sinclair,St Kilda,HBFR,4,757,5,9,8,0,9,0,91,31
2025,24.0,2025-08-24,Jack,Steele,St Kilda,RR,5,183,2,19,3,4,5,1,83,15
2025,24.0,2025-08-24,Harry,Himmelberg,Greater Western Sydney,BPR,2,374,3,7,2,0,4,0,95,20
2025,24.0,2025-08-24,Rowan,Marshall,St Kilda,RK,3,356,1,12,2,3,7,1,57,12
2025,24.0,2025-08-24,Jack,Higgins,St Kilda,FPL,3,61,1,20,1,0,5,2,73,8
2025,24.0,2025-08-24,Sam,Taylor,Greater Western Sydney,FB,1,82,3,7,1,0,2,0,86,6
2025,24.0,2025-08-24,Callum,Wilkie,St Kilda,FB,4,313,4,3,2,0,1,0,94,15
2025,24.0,2025-08-24,Liam,Stocker,St Kilda,HBFL,2,216,5,11,4,0,5,1,67,8
2025,24.0,2025-08-24,Connor,Idun,Greater Western Sydney,BPL,3,76,3,6,1,0,4,0,100,14
2025,24.0,2025-08-24,Tom,Green,Greater Western Sydney,R,10,446,0,14,4,6,11,2,52,17
2025,24.0,2025-08-24,Toby,Bedford,Greater Western Sydney,HFFL,5,279,2,17,2,0,3,0,73,8
2025,24.0,2025-08-24,Lachie,Ash,Greater Western Sydney,HBFR,5,532,0,4,7,1,4,0,72,23
2025,24.0,2025-08-24,Xavier,O'Halloran,Greater Western Sydney,INT,4,114,1,23,3,2,4,1,60,9
2025,24.0,2025-08-24,Jake,Riccardi,Greater Western Sydney,FF,5,-5,1,19,1,1,3,0,50,4
2025,24.0,2025-08-24,Kieren,Briggs,Greater Western Sydney,RK,9,122,1,13,4,3,2,0,71,12
2025,24.0,2025-08-24,Callum,Brown,Greater Western Sydney,FPR,5,245,2,8,2,0,3,1,91,10
2025,24.0,2025-08-24,Cooper,Sharman,St Kilda,FPR,7,248,2,11,5,0,2,1,77,10
2025,24.0,2025-08-24,Nasiah,Wanganeen-Milera,St Kilda,CHB,5,549,1,10,2,2,4,1,52,12
2025,24.0,2025-08-24,Marcus,Windhager,St Kilda,R,4,440,1,11,3,0,4,1,65,15
2025,24.0,2025-08-24,Finn,Callaghan,Greater Western Sydney,RR,7,375,3,14,6,2,5,0,65,17
2025,24.0,2025-08-24,Jacob,Wehr,Greater Western Sydney,SUB,4,140,1,10,1,1,0,0,91,10
2025,24.0,2025-08-24,Ryan,Angwin,Greater Western Sydney,WR,2,355,1,13,3,0,2,0,75,12
2025,24.0,2025-08-24,Leek,Aleer,Greater Western Sydney,CHB,0,66,9,6,3,0,3,0,75,9
2025,24.0,2025-08-24,Anthony,Caminiti,St Kilda,BPR,0,62,3,5,1,0,1,0,100,8
2025,24.0,2025-08-24,Mattaes,Phillipou,St Kilda,INT,2,124,0,8,2,0,0,0,100,3
2025,24.0,2025-08-24,Harry,Rowston,Greater Western Sydney,INT,6,376,2,22,0,1,2,2,67,8
2025,24.0,2025-08-24,Aaron,Cadman,Greater Western Sydney,CHF,3,76,0,6,1,0,1,0,67,4
2025,24.0,2025-08-24,Harvey,Thomas,Greater Western Sydney,WL,7,189,3,15,0,0,2,1,85,11
2025,24.0,2025-08-24,Lance,Collard,St Kilda,INT,2,12,1,14,0,0,0,2,100,4
2025,24.0,2025-08-24,Darcy,Wilson,St Kilda,HFFR,10,355,5,18,2,0,8,0,78,18
2025,24.0,2025-08-24,Hugo,Garcia,St Kilda,CHF,3,261,4,19,2,0,4,1,83,10
2025,24.0,2025-08-24,Darcy,Jones,Greater Western Sydney,HFFR,11,218,3,20,1,0,8,0,61,11
2025,24.0,2025-08-24,Max,Gruzewski,Greater Western Sydney,INT,5,134,0,4,0,0,1,0,44,4
2025,24.0,2025-08-24,Joe,Fonti,Greater Western Sydney,INT,3,247,2,7,1,0,0,0,87,13
2025,24.0,2025-08-24,Max,Hall,St Kilda,HFFL,6,239,1,23,5,0,6,1,56,9
2025,24.0,2025-08-24,Isaac,Keeler,St Kilda,FF,5,157,1,9,4,0,3,1,77,10
2025,24.0,2025-08-24,Tobie,Travaglia,St Kilda,INT,2,118,2,6,1,0,2,1,83,5
2025,24.0,2025-08-24,Hugh,Boxshall,St Kilda,C,3,33,5,14,1,0,5,1,80,12
2025,24.0,2025-08-24,Alixzander,Tauru,St Kilda,BPL,0,-1,3,7,0,0,0,0,75,3
2025,24.0,2025-08-24,Nat,Fyfe,Fremantle,SUB,0,-8,0,5,0,0,0,0,100,1
2025,24.0,2025-08-24,Tom,Liberatore,Western Bulldogs,R,7,344,4,24,9,4,11,0,63,17
2025,24.0,2025-08-24,Jason,Johannisen,Western Bulldogs,HBFR,3,297,6,8,0,0,7,0,84,16
2025,24.0,2025-08-24,Jaeger,O'Meara,Fremantle,WL,2,210,4,11,5,1,4,0,73,8
2025,24.0,2025-08-24,Marcus,Bontempelli,Western Bulldogs,RR,8,680,2,24,5,5,10,2,70,23
2025,24.0,2025-08-24,Rory,Lobb,Western Bulldogs,CHB,3,280,3,8,3,0,1,0,91,10
2025,24.0,2025-08-24,Alex,Pearce,Fremantle,BPR,4,84,6,2,1,0,3,0,75,6
2025,24.0,2025-08-24,Bailey,Dale,Western Bulldogs,BPR,8,538,4,9,3,0,4,0,70,16
2025,24.0,2025-08-24,Bailey,Williams,Western Bulldogs,WR,5,211,5,8,1,0,4,0,100,16
2025,24.0,2025-08-24,Corey,Wagner,Fremantle,WR,2,195,0,13,3,1,0,2,67,4
2025,24.0,2025-08-24,Matthew,Kennedy,Western Bulldogs,HFFR,8,275,3,15,2,0,5,0,74,17
2025,24.0,2025-08-24,Shai,Bolton,Fremantle,C,7,267,1,19,2,1,6,2,79,15
2025,24.0,2025-08-24,Tim,English,Western Bulldogs,RK,6,255,4,12,3,2,2,2,60,9
2025,24.0,2025-08-24,Luke,Ryan,Fremantle,BPL,4,638,5,8,4,0,2,0,95,19
2025,24.0,2025-08-24,Brennan,Cox,Fremantle,FB,3,149,6,9,2,0,3,0,82,9
2025,24.0,2025-08-24,Sean,Darcy,Fremantle,INT,4,94,0,6,0,0,2,1,100,7
2025,24.0,2025-08-24,Bailey,Banfield,Fremantle,INT,5,431,6,16,4,0,6,0,75,15
2025,24.0,2025-08-24,Andrew,Brayshaw,Fremantle,R,7,220,4,26,2,1,6,1,74,14
2025,24.0,2025-08-24,Aaron,Naughton,Western Bulldogs,CHF,6,107,0,9,1,0,2,4,67,6
2025,24.0,2025-08-24,Ed,Richards,Western Bulldogs,C,6,424,3,16,5,1,7,0,76,16
2025,24.0,2025-08-24,Sam,Switkowski,Fremantle,HFFL,8,291,3,19,4,1,2,2,71,12
2025,24.0,2025-08-24,Jordan,Clark,Fremantle,HBFR,8,393,9,12,4,0,8,0,78,18
2025,24.0,2025-08-24,Oskar,Baker,Western Bulldogs,HFFL,10,393,0,16,2,0,4,1,80,16
2025,24.0,2025-08-24,Rhylee,West,Western Bulldogs,FPR,6,277,3,24,5,0,8,9,65,11
2025,24.0,2025-08-24,Hayden,Young,Fremantle,INT,5,290,1,15,4,2,6,0,63,10
2025,24.0,2025-08-24,Luke,Jackson,Fremantle,RK,6,170,2,16,2,0,2,1,67,8
2025,24.0,2025-08-24,Caleb,Serong,Fremantle,RR,4,584,1,29,7,6,8,1,63,15
2025,24.0,2025-08-24,Michael,Frederick,Fremantle,FPR,5,256,0,17,2,1,4,3,69,9
2025,24.0,2025-08-24,Lachlan,McNeil,Western Bulldogs,INT,1,43,0,6,0,0,3,1,75,3
2025,24.0,2025-08-24,Heath,Chapman,Fremantle,HBFL,3,241,5,6,2,0,1,0,86,12
2025,24.0,2025-08-24,Josh,Treacy,Fremantle,FF,7,313,1,10,2,0,1,1,85,11
2025,24.0,2025-08-24,Riley,Garcia,Western Bulldogs,FPL,2,122,2,15,2,0,6,4,56,5
2025,24.0,2025-08-24,Lachlan,Bramble,Western Bulldogs,BPL,3,319,3,7,4,0,1,0,71,10
2025,24.0,2025-08-24,Neil,Erasmus,Fremantle,INT,7,54,7,15,3,3,9,0,85,17
2025,24.0,2025-08-24,Jye,Amiss,Fremantle,FPL,4,168,2,4,4,1,3,2,40,4
2025,24.0,2025-08-24,Luke,Cleary,Western Bulldogs,INT,3,194,4,8,2,0,2,0,73,8
2025,24.0,2025-08-24,Sam,Darcy,Western Bulldogs,FF,4,165,2,7,5,1,5,0,50,7
2025,24.0,2025-08-24,Arthur,Jones,Western Bulldogs,SUB,5,95,0,6,0,0,3,0,83,5
2025,24.0,2025-08-24,James,O'Donnell,Western Bulldogs,FB,2,52,4,4,0,0,2,0,100,8
2025,24.0,2025-08-24,Karl,Worner,Fremantle,CHB,1,300,1,12,4,0,1,0,92,11
2025,24.0,2025-08-24,Patrick,Voss,Fremantle,CHF,6,261,0,10,1,0,5,1,80,8
2025,24.0,2025-08-24,Joel,Freijah,Western Bulldogs,INT,10,423,2,20,5,0,4,0,78,14
2025,24.0,2025-08-24,Murphy,Reid,Fremantle,HFFR,8,359,1,16,2,0,7,1,68,13
2025,24.0,2025-08-24,Sam,Davidson,Western Bulldogs,INT,4,260,2,17,3,0,3,2,67,8
2025,24.0,2025-08-24,Jedd,Busslinger,Western Bulldogs,HBFL,2,139,7,3,3,0,6,0,88,7
2025,24.0,2025-08-24,Jordan,Croft,Western Bulldogs,WL,7,123,1,9,1,0,2,0,62,8
2025,24.0,2025-08-24,Jack,Gunston,Hawthorn,FPL,8,181,0,5,1,1,4,1,67,6
2025,24.0,2025-08-24,Ryan,Lester,Brisbane Lions,BPR,2,274,4,6,2,0,1,0,82,14
2025,24.0,2025-08-24,Sam,Day,Brisbane Lions,CHF,4,130,0,9,1,0,1,1,50,4
2025,24.0,2025-08-24,Luke,Breust,Hawthorn,SUB,3,59,0,3,0,0,2,0,80,4
2025,24.0,2025-08-24,Dayne,Zorko,Brisbane Lions,BPL,6,596,5,8,3,1,3,0,82,18
2025,24.0,2025-08-24,Jarman,Impey,Hawthorn,HBFL,3,389,8,11,4,0,8,0,80,16
2025,24.0,2025-08-24,Darcy,Gardiner,Brisbane Lions,FB,1,105,2,5,1,0,2,0,80,4
2025,24.0,2025-08-24,Charlie,Cameron,Brisbane Lions,HFFL,8,181,0,13,1,0,2,1,70,7
2025,24.0,2025-08-24,James,Sicily,Hawthorn,CHB,5,408,7,14,4,0,6,0,68,13
2025,24.0,2025-08-24,Harris,Andrews,Brisbane Lions,CHB,4,278,8,11,2,0,4,0,89,16
2025,24.0,2025-08-24,Karl,Amon,Hawthorn,WL,6,956,8,13,5,0,10,0,74,25
2025,24.0,2025-08-24,Tom,Barrass,Hawthorn,FB,3,198,7,5,3,0,4,0,80,8
2025,24.0,2025-08-24,Callum,Ah Chee,Brisbane Lions,HFFR,5,331,1,10,2,0,2,0,68,13
2025,24.0,2025-08-24,Josh,Dunkley,Brisbane Lions,RR,9,284,5,29,3,0,12,2,76,25
2025,24.0,2025-08-24,Blake,Hardwick,Hawthorn,BPR,2,459,3,13,3,0,2,0,79,11
2025,24.0,2025-08-24,Mabior,Chol,Hawthorn,CHF,4,191,0,4,1,0,1,1,78,7
2025,24.0,2025-08-24,Hugh,McCluggage,Brisbane Lions,C,11,457,3,20,6,3,9,0,63,20
2025,24.0,2025-08-24,Josh,Battle,Hawthorn,BPL,3,287,4,8,4,0,3,0,88,14
2025,24.0,2025-08-24,Jack,Scrimshaw,Hawthorn,INT,2,190,6,8,0,0,3,0,83,10
2025,24.0,2025-08-24,Cam,Rayner,Brisbane Lions,FPL,7,579,2,15,5,1,7,1,59,13
2025,24.0,2025-08-24,Zac,Bailey,Brisbane Lions,WL,11,400,1,13,2,3,4,1,68,17
2025,24.0,2025-08-24,James,Worpel,Hawthorn,C,4,450,3,19,6,3,6,0,50,11
2025,24.0,2025-08-24,Mitch,Lewis,Hawthorn,FF,1,35,0,2,1,0,0,0,100,1
2025,24.0,2025-08-24,Brandon,Starcevich,Brisbane Lions,HBFR,4,260,5,8,1,0,2,0,92,12
2025,24.0,2025-08-24,Conor,Nash,Hawthorn,INT,4,324,1,23,5,2,7,0,58,11
2025,24.0,2025-08-24,Dylan,Moore,Hawthorn,WR,4,266,0,15,6,2,6,0,71,12
2025,24.0,2025-08-24,Darcy,Fort,Brisbane Lions,RK,7,90,1,17,0,1,3,1,50,6
2025,24.0,2025-08-24,Changkuoth,Jiath,Hawthorn,HBFR,6,124,1,16,1,0,4,0,85,11
2025,24.0,2025-08-24,Lloyd,Meek,Hawthorn,RK,8,160,0,13,1,0,3,0,73,11
2025,24.0,2025-08-24,Jai,Newcombe,Hawthorn,RR,6,442,0,19,7,1,5,0,57,13
2025,24.0,2025-08-24,Jack,Ginnivan,Hawthorn,FPR,8,266,2,8,5,0,6,0,70,16
2025,24.0,2025-08-24,Connor,Macdonald,Hawthorn,INT,3,57,1,18,2,0,4,1,69,9
2025,24.0,2025-08-24,Josh,Ward,Hawthorn,R,6,208,0,13,2,2,2,0,75,12
2025,24.0,2025-08-24,Kai,Lohmann,Brisbane Lions,FPR,5,134,1,14,2,1,3,1,70,7
2025,24.0,2025-08-24,Massimo,D'Ambrosio,Hawthorn,HFFL,3,228,1,5,1,0,4,0,82,9
2025,24.0,2025-08-24,James,Tunstill,Brisbane Lions,SUB,0,94,1,2,0,0,0,0,100,3
2025,24.0,2025-08-24,Darcy,Wilmot,Brisbane Lions,HBFL,6,526,9,6,5,0,5,0,78,21
2025,24.0,2025-08-24,Will,Ashcroft,Brisbane Lions,R,6,401,1,10,5,2,9,1,71,20
2025,24.0,2025-08-24,Jaspa,Fletcher,Brisbane Lions,INT,6,339,7,12,4,0,7,0,86,19
2025,24.0,2025-08-24,Nick,Watson,Hawthorn,HFFR,5,289,2,9,3,0,3,2,73,11
2025,24.0,2025-08-24,Calsher,Dear,Hawthorn,INT,4,105,2,14,1,0,2,2,17,1
2025,24.0,2025-08-24,Logan,Morris,Brisbane Lions,FF,3,94,0,8,1,0,2,0,67,4
2025,24.0,2025-08-24,Bruce,Reville,Brisbane Lions,WR,9,393,3,7,2,0,4,1,87,13
2025,24.0,2025-08-24,Levi,Ashcroft,Brisbane Lions,INT,3,152,2,9,3,0,8,0,63,12
2025,24.0,2025-08-24,Sam,Marshall,Brisbane Lions,INT,4,405,3,13,1,0,5,0,74,17
2025,24.0,2025-08-24,Ty,Gallop,Brisbane Lions,INT,4,57,2,15,3,0,3,2,60,3
2025,24.0,2025-08-27,Todd,Goldstein,Essendon,RK,1,75,0,6,2,1,1,0,100,5
2025,24.0,2025-08-27,Dylan,Shiel,Essendon,R,4,469,1,16,3,2,3,0,86,24
2025,24.0,2025-08-27,Jarrod,Witts,Gold Coast,RK,7,126,2,1,1,0,3,0,77,10
2025,24.0,2025-08-27,Zach,Merrett,Essendon,C,6,370,3,24,2,0,5,0,93,26
2025,24.0,2025-08-27,Touk,Miller,Gold Coast,HFFL,10,392,1,11,4,2,2,0,67,14
2025,24.0,2025-08-27,Kyle,Langford,Essendon,FPL,4,145,0,19,1,0,2,2,92,12
2025,24.0,2025-08-27,Peter,Wright,Essendon,CHF,4,164,1,11,5,2,3,1,82,9
2025,24.0,2025-08-27,Jayden,Laverde,Essendon,FB,0,242,4,1,2,0,0,0,82,9
2025,24.0,2025-08-27,Lachie,Weller,Gold Coast,WL,13,521,2,6,7,0,4,0,73,19
2025,24.0,2025-08-27,Daniel,Rioli,Gold Coast,HBFR,6,235,3,2,1,0,4,0,82,14
2025,24.0,2025-08-27,Mason,Redman,Essendon,HBFL,2,416,3,9,4,0,4,0,96,21
2025,24.0,2025-08-27,Sam,Collins,Gold Coast,BPR,7,84,6,4,1,0,4,0,89,8
2025,24.0,2025-08-27,Brayden,Fiorini,Gold Coast,WR,7,101,3,13,2,0,2,1,75,15
2025,24.0,2025-08-27,Andrew,McGrath,Essendon,BPL,2,316,2,22,3,2,9,0,67,14
2025,24.0,2025-08-27,Ben,Ainsworth,Gold Coast,CHF,9,254,0,6,1,0,1,1,82,14
2025,24.0,2025-08-27,Ben,Long,Gold Coast,FPL,8,261,0,8,2,0,3,0,67,8
2025,24.0,2025-08-27,Matt,Guelfi,Essendon,INT,1,40,0,3,4,0,4,0,20,1
2025,24.0,2025-08-27,Wil,Powell,Gold Coast,BPL,10,385,8,6,3,0,5,1,87,20
2025,24.0,2025-08-27,Xavier,Duursma,Essendon,WL,5,157,4,6,4,0,6,0,82,14
2025,24.0,2025-08-27,Ben,King,Gold Coast,FPR,8,227,0,5,0,0,0,0,88,7
2025,24.0,2025-08-27,John,Noble,Gold Coast,HBFL,11,505,4,13,2,0,2,1,91,29
2025,24.0,2025-08-27,Noah,Anderson,Gold Coast,R,8,634,6,10,1,8,12,0,79,27
2025,24.0,2025-08-27,Connor,Budarick,Gold Coast,INT,3,150,1,15,4,0,4,2,60,6
2025,24.0,2025-08-27,Matt,Rowell,Gold Coast,C,11,396,5,30,3,4,10,2,77,24
2025,24.0,2025-08-27,Sam,Flanders,Gold Coast,INT,9,291,4,16,1,0,6,0,95,19
2025,24.0,2025-08-27,Jy,Farrar,Gold Coast,FF,4,201,1,8,0,0,2,0,63,5
2025,24.0,2025-08-27,Jaxon,Prior,Essendon,CHB,4,203,5,4,2,0,3,0,69,9
2025,24.0,2025-08-27,Archie,Perkins,Essendon,INT,3,233,1,15,3,2,5,0,75,9
2025,24.0,2025-08-27,Sam,Durham,Essendon,HFFR,4,223,2,21,3,0,2,0,46,6
2025,24.0,2025-08-27,Joel,Jeffrey,Gold Coast,INT,7,587,1,4,5,0,1,0,100,20
2025,24.0,2025-08-27,Alex,Davies,Gold Coast,RR,7,281,2,21,3,3,5,0,82,14
2025,24.0,2025-08-27,Mac,Andrew,Gold Coast,CHB,5,254,3,4,3,0,0,0,93,13
2025,24.0,2025-08-27,Jye,Menzie,Essendon,RR,5,205,1,18,2,0,2,2,80,8
2025,24.0,2025-08-27,Bodhi,Uwland,Gold Coast,FB,7,464,6,4,4,0,2,0,90,17
2025,24.0,2025-08-27,Bailey,Humphrey,Gold Coast,HFFR,6,458,2,6,2,0,6,0,67,10
2025,24.0,2025-08-27,Ethan,Read,Gold Coast,INT,9,173,1,7,4,0,2,0,83,10
2025,24.0,2025-08-27,Jake,Rogers,Gold Coast,SUB,3,131,0,4,0,1,2,0,67,4
2025,24.0,2025-08-27,Archie,Roberts,Essendon,HBFR,5,585,4,17,8,0,4,1,69,20
2025,24.0,2025-08-27,Isaac,Kako,Essendon,FPR,5,321,2,14,3,4,9,2,77,13
2025,24.0,2025-08-27,Saad,El-Hawli,Essendon,FF,1,114,1,15,2,1,3,0,86,6
2025,24.0,2025-08-27,Angus,Clarke,Essendon,HFFL,4,355,7,6,1,0,6,0,76,16
2025,24.0,2025-08-27,Luamon,Lual,Essendon,WR,2,60,1,23,2,0,2,0,71,5
2025,24.0,2025-08-27,Lachlan,Blakiston,Essendon,INT,2,249,5,10,2,0,4,0,60,6
2025,24.0,2025-08-27,Liam,McMahon,Essendon,INT,5,101,2,7,1,0,4,0,75,6
2025,24.0,2025-08-27,Jayden,Nguyen,Essendon,BPR,2,203,5,10,1,0,2,0,88,7
2025,24.0,2025-08-27,Rhys,Unwin,Essendon,SUB,2,114,0,7,1,0,1,0,80,4
2025,,2025-09-04,Scott,Pendlebury,Collingwood,RR,5,279,2,16,0,2,4,1,87,20
2025,,2025-09-04,Taylor,Walker,Adelaide,FF,7,499,0,6,5,0,3,1,56,10
2025,,2025-09-04,Steele,Sidebottom,Collingwood,HFFL,6,363,1,10,4,1,4,0,67,10
2025,,2025-09-04,Brodie,Smith,Adelaide,SUB,0,141,2,5,3,0,1,0,50,3
2025,,2025-09-04,Jack,Crisp,Collingwood,WL,4,420,3,16,7,0,4,0,55,12
2025,,2025-09-04,Jamie,Elliott,Collingwood,FPL,6,191,0,7,1,0,1,1,62,8
2025,,2025-09-04,Rory,Laird,Adelaide,BPR,3,180,6,17,3,2,14,0,75,18
2025,,2025-09-04,Tim,Membrey,Collingwood,CHF,2,221,1,6,2,0,2,0,60,6
2025,,2025-09-04,Jordan,De Goey,Collingwood,C,5,332,0,16,3,3,6,0,73,19
2025,,2025-09-04,Alex,Neal-Bullen,Adelaide,HFFR,4,445,3,22,7,0,3,2,71,12
2025,,2025-09-04,Brayden,Maynard,Collingwood,BPR,1,554,7,8,5,0,6,0,85,17
2025,,2025-09-04,Darcy,Moore,Collingwood,FB,0,333,13,6,2,0,2,0,85,11
2025,,2025-09-04,Wayne,Milera,Adelaide,HBFL,1,139,4,15,2,0,4,0,91,10
2025,,2025-09-04,Mason,Cox,Collingwood,FF,2,-4,1,3,1,0,3,1,88,7
2025,,2025-09-04,Ben,Keays,Adelaide,HFFL,4,219,3,15,6,0,9,1,53,8
2025,,2025-09-04,Reilly,O'Brien,Adelaide,RK,4,77,3,19,1,1,4,0,67,6
2025,,2025-09-04,Dan,Houston,Collingwood,WR,2,174,7,18,3,0,6,1,75,12
2025,,2025-09-04,Jordan,Dawson,Adelaide,C,3,400,3,20,7,0,6,0,53,10
2025,,2025-09-04,Harry,Perryman,Collingwood,HBFL,1,242,6,10,3,0,6,0,79,11
2025,,2025-09-04,Josh,Daicos,Collingwood,CHB,1,473,4,7,5,1,9,0,71,17
2025,,2025-09-04,Patrick,Lipinski,Collingwood,HFFR,5,202,2,17,0,0,8,0,89,16
2025,,2025-09-04,Darcy,Fogarty,Adelaide,FPR,2,168,2,3,3,0,3,0,50,5
2025,,2025-09-04,Isaac,Cumming,Adelaide,WL,0,99,1,12,2,0,4,0,43,3
2025,,2025-09-04,Brody,Mihocek,Collingwood,INT,6,242,1,7,4,0,4,0,40,4
2025,,2025-09-04,Darcy,Cameron,Collingwood,RK,3,144,4,5,0,0,1,0,67,10
2025,,2025-09-04,Billy,Frampton,Collingwood,BPL,2,199,10,2,4,0,3,0,69,9
2025,,2025-09-04,Lachie,Schultz,Collingwood,FPR,5,232,1,15,2,0,4,2,72,13
2025,,2025-09-04,Mitchell,Hinge,Adelaide,INT,1,161,1,4,0,0,2,0,100,7
2025,,2025-09-04,Isaac,Quaynor,Collingwood,HBFR,5,381,6,13,2,0,3,0,81,13
2025,,2025-09-04,Mark,Keane,Adelaide,FB,2,336,6,4,2,0,3,0,88,14
2025,,2025-09-04,Sam,Berry,Adelaide,RR,2,277,5,16,4,2,10,0,75,9
2025,,2025-09-04,Nick,Murray,Adelaide,CHB,0,214,0,12,2,0,0,0,60,3
2025,,2025-09-04,Beau,McCreery,Collingwood,INT,4,271,3,15,5,1,5,0,71,10
2025,,2025-09-04,Riley,Thilthorpe,Adelaide,CHF,3,380,1,12,4,1,6,0,80,12
2025,,2025-09-04,Josh,Worrell,Adelaide,BPL,4,548,8,9,5,0,6,0,77,20
2025,,2025-09-04,Luke,Pedlar,Adelaide,INT,4,194,2,8,4,0,2,0,33,3
2025,,2025-09-04,James,Peatling,Adelaide,INT,1,73,4,19,2,1,4,0,67,6
2025,,2025-09-04,Nick,Daicos,Collingwood,R,8,435,1,20,5,2,6,2,71,17
2025,,2025-09-04,Jake,Soligo,Adelaide,R,3,353,3,22,6,0,8,1,38,8
2025,,2025-09-04,Ned,Long,Collingwood,INT,5,274,1,19,3,2,7,0,61,14
2025,,2025-09-04,Max,Michalanney,Adelaide,FPL,2,152,1,9,2,0,0,0,60,6
2025,,2025-09-04,Daniel,Curtin,Adelaide,WR,3,376,3,13,5,2,5,0,71,12
2025,,2025-09-04,Wil,Parker,Collingwood,INT,3,285,4,7,3,0,2,0,42,5
2025,,2025-09-04,Zac,Taylor,Adelaide,INT,2,128,0,17,3,1,2,1,50,4
2025,,2025-09-04,Hugh,Bond,Adelaide,HBFR,2,279,3,10,0,0,1,0,83,10
2025,,2025-09-04,Roan,Steele,Collingwood,SUB,0,59,0,0,0,0,0,0,100,2
2025,,2025-09-05,Patrick,Dangerfield,Geelong,FPR,3,284,2,12,4,1,6,0,58,11
2025,,2025-09-05,Ryan,Lester,Brisbane Lions,BPR,4,275,3,7,4,0,2,0,93,14
2025,,2025-09-05,Sam,Day,Brisbane Lions,CHF,2,69,1,8,0,0,4,0,86,6
2025,,2025-09-05,Jeremy,Cameron,Geelong,FF,10,225,1,12,2,0,3,3,46,6
2025,,2025-09-05,Lachie,Neale,Brisbane Lions,INT,2,316,1,11,3,0,9,0,66,21
2025,,2025-09-05,Dayne,Zorko,Brisbane Lions,BPL,5,776,7,17,6,0,6,0,83,29
2025,,2025-09-05,Mark,Blicavs,Geelong,HBFR,9,269,2,14,3,3,8,1,80,16
2025,,2025-09-05,Jack,Martin,Geelong,INT,6,368,1,9,5,2,2,1,67,8
2025,,2025-09-05,Darcy,Gardiner,Brisbane Lions,FB,0,99,2,9,2,0,2,1,80,8
2025,,2025-09-05,Charlie,Cameron,Brisbane Lions,HFFL,1,2,0,7,1,0,2,1,50,1
2025,,2025-09-05,Harris,Andrews,Brisbane Lions,CHB,5,85,9,3,0,0,4,0,88,14
2025,,2025-09-05,Callum,Ah Chee,Brisbane Lions,FPR,2,160,3,11,4,0,3,0,79,11
2025,,2025-09-05,Josh,Dunkley,Brisbane Lions,RR,5,453,2,30,6,1,6,1,57,17
2025,,2025-09-05,Jack,Bowes,Geelong,INT,6,364,2,11,1,0,8,0,63,10
2025,,2025-09-05,Tom,Stewart,Geelong,CHB,3,520,11,11,3,0,3,0,86,19
2025,,2025-09-05,Jarrod,Berry,Brisbane Lions,WR,5,453,3,12,4,0,2,1,83,15
2025,,2025-09-05,Hugh,McCluggage,Brisbane Lions,R,1,93,4,18,1,2,6,1,71,10
2025,,2025-09-05,Mark,O'Connor,Geelong,BPR,3,177,2,5,3,0,1,0,90,9
2025,,2025-09-05,Zach,Guthrie,Geelong,BPL,5,289,6,11,1,0,1,0,79,11
2025,,2025-09-05,Tyson,Stengle,Geelong,HFFR,6,196,3,16,1,0,2,0,67,8
2025,,2025-09-05,Cam,Rayner,Brisbane Lions,FPL,5,253,3,11,4,0,3,0,62,8
2025,,2025-09-05,Jack,Henry,Geelong,FB,2,81,9,5,1,0,5,0,85,11
2025,,2025-09-05,Zac,Bailey,Brisbane Lions,C,7,302,2,12,4,1,6,1,82,22
2025,,2025-09-05,Brandon,Starcevich,Brisbane Lions,HBFR,2,280,6,8,2,0,3,0,100,12
2025,,2025-09-05,Tom,Atkins,Geelong,R,7,302,2,42,2,0,7,2,59,10
2025,,2025-09-05,Gryan,Miers,Geelong,WL,2,233,2,23,2,0,3,1,79,15
2025,,2025-09-05,Bailey,Smith,Geelong,RR,6,365,2,16,4,1,4,0,68,15
2025,,2025-09-05,Darcy,Fort,Brisbane Lions,RK,4,178,1,18,1,1,4,0,67,10
2025,,2025-09-05,Brad,Close,Geelong,HFFL,8,315,2,21,3,0,4,1,78,14
2025,,2025-09-05,Max,Holmes,Geelong,C,5,630,3,24,7,2,10,0,65,15
2025,,2025-09-05,Sam,De Koning,Geelong,RK,4,61,3,13,1,0,3,0,89,8
2025,,2025-09-05,Kai,Lohmann,Brisbane Lions,HFFR,5,91,0,12,3,0,0,1,64,7
2025,,2025-09-05,Oliver,Dempsey,Geelong,WR,9,375,4,14,4,0,8,0,68,17
2025,,2025-09-05,Shannon,Neale,Geelong,FPL,2,83,0,13,4,0,4,2,67,4
2025,,2025-09-05,Darcy,Wilmot,Brisbane Lions,INT,6,317,4,14,3,0,3,0,75,18
2025,,2025-09-05,Will,Ashcroft,Brisbane Lions,INT,5,559,2,17,8,2,5,0,60,18
2025,,2025-09-05,Jhye,Clark,Geelong,SUB,1,35,0,1,0,0,0,0,100,1
2025,,2025-09-05,Oisin,Mullin,Geelong,INT,3,120,1,16,0,2,4,1,71,5
2025,,2025-09-05,Jaspa,Fletcher,Brisbane Lions,HBFL,4,369,5,9,4,0,6,0,80,16
2025,,2025-09-05,Shaun,Mannagh,Geelong,CHF,8,369,1,24,3,1,5,2,47,7
2025,,2025-09-05,Connor,O'Sullivan,Geelong,INT,0,79,5,11,1,0,3,0,60,6
2025,,2025-09-05,Logan,Morris,Brisbane Lions,FF,2,52,0,7,3,0,1,0,33,2
2025,,2025-09-05,Lawson,Humphries,Geelong,HBFL,3,245,3,10,1,0,2,0,85,11
2025,,2025-09-05,Levi,Ashcroft,Brisbane Lions,WL,0,167,1,10,1,0,3,0,69,9
2025,,2025-09-05,Sam,Marshall,Brisbane Lions,SUB,2,43,0,5,0,0,0,0,100,4
2025,,2025-09-05,Ty,Gallop,Brisbane Lions,INT,3,91,0,10,2,0,2,0,63,5
2025,,2025-09-06,Jack,Gunston,Hawthorn,FPL,5,124,0,10,0,0,3,2,88,7
2025,,2025-09-06,Stephen,Coniglio,Greater Western Sydney,C,2,252,0,22,5,1,2,1,50,7
2025,,2025-09-06,Toby,Greene,Greater Western Sydney,FPL,5,311,0,18,4,0,1,2,42,5
2025,,2025-09-06,Lachie,Whitfield,Greater Western Sydney,HBFL,5,627,7,14,3,0,7,0,81,29
2025,,2025-09-06,Jake,Stringer,Greater Western Sydney,FPR,4,175,0,11,2,0,4,0,60,6
2025,,2025-09-06,Jarman,Impey,Hawthorn,HBFL,6,960,2,16,7,0,2,0,71,20
2025,,2025-09-06,Josh,Kelly,Greater Western Sydney,SUB,6,351,2,12,5,1,7,0,89,16
2025,,2025-09-06,Jesse,Hogan,Greater Western Sydney,FF,5,147,0,6,1,0,2,1,67,6
2025,,2025-09-06,James,Sicily,Hawthorn,CHB,4,259,11,10,2,0,6,0,88,15
2025,,2025-09-06,Karl,Amon,Hawthorn,WL,1,721,4,13,3,0,3,0,74,17
2025,,2025-09-06,Tom,Barrass,Hawthorn,FB,0,145,5,7,4,0,1,0,75,6
2025,,2025-09-06,Harry,Himmelberg,Greater Western Sydney,INT,1,167,3,7,2,0,4,0,56,5
2025,,2025-09-06,Blake,Hardwick,Hawthorn,BPR,3,391,14,18,4,0,6,0,75,15
2025,,2025-09-06,Mabior,Chol,Hawthorn,CHF,5,63,1,15,0,2,6,3,78,7
2025,,2025-09-06,Josh,Battle,Hawthorn,BPL,4,183,8,5,2,0,5,0,79,15
2025,,2025-09-06,Jack,Scrimshaw,Hawthorn,INT,0,341,7,9,1,0,3,0,92,12
2025,,2025-09-06,James,Worpel,Hawthorn,INT,5,444,2,13,6,2,9,1,70,14
2025,,2025-09-06,Sam,Taylor,Greater Western Sydney,FB,1,114,6,6,3,0,3,0,63,5
2025,,2025-09-06,Conor,Nash,Hawthorn,R,8,412,1,22,2,2,5,1,63,15
2025,,2025-09-06,Dylan,Moore,Hawthorn,WR,2,173,1,13,4,0,8,0,68,13
2025,,2025-09-06,Connor,Idun,Greater Western Sydney,BPL,1,213,4,3,3,0,3,0,78,7
2025,,2025-09-06,Changkuoth,Jiath,Hawthorn,SUB,3,99,2,3,1,0,2,0,71,5
2025,,2025-09-06,Tom,Green,Greater Western Sydney,R,7,322,3,24,4,3,11,0,82,28
2025,,2025-09-06,Toby,Bedford,Greater Western Sydney,HFFL,5,279,3,20,1,0,6,4,85,11
2025,,2025-09-06,Lachie,Ash,Greater Western Sydney,HBFR,2,805,4,4,9,0,7,0,61,17
2025,,2025-09-06,Xavier,O'Halloran,Greater Western Sydney,INT,4,253,4,22,6,0,8,1,47,8
2025,,2025-09-06,Jake,Riccardi,Greater Western Sydney,INT,3,237,5,15,8,0,5,1,53,8
2025,,2025-09-06,Lloyd,Meek,Hawthorn,RK,3,46,4,15,2,2,6,1,78,14
2025,,2025-09-06,Kieren,Briggs,Greater Western Sydney,RK,6,220,3,10,3,3,2,0,56,9
2025,,2025-09-06,Callum,Brown,Greater Western Sydney,INT,3,191,0,25,2,0,2,1,82,9
2025,,2025-09-06,Jai,Newcombe,Hawthorn,RR,8,378,1,20,4,3,8,1,78,25
2025,,2025-09-06,Jack,Ginnivan,Hawthorn,FPR,6,349,0,13,4,1,4,0,59,10
2025,,2025-09-06,Connor,Macdonald,Hawthorn,INT,7,343,1,12,5,0,2,0,71,12
2025,,2025-09-06,Josh,Ward,Hawthorn,C,4,376,3,14,1,4,7,1,63,12
2025,,2025-09-06,Finn,Callaghan,Greater Western Sydney,RR,8,833,1,18,7,2,4,0,65,22
2025,,2025-09-06,Sam,Butler,Hawthorn,INT,5,101,1,12,0,0,0,2,71,5
2025,,2025-09-06,Massimo,D'Ambrosio,Hawthorn,HBFR,5,422,3,14,4,0,2,0,69,11
2025,,2025-09-06,Ryan,Angwin,Greater Western Sydney,WR,2,356,5,17,3,0,6,2,67,12
2025,,2025-09-06,Leek,Aleer,Greater Western Sydney,CHB,1,245,3,9,1,0,2,0,60,6
2025,,2025-09-06,Aaron,Cadman,Greater Western Sydney,CHF,5,147,0,7,2,0,1,1,60,6
2025,,2025-09-06,Josh,Weddle,Hawthorn,HFFL,5,464,3,19,4,0,4,2,50,8
2025,,2025-09-06,Harvey,Thomas,Greater Western Sydney,WL,4,149,5,16,1,0,6,1,86,12
2025,,2025-09-06,Nick,Watson,Hawthorn,HFFR,7,72,1,11,0,0,5,1,78,7
2025,,2025-09-06,Darcy,Jones,Greater Western Sydney,HFFR,3,266,0,13,0,1,2,1,40,2
2025,,2025-09-06,Calsher,Dear,Hawthorn,FF,3,65,1,14,2,0,2,1,60,3
2025,,2025-09-06,Joe,Fonti,Greater Western Sydney,BPR,2,136,4,14,1,0,3,0,100,9
2025,,2025-09-06,Nat,Fyfe,Fremantle,SUB,2,124,2,0,1,0,0,0,100,5
2025,,2025-09-06,David,Swallow,Gold Coast,SUB,1,116,1,2,2,0,1,0,50,2
2025,,2025-09-06,Jaeger,O'Meara,Fremantle,WL,1,84,4,16,3,0,6,0,56,5
2025,,2025-09-06,Jarrod,Witts,Gold Coast,RK,4,112,0,7,0,2,8,0,57,12
2025,,2025-09-06,Touk,Miller,Gold Coast,HFFL,5,304,2,29,1,0,4,2,100,18
2025,,2025-09-06,Alex,Pearce,Fremantle,BPR,2,178,10,5,2,0,3,0,85,11
2025,,2025-09-06,Lachie,Weller,Gold Coast,WL,3,363,1,11,3,1,2,0,71,12
2025,,2025-09-06,Daniel,Rioli,Gold Coast,HBFR,1,177,4,7,1,0,4,0,85,11
2025,,2025-09-06,Sam,Collins,Gold Coast,BPR,3,86,10,2,1,0,8,0,92,12
2025,,2025-09-06,Brayden,Fiorini,Gold Coast,WR,4,251,3,19,4,0,2,0,71,10
2025,,2025-09-06,Ben,Ainsworth,Gold Coast,CHF,2,121,0,7,0,0,1,1,60,3
2025,,2025-09-06,Ben,Long,Gold Coast,FPL,3,252,0,10,4,0,2,0,67,6
2025,,2025-09-06,Shai,Bolton,Fremantle,C,4,212,1,12,7,1,4,5,53,8
2025,,2025-09-06,Luke,Ryan,Fremantle,BPL,3,660,5,7,5,0,2,0,87,20
2025,,2025-09-06,Brennan,Cox,Fremantle,FB,0,101,3,7,1,0,2,0,75,6
2025,,2025-09-06,Sean,Darcy,Fremantle,INT,2,274,1,11,4,0,3,1,42,5
2025,,2025-09-06,Bailey,Banfield,Fremantle,INT,0,160,4,9,3,0,4,0,64,7
2025,,2025-09-06,Andrew,Brayshaw,Fremantle,R,9,570,0,38,4,1,8,1,75,24
2025,,2025-09-06,Wil,Powell,Gold Coast,BPL,3,330,12,7,6,0,7,0,67,12
2025,,2025-09-06,Jordan,Clark,Fremantle,HBFR,3,400,3,13,1,0,4,0,75,15
2025,,2025-09-06,Ben,King,Gold Coast,FPR,5,277,0,5,3,0,1,0,64,7
2025,,2025-09-06,John,Noble,Gold Coast,HBFL,3,392,4,13,4,0,5,0,90,18
2025,,2025-09-06,Noah,Anderson,Gold Coast,R,11,753,3,29,7,3,10,0,63,20
2025,,2025-09-06,Connor,Budarick,Gold Coast,INT,3,122,0,14,3,0,2,4,60,6
2025,,2025-09-06,Matt,Rowell,Gold Coast,C,10,638,1,25,5,1,10,0,62,21
2025,,2025-09-06,Hayden,Young,Fremantle,INT,6,522,1,11,3,4,9,1,79,22
2025,,2025-09-06,Luke,Jackson,Fremantle,RK,3,279,2,21,2,0,6,2,67,12
2025,,2025-09-06,Caleb,Serong,Fremantle,RR,6,702,4,28,6,5,10,0,71,25
2025,,2025-09-06,Michael,Frederick,Fremantle,FPR,3,114,1,8,1,0,2,0,57,4
2025,,2025-09-06,Sam,Flanders,Gold Coast,INT,0,177,2,8,3,0,5,0,64,9
2025,,2025-09-06,Jy,Farrar,Gold Coast,FF,4,109,1,9,1,0,4,1,89,8
2025,,2025-09-06,Heath,Chapman,Fremantle,HBFL,4,287,1,8,0,0,1,0,93,14
2025,,2025-09-06,Josh,Treacy,Fremantle,FF,4,439,1,19,5,0,4,0,47,7
2025,,2025-09-06,Joel,Jeffrey,Gold Coast,INT,4,515,2,9,1,0,1,1,90,17
2025,,2025-09-06,Alex,Davies,Gold Coast,RR,7,168,6,19,1,3,12,2,84,16
2025,,2025-09-06,Nathan,O'Driscoll,Fremantle,INT,2,133,2,12,0,0,3,1,67,8
2025,,2025-09-06,Neil,Erasmus,Fremantle,WR,6,276,2,20,3,0,5,0,89,16
2025,,2025-09-06,Jye,Amiss,Fremantle,FPL,2,57,0,5,1,0,0,0,50,1
2025,,2025-09-06,Mac,Andrew,Gold Coast,CHB,3,269,5,1,1,0,5,0,85,17
2025,,2025-09-06,Bodhi,Uwland,Gold Coast,FB,3,332,7,3,1,0,2,0,92,12
2025,,2025-09-06,Bailey,Humphrey,Gold Coast,HFFR,6,220,0,16,1,0,4,0,60,6
2025,,2025-09-06,Karl,Worner,Fremantle,CHB,0,428,6,5,5,0,2,0,86,12
2025,,2025-09-06,Ethan,Read,Gold Coast,INT,0,188,0,10,2,1,2,1,57,4
2025,,2025-09-06,Patrick,Voss,Fremantle,CHF,5,170,0,3,3,0,1,0,89,8
2025,,2025-09-06,Murphy,Reid,Fremantle,HFFR,4,158,2,15,3,0,10,0,50,10
2025,,2025-09-06,Isaiah,Dudley,Fremantle,HFFL,4,146,0,10,0,0,0,1,80,4
2025,,2025-09-12,Taylor,Walker,Adelaide,FF,6,205,0,9,3,0,0,1,29,2
2025,,2025-09-12,Jack,Gunston,Hawthorn,FPL,10,265,1,6,2,0,6,0,63,10
2025,,2025-09-12,Brodie,Smith,Adelaide,INT,1,438,4,12,4,1,1,0,87,13
2025,,2025-09-12,Rory,Laird,Adelaide,BPR,5,266,4,13,3,2,6,0,97,29
2025,,2025-09-12,Jarman,Impey,Hawthorn,HBFL,1,285,3,7,4,0,1,0,55,6
2025,,2025-09-12,James,Sicily,Hawthorn,CHB,1,400,6,3,5,0,3,0,86,18
2025,,2025-09-12,Karl,Amon,Hawthorn,WL,4,431,3,4,3,0,1,0,77,13
2025,,2025-09-12,Alex,Neal-Bullen,Adelaide,HFFR,4,275,1,18,6,0,4,0,57,8
2025,,2025-09-12,Tom,Barrass,Hawthorn,FB,1,121,3,2,2,0,2,0,86,6
2025,,2025-09-12,Wayne,Milera,Adelaide,HBFL,7,371,8,5,2,0,4,0,87,20
2025,,2025-09-12,Ben,Keays,Adelaide,HFFL,4,203,0,17,3,1,4,1,71,10
2025,,2025-09-12,Blake,Hardwick,Hawthorn,BPR,6,429,6,8,5,0,3,0,76,16
2025,,2025-09-12,Reilly,O'Brien,Adelaide,RK,3,68,0,13,4,1,2,0,43,3
2025,,2025-09-12,Mabior,Chol,Hawthorn,CHF,5,243,0,14,1,0,1,1,58,7
2025,,2025-09-12,Jordan,Dawson,Adelaide,C,3,610,3,19,4,2,3,0,57,12
2025,,2025-09-12,Josh,Battle,Hawthorn,BPL,6,340,11,8,3,0,4,0,71,12
2025,,2025-09-12,Jack,Scrimshaw,Hawthorn,INT,4,218,10,6,2,0,5,0,89,16
2025,,2025-09-12,Darcy,Fogarty,Adelaide,FPR,5,203,3,4,4,0,4,0,77,10
2025,,2025-09-12,James,Worpel,Hawthorn,R,6,496,2,16,6,2,5,1,55,12
2025,,2025-09-12,Isaac,Cumming,Adelaide,WL,6,436,4,10,4,0,3,0,50,8
2025,,2025-09-12,Mitch,Lewis,Hawthorn,FF,2,72,0,5,1,0,1,2,50,2
2025,,2025-09-12,Conor,Nash,Hawthorn,INT,4,349,2,13,4,3,6,0,47,8
2025,,2025-09-12,Dylan,Moore,Hawthorn,WR,8,380,1,15,2,1,4,3,82,14
2025,,2025-09-12,Mitchell,Hinge,Adelaide,INT,0,132,3,6,1,0,2,0,89,8
2025,,2025-09-12,Changkuoth,Jiath,Hawthorn,SUB,0,39,0,7,1,0,3,0,83,5
2025,,2025-09-12,Mark,Keane,Adelaide,FB,2,368,7,4,6,0,1,0,68,13
2025,,2025-09-12,Lloyd,Meek,Hawthorn,RK,7,119,5,5,1,1,9,0,87,13
2025,,2025-09-12,Sam,Berry,Adelaide,RR,3,65,0,23,1,0,2,0,67,8
2025,,2025-09-12,Nick,Murray,Adelaide,CHB,0,89,3,6,1,0,2,0,83,5
2025,,2025-09-12,Riley,Thilthorpe,Adelaide,CHF,6,218,1,12,3,0,5,1,75,9
2025,,2025-09-12,Jai,Newcombe,Hawthorn,RR,10,408,6,13,4,6,11,0,93,26
2025,,2025-09-12,Josh,Worrell,Adelaide,BPL,3,589,12,9,8,0,7,0,79,26
2025,,2025-09-12,Luke,Pedlar,Adelaide,FPL,1,90,0,11,2,0,0,1,75,3
2025,,2025-09-12,Jack,Ginnivan,Hawthorn,FPR,4,38,4,18,1,0,3,0,88,7
2025,,2025-09-12,James,Peatling,Adelaide,INT,6,216,1,18,2,0,1,0,82,14
2025,,2025-09-12,Connor,Macdonald,Hawthorn,INT,7,332,1,15,3,0,3,2,56,10
2025,,2025-09-12,Josh,Ward,Hawthorn,C,7,414,7,16,5,1,13,0,71,22
2025,,2025-09-12,Jake,Soligo,Adelaide,R,3,313,1,24,4,0,4,0,67,10
2025,,2025-09-12,Josh,Rachele,Adelaide,SUB,3,72,0,4,1,0,1,0,75,3
2025,,2025-09-12,Sam,Butler,Hawthorn,INT,5,226,0,20,3,0,2,3,60,9
2025,,2025-09-12,Massimo,D'Ambrosio,Hawthorn,HBFR,3,281,4,11,1,0,3,0,63,10
2025,,2025-09-12,Max,Michalanney,Adelaide,HBFR,4,354,6,6,6,0,3,0,77,17
2025,,2025-09-12,Josh,Weddle,Hawthorn,HFFL,8,446,0,10,4,0,2,1,67,10
2025,,2025-09-12,Nick,Watson,Hawthorn,HFFR,9,267,2,18,0,0,4,2,69,9
2025,,2025-09-12,Daniel,Curtin,Adelaide,WR,2,88,1,20,0,1,5,0,92,11
2025,,2025-09-12,Zac,Taylor,Adelaide,INT,1,265,1,23,5,2,1,1,73,11
2025,,2025-09-13,Ryan,Lester,Brisbane Lions,BPR,3,243,3,5,2,0,1,0,80,8
2025,,2025-09-13,David,Swallow,Gold Coast,SUB,0,134,1,8,2,0,1,1,100,6
2025,,2025-09-13,Dayne,Zorko,Brisbane Lions,BPL,6,704,4,12,3,0,6,0,65,17
2025,,2025-09-13,Jarrod,Witts,Gold Coast,RK,1,69,0,3,1,0,1,0,75,6
2025,,2025-09-13,Darcy,Gardiner,Brisbane Lions,FB,5,174,1,4,0,0,0,0,92,11
2025,,2025-09-13,Charlie,Cameron,Brisbane Lions,HFFL,9,199,1,10,1,0,4,0,57,8
2025,,2025-09-13,Touk,Miller,Gold Coast,HFFL,6,451,4,21,5,1,8,1,64,18
2025,,2025-09-13,Harris,Andrews,Brisbane Lions,CHB,4,371,10,2,1,0,3,0,85,17
2025,,2025-09-13,Lachie,Weller,Gold Coast,WL,3,307,2,8,4,0,2,0,62,8
2025,,2025-09-13,Daniel,Rioli,Gold Coast,HBFR,5,304,7,6,2,0,5,0,75,12
2025,,2025-09-13,Callum,Ah Chee,Brisbane Lions,FPR,4,189,3,8,5,0,3,1,77,10
2025,,2025-09-13,Josh,Dunkley,Brisbane Lions,RR,5,62,1,34,1,1,4,3,75,15
2025,,2025-09-13,Sam,Collins,Gold Coast,BPR,1,181,11,12,2,0,5,0,92,11
2025,,2025-09-13,Brayden,Fiorini,Gold Coast,WR,3,210,1,14,3,0,4,1,71,12
2025,,2025-09-13,Ben,Ainsworth,Gold Coast,CHF,5,224,1,8,1,0,2,0,70,7
2025,,2025-09-13,Jarrod,Berry,Brisbane Lions,WR,8,668,5,8,2,0,6,0,85,23
2025,,2025-09-13,Hugh,McCluggage,Brisbane Lions,C,4,381,3,16,8,4,12,0,73,24
2025,,2025-09-13,Ben,Long,Gold Coast,FPL,3,144,0,10,1,0,1,0,75,3
2025,,2025-09-13,Cam,Rayner,Brisbane Lions,FF,9,483,4,12,3,0,8,1,56,9
2025,,2025-09-13,Zac,Bailey,Brisbane Lions,HFFR,9,241,2,9,3,0,3,1,75,12
2025,,2025-09-13,Oscar,McInerney,Brisbane Lions,FPL,6,104,0,8,1,1,2,2,56,5
2025,,2025-09-13,Wil,Powell,Gold Coast,BPL,0,272,6,21,5,0,4,0,58,7
2025,,2025-09-13,Brandon,Starcevich,Brisbane Lions,HBFR,0,212,5,5,3,0,3,0,70,7
2025,,2025-09-13,Darcy,Fort,Brisbane Lions,RK,0,213,3,7,4,1,4,0,46,5
2025,,2025-09-13,Ben,King,Gold Coast,FF,4,153,0,7,2,0,1,2,67,4
2025,,2025-09-13,John,Noble,Gold Coast,HBFL,2,562,2,11,6,0,3,0,73,16
2025,,2025-09-13,Noah,Anderson,Gold Coast,R,6,428,1,23,3,2,5,0,69,18
2025,,2025-09-13,Connor,Budarick,Gold Coast,INT,3,179,0,10,2,0,2,2,82,9
2025,,2025-09-13,Matt,Rowell,Gold Coast,C,8,287,3,19,3,3,7,1,78,18
2025,,2025-09-13,Sam,Flanders,Gold Coast,INT,3,267,4,8,5,0,5,1,70,14
2025,,2025-09-13,Jy,Farrar,Gold Coast,FPR,4,56,3,7,2,0,1,0,88,7
2025,,2025-09-13,Joel,Jeffrey,Gold Coast,INT,4,419,3,8,2,0,4,0,89,16
2025,,2025-09-13,Alex,Davies,Gold Coast,RR,2,57,2,24,2,0,7,0,58,7
2025,,2025-09-13,Kai,Lohmann,Brisbane Lions,R,6,145,1,12,3,0,4,2,69,9
2025,,2025-09-13,Mac,Andrew,Gold Coast,CHB,1,139,5,9,3,0,3,0,67,6
2025,,2025-09-13,Darcy,Wilmot,Brisbane Lions,HBFL,2,409,8,8,3,1,9,0,89,23
2025,,2025-09-13,Will,Ashcroft,Brisbane Lions,INT,11,466,3,11,4,3,11,1,61,17
2025,,2025-09-13,Bodhi,Uwland,Gold Coast,FB,4,413,4,8,1,0,4,0,90,17
2025,,2025-09-13,Bailey,Humphrey,Gold Coast,HFFR,2,298,0,11,5,0,5,1,50,7
2025,,2025-09-13,Jaspa,Fletcher,Brisbane Lions,INT,5,495,2,10,5,0,3,0,71,15
2025,,2025-09-13,Ethan,Read,Gold Coast,INT,3,127,0,4,1,0,1,0,50,2
2025,,2025-09-13,Logan,Morris,Brisbane Lions,CHF,4,179,0,9,3,0,0,0,56,5
2025,,2025-09-13,Bruce,Reville,Brisbane Lions,SUB,0,26,0,4,1,0,0,0,50,1
2025,,2025-09-13,Levi,Ashcroft,Brisbane Lions,INT,2,275,3,13,2,1,5,1,80,12
2025,,2025-09-13,Sam,Marshall,Brisbane Lions,WL,2,181,0,9,1,0,1,0,82,9
2025,,2025-09-13,Ty,Gallop,Brisbane Lions,INT,4,272,2,12,1,0,2,0,83,10
2025,,2025-09-19,Patrick,Dangerfield,Geelong,FPR,13,564,1,12,5,6,11,1,74,23
2025,,2025-09-19,Jack,Gunston,Hawthorn,FPL,9,311,2,7,2,0,4,1,67,10
2025,,2025-09-19,Jeremy,Cameron,Geelong,FF,6,475,1,10,5,0,3,2,56,9
2025,,2025-09-19,Mark,Blicavs,Geelong,RK,5,54,6,22,2,4,5,0,58,7
2025,,2025-09-19,Jack,Martin,Geelong,INT,3,138,0,12,2,0,3,4,50,4
2025,,2025-09-19,Jarman,Impey,Hawthorn,HBFL,4,214,5,12,2,0,8,1,57,8
2025,,2025-09-19,James,Sicily,Hawthorn,CHB,3,270,6,11,5,0,3,0,75,12
2025,,2025-09-19,Karl,Amon,Hawthorn,WL,2,704,4,16,5,0,2,0,82,23
2025,,2025-09-19,Tom,Barrass,Hawthorn,FB,1,114,6,5,2,0,6,0,90,9
2025,,2025-09-19,Blake,Hardwick,Hawthorn,BPR,1,194,8,17,1,0,3,0,80,8
2025,,2025-09-19,Mabior,Chol,Hawthorn,CHF,5,229,3,20,4,1,6,3,50,7
2025,,2025-09-19,Jack,Bowes,Geelong,INT,4,294,2,13,2,0,4,2,67,8
2025,,2025-09-19,Tom,Stewart,Geelong,CHB,0,185,2,1,3,0,3,0,71,5
2025,,2025-09-19,Mark,O'Connor,Geelong,HBFL,3,33,2,2,0,0,4,0,86,6
2025,,2025-09-19,Zach,Guthrie,Geelong,HBFR,4,415,10,16,6,0,7,1,67,14
2025,,2025-09-19,Tyson,Stengle,Geelong,HFFL,9,270,1,14,1,0,2,2,80,12
2025,,2025-09-19,Josh,Battle,Hawthorn,BPL,2,237,7,5,4,0,2,1,72,13
2025,,2025-09-19,Jack,Scrimshaw,Hawthorn,INT,1,235,4,11,3,0,5,0,67,10
2025,,2025-09-19,Jack,Henry,Geelong,BPR,0,81,2,4,1,0,0,0,100,3
2025,,2025-09-19,James,Worpel,Hawthorn,R,2,318,3,29,8,0,7,1,56,9
2025,,2025-09-19,Mitch,Lewis,Hawthorn,FF,5,206,0,7,2,0,0,0,67,6
2025,,2025-09-19,Conor,Nash,Hawthorn,INT,7,303,1,18,3,3,5,4,52,12
2025,,2025-09-19,Tom,Atkins,Geelong,R,6,276,5,33,4,4,10,1,80,20
2025,,2025-09-19,Gryan,Miers,Geelong,INT,14,402,6,21,1,1,7,0,93,25
2025,,2025-09-19,Bailey,Smith,Geelong,RR,6,678,5,19,6,2,9,1,61,22
2025,,2025-09-19,Dylan,Moore,Hawthorn,WR,7,442,1,24,1,0,8,1,81,21
2025,,2025-09-19,Changkuoth,Jiath,Hawthorn,SUB,1,147,1,7,3,0,2,0,40,2
2025,,2025-09-19,Brad,Close,Geelong,HFFR,8,233,0,20,0,0,2,1,80,12
2025,,2025-09-19,Lloyd,Meek,Hawthorn,RK,4,171,0,9,0,0,3,0,46,6
2025,,2025-09-19,Max,Holmes,Geelong,C,7,515,3,15,6,1,6,1,60,15
2025,,2025-09-19,Sam,De Koning,Geelong,FB,4,200,6,6,4,0,4,0,72,13
2025,,2025-09-19,Jai,Newcombe,Hawthorn,RR,2,178,3,19,3,1,6,1,70,14
2025,,2025-09-19,Jack,Ginnivan,Hawthorn,FPR,2,380,3,19,6,0,8,0,54,13
2025,,2025-09-19,Connor,Macdonald,Hawthorn,INT,3,101,0,5,4,0,3,1,62,8
2025,,2025-09-19,Josh,Ward,Hawthorn,C,3,170,2,22,1,0,1,1,88,7
2025,,2025-09-19,Oliver,Dempsey,Geelong,WR,6,189,2,11,1,0,5,1,57,8
2025,,2025-09-19,Sam,Butler,Hawthorn,INT,3,-11,0,10,1,0,0,1,71,5
2025,,2025-09-19,Shannon,Neale,Geelong,FPL,1,29,1,21,2,0,3,1,67,2
2025,,2025-09-19,Massimo,D'Ambrosio,Hawthorn,HBFR,1,237,3,20,2,0,4,2,75,9
2025,,2025-09-19,Josh,Weddle,Hawthorn,HFFL,2,304,3,15,1,0,3,0,67,8
2025,,2025-09-19,Jhye,Clark,Geelong,SUB,3,177,2,11,4,1,4,0,50,7
2025,,2025-09-19,Oisin,Mullin,Geelong,WL,2,97,3,6,2,1,4,0,75,6
2025,,2025-09-19,Nick,Watson,Hawthorn,HFFR,3,63,0,7,3,0,1,0,40,2
2025,,2025-09-19,Shaun,Mannagh,Geelong,CHF,7,508,1,17,7,0,6,0,73,11
2025,,2025-09-19,Connor,O'Sullivan,Geelong,BPL,3,115,4,13,1,0,0,0,86,6
2025,,2025-09-19,Lawson,Humphries,Geelong,INT,2,114,1,9,0,0,1,0,88,7
2025,,2025-09-20,Scott,Pendlebury,Collingwood,RR,0,0,0,0,0,0,0,0,0,0
2025,,2025-09-20,Steele,Sidebottom,Collingwood,R,3,272,2,28,5,1,5,1,50,9
2025,,2025-09-20,Ryan,Lester,Brisbane Lions,BPR,2,90,5,11,1,0,3,0,86,12
2025,,2025-09-20,Jeremy,Howe,Collingwood,INT,1,156,6,5,2,0,3,0,77,10
2025,,2025-09-20,Jack,Crisp,Collingwood,WR,2,385,2,27,5,1,6,1,67,12
2025,,2025-09-20,Dayne,Zorko,Brisbane Lions,BPL,6,718,7,17,5,1,5,0,75,21
2025,,2025-09-20,Jamie,Elliott,Collingwood,FPL,5,258,1,11,4,0,2,3,75,12
2025,,2025-09-20,Darcy,Gardiner,Brisbane Lions,FB,2,235,7,11,1,0,2,0,88,15
2025,,2025-09-20,Charlie,Cameron,Brisbane Lions,HFFL,6,214,1,16,2,1,3,2,67,10
2025,,2025-09-20,Tim,Membrey,Collingwood,INT,4,215,1,3,4,0,2,2,46,5
2025,,2025-09-20,Jordan,De Goey,Collingwood,C,4,303,2,14,5,0,4,0,47,8
2025,,2025-09-20,Harris,Andrews,Brisbane Lions,CHB,3,367,9,6,2,0,3,0,78,14
2025,,2025-09-20,Brayden,Maynard,Collingwood,FB,0,416,6,13,4,0,2,0,75,12
2025,,2025-09-20,Darcy,Moore,Collingwood,BPR,1,94,9,6,1,0,6,0,89,8
2025,,2025-09-20,Callum,Ah Chee,Brisbane Lions,FPR,6,375,3,8,3,0,2,0,84,16
2025,,2025-09-20,Josh,Dunkley,Brisbane Lions,RR,3,219,5,21,4,0,4,2,58,11
2025,,2025-09-20,Mason,Cox,Collingwood,FF,4,44,2,3,3,1,1,0,83,5
2025,,2025-09-20,Dan,Houston,Collingwood,WL,1,240,1,8,4,0,4,0,67,8
2025,,2025-09-20,Jarrod,Berry,Brisbane Lions,WR,1,194,0,7,2,1,4,0,64,7
2025,,2025-09-20,Hugh,McCluggage,Brisbane Lions,C,6,451,3,16,6,2,11,0,65,24
2025,,2025-09-20,Harry,Perryman,Collingwood,HBFR,2,242,10,10,5,0,8,0,50,7
2025,,2025-09-20,Josh,Daicos,Collingwood,CHB,3,708,6,11,11,2,5,0,73,19
2025,,2025-09-20,Patrick,Lipinski,Collingwood,INT,1,274,2,11,3,0,3,1,64,9
2025,,2025-09-20,Cam,Rayner,Brisbane Lions,FPL,5,131,3,8,1,0,4,0,60,6
2025,,2025-09-20,Zac,Bailey,Brisbane Lions,R,4,339,1,20,7,1,4,1,71,15
2025,,2025-09-20,Oscar,McInerney,Brisbane Lions,CHF,1,71,3,2,1,0,2,0,63,5
2025,,2025-09-20,Brody,Mihocek,Collingwood,CHF,2,129,1,7,0,0,2,2,43,3
2025,,2025-09-20,Darcy,Cameron,Collingwood,RK,3,228,2,16,3,1,4,1,53,8
2025,,2025-09-20,Brandon,Starcevich,Brisbane Lions,HBFR,2,216,6,5,1,0,3,0,64,7
2025,,2025-09-20,Billy,Frampton,Collingwood,BPL,0,163,5,7,0,0,1,0,100,7
2025,,2025-09-20,Lachie,Schultz,Collingwood,FPR,5,207,1,14,0,0,3,1,77,10
2025,,2025-09-20,Darcy,Fort,Brisbane Lions,RK,4,98,0,18,5,0,5,0,50,4
2025,,2025-09-20,Isaac,Quaynor,Collingwood,HBFL,0,389,4,10,5,0,1,0,80,12
2025,,2025-09-20,Beau,McCreery,Collingwood,HFFR,4,228,3,24,2,4,5,2,77,10
2025,,2025-09-20,Nick,Daicos,Collingwood,HFFL,4,548,2,18,3,5,8,2,85,23
2025,,2025-09-20,Kai,Lohmann,Brisbane Lions,HFFR,4,117,2,13,6,0,8,1,41,7
2025,,2025-09-20,Ned,Long,Collingwood,INT,1,241,2,23,5,0,4,4,54,7
2025,,2025-09-20,Darcy,Wilmot,Brisbane Lions,INT,5,462,9,13,6,0,3,0,80,20
2025,,2025-09-20,Will,Ashcroft,Brisbane Lions,INT,9,344,3,16,4,3,4,0,80,16
2025,,2025-09-20,Jaspa,Fletcher,Brisbane Lions,HBFL,4,134,3,7,1,0,3,0,83,15
2025,,2025-09-20,Logan,Morris,Brisbane Lions,FF,6,418,0,2,2,0,3,0,69,9
2025,,2025-09-20,Bruce,Reville,Brisbane Lions,SUB,1,354,2,3,3,0,1,0,90,9
2025,,2025-09-20,Levi,Ashcroft,Brisbane Lions,INT,3,198,0,17,4,2,2,0,71,10
2025,,2025-09-20,Sam,Marshall,Brisbane Lions,WL,5,279,3,7,3,0,4,0,77,13
2025,,2025-09-20,Ty,Gallop,Brisbane Lions,INT,3,215,1,10,3,0,3,0,82,9
2025,,2025-09-20,Roan,Steele,Collingwood,SUB,1,180,2,9,2,0,3,0,75,9
2025,,2025-09-27,Patrick,Dangerfield,Geelong,FPR,3,210,0,9,3,0,1,1,60,6
2025,,2025-09-27,Rhys,Stanley,Geelong,INT,0,156,1,9,2,1,3,0,67,4
2025,,2025-09-27,Ryan,Lester,Brisbane Lions,BPR,0,303,6,10,2,0,5,0,79,11
2025,,2025-09-27,Jeremy,Cameron,Geelong,FF,4,184,1,9,1,0,2,1,63,5
2025,,2025-09-27,Lachie,Neale,Brisbane Lions,SUB,7,266,0,16,2,4,3,0,71,12
2025,,2025-09-27,Dayne,Zorko,Brisbane Lions,BPL,5,716,4,12,3,1,4,1,86,24
2025,,2025-09-27,Mark,Blicavs,Geelong,RK,3,193,0,9,3,1,4,1,55,6
2025,,2025-09-27,Jack,Martin,Geelong,SUB,1,36,0,1,0,0,0,0,100,1
2025,,2025-09-27,Darcy,Gardiner,Brisbane Lions,FB,2,217,8,5,3,0,7,0,71,10
2025,,2025-09-27,Charlie,Cameron,Brisbane Lions,HFFL,7,189,1,11,2,0,4,2,70,7
2025,,2025-09-27,Harris,Andrews,Brisbane Lions,CHB,2,149,11,4,2,0,4,0,89,16
2025,,2025-09-27,Callum,Ah Chee,Brisbane Lions,HFFR,3,397,6,7,2,0,4,0,77,13
2025,,2025-09-27,Josh,Dunkley,Brisbane Lions,RR,1,25,2,18,2,0,6,2,69,11
2025,,2025-09-27,Jack,Bowes,Geelong,INT,5,366,3,11,2,0,6,0,69,11
2025,,2025-09-27,Hugh,McCluggage,Brisbane Lions,WL,10,577,0,21,6,1,6,1,58,15
2025,,2025-09-27,Mark,O'Connor,Geelong,HBFL,1,151,4,10,3,0,4,0,85,11
2025,,2025-09-27,Zach,Guthrie,Geelong,CHB,1,251,8,17,3,0,4,0,88,14
2025,,2025-09-27,Tyson,Stengle,Geelong,HFFR,6,229,0,10,0,0,2,1,33,4
2025,,2025-09-27,Cam,Rayner,Brisbane Lions,FPL,5,219,2,15,3,1,4,1,73,8
2025,,2025-09-27,Jack,Henry,Geelong,BPR,2,290,8,3,3,0,4,0,75,9
2025,,2025-09-27,Zac,Bailey,Brisbane Lions,C,10,534,0,17,2,1,6,0,65,15
2025,,2025-09-27,Oscar,McInerney,Brisbane Lions,INT,3,254,1,3,3,0,2,2,63,5
2025,,2025-09-27,Brandon,Starcevich,Brisbane Lions,HBFR,0,46,0,9,1,0,0,0,75,3
2025,,2025-09-27,Tom,Atkins,Geelong,R,3,174,0,25,1,3,13,1,75,15
2025,,2025-09-27,Gryan,Miers,Geelong,WL,5,303,4,20,2,0,4,1,69,11
2025,,2025-09-27,Bailey,Smith,Geelong,RR,7,523,1,23,8,1,9,1,62,18
2025,,2025-09-27,Darcy,Fort,Brisbane Lions,RK,5,142,2,12,2,4,5,0,56,5
2025,,2025-09-27,Brad,Close,Geelong,HFFL,5,158,0,5,1,0,2,0,75,9
2025,,2025-09-27,Max,Holmes,Geelong,C,8,907,2,19,9,4,10,0,70,23
2025,,2025-09-27,Sam,De Koning,Geelong,FB,3,57,5,8,1,0,3,0,80,8
2025,,2025-09-27,Kai,Lohmann,Brisbane Lions,FPR,7,317,2,14,2,0,7,1,71,12
2025,,2025-09-27,Oliver,Dempsey,Geelong,WR,8,291,0,10,3,0,7,0,63,12
2025,,2025-09-27,Shannon,Neale,Geelong,FPL,1,134,1,4,3,0,1,0,80,4
2025,,2025-09-27,Darcy,Wilmot,Brisbane Lions,INT,2,321,2,12,3,0,4,0,65,11
2025,,2025-09-27,Will,Ashcroft,Brisbane Lions,R,10,575,2,15,5,3,9,3,63,20
2025,,2025-09-27,Jhye,Clark,Geelong,INT,3,369,5,9,3,0,5,0,71,10
2025,,2025-09-27,Oisin,Mullin,Geelong,INT,1,149,0,9,0,1,1,0,100,5
2025,,2025-09-27,Jaspa,Fletcher,Brisbane Lions,HBFL,8,517,6,17,3,0,6,0,83,24
2025,,2025-09-27,Shaun,Mannagh,Geelong,CHF,7,406,0,11,2,0,2,0,75,12
2025,,2025-09-27,Connor,O'Sullivan,Geelong,BPL,2,244,9,10,5,0,4,0,67,8
2025,,2025-09-27,Logan,Morris,Brisbane Lions,FF,4,170,1,8,2,0,1,2,44,4
2025,,2025-09-27,Bruce,Reville,Brisbane Lions,INT,3,290,3,6,1,0,5,0,64,7
2025,,2025-09-27,Lawson,Humphries,Geelong,HBFR,5,638,5,12,3,1,4,0,78,18
2025,,2025-09-27,Levi,Ashcroft,Brisbane Lions,INT,3,318,1,9,3,0,4,1,82,14
2025,,2025-09-27,Sam,Marshall,Brisbane Lions,WR,0,56,0,7,0,0,0,0,50,2
2025,,2025-09-27,Ty,Gallop,Brisbane Lions,CHF,4,69,1,5,3,0,6,1,60,6
