year,round,date,player_first_name,player_last_name,player_team,player_position,score_involvements,metres_gained,intercepts,pressure_acts,turnovers,centre_clearances,ground_ball_gets,tackles_inside_fifty,disposal_efficiency_percentage,effective_disposals
2026,0,2026-03-05,Joel,Amartey,Sydney Swans,FPL,4.0,203.0,1.0,11.0,2.0,0.0,1.0,1.0,57.1,4.0
2026,0,2026-03-05,Riley,Bice,Sydney Swans,WL,3.0,284.0,7.0,10.0,2.0,0.0,4.0,0.0,93.8,15.0
2026,0,2026-03-05,Nick,Blakey,Sydney Swans,CHB,8.0,569.0,6.0,8.0,4.0,0.0,4.0,0.0,76.2,16.0
2026,0,2026-03-05,Charlie,Curnow,Sydney Swans,FF,5.0,270.0,2.0,8.0,3.0,0.0,1.0,2.0,60.0,6.0
2026,0,2026-03-05,Brodie,Grundy,Sydney Swans,RK,7.0,224.0,3.0,9.0,3.0,1.0,2.0,2.0,62.5,10.0
2026,0,2026-03-05,Errol,Gulden,Sydney Swans,RR,10.0,549.0,2.0,21.0,5.0,2.0,5.0,1.0,66.7,18.0
2026,0,2026-03-05,Isaac,Heeney,Sydney Swans,FPR,6.0,290.0,4.0,18.0,3.0,3.0,4.0,1.0,60.0,12.0
2026,0,2026-03-05,James,Jordon,Sydney Swans,INT,4.0,138.0,2.0,16.0,2.0,1.0,5.0,0.0,75.0,12.0
2026,0,2026-03-05,Jake,Lloyd,Sydney Swans,HFFR,5.0,301.0,2.0,12.0,2.0,0.0,4.0,0.0,77.8,14.0
2026,0,2026-03-05,Tom,McCartin,Sydney Swans,FB,1.0,67.0,6.0,7.0,3.0,1.0,4.0,0.0,82.4,14.0
2026,0,2026-03-05,Logan,McDonald,Sydney Swans,INT,2.0,94.0,1.0,8.0,3.0,0.0,1.0,1.0,81.8,9.0
2026,0,2026-03-05,Justin,McInerney,Sydney Swans,C,14.0,461.0,4.0,9.0,2.0,0.0,5.0,0.0,83.9,26.0
2026,0,2026-03-05,Lewis,Melican,Sydney Swans,HBFL,1.0,91.0,3.0,8.0,0.0,0.0,1.0,0.0,100.0,7.0
2026,0,2026-03-05,Callum,Mills,Sydney Swans,BPL,6.0,429.0,6.0,7.0,6.0,0.0,5.0,0.0,64.0,16.0
2026,0,2026-03-05,Tom,Papley,Sydney Swans,INT,5.0,114.0,3.0,15.0,2.0,0.0,3.0,1.0,77.8,7.0
2026,0,2026-03-05,Dane,Rampe,Sydney Swans,BPR,5.0,155.0,8.0,12.0,2.0,0.0,5.0,0.0,85.7,12.0
2026,0,2026-03-05,Matt,Roberts,Sydney Swans,WR,8.0,483.0,4.0,15.0,1.0,0.0,7.0,1.0,77.8,14.0
2026,0,2026-03-05,Malcolm,Rosas,Sydney Swans,HFFL,5.0,124.0,1.0,11.0,1.0,0.0,2.0,0.0,90.0,9.0
2026,0,2026-03-05,James,Rowbottom,Sydney Swans,CHF,6.0,311.0,3.0,33.0,3.0,3.0,9.0,2.0,70.0,14.0
2026,0,2026-03-05,Jai,Serong,Sydney Swans,HBFR,4.0,373.0,3.0,18.0,5.0,0.0,4.0,0.0,73.7,14.0
2026,0,2026-03-05,Angus,Sheldrick,Sydney Swans,INT,5.0,413.0,2.0,14.0,6.0,2.0,5.0,0.0,39.1,9.0
2026,0,2026-03-05,Chad,Warner,Sydney Swans,R,7.0,563.0,3.0,9.0,7.0,2.0,6.0,0.0,65.0,13.0
2026,0,2026-03-05,Sam,Wicks,Sydney Swans,INT,3.0,263.0,1.0,17.0,4.0,1.0,2.0,0.0,77.8,7.0
2026,0,2026-03-05,Ben,Ainsworth,Carlton,HFFL,5.0,287.0,1.0,10.0,2.0,0.0,3.0,0.0,85.7,12.0
2026,0,2026-03-05,Campbell,Chesser,Carlton,WR,2.0,274.0,3.0,12.0,3.0,0.0,5.0,1.0,76.5,13.0
2026,0,2026-03-05,Patrick,Cripps,Carlton,C,4.0,186.0,0.0,20.0,1.0,3.0,7.0,0.0,73.7,14.0
2026,0,2026-03-05,Harry,Dean,Carlton,INT,1.0,220.0,6.0,14.0,3.0,0.0,4.0,0.0,57.1,8.0
2026,0,2026-03-05,Oliver,Florent,Carlton,HBFR,3.0,464.0,11.0,9.0,6.0,0.0,8.0,0.0,59.1,13.0
2026,0,2026-03-05,Lachie,Fogarty,Carlton,INT,1.0,212.0,0.0,4.0,1.0,0.0,6.0,0.0,64.3,9.0
2026,0,2026-03-05,Will,Hayward,Carlton,HFFR,4.0,223.0,0.0,9.0,1.0,0.0,3.0,0.0,54.5,6.0
2026,0,2026-03-05,George,Hewett,Carlton,INT,2.0,181.0,1.0,25.0,6.0,0.0,4.0,2.0,52.6,10.0
2026,0,2026-03-05,Elijah,Hollands,Carlton,WL,2.0,216.0,5.0,12.0,9.0,0.0,4.0,0.0,52.6,10.0
2026,0,2026-03-05,Oliver,Hollands,Carlton,R,3.0,336.0,2.0,13.0,4.0,2.0,4.0,1.0,77.8,14.0
2026,0,2026-03-05,Brodie,Kemp,Carlton,FF,3.0,132.0,1.0,10.0,5.0,0.0,3.0,0.0,66.7,10.0
2026,0,2026-03-05,Cooper,Lord,Carlton,INT,5.0,408.0,4.0,14.0,3.0,0.0,5.0,0.0,76.9,20.0
2026,0,2026-03-05,Mitch,McGovern,Carlton,CHB,1.0,421.0,5.0,9.0,2.0,0.0,3.0,0.0,87.5,14.0
2026,0,2026-03-05,Harry,McKay,Carlton,CHF,5.0,321.0,3.0,5.0,6.0,0.0,4.0,0.0,61.5,8.0
2026,0,2026-03-05,Ashton,Moir,Carlton,FPR,5.0,105.0,0.0,9.0,1.0,0.0,1.0,0.0,80.0,8.0
2026,0,2026-03-05,Marc,Pittonet,Carlton,RK,5.0,175.0,2.0,11.0,3.0,2.0,6.0,0.0,88.9,16.0
2026,0,2026-03-05,Liam,Reidy,Carlton,INT,2.0,83.0,0.0,14.0,2.0,1.0,2.0,1.0,40.0,2.0
2026,0,2026-03-05,Adam,Saad,Carlton,HBFL,3.0,221.0,3.0,8.0,2.0,0.0,5.0,0.0,81.8,9.0
2026,0,2026-03-05,Jagga,Smith,Carlton,FPL,4.0,347.0,2.0,5.0,6.0,1.0,4.0,0.0,74.1,20.0
2026,0,2026-03-05,Sam,Walsh,Carlton,RR,8.0,696.0,3.0,19.0,4.0,3.0,9.0,0.0,65.6,21.0
2026,0,2026-03-05,Jacob,Weitering,Carlton,FB,0.0,214.0,7.0,3.0,1.0,0.0,3.0,0.0,86.7,13.0
2026,0,2026-03-05,Zac,Williams,Carlton,BPL,3.0,257.0,7.0,21.0,4.0,1.0,9.0,0.0,62.5,10.0
2026,0,2026-03-05,Lewis,Young,Carlton,BPR,0.0,138.0,6.0,9.0,0.0,0.0,2.0,0.0,72.7,8.0
2026,0,2026-03-06,Oscar,Adams,Gold Coast SUNS,INT,1.0,98.0,6.0,8.0,1.0,0.0,4.0,0.0,91.7,11.0
2026,0,2026-03-06,Noah,Anderson,Gold Coast SUNS,RR,12.0,562.0,5.0,18.0,5.0,4.0,7.0,0.0,62.5,15.0
2026,0,2026-03-06,Mac,Andrew,Gold Coast SUNS,BPL,3.0,289.0,7.0,9.0,3.0,0.0,7.0,0.0,88.5,23.0
2026,0,2026-03-06,Sam,Clohesy,Gold Coast SUNS,WR,2.0,410.0,5.0,12.0,3.0,0.0,5.0,0.0,84.2,16.0
2026,0,2026-03-06,Sam,Collins,Gold Coast SUNS,BPR,1.0,137.0,9.0,5.0,2.0,0.0,4.0,0.0,70.6,12.0
2026,0,2026-03-06,Alex,Davies,Gold Coast SUNS,INT,3.0,157.0,3.0,24.0,1.0,1.0,7.0,0.0,52.9,9.0
2026,0,2026-03-06,Jy,Farrar,Gold Coast SUNS,INT,1.0,-38.0,0.0,14.0,1.0,0.0,2.0,1.0,80.0,4.0
2026,0,2026-03-06,Will,Graham,Gold Coast SUNS,HFFR,6.0,202.0,1.0,15.0,2.0,1.0,3.0,0.0,75.0,6.0
2026,0,2026-03-06,Bailey,Humphrey,Gold Coast SUNS,CHF,9.0,335.0,4.0,10.0,6.0,0.0,5.0,2.0,53.3,8.0
2026,0,2026-03-06,Joel,Jeffrey,Gold Coast SUNS,HBFR,2.0,537.0,6.0,9.0,4.0,0.0,4.0,0.0,86.4,19.0
2026,0,2026-03-06,Ben,King,Gold Coast SUNS,FF,4.0,84.0,0.0,11.0,2.0,0.0,2.0,0.0,100.0,5.0
2026,0,2026-03-06,Leonardo,Lombard,Gold Coast SUNS,FPR,7.0,369.0,3.0,18.0,3.0,0.0,4.0,3.0,73.3,11.0
2026,0,2026-03-06,Ben,Long,Gold Coast SUNS,INT,5.0,111.0,3.0,14.0,3.0,0.0,6.0,4.0,64.3,9.0
2026,0,2026-03-06,Touk,Miller,Gold Coast SUNS,R,4.0,356.0,5.0,16.0,5.0,1.0,11.0,0.0,80.0,24.0
2026,0,2026-03-06,John,Noble,Gold Coast SUNS,HBFL,4.0,570.0,3.0,7.0,5.0,0.0,2.0,0.0,82.1,23.0
2026,0,2026-03-06,Christian,Petracca,Gold Coast SUNS,HFFL,12.0,678.0,3.0,16.0,2.0,2.0,12.0,0.0,82.4,28.0
2026,0,2026-03-06,Wil,Powell,Gold Coast SUNS,C,3.0,365.0,2.0,20.0,3.0,1.0,4.0,0.0,84.2,16.0
2026,0,2026-03-06,Ethan,Read,Gold Coast SUNS,FPL,5.0,102.0,1.0,11.0,6.0,0.0,1.0,4.0,42.9,6.0
2026,0,2026-03-06,Daniel,Rioli,Gold Coast SUNS,CHB,3.0,475.0,5.0,14.0,5.0,0.0,2.0,0.0,75.0,18.0
2026,0,2026-03-06,Bodhi,Uwland,Gold Coast SUNS,FB,2.0,352.0,6.0,9.0,2.0,0.0,3.0,0.0,94.7,18.0
2026,0,2026-03-06,Zeke,Uwland,Gold Coast SUNS,INT,4.0,339.0,5.0,7.0,6.0,0.0,3.0,0.0,62.5,10.0
2026,0,2026-03-06,Lachie,Weller,Gold Coast SUNS,WL,4.0,563.0,5.0,11.0,5.0,0.0,5.0,0.0,81.0,17.0
2026,0,2026-03-06,Jarrod,Witts,Gold Coast SUNS,RK,5.0,66.0,1.0,7.0,0.0,0.0,3.0,0.0,50.0,4.0
2026,0,2026-03-06,Sam,De Koning,Geelong Cats,BPR,0.0,139.0,6.0,5.0,4.0,1.0,3.0,0.0,61.5,8.0
2026,0,2026-03-06,Tom,Atkins,Geelong Cats,RR,5.0,261.0,5.0,22.0,5.0,3.0,12.0,0.0,57.7,15.0
2026,0,2026-03-06,Mark,Blicavs,Geelong Cats,RK,3.0,-25.0,3.0,9.0,1.0,2.0,4.0,0.0,73.3,11.0
2026,0,2026-03-06,Tanner,Bruhn,Geelong Cats,WR,6.0,600.0,6.0,5.0,6.0,1.0,6.0,0.0,67.7,21.0
2026,0,2026-03-06,Jhye,Clark,Geelong Cats,INT,1.0,300.0,2.0,11.0,6.0,0.0,3.0,0.0,54.5,6.0
2026,0,2026-03-06,Brad,Close,Geelong Cats,HFFL,2.0,70.0,0.0,11.0,1.0,0.0,4.0,0.0,50.0,4.0
2026,0,2026-03-06,Oliver,Dempsey,Geelong Cats,HFFR,9.0,228.0,2.0,8.0,0.0,0.0,8.0,1.0,85.0,17.0
2026,0,2026-03-06,Zach,Guthrie,Geelong Cats,HBFR,2.0,229.0,6.0,13.0,3.0,0.0,2.0,0.0,88.9,16.0
2026,0,2026-03-06,Jack,Henry,Geelong Cats,FB,3.0,118.0,9.0,5.0,3.0,0.0,5.0,0.0,86.7,13.0
2026,0,2026-03-06,Oliver,Henry,Geelong Cats,INT,3.0,238.0,0.0,12.0,5.0,0.0,1.0,1.0,77.8,7.0
2026,0,2026-03-06,Max,Holmes,Geelong Cats,R,3.0,493.0,4.0,24.0,10.0,5.0,12.0,2.0,62.1,18.0
2026,0,2026-03-06,Lawson,Humphries,Geelong Cats,INT,3.0,369.0,1.0,12.0,3.0,0.0,1.0,0.0,68.8,11.0
2026,0,2026-03-06,Mitch,Knevitt,Geelong Cats,FPL,5.0,194.0,1.0,10.0,2.0,0.0,2.0,0.0,54.5,6.0
2026,0,2026-03-06,Shaun,Mannagh,Geelong Cats,CHF,4.0,272.0,1.0,19.0,2.0,0.0,1.0,0.0,80.0,8.0
2026,0,2026-03-06,Jack,Martin,Geelong Cats,FPR,2.0,132.0,1.0,8.0,1.0,0.0,5.0,0.0,69.2,9.0
2026,0,2026-03-06,Gryan,Miers,Geelong Cats,INT,3.0,404.0,2.0,21.0,6.0,0.0,3.0,1.0,64.3,18.0
2026,0,2026-03-06,Oisin,Mullin,Geelong Cats,CHB,2.0,11.0,0.0,15.0,0.0,0.0,1.0,0.0,75.0,3.0
2026,0,2026-03-06,Shannon,Neale,Geelong Cats,FF,5.0,131.0,0.0,8.0,1.0,0.0,0.0,0.0,40.0,2.0
2026,0,2026-03-06,Mark,O'Connor,Geelong Cats,C,5.0,137.0,4.0,14.0,2.0,1.0,4.0,1.0,76.5,13.0
2026,0,2026-03-06,Connor,O'Sullivan,Geelong Cats,BPL,3.0,292.0,9.0,13.0,5.0,0.0,1.0,0.0,77.8,14.0
2026,0,2026-03-06,Bailey,Smith,Geelong Cats,WL,3.0,667.0,4.0,22.0,7.0,0.0,5.0,1.0,56.5,13.0
2026,0,2026-03-06,Tom,Stewart,Geelong Cats,HBFL,2.0,596.0,8.0,8.0,6.0,0.0,5.0,0.0,79.2,19.0
2026,0,2026-03-06,James,Worpel,Geelong Cats,INT,3.0,276.0,1.0,29.0,8.0,5.0,0.0,0.0,64.7,11.0
2026,0,2026-03-07,Ryan,Angwin,GWS GIANTS,WL,2.0,248.0,2.0,20.0,2.0,1.0,3.0,1.0,83.3,10.0
2026,0,2026-03-07,Lachie,Ash,GWS GIANTS,HBFR,2.0,406.0,2.0,11.0,5.0,0.0,2.0,0.0,75.0,15.0
2026,0,2026-03-07,Kieren,Briggs,GWS GIANTS,RK,2.0,237.0,2.0,14.0,2.0,4.0,6.0,1.0,66.7,6.0
2026,0,2026-03-07,Callum,Brown,GWS GIANTS,HFFR,1.0,163.0,1.0,11.0,5.0,0.0,3.0,1.0,60.0,6.0
2026,0,2026-03-07,Jack,Buckley,GWS GIANTS,FB,0.0,203.0,4.0,8.0,3.0,0.0,0.0,0.0,83.3,10.0
2026,0,2026-03-07,Finn,Callaghan,GWS GIANTS,R,6.0,735.0,1.0,20.0,6.0,2.0,6.0,0.0,73.1,19.0
2026,0,2026-03-07,Stephen,Coniglio,GWS GIANTS,RR,9.0,282.0,0.0,14.0,4.0,1.0,7.0,1.0,63.6,14.0
2026,0,2026-03-07,Josaia,Delana,GWS GIANTS,INT,5.0,93.0,1.0,12.0,1.0,0.0,5.0,1.0,100.0,6.0
2026,0,2026-03-07,Joe,Fonti,GWS GIANTS,HBFL,4.0,304.0,11.0,13.0,4.0,1.0,8.0,0.0,77.3,17.0
2026,0,2026-03-07,Phoenix,Gothard,GWS GIANTS,HFFL,3.0,237.0,1.0,15.0,4.0,0.0,4.0,1.0,80.0,8.0
2026,0,2026-03-07,Toby,Greene,GWS GIANTS,FPL,6.0,504.0,3.0,12.0,3.0,3.0,6.0,0.0,50.0,10.0
2026,0,2026-03-07,Max,Gruzewski,GWS GIANTS,INT,4.0,127.0,0.0,2.0,1.0,0.0,2.0,0.0,83.3,5.0
2026,0,2026-03-07,Harry,Himmelberg,GWS GIANTS,INT,1.0,312.0,4.0,5.0,4.0,0.0,4.0,0.0,84.2,16.0
2026,0,2026-03-07,Jesse,Hogan,GWS GIANTS,FF,6.0,229.0,2.0,9.0,2.0,0.0,1.0,1.0,87.5,7.0
2026,0,2026-03-07,Connor,Idun,GWS GIANTS,BPR,2.0,163.0,6.0,4.0,2.0,0.0,2.0,0.0,92.3,12.0
2026,0,2026-03-07,Jayden,Laverde,GWS GIANTS,BPL,4.0,329.0,6.0,8.0,1.0,0.0,2.0,0.0,92.9,13.0
2026,0,2026-03-07,Xavier,O'Halloran,GWS GIANTS,INT,2.0,153.0,2.0,11.0,1.0,0.0,4.0,0.0,66.7,6.0
2026,0,2026-03-07,Clayton,Oliver,GWS GIANTS,C,7.0,274.0,4.0,23.0,5.0,5.0,16.0,0.0,76.9,20.0
2026,0,2026-03-07,Jake,Riccardi,GWS GIANTS,CHF,7.0,429.0,2.0,8.0,5.0,0.0,3.0,1.0,70.6,12.0
2026,0,2026-03-07,Harry,Rowston,GWS GIANTS,INT,4.0,313.0,2.0,11.0,4.0,1.0,2.0,0.0,60.0,9.0
2026,0,2026-03-07,Jake,Stringer,GWS GIANTS,FPR,11.0,362.0,1.0,8.0,1.0,0.0,5.0,0.0,57.1,8.0
2026,0,2026-03-07,Harvey,Thomas,GWS GIANTS,WR,4.0,386.0,3.0,11.0,2.0,1.0,5.0,0.0,80.0,16.0
2026,0,2026-03-07,Lachie,Whitfield,GWS GIANTS,CHB,5.0,377.0,4.0,17.0,7.0,0.0,1.0,0.0,81.5,22.0
2026,0,2026-03-07,Karl,Amon,Hawthorn,BPL,4.0,423.0,1.0,12.0,3.0,1.0,0.0,0.0,86.7,13.0
2026,0,2026-03-07,Tom,Barrass,Hawthorn,FB,3.0,0.0,5.0,4.0,0.0,0.0,1.0,0.0,100.0,8.0
2026,0,2026-03-07,Josh,Battle,Hawthorn,HBFL,1.0,422.0,8.0,5.0,2.0,0.0,6.0,0.0,80.0,16.0
2026,0,2026-03-07,Sam,Butler,Hawthorn,INT,2.0,244.0,0.0,17.0,2.0,0.0,3.0,1.0,80.0,8.0
2026,0,2026-03-07,Mabior,Chol,Hawthorn,FF,5.0,128.0,0.0,7.0,3.0,4.0,3.0,0.0,66.7,6.0
2026,0,2026-03-07,Massimo,D'Ambrosio,Hawthorn,WR,3.0,359.0,6.0,9.0,3.0,0.0,7.0,0.0,82.4,14.0
2026,0,2026-03-07,Jack,Ginnivan,Hawthorn,CHF,4.0,291.0,2.0,13.0,4.0,1.0,4.0,0.0,64.7,11.0
2026,0,2026-03-07,Jack,Gunston,Hawthorn,FPR,7.0,214.0,1.0,15.0,1.0,0.0,2.0,2.0,85.7,6.0
2026,0,2026-03-07,Blake,Hardwick,Hawthorn,INT,0.0,193.0,6.0,10.0,1.0,0.0,2.0,0.0,100.0,12.0
2026,0,2026-03-07,Jarman,Impey,Hawthorn,BPR,2.0,416.0,3.0,11.0,3.0,0.0,5.0,0.0,77.8,14.0
2026,0,2026-03-07,Mitch,Lewis,Hawthorn,FPL,3.0,141.0,1.0,9.0,2.0,0.0,1.0,1.0,70.0,7.0
2026,0,2026-03-07,Connor,Macdonald,Hawthorn,HFFL,7.0,333.0,2.0,21.0,2.0,1.0,6.0,1.0,65.0,13.0
2026,0,2026-03-07,Finn,Maginness,Hawthorn,INT,3.0,76.0,0.0,6.0,1.0,0.0,0.0,1.0,87.5,7.0
2026,0,2026-03-07,Lloyd,Meek,Hawthorn,RK,2.0,26.0,0.0,12.0,1.0,0.0,1.0,0.0,83.3,5.0
2026,0,2026-03-07,Dylan,Moore,Hawthorn,WL,3.0,128.0,2.0,10.0,1.0,0.0,5.0,1.0,84.6,11.0
2026,0,2026-03-07,Harry,Morrison,Hawthorn,C,4.0,384.0,4.0,19.0,6.0,0.0,0.0,0.0,64.7,11.0
2026,0,2026-03-07,Conor,Nash,Hawthorn,INT,4.0,164.0,1.0,13.0,3.0,3.0,5.0,2.0,58.8,10.0
2026,0,2026-03-07,Jai,Newcombe,Hawthorn,RR,5.0,535.0,0.0,16.0,6.0,2.0,2.0,0.0,68.0,17.0
2026,0,2026-03-07,Jack,Scrimshaw,Hawthorn,INT,1.0,460.0,8.0,4.0,6.0,0.0,5.0,0.0,75.0,15.0
2026,0,2026-03-07,James,Sicily,Hawthorn,CHB,1.0,592.0,14.0,9.0,6.0,0.0,5.0,0.0,95.7,22.0
2026,0,2026-03-07,Josh,Ward,Hawthorn,R,5.0,283.0,5.0,11.0,2.0,1.0,6.0,0.0,66.7,12.0
2026,0,2026-03-07,Nick,Watson,Hawthorn,HFFR,8.0,310.0,2.0,14.0,3.0,1.0,7.0,3.0,58.8,10.0
2026,0,2026-03-07,Josh,Weddle,Hawthorn,HBFR,3.0,297.0,3.0,16.0,3.0,0.0,3.0,0.0,85.7,12.0
2026,0,2026-03-07,Oscar,Allen,Brisbane Lions,CHF,8.0,250.0,0.0,8.0,1.0,0.0,2.0,0.0,45.5,5.0
2026,0,2026-03-07,Harris,Andrews,Brisbane Lions,CHB,5.0,210.0,10.0,3.0,3.0,0.0,5.0,0.0,83.3,15.0
2026,0,2026-03-07,Levi,Ashcroft,Brisbane Lions,WL,5.0,192.0,3.0,11.0,1.0,0.0,1.0,0.0,77.8,14.0
2026,0,2026-03-07,Will,Ashcroft,Brisbane Lions,INT,5.0,388.0,2.0,14.0,4.0,2.0,10.0,0.0,66.7,20.0
2026,0,2026-03-07,Zac,Bailey,Brisbane Lions,HFFR,6.0,154.0,0.0,14.0,3.0,3.0,5.0,1.0,72.2,13.0
2026,0,2026-03-07,Jarrod,Berry,Brisbane Lions,WR,5.0,415.0,3.0,22.0,3.0,0.0,5.0,0.0,77.3,17.0
2026,0,2026-03-07,Charlie,Cameron,Brisbane Lions,HFFL,8.0,373.0,3.0,17.0,5.0,0.0,2.0,5.0,53.3,8.0
2026,0,2026-03-07,Keidean,Coleman,Brisbane Lions,INT,4.0,337.0,4.0,12.0,4.0,0.0,2.0,0.0,66.7,12.0
2026,0,2026-03-07,Josh,Dunkley,Brisbane Lions,RR,5.0,261.0,3.0,22.0,5.0,2.0,6.0,2.0,84.2,16.0
2026,0,2026-03-07,Jaspa,Fletcher,Brisbane Lions,BPL,6.0,289.0,6.0,13.0,3.0,2.0,4.0,0.0,71.4,15.0
2026,0,2026-03-07,Darcy,Fort,Brisbane Lions,RK,3.0,168.0,2.0,7.0,5.0,0.0,0.0,0.0,54.5,6.0
2026,0,2026-03-07,Ty,Gallop,Brisbane Lions,FPR,2.0,168.0,2.0,14.0,2.0,0.0,3.0,4.0,50.0,5.0
2026,0,2026-03-07,Darcy,Gardiner,Brisbane Lions,FB,2.0,89.0,2.0,6.0,0.0,0.0,2.0,0.0,71.4,5.0
2026,0,2026-03-07,Ryan,Lester,Brisbane Lions,BPR,4.0,405.0,11.0,13.0,5.0,0.0,4.0,0.0,83.3,20.0
2026,0,2026-03-07,Kai,Lohmann,Brisbane Lions,INT,7.0,333.0,0.0,22.0,1.0,1.0,4.0,2.0,66.7,10.0
2026,0,2026-03-07,Hugh,McCluggage,Brisbane Lions,C,0.0,39.0,0.0,6.0,0.0,0.0,0.0,0.0,100.0,4.0
2026,0,2026-03-07,Logan,Morris,Brisbane Lions,FF,7.0,317.0,1.0,7.0,2.0,0.0,2.0,1.0,64.3,9.0
2026,0,2026-03-07,Lachie,Neale,Brisbane Lions,R,4.0,313.0,1.0,11.0,3.0,5.0,9.0,0.0,79.5,31.0
2026,0,2026-03-07,Cam,Rayner,Brisbane Lions,FPL,7.0,149.0,2.0,11.0,2.0,0.0,7.0,0.0,62.5,10.0
2026,0,2026-03-07,Bruce,Reville,Brisbane Lions,INT,5.0,498.0,1.0,9.0,2.0,0.0,5.0,1.0,77.8,14.0
2026,0,2026-03-07,Darcy,Wilmot,Brisbane Lions,HBFL,5.0,392.0,3.0,10.0,6.0,1.0,5.0,0.0,73.9,17.0
2026,0,2026-03-07,Zane,Zakostelsky,Brisbane Lions,INT,4.0,1.0,0.0,13.0,0.0,1.0,1.0,2.0,66.7,4.0
2026,0,2026-03-07,Dayne,Zorko,Brisbane Lions,HBFR,8.0,597.0,4.0,16.0,3.0,0.0,5.0,0.0,83.9,26.0
2026,0,2026-03-07,Oskar,Baker,Western Bulldogs,INT,4.0,159.0,0.0,8.0,3.0,0.0,2.0,2.0,72.7,8.0
2026,0,2026-03-07,Marcus,Bontempelli,Western Bulldogs,C,8.0,422.0,2.0,21.0,4.0,3.0,6.0,0.0,89.5,17.0
2026,0,2026-03-07,Lachlan,Bramble,Western Bulldogs,HBFR,8.0,419.0,1.0,17.0,2.0,1.0,3.0,0.0,81.3,13.0
2026,0,2026-03-07,Connor,Budarick,Western Bulldogs,HBFL,9.0,515.0,2.0,11.0,7.0,0.0,5.0,0.0,77.8,21.0
2026,0,2026-03-07,Jordan,Croft,Western Bulldogs,FPL,2.0,67.0,3.0,2.0,1.0,0.0,2.0,0.0,50.0,2.0
2026,0,2026-03-07,Bailey,Dale,Western Bulldogs,WL,4.0,248.0,6.0,9.0,3.0,0.0,4.0,0.0,68.4,13.0
2026,0,2026-03-07,Sam,Darcy,Western Bulldogs,CHF,6.0,181.0,0.0,8.0,2.0,0.0,2.0,2.0,60.0,6.0
2026,0,2026-03-07,Sam,Davidson,Western Bulldogs,INT,7.0,98.0,2.0,14.0,1.0,0.0,2.0,1.0,88.9,8.0
2026,0,2026-03-07,Tim,English,Western Bulldogs,RK,9.0,222.0,4.0,7.0,0.0,0.0,1.0,0.0,87.5,14.0
2026,0,2026-03-07,Joel,Freijah,Western Bulldogs,INT,8.0,119.0,2.0,14.0,4.0,2.0,6.0,1.0,70.0,14.0
2026,0,2026-03-07,Cooper,Hynes,Western Bulldogs,HFFL,7.0,41.0,1.0,14.0,1.0,1.0,3.0,0.0,66.7,8.0
2026,0,2026-03-07,Lachie,Jaques,Western Bulldogs,BPL,4.0,377.0,7.0,6.0,5.0,0.0,2.0,1.0,87.5,14.0
2026,0,2026-03-07,Arthur,Jones,Western Bulldogs,HFFR,2.0,72.0,0.0,17.0,1.0,0.0,1.0,0.0,85.7,6.0
2026,0,2026-03-07,Matthew,Kennedy,Western Bulldogs,RR,8.0,520.0,3.0,20.0,8.0,0.0,8.0,0.0,53.3,16.0
2026,0,2026-03-07,Buku,Khamis,Western Bulldogs,FB,2.0,13.0,5.0,4.0,0.0,0.0,1.0,0.0,60.0,3.0
2026,0,2026-03-07,Tom,Liberatore,Western Bulldogs,FPR,6.0,367.0,3.0,24.0,4.0,2.0,6.0,0.0,60.7,17.0
2026,0,2026-03-07,Rory,Lobb,Western Bulldogs,BPR,1.0,337.0,6.0,10.0,1.0,0.0,1.0,0.0,100.0,13.0
2026,0,2026-03-07,Aaron,Naughton,Western Bulldogs,FF,6.0,186.0,0.0,11.0,2.0,1.0,3.0,1.0,60.0,6.0
2026,0,2026-03-07,James,O'Donnell,Western Bulldogs,CHB,1.0,61.0,7.0,6.0,3.0,0.0,4.0,0.0,62.5,5.0
2026,0,2026-03-07,Ed,Richards,Western Bulldogs,R,16.0,726.0,2.0,27.0,2.0,5.0,3.0,0.0,73.3,22.0
2026,0,2026-03-07,Michael,Sellwood,Western Bulldogs,INT,1.0,136.0,4.0,19.0,3.0,0.0,1.0,0.0,90.0,9.0
2026,0,2026-03-07,Rhylee,West,Western Bulldogs,INT,7.0,222.0,2.0,10.0,2.0,0.0,3.0,1.0,81.3,13.0
2026,0,2026-03-07,Bailey,Williams,Western Bulldogs,WR,11.0,459.0,1.0,9.0,4.0,1.0,5.0,1.0,68.0,17.0
2026,0,2026-03-08,Hugh,Boxshall,St Kilda,CHF,1.0,121.0,0.0,23.0,2.0,0.0,0.0,3.0,42.9,3.0
2026,0,2026-03-08,Anthony,Caminiti,St Kilda,BPR,2.0,93.0,5.0,4.0,1.0,0.0,4.0,0.0,80.0,8.0
2026,0,2026-03-08,Jack,Carroll,St Kilda,INT,2.0,361.0,4.0,7.0,2.0,0.0,0.0,0.0,75.0,12.0
2026,0,2026-03-08,Tom,De Koning,St Kilda,RK,6.0,173.0,4.0,7.0,2.0,3.0,2.0,1.0,90.0,18.0
2026,0,2026-03-08,Sam,Flanders,St Kilda,RR,4.0,505.0,4.0,16.0,5.0,1.0,5.0,0.0,60.7,17.0
2026,0,2026-03-08,Hugo,Garcia,St Kilda,INT,4.0,177.0,0.0,18.0,4.0,3.0,4.0,2.0,82.4,14.0
2026,0,2026-03-08,Max,Hall,St Kilda,C,6.0,127.0,2.0,26.0,3.0,0.0,6.0,4.0,82.4,14.0
2026,0,2026-03-08,Jack,Higgins,St Kilda,FPR,5.0,100.0,1.0,12.0,1.0,0.0,3.0,3.0,90.9,10.0
2026,0,2026-03-08,Bradley,Hill,St Kilda,CHB,4.0,760.0,5.0,12.0,5.0,0.0,3.0,1.0,75.0,18.0
2026,0,2026-03-08,Jack,Macrae,St Kilda,INT,3.0,127.0,2.0,13.0,6.0,3.0,5.0,2.0,71.4,10.0
2026,0,2026-03-08,Rowan,Marshall,St Kilda,FPL,4.0,86.0,2.0,6.0,1.0,1.0,1.0,0.0,50.0,3.0
2026,0,2026-03-08,Mitch,Owens,St Kilda,HFFR,6.0,263.0,3.0,4.0,2.0,0.0,2.0,0.0,58.3,7.0
2026,0,2026-03-08,Mattaes,Phillipou,St Kilda,HFFL,4.0,267.0,2.0,26.0,3.0,2.0,7.0,2.0,55.6,10.0
2026,0,2026-03-08,Liam,Ryan,St Kilda,INT,5.0,251.0,2.0,6.0,3.0,0.0,2.0,0.0,55.6,5.0
2026,0,2026-03-08,Cooper,Sharman,St Kilda,FF,4.0,125.0,1.0,19.0,3.0,0.0,2.0,1.0,60.0,6.0
2026,0,2026-03-08,Jack,Silvagni,St Kilda,BPL,2.0,253.0,9.0,8.0,4.0,0.0,4.0,0.0,73.7,14.0
2026,0,2026-03-08,Jack,Sinclair,St Kilda,R,4.0,560.0,7.0,7.0,1.0,0.0,5.0,0.0,94.3,33.0
2026,0,2026-03-08,Alix,Tauru,St Kilda,HBFL,2.0,72.0,1.0,9.0,0.0,0.0,0.0,0.0,83.3,5.0
2026,0,2026-03-08,Nasiah,Wanganeen-Milera,St Kilda,HBFR,4.0,374.0,0.0,14.0,5.0,1.0,4.0,2.0,68.4,13.0
2026,0,2026-03-08,Callum,Wilkie,St Kilda,FB,4.0,278.0,9.0,2.0,3.0,0.0,5.0,0.0,92.3,24.0
2026,0,2026-03-08,Darcy,Wilson,St Kilda,WR,6.0,402.0,1.0,11.0,8.0,0.0,2.0,2.0,42.9,9.0
2026,0,2026-03-08,Marcus,Windhager,St Kilda,WL,3.0,514.0,5.0,10.0,7.0,1.0,5.0,0.0,72.4,21.0
2026,0,2026-03-08,Mason,Wood,St Kilda,INT,1.0,264.0,2.0,7.0,3.0,0.0,5.0,2.0,69.2,9.0
2026,0,2026-03-08,Edward,Allan,Collingwood,WL,2.0,129.0,3.0,12.0,4.0,0.0,3.0,0.0,70.0,7.0
2026,0,2026-03-08,Jack,Buller,Collingwood,FPL,1.0,84.0,0.0,10.0,4.0,0.0,2.0,1.0,50.0,3.0
2026,0,2026-03-08,Darcy,Cameron,Collingwood,RK,5.0,153.0,7.0,10.0,3.0,0.0,4.0,0.0,73.7,14.0
2026,0,2026-03-08,Jack,Crisp,Collingwood,HBFR,8.0,237.0,8.0,9.0,2.0,0.0,8.0,1.0,88.5,23.0
2026,0,2026-03-08,Josh,Daicos,Collingwood,CHB,8.0,444.0,4.0,6.0,2.0,0.0,7.0,0.0,80.6,29.0
2026,0,2026-03-08,Nick,Daicos,Collingwood,C,11.0,844.0,2.0,9.0,7.0,3.0,4.0,1.0,75.6,31.0
2026,0,2026-03-08,Jordan,De Goey,Collingwood,CHF,7.0,405.0,2.0,6.0,5.0,0.0,3.0,0.0,78.9,15.0
2026,0,2026-03-08,Jamie,Elliott,Collingwood,FF,6.0,257.0,0.0,13.0,2.0,0.0,2.0,0.0,63.6,7.0
2026,0,2026-03-08,Billy,Frampton,Collingwood,BPL,4.0,239.0,7.0,5.0,3.0,0.0,3.0,0.0,89.5,17.0
2026,0,2026-03-08,Dan,Houston,Collingwood,HBFL,4.0,629.0,4.0,9.0,5.0,0.0,2.0,0.0,75.0,21.0
2026,0,2026-03-08,Patrick,Lipinski,Collingwood,WR,6.0,346.0,1.0,15.0,4.0,0.0,1.0,0.0,66.7,14.0
2026,0,2026-03-08,Ned,Long,Collingwood,RR,2.0,75.0,0.0,25.0,3.0,0.0,6.0,3.0,61.5,8.0
2026,0,2026-03-08,Brayden,Maynard,Collingwood,BPR,5.0,436.0,9.0,11.0,3.0,0.0,8.0,0.0,85.2,23.0
2026,0,2026-03-08,Beau,McCreery,Collingwood,HFFR,5.0,368.0,1.0,29.0,2.0,1.0,1.0,0.0,68.8,11.0
2026,0,2026-03-08,Daniel,McStay,Collingwood,FPR,2.0,42.0,0.0,7.0,1.0,0.0,1.0,1.0,66.7,4.0
2026,0,2026-03-08,Tim,Membrey,Collingwood,INT,6.0,91.0,0.0,5.0,4.0,0.0,1.0,1.0,25.0,2.0
2026,0,2026-03-08,Wil,Parker,Collingwood,INT,1.0,199.0,5.0,19.0,5.0,0.0,1.0,0.0,81.8,9.0
2026,0,2026-03-08,Scott,Pendlebury,Collingwood,INT,10.0,31.0,4.0,13.0,1.0,1.0,9.0,0.0,80.8,21.0
2026,0,2026-03-08,Harry,Perryman,Collingwood,R,4.0,301.0,2.0,13.0,5.0,2.0,4.0,1.0,59.1,13.0
2026,0,2026-03-08,Isaac,Quaynor,Collingwood,FB,7.0,250.0,9.0,6.0,0.0,0.0,3.0,0.0,91.3,21.0
2026,0,2026-03-08,Lachie,Schultz,Collingwood,HFFL,5.0,277.0,1.0,22.0,3.0,0.0,0.0,3.0,80.0,16.0
2026,0,2026-03-08,Steele,Sidebottom,Collingwood,INT,6.0,275.0,2.0,12.0,2.0,1.0,3.0,0.0,80.0,12.0
2026,0,2026-03-08,Roan,Steele,Collingwood,INT,4.0,223.0,3.0,14.0,1.0,0.0,0.0,1.0,90.9,10.0
2026,1,2026-03-12,Ben,Ainsworth,Carlton,HFFR,2.0,140.0,0.0,14.0,0.0,0.0,4.0,0.0,87.5,7.0
2026,1,2026-03-12,Matthew,Carroll,Carlton,INT,4.0,416.0,7.0,11.0,3.0,0.0,7.0,0.0,57.9,11.0
2026,1,2026-03-12,Campbell,Chesser,Carlton,WR,5.0,328.0,1.0,8.0,3.0,0.0,2.0,0.0,46.7,7.0
2026,1,2026-03-12,Lachlan,Cowan,Carlton,INT,0.0,269.0,3.0,9.0,4.0,0.0,2.0,0.0,78.6,11.0
2026,1,2026-03-12,Patrick,Cripps,Carlton,C,10.0,278.0,1.0,17.0,1.0,4.0,8.0,0.0,59.4,19.0
2026,1,2026-03-12,Harry,Dean,Carlton,BPL,1.0,207.0,2.0,4.0,0.0,0.0,0.0,0.0,85.7,6.0
2026,1,2026-03-12,Oliver,Florent,Carlton,HBFR,2.0,606.0,3.0,7.0,9.0,0.0,1.0,0.0,83.3,20.0
2026,1,2026-03-12,Lachie,Fogarty,Carlton,INT,4.0,16.0,2.0,11.0,1.0,0.0,3.0,2.0,83.3,5.0
2026,1,2026-03-12,Will,Hayward,Carlton,HFFL,5.0,322.0,2.0,14.0,2.0,0.0,5.0,1.0,81.3,13.0
2026,1,2026-03-12,George,Hewett,Carlton,INT,6.0,149.0,5.0,16.0,2.0,2.0,8.0,1.0,87.0,20.0
2026,1,2026-03-12,Elijah,Hollands,Carlton,CHF,4.0,194.0,5.0,8.0,5.0,1.0,8.0,0.0,78.6,11.0
2026,1,2026-03-12,Oliver,Hollands,Carlton,HBFL,2.0,298.0,3.0,11.0,5.0,0.0,2.0,0.0,64.3,9.0
2026,1,2026-03-12,Brodie,Kemp,Carlton,FPR,4.0,137.0,1.0,11.0,4.0,0.0,0.0,1.0,70.0,7.0
2026,1,2026-03-12,Cooper,Lord,Carlton,WL,5.0,375.0,2.0,9.0,4.0,0.0,6.0,0.0,55.0,11.0
2026,1,2026-03-12,Mitch,McGovern,Carlton,CHB,5.0,346.0,3.0,8.0,4.0,0.0,5.0,0.0,73.3,11.0
2026,1,2026-03-12,Harry,McKay,Carlton,FPL,6.0,243.0,1.0,9.0,5.0,0.0,2.0,0.0,75.0,9.0
2026,1,2026-03-12,Hudson,O'Keeffe,Carlton,INT,4.0,67.0,0.0,4.0,2.0,0.0,1.0,1.0,57.1,4.0
2026,1,2026-03-12,Marc,Pittonet,Carlton,RK,8.0,136.0,2.0,9.0,0.0,1.0,4.0,1.0,69.2,9.0
2026,1,2026-03-12,Jagga,Smith,Carlton,RR,11.0,303.0,3.0,9.0,5.0,0.0,11.0,0.0,68.8,22.0
2026,1,2026-03-12,Sam,Walsh,Carlton,R,3.0,480.0,4.0,21.0,5.0,3.0,5.0,0.0,80.0,24.0
2026,1,2026-03-12,Jacob,Weitering,Carlton,FB,0.0,243.0,8.0,6.0,2.0,0.0,2.0,0.0,66.7,6.0
2026,1,2026-03-12,Zac,Williams,Carlton,FF,2.0,405.0,4.0,9.0,2.0,0.0,3.0,0.0,94.1,16.0
2026,1,2026-03-12,Lewis,Young,Carlton,BPR,1.0,165.0,8.0,3.0,1.0,0.0,3.0,0.0,70.0,7.0
2026,1,2026-03-12,Harry,Armstrong,Richmond,FPR,2.0,122.0,0.0,4.0,2.0,0.0,1.0,1.0,50.0,3.0
2026,1,2026-03-12,Noah,Balta,Richmond,BPR,5.0,546.0,9.0,4.0,7.0,0.0,4.0,0.0,73.7,14.0
2026,1,2026-03-12,Sam,Banks,Richmond,CHB,6.0,458.0,3.0,6.0,2.0,0.0,3.0,0.0,95.8,23.0
2026,1,2026-03-12,Nathan,Broad,Richmond,BPL,4.0,125.0,4.0,5.0,1.0,0.0,0.0,0.0,66.7,10.0
2026,1,2026-03-12,Seth,Campbell,Richmond,CHF,7.0,250.0,3.0,16.0,4.0,0.0,8.0,0.0,64.7,11.0
2026,1,2026-03-12,Jonty,Faull,Richmond,FPL,6.0,254.0,0.0,10.0,2.0,0.0,1.0,0.0,50.0,5.0
2026,1,2026-03-12,Josh,Gibcus,Richmond,INT,1.0,127.0,6.0,9.0,4.0,0.0,3.0,0.0,66.7,6.0
2026,1,2026-03-12,Campbell,Gray,Richmond,INT,1.0,19.0,0.0,4.0,0.0,0.0,1.0,0.0,50.0,1.0
2026,1,2026-03-12,Steely,Green,Richmond,INT,7.0,287.0,1.0,13.0,3.0,0.0,5.0,1.0,83.3,10.0
2026,1,2026-03-12,Sam,Grlj,Richmond,HBFR,5.0,369.0,5.0,11.0,3.0,0.0,3.0,0.0,89.5,17.0
2026,1,2026-03-12,Jacob,Hopper,Richmond,INT,4.0,247.0,4.0,12.0,6.0,1.0,6.0,0.0,61.1,11.0
2026,1,2026-03-12,Sam,Lalor,Richmond,C,4.0,450.0,2.0,16.0,5.0,3.0,5.0,1.0,75.0,12.0
2026,1,2026-03-12,Tom,Lynch,Richmond,FF,11.0,259.0,0.0,9.0,4.0,0.0,1.0,4.0,33.3,4.0
2026,1,2026-03-12,Rhyan,Mansell,Richmond,HFFR,7.0,262.0,0.0,12.0,4.0,0.0,4.0,3.0,58.3,7.0
2026,1,2026-03-12,Kane,McAuliffe,Richmond,WR,4.0,408.0,1.0,10.0,3.0,0.0,3.0,0.0,62.5,10.0
2026,1,2026-03-12,Ben,Miller,Richmond,FB,4.0,316.0,4.0,7.0,0.0,0.0,1.0,0.0,88.2,15.0
2026,1,2026-03-12,Toby,Nankervis,Richmond,RK,4.0,174.0,3.0,10.0,3.0,4.0,8.0,0.0,81.0,17.0
2026,1,2026-03-12,Hugo,Ralphsmith,Richmond,WL,4.0,268.0,2.0,18.0,2.0,0.0,2.0,0.0,90.9,10.0
2026,1,2026-03-12,Maurice,Rioli,Richmond,HFFL,3.0,78.0,4.0,18.0,2.0,0.0,0.0,1.0,83.3,5.0
2026,1,2026-03-12,Jack,Ross,Richmond,R,5.0,283.0,6.0,23.0,5.0,0.0,8.0,1.0,73.9,17.0
2026,1,2026-03-12,Jayden,Short,Richmond,HBFL,9.0,753.0,5.0,9.0,5.0,0.0,5.0,0.0,79.3,23.0
2026,1,2026-03-12,Tim,Taranto,Richmond,RR,7.0,329.0,2.0,20.0,3.0,4.0,12.0,0.0,69.0,20.0
2026,1,2026-03-12,James,Trezise,Richmond,INT,4.0,83.0,5.0,10.0,0.0,0.0,1.0,0.0,100.0,12.0
2026,1,2026-03-13,Lachlan,Blakiston,Essendon,RK,3.0,80.0,2.0,16.0,0.0,3.0,4.0,0.0,88.9,8.0
2026,1,2026-03-13,Nate,Caddy,Essendon,CHF,3.0,193.0,2.0,7.0,6.0,0.0,5.0,1.0,36.4,4.0
2026,1,2026-03-13,Jye,Caldwell,Essendon,C,4.0,295.0,0.0,24.0,5.0,1.0,2.0,0.0,50.0,9.0
2026,1,2026-03-13,Sam,Durham,Essendon,HFFL,5.0,430.0,2.0,15.0,5.0,2.0,7.0,0.0,69.6,16.0
2026,1,2026-03-13,Xavier,Duursma,Essendon,WL,4.0,158.0,3.0,10.0,3.0,0.0,2.0,0.0,83.3,10.0
2026,1,2026-03-13,Hussien,El Achkar,Essendon,FPL,3.0,150.0,1.0,17.0,2.0,0.0,4.0,1.0,50.0,4.0
2026,1,2026-03-13,Brayden,Fiorini,Essendon,WR,4.0,255.0,2.0,12.0,4.0,1.0,4.0,1.0,70.0,14.0
2026,1,2026-03-13,Zak,Johnson,Essendon,HBFL,1.0,240.0,1.0,9.0,4.0,0.0,3.0,0.0,75.0,12.0
2026,1,2026-03-13,Max,Kondogiannis,Essendon,INT,2.0,227.0,1.0,14.0,2.0,1.0,2.0,0.0,93.3,14.0
2026,1,2026-03-13,Kyle,Langford,Essendon,FPR,3.0,138.0,1.0,6.0,3.0,0.0,2.0,1.0,55.6,5.0
2026,1,2026-03-13,Archer,May,Essendon,INT,0.0,109.0,0.0,10.0,2.0,0.0,1.0,1.0,66.7,2.0
2026,1,2026-03-13,Andrew,McGrath,Essendon,HBFR,2.0,276.0,4.0,10.0,1.0,0.0,3.0,0.0,95.2,20.0
2026,1,2026-03-13,Ben,McKay,Essendon,FB,2.0,41.0,10.0,4.0,0.0,0.0,2.0,0.0,100.0,12.0
2026,1,2026-03-13,Zach,Merrett,Essendon,R,8.0,599.0,3.0,21.0,5.0,1.0,9.0,1.0,65.6,21.0
2026,1,2026-03-13,Jayden,Nguyen,Essendon,HFFR,0.0,201.0,3.0,10.0,2.0,0.0,1.0,0.0,75.0,9.0
2026,1,2026-03-13,Darcy,Parish,Essendon,RR,6.0,383.0,2.0,21.0,4.0,2.0,5.0,2.0,76.2,16.0
2026,1,2026-03-13,Archie,Perkins,Essendon,INT,2.0,223.0,1.0,8.0,3.0,0.0,3.0,0.0,70.6,12.0
2026,1,2026-03-13,Jaxon,Prior,Essendon,BPL,3.0,174.0,3.0,13.0,0.0,0.0,5.0,1.0,90.0,9.0
2026,1,2026-03-13,Mason,Redman,Essendon,CHB,3.0,558.0,5.0,8.0,1.0,0.0,1.0,0.0,100.0,26.0
2026,1,2026-03-13,Zach,Reid,Essendon,BPR,1.0,168.0,0.0,3.0,1.0,0.0,0.0,0.0,100.0,10.0
2026,1,2026-03-13,Archie,Roberts,Essendon,INT,0.0,356.0,1.0,6.0,5.0,1.0,5.0,0.0,65.0,13.0
2026,1,2026-03-13,Dyson,Sharp,Essendon,INT,2.0,110.0,1.0,12.0,1.0,0.0,1.0,1.0,83.3,5.0
2026,1,2026-03-13,Peter,Wright,Essendon,FF,3.0,80.0,4.0,15.0,3.0,0.0,4.0,0.0,85.7,6.0
2026,1,2026-03-13,Karl,Amon,Hawthorn,BPL,6.0,629.0,1.0,16.0,8.0,0.0,2.0,0.0,69.6,16.0
2026,1,2026-03-13,Tom,Barrass,Hawthorn,FB,5.0,49.0,6.0,2.0,0.0,0.0,1.0,0.0,87.5,7.0
2026,1,2026-03-13,Josh,Battle,Hawthorn,HBFL,5.0,244.0,5.0,13.0,0.0,0.0,2.0,0.0,100.0,18.0
2026,1,2026-03-13,Sam,Butler,Hawthorn,INT,3.0,68.0,1.0,9.0,0.0,0.0,0.0,0.0,88.9,8.0
2026,1,2026-03-13,Mabior,Chol,Hawthorn,FF,9.0,280.0,1.0,12.0,1.0,0.0,3.0,0.0,50.0,7.0
2026,1,2026-03-13,Massimo,D'Ambrosio,Hawthorn,WR,5.0,277.0,1.0,13.0,5.0,0.0,3.0,0.0,66.7,8.0
2026,1,2026-03-13,Jack,Ginnivan,Hawthorn,HFFL,10.0,410.0,2.0,12.0,1.0,0.0,2.0,1.0,70.0,14.0
2026,1,2026-03-13,Jack,Gunston,Hawthorn,FPR,7.0,171.0,0.0,11.0,1.0,0.0,0.0,0.0,80.0,8.0
2026,1,2026-03-13,Blake,Hardwick,Hawthorn,HBFR,5.0,195.0,4.0,9.0,1.0,0.0,4.0,0.0,90.5,19.0
2026,1,2026-03-13,Jarman,Impey,Hawthorn,BPR,8.0,449.0,7.0,9.0,2.0,0.0,3.0,0.0,82.6,19.0
2026,1,2026-03-13,Mitch,Lewis,Hawthorn,INT,7.0,158.0,2.0,7.0,0.0,0.0,1.0,0.0,81.8,9.0
2026,1,2026-03-13,Connor,Macdonald,Hawthorn,FPL,12.0,439.0,2.0,13.0,3.0,1.0,5.0,0.0,70.8,17.0
2026,1,2026-03-13,Cam,Mackenzie,Hawthorn,C,8.0,132.0,0.0,26.0,2.0,4.0,5.0,1.0,71.4,15.0
2026,1,2026-03-13,Lloyd,Meek,Hawthorn,RK,1.0,157.0,3.0,6.0,3.0,0.0,3.0,1.0,69.2,9.0
2026,1,2026-03-13,Dylan,Moore,Hawthorn,WL,13.0,375.0,0.0,10.0,3.0,1.0,3.0,0.0,79.2,19.0
2026,1,2026-03-13,Conor,Nash,Hawthorn,INT,9.0,136.0,4.0,17.0,2.0,4.0,10.0,0.0,78.3,18.0
2026,1,2026-03-13,Jai,Newcombe,Hawthorn,RR,10.0,318.0,0.0,18.0,2.0,3.0,2.0,0.0,72.7,16.0
2026,1,2026-03-13,Ned,Reeves,Hawthorn,INT,12.0,205.0,3.0,4.0,0.0,2.0,5.0,1.0,100.0,12.0
2026,1,2026-03-13,Jack,Scrimshaw,Hawthorn,INT,3.0,223.0,4.0,11.0,5.0,0.0,2.0,0.0,75.0,12.0
2026,1,2026-03-13,James,Sicily,Hawthorn,CHB,8.0,443.0,8.0,9.0,6.0,0.0,3.0,0.0,84.6,22.0
2026,1,2026-03-13,Josh,Ward,Hawthorn,CHF,12.0,406.0,4.0,24.0,4.0,3.0,5.0,0.0,84.6,22.0
2026,1,2026-03-13,Nick,Watson,Hawthorn,HFFR,11.0,337.0,0.0,9.0,2.0,1.0,6.0,1.0,70.6,12.0
2026,1,2026-03-13,Josh,Weddle,Hawthorn,R,10.0,282.0,4.0,19.0,1.0,1.0,3.0,0.0,81.3,13.0
2026,1,2026-03-14,Oskar,Baker,Western Bulldogs,INT,4.0,332.0,0.0,7.0,1.0,0.0,0.0,0.0,90.9,10.0
2026,1,2026-03-14,Marcus,Bontempelli,Western Bulldogs,C,11.0,677.0,4.0,17.0,7.0,4.0,8.0,0.0,72.7,24.0
2026,1,2026-03-14,Lachlan,Bramble,Western Bulldogs,INT,6.0,142.0,2.0,7.0,1.0,0.0,3.0,0.0,81.3,13.0
2026,1,2026-03-14,Connor,Budarick,Western Bulldogs,HBFL,4.0,350.0,1.0,7.0,3.0,0.0,2.0,0.0,78.3,18.0
2026,1,2026-03-14,Bailey,Dale,Western Bulldogs,HBFR,3.0,381.0,4.0,4.0,2.0,0.0,3.0,0.0,82.6,19.0
2026,1,2026-03-14,Sam,Darcy,Western Bulldogs,CHF,6.0,332.0,0.0,9.0,5.0,0.0,2.0,1.0,56.3,9.0
2026,1,2026-03-14,Sam,Davidson,Western Bulldogs,WL,4.0,240.0,2.0,15.0,2.0,0.0,2.0,1.0,63.6,7.0
2026,1,2026-03-14,Tim,English,Western Bulldogs,RK,4.0,329.0,6.0,7.0,5.0,4.0,3.0,1.0,77.3,17.0
2026,1,2026-03-14,Joel,Freijah,Western Bulldogs,INT,5.0,131.0,2.0,15.0,2.0,0.0,3.0,0.0,65.0,13.0
2026,1,2026-03-14,Cooper,Hynes,Western Bulldogs,HFFR,1.0,105.0,3.0,19.0,2.0,0.0,6.0,0.0,64.3,9.0
2026,1,2026-03-14,Lachie,Jaques,Western Bulldogs,BPL,4.0,562.0,6.0,8.0,6.0,1.0,4.0,0.0,69.0,20.0
2026,1,2026-03-14,Matthew,Kennedy,Western Bulldogs,RR,8.0,583.0,0.0,24.0,6.0,4.0,6.0,2.0,74.1,20.0
2026,1,2026-03-14,Buku,Khamis,Western Bulldogs,FB,2.0,70.0,5.0,3.0,1.0,0.0,1.0,0.0,84.6,11.0
2026,1,2026-03-14,Will,Lewis,Western Bulldogs,INT,3.0,72.0,0.0,11.0,2.0,0.0,0.0,0.0,66.7,4.0
2026,1,2026-03-14,Tom,Liberatore,Western Bulldogs,FPR,12.0,390.0,3.0,20.0,4.0,3.0,7.0,1.0,75.9,22.0
2026,1,2026-03-14,Rory,Lobb,Western Bulldogs,BPR,2.0,316.0,3.0,8.0,2.0,0.0,1.0,0.0,91.7,11.0
2026,1,2026-03-14,Aaron,Naughton,Western Bulldogs,FF,10.0,335.0,0.0,7.0,2.0,0.0,0.0,2.0,73.3,11.0
2026,1,2026-03-14,James,O'Donnell,Western Bulldogs,CHB,1.0,192.0,3.0,5.0,1.0,0.0,2.0,0.0,100.0,7.0
2026,1,2026-03-14,Ed,Richards,Western Bulldogs,R,6.0,369.0,1.0,13.0,4.0,4.0,5.0,1.0,84.2,16.0
2026,1,2026-03-14,Ryley,Sanders,Western Bulldogs,FPL,5.0,125.0,4.0,17.0,1.0,0.0,8.0,0.0,81.0,17.0
2026,1,2026-03-14,Michael,Sellwood,Western Bulldogs,INT,1.0,71.0,4.0,0.0,0.0,0.0,2.0,0.0,88.9,8.0
2026,1,2026-03-14,Rhylee,West,Western Bulldogs,HFFL,4.0,207.0,2.0,11.0,4.0,0.0,4.0,1.0,92.3,12.0
2026,1,2026-03-14,Bailey,Williams,Western Bulldogs,WR,7.0,193.0,5.0,13.0,1.0,0.0,3.0,1.0,88.2,15.0
2026,1,2026-03-14,Ryan,Angwin,GWS GIANTS,WR,5.0,281.0,2.0,11.0,1.0,0.0,2.0,0.0,93.3,14.0
2026,1,2026-03-14,Lachie,Ash,GWS GIANTS,HBFL,5.0,697.0,6.0,8.0,2.0,0.0,5.0,0.0,93.5,29.0
2026,1,2026-03-14,Kieren,Briggs,GWS GIANTS,RK,2.0,65.0,2.0,14.0,2.0,2.0,0.0,2.0,33.3,3.0
2026,1,2026-03-14,Callum,Brown,GWS GIANTS,INT,4.0,110.0,0.0,8.0,2.0,0.0,0.0,2.0,66.7,6.0
2026,1,2026-03-14,Jack,Buckley,GWS GIANTS,FB,4.0,197.0,8.0,8.0,3.0,0.0,4.0,0.0,87.5,14.0
2026,1,2026-03-14,Finn,Callaghan,GWS GIANTS,R,5.0,489.0,4.0,18.0,4.0,1.0,9.0,0.0,74.1,20.0
2026,1,2026-03-14,Stephen,Coniglio,GWS GIANTS,HFFR,2.0,197.0,3.0,14.0,1.0,0.0,5.0,1.0,80.0,12.0
2026,1,2026-03-14,Josaia,Delana,GWS GIANTS,HFFL,1.0,64.0,2.0,21.0,1.0,0.0,2.0,2.0,71.4,5.0
2026,1,2026-03-14,Joe,Fonti,GWS GIANTS,HBFR,3.0,257.0,8.0,7.0,3.0,0.0,4.0,0.0,90.0,18.0
2026,1,2026-03-14,Phoenix,Gothard,GWS GIANTS,CHF,3.0,233.0,2.0,18.0,3.0,0.0,4.0,4.0,25.0,3.0
2026,1,2026-03-14,Toby,Greene,GWS GIANTS,RR,4.0,401.0,1.0,19.0,9.0,5.0,6.0,1.0,53.8,14.0
2026,1,2026-03-14,Max,Gruzewski,GWS GIANTS,FPR,1.0,72.0,0.0,8.0,0.0,0.0,2.0,0.0,57.1,4.0
2026,1,2026-03-14,Harry,Himmelberg,GWS GIANTS,INT,5.0,250.0,4.0,4.0,4.0,0.0,4.0,0.0,82.4,14.0
2026,1,2026-03-14,Jesse,Hogan,GWS GIANTS,FF,3.0,55.0,2.0,8.0,1.0,0.0,4.0,1.0,60.0,6.0
2026,1,2026-03-14,Connor,Idun,GWS GIANTS,BPR,2.0,162.0,7.0,5.0,3.0,0.0,6.0,0.0,95.7,22.0
2026,1,2026-03-14,Jayden,Laverde,GWS GIANTS,BPL,0.0,272.0,3.0,8.0,2.0,0.0,1.0,0.0,89.5,17.0
2026,1,2026-03-14,Xavier,O'Halloran,GWS GIANTS,INT,3.0,263.0,1.0,17.0,2.0,0.0,5.0,1.0,69.2,9.0
2026,1,2026-03-14,Clayton,Oliver,GWS GIANTS,C,2.0,188.0,0.0,15.0,1.0,2.0,4.0,1.0,80.8,21.0
2026,1,2026-03-14,Jake,Riccardi,GWS GIANTS,INT,3.0,171.0,2.0,11.0,3.0,0.0,3.0,0.0,84.2,16.0
2026,1,2026-03-14,Harry,Rowston,GWS GIANTS,INT,3.0,213.0,0.0,11.0,4.0,0.0,3.0,0.0,80.0,12.0
2026,1,2026-03-14,Jake,Stringer,GWS GIANTS,FPL,2.0,82.0,1.0,9.0,3.0,0.0,2.0,3.0,60.0,3.0
2026,1,2026-03-14,Harvey,Thomas,GWS GIANTS,WL,2.0,302.0,2.0,19.0,4.0,0.0,3.0,0.0,71.4,15.0
2026,1,2026-03-14,Lachie,Whitfield,GWS GIANTS,CHB,2.0,307.0,4.0,11.0,2.0,0.0,1.0,0.0,80.0,20.0
2026,1,2026-03-14,Tom,Atkins,Geelong Cats,RR,3.0,281.0,3.0,27.0,1.0,0.0,4.0,2.0,86.7,13.0
2026,1,2026-03-14,Mark,Blicavs,Geelong Cats,WL,4.0,119.0,5.0,11.0,4.0,1.0,6.0,0.0,70.6,12.0
2026,1,2026-03-14,Tanner,Bruhn,Geelong Cats,INT,4.0,365.0,2.0,11.0,5.0,2.0,5.0,1.0,75.0,18.0
2026,1,2026-03-14,Jeremy,Cameron,Geelong Cats,FPL,11.0,527.0,1.0,5.0,5.0,0.0,2.0,1.0,60.9,14.0
2026,1,2026-03-14,Jhye,Clark,Geelong Cats,INT,4.0,131.0,1.0,16.0,5.0,0.0,2.0,0.0,44.4,4.0
2026,1,2026-03-14,Brad,Close,Geelong Cats,HFFL,1.0,34.0,2.0,13.0,1.0,0.0,1.0,1.0,50.0,2.0
2026,1,2026-03-14,Patrick,Dangerfield,Geelong Cats,FPR,2.0,87.0,0.0,5.0,0.0,0.0,0.0,0.0,75.0,3.0
2026,1,2026-03-14,Sam,De Koning,Geelong Cats,BPR,3.0,208.0,7.0,11.0,1.0,0.0,3.0,0.0,72.7,8.0
2026,1,2026-03-14,Oliver,Dempsey,Geelong Cats,WR,5.0,177.0,1.0,4.0,4.0,0.0,7.0,1.0,56.3,9.0
2026,1,2026-03-14,Mitchell,Edwards,Geelong Cats,RK,2.0,128.0,3.0,9.0,0.0,0.0,3.0,0.0,57.1,4.0
2026,1,2026-03-14,Zach,Guthrie,Geelong Cats,CHB,5.0,330.0,2.0,10.0,2.0,0.0,2.0,0.0,85.7,12.0
2026,1,2026-03-14,Jack,Henry,Geelong Cats,FB,3.0,101.0,4.0,3.0,1.0,0.0,1.0,0.0,100.0,13.0
2026,1,2026-03-14,Max,Holmes,Geelong Cats,R,10.0,657.0,1.0,21.0,7.0,4.0,7.0,0.0,78.1,25.0
2026,1,2026-03-14,Lawson,Humphries,Geelong Cats,HBFR,5.0,259.0,3.0,12.0,1.0,0.0,2.0,0.0,86.4,19.0
2026,1,2026-03-14,Shaun,Mannagh,Geelong Cats,CHF,8.0,368.0,3.0,13.0,4.0,0.0,4.0,1.0,50.0,8.0
2026,1,2026-03-14,Jack,Martin,Geelong Cats,HFFR,8.0,184.0,2.0,9.0,0.0,0.0,2.0,0.0,72.7,8.0
2026,1,2026-03-14,Gryan,Miers,Geelong Cats,INT,8.0,309.0,3.0,7.0,2.0,1.0,5.0,1.0,88.0,22.0
2026,1,2026-03-14,Oisin,Mullin,Geelong Cats,INT,4.0,251.0,3.0,10.0,1.0,0.0,2.0,0.0,81.8,9.0
2026,1,2026-03-14,Shannon,Neale,Geelong Cats,FF,7.0,161.0,0.0,6.0,0.0,0.0,0.0,1.0,77.8,7.0
2026,1,2026-03-14,Mark,O'Connor,Geelong Cats,INT,2.0,286.0,3.0,8.0,2.0,0.0,1.0,0.0,50.0,4.0
2026,1,2026-03-14,Connor,O'Sullivan,Geelong Cats,BPL,2.0,309.0,4.0,4.0,6.0,0.0,4.0,0.0,66.7,8.0
2026,1,2026-03-14,Bailey,Smith,Geelong Cats,C,6.0,673.0,1.0,15.0,4.0,3.0,5.0,0.0,71.0,22.0
2026,1,2026-03-14,Tom,Stewart,Geelong Cats,HBFL,6.0,534.0,8.0,4.0,4.0,0.0,7.0,0.0,85.2,23.0
2026,1,2026-03-14,Jye,Amiss,Fremantle,HFFL,4.0,53.0,0.0,5.0,0.0,0.0,2.0,1.0,75.0,3.0
2026,1,2026-03-14,Shai,Bolton,Fremantle,FPL,7.0,262.0,4.0,5.0,1.0,0.0,9.0,0.0,68.8,11.0
2026,1,2026-03-14,Andrew,Brayshaw,Fremantle,C,5.0,322.0,2.0,22.0,3.0,2.0,2.0,0.0,78.6,11.0
2026,1,2026-03-14,Heath,Chapman,Fremantle,BPR,2.0,307.0,6.0,9.0,5.0,0.0,5.0,0.0,78.9,15.0
2026,1,2026-03-14,Jordan,Clark,Fremantle,HBFL,4.0,510.0,5.0,13.0,4.0,1.0,5.0,0.0,73.7,14.0
2026,1,2026-03-14,Sean,Darcy,Fremantle,INT,3.0,131.0,1.0,6.0,2.0,0.0,2.0,0.0,80.0,8.0
2026,1,2026-03-14,Isaiah,Dudley,Fremantle,INT,8.0,133.0,0.0,12.0,2.0,0.0,4.0,3.0,70.0,7.0
2026,1,2026-03-14,Neil,Erasmus,Fremantle,WL,4.0,348.0,5.0,6.0,7.0,0.0,7.0,0.0,57.1,12.0
2026,1,2026-03-14,Luke,Jackson,Fremantle,RK,8.0,280.0,2.0,15.0,7.0,5.0,9.0,0.0,59.3,16.0
2026,1,2026-03-14,Matthew,Johnson,Fremantle,WR,5.0,334.0,1.0,20.0,3.0,1.0,3.0,0.0,71.4,10.0
2026,1,2026-03-14,Oscar,McDonald,Fremantle,FB,0.0,196.0,3.0,7.0,1.0,0.0,1.0,0.0,80.0,4.0
2026,1,2026-03-14,Judd,McVee,Fremantle,HBFR,3.0,230.0,4.0,7.0,1.0,0.0,6.0,0.0,71.4,10.0
2026,1,2026-03-14,Nathan,O'Driscoll,Fremantle,INT,5.0,123.0,2.0,10.0,0.0,1.0,5.0,0.0,81.8,9.0
2026,1,2026-03-14,Alex,Pearce,Fremantle,INT,2.0,185.0,5.0,3.0,3.0,0.0,2.0,0.0,62.5,5.0
2026,1,2026-03-14,Murphy,Reid,Fremantle,FPR,6.0,210.0,1.0,14.0,2.0,1.0,4.0,0.0,63.2,12.0
2026,1,2026-03-14,Caleb,Serong,Fremantle,R,11.0,616.0,5.0,15.0,6.0,4.0,8.0,0.0,70.0,21.0
2026,1,2026-03-14,Sam,Switkowski,Fremantle,HFFR,4.0,127.0,0.0,12.0,0.0,0.0,0.0,0.0,88.9,8.0
2026,1,2026-03-14,Josh,Treacy,Fremantle,FF,7.0,308.0,1.0,5.0,4.0,0.0,2.0,1.0,50.0,5.0
2026,1,2026-03-14,Patrick,Voss,Fremantle,CHF,8.0,207.0,0.0,11.0,3.0,0.0,3.0,5.0,27.3,3.0
2026,1,2026-03-14,Corey,Wagner,Fremantle,BPL,2.0,287.0,5.0,6.0,3.0,0.0,3.0,0.0,76.9,10.0
2026,1,2026-03-14,Brandon,Walker,Fremantle,CHB,2.0,203.0,2.0,5.0,1.0,0.0,2.0,0.0,70.0,7.0
2026,1,2026-03-14,Karl,Worner,Fremantle,INT,7.0,470.0,5.0,10.0,4.0,0.0,1.0,0.0,89.5,17.0
2026,1,2026-03-14,Hayden,Young,Fremantle,RR,6.0,270.0,1.0,10.0,0.0,2.0,3.0,1.0,81.3,13.0
2026,1,2026-03-14,Joel,Amartey,Sydney Swans,FPL,7.0,272.0,1.0,8.0,4.0,0.0,1.0,2.0,61.5,8.0
2026,1,2026-03-14,Riley,Bice,Sydney Swans,WL,7.0,574.0,2.0,8.0,5.0,0.0,0.0,0.0,85.7,24.0
2026,1,2026-03-14,Nick,Blakey,Sydney Swans,CHB,7.0,605.0,10.0,7.0,5.0,2.0,5.0,0.0,92.0,23.0
2026,1,2026-03-14,Charlie,Curnow,Sydney Swans,FF,5.0,187.0,0.0,2.0,5.0,0.0,3.0,2.0,38.5,5.0
2026,1,2026-03-14,Brodie,Grundy,Sydney Swans,RK,6.0,157.0,3.0,8.0,0.0,1.0,4.0,0.0,88.9,8.0
2026,1,2026-03-14,Errol,Gulden,Sydney Swans,RR,7.0,327.0,1.0,22.0,2.0,0.0,2.0,2.0,85.0,17.0
2026,1,2026-03-14,Isaac,Heeney,Sydney Swans,FPR,7.0,302.0,0.0,10.0,3.0,0.0,7.0,0.0,62.5,10.0
2026,1,2026-03-14,James,Jordon,Sydney Swans,INT,3.0,91.0,0.0,5.0,0.0,0.0,0.0,0.0,100.0,9.0
2026,1,2026-03-14,Jake,Lloyd,Sydney Swans,HFFR,3.0,122.0,2.0,7.0,1.0,0.0,1.0,1.0,87.5,7.0
2026,1,2026-03-14,Tom,McCartin,Sydney Swans,FB,2.0,533.0,10.0,3.0,6.0,0.0,5.0,0.0,85.2,23.0
2026,1,2026-03-14,Logan,McDonald,Sydney Swans,INT,7.0,172.0,3.0,7.0,0.0,0.0,4.0,0.0,91.7,11.0
2026,1,2026-03-14,Justin,McInerney,Sydney Swans,C,7.0,377.0,0.0,9.0,2.0,0.0,2.0,0.0,82.6,19.0
2026,1,2026-03-14,Lewis,Melican,Sydney Swans,HBFL,3.0,195.0,5.0,5.0,3.0,0.0,1.0,0.0,63.6,7.0
2026,1,2026-03-14,Callum,Mills,Sydney Swans,BPL,2.0,314.0,8.0,6.0,2.0,0.0,3.0,0.0,86.4,19.0
2026,1,2026-03-14,Tom,Papley,Sydney Swans,INT,5.0,380.0,1.0,10.0,4.0,0.0,4.0,1.0,50.0,9.0
2026,1,2026-03-14,Dane,Rampe,Sydney Swans,INT,3.0,353.0,7.0,8.0,2.0,0.0,3.0,0.0,86.7,13.0
2026,1,2026-03-14,Matt,Roberts,Sydney Swans,WR,6.0,496.0,8.0,12.0,5.0,0.0,6.0,1.0,70.0,14.0
2026,1,2026-03-14,Malcolm,Rosas,Sydney Swans,HFFL,4.0,70.0,2.0,10.0,1.0,0.0,2.0,0.0,75.0,6.0
2026,1,2026-03-14,James,Rowbottom,Sydney Swans,CHF,6.0,240.0,3.0,23.0,3.0,1.0,10.0,1.0,47.6,10.0
2026,1,2026-03-14,Jai,Serong,Sydney Swans,HBFR,4.0,306.0,4.0,9.0,4.0,0.0,1.0,0.0,72.2,13.0
2026,1,2026-03-14,Angus,Sheldrick,Sydney Swans,INT,5.0,230.0,6.0,9.0,3.0,3.0,8.0,0.0,60.0,15.0
2026,1,2026-03-14,Chad,Warner,Sydney Swans,R,6.0,149.0,2.0,6.0,2.0,2.0,8.0,0.0,73.3,11.0
2026,1,2026-03-14,Sam,Wicks,Sydney Swans,BPR,3.0,247.0,3.0,12.0,0.0,0.0,2.0,0.0,70.0,7.0
2026,1,2026-03-14,Oscar,Allen,Brisbane Lions,CHF,2.0,127.0,2.0,4.0,2.0,0.0,1.0,0.0,100.0,5.0
2026,1,2026-03-14,Daniel,Annable,Brisbane Lions,INT,5.0,239.0,1.0,14.0,1.0,0.0,1.0,0.0,84.6,11.0
2026,1,2026-03-14,Noah,Answerth,Brisbane Lions,BPL,3.0,226.0,3.0,10.0,3.0,0.0,2.0,0.0,90.0,9.0
2026,1,2026-03-14,Levi,Ashcroft,Brisbane Lions,INT,4.0,329.0,1.0,10.0,2.0,0.0,5.0,0.0,83.3,15.0
2026,1,2026-03-14,Will,Ashcroft,Brisbane Lions,C,3.0,170.0,4.0,12.0,5.0,4.0,6.0,1.0,71.4,15.0
2026,1,2026-03-14,Jarrod,Berry,Brisbane Lions,WR,3.0,231.0,2.0,8.0,0.0,0.0,2.0,0.0,66.7,8.0
2026,1,2026-03-14,Charlie,Cameron,Brisbane Lions,HFFL,2.0,277.0,0.0,15.0,5.0,1.0,4.0,2.0,58.3,7.0
2026,1,2026-03-14,Keidean,Coleman,Brisbane Lions,INT,2.0,125.0,2.0,4.0,4.0,0.0,3.0,0.0,68.8,11.0
2026,1,2026-03-14,Sam,Draper,Brisbane Lions,INT,4.0,96.0,0.0,5.0,1.0,0.0,0.0,0.0,37.5,3.0
2026,1,2026-03-14,Josh,Dunkley,Brisbane Lions,RR,4.0,136.0,4.0,23.0,3.0,1.0,8.0,2.0,68.2,15.0
2026,1,2026-03-14,Jaspa,Fletcher,Brisbane Lions,CHB,5.0,422.0,3.0,10.0,6.0,0.0,3.0,0.0,83.3,15.0
2026,1,2026-03-14,Darcy,Fort,Brisbane Lions,RK,4.0,414.0,2.0,8.0,6.0,1.0,5.0,0.0,66.7,12.0
2026,1,2026-03-14,Ty,Gallop,Brisbane Lions,FPR,2.0,84.0,0.0,11.0,2.0,0.0,2.0,1.0,66.7,2.0
2026,1,2026-03-14,Ryan,Lester,Brisbane Lions,BPR,0.0,196.0,7.0,4.0,1.0,0.0,3.0,0.0,81.8,9.0
2026,1,2026-03-14,Kai,Lohmann,Brisbane Lions,FPL,2.0,111.0,1.0,14.0,3.0,1.0,6.0,0.0,62.5,5.0
2026,1,2026-03-14,Lincoln,McCarthy,Brisbane Lions,HFFR,1.0,196.0,6.0,16.0,7.0,0.0,5.0,0.0,63.6,7.0
2026,1,2026-03-14,Lachie,Neale,Brisbane Lions,R,4.0,283.0,1.0,14.0,3.0,4.0,8.0,0.0,78.6,22.0
2026,1,2026-03-14,Cam,Rayner,Brisbane Lions,FF,6.0,296.0,2.0,9.0,5.0,1.0,4.0,0.0,50.0,8.0
2026,1,2026-03-14,Bruce,Reville,Brisbane Lions,WL,5.0,452.0,3.0,8.0,2.0,1.0,6.0,0.0,84.6,11.0
2026,1,2026-03-14,James,Tunstill,Brisbane Lions,INT,2.0,86.0,2.0,7.0,2.0,0.0,4.0,0.0,68.8,11.0
2026,1,2026-03-14,Darcy,Wilmot,Brisbane Lions,HBFL,2.0,397.0,6.0,13.0,8.0,1.0,4.0,0.0,62.5,15.0
2026,1,2026-03-14,Zane,Zakostelsky,Brisbane Lions,FB,1.0,284.0,5.0,10.0,3.0,0.0,2.0,0.0,83.3,10.0
2026,1,2026-03-14,Dayne,Zorko,Brisbane Lions,HBFR,4.0,669.0,5.0,6.0,7.0,0.0,6.0,0.0,70.0,21.0
2026,1,2026-03-14,Edward,Allan,Collingwood,INT,2.0,155.0,1.0,13.0,2.0,0.0,4.0,0.0,62.5,5.0
2026,1,2026-03-14,Jack,Buller,Collingwood,INT,1.0,72.0,1.0,7.0,2.0,0.0,1.0,1.0,50.0,4.0
2026,1,2026-03-14,Darcy,Cameron,Collingwood,RK,6.0,213.0,3.0,11.0,3.0,2.0,5.0,0.0,50.0,10.0
2026,1,2026-03-14,Jack,Crisp,Collingwood,WL,6.0,445.0,3.0,15.0,2.0,1.0,8.0,0.0,87.5,21.0
2026,1,2026-03-14,Josh,Daicos,Collingwood,CHB,5.0,460.0,5.0,12.0,2.0,0.0,3.0,0.0,85.7,24.0
2026,1,2026-03-14,Nick,Daicos,Collingwood,C,8.0,790.0,2.0,16.0,9.0,1.0,5.0,0.0,63.6,21.0
2026,1,2026-03-14,Jordan,De Goey,Collingwood,CHF,3.0,153.0,3.0,9.0,3.0,0.0,2.0,1.0,75.0,9.0
2026,1,2026-03-14,Jamie,Elliott,Collingwood,INT,5.0,102.0,0.0,6.0,1.0,1.0,1.0,2.0,80.0,4.0
2026,1,2026-03-14,Billy,Frampton,Collingwood,BPL,1.0,26.0,5.0,3.0,1.0,0.0,2.0,0.0,80.0,4.0
2026,1,2026-03-14,Dan,Houston,Collingwood,HBFL,5.0,702.0,10.0,8.0,7.0,1.0,8.0,0.0,78.1,25.0
2026,1,2026-03-14,Patrick,Lipinski,Collingwood,WR,8.0,347.0,5.0,11.0,6.0,0.0,6.0,1.0,68.2,15.0
2026,1,2026-03-14,Ned,Long,Collingwood,R,2.0,67.0,2.0,33.0,5.0,0.0,6.0,1.0,68.8,11.0
2026,1,2026-03-14,Brayden,Maynard,Collingwood,BPR,2.0,405.0,6.0,15.0,6.0,0.0,3.0,0.0,66.7,10.0
2026,1,2026-03-14,Beau,McCreery,Collingwood,HFFR,5.0,434.0,3.0,16.0,4.0,0.0,5.0,0.0,64.7,11.0
2026,1,2026-03-14,Daniel,McStay,Collingwood,FPR,2.0,170.0,0.0,10.0,6.0,0.0,2.0,2.0,40.0,4.0
2026,1,2026-03-14,Tim,Membrey,Collingwood,FF,3.0,55.0,0.0,11.0,0.0,0.0,1.0,1.0,66.7,2.0
2026,1,2026-03-14,Wil,Parker,Collingwood,INT,1.0,188.0,6.0,8.0,6.0,0.0,4.0,0.0,55.6,5.0
2026,1,2026-03-14,Scott,Pendlebury,Collingwood,INT,6.0,172.0,3.0,12.0,0.0,3.0,4.0,0.0,93.8,15.0
2026,1,2026-03-14,Harry,Perryman,Collingwood,HBFR,2.0,337.0,6.0,12.0,2.0,0.0,2.0,0.0,76.5,13.0
2026,1,2026-03-14,Isaac,Quaynor,Collingwood,FB,6.0,668.0,4.0,13.0,4.0,0.0,1.0,0.0,85.7,18.0
2026,1,2026-03-14,Lachie,Schultz,Collingwood,HFFL,8.0,318.0,1.0,15.0,5.0,0.0,3.0,2.0,60.0,9.0
2026,1,2026-03-14,Steele,Sidebottom,Collingwood,RR,1.0,268.0,1.0,12.0,3.0,0.0,5.0,0.0,70.6,12.0
2026,1,2026-03-14,Roan,Steele,Collingwood,FPL,6.0,202.0,1.0,12.0,0.0,0.0,3.0,0.0,66.7,8.0
2026,1,2026-03-14,Callum,Ah Chee,Adelaide Crows,INT,2.0,186.0,3.0,11.0,0.0,0.0,4.0,0.0,58.3,7.0
2026,1,2026-03-14,Sam,Berry,Adelaide Crows,RR,8.0,515.0,3.0,20.0,3.0,4.0,6.0,2.0,68.4,13.0
2026,1,2026-03-14,Hugh,Bond,Adelaide Crows,BPR,3.0,265.0,5.0,6.0,3.0,0.0,2.0,0.0,69.2,9.0
2026,1,2026-03-14,Jordon,Butts,Adelaide Crows,FB,0.0,88.0,4.0,4.0,1.0,0.0,3.0,0.0,75.0,6.0
2026,1,2026-03-14,Brayden,Cook,Adelaide Crows,WL,5.0,329.0,7.0,3.0,2.0,0.0,8.0,0.0,73.7,14.0
2026,1,2026-03-14,Isaac,Cumming,Adelaide Crows,WR,5.0,372.0,1.0,20.0,3.0,0.0,1.0,0.0,68.4,13.0
2026,1,2026-03-14,Jordan,Dawson,Adelaide Crows,C,5.0,148.0,5.0,18.0,5.0,2.0,2.0,0.0,81.0,17.0
2026,1,2026-03-14,Darcy,Fogarty,Adelaide Crows,FPR,5.0,156.0,2.0,6.0,2.0,0.0,5.0,0.0,50.0,4.0
2026,1,2026-03-14,Ben,Keays,Adelaide Crows,HFFR,6.0,264.0,1.0,11.0,4.0,0.0,1.0,0.0,61.5,8.0
2026,1,2026-03-14,Rory,Laird,Adelaide Crows,HBFR,3.0,352.0,8.0,8.0,5.0,0.0,4.0,0.0,84.0,21.0
2026,1,2026-03-14,Lachlan,McAndrew,Adelaide Crows,RK,5.0,167.0,1.0,21.0,4.0,2.0,4.0,0.0,76.9,10.0
2026,1,2026-03-14,Max,Michalanney,Adelaide Crows,INT,6.0,391.0,4.0,6.0,3.0,0.0,1.0,0.0,75.0,12.0
2026,1,2026-03-14,Wayne,Milera,Adelaide Crows,BPL,8.0,673.0,7.0,7.0,2.0,0.0,7.0,0.0,94.1,32.0
2026,1,2026-03-14,Nick,Murray,Adelaide Crows,HBFL,2.0,234.0,4.0,6.0,3.0,0.0,3.0,0.0,76.9,10.0
2026,1,2026-03-14,Toby,Murray,Adelaide Crows,INT,0.0,5.0,0.0,9.0,0.0,0.0,1.0,0.0,50.0,1.0
2026,1,2026-03-14,Alex,Neal-Bullen,Adelaide Crows,FPL,12.0,407.0,4.0,24.0,4.0,1.0,8.0,0.0,65.4,17.0
2026,1,2026-03-14,James,Peatling,Adelaide Crows,INT,6.0,177.0,2.0,14.0,4.0,3.0,6.0,0.0,75.0,15.0
2026,1,2026-03-14,Luke,Pedlar,Adelaide Crows,HFFL,3.0,193.0,1.0,13.0,1.0,0.0,3.0,2.0,71.4,5.0
2026,1,2026-03-14,Josh,Rachele,Adelaide Crows,R,10.0,247.0,2.0,15.0,6.0,2.0,8.0,1.0,66.7,16.0
2026,1,2026-03-14,Jake,Soligo,Adelaide Crows,INT,3.0,167.0,1.0,21.0,1.0,1.0,6.0,2.0,64.3,9.0
2026,1,2026-03-14,Riley,Thilthorpe,Adelaide Crows,CHF,5.0,510.0,1.0,8.0,6.0,1.0,1.0,1.0,46.7,7.0
2026,1,2026-03-14,Taylor,Walker,Adelaide Crows,FF,9.0,315.0,4.0,9.0,5.0,0.0,6.0,0.0,63.2,12.0
2026,1,2026-03-14,Josh,Worrell,Adelaide Crows,CHB,4.0,536.0,9.0,9.0,4.0,0.0,8.0,0.0,88.9,24.0
2026,1,2026-03-15,Tom,Blamires,North Melbourne,HBFR,3.0,396.0,2.0,7.0,3.0,0.0,2.0,0.0,69.6,16.0
2026,1,2026-03-15,Charlie,Comben,North Melbourne,BPR,6.0,238.0,14.0,5.0,4.0,0.0,3.0,0.0,83.3,15.0
2026,1,2026-03-15,Paul,Curtis,North Melbourne,HFFL,6.0,165.0,1.0,10.0,1.0,0.0,2.0,0.0,42.9,3.0
2026,1,2026-03-15,Caleb,Daniel,North Melbourne,CHB,6.0,361.0,2.0,6.0,3.0,1.0,2.0,0.0,91.3,21.0
2026,1,2026-03-15,Jack,Darling,North Melbourne,INT,6.0,196.0,1.0,8.0,3.0,0.0,2.0,3.0,83.3,10.0
2026,1,2026-03-15,Luke,Davies-Uniacke,North Melbourne,RR,7.0,476.0,2.0,18.0,5.0,3.0,8.0,0.0,79.2,19.0
2026,1,2026-03-15,Lachy,Dovaston,North Melbourne,INT,3.0,226.0,3.0,9.0,2.0,0.0,3.0,1.0,80.0,8.0
2026,1,2026-03-15,Zane,Duursma,North Melbourne,INT,2.0,70.0,1.0,11.0,3.0,0.0,3.0,1.0,100.0,5.0
2026,1,2026-03-15,Jacob,Konstanty,North Melbourne,HFFR,0.0,85.0,1.0,10.0,2.0,0.0,4.0,1.0,83.3,5.0
2026,1,2026-03-15,Nick,Larkey,North Melbourne,FF,5.0,75.0,0.0,4.0,2.0,0.0,4.0,1.0,85.7,6.0
2026,1,2026-03-15,Griffin,Logue,North Melbourne,FB,4.0,232.0,5.0,1.0,3.0,0.0,2.0,0.0,71.4,10.0
2026,1,2026-03-15,Luke,McDonald,North Melbourne,INT,4.0,338.0,2.0,6.0,4.0,0.0,2.0,0.0,90.0,18.0
2026,1,2026-03-15,Colby,McKercher,North Melbourne,INT,3.0,142.0,1.0,12.0,1.0,0.0,3.0,1.0,90.9,10.0
2026,1,2026-03-15,Finn,O'Sullivan,North Melbourne,HBFL,4.0,74.0,0.0,17.0,1.0,2.0,6.0,1.0,86.7,13.0
2026,1,2026-03-15,Luke,Parker,North Melbourne,FPR,4.0,252.0,4.0,8.0,0.0,0.0,1.0,0.0,100.0,24.0
2026,1,2026-03-15,Toby,Pink,North Melbourne,BPL,2.0,376.0,4.0,2.0,4.0,0.0,2.0,0.0,93.3,14.0
2026,1,2026-03-15,Tom,Powell,North Melbourne,C,4.0,337.0,4.0,9.0,2.0,1.0,6.0,0.0,75.0,15.0
2026,1,2026-03-15,Harry,Sheezel,North Melbourne,R,8.0,447.0,1.0,12.0,6.0,2.0,5.0,0.0,74.2,23.0
2026,1,2026-03-15,Jy,Simpkin,North Melbourne,WL,7.0,254.0,5.0,9.0,1.0,0.0,4.0,0.0,76.5,13.0
2026,1,2026-03-15,Dylan,Stephens,North Melbourne,WR,9.0,536.0,3.0,9.0,4.0,0.0,3.0,0.0,75.9,22.0
2026,1,2026-03-15,Cooper,Trembath,North Melbourne,CHF,4.0,173.0,0.0,7.0,2.0,0.0,1.0,1.0,77.8,7.0
2026,1,2026-03-15,Tristan,Xerri,North Melbourne,RK,4.0,123.0,3.0,14.0,1.0,3.0,9.0,0.0,63.2,12.0
2026,1,2026-03-15,Cameron,Zurhaar,North Melbourne,FPL,7.0,168.0,2.0,11.0,2.0,0.0,1.0,2.0,45.5,5.0
2026,1,2026-03-15,Aliir,Aliir,Port Adelaide,CHB,4.0,204.0,7.0,6.0,3.0,0.0,3.0,0.0,80.0,12.0
2026,1,2026-03-15,Miles,Bergman,Port Adelaide,INT,5.0,281.0,5.0,10.0,4.0,2.0,4.0,1.0,50.0,6.0
2026,1,2026-03-15,Joe,Berry,Port Adelaide,HFFR,2.0,285.0,0.0,17.0,3.0,1.0,3.0,1.0,54.5,6.0
2026,1,2026-03-15,Jase,Burgoyne,Port Adelaide,INT,6.0,54.0,3.0,7.0,0.0,0.0,4.0,0.0,94.1,16.0
2026,1,2026-03-15,Zak,Butters,Port Adelaide,RR,4.0,289.0,1.0,19.0,5.0,3.0,5.0,0.0,65.2,15.0
2026,1,2026-03-15,Darcy,Byrne-Jones,Port Adelaide,FPL,5.0,157.0,0.0,21.0,1.0,0.0,2.0,3.0,57.1,4.0
2026,1,2026-03-15,Willem,Drew,Port Adelaide,R,4.0,380.0,3.0,15.0,5.0,1.0,4.0,0.0,61.9,13.0
2026,1,2026-03-15,Corey,Durdin,Port Adelaide,INT,5.0,197.0,0.0,7.0,1.0,0.0,1.0,1.0,57.1,4.0
2026,1,2026-03-15,Logan,Evans,Port Adelaide,HBFL,5.0,293.0,3.0,5.0,5.0,0.0,2.0,0.0,68.8,11.0
2026,1,2026-03-15,Kane,Farrell,Port Adelaide,HBFR,4.0,414.0,1.0,5.0,5.0,0.0,3.0,0.0,70.6,12.0
2026,1,2026-03-15,Mitch,Georgiades,Port Adelaide,CHF,6.0,117.0,0.0,3.0,3.0,0.0,2.0,0.0,75.0,6.0
2026,1,2026-03-15,Jason,Horne-Francis,Port Adelaide,HFFL,2.0,160.0,3.0,16.0,5.0,2.0,2.0,2.0,58.3,7.0
2026,1,2026-03-15,Lachie,Jones,Port Adelaide,BPL,3.0,317.0,4.0,5.0,3.0,0.0,0.0,0.0,88.9,8.0
2026,1,2026-03-15,Ollie,Lord,Port Adelaide,FF,2.0,22.0,1.0,19.0,0.0,1.0,4.0,0.0,57.1,4.0
2026,1,2026-03-15,Ewan,Mackinlay,Port Adelaide,WL,4.0,256.0,3.0,14.0,3.0,0.0,8.0,0.0,69.2,9.0
2026,1,2026-03-15,Todd,Marshall,Port Adelaide,BPR,3.0,280.0,8.0,2.0,2.0,0.0,4.0,0.0,85.7,12.0
2026,1,2026-03-15,Esava,Ratugolea,Port Adelaide,FB,2.0,83.0,7.0,1.0,1.0,0.0,4.0,0.0,100.0,8.0
2026,1,2026-03-15,Joe,Richards,Port Adelaide,FPR,6.0,225.0,2.0,13.0,3.0,0.0,2.0,1.0,78.6,11.0
2026,1,2026-03-15,Connor,Rozee,Port Adelaide,C,4.0,442.0,5.0,17.0,4.0,0.0,7.0,0.0,75.0,18.0
2026,1,2026-03-15,Dante,Visentini,Port Adelaide,RK,3.0,77.0,0.0,8.0,0.0,1.0,0.0,1.0,66.7,4.0
2026,1,2026-03-15,Jack,Watkins,Port Adelaide,INT,3.0,151.0,1.0,9.0,1.0,0.0,2.0,0.0,50.0,5.0
2026,1,2026-03-15,Jacob,Wehr,Port Adelaide,WR,3.0,252.0,3.0,9.0,4.0,1.0,5.0,0.0,61.5,8.0
2026,1,2026-03-15,Jack,Whitlock,Port Adelaide,INT,3.0,79.0,0.0,12.0,0.0,0.0,0.0,1.0,66.7,2.0
2026,1,2026-03-15,Kade,Chandler,Melbourne,FPR,5.0,211.0,1.0,19.0,1.0,0.0,3.0,1.0,86.7,13.0
2026,1,2026-03-15,Jai,Culley,Melbourne,WL,7.0,114.0,0.0,11.0,0.0,0.0,3.0,1.0,81.8,9.0
2026,1,2026-03-15,Bayley,Fritsch,Melbourne,FPL,8.0,360.0,2.0,3.0,2.0,0.0,4.0,0.0,73.3,11.0
2026,1,2026-03-15,Max,Gawn,Melbourne,RK,8.0,310.0,4.0,7.0,3.0,4.0,3.0,0.0,77.3,17.0
2026,1,2026-03-15,Blake,Howes,Melbourne,BPR,1.0,111.0,3.0,3.0,1.0,0.0,4.0,0.0,86.7,13.0
2026,1,2026-03-15,Changkuoth,Jiath,Melbourne,HBFL,2.0,325.0,3.0,12.0,3.0,0.0,3.0,0.0,78.9,15.0
2026,1,2026-03-15,Ed,Langdon,Melbourne,WR,4.0,219.0,1.0,11.0,1.0,0.0,1.0,2.0,60.0,6.0
2026,1,2026-03-15,Harvey,Langford,Melbourne,R,4.0,199.0,3.0,10.0,1.0,1.0,4.0,0.0,77.8,7.0
2026,1,2026-03-15,Jake,Lever,Melbourne,FB,2.0,273.0,7.0,11.0,2.0,0.0,4.0,0.0,66.7,8.0
2026,1,2026-03-15,Xavier,Lindsay,Melbourne,INT,4.0,418.0,4.0,10.0,6.0,0.0,4.0,0.0,77.8,14.0
2026,1,2026-03-15,Brody,Mihocek,Melbourne,FF,4.0,339.0,1.0,7.0,6.0,0.0,2.0,0.0,42.9,6.0
2026,1,2026-03-15,Harrison,Petty,Melbourne,BPL,3.0,182.0,5.0,15.0,3.0,1.0,3.0,0.0,57.1,4.0
2026,1,2026-03-15,Kysaiah,Pickett,Melbourne,HFFL,5.0,291.0,1.0,19.0,6.0,5.0,5.0,0.0,47.4,9.0
2026,1,2026-03-15,Latrelle,Pickett,Melbourne,INT,4.0,182.0,0.0,2.0,1.0,0.0,4.0,0.0,71.4,5.0
2026,1,2026-03-15,Trent,Rivers,Melbourne,INT,4.0,277.0,1.0,16.0,3.0,0.0,2.0,0.0,81.3,13.0
2026,1,2026-03-15,Christian,Salem,Melbourne,HBFR,4.0,445.0,4.0,9.0,4.0,0.0,3.0,0.0,78.3,18.0
2026,1,2026-03-15,Harry,Sharp,Melbourne,INT,6.0,233.0,1.0,11.0,1.0,0.0,6.0,0.0,80.0,12.0
2026,1,2026-03-15,Tom,Sparrow,Melbourne,INT,1.0,131.0,1.0,20.0,1.0,0.0,1.0,0.0,66.7,4.0
2026,1,2026-03-15,Jack,Steele,Melbourne,C,7.0,449.0,2.0,13.0,3.0,4.0,4.0,0.0,71.4,15.0
2026,1,2026-03-15,Koltyn,Tholstrup,Melbourne,HFFR,8.0,359.0,2.0,9.0,1.0,1.0,4.0,0.0,76.5,13.0
2026,1,2026-03-15,Daniel,Turner,Melbourne,CHB,4.0,298.0,5.0,15.0,1.0,0.0,4.0,0.0,80.0,12.0
2026,1,2026-03-15,Jacob,van Rooyen,Melbourne,CHF,9.0,278.0,0.0,6.0,1.0,0.0,3.0,1.0,85.7,12.0
2026,1,2026-03-15,Caleb,Windsor,Melbourne,RR,7.0,308.0,2.0,23.0,2.0,1.0,5.0,0.0,85.7,18.0
2026,1,2026-03-15,Hugh,Boxshall,St Kilda,INT,5.0,211.0,1.0,17.0,2.0,0.0,4.0,1.0,66.7,10.0
2026,1,2026-03-15,Anthony,Caminiti,St Kilda,BPR,4.0,45.0,7.0,7.0,0.0,0.0,6.0,0.0,100.0,11.0
2026,1,2026-03-15,Jack,Carroll,St Kilda,HBFL,4.0,280.0,3.0,10.0,3.0,0.0,3.0,0.0,80.0,12.0
2026,1,2026-03-15,Tom,De Koning,St Kilda,RK,12.0,252.0,1.0,8.0,1.0,1.0,2.0,0.0,86.7,13.0
2026,1,2026-03-15,Sam,Flanders,St Kilda,RR,6.0,376.0,3.0,22.0,3.0,2.0,11.0,0.0,78.6,22.0
2026,1,2026-03-15,Hugo,Garcia,St Kilda,INT,9.0,404.0,0.0,22.0,2.0,1.0,3.0,1.0,63.2,12.0
2026,1,2026-03-15,Max,Hall,St Kilda,C,13.0,480.0,0.0,21.0,0.0,1.0,5.0,0.0,92.3,24.0
2026,1,2026-03-15,Jack,Higgins,St Kilda,FPR,8.0,130.0,0.0,10.0,1.0,0.0,2.0,0.0,66.7,6.0
2026,1,2026-03-15,Bradley,Hill,St Kilda,CHB,6.0,401.0,2.0,5.0,5.0,1.0,4.0,0.0,66.7,18.0
2026,1,2026-03-15,Isaac,Keeler,St Kilda,INT,5.0,114.0,1.0,3.0,3.0,0.0,3.0,0.0,50.0,5.0
2026,1,2026-03-15,Jack,Macrae,St Kilda,INT,7.0,175.0,4.0,13.0,4.0,1.0,8.0,0.0,73.9,17.0
2026,1,2026-03-15,Mitch,Owens,St Kilda,HFFR,10.0,379.0,1.0,8.0,6.0,0.0,2.0,0.0,70.6,12.0
2026,1,2026-03-15,Mattaes,Phillipou,St Kilda,HFFL,4.0,135.0,0.0,9.0,2.0,2.0,4.0,0.0,63.6,7.0
2026,1,2026-03-15,Liam,Ryan,St Kilda,FPL,6.0,158.0,0.0,9.0,1.0,0.0,2.0,0.0,70.0,7.0
2026,1,2026-03-15,Cooper,Sharman,St Kilda,FF,6.0,48.0,0.0,8.0,1.0,0.0,3.0,0.0,87.5,7.0
2026,1,2026-03-15,Jack,Silvagni,St Kilda,BPL,5.0,144.0,3.0,3.0,3.0,0.0,1.0,0.0,80.0,12.0
2026,1,2026-03-15,Jack,Sinclair,St Kilda,R,8.0,539.0,8.0,10.0,3.0,0.0,3.0,0.0,87.1,27.0
2026,1,2026-03-15,Alix,Tauru,St Kilda,INT,2.0,192.0,5.0,11.0,3.0,0.0,1.0,0.0,72.7,8.0
2026,1,2026-03-15,Nasiah,Wanganeen-Milera,St Kilda,HBFR,6.0,390.0,0.0,11.0,2.0,2.0,2.0,0.0,72.2,13.0
2026,1,2026-03-15,Callum,Wilkie,St Kilda,FB,8.0,454.0,7.0,13.0,2.0,0.0,4.0,0.0,85.2,23.0
2026,1,2026-03-15,Darcy,Wilson,St Kilda,WR,12.0,323.0,2.0,12.0,1.0,0.0,3.0,0.0,77.8,14.0
2026,1,2026-03-15,Marcus,Windhager,St Kilda,WL,13.0,371.0,5.0,10.0,2.0,4.0,10.0,0.0,87.5,28.0
2026,1,2026-03-15,Mason,Wood,St Kilda,CHF,6.0,298.0,2.0,10.0,2.0,0.0,1.0,0.0,80.0,12.0
2026,1,2026-03-15,Oscar,Adams,Gold Coast SUNS,INT,0.0,119.0,2.0,3.0,2.0,0.0,1.0,0.0,83.3,5.0
2026,1,2026-03-15,Noah,Anderson,Gold Coast SUNS,RR,11.0,473.0,1.0,13.0,2.0,1.0,9.0,0.0,70.6,24.0
2026,1,2026-03-15,Mac,Andrew,Gold Coast SUNS,BPL,5.0,175.0,9.0,2.0,3.0,0.0,5.0,0.0,80.0,12.0
2026,1,2026-03-15,Sam,Clohesy,Gold Coast SUNS,WR,5.0,507.0,3.0,9.0,4.0,0.0,2.0,0.0,70.6,12.0
2026,1,2026-03-15,Sam,Collins,Gold Coast SUNS,BPR,0.0,151.0,6.0,8.0,2.0,0.0,3.0,0.0,87.5,7.0
2026,1,2026-03-15,Alex,Davies,Gold Coast SUNS,INT,10.0,292.0,3.0,12.0,3.0,1.0,9.0,0.0,48.0,12.0
2026,1,2026-03-15,Jy,Farrar,Gold Coast SUNS,INT,4.0,168.0,1.0,7.0,2.0,0.0,1.0,0.0,66.7,6.0
2026,1,2026-03-15,Will,Graham,Gold Coast SUNS,HFFR,3.0,231.0,1.0,14.0,2.0,0.0,2.0,0.0,62.5,5.0
2026,1,2026-03-15,Joel,Jeffrey,Gold Coast SUNS,HBFR,8.0,442.0,2.0,9.0,1.0,2.0,7.0,0.0,75.0,21.0
2026,1,2026-03-15,Ben,King,Gold Coast SUNS,FF,7.0,172.0,0.0,7.0,0.0,0.0,1.0,0.0,75.0,6.0
2026,1,2026-03-15,Leonardo,Lombard,Gold Coast SUNS,FPR,5.0,326.0,1.0,14.0,5.0,0.0,2.0,1.0,72.7,8.0
2026,1,2026-03-15,Ben,Long,Gold Coast SUNS,CHF,5.0,178.0,0.0,13.0,2.0,0.0,2.0,1.0,88.9,8.0
2026,1,2026-03-15,Touk,Miller,Gold Coast SUNS,HFFL,8.0,497.0,2.0,10.0,2.0,2.0,7.0,0.0,83.3,20.0
2026,1,2026-03-15,John,Noble,Gold Coast SUNS,HBFL,3.0,443.0,5.0,9.0,3.0,0.0,5.0,0.0,80.0,20.0
2026,1,2026-03-15,Christian,Petracca,Gold Coast SUNS,R,14.0,537.0,3.0,16.0,2.0,3.0,6.0,1.0,78.3,18.0
2026,1,2026-03-15,Wil,Powell,Gold Coast SUNS,C,7.0,388.0,4.0,21.0,2.0,1.0,5.0,0.0,65.0,13.0
2026,1,2026-03-15,Ethan,Read,Gold Coast SUNS,FPL,3.0,140.0,3.0,12.0,7.0,0.0,4.0,1.0,54.5,6.0
2026,1,2026-03-15,Daniel,Rioli,Gold Coast SUNS,CHB,4.0,187.0,2.0,10.0,2.0,0.0,2.0,0.0,83.3,10.0
2026,1,2026-03-15,Jake,Rogers,Gold Coast SUNS,INT,9.0,110.0,2.0,14.0,1.0,0.0,6.0,0.0,86.7,13.0
2026,1,2026-03-15,Bodhi,Uwland,Gold Coast SUNS,FB,4.0,359.0,5.0,10.0,4.0,1.0,6.0,0.0,91.7,22.0
2026,1,2026-03-15,Zeke,Uwland,Gold Coast SUNS,INT,1.0,167.0,2.0,12.0,1.0,0.0,1.0,0.0,80.0,4.0
2026,1,2026-03-15,Lachie,Weller,Gold Coast SUNS,WL,4.0,261.0,1.0,8.0,1.0,0.0,1.0,0.0,91.7,11.0
2026,1,2026-03-15,Jarrod,Witts,Gold Coast SUNS,RK,8.0,172.0,3.0,3.0,4.0,3.0,9.0,0.0,55.0,11.0
2026,1,2026-03-15,Bo,Allan,West Coast Eagles,BPR,7.0,268.0,6.0,11.0,2.0,0.0,6.0,0.0,100.0,15.0
2026,1,2026-03-15,Tom,Cole,West Coast Eagles,WR,4.0,172.0,3.0,10.0,1.0,1.0,0.0,0.0,88.9,8.0
2026,1,2026-03-15,Jamie,Cripps,West Coast Eagles,FPR,3.0,82.0,3.0,20.0,3.0,0.0,3.0,0.0,69.2,9.0
2026,1,2026-03-15,Hamish,Davis,West Coast Eagles,INT,3.0,351.0,1.0,13.0,5.0,0.0,2.0,0.0,57.1,8.0
2026,1,2026-03-15,Cooper,Duff-Tytler,West Coast Eagles,INT,3.0,198.0,1.0,10.0,1.0,1.0,3.0,0.0,62.5,5.0
2026,1,2026-03-15,Liam,Duggan,West Coast Eagles,HBFL,3.0,432.0,5.0,7.0,5.0,0.0,3.0,0.0,81.0,17.0
2026,1,2026-03-15,Willem,Duursma,West Coast Eagles,HFFR,3.0,205.0,2.0,15.0,2.0,1.0,5.0,0.0,71.4,10.0
2026,1,2026-03-15,Matt,Flynn,West Coast Eagles,RK,2.0,45.0,2.0,13.0,0.0,1.0,2.0,0.0,77.8,7.0
2026,1,2026-03-15,Reuben,Ginbey,West Coast Eagles,BPL,2.0,173.0,4.0,6.0,2.0,0.0,2.0,0.0,90.9,10.0
2026,1,2026-03-15,Jack,Graham,West Coast Eagles,WL,5.0,203.0,2.0,25.0,2.0,1.0,8.0,0.0,63.2,12.0
2026,1,2026-03-15,Brady,Hough,West Coast Eagles,CHB,3.0,78.0,1.0,9.0,1.0,0.0,1.0,0.0,90.0,9.0
2026,1,2026-03-15,Josh,Lindsay,West Coast Eagles,INT,0.0,175.0,5.0,10.0,4.0,0.0,3.0,0.0,81.3,13.0
2026,1,2026-03-15,Ryan,Maric,West Coast Eagles,HBFR,5.0,243.0,3.0,13.0,1.0,0.0,3.0,0.0,100.0,19.0
2026,1,2026-03-15,Tom,McCarthy,West Coast Eagles,R,3.0,407.0,0.0,18.0,3.0,1.0,2.0,0.0,70.6,12.0
2026,1,2026-03-15,Milan,Murdock,West Coast Eagles,INT,8.0,296.0,5.0,17.0,6.0,2.0,11.0,3.0,59.1,13.0
2026,1,2026-03-15,Jacob,Newton,West Coast Eagles,HFFL,3.0,94.0,0.0,16.0,2.0,0.0,5.0,0.0,55.6,5.0
2026,1,2026-03-15,Archer,Reid,West Coast Eagles,FPL,5.0,130.0,1.0,5.0,3.0,0.0,0.0,1.0,50.0,4.0
2026,1,2026-03-15,Harley,Reid,West Coast Eagles,RR,7.0,357.0,0.0,13.0,4.0,5.0,10.0,0.0,73.9,17.0
2026,1,2026-03-15,Deven,Robertson,West Coast Eagles,INT,1.0,296.0,2.0,25.0,5.0,3.0,9.0,1.0,52.9,9.0
2026,1,2026-03-15,Jobe,Shanahan,West Coast Eagles,CHF,4.0,111.0,3.0,9.0,0.0,0.0,2.0,0.0,70.0,7.0
2026,1,2026-03-15,Jake,Waterman,West Coast Eagles,FF,9.0,321.0,1.0,3.0,2.0,0.0,1.0,1.0,54.5,6.0
2026,1,2026-03-15,Elliot,Yeo,West Coast Eagles,C,5.0,388.0,1.0,15.0,4.0,0.0,5.0,0.0,76.5,13.0
2026,1,2026-03-15,Tylar,Young,West Coast Eagles,FB,3.0,321.0,6.0,2.0,3.0,0.0,4.0,0.0,75.0,12.0
2026,2,2026-03-19,Karl,Amon,Hawthorn,R,4.0,375.0,3.0,18.0,4.0,0.0,2.0,1.0,87.5,14.0
2026,2,2026-03-19,Tom,Barrass,Hawthorn,FB,1.0,178.0,11.0,6.0,4.0,0.0,4.0,0.0,80.0,12.0
2026,2,2026-03-19,Josh,Battle,Hawthorn,HBFL,3.0,416.0,5.0,9.0,4.0,0.0,6.0,0.0,86.4,19.0
2026,2,2026-03-19,Sam,Butler,Hawthorn,INT,3.0,248.0,1.0,9.0,2.0,0.0,3.0,1.0,71.4,10.0
2026,2,2026-03-19,Mabior,Chol,Hawthorn,CHF,4.0,73.0,1.0,7.0,1.0,0.0,0.0,3.0,50.0,3.0
2026,2,2026-03-19,Massimo,D'Ambrosio,Hawthorn,WL,4.0,369.0,2.0,10.0,3.0,0.0,5.0,1.0,83.3,15.0
2026,2,2026-03-19,Jack,Ginnivan,Hawthorn,HFFL,4.0,344.0,2.0,9.0,5.0,0.0,7.0,0.0,63.6,14.0
2026,2,2026-03-19,Jack,Gunston,Hawthorn,FPR,9.0,330.0,1.0,15.0,1.0,0.0,5.0,0.0,46.2,6.0
2026,2,2026-03-19,Blake,Hardwick,Hawthorn,HBFR,3.0,344.0,7.0,16.0,2.0,0.0,5.0,0.0,80.0,12.0
2026,2,2026-03-19,Jarman,Impey,Hawthorn,BPR,3.0,504.0,5.0,4.0,7.0,0.0,6.0,0.0,57.9,11.0
2026,2,2026-03-19,Mitch,Lewis,Hawthorn,INT,3.0,288.0,1.0,11.0,4.0,0.0,3.0,0.0,76.5,13.0
2026,2,2026-03-19,Connor,Macdonald,Hawthorn,FF,8.0,305.0,2.0,12.0,5.0,0.0,5.0,2.0,65.0,13.0
2026,2,2026-03-19,Cam,Mackenzie,Hawthorn,C,5.0,255.0,0.0,19.0,1.0,2.0,5.0,1.0,70.6,12.0
2026,2,2026-03-19,Lloyd,Meek,Hawthorn,RK,5.0,155.0,5.0,8.0,3.0,2.0,2.0,1.0,85.7,12.0
2026,2,2026-03-19,Dylan,Moore,Hawthorn,FPL,7.0,431.0,3.0,8.0,4.0,0.0,6.0,0.0,72.7,16.0
2026,2,2026-03-19,Conor,Nash,Hawthorn,INT,6.0,68.0,3.0,21.0,2.0,1.0,9.0,2.0,78.9,15.0
2026,2,2026-03-19,Jai,Newcombe,Hawthorn,RR,7.0,337.0,3.0,17.0,2.0,4.0,5.0,0.0,80.6,25.0
2026,2,2026-03-19,Ned,Reeves,Hawthorn,INT,4.0,11.0,1.0,11.0,0.0,0.0,0.0,0.0,57.1,4.0
2026,2,2026-03-19,Jack,Scrimshaw,Hawthorn,INT,4.0,197.0,11.0,5.0,4.0,0.0,9.0,0.0,77.3,17.0
2026,2,2026-03-19,James,Sicily,Hawthorn,CHB,4.0,183.0,7.0,10.0,1.0,0.0,3.0,0.0,91.3,21.0
2026,2,2026-03-19,Josh,Ward,Hawthorn,WR,8.0,339.0,5.0,17.0,7.0,1.0,4.0,0.0,66.7,18.0
2026,2,2026-03-19,Nick,Watson,Hawthorn,HFFR,7.0,370.0,2.0,10.0,2.0,0.0,7.0,1.0,66.7,12.0
2026,2,2026-03-19,Josh,Weddle,Hawthorn,BPL,3.0,482.0,2.0,13.0,3.0,0.0,3.0,0.0,85.0,17.0
2026,2,2026-03-19,Joel,Amartey,Sydney Swans,FPL,2.0,138.0,0.0,9.0,2.0,0.0,4.0,0.0,57.1,4.0
2026,2,2026-03-19,Riley,Bice,Sydney Swans,INT,2.0,296.0,7.0,10.0,3.0,0.0,7.0,0.0,75.0,18.0
2026,2,2026-03-19,Nick,Blakey,Sydney Swans,CHB,2.0,838.0,6.0,8.0,8.0,0.0,1.0,0.0,73.9,17.0
2026,2,2026-03-19,Caiden,Cleary,Sydney Swans,INT,0.0,43.0,0.0,13.0,1.0,0.0,0.0,1.0,75.0,3.0
2026,2,2026-03-19,Charlie,Curnow,Sydney Swans,FF,4.0,50.0,0.0,6.0,2.0,0.0,2.0,1.0,71.4,5.0
2026,2,2026-03-19,Brodie,Grundy,Sydney Swans,RK,4.0,208.0,4.0,15.0,3.0,2.0,9.0,0.0,63.2,12.0
2026,2,2026-03-19,James,Jordon,Sydney Swans,R,5.0,147.0,0.0,20.0,1.0,0.0,3.0,3.0,83.3,10.0
2026,2,2026-03-19,Jake,Lloyd,Sydney Swans,HFFR,2.0,312.0,5.0,14.0,6.0,0.0,6.0,2.0,63.2,12.0
2026,2,2026-03-19,Tom,McCartin,Sydney Swans,FB,0.0,263.0,5.0,9.0,3.0,0.0,5.0,0.0,69.2,9.0
2026,2,2026-03-19,Logan,McDonald,Sydney Swans,INT,6.0,118.0,2.0,8.0,1.0,0.0,3.0,3.0,100.0,11.0
2026,2,2026-03-19,Justin,McInerney,Sydney Swans,C,6.0,332.0,4.0,19.0,6.0,2.0,5.0,0.0,62.5,15.0
2026,2,2026-03-19,Lewis,Melican,Sydney Swans,BPL,1.0,207.0,5.0,8.0,3.0,0.0,4.0,0.0,44.4,4.0
2026,2,2026-03-19,Callum,Mills,Sydney Swans,BPR,2.0,452.0,7.0,10.0,3.0,0.0,4.0,0.0,82.8,24.0
2026,2,2026-03-19,Tom,Papley,Sydney Swans,FPR,6.0,284.0,0.0,8.0,4.0,1.0,4.0,2.0,57.1,8.0
2026,2,2026-03-19,Dane,Rampe,Sydney Swans,HBFR,0.0,101.0,5.0,6.0,2.0,0.0,2.0,0.0,81.8,9.0
2026,2,2026-03-19,Matt,Roberts,Sydney Swans,WR,1.0,279.0,4.0,5.0,0.0,0.0,1.0,0.0,84.6,11.0
2026,2,2026-03-19,Malcolm,Rosas,Sydney Swans,HFFL,4.0,72.0,0.0,15.0,0.0,0.0,5.0,0.0,71.4,5.0
2026,2,2026-03-19,James,Rowbottom,Sydney Swans,RR,6.0,262.0,1.0,40.0,2.0,3.0,4.0,2.0,66.7,8.0
2026,2,2026-03-19,Jai,Serong,Sydney Swans,WL,2.0,426.0,7.0,11.0,7.0,0.0,7.0,0.0,72.2,13.0
2026,2,2026-03-19,Angus,Sheldrick,Sydney Swans,INT,3.0,376.0,3.0,19.0,8.0,3.0,5.0,0.0,73.7,14.0
2026,2,2026-03-19,Chad,Warner,Sydney Swans,CHF,5.0,513.0,2.0,22.0,8.0,1.0,7.0,0.0,70.4,19.0
2026,2,2026-03-19,Corey,Warner,Sydney Swans,INT,3.0,295.0,1.0,11.0,5.0,0.0,3.0,0.0,53.8,7.0
2026,2,2026-03-19,Sam,Wicks,Sydney Swans,HBFL,1.0,224.0,5.0,11.0,4.0,0.0,1.0,0.0,76.9,10.0
2026,2,2026-03-20,Callum,Ah Chee,Adelaide Crows,INT,3.0,112.0,1.0,12.0,1.0,0.0,4.0,0.0,75.0,6.0
2026,2,2026-03-20,Sam,Berry,Adelaide Crows,RR,6.0,432.0,3.0,23.0,4.0,4.0,6.0,1.0,63.6,14.0
2026,2,2026-03-20,Jordon,Butts,Adelaide Crows,FB,6.0,443.0,11.0,2.0,2.0,0.0,2.0,0.0,89.5,17.0
2026,2,2026-03-20,Brayden,Cook,Adelaide Crows,WL,2.0,265.0,6.0,9.0,2.0,0.0,4.0,0.0,76.9,10.0
2026,2,2026-03-20,Isaac,Cumming,Adelaide Crows,WR,3.0,428.0,5.0,9.0,5.0,0.0,1.0,0.0,72.2,13.0
2026,2,2026-03-20,Jordan,Dawson,Adelaide Crows,C,6.0,376.0,0.0,25.0,5.0,5.0,6.0,0.0,64.0,16.0
2026,2,2026-03-20,Darcy,Fogarty,Adelaide Crows,FPR,7.0,315.0,0.0,8.0,1.0,0.0,0.0,1.0,63.6,7.0
2026,2,2026-03-20,Chayce,Jones,Adelaide Crows,BPR,3.0,227.0,9.0,6.0,6.0,0.0,10.0,0.0,72.7,16.0
2026,2,2026-03-20,Ben,Keays,Adelaide Crows,HFFR,4.0,144.0,1.0,15.0,3.0,0.0,6.0,0.0,80.0,12.0
2026,2,2026-03-20,Rory,Laird,Adelaide Crows,HBFL,1.0,59.0,3.0,4.0,1.0,0.0,4.0,0.0,94.4,17.0
2026,2,2026-03-20,Lachlan,McAndrew,Adelaide Crows,RK,3.0,211.0,2.0,14.0,7.0,2.0,5.0,2.0,46.2,6.0
2026,2,2026-03-20,Max,Michalanney,Adelaide Crows,INT,0.0,286.0,5.0,3.0,2.0,0.0,3.0,0.0,84.6,11.0
2026,2,2026-03-20,Wayne,Milera,Adelaide Crows,HBFR,5.0,178.0,5.0,8.0,1.0,0.0,5.0,0.0,68.4,13.0
2026,2,2026-03-20,Nick,Murray,Adelaide Crows,BPL,1.0,92.0,7.0,7.0,2.0,0.0,3.0,0.0,87.5,14.0
2026,2,2026-03-20,Alex,Neal-Bullen,Adelaide Crows,CHF,5.0,283.0,4.0,15.0,6.0,0.0,5.0,1.0,70.6,12.0
2026,2,2026-03-20,James,Peatling,Adelaide Crows,INT,1.0,316.0,1.0,11.0,1.0,1.0,2.0,1.0,91.7,11.0
2026,2,2026-03-20,Luke,Pedlar,Adelaide Crows,INT,2.0,154.0,1.0,7.0,4.0,0.0,3.0,1.0,57.1,4.0
2026,2,2026-03-20,Josh,Rachele,Adelaide Crows,R,3.0,303.0,0.0,19.0,6.0,1.0,4.0,2.0,55.6,10.0
2026,2,2026-03-20,Izak,Rankine,Adelaide Crows,HFFL,2.0,303.0,2.0,16.0,2.0,0.0,3.0,0.0,68.8,11.0
2026,2,2026-03-20,Jake,Soligo,Adelaide Crows,INT,5.0,170.0,1.0,20.0,1.0,0.0,4.0,0.0,83.3,10.0
2026,2,2026-03-20,Riley,Thilthorpe,Adelaide Crows,FPL,5.0,215.0,1.0,9.0,1.0,1.0,1.0,0.0,61.5,8.0
2026,2,2026-03-20,Taylor,Walker,Adelaide Crows,FF,6.0,352.0,1.0,9.0,3.0,0.0,1.0,0.0,72.7,8.0
2026,2,2026-03-20,Josh,Worrell,Adelaide Crows,CHB,2.0,443.0,5.0,3.0,2.0,0.0,7.0,0.0,92.0,23.0
2026,2,2026-03-20,Oskar,Baker,Western Bulldogs,FPL,5.0,131.0,1.0,8.0,3.0,0.0,2.0,1.0,87.5,7.0
2026,2,2026-03-20,Marcus,Bontempelli,Western Bulldogs,C,7.0,491.0,2.0,20.0,5.0,3.0,7.0,2.0,83.3,25.0
2026,2,2026-03-20,Lachlan,Bramble,Western Bulldogs,INT,6.0,239.0,4.0,6.0,1.0,0.0,4.0,0.0,78.6,11.0
2026,2,2026-03-20,Connor,Budarick,Western Bulldogs,HBFL,7.0,385.0,6.0,12.0,5.0,0.0,5.0,0.0,85.7,18.0
2026,2,2026-03-20,Jordan,Croft,Western Bulldogs,INT,1.0,13.0,1.0,5.0,0.0,0.0,1.0,1.0,100.0,2.0
2026,2,2026-03-20,Bailey,Dale,Western Bulldogs,HBFR,4.0,368.0,2.0,6.0,2.0,0.0,1.0,0.0,80.0,16.0
2026,2,2026-03-20,Sam,Darcy,Western Bulldogs,CHF,4.0,142.0,1.0,14.0,4.0,0.0,2.0,3.0,50.0,6.0
2026,2,2026-03-20,Sam,Davidson,Western Bulldogs,INT,3.0,241.0,0.0,10.0,2.0,0.0,3.0,1.0,42.9,3.0
2026,2,2026-03-20,Tim,English,Western Bulldogs,RK,3.0,309.0,2.0,6.0,4.0,2.0,6.0,0.0,66.7,10.0
2026,2,2026-03-20,Joel,Freijah,Western Bulldogs,HFFR,12.0,473.0,2.0,11.0,3.0,1.0,5.0,2.0,70.8,17.0
2026,2,2026-03-20,Cooper,Hynes,Western Bulldogs,INT,2.0,174.0,0.0,6.0,4.0,0.0,0.0,1.0,40.0,2.0
2026,2,2026-03-20,Lachie,Jaques,Western Bulldogs,BPL,4.0,255.0,2.0,6.0,1.0,0.0,1.0,0.0,87.5,14.0
2026,2,2026-03-20,Matthew,Kennedy,Western Bulldogs,RR,8.0,215.0,2.0,18.0,4.0,4.0,8.0,2.0,74.1,20.0
2026,2,2026-03-20,Buku,Khamis,Western Bulldogs,FB,5.0,264.0,10.0,3.0,3.0,0.0,5.0,0.0,80.0,16.0
2026,2,2026-03-20,Tom,Liberatore,Western Bulldogs,FPR,8.0,535.0,3.0,22.0,7.0,0.0,11.0,1.0,50.0,14.0
2026,2,2026-03-20,Rory,Lobb,Western Bulldogs,BPR,2.0,296.0,5.0,4.0,2.0,0.0,3.0,0.0,77.8,7.0
2026,2,2026-03-20,Aaron,Naughton,Western Bulldogs,FF,6.0,144.0,0.0,12.0,1.0,0.0,0.0,3.0,87.5,7.0
2026,2,2026-03-20,James,O'Donnell,Western Bulldogs,CHB,2.0,155.0,6.0,4.0,1.0,0.0,3.0,0.0,100.0,8.0
2026,2,2026-03-20,Ed,Richards,Western Bulldogs,R,6.0,571.0,2.0,22.0,7.0,2.0,9.0,0.0,58.6,17.0
2026,2,2026-03-20,Ryley,Sanders,Western Bulldogs,WL,3.0,71.0,4.0,18.0,3.0,3.0,6.0,0.0,84.2,16.0
2026,2,2026-03-20,Michael,Sellwood,Western Bulldogs,INT,1.0,283.0,8.0,4.0,6.0,0.0,4.0,0.0,68.8,11.0
2026,2,2026-03-20,Rhylee,West,Western Bulldogs,HFFL,1.0,45.0,1.0,15.0,0.0,0.0,4.0,1.0,83.3,5.0
2026,2,2026-03-20,Bailey,Williams,Western Bulldogs,WR,6.0,484.0,4.0,9.0,6.0,0.0,4.0,2.0,73.9,17.0
2026,2,2026-03-21,Harry,Armstrong,Richmond,FPR,2.0,103.0,1.0,9.0,3.0,0.0,0.0,0.0,75.0,3.0
2026,2,2026-03-21,Noah,Balta,Richmond,BPL,0.0,298.0,4.0,4.0,8.0,0.0,1.0,0.0,54.5,6.0
2026,2,2026-03-21,Sam,Banks,Richmond,CHB,1.0,337.0,2.0,12.0,1.0,0.0,2.0,0.0,94.7,18.0
2026,2,2026-03-21,Nathan,Broad,Richmond,BPR,2.0,88.0,4.0,11.0,0.0,0.0,1.0,0.0,88.9,8.0
2026,2,2026-03-21,Tom,Brown,Richmond,INT,3.0,156.0,2.0,12.0,4.0,0.0,1.0,1.0,57.1,4.0
2026,2,2026-03-21,Seth,Campbell,Richmond,HFFL,7.0,395.0,1.0,10.0,3.0,0.0,4.0,1.0,68.4,13.0
2026,2,2026-03-21,Steely,Green,Richmond,INT,5.0,69.0,2.0,13.0,0.0,0.0,1.0,0.0,85.7,6.0
2026,2,2026-03-21,Sam,Grlj,Richmond,HBFL,1.0,214.0,4.0,15.0,1.0,0.0,3.0,0.0,76.9,10.0
2026,2,2026-03-21,Jacob,Hopper,Richmond,R,3.0,245.0,2.0,6.0,9.0,2.0,10.0,0.0,57.7,15.0
2026,2,2026-03-21,Sam,Lalor,Richmond,FPL,7.0,273.0,4.0,18.0,5.0,1.0,5.0,0.0,58.8,10.0
2026,2,2026-03-21,Mykelti,Lefau,Richmond,INT,2.0,99.0,2.0,10.0,2.0,0.0,4.0,0.0,85.7,6.0
2026,2,2026-03-21,Tom,Lynch,Richmond,FF,1.0,4.0,0.0,5.0,0.0,0.0,1.0,0.0,100.0,3.0
2026,2,2026-03-21,Ben,Miller,Richmond,FB,0.0,212.0,6.0,4.0,2.0,1.0,1.0,0.0,66.7,8.0
2026,2,2026-03-21,Toby,Nankervis,Richmond,RK,1.0,223.0,2.0,11.0,2.0,1.0,1.0,0.0,61.5,8.0
2026,2,2026-03-21,Dion,Prestia,Richmond,CHF,6.0,233.0,2.0,16.0,2.0,1.0,3.0,1.0,83.3,15.0
2026,2,2026-03-21,Hugo,Ralphsmith,Richmond,WL,2.0,423.0,2.0,9.0,6.0,0.0,4.0,0.0,64.7,11.0
2026,2,2026-03-21,Maurice,Rioli,Richmond,HFFR,2.0,72.0,2.0,17.0,2.0,0.0,3.0,1.0,100.0,8.0
2026,2,2026-03-21,Jack,Ross,Richmond,C,3.0,247.0,2.0,16.0,2.0,3.0,6.0,1.0,58.3,14.0
2026,2,2026-03-21,Jayden,Short,Richmond,INT,3.0,730.0,1.0,5.0,6.0,0.0,2.0,0.0,75.8,25.0
2026,2,2026-03-21,Tyler,Sonsie,Richmond,INT,5.0,266.0,5.0,6.0,5.0,0.0,8.0,0.0,77.8,14.0
2026,2,2026-03-21,Tim,Taranto,Richmond,RR,2.0,190.0,2.0,26.0,7.0,5.0,10.0,0.0,61.5,16.0
2026,2,2026-03-21,James,Trezise,Richmond,WR,1.0,71.0,2.0,14.0,0.0,0.0,2.0,0.0,100.0,7.0
2026,2,2026-03-21,Nick,Vlastuin,Richmond,HBFR,3.0,176.0,3.0,11.0,2.0,0.0,3.0,0.0,83.3,10.0
2026,2,2026-03-21,Noah,Anderson,Gold Coast SUNS,RR,5.0,409.0,1.0,23.0,2.0,4.0,5.0,1.0,81.0,17.0
2026,2,2026-03-21,Mac,Andrew,Gold Coast SUNS,CHB,4.0,237.0,8.0,4.0,3.0,0.0,4.0,0.0,77.8,14.0
2026,2,2026-03-21,Charlie,Ballard,Gold Coast SUNS,BPL,6.0,95.0,6.0,3.0,0.0,0.0,2.0,0.0,93.8,15.0
2026,2,2026-03-21,Sam,Clohesy,Gold Coast SUNS,WR,8.0,265.0,7.0,16.0,5.0,0.0,4.0,0.0,76.2,16.0
2026,2,2026-03-21,Sam,Collins,Gold Coast SUNS,FB,4.0,184.0,7.0,4.0,1.0,0.0,2.0,0.0,92.9,13.0
2026,2,2026-03-21,Alex,Davies,Gold Coast SUNS,INT,4.0,140.0,4.0,21.0,2.0,0.0,4.0,1.0,77.8,14.0
2026,2,2026-03-21,Will,Graham,Gold Coast SUNS,HFFR,7.0,168.0,3.0,18.0,4.0,1.0,6.0,2.0,73.3,11.0
2026,2,2026-03-21,Bailey,Humphrey,Gold Coast SUNS,FPL,6.0,469.0,3.0,6.0,9.0,0.0,5.0,2.0,28.6,4.0
2026,2,2026-03-21,Joel,Jeffrey,Gold Coast SUNS,INT,7.0,590.0,3.0,8.0,5.0,0.0,2.0,0.0,87.0,20.0
2026,2,2026-03-21,Ben,King,Gold Coast SUNS,FF,7.0,231.0,0.0,4.0,0.0,0.0,1.0,1.0,90.9,10.0
2026,2,2026-03-21,Leonardo,Lombard,Gold Coast SUNS,FPR,3.0,174.0,2.0,12.0,4.0,0.0,3.0,1.0,63.6,7.0
2026,2,2026-03-21,Ben,Long,Gold Coast SUNS,INT,5.0,119.0,2.0,7.0,0.0,0.0,1.0,3.0,75.0,9.0
2026,2,2026-03-21,Touk,Miller,Gold Coast SUNS,HFFL,10.0,428.0,0.0,15.0,3.0,0.0,2.0,1.0,83.9,26.0
2026,2,2026-03-21,John,Noble,Gold Coast SUNS,HBFL,8.0,324.0,3.0,8.0,3.0,0.0,2.0,0.0,80.0,16.0
2026,2,2026-03-21,Christian,Petracca,Gold Coast SUNS,R,10.0,285.0,2.0,9.0,0.0,1.0,3.0,0.0,75.0,15.0
2026,2,2026-03-21,Wil,Powell,Gold Coast SUNS,C,4.0,328.0,2.0,26.0,4.0,2.0,4.0,0.0,78.9,15.0
2026,2,2026-03-21,Ethan,Read,Gold Coast SUNS,CHF,8.0,196.0,1.0,6.0,1.0,0.0,1.0,1.0,75.0,9.0
2026,2,2026-03-21,Daniel,Rioli,Gold Coast SUNS,HBFR,3.0,168.0,1.0,14.0,2.0,0.0,0.0,0.0,100.0,15.0
2026,2,2026-03-21,Jake,Rogers,Gold Coast SUNS,INT,5.0,116.0,1.0,10.0,0.0,0.0,2.0,1.0,77.8,7.0
2026,2,2026-03-21,Bodhi,Uwland,Gold Coast SUNS,BPR,5.0,490.0,10.0,5.0,5.0,0.0,3.0,0.0,82.8,24.0
2026,2,2026-03-21,Zeke,Uwland,Gold Coast SUNS,INT,6.0,279.0,3.0,11.0,0.0,0.0,5.0,0.0,86.7,13.0
2026,2,2026-03-21,Lachie,Weller,Gold Coast SUNS,WL,3.0,230.0,2.0,5.0,1.0,0.0,1.0,1.0,100.0,7.0
2026,2,2026-03-21,Jarrod,Witts,Gold Coast SUNS,RK,5.0,282.0,2.0,11.0,3.0,4.0,2.0,2.0,42.9,6.0
2026,2,2026-03-21,Ryan,Angwin,GWS GIANTS,WL,5.0,311.0,2.0,14.0,1.0,1.0,6.0,0.0,85.7,18.0
2026,2,2026-03-21,Lachie,Ash,GWS GIANTS,HBFR,9.0,774.0,8.0,8.0,10.0,0.0,5.0,0.0,69.2,27.0
2026,2,2026-03-21,Kieren,Briggs,GWS GIANTS,RK,2.0,210.0,0.0,7.0,4.0,2.0,0.0,0.0,72.7,8.0
2026,2,2026-03-21,Callum,Brown,GWS GIANTS,INT,2.0,222.0,2.0,6.0,1.0,0.0,2.0,2.0,50.0,4.0
2026,2,2026-03-21,Jack,Buckley,GWS GIANTS,FB,2.0,334.0,7.0,3.0,5.0,0.0,5.0,0.0,86.7,13.0
2026,2,2026-03-21,Finn,Callaghan,GWS GIANTS,R,5.0,424.0,2.0,12.0,6.0,1.0,3.0,0.0,62.5,20.0
2026,2,2026-03-21,Stephen,Coniglio,GWS GIANTS,INT,7.0,238.0,3.0,12.0,4.0,0.0,7.0,0.0,57.1,16.0
2026,2,2026-03-21,Josaia,Delana,GWS GIANTS,HFFL,3.0,138.0,2.0,13.0,2.0,0.0,2.0,1.0,75.0,6.0
2026,2,2026-03-21,Joe,Fonti,GWS GIANTS,CHB,2.0,299.0,4.0,7.0,2.0,0.0,1.0,0.0,81.3,13.0
2026,2,2026-03-21,Phoenix,Gothard,GWS GIANTS,CHF,7.0,255.0,3.0,7.0,2.0,0.0,4.0,1.0,63.2,12.0
2026,2,2026-03-21,Toby,Greene,GWS GIANTS,RR,5.0,355.0,3.0,11.0,8.0,1.0,8.0,3.0,52.4,11.0
2026,2,2026-03-21,Max,Gruzewski,GWS GIANTS,INT,4.0,144.0,0.0,2.0,0.0,0.0,1.0,0.0,70.0,7.0
2026,2,2026-03-21,Harry,Himmelberg,GWS GIANTS,INT,2.0,371.0,8.0,6.0,5.0,1.0,4.0,0.0,77.8,14.0
2026,2,2026-03-21,Jesse,Hogan,GWS GIANTS,FF,5.0,118.0,1.0,7.0,1.0,0.0,2.0,0.0,71.4,5.0
2026,2,2026-03-21,Connor,Idun,GWS GIANTS,BPR,2.0,306.0,6.0,6.0,4.0,0.0,3.0,0.0,81.0,17.0
2026,2,2026-03-21,Jayden,Laverde,GWS GIANTS,BPL,1.0,188.0,6.0,5.0,3.0,0.0,6.0,0.0,73.3,11.0
2026,2,2026-03-21,Xavier,O'Halloran,GWS GIANTS,HFFR,5.0,322.0,2.0,12.0,2.0,0.0,4.0,1.0,72.2,13.0
2026,2,2026-03-21,Clayton,Oliver,GWS GIANTS,C,13.0,244.0,2.0,7.0,1.0,1.0,12.0,1.0,78.8,26.0
2026,2,2026-03-21,Jake,Riccardi,GWS GIANTS,FPR,5.0,123.0,2.0,12.0,2.0,0.0,2.0,0.0,57.1,4.0
2026,2,2026-03-21,Harry,Rowston,GWS GIANTS,INT,5.0,173.0,2.0,14.0,2.0,0.0,3.0,2.0,83.3,10.0
2026,2,2026-03-21,Jake,Stringer,GWS GIANTS,FPL,5.0,235.0,0.0,12.0,3.0,0.0,2.0,0.0,70.0,7.0
2026,2,2026-03-21,Harvey,Thomas,GWS GIANTS,WR,8.0,209.0,3.0,10.0,2.0,1.0,6.0,1.0,90.9,20.0
2026,2,2026-03-21,Lachie,Whitfield,GWS GIANTS,HBFL,7.0,458.0,6.0,9.0,6.0,0.0,4.0,0.0,71.4,20.0
2026,2,2026-03-21,Hugh,Boxshall,St Kilda,INT,3.0,194.0,4.0,17.0,3.0,1.0,2.0,0.0,71.4,10.0
2026,2,2026-03-21,Anthony,Caminiti,St Kilda,BPR,0.0,0.0,0.0,0.0,0.0,0.0,0.0,0.0,0.0,0.0
2026,2,2026-03-21,Jack,Carroll,St Kilda,INT,1.0,306.0,2.0,3.0,5.0,0.0,1.0,0.0,72.7,8.0
2026,2,2026-03-21,Tom,De Koning,St Kilda,RK,7.0,210.0,3.0,1.0,6.0,0.0,5.0,0.0,19.0,4.0
2026,2,2026-03-21,Sam,Flanders,St Kilda,RR,6.0,436.0,4.0,14.0,2.0,2.0,4.0,0.0,73.9,17.0
2026,2,2026-03-21,Hugo,Garcia,St Kilda,HFFL,2.0,254.0,4.0,19.0,4.0,1.0,5.0,2.0,76.2,16.0
2026,2,2026-03-21,Max,Hall,St Kilda,C,4.0,327.0,2.0,26.0,5.0,2.0,6.0,1.0,60.0,9.0
2026,2,2026-03-21,Jack,Higgins,St Kilda,FPL,5.0,105.0,1.0,14.0,3.0,0.0,4.0,1.0,45.5,5.0
2026,2,2026-03-21,Bradley,Hill,St Kilda,CHB,5.0,514.0,0.0,7.0,5.0,0.0,0.0,0.0,75.0,15.0
2026,2,2026-03-21,Rowan,Marshall,St Kilda,FPR,3.0,342.0,2.0,8.0,6.0,3.0,2.0,1.0,50.0,8.0
2026,2,2026-03-21,Mitch,Owens,St Kilda,HFFR,4.0,106.0,2.0,12.0,0.0,0.0,4.0,1.0,60.0,6.0
2026,2,2026-03-21,Mattaes,Phillipou,St Kilda,INT,2.0,70.0,0.0,22.0,0.0,0.0,3.0,0.0,75.0,6.0
2026,2,2026-03-21,Liam,Ryan,St Kilda,INT,2.0,50.0,0.0,10.0,0.0,0.0,2.0,0.0,75.0,3.0
2026,2,2026-03-21,Cooper,Sharman,St Kilda,FF,4.0,166.0,5.0,10.0,2.0,0.0,4.0,0.0,77.8,7.0
2026,2,2026-03-21,Jack,Silvagni,St Kilda,BPL,1.0,313.0,7.0,9.0,4.0,0.0,3.0,0.0,56.3,9.0
2026,2,2026-03-21,Jack,Sinclair,St Kilda,R,5.0,414.0,6.0,13.0,4.0,0.0,5.0,0.0,90.3,28.0
2026,2,2026-03-21,Liam,Stocker,St Kilda,HBFL,1.0,68.0,6.0,9.0,2.0,0.0,2.0,0.0,66.7,8.0
2026,2,2026-03-21,Alix,Tauru,St Kilda,INT,3.0,94.0,0.0,7.0,2.0,0.0,2.0,0.0,66.7,4.0
2026,2,2026-03-21,Nasiah,Wanganeen-Milera,St Kilda,HBFR,8.0,694.0,1.0,14.0,6.0,4.0,5.0,0.0,74.1,20.0
2026,2,2026-03-21,Callum,Wilkie,St Kilda,FB,2.0,450.0,11.0,3.0,4.0,0.0,6.0,0.0,89.3,25.0
2026,2,2026-03-21,Darcy,Wilson,St Kilda,WR,6.0,531.0,5.0,14.0,5.0,1.0,6.0,0.0,63.6,14.0
2026,2,2026-03-21,Marcus,Windhager,St Kilda,WL,1.0,212.0,7.0,12.0,4.0,0.0,9.0,0.0,86.4,19.0
2026,2,2026-03-21,Mason,Wood,St Kilda,CHF,5.0,281.0,4.0,16.0,2.0,1.0,9.0,0.0,80.0,16.0
2026,2,2026-03-21,Jye,Amiss,Fremantle,HFFL,3.0,170.0,0.0,2.0,4.0,0.0,1.0,0.0,40.0,4.0
2026,2,2026-03-21,Shai,Bolton,Fremantle,RR,9.0,638.0,2.0,12.0,6.0,3.0,11.0,1.0,71.9,23.0
2026,2,2026-03-21,Andrew,Brayshaw,Fremantle,C,10.0,503.0,4.0,10.0,6.0,0.0,4.0,1.0,71.8,28.0
2026,2,2026-03-21,Heath,Chapman,Fremantle,BPR,4.0,464.0,5.0,5.0,2.0,0.0,2.0,0.0,77.8,14.0
2026,2,2026-03-21,Jordan,Clark,Fremantle,HBFL,5.0,613.0,3.0,10.0,4.0,0.0,3.0,0.0,92.0,23.0
2026,2,2026-03-21,Sean,Darcy,Fremantle,INT,3.0,50.0,0.0,3.0,0.0,0.0,1.0,1.0,50.0,3.0
2026,2,2026-03-21,Isaiah,Dudley,Fremantle,FPL,7.0,365.0,1.0,14.0,4.0,0.0,3.0,0.0,66.7,10.0
2026,2,2026-03-21,Neil,Erasmus,Fremantle,WL,3.0,231.0,1.0,13.0,0.0,1.0,9.0,1.0,52.4,11.0
2026,2,2026-03-21,Luke,Jackson,Fremantle,RK,7.0,214.0,1.0,9.0,1.0,4.0,3.0,1.0,64.7,11.0
2026,2,2026-03-21,Matthew,Johnson,Fremantle,WR,7.0,359.0,6.0,8.0,1.0,0.0,8.0,0.0,84.2,16.0
2026,2,2026-03-21,Oscar,McDonald,Fremantle,BPL,4.0,294.0,8.0,5.0,6.0,0.0,3.0,0.0,63.2,12.0
2026,2,2026-03-21,Judd,McVee,Fremantle,INT,3.0,123.0,4.0,9.0,2.0,0.0,4.0,0.0,75.0,9.0
2026,2,2026-03-21,Nathan,O'Driscoll,Fremantle,INT,8.0,251.0,6.0,9.0,4.0,1.0,9.0,0.0,80.0,16.0
2026,2,2026-03-21,Alex,Pearce,Fremantle,FB,1.0,18.0,6.0,6.0,2.0,0.0,4.0,0.0,60.0,3.0
2026,2,2026-03-21,Murphy,Reid,Fremantle,FPR,7.0,301.0,2.0,11.0,3.0,1.0,8.0,0.0,79.2,19.0
2026,2,2026-03-21,Luke,Ryan,Fremantle,CHB,3.0,368.0,7.0,8.0,4.0,0.0,1.0,0.0,91.7,22.0
2026,2,2026-03-21,Christopher,Scerri,Fremantle,INT,5.0,264.0,4.0,6.0,4.0,0.0,6.0,1.0,70.0,14.0
2026,2,2026-03-21,Caleb,Serong,Fremantle,R,2.0,286.0,5.0,17.0,4.0,2.0,8.0,0.0,68.8,11.0
2026,2,2026-03-21,Sam,Switkowski,Fremantle,HFFR,3.0,73.0,2.0,9.0,0.0,0.0,2.0,0.0,71.4,5.0
2026,2,2026-03-21,Josh,Treacy,Fremantle,FF,10.0,335.0,2.0,4.0,5.0,0.0,3.0,1.0,64.7,11.0
2026,2,2026-03-21,Patrick,Voss,Fremantle,CHF,4.0,147.0,0.0,7.0,4.0,0.0,4.0,2.0,66.7,8.0
2026,2,2026-03-21,Corey,Wagner,Fremantle,INT,4.0,469.0,2.0,12.0,3.0,0.0,2.0,0.0,94.7,18.0
2026,2,2026-03-21,Karl,Worner,Fremantle,HBFR,3.0,457.0,6.0,12.0,7.0,0.0,2.0,0.0,75.0,15.0
2026,2,2026-03-21,Kade,Chandler,Melbourne,WL,5.0,354.0,4.0,15.0,3.0,2.0,5.0,1.0,80.0,12.0
2026,2,2026-03-21,Jai,Culley,Melbourne,C,4.0,152.0,3.0,18.0,1.0,1.0,7.0,0.0,75.0,9.0
2026,2,2026-03-21,Bayley,Fritsch,Melbourne,FPL,6.0,168.0,1.0,4.0,2.0,0.0,3.0,0.0,75.0,9.0
2026,2,2026-03-21,Max,Gawn,Melbourne,RK,4.0,288.0,10.0,8.0,3.0,4.0,3.0,0.0,82.6,19.0
2026,2,2026-03-21,Blake,Howes,Melbourne,INT,1.0,229.0,1.0,4.0,2.0,0.0,1.0,0.0,81.8,9.0
2026,2,2026-03-21,Changkuoth,Jiath,Melbourne,BPR,2.0,351.0,4.0,16.0,5.0,0.0,2.0,0.0,71.4,10.0
2026,2,2026-03-21,Ed,Langdon,Melbourne,HFFR,6.0,284.0,7.0,11.0,5.0,0.0,8.0,1.0,63.6,14.0
2026,2,2026-03-21,Harvey,Langford,Melbourne,WR,3.0,241.0,0.0,8.0,3.0,0.0,5.0,0.0,50.0,7.0
2026,2,2026-03-21,Jake,Lever,Melbourne,FB,4.0,259.0,10.0,10.0,2.0,0.0,3.0,0.0,87.5,14.0
2026,2,2026-03-21,Xavier,Lindsay,Melbourne,INT,1.0,228.0,2.0,15.0,3.0,0.0,2.0,1.0,78.6,11.0
2026,2,2026-03-21,Brody,Mihocek,Melbourne,FF,6.0,245.0,0.0,2.0,2.0,0.0,1.0,0.0,75.0,6.0
2026,2,2026-03-21,Harrison,Petty,Melbourne,CHB,2.0,162.0,6.0,10.0,4.0,0.0,3.0,0.0,60.0,6.0
2026,2,2026-03-21,Kysaiah,Pickett,Melbourne,FPR,4.0,221.0,0.0,20.0,2.0,1.0,6.0,1.0,68.8,11.0
2026,2,2026-03-21,Latrelle,Pickett,Melbourne,INT,0.0,150.0,2.0,8.0,3.0,1.0,1.0,0.0,42.9,3.0
2026,2,2026-03-21,Trent,Rivers,Melbourne,R,7.0,501.0,4.0,10.0,5.0,0.0,2.0,0.0,81.0,17.0
2026,2,2026-03-21,Christian,Salem,Melbourne,HBFR,3.0,618.0,7.0,7.0,6.0,0.0,5.0,0.0,65.4,17.0
2026,2,2026-03-21,Harry,Sharp,Melbourne,INT,3.0,293.0,0.0,13.0,3.0,0.0,4.0,0.0,60.0,6.0
2026,2,2026-03-21,Tom,Sparrow,Melbourne,HBFL,3.0,190.0,2.0,18.0,0.0,1.0,3.0,1.0,69.2,9.0
2026,2,2026-03-21,Jack,Steele,Melbourne,INT,6.0,610.0,7.0,25.0,13.0,5.0,9.0,0.0,51.6,16.0
2026,2,2026-03-21,Koltyn,Tholstrup,Melbourne,HFFL,2.0,295.0,1.0,13.0,3.0,0.0,1.0,2.0,72.7,8.0
2026,2,2026-03-21,Daniel,Turner,Melbourne,BPL,0.0,121.0,2.0,6.0,0.0,0.0,1.0,0.0,50.0,2.0
2026,2,2026-03-21,Jacob,van Rooyen,Melbourne,CHF,2.0,168.0,2.0,3.0,3.0,0.0,3.0,0.0,80.0,8.0
2026,2,2026-03-21,Caleb,Windsor,Melbourne,RR,3.0,207.0,1.0,20.0,4.0,0.0,4.0,1.0,46.2,6.0
2026,2,2026-03-22,Aliir,Aliir,Port Adelaide,CHB,6.0,308.0,5.0,4.0,1.0,0.0,0.0,0.0,95.2,20.0
2026,2,2026-03-22,Miles,Bergman,Port Adelaide,HBFL,4.0,173.0,2.0,3.0,1.0,0.0,1.0,0.0,80.0,8.0
2026,2,2026-03-22,Joe,Berry,Port Adelaide,INT,9.0,290.0,3.0,13.0,5.0,0.0,5.0,0.0,68.4,13.0
2026,2,2026-03-22,Jase,Burgoyne,Port Adelaide,WL,6.0,202.0,5.0,10.0,3.0,1.0,7.0,0.0,77.3,17.0
2026,2,2026-03-22,Zak,Butters,Port Adelaide,RR,13.0,771.0,5.0,23.0,6.0,5.0,5.0,1.0,75.0,27.0
2026,2,2026-03-22,Darcy,Byrne-Jones,Port Adelaide,INT,2.0,192.0,2.0,15.0,4.0,0.0,2.0,0.0,50.0,6.0
2026,2,2026-03-22,Willem,Drew,Port Adelaide,R,9.0,117.0,0.0,26.0,1.0,4.0,8.0,0.0,90.5,19.0
2026,2,2026-03-22,Corey,Durdin,Port Adelaide,FPL,5.0,104.0,0.0,16.0,1.0,0.0,1.0,0.0,85.7,6.0
2026,2,2026-03-22,Logan,Evans,Port Adelaide,INT,4.0,243.0,3.0,9.0,1.0,0.0,3.0,0.0,90.9,20.0
2026,2,2026-03-22,Kane,Farrell,Port Adelaide,HBFR,4.0,320.0,2.0,16.0,1.0,0.0,2.0,0.0,94.1,16.0
2026,2,2026-03-22,Mitch,Georgiades,Port Adelaide,CHF,9.0,139.0,1.0,8.0,4.0,0.0,0.0,1.0,64.3,9.0
2026,2,2026-03-22,Jason,Horne-Francis,Port Adelaide,HFFL,12.0,416.0,1.0,10.0,4.0,1.0,6.0,1.0,61.5,16.0
2026,2,2026-03-22,Jack,Lukosius,Port Adelaide,HFFR,9.0,357.0,3.0,4.0,1.0,0.0,6.0,3.0,75.0,12.0
2026,2,2026-03-22,Ewan,Mackinlay,Port Adelaide,WR,6.0,407.0,2.0,15.0,3.0,0.0,3.0,0.0,72.2,13.0
2026,2,2026-03-22,Todd,Marshall,Port Adelaide,BPR,6.0,370.0,5.0,3.0,3.0,0.0,2.0,0.0,80.0,12.0
2026,2,2026-03-22,Jackson,Mead,Port Adelaide,BPL,3.0,259.0,5.0,5.0,3.0,1.0,3.0,0.0,81.3,13.0
2026,2,2026-03-22,Esava,Ratugolea,Port Adelaide,FB,4.0,175.0,1.0,5.0,1.0,0.0,1.0,0.0,91.7,11.0
2026,2,2026-03-22,Joe,Richards,Port Adelaide,FPR,9.0,271.0,3.0,23.0,0.0,1.0,10.0,4.0,81.0,17.0
2026,2,2026-03-22,Connor,Rozee,Port Adelaide,C,0.0,443.0,2.0,10.0,6.0,2.0,2.0,0.0,57.1,12.0
2026,2,2026-03-22,Jordon,Sweet,Port Adelaide,RK,7.0,113.0,2.0,5.0,0.0,2.0,1.0,0.0,83.3,10.0
2026,2,2026-03-22,Jack,Watkins,Port Adelaide,INT,9.0,282.0,4.0,15.0,5.0,2.0,4.0,1.0,73.9,17.0
2026,2,2026-03-22,Jacob,Wehr,Port Adelaide,INT,3.0,274.0,3.0,7.0,3.0,0.0,2.0,0.0,77.8,14.0
2026,2,2026-03-22,Jack,Whitlock,Port Adelaide,FF,3.0,119.0,1.0,9.0,5.0,0.0,0.0,0.0,50.0,4.0
2026,2,2026-03-22,Lachlan,Blakiston,Essendon,RK,8.0,107.0,3.0,11.0,3.0,0.0,3.0,0.0,66.7,6.0
2026,2,2026-03-22,Nate,Caddy,Essendon,CHF,9.0,352.0,1.0,4.0,0.0,0.0,2.0,1.0,41.7,5.0
2026,2,2026-03-22,Jye,Caldwell,Essendon,INT,5.0,424.0,4.0,24.0,5.0,2.0,7.0,0.0,70.4,19.0
2026,2,2026-03-22,Sam,Durham,Essendon,HFFL,6.0,381.0,1.0,24.0,6.0,4.0,3.0,0.0,81.0,17.0
2026,2,2026-03-22,Xavier,Duursma,Essendon,WL,4.0,12.0,3.0,9.0,2.0,1.0,7.0,0.0,73.3,11.0
2026,2,2026-03-22,Hussien,El Achkar,Essendon,INT,2.0,3.0,0.0,8.0,1.0,0.0,3.0,1.0,80.0,4.0
2026,2,2026-03-22,Brayden,Fiorini,Essendon,WR,3.0,139.0,3.0,11.0,2.0,0.0,3.0,0.0,80.0,8.0
2026,2,2026-03-22,Zak,Johnson,Essendon,BPL,5.0,500.0,4.0,12.0,5.0,0.0,1.0,0.0,73.1,19.0
2026,2,2026-03-22,Isaac,Kako,Essendon,FPL,6.0,289.0,0.0,17.0,1.0,0.0,2.0,1.0,27.3,3.0
2026,2,2026-03-22,Max,Kondogiannis,Essendon,INT,1.0,178.0,4.0,3.0,5.0,0.0,5.0,0.0,83.3,10.0
2026,2,2026-03-22,Kyle,Langford,Essendon,FPR,4.0,93.0,0.0,7.0,4.0,0.0,4.0,2.0,60.0,6.0
2026,2,2026-03-22,Andrew,McGrath,Essendon,HBFR,5.0,264.0,5.0,7.0,1.0,0.0,5.0,0.0,76.2,16.0
2026,2,2026-03-22,Ben,McKay,Essendon,FB,1.0,55.0,5.0,6.0,0.0,0.0,3.0,0.0,83.3,5.0
2026,2,2026-03-22,Zach,Merrett,Essendon,R,6.0,509.0,5.0,18.0,4.0,0.0,6.0,0.0,84.0,21.0
2026,2,2026-03-22,Jayden,Nguyen,Essendon,HFFR,3.0,57.0,2.0,5.0,0.0,0.0,2.0,0.0,100.0,14.0
2026,2,2026-03-22,Darcy,Parish,Essendon,RR,4.0,262.0,3.0,14.0,2.0,4.0,5.0,1.0,66.7,16.0
2026,2,2026-03-22,Archie,Perkins,Essendon,INT,3.0,126.0,1.0,2.0,1.0,0.0,0.0,0.0,66.7,6.0
2026,2,2026-03-22,Jaxon,Prior,Essendon,INT,2.0,474.0,7.0,12.0,4.0,0.0,5.0,0.0,85.0,17.0
2026,2,2026-03-22,Mason,Redman,Essendon,CHB,0.0,77.0,2.0,0.0,1.0,0.0,0.0,0.0,75.0,3.0
2026,2,2026-03-22,Zach,Reid,Essendon,BPR,2.0,123.0,4.0,7.0,1.0,0.0,1.0,0.0,85.7,12.0
2026,2,2026-03-22,Archie,Roberts,Essendon,HBFL,7.0,476.0,4.0,14.0,6.0,1.0,5.0,0.0,80.8,21.0
2026,2,2026-03-22,Dyson,Sharp,Essendon,C,2.0,16.0,0.0,3.0,2.0,0.0,3.0,0.0,60.0,3.0
2026,2,2026-03-22,Peter,Wright,Essendon,FF,4.0,185.0,1.0,4.0,4.0,0.0,3.0,0.0,90.9,10.0
2026,2,2026-03-22,Bo,Allan,West Coast Eagles,HBFL,5.0,392.0,6.0,8.0,6.0,0.0,4.0,1.0,76.5,13.0
2026,2,2026-03-22,Liam,Baker,West Coast Eagles,HBFR,2.0,310.0,7.0,9.0,4.0,0.0,6.0,0.0,73.7,14.0
2026,2,2026-03-22,Jamie,Cripps,West Coast Eagles,INT,8.0,230.0,0.0,7.0,1.0,0.0,3.0,0.0,70.0,7.0
2026,2,2026-03-22,Hamish,Davis,West Coast Eagles,INT,3.0,262.0,4.0,10.0,2.0,0.0,5.0,0.0,72.2,13.0
2026,2,2026-03-22,Cooper,Duff-Tytler,West Coast Eagles,FPL,5.0,130.0,0.0,9.0,2.0,1.0,7.0,0.0,83.3,10.0
2026,2,2026-03-22,Liam,Duggan,West Coast Eagles,INT,4.0,380.0,6.0,9.0,4.0,0.0,5.0,0.0,78.9,15.0
2026,2,2026-03-22,Willem,Duursma,West Coast Eagles,HFFR,4.0,244.0,1.0,21.0,1.0,0.0,3.0,0.0,86.7,13.0
2026,2,2026-03-22,Harry,Edwards,West Coast Eagles,CHB,0.0,25.0,1.0,1.0,0.0,0.0,0.0,0.0,100.0,1.0
2026,2,2026-03-22,Matt,Flynn,West Coast Eagles,RK,3.0,132.0,4.0,15.0,1.0,0.0,7.0,1.0,66.7,8.0
2026,2,2026-03-22,Reuben,Ginbey,West Coast Eagles,BPL,1.0,260.0,8.0,6.0,4.0,0.0,6.0,0.0,61.5,8.0
2026,2,2026-03-22,Jack,Graham,West Coast Eagles,WL,4.0,356.0,4.0,34.0,3.0,1.0,6.0,1.0,91.3,21.0
2026,2,2026-03-22,Brady,Hough,West Coast Eagles,BPR,3.0,285.0,4.0,8.0,1.0,0.0,1.0,0.0,88.2,15.0
2026,2,2026-03-22,Tim,Kelly,West Coast Eagles,INT,4.0,402.0,1.0,15.0,1.0,3.0,4.0,0.0,80.0,16.0
2026,2,2026-03-22,Tom,McCarthy,West Coast Eagles,R,4.0,416.0,5.0,11.0,5.0,1.0,3.0,0.0,88.9,16.0
2026,2,2026-03-22,Milan,Murdock,West Coast Eagles,FPR,6.0,161.0,3.0,27.0,3.0,0.0,10.0,3.0,68.8,11.0
2026,2,2026-03-22,Jacob,Newton,West Coast Eagles,HFFL,1.0,111.0,0.0,16.0,1.0,0.0,2.0,2.0,33.3,2.0
2026,2,2026-03-22,Archer,Reid,West Coast Eagles,INT,4.0,140.0,0.0,4.0,4.0,1.0,4.0,0.0,55.6,5.0
2026,2,2026-03-22,Harley,Reid,West Coast Eagles,RR,4.0,387.0,2.0,24.0,4.0,2.0,7.0,0.0,63.3,19.0
2026,2,2026-03-22,Deven,Robertson,West Coast Eagles,WR,3.0,342.0,4.0,13.0,6.0,2.0,12.0,0.0,57.7,15.0
2026,2,2026-03-22,Jobe,Shanahan,West Coast Eagles,CHF,4.0,202.0,6.0,6.0,3.0,0.0,5.0,0.0,71.4,10.0
2026,2,2026-03-22,Jake,Waterman,West Coast Eagles,FF,7.0,374.0,2.0,10.0,3.0,0.0,2.0,2.0,78.6,11.0
2026,2,2026-03-22,Elliot,Yeo,West Coast Eagles,C,4.0,461.0,3.0,19.0,4.0,3.0,11.0,2.0,42.1,8.0
2026,2,2026-03-22,Tylar,Young,West Coast Eagles,FB,1.0,81.0,6.0,2.0,1.0,0.0,4.0,0.0,87.5,7.0
2026,2,2026-03-22,Tom,Blamires,North Melbourne,HBFR,1.0,163.0,7.0,17.0,5.0,0.0,6.0,0.0,75.0,12.0
2026,2,2026-03-22,Charlie,Comben,North Melbourne,BPR,1.0,278.0,4.0,12.0,2.0,0.0,5.0,0.0,72.7,8.0
2026,2,2026-03-22,Paul,Curtis,North Melbourne,HFFL,7.0,256.0,0.0,17.0,2.0,0.0,5.0,1.0,75.0,9.0
2026,2,2026-03-22,Caleb,Daniel,North Melbourne,CHB,2.0,401.0,6.0,19.0,5.0,1.0,4.0,3.0,76.0,19.0
2026,2,2026-03-22,Jack,Darling,North Melbourne,INT,2.0,166.0,0.0,8.0,2.0,0.0,0.0,0.0,20.0,1.0
2026,2,2026-03-22,Luke,Davies-Uniacke,North Melbourne,RR,7.0,319.0,4.0,16.0,3.0,4.0,7.0,0.0,75.0,24.0
2026,2,2026-03-22,Lachy,Dovaston,North Melbourne,INT,5.0,138.0,1.0,10.0,1.0,0.0,3.0,1.0,75.0,6.0
2026,2,2026-03-22,Zane,Duursma,North Melbourne,INT,3.0,162.0,2.0,16.0,5.0,0.0,3.0,1.0,63.6,7.0
2026,2,2026-03-22,Jacob,Konstanty,North Melbourne,HFFR,4.0,107.0,1.0,12.0,4.0,0.0,2.0,0.0,66.7,6.0
2026,2,2026-03-22,Nick,Larkey,North Melbourne,FF,8.0,130.0,0.0,12.0,0.0,0.0,1.0,0.0,90.0,9.0
2026,2,2026-03-22,Griffin,Logue,North Melbourne,FB,0.0,3.0,1.0,0.0,0.0,0.0,1.0,0.0,100.0,1.0
2026,2,2026-03-22,Luke,McDonald,North Melbourne,INT,1.0,385.0,7.0,7.0,5.0,0.0,3.0,0.0,91.7,11.0
2026,2,2026-03-22,Colby,McKercher,North Melbourne,INT,4.0,380.0,2.0,6.0,2.0,1.0,3.0,0.0,85.0,17.0
2026,2,2026-03-22,Finn,O'Sullivan,North Melbourne,HBFL,3.0,348.0,1.0,11.0,4.0,3.0,2.0,0.0,72.2,13.0
2026,2,2026-03-22,Luke,Parker,North Melbourne,FPR,0.0,322.0,5.0,8.0,5.0,0.0,5.0,0.0,81.8,18.0
2026,2,2026-03-22,Toby,Pink,North Melbourne,BPL,0.0,106.0,6.0,3.0,1.0,0.0,4.0,0.0,100.0,11.0
2026,2,2026-03-22,Tom,Powell,North Melbourne,C,6.0,349.0,4.0,11.0,5.0,2.0,5.0,1.0,82.6,19.0
2026,2,2026-03-22,Harry,Sheezel,North Melbourne,R,4.0,612.0,0.0,23.0,7.0,2.0,9.0,1.0,66.7,26.0
2026,2,2026-03-22,Jy,Simpkin,North Melbourne,WL,3.0,473.0,0.0,18.0,5.0,1.0,0.0,0.0,69.6,16.0
2026,2,2026-03-22,Dylan,Stephens,North Melbourne,WR,2.0,399.0,3.0,15.0,5.0,0.0,2.0,0.0,88.2,15.0
2026,2,2026-03-22,Cooper,Trembath,North Melbourne,CHF,1.0,100.0,2.0,11.0,0.0,0.0,1.0,0.0,100.0,7.0
2026,2,2026-03-22,Tristan,Xerri,North Melbourne,RK,5.0,173.0,7.0,18.0,6.0,3.0,6.0,2.0,60.0,15.0
2026,2,2026-03-22,Cameron,Zurhaar,North Melbourne,FPL,4.0,127.0,1.0,7.0,3.0,0.0,4.0,0.0,63.6,7.0
2026,3,2026-03-26,Tom,Atkins,Geelong Cats,RR,4.0,225.0,3.0,24.0,4.0,2.0,10.0,1.0,43.5,10.0
2026,3,2026-03-26,Mark,Blicavs,Geelong Cats,WL,6.0,431.0,4.0,9.0,4.0,0.0,3.0,0.0,58.3,14.0
2026,3,2026-03-26,Tanner,Bruhn,Geelong Cats,INT,2.0,157.0,0.0,7.0,2.0,2.0,5.0,0.0,73.3,11.0
2026,3,2026-03-26,Jeremy,Cameron,Geelong Cats,CHF,2.0,262.0,3.0,8.0,4.0,0.0,1.0,2.0,45.5,5.0
2026,3,2026-03-26,Jhye,Clark,Geelong Cats,INT,1.0,251.0,1.0,16.0,2.0,1.0,6.0,3.0,53.3,8.0
2026,3,2026-03-26,Sam,De Koning,Geelong Cats,FB,1.0,273.0,9.0,6.0,5.0,0.0,2.0,0.0,66.7,12.0
2026,3,2026-03-26,Oliver,Dempsey,Geelong Cats,WR,7.0,330.0,4.0,14.0,7.0,0.0,6.0,1.0,61.9,13.0
2026,3,2026-03-26,Mitchell,Edwards,Geelong Cats,RK,1.0,95.0,2.0,6.0,0.0,2.0,2.0,0.0,50.0,3.0
2026,3,2026-03-26,Zach,Guthrie,Geelong Cats,HBFL,0.0,65.0,1.0,9.0,1.0,0.0,1.0,0.0,87.5,7.0
2026,3,2026-03-26,Jack,Henry,Geelong Cats,BPR,1.0,173.0,7.0,8.0,1.0,0.0,2.0,0.0,90.0,9.0
2026,3,2026-03-26,Oliver,Henry,Geelong Cats,FPR,4.0,178.0,0.0,13.0,2.0,0.0,2.0,2.0,33.3,4.0
2026,3,2026-03-26,Max,Holmes,Geelong Cats,R,7.0,603.0,5.0,17.0,4.0,1.0,7.0,0.0,70.4,19.0
2026,3,2026-03-26,Lawson,Humphries,Geelong Cats,INT,3.0,245.0,5.0,6.0,2.0,0.0,2.0,0.0,75.0,9.0
2026,3,2026-03-26,Shaun,Mannagh,Geelong Cats,HFFL,8.0,387.0,3.0,11.0,1.0,0.0,9.0,3.0,58.3,14.0
2026,3,2026-03-26,Jack,Martin,Geelong Cats,FPL,5.0,328.0,0.0,10.0,3.0,0.0,3.0,3.0,50.0,7.0
2026,3,2026-03-26,Gryan,Miers,Geelong Cats,INT,4.0,393.0,3.0,31.0,4.0,0.0,3.0,5.0,68.0,17.0
2026,3,2026-03-26,Oisin,Mullin,Geelong Cats,HBFR,1.0,143.0,5.0,11.0,1.0,1.0,2.0,0.0,92.3,12.0
2026,3,2026-03-26,Shannon,Neale,Geelong Cats,FF,4.0,119.0,1.0,8.0,3.0,0.0,6.0,2.0,69.2,9.0
2026,3,2026-03-26,Mark,O'Connor,Geelong Cats,INT,2.0,150.0,4.0,5.0,2.0,0.0,5.0,0.0,88.2,15.0
2026,3,2026-03-26,Connor,O'Sullivan,Geelong Cats,BPL,2.0,436.0,9.0,10.0,2.0,0.0,4.0,0.0,87.0,20.0
2026,3,2026-03-26,Bailey,Smith,Geelong Cats,C,5.0,795.0,2.0,26.0,8.0,1.0,13.0,3.0,60.0,24.0
2026,3,2026-03-26,Tom,Stewart,Geelong Cats,CHB,3.0,632.0,9.0,5.0,8.0,1.0,5.0,0.0,79.2,19.0
2026,3,2026-03-26,Oliver,Wiltshire,Geelong Cats,HFFR,5.0,214.0,2.0,14.0,3.0,1.0,5.0,0.0,57.1,8.0
2026,3,2026-03-26,Sam,Berry,Adelaide Crows,RR,2.0,367.0,4.0,18.0,2.0,2.0,7.0,0.0,68.2,15.0
2026,3,2026-03-26,Hugh,Bond,Adelaide Crows,HBFL,0.0,222.0,3.0,20.0,3.0,0.0,3.0,0.0,75.0,6.0
2026,3,2026-03-26,Jordon,Butts,Adelaide Crows,FB,0.0,92.0,4.0,7.0,3.0,0.0,3.0,0.0,72.7,8.0
2026,3,2026-03-26,Brayden,Cook,Adelaide Crows,INT,3.0,518.0,4.0,17.0,3.0,0.0,3.0,0.0,81.0,17.0
2026,3,2026-03-26,Isaac,Cumming,Adelaide Crows,WR,1.0,145.0,1.0,14.0,2.0,0.0,3.0,0.0,50.0,5.0
2026,3,2026-03-26,Darcy,Fogarty,Adelaide Crows,FPR,2.0,88.0,2.0,9.0,4.0,0.0,5.0,2.0,42.9,3.0
2026,3,2026-03-26,Chayce,Jones,Adelaide Crows,WL,1.0,281.0,3.0,10.0,2.0,0.0,2.0,0.0,88.9,8.0
2026,3,2026-03-26,Ben,Keays,Adelaide Crows,HFFL,6.0,170.0,1.0,11.0,4.0,0.0,3.0,2.0,80.0,12.0
2026,3,2026-03-26,Finnbar,Maley,Adelaide Crows,INT,3.0,96.0,2.0,10.0,2.0,0.0,2.0,0.0,71.4,5.0
2026,3,2026-03-26,Lachlan,McAndrew,Adelaide Crows,RK,2.0,177.0,4.0,16.0,3.0,2.0,4.0,0.0,64.7,11.0
2026,3,2026-03-26,Max,Michalanney,Adelaide Crows,BPR,1.0,142.0,6.0,16.0,1.0,0.0,4.0,0.0,81.8,9.0
2026,3,2026-03-26,Wayne,Milera,Adelaide Crows,HBFR,2.0,312.0,7.0,14.0,5.0,1.0,5.0,0.0,73.7,14.0
2026,3,2026-03-26,Nick,Murray,Adelaide Crows,BPL,2.0,439.0,5.0,10.0,2.0,0.0,1.0,0.0,75.0,9.0
2026,3,2026-03-26,Luke,Nankervis,Adelaide Crows,INT,2.0,231.0,4.0,4.0,1.0,0.0,2.0,0.0,70.0,7.0
2026,3,2026-03-26,Alex,Neal-Bullen,Adelaide Crows,CHF,2.0,268.0,2.0,13.0,4.0,0.0,5.0,0.0,45.5,5.0
2026,3,2026-03-26,James,Peatling,Adelaide Crows,INT,5.0,306.0,1.0,21.0,7.0,1.0,8.0,0.0,77.3,17.0
2026,3,2026-03-26,Luke,Pedlar,Adelaide Crows,HFFR,1.0,141.0,2.0,7.0,5.0,0.0,3.0,0.0,14.3,1.0
2026,3,2026-03-26,Josh,Rachele,Adelaide Crows,R,6.0,651.0,2.0,16.0,8.0,2.0,10.0,0.0,71.0,22.0
2026,3,2026-03-26,Izak,Rankine,Adelaide Crows,C,3.0,165.0,0.0,19.0,3.0,0.0,3.0,0.0,57.1,4.0
2026,3,2026-03-26,Jake,Soligo,Adelaide Crows,FPL,2.0,349.0,4.0,21.0,4.0,0.0,8.0,0.0,57.1,12.0
2026,3,2026-03-26,Zac,Taylor,Adelaide Crows,INT,6.0,110.0,0.0,5.0,0.0,0.0,1.0,0.0,100.0,7.0
2026,3,2026-03-26,Riley,Thilthorpe,Adelaide Crows,FF,5.0,358.0,1.0,11.0,3.0,0.0,3.0,0.0,64.3,9.0
2026,3,2026-03-26,Josh,Worrell,Adelaide Crows,CHB,2.0,895.0,11.0,9.0,11.0,0.0,8.0,0.0,73.3,22.0
2026,3,2026-03-27,Darcy,Cameron,Collingwood,FPR,4.0,139.0,2.0,3.0,2.0,2.0,2.0,0.0,41.7,5.0
2026,3,2026-03-27,Jack,Crisp,Collingwood,WL,6.0,419.0,6.0,22.0,3.0,0.0,7.0,0.0,84.6,22.0
2026,3,2026-03-27,Josh,Daicos,Collingwood,CHB,5.0,662.0,2.0,5.0,1.0,0.0,3.0,0.0,90.9,30.0
2026,3,2026-03-27,Nick,Daicos,Collingwood,C,7.0,770.0,3.0,16.0,9.0,3.0,8.0,1.0,66.7,24.0
2026,3,2026-03-27,Jordan,De Goey,Collingwood,R,7.0,228.0,0.0,10.0,1.0,3.0,2.0,1.0,93.8,15.0
2026,3,2026-03-27,Jamie,Elliott,Collingwood,CHF,5.0,13.0,2.0,14.0,1.0,0.0,3.0,2.0,100.0,4.0
2026,3,2026-03-27,Billy,Frampton,Collingwood,BPL,0.0,204.0,8.0,4.0,3.0,0.0,3.0,0.0,86.7,13.0
2026,3,2026-03-27,Dan,Houston,Collingwood,HBFL,2.0,454.0,3.0,8.0,4.0,0.0,2.0,0.0,83.3,15.0
2026,3,2026-03-27,Jeremy,Howe,Collingwood,INT,1.0,145.0,6.0,3.0,2.0,0.0,2.0,0.0,63.6,7.0
2026,3,2026-03-27,Patrick,Lipinski,Collingwood,FPL,7.0,228.0,2.0,12.0,3.0,0.0,2.0,0.0,75.0,12.0
2026,3,2026-03-27,Ned,Long,Collingwood,INT,4.0,110.0,2.0,29.0,2.0,0.0,4.0,2.0,72.7,8.0
2026,3,2026-03-27,Brayden,Maynard,Collingwood,BPR,2.0,431.0,3.0,16.0,3.0,0.0,2.0,0.0,94.4,17.0
2026,3,2026-03-27,Beau,McCreery,Collingwood,HFFR,3.0,249.0,1.0,24.0,3.0,1.0,5.0,0.0,71.4,10.0
2026,3,2026-03-27,Daniel,McStay,Collingwood,INT,5.0,134.0,0.0,7.0,0.0,0.0,1.0,0.0,88.9,8.0
2026,3,2026-03-27,Tim,Membrey,Collingwood,FF,8.0,169.0,1.0,7.0,3.0,0.0,2.0,0.0,61.5,8.0
2026,3,2026-03-27,Darcy,Moore,Collingwood,FB,2.0,81.0,5.0,3.0,2.0,0.0,0.0,0.0,71.4,5.0
2026,3,2026-03-27,Scott,Pendlebury,Collingwood,RR,3.0,105.0,0.0,6.0,2.0,0.0,2.0,0.0,90.0,9.0
2026,3,2026-03-27,Harry,Perryman,Collingwood,HBFR,2.0,176.0,4.0,5.0,2.0,0.0,1.0,0.0,86.7,13.0
2026,3,2026-03-27,Isaac,Quaynor,Collingwood,INT,1.0,409.0,6.0,12.0,7.0,0.0,3.0,0.0,66.7,10.0
2026,3,2026-03-27,Lachie,Schultz,Collingwood,HFFL,7.0,265.0,3.0,24.0,3.0,2.0,5.0,3.0,64.7,11.0
2026,3,2026-03-27,Steele,Sidebottom,Collingwood,WR,7.0,473.0,5.0,20.0,4.0,1.0,6.0,0.0,67.7,21.0
2026,3,2026-03-27,Roan,Steele,Collingwood,INT,0.0,210.0,0.0,13.0,4.0,0.0,2.0,0.0,50.0,4.0
2026,3,2026-03-27,Oscar,Steene,Collingwood,RK,3.0,-1.0,3.0,7.0,0.0,0.0,4.0,0.0,75.0,6.0
2026,3,2026-03-27,Ryan,Angwin,GWS GIANTS,WL,5.0,442.0,3.0,16.0,6.0,0.0,4.0,0.0,84.0,21.0
2026,3,2026-03-27,Lachie,Ash,GWS GIANTS,CHB,5.0,347.0,4.0,5.0,3.0,0.0,3.0,0.0,85.7,24.0
2026,3,2026-03-27,Kieren,Briggs,GWS GIANTS,RK,6.0,215.0,2.0,14.0,2.0,4.0,5.0,0.0,80.0,12.0
2026,3,2026-03-27,Callum,Brown,GWS GIANTS,INT,4.0,178.0,1.0,12.0,1.0,0.0,2.0,1.0,72.7,8.0
2026,3,2026-03-27,Finn,Callaghan,GWS GIANTS,R,4.0,605.0,4.0,18.0,7.0,1.0,5.0,0.0,82.9,29.0
2026,3,2026-03-27,Stephen,Coniglio,GWS GIANTS,INT,3.0,55.0,1.0,9.0,1.0,1.0,2.0,0.0,76.9,10.0
2026,3,2026-03-27,Josaia,Delana,GWS GIANTS,HFFR,0.0,53.0,0.0,12.0,0.0,0.0,0.0,3.0,66.7,2.0
2026,3,2026-03-27,Joe,Fonti,GWS GIANTS,HBFR,4.0,295.0,4.0,12.0,3.0,0.0,2.0,1.0,81.0,17.0
2026,3,2026-03-27,Phoenix,Gothard,GWS GIANTS,HFFL,4.0,127.0,0.0,15.0,5.0,0.0,4.0,1.0,73.7,14.0
2026,3,2026-03-27,Toby,Greene,GWS GIANTS,RR,5.0,308.0,2.0,9.0,2.0,1.0,6.0,0.0,76.2,16.0
2026,3,2026-03-27,Max,Gruzewski,GWS GIANTS,INT,2.0,180.0,0.0,8.0,0.0,0.0,0.0,2.0,60.0,3.0
2026,3,2026-03-27,Oliver,Hannaford,GWS GIANTS,FPR,3.0,87.0,1.0,11.0,2.0,0.0,1.0,0.0,75.0,6.0
2026,3,2026-03-27,Harry,Himmelberg,GWS GIANTS,BPL,1.0,283.0,3.0,5.0,2.0,0.0,0.0,0.0,92.3,12.0
2026,3,2026-03-27,Jesse,Hogan,GWS GIANTS,FF,2.0,97.0,0.0,2.0,2.0,0.0,0.0,0.0,50.0,2.0
2026,3,2026-03-27,Connor,Idun,GWS GIANTS,FB,2.0,344.0,10.0,5.0,4.0,0.0,6.0,0.0,91.3,21.0
2026,3,2026-03-27,Jayden,Laverde,GWS GIANTS,BPR,0.0,220.0,8.0,7.0,0.0,0.0,3.0,0.0,100.0,17.0
2026,3,2026-03-27,James,Leake,GWS GIANTS,INT,2.0,242.0,3.0,8.0,3.0,0.0,3.0,0.0,81.3,13.0
2026,3,2026-03-27,Xavier,O'Halloran,GWS GIANTS,INT,3.0,274.0,3.0,9.0,3.0,0.0,5.0,1.0,50.0,8.0
2026,3,2026-03-27,Clayton,Oliver,GWS GIANTS,C,6.0,271.0,2.0,13.0,5.0,3.0,12.0,0.0,75.7,28.0
2026,3,2026-03-27,Jake,Riccardi,GWS GIANTS,CHF,4.0,227.0,0.0,7.0,3.0,0.0,1.0,0.0,81.3,13.0
2026,3,2026-03-27,Jake,Stringer,GWS GIANTS,FPL,5.0,364.0,4.0,14.0,4.0,0.0,5.0,2.0,53.8,7.0
2026,3,2026-03-27,Harvey,Thomas,GWS GIANTS,WR,7.0,232.0,3.0,12.0,3.0,1.0,7.0,2.0,77.8,21.0
2026,3,2026-03-27,Lachie,Whitfield,GWS GIANTS,HBFL,6.0,443.0,6.0,4.0,5.0,1.0,8.0,0.0,87.2,34.0
2026,3,2026-03-28,Dan,Butler,St Kilda,INT,4.0,185.0,1.0,8.0,2.0,0.0,3.0,0.0,55.6,5.0
2026,3,2026-03-28,Jack,Carroll,St Kilda,INT,1.0,188.0,3.0,17.0,5.0,0.0,2.0,0.0,60.0,6.0
2026,3,2026-03-28,Tom,De Koning,St Kilda,RK,5.0,125.0,2.0,6.0,3.0,1.0,3.0,0.0,45.5,5.0
2026,3,2026-03-28,Sam,Flanders,St Kilda,RR,6.0,282.0,8.0,19.0,3.0,2.0,7.0,0.0,81.8,18.0
2026,3,2026-03-28,Hugo,Garcia,St Kilda,HFFL,3.0,14.0,2.0,18.0,0.0,1.0,4.0,1.0,66.7,8.0
2026,3,2026-03-28,Max,Hall,St Kilda,C,7.0,263.0,1.0,22.0,4.0,1.0,6.0,2.0,58.8,10.0
2026,3,2026-03-28,Jack,Higgins,St Kilda,FPL,7.0,191.0,2.0,13.0,2.0,0.0,4.0,2.0,40.0,4.0
2026,3,2026-03-28,Bradley,Hill,St Kilda,CHB,3.0,322.0,3.0,16.0,4.0,0.0,2.0,0.0,76.2,16.0
2026,3,2026-03-28,Dougal,Howard,St Kilda,BPR,1.0,99.0,3.0,1.0,3.0,0.0,2.0,0.0,75.0,9.0
2026,3,2026-03-28,Rowan,Marshall,St Kilda,FPR,2.0,150.0,3.0,6.0,2.0,1.0,3.0,1.0,75.0,9.0
2026,3,2026-03-28,Mitch,Owens,St Kilda,HFFR,4.0,223.0,1.0,8.0,0.0,0.0,1.0,1.0,50.0,5.0
2026,3,2026-03-28,Mattaes,Phillipou,St Kilda,INT,3.0,308.0,1.0,17.0,3.0,2.0,2.0,0.0,73.3,11.0
2026,3,2026-03-28,Liam,Ryan,St Kilda,INT,5.0,226.0,1.0,5.0,2.0,0.0,2.0,1.0,63.6,7.0
2026,3,2026-03-28,Cooper,Sharman,St Kilda,FF,7.0,213.0,0.0,11.0,2.0,0.0,1.0,2.0,88.9,8.0
2026,3,2026-03-28,Jack,Silvagni,St Kilda,BPL,3.0,193.0,7.0,12.0,3.0,0.0,3.0,0.0,72.7,8.0
2026,3,2026-03-28,Jack,Sinclair,St Kilda,R,4.0,480.0,8.0,14.0,4.0,0.0,2.0,0.0,89.7,26.0
2026,3,2026-03-28,Liam,Stocker,St Kilda,HBFL,2.0,73.0,7.0,8.0,1.0,0.0,5.0,0.0,70.0,7.0
2026,3,2026-03-28,Alix,Tauru,St Kilda,INT,2.0,49.0,0.0,7.0,1.0,0.0,1.0,0.0,33.3,1.0
2026,3,2026-03-28,Nasiah,Wanganeen-Milera,St Kilda,HBFR,10.0,698.0,2.0,20.0,8.0,3.0,6.0,1.0,55.2,16.0
2026,3,2026-03-28,Callum,Wilkie,St Kilda,FB,6.0,224.0,13.0,11.0,3.0,0.0,6.0,0.0,79.2,19.0
2026,3,2026-03-28,Darcy,Wilson,St Kilda,WR,4.0,248.0,3.0,21.0,2.0,0.0,4.0,1.0,81.3,13.0
2026,3,2026-03-28,Marcus,Windhager,St Kilda,WL,7.0,479.0,2.0,17.0,7.0,1.0,2.0,0.0,52.6,10.0
2026,3,2026-03-28,Mason,Wood,St Kilda,CHF,4.0,322.0,6.0,11.0,5.0,0.0,4.0,0.0,64.3,9.0
2026,3,2026-03-28,Oscar,Allen,Brisbane Lions,CHF,4.0,237.0,0.0,8.0,3.0,0.0,0.0,2.0,54.5,6.0
2026,3,2026-03-28,Noah,Answerth,Brisbane Lions,CHB,2.0,164.0,3.0,7.0,2.0,0.0,2.0,0.0,62.5,5.0
2026,3,2026-03-28,Levi,Ashcroft,Brisbane Lions,INT,6.0,189.0,3.0,8.0,1.0,0.0,6.0,0.0,92.0,23.0
2026,3,2026-03-28,Will,Ashcroft,Brisbane Lions,R,3.0,254.0,0.0,27.0,4.0,4.0,7.0,2.0,74.2,23.0
2026,3,2026-03-28,Zac,Bailey,Brisbane Lions,C,10.0,310.0,2.0,25.0,1.0,2.0,4.0,1.0,94.1,16.0
2026,3,2026-03-28,Jarrod,Berry,Brisbane Lions,WR,7.0,600.0,6.0,8.0,5.0,0.0,5.0,1.0,74.2,23.0
2026,3,2026-03-28,Charlie,Cameron,Brisbane Lions,HFFL,6.0,171.0,2.0,12.0,3.0,0.0,2.0,0.0,58.3,7.0
2026,3,2026-03-28,Keidean,Coleman,Brisbane Lions,BPL,7.0,378.0,3.0,4.0,4.0,0.0,5.0,0.0,85.7,18.0
2026,3,2026-03-28,Sam,Draper,Brisbane Lions,RK,2.0,204.0,1.0,4.0,3.0,2.0,1.0,0.0,75.0,6.0
2026,3,2026-03-28,Josh,Dunkley,Brisbane Lions,RR,3.0,185.0,3.0,20.0,5.0,1.0,9.0,0.0,62.5,15.0
2026,3,2026-03-28,Jaspa,Fletcher,Brisbane Lions,INT,3.0,335.0,3.0,8.0,3.0,0.0,4.0,0.0,82.4,14.0
2026,3,2026-03-28,Darcy,Fort,Brisbane Lions,INT,3.0,56.0,5.0,6.0,0.0,1.0,3.0,0.0,92.3,12.0
2026,3,2026-03-28,Ty,Gallop,Brisbane Lions,FPR,1.0,156.0,3.0,2.0,2.0,0.0,2.0,0.0,50.0,3.0
2026,3,2026-03-28,Darcy,Gardiner,Brisbane Lions,FB,4.0,137.0,9.0,2.0,3.0,0.0,4.0,0.0,68.8,11.0
2026,3,2026-03-28,Ryan,Lester,Brisbane Lions,BPR,4.0,368.0,8.0,4.0,4.0,0.0,5.0,0.0,90.0,18.0
2026,3,2026-03-28,Kai,Lohmann,Brisbane Lions,FPL,6.0,177.0,1.0,12.0,2.0,0.0,4.0,1.0,72.7,8.0
2026,3,2026-03-28,Lincoln,McCarthy,Brisbane Lions,INT,6.0,230.0,0.0,9.0,8.0,0.0,5.0,1.0,52.9,9.0
2026,3,2026-03-28,Logan,Morris,Brisbane Lions,HFFR,4.0,304.0,1.0,11.0,9.0,0.0,4.0,0.0,47.1,8.0
2026,3,2026-03-28,Lachie,Neale,Brisbane Lions,INT,6.0,200.0,1.0,14.0,3.0,3.0,6.0,0.0,84.2,16.0
2026,3,2026-03-28,Cam,Rayner,Brisbane Lions,FF,5.0,202.0,1.0,10.0,7.0,1.0,4.0,1.0,50.0,6.0
2026,3,2026-03-28,Bruce,Reville,Brisbane Lions,WL,5.0,372.0,3.0,8.0,0.0,0.0,4.0,0.0,75.0,15.0
2026,3,2026-03-28,Darcy,Wilmot,Brisbane Lions,HBFL,4.0,177.0,6.0,11.0,2.0,0.0,3.0,0.0,73.3,11.0
2026,3,2026-03-28,Dayne,Zorko,Brisbane Lions,HBFR,5.0,732.0,6.0,12.0,5.0,0.0,6.0,1.0,60.7,17.0
2026,3,2026-03-28,Jye,Amiss,Fremantle,HFFL,6.0,162.0,0.0,7.0,0.0,0.0,2.0,2.0,70.0,7.0
2026,3,2026-03-28,Shai,Bolton,Fremantle,FPL,7.0,573.0,2.0,16.0,5.0,1.0,7.0,0.0,75.8,25.0
2026,3,2026-03-28,Andrew,Brayshaw,Fremantle,C,7.0,484.0,1.0,16.0,3.0,1.0,1.0,0.0,66.7,14.0
2026,3,2026-03-28,Heath,Chapman,Fremantle,BPR,5.0,328.0,2.0,13.0,3.0,0.0,2.0,0.0,78.9,15.0
2026,3,2026-03-28,Jordan,Clark,Fremantle,HBFL,3.0,344.0,7.0,10.0,3.0,0.0,9.0,0.0,81.5,22.0
2026,3,2026-03-28,Brennan,Cox,Fremantle,BPL,3.0,184.0,7.0,7.0,1.0,0.0,1.0,0.0,88.2,15.0
2026,3,2026-03-28,Sean,Darcy,Fremantle,INT,6.0,144.0,1.0,9.0,2.0,2.0,4.0,0.0,75.0,6.0
2026,3,2026-03-28,Isaiah,Dudley,Fremantle,INT,5.0,90.0,2.0,13.0,2.0,0.0,5.0,1.0,63.6,7.0
2026,3,2026-03-28,Neil,Erasmus,Fremantle,RR,5.0,198.0,1.0,11.0,2.0,0.0,6.0,0.0,52.4,11.0
2026,3,2026-03-28,Luke,Jackson,Fremantle,RK,8.0,171.0,2.0,6.0,2.0,0.0,8.0,0.0,47.1,8.0
2026,3,2026-03-28,Matthew,Johnson,Fremantle,WR,5.0,223.0,1.0,7.0,3.0,1.0,1.0,0.0,82.4,14.0
2026,3,2026-03-28,Judd,McVee,Fremantle,HBFR,4.0,120.0,6.0,4.0,2.0,0.0,5.0,0.0,82.4,14.0
2026,3,2026-03-28,Jaeger,O'Meara,Fremantle,WL,7.0,248.0,4.0,13.0,1.0,1.0,5.0,0.0,84.2,16.0
2026,3,2026-03-28,Alex,Pearce,Fremantle,FB,4.0,104.0,4.0,5.0,1.0,0.0,1.0,0.0,100.0,10.0
2026,3,2026-03-28,Murphy,Reid,Fremantle,FPR,4.0,213.0,0.0,7.0,6.0,0.0,6.0,0.0,65.2,15.0
2026,3,2026-03-28,Luke,Ryan,Fremantle,CHB,0.0,295.0,1.0,4.0,1.0,0.0,0.0,0.0,100.0,14.0
2026,3,2026-03-28,Christopher,Scerri,Fremantle,INT,4.0,74.0,4.0,11.0,0.0,0.0,5.0,0.0,87.5,7.0
2026,3,2026-03-28,Caleb,Serong,Fremantle,R,12.0,579.0,2.0,21.0,8.0,5.0,9.0,0.0,65.6,21.0
2026,3,2026-03-28,Sam,Switkowski,Fremantle,HFFR,4.0,115.0,3.0,12.0,1.0,0.0,4.0,0.0,58.3,7.0
2026,3,2026-03-28,Josh,Treacy,Fremantle,FF,11.0,335.0,1.0,12.0,1.0,0.0,1.0,2.0,68.8,11.0
2026,3,2026-03-28,Patrick,Voss,Fremantle,CHF,11.0,196.0,2.0,12.0,3.0,0.0,5.0,5.0,72.2,13.0
2026,3,2026-03-28,Corey,Wagner,Fremantle,INT,9.0,522.0,7.0,9.0,3.0,0.0,7.0,1.0,81.8,18.0
2026,3,2026-03-28,Karl,Worner,Fremantle,INT,4.0,214.0,3.0,5.0,4.0,0.0,1.0,0.0,92.9,13.0
2026,3,2026-03-28,Jasper,Alger,Richmond,FF,2.0,20.0,0.0,4.0,1.0,0.0,2.0,0.0,33.3,1.0
2026,3,2026-03-28,Harry,Armstrong,Richmond,FPR,0.0,5.0,0.0,2.0,0.0,0.0,0.0,0.0,0.0,0.0
2026,3,2026-03-28,Noah,Balta,Richmond,FB,0.0,177.0,6.0,3.0,2.0,0.0,2.0,0.0,100.0,7.0
2026,3,2026-03-28,Sam,Banks,Richmond,INT,2.0,179.0,5.0,11.0,7.0,0.0,7.0,0.0,55.6,10.0
2026,3,2026-03-28,Tom,Brown,Richmond,INT,0.0,241.0,3.0,1.0,2.0,0.0,3.0,0.0,90.9,10.0
2026,3,2026-03-28,Seth,Campbell,Richmond,HFFL,2.0,102.0,2.0,20.0,0.0,0.0,1.0,1.0,57.1,4.0
2026,3,2026-03-28,Jonty,Faull,Richmond,FPL,4.0,220.0,2.0,9.0,2.0,0.0,1.0,2.0,37.5,3.0
2026,3,2026-03-28,Campbell,Gray,Richmond,RK,1.0,7.0,2.0,14.0,2.0,0.0,1.0,1.0,100.0,3.0
2026,3,2026-03-28,Steely,Green,Richmond,INT,5.0,177.0,2.0,12.0,2.0,0.0,4.0,0.0,66.7,6.0
2026,3,2026-03-28,Sam,Grlj,Richmond,HBFL,1.0,327.0,4.0,18.0,3.0,0.0,5.0,0.0,61.1,11.0
2026,3,2026-03-28,Jacob,Hopper,Richmond,INT,1.0,76.0,1.0,8.0,3.0,1.0,8.0,0.0,55.0,11.0
2026,3,2026-03-28,Sam,Lalor,Richmond,RR,4.0,490.0,1.0,13.0,6.0,1.0,5.0,0.0,66.7,10.0
2026,3,2026-03-28,Mykelti,Lefau,Richmond,INT,0.0,5.0,1.0,19.0,4.0,1.0,3.0,1.0,66.7,4.0
2026,3,2026-03-28,Ben,Miller,Richmond,BPL,2.0,256.0,4.0,14.0,3.0,0.0,2.0,0.0,80.0,12.0
2026,3,2026-03-28,Dion,Prestia,Richmond,CHF,3.0,265.0,3.0,13.0,3.0,0.0,6.0,0.0,62.5,10.0
2026,3,2026-03-28,Hugo,Ralphsmith,Richmond,WL,1.0,139.0,3.0,13.0,3.0,0.0,5.0,0.0,71.4,10.0
2026,3,2026-03-28,Maurice,Rioli,Richmond,HFFR,2.0,191.0,1.0,18.0,2.0,0.0,3.0,0.0,70.0,7.0
2026,3,2026-03-28,Jack,Ross,Richmond,C,6.0,238.0,3.0,18.0,1.0,3.0,9.0,0.0,87.0,20.0
2026,3,2026-03-28,Jayden,Short,Richmond,CHB,0.0,441.0,1.0,11.0,3.0,0.0,1.0,0.0,75.0,15.0
2026,3,2026-03-28,Tyler,Sonsie,Richmond,WR,6.0,263.0,3.0,10.0,4.0,0.0,4.0,0.0,65.0,13.0
2026,3,2026-03-28,Tim,Taranto,Richmond,R,4.0,148.0,2.0,22.0,2.0,1.0,11.0,2.0,58.3,14.0
2026,3,2026-03-28,Luke,Trainor,Richmond,BPR,1.0,491.0,4.0,3.0,6.0,0.0,4.0,0.0,75.0,21.0
2026,3,2026-03-28,Nick,Vlastuin,Richmond,HBFR,1.0,342.0,4.0,6.0,2.0,0.0,2.0,0.0,89.5,17.0
2026,3,2026-03-28,Lachlan,Blakiston,Essendon,RK,3.0,362.0,1.0,6.0,6.0,1.0,2.0,0.0,75.0,9.0
2026,3,2026-03-28,Nate,Caddy,Essendon,CHF,5.0,150.0,1.0,7.0,4.0,0.0,1.0,1.0,55.6,5.0
2026,3,2026-03-28,Jye,Caldwell,Essendon,C,6.0,299.0,1.0,18.0,2.0,2.0,7.0,1.0,63.6,14.0
2026,3,2026-03-28,Archer,Day-Wicks,Essendon,HFFR,4.0,385.0,2.0,14.0,7.0,0.0,2.0,0.0,53.3,8.0
2026,3,2026-03-28,Sam,Durham,Essendon,HFFL,4.0,193.0,3.0,19.0,4.0,3.0,6.0,0.0,84.2,16.0
2026,3,2026-03-28,Xavier,Duursma,Essendon,WL,2.0,143.0,3.0,12.0,0.0,0.0,3.0,0.0,94.1,16.0
2026,3,2026-03-28,Saad,El-Hawli,Essendon,INT,4.0,188.0,4.0,11.0,1.0,0.0,3.0,0.0,84.6,11.0
2026,3,2026-03-28,Jacob,Farrow,Essendon,INT,1.0,366.0,2.0,9.0,4.0,0.0,1.0,0.0,92.3,12.0
2026,3,2026-03-28,Jade,Gresham,Essendon,INT,3.0,69.0,2.0,14.0,1.0,1.0,1.0,1.0,81.8,9.0
2026,3,2026-03-28,Matt,Guelfi,Essendon,WR,2.0,32.0,1.0,10.0,0.0,0.0,6.0,1.0,77.8,7.0
2026,3,2026-03-28,Zak,Johnson,Essendon,RR,0.0,170.0,1.0,9.0,1.0,0.0,1.0,0.0,66.7,6.0
2026,3,2026-03-28,Isaac,Kako,Essendon,FPL,3.0,153.0,1.0,19.0,0.0,2.0,5.0,0.0,66.7,8.0
2026,3,2026-03-28,Kyle,Langford,Essendon,FPR,5.0,332.0,4.0,11.0,5.0,0.0,3.0,0.0,63.2,12.0
2026,3,2026-03-28,Archer,May,Essendon,INT,3.0,142.0,2.0,7.0,4.0,0.0,2.0,2.0,71.4,5.0
2026,3,2026-03-28,Andrew,McGrath,Essendon,BPR,7.0,316.0,8.0,8.0,1.0,0.0,3.0,0.0,86.4,19.0
2026,3,2026-03-28,Ben,McKay,Essendon,FB,0.0,59.0,4.0,5.0,0.0,0.0,1.0,0.0,60.0,3.0
2026,3,2026-03-28,Zach,Merrett,Essendon,R,5.0,159.0,2.0,23.0,2.0,0.0,3.0,0.0,70.0,7.0
2026,3,2026-03-28,Darcy,Parish,Essendon,INT,4.0,239.0,4.0,18.0,1.0,1.0,3.0,0.0,68.4,13.0
2026,3,2026-03-28,Archie,Perkins,Essendon,HBFR,5.0,204.0,0.0,10.0,2.0,0.0,3.0,0.0,62.5,10.0
2026,3,2026-03-28,Jaxon,Prior,Essendon,BPL,3.0,404.0,7.0,10.0,4.0,0.0,2.0,0.0,83.3,15.0
2026,3,2026-03-28,Zach,Reid,Essendon,CHB,3.0,156.0,3.0,3.0,3.0,0.0,4.0,0.0,81.8,9.0
2026,3,2026-03-28,Archie,Roberts,Essendon,HBFL,5.0,355.0,8.0,10.0,3.0,0.0,8.0,0.0,80.0,20.0
2026,3,2026-03-28,Peter,Wright,Essendon,FF,9.0,250.0,3.0,6.0,2.0,1.0,3.0,0.0,86.7,13.0
2026,3,2026-03-28,Brayden,Fiorini,Essendon,EMERG,0.0,0.0,0.0,,0.0,0.0,,0.0,0.0,
2026,3,2026-03-28,Tom,Blamires,North Melbourne,INT,4.0,313.0,4.0,7.0,4.0,0.0,3.0,0.0,82.4,14.0
2026,3,2026-03-28,Callum,Coleman-Jones,North Melbourne,INT,1.0,-3.0,1.0,6.0,1.0,0.0,1.0,0.0,66.7,4.0
2026,3,2026-03-28,Charlie,Comben,North Melbourne,BPR,3.0,-4.0,4.0,8.0,0.0,0.0,0.0,0.0,91.7,11.0
2026,3,2026-03-28,Aidan,Corr,North Melbourne,FPL,0.0,57.0,0.0,8.0,2.0,0.0,0.0,0.0,80.0,4.0
2026,3,2026-03-28,Paul,Curtis,North Melbourne,HFFL,4.0,184.0,1.0,15.0,3.0,0.0,1.0,1.0,66.7,6.0
2026,3,2026-03-28,Caleb,Daniel,North Melbourne,CHB,6.0,251.0,2.0,4.0,2.0,0.0,1.0,0.0,82.6,19.0
2026,3,2026-03-28,Luke,Davies-Uniacke,North Melbourne,RR,7.0,306.0,5.0,21.0,1.0,3.0,10.0,0.0,77.4,24.0
2026,3,2026-03-28,Lachy,Dovaston,North Melbourne,INT,2.0,75.0,0.0,7.0,2.0,0.0,3.0,1.0,71.4,5.0
2026,3,2026-03-28,Zane,Duursma,North Melbourne,INT,5.0,130.0,1.0,5.0,0.0,0.0,2.0,0.0,100.0,5.0
2026,3,2026-03-28,Nick,Larkey,North Melbourne,FF,7.0,127.0,0.0,4.0,3.0,0.0,1.0,0.0,83.3,10.0
2026,3,2026-03-28,Luke,McDonald,North Melbourne,BPL,4.0,426.0,1.0,16.0,3.0,0.0,2.0,0.0,77.8,14.0
2026,3,2026-03-28,Colby,McKercher,North Melbourne,HFFR,3.0,567.0,3.0,9.0,6.0,1.0,5.0,0.0,77.1,27.0
2026,3,2026-03-28,Finn,O'Sullivan,North Melbourne,HBFL,6.0,355.0,7.0,12.0,3.0,1.0,8.0,1.0,87.5,21.0
2026,3,2026-03-28,Luke,Parker,North Melbourne,FPR,4.0,377.0,6.0,11.0,3.0,0.0,6.0,1.0,90.9,30.0
2026,3,2026-03-28,Toby,Pink,North Melbourne,FB,3.0,371.0,4.0,5.0,3.0,0.0,4.0,0.0,89.5,17.0
2026,3,2026-03-28,Tom,Powell,North Melbourne,C,6.0,308.0,0.0,10.0,6.0,0.0,2.0,1.0,60.9,14.0
2026,3,2026-03-28,Harry,Sheezel,North Melbourne,R,7.0,365.0,6.0,14.0,7.0,0.0,5.0,1.0,87.9,29.0
2026,3,2026-03-28,Jy,Simpkin,North Melbourne,WL,7.0,215.0,3.0,15.0,2.0,0.0,7.0,1.0,81.8,18.0
2026,3,2026-03-28,Dylan,Stephens,North Melbourne,WR,3.0,366.0,2.0,10.0,6.0,1.0,3.0,0.0,78.3,18.0
2026,3,2026-03-28,Cooper,Trembath,North Melbourne,CHF,5.0,151.0,0.0,6.0,0.0,0.0,1.0,1.0,77.8,7.0
2026,3,2026-03-28,George,Wardlaw,North Melbourne,INT,4.0,400.0,1.0,12.0,5.0,4.0,4.0,1.0,68.8,11.0
2026,3,2026-03-28,Tristan,Xerri,North Melbourne,RK,5.0,41.0,3.0,7.0,2.0,3.0,5.0,0.0,73.3,11.0
2026,3,2026-03-28,Cameron,Zurhaar,North Melbourne,HBFR,2.0,200.0,3.0,6.0,3.0,0.0,3.0,0.0,62.5,5.0
2026,3,2026-03-29,Aliir,Aliir,Port Adelaide,BPR,6.0,187.0,5.0,4.0,2.0,0.0,1.0,0.0,100.0,12.0
2026,3,2026-03-29,Joe,Berry,Port Adelaide,INT,4.0,161.0,1.0,10.0,2.0,0.0,3.0,0.0,71.4,5.0
2026,3,2026-03-29,Will,Brodie,Port Adelaide,INT,1.0,65.0,4.0,13.0,1.0,1.0,8.0,0.0,83.3,15.0
2026,3,2026-03-29,Jase,Burgoyne,Port Adelaide,WR,6.0,335.0,2.0,20.0,3.0,0.0,6.0,0.0,71.4,15.0
2026,3,2026-03-29,Zak,Butters,Port Adelaide,RR,11.0,542.0,5.0,7.0,0.0,2.0,9.0,0.0,83.3,25.0
2026,3,2026-03-29,Darcy,Byrne-Jones,Port Adelaide,HFFL,9.0,185.0,0.0,17.0,2.0,0.0,1.0,2.0,66.7,10.0
2026,3,2026-03-29,Willem,Drew,Port Adelaide,R,6.0,231.0,2.0,25.0,3.0,2.0,1.0,2.0,55.0,11.0
2026,3,2026-03-29,Corey,Durdin,Port Adelaide,INT,3.0,156.0,2.0,8.0,2.0,0.0,2.0,1.0,57.1,4.0
2026,3,2026-03-29,Logan,Evans,Port Adelaide,HBFL,3.0,287.0,7.0,9.0,5.0,0.0,2.0,0.0,73.7,14.0
2026,3,2026-03-29,Kane,Farrell,Port Adelaide,CHB,8.0,758.0,5.0,8.0,6.0,0.0,5.0,0.0,88.0,22.0
2026,3,2026-03-29,Mitch,Georgiades,Port Adelaide,FPR,9.0,283.0,0.0,10.0,4.0,0.0,2.0,3.0,66.7,8.0
2026,3,2026-03-29,Jason,Horne-Francis,Port Adelaide,C,6.0,357.0,1.0,14.0,5.0,1.0,5.0,0.0,33.3,6.0
2026,3,2026-03-29,Lachie,Jones,Port Adelaide,BPL,2.0,237.0,2.0,9.0,1.0,0.0,1.0,0.0,100.0,8.0
2026,3,2026-03-29,Josh,Lai,Port Adelaide,HBFR,2.0,181.0,7.0,7.0,1.0,0.0,3.0,0.0,84.6,11.0
2026,3,2026-03-29,Jack,Lukosius,Port Adelaide,FPL,6.0,340.0,4.0,8.0,1.0,0.0,4.0,2.0,83.3,10.0
2026,3,2026-03-29,Ewan,Mackinlay,Port Adelaide,WL,2.0,241.0,1.0,9.0,4.0,0.0,1.0,0.0,44.4,4.0
2026,3,2026-03-29,Jackson,Mead,Port Adelaide,INT,1.0,292.0,4.0,7.0,5.0,0.0,2.0,0.0,75.0,9.0
2026,3,2026-03-29,Esava,Ratugolea,Port Adelaide,FB,4.0,4.0,8.0,2.0,1.0,0.0,3.0,0.0,90.9,10.0
2026,3,2026-03-29,Joe,Richards,Port Adelaide,CHF,6.0,211.0,1.0,8.0,2.0,0.0,4.0,0.0,71.4,10.0
2026,3,2026-03-29,Jordon,Sweet,Port Adelaide,RK,5.0,191.0,0.0,7.0,1.0,4.0,3.0,0.0,53.8,7.0
2026,3,2026-03-29,Jack,Watkins,Port Adelaide,HFFR,4.0,273.0,2.0,15.0,4.0,2.0,4.0,0.0,63.2,12.0
2026,3,2026-03-29,Jacob,Wehr,Port Adelaide,INT,5.0,259.0,2.0,13.0,2.0,0.0,4.0,0.0,53.3,8.0
2026,3,2026-03-29,Jack,Whitlock,Port Adelaide,FF,8.0,79.0,0.0,2.0,1.0,0.0,4.0,0.0,80.0,8.0
2026,3,2026-03-29,Bo,Allan,West Coast Eagles,INT,4.0,244.0,4.0,8.0,1.0,0.0,3.0,0.0,90.0,9.0
2026,3,2026-03-29,Liam,Baker,West Coast Eagles,HBFR,4.0,213.0,6.0,15.0,5.0,0.0,10.0,0.0,75.0,15.0
2026,3,2026-03-29,Jamie,Cripps,West Coast Eagles,FPR,4.0,207.0,0.0,9.0,4.0,0.0,1.0,1.0,40.0,4.0
2026,3,2026-03-29,Hamish,Davis,West Coast Eagles,WR,3.0,56.0,2.0,13.0,1.0,0.0,3.0,0.0,58.3,7.0
2026,3,2026-03-29,Cooper,Duff-Tytler,West Coast Eagles,INT,4.0,145.0,0.0,4.0,4.0,1.0,4.0,0.0,45.5,5.0
2026,3,2026-03-29,Liam,Duggan,West Coast Eagles,BPL,5.0,269.0,3.0,10.0,1.0,0.0,2.0,0.0,92.9,13.0
2026,3,2026-03-29,Willem,Duursma,West Coast Eagles,WL,7.0,326.0,5.0,13.0,1.0,0.0,3.0,0.0,65.0,13.0
2026,3,2026-03-29,Matt,Flynn,West Coast Eagles,RK,5.0,89.0,0.0,16.0,0.0,1.0,3.0,0.0,88.9,8.0
2026,3,2026-03-29,Reuben,Ginbey,West Coast Eagles,CHB,1.0,158.0,4.0,9.0,3.0,0.0,2.0,0.0,80.0,4.0
2026,3,2026-03-29,Jack,Graham,West Coast Eagles,INT,4.0,146.0,0.0,34.0,2.0,0.0,3.0,1.0,69.2,9.0
2026,3,2026-03-29,Brady,Hough,West Coast Eagles,BPR,1.0,150.0,1.0,8.0,3.0,0.0,2.0,0.0,72.7,8.0
2026,3,2026-03-29,Tim,Kelly,West Coast Eagles,HFFL,10.0,312.0,7.0,9.0,5.0,5.0,12.0,0.0,60.9,14.0
2026,3,2026-03-29,Josh,Lindsay,West Coast Eagles,INT,5.0,472.0,1.0,6.0,4.0,0.0,6.0,0.0,84.2,16.0
2026,3,2026-03-29,Tom,McCarthy,West Coast Eagles,HBFL,1.0,438.0,6.0,7.0,5.0,0.0,3.0,0.0,75.0,15.0
2026,3,2026-03-29,Jacob,Newton,West Coast Eagles,HFFR,1.0,153.0,2.0,8.0,2.0,0.0,0.0,0.0,50.0,3.0
2026,3,2026-03-29,Archer,Reid,West Coast Eagles,FPL,5.0,141.0,0.0,5.0,0.0,0.0,1.0,0.0,100.0,5.0
2026,3,2026-03-29,Harley,Reid,West Coast Eagles,RR,9.0,522.0,0.0,22.0,4.0,3.0,5.0,0.0,81.0,17.0
2026,3,2026-03-29,Deven,Robertson,West Coast Eagles,R,3.0,311.0,0.0,18.0,5.0,1.0,4.0,0.0,75.0,12.0
2026,3,2026-03-29,Harry,Schoenberg,West Coast Eagles,INT,4.0,280.0,0.0,10.0,2.0,0.0,4.0,0.0,76.9,10.0
2026,3,2026-03-29,Jobe,Shanahan,West Coast Eagles,CHF,3.0,262.0,7.0,8.0,8.0,0.0,5.0,0.0,53.8,7.0
2026,3,2026-03-29,Jake,Waterman,West Coast Eagles,FF,10.0,332.0,1.0,1.0,2.0,0.0,2.0,0.0,53.8,7.0
2026,3,2026-03-29,Elliot,Yeo,West Coast Eagles,C,3.0,303.0,1.0,13.0,0.0,0.0,3.0,0.0,57.1,4.0
2026,3,2026-03-29,Tylar,Young,West Coast Eagles,FB,1.0,187.0,8.0,4.0,2.0,0.0,4.0,0.0,83.3,10.0
2026,3,2026-03-29,Ben,Ainsworth,Carlton,FPL,5.0,297.0,2.0,9.0,3.0,0.0,2.0,0.0,76.5,13.0
2026,3,2026-03-29,Talor,Byrne,Carlton,INT,4.0,179.0,1.0,13.0,0.0,0.0,3.0,0.0,50.0,4.0
2026,3,2026-03-29,Matthew,Carroll,Carlton,HBFR,2.0,414.0,4.0,10.0,5.0,0.0,4.0,0.0,60.0,9.0
2026,3,2026-03-29,Campbell,Chesser,Carlton,WR,3.0,228.0,4.0,17.0,2.0,0.0,3.0,0.0,71.4,10.0
2026,3,2026-03-29,Lachlan,Cowan,Carlton,HBFL,1.0,318.0,5.0,10.0,3.0,0.0,5.0,0.0,81.3,13.0
2026,3,2026-03-29,Patrick,Cripps,Carlton,C,7.0,183.0,0.0,16.0,2.0,5.0,8.0,1.0,57.1,12.0
2026,3,2026-03-29,Harry,Dean,Carlton,BPR,0.0,171.0,4.0,11.0,3.0,0.0,2.0,0.0,80.0,8.0
2026,3,2026-03-29,Francis,Evans,Carlton,HFFL,4.0,210.0,0.0,17.0,2.0,0.0,0.0,0.0,81.8,9.0
2026,3,2026-03-29,Oliver,Florent,Carlton,INT,3.0,501.0,5.0,21.0,6.0,1.0,4.0,0.0,82.4,14.0
2026,3,2026-03-29,Will,Hayward,Carlton,INT,5.0,347.0,1.0,9.0,4.0,0.0,2.0,0.0,53.3,8.0
2026,3,2026-03-29,George,Hewett,Carlton,WL,6.0,37.0,0.0,23.0,2.0,2.0,7.0,0.0,72.2,13.0
2026,3,2026-03-29,Elijah,Hollands,Carlton,INT,7.0,284.0,4.0,9.0,2.0,0.0,9.0,0.0,80.0,20.0
2026,3,2026-03-29,Oliver,Hollands,Carlton,HFFR,3.0,414.0,7.0,11.0,4.0,0.0,4.0,0.0,87.0,20.0
2026,3,2026-03-29,Brodie,Kemp,Carlton,FF,0.0,87.0,1.0,11.0,4.0,0.0,2.0,2.0,57.1,4.0
2026,3,2026-03-29,Mitch,McGovern,Carlton,CHB,8.0,240.0,2.0,10.0,2.0,0.0,7.0,1.0,84.6,11.0
2026,3,2026-03-29,Harry,McKay,Carlton,CHF,5.0,329.0,0.0,9.0,5.0,0.0,6.0,2.0,50.0,8.0
2026,3,2026-03-29,Hudson,O'Keeffe,Carlton,INT,1.0,23.0,0.0,6.0,1.0,0.0,1.0,0.0,33.3,1.0
2026,3,2026-03-29,Marc,Pittonet,Carlton,RK,4.0,108.0,1.0,6.0,1.0,0.0,1.0,0.0,50.0,4.0
2026,3,2026-03-29,Jagga,Smith,Carlton,RR,7.0,238.0,1.0,10.0,4.0,0.0,7.0,1.0,60.0,15.0
2026,3,2026-03-29,Sam,Walsh,Carlton,R,6.0,430.0,2.0,21.0,3.0,1.0,6.0,1.0,67.7,21.0
2026,3,2026-03-29,Jacob,Weitering,Carlton,FB,2.0,223.0,11.0,7.0,2.0,0.0,6.0,0.0,76.5,13.0
2026,3,2026-03-29,Zac,Williams,Carlton,FPR,3.0,455.0,4.0,8.0,5.0,2.0,7.0,0.0,73.7,14.0
2026,3,2026-03-29,Lewis,Young,Carlton,BPL,1.0,256.0,7.0,4.0,5.0,0.0,5.0,0.0,62.5,10.0
2026,3,2026-03-29,Kade,Chandler,Melbourne,WR,6.0,241.0,2.0,24.0,1.0,0.0,5.0,2.0,68.8,11.0
2026,3,2026-03-29,Paddy,Cross,Melbourne,INT,3.0,25.0,1.0,2.0,2.0,0.0,2.0,0.0,83.3,5.0
2026,3,2026-03-29,Jai,Culley,Melbourne,C,5.0,245.0,4.0,11.0,1.0,0.0,6.0,0.0,83.3,15.0
2026,3,2026-03-29,Bayley,Fritsch,Melbourne,FPL,6.0,228.0,0.0,7.0,0.0,0.0,2.0,1.0,88.9,8.0
2026,3,2026-03-29,Max,Gawn,Melbourne,RK,5.0,362.0,2.0,6.0,4.0,1.0,5.0,0.0,56.5,13.0
2026,3,2026-03-29,Blake,Howes,Melbourne,INT,2.0,98.0,5.0,12.0,3.0,0.0,2.0,1.0,69.2,9.0
2026,3,2026-03-29,Changkuoth,Jiath,Melbourne,BPR,2.0,188.0,2.0,9.0,2.0,0.0,0.0,0.0,90.9,10.0
2026,3,2026-03-29,Ed,Langdon,Melbourne,FPR,6.0,218.0,1.0,15.0,2.0,0.0,2.0,0.0,84.6,11.0
2026,3,2026-03-29,Harvey,Langford,Melbourne,INT,3.0,362.0,0.0,13.0,2.0,0.0,3.0,0.0,62.5,10.0
2026,3,2026-03-29,Jake,Lever,Melbourne,FB,2.0,403.0,11.0,6.0,2.0,0.0,5.0,0.0,90.5,19.0
2026,3,2026-03-29,Xavier,Lindsay,Melbourne,HBFL,2.0,329.0,2.0,6.0,1.0,0.0,4.0,0.0,72.2,13.0
2026,3,2026-03-29,Tom,McDonald,Melbourne,CHB,2.0,257.0,8.0,5.0,2.0,0.0,4.0,0.0,83.3,15.0
2026,3,2026-03-29,Brody,Mihocek,Melbourne,FF,5.0,150.0,1.0,7.0,4.0,0.0,3.0,1.0,36.4,4.0
2026,3,2026-03-29,Harrison,Petty,Melbourne,BPL,3.0,61.0,7.0,8.0,3.0,0.0,4.0,0.0,62.5,5.0
2026,3,2026-03-29,Kysaiah,Pickett,Melbourne,HFFL,10.0,834.0,5.0,20.0,9.0,3.0,7.0,0.0,42.4,14.0
2026,3,2026-03-29,Latrelle,Pickett,Melbourne,HFFR,1.0,159.0,1.0,14.0,1.0,0.0,1.0,0.0,66.7,6.0
2026,3,2026-03-29,Christian,Salem,Melbourne,HBFR,1.0,330.0,7.0,16.0,4.0,0.0,9.0,0.0,75.0,15.0
2026,3,2026-03-29,Harry,Sharp,Melbourne,WL,3.0,273.0,1.0,19.0,4.0,0.0,2.0,3.0,61.5,8.0
2026,3,2026-03-29,Tom,Sparrow,Melbourne,INT,6.0,427.0,1.0,23.0,8.0,4.0,10.0,0.0,62.1,18.0
2026,3,2026-03-29,Jack,Steele,Melbourne,R,4.0,386.0,3.0,32.0,6.0,3.0,8.0,2.0,65.2,15.0
2026,3,2026-03-29,Koltyn,Tholstrup,Melbourne,INT,3.0,95.0,4.0,12.0,0.0,0.0,1.0,0.0,93.3,14.0
2026,3,2026-03-29,Jacob,van Rooyen,Melbourne,CHF,4.0,197.0,0.0,12.0,2.0,0.0,0.0,0.0,80.0,4.0
2026,3,2026-03-29,Caleb,Windsor,Melbourne,RR,4.0,447.0,2.0,15.0,3.0,0.0,2.0,0.0,50.0,12.0
2026,4,2026-04-02,Oscar,Allen,Brisbane Lions,CHF,6.0,187.0,1.0,7.0,2.0,0.0,1.0,0.0,66.7,6.0
2026,4,2026-04-02,Levi,Ashcroft,Brisbane Lions,INT,5.0,226.0,2.0,11.0,4.0,0.0,5.0,0.0,76.0,19.0
2026,4,2026-04-02,Will,Ashcroft,Brisbane Lions,C,11.0,475.0,3.0,16.0,5.0,3.0,10.0,0.0,61.1,22.0
2026,4,2026-04-02,Zac,Bailey,Brisbane Lions,HFFR,11.0,493.0,1.0,13.0,5.0,1.0,3.0,2.0,72.0,18.0
2026,4,2026-04-02,Jarrod,Berry,Brisbane Lions,WR,6.0,311.0,3.0,11.0,2.0,1.0,6.0,0.0,75.0,15.0
2026,4,2026-04-02,Charlie,Cameron,Brisbane Lions,HFFL,2.0,132.0,2.0,16.0,1.0,0.0,4.0,0.0,72.7,8.0
2026,4,2026-04-02,Keidean,Coleman,Brisbane Lions,INT,6.0,279.0,9.0,15.0,0.0,0.0,4.0,0.0,81.8,18.0
2026,4,2026-04-02,Sam,Draper,Brisbane Lions,RK,4.0,346.0,4.0,2.0,3.0,2.0,4.0,0.0,66.7,12.0
2026,4,2026-04-02,Josh,Dunkley,Brisbane Lions,RR,5.0,131.0,5.0,15.0,1.0,2.0,5.0,1.0,82.6,19.0
2026,4,2026-04-02,Jaspa,Fletcher,Brisbane Lions,CHB,3.0,395.0,8.0,10.0,4.0,0.0,7.0,0.0,85.2,23.0
2026,4,2026-04-02,Darcy,Fort,Brisbane Lions,INT,6.0,118.0,3.0,7.0,1.0,3.0,6.0,0.0,84.6,11.0
2026,4,2026-04-02,Ty,Gallop,Brisbane Lions,BPL,1.0,215.0,2.0,1.0,1.0,0.0,1.0,0.0,77.8,7.0
2026,4,2026-04-02,Darragh,Joyce,Brisbane Lions,FB,1.0,156.0,2.0,2.0,1.0,0.0,0.0,0.0,100.0,10.0
2026,4,2026-04-02,Ryan,Lester,Brisbane Lions,BPR,5.0,412.0,9.0,13.0,4.0,0.0,4.0,0.0,84.2,16.0
2026,4,2026-04-02,Kai,Lohmann,Brisbane Lions,FPR,6.0,198.0,1.0,12.0,4.0,0.0,3.0,1.0,92.3,12.0
2026,4,2026-04-02,Lincoln,McCarthy,Brisbane Lions,INT,5.0,221.0,1.0,4.0,1.0,0.0,3.0,0.0,70.0,7.0
2026,4,2026-04-02,Logan,Morris,Brisbane Lions,FPL,10.0,181.0,1.0,6.0,4.0,1.0,6.0,0.0,55.0,11.0
2026,4,2026-04-02,Lachie,Neale,Brisbane Lions,R,8.0,346.0,1.0,18.0,2.0,4.0,5.0,0.0,79.3,23.0
2026,4,2026-04-02,Cam,Rayner,Brisbane Lions,FF,9.0,307.0,0.0,7.0,3.0,1.0,4.0,1.0,70.6,12.0
2026,4,2026-04-02,Bruce,Reville,Brisbane Lions,WL,5.0,399.0,2.0,10.0,2.0,0.0,2.0,1.0,80.0,12.0
2026,4,2026-04-02,James,Tunstill,Brisbane Lions,INT,2.0,90.0,0.0,14.0,0.0,0.0,0.0,0.0,40.0,2.0
2026,4,2026-04-02,Darcy,Wilmot,Brisbane Lions,HBFL,3.0,177.0,5.0,9.0,1.0,0.0,4.0,0.0,81.0,17.0
2026,4,2026-04-02,Dayne,Zorko,Brisbane Lions,HBFR,7.0,631.0,1.0,6.0,3.0,1.0,2.0,0.0,85.7,24.0
2026,4,2026-04-02,Edward,Allan,Collingwood,INT,2.0,187.0,2.0,24.0,3.0,1.0,3.0,1.0,78.6,11.0
2026,4,2026-04-02,Darcy,Cameron,Collingwood,RK,2.0,71.0,1.0,9.0,3.0,0.0,0.0,1.0,66.7,6.0
2026,4,2026-04-02,Jack,Crisp,Collingwood,WR,4.0,320.0,4.0,14.0,6.0,0.0,2.0,0.0,60.0,9.0
2026,4,2026-04-02,Josh,Daicos,Collingwood,CHB,5.0,722.0,3.0,13.0,5.0,1.0,3.0,0.0,76.0,19.0
2026,4,2026-04-02,Jordan,De Goey,Collingwood,C,3.0,258.0,0.0,16.0,3.0,1.0,1.0,0.0,60.0,9.0
2026,4,2026-04-02,Jamie,Elliott,Collingwood,FPL,5.0,75.0,0.0,8.0,1.0,0.0,1.0,1.0,90.0,9.0
2026,4,2026-04-02,Billy,Frampton,Collingwood,BPL,2.0,123.0,7.0,12.0,1.0,0.0,1.0,0.0,100.0,6.0
2026,4,2026-04-02,William,Hayes,Collingwood,INT,2.0,40.0,1.0,11.0,1.0,0.0,1.0,0.0,100.0,5.0
2026,4,2026-04-02,Dan,Houston,Collingwood,HBFR,6.0,596.0,7.0,8.0,8.0,1.0,8.0,0.0,81.3,26.0
2026,4,2026-04-02,Jeremy,Howe,Collingwood,FB,1.0,317.0,4.0,3.0,2.0,0.0,1.0,0.0,76.9,10.0
2026,4,2026-04-02,Patrick,Lipinski,Collingwood,INT,3.0,111.0,1.0,18.0,2.0,1.0,1.0,0.0,75.0,9.0
2026,4,2026-04-02,Ned,Long,Collingwood,R,5.0,252.0,2.0,23.0,3.0,1.0,5.0,0.0,68.2,15.0
2026,4,2026-04-02,Brayden,Maynard,Collingwood,BPR,2.0,488.0,6.0,6.0,5.0,0.0,6.0,0.0,79.2,19.0
2026,4,2026-04-02,Beau,McCreery,Collingwood,HFFL,3.0,199.0,2.0,27.0,0.0,1.0,4.0,1.0,91.7,11.0
2026,4,2026-04-02,Daniel,McStay,Collingwood,FPR,5.0,147.0,0.0,5.0,3.0,0.0,0.0,1.0,62.5,5.0
2026,4,2026-04-02,Tim,Membrey,Collingwood,FF,2.0,110.0,1.0,2.0,2.0,0.0,2.0,0.0,77.8,7.0
2026,4,2026-04-02,Harry,Perryman,Collingwood,INT,0.0,258.0,4.0,10.0,4.0,0.0,4.0,0.0,58.3,7.0
2026,4,2026-04-02,Isaac,Quaynor,Collingwood,HBFL,2.0,272.0,1.0,14.0,3.0,0.0,0.0,0.0,83.3,10.0
2026,4,2026-04-02,Lachie,Schultz,Collingwood,HFFR,2.0,245.0,1.0,26.0,4.0,0.0,5.0,0.0,80.0,8.0
2026,4,2026-04-02,Steele,Sidebottom,Collingwood,RR,2.0,171.0,1.0,11.0,3.0,2.0,4.0,0.0,72.7,8.0
2026,4,2026-04-02,Roan,Steele,Collingwood,WL,3.0,138.0,0.0,7.0,1.0,0.0,2.0,0.0,92.3,12.0
2026,4,2026-04-02,Oscar,Steene,Collingwood,INT,2.0,74.0,4.0,3.0,1.0,3.0,3.0,0.0,90.0,9.0
2026,4,2026-04-02,Lachlan,Sullivan,Collingwood,CHF,5.0,159.0,2.0,14.0,2.0,0.0,2.0,0.0,45.5,5.0
2026,4,2026-04-03,Zac,Banch,North Melbourne,FPR,4.0,190.0,0.0,7.0,2.0,0.0,2.0,1.0,70.0,7.0
2026,4,2026-04-03,Tom,Blamires,North Melbourne,INT,6.0,388.0,2.0,8.0,3.0,0.0,4.0,0.0,73.3,11.0
2026,4,2026-04-03,Callum,Coleman-Jones,North Melbourne,RK,3.0,99.0,1.0,4.0,2.0,4.0,5.0,0.0,60.0,6.0
2026,4,2026-04-03,Charlie,Comben,North Melbourne,BPR,1.0,96.0,3.0,6.0,2.0,0.0,2.0,0.0,77.8,7.0
2026,4,2026-04-03,Aidan,Corr,North Melbourne,HFFL,3.0,128.0,1.0,9.0,2.0,0.0,0.0,0.0,62.5,5.0
2026,4,2026-04-03,Paul,Curtis,North Melbourne,WL,5.0,240.0,2.0,16.0,0.0,0.0,0.0,1.0,60.0,6.0
2026,4,2026-04-03,Caleb,Daniel,North Melbourne,CHB,6.0,498.0,6.0,7.0,4.0,0.0,5.0,0.0,88.9,24.0
2026,4,2026-04-03,Jack,Darling,North Melbourne,INT,4.0,139.0,0.0,10.0,1.0,0.0,7.0,3.0,60.0,6.0
2026,4,2026-04-03,Luke,Davies-Uniacke,North Melbourne,RR,7.0,205.0,7.0,22.0,2.0,6.0,9.0,1.0,86.4,19.0
2026,4,2026-04-03,Zane,Duursma,North Melbourne,INT,5.0,174.0,2.0,4.0,2.0,0.0,3.0,1.0,55.6,5.0
2026,4,2026-04-03,Nick,Larkey,North Melbourne,HBFR,9.0,146.0,0.0,6.0,0.0,0.0,4.0,0.0,90.9,10.0
2026,4,2026-04-03,Luke,McDonald,North Melbourne,INT,5.0,291.0,1.0,5.0,2.0,0.0,0.0,0.0,83.3,15.0
2026,4,2026-04-03,Colby,McKercher,North Melbourne,HFFR,3.0,197.0,8.0,11.0,3.0,0.0,5.0,0.0,83.3,20.0
2026,4,2026-04-03,Finn,O'Sullivan,North Melbourne,HBFL,6.0,534.0,1.0,14.0,5.0,1.0,4.0,0.0,76.2,16.0
2026,4,2026-04-03,Luke,Parker,North Melbourne,FF,6.0,300.0,4.0,13.0,3.0,1.0,4.0,0.0,80.0,16.0
2026,4,2026-04-03,Toby,Pink,North Melbourne,FB,0.0,59.0,4.0,5.0,2.0,0.0,1.0,0.0,71.4,5.0
2026,4,2026-04-03,Tom,Powell,North Melbourne,C,8.0,127.0,1.0,8.0,5.0,0.0,4.0,1.0,50.0,9.0
2026,4,2026-04-03,Harry,Sheezel,North Melbourne,R,7.0,347.0,2.0,17.0,2.0,2.0,6.0,1.0,83.3,20.0
2026,4,2026-04-03,Jy,Simpkin,North Melbourne,BPL,9.0,266.0,3.0,11.0,1.0,0.0,6.0,0.0,76.5,13.0
2026,4,2026-04-03,Dylan,Stephens,North Melbourne,WR,2.0,665.0,6.0,11.0,6.0,0.0,4.0,0.0,80.8,21.0
2026,4,2026-04-03,Cooper,Trembath,North Melbourne,CHF,5.0,174.0,0.0,10.0,0.0,0.0,1.0,1.0,100.0,11.0
2026,4,2026-04-03,George,Wardlaw,North Melbourne,INT,3.0,113.0,1.0,28.0,1.0,1.0,7.0,3.0,68.8,11.0
2026,4,2026-04-03,Cameron,Zurhaar,North Melbourne,FPL,4.0,169.0,0.0,6.0,3.0,0.0,2.0,0.0,44.4,4.0
2026,4,2026-04-03,Ben,Ainsworth,Carlton,HFFR,4.0,158.0,0.0,15.0,5.0,0.0,2.0,1.0,66.7,14.0
2026,4,2026-04-03,Jordan,Boyd,Carlton,HBFR,4.0,385.0,2.0,16.0,2.0,0.0,1.0,0.0,93.8,15.0
2026,4,2026-04-03,Talor,Byrne,Carlton,INT,1.0,-5.0,0.0,21.0,1.0,0.0,1.0,3.0,100.0,5.0
2026,4,2026-04-03,Matthew,Carroll,Carlton,WR,1.0,398.0,2.0,8.0,2.0,0.0,5.0,0.0,80.0,12.0
2026,4,2026-04-03,Adam,Cerra,Carlton,INT,5.0,403.0,1.0,16.0,5.0,3.0,5.0,1.0,52.6,10.0
2026,4,2026-04-03,Lachlan,Cowan,Carlton,BPL,2.0,171.0,5.0,10.0,4.0,0.0,2.0,0.0,69.2,9.0
2026,4,2026-04-03,Patrick,Cripps,Carlton,C,7.0,326.0,2.0,15.0,3.0,4.0,6.0,1.0,71.4,15.0
2026,4,2026-04-03,Wade,Derksen,Carlton,FPL,3.0,194.0,5.0,4.0,2.0,0.0,3.0,0.0,72.7,8.0
2026,4,2026-04-03,Francis,Evans,Carlton,HFFL,3.0,287.0,1.0,12.0,4.0,0.0,3.0,2.0,58.8,10.0
2026,4,2026-04-03,Oliver,Florent,Carlton,HBFL,4.0,263.0,5.0,8.0,6.0,0.0,2.0,0.0,80.0,16.0
2026,4,2026-04-03,Will,Hayward,Carlton,INT,0.0,84.0,0.0,14.0,2.0,0.0,1.0,2.0,50.0,3.0
2026,4,2026-04-03,George,Hewett,Carlton,RR,3.0,137.0,3.0,21.0,0.0,0.0,7.0,2.0,90.9,20.0
2026,4,2026-04-03,Elijah,Hollands,Carlton,INT,5.0,301.0,3.0,6.0,3.0,0.0,2.0,0.0,77.8,14.0
2026,4,2026-04-03,Oliver,Hollands,Carlton,WL,2.0,401.0,5.0,14.0,3.0,0.0,4.0,0.0,85.7,18.0
2026,4,2026-04-03,Brodie,Kemp,Carlton,FF,6.0,151.0,0.0,8.0,0.0,0.0,1.0,2.0,63.6,7.0
2026,4,2026-04-03,Mitch,McGovern,Carlton,CHB,4.0,139.0,2.0,11.0,2.0,0.0,1.0,2.0,62.5,5.0
2026,4,2026-04-03,Harry,McKay,Carlton,CHF,4.0,281.0,2.0,7.0,1.0,0.0,3.0,1.0,58.3,7.0
2026,4,2026-04-03,Nic,Newman,Carlton,BPR,2.0,426.0,1.0,14.0,0.0,0.0,0.0,0.0,89.5,17.0
2026,4,2026-04-03,Marc,Pittonet,Carlton,RK,7.0,100.0,2.0,3.0,2.0,1.0,2.0,0.0,45.5,5.0
2026,4,2026-04-03,Jagga,Smith,Carlton,FPR,4.0,139.0,2.0,14.0,3.0,0.0,3.0,0.0,76.5,13.0
2026,4,2026-04-03,Sam,Walsh,Carlton,R,7.0,290.0,3.0,16.0,3.0,3.0,7.0,0.0,73.7,14.0
2026,4,2026-04-03,Jacob,Weitering,Carlton,FB,2.0,64.0,6.0,0.0,1.0,0.0,2.0,0.0,90.0,9.0
2026,4,2026-04-03,Lewis,Young,Carlton,INT,1.0,45.0,1.0,7.0,1.0,0.0,1.0,0.0,85.7,6.0
2026,4,2026-04-03,Josh,Worrell,Adelaide Crows,CHB,2.0,577.0,11.0,8.0,2.0,0.0,4.0,0.0,100.0,23.0
2026,4,2026-04-03,Sam,Berry,Adelaide Crows,RR,3.0,220.0,2.0,19.0,3.0,0.0,9.0,0.0,71.4,15.0
2026,4,2026-04-03,Hugh,Bond,Adelaide Crows,HBFL,2.0,136.0,2.0,16.0,2.0,1.0,2.0,0.0,71.4,5.0
2026,4,2026-04-03,James,Borlase,Adelaide Crows,BPL,2.0,34.0,2.0,5.0,1.0,0.0,0.0,0.0,50.0,2.0
2026,4,2026-04-03,Brayden,Cook,Adelaide Crows,WR,3.0,332.0,3.0,12.0,2.0,0.0,3.0,0.0,70.0,7.0
2026,4,2026-04-03,Jordan,Dawson,Adelaide Crows,C,2.0,283.0,7.0,22.0,4.0,0.0,6.0,0.0,65.2,15.0
2026,4,2026-04-03,Chayce,Jones,Adelaide Crows,INT,0.0,90.0,3.0,6.0,1.0,0.0,1.0,0.0,75.0,3.0
2026,4,2026-04-03,Ben,Keays,Adelaide Crows,HFFL,2.0,188.0,0.0,12.0,3.0,1.0,6.0,3.0,66.7,10.0
2026,4,2026-04-03,Finnbar,Maley,Adelaide Crows,FPR,3.0,84.0,1.0,7.0,2.0,0.0,1.0,2.0,66.7,6.0
2026,4,2026-04-03,Lachlan,McAndrew,Adelaide Crows,RK,4.0,78.0,3.0,21.0,2.0,2.0,2.0,2.0,87.5,7.0
2026,4,2026-04-03,Max,Michalanney,Adelaide Crows,BPR,1.0,256.0,5.0,8.0,1.0,0.0,4.0,0.0,75.0,9.0
2026,4,2026-04-03,Wayne,Milera,Adelaide Crows,HBFR,4.0,547.0,8.0,10.0,3.0,0.0,3.0,0.0,92.6,25.0
2026,4,2026-04-03,Nick,Murray,Adelaide Crows,FB,0.0,303.0,3.0,6.0,3.0,0.0,1.0,0.0,88.9,8.0
2026,4,2026-04-03,Alex,Neal-Bullen,Adelaide Crows,FPL,4.0,324.0,4.0,19.0,6.0,0.0,8.0,0.0,52.6,10.0
2026,4,2026-04-03,Reilly,O'Brien,Adelaide Crows,INT,0.0,36.0,0.0,3.0,2.0,0.0,1.0,0.0,66.7,2.0
2026,4,2026-04-03,James,Peatling,Adelaide Crows,INT,3.0,526.0,0.0,17.0,7.0,1.0,11.0,0.0,57.7,15.0
2026,4,2026-04-03,Luke,Pedlar,Adelaide Crows,INT,0.0,128.0,2.0,14.0,6.0,0.0,3.0,2.0,25.0,2.0
2026,4,2026-04-03,Josh,Rachele,Adelaide Crows,R,4.0,494.0,4.0,20.0,4.0,1.0,8.0,0.0,68.4,13.0
2026,4,2026-04-03,Izak,Rankine,Adelaide Crows,WL,6.0,415.0,2.0,22.0,3.0,0.0,5.0,2.0,50.0,7.0
2026,4,2026-04-03,Jake,Soligo,Adelaide Crows,INT,5.0,142.0,2.0,10.0,2.0,0.0,3.0,1.0,75.0,9.0
2026,4,2026-04-03,Zac,Taylor,Adelaide Crows,HFFR,3.0,212.0,1.0,16.0,2.0,0.0,2.0,0.0,100.0,9.0
2026,4,2026-04-03,Riley,Thilthorpe,Adelaide Crows,FF,8.0,282.0,3.0,15.0,2.0,3.0,6.0,2.0,73.3,11.0
2026,4,2026-04-03,Taylor,Walker,Adelaide Crows,CHF,3.0,193.0,0.0,8.0,3.0,0.0,3.0,3.0,55.6,5.0
2026,4,2026-04-03,Jye,Amiss,Fremantle,FPL,8.0,110.0,1.0,4.0,1.0,0.0,4.0,0.0,90.0,9.0
2026,4,2026-04-03,Shai,Bolton,Fremantle,RR,8.0,510.0,2.0,10.0,4.0,0.0,4.0,0.0,66.7,14.0
2026,4,2026-04-03,Andrew,Brayshaw,Fremantle,C,7.0,397.0,3.0,19.0,4.0,2.0,3.0,1.0,76.0,19.0
2026,4,2026-04-03,Heath,Chapman,Fremantle,BPR,2.0,203.0,6.0,5.0,1.0,0.0,5.0,0.0,75.0,12.0
2026,4,2026-04-03,Jordan,Clark,Fremantle,HBFL,3.0,470.0,6.0,10.0,6.0,0.0,3.0,0.0,77.8,14.0
2026,4,2026-04-03,Brennan,Cox,Fremantle,BPL,1.0,199.0,6.0,7.0,3.0,0.0,1.0,0.0,81.8,9.0
2026,4,2026-04-03,Sean,Darcy,Fremantle,INT,4.0,173.0,2.0,7.0,1.0,1.0,3.0,0.0,71.4,5.0
2026,4,2026-04-03,Isaiah,Dudley,Fremantle,HFFL,7.0,165.0,1.0,9.0,2.0,0.0,3.0,1.0,83.3,10.0
2026,4,2026-04-03,Neil,Erasmus,Fremantle,INT,3.0,203.0,2.0,14.0,1.0,0.0,7.0,0.0,70.0,14.0
2026,4,2026-04-03,Luke,Jackson,Fremantle,RK,6.0,200.0,1.0,21.0,3.0,2.0,6.0,1.0,65.0,13.0
2026,4,2026-04-03,Matthew,Johnson,Fremantle,INT,4.0,403.0,2.0,12.0,4.0,1.0,4.0,0.0,65.0,13.0
2026,4,2026-04-03,Judd,McVee,Fremantle,INT,2.0,231.0,7.0,4.0,3.0,0.0,7.0,0.0,78.3,18.0
2026,4,2026-04-03,Jaeger,O'Meara,Fremantle,WL,3.0,136.0,1.0,11.0,1.0,0.0,2.0,0.0,81.8,9.0
2026,4,2026-04-03,Alex,Pearce,Fremantle,FB,1.0,174.0,7.0,9.0,3.0,0.0,3.0,0.0,88.9,8.0
2026,4,2026-04-03,Murphy,Reid,Fremantle,CHF,7.0,315.0,3.0,9.0,5.0,1.0,9.0,1.0,80.8,21.0
2026,4,2026-04-03,Luke,Ryan,Fremantle,CHB,2.0,311.0,2.0,6.0,1.0,0.0,0.0,0.0,100.0,10.0
2026,4,2026-04-03,Christopher,Scerri,Fremantle,INT,4.0,19.0,1.0,9.0,1.0,0.0,4.0,0.0,83.3,5.0
2026,4,2026-04-03,Caleb,Serong,Fremantle,R,6.0,630.0,3.0,22.0,7.0,4.0,11.0,1.0,59.4,19.0
2026,4,2026-04-03,Sam,Switkowski,Fremantle,HFFR,4.0,196.0,3.0,13.0,1.0,0.0,4.0,1.0,92.3,12.0
2026,4,2026-04-03,Josh,Treacy,Fremantle,FF,8.0,300.0,1.0,14.0,3.0,0.0,5.0,3.0,69.2,9.0
2026,4,2026-04-03,Patrick,Voss,Fremantle,FPR,8.0,222.0,1.0,14.0,4.0,0.0,4.0,0.0,69.2,9.0
2026,4,2026-04-03,Corey,Wagner,Fremantle,WR,2.0,283.0,3.0,8.0,6.0,0.0,7.0,0.0,77.8,14.0
2026,4,2026-04-03,Karl,Worner,Fremantle,HBFR,1.0,196.0,3.0,12.0,3.0,0.0,1.0,0.0,70.0,7.0
2026,4,2026-04-04,Sam,Banks,Richmond,WR,2.0,454.0,3.0,12.0,8.0,0.0,2.0,0.0,65.0,13.0
2026,4,2026-04-04,Nathan,Broad,Richmond,INT,1.0,15.0,4.0,2.0,0.0,0.0,1.0,0.0,88.9,8.0
2026,4,2026-04-04,Tom,Brown,Richmond,INT,1.0,320.0,3.0,8.0,4.0,0.0,2.0,0.0,80.0,8.0
2026,4,2026-04-04,Seth,Campbell,Richmond,HFFL,2.0,178.0,0.0,20.0,2.0,0.0,1.0,1.0,70.0,7.0
2026,4,2026-04-04,Jonty,Faull,Richmond,FPR,3.0,113.0,1.0,11.0,1.0,0.0,2.0,1.0,66.7,4.0
2026,4,2026-04-04,Liam,Fawcett,Richmond,INT,2.0,151.0,0.0,6.0,6.0,0.0,2.0,3.0,37.5,3.0
2026,4,2026-04-04,Campbell,Gray,Richmond,BPL,2.0,203.0,7.0,10.0,4.0,0.0,2.0,0.0,71.4,10.0
2026,4,2026-04-04,Steely,Green,Richmond,HFFR,8.0,245.0,1.0,21.0,3.0,0.0,4.0,5.0,57.1,8.0
2026,4,2026-04-04,Sam,Grlj,Richmond,HBFL,2.0,471.0,4.0,12.0,5.0,1.0,3.0,1.0,78.9,15.0
2026,4,2026-04-04,Jacob,Hopper,Richmond,INT,8.0,207.0,2.0,7.0,6.0,3.0,7.0,0.0,81.8,18.0
2026,4,2026-04-04,Sam,Lalor,Richmond,FF,5.0,119.0,2.0,9.0,1.0,0.0,4.0,0.0,100.0,12.0
2026,4,2026-04-04,Mykelti,Lefau,Richmond,FPL,2.0,128.0,2.0,12.0,2.0,0.0,1.0,1.0,75.0,3.0
2026,4,2026-04-04,Kane,McAuliffe,Richmond,WL,2.0,336.0,8.0,10.0,3.0,0.0,5.0,0.0,56.3,9.0
2026,4,2026-04-04,Ben,Miller,Richmond,FB,3.0,343.0,7.0,5.0,1.0,0.0,3.0,0.0,84.2,16.0
2026,4,2026-04-04,Dion,Prestia,Richmond,C,5.0,389.0,2.0,20.0,9.0,0.0,4.0,1.0,62.5,15.0
2026,4,2026-04-04,Maurice,Rioli,Richmond,INT,5.0,69.0,2.0,19.0,0.0,0.0,3.0,1.0,90.0,9.0
2026,4,2026-04-04,Jack,Ross,Richmond,R,4.0,213.0,4.0,14.0,1.0,1.0,3.0,1.0,60.0,9.0
2026,4,2026-04-04,Samson,Ryan,Richmond,RK,3.0,48.0,1.0,3.0,2.0,2.0,2.0,0.0,55.6,5.0
2026,4,2026-04-04,Jayden,Short,Richmond,CHB,2.0,603.0,7.0,10.0,8.0,1.0,4.0,0.0,59.1,13.0
2026,4,2026-04-04,Tyler,Sonsie,Richmond,CHF,4.0,436.0,4.0,17.0,4.0,0.0,3.0,0.0,80.0,16.0
2026,4,2026-04-04,Tim,Taranto,Richmond,RR,3.0,139.0,1.0,17.0,3.0,3.0,5.0,2.0,85.0,17.0
2026,4,2026-04-04,Luke,Trainor,Richmond,BPR,2.0,346.0,4.0,10.0,6.0,0.0,2.0,0.0,85.7,12.0
2026,4,2026-04-04,Nick,Vlastuin,Richmond,HBFR,1.0,107.0,3.0,10.0,0.0,0.0,3.0,0.0,90.9,10.0
2026,4,2026-04-04,Aliir,Aliir,Port Adelaide,CHB,4.0,267.0,18.0,3.0,7.0,0.0,8.0,0.0,65.2,15.0
2026,4,2026-04-04,Miles,Bergman,Port Adelaide,BPR,2.0,256.0,3.0,9.0,2.0,0.0,2.0,0.0,92.3,12.0
2026,4,2026-04-04,Joe,Berry,Port Adelaide,INT,2.0,164.0,2.0,18.0,4.0,1.0,2.0,2.0,50.0,6.0
2026,4,2026-04-04,Jase,Burgoyne,Port Adelaide,WL,2.0,307.0,6.0,6.0,3.0,0.0,6.0,0.0,73.9,17.0
2026,4,2026-04-04,Zak,Butters,Port Adelaide,RR,8.0,493.0,3.0,11.0,2.0,4.0,7.0,0.0,86.7,26.0
2026,4,2026-04-04,Darcy,Byrne-Jones,Port Adelaide,BPL,6.0,328.0,7.0,8.0,4.0,0.0,5.0,0.0,69.2,18.0
2026,4,2026-04-04,Willem,Drew,Port Adelaide,R,3.0,117.0,0.0,24.0,2.0,2.0,2.0,1.0,72.7,8.0
2026,4,2026-04-04,Corey,Durdin,Port Adelaide,FPL,5.0,138.0,0.0,9.0,1.0,0.0,2.0,1.0,57.1,4.0
2026,4,2026-04-04,Logan,Evans,Port Adelaide,HBFL,2.0,253.0,4.0,2.0,3.0,0.0,1.0,0.0,69.2,9.0
2026,4,2026-04-04,Kane,Farrell,Port Adelaide,HBFR,9.0,808.0,10.0,9.0,7.0,0.0,5.0,0.0,70.8,17.0
2026,4,2026-04-04,Mitch,Georgiades,Port Adelaide,CHF,4.0,196.0,0.0,8.0,2.0,0.0,1.0,0.0,83.3,10.0
2026,4,2026-04-04,Jason,Horne-Francis,Port Adelaide,C,3.0,460.0,2.0,7.0,5.0,2.0,3.0,0.0,50.0,9.0
2026,4,2026-04-04,Lachie,Jones,Port Adelaide,FB,2.0,342.0,6.0,8.0,7.0,0.0,4.0,0.0,61.5,8.0
2026,4,2026-04-04,Josh,Lai,Port Adelaide,INT,1.0,313.0,1.0,3.0,6.0,0.0,2.0,0.0,71.4,10.0
2026,4,2026-04-04,Jack,Lukosius,Port Adelaide,HFFR,6.0,408.0,2.0,2.0,4.0,0.0,3.0,1.0,61.5,8.0
2026,4,2026-04-04,Ewan,Mackinlay,Port Adelaide,WR,3.0,209.0,1.0,13.0,4.0,0.0,0.0,0.0,66.7,6.0
2026,4,2026-04-04,Joe,Richards,Port Adelaide,FPR,7.0,185.0,0.0,13.0,0.0,1.0,1.0,1.0,94.4,17.0
2026,4,2026-04-04,Jordon,Sweet,Port Adelaide,RK,6.0,253.0,4.0,10.0,3.0,0.0,1.0,1.0,60.0,9.0
2026,4,2026-04-04,Jack,Watkins,Port Adelaide,INT,1.0,107.0,1.0,9.0,3.0,0.0,1.0,0.0,37.5,3.0
2026,4,2026-04-04,Jacob,Wehr,Port Adelaide,INT,4.0,342.0,4.0,9.0,1.0,0.0,3.0,0.0,84.6,11.0
2026,4,2026-04-04,Jack,Whitlock,Port Adelaide,FF,4.0,180.0,2.0,8.0,1.0,1.0,3.0,0.0,72.7,8.0
2026,4,2026-04-04,Ollie,Wines,Port Adelaide,INT,2.0,37.0,2.0,11.0,0.0,0.0,3.0,0.0,100.0,11.0
2026,4,2026-04-04,Mitch,Zadow,Port Adelaide,HFFL,0.0,9.0,1.0,15.0,1.0,0.0,1.0,1.0,100.0,3.0
2026,4,2026-04-04,Bo,Allan,West Coast Eagles,WL,3.0,279.0,3.0,8.0,3.0,1.0,4.0,0.0,78.6,11.0
2026,4,2026-04-04,Liam,Baker,West Coast Eagles,HBFR,2.0,262.0,2.0,12.0,4.0,0.0,1.0,0.0,78.6,11.0
2026,4,2026-04-04,Sandy,Brock,West Coast Eagles,INT,2.0,197.0,3.0,11.0,2.0,0.0,0.0,0.0,87.5,7.0
2026,4,2026-04-04,Malakai,Champion,West Coast Eagles,INT,2.0,144.0,1.0,12.0,2.0,0.0,2.0,1.0,80.0,4.0
2026,4,2026-04-04,Jamie,Cripps,West Coast Eagles,FPR,2.0,21.0,2.0,16.0,2.0,0.0,3.0,0.0,77.8,7.0
2026,4,2026-04-04,Hamish,Davis,West Coast Eagles,INT,3.0,239.0,3.0,18.0,2.0,0.0,2.0,0.0,69.2,9.0
2026,4,2026-04-04,Cooper,Duff-Tytler,West Coast Eagles,FPL,3.0,73.0,1.0,17.0,0.0,1.0,2.0,1.0,88.9,8.0
2026,4,2026-04-04,Liam,Duggan,West Coast Eagles,BPL,2.0,324.0,4.0,8.0,6.0,0.0,2.0,0.0,89.5,17.0
2026,4,2026-04-04,Willem,Duursma,West Coast Eagles,WR,5.0,360.0,1.0,19.0,2.0,2.0,3.0,0.0,75.0,12.0
2026,4,2026-04-04,Matt,Flynn,West Coast Eagles,RK,0.0,105.0,1.0,8.0,5.0,3.0,1.0,0.0,44.4,4.0
2026,4,2026-04-04,Reuben,Ginbey,West Coast Eagles,CHB,1.0,105.0,9.0,1.0,2.0,0.0,4.0,0.0,72.7,8.0
2026,4,2026-04-04,Jack,Graham,West Coast Eagles,C,3.0,294.0,1.0,22.0,6.0,1.0,4.0,0.0,63.2,12.0
2026,4,2026-04-04,Brady,Hough,West Coast Eagles,BPR,2.0,374.0,5.0,12.0,4.0,0.0,2.0,0.0,85.7,18.0
2026,4,2026-04-04,Tim,Kelly,West Coast Eagles,R,3.0,376.0,3.0,24.0,5.0,3.0,7.0,0.0,54.2,13.0
2026,4,2026-04-04,Josh,Lindsay,West Coast Eagles,HBFL,2.0,267.0,2.0,12.0,5.0,0.0,0.0,0.0,76.5,13.0
2026,4,2026-04-04,Tom,McCarthy,West Coast Eagles,INT,4.0,463.0,2.0,12.0,5.0,2.0,5.0,0.0,68.4,13.0
2026,4,2026-04-04,Matthew,Owies,West Coast Eagles,HFFL,2.0,236.0,2.0,15.0,3.0,0.0,0.0,2.0,40.0,2.0
2026,4,2026-04-04,Archer,Reid,West Coast Eagles,INT,3.0,117.0,0.0,8.0,0.0,2.0,2.0,0.0,62.5,5.0
2026,4,2026-04-04,Harley,Reid,West Coast Eagles,RR,2.0,151.0,1.0,11.0,2.0,1.0,4.0,0.0,64.7,11.0
2026,4,2026-04-04,Harry,Schoenberg,West Coast Eagles,HFFR,3.0,34.0,2.0,14.0,1.0,1.0,6.0,0.0,100.0,8.0
2026,4,2026-04-04,Jobe,Shanahan,West Coast Eagles,CHF,2.0,134.0,4.0,7.0,0.0,0.0,1.0,0.0,88.9,8.0
2026,4,2026-04-04,Jake,Waterman,West Coast Eagles,FF,5.0,154.0,0.0,5.0,2.0,0.0,0.0,0.0,57.1,4.0
2026,4,2026-04-04,Tylar,Young,West Coast Eagles,FB,0.0,300.0,2.0,4.0,1.0,0.0,1.0,0.0,75.0,6.0
2026,4,2026-04-04,Joel,Amartey,Sydney Swans,FPL,9.0,146.0,1.0,3.0,0.0,0.0,1.0,0.0,80.0,8.0
2026,4,2026-04-04,Riley,Bice,Sydney Swans,HBFL,10.0,347.0,4.0,8.0,3.0,0.0,3.0,0.0,88.9,24.0
2026,4,2026-04-04,Nick,Blakey,Sydney Swans,CHB,6.0,379.0,2.0,7.0,1.0,0.0,2.0,0.0,80.0,16.0
2026,4,2026-04-04,Harry,Cunningham,Sydney Swans,INT,5.0,253.0,1.0,9.0,2.0,0.0,1.0,0.0,66.7,8.0
2026,4,2026-04-04,Charlie,Curnow,Sydney Swans,FF,9.0,183.0,0.0,7.0,0.0,0.0,1.0,0.0,70.0,7.0
2026,4,2026-04-04,Brodie,Grundy,Sydney Swans,RK,13.0,312.0,6.0,10.0,4.0,3.0,8.0,0.0,53.6,15.0
2026,4,2026-04-04,Isaac,Heeney,Sydney Swans,C,12.0,518.0,2.0,16.0,4.0,1.0,5.0,0.0,69.2,18.0
2026,4,2026-04-04,James,Jordon,Sydney Swans,R,6.0,340.0,3.0,28.0,3.0,0.0,2.0,1.0,88.2,15.0
2026,4,2026-04-04,Jake,Lloyd,Sydney Swans,FPR,11.0,321.0,2.0,15.0,3.0,0.0,3.0,2.0,78.9,15.0
2026,4,2026-04-04,Tom,McCartin,Sydney Swans,FB,3.0,128.0,6.0,2.0,0.0,0.0,3.0,0.0,93.8,15.0
2026,4,2026-04-04,Logan,McDonald,Sydney Swans,INT,5.0,166.0,1.0,4.0,0.0,0.0,1.0,1.0,80.0,8.0
2026,4,2026-04-04,Justin,McInerney,Sydney Swans,HFFR,13.0,407.0,1.0,13.0,2.0,1.0,3.0,0.0,79.2,19.0
2026,4,2026-04-04,Lewis,Melican,Sydney Swans,BPL,1.0,89.0,4.0,5.0,1.0,0.0,3.0,0.0,75.0,6.0
2026,4,2026-04-04,Callum,Mills,Sydney Swans,BPR,6.0,248.0,3.0,3.0,1.0,0.0,1.0,0.0,88.9,16.0
2026,4,2026-04-04,Tom,Papley,Sydney Swans,CHF,14.0,575.0,2.0,10.0,5.0,1.0,2.0,1.0,58.3,14.0
2026,4,2026-04-04,Dane,Rampe,Sydney Swans,INT,4.0,91.0,3.0,4.0,1.0,0.0,0.0,0.0,75.0,9.0
2026,4,2026-04-04,Matt,Roberts,Sydney Swans,WR,5.0,248.0,1.0,4.0,5.0,1.0,3.0,0.0,76.5,13.0
2026,4,2026-04-04,James,Rowbottom,Sydney Swans,INT,9.0,202.0,3.0,14.0,1.0,0.0,2.0,2.0,75.0,15.0
2026,4,2026-04-04,Jai,Serong,Sydney Swans,WL,13.0,476.0,8.0,5.0,2.0,0.0,4.0,0.0,81.5,22.0
2026,4,2026-04-04,Angus,Sheldrick,Sydney Swans,INT,11.0,346.0,5.0,14.0,5.0,1.0,8.0,0.0,76.0,19.0
2026,4,2026-04-04,Chad,Warner,Sydney Swans,RR,13.0,445.0,1.0,9.0,3.0,6.0,3.0,1.0,70.8,17.0
2026,4,2026-04-04,Corey,Warner,Sydney Swans,HFFL,5.0,178.0,2.0,13.0,2.0,0.0,2.0,0.0,75.0,9.0
2026,4,2026-04-04,Sam,Wicks,Sydney Swans,HBFR,5.0,556.0,4.0,6.0,4.0,0.0,5.0,0.0,85.7,18.0
2026,4,2026-04-05,Kade,Chandler,Melbourne,HFFR,6.0,206.0,2.0,23.0,2.0,1.0,9.0,3.0,62.5,10.0
2026,4,2026-04-05,Jai,Culley,Melbourne,R,4.0,268.0,3.0,14.0,2.0,0.0,3.0,1.0,55.6,5.0
2026,4,2026-04-05,Max,Gawn,Melbourne,RK,8.0,285.0,5.0,5.0,2.0,3.0,6.0,0.0,63.6,14.0
2026,4,2026-04-05,Blake,Howes,Melbourne,INT,3.0,120.0,5.0,16.0,0.0,0.0,4.0,0.0,100.0,12.0
2026,4,2026-04-05,Ed,Langdon,Melbourne,RR,4.0,203.0,2.0,11.0,0.0,0.0,3.0,0.0,80.0,12.0
2026,4,2026-04-05,Harvey,Langford,Melbourne,INT,5.0,122.0,0.0,12.0,0.0,0.0,1.0,0.0,80.0,8.0
2026,4,2026-04-05,Bailey,Laurie,Melbourne,INT,0.0,296.0,0.0,7.0,3.0,0.0,2.0,2.0,41.7,5.0
2026,4,2026-04-05,Jake,Lever,Melbourne,FB,4.0,181.0,4.0,4.0,1.0,0.0,0.0,0.0,86.7,13.0
2026,4,2026-04-05,Xavier,Lindsay,Melbourne,HBFL,3.0,367.0,5.0,8.0,3.0,0.0,5.0,0.0,68.8,11.0
2026,4,2026-04-05,Tom,McDonald,Melbourne,CHB,4.0,250.0,5.0,4.0,2.0,0.0,1.0,0.0,81.8,9.0
2026,4,2026-04-05,Jake,Melksham,Melbourne,FPL,7.0,158.0,0.0,5.0,5.0,0.0,2.0,0.0,72.7,8.0
2026,4,2026-04-05,Brody,Mihocek,Melbourne,FF,5.0,186.0,1.0,12.0,2.0,0.0,1.0,2.0,50.0,3.0
2026,4,2026-04-05,Harrison,Petty,Melbourne,INT,2.0,144.0,0.0,7.0,1.0,0.0,1.0,0.0,66.7,4.0
2026,4,2026-04-05,Kysaiah,Pickett,Melbourne,FPR,6.0,633.0,4.0,10.0,3.0,5.0,6.0,1.0,60.0,15.0
2026,4,2026-04-05,Latrelle,Pickett,Melbourne,HFFL,8.0,282.0,3.0,7.0,3.0,0.0,4.0,0.0,61.5,8.0
2026,4,2026-04-05,Christian,Salem,Melbourne,BPR,7.0,244.0,5.0,9.0,3.0,0.0,7.0,0.0,72.7,16.0
2026,4,2026-04-05,Harry,Sharp,Melbourne,HBFR,7.0,388.0,1.0,14.0,3.0,0.0,1.0,2.0,62.5,10.0
2026,4,2026-04-05,Tom,Sparrow,Melbourne,INT,8.0,357.0,2.0,19.0,3.0,3.0,5.0,0.0,71.4,15.0
2026,4,2026-04-05,Jack,Steele,Melbourne,C,7.0,208.0,3.0,17.0,3.0,5.0,10.0,1.0,92.3,24.0
2026,4,2026-04-05,Koltyn,Tholstrup,Melbourne,WL,4.0,300.0,3.0,7.0,6.0,0.0,4.0,0.0,53.3,8.0
2026,4,2026-04-05,Daniel,Turner,Melbourne,BPL,0.0,160.0,5.0,6.0,3.0,0.0,2.0,0.0,72.7,8.0
2026,4,2026-04-05,Jacob,van Rooyen,Melbourne,CHF,5.0,212.0,0.0,7.0,1.0,0.0,4.0,1.0,50.0,7.0
2026,4,2026-04-05,Caleb,Windsor,Melbourne,WR,3.0,292.0,6.0,19.0,8.0,1.0,6.0,0.0,52.9,9.0
2026,4,2026-04-05,Noah,Anderson,Gold Coast SUNS,WR,4.0,516.0,1.0,10.0,4.0,3.0,7.0,0.0,72.7,16.0
2026,4,2026-04-05,Mac,Andrew,Gold Coast SUNS,BPR,3.0,186.0,4.0,9.0,2.0,0.0,3.0,0.0,91.7,11.0
2026,4,2026-04-05,Charlie,Ballard,Gold Coast SUNS,BPL,1.0,14.0,4.0,6.0,0.0,0.0,1.0,0.0,90.0,9.0
2026,4,2026-04-05,Sam,Clohesy,Gold Coast SUNS,RR,5.0,429.0,3.0,7.0,2.0,0.0,4.0,2.0,88.2,15.0
2026,4,2026-04-05,Sam,Collins,Gold Coast SUNS,FB,2.0,169.0,8.0,7.0,1.0,0.0,6.0,0.0,78.6,11.0
2026,4,2026-04-05,Will,Graham,Gold Coast SUNS,HFFR,5.0,184.0,0.0,25.0,2.0,2.0,3.0,0.0,93.3,14.0
2026,4,2026-04-05,Lachlan,Gulbin,Gold Coast SUNS,R,8.0,304.0,2.0,6.0,6.0,0.0,7.0,0.0,72.7,16.0
2026,4,2026-04-05,Joel,Jeffrey,Gold Coast SUNS,INT,6.0,312.0,3.0,4.0,2.0,1.0,5.0,0.0,93.8,15.0
2026,4,2026-04-05,Ben,King,Gold Coast SUNS,FF,5.0,116.0,0.0,1.0,4.0,0.0,4.0,0.0,70.0,7.0
2026,4,2026-04-05,Leonardo,Lombard,Gold Coast SUNS,FPR,4.0,149.0,1.0,16.0,8.0,0.0,7.0,0.0,72.2,13.0
2026,4,2026-04-05,Ben,Long,Gold Coast SUNS,HFFL,4.0,66.0,1.0,8.0,2.0,0.0,2.0,1.0,75.0,6.0
2026,4,2026-04-05,Touk,Miller,Gold Coast SUNS,CHF,4.0,354.0,0.0,13.0,1.0,0.0,3.0,0.0,85.7,18.0
2026,4,2026-04-05,John,Noble,Gold Coast SUNS,HBFL,6.0,594.0,2.0,10.0,5.0,0.0,2.0,0.0,76.9,20.0
2026,4,2026-04-05,Wil,Powell,Gold Coast SUNS,C,4.0,295.0,4.0,14.0,4.0,0.0,5.0,0.0,66.7,10.0
2026,4,2026-04-05,Ethan,Read,Gold Coast SUNS,FPL,6.0,113.0,1.0,12.0,2.0,0.0,1.0,1.0,66.7,6.0
2026,4,2026-04-05,Daniel,Rioli,Gold Coast SUNS,HBFR,5.0,382.0,1.0,14.0,4.0,0.0,1.0,0.0,78.3,18.0
2026,4,2026-04-05,Jake,Rogers,Gold Coast SUNS,INT,2.0,117.0,2.0,15.0,2.0,0.0,3.0,0.0,87.5,7.0
2026,4,2026-04-05,Matt,Rowell,Gold Coast SUNS,INT,4.0,87.0,2.0,19.0,2.0,1.0,5.0,1.0,76.9,10.0
2026,4,2026-04-05,Bodhi,Uwland,Gold Coast SUNS,CHB,2.0,430.0,6.0,11.0,3.0,0.0,7.0,0.0,75.0,18.0
2026,4,2026-04-05,Zeke,Uwland,Gold Coast SUNS,INT,3.0,284.0,5.0,3.0,2.0,0.0,4.0,0.0,87.5,14.0
2026,4,2026-04-05,Jed,Walter,Gold Coast SUNS,INT,4.0,198.0,3.0,5.0,2.0,1.0,1.0,1.0,60.0,6.0
2026,4,2026-04-05,Lachie,Weller,Gold Coast SUNS,WL,4.0,460.0,4.0,8.0,4.0,0.0,2.0,0.0,71.4,10.0
2026,4,2026-04-05,Jarrod,Witts,Gold Coast SUNS,RK,2.0,92.0,2.0,4.0,0.0,1.0,3.0,0.0,75.0,6.0
2026,4,2026-04-05,Oskar,Baker,Western Bulldogs,WL,7.0,334.0,5.0,6.0,2.0,0.0,6.0,1.0,75.0,18.0
2026,4,2026-04-05,Marcus,Bontempelli,Western Bulldogs,C,8.0,354.0,0.0,15.0,2.0,3.0,5.0,1.0,77.1,27.0
2026,4,2026-04-05,Lachlan,Bramble,Western Bulldogs,INT,8.0,419.0,2.0,10.0,2.0,0.0,3.0,0.0,76.5,13.0
2026,4,2026-04-05,Connor,Budarick,Western Bulldogs,HBFL,6.0,379.0,2.0,12.0,3.0,0.0,2.0,0.0,76.2,16.0
2026,4,2026-04-05,Jordan,Croft,Western Bulldogs,R,3.0,88.0,2.0,6.0,2.0,0.0,3.0,0.0,75.0,6.0
2026,4,2026-04-05,Bailey,Dale,Western Bulldogs,HBFR,6.0,312.0,2.0,5.0,0.0,0.0,2.0,0.0,100.0,22.0
2026,4,2026-04-05,Sam,Darcy,Western Bulldogs,CHF,9.0,215.0,1.0,10.0,4.0,0.0,2.0,1.0,53.3,8.0
2026,4,2026-04-05,Sam,Davidson,Western Bulldogs,INT,3.0,204.0,1.0,8.0,2.0,0.0,0.0,0.0,90.9,10.0
2026,4,2026-04-05,Josh,Dolan,Western Bulldogs,HFFR,10.0,214.0,0.0,13.0,3.0,0.0,3.0,1.0,75.0,12.0
2026,4,2026-04-05,Tim,English,Western Bulldogs,RK,4.0,165.0,1.0,7.0,1.0,2.0,0.0,0.0,75.0,6.0
2026,4,2026-04-05,Joel,Freijah,Western Bulldogs,RR,8.0,411.0,4.0,18.0,5.0,2.0,6.0,0.0,84.6,22.0
2026,4,2026-04-05,Lachie,Jaques,Western Bulldogs,BPL,4.0,205.0,3.0,11.0,2.0,0.0,3.0,0.0,64.7,11.0
2026,4,2026-04-05,Arthur,Jones,Western Bulldogs,INT,10.0,217.0,0.0,4.0,0.0,0.0,1.0,1.0,80.0,8.0
2026,4,2026-04-05,Matthew,Kennedy,Western Bulldogs,FPR,8.0,307.0,2.0,9.0,7.0,5.0,16.0,0.0,72.2,26.0
2026,4,2026-04-05,Buku,Khamis,Western Bulldogs,FB,3.0,157.0,6.0,3.0,2.0,0.0,2.0,0.0,100.0,12.0
2026,4,2026-04-05,Rory,Lobb,Western Bulldogs,BPR,4.0,277.0,5.0,2.0,3.0,0.0,1.0,0.0,86.7,13.0
2026,4,2026-04-05,Lachlan,McNeil,Western Bulldogs,INT,2.0,52.0,1.0,4.0,2.0,0.0,5.0,0.0,50.0,4.0
2026,4,2026-04-05,Aaron,Naughton,Western Bulldogs,FF,6.0,213.0,1.0,6.0,2.0,0.0,2.0,0.0,60.0,6.0
2026,4,2026-04-05,James,O'Donnell,Western Bulldogs,CHB,1.0,112.0,3.0,5.0,1.0,0.0,3.0,0.0,90.9,10.0
2026,4,2026-04-05,Ryley,Sanders,Western Bulldogs,FPL,6.0,235.0,4.0,18.0,5.0,2.0,11.0,0.0,82.4,28.0
2026,4,2026-04-05,Michael,Sellwood,Western Bulldogs,INT,2.0,1.0,3.0,4.0,2.0,0.0,2.0,0.0,71.4,5.0
2026,4,2026-04-05,Rhylee,West,Western Bulldogs,HFFL,5.0,184.0,2.0,12.0,3.0,1.0,6.0,1.0,73.7,14.0
2026,4,2026-04-05,Bailey,Williams,Western Bulldogs,WR,7.0,320.0,3.0,8.0,1.0,0.0,4.0,1.0,85.0,17.0
2026,4,2026-04-05,Lachlan,Blakiston,Essendon,RK,2.0,34.0,0.0,11.0,0.0,1.0,1.0,0.0,83.3,5.0
2026,4,2026-04-05,Jye,Caldwell,Essendon,C,4.0,219.0,0.0,23.0,3.0,1.0,8.0,1.0,78.9,15.0
2026,4,2026-04-05,Archer,Day-Wicks,Essendon,WR,3.0,191.0,1.0,18.0,2.0,1.0,2.0,0.0,50.0,5.0
2026,4,2026-04-05,Sam,Durham,Essendon,HFFL,3.0,209.0,3.0,23.0,4.0,0.0,3.0,2.0,66.7,8.0
2026,4,2026-04-05,Xavier,Duursma,Essendon,WL,4.0,204.0,1.0,15.0,3.0,0.0,1.0,0.0,73.3,11.0
2026,4,2026-04-05,Thomas,Edwards,Essendon,FPR,7.0,196.0,1.0,8.0,2.0,0.0,5.0,0.0,40.0,4.0
2026,4,2026-04-05,Saad,El-Hawli,Essendon,INT,4.0,291.0,4.0,12.0,4.0,0.0,1.0,0.0,69.2,9.0
2026,4,2026-04-05,Jacob,Farrow,Essendon,HBFR,5.0,358.0,4.0,10.0,3.0,0.0,2.0,0.0,90.5,19.0
2026,4,2026-04-05,Jade,Gresham,Essendon,INT,5.0,135.0,0.0,12.0,1.0,0.0,2.0,1.0,90.9,10.0
2026,4,2026-04-05,Matt,Guelfi,Essendon,CHF,2.0,105.0,2.0,12.0,0.0,0.0,2.0,0.0,40.0,2.0
2026,4,2026-04-05,Zak,Johnson,Essendon,INT,3.0,189.0,4.0,8.0,3.0,0.0,4.0,0.0,78.3,18.0
2026,4,2026-04-05,Isaac,Kako,Essendon,FPL,2.0,90.0,1.0,15.0,0.0,1.0,2.0,0.0,71.4,5.0
2026,4,2026-04-05,Kyle,Langford,Essendon,HFFR,6.0,160.0,3.0,14.0,2.0,0.0,3.0,1.0,83.3,10.0
2026,4,2026-04-05,Archer,May,Essendon,INT,4.0,166.0,0.0,8.0,0.0,0.0,1.0,0.0,83.3,5.0
2026,4,2026-04-05,Andrew,McGrath,Essendon,BPR,2.0,231.0,8.0,6.0,2.0,0.0,7.0,0.0,78.3,18.0
2026,4,2026-04-05,Ben,McKay,Essendon,FB,1.0,26.0,1.0,8.0,1.0,0.0,1.0,0.0,75.0,3.0
2026,4,2026-04-05,Zach,Merrett,Essendon,R,6.0,336.0,3.0,26.0,3.0,3.0,4.0,0.0,83.3,25.0
2026,4,2026-04-05,Darcy,Parish,Essendon,INT,4.0,201.0,2.0,15.0,3.0,1.0,5.0,0.0,73.7,14.0
2026,4,2026-04-05,Archie,Perkins,Essendon,RR,1.0,144.0,1.0,9.0,1.0,0.0,2.0,2.0,37.5,3.0
2026,4,2026-04-05,Jaxon,Prior,Essendon,BPL,4.0,490.0,5.0,10.0,4.0,0.0,3.0,0.0,77.3,17.0
2026,4,2026-04-05,Zach,Reid,Essendon,CHB,2.0,243.0,6.0,6.0,2.0,0.0,5.0,0.0,89.5,17.0
2026,4,2026-04-05,Archie,Roberts,Essendon,HBFL,6.0,708.0,4.0,12.0,8.0,0.0,4.0,0.0,89.2,33.0
2026,4,2026-04-05,Peter,Wright,Essendon,FF,6.0,72.0,2.0,4.0,2.0,0.0,1.0,1.0,60.0,6.0
2026,4,2026-04-06,Tom,Barrass,Hawthorn,FB,1.0,348.0,10.0,6.0,2.0,0.0,6.0,0.0,82.4,14.0
2026,4,2026-04-06,Josh,Battle,Hawthorn,HBFL,1.0,298.0,8.0,8.0,3.0,0.0,3.0,0.0,73.3,11.0
2026,4,2026-04-06,Sam,Butler,Hawthorn,INT,4.0,416.0,1.0,13.0,6.0,0.0,3.0,0.0,42.1,8.0
2026,4,2026-04-06,Mabior,Chol,Hawthorn,CHF,9.0,241.0,0.0,5.0,1.0,0.0,2.0,0.0,66.7,8.0
2026,4,2026-04-06,Massimo,D'Ambrosio,Hawthorn,WL,3.0,381.0,6.0,12.0,3.0,0.0,5.0,2.0,82.6,19.0
2026,4,2026-04-06,Jack,Dalton,Hawthorn,FF,2.0,168.0,1.0,8.0,1.0,0.0,5.0,1.0,60.0,6.0
2026,4,2026-04-06,Jack,Ginnivan,Hawthorn,HFFL,7.0,360.0,3.0,10.0,4.0,1.0,5.0,0.0,78.9,15.0
2026,4,2026-04-06,Jack,Gunston,Hawthorn,FPR,8.0,281.0,0.0,9.0,3.0,0.0,3.0,1.0,57.1,8.0
2026,4,2026-04-06,Blake,Hardwick,Hawthorn,HBFR,2.0,303.0,2.0,10.0,3.0,0.0,1.0,0.0,86.7,13.0
2026,4,2026-04-06,Jarman,Impey,Hawthorn,BPR,6.0,554.0,7.0,6.0,5.0,1.0,5.0,0.0,65.4,17.0
2026,4,2026-04-06,Mitch,Lewis,Hawthorn,INT,5.0,93.0,0.0,7.0,2.0,0.0,0.0,0.0,81.8,9.0
2026,4,2026-04-06,Connor,Macdonald,Hawthorn,INT,8.0,424.0,4.0,16.0,4.0,1.0,7.0,2.0,69.2,18.0
2026,4,2026-04-06,Lloyd,Meek,Hawthorn,RK,2.0,177.0,2.0,12.0,2.0,1.0,1.0,0.0,66.7,6.0
2026,4,2026-04-06,Dylan,Moore,Hawthorn,FPL,6.0,153.0,3.0,9.0,4.0,0.0,5.0,2.0,61.1,11.0
2026,4,2026-04-06,Conor,Nash,Hawthorn,C,6.0,273.0,3.0,23.0,4.0,2.0,2.0,1.0,82.4,14.0
2026,4,2026-04-06,Jai,Newcombe,Hawthorn,RR,5.0,282.0,1.0,20.0,5.0,2.0,8.0,2.0,68.0,17.0
2026,4,2026-04-06,Flynn,Perez,Hawthorn,WR,1.0,197.0,3.0,14.0,1.0,0.0,3.0,0.0,76.9,10.0
2026,4,2026-04-06,Ned,Reeves,Hawthorn,INT,6.0,124.0,0.0,7.0,0.0,2.0,3.0,0.0,40.0,4.0
2026,4,2026-04-06,Jack,Scrimshaw,Hawthorn,INT,2.0,145.0,2.0,14.0,1.0,0.0,2.0,0.0,84.6,11.0
2026,4,2026-04-06,James,Sicily,Hawthorn,CHB,4.0,264.0,8.0,6.0,2.0,0.0,1.0,0.0,85.0,17.0
2026,4,2026-04-06,Josh,Ward,Hawthorn,R,4.0,326.0,2.0,17.0,2.0,1.0,8.0,0.0,55.2,16.0
2026,4,2026-04-06,Nick,Watson,Hawthorn,HFFR,4.0,145.0,2.0,11.0,1.0,0.0,6.0,1.0,92.3,12.0
2026,4,2026-04-06,Josh,Weddle,Hawthorn,BPL,5.0,297.0,3.0,9.0,1.0,0.0,2.0,0.0,84.6,11.0
2026,4,2026-04-06,Tom,Atkins,Geelong Cats,RR,3.0,32.0,4.0,21.0,0.0,1.0,8.0,1.0,83.3,10.0
2026,4,2026-04-06,Mark,Blicavs,Geelong Cats,WL,3.0,265.0,2.0,11.0,2.0,2.0,5.0,1.0,64.3,9.0
2026,4,2026-04-06,Jack,Bowes,Geelong Cats,INT,6.0,338.0,0.0,13.0,2.0,0.0,2.0,2.0,69.2,9.0
2026,4,2026-04-06,Tanner,Bruhn,Geelong Cats,HBFL,5.0,383.0,3.0,8.0,3.0,0.0,5.0,0.0,84.6,22.0
2026,4,2026-04-06,Jeremy,Cameron,Geelong Cats,CHF,4.0,414.0,0.0,10.0,8.0,0.0,3.0,2.0,25.0,4.0
2026,4,2026-04-06,Brad,Close,Geelong Cats,INT,5.0,103.0,1.0,13.0,1.0,0.0,0.0,0.0,77.8,7.0
2026,4,2026-04-06,Sam,De Koning,Geelong Cats,BPL,0.0,150.0,5.0,12.0,1.0,0.0,3.0,0.0,70.0,7.0
2026,4,2026-04-06,Oliver,Dempsey,Geelong Cats,WR,3.0,272.0,1.0,12.0,1.0,0.0,1.0,1.0,91.7,11.0
2026,4,2026-04-06,Mitchell,Edwards,Geelong Cats,RK,3.0,101.0,0.0,9.0,1.0,3.0,5.0,0.0,70.0,7.0
2026,4,2026-04-06,Zach,Guthrie,Geelong Cats,INT,1.0,196.0,7.0,11.0,3.0,0.0,7.0,0.0,89.5,17.0
2026,4,2026-04-06,Jack,Henry,Geelong Cats,FB,0.0,64.0,1.0,6.0,2.0,0.0,2.0,0.0,57.1,4.0
2026,4,2026-04-06,Oliver,Henry,Geelong Cats,FPL,5.0,129.0,0.0,7.0,2.0,0.0,2.0,0.0,71.4,5.0
2026,4,2026-04-06,Max,Holmes,Geelong Cats,R,6.0,647.0,3.0,24.0,6.0,1.0,4.0,0.0,66.7,18.0
2026,4,2026-04-06,Lawson,Humphries,Geelong Cats,INT,2.0,456.0,5.0,21.0,6.0,2.0,3.0,0.0,60.0,12.0
2026,4,2026-04-06,Shaun,Mannagh,Geelong Cats,HFFL,2.0,153.0,0.0,7.0,2.0,0.0,1.0,0.0,66.7,4.0
2026,4,2026-04-06,Jack,Martin,Geelong Cats,FPR,1.0,197.0,1.0,10.0,4.0,0.0,2.0,3.0,54.5,6.0
2026,4,2026-04-06,Gryan,Miers,Geelong Cats,INT,2.0,358.0,1.0,18.0,4.0,0.0,3.0,0.0,63.6,14.0
2026,4,2026-04-06,Oisin,Mullin,Geelong Cats,HBFR,1.0,226.0,4.0,7.0,3.0,0.0,5.0,0.0,75.0,12.0
2026,4,2026-04-06,Shannon,Neale,Geelong Cats,FF,4.0,193.0,0.0,21.0,5.0,0.0,1.0,4.0,83.3,5.0
2026,4,2026-04-06,Connor,O'Sullivan,Geelong Cats,BPR,3.0,241.0,7.0,17.0,1.0,0.0,1.0,0.0,84.6,11.0
2026,4,2026-04-06,Bailey,Smith,Geelong Cats,C,6.0,663.0,7.0,18.0,11.0,2.0,8.0,1.0,54.5,18.0
2026,4,2026-04-06,Tom,Stewart,Geelong Cats,CHB,4.0,381.0,9.0,6.0,1.0,1.0,3.0,0.0,100.0,22.0
2026,4,2026-04-06,Oliver,Wiltshire,Geelong Cats,HFFR,4.0,231.0,0.0,11.0,2.0,0.0,2.0,0.0,72.7,8.0
2026,5,2026-04-09,Sam,Berry,Adelaide Crows,RR,6.0,271.0,5.0,30.0,4.0,2.0,13.0,0.0,72.4,21.0
2026,5,2026-04-09,James,Borlase,Adelaide Crows,BPL,1.0,133.0,4.0,7.0,0.0,0.0,2.0,0.0,71.4,5.0
2026,5,2026-04-09,Brayden,Cook,Adelaide Crows,WR,3.0,237.0,6.0,4.0,5.0,0.0,7.0,0.0,72.2,13.0
2026,5,2026-04-09,Isaac,Cumming,Adelaide Crows,WL,3.0,311.0,5.0,13.0,7.0,0.0,10.0,1.0,52.4,11.0
2026,5,2026-04-09,Jordan,Dawson,Adelaide Crows,C,7.0,525.0,2.0,24.0,5.0,2.0,6.0,0.0,61.5,16.0
2026,5,2026-04-09,Mitchell,Hinge,Adelaide Crows,INT,4.0,231.0,3.0,5.0,0.0,0.0,3.0,0.0,90.0,9.0
2026,5,2026-04-09,Ben,Keays,Adelaide Crows,HFFL,5.0,286.0,2.0,15.0,6.0,0.0,5.0,3.0,75.0,12.0
2026,5,2026-04-09,Rory,Laird,Adelaide Crows,HBFL,5.0,364.0,7.0,9.0,5.0,0.0,4.0,0.0,75.0,18.0
2026,5,2026-04-09,Finnbar,Maley,Adelaide Crows,INT,4.0,98.0,1.0,5.0,1.0,0.0,3.0,0.0,71.4,5.0
2026,5,2026-04-09,Lachlan,McAndrew,Adelaide Crows,RK,5.0,238.0,1.0,21.0,2.0,2.0,2.0,2.0,80.0,8.0
2026,5,2026-04-09,Max,Michalanney,Adelaide Crows,BPR,2.0,250.0,7.0,18.0,6.0,0.0,7.0,0.0,62.5,10.0
2026,5,2026-04-09,Wayne,Milera,Adelaide Crows,HBFR,4.0,645.0,8.0,12.0,2.0,0.0,7.0,0.0,84.0,21.0
2026,5,2026-04-09,Nick,Murray,Adelaide Crows,FB,3.0,183.0,3.0,8.0,2.0,0.0,2.0,0.0,100.0,8.0
2026,5,2026-04-09,Luke,Nankervis,Adelaide Crows,INT,4.0,207.0,3.0,18.0,2.0,0.0,4.0,0.0,80.0,16.0
2026,5,2026-04-09,Alex,Neal-Bullen,Adelaide Crows,FPL,6.0,336.0,9.0,16.0,6.0,0.0,5.0,1.0,50.0,8.0
2026,5,2026-04-09,James,Peatling,Adelaide Crows,R,7.0,323.0,2.0,25.0,5.0,4.0,9.0,0.0,70.0,14.0
2026,5,2026-04-09,Josh,Rachele,Adelaide Crows,INT,7.0,567.0,5.0,12.0,7.0,3.0,8.0,1.0,61.5,16.0
2026,5,2026-04-09,Izak,Rankine,Adelaide Crows,FPR,7.0,370.0,5.0,21.0,5.0,0.0,6.0,3.0,63.6,14.0
2026,5,2026-04-09,Jake,Soligo,Adelaide Crows,HFFR,5.0,152.0,2.0,17.0,2.0,0.0,4.0,1.0,91.7,11.0
2026,5,2026-04-09,Zac,Taylor,Adelaide Crows,INT,2.0,195.0,0.0,19.0,1.0,0.0,4.0,1.0,72.7,8.0
2026,5,2026-04-09,Riley,Thilthorpe,Adelaide Crows,FF,9.0,297.0,0.0,9.0,1.0,0.0,1.0,1.0,42.9,6.0
2026,5,2026-04-09,Taylor,Walker,Adelaide Crows,CHF,9.0,410.0,1.0,14.0,6.0,0.0,6.0,1.0,71.4,10.0
2026,5,2026-04-09,Josh,Worrell,Adelaide Crows,CHB,4.0,480.0,9.0,12.0,8.0,0.0,7.0,0.0,66.7,14.0
2026,5,2026-04-09,Ben,Ainsworth,Carlton,RR,5.0,187.0,3.0,14.0,3.0,1.0,4.0,1.0,61.5,8.0
2026,5,2026-04-09,Jordan,Boyd,Carlton,INT,0.0,276.0,6.0,5.0,1.0,0.0,1.0,0.0,76.9,10.0
2026,5,2026-04-09,Talor,Byrne,Carlton,HFFL,0.0,136.0,2.0,29.0,3.0,0.0,4.0,0.0,66.7,6.0
2026,5,2026-04-09,Matthew,Carroll,Carlton,WR,4.0,327.0,6.0,12.0,3.0,0.0,5.0,1.0,76.9,10.0
2026,5,2026-04-09,Adam,Cerra,Carlton,INT,5.0,186.0,1.0,27.0,7.0,1.0,10.0,2.0,65.2,15.0
2026,5,2026-04-09,Lachlan,Cowan,Carlton,HBFL,1.0,424.0,3.0,14.0,5.0,0.0,4.0,0.0,55.6,10.0
2026,5,2026-04-09,Patrick,Cripps,Carlton,C,10.0,361.0,2.0,30.0,5.0,4.0,11.0,1.0,62.1,18.0
2026,5,2026-04-09,Wade,Derksen,Carlton,BPL,1.0,214.0,6.0,10.0,3.0,0.0,2.0,0.0,70.0,7.0
2026,5,2026-04-09,Francis,Evans,Carlton,INT,3.0,262.0,2.0,13.0,2.0,0.0,7.0,4.0,46.7,7.0
2026,5,2026-04-09,Oliver,Florent,Carlton,BPR,3.0,580.0,8.0,17.0,7.0,1.0,10.0,0.0,68.0,17.0
2026,5,2026-04-09,Nick,Haynes,Carlton,CHB,3.0,478.0,9.0,11.0,8.0,0.0,4.0,0.0,66.7,12.0
2026,5,2026-04-09,Elijah,Hollands,Carlton,FPL,2.0,276.0,4.0,16.0,5.0,0.0,3.0,1.0,68.8,11.0
2026,5,2026-04-09,Oliver,Hollands,Carlton,WL,3.0,375.0,6.0,18.0,8.0,0.0,3.0,0.0,73.3,11.0
2026,5,2026-04-09,Brodie,Kemp,Carlton,FPR,3.0,195.0,1.0,10.0,3.0,0.0,2.0,2.0,88.9,8.0
2026,5,2026-04-09,Mitch,McGovern,Carlton,CHF,3.0,185.0,1.0,16.0,3.0,0.0,1.0,1.0,60.0,6.0
2026,5,2026-04-09,Harry,McKay,Carlton,FF,1.0,142.0,1.0,9.0,4.0,0.0,4.0,0.0,71.4,5.0
2026,5,2026-04-09,Nic,Newman,Carlton,HBFR,1.0,546.0,4.0,13.0,3.0,1.0,2.0,0.0,94.7,18.0
2026,5,2026-04-09,Hudson,O'Keeffe,Carlton,INT,4.0,164.0,1.0,4.0,1.0,1.0,4.0,0.0,42.9,3.0
2026,5,2026-04-09,Marc,Pittonet,Carlton,RK,3.0,166.0,1.0,12.0,4.0,5.0,3.0,1.0,68.8,11.0
2026,5,2026-04-09,Jagga,Smith,Carlton,INT,4.0,226.0,3.0,19.0,5.0,1.0,8.0,0.0,57.9,11.0
2026,5,2026-04-09,Sam,Walsh,Carlton,R,11.0,369.0,9.0,28.0,5.0,0.0,12.0,2.0,79.3,23.0
2026,5,2026-04-09,Zac,Williams,Carlton,HFFR,6.0,220.0,1.0,19.0,1.0,1.0,8.0,3.0,60.0,9.0
2026,5,2026-04-09,Lewis,Young,Carlton,FB,1.0,84.0,8.0,3.0,0.0,0.0,3.0,0.0,70.0,7.0
2026,5,2026-04-10,Angus,Anderson,Collingwood,INT,3.0,482.0,3.0,17.0,6.0,1.0,4.0,1.0,62.5,10.0
2026,5,2026-04-10,Darcy,Cameron,Collingwood,RK,0.0,156.0,4.0,10.0,2.0,0.0,3.0,1.0,50.0,9.0
2026,5,2026-04-10,Jack,Crisp,Collingwood,R,6.0,374.0,7.0,14.0,6.0,0.0,10.0,2.0,65.2,15.0
2026,5,2026-04-10,Josh,Daicos,Collingwood,CHB,3.0,368.0,9.0,9.0,8.0,0.0,10.0,0.0,69.6,16.0
2026,5,2026-04-10,Nick,Daicos,Collingwood,RR,5.0,638.0,2.0,17.0,7.0,2.0,8.0,0.0,67.7,21.0
2026,5,2026-04-10,Jordan,De Goey,Collingwood,CHF,1.0,60.0,2.0,2.0,1.0,0.0,2.0,0.0,83.3,5.0
2026,5,2026-04-10,Jamie,Elliott,Collingwood,FF,4.0,155.0,1.0,16.0,5.0,0.0,3.0,3.0,60.0,9.0
2026,5,2026-04-10,Billy,Frampton,Collingwood,BPL,1.0,209.0,8.0,4.0,1.0,0.0,3.0,0.0,93.3,14.0
2026,5,2026-04-10,Dan,Houston,Collingwood,INT,2.0,119.0,3.0,5.0,1.0,0.0,2.0,0.0,92.9,13.0
2026,5,2026-04-10,Jeremy,Howe,Collingwood,FB,1.0,199.0,8.0,6.0,1.0,0.0,2.0,0.0,92.9,13.0
2026,5,2026-04-10,Patrick,Lipinski,Collingwood,INT,4.0,161.0,0.0,19.0,4.0,0.0,3.0,2.0,70.6,12.0
2026,5,2026-04-10,Ned,Long,Collingwood,INT,2.0,190.0,1.0,14.0,2.0,0.0,3.0,1.0,53.8,7.0
2026,5,2026-04-10,Brayden,Maynard,Collingwood,BPR,4.0,544.0,6.0,15.0,5.0,0.0,1.0,1.0,76.5,13.0
2026,5,2026-04-10,Beau,McCreery,Collingwood,HFFL,3.0,298.0,1.0,20.0,1.0,0.0,1.0,3.0,76.9,10.0
2026,5,2026-04-10,Daniel,McStay,Collingwood,FPL,3.0,112.0,2.0,14.0,1.0,0.0,1.0,4.0,75.0,6.0
2026,5,2026-04-10,Tim,Membrey,Collingwood,FPR,5.0,217.0,0.0,8.0,3.0,0.0,2.0,0.0,53.8,7.0
2026,5,2026-04-10,Scott,Pendlebury,Collingwood,C,5.0,254.0,2.0,17.0,1.0,1.0,8.0,0.0,81.8,18.0
2026,5,2026-04-10,Harry,Perryman,Collingwood,HBFR,3.0,284.0,6.0,7.0,3.0,1.0,6.0,0.0,100.0,16.0
2026,5,2026-04-10,Isaac,Quaynor,Collingwood,HBFL,4.0,339.0,6.0,15.0,6.0,0.0,4.0,0.0,71.4,15.0
2026,5,2026-04-10,Lachie,Schultz,Collingwood,HFFR,4.0,299.0,3.0,21.0,6.0,0.0,7.0,5.0,61.1,11.0
2026,5,2026-04-10,Steele,Sidebottom,Collingwood,WR,1.0,163.0,1.0,18.0,2.0,0.0,3.0,1.0,71.4,10.0
2026,5,2026-04-10,Roan,Steele,Collingwood,WL,1.0,197.0,5.0,16.0,4.0,0.0,5.0,1.0,61.5,8.0
2026,5,2026-04-10,Oscar,Steene,Collingwood,INT,1.0,-6.0,2.0,8.0,0.0,0.0,1.0,1.0,100.0,4.0
2026,5,2026-04-10,Jye,Amiss,Fremantle,FPL,3.0,166.0,0.0,0.0,2.0,0.0,3.0,0.0,58.3,7.0
2026,5,2026-04-10,Shai,Bolton,Fremantle,RR,2.0,398.0,1.0,12.0,8.0,0.0,7.0,1.0,41.2,7.0
2026,5,2026-04-10,Andrew,Brayshaw,Fremantle,C,4.0,377.0,4.0,28.0,5.0,0.0,4.0,0.0,47.4,9.0
2026,5,2026-04-10,Heath,Chapman,Fremantle,BPR,3.0,446.0,5.0,6.0,6.0,0.0,2.0,0.0,82.4,14.0
2026,5,2026-04-10,Jordan,Clark,Fremantle,HBFL,2.0,459.0,7.0,12.0,5.0,0.0,10.0,0.0,70.4,19.0
2026,5,2026-04-10,Brennan,Cox,Fremantle,BPL,3.0,100.0,6.0,10.0,2.0,0.0,3.0,0.0,69.2,9.0
2026,5,2026-04-10,Sean,Darcy,Fremantle,INT,1.0,-26.0,0.0,3.0,0.0,0.0,3.0,0.0,60.0,3.0
2026,5,2026-04-10,Isaiah,Dudley,Fremantle,HFFL,4.0,103.0,1.0,12.0,3.0,0.0,2.0,1.0,75.0,6.0
2026,5,2026-04-10,Neil,Erasmus,Fremantle,INT,1.0,234.0,2.0,9.0,3.0,0.0,2.0,0.0,77.8,14.0
2026,5,2026-04-10,Luke,Jackson,Fremantle,RK,2.0,146.0,2.0,15.0,3.0,3.0,5.0,2.0,64.7,11.0
2026,5,2026-04-10,Matthew,Johnson,Fremantle,WR,4.0,270.0,3.0,11.0,5.0,0.0,3.0,0.0,70.0,7.0
2026,5,2026-04-10,Judd,McVee,Fremantle,HBFR,0.0,255.0,7.0,3.0,2.0,0.0,4.0,0.0,70.0,7.0
2026,5,2026-04-10,Jaeger,O'Meara,Fremantle,WL,4.0,452.0,2.0,13.0,5.0,0.0,4.0,0.0,76.2,16.0
2026,5,2026-04-10,Alex,Pearce,Fremantle,FB,0.0,212.0,10.0,5.0,5.0,0.0,5.0,0.0,85.7,12.0
2026,5,2026-04-10,Murphy,Reid,Fremantle,CHF,3.0,244.0,2.0,11.0,4.0,0.0,8.0,0.0,50.0,11.0
2026,5,2026-04-10,Luke,Ryan,Fremantle,CHB,1.0,501.0,6.0,14.0,2.0,0.0,3.0,0.0,96.0,24.0
2026,5,2026-04-10,Christopher,Scerri,Fremantle,INT,5.0,11.0,0.0,15.0,2.0,0.0,3.0,1.0,100.0,7.0
2026,5,2026-04-10,Caleb,Serong,Fremantle,R,1.0,260.0,2.0,22.0,4.0,4.0,7.0,0.0,62.5,15.0
2026,5,2026-04-10,Sam,Switkowski,Fremantle,HFFR,4.0,236.0,4.0,18.0,4.0,0.0,8.0,0.0,58.8,10.0
2026,5,2026-04-10,Josh,Treacy,Fremantle,FF,2.0,178.0,1.0,11.0,4.0,0.0,3.0,1.0,71.4,10.0
2026,5,2026-04-10,Patrick,Voss,Fremantle,FPR,2.0,121.0,0.0,16.0,2.0,0.0,1.0,1.0,83.3,5.0
2026,5,2026-04-10,Corey,Wagner,Fremantle,INT,3.0,305.0,2.0,19.0,3.0,1.0,4.0,0.0,87.5,14.0
2026,5,2026-04-10,Karl,Worner,Fremantle,INT,1.0,347.0,9.0,8.0,3.0,0.0,6.0,0.0,89.5,17.0
2026,5,2026-04-11,Zac,Banch,North Melbourne,FPR,4.0,240.0,0.0,7.0,2.0,0.0,0.0,0.0,80.0,4.0
2026,5,2026-04-11,Tom,Blamires,North Melbourne,HBFR,6.0,336.0,1.0,7.0,3.0,1.0,4.0,0.0,75.0,15.0
2026,5,2026-04-11,Callum,Coleman-Jones,North Melbourne,RK,4.0,73.0,0.0,5.0,1.0,1.0,1.0,0.0,57.1,4.0
2026,5,2026-04-11,Charlie,Comben,North Melbourne,BPR,1.0,241.0,1.0,7.0,1.0,0.0,1.0,0.0,77.8,7.0
2026,5,2026-04-11,Aidan,Corr,North Melbourne,BPL,0.0,211.0,4.0,4.0,3.0,0.0,2.0,0.0,81.8,9.0
2026,5,2026-04-11,Paul,Curtis,North Melbourne,HFFL,9.0,355.0,2.0,12.0,2.0,0.0,6.0,1.0,61.1,11.0
2026,5,2026-04-11,Caleb,Daniel,North Melbourne,CHB,1.0,267.0,7.0,6.0,4.0,0.0,5.0,0.0,77.8,14.0
2026,5,2026-04-11,Jack,Darling,North Melbourne,INT,4.0,208.0,3.0,12.0,4.0,0.0,5.0,0.0,50.0,6.0
2026,5,2026-04-11,Luke,Davies-Uniacke,North Melbourne,RR,6.0,503.0,1.0,14.0,3.0,2.0,7.0,0.0,74.1,20.0
2026,5,2026-04-11,Zane,Duursma,North Melbourne,INT,3.0,10.0,0.0,4.0,0.0,0.0,1.0,1.0,75.0,3.0
2026,5,2026-04-11,Nick,Larkey,North Melbourne,FF,6.0,161.0,3.0,4.0,0.0,0.0,1.0,2.0,60.0,6.0
2026,5,2026-04-11,Griffin,Logue,North Melbourne,FB,2.0,130.0,7.0,6.0,0.0,0.0,6.0,0.0,72.2,13.0
2026,5,2026-04-11,Luke,McDonald,North Melbourne,INT,2.0,213.0,8.0,7.0,2.0,0.0,4.0,0.0,86.7,13.0
2026,5,2026-04-11,Colby,McKercher,North Melbourne,HBFL,1.0,544.0,1.0,10.0,9.0,0.0,2.0,0.0,72.7,16.0
2026,5,2026-04-11,Luke,Parker,North Melbourne,HFFR,5.0,341.0,10.0,9.0,5.0,0.0,5.0,0.0,88.0,22.0
2026,5,2026-04-11,Tom,Powell,North Melbourne,C,3.0,197.0,1.0,9.0,1.0,0.0,2.0,0.0,83.3,10.0
2026,5,2026-04-11,Harry,Sheezel,North Melbourne,R,7.0,236.0,2.0,18.0,2.0,0.0,13.0,0.0,73.3,22.0
2026,5,2026-04-11,Jy,Simpkin,North Melbourne,WL,5.0,572.0,1.0,18.0,5.0,1.0,10.0,0.0,66.7,18.0
2026,5,2026-04-11,Charlie,Spargo,North Melbourne,INT,3.0,145.0,0.0,7.0,3.0,1.0,0.0,2.0,57.1,4.0
2026,5,2026-04-11,Dylan,Stephens,North Melbourne,WR,2.0,332.0,0.0,7.0,2.0,0.0,1.0,0.0,76.9,10.0
2026,5,2026-04-11,Cooper,Trembath,North Melbourne,CHF,5.0,126.0,0.0,11.0,2.0,1.0,3.0,0.0,91.7,11.0
2026,5,2026-04-11,George,Wardlaw,North Melbourne,INT,5.0,267.0,3.0,18.0,5.0,2.0,6.0,0.0,47.1,8.0
2026,5,2026-04-11,Cameron,Zurhaar,North Melbourne,FPL,3.0,42.0,0.0,8.0,0.0,0.0,7.0,1.0,90.9,10.0
2026,5,2026-04-11,Oscar,Allen,Brisbane Lions,CHF,5.0,162.0,1.0,5.0,1.0,0.0,1.0,1.0,75.0,6.0
2026,5,2026-04-11,Harris,Andrews,Brisbane Lions,FB,3.0,231.0,8.0,1.0,1.0,0.0,5.0,0.0,86.7,13.0
2026,5,2026-04-11,Levi,Ashcroft,Brisbane Lions,WL,2.0,204.0,3.0,11.0,1.0,0.0,5.0,0.0,75.0,12.0
2026,5,2026-04-11,Will,Ashcroft,Brisbane Lions,C,3.0,340.0,1.0,10.0,6.0,1.0,4.0,1.0,47.4,9.0
2026,5,2026-04-11,Zac,Bailey,Brisbane Lions,BPL,5.0,559.0,1.0,12.0,5.0,0.0,6.0,2.0,81.0,17.0
2026,5,2026-04-11,Jarrod,Berry,Brisbane Lions,WR,1.0,285.0,5.0,13.0,6.0,0.0,6.0,1.0,44.4,8.0
2026,5,2026-04-11,Charlie,Cameron,Brisbane Lions,HFFL,4.0,147.0,2.0,14.0,4.0,1.0,1.0,1.0,66.7,6.0
2026,5,2026-04-11,Keidean,Coleman,Brisbane Lions,INT,4.0,268.0,5.0,6.0,0.0,0.0,1.0,0.0,92.3,12.0
2026,5,2026-04-11,Sam,Draper,Brisbane Lions,RK,3.0,244.0,3.0,4.0,1.0,1.0,3.0,0.0,58.3,7.0
2026,5,2026-04-11,Josh,Dunkley,Brisbane Lions,RR,2.0,161.0,2.0,21.0,1.0,0.0,5.0,0.0,61.5,8.0
2026,5,2026-04-11,Jaspa,Fletcher,Brisbane Lions,CHB,1.0,272.0,3.0,10.0,3.0,0.0,3.0,0.0,75.0,9.0
2026,5,2026-04-11,Darcy,Fort,Brisbane Lions,INT,1.0,112.0,0.0,6.0,1.0,0.0,1.0,1.0,75.0,3.0
2026,5,2026-04-11,Ty,Gallop,Brisbane Lions,FPR,0.0,170.0,3.0,5.0,3.0,0.0,1.0,0.0,50.0,3.0
2026,5,2026-04-11,Ryan,Lester,Brisbane Lions,BPR,1.0,235.0,3.0,12.0,3.0,0.0,1.0,0.0,75.0,9.0
2026,5,2026-04-11,Kai,Lohmann,Brisbane Lions,HFFR,6.0,154.0,1.0,12.0,1.0,1.0,3.0,2.0,54.5,6.0
2026,5,2026-04-11,Lincoln,McCarthy,Brisbane Lions,INT,3.0,171.0,1.0,13.0,2.0,0.0,1.0,1.0,66.7,8.0
2026,5,2026-04-11,Hugh,McCluggage,Brisbane Lions,INT,5.0,344.0,1.0,14.0,1.0,1.0,6.0,0.0,60.0,12.0
2026,5,2026-04-11,Logan,Morris,Brisbane Lions,FPL,5.0,194.0,0.0,10.0,3.0,0.0,0.0,2.0,28.6,2.0
2026,5,2026-04-11,Lachie,Neale,Brisbane Lions,R,3.0,438.0,4.0,22.0,3.0,6.0,14.0,1.0,70.0,21.0
2026,5,2026-04-11,Cam,Rayner,Brisbane Lions,FF,4.0,362.0,3.0,15.0,4.0,1.0,10.0,1.0,52.9,9.0
2026,5,2026-04-11,Bruce,Reville,Brisbane Lions,INT,3.0,278.0,3.0,11.0,1.0,0.0,4.0,0.0,75.0,9.0
2026,5,2026-04-11,Darcy,Wilmot,Brisbane Lions,HBFL,4.0,218.0,4.0,7.0,2.0,0.0,5.0,0.0,78.6,11.0
2026,5,2026-04-11,Dayne,Zorko,Brisbane Lions,HBFR,2.0,250.0,2.0,6.0,2.0,0.0,0.0,0.0,100.0,8.0
2026,5,2026-04-11,Lachlan,Blakiston,Essendon,RK,0.0,59.0,3.0,9.0,2.0,0.0,2.0,0.0,62.5,5.0
2026,5,2026-04-11,Nate,Caddy,Essendon,CHF,7.0,265.0,1.0,4.0,1.0,0.0,3.0,0.0,58.3,7.0
2026,5,2026-04-11,Jye,Caldwell,Essendon,C,5.0,350.0,1.0,19.0,4.0,1.0,6.0,0.0,68.8,11.0
2026,5,2026-04-11,Archer,Day-Wicks,Essendon,WL,5.0,284.0,3.0,10.0,3.0,0.0,4.0,0.0,80.0,12.0
2026,5,2026-04-11,Sam,Durham,Essendon,HFFL,5.0,413.0,2.0,10.0,5.0,0.0,4.0,0.0,87.5,14.0
2026,5,2026-04-11,Xavier,Duursma,Essendon,INT,7.0,388.0,4.0,14.0,1.0,0.0,8.0,0.0,85.7,18.0
2026,5,2026-04-11,Thomas,Edwards,Essendon,FPR,4.0,157.0,1.0,10.0,3.0,0.0,0.0,2.0,62.5,5.0
2026,5,2026-04-11,Jacob,Farrow,Essendon,HBFR,5.0,348.0,4.0,5.0,2.0,0.0,2.0,0.0,81.8,18.0
2026,5,2026-04-11,Jade,Gresham,Essendon,CHB,6.0,114.0,0.0,7.0,1.0,1.0,3.0,1.0,61.5,8.0
2026,5,2026-04-11,Isaac,Kako,Essendon,FPL,6.0,183.0,2.0,14.0,3.0,0.0,7.0,1.0,84.2,16.0
2026,5,2026-04-11,Kyle,Langford,Essendon,HFFR,4.0,393.0,5.0,5.0,2.0,0.0,8.0,0.0,74.1,20.0
2026,5,2026-04-11,Archer,May,Essendon,INT,3.0,96.0,0.0,7.0,3.0,0.0,0.0,2.0,50.0,2.0
2026,5,2026-04-11,Andrew,McGrath,Essendon,BPR,2.0,231.0,1.0,15.0,3.0,2.0,5.0,0.0,61.5,8.0
2026,5,2026-04-11,Ben,McKay,Essendon,FB,3.0,295.0,9.0,10.0,7.0,0.0,4.0,0.0,82.6,19.0
2026,5,2026-04-11,Zach,Merrett,Essendon,R,9.0,455.0,5.0,18.0,3.0,1.0,6.0,1.0,77.4,24.0
2026,5,2026-04-11,Darcy,Parish,Essendon,RR,13.0,408.0,0.0,14.0,1.0,3.0,8.0,0.0,82.4,28.0
2026,5,2026-04-11,Jaxon,Prior,Essendon,WR,4.0,295.0,3.0,8.0,1.0,0.0,1.0,0.0,82.4,14.0
2026,5,2026-04-11,Zach,Reid,Essendon,INT,2.0,102.0,4.0,7.0,2.0,0.0,1.0,0.0,77.8,14.0
2026,5,2026-04-11,Jordan,Ridley,Essendon,BPL,4.0,279.0,7.0,7.0,1.0,0.0,6.0,0.0,96.2,25.0
2026,5,2026-04-11,Archie,Roberts,Essendon,HBFL,2.0,658.0,11.0,4.0,8.0,1.0,10.0,0.0,73.8,31.0
2026,5,2026-04-11,Sullivan,Robey,Essendon,INT,2.0,133.0,0.0,12.0,1.0,0.0,2.0,2.0,77.8,7.0
2026,5,2026-04-11,Elijah,Tsatas,Essendon,INT,3.0,323.0,1.0,10.0,5.0,0.0,6.0,0.0,58.6,17.0
2026,5,2026-04-11,Peter,Wright,Essendon,FF,6.0,296.0,5.0,12.0,3.0,5.0,3.0,1.0,77.8,14.0
2026,5,2026-04-11,Kade,Chandler,Melbourne,WL,5.0,231.0,2.0,13.0,1.0,1.0,6.0,0.0,85.7,12.0
2026,5,2026-04-11,Jai,Culley,Melbourne,HFFR,4.0,132.0,2.0,17.0,1.0,0.0,4.0,1.0,50.0,5.0
2026,5,2026-04-11,Bayley,Fritsch,Melbourne,HFFL,4.0,192.0,1.0,13.0,3.0,0.0,4.0,0.0,69.2,9.0
2026,5,2026-04-11,Max,Gawn,Melbourne,RK,4.0,478.0,5.0,7.0,8.0,3.0,4.0,1.0,68.2,15.0
2026,5,2026-04-11,Blake,Howes,Melbourne,INT,1.0,154.0,2.0,10.0,1.0,0.0,1.0,0.0,92.9,13.0
2026,5,2026-04-11,Ed,Langdon,Melbourne,WR,3.0,194.0,2.0,9.0,1.0,0.0,3.0,0.0,84.6,11.0
2026,5,2026-04-11,Harvey,Langford,Melbourne,INT,4.0,396.0,2.0,11.0,2.0,0.0,1.0,1.0,76.5,13.0
2026,5,2026-04-11,Jake,Lever,Melbourne,FB,0.0,392.0,8.0,7.0,5.0,0.0,1.0,0.0,83.3,15.0
2026,5,2026-04-11,Xavier,Lindsay,Melbourne,HBFR,3.0,362.0,4.0,17.0,2.0,0.0,3.0,0.0,81.3,13.0
2026,5,2026-04-11,Tom,McDonald,Melbourne,CHB,1.0,333.0,5.0,13.0,5.0,0.0,2.0,0.0,80.0,12.0
2026,5,2026-04-11,Jake,Melksham,Melbourne,FPL,2.0,42.0,1.0,5.0,2.0,0.0,0.0,0.0,40.0,2.0
2026,5,2026-04-11,Brody,Mihocek,Melbourne,FF,2.0,142.0,0.0,4.0,1.0,0.0,1.0,0.0,83.3,5.0
2026,5,2026-04-11,Harrison,Petty,Melbourne,INT,2.0,95.0,0.0,12.0,3.0,1.0,0.0,0.0,57.1,4.0
2026,5,2026-04-11,Kysaiah,Pickett,Melbourne,FPR,6.0,633.0,2.0,21.0,10.0,2.0,5.0,1.0,46.4,13.0
2026,5,2026-04-11,Latrelle,Pickett,Melbourne,INT,3.0,138.0,2.0,6.0,4.0,1.0,3.0,0.0,57.1,4.0
2026,5,2026-04-11,Christian,Salem,Melbourne,BPR,2.0,289.0,2.0,9.0,2.0,0.0,3.0,0.0,75.0,9.0
2026,5,2026-04-11,Harry,Sharp,Melbourne,R,5.0,307.0,1.0,16.0,2.0,0.0,5.0,0.0,78.6,11.0
2026,5,2026-04-11,Tom,Sparrow,Melbourne,INT,2.0,135.0,1.0,24.0,2.0,1.0,5.0,1.0,61.1,11.0
2026,5,2026-04-11,Jack,Steele,Melbourne,C,6.0,405.0,5.0,21.0,6.0,3.0,8.0,1.0,67.9,19.0
2026,5,2026-04-11,Koltyn,Tholstrup,Melbourne,RR,3.0,355.0,8.0,8.0,2.0,0.0,3.0,0.0,77.3,17.0
2026,5,2026-04-11,Daniel,Turner,Melbourne,BPL,2.0,369.0,9.0,9.0,4.0,0.0,7.0,0.0,82.4,14.0
2026,5,2026-04-11,Jacob,van Rooyen,Melbourne,CHF,5.0,70.0,0.0,9.0,1.0,0.0,2.0,0.0,55.6,5.0
2026,5,2026-04-11,Caleb,Windsor,Melbourne,HBFL,0.0,192.0,2.0,20.0,3.0,1.0,1.0,0.0,57.1,4.0
2026,5,2026-04-11,Joel,Amartey,Sydney Swans,FPL,6.0,99.0,1.0,8.0,1.0,0.0,0.0,0.0,57.1,4.0
2026,5,2026-04-11,Riley,Bice,Sydney Swans,INT,1.0,442.0,1.0,6.0,5.0,0.0,1.0,0.0,72.2,13.0
2026,5,2026-04-11,Nick,Blakey,Sydney Swans,CHB,4.0,637.0,7.0,11.0,8.0,0.0,4.0,0.0,70.8,17.0
2026,5,2026-04-11,Harry,Cunningham,Sydney Swans,INT,5.0,198.0,1.0,10.0,0.0,0.0,2.0,0.0,76.9,10.0
2026,5,2026-04-11,Charlie,Curnow,Sydney Swans,FF,7.0,213.0,0.0,8.0,4.0,0.0,2.0,0.0,45.5,5.0
2026,5,2026-04-11,Brodie,Grundy,Sydney Swans,RK,10.0,82.0,1.0,22.0,2.0,1.0,3.0,2.0,70.0,14.0
2026,5,2026-04-11,Joel,Hamling,Sydney Swans,BPL,1.0,163.0,8.0,4.0,2.0,0.0,5.0,0.0,85.7,12.0
2026,5,2026-04-11,Isaac,Heeney,Sydney Swans,C,12.0,531.0,4.0,21.0,4.0,5.0,11.0,1.0,78.8,26.0
2026,5,2026-04-11,James,Jordon,Sydney Swans,HFFR,5.0,172.0,2.0,19.0,3.0,0.0,6.0,2.0,71.4,10.0
2026,5,2026-04-11,Jake,Lloyd,Sydney Swans,FPR,4.0,262.0,2.0,11.0,3.0,0.0,4.0,1.0,54.5,6.0
2026,5,2026-04-11,Tom,McCartin,Sydney Swans,FB,3.0,311.0,14.0,7.0,3.0,0.0,5.0,0.0,79.2,19.0
2026,5,2026-04-11,Logan,McDonald,Sydney Swans,INT,4.0,129.0,1.0,5.0,0.0,0.0,1.0,0.0,77.8,7.0
2026,5,2026-04-11,Justin,McInerney,Sydney Swans,R,12.0,480.0,3.0,9.0,6.0,2.0,5.0,2.0,74.1,20.0
2026,5,2026-04-11,Callum,Mills,Sydney Swans,BPR,4.0,469.0,13.0,15.0,6.0,0.0,6.0,0.0,72.0,18.0
2026,5,2026-04-11,Tom,Papley,Sydney Swans,CHF,9.0,357.0,2.0,14.0,2.0,0.0,6.0,2.0,58.8,10.0
2026,5,2026-04-11,Dane,Rampe,Sydney Swans,HBFR,3.0,312.0,5.0,8.0,3.0,0.0,3.0,0.0,82.4,14.0
2026,5,2026-04-11,Matt,Roberts,Sydney Swans,WR,4.0,563.0,6.0,13.0,7.0,1.0,7.0,1.0,64.0,16.0
2026,5,2026-04-11,Malcolm,Rosas,Sydney Swans,HFFL,5.0,247.0,0.0,10.0,0.0,0.0,3.0,0.0,100.0,12.0
2026,5,2026-04-11,James,Rowbottom,Sydney Swans,INT,3.0,276.0,1.0,19.0,3.0,0.0,5.0,0.0,60.0,9.0
2026,5,2026-04-11,Jai,Serong,Sydney Swans,WL,3.0,229.0,5.0,21.0,3.0,0.0,2.0,1.0,75.0,9.0
2026,5,2026-04-11,Chad,Warner,Sydney Swans,RR,8.0,466.0,3.0,17.0,8.0,4.0,9.0,2.0,36.4,8.0
2026,5,2026-04-11,Corey,Warner,Sydney Swans,INT,2.0,121.0,0.0,6.0,1.0,0.0,0.0,1.0,100.0,6.0
2026,5,2026-04-11,Sam,Wicks,Sydney Swans,HBFL,1.0,249.0,2.0,11.0,3.0,0.0,2.0,0.0,86.7,13.0
2026,5,2026-04-11,Noah,Anderson,Gold Coast SUNS,RR,2.0,286.0,5.0,24.0,3.0,3.0,6.0,0.0,70.0,14.0
2026,5,2026-04-11,Mac,Andrew,Gold Coast SUNS,BPR,3.0,356.0,5.0,8.0,3.0,1.0,1.0,0.0,70.6,12.0
2026,5,2026-04-11,Charlie,Ballard,Gold Coast SUNS,INT,2.0,189.0,5.0,7.0,1.0,0.0,2.0,0.0,50.0,4.0
2026,5,2026-04-11,Sam,Clohesy,Gold Coast SUNS,WR,1.0,253.0,4.0,14.0,4.0,0.0,3.0,1.0,76.9,10.0
2026,5,2026-04-11,Sam,Collins,Gold Coast SUNS,FB,1.0,155.0,8.0,8.0,4.0,0.0,3.0,0.0,75.0,9.0
2026,5,2026-04-11,Alex,Davies,Gold Coast SUNS,INT,5.0,113.0,3.0,17.0,1.0,0.0,7.0,1.0,72.7,8.0
2026,5,2026-04-11,Will,Graham,Gold Coast SUNS,HFFR,4.0,312.0,2.0,19.0,3.0,1.0,9.0,0.0,47.1,8.0
2026,5,2026-04-11,Lachlan,Gulbin,Gold Coast SUNS,CHF,1.0,109.0,3.0,16.0,4.0,0.0,5.0,1.0,33.3,2.0
2026,5,2026-04-11,Joel,Jeffrey,Gold Coast SUNS,INT,2.0,292.0,2.0,9.0,1.0,0.0,4.0,0.0,90.9,10.0
2026,5,2026-04-11,Ben,King,Gold Coast SUNS,FF,3.0,86.0,1.0,6.0,3.0,0.0,1.0,0.0,60.0,3.0
2026,5,2026-04-11,Leonardo,Lombard,Gold Coast SUNS,FPR,4.0,121.0,2.0,10.0,4.0,0.0,5.0,1.0,66.7,8.0
2026,5,2026-04-11,Ben,Long,Gold Coast SUNS,CHB,7.0,318.0,0.0,19.0,5.0,0.0,4.0,2.0,50.0,7.0
2026,5,2026-04-11,Touk,Miller,Gold Coast SUNS,HFFL,3.0,383.0,1.0,13.0,10.0,0.0,9.0,0.0,61.5,16.0
2026,5,2026-04-11,John,Noble,Gold Coast SUNS,HBFL,3.0,575.0,6.0,11.0,5.0,0.0,3.0,0.0,87.5,21.0
2026,5,2026-04-11,Wil,Powell,Gold Coast SUNS,C,2.0,492.0,6.0,16.0,6.0,0.0,4.0,0.0,78.6,11.0
2026,5,2026-04-11,Ethan,Read,Gold Coast SUNS,FPL,1.0,81.0,3.0,9.0,4.0,0.0,2.0,0.0,50.0,3.0
2026,5,2026-04-11,Daniel,Rioli,Gold Coast SUNS,HBFR,3.0,277.0,1.0,7.0,1.0,0.0,1.0,0.0,90.0,9.0
2026,5,2026-04-11,Matt,Rowell,Gold Coast SUNS,R,2.0,549.0,4.0,24.0,6.0,5.0,10.0,0.0,59.4,19.0
2026,5,2026-04-11,Bodhi,Uwland,Gold Coast SUNS,BPL,3.0,497.0,9.0,10.0,5.0,1.0,6.0,0.0,80.8,21.0
2026,5,2026-04-11,Zeke,Uwland,Gold Coast SUNS,INT,4.0,385.0,2.0,10.0,2.0,0.0,1.0,0.0,71.4,10.0
2026,5,2026-04-11,Jed,Walter,Gold Coast SUNS,INT,5.0,197.0,0.0,8.0,3.0,0.0,3.0,0.0,57.1,4.0
2026,5,2026-04-11,Lachie,Weller,Gold Coast SUNS,WL,1.0,258.0,5.0,7.0,2.0,1.0,5.0,1.0,73.3,11.0
2026,5,2026-04-11,Jarrod,Witts,Gold Coast SUNS,RK,5.0,214.0,0.0,6.0,2.0,0.0,0.0,0.0,30.8,4.0
2026,5,2026-04-11,Karl,Amon,Hawthorn,WR,1.0,538.0,3.0,13.0,6.0,0.0,3.0,0.0,79.2,19.0
2026,5,2026-04-11,Tom,Barrass,Hawthorn,FB,1.0,113.0,8.0,7.0,1.0,0.0,1.0,0.0,91.7,11.0
2026,5,2026-04-11,Josh,Battle,Hawthorn,HBFL,4.0,329.0,7.0,5.0,4.0,0.0,3.0,0.0,91.3,21.0
2026,5,2026-04-11,Sam,Butler,Hawthorn,INT,0.0,98.0,0.0,14.0,3.0,0.0,4.0,6.0,44.4,4.0
2026,5,2026-04-11,Mabior,Chol,Hawthorn,FF,1.0,32.0,0.0,2.0,0.0,0.0,1.0,0.0,0.0,0.0
2026,5,2026-04-11,Massimo,D'Ambrosio,Hawthorn,WL,2.0,653.0,1.0,11.0,6.0,0.0,1.0,0.0,61.9,13.0
2026,5,2026-04-11,Jack,Ginnivan,Hawthorn,CHF,10.0,464.0,4.0,11.0,5.0,0.0,7.0,0.0,71.4,20.0
2026,5,2026-04-11,Jack,Gunston,Hawthorn,FPR,6.0,174.0,1.0,12.0,0.0,0.0,1.0,1.0,50.0,4.0
2026,5,2026-04-11,Blake,Hardwick,Hawthorn,HBFR,3.0,274.0,7.0,19.0,3.0,0.0,5.0,0.0,84.0,21.0
2026,5,2026-04-11,Jarman,Impey,Hawthorn,BPR,0.0,396.0,4.0,10.0,4.0,0.0,2.0,0.0,84.6,22.0
2026,5,2026-04-11,Mitch,Lewis,Hawthorn,INT,7.0,321.0,1.0,6.0,1.0,0.0,4.0,1.0,66.7,12.0
2026,5,2026-04-11,Connor,Macdonald,Hawthorn,HFFL,6.0,460.0,1.0,15.0,5.0,2.0,5.0,2.0,69.6,16.0
2026,5,2026-04-11,Cam,Mackenzie,Hawthorn,INT,3.0,152.0,1.0,16.0,2.0,0.0,4.0,2.0,41.2,7.0
2026,5,2026-04-11,Lloyd,Meek,Hawthorn,INT,2.0,19.0,1.0,10.0,1.0,0.0,2.0,1.0,68.8,11.0
2026,5,2026-04-11,Dylan,Moore,Hawthorn,FPL,8.0,262.0,3.0,12.0,5.0,0.0,5.0,1.0,69.6,16.0
2026,5,2026-04-11,Conor,Nash,Hawthorn,C,1.0,174.0,2.0,22.0,1.0,3.0,6.0,4.0,66.7,12.0
2026,5,2026-04-11,Jai,Newcombe,Hawthorn,RR,3.0,388.0,3.0,19.0,5.0,4.0,8.0,1.0,78.6,22.0
2026,5,2026-04-11,Flynn,Perez,Hawthorn,INT,4.0,125.0,2.0,14.0,0.0,0.0,2.0,1.0,92.3,12.0
2026,5,2026-04-11,Ned,Reeves,Hawthorn,RK,3.0,13.0,0.0,6.0,0.0,0.0,1.0,1.0,75.0,3.0
2026,5,2026-04-11,James,Sicily,Hawthorn,CHB,3.0,493.0,8.0,13.0,6.0,0.0,1.0,0.0,87.5,21.0
2026,5,2026-04-11,Josh,Ward,Hawthorn,R,1.0,185.0,3.0,9.0,2.0,0.0,3.0,0.0,78.6,11.0
2026,5,2026-04-11,Nick,Watson,Hawthorn,HFFR,5.0,275.0,2.0,12.0,1.0,0.0,4.0,2.0,83.3,10.0
2026,5,2026-04-11,Josh,Weddle,Hawthorn,BPL,7.0,225.0,2.0,12.0,2.0,0.0,5.0,2.0,73.3,11.0
2026,5,2026-04-11,Oskar,Baker,Western Bulldogs,INT,0.0,77.0,1.0,15.0,3.0,0.0,2.0,0.0,50.0,3.0
2026,5,2026-04-11,Marcus,Bontempelli,Western Bulldogs,C,5.0,723.0,7.0,16.0,10.0,2.0,6.0,0.0,46.2,12.0
2026,5,2026-04-11,Lachlan,Bramble,Western Bulldogs,HBFL,2.0,117.0,4.0,12.0,2.0,0.0,3.0,0.0,92.3,12.0
2026,5,2026-04-11,Connor,Budarick,Western Bulldogs,BPL,4.0,226.0,2.0,12.0,1.0,0.0,4.0,0.0,80.0,12.0
2026,5,2026-04-11,Jordan,Croft,Western Bulldogs,INT,6.0,131.0,2.0,10.0,0.0,1.0,5.0,0.0,90.0,9.0
2026,5,2026-04-11,Bailey,Dale,Western Bulldogs,HBFR,3.0,481.0,6.0,9.0,6.0,0.0,1.0,0.0,75.0,15.0
2026,5,2026-04-11,Sam,Darcy,Western Bulldogs,CHF,7.0,143.0,0.0,10.0,3.0,0.0,1.0,0.0,63.6,7.0
2026,5,2026-04-11,Sam,Davidson,Western Bulldogs,INT,5.0,374.0,2.0,14.0,2.0,0.0,2.0,2.0,81.8,9.0
2026,5,2026-04-11,Josh,Dolan,Western Bulldogs,FPL,4.0,143.0,0.0,6.0,1.0,0.0,4.0,0.0,50.0,5.0
2026,5,2026-04-11,Louis,Emmett,Western Bulldogs,RK,1.0,105.0,1.0,13.0,2.0,4.0,3.0,0.0,100.0,8.0
2026,5,2026-04-11,Joel,Freijah,Western Bulldogs,HFFR,3.0,150.0,2.0,15.0,2.0,1.0,4.0,0.0,76.5,13.0
2026,5,2026-04-11,Harvey,Gallagher,Western Bulldogs,WL,3.0,146.0,3.0,10.0,1.0,0.0,4.0,0.0,80.0,8.0
2026,5,2026-04-11,Cooper,Hynes,Western Bulldogs,INT,7.0,92.0,1.0,20.0,2.0,0.0,4.0,1.0,80.0,12.0
2026,5,2026-04-11,Matthew,Kennedy,Western Bulldogs,RR,7.0,300.0,1.0,19.0,3.0,2.0,8.0,1.0,68.2,15.0
2026,5,2026-04-11,Buku,Khamis,Western Bulldogs,FB,1.0,157.0,2.0,2.0,2.0,0.0,1.0,0.0,66.7,6.0
2026,5,2026-04-11,Rory,Lobb,Western Bulldogs,BPR,3.0,180.0,4.0,8.0,1.0,0.0,4.0,0.0,62.5,5.0
2026,5,2026-04-11,Aaron,Naughton,Western Bulldogs,FF,7.0,163.0,0.0,5.0,1.0,0.0,2.0,1.0,42.9,3.0
2026,5,2026-04-11,James,O'Donnell,Western Bulldogs,CHB,3.0,253.0,5.0,5.0,4.0,0.0,0.0,0.0,83.3,10.0
2026,5,2026-04-11,Ed,Richards,Western Bulldogs,R,6.0,480.0,1.0,23.0,2.0,3.0,9.0,0.0,77.3,17.0
2026,5,2026-04-11,Ryley,Sanders,Western Bulldogs,HFFL,5.0,142.0,3.0,23.0,3.0,2.0,11.0,0.0,88.0,22.0
2026,5,2026-04-11,Michael,Sellwood,Western Bulldogs,INT,3.0,388.0,9.0,5.0,5.0,0.0,8.0,0.0,70.6,12.0
2026,5,2026-04-11,Rhylee,West,Western Bulldogs,FPR,9.0,414.0,1.0,14.0,4.0,0.0,5.0,1.0,57.1,12.0
2026,5,2026-04-11,Bailey,Williams,Western Bulldogs,WR,1.0,438.0,6.0,11.0,4.0,0.0,6.0,0.0,77.3,17.0
2026,5,2026-04-12,Tom,Atkins,Geelong Cats,RR,9.0,391.0,7.0,24.0,6.0,4.0,13.0,2.0,66.7,20.0
2026,5,2026-04-12,Jack,Bowes,Geelong Cats,INT,10.0,329.0,1.0,12.0,1.0,0.0,5.0,0.0,84.2,16.0
2026,5,2026-04-12,Tanner,Bruhn,Geelong Cats,CHB,11.0,510.0,3.0,16.0,3.0,2.0,4.0,0.0,67.9,19.0
2026,5,2026-04-12,Jeremy,Cameron,Geelong Cats,HFFL,5.0,237.0,1.0,7.0,4.0,0.0,3.0,4.0,46.2,6.0
2026,5,2026-04-12,Brad,Close,Geelong Cats,INT,7.0,205.0,0.0,15.0,2.0,0.0,1.0,1.0,60.0,6.0
2026,5,2026-04-12,Sam,De Koning,Geelong Cats,INT,5.0,166.0,6.0,6.0,0.0,0.0,3.0,0.0,100.0,12.0
2026,5,2026-04-12,Oliver,Dempsey,Geelong Cats,WL,5.0,205.0,2.0,16.0,4.0,0.0,4.0,1.0,50.0,8.0
2026,5,2026-04-12,Mitchell,Edwards,Geelong Cats,RK,6.0,28.0,2.0,12.0,3.0,2.0,4.0,0.0,62.5,5.0
2026,5,2026-04-12,Zach,Guthrie,Geelong Cats,HBFR,3.0,117.0,7.0,6.0,2.0,0.0,4.0,0.0,92.3,12.0
2026,5,2026-04-12,Oliver,Henry,Geelong Cats,FPR,7.0,202.0,3.0,14.0,2.0,0.0,5.0,0.0,60.0,6.0
2026,5,2026-04-12,Max,Holmes,Geelong Cats,R,7.0,670.0,6.0,9.0,6.0,1.0,8.0,0.0,82.4,28.0
2026,5,2026-04-12,Lawson,Humphries,Geelong Cats,INT,8.0,476.0,3.0,5.0,3.0,0.0,2.0,0.0,55.6,10.0
2026,5,2026-04-12,Jake,Kolodjashnij,Geelong Cats,BPL,3.0,248.0,5.0,3.0,2.0,0.0,1.0,0.0,66.7,8.0
2026,5,2026-04-12,Shaun,Mannagh,Geelong Cats,HFFR,2.0,177.0,1.0,15.0,4.0,0.0,0.0,2.0,25.0,2.0
2026,5,2026-04-12,Gryan,Miers,Geelong Cats,CHF,6.0,286.0,1.0,11.0,0.0,0.0,6.0,0.0,73.7,14.0
2026,5,2026-04-12,Oisin,Mullin,Geelong Cats,HBFL,3.0,129.0,4.0,11.0,3.0,0.0,2.0,0.0,83.3,10.0
2026,5,2026-04-12,Shannon,Neale,Geelong Cats,FF,7.0,158.0,1.0,13.0,2.0,0.0,1.0,2.0,62.5,5.0
2026,5,2026-04-12,Mark,O'Connor,Geelong Cats,WR,5.0,301.0,3.0,12.0,1.0,0.0,4.0,0.0,92.9,13.0
2026,5,2026-04-12,Connor,O'Sullivan,Geelong Cats,FB,4.0,310.0,7.0,5.0,5.0,0.0,3.0,0.0,78.9,15.0
2026,5,2026-04-12,Bailey,Smith,Geelong Cats,C,13.0,868.0,3.0,20.0,6.0,3.0,8.0,2.0,64.7,22.0
2026,5,2026-04-12,Tom,Stewart,Geelong Cats,BPR,4.0,366.0,6.0,6.0,4.0,0.0,3.0,0.0,71.4,10.0
2026,5,2026-04-12,Oliver,Wiltshire,Geelong Cats,FPL,3.0,169.0,1.0,9.0,1.0,0.0,2.0,1.0,25.0,2.0
2026,5,2026-04-12,James,Worpel,Geelong Cats,INT,9.0,254.0,3.0,12.0,2.0,6.0,11.0,0.0,80.0,16.0
2026,5,2026-04-12,Bo,Allan,West Coast Eagles,WR,2.0,189.0,1.0,9.0,3.0,0.0,2.0,0.0,77.8,7.0
2026,5,2026-04-12,Liam,Baker,West Coast Eagles,HBFR,5.0,236.0,2.0,14.0,4.0,0.0,7.0,2.0,84.6,11.0
2026,5,2026-04-12,Sandy,Brock,West Coast Eagles,CHB,3.0,172.0,6.0,9.0,4.0,0.0,4.0,0.0,80.0,8.0
2026,5,2026-04-12,Hamish,Davis,West Coast Eagles,INT,2.0,348.0,8.0,12.0,3.0,0.0,6.0,0.0,64.7,11.0
2026,5,2026-04-12,Cooper,Duff-Tytler,West Coast Eagles,INT,1.0,40.0,1.0,6.0,2.0,1.0,3.0,1.0,50.0,2.0
2026,5,2026-04-12,Liam,Duggan,West Coast Eagles,BPL,4.0,489.0,5.0,8.0,11.0,0.0,4.0,0.0,45.5,10.0
2026,5,2026-04-12,Willem,Duursma,West Coast Eagles,HFFL,4.0,531.0,5.0,13.0,6.0,0.0,6.0,0.0,70.0,14.0
2026,5,2026-04-12,Reuben,Ginbey,West Coast Eagles,BPR,1.0,150.0,10.0,5.0,1.0,0.0,6.0,0.0,93.8,15.0
2026,5,2026-04-12,Jack,Graham,West Coast Eagles,C,4.0,176.0,1.0,20.0,5.0,1.0,5.0,0.0,78.6,11.0
2026,5,2026-04-12,Elijah,Hewett,West Coast Eagles,HFFR,5.0,260.0,1.0,15.0,2.0,0.0,2.0,0.0,57.1,8.0
2026,5,2026-04-12,Brady,Hough,West Coast Eagles,HBFL,4.0,206.0,2.0,7.0,2.0,0.0,1.0,0.0,66.7,6.0
2026,5,2026-04-12,Tim,Kelly,West Coast Eagles,R,6.0,380.0,2.0,15.0,5.0,1.0,6.0,0.0,59.1,13.0
2026,5,2026-04-12,Josh,Lindsay,West Coast Eagles,INT,4.0,537.0,3.0,2.0,4.0,0.0,2.0,0.0,85.7,18.0
2026,5,2026-04-12,Jobe,Shanahan,West Coast Eagles,FPR,7.0,246.0,0.0,7.0,1.0,0.0,1.0,0.0,77.8,7.0
2026,5,2026-04-12,Jake,Waterman,West Coast Eagles,FF,8.0,211.0,1.0,8.0,1.0,0.0,2.0,0.0,58.3,7.0
2026,5,2026-04-12,Bailey J.,Williams,West Coast Eagles,RK,5.0,213.0,5.0,14.0,3.0,3.0,6.0,0.0,70.0,14.0
2026,5,2026-04-12,Tylar,Young,West Coast Eagles,FB,0.0,216.0,5.0,7.0,2.0,0.0,1.0,0.0,91.7,11.0
2026,5,2026-04-12,Tom,McCarthy,West Coast Eagles,WL,3.0,791.0,1.0,9.0,5.0,0.0,1.0,0.0,64.3,18.0
2026,5,2026-04-12,Matthew,Owies,West Coast Eagles,FPL,3.0,155.0,1.0,8.0,1.0,0.0,3.0,1.0,71.4,5.0
2026,5,2026-04-12,Archer,Reid,West Coast Eagles,CHF,1.0,23.0,0.0,10.0,0.0,0.0,0.0,1.0,50.0,1.0
2026,5,2026-04-12,Harley,Reid,West Coast Eagles,RR,6.0,337.0,4.0,18.0,5.0,2.0,9.0,1.0,68.2,15.0
2026,5,2026-04-12,Deven,Robertson,West Coast Eagles,INT,4.0,185.0,3.0,14.0,1.0,1.0,6.0,1.0,80.0,12.0
2026,5,2026-04-12,Harry,Schoenberg,West Coast Eagles,INT,4.0,141.0,0.0,15.0,4.0,0.0,4.0,1.0,45.5,5.0
2026,5,2026-04-12,Ryan,Angwin,GWS GIANTS,WL,3.0,202.0,2.0,12.0,1.0,0.0,3.0,0.0,71.4,10.0
2026,5,2026-04-12,Lachie,Ash,GWS GIANTS,HBFL,6.0,932.0,3.0,9.0,5.0,0.0,7.0,0.0,80.0,28.0
2026,5,2026-04-12,Toby,Bedford,GWS GIANTS,HFFR,6.0,161.0,2.0,10.0,1.0,0.0,3.0,2.0,92.3,12.0
2026,5,2026-04-12,Jack,Buckley,GWS GIANTS,BPR,4.0,342.0,6.0,4.0,3.0,0.0,1.0,0.0,76.9,10.0
2026,5,2026-04-12,Aaron,Cadman,GWS GIANTS,FPR,6.0,163.0,1.0,4.0,3.0,0.0,3.0,0.0,72.7,8.0
2026,5,2026-04-12,Finn,Callaghan,GWS GIANTS,R,8.0,483.0,6.0,16.0,8.0,3.0,14.0,0.0,64.9,24.0
2026,5,2026-04-12,Stephen,Coniglio,GWS GIANTS,INT,1.0,104.0,0.0,12.0,1.0,0.0,1.0,1.0,85.7,6.0
2026,5,2026-04-12,Brent,Daniels,GWS GIANTS,CHF,7.0,287.0,2.0,16.0,1.0,0.0,5.0,0.0,71.4,10.0
2026,5,2026-04-12,Joe,Fonti,GWS GIANTS,HBFR,1.0,305.0,5.0,9.0,3.0,0.0,1.0,0.0,71.4,10.0
2026,5,2026-04-12,Phoenix,Gothard,GWS GIANTS,HFFL,9.0,241.0,1.0,15.0,3.0,0.0,2.0,0.0,100.0,18.0
2026,5,2026-04-12,Toby,Greene,GWS GIANTS,RR,7.0,493.0,3.0,10.0,5.0,0.0,6.0,1.0,55.2,16.0
2026,5,2026-04-12,Oliver,Hannaford,GWS GIANTS,INT,7.0,199.0,0.0,12.0,4.0,0.0,6.0,0.0,46.2,6.0
2026,5,2026-04-12,Harry,Himmelberg,GWS GIANTS,INT,4.0,301.0,5.0,7.0,2.0,0.0,3.0,0.0,84.6,11.0
2026,5,2026-04-12,Jesse,Hogan,GWS GIANTS,FPL,8.0,302.0,1.0,7.0,1.0,0.0,0.0,0.0,66.7,6.0
2026,5,2026-04-12,Connor,Idun,GWS GIANTS,FB,2.0,186.0,7.0,7.0,2.0,0.0,4.0,0.0,76.5,13.0
2026,5,2026-04-12,Jayden,Laverde,GWS GIANTS,BPL,4.0,127.0,10.0,4.0,2.0,0.0,3.0,0.0,90.0,18.0
2026,5,2026-04-12,Nicholas,Madden,GWS GIANTS,RK,6.0,113.0,3.0,22.0,4.0,4.0,11.0,0.0,50.0,8.0
2026,5,2026-04-12,Xavier,O'Halloran,GWS GIANTS,INT,5.0,400.0,1.0,17.0,3.0,0.0,3.0,0.0,77.8,14.0
2026,5,2026-04-12,Clayton,Oliver,GWS GIANTS,C,10.0,319.0,3.0,18.0,1.0,1.0,11.0,0.0,74.2,23.0
2026,5,2026-04-12,Jake,Riccardi,GWS GIANTS,INT,7.0,123.0,2.0,7.0,1.0,0.0,1.0,2.0,90.9,10.0
2026,5,2026-04-12,Jake,Stringer,GWS GIANTS,FF,9.0,507.0,1.0,16.0,3.0,3.0,4.0,1.0,57.1,12.0
2026,5,2026-04-12,Harvey,Thomas,GWS GIANTS,WR,7.0,367.0,5.0,11.0,3.0,0.0,7.0,1.0,75.0,15.0
2026,5,2026-04-12,Lachie,Whitfield,GWS GIANTS,CHB,4.0,407.0,4.0,13.0,6.0,0.0,6.0,1.0,87.1,27.0
2026,5,2026-04-12,Noah,Balta,Richmond,FB,1.0,368.0,5.0,7.0,4.0,0.0,2.0,0.0,64.3,9.0
2026,5,2026-04-12,Sam,Banks,Richmond,WR,1.0,226.0,4.0,13.0,3.0,0.0,5.0,0.0,76.5,13.0
2026,5,2026-04-12,Nathan,Broad,Richmond,BPL,4.0,258.0,9.0,7.0,1.0,0.0,7.0,0.0,80.0,16.0
2026,5,2026-04-12,Tom,Brown,Richmond,INT,1.0,376.0,5.0,6.0,3.0,0.0,3.0,0.0,100.0,15.0
2026,5,2026-04-12,Seth,Campbell,Richmond,HFFL,5.0,413.0,1.0,19.0,7.0,0.0,6.0,0.0,68.8,11.0
2026,5,2026-04-12,Jonty,Faull,Richmond,FF,1.0,35.0,0.0,11.0,1.0,0.0,1.0,0.0,50.0,1.0
2026,5,2026-04-12,Liam,Fawcett,Richmond,FPL,6.0,91.0,0.0,7.0,0.0,0.0,1.0,0.0,66.7,4.0
2026,5,2026-04-12,Campbell,Gray,Richmond,INT,2.0,33.0,0.0,10.0,0.0,1.0,1.0,0.0,80.0,4.0
2026,5,2026-04-12,Steely,Green,Richmond,INT,5.0,202.0,2.0,26.0,1.0,0.0,5.0,0.0,80.0,12.0
2026,5,2026-04-12,Sam,Grlj,Richmond,HBFR,1.0,166.0,4.0,20.0,3.0,0.0,3.0,0.0,78.6,11.0
2026,5,2026-04-12,Oliver,Hayes-Brown,Richmond,RK,3.0,117.0,3.0,8.0,1.0,4.0,3.0,0.0,70.0,7.0
2026,5,2026-04-12,Jacob,Hopper,Richmond,INT,4.0,326.0,3.0,21.0,7.0,4.0,14.0,1.0,53.8,14.0
2026,5,2026-04-12,Sam,Lalor,Richmond,RR,3.0,403.0,0.0,16.0,2.0,2.0,7.0,1.0,72.2,13.0
2026,5,2026-04-12,Mykelti,Lefau,Richmond,FPR,5.0,115.0,3.0,25.0,0.0,0.0,1.0,4.0,83.3,5.0
2026,5,2026-04-12,Ben,Miller,Richmond,CHB,2.0,357.0,8.0,4.0,4.0,0.0,3.0,0.0,93.3,14.0
2026,5,2026-04-12,Dion,Prestia,Richmond,C,3.0,322.0,0.0,24.0,7.0,1.0,5.0,0.0,75.0,15.0
2026,5,2026-04-12,Maurice,Rioli,Richmond,HFFR,2.0,111.0,1.0,30.0,5.0,0.0,3.0,5.0,42.9,3.0
2026,5,2026-04-12,Jack,Ross,Richmond,CHF,4.0,364.0,1.0,26.0,2.0,1.0,5.0,1.0,73.7,14.0
2026,5,2026-04-12,Jayden,Short,Richmond,HBFL,3.0,439.0,5.0,4.0,4.0,1.0,2.0,0.0,82.6,19.0
2026,5,2026-04-12,Tyler,Sonsie,Richmond,WL,1.0,412.0,2.0,7.0,4.0,0.0,3.0,0.0,82.4,14.0
2026,5,2026-04-12,Tim,Taranto,Richmond,R,6.0,416.0,0.0,22.0,6.0,3.0,10.0,1.0,68.0,17.0
2026,5,2026-04-12,Luke,Trainor,Richmond,INT,0.0,112.0,4.0,17.0,6.0,0.0,4.0,0.0,50.0,6.0
2026,5,2026-04-12,Nick,Vlastuin,Richmond,BPR,1.0,233.0,6.0,13.0,2.0,0.0,2.0,0.0,81.8,9.0
2026,5,2026-04-12,Aliir,Aliir,Port Adelaide,CHB,2.0,256.0,9.0,7.0,3.0,0.0,1.0,0.0,87.5,14.0
2026,5,2026-04-12,Miles,Bergman,Port Adelaide,HFFR,1.0,288.0,1.0,8.0,4.0,1.0,2.0,1.0,63.6,7.0
2026,5,2026-04-12,Joe,Berry,Port Adelaide,INT,4.0,147.0,1.0,16.0,2.0,1.0,2.0,0.0,61.5,8.0
2026,5,2026-04-12,Jase,Burgoyne,Port Adelaide,FPL,1.0,277.0,5.0,8.0,4.0,0.0,5.0,2.0,60.0,9.0
2026,5,2026-04-12,Zak,Butters,Port Adelaide,RR,6.0,631.0,7.0,15.0,6.0,1.0,13.0,1.0,64.5,20.0
2026,5,2026-04-12,Darcy,Byrne-Jones,Port Adelaide,BPL,3.0,370.0,7.0,8.0,6.0,0.0,5.0,0.0,66.7,14.0
2026,5,2026-04-12,Willem,Drew,Port Adelaide,R,6.0,321.0,4.0,27.0,6.0,2.0,9.0,1.0,78.9,15.0
2026,5,2026-04-12,Corey,Durdin,Port Adelaide,INT,4.0,98.0,0.0,12.0,0.0,0.0,2.0,1.0,57.1,4.0
2026,5,2026-04-12,Logan,Evans,Port Adelaide,HBFL,4.0,346.0,9.0,14.0,6.0,0.0,4.0,1.0,81.0,17.0
2026,5,2026-04-12,Kane,Farrell,Port Adelaide,HBFR,2.0,534.0,4.0,12.0,5.0,0.0,4.0,0.0,70.0,14.0
2026,5,2026-04-12,Mitch,Georgiades,Port Adelaide,CHF,7.0,244.0,0.0,9.0,3.0,0.0,2.0,0.0,60.0,9.0
2026,5,2026-04-12,Jason,Horne-Francis,Port Adelaide,C,8.0,376.0,4.0,14.0,2.0,4.0,7.0,0.0,61.5,16.0
2026,5,2026-04-12,Lachie,Jones,Port Adelaide,FB,2.0,347.0,6.0,7.0,1.0,0.0,4.0,0.0,88.9,16.0
2026,5,2026-04-12,Josh,Lai,Port Adelaide,INT,2.0,87.0,3.0,5.0,2.0,0.0,2.0,0.0,77.8,7.0
2026,5,2026-04-12,Jack,Lukosius,Port Adelaide,HFFL,3.0,398.0,0.0,8.0,3.0,0.0,1.0,0.0,58.3,7.0
2026,5,2026-04-12,Ewan,Mackinlay,Port Adelaide,WL,2.0,158.0,6.0,22.0,0.0,0.0,3.0,1.0,80.0,12.0
2026,5,2026-04-12,Todd,Marshall,Port Adelaide,BPR,4.0,275.0,2.0,3.0,0.0,0.0,1.0,1.0,76.9,10.0
2026,5,2026-04-12,Joe,Richards,Port Adelaide,FPR,6.0,341.0,2.0,23.0,6.0,0.0,6.0,2.0,52.9,9.0
2026,5,2026-04-12,Jordon,Sweet,Port Adelaide,RK,3.0,107.0,2.0,9.0,2.0,1.0,4.0,0.0,45.5,5.0
2026,5,2026-04-12,Jack,Watkins,Port Adelaide,INT,1.0,186.0,3.0,10.0,6.0,0.0,3.0,0.0,30.8,4.0
2026,5,2026-04-12,Jacob,Wehr,Port Adelaide,WR,1.0,237.0,1.0,16.0,4.0,0.0,0.0,3.0,44.4,4.0
2026,5,2026-04-12,Jack,Whitlock,Port Adelaide,FF,2.0,59.0,0.0,10.0,3.0,0.0,1.0,0.0,66.7,4.0
2026,5,2026-04-12,Ollie,Wines,Port Adelaide,INT,9.0,193.0,6.0,19.0,4.0,1.0,11.0,1.0,61.5,16.0
2026,5,2026-04-12,Hugh,Boxshall,St Kilda,WL,0.0,184.0,3.0,21.0,6.0,1.0,2.0,0.0,55.6,5.0
2026,5,2026-04-12,Dan,Butler,St Kilda,INT,1.0,173.0,2.0,21.0,2.0,0.0,3.0,1.0,77.8,7.0
2026,5,2026-04-12,Jack,Carroll,St Kilda,INT,2.0,469.0,6.0,6.0,5.0,0.0,4.0,0.0,83.3,15.0
2026,5,2026-04-12,Hunter,Clark,St Kilda,INT,0.0,341.0,2.0,11.0,4.0,0.0,2.0,0.0,73.3,11.0
2026,5,2026-04-12,Tom,De Koning,St Kilda,RK,5.0,121.0,2.0,10.0,1.0,1.0,1.0,0.0,88.9,8.0
2026,5,2026-04-12,Sam,Flanders,St Kilda,RR,4.0,350.0,3.0,17.0,5.0,0.0,6.0,1.0,66.7,12.0
2026,5,2026-04-12,Hugo,Garcia,St Kilda,INT,4.0,357.0,0.0,10.0,3.0,6.0,7.0,0.0,73.1,19.0
2026,5,2026-04-12,Max,Hall,St Kilda,C,6.0,147.0,2.0,14.0,2.0,0.0,8.0,0.0,85.7,12.0
2026,5,2026-04-12,Jack,Higgins,St Kilda,FPL,3.0,157.0,0.0,10.0,1.0,0.0,1.0,2.0,71.4,5.0
2026,5,2026-04-12,Bradley,Hill,St Kilda,CHB,1.0,414.0,5.0,8.0,7.0,0.0,3.0,0.0,52.4,11.0
2026,5,2026-04-12,Rowan,Marshall,St Kilda,FPR,2.0,79.0,2.0,7.0,2.0,1.0,1.0,0.0,62.5,5.0
2026,5,2026-04-12,Mitch,Owens,St Kilda,HFFR,7.0,109.0,1.0,10.0,3.0,0.0,5.0,3.0,88.9,8.0
2026,5,2026-04-12,Mattaes,Phillipou,St Kilda,INT,6.0,249.0,1.0,15.0,3.0,0.0,2.0,1.0,53.3,8.0
2026,5,2026-04-12,Liam,Ryan,St Kilda,CHF,4.0,188.0,1.0,7.0,3.0,0.0,3.0,2.0,37.5,3.0
2026,5,2026-04-12,Cooper,Sharman,St Kilda,FF,3.0,81.0,1.0,10.0,2.0,0.0,1.0,0.0,57.1,4.0
2026,5,2026-04-12,Jack,Silvagni,St Kilda,BPL,2.0,372.0,12.0,6.0,6.0,0.0,6.0,0.0,77.8,14.0
2026,5,2026-04-12,Jack,Sinclair,St Kilda,HBFL,1.0,345.0,5.0,17.0,4.0,0.0,1.0,1.0,78.3,18.0
2026,5,2026-04-12,Alix,Tauru,St Kilda,BPR,1.0,119.0,4.0,10.0,1.0,0.0,2.0,1.0,84.6,11.0
2026,5,2026-04-12,Nasiah,Wanganeen-Milera,St Kilda,HBFR,6.0,524.0,4.0,16.0,6.0,4.0,6.0,2.0,64.3,18.0
2026,5,2026-04-12,Callum,Wilkie,St Kilda,FB,1.0,416.0,9.0,10.0,7.0,0.0,2.0,0.0,87.0,20.0
2026,5,2026-04-12,Darcy,Wilson,St Kilda,WR,3.0,123.0,3.0,16.0,1.0,0.0,4.0,1.0,61.5,8.0
2026,5,2026-04-12,Marcus,Windhager,St Kilda,R,5.0,490.0,7.0,22.0,6.0,0.0,10.0,0.0,62.5,15.0
2026,5,2026-04-12,Mason,Wood,St Kilda,HFFL,4.0,134.0,3.0,13.0,2.0,0.0,3.0,0.0,71.4,5.0
2026,6,2026-04-16,Ben,Ainsworth,Carlton,HFFR,7.0,256.0,0.0,9.0,5.0,0.0,1.0,0.0,73.7,14.0
2026,6,2026-04-16,Talor,Byrne,Carlton,INT,4.0,152.0,0.0,14.0,1.0,0.0,1.0,0.0,62.5,5.0
2026,6,2026-04-16,Matthew,Carroll,Carlton,WR,7.0,385.0,5.0,14.0,3.0,0.0,5.0,0.0,70.6,12.0
2026,6,2026-04-16,Adam,Cerra,Carlton,HFFL,7.0,210.0,2.0,18.0,4.0,0.0,8.0,1.0,54.5,12.0
2026,6,2026-04-16,Lachlan,Cowan,Carlton,INT,4.0,410.0,7.0,8.0,2.0,0.0,3.0,0.0,75.0,15.0
2026,6,2026-04-16,Patrick,Cripps,Carlton,C,4.0,174.0,2.0,22.0,3.0,4.0,6.0,0.0,72.0,18.0
2026,6,2026-04-16,Harry,Dean,Carlton,BPL,3.0,115.0,4.0,7.0,0.0,0.0,3.0,0.0,84.6,11.0
2026,6,2026-04-16,Francis,Evans,Carlton,FPR,5.0,292.0,1.0,15.0,4.0,0.0,2.0,2.0,60.0,6.0
2026,6,2026-04-16,Oliver,Florent,Carlton,HBFL,5.0,575.0,3.0,13.0,0.0,0.0,6.0,1.0,82.6,19.0
2026,6,2026-04-16,Nick,Haynes,Carlton,BPR,3.0,255.0,5.0,8.0,4.0,1.0,5.0,0.0,61.1,11.0
2026,6,2026-04-16,Will,Hayward,Carlton,FPL,7.0,294.0,2.0,11.0,3.0,0.0,4.0,0.0,75.0,12.0
2026,6,2026-04-16,Elijah,Hollands,Carlton,CHF,0.0,1.0,0.0,3.0,0.0,0.0,0.0,0.0,0.0,0.0
2026,6,2026-04-16,Oliver,Hollands,Carlton,WL,2.0,217.0,3.0,10.0,0.0,0.0,4.0,0.0,68.8,11.0
2026,6,2026-04-16,Brodie,Kemp,Carlton,CHB,7.0,146.0,1.0,3.0,5.0,0.0,6.0,0.0,68.8,11.0
2026,6,2026-04-16,Mitch,McGovern,Carlton,INT,5.0,101.0,1.0,10.0,0.0,0.0,0.0,1.0,100.0,7.0
2026,6,2026-04-16,Harry,McKay,Carlton,FF,8.0,185.0,1.0,2.0,2.0,0.0,2.0,0.0,58.3,7.0
2026,6,2026-04-16,Nic,Newman,Carlton,HBFR,6.0,468.0,4.0,11.0,5.0,0.0,2.0,0.0,79.2,19.0
2026,6,2026-04-16,Marc,Pittonet,Carlton,RK,5.0,133.0,3.0,8.0,2.0,4.0,7.0,3.0,42.9,9.0
2026,6,2026-04-16,Jagga,Smith,Carlton,INT,5.0,97.0,1.0,16.0,3.0,0.0,5.0,0.0,70.0,14.0
2026,6,2026-04-16,Sam,Walsh,Carlton,R,7.0,386.0,3.0,28.0,3.0,0.0,8.0,1.0,78.6,22.0
2026,6,2026-04-16,Jacob,Weitering,Carlton,FB,5.0,319.0,7.0,6.0,6.0,0.0,6.0,0.0,80.0,16.0
2026,6,2026-04-16,Zac,Williams,Carlton,RR,5.0,361.0,7.0,16.0,1.0,1.0,9.0,0.0,84.6,22.0
2026,6,2026-04-16,Lewis,Young,Carlton,INT,1.0,154.0,2.0,9.0,3.0,1.0,0.0,0.0,62.5,5.0
2026,6,2026-04-16,Edward,Allan,Collingwood,WR,1.0,216.0,2.0,15.0,0.0,0.0,3.0,1.0,90.0,9.0
2026,6,2026-04-16,Angus,Anderson,Collingwood,INT,3.0,311.0,1.0,16.0,5.0,0.0,2.0,1.0,58.8,10.0
2026,6,2026-04-16,Darcy,Cameron,Collingwood,RK,6.0,143.0,5.0,9.0,2.0,0.0,3.0,1.0,72.2,13.0
2026,6,2026-04-16,Jack,Crisp,Collingwood,R,4.0,371.0,2.0,18.0,5.0,0.0,6.0,1.0,71.4,15.0
2026,6,2026-04-16,Josh,Daicos,Collingwood,HBFR,6.0,407.0,3.0,6.0,6.0,0.0,5.0,0.0,76.9,20.0
2026,6,2026-04-16,Nick,Daicos,Collingwood,CHF,9.0,449.0,3.0,14.0,5.0,4.0,11.0,0.0,79.5,31.0
2026,6,2026-04-16,Jamie,Elliott,Collingwood,FF,9.0,200.0,3.0,18.0,4.0,0.0,3.0,0.0,61.1,11.0
2026,6,2026-04-16,Billy,Frampton,Collingwood,BPL,3.0,123.0,4.0,4.0,1.0,0.0,1.0,0.0,85.7,12.0
2026,6,2026-04-16,William,Hayes,Collingwood,INT,3.0,79.0,1.0,8.0,1.0,0.0,2.0,1.0,66.7,4.0
2026,6,2026-04-16,Dan,Houston,Collingwood,CHB,4.0,274.0,2.0,12.0,1.0,1.0,2.0,0.0,88.0,22.0
2026,6,2026-04-16,Jeremy,Howe,Collingwood,FB,3.0,466.0,6.0,4.0,1.0,0.0,1.0,0.0,100.0,22.0
2026,6,2026-04-16,Patrick,Lipinski,Collingwood,WL,6.0,363.0,5.0,20.0,5.0,0.0,4.0,1.0,70.4,19.0
2026,6,2026-04-16,Ned,Long,Collingwood,RR,3.0,272.0,3.0,21.0,5.0,3.0,7.0,1.0,59.1,13.0
2026,6,2026-04-16,Brayden,Maynard,Collingwood,BPR,2.0,328.0,6.0,11.0,1.0,0.0,3.0,0.0,77.8,14.0
2026,6,2026-04-16,Beau,McCreery,Collingwood,HFFL,6.0,316.0,1.0,25.0,3.0,2.0,5.0,1.0,66.7,10.0
2026,6,2026-04-16,Daniel,McStay,Collingwood,FPL,3.0,125.0,0.0,9.0,4.0,0.0,1.0,0.0,57.1,4.0
2026,6,2026-04-16,Tim,Membrey,Collingwood,INT,5.0,107.0,1.0,10.0,2.0,0.0,1.0,1.0,88.9,8.0
2026,6,2026-04-16,Scott,Pendlebury,Collingwood,C,2.0,106.0,1.0,13.0,2.0,3.0,4.0,0.0,87.5,21.0
2026,6,2026-04-16,Harry,Perryman,Collingwood,INT,6.0,443.0,6.0,13.0,4.0,0.0,5.0,0.0,66.7,18.0
2026,6,2026-04-16,Isaac,Quaynor,Collingwood,HBFL,1.0,110.0,2.0,5.0,0.0,0.0,2.0,0.0,90.9,10.0
2026,6,2026-04-16,Lachie,Schultz,Collingwood,HFFR,2.0,261.0,0.0,18.0,2.0,0.0,2.0,3.0,64.3,9.0
2026,6,2026-04-16,Roan,Steele,Collingwood,INT,3.0,274.0,2.0,11.0,4.0,0.0,4.0,2.0,61.1,11.0
2026,6,2026-04-16,Oscar,Steene,Collingwood,FPR,5.0,78.0,1.0,5.0,1.0,0.0,1.0,0.0,75.0,6.0
2026,6,2026-04-17,Tom,Atkins,Geelong Cats,RR,5.0,127.0,2.0,17.0,0.0,2.0,6.0,2.0,87.5,14.0
2026,6,2026-04-17,Mark,Blicavs,Geelong Cats,HBFL,6.0,172.0,1.0,19.0,1.0,1.0,6.0,2.0,76.9,10.0
2026,6,2026-04-17,Jack,Bowes,Geelong Cats,INT,9.0,395.0,3.0,15.0,5.0,0.0,4.0,1.0,65.2,15.0
2026,6,2026-04-17,Tanner,Bruhn,Geelong Cats,HBFR,5.0,102.0,4.0,15.0,1.0,1.0,3.0,1.0,75.0,12.0
2026,6,2026-04-17,Jeremy,Cameron,Geelong Cats,HFFL,12.0,416.0,0.0,3.0,4.0,0.0,1.0,0.0,72.2,13.0
2026,6,2026-04-17,Patrick,Dangerfield,Geelong Cats,FPL,11.0,197.0,1.0,3.0,3.0,0.0,7.0,0.0,52.6,10.0
2026,6,2026-04-17,Sam,De Koning,Geelong Cats,CHB,2.0,151.0,6.0,5.0,2.0,0.0,3.0,0.0,85.7,12.0
2026,6,2026-04-17,Oliver,Dempsey,Geelong Cats,WL,8.0,457.0,3.0,7.0,2.0,0.0,0.0,0.0,88.9,24.0
2026,6,2026-04-17,Mitchell,Edwards,Geelong Cats,RK,4.0,81.0,1.0,10.0,1.0,1.0,1.0,1.0,55.6,5.0
2026,6,2026-04-17,Zach,Guthrie,Geelong Cats,INT,6.0,361.0,6.0,8.0,4.0,0.0,5.0,0.0,84.0,21.0
2026,6,2026-04-17,Oliver,Henry,Geelong Cats,INT,3.0,75.0,1.0,5.0,3.0,0.0,2.0,0.0,66.7,6.0
2026,6,2026-04-17,Max,Holmes,Geelong Cats,R,10.0,510.0,6.0,11.0,3.0,0.0,5.0,0.0,82.1,23.0
2026,6,2026-04-17,Lawson,Humphries,Geelong Cats,INT,7.0,533.0,8.0,10.0,5.0,0.0,8.0,0.0,83.3,20.0
2026,6,2026-04-17,Jake,Kolodjashnij,Geelong Cats,BPL,2.0,210.0,5.0,6.0,2.0,0.0,5.0,0.0,85.7,12.0
2026,6,2026-04-17,Shaun,Mannagh,Geelong Cats,HFFR,7.0,474.0,1.0,19.0,5.0,0.0,5.0,0.0,57.1,12.0
2026,6,2026-04-17,Jack,Martin,Geelong Cats,FPR,11.0,222.0,1.0,9.0,1.0,0.0,4.0,1.0,83.3,15.0
2026,6,2026-04-17,Oisin,Mullin,Geelong Cats,WR,7.0,300.0,2.0,15.0,2.0,0.0,1.0,2.0,53.8,7.0
2026,6,2026-04-17,Shannon,Neale,Geelong Cats,FF,9.0,177.0,4.0,13.0,0.0,0.0,3.0,2.0,83.3,10.0
2026,6,2026-04-17,Connor,O'Sullivan,Geelong Cats,FB,3.0,82.0,2.0,2.0,0.0,0.0,3.0,0.0,80.0,8.0
2026,6,2026-04-17,Bailey,Smith,Geelong Cats,C,8.0,676.0,8.0,17.0,8.0,8.0,8.0,2.0,66.7,22.0
2026,6,2026-04-17,Tom,Stewart,Geelong Cats,BPR,3.0,332.0,5.0,12.0,2.0,0.0,3.0,0.0,86.7,13.0
2026,6,2026-04-17,Oliver,Wiltshire,Geelong Cats,CHF,4.0,94.0,0.0,8.0,2.0,0.0,0.0,0.0,83.3,5.0
2026,6,2026-04-17,James,Worpel,Geelong Cats,INT,7.0,341.0,2.0,20.0,2.0,1.0,6.0,0.0,81.3,13.0
2026,6,2026-04-17,Oskar,Baker,Western Bulldogs,INT,5.0,145.0,3.0,12.0,1.0,0.0,2.0,0.0,76.9,10.0
2026,6,2026-04-17,Marcus,Bontempelli,Western Bulldogs,C,2.0,220.0,3.0,8.0,5.0,1.0,8.0,0.0,78.6,11.0
2026,6,2026-04-17,Lachlan,Bramble,Western Bulldogs,HBFL,0.0,199.0,2.0,6.0,1.0,0.0,2.0,0.0,81.8,9.0
2026,6,2026-04-17,Jordan,Croft,Western Bulldogs,FPL,5.0,133.0,1.0,5.0,3.0,0.0,1.0,0.0,63.6,7.0
2026,6,2026-04-17,Bailey,Dale,Western Bulldogs,HBFR,3.0,656.0,6.0,10.0,4.0,0.0,5.0,0.0,72.4,21.0
2026,6,2026-04-17,Sam,Darcy,Western Bulldogs,CHF,1.0,51.0,0.0,2.0,1.0,1.0,2.0,1.0,60.0,3.0
2026,6,2026-04-17,Sam,Davidson,Western Bulldogs,WL,5.0,348.0,7.0,14.0,2.0,0.0,4.0,1.0,73.7,14.0
2026,6,2026-04-17,Louis,Emmett,Western Bulldogs,INT,3.0,74.0,1.0,15.0,3.0,2.0,4.0,0.0,38.5,5.0
2026,6,2026-04-17,Joel,Freijah,Western Bulldogs,HFFR,1.0,200.0,4.0,14.0,5.0,0.0,4.0,0.0,68.8,11.0
2026,6,2026-04-17,Cooper,Hynes,Western Bulldogs,INT,3.0,201.0,2.0,10.0,4.0,0.0,5.0,2.0,61.5,8.0
2026,6,2026-04-17,Lachie,Jaques,Western Bulldogs,INT,3.0,192.0,1.0,11.0,0.0,0.0,1.0,0.0,60.0,6.0
2026,6,2026-04-17,Matthew,Kennedy,Western Bulldogs,RR,4.0,405.0,1.0,19.0,4.0,4.0,11.0,1.0,74.1,20.0
2026,6,2026-04-17,Buku,Khamis,Western Bulldogs,FB,1.0,62.0,1.0,8.0,2.0,0.0,0.0,0.0,87.5,7.0
2026,6,2026-04-17,Will,Lewis,Western Bulldogs,RK,4.0,213.0,1.0,19.0,4.0,0.0,0.0,1.0,60.0,6.0
2026,6,2026-04-17,Tom,Liberatore,Western Bulldogs,INT,1.0,229.0,1.0,11.0,1.0,0.0,2.0,0.0,76.9,10.0
2026,6,2026-04-17,Rory,Lobb,Western Bulldogs,BPR,1.0,175.0,3.0,3.0,4.0,0.0,2.0,0.0,14.3,1.0
2026,6,2026-04-17,Aaron,Naughton,Western Bulldogs,FF,4.0,64.0,0.0,4.0,4.0,0.0,2.0,1.0,80.0,8.0
2026,6,2026-04-17,James,O'Donnell,Western Bulldogs,CHB,1.0,158.0,6.0,4.0,0.0,0.0,2.0,0.0,100.0,7.0
2026,6,2026-04-17,Ed,Richards,Western Bulldogs,R,6.0,521.0,0.0,27.0,7.0,3.0,8.0,0.0,63.3,19.0
2026,6,2026-04-17,Ryley,Sanders,Western Bulldogs,HFFL,4.0,349.0,1.0,24.0,4.0,1.0,7.0,0.0,64.0,16.0
2026,6,2026-04-17,Michael,Sellwood,Western Bulldogs,BPL,1.0,300.0,7.0,15.0,3.0,0.0,2.0,0.0,72.7,8.0
2026,6,2026-04-17,Rhylee,West,Western Bulldogs,FPR,5.0,279.0,4.0,12.0,4.0,0.0,7.0,0.0,70.6,12.0
2026,6,2026-04-17,Bailey,Williams,Western Bulldogs,WR,2.0,505.0,3.0,12.0,6.0,0.0,4.0,1.0,84.6,22.0
2026,6,2026-04-17,Joel,Amartey,Sydney Swans,FPL,2.0,153.0,0.0,8.0,6.0,1.0,4.0,2.0,50.0,4.0
2026,6,2026-04-17,Riley,Bice,Sydney Swans,INT,3.0,393.0,4.0,1.0,5.0,0.0,2.0,0.0,76.2,16.0
2026,6,2026-04-17,Nick,Blakey,Sydney Swans,CHB,9.0,882.0,6.0,12.0,7.0,0.0,4.0,0.0,76.5,26.0
2026,6,2026-04-17,Harry,Cunningham,Sydney Swans,HFFL,3.0,156.0,2.0,19.0,1.0,0.0,1.0,1.0,84.6,11.0
2026,6,2026-04-17,Charlie,Curnow,Sydney Swans,FF,5.0,229.0,1.0,4.0,2.0,0.0,3.0,0.0,70.0,7.0
2026,6,2026-04-17,Brodie,Grundy,Sydney Swans,RK,8.0,125.0,1.0,18.0,8.0,2.0,5.0,0.0,77.8,21.0
2026,6,2026-04-17,Joel,Hamling,Sydney Swans,BPL,0.0,68.0,5.0,7.0,1.0,0.0,3.0,0.0,88.9,8.0
2026,6,2026-04-17,Isaac,Heeney,Sydney Swans,C,3.0,438.0,6.0,16.0,7.0,4.0,11.0,1.0,67.9,19.0
2026,6,2026-04-17,James,Jordon,Sydney Swans,HFFR,6.0,372.0,3.0,16.0,4.0,0.0,7.0,0.0,72.2,13.0
2026,6,2026-04-17,Jake,Lloyd,Sydney Swans,WR,3.0,269.0,2.0,21.0,4.0,0.0,3.0,1.0,45.5,5.0
2026,6,2026-04-17,Tom,McCartin,Sydney Swans,FB,3.0,348.0,9.0,10.0,5.0,0.0,3.0,0.0,80.0,20.0
2026,6,2026-04-17,Logan,McDonald,Sydney Swans,INT,4.0,135.0,2.0,9.0,4.0,0.0,2.0,1.0,66.7,6.0
2026,6,2026-04-17,Justin,McInerney,Sydney Swans,R,5.0,394.0,3.0,17.0,3.0,2.0,6.0,0.0,76.9,20.0
2026,6,2026-04-17,Callum,Mills,Sydney Swans,HBFR,5.0,306.0,5.0,8.0,4.0,0.0,3.0,0.0,90.5,19.0
2026,6,2026-04-17,Tom,Papley,Sydney Swans,CHF,4.0,272.0,2.0,12.0,2.0,0.0,2.0,2.0,75.0,9.0
2026,6,2026-04-17,Matt,Roberts,Sydney Swans,HBFL,3.0,471.0,6.0,8.0,3.0,0.0,7.0,0.0,87.0,20.0
2026,6,2026-04-17,Malcolm,Rosas,Sydney Swans,FPR,5.0,182.0,3.0,13.0,3.0,0.0,8.0,2.0,76.9,10.0
2026,6,2026-04-17,James,Rowbottom,Sydney Swans,INT,5.0,309.0,2.0,30.0,7.0,3.0,1.0,1.0,62.5,10.0
2026,6,2026-04-17,Jai,Serong,Sydney Swans,WL,1.0,259.0,1.0,16.0,3.0,1.0,1.0,0.0,76.9,10.0
2026,6,2026-04-17,Angus,Sheldrick,Sydney Swans,INT,6.0,279.0,1.0,17.0,6.0,2.0,5.0,2.0,70.0,14.0
2026,6,2026-04-17,Chad,Warner,Sydney Swans,RR,4.0,519.0,5.0,19.0,6.0,1.0,6.0,0.0,61.5,16.0
2026,6,2026-04-17,Corey,Warner,Sydney Swans,INT,1.0,237.0,0.0,16.0,2.0,0.0,1.0,0.0,87.5,7.0
2026,6,2026-04-17,Sam,Wicks,Sydney Swans,BPR,3.0,430.0,9.0,14.0,9.0,1.0,7.0,0.0,52.4,11.0
2026,6,2026-04-17,Leek,Aleer,GWS GIANTS,RK,8.0,223.0,6.0,21.0,1.0,0.0,5.0,0.0,78.6,11.0
2026,6,2026-04-17,Ryan,Angwin,GWS GIANTS,WL,3.0,202.0,4.0,14.0,4.0,0.0,6.0,0.0,77.8,14.0
2026,6,2026-04-17,Lachie,Ash,GWS GIANTS,CHB,6.0,683.0,3.0,15.0,4.0,0.0,2.0,1.0,72.4,21.0
2026,6,2026-04-17,Toby,Bedford,GWS GIANTS,CHF,6.0,128.0,3.0,23.0,1.0,0.0,4.0,2.0,85.7,12.0
2026,6,2026-04-17,Callum,Brown,GWS GIANTS,FPL,2.0,66.0,1.0,9.0,0.0,0.0,2.0,2.0,100.0,4.0
2026,6,2026-04-17,Jack,Buckley,GWS GIANTS,BPR,1.0,212.0,8.0,6.0,3.0,0.0,2.0,0.0,63.6,7.0
2026,6,2026-04-17,Finn,Callaghan,GWS GIANTS,R,5.0,510.0,4.0,9.0,9.0,1.0,7.0,0.0,46.2,12.0
2026,6,2026-04-17,Joe,Fonti,GWS GIANTS,INT,4.0,257.0,10.0,15.0,5.0,0.0,5.0,0.0,86.7,13.0
2026,6,2026-04-17,Phoenix,Gothard,GWS GIANTS,HFFR,8.0,387.0,2.0,19.0,3.0,1.0,6.0,4.0,75.0,15.0
2026,6,2026-04-17,Toby,Greene,GWS GIANTS,RR,8.0,611.0,3.0,15.0,10.0,0.0,9.0,0.0,48.1,13.0
2026,6,2026-04-17,Oliver,Hannaford,GWS GIANTS,INT,4.0,234.0,0.0,11.0,7.0,0.0,1.0,1.0,45.5,5.0
2026,6,2026-04-17,Harry,Himmelberg,GWS GIANTS,HBFR,0.0,214.0,14.0,5.0,5.0,0.0,10.0,0.0,65.2,15.0
2026,6,2026-04-17,Connor,Idun,GWS GIANTS,FB,1.0,140.0,2.0,11.0,2.0,0.0,7.0,0.0,86.7,13.0
2026,6,2026-04-17,Jayden,Laverde,GWS GIANTS,BPL,1.0,255.0,11.0,9.0,4.0,0.0,5.0,0.0,75.0,15.0
2026,6,2026-04-17,Nicholas,Madden,GWS GIANTS,INT,4.0,43.0,6.0,7.0,3.0,1.0,4.0,0.0,66.7,8.0
2026,6,2026-04-17,Toby,McMullin,GWS GIANTS,INT,0.0,90.0,3.0,11.0,0.0,0.0,3.0,0.0,85.7,6.0
2026,6,2026-04-17,Xavier,O'Halloran,GWS GIANTS,HFFL,2.0,328.0,3.0,16.0,1.0,0.0,2.0,1.0,58.3,7.0
2026,6,2026-04-17,Clayton,Oliver,GWS GIANTS,C,9.0,562.0,4.0,14.0,6.0,6.0,14.0,1.0,81.1,30.0
2026,6,2026-04-17,Jake,Riccardi,GWS GIANTS,FPR,6.0,259.0,1.0,6.0,0.0,0.0,1.0,0.0,62.5,5.0
2026,6,2026-04-17,Harry,Rowston,GWS GIANTS,INT,4.0,261.0,2.0,15.0,3.0,0.0,4.0,1.0,61.9,13.0
2026,6,2026-04-17,Jake,Stringer,GWS GIANTS,FF,6.0,468.0,3.0,11.0,3.0,1.0,6.0,1.0,50.0,7.0
2026,6,2026-04-17,Harvey,Thomas,GWS GIANTS,WR,4.0,419.0,4.0,7.0,2.0,0.0,5.0,0.0,63.2,12.0
2026,6,2026-04-17,Lachie,Whitfield,GWS GIANTS,HBFL,5.0,454.0,5.0,16.0,2.0,0.0,5.0,0.0,89.7,26.0
2026,6,2026-04-18,Oscar,Adams,Gold Coast SUNS,INT,0.0,55.0,2.0,3.0,1.0,0.0,2.0,0.0,100.0,11.0
2026,6,2026-04-18,Mac,Andrew,Gold Coast SUNS,BPL,5.0,178.0,6.0,7.0,0.0,0.0,2.0,2.0,63.6,7.0
2026,6,2026-04-18,Charlie,Ballard,Gold Coast SUNS,HFFR,0.0,73.0,3.0,5.0,1.0,0.0,1.0,0.0,83.3,5.0
2026,6,2026-04-18,Sam,Collins,Gold Coast SUNS,FB,1.0,214.0,9.0,8.0,3.0,0.0,3.0,0.0,73.3,11.0
2026,6,2026-04-18,Will,Graham,Gold Coast SUNS,INT,2.0,227.0,0.0,11.0,2.0,0.0,4.0,0.0,80.0,8.0
2026,6,2026-04-18,Bailey,Humphrey,Gold Coast SUNS,CHF,10.0,493.0,2.0,18.0,2.0,1.0,3.0,3.0,52.6,10.0
2026,6,2026-04-18,Joel,Jeffrey,Gold Coast SUNS,WR,3.0,218.0,5.0,3.0,3.0,0.0,4.0,0.0,88.9,16.0
2026,6,2026-04-18,Ben,King,Gold Coast SUNS,FF,7.0,219.0,0.0,6.0,0.0,0.0,0.0,0.0,75.0,6.0
2026,6,2026-04-18,Leonardo,Lombard,Gold Coast SUNS,FPR,5.0,186.0,3.0,16.0,1.0,0.0,4.0,0.0,80.0,8.0
2026,6,2026-04-18,Ben,Long,Gold Coast SUNS,HFFL,10.0,243.0,1.0,12.0,1.0,0.0,3.0,1.0,75.0,9.0
2026,6,2026-04-18,Touk,Miller,Gold Coast SUNS,RR,8.0,459.0,5.0,19.0,5.0,2.0,8.0,1.0,61.5,16.0
2026,6,2026-04-18,John,Noble,Gold Coast SUNS,HBFL,3.0,438.0,7.0,12.0,4.0,0.0,5.0,0.0,84.0,21.0
2026,6,2026-04-18,Christian,Petracca,Gold Coast SUNS,C,10.0,414.0,2.0,11.0,1.0,4.0,9.0,0.0,76.0,19.0
2026,6,2026-04-18,Wil,Powell,Gold Coast SUNS,CHB,8.0,461.0,3.0,28.0,3.0,1.0,2.0,0.0,73.7,14.0
2026,6,2026-04-18,Ethan,Read,Gold Coast SUNS,FPL,8.0,254.0,2.0,5.0,2.0,1.0,5.0,0.0,68.8,11.0
2026,6,2026-04-18,Daniel,Rioli,Gold Coast SUNS,HBFR,4.0,316.0,2.0,4.0,3.0,0.0,4.0,0.0,78.3,18.0
2026,6,2026-04-18,Jake,Rogers,Gold Coast SUNS,INT,3.0,147.0,0.0,3.0,3.0,0.0,5.0,0.0,70.0,7.0
2026,6,2026-04-18,Matt,Rowell,Gold Coast SUNS,R,11.0,353.0,5.0,17.0,7.0,4.0,12.0,2.0,80.0,28.0
2026,6,2026-04-18,Bodhi,Uwland,Gold Coast SUNS,BPR,4.0,552.0,5.0,10.0,6.0,0.0,2.0,0.0,79.2,19.0
2026,6,2026-04-18,Zeke,Uwland,Gold Coast SUNS,INT,3.0,299.0,3.0,6.0,2.0,0.0,2.0,0.0,78.6,11.0
2026,6,2026-04-18,Jed,Walter,Gold Coast SUNS,INT,5.0,153.0,0.0,4.0,4.0,0.0,1.0,1.0,44.4,4.0
2026,6,2026-04-18,Lachie,Weller,Gold Coast SUNS,WL,5.0,337.0,6.0,10.0,5.0,0.0,9.0,0.0,57.1,12.0
2026,6,2026-04-18,Jarrod,Witts,Gold Coast SUNS,RK,8.0,177.0,2.0,9.0,1.0,2.0,3.0,0.0,78.6,11.0
2026,6,2026-04-18,Lachlan,Blakiston,Essendon,RK,1.0,137.0,4.0,10.0,2.0,0.0,2.0,0.0,71.4,5.0
2026,6,2026-04-18,Nate,Caddy,Essendon,CHF,4.0,202.0,1.0,6.0,4.0,0.0,1.0,0.0,66.7,6.0
2026,6,2026-04-18,Jye,Caldwell,Essendon,C,7.0,428.0,1.0,27.0,2.0,0.0,8.0,0.0,65.2,15.0
2026,6,2026-04-18,Archer,Day-Wicks,Essendon,INT,5.0,268.0,1.0,15.0,4.0,0.0,1.0,0.0,70.0,7.0
2026,6,2026-04-18,Sam,Durham,Essendon,HFFL,5.0,236.0,2.0,19.0,2.0,1.0,5.0,0.0,76.5,13.0
2026,6,2026-04-18,Xavier,Duursma,Essendon,INT,5.0,91.0,2.0,9.0,0.0,0.0,4.0,0.0,84.6,11.0
2026,6,2026-04-18,Thomas,Edwards,Essendon,INT,3.0,199.0,2.0,6.0,3.0,0.0,0.0,0.0,100.0,8.0
2026,6,2026-04-18,Saad,El-Hawli,Essendon,WR,2.0,198.0,3.0,15.0,5.0,1.0,5.0,0.0,57.1,8.0
2026,6,2026-04-18,Jacob,Farrow,Essendon,HBFR,3.0,372.0,3.0,6.0,4.0,0.0,4.0,0.0,88.2,15.0
2026,6,2026-04-18,Jade,Gresham,Essendon,WL,5.0,123.0,0.0,12.0,1.0,0.0,1.0,2.0,80.0,8.0
2026,6,2026-04-18,Isaac,Kako,Essendon,FPL,3.0,180.0,2.0,16.0,4.0,0.0,5.0,1.0,69.2,9.0
2026,6,2026-04-18,Kyle,Langford,Essendon,HFFR,7.0,403.0,9.0,8.0,5.0,0.0,3.0,0.0,76.2,16.0
2026,6,2026-04-18,Archer,May,Essendon,FPR,4.0,191.0,1.0,20.0,2.0,0.0,2.0,2.0,71.4,5.0
2026,6,2026-04-18,Andrew,McGrath,Essendon,BPR,8.0,446.0,3.0,14.0,2.0,2.0,8.0,0.0,84.2,16.0
2026,6,2026-04-18,Ben,McKay,Essendon,FB,0.0,63.0,2.0,6.0,0.0,0.0,1.0,0.0,100.0,6.0
2026,6,2026-04-18,Zach,Merrett,Essendon,R,9.0,655.0,6.0,29.0,6.0,2.0,6.0,2.0,67.6,23.0
2026,6,2026-04-18,Darcy,Parish,Essendon,RR,6.0,580.0,0.0,17.0,7.0,5.0,10.0,0.0,63.3,19.0
2026,6,2026-04-18,Zach,Reid,Essendon,INT,2.0,267.0,3.0,1.0,1.0,0.0,1.0,0.0,100.0,12.0
2026,6,2026-04-18,Jordan,Ridley,Essendon,BPL,1.0,187.0,2.0,2.0,2.0,0.0,0.0,0.0,63.6,7.0
2026,6,2026-04-18,Archie,Roberts,Essendon,HBFL,2.0,468.0,6.0,9.0,5.0,2.0,6.0,0.0,81.8,27.0
2026,6,2026-04-18,Sullivan,Robey,Essendon,CHB,5.0,257.0,0.0,15.0,5.0,0.0,1.0,1.0,54.5,6.0
2026,6,2026-04-18,Elijah,Tsatas,Essendon,INT,4.0,197.0,1.0,12.0,2.0,6.0,9.0,0.0,80.0,20.0
2026,6,2026-04-18,Peter,Wright,Essendon,FF,2.0,258.0,6.0,8.0,5.0,1.0,6.0,0.0,60.0,9.0
2026,6,2026-04-18,Karl,Amon,Hawthorn,WR,5.0,329.0,0.0,9.0,2.0,0.0,0.0,0.0,82.4,14.0
2026,6,2026-04-18,Tom,Barrass,Hawthorn,FB,4.0,174.0,5.0,6.0,1.0,0.0,3.0,0.0,91.7,11.0
2026,6,2026-04-18,Josh,Battle,Hawthorn,HBFL,4.0,352.0,6.0,6.0,3.0,0.0,3.0,0.0,78.9,15.0
2026,6,2026-04-18,Sam,Butler,Hawthorn,INT,3.0,155.0,1.0,17.0,2.0,0.0,1.0,2.0,60.0,6.0
2026,6,2026-04-18,Massimo,D'Ambrosio,Hawthorn,WL,4.0,396.0,5.0,8.0,1.0,0.0,2.0,0.0,85.7,12.0
2026,6,2026-04-18,Calsher,Dear,Hawthorn,FF,8.0,178.0,2.0,7.0,1.0,0.0,7.0,1.0,50.0,7.0
2026,6,2026-04-18,Jack,Ginnivan,Hawthorn,HFFR,8.0,334.0,4.0,3.0,4.0,0.0,5.0,0.0,60.0,12.0
2026,6,2026-04-18,Blake,Hardwick,Hawthorn,HBFR,5.0,248.0,6.0,7.0,1.0,0.0,1.0,0.0,89.5,17.0
2026,6,2026-04-18,Jarman,Impey,Hawthorn,BPR,4.0,355.0,7.0,9.0,5.0,0.0,2.0,0.0,82.6,19.0
2026,6,2026-04-18,Mitch,Lewis,Hawthorn,CHF,8.0,249.0,0.0,7.0,2.0,0.0,2.0,0.0,66.7,10.0
2026,6,2026-04-18,Connor,Macdonald,Hawthorn,INT,5.0,299.0,3.0,12.0,7.0,0.0,6.0,1.0,53.3,8.0
2026,6,2026-04-18,Cam,Mackenzie,Hawthorn,INT,5.0,181.0,1.0,11.0,0.0,1.0,3.0,0.0,85.7,12.0
2026,6,2026-04-18,William,McCabe,Hawthorn,HFFL,3.0,133.0,0.0,7.0,0.0,0.0,0.0,0.0,83.3,5.0
2026,6,2026-04-18,Lloyd,Meek,Hawthorn,INT,2.0,48.0,0.0,8.0,4.0,0.0,3.0,0.0,42.9,3.0
2026,6,2026-04-18,Dylan,Moore,Hawthorn,FPL,9.0,271.0,1.0,6.0,5.0,1.0,3.0,1.0,77.8,14.0
2026,6,2026-04-18,Conor,Nash,Hawthorn,C,4.0,214.0,2.0,20.0,4.0,3.0,5.0,2.0,65.0,13.0
2026,6,2026-04-18,Jai,Newcombe,Hawthorn,RR,5.0,302.0,2.0,20.0,4.0,2.0,5.0,0.0,79.2,19.0
2026,6,2026-04-18,Flynn,Perez,Hawthorn,INT,2.0,120.0,6.0,10.0,2.0,0.0,1.0,0.0,88.9,8.0
2026,6,2026-04-18,Ned,Reeves,Hawthorn,RK,6.0,150.0,1.0,7.0,1.0,2.0,4.0,3.0,60.0,6.0
2026,6,2026-04-18,James,Sicily,Hawthorn,CHB,1.0,270.0,6.0,11.0,3.0,0.0,6.0,2.0,76.5,13.0
2026,6,2026-04-18,Josh,Ward,Hawthorn,R,3.0,34.0,1.0,10.0,0.0,2.0,2.0,0.0,92.9,13.0
2026,6,2026-04-18,Nick,Watson,Hawthorn,FPR,5.0,187.0,1.0,4.0,2.0,0.0,3.0,0.0,92.3,12.0
2026,6,2026-04-18,Josh,Weddle,Hawthorn,BPL,7.0,551.0,0.0,6.0,4.0,0.0,0.0,0.0,63.2,12.0
2026,6,2026-04-18,Aliir,Aliir,Port Adelaide,CHB,1.0,195.0,9.0,6.0,4.0,0.0,7.0,0.0,71.4,10.0
2026,6,2026-04-18,Miles,Bergman,Port Adelaide,BPR,4.0,348.0,8.0,8.0,2.0,0.0,3.0,0.0,89.5,17.0
2026,6,2026-04-18,Joe,Berry,Port Adelaide,HFFR,7.0,267.0,1.0,13.0,4.0,0.0,6.0,1.0,72.2,13.0
2026,6,2026-04-18,Jase,Burgoyne,Port Adelaide,WL,4.0,339.0,4.0,11.0,4.0,0.0,3.0,0.0,62.5,10.0
2026,6,2026-04-18,Zak,Butters,Port Adelaide,RR,5.0,447.0,7.0,23.0,4.0,1.0,11.0,2.0,74.3,26.0
2026,6,2026-04-18,Darcy,Byrne-Jones,Port Adelaide,HBFL,4.0,234.0,3.0,8.0,1.0,0.0,2.0,0.0,86.7,13.0
2026,6,2026-04-18,Willem,Drew,Port Adelaide,R,6.0,140.0,1.0,22.0,2.0,5.0,7.0,1.0,78.9,15.0
2026,6,2026-04-18,Corey,Durdin,Port Adelaide,HFFL,3.0,109.0,0.0,11.0,1.0,0.0,0.0,1.0,80.0,4.0
2026,6,2026-04-18,Logan,Evans,Port Adelaide,WR,1.0,64.0,1.0,12.0,1.0,0.0,2.0,1.0,100.0,5.0
2026,6,2026-04-18,Kane,Farrell,Port Adelaide,HBFR,1.0,532.0,1.0,12.0,6.0,0.0,0.0,0.0,77.8,14.0
2026,6,2026-04-18,Mitch,Georgiades,Port Adelaide,FF,4.0,89.0,1.0,5.0,2.0,0.0,2.0,2.0,80.0,8.0
2026,6,2026-04-18,Jason,Horne-Francis,Port Adelaide,C,7.0,502.0,1.0,14.0,7.0,2.0,3.0,0.0,60.7,17.0
2026,6,2026-04-18,Lachie,Jones,Port Adelaide,FB,3.0,246.0,6.0,4.0,2.0,0.0,2.0,0.0,100.0,12.0
2026,6,2026-04-18,Josh,Lai,Port Adelaide,BPL,0.0,221.0,1.0,8.0,3.0,0.0,1.0,0.0,80.0,4.0
2026,6,2026-04-18,Ewan,Mackinlay,Port Adelaide,INT,6.0,309.0,1.0,6.0,1.0,0.0,2.0,0.0,83.3,10.0
2026,6,2026-04-18,Todd,Marshall,Port Adelaide,INT,3.0,464.0,10.0,5.0,3.0,0.0,3.0,0.0,77.8,14.0
2026,6,2026-04-18,Christian,Moraes,Port Adelaide,INT,4.0,85.0,0.0,7.0,0.0,0.0,2.0,1.0,90.9,10.0
2026,6,2026-04-18,Joe,Richards,Port Adelaide,CHF,3.0,222.0,0.0,15.0,4.0,1.0,2.0,2.0,73.3,11.0
2026,6,2026-04-18,Jordon,Sweet,Port Adelaide,RK,3.0,121.0,0.0,11.0,2.0,1.0,2.0,1.0,30.0,3.0
2026,6,2026-04-18,Dante,Visentini,Port Adelaide,FPL,2.0,-3.0,1.0,13.0,1.0,0.0,1.0,2.0,50.0,1.0
2026,6,2026-04-18,Jacob,Wehr,Port Adelaide,INT,2.0,288.0,0.0,9.0,1.0,0.0,0.0,1.0,81.8,9.0
2026,6,2026-04-18,Jack,Whitlock,Port Adelaide,FPR,3.0,123.0,1.0,8.0,4.0,0.0,2.0,2.0,37.5,3.0
2026,6,2026-04-18,Ollie,Wines,Port Adelaide,INT,5.0,185.0,2.0,10.0,1.0,3.0,4.0,1.0,73.7,14.0
2026,6,2026-04-18,Sam,Berry,Adelaide Crows,C,5.0,283.0,2.0,18.0,3.0,3.0,5.0,0.0,55.0,11.0
2026,6,2026-04-18,Hugh,Bond,Adelaide Crows,HBFR,2.0,162.0,6.0,3.0,1.0,0.0,2.0,0.0,93.3,14.0
2026,6,2026-04-18,Jordon,Butts,Adelaide Crows,CHB,3.0,259.0,8.0,7.0,6.0,0.0,7.0,0.0,61.1,11.0
2026,6,2026-04-18,Brayden,Cook,Adelaide Crows,HFFR,7.0,573.0,2.0,9.0,3.0,0.0,3.0,0.0,89.5,17.0
2026,6,2026-04-18,Isaac,Cumming,Adelaide Crows,WL,1.0,32.0,3.0,9.0,0.0,0.0,3.0,1.0,100.0,5.0
2026,6,2026-04-18,Charlie,Edwards,Adelaide Crows,INT,3.0,474.0,2.0,14.0,7.0,2.0,5.0,1.0,66.7,12.0
2026,6,2026-04-18,Ben,Keays,Adelaide Crows,HFFL,6.0,209.0,1.0,24.0,2.0,0.0,4.0,2.0,80.0,8.0
2026,6,2026-04-18,Rory,Laird,Adelaide Crows,HBFL,5.0,391.0,6.0,9.0,4.0,0.0,6.0,0.0,92.3,24.0
2026,6,2026-04-18,Finnbar,Maley,Adelaide Crows,INT,3.0,16.0,1.0,11.0,1.0,0.0,1.0,2.0,71.4,5.0
2026,6,2026-04-18,Lachlan,McAndrew,Adelaide Crows,RK,4.0,122.0,2.0,12.0,2.0,5.0,0.0,1.0,77.8,7.0
2026,6,2026-04-18,Max,Michalanney,Adelaide Crows,BPR,3.0,120.0,2.0,11.0,1.0,0.0,3.0,0.0,92.3,12.0
2026,6,2026-04-18,Wayne,Milera,Adelaide Crows,WR,5.0,433.0,7.0,6.0,4.0,0.0,4.0,0.0,93.1,27.0
2026,6,2026-04-18,Nick,Murray,Adelaide Crows,FB,2.0,306.0,7.0,4.0,2.0,0.0,3.0,0.0,84.6,11.0
2026,6,2026-04-18,Luke,Nankervis,Adelaide Crows,INT,3.0,96.0,1.0,15.0,2.0,0.0,2.0,0.0,83.3,5.0
2026,6,2026-04-18,Alex,Neal-Bullen,Adelaide Crows,FPL,7.0,257.0,1.0,19.0,2.0,1.0,2.0,1.0,62.5,10.0
2026,6,2026-04-18,James,Peatling,Adelaide Crows,RR,5.0,283.0,3.0,20.0,1.0,3.0,5.0,3.0,79.2,19.0
2026,6,2026-04-18,Luke,Pedlar,Adelaide Crows,INT,5.0,202.0,1.0,4.0,1.0,0.0,3.0,0.0,61.5,8.0
2026,6,2026-04-18,Josh,Rachele,Adelaide Crows,R,9.0,376.0,2.0,17.0,4.0,4.0,4.0,1.0,75.0,15.0
2026,6,2026-04-18,Izak,Rankine,Adelaide Crows,FPR,7.0,295.0,0.0,15.0,2.0,0.0,7.0,0.0,40.0,8.0
2026,6,2026-04-18,Zac,Taylor,Adelaide Crows,INT,6.0,341.0,1.0,13.0,4.0,0.0,3.0,2.0,46.2,6.0
2026,6,2026-04-18,Riley,Thilthorpe,Adelaide Crows,CHF,8.0,261.0,1.0,10.0,4.0,0.0,2.0,1.0,28.6,4.0
2026,6,2026-04-18,Taylor,Walker,Adelaide Crows,FF,5.0,334.0,2.0,22.0,5.0,0.0,1.0,3.0,66.7,8.0
2026,6,2026-04-18,Josh,Worrell,Adelaide Crows,BPL,5.0,481.0,5.0,9.0,3.0,0.0,3.0,0.0,92.9,26.0
2026,6,2026-04-18,Hugh,Boxshall,St Kilda,WL,3.0,125.0,5.0,14.0,2.0,0.0,6.0,0.0,75.0,9.0
2026,6,2026-04-18,Dan,Butler,St Kilda,INT,5.0,95.0,0.0,9.0,2.0,0.0,2.0,0.0,87.5,7.0
2026,6,2026-04-18,Jack,Carroll,St Kilda,BPR,3.0,303.0,1.0,6.0,3.0,0.0,2.0,0.0,63.6,7.0
2026,6,2026-04-18,Hunter,Clark,St Kilda,INT,2.0,295.0,3.0,7.0,1.0,0.0,2.0,0.0,77.8,14.0
2026,6,2026-04-18,Tom,De Koning,St Kilda,RK,5.0,64.0,1.0,4.0,1.0,1.0,3.0,0.0,75.0,6.0
2026,6,2026-04-18,Sam,Flanders,St Kilda,RR,5.0,567.0,3.0,12.0,4.0,0.0,6.0,0.0,90.0,27.0
2026,6,2026-04-18,Hugo,Garcia,St Kilda,WR,8.0,322.0,1.0,18.0,2.0,2.0,10.0,1.0,66.7,16.0
2026,6,2026-04-18,Max,Hall,St Kilda,C,6.0,251.0,0.0,18.0,3.0,2.0,0.0,0.0,90.9,10.0
2026,6,2026-04-18,Jack,Higgins,St Kilda,FPL,5.0,107.0,0.0,18.0,0.0,0.0,3.0,1.0,75.0,6.0
2026,6,2026-04-18,Bradley,Hill,St Kilda,CHB,7.0,416.0,3.0,13.0,4.0,0.0,2.0,0.0,87.0,20.0
2026,6,2026-04-18,Rowan,Marshall,St Kilda,FPR,8.0,227.0,2.0,8.0,4.0,3.0,5.0,0.0,64.0,16.0
2026,6,2026-04-18,Mitch,Owens,St Kilda,HFFR,7.0,77.0,1.0,15.0,2.0,0.0,3.0,1.0,70.0,7.0
2026,6,2026-04-18,Mattaes,Phillipou,St Kilda,INT,4.0,134.0,3.0,19.0,4.0,1.0,6.0,2.0,40.0,4.0
2026,6,2026-04-18,Liam,Ryan,St Kilda,CHF,7.0,170.0,0.0,16.0,0.0,0.0,1.0,0.0,57.1,4.0
2026,6,2026-04-18,Cooper,Sharman,St Kilda,FF,6.0,187.0,2.0,10.0,2.0,0.0,2.0,1.0,40.0,4.0
2026,6,2026-04-18,Jack,Silvagni,St Kilda,BPL,1.0,75.0,1.0,8.0,3.0,0.0,1.0,0.0,75.0,6.0
2026,6,2026-04-18,Jack,Sinclair,St Kilda,HBFL,6.0,717.0,3.0,10.0,4.0,0.0,6.0,0.0,82.9,29.0
2026,6,2026-04-18,Liam,Stocker,St Kilda,INT,2.0,128.0,2.0,9.0,2.0,0.0,1.0,0.0,77.8,7.0
2026,6,2026-04-18,Nasiah,Wanganeen-Milera,St Kilda,HBFR,8.0,668.0,5.0,15.0,6.0,1.0,4.0,0.0,67.9,19.0
2026,6,2026-04-18,Callum,Wilkie,St Kilda,FB,2.0,265.0,16.0,6.0,4.0,0.0,5.0,0.0,87.1,27.0
2026,6,2026-04-18,Darcy,Wilson,St Kilda,INT,5.0,313.0,5.0,13.0,2.0,0.0,3.0,0.0,79.2,19.0
2026,6,2026-04-18,Marcus,Windhager,St Kilda,R,7.0,418.0,2.0,11.0,5.0,0.0,3.0,0.0,75.0,15.0
2026,6,2026-04-18,Mason,Wood,St Kilda,HFFL,6.0,345.0,5.0,13.0,4.0,0.0,4.0,0.0,64.7,11.0
2026,6,2026-04-19,Tom,Blamires,North Melbourne,FPL,5.0,420.0,4.0,9.0,2.0,0.0,3.0,0.0,66.7,14.0
2026,6,2026-04-19,Callum,Coleman-Jones,North Melbourne,RK,2.0,178.0,1.0,7.0,6.0,4.0,2.0,2.0,46.7,7.0
2026,6,2026-04-19,Charlie,Comben,North Melbourne,BPR,1.0,126.0,8.0,3.0,1.0,0.0,5.0,0.0,86.7,13.0
2026,6,2026-04-19,Aidan,Corr,North Melbourne,BPL,2.0,64.0,4.0,0.0,0.0,0.0,3.0,0.0,92.3,12.0
2026,6,2026-04-19,Paul,Curtis,North Melbourne,HFFL,8.0,279.0,0.0,8.0,4.0,1.0,2.0,1.0,69.2,9.0
2026,6,2026-04-19,Caleb,Daniel,North Melbourne,CHB,8.0,404.0,3.0,10.0,1.0,1.0,3.0,0.0,93.8,30.0
2026,6,2026-04-19,Jack,Darling,North Melbourne,INT,6.0,73.0,3.0,6.0,0.0,0.0,6.0,2.0,80.0,16.0
2026,6,2026-04-19,Luke,Davies-Uniacke,North Melbourne,RR,10.0,483.0,3.0,16.0,1.0,2.0,7.0,1.0,92.3,24.0
2026,6,2026-04-19,Lachy,Dovaston,North Melbourne,INT,4.0,108.0,0.0,17.0,1.0,0.0,2.0,1.0,83.3,5.0
2026,6,2026-04-19,Zane,Duursma,North Melbourne,HFFR,3.0,122.0,0.0,4.0,2.0,0.0,0.0,0.0,50.0,2.0
2026,6,2026-04-19,Nick,Larkey,North Melbourne,FF,4.0,131.0,0.0,8.0,1.0,0.0,1.0,1.0,71.4,5.0
2026,6,2026-04-19,Griffin,Logue,North Melbourne,FB,3.0,50.0,5.0,4.0,0.0,0.0,3.0,0.0,100.0,10.0
2026,6,2026-04-19,Luke,McDonald,North Melbourne,FPR,7.0,422.0,3.0,5.0,1.0,0.0,2.0,0.0,76.0,19.0
2026,6,2026-04-19,Colby,McKercher,North Melbourne,HBFL,6.0,410.0,0.0,10.0,6.0,0.0,2.0,1.0,73.1,19.0
2026,6,2026-04-19,Luke,Parker,North Melbourne,HBFR,6.0,537.0,5.0,4.0,7.0,0.0,5.0,0.0,69.2,18.0
2026,6,2026-04-19,Tom,Powell,North Melbourne,C,8.0,258.0,1.0,10.0,3.0,0.0,2.0,1.0,77.8,14.0
2026,6,2026-04-19,Harry,Sheezel,North Melbourne,R,11.0,499.0,3.0,17.0,6.0,3.0,11.0,1.0,64.1,25.0
2026,6,2026-04-19,Jy,Simpkin,North Melbourne,WL,7.0,449.0,0.0,10.0,5.0,2.0,4.0,0.0,75.0,18.0
2026,6,2026-04-19,Charlie,Spargo,North Melbourne,INT,3.0,111.0,1.0,3.0,0.0,0.0,1.0,0.0,90.0,9.0
2026,6,2026-04-19,Dylan,Stephens,North Melbourne,WR,5.0,310.0,5.0,7.0,3.0,1.0,4.0,0.0,81.0,17.0
2026,6,2026-04-19,Cooper,Trembath,North Melbourne,CHF,7.0,58.0,1.0,7.0,0.0,0.0,1.0,0.0,88.9,8.0
2026,6,2026-04-19,George,Wardlaw,North Melbourne,INT,6.0,321.0,4.0,18.0,1.0,2.0,10.0,0.0,72.0,18.0
2026,6,2026-04-19,Cameron,Zurhaar,North Melbourne,INT,4.0,658.0,6.0,5.0,0.0,0.0,3.0,0.0,78.3,18.0
2026,6,2026-04-19,Noah,Balta,Richmond,FB,2.0,141.0,1.0,6.0,3.0,0.0,1.0,0.0,54.5,6.0
2026,6,2026-04-19,Sam,Banks,Richmond,HBFL,0.0,-13.0,0.0,1.0,1.0,0.0,0.0,0.0,0.0,0.0
2026,6,2026-04-19,Nathan,Broad,Richmond,INT,3.0,370.0,7.0,7.0,5.0,0.0,2.0,0.0,72.2,13.0
2026,6,2026-04-19,Seth,Campbell,Richmond,FF,7.0,203.0,0.0,24.0,1.0,0.0,2.0,1.0,64.3,9.0
2026,6,2026-04-19,Jonty,Faull,Richmond,FPR,2.0,175.0,1.0,11.0,2.0,0.0,1.0,0.0,60.0,3.0
2026,6,2026-04-19,Liam,Fawcett,Richmond,INT,0.0,12.0,0.0,6.0,2.0,0.0,1.0,0.0,0.0,0.0
2026,6,2026-04-19,Campbell,Gray,Richmond,BPR,2.0,114.0,2.0,6.0,1.0,0.0,0.0,0.0,100.0,6.0
2026,6,2026-04-19,Steely,Green,Richmond,HFFR,2.0,56.0,0.0,17.0,2.0,0.0,3.0,1.0,83.3,5.0
2026,6,2026-04-19,Sam,Grlj,Richmond,INT,4.0,206.0,1.0,18.0,2.0,0.0,0.0,0.0,87.5,14.0
2026,6,2026-04-19,Sam,Lalor,Richmond,RR,6.0,449.0,2.0,16.0,5.0,2.0,4.0,0.0,95.5,21.0
2026,6,2026-04-19,Mykelti,Lefau,Richmond,FPL,4.0,105.0,0.0,14.0,0.0,1.0,0.0,0.0,40.0,2.0
2026,6,2026-04-19,Kane,McAuliffe,Richmond,INT,8.0,395.0,5.0,17.0,5.0,0.0,4.0,1.0,69.6,16.0
2026,6,2026-04-19,Ben,Miller,Richmond,BPL,0.0,190.0,2.0,4.0,2.0,0.0,0.0,0.0,83.3,5.0
2026,6,2026-04-19,Dion,Prestia,Richmond,C,7.0,268.0,3.0,34.0,5.0,1.0,9.0,1.0,68.2,15.0
2026,6,2026-04-19,Hugo,Ralphsmith,Richmond,WL,4.0,207.0,2.0,15.0,2.0,0.0,0.0,0.0,66.7,8.0
2026,6,2026-04-19,Patrick,Retschko,Richmond,WR,1.0,360.0,1.0,9.0,2.0,0.0,1.0,0.0,69.2,9.0
2026,6,2026-04-19,Maurice,Rioli,Richmond,HFFL,1.0,29.0,0.0,13.0,1.0,0.0,0.0,0.0,0.0,0.0
2026,6,2026-04-19,Jack,Ross,Richmond,CHF,7.0,389.0,4.0,17.0,3.0,5.0,12.0,1.0,73.1,19.0
2026,6,2026-04-19,Samson,Ryan,Richmond,RK,1.0,350.0,3.0,13.0,5.0,2.0,2.0,0.0,84.6,11.0
2026,6,2026-04-19,Jayden,Short,Richmond,CHB,5.0,469.0,5.0,3.0,4.0,0.0,3.0,0.0,80.8,21.0
2026,6,2026-04-19,Tyler,Sonsie,Richmond,INT,2.0,198.0,2.0,9.0,2.0,0.0,3.0,0.0,60.0,6.0
2026,6,2026-04-19,Tim,Taranto,Richmond,R,3.0,58.0,2.0,3.0,2.0,1.0,6.0,0.0,70.0,7.0
2026,6,2026-04-19,Nick,Vlastuin,Richmond,HBFR,4.0,336.0,8.0,12.0,2.0,0.0,6.0,0.0,76.9,10.0
2026,6,2026-04-19,Kade,Chandler,Melbourne,HFFL,11.0,475.0,1.0,10.0,3.0,0.0,3.0,1.0,88.2,15.0
2026,6,2026-04-19,Jai,Culley,Melbourne,INT,4.0,309.0,1.0,15.0,5.0,0.0,5.0,0.0,72.2,13.0
2026,6,2026-04-19,Bayley,Fritsch,Melbourne,FPL,6.0,326.0,2.0,1.0,1.0,0.0,1.0,0.0,86.7,13.0
2026,6,2026-04-19,Max,Gawn,Melbourne,RK,7.0,123.0,1.0,7.0,1.0,4.0,6.0,1.0,61.9,13.0
2026,6,2026-04-19,Max,Heath,Melbourne,INT,2.0,70.0,0.0,3.0,1.0,0.0,1.0,0.0,75.0,3.0
2026,6,2026-04-19,Blake,Howes,Melbourne,BPR,4.0,128.0,5.0,3.0,0.0,0.0,6.0,0.0,80.0,12.0
2026,6,2026-04-19,Matthew,Jefferson,Melbourne,HFFR,3.0,80.0,0.0,10.0,3.0,0.0,1.0,2.0,85.7,6.0
2026,6,2026-04-19,Ed,Langdon,Melbourne,R,5.0,459.0,6.0,8.0,3.0,0.0,3.0,0.0,85.7,24.0
2026,6,2026-04-19,Harvey,Langford,Melbourne,RR,8.0,651.0,2.0,9.0,6.0,2.0,6.0,0.0,74.1,20.0
2026,6,2026-04-19,Bailey,Laurie,Melbourne,HBFL,3.0,164.0,0.0,10.0,2.0,0.0,2.0,1.0,60.0,6.0
2026,6,2026-04-19,Jake,Lever,Melbourne,FB,1.0,97.0,6.0,4.0,5.0,0.0,1.0,0.0,66.7,8.0
2026,6,2026-04-19,Brody,Mihocek,Melbourne,CHF,5.0,219.0,0.0,10.0,1.0,0.0,0.0,0.0,87.5,7.0
2026,6,2026-04-19,Harrison,Petty,Melbourne,CHB,1.0,172.0,5.0,5.0,3.0,0.0,2.0,0.0,63.6,7.0
2026,6,2026-04-19,Kysaiah,Pickett,Melbourne,FPR,7.0,398.0,1.0,16.0,5.0,0.0,5.0,1.0,81.8,18.0
2026,6,2026-04-19,Latrelle,Pickett,Melbourne,INT,3.0,267.0,1.0,10.0,3.0,0.0,3.0,0.0,64.3,9.0
2026,6,2026-04-19,Harry,Sharp,Melbourne,WR,4.0,214.0,1.0,11.0,3.0,0.0,3.0,1.0,87.5,7.0
2026,6,2026-04-19,Tom,Sparrow,Melbourne,INT,4.0,341.0,1.0,12.0,3.0,2.0,3.0,0.0,62.5,10.0
2026,6,2026-04-19,Jack,Steele,Melbourne,C,5.0,345.0,3.0,20.0,6.0,5.0,5.0,1.0,70.0,14.0
2026,6,2026-04-19,Xavier,Taylor,Melbourne,INT,2.0,110.0,1.0,9.0,2.0,0.0,2.0,0.0,40.0,2.0
2026,6,2026-04-19,Koltyn,Tholstrup,Melbourne,WL,6.0,504.0,9.0,2.0,2.0,0.0,6.0,0.0,92.3,24.0
2026,6,2026-04-19,Daniel,Turner,Melbourne,BPL,4.0,310.0,10.0,6.0,1.0,0.0,2.0,0.0,100.0,15.0
2026,6,2026-04-19,Jacob,van Rooyen,Melbourne,FF,7.0,213.0,1.0,7.0,2.0,0.0,6.0,0.0,71.4,10.0
2026,6,2026-04-19,Caleb,Windsor,Melbourne,HBFR,3.0,198.0,5.0,13.0,4.0,0.0,4.0,1.0,83.3,10.0
2026,6,2026-04-19,Oscar,Allen,Brisbane Lions,CHF,5.0,196.0,0.0,6.0,3.0,0.0,2.0,1.0,62.5,5.0
2026,6,2026-04-19,Harris,Andrews,Brisbane Lions,FB,2.0,277.0,12.0,8.0,1.0,0.0,7.0,0.0,90.9,20.0
2026,6,2026-04-19,Noah,Answerth,Brisbane Lions,HBFR,2.0,316.0,2.0,9.0,6.0,0.0,2.0,0.0,60.0,9.0
2026,6,2026-04-19,Levi,Ashcroft,Brisbane Lions,HFFR,3.0,261.0,2.0,6.0,4.0,0.0,4.0,0.0,65.0,13.0
2026,6,2026-04-19,Will,Ashcroft,Brisbane Lions,C,9.0,344.0,2.0,23.0,7.0,2.0,6.0,0.0,73.1,19.0
2026,6,2026-04-19,Zac,Bailey,Brisbane Lions,WL,5.0,286.0,0.0,17.0,3.0,2.0,7.0,0.0,71.4,10.0
2026,6,2026-04-19,Jarrod,Berry,Brisbane Lions,WR,1.0,278.0,3.0,4.0,3.0,0.0,2.0,0.0,72.7,8.0
2026,6,2026-04-19,Charlie,Cameron,Brisbane Lions,HFFL,9.0,371.0,1.0,9.0,2.0,0.0,2.0,1.0,64.3,9.0
2026,6,2026-04-19,Keidean,Coleman,Brisbane Lions,INT,5.0,370.0,8.0,8.0,2.0,0.0,6.0,0.0,80.0,16.0
2026,6,2026-04-19,Sam,Draper,Brisbane Lions,RK,4.0,93.0,0.0,9.0,2.0,1.0,2.0,0.0,50.0,3.0
2026,6,2026-04-19,Josh,Dunkley,Brisbane Lions,RR,4.0,218.0,2.0,24.0,2.0,2.0,5.0,0.0,76.2,16.0
2026,6,2026-04-19,Jaspa,Fletcher,Brisbane Lions,CHB,5.0,247.0,4.0,11.0,3.0,0.0,4.0,0.0,83.3,15.0
2026,6,2026-04-19,Ty,Gallop,Brisbane Lions,BPL,1.0,134.0,3.0,6.0,1.0,0.0,0.0,0.0,87.5,7.0
2026,6,2026-04-19,Ryan,Lester,Brisbane Lions,BPR,4.0,131.0,4.0,7.0,1.0,0.0,2.0,0.0,91.7,11.0
2026,6,2026-04-19,Kai,Lohmann,Brisbane Lions,FPR,5.0,235.0,1.0,9.0,3.0,0.0,4.0,2.0,63.6,7.0
2026,6,2026-04-19,Lincoln,McCarthy,Brisbane Lions,INT,7.0,328.0,1.0,15.0,3.0,0.0,3.0,0.0,83.3,10.0
2026,6,2026-04-19,Hugh,McCluggage,Brisbane Lions,INT,5.0,318.0,3.0,8.0,3.0,1.0,5.0,0.0,40.0,6.0
2026,6,2026-04-19,Logan,Morris,Brisbane Lions,FPL,8.0,147.0,1.0,9.0,1.0,0.0,2.0,1.0,83.3,10.0
2026,6,2026-04-19,Lachie,Neale,Brisbane Lions,R,9.0,316.0,5.0,6.0,5.0,7.0,11.0,0.0,71.0,22.0
2026,6,2026-04-19,Cam,Rayner,Brisbane Lions,FF,6.0,243.0,1.0,10.0,1.0,0.0,1.0,0.0,63.6,7.0
2026,6,2026-04-19,Bruce,Reville,Brisbane Lions,INT,10.0,425.0,5.0,1.0,1.0,0.0,4.0,0.0,85.0,17.0
2026,6,2026-04-19,Darcy,Wilmot,Brisbane Lions,HBFL,7.0,426.0,5.0,13.0,5.0,1.0,3.0,0.0,74.1,20.0
2026,6,2026-04-19,Zane,Zakostelsky,Brisbane Lions,INT,2.0,11.0,0.0,5.0,0.0,0.0,0.0,0.0,100.0,4.0
2026,6,2026-04-19,Milan,Murdock,West Coast Eagles,FPL,4.0,163.0,5.0,17.0,2.0,0.0,8.0,4.0,57.9,11.0
2026,6,2026-04-19,Archer,Reid,West Coast Eagles,CHF,1.0,-4.0,0.0,2.0,0.0,0.0,2.0,0.0,75.0,3.0
2026,6,2026-04-19,Bo,Allan,West Coast Eagles,WR,3.0,329.0,4.0,12.0,5.0,2.0,4.0,1.0,47.1,8.0
2026,6,2026-04-19,Liam,Baker,West Coast Eagles,HBFR,4.0,194.0,3.0,14.0,6.0,0.0,8.0,1.0,60.0,9.0
2026,6,2026-04-19,Sandy,Brock,West Coast Eagles,FB,0.0,238.0,4.0,4.0,1.0,0.0,3.0,0.0,80.0,8.0
2026,6,2026-04-19,Jamie,Cripps,West Coast Eagles,INT,1.0,163.0,1.0,14.0,2.0,0.0,3.0,3.0,66.7,6.0
2026,6,2026-04-19,Hamish,Davis,West Coast Eagles,INT,2.0,223.0,2.0,8.0,4.0,0.0,3.0,1.0,50.0,6.0
2026,6,2026-04-19,Cooper,Duff-Tytler,West Coast Eagles,INT,2.0,174.0,3.0,10.0,2.0,1.0,3.0,1.0,90.0,9.0
2026,6,2026-04-19,Liam,Duggan,West Coast Eagles,BPL,4.0,528.0,5.0,4.0,6.0,0.0,4.0,0.0,71.4,15.0
2026,6,2026-04-19,Willem,Duursma,West Coast Eagles,HFFL,2.0,381.0,3.0,19.0,6.0,0.0,6.0,1.0,70.0,14.0
2026,6,2026-04-19,Reuben,Ginbey,West Coast Eagles,BPR,1.0,279.0,7.0,5.0,4.0,0.0,3.0,0.0,92.9,13.0
2026,6,2026-04-19,Elijah,Hewett,West Coast Eagles,HFFR,0.0,10.0,1.0,14.0,0.0,0.0,2.0,0.0,100.0,3.0
2026,6,2026-04-19,Brady,Hough,West Coast Eagles,HBFL,2.0,148.0,1.0,10.0,2.0,0.0,1.0,0.0,72.7,8.0
2026,6,2026-04-19,Tim,Kelly,West Coast Eagles,R,5.0,127.0,9.0,9.0,3.0,2.0,13.0,1.0,70.8,17.0
2026,6,2026-04-19,Josh,Lindsay,West Coast Eagles,INT,3.0,417.0,3.0,4.0,5.0,0.0,3.0,0.0,73.7,14.0
2026,6,2026-04-19,Tom,McCarthy,West Coast Eagles,WL,7.0,421.0,11.0,13.0,6.0,0.0,5.0,0.0,75.0,21.0
2026,6,2026-04-19,Harley,Reid,West Coast Eagles,RR,4.0,472.0,1.0,9.0,3.0,3.0,5.0,0.0,65.0,13.0
2026,6,2026-04-19,Harry,Schoenberg,West Coast Eagles,INT,1.0,260.0,1.0,5.0,3.0,0.0,1.0,0.0,81.3,13.0
2026,6,2026-04-19,Jobe,Shanahan,West Coast Eagles,FPR,0.0,94.0,0.0,7.0,2.0,0.0,1.0,0.0,100.0,6.0
2026,6,2026-04-19,Jake,Waterman,West Coast Eagles,FF,7.0,262.0,0.0,5.0,1.0,0.0,3.0,2.0,60.0,9.0
2026,6,2026-04-19,Bailey J.,Williams,West Coast Eagles,RK,2.0,189.0,2.0,10.0,0.0,2.0,2.0,1.0,71.4,5.0
2026,6,2026-04-19,Elliot,Yeo,West Coast Eagles,C,5.0,278.0,0.0,17.0,4.0,2.0,6.0,4.0,66.7,14.0
2026,6,2026-04-19,Tylar,Young,West Coast Eagles,CHB,5.0,377.0,3.0,8.0,3.0,0.0,2.0,0.0,83.3,10.0
2026,6,2026-04-19,Jye,Amiss,Fremantle,CHF,11.0,312.0,0.0,7.0,2.0,0.0,1.0,0.0,53.8,7.0
2026,6,2026-04-19,Shai,Bolton,Fremantle,FPL,4.0,221.0,1.0,20.0,1.0,2.0,5.0,0.0,75.0,12.0
2026,6,2026-04-19,Andrew,Brayshaw,Fremantle,C,3.0,155.0,2.0,14.0,3.0,1.0,5.0,1.0,80.0,12.0
2026,6,2026-04-19,Heath,Chapman,Fremantle,BPR,6.0,441.0,9.0,7.0,5.0,0.0,5.0,0.0,84.0,21.0
2026,6,2026-04-19,Jordan,Clark,Fremantle,HBFL,11.0,629.0,3.0,7.0,3.0,0.0,2.0,0.0,92.6,25.0
2026,6,2026-04-19,Brennan,Cox,Fremantle,BPL,2.0,161.0,3.0,3.0,3.0,0.0,0.0,0.0,80.0,8.0
2026,6,2026-04-19,Mason,Cox,Fremantle,INT,2.0,75.0,1.0,3.0,2.0,1.0,0.0,0.0,50.0,2.0
2026,6,2026-04-19,Isaiah,Dudley,Fremantle,HFFL,4.0,108.0,1.0,14.0,0.0,0.0,1.0,0.0,80.0,4.0
2026,6,2026-04-19,Neil,Erasmus,Fremantle,INT,6.0,329.0,3.0,13.0,4.0,0.0,3.0,0.0,46.2,6.0
2026,6,2026-04-19,Michael,Frederick,Fremantle,INT,4.0,114.0,1.0,8.0,1.0,0.0,1.0,0.0,85.7,6.0
2026,6,2026-04-19,Luke,Jackson,Fremantle,RK,9.0,139.0,5.0,13.0,2.0,1.0,3.0,1.0,100.0,16.0
2026,6,2026-04-19,Matthew,Johnson,Fremantle,WR,6.0,303.0,0.0,10.0,2.0,1.0,3.0,0.0,85.0,17.0
2026,6,2026-04-19,Judd,McVee,Fremantle,HBFR,5.0,200.0,6.0,4.0,4.0,0.0,5.0,0.0,60.0,12.0
2026,6,2026-04-19,Alex,Pearce,Fremantle,FB,0.0,77.0,2.0,4.0,2.0,0.0,1.0,0.0,85.7,6.0
2026,6,2026-04-19,Murphy,Reid,Fremantle,WL,10.0,437.0,4.0,12.0,3.0,0.0,5.0,0.0,69.2,18.0
2026,6,2026-04-19,Luke,Ryan,Fremantle,CHB,6.0,628.0,11.0,6.0,6.0,0.0,6.0,0.0,80.8,21.0
2026,6,2026-04-19,Caleb,Serong,Fremantle,R,9.0,322.0,4.0,21.0,3.0,2.0,8.0,0.0,70.8,17.0
2026,6,2026-04-19,Sam,Switkowski,Fremantle,HFFR,6.0,148.0,0.0,14.0,0.0,0.0,3.0,2.0,91.7,11.0
2026,6,2026-04-19,Josh,Treacy,Fremantle,FF,6.0,153.0,2.0,7.0,1.0,0.0,3.0,1.0,90.0,9.0
2026,6,2026-04-19,Patrick,Voss,Fremantle,FPR,6.0,119.0,1.0,8.0,3.0,0.0,4.0,2.0,66.7,8.0
2026,6,2026-04-19,Corey,Wagner,Fremantle,INT,6.0,557.0,4.0,10.0,8.0,0.0,7.0,0.0,66.7,14.0
2026,6,2026-04-19,Karl,Worner,Fremantle,INT,3.0,211.0,5.0,8.0,4.0,0.0,3.0,0.0,69.2,9.0
2026,6,2026-04-19,Hayden,Young,Fremantle,RR,8.0,456.0,3.0,11.0,7.0,2.0,4.0,0.0,65.2,15.0
2026,7,2026-04-23,Oskar,Baker,Western Bulldogs,WL,2.0,244.0,1.0,9.0,6.0,0.0,2.0,0.0,53.3,8.0
2026,7,2026-04-23,Marcus,Bontempelli,Western Bulldogs,C,7.0,547.0,2.0,20.0,5.0,1.0,12.0,1.0,69.0,20.0
2026,7,2026-04-23,Lachlan,Bramble,Western Bulldogs,RR,4.0,460.0,2.0,18.0,5.0,0.0,3.0,0.0,81.8,18.0
2026,7,2026-04-23,Jedd,Busslinger,Western Bulldogs,INT,1.0,409.0,8.0,6.0,3.0,0.0,4.0,0.0,89.5,17.0
2026,7,2026-04-23,Bailey,Dale,Western Bulldogs,HBFR,3.0,741.0,7.0,7.0,7.0,0.0,7.0,0.0,80.6,25.0
2026,7,2026-04-23,Sam,Davidson,Western Bulldogs,INT,2.0,470.0,2.0,17.0,7.0,0.0,1.0,0.0,50.0,7.0
2026,7,2026-04-23,Josh,Dolan,Western Bulldogs,RK,4.0,191.0,0.0,22.0,2.0,0.0,3.0,1.0,53.8,7.0
2026,7,2026-04-23,Louis,Emmett,Western Bulldogs,INT,2.0,128.0,1.0,10.0,1.0,0.0,3.0,0.0,37.5,3.0
2026,7,2026-04-23,Joel,Freijah,Western Bulldogs,FPL,3.0,124.0,4.0,19.0,4.0,0.0,6.0,1.0,73.3,11.0
2026,7,2026-04-23,Ryan,Gardner,Western Bulldogs,BPR,0.0,107.0,2.0,6.0,4.0,0.0,0.0,0.0,20.0,1.0
2026,7,2026-04-23,Cooper,Hynes,Western Bulldogs,INT,2.0,126.0,1.0,9.0,1.0,0.0,1.0,0.0,50.0,4.0
2026,7,2026-04-23,Lachie,Jaques,Western Bulldogs,HBFL,1.0,215.0,4.0,7.0,2.0,0.0,3.0,0.0,70.6,12.0
2026,7,2026-04-23,Matthew,Kennedy,Western Bulldogs,INT,1.0,204.0,2.0,20.0,6.0,2.0,6.0,0.0,66.7,10.0
2026,7,2026-04-23,Buku,Khamis,Western Bulldogs,FB,0.0,147.0,3.0,5.0,1.0,0.0,1.0,0.0,83.3,5.0
2026,7,2026-04-23,Will,Lewis,Western Bulldogs,CHF,4.0,124.0,0.0,19.0,6.0,0.0,2.0,0.0,62.5,5.0
2026,7,2026-04-23,Aaron,Naughton,Western Bulldogs,FF,3.0,122.0,1.0,2.0,3.0,0.0,1.0,0.0,71.4,5.0
2026,7,2026-04-23,Ed,Richards,Western Bulldogs,R,4.0,188.0,2.0,22.0,2.0,3.0,10.0,0.0,72.2,13.0
2026,7,2026-04-23,Ryley,Sanders,Western Bulldogs,HFFL,2.0,210.0,2.0,17.0,3.0,4.0,11.0,1.0,78.6,22.0
2026,7,2026-04-23,Michael,Sellwood,Western Bulldogs,BPL,0.0,326.0,9.0,12.0,3.0,0.0,6.0,0.0,88.2,15.0
2026,7,2026-04-23,Lachlan,Smith,Western Bulldogs,CHB,3.0,52.0,1.0,16.0,1.0,3.0,6.0,1.0,70.0,7.0
2026,7,2026-04-23,Adam,Treloar,Western Bulldogs,HFFR,3.0,126.0,2.0,12.0,3.0,1.0,6.0,0.0,84.0,21.0
2026,7,2026-04-23,Rhylee,West,Western Bulldogs,FPR,1.0,34.0,0.0,17.0,3.0,0.0,3.0,1.0,77.8,7.0
2026,7,2026-04-23,Bailey,Williams,Western Bulldogs,WR,5.0,445.0,4.0,15.0,5.0,0.0,3.0,0.0,65.2,15.0
2026,7,2026-04-23,Joel,Amartey,Sydney Swans,FPL,6.0,165.0,0.0,10.0,1.0,0.0,1.0,0.0,62.5,5.0
2026,7,2026-04-23,Riley,Bice,Sydney Swans,HBFR,5.0,323.0,5.0,10.0,2.0,0.0,1.0,0.0,77.8,14.0
2026,7,2026-04-23,Nick,Blakey,Sydney Swans,HBFL,5.0,507.0,2.0,13.0,4.0,0.0,1.0,0.0,72.7,16.0
2026,7,2026-04-23,Billy,Cootee,Sydney Swans,HFFL,3.0,122.0,0.0,9.0,3.0,0.0,3.0,1.0,75.0,6.0
2026,7,2026-04-23,Harry,Cunningham,Sydney Swans,INT,3.0,93.0,1.0,13.0,1.0,0.0,2.0,0.0,90.9,10.0
2026,7,2026-04-23,Charlie,Curnow,Sydney Swans,FF,12.0,292.0,0.0,9.0,3.0,0.0,1.0,0.0,60.0,9.0
2026,7,2026-04-23,William,Edwards,Sydney Swans,BPL,2.0,228.0,7.0,6.0,3.0,0.0,2.0,0.0,66.7,8.0
2026,7,2026-04-23,Brodie,Grundy,Sydney Swans,RK,8.0,213.0,4.0,8.0,3.0,1.0,6.0,0.0,50.0,9.0
2026,7,2026-04-23,James,Jordon,Sydney Swans,RR,1.0,333.0,0.0,32.0,4.0,2.0,3.0,2.0,84.6,11.0
2026,7,2026-04-23,Jake,Lloyd,Sydney Swans,HFFR,8.0,584.0,6.0,15.0,2.0,0.0,2.0,0.0,82.6,19.0
2026,7,2026-04-23,Tom,McCartin,Sydney Swans,FB,3.0,221.0,11.0,9.0,4.0,0.0,3.0,0.0,87.0,20.0
2026,7,2026-04-23,Logan,McDonald,Sydney Swans,INT,2.0,119.0,0.0,4.0,0.0,0.0,1.0,0.0,60.0,3.0
2026,7,2026-04-23,Justin,McInerney,Sydney Swans,R,8.0,231.0,4.0,23.0,2.0,2.0,4.0,1.0,62.5,15.0
2026,7,2026-04-23,Callum,Mills,Sydney Swans,CHB,10.0,516.0,5.0,8.0,2.0,0.0,2.0,0.0,77.3,17.0
2026,7,2026-04-23,Tom,Papley,Sydney Swans,CHF,10.0,453.0,2.0,15.0,4.0,0.0,7.0,2.0,60.9,14.0
2026,7,2026-04-23,Dane,Rampe,Sydney Swans,BPR,3.0,122.0,7.0,5.0,1.0,0.0,5.0,0.0,93.3,14.0
2026,7,2026-04-23,Matt,Roberts,Sydney Swans,WR,9.0,559.0,5.0,18.0,3.0,0.0,3.0,0.0,74.1,20.0
2026,7,2026-04-23,Malcolm,Rosas,Sydney Swans,FPR,8.0,139.0,2.0,19.0,0.0,0.0,5.0,2.0,91.7,11.0
2026,7,2026-04-23,James,Rowbottom,Sydney Swans,INT,7.0,286.0,3.0,21.0,5.0,3.0,7.0,2.0,62.5,10.0
2026,7,2026-04-23,Jai,Serong,Sydney Swans,WL,6.0,476.0,6.0,14.0,4.0,0.0,8.0,0.0,68.2,15.0
2026,7,2026-04-23,Angus,Sheldrick,Sydney Swans,INT,10.0,285.0,3.0,13.0,5.0,1.0,4.0,1.0,77.3,17.0
2026,7,2026-04-23,Chad,Warner,Sydney Swans,C,10.0,390.0,6.0,22.0,3.0,1.0,3.0,2.0,60.0,12.0
2026,7,2026-04-23,Sam,Wicks,Sydney Swans,INT,6.0,280.0,5.0,4.0,1.0,0.0,5.0,0.0,95.0,19.0
2026,7,2026-04-24,Noah,Balta,Richmond,BPR,2.0,75.0,0.0,8.0,0.0,2.0,2.0,0.0,77.8,7.0
2026,7,2026-04-24,Nathan,Broad,Richmond,HBFR,0.0,86.0,2.0,8.0,1.0,0.0,1.0,0.0,90.9,10.0
2026,7,2026-04-24,Tom,Brown,Richmond,INT,1.0,421.0,9.0,13.0,5.0,0.0,5.0,0.0,87.5,21.0
2026,7,2026-04-24,Tom,Burton,Richmond,INT,2.0,112.0,1.0,10.0,2.0,0.0,2.0,0.0,75.0,9.0
2026,7,2026-04-24,Seth,Campbell,Richmond,HFFR,8.0,321.0,1.0,15.0,2.0,0.0,3.0,3.0,84.6,11.0
2026,7,2026-04-24,Sam,Cumming,Richmond,CHF,5.0,274.0,0.0,15.0,2.0,0.0,7.0,1.0,84.6,11.0
2026,7,2026-04-24,Jonty,Faull,Richmond,FF,1.0,22.0,1.0,5.0,1.0,0.0,3.0,0.0,75.0,3.0
2026,7,2026-04-24,Campbell,Gray,Richmond,FPL,0.0,115.0,5.0,5.0,4.0,0.0,3.0,0.0,66.7,4.0
2026,7,2026-04-24,Steely,Green,Richmond,HFFL,5.0,214.0,1.0,15.0,5.0,0.0,2.0,1.0,70.0,7.0
2026,7,2026-04-24,Sam,Grlj,Richmond,CHB,1.0,251.0,2.0,12.0,1.0,0.0,5.0,0.0,85.7,18.0
2026,7,2026-04-24,Jacob,Hopper,Richmond,INT,4.0,199.0,3.0,10.0,5.0,1.0,8.0,0.0,63.6,14.0
2026,7,2026-04-24,Sam,Lalor,Richmond,R,5.0,401.0,1.0,11.0,2.0,3.0,7.0,0.0,81.3,13.0
2026,7,2026-04-24,Mykelti,Lefau,Richmond,RK,4.0,202.0,2.0,9.0,3.0,0.0,2.0,1.0,75.0,6.0
2026,7,2026-04-24,Tom,Lynch,Richmond,FPR,5.0,197.0,0.0,7.0,1.0,0.0,1.0,1.0,60.0,6.0
2026,7,2026-04-24,Kane,McAuliffe,Richmond,INT,1.0,383.0,7.0,10.0,3.0,0.0,7.0,0.0,81.0,17.0
2026,7,2026-04-24,Ben,Miller,Richmond,BPL,1.0,313.0,4.0,5.0,3.0,0.0,1.0,0.0,76.9,10.0
2026,7,2026-04-24,Dion,Prestia,Richmond,C,4.0,288.0,3.0,28.0,6.0,2.0,7.0,1.0,75.0,21.0
2026,7,2026-04-24,Hugo,Ralphsmith,Richmond,WL,2.0,167.0,0.0,11.0,2.0,0.0,4.0,0.0,70.6,12.0
2026,7,2026-04-24,Patrick,Retschko,Richmond,WR,2.0,503.0,5.0,9.0,8.0,0.0,5.0,0.0,69.2,18.0
2026,7,2026-04-24,Jack,Ross,Richmond,RR,5.0,123.0,5.0,18.0,3.0,2.0,12.0,0.0,74.1,20.0
2026,7,2026-04-24,Samson,Ryan,Richmond,INT,1.0,14.0,0.0,3.0,0.0,1.0,0.0,0.0,100.0,3.0
2026,7,2026-04-24,James,Trezise,Richmond,HBFL,3.0,207.0,5.0,13.0,3.0,0.0,5.0,0.0,93.3,14.0
2026,7,2026-04-24,Nick,Vlastuin,Richmond,FB,2.0,289.0,7.0,4.0,4.0,0.0,3.0,0.0,73.3,11.0
2026,7,2026-04-24,Kade,Chandler,Melbourne,WL,5.0,149.0,1.0,22.0,4.0,0.0,6.0,0.0,84.6,11.0
2026,7,2026-04-24,Jai,Culley,Melbourne,INT,3.0,114.0,2.0,5.0,2.0,0.0,2.0,0.0,75.0,6.0
2026,7,2026-04-24,Bayley,Fritsch,Melbourne,FF,7.0,260.0,4.0,11.0,1.0,1.0,4.0,2.0,73.3,11.0
2026,7,2026-04-24,Max,Gawn,Melbourne,RK,9.0,159.0,4.0,7.0,1.0,4.0,6.0,0.0,65.0,13.0
2026,7,2026-04-24,Max,Heath,Melbourne,INT,6.0,155.0,1.0,5.0,0.0,1.0,2.0,0.0,50.0,4.0
2026,7,2026-04-24,Blake,Howes,Melbourne,BPR,4.0,326.0,10.0,3.0,3.0,0.0,7.0,0.0,80.0,16.0
2026,7,2026-04-24,Matthew,Jefferson,Melbourne,HFFR,6.0,106.0,1.0,10.0,2.0,0.0,4.0,1.0,50.0,5.0
2026,7,2026-04-24,Changkuoth,Jiath,Melbourne,INT,6.0,228.0,4.0,4.0,1.0,0.0,1.0,0.0,90.9,10.0
2026,7,2026-04-24,Ed,Langdon,Melbourne,WR,5.0,167.0,4.0,8.0,1.0,0.0,4.0,0.0,91.7,22.0
2026,7,2026-04-24,Harvey,Langford,Melbourne,RR,4.0,188.0,2.0,12.0,3.0,0.0,4.0,0.0,46.7,7.0
2026,7,2026-04-24,Bailey,Laurie,Melbourne,INT,4.0,295.0,2.0,10.0,2.0,0.0,5.0,1.0,64.7,11.0
2026,7,2026-04-24,Jake,Lever,Melbourne,FB,3.0,194.0,5.0,7.0,3.0,0.0,2.0,0.0,80.0,12.0
2026,7,2026-04-24,Brody,Mihocek,Melbourne,CHF,5.0,186.0,0.0,10.0,1.0,0.0,2.0,2.0,66.7,6.0
2026,7,2026-04-24,Kysaiah,Pickett,Melbourne,FPR,7.0,773.0,1.0,15.0,8.0,2.0,2.0,0.0,58.6,17.0
2026,7,2026-04-24,Latrelle,Pickett,Melbourne,HFFL,4.0,153.0,0.0,13.0,3.0,1.0,2.0,0.0,87.5,7.0
2026,7,2026-04-24,Harry,Sharp,Melbourne,HBFR,9.0,359.0,0.0,12.0,2.0,0.0,4.0,1.0,85.7,12.0
2026,7,2026-04-24,Tom,Sparrow,Melbourne,INT,8.0,522.0,1.0,29.0,6.0,5.0,5.0,1.0,75.0,21.0
2026,7,2026-04-24,Jack,Steele,Melbourne,C,6.0,537.0,3.0,18.0,5.0,2.0,7.0,1.0,80.0,20.0
2026,7,2026-04-24,Xavier,Taylor,Melbourne,HBFL,2.0,89.0,5.0,4.0,3.0,0.0,4.0,0.0,70.0,7.0
2026,7,2026-04-24,Koltyn,Tholstrup,Melbourne,CHB,4.0,353.0,4.0,9.0,2.0,0.0,2.0,0.0,81.8,9.0
2026,7,2026-04-24,Daniel,Turner,Melbourne,BPL,4.0,215.0,9.0,9.0,3.0,0.0,5.0,0.0,78.6,11.0
2026,7,2026-04-24,Jacob,van Rooyen,Melbourne,FPL,6.0,242.0,2.0,8.0,1.0,0.0,3.0,0.0,61.5,8.0
2026,7,2026-04-24,Caleb,Windsor,Melbourne,R,6.0,553.0,1.0,14.0,6.0,2.0,6.0,0.0,68.0,17.0
2026,7,2026-04-25,Karl,Amon,Hawthorn,WR,9.0,624.0,6.0,13.0,3.0,0.0,2.0,0.0,77.4,24.0
2026,7,2026-04-25,Tom,Barrass,Hawthorn,FB,2.0,154.0,6.0,1.0,2.0,0.0,3.0,0.0,87.5,7.0
2026,7,2026-04-25,Josh,Battle,Hawthorn,CHB,4.0,459.0,11.0,4.0,5.0,0.0,7.0,0.0,79.3,23.0
2026,7,2026-04-25,Massimo,D'Ambrosio,Hawthorn,HBFL,7.0,667.0,3.0,16.0,3.0,0.0,3.0,0.0,79.2,19.0
2026,7,2026-04-25,Jack,Dalton,Hawthorn,FPL,4.0,116.0,1.0,12.0,0.0,0.0,2.0,1.0,80.0,8.0
2026,7,2026-04-25,Calsher,Dear,Hawthorn,FF,1.0,93.0,4.0,14.0,4.0,0.0,3.0,3.0,50.0,4.0
2026,7,2026-04-25,Jack,Ginnivan,Hawthorn,INT,7.0,407.0,2.0,18.0,1.0,0.0,1.0,3.0,81.3,13.0
2026,7,2026-04-25,Jack,Gunston,Hawthorn,HFFR,11.0,449.0,0.0,5.0,2.0,0.0,4.0,0.0,53.3,8.0
2026,7,2026-04-25,Blake,Hardwick,Hawthorn,HBFR,9.0,440.0,4.0,9.0,2.0,0.0,3.0,1.0,81.8,18.0
2026,7,2026-04-25,Jarman,Impey,Hawthorn,BPR,7.0,636.0,6.0,8.0,5.0,0.0,4.0,0.0,78.6,22.0
2026,7,2026-04-25,Mitch,Lewis,Hawthorn,CHF,5.0,208.0,1.0,6.0,1.0,0.0,1.0,1.0,80.0,8.0
2026,7,2026-04-25,Connor,Macdonald,Hawthorn,INT,12.0,454.0,1.0,23.0,3.0,0.0,4.0,2.0,81.8,18.0
2026,7,2026-04-25,Cam,Mackenzie,Hawthorn,R,7.0,155.0,2.0,15.0,5.0,3.0,6.0,0.0,63.6,14.0
2026,7,2026-04-25,Finn,Maginness,Hawthorn,WL,10.0,95.0,5.0,13.0,3.0,0.0,10.0,0.0,83.3,20.0
2026,7,2026-04-25,Lloyd,Meek,Hawthorn,INT,3.0,169.0,4.0,10.0,4.0,0.0,7.0,1.0,53.3,8.0
2026,7,2026-04-25,Harry,Morrison,Hawthorn,HFFL,4.0,255.0,3.0,7.0,4.0,0.0,6.0,0.0,70.0,14.0
2026,7,2026-04-25,Conor,Nash,Hawthorn,C,7.0,223.0,2.0,10.0,3.0,0.0,5.0,1.0,71.4,15.0
2026,7,2026-04-25,Jai,Newcombe,Hawthorn,RR,7.0,397.0,2.0,19.0,5.0,3.0,13.0,0.0,76.7,23.0
2026,7,2026-04-25,Ned,Reeves,Hawthorn,RK,1.0,117.0,1.0,13.0,2.0,1.0,3.0,0.0,60.0,3.0
2026,7,2026-04-25,Jack,Scrimshaw,Hawthorn,INT,8.0,220.0,10.0,8.0,3.0,0.0,9.0,0.0,83.3,20.0
2026,7,2026-04-25,Josh,Ward,Hawthorn,INT,10.0,295.0,1.0,15.0,2.0,0.0,1.0,0.0,80.0,16.0
2026,7,2026-04-25,Nick,Watson,Hawthorn,FPR,7.0,338.0,2.0,11.0,4.0,1.0,7.0,1.0,78.6,11.0
2026,7,2026-04-25,Josh,Weddle,Hawthorn,BPL,4.0,410.0,1.0,5.0,3.0,0.0,4.0,0.0,78.9,15.0
2026,7,2026-04-25,Oscar,Adams,Gold Coast SUNS,BPL,0.0,12.0,1.0,3.0,1.0,0.0,1.0,0.0,75.0,3.0
2026,7,2026-04-25,Noah,Anderson,Gold Coast SUNS,RR,9.0,803.0,5.0,12.0,8.0,3.0,8.0,0.0,58.1,18.0
2026,7,2026-04-25,Mac,Andrew,Gold Coast SUNS,BPR,4.0,537.0,9.0,14.0,4.0,0.0,3.0,1.0,95.0,19.0
2026,7,2026-04-25,Sam,Collins,Gold Coast SUNS,FB,2.0,188.0,9.0,7.0,2.0,0.0,5.0,0.0,73.3,11.0
2026,7,2026-04-25,Will,Graham,Gold Coast SUNS,INT,3.0,261.0,2.0,17.0,4.0,1.0,7.0,1.0,55.0,11.0
2026,7,2026-04-25,Bailey,Humphrey,Gold Coast SUNS,CHF,5.0,264.0,3.0,13.0,1.0,0.0,5.0,1.0,72.7,8.0
2026,7,2026-04-25,Ben,King,Gold Coast SUNS,FF,4.0,127.0,0.0,9.0,0.0,0.0,0.0,0.0,60.0,3.0
2026,7,2026-04-25,Leonardo,Lombard,Gold Coast SUNS,HFFR,3.0,196.0,1.0,31.0,3.0,0.0,5.0,2.0,46.2,6.0
2026,7,2026-04-25,Ben,Long,Gold Coast SUNS,FPR,5.0,112.0,1.0,9.0,0.0,0.0,8.0,0.0,63.6,7.0
2026,7,2026-04-25,Touk,Miller,Gold Coast SUNS,HFFL,3.0,467.0,2.0,15.0,3.0,0.0,4.0,0.0,76.2,16.0
2026,7,2026-04-25,John,Noble,Gold Coast SUNS,INT,3.0,536.0,6.0,10.0,6.0,0.0,5.0,0.0,87.0,20.0
2026,7,2026-04-25,Christian,Petracca,Gold Coast SUNS,C,4.0,507.0,3.0,19.0,6.0,5.0,11.0,3.0,78.6,22.0
2026,7,2026-04-25,Wil,Powell,Gold Coast SUNS,CHB,4.0,444.0,5.0,11.0,2.0,0.0,6.0,0.0,80.0,12.0
2026,7,2026-04-25,Ethan,Read,Gold Coast SUNS,INT,3.0,83.0,5.0,7.0,4.0,0.0,5.0,0.0,63.6,7.0
2026,7,2026-04-25,Daniel,Rioli,Gold Coast SUNS,HBFR,5.0,341.0,5.0,23.0,2.0,0.0,3.0,0.0,81.0,17.0
2026,7,2026-04-25,Jake,Rogers,Gold Coast SUNS,INT,1.0,85.0,1.0,11.0,1.0,0.0,3.0,0.0,71.4,5.0
2026,7,2026-04-25,Matt,Rowell,Gold Coast SUNS,R,1.0,248.0,1.0,31.0,11.0,3.0,3.0,0.0,38.9,7.0
2026,7,2026-04-25,Jamarra,Ugle-Hagan,Gold Coast SUNS,FPL,2.0,184.0,0.0,13.0,5.0,0.0,0.0,1.0,28.6,2.0
2026,7,2026-04-25,Bodhi,Uwland,Gold Coast SUNS,HBFL,4.0,536.0,4.0,12.0,2.0,0.0,1.0,0.0,90.5,19.0
2026,7,2026-04-25,Zeke,Uwland,Gold Coast SUNS,WR,0.0,189.0,1.0,10.0,2.0,0.0,0.0,1.0,42.9,3.0
2026,7,2026-04-25,Jed,Walter,Gold Coast SUNS,INT,1.0,184.0,2.0,8.0,3.0,0.0,1.0,0.0,55.6,5.0
2026,7,2026-04-25,Lachie,Weller,Gold Coast SUNS,WL,4.0,412.0,3.0,21.0,4.0,1.0,5.0,1.0,88.2,15.0
2026,7,2026-04-25,Jarrod,Witts,Gold Coast SUNS,RK,2.0,221.0,0.0,10.0,4.0,3.0,3.0,0.0,30.0,3.0
2026,7,2026-04-25,Lachlan,Blakiston,Essendon,INT,2.0,69.0,0.0,15.0,2.0,3.0,5.0,0.0,75.0,6.0
2026,7,2026-04-25,Nate,Caddy,Essendon,CHF,7.0,238.0,0.0,8.0,1.0,0.0,1.0,0.0,66.7,8.0
2026,7,2026-04-25,Jye,Caldwell,Essendon,C,2.0,71.0,2.0,25.0,3.0,0.0,4.0,1.0,81.3,13.0
2026,7,2026-04-25,Archer,Day-Wicks,Essendon,WR,3.0,235.0,1.0,20.0,2.0,0.0,0.0,1.0,66.7,6.0
2026,7,2026-04-25,Sam,Durham,Essendon,HFFL,4.0,382.0,0.0,24.0,7.0,1.0,2.0,0.0,73.3,11.0
2026,7,2026-04-25,Xavier,Duursma,Essendon,WL,2.0,167.0,1.0,14.0,4.0,0.0,3.0,0.0,82.4,14.0
2026,7,2026-04-25,Thomas,Edwards,Essendon,FPR,4.0,147.0,2.0,15.0,2.0,0.0,2.0,0.0,70.0,7.0
2026,7,2026-04-25,Saad,El-Hawli,Essendon,INT,2.0,335.0,9.0,6.0,4.0,0.0,7.0,0.0,65.2,15.0
2026,7,2026-04-25,Jacob,Farrow,Essendon,HBFR,3.0,269.0,2.0,12.0,2.0,0.0,2.0,0.0,94.7,18.0
2026,7,2026-04-25,Isaac,Kako,Essendon,FPL,5.0,130.0,4.0,19.0,3.0,0.0,5.0,0.0,70.0,7.0
2026,7,2026-04-25,Kyle,Langford,Essendon,HFFR,4.0,255.0,4.0,10.0,3.0,0.0,3.0,1.0,90.0,18.0
2026,7,2026-04-25,Archer,May,Essendon,FF,1.0,104.0,0.0,7.0,2.0,0.0,1.0,0.0,0.0,0.0
2026,7,2026-04-25,Andrew,McGrath,Essendon,BPR,3.0,459.0,3.0,14.0,6.0,1.0,7.0,0.0,90.9,20.0
2026,7,2026-04-25,Ben,McKay,Essendon,FB,2.0,100.0,4.0,7.0,1.0,0.0,0.0,0.0,84.6,11.0
2026,7,2026-04-25,Zach,Merrett,Essendon,R,9.0,420.0,1.0,21.0,1.0,1.0,8.0,0.0,86.4,19.0
2026,7,2026-04-25,Darcy,Parish,Essendon,RR,4.0,310.0,3.0,17.0,4.0,1.0,6.0,0.0,65.2,15.0
2026,7,2026-04-25,Jaxon,Prior,Essendon,BPL,2.0,267.0,4.0,11.0,2.0,0.0,5.0,0.0,100.0,21.0
2026,7,2026-04-25,Zach,Reid,Essendon,CHB,2.0,151.0,3.0,7.0,1.0,0.0,2.0,0.0,92.9,13.0
2026,7,2026-04-25,Archie,Roberts,Essendon,HBFL,4.0,707.0,7.0,13.0,6.0,0.0,4.0,0.0,78.6,33.0
2026,7,2026-04-25,Sullivan,Robey,Essendon,INT,3.0,74.0,3.0,12.0,3.0,0.0,5.0,0.0,66.7,6.0
2026,7,2026-04-25,Dyson,Sharp,Essendon,INT,3.0,149.0,0.0,9.0,2.0,0.0,0.0,1.0,80.0,8.0
2026,7,2026-04-25,Elijah,Tsatas,Essendon,INT,1.0,291.0,1.0,17.0,4.0,2.0,4.0,0.0,94.4,17.0
2026,7,2026-04-25,Peter,Wright,Essendon,RK,3.0,202.0,1.0,7.0,3.0,0.0,1.0,0.0,33.3,3.0
2026,7,2026-04-25,Angus,Anderson,Collingwood,RR,8.0,174.0,3.0,17.0,0.0,1.0,6.0,1.0,78.6,11.0
2026,7,2026-04-25,Darcy,Cameron,Collingwood,INT,10.0,89.0,5.0,9.0,2.0,0.0,4.0,0.0,73.3,11.0
2026,7,2026-04-25,Jack,Crisp,Collingwood,WL,10.0,408.0,2.0,21.0,2.0,0.0,5.0,0.0,75.0,21.0
2026,7,2026-04-25,Josh,Daicos,Collingwood,HBFR,11.0,645.0,4.0,6.0,6.0,2.0,3.0,0.0,77.1,27.0
2026,7,2026-04-25,Nick,Daicos,Collingwood,R,14.0,745.0,2.0,8.0,6.0,6.0,6.0,0.0,59.5,25.0
2026,7,2026-04-25,Jordan,De Goey,Collingwood,INT,9.0,256.0,2.0,10.0,0.0,1.0,7.0,0.0,88.9,16.0
2026,7,2026-04-25,Jamie,Elliott,Collingwood,FF,8.0,180.0,0.0,13.0,3.0,0.0,4.0,0.0,50.0,7.0
2026,7,2026-04-25,Billy,Frampton,Collingwood,BPL,8.0,230.0,5.0,4.0,0.0,0.0,1.0,0.0,100.0,17.0
2026,7,2026-04-25,William,Hayes,Collingwood,INT,1.0,153.0,0.0,21.0,1.0,0.0,1.0,0.0,71.4,5.0
2026,7,2026-04-25,Dan,Houston,Collingwood,INT,12.0,381.0,7.0,10.0,0.0,1.0,6.0,0.0,88.9,24.0
2026,7,2026-04-25,Jeremy,Howe,Collingwood,FB,5.0,359.0,5.0,7.0,1.0,0.0,1.0,0.0,94.4,17.0
2026,7,2026-04-25,Patrick,Lipinski,Collingwood,CHF,11.0,317.0,1.0,22.0,4.0,2.0,6.0,0.0,77.3,17.0
2026,7,2026-04-25,Brayden,Maynard,Collingwood,BPR,7.0,381.0,3.0,4.0,3.0,0.0,3.0,0.0,72.2,13.0
2026,7,2026-04-25,Beau,McCreery,Collingwood,HFFL,6.0,194.0,1.0,18.0,2.0,1.0,4.0,2.0,80.0,12.0
2026,7,2026-04-25,Daniel,McStay,Collingwood,FPL,8.0,238.0,1.0,7.0,0.0,0.0,3.0,0.0,63.6,7.0
2026,7,2026-04-25,Tim,Membrey,Collingwood,FPR,4.0,61.0,1.0,6.0,2.0,0.0,5.0,0.0,90.9,10.0
2026,7,2026-04-25,Scott,Pendlebury,Collingwood,C,19.0,386.0,5.0,16.0,4.0,2.0,10.0,0.0,79.1,34.0
2026,7,2026-04-25,Harry,Perryman,Collingwood,CHB,6.0,319.0,3.0,10.0,3.0,0.0,2.0,0.0,80.0,16.0
2026,7,2026-04-25,Isaac,Quaynor,Collingwood,HBFL,5.0,350.0,8.0,14.0,3.0,0.0,5.0,0.0,91.3,21.0
2026,7,2026-04-25,Lachie,Schultz,Collingwood,HFFR,6.0,114.0,3.0,20.0,4.0,0.0,3.0,2.0,69.2,9.0
2026,7,2026-04-25,Steele,Sidebottom,Collingwood,INT,4.0,238.0,2.0,3.0,3.0,0.0,3.0,1.0,78.9,15.0
2026,7,2026-04-25,Roan,Steele,Collingwood,WR,8.0,330.0,3.0,16.0,1.0,1.0,5.0,0.0,77.8,14.0
2026,7,2026-04-25,Oscar,Steene,Collingwood,RK,5.0,47.0,3.0,11.0,4.0,3.0,4.0,0.0,50.0,5.0
2026,7,2026-04-25,Aliir,Aliir,Port Adelaide,CHB,1.0,294.0,6.0,3.0,1.0,0.0,2.0,0.0,100.0,16.0
2026,7,2026-04-25,Miles,Bergman,Port Adelaide,BPR,5.0,466.0,4.0,3.0,1.0,0.0,4.0,0.0,71.4,10.0
2026,7,2026-04-25,Joe,Berry,Port Adelaide,HFFR,3.0,217.0,2.0,22.0,3.0,0.0,2.0,3.0,75.0,9.0
2026,7,2026-04-25,Jase,Burgoyne,Port Adelaide,HBFL,6.0,483.0,5.0,7.0,4.0,2.0,7.0,0.0,74.1,20.0
2026,7,2026-04-25,Zak,Butters,Port Adelaide,RR,4.0,552.0,1.0,17.0,3.0,3.0,6.0,1.0,70.0,21.0
2026,7,2026-04-25,Darcy,Byrne-Jones,Port Adelaide,FPL,4.0,184.0,5.0,10.0,3.0,0.0,3.0,0.0,82.4,14.0
2026,7,2026-04-25,Willem,Drew,Port Adelaide,R,4.0,194.0,1.0,17.0,1.0,2.0,4.0,0.0,81.0,17.0
2026,7,2026-04-25,Corey,Durdin,Port Adelaide,INT,8.0,191.0,1.0,8.0,3.0,0.0,2.0,1.0,69.2,9.0
2026,7,2026-04-25,Logan,Evans,Port Adelaide,INT,3.0,411.0,3.0,3.0,0.0,0.0,2.0,0.0,86.7,13.0
2026,7,2026-04-25,Kane,Farrell,Port Adelaide,HBFR,4.0,447.0,5.0,10.0,3.0,0.0,2.0,0.0,87.5,21.0
2026,7,2026-04-25,Mitch,Georgiades,Port Adelaide,CHF,11.0,340.0,0.0,8.0,4.0,0.0,1.0,1.0,57.9,11.0
2026,7,2026-04-25,Jason,Horne-Francis,Port Adelaide,C,9.0,369.0,3.0,11.0,6.0,7.0,10.0,0.0,64.7,22.0
2026,7,2026-04-25,Lachie,Jones,Port Adelaide,FB,4.0,95.0,7.0,6.0,0.0,0.0,3.0,0.0,63.6,7.0
2026,7,2026-04-25,Josh,Lai,Port Adelaide,INT,3.0,216.0,8.0,7.0,4.0,0.0,4.0,0.0,80.0,12.0
2026,7,2026-04-25,Ewan,Mackinlay,Port Adelaide,WL,4.0,373.0,3.0,12.0,2.0,0.0,3.0,1.0,60.0,9.0
2026,7,2026-04-25,Christian,Moraes,Port Adelaide,HFFL,7.0,291.0,0.0,6.0,4.0,0.0,3.0,0.0,73.1,19.0
2026,7,2026-04-25,Joe,Richards,Port Adelaide,FPR,8.0,160.0,2.0,14.0,2.0,0.0,3.0,4.0,85.0,17.0
2026,7,2026-04-25,Jordon,Sweet,Port Adelaide,RK,9.0,284.0,2.0,8.0,2.0,0.0,1.0,3.0,66.7,8.0
2026,7,2026-04-25,Dante,Visentini,Port Adelaide,INT,3.0,84.0,2.0,11.0,2.0,0.0,2.0,0.0,90.0,9.0
2026,7,2026-04-25,Jack,Watkins,Port Adelaide,EMERG,2.0,39.0,1.0,4.0,1.0,0.0,1.0,0.0,83.3,5.0
2026,7,2026-04-25,Jacob,Wehr,Port Adelaide,WR,1.0,215.0,2.0,12.0,2.0,0.0,1.0,0.0,83.3,10.0
2026,7,2026-04-25,Jack,Whitlock,Port Adelaide,FF,4.0,140.0,1.0,6.0,2.0,0.0,2.0,0.0,50.0,4.0
2026,7,2026-04-25,Ollie,Wines,Port Adelaide,INT,6.0,208.0,1.0,14.0,3.0,2.0,5.0,0.0,74.1,20.0
2026,7,2026-04-25,Tom,Atkins,Geelong Cats,RR,1.0,136.0,2.0,26.0,1.0,1.0,2.0,0.0,86.7,13.0
2026,7,2026-04-25,Mark,Blicavs,Geelong Cats,WR,0.0,49.0,0.0,2.0,1.0,0.0,1.0,0.0,100.0,1.0
2026,7,2026-04-25,Jack,Bowes,Geelong Cats,INT,6.0,375.0,4.0,15.0,5.0,0.0,6.0,0.0,68.2,15.0
2026,7,2026-04-25,Tanner,Bruhn,Geelong Cats,INT,5.0,368.0,0.0,11.0,4.0,0.0,2.0,0.0,70.8,17.0
2026,7,2026-04-25,Jeremy,Cameron,Geelong Cats,HFFL,6.0,232.0,0.0,2.0,1.0,0.0,2.0,0.0,55.6,5.0
2026,7,2026-04-25,Brad,Close,Geelong Cats,EMERG,3.0,114.0,0.0,14.0,3.0,0.0,0.0,0.0,66.7,4.0
2026,7,2026-04-25,Patrick,Dangerfield,Geelong Cats,FPL,4.0,49.0,0.0,2.0,1.0,0.0,3.0,1.0,100.0,4.0
2026,7,2026-04-25,Oliver,Dempsey,Geelong Cats,WL,3.0,237.0,1.0,17.0,2.0,0.0,1.0,0.0,100.0,14.0
2026,7,2026-04-25,Mitchell,Edwards,Geelong Cats,RK,2.0,27.0,0.0,9.0,1.0,0.0,1.0,0.0,40.0,2.0
2026,7,2026-04-25,Zach,Guthrie,Geelong Cats,HBFR,4.0,182.0,6.0,9.0,1.0,0.0,4.0,0.0,84.6,11.0
2026,7,2026-04-25,Jack,Henry,Geelong Cats,FB,0.0,77.0,6.0,6.0,0.0,0.0,2.0,0.0,81.8,9.0
2026,7,2026-04-25,Oliver,Henry,Geelong Cats,HFFR,4.0,263.0,2.0,11.0,3.0,0.0,4.0,0.0,58.3,7.0
2026,7,2026-04-25,Max,Holmes,Geelong Cats,R,1.0,392.0,3.0,13.0,3.0,0.0,8.0,0.0,68.0,17.0
2026,7,2026-04-25,Lawson,Humphries,Geelong Cats,HBFL,1.0,421.0,4.0,4.0,5.0,0.0,4.0,0.0,84.2,16.0
2026,7,2026-04-25,Shaun,Mannagh,Geelong Cats,CHF,3.0,224.0,0.0,8.0,4.0,0.0,1.0,0.0,46.2,6.0
2026,7,2026-04-25,Jack,Martin,Geelong Cats,FPR,2.0,136.0,1.0,12.0,1.0,0.0,2.0,2.0,50.0,4.0
2026,7,2026-04-25,Oisin,Mullin,Geelong Cats,INT,3.0,260.0,2.0,19.0,3.0,3.0,4.0,0.0,78.6,11.0
2026,7,2026-04-25,Shannon,Neale,Geelong Cats,FF,3.0,164.0,1.0,10.0,3.0,1.0,6.0,0.0,50.0,6.0
2026,7,2026-04-25,Mark,O'Connor,Geelong Cats,INT,2.0,240.0,7.0,12.0,4.0,0.0,7.0,0.0,73.3,11.0
2026,7,2026-04-25,Connor,O'Sullivan,Geelong Cats,CHB,3.0,309.0,9.0,5.0,5.0,0.0,5.0,0.0,90.5,19.0
2026,7,2026-04-25,Bailey,Smith,Geelong Cats,C,5.0,500.0,0.0,17.0,8.0,3.0,8.0,0.0,63.3,19.0
2026,7,2026-04-25,Tom,Stewart,Geelong Cats,BPR,1.0,637.0,8.0,2.0,3.0,0.0,5.0,0.0,85.2,23.0
2026,7,2026-04-25,James,Worpel,Geelong Cats,INT,3.0,195.0,0.0,8.0,3.0,0.0,3.0,0.0,58.3,7.0
2026,7,2026-04-25,Jye,Amiss,Fremantle,CHF,4.0,135.0,1.0,5.0,2.0,0.0,0.0,0.0,75.0,9.0
2026,7,2026-04-25,Shai,Bolton,Fremantle,HFFL,10.0,641.0,4.0,23.0,6.0,3.0,7.0,0.0,72.7,24.0
2026,7,2026-04-25,Andrew,Brayshaw,Fremantle,C,8.0,203.0,2.0,35.0,4.0,3.0,5.0,0.0,76.9,20.0
2026,7,2026-04-25,Heath,Chapman,Fremantle,BPR,2.0,239.0,2.0,9.0,1.0,0.0,2.0,0.0,85.7,12.0
2026,7,2026-04-25,Jordan,Clark,Fremantle,HBFL,5.0,437.0,4.0,7.0,3.0,0.0,1.0,0.0,84.0,21.0
2026,7,2026-04-25,Brennan,Cox,Fremantle,BPL,3.0,242.0,6.0,3.0,1.0,0.0,1.0,0.0,92.9,13.0
2026,7,2026-04-25,Mason,Cox,Fremantle,INT,3.0,59.0,0.0,11.0,4.0,0.0,1.0,0.0,62.5,5.0
2026,7,2026-04-25,Isaiah,Dudley,Fremantle,INT,4.0,109.0,0.0,7.0,1.0,0.0,3.0,0.0,50.0,3.0
2026,7,2026-04-25,Neil,Erasmus,Fremantle,WL,1.0,207.0,1.0,6.0,3.0,0.0,5.0,0.0,66.7,10.0
2026,7,2026-04-25,Michael,Frederick,Fremantle,INT,5.0,255.0,0.0,6.0,4.0,0.0,3.0,0.0,45.5,5.0
2026,7,2026-04-25,Luke,Jackson,Fremantle,RK,8.0,205.0,6.0,24.0,2.0,2.0,5.0,0.0,71.4,15.0
2026,7,2026-04-25,Matthew,Johnson,Fremantle,WR,2.0,175.0,0.0,12.0,3.0,1.0,2.0,0.0,85.7,12.0
2026,7,2026-04-25,Judd,McVee,Fremantle,HBFR,4.0,198.0,5.0,6.0,1.0,0.0,4.0,0.0,100.0,22.0
2026,7,2026-04-25,Alex,Pearce,Fremantle,FB,1.0,132.0,7.0,8.0,2.0,0.0,4.0,0.0,77.8,7.0
2026,7,2026-04-25,Murphy,Reid,Fremantle,FPL,5.0,179.0,1.0,16.0,3.0,1.0,4.0,0.0,82.6,19.0
2026,7,2026-04-25,Luke,Ryan,Fremantle,CHB,6.0,570.0,3.0,6.0,4.0,0.0,2.0,0.0,91.7,22.0
2026,7,2026-04-25,Caleb,Serong,Fremantle,R,7.0,334.0,5.0,15.0,7.0,3.0,10.0,0.0,50.0,11.0
2026,7,2026-04-25,Jeremy,Sharp,Fremantle,EMERG,4.0,211.0,0.0,3.0,1.0,0.0,1.0,1.0,100.0,14.0
2026,7,2026-04-25,Sam,Switkowski,Fremantle,HFFR,7.0,51.0,2.0,18.0,2.0,0.0,4.0,1.0,83.3,10.0
2026,7,2026-04-25,Josh,Treacy,Fremantle,FF,5.0,208.0,2.0,9.0,1.0,0.0,1.0,0.0,100.0,8.0
2026,7,2026-04-25,Corey,Wagner,Fremantle,INT,3.0,448.0,3.0,16.0,5.0,0.0,7.0,1.0,77.8,21.0
2026,7,2026-04-25,Karl,Worner,Fremantle,INT,2.0,318.0,8.0,7.0,4.0,0.0,5.0,0.0,78.3,18.0
2026,7,2026-04-25,Hayden,Young,Fremantle,RR,6.0,287.0,1.0,16.0,3.0,4.0,5.0,0.0,90.5,19.0
2026,7,2026-04-25,Ben,Ainsworth,Carlton,HFFL,6.0,140.0,3.0,11.0,2.0,0.0,4.0,1.0,64.3,9.0
2026,7,2026-04-25,Talor,Byrne,Carlton,INT,3.0,34.0,0.0,10.0,2.0,0.0,2.0,0.0,60.0,3.0
2026,7,2026-04-25,Matthew,Carroll,Carlton,WR,5.0,431.0,3.0,14.0,2.0,0.0,4.0,0.0,66.7,14.0
2026,7,2026-04-25,Adam,Cerra,Carlton,INT,8.0,322.0,4.0,22.0,2.0,0.0,5.0,0.0,90.5,19.0
2026,7,2026-04-25,Matthew,Cottrell,Carlton,EMERG,1.0,158.0,3.0,9.0,3.0,0.0,2.0,0.0,80.0,8.0
2026,7,2026-04-25,Lachlan,Cowan,Carlton,BPR,1.0,218.0,1.0,7.0,2.0,0.0,1.0,0.0,80.0,8.0
2026,7,2026-04-25,Patrick,Cripps,Carlton,C,8.0,283.0,0.0,18.0,7.0,6.0,15.0,1.0,64.5,20.0
2026,7,2026-04-25,Harry,Dean,Carlton,BPL,2.0,122.0,2.0,5.0,2.0,0.0,0.0,0.0,83.3,5.0
2026,7,2026-04-25,Francis,Evans,Carlton,HFFR,4.0,128.0,1.0,23.0,2.0,0.0,4.0,4.0,75.0,6.0
2026,7,2026-04-25,Oliver,Florent,Carlton,WL,3.0,395.0,6.0,15.0,6.0,0.0,7.0,0.0,70.0,14.0
2026,7,2026-04-25,Nick,Haynes,Carlton,HBFL,6.0,425.0,8.0,10.0,4.0,0.0,4.0,0.0,89.5,17.0
2026,7,2026-04-25,Will,Hayward,Carlton,FF,10.0,309.0,2.0,8.0,3.0,0.0,4.0,2.0,61.9,13.0
2026,7,2026-04-25,Brodie,Kemp,Carlton,FPR,5.0,188.0,0.0,10.0,3.0,0.0,0.0,1.0,75.0,6.0
2026,7,2026-04-25,Cooper,Lord,Carlton,RR,7.0,206.0,1.0,13.0,2.0,1.0,5.0,1.0,50.0,9.0
2026,7,2026-04-25,Mitch,McGovern,Carlton,CHB,5.0,148.0,0.0,11.0,1.0,0.0,2.0,1.0,62.5,5.0
2026,7,2026-04-25,Ashton,Moir,Carlton,INT,5.0,55.0,0.0,8.0,0.0,0.0,1.0,0.0,71.4,5.0
2026,7,2026-04-25,Nic,Newman,Carlton,HBFR,1.0,337.0,3.0,16.0,3.0,0.0,3.0,0.0,86.4,19.0
2026,7,2026-04-25,Liam,Reidy,Carlton,RK,6.0,146.0,3.0,18.0,1.0,3.0,7.0,2.0,80.0,12.0
2026,7,2026-04-25,Jagga,Smith,Carlton,CHF,6.0,285.0,1.0,16.0,2.0,0.0,2.0,0.0,100.0,19.0
2026,7,2026-04-25,Sam,Walsh,Carlton,R,6.0,599.0,5.0,20.0,6.0,1.0,7.0,0.0,65.6,21.0
2026,7,2026-04-25,Jacob,Weitering,Carlton,FB,4.0,83.0,9.0,4.0,0.0,0.0,4.0,0.0,100.0,14.0
2026,7,2026-04-25,Zac,Williams,Carlton,FPL,6.0,441.0,5.0,15.0,5.0,1.0,5.0,0.0,76.5,13.0
2026,7,2026-04-25,Lewis,Young,Carlton,INT,3.0,104.0,7.0,3.0,3.0,0.0,4.0,0.0,70.0,7.0
2026,7,2026-04-26,Dan,Butler,St Kilda,INT,2.0,165.0,3.0,15.0,3.0,0.0,4.0,1.0,58.3,7.0
2026,7,2026-04-26,Anthony,Caminiti,St Kilda,INT,1.0,64.0,0.0,7.0,1.0,0.0,1.0,0.0,33.3,1.0
2026,7,2026-04-26,Jack,Carroll,St Kilda,HBFL,6.0,423.0,4.0,7.0,2.0,0.0,3.0,0.0,83.3,20.0
2026,7,2026-04-26,Hunter,Clark,St Kilda,BPR,4.0,211.0,3.0,3.0,2.0,0.0,2.0,0.0,91.7,11.0
2026,7,2026-04-26,Tom,De Koning,St Kilda,RK,4.0,218.0,3.0,6.0,1.0,0.0,3.0,0.0,55.6,5.0
2026,7,2026-04-26,Sam,Flanders,St Kilda,RR,5.0,386.0,1.0,10.0,3.0,2.0,3.0,0.0,81.0,17.0
2026,7,2026-04-26,Hugo,Garcia,St Kilda,WR,9.0,243.0,4.0,26.0,6.0,6.0,10.0,0.0,71.9,23.0
2026,7,2026-04-26,Max,Hall,St Kilda,C,6.0,318.0,0.0,19.0,3.0,2.0,1.0,1.0,80.0,12.0
2026,7,2026-04-26,Jack,Higgins,St Kilda,FPL,8.0,221.0,1.0,14.0,4.0,0.0,7.0,0.0,85.7,12.0
2026,7,2026-04-26,Bradley,Hill,St Kilda,CHB,6.0,460.0,2.0,10.0,4.0,0.0,1.0,0.0,86.2,25.0
2026,7,2026-04-26,Dougal,Howard,St Kilda,INT,3.0,292.0,4.0,4.0,3.0,0.0,0.0,0.0,87.5,14.0
2026,7,2026-04-26,Rowan,Marshall,St Kilda,FPR,11.0,156.0,3.0,9.0,0.0,2.0,0.0,1.0,85.7,12.0
2026,7,2026-04-26,Mitch,Owens,St Kilda,HFFR,6.0,145.0,0.0,2.0,1.0,0.0,5.0,0.0,78.6,11.0
2026,7,2026-04-26,Mattaes,Phillipou,St Kilda,INT,8.0,393.0,3.0,21.0,3.0,0.0,3.0,2.0,72.2,13.0
2026,7,2026-04-26,Liam,Ryan,St Kilda,CHF,5.0,163.0,1.0,5.0,0.0,0.0,2.0,0.0,66.7,4.0
2026,7,2026-04-26,Cooper,Sharman,St Kilda,FF,13.0,286.0,1.0,8.0,1.0,0.0,3.0,1.0,80.0,16.0
2026,7,2026-04-26,Jack,Silvagni,St Kilda,BPL,5.0,287.0,8.0,8.0,2.0,0.0,4.0,0.0,82.4,14.0
2026,7,2026-04-26,Jack,Sinclair,St Kilda,R,7.0,553.0,2.0,11.0,5.0,0.0,3.0,0.0,88.9,24.0
2026,7,2026-04-26,Nasiah,Wanganeen-Milera,St Kilda,HBFR,11.0,678.0,4.0,11.0,4.0,3.0,8.0,0.0,79.4,27.0
2026,7,2026-04-26,Callum,Wilkie,St Kilda,FB,5.0,187.0,12.0,8.0,1.0,0.0,4.0,0.0,96.0,24.0
2026,7,2026-04-26,Darcy,Wilson,St Kilda,INT,5.0,332.0,3.0,17.0,6.0,2.0,10.0,0.0,70.4,19.0
2026,7,2026-04-26,Marcus,Windhager,St Kilda,WL,5.0,626.0,2.0,18.0,10.0,1.0,3.0,0.0,64.0,16.0
2026,7,2026-04-26,Mason,Wood,St Kilda,HFFL,4.0,145.0,1.0,6.0,1.0,0.0,2.0,0.0,88.9,16.0
2026,7,2026-04-26,Bo,Allan,West Coast Eagles,WR,2.0,300.0,3.0,5.0,4.0,0.0,3.0,0.0,54.5,6.0
2026,7,2026-04-26,Liam,Baker,West Coast Eagles,HFFR,3.0,182.0,1.0,15.0,3.0,0.0,3.0,0.0,57.1,8.0
2026,7,2026-04-26,Sandy,Brock,West Coast Eagles,INT,0.0,128.0,2.0,3.0,0.0,0.0,2.0,0.0,85.7,6.0
2026,7,2026-04-26,Malakai,Champion,West Coast Eagles,FPL,2.0,20.0,0.0,10.0,0.0,0.0,2.0,0.0,100.0,6.0
2026,7,2026-04-26,Hamish,Davis,West Coast Eagles,INT,1.0,76.0,5.0,12.0,4.0,0.0,6.0,0.0,66.7,8.0
2026,7,2026-04-26,Cooper,Duff-Tytler,West Coast Eagles,INT,2.0,190.0,3.0,7.0,4.0,0.0,3.0,1.0,62.5,5.0
2026,7,2026-04-26,Liam,Duggan,West Coast Eagles,BPL,2.0,299.0,4.0,13.0,5.0,0.0,2.0,0.0,84.2,16.0
2026,7,2026-04-26,Willem,Duursma,West Coast Eagles,WL,6.0,622.0,4.0,21.0,5.0,2.0,4.0,0.0,60.0,15.0
2026,7,2026-04-26,Reuben,Ginbey,West Coast Eagles,FB,3.0,195.0,6.0,12.0,1.0,0.0,2.0,0.0,83.3,10.0
2026,7,2026-04-26,Elijah,Hewett,West Coast Eagles,HFFL,1.0,175.0,1.0,15.0,4.0,0.0,5.0,0.0,88.2,15.0
2026,7,2026-04-26,Brady,Hough,West Coast Eagles,BPR,0.0,44.0,0.0,8.0,1.0,0.0,0.0,0.0,88.9,8.0
2026,7,2026-04-26,Tim,Kelly,West Coast Eagles,R,2.0,412.0,2.0,16.0,5.0,1.0,6.0,0.0,63.2,12.0
2026,7,2026-04-26,Josh,Lindsay,West Coast Eagles,HBFR,4.0,451.0,7.0,8.0,4.0,0.0,10.0,0.0,90.3,28.0
2026,7,2026-04-26,Ryan,Maric,West Coast Eagles,INT,4.0,360.0,4.0,10.0,2.0,0.0,4.0,0.0,81.0,17.0
2026,7,2026-04-26,Tom,McCarthy,West Coast Eagles,HBFL,1.0,268.0,2.0,11.0,1.0,0.0,2.0,0.0,93.8,15.0
2026,7,2026-04-26,Milan,Murdock,West Coast Eagles,FPR,2.0,213.0,3.0,17.0,4.0,0.0,2.0,1.0,65.0,13.0
2026,7,2026-04-26,Harley,Reid,West Coast Eagles,RR,4.0,227.0,3.0,18.0,4.0,3.0,11.0,0.0,63.0,17.0
2026,7,2026-04-26,Jobe,Shanahan,West Coast Eagles,CHF,4.0,108.0,2.0,9.0,0.0,0.0,0.0,1.0,70.0,7.0
2026,7,2026-04-26,Jake,Waterman,West Coast Eagles,FF,5.0,170.0,1.0,7.0,1.0,0.0,1.0,0.0,88.9,8.0
2026,7,2026-04-26,Bailey J.,Williams,West Coast Eagles,RK,2.0,290.0,3.0,8.0,6.0,3.0,4.0,0.0,50.0,6.0
2026,7,2026-04-26,Jack,Williams,West Coast Eagles,INT,3.0,54.0,0.0,9.0,1.0,0.0,1.0,1.0,80.0,4.0
2026,7,2026-04-26,Elliot,Yeo,West Coast Eagles,C,6.0,298.0,0.0,20.0,4.0,1.0,5.0,1.0,66.7,14.0
2026,7,2026-04-26,Tylar,Young,West Coast Eagles,CHB,0.0,312.0,10.0,2.0,1.0,0.0,4.0,0.0,88.9,16.0
2026,7,2026-04-26,Oscar,Allen,Brisbane Lions,CHF,3.0,99.0,0.0,8.0,1.0,0.0,1.0,1.0,50.0,4.0
2026,7,2026-04-26,Harris,Andrews,Brisbane Lions,FB,5.0,92.0,5.0,3.0,0.0,0.0,3.0,0.0,93.8,15.0
2026,7,2026-04-26,Levi,Ashcroft,Brisbane Lions,HFFR,11.0,254.0,3.0,7.0,1.0,0.0,5.0,1.0,86.4,19.0
2026,7,2026-04-26,Will,Ashcroft,Brisbane Lions,C,13.0,444.0,1.0,11.0,5.0,0.0,6.0,0.0,66.7,24.0
2026,7,2026-04-26,Zac,Bailey,Brisbane Lions,WR,12.0,249.0,2.0,13.0,6.0,3.0,8.0,0.0,72.4,21.0
2026,7,2026-04-26,Charlie,Cameron,Brisbane Lions,HFFL,10.0,398.0,1.0,13.0,3.0,0.0,5.0,3.0,66.7,10.0
2026,7,2026-04-26,Keidean,Coleman,Brisbane Lions,BPL,3.0,275.0,5.0,8.0,2.0,0.0,4.0,0.0,71.4,10.0
2026,7,2026-04-26,Sam,Draper,Brisbane Lions,FPL,3.0,321.0,4.0,2.0,4.0,1.0,4.0,0.0,45.5,5.0
2026,7,2026-04-26,Josh,Dunkley,Brisbane Lions,RR,7.0,63.0,7.0,17.0,1.0,1.0,7.0,1.0,77.3,17.0
2026,7,2026-04-26,Jaspa,Fletcher,Brisbane Lions,CHB,1.0,281.0,1.0,9.0,3.0,1.0,2.0,0.0,76.2,16.0
2026,7,2026-04-26,Darcy,Fort,Brisbane Lions,RK,6.0,214.0,5.0,5.0,2.0,4.0,6.0,0.0,85.7,12.0
2026,7,2026-04-26,Ty,Gallop,Brisbane Lions,HBFR,3.0,383.0,5.0,3.0,6.0,0.0,2.0,0.0,66.7,8.0
2026,7,2026-04-26,Ryan,Lester,Brisbane Lions,BPR,5.0,279.0,5.0,11.0,0.0,0.0,2.0,0.0,94.1,16.0
2026,7,2026-04-26,Kai,Lohmann,Brisbane Lions,INT,4.0,118.0,1.0,12.0,1.0,0.0,1.0,1.0,80.0,4.0
2026,7,2026-04-26,Lincoln,McCarthy,Brisbane Lions,FPR,5.0,476.0,7.0,7.0,7.0,1.0,4.0,1.0,65.2,15.0
2026,7,2026-04-26,Hugh,McCluggage,Brisbane Lions,WL,4.0,298.0,0.0,16.0,3.0,2.0,4.0,1.0,50.0,7.0
2026,7,2026-04-26,Conor,McKenna,Brisbane Lions,INT,6.0,362.0,3.0,12.0,2.0,0.0,6.0,0.0,81.8,9.0
2026,7,2026-04-26,Logan,Morris,Brisbane Lions,INT,7.0,152.0,0.0,3.0,0.0,0.0,3.0,0.0,70.0,7.0
2026,7,2026-04-26,Lachie,Neale,Brisbane Lions,R,11.0,418.0,4.0,7.0,4.0,1.0,9.0,0.0,78.6,33.0
2026,7,2026-04-26,Cam,Rayner,Brisbane Lions,FF,5.0,300.0,1.0,16.0,1.0,0.0,1.0,1.0,81.8,9.0
2026,7,2026-04-26,Bruce,Reville,Brisbane Lions,INT,0.0,183.0,2.0,7.0,6.0,1.0,5.0,0.0,42.9,3.0
2026,7,2026-04-26,James,Tunstill,Brisbane Lions,INT,3.0,206.0,0.0,19.0,3.0,0.0,5.0,0.0,87.5,14.0
2026,7,2026-04-26,Darcy,Wilmot,Brisbane Lions,HBFL,6.0,295.0,3.0,9.0,0.0,1.0,4.0,0.0,90.5,19.0
2026,7,2026-04-26,Sam,Berry,Adelaide Crows,RR,4.0,134.0,4.0,21.0,4.0,4.0,10.0,0.0,66.7,12.0
2026,7,2026-04-26,Hugh,Bond,Adelaide Crows,BPR,2.0,199.0,6.0,7.0,4.0,0.0,3.0,0.0,76.5,13.0
2026,7,2026-04-26,Jordon,Butts,Adelaide Crows,FB,1.0,90.0,5.0,6.0,1.0,0.0,3.0,0.0,85.7,6.0
2026,7,2026-04-26,Brayden,Cook,Adelaide Crows,WR,7.0,358.0,2.0,13.0,2.0,0.0,4.0,0.0,70.0,14.0
2026,7,2026-04-26,Isaac,Cumming,Adelaide Crows,WL,3.0,375.0,4.0,13.0,1.0,0.0,3.0,1.0,100.0,18.0
2026,7,2026-04-26,Jordan,Dawson,Adelaide Crows,C,7.0,585.0,5.0,8.0,1.0,0.0,3.0,1.0,89.3,25.0
2026,7,2026-04-26,Charlie,Edwards,Adelaide Crows,INT,3.0,206.0,2.0,10.0,3.0,0.0,3.0,0.0,50.0,6.0
2026,7,2026-04-26,Ben,Keays,Adelaide Crows,FPR,4.0,80.0,2.0,13.0,4.0,1.0,8.0,0.0,75.0,12.0
2026,7,2026-04-26,Rory,Laird,Adelaide Crows,HBFL,6.0,328.0,7.0,6.0,7.0,0.0,5.0,0.0,82.8,24.0
2026,7,2026-04-26,Finnbar,Maley,Adelaide Crows,FPL,4.0,127.0,0.0,8.0,0.0,2.0,1.0,1.0,60.0,3.0
2026,7,2026-04-26,Lachlan,McAndrew,Adelaide Crows,RK,2.0,131.0,2.0,14.0,4.0,2.0,3.0,0.0,36.4,4.0
2026,7,2026-04-26,Max,Michalanney,Adelaide Crows,INT,3.0,298.0,2.0,9.0,5.0,0.0,2.0,0.0,71.4,15.0
2026,7,2026-04-26,Wayne,Milera,Adelaide Crows,HBFR,3.0,337.0,5.0,2.0,8.0,1.0,5.0,0.0,63.6,14.0
2026,7,2026-04-26,Nick,Murray,Adelaide Crows,CHB,2.0,213.0,2.0,6.0,2.0,0.0,3.0,0.0,84.6,11.0
2026,7,2026-04-26,Toby,Murray,Adelaide Crows,INT,1.0,180.0,1.0,3.0,4.0,0.0,1.0,0.0,63.6,7.0
2026,7,2026-04-26,James,Peatling,Adelaide Crows,R,4.0,163.0,1.0,22.0,2.0,3.0,5.0,0.0,87.5,14.0
2026,7,2026-04-26,Luke,Pedlar,Adelaide Crows,INT,6.0,214.0,2.0,11.0,1.0,0.0,3.0,0.0,69.2,9.0
2026,7,2026-04-26,Josh,Rachele,Adelaide Crows,HFFR,5.0,215.0,3.0,16.0,1.0,1.0,4.0,1.0,80.0,12.0
2026,7,2026-04-26,Izak,Rankine,Adelaide Crows,HFFL,5.0,347.0,1.0,14.0,5.0,0.0,6.0,0.0,73.7,14.0
2026,7,2026-04-26,Zac,Taylor,Adelaide Crows,INT,1.0,244.0,2.0,7.0,2.0,0.0,2.0,0.0,86.7,13.0
2026,7,2026-04-26,Riley,Thilthorpe,Adelaide Crows,CHF,4.0,267.0,0.0,6.0,1.0,0.0,1.0,0.0,50.0,4.0
2026,7,2026-04-26,Taylor,Walker,Adelaide Crows,FF,2.0,58.0,0.0,3.0,1.0,0.0,0.0,0.0,100.0,2.0
2026,7,2026-04-26,Josh,Worrell,Adelaide Crows,BPL,4.0,260.0,3.0,8.0,2.0,0.0,3.0,0.0,100.0,17.0
2026,7,2026-04-26,Leek,Aleer,GWS GIANTS,RK,5.0,165.0,0.0,14.0,1.0,0.0,2.0,2.0,66.7,4.0
2026,7,2026-04-26,Ryan,Angwin,GWS GIANTS,WL,8.0,475.0,3.0,26.0,4.0,0.0,7.0,1.0,68.2,15.0
2026,7,2026-04-26,Lachie,Ash,GWS GIANTS,HBFR,11.0,757.0,9.0,8.0,5.0,0.0,3.0,0.0,73.3,22.0
2026,7,2026-04-26,Toby,Bedford,GWS GIANTS,HFFL,3.0,113.0,1.0,17.0,0.0,0.0,1.0,1.0,66.7,4.0
2026,7,2026-04-26,Jack,Buckley,GWS GIANTS,BPR,1.0,166.0,6.0,8.0,1.0,0.0,3.0,0.0,100.0,8.0
2026,7,2026-04-26,Aaron,Cadman,GWS GIANTS,FPL,8.0,293.0,0.0,13.0,1.0,0.0,0.0,0.0,80.0,8.0
2026,7,2026-04-26,Finn,Callaghan,GWS GIANTS,R,7.0,343.0,2.0,13.0,4.0,0.0,6.0,0.0,85.7,18.0
2026,7,2026-04-26,Stephen,Coniglio,GWS GIANTS,INT,7.0,177.0,1.0,8.0,1.0,0.0,2.0,0.0,92.3,12.0
2026,7,2026-04-26,Brent,Daniels,GWS GIANTS,CHF,10.0,410.0,0.0,20.0,2.0,1.0,4.0,3.0,85.7,18.0
2026,7,2026-04-26,Phoenix,Gothard,GWS GIANTS,HFFR,5.0,135.0,0.0,11.0,1.0,0.0,5.0,0.0,60.0,6.0
2026,7,2026-04-26,Toby,Greene,GWS GIANTS,RR,8.0,502.0,2.0,15.0,7.0,5.0,9.0,0.0,57.1,16.0
2026,7,2026-04-26,Oliver,Hannaford,GWS GIANTS,INT,2.0,159.0,0.0,24.0,5.0,0.0,5.0,0.0,44.4,4.0
2026,7,2026-04-26,Harry,Himmelberg,GWS GIANTS,HBFL,4.0,178.0,1.0,9.0,1.0,0.0,0.0,0.0,80.0,12.0
2026,7,2026-04-26,Jesse,Hogan,GWS GIANTS,FPR,7.0,234.0,0.0,4.0,2.0,0.0,2.0,0.0,46.7,7.0
2026,7,2026-04-26,Connor,Idun,GWS GIANTS,FB,7.0,360.0,9.0,8.0,5.0,0.0,7.0,0.0,79.2,19.0
2026,7,2026-04-26,Jayden,Laverde,GWS GIANTS,BPL,3.0,277.0,4.0,5.0,0.0,0.0,2.0,0.0,70.0,7.0
2026,7,2026-04-26,James,Leake,GWS GIANTS,INT,3.0,122.0,3.0,7.0,1.0,0.0,2.0,0.0,92.3,12.0
2026,7,2026-04-26,Nicholas,Madden,GWS GIANTS,INT,1.0,98.0,2.0,13.0,3.0,0.0,2.0,0.0,50.0,5.0
2026,7,2026-04-26,Xavier,O'Halloran,GWS GIANTS,INT,8.0,350.0,0.0,23.0,2.0,0.0,9.0,0.0,77.8,14.0
2026,7,2026-04-26,Clayton,Oliver,GWS GIANTS,C,9.0,255.0,4.0,21.0,3.0,2.0,8.0,1.0,73.1,19.0
2026,7,2026-04-26,Jake,Stringer,GWS GIANTS,FF,6.0,284.0,1.0,7.0,2.0,1.0,5.0,1.0,61.5,8.0
2026,7,2026-04-26,Harvey,Thomas,GWS GIANTS,WR,6.0,144.0,5.0,22.0,2.0,0.0,7.0,2.0,75.0,12.0
2026,7,2026-04-26,Lachie,Whitfield,GWS GIANTS,CHB,9.0,503.0,3.0,12.0,2.0,0.0,4.0,0.0,87.5,28.0
2026,7,2026-04-26,Aidan,Corr,North Melbourne,BPL,3.0,240.0,7.0,6.0,3.0,0.0,5.0,1.0,78.9,15.0
2026,7,2026-04-26,Paul,Curtis,North Melbourne,HFFL,8.0,231.0,3.0,20.0,0.0,0.0,4.0,1.0,82.4,14.0
2026,7,2026-04-26,Caleb,Daniel,North Melbourne,CHB,5.0,707.0,2.0,9.0,6.0,0.0,3.0,0.0,80.0,24.0
2026,7,2026-04-26,Jack,Darling,North Melbourne,INT,3.0,238.0,1.0,7.0,3.0,0.0,1.0,3.0,54.5,6.0
2026,7,2026-04-26,Luke,Davies-Uniacke,North Melbourne,RR,8.0,294.0,1.0,19.0,4.0,3.0,5.0,0.0,85.0,17.0
2026,7,2026-04-26,Lachy,Dovaston,North Melbourne,INT,5.0,127.0,0.0,19.0,0.0,0.0,2.0,0.0,70.0,7.0
2026,7,2026-04-26,Zane,Duursma,North Melbourne,HFFR,3.0,85.0,2.0,14.0,0.0,0.0,2.0,1.0,66.7,4.0
2026,7,2026-04-26,Nick,Larkey,North Melbourne,FF,8.0,271.0,1.0,9.0,1.0,0.0,4.0,1.0,81.3,13.0
2026,7,2026-04-26,Griffin,Logue,North Melbourne,FB,2.0,75.0,6.0,5.0,1.0,0.0,3.0,0.0,90.9,10.0
2026,7,2026-04-26,Luke,McDonald,North Melbourne,INT,6.0,322.0,2.0,7.0,1.0,0.0,2.0,0.0,85.7,12.0
2026,7,2026-04-26,Colby,McKercher,North Melbourne,HBFL,4.0,260.0,1.0,21.0,2.0,0.0,1.0,0.0,82.4,14.0
2026,7,2026-04-26,Finn,O'Sullivan,North Melbourne,FPR,8.0,373.0,0.0,17.0,3.0,5.0,4.0,0.0,79.2,19.0
2026,7,2026-04-26,Luke,Parker,North Melbourne,HBFR,5.0,501.0,6.0,7.0,3.0,0.0,5.0,0.0,69.0,20.0
2026,7,2026-04-26,Toby,Pink,North Melbourne,BPR,2.0,225.0,1.0,5.0,1.0,0.0,0.0,0.0,88.9,8.0
2026,7,2026-04-26,Tom,Powell,North Melbourne,C,2.0,220.0,2.0,14.0,5.0,1.0,4.0,2.0,66.7,8.0
2026,7,2026-04-26,Harry,Sheezel,North Melbourne,R,6.0,350.0,0.0,29.0,5.0,2.0,3.0,1.0,71.9,23.0
2026,7,2026-04-26,Jy,Simpkin,North Melbourne,WL,5.0,309.0,4.0,10.0,5.0,0.0,3.0,1.0,62.5,10.0
2026,7,2026-04-26,Charlie,Spargo,North Melbourne,INT,6.0,250.0,2.0,17.0,0.0,0.0,3.0,1.0,88.2,15.0
2026,7,2026-04-26,Dylan,Stephens,North Melbourne,WR,4.0,423.0,5.0,8.0,5.0,0.0,6.0,0.0,80.0,20.0
2026,7,2026-04-26,Cooper,Trembath,North Melbourne,CHF,2.0,32.0,1.0,6.0,1.0,0.0,2.0,0.0,50.0,2.0
2026,7,2026-04-26,George,Wardlaw,North Melbourne,INT,5.0,252.0,3.0,23.0,3.0,2.0,7.0,0.0,73.3,11.0
2026,7,2026-04-26,Tristan,Xerri,North Melbourne,RK,8.0,210.0,3.0,23.0,2.0,4.0,6.0,3.0,72.0,18.0
2026,7,2026-04-26,Cameron,Zurhaar,North Melbourne,FPL,5.0,425.0,2.0,4.0,2.0,0.0,1.0,0.0,91.7,11.0
2026,8,2026-04-30,Angus,Anderson,Collingwood,INT,3.0,147.0,3.0,18.0,2.0,0.0,2.0,0.0,62.5,5.0
2026,8,2026-04-30,Jack,Buller,Collingwood,FPL,2.0,-2.0,0.0,5.0,1.0,0.0,1.0,0.0,85.7,6.0
2026,8,2026-04-30,Darcy,Cameron,Collingwood,RK,3.0,60.0,3.0,9.0,2.0,1.0,1.0,0.0,78.6,11.0
2026,8,2026-04-30,Jack,Crisp,Collingwood,WR,5.0,499.0,6.0,16.0,3.0,1.0,5.0,0.0,75.0,18.0
2026,8,2026-04-30,Josh,Daicos,Collingwood,CHB,5.0,370.0,2.0,14.0,2.0,0.0,2.0,0.0,91.3,21.0
2026,8,2026-04-30,Nick,Daicos,Collingwood,R,6.0,644.0,2.0,16.0,9.0,1.0,8.0,1.0,50.0,17.0
2026,8,2026-04-30,Jordan,De Goey,Collingwood,CHF,7.0,363.0,1.0,12.0,2.0,0.0,2.0,0.0,77.8,14.0
2026,8,2026-04-30,Jamie,Elliott,Collingwood,FF,4.0,114.0,0.0,10.0,0.0,0.0,0.0,0.0,100.0,8.0
2026,8,2026-04-30,Billy,Frampton,Collingwood,BPL,2.0,107.0,5.0,5.0,1.0,0.0,1.0,0.0,100.0,8.0
2026,8,2026-04-30,William,Hayes,Collingwood,INT,2.0,231.0,0.0,13.0,3.0,0.0,1.0,0.0,83.3,5.0
2026,8,2026-04-30,Dan,Houston,Collingwood,HBFR,5.0,698.0,7.0,18.0,4.0,0.0,5.0,0.0,78.1,25.0
2026,8,2026-04-30,Patrick,Lipinski,Collingwood,RR,6.0,221.0,2.0,25.0,2.0,1.0,4.0,0.0,78.9,15.0
2026,8,2026-04-30,Ned,Long,Collingwood,C,5.0,362.0,3.0,30.0,7.0,0.0,9.0,1.0,63.6,14.0
2026,8,2026-04-30,Brayden,Maynard,Collingwood,INT,4.0,530.0,5.0,12.0,2.0,0.0,3.0,0.0,95.7,22.0
2026,8,2026-04-30,Daniel,McStay,Collingwood,FPR,6.0,233.0,0.0,13.0,3.0,0.0,2.0,0.0,72.7,8.0
2026,8,2026-04-30,Darcy,Moore,Collingwood,FB,0.0,173.0,4.0,7.0,2.0,0.0,2.0,0.0,50.0,3.0
2026,8,2026-04-30,Wil,Parker,Collingwood,INT,0.0,117.0,1.0,15.0,2.0,0.0,2.0,0.0,62.5,5.0
2026,8,2026-04-30,Harry,Perryman,Collingwood,BPR,1.0,206.0,2.0,6.0,3.0,0.0,1.0,0.0,60.0,6.0
2026,8,2026-04-30,Isaac,Quaynor,Collingwood,HBFL,4.0,242.0,5.0,19.0,2.0,0.0,4.0,0.0,88.9,16.0
2026,8,2026-04-30,Lachie,Schultz,Collingwood,HFFR,7.0,349.0,4.0,17.0,3.0,0.0,4.0,0.0,90.0,18.0
2026,8,2026-04-30,Steele,Sidebottom,Collingwood,HFFL,4.0,113.0,0.0,17.0,1.0,0.0,1.0,0.0,88.9,8.0
2026,8,2026-04-30,Roan,Steele,Collingwood,WL,2.0,21.0,3.0,14.0,2.0,0.0,4.0,1.0,90.0,9.0
2026,8,2026-04-30,Oscar,Steene,Collingwood,INT,4.0,102.0,0.0,12.0,2.0,1.0,2.0,0.0,71.4,5.0
2026,8,2026-04-30,Karl,Amon,Hawthorn,HBFL,9.0,490.0,5.0,12.0,1.0,1.0,4.0,0.0,83.3,25.0
2026,8,2026-04-30,Tom,Barrass,Hawthorn,FB,3.0,173.0,6.0,2.0,1.0,0.0,1.0,0.0,85.7,6.0
2026,8,2026-04-30,Josh,Battle,Hawthorn,CHB,10.0,325.0,4.0,10.0,3.0,1.0,3.0,0.0,81.8,18.0
2026,8,2026-04-30,Massimo,D'Ambrosio,Hawthorn,WL,10.0,429.0,3.0,10.0,4.0,1.0,6.0,0.0,82.6,19.0
2026,8,2026-04-30,Calsher,Dear,Hawthorn,FF,2.0,149.0,0.0,6.0,2.0,0.0,3.0,0.0,66.7,6.0
2026,8,2026-04-30,Jack,Ginnivan,Hawthorn,HFFL,7.0,333.0,2.0,16.0,4.0,0.0,6.0,0.0,70.8,17.0
2026,8,2026-04-30,Jack,Gunston,Hawthorn,HFFR,5.0,140.0,2.0,5.0,3.0,0.0,3.0,1.0,53.8,7.0
2026,8,2026-04-30,Blake,Hardwick,Hawthorn,HBFR,4.0,101.0,5.0,11.0,0.0,0.0,2.0,0.0,86.7,13.0
2026,8,2026-04-30,Jarman,Impey,Hawthorn,BPR,9.0,495.0,4.0,9.0,3.0,0.0,1.0,0.0,88.9,24.0
2026,8,2026-04-30,Mitch,Lewis,Hawthorn,CHF,7.0,180.0,1.0,11.0,2.0,0.0,5.0,2.0,57.1,8.0
2026,8,2026-04-30,Connor,Macdonald,Hawthorn,INT,9.0,370.0,1.0,14.0,6.0,1.0,10.0,0.0,71.4,20.0
2026,8,2026-04-30,Cam,Mackenzie,Hawthorn,INT,6.0,356.0,1.0,14.0,1.0,2.0,6.0,2.0,87.5,21.0
2026,8,2026-04-30,Finn,Maginness,Hawthorn,INT,4.0,111.0,3.0,11.0,3.0,0.0,7.0,0.0,80.0,12.0
2026,8,2026-04-30,Lloyd,Meek,Hawthorn,INT,4.0,180.0,2.0,5.0,3.0,3.0,2.0,0.0,60.0,6.0
2026,8,2026-04-30,Dylan,Moore,Hawthorn,FPL,6.0,231.0,1.0,7.0,1.0,0.0,0.0,0.0,83.3,15.0
2026,8,2026-04-30,Conor,Nash,Hawthorn,C,8.0,323.0,0.0,15.0,4.0,2.0,1.0,0.0,77.3,17.0
2026,8,2026-04-30,Jai,Newcombe,Hawthorn,RR,11.0,363.0,0.0,17.0,5.0,5.0,6.0,1.0,77.8,21.0
2026,8,2026-04-30,Ned,Reeves,Hawthorn,RK,5.0,204.0,2.0,6.0,2.0,2.0,4.0,0.0,62.5,10.0
2026,8,2026-04-30,Jack,Scrimshaw,Hawthorn,INT,3.0,54.0,1.0,2.0,0.0,0.0,1.0,0.0,100.0,9.0
2026,8,2026-04-30,James,Sicily,Hawthorn,BPL,5.0,362.0,12.0,1.0,1.0,0.0,7.0,0.0,90.9,20.0
2026,8,2026-04-30,Josh,Ward,Hawthorn,R,8.0,359.0,2.0,17.0,2.0,1.0,4.0,0.0,76.2,16.0
2026,8,2026-04-30,Nick,Watson,Hawthorn,FPR,5.0,81.0,1.0,13.0,4.0,0.0,6.0,2.0,73.3,11.0
2026,8,2026-04-30,Josh,Weddle,Hawthorn,WR,4.0,184.0,2.0,7.0,3.0,0.0,2.0,0.0,22.2,2.0
2026,8,2026-05-01,Marcus,Bontempelli,Western Bulldogs,C,9.0,630.0,2.0,15.0,8.0,5.0,6.0,0.0,60.6,20.0
2026,8,2026-05-01,Lachlan,Bramble,Western Bulldogs,INT,4.0,331.0,5.0,4.0,3.0,0.0,3.0,0.0,92.9,13.0
2026,8,2026-05-01,Jedd,Busslinger,Western Bulldogs,CHB,2.0,289.0,6.0,2.0,2.0,0.0,2.0,0.0,76.9,10.0
2026,8,2026-05-01,Nick,Coffield,Western Bulldogs,BPR,1.0,205.0,5.0,5.0,1.0,0.0,2.0,0.0,81.3,13.0
2026,8,2026-05-01,Bailey,Dale,Western Bulldogs,HBFR,7.0,529.0,5.0,16.0,2.0,0.0,3.0,0.0,84.4,27.0
2026,8,2026-05-01,Sam,Davidson,Western Bulldogs,HFFL,3.0,83.0,1.0,13.0,0.0,0.0,2.0,4.0,100.0,6.0
2026,8,2026-05-01,Josh,Dolan,Western Bulldogs,INT,0.0,69.0,1.0,17.0,1.0,0.0,1.0,1.0,57.1,4.0
2026,8,2026-05-01,Louis,Emmett,Western Bulldogs,INT,0.0,27.0,0.0,8.0,0.0,0.0,0.0,0.0,50.0,1.0
2026,8,2026-05-01,Tim,English,Western Bulldogs,RK,5.0,239.0,5.0,7.0,3.0,0.0,4.0,1.0,80.0,12.0
2026,8,2026-05-01,Joel,Freijah,Western Bulldogs,FPL,8.0,287.0,0.0,21.0,3.0,3.0,8.0,1.0,68.4,13.0
2026,8,2026-05-01,Harvey,Gallagher,Western Bulldogs,INT,3.0,248.0,0.0,5.0,2.0,0.0,3.0,0.0,69.2,9.0
2026,8,2026-05-01,Arthur,Jones,Western Bulldogs,WL,9.0,240.0,1.0,18.0,3.0,0.0,4.0,0.0,80.0,12.0
2026,8,2026-05-01,Matthew,Kennedy,Western Bulldogs,RR,5.0,429.0,2.0,28.0,4.0,5.0,7.0,0.0,56.7,17.0
2026,8,2026-05-01,Buku,Khamis,Western Bulldogs,FB,5.0,308.0,7.0,9.0,1.0,0.0,4.0,0.0,94.4,17.0
2026,8,2026-05-01,Will,Lewis,Western Bulldogs,CHF,8.0,66.0,0.0,10.0,3.0,0.0,3.0,1.0,72.7,8.0
2026,8,2026-05-01,Lachlan,McNeil,Western Bulldogs,HBFL,6.0,187.0,2.0,14.0,3.0,0.0,1.0,1.0,63.6,7.0
2026,8,2026-05-01,Aaron,Naughton,Western Bulldogs,FF,7.0,136.0,0.0,8.0,1.0,0.0,3.0,2.0,88.9,8.0
2026,8,2026-05-01,Ed,Richards,Western Bulldogs,R,8.0,648.0,3.0,27.0,6.0,2.0,9.0,2.0,68.0,17.0
2026,8,2026-05-01,Ryley,Sanders,Western Bulldogs,INT,4.0,83.0,4.0,24.0,1.0,0.0,7.0,1.0,84.0,21.0
2026,8,2026-05-01,Michael,Sellwood,Western Bulldogs,BPL,1.0,74.0,10.0,12.0,1.0,0.0,9.0,0.0,76.9,10.0
2026,8,2026-05-01,Laitham,Vandermeer,Western Bulldogs,HFFR,7.0,216.0,0.0,8.0,1.0,1.0,2.0,1.0,83.3,10.0
2026,8,2026-05-01,Rhylee,West,Western Bulldogs,FPR,7.0,429.0,1.0,11.0,4.0,0.0,8.0,3.0,47.1,8.0
2026,8,2026-05-01,Bailey,Williams,Western Bulldogs,WR,1.0,205.0,2.0,6.0,4.0,0.0,2.0,0.0,60.0,9.0
2026,8,2026-05-01,Jye,Amiss,Fremantle,FPR,4.0,133.0,0.0,9.0,1.0,0.0,1.0,3.0,58.3,7.0
2026,8,2026-05-01,Shai,Bolton,Fremantle,HFFL,16.0,497.0,0.0,15.0,3.0,5.0,8.0,0.0,83.3,25.0
2026,8,2026-05-01,Andrew,Brayshaw,Fremantle,C,7.0,443.0,4.0,19.0,5.0,4.0,6.0,0.0,68.2,15.0
2026,8,2026-05-01,Heath,Chapman,Fremantle,BPR,3.0,315.0,6.0,14.0,1.0,0.0,5.0,0.0,86.7,13.0
2026,8,2026-05-01,Jordan,Clark,Fremantle,HBFL,4.0,566.0,6.0,10.0,7.0,0.0,8.0,0.0,77.3,17.0
2026,8,2026-05-01,Brennan,Cox,Fremantle,BPL,5.0,223.0,7.0,8.0,0.0,0.0,5.0,0.0,92.3,12.0
2026,8,2026-05-01,Mason,Cox,Fremantle,INT,3.0,123.0,1.0,6.0,2.0,0.0,2.0,1.0,50.0,4.0
2026,8,2026-05-01,Isaiah,Dudley,Fremantle,INT,3.0,32.0,0.0,14.0,1.0,0.0,1.0,1.0,100.0,6.0
2026,8,2026-05-01,Neil,Erasmus,Fremantle,WL,3.0,295.0,3.0,10.0,5.0,0.0,4.0,0.0,60.0,9.0
2026,8,2026-05-01,Michael,Frederick,Fremantle,INT,3.0,232.0,1.0,13.0,2.0,0.0,1.0,0.0,88.9,8.0
2026,8,2026-05-01,Luke,Jackson,Fremantle,RK,13.0,295.0,2.0,20.0,0.0,1.0,5.0,1.0,66.7,12.0
2026,8,2026-05-01,Matthew,Johnson,Fremantle,WR,3.0,159.0,1.0,17.0,2.0,1.0,2.0,0.0,90.9,10.0
2026,8,2026-05-01,Alex,Pearce,Fremantle,FB,2.0,79.0,3.0,7.0,0.0,0.0,1.0,0.0,100.0,7.0
2026,8,2026-05-01,Murphy,Reid,Fremantle,CHF,8.0,347.0,0.0,17.0,3.0,2.0,2.0,1.0,81.8,18.0
2026,8,2026-05-01,Luke,Ryan,Fremantle,CHB,5.0,386.0,5.0,18.0,0.0,0.0,1.0,0.0,95.5,21.0
2026,8,2026-05-01,Caleb,Serong,Fremantle,R,1.0,352.0,2.0,31.0,3.0,3.0,2.0,2.0,52.9,9.0
2026,8,2026-05-01,Jeremy,Sharp,Fremantle,INT,2.0,221.0,2.0,8.0,5.0,0.0,3.0,1.0,90.0,9.0
2026,8,2026-05-01,Sam,Switkowski,Fremantle,HFFR,8.0,144.0,1.0,19.0,1.0,0.0,4.0,1.0,75.0,9.0
2026,8,2026-05-01,Josh,Treacy,Fremantle,FF,10.0,335.0,3.0,13.0,7.0,0.0,3.0,1.0,58.8,10.0
2026,8,2026-05-01,Patrick,Voss,Fremantle,FPL,2.0,123.0,1.0,16.0,1.0,0.0,1.0,2.0,100.0,5.0
2026,8,2026-05-01,Corey,Wagner,Fremantle,HBFR,5.0,427.0,2.0,10.0,6.0,0.0,5.0,0.0,63.2,12.0
2026,8,2026-05-01,Karl,Worner,Fremantle,INT,6.0,473.0,6.0,5.0,5.0,0.0,1.0,0.0,100.0,21.0
2026,8,2026-05-01,Hayden,Young,Fremantle,RR,7.0,339.0,1.0,20.0,2.0,2.0,8.0,0.0,65.0,13.0
2026,8,2026-05-01,Sam,Berry,Adelaide Crows,C,2.0,704.0,7.0,35.0,9.0,2.0,12.0,3.0,65.5,19.0
2026,8,2026-05-01,Hugh,Bond,Adelaide Crows,INT,0.0,67.0,2.0,9.0,1.0,0.0,2.0,0.0,60.0,3.0
2026,8,2026-05-01,James,Borlase,Adelaide Crows,FB,2.0,136.0,5.0,2.0,2.0,0.0,1.0,0.0,88.9,8.0
2026,8,2026-05-01,Jordon,Butts,Adelaide Crows,CHB,0.0,163.0,4.0,0.0,1.0,0.0,2.0,0.0,75.0,6.0
2026,8,2026-05-01,Brayden,Cook,Adelaide Crows,WR,3.0,429.0,2.0,13.0,3.0,0.0,6.0,0.0,76.2,16.0
2026,8,2026-05-01,Isaac,Cumming,Adelaide Crows,WL,3.0,190.0,4.0,12.0,1.0,0.0,5.0,0.0,100.0,11.0
2026,8,2026-05-01,Daniel,Curtin,Adelaide Crows,INT,5.0,179.0,2.0,9.0,2.0,0.0,3.0,1.0,77.8,7.0
2026,8,2026-05-01,Ben,Keays,Adelaide Crows,FPR,5.0,286.0,2.0,24.0,4.0,0.0,8.0,2.0,66.7,12.0
2026,8,2026-05-01,Rory,Laird,Adelaide Crows,HBFL,2.0,203.0,5.0,7.0,4.0,0.0,4.0,0.0,81.3,13.0
2026,8,2026-05-01,Lachlan,McAndrew,Adelaide Crows,RK,2.0,187.0,1.0,14.0,1.0,1.0,6.0,0.0,72.7,8.0
2026,8,2026-05-01,Max,Michalanney,Adelaide Crows,BPR,1.0,91.0,2.0,6.0,1.0,0.0,1.0,0.0,88.9,8.0
2026,8,2026-05-01,Wayne,Milera,Adelaide Crows,HBFR,4.0,389.0,10.0,14.0,1.0,0.0,7.0,0.0,93.1,27.0
2026,8,2026-05-01,Toby,Murray,Adelaide Crows,HFFR,4.0,300.0,2.0,7.0,4.0,0.0,0.0,0.0,80.0,8.0
2026,8,2026-05-01,Alex,Neal-Bullen,Adelaide Crows,FPL,2.0,386.0,2.0,18.0,5.0,1.0,5.0,0.0,82.4,14.0
2026,8,2026-05-01,James,Peatling,Adelaide Crows,R,5.0,472.0,7.0,22.0,6.0,1.0,10.0,0.0,72.0,18.0
2026,8,2026-05-01,Luke,Pedlar,Adelaide Crows,INT,1.0,156.0,0.0,9.0,4.0,0.0,4.0,0.0,58.3,7.0
2026,8,2026-05-01,Josh,Rachele,Adelaide Crows,RR,8.0,243.0,2.0,11.0,4.0,1.0,4.0,1.0,53.8,7.0
2026,8,2026-05-01,Izak,Rankine,Adelaide Crows,HFFL,5.0,545.0,2.0,18.0,7.0,3.0,8.0,0.0,65.2,15.0
2026,8,2026-05-01,Jake,Soligo,Adelaide Crows,INT,5.0,306.0,1.0,18.0,2.0,2.0,8.0,1.0,54.5,12.0
2026,8,2026-05-01,Zac,Taylor,Adelaide Crows,INT,2.0,134.0,1.0,11.0,2.0,0.0,2.0,1.0,70.0,7.0
2026,8,2026-05-01,Riley,Thilthorpe,Adelaide Crows,CHF,6.0,196.0,1.0,10.0,2.0,0.0,2.0,0.0,80.0,8.0
2026,8,2026-05-01,Taylor,Walker,Adelaide Crows,FF,0.0,0.0,0.0,2.0,1.0,0.0,0.0,0.0,0.0,0.0
2026,8,2026-05-01,Josh,Worrell,Adelaide Crows,BPL,3.0,327.0,12.0,10.0,6.0,0.0,7.0,0.0,81.8,18.0
2026,8,2026-05-01,Aliir,Aliir,Port Adelaide,CHB,4.0,428.0,14.0,3.0,5.0,0.0,6.0,0.0,66.7,14.0
2026,8,2026-05-01,Miles,Bergman,Port Adelaide,BPR,4.0,348.0,4.0,5.0,3.0,0.0,3.0,0.0,82.6,19.0
2026,8,2026-05-01,Joe,Berry,Port Adelaide,INT,4.0,8.0,0.0,9.0,3.0,0.0,4.0,0.0,90.9,10.0
2026,8,2026-05-01,Jase,Burgoyne,Port Adelaide,WL,5.0,280.0,3.0,11.0,2.0,1.0,3.0,0.0,78.6,11.0
2026,8,2026-05-01,Zak,Butters,Port Adelaide,RR,6.0,441.0,2.0,26.0,4.0,1.0,7.0,0.0,66.7,20.0
2026,8,2026-05-01,Darcy,Byrne-Jones,Port Adelaide,BPL,5.0,361.0,9.0,11.0,5.0,0.0,5.0,0.0,81.8,18.0
2026,8,2026-05-01,Willem,Drew,Port Adelaide,R,4.0,292.0,3.0,24.0,7.0,1.0,4.0,1.0,50.0,10.0
2026,8,2026-05-01,Corey,Durdin,Port Adelaide,FPL,4.0,132.0,2.0,17.0,2.0,0.0,1.0,3.0,50.0,3.0
2026,8,2026-05-01,Logan,Evans,Port Adelaide,HBFL,6.0,468.0,7.0,7.0,4.0,0.0,2.0,0.0,82.6,19.0
2026,8,2026-05-01,Kane,Farrell,Port Adelaide,HBFR,4.0,318.0,2.0,10.0,3.0,0.0,3.0,0.0,83.3,10.0
2026,8,2026-05-01,Mitch,Georgiades,Port Adelaide,CHF,7.0,179.0,1.0,10.0,6.0,0.0,4.0,0.0,54.5,6.0
2026,8,2026-05-01,Jason,Horne-Francis,Port Adelaide,C,7.0,246.0,3.0,16.0,2.0,5.0,4.0,1.0,75.0,15.0
2026,8,2026-05-01,Lachie,Jones,Port Adelaide,FB,2.0,121.0,4.0,11.0,3.0,0.0,3.0,0.0,75.0,6.0
2026,8,2026-05-01,Josh,Lai,Port Adelaide,INT,2.0,515.0,6.0,13.0,4.0,0.0,1.0,0.0,73.3,11.0
2026,8,2026-05-01,Ewan,Mackinlay,Port Adelaide,HFFL,2.0,73.0,0.0,17.0,1.0,1.0,1.0,2.0,80.0,4.0
2026,8,2026-05-01,Todd,Marshall,Port Adelaide,INT,2.0,211.0,2.0,6.0,2.0,0.0,0.0,0.0,100.0,7.0
2026,8,2026-05-01,Christian,Moraes,Port Adelaide,INT,2.0,89.0,3.0,10.0,1.0,0.0,4.0,0.0,66.7,10.0
2026,8,2026-05-01,Joe,Richards,Port Adelaide,FPR,2.0,258.0,2.0,12.0,1.0,0.0,1.0,0.0,70.0,7.0
2026,8,2026-05-01,Jordon,Sweet,Port Adelaide,RK,5.0,267.0,3.0,8.0,2.0,1.0,6.0,0.0,58.8,10.0
2026,8,2026-05-01,Dante,Visentini,Port Adelaide,HFFR,2.0,21.0,0.0,15.0,3.0,1.0,3.0,0.0,40.0,2.0
2026,8,2026-05-01,Jacob,Wehr,Port Adelaide,WR,6.0,528.0,1.0,15.0,6.0,1.0,3.0,0.0,70.6,12.0
2026,8,2026-05-01,Jack,Whitlock,Port Adelaide,FF,3.0,172.0,1.0,5.0,4.0,0.0,6.0,0.0,57.1,8.0
2026,8,2026-05-01,Ollie,Wines,Port Adelaide,INT,7.0,248.0,1.0,17.0,3.0,1.0,10.0,0.0,76.7,23.0
2026,8,2026-05-02,Lachlan,Blakiston,Essendon,CHB,2.0,101.0,1.0,6.0,1.0,0.0,2.0,0.0,70.0,7.0
2026,8,2026-05-02,Nate,Caddy,Essendon,CHF,9.0,461.0,1.0,7.0,2.0,0.0,1.0,1.0,35.7,5.0
2026,8,2026-05-02,Jye,Caldwell,Essendon,C,2.0,46.0,0.0,14.0,1.0,3.0,3.0,2.0,86.7,13.0
2026,8,2026-05-02,Nik,Cox,Essendon,HFFL,4.0,124.0,2.0,8.0,2.0,0.0,3.0,0.0,77.8,7.0
2026,8,2026-05-02,Archer,Day-Wicks,Essendon,INT,5.0,238.0,3.0,11.0,5.0,0.0,3.0,1.0,71.4,10.0
2026,8,2026-05-02,Sam,Durham,Essendon,R,8.0,463.0,4.0,16.0,2.0,5.0,13.0,1.0,63.0,17.0
2026,8,2026-05-02,Xavier,Duursma,Essendon,WL,2.0,218.0,3.0,10.0,2.0,0.0,4.0,0.0,81.3,13.0
2026,8,2026-05-02,Thomas,Edwards,Essendon,INT,5.0,197.0,1.0,11.0,1.0,0.0,2.0,0.0,77.8,7.0
2026,8,2026-05-02,Saad,El-Hawli,Essendon,WR,2.0,356.0,6.0,4.0,2.0,0.0,4.0,0.0,76.5,13.0
2026,8,2026-05-02,Jacob,Farrow,Essendon,HBFR,3.0,168.0,4.0,8.0,3.0,0.0,4.0,0.0,82.4,14.0
2026,8,2026-05-02,Jade,Gresham,Essendon,FPL,0.0,62.0,0.0,12.0,3.0,0.0,1.0,0.0,57.1,4.0
2026,8,2026-05-02,Max,Kondogiannis,Essendon,INT,2.0,203.0,4.0,9.0,4.0,0.0,2.0,0.0,76.9,10.0
2026,8,2026-05-02,Kyle,Langford,Essendon,FF,9.0,197.0,1.0,7.0,1.0,0.0,2.0,1.0,54.5,6.0
2026,8,2026-05-02,Andrew,McGrath,Essendon,BPR,2.0,287.0,2.0,5.0,4.0,0.0,2.0,0.0,80.0,12.0
2026,8,2026-05-02,Ben,McKay,Essendon,FB,0.0,75.0,2.0,2.0,1.0,0.0,1.0,0.0,60.0,3.0
2026,8,2026-05-02,Zach,Merrett,Essendon,RR,7.0,345.0,1.0,23.0,5.0,0.0,2.0,1.0,78.6,22.0
2026,8,2026-05-02,Jayden,Nguyen,Essendon,FPR,5.0,90.0,3.0,14.0,1.0,0.0,4.0,1.0,70.0,7.0
2026,8,2026-05-02,Jaxon,Prior,Essendon,BPL,2.0,249.0,5.0,7.0,2.0,0.0,3.0,0.0,75.0,9.0
2026,8,2026-05-02,Zach,Reid,Essendon,INT,2.0,209.0,4.0,6.0,1.0,0.0,1.0,0.0,75.0,9.0
2026,8,2026-05-02,Archie,Roberts,Essendon,HBFL,5.0,477.0,7.0,7.0,4.0,0.0,4.0,0.0,77.8,21.0
2026,8,2026-05-02,Sullivan,Robey,Essendon,HFFR,3.0,318.0,0.0,18.0,4.0,2.0,9.0,1.0,70.6,12.0
2026,8,2026-05-02,Dyson,Sharp,Essendon,INT,4.0,218.0,3.0,17.0,4.0,2.0,4.0,0.0,84.2,16.0
2026,8,2026-05-02,Peter,Wright,Essendon,RK,11.0,397.0,4.0,9.0,4.0,2.0,3.0,1.0,76.9,20.0
2026,8,2026-05-02,Harris,Andrews,Brisbane Lions,FB,4.0,119.0,6.0,3.0,2.0,0.0,2.0,0.0,87.5,14.0
2026,8,2026-05-02,Levi,Ashcroft,Brisbane Lions,WR,4.0,253.0,3.0,10.0,1.0,1.0,5.0,0.0,77.8,14.0
2026,8,2026-05-02,Will,Ashcroft,Brisbane Lions,INT,5.0,338.0,1.0,17.0,7.0,0.0,5.0,0.0,60.7,17.0
2026,8,2026-05-02,Zac,Bailey,Brisbane Lions,C,9.0,430.0,3.0,20.0,3.0,2.0,5.0,2.0,71.4,15.0
2026,8,2026-05-02,Charlie,Cameron,Brisbane Lions,HFFL,9.0,255.0,0.0,5.0,2.0,0.0,1.0,0.0,71.4,10.0
2026,8,2026-05-02,Keidean,Coleman,Brisbane Lions,BPL,3.0,381.0,5.0,7.0,2.0,0.0,2.0,0.0,87.5,21.0
2026,8,2026-05-02,Cody,Curtin,Brisbane Lions,FF,5.0,87.0,1.0,7.0,1.0,0.0,2.0,0.0,42.9,3.0
2026,8,2026-05-02,Sam,Draper,Brisbane Lions,RK,4.0,79.0,1.0,6.0,1.0,1.0,1.0,0.0,66.7,6.0
2026,8,2026-05-02,Josh,Dunkley,Brisbane Lions,RR,5.0,154.0,1.0,34.0,3.0,3.0,3.0,0.0,70.6,12.0
2026,8,2026-05-02,Jaspa,Fletcher,Brisbane Lions,CHB,4.0,162.0,4.0,11.0,0.0,0.0,5.0,0.0,94.7,18.0
2026,8,2026-05-02,Darcy,Fort,Brisbane Lions,INT,5.0,132.0,2.0,9.0,0.0,3.0,0.0,0.0,83.3,10.0
2026,8,2026-05-02,Ty,Gallop,Brisbane Lions,CHF,3.0,206.0,5.0,9.0,3.0,0.0,3.0,0.0,88.9,8.0
2026,8,2026-05-02,Ryan,Lester,Brisbane Lions,BPR,4.0,239.0,7.0,11.0,2.0,0.0,4.0,0.0,91.3,21.0
2026,8,2026-05-02,Kai,Lohmann,Brisbane Lions,FPL,11.0,354.0,2.0,15.0,3.0,0.0,4.0,0.0,68.8,11.0
2026,8,2026-05-02,Lincoln,McCarthy,Brisbane Lions,INT,4.0,144.0,3.0,7.0,3.0,0.0,4.0,0.0,72.7,8.0
2026,8,2026-05-02,Hugh,McCluggage,Brisbane Lions,WL,11.0,546.0,2.0,16.0,5.0,7.0,5.0,1.0,64.0,16.0
2026,8,2026-05-02,Conor,McKenna,Brisbane Lions,INT,6.0,343.0,1.0,12.0,6.0,0.0,1.0,0.0,66.7,8.0
2026,8,2026-05-02,Logan,Morris,Brisbane Lions,FPR,8.0,241.0,0.0,5.0,1.0,0.0,1.0,0.0,63.6,7.0
2026,8,2026-05-02,Lachie,Neale,Brisbane Lions,R,7.0,505.0,0.0,9.0,4.0,3.0,4.0,0.0,77.8,21.0
2026,8,2026-05-02,Cam,Rayner,Brisbane Lions,HFFR,9.0,343.0,2.0,16.0,3.0,0.0,2.0,2.0,84.2,16.0
2026,8,2026-05-02,Bruce,Reville,Brisbane Lions,INT,4.0,329.0,0.0,10.0,4.0,1.0,3.0,0.0,70.6,12.0
2026,8,2026-05-02,Darcy,Wilmot,Brisbane Lions,HBFL,6.0,572.0,8.0,5.0,0.0,0.0,4.0,0.0,87.5,28.0
2026,8,2026-05-02,Dayne,Zorko,Brisbane Lions,HBFR,7.0,517.0,2.0,16.0,5.0,0.0,2.0,0.0,81.5,22.0
2026,8,2026-05-02,Liam,Baker,West Coast Eagles,HFFR,4.0,366.0,8.0,11.0,5.0,0.0,4.0,1.0,70.0,14.0
2026,8,2026-05-02,Malakai,Champion,West Coast Eagles,FPL,1.0,52.0,2.0,13.0,3.0,0.0,5.0,2.0,62.5,5.0
2026,8,2026-05-02,Tom,Cole,West Coast Eagles,HBFL,1.0,14.0,2.0,3.0,0.0,0.0,2.0,0.0,100.0,7.0
2026,8,2026-05-02,Hamish,Davis,West Coast Eagles,WR,3.0,299.0,5.0,3.0,3.0,0.0,5.0,0.0,66.7,12.0
2026,8,2026-05-02,Cooper,Duff-Tytler,West Coast Eagles,INT,2.0,140.0,2.0,12.0,3.0,1.0,3.0,0.0,63.6,7.0
2026,8,2026-05-02,Liam,Duggan,West Coast Eagles,BPL,1.0,72.0,4.0,5.0,1.0,0.0,1.0,0.0,85.7,12.0
2026,8,2026-05-02,Willem,Duursma,West Coast Eagles,WL,5.0,433.0,0.0,19.0,4.0,1.0,5.0,0.0,66.7,12.0
2026,8,2026-05-02,Reuben,Ginbey,West Coast Eagles,FB,0.0,224.0,8.0,10.0,3.0,0.0,4.0,0.0,63.6,7.0
2026,8,2026-05-02,Elijah,Hewett,West Coast Eagles,HFFL,2.0,74.0,1.0,8.0,2.0,0.0,4.0,0.0,62.5,5.0
2026,8,2026-05-02,Brady,Hough,West Coast Eagles,BPR,1.0,126.0,6.0,4.0,2.0,0.0,3.0,0.0,75.0,9.0
2026,8,2026-05-02,Tim,Kelly,West Coast Eagles,R,8.0,474.0,4.0,8.0,4.0,4.0,13.0,0.0,76.7,23.0
2026,8,2026-05-02,Josh,Lindsay,West Coast Eagles,INT,1.0,248.0,4.0,13.0,3.0,0.0,5.0,0.0,82.4,14.0
2026,8,2026-05-02,Ryan,Maric,West Coast Eagles,HBFR,6.0,389.0,2.0,15.0,2.0,0.0,3.0,0.0,77.8,14.0
2026,8,2026-05-02,Tom,McCarthy,West Coast Eagles,INT,4.0,472.0,3.0,9.0,4.0,0.0,4.0,0.0,87.0,20.0
2026,8,2026-05-02,Milan,Murdock,West Coast Eagles,INT,4.0,277.0,0.0,9.0,2.0,0.0,1.0,0.0,87.5,14.0
2026,8,2026-05-02,Matthew,Owies,West Coast Eagles,FPR,5.0,231.0,1.0,12.0,5.0,0.0,2.0,1.0,58.3,7.0
2026,8,2026-05-02,Harley,Reid,West Coast Eagles,RR,7.0,569.0,4.0,23.0,3.0,5.0,14.0,2.0,61.5,16.0
2026,8,2026-05-02,Harry,Schoenberg,West Coast Eagles,INT,4.0,159.0,1.0,4.0,3.0,0.0,2.0,0.0,58.3,7.0
2026,8,2026-05-02,Jobe,Shanahan,West Coast Eagles,CHF,3.0,112.0,0.0,9.0,0.0,0.0,0.0,0.0,75.0,3.0
2026,8,2026-05-02,Jake,Waterman,West Coast Eagles,FF,10.0,279.0,0.0,5.0,3.0,0.0,1.0,1.0,68.4,13.0
2026,8,2026-05-02,Bailey J.,Williams,West Coast Eagles,RK,3.0,259.0,1.0,12.0,2.0,0.0,4.0,0.0,41.7,5.0
2026,8,2026-05-02,Elliot,Yeo,West Coast Eagles,C,10.0,449.0,1.0,20.0,3.0,4.0,5.0,3.0,80.0,16.0
2026,8,2026-05-02,Tylar,Young,West Coast Eagles,CHB,2.0,253.0,9.0,0.0,3.0,0.0,3.0,0.0,92.9,13.0
2026,8,2026-05-02,Noah,Balta,Richmond,BPL,7.0,354.0,4.0,7.0,4.0,1.0,6.0,0.0,70.0,14.0
2026,8,2026-05-02,Nathan,Broad,Richmond,BPR,4.0,206.0,6.0,1.0,1.0,0.0,2.0,0.0,86.7,13.0
2026,8,2026-05-02,Tom,Brown,Richmond,HBFL,4.0,509.0,6.0,6.0,2.0,0.0,2.0,0.0,87.0,20.0
2026,8,2026-05-02,Tom,Burton,Richmond,INT,7.0,304.0,2.0,9.0,2.0,0.0,4.0,0.0,80.0,12.0
2026,8,2026-05-02,Seth,Campbell,Richmond,CHF,9.0,323.0,3.0,24.0,3.0,0.0,8.0,3.0,58.8,10.0
2026,8,2026-05-02,Sam,Cumming,Richmond,R,4.0,304.0,3.0,18.0,9.0,1.0,5.0,0.0,65.2,15.0
2026,8,2026-05-02,Jonty,Faull,Richmond,FPL,5.0,248.0,0.0,12.0,0.0,0.0,0.0,0.0,85.7,6.0
2026,8,2026-05-02,Campbell,Gray,Richmond,RK,3.0,258.0,2.0,4.0,2.0,0.0,2.0,0.0,77.8,7.0
2026,8,2026-05-02,Steely,Green,Richmond,HFFL,5.0,147.0,2.0,7.0,3.0,0.0,3.0,1.0,60.0,6.0
2026,8,2026-05-02,Sam,Grlj,Richmond,CHB,1.0,140.0,1.0,15.0,3.0,0.0,2.0,0.0,66.7,6.0
2026,8,2026-05-02,Oliver,Hayes-Brown,Richmond,INT,2.0,5.0,1.0,10.0,2.0,2.0,5.0,0.0,62.5,5.0
2026,8,2026-05-02,Jacob,Hopper,Richmond,INT,6.0,284.0,1.0,10.0,4.0,2.0,8.0,0.0,50.0,10.0
2026,8,2026-05-02,Mykelti,Lefau,Richmond,FPR,6.0,203.0,1.0,6.0,3.0,0.0,2.0,0.0,54.5,6.0
2026,8,2026-05-02,Tom,Lynch,Richmond,FF,9.0,278.0,2.0,5.0,3.0,0.0,4.0,2.0,30.8,4.0
2026,8,2026-05-02,Kane,McAuliffe,Richmond,WR,7.0,625.0,6.0,15.0,7.0,3.0,8.0,0.0,71.4,20.0
2026,8,2026-05-02,Ben,Miller,Richmond,FB,0.0,21.0,1.0,9.0,0.0,0.0,0.0,0.0,100.0,6.0
2026,8,2026-05-02,Dion,Prestia,Richmond,C,0.0,0.0,0.0,2.0,0.0,0.0,0.0,0.0,0.0,0.0
2026,8,2026-05-02,Patrick,Retschko,Richmond,WL,2.0,355.0,2.0,15.0,4.0,0.0,1.0,1.0,66.7,6.0
2026,8,2026-05-02,Jack,Ross,Richmond,RR,3.0,378.0,1.0,18.0,3.0,3.0,15.0,0.0,89.7,26.0
2026,8,2026-05-02,Jayden,Short,Richmond,INT,4.0,382.0,5.0,8.0,3.0,0.0,4.0,0.0,87.0,20.0
2026,8,2026-05-02,Tyler,Sonsie,Richmond,HFFR,6.0,212.0,4.0,3.0,4.0,0.0,5.0,0.0,68.8,11.0
2026,8,2026-05-02,James,Trezise,Richmond,INT,3.0,196.0,2.0,10.0,4.0,0.0,1.0,0.0,77.8,14.0
2026,8,2026-05-02,Nick,Vlastuin,Richmond,HBFR,3.0,261.0,8.0,9.0,3.0,0.0,3.0,0.0,84.2,16.0
2026,8,2026-05-02,Tom,Atkins,Geelong Cats,RR,6.0,195.0,4.0,28.0,4.0,1.0,11.0,0.0,57.9,11.0
2026,8,2026-05-02,Jack,Bowes,Geelong Cats,BPL,5.0,154.0,1.0,6.0,4.0,0.0,2.0,0.0,71.4,10.0
2026,8,2026-05-02,Tanner,Bruhn,Geelong Cats,INT,4.0,202.0,3.0,18.0,8.0,0.0,2.0,0.0,68.2,15.0
2026,8,2026-05-02,Jeremy,Cameron,Geelong Cats,HFFL,12.0,433.0,3.0,7.0,4.0,0.0,3.0,1.0,73.7,14.0
2026,8,2026-05-02,Brad,Close,Geelong Cats,HFFR,6.0,214.0,3.0,13.0,2.0,0.0,4.0,0.0,78.6,11.0
2026,8,2026-05-02,Patrick,Dangerfield,Geelong Cats,FPL,7.0,188.0,3.0,5.0,1.0,0.0,3.0,1.0,81.8,9.0
2026,8,2026-05-02,Sam,De Koning,Geelong Cats,INT,2.0,167.0,4.0,5.0,2.0,2.0,4.0,0.0,69.2,9.0
2026,8,2026-05-02,Oliver,Dempsey,Geelong Cats,WR,9.0,131.0,2.0,20.0,1.0,0.0,4.0,0.0,78.6,11.0
2026,8,2026-05-02,Mitchell,Edwards,Geelong Cats,RK,2.0,129.0,1.0,8.0,2.0,1.0,3.0,0.0,75.0,6.0
2026,8,2026-05-02,Zach,Guthrie,Geelong Cats,CHB,2.0,509.0,4.0,10.0,4.0,0.0,3.0,0.0,86.4,19.0
2026,8,2026-05-02,Oliver,Henry,Geelong Cats,INT,7.0,294.0,2.0,17.0,3.0,1.0,6.0,4.0,71.4,10.0
2026,8,2026-05-02,Max,Holmes,Geelong Cats,R,6.0,802.0,3.0,14.0,4.0,3.0,7.0,0.0,89.7,26.0
2026,8,2026-05-02,Lawson,Humphries,Geelong Cats,INT,3.0,341.0,4.0,12.0,2.0,0.0,2.0,1.0,75.0,9.0
2026,8,2026-05-02,Jake,Kolodjashnij,Geelong Cats,HBFR,3.0,121.0,4.0,6.0,2.0,0.0,2.0,0.0,78.6,11.0
2026,8,2026-05-02,Shaun,Mannagh,Geelong Cats,CHF,9.0,459.0,1.0,9.0,2.0,1.0,4.0,0.0,77.8,14.0
2026,8,2026-05-02,Jack,Martin,Geelong Cats,FPR,4.0,195.0,2.0,8.0,2.0,0.0,4.0,2.0,87.5,14.0
2026,8,2026-05-02,Oisin,Mullin,Geelong Cats,HBFL,3.0,166.0,7.0,12.0,3.0,1.0,8.0,0.0,77.8,14.0
2026,8,2026-05-02,Shannon,Neale,Geelong Cats,FF,7.0,155.0,0.0,13.0,2.0,0.0,2.0,2.0,70.0,7.0
2026,8,2026-05-02,Mark,O'Connor,Geelong Cats,WL,3.0,203.0,7.0,8.0,4.0,0.0,5.0,0.0,86.7,13.0
2026,8,2026-05-02,Connor,O'Sullivan,Geelong Cats,FB,3.0,300.0,3.0,6.0,3.0,0.0,2.0,0.0,66.7,8.0
2026,8,2026-05-02,Bailey,Smith,Geelong Cats,C,8.0,284.0,2.0,14.0,5.0,5.0,7.0,0.0,73.1,19.0
2026,8,2026-05-02,Tom,Stewart,Geelong Cats,BPR,0.0,247.0,6.0,5.0,2.0,0.0,3.0,0.0,71.4,10.0
2026,8,2026-05-02,James,Worpel,Geelong Cats,INT,6.0,360.0,2.0,21.0,3.0,3.0,5.0,1.0,82.4,14.0
2026,8,2026-05-02,Tom,Blamires,North Melbourne,HFFR,4.0,356.0,4.0,8.0,2.0,0.0,3.0,0.0,88.2,15.0
2026,8,2026-05-02,Charlie,Comben,North Melbourne,BPR,2.0,175.0,9.0,7.0,3.0,0.0,2.0,0.0,85.7,12.0
2026,8,2026-05-02,Aidan,Corr,North Melbourne,BPL,1.0,98.0,5.0,8.0,2.0,0.0,4.0,0.0,71.4,10.0
2026,8,2026-05-02,Paul,Curtis,North Melbourne,HFFL,8.0,225.0,3.0,21.0,6.0,0.0,6.0,1.0,52.9,9.0
2026,8,2026-05-02,Caleb,Daniel,North Melbourne,CHB,4.0,332.0,1.0,18.0,4.0,0.0,4.0,0.0,73.7,14.0
2026,8,2026-05-02,Jack,Darling,North Melbourne,FPR,6.0,196.0,0.0,7.0,2.0,0.0,5.0,0.0,80.0,12.0
2026,8,2026-05-02,Luke,Davies-Uniacke,North Melbourne,RR,6.0,438.0,2.0,12.0,6.0,3.0,6.0,2.0,75.0,18.0
2026,8,2026-05-02,Lachy,Dovaston,North Melbourne,INT,2.0,52.0,1.0,5.0,0.0,0.0,3.0,0.0,37.5,3.0
2026,8,2026-05-02,Zane,Duursma,North Melbourne,INT,6.0,92.0,1.0,4.0,0.0,0.0,1.0,1.0,100.0,8.0
2026,8,2026-05-02,Nick,Larkey,North Melbourne,FF,5.0,89.0,0.0,10.0,0.0,0.0,1.0,1.0,55.6,5.0
2026,8,2026-05-02,Griffin,Logue,North Melbourne,FB,3.0,156.0,3.0,6.0,2.0,0.0,3.0,0.0,76.9,10.0
2026,8,2026-05-02,Luke,McDonald,North Melbourne,INT,3.0,276.0,6.0,8.0,6.0,0.0,4.0,0.0,88.2,15.0
2026,8,2026-05-02,Colby,McKercher,North Melbourne,HBFL,10.0,405.0,1.0,13.0,4.0,0.0,0.0,0.0,69.6,16.0
2026,8,2026-05-02,Finn,O'Sullivan,North Melbourne,C,6.0,320.0,1.0,24.0,4.0,3.0,4.0,0.0,81.0,17.0
2026,8,2026-05-02,Luke,Parker,North Melbourne,HBFR,4.0,341.0,5.0,8.0,3.0,1.0,4.0,0.0,84.2,16.0
2026,8,2026-05-02,Tom,Powell,North Melbourne,INT,3.0,133.0,2.0,12.0,0.0,0.0,3.0,2.0,87.5,7.0
2026,8,2026-05-02,Harry,Sheezel,North Melbourne,R,4.0,325.0,3.0,23.0,4.0,2.0,3.0,2.0,75.0,15.0
2026,8,2026-05-02,Jy,Simpkin,North Melbourne,WL,4.0,513.0,5.0,16.0,6.0,1.0,4.0,0.0,76.2,16.0
2026,8,2026-05-02,Charlie,Spargo,North Melbourne,INT,1.0,50.0,0.0,10.0,1.0,0.0,4.0,0.0,88.9,8.0
2026,8,2026-05-02,Dylan,Stephens,North Melbourne,WR,4.0,336.0,3.0,4.0,2.0,0.0,3.0,0.0,87.5,14.0
2026,8,2026-05-02,Cooper,Trembath,North Melbourne,CHF,4.0,115.0,3.0,7.0,4.0,0.0,2.0,1.0,66.7,6.0
2026,8,2026-05-02,Tristan,Xerri,North Melbourne,RK,8.0,386.0,4.0,17.0,6.0,3.0,9.0,2.0,56.7,17.0
2026,8,2026-05-02,Cameron,Zurhaar,North Melbourne,FPL,0.0,253.0,7.0,8.0,3.0,0.0,8.0,0.0,62.5,10.0
2026,8,2026-05-02,Ben,Ainsworth,Carlton,FPL,9.0,336.0,2.0,7.0,1.0,0.0,5.0,0.0,77.3,17.0
2026,8,2026-05-02,Matthew,Carroll,Carlton,WR,5.0,273.0,4.0,8.0,3.0,0.0,2.0,0.0,83.3,10.0
2026,8,2026-05-02,Adam,Cerra,Carlton,INT,10.0,112.0,0.0,11.0,2.0,3.0,8.0,0.0,80.0,20.0
2026,8,2026-05-02,Matthew,Cottrell,Carlton,INT,4.0,210.0,3.0,9.0,2.0,0.0,2.0,0.0,83.3,10.0
2026,8,2026-05-02,Lachlan,Cowan,Carlton,BPR,3.0,185.0,0.0,10.0,1.0,2.0,2.0,1.0,87.5,7.0
2026,8,2026-05-02,Patrick,Cripps,Carlton,C,4.0,232.0,2.0,6.0,4.0,2.0,2.0,0.0,71.4,10.0
2026,8,2026-05-02,Harry,Dean,Carlton,BPL,1.0,121.0,5.0,6.0,2.0,0.0,1.0,0.0,62.5,5.0
2026,8,2026-05-02,Francis,Evans,Carlton,INT,7.0,195.0,1.0,13.0,2.0,0.0,4.0,0.0,66.7,8.0
2026,8,2026-05-02,Oliver,Florent,Carlton,HBFL,10.0,572.0,4.0,10.0,8.0,0.0,8.0,0.0,70.0,21.0
2026,8,2026-05-02,Nick,Haynes,Carlton,RR,2.0,411.0,8.0,8.0,3.0,0.0,1.0,0.0,81.0,17.0
2026,8,2026-05-02,Will,Hayward,Carlton,HFFR,7.0,159.0,0.0,6.0,0.0,0.0,3.0,1.0,76.9,10.0
2026,8,2026-05-02,Oliver,Hollands,Carlton,WL,8.0,193.0,4.0,17.0,0.0,0.0,4.0,0.0,88.2,15.0
2026,8,2026-05-02,Brodie,Kemp,Carlton,FF,9.0,255.0,1.0,5.0,1.0,0.0,1.0,2.0,50.0,8.0
2026,8,2026-05-02,Mitch,McGovern,Carlton,CHB,6.0,177.0,1.0,9.0,2.0,0.0,5.0,0.0,63.6,7.0
2026,8,2026-05-02,Harry,McKay,Carlton,FPR,5.0,161.0,2.0,4.0,3.0,0.0,5.0,0.0,58.3,7.0
2026,8,2026-05-02,Nic,Newman,Carlton,HBFR,6.0,627.0,3.0,8.0,5.0,0.0,1.0,0.0,89.3,25.0
2026,8,2026-05-02,Marc,Pittonet,Carlton,RK,1.0,77.0,1.0,10.0,0.0,1.0,1.0,1.0,50.0,2.0
2026,8,2026-05-02,Liam,Reidy,Carlton,INT,3.0,33.0,1.0,8.0,2.0,0.0,1.0,1.0,66.7,4.0
2026,8,2026-05-02,Adam,Saad,Carlton,INT,2.0,312.0,6.0,7.0,3.0,0.0,4.0,0.0,93.8,15.0
2026,8,2026-05-02,Jagga,Smith,Carlton,CHF,7.0,192.0,3.0,13.0,1.0,3.0,3.0,0.0,81.0,17.0
2026,8,2026-05-02,Sam,Walsh,Carlton,R,7.0,280.0,3.0,18.0,5.0,0.0,5.0,0.0,70.8,17.0
2026,8,2026-05-02,Jacob,Weitering,Carlton,FB,4.0,148.0,4.0,0.0,1.0,0.0,2.0,0.0,84.6,11.0
2026,8,2026-05-02,Zac,Williams,Carlton,HFFL,5.0,412.0,2.0,7.0,3.0,0.0,4.0,0.0,72.2,13.0
2026,8,2026-05-02,Dan,Butler,St Kilda,WR,2.0,50.0,1.0,11.0,4.0,0.0,0.0,0.0,50.0,3.0
2026,8,2026-05-02,Anthony,Caminiti,St Kilda,BPR,2.0,165.0,1.0,5.0,1.0,0.0,2.0,1.0,83.3,5.0
2026,8,2026-05-02,Jack,Carroll,St Kilda,HBFL,2.0,149.0,2.0,15.0,2.0,0.0,2.0,0.0,84.6,11.0
2026,8,2026-05-02,Tom,De Koning,St Kilda,RK,6.0,141.0,0.0,4.0,1.0,2.0,1.0,0.0,90.9,10.0
2026,8,2026-05-02,Sam,Flanders,St Kilda,RR,4.0,262.0,4.0,13.0,1.0,0.0,3.0,0.0,83.3,15.0
2026,8,2026-05-02,Hugo,Garcia,St Kilda,INT,9.0,238.0,2.0,14.0,1.0,2.0,6.0,0.0,87.5,14.0
2026,8,2026-05-02,Max,Hall,St Kilda,C,7.0,323.0,2.0,12.0,5.0,2.0,4.0,1.0,78.3,18.0
2026,8,2026-05-02,Liam,Henry,St Kilda,INT,6.0,226.0,4.0,10.0,3.0,0.0,2.0,2.0,73.3,11.0
2026,8,2026-05-02,Bradley,Hill,St Kilda,CHB,9.0,430.0,2.0,8.0,2.0,1.0,4.0,0.0,90.0,18.0
2026,8,2026-05-02,Dougal,Howard,St Kilda,FPR,5.0,215.0,3.0,7.0,0.0,0.0,2.0,0.0,100.0,14.0
2026,8,2026-05-02,Jack,Macrae,St Kilda,INT,2.0,122.0,3.0,15.0,1.0,1.0,5.0,0.0,93.3,14.0
2026,8,2026-05-02,Rowan,Marshall,St Kilda,INT,5.0,474.0,2.0,5.0,5.0,1.0,3.0,2.0,81.8,18.0
2026,8,2026-05-02,Liam,O'Connell,St Kilda,HFFL,1.0,81.0,0.0,14.0,1.0,1.0,5.0,1.0,60.0,6.0
2026,8,2026-05-02,Mitch,Owens,St Kilda,HFFR,10.0,329.0,1.0,1.0,5.0,0.0,2.0,0.0,58.8,10.0
2026,8,2026-05-02,Mattaes,Phillipou,St Kilda,CHF,8.0,414.0,1.0,15.0,3.0,0.0,6.0,0.0,70.0,14.0
2026,8,2026-05-02,Cooper,Sharman,St Kilda,FF,13.0,422.0,2.0,7.0,1.0,0.0,4.0,0.0,64.7,11.0
2026,8,2026-05-02,Jack,Silvagni,St Kilda,BPL,1.0,78.0,1.0,7.0,3.0,0.0,0.0,0.0,62.5,5.0
2026,8,2026-05-02,Jack,Sinclair,St Kilda,R,4.0,421.0,5.0,10.0,5.0,0.0,6.0,0.0,79.3,23.0
2026,8,2026-05-02,Liam,Stocker,St Kilda,INT,1.0,42.0,1.0,3.0,2.0,0.0,0.0,0.0,75.0,3.0
2026,8,2026-05-02,Nasiah,Wanganeen-Milera,St Kilda,HBFR,11.0,573.0,2.0,7.0,5.0,3.0,4.0,0.0,61.3,19.0
2026,8,2026-05-02,Callum,Wilkie,St Kilda,FB,3.0,304.0,8.0,10.0,0.0,0.0,4.0,0.0,81.8,18.0
2026,8,2026-05-02,Marcus,Windhager,St Kilda,WL,6.0,226.0,3.0,17.0,3.0,3.0,4.0,1.0,50.0,8.0
2026,8,2026-05-02,Mason,Wood,St Kilda,FPL,8.0,403.0,5.0,6.0,5.0,0.0,6.0,0.0,73.7,14.0
2026,8,2026-05-03,Joel,Amartey,Sydney Swans,FPL,7.0,250.0,2.0,5.0,4.0,0.0,3.0,2.0,64.3,9.0
2026,8,2026-05-03,Riley,Bice,Sydney Swans,INT,4.0,186.0,1.0,15.0,2.0,0.0,1.0,0.0,76.5,13.0
2026,8,2026-05-03,Nick,Blakey,Sydney Swans,HBFL,7.0,545.0,6.0,15.0,3.0,0.0,7.0,0.0,75.9,22.0
2026,8,2026-05-03,Billy,Cootee,Sydney Swans,INT,4.0,123.0,1.0,9.0,1.0,0.0,3.0,0.0,63.6,7.0
2026,8,2026-05-03,Charlie,Curnow,Sydney Swans,FF,5.0,105.0,0.0,11.0,4.0,0.0,3.0,0.0,12.5,1.0
2026,8,2026-05-03,William,Edwards,Sydney Swans,BPL,0.0,179.0,6.0,8.0,2.0,0.0,4.0,0.0,70.0,7.0
2026,8,2026-05-03,Brodie,Grundy,Sydney Swans,RK,12.0,316.0,2.0,12.0,2.0,2.0,6.0,1.0,65.4,17.0
2026,8,2026-05-03,Isaac,Heeney,Sydney Swans,RR,8.0,520.0,6.0,16.0,6.0,2.0,10.0,1.0,72.7,24.0
2026,8,2026-05-03,James,Jordon,Sydney Swans,HFFL,9.0,215.0,5.0,16.0,1.0,2.0,7.0,0.0,88.9,16.0
2026,8,2026-05-03,Jake,Lloyd,Sydney Swans,HFFR,3.0,307.0,2.0,20.0,2.0,0.0,2.0,0.0,82.4,14.0
2026,8,2026-05-03,Logan,McDonald,Sydney Swans,INT,6.0,66.0,1.0,3.0,0.0,0.0,1.0,2.0,100.0,7.0
2026,8,2026-05-03,Justin,McInerney,Sydney Swans,R,11.0,347.0,2.0,7.0,3.0,3.0,6.0,0.0,69.0,20.0
2026,8,2026-05-03,Lewis,Melican,Sydney Swans,FB,2.0,247.0,6.0,8.0,3.0,0.0,2.0,0.0,76.9,10.0
2026,8,2026-05-03,Callum,Mills,Sydney Swans,CHB,2.0,354.0,7.0,13.0,1.0,0.0,3.0,0.0,84.6,22.0
2026,8,2026-05-03,Tom,Papley,Sydney Swans,CHF,10.0,241.0,1.0,12.0,1.0,0.0,2.0,1.0,71.4,10.0
2026,8,2026-05-03,Dane,Rampe,Sydney Swans,BPR,4.0,349.0,2.0,13.0,4.0,0.0,2.0,0.0,86.4,19.0
2026,8,2026-05-03,Matt,Roberts,Sydney Swans,WR,7.0,452.0,5.0,10.0,3.0,0.0,2.0,0.0,77.8,14.0
2026,8,2026-05-03,Malcolm,Rosas,Sydney Swans,FPR,9.0,214.0,1.0,13.0,2.0,0.0,5.0,1.0,78.6,11.0
2026,8,2026-05-03,James,Rowbottom,Sydney Swans,INT,5.0,191.0,2.0,19.0,3.0,3.0,6.0,1.0,78.9,15.0
2026,8,2026-05-03,Jai,Serong,Sydney Swans,WL,3.0,233.0,3.0,11.0,6.0,0.0,1.0,1.0,68.8,11.0
2026,8,2026-05-03,Angus,Sheldrick,Sydney Swans,INT,7.0,218.0,5.0,9.0,2.0,1.0,7.0,0.0,76.2,16.0
2026,8,2026-05-03,Chad,Warner,Sydney Swans,C,8.0,519.0,2.0,28.0,6.0,3.0,4.0,2.0,47.6,10.0
2026,8,2026-05-03,Sam,Wicks,Sydney Swans,HBFR,2.0,399.0,5.0,14.0,5.0,0.0,6.0,0.0,72.7,16.0
2026,8,2026-05-03,Kade,Chandler,Melbourne,HBFL,2.0,218.0,1.0,22.0,4.0,0.0,4.0,2.0,71.4,10.0
2026,8,2026-05-03,Paddy,Cross,Melbourne,INT,0.0,222.0,0.0,17.0,3.0,0.0,3.0,0.0,22.2,2.0
2026,8,2026-05-03,Bayley,Fritsch,Melbourne,HFFL,6.0,172.0,1.0,15.0,2.0,0.0,4.0,1.0,75.0,9.0
2026,8,2026-05-03,Max,Gawn,Melbourne,RK,8.0,299.0,3.0,6.0,3.0,3.0,3.0,0.0,66.7,12.0
2026,8,2026-05-03,Max,Heath,Melbourne,INT,6.0,156.0,2.0,10.0,3.0,2.0,3.0,1.0,87.5,7.0
2026,8,2026-05-03,Blake,Howes,Melbourne,BPR,2.0,219.0,5.0,16.0,1.0,0.0,4.0,0.0,81.3,13.0
2026,8,2026-05-03,Matthew,Jefferson,Melbourne,HFFR,5.0,107.0,3.0,14.0,3.0,0.0,4.0,2.0,66.7,8.0
2026,8,2026-05-03,Changkuoth,Jiath,Melbourne,INT,1.0,141.0,5.0,16.0,5.0,0.0,3.0,0.0,66.7,8.0
2026,8,2026-05-03,Ed,Langdon,Melbourne,WR,4.0,390.0,7.0,14.0,6.0,0.0,7.0,0.0,63.6,14.0
2026,8,2026-05-03,Harvey,Langford,Melbourne,RR,3.0,182.0,1.0,14.0,5.0,0.0,3.0,0.0,64.3,9.0
2026,8,2026-05-03,Bailey,Laurie,Melbourne,INT,6.0,208.0,2.0,14.0,1.0,0.0,5.0,0.0,64.7,11.0
2026,8,2026-05-03,Jake,Lever,Melbourne,FB,1.0,353.0,6.0,7.0,2.0,0.0,2.0,0.0,66.7,10.0
2026,8,2026-05-03,Brody,Mihocek,Melbourne,CHF,2.0,39.0,0.0,0.0,0.0,0.0,2.0,0.0,33.3,1.0
2026,8,2026-05-03,Harrison,Petty,Melbourne,HBFR,0.0,146.0,8.0,10.0,1.0,0.0,3.0,0.0,76.9,10.0
2026,8,2026-05-03,Kysaiah,Pickett,Melbourne,FPR,10.0,569.0,4.0,19.0,2.0,3.0,6.0,0.0,77.3,17.0
2026,8,2026-05-03,Latrelle,Pickett,Melbourne,FPL,4.0,207.0,0.0,10.0,4.0,0.0,4.0,0.0,53.8,7.0
2026,8,2026-05-03,Harry,Sharp,Melbourne,WL,10.0,391.0,1.0,14.0,6.0,0.0,4.0,1.0,66.7,12.0
2026,8,2026-05-03,Tom,Sparrow,Melbourne,C,6.0,508.0,1.0,42.0,3.0,5.0,3.0,0.0,81.0,17.0
2026,8,2026-05-03,Jack,Steele,Melbourne,INT,4.0,102.0,3.0,24.0,2.0,3.0,8.0,0.0,78.9,15.0
2026,8,2026-05-03,Koltyn,Tholstrup,Melbourne,CHB,0.0,643.0,6.0,7.0,11.0,1.0,7.0,0.0,50.0,11.0
2026,8,2026-05-03,Daniel,Turner,Melbourne,BPL,1.0,434.0,5.0,6.0,3.0,0.0,5.0,0.0,81.3,13.0
2026,8,2026-05-03,Jacob,van Rooyen,Melbourne,FF,5.0,85.0,1.0,10.0,2.0,0.0,1.0,2.0,71.4,5.0
2026,8,2026-05-03,Caleb,Windsor,Melbourne,R,4.0,415.0,1.0,18.0,1.0,4.0,2.0,1.0,66.7,10.0
2026,8,2026-05-03,Oscar,Adams,Gold Coast SUNS,BPL,1.0,114.0,4.0,10.0,0.0,0.0,2.0,0.0,88.2,15.0
2026,8,2026-05-03,Noah,Anderson,Gold Coast SUNS,RR,5.0,412.0,1.0,18.0,5.0,0.0,4.0,0.0,81.5,22.0
2026,8,2026-05-03,Mac,Andrew,Gold Coast SUNS,BPR,3.0,586.0,4.0,6.0,3.0,2.0,1.0,0.0,91.7,22.0
2026,8,2026-05-03,Sam,Clohesy,Gold Coast SUNS,INT,3.0,143.0,2.0,10.0,2.0,0.0,3.0,0.0,55.6,5.0
2026,8,2026-05-03,Sam,Collins,Gold Coast SUNS,FB,0.0,123.0,5.0,12.0,1.0,0.0,3.0,0.0,92.3,12.0
2026,8,2026-05-03,Alex,Davies,Gold Coast SUNS,R,3.0,126.0,0.0,14.0,0.0,2.0,8.0,3.0,70.6,12.0
2026,8,2026-05-03,Will,Graham,Gold Coast SUNS,HFFL,3.0,35.0,1.0,12.0,0.0,0.0,1.0,0.0,75.0,6.0
2026,8,2026-05-03,Lachlan,Gulbin,Gold Coast SUNS,INT,4.0,162.0,2.0,7.0,2.0,0.0,3.0,1.0,75.0,9.0
2026,8,2026-05-03,Bailey,Humphrey,Gold Coast SUNS,CHF,3.0,307.0,0.0,12.0,3.0,1.0,0.0,2.0,25.0,2.0
2026,8,2026-05-03,Joel,Jeffrey,Gold Coast SUNS,INT,3.0,396.0,5.0,9.0,1.0,1.0,3.0,0.0,95.7,22.0
2026,8,2026-05-03,Ben,King,Gold Coast SUNS,FF,4.0,137.0,2.0,6.0,0.0,0.0,0.0,1.0,75.0,6.0
2026,8,2026-05-03,Leonardo,Lombard,Gold Coast SUNS,INT,4.0,185.0,0.0,21.0,3.0,0.0,6.0,2.0,70.6,12.0
2026,8,2026-05-03,Ben,Long,Gold Coast SUNS,FPR,4.0,176.0,2.0,23.0,4.0,0.0,1.0,2.0,60.0,6.0
2026,8,2026-05-03,Touk,Miller,Gold Coast SUNS,WR,7.0,330.0,5.0,21.0,1.0,2.0,7.0,1.0,95.7,22.0
2026,8,2026-05-03,Ned,Moyle,Gold Coast SUNS,RK,5.0,-3.0,2.0,11.0,0.0,0.0,1.0,1.0,100.0,8.0
2026,8,2026-05-03,John,Noble,Gold Coast SUNS,HFFR,2.0,827.0,5.0,14.0,5.0,0.0,4.0,0.0,74.3,26.0
2026,8,2026-05-03,Christian,Petracca,Gold Coast SUNS,C,9.0,441.0,3.0,27.0,6.0,3.0,9.0,0.0,65.5,19.0
2026,8,2026-05-03,Wil,Powell,Gold Coast SUNS,CHB,6.0,552.0,6.0,10.0,4.0,0.0,4.0,0.0,81.0,17.0
2026,8,2026-05-03,Ethan,Read,Gold Coast SUNS,FPL,2.0,131.0,3.0,4.0,2.0,0.0,3.0,1.0,55.6,5.0
2026,8,2026-05-03,Daniel,Rioli,Gold Coast SUNS,HBFR,6.0,332.0,3.0,15.0,5.0,0.0,2.0,0.0,78.3,18.0
2026,8,2026-05-03,Jamarra,Ugle-Hagan,Gold Coast SUNS,INT,5.0,173.0,1.0,7.0,2.0,0.0,2.0,1.0,66.7,4.0
2026,8,2026-05-03,Bodhi,Uwland,Gold Coast SUNS,HBFL,4.0,324.0,5.0,8.0,1.0,0.0,5.0,0.0,96.2,25.0
2026,8,2026-05-03,Lachie,Weller,Gold Coast SUNS,WL,8.0,499.0,3.0,20.0,4.0,0.0,6.0,0.0,75.0,18.0
2026,8,2026-05-03,Leek,Aleer,GWS GIANTS,RK,3.0,161.0,3.0,7.0,1.0,2.0,5.0,1.0,70.0,7.0
2026,8,2026-05-03,Ryan,Angwin,GWS GIANTS,WL,4.0,240.0,3.0,6.0,3.0,0.0,1.0,0.0,63.6,7.0
2026,8,2026-05-03,Lachie,Ash,GWS GIANTS,HBFR,6.0,388.0,3.0,9.0,4.0,1.0,6.0,0.0,69.0,20.0
2026,8,2026-05-03,Toby,Bedford,GWS GIANTS,HFFL,3.0,87.0,0.0,14.0,1.0,0.0,2.0,2.0,87.5,7.0
2026,8,2026-05-03,Kieren,Briggs,GWS GIANTS,INT,3.0,86.0,1.0,5.0,0.0,0.0,1.0,0.0,33.3,1.0
2026,8,2026-05-03,Jack,Buckley,GWS GIANTS,FB,2.0,98.0,5.0,6.0,3.0,0.0,4.0,0.0,75.0,9.0
2026,8,2026-05-03,Aaron,Cadman,GWS GIANTS,FPL,6.0,276.0,1.0,11.0,4.0,0.0,2.0,3.0,66.7,10.0
2026,8,2026-05-03,Finn,Callaghan,GWS GIANTS,R,10.0,496.0,1.0,23.0,5.0,3.0,6.0,0.0,60.7,17.0
2026,8,2026-05-03,Stephen,Coniglio,GWS GIANTS,INT,5.0,254.0,3.0,5.0,3.0,0.0,4.0,0.0,42.9,9.0
2026,8,2026-05-03,Brent,Daniels,GWS GIANTS,CHF,4.0,300.0,3.0,24.0,4.0,0.0,10.0,0.0,61.1,11.0
2026,8,2026-05-03,Joe,Fonti,GWS GIANTS,WR,2.0,385.0,4.0,9.0,4.0,0.0,6.0,0.0,82.4,14.0
2026,8,2026-05-03,Phoenix,Gothard,GWS GIANTS,HFFR,5.0,114.0,0.0,21.0,1.0,0.0,2.0,0.0,81.8,9.0
2026,8,2026-05-03,Toby,Greene,GWS GIANTS,RR,6.0,305.0,1.0,13.0,2.0,0.0,3.0,0.0,56.3,9.0
2026,8,2026-05-03,Harry,Himmelberg,GWS GIANTS,HBFL,3.0,113.0,7.0,5.0,1.0,0.0,6.0,0.0,75.0,9.0
2026,8,2026-05-03,Jesse,Hogan,GWS GIANTS,FPR,7.0,145.0,0.0,6.0,1.0,0.0,0.0,0.0,50.0,4.0
2026,8,2026-05-03,Connor,Idun,GWS GIANTS,BPR,4.0,319.0,7.0,9.0,2.0,0.0,6.0,1.0,82.6,19.0
2026,8,2026-05-03,Jayden,Laverde,GWS GIANTS,BPL,2.0,235.0,2.0,3.0,4.0,0.0,2.0,0.0,71.4,5.0
2026,8,2026-05-03,James,Leake,GWS GIANTS,INT,2.0,172.0,1.0,9.0,4.0,0.0,1.0,0.0,75.0,9.0
2026,8,2026-05-03,Xavier,O'Halloran,GWS GIANTS,INT,10.0,487.0,2.0,9.0,3.0,2.0,6.0,2.0,72.2,13.0
2026,8,2026-05-03,Clayton,Oliver,GWS GIANTS,C,9.0,337.0,0.0,18.0,3.0,3.0,11.0,0.0,78.1,25.0
2026,8,2026-05-03,Jake,Stringer,GWS GIANTS,INT,6.0,179.0,2.0,16.0,3.0,0.0,6.0,0.0,71.4,10.0
2026,8,2026-05-03,Harvey,Thomas,GWS GIANTS,FF,5.0,169.0,2.0,22.0,2.0,0.0,6.0,0.0,75.0,12.0
2026,8,2026-05-03,Lachie,Whitfield,GWS GIANTS,CHB,7.0,636.0,3.0,17.0,5.0,0.0,2.0,0.0,80.0,24.0
2026,9,2026-05-07,Jye,Amiss,Fremantle,FPR,6.0,98.0,0.0,2.0,0.0,0.0,1.0,0.0,83.3,5.0
2026,9,2026-05-07,Shai,Bolton,Fremantle,HFFL,10.0,170.0,0.0,13.0,1.0,3.0,6.0,1.0,90.9,20.0
2026,9,2026-05-07,Andrew,Brayshaw,Fremantle,C,7.0,331.0,0.0,13.0,7.0,1.0,3.0,0.0,75.0,18.0
2026,9,2026-05-07,Heath,Chapman,Fremantle,BPR,6.0,314.0,5.0,7.0,2.0,0.0,4.0,0.0,93.8,15.0
2026,9,2026-05-07,Jordan,Clark,Fremantle,HBFL,5.0,526.0,3.0,8.0,8.0,0.0,3.0,0.0,78.9,15.0
2026,9,2026-05-07,Brennan,Cox,Fremantle,BPL,2.0,286.0,8.0,3.0,2.0,0.0,4.0,0.0,69.2,9.0
2026,9,2026-05-07,Mason,Cox,Fremantle,INT,2.0,155.0,5.0,5.0,4.0,0.0,1.0,0.0,66.7,6.0
2026,9,2026-05-07,Isaiah,Dudley,Fremantle,INT,3.0,86.0,2.0,20.0,1.0,0.0,1.0,2.0,33.3,1.0
2026,9,2026-05-07,Neil,Erasmus,Fremantle,INT,3.0,326.0,2.0,10.0,2.0,0.0,2.0,0.0,71.4,10.0
2026,9,2026-05-07,Michael,Frederick,Fremantle,WL,8.0,438.0,3.0,11.0,2.0,0.0,4.0,0.0,73.7,14.0
2026,9,2026-05-07,Luke,Jackson,Fremantle,RK,9.0,250.0,5.0,16.0,3.0,3.0,11.0,0.0,63.6,14.0
2026,9,2026-05-07,Matthew,Johnson,Fremantle,WR,1.0,93.0,0.0,15.0,1.0,1.0,1.0,1.0,100.0,6.0
2026,9,2026-05-07,Judd,McVee,Fremantle,HBFR,4.0,119.0,4.0,10.0,0.0,0.0,4.0,0.0,88.9,8.0
2026,9,2026-05-07,Alex,Pearce,Fremantle,FB,2.0,84.0,4.0,2.0,1.0,0.0,1.0,0.0,71.4,5.0
2026,9,2026-05-07,Murphy,Reid,Fremantle,CHF,10.0,473.0,0.0,9.0,2.0,1.0,4.0,0.0,75.0,15.0
2026,9,2026-05-07,Luke,Ryan,Fremantle,CHB,6.0,410.0,4.0,6.0,2.0,0.0,2.0,0.0,88.9,16.0
2026,9,2026-05-07,Caleb,Serong,Fremantle,R,7.0,403.0,3.0,18.0,5.0,2.0,8.0,1.0,75.0,21.0
2026,9,2026-05-07,Sam,Switkowski,Fremantle,HFFR,3.0,41.0,0.0,16.0,2.0,0.0,2.0,2.0,60.0,3.0
2026,9,2026-05-07,Josh,Treacy,Fremantle,FF,8.0,245.0,1.0,12.0,1.0,0.0,6.0,2.0,70.6,12.0
2026,9,2026-05-07,Patrick,Voss,Fremantle,FPL,7.0,169.0,0.0,8.0,1.0,0.0,2.0,1.0,75.0,6.0
2026,9,2026-05-07,Corey,Wagner,Fremantle,INT,8.0,257.0,3.0,10.0,3.0,0.0,3.0,0.0,86.7,13.0
2026,9,2026-05-07,Karl,Worner,Fremantle,INT,5.0,242.0,4.0,9.0,2.0,0.0,2.0,0.0,85.7,12.0
2026,9,2026-05-07,Hayden,Young,Fremantle,RR,8.0,133.0,2.0,17.0,2.0,2.0,3.0,1.0,73.3,11.0
2026,9,2026-05-07,Karl,Amon,Hawthorn,HBFL,4.0,881.0,4.0,17.0,4.0,0.0,5.0,0.0,80.6,25.0
2026,9,2026-05-07,Tom,Barrass,Hawthorn,FB,0.0,6.0,1.0,3.0,0.0,0.0,1.0,0.0,100.0,1.0
2026,9,2026-05-07,Josh,Battle,Hawthorn,CHB,3.0,435.0,9.0,5.0,2.0,0.0,4.0,0.0,87.5,21.0
2026,9,2026-05-07,Sam,Butler,Hawthorn,INT,1.0,124.0,1.0,16.0,3.0,0.0,2.0,0.0,75.0,9.0
2026,9,2026-05-07,Massimo,D'Ambrosio,Hawthorn,WL,1.0,289.0,2.0,7.0,5.0,0.0,5.0,0.0,68.8,11.0
2026,9,2026-05-07,Jack,Ginnivan,Hawthorn,HFFL,5.0,347.0,2.0,12.0,1.0,0.0,0.0,0.0,85.7,12.0
2026,9,2026-05-07,Jack,Gunston,Hawthorn,CHF,8.0,321.0,0.0,5.0,1.0,0.0,1.0,1.0,63.6,7.0
2026,9,2026-05-07,Blake,Hardwick,Hawthorn,HBFR,2.0,163.0,3.0,10.0,1.0,0.0,3.0,0.0,91.7,11.0
2026,9,2026-05-07,Jarman,Impey,Hawthorn,BPR,2.0,482.0,3.0,10.0,7.0,0.0,3.0,0.0,72.7,16.0
2026,9,2026-05-07,Mitch,Lewis,Hawthorn,FF,6.0,275.0,1.0,6.0,3.0,0.0,5.0,0.0,70.6,12.0
2026,9,2026-05-07,Connor,Macdonald,Hawthorn,INT,1.0,23.0,4.0,17.0,2.0,1.0,6.0,0.0,66.7,8.0
2026,9,2026-05-07,Cam,Mackenzie,Hawthorn,INT,4.0,339.0,0.0,11.0,3.0,0.0,5.0,0.0,85.0,17.0
2026,9,2026-05-07,Lloyd,Meek,Hawthorn,INT,5.0,35.0,1.0,6.0,0.0,1.0,2.0,0.0,75.0,9.0
2026,9,2026-05-07,Dylan,Moore,Hawthorn,FPL,3.0,114.0,2.0,18.0,2.0,0.0,5.0,2.0,57.1,8.0
2026,9,2026-05-07,Conor,Nash,Hawthorn,C,1.0,141.0,3.0,13.0,2.0,2.0,12.0,0.0,78.9,15.0
2026,9,2026-05-07,Jai,Newcombe,Hawthorn,RR,4.0,362.0,0.0,20.0,5.0,2.0,7.0,0.0,73.1,19.0
2026,9,2026-05-07,Max,Ramsden,Hawthorn,HFFR,3.0,72.0,0.0,6.0,3.0,0.0,2.0,0.0,71.4,5.0
2026,9,2026-05-07,Ned,Reeves,Hawthorn,RK,0.0,94.0,0.0,3.0,2.0,2.0,1.0,0.0,0.0,0.0
2026,9,2026-05-07,Bodie,Ryan,Hawthorn,INT,2.0,101.0,2.0,3.0,0.0,0.0,2.0,0.0,100.0,7.0
2026,9,2026-05-07,James,Sicily,Hawthorn,BPL,3.0,314.0,8.0,3.0,2.0,0.0,4.0,0.0,90.9,20.0
2026,9,2026-05-07,Josh,Ward,Hawthorn,R,4.0,265.0,2.0,14.0,2.0,1.0,5.0,0.0,81.0,17.0
2026,9,2026-05-07,Nick,Watson,Hawthorn,FPR,5.0,253.0,2.0,10.0,3.0,0.0,3.0,2.0,54.5,6.0
2026,9,2026-05-07,Josh,Weddle,Hawthorn,WR,2.0,225.0,4.0,5.0,4.0,0.0,2.0,0.0,73.3,11.0
2026,9,2026-05-08,Harris,Andrews,Brisbane Lions,FB,1.0,25.0,3.0,10.0,0.0,0.0,1.0,0.0,100.0,5.0
2026,9,2026-05-08,Levi,Ashcroft,Brisbane Lions,INT,9.0,299.0,4.0,10.0,1.0,1.0,5.0,0.0,76.2,16.0
2026,9,2026-05-08,Will,Ashcroft,Brisbane Lions,C,6.0,226.0,0.0,22.0,5.0,3.0,4.0,2.0,78.3,18.0
2026,9,2026-05-08,Zac,Bailey,Brisbane Lions,INT,4.0,185.0,1.0,18.0,0.0,0.0,4.0,1.0,71.4,10.0
2026,9,2026-05-08,Charlie,Cameron,Brisbane Lions,HFFL,4.0,205.0,0.0,12.0,3.0,0.0,1.0,1.0,62.5,5.0
2026,9,2026-05-08,Keidean,Coleman,Brisbane Lions,INT,1.0,464.0,6.0,7.0,2.0,0.0,4.0,0.0,84.2,16.0
2026,9,2026-05-08,Cody,Curtin,Brisbane Lions,CHF,2.0,42.0,2.0,9.0,2.0,0.0,0.0,1.0,83.3,5.0
2026,9,2026-05-08,Sam,Draper,Brisbane Lions,RK,5.0,108.0,1.0,7.0,1.0,1.0,1.0,0.0,75.0,6.0
2026,9,2026-05-08,Josh,Dunkley,Brisbane Lions,RR,3.0,321.0,0.0,37.0,6.0,0.0,4.0,1.0,55.0,11.0
2026,9,2026-05-08,Jaspa,Fletcher,Brisbane Lions,CHB,4.0,262.0,3.0,15.0,5.0,0.0,5.0,0.0,66.7,8.0
2026,9,2026-05-08,Darcy,Fort,Brisbane Lions,INT,6.0,214.0,1.0,10.0,1.0,1.0,5.0,0.0,66.7,8.0
2026,9,2026-05-08,Darragh,Joyce,Brisbane Lions,BPL,0.0,214.0,3.0,6.0,3.0,0.0,1.0,0.0,75.0,9.0
2026,9,2026-05-08,Ryan,Lester,Brisbane Lions,BPR,1.0,217.0,11.0,13.0,2.0,0.0,3.0,0.0,95.0,19.0
2026,9,2026-05-08,Kai,Lohmann,Brisbane Lions,HFFR,6.0,269.0,0.0,25.0,2.0,1.0,0.0,1.0,64.3,9.0
2026,9,2026-05-08,Lincoln,McCarthy,Brisbane Lions,FPL,0.0,56.0,2.0,8.0,3.0,0.0,2.0,0.0,62.5,5.0
2026,9,2026-05-08,Hugh,McCluggage,Brisbane Lions,WL,7.0,340.0,2.0,23.0,5.0,5.0,9.0,0.0,72.0,18.0
2026,9,2026-05-08,Conor,McKenna,Brisbane Lions,INT,5.0,368.0,1.0,9.0,2.0,0.0,0.0,0.0,75.0,9.0
2026,9,2026-05-08,Logan,Morris,Brisbane Lions,FPR,5.0,220.0,0.0,5.0,1.0,0.0,0.0,1.0,83.3,5.0
2026,9,2026-05-08,Lachie,Neale,Brisbane Lions,R,7.0,524.0,3.0,16.0,5.0,3.0,5.0,0.0,81.8,27.0
2026,9,2026-05-08,Cam,Rayner,Brisbane Lions,FF,4.0,259.0,1.0,14.0,2.0,1.0,3.0,0.0,69.2,9.0
2026,9,2026-05-08,Bruce,Reville,Brisbane Lions,WR,5.0,490.0,5.0,14.0,3.0,0.0,5.0,0.0,62.5,15.0
2026,9,2026-05-08,Darcy,Wilmot,Brisbane Lions,HBFL,2.0,254.0,1.0,14.0,0.0,0.0,1.0,0.0,92.3,12.0
2026,9,2026-05-08,Dayne,Zorko,Brisbane Lions,HBFR,3.0,414.0,6.0,12.0,3.0,1.0,1.0,0.0,84.2,16.0
2026,9,2026-05-08,Ben,Ainsworth,Carlton,HFFL,7.0,347.0,2.0,13.0,4.0,0.0,5.0,1.0,71.4,15.0
2026,9,2026-05-08,Matthew,Carroll,Carlton,INT,6.0,303.0,2.0,7.0,2.0,1.0,3.0,0.0,75.0,9.0
2026,9,2026-05-08,Adam,Cerra,Carlton,INT,4.0,277.0,3.0,13.0,3.0,0.0,5.0,1.0,69.6,16.0
2026,9,2026-05-08,Lachlan,Cowan,Carlton,HBFL,2.0,269.0,3.0,6.0,3.0,1.0,2.0,0.0,62.5,10.0
2026,9,2026-05-08,Patrick,Cripps,Carlton,C,8.0,396.0,3.0,18.0,3.0,3.0,15.0,1.0,78.1,25.0
2026,9,2026-05-08,Harry,Dean,Carlton,BPL,3.0,95.0,4.0,4.0,0.0,0.0,1.0,0.0,100.0,8.0
2026,9,2026-05-08,Francis,Evans,Carlton,INT,5.0,262.0,1.0,8.0,3.0,0.0,6.0,0.0,62.5,10.0
2026,9,2026-05-08,Oliver,Florent,Carlton,CHB,2.0,77.0,4.0,11.0,4.0,0.0,6.0,0.0,68.8,11.0
2026,9,2026-05-08,Nick,Haynes,Carlton,BPR,1.0,207.0,7.0,13.0,4.0,0.0,3.0,0.0,64.3,9.0
2026,9,2026-05-08,Will,Hayward,Carlton,INT,9.0,347.0,0.0,14.0,3.0,0.0,6.0,0.0,68.2,15.0
2026,9,2026-05-08,George,Hewett,Carlton,RR,8.0,291.0,0.0,23.0,3.0,1.0,2.0,1.0,95.0,19.0
2026,9,2026-05-08,Oliver,Hollands,Carlton,WL,4.0,454.0,7.0,19.0,3.0,0.0,6.0,0.0,73.9,17.0
2026,9,2026-05-08,Brodie,Kemp,Carlton,FPR,4.0,82.0,0.0,12.0,1.0,0.0,1.0,1.0,44.4,4.0
2026,9,2026-05-08,Mitch,McGovern,Carlton,CHF,4.0,123.0,0.0,12.0,0.0,0.0,0.0,2.0,71.4,5.0
2026,9,2026-05-08,Harry,McKay,Carlton,FF,9.0,355.0,3.0,4.0,4.0,0.0,4.0,1.0,76.2,16.0
2026,9,2026-05-08,Nic,Newman,Carlton,WR,5.0,427.0,4.0,19.0,0.0,0.0,1.0,0.0,95.5,21.0
2026,9,2026-05-08,Marc,Pittonet,Carlton,RK,2.0,-16.0,0.0,9.0,0.0,0.0,4.0,0.0,60.0,6.0
2026,9,2026-05-08,Adam,Saad,Carlton,HBFR,3.0,268.0,4.0,8.0,4.0,1.0,2.0,0.0,68.8,11.0
2026,9,2026-05-08,Jagga,Smith,Carlton,FPL,4.0,234.0,2.0,17.0,2.0,2.0,8.0,0.0,88.0,22.0
2026,9,2026-05-08,Sam,Walsh,Carlton,R,13.0,523.0,2.0,17.0,5.0,0.0,6.0,0.0,75.9,22.0
2026,9,2026-05-08,Jacob,Weitering,Carlton,FB,2.0,185.0,3.0,3.0,1.0,0.0,0.0,0.0,90.0,9.0
2026,9,2026-05-08,Zac,Williams,Carlton,HFFR,4.0,344.0,2.0,8.0,3.0,1.0,2.0,0.0,80.0,8.0
2026,9,2026-05-08,Billy,Wilson,Carlton,INT,2.0,163.0,1.0,10.0,0.0,0.0,3.0,0.0,100.0,10.0
2026,9,2026-05-08,Aliir,Aliir,Port Adelaide,CHB,1.0,206.0,9.0,9.0,3.0,0.0,2.0,0.0,76.2,16.0
2026,9,2026-05-08,Miles,Bergman,Port Adelaide,BPR,0.0,53.0,2.0,1.0,0.0,0.0,1.0,0.0,50.0,2.0
2026,9,2026-05-08,Joe,Berry,Port Adelaide,HFFR,6.0,307.0,1.0,8.0,2.0,0.0,2.0,0.0,86.7,13.0
2026,9,2026-05-08,Jase,Burgoyne,Port Adelaide,WR,4.0,138.0,3.0,14.0,2.0,1.0,8.0,0.0,76.2,16.0
2026,9,2026-05-08,Zak,Butters,Port Adelaide,RR,7.0,529.0,2.0,21.0,3.0,2.0,7.0,0.0,76.7,23.0
2026,9,2026-05-08,Darcy,Byrne-Jones,Port Adelaide,HBFL,3.0,107.0,6.0,11.0,1.0,0.0,7.0,0.0,82.4,14.0
2026,9,2026-05-08,Willem,Drew,Port Adelaide,R,2.0,173.0,2.0,24.0,2.0,0.0,3.0,0.0,66.7,10.0
2026,9,2026-05-08,Corey,Durdin,Port Adelaide,FPL,7.0,167.0,2.0,11.0,1.0,1.0,5.0,0.0,83.3,10.0
2026,9,2026-05-08,Logan,Evans,Port Adelaide,INT,3.0,367.0,5.0,13.0,5.0,0.0,2.0,0.0,86.4,19.0
2026,9,2026-05-08,Kane,Farrell,Port Adelaide,HBFR,3.0,495.0,3.0,9.0,4.0,0.0,3.0,0.0,81.5,22.0
2026,9,2026-05-08,Mitch,Georgiades,Port Adelaide,CHF,9.0,292.0,0.0,6.0,0.0,0.0,1.0,0.0,41.7,5.0
2026,9,2026-05-08,Jason,Horne-Francis,Port Adelaide,C,8.0,277.0,0.0,12.0,2.0,3.0,2.0,0.0,83.3,15.0
2026,9,2026-05-08,Lachie,Jones,Port Adelaide,FB,0.0,316.0,6.0,10.0,5.0,0.0,4.0,0.0,64.7,11.0
2026,9,2026-05-08,Josh,Lai,Port Adelaide,BPL,3.0,369.0,7.0,6.0,5.0,0.0,1.0,0.0,92.3,12.0
2026,9,2026-05-08,Ewan,Mackinlay,Port Adelaide,WL,4.0,268.0,1.0,10.0,2.0,0.0,0.0,0.0,64.3,9.0
2026,9,2026-05-08,Christian,Moraes,Port Adelaide,INT,4.0,86.0,3.0,10.0,3.0,0.0,2.0,0.0,78.9,15.0
2026,9,2026-05-08,Joe,Richards,Port Adelaide,FPR,3.0,285.0,1.0,10.0,5.0,0.0,2.0,0.0,53.8,7.0
2026,9,2026-05-08,Jordon,Sweet,Port Adelaide,INT,5.0,87.0,1.0,14.0,1.0,0.0,1.0,0.0,80.0,8.0
2026,9,2026-05-08,Dante,Visentini,Port Adelaide,RK,1.0,100.0,3.0,9.0,1.0,1.0,1.0,1.0,55.6,5.0
2026,9,2026-05-08,Jack,Watkins,Port Adelaide,INT,5.0,97.0,2.0,16.0,1.0,0.0,2.0,0.0,76.9,10.0
2026,9,2026-05-08,Jacob,Wehr,Port Adelaide,INT,3.0,274.0,2.0,8.0,4.0,0.0,2.0,0.0,60.0,9.0
2026,9,2026-05-08,Jack,Whitlock,Port Adelaide,FF,4.0,148.0,0.0,16.0,1.0,0.0,2.0,1.0,66.7,6.0
2026,9,2026-05-08,Ollie,Wines,Port Adelaide,HFFL,6.0,253.0,0.0,23.0,5.0,0.0,2.0,0.0,73.3,11.0
2026,9,2026-05-08,Oskar,Baker,Western Bulldogs,FPL,1.0,109.0,2.0,7.0,1.0,0.0,2.0,0.0,80.0,8.0
2026,9,2026-05-08,Marcus,Bontempelli,Western Bulldogs,C,7.0,403.0,5.0,24.0,4.0,4.0,5.0,1.0,90.0,27.0
2026,9,2026-05-08,Lachlan,Bramble,Western Bulldogs,INT,1.0,81.0,0.0,14.0,1.0,1.0,1.0,1.0,85.7,6.0
2026,9,2026-05-08,Connor,Budarick,Western Bulldogs,HBFL,4.0,452.0,4.0,16.0,2.0,0.0,2.0,0.0,82.6,19.0
2026,9,2026-05-08,Jedd,Busslinger,Western Bulldogs,CHB,1.0,201.0,3.0,5.0,4.0,0.0,1.0,0.0,76.9,10.0
2026,9,2026-05-08,Nick,Coffield,Western Bulldogs,BPR,0.0,171.0,6.0,4.0,2.0,0.0,1.0,0.0,84.6,11.0
2026,9,2026-05-08,Bailey,Dale,Western Bulldogs,HBFR,3.0,560.0,3.0,9.0,1.0,0.0,4.0,1.0,84.0,21.0
2026,9,2026-05-08,Tim,English,Western Bulldogs,RK,6.0,245.0,2.0,8.0,2.0,2.0,5.0,2.0,84.2,16.0
2026,9,2026-05-08,Joel,Freijah,Western Bulldogs,INT,7.0,473.0,3.0,22.0,3.0,0.0,8.0,0.0,69.2,18.0
2026,9,2026-05-08,Harvey,Gallagher,Western Bulldogs,INT,3.0,182.0,0.0,3.0,3.0,0.0,1.0,0.0,36.4,4.0
2026,9,2026-05-08,Cooper,Hynes,Western Bulldogs,INT,2.0,91.0,0.0,11.0,2.0,0.0,1.0,1.0,66.7,6.0
2026,9,2026-05-08,Arthur,Jones,Western Bulldogs,WL,6.0,185.0,1.0,12.0,1.0,0.0,3.0,0.0,81.3,13.0
2026,9,2026-05-08,Matthew,Kennedy,Western Bulldogs,RR,4.0,241.0,4.0,13.0,5.0,1.0,7.0,1.0,60.0,15.0
2026,9,2026-05-08,Buku,Khamis,Western Bulldogs,FB,1.0,143.0,2.0,2.0,0.0,0.0,3.0,0.0,70.0,7.0
2026,9,2026-05-08,Will,Lewis,Western Bulldogs,CHF,5.0,163.0,1.0,6.0,2.0,0.0,1.0,2.0,66.7,6.0
2026,9,2026-05-08,Lachlan,McNeil,Western Bulldogs,HFFR,5.0,85.0,3.0,14.0,3.0,0.0,4.0,2.0,75.0,9.0
2026,9,2026-05-08,Aaron,Naughton,Western Bulldogs,FF,7.0,185.0,1.0,9.0,1.0,0.0,2.0,4.0,54.5,6.0
2026,9,2026-05-08,Ed,Richards,Western Bulldogs,R,7.0,534.0,1.0,15.0,4.0,3.0,8.0,0.0,48.1,13.0
2026,9,2026-05-08,Ryley,Sanders,Western Bulldogs,HFFL,7.0,231.0,2.0,12.0,4.0,0.0,8.0,0.0,77.4,24.0
2026,9,2026-05-08,Michael,Sellwood,Western Bulldogs,BPL,3.0,370.0,8.0,5.0,3.0,0.0,1.0,0.0,76.5,13.0
2026,9,2026-05-08,Lachlan,Smith,Western Bulldogs,INT,1.0,75.0,2.0,5.0,1.0,0.0,1.0,0.0,83.3,5.0
2026,9,2026-05-08,Rhylee,West,Western Bulldogs,FPR,5.0,161.0,1.0,14.0,4.0,0.0,2.0,4.0,85.7,6.0
2026,9,2026-05-08,Bailey,Williams,Western Bulldogs,WR,2.0,315.0,4.0,4.0,6.0,0.0,2.0,0.0,66.7,14.0
2026,9,2026-05-09,Tom,Blamires,North Melbourne,INT,6.0,312.0,0.0,8.0,2.0,0.0,0.0,0.0,93.8,15.0
2026,9,2026-05-09,Charlie,Comben,North Melbourne,BPR,3.0,26.0,7.0,4.0,0.0,0.0,2.0,0.0,90.9,10.0
2026,9,2026-05-09,Paul,Curtis,North Melbourne,HFFL,5.0,119.0,3.0,15.0,5.0,0.0,7.0,1.0,50.0,6.0
2026,9,2026-05-09,Caleb,Daniel,North Melbourne,CHB,3.0,451.0,2.0,7.0,4.0,0.0,2.0,0.0,80.0,20.0
2026,9,2026-05-09,Jack,Darling,North Melbourne,FPR,7.0,239.0,0.0,8.0,1.0,0.0,2.0,2.0,62.5,5.0
2026,9,2026-05-09,Luke,Davies-Uniacke,North Melbourne,RR,6.0,470.0,5.0,14.0,7.0,3.0,6.0,0.0,76.5,26.0
2026,9,2026-05-09,Wil,Dawson,North Melbourne,INT,5.0,94.0,4.0,11.0,4.0,0.0,4.0,1.0,63.6,7.0
2026,9,2026-05-09,Zane,Duursma,North Melbourne,INT,6.0,168.0,2.0,7.0,0.0,0.0,2.0,0.0,66.7,6.0
2026,9,2026-05-09,Jacob,Konstanty,North Melbourne,HFFR,5.0,111.0,2.0,21.0,2.0,0.0,2.0,1.0,81.8,9.0
2026,9,2026-05-09,Nick,Larkey,North Melbourne,FF,2.0,75.0,0.0,3.0,0.0,0.0,1.0,1.0,50.0,4.0
2026,9,2026-05-09,Griffin,Logue,North Melbourne,FB,0.0,135.0,7.0,2.0,4.0,0.0,6.0,0.0,63.6,7.0
2026,9,2026-05-09,Luke,McDonald,North Melbourne,BPL,0.0,355.0,5.0,6.0,5.0,0.0,3.0,0.0,81.3,13.0
2026,9,2026-05-09,Colby,McKercher,North Melbourne,HBFL,6.0,361.0,1.0,21.0,3.0,0.0,1.0,1.0,88.0,22.0
2026,9,2026-05-09,Finn,O'Sullivan,North Melbourne,C,9.0,229.0,3.0,14.0,5.0,2.0,6.0,0.0,72.7,16.0
2026,9,2026-05-09,Luke,Parker,North Melbourne,HBFR,6.0,625.0,5.0,7.0,5.0,0.0,2.0,0.0,72.4,21.0
2026,9,2026-05-09,Harry,Sheezel,North Melbourne,R,6.0,391.0,3.0,32.0,3.0,2.0,5.0,1.0,80.6,25.0
2026,9,2026-05-09,Jy,Simpkin,North Melbourne,WL,6.0,429.0,5.0,16.0,4.0,0.0,4.0,0.0,73.9,17.0
2026,9,2026-05-09,Charlie,Spargo,North Melbourne,INT,7.0,268.0,1.0,8.0,2.0,0.0,2.0,0.0,66.7,8.0
2026,9,2026-05-09,Dylan,Stephens,North Melbourne,WR,7.0,395.0,5.0,14.0,5.0,0.0,6.0,0.0,88.9,16.0
2026,9,2026-05-09,Cooper,Trembath,North Melbourne,CHF,3.0,85.0,1.0,12.0,1.0,0.0,0.0,0.0,100.0,8.0
2026,9,2026-05-09,George,Wardlaw,North Melbourne,INT,6.0,194.0,5.0,21.0,2.0,1.0,11.0,1.0,77.3,17.0
2026,9,2026-05-09,Tristan,Xerri,North Melbourne,RK,4.0,207.0,2.0,9.0,2.0,5.0,7.0,0.0,78.9,15.0
2026,9,2026-05-09,Cameron,Zurhaar,North Melbourne,FPL,7.0,499.0,7.0,7.0,7.0,0.0,3.0,0.0,72.7,16.0
2026,9,2026-05-09,Joel,Amartey,Sydney Swans,FPL,2.0,149.0,1.0,9.0,5.0,0.0,2.0,1.0,33.3,2.0
2026,9,2026-05-09,Riley,Bice,Sydney Swans,INT,3.0,418.0,6.0,17.0,3.0,0.0,5.0,0.0,68.2,15.0
2026,9,2026-05-09,Nick,Blakey,Sydney Swans,HBFL,7.0,517.0,8.0,7.0,5.0,0.0,6.0,0.0,76.9,20.0
2026,9,2026-05-09,Billy,Cootee,Sydney Swans,WL,4.0,209.0,0.0,10.0,3.0,0.0,0.0,3.0,70.0,7.0
2026,9,2026-05-09,Harry,Cunningham,Sydney Swans,INT,4.0,140.0,5.0,17.0,4.0,0.0,4.0,0.0,64.7,11.0
2026,9,2026-05-09,William,Edwards,Sydney Swans,BPL,0.0,222.0,7.0,5.0,1.0,0.0,2.0,0.0,90.0,9.0
2026,9,2026-05-09,Brodie,Grundy,Sydney Swans,RK,4.0,134.0,2.0,8.0,3.0,0.0,6.0,0.0,42.9,6.0
2026,9,2026-05-09,Isaac,Heeney,Sydney Swans,RR,8.0,296.0,4.0,20.0,3.0,6.0,8.0,2.0,79.2,19.0
2026,9,2026-05-09,James,Jordon,Sydney Swans,HFFL,2.0,205.0,1.0,15.0,5.0,1.0,3.0,2.0,66.7,10.0
2026,9,2026-05-09,Jake,Lloyd,Sydney Swans,HFFR,5.0,440.0,4.0,11.0,9.0,0.0,4.0,0.0,59.1,13.0
2026,9,2026-05-09,Logan,McDonald,Sydney Swans,FF,3.0,156.0,0.0,5.0,0.0,0.0,0.0,0.0,100.0,4.0
2026,9,2026-05-09,Justin,McInerney,Sydney Swans,R,6.0,471.0,2.0,16.0,4.0,0.0,3.0,0.0,63.6,14.0
2026,9,2026-05-09,Hayden,McLean,Sydney Swans,INT,8.0,175.0,0.0,8.0,2.0,1.0,3.0,1.0,69.2,9.0
2026,9,2026-05-09,Lewis,Melican,Sydney Swans,FB,2.0,94.0,5.0,1.0,1.0,0.0,4.0,0.0,90.0,9.0
2026,9,2026-05-09,Callum,Mills,Sydney Swans,CHB,3.0,412.0,4.0,12.0,4.0,0.0,3.0,0.0,86.4,19.0
2026,9,2026-05-09,Tom,Papley,Sydney Swans,CHF,7.0,468.0,0.0,12.0,4.0,1.0,2.0,0.0,50.0,9.0
2026,9,2026-05-09,Dane,Rampe,Sydney Swans,BPR,2.0,336.0,6.0,13.0,6.0,0.0,6.0,0.0,61.1,11.0
2026,9,2026-05-09,Matt,Roberts,Sydney Swans,WR,1.0,44.0,2.0,8.0,1.0,0.0,0.0,0.0,83.3,5.0
2026,9,2026-05-09,Malcolm,Rosas,Sydney Swans,FPR,2.0,137.0,3.0,16.0,2.0,0.0,2.0,0.0,71.4,5.0
2026,9,2026-05-09,James,Rowbottom,Sydney Swans,INT,1.0,34.0,1.0,20.0,0.0,2.0,4.0,1.0,88.9,8.0
2026,9,2026-05-09,Angus,Sheldrick,Sydney Swans,INT,8.0,388.0,1.0,20.0,3.0,1.0,2.0,1.0,61.1,11.0
2026,9,2026-05-09,Chad,Warner,Sydney Swans,C,8.0,368.0,6.0,14.0,2.0,2.0,7.0,0.0,72.2,13.0
2026,9,2026-05-09,Sam,Wicks,Sydney Swans,HBFR,3.0,236.0,5.0,8.0,4.0,0.0,6.0,0.0,81.3,13.0
2026,9,2026-05-09,Lachie,Ash,GWS GIANTS,RR,8.0,509.0,7.0,7.0,5.0,0.0,4.0,0.0,82.6,19.0
2026,9,2026-05-09,Toby,Bedford,GWS GIANTS,HFFL,7.0,325.0,1.0,20.0,4.0,1.0,4.0,1.0,50.0,7.0
2026,9,2026-05-09,Kieren,Briggs,GWS GIANTS,RK,7.0,186.0,5.0,10.0,4.0,1.0,9.0,4.0,38.5,5.0
2026,9,2026-05-09,Jack,Buckley,GWS GIANTS,FB,2.0,263.0,4.0,6.0,3.0,0.0,2.0,0.0,91.7,11.0
2026,9,2026-05-09,Aaron,Cadman,GWS GIANTS,FPL,7.0,291.0,1.0,11.0,1.0,0.0,5.0,0.0,78.6,11.0
2026,9,2026-05-09,Finn,Callaghan,GWS GIANTS,R,6.0,570.0,1.0,10.0,1.0,4.0,7.0,0.0,73.3,22.0
2026,9,2026-05-09,Stephen,Coniglio,GWS GIANTS,WL,0.0,81.0,0.0,17.0,3.0,0.0,3.0,2.0,69.2,9.0
2026,9,2026-05-09,Brent,Daniels,GWS GIANTS,CHF,6.0,396.0,2.0,14.0,5.0,1.0,3.0,2.0,58.8,10.0
2026,9,2026-05-09,Joe,Fonti,GWS GIANTS,CHB,2.0,330.0,0.0,14.0,3.0,0.0,0.0,0.0,83.3,10.0
2026,9,2026-05-09,Phoenix,Gothard,GWS GIANTS,INT,4.0,78.0,0.0,19.0,1.0,0.0,2.0,0.0,77.8,7.0
2026,9,2026-05-09,Toby,Greene,GWS GIANTS,HFFR,6.0,329.0,0.0,18.0,5.0,2.0,3.0,0.0,66.7,12.0
2026,9,2026-05-09,Max,Gruzewski,GWS GIANTS,INT,4.0,104.0,3.0,7.0,0.0,0.0,2.0,1.0,50.0,2.0
2026,9,2026-05-09,Oliver,Hannaford,GWS GIANTS,INT,1.0,-26.0,0.0,10.0,3.0,1.0,4.0,0.0,40.0,2.0
2026,9,2026-05-09,Harry,Himmelberg,GWS GIANTS,HBFL,5.0,199.0,2.0,3.0,1.0,0.0,3.0,0.0,87.5,14.0
2026,9,2026-05-09,Connor,Idun,GWS GIANTS,BPR,6.0,235.0,8.0,11.0,0.0,0.0,5.0,0.0,95.8,23.0
2026,9,2026-05-09,Jayden,Laverde,GWS GIANTS,BPL,2.0,164.0,11.0,4.0,1.0,0.0,4.0,0.0,89.5,17.0
2026,9,2026-05-09,James,Leake,GWS GIANTS,INT,0.0,105.0,5.0,3.0,4.0,0.0,7.0,0.0,71.4,10.0
2026,9,2026-05-09,Toby,McMullin,GWS GIANTS,INT,1.0,174.0,0.0,3.0,1.0,0.0,0.0,0.0,50.0,2.0
2026,9,2026-05-09,Clayton,Oliver,GWS GIANTS,C,4.0,212.0,2.0,25.0,3.0,6.0,9.0,1.0,80.8,21.0
2026,9,2026-05-09,Jake,Riccardi,GWS GIANTS,FPR,6.0,206.0,0.0,9.0,5.0,0.0,1.0,0.0,78.6,11.0
2026,9,2026-05-09,Jake,Stringer,GWS GIANTS,FF,6.0,254.0,1.0,6.0,4.0,0.0,4.0,0.0,72.7,8.0
2026,9,2026-05-09,Harvey,Thomas,GWS GIANTS,WR,2.0,262.0,5.0,18.0,7.0,0.0,10.0,0.0,73.9,17.0
2026,9,2026-05-09,Lachie,Whitfield,GWS GIANTS,HBFR,7.0,778.0,7.0,11.0,6.0,0.0,5.0,0.0,85.7,30.0
2026,9,2026-05-09,Lachlan,Blakiston,Essendon,WR,4.0,289.0,10.0,11.0,1.0,0.0,7.0,0.0,86.7,13.0
2026,9,2026-05-09,Nick,Bryan,Essendon,INT,3.0,188.0,2.0,12.0,4.0,2.0,4.0,0.0,54.5,6.0
2026,9,2026-05-09,Nate,Caddy,Essendon,CHF,5.0,326.0,2.0,15.0,3.0,0.0,2.0,0.0,61.5,8.0
2026,9,2026-05-09,Nik,Cox,Essendon,WL,2.0,91.0,6.0,12.0,1.0,0.0,4.0,0.0,88.9,8.0
2026,9,2026-05-09,Archer,Day-Wicks,Essendon,INT,2.0,40.0,2.0,16.0,2.0,0.0,5.0,0.0,77.8,7.0
2026,9,2026-05-09,Sam,Durham,Essendon,R,7.0,428.0,2.0,20.0,4.0,3.0,11.0,3.0,61.5,16.0
2026,9,2026-05-09,Xavier,Duursma,Essendon,INT,3.0,289.0,5.0,12.0,0.0,0.0,3.0,1.0,72.7,8.0
2026,9,2026-05-09,Jacob,Farrow,Essendon,HBFR,2.0,-14.0,2.0,1.0,0.0,0.0,2.0,0.0,100.0,13.0
2026,9,2026-05-09,Zak,Johnson,Essendon,INT,4.0,178.0,3.0,2.0,2.0,0.0,2.0,0.0,86.7,13.0
2026,9,2026-05-09,Kyle,Langford,Essendon,FF,6.0,109.0,1.0,15.0,3.0,0.0,3.0,1.0,69.2,9.0
2026,9,2026-05-09,Archer,May,Essendon,FPL,5.0,196.0,1.0,11.0,4.0,0.0,2.0,3.0,100.0,6.0
2026,9,2026-05-09,Andrew,McGrath,Essendon,BPR,4.0,198.0,4.0,12.0,2.0,0.0,3.0,0.0,80.0,16.0
2026,9,2026-05-09,Zach,Merrett,Essendon,RR,5.0,542.0,2.0,25.0,4.0,1.0,6.0,0.0,71.0,22.0
2026,9,2026-05-09,Jayden,Nguyen,Essendon,C,3.0,180.0,1.0,15.0,2.0,0.0,3.0,0.0,70.0,7.0
2026,9,2026-05-09,Darcy,Parish,Essendon,INT,6.0,397.0,1.0,13.0,4.0,0.0,2.0,0.0,69.6,16.0
2026,9,2026-05-09,Archie,Perkins,Essendon,FPR,5.0,367.0,3.0,13.0,2.0,0.0,2.0,1.0,78.9,15.0
2026,9,2026-05-09,Jaxon,Prior,Essendon,BPL,2.0,301.0,3.0,14.0,5.0,0.0,6.0,0.0,75.0,12.0
2026,9,2026-05-09,Mason,Redman,Essendon,CHB,6.0,429.0,4.0,2.0,3.0,0.0,1.0,0.0,77.8,14.0
2026,9,2026-05-09,Zach,Reid,Essendon,FB,1.0,204.0,1.0,5.0,2.0,0.0,0.0,0.0,77.8,7.0
2026,9,2026-05-09,Archie,Roberts,Essendon,HBFL,6.0,700.0,7.0,7.0,5.0,0.0,6.0,0.0,76.2,32.0
2026,9,2026-05-09,Sullivan,Robey,Essendon,HFFR,3.0,305.0,2.0,19.0,5.0,1.0,6.0,1.0,50.0,10.0
2026,9,2026-05-09,Dyson,Sharp,Essendon,HFFL,3.0,114.0,2.0,11.0,4.0,3.0,6.0,0.0,76.5,13.0
2026,9,2026-05-09,Peter,Wright,Essendon,RK,10.0,226.0,4.0,5.0,1.0,2.0,1.0,0.0,61.5,8.0
2026,9,2026-05-09,Oscar,Adams,Gold Coast SUNS,BPL,1.0,47.0,6.0,7.0,0.0,0.0,3.0,0.0,100.0,11.0
2026,9,2026-05-09,Noah,Anderson,Gold Coast SUNS,RR,8.0,577.0,2.0,13.0,3.0,1.0,8.0,0.0,80.6,25.0
2026,9,2026-05-09,Mac,Andrew,Gold Coast SUNS,BPR,1.0,399.0,9.0,9.0,4.0,1.0,5.0,0.0,86.4,19.0
2026,9,2026-05-09,Sam,Collins,Gold Coast SUNS,FB,2.0,204.0,10.0,9.0,2.0,0.0,3.0,0.0,78.6,11.0
2026,9,2026-05-09,Alex,Davies,Gold Coast SUNS,CHF,4.0,163.0,0.0,18.0,3.0,0.0,1.0,0.0,77.8,7.0
2026,9,2026-05-09,Will,Graham,Gold Coast SUNS,HFFL,6.0,128.0,3.0,14.0,1.0,1.0,3.0,1.0,83.3,10.0
2026,9,2026-05-09,Lachlan,Gulbin,Gold Coast SUNS,INT,5.0,158.0,0.0,12.0,4.0,0.0,2.0,2.0,50.0,4.0
2026,9,2026-05-09,Bailey,Humphrey,Gold Coast SUNS,R,11.0,337.0,1.0,16.0,2.0,0.0,7.0,2.0,70.6,12.0
2026,9,2026-05-09,Joel,Jeffrey,Gold Coast SUNS,INT,6.0,382.0,7.0,5.0,3.0,0.0,5.0,0.0,81.8,18.0
2026,9,2026-05-09,Ben,Jepson,Gold Coast SUNS,INT,0.0,123.0,1.0,7.0,1.0,0.0,0.0,1.0,100.0,7.0
2026,9,2026-05-09,Ben,King,Gold Coast SUNS,FF,5.0,174.0,0.0,6.0,1.0,0.0,2.0,0.0,70.0,7.0
2026,9,2026-05-09,Leonardo,Lombard,Gold Coast SUNS,INT,4.0,150.0,0.0,19.0,5.0,0.0,4.0,0.0,58.3,7.0
2026,9,2026-05-09,Ben,Long,Gold Coast SUNS,HFFR,6.0,146.0,0.0,9.0,4.0,0.0,3.0,1.0,66.7,6.0
2026,9,2026-05-09,Touk,Miller,Gold Coast SUNS,WR,8.0,523.0,2.0,13.0,5.0,0.0,5.0,0.0,67.7,21.0
2026,9,2026-05-09,Ned,Moyle,Gold Coast SUNS,RK,4.0,273.0,1.0,6.0,1.0,0.0,0.0,1.0,54.5,6.0
2026,9,2026-05-09,John,Noble,Gold Coast SUNS,FPR,5.0,822.0,3.0,5.0,2.0,0.0,0.0,0.0,83.9,26.0
2026,9,2026-05-09,Christian,Petracca,Gold Coast SUNS,C,8.0,281.0,2.0,15.0,3.0,3.0,7.0,1.0,65.2,15.0
2026,9,2026-05-09,Wil,Powell,Gold Coast SUNS,CHB,0.0,275.0,3.0,4.0,2.0,0.0,2.0,0.0,92.3,12.0
2026,9,2026-05-09,Ethan,Read,Gold Coast SUNS,INT,0.0,37.0,0.0,2.0,2.0,0.0,1.0,0.0,75.0,3.0
2026,9,2026-05-09,Daniel,Rioli,Gold Coast SUNS,HBFR,7.0,685.0,4.0,13.0,3.0,0.0,3.0,0.0,82.1,23.0
2026,9,2026-05-09,Jamarra,Ugle-Hagan,Gold Coast SUNS,FPL,2.0,60.0,0.0,5.0,1.0,0.0,0.0,0.0,25.0,1.0
2026,9,2026-05-09,Bodhi,Uwland,Gold Coast SUNS,HBFL,2.0,445.0,13.0,7.0,1.0,0.0,5.0,0.0,86.2,25.0
2026,9,2026-05-09,Lachie,Weller,Gold Coast SUNS,WL,7.0,446.0,3.0,7.0,2.0,1.0,1.0,0.0,82.4,14.0
2026,9,2026-05-09,Ryan,Byrnes,St Kilda,INT,2.0,190.0,5.0,4.0,1.0,0.0,5.0,0.0,86.7,13.0
2026,9,2026-05-09,Anthony,Caminiti,St Kilda,BPR,1.0,43.0,2.0,8.0,0.0,0.0,3.0,1.0,85.7,6.0
2026,9,2026-05-09,Jack,Carroll,St Kilda,HBFL,3.0,409.0,0.0,12.0,4.0,0.0,0.0,0.0,83.3,10.0
2026,9,2026-05-09,Tom,De Koning,St Kilda,RK,4.0,155.0,3.0,3.0,3.0,2.0,3.0,0.0,53.8,7.0
2026,9,2026-05-09,Sam,Flanders,St Kilda,RR,6.0,784.0,2.0,16.0,8.0,0.0,0.0,1.0,75.0,21.0
2026,9,2026-05-09,Hugo,Garcia,St Kilda,HFFL,6.0,516.0,1.0,17.0,5.0,4.0,6.0,0.0,66.7,18.0
2026,9,2026-05-09,Max,Hall,St Kilda,C,7.0,467.0,1.0,16.0,4.0,3.0,4.0,0.0,65.2,15.0
2026,9,2026-05-09,Liam,Henry,St Kilda,INT,5.0,138.0,2.0,5.0,2.0,0.0,3.0,0.0,57.1,8.0
2026,9,2026-05-09,Bradley,Hill,St Kilda,CHB,6.0,395.0,5.0,7.0,3.0,0.0,5.0,0.0,84.0,21.0
2026,9,2026-05-09,Dougal,Howard,St Kilda,FPR,2.0,175.0,1.0,2.0,1.0,0.0,1.0,0.0,87.5,7.0
2026,9,2026-05-09,Jack,Macrae,St Kilda,INT,2.0,119.0,2.0,8.0,3.0,3.0,7.0,0.0,84.2,16.0
2026,9,2026-05-09,Rowan,Marshall,St Kilda,INT,5.0,230.0,2.0,6.0,2.0,1.0,4.0,0.0,64.7,11.0
2026,9,2026-05-09,Liam,O'Connell,St Kilda,INT,3.0,136.0,4.0,8.0,2.0,0.0,2.0,0.0,90.0,9.0
2026,9,2026-05-09,Mitch,Owens,St Kilda,HFFR,4.0,104.0,0.0,10.0,5.0,0.0,1.0,0.0,75.0,6.0
2026,9,2026-05-09,Mattaes,Phillipou,St Kilda,CHF,2.0,213.0,1.0,13.0,1.0,0.0,1.0,1.0,86.7,13.0
2026,9,2026-05-09,Cooper,Sharman,St Kilda,FF,3.0,181.0,1.0,15.0,3.0,0.0,2.0,0.0,45.5,5.0
2026,9,2026-05-09,Jack,Silvagni,St Kilda,BPL,1.0,204.0,4.0,8.0,2.0,0.0,3.0,0.0,80.0,8.0
2026,9,2026-05-09,Jack,Sinclair,St Kilda,R,4.0,633.0,6.0,9.0,4.0,0.0,7.0,0.0,84.0,21.0
2026,9,2026-05-09,Liam,Stocker,St Kilda,HBFR,0.0,155.0,1.0,7.0,2.0,0.0,1.0,0.0,62.5,5.0
2026,9,2026-05-09,Callum,Wilkie,St Kilda,FB,1.0,60.0,2.0,3.0,1.0,0.0,0.0,0.0,80.0,4.0
2026,9,2026-05-09,Darcy,Wilson,St Kilda,WR,6.0,433.0,4.0,12.0,3.0,0.0,2.0,0.0,77.3,17.0
2026,9,2026-05-09,Marcus,Windhager,St Kilda,WL,3.0,490.0,4.0,14.0,8.0,2.0,8.0,0.0,71.4,15.0
2026,9,2026-05-09,Mason,Wood,St Kilda,FPL,3.0,188.0,2.0,10.0,3.0,0.0,3.0,0.0,76.9,10.0
2026,9,2026-05-09,Tom,Atkins,Geelong Cats,INT,1.0,164.0,3.0,16.0,4.0,0.0,4.0,0.0,41.7,5.0
2026,9,2026-05-09,Jack,Bowes,Geelong Cats,INT,4.0,367.0,6.0,14.0,7.0,0.0,6.0,1.0,81.8,18.0
2026,9,2026-05-09,Tanner,Bruhn,Geelong Cats,WL,7.0,216.0,1.0,14.0,1.0,0.0,5.0,1.0,73.3,11.0
2026,9,2026-05-09,Jeremy,Cameron,Geelong Cats,HFFL,9.0,449.0,2.0,2.0,4.0,0.0,1.0,0.0,73.7,14.0
2026,9,2026-05-09,Brad,Close,Geelong Cats,HFFR,7.0,109.0,0.0,13.0,0.0,0.0,3.0,0.0,90.0,9.0
2026,9,2026-05-09,Patrick,Dangerfield,Geelong Cats,FPL,10.0,317.0,0.0,8.0,2.0,0.0,4.0,0.0,93.3,14.0
2026,9,2026-05-09,Sam,De Koning,Geelong Cats,INT,4.0,182.0,5.0,2.0,2.0,0.0,6.0,0.0,68.8,11.0
2026,9,2026-05-09,Oliver,Dempsey,Geelong Cats,WR,6.0,285.0,3.0,8.0,3.0,0.0,3.0,0.0,76.0,19.0
2026,9,2026-05-09,Zach,Guthrie,Geelong Cats,CHB,6.0,335.0,7.0,14.0,4.0,0.0,6.0,0.0,76.2,16.0
2026,9,2026-05-09,Oliver,Henry,Geelong Cats,INT,6.0,219.0,0.0,11.0,4.0,0.0,2.0,1.0,41.7,5.0
2026,9,2026-05-09,Max,Holmes,Geelong Cats,RR,7.0,375.0,4.0,13.0,5.0,1.0,6.0,0.0,75.8,25.0
2026,9,2026-05-09,Lawson,Humphries,Geelong Cats,HBFL,9.0,413.0,8.0,18.0,6.0,0.0,3.0,1.0,80.8,21.0
2026,9,2026-05-09,Jake,Kolodjashnij,Geelong Cats,HBFR,2.0,21.0,5.0,10.0,0.0,0.0,0.0,0.0,100.0,8.0
2026,9,2026-05-09,Shaun,Mannagh,Geelong Cats,CHF,7.0,345.0,0.0,13.0,1.0,0.0,2.0,2.0,69.2,9.0
2026,9,2026-05-09,Jack,Martin,Geelong Cats,FPR,6.0,74.0,0.0,13.0,2.0,1.0,4.0,1.0,81.8,9.0
2026,9,2026-05-09,Oisin,Mullin,Geelong Cats,R,9.0,427.0,1.0,23.0,2.0,4.0,7.0,1.0,85.7,18.0
2026,9,2026-05-09,Shannon,Neale,Geelong Cats,FF,13.0,428.0,1.0,11.0,4.0,0.0,2.0,1.0,64.7,11.0
2026,9,2026-05-09,Mark,O'Connor,Geelong Cats,BPL,6.0,231.0,2.0,12.0,3.0,0.0,2.0,0.0,72.2,13.0
2026,9,2026-05-09,Connor,O'Sullivan,Geelong Cats,FB,2.0,181.0,5.0,9.0,2.0,0.0,2.0,0.0,91.7,11.0
2026,9,2026-05-09,Bailey,Smith,Geelong Cats,C,14.0,612.0,3.0,15.0,6.0,4.0,9.0,0.0,75.0,30.0
2026,9,2026-05-09,Rhys,Stanley,Geelong Cats,RK,6.0,240.0,2.0,5.0,1.0,2.0,6.0,0.0,70.6,12.0
2026,9,2026-05-09,Tom,Stewart,Geelong Cats,BPR,7.0,424.0,6.0,7.0,3.0,0.0,4.0,0.0,85.7,18.0
2026,9,2026-05-09,James,Worpel,Geelong Cats,INT,6.0,273.0,3.0,20.0,3.0,1.0,9.0,0.0,52.2,12.0
2026,9,2026-05-09,Angus,Anderson,Collingwood,INT,5.0,221.0,2.0,21.0,1.0,0.0,3.0,0.0,80.0,12.0
2026,9,2026-05-09,Jack,Buller,Collingwood,FPL,8.0,235.0,1.0,3.0,3.0,0.0,1.0,1.0,68.8,11.0
2026,9,2026-05-09,Darcy,Cameron,Collingwood,RK,4.0,127.0,0.0,8.0,1.0,1.0,3.0,1.0,60.0,9.0
2026,9,2026-05-09,Jack,Crisp,Collingwood,C,5.0,342.0,2.0,22.0,1.0,2.0,8.0,3.0,67.9,19.0
2026,9,2026-05-09,Josh,Daicos,Collingwood,CHB,4.0,392.0,4.0,12.0,6.0,2.0,5.0,0.0,72.0,18.0
2026,9,2026-05-09,Nick,Daicos,Collingwood,R,4.0,517.0,4.0,10.0,8.0,2.0,5.0,0.0,55.2,16.0
2026,9,2026-05-09,Jordan,De Goey,Collingwood,CHF,11.0,385.0,0.0,14.0,2.0,1.0,7.0,0.0,76.7,23.0
2026,9,2026-05-09,Jamie,Elliott,Collingwood,FF,7.0,176.0,1.0,10.0,3.0,0.0,7.0,0.0,57.1,12.0
2026,9,2026-05-09,Billy,Frampton,Collingwood,BPL,1.0,72.0,5.0,8.0,3.0,0.0,2.0,0.0,77.8,7.0
2026,9,2026-05-09,Dan,Houston,Collingwood,HBFL,2.0,402.0,9.0,11.0,2.0,0.0,6.0,0.0,88.0,22.0
2026,9,2026-05-09,Jeremy,Howe,Collingwood,FB,3.0,413.0,8.0,15.0,2.0,0.0,3.0,0.0,85.0,17.0
2026,9,2026-05-09,Patrick,Lipinski,Collingwood,WR,6.0,472.0,3.0,23.0,3.0,0.0,2.0,0.0,81.0,17.0
2026,9,2026-05-09,Ned,Long,Collingwood,HFFL,4.0,247.0,1.0,16.0,4.0,0.0,7.0,1.0,50.0,9.0
2026,9,2026-05-09,Brayden,Maynard,Collingwood,HBFR,2.0,414.0,5.0,12.0,2.0,0.0,3.0,1.0,92.0,23.0
2026,9,2026-05-09,Beau,McCreery,Collingwood,INT,6.0,230.0,4.0,26.0,7.0,1.0,6.0,1.0,65.0,13.0
2026,9,2026-05-09,Daniel,McStay,Collingwood,FPR,4.0,103.0,1.0,8.0,1.0,0.0,0.0,0.0,50.0,3.0
2026,9,2026-05-09,Darcy,Moore,Collingwood,BPR,0.0,36.0,3.0,2.0,1.0,0.0,3.0,0.0,57.1,4.0
2026,9,2026-05-09,Scott,Pendlebury,Collingwood,RR,6.0,290.0,2.0,12.0,1.0,3.0,4.0,1.0,85.2,23.0
2026,9,2026-05-09,Isaac,Quaynor,Collingwood,WL,4.0,235.0,4.0,14.0,4.0,0.0,5.0,1.0,66.7,8.0
2026,9,2026-05-09,Lachie,Schultz,Collingwood,HFFR,4.0,274.0,1.0,19.0,5.0,0.0,4.0,3.0,50.0,7.0
2026,9,2026-05-09,Steele,Sidebottom,Collingwood,INT,1.0,118.0,3.0,10.0,2.0,0.0,2.0,0.0,85.7,6.0
2026,9,2026-05-09,Roan,Steele,Collingwood,INT,4.0,196.0,5.0,11.0,2.0,0.0,4.0,0.0,73.3,11.0
2026,9,2026-05-09,Oscar,Steene,Collingwood,INT,1.0,72.0,1.0,8.0,3.0,1.0,3.0,0.0,50.0,4.0
2026,9,2026-05-10,Jake,Bowey,Melbourne,BPL,2.0,564.0,6.0,12.0,1.0,0.0,3.0,0.0,84.6,22.0
2026,9,2026-05-10,Kade,Chandler,Melbourne,R,9.0,361.0,2.0,16.0,3.0,1.0,6.0,2.0,77.8,14.0
2026,9,2026-05-10,Paddy,Cross,Melbourne,INT,3.0,320.0,1.0,19.0,4.0,0.0,2.0,2.0,50.0,5.0
2026,9,2026-05-10,Bayley,Fritsch,Melbourne,FPR,7.0,210.0,1.0,17.0,2.0,0.0,4.0,0.0,76.9,10.0
2026,9,2026-05-10,Max,Gawn,Melbourne,RK,6.0,163.0,2.0,7.0,5.0,3.0,4.0,0.0,38.1,8.0
2026,9,2026-05-10,Max,Heath,Melbourne,CHF,2.0,58.0,4.0,13.0,1.0,0.0,2.0,0.0,81.8,9.0
2026,9,2026-05-10,Blake,Howes,Melbourne,INT,3.0,252.0,4.0,14.0,0.0,0.0,5.0,0.0,89.5,17.0
2026,9,2026-05-10,Matthew,Jefferson,Melbourne,HBFR,3.0,80.0,0.0,14.0,0.0,0.0,0.0,0.0,100.0,3.0
2026,9,2026-05-10,Changkuoth,Jiath,Melbourne,BPR,2.0,293.0,2.0,12.0,4.0,0.0,0.0,0.0,73.7,14.0
2026,9,2026-05-10,Ed,Langdon,Melbourne,HFFL,7.0,433.0,11.0,9.0,4.0,0.0,9.0,0.0,93.1,27.0
2026,9,2026-05-10,Harvey,Langford,Melbourne,WL,4.0,193.0,0.0,13.0,0.0,0.0,2.0,0.0,76.9,10.0
2026,9,2026-05-10,Bailey,Laurie,Melbourne,INT,5.0,208.0,0.0,15.0,1.0,0.0,1.0,1.0,78.6,11.0
2026,9,2026-05-10,Jake,Lever,Melbourne,FB,1.0,315.0,6.0,3.0,4.0,0.0,4.0,0.0,85.7,18.0
2026,9,2026-05-10,Andy,Moniz-Wakefield,Melbourne,INT,1.0,56.0,0.0,10.0,0.0,0.0,1.0,2.0,80.0,4.0
2026,9,2026-05-10,Harrison,Petty,Melbourne,CHB,1.0,239.0,5.0,6.0,4.0,0.0,1.0,0.0,92.3,12.0
2026,9,2026-05-10,Kysaiah,Pickett,Melbourne,HFFR,5.0,272.0,3.0,11.0,1.0,0.0,2.0,0.0,71.4,10.0
2026,9,2026-05-10,Latrelle,Pickett,Melbourne,FPL,2.0,179.0,2.0,10.0,3.0,0.0,3.0,0.0,40.0,4.0
2026,9,2026-05-10,Harry,Sharp,Melbourne,HBFL,5.0,177.0,0.0,14.0,5.0,1.0,3.0,0.0,61.5,8.0
2026,9,2026-05-10,Tom,Sparrow,Melbourne,INT,7.0,471.0,2.0,22.0,3.0,2.0,6.0,0.0,70.8,17.0
2026,9,2026-05-10,Jack,Steele,Melbourne,RR,6.0,197.0,2.0,21.0,2.0,2.0,5.0,2.0,69.2,18.0
2026,9,2026-05-10,Koltyn,Tholstrup,Melbourne,WR,4.0,273.0,6.0,14.0,3.0,0.0,3.0,0.0,84.2,16.0
2026,9,2026-05-10,Jacob,van Rooyen,Melbourne,FF,10.0,228.0,1.0,13.0,7.0,0.0,5.0,1.0,66.7,10.0
2026,9,2026-05-10,Caleb,Windsor,Melbourne,C,4.0,434.0,0.0,16.0,2.0,1.0,3.0,0.0,68.2,15.0
2026,9,2026-05-10,Liam,Baker,West Coast Eagles,HBFR,3.0,166.0,2.0,13.0,2.0,0.0,3.0,0.0,73.3,11.0
2026,9,2026-05-10,Malakai,Champion,West Coast Eagles,FPL,2.0,119.0,1.0,16.0,4.0,1.0,4.0,0.0,66.7,6.0
2026,9,2026-05-10,Tom,Cole,West Coast Eagles,INT,3.0,270.0,7.0,8.0,1.0,0.0,3.0,0.0,94.1,16.0
2026,9,2026-05-10,Hamish,Davis,West Coast Eagles,WL,5.0,81.0,1.0,9.0,1.0,0.0,4.0,0.0,91.7,11.0
2026,9,2026-05-10,Cooper,Duff-Tytler,West Coast Eagles,INT,5.0,86.0,1.0,21.0,3.0,0.0,4.0,0.0,50.0,5.0
2026,9,2026-05-10,Liam,Duggan,West Coast Eagles,BPL,5.0,406.0,7.0,12.0,3.0,0.0,3.0,0.0,73.9,17.0
2026,9,2026-05-10,Willem,Duursma,West Coast Eagles,HFFR,2.0,326.0,2.0,17.0,6.0,1.0,4.0,0.0,65.0,13.0
2026,9,2026-05-10,Harry,Edwards,West Coast Eagles,FB,0.0,5.0,1.0,3.0,0.0,0.0,0.0,0.0,0.0,0.0
2026,9,2026-05-10,Reuben,Ginbey,West Coast Eagles,BPR,3.0,172.0,7.0,10.0,2.0,0.0,3.0,0.0,75.0,12.0
2026,9,2026-05-10,Brady,Hough,West Coast Eagles,INT,4.0,150.0,2.0,9.0,2.0,1.0,3.0,0.0,91.7,11.0
2026,9,2026-05-10,Jack,Hutchinson,West Coast Eagles,FPR,2.0,159.0,0.0,13.0,3.0,0.0,0.0,1.0,62.5,5.0
2026,9,2026-05-10,Harvey,Johnston,West Coast Eagles,INT,2.0,31.0,1.0,18.0,1.0,0.0,3.0,2.0,83.3,5.0
2026,9,2026-05-10,Tim,Kelly,West Coast Eagles,R,8.0,447.0,4.0,17.0,3.0,2.0,8.0,0.0,64.0,16.0
2026,9,2026-05-10,Josh,Lindsay,West Coast Eagles,INT,3.0,415.0,3.0,7.0,3.0,0.0,2.0,0.0,83.3,20.0
2026,9,2026-05-10,Ryan,Maric,West Coast Eagles,WR,4.0,256.0,4.0,11.0,3.0,0.0,7.0,0.0,76.2,16.0
2026,9,2026-05-10,Tom,McCarthy,West Coast Eagles,HBFL,4.0,692.0,5.0,12.0,6.0,0.0,9.0,0.0,70.0,21.0
2026,9,2026-05-10,Milan,Murdock,West Coast Eagles,HFFL,7.0,218.0,0.0,18.0,2.0,1.0,6.0,0.0,40.0,10.0
2026,9,2026-05-10,Harley,Reid,West Coast Eagles,RR,11.0,339.0,0.0,24.0,2.0,4.0,6.0,1.0,81.0,17.0
2026,9,2026-05-10,Jobe,Shanahan,West Coast Eagles,CHF,1.0,82.0,1.0,7.0,1.0,0.0,1.0,0.0,100.0,6.0
2026,9,2026-05-10,Jake,Waterman,West Coast Eagles,FF,13.0,220.0,1.0,2.0,1.0,0.0,2.0,0.0,60.0,9.0
2026,9,2026-05-10,Bailey J.,Williams,West Coast Eagles,RK,7.0,173.0,0.0,11.0,1.0,1.0,4.0,0.0,50.0,7.0
2026,9,2026-05-10,Elliot,Yeo,West Coast Eagles,C,4.0,435.0,2.0,18.0,6.0,3.0,4.0,1.0,65.0,13.0
2026,9,2026-05-10,Tylar,Young,West Coast Eagles,CHB,5.0,308.0,7.0,6.0,3.0,0.0,3.0,0.0,75.0,12.0
2026,9,2026-05-10,Noah,Balta,Richmond,BPR,6.0,268.0,4.0,4.0,3.0,1.0,0.0,0.0,71.4,10.0
2026,9,2026-05-10,Nathan,Broad,Richmond,FB,0.0,282.0,4.0,3.0,3.0,0.0,2.0,0.0,91.7,11.0
2026,9,2026-05-10,Tom,Brown,Richmond,HBFL,0.0,57.0,0.0,0.0,0.0,0.0,0.0,0.0,100.0,1.0
2026,9,2026-05-10,Tom,Burton,Richmond,INT,3.0,199.0,2.0,10.0,2.0,1.0,5.0,0.0,66.7,6.0
2026,9,2026-05-10,Seth,Campbell,Richmond,CHF,3.0,294.0,0.0,11.0,3.0,1.0,5.0,0.0,66.7,8.0
2026,9,2026-05-10,Sam,Cumming,Richmond,INT,2.0,74.0,1.0,12.0,1.0,0.0,2.0,0.0,87.5,7.0
2026,9,2026-05-10,Jonty,Faull,Richmond,FPL,2.0,221.0,0.0,9.0,4.0,0.0,2.0,1.0,45.5,5.0
2026,9,2026-05-10,Campbell,Gray,Richmond,RK,0.0,215.0,3.0,8.0,3.0,0.0,0.0,0.0,88.9,8.0
2026,9,2026-05-10,Steely,Green,Richmond,HFFL,3.0,122.0,0.0,16.0,0.0,0.0,3.0,2.0,80.0,8.0
2026,9,2026-05-10,Oliver,Hayes-Brown,Richmond,INT,2.0,13.0,0.0,8.0,0.0,1.0,3.0,0.0,54.5,6.0
2026,9,2026-05-10,Jacob,Hopper,Richmond,INT,1.0,423.0,0.0,4.0,7.0,2.0,8.0,0.0,43.5,10.0
2026,9,2026-05-10,Mykelti,Lefau,Richmond,FF,4.0,105.0,3.0,14.0,1.0,0.0,3.0,2.0,81.8,9.0
2026,9,2026-05-10,Tom,Lynch,Richmond,FPR,7.0,148.0,1.0,6.0,3.0,0.0,5.0,1.0,85.7,12.0
2026,9,2026-05-10,Kane,McAuliffe,Richmond,R,3.0,266.0,1.0,8.0,2.0,1.0,0.0,0.0,80.0,8.0
2026,9,2026-05-10,Ben,Miller,Richmond,BPL,1.0,340.0,5.0,4.0,4.0,0.0,4.0,0.0,77.8,14.0
2026,9,2026-05-10,Patrick,Retschko,Richmond,WL,3.0,388.0,3.0,3.0,5.0,0.0,1.0,0.0,81.8,18.0
2026,9,2026-05-10,Jack,Ross,Richmond,RR,5.0,341.0,3.0,18.0,2.0,1.0,10.0,2.0,73.1,19.0
2026,9,2026-05-10,Jayden,Short,Richmond,HBFR,5.0,287.0,3.0,5.0,4.0,0.0,4.0,0.0,96.2,25.0
2026,9,2026-05-10,Tyler,Sonsie,Richmond,HFFR,1.0,218.0,4.0,4.0,2.0,0.0,6.0,0.0,92.3,12.0
2026,9,2026-05-10,Tim,Taranto,Richmond,C,4.0,234.0,2.0,15.0,5.0,5.0,14.0,0.0,64.3,18.0
2026,9,2026-05-10,Luke,Trainor,Richmond,INT,0.0,200.0,4.0,3.0,3.0,0.0,2.0,0.0,88.9,16.0
2026,9,2026-05-10,James,Trezise,Richmond,WR,3.0,265.0,4.0,5.0,1.0,0.0,3.0,0.0,83.3,15.0
2026,9,2026-05-10,Nick,Vlastuin,Richmond,CHB,2.0,311.0,8.0,8.0,7.0,0.0,7.0,1.0,81.0,17.0
2026,9,2026-05-10,Sam,Berry,Adelaide Crows,C,5.0,149.0,1.0,14.0,1.0,3.0,5.0,0.0,85.0,17.0
2026,9,2026-05-10,Hugh,Bond,Adelaide Crows,INT,1.0,77.0,5.0,7.0,2.0,0.0,5.0,0.0,83.3,10.0
2026,9,2026-05-10,James,Borlase,Adelaide Crows,FB,3.0,175.0,4.0,5.0,1.0,0.0,2.0,0.0,80.0,12.0
2026,9,2026-05-10,Brayden,Cook,Adelaide Crows,WR,7.0,395.0,5.0,7.0,4.0,0.0,5.0,0.0,72.7,16.0
2026,9,2026-05-10,Isaac,Cumming,Adelaide Crows,WL,7.0,387.0,0.0,5.0,1.0,0.0,1.0,0.0,93.3,14.0
2026,9,2026-05-10,Daniel,Curtin,Adelaide Crows,INT,4.0,303.0,2.0,13.0,4.0,0.0,2.0,2.0,90.9,10.0
2026,9,2026-05-10,Jordan,Dawson,Adelaide Crows,HFFR,4.0,573.0,5.0,11.0,6.0,2.0,6.0,0.0,75.9,22.0
2026,9,2026-05-10,Ben,Keays,Adelaide Crows,FPR,5.0,246.0,3.0,20.0,1.0,0.0,3.0,0.0,73.3,11.0
2026,9,2026-05-10,Rory,Laird,Adelaide Crows,HBFL,6.0,243.0,5.0,5.0,3.0,0.0,6.0,0.0,81.5,22.0
2026,9,2026-05-10,Lachlan,McAndrew,Adelaide Crows,RK,3.0,190.0,4.0,10.0,2.0,3.0,4.0,2.0,66.7,6.0
2026,9,2026-05-10,Max,Michalanney,Adelaide Crows,BPR,7.0,260.0,0.0,8.0,0.0,0.0,0.0,0.0,85.7,12.0
2026,9,2026-05-10,Wayne,Milera,Adelaide Crows,HBFR,9.0,278.0,8.0,3.0,2.0,0.0,8.0,0.0,94.1,32.0
2026,9,2026-05-10,Nick,Murray,Adelaide Crows,CHB,3.0,59.0,1.0,5.0,3.0,0.0,2.0,3.0,100.0,7.0
2026,9,2026-05-10,Toby,Murray,Adelaide Crows,FF,5.0,146.0,1.0,13.0,1.0,0.0,2.0,3.0,77.8,7.0
2026,9,2026-05-10,Alex,Neal-Bullen,Adelaide Crows,FPL,8.0,199.0,2.0,12.0,2.0,0.0,1.0,0.0,81.3,13.0
2026,9,2026-05-10,James,Peatling,Adelaide Crows,R,6.0,217.0,2.0,23.0,7.0,1.0,6.0,0.0,63.2,12.0
2026,9,2026-05-10,Luke,Pedlar,Adelaide Crows,INT,4.0,186.0,0.0,9.0,2.0,0.0,2.0,0.0,87.5,7.0
2026,9,2026-05-10,Josh,Rachele,Adelaide Crows,RR,9.0,263.0,3.0,8.0,1.0,0.0,5.0,0.0,85.7,12.0
2026,9,2026-05-10,Izak,Rankine,Adelaide Crows,HFFL,8.0,684.0,6.0,13.0,7.0,1.0,7.0,2.0,72.7,24.0
2026,9,2026-05-10,Jake,Soligo,Adelaide Crows,INT,1.0,146.0,3.0,11.0,2.0,1.0,3.0,1.0,50.0,4.0
2026,9,2026-05-10,Zac,Taylor,Adelaide Crows,INT,5.0,315.0,2.0,10.0,1.0,0.0,1.0,1.0,73.3,11.0
2026,9,2026-05-10,Riley,Thilthorpe,Adelaide Crows,CHF,7.0,162.0,1.0,5.0,0.0,0.0,3.0,1.0,66.7,8.0
2026,9,2026-05-10,Josh,Worrell,Adelaide Crows,BPL,4.0,247.0,2.0,10.0,2.0,0.0,2.0,0.0,85.7,18.0
2026,10,2026-05-14,Harris,Andrews,Brisbane Lions,FB,1.0,204.0,5.0,9.0,2.0,0.0,3.0,0.0,91.7,11.0
2026,10,2026-05-14,Levi,Ashcroft,Brisbane Lions,WR,6.0,439.0,5.0,7.0,6.0,1.0,4.0,0.0,64.3,18.0
2026,10,2026-05-14,Will,Ashcroft,Brisbane Lions,C,4.0,437.0,2.0,10.0,5.0,1.0,4.0,0.0,79.2,19.0
2026,10,2026-05-14,Zac,Bailey,Brisbane Lions,HFFR,4.0,340.0,0.0,18.0,6.0,0.0,6.0,0.0,44.4,8.0
2026,10,2026-05-14,Charlie,Cameron,Brisbane Lions,HFFL,8.0,288.0,2.0,10.0,2.0,1.0,4.0,1.0,57.1,8.0
2026,10,2026-05-14,Keidean,Coleman,Brisbane Lions,BPL,5.0,478.0,4.0,5.0,3.0,0.0,4.0,0.0,88.9,16.0
2026,10,2026-05-14,Cody,Curtin,Brisbane Lions,CHF,2.0,39.0,0.0,10.0,0.0,0.0,1.0,1.0,83.3,5.0
2026,10,2026-05-14,Sam,Draper,Brisbane Lions,RK,7.0,249.0,1.0,4.0,2.0,2.0,1.0,0.0,53.8,7.0
2026,10,2026-05-14,Josh,Dunkley,Brisbane Lions,RR,3.0,128.0,0.0,17.0,4.0,4.0,10.0,1.0,63.6,14.0
2026,10,2026-05-14,Jaspa,Fletcher,Brisbane Lions,HBFR,2.0,221.0,2.0,13.0,3.0,0.0,4.0,0.0,72.2,13.0
2026,10,2026-05-14,Darcy,Fort,Brisbane Lions,INT,2.0,359.0,4.0,7.0,6.0,1.0,6.0,1.0,50.0,8.0
2026,10,2026-05-14,Darcy,Gardiner,Brisbane Lions,CHB,1.0,192.0,6.0,13.0,4.0,0.0,3.0,0.0,90.9,10.0
2026,10,2026-05-14,Ryan,Lester,Brisbane Lions,BPR,3.0,210.0,4.0,21.0,2.0,0.0,5.0,0.0,85.7,12.0
2026,10,2026-05-14,Kai,Lohmann,Brisbane Lions,FPL,3.0,187.0,1.0,16.0,3.0,0.0,4.0,0.0,57.1,8.0
2026,10,2026-05-14,Sam,Marshall,Brisbane Lions,INT,1.0,125.0,2.0,11.0,1.0,0.0,2.0,0.0,83.3,10.0
2026,10,2026-05-14,Hugh,McCluggage,Brisbane Lions,INT,3.0,164.0,1.0,22.0,2.0,2.0,6.0,0.0,50.0,8.0
2026,10,2026-05-14,Conor,McKenna,Brisbane Lions,INT,3.0,347.0,1.0,11.0,2.0,0.0,1.0,1.0,72.7,8.0
2026,10,2026-05-14,Logan,Morris,Brisbane Lions,FPR,7.0,144.0,0.0,6.0,2.0,0.0,0.0,0.0,61.5,8.0
2026,10,2026-05-14,Lachie,Neale,Brisbane Lions,R,5.0,370.0,4.0,13.0,4.0,2.0,8.0,0.0,71.4,20.0
2026,10,2026-05-14,Cam,Rayner,Brisbane Lions,FF,6.0,455.0,4.0,16.0,2.0,1.0,8.0,1.0,64.7,11.0
2026,10,2026-05-14,Bruce,Reville,Brisbane Lions,INT,3.0,365.0,6.0,11.0,6.0,0.0,6.0,0.0,70.6,12.0
2026,10,2026-05-14,James,Tunstill,Brisbane Lions,WL,0.0,137.0,2.0,19.0,3.0,0.0,4.0,0.0,55.6,5.0
2026,10,2026-05-14,Darcy,Wilmot,Brisbane Lions,HBFL,2.0,518.0,7.0,13.0,6.0,0.0,6.0,0.0,86.7,26.0
2026,10,2026-05-14,Tom,Atkins,Geelong Cats,WL,5.0,172.0,5.0,22.0,2.0,2.0,9.0,1.0,88.5,23.0
2026,10,2026-05-14,Mark,Blicavs,Geelong Cats,FPL,2.0,112.0,4.0,18.0,3.0,0.0,1.0,0.0,80.0,8.0
2026,10,2026-05-14,Tanner,Bruhn,Geelong Cats,INT,8.0,611.0,4.0,11.0,7.0,2.0,10.0,0.0,58.6,17.0
2026,10,2026-05-14,Jeremy,Cameron,Geelong Cats,HFFL,8.0,420.0,1.0,4.0,2.0,0.0,1.0,0.0,75.0,12.0
2026,10,2026-05-14,Brad,Close,Geelong Cats,HFFR,4.0,137.0,0.0,17.0,1.0,0.0,1.0,2.0,62.5,5.0
2026,10,2026-05-14,Patrick,Dangerfield,Geelong Cats,INT,6.0,220.0,0.0,10.0,4.0,0.0,8.0,0.0,56.3,9.0
2026,10,2026-05-14,Sam,De Koning,Geelong Cats,HBFL,2.0,72.0,7.0,5.0,1.0,0.0,4.0,0.0,81.8,9.0
2026,10,2026-05-14,Oliver,Dempsey,Geelong Cats,WR,8.0,294.0,2.0,10.0,1.0,1.0,5.0,0.0,68.4,13.0
2026,10,2026-05-14,Mitchell,Edwards,Geelong Cats,RK,5.0,124.0,2.0,15.0,1.0,2.0,4.0,0.0,76.9,10.0
2026,10,2026-05-14,Zach,Guthrie,Geelong Cats,CHB,5.0,351.0,5.0,11.0,3.0,0.0,1.0,0.0,81.3,13.0
2026,10,2026-05-14,Jack,Henry,Geelong Cats,HBFR,4.0,44.0,0.0,5.0,2.0,0.0,1.0,0.0,80.0,4.0
2026,10,2026-05-14,Oliver,Henry,Geelong Cats,INT,10.0,325.0,0.0,12.0,1.0,0.0,3.0,1.0,71.4,10.0
2026,10,2026-05-14,Max,Holmes,Geelong Cats,RR,6.0,547.0,1.0,11.0,5.0,2.0,8.0,0.0,76.9,20.0
2026,10,2026-05-14,Lawson,Humphries,Geelong Cats,INT,8.0,528.0,8.0,8.0,2.0,0.0,2.0,0.0,81.8,18.0
2026,10,2026-05-14,Shaun,Mannagh,Geelong Cats,CHF,14.0,672.0,1.0,18.0,5.0,0.0,6.0,0.0,73.3,22.0
2026,10,2026-05-14,Jack,Martin,Geelong Cats,FPR,3.0,133.0,0.0,8.0,2.0,0.0,0.0,2.0,71.4,5.0
2026,10,2026-05-14,Gryan,Miers,Geelong Cats,INT,6.0,181.0,1.0,8.0,1.0,0.0,3.0,0.0,81.3,13.0
2026,10,2026-05-14,Oisin,Mullin,Geelong Cats,R,7.0,144.0,2.0,20.0,1.0,1.0,6.0,2.0,70.6,12.0
2026,10,2026-05-14,Shannon,Neale,Geelong Cats,FF,11.0,316.0,1.0,12.0,2.0,1.0,4.0,0.0,75.0,12.0
2026,10,2026-05-14,Mark,O'Connor,Geelong Cats,BPL,2.0,117.0,2.0,7.0,1.0,0.0,2.0,0.0,90.0,9.0
2026,10,2026-05-14,Connor,O'Sullivan,Geelong Cats,FB,4.0,283.0,8.0,7.0,2.0,0.0,8.0,0.0,53.3,8.0
2026,10,2026-05-14,Bailey,Smith,Geelong Cats,C,12.0,730.0,6.0,24.0,6.0,3.0,6.0,1.0,70.6,24.0
2026,10,2026-05-14,Tom,Stewart,Geelong Cats,BPR,2.0,557.0,17.0,9.0,8.0,0.0,8.0,0.0,89.3,25.0
2026,10,2026-05-15,Joel,Amartey,Sydney Swans,FPL,2.0,118.0,0.0,11.0,2.0,0.0,2.0,2.0,40.0,2.0
2026,10,2026-05-15,Riley,Bice,Sydney Swans,C,3.0,430.0,0.0,9.0,2.0,0.0,1.0,0.0,82.4,14.0
2026,10,2026-05-15,Nick,Blakey,Sydney Swans,CHB,4.0,902.0,7.0,9.0,4.0,1.0,5.0,0.0,82.1,32.0
2026,10,2026-05-15,Billy,Cootee,Sydney Swans,INT,2.0,-1.0,2.0,22.0,1.0,0.0,1.0,4.0,50.0,2.0
2026,10,2026-05-15,Harry,Cunningham,Sydney Swans,HBFL,3.0,236.0,2.0,7.0,2.0,0.0,1.0,0.0,90.0,9.0
2026,10,2026-05-15,Charlie,Curnow,Sydney Swans,FF,3.0,114.0,2.0,14.0,3.0,0.0,4.0,0.0,77.8,7.0
2026,10,2026-05-15,William,Edwards,Sydney Swans,BPL,2.0,293.0,6.0,8.0,3.0,0.0,4.0,0.0,76.9,10.0
2026,10,2026-05-15,Brodie,Grundy,Sydney Swans,RK,6.0,307.0,4.0,14.0,7.0,1.0,10.0,2.0,58.8,20.0
2026,10,2026-05-15,Isaac,Heeney,Sydney Swans,RR,9.0,498.0,4.0,17.0,8.0,7.0,11.0,0.0,62.5,20.0
2026,10,2026-05-15,James,Jordon,Sydney Swans,CHF,2.0,102.0,5.0,19.0,1.0,0.0,3.0,1.0,92.9,13.0
2026,10,2026-05-15,Jake,Lloyd,Sydney Swans,HFFR,4.0,237.0,3.0,12.0,1.0,0.0,2.0,0.0,83.3,10.0
2026,10,2026-05-15,Tom,McCartin,Sydney Swans,FB,3.0,368.0,4.0,13.0,5.0,0.0,2.0,0.0,66.7,14.0
2026,10,2026-05-15,Logan,McDonald,Sydney Swans,INT,2.0,123.0,1.0,7.0,2.0,0.0,4.0,0.0,62.5,5.0
2026,10,2026-05-15,Justin,McInerney,Sydney Swans,R,5.0,411.0,5.0,14.0,2.0,2.0,9.0,0.0,64.5,20.0
2026,10,2026-05-15,Lewis,Melican,Sydney Swans,BPR,2.0,93.0,9.0,13.0,2.0,0.0,5.0,0.0,75.0,9.0
2026,10,2026-05-15,Callum,Mills,Sydney Swans,HBFR,4.0,373.0,4.0,14.0,2.0,0.0,4.0,0.0,81.8,18.0
2026,10,2026-05-15,Tom,Papley,Sydney Swans,FPR,7.0,241.0,1.0,13.0,1.0,0.0,5.0,0.0,66.7,8.0
2026,10,2026-05-15,Malcolm,Rosas,Sydney Swans,HFFL,2.0,271.0,2.0,12.0,8.0,0.0,4.0,1.0,35.7,5.0
2026,10,2026-05-15,James,Rowbottom,Sydney Swans,WR,2.0,197.0,5.0,15.0,5.0,0.0,4.0,1.0,85.7,12.0
2026,10,2026-05-15,Jai,Serong,Sydney Swans,WL,5.0,363.0,2.0,16.0,4.0,0.0,5.0,0.0,80.0,16.0
2026,10,2026-05-15,Angus,Sheldrick,Sydney Swans,INT,3.0,350.0,3.0,20.0,5.0,0.0,5.0,1.0,42.9,6.0
2026,10,2026-05-15,Chad,Warner,Sydney Swans,INT,9.0,611.0,4.0,14.0,4.0,1.0,6.0,0.0,43.5,10.0
2026,10,2026-05-15,Sam,Wicks,Sydney Swans,INT,3.0,525.0,5.0,12.0,5.0,0.0,2.0,0.0,76.2,16.0
2026,10,2026-05-15,Edward,Allan,Collingwood,INT,2.0,280.0,1.0,23.0,3.0,3.0,6.0,0.0,64.7,11.0
2026,10,2026-05-15,Angus,Anderson,Collingwood,INT,6.0,344.0,2.0,16.0,3.0,0.0,6.0,0.0,70.6,12.0
2026,10,2026-05-15,Jack,Buller,Collingwood,FPL,4.0,73.0,0.0,10.0,1.0,1.0,0.0,0.0,80.0,4.0
2026,10,2026-05-15,Jack,Crisp,Collingwood,RR,6.0,329.0,6.0,26.0,3.0,1.0,9.0,0.0,72.2,13.0
2026,10,2026-05-15,Josh,Daicos,Collingwood,CHB,1.0,486.0,5.0,20.0,4.0,0.0,5.0,0.0,71.4,15.0
2026,10,2026-05-15,Nick,Daicos,Collingwood,R,7.0,377.0,3.0,18.0,8.0,0.0,5.0,1.0,60.7,17.0
2026,10,2026-05-15,Jordan,De Goey,Collingwood,C,7.0,501.0,3.0,11.0,6.0,0.0,7.0,0.0,69.0,20.0
2026,10,2026-05-15,Jamie,Elliott,Collingwood,CHF,5.0,191.0,0.0,14.0,5.0,0.0,4.0,0.0,64.3,9.0
2026,10,2026-05-15,Billy,Frampton,Collingwood,BPL,1.0,154.0,6.0,3.0,0.0,0.0,4.0,0.0,84.6,11.0
2026,10,2026-05-15,William,Hayes,Collingwood,INT,4.0,75.0,2.0,12.0,1.0,0.0,4.0,0.0,70.0,7.0
2026,10,2026-05-15,Dan,Houston,Collingwood,HBFL,6.0,316.0,8.0,16.0,5.0,0.0,5.0,0.0,64.7,11.0
2026,10,2026-05-15,Jeremy,Howe,Collingwood,FB,4.0,625.0,5.0,6.0,5.0,0.0,2.0,0.0,79.2,19.0
2026,10,2026-05-15,Ned,Long,Collingwood,INT,5.0,308.0,2.0,24.0,3.0,0.0,7.0,3.0,46.7,7.0
2026,10,2026-05-15,Brayden,Maynard,Collingwood,BPR,4.0,520.0,7.0,11.0,3.0,0.0,4.0,0.0,72.2,13.0
2026,10,2026-05-15,Beau,McCreery,Collingwood,HFFR,3.0,241.0,3.0,19.0,3.0,0.0,3.0,0.0,66.7,8.0
2026,10,2026-05-15,Daniel,McStay,Collingwood,FPR,3.0,135.0,2.0,17.0,2.0,1.0,4.0,3.0,90.9,10.0
2026,10,2026-05-15,Wil,Parker,Collingwood,INT,3.0,137.0,6.0,8.0,4.0,0.0,8.0,0.0,61.5,8.0
2026,10,2026-05-15,Isaac,Quaynor,Collingwood,HBFR,5.0,518.0,6.0,13.0,5.0,0.0,5.0,0.0,77.3,17.0
2026,10,2026-05-15,Lachie,Schultz,Collingwood,HFFL,6.0,204.0,1.0,29.0,4.0,1.0,4.0,1.0,76.9,10.0
2026,10,2026-05-15,Steele,Sidebottom,Collingwood,WR,1.0,332.0,6.0,20.0,3.0,0.0,7.0,0.0,50.0,8.0
2026,10,2026-05-15,Roan,Steele,Collingwood,WL,6.0,408.0,4.0,12.0,3.0,0.0,5.0,0.0,68.4,13.0
2026,10,2026-05-15,Oscar,Steene,Collingwood,RK,3.0,173.0,3.0,2.0,1.0,4.0,4.0,0.0,75.0,9.0
2026,10,2026-05-15,Charlie,West,Collingwood,FF,3.0,149.0,0.0,6.0,5.0,0.0,1.0,0.0,44.4,4.0
2026,10,2026-05-15,Oscar,Adams,Gold Coast SUNS,BPL,2.0,214.0,9.0,5.0,1.0,0.0,4.0,0.0,93.3,14.0
2026,10,2026-05-15,Noah,Anderson,Gold Coast SUNS,RR,5.0,958.0,1.0,21.0,9.0,5.0,8.0,0.0,78.8,26.0
2026,10,2026-05-15,Mac,Andrew,Gold Coast SUNS,BPR,4.0,285.0,11.0,9.0,3.0,0.0,3.0,0.0,90.9,20.0
2026,10,2026-05-15,Sam,Collins,Gold Coast SUNS,FB,1.0,241.0,11.0,8.0,1.0,0.0,7.0,0.0,90.0,18.0
2026,10,2026-05-15,Will,Graham,Gold Coast SUNS,HFFL,3.0,154.0,1.0,4.0,3.0,0.0,4.0,0.0,57.1,4.0
2026,10,2026-05-15,Lachlan,Gulbin,Gold Coast SUNS,FPR,2.0,80.0,0.0,20.0,1.0,0.0,0.0,2.0,50.0,2.0
2026,10,2026-05-15,Nick,Holman,Gold Coast SUNS,INT,4.0,251.0,2.0,16.0,3.0,0.0,8.0,1.0,87.5,14.0
2026,10,2026-05-15,Bailey,Humphrey,Gold Coast SUNS,R,3.0,180.0,1.0,17.0,6.0,0.0,4.0,2.0,50.0,6.0
2026,10,2026-05-15,Joel,Jeffrey,Gold Coast SUNS,INT,1.0,485.0,2.0,12.0,3.0,0.0,0.0,0.0,92.3,12.0
2026,10,2026-05-15,Ben,King,Gold Coast SUNS,FF,3.0,176.0,1.0,8.0,3.0,0.0,1.0,0.0,66.7,4.0
2026,10,2026-05-15,Leonardo,Lombard,Gold Coast SUNS,INT,6.0,230.0,2.0,17.0,3.0,0.0,9.0,1.0,77.8,14.0
2026,10,2026-05-15,Touk,Miller,Gold Coast SUNS,WR,4.0,243.0,2.0,13.0,2.0,1.0,3.0,0.0,76.2,16.0
2026,10,2026-05-15,Ned,Moyle,Gold Coast SUNS,RK,4.0,399.0,0.0,8.0,2.0,1.0,7.0,2.0,64.3,9.0
2026,10,2026-05-15,John,Noble,Gold Coast SUNS,FPL,7.0,696.0,9.0,12.0,3.0,0.0,4.0,0.0,96.8,30.0
2026,10,2026-05-15,Christian,Petracca,Gold Coast SUNS,C,4.0,394.0,1.0,13.0,7.0,3.0,12.0,2.0,51.9,14.0
2026,10,2026-05-15,Wil,Powell,Gold Coast SUNS,CHB,1.0,461.0,7.0,13.0,4.0,0.0,5.0,0.0,70.6,12.0
2026,10,2026-05-15,Daniel,Rioli,Gold Coast SUNS,HBFR,2.0,546.0,6.0,15.0,3.0,0.0,5.0,0.0,91.3,21.0
2026,10,2026-05-15,Matt,Rowell,Gold Coast SUNS,CHF,8.0,408.0,3.0,29.0,3.0,3.0,14.0,1.0,65.2,15.0
2026,10,2026-05-15,Bodhi,Uwland,Gold Coast SUNS,HBFL,3.0,486.0,7.0,15.0,6.0,0.0,5.0,0.0,80.6,25.0
2026,10,2026-05-15,Zeke,Uwland,Gold Coast SUNS,INT,2.0,269.0,0.0,11.0,1.0,0.0,0.0,1.0,90.0,9.0
2026,10,2026-05-15,Jed,Walter,Gold Coast SUNS,HFFR,5.0,210.0,1.0,4.0,3.0,0.0,4.0,1.0,66.7,6.0
2026,10,2026-05-15,Lachie,Weller,Gold Coast SUNS,WL,1.0,28.0,1.0,2.0,0.0,0.0,1.0,0.0,100.0,3.0
2026,10,2026-05-15,Jarrod,Witts,Gold Coast SUNS,INT,2.0,312.0,3.0,5.0,6.0,1.0,4.0,0.0,57.1,8.0
2026,10,2026-05-15,Darcy,Byrne-Jones,Port Adelaide,HBFL,5.0,629.0,10.0,14.0,6.0,0.0,8.0,0.0,74.1,20.0
2026,10,2026-05-15,Aliir,Aliir,Port Adelaide,CHB,1.0,345.0,7.0,2.0,2.0,0.0,3.0,0.0,66.7,8.0
2026,10,2026-05-15,Tom,Anastasopoulos,Port Adelaide,HFFL,3.0,148.0,0.0,12.0,1.0,0.0,1.0,1.0,68.8,11.0
2026,10,2026-05-15,Joe,Berry,Port Adelaide,INT,8.0,530.0,2.0,17.0,4.0,0.0,6.0,0.0,73.7,14.0
2026,10,2026-05-15,Jase,Burgoyne,Port Adelaide,INT,5.0,438.0,11.0,12.0,6.0,1.0,10.0,0.0,75.0,21.0
2026,10,2026-05-15,Zak,Butters,Port Adelaide,RR,8.0,682.0,6.0,21.0,7.0,1.0,13.0,0.0,65.7,23.0
2026,10,2026-05-15,Willem,Drew,Port Adelaide,R,3.0,506.0,4.0,28.0,7.0,2.0,11.0,0.0,58.3,14.0
2026,10,2026-05-15,Corey,Durdin,Port Adelaide,FPL,3.0,226.0,1.0,20.0,3.0,0.0,4.0,0.0,50.0,5.0
2026,10,2026-05-15,Logan,Evans,Port Adelaide,BPL,2.0,250.0,5.0,9.0,4.0,0.0,3.0,0.0,57.1,8.0
2026,10,2026-05-15,Kane,Farrell,Port Adelaide,HBFR,5.0,859.0,1.0,8.0,7.0,1.0,2.0,0.0,68.4,13.0
2026,10,2026-05-15,Mitch,Georgiades,Port Adelaide,CHF,5.0,143.0,3.0,10.0,4.0,0.0,2.0,0.0,54.5,6.0
2026,10,2026-05-15,Jason,Horne-Francis,Port Adelaide,C,4.0,255.0,2.0,18.0,1.0,1.0,5.0,2.0,47.1,8.0
2026,10,2026-05-15,Lachie,Jones,Port Adelaide,BPR,2.0,-25.0,0.0,3.0,0.0,0.0,0.0,0.0,75.0,3.0
2026,10,2026-05-15,Will,Lorenz,Port Adelaide,WR,2.0,180.0,2.0,10.0,3.0,1.0,7.0,0.0,81.3,13.0
2026,10,2026-05-15,Ewan,Mackinlay,Port Adelaide,WL,4.0,148.0,4.0,19.0,3.0,0.0,7.0,1.0,80.0,8.0
2026,10,2026-05-15,Christian,Moraes,Port Adelaide,INT,2.0,295.0,2.0,13.0,4.0,0.0,4.0,0.0,86.7,13.0
2026,10,2026-05-15,Esava,Ratugolea,Port Adelaide,FB,0.0,265.0,10.0,6.0,3.0,0.0,3.0,0.0,100.0,11.0
2026,10,2026-05-15,Joe,Richards,Port Adelaide,HFFR,5.0,378.0,1.0,16.0,4.0,0.0,4.0,1.0,66.7,10.0
2026,10,2026-05-15,Jordon,Sweet,Port Adelaide,RK,4.0,231.0,4.0,12.0,4.0,1.0,2.0,0.0,60.0,6.0
2026,10,2026-05-15,Dante,Visentini,Port Adelaide,FPR,1.0,14.0,0.0,11.0,0.0,0.0,0.0,1.0,100.0,1.0
2026,10,2026-05-15,Jack,Watkins,Port Adelaide,INT,4.0,248.0,0.0,12.0,2.0,0.0,2.0,1.0,54.5,6.0
2026,10,2026-05-15,Jack,Whitlock,Port Adelaide,FF,3.0,134.0,0.0,15.0,3.0,1.0,1.0,0.0,66.7,6.0
2026,10,2026-05-15,Ollie,Wines,Port Adelaide,INT,3.0,355.0,2.0,12.0,2.0,1.0,7.0,0.0,66.7,14.0
2026,10,2026-05-16,Sam,Berry,Adelaide Crows,WL,6.0,338.0,7.0,23.0,1.0,0.0,7.0,1.0,57.1,12.0
2026,10,2026-05-16,James,Borlase,Adelaide Crows,FB,4.0,242.0,5.0,9.0,5.0,0.0,3.0,0.0,68.8,11.0
2026,10,2026-05-16,Jordon,Butts,Adelaide Crows,CHB,3.0,85.0,4.0,3.0,1.0,0.0,3.0,0.0,75.0,6.0
2026,10,2026-05-16,Brayden,Cook,Adelaide Crows,WR,5.0,358.0,0.0,11.0,1.0,0.0,0.0,0.0,86.7,13.0
2026,10,2026-05-16,Isaac,Cumming,Adelaide Crows,INT,5.0,216.0,3.0,4.0,0.0,0.0,3.0,0.0,94.1,16.0
2026,10,2026-05-16,Daniel,Curtin,Adelaide Crows,HFFR,5.0,129.0,2.0,10.0,1.0,0.0,3.0,0.0,81.8,9.0
2026,10,2026-05-16,Jordan,Dawson,Adelaide Crows,C,9.0,509.0,2.0,24.0,5.0,3.0,3.0,0.0,75.0,18.0
2026,10,2026-05-16,Darcy,Fogarty,Adelaide Crows,FF,8.0,99.0,0.0,2.0,0.0,0.0,3.0,0.0,72.7,8.0
2026,10,2026-05-16,Ben,Keays,Adelaide Crows,FPR,11.0,202.0,0.0,6.0,2.0,1.0,4.0,1.0,70.6,12.0
2026,10,2026-05-16,Rory,Laird,Adelaide Crows,HBFL,3.0,279.0,7.0,5.0,5.0,0.0,4.0,0.0,88.0,22.0
2026,10,2026-05-16,Lachlan,McAndrew,Adelaide Crows,RK,5.0,157.0,2.0,8.0,3.0,2.0,4.0,1.0,77.8,7.0
2026,10,2026-05-16,Max,Michalanney,Adelaide Crows,BPR,4.0,291.0,1.0,9.0,2.0,0.0,2.0,0.0,80.0,12.0
2026,10,2026-05-16,Wayne,Milera,Adelaide Crows,HBFR,2.0,248.0,4.0,9.0,2.0,0.0,2.0,0.0,84.2,16.0
2026,10,2026-05-16,Toby,Murray,Adelaide Crows,CHF,7.0,293.0,1.0,5.0,2.0,1.0,3.0,1.0,78.6,11.0
2026,10,2026-05-16,Luke,Nankervis,Adelaide Crows,INT,3.0,109.0,3.0,6.0,1.0,0.0,4.0,0.0,81.8,9.0
2026,10,2026-05-16,Alex,Neal-Bullen,Adelaide Crows,FPL,2.0,305.0,0.0,21.0,4.0,1.0,4.0,1.0,53.8,7.0
2026,10,2026-05-16,James,Peatling,Adelaide Crows,INT,7.0,212.0,1.0,12.0,3.0,3.0,7.0,0.0,81.8,18.0
2026,10,2026-05-16,Luke,Pedlar,Adelaide Crows,R,6.0,160.0,2.0,11.0,2.0,0.0,2.0,0.0,75.0,12.0
2026,10,2026-05-16,Josh,Rachele,Adelaide Crows,RR,8.0,255.0,1.0,8.0,4.0,0.0,6.0,0.0,66.7,12.0
2026,10,2026-05-16,Izak,Rankine,Adelaide Crows,HFFL,8.0,496.0,1.0,16.0,4.0,3.0,7.0,0.0,60.7,17.0
2026,10,2026-05-16,Jake,Soligo,Adelaide Crows,INT,11.0,220.0,1.0,8.0,1.0,0.0,2.0,0.0,94.4,17.0
2026,10,2026-05-16,Zac,Taylor,Adelaide Crows,INT,6.0,192.0,1.0,12.0,1.0,0.0,4.0,1.0,73.3,11.0
2026,10,2026-05-16,Josh,Worrell,Adelaide Crows,BPL,5.0,494.0,5.0,10.0,1.0,0.0,6.0,0.0,83.3,20.0
2026,10,2026-05-16,Tom,Blamires,North Melbourne,INT,3.0,268.0,4.0,10.0,2.0,0.0,3.0,0.0,69.2,9.0
2026,10,2026-05-16,Charlie,Comben,North Melbourne,BPR,1.0,63.0,4.0,4.0,1.0,0.0,2.0,0.0,80.0,8.0
2026,10,2026-05-16,Paul,Curtis,North Melbourne,HFFL,7.0,188.0,1.0,10.0,0.0,0.0,1.0,3.0,66.7,8.0
2026,10,2026-05-16,Caleb,Daniel,North Melbourne,CHB,3.0,406.0,2.0,8.0,2.0,0.0,2.0,0.0,85.0,17.0
2026,10,2026-05-16,Jack,Darling,North Melbourne,INT,4.0,114.0,1.0,8.0,1.0,0.0,1.0,1.0,71.4,5.0
2026,10,2026-05-16,Luke,Davies-Uniacke,North Melbourne,RR,4.0,217.0,4.0,11.0,2.0,0.0,7.0,0.0,77.3,17.0
2026,10,2026-05-16,Wil,Dawson,North Melbourne,INT,0.0,94.0,0.0,11.0,2.0,0.0,0.0,0.0,33.3,1.0
2026,10,2026-05-16,Zane,Duursma,North Melbourne,FPR,4.0,124.0,1.0,13.0,1.0,0.0,1.0,0.0,57.1,4.0
2026,10,2026-05-16,Jacob,Konstanty,North Melbourne,HFFR,3.0,38.0,0.0,10.0,1.0,0.0,3.0,0.0,77.8,7.0
2026,10,2026-05-16,Nick,Larkey,North Melbourne,FF,1.0,90.0,0.0,7.0,3.0,0.0,3.0,0.0,87.5,7.0
2026,10,2026-05-16,Griffin,Logue,North Melbourne,FB,0.0,71.0,2.0,1.0,2.0,0.0,1.0,0.0,71.4,5.0
2026,10,2026-05-16,Luke,McDonald,North Melbourne,BPL,2.0,222.0,2.0,9.0,2.0,0.0,1.0,0.0,92.9,13.0
2026,10,2026-05-16,Colby,McKercher,North Melbourne,HBFL,5.0,192.0,3.0,8.0,2.0,2.0,4.0,3.0,68.4,13.0
2026,10,2026-05-16,Finn,O'Sullivan,North Melbourne,C,3.0,96.0,3.0,24.0,1.0,1.0,6.0,0.0,78.6,11.0
2026,10,2026-05-16,Luke,Parker,North Melbourne,HBFR,3.0,480.0,8.0,6.0,5.0,0.0,5.0,0.0,75.0,21.0
2026,10,2026-05-16,Harry,Sheezel,North Melbourne,R,2.0,400.0,2.0,17.0,6.0,2.0,4.0,0.0,62.5,15.0
2026,10,2026-05-16,Jy,Simpkin,North Melbourne,WL,5.0,300.0,3.0,16.0,2.0,1.0,4.0,0.0,77.8,14.0
2026,10,2026-05-16,Charlie,Spargo,North Melbourne,INT,2.0,201.0,0.0,8.0,2.0,0.0,1.0,2.0,70.0,7.0
2026,10,2026-05-16,Dylan,Stephens,North Melbourne,WR,6.0,391.0,1.0,8.0,4.0,0.0,2.0,0.0,64.7,11.0
2026,10,2026-05-16,Cooper,Trembath,North Melbourne,CHF,4.0,92.0,0.0,5.0,0.0,0.0,2.0,2.0,85.7,6.0
2026,10,2026-05-16,George,Wardlaw,North Melbourne,INT,4.0,332.0,5.0,13.0,6.0,2.0,9.0,0.0,60.0,12.0
2026,10,2026-05-16,Tristan,Xerri,North Melbourne,RK,3.0,87.0,2.0,8.0,1.0,5.0,3.0,1.0,66.7,10.0
2026,10,2026-05-16,Cameron,Zurhaar,North Melbourne,FPL,0.0,293.0,3.0,4.0,5.0,0.0,0.0,0.0,75.0,12.0
2026,10,2026-05-16,Jake,Bowey,Melbourne,CHB,5.0,441.0,4.0,19.0,3.0,0.0,4.0,0.0,91.7,22.0
2026,10,2026-05-16,Kade,Chandler,Melbourne,CHF,4.0,415.0,5.0,27.0,5.0,1.0,10.0,0.0,68.2,15.0
2026,10,2026-05-16,Paddy,Cross,Melbourne,INT,1.0,83.0,0.0,11.0,2.0,0.0,1.0,0.0,83.3,5.0
2026,10,2026-05-16,Bayley,Fritsch,Melbourne,FPR,6.0,288.0,3.0,16.0,6.0,0.0,5.0,1.0,43.8,7.0
2026,10,2026-05-16,Max,Gawn,Melbourne,RK,6.0,264.0,5.0,7.0,1.0,3.0,7.0,0.0,83.3,15.0
2026,10,2026-05-16,Max,Heath,Melbourne,INT,1.0,97.0,1.0,7.0,2.0,0.0,1.0,1.0,50.0,2.0
2026,10,2026-05-16,Blake,Howes,Melbourne,HBFL,3.0,395.0,5.0,8.0,5.0,0.0,5.0,0.0,84.2,16.0
2026,10,2026-05-16,Matthew,Jefferson,Melbourne,INT,9.0,305.0,2.0,5.0,3.0,0.0,5.0,0.0,69.2,9.0
2026,10,2026-05-16,Changkuoth,Jiath,Melbourne,INT,0.0,230.0,5.0,9.0,1.0,0.0,5.0,1.0,78.6,11.0
2026,10,2026-05-16,Ed,Langdon,Melbourne,HFFL,2.0,252.0,1.0,21.0,4.0,2.0,4.0,0.0,78.9,15.0
2026,10,2026-05-16,Harvey,Langford,Melbourne,C,5.0,526.0,6.0,17.0,5.0,0.0,3.0,1.0,72.2,13.0
2026,10,2026-05-16,Bailey,Laurie,Melbourne,WL,4.0,320.0,1.0,23.0,3.0,1.0,4.0,0.0,66.7,12.0
2026,10,2026-05-16,Jake,Lever,Melbourne,BPR,3.0,318.0,8.0,4.0,1.0,0.0,3.0,0.0,94.7,18.0
2026,10,2026-05-16,Harrison,Petty,Melbourne,BPL,6.0,175.0,2.0,15.0,1.0,0.0,5.0,2.0,83.3,10.0
2026,10,2026-05-16,Kysaiah,Pickett,Melbourne,HFFR,2.0,232.0,1.0,17.0,4.0,0.0,2.0,0.0,69.2,9.0
2026,10,2026-05-16,Latrelle,Pickett,Melbourne,FPL,3.0,130.0,1.0,18.0,3.0,1.0,1.0,0.0,71.4,5.0
2026,10,2026-05-16,Trent,Rivers,Melbourne,INT,5.0,311.0,3.0,16.0,4.0,2.0,7.0,1.0,71.4,15.0
2026,10,2026-05-16,Harry,Sharp,Melbourne,HBFR,5.0,227.0,1.0,23.0,4.0,0.0,2.0,0.0,75.0,9.0
2026,10,2026-05-16,Tom,Sparrow,Melbourne,R,8.0,487.0,2.0,19.0,2.0,4.0,5.0,1.0,77.8,21.0
2026,10,2026-05-16,Jack,Steele,Melbourne,RR,7.0,431.0,2.0,19.0,6.0,3.0,11.0,0.0,61.5,16.0
2026,10,2026-05-16,Koltyn,Tholstrup,Melbourne,WR,2.0,258.0,2.0,2.0,1.0,0.0,2.0,0.0,75.0,9.0
2026,10,2026-05-16,Daniel,Turner,Melbourne,FB,5.0,352.0,12.0,8.0,3.0,0.0,6.0,0.0,89.5,17.0
2026,10,2026-05-16,Jacob,van Rooyen,Melbourne,FF,3.0,35.0,0.0,11.0,1.0,0.0,4.0,0.0,83.3,5.0
2026,10,2026-05-16,Karl,Amon,Hawthorn,HBFL,5.0,450.0,6.0,14.0,5.0,1.0,6.0,0.0,78.6,22.0
2026,10,2026-05-16,Josh,Battle,Hawthorn,FB,2.0,492.0,7.0,5.0,6.0,0.0,2.0,0.0,70.8,17.0
2026,10,2026-05-16,Massimo,D'Ambrosio,Hawthorn,WL,2.0,486.0,1.0,10.0,6.0,1.0,4.0,0.0,63.2,12.0
2026,10,2026-05-16,Calsher,Dear,Hawthorn,CHF,3.0,55.0,1.0,16.0,4.0,0.0,0.0,2.0,40.0,2.0
2026,10,2026-05-16,Jack,Ginnivan,Hawthorn,HFFR,4.0,265.0,1.0,10.0,5.0,0.0,5.0,0.0,72.2,13.0
2026,10,2026-05-16,Blake,Hardwick,Hawthorn,CHB,4.0,267.0,7.0,7.0,3.0,0.0,2.0,0.0,94.7,18.0
2026,10,2026-05-16,Henry,Hustwaite,Hawthorn,R,3.0,170.0,3.0,14.0,6.0,2.0,7.0,0.0,73.7,14.0
2026,10,2026-05-16,Jarman,Impey,Hawthorn,BPR,2.0,493.0,7.0,9.0,3.0,0.0,2.0,0.0,82.6,19.0
2026,10,2026-05-16,Mitch,Lewis,Hawthorn,FF,6.0,284.0,1.0,8.0,5.0,0.0,1.0,0.0,50.0,6.0
2026,10,2026-05-16,Connor,Macdonald,Hawthorn,INT,7.0,373.0,1.0,17.0,4.0,1.0,5.0,1.0,76.2,16.0
2026,10,2026-05-16,Cam,Mackenzie,Hawthorn,INT,4.0,371.0,2.0,13.0,5.0,2.0,5.0,0.0,69.6,16.0
2026,10,2026-05-16,Finn,Maginness,Hawthorn,FPL,2.0,63.0,2.0,7.0,3.0,0.0,4.0,0.0,58.3,7.0
2026,10,2026-05-16,Lloyd,Meek,Hawthorn,INT,1.0,13.0,0.0,17.0,0.0,0.0,1.0,1.0,40.0,2.0
2026,10,2026-05-16,Dylan,Moore,Hawthorn,HFFL,10.0,426.0,1.0,16.0,0.0,0.0,5.0,2.0,85.2,23.0
2026,10,2026-05-16,Harry,Morrison,Hawthorn,WR,3.0,225.0,3.0,23.0,2.0,0.0,4.0,0.0,78.6,11.0
2026,10,2026-05-16,Jai,Newcombe,Hawthorn,RR,4.0,270.0,2.0,20.0,3.0,3.0,8.0,0.0,79.2,19.0
2026,10,2026-05-16,Max,Ramsden,Hawthorn,INT,4.0,22.0,3.0,9.0,0.0,0.0,5.0,0.0,75.0,9.0
2026,10,2026-05-16,Ned,Reeves,Hawthorn,RK,0.0,-9.0,0.0,10.0,1.0,1.0,2.0,1.0,66.7,2.0
2026,10,2026-05-16,Bodie,Ryan,Hawthorn,INT,2.0,262.0,3.0,14.0,1.0,0.0,2.0,0.0,93.3,14.0
2026,10,2026-05-16,James,Sicily,Hawthorn,BPL,4.0,361.0,10.0,6.0,5.0,0.0,6.0,0.0,82.6,19.0
2026,10,2026-05-16,Josh,Ward,Hawthorn,C,5.0,359.0,3.0,10.0,4.0,0.0,5.0,0.0,62.5,15.0
2026,10,2026-05-16,Nick,Watson,Hawthorn,FPR,5.0,162.0,1.0,7.0,1.0,1.0,4.0,0.0,66.7,6.0
2026,10,2026-05-16,Josh,Weddle,Hawthorn,HBFR,6.0,227.0,5.0,13.0,1.0,0.0,3.0,0.0,87.5,14.0
2026,10,2026-05-16,Ben,Ainsworth,Carlton,FPR,5.0,308.0,0.0,13.0,3.0,1.0,0.0,0.0,81.3,13.0
2026,10,2026-05-16,Matthew,Carroll,Carlton,INT,6.0,379.0,3.0,8.0,0.0,0.0,3.0,1.0,100.0,16.0
2026,10,2026-05-16,Adam,Cerra,Carlton,RR,3.0,295.0,2.0,12.0,1.0,0.0,3.0,0.0,82.4,14.0
2026,10,2026-05-16,Lachlan,Cowan,Carlton,HFFL,1.0,514.0,5.0,8.0,4.0,0.0,1.0,0.0,75.0,15.0
2026,10,2026-05-16,Patrick,Cripps,Carlton,C,7.0,298.0,2.0,16.0,5.0,4.0,9.0,1.0,69.0,20.0
2026,10,2026-05-16,Harry,Dean,Carlton,CHB,2.0,108.0,3.0,9.0,2.0,0.0,2.0,0.0,83.3,10.0
2026,10,2026-05-16,Francis,Evans,Carlton,BPR,4.0,217.0,2.0,15.0,3.0,0.0,6.0,0.0,46.7,7.0
2026,10,2026-05-16,Oliver,Florent,Carlton,BPL,4.0,457.0,8.0,14.0,1.0,0.0,4.0,0.0,92.9,26.0
2026,10,2026-05-16,Nick,Haynes,Carlton,INT,0.0,275.0,4.0,0.0,3.0,0.0,2.0,0.0,88.2,15.0
2026,10,2026-05-16,Will,Hayward,Carlton,INT,3.0,296.0,2.0,8.0,4.0,0.0,4.0,0.0,52.6,10.0
2026,10,2026-05-16,George,Hewett,Carlton,INT,5.0,127.0,2.0,14.0,2.0,1.0,4.0,2.0,71.4,10.0
2026,10,2026-05-16,Oliver,Hollands,Carlton,WL,4.0,237.0,3.0,15.0,1.0,0.0,2.0,1.0,94.1,16.0
2026,10,2026-05-16,Jack,Ison,Carlton,INT,6.0,411.0,1.0,5.0,3.0,0.0,4.0,0.0,73.3,11.0
2026,10,2026-05-16,Brodie,Kemp,Carlton,FPL,6.0,91.0,1.0,7.0,1.0,0.0,4.0,2.0,84.6,11.0
2026,10,2026-05-16,Mitch,McGovern,Carlton,CHF,4.0,90.0,0.0,10.0,1.0,0.0,2.0,2.0,50.0,3.0
2026,10,2026-05-16,Harry,McKay,Carlton,FF,7.0,170.0,2.0,9.0,1.0,1.0,1.0,1.0,57.1,8.0
2026,10,2026-05-16,Nic,Newman,Carlton,HBFL,5.0,328.0,5.0,12.0,3.0,1.0,1.0,0.0,85.7,18.0
2026,10,2026-05-16,Marc,Pittonet,Carlton,RK,3.0,51.0,1.0,13.0,2.0,1.0,3.0,2.0,60.0,6.0
2026,10,2026-05-16,Jagga,Smith,Carlton,HFFR,8.0,286.0,0.0,9.0,7.0,1.0,7.0,0.0,64.0,16.0
2026,10,2026-05-16,Sam,Walsh,Carlton,R,7.0,268.0,4.0,13.0,4.0,3.0,10.0,0.0,64.0,16.0
2026,10,2026-05-16,Jacob,Weitering,Carlton,FB,1.0,30.0,5.0,3.0,2.0,0.0,3.0,0.0,75.0,9.0
2026,10,2026-05-16,Zac,Williams,Carlton,WR,3.0,230.0,0.0,7.0,2.0,0.0,5.0,2.0,68.4,13.0
2026,10,2026-05-16,Billy,Wilson,Carlton,HBFR,3.0,350.0,4.0,9.0,2.0,0.0,4.0,0.0,73.7,14.0
2026,10,2026-05-16,Oskar,Baker,Western Bulldogs,INT,2.0,201.0,0.0,8.0,3.0,0.0,1.0,0.0,71.4,10.0
2026,10,2026-05-16,Marcus,Bontempelli,Western Bulldogs,C,3.0,377.0,3.0,19.0,8.0,0.0,7.0,1.0,54.2,13.0
2026,10,2026-05-16,Lachlan,Bramble,Western Bulldogs,INT,4.0,267.0,3.0,12.0,3.0,0.0,1.0,0.0,64.7,11.0
2026,10,2026-05-16,Connor,Budarick,Western Bulldogs,HBFL,1.0,250.0,3.0,11.0,2.0,0.0,1.0,0.0,68.8,11.0
2026,10,2026-05-16,Jedd,Busslinger,Western Bulldogs,BPL,2.0,248.0,3.0,5.0,2.0,0.0,3.0,0.0,92.3,12.0
2026,10,2026-05-16,Nick,Coffield,Western Bulldogs,WL,1.0,168.0,4.0,6.0,1.0,0.0,3.0,0.0,78.6,11.0
2026,10,2026-05-16,Bailey,Dale,Western Bulldogs,HBFR,5.0,680.0,9.0,8.0,5.0,0.0,6.0,0.0,83.9,26.0
2026,10,2026-05-16,Sam,Davidson,Western Bulldogs,HFFL,2.0,198.0,2.0,11.0,1.0,0.0,0.0,0.0,71.4,10.0
2026,10,2026-05-16,Louis,Emmett,Western Bulldogs,INT,3.0,13.0,0.0,13.0,2.0,0.0,0.0,0.0,75.0,3.0
2026,10,2026-05-16,Joel,Freijah,Western Bulldogs,FPL,3.0,176.0,4.0,18.0,1.0,2.0,6.0,0.0,78.9,15.0
2026,10,2026-05-16,Cooper,Hynes,Western Bulldogs,INT,1.0,39.0,1.0,14.0,2.0,0.0,4.0,2.0,62.5,5.0
2026,10,2026-05-16,Arthur,Jones,Western Bulldogs,HFFR,4.0,326.0,0.0,13.0,4.0,1.0,5.0,0.0,53.3,8.0
2026,10,2026-05-16,Matthew,Kennedy,Western Bulldogs,INT,4.0,263.0,1.0,13.0,1.0,1.0,1.0,0.0,100.0,11.0
2026,10,2026-05-16,Buku,Khamis,Western Bulldogs,FB,1.0,187.0,7.0,3.0,2.0,0.0,1.0,0.0,84.6,11.0
2026,10,2026-05-16,Will,Lewis,Western Bulldogs,RK,3.0,178.0,1.0,15.0,2.0,0.0,5.0,2.0,70.0,7.0
2026,10,2026-05-16,Rory,Lobb,Western Bulldogs,CHB,3.0,122.0,3.0,11.0,1.0,2.0,2.0,0.0,88.9,8.0
2026,10,2026-05-16,Lachlan,McNeil,Western Bulldogs,CHF,5.0,37.0,3.0,15.0,0.0,0.0,5.0,0.0,90.9,10.0
2026,10,2026-05-16,Aaron,Naughton,Western Bulldogs,FF,7.0,226.0,1.0,6.0,1.0,0.0,3.0,0.0,58.3,7.0
2026,10,2026-05-16,Ed,Richards,Western Bulldogs,R,1.0,310.0,2.0,16.0,6.0,2.0,5.0,0.0,57.9,11.0
2026,10,2026-05-16,Ryley,Sanders,Western Bulldogs,RR,6.0,321.0,1.0,14.0,3.0,0.0,4.0,1.0,69.2,18.0
2026,10,2026-05-16,Michael,Sellwood,Western Bulldogs,BPR,1.0,201.0,4.0,9.0,3.0,0.0,3.0,0.0,69.2,9.0
2026,10,2026-05-16,Rhylee,West,Western Bulldogs,FPR,6.0,188.0,1.0,7.0,2.0,0.0,3.0,0.0,80.0,8.0
2026,10,2026-05-16,Bailey,Williams,Western Bulldogs,WR,0.0,275.0,1.0,3.0,4.0,0.0,2.0,0.0,71.4,5.0
2026,10,2026-05-17,Lachlan,Blakiston,Essendon,C,0.0,51.0,3.0,2.0,2.0,0.0,2.0,0.0,66.7,2.0
2026,10,2026-05-17,Nick,Bryan,Essendon,INT,4.0,137.0,3.0,7.0,2.0,2.0,5.0,1.0,75.0,9.0
2026,10,2026-05-17,Nate,Caddy,Essendon,CHF,4.0,171.0,2.0,8.0,4.0,0.0,3.0,0.0,50.0,5.0
2026,10,2026-05-17,Jye,Caldwell,Essendon,HFFL,4.0,317.0,1.0,15.0,3.0,1.0,7.0,1.0,75.0,15.0
2026,10,2026-05-17,Nik,Cox,Essendon,HBFR,1.0,46.0,2.0,11.0,0.0,0.0,2.0,0.0,85.7,6.0
2026,10,2026-05-17,Archer,Day-Wicks,Essendon,WR,3.0,103.0,2.0,18.0,3.0,1.0,5.0,3.0,69.2,9.0
2026,10,2026-05-17,Sam,Durham,Essendon,R,4.0,281.0,2.0,25.0,4.0,4.0,9.0,1.0,65.0,13.0
2026,10,2026-05-17,Xavier,Duursma,Essendon,INT,6.0,175.0,2.0,12.0,3.0,0.0,4.0,0.0,68.8,11.0
2026,10,2026-05-17,Jacob,Farrow,Essendon,INT,7.0,220.0,4.0,10.0,3.0,0.0,3.0,0.0,88.9,16.0
2026,10,2026-05-17,Kyle,Langford,Essendon,FF,7.0,44.0,4.0,12.0,3.0,0.0,6.0,1.0,66.7,10.0
2026,10,2026-05-17,Archer,May,Essendon,FPL,3.0,110.0,1.0,15.0,4.0,0.0,2.0,0.0,71.4,5.0
2026,10,2026-05-17,Andrew,McGrath,Essendon,BPR,2.0,410.0,9.0,8.0,1.0,0.0,6.0,0.0,90.9,20.0
2026,10,2026-05-17,Zach,Merrett,Essendon,RR,7.0,440.0,2.0,20.0,5.0,0.0,3.0,3.0,84.6,22.0
2026,10,2026-05-17,Jayden,Nguyen,Essendon,INT,2.0,126.0,1.0,11.0,4.0,0.0,6.0,1.0,66.7,8.0
2026,10,2026-05-17,Darcy,Parish,Essendon,INT,8.0,352.0,2.0,11.0,2.0,3.0,5.0,0.0,84.0,21.0
2026,10,2026-05-17,Archie,Perkins,Essendon,FPR,6.0,325.0,4.0,16.0,5.0,0.0,6.0,1.0,68.8,11.0
2026,10,2026-05-17,Jaxon,Prior,Essendon,BPL,4.0,129.0,5.0,11.0,1.0,0.0,3.0,0.0,66.7,8.0
2026,10,2026-05-17,Mason,Redman,Essendon,CHB,2.0,236.0,4.0,7.0,3.0,0.0,2.0,0.0,63.6,7.0
2026,10,2026-05-17,Zach,Reid,Essendon,FB,2.0,198.0,4.0,10.0,1.0,0.0,2.0,0.0,72.7,8.0
2026,10,2026-05-17,Archie,Roberts,Essendon,HBFL,3.0,448.0,2.0,9.0,3.0,0.0,4.0,0.0,80.0,24.0
2026,10,2026-05-17,Sullivan,Robey,Essendon,HFFR,4.0,307.0,2.0,15.0,4.0,3.0,7.0,1.0,72.7,16.0
2026,10,2026-05-17,Will,Setterfield,Essendon,WL,4.0,334.0,3.0,13.0,3.0,0.0,5.0,2.0,62.5,10.0
2026,10,2026-05-17,Peter,Wright,Essendon,RK,1.0,78.0,0.0,15.0,1.0,1.0,0.0,1.0,66.7,4.0
2026,10,2026-05-17,Jye,Amiss,Fremantle,FF,6.0,121.0,0.0,5.0,3.0,0.0,1.0,3.0,70.0,7.0
2026,10,2026-05-17,Shai,Bolton,Fremantle,RR,8.0,410.0,1.0,18.0,5.0,1.0,3.0,0.0,54.2,13.0
2026,10,2026-05-17,Andrew,Brayshaw,Fremantle,C,8.0,418.0,2.0,17.0,5.0,2.0,5.0,0.0,88.5,23.0
2026,10,2026-05-17,Heath,Chapman,Fremantle,BPR,1.0,282.0,3.0,9.0,5.0,0.0,2.0,0.0,70.6,12.0
2026,10,2026-05-17,Jordan,Clark,Fremantle,HBFL,5.0,462.0,3.0,4.0,3.0,0.0,3.0,0.0,77.3,17.0
2026,10,2026-05-17,Brennan,Cox,Fremantle,FB,0.0,94.0,5.0,4.0,1.0,0.0,2.0,0.0,91.7,11.0
2026,10,2026-05-17,Mason,Cox,Fremantle,INT,3.0,53.0,0.0,12.0,1.0,2.0,1.0,0.0,37.5,3.0
2026,10,2026-05-17,Isaiah,Dudley,Fremantle,INT,5.0,193.0,1.0,15.0,1.0,0.0,3.0,1.0,63.6,7.0
2026,10,2026-05-17,Neil,Erasmus,Fremantle,INT,4.0,399.0,2.0,12.0,5.0,0.0,5.0,0.0,77.8,14.0
2026,10,2026-05-17,Michael,Frederick,Fremantle,WL,5.0,213.0,2.0,5.0,1.0,1.0,2.0,0.0,92.3,12.0
2026,10,2026-05-17,Luke,Jackson,Fremantle,RK,2.0,27.0,4.0,14.0,0.0,1.0,7.0,0.0,75.0,12.0
2026,10,2026-05-17,Matthew,Johnson,Fremantle,WR,7.0,249.0,1.0,17.0,4.0,0.0,3.0,0.0,81.8,18.0
2026,10,2026-05-17,Oscar,McDonald,Fremantle,BPL,0.0,221.0,4.0,5.0,3.0,0.0,1.0,0.0,92.3,12.0
2026,10,2026-05-17,Judd,McVee,Fremantle,HBFR,1.0,218.0,4.0,5.0,5.0,0.0,3.0,0.0,64.3,9.0
2026,10,2026-05-17,Nathan,O'Driscoll,Fremantle,INT,4.0,294.0,4.0,11.0,3.0,0.0,5.0,0.0,70.6,12.0
2026,10,2026-05-17,Murphy,Reid,Fremantle,HFFL,7.0,343.0,2.0,9.0,5.0,0.0,7.0,0.0,63.3,19.0
2026,10,2026-05-17,Luke,Ryan,Fremantle,CHB,4.0,373.0,3.0,8.0,2.0,0.0,3.0,0.0,88.2,15.0
2026,10,2026-05-17,Christopher,Scerri,Fremantle,FPR,4.0,100.0,1.0,18.0,2.0,0.0,2.0,3.0,77.8,7.0
2026,10,2026-05-17,Caleb,Serong,Fremantle,R,6.0,230.0,4.0,17.0,2.0,4.0,10.0,1.0,75.0,18.0
2026,10,2026-05-17,Sam,Switkowski,Fremantle,HFFR,6.0,110.0,1.0,14.0,1.0,0.0,4.0,0.0,81.8,9.0
2026,10,2026-05-17,Josh,Treacy,Fremantle,CHF,6.0,190.0,2.0,12.0,3.0,0.0,3.0,0.0,81.8,9.0
2026,10,2026-05-17,Patrick,Voss,Fremantle,FPL,8.0,136.0,4.0,7.0,3.0,0.0,5.0,4.0,83.3,10.0
2026,10,2026-05-17,Karl,Worner,Fremantle,INT,4.0,425.0,11.0,9.0,1.0,0.0,6.0,0.0,88.9,24.0
2026,10,2026-05-17,Charlie,Banfield,St Kilda,INT,3.0,196.0,2.0,9.0,3.0,0.0,2.0,1.0,54.5,6.0
2026,10,2026-05-17,Ryan,Byrnes,St Kilda,FPL,5.0,273.0,3.0,12.0,5.0,0.0,3.0,0.0,71.4,15.0
2026,10,2026-05-17,Anthony,Caminiti,St Kilda,BPR,3.0,53.0,1.0,11.0,2.0,0.0,1.0,2.0,66.7,4.0
2026,10,2026-05-17,Jack,Carroll,St Kilda,INT,7.0,465.0,4.0,5.0,4.0,0.0,2.0,0.0,84.0,21.0
2026,10,2026-05-17,Tom,De Koning,St Kilda,RK,6.0,312.0,1.0,8.0,3.0,0.0,1.0,0.0,66.7,10.0
2026,10,2026-05-17,Sam,Flanders,St Kilda,RR,5.0,443.0,3.0,6.0,4.0,0.0,5.0,0.0,82.1,23.0
2026,10,2026-05-17,Hugo,Garcia,St Kilda,HFFL,9.0,369.0,3.0,18.0,2.0,4.0,7.0,2.0,80.0,20.0
2026,10,2026-05-17,Max,Hall,St Kilda,C,10.0,476.0,0.0,14.0,3.0,6.0,7.0,1.0,57.7,15.0
2026,10,2026-05-17,Liam,Henry,St Kilda,INT,3.0,117.0,0.0,3.0,1.0,0.0,3.0,0.0,50.0,4.0
2026,10,2026-05-17,Jack,Higgins,St Kilda,HFFR,5.0,135.0,1.0,4.0,2.0,0.0,2.0,1.0,71.4,5.0
2026,10,2026-05-17,Bradley,Hill,St Kilda,CHB,6.0,217.0,0.0,3.0,1.0,0.0,0.0,0.0,84.6,11.0
2026,10,2026-05-17,Dougal,Howard,St Kilda,FPR,3.0,128.0,3.0,2.0,2.0,0.0,2.0,0.0,84.6,11.0
2026,10,2026-05-17,Jack,Macrae,St Kilda,INT,10.0,156.0,2.0,12.0,2.0,3.0,3.0,1.0,80.6,25.0
2026,10,2026-05-17,Rowan,Marshall,St Kilda,INT,8.0,182.0,2.0,5.0,3.0,2.0,7.0,0.0,42.1,8.0
2026,10,2026-05-17,Liam,O'Connell,St Kilda,HBFR,3.0,56.0,2.0,8.0,2.0,0.0,1.0,0.0,77.8,7.0
2026,10,2026-05-17,Mattaes,Phillipou,St Kilda,CHF,6.0,399.0,2.0,12.0,7.0,0.0,3.0,2.0,70.6,12.0
2026,10,2026-05-17,Cooper,Sharman,St Kilda,FF,5.0,129.0,1.0,9.0,0.0,0.0,2.0,1.0,87.5,7.0
2026,10,2026-05-17,Jack,Silvagni,St Kilda,BPL,4.0,253.0,5.0,3.0,1.0,0.0,4.0,0.0,88.2,15.0
2026,10,2026-05-17,Jack,Sinclair,St Kilda,R,10.0,566.0,5.0,11.0,3.0,0.0,5.0,0.0,75.9,22.0
2026,10,2026-05-17,Liam,Stocker,St Kilda,HBFL,1.0,97.0,7.0,5.0,1.0,0.0,6.0,0.0,66.7,8.0
2026,10,2026-05-17,Callum,Wilkie,St Kilda,FB,4.0,243.0,5.0,5.0,1.0,0.0,0.0,0.0,92.0,23.0
2026,10,2026-05-17,Darcy,Wilson,St Kilda,WR,7.0,281.0,1.0,15.0,0.0,0.0,3.0,0.0,95.0,19.0
2026,10,2026-05-17,Marcus,Windhager,St Kilda,WL,4.0,295.0,5.0,17.0,3.0,2.0,5.0,1.0,65.2,15.0
2026,10,2026-05-17,Noah,Balta,Richmond,RK,3.0,214.0,0.0,7.0,2.0,0.0,1.0,0.0,58.3,7.0
2026,10,2026-05-17,Nathan,Broad,Richmond,HBFR,0.0,175.0,5.0,2.0,1.0,0.0,0.0,0.0,91.7,11.0
2026,10,2026-05-17,Tom,Burton,Richmond,INT,0.0,97.0,1.0,10.0,3.0,0.0,4.0,0.0,66.7,6.0
2026,10,2026-05-17,Seth,Campbell,Richmond,CHF,2.0,263.0,3.0,22.0,2.0,1.0,3.0,1.0,73.7,14.0
2026,10,2026-05-17,Sam,Cumming,Richmond,R,4.0,104.0,0.0,12.0,2.0,1.0,2.0,0.0,84.6,11.0
2026,10,2026-05-17,Jonty,Faull,Richmond,FPL,6.0,248.0,1.0,8.0,2.0,0.0,2.0,1.0,53.8,7.0
2026,10,2026-05-17,Liam,Fawcett,Richmond,FPR,3.0,69.0,0.0,10.0,2.0,0.0,0.0,0.0,100.0,3.0
2026,10,2026-05-17,Campbell,Gray,Richmond,BPR,0.0,51.0,3.0,3.0,0.0,0.0,2.0,0.0,100.0,5.0
2026,10,2026-05-17,Steely,Green,Richmond,HFFR,2.0,93.0,2.0,15.0,0.0,0.0,3.0,1.0,63.6,7.0
2026,10,2026-05-17,Sam,Grlj,Richmond,CHB,3.0,388.0,2.0,16.0,3.0,0.0,0.0,0.0,76.5,13.0
2026,10,2026-05-17,Oliver,Hayes-Brown,Richmond,INT,3.0,169.0,0.0,4.0,3.0,4.0,3.0,0.0,75.0,9.0
2026,10,2026-05-17,Jacob,Hopper,Richmond,INT,3.0,296.0,0.0,14.0,2.0,2.0,6.0,1.0,61.1,11.0
2026,10,2026-05-17,Tom,Lynch,Richmond,FF,4.0,72.0,0.0,6.0,2.0,0.0,1.0,0.0,80.0,4.0
2026,10,2026-05-17,Ben,Miller,Richmond,BPL,3.0,424.0,5.0,8.0,3.0,0.0,1.0,0.0,90.9,20.0
2026,10,2026-05-17,Patrick,Retschko,Richmond,WR,2.0,455.0,0.0,6.0,4.0,0.0,0.0,0.0,86.7,13.0
2026,10,2026-05-17,Noah,Roberts-Thomson,Richmond,INT,3.0,207.0,0.0,8.0,1.0,0.0,1.0,2.0,75.0,6.0
2026,10,2026-05-17,Jack,Ross,Richmond,RR,7.0,408.0,4.0,21.0,6.0,1.0,8.0,0.0,73.9,17.0
2026,10,2026-05-17,Jayden,Short,Richmond,INT,2.0,356.0,7.0,14.0,0.0,0.0,5.0,0.0,100.0,25.0
2026,10,2026-05-17,Tyler,Sonsie,Richmond,HFFL,1.0,216.0,3.0,15.0,2.0,0.0,4.0,0.0,71.4,10.0
2026,10,2026-05-17,Tim,Taranto,Richmond,C,7.0,376.0,1.0,14.0,2.0,2.0,4.0,1.0,64.3,9.0
2026,10,2026-05-17,Luke,Trainor,Richmond,FB,2.0,200.0,1.0,4.0,8.0,0.0,0.0,0.0,50.0,6.0
2026,10,2026-05-17,James,Trezise,Richmond,WL,5.0,243.0,6.0,3.0,4.0,0.0,3.0,0.0,87.5,21.0
2026,10,2026-05-17,Nick,Vlastuin,Richmond,HBFL,3.0,306.0,11.0,5.0,4.0,0.0,7.0,0.0,90.5,19.0
2026,10,2026-05-17,Liam,Baker,West Coast Eagles,HBFR,2.0,212.0,7.0,13.0,4.0,0.0,6.0,1.0,73.7,14.0
2026,10,2026-05-17,Rhett,Bazzo,West Coast Eagles,BPR,1.0,107.0,4.0,3.0,2.0,0.0,3.0,0.0,100.0,12.0
2026,10,2026-05-17,Malakai,Champion,West Coast Eagles,FPL,6.0,141.0,1.0,15.0,2.0,0.0,5.0,0.0,81.8,9.0
2026,10,2026-05-17,Tom,Cole,West Coast Eagles,INT,2.0,184.0,1.0,8.0,3.0,1.0,3.0,0.0,37.5,3.0
2026,10,2026-05-17,Hamish,Davis,West Coast Eagles,WL,5.0,208.0,6.0,20.0,5.0,0.0,6.0,1.0,66.7,12.0
2026,10,2026-05-17,Liam,Duggan,West Coast Eagles,BPL,6.0,538.0,5.0,5.0,3.0,0.0,3.0,0.0,72.7,16.0
2026,10,2026-05-17,Willem,Duursma,West Coast Eagles,HFFL,1.0,133.0,3.0,25.0,6.0,0.0,7.0,4.0,53.3,8.0
2026,10,2026-05-17,Reuben,Ginbey,West Coast Eagles,FB,2.0,270.0,7.0,8.0,5.0,0.0,5.0,0.0,64.3,9.0
2026,10,2026-05-17,Brady,Hough,West Coast Eagles,INT,2.0,41.0,1.0,10.0,1.0,1.0,1.0,1.0,83.3,5.0
2026,10,2026-05-17,Jack,Hutchinson,West Coast Eagles,WR,3.0,94.0,1.0,16.0,1.0,0.0,3.0,4.0,100.0,6.0
2026,10,2026-05-17,Harvey,Johnston,West Coast Eagles,INT,1.0,4.0,2.0,10.0,1.0,0.0,5.0,1.0,66.7,4.0
2026,10,2026-05-17,Tim,Kelly,West Coast Eagles,R,7.0,347.0,3.0,23.0,1.0,4.0,7.0,2.0,87.5,21.0
2026,10,2026-05-17,Josh,Lindsay,West Coast Eagles,INT,2.0,375.0,3.0,7.0,5.0,0.0,2.0,0.0,94.7,18.0
2026,10,2026-05-17,Ryan,Maric,West Coast Eagles,HFFR,2.0,131.0,1.0,14.0,2.0,0.0,1.0,0.0,93.8,15.0
2026,10,2026-05-17,Tom,McCarthy,West Coast Eagles,HBFL,1.0,283.0,1.0,13.0,2.0,0.0,0.0,0.0,84.6,11.0
2026,10,2026-05-17,Milan,Murdock,West Coast Eagles,FPR,4.0,197.0,4.0,19.0,3.0,0.0,3.0,2.0,75.0,9.0
2026,10,2026-05-17,Harley,Reid,West Coast Eagles,RR,9.0,786.0,3.0,23.0,7.0,4.0,14.0,2.0,67.6,23.0
2026,10,2026-05-17,Jobe,Shanahan,West Coast Eagles,CHF,2.0,188.0,0.0,13.0,3.0,0.0,1.0,1.0,50.0,4.0
2026,10,2026-05-17,Jake,Waterman,West Coast Eagles,FF,5.0,203.0,0.0,7.0,2.0,0.0,0.0,0.0,75.0,6.0
2026,10,2026-05-17,Bailey J.,Williams,West Coast Eagles,RK,7.0,235.0,0.0,15.0,2.0,3.0,4.0,2.0,62.5,10.0
2026,10,2026-05-17,Jack,Williams,West Coast Eagles,INT,2.0,97.0,3.0,8.0,1.0,0.0,3.0,0.0,87.5,7.0
2026,10,2026-05-17,Elliot,Yeo,West Coast Eagles,C,7.0,357.0,1.0,16.0,2.0,0.0,2.0,2.0,60.0,9.0
2026,10,2026-05-17,Tylar,Young,West Coast Eagles,CHB,2.0,323.0,6.0,2.0,1.0,0.0,3.0,0.0,78.6,11.0
2026,10,2026-05-17,Ryan,Angwin,GWS GIANTS,WL,2.0,140.0,2.0,10.0,3.0,0.0,6.0,0.0,53.3,8.0
2026,10,2026-05-17,Lachie,Ash,GWS GIANTS,RR,2.0,557.0,4.0,10.0,6.0,0.0,9.0,1.0,67.6,23.0
2026,10,2026-05-17,Toby,Bedford,GWS GIANTS,FPL,6.0,353.0,2.0,9.0,3.0,0.0,6.0,2.0,64.3,9.0
2026,10,2026-05-17,Kieren,Briggs,GWS GIANTS,RK,3.0,134.0,2.0,14.0,1.0,3.0,8.0,1.0,42.9,6.0
2026,10,2026-05-17,Aaron,Cadman,GWS GIANTS,FF,2.0,126.0,1.0,15.0,3.0,0.0,1.0,4.0,20.0,1.0
2026,10,2026-05-17,Finn,Callaghan,GWS GIANTS,R,5.0,288.0,1.0,17.0,5.0,3.0,6.0,1.0,63.2,12.0
2026,10,2026-05-17,Stephen,Coniglio,GWS GIANTS,INT,3.0,176.0,1.0,8.0,1.0,0.0,4.0,0.0,82.4,14.0
2026,10,2026-05-17,Brent,Daniels,GWS GIANTS,HFFR,5.0,171.0,1.0,12.0,2.0,1.0,5.0,0.0,69.2,9.0
2026,10,2026-05-17,Joe,Fonti,GWS GIANTS,HBFL,2.0,321.0,6.0,8.0,2.0,0.0,2.0,0.0,76.5,13.0
2026,10,2026-05-17,Phoenix,Gothard,GWS GIANTS,CHF,1.0,62.0,1.0,7.0,0.0,0.0,5.0,3.0,50.0,4.0
2026,10,2026-05-17,Toby,Greene,GWS GIANTS,HFFL,4.0,218.0,1.0,7.0,5.0,0.0,4.0,1.0,27.3,3.0
2026,10,2026-05-17,Max,Gruzewski,GWS GIANTS,INT,3.0,154.0,0.0,4.0,0.0,0.0,0.0,0.0,60.0,3.0
2026,10,2026-05-17,Harry,Himmelberg,GWS GIANTS,BPR,4.0,318.0,7.0,7.0,3.0,1.0,5.0,0.0,80.0,16.0
2026,10,2026-05-17,Connor,Idun,GWS GIANTS,FB,1.0,191.0,8.0,7.0,3.0,0.0,6.0,0.0,78.9,15.0
2026,10,2026-05-17,Jayden,Laverde,GWS GIANTS,BPL,0.0,123.0,9.0,9.0,1.0,0.0,3.0,0.0,85.7,12.0
2026,10,2026-05-17,James,Leake,GWS GIANTS,HBFR,1.0,104.0,3.0,9.0,1.0,0.0,3.0,1.0,80.0,8.0
2026,10,2026-05-17,Toby,McMullin,GWS GIANTS,INT,3.0,171.0,1.0,10.0,2.0,0.0,2.0,1.0,42.9,3.0
2026,10,2026-05-17,Clayton,Oliver,GWS GIANTS,C,5.0,356.0,2.0,14.0,4.0,2.0,12.0,0.0,63.2,24.0
2026,10,2026-05-17,Harrison,Oliver,GWS GIANTS,INT,3.0,285.0,3.0,7.0,3.0,1.0,0.0,0.0,61.5,8.0
2026,10,2026-05-17,Jake,Riccardi,GWS GIANTS,FPR,1.0,5.0,1.0,7.0,4.0,0.0,3.0,0.0,16.7,1.0
2026,10,2026-05-17,Jake,Stringer,GWS GIANTS,INT,6.0,226.0,1.0,5.0,1.0,0.0,2.0,0.0,40.0,4.0
2026,10,2026-05-17,Harvey,Thomas,GWS GIANTS,WR,6.0,302.0,3.0,24.0,6.0,1.0,13.0,3.0,72.0,18.0
2026,10,2026-05-17,Lachie,Whitfield,GWS GIANTS,CHB,4.0,284.0,5.0,15.0,4.0,0.0,3.0,0.0,85.7,18.0
2026,11,2026-05-21,Karl,Amon,Hawthorn,HBFL,3.0,471.0,3.0,8.0,6.0,0.0,4.0,0.0,77.8,14.0
2026,11,2026-05-21,Josh,Battle,Hawthorn,FB,3.0,409.0,6.0,11.0,6.0,0.0,3.0,0.0,72.2,13.0
2026,11,2026-05-21,Mabior,Chol,Hawthorn,CHF,3.0,131.0,0.0,18.0,2.0,2.0,1.0,2.0,75.0,6.0
2026,11,2026-05-21,Massimo,D'Ambrosio,Hawthorn,WL,6.0,583.0,5.0,19.0,5.0,0.0,4.0,0.0,68.2,15.0
2026,11,2026-05-21,Jack,Ginnivan,Hawthorn,HFFR,3.0,279.0,3.0,18.0,3.0,0.0,4.0,3.0,50.0,5.0
2026,11,2026-05-21,Blake,Hardwick,Hawthorn,CHB,10.0,263.0,1.0,11.0,3.0,0.0,1.0,3.0,57.1,8.0
2026,11,2026-05-21,Jarman,Impey,Hawthorn,BPR,1.0,780.0,12.0,7.0,5.0,0.0,3.0,0.0,71.4,15.0
2026,11,2026-05-21,Mitch,Lewis,Hawthorn,FF,6.0,78.0,0.0,14.0,4.0,0.0,3.0,1.0,75.0,6.0
2026,11,2026-05-21,Bailey,Macdonald,Hawthorn,INT,2.0,112.0,5.0,5.0,1.0,0.0,6.0,0.0,92.3,12.0
2026,11,2026-05-21,Connor,Macdonald,Hawthorn,INT,6.0,200.0,2.0,25.0,4.0,0.0,4.0,2.0,35.7,5.0
2026,11,2026-05-21,Cam,Mackenzie,Hawthorn,INT,1.0,435.0,2.0,23.0,6.0,1.0,6.0,1.0,45.8,11.0
2026,11,2026-05-21,Finn,Maginness,Hawthorn,INT,4.0,297.0,3.0,11.0,2.0,0.0,4.0,0.0,71.4,10.0
2026,11,2026-05-21,Lloyd,Meek,Hawthorn,INT,3.0,43.0,1.0,11.0,0.0,0.0,6.0,1.0,90.9,10.0
2026,11,2026-05-21,Dylan,Moore,Hawthorn,HFFL,4.0,282.0,1.0,20.0,5.0,0.0,2.0,2.0,45.5,5.0
2026,11,2026-05-21,Cameron,Nairn,Hawthorn,FPL,2.0,100.0,3.0,15.0,3.0,0.0,1.0,1.0,72.7,8.0
2026,11,2026-05-21,Conor,Nash,Hawthorn,R,2.0,344.0,1.0,12.0,2.0,1.0,6.0,0.0,60.0,9.0
2026,11,2026-05-21,Jai,Newcombe,Hawthorn,RR,3.0,195.0,2.0,19.0,5.0,2.0,3.0,1.0,61.1,11.0
2026,11,2026-05-21,Ned,Reeves,Hawthorn,RK,3.0,312.0,0.0,9.0,2.0,3.0,2.0,1.0,55.6,5.0
2026,11,2026-05-21,Bodie,Ryan,Hawthorn,HBFR,1.0,141.0,5.0,6.0,5.0,0.0,1.0,0.0,63.6,7.0
2026,11,2026-05-21,James,Sicily,Hawthorn,BPL,3.0,192.0,4.0,9.0,1.0,0.0,1.0,0.0,72.7,8.0
2026,11,2026-05-21,Josh,Ward,Hawthorn,C,2.0,159.0,5.0,14.0,4.0,1.0,10.0,1.0,70.8,17.0
2026,11,2026-05-21,Nick,Watson,Hawthorn,FPR,11.0,251.0,3.0,8.0,1.0,0.0,5.0,0.0,66.7,8.0
2026,11,2026-05-21,Josh,Weddle,Hawthorn,WR,1.0,410.0,7.0,11.0,1.0,0.0,5.0,0.0,88.2,15.0
2026,11,2026-05-21,Callum,Ah Chee,Adelaide Crows,HFFL,4.0,147.0,0.0,8.0,4.0,0.0,3.0,2.0,54.5,6.0
2026,11,2026-05-21,Sam,Berry,Adelaide Crows,INT,7.0,471.0,2.0,18.0,1.0,1.0,6.0,1.0,85.2,23.0
2026,11,2026-05-21,James,Borlase,Adelaide Crows,FB,0.0,183.0,7.0,11.0,3.0,0.0,4.0,0.0,71.4,10.0
2026,11,2026-05-21,Jordon,Butts,Adelaide Crows,CHB,1.0,42.0,4.0,5.0,2.0,0.0,0.0,0.0,75.0,9.0
2026,11,2026-05-21,Brayden,Cook,Adelaide Crows,WR,2.0,253.0,4.0,12.0,1.0,0.0,6.0,1.0,50.0,5.0
2026,11,2026-05-21,Daniel,Curtin,Adelaide Crows,WL,1.0,204.0,1.0,24.0,1.0,1.0,3.0,2.0,75.0,6.0
2026,11,2026-05-21,Jordan,Dawson,Adelaide Crows,C,4.0,661.0,6.0,21.0,7.0,0.0,8.0,0.0,35.7,10.0
2026,11,2026-05-21,Darcy,Fogarty,Adelaide Crows,FF,6.0,228.0,0.0,8.0,2.0,0.0,6.0,1.0,57.1,8.0
2026,11,2026-05-21,Ben,Keays,Adelaide Crows,FPR,1.0,199.0,0.0,14.0,6.0,0.0,3.0,0.0,54.5,6.0
2026,11,2026-05-21,Rory,Laird,Adelaide Crows,HBFL,3.0,269.0,4.0,10.0,6.0,0.0,7.0,0.0,67.9,19.0
2026,11,2026-05-21,Lachlan,McAndrew,Adelaide Crows,RK,4.0,158.0,0.0,11.0,0.0,6.0,5.0,1.0,75.0,9.0
2026,11,2026-05-21,Max,Michalanney,Adelaide Crows,BPR,1.0,192.0,2.0,7.0,0.0,0.0,1.0,0.0,84.6,11.0
2026,11,2026-05-21,Wayne,Milera,Adelaide Crows,HBFR,5.0,768.0,8.0,6.0,6.0,0.0,7.0,0.0,84.4,27.0
2026,11,2026-05-21,Toby,Murray,Adelaide Crows,INT,1.0,30.0,0.0,7.0,2.0,0.0,1.0,0.0,50.0,1.0
2026,11,2026-05-21,Luke,Nankervis,Adelaide Crows,INT,3.0,178.0,6.0,18.0,2.0,0.0,8.0,0.0,80.0,12.0
2026,11,2026-05-21,Alex,Neal-Bullen,Adelaide Crows,FPL,5.0,377.0,1.0,20.0,3.0,0.0,6.0,1.0,69.2,18.0
2026,11,2026-05-21,James,Peatling,Adelaide Crows,RR,1.0,143.0,3.0,24.0,4.0,0.0,4.0,0.0,52.9,9.0
2026,11,2026-05-21,Josh,Rachele,Adelaide Crows,HFFR,6.0,243.0,3.0,16.0,3.0,0.0,5.0,0.0,56.3,9.0
2026,11,2026-05-21,Izak,Rankine,Adelaide Crows,R,4.0,158.0,3.0,13.0,3.0,1.0,4.0,1.0,64.7,11.0
2026,11,2026-05-21,Jake,Soligo,Adelaide Crows,INT,4.0,313.0,4.0,6.0,7.0,0.0,4.0,0.0,52.6,10.0
2026,11,2026-05-21,Zac,Taylor,Adelaide Crows,INT,4.0,233.0,4.0,7.0,1.0,0.0,4.0,3.0,91.7,11.0
2026,11,2026-05-21,Riley,Thilthorpe,Adelaide Crows,CHF,4.0,251.0,3.0,7.0,5.0,2.0,6.0,0.0,62.5,10.0
2026,11,2026-05-21,Josh,Worrell,Adelaide Crows,BPL,0.0,663.0,12.0,9.0,5.0,0.0,6.0,0.0,85.7,24.0
2026,11,2026-05-22,Jasper,Alger,Richmond,INT,2.0,147.0,3.0,19.0,5.0,0.0,3.0,1.0,60.0,6.0
2026,11,2026-05-22,Noah,Balta,Richmond,RK,4.0,366.0,4.0,9.0,3.0,1.0,3.0,0.0,40.0,6.0
2026,11,2026-05-22,Nathan,Broad,Richmond,BPR,3.0,240.0,4.0,3.0,2.0,0.0,3.0,0.0,92.3,12.0
2026,11,2026-05-22,Tom,Burton,Richmond,INT,1.0,71.0,0.0,6.0,3.0,0.0,1.0,2.0,87.5,7.0
2026,11,2026-05-22,Seth,Campbell,Richmond,R,4.0,217.0,5.0,20.0,2.0,0.0,8.0,0.0,81.8,18.0
2026,11,2026-05-22,Sam,Cumming,Richmond,CHF,5.0,164.0,1.0,8.0,1.0,0.0,3.0,0.0,82.4,14.0
2026,11,2026-05-22,Jonty,Faull,Richmond,FPL,2.0,24.0,0.0,4.0,0.0,0.0,1.0,0.0,100.0,3.0
2026,11,2026-05-22,Steely,Green,Richmond,HFFL,7.0,145.0,4.0,27.0,1.0,0.0,3.0,3.0,76.9,10.0
2026,11,2026-05-22,Sam,Grlj,Richmond,CHB,3.0,367.0,1.0,13.0,5.0,0.0,0.0,0.0,53.8,7.0
2026,11,2026-05-22,Oliver,Hayes-Brown,Richmond,INT,1.0,93.0,1.0,6.0,1.0,3.0,3.0,0.0,71.4,5.0
2026,11,2026-05-22,Jacob,Hopper,Richmond,INT,5.0,217.0,1.0,14.0,3.0,0.0,9.0,0.0,75.0,15.0
2026,11,2026-05-22,Mykelti,Lefau,Richmond,FPR,5.0,105.0,0.0,15.0,2.0,0.0,2.0,2.0,80.0,8.0
2026,11,2026-05-22,Tom,Lynch,Richmond,FF,7.0,201.0,0.0,9.0,2.0,0.0,2.0,2.0,80.0,8.0
2026,11,2026-05-22,Ben,Miller,Richmond,FB,6.0,389.0,3.0,3.0,0.0,0.0,0.0,0.0,94.1,16.0
2026,11,2026-05-22,Patrick,Retschko,Richmond,WL,9.0,499.0,6.0,10.0,5.0,0.0,3.0,0.0,81.5,22.0
2026,11,2026-05-22,Noah,Roberts-Thomson,Richmond,HFFR,1.0,92.0,0.0,12.0,0.0,0.0,0.0,2.0,75.0,3.0
2026,11,2026-05-22,Jack,Ross,Richmond,RR,10.0,282.0,3.0,19.0,2.0,1.0,6.0,1.0,75.0,18.0
2026,11,2026-05-22,Jayden,Short,Richmond,HBFL,5.0,723.0,5.0,12.0,7.0,0.0,2.0,0.0,66.7,20.0
2026,11,2026-05-22,Tyler,Sonsie,Richmond,WR,6.0,313.0,7.0,11.0,4.0,0.0,5.0,0.0,72.7,16.0
2026,11,2026-05-22,Tim,Taranto,Richmond,C,10.0,320.0,0.0,24.0,3.0,3.0,7.0,1.0,70.0,21.0
2026,11,2026-05-22,Luke,Trainor,Richmond,BPL,3.0,173.0,1.0,2.0,2.0,0.0,0.0,0.0,72.7,8.0
2026,11,2026-05-22,James,Trezise,Richmond,INT,2.0,184.0,5.0,6.0,2.0,0.0,2.0,0.0,84.2,16.0
2026,11,2026-05-22,Nick,Vlastuin,Richmond,HBFR,2.0,208.0,5.0,7.0,3.0,0.0,2.0,0.0,87.5,14.0
2026,11,2026-05-22,Lachlan,Blakiston,Essendon,HFFL,3.0,131.0,5.0,13.0,2.0,0.0,5.0,0.0,60.0,6.0
2026,11,2026-05-22,Nick,Bryan,Essendon,INT,5.0,153.0,2.0,9.0,1.0,1.0,5.0,0.0,71.4,10.0
2026,11,2026-05-22,Nate,Caddy,Essendon,CHF,6.0,237.0,0.0,7.0,2.0,0.0,0.0,1.0,57.1,4.0
2026,11,2026-05-22,Jye,Caldwell,Essendon,INT,3.0,29.0,1.0,12.0,1.0,1.0,2.0,1.0,80.0,4.0
2026,11,2026-05-22,Archer,Day-Wicks,Essendon,INT,2.0,111.0,0.0,13.0,4.0,0.0,2.0,1.0,50.0,4.0
2026,11,2026-05-22,Sam,Durham,Essendon,R,1.0,31.0,0.0,1.0,1.0,0.0,2.0,0.0,50.0,3.0
2026,11,2026-05-22,Xavier,Duursma,Essendon,WL,4.0,97.0,2.0,9.0,3.0,0.0,3.0,0.0,71.4,10.0
2026,11,2026-05-22,Thomas,Edwards,Essendon,WR,5.0,84.0,3.0,10.0,1.0,0.0,3.0,1.0,78.6,11.0
2026,11,2026-05-22,Jacob,Farrow,Essendon,INT,5.0,201.0,5.0,11.0,1.0,0.0,4.0,0.0,94.4,17.0
2026,11,2026-05-22,Jade,Gresham,Essendon,HBFR,2.0,165.0,0.0,14.0,4.0,1.0,2.0,0.0,58.3,7.0
2026,11,2026-05-22,Matt,Guelfi,Essendon,INT,0.0,0.0,0.0,0.0,0.0,0.0,0.0,0.0,0.0,0.0
2026,11,2026-05-22,Kyle,Langford,Essendon,FF,5.0,376.0,6.0,10.0,4.0,0.0,5.0,0.0,74.1,20.0
2026,11,2026-05-22,Archer,May,Essendon,FPL,5.0,245.0,1.0,17.0,5.0,0.0,2.0,3.0,60.0,9.0
2026,11,2026-05-22,Andrew,McGrath,Essendon,BPR,1.0,110.0,1.0,3.0,0.0,0.0,1.0,0.0,66.7,4.0
2026,11,2026-05-22,Ben,McKay,Essendon,BPL,5.0,101.0,10.0,3.0,1.0,0.0,4.0,0.0,94.7,18.0
2026,11,2026-05-22,Zach,Merrett,Essendon,RR,10.0,490.0,2.0,21.0,4.0,1.0,3.0,0.0,77.8,28.0
2026,11,2026-05-22,Darcy,Parish,Essendon,C,9.0,698.0,3.0,24.0,5.0,4.0,9.0,1.0,80.5,33.0
2026,11,2026-05-22,Archie,Perkins,Essendon,FPR,5.0,361.0,3.0,15.0,3.0,0.0,3.0,0.0,78.9,15.0
2026,11,2026-05-22,Jaxon,Prior,Essendon,RK,1.0,417.0,4.0,10.0,3.0,1.0,3.0,0.0,72.7,16.0
2026,11,2026-05-22,Mason,Redman,Essendon,CHB,5.0,541.0,1.0,6.0,3.0,0.0,2.0,0.0,93.3,28.0
2026,11,2026-05-22,Zach,Reid,Essendon,FB,6.0,159.0,4.0,9.0,0.0,0.0,1.0,0.0,100.0,13.0
2026,11,2026-05-22,Archie,Roberts,Essendon,HBFL,8.0,488.0,5.0,14.0,8.0,1.0,5.0,0.0,72.7,24.0
2026,11,2026-05-22,Sullivan,Robey,Essendon,HFFR,3.0,273.0,1.0,15.0,3.0,2.0,5.0,1.0,65.2,15.0
2026,11,2026-05-22,Jye,Amiss,Fremantle,FF,5.0,233.0,0.0,8.0,2.0,0.0,1.0,2.0,75.0,6.0
2026,11,2026-05-22,Shai,Bolton,Fremantle,RR,6.0,631.0,3.0,9.0,3.0,1.0,7.0,0.0,60.0,15.0
2026,11,2026-05-22,Andrew,Brayshaw,Fremantle,C,4.0,227.0,3.0,14.0,3.0,1.0,8.0,1.0,96.0,24.0
2026,11,2026-05-22,Heath,Chapman,Fremantle,BPR,1.0,345.0,6.0,9.0,2.0,0.0,2.0,0.0,80.0,12.0
2026,11,2026-05-22,Jordan,Clark,Fremantle,HBFL,6.0,352.0,3.0,10.0,4.0,0.0,3.0,0.0,88.9,16.0
2026,11,2026-05-22,Brennan,Cox,Fremantle,FB,0.0,220.0,9.0,6.0,4.0,0.0,2.0,0.0,80.0,16.0
2026,11,2026-05-22,Mason,Cox,Fremantle,INT,2.0,117.0,1.0,4.0,5.0,2.0,3.0,0.0,37.5,3.0
2026,11,2026-05-22,Isaiah,Dudley,Fremantle,CHF,4.0,166.0,1.0,13.0,3.0,0.0,4.0,0.0,66.7,6.0
2026,11,2026-05-22,Neil,Erasmus,Fremantle,INT,4.0,157.0,2.0,12.0,3.0,0.0,2.0,1.0,80.0,12.0
2026,11,2026-05-22,Michael,Frederick,Fremantle,WL,7.0,371.0,4.0,11.0,2.0,1.0,6.0,0.0,64.7,11.0
2026,11,2026-05-22,Luke,Jackson,Fremantle,RK,8.0,279.0,1.0,12.0,2.0,5.0,6.0,0.0,59.1,13.0
2026,11,2026-05-22,Matthew,Johnson,Fremantle,R,3.0,117.0,0.0,12.0,2.0,2.0,5.0,0.0,80.0,16.0
2026,11,2026-05-22,Oscar,McDonald,Fremantle,BPL,1.0,123.0,6.0,7.0,1.0,0.0,3.0,0.0,90.0,9.0
2026,11,2026-05-22,Judd,McVee,Fremantle,INT,2.0,236.0,1.0,4.0,4.0,0.0,1.0,0.0,75.0,12.0
2026,11,2026-05-22,Nathan,O'Driscoll,Fremantle,INT,4.0,243.0,6.0,16.0,5.0,1.0,7.0,0.0,63.0,17.0
2026,11,2026-05-22,Murphy,Reid,Fremantle,HFFL,14.0,354.0,5.0,20.0,2.0,2.0,8.0,1.0,76.7,23.0
2026,11,2026-05-22,Luke,Ryan,Fremantle,CHB,3.0,303.0,8.0,7.0,2.0,0.0,7.0,0.0,95.8,23.0
2026,11,2026-05-22,Christopher,Scerri,Fremantle,INT,4.0,116.0,2.0,15.0,1.0,0.0,4.0,2.0,87.5,7.0
2026,11,2026-05-22,Sam,Switkowski,Fremantle,HFFR,3.0,100.0,0.0,17.0,2.0,0.0,4.0,3.0,57.1,4.0
2026,11,2026-05-22,Josh,Treacy,Fremantle,FPR,9.0,321.0,3.0,12.0,2.0,0.0,4.0,0.0,73.7,14.0
2026,11,2026-05-22,Patrick,Voss,Fremantle,FPL,6.0,135.0,0.0,9.0,2.0,0.0,3.0,2.0,72.7,8.0
2026,11,2026-05-22,Corey,Wagner,Fremantle,WR,4.0,411.0,2.0,15.0,0.0,0.0,2.0,0.0,73.3,11.0
2026,11,2026-05-22,Karl,Worner,Fremantle,HBFR,4.0,519.0,6.0,7.0,6.0,1.0,7.0,0.0,76.0,19.0
2026,11,2026-05-22,Charlie,Banfield,St Kilda,INT,1.0,238.0,4.0,15.0,3.0,0.0,4.0,0.0,90.9,10.0
2026,11,2026-05-22,Ryan,Byrnes,St Kilda,FPL,1.0,150.0,0.0,7.0,4.0,0.0,4.0,0.0,66.7,8.0
2026,11,2026-05-22,Anthony,Caminiti,St Kilda,BPR,1.0,76.0,4.0,9.0,6.0,0.0,6.0,0.0,72.7,8.0
2026,11,2026-05-22,Jack,Carroll,St Kilda,INT,1.0,295.0,4.0,8.0,3.0,0.0,3.0,0.0,83.3,10.0
2026,11,2026-05-22,Tom,De Koning,St Kilda,RK,4.0,216.0,2.0,6.0,2.0,2.0,3.0,0.0,87.5,7.0
2026,11,2026-05-22,Sam,Flanders,St Kilda,RR,3.0,347.0,3.0,17.0,7.0,0.0,4.0,0.0,76.0,19.0
2026,11,2026-05-22,Hugo,Garcia,St Kilda,HFFL,2.0,151.0,1.0,17.0,2.0,0.0,4.0,1.0,60.0,6.0
2026,11,2026-05-22,Max,Hall,St Kilda,C,9.0,379.0,0.0,22.0,3.0,4.0,9.0,0.0,76.0,19.0
2026,11,2026-05-22,Liam,Henry,St Kilda,INT,3.0,52.0,3.0,6.0,3.0,0.0,2.0,1.0,44.4,4.0
2026,11,2026-05-22,Bradley,Hill,St Kilda,CHB,4.0,344.0,4.0,18.0,4.0,0.0,3.0,0.0,63.2,12.0
2026,11,2026-05-22,Dougal,Howard,St Kilda,FPR,1.0,0.0,3.0,1.0,0.0,0.0,0.0,0.0,88.9,8.0
2026,11,2026-05-22,Jack,Macrae,St Kilda,INT,4.0,238.0,0.0,12.0,4.0,1.0,5.0,0.0,50.0,9.0
2026,11,2026-05-22,Rowan,Marshall,St Kilda,INT,3.0,174.0,1.0,13.0,0.0,3.0,4.0,0.0,78.6,11.0
2026,11,2026-05-22,Liam,O'Connell,St Kilda,HBFR,1.0,230.0,3.0,15.0,3.0,0.0,2.0,1.0,60.0,6.0
2026,11,2026-05-22,Mattaes,Phillipou,St Kilda,CHF,6.0,307.0,2.0,27.0,1.0,0.0,7.0,1.0,78.9,15.0
2026,11,2026-05-22,Cooper,Sharman,St Kilda,FF,4.0,193.0,1.0,16.0,4.0,0.0,2.0,0.0,45.5,5.0
2026,11,2026-05-22,Jack,Silvagni,St Kilda,BPL,2.0,106.0,9.0,4.0,2.0,0.0,5.0,0.0,75.0,12.0
2026,11,2026-05-22,Jack,Sinclair,St Kilda,R,5.0,644.0,1.0,19.0,5.0,1.0,5.0,0.0,75.9,22.0
2026,11,2026-05-22,Liam,Stocker,St Kilda,HBFL,0.0,264.0,5.0,14.0,4.0,0.0,2.0,0.0,58.3,7.0
2026,11,2026-05-22,Callum,Wilkie,St Kilda,FB,2.0,383.0,8.0,7.0,3.0,0.0,3.0,0.0,90.5,19.0
2026,11,2026-05-22,Darcy,Wilson,St Kilda,WR,5.0,289.0,3.0,12.0,4.0,0.0,7.0,0.0,68.4,13.0
2026,11,2026-05-22,Marcus,Windhager,St Kilda,WL,3.0,216.0,2.0,17.0,3.0,1.0,3.0,0.0,81.3,13.0
2026,11,2026-05-22,Mason,Wood,St Kilda,HFFR,8.0,196.0,0.0,7.0,2.0,0.0,5.0,0.0,60.0,9.0
2026,11,2026-05-23,Charlie,Comben,North Melbourne,BPR,3.0,250.0,10.0,2.0,3.0,0.0,2.0,0.0,83.3,10.0
2026,11,2026-05-23,Paul,Curtis,North Melbourne,HFFL,7.0,206.0,0.0,19.0,1.0,1.0,3.0,2.0,66.7,8.0
2026,11,2026-05-23,Caleb,Daniel,North Melbourne,CHB,4.0,407.0,5.0,6.0,2.0,0.0,6.0,0.0,91.7,22.0
2026,11,2026-05-23,Jack,Darling,North Melbourne,INT,9.0,254.0,1.0,1.0,0.0,0.0,1.0,0.0,75.0,9.0
2026,11,2026-05-23,Luke,Davies-Uniacke,North Melbourne,RR,10.0,444.0,1.0,19.0,4.0,3.0,4.0,2.0,90.0,27.0
2026,11,2026-05-23,Wil,Dawson,North Melbourne,INT,2.0,-1.0,0.0,7.0,0.0,1.0,0.0,0.0,100.0,2.0
2026,11,2026-05-23,Zane,Duursma,North Melbourne,FPR,4.0,99.0,0.0,6.0,0.0,0.0,2.0,0.0,88.9,8.0
2026,11,2026-05-23,Riley,Hardeman,North Melbourne,INT,3.0,303.0,1.0,2.0,6.0,0.0,1.0,0.0,81.8,9.0
2026,11,2026-05-23,Jacob,Konstanty,North Melbourne,HFFR,6.0,182.0,0.0,11.0,2.0,1.0,4.0,2.0,83.3,10.0
2026,11,2026-05-23,Nick,Larkey,North Melbourne,FF,4.0,120.0,0.0,2.0,2.0,0.0,2.0,0.0,50.0,4.0
2026,11,2026-05-23,Griffin,Logue,North Melbourne,FB,0.0,151.0,6.0,4.0,3.0,0.0,1.0,0.0,77.8,7.0
2026,11,2026-05-23,Luke,McDonald,North Melbourne,BPL,3.0,111.0,3.0,11.0,0.0,0.0,2.0,0.0,100.0,9.0
2026,11,2026-05-23,Colby,McKercher,North Melbourne,HBFL,5.0,433.0,0.0,10.0,3.0,0.0,3.0,0.0,83.3,15.0
2026,11,2026-05-23,Finn,O'Sullivan,North Melbourne,C,10.0,408.0,2.0,28.0,0.0,0.0,4.0,0.0,88.5,23.0
2026,11,2026-05-23,Luke,Parker,North Melbourne,HBFR,5.0,414.0,1.0,5.0,3.0,0.0,2.0,0.0,85.0,17.0
2026,11,2026-05-23,Harry,Sheezel,North Melbourne,R,11.0,413.0,2.0,28.0,3.0,4.0,6.0,2.0,84.4,27.0
2026,11,2026-05-23,Jy,Simpkin,North Melbourne,WL,10.0,523.0,2.0,13.0,2.0,0.0,1.0,0.0,82.8,24.0
2026,11,2026-05-23,Charlie,Spargo,North Melbourne,INT,7.0,117.0,1.0,11.0,0.0,0.0,5.0,0.0,85.7,12.0
2026,11,2026-05-23,Dylan,Stephens,North Melbourne,WR,2.0,188.0,1.0,4.0,4.0,0.0,1.0,0.0,84.6,11.0
2026,11,2026-05-23,Cooper,Trembath,North Melbourne,CHF,4.0,114.0,0.0,14.0,0.0,1.0,0.0,1.0,100.0,6.0
2026,11,2026-05-23,George,Wardlaw,North Melbourne,INT,7.0,246.0,2.0,19.0,3.0,2.0,7.0,0.0,84.2,16.0
2026,11,2026-05-23,Tristan,Xerri,North Melbourne,RK,6.0,86.0,5.0,15.0,0.0,0.0,3.0,2.0,83.3,10.0
2026,11,2026-05-23,Cameron,Zurhaar,North Melbourne,FPL,7.0,354.0,1.0,2.0,3.0,0.0,2.0,1.0,66.7,10.0
2026,11,2026-05-23,Oscar,Adams,Gold Coast SUNS,BPL,2.0,28.0,1.0,12.0,0.0,0.0,0.0,0.0,100.0,5.0
2026,11,2026-05-23,Noah,Anderson,Gold Coast SUNS,RR,8.0,739.0,1.0,14.0,3.0,4.0,5.0,0.0,61.3,19.0
2026,11,2026-05-23,Mac,Andrew,Gold Coast SUNS,BPR,0.0,170.0,4.0,6.0,1.0,0.0,3.0,0.0,91.7,11.0
2026,11,2026-05-23,Sam,Clohesy,Gold Coast SUNS,WL,4.0,86.0,2.0,14.0,1.0,0.0,3.0,1.0,81.8,9.0
2026,11,2026-05-23,Sam,Collins,Gold Coast SUNS,FB,1.0,179.0,9.0,3.0,2.0,0.0,5.0,0.0,80.0,12.0
2026,11,2026-05-23,Lachlan,Gulbin,Gold Coast SUNS,CHF,3.0,177.0,3.0,10.0,2.0,0.0,2.0,1.0,70.0,7.0
2026,11,2026-05-23,Nick,Holman,Gold Coast SUNS,INT,3.0,36.0,0.0,12.0,0.0,0.0,3.0,0.0,66.7,4.0
2026,11,2026-05-23,Bailey,Humphrey,Gold Coast SUNS,HFFL,9.0,288.0,1.0,13.0,1.0,1.0,2.0,3.0,76.9,10.0
2026,11,2026-05-23,Joel,Jeffrey,Gold Coast SUNS,INT,1.0,385.0,2.0,5.0,2.0,0.0,0.0,0.0,92.9,13.0
2026,11,2026-05-23,Ben,King,Gold Coast SUNS,FF,2.0,119.0,0.0,3.0,1.0,0.0,1.0,0.0,100.0,4.0
2026,11,2026-05-23,Leonardo,Lombard,Gold Coast SUNS,INT,3.0,161.0,1.0,17.0,0.0,1.0,4.0,2.0,75.0,9.0
2026,11,2026-05-23,Ben,Long,Gold Coast SUNS,FPR,7.0,259.0,2.0,3.0,4.0,0.0,3.0,0.0,75.0,9.0
2026,11,2026-05-23,Touk,Miller,Gold Coast SUNS,HFFR,8.0,189.0,1.0,13.0,1.0,2.0,2.0,2.0,77.3,17.0
2026,11,2026-05-23,Ned,Moyle,Gold Coast SUNS,RK,9.0,61.0,1.0,8.0,2.0,0.0,4.0,1.0,50.0,4.0
2026,11,2026-05-23,John,Noble,Gold Coast SUNS,WR,4.0,277.0,2.0,14.0,0.0,0.0,2.0,0.0,88.2,15.0
2026,11,2026-05-23,Christian,Petracca,Gold Coast SUNS,C,6.0,449.0,2.0,9.0,7.0,4.0,9.0,1.0,75.0,21.0
2026,11,2026-05-23,Wil,Powell,Gold Coast SUNS,CHB,4.0,314.0,2.0,5.0,2.0,0.0,5.0,0.0,93.8,15.0
2026,11,2026-05-23,Daniel,Rioli,Gold Coast SUNS,HBFR,3.0,346.0,2.0,12.0,5.0,0.0,3.0,0.0,76.5,13.0
2026,11,2026-05-23,Matt,Rowell,Gold Coast SUNS,R,9.0,439.0,0.0,25.0,5.0,5.0,4.0,0.0,77.4,24.0
2026,11,2026-05-23,Bodhi,Uwland,Gold Coast SUNS,HBFL,2.0,141.0,5.0,4.0,2.0,0.0,5.0,0.0,80.0,12.0
2026,11,2026-05-23,Zeke,Uwland,Gold Coast SUNS,INT,4.0,467.0,2.0,3.0,2.0,0.0,1.0,0.0,66.7,8.0
2026,11,2026-05-23,Jed,Walter,Gold Coast SUNS,FPL,4.0,85.0,0.0,9.0,1.0,0.0,0.0,2.0,66.7,4.0
2026,11,2026-05-23,Jarrod,Witts,Gold Coast SUNS,INT,5.0,92.0,1.0,2.0,0.0,2.0,1.0,0.0,85.7,6.0
2026,11,2026-05-23,Tom,Atkins,Geelong Cats,INT,2.0,178.0,3.0,26.0,3.0,0.0,5.0,0.0,69.2,9.0
2026,11,2026-05-23,Mark,Blicavs,Geelong Cats,WL,3.0,168.0,1.0,14.0,0.0,0.0,5.0,0.0,91.7,11.0
2026,11,2026-05-23,Jeremy,Cameron,Geelong Cats,HFFL,7.0,516.0,3.0,7.0,4.0,0.0,1.0,1.0,66.7,14.0
2026,11,2026-05-23,Brad,Close,Geelong Cats,INT,4.0,254.0,0.0,27.0,1.0,0.0,3.0,0.0,55.6,5.0
2026,11,2026-05-23,Patrick,Dangerfield,Geelong Cats,INT,6.0,161.0,2.0,13.0,1.0,1.0,7.0,1.0,53.3,8.0
2026,11,2026-05-23,Sam,De Koning,Geelong Cats,BPR,9.0,106.0,9.0,16.0,1.0,1.0,5.0,0.0,68.8,11.0
2026,11,2026-05-23,Oliver,Dempsey,Geelong Cats,HFFR,5.0,361.0,3.0,12.0,4.0,1.0,6.0,0.0,82.6,19.0
2026,11,2026-05-23,Mitchell,Edwards,Geelong Cats,RK,4.0,175.0,2.0,10.0,2.0,2.0,4.0,0.0,83.3,10.0
2026,11,2026-05-23,Zach,Guthrie,Geelong Cats,CHB,7.0,435.0,7.0,15.0,3.0,0.0,2.0,0.0,85.7,18.0
2026,11,2026-05-23,Jack,Henry,Geelong Cats,HBFR,5.0,80.0,0.0,12.0,3.0,0.0,2.0,2.0,50.0,4.0
2026,11,2026-05-23,Oliver,Henry,Geelong Cats,FPL,6.0,237.0,1.0,18.0,4.0,0.0,4.0,2.0,41.7,5.0
2026,11,2026-05-23,Max,Holmes,Geelong Cats,RR,9.0,712.0,3.0,14.0,5.0,5.0,6.0,0.0,80.0,28.0
2026,11,2026-05-23,Lawson,Humphries,Geelong Cats,WR,8.0,811.0,9.0,11.0,6.0,0.0,6.0,0.0,87.9,29.0
2026,11,2026-05-23,Jake,Kolodjashnij,Geelong Cats,INT,1.0,178.0,5.0,6.0,2.0,0.0,4.0,0.0,91.7,11.0
2026,11,2026-05-23,Shaun,Mannagh,Geelong Cats,CHF,6.0,440.0,0.0,11.0,7.0,0.0,4.0,0.0,46.7,7.0
2026,11,2026-05-23,Jack,Martin,Geelong Cats,FPR,4.0,200.0,0.0,11.0,2.0,0.0,4.0,1.0,43.8,7.0
2026,11,2026-05-23,Gryan,Miers,Geelong Cats,INT,8.0,352.0,0.0,10.0,3.0,0.0,2.0,0.0,83.3,20.0
2026,11,2026-05-23,Oisin,Mullin,Geelong Cats,R,4.0,379.0,1.0,10.0,6.0,1.0,8.0,0.0,73.7,14.0
2026,11,2026-05-23,Shannon,Neale,Geelong Cats,FF,7.0,153.0,2.0,10.0,3.0,0.0,5.0,0.0,63.6,7.0
2026,11,2026-05-23,Mark,O'Connor,Geelong Cats,HBFL,3.0,224.0,5.0,5.0,0.0,0.0,3.0,0.0,94.4,17.0
2026,11,2026-05-23,Connor,O'Sullivan,Geelong Cats,BPL,6.0,277.0,8.0,7.0,1.0,0.0,3.0,0.0,93.8,15.0
2026,11,2026-05-23,Bailey,Smith,Geelong Cats,C,8.0,353.0,0.0,19.0,2.0,3.0,9.0,0.0,81.3,26.0
2026,11,2026-05-23,Tom,Stewart,Geelong Cats,FB,4.0,322.0,8.0,9.0,2.0,0.0,3.0,0.0,88.2,15.0
2026,11,2026-05-23,Brodie,Grundy,Sydney Swans,RK,7.0,113.0,3.0,12.0,4.0,4.0,10.0,0.0,66.7,10.0
2026,11,2026-05-23,Tom,Hanily,Sydney Swans,INT,1.0,104.0,0.0,10.0,3.0,0.0,0.0,1.0,75.0,6.0
2026,11,2026-05-23,Joel,Amartey,Sydney Swans,FPL,7.0,178.0,0.0,7.0,2.0,0.0,1.0,0.0,75.0,6.0
2026,11,2026-05-23,Riley,Bice,Sydney Swans,INT,3.0,689.0,10.0,13.0,6.0,0.0,9.0,0.0,82.4,28.0
2026,11,2026-05-23,Nick,Blakey,Sydney Swans,CHB,4.0,473.0,6.0,13.0,5.0,0.0,4.0,0.0,68.2,15.0
2026,11,2026-05-23,Caiden,Cleary,Sydney Swans,CHF,7.0,168.0,0.0,13.0,0.0,0.0,4.0,0.0,57.1,8.0
2026,11,2026-05-23,Charlie,Curnow,Sydney Swans,FF,4.0,234.0,1.0,5.0,1.0,0.0,1.0,0.0,100.0,10.0
2026,11,2026-05-23,William,Edwards,Sydney Swans,BPL,1.0,253.0,7.0,4.0,4.0,0.0,4.0,0.0,76.5,13.0
2026,11,2026-05-23,Isaac,Heeney,Sydney Swans,RR,5.0,281.0,4.0,23.0,6.0,3.0,8.0,1.0,69.6,16.0
2026,11,2026-05-23,James,Jordon,Sydney Swans,INT,1.0,104.0,1.0,25.0,3.0,1.0,8.0,0.0,57.1,8.0
2026,11,2026-05-23,Jake,Lloyd,Sydney Swans,HFFR,2.0,592.0,3.0,18.0,4.0,0.0,4.0,0.0,79.2,19.0
2026,11,2026-05-23,Tom,McCartin,Sydney Swans,FB,3.0,344.0,6.0,17.0,4.0,0.0,2.0,0.0,61.1,11.0
2026,11,2026-05-23,Logan,McDonald,Sydney Swans,INT,5.0,204.0,1.0,19.0,1.0,0.0,1.0,0.0,70.0,7.0
2026,11,2026-05-23,Justin,McInerney,Sydney Swans,R,7.0,270.0,0.0,15.0,2.0,0.0,1.0,1.0,72.2,13.0
2026,11,2026-05-23,Lewis,Melican,Sydney Swans,BPR,2.0,285.0,8.0,5.0,1.0,0.0,4.0,0.0,88.9,16.0
2026,11,2026-05-23,Callum,Mills,Sydney Swans,HBFR,2.0,651.0,4.0,9.0,4.0,0.0,2.0,0.0,83.3,20.0
2026,11,2026-05-23,Tom,Papley,Sydney Swans,FPR,4.0,111.0,1.0,16.0,1.0,0.0,1.0,1.0,60.0,3.0
2026,11,2026-05-23,Malcolm,Rosas,Sydney Swans,HFFL,0.0,79.0,1.0,9.0,3.0,0.0,1.0,0.0,0.0,0.0
2026,11,2026-05-23,James,Rowbottom,Sydney Swans,WR,5.0,93.0,2.0,22.0,2.0,1.0,8.0,2.0,71.4,10.0
2026,11,2026-05-23,Jai,Serong,Sydney Swans,WL,3.0,380.0,5.0,13.0,4.0,0.0,5.0,0.0,76.9,20.0
2026,11,2026-05-23,Angus,Sheldrick,Sydney Swans,INT,3.0,413.0,0.0,16.0,7.0,0.0,4.0,2.0,57.1,8.0
2026,11,2026-05-23,Chad,Warner,Sydney Swans,C,2.0,273.0,0.0,27.0,2.0,0.0,1.0,2.0,45.5,5.0
2026,11,2026-05-23,Sam,Wicks,Sydney Swans,HBFL,2.0,323.0,3.0,13.0,2.0,0.0,4.0,0.0,50.0,8.0
2026,11,2026-05-23,Edward,Allan,Collingwood,INT,1.0,128.0,2.0,32.0,0.0,0.0,2.0,1.0,55.6,5.0
2026,11,2026-05-23,Darcy,Cameron,Collingwood,RK,4.0,265.0,5.0,13.0,4.0,2.0,8.0,1.0,60.7,17.0
2026,11,2026-05-23,Jack,Crisp,Collingwood,RR,3.0,406.0,4.0,19.0,4.0,1.0,9.0,1.0,60.7,17.0
2026,11,2026-05-23,Josh,Daicos,Collingwood,CHB,8.0,239.0,2.0,17.0,3.0,0.0,5.0,1.0,72.2,13.0
2026,11,2026-05-23,Nick,Daicos,Collingwood,CHF,14.0,578.0,3.0,14.0,7.0,2.0,7.0,0.0,50.0,17.0
2026,11,2026-05-23,Jordan,De Goey,Collingwood,R,8.0,452.0,1.0,14.0,2.0,0.0,5.0,0.0,76.0,19.0
2026,11,2026-05-23,Jamie,Elliott,Collingwood,FF,9.0,210.0,0.0,9.0,0.0,0.0,1.0,4.0,80.0,8.0
2026,11,2026-05-23,Billy,Frampton,Collingwood,BPL,1.0,304.0,5.0,9.0,1.0,0.0,1.0,0.0,100.0,12.0
2026,11,2026-05-23,William,Hayes,Collingwood,INT,3.0,120.0,0.0,11.0,2.0,0.0,0.0,3.0,66.7,4.0
2026,11,2026-05-23,Dan,Houston,Collingwood,HBFL,2.0,175.0,4.0,16.0,3.0,0.0,2.0,0.0,92.3,12.0
2026,11,2026-05-23,Jeremy,Howe,Collingwood,FB,4.0,333.0,5.0,8.0,2.0,0.0,2.0,0.0,86.7,13.0
2026,11,2026-05-23,Patrick,Lipinski,Collingwood,INT,5.0,257.0,2.0,18.0,3.0,0.0,4.0,1.0,73.7,14.0
2026,11,2026-05-23,Ned,Long,Collingwood,INT,2.0,83.0,0.0,9.0,2.0,0.0,3.0,1.0,50.0,5.0
2026,11,2026-05-23,Brayden,Maynard,Collingwood,INT,1.0,155.0,5.0,13.0,3.0,0.0,2.0,0.0,83.3,10.0
2026,11,2026-05-23,Beau,McCreery,Collingwood,HFFR,8.0,398.0,3.0,19.0,1.0,0.0,3.0,2.0,83.3,15.0
2026,11,2026-05-23,Daniel,McStay,Collingwood,FPL,4.0,148.0,1.0,11.0,3.0,0.0,2.0,0.0,85.7,6.0
2026,11,2026-05-23,Darcy,Moore,Collingwood,BPR,2.0,110.0,4.0,6.0,0.0,0.0,0.0,0.0,100.0,5.0
2026,11,2026-05-23,Scott,Pendlebury,Collingwood,C,5.0,147.0,1.0,13.0,6.0,4.0,6.0,0.0,65.0,13.0
2026,11,2026-05-23,Isaac,Quaynor,Collingwood,HBFR,3.0,291.0,8.0,15.0,1.0,0.0,5.0,0.0,89.5,17.0
2026,11,2026-05-23,Lachie,Schultz,Collingwood,HFFL,7.0,296.0,1.0,16.0,1.0,0.0,5.0,4.0,70.6,12.0
2026,11,2026-05-23,Steele,Sidebottom,Collingwood,WR,4.0,140.0,7.0,19.0,2.0,0.0,6.0,0.0,87.5,14.0
2026,11,2026-05-23,Roan,Steele,Collingwood,WL,5.0,340.0,1.0,12.0,2.0,0.0,1.0,0.0,58.3,7.0
2026,11,2026-05-23,Charlie,West,Collingwood,FPR,2.0,74.0,0.0,13.0,0.0,0.0,2.0,2.0,75.0,3.0
2026,11,2026-05-23,Bo,Allan,West Coast Eagles,HFFR,1.0,75.0,4.0,7.0,0.0,0.0,5.0,0.0,91.7,11.0
2026,11,2026-05-23,Liam,Baker,West Coast Eagles,HBFR,2.0,155.0,2.0,13.0,2.0,0.0,1.0,0.0,85.7,12.0
2026,11,2026-05-23,Rhett,Bazzo,West Coast Eagles,HBFL,5.0,189.0,3.0,9.0,0.0,0.0,2.0,0.0,83.3,10.0
2026,11,2026-05-23,Malakai,Champion,West Coast Eagles,FPL,2.0,108.0,0.0,8.0,2.0,0.0,2.0,0.0,83.3,10.0
2026,11,2026-05-23,Tom,Cole,West Coast Eagles,BPR,4.0,308.0,0.0,19.0,5.0,0.0,2.0,1.0,66.7,8.0
2026,11,2026-05-23,Hamish,Davis,West Coast Eagles,WL,4.0,292.0,2.0,7.0,2.0,0.0,6.0,0.0,65.2,15.0
2026,11,2026-05-23,Liam,Duggan,West Coast Eagles,BPL,4.0,309.0,3.0,13.0,2.0,0.0,0.0,0.0,78.9,15.0
2026,11,2026-05-23,Willem,Duursma,West Coast Eagles,HFFL,7.0,482.0,2.0,19.0,4.0,0.0,5.0,0.0,82.4,14.0
2026,11,2026-05-23,Reuben,Ginbey,West Coast Eagles,FB,5.0,61.0,10.0,8.0,3.0,0.0,4.0,0.0,89.5,17.0
2026,11,2026-05-23,Brady,Hough,West Coast Eagles,INT,4.0,130.0,1.0,10.0,1.0,0.0,3.0,0.0,92.3,12.0
2026,11,2026-05-23,Harvey,Johnston,West Coast Eagles,INT,5.0,138.0,1.0,14.0,4.0,0.0,3.0,0.0,76.9,10.0
2026,11,2026-05-23,Tim,Kelly,West Coast Eagles,R,5.0,463.0,0.0,14.0,3.0,2.0,4.0,0.0,73.7,14.0
2026,11,2026-05-23,Josh,Lindsay,West Coast Eagles,INT,6.0,423.0,2.0,8.0,5.0,0.0,1.0,0.0,85.0,17.0
2026,11,2026-05-23,Ryan,Maric,West Coast Eagles,WR,3.0,325.0,2.0,11.0,1.0,0.0,3.0,0.0,75.0,15.0
2026,11,2026-05-23,Tom,McCarthy,West Coast Eagles,INT,5.0,445.0,8.0,11.0,4.0,0.0,8.0,0.0,90.0,27.0
2026,11,2026-05-23,Milan,Murdock,West Coast Eagles,FPR,7.0,144.0,2.0,11.0,1.0,1.0,10.0,0.0,68.2,15.0
2026,11,2026-05-23,Harley,Reid,West Coast Eagles,RR,5.0,325.0,1.0,20.0,5.0,2.0,7.0,0.0,75.0,15.0
2026,11,2026-05-23,Jobe,Shanahan,West Coast Eagles,CHF,5.0,199.0,1.0,3.0,1.0,0.0,2.0,0.0,81.8,9.0
2026,11,2026-05-23,Jake,Waterman,West Coast Eagles,FF,7.0,176.0,0.0,4.0,0.0,0.0,1.0,0.0,70.0,7.0
2026,11,2026-05-23,Bailey J.,Williams,West Coast Eagles,RK,6.0,460.0,3.0,18.0,7.0,5.0,5.0,0.0,65.0,13.0
2026,11,2026-05-23,Jack,Williams,West Coast Eagles,INT,4.0,70.0,2.0,13.0,3.0,2.0,6.0,1.0,71.4,15.0
2026,11,2026-05-23,Elliot,Yeo,West Coast Eagles,C,5.0,266.0,1.0,25.0,6.0,1.0,5.0,1.0,43.8,7.0
2026,11,2026-05-23,Tylar,Young,West Coast Eagles,CHB,2.0,201.0,2.0,8.0,1.0,0.0,2.0,0.0,92.3,12.0
2026,11,2026-05-23,Aliir,Aliir,Port Adelaide,CHB,0.0,81.0,4.0,6.0,0.0,0.0,1.0,0.0,87.5,7.0
2026,11,2026-05-23,Tom,Anastasopoulos,Port Adelaide,INT,2.0,186.0,2.0,8.0,4.0,0.0,0.0,0.0,60.0,6.0
2026,11,2026-05-23,Joe,Berry,Port Adelaide,HFFR,4.0,205.0,5.0,12.0,4.0,0.0,7.0,0.0,86.7,13.0
2026,11,2026-05-23,Jase,Burgoyne,Port Adelaide,BPR,3.0,233.0,6.0,6.0,5.0,0.0,7.0,0.0,81.8,18.0
2026,11,2026-05-23,Zak,Butters,Port Adelaide,RR,8.0,658.0,5.0,14.0,5.0,1.0,7.0,0.0,67.9,19.0
2026,11,2026-05-23,Darcy,Byrne-Jones,Port Adelaide,HBFL,0.0,224.0,3.0,15.0,1.0,0.0,4.0,0.0,85.7,12.0
2026,11,2026-05-23,Willem,Drew,Port Adelaide,R,6.0,247.0,3.0,28.0,4.0,2.0,5.0,0.0,64.7,11.0
2026,11,2026-05-23,Corey,Durdin,Port Adelaide,FPL,7.0,144.0,1.0,5.0,0.0,0.0,0.0,1.0,81.8,9.0
2026,11,2026-05-23,Logan,Evans,Port Adelaide,BPL,2.0,559.0,4.0,11.0,4.0,0.0,3.0,0.0,90.5,19.0
2026,11,2026-05-23,Kane,Farrell,Port Adelaide,HBFR,2.0,296.0,1.0,10.0,2.0,0.0,2.0,0.0,92.3,12.0
2026,11,2026-05-23,Mitch,Georgiades,Port Adelaide,CHF,4.0,177.0,0.0,9.0,2.0,0.0,1.0,1.0,66.7,6.0
2026,11,2026-05-23,Jason,Horne-Francis,Port Adelaide,C,6.0,600.0,5.0,16.0,9.0,4.0,9.0,0.0,56.3,18.0
2026,11,2026-05-23,Josh,Lai,Port Adelaide,INT,2.0,203.0,8.0,3.0,3.0,0.0,3.0,0.0,80.0,8.0
2026,11,2026-05-23,Ewan,Mackinlay,Port Adelaide,WL,4.0,237.0,3.0,20.0,5.0,0.0,7.0,1.0,64.3,9.0
2026,11,2026-05-23,Todd,Marshall,Port Adelaide,HFFL,4.0,157.0,1.0,6.0,2.0,0.0,0.0,0.0,50.0,3.0
2026,11,2026-05-23,Christian,Moraes,Port Adelaide,INT,5.0,110.0,1.0,6.0,2.0,0.0,2.0,0.0,81.8,9.0
2026,11,2026-05-23,Esava,Ratugolea,Port Adelaide,FB,1.0,127.0,4.0,3.0,1.0,0.0,0.0,0.0,88.9,8.0
2026,11,2026-05-23,Joe,Richards,Port Adelaide,FPR,5.0,292.0,2.0,21.0,3.0,2.0,7.0,2.0,73.9,17.0
2026,11,2026-05-23,Jordon,Sweet,Port Adelaide,RK,4.0,264.0,0.0,10.0,2.0,1.0,1.0,0.0,60.0,6.0
2026,11,2026-05-23,Jack,Watkins,Port Adelaide,INT,1.0,201.0,1.0,10.0,4.0,0.0,3.0,1.0,64.3,9.0
2026,11,2026-05-23,Jacob,Wehr,Port Adelaide,WR,1.0,246.0,4.0,7.0,6.0,0.0,3.0,0.0,63.6,7.0
2026,11,2026-05-23,Jack,Whitlock,Port Adelaide,FF,5.0,174.0,0.0,7.0,3.0,0.0,2.0,0.0,58.3,7.0
2026,11,2026-05-23,Ollie,Wines,Port Adelaide,INT,0.0,-7.0,0.0,8.0,1.0,1.0,3.0,1.0,60.0,3.0
2026,11,2026-05-23,Ben,Ainsworth,Carlton,FPR,6.0,232.0,0.0,5.0,0.0,0.0,4.0,1.0,88.2,15.0
2026,11,2026-05-23,Talor,Byrne,Carlton,INT,4.0,161.0,1.0,15.0,2.0,0.0,1.0,0.0,62.5,5.0
2026,11,2026-05-23,Matthew,Carroll,Carlton,WR,0.0,0.0,0.0,1.0,0.0,0.0,0.0,0.0,0.0,0.0
2026,11,2026-05-23,Adam,Cerra,Carlton,WL,4.0,265.0,4.0,8.0,5.0,0.0,5.0,0.0,70.6,12.0
2026,11,2026-05-23,Lachlan,Cowan,Carlton,BPR,2.0,206.0,8.0,10.0,3.0,0.0,3.0,0.0,85.7,12.0
2026,11,2026-05-23,Patrick,Cripps,Carlton,R,10.0,272.0,4.0,12.0,7.0,2.0,11.0,0.0,50.0,16.0
2026,11,2026-05-23,Harry,Dean,Carlton,CHB,3.0,309.0,6.0,4.0,1.0,0.0,1.0,0.0,83.3,10.0
2026,11,2026-05-23,Wade,Derksen,Carlton,FB,2.0,252.0,3.0,7.0,2.0,0.0,1.0,0.0,73.3,11.0
2026,11,2026-05-23,Francis,Evans,Carlton,HFFR,8.0,266.0,3.0,16.0,1.0,1.0,3.0,0.0,78.9,15.0
2026,11,2026-05-23,Oliver,Florent,Carlton,BPL,7.0,567.0,4.0,11.0,6.0,0.0,2.0,0.0,84.6,22.0
2026,11,2026-05-23,Nick,Haynes,Carlton,HBFR,2.0,142.0,9.0,4.0,2.0,0.0,4.0,0.0,83.3,15.0
2026,11,2026-05-23,Will,Hayward,Carlton,HFFL,5.0,532.0,3.0,16.0,5.0,0.0,3.0,0.0,84.2,16.0
2026,11,2026-05-23,George,Hewett,Carlton,INT,8.0,336.0,4.0,13.0,6.0,2.0,8.0,0.0,80.8,21.0
2026,11,2026-05-23,Jack,Ison,Carlton,INT,9.0,246.0,4.0,12.0,3.0,0.0,6.0,0.0,47.1,8.0
2026,11,2026-05-23,Brodie,Kemp,Carlton,CHF,6.0,161.0,2.0,1.0,2.0,0.0,5.0,0.0,85.7,12.0
2026,11,2026-05-23,Mitch,McGovern,Carlton,FPL,4.0,442.0,2.0,9.0,2.0,0.0,0.0,1.0,66.7,8.0
2026,11,2026-05-23,Harry,McKay,Carlton,FF,9.0,318.0,3.0,6.0,5.0,1.0,2.0,1.0,68.4,13.0
2026,11,2026-05-23,Nic,Newman,Carlton,HBFL,6.0,364.0,3.0,11.0,2.0,0.0,2.0,0.0,90.5,19.0
2026,11,2026-05-23,Marc,Pittonet,Carlton,RK,6.0,16.0,1.0,9.0,2.0,1.0,1.0,1.0,66.7,8.0
2026,11,2026-05-23,Jagga,Smith,Carlton,RR,15.0,248.0,4.0,4.0,1.0,3.0,8.0,1.0,85.2,23.0
2026,11,2026-05-23,Sam,Walsh,Carlton,C,8.0,291.0,1.0,18.0,3.0,1.0,3.0,0.0,85.7,24.0
2026,11,2026-05-23,Billy,Wilson,Carlton,INT,6.0,430.0,3.0,7.0,2.0,0.0,4.0,0.0,81.8,18.0
2026,11,2026-05-23,Flynn,Young,Carlton,INT,5.0,166.0,0.0,12.0,1.0,0.0,0.0,1.0,55.6,5.0
2026,11,2026-05-24,Lachie,Ash,GWS GIANTS,HBFR,8.0,764.0,2.0,7.0,5.0,0.0,5.0,0.0,71.4,20.0
2026,11,2026-05-24,Toby,Bedford,GWS GIANTS,FPL,7.0,379.0,2.0,21.0,2.0,0.0,5.0,4.0,72.0,18.0
2026,11,2026-05-24,Kieren,Briggs,GWS GIANTS,RK,8.0,251.0,2.0,7.0,5.0,4.0,6.0,1.0,50.0,10.0
2026,11,2026-05-24,Callum,Brown,GWS GIANTS,INT,8.0,378.0,1.0,12.0,5.0,0.0,3.0,2.0,44.4,8.0
2026,11,2026-05-24,Jack,Buckley,GWS GIANTS,FB,0.0,-6.0,1.0,1.0,0.0,0.0,1.0,0.0,0.0,0.0
2026,11,2026-05-24,Aaron,Cadman,GWS GIANTS,FF,9.0,256.0,2.0,18.0,1.0,0.0,3.0,5.0,85.7,12.0
2026,11,2026-05-24,Finn,Callaghan,GWS GIANTS,R,3.0,727.0,4.0,22.0,5.0,2.0,6.0,0.0,71.0,22.0
2026,11,2026-05-24,Stephen,Coniglio,GWS GIANTS,INT,5.0,287.0,1.0,19.0,3.0,2.0,7.0,1.0,71.4,15.0
2026,11,2026-05-24,Brent,Daniels,GWS GIANTS,RR,9.0,693.0,1.0,34.0,6.0,5.0,5.0,1.0,58.3,14.0
2026,11,2026-05-24,Joe,Fonti,GWS GIANTS,HBFL,3.0,181.0,5.0,13.0,2.0,0.0,4.0,0.0,86.7,13.0
2026,11,2026-05-24,Phoenix,Gothard,GWS GIANTS,CHF,8.0,298.0,3.0,20.0,3.0,1.0,12.0,6.0,69.0,20.0
2026,11,2026-05-24,Toby,Greene,GWS GIANTS,HFFL,12.0,388.0,3.0,9.0,6.0,0.0,9.0,1.0,61.9,13.0
2026,11,2026-05-24,Max,Gruzewski,GWS GIANTS,INT,8.0,157.0,0.0,2.0,0.0,0.0,4.0,0.0,54.5,6.0
2026,11,2026-05-24,Harry,Himmelberg,GWS GIANTS,INT,5.0,251.0,9.0,7.0,2.0,0.0,5.0,0.0,75.0,12.0
2026,11,2026-05-24,Connor,Idun,GWS GIANTS,BPR,4.0,153.0,7.0,9.0,3.0,0.0,3.0,0.0,94.1,16.0
2026,11,2026-05-24,Jayden,Laverde,GWS GIANTS,BPL,4.0,140.0,11.0,9.0,2.0,0.0,6.0,0.0,82.4,14.0
2026,11,2026-05-24,Toby,McMullin,GWS GIANTS,INT,5.0,250.0,6.0,13.0,1.0,0.0,7.0,0.0,85.0,17.0
2026,11,2026-05-24,Clayton,Oliver,GWS GIANTS,C,6.0,584.0,6.0,15.0,10.0,5.0,19.0,2.0,70.3,26.0
2026,11,2026-05-24,Harrison,Oliver,GWS GIANTS,CHB,2.0,108.0,1.0,7.0,1.0,0.0,2.0,0.0,60.0,6.0
2026,11,2026-05-24,Jake,Riccardi,GWS GIANTS,FPR,3.0,86.0,0.0,9.0,1.0,0.0,0.0,0.0,66.7,4.0
2026,11,2026-05-24,Conor,Stone,GWS GIANTS,WL,6.0,361.0,8.0,9.0,4.0,1.0,11.0,0.0,81.8,18.0
2026,11,2026-05-24,Jake,Stringer,GWS GIANTS,HFFR,11.0,411.0,4.0,10.0,1.0,0.0,4.0,2.0,69.2,9.0
2026,11,2026-05-24,Harvey,Thomas,GWS GIANTS,WR,3.0,159.0,0.0,15.0,2.0,0.0,2.0,1.0,78.6,11.0
2026,11,2026-05-24,Harris,Andrews,Brisbane Lions,FB,4.0,164.0,9.0,6.0,0.0,0.0,4.0,0.0,76.9,10.0
2026,11,2026-05-24,Levi,Ashcroft,Brisbane Lions,HFFR,4.0,385.0,3.0,15.0,7.0,0.0,5.0,0.0,54.2,13.0
2026,11,2026-05-24,Will,Ashcroft,Brisbane Lions,INT,5.0,295.0,4.0,18.0,6.0,2.0,5.0,1.0,66.7,14.0
2026,11,2026-05-24,Zac,Bailey,Brisbane Lions,WR,7.0,237.0,1.0,19.0,3.0,1.0,6.0,3.0,64.7,11.0
2026,11,2026-05-24,Charlie,Cameron,Brisbane Lions,HFFL,6.0,100.0,3.0,6.0,2.0,0.0,6.0,3.0,54.5,6.0
2026,11,2026-05-24,Keidean,Coleman,Brisbane Lions,BPL,3.0,382.0,6.0,12.0,2.0,0.0,4.0,0.0,93.3,14.0
2026,11,2026-05-24,Sam,Draper,Brisbane Lions,FPL,4.0,207.0,0.0,4.0,3.0,2.0,3.0,0.0,40.0,4.0
2026,11,2026-05-24,Josh,Dunkley,Brisbane Lions,RR,7.0,211.0,0.0,16.0,1.0,1.0,7.0,2.0,71.4,15.0
2026,11,2026-05-24,Jaspa,Fletcher,Brisbane Lions,INT,4.0,410.0,5.0,16.0,10.0,2.0,5.0,0.0,64.0,16.0
2026,11,2026-05-24,Darcy,Fort,Brisbane Lions,RK,5.0,227.0,1.0,16.0,4.0,1.0,5.0,1.0,58.3,7.0
2026,11,2026-05-24,Ty,Gallop,Brisbane Lions,CHB,1.0,208.0,6.0,19.0,4.0,0.0,3.0,0.0,70.0,7.0
2026,11,2026-05-24,Darcy,Gardiner,Brisbane Lions,BPR,1.0,237.0,8.0,10.0,3.0,0.0,6.0,0.0,73.3,11.0
2026,11,2026-05-24,Kai,Lohmann,Brisbane Lions,INT,6.0,245.0,1.0,20.0,2.0,0.0,4.0,1.0,78.6,11.0
2026,11,2026-05-24,Sam,Marshall,Brisbane Lions,INT,6.0,265.0,5.0,22.0,5.0,0.0,7.0,1.0,61.9,13.0
2026,11,2026-05-24,Hugh,McCluggage,Brisbane Lions,C,3.0,423.0,3.0,20.0,7.0,1.0,6.0,0.0,52.2,12.0
2026,11,2026-05-24,Conor,McKenna,Brisbane Lions,FPR,6.0,216.0,1.0,16.0,0.0,0.0,4.0,0.0,75.0,9.0
2026,11,2026-05-24,Will,McLachlan,Brisbane Lions,INT,1.0,54.0,0.0,10.0,1.0,0.0,1.0,0.0,75.0,3.0
2026,11,2026-05-24,Logan,Morris,Brisbane Lions,CHF,8.0,103.0,0.0,9.0,3.0,0.0,4.0,1.0,45.5,5.0
2026,11,2026-05-24,Lachie,Neale,Brisbane Lions,R,5.0,245.0,2.0,21.0,5.0,4.0,11.0,1.0,75.0,24.0
2026,11,2026-05-24,Cam,Rayner,Brisbane Lions,FF,7.0,369.0,2.0,10.0,1.0,1.0,5.0,1.0,52.9,9.0
2026,11,2026-05-24,Bruce,Reville,Brisbane Lions,WL,5.0,182.0,2.0,10.0,2.0,0.0,2.0,0.0,72.7,8.0
2026,11,2026-05-24,James,Tunstill,Brisbane Lions,HBFR,2.0,284.0,3.0,15.0,4.0,0.0,3.0,0.0,73.3,11.0
2026,11,2026-05-24,Darcy,Wilmot,Brisbane Lions,HBFL,3.0,525.0,5.0,13.0,2.0,0.0,4.0,0.0,88.9,24.0
2026,11,2026-05-24,Marcus,Bontempelli,Western Bulldogs,C,10.0,390.0,3.0,17.0,4.0,2.0,13.0,1.0,79.3,23.0
2026,11,2026-05-24,Lachlan,Bramble,Western Bulldogs,WL,2.0,227.0,6.0,10.0,4.0,0.0,5.0,0.0,70.6,12.0
2026,11,2026-05-24,Connor,Budarick,Western Bulldogs,HBFL,2.0,354.0,6.0,9.0,3.0,1.0,5.0,0.0,80.0,16.0
2026,11,2026-05-24,Luke,Cleary,Western Bulldogs,INT,1.0,19.0,1.0,3.0,0.0,0.0,1.0,0.0,100.0,3.0
2026,11,2026-05-24,Nick,Coffield,Western Bulldogs,BPL,2.0,237.0,3.0,10.0,2.0,0.0,2.0,0.0,82.4,14.0
2026,11,2026-05-24,Jordan,Croft,Western Bulldogs,CHF,3.0,62.0,0.0,14.0,2.0,0.0,3.0,1.0,85.7,6.0
2026,11,2026-05-24,Bailey,Dale,Western Bulldogs,HBFR,7.0,484.0,7.0,9.0,2.0,0.0,7.0,0.0,77.4,24.0
2026,11,2026-05-24,Joel,Freijah,Western Bulldogs,INT,7.0,233.0,4.0,13.0,4.0,0.0,8.0,0.0,77.8,14.0
2026,11,2026-05-24,Cooper,Hynes,Western Bulldogs,FPL,1.0,171.0,1.0,8.0,3.0,0.0,3.0,2.0,87.5,7.0
2026,11,2026-05-24,Lachie,Jaques,Western Bulldogs,INT,3.0,124.0,2.0,7.0,3.0,0.0,2.0,1.0,75.0,6.0
2026,11,2026-05-24,Arthur,Jones,Western Bulldogs,HFFR,8.0,297.0,1.0,10.0,3.0,0.0,2.0,0.0,58.3,7.0
2026,11,2026-05-24,Matthew,Kennedy,Western Bulldogs,RR,3.0,447.0,3.0,19.0,6.0,1.0,9.0,0.0,60.9,14.0
2026,11,2026-05-24,Buku,Khamis,Western Bulldogs,FB,2.0,133.0,8.0,6.0,2.0,0.0,6.0,0.0,90.9,10.0
2026,11,2026-05-24,Will,Lewis,Western Bulldogs,INT,6.0,311.0,5.0,8.0,2.0,0.0,3.0,1.0,45.5,5.0
2026,11,2026-05-24,Rory,Lobb,Western Bulldogs,RK,5.0,261.0,1.0,19.0,6.0,1.0,0.0,1.0,46.2,6.0
2026,11,2026-05-24,Lachlan,McNeil,Western Bulldogs,INT,3.0,60.0,2.0,9.0,3.0,1.0,5.0,3.0,70.0,7.0
2026,11,2026-05-24,Aaron,Naughton,Western Bulldogs,FF,8.0,316.0,1.0,8.0,2.0,0.0,7.0,0.0,61.1,11.0
2026,11,2026-05-24,James,O'Donnell,Western Bulldogs,CHB,3.0,389.0,5.0,6.0,3.0,0.0,4.0,0.0,81.8,9.0
2026,11,2026-05-24,Ed,Richards,Western Bulldogs,R,9.0,773.0,2.0,21.0,5.0,1.0,11.0,1.0,66.7,20.0
2026,11,2026-05-24,Ryley,Sanders,Western Bulldogs,HFFL,10.0,447.0,3.0,22.0,6.0,3.0,6.0,0.0,83.3,25.0
2026,11,2026-05-24,Michael,Sellwood,Western Bulldogs,BPR,2.0,215.0,2.0,6.0,4.0,0.0,0.0,0.0,60.0,6.0
2026,11,2026-05-24,Adam,Treloar,Western Bulldogs,WR,4.0,93.0,0.0,4.0,3.0,0.0,6.0,0.0,76.5,13.0
2026,11,2026-05-24,Rhylee,West,Western Bulldogs,FPR,5.0,191.0,1.0,15.0,3.0,1.0,4.0,1.0,58.3,7.0
2026,11,2026-05-24,Jake,Bowey,Melbourne,BPL,5.0,497.0,6.0,7.0,3.0,1.0,5.0,0.0,77.8,21.0
2026,11,2026-05-24,Kade,Chandler,Melbourne,FPL,6.0,413.0,1.0,22.0,4.0,2.0,5.0,3.0,63.2,12.0
2026,11,2026-05-24,Paddy,Cross,Melbourne,INT,2.0,337.0,1.0,12.0,4.0,0.0,1.0,1.0,66.7,6.0
2026,11,2026-05-24,Bayley,Fritsch,Melbourne,FPR,2.0,120.0,1.0,13.0,1.0,0.0,2.0,2.0,57.1,4.0
2026,11,2026-05-24,Max,Gawn,Melbourne,RK,7.0,256.0,3.0,8.0,1.0,2.0,4.0,0.0,38.9,7.0
2026,11,2026-05-24,Max,Heath,Melbourne,INT,2.0,122.0,2.0,5.0,2.0,0.0,2.0,0.0,60.0,3.0
2026,11,2026-05-24,Blake,Howes,Melbourne,HBFL,3.0,207.0,3.0,13.0,3.0,0.0,3.0,0.0,75.0,12.0
2026,11,2026-05-24,Matthew,Jefferson,Melbourne,CHF,4.0,130.0,2.0,9.0,2.0,0.0,3.0,2.0,66.7,6.0
2026,11,2026-05-24,Changkuoth,Jiath,Melbourne,INT,1.0,139.0,6.0,9.0,2.0,0.0,3.0,0.0,92.3,12.0
2026,11,2026-05-24,Ed,Langdon,Melbourne,WL,5.0,461.0,4.0,11.0,3.0,0.0,5.0,0.0,86.4,19.0
2026,11,2026-05-24,Harvey,Langford,Melbourne,C,5.0,276.0,6.0,7.0,1.0,1.0,8.0,0.0,75.0,12.0
2026,11,2026-05-24,Bailey,Laurie,Melbourne,INT,4.0,182.0,1.0,11.0,1.0,0.0,1.0,1.0,66.7,6.0
2026,11,2026-05-24,Jake,Lever,Melbourne,BPR,0.0,64.0,3.0,8.0,1.0,0.0,1.0,0.0,100.0,7.0
2026,11,2026-05-24,Harrison,Petty,Melbourne,CHB,7.0,9.0,2.0,14.0,2.0,0.0,5.0,1.0,91.7,11.0
2026,11,2026-05-24,Kysaiah,Pickett,Melbourne,HFFL,8.0,549.0,2.0,40.0,5.0,2.0,7.0,2.0,60.0,15.0
2026,11,2026-05-24,Trent,Rivers,Melbourne,HBFR,5.0,264.0,5.0,7.0,2.0,0.0,5.0,0.0,87.5,14.0
2026,11,2026-05-24,Harry,Sharp,Melbourne,HFFR,3.0,312.0,3.0,13.0,5.0,0.0,2.0,1.0,66.7,8.0
2026,11,2026-05-24,Tom,Sparrow,Melbourne,R,6.0,424.0,3.0,23.0,9.0,5.0,3.0,1.0,60.9,14.0
2026,11,2026-05-24,Jack,Steele,Melbourne,RR,6.0,235.0,2.0,22.0,3.0,2.0,7.0,2.0,90.5,19.0
2026,11,2026-05-24,Koltyn,Tholstrup,Melbourne,WR,3.0,361.0,5.0,4.0,3.0,0.0,2.0,0.0,91.7,11.0
2026,11,2026-05-24,Daniel,Turner,Melbourne,FB,2.0,289.0,8.0,6.0,5.0,0.0,4.0,0.0,76.9,10.0
2026,11,2026-05-24,Jacob,van Rooyen,Melbourne,FF,3.0,273.0,2.0,7.0,2.0,0.0,5.0,0.0,58.3,7.0
2026,11,2026-05-24,Caleb,Windsor,Melbourne,INT,2.0,131.0,4.0,14.0,3.0,2.0,5.0,0.0,69.2,9.0
2026,12,2026-05-28,Charlie,Banfield,St Kilda,FPR,2.0,93.0,1.0,11.0,1.0,0.0,2.0,0.0,57.1,4.0
2026,12,2026-05-28,Ryan,Byrnes,St Kilda,CHB,5.0,672.0,4.0,8.0,5.0,0.0,1.0,0.0,72.7,16.0
2026,12,2026-05-28,Anthony,Caminiti,St Kilda,BPR,3.0,112.0,3.0,22.0,2.0,0.0,4.0,0.0,60.0,6.0
2026,12,2026-05-28,Jack,Carroll,St Kilda,INT,3.0,233.0,4.0,10.0,1.0,0.0,4.0,0.0,94.4,17.0
2026,12,2026-05-28,Tom,De Koning,St Kilda,RK,7.0,106.0,2.0,10.0,1.0,1.0,4.0,0.0,58.3,7.0
2026,12,2026-05-28,Sam,Flanders,St Kilda,RR,1.0,97.0,2.0,7.0,2.0,0.0,1.0,0.0,66.7,6.0
2026,12,2026-05-28,Hugo,Garcia,St Kilda,HFFL,6.0,182.0,2.0,28.0,2.0,2.0,4.0,0.0,78.9,15.0
2026,12,2026-05-28,Max,Hall,St Kilda,C,11.0,392.0,3.0,28.0,3.0,2.0,6.0,0.0,88.5,23.0
2026,12,2026-05-28,Liam,Henry,St Kilda,INT,3.0,168.0,5.0,9.0,3.0,0.0,2.0,0.0,55.6,5.0
2026,12,2026-05-28,Bradley,Hill,St Kilda,WR,7.0,560.0,3.0,17.0,6.0,0.0,3.0,0.0,76.7,23.0
2026,12,2026-05-28,Isaac,Keeler,St Kilda,INT,4.0,63.0,0.0,13.0,4.0,0.0,5.0,0.0,72.7,8.0
2026,12,2026-05-28,Jack,Macrae,St Kilda,INT,8.0,128.0,3.0,19.0,3.0,3.0,9.0,0.0,81.0,17.0
2026,12,2026-05-28,Rowan,Marshall,St Kilda,INT,3.0,232.0,3.0,11.0,2.0,0.0,5.0,0.0,57.1,8.0
2026,12,2026-05-28,Liam,O'Connell,St Kilda,WL,2.0,54.0,4.0,13.0,0.0,0.0,4.0,0.0,92.9,13.0
2026,12,2026-05-28,Mattaes,Phillipou,St Kilda,CHF,5.0,331.0,1.0,23.0,5.0,0.0,4.0,2.0,61.1,11.0
2026,12,2026-05-28,Cooper,Sharman,St Kilda,FF,3.0,97.0,2.0,8.0,1.0,0.0,3.0,0.0,80.0,8.0
2026,12,2026-05-28,Jack,Silvagni,St Kilda,BPL,6.0,189.0,1.0,11.0,2.0,0.0,1.0,1.0,50.0,7.0
2026,12,2026-05-28,Jack,Sinclair,St Kilda,R,9.0,830.0,3.0,14.0,8.0,1.0,4.0,0.0,84.8,28.0
2026,12,2026-05-28,Alix,Tauru,St Kilda,HBFL,2.0,141.0,5.0,10.0,3.0,0.0,2.0,0.0,80.0,12.0
2026,12,2026-05-28,Callum,Wilkie,St Kilda,FB,5.0,386.0,9.0,16.0,4.0,0.0,7.0,0.0,82.6,19.0
2026,12,2026-05-28,Darcy,Wilson,St Kilda,FPL,7.0,393.0,6.0,17.0,4.0,0.0,4.0,1.0,68.0,17.0
2026,12,2026-05-28,Marcus,Windhager,St Kilda,HBFR,4.0,112.0,2.0,17.0,2.0,1.0,4.0,0.0,75.0,12.0
2026,12,2026-05-28,Mason,Wood,St Kilda,HFFR,4.0,90.0,1.0,17.0,2.0,0.0,2.0,2.0,72.7,8.0
2026,12,2026-05-28,Karl,Amon,Hawthorn,HBFL,3.0,369.0,2.0,11.0,3.0,0.0,2.0,0.0,91.7,22.0
2026,12,2026-05-28,Josh,Battle,Hawthorn,FB,2.0,370.0,7.0,6.0,5.0,0.0,5.0,0.0,76.5,13.0
2026,12,2026-05-28,Mabior,Chol,Hawthorn,CHF,7.0,334.0,2.0,8.0,3.0,1.0,1.0,1.0,90.0,9.0
2026,12,2026-05-28,Massimo,D'Ambrosio,Hawthorn,WL,6.0,587.0,2.0,10.0,4.0,0.0,4.0,0.0,71.4,20.0
2026,12,2026-05-28,Will,Day,Hawthorn,INT,7.0,348.0,2.0,22.0,1.0,1.0,3.0,1.0,83.3,15.0
2026,12,2026-05-28,Jack,Ginnivan,Hawthorn,FPL,5.0,232.0,2.0,22.0,3.0,0.0,4.0,1.0,81.0,17.0
2026,12,2026-05-28,Jack,Gunston,Hawthorn,HFFR,9.0,233.0,0.0,9.0,1.0,0.0,1.0,1.0,60.0,6.0
2026,12,2026-05-28,Blake,Hardwick,Hawthorn,CHB,7.0,303.0,3.0,9.0,3.0,0.0,3.0,0.0,82.4,14.0
2026,12,2026-05-28,Jarman,Impey,Hawthorn,BPR,2.0,289.0,3.0,9.0,6.0,0.0,3.0,0.0,83.3,20.0
2026,12,2026-05-28,Mitch,Lewis,Hawthorn,FF,7.0,245.0,0.0,9.0,1.0,0.0,1.0,0.0,61.5,8.0
2026,12,2026-05-28,Bailey,Macdonald,Hawthorn,INT,2.0,268.0,7.0,9.0,2.0,0.0,5.0,0.0,80.0,12.0
2026,12,2026-05-28,Connor,Macdonald,Hawthorn,INT,8.0,284.0,2.0,15.0,7.0,2.0,6.0,0.0,76.9,20.0
2026,12,2026-05-28,Cam,Mackenzie,Hawthorn,C,4.0,339.0,3.0,24.0,5.0,2.0,5.0,0.0,86.2,25.0
2026,12,2026-05-28,Lloyd,Meek,Hawthorn,INT,5.0,138.0,1.0,11.0,1.0,1.0,1.0,0.0,60.0,6.0
2026,12,2026-05-28,Dylan,Moore,Hawthorn,HFFL,8.0,227.0,4.0,15.0,5.0,0.0,6.0,0.0,70.0,14.0
2026,12,2026-05-28,Cameron,Nairn,Hawthorn,INT,2.0,169.0,0.0,9.0,1.0,0.0,0.0,0.0,76.5,13.0
2026,12,2026-05-28,Jai,Newcombe,Hawthorn,RR,7.0,171.0,3.0,18.0,1.0,5.0,4.0,0.0,96.0,24.0
2026,12,2026-05-28,Flynn,Perez,Hawthorn,HBFR,2.0,145.0,1.0,13.0,4.0,0.0,0.0,0.0,77.8,7.0
2026,12,2026-05-28,Ned,Reeves,Hawthorn,RK,4.0,22.0,1.0,8.0,1.0,0.0,2.0,0.0,100.0,5.0
2026,12,2026-05-28,James,Sicily,Hawthorn,BPL,1.0,600.0,13.0,11.0,7.0,0.0,9.0,0.0,81.8,27.0
2026,12,2026-05-28,Josh,Ward,Hawthorn,R,7.0,205.0,0.0,23.0,1.0,1.0,2.0,0.0,86.4,19.0
2026,12,2026-05-28,Nick,Watson,Hawthorn,FPR,12.0,242.0,3.0,13.0,2.0,2.0,8.0,1.0,76.2,16.0
2026,12,2026-05-28,Josh,Weddle,Hawthorn,WR,2.0,329.0,6.0,12.0,2.0,0.0,3.0,0.0,86.7,13.0
2026,12,2026-05-29,Blake,Acres,Carlton,WR,5.0,313.0,3.0,12.0,2.0,0.0,2.0,0.0,70.0,14.0
2026,12,2026-05-29,Ben,Ainsworth,Carlton,HFFL,6.0,422.0,0.0,12.0,3.0,1.0,4.0,0.0,64.0,16.0
2026,12,2026-05-29,Talor,Byrne,Carlton,INT,2.0,155.0,2.0,15.0,1.0,0.0,2.0,3.0,66.7,4.0
2026,12,2026-05-29,Adam,Cerra,Carlton,WL,4.0,460.0,2.0,17.0,4.0,0.0,3.0,1.0,73.7,14.0
2026,12,2026-05-29,Lachlan,Cowan,Carlton,HBFR,5.0,415.0,6.0,4.0,4.0,0.0,5.0,0.0,80.0,16.0
2026,12,2026-05-29,Patrick,Cripps,Carlton,R,7.0,318.0,0.0,12.0,2.0,5.0,7.0,1.0,76.7,23.0
2026,12,2026-05-29,Harry,Dean,Carlton,CHB,2.0,13.0,7.0,8.0,1.0,0.0,4.0,0.0,86.7,13.0
2026,12,2026-05-29,Francis,Evans,Carlton,FPR,5.0,133.0,1.0,14.0,1.0,0.0,3.0,2.0,77.8,7.0
2026,12,2026-05-29,Oliver,Florent,Carlton,HBFL,5.0,363.0,4.0,18.0,3.0,0.0,4.0,0.0,78.9,15.0
2026,12,2026-05-29,Nick,Haynes,Carlton,BPR,2.0,220.0,5.0,8.0,2.0,0.0,2.0,0.0,78.6,11.0
2026,12,2026-05-29,Will,Hayward,Carlton,HFFR,7.0,324.0,2.0,6.0,3.0,0.0,1.0,0.0,64.7,11.0
2026,12,2026-05-29,George,Hewett,Carlton,INT,5.0,243.0,0.0,19.0,3.0,2.0,4.0,0.0,86.4,19.0
2026,12,2026-05-29,Jack,Ison,Carlton,INT,6.0,67.0,1.0,13.0,2.0,0.0,2.0,1.0,83.3,5.0
2026,12,2026-05-29,Brodie,Kemp,Carlton,FPL,5.0,109.0,1.0,12.0,2.0,0.0,5.0,2.0,77.8,7.0
2026,12,2026-05-29,Mitch,McGovern,Carlton,CHF,5.0,217.0,2.0,8.0,2.0,0.0,3.0,2.0,33.3,3.0
2026,12,2026-05-29,Harry,McKay,Carlton,FF,7.0,309.0,1.0,8.0,2.0,0.0,0.0,1.0,75.0,12.0
2026,12,2026-05-29,Nic,Newman,Carlton,BPL,3.0,421.0,5.0,17.0,6.0,0.0,5.0,0.0,72.0,18.0
2026,12,2026-05-29,Marc,Pittonet,Carlton,RK,0.0,36.0,2.0,9.0,1.0,0.0,4.0,0.0,33.3,3.0
2026,12,2026-05-29,Jagga,Smith,Carlton,RR,5.0,272.0,3.0,16.0,4.0,2.0,9.0,1.0,59.3,16.0
2026,12,2026-05-29,Sam,Walsh,Carlton,C,7.0,317.0,2.0,19.0,3.0,2.0,8.0,0.0,73.3,22.0
2026,12,2026-05-29,Jacob,Weitering,Carlton,FB,3.0,272.0,5.0,5.0,2.0,0.0,3.0,0.0,94.7,18.0
2026,12,2026-05-29,Billy,Wilson,Carlton,INT,3.0,304.0,2.0,13.0,4.0,1.0,3.0,0.0,72.7,16.0
2026,12,2026-05-29,Flynn,Young,Carlton,INT,5.0,150.0,0.0,11.0,0.0,0.0,2.0,0.0,71.4,5.0
2026,12,2026-05-29,Tom,Atkins,Geelong Cats,INT,3.0,85.0,1.0,20.0,0.0,1.0,7.0,0.0,81.3,13.0
2026,12,2026-05-29,Mark,Blicavs,Geelong Cats,WL,4.0,107.0,1.0,18.0,2.0,0.0,3.0,0.0,100.0,9.0
2026,12,2026-05-29,Tanner,Bruhn,Geelong Cats,INT,6.0,169.0,1.0,9.0,1.0,0.0,3.0,0.0,84.6,11.0
2026,12,2026-05-29,Jeremy,Cameron,Geelong Cats,HFFL,9.0,385.0,0.0,3.0,1.0,0.0,1.0,0.0,61.5,8.0
2026,12,2026-05-29,Brad,Close,Geelong Cats,FPR,3.0,154.0,2.0,21.0,0.0,0.0,3.0,2.0,72.7,8.0
2026,12,2026-05-29,Patrick,Dangerfield,Geelong Cats,INT,4.0,301.0,2.0,8.0,6.0,1.0,4.0,0.0,61.5,8.0
2026,12,2026-05-29,Sam,De Koning,Geelong Cats,BPR,1.0,151.0,6.0,2.0,3.0,0.0,3.0,0.0,83.3,10.0
2026,12,2026-05-29,Oliver,Dempsey,Geelong Cats,HFFR,7.0,426.0,3.0,12.0,3.0,0.0,2.0,0.0,83.3,15.0
2026,12,2026-05-29,Mitchell,Edwards,Geelong Cats,RK,3.0,22.0,2.0,13.0,1.0,1.0,2.0,0.0,100.0,8.0
2026,12,2026-05-29,Zach,Guthrie,Geelong Cats,CHB,2.0,307.0,5.0,6.0,4.0,0.0,4.0,0.0,90.5,19.0
2026,12,2026-05-29,Jack,Henry,Geelong Cats,HBFR,7.0,193.0,2.0,8.0,1.0,0.0,3.0,1.0,66.7,8.0
2026,12,2026-05-29,Oliver,Henry,Geelong Cats,FPL,5.0,94.0,1.0,14.0,1.0,1.0,4.0,0.0,66.7,6.0
2026,12,2026-05-29,Max,Holmes,Geelong Cats,RR,6.0,326.0,0.0,29.0,3.0,4.0,4.0,1.0,76.0,19.0
2026,12,2026-05-29,Lawson,Humphries,Geelong Cats,WR,5.0,408.0,4.0,9.0,4.0,0.0,5.0,0.0,85.7,18.0
2026,12,2026-05-29,Jake,Kolodjashnij,Geelong Cats,HBFL,2.0,153.0,4.0,9.0,1.0,0.0,2.0,0.0,83.3,10.0
2026,12,2026-05-29,Shaun,Mannagh,Geelong Cats,CHF,6.0,418.0,3.0,22.0,5.0,0.0,7.0,4.0,58.8,10.0
2026,12,2026-05-29,Gryan,Miers,Geelong Cats,INT,3.0,233.0,0.0,23.0,1.0,0.0,2.0,0.0,76.2,16.0
2026,12,2026-05-29,Oisin,Mullin,Geelong Cats,R,2.0,184.0,3.0,19.0,2.0,1.0,1.0,0.0,50.0,4.0
2026,12,2026-05-29,Shannon,Neale,Geelong Cats,FF,2.0,195.0,1.0,12.0,2.0,0.0,5.0,1.0,50.0,5.0
2026,12,2026-05-29,Mark,O'Connor,Geelong Cats,INT,2.0,100.0,3.0,14.0,1.0,0.0,2.0,0.0,80.0,12.0
2026,12,2026-05-29,Connor,O'Sullivan,Geelong Cats,BPL,2.0,319.0,5.0,8.0,5.0,0.0,1.0,0.0,83.3,15.0
2026,12,2026-05-29,Bailey,Smith,Geelong Cats,C,7.0,723.0,2.0,21.0,7.0,1.0,4.0,0.0,65.7,23.0
2026,12,2026-05-29,Tom,Stewart,Geelong Cats,FB,2.0,316.0,6.0,8.0,2.0,0.0,9.0,0.0,95.5,21.0
2026,12,2026-05-30,Joel,Amartey,Sydney Swans,FPL,7.0,116.0,1.0,12.0,2.0,0.0,3.0,3.0,40.0,4.0
2026,12,2026-05-30,Riley,Bice,Sydney Swans,HBFR,12.0,386.0,3.0,11.0,1.0,0.0,3.0,0.0,81.0,17.0
2026,12,2026-05-30,Nick,Blakey,Sydney Swans,CHB,10.0,409.0,10.0,4.0,5.0,0.0,5.0,0.0,78.6,22.0
2026,12,2026-05-30,Caiden,Cleary,Sydney Swans,HFFR,8.0,237.0,0.0,15.0,3.0,1.0,4.0,2.0,66.7,12.0
2026,12,2026-05-30,Harry,Cunningham,Sydney Swans,INT,4.0,324.0,6.0,3.0,3.0,0.0,3.0,0.0,85.7,18.0
2026,12,2026-05-30,Charlie,Curnow,Sydney Swans,FF,14.0,330.0,1.0,7.0,2.0,0.0,4.0,1.0,72.2,13.0
2026,12,2026-05-30,William,Edwards,Sydney Swans,BPR,0.0,113.0,2.0,4.0,1.0,0.0,1.0,0.0,80.0,4.0
2026,12,2026-05-30,Tom,Hanily,Sydney Swans,INT,11.0,243.0,1.0,8.0,3.0,1.0,3.0,0.0,83.3,15.0
2026,12,2026-05-30,Isaac,Heeney,Sydney Swans,RR,13.0,508.0,2.0,22.0,3.0,3.0,6.0,1.0,71.9,23.0
2026,12,2026-05-30,James,Jordon,Sydney Swans,WR,9.0,396.0,5.0,15.0,1.0,0.0,6.0,0.0,82.6,19.0
2026,12,2026-05-30,Harry,Kyle,Sydney Swans,HBFL,1.0,251.0,2.0,9.0,0.0,1.0,3.0,0.0,93.8,15.0
2026,12,2026-05-30,Peter,Ladhams,Sydney Swans,RK,6.0,292.0,2.0,6.0,3.0,6.0,7.0,0.0,58.3,14.0
2026,12,2026-05-30,Jake,Lloyd,Sydney Swans,HFFL,8.0,163.0,0.0,11.0,3.0,0.0,5.0,2.0,66.7,10.0
2026,12,2026-05-30,Tom,McCartin,Sydney Swans,FB,10.0,296.0,10.0,5.0,3.0,0.0,2.0,0.0,92.3,24.0
2026,12,2026-05-30,Logan,McDonald,Sydney Swans,FPR,8.0,279.0,3.0,3.0,3.0,0.0,5.0,0.0,80.0,12.0
2026,12,2026-05-30,Justin,McInerney,Sydney Swans,R,5.0,133.0,3.0,6.0,2.0,1.0,4.0,0.0,81.8,9.0
2026,12,2026-05-30,Hayden,McLean,Sydney Swans,INT,6.0,152.0,0.0,9.0,0.0,0.0,0.0,1.0,87.5,7.0
2026,12,2026-05-30,Lewis,Melican,Sydney Swans,BPL,8.0,299.0,7.0,3.0,1.0,0.0,4.0,0.0,92.9,13.0
2026,12,2026-05-30,James,Rowbottom,Sydney Swans,C,8.0,227.0,3.0,25.0,1.0,0.0,6.0,3.0,80.0,12.0
2026,12,2026-05-30,Jai,Serong,Sydney Swans,WL,7.0,283.0,4.0,7.0,3.0,1.0,6.0,0.0,66.7,12.0
2026,12,2026-05-30,Angus,Sheldrick,Sydney Swans,INT,11.0,410.0,4.0,8.0,6.0,2.0,13.0,0.0,63.3,19.0
2026,12,2026-05-30,Chad,Warner,Sydney Swans,CHF,15.0,811.0,2.0,16.0,6.0,3.0,8.0,0.0,62.5,20.0
2026,12,2026-05-30,Sam,Wicks,Sydney Swans,INT,9.0,611.0,3.0,6.0,4.0,0.0,3.0,0.0,84.2,16.0
2026,12,2026-05-30,Jasper,Alger,Richmond,FF,3.0,181.0,0.0,11.0,3.0,0.0,2.0,2.0,100.0,6.0
2026,12,2026-05-30,Noah,Balta,Richmond,RK,3.0,276.0,2.0,6.0,3.0,1.0,2.0,0.0,66.7,8.0
2026,12,2026-05-30,Sam,Banks,Richmond,WL,2.0,114.0,4.0,16.0,2.0,1.0,7.0,0.0,76.5,13.0
2026,12,2026-05-30,Nathan,Broad,Richmond,BPL,0.0,208.0,5.0,15.0,2.0,0.0,3.0,0.0,85.7,12.0
2026,12,2026-05-30,Seth,Campbell,Richmond,R,1.0,200.0,1.0,19.0,2.0,2.0,4.0,1.0,66.7,8.0
2026,12,2026-05-30,Sam,Cumming,Richmond,CHF,1.0,159.0,3.0,10.0,3.0,1.0,4.0,0.0,62.5,10.0
2026,12,2026-05-30,Liam,Fawcett,Richmond,FPR,2.0,114.0,3.0,6.0,3.0,0.0,1.0,0.0,66.7,6.0
2026,12,2026-05-30,Steely,Green,Richmond,HFFL,3.0,271.0,0.0,21.0,4.0,0.0,2.0,0.0,57.1,8.0
2026,12,2026-05-30,Sam,Grlj,Richmond,CHB,0.0,343.0,2.0,15.0,7.0,1.0,3.0,0.0,62.5,10.0
2026,12,2026-05-30,Oliver,Hayes-Brown,Richmond,INT,4.0,126.0,1.0,4.0,2.0,3.0,5.0,0.0,72.7,8.0
2026,12,2026-05-30,Jacob,Hopper,Richmond,INT,4.0,403.0,3.0,12.0,4.0,3.0,12.0,0.0,64.0,16.0
2026,12,2026-05-30,Mykelti,Lefau,Richmond,FPL,4.0,94.0,1.0,14.0,3.0,0.0,3.0,0.0,75.0,9.0
2026,12,2026-05-30,Ben,Miller,Richmond,FB,0.0,368.0,3.0,4.0,2.0,0.0,1.0,0.0,90.9,10.0
2026,12,2026-05-30,Dion,Prestia,Richmond,INT,4.0,347.0,4.0,14.0,4.0,2.0,4.0,0.0,80.0,16.0
2026,12,2026-05-30,Patrick,Retschko,Richmond,WR,1.0,194.0,3.0,11.0,3.0,0.0,3.0,0.0,60.0,6.0
2026,12,2026-05-30,Noah,Roberts-Thomson,Richmond,HFFR,1.0,219.0,0.0,7.0,2.0,0.0,2.0,1.0,66.7,4.0
2026,12,2026-05-30,Jack,Ross,Richmond,RR,7.0,256.0,2.0,24.0,4.0,1.0,5.0,0.0,66.7,12.0
2026,12,2026-05-30,Jayden,Short,Richmond,HBFR,1.0,364.0,1.0,10.0,2.0,0.0,1.0,0.0,88.2,15.0
2026,12,2026-05-30,Tyler,Sonsie,Richmond,INT,3.0,266.0,4.0,14.0,3.0,0.0,6.0,0.0,56.3,9.0
2026,12,2026-05-30,Tim,Taranto,Richmond,C,4.0,234.0,5.0,23.0,6.0,2.0,13.0,0.0,75.0,18.0
2026,12,2026-05-30,Luke,Trainor,Richmond,BPR,0.0,280.0,5.0,7.0,5.0,0.0,2.0,0.0,66.7,8.0
2026,12,2026-05-30,James,Trezise,Richmond,INT,2.0,127.0,5.0,12.0,2.0,0.0,4.0,0.0,93.3,14.0
2026,12,2026-05-30,Nick,Vlastuin,Richmond,HBFL,2.0,214.0,2.0,17.0,3.0,0.0,1.0,0.0,81.8,9.0
2026,12,2026-05-30,Harris,Andrews,Brisbane Lions,FB,2.0,206.0,6.0,7.0,0.0,0.0,1.0,0.0,100.0,10.0
2026,12,2026-05-30,Noah,Answerth,Brisbane Lions,HBFR,0.0,148.0,4.0,10.0,1.0,0.0,2.0,0.0,66.7,4.0
2026,12,2026-05-30,Levi,Ashcroft,Brisbane Lions,HFFR,7.0,279.0,3.0,12.0,1.0,0.0,2.0,0.0,75.0,9.0
2026,12,2026-05-30,Will,Ashcroft,Brisbane Lions,R,4.0,218.0,1.0,11.0,2.0,0.0,8.0,1.0,63.6,14.0
2026,12,2026-05-30,Zac,Bailey,Brisbane Lions,WR,8.0,591.0,3.0,14.0,5.0,4.0,6.0,1.0,60.0,18.0
2026,12,2026-05-30,Jarrod,Berry,Brisbane Lions,WL,2.0,386.0,5.0,8.0,4.0,0.0,4.0,0.0,55.0,11.0
2026,12,2026-05-30,Charlie,Cameron,Brisbane Lions,HFFL,4.0,244.0,1.0,9.0,4.0,0.0,1.0,1.0,60.0,6.0
2026,12,2026-05-30,Keidean,Coleman,Brisbane Lions,INT,1.0,48.0,0.0,4.0,0.0,0.0,1.0,0.0,100.0,6.0
2026,12,2026-05-30,Cody,Curtin,Brisbane Lions,FPL,1.0,151.0,0.0,7.0,6.0,0.0,0.0,0.0,57.1,4.0
2026,12,2026-05-30,Sam,Draper,Brisbane Lions,RK,4.0,327.0,2.0,9.0,3.0,1.0,1.0,1.0,77.8,7.0
2026,12,2026-05-30,Josh,Dunkley,Brisbane Lions,RR,4.0,185.0,5.0,14.0,1.0,1.0,9.0,2.0,68.8,11.0
2026,12,2026-05-30,Jaspa,Fletcher,Brisbane Lions,BPL,1.0,206.0,1.0,13.0,2.0,0.0,2.0,1.0,69.2,9.0
2026,12,2026-05-30,Darcy,Fort,Brisbane Lions,INT,3.0,59.0,2.0,9.0,1.0,0.0,1.0,0.0,87.5,7.0
2026,12,2026-05-30,Ty,Gallop,Brisbane Lions,CHB,1.0,143.0,5.0,9.0,2.0,0.0,3.0,0.0,62.5,5.0
2026,12,2026-05-30,Darcy,Gardiner,Brisbane Lions,BPR,1.0,124.0,3.0,8.0,6.0,0.0,2.0,0.0,66.7,6.0
2026,12,2026-05-30,Kai,Lohmann,Brisbane Lions,INT,5.0,252.0,3.0,17.0,3.0,1.0,8.0,0.0,58.3,7.0
2026,12,2026-05-30,Hugh,McCluggage,Brisbane Lions,C,4.0,216.0,1.0,23.0,2.0,1.0,4.0,0.0,76.9,10.0
2026,12,2026-05-30,Conor,McKenna,Brisbane Lions,FPR,2.0,265.0,1.0,12.0,2.0,0.0,2.0,2.0,81.8,9.0
2026,12,2026-05-30,Logan,Morris,Brisbane Lions,CHF,5.0,221.0,1.0,9.0,2.0,0.0,3.0,2.0,25.0,2.0
2026,12,2026-05-30,Lachie,Neale,Brisbane Lions,INT,5.0,342.0,2.0,14.0,6.0,4.0,6.0,1.0,56.5,13.0
2026,12,2026-05-30,Cam,Rayner,Brisbane Lions,FF,4.0,154.0,1.0,8.0,3.0,1.0,3.0,0.0,57.1,4.0
2026,12,2026-05-30,Bruce,Reville,Brisbane Lions,INT,3.0,248.0,2.0,3.0,5.0,0.0,1.0,0.0,91.7,11.0
2026,12,2026-05-30,Darcy,Wilmot,Brisbane Lions,HBFL,5.0,544.0,4.0,12.0,3.0,1.0,1.0,0.0,92.3,24.0
2026,12,2026-05-30,Jye,Amiss,Fremantle,FF,10.0,163.0,1.0,2.0,2.0,0.0,1.0,0.0,60.0,9.0
2026,12,2026-05-30,Shai,Bolton,Fremantle,RR,7.0,261.0,1.0,14.0,3.0,3.0,6.0,0.0,57.1,12.0
2026,12,2026-05-30,Andrew,Brayshaw,Fremantle,C,7.0,296.0,6.0,18.0,3.0,0.0,8.0,0.0,87.5,21.0
2026,12,2026-05-30,Heath,Chapman,Fremantle,BPR,4.0,241.0,6.0,8.0,6.0,0.0,2.0,0.0,66.7,10.0
2026,12,2026-05-30,Jordan,Clark,Fremantle,HBFL,5.0,659.0,0.0,11.0,7.0,0.0,2.0,1.0,83.3,20.0
2026,12,2026-05-30,Brennan,Cox,Fremantle,BPL,0.0,4.0,5.0,3.0,0.0,0.0,6.0,0.0,85.7,6.0
2026,12,2026-05-30,Mason,Cox,Fremantle,INT,0.0,52.0,1.0,3.0,2.0,1.0,2.0,0.0,0.0,0.0
2026,12,2026-05-30,Isaiah,Dudley,Fremantle,CHF,3.0,71.0,2.0,10.0,0.0,0.0,1.0,0.0,88.9,8.0
2026,12,2026-05-30,Neil,Erasmus,Fremantle,INT,3.0,13.0,1.0,16.0,2.0,0.0,5.0,0.0,76.9,10.0
2026,12,2026-05-30,Michael,Frederick,Fremantle,WL,7.0,331.0,0.0,8.0,2.0,0.0,1.0,0.0,69.2,9.0
2026,12,2026-05-30,Luke,Jackson,Fremantle,RK,10.0,160.0,3.0,9.0,2.0,2.0,3.0,0.0,80.0,12.0
2026,12,2026-05-30,Matthew,Johnson,Fremantle,R,5.0,344.0,1.0,16.0,1.0,2.0,5.0,1.0,85.0,17.0
2026,12,2026-05-30,Judd,McVee,Fremantle,INT,7.0,219.0,4.0,4.0,1.0,0.0,3.0,0.0,100.0,20.0
2026,12,2026-05-30,Nathan,O'Driscoll,Fremantle,INT,8.0,562.0,2.0,5.0,3.0,0.0,5.0,0.0,77.3,17.0
2026,12,2026-05-30,Alex,Pearce,Fremantle,FB,2.0,102.0,8.0,4.0,2.0,0.0,4.0,0.0,66.7,6.0
2026,12,2026-05-30,Murphy,Reid,Fremantle,HFFL,6.0,241.0,1.0,12.0,2.0,1.0,3.0,0.0,66.7,14.0
2026,12,2026-05-30,Luke,Ryan,Fremantle,CHB,1.0,572.0,4.0,3.0,4.0,0.0,1.0,0.0,81.8,18.0
2026,12,2026-05-30,Christopher,Scerri,Fremantle,INT,2.0,-23.0,3.0,16.0,0.0,0.0,6.0,0.0,100.0,9.0
2026,12,2026-05-30,Sam,Switkowski,Fremantle,HFFR,9.0,210.0,5.0,12.0,0.0,0.0,4.0,2.0,87.5,14.0
2026,12,2026-05-30,Josh,Treacy,Fremantle,FPR,7.0,388.0,3.0,12.0,2.0,0.0,3.0,2.0,87.5,14.0
2026,12,2026-05-30,Patrick,Voss,Fremantle,FPL,9.0,407.0,0.0,6.0,4.0,0.0,1.0,0.0,76.9,10.0
2026,12,2026-05-30,Corey,Wagner,Fremantle,WR,4.0,410.0,1.0,11.0,5.0,0.0,0.0,0.0,64.7,11.0
2026,12,2026-05-30,Karl,Worner,Fremantle,HBFR,5.0,474.0,6.0,9.0,1.0,1.0,3.0,0.0,94.4,17.0
2026,12,2026-05-30,Marcus,Bontempelli,Western Bulldogs,C,7.0,517.0,3.0,24.0,5.0,7.0,8.0,0.0,77.3,17.0
2026,12,2026-05-30,Lachlan,Bramble,Western Bulldogs,FPL,5.0,184.0,1.0,9.0,1.0,0.0,2.0,0.0,80.0,8.0
2026,12,2026-05-30,Connor,Budarick,Western Bulldogs,HBFL,3.0,445.0,4.0,15.0,6.0,0.0,2.0,0.0,72.7,16.0
2026,12,2026-05-30,Nick,Coffield,Western Bulldogs,BPL,2.0,235.0,3.0,4.0,2.0,0.0,1.0,0.0,84.6,11.0
2026,12,2026-05-30,Jordan,Croft,Western Bulldogs,INT,3.0,213.0,1.0,10.0,2.0,0.0,1.0,0.0,71.4,5.0
2026,12,2026-05-30,Bailey,Dale,Western Bulldogs,HBFR,9.0,482.0,7.0,11.0,3.0,0.0,5.0,0.0,85.2,23.0
2026,12,2026-05-30,Tim,English,Western Bulldogs,INT,7.0,218.0,4.0,6.0,2.0,2.0,4.0,0.0,81.3,13.0
2026,12,2026-05-30,Joel,Freijah,Western Bulldogs,INT,6.0,244.0,0.0,19.0,7.0,2.0,7.0,1.0,47.6,10.0
2026,12,2026-05-30,Cooper,Hynes,Western Bulldogs,WR,4.0,218.0,1.0,16.0,2.0,0.0,3.0,0.0,61.5,8.0
2026,12,2026-05-30,Lachie,Jaques,Western Bulldogs,INT,5.0,267.0,2.0,8.0,0.0,0.0,1.0,0.0,72.7,8.0
2026,12,2026-05-30,Arthur,Jones,Western Bulldogs,HFFR,6.0,167.0,3.0,15.0,4.0,0.0,5.0,0.0,91.7,11.0
2026,12,2026-05-30,Matthew,Kennedy,Western Bulldogs,RR,7.0,495.0,7.0,17.0,13.0,3.0,8.0,1.0,58.6,17.0
2026,12,2026-05-30,Buku,Khamis,Western Bulldogs,FB,2.0,174.0,6.0,2.0,1.0,0.0,4.0,0.0,90.9,10.0
2026,12,2026-05-30,Will,Lewis,Western Bulldogs,CHF,7.0,231.0,0.0,16.0,2.0,0.0,2.0,3.0,50.0,5.0
2026,12,2026-05-30,Rory,Lobb,Western Bulldogs,RK,4.0,136.0,1.0,17.0,1.0,1.0,5.0,5.0,55.6,5.0
2026,12,2026-05-30,Lachlan,McNeil,Western Bulldogs,INT,2.0,187.0,1.0,9.0,2.0,0.0,4.0,0.0,81.8,9.0
2026,12,2026-05-30,Aaron,Naughton,Western Bulldogs,FF,7.0,171.0,0.0,11.0,0.0,0.0,6.0,2.0,64.3,9.0
2026,12,2026-05-30,James,O'Donnell,Western Bulldogs,CHB,4.0,158.0,2.0,6.0,0.0,0.0,0.0,0.0,100.0,7.0
2026,12,2026-05-30,Ed,Richards,Western Bulldogs,R,9.0,621.0,2.0,18.0,4.0,3.0,3.0,0.0,83.3,20.0
2026,12,2026-05-30,Ryley,Sanders,Western Bulldogs,HFFL,8.0,389.0,1.0,17.0,1.0,1.0,4.0,1.0,85.7,24.0
2026,12,2026-05-30,Michael,Sellwood,Western Bulldogs,BPR,2.0,268.0,7.0,5.0,3.0,0.0,2.0,0.0,83.3,10.0
2026,12,2026-05-30,Adam,Treloar,Western Bulldogs,WL,5.0,315.0,1.0,3.0,4.0,0.0,1.0,0.0,73.7,14.0
2026,12,2026-05-30,Rhylee,West,Western Bulldogs,FPR,5.0,280.0,1.0,15.0,2.0,0.0,2.0,0.0,100.0,11.0
2026,12,2026-05-30,Edward,Allan,Collingwood,INT,3.0,323.0,3.0,14.0,4.0,1.0,8.0,1.0,50.0,8.0
2026,12,2026-05-30,Angus,Anderson,Collingwood,C,2.0,193.0,1.0,16.0,3.0,0.0,2.0,1.0,66.7,6.0
2026,12,2026-05-30,Darcy,Cameron,Collingwood,RK,3.0,133.0,5.0,8.0,3.0,0.0,7.0,0.0,50.0,11.0
2026,12,2026-05-30,Jack,Crisp,Collingwood,WL,5.0,326.0,2.0,17.0,4.0,0.0,4.0,1.0,63.2,12.0
2026,12,2026-05-30,Josh,Daicos,Collingwood,CHB,6.0,488.0,4.0,12.0,1.0,0.0,3.0,0.0,77.3,17.0
2026,12,2026-05-30,Nick,Daicos,Collingwood,CHF,6.0,385.0,3.0,14.0,6.0,4.0,11.0,0.0,62.2,23.0
2026,12,2026-05-30,Jordan,De Goey,Collingwood,R,19.0,541.0,3.0,8.0,2.0,2.0,4.0,0.0,73.3,22.0
2026,12,2026-05-30,Billy,Frampton,Collingwood,BPR,2.0,193.0,4.0,2.0,2.0,0.0,3.0,0.0,84.6,11.0
2026,12,2026-05-30,Harvey,Harrison,Collingwood,HFFL,2.0,94.0,0.0,14.0,0.0,0.0,0.0,4.0,85.7,6.0
2026,12,2026-05-30,Dan,Houston,Collingwood,HBFL,5.0,181.0,5.0,11.0,0.0,0.0,3.0,0.0,87.0,20.0
2026,12,2026-05-30,Jeremy,Howe,Collingwood,FB,6.0,303.0,9.0,9.0,2.0,0.0,4.0,0.0,90.9,20.0
2026,12,2026-05-30,Patrick,Lipinski,Collingwood,INT,8.0,204.0,2.0,14.0,2.0,0.0,2.0,1.0,78.9,15.0
2026,12,2026-05-30,Ned,Long,Collingwood,INT,6.0,298.0,2.0,10.0,1.0,0.0,1.0,1.0,76.9,10.0
2026,12,2026-05-30,Brayden,Maynard,Collingwood,BPL,4.0,469.0,8.0,8.0,5.0,0.0,7.0,0.0,78.3,18.0
2026,12,2026-05-30,Beau,McCreery,Collingwood,FPR,2.0,216.0,0.0,13.0,3.0,0.0,3.0,1.0,70.0,7.0
2026,12,2026-05-30,Daniel,McStay,Collingwood,FPL,6.0,187.0,0.0,8.0,0.0,0.0,1.0,2.0,77.8,7.0
2026,12,2026-05-30,Tim,Membrey,Collingwood,FF,6.0,198.0,0.0,5.0,1.0,0.0,1.0,1.0,58.3,7.0
2026,12,2026-05-30,Wil,Parker,Collingwood,INT,3.0,291.0,7.0,12.0,2.0,0.0,2.0,0.0,85.7,12.0
2026,12,2026-05-30,Scott,Pendlebury,Collingwood,RR,8.0,428.0,2.0,12.0,7.0,1.0,8.0,1.0,72.7,24.0
2026,12,2026-05-30,Isaac,Quaynor,Collingwood,HBFR,2.0,378.0,1.0,9.0,3.0,0.0,0.0,0.0,76.5,13.0
2026,12,2026-05-30,Lachie,Schultz,Collingwood,HFFR,5.0,190.0,2.0,15.0,2.0,1.0,0.0,1.0,78.6,11.0
2026,12,2026-05-30,Steele,Sidebottom,Collingwood,WR,2.0,114.0,2.0,10.0,1.0,0.0,5.0,0.0,84.6,11.0
2026,12,2026-05-30,Roan,Steele,Collingwood,INT,5.0,423.0,2.0,15.0,4.0,1.0,5.0,0.0,71.4,15.0
2026,12,2026-05-31,Jake,Bowey,Melbourne,BPL,3.0,490.0,3.0,11.0,4.0,2.0,7.0,0.0,91.3,21.0
2026,12,2026-05-31,Kade,Chandler,Melbourne,R,7.0,177.0,0.0,22.0,1.0,2.0,5.0,4.0,78.6,11.0
2026,12,2026-05-31,Paddy,Cross,Melbourne,INT,4.0,121.0,1.0,16.0,1.0,0.0,3.0,1.0,66.7,4.0
2026,12,2026-05-31,Bayley,Fritsch,Melbourne,FPR,2.0,133.0,1.0,14.0,3.0,0.0,3.0,2.0,66.7,6.0
2026,12,2026-05-31,Max,Gawn,Melbourne,RK,5.0,322.0,5.0,7.0,7.0,3.0,4.0,1.0,54.5,12.0
2026,12,2026-05-31,Blake,Howes,Melbourne,HBFL,1.0,259.0,1.0,8.0,3.0,0.0,1.0,0.0,77.8,7.0
2026,12,2026-05-31,Matthew,Jefferson,Melbourne,CHF,1.0,106.0,0.0,17.0,1.0,0.0,1.0,1.0,40.0,2.0
2026,12,2026-05-31,Ed,Langdon,Melbourne,WL,8.0,345.0,6.0,11.0,4.0,0.0,3.0,0.0,75.0,15.0
2026,12,2026-05-31,Harvey,Langford,Melbourne,C,3.0,250.0,4.0,13.0,4.0,0.0,2.0,0.0,62.5,10.0
2026,12,2026-05-31,Bailey,Laurie,Melbourne,INT,5.0,332.0,0.0,15.0,1.0,0.0,2.0,1.0,69.2,9.0
2026,12,2026-05-31,Brody,Mihocek,Melbourne,FPL,3.0,116.0,1.0,8.0,1.0,0.0,0.0,2.0,80.0,4.0
2026,12,2026-05-31,Andy,Moniz-Wakefield,Melbourne,INT,2.0,130.0,2.0,8.0,4.0,0.0,3.0,2.0,50.0,5.0
2026,12,2026-05-31,Harrison,Petty,Melbourne,CHB,2.0,113.0,9.0,11.0,2.0,0.0,3.0,0.0,91.7,11.0
2026,12,2026-05-31,Kysaiah,Pickett,Melbourne,HFFL,7.0,433.0,1.0,16.0,6.0,5.0,6.0,2.0,50.0,8.0
2026,12,2026-05-31,Latrelle,Pickett,Melbourne,HFFR,5.0,243.0,1.0,13.0,1.0,0.0,2.0,2.0,66.7,6.0
2026,12,2026-05-31,Trent,Rivers,Melbourne,INT,3.0,518.0,4.0,6.0,4.0,0.0,3.0,0.0,90.9,20.0
2026,12,2026-05-31,Harry,Sharp,Melbourne,WR,7.0,330.0,2.0,12.0,3.0,0.0,3.0,0.0,56.3,9.0
2026,12,2026-05-31,Tom,Sparrow,Melbourne,HBFR,4.0,373.0,2.0,25.0,7.0,1.0,4.0,1.0,68.4,13.0
2026,12,2026-05-31,Jack,Steele,Melbourne,RR,5.0,229.0,7.0,15.0,3.0,4.0,8.0,0.0,72.0,18.0
2026,12,2026-05-31,Koltyn,Tholstrup,Melbourne,BPR,3.0,223.0,9.0,2.0,1.0,0.0,7.0,0.0,82.4,14.0
2026,12,2026-05-31,Daniel,Turner,Melbourne,FB,2.0,208.0,6.0,6.0,2.0,0.0,2.0,0.0,78.6,11.0
2026,12,2026-05-31,Jacob,van Rooyen,Melbourne,FF,7.0,201.0,0.0,7.0,3.0,1.0,3.0,0.0,54.5,6.0
2026,12,2026-05-31,Caleb,Windsor,Melbourne,INT,3.0,433.0,1.0,6.0,4.0,1.0,4.0,0.0,75.0,12.0
2026,12,2026-05-31,Leek,Aleer,GWS GIANTS,INT,3.0,125.0,1.0,6.0,2.0,0.0,2.0,0.0,71.4,5.0
2026,12,2026-05-31,Lachie,Ash,GWS GIANTS,CHB,5.0,569.0,6.0,14.0,12.0,0.0,6.0,0.0,76.5,26.0
2026,12,2026-05-31,Toby,Bedford,GWS GIANTS,RR,7.0,104.0,5.0,14.0,1.0,1.0,7.0,0.0,100.0,16.0
2026,12,2026-05-31,Kieren,Briggs,GWS GIANTS,RK,7.0,161.0,2.0,14.0,1.0,2.0,3.0,0.0,88.9,8.0
2026,12,2026-05-31,Callum,Brown,GWS GIANTS,INT,4.0,192.0,0.0,8.0,1.0,0.0,0.0,0.0,100.0,12.0
2026,12,2026-05-31,Aaron,Cadman,GWS GIANTS,FF,4.0,271.0,0.0,8.0,2.0,0.0,1.0,1.0,66.7,6.0
2026,12,2026-05-31,Finn,Callaghan,GWS GIANTS,R,8.0,797.0,1.0,13.0,5.0,3.0,5.0,0.0,96.8,30.0
2026,12,2026-05-31,Stephen,Coniglio,GWS GIANTS,INT,2.0,33.0,0.0,9.0,1.0,0.0,0.0,0.0,66.7,4.0
2026,12,2026-05-31,Brent,Daniels,GWS GIANTS,HFFL,7.0,277.0,2.0,24.0,3.0,2.0,4.0,0.0,72.2,13.0
2026,12,2026-05-31,Joe,Fonti,GWS GIANTS,INT,1.0,340.0,8.0,5.0,6.0,0.0,4.0,0.0,72.0,18.0
2026,12,2026-05-31,Phoenix,Gothard,GWS GIANTS,HFFR,6.0,358.0,3.0,14.0,3.0,0.0,4.0,2.0,60.0,9.0
2026,12,2026-05-31,Toby,Greene,GWS GIANTS,FPL,8.0,407.0,1.0,19.0,1.0,1.0,2.0,3.0,62.5,10.0
2026,12,2026-05-31,Max,Gruzewski,GWS GIANTS,FPR,6.0,202.0,1.0,6.0,0.0,0.0,2.0,0.0,92.3,12.0
2026,12,2026-05-31,Harry,Himmelberg,GWS GIANTS,HBFL,1.0,271.0,7.0,9.0,2.0,0.0,3.0,0.0,78.9,15.0
2026,12,2026-05-31,Connor,Idun,GWS GIANTS,BPR,4.0,384.0,8.0,9.0,5.0,0.0,7.0,0.0,96.6,28.0
2026,12,2026-05-31,Jayden,Laverde,GWS GIANTS,BPL,2.0,254.0,6.0,4.0,3.0,0.0,2.0,0.0,84.2,16.0
2026,12,2026-05-31,Toby,McMullin,GWS GIANTS,INT,4.0,206.0,3.0,16.0,3.0,0.0,4.0,0.0,75.0,9.0
2026,12,2026-05-31,Clayton,Oliver,GWS GIANTS,C,8.0,355.0,1.0,20.0,1.0,1.0,6.0,0.0,75.0,21.0
2026,12,2026-05-31,Conor,Stone,GWS GIANTS,WL,1.0,219.0,6.0,4.0,4.0,0.0,5.0,0.0,71.4,10.0
2026,12,2026-05-31,Jake,Stringer,GWS GIANTS,CHF,6.0,371.0,1.0,14.0,3.0,0.0,3.0,0.0,53.3,8.0
2026,12,2026-05-31,Sam,Taylor,GWS GIANTS,FB,2.0,60.0,2.0,4.0,0.0,0.0,0.0,0.0,90.9,10.0
2026,12,2026-05-31,Harvey,Thomas,GWS GIANTS,WR,7.0,305.0,6.0,13.0,4.0,0.0,6.0,2.0,79.2,19.0
2026,12,2026-05-31,Lachie,Whitfield,GWS GIANTS,HBFR,4.0,439.0,1.0,12.0,2.0,0.0,2.0,0.0,88.5,23.0
2026,12,2026-05-31,Bo,Allan,West Coast Eagles,BPR,3.0,543.0,2.0,9.0,2.0,0.0,3.0,0.0,80.0,16.0
2026,12,2026-05-31,Liam,Baker,West Coast Eagles,HBFR,2.0,340.0,9.0,11.0,4.0,0.0,11.0,0.0,92.0,23.0
2026,12,2026-05-31,Rhett,Bazzo,West Coast Eagles,HBFL,3.0,165.0,6.0,6.0,1.0,0.0,6.0,0.0,93.8,15.0
2026,12,2026-05-31,Malakai,Champion,West Coast Eagles,FPL,2.0,13.0,1.0,15.0,0.0,0.0,1.0,1.0,100.0,4.0
2026,12,2026-05-31,Tom,Cole,West Coast Eagles,HFFR,3.0,83.0,3.0,18.0,1.0,0.0,1.0,0.0,75.0,9.0
2026,12,2026-05-31,Hamish,Davis,West Coast Eagles,WL,5.0,198.0,4.0,12.0,2.0,0.0,1.0,0.0,86.7,13.0
2026,12,2026-05-31,Liam,Duggan,West Coast Eagles,BPL,1.0,505.0,4.0,12.0,5.0,0.0,2.0,0.0,70.0,14.0
2026,12,2026-05-31,Willem,Duursma,West Coast Eagles,HFFL,5.0,397.0,1.0,19.0,5.0,2.0,6.0,0.0,68.0,17.0
2026,12,2026-05-31,Reuben,Ginbey,West Coast Eagles,FB,6.0,307.0,11.0,8.0,3.0,0.0,3.0,0.0,94.1,16.0
2026,12,2026-05-31,Brady,Hough,West Coast Eagles,INT,3.0,329.0,0.0,14.0,3.0,0.0,1.0,0.0,92.3,12.0
2026,12,2026-05-31,Harvey,Johnston,West Coast Eagles,INT,4.0,118.0,0.0,7.0,0.0,0.0,0.0,1.0,100.0,8.0
2026,12,2026-05-31,Tim,Kelly,West Coast Eagles,R,6.0,554.0,4.0,17.0,4.0,1.0,7.0,0.0,78.6,22.0
2026,12,2026-05-31,Josh,Lindsay,West Coast Eagles,INT,2.0,300.0,4.0,9.0,2.0,0.0,3.0,0.0,89.5,17.0
2026,12,2026-05-31,Ryan,Maric,West Coast Eagles,WR,2.0,182.0,4.0,9.0,2.0,0.0,5.0,0.0,76.5,13.0
2026,12,2026-05-31,Tom,McCarthy,West Coast Eagles,INT,8.0,340.0,9.0,8.0,0.0,1.0,7.0,0.0,96.2,25.0
2026,12,2026-05-31,Milan,Murdock,West Coast Eagles,FPR,8.0,288.0,4.0,10.0,3.0,0.0,5.0,3.0,63.2,12.0
2026,12,2026-05-31,Harley,Reid,West Coast Eagles,RR,9.0,354.0,4.0,13.0,4.0,2.0,7.0,0.0,62.5,15.0
2026,12,2026-05-31,Jobe,Shanahan,West Coast Eagles,CHF,4.0,35.0,0.0,6.0,2.0,0.0,0.0,1.0,83.3,5.0
2026,12,2026-05-31,Jake,Waterman,West Coast Eagles,FF,9.0,299.0,1.0,8.0,6.0,0.0,0.0,1.0,62.5,10.0
2026,12,2026-05-31,Bailey J.,Williams,West Coast Eagles,RK,5.0,-4.0,2.0,8.0,1.0,1.0,2.0,0.0,100.0,11.0
2026,12,2026-05-31,Jack,Williams,West Coast Eagles,INT,2.0,152.0,0.0,11.0,2.0,1.0,3.0,0.0,57.1,4.0
2026,12,2026-05-31,Elliot,Yeo,West Coast Eagles,C,4.0,238.0,0.0,17.0,3.0,1.0,5.0,1.0,60.0,9.0
2026,12,2026-05-31,Tylar,Young,West Coast Eagles,CHB,4.0,379.0,8.0,5.0,5.0,0.0,6.0,0.0,76.9,20.0
2026,12,2026-05-31,Lachlan,Blakiston,Essendon,RK,1.0,268.0,4.0,7.0,3.0,0.0,5.0,0.0,72.7,8.0
2026,12,2026-05-31,Nick,Bryan,Essendon,FPR,1.0,86.0,0.0,17.0,1.0,1.0,2.0,0.0,58.3,7.0
2026,12,2026-05-31,Nate,Caddy,Essendon,CHF,7.0,187.0,1.0,15.0,2.0,0.0,3.0,2.0,60.0,6.0
2026,12,2026-05-31,Nik,Cox,Essendon,HFFL,6.0,187.0,0.0,11.0,3.0,0.0,4.0,0.0,71.4,10.0
2026,12,2026-05-31,Archer,Day-Wicks,Essendon,WR,4.0,139.0,1.0,15.0,2.0,0.0,3.0,1.0,40.0,4.0
2026,12,2026-05-31,Xavier,Duursma,Essendon,WL,3.0,282.0,5.0,13.0,4.0,0.0,1.0,1.0,88.2,15.0
2026,12,2026-05-31,Thomas,Edwards,Essendon,CHB,2.0,40.0,1.0,9.0,1.0,0.0,3.0,2.0,80.0,4.0
2026,12,2026-05-31,Saad,El-Hawli,Essendon,INT,3.0,318.0,2.0,9.0,6.0,0.0,3.0,1.0,56.3,9.0
2026,12,2026-05-31,Jacob,Farrow,Essendon,HBFR,2.0,331.0,5.0,6.0,4.0,0.0,5.0,0.0,70.6,12.0
2026,12,2026-05-31,Jade,Gresham,Essendon,INT,2.0,174.0,2.0,7.0,2.0,0.0,2.0,1.0,75.0,9.0
2026,12,2026-05-31,Max,Kondogiannis,Essendon,INT,3.0,84.0,3.0,5.0,1.0,0.0,2.0,0.0,100.0,10.0
2026,12,2026-05-31,Kyle,Langford,Essendon,FF,2.0,410.0,10.0,5.0,5.0,0.0,4.0,0.0,81.0,17.0
2026,12,2026-05-31,Archer,May,Essendon,FPL,0.0,0.0,0.0,1.0,0.0,0.0,0.0,0.0,0.0,0.0
2026,12,2026-05-31,Ben,McKay,Essendon,INT,5.0,144.0,2.0,13.0,1.0,1.0,3.0,3.0,71.4,10.0
2026,12,2026-05-31,Zach,Merrett,Essendon,RR,1.0,324.0,4.0,23.0,6.0,1.0,5.0,2.0,57.1,16.0
2026,12,2026-05-31,Darcy,Parish,Essendon,C,2.0,192.0,1.0,12.0,8.0,0.0,7.0,1.0,74.1,20.0
2026,12,2026-05-31,Archie,Perkins,Essendon,R,3.0,258.0,1.0,14.0,7.0,0.0,5.0,1.0,57.9,11.0
2026,12,2026-05-31,Jaxon,Prior,Essendon,BPR,2.0,400.0,3.0,6.0,2.0,0.0,1.0,0.0,71.4,10.0
2026,12,2026-05-31,Zach,Reid,Essendon,FB,1.0,276.0,5.0,8.0,2.0,0.0,1.0,0.0,85.7,12.0
2026,12,2026-05-31,Archie,Roberts,Essendon,HBFL,5.0,561.0,6.0,7.0,5.0,0.0,5.0,0.0,87.1,27.0
2026,12,2026-05-31,Sullivan,Robey,Essendon,HFFR,2.0,268.0,1.0,17.0,4.0,5.0,11.0,0.0,73.7,14.0
2026,12,2026-05-31,Will,Setterfield,Essendon,BPL,3.0,409.0,2.0,17.0,4.0,2.0,6.0,3.0,73.1,19.0
2026,12,2026-05-31,Elijah,Tsatas,Essendon,INT,2.0,427.0,1.0,17.0,6.0,3.0,8.0,0.0,65.4,17.0
2026,13,2026-06-04,Callum,Ah Chee,Adelaide Crows,HFFL,4.0,168.0,0.0,8.0,1.0,0.0,3.0,1.0,81.8,9.0
2026,13,2026-06-04,Sam,Berry,Adelaide Crows,R,3.0,227.0,4.0,27.0,4.0,2.0,11.0,4.0,45.0,9.0
2026,13,2026-06-04,James,Borlase,Adelaide Crows,FB,0.0,117.0,4.0,3.0,2.0,0.0,2.0,0.0,71.4,5.0
2026,13,2026-06-04,Jordon,Butts,Adelaide Crows,CHB,0.0,100.0,6.0,8.0,1.0,1.0,4.0,0.0,90.0,9.0
2026,13,2026-06-04,Brayden,Cook,Adelaide Crows,WR,5.0,537.0,3.0,17.0,6.0,0.0,4.0,0.0,50.0,9.0
2026,13,2026-06-04,Daniel,Curtin,Adelaide Crows,WL,4.0,527.0,7.0,16.0,4.0,1.0,11.0,0.0,69.2,18.0
2026,13,2026-06-04,Jordan,Dawson,Adelaide Crows,C,6.0,486.0,5.0,23.0,6.0,0.0,5.0,2.0,59.1,13.0
2026,13,2026-06-04,Darcy,Fogarty,Adelaide Crows,FF,4.0,199.0,1.0,7.0,3.0,0.0,2.0,2.0,36.4,4.0
2026,13,2026-06-04,Hugo,Hall-Kahan,Adelaide Crows,INT,1.0,352.0,4.0,6.0,5.0,0.0,3.0,0.0,75.0,12.0
2026,13,2026-06-04,Ben,Keays,Adelaide Crows,INT,4.0,211.0,0.0,23.0,3.0,0.0,4.0,2.0,50.0,8.0
2026,13,2026-06-04,Rory,Laird,Adelaide Crows,HBFL,1.0,414.0,3.0,20.0,6.0,0.0,4.0,0.0,69.6,16.0
2026,13,2026-06-04,Lachlan,McAndrew,Adelaide Crows,RK,4.0,185.0,2.0,17.0,3.0,0.0,7.0,2.0,62.5,10.0
2026,13,2026-06-04,Max,Michalanney,Adelaide Crows,BPR,1.0,347.0,2.0,5.0,1.0,0.0,1.0,0.0,85.7,12.0
2026,13,2026-06-04,Wayne,Milera,Adelaide Crows,HBFR,4.0,537.0,4.0,4.0,5.0,0.0,5.0,0.0,83.3,20.0
2026,13,2026-06-04,Toby,Murray,Adelaide Crows,INT,1.0,185.0,1.0,6.0,3.0,0.0,2.0,1.0,83.3,5.0
2026,13,2026-06-04,Luke,Nankervis,Adelaide Crows,INT,1.0,156.0,9.0,9.0,3.0,0.0,7.0,0.0,90.0,9.0
2026,13,2026-06-04,Alex,Neal-Bullen,Adelaide Crows,FPL,5.0,157.0,1.0,31.0,2.0,1.0,5.0,1.0,80.0,12.0
2026,13,2026-06-04,James,Peatling,Adelaide Crows,RR,4.0,268.0,3.0,17.0,5.0,1.0,9.0,1.0,60.0,12.0
2026,13,2026-06-04,Josh,Rachele,Adelaide Crows,HFFR,6.0,266.0,0.0,23.0,2.0,0.0,1.0,3.0,66.7,8.0
2026,13,2026-06-04,Jake,Soligo,Adelaide Crows,INT,3.0,351.0,2.0,16.0,4.0,2.0,1.0,0.0,63.6,14.0
2026,13,2026-06-04,Zac,Taylor,Adelaide Crows,FPR,4.0,161.0,2.0,12.0,0.0,0.0,4.0,3.0,100.0,11.0
2026,13,2026-06-04,Taylor,Walker,Adelaide Crows,CHF,6.0,243.0,1.0,7.0,6.0,0.0,4.0,0.0,61.5,8.0
2026,13,2026-06-04,Josh,Worrell,Adelaide Crows,BPL,0.0,354.0,9.0,7.0,5.0,0.0,10.0,0.0,81.8,18.0
2026,13,2026-06-04,Tom,Atkins,Geelong Cats,R,3.0,171.0,0.0,21.0,1.0,0.0,4.0,1.0,81.3,13.0
2026,13,2026-06-04,Mark,Blicavs,Geelong Cats,INT,5.0,166.0,3.0,17.0,0.0,0.0,5.0,0.0,58.3,7.0
2026,13,2026-06-04,Jack,Bowes,Geelong Cats,INT,4.0,420.0,6.0,9.0,5.0,1.0,5.0,1.0,52.6,10.0
2026,13,2026-06-04,Tanner,Bruhn,Geelong Cats,INT,1.0,611.0,2.0,7.0,5.0,0.0,2.0,0.0,56.5,13.0
2026,13,2026-06-04,Jeremy,Cameron,Geelong Cats,HFFL,2.0,182.0,1.0,3.0,4.0,0.0,1.0,0.0,57.1,4.0
2026,13,2026-06-04,Patrick,Dangerfield,Geelong Cats,FPL,7.0,585.0,4.0,11.0,8.0,4.0,12.0,1.0,46.7,14.0
2026,13,2026-06-04,Sam,De Koning,Geelong Cats,RK,2.0,196.0,5.0,12.0,4.0,4.0,14.0,0.0,60.0,15.0
2026,13,2026-06-04,Oliver,Dempsey,Geelong Cats,WR,2.0,156.0,4.0,8.0,3.0,0.0,7.0,0.0,78.6,11.0
2026,13,2026-06-04,Zach,Guthrie,Geelong Cats,CHB,3.0,84.0,4.0,13.0,1.0,0.0,3.0,0.0,66.7,6.0
2026,13,2026-06-04,Jack,Henry,Geelong Cats,BPR,6.0,126.0,3.0,13.0,1.0,0.0,4.0,1.0,87.5,7.0
2026,13,2026-06-04,Oliver,Henry,Geelong Cats,CHF,7.0,126.0,1.0,12.0,0.0,0.0,4.0,1.0,76.9,10.0
2026,13,2026-06-04,Max,Holmes,Geelong Cats,RR,5.0,474.0,7.0,21.0,6.0,1.0,9.0,0.0,70.0,21.0
2026,13,2026-06-04,Jake,Kolodjashnij,Geelong Cats,HBFL,2.0,157.0,6.0,10.0,3.0,0.0,3.0,0.0,80.0,12.0
2026,13,2026-06-04,Shaun,Mannagh,Geelong Cats,INT,6.0,306.0,0.0,16.0,3.0,0.0,3.0,1.0,42.9,6.0
2026,13,2026-06-04,Jack,Martin,Geelong Cats,FPR,3.0,117.0,0.0,10.0,2.0,0.0,5.0,1.0,81.8,9.0
2026,13,2026-06-04,Gryan,Miers,Geelong Cats,WL,6.0,220.0,5.0,12.0,7.0,0.0,8.0,0.0,60.0,15.0
2026,13,2026-06-04,Oisin,Mullin,Geelong Cats,INT,2.0,322.0,2.0,14.0,3.0,1.0,4.0,0.0,71.4,10.0
2026,13,2026-06-04,Shannon,Neale,Geelong Cats,FF,6.0,228.0,1.0,14.0,1.0,1.0,2.0,2.0,57.1,4.0
2026,13,2026-06-04,Mark,O'Connor,Geelong Cats,HBFR,0.0,83.0,2.0,7.0,1.0,0.0,0.0,0.0,72.7,8.0
2026,13,2026-06-04,Connor,O'Sullivan,Geelong Cats,BPL,2.0,515.0,13.0,6.0,2.0,0.0,7.0,0.0,79.2,19.0
2026,13,2026-06-04,Bailey,Smith,Geelong Cats,C,5.0,541.0,5.0,13.0,8.0,4.0,12.0,0.0,58.8,20.0
2026,13,2026-06-04,Tom,Stewart,Geelong Cats,FB,1.0,261.0,3.0,8.0,2.0,0.0,4.0,0.0,86.7,13.0
2026,13,2026-06-04,Oliver,Wiltshire,Geelong Cats,HFFR,5.0,331.0,3.0,12.0,3.0,0.0,2.0,0.0,76.9,10.0
2026,13,2026-06-05,Karl,Amon,Hawthorn,HBFL,3.0,405.0,2.0,15.0,3.0,0.0,2.0,0.0,79.2,19.0
2026,13,2026-06-05,Josh,Battle,Hawthorn,FB,4.0,112.0,3.0,5.0,0.0,0.0,0.0,0.0,93.3,14.0
2026,13,2026-06-05,Mabior,Chol,Hawthorn,CHF,6.0,216.0,0.0,13.0,3.0,0.0,1.0,1.0,50.0,6.0
2026,13,2026-06-05,Massimo,D'Ambrosio,Hawthorn,WL,4.0,628.0,4.0,20.0,10.0,0.0,4.0,0.0,67.9,19.0
2026,13,2026-06-05,Will,Day,Hawthorn,INT,5.0,257.0,5.0,25.0,3.0,2.0,5.0,3.0,80.0,20.0
2026,13,2026-06-05,Jack,Ginnivan,Hawthorn,HFFR,6.0,450.0,3.0,8.0,5.0,0.0,3.0,1.0,53.8,14.0
2026,13,2026-06-05,Blake,Hardwick,Hawthorn,FPL,2.0,187.0,1.0,7.0,2.0,0.0,1.0,1.0,42.9,3.0
2026,13,2026-06-05,Jarman,Impey,Hawthorn,BPR,4.0,407.0,9.0,8.0,5.0,0.0,8.0,0.0,82.8,24.0
2026,13,2026-06-05,Mitch,Lewis,Hawthorn,FF,5.0,109.0,0.0,8.0,2.0,0.0,1.0,2.0,66.7,6.0
2026,13,2026-06-05,Bailey,Macdonald,Hawthorn,HBFR,2.0,61.0,5.0,13.0,0.0,0.0,4.0,0.0,84.6,11.0
2026,13,2026-06-05,Connor,Macdonald,Hawthorn,INT,6.0,347.0,0.0,16.0,3.0,0.0,5.0,0.0,55.0,11.0
2026,13,2026-06-05,Cam,Mackenzie,Hawthorn,C,6.0,226.0,1.0,23.0,2.0,0.0,3.0,0.0,85.7,18.0
2026,13,2026-06-05,Lloyd,Meek,Hawthorn,INT,4.0,217.0,3.0,8.0,4.0,1.0,3.0,1.0,50.0,8.0
2026,13,2026-06-05,Dylan,Moore,Hawthorn,HFFL,4.0,112.0,1.0,21.0,1.0,0.0,2.0,1.0,88.2,15.0
2026,13,2026-06-05,Cameron,Nairn,Hawthorn,INT,2.0,94.0,4.0,8.0,2.0,0.0,4.0,0.0,75.0,9.0
2026,13,2026-06-05,Jai,Newcombe,Hawthorn,RR,6.0,450.0,8.0,15.0,5.0,4.0,10.0,0.0,75.0,27.0
2026,13,2026-06-05,Flynn,Perez,Hawthorn,WR,2.0,152.0,4.0,12.0,3.0,0.0,5.0,0.0,84.6,11.0
2026,13,2026-06-05,Ned,Reeves,Hawthorn,RK,5.0,165.0,1.0,11.0,2.0,1.0,1.0,1.0,44.4,4.0
2026,13,2026-06-05,Bodie,Ryan,Hawthorn,INT,2.0,239.0,1.0,5.0,0.0,0.0,0.0,0.0,88.9,8.0
2026,13,2026-06-05,James,Sicily,Hawthorn,BPL,5.0,320.0,10.0,10.0,3.0,0.0,5.0,0.0,86.4,19.0
2026,13,2026-06-05,Josh,Ward,Hawthorn,R,7.0,372.0,4.0,23.0,4.0,2.0,7.0,0.0,82.8,24.0
2026,13,2026-06-05,Nick,Watson,Hawthorn,FPR,8.0,325.0,1.0,9.0,1.0,1.0,6.0,2.0,63.6,7.0
2026,13,2026-06-05,Josh,Weddle,Hawthorn,CHB,3.0,393.0,7.0,10.0,6.0,0.0,3.0,0.0,76.5,13.0
2026,13,2026-06-05,Marcus,Bontempelli,Western Bulldogs,C,8.0,474.0,4.0,28.0,8.0,5.0,7.0,1.0,70.8,17.0
2026,13,2026-06-05,Lachlan,Bramble,Western Bulldogs,WR,1.0,352.0,3.0,14.0,3.0,0.0,2.0,0.0,77.8,14.0
2026,13,2026-06-05,Connor,Budarick,Western Bulldogs,HBFL,0.0,221.0,3.0,15.0,4.0,0.0,2.0,0.0,44.4,4.0
2026,13,2026-06-05,Nick,Coffield,Western Bulldogs,INT,0.0,204.0,7.0,5.0,3.0,0.0,3.0,0.0,80.0,12.0
2026,13,2026-06-05,Jordan,Croft,Western Bulldogs,CHF,4.0,191.0,3.0,22.0,3.0,0.0,2.0,1.0,60.0,6.0
2026,13,2026-06-05,Bailey,Dale,Western Bulldogs,HBFR,3.0,702.0,11.0,10.0,8.0,0.0,7.0,0.0,72.2,26.0
2026,13,2026-06-05,Tim,English,Western Bulldogs,RK,3.0,239.0,2.0,11.0,1.0,0.0,0.0,1.0,64.3,9.0
2026,13,2026-06-05,Joel,Freijah,Western Bulldogs,INT,4.0,95.0,3.0,21.0,3.0,2.0,5.0,0.0,66.7,8.0
2026,13,2026-06-05,Cooper,Hynes,Western Bulldogs,INT,2.0,560.0,4.0,10.0,3.0,0.0,6.0,0.0,57.1,12.0
2026,13,2026-06-05,Arthur,Jones,Western Bulldogs,WL,1.0,275.0,1.0,13.0,8.0,0.0,5.0,0.0,50.0,9.0
2026,13,2026-06-05,Matthew,Kennedy,Western Bulldogs,RR,2.0,165.0,1.0,26.0,2.0,2.0,7.0,1.0,68.2,15.0
2026,13,2026-06-05,Buku,Khamis,Western Bulldogs,FB,0.0,289.0,5.0,9.0,4.0,0.0,2.0,0.0,70.0,7.0
2026,13,2026-06-05,Will,Lewis,Western Bulldogs,FPL,1.0,47.0,2.0,14.0,3.0,0.0,1.0,2.0,50.0,2.0
2026,13,2026-06-05,Rory,Lobb,Western Bulldogs,BPL,3.0,194.0,4.0,12.0,1.0,0.0,4.0,2.0,72.7,8.0
2026,13,2026-06-05,Lachlan,McNeil,Western Bulldogs,INT,0.0,8.0,2.0,4.0,0.0,0.0,1.0,1.0,33.3,1.0
2026,13,2026-06-05,Aaron,Naughton,Western Bulldogs,FF,3.0,120.0,1.0,9.0,0.0,0.0,2.0,0.0,60.0,6.0
2026,13,2026-06-05,James,O'Donnell,Western Bulldogs,CHB,1.0,189.0,3.0,3.0,3.0,0.0,2.0,0.0,81.8,9.0
2026,13,2026-06-05,Ed,Richards,Western Bulldogs,R,5.0,677.0,1.0,28.0,4.0,1.0,6.0,0.0,57.1,16.0
2026,13,2026-06-05,Ryley,Sanders,Western Bulldogs,HFFL,5.0,172.0,2.0,32.0,4.0,2.0,10.0,1.0,78.3,18.0
2026,13,2026-06-05,Michael,Sellwood,Western Bulldogs,BPR,0.0,244.0,4.0,11.0,6.0,0.0,2.0,0.0,100.0,11.0
2026,13,2026-06-05,Adam,Treloar,Western Bulldogs,HFFR,4.0,239.0,0.0,9.0,3.0,0.0,0.0,1.0,66.7,8.0
2026,13,2026-06-05,Cody,Weightman,Western Bulldogs,FPR,2.0,131.0,2.0,14.0,0.0,0.0,4.0,1.0,63.6,7.0
2026,13,2026-06-05,Rhylee,West,Western Bulldogs,INT,3.0,129.0,1.0,20.0,2.0,0.0,2.0,2.0,60.0,6.0
2026,13,2026-06-06,Charlie,Comben,North Melbourne,BPR,2.0,257.0,1.0,7.0,3.0,0.0,0.0,0.0,81.8,9.0
2026,13,2026-06-06,Paul,Curtis,North Melbourne,HFFL,3.0,86.0,0.0,13.0,0.0,0.0,1.0,5.0,71.4,5.0
2026,13,2026-06-06,Caleb,Daniel,North Melbourne,CHB,3.0,425.0,3.0,8.0,1.0,0.0,3.0,0.0,88.9,24.0
2026,13,2026-06-06,Jack,Darling,North Melbourne,INT,4.0,91.0,1.0,3.0,1.0,0.0,4.0,0.0,50.0,5.0
2026,13,2026-06-06,Luke,Davies-Uniacke,North Melbourne,RR,3.0,356.0,6.0,24.0,3.0,1.0,8.0,0.0,60.0,12.0
2026,13,2026-06-06,Wil,Dawson,North Melbourne,BPL,2.0,68.0,0.0,3.0,0.0,0.0,0.0,0.0,75.0,3.0
2026,13,2026-06-06,Zane,Duursma,North Melbourne,INT,0.0,99.0,0.0,7.0,0.0,0.0,0.0,0.0,66.7,4.0
2026,13,2026-06-06,Zac,Fisher,North Melbourne,INT,0.0,140.0,1.0,5.0,1.0,0.0,2.0,0.0,85.7,12.0
2026,13,2026-06-06,Riley,Hardeman,North Melbourne,INT,0.0,196.0,1.0,4.0,4.0,0.0,0.0,0.0,37.5,3.0
2026,13,2026-06-06,Jacob,Konstanty,North Melbourne,FPR,4.0,108.0,0.0,9.0,2.0,0.0,2.0,0.0,87.5,7.0
2026,13,2026-06-06,Nick,Larkey,North Melbourne,FF,3.0,133.0,1.0,2.0,0.0,0.0,0.0,0.0,71.4,5.0
2026,13,2026-06-06,Griffin,Logue,North Melbourne,FB,1.0,108.0,8.0,4.0,3.0,0.0,4.0,0.0,90.9,10.0
2026,13,2026-06-06,Luke,McDonald,North Melbourne,HBFL,2.0,203.0,1.0,7.0,2.0,0.0,1.0,0.0,100.0,16.0
2026,13,2026-06-06,Colby,McKercher,North Melbourne,C,2.0,115.0,4.0,13.0,4.0,2.0,5.0,1.0,78.9,15.0
2026,13,2026-06-06,Luke,Parker,North Melbourne,HBFR,1.0,518.0,8.0,6.0,9.0,0.0,4.0,0.0,80.8,21.0
2026,13,2026-06-06,Harry,Sheezel,North Melbourne,R,3.0,187.0,3.0,18.0,3.0,2.0,9.0,0.0,81.5,22.0
2026,13,2026-06-06,Jy,Simpkin,North Melbourne,WL,1.0,223.0,2.0,9.0,2.0,0.0,1.0,1.0,70.6,12.0
2026,13,2026-06-06,Charlie,Spargo,North Melbourne,HFFR,3.0,177.0,1.0,10.0,2.0,0.0,2.0,2.0,69.2,9.0
2026,13,2026-06-06,Dylan,Stephens,North Melbourne,WR,1.0,417.0,1.0,10.0,4.0,0.0,2.0,0.0,68.2,15.0
2026,13,2026-06-06,Cooper,Trembath,North Melbourne,CHF,2.0,174.0,1.0,7.0,2.0,2.0,0.0,1.0,85.7,12.0
2026,13,2026-06-06,George,Wardlaw,North Melbourne,INT,4.0,85.0,2.0,23.0,2.0,3.0,5.0,2.0,81.8,9.0
2026,13,2026-06-06,Tristan,Xerri,North Melbourne,RK,1.0,29.0,1.0,11.0,1.0,1.0,5.0,0.0,50.0,6.0
2026,13,2026-06-06,Cameron,Zurhaar,North Melbourne,FPL,2.0,311.0,3.0,8.0,4.0,0.0,4.0,0.0,60.0,9.0
2026,13,2026-06-06,Jye,Amiss,Fremantle,FF,5.0,77.0,2.0,3.0,1.0,0.0,1.0,0.0,60.0,6.0
2026,13,2026-06-06,Shai,Bolton,Fremantle,RR,8.0,411.0,2.0,13.0,5.0,2.0,3.0,0.0,85.2,23.0
2026,13,2026-06-06,Andrew,Brayshaw,Fremantle,C,10.0,560.0,3.0,17.0,5.0,5.0,8.0,0.0,76.7,23.0
2026,13,2026-06-06,Heath,Chapman,Fremantle,BPR,4.0,119.0,2.0,4.0,1.0,0.0,1.0,0.0,91.7,11.0
2026,13,2026-06-06,Jordan,Clark,Fremantle,HBFL,4.0,375.0,3.0,4.0,3.0,0.0,1.0,0.0,89.5,17.0
2026,13,2026-06-06,Mason,Cox,Fremantle,INT,3.0,16.0,0.0,6.0,1.0,1.0,1.0,0.0,66.7,2.0
2026,13,2026-06-06,Isaiah,Dudley,Fremantle,INT,4.0,128.0,2.0,9.0,3.0,0.0,5.0,0.0,83.3,10.0
2026,13,2026-06-06,Neil,Erasmus,Fremantle,WL,8.0,197.0,5.0,19.0,2.0,2.0,4.0,2.0,95.5,21.0
2026,13,2026-06-06,Michael,Frederick,Fremantle,CHF,9.0,157.0,1.0,7.0,0.0,0.0,0.0,0.0,90.9,10.0
2026,13,2026-06-06,Luke,Jackson,Fremantle,RK,13.0,182.0,1.0,4.0,1.0,3.0,3.0,0.0,89.5,17.0
2026,13,2026-06-06,Oscar,McDonald,Fremantle,BPL,5.0,183.0,3.0,1.0,1.0,0.0,2.0,0.0,85.7,12.0
2026,13,2026-06-06,Judd,McVee,Fremantle,INT,4.0,261.0,1.0,4.0,1.0,0.0,0.0,0.0,87.5,14.0
2026,13,2026-06-06,Nathan,O'Driscoll,Fremantle,INT,8.0,332.0,4.0,9.0,3.0,0.0,4.0,0.0,82.6,19.0
2026,13,2026-06-06,Jaeger,O'Meara,Fremantle,INT,5.0,211.0,3.0,9.0,3.0,0.0,2.0,2.0,81.3,13.0
2026,13,2026-06-06,Alex,Pearce,Fremantle,FB,1.0,17.0,3.0,0.0,0.0,0.0,1.0,0.0,100.0,4.0
2026,13,2026-06-06,Murphy,Reid,Fremantle,HFFL,9.0,439.0,2.0,11.0,2.0,1.0,6.0,0.0,60.9,14.0
2026,13,2026-06-06,Luke,Ryan,Fremantle,CHB,4.0,378.0,6.0,5.0,1.0,0.0,4.0,0.0,100.0,24.0
2026,13,2026-06-06,Sam,Switkowski,Fremantle,HFFR,5.0,262.0,2.0,12.0,0.0,0.0,5.0,0.0,76.9,10.0
2026,13,2026-06-06,Josh,Treacy,Fremantle,FPR,6.0,218.0,1.0,7.0,3.0,0.0,1.0,0.0,69.2,9.0
2026,13,2026-06-06,Patrick,Voss,Fremantle,FPL,15.0,561.0,1.0,4.0,2.0,0.0,2.0,2.0,65.0,13.0
2026,13,2026-06-06,Corey,Wagner,Fremantle,WR,6.0,385.0,0.0,8.0,3.0,0.0,0.0,0.0,66.7,10.0
2026,13,2026-06-06,Karl,Worner,Fremantle,HBFR,3.0,233.0,1.0,6.0,2.0,0.0,1.0,0.0,78.6,11.0
2026,13,2026-06-06,Hayden,Young,Fremantle,R,8.0,411.0,4.0,12.0,5.0,3.0,5.0,0.0,73.9,17.0
2026,13,2026-06-06,Oscar,Adams,Gold Coast SUNS,INT,2.0,168.0,6.0,8.0,3.0,0.0,2.0,0.0,66.7,8.0
2026,13,2026-06-06,Noah,Anderson,Gold Coast SUNS,RR,5.0,454.0,4.0,22.0,6.0,1.0,8.0,0.0,72.0,18.0
2026,13,2026-06-06,Mac,Andrew,Gold Coast SUNS,BPR,1.0,342.0,7.0,14.0,4.0,0.0,3.0,0.0,73.3,11.0
2026,13,2026-06-06,Sam,Collins,Gold Coast SUNS,FB,2.0,162.0,9.0,13.0,2.0,0.0,3.0,0.0,86.7,13.0
2026,13,2026-06-06,Will,Graham,Gold Coast SUNS,CHF,3.0,78.0,0.0,9.0,0.0,0.0,1.0,0.0,50.0,2.0
2026,13,2026-06-06,Lachlan,Gulbin,Gold Coast SUNS,INT,2.0,160.0,4.0,10.0,1.0,0.0,2.0,0.0,83.3,10.0
2026,13,2026-06-06,Bailey,Humphrey,Gold Coast SUNS,HFFL,2.0,229.0,0.0,11.0,7.0,1.0,3.0,1.0,66.7,8.0
2026,13,2026-06-06,Joel,Jeffrey,Gold Coast SUNS,INT,3.0,287.0,1.0,20.0,0.0,0.0,1.0,0.0,100.0,10.0
2026,13,2026-06-06,Ben,King,Gold Coast SUNS,FF,6.0,164.0,0.0,5.0,1.0,0.0,1.0,0.0,75.0,6.0
2026,13,2026-06-06,Leonardo,Lombard,Gold Coast SUNS,FPL,5.0,258.0,1.0,14.0,4.0,0.0,8.0,1.0,68.4,13.0
2026,13,2026-06-06,Ben,Long,Gold Coast SUNS,INT,6.0,253.0,2.0,5.0,3.0,0.0,5.0,0.0,61.5,8.0
2026,13,2026-06-06,Touk,Miller,Gold Coast SUNS,HFFR,5.0,199.0,2.0,7.0,2.0,0.0,0.0,0.0,91.7,22.0
2026,13,2026-06-06,Ned,Moyle,Gold Coast SUNS,RK,3.0,148.0,1.0,10.0,3.0,2.0,2.0,1.0,66.7,6.0
2026,13,2026-06-06,Jai,Murray,Gold Coast SUNS,BPL,3.0,145.0,2.0,8.0,0.0,0.0,2.0,0.0,100.0,9.0
2026,13,2026-06-06,John,Noble,Gold Coast SUNS,WR,6.0,651.0,6.0,10.0,3.0,0.0,5.0,0.0,88.9,32.0
2026,13,2026-06-06,Christian,Petracca,Gold Coast SUNS,C,7.0,308.0,0.0,18.0,4.0,2.0,7.0,0.0,70.0,14.0
2026,13,2026-06-06,Wil,Powell,Gold Coast SUNS,CHB,2.0,405.0,4.0,12.0,2.0,0.0,4.0,0.0,82.4,14.0
2026,13,2026-06-06,Daniel,Rioli,Gold Coast SUNS,HBFR,6.0,620.0,6.0,9.0,6.0,0.0,3.0,0.0,70.4,19.0
2026,13,2026-06-06,Matt,Rowell,Gold Coast SUNS,R,2.0,213.0,2.0,30.0,5.0,1.0,4.0,0.0,62.5,10.0
2026,13,2026-06-06,Bodhi,Uwland,Gold Coast SUNS,HBFL,4.0,456.0,7.0,4.0,6.0,0.0,4.0,0.0,82.6,19.0
2026,13,2026-06-06,Jed,Walter,Gold Coast SUNS,FPR,2.0,201.0,0.0,1.0,4.0,0.0,1.0,0.0,42.9,3.0
2026,13,2026-06-06,Lachie,Weller,Gold Coast SUNS,WL,0.0,58.0,2.0,3.0,0.0,0.0,2.0,0.0,75.0,6.0
2026,13,2026-06-06,Jarrod,Witts,Gold Coast SUNS,INT,1.0,89.0,0.0,4.0,2.0,0.0,1.0,0.0,50.0,2.0
2026,13,2026-06-06,Harris,Andrews,Brisbane Lions,FB,3.0,192.0,9.0,4.0,0.0,0.0,3.0,0.0,91.7,11.0
2026,13,2026-06-06,Noah,Answerth,Brisbane Lions,BPR,3.0,189.0,5.0,14.0,2.0,0.0,1.0,0.0,88.9,8.0
2026,13,2026-06-06,Levi,Ashcroft,Brisbane Lions,HFFR,2.0,168.0,1.0,14.0,2.0,0.0,3.0,0.0,57.1,8.0
2026,13,2026-06-06,Will,Ashcroft,Brisbane Lions,INT,6.0,345.0,0.0,15.0,3.0,1.0,4.0,1.0,59.1,13.0
2026,13,2026-06-06,Zac,Bailey,Brisbane Lions,C,8.0,436.0,1.0,12.0,3.0,0.0,4.0,0.0,70.8,17.0
2026,13,2026-06-06,Jarrod,Berry,Brisbane Lions,WL,4.0,496.0,7.0,7.0,8.0,0.0,6.0,0.0,57.9,11.0
2026,13,2026-06-06,Shadeau,Brain,Brisbane Lions,INT,5.0,439.0,4.0,3.0,3.0,0.0,1.0,0.0,69.2,9.0
2026,13,2026-06-06,Charlie,Cameron,Brisbane Lions,HFFL,4.0,243.0,2.0,17.0,3.0,0.0,3.0,2.0,61.1,11.0
2026,13,2026-06-06,Sam,Draper,Brisbane Lions,RK,6.0,259.0,1.0,4.0,3.0,2.0,1.0,0.0,55.6,5.0
2026,13,2026-06-06,Josh,Dunkley,Brisbane Lions,RR,5.0,345.0,2.0,21.0,2.0,2.0,7.0,1.0,57.9,11.0
2026,13,2026-06-06,Jaspa,Fletcher,Brisbane Lions,HBFR,0.0,250.0,2.0,15.0,2.0,0.0,2.0,0.0,84.6,11.0
2026,13,2026-06-06,Darcy,Fort,Brisbane Lions,INT,5.0,88.0,1.0,9.0,2.0,2.0,2.0,0.0,75.0,9.0
2026,13,2026-06-06,Ty,Gallop,Brisbane Lions,FPL,3.0,110.0,0.0,13.0,7.0,0.0,2.0,3.0,33.3,2.0
2026,13,2026-06-06,Darcy,Gardiner,Brisbane Lions,CHB,1.0,29.0,3.0,8.0,0.0,0.0,2.0,0.0,100.0,6.0
2026,13,2026-06-06,Darragh,Joyce,Brisbane Lions,BPL,2.0,115.0,3.0,4.0,1.0,0.0,1.0,0.0,75.0,6.0
2026,13,2026-06-06,Kai,Lohmann,Brisbane Lions,FPR,4.0,193.0,0.0,21.0,3.0,0.0,4.0,1.0,75.0,9.0
2026,13,2026-06-06,Conor,McKenna,Brisbane Lions,INT,5.0,161.0,3.0,15.0,2.0,0.0,2.0,3.0,62.5,5.0
2026,13,2026-06-06,Logan,Morris,Brisbane Lions,CHF,15.0,494.0,3.0,7.0,2.0,0.0,2.0,0.0,64.7,11.0
2026,13,2026-06-06,Lachie,Neale,Brisbane Lions,R,10.0,470.0,6.0,20.0,4.0,6.0,13.0,0.0,78.4,29.0
2026,13,2026-06-06,Cam,Rayner,Brisbane Lions,FF,5.0,300.0,1.0,10.0,4.0,1.0,2.0,0.0,71.4,10.0
2026,13,2026-06-06,Bruce,Reville,Brisbane Lions,INT,4.0,379.0,3.0,9.0,2.0,0.0,4.0,1.0,81.3,13.0
2026,13,2026-06-06,James,Tunstill,Brisbane Lions,WR,1.0,52.0,2.0,12.0,4.0,1.0,4.0,0.0,70.0,7.0
2026,13,2026-06-06,Darcy,Wilmot,Brisbane Lions,HBFL,2.0,517.0,10.0,8.0,4.0,0.0,3.0,0.0,84.0,21.0
2026,13,2026-06-06,Bo,Allan,West Coast Eagles,WR,4.0,318.0,5.0,9.0,2.0,0.0,4.0,0.0,57.1,8.0
2026,13,2026-06-06,Liam,Baker,West Coast Eagles,HBFR,4.0,369.0,10.0,13.0,3.0,0.0,3.0,0.0,76.2,16.0
2026,13,2026-06-06,Rhett,Bazzo,West Coast Eagles,HBFL,0.0,35.0,8.0,4.0,1.0,0.0,3.0,0.0,63.6,7.0
2026,13,2026-06-06,Malakai,Champion,West Coast Eagles,INT,1.0,64.0,1.0,11.0,3.0,0.0,2.0,2.0,50.0,2.0
2026,13,2026-06-06,Tom,Cole,West Coast Eagles,FPR,5.0,297.0,1.0,6.0,4.0,0.0,1.0,1.0,57.1,8.0
2026,13,2026-06-06,Hamish,Davis,West Coast Eagles,INT,3.0,-15.0,6.0,7.0,0.0,0.0,8.0,0.0,88.2,15.0
2026,13,2026-06-06,Cooper,Duff-Tytler,West Coast Eagles,INT,1.0,40.0,0.0,12.0,0.0,1.0,3.0,3.0,66.7,6.0
2026,13,2026-06-06,Liam,Duggan,West Coast Eagles,BPL,2.0,510.0,3.0,4.0,2.0,0.0,4.0,0.0,88.9,16.0
2026,13,2026-06-06,Willem,Duursma,West Coast Eagles,INT,5.0,204.0,4.0,18.0,6.0,1.0,8.0,0.0,52.2,12.0
2026,13,2026-06-06,Reuben,Ginbey,West Coast Eagles,FB,2.0,136.0,10.0,3.0,2.0,0.0,5.0,0.0,83.3,10.0
2026,13,2026-06-06,Brady,Hough,West Coast Eagles,WL,2.0,233.0,0.0,17.0,4.0,0.0,3.0,1.0,80.0,8.0
2026,13,2026-06-06,Harvey,Johnston,West Coast Eagles,FPL,2.0,66.0,0.0,11.0,2.0,0.0,2.0,1.0,87.5,7.0
2026,13,2026-06-06,Tim,Kelly,West Coast Eagles,R,4.0,572.0,0.0,9.0,5.0,2.0,7.0,1.0,65.4,17.0
2026,13,2026-06-06,Ryan,Maric,West Coast Eagles,HFFL,3.0,387.0,2.0,5.0,6.0,0.0,2.0,0.0,62.5,10.0
2026,13,2026-06-06,Tom,McCarthy,West Coast Eagles,INT,4.0,590.0,7.0,11.0,6.0,0.0,5.0,0.0,87.1,27.0
2026,13,2026-06-06,Milan,Murdock,West Coast Eagles,HFFR,3.0,29.0,1.0,14.0,4.0,0.0,1.0,3.0,68.8,11.0
2026,13,2026-06-06,Harley,Reid,West Coast Eagles,RR,7.0,365.0,3.0,22.0,2.0,5.0,5.0,1.0,80.0,20.0
2026,13,2026-06-06,Jobe,Shanahan,West Coast Eagles,CHF,4.0,240.0,0.0,11.0,2.0,0.0,3.0,2.0,55.6,5.0
2026,13,2026-06-06,Brandon,Starcevich,West Coast Eagles,BPR,2.0,227.0,4.0,6.0,4.0,1.0,7.0,0.0,76.9,10.0
2026,13,2026-06-06,Jake,Waterman,West Coast Eagles,FF,8.0,248.0,0.0,5.0,3.0,0.0,1.0,3.0,57.9,11.0
2026,13,2026-06-06,Bailey J.,Williams,West Coast Eagles,RK,5.0,265.0,2.0,17.0,3.0,2.0,3.0,1.0,75.0,9.0
2026,13,2026-06-06,Elliot,Yeo,West Coast Eagles,C,3.0,376.0,2.0,19.0,5.0,2.0,3.0,3.0,60.0,9.0
2026,13,2026-06-06,Tylar,Young,West Coast Eagles,CHB,1.0,216.0,10.0,3.0,2.0,0.0,6.0,0.0,71.4,10.0
2026,13,2026-06-06,Aliir,Aliir,Port Adelaide,CHB,1.0,193.0,9.0,5.0,3.0,0.0,6.0,0.0,75.0,9.0
2026,13,2026-06-06,Joe,Berry,Port Adelaide,HFFR,4.0,117.0,2.0,12.0,1.0,0.0,3.0,1.0,75.0,6.0
2026,13,2026-06-06,Jase,Burgoyne,Port Adelaide,WR,4.0,500.0,5.0,10.0,10.0,0.0,4.0,1.0,54.2,13.0
2026,13,2026-06-06,Zak,Butters,Port Adelaide,RR,4.0,328.0,6.0,17.0,3.0,2.0,11.0,1.0,63.0,17.0
2026,13,2026-06-06,Darcy,Byrne-Jones,Port Adelaide,HBFL,3.0,497.0,5.0,18.0,7.0,1.0,6.0,0.0,79.2,19.0
2026,13,2026-06-06,Tom,Cochrane,Port Adelaide,HFFL,6.0,255.0,0.0,12.0,3.0,0.0,3.0,2.0,44.4,4.0
2026,13,2026-06-06,Willem,Drew,Port Adelaide,R,2.0,283.0,2.0,20.0,5.0,0.0,5.0,2.0,70.6,12.0
2026,13,2026-06-06,Corey,Durdin,Port Adelaide,FPL,7.0,309.0,1.0,7.0,4.0,0.0,1.0,1.0,58.3,7.0
2026,13,2026-06-06,Logan,Evans,Port Adelaide,BPL,0.0,318.0,1.0,14.0,6.0,0.0,1.0,0.0,70.0,14.0
2026,13,2026-06-06,Mitch,Georgiades,Port Adelaide,CHF,7.0,286.0,1.0,4.0,2.0,0.0,1.0,0.0,66.7,10.0
2026,13,2026-06-06,Jason,Horne-Francis,Port Adelaide,C,6.0,342.0,2.0,12.0,3.0,1.0,2.0,1.0,72.2,13.0
2026,13,2026-06-06,Lachie,Jones,Port Adelaide,HBFR,0.0,253.0,6.0,5.0,3.0,0.0,4.0,0.0,75.0,9.0
2026,13,2026-06-06,Josh,Lai,Port Adelaide,BPR,0.0,39.0,3.0,5.0,1.0,0.0,1.0,0.0,75.0,3.0
2026,13,2026-06-06,Ewan,Mackinlay,Port Adelaide,WL,3.0,293.0,0.0,19.0,3.0,0.0,0.0,0.0,88.9,8.0
2026,13,2026-06-06,Todd,Marshall,Port Adelaide,INT,3.0,157.0,1.0,7.0,2.0,0.0,2.0,1.0,62.5,5.0
2026,13,2026-06-06,Jackson,Mead,Port Adelaide,INT,4.0,166.0,1.0,18.0,4.0,0.0,6.0,0.0,60.0,9.0
2026,13,2026-06-06,Christian,Moraes,Port Adelaide,INT,2.0,73.0,1.0,10.0,1.0,0.0,3.0,0.0,57.1,4.0
2026,13,2026-06-06,Esava,Ratugolea,Port Adelaide,FB,1.0,201.0,12.0,5.0,2.0,0.0,6.0,0.0,75.0,12.0
2026,13,2026-06-06,Joe,Richards,Port Adelaide,FPR,4.0,364.0,3.0,23.0,5.0,0.0,6.0,0.0,61.1,11.0
2026,13,2026-06-06,Jordon,Sweet,Port Adelaide,RK,4.0,140.0,1.0,10.0,1.0,2.0,2.0,0.0,68.8,11.0
2026,13,2026-06-06,Jacob,Wehr,Port Adelaide,INT,2.0,332.0,4.0,10.0,2.0,0.0,4.0,0.0,75.0,9.0
2026,13,2026-06-06,Jack,Whitlock,Port Adelaide,FF,2.0,128.0,0.0,2.0,3.0,0.0,0.0,0.0,50.0,2.0
2026,13,2026-06-06,Ollie,Wines,Port Adelaide,INT,4.0,305.0,5.0,11.0,5.0,1.0,8.0,0.0,73.7,14.0
2026,13,2026-06-07,Joel,Amartey,Sydney Swans,FPL,4.0,71.0,0.0,7.0,2.0,0.0,5.0,0.0,72.7,8.0
2026,13,2026-06-07,Riley,Bice,Sydney Swans,INT,1.0,289.0,3.0,10.0,3.0,0.0,6.0,0.0,72.0,18.0
2026,13,2026-06-07,Nick,Blakey,Sydney Swans,CHB,3.0,644.0,2.0,7.0,5.0,0.0,1.0,0.0,84.6,22.0
2026,13,2026-06-07,Caiden,Cleary,Sydney Swans,HFFR,6.0,187.0,3.0,22.0,3.0,0.0,7.0,2.0,58.8,10.0
2026,13,2026-06-07,Charlie,Curnow,Sydney Swans,FF,9.0,421.0,1.0,7.0,4.0,0.0,4.0,0.0,46.7,7.0
2026,13,2026-06-07,William,Edwards,Sydney Swans,BPR,4.0,229.0,8.0,8.0,1.0,0.0,4.0,0.0,87.5,14.0
2026,13,2026-06-07,Brodie,Grundy,Sydney Swans,RK,2.0,222.0,0.0,14.0,3.0,5.0,4.0,1.0,56.3,9.0
2026,13,2026-06-07,Isaac,Heeney,Sydney Swans,RR,10.0,443.0,5.0,16.0,5.0,4.0,9.0,1.0,73.3,22.0
2026,13,2026-06-07,James,Jordon,Sydney Swans,WR,5.0,326.0,1.0,18.0,4.0,1.0,2.0,2.0,84.2,16.0
2026,13,2026-06-07,Harry,Kyle,Sydney Swans,INT,0.0,202.0,6.0,9.0,0.0,0.0,4.0,0.0,84.6,11.0
2026,13,2026-06-07,Jake,Lloyd,Sydney Swans,HFFL,3.0,472.0,1.0,15.0,4.0,0.0,3.0,0.0,74.1,20.0
2026,13,2026-06-07,Tom,McCartin,Sydney Swans,FB,1.0,91.0,6.0,5.0,1.0,0.0,1.0,0.0,81.8,9.0
2026,13,2026-06-07,Logan,McDonald,Sydney Swans,FPR,8.0,244.0,5.0,14.0,1.0,0.0,2.0,0.0,76.2,16.0
2026,13,2026-06-07,Justin,McInerney,Sydney Swans,R,4.0,251.0,2.0,9.0,4.0,1.0,3.0,1.0,50.0,7.0
2026,13,2026-06-07,Hayden,McLean,Sydney Swans,INT,6.0,158.0,3.0,14.0,3.0,1.0,4.0,0.0,70.0,7.0
2026,13,2026-06-07,Callum,Mills,Sydney Swans,BPL,6.0,370.0,8.0,11.0,3.0,0.0,6.0,0.0,80.0,20.0
2026,13,2026-06-07,Matt,Roberts,Sydney Swans,HBFL,3.0,208.0,3.0,23.0,1.0,0.0,4.0,0.0,78.6,11.0
2026,13,2026-06-07,Malcolm,Rosas,Sydney Swans,INT,6.0,267.0,2.0,18.0,3.0,0.0,5.0,2.0,75.0,9.0
2026,13,2026-06-07,James,Rowbottom,Sydney Swans,CHF,7.0,225.0,0.0,35.0,7.0,1.0,9.0,2.0,47.1,8.0
2026,13,2026-06-07,Jai,Serong,Sydney Swans,WL,2.0,283.0,9.0,9.0,3.0,0.0,8.0,0.0,82.1,23.0
2026,13,2026-06-07,Angus,Sheldrick,Sydney Swans,INT,6.0,211.0,2.0,22.0,3.0,1.0,5.0,0.0,82.4,14.0
2026,13,2026-06-07,Chad,Warner,Sydney Swans,C,8.0,522.0,2.0,20.0,4.0,2.0,6.0,0.0,55.2,16.0
2026,13,2026-06-07,Sam,Wicks,Sydney Swans,HBFR,2.0,386.0,5.0,10.0,4.0,0.0,5.0,0.0,86.4,19.0
2026,13,2026-06-07,Ryan,Byrnes,St Kilda,INT,1.0,173.0,1.0,12.0,4.0,1.0,2.0,0.0,69.2,9.0
2026,13,2026-06-07,Anthony,Caminiti,St Kilda,FPR,1.0,41.0,8.0,7.0,0.0,0.0,6.0,0.0,100.0,8.0
2026,13,2026-06-07,Tom,De Koning,St Kilda,RK,6.0,129.0,1.0,14.0,3.0,1.0,5.0,0.0,53.3,8.0
2026,13,2026-06-07,Hugo,Garcia,St Kilda,WR,7.0,586.0,2.0,26.0,7.0,3.0,9.0,0.0,65.5,19.0
2026,13,2026-06-07,Max,Hall,St Kilda,WL,9.0,377.0,2.0,36.0,2.0,0.0,11.0,2.0,74.1,20.0
2026,13,2026-06-07,Angus,Hastie,St Kilda,CHB,3.0,122.0,2.0,22.0,1.0,0.0,0.0,0.0,100.0,9.0
2026,13,2026-06-07,Bradley,Hill,St Kilda,HBFR,3.0,371.0,4.0,16.0,4.0,0.0,3.0,0.0,83.3,20.0
2026,13,2026-06-07,Campbell,Lake,St Kilda,HFFR,2.0,153.0,1.0,16.0,1.0,1.0,5.0,2.0,72.7,8.0
2026,13,2026-06-07,Jack,Macrae,St Kilda,INT,3.0,39.0,3.0,15.0,4.0,0.0,8.0,2.0,57.9,11.0
2026,13,2026-06-07,Rowan,Marshall,St Kilda,INT,4.0,362.0,1.0,18.0,5.0,3.0,4.0,0.0,64.0,16.0
2026,13,2026-06-07,Mitch,Owens,St Kilda,HFFL,6.0,140.0,2.0,11.0,2.0,0.0,3.0,0.0,66.7,6.0
2026,13,2026-06-07,Mattaes,Phillipou,St Kilda,C,1.0,32.0,1.0,23.0,1.0,0.0,3.0,1.0,100.0,4.0
2026,13,2026-06-07,Liam,Ryan,St Kilda,FPL,9.0,214.0,2.0,11.0,2.0,0.0,4.0,0.0,83.3,10.0
2026,13,2026-06-07,Cooper,Sharman,St Kilda,FF,6.0,260.0,4.0,13.0,5.0,0.0,4.0,0.0,69.2,9.0
2026,13,2026-06-07,Jack,Silvagni,St Kilda,BPL,4.0,360.0,10.0,10.0,3.0,0.0,2.0,0.0,80.0,12.0
2026,13,2026-06-07,Jack,Sinclair,St Kilda,R,6.0,586.0,8.0,14.0,5.0,0.0,6.0,1.0,78.6,22.0
2026,13,2026-06-07,Liam,Stocker,St Kilda,INT,1.0,228.0,4.0,12.0,1.0,0.0,3.0,1.0,83.3,10.0
2026,13,2026-06-07,Alix,Tauru,St Kilda,BPR,0.0,41.0,2.0,12.0,0.0,0.0,1.0,0.0,83.3,5.0
2026,13,2026-06-07,Nasiah,Wanganeen-Milera,St Kilda,RR,7.0,669.0,0.0,16.0,7.0,3.0,6.0,0.0,65.6,21.0
2026,13,2026-06-07,Callum,Wilkie,St Kilda,FB,1.0,486.0,6.0,6.0,6.0,0.0,3.0,0.0,66.7,16.0
2026,13,2026-06-07,Darcy,Wilson,St Kilda,CHF,9.0,548.0,2.0,8.0,2.0,0.0,6.0,1.0,56.0,14.0
2026,13,2026-06-07,Marcus,Windhager,St Kilda,HBFL,5.0,342.0,3.0,20.0,9.0,1.0,4.0,0.0,50.0,12.0
2026,13,2026-06-07,Mason,Wood,St Kilda,INT,3.0,231.0,2.0,16.0,3.0,0.0,3.0,0.0,84.6,11.0
2026,13,2026-06-07,Lachlan,Blakiston,Essendon,RK,3.0,75.0,2.0,10.0,2.0,1.0,4.0,1.0,90.0,9.0
2026,13,2026-06-07,Nick,Bryan,Essendon,FPR,2.0,106.0,3.0,17.0,3.0,2.0,4.0,0.0,58.3,7.0
2026,13,2026-06-07,Nate,Caddy,Essendon,CHF,4.0,136.0,1.0,9.0,0.0,0.0,1.0,0.0,83.3,5.0
2026,13,2026-06-07,Nik,Cox,Essendon,HFFL,2.0,82.0,1.0,7.0,1.0,0.0,3.0,0.0,90.9,10.0
2026,13,2026-06-07,Archer,Day-Wicks,Essendon,WR,1.0,81.0,3.0,18.0,3.0,0.0,4.0,0.0,66.7,8.0
2026,13,2026-06-07,Sam,Durham,Essendon,C,8.0,442.0,2.0,27.0,3.0,2.0,8.0,0.0,76.7,23.0
2026,13,2026-06-07,Xavier,Duursma,Essendon,WL,6.0,152.0,4.0,18.0,3.0,0.0,5.0,1.0,86.4,19.0
2026,13,2026-06-07,Hussien,El Achkar,Essendon,INT,3.0,111.0,0.0,10.0,1.0,0.0,3.0,0.0,33.3,2.0
2026,13,2026-06-07,Saad,El-Hawli,Essendon,INT,1.0,166.0,0.0,6.0,5.0,0.0,2.0,0.0,37.5,3.0
2026,13,2026-06-07,Jacob,Farrow,Essendon,INT,3.0,185.0,3.0,9.0,1.0,0.0,5.0,0.0,82.4,14.0
2026,13,2026-06-07,Harrison,Jones,Essendon,HBFR,5.0,55.0,2.0,6.0,1.0,0.0,3.0,0.0,100.0,9.0
2026,13,2026-06-07,Max,Kondogiannis,Essendon,INT,1.0,126.0,1.0,8.0,1.0,0.0,1.0,0.0,87.5,7.0
2026,13,2026-06-07,Kyle,Langford,Essendon,FF,1.0,184.0,6.0,2.0,2.0,0.0,5.0,0.0,70.6,12.0
2026,13,2026-06-07,Ben,McKay,Essendon,CHB,7.0,197.0,0.0,7.0,2.0,0.0,0.0,0.0,55.6,5.0
2026,13,2026-06-07,Zach,Merrett,Essendon,RR,7.0,456.0,3.0,14.0,11.0,0.0,3.0,1.0,66.7,22.0
2026,13,2026-06-07,Archie,Perkins,Essendon,FPL,4.0,291.0,0.0,8.0,5.0,0.0,2.0,0.0,82.4,14.0
2026,13,2026-06-07,Jaxon,Prior,Essendon,BPR,3.0,220.0,6.0,8.0,2.0,0.0,2.0,1.0,77.3,17.0
2026,13,2026-06-07,Mason,Redman,Essendon,BPL,4.0,310.0,0.0,5.0,0.0,0.0,0.0,0.0,100.0,12.0
2026,13,2026-06-07,Zach,Reid,Essendon,FB,3.0,394.0,9.0,4.0,1.0,0.0,4.0,0.0,85.7,18.0
2026,13,2026-06-07,Archie,Roberts,Essendon,HBFL,5.0,415.0,3.0,6.0,1.0,0.0,4.0,0.0,86.4,19.0
2026,13,2026-06-07,Sullivan,Robey,Essendon,HFFR,3.0,269.0,1.0,23.0,4.0,3.0,6.0,0.0,73.3,11.0
2026,13,2026-06-07,Will,Setterfield,Essendon,R,6.0,483.0,2.0,17.0,8.0,1.0,8.0,0.0,69.0,20.0
2026,13,2026-06-07,Elijah,Tsatas,Essendon,INT,1.0,327.0,5.0,18.0,4.0,4.0,10.0,0.0,72.0,18.0
2026,13,2026-06-07,Blake,Acres,Carlton,WR,5.0,369.0,2.0,10.0,2.0,0.0,5.0,0.0,86.4,19.0
2026,13,2026-06-07,Ben,Ainsworth,Carlton,HFFR,4.0,341.0,1.0,18.0,3.0,0.0,5.0,1.0,65.0,13.0
2026,13,2026-06-07,Talor,Byrne,Carlton,FPR,4.0,175.0,1.0,12.0,0.0,0.0,0.0,1.0,57.1,4.0
2026,13,2026-06-07,Adam,Cerra,Carlton,WL,5.0,376.0,5.0,17.0,3.0,0.0,3.0,0.0,88.9,16.0
2026,13,2026-06-07,Lachlan,Cowan,Carlton,HBFL,1.0,244.0,6.0,7.0,3.0,0.0,2.0,0.0,69.2,9.0
2026,13,2026-06-07,Patrick,Cripps,Carlton,RR,5.0,300.0,0.0,16.0,4.0,1.0,3.0,0.0,60.9,14.0
2026,13,2026-06-07,Harry,Dean,Carlton,CHB,1.0,207.0,8.0,3.0,3.0,0.0,3.0,0.0,86.7,13.0
2026,13,2026-06-07,Wade,Derksen,Carlton,FB,1.0,153.0,10.0,4.0,4.0,0.0,6.0,0.0,66.7,10.0
2026,13,2026-06-07,Francis,Evans,Carlton,INT,4.0,185.0,0.0,17.0,2.0,0.0,2.0,1.0,81.8,9.0
2026,13,2026-06-07,Oliver,Florent,Carlton,BPL,3.0,319.0,5.0,9.0,2.0,0.0,3.0,0.0,86.7,13.0
2026,13,2026-06-07,Nick,Haynes,Carlton,BPR,3.0,188.0,5.0,3.0,1.0,0.0,2.0,0.0,88.2,15.0
2026,13,2026-06-07,Will,Hayward,Carlton,HFFL,2.0,198.0,1.0,10.0,5.0,0.0,2.0,1.0,76.5,13.0
2026,13,2026-06-07,George,Hewett,Carlton,INT,5.0,215.0,3.0,17.0,3.0,1.0,8.0,0.0,77.8,21.0
2026,13,2026-06-07,Jack,Ison,Carlton,INT,2.0,76.0,0.0,12.0,1.0,0.0,2.0,0.0,71.4,5.0
2026,13,2026-06-07,Brodie,Kemp,Carlton,FPL,6.0,234.0,2.0,10.0,2.0,0.0,2.0,2.0,63.6,7.0
2026,13,2026-06-07,Mitch,McGovern,Carlton,CHF,3.0,87.0,3.0,8.0,2.0,0.0,2.0,0.0,77.8,7.0
2026,13,2026-06-07,Harry,McKay,Carlton,FF,6.0,394.0,1.0,6.0,3.0,2.0,4.0,1.0,68.8,11.0
2026,13,2026-06-07,Nic,Newman,Carlton,INT,2.0,470.0,3.0,16.0,2.0,0.0,2.0,0.0,87.0,20.0
2026,13,2026-06-07,Marc,Pittonet,Carlton,RK,4.0,79.0,3.0,10.0,1.0,3.0,4.0,2.0,66.7,8.0
2026,13,2026-06-07,Jagga,Smith,Carlton,R,4.0,108.0,3.0,13.0,3.0,1.0,8.0,0.0,70.8,17.0
2026,13,2026-06-07,Sam,Walsh,Carlton,C,3.0,227.0,0.0,22.0,2.0,0.0,2.0,0.0,87.5,21.0
2026,13,2026-06-07,Billy,Wilson,Carlton,HBFR,2.0,366.0,3.0,14.0,4.0,0.0,3.0,0.0,75.0,18.0
2026,13,2026-06-07,Flynn,Young,Carlton,INT,5.0,211.0,1.0,9.0,2.0,0.0,2.0,0.0,83.3,10.0
2026,13,2026-06-08,Edward,Allan,Collingwood,INT,3.0,449.0,2.0,25.0,3.0,3.0,7.0,1.0,66.7,14.0
2026,13,2026-06-08,Angus,Anderson,Collingwood,CHF,2.0,212.0,1.0,12.0,2.0,0.0,3.0,1.0,80.0,8.0
2026,13,2026-06-08,Jack,Buller,Collingwood,FPL,3.0,75.0,0.0,4.0,1.0,0.0,3.0,1.0,62.5,5.0
2026,13,2026-06-08,Darcy,Cameron,Collingwood,RK,7.0,155.0,4.0,10.0,4.0,2.0,7.0,0.0,78.9,15.0
2026,13,2026-06-08,Jack,Crisp,Collingwood,WR,3.0,218.0,6.0,24.0,4.0,0.0,6.0,1.0,81.3,13.0
2026,13,2026-06-08,Josh,Daicos,Collingwood,CHB,8.0,671.0,3.0,11.0,2.0,0.0,3.0,0.0,80.0,24.0
2026,13,2026-06-08,Nick,Daicos,Collingwood,R,9.0,574.0,5.0,10.0,7.0,2.0,8.0,0.0,74.3,26.0
2026,13,2026-06-08,Jordan,De Goey,Collingwood,RR,7.0,273.0,0.0,7.0,5.0,3.0,3.0,0.0,57.1,12.0
2026,13,2026-06-08,Billy,Frampton,Collingwood,BPR,3.0,240.0,11.0,4.0,1.0,0.0,6.0,0.0,87.5,14.0
2026,13,2026-06-08,Harvey,Harrison,Collingwood,HFFL,3.0,191.0,2.0,13.0,2.0,0.0,3.0,3.0,63.6,7.0
2026,13,2026-06-08,Dan,Houston,Collingwood,INT,4.0,274.0,2.0,13.0,2.0,0.0,1.0,0.0,83.3,10.0
2026,13,2026-06-08,Jeremy,Howe,Collingwood,FB,2.0,385.0,3.0,2.0,3.0,0.0,1.0,0.0,70.6,12.0
2026,13,2026-06-08,Patrick,Lipinski,Collingwood,WL,6.0,390.0,4.0,10.0,2.0,0.0,6.0,0.0,75.0,21.0
2026,13,2026-06-08,Brayden,Maynard,Collingwood,BPL,2.0,161.0,2.0,5.0,1.0,0.0,1.0,0.0,75.0,6.0
2026,13,2026-06-08,Beau,McCreery,Collingwood,INT,3.0,188.0,0.0,22.0,3.0,0.0,5.0,2.0,73.3,11.0
2026,13,2026-06-08,Daniel,McStay,Collingwood,INT,5.0,196.0,2.0,11.0,1.0,0.0,3.0,2.0,72.7,8.0
2026,13,2026-06-08,Tim,Membrey,Collingwood,FPR,4.0,167.0,0.0,10.0,4.0,0.0,1.0,2.0,54.5,6.0
2026,13,2026-06-08,Scott,Pendlebury,Collingwood,C,6.0,263.0,2.0,8.0,3.0,2.0,5.0,0.0,75.0,15.0
2026,13,2026-06-08,Harry,Perryman,Collingwood,HBFL,3.0,410.0,7.0,16.0,4.0,0.0,5.0,0.0,75.0,15.0
2026,13,2026-06-08,Mitch,Podhajski,Collingwood,FF,4.0,139.0,1.0,5.0,5.0,0.0,4.0,1.0,53.8,7.0
2026,13,2026-06-08,Isaac,Quaynor,Collingwood,HBFR,1.0,328.0,5.0,11.0,2.0,0.0,4.0,0.0,88.2,15.0
2026,13,2026-06-08,Lachie,Schultz,Collingwood,HFFR,9.0,372.0,1.0,18.0,5.0,0.0,7.0,0.0,63.2,12.0
2026,13,2026-06-08,Roan,Steele,Collingwood,INT,6.0,300.0,5.0,12.0,5.0,0.0,8.0,0.0,61.1,11.0
2026,13,2026-06-08,Jake,Bowey,Melbourne,BPL,2.0,391.0,6.0,10.0,4.0,0.0,5.0,0.0,68.4,13.0
2026,13,2026-06-08,Kade,Chandler,Melbourne,R,5.0,244.0,1.0,24.0,0.0,1.0,5.0,3.0,78.9,15.0
2026,13,2026-06-08,Paddy,Cross,Melbourne,INT,2.0,151.0,1.0,13.0,0.0,0.0,0.0,1.0,88.9,8.0
2026,13,2026-06-08,Bayley,Fritsch,Melbourne,FPR,7.0,244.0,1.0,13.0,2.0,0.0,3.0,2.0,73.3,11.0
2026,13,2026-06-08,Max,Gawn,Melbourne,RK,7.0,399.0,3.0,6.0,4.0,4.0,3.0,0.0,72.7,16.0
2026,13,2026-06-08,Blake,Howes,Melbourne,HBFL,6.0,315.0,4.0,13.0,1.0,1.0,7.0,0.0,81.3,13.0
2026,13,2026-06-08,Luker,Kentfield,Melbourne,INT,2.0,88.0,1.0,10.0,0.0,0.0,1.0,0.0,75.0,3.0
2026,13,2026-06-08,Ed,Langdon,Melbourne,CHF,3.0,294.0,3.0,7.0,3.0,0.0,5.0,1.0,78.3,18.0
2026,13,2026-06-08,Harvey,Langford,Melbourne,C,6.0,485.0,2.0,15.0,7.0,0.0,8.0,0.0,76.9,20.0
2026,13,2026-06-08,Jake,Lever,Melbourne,BPR,3.0,263.0,10.0,3.0,2.0,0.0,2.0,0.0,86.7,13.0
2026,13,2026-06-08,Tom,McDonald,Melbourne,HFFR,1.0,228.0,6.0,9.0,2.0,0.0,2.0,0.0,63.6,7.0
2026,13,2026-06-08,Brody,Mihocek,Melbourne,FPL,1.0,22.0,0.0,3.0,2.0,0.0,0.0,0.0,100.0,1.0
2026,13,2026-06-08,Harrison,Petty,Melbourne,CHB,8.0,273.0,1.0,16.0,2.0,0.0,2.0,1.0,92.9,13.0
2026,13,2026-06-08,Kysaiah,Pickett,Melbourne,HFFL,7.0,600.0,4.0,18.0,6.0,2.0,7.0,0.0,53.6,15.0
2026,13,2026-06-08,Latrelle,Pickett,Melbourne,INT,3.0,115.0,2.0,7.0,3.0,0.0,4.0,0.0,57.1,4.0
2026,13,2026-06-08,Trent,Rivers,Melbourne,INT,3.0,239.0,7.0,11.0,1.0,0.0,5.0,0.0,82.4,14.0
2026,13,2026-06-08,Harry,Sharp,Melbourne,WR,6.0,320.0,0.0,18.0,4.0,0.0,5.0,1.0,68.8,11.0
2026,13,2026-06-08,Tom,Sparrow,Melbourne,WL,7.0,389.0,4.0,28.0,4.0,1.0,5.0,0.0,70.8,17.0
2026,13,2026-06-08,Jack,Steele,Melbourne,RR,3.0,346.0,4.0,19.0,5.0,1.0,10.0,3.0,73.1,19.0
2026,13,2026-06-08,Koltyn,Tholstrup,Melbourne,HBFR,2.0,433.0,5.0,9.0,5.0,0.0,2.0,0.0,88.2,15.0
2026,13,2026-06-08,Daniel,Turner,Melbourne,FB,2.0,207.0,3.0,14.0,3.0,0.0,2.0,0.0,71.4,10.0
2026,13,2026-06-08,Jacob,van Rooyen,Melbourne,FF,5.0,275.0,0.0,8.0,4.0,0.0,0.0,0.0,58.3,7.0
2026,13,2026-06-08,Caleb,Windsor,Melbourne,INT,4.0,268.0,3.0,18.0,4.0,0.0,4.0,0.0,56.3,9.0
2026,14,2026-06-11,Marcus,Bontempelli,Western Bulldogs,C,4.0,571.0,2.0,15.0,7.0,3.0,9.0,0.0,72.4,21.0
2026,14,2026-06-11,Lachlan,Bramble,Western Bulldogs,INT,3.0,382.0,2.0,17.0,3.0,0.0,6.0,0.0,71.4,15.0
2026,14,2026-06-11,Connor,Budarick,Western Bulldogs,HBFL,1.0,358.0,3.0,15.0,5.0,0.0,5.0,0.0,75.0,15.0
2026,14,2026-06-11,Nick,Coffield,Western Bulldogs,BPL,3.0,132.0,8.0,8.0,2.0,0.0,4.0,0.0,90.0,18.0
2026,14,2026-06-11,Jordan,Croft,Western Bulldogs,INT,2.0,183.0,1.0,13.0,3.0,0.0,3.0,0.0,70.0,7.0
2026,14,2026-06-11,Bailey,Dale,Western Bulldogs,HBFR,2.0,429.0,5.0,12.0,4.0,0.0,5.0,0.0,71.4,15.0
2026,14,2026-06-11,Tim,English,Western Bulldogs,RK,0.0,118.0,3.0,9.0,1.0,2.0,3.0,0.0,81.8,9.0
2026,14,2026-06-11,Joel,Freijah,Western Bulldogs,INT,5.0,283.0,2.0,21.0,2.0,0.0,4.0,0.0,66.7,10.0
2026,14,2026-06-11,Cooper,Hynes,Western Bulldogs,WR,5.0,262.0,5.0,17.0,5.0,0.0,8.0,0.0,73.3,11.0
2026,14,2026-06-11,Arthur,Jones,Western Bulldogs,WL,3.0,110.0,2.0,14.0,1.0,0.0,0.0,2.0,85.7,6.0
2026,14,2026-06-11,Luke,Kennedy,Western Bulldogs,INT,2.0,-9.0,0.0,14.0,1.0,0.0,7.0,0.0,60.0,6.0
2026,14,2026-06-11,Matthew,Kennedy,Western Bulldogs,RR,3.0,298.0,6.0,26.0,4.0,3.0,9.0,0.0,72.4,21.0
2026,14,2026-06-11,Buku,Khamis,Western Bulldogs,FB,1.0,141.0,4.0,6.0,0.0,0.0,2.0,0.0,90.9,10.0
2026,14,2026-06-11,Will,Lewis,Western Bulldogs,CHF,2.0,102.0,1.0,16.0,3.0,0.0,1.0,1.0,60.0,3.0
2026,14,2026-06-11,Rory,Lobb,Western Bulldogs,INT,0.0,48.0,2.0,5.0,1.0,0.0,2.0,0.0,75.0,6.0
2026,14,2026-06-11,Aaron,Naughton,Western Bulldogs,FF,6.0,96.0,0.0,8.0,3.0,0.0,4.0,1.0,63.6,7.0
2026,14,2026-06-11,James,O'Donnell,Western Bulldogs,CHB,2.0,346.0,5.0,4.0,2.0,0.0,2.0,0.0,78.6,11.0
2026,14,2026-06-11,Ed,Richards,Western Bulldogs,R,3.0,721.0,2.0,27.0,10.0,2.0,7.0,1.0,46.4,13.0
2026,14,2026-06-11,Ryley,Sanders,Western Bulldogs,HFFL,5.0,125.0,4.0,23.0,3.0,1.0,5.0,0.0,57.9,11.0
2026,14,2026-06-11,Michael,Sellwood,Western Bulldogs,BPR,0.0,135.0,3.0,11.0,3.0,0.0,1.0,0.0,85.7,6.0
2026,14,2026-06-11,Adam,Treloar,Western Bulldogs,HFFR,1.0,85.0,3.0,13.0,1.0,1.0,5.0,0.0,60.0,6.0
2026,14,2026-06-11,Cody,Weightman,Western Bulldogs,FPR,3.0,189.0,1.0,18.0,2.0,0.0,3.0,0.0,37.5,3.0
2026,14,2026-06-11,Rhylee,West,Western Bulldogs,FPL,6.0,279.0,1.0,13.0,8.0,0.0,6.0,1.0,66.7,10.0
2026,14,2026-06-11,Sam,Berry,Adelaide Crows,R,10.0,437.0,3.0,17.0,3.0,7.0,11.0,0.0,89.7,26.0
2026,14,2026-06-11,James,Borlase,Adelaide Crows,FB,1.0,97.0,9.0,8.0,1.0,0.0,2.0,0.0,93.3,14.0
2026,14,2026-06-11,Brayden,Cook,Adelaide Crows,WR,4.0,333.0,5.0,11.0,5.0,0.0,3.0,1.0,73.7,14.0
2026,14,2026-06-11,Daniel,Curtin,Adelaide Crows,WL,2.0,246.0,3.0,16.0,2.0,0.0,3.0,2.0,85.7,12.0
2026,14,2026-06-11,Jordan,Dawson,Adelaide Crows,C,12.0,570.0,6.0,20.0,4.0,2.0,12.0,0.0,78.1,25.0
2026,14,2026-06-11,Darcy,Fogarty,Adelaide Crows,FPL,5.0,222.0,1.0,10.0,2.0,0.0,3.0,3.0,81.8,9.0
2026,14,2026-06-11,Hugo,Hall-Kahan,Adelaide Crows,INT,4.0,363.0,7.0,5.0,3.0,0.0,7.0,0.0,73.9,17.0
2026,14,2026-06-11,Ben,Keays,Adelaide Crows,INT,8.0,196.0,0.0,9.0,6.0,0.0,9.0,2.0,65.2,15.0
2026,14,2026-06-11,Rory,Laird,Adelaide Crows,HBFL,7.0,426.0,6.0,12.0,4.0,0.0,8.0,0.0,88.6,31.0
2026,14,2026-06-11,Lachlan,McAndrew,Adelaide Crows,RK,8.0,149.0,0.0,9.0,1.0,1.0,3.0,0.0,80.0,12.0
2026,14,2026-06-11,Max,Michalanney,Adelaide Crows,BPR,4.0,251.0,3.0,7.0,4.0,0.0,3.0,0.0,89.5,17.0
2026,14,2026-06-11,Wayne,Milera,Adelaide Crows,HBFR,7.0,485.0,7.0,8.0,3.0,0.0,4.0,0.0,79.2,19.0
2026,14,2026-06-11,Nick,Murray,Adelaide Crows,CHB,3.0,512.0,3.0,9.0,2.0,0.0,1.0,0.0,78.9,15.0
2026,14,2026-06-11,Toby,Murray,Adelaide Crows,INT,6.0,100.0,0.0,11.0,1.0,0.0,1.0,1.0,33.3,2.0
2026,14,2026-06-11,Luke,Nankervis,Adelaide Crows,INT,2.0,135.0,1.0,8.0,1.0,1.0,1.0,1.0,94.1,16.0
2026,14,2026-06-11,Alex,Neal-Bullen,Adelaide Crows,CHF,6.0,94.0,2.0,29.0,1.0,0.0,5.0,3.0,64.3,9.0
2026,14,2026-06-11,James,Peatling,Adelaide Crows,RR,3.0,385.0,4.0,21.0,4.0,0.0,7.0,2.0,58.3,14.0
2026,14,2026-06-11,Luke,Pedlar,Adelaide Crows,HFFL,2.0,81.0,0.0,5.0,1.0,0.0,1.0,0.0,100.0,4.0
2026,14,2026-06-11,Josh,Rachele,Adelaide Crows,HFFR,9.0,305.0,1.0,17.0,3.0,0.0,4.0,0.0,81.3,13.0
2026,14,2026-06-11,Jake,Soligo,Adelaide Crows,INT,5.0,189.0,5.0,22.0,5.0,0.0,6.0,2.0,71.4,15.0
2026,14,2026-06-11,Zac,Taylor,Adelaide Crows,FPR,6.0,347.0,2.0,17.0,1.0,0.0,3.0,2.0,76.5,13.0
2026,14,2026-06-11,Riley,Thilthorpe,Adelaide Crows,FF,6.0,194.0,1.0,7.0,3.0,0.0,3.0,3.0,78.6,11.0
2026,14,2026-06-11,Josh,Worrell,Adelaide Crows,BPL,7.0,394.0,5.0,12.0,5.0,0.0,1.0,0.0,85.0,17.0
2026,14,2026-06-12,Tom,Atkins,Geelong Cats,R,9.0,207.0,2.0,32.0,3.0,1.0,9.0,1.0,88.2,15.0
2026,14,2026-06-12,Mark,Blicavs,Geelong Cats,WR,1.0,125.0,3.0,10.0,2.0,0.0,2.0,0.0,71.4,10.0
2026,14,2026-06-12,Tanner,Bruhn,Geelong Cats,WL,3.0,227.0,2.0,8.0,0.0,0.0,2.0,0.0,81.8,9.0
2026,14,2026-06-12,Jeremy,Cameron,Geelong Cats,CHF,9.0,323.0,0.0,5.0,2.0,0.0,1.0,0.0,46.2,6.0
2026,14,2026-06-12,Patrick,Dangerfield,Geelong Cats,INT,6.0,412.0,2.0,9.0,5.0,1.0,6.0,0.0,59.1,13.0
2026,14,2026-06-12,Sam,De Koning,Geelong Cats,INT,5.0,194.0,3.0,7.0,0.0,1.0,8.0,0.0,76.5,13.0
2026,14,2026-06-12,Oliver,Dempsey,Geelong Cats,HFFL,6.0,382.0,5.0,12.0,4.0,1.0,8.0,1.0,70.0,14.0
2026,14,2026-06-12,Mitchell,Edwards,Geelong Cats,RK,1.0,64.0,2.0,9.0,0.0,1.0,1.0,0.0,87.5,7.0
2026,14,2026-06-12,Zach,Guthrie,Geelong Cats,CHB,4.0,293.0,2.0,10.0,4.0,0.0,1.0,0.0,78.6,11.0
2026,14,2026-06-12,Jack,Henry,Geelong Cats,FB,1.0,143.0,6.0,4.0,1.0,0.0,1.0,0.0,87.5,7.0
2026,14,2026-06-12,Oliver,Henry,Geelong Cats,INT,6.0,287.0,2.0,17.0,4.0,0.0,2.0,2.0,54.5,6.0
2026,14,2026-06-12,Max,Holmes,Geelong Cats,RR,7.0,805.0,4.0,21.0,4.0,2.0,7.0,0.0,80.6,25.0
2026,14,2026-06-12,Lawson,Humphries,Geelong Cats,INT,3.0,517.0,7.0,13.0,4.0,0.0,3.0,0.0,72.2,13.0
2026,14,2026-06-12,Jake,Kolodjashnij,Geelong Cats,HBFL,1.0,75.0,5.0,5.0,3.0,0.0,4.0,0.0,70.0,7.0
2026,14,2026-06-12,Shaun,Mannagh,Geelong Cats,FPL,8.0,405.0,2.0,11.0,3.0,0.0,4.0,0.0,76.5,13.0
2026,14,2026-06-12,Jack,Martin,Geelong Cats,FPR,2.0,74.0,1.0,13.0,4.0,0.0,4.0,3.0,66.7,4.0
2026,14,2026-06-12,Oisin,Mullin,Geelong Cats,BPR,2.0,217.0,1.0,13.0,2.0,1.0,3.0,0.0,92.3,12.0
2026,14,2026-06-12,Shannon,Neale,Geelong Cats,FF,6.0,350.0,1.0,19.0,3.0,0.0,1.0,3.0,100.0,12.0
2026,14,2026-06-12,Mark,O'Connor,Geelong Cats,HBFR,3.0,262.0,4.0,11.0,4.0,0.0,3.0,0.0,87.5,14.0
2026,14,2026-06-12,Connor,O'Sullivan,Geelong Cats,BPL,1.0,102.0,8.0,5.0,1.0,0.0,2.0,0.0,81.8,9.0
2026,14,2026-06-12,Bailey,Smith,Geelong Cats,C,5.0,762.0,4.0,19.0,8.0,2.0,6.0,0.0,66.7,18.0
2026,14,2026-06-12,George,Stevens,Geelong Cats,INT,2.0,89.0,0.0,13.0,1.0,2.0,4.0,1.0,72.7,8.0
2026,14,2026-06-12,Oliver,Wiltshire,Geelong Cats,HFFR,6.0,261.0,1.0,18.0,2.0,0.0,3.0,1.0,60.0,6.0
2026,14,2026-06-12,Oscar,Adams,Gold Coast SUNS,BPL,2.0,148.0,6.0,5.0,2.0,0.0,4.0,0.0,91.7,11.0
2026,14,2026-06-12,Noah,Anderson,Gold Coast SUNS,RR,9.0,609.0,1.0,24.0,3.0,5.0,5.0,0.0,58.6,17.0
2026,14,2026-06-12,Mac,Andrew,Gold Coast SUNS,BPR,2.0,166.0,6.0,12.0,3.0,0.0,3.0,0.0,90.9,10.0
2026,14,2026-06-12,Charlie,Ballard,Gold Coast SUNS,INT,1.0,80.0,3.0,6.0,2.0,0.0,2.0,0.0,80.0,8.0
2026,14,2026-06-12,Sam,Clohesy,Gold Coast SUNS,FPL,6.0,227.0,6.0,11.0,3.0,0.0,6.0,0.0,80.0,16.0
2026,14,2026-06-12,Sam,Collins,Gold Coast SUNS,FB,2.0,209.0,11.0,8.0,8.0,0.0,5.0,0.0,52.4,11.0
2026,14,2026-06-12,Lachlan,Gulbin,Gold Coast SUNS,INT,5.0,252.0,0.0,9.0,2.0,0.0,1.0,2.0,75.0,9.0
2026,14,2026-06-12,Bailey,Humphrey,Gold Coast SUNS,HFFL,2.0,200.0,0.0,9.0,6.0,0.0,2.0,0.0,77.8,7.0
2026,14,2026-06-12,Joel,Jeffrey,Gold Coast SUNS,INT,3.0,372.0,4.0,8.0,2.0,0.0,2.0,0.0,85.0,17.0
2026,14,2026-06-12,Ben,Jepson,Gold Coast SUNS,WR,1.0,159.0,2.0,10.0,1.0,0.0,2.0,1.0,90.0,9.0
2026,14,2026-06-12,Ben,King,Gold Coast SUNS,FF,7.0,272.0,1.0,8.0,2.0,0.0,0.0,1.0,60.0,6.0
2026,14,2026-06-12,Leonardo,Lombard,Gold Coast SUNS,INT,4.0,114.0,1.0,17.0,1.0,1.0,5.0,0.0,93.3,14.0
2026,14,2026-06-12,Ben,Long,Gold Coast SUNS,HFFR,5.0,126.0,0.0,9.0,4.0,0.0,1.0,0.0,50.0,3.0
2026,14,2026-06-12,Touk,Miller,Gold Coast SUNS,CHF,5.0,223.0,2.0,13.0,4.0,1.0,5.0,0.0,76.0,19.0
2026,14,2026-06-12,Ned,Moyle,Gold Coast SUNS,RK,2.0,85.0,2.0,9.0,2.0,1.0,8.0,0.0,35.7,5.0
2026,14,2026-06-12,Jai,Murray,Gold Coast SUNS,INT,3.0,376.0,5.0,6.0,5.0,0.0,3.0,0.0,57.9,11.0
2026,14,2026-06-12,John,Noble,Gold Coast SUNS,CHB,1.0,595.0,2.0,13.0,4.0,0.0,2.0,0.0,83.3,25.0
2026,14,2026-06-12,Christian,Petracca,Gold Coast SUNS,C,5.0,314.0,1.0,11.0,2.0,1.0,5.0,2.0,76.2,16.0
2026,14,2026-06-12,Daniel,Rioli,Gold Coast SUNS,HBFR,5.0,401.0,3.0,13.0,3.0,0.0,6.0,0.0,88.9,24.0
2026,14,2026-06-12,Matt,Rowell,Gold Coast SUNS,R,7.0,272.0,3.0,25.0,2.0,2.0,5.0,1.0,76.9,20.0
2026,14,2026-06-12,Bodhi,Uwland,Gold Coast SUNS,HBFL,3.0,377.0,4.0,8.0,1.0,0.0,4.0,0.0,100.0,20.0
2026,14,2026-06-12,Zeke,Uwland,Gold Coast SUNS,WL,5.0,268.0,1.0,13.0,3.0,0.0,2.0,0.0,57.1,8.0
2026,14,2026-06-12,Jed,Walter,Gold Coast SUNS,FPR,3.0,115.0,0.0,2.0,2.0,0.0,1.0,1.0,62.5,5.0
2026,14,2026-06-13,Jake,Bowey,Melbourne,BPL,2.0,572.0,5.0,6.0,5.0,0.0,3.0,0.0,92.9,26.0
2026,14,2026-06-13,Kade,Chandler,Melbourne,CHF,5.0,236.0,0.0,11.0,4.0,0.0,6.0,0.0,60.0,9.0
2026,14,2026-06-13,Lukas,Cooke,Melbourne,HBFR,1.0,102.0,3.0,0.0,2.0,0.0,1.0,0.0,71.4,5.0
2026,14,2026-06-13,Paddy,Cross,Melbourne,INT,4.0,153.0,3.0,10.0,1.0,0.0,4.0,0.0,100.0,12.0
2026,14,2026-06-13,Joel,Fitzgerald,Melbourne,INT,6.0,196.0,6.0,16.0,4.0,2.0,10.0,1.0,53.8,14.0
2026,14,2026-06-13,Bayley,Fritsch,Melbourne,FPR,7.0,221.0,2.0,16.0,2.0,0.0,2.0,1.0,81.3,13.0
2026,14,2026-06-13,Max,Gawn,Melbourne,RK,7.0,258.0,5.0,7.0,4.0,4.0,4.0,0.0,70.8,17.0
2026,14,2026-06-13,Blake,Howes,Melbourne,HBFL,4.0,150.0,4.0,12.0,3.0,0.0,3.0,0.0,72.2,13.0
2026,14,2026-06-13,Luker,Kentfield,Melbourne,INT,3.0,226.0,1.0,5.0,3.0,0.0,2.0,2.0,40.0,2.0
2026,14,2026-06-13,Ed,Langdon,Melbourne,R,6.0,482.0,6.0,8.0,1.0,0.0,6.0,0.0,88.5,23.0
2026,14,2026-06-13,Harvey,Langford,Melbourne,WL,4.0,107.0,3.0,8.0,3.0,0.0,7.0,1.0,55.6,10.0
2026,14,2026-06-13,Bailey,Laurie,Melbourne,INT,5.0,290.0,0.0,18.0,3.0,0.0,1.0,1.0,57.1,8.0
2026,14,2026-06-13,Jake,Lever,Melbourne,BPR,2.0,187.0,9.0,3.0,1.0,0.0,7.0,0.0,86.7,13.0
2026,14,2026-06-13,Jake,Melksham,Melbourne,FPL,4.0,168.0,1.0,9.0,1.0,0.0,3.0,0.0,87.5,7.0
2026,14,2026-06-13,Harrison,Petty,Melbourne,CHB,4.0,154.0,0.0,16.0,1.0,0.0,0.0,3.0,50.0,3.0
2026,14,2026-06-13,Kysaiah,Pickett,Melbourne,HFFL,10.0,676.0,4.0,10.0,5.0,2.0,6.0,0.0,65.6,21.0
2026,14,2026-06-13,Trent,Rivers,Melbourne,INT,8.0,400.0,4.0,14.0,2.0,0.0,4.0,0.0,87.0,20.0
2026,14,2026-06-13,Harry,Sharp,Melbourne,HFFR,7.0,302.0,2.0,15.0,1.0,0.0,1.0,1.0,90.0,18.0
2026,14,2026-06-13,Tom,Sparrow,Melbourne,C,6.0,429.0,0.0,14.0,4.0,4.0,9.0,1.0,50.0,12.0
2026,14,2026-06-13,Jack,Steele,Melbourne,RR,7.0,265.0,3.0,22.0,2.0,1.0,7.0,3.0,81.0,17.0
2026,14,2026-06-13,Koltyn,Tholstrup,Melbourne,WR,5.0,274.0,8.0,1.0,5.0,0.0,8.0,0.0,83.3,20.0
2026,14,2026-06-13,Daniel,Turner,Melbourne,FB,3.0,486.0,2.0,4.0,7.0,0.0,1.0,0.0,75.0,15.0
2026,14,2026-06-13,Jacob,van Rooyen,Melbourne,FF,4.0,146.0,2.0,9.0,1.0,0.0,2.0,1.0,77.8,7.0
2026,14,2026-06-13,Lachlan,Blakiston,Essendon,FPR,2.0,137.0,5.0,10.0,3.0,0.0,3.0,1.0,88.9,8.0
2026,14,2026-06-13,Nick,Bryan,Essendon,RK,3.0,121.0,1.0,13.0,3.0,0.0,2.0,0.0,100.0,7.0
2026,14,2026-06-13,Nate,Caddy,Essendon,CHF,6.0,207.0,2.0,4.0,5.0,0.0,1.0,0.0,50.0,6.0
2026,14,2026-06-13,Nik,Cox,Essendon,INT,4.0,282.0,1.0,8.0,2.0,0.0,4.0,0.0,72.7,16.0
2026,14,2026-06-13,Archer,Day-Wicks,Essendon,WR,5.0,157.0,1.0,13.0,3.0,0.0,3.0,0.0,70.0,7.0
2026,14,2026-06-13,Sam,Durham,Essendon,C,5.0,90.0,4.0,25.0,5.0,0.0,4.0,0.0,65.2,15.0
2026,14,2026-06-13,Xavier,Duursma,Essendon,HBFL,2.0,310.0,4.0,13.0,5.0,0.0,5.0,0.0,70.8,17.0
2026,14,2026-06-13,Hussien,El Achkar,Essendon,CHB,3.0,125.0,2.0,27.0,3.0,0.0,4.0,1.0,37.5,3.0
2026,14,2026-06-13,Jacob,Farrow,Essendon,INT,5.0,521.0,8.0,11.0,6.0,0.0,7.0,0.0,81.8,18.0
2026,14,2026-06-13,Harrison,Jones,Essendon,INT,1.0,86.0,0.0,15.0,1.0,0.0,0.0,1.0,66.7,2.0
2026,14,2026-06-13,Kyle,Langford,Essendon,FF,2.0,116.0,6.0,8.0,2.0,0.0,2.0,0.0,83.3,10.0
2026,14,2026-06-13,Ben,McKay,Essendon,FPL,5.0,120.0,0.0,6.0,1.0,0.0,0.0,1.0,50.0,3.0
2026,14,2026-06-13,Zach,Merrett,Essendon,RR,6.0,457.0,2.0,16.0,3.0,3.0,5.0,0.0,75.0,24.0
2026,14,2026-06-13,Archie,Perkins,Essendon,WL,4.0,244.0,0.0,9.0,3.0,0.0,2.0,1.0,71.4,10.0
2026,14,2026-06-13,Jaxon,Prior,Essendon,BPR,2.0,281.0,6.0,7.0,1.0,0.0,2.0,0.0,80.0,12.0
2026,14,2026-06-13,Mason,Redman,Essendon,HBFR,5.0,259.0,8.0,13.0,1.0,0.0,5.0,0.0,87.5,21.0
2026,14,2026-06-13,Zach,Reid,Essendon,FB,2.0,243.0,4.0,4.0,3.0,0.0,1.0,0.0,50.0,5.0
2026,14,2026-06-13,Jordan,Ridley,Essendon,INT,0.0,183.0,2.0,4.0,3.0,0.0,1.0,0.0,81.8,9.0
2026,14,2026-06-13,Archie,Roberts,Essendon,BPL,3.0,244.0,3.0,3.0,3.0,0.0,3.0,0.0,75.0,9.0
2026,14,2026-06-13,Sullivan,Robey,Essendon,HFFR,2.0,66.0,0.0,26.0,5.0,0.0,3.0,1.0,55.6,5.0
2026,14,2026-06-13,Will,Setterfield,Essendon,R,10.0,637.0,4.0,12.0,6.0,4.0,10.0,0.0,73.5,25.0
2026,14,2026-06-13,Dyson,Sharp,Essendon,HFFL,5.0,130.0,2.0,18.0,2.0,0.0,4.0,1.0,64.7,11.0
2026,14,2026-06-13,Elijah,Tsatas,Essendon,INT,3.0,265.0,1.0,17.0,4.0,1.0,5.0,0.0,81.8,18.0
2026,14,2026-06-13,Tom,Blamires,North Melbourne,FPL,7.0,583.0,3.0,10.0,2.0,0.0,4.0,1.0,75.0,18.0
2026,14,2026-06-13,Charlie,Comben,North Melbourne,BPR,3.0,89.0,7.0,4.0,0.0,0.0,1.0,0.0,90.0,9.0
2026,14,2026-06-13,Paul,Curtis,North Melbourne,HFFL,6.0,309.0,4.0,18.0,1.0,0.0,2.0,2.0,66.7,10.0
2026,14,2026-06-13,Caleb,Daniel,North Melbourne,CHB,5.0,314.0,2.0,6.0,0.0,0.0,2.0,0.0,93.3,14.0
2026,14,2026-06-13,Jack,Darling,North Melbourne,FPR,7.0,189.0,0.0,6.0,1.0,0.0,2.0,1.0,80.0,8.0
2026,14,2026-06-13,Luke,Davies-Uniacke,North Melbourne,C,5.0,161.0,4.0,17.0,3.0,2.0,9.0,0.0,80.0,16.0
2026,14,2026-06-13,Zane,Duursma,North Melbourne,INT,0.0,-16.0,0.0,5.0,0.0,0.0,0.0,1.0,100.0,2.0
2026,14,2026-06-13,Taylor,Goad,North Melbourne,INT,2.0,159.0,0.0,1.0,2.0,1.0,0.0,0.0,50.0,2.0
2026,14,2026-06-13,Cooper,Harvey,North Melbourne,RR,1.0,219.0,2.0,4.0,2.0,0.0,0.0,0.0,78.6,11.0
2026,14,2026-06-13,Jacob,Konstanty,North Melbourne,INT,2.0,125.0,0.0,7.0,2.0,0.0,2.0,1.0,44.4,4.0
2026,14,2026-06-13,Nick,Larkey,North Melbourne,FF,9.0,215.0,0.0,10.0,1.0,0.0,0.0,0.0,90.9,10.0
2026,14,2026-06-13,Griffin,Logue,North Melbourne,FB,1.0,65.0,1.0,6.0,1.0,0.0,0.0,0.0,83.3,5.0
2026,14,2026-06-13,Luke,McDonald,North Melbourne,BPL,3.0,105.0,5.0,7.0,2.0,0.0,4.0,0.0,88.2,15.0
2026,14,2026-06-13,Colby,McKercher,North Melbourne,HBFL,4.0,224.0,1.0,12.0,1.0,0.0,2.0,1.0,91.7,11.0
2026,14,2026-06-13,Luke,Parker,North Melbourne,HBFR,6.0,459.0,7.0,3.0,5.0,0.0,4.0,0.0,68.2,15.0
2026,14,2026-06-13,Harry,Sheezel,North Melbourne,R,9.0,372.0,3.0,15.0,5.0,1.0,10.0,0.0,66.7,22.0
2026,14,2026-06-13,Jy,Simpkin,North Melbourne,WL,6.0,226.0,2.0,8.0,3.0,2.0,2.0,0.0,80.0,16.0
2026,14,2026-06-13,Charlie,Spargo,North Melbourne,HFFR,3.0,181.0,0.0,8.0,3.0,0.0,1.0,1.0,42.9,3.0
2026,14,2026-06-13,Dylan,Stephens,North Melbourne,WR,2.0,496.0,3.0,16.0,8.0,0.0,8.0,0.0,60.9,14.0
2026,14,2026-06-13,Cooper,Trembath,North Melbourne,CHF,2.0,69.0,0.0,10.0,1.0,1.0,1.0,1.0,66.7,4.0
2026,14,2026-06-13,George,Wardlaw,North Melbourne,INT,3.0,246.0,2.0,26.0,4.0,2.0,3.0,1.0,62.5,10.0
2026,14,2026-06-13,Tristan,Xerri,North Melbourne,RK,6.0,194.0,4.0,15.0,3.0,0.0,3.0,1.0,68.8,11.0
2026,14,2026-06-13,Cameron,Zurhaar,North Melbourne,INT,6.0,451.0,3.0,7.0,5.0,0.0,2.0,0.0,62.5,10.0
2026,14,2026-06-13,Bo,Allan,West Coast Eagles,WR,1.0,135.0,4.0,13.0,1.0,0.0,4.0,0.0,60.0,6.0
2026,14,2026-06-13,Liam,Baker,West Coast Eagles,HBFR,4.0,308.0,4.0,7.0,1.0,0.0,5.0,0.0,68.8,11.0
2026,14,2026-06-13,Rhett,Bazzo,West Coast Eagles,FB,2.0,39.0,9.0,5.0,2.0,0.0,5.0,0.0,66.7,8.0
2026,14,2026-06-13,Tom,Cole,West Coast Eagles,HFFL,3.0,240.0,3.0,12.0,2.0,1.0,1.0,1.0,87.5,14.0
2026,14,2026-06-13,Hamish,Davis,West Coast Eagles,INT,0.0,59.0,0.0,3.0,0.0,0.0,1.0,0.0,100.0,3.0
2026,14,2026-06-13,Cooper,Duff-Tytler,West Coast Eagles,INT,2.0,66.0,3.0,12.0,3.0,1.0,5.0,1.0,80.0,8.0
2026,14,2026-06-13,Liam,Duggan,West Coast Eagles,BPL,4.0,645.0,2.0,11.0,9.0,0.0,2.0,0.0,75.0,15.0
2026,14,2026-06-13,Tom,Gross,West Coast Eagles,FPR,3.0,147.0,0.0,6.0,1.0,0.0,1.0,1.0,50.0,4.0
2026,14,2026-06-13,Marcus,Herbert,West Coast Eagles,HBFL,3.0,264.0,3.0,7.0,1.0,0.0,3.0,0.0,86.7,13.0
2026,14,2026-06-13,Elijah,Hewett,West Coast Eagles,INT,3.0,306.0,1.0,6.0,2.0,1.0,2.0,1.0,75.0,12.0
2026,14,2026-06-13,Brady,Hough,West Coast Eagles,HFFR,4.0,179.0,4.0,12.0,1.0,0.0,3.0,0.0,91.7,11.0
2026,14,2026-06-13,Harvey,Johnston,West Coast Eagles,INT,0.0,112.0,1.0,15.0,1.0,0.0,0.0,3.0,80.0,4.0
2026,14,2026-06-13,Tim,Kelly,West Coast Eagles,R,6.0,339.0,0.0,11.0,2.0,3.0,9.0,0.0,66.7,18.0
2026,14,2026-06-13,Josh,Lindsay,West Coast Eagles,INT,3.0,379.0,4.0,5.0,3.0,0.0,3.0,0.0,73.3,11.0
2026,14,2026-06-13,Ryan,Maric,West Coast Eagles,WL,3.0,111.0,1.0,19.0,1.0,0.0,2.0,1.0,91.7,11.0
2026,14,2026-06-13,Milan,Murdock,West Coast Eagles,FPL,1.0,212.0,4.0,10.0,5.0,0.0,4.0,1.0,58.3,7.0
2026,14,2026-06-13,Harley,Reid,West Coast Eagles,RR,8.0,292.0,1.0,16.0,5.0,2.0,7.0,0.0,61.9,13.0
2026,14,2026-06-13,Jobe,Shanahan,West Coast Eagles,CHF,6.0,209.0,3.0,5.0,2.0,0.0,1.0,1.0,72.7,8.0
2026,14,2026-06-13,Brandon,Starcevich,West Coast Eagles,BPR,1.0,259.0,0.0,4.0,1.0,0.0,0.0,0.0,100.0,9.0
2026,14,2026-06-13,Jake,Waterman,West Coast Eagles,FF,8.0,355.0,0.0,4.0,2.0,0.0,2.0,0.0,41.7,5.0
2026,14,2026-06-13,Bailey J.,Williams,West Coast Eagles,RK,2.0,252.0,5.0,7.0,3.0,2.0,4.0,0.0,57.1,8.0
2026,14,2026-06-13,Elliot,Yeo,West Coast Eagles,C,3.0,245.0,1.0,13.0,2.0,1.0,4.0,0.0,66.7,10.0
2026,14,2026-06-13,Tylar,Young,West Coast Eagles,CHB,2.0,201.0,3.0,1.0,1.0,0.0,1.0,0.0,81.8,9.0
2026,14,2026-06-13,Aliir,Aliir,Port Adelaide,CHB,0.0,533.0,9.0,5.0,8.0,0.0,2.0,0.0,76.5,13.0
2026,14,2026-06-13,Xavier,Bamert,Port Adelaide,HFFR,3.0,217.0,1.0,9.0,3.0,1.0,1.0,0.0,72.7,8.0
2026,14,2026-06-13,Joe,Berry,Port Adelaide,INT,7.0,358.0,1.0,9.0,4.0,0.0,3.0,0.0,76.5,13.0
2026,14,2026-06-13,Jase,Burgoyne,Port Adelaide,WR,6.0,402.0,6.0,19.0,7.0,0.0,9.0,0.0,52.2,12.0
2026,14,2026-06-13,Zak,Butters,Port Adelaide,RR,9.0,341.0,6.0,23.0,4.0,4.0,6.0,0.0,77.8,21.0
2026,14,2026-06-13,Darcy,Byrne-Jones,Port Adelaide,HBFL,3.0,363.0,10.0,13.0,3.0,1.0,7.0,0.0,84.0,21.0
2026,14,2026-06-13,Tom,Cochrane,Port Adelaide,HFFL,2.0,106.0,0.0,13.0,1.0,0.0,1.0,0.0,25.0,1.0
2026,14,2026-06-13,Willem,Drew,Port Adelaide,R,2.0,224.0,1.0,23.0,1.0,1.0,6.0,1.0,64.7,11.0
2026,14,2026-06-13,Corey,Durdin,Port Adelaide,FPL,3.0,108.0,1.0,11.0,2.0,0.0,3.0,1.0,85.7,6.0
2026,14,2026-06-13,Logan,Evans,Port Adelaide,INT,1.0,288.0,5.0,7.0,2.0,0.0,2.0,1.0,80.0,12.0
2026,14,2026-06-13,Kane,Farrell,Port Adelaide,BPL,6.0,622.0,5.0,19.0,4.0,0.0,4.0,0.0,85.0,17.0
2026,14,2026-06-13,Mitch,Georgiades,Port Adelaide,CHF,9.0,187.0,0.0,8.0,2.0,0.0,1.0,1.0,58.3,7.0
2026,14,2026-06-13,Jason,Horne-Francis,Port Adelaide,C,6.0,247.0,0.0,20.0,1.0,2.0,3.0,1.0,81.3,13.0
2026,14,2026-06-13,Lachie,Jones,Port Adelaide,HBFR,4.0,280.0,4.0,13.0,4.0,0.0,2.0,0.0,84.6,11.0
2026,14,2026-06-13,Ewan,Mackinlay,Port Adelaide,WL,1.0,200.0,3.0,6.0,3.0,0.0,5.0,1.0,70.0,7.0
2026,14,2026-06-13,Todd,Marshall,Port Adelaide,INT,3.0,109.0,1.0,9.0,1.0,0.0,0.0,1.0,57.1,4.0
2026,14,2026-06-13,Jackson,Mead,Port Adelaide,INT,5.0,230.0,1.0,10.0,1.0,1.0,4.0,1.0,53.3,8.0
2026,14,2026-06-13,Harrison,Ramm,Port Adelaide,BPR,1.0,82.0,3.0,7.0,2.0,0.0,0.0,0.0,50.0,2.0
2026,14,2026-06-13,Esava,Ratugolea,Port Adelaide,FB,1.0,104.0,7.0,8.0,2.0,0.0,2.0,0.0,77.8,7.0
2026,14,2026-06-13,Joe,Richards,Port Adelaide,FPR,7.0,395.0,2.0,21.0,4.0,2.0,10.0,1.0,82.6,19.0
2026,14,2026-06-13,Jordon,Sweet,Port Adelaide,RK,13.0,385.0,0.0,18.0,5.0,1.0,7.0,1.0,64.7,11.0
2026,14,2026-06-13,Jack,Whitlock,Port Adelaide,FF,2.0,65.0,2.0,8.0,3.0,0.0,4.0,0.0,62.5,5.0
2026,14,2026-06-13,Ollie,Wines,Port Adelaide,INT,4.0,208.0,3.0,17.0,4.0,0.0,10.0,0.0,56.5,13.0
2026,14,2026-06-13,Joel,Amartey,Sydney Swans,FPL,2.0,87.0,2.0,5.0,4.0,0.0,2.0,0.0,50.0,3.0
2026,14,2026-06-13,Riley,Bice,Sydney Swans,INT,6.0,380.0,7.0,7.0,2.0,0.0,2.0,0.0,72.2,13.0
2026,14,2026-06-13,Nick,Blakey,Sydney Swans,CHB,3.0,584.0,6.0,7.0,6.0,1.0,1.0,0.0,72.0,18.0
2026,14,2026-06-13,Caiden,Cleary,Sydney Swans,CHF,7.0,340.0,2.0,16.0,4.0,0.0,10.0,1.0,84.2,16.0
2026,14,2026-06-13,Harry,Cunningham,Sydney Swans,HBFL,4.0,148.0,3.0,12.0,2.0,0.0,5.0,0.0,69.2,9.0
2026,14,2026-06-13,Charlie,Curnow,Sydney Swans,FF,5.0,222.0,2.0,11.0,5.0,0.0,5.0,1.0,41.7,5.0
2026,14,2026-06-13,William,Edwards,Sydney Swans,BPR,2.0,257.0,3.0,4.0,3.0,0.0,2.0,0.0,77.8,7.0
2026,14,2026-06-13,Brodie,Grundy,Sydney Swans,RK,5.0,239.0,6.0,15.0,7.0,3.0,8.0,1.0,61.5,16.0
2026,14,2026-06-13,Joel,Hamling,Sydney Swans,FB,2.0,86.0,6.0,6.0,0.0,0.0,2.0,0.0,90.0,9.0
2026,14,2026-06-13,Isaac,Heeney,Sydney Swans,RR,9.0,417.0,0.0,22.0,4.0,3.0,5.0,2.0,53.3,16.0
2026,14,2026-06-13,James,Jordon,Sydney Swans,INT,4.0,187.0,0.0,26.0,2.0,2.0,3.0,2.0,61.5,8.0
2026,14,2026-06-13,Harry,Kyle,Sydney Swans,INT,1.0,87.0,3.0,5.0,2.0,0.0,3.0,0.0,57.1,4.0
2026,14,2026-06-13,Jake,Lloyd,Sydney Swans,HFFL,5.0,217.0,2.0,17.0,1.0,0.0,3.0,1.0,63.6,7.0
2026,14,2026-06-13,Logan,McDonald,Sydney Swans,FPR,6.0,216.0,3.0,8.0,3.0,0.0,3.0,1.0,72.2,13.0
2026,14,2026-06-13,Hayden,McLean,Sydney Swans,INT,3.0,91.0,0.0,10.0,1.0,0.0,1.0,0.0,66.7,4.0
2026,14,2026-06-13,Callum,Mills,Sydney Swans,BPL,7.0,322.0,7.0,20.0,3.0,0.0,7.0,0.0,89.7,26.0
2026,14,2026-06-13,Matt,Roberts,Sydney Swans,WR,2.0,332.0,4.0,14.0,3.0,0.0,2.0,0.0,71.4,10.0
2026,14,2026-06-13,Malcolm,Rosas,Sydney Swans,HFFR,1.0,15.0,0.0,12.0,0.0,0.0,0.0,1.0,100.0,2.0
2026,14,2026-06-13,James,Rowbottom,Sydney Swans,R,7.0,216.0,1.0,23.0,2.0,0.0,4.0,2.0,77.8,7.0
2026,14,2026-06-13,Jai,Serong,Sydney Swans,WL,3.0,285.0,7.0,9.0,4.0,1.0,3.0,0.0,89.5,17.0
2026,14,2026-06-13,Angus,Sheldrick,Sydney Swans,INT,3.0,257.0,1.0,17.0,2.0,1.0,7.0,0.0,60.0,9.0
2026,14,2026-06-13,Chad,Warner,Sydney Swans,C,7.0,544.0,2.0,15.0,5.0,2.0,6.0,0.0,61.5,16.0
2026,14,2026-06-13,Sam,Wicks,Sydney Swans,HBFR,5.0,420.0,4.0,6.0,5.0,0.0,3.0,0.0,78.9,15.0
2026,14,2026-06-14,Jasper,Alger,Richmond,FPR,7.0,185.0,0.0,10.0,2.0,0.0,2.0,1.0,70.0,7.0
2026,14,2026-06-14,Kye,Annand,Richmond,BPL,2.0,259.0,6.0,8.0,2.0,0.0,3.0,0.0,64.3,9.0
2026,14,2026-06-14,Noah,Balta,Richmond,RK,5.0,250.0,3.0,11.0,3.0,0.0,0.0,0.0,60.0,9.0
2026,14,2026-06-14,Sam,Banks,Richmond,HBFL,1.0,373.0,5.0,10.0,5.0,0.0,4.0,0.0,86.4,19.0
2026,14,2026-06-14,Nathan,Broad,Richmond,HBFR,3.0,167.0,7.0,4.0,3.0,0.0,3.0,0.0,87.5,14.0
2026,14,2026-06-14,Tom,Brown,Richmond,INT,2.0,293.0,4.0,11.0,1.0,0.0,3.0,0.0,81.3,13.0
2026,14,2026-06-14,Seth,Campbell,Richmond,R,7.0,255.0,3.0,13.0,4.0,1.0,3.0,0.0,71.4,10.0
2026,14,2026-06-14,Sam,Cumming,Richmond,CHF,3.0,267.0,1.0,21.0,2.0,0.0,2.0,1.0,77.8,7.0
2026,14,2026-06-14,Liam,Fawcett,Richmond,FPL,5.0,171.0,1.0,3.0,1.0,0.0,1.0,0.0,83.3,5.0
2026,14,2026-06-14,Steely,Green,Richmond,HFFR,6.0,162.0,0.0,10.0,1.0,1.0,5.0,0.0,83.3,10.0
2026,14,2026-06-14,Sam,Grlj,Richmond,INT,4.0,138.0,2.0,15.0,1.0,0.0,4.0,2.0,68.8,11.0
2026,14,2026-06-14,Oliver,Hayes-Brown,Richmond,INT,2.0,65.0,2.0,5.0,2.0,3.0,4.0,0.0,80.0,8.0
2026,14,2026-06-14,Jacob,Hopper,Richmond,INT,0.0,347.0,0.0,15.0,6.0,2.0,5.0,0.0,58.8,10.0
2026,14,2026-06-14,Mykelti,Lefau,Richmond,FF,2.0,30.0,1.0,9.0,1.0,0.0,1.0,3.0,100.0,7.0
2026,14,2026-06-14,Ben,Miller,Richmond,BPR,4.0,199.0,4.0,6.0,1.0,0.0,2.0,0.0,100.0,13.0
2026,14,2026-06-14,Dion,Prestia,Richmond,RR,6.0,221.0,5.0,18.0,2.0,4.0,10.0,1.0,77.8,21.0
2026,14,2026-06-14,Patrick,Retschko,Richmond,WL,3.0,299.0,1.0,9.0,4.0,0.0,2.0,0.0,72.2,13.0
2026,14,2026-06-14,Maurice,Rioli,Richmond,HFFL,3.0,111.0,2.0,19.0,3.0,0.0,3.0,6.0,71.4,5.0
2026,14,2026-06-14,Jayden,Short,Richmond,CHB,6.0,457.0,3.0,5.0,5.0,0.0,2.0,0.0,76.2,16.0
2026,14,2026-06-14,Tyler,Sonsie,Richmond,INT,8.0,429.0,7.0,17.0,6.0,0.0,6.0,1.0,59.1,13.0
2026,14,2026-06-14,Tim,Taranto,Richmond,C,6.0,434.0,5.0,19.0,5.0,4.0,10.0,2.0,65.5,19.0
2026,14,2026-06-14,James,Trezise,Richmond,WR,4.0,202.0,3.0,8.0,2.0,0.0,2.0,0.0,76.5,13.0
2026,14,2026-06-14,Nick,Vlastuin,Richmond,FB,3.0,235.0,6.0,5.0,5.0,0.0,3.0,0.0,66.7,10.0
2026,14,2026-06-14,Harris,Andrews,Brisbane Lions,FB,4.0,153.0,12.0,3.0,3.0,0.0,4.0,0.0,82.4,14.0
2026,14,2026-06-14,Noah,Answerth,Brisbane Lions,BPL,2.0,216.0,3.0,10.0,0.0,0.0,2.0,0.0,100.0,13.0
2026,14,2026-06-14,Levi,Ashcroft,Brisbane Lions,INT,2.0,132.0,0.0,12.0,1.0,1.0,2.0,0.0,76.5,13.0
2026,14,2026-06-14,Will,Ashcroft,Brisbane Lions,C,14.0,480.0,1.0,14.0,8.0,3.0,5.0,1.0,78.9,30.0
2026,14,2026-06-14,Zac,Bailey,Brisbane Lions,WR,6.0,496.0,1.0,21.0,7.0,1.0,7.0,0.0,64.0,16.0
2026,14,2026-06-14,Jarrod,Berry,Brisbane Lions,WL,2.0,88.0,5.0,6.0,1.0,0.0,5.0,0.0,71.4,10.0
2026,14,2026-06-14,Shadeau,Brain,Brisbane Lions,INT,4.0,215.0,1.0,4.0,4.0,0.0,1.0,0.0,75.0,12.0
2026,14,2026-06-14,Charlie,Cameron,Brisbane Lions,HFFL,3.0,71.0,3.0,11.0,1.0,0.0,2.0,0.0,60.0,3.0
2026,14,2026-06-14,Sam,Draper,Brisbane Lions,RK,5.0,294.0,3.0,4.0,4.0,1.0,1.0,0.0,50.0,7.0
2026,14,2026-06-14,Josh,Dunkley,Brisbane Lions,RR,7.0,360.0,2.0,21.0,6.0,0.0,5.0,1.0,59.1,13.0
2026,14,2026-06-14,Jaspa,Fletcher,Brisbane Lions,HBFR,4.0,256.0,4.0,10.0,3.0,0.0,4.0,0.0,85.7,18.0
2026,14,2026-06-14,Darcy,Fort,Brisbane Lions,INT,4.0,119.0,2.0,10.0,1.0,1.0,7.0,0.0,60.0,6.0
2026,14,2026-06-14,Ty,Gallop,Brisbane Lions,CHB,1.0,279.0,5.0,11.0,2.0,0.0,0.0,0.0,100.0,11.0
2026,14,2026-06-14,Darcy,Gardiner,Brisbane Lions,BPR,5.0,227.0,5.0,6.0,3.0,0.0,1.0,0.0,85.0,17.0
2026,14,2026-06-14,Eric,Hipwood,Brisbane Lions,FPL,3.0,191.0,0.0,4.0,4.0,0.0,4.0,1.0,50.0,4.0
2026,14,2026-06-14,Kai,Lohmann,Brisbane Lions,INT,5.0,124.0,0.0,9.0,2.0,0.0,2.0,0.0,57.1,4.0
2026,14,2026-06-14,Conor,McKenna,Brisbane Lions,FPR,7.0,441.0,1.0,14.0,2.0,0.0,3.0,1.0,61.1,11.0
2026,14,2026-06-14,Logan,Morris,Brisbane Lions,CHF,9.0,248.0,1.0,9.0,1.0,0.0,4.0,2.0,66.7,8.0
2026,14,2026-06-14,Lachie,Neale,Brisbane Lions,R,8.0,315.0,1.0,17.0,1.0,4.0,4.0,1.0,85.7,24.0
2026,14,2026-06-14,Cam,Rayner,Brisbane Lions,FF,6.0,322.0,1.0,10.0,4.0,2.0,6.0,0.0,84.6,11.0
2026,14,2026-06-14,Bruce,Reville,Brisbane Lions,INT,5.0,256.0,1.0,10.0,2.0,0.0,3.0,0.0,66.7,8.0
2026,14,2026-06-14,James,Tunstill,Brisbane Lions,HFFR,4.0,282.0,3.0,12.0,3.0,0.0,2.0,1.0,71.4,10.0
2026,14,2026-06-14,Darcy,Wilmot,Brisbane Lions,HBFL,5.0,423.0,12.0,11.0,8.0,0.0,7.0,0.0,61.5,16.0
2026,14,2026-06-14,Dan,Butler,St Kilda,INT,3.0,109.0,0.0,23.0,1.0,0.0,1.0,0.0,83.3,5.0
2026,14,2026-06-14,Ryan,Byrnes,St Kilda,FPR,1.0,114.0,3.0,9.0,1.0,0.0,2.0,1.0,77.8,7.0
2026,14,2026-06-14,Anthony,Caminiti,St Kilda,BPR,2.0,167.0,4.0,6.0,0.0,0.0,2.0,0.0,100.0,11.0
2026,14,2026-06-14,Tom,De Koning,St Kilda,RK,7.0,221.0,0.0,4.0,1.0,0.0,2.0,0.0,80.0,12.0
2026,14,2026-06-14,Hugo,Garcia,St Kilda,RR,8.0,311.0,0.0,22.0,5.0,7.0,6.0,0.0,81.5,22.0
2026,14,2026-06-14,Max,Hall,St Kilda,C,5.0,231.0,0.0,18.0,0.0,2.0,5.0,0.0,100.0,19.0
2026,14,2026-06-14,Angus,Hastie,St Kilda,WR,0.0,266.0,3.0,7.0,4.0,0.0,2.0,0.0,60.0,6.0
2026,14,2026-06-14,Bradley,Hill,St Kilda,HBFR,7.0,188.0,3.0,17.0,1.0,0.0,4.0,0.0,81.3,13.0
2026,14,2026-06-14,Campbell,Lake,St Kilda,HFFR,1.0,38.0,1.0,26.0,2.0,0.0,2.0,5.0,33.3,2.0
2026,14,2026-06-14,Jack,Macrae,St Kilda,INT,8.0,267.0,3.0,11.0,3.0,1.0,5.0,0.0,75.0,18.0
2026,14,2026-06-14,Rowan,Marshall,St Kilda,FPL,3.0,91.0,0.0,6.0,2.0,2.0,3.0,1.0,62.5,5.0
2026,14,2026-06-14,Mitch,Owens,St Kilda,HFFL,6.0,107.0,5.0,13.0,1.0,0.0,10.0,2.0,68.2,15.0
2026,14,2026-06-14,Liam,Ryan,St Kilda,CHF,9.0,177.0,2.0,8.0,1.0,0.0,5.0,1.0,72.7,8.0
2026,14,2026-06-14,Cooper,Sharman,St Kilda,FF,9.0,292.0,1.0,9.0,2.0,0.0,5.0,0.0,57.1,8.0
2026,14,2026-06-14,Jack,Silvagni,St Kilda,BPL,2.0,252.0,7.0,11.0,4.0,0.0,3.0,0.0,75.0,9.0
2026,14,2026-06-14,Jack,Sinclair,St Kilda,HBFL,8.0,399.0,5.0,12.0,3.0,0.0,1.0,0.0,81.8,18.0
2026,14,2026-06-14,Liam,Stocker,St Kilda,INT,4.0,166.0,5.0,7.0,1.0,0.0,3.0,0.0,83.3,10.0
2026,14,2026-06-14,Alix,Tauru,St Kilda,INT,1.0,86.0,1.0,1.0,2.0,0.0,2.0,0.0,60.0,3.0
2026,14,2026-06-14,Nasiah,Wanganeen-Milera,St Kilda,CHB,12.0,775.0,4.0,18.0,3.0,1.0,8.0,0.0,75.0,24.0
2026,14,2026-06-14,Callum,Wilkie,St Kilda,FB,0.0,356.0,8.0,9.0,6.0,0.0,4.0,0.0,61.9,13.0
2026,14,2026-06-14,Darcy,Wilson,St Kilda,WL,6.0,316.0,2.0,21.0,4.0,1.0,3.0,1.0,55.0,11.0
2026,14,2026-06-14,Marcus,Windhager,St Kilda,R,6.0,316.0,2.0,24.0,0.0,0.0,4.0,1.0,61.9,13.0
2026,14,2026-06-14,Mason,Wood,St Kilda,INT,1.0,333.0,2.0,8.0,5.0,0.0,3.0,0.0,66.7,10.0
2026,14,2026-06-14,Leek,Aleer,GWS GIANTS,INT,4.0,51.0,0.0,9.0,1.0,0.0,2.0,0.0,33.3,1.0
2026,14,2026-06-14,Ryan,Angwin,GWS GIANTS,WL,4.0,258.0,1.0,13.0,0.0,0.0,2.0,0.0,78.6,11.0
2026,14,2026-06-14,Lachie,Ash,GWS GIANTS,HBFL,1.0,755.0,6.0,10.0,5.0,0.0,7.0,0.0,75.0,24.0
2026,14,2026-06-14,Toby,Bedford,GWS GIANTS,RR,9.0,160.0,2.0,20.0,1.0,3.0,7.0,0.0,93.8,15.0
2026,14,2026-06-14,Kieren,Briggs,GWS GIANTS,RK,4.0,177.0,2.0,11.0,3.0,2.0,2.0,0.0,50.0,6.0
2026,14,2026-06-14,Callum,Brown,GWS GIANTS,INT,1.0,193.0,0.0,13.0,2.0,0.0,0.0,1.0,50.0,3.0
2026,14,2026-06-14,Aaron,Cadman,GWS GIANTS,FPR,5.0,255.0,1.0,10.0,2.0,0.0,2.0,0.0,72.7,8.0
2026,14,2026-06-14,Finn,Callaghan,GWS GIANTS,R,7.0,425.0,0.0,16.0,2.0,3.0,3.0,0.0,85.7,24.0
2026,14,2026-06-14,Brent,Daniels,GWS GIANTS,FPL,8.0,271.0,2.0,27.0,3.0,3.0,12.0,0.0,77.4,24.0
2026,14,2026-06-14,Joe,Fonti,GWS GIANTS,HBFR,2.0,225.0,4.0,5.0,1.0,0.0,2.0,0.0,74.1,20.0
2026,14,2026-06-14,Phoenix,Gothard,GWS GIANTS,HFFR,6.0,147.0,2.0,7.0,4.0,0.0,5.0,1.0,71.4,10.0
2026,14,2026-06-14,Toby,Greene,GWS GIANTS,HFFL,7.0,499.0,2.0,5.0,9.0,1.0,7.0,0.0,54.5,12.0
2026,14,2026-06-14,Harry,Himmelberg,GWS GIANTS,INT,3.0,278.0,3.0,4.0,3.0,0.0,2.0,0.0,76.9,10.0
2026,14,2026-06-14,Jesse,Hogan,GWS GIANTS,FF,3.0,200.0,0.0,6.0,4.0,0.0,2.0,0.0,50.0,5.0
2026,14,2026-06-14,Connor,Idun,GWS GIANTS,BPL,4.0,186.0,6.0,7.0,3.0,0.0,3.0,0.0,90.0,18.0
2026,14,2026-06-14,Jayden,Laverde,GWS GIANTS,BPR,3.0,64.0,3.0,3.0,0.0,0.0,0.0,0.0,88.9,8.0
2026,14,2026-06-14,Toby,McMullin,GWS GIANTS,INT,3.0,123.0,2.0,7.0,3.0,0.0,3.0,1.0,66.7,6.0
2026,14,2026-06-14,Clayton,Oliver,GWS GIANTS,C,4.0,484.0,2.0,23.0,1.0,4.0,8.0,0.0,74.3,26.0
2026,14,2026-06-14,Conor,Stone,GWS GIANTS,INT,3.0,103.0,0.0,4.0,1.0,0.0,1.0,0.0,100.0,6.0
2026,14,2026-06-14,Jake,Stringer,GWS GIANTS,CHF,7.0,118.0,2.0,6.0,4.0,0.0,4.0,2.0,66.7,6.0
2026,14,2026-06-14,Sam,Taylor,GWS GIANTS,FB,1.0,128.0,7.0,4.0,2.0,0.0,2.0,0.0,70.0,7.0
2026,14,2026-06-14,Harvey,Thomas,GWS GIANTS,WR,5.0,197.0,2.0,24.0,4.0,0.0,3.0,0.0,83.3,15.0
2026,14,2026-06-14,Lachie,Whitfield,GWS GIANTS,CHB,3.0,490.0,3.0,9.0,2.0,0.0,2.0,0.0,80.6,25.0
2026,15,2026-06-18,Jye,Amiss,Fremantle,FF,8.0,245.0,0.0,1.0,3.0,0.0,2.0,0.0,36.4,4.0
2026,15,2026-06-18,Shai,Bolton,Fremantle,R,6.0,470.0,1.0,11.0,2.0,2.0,4.0,0.0,72.2,13.0
2026,15,2026-06-18,Andrew,Brayshaw,Fremantle,C,7.0,453.0,6.0,17.0,4.0,2.0,4.0,0.0,77.1,27.0
2026,15,2026-06-18,Heath,Chapman,Fremantle,BPR,3.0,147.0,3.0,7.0,1.0,0.0,3.0,0.0,84.6,11.0
2026,15,2026-06-18,Jordan,Clark,Fremantle,HBFL,2.0,378.0,2.0,5.0,3.0,0.0,1.0,0.0,76.5,13.0
2026,15,2026-06-18,Brennan,Cox,Fremantle,BPL,2.0,137.0,4.0,4.0,3.0,0.0,4.0,0.0,75.0,9.0
2026,15,2026-06-18,Mason,Cox,Fremantle,INT,3.0,62.0,2.0,6.0,1.0,0.0,1.0,0.0,33.3,2.0
2026,15,2026-06-18,Isaiah,Dudley,Fremantle,CHF,4.0,95.0,1.0,10.0,1.0,1.0,2.0,3.0,71.4,5.0
2026,15,2026-06-18,Neil,Erasmus,Fremantle,INT,8.0,347.0,5.0,7.0,2.0,0.0,7.0,0.0,62.5,15.0
2026,15,2026-06-18,Michael,Frederick,Fremantle,WL,2.0,126.0,1.0,13.0,1.0,0.0,1.0,0.0,100.0,9.0
2026,15,2026-06-18,Luke,Jackson,Fremantle,RK,9.0,337.0,2.0,23.0,10.0,5.0,8.0,0.0,64.3,18.0
2026,15,2026-06-18,Matthew,Johnson,Fremantle,WR,6.0,290.0,1.0,15.0,3.0,0.0,2.0,0.0,86.7,13.0
2026,15,2026-06-18,Judd,McVee,Fremantle,INT,3.0,160.0,5.0,7.0,1.0,0.0,4.0,0.0,93.3,14.0
2026,15,2026-06-18,Nathan,O'Driscoll,Fremantle,INT,7.0,319.0,1.0,8.0,2.0,0.0,0.0,0.0,92.9,13.0
2026,15,2026-06-18,Alex,Pearce,Fremantle,FB,5.0,123.0,11.0,0.0,3.0,0.0,3.0,0.0,83.3,15.0
2026,15,2026-06-18,Murphy,Reid,Fremantle,HFFL,8.0,412.0,4.0,13.0,4.0,1.0,5.0,0.0,77.8,21.0
2026,15,2026-06-18,Luke,Ryan,Fremantle,CHB,4.0,372.0,4.0,6.0,3.0,0.0,2.0,0.0,90.0,18.0
2026,15,2026-06-18,Caleb,Serong,Fremantle,RR,5.0,244.0,2.0,16.0,5.0,3.0,5.0,0.0,68.2,15.0
2026,15,2026-06-18,Sam,Switkowski,Fremantle,HFFR,5.0,212.0,2.0,13.0,1.0,0.0,6.0,1.0,70.6,12.0
2026,15,2026-06-18,Josh,Treacy,Fremantle,FPR,6.0,239.0,0.0,12.0,3.0,0.0,1.0,1.0,66.7,6.0
2026,15,2026-06-18,Patrick,Voss,Fremantle,FPL,7.0,266.0,1.0,14.0,1.0,0.0,3.0,0.0,72.7,8.0
2026,15,2026-06-18,Karl,Worner,Fremantle,HBFR,4.0,439.0,7.0,6.0,3.0,1.0,2.0,0.0,89.5,17.0
2026,15,2026-06-18,Hayden,Young,Fremantle,INT,9.0,269.0,1.0,13.0,2.0,3.0,1.0,0.0,66.7,10.0
2026,15,2026-06-18,Tom,Atkins,Geelong Cats,R,2.0,352.0,4.0,20.0,5.0,2.0,9.0,0.0,57.1,12.0
2026,15,2026-06-18,Mark,Blicavs,Geelong Cats,WR,2.0,37.0,3.0,14.0,1.0,0.0,3.0,0.0,83.3,10.0
2026,15,2026-06-18,Jack,Bowes,Geelong Cats,INT,4.0,268.0,1.0,7.0,3.0,0.0,2.0,0.0,58.3,7.0
2026,15,2026-06-18,Tanner,Bruhn,Geelong Cats,C,6.0,395.0,4.0,19.0,5.0,1.0,6.0,0.0,65.4,17.0
2026,15,2026-06-18,Jeremy,Cameron,Geelong Cats,CHF,4.0,110.0,0.0,0.0,1.0,0.0,1.0,0.0,66.7,4.0
2026,15,2026-06-18,Patrick,Dangerfield,Geelong Cats,WL,3.0,401.0,3.0,9.0,5.0,3.0,12.0,0.0,50.0,10.0
2026,15,2026-06-18,Sam,De Koning,Geelong Cats,INT,2.0,146.0,7.0,7.0,5.0,0.0,3.0,0.0,57.1,8.0
2026,15,2026-06-18,Oliver,Dempsey,Geelong Cats,HFFL,3.0,175.0,2.0,4.0,2.0,1.0,5.0,0.0,88.2,15.0
2026,15,2026-06-18,Mitchell,Edwards,Geelong Cats,RK,2.0,140.0,4.0,5.0,1.0,0.0,2.0,0.0,61.5,8.0
2026,15,2026-06-18,Zach,Guthrie,Geelong Cats,INT,1.0,413.0,5.0,5.0,6.0,0.0,2.0,0.0,70.0,14.0
2026,15,2026-06-18,Jack,Henry,Geelong Cats,FB,1.0,131.0,3.0,3.0,1.0,0.0,1.0,1.0,80.0,8.0
2026,15,2026-06-18,Oliver,Henry,Geelong Cats,FPL,6.0,191.0,0.0,7.0,3.0,0.0,0.0,0.0,66.7,6.0
2026,15,2026-06-18,Max,Holmes,Geelong Cats,RR,5.0,597.0,4.0,29.0,9.0,3.0,6.0,0.0,77.8,21.0
2026,15,2026-06-18,Lawson,Humphries,Geelong Cats,CHB,3.0,742.0,2.0,11.0,7.0,1.0,1.0,0.0,83.3,20.0
2026,15,2026-06-18,Jake,Kolodjashnij,Geelong Cats,HBFL,3.0,122.0,2.0,3.0,0.0,0.0,0.0,0.0,100.0,10.0
2026,15,2026-06-18,Shaun,Mannagh,Geelong Cats,INT,4.0,155.0,0.0,11.0,0.0,0.0,4.0,1.0,69.2,9.0
2026,15,2026-06-18,Jack,Martin,Geelong Cats,FPR,5.0,177.0,0.0,4.0,1.0,0.0,1.0,1.0,71.4,5.0
2026,15,2026-06-18,Oisin,Mullin,Geelong Cats,BPR,1.0,228.0,2.0,17.0,5.0,0.0,2.0,0.0,60.0,6.0
2026,15,2026-06-18,Shannon,Neale,Geelong Cats,FF,4.0,233.0,2.0,17.0,3.0,0.0,3.0,2.0,90.0,9.0
2026,15,2026-06-18,Mark,O'Connor,Geelong Cats,HBFR,5.0,255.0,6.0,12.0,0.0,0.0,7.0,0.0,92.9,13.0
2026,15,2026-06-18,Connor,O'Sullivan,Geelong Cats,BPL,2.0,149.0,8.0,4.0,0.0,0.0,1.0,0.0,93.8,15.0
2026,15,2026-06-18,George,Stevens,Geelong Cats,INT,6.0,309.0,0.0,6.0,1.0,1.0,4.0,1.0,66.7,12.0
2026,15,2026-06-18,Oliver,Wiltshire,Geelong Cats,HFFR,3.0,122.0,0.0,9.0,2.0,0.0,2.0,1.0,70.0,7.0
2026,15,2026-06-19,Oscar,Adams,Gold Coast SUNS,INT,1.0,129.0,3.0,6.0,2.0,0.0,1.0,0.0,77.8,7.0
2026,15,2026-06-19,Beau,Addinsall,Gold Coast SUNS,INT,4.0,61.0,4.0,13.0,2.0,0.0,4.0,1.0,73.7,14.0
2026,15,2026-06-19,Noah,Anderson,Gold Coast SUNS,RR,8.0,599.0,4.0,24.0,8.0,3.0,10.0,0.0,74.4,32.0
2026,15,2026-06-19,Mac,Andrew,Gold Coast SUNS,BPR,7.0,363.0,11.0,7.0,2.0,0.0,4.0,0.0,84.6,22.0
2026,15,2026-06-19,Sam,Clohesy,Gold Coast SUNS,BPL,4.0,220.0,2.0,9.0,1.0,0.0,1.0,0.0,88.9,16.0
2026,15,2026-06-19,Sam,Collins,Gold Coast SUNS,FB,2.0,167.0,8.0,4.0,3.0,0.0,4.0,0.0,87.5,14.0
2026,15,2026-06-19,Nick,Holman,Gold Coast SUNS,INT,3.0,166.0,1.0,11.0,0.0,0.0,2.0,0.0,81.8,9.0
2026,15,2026-06-19,Bailey,Humphrey,Gold Coast SUNS,HFFL,5.0,307.0,2.0,12.0,4.0,0.0,7.0,1.0,50.0,7.0
2026,15,2026-06-19,Joel,Jeffrey,Gold Coast SUNS,WL,8.0,643.0,7.0,13.0,3.0,0.0,5.0,0.0,87.9,29.0
2026,15,2026-06-19,Ben,King,Gold Coast SUNS,FF,3.0,30.0,0.0,4.0,1.0,0.0,2.0,1.0,75.0,3.0
2026,15,2026-06-19,Leonardo,Lombard,Gold Coast SUNS,HFFR,6.0,326.0,1.0,14.0,1.0,1.0,4.0,0.0,73.3,11.0
2026,15,2026-06-19,Ben,Long,Gold Coast SUNS,CHF,10.0,456.0,0.0,7.0,4.0,0.0,5.0,1.0,55.0,11.0
2026,15,2026-06-19,Touk,Miller,Gold Coast SUNS,WR,8.0,139.0,4.0,12.0,2.0,2.0,6.0,0.0,70.8,17.0
2026,15,2026-06-19,Ned,Moyle,Gold Coast SUNS,RK,2.0,77.0,1.0,8.0,2.0,1.0,2.0,0.0,28.6,2.0
2026,15,2026-06-19,Jai,Murray,Gold Coast SUNS,FPL,6.0,414.0,1.0,9.0,2.0,0.0,2.0,0.0,82.4,14.0
2026,15,2026-06-19,John,Noble,Gold Coast SUNS,HBFL,4.0,677.0,4.0,7.0,9.0,0.0,3.0,0.0,80.8,21.0
2026,15,2026-06-19,Christian,Petracca,Gold Coast SUNS,C,7.0,227.0,4.0,13.0,7.0,2.0,16.0,0.0,71.0,22.0
2026,15,2026-06-19,Daniel,Rioli,Gold Coast SUNS,HBFR,2.0,234.0,2.0,7.0,2.0,0.0,1.0,0.0,92.3,12.0
2026,15,2026-06-19,Matt,Rowell,Gold Coast SUNS,R,7.0,331.0,2.0,34.0,4.0,2.0,4.0,0.0,77.3,17.0
2026,15,2026-06-19,Bodhi,Uwland,Gold Coast SUNS,CHB,7.0,553.0,6.0,4.0,3.0,0.0,6.0,0.0,92.6,25.0
2026,15,2026-06-19,Zeke,Uwland,Gold Coast SUNS,INT,0.0,163.0,4.0,9.0,3.0,0.0,6.0,0.0,33.3,5.0
2026,15,2026-06-19,Jed,Walter,Gold Coast SUNS,FPR,10.0,248.0,0.0,10.0,3.0,0.0,2.0,0.0,75.0,9.0
2026,15,2026-06-19,Jarrod,Witts,Gold Coast SUNS,INT,2.0,32.0,1.0,7.0,1.0,1.0,3.0,0.0,85.7,6.0
2026,15,2026-06-19,Karl,Amon,Hawthorn,HBFL,3.0,625.0,6.0,14.0,9.0,0.0,2.0,0.0,79.2,19.0
2026,15,2026-06-19,Tom,Barrass,Hawthorn,CHB,2.0,64.0,2.0,1.0,0.0,0.0,0.0,0.0,85.7,6.0
2026,15,2026-06-19,Josh,Battle,Hawthorn,FB,1.0,330.0,9.0,10.0,4.0,0.0,4.0,0.0,65.0,13.0
2026,15,2026-06-19,Mabior,Chol,Hawthorn,CHF,5.0,97.0,1.0,9.0,4.0,0.0,3.0,1.0,50.0,4.0
2026,15,2026-06-19,Massimo,D'Ambrosio,Hawthorn,WL,3.0,214.0,7.0,8.0,1.0,0.0,3.0,0.0,84.6,11.0
2026,15,2026-06-19,Will,Day,Hawthorn,C,10.0,413.0,3.0,21.0,1.0,3.0,7.0,0.0,71.4,15.0
2026,15,2026-06-19,Jack,Ginnivan,Hawthorn,HFFR,4.0,170.0,1.0,18.0,5.0,3.0,6.0,1.0,55.0,11.0
2026,15,2026-06-19,Blake,Hardwick,Hawthorn,FPL,3.0,267.0,2.0,7.0,3.0,0.0,1.0,0.0,66.7,6.0
2026,15,2026-06-19,Jarman,Impey,Hawthorn,BPR,0.0,178.0,1.0,3.0,1.0,0.0,0.0,0.0,66.7,4.0
2026,15,2026-06-19,Mitch,Lewis,Hawthorn,FF,3.0,172.0,1.0,11.0,2.0,0.0,1.0,0.0,40.0,2.0
2026,15,2026-06-19,Bailey,Macdonald,Hawthorn,INT,1.0,97.0,2.0,8.0,1.0,0.0,3.0,0.0,71.4,5.0
2026,15,2026-06-19,Connor,Macdonald,Hawthorn,INT,7.0,204.0,2.0,13.0,3.0,1.0,5.0,0.0,81.0,17.0
2026,15,2026-06-19,Cam,Mackenzie,Hawthorn,INT,5.0,354.0,2.0,17.0,2.0,0.0,3.0,1.0,87.5,14.0
2026,15,2026-06-19,Lloyd,Meek,Hawthorn,RK,2.0,107.0,4.0,8.0,1.0,2.0,2.0,0.0,70.0,7.0
2026,15,2026-06-19,Dylan,Moore,Hawthorn,HFFL,8.0,194.0,0.0,17.0,2.0,0.0,4.0,0.0,76.9,10.0
2026,15,2026-06-19,Harry,Morrison,Hawthorn,WR,8.0,214.0,5.0,17.0,2.0,0.0,7.0,0.0,77.8,14.0
2026,15,2026-06-19,Cameron,Nairn,Hawthorn,INT,6.0,172.0,2.0,11.0,2.0,0.0,1.0,0.0,83.3,10.0
2026,15,2026-06-19,Jai,Newcombe,Hawthorn,RR,10.0,586.0,5.0,15.0,7.0,8.0,11.0,0.0,74.2,23.0
2026,15,2026-06-19,Ned,Reeves,Hawthorn,INT,0.0,50.0,1.0,7.0,1.0,0.0,2.0,0.0,40.0,2.0
2026,15,2026-06-19,James,Sicily,Hawthorn,BPL,3.0,491.0,7.0,11.0,3.0,0.0,5.0,0.0,88.2,15.0
2026,15,2026-06-19,Josh,Ward,Hawthorn,R,6.0,450.0,2.0,24.0,4.0,3.0,11.0,0.0,70.4,19.0
2026,15,2026-06-19,Nick,Watson,Hawthorn,FPR,6.0,258.0,1.0,13.0,7.0,0.0,7.0,0.0,53.3,8.0
2026,15,2026-06-19,Josh,Weddle,Hawthorn,HBFR,4.0,717.0,4.0,7.0,6.0,0.0,2.0,0.0,81.0,17.0
2026,15,2026-06-20,Sam,Berry,Adelaide Crows,INT,8.0,318.0,1.0,17.0,1.0,2.0,6.0,2.0,79.2,19.0
2026,15,2026-06-20,James,Borlase,Adelaide Crows,FB,2.0,147.0,8.0,5.0,3.0,0.0,2.0,0.0,86.7,13.0
2026,15,2026-06-20,Brayden,Cook,Adelaide Crows,WR,3.0,506.0,6.0,8.0,6.0,0.0,5.0,1.0,66.7,14.0
2026,15,2026-06-20,Daniel,Curtin,Adelaide Crows,WL,5.0,376.0,4.0,14.0,4.0,0.0,3.0,0.0,75.0,15.0
2026,15,2026-06-20,Jordan,Dawson,Adelaide Crows,C,8.0,341.0,1.0,20.0,2.0,0.0,2.0,0.0,77.8,14.0
2026,15,2026-06-20,Darcy,Fogarty,Adelaide Crows,INT,3.0,236.0,1.0,9.0,4.0,0.0,0.0,1.0,80.0,8.0
2026,15,2026-06-20,Hugo,Hall-Kahan,Adelaide Crows,INT,6.0,380.0,1.0,10.0,3.0,0.0,2.0,0.0,87.0,20.0
2026,15,2026-06-20,Mark,Keane,Adelaide Crows,BPL,6.0,376.0,9.0,12.0,2.0,0.0,5.0,0.0,77.3,17.0
2026,15,2026-06-20,Ben,Keays,Adelaide Crows,INT,5.0,288.0,2.0,16.0,3.0,0.0,4.0,1.0,73.3,11.0
2026,15,2026-06-20,Rory,Laird,Adelaide Crows,HBFL,6.0,230.0,3.0,9.0,2.0,0.0,3.0,0.0,88.5,23.0
2026,15,2026-06-20,Lachlan,McAndrew,Adelaide Crows,RK,5.0,108.0,2.0,13.0,3.0,1.0,3.0,1.0,69.2,9.0
2026,15,2026-06-20,Max,Michalanney,Adelaide Crows,BPR,3.0,348.0,4.0,11.0,2.0,0.0,1.0,0.0,90.0,18.0
2026,15,2026-06-20,Wayne,Milera,Adelaide Crows,HBFR,4.0,374.0,1.0,8.0,3.0,0.0,4.0,0.0,88.9,24.0
2026,15,2026-06-20,Nick,Murray,Adelaide Crows,CHB,3.0,254.0,7.0,5.0,3.0,0.0,3.0,0.0,94.1,16.0
2026,15,2026-06-20,Luke,Nankervis,Adelaide Crows,INT,4.0,174.0,6.0,9.0,0.0,0.0,5.0,0.0,100.0,22.0
2026,15,2026-06-20,Alex,Neal-Bullen,Adelaide Crows,FPR,6.0,386.0,2.0,21.0,6.0,0.0,6.0,0.0,68.8,11.0
2026,15,2026-06-20,James,Peatling,Adelaide Crows,RR,2.0,88.0,5.0,15.0,3.0,0.0,6.0,0.0,60.0,9.0
2026,15,2026-06-20,Josh,Rachele,Adelaide Crows,HFFR,7.0,308.0,1.0,6.0,3.0,0.0,5.0,0.0,52.9,9.0
2026,15,2026-06-20,Izak,Rankine,Adelaide Crows,HFFL,4.0,383.0,2.0,25.0,3.0,1.0,5.0,2.0,59.1,13.0
2026,15,2026-06-20,Jake,Soligo,Adelaide Crows,R,5.0,56.0,4.0,14.0,2.0,0.0,3.0,1.0,87.5,7.0
2026,15,2026-06-20,Zac,Taylor,Adelaide Crows,FPL,5.0,148.0,5.0,10.0,2.0,0.0,6.0,0.0,83.3,15.0
2026,15,2026-06-20,Riley,Thilthorpe,Adelaide Crows,CHF,4.0,130.0,1.0,9.0,2.0,1.0,2.0,0.0,77.8,7.0
2026,15,2026-06-20,Taylor,Walker,Adelaide Crows,FF,7.0,304.0,0.0,9.0,1.0,0.0,2.0,0.0,75.0,9.0
2026,15,2026-06-20,Jake,Bowey,Melbourne,BPL,3.0,362.0,1.0,11.0,3.0,2.0,3.0,0.0,87.5,21.0
2026,15,2026-06-20,Kade,Chandler,Melbourne,CHF,3.0,494.0,0.0,16.0,5.0,2.0,6.0,0.0,65.0,13.0
2026,15,2026-06-20,Paddy,Cross,Melbourne,INT,4.0,88.0,0.0,12.0,2.0,0.0,2.0,2.0,33.3,2.0
2026,15,2026-06-20,Joel,Fitzgerald,Melbourne,INT,0.0,214.0,0.0,7.0,2.0,1.0,3.0,0.0,81.3,13.0
2026,15,2026-06-20,Bayley,Fritsch,Melbourne,FPR,2.0,217.0,0.0,13.0,1.0,0.0,3.0,0.0,58.3,7.0
2026,15,2026-06-20,Max,Gawn,Melbourne,RK,5.0,366.0,7.0,7.0,8.0,3.0,7.0,0.0,60.7,17.0
2026,15,2026-06-20,Blake,Howes,Melbourne,HBFL,3.0,118.0,3.0,10.0,3.0,0.0,3.0,0.0,63.6,7.0
2026,15,2026-06-20,Matthew,Jefferson,Melbourne,HFFR,3.0,147.0,1.0,10.0,2.0,0.0,3.0,0.0,57.1,4.0
2026,15,2026-06-20,Luker,Kentfield,Melbourne,INT,1.0,58.0,2.0,2.0,0.0,0.0,1.0,0.0,40.0,2.0
2026,15,2026-06-20,Ed,Langdon,Melbourne,R,0.0,228.0,6.0,12.0,3.0,1.0,6.0,0.0,83.3,15.0
2026,15,2026-06-20,Harvey,Langford,Melbourne,WL,4.0,237.0,3.0,5.0,1.0,0.0,2.0,0.0,84.6,11.0
2026,15,2026-06-20,Jake,Lever,Melbourne,BPR,2.0,281.0,7.0,5.0,0.0,0.0,2.0,0.0,85.7,12.0
2026,15,2026-06-20,Tom,McDonald,Melbourne,CHB,1.0,235.0,3.0,7.0,2.0,0.0,2.0,0.0,61.5,8.0
2026,15,2026-06-20,Jake,Melksham,Melbourne,FPL,0.0,-27.0,1.0,14.0,3.0,0.0,2.0,1.0,66.7,2.0
2026,15,2026-06-20,Kysaiah,Pickett,Melbourne,HFFL,4.0,249.0,3.0,14.0,2.0,1.0,6.0,1.0,60.0,9.0
2026,15,2026-06-20,Trent,Rivers,Melbourne,INT,2.0,487.0,4.0,7.0,5.0,0.0,3.0,0.0,71.4,15.0
2026,15,2026-06-20,Harry,Sharp,Melbourne,INT,2.0,385.0,1.0,13.0,3.0,0.0,3.0,1.0,54.5,6.0
2026,15,2026-06-20,Tom,Sparrow,Melbourne,C,3.0,499.0,5.0,24.0,7.0,2.0,12.0,0.0,57.1,16.0
2026,15,2026-06-20,Jack,Steele,Melbourne,RR,3.0,107.0,4.0,14.0,2.0,1.0,11.0,0.0,85.7,18.0
2026,15,2026-06-20,Koltyn,Tholstrup,Melbourne,HBFR,2.0,353.0,4.0,3.0,4.0,0.0,4.0,0.0,60.0,9.0
2026,15,2026-06-20,Daniel,Turner,Melbourne,FB,3.0,475.0,7.0,3.0,10.0,0.0,5.0,0.0,65.2,15.0
2026,15,2026-06-20,Jacob,van Rooyen,Melbourne,FF,7.0,206.0,0.0,5.0,4.0,0.0,7.0,1.0,66.7,10.0
2026,15,2026-06-20,Caleb,Windsor,Melbourne,WR,3.0,263.0,1.0,21.0,5.0,0.0,4.0,0.0,68.8,11.0
2026,15,2026-06-20,Leek,Aleer,GWS GIANTS,INT,3.0,80.0,5.0,12.0,3.0,1.0,6.0,1.0,75.0,9.0
2026,15,2026-06-20,Ryan,Angwin,GWS GIANTS,WL,3.0,246.0,3.0,13.0,4.0,0.0,2.0,0.0,80.0,12.0
2026,15,2026-06-20,Lachie,Ash,GWS GIANTS,HBFL,5.0,594.0,5.0,13.0,4.0,0.0,4.0,0.0,80.8,21.0
2026,15,2026-06-20,Toby,Bedford,GWS GIANTS,FPL,6.0,175.0,1.0,26.0,1.0,0.0,4.0,0.0,92.9,13.0
2026,15,2026-06-20,Kieren,Briggs,GWS GIANTS,RK,6.0,170.0,3.0,14.0,2.0,0.0,2.0,0.0,75.0,9.0
2026,15,2026-06-20,Callum,Brown,GWS GIANTS,INT,6.0,188.0,1.0,12.0,1.0,0.0,3.0,0.0,70.0,7.0
2026,15,2026-06-20,Aaron,Cadman,GWS GIANTS,CHF,5.0,123.0,0.0,7.0,2.0,0.0,0.0,0.0,71.4,5.0
2026,15,2026-06-20,Finn,Callaghan,GWS GIANTS,R,7.0,669.0,3.0,17.0,10.0,3.0,7.0,0.0,58.1,18.0
2026,15,2026-06-20,Stephen,Coniglio,GWS GIANTS,INT,3.0,149.0,3.0,14.0,4.0,1.0,6.0,0.0,71.4,15.0
2026,15,2026-06-20,Brent,Daniels,GWS GIANTS,RR,4.0,290.0,1.0,27.0,7.0,0.0,4.0,0.0,72.2,13.0
2026,15,2026-06-20,Joe,Fonti,GWS GIANTS,INT,2.0,379.0,5.0,6.0,6.0,0.0,1.0,0.0,68.4,13.0
2026,15,2026-06-20,Phoenix,Gothard,GWS GIANTS,HFFR,3.0,71.0,1.0,12.0,0.0,0.0,1.0,0.0,85.7,6.0
2026,15,2026-06-20,Toby,Greene,GWS GIANTS,FPR,5.0,297.0,0.0,13.0,4.0,0.0,3.0,0.0,53.3,8.0
2026,15,2026-06-20,Harry,Himmelberg,GWS GIANTS,HBFR,2.0,302.0,5.0,5.0,3.0,0.0,1.0,0.0,73.7,14.0
2026,15,2026-06-20,Jesse,Hogan,GWS GIANTS,FF,5.0,199.0,0.0,7.0,2.0,0.0,1.0,2.0,70.0,7.0
2026,15,2026-06-20,Connor,Idun,GWS GIANTS,BPR,4.0,380.0,4.0,3.0,2.0,0.0,1.0,0.0,80.0,16.0
2026,15,2026-06-20,Jayden,Laverde,GWS GIANTS,BPL,1.0,195.0,5.0,3.0,2.0,0.0,3.0,0.0,70.0,7.0
2026,15,2026-06-20,Clayton,Oliver,GWS GIANTS,C,3.0,362.0,5.0,24.0,10.0,1.0,7.0,0.0,55.2,16.0
2026,15,2026-06-20,Conor,Stone,GWS GIANTS,INT,6.0,259.0,6.0,10.0,5.0,0.0,4.0,0.0,69.2,9.0
2026,15,2026-06-20,Jake,Stringer,GWS GIANTS,HFFL,4.0,225.0,0.0,24.0,1.0,0.0,1.0,1.0,57.1,4.0
2026,15,2026-06-20,Sam,Taylor,GWS GIANTS,FB,0.0,117.0,7.0,3.0,2.0,0.0,5.0,0.0,80.0,8.0
2026,15,2026-06-20,Harvey,Thomas,GWS GIANTS,WR,4.0,292.0,4.0,23.0,3.0,0.0,10.0,2.0,72.2,13.0
2026,15,2026-06-20,Lachie,Whitfield,GWS GIANTS,CHB,2.0,383.0,4.0,12.0,4.0,0.0,4.0,0.0,80.0,20.0
2026,15,2026-06-20,Blake,Acres,Carlton,WR,7.0,428.0,4.0,20.0,6.0,0.0,4.0,1.0,68.0,17.0
2026,15,2026-06-20,Ben,Ainsworth,Carlton,HFFR,8.0,317.0,3.0,6.0,2.0,1.0,4.0,0.0,75.0,12.0
2026,15,2026-06-20,Talor,Byrne,Carlton,FPR,2.0,124.0,1.0,17.0,3.0,0.0,2.0,0.0,40.0,2.0
2026,15,2026-06-20,Adam,Cerra,Carlton,WL,2.0,326.0,8.0,18.0,7.0,0.0,7.0,1.0,61.1,11.0
2026,15,2026-06-20,Matthew,Cottrell,Carlton,HFFL,6.0,356.0,4.0,11.0,4.0,0.0,3.0,2.0,75.0,12.0
2026,15,2026-06-20,Lachlan,Cowan,Carlton,HBFL,3.0,466.0,7.0,6.0,5.0,0.0,4.0,0.0,75.0,15.0
2026,15,2026-06-20,Patrick,Cripps,Carlton,RR,8.0,451.0,3.0,14.0,5.0,4.0,14.0,0.0,66.7,22.0
2026,15,2026-06-20,Harry,Dean,Carlton,CHB,1.0,78.0,6.0,7.0,1.0,0.0,2.0,0.0,70.0,7.0
2026,15,2026-06-20,Wade,Derksen,Carlton,FB,2.0,131.0,8.0,6.0,2.0,0.0,5.0,0.0,66.7,12.0
2026,15,2026-06-20,Francis,Evans,Carlton,INT,6.0,154.0,2.0,16.0,2.0,0.0,4.0,0.0,85.7,6.0
2026,15,2026-06-20,Oliver,Florent,Carlton,BPL,4.0,376.0,3.0,13.0,6.0,0.0,4.0,0.0,73.7,14.0
2026,15,2026-06-20,Nick,Haynes,Carlton,BPR,2.0,315.0,7.0,6.0,6.0,0.0,2.0,0.0,83.3,15.0
2026,15,2026-06-20,Will,Hayward,Carlton,INT,4.0,317.0,2.0,6.0,4.0,0.0,4.0,0.0,64.7,11.0
2026,15,2026-06-20,George,Hewett,Carlton,INT,11.0,386.0,3.0,15.0,2.0,3.0,3.0,1.0,93.3,28.0
2026,15,2026-06-20,Jack,Ison,Carlton,INT,2.0,162.0,1.0,18.0,2.0,0.0,1.0,3.0,50.0,3.0
2026,15,2026-06-20,Brodie,Kemp,Carlton,FPL,8.0,249.0,0.0,15.0,0.0,0.0,2.0,3.0,45.5,5.0
2026,15,2026-06-20,Mitch,McGovern,Carlton,CHF,3.0,113.0,2.0,16.0,3.0,0.0,2.0,0.0,72.7,8.0
2026,15,2026-06-20,Harry,McKay,Carlton,FF,2.0,339.0,2.0,11.0,3.0,0.0,0.0,0.0,86.7,13.0
2026,15,2026-06-20,Nic,Newman,Carlton,INT,4.0,579.0,6.0,11.0,0.0,0.0,3.0,0.0,84.0,21.0
2026,15,2026-06-20,Marc,Pittonet,Carlton,RK,5.0,33.0,4.0,9.0,0.0,1.0,5.0,0.0,84.6,11.0
2026,15,2026-06-20,Jagga,Smith,Carlton,R,5.0,310.0,4.0,14.0,4.0,3.0,7.0,0.0,80.8,21.0
2026,15,2026-06-20,Sam,Walsh,Carlton,C,9.0,270.0,1.0,14.0,2.0,3.0,9.0,0.0,79.4,27.0
2026,15,2026-06-20,Billy,Wilson,Carlton,HBFR,2.0,217.0,1.0,12.0,3.0,1.0,2.0,0.0,80.0,12.0
2026,15,2026-06-20,Edward,Allan,Collingwood,C,4.0,205.0,3.0,18.0,2.0,0.0,6.0,0.0,85.0,17.0
2026,15,2026-06-20,Jack,Buller,Collingwood,FPR,7.0,211.0,0.0,5.0,5.0,0.0,1.0,2.0,27.3,3.0
2026,15,2026-06-20,Darcy,Cameron,Collingwood,RK,1.0,-20.0,5.0,10.0,2.0,0.0,2.0,1.0,81.8,9.0
2026,15,2026-06-20,Jack,Crisp,Collingwood,INT,7.0,313.0,1.0,18.0,5.0,0.0,2.0,0.0,82.4,14.0
2026,15,2026-06-20,Josh,Daicos,Collingwood,CHB,5.0,528.0,3.0,13.0,3.0,0.0,4.0,0.0,90.0,27.0
2026,15,2026-06-20,Nick,Daicos,Collingwood,R,10.0,486.0,2.0,19.0,5.0,5.0,11.0,0.0,78.0,32.0
2026,15,2026-06-20,Jordan,De Goey,Collingwood,CHF,8.0,571.0,2.0,8.0,5.0,3.0,8.0,1.0,57.7,15.0
2026,15,2026-06-20,Billy,Frampton,Collingwood,BPR,4.0,119.0,6.0,2.0,0.0,0.0,2.0,0.0,100.0,13.0
2026,15,2026-06-20,Harvey,Harrison,Collingwood,HFFL,3.0,128.0,1.0,15.0,2.0,0.0,1.0,2.0,57.1,4.0
2026,15,2026-06-20,Dan,Houston,Collingwood,HBFR,2.0,302.0,4.0,6.0,3.0,1.0,6.0,0.0,68.4,13.0
2026,15,2026-06-20,Jeremy,Howe,Collingwood,FB,4.0,470.0,10.0,6.0,3.0,0.0,3.0,0.0,95.8,23.0
2026,15,2026-06-20,Patrick,Lipinski,Collingwood,RR,6.0,185.0,3.0,11.0,0.0,0.0,4.0,0.0,85.7,18.0
2026,15,2026-06-20,Ned,Long,Collingwood,INT,4.0,258.0,2.0,15.0,2.0,1.0,4.0,1.0,65.0,13.0
2026,15,2026-06-20,Beau,McCreery,Collingwood,INT,3.0,101.0,0.0,21.0,2.0,0.0,1.0,0.0,77.8,7.0
2026,15,2026-06-20,Daniel,McStay,Collingwood,INT,3.0,315.0,3.0,9.0,3.0,0.0,1.0,2.0,60.0,6.0
2026,15,2026-06-20,Tim,Membrey,Collingwood,FPL,5.0,156.0,0.0,9.0,3.0,0.0,1.0,0.0,88.9,8.0
2026,15,2026-06-20,Harry,Perryman,Collingwood,HBFL,2.0,240.0,2.0,6.0,3.0,0.0,3.0,0.0,38.5,5.0
2026,15,2026-06-20,Mitch,Podhajski,Collingwood,FF,4.0,144.0,2.0,9.0,1.0,0.0,3.0,1.0,50.0,4.0
2026,15,2026-06-20,Isaac,Quaynor,Collingwood,BPL,2.0,407.0,7.0,10.0,6.0,0.0,4.0,0.0,90.5,19.0
2026,15,2026-06-20,Lachie,Schultz,Collingwood,HFFR,7.0,189.0,0.0,18.0,4.0,0.0,3.0,0.0,83.3,10.0
2026,15,2026-06-20,Steele,Sidebottom,Collingwood,WL,6.0,338.0,4.0,17.0,0.0,0.0,5.0,0.0,84.0,21.0
2026,15,2026-06-20,Roan,Steele,Collingwood,WR,1.0,162.0,1.0,8.0,2.0,0.0,1.0,0.0,54.5,6.0
2026,15,2026-06-20,Sam,Swadling,Collingwood,INT,4.0,242.0,1.0,9.0,2.0,0.0,5.0,1.0,77.8,14.0
2026,15,2026-06-20,Aliir,Aliir,Port Adelaide,CHB,2.0,284.0,4.0,1.0,2.0,0.0,0.0,0.0,78.6,11.0
2026,15,2026-06-20,Xavier,Bamert,Port Adelaide,INT,7.0,216.0,1.0,16.0,1.0,0.0,3.0,0.0,53.3,8.0
2026,15,2026-06-20,Joe,Berry,Port Adelaide,HFFR,4.0,64.0,0.0,20.0,0.0,0.0,3.0,0.0,88.9,8.0
2026,15,2026-06-20,Jase,Burgoyne,Port Adelaide,INT,7.0,445.0,4.0,16.0,3.0,1.0,4.0,1.0,60.9,14.0
2026,15,2026-06-20,Zak,Butters,Port Adelaide,RR,7.0,278.0,0.0,24.0,3.0,3.0,4.0,0.0,88.0,22.0
2026,15,2026-06-20,Darcy,Byrne-Jones,Port Adelaide,HBFL,8.0,450.0,7.0,12.0,4.0,0.0,8.0,0.0,82.4,28.0
2026,15,2026-06-20,Tom,Cochrane,Port Adelaide,INT,2.0,212.0,1.0,8.0,4.0,0.0,3.0,1.0,22.2,2.0
2026,15,2026-06-20,Willem,Drew,Port Adelaide,R,6.0,413.0,5.0,17.0,6.0,2.0,6.0,2.0,77.8,21.0
2026,15,2026-06-20,Corey,Durdin,Port Adelaide,HFFL,6.0,143.0,0.0,15.0,1.0,0.0,7.0,1.0,64.3,9.0
2026,15,2026-06-20,Logan,Evans,Port Adelaide,HBFR,4.0,358.0,5.0,8.0,4.0,0.0,3.0,0.0,85.7,18.0
2026,15,2026-06-20,Mitch,Georgiades,Port Adelaide,CHF,7.0,213.0,1.0,7.0,4.0,0.0,3.0,0.0,50.0,8.0
2026,15,2026-06-20,Jason,Horne-Francis,Port Adelaide,C,7.0,401.0,1.0,23.0,4.0,2.0,8.0,1.0,66.7,20.0
2026,15,2026-06-20,Lachie,Jones,Port Adelaide,BPL,1.0,242.0,8.0,11.0,1.0,0.0,3.0,0.0,66.7,8.0
2026,15,2026-06-20,Josh,Lai,Port Adelaide,BPR,2.0,330.0,4.0,15.0,3.0,0.0,1.0,0.0,76.9,10.0
2026,15,2026-06-20,Jack,Lukosius,Port Adelaide,WR,4.0,348.0,1.0,7.0,4.0,0.0,0.0,1.0,60.0,6.0
2026,15,2026-06-20,Ewan,Mackinlay,Port Adelaide,WL,2.0,211.0,2.0,5.0,3.0,0.0,2.0,0.0,44.4,4.0
2026,15,2026-06-20,Todd,Marshall,Port Adelaide,FPL,5.0,167.0,0.0,8.0,3.0,0.0,1.0,0.0,20.0,2.0
2026,15,2026-06-20,Jackson,Mead,Port Adelaide,INT,2.0,230.0,1.0,17.0,4.0,0.0,3.0,0.0,46.2,6.0
2026,15,2026-06-20,Harrison,Ramm,Port Adelaide,INT,0.0,-2.0,1.0,13.0,0.0,0.0,1.0,0.0,0.0,0.0
2026,15,2026-06-20,Esava,Ratugolea,Port Adelaide,FB,5.0,145.0,10.0,2.0,2.0,0.0,2.0,0.0,100.0,10.0
2026,15,2026-06-20,Joe,Richards,Port Adelaide,FPR,2.0,177.0,2.0,28.0,2.0,0.0,4.0,1.0,87.5,14.0
2026,15,2026-06-20,Jordon,Sweet,Port Adelaide,RK,5.0,385.0,4.0,12.0,3.0,2.0,7.0,0.0,55.0,11.0
2026,15,2026-06-20,Jack,Whitlock,Port Adelaide,FF,7.0,93.0,0.0,7.0,1.0,0.0,1.0,0.0,80.0,8.0
2026,15,2026-06-21,Jasper,Alger,Richmond,FF,5.0,199.0,1.0,14.0,2.0,0.0,2.0,0.0,66.7,6.0
2026,15,2026-06-21,Kye,Annand,Richmond,BPL,0.0,193.0,8.0,2.0,4.0,0.0,3.0,0.0,85.7,12.0
2026,15,2026-06-21,Noah,Balta,Richmond,FPL,3.0,341.0,0.0,9.0,3.0,2.0,5.0,0.0,50.0,5.0
2026,15,2026-06-21,Sam,Banks,Richmond,CHB,2.0,464.0,3.0,6.0,5.0,0.0,3.0,0.0,84.6,22.0
2026,15,2026-06-21,Nathan,Broad,Richmond,BPR,2.0,119.0,7.0,6.0,5.0,0.0,4.0,0.0,66.7,10.0
2026,15,2026-06-21,Tom,Brown,Richmond,HBFR,1.0,442.0,6.0,5.0,5.0,0.0,7.0,0.0,76.9,20.0
2026,15,2026-06-21,Seth,Campbell,Richmond,R,4.0,425.0,1.0,14.0,5.0,1.0,2.0,0.0,59.1,13.0
2026,15,2026-06-21,Sam,Cumming,Richmond,INT,4.0,264.0,2.0,11.0,3.0,0.0,4.0,2.0,83.3,15.0
2026,15,2026-06-21,Liam,Fawcett,Richmond,INT,2.0,112.0,1.0,6.0,1.0,0.0,0.0,1.0,100.0,5.0
2026,15,2026-06-21,Steely,Green,Richmond,HFFR,1.0,77.0,0.0,15.0,5.0,0.0,1.0,0.0,44.4,4.0
2026,15,2026-06-21,Sam,Grlj,Richmond,CHF,0.0,16.0,1.0,19.0,0.0,0.0,0.0,0.0,83.3,5.0
2026,15,2026-06-21,Taj,Hotton,Richmond,INT,2.0,8.0,1.0,9.0,1.0,0.0,2.0,1.0,75.0,3.0
2026,15,2026-06-21,Mykelti,Lefau,Richmond,FPR,2.0,61.0,0.0,11.0,1.0,0.0,1.0,2.0,80.0,4.0
2026,15,2026-06-21,Ben,Miller,Richmond,FB,2.0,274.0,6.0,2.0,2.0,0.0,2.0,0.0,83.3,15.0
2026,15,2026-06-21,Toby,Nankervis,Richmond,RK,2.0,62.0,1.0,14.0,2.0,2.0,6.0,0.0,72.7,8.0
2026,15,2026-06-21,Dion,Prestia,Richmond,RR,2.0,194.0,4.0,16.0,2.0,0.0,6.0,1.0,75.0,15.0
2026,15,2026-06-21,Patrick,Retschko,Richmond,WL,1.0,337.0,6.0,9.0,6.0,0.0,6.0,1.0,64.3,9.0
2026,15,2026-06-21,Maurice,Rioli,Richmond,HFFL,2.0,93.0,1.0,13.0,0.0,0.0,3.0,1.0,66.7,4.0
2026,15,2026-06-21,Jayden,Short,Richmond,INT,4.0,636.0,0.0,6.0,6.0,0.0,1.0,0.0,79.3,23.0
2026,15,2026-06-21,Tyler,Sonsie,Richmond,INT,2.0,178.0,2.0,11.0,2.0,0.0,5.0,0.0,72.7,8.0
2026,15,2026-06-21,Tim,Taranto,Richmond,C,5.0,234.0,4.0,23.0,1.0,3.0,11.0,1.0,69.6,16.0
2026,15,2026-06-21,James,Trezise,Richmond,WR,3.0,170.0,1.0,12.0,4.0,0.0,3.0,1.0,60.0,12.0
2026,15,2026-06-21,Nick,Vlastuin,Richmond,HBFL,1.0,224.0,3.0,6.0,1.0,0.0,3.0,0.0,100.0,11.0
2026,15,2026-06-21,Tom,Blamires,North Melbourne,HBFL,3.0,188.0,3.0,11.0,6.0,0.0,6.0,0.0,82.4,14.0
2026,15,2026-06-21,Charlie,Comben,North Melbourne,FB,2.0,71.0,8.0,5.0,2.0,0.0,2.0,0.0,100.0,13.0
2026,15,2026-06-21,Aidan,Corr,North Melbourne,RR,1.0,195.0,4.0,3.0,2.0,0.0,1.0,0.0,90.9,10.0
2026,15,2026-06-21,Caleb,Daniel,North Melbourne,CHB,6.0,493.0,4.0,2.0,3.0,0.0,4.0,0.0,90.0,36.0
2026,15,2026-06-21,Jack,Darling,North Melbourne,FPR,3.0,147.0,0.0,9.0,5.0,0.0,2.0,2.0,50.0,5.0
2026,15,2026-06-21,Luke,Davies-Uniacke,North Melbourne,C,5.0,364.0,1.0,11.0,3.0,1.0,4.0,0.0,77.8,14.0
2026,15,2026-06-21,Zane,Duursma,North Melbourne,INT,5.0,126.0,0.0,5.0,1.0,0.0,0.0,0.0,42.9,3.0
2026,15,2026-06-21,Taylor,Goad,North Melbourne,INT,0.0,8.0,1.0,6.0,0.0,0.0,2.0,1.0,66.7,2.0
2026,15,2026-06-21,Cooper,Harvey,North Melbourne,INT,4.0,326.0,2.0,7.0,2.0,0.0,1.0,0.0,78.9,15.0
2026,15,2026-06-21,Jacob,Konstanty,North Melbourne,WR,4.0,160.0,3.0,17.0,2.0,1.0,5.0,1.0,76.5,13.0
2026,15,2026-06-21,Nick,Larkey,North Melbourne,FF,3.0,86.0,0.0,7.0,3.0,0.0,2.0,0.0,72.7,8.0
2026,15,2026-06-21,Luke,McDonald,North Melbourne,BPL,2.0,320.0,6.0,6.0,5.0,0.0,3.0,0.0,93.8,15.0
2026,15,2026-06-21,Colby,McKercher,North Melbourne,HBFR,6.0,428.0,1.0,17.0,3.0,0.0,1.0,0.0,72.7,16.0
2026,15,2026-06-21,Finn,O'Sullivan,North Melbourne,HFFL,7.0,315.0,1.0,26.0,1.0,1.0,4.0,1.0,92.3,12.0
2026,15,2026-06-21,Luke,Parker,North Melbourne,BPR,4.0,393.0,10.0,6.0,5.0,0.0,6.0,0.0,86.7,26.0
2026,15,2026-06-21,Harry,Sheezel,North Melbourne,R,7.0,208.0,5.0,15.0,2.0,1.0,7.0,1.0,77.4,24.0
2026,15,2026-06-21,Jy,Simpkin,North Melbourne,WL,1.0,314.0,2.0,9.0,2.0,0.0,4.0,0.0,60.9,14.0
2026,15,2026-06-21,Charlie,Spargo,North Melbourne,HFFR,4.0,352.0,1.0,7.0,6.0,0.0,3.0,0.0,55.0,11.0
2026,15,2026-06-21,Dylan,Stephens,North Melbourne,INT,7.0,88.0,2.0,15.0,0.0,0.0,3.0,0.0,93.8,15.0
2026,15,2026-06-21,Cooper,Trembath,North Melbourne,CHF,7.0,159.0,2.0,18.0,0.0,1.0,5.0,1.0,66.7,8.0
2026,15,2026-06-21,George,Wardlaw,North Melbourne,INT,5.0,330.0,3.0,27.0,3.0,0.0,4.0,2.0,73.3,11.0
2026,15,2026-06-21,Tristan,Xerri,North Melbourne,RK,5.0,192.0,3.0,12.0,0.0,1.0,5.0,2.0,64.3,9.0
2026,15,2026-06-21,Cameron,Zurhaar,North Melbourne,FPL,3.0,252.0,4.0,3.0,3.0,0.0,1.0,0.0,75.0,9.0
2026,15,2026-06-21,Dan,Butler,St Kilda,INT,4.0,169.0,1.0,19.0,6.0,0.0,4.0,2.0,30.0,3.0
2026,15,2026-06-21,Ryan,Byrnes,St Kilda,HBFR,4.0,222.0,2.0,13.0,1.0,0.0,3.0,1.0,82.4,14.0
2026,15,2026-06-21,Anthony,Caminiti,St Kilda,BPR,1.0,173.0,3.0,5.0,2.0,0.0,1.0,0.0,88.9,8.0
2026,15,2026-06-21,Tom,De Koning,St Kilda,RK,4.0,124.0,2.0,4.0,3.0,0.0,3.0,0.0,50.0,4.0
2026,15,2026-06-21,Hugo,Garcia,St Kilda,RR,4.0,464.0,3.0,24.0,4.0,7.0,12.0,3.0,69.4,25.0
2026,15,2026-06-21,Max,Hall,St Kilda,HFFR,5.0,315.0,2.0,18.0,2.0,1.0,6.0,2.0,66.7,14.0
2026,15,2026-06-21,Angus,Hastie,St Kilda,INT,3.0,258.0,3.0,6.0,1.0,0.0,1.0,0.0,84.6,11.0
2026,15,2026-06-21,Jack,Higgins,St Kilda,HFFL,3.0,83.0,2.0,9.0,1.0,0.0,4.0,1.0,40.0,4.0
2026,15,2026-06-21,Bradley,Hill,St Kilda,INT,5.0,765.0,6.0,9.0,4.0,1.0,5.0,0.0,86.5,32.0
2026,15,2026-06-21,Campbell,Lake,St Kilda,FPL,4.0,61.0,3.0,13.0,1.0,1.0,7.0,0.0,80.0,12.0
2026,15,2026-06-21,Jack,Macrae,St Kilda,INT,3.0,221.0,1.0,11.0,5.0,2.0,10.0,0.0,60.9,14.0
2026,15,2026-06-21,Rowan,Marshall,St Kilda,INT,5.0,170.0,2.0,6.0,2.0,2.0,6.0,2.0,50.0,11.0
2026,15,2026-06-21,Mitch,Owens,St Kilda,FPR,5.0,49.0,3.0,9.0,2.0,0.0,7.0,1.0,42.9,6.0
2026,15,2026-06-21,Liam,Ryan,St Kilda,CHF,0.0,138.0,0.0,11.0,7.0,0.0,3.0,2.0,50.0,3.0
2026,15,2026-06-21,Cooper,Sharman,St Kilda,FF,5.0,242.0,0.0,12.0,5.0,0.0,1.0,0.0,57.1,8.0
2026,15,2026-06-21,Jack,Silvagni,St Kilda,BPL,1.0,175.0,10.0,9.0,3.0,0.0,6.0,0.0,95.2,20.0
2026,15,2026-06-21,Jack,Sinclair,St Kilda,HBFL,0.0,-10.0,1.0,1.0,0.0,0.0,1.0,0.0,100.0,1.0
2026,15,2026-06-21,Liam,Stocker,St Kilda,C,1.0,215.0,4.0,8.0,1.0,0.0,3.0,0.0,72.7,8.0
2026,15,2026-06-21,Nasiah,Wanganeen-Milera,St Kilda,R,6.0,916.0,4.0,17.0,6.0,0.0,6.0,0.0,75.0,33.0
2026,15,2026-06-21,Callum,Wilkie,St Kilda,FB,3.0,513.0,9.0,6.0,1.0,0.0,2.0,0.0,92.3,24.0
2026,15,2026-06-21,Darcy,Wilson,St Kilda,WL,5.0,307.0,0.0,24.0,2.0,1.0,2.0,0.0,91.7,22.0
2026,15,2026-06-21,Marcus,Windhager,St Kilda,CHB,7.0,394.0,4.0,24.0,5.0,0.0,7.0,1.0,70.6,24.0
2026,15,2026-06-21,Mason,Wood,St Kilda,WR,4.0,330.0,2.0,14.0,4.0,0.0,3.0,0.0,82.6,19.0
2026,15,2026-06-21,Marcus,Bontempelli,Western Bulldogs,C,8.0,474.0,0.0,24.0,7.0,3.0,9.0,1.0,76.5,26.0
2026,15,2026-06-21,Lachlan,Bramble,Western Bulldogs,INT,3.0,242.0,3.0,12.0,3.0,0.0,3.0,0.0,68.8,11.0
2026,15,2026-06-21,Connor,Budarick,Western Bulldogs,HBFL,3.0,320.0,6.0,7.0,2.0,0.0,3.0,0.0,84.2,16.0
2026,15,2026-06-21,Nick,Coffield,Western Bulldogs,BPL,2.0,354.0,4.0,4.0,5.0,0.0,2.0,0.0,72.2,13.0
2026,15,2026-06-21,Jordan,Croft,Western Bulldogs,CHF,3.0,248.0,0.0,16.0,1.0,0.0,0.0,1.0,70.0,7.0
2026,15,2026-06-21,Bailey,Dale,Western Bulldogs,HBFR,2.0,771.0,9.0,8.0,3.0,0.0,4.0,0.0,83.3,25.0
2026,15,2026-06-21,Tim,English,Western Bulldogs,RK,6.0,208.0,5.0,13.0,2.0,1.0,3.0,3.0,80.0,12.0
2026,15,2026-06-21,Joel,Freijah,Western Bulldogs,INT,5.0,308.0,3.0,18.0,5.0,1.0,8.0,0.0,62.5,15.0
2026,15,2026-06-21,Cooper,Hynes,Western Bulldogs,INT,3.0,388.0,4.0,14.0,6.0,0.0,3.0,0.0,65.0,13.0
2026,15,2026-06-21,Arthur,Jones,Western Bulldogs,HFFR,5.0,199.0,3.0,14.0,2.0,0.0,2.0,1.0,72.7,8.0
2026,15,2026-06-21,Luke,Kennedy,Western Bulldogs,INT,4.0,112.0,1.0,23.0,1.0,0.0,1.0,0.0,66.7,6.0
2026,15,2026-06-21,Matthew,Kennedy,Western Bulldogs,HFFL,6.0,375.0,4.0,18.0,3.0,2.0,12.0,0.0,67.9,19.0
2026,15,2026-06-21,Buku,Khamis,Western Bulldogs,FB,3.0,140.0,7.0,3.0,2.0,0.0,1.0,0.0,100.0,15.0
2026,15,2026-06-21,Will,Lewis,Western Bulldogs,FPL,6.0,324.0,1.0,13.0,5.0,0.0,4.0,3.0,75.0,9.0
2026,15,2026-06-21,Tom,Liberatore,Western Bulldogs,RR,6.0,294.0,2.0,20.0,2.0,0.0,6.0,1.0,65.2,15.0
2026,15,2026-06-21,Rory,Lobb,Western Bulldogs,INT,3.0,66.0,0.0,12.0,1.0,0.0,1.0,0.0,66.7,4.0
2026,15,2026-06-21,Lachlan,McNeil,Western Bulldogs,WL,7.0,300.0,2.0,9.0,2.0,0.0,9.0,0.0,77.8,14.0
2026,15,2026-06-21,Aaron,Naughton,Western Bulldogs,FF,4.0,142.0,0.0,7.0,1.0,0.0,1.0,0.0,62.5,5.0
2026,15,2026-06-21,James,O'Donnell,Western Bulldogs,CHB,5.0,258.0,7.0,5.0,1.0,0.0,3.0,0.0,100.0,15.0
2026,15,2026-06-21,Ed,Richards,Western Bulldogs,R,5.0,435.0,2.0,15.0,5.0,2.0,3.0,1.0,60.9,14.0
2026,15,2026-06-21,Ryley,Sanders,Western Bulldogs,WR,4.0,180.0,1.0,25.0,3.0,0.0,6.0,0.0,75.0,15.0
2026,15,2026-06-21,Michael,Sellwood,Western Bulldogs,BPR,1.0,106.0,4.0,6.0,3.0,0.0,3.0,0.0,76.9,10.0
2026,15,2026-06-21,Rhylee,West,Western Bulldogs,FPR,4.0,184.0,1.0,11.0,2.0,0.0,4.0,2.0,44.4,4.0
2026,16,2026-06-25,Harris,Andrews,Brisbane Lions,FB,3.0,157.0,6.0,4.0,1.0,0.0,2.0,0.0,91.7,11.0
2026,16,2026-06-25,Noah,Answerth,Brisbane Lions,BPL,4.0,261.0,6.0,12.0,2.0,0.0,3.0,0.0,85.7,12.0
2026,16,2026-06-25,Levi,Ashcroft,Brisbane Lions,INT,8.0,474.0,3.0,15.0,5.0,3.0,11.0,1.0,66.7,16.0
2026,16,2026-06-25,Will,Ashcroft,Brisbane Lions,C,8.0,548.0,3.0,18.0,4.0,1.0,8.0,1.0,63.3,19.0
2026,16,2026-06-25,Zac,Bailey,Brisbane Lions,WR,8.0,428.0,3.0,19.0,6.0,1.0,4.0,3.0,55.0,11.0
2026,16,2026-06-25,Jarrod,Berry,Brisbane Lions,WL,2.0,353.0,3.0,11.0,6.0,2.0,6.0,0.0,50.0,9.0
2026,16,2026-06-25,Charlie,Cameron,Brisbane Lions,HFFL,5.0,233.0,2.0,10.0,1.0,0.0,2.0,1.0,75.0,9.0
2026,16,2026-06-25,Sam,Draper,Brisbane Lions,RK,3.0,171.0,2.0,7.0,2.0,2.0,1.0,0.0,71.4,5.0
2026,16,2026-06-25,Josh,Dunkley,Brisbane Lions,RR,4.0,451.0,2.0,33.0,8.0,1.0,4.0,1.0,57.7,15.0
2026,16,2026-06-25,Jaspa,Fletcher,Brisbane Lions,HFFR,3.0,250.0,6.0,15.0,5.0,0.0,9.0,0.0,66.7,14.0
2026,16,2026-06-25,Darcy,Fort,Brisbane Lions,INT,7.0,180.0,3.0,10.0,3.0,3.0,6.0,0.0,66.7,10.0
2026,16,2026-06-25,Ty,Gallop,Brisbane Lions,CHB,0.0,406.0,6.0,11.0,6.0,0.0,3.0,0.0,71.4,10.0
2026,16,2026-06-25,Darcy,Gardiner,Brisbane Lions,BPR,4.0,109.0,4.0,2.0,1.0,0.0,1.0,0.0,75.0,9.0
2026,16,2026-06-25,Eric,Hipwood,Brisbane Lions,FPR,4.0,136.0,3.0,9.0,2.0,0.0,3.0,1.0,57.1,4.0
2026,16,2026-06-25,Ryan,Lester,Brisbane Lions,HBFL,5.0,220.0,3.0,9.0,2.0,0.0,1.0,0.0,85.7,6.0
2026,16,2026-06-25,Kai,Lohmann,Brisbane Lions,INT,7.0,290.0,4.0,24.0,3.0,0.0,3.0,2.0,63.6,7.0
2026,16,2026-06-25,Conor,McKenna,Brisbane Lions,FPL,6.0,376.0,2.0,10.0,5.0,0.0,4.0,2.0,60.0,9.0
2026,16,2026-06-25,Logan,Morris,Brisbane Lions,CHF,6.0,152.0,1.0,12.0,1.0,0.0,0.0,4.0,75.0,6.0
2026,16,2026-06-25,Lachie,Neale,Brisbane Lions,R,4.0,122.0,2.0,26.0,2.0,3.0,5.0,0.0,70.4,19.0
2026,16,2026-06-25,Cam,Rayner,Brisbane Lions,FF,7.0,294.0,1.0,21.0,3.0,3.0,6.0,1.0,76.9,10.0
2026,16,2026-06-25,Bruce,Reville,Brisbane Lions,HBFR,2.0,291.0,1.0,14.0,3.0,0.0,1.0,0.0,80.0,8.0
2026,16,2026-06-25,James,Tunstill,Brisbane Lions,INT,4.0,178.0,3.0,11.0,3.0,0.0,5.0,0.0,58.3,7.0
2026,16,2026-06-25,Darcy,Wilmot,Brisbane Lions,INT,3.0,271.0,6.0,9.0,6.0,0.0,2.0,0.0,75.0,12.0
2026,16,2026-06-25,Joel,Amartey,Sydney Swans,FPR,3.0,48.0,0.0,6.0,1.0,0.0,0.0,0.0,0.0,0.0
2026,16,2026-06-25,Riley,Bice,Sydney Swans,WL,3.0,291.0,9.0,16.0,4.0,0.0,5.0,0.0,69.6,16.0
2026,16,2026-06-25,Nick,Blakey,Sydney Swans,CHB,2.0,509.0,4.0,10.0,5.0,0.0,3.0,0.0,63.2,12.0
2026,16,2026-06-25,Caiden,Cleary,Sydney Swans,FPL,3.0,97.0,0.0,8.0,1.0,0.0,2.0,0.0,57.1,4.0
2026,16,2026-06-25,Harry,Cunningham,Sydney Swans,HBFL,0.0,28.0,3.0,4.0,1.0,0.0,1.0,0.0,83.3,5.0
2026,16,2026-06-25,Charlie,Curnow,Sydney Swans,FF,4.0,257.0,3.0,5.0,5.0,0.0,2.0,0.0,69.2,9.0
2026,16,2026-06-25,William,Edwards,Sydney Swans,FB,2.0,200.0,8.0,5.0,3.0,0.0,9.0,0.0,85.7,12.0
2026,16,2026-06-25,Brodie,Grundy,Sydney Swans,RK,7.0,165.0,2.0,7.0,2.0,0.0,5.0,4.0,61.1,11.0
2026,16,2026-06-25,Errol,Gulden,Sydney Swans,C,4.0,371.0,2.0,25.0,4.0,0.0,4.0,3.0,44.4,8.0
2026,16,2026-06-25,Joel,Hamling,Sydney Swans,INT,2.0,138.0,6.0,4.0,2.0,0.0,4.0,0.0,63.6,7.0
2026,16,2026-06-25,Isaac,Heeney,Sydney Swans,RR,7.0,241.0,3.0,20.0,3.0,5.0,4.0,4.0,76.7,23.0
2026,16,2026-06-25,James,Jordon,Sydney Swans,HFFL,4.0,370.0,4.0,15.0,3.0,0.0,3.0,0.0,76.5,13.0
2026,16,2026-06-25,Peter,Ladhams,Sydney Swans,INT,0.0,47.0,0.0,7.0,1.0,0.0,1.0,1.0,40.0,2.0
2026,16,2026-06-25,Jake,Lloyd,Sydney Swans,CHF,1.0,179.0,1.0,8.0,4.0,0.0,3.0,1.0,64.3,9.0
2026,16,2026-06-25,Tom,McCartin,Sydney Swans,BPR,0.0,191.0,7.0,4.0,1.0,0.0,6.0,0.0,78.6,11.0
2026,16,2026-06-25,Logan,McDonald,Sydney Swans,INT,3.0,61.0,1.0,3.0,2.0,0.0,4.0,0.0,85.7,6.0
2026,16,2026-06-25,Callum,Mills,Sydney Swans,BPL,3.0,475.0,7.0,19.0,3.0,2.0,8.0,0.0,68.8,22.0
2026,16,2026-06-25,Malcolm,Rosas,Sydney Swans,INT,2.0,169.0,1.0,14.0,3.0,0.0,1.0,1.0,57.1,4.0
2026,16,2026-06-25,James,Rowbottom,Sydney Swans,HFFR,9.0,386.0,4.0,13.0,4.0,0.0,6.0,3.0,69.6,16.0
2026,16,2026-06-25,Jai,Serong,Sydney Swans,WR,3.0,293.0,4.0,7.0,3.0,0.0,3.0,0.0,91.7,11.0
2026,16,2026-06-25,Angus,Sheldrick,Sydney Swans,INT,3.0,380.0,3.0,10.0,8.0,2.0,10.0,2.0,60.7,17.0
2026,16,2026-06-25,Chad,Warner,Sydney Swans,R,9.0,608.0,3.0,27.0,4.0,6.0,7.0,2.0,78.6,22.0
2026,16,2026-06-25,Sam,Wicks,Sydney Swans,HBFR,2.0,399.0,5.0,11.0,7.0,0.0,5.0,0.0,52.9,9.0
2026,16,2026-06-26,Karl,Amon,Hawthorn,HBFL,4.0,487.0,2.0,9.0,4.0,0.0,2.0,0.0,71.4,15.0
2026,16,2026-06-26,Tom,Barrass,Hawthorn,CHB,0.0,11.0,0.0,4.0,2.0,0.0,1.0,0.0,66.7,4.0
2026,16,2026-06-26,Josh,Battle,Hawthorn,FB,1.0,265.0,10.0,12.0,3.0,0.0,3.0,0.0,78.3,18.0
2026,16,2026-06-26,Mabior,Chol,Hawthorn,CHF,5.0,193.0,2.0,18.0,2.0,0.0,1.0,0.0,66.7,6.0
2026,16,2026-06-26,Massimo,D'Ambrosio,Hawthorn,WL,3.0,401.0,3.0,12.0,5.0,0.0,4.0,1.0,81.0,17.0
2026,16,2026-06-26,Jack,Dalton,Hawthorn,FPL,5.0,85.0,2.0,18.0,3.0,0.0,5.0,3.0,76.9,10.0
2026,16,2026-06-26,Will,Day,Hawthorn,C,7.0,592.0,4.0,20.0,6.0,5.0,9.0,0.0,70.4,19.0
2026,16,2026-06-26,Calsher,Dear,Hawthorn,INT,2.0,235.0,1.0,13.0,4.0,0.0,1.0,1.0,77.8,7.0
2026,16,2026-06-26,Jack,Ginnivan,Hawthorn,HFFR,5.0,464.0,4.0,16.0,6.0,0.0,5.0,3.0,56.5,13.0
2026,16,2026-06-26,Blake,Hardwick,Hawthorn,BPR,2.0,322.0,9.0,14.0,2.0,0.0,5.0,0.0,90.0,18.0
2026,16,2026-06-26,Mitch,Lewis,Hawthorn,FF,2.0,221.0,0.0,13.0,5.0,0.0,2.0,0.0,77.8,7.0
2026,16,2026-06-26,Bailey,Macdonald,Hawthorn,HBFR,1.0,197.0,2.0,23.0,1.0,0.0,1.0,0.0,75.0,9.0
2026,16,2026-06-26,Connor,Macdonald,Hawthorn,INT,5.0,426.0,1.0,22.0,7.0,1.0,8.0,1.0,56.0,14.0
2026,16,2026-06-26,Cam,Mackenzie,Hawthorn,INT,11.0,334.0,1.0,24.0,4.0,1.0,4.0,2.0,66.7,18.0
2026,16,2026-06-26,Lloyd,Meek,Hawthorn,INT,3.0,19.0,1.0,7.0,2.0,2.0,4.0,0.0,72.7,8.0
2026,16,2026-06-26,Dylan,Moore,Hawthorn,HFFL,2.0,234.0,5.0,26.0,4.0,0.0,3.0,0.0,61.5,8.0
2026,16,2026-06-26,Harry,Morrison,Hawthorn,WR,3.0,144.0,3.0,11.0,3.0,0.0,4.0,0.0,75.0,12.0
2026,16,2026-06-26,Jai,Newcombe,Hawthorn,RR,8.0,226.0,4.0,15.0,4.0,4.0,9.0,0.0,77.4,24.0
2026,16,2026-06-26,Flynn,Perez,Hawthorn,INT,0.0,67.0,3.0,8.0,0.0,0.0,2.0,0.0,88.9,8.0
2026,16,2026-06-26,Ned,Reeves,Hawthorn,RK,5.0,48.0,1.0,4.0,1.0,0.0,1.0,0.0,40.0,2.0
2026,16,2026-06-26,James,Sicily,Hawthorn,BPL,0.0,461.0,6.0,3.0,3.0,1.0,6.0,0.0,95.5,21.0
2026,16,2026-06-26,Josh,Ward,Hawthorn,R,4.0,269.0,1.0,17.0,4.0,1.0,7.0,0.0,75.0,12.0
2026,16,2026-06-26,Nick,Watson,Hawthorn,FPR,4.0,76.0,0.0,8.0,0.0,0.0,3.0,1.0,60.0,3.0
2026,16,2026-06-26,Leek,Aleer,GWS GIANTS,INT,1.0,110.0,1.0,18.0,2.0,1.0,3.0,1.0,44.4,4.0
2026,16,2026-06-26,Ryan,Angwin,GWS GIANTS,INT,1.0,263.0,2.0,19.0,4.0,1.0,2.0,1.0,75.0,12.0
2026,16,2026-06-26,Lachie,Ash,GWS GIANTS,HBFL,7.0,441.0,4.0,13.0,4.0,1.0,8.0,0.0,67.9,19.0
2026,16,2026-06-26,Toby,Bedford,GWS GIANTS,HFFR,4.0,194.0,2.0,28.0,0.0,0.0,2.0,1.0,75.0,9.0
2026,16,2026-06-26,Kieren,Briggs,GWS GIANTS,RK,2.0,69.0,2.0,6.0,3.0,0.0,7.0,1.0,54.5,6.0
2026,16,2026-06-26,Callum,Brown,GWS GIANTS,INT,6.0,271.0,2.0,9.0,1.0,1.0,2.0,0.0,81.8,9.0
2026,16,2026-06-26,Aaron,Cadman,GWS GIANTS,FF,4.0,151.0,0.0,14.0,2.0,0.0,2.0,2.0,80.0,8.0
2026,16,2026-06-26,Finn,Callaghan,GWS GIANTS,R,9.0,752.0,5.0,17.0,8.0,1.0,7.0,0.0,67.6,23.0
2026,16,2026-06-26,Stephen,Coniglio,GWS GIANTS,INT,6.0,129.0,3.0,12.0,2.0,0.0,6.0,2.0,57.1,8.0
2026,16,2026-06-26,Brent,Daniels,GWS GIANTS,RR,2.0,26.0,1.0,10.0,0.0,0.0,1.0,0.0,100.0,4.0
2026,16,2026-06-26,Joe,Fonti,GWS GIANTS,HBFR,6.0,198.0,5.0,11.0,5.0,0.0,1.0,0.0,66.7,14.0
2026,16,2026-06-26,Phoenix,Gothard,GWS GIANTS,HFFL,4.0,165.0,5.0,25.0,3.0,0.0,11.0,2.0,65.0,13.0
2026,16,2026-06-26,Toby,Greene,GWS GIANTS,FPR,9.0,404.0,2.0,11.0,6.0,2.0,4.0,0.0,37.5,9.0
2026,16,2026-06-26,Max,Gruzewski,GWS GIANTS,CHF,2.0,120.0,1.0,3.0,2.0,0.0,2.0,0.0,28.6,2.0
2026,16,2026-06-26,Harry,Himmelberg,GWS GIANTS,BPR,1.0,224.0,9.0,7.0,5.0,0.0,2.0,0.0,78.9,15.0
2026,16,2026-06-26,Connor,Idun,GWS GIANTS,BPL,2.0,240.0,6.0,9.0,3.0,0.0,5.0,0.0,73.7,14.0
2026,16,2026-06-26,Clayton,Oliver,GWS GIANTS,C,9.0,405.0,2.0,20.0,3.0,2.0,10.0,1.0,61.8,21.0
2026,16,2026-06-26,Harrison,Oliver,GWS GIANTS,INT,2.0,136.0,1.0,9.0,0.0,0.0,2.0,0.0,87.5,7.0
2026,16,2026-06-26,Conor,Stone,GWS GIANTS,WL,2.0,100.0,1.0,16.0,3.0,0.0,2.0,1.0,62.5,5.0
2026,16,2026-06-26,Jake,Stringer,GWS GIANTS,FPL,6.0,194.0,3.0,4.0,0.0,0.0,3.0,0.0,54.5,6.0
2026,16,2026-06-26,Sam,Taylor,GWS GIANTS,FB,0.0,154.0,7.0,10.0,2.0,0.0,4.0,0.0,84.6,11.0
2026,16,2026-06-26,Harvey,Thomas,GWS GIANTS,WR,3.0,101.0,4.0,20.0,3.0,0.0,8.0,0.0,58.8,10.0
2026,16,2026-06-26,Lachie,Whitfield,GWS GIANTS,CHB,7.0,478.0,8.0,10.0,4.0,0.0,8.0,0.0,81.8,27.0
2026,16,2026-06-27,Blake,Acres,Carlton,WR,7.0,298.0,5.0,14.0,4.0,0.0,1.0,0.0,71.4,15.0
2026,16,2026-06-27,Ben,Ainsworth,Carlton,HFFR,11.0,420.0,0.0,17.0,1.0,1.0,6.0,1.0,78.6,22.0
2026,16,2026-06-27,Talor,Byrne,Carlton,FPR,7.0,205.0,0.0,13.0,1.0,0.0,1.0,2.0,90.9,10.0
2026,16,2026-06-27,Adam,Cerra,Carlton,WL,7.0,445.0,2.0,15.0,3.0,0.0,2.0,1.0,72.2,13.0
2026,16,2026-06-27,Matthew,Cottrell,Carlton,HFFL,6.0,171.0,1.0,10.0,3.0,0.0,4.0,0.0,53.8,7.0
2026,16,2026-06-27,Lachlan,Cowan,Carlton,HBFL,6.0,460.0,6.0,11.0,6.0,0.0,2.0,0.0,68.4,13.0
2026,16,2026-06-27,Patrick,Cripps,Carlton,RR,9.0,331.0,2.0,21.0,6.0,2.0,7.0,2.0,67.7,21.0
2026,16,2026-06-27,Harry,Dean,Carlton,CHB,5.0,131.0,5.0,13.0,0.0,0.0,1.0,0.0,100.0,13.0
2026,16,2026-06-27,Wade,Derksen,Carlton,FB,2.0,110.0,4.0,2.0,2.0,0.0,2.0,0.0,81.8,9.0
2026,16,2026-06-27,Francis,Evans,Carlton,INT,7.0,273.0,1.0,16.0,0.0,0.0,4.0,2.0,70.6,12.0
2026,16,2026-06-27,Oliver,Florent,Carlton,BPL,5.0,438.0,4.0,11.0,5.0,0.0,4.0,0.0,68.4,13.0
2026,16,2026-06-27,Nick,Haynes,Carlton,BPR,7.0,349.0,3.0,7.0,2.0,0.0,0.0,0.0,87.0,20.0
2026,16,2026-06-27,Will,Hayward,Carlton,INT,6.0,296.0,5.0,9.0,0.0,0.0,7.0,0.0,88.9,16.0
2026,16,2026-06-27,George,Hewett,Carlton,INT,10.0,201.0,1.0,5.0,0.0,3.0,5.0,0.0,88.5,23.0
2026,16,2026-06-27,Jack,Ison,Carlton,INT,3.0,254.0,0.0,6.0,1.0,0.0,3.0,2.0,69.2,9.0
2026,16,2026-06-27,Brodie,Kemp,Carlton,FPL,6.0,106.0,0.0,6.0,3.0,0.0,3.0,3.0,73.3,11.0
2026,16,2026-06-27,Mitch,McGovern,Carlton,CHF,6.0,198.0,1.0,5.0,1.0,0.0,1.0,1.0,54.5,6.0
2026,16,2026-06-27,Harry,McKay,Carlton,FF,5.0,266.0,1.0,8.0,4.0,0.0,3.0,0.0,73.7,14.0
2026,16,2026-06-27,Nic,Newman,Carlton,INT,6.0,423.0,5.0,14.0,2.0,0.0,1.0,0.0,68.2,15.0
2026,16,2026-06-27,Marc,Pittonet,Carlton,RK,7.0,176.0,1.0,5.0,4.0,3.0,3.0,0.0,68.8,11.0
2026,16,2026-06-27,Jagga,Smith,Carlton,R,6.0,151.0,1.0,8.0,0.0,1.0,12.0,1.0,82.6,19.0
2026,16,2026-06-27,Sam,Walsh,Carlton,C,9.0,175.0,4.0,13.0,3.0,4.0,7.0,0.0,90.9,30.0
2026,16,2026-06-27,Billy,Wilson,Carlton,HBFR,6.0,478.0,2.0,9.0,3.0,0.0,3.0,0.0,80.0,20.0
2026,16,2026-06-27,Bo,Allan,West Coast Eagles,WR,5.0,259.0,4.0,7.0,2.0,0.0,5.0,0.0,80.0,12.0
2026,16,2026-06-27,Liam,Baker,West Coast Eagles,HBFR,3.0,294.0,6.0,11.0,4.0,0.0,8.0,0.0,65.0,13.0
2026,16,2026-06-27,Rhett,Bazzo,West Coast Eagles,FB,0.0,59.0,2.0,8.0,1.0,0.0,1.0,0.0,83.3,5.0
2026,16,2026-06-27,Tom,Cole,West Coast Eagles,INT,3.0,97.0,1.0,13.0,5.0,0.0,2.0,1.0,81.8,9.0
2026,16,2026-06-27,Hamish,Davis,West Coast Eagles,INT,1.0,159.0,5.0,17.0,3.0,0.0,5.0,1.0,69.2,9.0
2026,16,2026-06-27,Cooper,Duff-Tytler,West Coast Eagles,INT,2.0,120.0,2.0,11.0,1.0,0.0,0.0,1.0,66.7,4.0
2026,16,2026-06-27,Liam,Duggan,West Coast Eagles,BPL,2.0,212.0,4.0,11.0,1.0,0.0,1.0,0.0,92.3,12.0
2026,16,2026-06-27,Willem,Duursma,West Coast Eagles,WL,3.0,180.0,1.0,20.0,2.0,0.0,4.0,0.0,41.7,5.0
2026,16,2026-06-27,Jack,Graham,West Coast Eagles,INT,7.0,368.0,2.0,27.0,3.0,1.0,5.0,1.0,82.6,19.0
2026,16,2026-06-27,Marcus,Herbert,West Coast Eagles,HBFL,1.0,172.0,5.0,9.0,1.0,0.0,1.0,0.0,66.7,10.0
2026,16,2026-06-27,Elijah,Hewett,West Coast Eagles,R,3.0,205.0,1.0,16.0,1.0,0.0,4.0,0.0,72.7,8.0
2026,16,2026-06-27,Brady,Hough,West Coast Eagles,HFFL,4.0,120.0,0.0,13.0,3.0,1.0,4.0,2.0,81.8,9.0
2026,16,2026-06-27,Jack,Hutchinson,West Coast Eagles,FPR,1.0,101.0,1.0,16.0,2.0,0.0,3.0,1.0,57.1,4.0
2026,16,2026-06-27,Ryan,Maric,West Coast Eagles,HFFR,2.0,367.0,4.0,9.0,5.0,0.0,4.0,0.0,64.7,11.0
2026,16,2026-06-27,Tom,McCarthy,West Coast Eagles,INT,1.0,378.0,3.0,8.0,3.0,0.0,3.0,0.0,73.7,14.0
2026,16,2026-06-27,Milan,Murdock,West Coast Eagles,FPL,3.0,102.0,1.0,19.0,4.0,0.0,5.0,2.0,64.3,9.0
2026,16,2026-06-27,Harley,Reid,West Coast Eagles,RR,6.0,657.0,3.0,20.0,5.0,9.0,6.0,1.0,78.3,18.0
2026,16,2026-06-27,Jobe,Shanahan,West Coast Eagles,CHF,3.0,5.0,1.0,11.0,0.0,0.0,3.0,1.0,100.0,6.0
2026,16,2026-06-27,Brandon,Starcevich,West Coast Eagles,BPR,2.0,225.0,4.0,8.0,2.0,0.0,2.0,0.0,100.0,10.0
2026,16,2026-06-27,Jake,Waterman,West Coast Eagles,FF,5.0,290.0,1.0,5.0,2.0,0.0,3.0,0.0,38.5,5.0
2026,16,2026-06-27,Bailey J.,Williams,West Coast Eagles,RK,6.0,202.0,0.0,13.0,2.0,0.0,2.0,0.0,63.6,7.0
2026,16,2026-06-27,Elliot,Yeo,West Coast Eagles,C,4.0,262.0,0.0,15.0,1.0,3.0,6.0,1.0,40.0,6.0
2026,16,2026-06-27,Tylar,Young,West Coast Eagles,CHB,3.0,382.0,4.0,7.0,1.0,0.0,1.0,0.0,90.0,9.0
2026,16,2026-06-27,Edward,Allan,Collingwood,RR,5.0,210.0,2.0,26.0,2.0,2.0,1.0,0.0,88.2,15.0
2026,16,2026-06-27,Jack,Buller,Collingwood,FPR,5.0,95.0,1.0,0.0,1.0,0.0,1.0,0.0,75.0,6.0
2026,16,2026-06-27,Darcy,Cameron,Collingwood,RK,4.0,50.0,2.0,9.0,3.0,1.0,3.0,2.0,69.2,9.0
2026,16,2026-06-27,Jack,Crisp,Collingwood,WL,9.0,558.0,6.0,15.0,3.0,0.0,5.0,0.0,84.6,22.0
2026,16,2026-06-27,Josh,Daicos,Collingwood,CHB,12.0,549.0,6.0,8.0,4.0,0.0,7.0,0.0,72.4,21.0
2026,16,2026-06-27,Nick,Daicos,Collingwood,CHF,14.0,512.0,3.0,13.0,4.0,5.0,7.0,1.0,83.8,31.0
2026,16,2026-06-27,Jordan,De Goey,Collingwood,R,13.0,456.0,2.0,10.0,3.0,2.0,4.0,0.0,74.1,20.0
2026,16,2026-06-27,Billy,Frampton,Collingwood,BPL,5.0,233.0,5.0,3.0,2.0,0.0,1.0,0.0,92.9,13.0
2026,16,2026-06-27,Harvey,Harrison,Collingwood,INT,3.0,150.0,1.0,12.0,4.0,0.0,1.0,0.0,70.0,7.0
2026,16,2026-06-27,Dan,Houston,Collingwood,HBFL,7.0,429.0,6.0,8.0,2.0,0.0,3.0,0.0,85.7,24.0
2026,16,2026-06-27,Jeremy,Howe,Collingwood,FB,1.0,219.0,4.0,7.0,2.0,0.0,0.0,0.0,66.7,8.0
2026,16,2026-06-27,Patrick,Lipinski,Collingwood,WR,10.0,195.0,3.0,8.0,2.0,0.0,5.0,1.0,81.3,13.0
2026,16,2026-06-27,Ned,Long,Collingwood,INT,5.0,174.0,3.0,28.0,3.0,0.0,0.0,0.0,69.2,9.0
2026,16,2026-06-27,Beau,McCreery,Collingwood,HFFR,7.0,296.0,1.0,22.0,4.0,1.0,2.0,0.0,80.0,8.0
2026,16,2026-06-27,Daniel,McStay,Collingwood,FF,2.0,126.0,0.0,9.0,2.0,1.0,2.0,1.0,77.8,7.0
2026,16,2026-06-27,Tim,Membrey,Collingwood,FPL,6.0,119.0,3.0,4.0,3.0,0.0,2.0,0.0,66.7,8.0
2026,16,2026-06-27,Scott,Pendlebury,Collingwood,C,5.0,273.0,4.0,16.0,5.0,2.0,7.0,0.0,68.0,17.0
2026,16,2026-06-27,Harry,Perryman,Collingwood,INT,2.0,335.0,6.0,13.0,3.0,0.0,4.0,0.0,58.8,10.0
2026,16,2026-06-27,Isaac,Quaynor,Collingwood,BPR,3.0,187.0,1.0,12.0,2.0,0.0,1.0,0.0,80.0,12.0
2026,16,2026-06-27,Lachie,Schultz,Collingwood,HFFL,7.0,170.0,2.0,14.0,2.0,0.0,4.0,2.0,68.8,11.0
2026,16,2026-06-27,Steele,Sidebottom,Collingwood,HBFR,6.0,353.0,4.0,4.0,2.0,0.0,0.0,0.0,70.6,12.0
2026,16,2026-06-27,Roan,Steele,Collingwood,INT,4.0,258.0,2.0,13.0,0.0,0.0,1.0,0.0,87.5,7.0
2026,16,2026-06-27,Sam,Swadling,Collingwood,INT,2.0,92.0,1.0,11.0,0.0,0.0,1.0,0.0,100.0,8.0
2026,16,2026-06-27,Jasper,Alger,Richmond,FF,5.0,80.0,0.0,9.0,1.0,0.0,2.0,0.0,100.0,9.0
2026,16,2026-06-27,Kye,Annand,Richmond,BPL,2.0,161.0,5.0,2.0,2.0,0.0,0.0,0.0,71.4,5.0
2026,16,2026-06-27,Noah,Balta,Richmond,FPR,5.0,135.0,2.0,7.0,2.0,0.0,5.0,0.0,71.4,10.0
2026,16,2026-06-27,Sam,Banks,Richmond,CHB,2.0,409.0,2.0,9.0,5.0,0.0,3.0,1.0,78.6,11.0
2026,16,2026-06-27,Nathan,Broad,Richmond,BPR,1.0,124.0,6.0,7.0,3.0,0.0,2.0,0.0,88.2,15.0
2026,16,2026-06-27,Tom,Brown,Richmond,HBFR,5.0,300.0,4.0,5.0,1.0,0.0,5.0,0.0,66.7,12.0
2026,16,2026-06-27,Seth,Campbell,Richmond,HFFL,5.0,473.0,2.0,12.0,5.0,2.0,5.0,0.0,75.0,15.0
2026,16,2026-06-27,Sam,Cumming,Richmond,INT,2.0,347.0,5.0,11.0,8.0,2.0,7.0,0.0,74.1,20.0
2026,16,2026-06-27,Steely,Green,Richmond,INT,3.0,276.0,0.0,11.0,5.0,0.0,3.0,0.0,75.0,12.0
2026,16,2026-06-27,Sam,Grlj,Richmond,CHF,5.0,241.0,1.0,9.0,2.0,0.0,1.0,1.0,61.5,8.0
2026,16,2026-06-27,Taj,Hotton,Richmond,R,2.0,201.0,1.0,15.0,3.0,2.0,6.0,1.0,58.8,10.0
2026,16,2026-06-27,Mykelti,Lefau,Richmond,FPL,2.0,41.0,0.0,8.0,1.0,0.0,2.0,0.0,71.4,5.0
2026,16,2026-06-27,Rhyan,Mansell,Richmond,INT,5.0,250.0,3.0,11.0,1.0,0.0,2.0,3.0,83.3,10.0
2026,16,2026-06-27,Ben,Miller,Richmond,FB,1.0,370.0,3.0,4.0,2.0,0.0,1.0,0.0,93.8,15.0
2026,16,2026-06-27,Toby,Nankervis,Richmond,RK,1.0,89.0,0.0,12.0,1.0,3.0,3.0,1.0,78.6,11.0
2026,16,2026-06-27,Dion,Prestia,Richmond,RR,6.0,144.0,1.0,13.0,2.0,0.0,2.0,1.0,68.8,11.0
2026,16,2026-06-27,Patrick,Retschko,Richmond,WL,4.0,511.0,3.0,9.0,3.0,0.0,4.0,0.0,80.8,21.0
2026,16,2026-06-27,Maurice,Rioli,Richmond,HFFR,1.0,3.0,2.0,14.0,1.0,0.0,1.0,0.0,60.0,3.0
2026,16,2026-06-27,Jack,Ross,Richmond,INT,4.0,301.0,0.0,15.0,5.0,3.0,7.0,1.0,79.2,19.0
2026,16,2026-06-27,Jayden,Short,Richmond,INT,4.0,454.0,4.0,14.0,2.0,0.0,1.0,0.0,81.0,17.0
2026,16,2026-06-27,Tim,Taranto,Richmond,C,7.0,349.0,0.0,13.0,5.0,2.0,6.0,1.0,57.7,15.0
2026,16,2026-06-27,James,Trezise,Richmond,WR,4.0,167.0,4.0,5.0,5.0,0.0,4.0,0.0,75.0,15.0
2026,16,2026-06-27,Nick,Vlastuin,Richmond,HBFL,5.0,310.0,10.0,7.0,3.0,0.0,5.0,0.0,71.4,15.0
2026,16,2026-06-27,Aliir,Aliir,Port Adelaide,CHB,2.0,346.0,6.0,6.0,2.0,0.0,1.0,0.0,83.3,10.0
2026,16,2026-06-27,Xavier,Bamert,Port Adelaide,HFFL,3.0,201.0,0.0,3.0,2.0,0.0,1.0,0.0,50.0,4.0
2026,16,2026-06-27,Joe,Berry,Port Adelaide,INT,5.0,295.0,1.0,5.0,4.0,0.0,3.0,0.0,76.9,10.0
2026,16,2026-06-27,Jase,Burgoyne,Port Adelaide,INT,5.0,116.0,2.0,13.0,0.0,0.0,5.0,0.0,75.0,9.0
2026,16,2026-06-27,Zak,Butters,Port Adelaide,RR,9.0,704.0,6.0,21.0,7.0,5.0,12.0,0.0,51.4,19.0
2026,16,2026-06-27,Darcy,Byrne-Jones,Port Adelaide,HBFL,2.0,199.0,5.0,13.0,2.0,0.0,2.0,0.0,71.4,10.0
2026,16,2026-06-27,Willem,Drew,Port Adelaide,WR,5.0,247.0,4.0,23.0,2.0,1.0,6.0,1.0,71.4,10.0
2026,16,2026-06-27,Corey,Durdin,Port Adelaide,FPL,6.0,151.0,2.0,11.0,1.0,0.0,3.0,1.0,75.0,6.0
2026,16,2026-06-27,Logan,Evans,Port Adelaide,BPL,2.0,283.0,3.0,7.0,2.0,0.0,1.0,0.0,84.6,11.0
2026,16,2026-06-27,Mitch,Georgiades,Port Adelaide,CHF,10.0,313.0,0.0,5.0,4.0,0.0,1.0,1.0,62.5,10.0
2026,16,2026-06-27,Jason,Horne-Francis,Port Adelaide,C,9.0,497.0,2.0,17.0,7.0,7.0,6.0,1.0,51.7,15.0
2026,16,2026-06-27,Lachie,Jones,Port Adelaide,HBFR,1.0,223.0,4.0,11.0,2.0,0.0,2.0,0.0,100.0,11.0
2026,16,2026-06-27,Josh,Lai,Port Adelaide,BPR,2.0,275.0,9.0,3.0,3.0,0.0,3.0,0.0,84.6,11.0
2026,16,2026-06-27,Jack,Lukosius,Port Adelaide,WL,5.0,382.0,2.0,11.0,5.0,0.0,2.0,0.0,50.0,5.0
2026,16,2026-06-27,Jackson,Mead,Port Adelaide,INT,5.0,310.0,2.0,12.0,2.0,1.0,3.0,0.0,66.7,8.0
2026,16,2026-06-27,Joe,Richards,Port Adelaide,FPR,8.0,315.0,6.0,18.0,3.0,0.0,7.0,1.0,66.7,12.0
2026,16,2026-06-27,Jordon,Sweet,Port Adelaide,RK,7.0,155.0,1.0,11.0,1.0,1.0,2.0,0.0,30.0,3.0
2026,16,2026-06-27,Dante,Visentini,Port Adelaide,HFFR,3.0,46.0,0.0,2.0,2.0,0.0,2.0,1.0,80.0,4.0
2026,16,2026-06-27,Jacob,Wehr,Port Adelaide,INT,1.0,176.0,2.0,8.0,2.0,0.0,3.0,1.0,55.6,5.0
2026,16,2026-06-27,Jack,Whitlock,Port Adelaide,FF,6.0,174.0,2.0,10.0,1.0,0.0,3.0,1.0,58.3,7.0
2026,16,2026-06-27,Ollie,Wines,Port Adelaide,R,5.0,170.0,1.0,14.0,4.0,1.0,5.0,1.0,52.6,10.0
2026,16,2026-06-27,Mitch,Zadow,Port Adelaide,INT,4.0,20.0,0.0,4.0,1.0,0.0,4.0,0.0,75.0,3.0
2026,16,2026-06-27,Brandon,Zerk-Thatcher,Port Adelaide,FB,1.0,216.0,3.0,8.0,2.0,0.0,1.0,0.0,57.1,4.0
2026,16,2026-06-27,Sam,Berry,Adelaide Crows,INT,4.0,135.0,2.0,14.0,5.0,0.0,7.0,2.0,55.6,10.0
2026,16,2026-06-27,James,Borlase,Adelaide Crows,FB,1.0,163.0,8.0,4.0,1.0,0.0,3.0,0.0,75.0,9.0
2026,16,2026-06-27,Brayden,Cook,Adelaide Crows,WR,1.0,43.0,2.0,10.0,2.0,0.0,3.0,0.0,50.0,4.0
2026,16,2026-06-27,Isaac,Cumming,Adelaide Crows,HBFL,1.0,197.0,2.0,5.0,1.0,0.0,1.0,0.0,90.9,10.0
2026,16,2026-06-27,Daniel,Curtin,Adelaide Crows,WL,1.0,205.0,0.0,12.0,3.0,0.0,4.0,1.0,40.0,4.0
2026,16,2026-06-27,Jordan,Dawson,Adelaide Crows,C,5.0,516.0,5.0,25.0,2.0,2.0,8.0,0.0,56.0,14.0
2026,16,2026-06-27,Darcy,Fogarty,Adelaide Crows,FF,7.0,260.0,0.0,1.0,5.0,0.0,8.0,0.0,68.8,11.0
2026,16,2026-06-27,Hugo,Hall-Kahan,Adelaide Crows,INT,4.0,464.0,3.0,5.0,4.0,0.0,4.0,0.0,75.0,15.0
2026,16,2026-06-27,Mark,Keane,Adelaide Crows,BPL,3.0,366.0,4.0,3.0,4.0,0.0,3.0,0.0,82.4,14.0
2026,16,2026-06-27,Ben,Keays,Adelaide Crows,INT,3.0,214.0,0.0,9.0,3.0,0.0,2.0,1.0,63.6,7.0
2026,16,2026-06-27,Rory,Laird,Adelaide Crows,HBFR,2.0,333.0,3.0,9.0,2.0,1.0,2.0,0.0,84.2,16.0
2026,16,2026-06-27,Lachlan,McAndrew,Adelaide Crows,RK,1.0,34.0,1.0,16.0,1.0,1.0,7.0,0.0,71.4,10.0
2026,16,2026-06-27,Max,Michalanney,Adelaide Crows,BPR,1.0,206.0,4.0,6.0,3.0,0.0,2.0,0.0,72.7,8.0
2026,16,2026-06-27,Luke,Nankervis,Adelaide Crows,INT,1.0,159.0,5.0,9.0,2.0,1.0,5.0,0.0,85.7,12.0
2026,16,2026-06-27,Alex,Neal-Bullen,Adelaide Crows,FPR,3.0,195.0,4.0,10.0,6.0,0.0,6.0,1.0,64.7,11.0
2026,16,2026-06-27,James,Peatling,Adelaide Crows,RR,3.0,118.0,0.0,12.0,0.0,0.0,4.0,0.0,80.0,12.0
2026,16,2026-06-27,Josh,Rachele,Adelaide Crows,HFFR,3.0,166.0,0.0,9.0,1.0,0.0,3.0,0.0,66.7,6.0
2026,16,2026-06-27,Izak,Rankine,Adelaide Crows,HFFL,3.0,220.0,1.0,11.0,4.0,0.0,4.0,0.0,50.0,6.0
2026,16,2026-06-27,Jake,Soligo,Adelaide Crows,R,2.0,252.0,4.0,19.0,5.0,1.0,6.0,1.0,58.8,10.0
2026,16,2026-06-27,Zac,Taylor,Adelaide Crows,FPL,6.0,163.0,1.0,3.0,2.0,0.0,3.0,0.0,90.0,9.0
2026,16,2026-06-27,Riley,Thilthorpe,Adelaide Crows,CHF,4.0,367.0,3.0,3.0,4.0,0.0,3.0,0.0,61.5,8.0
2026,16,2026-06-27,Taylor,Walker,Adelaide Crows,INT,6.0,419.0,1.0,3.0,0.0,0.0,0.0,0.0,69.2,9.0
2026,16,2026-06-27,Josh,Worrell,Adelaide Crows,CHB,3.0,404.0,8.0,6.0,3.0,0.0,2.0,0.0,81.0,17.0
2026,16,2026-06-28,Tom,Blamires,North Melbourne,HBFL,5.0,173.0,4.0,7.0,1.0,0.0,3.0,1.0,84.2,16.0
2026,16,2026-06-28,Callum,Coleman-Jones,North Melbourne,FPR,1.0,26.0,0.0,3.0,2.0,0.0,4.0,0.0,50.0,4.0
2026,16,2026-06-28,Charlie,Comben,North Melbourne,FB,3.0,231.0,6.0,4.0,1.0,0.0,2.0,0.0,87.5,14.0
2026,16,2026-06-28,Aidan,Corr,North Melbourne,BPL,6.0,167.0,6.0,2.0,0.0,0.0,0.0,0.0,92.3,12.0
2026,16,2026-06-28,Caleb,Daniel,North Melbourne,CHB,12.0,586.0,4.0,6.0,2.0,0.0,5.0,0.0,97.5,39.0
2026,16,2026-06-28,Jack,Darling,North Melbourne,CHF,5.0,144.0,0.0,10.0,3.0,0.0,1.0,2.0,83.3,10.0
2026,16,2026-06-28,Luke,Davies-Uniacke,North Melbourne,C,9.0,353.0,0.0,23.0,2.0,6.0,7.0,5.0,96.0,24.0
2026,16,2026-06-28,Wil,Dawson,North Melbourne,INT,5.0,142.0,1.0,11.0,2.0,0.0,2.0,0.0,60.0,6.0
2026,16,2026-06-28,Zane,Duursma,North Melbourne,INT,5.0,52.0,0.0,7.0,1.0,0.0,2.0,1.0,71.4,5.0
2026,16,2026-06-28,Josh,Goater,North Melbourne,HBFR,6.0,134.0,5.0,2.0,3.0,0.0,5.0,0.0,83.3,15.0
2026,16,2026-06-28,Cooper,Harvey,North Melbourne,INT,6.0,386.0,4.0,7.0,4.0,0.0,1.0,0.0,79.2,19.0
2026,16,2026-06-28,Jacob,Konstanty,North Melbourne,HFFR,7.0,195.0,1.0,13.0,3.0,0.0,2.0,3.0,77.8,7.0
2026,16,2026-06-28,Nick,Larkey,North Melbourne,FF,10.0,221.0,1.0,3.0,0.0,0.0,2.0,0.0,41.7,5.0
2026,16,2026-06-28,Colby,McKercher,North Melbourne,INT,6.0,503.0,1.0,9.0,2.0,1.0,4.0,0.0,76.0,19.0
2026,16,2026-06-28,Finn,O'Sullivan,North Melbourne,HFFL,6.0,314.0,1.0,9.0,5.0,1.0,2.0,0.0,71.4,15.0
2026,16,2026-06-28,Luke,Parker,North Melbourne,BPR,8.0,370.0,4.0,11.0,1.0,0.0,1.0,0.0,93.5,29.0
2026,16,2026-06-28,Harry,Sheezel,North Melbourne,R,15.0,335.0,3.0,23.0,1.0,1.0,9.0,2.0,93.0,40.0
2026,16,2026-06-28,Jy,Simpkin,North Melbourne,WL,8.0,323.0,2.0,7.0,2.0,0.0,4.0,0.0,73.7,14.0
2026,16,2026-06-28,Charlie,Spargo,North Melbourne,WR,7.0,171.0,1.0,13.0,2.0,0.0,3.0,2.0,81.3,13.0
2026,16,2026-06-28,Dylan,Stephens,North Melbourne,INT,8.0,361.0,0.0,7.0,3.0,0.0,5.0,0.0,75.0,18.0
2026,16,2026-06-28,Cooper,Trembath,North Melbourne,RK,8.0,134.0,2.0,5.0,1.0,0.0,3.0,2.0,69.2,9.0
2026,16,2026-06-28,George,Wardlaw,North Melbourne,RR,7.0,330.0,2.0,18.0,2.0,3.0,5.0,0.0,80.0,12.0
2026,16,2026-06-28,Cameron,Zurhaar,North Melbourne,FPL,5.0,175.0,5.0,5.0,3.0,0.0,2.0,0.0,73.3,11.0
2026,16,2026-06-28,Lachlan,Blakiston,Essendon,INT,2.0,125.0,0.0,7.0,0.0,0.0,1.0,0.0,100.0,8.0
2026,16,2026-06-28,Nick,Bryan,Essendon,RK,3.0,129.0,1.0,11.0,1.0,0.0,1.0,0.0,87.5,7.0
2026,16,2026-06-28,Nate,Caddy,Essendon,CHF,4.0,179.0,0.0,8.0,2.0,0.0,0.0,0.0,66.7,4.0
2026,16,2026-06-28,Jye,Caldwell,Essendon,HFFR,4.0,209.0,0.0,8.0,3.0,0.0,3.0,0.0,50.0,6.0
2026,16,2026-06-28,Archer,Day-Wicks,Essendon,WR,3.0,213.0,4.0,10.0,2.0,0.0,4.0,0.0,78.6,11.0
2026,16,2026-06-28,Sam,Durham,Essendon,C,8.0,275.0,5.0,28.0,2.0,3.0,6.0,0.0,84.0,21.0
2026,16,2026-06-28,Xavier,Duursma,Essendon,HBFL,3.0,95.0,2.0,10.0,1.0,0.0,2.0,0.0,91.7,11.0
2026,16,2026-06-28,Hussien,El Achkar,Essendon,WL,3.0,121.0,1.0,12.0,1.0,0.0,1.0,0.0,71.4,5.0
2026,16,2026-06-28,Jacob,Farrow,Essendon,CHB,4.0,312.0,2.0,8.0,5.0,0.0,3.0,0.0,80.8,21.0
2026,16,2026-06-28,Harrison,Jones,Essendon,FPR,3.0,154.0,1.0,7.0,1.0,0.0,1.0,0.0,77.8,7.0
2026,16,2026-06-28,Isaac,Kako,Essendon,INT,3.0,28.0,0.0,13.0,1.0,0.0,0.0,1.0,75.0,3.0
2026,16,2026-06-28,Andrew,McGrath,Essendon,BPL,4.0,448.0,2.0,6.0,6.0,0.0,4.0,0.0,84.6,22.0
2026,16,2026-06-28,Ben,McKay,Essendon,FF,4.0,48.0,4.0,4.0,1.0,0.0,3.0,1.0,85.7,6.0
2026,16,2026-06-28,Zach,Merrett,Essendon,RR,3.0,366.0,4.0,11.0,4.0,0.0,7.0,0.0,68.2,15.0
2026,16,2026-06-28,Darcy,Parish,Essendon,INT,6.0,259.0,1.0,11.0,5.0,3.0,6.0,0.0,72.0,18.0
2026,16,2026-06-28,Archie,Perkins,Essendon,INT,4.0,245.0,1.0,6.0,1.0,0.0,1.0,0.0,41.7,5.0
2026,16,2026-06-28,Jaxon,Prior,Essendon,BPR,3.0,255.0,4.0,11.0,2.0,0.0,2.0,0.0,76.9,10.0
2026,16,2026-06-28,Mason,Redman,Essendon,HBFR,3.0,563.0,4.0,6.0,2.0,0.0,3.0,0.0,75.9,22.0
2026,16,2026-06-28,Zach,Reid,Essendon,FB,3.0,221.0,4.0,9.0,0.0,0.0,1.0,0.0,100.0,16.0
2026,16,2026-06-28,Jordan,Ridley,Essendon,INT,4.0,482.0,3.0,7.0,5.0,0.0,0.0,0.0,78.3,18.0
2026,16,2026-06-28,Sullivan,Robey,Essendon,FPL,5.0,287.0,2.0,10.0,4.0,2.0,5.0,0.0,72.2,13.0
2026,16,2026-06-28,Will,Setterfield,Essendon,R,2.0,270.0,2.0,22.0,2.0,1.0,6.0,1.0,58.8,10.0
2026,16,2026-06-28,Dyson,Sharp,Essendon,HFFL,3.0,155.0,1.0,11.0,2.0,1.0,3.0,0.0,85.7,18.0
2026,16,2026-06-28,Jye,Amiss,Fremantle,FF,3.0,125.0,0.0,8.0,1.0,0.0,1.0,1.0,57.1,4.0
2026,16,2026-06-28,Shai,Bolton,Fremantle,R,8.0,445.0,2.0,12.0,5.0,1.0,6.0,2.0,76.9,20.0
2026,16,2026-06-28,Andrew,Brayshaw,Fremantle,C,10.0,654.0,1.0,25.0,3.0,0.0,2.0,2.0,82.8,24.0
2026,16,2026-06-28,Heath,Chapman,Fremantle,BPR,4.0,188.0,8.0,4.0,2.0,0.0,5.0,0.0,100.0,15.0
2026,16,2026-06-28,Jordan,Clark,Fremantle,HBFL,6.0,388.0,5.0,13.0,5.0,0.0,7.0,0.0,83.3,20.0
2026,16,2026-06-28,Brennan,Cox,Fremantle,BPL,3.0,182.0,8.0,4.0,3.0,0.0,5.0,0.0,82.4,14.0
2026,16,2026-06-28,Sean,Darcy,Fremantle,INT,3.0,-12.0,0.0,5.0,1.0,0.0,1.0,0.0,83.3,5.0
2026,16,2026-06-28,Isaiah,Dudley,Fremantle,INT,8.0,210.0,2.0,21.0,2.0,1.0,2.0,5.0,66.7,10.0
2026,16,2026-06-28,Neil,Erasmus,Fremantle,WR,5.0,239.0,5.0,13.0,3.0,0.0,4.0,0.0,80.0,16.0
2026,16,2026-06-28,Michael,Frederick,Fremantle,CHF,4.0,210.0,2.0,11.0,1.0,0.0,1.0,1.0,85.7,6.0
2026,16,2026-06-28,Luke,Jackson,Fremantle,RK,7.0,254.0,1.0,13.0,1.0,3.0,3.0,2.0,86.7,13.0
2026,16,2026-06-28,Matthew,Johnson,Fremantle,INT,1.0,50.0,1.0,13.0,1.0,0.0,5.0,0.0,77.8,14.0
2026,16,2026-06-28,Judd,McVee,Fremantle,INT,5.0,259.0,6.0,6.0,0.0,0.0,4.0,0.0,95.0,19.0
2026,16,2026-06-28,Nathan,O'Driscoll,Fremantle,WL,3.0,220.0,7.0,4.0,0.0,0.0,11.0,0.0,69.6,16.0
2026,16,2026-06-28,Alex,Pearce,Fremantle,FB,0.0,56.0,4.0,2.0,1.0,0.0,0.0,0.0,80.0,4.0
2026,16,2026-06-28,Murphy,Reid,Fremantle,HFFL,7.0,367.0,0.0,16.0,5.0,1.0,2.0,0.0,75.0,21.0
2026,16,2026-06-28,Luke,Ryan,Fremantle,CHB,5.0,500.0,5.0,4.0,3.0,0.0,2.0,0.0,95.7,22.0
2026,16,2026-06-28,Caleb,Serong,Fremantle,RR,7.0,211.0,4.0,14.0,2.0,1.0,5.0,3.0,80.0,16.0
2026,16,2026-06-28,Sam,Switkowski,Fremantle,HFFR,5.0,107.0,2.0,17.0,5.0,0.0,6.0,2.0,58.8,10.0
2026,16,2026-06-28,Josh,Treacy,Fremantle,FPR,4.0,169.0,1.0,19.0,2.0,0.0,2.0,1.0,60.0,6.0
2026,16,2026-06-28,Patrick,Voss,Fremantle,FPL,5.0,203.0,0.0,10.0,3.0,0.0,3.0,2.0,58.3,7.0
2026,16,2026-06-28,Karl,Worner,Fremantle,HBFR,4.0,469.0,4.0,13.0,4.0,0.0,3.0,0.0,91.3,21.0
2026,16,2026-06-28,Hayden,Young,Fremantle,INT,2.0,203.0,0.0,23.0,3.0,0.0,1.0,0.0,69.2,9.0
2026,16,2026-06-28,Beau,Addinsall,Gold Coast SUNS,INT,3.0,30.0,1.0,28.0,1.0,0.0,6.0,1.0,73.3,11.0
2026,16,2026-06-28,Noah,Anderson,Gold Coast SUNS,RR,6.0,507.0,1.0,27.0,8.0,3.0,3.0,0.0,69.7,23.0
2026,16,2026-06-28,Mac,Andrew,Gold Coast SUNS,BPL,3.0,448.0,6.0,3.0,4.0,0.0,0.0,0.0,75.0,15.0
2026,16,2026-06-28,Charlie,Ballard,Gold Coast SUNS,INT,2.0,18.0,2.0,4.0,3.0,0.0,0.0,0.0,60.0,3.0
2026,16,2026-06-28,Sam,Collins,Gold Coast SUNS,FB,2.0,155.0,3.0,1.0,0.0,0.0,3.0,0.0,77.8,7.0
2026,16,2026-06-28,Nick,Holman,Gold Coast SUNS,C,2.0,121.0,7.0,16.0,2.0,0.0,7.0,0.0,86.7,13.0
2026,16,2026-06-28,Bailey,Humphrey,Gold Coast SUNS,HFFL,0.0,95.0,1.0,24.0,6.0,0.0,4.0,3.0,33.3,2.0
2026,16,2026-06-28,Joel,Jeffrey,Gold Coast SUNS,HBFL,3.0,235.0,2.0,13.0,2.0,0.0,0.0,0.0,85.7,12.0
2026,16,2026-06-28,Ben,Jepson,Gold Coast SUNS,INT,1.0,237.0,2.0,12.0,3.0,0.0,3.0,0.0,66.7,6.0
2026,16,2026-06-28,Ben,King,Gold Coast SUNS,FPL,5.0,116.0,0.0,8.0,2.0,0.0,2.0,1.0,42.9,3.0
2026,16,2026-06-28,Leonardo,Lombard,Gold Coast SUNS,INT,5.0,348.0,3.0,20.0,7.0,0.0,9.0,1.0,45.0,9.0
2026,16,2026-06-28,Ben,Long,Gold Coast SUNS,FF,4.0,124.0,0.0,8.0,2.0,0.0,3.0,0.0,57.1,4.0
2026,16,2026-06-28,Touk,Miller,Gold Coast SUNS,CHF,5.0,222.0,2.0,21.0,3.0,0.0,4.0,0.0,66.7,12.0
2026,16,2026-06-28,Ned,Moyle,Gold Coast SUNS,RK,1.0,-4.0,0.0,5.0,0.0,1.0,1.0,0.0,100.0,3.0
2026,16,2026-06-28,Jai,Murray,Gold Coast SUNS,WR,1.0,253.0,2.0,9.0,6.0,0.0,5.0,0.0,50.0,7.0
2026,16,2026-06-28,John,Noble,Gold Coast SUNS,WL,2.0,293.0,4.0,20.0,2.0,0.0,4.0,0.0,62.5,10.0
2026,16,2026-06-28,Christian,Petracca,Gold Coast SUNS,HFFR,6.0,426.0,1.0,17.0,4.0,2.0,8.0,0.0,47.1,8.0
2026,16,2026-06-28,Wil,Powell,Gold Coast SUNS,HBFR,4.0,482.0,4.0,11.0,5.0,0.0,3.0,0.0,75.0,12.0
2026,16,2026-06-28,Matt,Rowell,Gold Coast SUNS,R,3.0,303.0,4.0,31.0,4.0,1.0,8.0,0.0,77.3,17.0
2026,16,2026-06-28,Bodhi,Uwland,Gold Coast SUNS,BPR,5.0,257.0,5.0,3.0,0.0,0.0,3.0,0.0,95.8,23.0
2026,16,2026-06-28,Zeke,Uwland,Gold Coast SUNS,CHB,6.0,463.0,3.0,9.0,1.0,0.0,7.0,0.0,73.9,17.0
2026,16,2026-06-28,Jed,Walter,Gold Coast SUNS,FPR,5.0,163.0,1.0,4.0,1.0,0.0,3.0,0.0,75.0,6.0
2026,16,2026-06-28,Jarrod,Witts,Gold Coast SUNS,INT,2.0,18.0,3.0,9.0,1.0,1.0,5.0,0.0,62.5,5.0
2026,17,2026-07-02,Tom,Atkins,Geelong Cats,INT,2.0,178.0,0.0,22.0,4.0,4.0,5.0,0.0,64.7,11.0
2026,17,2026-07-02,Mark,Blicavs,Geelong Cats,INT,3.0,195.0,7.0,15.0,3.0,0.0,9.0,1.0,57.9,11.0
2026,17,2026-07-02,Tanner,Bruhn,Geelong Cats,WR,7.0,501.0,10.0,11.0,4.0,0.0,8.0,0.0,77.3,17.0
2026,17,2026-07-02,Jeremy,Cameron,Geelong Cats,CHF,3.0,21.0,0.0,4.0,0.0,0.0,1.0,0.0,75.0,3.0
2026,17,2026-07-02,Patrick,Dangerfield,Geelong Cats,HFFL,7.0,514.0,3.0,18.0,5.0,0.0,6.0,4.0,52.9,9.0
2026,17,2026-07-02,Sam,De Koning,Geelong Cats,INT,2.0,198.0,3.0,5.0,4.0,1.0,2.0,0.0,72.7,8.0
2026,17,2026-07-02,Oliver,Dempsey,Geelong Cats,WL,8.0,259.0,7.0,14.0,1.0,1.0,11.0,0.0,77.3,17.0
2026,17,2026-07-02,Mitchell,Edwards,Geelong Cats,RK,4.0,165.0,4.0,10.0,5.0,1.0,5.0,1.0,75.0,12.0
2026,17,2026-07-02,Zach,Guthrie,Geelong Cats,BPR,4.0,148.0,0.0,20.0,2.0,1.0,2.0,1.0,58.3,7.0
2026,17,2026-07-02,Jack,Henry,Geelong Cats,FB,3.0,12.0,1.0,3.0,1.0,0.0,1.0,0.0,80.0,4.0
2026,17,2026-07-02,Oliver,Henry,Geelong Cats,INT,4.0,178.0,0.0,16.0,2.0,0.0,2.0,1.0,50.0,5.0
2026,17,2026-07-02,Max,Holmes,Geelong Cats,RR,7.0,851.0,6.0,20.0,6.0,5.0,11.0,0.0,66.7,20.0
2026,17,2026-07-02,Lawson,Humphries,Geelong Cats,INT,2.0,307.0,3.0,13.0,1.0,1.0,5.0,0.0,75.0,12.0
2026,17,2026-07-02,Jake,Kolodjashnij,Geelong Cats,HBFL,4.0,215.0,4.0,9.0,1.0,0.0,2.0,0.0,71.4,10.0
2026,17,2026-07-02,Shaun,Mannagh,Geelong Cats,FPL,7.0,284.0,2.0,23.0,2.0,0.0,3.0,4.0,56.3,9.0
2026,17,2026-07-02,Jack,Martin,Geelong Cats,FPR,4.0,134.0,0.0,9.0,1.0,0.0,4.0,1.0,70.0,7.0
2026,17,2026-07-02,Oisin,Mullin,Geelong Cats,R,3.0,181.0,0.0,23.0,2.0,3.0,6.0,0.0,81.8,9.0
2026,17,2026-07-02,Shannon,Neale,Geelong Cats,FF,8.0,347.0,1.0,9.0,1.0,0.0,4.0,1.0,54.5,6.0
2026,17,2026-07-02,Mark,O'Connor,Geelong Cats,HBFR,4.0,170.0,7.0,4.0,4.0,0.0,5.0,0.0,81.3,13.0
2026,17,2026-07-02,Connor,O'Sullivan,Geelong Cats,BPL,2.0,237.0,10.0,10.0,4.0,0.0,4.0,0.0,57.1,8.0
2026,17,2026-07-02,Bailey,Smith,Geelong Cats,C,9.0,547.0,4.0,20.0,6.0,3.0,9.0,0.0,71.0,22.0
2026,17,2026-07-02,Tom,Stewart,Geelong Cats,CHB,6.0,628.0,9.0,10.0,8.0,0.0,5.0,0.0,64.0,16.0
2026,17,2026-07-02,Oliver,Wiltshire,Geelong Cats,HFFR,8.0,442.0,1.0,17.0,4.0,0.0,4.0,0.0,43.8,7.0
2026,17,2026-07-02,Harris,Andrews,Brisbane Lions,FB,1.0,135.0,6.0,7.0,1.0,0.0,2.0,0.0,92.3,12.0
2026,17,2026-07-02,Noah,Answerth,Brisbane Lions,BPL,2.0,427.0,3.0,20.0,2.0,0.0,2.0,0.0,75.0,12.0
2026,17,2026-07-02,Levi,Ashcroft,Brisbane Lions,INT,5.0,296.0,2.0,18.0,5.0,3.0,5.0,0.0,61.9,13.0
2026,17,2026-07-02,Will,Ashcroft,Brisbane Lions,C,7.0,651.0,5.0,13.0,6.0,1.0,10.0,1.0,59.4,19.0
2026,17,2026-07-02,Zac,Bailey,Brisbane Lions,WR,7.0,334.0,2.0,18.0,5.0,1.0,5.0,2.0,70.0,14.0
2026,17,2026-07-02,Jarrod,Berry,Brisbane Lions,WL,3.0,224.0,0.0,15.0,2.0,0.0,4.0,0.0,50.0,8.0
2026,17,2026-07-02,Charlie,Cameron,Brisbane Lions,HFFL,7.0,113.0,1.0,12.0,1.0,0.0,3.0,1.0,75.0,6.0
2026,17,2026-07-02,Sam,Draper,Brisbane Lions,RK,3.0,228.0,1.0,6.0,3.0,0.0,1.0,0.0,33.3,4.0
2026,17,2026-07-02,Josh,Dunkley,Brisbane Lions,RR,6.0,211.0,3.0,32.0,3.0,2.0,6.0,2.0,64.7,11.0
2026,17,2026-07-02,Jaspa,Fletcher,Brisbane Lions,INT,2.0,509.0,7.0,16.0,4.0,0.0,6.0,0.0,86.4,19.0
2026,17,2026-07-02,Darcy,Fort,Brisbane Lions,INT,4.0,110.0,0.0,10.0,2.0,0.0,1.0,1.0,57.1,4.0
2026,17,2026-07-02,Ty,Gallop,Brisbane Lions,CHB,3.0,393.0,8.0,10.0,5.0,0.0,6.0,0.0,73.3,11.0
2026,17,2026-07-02,Darcy,Gardiner,Brisbane Lions,BPR,2.0,109.0,3.0,6.0,1.0,0.0,2.0,0.0,90.0,9.0
2026,17,2026-07-02,Eric,Hipwood,Brisbane Lions,FPL,4.0,135.0,1.0,8.0,5.0,0.0,1.0,0.0,72.7,8.0
2026,17,2026-07-02,Ryan,Lester,Brisbane Lions,HBFR,4.0,301.0,5.0,8.0,5.0,0.0,2.0,0.0,76.5,13.0
2026,17,2026-07-02,Kai,Lohmann,Brisbane Lions,INT,7.0,248.0,1.0,17.0,2.0,0.0,6.0,3.0,92.3,12.0
2026,17,2026-07-02,Conor,McKenna,Brisbane Lions,FPR,7.0,426.0,2.0,15.0,6.0,0.0,2.0,1.0,55.6,10.0
2026,17,2026-07-02,Logan,Morris,Brisbane Lions,CHF,7.0,250.0,1.0,10.0,4.0,0.0,3.0,3.0,91.7,11.0
2026,17,2026-07-02,Lachie,Neale,Brisbane Lions,R,5.0,314.0,3.0,22.0,3.0,2.0,11.0,0.0,82.1,23.0
2026,17,2026-07-02,Cam,Rayner,Brisbane Lions,FF,5.0,450.0,0.0,21.0,4.0,1.0,8.0,2.0,62.5,15.0
2026,17,2026-07-02,Bruce,Reville,Brisbane Lions,INT,4.0,334.0,5.0,12.0,5.0,1.0,6.0,0.0,52.9,9.0
2026,17,2026-07-02,James,Tunstill,Brisbane Lions,HFFR,3.0,128.0,1.0,11.0,2.0,0.0,2.0,0.0,44.4,4.0
2026,17,2026-07-02,Darcy,Wilmot,Brisbane Lions,HBFL,6.0,593.0,11.0,5.0,6.0,0.0,9.0,0.0,80.8,21.0
2026,17,2026-07-03,Nick,Blakey,Sydney Swans,CHB,4.0,579.0,3.0,5.0,2.0,0.0,1.0,0.0,76.9,20.0
2026,17,2026-07-03,Caiden,Cleary,Sydney Swans,FPL,6.0,257.0,2.0,12.0,3.0,0.0,5.0,2.0,76.5,13.0
2026,17,2026-07-03,Harry,Cunningham,Sydney Swans,HBFR,2.0,144.0,2.0,18.0,1.0,0.0,0.0,0.0,92.9,13.0
2026,17,2026-07-03,Charlie,Curnow,Sydney Swans,FF,10.0,347.0,0.0,9.0,4.0,0.0,4.0,2.0,78.6,11.0
2026,17,2026-07-03,William,Edwards,Sydney Swans,FB,2.0,298.0,5.0,3.0,1.0,0.0,3.0,0.0,87.5,7.0
2026,17,2026-07-03,Brodie,Grundy,Sydney Swans,RK,4.0,177.0,0.0,12.0,4.0,1.0,1.0,3.0,52.9,9.0
2026,17,2026-07-03,Errol,Gulden,Sydney Swans,C,4.0,452.0,3.0,15.0,2.0,0.0,8.0,1.0,59.3,16.0
2026,17,2026-07-03,Joel,Hamling,Sydney Swans,INT,3.0,44.0,0.0,4.0,0.0,0.0,0.0,0.0,80.0,4.0
2026,17,2026-07-03,Tom,Hanily,Sydney Swans,INT,3.0,209.0,2.0,5.0,0.0,0.0,3.0,1.0,90.9,10.0
2026,17,2026-07-03,Isaac,Heeney,Sydney Swans,RR,7.0,358.0,4.0,13.0,2.0,3.0,6.0,0.0,74.1,20.0
2026,17,2026-07-03,James,Jordon,Sydney Swans,HFFL,2.0,150.0,0.0,21.0,1.0,2.0,3.0,2.0,92.3,12.0
2026,17,2026-07-03,Harry,Kyle,Sydney Swans,INT,5.0,180.0,2.0,8.0,0.0,0.0,1.0,0.0,100.0,9.0
2026,17,2026-07-03,Jake,Lloyd,Sydney Swans,CHF,6.0,263.0,2.0,14.0,1.0,0.0,5.0,0.0,95.2,20.0
2026,17,2026-07-03,Tom,McCartin,Sydney Swans,BPR,1.0,239.0,5.0,7.0,0.0,0.0,3.0,0.0,94.4,17.0
2026,17,2026-07-03,Hayden,McLean,Sydney Swans,FPR,6.0,218.0,1.0,9.0,5.0,0.0,4.0,2.0,85.7,12.0
2026,17,2026-07-03,Callum,Mills,Sydney Swans,BPL,5.0,351.0,5.0,8.0,1.0,0.0,4.0,0.0,96.2,25.0
2026,17,2026-07-03,Dane,Rampe,Sydney Swans,HBFL,1.0,221.0,6.0,3.0,1.0,0.0,3.0,0.0,100.0,11.0
2026,17,2026-07-03,Matt,Roberts,Sydney Swans,WL,5.0,448.0,5.0,15.0,3.0,1.0,8.0,1.0,84.0,21.0
2026,17,2026-07-03,James,Rowbottom,Sydney Swans,HFFR,4.0,172.0,0.0,24.0,4.0,2.0,4.0,3.0,50.0,6.0
2026,17,2026-07-03,Jai,Serong,Sydney Swans,WR,4.0,204.0,3.0,11.0,2.0,0.0,5.0,0.0,84.2,16.0
2026,17,2026-07-03,Angus,Sheldrick,Sydney Swans,INT,4.0,250.0,6.0,15.0,5.0,3.0,8.0,1.0,73.1,19.0
2026,17,2026-07-03,Chad,Warner,Sydney Swans,R,7.0,572.0,1.0,13.0,7.0,2.0,4.0,1.0,58.3,14.0
2026,17,2026-07-03,Corey,Warner,Sydney Swans,INT,5.0,243.0,1.0,8.0,1.0,0.0,3.0,1.0,93.8,15.0
2026,17,2026-07-03,Marcus,Bontempelli,Western Bulldogs,C,5.0,472.0,0.0,19.0,3.0,4.0,7.0,0.0,84.2,16.0
2026,17,2026-07-03,Lachlan,Bramble,Western Bulldogs,INT,2.0,261.0,2.0,20.0,1.0,0.0,1.0,0.0,85.7,12.0
2026,17,2026-07-03,Connor,Budarick,Western Bulldogs,HBFL,1.0,74.0,1.0,7.0,2.0,0.0,1.0,0.0,50.0,2.0
2026,17,2026-07-03,Nick,Coffield,Western Bulldogs,BPL,2.0,98.0,3.0,4.0,0.0,0.0,4.0,0.0,83.3,5.0
2026,17,2026-07-03,Jordan,Croft,Western Bulldogs,CHF,2.0,158.0,2.0,13.0,3.0,0.0,1.0,1.0,70.0,7.0
2026,17,2026-07-03,Bailey,Dale,Western Bulldogs,HBFR,3.0,896.0,12.0,12.0,6.0,0.0,7.0,0.0,68.8,22.0
2026,17,2026-07-03,Tim,English,Western Bulldogs,RK,2.0,43.0,2.0,5.0,0.0,1.0,3.0,0.0,100.0,10.0
2026,17,2026-07-03,Joel,Freijah,Western Bulldogs,RR,1.0,315.0,0.0,20.0,5.0,0.0,1.0,1.0,75.0,12.0
2026,17,2026-07-03,Cooper,Hynes,Western Bulldogs,HFFL,1.0,91.0,1.0,17.0,1.0,0.0,4.0,0.0,78.6,11.0
2026,17,2026-07-03,Arthur,Jones,Western Bulldogs,INT,5.0,258.0,0.0,6.0,2.0,0.0,3.0,0.0,70.0,7.0
2026,17,2026-07-03,Luke,Kennedy,Western Bulldogs,INT,2.0,97.0,1.0,22.0,2.0,0.0,5.0,1.0,70.0,7.0
2026,17,2026-07-03,Matthew,Kennedy,Western Bulldogs,WL,5.0,327.0,2.0,16.0,7.0,0.0,9.0,1.0,63.6,14.0
2026,17,2026-07-03,Buku,Khamis,Western Bulldogs,BPR,1.0,240.0,4.0,4.0,2.0,0.0,0.0,0.0,75.0,6.0
2026,17,2026-07-03,Will,Lewis,Western Bulldogs,FPL,2.0,168.0,0.0,11.0,1.0,0.0,3.0,0.0,75.0,6.0
2026,17,2026-07-03,Tom,Liberatore,Western Bulldogs,HFFR,3.0,260.0,2.0,19.0,1.0,1.0,10.0,0.0,85.7,18.0
2026,17,2026-07-03,Rory,Lobb,Western Bulldogs,CHB,2.0,333.0,2.0,13.0,1.0,0.0,3.0,0.0,61.5,8.0
2026,17,2026-07-03,Lachlan,McNeil,Western Bulldogs,INT,2.0,166.0,1.0,15.0,3.0,0.0,2.0,0.0,70.0,7.0
2026,17,2026-07-03,Aaron,Naughton,Western Bulldogs,FF,5.0,140.0,0.0,9.0,2.0,0.0,1.0,0.0,60.0,6.0
2026,17,2026-07-03,James,O'Donnell,Western Bulldogs,FB,0.0,235.0,2.0,8.0,0.0,0.0,0.0,0.0,75.0,6.0
2026,17,2026-07-03,Ed,Richards,Western Bulldogs,R,4.0,502.0,4.0,16.0,8.0,2.0,12.0,0.0,58.6,17.0
2026,17,2026-07-03,Ryley,Sanders,Western Bulldogs,INT,5.0,385.0,2.0,11.0,3.0,1.0,3.0,0.0,85.0,17.0
2026,17,2026-07-03,Michael,Sellwood,Western Bulldogs,WR,1.0,168.0,6.0,11.0,2.0,0.0,2.0,0.0,61.5,8.0
2026,17,2026-07-03,Cody,Weightman,Western Bulldogs,FPR,3.0,182.0,2.0,18.0,3.0,0.0,8.0,0.0,50.0,7.0
2026,17,2026-07-03,Bo,Allan,West Coast Eagles,WR,3.0,203.0,3.0,6.0,1.0,0.0,3.0,1.0,80.0,8.0
2026,17,2026-07-03,Liam,Baker,West Coast Eagles,HBFR,2.0,267.0,6.0,6.0,1.0,1.0,5.0,1.0,82.4,14.0
2026,17,2026-07-03,Rhett,Bazzo,West Coast Eagles,FB,0.0,134.0,10.0,8.0,2.0,0.0,2.0,0.0,78.6,11.0
2026,17,2026-07-03,Tom,Cole,West Coast Eagles,INT,3.0,376.0,1.0,9.0,6.0,0.0,1.0,0.0,60.0,9.0
2026,17,2026-07-03,Hamish,Davis,West Coast Eagles,HFFR,0.0,143.0,5.0,13.0,2.0,0.0,3.0,0.0,80.0,8.0
2026,17,2026-07-03,Liam,Duggan,West Coast Eagles,BPL,4.0,556.0,4.0,11.0,10.0,0.0,2.0,1.0,58.3,14.0
2026,17,2026-07-03,Willem,Duursma,West Coast Eagles,WL,2.0,261.0,1.0,16.0,3.0,0.0,0.0,0.0,75.0,9.0
2026,17,2026-07-03,Oliver,Francou,West Coast Eagles,INT,3.0,164.0,3.0,18.0,1.0,0.0,8.0,0.0,72.2,13.0
2026,17,2026-07-03,Jack,Graham,West Coast Eagles,INT,2.0,83.0,1.0,14.0,2.0,0.0,6.0,0.0,66.7,8.0
2026,17,2026-07-03,Marcus,Herbert,West Coast Eagles,INT,2.0,181.0,4.0,8.0,3.0,0.0,4.0,0.0,63.2,12.0
2026,17,2026-07-03,Brady,Hough,West Coast Eagles,R,0.0,47.0,1.0,12.0,2.0,0.0,3.0,0.0,66.7,6.0
2026,17,2026-07-03,Jack,Hutchinson,West Coast Eagles,FPR,1.0,6.0,2.0,19.0,2.0,1.0,5.0,1.0,60.0,6.0
2026,17,2026-07-03,Tim,Kelly,West Coast Eagles,HFFL,3.0,360.0,3.0,8.0,3.0,1.0,5.0,0.0,63.2,12.0
2026,17,2026-07-03,Tom,McCarthy,West Coast Eagles,HBFL,1.0,381.0,7.0,8.0,5.0,0.0,2.0,0.0,84.2,16.0
2026,17,2026-07-03,Milan,Murdock,West Coast Eagles,FPL,3.0,214.0,2.0,7.0,2.0,0.0,7.0,0.0,61.5,8.0
2026,17,2026-07-03,Harley,Reid,West Coast Eagles,RR,5.0,443.0,2.0,16.0,5.0,2.0,11.0,0.0,52.2,12.0
2026,17,2026-07-03,Jobe,Shanahan,West Coast Eagles,CHF,5.0,276.0,2.0,9.0,2.0,0.0,4.0,2.0,53.8,7.0
2026,17,2026-07-03,Brandon,Starcevich,West Coast Eagles,BPR,2.0,262.0,7.0,8.0,3.0,0.0,6.0,1.0,70.6,12.0
2026,17,2026-07-03,Jake,Waterman,West Coast Eagles,FF,6.0,196.0,0.0,7.0,3.0,0.0,1.0,2.0,70.0,7.0
2026,17,2026-07-03,Bailey J.,Williams,West Coast Eagles,RK,1.0,205.0,2.0,10.0,4.0,2.0,1.0,0.0,57.1,8.0
2026,17,2026-07-03,Jack,Williams,West Coast Eagles,INT,4.0,254.0,3.0,8.0,4.0,0.0,4.0,2.0,45.5,5.0
2026,17,2026-07-03,Elliot,Yeo,West Coast Eagles,C,2.0,40.0,0.0,15.0,3.0,1.0,4.0,1.0,42.9,3.0
2026,17,2026-07-03,Tylar,Young,West Coast Eagles,CHB,0.0,280.0,4.0,7.0,2.0,0.0,1.0,0.0,93.3,14.0
2026,17,2026-07-03,Sam,Berry,Adelaide Crows,RR,5.0,265.0,2.0,12.0,2.0,4.0,4.0,2.0,70.0,14.0
2026,17,2026-07-03,James,Borlase,Adelaide Crows,FB,2.0,108.0,7.0,2.0,4.0,0.0,6.0,0.0,69.2,9.0
2026,17,2026-07-03,Brayden,Cook,Adelaide Crows,WR,3.0,257.0,4.0,6.0,5.0,0.0,3.0,0.0,72.7,8.0
2026,17,2026-07-03,Daniel,Curtin,Adelaide Crows,R,2.0,337.0,2.0,14.0,3.0,0.0,2.0,0.0,75.0,9.0
2026,17,2026-07-03,Jordan,Dawson,Adelaide Crows,C,6.0,764.0,5.0,13.0,8.0,3.0,5.0,0.0,74.1,20.0
2026,17,2026-07-03,Billy,Dowling,Adelaide Crows,INT,5.0,201.0,1.0,12.0,3.0,0.0,5.0,2.0,61.5,8.0
2026,17,2026-07-03,Darcy,Fogarty,Adelaide Crows,FF,7.0,295.0,0.0,5.0,3.0,0.0,3.0,2.0,91.7,11.0
2026,17,2026-07-03,Hugo,Hall-Kahan,Adelaide Crows,HBFL,2.0,345.0,4.0,9.0,3.0,0.0,3.0,1.0,66.7,12.0
2026,17,2026-07-03,Mark,Keane,Adelaide Crows,BPL,1.0,199.0,4.0,4.0,2.0,0.0,1.0,0.0,77.8,14.0
2026,17,2026-07-03,Ben,Keays,Adelaide Crows,INT,6.0,188.0,0.0,8.0,0.0,0.0,3.0,0.0,100.0,13.0
2026,17,2026-07-03,Rory,Laird,Adelaide Crows,HBFR,3.0,156.0,9.0,9.0,3.0,0.0,3.0,1.0,92.0,23.0
2026,17,2026-07-03,Lachlan,McAndrew,Adelaide Crows,RK,5.0,198.0,2.0,10.0,4.0,4.0,7.0,1.0,50.0,6.0
2026,17,2026-07-03,Max,Michalanney,Adelaide Crows,BPR,1.0,165.0,3.0,12.0,4.0,0.0,3.0,0.0,78.6,11.0
2026,17,2026-07-03,Toby,Murray,Adelaide Crows,CHF,4.0,190.0,0.0,7.0,2.0,1.0,2.0,2.0,83.3,5.0
2026,17,2026-07-03,Luke,Nankervis,Adelaide Crows,INT,1.0,262.0,8.0,5.0,3.0,0.0,2.0,0.0,75.0,12.0
2026,17,2026-07-03,Alex,Neal-Bullen,Adelaide Crows,FPL,4.0,218.0,3.0,23.0,3.0,0.0,7.0,0.0,61.5,8.0
2026,17,2026-07-03,James,Peatling,Adelaide Crows,INT,5.0,293.0,0.0,8.0,1.0,3.0,8.0,0.0,95.2,20.0
2026,17,2026-07-03,Josh,Rachele,Adelaide Crows,HFFR,8.0,351.0,5.0,9.0,2.0,0.0,8.0,2.0,70.6,12.0
2026,17,2026-07-03,Izak,Rankine,Adelaide Crows,HFFL,7.0,290.0,2.0,15.0,6.0,3.0,8.0,0.0,70.4,19.0
2026,17,2026-07-03,Jake,Soligo,Adelaide Crows,WL,4.0,164.0,4.0,17.0,3.0,0.0,5.0,1.0,75.0,12.0
2026,17,2026-07-03,Zac,Taylor,Adelaide Crows,INT,4.0,132.0,3.0,10.0,3.0,0.0,6.0,2.0,60.0,9.0
2026,17,2026-07-03,Taylor,Walker,Adelaide Crows,FPR,4.0,185.0,0.0,9.0,3.0,0.0,0.0,0.0,60.0,6.0
2026,17,2026-07-03,Josh,Worrell,Adelaide Crows,CHB,2.0,285.0,5.0,8.0,3.0,0.0,1.0,0.0,95.0,19.0
2026,17,2026-07-04,Tom,Barrass,Hawthorn,FB,1.0,145.0,5.0,6.0,0.0,0.0,0.0,0.0,100.0,5.0
2026,17,2026-07-04,Mabior,Chol,Hawthorn,CHF,10.0,379.0,4.0,3.0,4.0,2.0,4.0,0.0,82.4,14.0
2026,17,2026-07-04,Massimo,D'Ambrosio,Hawthorn,WL,3.0,418.0,1.0,8.0,3.0,0.0,2.0,0.0,66.7,10.0
2026,17,2026-07-04,Jack,Dalton,Hawthorn,INT,2.0,254.0,2.0,12.0,4.0,0.0,2.0,2.0,66.7,6.0
2026,17,2026-07-04,Will,Day,Hawthorn,C,5.0,403.0,1.0,23.0,6.0,0.0,5.0,0.0,65.0,13.0
2026,17,2026-07-04,Jack,Ginnivan,Hawthorn,HFFR,5.0,443.0,1.0,8.0,7.0,0.0,2.0,1.0,47.1,8.0
2026,17,2026-07-04,Jack,Gunston,Hawthorn,FPR,4.0,85.0,0.0,2.0,1.0,0.0,0.0,0.0,80.0,4.0
2026,17,2026-07-04,Blake,Hardwick,Hawthorn,BPR,4.0,517.0,9.0,10.0,4.0,1.0,4.0,0.0,92.0,23.0
2026,17,2026-07-04,Matt,Hill,Hawthorn,FPL,2.0,127.0,2.0,10.0,2.0,2.0,4.0,0.0,62.5,5.0
2026,17,2026-07-04,Mitch,Lewis,Hawthorn,FF,2.0,301.0,0.0,8.0,6.0,0.0,2.0,1.0,46.7,7.0
2026,17,2026-07-04,Bailey,Macdonald,Hawthorn,INT,2.0,384.0,3.0,9.0,4.0,0.0,2.0,1.0,66.7,12.0
2026,17,2026-07-04,Connor,Macdonald,Hawthorn,INT,4.0,209.0,1.0,12.0,3.0,0.0,4.0,2.0,73.3,11.0
2026,17,2026-07-04,Cam,Mackenzie,Hawthorn,INT,2.0,89.0,0.0,8.0,2.0,1.0,4.0,0.0,60.0,6.0
2026,17,2026-07-04,William,McCabe,Hawthorn,WR,1.0,157.0,0.0,7.0,2.0,0.0,0.0,1.0,33.3,2.0
2026,17,2026-07-04,Lloyd,Meek,Hawthorn,RK,7.0,163.0,2.0,12.0,2.0,2.0,5.0,0.0,60.0,9.0
2026,17,2026-07-04,Dylan,Moore,Hawthorn,HFFL,3.0,192.0,1.0,16.0,3.0,0.0,4.0,0.0,75.0,12.0
2026,17,2026-07-04,Harry,Morrison,Hawthorn,HBFR,0.0,346.0,8.0,7.0,4.0,0.0,3.0,0.0,75.0,15.0
2026,17,2026-07-04,Noah,Mraz,Hawthorn,CHB,4.0,208.0,9.0,6.0,2.0,0.0,0.0,0.0,87.5,14.0
2026,17,2026-07-04,Jai,Newcombe,Hawthorn,RR,4.0,385.0,1.0,18.0,4.0,3.0,8.0,0.0,59.3,16.0
2026,17,2026-07-04,Flynn,Perez,Hawthorn,INT,4.0,195.0,3.0,11.0,0.0,0.0,3.0,0.0,84.6,11.0
2026,17,2026-07-04,Bodie,Ryan,Hawthorn,HBFL,1.0,110.0,1.0,3.0,1.0,0.0,0.0,0.0,88.9,8.0
2026,17,2026-07-04,James,Sicily,Hawthorn,BPL,2.0,281.0,9.0,5.0,3.0,0.0,4.0,0.0,84.2,16.0
2026,17,2026-07-04,Josh,Ward,Hawthorn,R,7.0,351.0,0.0,17.0,4.0,3.0,6.0,0.0,72.0,18.0
2026,17,2026-07-04,Jake,Bowey,Melbourne,BPL,1.0,452.0,8.0,15.0,5.0,1.0,8.0,1.0,63.2,12.0
2026,17,2026-07-04,Kade,Chandler,Melbourne,CHF,7.0,264.0,0.0,13.0,5.0,0.0,0.0,3.0,61.5,8.0
2026,17,2026-07-04,Joel,Fitzgerald,Melbourne,INT,5.0,177.0,2.0,12.0,4.0,0.0,5.0,1.0,50.0,12.0
2026,17,2026-07-04,Bayley,Fritsch,Melbourne,FPR,7.0,242.0,0.0,8.0,1.0,0.0,2.0,0.0,76.9,10.0
2026,17,2026-07-04,Max,Gawn,Melbourne,RK,8.0,198.0,5.0,6.0,1.0,5.0,2.0,0.0,77.3,17.0
2026,17,2026-07-04,Blake,Howes,Melbourne,INT,1.0,137.0,2.0,6.0,1.0,0.0,1.0,0.0,92.3,12.0
2026,17,2026-07-04,Matthew,Jefferson,Melbourne,INT,5.0,128.0,0.0,6.0,1.0,0.0,1.0,1.0,57.1,4.0
2026,17,2026-07-04,Changkuoth,Jiath,Melbourne,CHB,6.0,607.0,14.0,6.0,6.0,0.0,5.0,0.0,82.6,19.0
2026,17,2026-07-04,Ed,Langdon,Melbourne,HFFR,7.0,467.0,3.0,5.0,5.0,0.0,4.0,0.0,70.0,14.0
2026,17,2026-07-04,Harvey,Langford,Melbourne,R,1.0,129.0,3.0,5.0,2.0,0.0,5.0,0.0,66.7,6.0
2026,17,2026-07-04,Bailey,Laurie,Melbourne,INT,5.0,46.0,1.0,10.0,1.0,0.0,3.0,1.0,85.7,6.0
2026,17,2026-07-04,Jake,Lever,Melbourne,BPR,3.0,225.0,3.0,7.0,1.0,0.0,1.0,0.0,88.9,8.0
2026,17,2026-07-04,Harrison,Petty,Melbourne,HBFR,5.0,184.0,0.0,8.0,3.0,0.0,2.0,2.0,71.4,5.0
2026,17,2026-07-04,Kysaiah,Pickett,Melbourne,HFFL,6.0,611.0,3.0,11.0,7.0,3.0,4.0,1.0,60.0,15.0
2026,17,2026-07-04,Latrelle,Pickett,Melbourne,INT,3.0,211.0,4.0,8.0,3.0,0.0,1.0,2.0,37.5,3.0
2026,17,2026-07-04,Trent,Rivers,Melbourne,HBFL,3.0,421.0,6.0,7.0,3.0,0.0,4.0,0.0,78.9,15.0
2026,17,2026-07-04,Harry,Sharp,Melbourne,FPL,3.0,131.0,0.0,15.0,1.0,0.0,2.0,1.0,62.5,5.0
2026,17,2026-07-04,Tom,Sparrow,Melbourne,C,7.0,409.0,1.0,21.0,4.0,4.0,8.0,0.0,76.9,20.0
2026,17,2026-07-04,Jack,Steele,Melbourne,RR,5.0,304.0,3.0,19.0,3.0,1.0,6.0,2.0,71.4,15.0
2026,17,2026-07-04,Koltyn,Tholstrup,Melbourne,WL,3.0,313.0,3.0,5.0,0.0,0.0,1.0,0.0,81.8,9.0
2026,17,2026-07-04,Daniel,Turner,Melbourne,FB,3.0,178.0,7.0,5.0,0.0,0.0,2.0,0.0,100.0,12.0
2026,17,2026-07-04,Jacob,van Rooyen,Melbourne,FF,10.0,480.0,2.0,11.0,4.0,1.0,7.0,1.0,66.7,16.0
2026,17,2026-07-04,Caleb,Windsor,Melbourne,WR,5.0,108.0,1.0,8.0,1.0,0.0,2.0,1.0,66.7,6.0
2026,17,2026-07-04,Ryan,Angwin,GWS GIANTS,WL,3.0,209.0,5.0,22.0,2.0,0.0,9.0,0.0,70.6,12.0
2026,17,2026-07-04,Lachie,Ash,GWS GIANTS,HBFL,4.0,629.0,5.0,8.0,7.0,0.0,3.0,0.0,82.1,23.0
2026,17,2026-07-04,Toby,Bedford,GWS GIANTS,RR,6.0,254.0,4.0,19.0,4.0,2.0,7.0,1.0,76.5,13.0
2026,17,2026-07-04,Kieren,Briggs,GWS GIANTS,RK,3.0,322.0,2.0,11.0,5.0,5.0,4.0,1.0,92.3,12.0
2026,17,2026-07-04,Callum,Brown,GWS GIANTS,FPR,2.0,216.0,1.0,10.0,4.0,0.0,4.0,0.0,58.3,7.0
2026,17,2026-07-04,Aaron,Cadman,GWS GIANTS,FPL,6.0,181.0,5.0,12.0,2.0,0.0,3.0,1.0,75.0,9.0
2026,17,2026-07-04,Finn,Callaghan,GWS GIANTS,R,4.0,526.0,1.0,17.0,3.0,1.0,7.0,0.0,73.3,22.0
2026,17,2026-07-04,Stephen,Coniglio,GWS GIANTS,HFFL,3.0,154.0,2.0,13.0,2.0,1.0,4.0,4.0,61.5,8.0
2026,17,2026-07-04,Josaia,Delana,GWS GIANTS,INT,4.0,54.0,0.0,14.0,2.0,0.0,0.0,1.0,50.0,2.0
2026,17,2026-07-04,Joe,Fonti,GWS GIANTS,HBFR,4.0,185.0,3.0,11.0,1.0,0.0,3.0,0.0,87.5,14.0
2026,17,2026-07-04,Toby,Greene,GWS GIANTS,CHF,12.0,680.0,4.0,16.0,5.0,1.0,10.0,3.0,61.5,16.0
2026,17,2026-07-04,Riley,Hamilton,GWS GIANTS,HFFR,4.0,102.0,0.0,16.0,0.0,0.0,1.0,2.0,20.0,1.0
2026,17,2026-07-04,Harry,Himmelberg,GWS GIANTS,BPR,4.0,426.0,7.0,6.0,3.0,0.0,4.0,0.0,90.9,20.0
2026,17,2026-07-04,Connor,Idun,GWS GIANTS,BPL,5.0,364.0,9.0,4.0,2.0,0.0,6.0,0.0,84.6,22.0
2026,17,2026-07-04,Clayton,Oliver,GWS GIANTS,C,5.0,485.0,2.0,16.0,6.0,4.0,12.0,1.0,71.9,23.0
2026,17,2026-07-04,Harrison,Oliver,GWS GIANTS,INT,3.0,97.0,0.0,6.0,2.0,0.0,0.0,0.0,60.0,3.0
2026,17,2026-07-04,Jack,Ough,GWS GIANTS,INT,3.0,89.0,2.0,11.0,1.0,1.0,4.0,1.0,100.0,12.0
2026,17,2026-07-04,Harry,Rowston,GWS GIANTS,INT,3.0,135.0,1.0,5.0,2.0,0.0,3.0,0.0,80.0,8.0
2026,17,2026-07-04,Conor,Stone,GWS GIANTS,INT,2.0,140.0,1.0,11.0,0.0,0.0,1.0,0.0,100.0,8.0
2026,17,2026-07-04,Jake,Stringer,GWS GIANTS,FF,11.0,393.0,1.0,7.0,2.0,0.0,6.0,0.0,78.6,11.0
2026,17,2026-07-04,Sam,Taylor,GWS GIANTS,FB,2.0,215.0,4.0,5.0,2.0,0.0,5.0,0.0,66.7,8.0
2026,17,2026-07-04,Harvey,Thomas,GWS GIANTS,WR,6.0,403.0,1.0,15.0,6.0,0.0,8.0,0.0,76.2,16.0
2026,17,2026-07-04,Lachie,Whitfield,GWS GIANTS,CHB,3.0,242.0,2.0,8.0,3.0,0.0,3.0,0.0,80.0,16.0
2026,17,2026-07-04,Jye,Amiss,Fremantle,FF,2.0,17.0,0.0,5.0,1.0,0.0,2.0,0.0,50.0,2.0
2026,17,2026-07-04,Shai,Bolton,Fremantle,R,7.0,260.0,1.0,20.0,2.0,3.0,6.0,0.0,95.0,19.0
2026,17,2026-07-04,Andrew,Brayshaw,Fremantle,C,3.0,444.0,1.0,27.0,6.0,1.0,4.0,1.0,68.2,15.0
2026,17,2026-07-04,Heath,Chapman,Fremantle,BPR,2.0,152.0,4.0,5.0,3.0,0.0,2.0,0.0,80.0,8.0
2026,17,2026-07-04,Jordan,Clark,Fremantle,HBFL,2.0,446.0,2.0,12.0,5.0,1.0,3.0,0.0,87.0,20.0
2026,17,2026-07-04,Brennan,Cox,Fremantle,BPL,1.0,180.0,9.0,7.0,4.0,0.0,3.0,0.0,75.0,9.0
2026,17,2026-07-04,Sean,Darcy,Fremantle,INT,4.0,80.0,2.0,4.0,0.0,1.0,2.0,0.0,75.0,6.0
2026,17,2026-07-04,Isaiah,Dudley,Fremantle,INT,3.0,202.0,1.0,17.0,0.0,0.0,3.0,1.0,70.0,7.0
2026,17,2026-07-04,Neil,Erasmus,Fremantle,INT,5.0,213.0,2.0,5.0,1.0,0.0,3.0,0.0,90.0,9.0
2026,17,2026-07-04,Michael,Frederick,Fremantle,WR,2.0,286.0,3.0,5.0,4.0,0.0,2.0,1.0,71.4,10.0
2026,17,2026-07-04,Luke,Jackson,Fremantle,RK,5.0,211.0,2.0,16.0,1.0,0.0,3.0,3.0,58.3,7.0
2026,17,2026-07-04,Matthew,Johnson,Fremantle,INT,5.0,297.0,2.0,14.0,3.0,1.0,5.0,0.0,75.0,12.0
2026,17,2026-07-04,Judd,McVee,Fremantle,INT,1.0,93.0,5.0,11.0,2.0,0.0,4.0,0.0,60.0,6.0
2026,17,2026-07-04,Nathan,O'Driscoll,Fremantle,WL,5.0,285.0,3.0,14.0,2.0,0.0,4.0,1.0,78.6,11.0
2026,17,2026-07-04,Alex,Pearce,Fremantle,FB,1.0,85.0,6.0,11.0,0.0,0.0,4.0,0.0,87.5,7.0
2026,17,2026-07-04,Murphy,Reid,Fremantle,HFFL,8.0,298.0,2.0,18.0,3.0,0.0,5.0,1.0,68.4,13.0
2026,17,2026-07-04,Luke,Ryan,Fremantle,CHB,1.0,435.0,4.0,12.0,7.0,0.0,3.0,0.0,77.8,14.0
2026,17,2026-07-04,Caleb,Serong,Fremantle,RR,8.0,554.0,4.0,20.0,7.0,3.0,8.0,1.0,54.8,17.0
2026,17,2026-07-04,Sam,Switkowski,Fremantle,HFFR,6.0,136.0,1.0,29.0,3.0,0.0,5.0,3.0,53.3,8.0
2026,17,2026-07-04,Josh,Treacy,Fremantle,FPR,3.0,214.0,2.0,12.0,1.0,0.0,0.0,1.0,90.0,9.0
2026,17,2026-07-04,Patrick,Voss,Fremantle,FPL,6.0,277.0,0.0,9.0,2.0,0.0,3.0,1.0,72.7,8.0
2026,17,2026-07-04,Karl,Worner,Fremantle,HBFR,3.0,691.0,9.0,5.0,5.0,0.0,2.0,0.0,89.7,26.0
2026,17,2026-07-04,Hayden,Young,Fremantle,CHF,2.0,128.0,1.0,8.0,0.0,0.0,1.0,0.0,90.0,9.0
2026,17,2026-07-04,Beau,Addinsall,Gold Coast SUNS,INT,5.0,191.0,2.0,11.0,3.0,1.0,4.0,0.0,65.4,17.0
2026,17,2026-07-04,Noah,Anderson,Gold Coast SUNS,C,4.0,239.0,2.0,20.0,3.0,4.0,5.0,0.0,80.0,16.0
2026,17,2026-07-04,Mac,Andrew,Gold Coast SUNS,BPL,6.0,591.0,3.0,7.0,2.0,0.0,2.0,0.0,83.3,20.0
2026,17,2026-07-04,Sam,Collins,Gold Coast SUNS,FB,4.0,47.0,8.0,5.0,2.0,0.0,3.0,0.0,75.0,9.0
2026,17,2026-07-04,Nick,Holman,Gold Coast SUNS,WR,0.0,82.0,1.0,14.0,0.0,0.0,1.0,0.0,80.0,8.0
2026,17,2026-07-04,Bailey,Humphrey,Gold Coast SUNS,HFFR,7.0,248.0,1.0,7.0,3.0,0.0,7.0,0.0,83.3,15.0
2026,17,2026-07-04,Joel,Jeffrey,Gold Coast SUNS,INT,3.0,420.0,4.0,9.0,4.0,0.0,3.0,0.0,64.7,11.0
2026,17,2026-07-04,Ben,Jepson,Gold Coast SUNS,INT,3.0,209.0,2.0,10.0,1.0,0.0,1.0,0.0,76.9,10.0
2026,17,2026-07-04,Ben,King,Gold Coast SUNS,HFFL,4.0,200.0,1.0,1.0,1.0,0.0,3.0,0.0,100.0,8.0
2026,17,2026-07-04,Leonardo,Lombard,Gold Coast SUNS,FF,4.0,206.0,0.0,15.0,5.0,0.0,3.0,1.0,50.0,5.0
2026,17,2026-07-04,Ben,Long,Gold Coast SUNS,FPR,5.0,337.0,0.0,12.0,2.0,0.0,5.0,3.0,83.3,10.0
2026,17,2026-07-04,Touk,Miller,Gold Coast SUNS,RR,4.0,258.0,1.0,22.0,4.0,0.0,3.0,3.0,60.7,17.0
2026,17,2026-07-04,Ned,Moyle,Gold Coast SUNS,RK,6.0,365.0,4.0,6.0,3.0,3.0,5.0,0.0,71.4,10.0
2026,17,2026-07-04,Jai,Murray,Gold Coast SUNS,WL,4.0,205.0,2.0,10.0,2.0,0.0,1.0,0.0,76.9,10.0
2026,17,2026-07-04,John,Noble,Gold Coast SUNS,HBFL,6.0,563.0,7.0,6.0,5.0,0.0,4.0,1.0,84.8,28.0
2026,17,2026-07-04,Dylan,Patterson,Gold Coast SUNS,INT,6.0,229.0,1.0,6.0,1.0,0.0,3.0,0.0,66.7,6.0
2026,17,2026-07-04,Christian,Petracca,Gold Coast SUNS,FPL,8.0,302.0,0.0,14.0,7.0,1.0,15.0,0.0,71.4,20.0
2026,17,2026-07-04,Wil,Powell,Gold Coast SUNS,HBFR,4.0,168.0,4.0,13.0,1.0,0.0,3.0,0.0,93.3,14.0
2026,17,2026-07-04,Ethan,Read,Gold Coast SUNS,INT,3.0,19.0,0.0,5.0,0.0,0.0,2.0,0.0,85.7,6.0
2026,17,2026-07-04,Matt,Rowell,Gold Coast SUNS,R,3.0,158.0,3.0,22.0,5.0,3.0,10.0,0.0,65.4,17.0
2026,17,2026-07-04,Bodhi,Uwland,Gold Coast SUNS,BPR,5.0,416.0,8.0,6.0,2.0,0.0,4.0,0.0,82.1,23.0
2026,17,2026-07-04,Zeke,Uwland,Gold Coast SUNS,CHB,2.0,553.0,1.0,12.0,6.0,1.0,0.0,0.0,68.8,22.0
2026,17,2026-07-04,Jed,Walter,Gold Coast SUNS,CHF,4.0,137.0,1.0,11.0,2.0,0.0,2.0,0.0,66.7,4.0
2026,17,2026-07-04,Edward,Allan,Collingwood,INT,5.0,306.0,1.0,20.0,6.0,1.0,3.0,3.0,81.0,17.0
2026,17,2026-07-04,Angus,Anderson,Collingwood,INT,5.0,203.0,0.0,11.0,2.0,0.0,0.0,1.0,50.0,4.0
2026,17,2026-07-04,Jack,Buller,Collingwood,FPL,2.0,85.0,0.0,3.0,1.0,0.0,0.0,0.0,60.0,3.0
2026,17,2026-07-04,Darcy,Cameron,Collingwood,RK,3.0,143.0,4.0,14.0,4.0,2.0,2.0,0.0,50.0,6.0
2026,17,2026-07-04,Jack,Crisp,Collingwood,RR,3.0,327.0,1.0,15.0,3.0,1.0,5.0,0.0,63.2,12.0
2026,17,2026-07-04,Josh,Daicos,Collingwood,CHB,7.0,440.0,4.0,4.0,2.0,0.0,6.0,0.0,80.0,20.0
2026,17,2026-07-04,Nick,Daicos,Collingwood,FF,12.0,478.0,2.0,22.0,4.0,4.0,9.0,0.0,80.6,25.0
2026,17,2026-07-04,Jordan,De Goey,Collingwood,R,5.0,187.0,0.0,5.0,3.0,0.0,1.0,0.0,56.3,9.0
2026,17,2026-07-04,Billy,Frampton,Collingwood,BPR,0.0,82.0,4.0,2.0,1.0,0.0,1.0,0.0,83.3,5.0
2026,17,2026-07-04,Harvey,Harrison,Collingwood,CHF,4.0,393.0,2.0,11.0,2.0,0.0,2.0,1.0,56.3,9.0
2026,17,2026-07-04,Dan,Houston,Collingwood,HBFR,3.0,501.0,4.0,9.0,4.0,0.0,4.0,0.0,82.4,14.0
2026,17,2026-07-04,Jeremy,Howe,Collingwood,FB,3.0,230.0,10.0,9.0,3.0,0.0,4.0,0.0,76.9,10.0
2026,17,2026-07-04,Patrick,Lipinski,Collingwood,WR,6.0,357.0,3.0,15.0,3.0,0.0,6.0,2.0,87.5,21.0
2026,17,2026-07-04,Ned,Long,Collingwood,C,6.0,197.0,1.0,32.0,2.0,2.0,7.0,1.0,61.1,11.0
2026,17,2026-07-04,Brayden,Maynard,Collingwood,INT,4.0,313.0,4.0,15.0,2.0,1.0,1.0,0.0,66.7,10.0
2026,17,2026-07-04,Beau,McCreery,Collingwood,HFFR,4.0,193.0,3.0,20.0,2.0,1.0,6.0,2.0,66.7,8.0
2026,17,2026-07-04,Daniel,McStay,Collingwood,INT,6.0,198.0,1.0,11.0,1.0,2.0,4.0,1.0,81.8,9.0
2026,17,2026-07-04,Tim,Membrey,Collingwood,FPR,10.0,384.0,4.0,11.0,4.0,0.0,6.0,1.0,61.1,11.0
2026,17,2026-07-04,Harry,Perryman,Collingwood,HBFL,2.0,449.0,3.0,15.0,4.0,0.0,1.0,0.0,81.3,13.0
2026,17,2026-07-04,Liam,Puncher,Collingwood,BPL,2.0,106.0,3.0,5.0,0.0,0.0,1.0,0.0,100.0,6.0
2026,17,2026-07-04,Lachie,Schultz,Collingwood,HFFL,5.0,75.0,0.0,24.0,1.0,0.0,3.0,4.0,87.5,7.0
2026,17,2026-07-04,Steele,Sidebottom,Collingwood,WL,5.0,277.0,7.0,8.0,1.0,0.0,8.0,0.0,94.1,16.0
2026,17,2026-07-04,Sam,Swadling,Collingwood,INT,4.0,305.0,3.0,7.0,1.0,1.0,9.0,0.0,60.0,12.0
2026,17,2026-07-04,Jasper,Alger,Richmond,INT,4.0,87.0,1.0,12.0,3.0,0.0,3.0,2.0,77.8,7.0
2026,17,2026-07-04,Kye,Annand,Richmond,BPR,2.0,235.0,2.0,7.0,4.0,0.0,1.0,0.0,50.0,5.0
2026,17,2026-07-04,Noah,Balta,Richmond,FPL,8.0,348.0,2.0,8.0,3.0,1.0,1.0,0.0,66.7,10.0
2026,17,2026-07-04,Sam,Banks,Richmond,CHB,4.0,305.0,3.0,7.0,3.0,0.0,2.0,0.0,87.5,14.0
2026,17,2026-07-04,Nathan,Broad,Richmond,BPL,1.0,80.0,3.0,6.0,0.0,0.0,3.0,0.0,72.7,8.0
2026,17,2026-07-04,Tom,Brown,Richmond,HBFR,1.0,281.0,7.0,4.0,6.0,0.0,3.0,0.0,75.0,9.0
2026,17,2026-07-04,Seth,Campbell,Richmond,HFFR,6.0,399.0,0.0,24.0,2.0,1.0,7.0,2.0,82.4,14.0
2026,17,2026-07-04,Sam,Cumming,Richmond,CHF,1.0,66.0,2.0,22.0,1.0,0.0,4.0,0.0,80.0,12.0
2026,17,2026-07-04,Steely,Green,Richmond,HFFL,3.0,244.0,2.0,17.0,5.0,0.0,4.0,1.0,64.3,9.0
2026,17,2026-07-04,Taj,Hotton,Richmond,R,7.0,144.0,5.0,11.0,4.0,1.0,8.0,0.0,77.8,14.0
2026,17,2026-07-04,Mykelti,Lefau,Richmond,INT,4.0,262.0,0.0,11.0,2.0,0.0,2.0,0.0,70.0,7.0
2026,17,2026-07-04,Tom,Lynch,Richmond,FF,3.0,169.0,0.0,6.0,3.0,0.0,1.0,2.0,50.0,4.0
2026,17,2026-07-04,Rhyan,Mansell,Richmond,FPR,3.0,253.0,2.0,13.0,5.0,0.0,1.0,1.0,30.0,3.0
2026,17,2026-07-04,Kane,McAuliffe,Richmond,INT,4.0,386.0,1.0,20.0,5.0,3.0,5.0,3.0,68.4,13.0
2026,17,2026-07-04,Ben,Miller,Richmond,FB,1.0,39.0,5.0,6.0,1.0,0.0,2.0,0.0,85.7,6.0
2026,17,2026-07-04,Toby,Nankervis,Richmond,RK,6.0,131.0,1.0,13.0,1.0,2.0,7.0,1.0,78.9,15.0
2026,17,2026-07-04,Hugo,Ralphsmith,Richmond,WR,3.0,384.0,4.0,12.0,4.0,0.0,6.0,0.0,80.0,16.0
2026,17,2026-07-04,Patrick,Retschko,Richmond,WL,1.0,251.0,4.0,12.0,5.0,1.0,4.0,0.0,60.0,9.0
2026,17,2026-07-04,Jack,Ross,Richmond,RR,3.0,43.0,2.0,10.0,2.0,0.0,2.0,0.0,80.0,8.0
2026,17,2026-07-04,Jayden,Short,Richmond,INT,2.0,499.0,5.0,6.0,2.0,0.0,3.0,0.0,87.5,14.0
2026,17,2026-07-04,Tim,Taranto,Richmond,C,8.0,404.0,3.0,14.0,6.0,4.0,7.0,0.0,56.0,14.0
2026,17,2026-07-04,James,Trezise,Richmond,INT,3.0,138.0,3.0,12.0,1.0,0.0,2.0,1.0,100.0,10.0
2026,17,2026-07-04,Nick,Vlastuin,Richmond,HBFL,1.0,208.0,6.0,13.0,1.0,0.0,2.0,0.0,75.0,9.0
2026,17,2026-07-04,Ben,Ainsworth,Carlton,HFFR,4.0,367.0,1.0,9.0,6.0,0.0,4.0,0.0,50.0,8.0
2026,17,2026-07-04,Talor,Byrne,Carlton,FPR,5.0,86.0,1.0,8.0,1.0,0.0,5.0,0.0,83.3,10.0
2026,17,2026-07-04,Adam,Cerra,Carlton,WL,6.0,473.0,4.0,17.0,5.0,1.0,5.0,0.0,66.7,14.0
2026,17,2026-07-04,Matthew,Cottrell,Carlton,HFFL,5.0,135.0,0.0,5.0,3.0,0.0,2.0,0.0,75.0,9.0
2026,17,2026-07-04,Lachlan,Cowan,Carlton,INT,3.0,298.0,2.0,9.0,1.0,0.0,3.0,0.0,85.7,12.0
2026,17,2026-07-04,Patrick,Cripps,Carlton,RR,7.0,282.0,2.0,12.0,5.0,2.0,8.0,0.0,48.0,12.0
2026,17,2026-07-04,Wade,Derksen,Carlton,FB,4.0,68.0,5.0,4.0,0.0,0.0,4.0,0.0,100.0,11.0
2026,17,2026-07-04,Francis,Evans,Carlton,INT,6.0,363.0,7.0,13.0,1.0,0.0,6.0,0.0,68.4,13.0
2026,17,2026-07-04,Oliver,Florent,Carlton,BPL,2.0,467.0,6.0,7.0,4.0,0.0,5.0,0.0,66.7,14.0
2026,17,2026-07-04,Nick,Haynes,Carlton,BPR,4.0,467.0,7.0,9.0,5.0,0.0,3.0,0.0,70.6,12.0
2026,17,2026-07-04,Will,Hayward,Carlton,INT,2.0,182.0,1.0,9.0,1.0,0.0,1.0,1.0,66.7,10.0
2026,17,2026-07-04,George,Hewett,Carlton,INT,5.0,235.0,2.0,20.0,2.0,1.0,8.0,0.0,80.8,21.0
2026,17,2026-07-04,Oliver,Hollands,Carlton,WR,4.0,104.0,3.0,22.0,0.0,0.0,3.0,0.0,84.6,11.0
2026,17,2026-07-04,Jack,Ison,Carlton,INT,3.0,165.0,1.0,11.0,4.0,0.0,4.0,0.0,66.7,8.0
2026,17,2026-07-04,Brodie,Kemp,Carlton,FPL,5.0,206.0,0.0,10.0,3.0,0.0,1.0,0.0,60.0,6.0
2026,17,2026-07-04,Mitch,McGovern,Carlton,CHF,3.0,362.0,1.0,11.0,3.0,0.0,1.0,1.0,84.6,11.0
2026,17,2026-07-04,Harry,McKay,Carlton,FF,3.0,152.0,1.0,5.0,1.0,0.0,2.0,1.0,77.8,7.0
2026,17,2026-07-04,Nic,Newman,Carlton,HBFL,5.0,493.0,6.0,15.0,6.0,0.0,3.0,0.0,77.3,17.0
2026,17,2026-07-04,Marc,Pittonet,Carlton,RK,5.0,89.0,1.0,7.0,2.0,0.0,3.0,0.0,41.7,5.0
2026,17,2026-07-04,Jagga,Smith,Carlton,R,9.0,202.0,6.0,11.0,3.0,2.0,9.0,3.0,69.0,20.0
2026,17,2026-07-04,Sam,Walsh,Carlton,C,6.0,166.0,4.0,23.0,3.0,2.0,6.0,0.0,72.7,16.0
2026,17,2026-07-04,Billy,Wilson,Carlton,HBFR,4.0,336.0,5.0,10.0,2.0,0.0,4.0,0.0,64.7,11.0
2026,17,2026-07-04,Lewis,Young,Carlton,CHB,1.0,0.0,3.0,1.0,1.0,0.0,1.0,0.0,50.0,2.0
2026,17,2026-07-05,Nick,Bryan,Essendon,RK,6.0,167.0,3.0,11.0,2.0,0.0,1.0,1.0,100.0,8.0
2026,17,2026-07-05,Nate,Caddy,Essendon,CHF,6.0,154.0,0.0,5.0,3.0,0.0,3.0,0.0,58.3,7.0
2026,17,2026-07-05,Jye,Caldwell,Essendon,HFFR,4.0,190.0,1.0,21.0,4.0,1.0,7.0,0.0,52.9,9.0
2026,17,2026-07-05,Nik,Cox,Essendon,INT,6.0,159.0,1.0,13.0,0.0,1.0,4.0,0.0,80.0,8.0
2026,17,2026-07-05,Archer,Day-Wicks,Essendon,WR,2.0,220.0,1.0,13.0,2.0,0.0,1.0,0.0,50.0,4.0
2026,17,2026-07-05,Sam,Durham,Essendon,C,7.0,331.0,2.0,21.0,2.0,3.0,9.0,0.0,79.2,19.0
2026,17,2026-07-05,Xavier,Duursma,Essendon,HBFL,3.0,183.0,6.0,17.0,1.0,0.0,4.0,0.0,78.9,15.0
2026,17,2026-07-05,Saad,El-Hawli,Essendon,INT,1.0,217.0,4.0,9.0,2.0,0.0,4.0,0.0,69.2,9.0
2026,17,2026-07-05,Jacob,Farrow,Essendon,CHB,1.0,219.0,2.0,10.0,1.0,0.0,3.0,0.0,95.2,20.0
2026,17,2026-07-05,Isaac,Kako,Essendon,INT,5.0,35.0,0.0,21.0,1.0,0.0,1.0,1.0,66.7,4.0
2026,17,2026-07-05,Andrew,McGrath,Essendon,BPL,2.0,250.0,4.0,6.0,5.0,0.0,5.0,0.0,76.5,13.0
2026,17,2026-07-05,Ben,McKay,Essendon,FF,2.0,32.0,0.0,7.0,3.0,1.0,3.0,0.0,80.0,4.0
2026,17,2026-07-05,Zach,Merrett,Essendon,RR,5.0,377.0,4.0,26.0,4.0,0.0,4.0,0.0,78.6,22.0
2026,17,2026-07-05,Darcy,Parish,Essendon,INT,3.0,259.0,0.0,15.0,4.0,3.0,7.0,0.0,53.3,8.0
2026,17,2026-07-05,Archie,Perkins,Essendon,WL,3.0,251.0,0.0,7.0,4.0,0.0,7.0,0.0,80.0,12.0
2026,17,2026-07-05,Jaxon,Prior,Essendon,BPR,1.0,237.0,6.0,4.0,1.0,0.0,1.0,0.0,76.9,10.0
2026,17,2026-07-05,Mason,Redman,Essendon,HBFR,4.0,373.0,2.0,13.0,4.0,0.0,0.0,0.0,83.3,15.0
2026,17,2026-07-05,Zach,Reid,Essendon,FB,1.0,283.0,1.0,6.0,3.0,0.0,2.0,0.0,64.7,11.0
2026,17,2026-07-05,Jordan,Ridley,Essendon,INT,1.0,201.0,2.0,3.0,1.0,0.0,0.0,0.0,72.7,8.0
2026,17,2026-07-05,Sullivan,Robey,Essendon,FPL,3.0,346.0,0.0,15.0,6.0,2.0,4.0,0.0,75.0,15.0
2026,17,2026-07-05,Will,Setterfield,Essendon,R,1.0,202.0,2.0,17.0,2.0,0.0,3.0,0.0,70.0,7.0
2026,17,2026-07-05,Dyson,Sharp,Essendon,HFFL,6.0,177.0,2.0,17.0,2.0,1.0,3.0,0.0,82.4,14.0
2026,17,2026-07-05,Peter,Wright,Essendon,FPR,3.0,84.0,1.0,4.0,0.0,0.0,1.0,1.0,87.5,7.0
2026,17,2026-07-05,Ryan,Byrnes,St Kilda,HBFR,3.0,190.0,1.0,17.0,1.0,0.0,3.0,1.0,83.3,15.0
2026,17,2026-07-05,Anthony,Caminiti,St Kilda,BPR,4.0,97.0,3.0,12.0,3.0,0.0,3.0,5.0,76.9,10.0
2026,17,2026-07-05,Hugo,Garcia,St Kilda,RR,7.0,313.0,3.0,18.0,3.0,2.0,8.0,2.0,86.2,25.0
2026,17,2026-07-05,Max,Hall,St Kilda,HFFR,11.0,500.0,0.0,20.0,2.0,2.0,4.0,1.0,75.8,25.0
2026,17,2026-07-05,Angus,Hastie,St Kilda,CHB,3.0,243.0,2.0,12.0,0.0,0.0,1.0,0.0,92.9,13.0
2026,17,2026-07-05,Liam,Henry,St Kilda,INT,6.0,130.0,1.0,8.0,0.0,0.0,2.0,0.0,83.3,10.0
2026,17,2026-07-05,Jack,Higgins,St Kilda,HFFL,7.0,144.0,0.0,13.0,1.0,0.0,1.0,2.0,77.8,7.0
2026,17,2026-07-05,Bradley,Hill,St Kilda,HBFL,10.0,655.0,5.0,5.0,6.0,0.0,4.0,0.0,83.3,35.0
2026,17,2026-07-05,Campbell,Lake,St Kilda,INT,1.0,70.0,0.0,17.0,1.0,0.0,1.0,2.0,75.0,6.0
2026,17,2026-07-05,Rowan,Marshall,St Kilda,RK,8.0,317.0,1.0,10.0,2.0,3.0,2.0,0.0,65.0,13.0
2026,17,2026-07-05,Liam,O'Connell,St Kilda,WR,3.0,93.0,7.0,9.0,0.0,0.0,5.0,0.0,100.0,11.0
2026,17,2026-07-05,Mitch,Owens,St Kilda,FPR,6.0,224.0,2.0,9.0,5.0,0.0,3.0,1.0,70.0,14.0
2026,17,2026-07-05,Mattaes,Phillipou,St Kilda,INT,7.0,258.0,3.0,20.0,1.0,3.0,7.0,0.0,80.0,20.0
2026,17,2026-07-05,Liam,Ryan,St Kilda,CHF,5.0,114.0,0.0,7.0,1.0,0.0,1.0,0.0,42.9,3.0
2026,17,2026-07-05,Cooper,Sharman,St Kilda,FF,6.0,95.0,1.0,6.0,0.0,0.0,5.0,1.0,77.8,7.0
2026,17,2026-07-05,Jack,Silvagni,St Kilda,BPL,3.0,27.0,6.0,8.0,0.0,0.0,5.0,0.0,100.0,12.0
2026,17,2026-07-05,Liam,Stocker,St Kilda,INT,4.0,131.0,1.0,8.0,2.0,0.0,1.0,0.0,90.0,9.0
2026,17,2026-07-05,Tobie,Travaglia,St Kilda,INT,5.0,96.0,2.0,6.0,0.0,0.0,2.0,0.0,92.9,13.0
2026,17,2026-07-05,Nasiah,Wanganeen-Milera,St Kilda,R,10.0,897.0,5.0,7.0,6.0,1.0,5.0,1.0,67.4,31.0
2026,17,2026-07-05,Callum,Wilkie,St Kilda,FB,3.0,281.0,6.0,6.0,2.0,0.0,2.0,0.0,85.7,18.0
2026,17,2026-07-05,Darcy,Wilson,St Kilda,WL,7.0,313.0,1.0,13.0,3.0,0.0,5.0,0.0,72.0,18.0
2026,17,2026-07-05,Marcus,Windhager,St Kilda,C,7.0,394.0,2.0,12.0,2.0,0.0,2.0,0.0,95.5,21.0
2026,17,2026-07-05,Mason,Wood,St Kilda,FPL,3.0,422.0,5.0,12.0,3.0,0.0,6.0,0.0,74.1,20.0
2026,17,2026-07-05,Aliir,Aliir,Port Adelaide,CHB,1.0,120.0,8.0,1.0,1.0,0.0,4.0,0.0,84.6,11.0
2026,17,2026-07-05,Xavier,Bamert,Port Adelaide,HFFL,1.0,24.0,1.0,14.0,1.0,0.0,0.0,0.0,100.0,2.0
2026,17,2026-07-05,Miles,Bergman,Port Adelaide,INT,1.0,336.0,4.0,11.0,3.0,0.0,4.0,0.0,71.4,10.0
2026,17,2026-07-05,Joe,Berry,Port Adelaide,INT,2.0,64.0,1.0,17.0,4.0,0.0,0.0,0.0,50.0,2.0
2026,17,2026-07-05,Jase,Burgoyne,Port Adelaide,INT,5.0,351.0,8.0,7.0,4.0,1.0,5.0,1.0,71.4,15.0
2026,17,2026-07-05,Zak,Butters,Port Adelaide,RR,7.0,568.0,5.0,26.0,6.0,2.0,7.0,1.0,76.9,20.0
2026,17,2026-07-05,Darcy,Byrne-Jones,Port Adelaide,HBFL,6.0,383.0,7.0,21.0,2.0,0.0,7.0,0.0,66.7,16.0
2026,17,2026-07-05,Willem,Drew,Port Adelaide,WR,4.0,283.0,3.0,10.0,7.0,0.0,5.0,2.0,69.2,9.0
2026,17,2026-07-05,Corey,Durdin,Port Adelaide,FPL,3.0,156.0,0.0,10.0,2.0,0.0,0.0,0.0,50.0,3.0
2026,17,2026-07-05,Logan,Evans,Port Adelaide,BPL,2.0,402.0,7.0,17.0,7.0,0.0,4.0,0.0,70.6,12.0
2026,17,2026-07-05,Mitch,Georgiades,Port Adelaide,CHF,8.0,277.0,1.0,8.0,1.0,0.0,1.0,0.0,60.0,6.0
2026,17,2026-07-05,Jason,Horne-Francis,Port Adelaide,C,5.0,282.0,3.0,13.0,5.0,5.0,6.0,0.0,79.2,19.0
2026,17,2026-07-05,Lachie,Jones,Port Adelaide,HBFR,2.0,409.0,4.0,8.0,1.0,0.0,2.0,0.0,100.0,15.0
2026,17,2026-07-05,Josh,Lai,Port Adelaide,BPR,3.0,447.0,5.0,8.0,4.0,0.0,2.0,0.0,85.7,12.0
2026,17,2026-07-05,Jack,Lukosius,Port Adelaide,WL,4.0,302.0,3.0,15.0,4.0,0.0,4.0,0.0,81.8,9.0
2026,17,2026-07-05,Jackson,Mead,Port Adelaide,INT,2.0,249.0,1.0,17.0,2.0,1.0,4.0,0.0,63.6,7.0
2026,17,2026-07-05,Joe,Richards,Port Adelaide,HFFR,6.0,349.0,3.0,30.0,4.0,0.0,4.0,2.0,50.0,7.0
2026,17,2026-07-05,Jordon,Sweet,Port Adelaide,RK,4.0,210.0,0.0,9.0,1.0,2.0,1.0,0.0,66.7,6.0
2026,17,2026-07-05,Dante,Visentini,Port Adelaide,FPR,0.0,71.0,0.0,12.0,1.0,0.0,1.0,0.0,75.0,3.0
2026,17,2026-07-05,Jack,Whitlock,Port Adelaide,FF,6.0,98.0,1.0,16.0,3.0,0.0,0.0,1.0,88.9,8.0
2026,17,2026-07-05,Ollie,Wines,Port Adelaide,R,5.0,327.0,3.0,13.0,6.0,1.0,4.0,1.0,77.3,17.0
2026,17,2026-07-05,Mitch,Zadow,Port Adelaide,INT,2.0,120.0,1.0,13.0,1.0,0.0,1.0,0.0,40.0,2.0
2026,17,2026-07-05,Brandon,Zerk-Thatcher,Port Adelaide,FB,1.0,71.0,2.0,4.0,1.0,0.0,2.0,0.0,71.4,5.0
2026,17,2026-07-05,Tom,Blamires,North Melbourne,HBFR,2.0,428.0,4.0,10.0,4.0,1.0,4.0,0.0,77.3,17.0
2026,17,2026-07-05,Charlie,Comben,North Melbourne,FB,0.0,292.0,8.0,6.0,2.0,0.0,3.0,0.0,95.0,19.0
2026,17,2026-07-05,Aidan,Corr,North Melbourne,BPL,1.0,221.0,3.0,5.0,1.0,0.0,0.0,0.0,100.0,13.0
2026,17,2026-07-05,Caleb,Daniel,North Melbourne,CHB,3.0,378.0,4.0,7.0,3.0,0.0,5.0,0.0,78.9,15.0
2026,17,2026-07-05,Jack,Darling,North Melbourne,FPR,4.0,164.0,1.0,4.0,2.0,0.0,2.0,0.0,57.1,4.0
2026,17,2026-07-05,Luke,Davies-Uniacke,North Melbourne,C,7.0,523.0,3.0,13.0,3.0,2.0,12.0,0.0,71.0,22.0
2026,17,2026-07-05,Wil,Dawson,North Melbourne,INT,2.0,34.0,0.0,6.0,0.0,0.0,0.0,0.0,100.0,2.0
2026,17,2026-07-05,Josh,Goater,North Melbourne,HBFL,0.0,240.0,5.0,2.0,3.0,0.0,3.0,0.0,81.3,13.0
2026,17,2026-07-05,Cooper,Harvey,North Melbourne,INT,1.0,299.0,9.0,3.0,7.0,0.0,7.0,0.0,92.0,23.0
2026,17,2026-07-05,Jacob,Konstanty,North Melbourne,HFFR,0.0,37.0,1.0,12.0,1.0,0.0,2.0,0.0,80.0,4.0
2026,17,2026-07-05,Nick,Larkey,North Melbourne,FF,4.0,105.0,2.0,6.0,1.0,0.0,2.0,0.0,75.0,6.0
2026,17,2026-07-05,Luke,McDonald,North Melbourne,WR,1.0,195.0,5.0,7.0,2.0,0.0,5.0,0.0,86.7,13.0
2026,17,2026-07-05,Colby,McKercher,North Melbourne,INT,3.0,436.0,2.0,12.0,6.0,0.0,2.0,1.0,67.9,19.0
2026,17,2026-07-05,Finn,O'Sullivan,North Melbourne,HFFL,3.0,115.0,1.0,15.0,3.0,0.0,3.0,0.0,62.5,10.0
2026,17,2026-07-05,Luke,Parker,North Melbourne,BPR,0.0,476.0,6.0,5.0,4.0,0.0,3.0,0.0,100.0,27.0
2026,17,2026-07-05,Harry,Sheezel,North Melbourne,R,5.0,499.0,4.0,25.0,5.0,1.0,8.0,1.0,65.0,26.0
2026,17,2026-07-05,Jy,Simpkin,North Melbourne,WL,3.0,201.0,4.0,8.0,1.0,0.0,4.0,0.0,69.2,9.0
2026,17,2026-07-05,Charlie,Spargo,North Melbourne,FPL,1.0,104.0,0.0,9.0,5.0,0.0,2.0,0.0,53.8,7.0
2026,17,2026-07-05,Dylan,Stephens,North Melbourne,INT,2.0,228.0,4.0,7.0,9.0,0.0,6.0,0.0,55.6,10.0
2026,17,2026-07-05,Cooper,Trembath,North Melbourne,CHF,1.0,85.0,0.0,10.0,1.0,0.0,4.0,1.0,77.8,7.0
2026,17,2026-07-05,George,Wardlaw,North Melbourne,RR,3.0,214.0,3.0,21.0,4.0,2.0,4.0,1.0,66.7,8.0
2026,17,2026-07-05,Tristan,Xerri,North Melbourne,RK,1.0,114.0,3.0,8.0,2.0,0.0,7.0,2.0,50.0,6.0
2026,17,2026-07-05,Cameron,Zurhaar,North Melbourne,INT,3.0,135.0,0.0,7.0,2.0,0.0,2.0,1.0,66.7,6.0
2026,18,2026-07-09,Jye,Amiss,Fremantle,FF,6.0,228.0,1.0,4.0,2.0,0.0,1.0,0.0,62.5,5.0
2026,18,2026-07-09,Shai,Bolton,Fremantle,R,7.0,666.0,1.0,14.0,2.0,2.0,5.0,1.0,65.2,15.0
2026,18,2026-07-09,Andrew,Brayshaw,Fremantle,C,10.0,440.0,3.0,22.0,1.0,1.0,9.0,3.0,80.0,20.0
2026,18,2026-07-09,Heath,Chapman,Fremantle,BPR,3.0,60.0,0.0,10.0,1.0,0.0,1.0,1.0,88.9,8.0
2026,18,2026-07-09,Jordan,Clark,Fremantle,HBFL,8.0,619.0,3.0,9.0,3.0,0.0,3.0,0.0,87.0,20.0
2026,18,2026-07-09,Brennan,Cox,Fremantle,BPL,2.0,33.0,4.0,5.0,1.0,0.0,3.0,0.0,100.0,6.0
2026,18,2026-07-09,Mason,Cox,Fremantle,INT,5.0,209.0,4.0,5.0,4.0,2.0,0.0,0.0,80.0,8.0
2026,18,2026-07-09,Isaiah,Dudley,Fremantle,INT,4.0,202.0,3.0,15.0,3.0,0.0,4.0,1.0,55.6,5.0
2026,18,2026-07-09,Neil,Erasmus,Fremantle,INT,5.0,361.0,2.0,10.0,6.0,0.0,2.0,0.0,84.2,16.0
2026,18,2026-07-09,Michael,Frederick,Fremantle,CHF,8.0,444.0,3.0,5.0,4.0,0.0,1.0,1.0,58.8,10.0
2026,18,2026-07-09,Luke,Jackson,Fremantle,RK,8.0,87.0,3.0,12.0,4.0,3.0,7.0,1.0,70.6,12.0
2026,18,2026-07-09,Matthew,Johnson,Fremantle,WL,10.0,243.0,3.0,18.0,2.0,2.0,7.0,0.0,79.2,19.0
2026,18,2026-07-09,Judd,McVee,Fremantle,INT,5.0,341.0,3.0,3.0,0.0,0.0,2.0,0.0,94.1,16.0
2026,18,2026-07-09,Nathan,O'Driscoll,Fremantle,WR,5.0,338.0,1.0,12.0,2.0,0.0,3.0,1.0,73.7,14.0
2026,18,2026-07-09,Jaeger,O'Meara,Fremantle,INT,4.0,179.0,2.0,12.0,1.0,1.0,3.0,0.0,83.3,10.0
2026,18,2026-07-09,Alex,Pearce,Fremantle,FB,4.0,114.0,9.0,2.0,0.0,0.0,4.0,0.0,100.0,9.0
2026,18,2026-07-09,Murphy,Reid,Fremantle,HFFL,12.0,254.0,3.0,24.0,3.0,1.0,6.0,1.0,85.7,24.0
2026,18,2026-07-09,Luke,Ryan,Fremantle,CHB,2.0,227.0,5.0,6.0,3.0,0.0,5.0,0.0,81.3,13.0
2026,18,2026-07-09,Caleb,Serong,Fremantle,RR,6.0,457.0,2.0,21.0,8.0,3.0,5.0,1.0,78.6,22.0
2026,18,2026-07-09,Sam,Switkowski,Fremantle,HFFR,4.0,188.0,4.0,14.0,3.0,0.0,5.0,0.0,38.5,5.0
2026,18,2026-07-09,Josh,Treacy,Fremantle,FPR,9.0,415.0,1.0,11.0,4.0,0.0,7.0,2.0,38.9,7.0
2026,18,2026-07-09,Patrick,Voss,Fremantle,FPL,7.0,248.0,1.0,7.0,3.0,0.0,4.0,2.0,54.5,6.0
2026,18,2026-07-09,Karl,Worner,Fremantle,HBFR,6.0,424.0,5.0,10.0,2.0,0.0,6.0,0.0,90.0,18.0
2026,18,2026-07-09,Nick,Blakey,Sydney Swans,CHB,4.0,729.0,6.0,5.0,6.0,0.0,2.0,0.0,76.0,19.0
2026,18,2026-07-09,Caiden,Cleary,Sydney Swans,INT,1.0,8.0,0.0,15.0,1.0,0.0,2.0,1.0,80.0,4.0
2026,18,2026-07-09,Harry,Cunningham,Sydney Swans,HBFR,0.0,126.0,4.0,9.0,1.0,0.0,2.0,0.0,87.5,7.0
2026,18,2026-07-09,Charlie,Curnow,Sydney Swans,FF,9.0,271.0,3.0,9.0,2.0,0.0,3.0,2.0,64.3,9.0
2026,18,2026-07-09,William,Edwards,Sydney Swans,FB,3.0,291.0,6.0,6.0,3.0,0.0,5.0,0.0,50.0,6.0
2026,18,2026-07-09,Brodie,Grundy,Sydney Swans,RK,4.0,30.0,3.0,17.0,1.0,1.0,6.0,1.0,68.8,11.0
2026,18,2026-07-09,Errol,Gulden,Sydney Swans,C,5.0,622.0,4.0,23.0,5.0,0.0,9.0,1.0,63.3,19.0
2026,18,2026-07-09,Joel,Hamling,Sydney Swans,INT,1.0,6.0,0.0,8.0,1.0,0.0,0.0,0.0,0.0,0.0
2026,18,2026-07-09,Tom,Hanily,Sydney Swans,INT,3.0,208.0,1.0,9.0,4.0,0.0,1.0,0.0,85.7,6.0
2026,18,2026-07-09,Isaac,Heeney,Sydney Swans,RR,7.0,388.0,1.0,16.0,3.0,1.0,4.0,1.0,76.0,19.0
2026,18,2026-07-09,James,Jordon,Sydney Swans,HFFL,3.0,153.0,2.0,23.0,2.0,1.0,3.0,0.0,90.9,10.0
2026,18,2026-07-09,Harry,Kyle,Sydney Swans,INT,2.0,207.0,2.0,14.0,2.0,0.0,2.0,0.0,86.7,13.0
2026,18,2026-07-09,Jake,Lloyd,Sydney Swans,CHF,5.0,326.0,3.0,11.0,5.0,0.0,5.0,0.0,75.0,15.0
2026,18,2026-07-09,Tom,McCartin,Sydney Swans,BPR,3.0,335.0,7.0,9.0,1.0,0.0,3.0,0.0,82.6,19.0
2026,18,2026-07-09,Hayden,McLean,Sydney Swans,FPR,3.0,20.0,0.0,9.0,1.0,0.0,4.0,0.0,83.3,5.0
2026,18,2026-07-09,Callum,Mills,Sydney Swans,BPL,3.0,441.0,6.0,10.0,6.0,0.0,6.0,0.0,88.5,23.0
2026,18,2026-07-09,Tom,Papley,Sydney Swans,FPL,5.0,253.0,0.0,10.0,4.0,0.0,2.0,1.0,70.0,7.0
2026,18,2026-07-09,Dane,Rampe,Sydney Swans,HBFL,0.0,249.0,4.0,6.0,5.0,0.0,2.0,0.0,81.8,9.0
2026,18,2026-07-09,Matt,Roberts,Sydney Swans,WL,7.0,325.0,2.0,18.0,1.0,3.0,2.0,0.0,80.0,12.0
2026,18,2026-07-09,James,Rowbottom,Sydney Swans,HFFR,6.0,209.0,4.0,24.0,2.0,2.0,7.0,1.0,72.2,13.0
2026,18,2026-07-09,Jai,Serong,Sydney Swans,WR,1.0,160.0,2.0,18.0,1.0,0.0,1.0,0.0,81.8,9.0
2026,18,2026-07-09,Angus,Sheldrick,Sydney Swans,INT,1.0,184.0,0.0,15.0,2.0,0.0,1.0,1.0,87.5,7.0
2026,18,2026-07-09,Chad,Warner,Sydney Swans,R,8.0,680.0,3.0,25.0,7.0,2.0,6.0,1.0,47.8,11.0
2026,18,2026-07-10,Edward,Allan,Collingwood,C,5.0,131.0,1.0,24.0,2.0,1.0,6.0,0.0,82.4,14.0
2026,18,2026-07-10,Angus,Anderson,Collingwood,HFFL,3.0,121.0,1.0,15.0,0.0,0.0,4.0,5.0,62.5,5.0
2026,18,2026-07-10,Jack,Buller,Collingwood,FPR,2.0,63.0,1.0,4.0,4.0,0.0,3.0,1.0,50.0,3.0
2026,18,2026-07-10,Darcy,Cameron,Collingwood,RK,8.0,191.0,3.0,13.0,3.0,6.0,6.0,1.0,73.1,19.0
2026,18,2026-07-10,Jack,Crisp,Collingwood,INT,3.0,232.0,2.0,21.0,1.0,0.0,7.0,0.0,76.9,10.0
2026,18,2026-07-10,Josh,Daicos,Collingwood,CHB,6.0,631.0,2.0,18.0,4.0,0.0,4.0,0.0,84.8,28.0
2026,18,2026-07-10,Nick,Daicos,Collingwood,CHF,8.0,508.0,2.0,20.0,4.0,2.0,4.0,0.0,75.0,21.0
2026,18,2026-07-10,Jordan,De Goey,Collingwood,R,5.0,612.0,2.0,9.0,6.0,1.0,8.0,0.0,69.0,20.0
2026,18,2026-07-10,Billy,Frampton,Collingwood,BPL,2.0,98.0,8.0,3.0,2.0,0.0,4.0,0.0,85.7,12.0
2026,18,2026-07-10,Dan,Houston,Collingwood,HBFL,4.0,294.0,7.0,13.0,4.0,0.0,4.0,0.0,80.0,16.0
2026,18,2026-07-10,Jeremy,Howe,Collingwood,FB,3.0,443.0,6.0,3.0,0.0,0.0,3.0,0.0,90.9,20.0
2026,18,2026-07-10,Patrick,Lipinski,Collingwood,WL,8.0,266.0,0.0,8.0,1.0,1.0,4.0,2.0,78.9,15.0
2026,18,2026-07-10,Ned,Long,Collingwood,RR,4.0,236.0,2.0,29.0,3.0,0.0,3.0,1.0,64.7,11.0
2026,18,2026-07-10,Brayden,Maynard,Collingwood,BPR,5.0,396.0,2.0,12.0,3.0,0.0,0.0,0.0,66.7,10.0
2026,18,2026-07-10,Beau,McCreery,Collingwood,HFFR,3.0,78.0,3.0,15.0,6.0,0.0,6.0,1.0,88.9,8.0
2026,18,2026-07-10,Daniel,McStay,Collingwood,INT,6.0,136.0,0.0,10.0,1.0,0.0,4.0,3.0,91.7,11.0
2026,18,2026-07-10,Tim,Membrey,Collingwood,FPL,4.0,176.0,0.0,3.0,2.0,0.0,2.0,0.0,81.8,9.0
2026,18,2026-07-10,Scott,Pendlebury,Collingwood,INT,9.0,266.0,0.0,11.0,0.0,0.0,3.0,0.0,78.9,15.0
2026,18,2026-07-10,Harry,Perryman,Collingwood,HBFR,3.0,461.0,3.0,11.0,3.0,0.0,2.0,0.0,94.1,16.0
2026,18,2026-07-10,Liam,Puncher,Collingwood,INT,1.0,153.0,3.0,4.0,1.0,0.0,2.0,0.0,100.0,10.0
2026,18,2026-07-10,Lachie,Schultz,Collingwood,FF,5.0,48.0,0.0,2.0,0.0,0.0,0.0,1.0,100.0,5.0
2026,18,2026-07-10,Steele,Sidebottom,Collingwood,WR,3.0,306.0,1.0,12.0,4.0,0.0,3.0,0.0,65.0,13.0
2026,18,2026-07-10,Sam,Swadling,Collingwood,INT,4.0,284.0,3.0,4.0,3.0,0.0,2.0,0.0,64.3,9.0
2026,18,2026-07-10,Zac,Banch,North Melbourne,INT,4.0,182.0,1.0,12.0,0.0,0.0,2.0,3.0,75.0,6.0
2026,18,2026-07-10,Tom,Blamires,North Melbourne,WL,0.0,67.0,0.0,7.0,2.0,0.0,1.0,0.0,25.0,1.0
2026,18,2026-07-10,Charlie,Comben,North Melbourne,FB,0.0,197.0,3.0,6.0,1.0,0.0,0.0,0.0,66.7,2.0
2026,18,2026-07-10,Aidan,Corr,North Melbourne,BPL,2.0,300.0,9.0,7.0,2.0,0.0,4.0,0.0,82.4,14.0
2026,18,2026-07-10,Paul,Curtis,North Melbourne,HFFL,5.0,146.0,1.0,13.0,2.0,0.0,3.0,1.0,60.0,6.0
2026,18,2026-07-10,Caleb,Daniel,North Melbourne,CHB,2.0,191.0,0.0,11.0,3.0,0.0,1.0,1.0,71.4,10.0
2026,18,2026-07-10,Jack,Darling,North Melbourne,INT,7.0,114.0,0.0,12.0,1.0,0.0,2.0,3.0,70.0,7.0
2026,18,2026-07-10,Luke,Davies-Uniacke,North Melbourne,C,9.0,198.0,2.0,18.0,2.0,4.0,7.0,0.0,86.4,19.0
2026,18,2026-07-10,Riley,Hardeman,North Melbourne,INT,7.0,306.0,4.0,9.0,2.0,0.0,0.0,0.0,80.0,12.0
2026,18,2026-07-10,Cooper,Harvey,North Melbourne,INT,2.0,202.0,1.0,2.0,1.0,0.0,0.0,0.0,75.0,9.0
2026,18,2026-07-10,Nick,Larkey,North Melbourne,FF,8.0,339.0,0.0,4.0,4.0,0.0,3.0,1.0,50.0,8.0
2026,18,2026-07-10,Luke,McDonald,North Melbourne,HBFL,4.0,396.0,3.0,3.0,1.0,0.0,2.0,0.0,93.3,14.0
2026,18,2026-07-10,Colby,McKercher,North Melbourne,HBFR,4.0,418.0,0.0,13.0,4.0,0.0,2.0,0.0,65.0,13.0
2026,18,2026-07-10,Finn,O'Sullivan,North Melbourne,RR,6.0,192.0,0.0,26.0,1.0,1.0,8.0,0.0,78.9,15.0
2026,18,2026-07-10,Luke,Parker,North Melbourne,BPR,5.0,562.0,8.0,8.0,4.0,0.0,2.0,0.0,84.6,22.0
2026,18,2026-07-10,Harry,Sheezel,North Melbourne,R,7.0,366.0,2.0,30.0,3.0,0.0,8.0,2.0,71.4,20.0
2026,18,2026-07-10,Jy,Simpkin,North Melbourne,INT,9.0,386.0,3.0,16.0,5.0,2.0,6.0,0.0,78.1,25.0
2026,18,2026-07-10,Charlie,Spargo,North Melbourne,HFFR,4.0,118.0,1.0,12.0,0.0,0.0,2.0,1.0,76.9,10.0
2026,18,2026-07-10,Dylan,Stephens,North Melbourne,WR,5.0,439.0,4.0,8.0,2.0,0.0,5.0,0.0,85.0,17.0
2026,18,2026-07-10,Cooper,Trembath,North Melbourne,CHF,6.0,116.0,2.0,11.0,2.0,1.0,8.0,0.0,80.0,12.0
2026,18,2026-07-10,Matt,Whitlock,North Melbourne,FPR,2.0,113.0,0.0,3.0,1.0,0.0,1.0,0.0,71.4,5.0
2026,18,2026-07-10,Tristan,Xerri,North Melbourne,RK,7.0,336.0,3.0,17.0,3.0,1.0,2.0,2.0,50.0,11.0
2026,18,2026-07-10,Cameron,Zurhaar,North Melbourne,FPL,4.0,512.0,10.0,5.0,6.0,0.0,5.0,0.0,70.8,17.0
2026,18,2026-07-11,Ryan,Byrnes,St Kilda,HBFR,3.0,127.0,6.0,7.0,2.0,1.0,9.0,0.0,77.8,14.0
2026,18,2026-07-11,Anthony,Caminiti,St Kilda,BPR,2.0,45.0,2.0,8.0,1.0,0.0,3.0,3.0,57.1,4.0
2026,18,2026-07-11,Hugo,Garcia,St Kilda,RR,8.0,353.0,1.0,14.0,4.0,4.0,11.0,0.0,75.0,24.0
2026,18,2026-07-11,Max,Hall,St Kilda,HFFR,4.0,314.0,1.0,21.0,3.0,1.0,3.0,2.0,73.7,14.0
2026,18,2026-07-11,Angus,Hastie,St Kilda,CHB,2.0,173.0,1.0,6.0,2.0,0.0,0.0,0.0,66.7,6.0
2026,18,2026-07-11,Liam,Henry,St Kilda,INT,3.0,125.0,0.0,9.0,3.0,0.0,1.0,1.0,55.6,5.0
2026,18,2026-07-11,Jack,Higgins,St Kilda,HFFL,7.0,270.0,1.0,4.0,1.0,0.0,1.0,0.0,53.8,7.0
2026,18,2026-07-11,Bradley,Hill,St Kilda,HBFL,7.0,631.0,5.0,8.0,5.0,0.0,5.0,0.0,79.5,31.0
2026,18,2026-07-11,Campbell,Lake,St Kilda,INT,4.0,153.0,2.0,15.0,2.0,0.0,5.0,4.0,76.9,10.0
2026,18,2026-07-11,Rowan,Marshall,St Kilda,RK,7.0,286.0,3.0,6.0,6.0,3.0,1.0,2.0,62.1,18.0
2026,18,2026-07-11,Liam,O'Connell,St Kilda,WR,1.0,49.0,5.0,5.0,0.0,0.0,4.0,0.0,100.0,12.0
2026,18,2026-07-11,Mitch,Owens,St Kilda,FPR,2.0,202.0,2.0,6.0,3.0,0.0,4.0,1.0,66.7,6.0
2026,18,2026-07-11,Mattaes,Phillipou,St Kilda,INT,4.0,240.0,2.0,17.0,2.0,1.0,7.0,0.0,91.7,22.0
2026,18,2026-07-11,Liam,Ryan,St Kilda,CHF,5.0,98.0,1.0,4.0,0.0,0.0,1.0,0.0,66.7,4.0
2026,18,2026-07-11,Cooper,Sharman,St Kilda,FF,7.0,165.0,1.0,6.0,0.0,0.0,3.0,1.0,88.9,8.0
2026,18,2026-07-11,Jack,Silvagni,St Kilda,BPL,3.0,249.0,7.0,4.0,2.0,0.0,6.0,0.0,95.5,21.0
2026,18,2026-07-11,Liam,Stocker,St Kilda,INT,2.0,183.0,4.0,1.0,1.0,0.0,2.0,0.0,94.1,16.0
2026,18,2026-07-11,Tobie,Travaglia,St Kilda,INT,2.0,63.0,1.0,4.0,1.0,0.0,2.0,0.0,90.9,10.0
2026,18,2026-07-11,Nasiah,Wanganeen-Milera,St Kilda,R,8.0,744.0,4.0,11.0,3.0,1.0,4.0,1.0,81.3,26.0
2026,18,2026-07-11,Callum,Wilkie,St Kilda,FB,3.0,425.0,13.0,5.0,2.0,0.0,6.0,0.0,97.1,33.0
2026,18,2026-07-11,Darcy,Wilson,St Kilda,WL,3.0,410.0,0.0,15.0,2.0,1.0,4.0,3.0,69.6,16.0
2026,18,2026-07-11,Marcus,Windhager,St Kilda,C,2.0,253.0,4.0,6.0,7.0,0.0,6.0,0.0,74.1,20.0
2026,18,2026-07-11,Mason,Wood,St Kilda,FPL,3.0,374.0,1.0,8.0,4.0,0.0,2.0,1.0,78.3,18.0
2026,18,2026-07-11,Aliir,Aliir,Port Adelaide,CHB,2.0,468.0,12.0,1.0,2.0,0.0,6.0,0.0,75.0,12.0
2026,18,2026-07-11,Xavier,Bamert,Port Adelaide,INT,7.0,301.0,2.0,11.0,1.0,1.0,4.0,1.0,91.7,11.0
2026,18,2026-07-11,Miles,Bergman,Port Adelaide,INT,3.0,607.0,10.0,3.0,8.0,0.0,4.0,0.0,71.4,15.0
2026,18,2026-07-11,Joe,Berry,Port Adelaide,HFFR,4.0,164.0,0.0,10.0,2.0,0.0,2.0,1.0,28.6,2.0
2026,18,2026-07-11,Jase,Burgoyne,Port Adelaide,WR,5.0,295.0,8.0,13.0,5.0,0.0,3.0,0.0,95.0,19.0
2026,18,2026-07-11,Zak,Butters,Port Adelaide,RR,5.0,493.0,2.0,11.0,5.0,2.0,3.0,0.0,69.2,18.0
2026,18,2026-07-11,Darcy,Byrne-Jones,Port Adelaide,HBFL,2.0,234.0,7.0,7.0,0.0,0.0,7.0,0.0,76.2,16.0
2026,18,2026-07-11,Willem,Drew,Port Adelaide,R,4.0,300.0,2.0,21.0,4.0,3.0,6.0,1.0,73.3,11.0
2026,18,2026-07-11,Corey,Durdin,Port Adelaide,FPL,5.0,166.0,0.0,9.0,4.0,0.0,6.0,0.0,72.7,8.0
2026,18,2026-07-11,Logan,Evans,Port Adelaide,FB,5.0,366.0,3.0,6.0,2.0,0.0,2.0,0.0,76.5,13.0
2026,18,2026-07-11,Kane,Farrell,Port Adelaide,BPL,4.0,381.0,0.0,9.0,2.0,0.0,2.0,0.0,80.0,12.0
2026,18,2026-07-11,Mitch,Georgiades,Port Adelaide,CHF,0.0,-5.0,0.0,2.0,0.0,0.0,0.0,0.0,100.0,1.0
2026,18,2026-07-11,Jason,Horne-Francis,Port Adelaide,C,6.0,353.0,0.0,9.0,6.0,4.0,6.0,0.0,60.9,14.0
2026,18,2026-07-11,Lachie,Jones,Port Adelaide,HBFR,1.0,84.0,2.0,5.0,1.0,0.0,2.0,0.0,16.7,1.0
2026,18,2026-07-11,Josh,Lai,Port Adelaide,BPR,2.0,249.0,3.0,8.0,2.0,0.0,2.0,0.0,100.0,9.0
2026,18,2026-07-11,Jack,Lukosius,Port Adelaide,WL,2.0,161.0,0.0,3.0,2.0,0.0,1.0,0.0,75.0,6.0
2026,18,2026-07-11,Jackson,Mead,Port Adelaide,INT,3.0,196.0,0.0,14.0,3.0,1.0,0.0,0.0,66.7,8.0
2026,18,2026-07-11,Joe,Richards,Port Adelaide,FPR,3.0,244.0,1.0,26.0,7.0,1.0,5.0,1.0,47.4,9.0
2026,18,2026-07-11,Jordon,Sweet,Port Adelaide,RK,6.0,220.0,0.0,14.0,3.0,2.0,5.0,0.0,36.4,4.0
2026,18,2026-07-11,Dante,Visentini,Port Adelaide,HFFL,4.0,40.0,1.0,11.0,0.0,0.0,3.0,0.0,85.7,6.0
2026,18,2026-07-11,Jacob,Wehr,Port Adelaide,INT,1.0,136.0,0.0,15.0,2.0,0.0,1.0,0.0,83.3,5.0
2026,18,2026-07-11,Jack,Whitlock,Port Adelaide,FF,4.0,193.0,2.0,8.0,2.0,0.0,1.0,0.0,42.9,3.0
2026,18,2026-07-11,Ollie,Wines,Port Adelaide,INT,2.0,126.0,2.0,11.0,3.0,0.0,7.0,0.0,83.3,15.0
2026,18,2026-07-11,Ryan,Angwin,GWS GIANTS,WL,3.0,259.0,3.0,18.0,1.0,1.0,6.0,0.0,78.6,11.0
2026,18,2026-07-11,Lachie,Ash,GWS GIANTS,CHB,6.0,777.0,5.0,8.0,1.0,0.0,3.0,0.0,86.7,26.0
2026,18,2026-07-11,Toby,Bedford,GWS GIANTS,RR,5.0,287.0,1.0,25.0,4.0,1.0,6.0,1.0,73.9,17.0
2026,18,2026-07-11,Kieren,Briggs,GWS GIANTS,RK,5.0,258.0,3.0,14.0,4.0,1.0,8.0,0.0,57.9,11.0
2026,18,2026-07-11,Callum,Brown,GWS GIANTS,FPR,9.0,206.0,2.0,7.0,1.0,0.0,3.0,1.0,92.3,12.0
2026,18,2026-07-11,Aaron,Cadman,GWS GIANTS,FPL,4.0,202.0,2.0,9.0,1.0,0.0,4.0,1.0,62.5,5.0
2026,18,2026-07-11,Finn,Callaghan,GWS GIANTS,R,4.0,310.0,0.0,13.0,1.0,1.0,3.0,0.0,68.4,13.0
2026,18,2026-07-11,Stephen,Coniglio,GWS GIANTS,HFFL,5.0,233.0,1.0,5.0,2.0,1.0,3.0,1.0,64.3,9.0
2026,18,2026-07-11,Joe,Fonti,GWS GIANTS,HBFR,2.0,204.0,7.0,13.0,2.0,0.0,4.0,0.0,81.3,13.0
2026,18,2026-07-11,Phoenix,Gothard,GWS GIANTS,INT,3.0,126.0,0.0,12.0,2.0,1.0,3.0,3.0,62.5,5.0
2026,18,2026-07-11,Toby,Greene,GWS GIANTS,CHF,8.0,706.0,0.0,11.0,6.0,4.0,14.0,1.0,54.5,18.0
2026,18,2026-07-11,Riley,Hamilton,GWS GIANTS,HFFR,7.0,256.0,1.0,14.0,4.0,0.0,4.0,0.0,66.7,10.0
2026,18,2026-07-11,Harry,Himmelberg,GWS GIANTS,HBFL,1.0,381.0,7.0,11.0,6.0,1.0,7.0,0.0,87.0,20.0
2026,18,2026-07-11,Connor,Idun,GWS GIANTS,BPL,1.0,139.0,7.0,9.0,3.0,0.0,4.0,0.0,68.2,15.0
2026,18,2026-07-11,Jayden,Laverde,GWS GIANTS,BPR,4.0,86.0,7.0,8.0,2.0,0.0,6.0,0.0,71.4,10.0
2026,18,2026-07-11,Xavier,O'Halloran,GWS GIANTS,INT,5.0,393.0,2.0,21.0,5.0,0.0,4.0,0.0,33.3,5.0
2026,18,2026-07-11,Clayton,Oliver,GWS GIANTS,C,2.0,694.0,1.0,15.0,10.0,1.0,16.0,0.0,63.9,23.0
2026,18,2026-07-11,Harrison,Oliver,GWS GIANTS,INT,4.0,257.0,3.0,4.0,2.0,0.0,1.0,0.0,85.7,12.0
2026,18,2026-07-11,Jack,Ough,GWS GIANTS,INT,2.0,134.0,1.0,12.0,1.0,1.0,3.0,0.0,53.8,7.0
2026,18,2026-07-11,Harry,Rowston,GWS GIANTS,INT,3.0,333.0,1.0,14.0,5.0,0.0,3.0,1.0,68.8,11.0
2026,18,2026-07-11,Jake,Stringer,GWS GIANTS,FF,7.0,173.0,1.0,9.0,1.0,1.0,5.0,0.0,55.6,5.0
2026,18,2026-07-11,Sam,Taylor,GWS GIANTS,FB,4.0,323.0,11.0,10.0,3.0,0.0,4.0,0.0,71.4,15.0
2026,18,2026-07-11,Harvey,Thomas,GWS GIANTS,WR,0.0,202.0,5.0,11.0,7.0,0.0,2.0,0.0,66.7,8.0
2026,18,2026-07-11,Tom,Atkins,Geelong Cats,FPL,3.0,195.0,3.0,30.0,4.0,0.0,10.0,1.0,52.6,10.0
2026,18,2026-07-11,Mark,Blicavs,Geelong Cats,RK,1.0,162.0,6.0,13.0,2.0,1.0,6.0,0.0,69.2,9.0
2026,18,2026-07-11,Jack,Bowes,Geelong Cats,INT,2.0,321.0,1.0,14.0,3.0,0.0,3.0,0.0,64.3,9.0
2026,18,2026-07-11,Tanner,Bruhn,Geelong Cats,HBFR,1.0,320.0,4.0,4.0,2.0,1.0,5.0,0.0,92.3,12.0
2026,18,2026-07-11,Jeremy,Cameron,Geelong Cats,CHF,2.0,598.0,4.0,4.0,7.0,0.0,1.0,0.0,63.2,12.0
2026,18,2026-07-11,Patrick,Dangerfield,Geelong Cats,HFFL,6.0,159.0,0.0,8.0,1.0,0.0,3.0,0.0,66.7,8.0
2026,18,2026-07-11,Sam,De Koning,Geelong Cats,INT,0.0,39.0,2.0,9.0,1.0,1.0,4.0,0.0,81.8,9.0
2026,18,2026-07-11,Oliver,Dempsey,Geelong Cats,WL,3.0,475.0,7.0,17.0,4.0,0.0,7.0,0.0,72.7,16.0
2026,18,2026-07-11,Zach,Guthrie,Geelong Cats,INT,1.0,163.0,5.0,12.0,1.0,0.0,4.0,0.0,75.0,6.0
2026,18,2026-07-11,Jack,Henry,Geelong Cats,FB,2.0,20.0,0.0,5.0,1.0,0.0,1.0,1.0,66.7,2.0
2026,18,2026-07-11,Oliver,Henry,Geelong Cats,INT,5.0,312.0,3.0,13.0,5.0,0.0,5.0,2.0,68.8,11.0
2026,18,2026-07-11,Max,Holmes,Geelong Cats,RR,1.0,724.0,4.0,17.0,7.0,1.0,7.0,0.0,76.5,26.0
2026,18,2026-07-11,Lawson,Humphries,Geelong Cats,BPR,0.0,494.0,6.0,15.0,3.0,0.0,6.0,0.0,72.7,16.0
2026,18,2026-07-11,Mitch,Knevitt,Geelong Cats,WR,4.0,162.0,1.0,16.0,2.0,0.0,5.0,2.0,70.0,7.0
2026,18,2026-07-11,Jake,Kolodjashnij,Geelong Cats,HBFL,1.0,147.0,5.0,9.0,2.0,0.0,4.0,0.0,80.0,8.0
2026,18,2026-07-11,Shaun,Mannagh,Geelong Cats,INT,6.0,582.0,2.0,18.0,7.0,1.0,9.0,0.0,60.6,20.0
2026,18,2026-07-11,Jack,Martin,Geelong Cats,FPR,1.0,87.0,1.0,10.0,3.0,0.0,5.0,1.0,50.0,4.0
2026,18,2026-07-11,Oisin,Mullin,Geelong Cats,R,1.0,78.0,2.0,17.0,2.0,0.0,7.0,0.0,71.4,10.0
2026,18,2026-07-11,Shannon,Neale,Geelong Cats,FF,1.0,140.0,1.0,12.0,4.0,1.0,2.0,2.0,44.4,4.0
2026,18,2026-07-11,Connor,O'Sullivan,Geelong Cats,BPL,2.0,246.0,6.0,10.0,1.0,0.0,2.0,0.0,84.6,11.0
2026,18,2026-07-11,Bailey,Smith,Geelong Cats,C,3.0,766.0,2.0,22.0,7.0,2.0,5.0,1.0,59.4,19.0
2026,18,2026-07-11,Tom,Stewart,Geelong Cats,CHB,2.0,421.0,8.0,10.0,2.0,0.0,5.0,0.0,100.0,18.0
2026,18,2026-07-11,Oliver,Wiltshire,Geelong Cats,HFFR,4.0,144.0,1.0,12.0,0.0,0.0,1.0,2.0,83.3,5.0
2026,18,2026-07-11,Ben,Ainsworth,Carlton,HFFR,2.0,248.0,1.0,20.0,2.0,0.0,2.0,1.0,54.5,6.0
2026,18,2026-07-11,Talor,Byrne,Carlton,INT,1.0,105.0,2.0,22.0,2.0,0.0,4.0,1.0,62.5,5.0
2026,18,2026-07-11,Adam,Cerra,Carlton,WL,2.0,424.0,3.0,34.0,8.0,0.0,9.0,1.0,51.9,14.0
2026,18,2026-07-11,Matthew,Cottrell,Carlton,INT,0.0,150.0,8.0,24.0,8.0,0.0,7.0,3.0,42.1,8.0
2026,18,2026-07-11,Lachlan,Cowan,Carlton,HBFL,0.0,240.0,5.0,13.0,4.0,1.0,2.0,0.0,53.8,7.0
2026,18,2026-07-11,Patrick,Cripps,Carlton,RR,1.0,293.0,4.0,29.0,8.0,2.0,14.0,0.0,42.9,9.0
2026,18,2026-07-11,Harry,Dean,Carlton,CHB,0.0,152.0,7.0,12.0,1.0,0.0,3.0,0.0,60.0,6.0
2026,18,2026-07-11,Wade,Derksen,Carlton,FB,0.0,213.0,5.0,7.0,6.0,0.0,4.0,0.0,46.2,6.0
2026,18,2026-07-11,Francis,Evans,Carlton,FPR,2.0,281.0,3.0,21.0,7.0,0.0,5.0,3.0,68.4,13.0
2026,18,2026-07-11,Oliver,Florent,Carlton,BPL,0.0,359.0,5.0,12.0,4.0,0.0,3.0,0.0,62.5,10.0
2026,18,2026-07-11,Nick,Haynes,Carlton,BPR,0.0,273.0,7.0,4.0,1.0,0.0,3.0,0.0,69.2,9.0
2026,18,2026-07-11,Will,Hayward,Carlton,HFFL,3.0,250.0,7.0,14.0,7.0,0.0,9.0,0.0,66.7,12.0
2026,18,2026-07-11,George,Hewett,Carlton,INT,0.0,72.0,3.0,5.0,4.0,1.0,5.0,0.0,33.3,3.0
2026,18,2026-07-11,Oliver,Hollands,Carlton,WR,0.0,182.0,0.0,17.0,2.0,0.0,1.0,1.0,42.9,3.0
2026,18,2026-07-11,Jack,Ison,Carlton,INT,2.0,178.0,4.0,9.0,3.0,0.0,8.0,0.0,50.0,7.0
2026,18,2026-07-11,Brodie,Kemp,Carlton,FPL,1.0,29.0,1.0,12.0,3.0,0.0,2.0,2.0,83.3,5.0
2026,18,2026-07-11,Mitch,McGovern,Carlton,CHF,2.0,251.0,0.0,6.0,5.0,0.0,0.0,0.0,50.0,6.0
2026,18,2026-07-11,Harry,McKay,Carlton,FF,0.0,93.0,1.0,5.0,1.0,0.0,0.0,1.0,54.5,6.0
2026,18,2026-07-11,Nic,Newman,Carlton,INT,0.0,517.0,8.0,18.0,6.0,0.0,3.0,0.0,77.8,21.0
2026,18,2026-07-11,Flynn,Riley,Carlton,RK,1.0,147.0,3.0,8.0,1.0,1.0,4.0,0.0,83.3,5.0
2026,18,2026-07-11,Jagga,Smith,Carlton,R,2.0,99.0,2.0,25.0,1.0,2.0,8.0,1.0,85.0,17.0
2026,18,2026-07-11,Sam,Walsh,Carlton,C,2.0,427.0,6.0,23.0,9.0,3.0,13.0,0.0,54.3,19.0
2026,18,2026-07-11,Billy,Wilson,Carlton,HBFR,0.0,323.0,6.0,23.0,3.0,0.0,5.0,0.0,75.0,12.0
2026,18,2026-07-11,Karl,Amon,Hawthorn,HBFR,2.0,104.0,2.0,12.0,2.0,0.0,4.0,0.0,66.7,8.0
2026,18,2026-07-11,Tom,Barrass,Hawthorn,FB,1.0,54.0,6.0,3.0,2.0,0.0,4.0,0.0,62.5,5.0
2026,18,2026-07-11,Mabior,Chol,Hawthorn,CHF,7.0,275.0,4.0,16.0,3.0,1.0,4.0,1.0,50.0,8.0
2026,18,2026-07-11,Massimo,D'Ambrosio,Hawthorn,WL,6.0,327.0,1.0,21.0,4.0,0.0,3.0,0.0,73.7,14.0
2026,18,2026-07-11,Will,Day,Hawthorn,C,5.0,468.0,2.0,23.0,10.0,2.0,2.0,0.0,37.5,9.0
2026,18,2026-07-11,Jack,Ginnivan,Hawthorn,FPL,10.0,161.0,3.0,21.0,2.0,0.0,10.0,1.0,64.0,16.0
2026,18,2026-07-11,Oliver,Greeves,Hawthorn,HFFR,6.0,138.0,2.0,10.0,3.0,1.0,7.0,2.0,68.8,11.0
2026,18,2026-07-11,Jack,Gunston,Hawthorn,FPR,9.0,452.0,1.0,8.0,5.0,0.0,5.0,0.0,50.0,10.0
2026,18,2026-07-11,Blake,Hardwick,Hawthorn,BPR,2.0,669.0,14.0,16.0,9.0,0.0,5.0,0.0,56.0,14.0
2026,18,2026-07-11,Matt,Hill,Hawthorn,INT,3.0,82.0,1.0,8.0,1.0,0.0,2.0,0.0,60.0,3.0
2026,18,2026-07-11,Jarman,Impey,Hawthorn,HBFL,6.0,315.0,10.0,3.0,5.0,0.0,5.0,0.0,60.0,12.0
2026,18,2026-07-11,Mitch,Lewis,Hawthorn,FF,5.0,256.0,3.0,13.0,6.0,0.0,11.0,2.0,40.9,9.0
2026,18,2026-07-11,Bailey,Macdonald,Hawthorn,INT,3.0,37.0,7.0,20.0,1.0,0.0,8.0,1.0,70.0,7.0
2026,18,2026-07-11,Connor,Macdonald,Hawthorn,INT,7.0,203.0,2.0,19.0,4.0,1.0,14.0,2.0,64.5,20.0
2026,18,2026-07-11,Cam,Mackenzie,Hawthorn,INT,2.0,309.0,1.0,9.0,5.0,1.0,7.0,1.0,47.6,10.0
2026,18,2026-07-11,William,McCabe,Hawthorn,INT,2.0,204.0,3.0,6.0,3.0,0.0,4.0,0.0,60.0,6.0
2026,18,2026-07-11,Lloyd,Meek,Hawthorn,RK,9.0,193.0,3.0,20.0,4.0,2.0,9.0,4.0,62.5,10.0
2026,18,2026-07-11,Dylan,Moore,Hawthorn,HFFL,7.0,273.0,1.0,21.0,4.0,0.0,4.0,1.0,55.0,11.0
2026,18,2026-07-11,Harry,Morrison,Hawthorn,WR,5.0,286.0,5.0,10.0,6.0,3.0,4.0,0.0,47.6,10.0
2026,18,2026-07-11,Noah,Mraz,Hawthorn,CHB,1.0,145.0,7.0,7.0,1.0,0.0,3.0,0.0,72.7,8.0
2026,18,2026-07-11,Jai,Newcombe,Hawthorn,RR,7.0,257.0,8.0,22.0,3.0,1.0,9.0,0.0,66.7,12.0
2026,18,2026-07-11,James,Sicily,Hawthorn,BPL,2.0,315.0,6.0,4.0,4.0,0.0,4.0,0.0,86.7,13.0
2026,18,2026-07-11,Josh,Ward,Hawthorn,R,7.0,444.0,4.0,20.0,4.0,2.0,5.0,4.0,60.9,14.0
2026,18,2026-07-11,Sam,Berry,Adelaide Crows,RR,5.0,499.0,1.0,21.0,6.0,4.0,8.0,0.0,60.7,17.0
2026,18,2026-07-11,James,Borlase,Adelaide Crows,FB,2.0,21.0,2.0,7.0,1.0,0.0,4.0,0.0,83.3,5.0
2026,18,2026-07-11,Brayden,Cook,Adelaide Crows,HBFL,5.0,366.0,6.0,12.0,1.0,0.0,6.0,0.0,94.7,18.0
2026,18,2026-07-11,Daniel,Curtin,Adelaide Crows,R,5.0,252.0,5.0,14.0,3.0,1.0,6.0,1.0,70.6,12.0
2026,18,2026-07-11,Jordan,Dawson,Adelaide Crows,C,9.0,457.0,1.0,11.0,6.0,0.0,5.0,1.0,62.1,18.0
2026,18,2026-07-11,Darcy,Fogarty,Adelaide Crows,FF,2.0,100.0,1.0,14.0,4.0,0.0,1.0,1.0,70.0,7.0
2026,18,2026-07-11,Mark,Keane,Adelaide Crows,BPL,0.0,63.0,5.0,6.0,1.0,0.0,2.0,0.0,77.8,7.0
2026,18,2026-07-11,Ben,Keays,Adelaide Crows,INT,9.0,183.0,3.0,19.0,2.0,0.0,4.0,2.0,77.8,14.0
2026,18,2026-07-11,Rory,Laird,Adelaide Crows,FPL,2.0,204.0,2.0,5.0,2.0,0.0,3.0,0.0,78.6,11.0
2026,18,2026-07-11,Lachlan,McAndrew,Adelaide Crows,RK,4.0,155.0,2.0,13.0,0.0,4.0,7.0,2.0,80.0,8.0
2026,18,2026-07-11,Max,Michalanney,Adelaide Crows,BPR,3.0,235.0,1.0,11.0,3.0,0.0,1.0,0.0,85.7,12.0
2026,18,2026-07-11,Wayne,Milera,Adelaide Crows,HBFR,4.0,452.0,5.0,13.0,2.0,0.0,4.0,0.0,90.9,20.0
2026,18,2026-07-11,Toby,Murray,Adelaide Crows,INT,3.0,6.0,2.0,7.0,0.0,0.0,2.0,0.0,75.0,3.0
2026,18,2026-07-11,Luke,Nankervis,Adelaide Crows,INT,5.0,321.0,8.0,11.0,1.0,0.0,4.0,0.0,88.2,15.0
2026,18,2026-07-11,Alex,Neal-Bullen,Adelaide Crows,FPR,8.0,207.0,0.0,17.0,2.0,0.0,1.0,1.0,76.9,10.0
2026,18,2026-07-11,James,Peatling,Adelaide Crows,INT,7.0,512.0,4.0,23.0,4.0,2.0,6.0,1.0,66.7,16.0
2026,18,2026-07-11,Josh,Rachele,Adelaide Crows,HFFR,7.0,224.0,2.0,13.0,2.0,0.0,4.0,0.0,70.6,12.0
2026,18,2026-07-11,Izak,Rankine,Adelaide Crows,HFFL,9.0,597.0,1.0,20.0,7.0,2.0,6.0,1.0,71.0,22.0
2026,18,2026-07-11,Jake,Soligo,Adelaide Crows,WL,4.0,185.0,3.0,13.0,3.0,1.0,3.0,2.0,76.5,13.0
2026,18,2026-07-11,Zac,Taylor,Adelaide Crows,INT,4.0,245.0,1.0,11.0,4.0,0.0,4.0,0.0,50.0,8.0
2026,18,2026-07-11,Riley,Thilthorpe,Adelaide Crows,CHF,6.0,113.0,1.0,7.0,2.0,0.0,5.0,1.0,73.3,11.0
2026,18,2026-07-11,Taylor,Walker,Adelaide Crows,WR,11.0,332.0,0.0,5.0,0.0,0.0,1.0,1.0,69.2,9.0
2026,18,2026-07-11,Josh,Worrell,Adelaide Crows,CHB,4.0,248.0,9.0,1.0,4.0,0.0,6.0,0.0,76.2,16.0
2026,18,2026-07-11,Oscar,Adams,Gold Coast SUNS,C,0.0,75.0,3.0,6.0,2.0,0.0,1.0,0.0,100.0,6.0
2026,18,2026-07-11,Beau,Addinsall,Gold Coast SUNS,INT,1.0,137.0,1.0,13.0,3.0,0.0,3.0,0.0,62.5,10.0
2026,18,2026-07-11,Noah,Anderson,Gold Coast SUNS,RR,1.0,316.0,0.0,20.0,6.0,4.0,5.0,0.0,56.0,14.0
2026,18,2026-07-11,Mac,Andrew,Gold Coast SUNS,BPL,2.0,378.0,8.0,11.0,3.0,0.0,3.0,0.0,80.0,12.0
2026,18,2026-07-11,Sam,Collins,Gold Coast SUNS,FB,1.0,145.0,12.0,5.0,0.0,0.0,6.0,0.0,92.9,13.0
2026,18,2026-07-11,Will,Graham,Gold Coast SUNS,WR,0.0,171.0,3.0,13.0,3.0,0.0,1.0,1.0,50.0,3.0
2026,18,2026-07-11,Nick,Holman,Gold Coast SUNS,INT,1.0,151.0,2.0,10.0,2.0,0.0,0.0,1.0,62.5,5.0
2026,18,2026-07-11,Bailey,Humphrey,Gold Coast SUNS,HFFR,3.0,91.0,3.0,14.0,1.0,0.0,6.0,2.0,70.0,7.0
2026,18,2026-07-11,Joel,Jeffrey,Gold Coast SUNS,INT,0.0,340.0,2.0,12.0,7.0,1.0,4.0,0.0,85.7,18.0
2026,18,2026-07-11,Ben,King,Gold Coast SUNS,FPR,3.0,91.0,1.0,10.0,1.0,0.0,1.0,0.0,66.7,4.0
2026,18,2026-07-11,Leonardo,Lombard,Gold Coast SUNS,HFFL,3.0,311.0,2.0,13.0,3.0,0.0,7.0,2.0,76.2,16.0
2026,18,2026-07-11,Touk,Miller,Gold Coast SUNS,CHF,5.0,231.0,4.0,10.0,3.0,1.0,6.0,0.0,70.0,14.0
2026,18,2026-07-11,Ned,Moyle,Gold Coast SUNS,RK,5.0,244.0,0.0,5.0,2.0,2.0,3.0,0.0,84.6,11.0
2026,18,2026-07-11,Jai,Murray,Gold Coast SUNS,WL,2.0,180.0,2.0,10.0,3.0,0.0,5.0,0.0,53.3,8.0
2026,18,2026-07-11,John,Noble,Gold Coast SUNS,HBFL,1.0,508.0,0.0,6.0,6.0,0.0,0.0,0.0,83.3,15.0
2026,18,2026-07-11,Dylan,Patterson,Gold Coast SUNS,INT,2.0,108.0,0.0,11.0,1.0,0.0,0.0,0.0,60.0,3.0
2026,18,2026-07-11,Christian,Petracca,Gold Coast SUNS,FPL,4.0,287.0,0.0,16.0,4.0,1.0,3.0,1.0,63.2,12.0
2026,18,2026-07-11,Wil,Powell,Gold Coast SUNS,HBFR,1.0,109.0,4.0,26.0,2.0,0.0,6.0,0.0,88.9,16.0
2026,18,2026-07-11,Ethan,Read,Gold Coast SUNS,INT,0.0,15.0,0.0,5.0,1.0,0.0,3.0,0.0,50.0,2.0
2026,18,2026-07-11,Matt,Rowell,Gold Coast SUNS,R,1.0,339.0,5.0,23.0,4.0,0.0,10.0,1.0,66.7,18.0
2026,18,2026-07-11,Bodhi,Uwland,Gold Coast SUNS,BPR,2.0,224.0,6.0,8.0,2.0,0.0,6.0,0.0,85.7,18.0
2026,18,2026-07-11,Zeke,Uwland,Gold Coast SUNS,CHB,2.0,568.0,2.0,10.0,4.0,0.0,3.0,1.0,71.4,15.0
2026,18,2026-07-11,Jed,Walter,Gold Coast SUNS,FF,4.0,134.0,0.0,8.0,1.0,0.0,3.0,0.0,75.0,6.0
2026,18,2026-07-12,Marcus,Bontempelli,Western Bulldogs,C,6.0,496.0,2.0,22.0,5.0,3.0,8.0,1.0,76.0,19.0
2026,18,2026-07-12,Lachlan,Bramble,Western Bulldogs,WL,3.0,181.0,4.0,6.0,3.0,0.0,4.0,0.0,75.0,12.0
2026,18,2026-07-12,Jedd,Busslinger,Western Bulldogs,CHB,1.0,250.0,6.0,9.0,3.0,0.0,2.0,0.0,73.3,11.0
2026,18,2026-07-12,Luke,Cleary,Western Bulldogs,INT,1.0,223.0,2.0,6.0,3.0,0.0,2.0,0.0,72.7,8.0
2026,18,2026-07-12,Jordan,Croft,Western Bulldogs,INT,3.0,184.0,1.0,9.0,4.0,0.0,2.0,2.0,71.4,5.0
2026,18,2026-07-12,Bailey,Dale,Western Bulldogs,HBFR,4.0,721.0,6.0,5.0,7.0,0.0,3.0,0.0,72.4,21.0
2026,18,2026-07-12,Sam,Davidson,Western Bulldogs,INT,3.0,136.0,0.0,6.0,1.0,0.0,0.0,0.0,77.8,7.0
2026,18,2026-07-12,Josh,Dolan,Western Bulldogs,HFFL,3.0,9.0,2.0,14.0,1.0,0.0,3.0,1.0,90.0,9.0
2026,18,2026-07-12,Joel,Freijah,Western Bulldogs,INT,2.0,130.0,3.0,17.0,4.0,0.0,4.0,0.0,58.3,7.0
2026,18,2026-07-12,Cooper,Hynes,Western Bulldogs,WR,0.0,204.0,2.0,15.0,1.0,0.0,2.0,1.0,87.5,7.0
2026,18,2026-07-12,Arthur,Jones,Western Bulldogs,HFFR,2.0,179.0,1.0,12.0,2.0,0.0,0.0,1.0,55.6,5.0
2026,18,2026-07-12,Luke,Kennedy,Western Bulldogs,INT,1.0,51.0,0.0,17.0,1.0,0.0,0.0,1.0,66.7,2.0
2026,18,2026-07-12,Matthew,Kennedy,Western Bulldogs,CHF,5.0,99.0,3.0,13.0,1.0,0.0,4.0,0.0,57.1,8.0
2026,18,2026-07-12,Buku,Khamis,Western Bulldogs,BPR,2.0,158.0,4.0,1.0,1.0,0.0,2.0,0.0,81.8,9.0
2026,18,2026-07-12,Tom,Liberatore,Western Bulldogs,RR,6.0,125.0,2.0,11.0,4.0,1.0,11.0,1.0,60.9,14.0
2026,18,2026-07-12,Rory,Lobb,Western Bulldogs,RK,3.0,228.0,1.0,9.0,1.0,1.0,1.0,1.0,64.7,11.0
2026,18,2026-07-12,Aaron,Naughton,Western Bulldogs,FF,6.0,291.0,1.0,2.0,4.0,0.0,3.0,0.0,64.3,9.0
2026,18,2026-07-12,James,O'Donnell,Western Bulldogs,FB,3.0,187.0,6.0,4.0,1.0,0.0,4.0,0.0,100.0,9.0
2026,18,2026-07-12,Ed,Richards,Western Bulldogs,R,7.0,633.0,2.0,15.0,9.0,5.0,7.0,0.0,67.9,19.0
2026,18,2026-07-12,Michael,Sellwood,Western Bulldogs,BPL,2.0,307.0,3.0,10.0,4.0,0.0,2.0,0.0,71.4,10.0
2026,18,2026-07-12,Cody,Weightman,Western Bulldogs,FPR,6.0,303.0,1.0,12.0,4.0,1.0,8.0,1.0,53.3,8.0
2026,18,2026-07-12,Rhylee,West,Western Bulldogs,FPL,4.0,363.0,4.0,20.0,4.0,1.0,7.0,0.0,60.9,14.0
2026,18,2026-07-12,Bailey,Williams,Western Bulldogs,HBFL,1.0,123.0,3.0,8.0,1.0,0.0,5.0,0.0,66.7,6.0
2026,18,2026-07-12,Bo,Allan,West Coast Eagles,WR,3.0,160.0,5.0,12.0,3.0,0.0,3.0,2.0,58.3,7.0
2026,18,2026-07-12,Liam,Baker,West Coast Eagles,HBFR,4.0,419.0,3.0,12.0,6.0,0.0,2.0,0.0,61.1,11.0
2026,18,2026-07-12,Rhett,Bazzo,West Coast Eagles,FB,2.0,171.0,5.0,3.0,1.0,0.0,3.0,0.0,100.0,13.0
2026,18,2026-07-12,Tom,Cole,West Coast Eagles,INT,4.0,107.0,4.0,13.0,2.0,0.0,7.0,0.0,71.4,10.0
2026,18,2026-07-12,Hamish,Davis,West Coast Eagles,WL,3.0,335.0,2.0,6.0,4.0,0.0,3.0,0.0,64.3,9.0
2026,18,2026-07-12,Liam,Duggan,West Coast Eagles,BPL,3.0,225.0,3.0,14.0,1.0,0.0,4.0,0.0,78.6,11.0
2026,18,2026-07-12,Willem,Duursma,West Coast Eagles,R,3.0,328.0,1.0,23.0,4.0,0.0,8.0,2.0,60.0,12.0
2026,18,2026-07-12,Oliver,Francou,West Coast Eagles,INT,2.0,271.0,6.0,20.0,5.0,0.0,9.0,1.0,46.7,7.0
2026,18,2026-07-12,Jack,Graham,West Coast Eagles,HFFR,6.0,272.0,1.0,15.0,2.0,0.0,4.0,0.0,77.8,14.0
2026,18,2026-07-12,Marcus,Herbert,West Coast Eagles,INT,2.0,151.0,6.0,5.0,4.0,0.0,4.0,0.0,95.0,19.0
2026,18,2026-07-12,Brady,Hough,West Coast Eagles,INT,2.0,279.0,4.0,9.0,3.0,0.0,2.0,0.0,91.7,11.0
2026,18,2026-07-12,Jack,Hutchinson,West Coast Eagles,FPR,1.0,69.0,2.0,12.0,3.0,0.0,4.0,1.0,44.4,4.0
2026,18,2026-07-12,Tim,Kelly,West Coast Eagles,HFFL,6.0,311.0,3.0,13.0,4.0,3.0,9.0,0.0,68.2,15.0
2026,18,2026-07-12,Tom,McCarthy,West Coast Eagles,HBFL,3.0,334.0,6.0,9.0,2.0,0.0,2.0,0.0,81.8,18.0
2026,18,2026-07-12,Milan,Murdock,West Coast Eagles,FPL,5.0,147.0,0.0,12.0,3.0,0.0,1.0,1.0,57.1,4.0
2026,18,2026-07-12,Harley,Reid,West Coast Eagles,RR,8.0,424.0,3.0,14.0,3.0,4.0,9.0,0.0,74.1,20.0
2026,18,2026-07-12,Jobe,Shanahan,West Coast Eagles,CHF,3.0,103.0,1.0,8.0,2.0,0.0,2.0,0.0,85.7,6.0
2026,18,2026-07-12,Brandon,Starcevich,West Coast Eagles,BPR,3.0,282.0,4.0,5.0,2.0,0.0,2.0,0.0,66.7,10.0
2026,18,2026-07-12,Jake,Waterman,West Coast Eagles,FF,7.0,332.0,4.0,6.0,0.0,0.0,0.0,0.0,54.5,6.0
2026,18,2026-07-12,Bailey J.,Williams,West Coast Eagles,RK,5.0,26.0,0.0,11.0,0.0,1.0,2.0,1.0,83.3,5.0
2026,18,2026-07-12,Jack,Williams,West Coast Eagles,INT,3.0,135.0,0.0,11.0,1.0,0.0,2.0,0.0,44.4,4.0
2026,18,2026-07-12,Elliot,Yeo,West Coast Eagles,C,4.0,237.0,1.0,15.0,2.0,0.0,3.0,0.0,50.0,6.0
2026,18,2026-07-12,Tylar,Young,West Coast Eagles,CHB,0.0,235.0,5.0,8.0,2.0,0.0,0.0,0.0,69.2,9.0
2026,18,2026-07-12,Jake,Bowey,Melbourne,BPL,8.0,896.0,3.0,9.0,8.0,0.0,1.0,0.0,80.6,25.0
2026,18,2026-07-12,Kade,Chandler,Melbourne,CHF,6.0,240.0,1.0,20.0,1.0,0.0,3.0,3.0,61.5,8.0
2026,18,2026-07-12,Joel,Fitzgerald,Melbourne,INT,9.0,435.0,3.0,12.0,6.0,2.0,7.0,1.0,74.2,23.0
2026,18,2026-07-12,Max,Gawn,Melbourne,RK,9.0,161.0,2.0,9.0,2.0,3.0,2.0,1.0,76.5,13.0
2026,18,2026-07-12,Blake,Howes,Melbourne,INT,5.0,121.0,5.0,7.0,3.0,0.0,3.0,0.0,90.9,20.0
2026,18,2026-07-12,Matthew,Jefferson,Melbourne,FPL,5.0,112.0,0.0,11.0,2.0,0.0,1.0,0.0,42.9,3.0
2026,18,2026-07-12,Changkuoth,Jiath,Melbourne,BPR,5.0,215.0,6.0,6.0,1.0,0.0,3.0,0.0,83.3,10.0
2026,18,2026-07-12,Aidan,Johnson,Melbourne,INT,4.0,125.0,0.0,12.0,3.0,2.0,3.0,2.0,80.0,8.0
2026,18,2026-07-12,Ed,Langdon,Melbourne,HBFR,4.0,511.0,4.0,15.0,4.0,1.0,6.0,1.0,91.7,22.0
2026,18,2026-07-12,Harvey,Langford,Melbourne,R,5.0,255.0,7.0,16.0,5.0,0.0,8.0,0.0,45.0,9.0
2026,18,2026-07-12,Bailey,Laurie,Melbourne,INT,5.0,85.0,1.0,13.0,0.0,0.0,2.0,0.0,77.8,7.0
2026,18,2026-07-12,Jake,Lever,Melbourne,FB,5.0,172.0,10.0,6.0,0.0,0.0,5.0,0.0,94.7,18.0
2026,18,2026-07-12,Jake,Melksham,Melbourne,HFFR,8.0,219.0,1.0,11.0,3.0,0.0,4.0,1.0,61.5,8.0
2026,18,2026-07-12,Kysaiah,Pickett,Melbourne,HFFL,7.0,312.0,1.0,15.0,0.0,2.0,5.0,0.0,66.7,14.0
2026,18,2026-07-12,Latrelle,Pickett,Melbourne,INT,5.0,197.0,1.0,11.0,1.0,0.0,4.0,2.0,80.0,8.0
2026,18,2026-07-12,Trent,Rivers,Melbourne,HBFL,4.0,316.0,5.0,10.0,3.0,0.0,4.0,0.0,77.3,17.0
2026,18,2026-07-12,Harry,Sharp,Melbourne,WR,5.0,277.0,1.0,12.0,4.0,0.0,4.0,3.0,50.0,6.0
2026,18,2026-07-12,Tom,Sparrow,Melbourne,C,9.0,526.0,1.0,33.0,3.0,3.0,9.0,1.0,74.1,20.0
2026,18,2026-07-12,Jack,Steele,Melbourne,RR,7.0,234.0,6.0,26.0,2.0,2.0,12.0,2.0,77.8,21.0
2026,18,2026-07-12,Koltyn,Tholstrup,Melbourne,WL,2.0,236.0,3.0,3.0,5.0,0.0,5.0,0.0,71.4,10.0
2026,18,2026-07-12,Daniel,Turner,Melbourne,CHB,4.0,283.0,8.0,8.0,2.0,0.0,3.0,0.0,83.3,15.0
2026,18,2026-07-12,Jacob,van Rooyen,Melbourne,FF,12.0,272.0,1.0,11.0,0.0,0.0,2.0,1.0,81.3,13.0
2026,18,2026-07-12,Caleb,Windsor,Melbourne,FPR,4.0,220.0,1.0,15.0,2.0,0.0,1.0,0.0,75.0,9.0
2026,18,2026-07-12,Jasper,Alger,Richmond,HFFR,5.0,59.0,0.0,11.0,0.0,0.0,4.0,0.0,100.0,9.0
2026,18,2026-07-12,Kye,Annand,Richmond,BPR,1.0,221.0,6.0,7.0,3.0,0.0,4.0,0.0,69.2,9.0
2026,18,2026-07-12,Noah,Balta,Richmond,FPL,2.0,143.0,2.0,18.0,2.0,0.0,2.0,0.0,66.7,4.0
2026,18,2026-07-12,Sam,Banks,Richmond,HBFR,1.0,430.0,5.0,7.0,4.0,0.0,7.0,0.0,85.0,17.0
2026,18,2026-07-12,Nathan,Broad,Richmond,BPL,0.0,77.0,5.0,7.0,2.0,0.0,5.0,0.0,75.0,9.0
2026,18,2026-07-12,Tom,Brown,Richmond,HBFL,1.0,320.0,6.0,8.0,5.0,0.0,4.0,0.0,57.1,8.0
2026,18,2026-07-12,Seth,Campbell,Richmond,HFFL,1.0,221.0,0.0,15.0,4.0,0.0,5.0,1.0,66.7,10.0
2026,18,2026-07-12,Sam,Cumming,Richmond,RR,5.0,207.0,1.0,17.0,2.0,0.0,3.0,0.0,85.7,12.0
2026,18,2026-07-12,Sam,Grlj,Richmond,INT,3.0,228.0,2.0,14.0,1.0,0.0,2.0,0.0,64.3,9.0
2026,18,2026-07-12,Taj,Hotton,Richmond,R,2.0,114.0,2.0,24.0,3.0,3.0,5.0,1.0,46.2,6.0
2026,18,2026-07-12,Mykelti,Lefau,Richmond,INT,2.0,88.0,0.0,19.0,3.0,0.0,4.0,0.0,33.3,2.0
2026,18,2026-07-12,Tom,Lynch,Richmond,FF,2.0,131.0,1.0,10.0,0.0,0.0,0.0,0.0,50.0,3.0
2026,18,2026-07-12,Rhyan,Mansell,Richmond,FPR,5.0,317.0,2.0,19.0,3.0,0.0,3.0,1.0,50.0,6.0
2026,18,2026-07-12,Kane,McAuliffe,Richmond,INT,3.0,363.0,1.0,20.0,4.0,2.0,5.0,0.0,52.4,11.0
2026,18,2026-07-12,Ben,Miller,Richmond,FB,0.0,470.0,5.0,12.0,5.0,0.0,1.0,0.0,93.3,14.0
2026,18,2026-07-12,Toby,Nankervis,Richmond,RK,6.0,125.0,1.0,14.0,4.0,1.0,3.0,0.0,78.6,11.0
2026,18,2026-07-12,Zane,Peucker,Richmond,INT,2.0,233.0,1.0,5.0,1.0,0.0,1.0,0.0,85.7,6.0
2026,18,2026-07-12,Dion,Prestia,Richmond,CHF,5.0,318.0,2.0,17.0,2.0,1.0,5.0,1.0,68.8,11.0
2026,18,2026-07-12,Hugo,Ralphsmith,Richmond,WR,5.0,367.0,1.0,11.0,2.0,0.0,5.0,0.0,53.3,8.0
2026,18,2026-07-12,Patrick,Retschko,Richmond,WL,1.0,438.0,1.0,13.0,6.0,0.0,3.0,0.0,72.2,13.0
2026,18,2026-07-12,Tim,Taranto,Richmond,C,5.0,382.0,3.0,21.0,8.0,3.0,7.0,2.0,57.7,15.0
2026,18,2026-07-12,James,Trezise,Richmond,INT,3.0,218.0,5.0,12.0,2.0,0.0,8.0,0.0,78.3,18.0
2026,18,2026-07-12,Nick,Vlastuin,Richmond,CHB,2.0,417.0,8.0,13.0,5.0,1.0,6.0,0.0,75.0,12.0
2026,18,2026-07-12,Harris,Andrews,Brisbane Lions,FB,3.0,196.0,6.0,2.0,1.0,0.0,3.0,0.0,100.0,18.0
2026,18,2026-07-12,Noah,Answerth,Brisbane Lions,BPL,6.0,300.0,3.0,6.0,3.0,0.0,3.0,0.0,66.7,8.0
2026,18,2026-07-12,Levi,Ashcroft,Brisbane Lions,HFFR,10.0,271.0,0.0,10.0,2.0,0.0,3.0,0.0,84.2,16.0
2026,18,2026-07-12,Will,Ashcroft,Brisbane Lions,C,13.0,613.0,0.0,15.0,1.0,6.0,8.0,2.0,81.8,27.0
2026,18,2026-07-12,Zac,Bailey,Brisbane Lions,WR,12.0,441.0,0.0,5.0,3.0,4.0,7.0,0.0,73.9,17.0
2026,18,2026-07-12,Jarrod,Berry,Brisbane Lions,WL,5.0,302.0,3.0,5.0,2.0,0.0,0.0,1.0,75.0,12.0
2026,18,2026-07-12,Charlie,Cameron,Brisbane Lions,HFFL,6.0,281.0,1.0,3.0,2.0,0.0,2.0,0.0,54.5,6.0
2026,18,2026-07-12,Sam,Draper,Brisbane Lions,RK,7.0,359.0,5.0,1.0,4.0,1.0,1.0,0.0,60.0,9.0
2026,18,2026-07-12,Josh,Dunkley,Brisbane Lions,RR,8.0,198.0,1.0,14.0,1.0,0.0,4.0,3.0,81.3,13.0
2026,18,2026-07-12,Jaspa,Fletcher,Brisbane Lions,INT,5.0,428.0,4.0,12.0,5.0,0.0,3.0,0.0,87.0,20.0
2026,18,2026-07-12,Darcy,Fort,Brisbane Lions,INT,2.0,146.0,4.0,5.0,1.0,1.0,1.0,0.0,90.9,10.0
2026,18,2026-07-12,Ty,Gallop,Brisbane Lions,CHB,6.0,195.0,6.0,9.0,1.0,0.0,0.0,0.0,88.9,8.0
2026,18,2026-07-12,Eric,Hipwood,Brisbane Lions,FPR,8.0,197.0,1.0,9.0,2.0,0.0,1.0,0.0,61.5,8.0
2026,18,2026-07-12,Ryan,Lester,Brisbane Lions,BPR,6.0,197.0,2.0,6.0,2.0,0.0,1.0,0.0,92.3,12.0
2026,18,2026-07-12,Kai,Lohmann,Brisbane Lions,INT,8.0,244.0,0.0,3.0,1.0,0.0,4.0,0.0,76.9,10.0
2026,18,2026-07-12,Hugh,McCluggage,Brisbane Lions,INT,6.0,157.0,1.0,13.0,2.0,1.0,7.0,3.0,75.0,12.0
2026,18,2026-07-12,Conor,McKenna,Brisbane Lions,FPL,6.0,284.0,0.0,12.0,1.0,0.0,2.0,1.0,70.0,7.0
2026,18,2026-07-12,Logan,Morris,Brisbane Lions,CHF,8.0,142.0,0.0,5.0,3.0,0.0,3.0,0.0,33.3,4.0
2026,18,2026-07-12,Lachie,Neale,Brisbane Lions,R,12.0,272.0,7.0,14.0,5.0,3.0,11.0,1.0,75.0,30.0
2026,18,2026-07-12,Cam,Rayner,Brisbane Lions,FF,13.0,276.0,1.0,10.0,3.0,2.0,6.0,4.0,73.9,17.0
2026,18,2026-07-12,Bruce,Reville,Brisbane Lions,INT,10.0,306.0,4.0,5.0,2.0,0.0,4.0,0.0,95.7,22.0
2026,18,2026-07-12,Darcy,Wilmot,Brisbane Lions,HBFL,8.0,468.0,4.0,3.0,1.0,0.0,5.0,0.0,82.6,19.0
2026,18,2026-07-12,Dayne,Zorko,Brisbane Lions,HBFR,6.0,494.0,2.0,7.0,8.0,0.0,4.0,0.0,71.9,23.0
2026,18,2026-07-12,Lachlan,Blakiston,Essendon,INT,1.0,95.0,0.0,11.0,2.0,0.0,1.0,0.0,100.0,3.0
2026,18,2026-07-12,Nick,Bryan,Essendon,RK,2.0,70.0,1.0,10.0,1.0,0.0,3.0,0.0,60.0,3.0
2026,18,2026-07-12,Nate,Caddy,Essendon,CHF,7.0,323.0,2.0,6.0,4.0,1.0,3.0,0.0,72.7,8.0
2026,18,2026-07-12,Jye,Caldwell,Essendon,HFFR,2.0,93.0,3.0,22.0,1.0,1.0,5.0,0.0,76.9,10.0
2026,18,2026-07-12,Angus,Clarke,Essendon,WL,1.0,157.0,2.0,10.0,2.0,0.0,1.0,0.0,80.0,8.0
2026,18,2026-07-12,Archer,Day-Wicks,Essendon,WR,3.0,66.0,2.0,6.0,1.0,0.0,2.0,0.0,75.0,6.0
2026,18,2026-07-12,Sam,Durham,Essendon,C,6.0,413.0,1.0,11.0,3.0,1.0,5.0,0.0,86.4,19.0
2026,18,2026-07-12,Xavier,Duursma,Essendon,HBFL,2.0,147.0,4.0,9.0,6.0,0.0,3.0,0.0,66.7,10.0
2026,18,2026-07-12,Jacob,Farrow,Essendon,INT,2.0,113.0,5.0,9.0,1.0,0.0,3.0,0.0,91.7,11.0
2026,18,2026-07-12,Harrison,Jones,Essendon,FPR,0.0,226.0,7.0,10.0,4.0,0.0,2.0,0.0,60.0,6.0
2026,18,2026-07-12,Isaac,Kako,Essendon,HFFL,4.0,152.0,0.0,14.0,2.0,0.0,2.0,0.0,72.7,8.0
2026,18,2026-07-12,Max,Kondogiannis,Essendon,INT,2.0,184.0,1.0,13.0,2.0,0.0,1.0,0.0,77.8,7.0
2026,18,2026-07-12,Andrew,McGrath,Essendon,BPL,3.0,353.0,4.0,5.0,4.0,0.0,6.0,1.0,73.3,11.0
2026,18,2026-07-12,Zach,Merrett,Essendon,RR,4.0,58.0,0.0,9.0,0.0,1.0,4.0,0.0,90.9,10.0
2026,18,2026-07-12,Darcy,Parish,Essendon,R,2.0,337.0,0.0,4.0,3.0,1.0,3.0,0.0,70.6,12.0
2026,18,2026-07-12,Archie,Perkins,Essendon,INT,2.0,276.0,3.0,5.0,3.0,0.0,1.0,0.0,84.6,11.0
2026,18,2026-07-12,Jaxon,Prior,Essendon,BPR,2.0,390.0,2.0,5.0,2.0,0.0,1.0,0.0,56.3,9.0
2026,18,2026-07-12,Mason,Redman,Essendon,CHB,4.0,350.0,5.0,7.0,3.0,0.0,4.0,0.0,73.3,11.0
2026,18,2026-07-12,Zach,Reid,Essendon,FB,0.0,130.0,6.0,7.0,2.0,0.0,5.0,0.0,87.5,7.0
2026,18,2026-07-12,Archie,Roberts,Essendon,HBFR,2.0,557.0,4.0,10.0,3.0,0.0,3.0,0.0,78.3,18.0
2026,18,2026-07-12,Sullivan,Robey,Essendon,FPL,4.0,257.0,3.0,18.0,2.0,2.0,8.0,0.0,75.0,15.0
2026,18,2026-07-12,Dyson,Sharp,Essendon,INT,6.0,342.0,2.0,24.0,4.0,0.0,4.0,1.0,75.0,12.0
2026,18,2026-07-12,Peter,Wright,Essendon,FF,10.0,246.0,0.0,9.0,0.0,0.0,2.0,1.0,60.0,6.0
2026,19,2026-07-16,Tom,Atkins,Geelong Cats,BPR,4.0,159.0,3.0,30.0,2.0,2.0,9.0,1.0,71.4,15.0
2026,19,2026-07-16,Jhye,Clark,Geelong Cats,WR,4.0,315.0,12.0,10.0,9.0,0.0,8.0,0.0,56.0,14.0
2026,19,2026-07-16,Brad,Close,Geelong Cats,HFFR,5.0,235.0,2.0,20.0,5.0,1.0,1.0,1.0,88.2,15.0
2026,19,2026-07-16,Patrick,Dangerfield,Geelong Cats,FPL,4.0,223.0,0.0,10.0,2.0,0.0,2.0,0.0,50.0,4.0
2026,19,2026-07-16,Sam,De Koning,Geelong Cats,INT,1.0,153.0,2.0,9.0,2.0,1.0,5.0,1.0,73.7,14.0
2026,19,2026-07-16,Oliver,Dempsey,Geelong Cats,WL,6.0,329.0,2.0,15.0,2.0,0.0,6.0,1.0,63.6,14.0
2026,19,2026-07-16,Mitchell,Edwards,Geelong Cats,RK,5.0,43.0,2.0,9.0,2.0,2.0,2.0,0.0,75.0,9.0
2026,19,2026-07-16,Zach,Guthrie,Geelong Cats,HBFL,0.0,102.0,4.0,8.0,1.0,0.0,1.0,0.0,92.9,13.0
2026,19,2026-07-16,Jack,Henry,Geelong Cats,CHB,5.0,187.0,7.0,4.0,3.0,0.0,4.0,0.0,89.5,17.0
2026,19,2026-07-16,Oliver,Henry,Geelong Cats,INT,4.0,144.0,0.0,9.0,0.0,1.0,4.0,0.0,88.9,8.0
2026,19,2026-07-16,Max,Holmes,Geelong Cats,RR,4.0,458.0,3.0,18.0,3.0,0.0,9.0,0.0,69.6,16.0
2026,19,2026-07-16,Lawson,Humphries,Geelong Cats,INT,5.0,430.0,6.0,9.0,2.0,0.0,3.0,0.0,88.5,23.0
2026,19,2026-07-16,Shaun,Mannagh,Geelong Cats,CHF,5.0,122.0,1.0,7.0,2.0,0.0,3.0,1.0,44.4,4.0
2026,19,2026-07-16,Gryan,Miers,Geelong Cats,HFFL,12.0,322.0,4.0,18.0,2.0,0.0,7.0,1.0,68.2,15.0
2026,19,2026-07-16,Oisin,Mullin,Geelong Cats,R,2.0,173.0,2.0,14.0,4.0,1.0,5.0,0.0,75.0,9.0
2026,19,2026-07-16,Shannon,Neale,Geelong Cats,FF,4.0,166.0,0.0,18.0,3.0,0.0,4.0,1.0,66.7,6.0
2026,19,2026-07-16,Mark,O'Connor,Geelong Cats,HBFR,6.0,214.0,6.0,10.0,1.0,1.0,7.0,1.0,73.9,17.0
2026,19,2026-07-16,Connor,O'Sullivan,Geelong Cats,FB,3.0,236.0,4.0,9.0,0.0,0.0,2.0,0.0,86.7,13.0
2026,19,2026-07-16,Jay,Polkinghorne,Geelong Cats,FPR,7.0,303.0,0.0,8.0,2.0,0.0,0.0,0.0,36.4,4.0
2026,19,2026-07-16,Bailey,Smith,Geelong Cats,C,6.0,868.0,4.0,14.0,9.0,1.0,3.0,0.0,74.3,26.0
2026,19,2026-07-16,Tom,Stewart,Geelong Cats,BPL,1.0,304.0,8.0,9.0,4.0,0.0,5.0,0.0,81.8,18.0
2026,19,2026-07-16,Oliver,Wiltshire,Geelong Cats,INT,3.0,197.0,1.0,17.0,3.0,0.0,2.0,0.0,81.8,9.0
2026,19,2026-07-16,James,Worpel,Geelong Cats,INT,5.0,524.0,1.0,22.0,4.0,4.0,6.0,1.0,50.0,12.0
2026,19,2026-07-16,Ryan,Byrnes,St Kilda,HBFR,2.0,152.0,4.0,14.0,4.0,0.0,3.0,1.0,81.3,13.0
2026,19,2026-07-16,Anthony,Caminiti,St Kilda,BPR,1.0,29.0,0.0,10.0,2.0,0.0,0.0,1.0,50.0,1.0
2026,19,2026-07-16,Hunter,Clark,St Kilda,INT,1.0,319.0,5.0,11.0,2.0,0.0,7.0,0.0,60.0,9.0
2026,19,2026-07-16,Hugo,Garcia,St Kilda,RR,6.0,534.0,0.0,21.0,6.0,1.0,7.0,0.0,67.7,21.0
2026,19,2026-07-16,Max,Hall,St Kilda,HFFR,5.0,308.0,1.0,21.0,3.0,1.0,4.0,1.0,52.4,11.0
2026,19,2026-07-16,Liam,Henry,St Kilda,INT,3.0,47.0,0.0,9.0,0.0,0.0,2.0,0.0,66.7,4.0
2026,19,2026-07-16,Jack,Higgins,St Kilda,HFFL,3.0,112.0,0.0,16.0,2.0,0.0,4.0,3.0,61.5,8.0
2026,19,2026-07-16,Bradley,Hill,St Kilda,HBFL,4.0,470.0,5.0,17.0,5.0,0.0,2.0,0.0,75.0,18.0
2026,19,2026-07-16,Campbell,Lake,St Kilda,INT,6.0,231.0,3.0,14.0,2.0,0.0,7.0,4.0,88.2,15.0
2026,19,2026-07-16,Rowan,Marshall,St Kilda,RK,10.0,368.0,4.0,13.0,7.0,4.0,15.0,0.0,66.7,22.0
2026,19,2026-07-16,Liam,O'Connell,St Kilda,WR,2.0,55.0,4.0,10.0,2.0,0.0,4.0,0.0,71.4,10.0
2026,19,2026-07-16,Mitch,Owens,St Kilda,FPR,1.0,98.0,1.0,9.0,1.0,0.0,0.0,0.0,62.5,5.0
2026,19,2026-07-16,Mattaes,Phillipou,St Kilda,INT,4.0,331.0,2.0,20.0,3.0,3.0,7.0,1.0,67.9,19.0
2026,19,2026-07-16,Liam,Ryan,St Kilda,CHF,6.0,216.0,1.0,9.0,0.0,0.0,2.0,1.0,87.5,7.0
2026,19,2026-07-16,Cooper,Sharman,St Kilda,FF,4.0,242.0,1.0,19.0,2.0,0.0,3.0,1.0,66.7,8.0
2026,19,2026-07-16,Jack,Silvagni,St Kilda,BPL,4.0,162.0,8.0,3.0,4.0,0.0,5.0,0.0,82.4,14.0
2026,19,2026-07-16,Liam,Stocker,St Kilda,CHB,1.0,435.0,6.0,10.0,6.0,0.0,3.0,0.0,72.7,16.0
2026,19,2026-07-16,Tobie,Travaglia,St Kilda,INT,2.0,183.0,1.0,11.0,1.0,0.0,2.0,0.0,92.3,12.0
2026,19,2026-07-16,Nasiah,Wanganeen-Milera,St Kilda,R,3.0,444.0,3.0,20.0,5.0,0.0,6.0,1.0,52.4,11.0
2026,19,2026-07-16,Callum,Wilkie,St Kilda,FB,0.0,146.0,6.0,8.0,1.0,0.0,6.0,0.0,86.7,13.0
2026,19,2026-07-16,Darcy,Wilson,St Kilda,WL,3.0,377.0,1.0,27.0,9.0,0.0,2.0,1.0,65.5,19.0
2026,19,2026-07-16,Marcus,Windhager,St Kilda,C,2.0,260.0,3.0,9.0,2.0,0.0,6.0,0.0,82.6,19.0
2026,19,2026-07-16,Mason,Wood,St Kilda,FPL,4.0,459.0,8.0,13.0,5.0,0.0,5.0,0.0,77.3,17.0
2026,19,2026-07-17,Riley,Bice,Sydney Swans,INT,1.0,225.0,5.0,9.0,2.0,1.0,5.0,0.0,57.1,8.0
2026,19,2026-07-17,Nick,Blakey,Sydney Swans,CHB,4.0,630.0,5.0,5.0,5.0,0.0,1.0,0.0,76.2,16.0
2026,19,2026-07-17,Braeden,Campbell,Sydney Swans,HFFR,3.0,290.0,6.0,20.0,3.0,0.0,9.0,0.0,65.0,13.0
2026,19,2026-07-17,Harry,Cunningham,Sydney Swans,HBFR,0.0,95.0,1.0,12.0,1.0,0.0,0.0,0.0,50.0,1.0
2026,19,2026-07-17,Charlie,Curnow,Sydney Swans,FF,3.0,126.0,0.0,14.0,2.0,0.0,1.0,0.0,42.9,3.0
2026,19,2026-07-17,William,Edwards,Sydney Swans,FB,0.0,88.0,5.0,6.0,0.0,0.0,2.0,0.0,100.0,8.0
2026,19,2026-07-17,Brodie,Grundy,Sydney Swans,RK,2.0,87.0,2.0,4.0,3.0,1.0,9.0,0.0,58.8,10.0
2026,19,2026-07-17,Errol,Gulden,Sydney Swans,C,4.0,536.0,1.0,18.0,3.0,2.0,5.0,1.0,81.8,18.0
2026,19,2026-07-17,Isaac,Heeney,Sydney Swans,RR,3.0,407.0,4.0,21.0,7.0,2.0,9.0,1.0,51.7,15.0
2026,19,2026-07-17,James,Jordon,Sydney Swans,HFFL,1.0,188.0,0.0,24.0,3.0,1.0,7.0,0.0,61.5,8.0
2026,19,2026-07-17,Jake,Lloyd,Sydney Swans,CHF,2.0,198.0,3.0,19.0,2.0,0.0,4.0,0.0,58.3,7.0
2026,19,2026-07-17,Tom,McCartin,Sydney Swans,BPR,2.0,396.0,13.0,10.0,4.0,0.0,4.0,0.0,88.5,23.0
2026,19,2026-07-17,Logan,McDonald,Sydney Swans,INT,2.0,102.0,0.0,13.0,2.0,0.0,2.0,0.0,33.3,2.0
2026,19,2026-07-17,Hayden,McLean,Sydney Swans,FPR,2.0,19.0,0.0,11.0,0.0,0.0,4.0,0.0,28.6,2.0
2026,19,2026-07-17,Callum,Mills,Sydney Swans,BPL,4.0,676.0,7.0,14.0,8.0,0.0,6.0,0.0,72.0,18.0
2026,19,2026-07-17,Tom,Papley,Sydney Swans,FPL,11.0,525.0,0.0,7.0,8.0,0.0,6.0,1.0,41.7,10.0
2026,19,2026-07-17,Dane,Rampe,Sydney Swans,HBFL,2.0,132.0,5.0,8.0,2.0,0.0,2.0,0.0,90.0,9.0
2026,19,2026-07-17,Matt,Roberts,Sydney Swans,WL,1.0,337.0,7.0,13.0,5.0,0.0,3.0,1.0,73.3,11.0
2026,19,2026-07-17,Malcolm,Rosas,Sydney Swans,INT,1.0,127.0,0.0,12.0,1.0,0.0,3.0,0.0,62.5,5.0
2026,19,2026-07-17,James,Rowbottom,Sydney Swans,INT,5.0,262.0,7.0,18.0,4.0,1.0,6.0,1.0,64.3,9.0
2026,19,2026-07-17,Jai,Serong,Sydney Swans,WR,1.0,215.0,4.0,19.0,2.0,0.0,3.0,0.0,66.7,8.0
2026,19,2026-07-17,Angus,Sheldrick,Sydney Swans,INT,1.0,248.0,4.0,30.0,7.0,2.0,11.0,0.0,45.0,9.0
2026,19,2026-07-17,Chad,Warner,Sydney Swans,R,5.0,489.0,2.0,23.0,5.0,3.0,8.0,0.0,71.4,15.0
2026,19,2026-07-17,Sam,Berry,Adelaide Crows,RR,3.0,298.0,2.0,22.0,3.0,0.0,6.0,3.0,57.9,11.0
2026,19,2026-07-17,James,Borlase,Adelaide Crows,FB,1.0,84.0,4.0,4.0,0.0,0.0,1.0,0.0,100.0,11.0
2026,19,2026-07-17,Brayden,Cook,Adelaide Crows,HBFL,3.0,534.0,2.0,11.0,4.0,1.0,5.0,0.0,69.6,16.0
2026,19,2026-07-17,Isaac,Cumming,Adelaide Crows,INT,5.0,399.0,3.0,13.0,2.0,1.0,4.0,1.0,78.6,11.0
2026,19,2026-07-17,Daniel,Curtin,Adelaide Crows,R,2.0,377.0,5.0,8.0,6.0,0.0,5.0,0.0,58.8,10.0
2026,19,2026-07-17,Jordan,Dawson,Adelaide Crows,C,2.0,404.0,1.0,17.0,6.0,3.0,7.0,2.0,56.5,13.0
2026,19,2026-07-17,Darcy,Fogarty,Adelaide Crows,FF,6.0,333.0,0.0,11.0,8.0,0.0,5.0,0.0,60.0,12.0
2026,19,2026-07-17,Hugo,Hall-Kahan,Adelaide Crows,INT,2.0,407.0,5.0,19.0,1.0,0.0,6.0,0.0,72.2,13.0
2026,19,2026-07-17,Mark,Keane,Adelaide Crows,BPL,5.0,263.0,9.0,6.0,1.0,0.0,2.0,0.0,85.7,12.0
2026,19,2026-07-17,Ben,Keays,Adelaide Crows,WR,2.0,144.0,3.0,24.0,3.0,0.0,6.0,3.0,43.8,7.0
2026,19,2026-07-17,Lachlan,McAndrew,Adelaide Crows,RK,2.0,98.0,2.0,18.0,2.0,2.0,2.0,0.0,100.0,9.0
2026,19,2026-07-17,Max,Michalanney,Adelaide Crows,BPR,2.0,308.0,4.0,15.0,2.0,0.0,6.0,0.0,94.1,16.0
2026,19,2026-07-17,Wayne,Milera,Adelaide Crows,HBFR,5.0,585.0,5.0,11.0,6.0,1.0,3.0,0.0,88.5,23.0
2026,19,2026-07-17,Toby,Murray,Adelaide Crows,INT,3.0,106.0,0.0,6.0,1.0,0.0,1.0,2.0,75.0,3.0
2026,19,2026-07-17,Luke,Nankervis,Adelaide Crows,WL,3.0,361.0,9.0,7.0,5.0,0.0,7.0,0.0,76.2,16.0
2026,19,2026-07-17,Alex,Neal-Bullen,Adelaide Crows,FPR,2.0,276.0,4.0,20.0,4.0,0.0,2.0,1.0,58.8,10.0
2026,19,2026-07-17,James,Peatling,Adelaide Crows,INT,4.0,467.0,6.0,18.0,8.0,3.0,7.0,1.0,60.7,17.0
2026,19,2026-07-17,Josh,Rachele,Adelaide Crows,HFFR,6.0,154.0,1.0,18.0,1.0,0.0,5.0,2.0,72.2,13.0
2026,19,2026-07-17,Izak,Rankine,Adelaide Crows,HFFL,1.0,268.0,5.0,17.0,4.0,2.0,18.0,2.0,73.3,22.0
2026,19,2026-07-17,Jake,Soligo,Adelaide Crows,FPL,4.0,243.0,2.0,20.0,5.0,0.0,7.0,2.0,57.7,15.0
2026,19,2026-07-17,Zac,Taylor,Adelaide Crows,INT,1.0,14.0,1.0,13.0,3.0,0.0,5.0,2.0,58.3,7.0
2026,19,2026-07-17,Riley,Thilthorpe,Adelaide Crows,CHF,5.0,191.0,0.0,11.0,4.0,0.0,2.0,0.0,45.5,5.0
2026,19,2026-07-17,Josh,Worrell,Adelaide Crows,CHB,3.0,339.0,7.0,13.0,2.0,0.0,4.0,0.0,86.7,13.0
2026,19,2026-07-18,Aliir,Aliir,Port Adelaide,CHB,2.0,298.0,10.0,2.0,3.0,0.0,3.0,0.0,83.3,15.0
2026,19,2026-07-18,Xavier,Bamert,Port Adelaide,HFFL,5.0,105.0,1.0,8.0,1.0,0.0,1.0,1.0,75.0,9.0
2026,19,2026-07-18,Miles,Bergman,Port Adelaide,BPR,2.0,462.0,4.0,16.0,3.0,2.0,4.0,1.0,77.8,14.0
2026,19,2026-07-18,Joe,Berry,Port Adelaide,INT,3.0,258.0,0.0,12.0,3.0,1.0,2.0,1.0,71.4,10.0
2026,19,2026-07-18,Jase,Burgoyne,Port Adelaide,INT,7.0,543.0,2.0,17.0,7.0,4.0,7.0,1.0,75.0,18.0
2026,19,2026-07-18,Darcy,Byrne-Jones,Port Adelaide,HBFL,2.0,355.0,5.0,18.0,2.0,0.0,3.0,0.0,90.5,19.0
2026,19,2026-07-18,Willem,Drew,Port Adelaide,R,2.0,338.0,4.0,22.0,5.0,4.0,4.0,0.0,64.7,11.0
2026,19,2026-07-18,Corey,Durdin,Port Adelaide,FPL,2.0,117.0,1.0,10.0,2.0,0.0,3.0,0.0,62.5,5.0
2026,19,2026-07-18,Logan,Evans,Port Adelaide,WR,2.0,364.0,5.0,8.0,3.0,0.0,4.0,0.0,95.7,22.0
2026,19,2026-07-18,Lachie,Jones,Port Adelaide,HBFR,2.0,286.0,7.0,5.0,6.0,0.0,3.0,0.0,70.6,12.0
2026,19,2026-07-18,Josh,Lai,Port Adelaide,BPL,1.0,113.0,4.0,6.0,2.0,1.0,2.0,0.0,66.7,8.0
2026,19,2026-07-18,Todd,Marshall,Port Adelaide,CHF,0.0,108.0,0.0,8.0,1.0,0.0,1.0,2.0,60.0,3.0
2026,19,2026-07-18,Jackson,Mead,Port Adelaide,FPR,1.0,110.0,0.0,17.0,3.0,0.0,1.0,2.0,85.7,6.0
2026,19,2026-07-18,Christian,Moraes,Port Adelaide,INT,1.0,174.0,4.0,9.0,6.0,0.0,5.0,0.0,61.5,8.0
2026,19,2026-07-18,Balyn,O'Brien,Port Adelaide,INT,1.0,206.0,2.0,4.0,2.0,0.0,2.0,0.0,80.0,8.0
2026,19,2026-07-18,Joe,Richards,Port Adelaide,C,4.0,399.0,5.0,21.0,4.0,2.0,9.0,4.0,64.5,20.0
2026,19,2026-07-18,Jordon,Sweet,Port Adelaide,RK,7.0,156.0,1.0,9.0,3.0,1.0,1.0,1.0,72.7,8.0
2026,19,2026-07-18,Dante,Visentini,Port Adelaide,HFFR,6.0,57.0,1.0,7.0,0.0,0.0,1.0,0.0,90.9,10.0
2026,19,2026-07-18,Jacob,Wehr,Port Adelaide,INT,1.0,212.0,0.0,8.0,3.0,0.0,0.0,0.0,66.7,6.0
2026,19,2026-07-18,Jack,Whitlock,Port Adelaide,FF,5.0,130.0,1.0,10.0,1.0,0.0,0.0,2.0,50.0,5.0
2026,19,2026-07-18,Ollie,Wines,Port Adelaide,RR,6.0,163.0,4.0,23.0,4.0,3.0,16.0,3.0,63.3,19.0
2026,19,2026-07-18,Mitch,Zadow,Port Adelaide,WL,7.0,264.0,1.0,10.0,0.0,0.0,3.0,2.0,70.0,7.0
2026,19,2026-07-18,Brandon,Zerk-Thatcher,Port Adelaide,FB,0.0,108.0,5.0,7.0,3.0,0.0,4.0,0.0,80.0,8.0
2026,19,2026-07-18,Jye,Amiss,Fremantle,FF,10.0,246.0,0.0,5.0,0.0,0.0,2.0,0.0,75.0,9.0
2026,19,2026-07-18,Andrew,Brayshaw,Fremantle,C,7.0,491.0,5.0,18.0,7.0,0.0,8.0,1.0,80.0,24.0
2026,19,2026-07-18,Heath,Chapman,Fremantle,BPR,2.0,126.0,3.0,12.0,1.0,0.0,3.0,0.0,93.8,15.0
2026,19,2026-07-18,Jordan,Clark,Fremantle,HBFL,5.0,451.0,5.0,6.0,4.0,0.0,3.0,0.0,81.8,18.0
2026,19,2026-07-18,Brennan,Cox,Fremantle,BPL,2.0,223.0,4.0,1.0,0.0,0.0,2.0,0.0,80.0,8.0
2026,19,2026-07-18,Mason,Cox,Fremantle,INT,5.0,59.0,1.0,0.0,0.0,1.0,1.0,0.0,66.7,4.0
2026,19,2026-07-18,Isaiah,Dudley,Fremantle,INT,10.0,294.0,4.0,14.0,4.0,0.0,4.0,3.0,77.8,14.0
2026,19,2026-07-18,Neil,Erasmus,Fremantle,INT,7.0,311.0,4.0,13.0,6.0,1.0,5.0,0.0,68.2,15.0
2026,19,2026-07-18,Michael,Frederick,Fremantle,CHF,4.0,351.0,1.0,11.0,2.0,0.0,2.0,1.0,69.2,9.0
2026,19,2026-07-18,Luke,Jackson,Fremantle,RK,9.0,132.0,0.0,13.0,2.0,2.0,4.0,0.0,93.8,15.0
2026,19,2026-07-18,Matthew,Johnson,Fremantle,INT,3.0,368.0,4.0,19.0,6.0,0.0,7.0,0.0,70.0,14.0
2026,19,2026-07-18,Judd,McVee,Fremantle,HBFR,4.0,187.0,4.0,9.0,1.0,0.0,2.0,0.0,100.0,15.0
2026,19,2026-07-18,Nathan,O'Driscoll,Fremantle,WR,2.0,208.0,2.0,12.0,5.0,0.0,4.0,0.0,75.0,12.0
2026,19,2026-07-18,Jaeger,O'Meara,Fremantle,WL,4.0,215.0,3.0,9.0,3.0,0.0,2.0,0.0,66.7,10.0
2026,19,2026-07-18,Alex,Pearce,Fremantle,FB,1.0,171.0,5.0,4.0,1.0,0.0,4.0,0.0,80.0,8.0
2026,19,2026-07-18,Murphy,Reid,Fremantle,HFFL,5.0,189.0,0.0,10.0,4.0,0.0,4.0,0.0,60.0,9.0
2026,19,2026-07-18,Luke,Ryan,Fremantle,CHB,5.0,404.0,7.0,4.0,2.0,1.0,3.0,0.0,100.0,21.0
2026,19,2026-07-18,Caleb,Serong,Fremantle,RR,5.0,282.0,1.0,18.0,2.0,3.0,9.0,1.0,71.4,20.0
2026,19,2026-07-18,Sam,Switkowski,Fremantle,HFFR,4.0,104.0,2.0,14.0,4.0,0.0,2.0,0.0,76.9,10.0
2026,19,2026-07-18,Josh,Treacy,Fremantle,FPR,10.0,240.0,1.0,8.0,2.0,0.0,3.0,1.0,78.6,11.0
2026,19,2026-07-18,Patrick,Voss,Fremantle,FPL,5.0,203.0,4.0,13.0,2.0,0.0,3.0,4.0,62.5,5.0
2026,19,2026-07-18,Karl,Worner,Fremantle,INT,2.0,522.0,7.0,7.0,9.0,0.0,1.0,0.0,73.7,14.0
2026,19,2026-07-18,Hayden,Young,Fremantle,R,5.0,338.0,0.0,4.0,0.0,1.0,3.0,0.0,80.0,16.0
2026,19,2026-07-18,Charlie,Comben,North Melbourne,FB,1.0,90.0,7.0,1.0,1.0,0.0,2.0,0.0,100.0,11.0
2026,19,2026-07-18,Aidan,Corr,North Melbourne,BPL,1.0,169.0,3.0,6.0,0.0,0.0,2.0,0.0,91.7,11.0
2026,19,2026-07-18,Paul,Curtis,North Melbourne,HFFL,5.0,290.0,0.0,15.0,0.0,0.0,2.0,1.0,83.3,10.0
2026,19,2026-07-18,Caleb,Daniel,North Melbourne,CHB,5.0,423.0,5.0,7.0,3.0,1.0,5.0,0.0,88.9,24.0
2026,19,2026-07-18,Jack,Darling,North Melbourne,INT,4.0,201.0,0.0,11.0,4.0,0.0,0.0,1.0,66.7,6.0
2026,19,2026-07-18,Luke,Davies-Uniacke,North Melbourne,C,6.0,520.0,0.0,24.0,3.0,1.0,7.0,0.0,85.7,24.0
2026,19,2026-07-18,Josh,Goater,North Melbourne,HBFL,3.0,216.0,3.0,6.0,1.0,0.0,2.0,0.0,55.6,5.0
2026,19,2026-07-18,Riley,Hardeman,North Melbourne,INT,1.0,284.0,2.0,8.0,4.0,0.0,4.0,0.0,78.6,11.0
2026,19,2026-07-18,Cooper,Harvey,North Melbourne,WL,4.0,462.0,4.0,9.0,4.0,0.0,5.0,0.0,89.3,25.0
2026,19,2026-07-18,Nick,Larkey,North Melbourne,FF,5.0,171.0,0.0,11.0,2.0,0.0,0.0,0.0,50.0,5.0
2026,19,2026-07-18,Luke,McDonald,North Melbourne,FPL,2.0,94.0,0.0,5.0,1.0,0.0,0.0,0.0,100.0,7.0
2026,19,2026-07-18,Colby,McKercher,North Melbourne,HBFR,3.0,287.0,3.0,16.0,3.0,0.0,5.0,0.0,84.6,22.0
2026,19,2026-07-18,Finn,O'Sullivan,North Melbourne,RR,5.0,244.0,4.0,19.0,6.0,3.0,7.0,0.0,69.6,16.0
2026,19,2026-07-18,Luke,Parker,North Melbourne,BPR,2.0,351.0,3.0,7.0,3.0,0.0,3.0,0.0,85.7,18.0
2026,19,2026-07-18,Bailey,Scott,North Melbourne,INT,4.0,236.0,0.0,20.0,1.0,0.0,4.0,0.0,83.3,15.0
2026,19,2026-07-18,Harry,Sheezel,North Melbourne,R,8.0,438.0,3.0,21.0,4.0,1.0,7.0,0.0,75.8,25.0
2026,19,2026-07-18,Jy,Simpkin,North Melbourne,INT,5.0,525.0,3.0,19.0,5.0,2.0,5.0,0.0,56.0,14.0
2026,19,2026-07-18,Charlie,Spargo,North Melbourne,HFFR,3.0,228.0,2.0,13.0,2.0,0.0,2.0,0.0,81.8,9.0
2026,19,2026-07-18,Dylan,Stephens,North Melbourne,WR,4.0,351.0,2.0,18.0,2.0,0.0,3.0,0.0,72.2,13.0
2026,19,2026-07-18,Cooper,Trembath,North Melbourne,CHF,3.0,103.0,2.0,14.0,3.0,2.0,3.0,2.0,70.0,7.0
2026,19,2026-07-18,Matt,Whitlock,North Melbourne,FPR,4.0,107.0,0.0,8.0,3.0,0.0,2.0,0.0,66.7,6.0
2026,19,2026-07-18,Tristan,Xerri,North Melbourne,RK,4.0,69.0,4.0,9.0,2.0,4.0,8.0,0.0,73.7,14.0
2026,19,2026-07-18,Cameron,Zurhaar,North Melbourne,INT,0.0,289.0,3.0,6.0,2.0,0.0,1.0,0.0,68.8,11.0
2026,19,2026-07-18,Jake,Bowey,Melbourne,BPL,5.0,533.0,4.0,9.0,3.0,0.0,3.0,0.0,89.7,26.0
2026,19,2026-07-18,Kade,Chandler,Melbourne,CHF,5.0,146.0,0.0,21.0,0.0,0.0,4.0,2.0,75.0,9.0
2026,19,2026-07-18,Joel,Fitzgerald,Melbourne,INT,0.0,145.0,0.0,18.0,4.0,0.0,1.0,0.0,33.3,3.0
2026,19,2026-07-18,Bayley,Fritsch,Melbourne,INT,5.0,266.0,2.0,7.0,2.0,0.0,1.0,0.0,93.3,14.0
2026,19,2026-07-18,Max,Gawn,Melbourne,RK,3.0,262.0,2.0,2.0,3.0,0.0,6.0,0.0,65.2,15.0
2026,19,2026-07-18,Max,Heath,Melbourne,INT,3.0,33.0,0.0,7.0,0.0,0.0,1.0,0.0,83.3,5.0
2026,19,2026-07-18,Blake,Howes,Melbourne,HBFR,2.0,174.0,7.0,9.0,2.0,0.0,7.0,0.0,72.2,13.0
2026,19,2026-07-18,Matthew,Jefferson,Melbourne,FPR,5.0,103.0,1.0,12.0,0.0,0.0,2.0,1.0,90.0,9.0
2026,19,2026-07-18,Changkuoth,Jiath,Melbourne,BPR,2.0,298.0,3.0,6.0,2.0,1.0,3.0,0.0,91.7,11.0
2026,19,2026-07-18,Ed,Langdon,Melbourne,WL,3.0,375.0,5.0,17.0,2.0,0.0,3.0,1.0,85.0,17.0
2026,19,2026-07-18,Harvey,Langford,Melbourne,HFFR,4.0,276.0,4.0,3.0,3.0,1.0,9.0,0.0,90.5,19.0
2026,19,2026-07-18,Jake,Lever,Melbourne,FB,3.0,234.0,5.0,4.0,3.0,0.0,1.0,0.0,81.3,13.0
2026,19,2026-07-18,Jake,Melksham,Melbourne,FPL,1.0,97.0,2.0,6.0,4.0,0.0,0.0,1.0,57.1,4.0
2026,19,2026-07-18,Kysaiah,Pickett,Melbourne,HFFL,7.0,723.0,2.0,12.0,3.0,1.0,5.0,0.0,75.9,22.0
2026,19,2026-07-18,Latrelle,Pickett,Melbourne,INT,5.0,32.0,0.0,19.0,0.0,1.0,2.0,0.0,85.7,6.0
2026,19,2026-07-18,Trent,Rivers,Melbourne,INT,5.0,613.0,6.0,13.0,4.0,0.0,3.0,0.0,92.3,24.0
2026,19,2026-07-18,Harry,Sharp,Melbourne,WR,6.0,202.0,2.0,19.0,2.0,0.0,1.0,0.0,55.6,5.0
2026,19,2026-07-18,Tom,Sparrow,Melbourne,C,7.0,416.0,3.0,34.0,8.0,4.0,11.0,0.0,60.6,20.0
2026,19,2026-07-18,Jack,Steele,Melbourne,RR,8.0,208.0,1.0,25.0,1.0,1.0,2.0,0.0,82.6,19.0
2026,19,2026-07-18,Koltyn,Tholstrup,Melbourne,HBFL,5.0,421.0,6.0,12.0,5.0,0.0,7.0,0.0,77.3,17.0
2026,19,2026-07-18,Daniel,Turner,Melbourne,CHB,0.0,4.0,2.0,3.0,1.0,0.0,1.0,0.0,50.0,2.0
2026,19,2026-07-18,Jacob,van Rooyen,Melbourne,FF,7.0,282.0,0.0,7.0,1.0,0.0,0.0,0.0,62.5,5.0
2026,19,2026-07-18,Caleb,Windsor,Melbourne,R,6.0,186.0,2.0,13.0,0.0,1.0,4.0,0.0,78.6,11.0
2026,19,2026-07-18,Edward,Allan,Collingwood,C,2.0,207.0,4.0,18.0,3.0,1.0,7.0,1.0,75.0,12.0
2026,19,2026-07-18,Angus,Anderson,Collingwood,FF,6.0,229.0,2.0,12.0,0.0,0.0,1.0,0.0,75.0,9.0
2026,19,2026-07-18,Darcy,Cameron,Collingwood,RK,1.0,210.0,6.0,10.0,8.0,2.0,5.0,0.0,50.0,9.0
2026,19,2026-07-18,Jack,Crisp,Collingwood,WR,4.0,287.0,4.0,20.0,1.0,3.0,5.0,1.0,76.5,13.0
2026,19,2026-07-18,Josh,Daicos,Collingwood,CHB,2.0,346.0,2.0,10.0,3.0,0.0,1.0,0.0,78.3,18.0
2026,19,2026-07-18,Nick,Daicos,Collingwood,CHF,10.0,579.0,1.0,15.0,4.0,1.0,5.0,0.0,80.6,29.0
2026,19,2026-07-18,Jordan,De Goey,Collingwood,R,3.0,368.0,1.0,6.0,5.0,0.0,5.0,0.0,68.0,17.0
2026,19,2026-07-18,Billy,Frampton,Collingwood,BPL,1.0,78.0,6.0,4.0,1.0,0.0,2.0,0.0,75.0,6.0
2026,19,2026-07-18,Harvey,Harrison,Collingwood,HFFL,5.0,309.0,1.0,10.0,1.0,0.0,2.0,0.0,76.9,10.0
2026,19,2026-07-18,Dan,Houston,Collingwood,HBFL,7.0,467.0,5.0,11.0,3.0,0.0,2.0,1.0,76.0,19.0
2026,19,2026-07-18,Patrick,Lipinski,Collingwood,WL,5.0,206.0,3.0,15.0,3.0,0.0,8.0,1.0,76.2,16.0
2026,19,2026-07-18,Ned,Long,Collingwood,RR,7.0,176.0,3.0,20.0,1.0,1.0,6.0,2.0,75.0,12.0
2026,19,2026-07-18,Brayden,Maynard,Collingwood,BPR,4.0,416.0,6.0,15.0,2.0,0.0,3.0,0.0,78.6,11.0
2026,19,2026-07-18,Beau,McCreery,Collingwood,HFFR,5.0,383.0,0.0,27.0,5.0,1.0,4.0,0.0,66.7,10.0
2026,19,2026-07-18,Daniel,McStay,Collingwood,FPL,4.0,82.0,1.0,5.0,1.0,0.0,2.0,2.0,50.0,3.0
2026,19,2026-07-18,Tim,Membrey,Collingwood,FPR,8.0,131.0,0.0,9.0,2.0,0.0,7.0,0.0,81.3,13.0
2026,19,2026-07-18,Scott,Pendlebury,Collingwood,INT,6.0,152.0,2.0,5.0,1.0,2.0,8.0,0.0,70.0,14.0
2026,19,2026-07-18,Harry,Perryman,Collingwood,INT,2.0,297.0,1.0,13.0,3.0,0.0,0.0,0.0,76.9,10.0
2026,19,2026-07-18,Liam,Puncher,Collingwood,FB,1.0,74.0,3.0,10.0,0.0,0.0,0.0,0.0,100.0,5.0
2026,19,2026-07-18,Isaac,Quaynor,Collingwood,HBFR,1.0,295.0,3.0,11.0,2.0,0.0,1.0,0.0,80.0,8.0
2026,19,2026-07-18,Steele,Sidebottom,Collingwood,INT,0.0,239.0,4.0,13.0,6.0,0.0,5.0,0.0,46.7,7.0
2026,19,2026-07-18,Sam,Swadling,Collingwood,INT,2.0,130.0,2.0,8.0,2.0,0.0,5.0,0.0,69.2,9.0
2026,19,2026-07-18,Charlie,West,Collingwood,INT,4.0,135.0,0.0,8.0,3.0,0.0,1.0,0.0,54.5,6.0
2026,19,2026-07-18,Blake,Acres,Carlton,WR,3.0,238.0,4.0,15.0,4.0,0.0,1.0,2.0,70.6,12.0
2026,19,2026-07-18,Ben,Ainsworth,Carlton,HFFR,4.0,401.0,2.0,14.0,7.0,0.0,3.0,0.0,55.6,10.0
2026,19,2026-07-18,Talor,Byrne,Carlton,INT,3.0,200.0,2.0,10.0,4.0,0.0,4.0,2.0,64.3,9.0
2026,19,2026-07-18,Adam,Cerra,Carlton,WL,0.0,107.0,0.0,4.0,1.0,0.0,0.0,0.0,83.3,5.0
2026,19,2026-07-18,Matthew,Cottrell,Carlton,INT,5.0,223.0,0.0,17.0,2.0,0.0,4.0,1.0,66.7,10.0
2026,19,2026-07-18,Lachlan,Cowan,Carlton,HBFR,2.0,285.0,4.0,11.0,2.0,0.0,2.0,0.0,76.5,13.0
2026,19,2026-07-18,Patrick,Cripps,Carlton,C,7.0,440.0,0.0,23.0,6.0,2.0,6.0,2.0,63.3,19.0
2026,19,2026-07-18,Harry,Dean,Carlton,BPL,1.0,123.0,9.0,6.0,4.0,0.0,6.0,0.0,66.7,10.0
2026,19,2026-07-18,Wade,Derksen,Carlton,INT,2.0,138.0,4.0,6.0,1.0,0.0,2.0,0.0,77.8,7.0
2026,19,2026-07-18,Francis,Evans,Carlton,CHF,4.0,163.0,2.0,11.0,2.0,0.0,3.0,1.0,84.6,11.0
2026,19,2026-07-18,Oliver,Florent,Carlton,CHB,5.0,479.0,3.0,7.0,1.0,0.0,4.0,0.0,79.2,19.0
2026,19,2026-07-18,Nick,Haynes,Carlton,FB,4.0,281.0,7.0,7.0,3.0,0.0,2.0,0.0,86.7,13.0
2026,19,2026-07-18,Will,Hayward,Carlton,HFFL,4.0,238.0,2.0,4.0,2.0,0.0,1.0,0.0,45.5,5.0
2026,19,2026-07-18,George,Hewett,Carlton,INT,4.0,246.0,2.0,12.0,8.0,4.0,6.0,0.0,60.0,15.0
2026,19,2026-07-18,Brodie,Kemp,Carlton,FPL,4.0,163.0,2.0,8.0,1.0,0.0,2.0,1.0,76.9,10.0
2026,19,2026-07-18,Cooper,Lord,Carlton,INT,3.0,338.0,2.0,11.0,0.0,0.0,2.0,0.0,77.8,14.0
2026,19,2026-07-18,Mitch,McGovern,Carlton,FPR,6.0,71.0,2.0,12.0,0.0,0.0,5.0,1.0,90.9,10.0
2026,19,2026-07-18,Harry,McKay,Carlton,FF,1.0,-2.0,0.0,0.0,0.0,0.0,0.0,0.0,0.0,0.0
2026,19,2026-07-18,Nic,Newman,Carlton,BPR,4.0,385.0,1.0,15.0,1.0,0.0,1.0,0.0,75.0,15.0
2026,19,2026-07-18,Liam,Reidy,Carlton,RK,2.0,282.0,0.0,11.0,6.0,4.0,5.0,0.0,62.5,10.0
2026,19,2026-07-18,Jagga,Smith,Carlton,R,5.0,382.0,2.0,7.0,0.0,2.0,9.0,0.0,75.9,22.0
2026,19,2026-07-18,Sam,Walsh,Carlton,RR,5.0,318.0,3.0,17.0,4.0,4.0,12.0,0.0,64.0,16.0
2026,19,2026-07-18,Billy,Wilson,Carlton,HBFL,6.0,404.0,7.0,7.0,1.0,0.0,3.0,0.0,85.7,18.0
2026,19,2026-07-18,Bo,Allan,West Coast Eagles,WR,3.0,132.0,1.0,18.0,2.0,0.0,4.0,0.0,60.0,6.0
2026,19,2026-07-18,Liam,Baker,West Coast Eagles,HBFR,1.0,175.0,5.0,10.0,0.0,0.0,6.0,0.0,81.3,13.0
2026,19,2026-07-18,Rhett,Bazzo,West Coast Eagles,FB,0.0,203.0,8.0,5.0,3.0,0.0,3.0,0.0,70.0,7.0
2026,19,2026-07-18,Tom,Cole,West Coast Eagles,INT,2.0,317.0,0.0,9.0,0.0,0.0,1.0,0.0,70.0,7.0
2026,19,2026-07-18,Hamish,Davis,West Coast Eagles,INT,3.0,207.0,3.0,13.0,5.0,0.0,5.0,0.0,70.6,12.0
2026,19,2026-07-18,Liam,Duggan,West Coast Eagles,BPL,5.0,483.0,6.0,11.0,4.0,0.0,2.0,0.0,63.6,14.0
2026,19,2026-07-18,Willem,Duursma,West Coast Eagles,WL,2.0,340.0,0.0,23.0,2.0,0.0,3.0,1.0,50.0,7.0
2026,19,2026-07-18,Oliver,Francou,West Coast Eagles,INT,3.0,202.0,2.0,26.0,3.0,1.0,7.0,0.0,68.2,15.0
2026,19,2026-07-18,Jack,Graham,West Coast Eagles,HFFR,4.0,220.0,2.0,21.0,2.0,0.0,4.0,2.0,61.5,8.0
2026,19,2026-07-18,Marcus,Herbert,West Coast Eagles,INT,3.0,200.0,7.0,13.0,4.0,0.0,7.0,0.0,72.7,16.0
2026,19,2026-07-18,Brady,Hough,West Coast Eagles,R,2.0,180.0,1.0,14.0,0.0,0.0,1.0,0.0,100.0,8.0
2026,19,2026-07-18,Jack,Hutchinson,West Coast Eagles,FPR,1.0,14.0,0.0,0.0,0.0,0.0,0.0,0.0,0.0,0.0
2026,19,2026-07-18,Tim,Kelly,West Coast Eagles,HFFL,1.0,479.0,0.0,24.0,6.0,4.0,5.0,0.0,70.6,12.0
2026,19,2026-07-18,Tom,McCarthy,West Coast Eagles,HBFL,1.0,517.0,8.0,9.0,3.0,0.0,5.0,0.0,69.6,16.0
2026,19,2026-07-18,Milan,Murdock,West Coast Eagles,FPL,4.0,207.0,2.0,9.0,3.0,0.0,4.0,1.0,56.3,9.0
2026,19,2026-07-18,Harley,Reid,West Coast Eagles,RR,8.0,458.0,3.0,21.0,5.0,3.0,9.0,0.0,60.9,14.0
2026,19,2026-07-18,Jobe,Shanahan,West Coast Eagles,CHF,5.0,148.0,1.0,8.0,2.0,0.0,3.0,1.0,81.8,9.0
2026,19,2026-07-18,Brandon,Starcevich,West Coast Eagles,BPR,1.0,320.0,2.0,11.0,5.0,0.0,4.0,0.0,75.0,9.0
2026,19,2026-07-18,Jake,Waterman,West Coast Eagles,FF,8.0,138.0,0.0,14.0,1.0,0.0,4.0,0.0,100.0,11.0
2026,19,2026-07-18,Bailey J.,Williams,West Coast Eagles,RK,6.0,377.0,1.0,9.0,7.0,4.0,6.0,0.0,56.3,9.0
2026,19,2026-07-18,Jack,Williams,West Coast Eagles,INT,4.0,72.0,0.0,6.0,0.0,2.0,6.0,0.0,87.5,7.0
2026,19,2026-07-18,Elliot,Yeo,West Coast Eagles,C,2.0,217.0,1.0,13.0,3.0,1.0,3.0,0.0,33.3,3.0
2026,19,2026-07-18,Tylar,Young,West Coast Eagles,CHB,1.0,290.0,5.0,9.0,3.0,0.0,1.0,0.0,90.9,10.0
2026,19,2026-07-18,Harris,Andrews,Brisbane Lions,FB,1.0,262.0,10.0,5.0,3.0,0.0,5.0,0.0,86.4,19.0
2026,19,2026-07-18,Noah,Answerth,Brisbane Lions,BPL,3.0,430.0,6.0,12.0,3.0,0.0,3.0,0.0,72.2,13.0
2026,19,2026-07-18,Levi,Ashcroft,Brisbane Lions,HFFR,4.0,295.0,1.0,20.0,6.0,0.0,5.0,0.0,40.0,6.0
2026,19,2026-07-18,Will,Ashcroft,Brisbane Lions,C,8.0,347.0,1.0,13.0,3.0,3.0,7.0,2.0,65.6,21.0
2026,19,2026-07-18,Zac,Bailey,Brisbane Lions,WR,8.0,487.0,2.0,12.0,4.0,0.0,4.0,2.0,65.4,17.0
2026,19,2026-07-18,Jarrod,Berry,Brisbane Lions,WL,2.0,364.0,4.0,7.0,7.0,0.0,7.0,1.0,61.9,13.0
2026,19,2026-07-18,Charlie,Cameron,Brisbane Lions,HFFL,6.0,255.0,0.0,21.0,1.0,0.0,1.0,1.0,77.8,7.0
2026,19,2026-07-18,Sam,Draper,Brisbane Lions,RK,4.0,231.0,3.0,6.0,1.0,1.0,1.0,0.0,25.0,2.0
2026,19,2026-07-18,Josh,Dunkley,Brisbane Lions,RR,9.0,403.0,4.0,22.0,5.0,1.0,9.0,1.0,82.1,23.0
2026,19,2026-07-18,Jaspa,Fletcher,Brisbane Lions,INT,5.0,294.0,5.0,14.0,2.0,0.0,4.0,0.0,93.8,15.0
2026,19,2026-07-18,Darcy,Fort,Brisbane Lions,INT,4.0,60.0,2.0,7.0,1.0,0.0,2.0,0.0,42.9,3.0
2026,19,2026-07-18,Ty,Gallop,Brisbane Lions,CHB,2.0,154.0,3.0,8.0,0.0,0.0,2.0,0.0,70.0,7.0
2026,19,2026-07-18,Eric,Hipwood,Brisbane Lions,FPR,3.0,133.0,0.0,8.0,1.0,0.0,2.0,0.0,75.0,6.0
2026,19,2026-07-18,Ryan,Lester,Brisbane Lions,BPR,9.0,246.0,4.0,5.0,0.0,0.0,2.0,0.0,94.4,17.0
2026,19,2026-07-18,Kai,Lohmann,Brisbane Lions,INT,10.0,372.0,1.0,10.0,1.0,0.0,4.0,3.0,61.1,11.0
2026,19,2026-07-18,Hugh,McCluggage,Brisbane Lions,INT,2.0,166.0,0.0,7.0,4.0,1.0,2.0,1.0,38.5,5.0
2026,19,2026-07-18,Conor,McKenna,Brisbane Lions,FPL,3.0,136.0,1.0,15.0,6.0,0.0,2.0,0.0,44.4,4.0
2026,19,2026-07-18,Logan,Morris,Brisbane Lions,CHF,7.0,256.0,0.0,10.0,0.0,0.0,3.0,1.0,38.5,5.0
2026,19,2026-07-18,Lachie,Neale,Brisbane Lions,R,8.0,286.0,2.0,14.0,3.0,2.0,13.0,1.0,90.6,29.0
2026,19,2026-07-18,Cam,Rayner,Brisbane Lions,FF,6.0,247.0,1.0,13.0,2.0,2.0,4.0,1.0,68.8,11.0
2026,19,2026-07-18,James,Tunstill,Brisbane Lions,INT,5.0,252.0,2.0,15.0,3.0,0.0,6.0,0.0,60.0,12.0
2026,19,2026-07-18,Darcy,Wilmot,Brisbane Lions,HBFL,7.0,538.0,7.0,13.0,1.0,0.0,3.0,0.0,90.0,18.0
2026,19,2026-07-18,Dayne,Zorko,Brisbane Lions,HBFR,6.0,268.0,5.0,8.0,1.0,1.0,2.0,0.0,93.3,14.0
2026,19,2026-07-19,Kye,Annand,Richmond,BPR,1.0,325.0,3.0,2.0,2.0,0.0,0.0,0.0,87.5,7.0
2026,19,2026-07-19,Noah,Balta,Richmond,BPL,2.0,212.0,6.0,4.0,5.0,0.0,1.0,0.0,60.0,6.0
2026,19,2026-07-19,Sam,Banks,Richmond,WR,1.0,126.0,1.0,14.0,1.0,0.0,3.0,0.0,81.8,9.0
2026,19,2026-07-19,Nathan,Broad,Richmond,FB,1.0,236.0,7.0,8.0,1.0,0.0,4.0,0.0,80.0,12.0
2026,19,2026-07-19,Tom,Brown,Richmond,INT,3.0,236.0,5.0,8.0,3.0,0.0,5.0,0.0,81.3,13.0
2026,19,2026-07-19,Seth,Campbell,Richmond,HFFR,5.0,329.0,2.0,17.0,4.0,1.0,5.0,1.0,57.1,12.0
2026,19,2026-07-19,Sam,Cumming,Richmond,RR,2.0,191.0,1.0,16.0,0.0,1.0,4.0,1.0,68.4,13.0
2026,19,2026-07-19,Steely,Green,Richmond,INT,0.0,87.0,1.0,9.0,2.0,0.0,2.0,0.0,16.7,1.0
2026,19,2026-07-19,Sam,Grlj,Richmond,CHB,4.0,175.0,3.0,13.0,2.0,1.0,3.0,0.0,60.0,9.0
2026,19,2026-07-19,Taj,Hotton,Richmond,R,2.0,85.0,2.0,18.0,2.0,1.0,7.0,0.0,83.3,10.0
2026,19,2026-07-19,Sam,Lalor,Richmond,FPL,4.0,229.0,2.0,8.0,2.0,3.0,8.0,0.0,92.9,13.0
2026,19,2026-07-19,Mykelti,Lefau,Richmond,INT,3.0,114.0,0.0,15.0,3.0,0.0,1.0,0.0,80.0,8.0
2026,19,2026-07-19,Tom,Lynch,Richmond,FF,4.0,98.0,1.0,7.0,3.0,0.0,3.0,0.0,66.7,6.0
2026,19,2026-07-19,Rhyan,Mansell,Richmond,FPR,4.0,233.0,3.0,12.0,4.0,0.0,3.0,2.0,41.7,5.0
2026,19,2026-07-19,Kane,McAuliffe,Richmond,INT,3.0,196.0,1.0,11.0,3.0,0.0,4.0,0.0,78.6,11.0
2026,19,2026-07-19,Toby,Nankervis,Richmond,RK,6.0,201.0,0.0,12.0,2.0,2.0,2.0,1.0,66.7,12.0
2026,19,2026-07-19,Dion,Prestia,Richmond,CHF,4.0,478.0,4.0,10.0,8.0,1.0,5.0,0.0,60.0,15.0
2026,19,2026-07-19,Hugo,Ralphsmith,Richmond,HFFL,4.0,434.0,4.0,10.0,5.0,0.0,3.0,1.0,64.3,9.0
2026,19,2026-07-19,Patrick,Retschko,Richmond,WL,3.0,298.0,4.0,12.0,3.0,0.0,5.0,0.0,78.9,15.0
2026,19,2026-07-19,Jayden,Short,Richmond,INT,2.0,355.0,2.0,8.0,2.0,0.0,2.0,0.0,93.8,15.0
2026,19,2026-07-19,Tim,Taranto,Richmond,C,3.0,260.0,2.0,27.0,2.0,1.0,5.0,3.0,66.7,18.0
2026,19,2026-07-19,James,Trezise,Richmond,HBFR,1.0,126.0,2.0,9.0,3.0,0.0,1.0,0.0,85.7,6.0
2026,19,2026-07-19,Nick,Vlastuin,Richmond,HBFL,1.0,275.0,3.0,11.0,5.0,0.0,1.0,0.0,72.7,8.0
2026,19,2026-07-19,Tom,Barrass,Hawthorn,FB,1.0,68.0,6.0,2.0,1.0,0.0,4.0,0.0,92.9,13.0
2026,19,2026-07-19,Josh,Battle,Hawthorn,HBFR,3.0,373.0,8.0,9.0,4.0,0.0,6.0,0.0,85.2,23.0
2026,19,2026-07-19,Mabior,Chol,Hawthorn,CHF,4.0,171.0,0.0,13.0,0.0,2.0,2.0,0.0,87.5,7.0
2026,19,2026-07-19,Massimo,D'Ambrosio,Hawthorn,HFFR,5.0,344.0,4.0,16.0,2.0,1.0,5.0,0.0,88.9,24.0
2026,19,2026-07-19,Jack,Ginnivan,Hawthorn,WL,5.0,145.0,1.0,1.0,0.0,0.0,2.0,0.0,91.7,11.0
2026,19,2026-07-19,Oliver,Greeves,Hawthorn,INT,7.0,139.0,1.0,7.0,3.0,0.0,1.0,1.0,71.4,10.0
2026,19,2026-07-19,Jack,Gunston,Hawthorn,FPR,3.0,97.0,0.0,10.0,1.0,0.0,3.0,2.0,75.0,6.0
2026,19,2026-07-19,Blake,Hardwick,Hawthorn,BPR,4.0,218.0,4.0,9.0,0.0,0.0,2.0,0.0,95.2,20.0
2026,19,2026-07-19,Jarman,Impey,Hawthorn,HBFL,7.0,680.0,7.0,7.0,5.0,0.0,3.0,0.0,88.2,30.0
2026,19,2026-07-19,Mitch,Lewis,Hawthorn,FF,8.0,274.0,0.0,3.0,3.0,0.0,2.0,0.0,61.5,8.0
2026,19,2026-07-19,Bailey,Macdonald,Hawthorn,INT,4.0,191.0,2.0,11.0,2.0,0.0,2.0,0.0,77.8,14.0
2026,19,2026-07-19,Connor,Macdonald,Hawthorn,INT,9.0,371.0,1.0,8.0,4.0,0.0,1.0,0.0,75.8,25.0
2026,19,2026-07-19,Cam,Mackenzie,Hawthorn,R,5.0,203.0,2.0,21.0,3.0,2.0,5.0,0.0,65.0,13.0
2026,19,2026-07-19,William,McCabe,Hawthorn,INT,1.0,318.0,2.0,5.0,5.0,0.0,1.0,1.0,76.9,10.0
2026,19,2026-07-19,Lloyd,Meek,Hawthorn,RK,8.0,151.0,2.0,14.0,1.0,1.0,1.0,2.0,92.9,13.0
2026,19,2026-07-19,Dylan,Moore,Hawthorn,HFFL,8.0,381.0,0.0,9.0,3.0,0.0,3.0,1.0,70.8,17.0
2026,19,2026-07-19,Harry,Morrison,Hawthorn,WR,4.0,124.0,5.0,8.0,0.0,0.0,6.0,1.0,94.7,18.0
2026,19,2026-07-19,Noah,Mraz,Hawthorn,INT,4.0,352.0,5.0,12.0,3.0,1.0,4.0,1.0,56.3,9.0
2026,19,2026-07-19,Jai,Newcombe,Hawthorn,RR,4.0,310.0,1.0,25.0,6.0,3.0,9.0,0.0,63.2,12.0
2026,19,2026-07-19,James,Sicily,Hawthorn,BPL,4.0,467.0,10.0,8.0,5.0,0.0,7.0,0.0,80.8,21.0
2026,19,2026-07-19,Josh,Ward,Hawthorn,C,3.0,345.0,1.0,21.0,3.0,1.0,4.0,0.0,80.0,16.0
2026,19,2026-07-19,Nick,Watson,Hawthorn,FPL,7.0,330.0,0.0,7.0,0.0,0.0,2.0,2.0,72.7,8.0
2026,19,2026-07-19,Josh,Weddle,Hawthorn,CHB,2.0,414.0,5.0,18.0,3.0,0.0,4.0,0.0,70.0,14.0
2026,19,2026-07-19,Oscar,Adams,Gold Coast SUNS,INT,1.0,121.0,3.0,5.0,1.0,0.0,0.0,0.0,100.0,9.0
2026,19,2026-07-19,Beau,Addinsall,Gold Coast SUNS,CHF,2.0,178.0,1.0,2.0,2.0,0.0,4.0,0.0,82.4,14.0
2026,19,2026-07-19,Noah,Anderson,Gold Coast SUNS,C,2.0,139.0,2.0,15.0,3.0,1.0,2.0,1.0,78.3,18.0
2026,19,2026-07-19,Mac,Andrew,Gold Coast SUNS,BPL,5.0,233.0,5.0,2.0,1.0,0.0,3.0,0.0,83.3,15.0
2026,19,2026-07-19,Sam,Collins,Gold Coast SUNS,BPR,3.0,172.0,10.0,7.0,2.0,0.0,4.0,0.0,88.9,16.0
2026,19,2026-07-19,Bailey,Humphrey,Gold Coast SUNS,HFFR,4.0,260.0,0.0,9.0,3.0,0.0,1.0,1.0,75.0,9.0
2026,19,2026-07-19,Joel,Jeffrey,Gold Coast SUNS,INT,3.0,333.0,0.0,12.0,5.0,0.0,1.0,1.0,63.6,7.0
2026,19,2026-07-19,Ben,King,Gold Coast SUNS,FPR,7.0,187.0,1.0,1.0,0.0,0.0,2.0,0.0,36.4,4.0
2026,19,2026-07-19,Caleb,Lewis,Gold Coast SUNS,INT,1.0,57.0,0.0,11.0,2.0,0.0,1.0,3.0,50.0,2.0
2026,19,2026-07-19,Leonardo,Lombard,Gold Coast SUNS,HFFL,7.0,126.0,1.0,17.0,0.0,0.0,3.0,3.0,69.2,9.0
2026,19,2026-07-19,Ben,Long,Gold Coast SUNS,FPL,2.0,121.0,0.0,7.0,5.0,0.0,3.0,3.0,62.5,5.0
2026,19,2026-07-19,Touk,Miller,Gold Coast SUNS,INT,6.0,332.0,2.0,8.0,7.0,4.0,12.0,2.0,71.8,28.0
2026,19,2026-07-19,Ned,Moyle,Gold Coast SUNS,RK,6.0,88.0,1.0,7.0,1.0,2.0,3.0,0.0,72.7,8.0
2026,19,2026-07-19,Jai,Murray,Gold Coast SUNS,INT,5.0,319.0,2.0,7.0,5.0,0.0,3.0,0.0,70.6,12.0
2026,19,2026-07-19,John,Noble,Gold Coast SUNS,HBFL,4.0,599.0,7.0,5.0,3.0,0.0,4.0,0.0,86.7,26.0
2026,19,2026-07-19,Dylan,Patterson,Gold Coast SUNS,WL,2.0,171.0,1.0,7.0,1.0,0.0,2.0,1.0,75.0,6.0
2026,19,2026-07-19,Christian,Petracca,Gold Coast SUNS,R,7.0,394.0,1.0,6.0,6.0,1.0,3.0,0.0,73.9,17.0
2026,19,2026-07-19,Wil,Powell,Gold Coast SUNS,HBFR,5.0,661.0,7.0,10.0,0.0,0.0,6.0,0.0,90.3,28.0
2026,19,2026-07-19,Daniel,Rioli,Gold Coast SUNS,WR,1.0,330.0,4.0,14.0,4.0,0.0,3.0,0.0,80.0,16.0
2026,19,2026-07-19,Matt,Rowell,Gold Coast SUNS,RR,6.0,200.0,2.0,30.0,3.0,1.0,4.0,1.0,80.8,21.0
2026,19,2026-07-19,Bodhi,Uwland,Gold Coast SUNS,FB,4.0,529.0,3.0,4.0,5.0,0.0,1.0,1.0,75.0,18.0
2026,19,2026-07-19,Zeke,Uwland,Gold Coast SUNS,CHB,5.0,567.0,5.0,3.0,3.0,0.0,5.0,0.0,80.8,21.0
2026,19,2026-07-19,Jed,Walter,Gold Coast SUNS,FF,1.0,32.0,0.0,7.0,1.0,0.0,1.0,0.0,100.0,2.0
2026,19,2026-07-19,Marcus,Bontempelli,Western Bulldogs,C,9.0,565.0,5.0,27.0,5.0,2.0,6.0,1.0,78.3,18.0
2026,19,2026-07-19,Lachlan,Bramble,Western Bulldogs,HBFL,1.0,282.0,1.0,10.0,2.0,0.0,1.0,0.0,63.6,7.0
2026,19,2026-07-19,Jedd,Busslinger,Western Bulldogs,HBFR,3.0,437.0,2.0,4.0,5.0,0.0,0.0,0.0,78.9,15.0
2026,19,2026-07-19,Nick,Coffield,Western Bulldogs,INT,1.0,64.0,0.0,2.0,1.0,0.0,0.0,0.0,75.0,6.0
2026,19,2026-07-19,Jordan,Croft,Western Bulldogs,INT,1.0,62.0,1.0,12.0,0.0,0.0,0.0,0.0,66.7,2.0
2026,19,2026-07-19,Sam,Davidson,Western Bulldogs,INT,3.0,42.0,2.0,15.0,1.0,0.0,3.0,2.0,85.7,6.0
2026,19,2026-07-19,Josh,Dolan,Western Bulldogs,CHF,4.0,133.0,1.0,11.0,0.0,1.0,1.0,1.0,62.5,5.0
2026,19,2026-07-19,Tim,English,Western Bulldogs,RK,6.0,122.0,5.0,9.0,0.0,1.0,4.0,1.0,90.0,18.0
2026,19,2026-07-19,Joel,Freijah,Western Bulldogs,RR,3.0,288.0,3.0,19.0,3.0,2.0,5.0,0.0,54.5,6.0
2026,19,2026-07-19,Cooper,Hynes,Western Bulldogs,WR,5.0,343.0,3.0,10.0,5.0,0.0,2.0,1.0,85.7,12.0
2026,19,2026-07-19,Arthur,Jones,Western Bulldogs,HFFR,1.0,220.0,3.0,5.0,2.0,0.0,5.0,1.0,88.9,8.0
2026,19,2026-07-19,Matthew,Kennedy,Western Bulldogs,INT,5.0,368.0,1.0,9.0,1.0,0.0,2.0,1.0,94.1,16.0
2026,19,2026-07-19,Buku,Khamis,Western Bulldogs,BPR,2.0,203.0,8.0,4.0,2.0,0.0,6.0,0.0,69.2,9.0
2026,19,2026-07-19,Rory,Lobb,Western Bulldogs,CHB,3.0,165.0,1.0,9.0,2.0,0.0,3.0,0.0,53.8,7.0
2026,19,2026-07-19,Lachlan,McNeil,Western Bulldogs,HFFL,2.0,127.0,3.0,6.0,2.0,0.0,4.0,0.0,66.7,6.0
2026,19,2026-07-19,Aaron,Naughton,Western Bulldogs,FF,4.0,145.0,1.0,4.0,4.0,0.0,0.0,0.0,60.0,6.0
2026,19,2026-07-19,James,O'Donnell,Western Bulldogs,FB,2.0,107.0,0.0,3.0,1.0,0.0,1.0,0.0,60.0,3.0
2026,19,2026-07-19,Ed,Richards,Western Bulldogs,R,7.0,397.0,0.0,12.0,3.0,1.0,2.0,0.0,81.3,13.0
2026,19,2026-07-19,Ryley,Sanders,Western Bulldogs,WL,3.0,224.0,2.0,23.0,4.0,1.0,4.0,1.0,72.7,16.0
2026,19,2026-07-19,Michael,Sellwood,Western Bulldogs,BPL,3.0,302.0,8.0,9.0,3.0,0.0,3.0,0.0,80.0,12.0
2026,19,2026-07-19,Cody,Weightman,Western Bulldogs,FPR,3.0,405.0,0.0,8.0,5.0,1.0,4.0,1.0,42.9,6.0
2026,19,2026-07-19,Rhylee,West,Western Bulldogs,FPL,2.0,130.0,3.0,18.0,1.0,0.0,1.0,0.0,69.2,9.0
2026,19,2026-07-19,Bailey,Williams,Western Bulldogs,INT,1.0,776.0,9.0,10.0,6.0,0.0,5.0,0.0,86.2,25.0
2026,19,2026-07-19,Jaxon,Artemis,Essendon,INT,3.0,202.0,2.0,10.0,4.0,0.0,3.0,1.0,63.6,7.0
2026,19,2026-07-19,Nick,Bryan,Essendon,RK,3.0,307.0,1.0,10.0,6.0,2.0,1.0,0.0,70.6,12.0
2026,19,2026-07-19,Nate,Caddy,Essendon,CHF,0.0,67.0,0.0,3.0,0.0,0.0,0.0,0.0,50.0,1.0
2026,19,2026-07-19,Jye,Caldwell,Essendon,INT,0.0,65.0,1.0,12.0,1.0,1.0,5.0,0.0,76.5,13.0
2026,19,2026-07-19,Angus,Clarke,Essendon,WL,3.0,270.0,2.0,19.0,4.0,0.0,1.0,0.0,84.6,11.0
2026,19,2026-07-19,Archer,Day-Wicks,Essendon,FPR,4.0,246.0,4.0,18.0,4.0,0.0,7.0,2.0,66.7,10.0
2026,19,2026-07-19,Sam,Durham,Essendon,C,6.0,443.0,2.0,9.0,1.0,2.0,7.0,1.0,80.0,20.0
2026,19,2026-07-19,Xavier,Duursma,Essendon,INT,3.0,65.0,3.0,17.0,0.0,0.0,2.0,1.0,81.8,9.0
2026,19,2026-07-19,Hussien,El Achkar,Essendon,INT,2.0,86.0,2.0,20.0,2.0,0.0,2.0,4.0,50.0,4.0
2026,19,2026-07-19,Jacob,Farrow,Essendon,WR,4.0,236.0,1.0,13.0,5.0,0.0,3.0,0.0,75.0,15.0
2026,19,2026-07-19,Isaac,Kako,Essendon,FPL,2.0,114.0,0.0,22.0,3.0,0.0,5.0,3.0,75.0,9.0
2026,19,2026-07-19,Max,Kondogiannis,Essendon,INT,2.0,52.0,1.0,12.0,1.0,0.0,1.0,2.0,87.5,7.0
2026,19,2026-07-19,Kyle,Langford,Essendon,HBFL,2.0,75.0,1.0,14.0,3.0,0.0,2.0,2.0,42.9,3.0
2026,19,2026-07-19,Andrew,McGrath,Essendon,BPL,3.0,185.0,5.0,9.0,3.0,0.0,6.0,0.0,88.9,16.0
2026,19,2026-07-19,Zach,Merrett,Essendon,RR,6.0,452.0,2.0,21.0,5.0,0.0,4.0,0.0,80.0,28.0
2026,19,2026-07-19,Jaxon,Prior,Essendon,HFFR,1.0,590.0,3.0,6.0,4.0,0.0,2.0,0.0,70.0,14.0
2026,19,2026-07-19,Mason,Redman,Essendon,CHB,3.0,355.0,5.0,8.0,2.0,0.0,3.0,0.0,88.2,15.0
2026,19,2026-07-19,Zach,Reid,Essendon,FB,1.0,354.0,3.0,6.0,5.0,0.0,3.0,0.0,53.3,8.0
2026,19,2026-07-19,Jordan,Ridley,Essendon,BPR,1.0,205.0,7.0,2.0,0.0,0.0,2.0,0.0,100.0,14.0
2026,19,2026-07-19,Archie,Roberts,Essendon,HBFR,1.0,407.0,8.0,4.0,7.0,0.0,9.0,0.0,66.7,18.0
2026,19,2026-07-19,Sullivan,Robey,Essendon,R,2.0,264.0,1.0,18.0,5.0,1.0,6.0,1.0,58.8,10.0
2026,19,2026-07-19,Dyson,Sharp,Essendon,HFFL,2.0,214.0,5.0,18.0,4.0,3.0,10.0,0.0,69.6,16.0
2026,19,2026-07-19,Peter,Wright,Essendon,FF,3.0,126.0,2.0,5.0,1.0,1.0,5.0,1.0,80.0,12.0
2026,19,2026-07-19,Ryan,Angwin,GWS GIANTS,WL,4.0,223.0,3.0,21.0,1.0,1.0,8.0,0.0,76.2,16.0
2026,19,2026-07-19,Lachie,Ash,GWS GIANTS,CHB,4.0,453.0,3.0,13.0,5.0,1.0,3.0,0.0,73.9,17.0
2026,19,2026-07-19,Toby,Bedford,GWS GIANTS,FPL,5.0,119.0,2.0,27.0,1.0,0.0,1.0,1.0,62.5,5.0
2026,19,2026-07-19,Callum,Brown,GWS GIANTS,FPR,7.0,345.0,2.0,10.0,2.0,0.0,4.0,1.0,62.5,10.0
2026,19,2026-07-19,Aaron,Cadman,GWS GIANTS,CHF,4.0,109.0,0.0,5.0,1.0,0.0,1.0,2.0,50.0,3.0
2026,19,2026-07-19,Finn,Callaghan,GWS GIANTS,R,6.0,606.0,3.0,14.0,8.0,0.0,3.0,0.0,74.1,20.0
2026,19,2026-07-19,Stephen,Coniglio,GWS GIANTS,HFFL,5.0,218.0,3.0,17.0,3.0,0.0,4.0,3.0,80.0,12.0
2026,19,2026-07-19,Joe,Fonti,GWS GIANTS,INT,5.0,162.0,5.0,8.0,3.0,0.0,1.0,0.0,82.4,14.0
2026,19,2026-07-19,Toby,Greene,GWS GIANTS,RR,3.0,79.0,0.0,2.0,3.0,0.0,3.0,0.0,50.0,3.0
2026,19,2026-07-19,Max,Gruzewski,GWS GIANTS,INT,4.0,150.0,0.0,4.0,0.0,0.0,1.0,0.0,90.0,9.0
2026,19,2026-07-19,Riley,Hamilton,GWS GIANTS,HFFR,2.0,72.0,0.0,19.0,0.0,0.0,1.0,3.0,42.9,3.0
2026,19,2026-07-19,Harry,Himmelberg,GWS GIANTS,HBFL,3.0,277.0,4.0,0.0,3.0,0.0,1.0,0.0,87.5,14.0
2026,19,2026-07-19,Connor,Idun,GWS GIANTS,BPL,2.0,188.0,10.0,6.0,2.0,0.0,8.0,0.0,87.5,21.0
2026,19,2026-07-19,Jayden,Laverde,GWS GIANTS,BPR,3.0,168.0,5.0,5.0,5.0,0.0,4.0,0.0,62.5,10.0
2026,19,2026-07-19,Nicholas,Madden,GWS GIANTS,RK,4.0,-14.0,1.0,10.0,1.0,0.0,2.0,0.0,71.4,10.0
2026,19,2026-07-19,Xavier,O'Halloran,GWS GIANTS,INT,6.0,262.0,4.0,15.0,1.0,0.0,6.0,1.0,76.5,13.0
2026,19,2026-07-19,Clayton,Oliver,GWS GIANTS,C,3.0,114.0,2.0,15.0,6.0,2.0,12.0,0.0,60.9,14.0
2026,19,2026-07-19,Jack,Ough,GWS GIANTS,INT,6.0,248.0,4.0,7.0,3.0,5.0,4.0,0.0,82.4,14.0
2026,19,2026-07-19,Harry,Rowston,GWS GIANTS,INT,6.0,205.0,3.0,13.0,3.0,0.0,6.0,0.0,76.5,13.0
2026,19,2026-07-19,Conor,Stone,GWS GIANTS,WR,6.0,248.0,4.0,14.0,2.0,0.0,2.0,0.0,82.4,14.0
2026,19,2026-07-19,Jake,Stringer,GWS GIANTS,FF,10.0,401.0,2.0,15.0,2.0,0.0,4.0,4.0,28.6,4.0
2026,19,2026-07-19,Sam,Taylor,GWS GIANTS,FB,4.0,108.0,7.0,10.0,4.0,0.0,4.0,0.0,71.4,10.0
2026,19,2026-07-19,Lachie,Whitfield,GWS GIANTS,HBFR,4.0,342.0,3.0,12.0,1.0,0.0,1.0,0.0,82.6,19.0
2026,20,2026-07-23,Sam,Berry,Adelaide Crows,RR,5.0,160.0,2.0,20.0,1.0,5.0,12.0,1.0,86.7,26.0
2026,20,2026-07-23,James,Borlase,Adelaide Crows,FB,2.0,112.0,3.0,8.0,1.0,0.0,1.0,0.0,90.9,10.0
2026,20,2026-07-23,Isaac,Cumming,Adelaide Crows,HBFL,5.0,272.0,4.0,12.0,3.0,0.0,4.0,0.0,81.3,13.0
2026,20,2026-07-23,Daniel,Curtin,Adelaide Crows,R,3.0,438.0,4.0,12.0,7.0,0.0,4.0,1.0,73.9,17.0
2026,20,2026-07-23,Jordan,Dawson,Adelaide Crows,C,6.0,492.0,2.0,25.0,6.0,3.0,5.0,2.0,54.5,12.0
2026,20,2026-07-23,Hugo,Hall-Kahan,Adelaide Crows,INT,1.0,390.0,1.0,14.0,5.0,0.0,3.0,0.0,68.4,13.0
2026,20,2026-07-23,Ben,Keays,Adelaide Crows,INT,4.0,252.0,0.0,12.0,3.0,0.0,2.0,1.0,61.5,8.0
2026,20,2026-07-23,Finnbar,Maley,Adelaide Crows,INT,2.0,67.0,0.0,5.0,3.0,0.0,0.0,0.0,33.3,2.0
2026,20,2026-07-23,Lachlan,McAndrew,Adelaide Crows,RK,4.0,122.0,0.0,20.0,3.0,0.0,6.0,0.0,55.6,5.0
2026,20,2026-07-23,Max,Michalanney,Adelaide Crows,BPR,2.0,212.0,3.0,13.0,1.0,0.0,4.0,0.0,84.6,11.0
2026,20,2026-07-23,Wayne,Milera,Adelaide Crows,HBFR,1.0,530.0,5.0,11.0,8.0,0.0,5.0,0.0,62.5,15.0
2026,20,2026-07-23,Nick,Murray,Adelaide Crows,BPL,1.0,246.0,5.0,9.0,2.0,0.0,2.0,0.0,77.8,7.0
2026,20,2026-07-23,Toby,Murray,Adelaide Crows,INT,2.0,132.0,0.0,3.0,1.0,2.0,1.0,0.0,80.0,4.0
2026,20,2026-07-23,Luke,Nankervis,Adelaide Crows,WL,3.0,217.0,2.0,18.0,1.0,0.0,2.0,0.0,55.0,11.0
2026,20,2026-07-23,Alex,Neal-Bullen,Adelaide Crows,WR,4.0,295.0,4.0,14.0,4.0,0.0,6.0,0.0,72.2,13.0
2026,20,2026-07-23,James,Peatling,Adelaide Crows,INT,1.0,-10.0,2.0,22.0,2.0,0.0,5.0,1.0,69.2,9.0
2026,20,2026-07-23,Josh,Rachele,Adelaide Crows,HFFR,2.0,174.0,3.0,15.0,2.0,0.0,3.0,1.0,57.1,4.0
2026,20,2026-07-23,Izak,Rankine,Adelaide Crows,HFFL,4.0,253.0,7.0,23.0,4.0,0.0,10.0,1.0,72.0,18.0
2026,20,2026-07-23,Jake,Soligo,Adelaide Crows,FPL,3.0,151.0,3.0,25.0,2.0,0.0,5.0,0.0,60.0,9.0
2026,20,2026-07-23,Zac,Taylor,Adelaide Crows,FPR,3.0,56.0,1.0,16.0,1.0,0.0,2.0,0.0,87.5,7.0
2026,20,2026-07-23,Riley,Thilthorpe,Adelaide Crows,CHF,6.0,294.0,0.0,3.0,2.0,0.0,0.0,0.0,100.0,11.0
2026,20,2026-07-23,Taylor,Walker,Adelaide Crows,FF,8.0,395.0,1.0,4.0,5.0,0.0,2.0,0.0,75.0,12.0
2026,20,2026-07-23,Josh,Worrell,Adelaide Crows,CHB,1.0,236.0,12.0,9.0,3.0,0.0,5.0,0.0,81.0,17.0
2026,20,2026-07-23,Edward,Allan,Collingwood,C,7.0,487.0,0.0,10.0,2.0,0.0,3.0,0.0,58.8,10.0
2026,20,2026-07-23,Angus,Anderson,Collingwood,FF,7.0,181.0,2.0,19.0,2.0,0.0,5.0,0.0,76.9,10.0
2026,20,2026-07-23,Darcy,Cameron,Collingwood,RK,9.0,191.0,6.0,19.0,4.0,4.0,8.0,2.0,56.5,13.0
2026,20,2026-07-23,Jack,Crisp,Collingwood,INT,4.0,213.0,4.0,16.0,2.0,3.0,8.0,1.0,70.6,12.0
2026,20,2026-07-23,Josh,Daicos,Collingwood,CHB,1.0,153.0,2.0,9.0,1.0,0.0,3.0,0.0,93.3,14.0
2026,20,2026-07-23,Nick,Daicos,Collingwood,CHF,10.0,610.0,3.0,19.0,6.0,2.0,16.0,0.0,74.4,29.0
2026,20,2026-07-23,Jordan,De Goey,Collingwood,R,6.0,365.0,1.0,7.0,7.0,0.0,4.0,1.0,40.0,8.0
2026,20,2026-07-23,Billy,Frampton,Collingwood,BPL,2.0,259.0,5.0,2.0,1.0,0.0,1.0,0.0,90.0,9.0
2026,20,2026-07-23,Harvey,Harrison,Collingwood,HFFL,3.0,89.0,0.0,10.0,0.0,0.0,2.0,1.0,71.4,5.0
2026,20,2026-07-23,Dan,Houston,Collingwood,WL,2.0,318.0,2.0,10.0,4.0,1.0,2.0,1.0,53.8,7.0
2026,20,2026-07-23,Jeremy,Howe,Collingwood,FB,2.0,289.0,5.0,2.0,3.0,0.0,1.0,0.0,100.0,15.0
2026,20,2026-07-23,Patrick,Lipinski,Collingwood,WR,8.0,257.0,2.0,14.0,0.0,0.0,5.0,0.0,78.9,15.0
2026,20,2026-07-23,Ned,Long,Collingwood,RR,4.0,57.0,0.0,19.0,1.0,1.0,3.0,0.0,76.9,10.0
2026,20,2026-07-23,Brayden,Maynard,Collingwood,BPR,0.0,365.0,3.0,8.0,4.0,0.0,2.0,0.0,87.5,14.0
2026,20,2026-07-23,Beau,McCreery,Collingwood,HFFR,5.0,314.0,3.0,21.0,4.0,0.0,2.0,2.0,83.3,10.0
2026,20,2026-07-23,Daniel,McStay,Collingwood,FPL,10.0,258.0,2.0,8.0,2.0,1.0,5.0,1.0,62.5,10.0
2026,20,2026-07-23,Tim,Membrey,Collingwood,FPR,5.0,160.0,1.0,10.0,6.0,0.0,5.0,0.0,50.0,9.0
2026,20,2026-07-23,Scott,Pendlebury,Collingwood,INT,3.0,385.0,2.0,13.0,3.0,2.0,1.0,0.0,75.9,22.0
2026,20,2026-07-23,Harry,Perryman,Collingwood,INT,2.0,349.0,8.0,11.0,4.0,0.0,5.0,0.0,76.5,13.0
2026,20,2026-07-23,Liam,Puncher,Collingwood,HBFL,0.0,101.0,3.0,8.0,0.0,0.0,1.0,0.0,60.0,3.0
2026,20,2026-07-23,Isaac,Quaynor,Collingwood,HBFR,4.0,338.0,9.0,7.0,3.0,0.0,4.0,0.0,80.0,16.0
2026,20,2026-07-23,Steele,Sidebottom,Collingwood,INT,3.0,402.0,7.0,13.0,5.0,0.0,8.0,0.0,69.6,16.0
2026,20,2026-07-23,Charlie,West,Collingwood,INT,6.0,90.0,0.0,6.0,0.0,0.0,4.0,0.0,70.0,7.0
2026,20,2026-07-24,Jake,Bowey,Melbourne,BPL,3.0,536.0,5.0,17.0,3.0,0.0,6.0,0.0,84.0,21.0
2026,20,2026-07-24,Kade,Chandler,Melbourne,CHF,6.0,272.0,2.0,14.0,1.0,1.0,3.0,2.0,78.6,11.0
2026,20,2026-07-24,Lukas,Cooke,Melbourne,BPR,3.0,173.0,6.0,4.0,1.0,0.0,3.0,0.0,88.9,8.0
2026,20,2026-07-24,Paddy,Cross,Melbourne,HFFL,1.0,122.0,2.0,17.0,1.0,0.0,3.0,0.0,88.9,8.0
2026,20,2026-07-24,Joel,Fitzgerald,Melbourne,INT,3.0,140.0,2.0,18.0,4.0,2.0,4.0,0.0,68.4,13.0
2026,20,2026-07-24,Bayley,Fritsch,Melbourne,FPR,9.0,298.0,2.0,9.0,2.0,0.0,6.0,0.0,78.6,11.0
2026,20,2026-07-24,Max,Gawn,Melbourne,RK,6.0,224.0,0.0,6.0,5.0,3.0,1.0,0.0,73.7,14.0
2026,20,2026-07-24,Blake,Howes,Melbourne,HBFR,5.0,244.0,3.0,11.0,2.0,0.0,4.0,0.0,82.4,14.0
2026,20,2026-07-24,Matthew,Jefferson,Melbourne,INT,5.0,124.0,1.0,15.0,0.0,0.0,0.0,0.0,25.0,1.0
2026,20,2026-07-24,Ed,Langdon,Melbourne,INT,8.0,337.0,2.0,12.0,5.0,0.0,4.0,0.0,72.2,13.0
2026,20,2026-07-24,Harvey,Langford,Melbourne,WR,7.0,358.0,4.0,8.0,4.0,0.0,3.0,0.0,64.7,11.0
2026,20,2026-07-24,Bailey,Laurie,Melbourne,INT,5.0,164.0,0.0,12.0,3.0,0.0,4.0,2.0,66.7,10.0
2026,20,2026-07-24,Jake,Lever,Melbourne,FB,3.0,440.0,13.0,4.0,4.0,0.0,3.0,0.0,75.0,15.0
2026,20,2026-07-24,Tom,McDonald,Melbourne,INT,2.0,274.0,8.0,9.0,5.0,0.0,3.0,0.0,71.4,10.0
2026,20,2026-07-24,Harrison,Petty,Melbourne,CHB,13.0,266.0,3.0,10.0,0.0,0.0,4.0,0.0,92.9,13.0
2026,20,2026-07-24,Kysaiah,Pickett,Melbourne,R,8.0,226.0,1.0,20.0,3.0,5.0,4.0,0.0,71.4,10.0
2026,20,2026-07-24,Latrelle,Pickett,Melbourne,FPL,2.0,144.0,0.0,8.0,0.0,0.0,0.0,0.0,25.0,1.0
2026,20,2026-07-24,Trent,Rivers,Melbourne,HBFL,5.0,394.0,7.0,10.0,4.0,0.0,5.0,0.0,64.7,11.0
2026,20,2026-07-24,Harry,Sharp,Melbourne,HFFR,6.0,287.0,0.0,13.0,3.0,0.0,0.0,0.0,76.9,10.0
2026,20,2026-07-24,Tom,Sparrow,Melbourne,C,7.0,568.0,0.0,30.0,9.0,4.0,5.0,0.0,54.2,13.0
2026,20,2026-07-24,Jack,Steele,Melbourne,RR,6.0,304.0,4.0,22.0,5.0,4.0,8.0,1.0,80.0,24.0
2026,20,2026-07-24,Koltyn,Tholstrup,Melbourne,WL,7.0,189.0,6.0,8.0,4.0,0.0,5.0,0.0,77.3,17.0
2026,20,2026-07-24,Jacob,van Rooyen,Melbourne,FF,4.0,197.0,0.0,9.0,4.0,0.0,2.0,0.0,54.5,6.0
2026,20,2026-07-24,Tom,Atkins,Geelong Cats,RR,6.0,259.0,3.0,32.0,2.0,3.0,9.0,2.0,78.3,18.0
2026,20,2026-07-24,Mark,Blicavs,Geelong Cats,WR,2.0,169.0,2.0,15.0,2.0,2.0,7.0,0.0,61.5,8.0
2026,20,2026-07-24,Tanner,Bruhn,Geelong Cats,HBFR,5.0,529.0,4.0,16.0,0.0,1.0,7.0,0.0,81.5,22.0
2026,20,2026-07-24,Jhye,Clark,Geelong Cats,BPR,4.0,310.0,3.0,16.0,4.0,0.0,3.0,0.0,78.9,15.0
2026,20,2026-07-24,Brad,Close,Geelong Cats,HFFR,7.0,251.0,3.0,12.0,1.0,0.0,4.0,0.0,87.5,14.0
2026,20,2026-07-24,Patrick,Dangerfield,Geelong Cats,FPL,3.0,139.0,1.0,5.0,3.0,0.0,5.0,1.0,50.0,6.0
2026,20,2026-07-24,Oliver,Dempsey,Geelong Cats,WL,4.0,426.0,2.0,8.0,4.0,1.0,3.0,0.0,80.0,12.0
2026,20,2026-07-24,Mitchell,Edwards,Geelong Cats,RK,2.0,273.0,0.0,11.0,5.0,4.0,3.0,0.0,70.0,7.0
2026,20,2026-07-24,Zach,Guthrie,Geelong Cats,HBFL,4.0,298.0,3.0,3.0,1.0,0.0,2.0,0.0,95.2,20.0
2026,20,2026-07-24,Jack,Henry,Geelong Cats,CHB,2.0,78.0,7.0,9.0,1.0,0.0,4.0,0.0,83.3,10.0
2026,20,2026-07-24,Oliver,Henry,Geelong Cats,INT,6.0,197.0,1.0,13.0,1.0,0.0,3.0,1.0,100.0,9.0
2026,20,2026-07-24,Lawson,Humphries,Geelong Cats,INT,1.0,369.0,7.0,17.0,6.0,0.0,5.0,0.0,73.7,14.0
2026,20,2026-07-24,Shaun,Mannagh,Geelong Cats,INT,8.0,243.0,2.0,17.0,2.0,0.0,3.0,0.0,83.3,15.0
2026,20,2026-07-24,Gryan,Miers,Geelong Cats,HFFL,4.0,203.0,0.0,19.0,1.0,0.0,1.0,0.0,84.6,11.0
2026,20,2026-07-24,Oisin,Mullin,Geelong Cats,R,3.0,184.0,1.0,10.0,2.0,1.0,3.0,0.0,50.0,5.0
2026,20,2026-07-24,Shannon,Neale,Geelong Cats,FF,9.0,205.0,1.0,15.0,4.0,0.0,2.0,1.0,76.9,10.0
2026,20,2026-07-24,Mark,O'Connor,Geelong Cats,INT,3.0,139.0,4.0,8.0,2.0,0.0,5.0,0.0,90.0,9.0
2026,20,2026-07-24,Connor,O'Sullivan,Geelong Cats,FB,6.0,416.0,12.0,8.0,3.0,0.0,6.0,0.0,81.0,17.0
2026,20,2026-07-24,Jay,Polkinghorne,Geelong Cats,FPR,5.0,308.0,1.0,7.0,5.0,0.0,0.0,0.0,45.5,5.0
2026,20,2026-07-24,Bailey,Smith,Geelong Cats,C,4.0,681.0,1.0,19.0,8.0,1.0,5.0,0.0,71.4,20.0
2026,20,2026-07-24,Tom,Stewart,Geelong Cats,BPL,5.0,434.0,11.0,9.0,7.0,0.0,8.0,0.0,84.0,21.0
2026,20,2026-07-24,Oliver,Wiltshire,Geelong Cats,CHF,6.0,224.0,0.0,6.0,3.0,0.0,4.0,0.0,53.3,8.0
2026,20,2026-07-24,James,Worpel,Geelong Cats,INT,2.0,314.0,3.0,19.0,4.0,0.0,3.0,1.0,66.7,10.0
2026,20,2026-07-24,Jye,Amiss,Fremantle,FF,11.0,186.0,0.0,2.0,0.0,0.0,4.0,0.0,73.3,11.0
2026,20,2026-07-24,Shai,Bolton,Fremantle,R,9.0,323.0,1.0,11.0,2.0,3.0,5.0,1.0,66.7,12.0
2026,20,2026-07-24,Andrew,Brayshaw,Fremantle,C,7.0,319.0,3.0,27.0,4.0,2.0,6.0,0.0,68.0,17.0
2026,20,2026-07-24,Heath,Chapman,Fremantle,BPR,3.0,148.0,2.0,15.0,1.0,0.0,2.0,0.0,77.8,7.0
2026,20,2026-07-24,Jordan,Clark,Fremantle,HBFL,4.0,398.0,3.0,12.0,2.0,0.0,2.0,0.0,77.8,14.0
2026,20,2026-07-24,Mason,Cox,Fremantle,INT,5.0,52.0,1.0,8.0,0.0,1.0,1.0,0.0,75.0,6.0
2026,20,2026-07-24,Isaiah,Dudley,Fremantle,CHF,8.0,142.0,0.0,16.0,1.0,0.0,5.0,1.0,73.3,11.0
2026,20,2026-07-24,Neil,Erasmus,Fremantle,WL,5.0,142.0,4.0,13.0,2.0,1.0,5.0,0.0,64.3,9.0
2026,20,2026-07-24,Michael,Frederick,Fremantle,WR,5.0,231.0,2.0,16.0,3.0,0.0,5.0,1.0,54.5,6.0
2026,20,2026-07-24,Luke,Jackson,Fremantle,RK,6.0,210.0,0.0,14.0,3.0,2.0,5.0,1.0,63.2,12.0
2026,20,2026-07-24,Matthew,Johnson,Fremantle,INT,7.0,355.0,1.0,16.0,4.0,3.0,4.0,0.0,89.7,26.0
2026,20,2026-07-24,Oscar,McDonald,Fremantle,BPL,5.0,208.0,6.0,13.0,2.0,0.0,1.0,0.0,92.3,12.0
2026,20,2026-07-24,Judd,McVee,Fremantle,INT,4.0,163.0,5.0,9.0,3.0,0.0,3.0,0.0,73.3,11.0
2026,20,2026-07-24,Nathan,O'Driscoll,Fremantle,INT,7.0,453.0,3.0,10.0,4.0,0.0,2.0,0.0,68.4,13.0
2026,20,2026-07-24,Alex,Pearce,Fremantle,FB,2.0,218.0,5.0,5.0,2.0,0.0,2.0,0.0,91.7,11.0
2026,20,2026-07-24,Murphy,Reid,Fremantle,HFFL,8.0,463.0,1.0,17.0,3.0,0.0,4.0,0.0,88.5,23.0
2026,20,2026-07-24,Luke,Ryan,Fremantle,CHB,6.0,344.0,7.0,8.0,5.0,0.0,2.0,0.0,90.5,19.0
2026,20,2026-07-24,Caleb,Serong,Fremantle,RR,11.0,409.0,1.0,22.0,3.0,3.0,5.0,0.0,72.0,18.0
2026,20,2026-07-24,Sam,Switkowski,Fremantle,HFFR,5.0,91.0,1.0,22.0,1.0,0.0,4.0,0.0,87.5,7.0
2026,20,2026-07-24,Josh,Treacy,Fremantle,FPR,4.0,40.0,2.0,3.0,2.0,0.0,1.0,0.0,77.8,7.0
2026,20,2026-07-24,Patrick,Voss,Fremantle,FPL,7.0,404.0,1.0,10.0,1.0,0.0,0.0,1.0,81.8,9.0
2026,20,2026-07-24,Corey,Wagner,Fremantle,INT,7.0,414.0,2.0,13.0,1.0,0.0,3.0,1.0,78.6,11.0
2026,20,2026-07-24,Karl,Worner,Fremantle,HBFR,4.0,247.0,6.0,5.0,1.0,0.0,3.0,0.0,100.0,16.0
2026,20,2026-07-24,Bo,Allan,West Coast Eagles,WR,2.0,247.0,0.0,11.0,3.0,0.0,3.0,0.0,76.5,13.0
2026,20,2026-07-24,Rhett,Bazzo,West Coast Eagles,FB,2.0,194.0,3.0,9.0,0.0,0.0,0.0,0.0,86.7,13.0
2026,20,2026-07-24,Sandy,Brock,West Coast Eagles,HBFR,1.0,53.0,2.0,12.0,1.0,0.0,2.0,0.0,100.0,8.0
2026,20,2026-07-24,Tom,Cole,West Coast Eagles,HFFR,5.0,232.0,3.0,16.0,3.0,0.0,5.0,0.0,73.3,11.0
2026,20,2026-07-24,Hamish,Davis,West Coast Eagles,FPR,3.0,139.0,0.0,22.0,2.0,0.0,1.0,1.0,62.5,5.0
2026,20,2026-07-24,Liam,Duggan,West Coast Eagles,BPL,2.0,239.0,3.0,11.0,2.0,0.0,3.0,0.0,78.6,11.0
2026,20,2026-07-24,Willem,Duursma,West Coast Eagles,WL,4.0,195.0,2.0,21.0,4.0,0.0,4.0,1.0,84.2,16.0
2026,20,2026-07-24,Oliver,Francou,West Coast Eagles,INT,3.0,241.0,1.0,14.0,6.0,0.0,2.0,0.0,68.8,11.0
2026,20,2026-07-24,Marcus,Herbert,West Coast Eagles,HBFL,4.0,395.0,5.0,4.0,1.0,0.0,7.0,0.0,86.1,31.0
2026,20,2026-07-24,Brady,Hough,West Coast Eagles,R,3.0,288.0,3.0,17.0,3.0,0.0,5.0,0.0,80.0,20.0
2026,20,2026-07-24,Harvey,Johnston,West Coast Eagles,INT,3.0,79.0,0.0,11.0,2.0,0.0,1.0,1.0,83.3,10.0
2026,20,2026-07-24,Tim,Kelly,West Coast Eagles,HFFL,4.0,601.0,5.0,17.0,9.0,2.0,7.0,0.0,64.5,20.0
2026,20,2026-07-24,Ryan,Maric,West Coast Eagles,INT,4.0,177.0,5.0,19.0,1.0,0.0,8.0,0.0,76.2,16.0
2026,20,2026-07-24,Tom,McCarthy,West Coast Eagles,INT,3.0,399.0,2.0,10.0,0.0,0.0,1.0,0.0,92.3,24.0
2026,20,2026-07-24,Milan,Murdock,West Coast Eagles,FPL,5.0,55.0,2.0,10.0,1.0,0.0,3.0,1.0,78.6,11.0
2026,20,2026-07-24,Harley,Reid,West Coast Eagles,RR,5.0,485.0,2.0,25.0,7.0,6.0,6.0,1.0,66.7,20.0
2026,20,2026-07-24,Jobe,Shanahan,West Coast Eagles,CHF,2.0,81.0,0.0,7.0,2.0,0.0,1.0,0.0,50.0,3.0
2026,20,2026-07-24,Brandon,Starcevich,West Coast Eagles,BPR,1.0,246.0,4.0,10.0,2.0,0.0,3.0,0.0,73.3,11.0
2026,20,2026-07-24,Jake,Waterman,West Coast Eagles,FF,2.0,67.0,0.0,6.0,0.0,0.0,0.0,1.0,80.0,4.0
2026,20,2026-07-24,Bailey J.,Williams,West Coast Eagles,RK,2.0,105.0,4.0,16.0,2.0,1.0,4.0,1.0,75.0,9.0
2026,20,2026-07-24,Jack,Williams,West Coast Eagles,INT,4.0,157.0,0.0,7.0,2.0,0.0,2.0,2.0,71.4,5.0
2026,20,2026-07-24,Elliot,Yeo,West Coast Eagles,C,3.0,121.0,1.0,14.0,3.0,0.0,3.0,1.0,53.8,7.0
2026,20,2026-07-24,Tylar,Young,West Coast Eagles,CHB,2.0,170.0,3.0,3.0,0.0,0.0,1.0,0.0,100.0,10.0
2026,20,2026-07-25,Blake,Acres,Carlton,WR,5.0,294.0,5.0,11.0,1.0,0.0,4.0,1.0,81.0,17.0
2026,20,2026-07-25,Ben,Ainsworth,Carlton,HFFL,4.0,359.0,1.0,9.0,2.0,0.0,1.0,1.0,68.4,13.0
2026,20,2026-07-25,Talor,Byrne,Carlton,INT,12.0,284.0,1.0,15.0,2.0,0.0,3.0,3.0,70.6,12.0
2026,20,2026-07-25,Adam,Cerra,Carlton,FPL,2.0,171.0,2.0,7.0,2.0,1.0,2.0,0.0,80.0,16.0
2026,20,2026-07-25,Matthew,Cottrell,Carlton,WL,1.0,328.0,2.0,12.0,5.0,0.0,3.0,1.0,52.9,9.0
2026,20,2026-07-25,Lachlan,Cowan,Carlton,BPL,4.0,225.0,5.0,11.0,2.0,0.0,2.0,0.0,82.4,14.0
2026,20,2026-07-25,Patrick,Cripps,Carlton,C,10.0,419.0,2.0,17.0,4.0,7.0,12.0,2.0,63.3,19.0
2026,20,2026-07-25,Harry,Dean,Carlton,FB,1.0,174.0,5.0,6.0,1.0,0.0,1.0,0.0,84.6,11.0
2026,20,2026-07-25,Wade,Derksen,Carlton,BPR,1.0,334.0,8.0,4.0,3.0,0.0,3.0,0.0,72.2,13.0
2026,20,2026-07-25,Francis,Evans,Carlton,HFFR,8.0,152.0,4.0,13.0,1.0,0.0,7.0,2.0,82.4,14.0
2026,20,2026-07-25,Oliver,Florent,Carlton,INT,6.0,510.0,6.0,7.0,3.0,0.0,4.0,0.0,88.0,22.0
2026,20,2026-07-25,Nick,Haynes,Carlton,FPR,4.0,435.0,7.0,7.0,7.0,0.0,1.0,0.0,75.0,18.0
2026,20,2026-07-25,Will,Hayward,Carlton,CHF,7.0,172.0,1.0,7.0,3.0,0.0,4.0,1.0,75.0,12.0
2026,20,2026-07-25,George,Hewett,Carlton,INT,8.0,293.0,0.0,10.0,2.0,1.0,6.0,0.0,75.0,18.0
2026,20,2026-07-25,Brodie,Kemp,Carlton,FF,5.0,79.0,1.0,8.0,3.0,0.0,6.0,1.0,71.4,10.0
2026,20,2026-07-25,Cooper,Lord,Carlton,INT,7.0,226.0,2.0,7.0,4.0,1.0,3.0,1.0,82.6,19.0
2026,20,2026-07-25,Mitch,McGovern,Carlton,CHB,3.0,113.0,0.0,6.0,1.0,0.0,0.0,0.0,66.7,6.0
2026,20,2026-07-25,Nic,Newman,Carlton,HBFL,0.0,2.0,1.0,1.0,1.0,0.0,1.0,0.0,50.0,1.0
2026,20,2026-07-25,Marc,Pittonet,Carlton,RK,2.0,51.0,3.0,9.0,1.0,1.0,4.0,1.0,87.5,7.0
2026,20,2026-07-25,Jagga,Smith,Carlton,RR,6.0,153.0,0.0,19.0,2.0,6.0,7.0,0.0,90.3,28.0
2026,20,2026-07-25,Sam,Walsh,Carlton,R,8.0,443.0,3.0,25.0,6.0,1.0,6.0,0.0,83.9,26.0
2026,20,2026-07-25,Billy,Wilson,Carlton,HBFR,7.0,406.0,3.0,11.0,3.0,0.0,3.0,0.0,75.0,18.0
2026,20,2026-07-25,Lewis,Young,Carlton,INT,6.0,191.0,6.0,6.0,2.0,0.0,5.0,0.0,77.8,14.0
2026,20,2026-07-25,Beau,Addinsall,Gold Coast SUNS,CHF,3.0,283.0,0.0,12.0,3.0,0.0,2.0,0.0,80.0,12.0
2026,20,2026-07-25,Noah,Anderson,Gold Coast SUNS,C,11.0,649.0,6.0,15.0,4.0,4.0,8.0,0.0,83.3,25.0
2026,20,2026-07-25,Mac,Andrew,Gold Coast SUNS,BPL,3.0,204.0,11.0,14.0,3.0,0.0,3.0,0.0,87.5,14.0
2026,20,2026-07-25,Charlie,Ballard,Gold Coast SUNS,WL,0.0,91.0,4.0,6.0,3.0,0.0,4.0,0.0,85.7,6.0
2026,20,2026-07-25,Sam,Collins,Gold Coast SUNS,BPR,2.0,94.0,7.0,7.0,2.0,0.0,5.0,0.0,83.3,10.0
2026,20,2026-07-25,Bailey,Humphrey,Gold Coast SUNS,HFFR,6.0,308.0,1.0,14.0,4.0,0.0,2.0,0.0,75.0,12.0
2026,20,2026-07-25,Joel,Jeffrey,Gold Coast SUNS,INT,4.0,377.0,1.0,18.0,3.0,0.0,2.0,0.0,54.5,6.0
2026,20,2026-07-25,Ben,King,Gold Coast SUNS,FPR,5.0,194.0,0.0,9.0,4.0,0.0,3.0,0.0,66.7,6.0
2026,20,2026-07-25,Caleb,Lewis,Gold Coast SUNS,INT,0.0,37.0,0.0,5.0,1.0,0.0,0.0,0.0,0.0,0.0
2026,20,2026-07-25,Leonardo,Lombard,Gold Coast SUNS,HFFL,5.0,204.0,0.0,19.0,2.0,0.0,2.0,1.0,53.8,7.0
2026,20,2026-07-25,Ben,Long,Gold Coast SUNS,FPL,2.0,107.0,2.0,6.0,2.0,0.0,3.0,1.0,62.5,5.0
2026,20,2026-07-25,Touk,Miller,Gold Coast SUNS,INT,6.0,318.0,1.0,18.0,3.0,2.0,4.0,0.0,73.7,14.0
2026,20,2026-07-25,Ned,Moyle,Gold Coast SUNS,RK,4.0,78.0,1.0,8.0,2.0,0.0,3.0,0.0,85.7,6.0
2026,20,2026-07-25,Jai,Murray,Gold Coast SUNS,INT,2.0,163.0,1.0,7.0,2.0,0.0,2.0,0.0,81.8,9.0
2026,20,2026-07-25,John,Noble,Gold Coast SUNS,INT,3.0,392.0,4.0,7.0,7.0,0.0,3.0,0.0,72.2,13.0
2026,20,2026-07-25,Dylan,Patterson,Gold Coast SUNS,HBFL,6.0,194.0,1.0,10.0,1.0,0.0,2.0,0.0,87.5,7.0
2026,20,2026-07-25,Christian,Petracca,Gold Coast SUNS,R,7.0,260.0,4.0,15.0,2.0,3.0,9.0,0.0,76.9,20.0
2026,20,2026-07-25,Wil,Powell,Gold Coast SUNS,HBFR,3.0,214.0,3.0,4.0,0.0,0.0,2.0,0.0,84.6,11.0
2026,20,2026-07-25,Daniel,Rioli,Gold Coast SUNS,WR,6.0,322.0,2.0,6.0,0.0,0.0,2.0,0.0,94.4,17.0
2026,20,2026-07-25,Matt,Rowell,Gold Coast SUNS,RR,6.0,423.0,4.0,34.0,10.0,6.0,7.0,0.0,60.7,17.0
2026,20,2026-07-25,Bodhi,Uwland,Gold Coast SUNS,FB,4.0,345.0,5.0,13.0,4.0,0.0,1.0,0.0,81.3,13.0
2026,20,2026-07-25,Zeke,Uwland,Gold Coast SUNS,CHB,1.0,110.0,1.0,12.0,3.0,0.0,1.0,0.0,66.7,6.0
2026,20,2026-07-25,Jed,Walter,Gold Coast SUNS,FF,6.0,122.0,2.0,5.0,3.0,0.0,5.0,0.0,80.0,8.0
2026,20,2026-07-25,Tom,Barrass,Hawthorn,FB,3.0,93.0,4.0,2.0,2.0,0.0,2.0,0.0,81.8,9.0
2026,20,2026-07-25,Josh,Battle,Hawthorn,HBFR,7.0,328.0,3.0,8.0,3.0,0.0,2.0,0.0,81.0,17.0
2026,20,2026-07-25,Mabior,Chol,Hawthorn,CHF,6.0,120.0,1.0,10.0,3.0,0.0,1.0,1.0,55.6,5.0
2026,20,2026-07-25,Massimo,D'Ambrosio,Hawthorn,WR,9.0,197.0,4.0,11.0,3.0,0.0,4.0,0.0,75.0,18.0
2026,20,2026-07-25,Will,Day,Hawthorn,C,5.0,332.0,0.0,17.0,3.0,2.0,6.0,0.0,66.7,14.0
2026,20,2026-07-25,Jack,Ginnivan,Hawthorn,HFFR,9.0,323.0,3.0,10.0,2.0,0.0,4.0,1.0,75.0,15.0
2026,20,2026-07-25,Oliver,Greeves,Hawthorn,INT,6.0,124.0,3.0,4.0,2.0,0.0,4.0,0.0,68.8,11.0
2026,20,2026-07-25,Jack,Gunston,Hawthorn,FPR,11.0,403.0,1.0,6.0,5.0,0.0,2.0,1.0,50.0,8.0
2026,20,2026-07-25,Blake,Hardwick,Hawthorn,BPR,6.0,247.0,6.0,7.0,1.0,0.0,6.0,1.0,86.4,19.0
2026,20,2026-07-25,Jarman,Impey,Hawthorn,HBFL,11.0,836.0,8.0,5.0,3.0,0.0,3.0,0.0,81.1,30.0
2026,20,2026-07-25,Mitch,Lewis,Hawthorn,FF,0.0,15.0,0.0,6.0,0.0,0.0,0.0,0.0,100.0,2.0
2026,20,2026-07-25,Bailey,Macdonald,Hawthorn,INT,3.0,193.0,1.0,10.0,1.0,0.0,1.0,0.0,91.7,11.0
2026,20,2026-07-25,Connor,Macdonald,Hawthorn,INT,6.0,456.0,1.0,7.0,3.0,2.0,7.0,1.0,80.8,21.0
2026,20,2026-07-25,Cam,Mackenzie,Hawthorn,INT,9.0,238.0,1.0,14.0,2.0,0.0,4.0,0.0,78.3,18.0
2026,20,2026-07-25,Lloyd,Meek,Hawthorn,RK,5.0,167.0,2.0,11.0,3.0,4.0,4.0,0.0,60.0,9.0
2026,20,2026-07-25,Dylan,Moore,Hawthorn,HFFL,11.0,282.0,1.0,21.0,3.0,1.0,5.0,2.0,91.3,21.0
2026,20,2026-07-25,Harry,Morrison,Hawthorn,WL,10.0,315.0,2.0,7.0,4.0,0.0,1.0,0.0,80.8,21.0
2026,20,2026-07-25,Noah,Mraz,Hawthorn,INT,5.0,213.0,6.0,4.0,2.0,1.0,1.0,0.0,94.1,16.0
2026,20,2026-07-25,Jai,Newcombe,Hawthorn,RR,9.0,342.0,3.0,11.0,4.0,2.0,6.0,0.0,71.4,20.0
2026,20,2026-07-25,James,Sicily,Hawthorn,BPL,7.0,492.0,5.0,3.0,5.0,1.0,3.0,0.0,81.5,22.0
2026,20,2026-07-25,Josh,Ward,Hawthorn,R,10.0,389.0,2.0,21.0,2.0,2.0,6.0,1.0,87.9,29.0
2026,20,2026-07-25,Nick,Watson,Hawthorn,FPL,8.0,211.0,4.0,12.0,0.0,1.0,5.0,1.0,64.3,9.0
2026,20,2026-07-25,Josh,Weddle,Hawthorn,CHB,7.0,251.0,6.0,6.0,4.0,0.0,5.0,0.0,89.5,17.0
2026,20,2026-07-25,Jaxon,Artemis,Essendon,INT,1.0,209.0,1.0,15.0,4.0,0.0,4.0,0.0,80.0,12.0
2026,20,2026-07-25,Lachlan,Blakiston,Essendon,RK,1.0,278.0,3.0,15.0,6.0,2.0,2.0,0.0,61.5,8.0
2026,20,2026-07-25,Nate,Caddy,Essendon,CHF,5.0,143.0,1.0,10.0,1.0,0.0,1.0,0.0,77.8,7.0
2026,20,2026-07-25,Angus,Clarke,Essendon,WL,1.0,340.0,2.0,16.0,6.0,0.0,1.0,0.0,64.3,9.0
2026,20,2026-07-25,Nik,Cox,Essendon,INT,1.0,160.0,1.0,13.0,1.0,0.0,0.0,0.0,66.7,4.0
2026,20,2026-07-25,Archer,Day-Wicks,Essendon,HFFR,1.0,111.0,1.0,13.0,3.0,0.0,2.0,0.0,66.7,6.0
2026,20,2026-07-25,Sam,Durham,Essendon,C,6.0,157.0,1.0,23.0,1.0,1.0,4.0,3.0,71.4,10.0
2026,20,2026-07-25,Hussien,El Achkar,Essendon,INT,2.0,89.0,4.0,23.0,1.0,0.0,5.0,3.0,42.9,3.0
2026,20,2026-07-25,Jacob,Farrow,Essendon,WR,4.0,343.0,5.0,23.0,5.0,0.0,5.0,1.0,81.0,17.0
2026,20,2026-07-25,Isaac,Kako,Essendon,FPL,4.0,174.0,2.0,19.0,2.0,0.0,4.0,0.0,63.6,7.0
2026,20,2026-07-25,Max,Kondogiannis,Essendon,INT,3.0,72.0,1.0,13.0,2.0,0.0,0.0,0.0,57.1,4.0
2026,20,2026-07-25,Andrew,McGrath,Essendon,BPL,2.0,472.0,7.0,7.0,6.0,0.0,4.0,0.0,75.0,15.0
2026,20,2026-07-25,Ben,McKay,Essendon,CHB,1.0,-12.0,2.0,7.0,1.0,0.0,2.0,0.0,100.0,5.0
2026,20,2026-07-25,Zach,Merrett,Essendon,RR,3.0,180.0,5.0,32.0,2.0,1.0,5.0,2.0,72.7,16.0
2026,20,2026-07-25,Jaxon,Prior,Essendon,HBFL,1.0,388.0,6.0,11.0,5.0,0.0,5.0,0.0,52.9,9.0
2026,20,2026-07-25,Mason,Redman,Essendon,HBFR,6.0,340.0,5.0,6.0,4.0,0.0,3.0,0.0,78.9,15.0
2026,20,2026-07-25,Zach,Reid,Essendon,FB,0.0,128.0,5.0,8.0,2.0,0.0,2.0,0.0,90.9,10.0
2026,20,2026-07-25,Jordan,Ridley,Essendon,BPR,0.0,13.0,0.0,0.0,0.0,0.0,0.0,0.0,100.0,1.0
2026,20,2026-07-25,Archie,Roberts,Essendon,FPR,2.0,381.0,4.0,6.0,4.0,0.0,2.0,0.0,85.7,18.0
2026,20,2026-07-25,Sullivan,Robey,Essendon,R,1.0,276.0,1.0,14.0,4.0,2.0,5.0,1.0,58.3,7.0
2026,20,2026-07-25,Will,Setterfield,Essendon,INT,3.0,109.0,2.0,24.0,2.0,1.0,6.0,2.0,53.3,8.0
2026,20,2026-07-25,Dyson,Sharp,Essendon,HFFL,5.0,217.0,0.0,28.0,1.0,0.0,3.0,3.0,71.4,15.0
2026,20,2026-07-25,Peter,Wright,Essendon,FF,5.0,234.0,1.0,13.0,4.0,0.0,1.0,0.0,66.7,8.0
2026,20,2026-07-25,Ryan,Angwin,GWS GIANTS,WL,6.0,351.0,3.0,27.0,3.0,2.0,8.0,0.0,66.7,14.0
2026,20,2026-07-25,Lachie,Ash,GWS GIANTS,HBFR,7.0,551.0,3.0,12.0,3.0,0.0,1.0,0.0,84.6,22.0
2026,20,2026-07-25,Toby,Bedford,GWS GIANTS,R,8.0,209.0,3.0,21.0,2.0,1.0,4.0,0.0,64.3,9.0
2026,20,2026-07-25,Callum,Brown,GWS GIANTS,INT,2.0,157.0,0.0,6.0,1.0,0.0,0.0,1.0,100.0,5.0
2026,20,2026-07-25,Aaron,Cadman,GWS GIANTS,FF,5.0,235.0,1.0,11.0,3.0,0.0,1.0,1.0,66.7,6.0
2026,20,2026-07-25,Finn,Callaghan,GWS GIANTS,RR,5.0,465.0,2.0,7.0,6.0,2.0,6.0,0.0,71.4,15.0
2026,20,2026-07-25,Stephen,Coniglio,GWS GIANTS,HFFR,10.0,310.0,1.0,10.0,0.0,0.0,5.0,1.0,84.2,16.0
2026,20,2026-07-25,Joe,Fonti,GWS GIANTS,INT,2.0,304.0,2.0,8.0,3.0,0.0,1.0,0.0,73.3,11.0
2026,20,2026-07-25,Max,Gruzewski,GWS GIANTS,CHF,4.0,23.0,0.0,11.0,1.0,0.0,4.0,0.0,80.0,8.0
2026,20,2026-07-25,Riley,Hamilton,GWS GIANTS,HFFL,5.0,29.0,2.0,13.0,3.0,1.0,3.0,0.0,57.1,4.0
2026,20,2026-07-25,Harry,Himmelberg,GWS GIANTS,HBFL,5.0,264.0,8.0,10.0,2.0,0.0,5.0,0.0,82.4,14.0
2026,20,2026-07-25,Connor,Idun,GWS GIANTS,BPL,6.0,354.0,8.0,9.0,4.0,0.0,4.0,0.0,96.3,26.0
2026,20,2026-07-25,Jayden,Laverde,GWS GIANTS,BPR,2.0,299.0,5.0,8.0,3.0,0.0,2.0,0.0,75.0,12.0
2026,20,2026-07-25,Nicholas,Madden,GWS GIANTS,RK,7.0,106.0,3.0,14.0,0.0,4.0,4.0,1.0,87.5,14.0
2026,20,2026-07-25,Xavier,O'Halloran,GWS GIANTS,INT,5.0,292.0,2.0,22.0,5.0,2.0,8.0,1.0,87.0,20.0
2026,20,2026-07-25,Clayton,Oliver,GWS GIANTS,C,8.0,407.0,4.0,22.0,3.0,3.0,10.0,0.0,75.9,22.0
2026,20,2026-07-25,Jack,Ough,GWS GIANTS,FPR,5.0,137.0,0.0,10.0,0.0,0.0,2.0,0.0,63.6,7.0
2026,20,2026-07-25,Harry,Rowston,GWS GIANTS,INT,6.0,205.0,2.0,14.0,3.0,0.0,3.0,0.0,84.6,11.0
2026,20,2026-07-25,Conor,Stone,GWS GIANTS,INT,4.0,153.0,1.0,7.0,4.0,0.0,2.0,0.0,87.5,7.0
2026,20,2026-07-25,Jake,Stringer,GWS GIANTS,FPL,8.0,308.0,0.0,23.0,1.0,0.0,2.0,0.0,69.2,9.0
2026,20,2026-07-25,Sam,Taylor,GWS GIANTS,FB,5.0,14.0,4.0,5.0,0.0,0.0,0.0,0.0,100.0,11.0
2026,20,2026-07-25,Harvey,Thomas,GWS GIANTS,WR,4.0,202.0,2.0,16.0,1.0,0.0,4.0,0.0,56.3,9.0
2026,20,2026-07-25,Lachie,Whitfield,GWS GIANTS,CHB,3.0,422.0,2.0,12.0,4.0,0.0,0.0,0.0,84.6,22.0
2026,20,2026-07-25,Riley,Bice,Sydney Swans,HBFR,1.0,236.0,1.0,6.0,1.0,1.0,1.0,0.0,78.6,11.0
2026,20,2026-07-25,Nick,Blakey,Sydney Swans,CHB,6.0,653.0,5.0,3.0,4.0,0.0,1.0,0.0,75.0,18.0
2026,20,2026-07-25,Braeden,Campbell,Sydney Swans,HFFR,7.0,162.0,2.0,16.0,1.0,0.0,4.0,1.0,86.7,13.0
2026,20,2026-07-25,Billy,Cootee,Sydney Swans,INT,5.0,226.0,1.0,8.0,2.0,1.0,4.0,0.0,58.3,7.0
2026,20,2026-07-25,Charlie,Curnow,Sydney Swans,FF,6.0,236.0,1.0,8.0,3.0,0.0,1.0,1.0,55.6,5.0
2026,20,2026-07-25,William,Edwards,Sydney Swans,FB,1.0,269.0,4.0,8.0,1.0,0.0,3.0,0.0,80.0,8.0
2026,20,2026-07-25,Brodie,Grundy,Sydney Swans,RK,13.0,187.0,3.0,9.0,6.0,5.0,7.0,0.0,60.9,14.0
2026,20,2026-07-25,Errol,Gulden,Sydney Swans,C,7.0,1047.0,3.0,23.0,10.0,2.0,8.0,0.0,73.2,30.0
2026,20,2026-07-25,Isaac,Heeney,Sydney Swans,RR,10.0,328.0,3.0,19.0,3.0,2.0,5.0,0.0,72.0,18.0
2026,20,2026-07-25,James,Jordon,Sydney Swans,HFFL,5.0,151.0,1.0,21.0,0.0,1.0,0.0,0.0,83.3,5.0
2026,20,2026-07-25,Harry,Kyle,Sydney Swans,INT,1.0,127.0,4.0,9.0,1.0,0.0,4.0,0.0,91.7,11.0
2026,20,2026-07-25,Jake,Lloyd,Sydney Swans,CHF,5.0,264.0,2.0,9.0,3.0,0.0,4.0,0.0,72.7,8.0
2026,20,2026-07-25,Tom,McCartin,Sydney Swans,BPR,3.0,105.0,7.0,4.0,1.0,0.0,4.0,0.0,88.9,8.0
2026,20,2026-07-25,Logan,McDonald,Sydney Swans,INT,5.0,123.0,0.0,9.0,1.0,0.0,1.0,0.0,77.8,7.0
2026,20,2026-07-25,Hayden,McLean,Sydney Swans,FPR,2.0,56.0,0.0,10.0,1.0,2.0,3.0,0.0,100.0,4.0
2026,20,2026-07-25,Callum,Mills,Sydney Swans,BPL,4.0,435.0,4.0,8.0,2.0,0.0,2.0,0.0,85.7,18.0
2026,20,2026-07-25,Tom,Papley,Sydney Swans,FPL,10.0,341.0,4.0,5.0,4.0,0.0,3.0,0.0,58.8,10.0
2026,20,2026-07-25,Dane,Rampe,Sydney Swans,HBFL,2.0,38.0,3.0,12.0,0.0,0.0,3.0,0.0,85.7,6.0
2026,20,2026-07-25,Matt,Roberts,Sydney Swans,WL,3.0,193.0,2.0,17.0,2.0,0.0,0.0,0.0,84.6,11.0
2026,20,2026-07-25,Malcolm,Rosas,Sydney Swans,INT,3.0,78.0,0.0,21.0,1.0,0.0,0.0,0.0,100.0,4.0
2026,20,2026-07-25,James,Rowbottom,Sydney Swans,INT,10.0,368.0,3.0,22.0,3.0,4.0,9.0,1.0,78.3,18.0
2026,20,2026-07-25,Jai,Serong,Sydney Swans,WR,3.0,71.0,2.0,13.0,3.0,0.0,5.0,0.0,81.8,9.0
2026,20,2026-07-25,Chad,Warner,Sydney Swans,R,12.0,747.0,1.0,16.0,5.0,3.0,6.0,0.0,56.3,18.0
2026,20,2026-07-25,Marcus,Bontempelli,Western Bulldogs,C,10.0,556.0,0.0,10.0,4.0,2.0,5.0,1.0,69.0,20.0
2026,20,2026-07-25,Lachlan,Bramble,Western Bulldogs,HBFL,6.0,531.0,8.0,5.0,3.0,0.0,5.0,0.0,85.2,23.0
2026,20,2026-07-25,Jedd,Busslinger,Western Bulldogs,CHB,8.0,323.0,3.0,2.0,4.0,0.0,3.0,0.0,81.8,18.0
2026,20,2026-07-25,Nick,Coffield,Western Bulldogs,INT,5.0,301.0,3.0,4.0,0.0,0.0,1.0,0.0,94.4,17.0
2026,20,2026-07-25,Jordan,Croft,Western Bulldogs,FPL,6.0,116.0,1.0,12.0,2.0,0.0,2.0,1.0,72.7,8.0
2026,20,2026-07-25,Sam,Davidson,Western Bulldogs,INT,3.0,261.0,0.0,8.0,3.0,0.0,2.0,0.0,66.7,8.0
2026,20,2026-07-25,Josh,Dolan,Western Bulldogs,INT,6.0,274.0,4.0,14.0,2.0,0.0,3.0,2.0,78.6,11.0
2026,20,2026-07-25,Tim,English,Western Bulldogs,RK,7.0,156.0,3.0,9.0,1.0,0.0,2.0,0.0,61.5,8.0
2026,20,2026-07-25,Joel,Freijah,Western Bulldogs,INT,8.0,399.0,1.0,10.0,1.0,2.0,2.0,0.0,78.3,18.0
2026,20,2026-07-25,Cooper,Hynes,Western Bulldogs,WR,2.0,115.0,2.0,8.0,2.0,0.0,2.0,0.0,80.0,8.0
2026,20,2026-07-25,Arthur,Jones,Western Bulldogs,HFFR,4.0,120.0,2.0,15.0,2.0,0.0,3.0,1.0,60.0,6.0
2026,20,2026-07-25,Matthew,Kennedy,Western Bulldogs,WL,5.0,152.0,2.0,15.0,6.0,2.0,6.0,0.0,55.6,10.0
2026,20,2026-07-25,Buku,Khamis,Western Bulldogs,BPR,3.0,269.0,5.0,4.0,2.0,0.0,3.0,0.0,82.4,14.0
2026,20,2026-07-25,Tom,Liberatore,Western Bulldogs,HFFL,6.0,105.0,4.0,14.0,3.0,3.0,7.0,0.0,78.3,18.0
2026,20,2026-07-25,Rory,Lobb,Western Bulldogs,CHF,5.0,231.0,1.0,9.0,1.0,0.0,1.0,1.0,69.2,9.0
2026,20,2026-07-25,Aaron,Naughton,Western Bulldogs,FF,7.0,160.0,1.0,7.0,3.0,0.0,5.0,1.0,45.5,5.0
2026,20,2026-07-25,James,O'Donnell,Western Bulldogs,FB,3.0,264.0,6.0,2.0,1.0,0.0,1.0,0.0,100.0,16.0
2026,20,2026-07-25,Ed,Richards,Western Bulldogs,R,11.0,693.0,2.0,18.0,3.0,3.0,10.0,1.0,78.1,25.0
2026,20,2026-07-25,Ryley,Sanders,Western Bulldogs,RR,6.0,184.0,2.0,19.0,1.0,3.0,5.0,3.0,93.3,14.0
2026,20,2026-07-25,Michael,Sellwood,Western Bulldogs,BPL,4.0,103.0,12.0,7.0,0.0,0.0,4.0,0.0,94.4,17.0
2026,20,2026-07-25,Cody,Weightman,Western Bulldogs,FPR,7.0,230.0,0.0,7.0,2.0,0.0,2.0,2.0,64.3,9.0
2026,20,2026-07-25,Rhylee,West,Western Bulldogs,INT,7.0,54.0,0.0,13.0,2.0,0.0,5.0,4.0,91.7,11.0
2026,20,2026-07-25,Bailey,Williams,Western Bulldogs,HBFR,5.0,506.0,5.0,5.0,11.0,0.0,7.0,0.0,76.9,20.0
2026,20,2026-07-25,Kye,Annand,Richmond,FB,1.0,170.0,3.0,3.0,2.0,0.0,3.0,0.0,80.0,8.0
2026,20,2026-07-25,Sam,Banks,Richmond,HBFR,2.0,217.0,3.0,11.0,3.0,0.0,2.0,0.0,89.5,17.0
2026,20,2026-07-25,Nathan,Broad,Richmond,BPL,0.0,217.0,6.0,8.0,3.0,0.0,3.0,0.0,80.0,16.0
2026,20,2026-07-25,Tom,Brown,Richmond,CHB,3.0,423.0,5.0,11.0,4.0,0.0,2.0,0.0,73.9,17.0
2026,20,2026-07-25,Seth,Campbell,Richmond,HFFL,2.0,52.0,2.0,14.0,2.0,0.0,3.0,0.0,80.0,8.0
2026,20,2026-07-25,Sam,Cumming,Richmond,INT,1.0,165.0,3.0,16.0,2.0,0.0,8.0,0.0,89.5,17.0
2026,20,2026-07-25,Sam,Grlj,Richmond,INT,1.0,184.0,2.0,17.0,1.0,0.0,0.0,1.0,72.7,8.0
2026,20,2026-07-25,Taj,Hotton,Richmond,FPL,4.0,78.0,1.0,16.0,3.0,0.0,3.0,0.0,84.6,11.0
2026,20,2026-07-25,Sam,Lalor,Richmond,R,4.0,227.0,0.0,7.0,1.0,0.0,1.0,0.0,66.7,8.0
2026,20,2026-07-25,Mykelti,Lefau,Richmond,FPR,2.0,132.0,2.0,15.0,3.0,1.0,2.0,1.0,77.8,7.0
2026,20,2026-07-25,Tom,Lynch,Richmond,FF,2.0,107.0,1.0,3.0,1.0,0.0,1.0,1.0,62.5,5.0
2026,20,2026-07-25,Rhyan,Mansell,Richmond,HFFR,2.0,173.0,2.0,17.0,4.0,0.0,3.0,0.0,37.5,3.0
2026,20,2026-07-25,Toby,Nankervis,Richmond,RK,4.0,-36.0,1.0,21.0,0.0,4.0,6.0,1.0,82.4,14.0
2026,20,2026-07-25,Zane,Peucker,Richmond,INT,1.0,261.0,1.0,10.0,3.0,0.0,1.0,1.0,80.0,8.0
2026,20,2026-07-25,Dion,Prestia,Richmond,CHF,3.0,522.0,2.0,13.0,4.0,1.0,3.0,1.0,70.8,17.0
2026,20,2026-07-25,Hugo,Ralphsmith,Richmond,INT,0.0,91.0,2.0,11.0,3.0,0.0,4.0,1.0,42.9,3.0
2026,20,2026-07-25,Patrick,Retschko,Richmond,WL,0.0,374.0,4.0,8.0,4.0,0.0,2.0,0.0,76.5,13.0
2026,20,2026-07-25,Jack,Ross,Richmond,RR,4.0,301.0,2.0,18.0,6.0,2.0,7.0,2.0,73.1,19.0
2026,20,2026-07-25,Jayden,Short,Richmond,INT,4.0,378.0,4.0,6.0,4.0,0.0,2.0,0.0,84.6,22.0
2026,20,2026-07-25,Tyler,Sonsie,Richmond,WR,1.0,331.0,2.0,4.0,6.0,0.0,3.0,1.0,75.0,15.0
2026,20,2026-07-25,Tim,Taranto,Richmond,C,5.0,312.0,1.0,18.0,3.0,2.0,7.0,0.0,64.0,16.0
2026,20,2026-07-25,Luke,Trainor,Richmond,BPR,1.0,57.0,2.0,11.0,1.0,0.0,0.0,0.0,100.0,11.0
2026,20,2026-07-25,Nick,Vlastuin,Richmond,HBFL,3.0,362.0,8.0,6.0,3.0,0.0,7.0,0.0,81.5,22.0
2026,20,2026-07-26,Harris,Andrews,Brisbane Lions,FB,5.0,205.0,8.0,3.0,2.0,0.0,4.0,0.0,95.7,22.0
2026,20,2026-07-26,Noah,Answerth,Brisbane Lions,BPL,1.0,97.0,0.0,11.0,1.0,0.0,0.0,0.0,75.0,9.0
2026,20,2026-07-26,Levi,Ashcroft,Brisbane Lions,HFFR,3.0,138.0,2.0,6.0,3.0,0.0,5.0,0.0,85.7,18.0
2026,20,2026-07-26,Will,Ashcroft,Brisbane Lions,C,12.0,684.0,1.0,14.0,5.0,1.0,5.0,1.0,73.3,22.0
2026,20,2026-07-26,Zac,Bailey,Brisbane Lions,WR,8.0,387.0,1.0,17.0,3.0,1.0,7.0,1.0,61.5,16.0
2026,20,2026-07-26,Jarrod,Berry,Brisbane Lions,WL,3.0,216.0,2.0,9.0,3.0,0.0,6.0,1.0,66.7,10.0
2026,20,2026-07-26,Charlie,Cameron,Brisbane Lions,HFFL,7.0,199.0,2.0,10.0,4.0,0.0,2.0,0.0,66.7,8.0
2026,20,2026-07-26,Sam,Draper,Brisbane Lions,RK,3.0,219.0,1.0,10.0,1.0,5.0,1.0,1.0,44.4,4.0
2026,20,2026-07-26,Josh,Dunkley,Brisbane Lions,RR,5.0,217.0,5.0,25.0,0.0,0.0,4.0,1.0,80.0,16.0
2026,20,2026-07-26,Jaspa,Fletcher,Brisbane Lions,INT,7.0,390.0,3.0,8.0,1.0,0.0,4.0,0.0,100.0,27.0
2026,20,2026-07-26,Darcy,Fort,Brisbane Lions,INT,7.0,95.0,3.0,4.0,1.0,2.0,6.0,0.0,81.8,9.0
2026,20,2026-07-26,Ty,Gallop,Brisbane Lions,CHB,3.0,443.0,2.0,8.0,4.0,0.0,1.0,0.0,73.3,11.0
2026,20,2026-07-26,Eric,Hipwood,Brisbane Lions,FPL,2.0,196.0,1.0,6.0,6.0,0.0,2.0,1.0,54.5,6.0
2026,20,2026-07-26,Ryan,Lester,Brisbane Lions,BPR,5.0,239.0,7.0,5.0,1.0,0.0,2.0,0.0,94.1,16.0
2026,20,2026-07-26,Kai,Lohmann,Brisbane Lions,FPR,7.0,141.0,1.0,15.0,3.0,0.0,4.0,0.0,69.2,9.0
2026,20,2026-07-26,Hugh,McCluggage,Brisbane Lions,R,7.0,249.0,7.0,24.0,3.0,0.0,13.0,0.0,75.9,22.0
2026,20,2026-07-26,Conor,McKenna,Brisbane Lions,INT,3.0,237.0,1.0,5.0,1.0,0.0,2.0,1.0,42.9,3.0
2026,20,2026-07-26,Logan,Morris,Brisbane Lions,CHF,7.0,200.0,1.0,7.0,0.0,0.0,3.0,3.0,50.0,4.0
2026,20,2026-07-26,Lachie,Neale,Brisbane Lions,INT,6.0,156.0,1.0,19.0,1.0,4.0,8.0,0.0,66.7,16.0
2026,20,2026-07-26,Cam,Rayner,Brisbane Lions,FF,6.0,210.0,1.0,7.0,1.0,0.0,8.0,1.0,76.5,13.0
2026,20,2026-07-26,James,Tunstill,Brisbane Lions,INT,6.0,315.0,1.0,5.0,2.0,0.0,2.0,1.0,68.8,11.0
2026,20,2026-07-26,Darcy,Wilmot,Brisbane Lions,HBFL,2.0,206.0,1.0,11.0,0.0,0.0,0.0,0.0,93.8,15.0
2026,20,2026-07-26,Dayne,Zorko,Brisbane Lions,HBFR,7.0,804.0,7.0,7.0,9.0,0.0,3.0,0.0,76.5,26.0
2026,20,2026-07-26,Aliir,Aliir,Port Adelaide,CHB,5.0,290.0,6.0,4.0,0.0,0.0,4.0,0.0,80.0,12.0
2026,20,2026-07-26,Xavier,Bamert,Port Adelaide,HFFL,1.0,79.0,0.0,7.0,2.0,0.0,0.0,0.0,57.1,4.0
2026,20,2026-07-26,Miles,Bergman,Port Adelaide,RR,5.0,484.0,2.0,20.0,5.0,0.0,5.0,0.0,45.0,9.0
2026,20,2026-07-26,Joe,Berry,Port Adelaide,INT,0.0,69.0,0.0,12.0,0.0,0.0,1.0,0.0,100.0,4.0
2026,20,2026-07-26,Jase,Burgoyne,Port Adelaide,R,2.0,314.0,2.0,15.0,5.0,2.0,6.0,0.0,45.5,10.0
2026,20,2026-07-26,Darcy,Byrne-Jones,Port Adelaide,HBFL,5.0,207.0,5.0,19.0,4.0,1.0,6.0,0.0,62.5,10.0
2026,20,2026-07-26,Willem,Drew,Port Adelaide,WR,2.0,212.0,2.0,21.0,4.0,1.0,7.0,0.0,68.4,13.0
2026,20,2026-07-26,Corey,Durdin,Port Adelaide,FPL,8.0,251.0,2.0,14.0,4.0,0.0,1.0,1.0,69.2,9.0
2026,20,2026-07-26,Logan,Evans,Port Adelaide,BPL,4.0,333.0,4.0,10.0,3.0,0.0,2.0,0.0,80.0,12.0
2026,20,2026-07-26,Mitch,Georgiades,Port Adelaide,FPR,8.0,335.0,1.0,7.0,2.0,0.0,1.0,0.0,61.5,8.0
2026,20,2026-07-26,Jason,Horne-Francis,Port Adelaide,C,9.0,447.0,4.0,11.0,4.0,4.0,11.0,0.0,73.3,22.0
2026,20,2026-07-26,Lachie,Jones,Port Adelaide,HBFR,4.0,390.0,3.0,12.0,1.0,0.0,2.0,0.0,75.0,12.0
2026,20,2026-07-26,Josh,Lai,Port Adelaide,BPR,2.0,447.0,5.0,6.0,5.0,0.0,4.0,0.0,83.3,15.0
2026,20,2026-07-26,Todd,Marshall,Port Adelaide,CHF,4.0,172.0,0.0,6.0,0.0,0.0,1.0,0.0,85.7,6.0
2026,20,2026-07-26,Christian,Moraes,Port Adelaide,INT,5.0,186.0,1.0,15.0,2.0,0.0,3.0,1.0,100.0,14.0
2026,20,2026-07-26,Balyn,O'Brien,Port Adelaide,INT,2.0,18.0,2.0,6.0,1.0,0.0,3.0,0.0,80.0,4.0
2026,20,2026-07-26,Jordon,Sweet,Port Adelaide,RK,5.0,263.0,3.0,11.0,6.0,2.0,5.0,1.0,26.7,4.0
2026,20,2026-07-26,Dante,Visentini,Port Adelaide,INT,5.0,114.0,3.0,2.0,1.0,0.0,4.0,0.0,90.9,10.0
2026,20,2026-07-26,Jack,Watkins,Port Adelaide,WL,4.0,127.0,5.0,7.0,1.0,0.0,4.0,0.0,80.0,16.0
2026,20,2026-07-26,Jack,Whitlock,Port Adelaide,FF,3.0,101.0,0.0,7.0,1.0,0.0,2.0,0.0,57.1,4.0
2026,20,2026-07-26,Ollie,Wines,Port Adelaide,INT,3.0,253.0,3.0,8.0,5.0,3.0,8.0,0.0,73.9,17.0
2026,20,2026-07-26,Mitch,Zadow,Port Adelaide,HFFR,2.0,146.0,1.0,14.0,4.0,0.0,5.0,1.0,42.9,3.0
2026,20,2026-07-26,Brandon,Zerk-Thatcher,Port Adelaide,FB,2.0,28.0,1.0,5.0,0.0,0.0,0.0,0.0,100.0,5.0
2026,20,2026-07-26,Zac,Banch,North Melbourne,INT,4.0,156.0,1.0,14.0,0.0,0.0,1.0,1.0,75.0,6.0
2026,20,2026-07-26,Charlie,Comben,North Melbourne,FB,4.0,61.0,8.0,6.0,1.0,0.0,3.0,0.0,92.9,13.0
2026,20,2026-07-26,Aidan,Corr,North Melbourne,BPL,1.0,411.0,6.0,6.0,5.0,0.0,7.0,0.0,68.4,13.0
2026,20,2026-07-26,Paul,Curtis,North Melbourne,FPR,5.0,178.0,1.0,15.0,2.0,0.0,2.0,2.0,69.2,9.0
2026,20,2026-07-26,Caleb,Daniel,North Melbourne,CHB,5.0,309.0,3.0,6.0,1.0,0.0,3.0,0.0,91.7,22.0
2026,20,2026-07-26,Jack,Darling,North Melbourne,INT,5.0,165.0,1.0,12.0,3.0,0.0,2.0,1.0,62.5,5.0
2026,20,2026-07-26,Luke,Davies-Uniacke,North Melbourne,C,5.0,346.0,2.0,22.0,3.0,0.0,5.0,1.0,82.4,14.0
2026,20,2026-07-26,Josh,Goater,North Melbourne,INT,3.0,175.0,3.0,4.0,0.0,0.0,1.0,0.0,81.8,9.0
2026,20,2026-07-26,Cooper,Harvey,North Melbourne,INT,2.0,194.0,2.0,7.0,1.0,0.0,1.0,0.0,81.3,13.0
2026,20,2026-07-26,Nick,Larkey,North Melbourne,FF,7.0,149.0,0.0,7.0,1.0,0.0,2.0,0.0,66.7,6.0
2026,20,2026-07-26,Griffin,Logue,North Melbourne,HBFL,4.0,241.0,3.0,8.0,1.0,0.0,3.0,0.0,85.7,12.0
2026,20,2026-07-26,Colby,McKercher,North Melbourne,HBFR,6.0,273.0,1.0,15.0,1.0,0.0,3.0,0.0,89.5,17.0
2026,20,2026-07-26,Finn,O'Sullivan,North Melbourne,RR,5.0,196.0,3.0,17.0,5.0,0.0,6.0,0.0,65.2,15.0
2026,20,2026-07-26,Luke,Parker,North Melbourne,BPR,4.0,371.0,8.0,11.0,4.0,0.0,4.0,0.0,84.0,21.0
2026,20,2026-07-26,Bailey,Scott,North Melbourne,INT,0.0,40.0,0.0,8.0,2.0,0.0,1.0,0.0,83.3,5.0
2026,20,2026-07-26,Harry,Sheezel,North Melbourne,R,6.0,425.0,3.0,21.0,5.0,3.0,9.0,0.0,93.1,27.0
2026,20,2026-07-26,Jy,Simpkin,North Melbourne,HFFR,9.0,438.0,5.0,14.0,4.0,3.0,9.0,0.0,82.8,24.0
2026,20,2026-07-26,Charlie,Spargo,North Melbourne,HFFL,2.0,269.0,2.0,5.0,3.0,0.0,1.0,0.0,72.7,8.0
2026,20,2026-07-26,Dylan,Stephens,North Melbourne,WR,5.0,339.0,1.0,15.0,5.0,0.0,3.0,1.0,90.5,19.0
2026,20,2026-07-26,Cooper,Trembath,North Melbourne,CHF,7.0,343.0,0.0,14.0,5.0,0.0,2.0,0.0,57.9,11.0
2026,20,2026-07-26,Matt,Whitlock,North Melbourne,WL,3.0,60.0,0.0,1.0,0.0,0.0,0.0,0.0,66.7,2.0
2026,20,2026-07-26,Tristan,Xerri,North Melbourne,RK,3.0,97.0,0.0,14.0,1.0,0.0,1.0,2.0,63.6,7.0
2026,20,2026-07-26,Cameron,Zurhaar,North Melbourne,FPL,2.0,290.0,6.0,7.0,3.0,0.0,3.0,0.0,64.7,11.0
2026,20,2026-07-26,Hugh,Boxshall,St Kilda,R,3.0,90.0,3.0,22.0,1.0,3.0,6.0,0.0,88.2,15.0
2026,20,2026-07-26,Dan,Butler,St Kilda,INT,3.0,62.0,0.0,14.0,2.0,0.0,0.0,2.0,71.4,5.0
2026,20,2026-07-26,Ryan,Byrnes,St Kilda,HBFR,9.0,261.0,3.0,7.0,2.0,0.0,1.0,0.0,82.4,14.0
2026,20,2026-07-26,Anthony,Caminiti,St Kilda,RK,5.0,176.0,2.0,14.0,2.0,0.0,3.0,3.0,55.6,5.0
2026,20,2026-07-26,Hunter,Clark,St Kilda,INT,1.0,129.0,3.0,5.0,1.0,0.0,7.0,0.0,75.0,9.0
2026,20,2026-07-26,Tom,De Koning,St Kilda,FF,4.0,338.0,2.0,9.0,7.0,4.0,2.0,0.0,57.9,11.0
2026,20,2026-07-26,Hugo,Garcia,St Kilda,RR,3.0,143.0,2.0,16.0,0.0,5.0,8.0,0.0,88.9,16.0
2026,20,2026-07-26,Max,Hall,St Kilda,HFFR,6.0,279.0,2.0,12.0,3.0,1.0,6.0,0.0,73.1,19.0
2026,20,2026-07-26,Jack,Higgins,St Kilda,HFFL,6.0,146.0,1.0,15.0,2.0,0.0,4.0,2.0,88.9,8.0
2026,20,2026-07-26,Bradley,Hill,St Kilda,HBFL,8.0,454.0,3.0,9.0,7.0,0.0,3.0,0.0,67.6,23.0
2026,20,2026-07-26,Max,King,St Kilda,INT,1.0,18.0,0.0,2.0,0.0,0.0,2.0,0.0,50.0,1.0
2026,20,2026-07-26,Liam,O'Connell,St Kilda,WR,0.0,102.0,3.0,5.0,0.0,0.0,1.0,0.0,71.4,5.0
2026,20,2026-07-26,Mitch,Owens,St Kilda,FPR,8.0,204.0,1.0,11.0,4.0,1.0,2.0,1.0,81.3,13.0
2026,20,2026-07-26,Mattaes,Phillipou,St Kilda,INT,6.0,432.0,0.0,14.0,2.0,2.0,6.0,1.0,72.0,18.0
2026,20,2026-07-26,Liam,Ryan,St Kilda,CHF,7.0,212.0,0.0,9.0,2.0,0.0,1.0,0.0,70.0,7.0
2026,20,2026-07-26,Jack,Silvagni,St Kilda,BPL,2.0,156.0,6.0,7.0,1.0,0.0,4.0,0.0,85.7,12.0
2026,20,2026-07-26,Liam,Stocker,St Kilda,BPR,5.0,293.0,3.0,2.0,2.0,0.0,2.0,0.0,94.4,17.0
2026,20,2026-07-26,Tobie,Travaglia,St Kilda,INT,3.0,210.0,3.0,2.0,0.0,1.0,3.0,0.0,81.8,9.0
2026,20,2026-07-26,Nasiah,Wanganeen-Milera,St Kilda,CHB,10.0,1060.0,2.0,12.0,9.0,1.0,7.0,1.0,71.7,33.0
2026,20,2026-07-26,Callum,Wilkie,St Kilda,FB,2.0,102.0,5.0,3.0,0.0,0.0,2.0,0.0,100.0,15.0
2026,20,2026-07-26,Darcy,Wilson,St Kilda,WL,8.0,481.0,5.0,14.0,5.0,0.0,8.0,0.0,78.6,22.0
2026,20,2026-07-26,Marcus,Windhager,St Kilda,C,3.0,329.0,2.0,11.0,7.0,0.0,4.0,0.0,76.0,19.0
2026,20,2026-07-26,Mason,Wood,St Kilda,FPL,7.0,379.0,5.0,9.0,0.0,1.0,6.0,0.0,78.9,15.0
2026,21,2026-07-30,Edward,Allan,Collingwood,RR,4.0,235.0,0.0,25.0,3.0,1.0,4.0,0.0,72.2,13.0
2026,21,2026-07-30,Angus,Anderson,Collingwood,INT,4.0,217.0,0.0,16.0,3.0,0.0,0.0,1.0,28.6,2.0
2026,21,2026-07-30,Darcy,Cameron,Collingwood,RK,4.0,312.0,7.0,10.0,4.0,4.0,6.0,0.0,50.0,11.0
2026,21,2026-07-30,Jack,Crisp,Collingwood,WR,7.0,441.0,5.0,15.0,5.0,0.0,5.0,1.0,71.4,15.0
2026,21,2026-07-30,Josh,Daicos,Collingwood,CHB,6.0,467.0,6.0,18.0,5.0,1.0,8.0,0.0,69.7,23.0
2026,21,2026-07-30,Nick,Daicos,Collingwood,R,8.0,494.0,3.0,18.0,3.0,4.0,10.0,0.0,68.6,24.0
2026,21,2026-07-30,Jordan,De Goey,Collingwood,FF,4.0,260.0,2.0,9.0,1.0,1.0,5.0,0.0,78.9,15.0
2026,21,2026-07-30,Billy,Frampton,Collingwood,BPL,3.0,202.0,4.0,8.0,1.0,0.0,1.0,0.0,90.9,10.0
2026,21,2026-07-30,Harvey,Harrison,Collingwood,HFFL,3.0,278.0,0.0,14.0,3.0,0.0,1.0,1.0,53.8,7.0
2026,21,2026-07-30,Dan,Houston,Collingwood,INT,2.0,477.0,9.0,13.0,5.0,0.0,3.0,0.0,75.0,12.0
2026,21,2026-07-30,Jeremy,Howe,Collingwood,FB,1.0,185.0,5.0,5.0,1.0,0.0,2.0,0.0,81.8,9.0
2026,21,2026-07-30,Patrick,Lipinski,Collingwood,WL,2.0,349.0,6.0,13.0,4.0,0.0,8.0,0.0,76.2,16.0
2026,21,2026-07-30,Ned,Long,Collingwood,C,1.0,37.0,3.0,20.0,1.0,0.0,5.0,2.0,66.7,8.0
2026,21,2026-07-30,Beau,McCreery,Collingwood,HFFR,5.0,328.0,0.0,19.0,2.0,0.0,3.0,1.0,77.8,7.0
2026,21,2026-07-30,Daniel,McStay,Collingwood,INT,6.0,143.0,0.0,18.0,0.0,1.0,1.0,5.0,70.0,7.0
2026,21,2026-07-30,Tim,Membrey,Collingwood,FPR,2.0,1.0,0.0,5.0,0.0,0.0,3.0,1.0,100.0,6.0
2026,21,2026-07-30,Scott,Pendlebury,Collingwood,CHF,6.0,313.0,4.0,13.0,2.0,0.0,4.0,2.0,60.0,12.0
2026,21,2026-07-30,Harry,Perryman,Collingwood,HBFR,1.0,102.0,2.0,6.0,2.0,0.0,1.0,0.0,66.7,6.0
2026,21,2026-07-30,Liam,Puncher,Collingwood,BPR,0.0,43.0,5.0,7.0,1.0,0.0,3.0,0.0,85.7,6.0
2026,21,2026-07-30,Isaac,Quaynor,Collingwood,HBFL,4.0,435.0,9.0,18.0,6.0,0.0,5.0,1.0,68.4,13.0
2026,21,2026-07-30,Lachie,Schultz,Collingwood,INT,5.0,193.0,1.0,21.0,1.0,0.0,2.0,2.0,76.9,10.0
2026,21,2026-07-30,Steele,Sidebottom,Collingwood,INT,1.0,322.0,3.0,11.0,3.0,0.0,2.0,0.0,56.3,9.0
2026,21,2026-07-30,Charlie,West,Collingwood,FPL,3.0,149.0,0.0,1.0,4.0,0.0,4.0,0.0,60.0,6.0
2026,21,2026-07-30,Tom,Atkins,Geelong Cats,RR,4.0,390.0,2.0,20.0,2.0,2.0,8.0,1.0,63.2,12.0
2026,21,2026-07-30,Mark,Blicavs,Geelong Cats,WR,2.0,103.0,1.0,16.0,3.0,0.0,5.0,0.0,66.7,6.0
2026,21,2026-07-30,Tanner,Bruhn,Geelong Cats,HBFR,2.0,571.0,5.0,9.0,6.0,0.0,7.0,0.0,75.0,18.0
2026,21,2026-07-30,Jhye,Clark,Geelong Cats,INT,7.0,329.0,1.0,14.0,2.0,0.0,2.0,3.0,73.3,11.0
2026,21,2026-07-30,Brad,Close,Geelong Cats,INT,0.0,10.0,0.0,9.0,0.0,0.0,1.0,1.0,100.0,4.0
2026,21,2026-07-30,Oliver,Dempsey,Geelong Cats,WL,6.0,421.0,5.0,20.0,5.0,0.0,8.0,1.0,72.4,21.0
2026,21,2026-07-30,Mitchell,Edwards,Geelong Cats,RK,5.0,251.0,1.0,14.0,2.0,2.0,4.0,0.0,58.3,7.0
2026,21,2026-07-30,Zach,Guthrie,Geelong Cats,HBFL,3.0,247.0,2.0,18.0,1.0,0.0,1.0,0.0,92.3,12.0
2026,21,2026-07-30,Jack,Henry,Geelong Cats,CHB,2.0,63.0,4.0,4.0,1.0,0.0,2.0,0.0,88.9,8.0
2026,21,2026-07-30,Oliver,Henry,Geelong Cats,CHF,7.0,322.0,2.0,15.0,3.0,0.0,5.0,1.0,71.4,10.0
2026,21,2026-07-30,Lawson,Humphries,Geelong Cats,INT,2.0,190.0,5.0,6.0,2.0,0.0,2.0,0.0,80.0,12.0
2026,21,2026-07-30,Shaun,Mannagh,Geelong Cats,FPL,7.0,403.0,1.0,21.0,7.0,1.0,4.0,1.0,57.1,8.0
2026,21,2026-07-30,Jack,Martin,Geelong Cats,INT,4.0,149.0,0.0,9.0,4.0,0.0,1.0,2.0,71.4,5.0
2026,21,2026-07-30,Gryan,Miers,Geelong Cats,HFFL,7.0,209.0,0.0,15.0,4.0,0.0,3.0,1.0,58.8,10.0
2026,21,2026-07-30,Oisin,Mullin,Geelong Cats,R,7.0,186.0,3.0,18.0,2.0,1.0,8.0,0.0,81.3,13.0
2026,21,2026-07-30,Shannon,Neale,Geelong Cats,FF,6.0,223.0,0.0,10.0,2.0,0.0,1.0,2.0,75.0,9.0
2026,21,2026-07-30,Mark,O'Connor,Geelong Cats,BPR,1.0,333.0,7.0,13.0,5.0,1.0,3.0,0.0,85.0,17.0
2026,21,2026-07-30,Connor,O'Sullivan,Geelong Cats,FB,2.0,425.0,7.0,7.0,5.0,0.0,4.0,0.0,93.8,15.0
2026,21,2026-07-30,Jay,Polkinghorne,Geelong Cats,FPR,3.0,173.0,0.0,11.0,3.0,0.0,3.0,1.0,75.0,6.0
2026,21,2026-07-30,Bailey,Smith,Geelong Cats,C,5.0,512.0,3.0,10.0,5.0,4.0,10.0,0.0,46.4,13.0
2026,21,2026-07-30,Tom,Stewart,Geelong Cats,BPL,2.0,477.0,8.0,3.0,2.0,0.0,6.0,0.0,72.0,18.0
2026,21,2026-07-30,Oliver,Wiltshire,Geelong Cats,HFFR,5.0,139.0,1.0,7.0,1.0,0.0,5.0,0.0,83.3,10.0
2026,21,2026-07-30,James,Worpel,Geelong Cats,INT,2.0,344.0,2.0,27.0,7.0,2.0,11.0,0.0,58.3,14.0
2026,21,2026-07-31,Jye,Amiss,Fremantle,FF,1.0,96.0,0.0,5.0,0.0,0.0,2.0,0.0,50.0,3.0
2026,21,2026-07-31,Shai,Bolton,Fremantle,CHF,3.0,128.0,1.0,10.0,3.0,1.0,1.0,1.0,88.2,15.0
2026,21,2026-07-31,Andrew,Brayshaw,Fremantle,C,4.0,306.0,3.0,17.0,4.0,1.0,7.0,1.0,73.9,17.0
2026,21,2026-07-31,Heath,Chapman,Fremantle,BPR,2.0,-8.0,5.0,7.0,1.0,0.0,1.0,0.0,92.3,12.0
2026,21,2026-07-31,Jordan,Clark,Fremantle,HBFL,5.0,480.0,3.0,18.0,2.0,1.0,3.0,0.0,91.3,21.0
2026,21,2026-07-31,Mason,Cox,Fremantle,INT,2.0,57.0,0.0,2.0,1.0,0.0,1.0,0.0,57.1,4.0
2026,21,2026-07-31,Isaiah,Dudley,Fremantle,INT,5.0,271.0,0.0,16.0,0.0,0.0,3.0,0.0,81.8,9.0
2026,21,2026-07-31,Neil,Erasmus,Fremantle,INT,6.0,406.0,1.0,9.0,3.0,0.0,1.0,0.0,88.2,15.0
2026,21,2026-07-31,Michael,Frederick,Fremantle,WR,3.0,304.0,2.0,15.0,5.0,0.0,6.0,3.0,72.2,13.0
2026,21,2026-07-31,Luke,Jackson,Fremantle,RK,5.0,181.0,2.0,11.0,4.0,3.0,4.0,2.0,87.5,14.0
2026,21,2026-07-31,Matthew,Johnson,Fremantle,WL,4.0,300.0,2.0,12.0,3.0,1.0,2.0,0.0,77.8,14.0
2026,21,2026-07-31,Oscar,McDonald,Fremantle,BPL,5.0,495.0,8.0,7.0,0.0,0.0,3.0,0.0,90.9,20.0
2026,21,2026-07-31,Judd,McVee,Fremantle,INT,2.0,158.0,4.0,3.0,2.0,0.0,3.0,0.0,92.3,12.0
2026,21,2026-07-31,Nathan,O'Driscoll,Fremantle,INT,4.0,284.0,3.0,7.0,2.0,0.0,2.0,0.0,81.3,13.0
2026,21,2026-07-31,Alex,Pearce,Fremantle,FB,1.0,93.0,3.0,9.0,3.0,0.0,5.0,0.0,71.4,5.0
2026,21,2026-07-31,Murphy,Reid,Fremantle,HFFL,4.0,327.0,1.0,10.0,3.0,0.0,8.0,0.0,72.7,16.0
2026,21,2026-07-31,Luke,Ryan,Fremantle,CHB,4.0,340.0,4.0,8.0,2.0,0.0,3.0,0.0,95.0,19.0
2026,21,2026-07-31,Caleb,Serong,Fremantle,RR,4.0,219.0,1.0,24.0,1.0,1.0,4.0,3.0,76.5,13.0
2026,21,2026-07-31,Sam,Switkowski,Fremantle,HFFR,8.0,125.0,2.0,21.0,2.0,0.0,2.0,1.0,88.2,15.0
2026,21,2026-07-31,Josh,Treacy,Fremantle,FPR,6.0,286.0,3.0,10.0,2.0,0.0,2.0,1.0,61.5,8.0
2026,21,2026-07-31,Patrick,Voss,Fremantle,FPL,2.0,226.0,0.0,13.0,1.0,0.0,1.0,1.0,75.0,6.0
2026,21,2026-07-31,Karl,Worner,Fremantle,HBFR,8.0,604.0,10.0,6.0,4.0,0.0,4.0,0.0,85.7,24.0
2026,21,2026-07-31,Hayden,Young,Fremantle,R,3.0,131.0,2.0,10.0,1.0,1.0,4.0,1.0,88.9,16.0
2026,21,2026-07-31,Marcus,Bontempelli,Western Bulldogs,C,7.0,288.0,2.0,13.0,3.0,0.0,5.0,1.0,70.0,14.0
2026,21,2026-07-31,Lachlan,Bramble,Western Bulldogs,HBFL,8.0,535.0,3.0,9.0,2.0,1.0,3.0,0.0,82.6,19.0
2026,21,2026-07-31,Jedd,Busslinger,Western Bulldogs,INT,2.0,295.0,3.0,2.0,1.0,0.0,2.0,0.0,86.7,13.0
2026,21,2026-07-31,Nick,Coffield,Western Bulldogs,CHB,2.0,168.0,2.0,6.0,1.0,0.0,2.0,0.0,92.3,12.0
2026,21,2026-07-31,Jordan,Croft,Western Bulldogs,FF,1.0,136.0,3.0,11.0,3.0,0.0,2.0,0.0,57.1,4.0
2026,21,2026-07-31,Sam,Davidson,Western Bulldogs,INT,1.0,237.0,2.0,14.0,3.0,0.0,3.0,1.0,71.4,10.0
2026,21,2026-07-31,Josh,Dolan,Western Bulldogs,INT,4.0,236.0,3.0,11.0,3.0,0.0,6.0,0.0,62.5,10.0
2026,21,2026-07-31,Louis,Emmett,Western Bulldogs,FPL,1.0,0.0,0.0,7.0,1.0,0.0,1.0,0.0,100.0,2.0
2026,21,2026-07-31,Tim,English,Western Bulldogs,RK,3.0,174.0,3.0,12.0,2.0,0.0,3.0,0.0,73.3,11.0
2026,21,2026-07-31,Joel,Freijah,Western Bulldogs,WL,2.0,261.0,1.0,17.0,4.0,1.0,5.0,0.0,73.7,14.0
2026,21,2026-07-31,Cooper,Hynes,Western Bulldogs,WR,3.0,290.0,2.0,6.0,2.0,0.0,3.0,0.0,81.8,18.0
2026,21,2026-07-31,Arthur,Jones,Western Bulldogs,HFFR,7.0,218.0,1.0,16.0,2.0,0.0,2.0,1.0,50.0,5.0
2026,21,2026-07-31,Matthew,Kennedy,Western Bulldogs,FPR,3.0,134.0,0.0,7.0,0.0,0.0,4.0,0.0,77.8,7.0
2026,21,2026-07-31,Buku,Khamis,Western Bulldogs,BPR,3.0,97.0,6.0,2.0,1.0,0.0,4.0,0.0,85.7,12.0
2026,21,2026-07-31,Tom,Liberatore,Western Bulldogs,RR,4.0,238.0,1.0,10.0,4.0,3.0,9.0,1.0,60.7,17.0
2026,21,2026-07-31,Rory,Lobb,Western Bulldogs,CHF,6.0,127.0,0.0,11.0,1.0,1.0,4.0,1.0,72.7,8.0
2026,21,2026-07-31,James,O'Donnell,Western Bulldogs,FB,1.0,136.0,4.0,2.0,1.0,0.0,2.0,0.0,72.7,8.0
2026,21,2026-07-31,Ed,Richards,Western Bulldogs,R,8.0,752.0,0.0,11.0,5.0,1.0,11.0,0.0,61.5,16.0
2026,21,2026-07-31,Ryley,Sanders,Western Bulldogs,INT,3.0,196.0,3.0,15.0,4.0,2.0,7.0,1.0,79.2,19.0
2026,21,2026-07-31,Michael,Sellwood,Western Bulldogs,BPL,1.0,192.0,7.0,6.0,5.0,0.0,6.0,0.0,60.0,9.0
2026,21,2026-07-31,Laitham,Vandermeer,Western Bulldogs,INT,2.0,144.0,0.0,4.0,3.0,0.0,2.0,0.0,50.0,6.0
2026,21,2026-07-31,Rhylee,West,Western Bulldogs,HFFL,3.0,84.0,0.0,13.0,3.0,0.0,4.0,1.0,50.0,4.0
2026,21,2026-07-31,Bailey,Williams,Western Bulldogs,HBFR,1.0,365.0,3.0,10.0,6.0,0.0,3.0,0.0,89.5,17.0
2026,21,2026-08-01,Hugh,Boxshall,St Kilda,R,1.0,81.0,5.0,14.0,2.0,1.0,4.0,0.0,85.7,12.0
2026,21,2026-08-01,Ryan,Byrnes,St Kilda,HBFR,5.0,261.0,3.0,12.0,5.0,1.0,2.0,2.0,75.0,18.0
2026,21,2026-08-01,Anthony,Caminiti,St Kilda,INT,2.0,47.0,1.0,9.0,2.0,0.0,2.0,0.0,85.7,6.0
2026,21,2026-08-01,Hunter,Clark,St Kilda,INT,2.0,321.0,9.0,13.0,0.0,0.0,3.0,0.0,93.8,15.0
2026,21,2026-08-01,Tom,De Koning,St Kilda,FF,4.0,357.0,1.0,4.0,2.0,0.0,3.0,0.0,56.3,9.0
2026,21,2026-08-01,Hugo,Garcia,St Kilda,RR,6.0,93.0,1.0,23.0,0.0,2.0,6.0,0.0,80.0,12.0
2026,21,2026-08-01,Max,Hall,St Kilda,HFFR,10.0,458.0,4.0,21.0,5.0,1.0,9.0,2.0,73.9,17.0
2026,21,2026-08-01,Jack,Higgins,St Kilda,HFFL,4.0,98.0,0.0,11.0,1.0,0.0,0.0,0.0,71.4,5.0
2026,21,2026-08-01,Bradley,Hill,St Kilda,HBFL,7.0,507.0,4.0,11.0,7.0,0.0,2.0,0.0,78.6,22.0
2026,21,2026-08-01,Campbell,Lake,St Kilda,INT,5.0,176.0,2.0,13.0,2.0,0.0,4.0,0.0,81.8,9.0
2026,21,2026-08-01,Rowan,Marshall,St Kilda,RK,5.0,364.0,1.0,7.0,6.0,5.0,4.0,0.0,46.7,7.0
2026,21,2026-08-01,Liam,O'Connell,St Kilda,WR,4.0,100.0,3.0,8.0,0.0,1.0,5.0,0.0,92.3,12.0
2026,21,2026-08-01,Mitch,Owens,St Kilda,FPR,4.0,269.0,3.0,12.0,5.0,1.0,2.0,0.0,88.2,15.0
2026,21,2026-08-01,Mattaes,Phillipou,St Kilda,INT,3.0,238.0,0.0,11.0,6.0,1.0,5.0,0.0,55.0,11.0
2026,21,2026-08-01,Liam,Ryan,St Kilda,CHF,2.0,88.0,0.0,10.0,1.0,0.0,1.0,0.0,60.0,3.0
2026,21,2026-08-01,Jack,Silvagni,St Kilda,BPL,2.0,119.0,7.0,12.0,1.0,0.0,4.0,0.0,91.7,11.0
2026,21,2026-08-01,Liam,Stocker,St Kilda,BPR,3.0,316.0,9.0,11.0,4.0,0.0,5.0,0.0,76.0,19.0
2026,21,2026-08-01,Tobie,Travaglia,St Kilda,INT,2.0,173.0,1.0,12.0,1.0,0.0,4.0,1.0,84.6,11.0
2026,21,2026-08-01,Nasiah,Wanganeen-Milera,St Kilda,CHB,9.0,574.0,2.0,15.0,6.0,0.0,2.0,0.0,75.0,18.0
2026,21,2026-08-01,Callum,Wilkie,St Kilda,FB,5.0,214.0,13.0,8.0,0.0,0.0,7.0,0.0,92.3,24.0
2026,21,2026-08-01,Darcy,Wilson,St Kilda,WL,5.0,415.0,0.0,13.0,5.0,0.0,3.0,1.0,62.5,10.0
2026,21,2026-08-01,Marcus,Windhager,St Kilda,C,5.0,298.0,1.0,15.0,6.0,0.0,3.0,0.0,70.6,12.0
2026,21,2026-08-01,Mason,Wood,St Kilda,FPL,5.0,496.0,2.0,13.0,6.0,1.0,3.0,1.0,70.8,17.0
2026,21,2026-08-01,Riley,Bice,Sydney Swans,HBFR,0.0,258.0,5.0,10.0,3.0,0.0,3.0,0.0,78.9,15.0
2026,21,2026-08-01,Nick,Blakey,Sydney Swans,CHB,7.0,538.0,9.0,5.0,7.0,0.0,3.0,0.0,82.1,23.0
2026,21,2026-08-01,Braeden,Campbell,Sydney Swans,HFFR,5.0,293.0,6.0,15.0,1.0,0.0,6.0,0.0,70.6,12.0
2026,21,2026-08-01,Billy,Cootee,Sydney Swans,INT,5.0,343.0,1.0,12.0,3.0,0.0,3.0,1.0,64.3,9.0
2026,21,2026-08-01,Charlie,Curnow,Sydney Swans,FF,5.0,40.0,0.0,11.0,3.0,0.0,3.0,0.0,63.6,7.0
2026,21,2026-08-01,William,Edwards,Sydney Swans,FB,0.0,120.0,4.0,5.0,2.0,0.0,0.0,0.0,88.9,8.0
2026,21,2026-08-01,Brodie,Grundy,Sydney Swans,RK,4.0,201.0,2.0,14.0,1.0,3.0,5.0,0.0,60.0,12.0
2026,21,2026-08-01,Errol,Gulden,Sydney Swans,C,10.0,648.0,5.0,15.0,10.0,2.0,8.0,0.0,85.3,29.0
2026,21,2026-08-01,Isaac,Heeney,Sydney Swans,RR,11.0,463.0,1.0,9.0,3.0,4.0,6.0,1.0,63.6,14.0
2026,21,2026-08-01,James,Jordon,Sydney Swans,HFFL,4.0,205.0,3.0,18.0,3.0,0.0,7.0,1.0,84.2,16.0
2026,21,2026-08-01,Harry,Kyle,Sydney Swans,INT,1.0,107.0,2.0,14.0,1.0,0.0,3.0,0.0,75.0,6.0
2026,21,2026-08-01,Jake,Lloyd,Sydney Swans,CHF,3.0,401.0,3.0,5.0,4.0,0.0,6.0,0.0,70.6,12.0
2026,21,2026-08-01,Tom,McCartin,Sydney Swans,BPR,1.0,407.0,8.0,2.0,2.0,0.0,3.0,0.0,80.0,16.0
2026,21,2026-08-01,Logan,McDonald,Sydney Swans,FPR,8.0,230.0,1.0,13.0,2.0,0.0,3.0,1.0,84.6,11.0
2026,21,2026-08-01,Hayden,McLean,Sydney Swans,INT,3.0,40.0,0.0,14.0,1.0,0.0,2.0,2.0,66.7,4.0
2026,21,2026-08-01,Callum,Mills,Sydney Swans,BPL,3.0,308.0,3.0,18.0,2.0,1.0,1.0,0.0,85.7,12.0
2026,21,2026-08-01,Tom,Papley,Sydney Swans,FPL,6.0,164.0,2.0,13.0,4.0,0.0,5.0,0.0,60.0,6.0
2026,21,2026-08-01,Dane,Rampe,Sydney Swans,HBFL,2.0,232.0,4.0,6.0,4.0,0.0,4.0,0.0,85.7,12.0
2026,21,2026-08-01,Matt,Roberts,Sydney Swans,WL,3.0,412.0,4.0,12.0,5.0,0.0,6.0,0.0,76.2,16.0
2026,21,2026-08-01,Malcolm,Rosas,Sydney Swans,INT,1.0,260.0,1.0,18.0,5.0,0.0,0.0,0.0,40.0,4.0
2026,21,2026-08-01,James,Rowbottom,Sydney Swans,INT,1.0,7.0,1.0,1.0,0.0,0.0,0.0,0.0,100.0,1.0
2026,21,2026-08-01,Jai,Serong,Sydney Swans,WR,3.0,114.0,4.0,11.0,1.0,1.0,5.0,0.0,92.3,12.0
2026,21,2026-08-01,Chad,Warner,Sydney Swans,R,6.0,587.0,4.0,19.0,5.0,3.0,6.0,0.0,68.0,17.0
2026,21,2026-08-01,Tom,Barrass,Hawthorn,FB,0.0,12.0,6.0,2.0,0.0,0.0,1.0,0.0,90.0,9.0
2026,21,2026-08-01,Josh,Battle,Hawthorn,HBFR,5.0,613.0,4.0,4.0,5.0,0.0,1.0,0.0,89.5,17.0
2026,21,2026-08-01,Mabior,Chol,Hawthorn,CHF,8.0,367.0,4.0,11.0,6.0,1.0,2.0,1.0,45.0,9.0
2026,21,2026-08-01,Massimo,D'Ambrosio,Hawthorn,WR,3.0,292.0,5.0,9.0,3.0,0.0,3.0,0.0,77.8,14.0
2026,21,2026-08-01,Will,Day,Hawthorn,C,6.0,219.0,2.0,8.0,2.0,2.0,3.0,0.0,85.0,17.0
2026,21,2026-08-01,Jack,Ginnivan,Hawthorn,HFFR,5.0,210.0,0.0,9.0,4.0,0.0,1.0,0.0,63.2,12.0
2026,21,2026-08-01,Oliver,Greeves,Hawthorn,INT,0.0,0.0,0.0,1.0,0.0,0.0,0.0,1.0,100.0,3.0
2026,21,2026-08-01,Jack,Gunston,Hawthorn,FPR,7.0,312.0,0.0,4.0,3.0,0.0,1.0,0.0,33.3,3.0
2026,21,2026-08-01,Blake,Hardwick,Hawthorn,BPR,7.0,500.0,5.0,6.0,2.0,0.0,3.0,0.0,95.7,22.0
2026,21,2026-08-01,Jarman,Impey,Hawthorn,HBFL,4.0,473.0,9.0,4.0,4.0,1.0,9.0,0.0,63.3,19.0
2026,21,2026-08-01,Bailey,Macdonald,Hawthorn,INT,3.0,172.0,5.0,12.0,2.0,0.0,4.0,0.0,86.7,13.0
2026,21,2026-08-01,Connor,Macdonald,Hawthorn,INT,9.0,158.0,2.0,11.0,1.0,0.0,7.0,2.0,89.5,17.0
2026,21,2026-08-01,Cam,Mackenzie,Hawthorn,INT,6.0,375.0,2.0,25.0,3.0,0.0,3.0,0.0,65.2,15.0
2026,21,2026-08-01,Finn,Maginness,Hawthorn,INT,3.0,130.0,1.0,13.0,3.0,0.0,3.0,1.0,77.8,7.0
2026,21,2026-08-01,Lloyd,Meek,Hawthorn,RK,4.0,167.0,0.0,11.0,1.0,1.0,2.0,1.0,63.6,7.0
2026,21,2026-08-01,Dylan,Moore,Hawthorn,HFFL,5.0,175.0,1.0,10.0,3.0,0.0,1.0,0.0,90.9,10.0
2026,21,2026-08-01,Harry,Morrison,Hawthorn,WL,3.0,43.0,2.0,8.0,0.0,0.0,1.0,0.0,87.5,7.0
2026,21,2026-08-01,Jai,Newcombe,Hawthorn,RR,11.0,646.0,4.0,14.0,6.0,6.0,13.0,0.0,76.5,26.0
2026,21,2026-08-01,Aidan,Schubert,Hawthorn,FF,5.0,165.0,0.0,12.0,2.0,0.0,0.0,0.0,44.4,4.0
2026,21,2026-08-01,James,Sicily,Hawthorn,BPL,4.0,291.0,5.0,4.0,2.0,0.0,2.0,0.0,83.3,15.0
2026,21,2026-08-01,Josh,Ward,Hawthorn,R,7.0,328.0,0.0,15.0,1.0,2.0,2.0,0.0,72.7,16.0
2026,21,2026-08-01,Nick,Watson,Hawthorn,FPL,7.0,213.0,3.0,16.0,0.0,1.0,3.0,3.0,100.0,10.0
2026,21,2026-08-01,Josh,Weddle,Hawthorn,CHB,2.0,304.0,4.0,9.0,1.0,0.0,1.0,0.0,63.6,7.0
2026,21,2026-08-01,Zac,Banch,North Melbourne,BPR,4.0,205.0,0.0,7.0,2.0,0.0,1.0,0.0,75.0,6.0
2026,21,2026-08-01,Tom,Blamires,North Melbourne,WL,5.0,313.0,0.0,7.0,6.0,0.0,5.0,0.0,46.7,7.0
2026,21,2026-08-01,Charlie,Comben,North Melbourne,FB,2.0,175.0,5.0,8.0,4.0,0.0,1.0,0.0,60.0,6.0
2026,21,2026-08-01,Aidan,Corr,North Melbourne,BPL,2.0,329.0,2.0,0.0,2.0,0.0,0.0,0.0,80.0,8.0
2026,21,2026-08-01,Paul,Curtis,North Melbourne,FPR,10.0,162.0,2.0,18.0,1.0,0.0,3.0,0.0,80.0,12.0
2026,21,2026-08-01,Caleb,Daniel,North Melbourne,CHB,4.0,385.0,4.0,7.0,5.0,0.0,6.0,0.0,81.5,22.0
2026,21,2026-08-01,Jack,Darling,North Melbourne,HFFL,4.0,127.0,0.0,9.0,3.0,0.0,6.0,3.0,50.0,7.0
2026,21,2026-08-01,Luke,Davies-Uniacke,North Melbourne,C,10.0,633.0,5.0,17.0,3.0,0.0,10.0,1.0,77.8,21.0
2026,21,2026-08-01,Wil,Dawson,North Melbourne,INT,1.0,25.0,1.0,6.0,1.0,0.0,2.0,0.0,75.0,6.0
2026,21,2026-08-01,Josh,Goater,North Melbourne,INT,4.0,291.0,5.0,4.0,2.0,0.0,3.0,0.0,76.2,16.0
2026,21,2026-08-01,Nick,Larkey,North Melbourne,FF,9.0,267.0,0.0,7.0,3.0,0.0,0.0,0.0,69.2,9.0
2026,21,2026-08-01,Griffin,Logue,North Melbourne,HBFL,2.0,123.0,7.0,9.0,2.0,0.0,3.0,0.0,85.7,12.0
2026,21,2026-08-01,Colby,McKercher,North Melbourne,HBFR,7.0,490.0,1.0,11.0,6.0,0.0,1.0,0.0,81.0,17.0
2026,21,2026-08-01,Finn,O'Sullivan,North Melbourne,RR,6.0,235.0,2.0,14.0,1.0,0.0,6.0,0.0,80.0,12.0
2026,21,2026-08-01,Luke,Parker,North Melbourne,INT,7.0,360.0,2.0,15.0,5.0,3.0,7.0,0.0,51.9,14.0
2026,21,2026-08-01,Bailey,Scott,North Melbourne,INT,3.0,125.0,2.0,9.0,2.0,0.0,0.0,0.0,54.5,6.0
2026,21,2026-08-01,Harry,Sheezel,North Melbourne,R,8.0,439.0,2.0,16.0,4.0,0.0,2.0,0.0,92.0,23.0
2026,21,2026-08-01,Jy,Simpkin,North Melbourne,HFFR,9.0,312.0,3.0,13.0,5.0,2.0,5.0,0.0,73.9,17.0
2026,21,2026-08-01,Charlie,Spargo,North Melbourne,INT,8.0,146.0,0.0,2.0,1.0,0.0,1.0,0.0,83.3,10.0
2026,21,2026-08-01,Dylan,Stephens,North Melbourne,WR,5.0,265.0,5.0,11.0,2.0,1.0,3.0,0.0,80.0,12.0
2026,21,2026-08-01,Cooper,Trembath,North Melbourne,CHF,7.0,216.0,1.0,10.0,0.0,0.0,1.0,0.0,92.3,12.0
2026,21,2026-08-01,Tristan,Xerri,North Melbourne,RK,6.0,174.0,1.0,15.0,2.0,3.0,5.0,0.0,68.8,11.0
2026,21,2026-08-01,Cameron,Zurhaar,North Melbourne,FPL,3.0,250.0,4.0,6.0,2.0,0.0,4.0,0.0,88.2,15.0
2026,21,2026-08-01,Aliir,Aliir,Port Adelaide,CHB,3.0,336.0,7.0,5.0,2.0,0.0,5.0,0.0,90.5,19.0
2026,21,2026-08-01,Xavier,Bamert,Port Adelaide,HFFL,4.0,266.0,4.0,12.0,2.0,0.0,2.0,0.0,69.2,9.0
2026,21,2026-08-01,Miles,Bergman,Port Adelaide,RR,2.0,410.0,0.0,16.0,5.0,1.0,4.0,2.0,68.2,15.0
2026,21,2026-08-01,Joe,Berry,Port Adelaide,HFFR,1.0,294.0,7.0,15.0,3.0,0.0,10.0,1.0,62.5,15.0
2026,21,2026-08-01,Jase,Burgoyne,Port Adelaide,WR,4.0,304.0,2.0,24.0,4.0,1.0,6.0,1.0,88.2,15.0
2026,21,2026-08-01,Darcy,Byrne-Jones,Port Adelaide,HBFL,3.0,543.0,5.0,17.0,4.0,1.0,6.0,0.0,68.0,17.0
2026,21,2026-08-01,Willem,Drew,Port Adelaide,R,3.0,328.0,3.0,18.0,1.0,0.0,8.0,2.0,70.6,12.0
2026,21,2026-08-01,Corey,Durdin,Port Adelaide,FPL,3.0,231.0,3.0,17.0,4.0,0.0,7.0,0.0,30.8,4.0
2026,21,2026-08-01,Mitch,Georgiades,Port Adelaide,FPR,7.0,164.0,0.0,7.0,2.0,0.0,3.0,3.0,64.3,9.0
2026,21,2026-08-01,Jason,Horne-Francis,Port Adelaide,C,4.0,422.0,1.0,16.0,6.0,3.0,8.0,1.0,48.3,14.0
2026,21,2026-08-01,Lachie,Jones,Port Adelaide,HBFR,0.0,371.0,5.0,11.0,6.0,0.0,3.0,0.0,80.0,16.0
2026,21,2026-08-01,Josh,Lai,Port Adelaide,BPL,1.0,338.0,8.0,10.0,3.0,0.0,6.0,0.0,57.1,8.0
2026,21,2026-08-01,Will,Lorenz,Port Adelaide,INT,3.0,408.0,7.0,7.0,4.0,0.0,7.0,0.0,78.3,18.0
2026,21,2026-08-01,Todd,Marshall,Port Adelaide,CHF,2.0,161.0,0.0,8.0,3.0,0.0,1.0,2.0,50.0,3.0
2026,21,2026-08-01,Christian,Moraes,Port Adelaide,INT,1.0,106.0,2.0,9.0,4.0,0.0,2.0,1.0,40.0,2.0
2026,21,2026-08-01,Balyn,O'Brien,Port Adelaide,BPR,0.0,131.0,3.0,12.0,3.0,0.0,2.0,0.0,83.3,5.0
2026,21,2026-08-01,Harrison,Ramm,Port Adelaide,FB,0.0,62.0,4.0,9.0,1.0,0.0,2.0,0.0,80.0,4.0
2026,21,2026-08-01,Jordon,Sweet,Port Adelaide,RK,4.0,178.0,0.0,9.0,2.0,1.0,1.0,0.0,44.4,4.0
2026,21,2026-08-01,Dante,Visentini,Port Adelaide,INT,2.0,122.0,1.0,9.0,3.0,1.0,0.0,0.0,85.7,6.0
2026,21,2026-08-01,Jack,Watkins,Port Adelaide,WL,2.0,72.0,1.0,8.0,2.0,0.0,3.0,0.0,58.3,7.0
2026,21,2026-08-01,Jack,Whitlock,Port Adelaide,FF,0.0,101.0,1.0,16.0,3.0,0.0,1.0,1.0,50.0,2.0
2026,21,2026-08-01,Ollie,Wines,Port Adelaide,INT,3.0,209.0,1.0,20.0,1.0,1.0,5.0,1.0,76.0,19.0
2026,21,2026-08-01,Mitch,Zadow,Port Adelaide,INT,3.0,147.0,1.0,12.0,2.0,0.0,2.0,0.0,62.5,5.0
2026,21,2026-08-01,Ryan,Angwin,GWS GIANTS,WL,3.0,394.0,2.0,15.0,4.0,0.0,4.0,1.0,81.3,13.0
2026,21,2026-08-01,Lachie,Ash,GWS GIANTS,HBFR,3.0,674.0,3.0,4.0,7.0,0.0,1.0,0.0,72.0,18.0
2026,21,2026-08-01,Toby,Bedford,GWS GIANTS,HFFL,4.0,316.0,1.0,17.0,3.0,1.0,5.0,2.0,85.0,17.0
2026,21,2026-08-01,Kieren,Briggs,GWS GIANTS,INT,2.0,218.0,4.0,4.0,3.0,0.0,6.0,0.0,50.0,6.0
2026,21,2026-08-01,Callum,Brown,GWS GIANTS,FPR,3.0,151.0,2.0,6.0,1.0,0.0,2.0,0.0,75.0,6.0
2026,21,2026-08-01,Aaron,Cadman,GWS GIANTS,FF,6.0,256.0,1.0,4.0,3.0,0.0,2.0,0.0,71.4,10.0
2026,21,2026-08-01,Stephen,Coniglio,GWS GIANTS,RR,7.0,248.0,2.0,14.0,2.0,0.0,1.0,2.0,80.0,16.0
2026,21,2026-08-01,Josaia,Delana,GWS GIANTS,HFFR,4.0,137.0,0.0,25.0,0.0,1.0,4.0,5.0,72.7,8.0
2026,21,2026-08-01,Joe,Fonti,GWS GIANTS,INT,1.0,246.0,3.0,8.0,3.0,0.0,1.0,0.0,83.3,10.0
2026,21,2026-08-01,Max,Gruzewski,GWS GIANTS,CHF,5.0,138.0,1.0,4.0,2.0,0.0,3.0,2.0,70.0,7.0
2026,21,2026-08-01,Riley,Hamilton,GWS GIANTS,INT,4.0,159.0,0.0,15.0,5.0,0.0,2.0,4.0,37.5,3.0
2026,21,2026-08-01,Harry,Himmelberg,GWS GIANTS,CHB,1.0,226.0,7.0,7.0,2.0,0.0,3.0,0.0,80.0,12.0
2026,21,2026-08-01,Connor,Idun,GWS GIANTS,BPL,0.0,174.0,6.0,3.0,3.0,0.0,4.0,0.0,88.9,16.0
2026,21,2026-08-01,Jayden,Laverde,GWS GIANTS,BPR,2.0,147.0,3.0,6.0,1.0,0.0,2.0,0.0,81.8,9.0
2026,21,2026-08-01,Nicholas,Madden,GWS GIANTS,RK,6.0,152.0,4.0,7.0,1.0,4.0,7.0,0.0,80.0,12.0
2026,21,2026-08-01,Xavier,O'Halloran,GWS GIANTS,R,3.0,339.0,5.0,14.0,5.0,1.0,4.0,0.0,68.2,15.0
2026,21,2026-08-01,Clayton,Oliver,GWS GIANTS,C,5.0,278.0,2.0,10.0,4.0,0.0,10.0,0.0,73.9,17.0
2026,21,2026-08-01,Jack,Ough,GWS GIANTS,INT,0.0,132.0,1.0,3.0,2.0,0.0,1.0,0.0,80.0,4.0
2026,21,2026-08-01,Harry,Rowston,GWS GIANTS,INT,4.0,270.0,3.0,13.0,2.0,2.0,7.0,0.0,64.7,11.0
2026,21,2026-08-01,Jake,Stringer,GWS GIANTS,FPL,10.0,356.0,0.0,14.0,0.0,0.0,7.0,3.0,46.7,7.0
2026,21,2026-08-01,Sam,Taylor,GWS GIANTS,FB,1.0,131.0,7.0,10.0,1.0,0.0,3.0,0.0,90.0,9.0
2026,21,2026-08-01,Harvey,Thomas,GWS GIANTS,WR,4.0,387.0,4.0,19.0,7.0,0.0,8.0,2.0,60.9,14.0
2026,21,2026-08-01,Lachie,Whitfield,GWS GIANTS,HBFL,2.0,526.0,9.0,17.0,5.0,0.0,7.0,0.0,82.8,24.0
2026,21,2026-08-01,Blake,Acres,Carlton,WL,4.0,328.0,1.0,14.0,4.0,0.0,2.0,0.0,82.4,14.0
2026,21,2026-08-01,Ben,Ainsworth,Carlton,CHF,6.0,219.0,0.0,10.0,5.0,0.0,1.0,0.0,76.5,13.0
2026,21,2026-08-01,Talor,Byrne,Carlton,HFFL,9.0,261.0,2.0,18.0,1.0,0.0,3.0,1.0,83.3,10.0
2026,21,2026-08-01,Adam,Cerra,Carlton,WR,5.0,539.0,4.0,11.0,3.0,0.0,4.0,0.0,76.2,16.0
2026,21,2026-08-01,Matthew,Cottrell,Carlton,HBFR,7.0,192.0,0.0,19.0,1.0,0.0,0.0,1.0,83.3,10.0
2026,21,2026-08-01,Lachlan,Cowan,Carlton,HBFL,2.0,274.0,8.0,9.0,5.0,0.0,6.0,0.0,71.4,10.0
2026,21,2026-08-01,Patrick,Cripps,Carlton,C,5.0,251.0,0.0,11.0,3.0,5.0,9.0,0.0,72.2,13.0
2026,21,2026-08-01,Harry,Dean,Carlton,BPL,2.0,143.0,5.0,8.0,2.0,0.0,2.0,0.0,66.7,10.0
2026,21,2026-08-01,Wade,Derksen,Carlton,FB,4.0,219.0,11.0,1.0,2.0,0.0,4.0,0.0,77.8,14.0
2026,21,2026-08-01,Francis,Evans,Carlton,INT,6.0,108.0,0.0,16.0,0.0,0.0,2.0,2.0,71.4,5.0
2026,21,2026-08-01,Oliver,Florent,Carlton,INT,6.0,485.0,3.0,10.0,0.0,0.0,2.0,0.0,92.3,24.0
2026,21,2026-08-01,Nick,Haynes,Carlton,CHB,4.0,142.0,4.0,3.0,1.0,1.0,3.0,0.0,84.6,11.0
2026,21,2026-08-01,Will,Hayward,Carlton,HFFR,11.0,372.0,4.0,8.0,1.0,0.0,7.0,0.0,78.3,18.0
2026,21,2026-08-01,George,Hewett,Carlton,INT,11.0,507.0,4.0,18.0,3.0,2.0,8.0,0.0,87.9,29.0
2026,21,2026-08-01,Brodie,Kemp,Carlton,FPR,9.0,239.0,0.0,8.0,0.0,0.0,3.0,0.0,66.7,8.0
2026,21,2026-08-01,Cooper,Lord,Carlton,INT,5.0,533.0,1.0,14.0,2.0,0.0,0.0,0.0,95.8,23.0
2026,21,2026-08-01,Mitch,McGovern,Carlton,FPL,7.0,67.0,0.0,4.0,1.0,0.0,4.0,0.0,80.0,8.0
2026,21,2026-08-01,Harry,McKay,Carlton,FF,8.0,416.0,2.0,7.0,4.0,0.0,1.0,1.0,80.0,16.0
2026,21,2026-08-01,Marc,Pittonet,Carlton,RK,3.0,235.0,1.0,9.0,5.0,3.0,4.0,2.0,66.7,8.0
2026,21,2026-08-01,Jagga,Smith,Carlton,RR,12.0,330.0,2.0,12.0,2.0,6.0,9.0,0.0,96.6,28.0
2026,21,2026-08-01,Sam,Walsh,Carlton,R,8.0,329.0,2.0,18.0,3.0,2.0,7.0,0.0,88.9,24.0
2026,21,2026-08-01,Billy,Wilson,Carlton,BPR,8.0,539.0,1.0,10.0,6.0,0.0,2.0,0.0,88.9,16.0
2026,21,2026-08-01,Lewis,Young,Carlton,INT,6.0,92.0,1.0,12.0,1.0,2.0,1.0,1.0,90.0,9.0
2026,21,2026-08-01,Oscar,Allen,Brisbane Lions,HFFR,7.0,138.0,2.0,4.0,0.0,0.0,4.0,0.0,80.0,8.0
2026,21,2026-08-01,Harris,Andrews,Brisbane Lions,FB,2.0,34.0,6.0,6.0,1.0,0.0,4.0,0.0,92.9,13.0
2026,21,2026-08-01,Noah,Answerth,Brisbane Lions,BPL,3.0,302.0,3.0,7.0,4.0,0.0,1.0,0.0,84.6,11.0
2026,21,2026-08-01,Levi,Ashcroft,Brisbane Lions,RK,4.0,60.0,2.0,13.0,0.0,0.0,2.0,0.0,81.8,9.0
2026,21,2026-08-01,Will,Ashcroft,Brisbane Lions,INT,7.0,418.0,4.0,17.0,5.0,5.0,5.0,0.0,81.3,26.0
2026,21,2026-08-01,Zac,Bailey,Brisbane Lions,WR,6.0,242.0,1.0,14.0,2.0,0.0,2.0,0.0,88.9,16.0
2026,21,2026-08-01,Jarrod,Berry,Brisbane Lions,WL,3.0,102.0,3.0,11.0,1.0,0.0,5.0,0.0,72.2,13.0
2026,21,2026-08-01,Charlie,Cameron,Brisbane Lions,HFFL,8.0,288.0,0.0,7.0,1.0,0.0,0.0,0.0,55.6,5.0
2026,21,2026-08-01,Keidean,Coleman,Brisbane Lions,HBFR,3.0,63.0,3.0,4.0,0.0,0.0,1.0,0.0,100.0,5.0
2026,21,2026-08-01,Sam,Draper,Brisbane Lions,FPL,3.0,156.0,1.0,6.0,4.0,1.0,3.0,0.0,60.0,6.0
2026,21,2026-08-01,Josh,Dunkley,Brisbane Lions,RR,9.0,391.0,4.0,30.0,5.0,1.0,2.0,1.0,72.0,18.0
2026,21,2026-08-01,Jaspa,Fletcher,Brisbane Lions,INT,6.0,371.0,4.0,11.0,2.0,0.0,3.0,0.0,90.9,20.0
2026,21,2026-08-01,Darcy,Fort,Brisbane Lions,INT,1.0,124.0,1.0,10.0,2.0,1.0,3.0,0.0,81.8,9.0
2026,21,2026-08-01,Eric,Hipwood,Brisbane Lions,CHB,1.0,321.0,6.0,8.0,6.0,0.0,2.0,0.0,69.2,9.0
2026,21,2026-08-01,Ryan,Lester,Brisbane Lions,BPR,4.0,165.0,4.0,11.0,2.0,0.0,2.0,0.0,90.9,10.0
2026,21,2026-08-01,Kai,Lohmann,Brisbane Lions,FPR,5.0,227.0,2.0,26.0,0.0,0.0,5.0,3.0,63.6,7.0
2026,21,2026-08-01,Hugh,McCluggage,Brisbane Lions,C,6.0,410.0,0.0,20.0,2.0,1.0,1.0,0.0,72.2,13.0
2026,21,2026-08-01,Conor,McKenna,Brisbane Lions,INT,4.0,348.0,1.0,15.0,6.0,0.0,2.0,1.0,63.6,7.0
2026,21,2026-08-01,Logan,Morris,Brisbane Lions,CHF,3.0,163.0,0.0,6.0,1.0,0.0,1.0,1.0,20.0,1.0
2026,21,2026-08-01,Lachie,Neale,Brisbane Lions,R,9.0,441.0,2.0,19.0,4.0,4.0,7.0,0.0,84.6,22.0
2026,21,2026-08-01,Cam,Rayner,Brisbane Lions,FF,6.0,355.0,1.0,16.0,3.0,2.0,5.0,2.0,60.0,12.0
2026,21,2026-08-01,Bruce,Reville,Brisbane Lions,INT,2.0,181.0,0.0,8.0,2.0,0.0,2.0,0.0,91.7,11.0
2026,21,2026-08-01,Darcy,Wilmot,Brisbane Lions,HBFL,3.0,295.0,5.0,9.0,3.0,0.0,1.0,0.0,84.6,11.0
2026,21,2026-08-02,Kye,Annand,Richmond,BPR,0.0,239.0,4.0,0.0,4.0,0.0,2.0,0.0,85.7,12.0
2026,21,2026-08-02,Sam,Banks,Richmond,CHB,3.0,299.0,1.0,10.0,3.0,0.0,3.0,0.0,75.0,15.0
2026,21,2026-08-02,Nathan,Broad,Richmond,BPL,1.0,164.0,5.0,5.0,0.0,0.0,0.0,0.0,100.0,11.0
2026,21,2026-08-02,Tom,Brown,Richmond,HBFR,3.0,430.0,5.0,10.0,3.0,0.0,3.0,0.0,64.7,11.0
2026,21,2026-08-02,Seth,Campbell,Richmond,HFFL,1.0,218.0,0.0,20.0,6.0,0.0,1.0,2.0,46.2,6.0
2026,21,2026-08-02,Sam,Cumming,Richmond,INT,1.0,105.0,1.0,21.0,3.0,0.0,1.0,0.0,80.0,4.0
2026,21,2026-08-02,Sam,Grlj,Richmond,INT,3.0,73.0,3.0,14.0,2.0,0.0,5.0,1.0,77.8,7.0
2026,21,2026-08-02,Taj,Hotton,Richmond,FF,1.0,14.0,2.0,22.0,0.0,0.0,2.0,1.0,100.0,7.0
2026,21,2026-08-02,Sam,Lalor,Richmond,R,7.0,351.0,2.0,11.0,2.0,0.0,2.0,1.0,84.6,11.0
2026,21,2026-08-02,Mykelti,Lefau,Richmond,FPR,4.0,130.0,0.0,18.0,2.0,0.0,1.0,2.0,50.0,3.0
2026,21,2026-08-02,Tom,Lynch,Richmond,FPL,10.0,298.0,1.0,11.0,3.0,0.0,5.0,1.0,50.0,10.0
2026,21,2026-08-02,Ben,Miller,Richmond,FB,1.0,125.0,4.0,11.0,0.0,0.0,3.0,0.0,87.5,7.0
2026,21,2026-08-02,Toby,Nankervis,Richmond,RK,5.0,78.0,3.0,23.0,4.0,3.0,11.0,1.0,52.6,10.0
2026,21,2026-08-02,Dion,Prestia,Richmond,CHF,3.0,201.0,0.0,21.0,3.0,1.0,4.0,0.0,68.8,11.0
2026,21,2026-08-02,Hugo,Ralphsmith,Richmond,HFFR,9.0,435.0,4.0,14.0,0.0,0.0,6.0,0.0,83.3,15.0
2026,21,2026-08-02,Patrick,Retschko,Richmond,WL,4.0,264.0,6.0,7.0,3.0,0.0,8.0,0.0,75.0,18.0
2026,21,2026-08-02,Jack,Ross,Richmond,RR,8.0,319.0,3.0,23.0,0.0,2.0,8.0,0.0,81.5,22.0
2026,21,2026-08-02,Samson,Ryan,Richmond,INT,2.0,76.0,0.0,5.0,0.0,0.0,0.0,0.0,0.0,0.0
2026,21,2026-08-02,Jayden,Short,Richmond,INT,1.0,437.0,4.0,3.0,8.0,0.0,4.0,0.0,58.8,10.0
2026,21,2026-08-02,Tyler,Sonsie,Richmond,WR,6.0,342.0,4.0,12.0,4.0,0.0,10.0,0.0,65.0,13.0
2026,21,2026-08-02,Tim,Taranto,Richmond,C,9.0,493.0,3.0,25.0,7.0,4.0,5.0,1.0,68.8,22.0
2026,21,2026-08-02,Luke,Trainor,Richmond,INT,2.0,203.0,6.0,6.0,3.0,0.0,3.0,0.0,37.5,3.0
2026,21,2026-08-02,Nick,Vlastuin,Richmond,HBFL,2.0,308.0,5.0,4.0,5.0,0.0,2.0,0.0,81.3,13.0
2026,21,2026-08-02,Bo,Allan,West Coast Eagles,WR,2.0,150.0,1.0,13.0,2.0,0.0,3.0,0.0,77.8,7.0
2026,21,2026-08-02,Rhett,Bazzo,West Coast Eagles,FB,1.0,9.0,5.0,6.0,2.0,0.0,2.0,0.0,71.4,5.0
2026,21,2026-08-02,Sandy,Brock,West Coast Eagles,BPL,3.0,137.0,3.0,3.0,2.0,0.0,1.0,0.0,100.0,8.0
2026,21,2026-08-02,Tom,Cole,West Coast Eagles,HFFL,3.0,227.0,0.0,8.0,1.0,0.0,2.0,0.0,75.0,6.0
2026,21,2026-08-02,Cooper,Duff-Tytler,West Coast Eagles,FPR,4.0,108.0,3.0,18.0,3.0,0.0,3.0,0.0,44.4,4.0
2026,21,2026-08-02,Liam,Duggan,West Coast Eagles,WL,3.0,262.0,4.0,14.0,1.0,0.0,5.0,0.0,83.3,10.0
2026,21,2026-08-02,Willem,Duursma,West Coast Eagles,HFFR,3.0,184.0,2.0,19.0,3.0,1.0,4.0,1.0,72.7,8.0
2026,21,2026-08-02,Jack,Graham,West Coast Eagles,INT,5.0,265.0,5.0,27.0,4.0,3.0,7.0,5.0,77.8,14.0
2026,21,2026-08-02,Marcus,Herbert,West Coast Eagles,HBFL,5.0,354.0,8.0,11.0,5.0,0.0,7.0,1.0,79.4,27.0
2026,21,2026-08-02,Brady,Hough,West Coast Eagles,HBFR,1.0,258.0,6.0,10.0,3.0,0.0,4.0,0.0,84.6,11.0
2026,21,2026-08-02,Harvey,Johnston,West Coast Eagles,INT,4.0,93.0,0.0,11.0,1.0,0.0,2.0,3.0,66.7,4.0
2026,21,2026-08-02,Tim,Kelly,West Coast Eagles,R,5.0,374.0,1.0,10.0,5.0,2.0,4.0,0.0,76.0,19.0
2026,21,2026-08-02,Ryan,Maric,West Coast Eagles,INT,1.0,294.0,4.0,11.0,3.0,1.0,5.0,0.0,73.3,11.0
2026,21,2026-08-02,Tom,McCarthy,West Coast Eagles,INT,2.0,627.0,3.0,7.0,8.0,0.0,1.0,0.0,77.3,17.0
2026,21,2026-08-02,Milan,Murdock,West Coast Eagles,FPL,6.0,199.0,4.0,19.0,1.0,0.0,8.0,4.0,75.0,9.0
2026,21,2026-08-02,Harley,Reid,West Coast Eagles,RR,8.0,658.0,4.0,21.0,9.0,0.0,13.0,2.0,55.9,19.0
2026,21,2026-08-02,Jobe,Shanahan,West Coast Eagles,CHF,4.0,148.0,2.0,15.0,2.0,0.0,2.0,2.0,70.0,7.0
2026,21,2026-08-02,Brandon,Starcevich,West Coast Eagles,BPR,2.0,264.0,4.0,14.0,4.0,0.0,0.0,0.0,60.0,6.0
2026,21,2026-08-02,Jake,Waterman,West Coast Eagles,FF,10.0,289.0,0.0,7.0,3.0,0.0,3.0,0.0,37.5,6.0
2026,21,2026-08-02,Bailey J.,Williams,West Coast Eagles,RK,7.0,146.0,2.0,13.0,2.0,0.0,4.0,1.0,38.5,5.0
2026,21,2026-08-02,Jack,Williams,West Coast Eagles,INT,4.0,134.0,0.0,6.0,0.0,0.0,0.0,0.0,100.0,6.0
2026,21,2026-08-02,Elliot,Yeo,West Coast Eagles,C,7.0,295.0,2.0,22.0,1.0,2.0,7.0,3.0,72.7,16.0
2026,21,2026-08-02,Tylar,Young,West Coast Eagles,CHB,2.0,197.0,2.0,9.0,1.0,0.0,2.0,0.0,57.1,4.0
2026,21,2026-08-02,Beau,Addinsall,Gold Coast SUNS,INT,2.0,297.0,3.0,14.0,4.0,2.0,4.0,1.0,66.7,10.0
2026,21,2026-08-02,Noah,Anderson,Gold Coast SUNS,C,3.0,554.0,3.0,20.0,5.0,0.0,7.0,1.0,81.0,17.0
2026,21,2026-08-02,Mac,Andrew,Gold Coast SUNS,BPL,1.0,310.0,10.0,8.0,4.0,0.0,4.0,0.0,78.9,15.0
2026,21,2026-08-02,Charlie,Ballard,Gold Coast SUNS,INT,3.0,-3.0,4.0,2.0,1.0,0.0,4.0,0.0,71.4,5.0
2026,21,2026-08-02,Sam,Collins,Gold Coast SUNS,BPR,1.0,47.0,3.0,2.0,1.0,0.0,1.0,0.0,83.3,5.0
2026,21,2026-08-02,Bailey,Humphrey,Gold Coast SUNS,CHF,5.0,263.0,3.0,14.0,4.0,0.0,5.0,4.0,66.7,8.0
2026,21,2026-08-02,Joel,Jeffrey,Gold Coast SUNS,INT,2.0,288.0,4.0,8.0,4.0,0.0,1.0,0.0,77.8,7.0
2026,21,2026-08-02,Ben,King,Gold Coast SUNS,FPR,5.0,112.0,1.0,5.0,2.0,0.0,0.0,0.0,57.1,4.0
2026,21,2026-08-02,Leonardo,Lombard,Gold Coast SUNS,HFFL,9.0,332.0,1.0,12.0,3.0,0.0,4.0,0.0,73.3,11.0
2026,21,2026-08-02,Ben,Long,Gold Coast SUNS,INT,4.0,166.0,0.0,5.0,1.0,0.0,1.0,2.0,83.3,5.0
2026,21,2026-08-02,Touk,Miller,Gold Coast SUNS,R,9.0,324.0,1.0,12.0,4.0,2.0,8.0,0.0,76.2,16.0
2026,21,2026-08-02,Ned,Moyle,Gold Coast SUNS,RK,4.0,131.0,0.0,5.0,3.0,3.0,1.0,0.0,66.7,6.0
2026,21,2026-08-02,Jai,Murray,Gold Coast SUNS,WL,2.0,230.0,4.0,11.0,5.0,0.0,4.0,1.0,30.0,3.0
2026,21,2026-08-02,John,Noble,Gold Coast SUNS,HBFR,3.0,875.0,7.0,10.0,10.0,0.0,6.0,0.0,79.4,27.0
2026,21,2026-08-02,Dylan,Patterson,Gold Coast SUNS,INT,3.0,144.0,0.0,15.0,1.0,0.0,0.0,1.0,83.3,5.0
2026,21,2026-08-02,Christian,Petracca,Gold Coast SUNS,FPL,3.0,178.0,4.0,7.0,4.0,1.0,5.0,1.0,68.8,11.0
2026,21,2026-08-02,Wil,Powell,Gold Coast SUNS,CHB,1.0,56.0,4.0,19.0,1.0,0.0,3.0,1.0,76.9,10.0
2026,21,2026-08-02,Ethan,Read,Gold Coast SUNS,WR,4.0,234.0,1.0,9.0,4.0,1.0,1.0,0.0,70.0,7.0
2026,21,2026-08-02,Daniel,Rioli,Gold Coast SUNS,HBFL,3.0,370.0,5.0,8.0,0.0,0.0,6.0,0.0,93.8,15.0
2026,21,2026-08-02,Jake,Rogers,Gold Coast SUNS,HFFR,3.0,11.0,0.0,12.0,0.0,0.0,3.0,1.0,100.0,6.0
2026,21,2026-08-02,Matt,Rowell,Gold Coast SUNS,RR,8.0,442.0,3.0,26.0,4.0,6.0,9.0,0.0,63.3,19.0
2026,21,2026-08-02,Bodhi,Uwland,Gold Coast SUNS,FB,3.0,379.0,6.0,9.0,2.0,0.0,5.0,0.0,75.0,12.0
2026,21,2026-08-02,Jed,Walter,Gold Coast SUNS,FF,6.0,236.0,1.0,7.0,3.0,0.0,2.0,0.0,58.3,7.0
2026,21,2026-08-02,Jake,Bowey,Melbourne,BPL,7.0,542.0,8.0,12.0,2.0,0.0,6.0,1.0,93.1,27.0
2026,21,2026-08-02,Paddy,Cross,Melbourne,INT,1.0,107.0,1.0,10.0,1.0,0.0,1.0,0.0,100.0,5.0
2026,21,2026-08-02,Joel,Fitzgerald,Melbourne,INT,11.0,402.0,3.0,24.0,5.0,4.0,9.0,2.0,73.9,17.0
2026,21,2026-08-02,Bayley,Fritsch,Melbourne,FPR,5.0,322.0,0.0,12.0,1.0,0.0,0.0,1.0,60.0,6.0
2026,21,2026-08-02,Max,Gawn,Melbourne,RK,8.0,282.0,5.0,8.0,6.0,7.0,6.0,0.0,84.0,21.0
2026,21,2026-08-02,Blake,Howes,Melbourne,BPR,2.0,214.0,5.0,2.0,1.0,0.0,2.0,0.0,88.9,8.0
2026,21,2026-08-02,Matthew,Jefferson,Melbourne,INT,2.0,72.0,0.0,8.0,4.0,0.0,1.0,0.0,66.7,4.0
2026,21,2026-08-02,Changkuoth,Jiath,Melbourne,HBFL,2.0,64.0,2.0,2.0,1.0,0.0,0.0,0.0,77.8,7.0
2026,21,2026-08-02,Ed,Langdon,Melbourne,CHF,7.0,323.0,5.0,11.0,3.0,1.0,6.0,0.0,80.0,16.0
2026,21,2026-08-02,Harvey,Langford,Melbourne,WR,2.0,120.0,4.0,8.0,4.0,0.0,5.0,1.0,53.3,8.0
2026,21,2026-08-02,Bailey,Laurie,Melbourne,HFFR,4.0,233.0,1.0,11.0,3.0,0.0,3.0,0.0,75.0,9.0
2026,21,2026-08-02,Jake,Lever,Melbourne,FB,2.0,259.0,4.0,6.0,3.0,0.0,2.0,0.0,83.3,10.0
2026,21,2026-08-02,Tom,McDonald,Melbourne,HBFR,4.0,187.0,8.0,4.0,1.0,0.0,3.0,0.0,100.0,13.0
2026,21,2026-08-02,Harrison,Petty,Melbourne,CHB,6.0,198.0,0.0,16.0,1.0,0.0,1.0,3.0,100.0,9.0
2026,21,2026-08-02,Kysaiah,Pickett,Melbourne,HFFL,5.0,300.0,2.0,20.0,4.0,2.0,3.0,0.0,70.0,14.0
2026,21,2026-08-02,Trent,Rivers,Melbourne,INT,5.0,605.0,5.0,9.0,2.0,0.0,5.0,0.0,82.8,24.0
2026,21,2026-08-02,Christian,Salem,Melbourne,INT,1.0,163.0,1.0,2.0,2.0,0.0,2.0,0.0,60.0,6.0
2026,21,2026-08-02,Harry,Sharp,Melbourne,WL,3.0,146.0,1.0,13.0,3.0,0.0,4.0,0.0,69.2,9.0
2026,21,2026-08-02,Tom,Sparrow,Melbourne,R,7.0,625.0,5.0,28.0,8.0,2.0,6.0,3.0,72.0,18.0
2026,21,2026-08-02,Jack,Steele,Melbourne,RR,2.0,201.0,1.0,10.0,3.0,1.0,2.0,0.0,68.8,11.0
2026,21,2026-08-02,Koltyn,Tholstrup,Melbourne,FPL,2.0,295.0,5.0,5.0,3.0,0.0,5.0,0.0,75.0,15.0
2026,21,2026-08-02,Jacob,van Rooyen,Melbourne,FF,6.0,234.0,1.0,2.0,2.0,1.0,5.0,1.0,87.5,14.0
2026,21,2026-08-02,Caleb,Windsor,Melbourne,C,5.0,269.0,3.0,8.0,4.0,0.0,8.0,0.0,55.6,10.0
2026,21,2026-08-02,Jaxon,Artemis,Essendon,WR,5.0,267.0,6.0,11.0,3.0,0.0,5.0,0.0,85.0,17.0
2026,21,2026-08-02,Nick,Bryan,Essendon,RK,2.0,22.0,1.0,14.0,1.0,3.0,5.0,0.0,62.5,5.0
2026,21,2026-08-02,Nate,Caddy,Essendon,CHF,5.0,110.0,0.0,12.0,3.0,0.0,1.0,0.0,37.5,3.0
2026,21,2026-08-02,Angus,Clarke,Essendon,WL,1.0,100.0,0.0,5.0,1.0,0.0,1.0,2.0,100.0,3.0
2026,21,2026-08-02,Archer,Day-Wicks,Essendon,HFFR,3.0,107.0,0.0,22.0,3.0,0.0,2.0,2.0,80.0,8.0
2026,21,2026-08-02,Sam,Durham,Essendon,C,5.0,251.0,3.0,26.0,3.0,3.0,6.0,2.0,70.8,17.0
2026,21,2026-08-02,Hussien,El Achkar,Essendon,INT,8.0,219.0,2.0,16.0,2.0,1.0,6.0,1.0,92.3,12.0
2026,21,2026-08-02,Jacob,Farrow,Essendon,FPR,2.0,211.0,2.0,6.0,4.0,0.0,3.0,0.0,68.8,11.0
2026,21,2026-08-02,Zak,Johnson,Essendon,BPR,3.0,293.0,3.0,9.0,2.0,0.0,2.0,0.0,86.7,13.0
2026,21,2026-08-02,Harrison,Jones,Essendon,INT,2.0,155.0,3.0,12.0,0.0,0.0,2.0,1.0,87.5,7.0
2026,21,2026-08-02,Isaac,Kako,Essendon,FPL,4.0,169.0,0.0,14.0,2.0,0.0,1.0,0.0,42.9,3.0
2026,21,2026-08-02,Max,Kondogiannis,Essendon,INT,2.0,251.0,1.0,8.0,1.0,0.0,0.0,0.0,88.9,8.0
2026,21,2026-08-02,Kyle,Langford,Essendon,HFFL,5.0,79.0,10.0,4.0,3.0,0.0,7.0,0.0,84.2,16.0
2026,21,2026-08-02,Andrew,McGrath,Essendon,BPL,5.0,478.0,5.0,9.0,3.0,0.0,4.0,0.0,85.7,18.0
2026,21,2026-08-02,Zach,Merrett,Essendon,RR,5.0,351.0,3.0,23.0,3.0,4.0,9.0,0.0,78.6,22.0
2026,21,2026-08-02,Jaxon,Prior,Essendon,HBFL,3.0,252.0,1.0,11.0,2.0,0.0,1.0,0.0,72.7,8.0
2026,21,2026-08-02,Mason,Redman,Essendon,HBFR,4.0,349.0,3.0,9.0,4.0,0.0,5.0,0.0,57.9,11.0
2026,21,2026-08-02,Zach,Reid,Essendon,FB,0.0,97.0,2.0,2.0,0.0,0.0,0.0,0.0,100.0,11.0
2026,21,2026-08-02,Archie,Roberts,Essendon,CHB,5.0,264.0,6.0,5.0,3.0,0.0,5.0,0.0,84.6,22.0
2026,21,2026-08-02,Will,Setterfield,Essendon,INT,4.0,341.0,3.0,19.0,6.0,0.0,3.0,0.0,64.3,18.0
2026,21,2026-08-02,Dyson,Sharp,Essendon,R,5.0,298.0,4.0,26.0,4.0,2.0,7.0,1.0,63.6,14.0
2026,21,2026-08-02,Rhys,Unwin,Essendon,INT,2.0,136.0,0.0,15.0,1.0,0.0,1.0,1.0,85.7,6.0
2026,21,2026-08-02,Peter,Wright,Essendon,FF,9.0,306.0,0.0,4.0,2.0,0.0,3.0,0.0,76.5,13.0
2026,21,2026-08-02,Callum,Ah Chee,Adelaide Crows,WL,7.0,297.0,2.0,14.0,2.0,0.0,3.0,2.0,86.7,13.0
2026,21,2026-08-02,James,Borlase,Adelaide Crows,FB,3.0,79.0,4.0,3.0,0.0,0.0,3.0,0.0,100.0,10.0
2026,21,2026-08-02,Brayden,Cook,Adelaide Crows,WR,2.0,288.0,5.0,5.0,4.0,0.0,4.0,0.0,63.6,7.0
2026,21,2026-08-02,Isaac,Cumming,Adelaide Crows,HBFL,5.0,121.0,5.0,9.0,1.0,0.0,2.0,0.0,88.2,15.0
2026,21,2026-08-02,Daniel,Curtin,Adelaide Crows,INT,6.0,439.0,1.0,18.0,3.0,3.0,4.0,1.0,83.3,15.0
2026,21,2026-08-02,Jordan,Dawson,Adelaide Crows,C,10.0,491.0,1.0,16.0,6.0,6.0,4.0,1.0,73.3,22.0
2026,21,2026-08-02,Billy,Dowling,Adelaide Crows,INT,9.0,375.0,1.0,13.0,2.0,0.0,3.0,0.0,77.8,14.0
2026,21,2026-08-02,Hugo,Hall-Kahan,Adelaide Crows,FPL,7.0,489.0,0.0,9.0,3.0,1.0,4.0,1.0,77.8,14.0
2026,21,2026-08-02,Mark,Keane,Adelaide Crows,CHB,3.0,239.0,3.0,1.0,1.0,0.0,2.0,0.0,93.3,14.0
2026,21,2026-08-02,Ben,Keays,Adelaide Crows,FPR,4.0,86.0,0.0,17.0,2.0,0.0,1.0,0.0,90.0,9.0
2026,21,2026-08-02,Archie,Ludowyke,Adelaide Crows,INT,4.0,98.0,1.0,11.0,3.0,0.0,3.0,0.0,66.7,6.0
2026,21,2026-08-02,Lachlan,McAndrew,Adelaide Crows,RK,4.0,57.0,1.0,12.0,0.0,4.0,2.0,0.0,66.7,8.0
2026,21,2026-08-02,Max,Michalanney,Adelaide Crows,BPR,3.0,260.0,4.0,9.0,4.0,0.0,5.0,0.0,76.9,10.0
2026,21,2026-08-02,Luke,Nankervis,Adelaide Crows,HBFR,3.0,204.0,4.0,7.0,3.0,0.0,3.0,0.0,86.7,13.0
2026,21,2026-08-02,Alex,Neal-Bullen,Adelaide Crows,HFFL,5.0,226.0,4.0,19.0,2.0,0.0,8.0,0.0,89.5,17.0
2026,21,2026-08-02,Josh,Rachele,Adelaide Crows,HFFR,5.0,166.0,0.0,17.0,3.0,1.0,2.0,1.0,72.7,8.0
2026,21,2026-08-02,Izak,Rankine,Adelaide Crows,RR,11.0,584.0,5.0,17.0,5.0,1.0,7.0,1.0,87.0,20.0
2026,21,2026-08-02,Oscar,Ryan,Adelaide Crows,INT,8.0,278.0,5.0,9.0,2.0,0.0,2.0,0.0,89.5,17.0
2026,21,2026-08-02,Jake,Soligo,Adelaide Crows,R,4.0,275.0,1.0,26.0,4.0,1.0,6.0,0.0,63.2,12.0
2026,21,2026-08-02,Zac,Taylor,Adelaide Crows,INT,7.0,122.0,2.0,24.0,0.0,0.0,4.0,1.0,100.0,11.0
2026,21,2026-08-02,Riley,Thilthorpe,Adelaide Crows,CHF,8.0,403.0,2.0,6.0,3.0,0.0,3.0,1.0,86.7,13.0
2026,21,2026-08-02,Taylor,Walker,Adelaide Crows,FF,5.0,196.0,0.0,7.0,3.0,0.0,0.0,1.0,42.9,3.0
2026,21,2026-08-02,Josh,Worrell,Adelaide Crows,BPL,1.0,93.0,5.0,7.0,2.0,0.0,3.0,0.0,78.6,11.0
2026,22,2026-08-06,Marcus,Bontempelli,Western Bulldogs,C,5.0,360.0,2.0,18.0,2.0,2.0,7.0,0.0,64.0,16.0
2026,22,2026-08-06,Lachlan,Bramble,Western Bulldogs,HBFL,6.0,532.0,4.0,12.0,3.0,0.0,4.0,0.0,90.5,19.0
2026,22,2026-08-06,Nick,Coffield,Western Bulldogs,BPR,0.0,263.0,1.0,6.0,0.0,0.0,1.0,0.0,78.6,11.0
2026,22,2026-08-06,Jordan,Croft,Western Bulldogs,FPR,5.0,104.0,1.0,10.0,1.0,0.0,5.0,2.0,57.1,8.0
2026,22,2026-08-06,Sam,Davidson,Western Bulldogs,INT,4.0,214.0,6.0,13.0,1.0,0.0,6.0,0.0,75.0,12.0
2026,22,2026-08-06,Josh,Dolan,Western Bulldogs,INT,3.0,222.0,3.0,21.0,4.0,0.0,4.0,1.0,50.0,7.0
2026,22,2026-08-06,Tim,English,Western Bulldogs,RK,1.0,129.0,0.0,10.0,0.0,1.0,2.0,1.0,66.7,8.0
2026,22,2026-08-06,Joel,Freijah,Western Bulldogs,WL,8.0,283.0,3.0,23.0,3.0,4.0,6.0,2.0,70.6,12.0
2026,22,2026-08-06,Cooper,Hynes,Western Bulldogs,WR,3.0,447.0,3.0,14.0,3.0,0.0,4.0,0.0,80.0,12.0
2026,22,2026-08-06,Lachie,Jaques,Western Bulldogs,INT,2.0,254.0,4.0,12.0,3.0,0.0,2.0,0.0,85.7,12.0
2026,22,2026-08-06,Arthur,Jones,Western Bulldogs,HFFR,2.0,240.0,0.0,12.0,2.0,0.0,3.0,1.0,77.8,7.0
2026,22,2026-08-06,Matthew,Kennedy,Western Bulldogs,INT,6.0,224.0,2.0,17.0,1.0,1.0,2.0,1.0,84.6,11.0
2026,22,2026-08-06,Buku,Khamis,Western Bulldogs,FB,3.0,138.0,2.0,4.0,3.0,0.0,2.0,0.0,66.7,8.0
2026,22,2026-08-06,Tom,Liberatore,Western Bulldogs,RR,3.0,250.0,1.0,12.0,5.0,0.0,2.0,0.0,80.0,12.0
2026,22,2026-08-06,Rory,Lobb,Western Bulldogs,CHF,1.0,92.0,3.0,8.0,1.0,0.0,2.0,1.0,85.7,6.0
2026,22,2026-08-06,Aaron,Naughton,Western Bulldogs,FF,5.0,170.0,0.0,10.0,2.0,0.0,2.0,1.0,70.0,7.0
2026,22,2026-08-06,James,O'Donnell,Western Bulldogs,CHB,2.0,261.0,7.0,6.0,3.0,0.0,3.0,0.0,73.3,11.0
2026,22,2026-08-06,Ed,Richards,Western Bulldogs,R,3.0,551.0,1.0,18.0,11.0,1.0,7.0,0.0,67.9,19.0
2026,22,2026-08-06,Ryley,Sanders,Western Bulldogs,INT,2.0,150.0,3.0,19.0,0.0,0.0,5.0,0.0,76.5,13.0
2026,22,2026-08-06,Michael,Sellwood,Western Bulldogs,BPL,3.0,146.0,5.0,5.0,0.0,0.0,4.0,0.0,80.0,8.0
2026,22,2026-08-06,Cody,Weightman,Western Bulldogs,HFFL,1.0,116.0,1.0,19.0,3.0,0.0,6.0,2.0,63.6,7.0
2026,22,2026-08-06,Rhylee,West,Western Bulldogs,FPL,4.0,303.0,2.0,12.0,3.0,0.0,6.0,1.0,65.0,13.0
2026,22,2026-08-06,Bailey,Williams,Western Bulldogs,HBFR,3.0,275.0,4.0,7.0,0.0,0.0,6.0,0.0,95.5,21.0
2026,22,2026-08-06,Zac,Banch,North Melbourne,INT,7.0,315.0,0.0,9.0,3.0,0.0,1.0,0.0,68.8,11.0
2026,22,2026-08-06,Tom,Blamires,North Melbourne,INT,2.0,189.0,1.0,18.0,3.0,0.0,5.0,0.0,53.3,8.0
2026,22,2026-08-06,Charlie,Comben,North Melbourne,FB,3.0,125.0,6.0,9.0,0.0,0.0,3.0,0.0,63.6,7.0
2026,22,2026-08-06,Aidan,Corr,North Melbourne,BPL,2.0,162.0,3.0,2.0,2.0,0.0,1.0,0.0,71.4,5.0
2026,22,2026-08-06,Paul,Curtis,North Melbourne,FPR,7.0,328.0,1.0,11.0,2.0,0.0,3.0,3.0,78.9,15.0
2026,22,2026-08-06,Caleb,Daniel,North Melbourne,CHB,9.0,529.0,5.0,15.0,3.0,0.0,5.0,0.0,81.8,27.0
2026,22,2026-08-06,Jack,Darling,North Melbourne,RR,8.0,360.0,0.0,5.0,5.0,0.0,6.0,1.0,56.3,9.0
2026,22,2026-08-06,Luke,Davies-Uniacke,North Melbourne,C,11.0,543.0,3.0,26.0,5.0,6.0,8.0,1.0,71.0,22.0
2026,22,2026-08-06,Wil,Dawson,North Melbourne,INT,7.0,109.0,0.0,12.0,0.0,0.0,1.0,1.0,62.5,5.0
2026,22,2026-08-06,Riley,Hardeman,North Melbourne,HBFL,2.0,216.0,3.0,7.0,2.0,0.0,2.0,0.0,100.0,10.0
2026,22,2026-08-06,Nick,Larkey,North Melbourne,FF,5.0,52.0,0.0,8.0,1.0,0.0,1.0,1.0,90.0,9.0
2026,22,2026-08-06,Griffin,Logue,North Melbourne,BPR,0.0,236.0,8.0,3.0,2.0,0.0,6.0,0.0,64.7,11.0
2026,22,2026-08-06,Colby,McKercher,North Melbourne,HBFR,4.0,435.0,1.0,14.0,4.0,1.0,3.0,0.0,76.7,23.0
2026,22,2026-08-06,Finn,O'Sullivan,North Melbourne,WL,6.0,252.0,0.0,14.0,3.0,1.0,2.0,0.0,62.5,10.0
2026,22,2026-08-06,Luke,Parker,North Melbourne,INT,4.0,363.0,3.0,4.0,3.0,0.0,1.0,0.0,76.9,20.0
2026,22,2026-08-06,Harry,Sheezel,North Melbourne,R,12.0,278.0,4.0,22.0,4.0,1.0,8.0,0.0,62.1,18.0
2026,22,2026-08-06,Jy,Simpkin,North Melbourne,HFFR,5.0,199.0,0.0,11.0,3.0,2.0,6.0,0.0,64.7,11.0
2026,22,2026-08-06,Charlie,Spargo,North Melbourne,HFFL,8.0,219.0,0.0,16.0,2.0,0.0,2.0,2.0,77.8,14.0
2026,22,2026-08-06,Dylan,Stephens,North Melbourne,WR,8.0,449.0,5.0,10.0,2.0,0.0,5.0,0.0,96.4,27.0
2026,22,2026-08-06,Cooper,Trembath,North Melbourne,CHF,2.0,113.0,0.0,11.0,1.0,0.0,0.0,0.0,50.0,3.0
2026,22,2026-08-06,George,Wardlaw,North Melbourne,INT,7.0,351.0,4.0,15.0,2.0,1.0,9.0,0.0,73.7,14.0
2026,22,2026-08-06,Tristan,Xerri,North Melbourne,RK,7.0,87.0,1.0,14.0,2.0,4.0,4.0,0.0,52.9,9.0
2026,22,2026-08-06,Cameron,Zurhaar,North Melbourne,FPL,2.0,419.0,7.0,8.0,4.0,0.0,3.0,0.0,94.7,18.0
2026,22,2026-08-07,Oscar,Allen,Brisbane Lions,HFFR,3.0,106.0,0.0,10.0,2.0,0.0,1.0,3.0,60.0,3.0
2026,22,2026-08-07,Harris,Andrews,Brisbane Lions,FB,2.0,248.0,9.0,7.0,2.0,0.0,3.0,0.0,92.9,13.0
2026,22,2026-08-07,Daniel,Annable,Brisbane Lions,INT,4.0,173.0,1.0,7.0,2.0,0.0,3.0,0.0,77.8,7.0
2026,22,2026-08-07,Noah,Answerth,Brisbane Lions,BPL,1.0,341.0,3.0,7.0,2.0,0.0,2.0,0.0,84.6,11.0
2026,22,2026-08-07,Levi,Ashcroft,Brisbane Lions,R,8.0,363.0,7.0,18.0,3.0,0.0,8.0,0.0,77.8,21.0
2026,22,2026-08-07,Will,Ashcroft,Brisbane Lions,C,13.0,486.0,6.0,14.0,3.0,3.0,13.0,0.0,79.5,31.0
2026,22,2026-08-07,Zac,Bailey,Brisbane Lions,WR,6.0,459.0,4.0,13.0,6.0,1.0,8.0,0.0,61.9,13.0
2026,22,2026-08-07,Jarrod,Berry,Brisbane Lions,WL,5.0,490.0,6.0,13.0,3.0,0.0,6.0,2.0,68.2,15.0
2026,22,2026-08-07,Charlie,Cameron,Brisbane Lions,HFFL,6.0,268.0,0.0,11.0,4.0,0.0,0.0,0.0,60.0,9.0
2026,22,2026-08-07,Sam,Draper,Brisbane Lions,RK,5.0,81.0,0.0,5.0,2.0,1.0,0.0,0.0,55.6,5.0
2026,22,2026-08-07,Josh,Dunkley,Brisbane Lions,RR,7.0,336.0,4.0,21.0,6.0,1.0,7.0,0.0,70.8,17.0
2026,22,2026-08-07,Jaspa,Fletcher,Brisbane Lions,INT,3.0,261.0,3.0,14.0,1.0,0.0,3.0,0.0,86.7,13.0
2026,22,2026-08-07,Darcy,Fort,Brisbane Lions,INT,4.0,113.0,1.0,4.0,1.0,3.0,4.0,0.0,77.8,7.0
2026,22,2026-08-07,Darcy,Gardiner,Brisbane Lions,CHB,0.0,132.0,4.0,1.0,1.0,0.0,2.0,0.0,83.3,5.0
2026,22,2026-08-07,Eric,Hipwood,Brisbane Lions,INT,5.0,137.0,0.0,11.0,2.0,0.0,1.0,1.0,66.7,6.0
2026,22,2026-08-07,Ryan,Lester,Brisbane Lions,BPR,2.0,164.0,5.0,9.0,1.0,0.0,4.0,0.0,80.0,8.0
2026,22,2026-08-07,Kai,Lohmann,Brisbane Lions,FPR,9.0,450.0,1.0,18.0,2.0,1.0,7.0,2.0,66.7,16.0
2026,22,2026-08-07,Conor,McKenna,Brisbane Lions,FPL,6.0,278.0,2.0,12.0,3.0,0.0,2.0,1.0,78.6,11.0
2026,22,2026-08-07,Logan,Morris,Brisbane Lions,CHF,9.0,344.0,2.0,7.0,2.0,0.0,5.0,3.0,60.0,9.0
2026,22,2026-08-07,Lachie,Neale,Brisbane Lions,INT,10.0,529.0,6.0,21.0,2.0,2.0,12.0,1.0,71.4,25.0
2026,22,2026-08-07,Cam,Rayner,Brisbane Lions,FF,6.0,341.0,3.0,16.0,1.0,0.0,1.0,0.0,73.3,11.0
2026,22,2026-08-07,Darcy,Wilmot,Brisbane Lions,HBFL,6.0,280.0,3.0,12.0,2.0,0.0,1.0,0.0,84.2,16.0
2026,22,2026-08-07,Dayne,Zorko,Brisbane Lions,HBFR,4.0,540.0,3.0,15.0,3.0,0.0,1.0,0.0,72.0,18.0
2026,22,2026-08-07,Karl,Amon,Hawthorn,CHB,0.0,251.0,3.0,11.0,4.0,0.0,3.0,0.0,71.4,10.0
2026,22,2026-08-07,Tom,Barrass,Hawthorn,FB,0.0,32.0,2.0,8.0,1.0,0.0,1.0,0.0,100.0,4.0
2026,22,2026-08-07,Josh,Battle,Hawthorn,HBFR,2.0,304.0,6.0,11.0,8.0,0.0,3.0,0.0,70.0,14.0
2026,22,2026-08-07,Sam,Butler,Hawthorn,INT,4.0,274.0,0.0,10.0,3.0,1.0,3.0,0.0,42.9,6.0
2026,22,2026-08-07,Mabior,Chol,Hawthorn,CHF,3.0,70.0,1.0,12.0,1.0,0.0,1.0,1.0,66.7,2.0
2026,22,2026-08-07,Massimo,D'Ambrosio,Hawthorn,WR,4.0,648.0,3.0,11.0,6.0,0.0,4.0,0.0,77.3,17.0
2026,22,2026-08-07,Will,Day,Hawthorn,C,3.0,278.0,1.0,17.0,1.0,1.0,4.0,0.0,68.8,11.0
2026,22,2026-08-07,Jack,Ginnivan,Hawthorn,HFFR,3.0,416.0,4.0,11.0,5.0,1.0,5.0,1.0,65.0,13.0
2026,22,2026-08-07,Jack,Gunston,Hawthorn,FPR,4.0,141.0,0.0,12.0,1.0,0.0,0.0,2.0,66.7,4.0
2026,22,2026-08-07,Blake,Hardwick,Hawthorn,BPR,3.0,473.0,7.0,3.0,5.0,0.0,4.0,0.0,89.5,17.0
2026,22,2026-08-07,Jarman,Impey,Hawthorn,HBFL,2.0,263.0,3.0,14.0,2.0,0.0,2.0,0.0,77.8,14.0
2026,22,2026-08-07,Mitch,Lewis,Hawthorn,FF,2.0,204.0,1.0,7.0,4.0,0.0,1.0,2.0,76.9,10.0
2026,22,2026-08-07,Connor,Macdonald,Hawthorn,INT,5.0,174.0,1.0,17.0,3.0,0.0,2.0,1.0,84.6,11.0
2026,22,2026-08-07,Cam,Mackenzie,Hawthorn,INT,5.0,437.0,1.0,18.0,2.0,4.0,3.0,0.0,80.0,16.0
2026,22,2026-08-07,Lloyd,Meek,Hawthorn,RK,5.0,131.0,2.0,9.0,1.0,3.0,1.0,0.0,83.3,10.0
2026,22,2026-08-07,Dylan,Moore,Hawthorn,HFFL,5.0,310.0,0.0,10.0,4.0,0.0,3.0,0.0,68.2,15.0
2026,22,2026-08-07,Harry,Morrison,Hawthorn,WL,4.0,148.0,2.0,15.0,2.0,0.0,6.0,0.0,75.0,12.0
2026,22,2026-08-07,Jai,Newcombe,Hawthorn,RR,3.0,420.0,2.0,30.0,5.0,1.0,10.0,0.0,68.0,17.0
2026,22,2026-08-07,Ned,Reeves,Hawthorn,INT,3.0,64.0,1.0,2.0,3.0,1.0,2.0,0.0,57.1,4.0
2026,22,2026-08-07,James,Sicily,Hawthorn,BPL,1.0,279.0,8.0,9.0,2.0,0.0,4.0,0.0,83.3,15.0
2026,22,2026-08-07,Josh,Ward,Hawthorn,R,6.0,261.0,2.0,27.0,6.0,2.0,7.0,0.0,82.1,23.0
2026,22,2026-08-07,Nick,Watson,Hawthorn,FPL,4.0,143.0,0.0,9.0,1.0,2.0,5.0,1.0,77.8,7.0
2026,22,2026-08-07,Josh,Weddle,Hawthorn,INT,2.0,79.0,6.0,14.0,3.0,0.0,4.0,0.0,70.0,7.0
2026,22,2026-08-08,Jake,Bowey,Melbourne,BPL,3.0,610.0,7.0,13.0,3.0,0.0,5.0,0.0,83.3,20.0
2026,22,2026-08-08,Kade,Chandler,Melbourne,FPR,2.0,125.0,1.0,15.0,0.0,0.0,2.0,2.0,83.3,5.0
2026,22,2026-08-08,Joel,Fitzgerald,Melbourne,INT,3.0,217.0,0.0,21.0,3.0,2.0,6.0,0.0,61.5,8.0
2026,22,2026-08-08,Bayley,Fritsch,Melbourne,CHF,9.0,299.0,0.0,8.0,0.0,0.0,3.0,2.0,41.7,5.0
2026,22,2026-08-08,Max,Gawn,Melbourne,RK,9.0,102.0,1.0,8.0,1.0,6.0,6.0,0.0,50.0,8.0
2026,22,2026-08-08,Matthew,Jefferson,Melbourne,INT,2.0,62.0,0.0,2.0,2.0,0.0,1.0,0.0,75.0,3.0
2026,22,2026-08-08,Changkuoth,Jiath,Melbourne,INT,1.0,317.0,5.0,6.0,2.0,0.0,3.0,0.0,75.0,12.0
2026,22,2026-08-08,Ed,Langdon,Melbourne,HFFR,1.0,153.0,2.0,3.0,2.0,0.0,1.0,1.0,77.8,7.0
2026,22,2026-08-08,Harvey,Langford,Melbourne,WR,2.0,338.0,5.0,14.0,3.0,0.0,6.0,1.0,93.8,15.0
2026,22,2026-08-08,Bailey,Laurie,Melbourne,INT,9.0,200.0,3.0,8.0,2.0,0.0,6.0,2.0,69.2,9.0
2026,22,2026-08-08,Jake,Lever,Melbourne,FB,3.0,115.0,3.0,3.0,1.0,0.0,0.0,0.0,66.7,4.0
2026,22,2026-08-08,Tom,McDonald,Melbourne,CHB,2.0,100.0,1.0,1.0,0.0,0.0,0.0,0.0,100.0,6.0
2026,22,2026-08-08,Harrison,Petty,Melbourne,HBFL,7.0,173.0,1.0,17.0,1.0,0.0,1.0,2.0,66.7,6.0
2026,22,2026-08-08,Kysaiah,Pickett,Melbourne,HFFL,13.0,458.0,2.0,20.0,4.0,1.0,4.0,1.0,59.3,16.0
2026,22,2026-08-08,Trent,Rivers,Melbourne,HBFR,9.0,465.0,6.0,10.0,5.0,0.0,4.0,1.0,75.0,18.0
2026,22,2026-08-08,Christian,Salem,Melbourne,INT,2.0,75.0,1.0,6.0,0.0,0.0,1.0,0.0,83.3,5.0
2026,22,2026-08-08,Harry,Sharp,Melbourne,WL,6.0,420.0,1.0,7.0,3.0,0.0,6.0,3.0,71.4,10.0
2026,22,2026-08-08,Tom,Sparrow,Melbourne,C,8.0,459.0,2.0,11.0,3.0,3.0,5.0,0.0,66.7,16.0
2026,22,2026-08-08,Jack,Steele,Melbourne,RR,6.0,171.0,3.0,18.0,2.0,3.0,7.0,0.0,70.6,12.0
2026,22,2026-08-08,Koltyn,Tholstrup,Melbourne,FPL,5.0,190.0,6.0,11.0,1.0,0.0,7.0,0.0,86.4,19.0
2026,22,2026-08-08,Daniel,Turner,Melbourne,BPR,1.0,228.0,8.0,4.0,2.0,0.0,5.0,0.0,75.0,12.0
2026,22,2026-08-08,Jacob,van Rooyen,Melbourne,FF,2.0,71.0,2.0,3.0,1.0,2.0,5.0,0.0,62.5,5.0
2026,22,2026-08-08,Caleb,Windsor,Melbourne,R,6.0,390.0,0.0,14.0,4.0,0.0,1.0,1.0,40.0,6.0
2026,22,2026-08-08,Jye,Amiss,Fremantle,FF,5.0,102.0,0.0,3.0,1.0,0.0,2.0,0.0,87.5,7.0
2026,22,2026-08-08,Shai,Bolton,Fremantle,R,6.0,511.0,2.0,10.0,5.0,3.0,4.0,0.0,88.2,15.0
2026,22,2026-08-08,Andrew,Brayshaw,Fremantle,C,3.0,181.0,2.0,20.0,6.0,2.0,5.0,0.0,80.0,16.0
2026,22,2026-08-08,Heath,Chapman,Fremantle,BPR,4.0,187.0,4.0,10.0,0.0,0.0,3.0,0.0,83.3,10.0
2026,22,2026-08-08,Jordan,Clark,Fremantle,HBFL,5.0,258.0,2.0,10.0,1.0,0.0,4.0,0.0,90.5,19.0
2026,22,2026-08-08,Brennan,Cox,Fremantle,FB,3.0,69.0,4.0,3.0,3.0,0.0,2.0,0.0,71.4,10.0
2026,22,2026-08-08,Mason,Cox,Fremantle,INT,0.0,102.0,4.0,3.0,3.0,1.0,1.0,0.0,71.4,5.0
2026,22,2026-08-08,Isaiah,Dudley,Fremantle,CHF,7.0,135.0,1.0,15.0,3.0,0.0,3.0,0.0,75.0,9.0
2026,22,2026-08-08,Neil,Erasmus,Fremantle,INT,4.0,262.0,4.0,5.0,6.0,0.0,4.0,0.0,83.3,10.0
2026,22,2026-08-08,Michael,Frederick,Fremantle,WR,3.0,109.0,0.0,18.0,1.0,0.0,3.0,0.0,50.0,3.0
2026,22,2026-08-08,Luke,Jackson,Fremantle,RK,9.0,130.0,2.0,18.0,0.0,6.0,5.0,1.0,82.4,14.0
2026,22,2026-08-08,Matthew,Johnson,Fremantle,WL,5.0,421.0,6.0,9.0,6.0,0.0,7.0,0.0,70.8,17.0
2026,22,2026-08-08,Oscar,McDonald,Fremantle,BPL,2.0,160.0,1.0,2.0,1.0,0.0,1.0,0.0,85.7,6.0
2026,22,2026-08-08,Judd,McVee,Fremantle,INT,2.0,242.0,2.0,11.0,4.0,0.0,4.0,0.0,76.9,10.0
2026,22,2026-08-08,Nathan,O'Driscoll,Fremantle,INT,4.0,245.0,1.0,11.0,1.0,0.0,0.0,0.0,88.9,8.0
2026,22,2026-08-08,Murphy,Reid,Fremantle,HFFL,6.0,192.0,1.0,13.0,2.0,0.0,3.0,0.0,83.3,15.0
2026,22,2026-08-08,Luke,Ryan,Fremantle,CHB,3.0,373.0,0.0,5.0,2.0,0.0,0.0,0.0,88.9,16.0
2026,22,2026-08-08,Caleb,Serong,Fremantle,RR,7.0,409.0,2.0,18.0,4.0,4.0,6.0,0.0,81.0,17.0
2026,22,2026-08-08,Sam,Switkowski,Fremantle,HFFR,6.0,102.0,0.0,8.0,1.0,0.0,2.0,0.0,72.7,8.0
2026,22,2026-08-08,Josh,Treacy,Fremantle,FPR,9.0,503.0,3.0,11.0,2.0,0.0,0.0,4.0,66.7,8.0
2026,22,2026-08-08,Patrick,Voss,Fremantle,FPL,6.0,332.0,1.0,11.0,3.0,0.0,3.0,1.0,70.0,7.0
2026,22,2026-08-08,Karl,Worner,Fremantle,HBFR,3.0,239.0,3.0,14.0,1.0,0.0,1.0,0.0,92.3,12.0
2026,22,2026-08-08,Hayden,Young,Fremantle,INT,5.0,248.0,1.0,12.0,3.0,1.0,3.0,0.0,78.9,15.0
2026,22,2026-08-08,Riley,Bice,Sydney Swans,CHB,6.0,377.0,7.0,15.0,4.0,0.0,3.0,0.0,72.7,16.0
2026,22,2026-08-08,Nick,Blakey,Sydney Swans,HBFL,3.0,479.0,9.0,12.0,3.0,0.0,5.0,0.0,78.6,22.0
2026,22,2026-08-08,Braeden,Campbell,Sydney Swans,HFFR,10.0,561.0,0.0,16.0,7.0,3.0,5.0,1.0,72.7,16.0
2026,22,2026-08-08,Billy,Cootee,Sydney Swans,INT,6.0,161.0,0.0,15.0,2.0,1.0,2.0,1.0,80.0,8.0
2026,22,2026-08-08,Charlie,Curnow,Sydney Swans,FF,8.0,142.0,0.0,5.0,1.0,0.0,2.0,1.0,63.6,7.0
2026,22,2026-08-08,Jesse,Dattoli,Sydney Swans,INT,10.0,324.0,1.0,7.0,4.0,1.0,6.0,0.0,65.2,15.0
2026,22,2026-08-08,William,Green,Sydney Swans,RK,9.0,133.0,0.0,11.0,1.0,1.0,3.0,0.0,72.7,8.0
2026,22,2026-08-08,Errol,Gulden,Sydney Swans,C,11.0,608.0,2.0,18.0,4.0,2.0,7.0,0.0,74.4,29.0
2026,22,2026-08-08,Joel,Hamling,Sydney Swans,HBFR,2.0,104.0,6.0,3.0,1.0,0.0,3.0,0.0,100.0,11.0
2026,22,2026-08-08,Isaac,Heeney,Sydney Swans,RR,10.0,391.0,2.0,12.0,7.0,2.0,7.0,0.0,58.3,14.0
2026,22,2026-08-08,James,Jordon,Sydney Swans,FPR,8.0,184.0,4.0,17.0,0.0,1.0,8.0,0.0,80.8,21.0
2026,22,2026-08-08,Harry,Kyle,Sydney Swans,INT,2.0,91.0,3.0,11.0,3.0,0.0,3.0,0.0,80.0,12.0
2026,22,2026-08-08,Jake,Lloyd,Sydney Swans,HFFL,10.0,360.0,0.0,8.0,1.0,1.0,6.0,0.0,84.2,16.0
2026,22,2026-08-08,Tom,McCartin,Sydney Swans,FB,3.0,212.0,10.0,7.0,4.0,0.0,3.0,0.0,81.3,13.0
2026,22,2026-08-08,Logan,McDonald,Sydney Swans,CHF,7.0,352.0,0.0,3.0,1.0,0.0,3.0,0.0,90.9,10.0
2026,22,2026-08-08,Hayden,McLean,Sydney Swans,INT,7.0,32.0,0.0,7.0,0.0,2.0,2.0,1.0,77.8,7.0
2026,22,2026-08-08,Lewis,Melican,Sydney Swans,BPR,2.0,166.0,5.0,8.0,1.0,0.0,3.0,0.0,83.3,10.0
2026,22,2026-08-08,Callum,Mills,Sydney Swans,BPL,5.0,419.0,4.0,9.0,2.0,0.0,5.0,0.0,79.2,19.0
2026,22,2026-08-08,Tom,Papley,Sydney Swans,FPL,8.0,296.0,1.0,12.0,2.0,1.0,5.0,3.0,77.8,14.0
2026,22,2026-08-08,Matt,Roberts,Sydney Swans,WL,3.0,276.0,4.0,9.0,1.0,0.0,3.0,0.0,76.5,13.0
2026,22,2026-08-08,Jai,Serong,Sydney Swans,WR,8.0,343.0,4.0,25.0,2.0,1.0,6.0,3.0,70.8,17.0
2026,22,2026-08-08,Chad,Warner,Sydney Swans,R,13.0,468.0,4.0,10.0,1.0,4.0,6.0,0.0,87.5,21.0
2026,22,2026-08-08,Sam,Wicks,Sydney Swans,INT,4.0,158.0,1.0,13.0,3.0,0.0,1.0,0.0,66.7,6.0
2026,22,2026-08-08,Aliir,Aliir,Port Adelaide,CHB,2.0,189.0,5.0,6.0,3.0,0.0,1.0,0.0,63.6,7.0
2026,22,2026-08-08,Tom,Anastasopoulos,Port Adelaide,FPR,3.0,261.0,0.0,13.0,2.0,0.0,1.0,1.0,63.6,7.0
2026,22,2026-08-08,Miles,Bergman,Port Adelaide,BPR,3.0,472.0,4.0,18.0,1.0,0.0,5.0,1.0,70.0,14.0
2026,22,2026-08-08,Joe,Berry,Port Adelaide,HFFR,2.0,328.0,4.0,17.0,3.0,0.0,5.0,0.0,72.7,16.0
2026,22,2026-08-08,Jase,Burgoyne,Port Adelaide,INT,6.0,604.0,2.0,18.0,10.0,4.0,11.0,2.0,64.7,22.0
2026,22,2026-08-08,Darcy,Byrne-Jones,Port Adelaide,HBFL,4.0,406.0,5.0,17.0,3.0,0.0,5.0,0.0,83.3,20.0
2026,22,2026-08-08,Willem,Drew,Port Adelaide,R,6.0,357.0,3.0,21.0,6.0,2.0,7.0,2.0,74.2,23.0
2026,22,2026-08-08,Corey,Durdin,Port Adelaide,FPL,6.0,186.0,2.0,10.0,1.0,0.0,6.0,0.0,76.9,10.0
2026,22,2026-08-08,Jason,Horne-Francis,Port Adelaide,C,5.0,295.0,3.0,11.0,3.0,3.0,4.0,0.0,77.8,14.0
2026,22,2026-08-08,Josh,Lai,Port Adelaide,BPL,1.0,97.0,6.0,13.0,4.0,0.0,3.0,0.0,55.6,5.0
2026,22,2026-08-08,Will,Lorenz,Port Adelaide,INT,2.0,394.0,1.0,20.0,6.0,0.0,0.0,0.0,64.7,11.0
2026,22,2026-08-08,Todd,Marshall,Port Adelaide,CHF,3.0,282.0,2.0,15.0,5.0,0.0,5.0,0.0,28.6,4.0
2026,22,2026-08-08,Jackson,Mead,Port Adelaide,INT,4.0,202.0,1.0,28.0,1.0,1.0,2.0,0.0,83.3,10.0
2026,22,2026-08-08,Christian,Moraes,Port Adelaide,WL,7.0,146.0,0.0,13.0,0.0,0.0,1.0,1.0,78.6,11.0
2026,22,2026-08-08,Balyn,O'Brien,Port Adelaide,HBFR,0.0,20.0,0.0,14.0,0.0,0.0,1.0,0.0,50.0,1.0
2026,22,2026-08-08,Harrison,Ramm,Port Adelaide,FB,2.0,69.0,6.0,9.0,1.0,0.0,4.0,1.0,100.0,7.0
2026,22,2026-08-08,Jordon,Sweet,Port Adelaide,RK,3.0,127.0,1.0,6.0,1.0,0.0,5.0,0.0,66.7,6.0
2026,22,2026-08-08,Alex,Van Wyk,Port Adelaide,INT,2.0,106.0,0.0,7.0,3.0,2.0,2.0,0.0,50.0,4.0
2026,22,2026-08-08,Dante,Visentini,Port Adelaide,WR,2.0,4.0,5.0,10.0,0.0,0.0,4.0,0.0,100.0,8.0
2026,22,2026-08-08,Jacob,Wehr,Port Adelaide,INT,7.0,387.0,1.0,18.0,4.0,0.0,1.0,0.0,70.6,12.0
2026,22,2026-08-08,Jack,Whitlock,Port Adelaide,FF,5.0,170.0,1.0,11.0,5.0,0.0,3.0,0.0,40.0,4.0
2026,22,2026-08-08,Ollie,Wines,Port Adelaide,RR,3.0,109.0,1.0,14.0,3.0,3.0,6.0,0.0,56.5,13.0
2026,22,2026-08-08,Mitch,Zadow,Port Adelaide,HFFL,2.0,97.0,2.0,5.0,2.0,0.0,2.0,0.0,60.0,3.0
2026,22,2026-08-08,Tom,Atkins,Geelong Cats,RR,5.0,241.0,2.0,17.0,2.0,2.0,6.0,1.0,66.7,10.0
2026,22,2026-08-08,Mark,Blicavs,Geelong Cats,WR,5.0,174.0,6.0,13.0,4.0,3.0,11.0,0.0,55.0,11.0
2026,22,2026-08-08,Tanner,Bruhn,Geelong Cats,HBFR,5.0,235.0,2.0,13.0,2.0,0.0,5.0,0.0,87.5,14.0
2026,22,2026-08-08,Jhye,Clark,Geelong Cats,INT,3.0,298.0,3.0,11.0,1.0,0.0,3.0,0.0,90.0,18.0
2026,22,2026-08-08,Brad,Close,Geelong Cats,HFFR,7.0,247.0,1.0,14.0,1.0,0.0,4.0,1.0,41.7,5.0
2026,22,2026-08-08,Sam,De Koning,Geelong Cats,RK,9.0,111.0,2.0,5.0,2.0,2.0,8.0,3.0,81.3,13.0
2026,22,2026-08-08,Oliver,Dempsey,Geelong Cats,WL,7.0,249.0,1.0,15.0,3.0,0.0,4.0,0.0,57.9,11.0
2026,22,2026-08-08,Zach,Guthrie,Geelong Cats,HBFL,3.0,212.0,3.0,5.0,1.0,0.0,2.0,0.0,90.0,9.0
2026,22,2026-08-08,Jack,Henry,Geelong Cats,CHB,4.0,384.0,7.0,3.0,4.0,0.0,4.0,0.0,64.7,11.0
2026,22,2026-08-08,Oliver,Henry,Geelong Cats,CHF,10.0,253.0,1.0,10.0,2.0,0.0,4.0,2.0,61.5,8.0
2026,22,2026-08-08,Lawson,Humphries,Geelong Cats,BPR,4.0,255.0,6.0,12.0,5.0,0.0,7.0,0.0,65.2,15.0
2026,22,2026-08-08,Shaun,Mannagh,Geelong Cats,INT,10.0,371.0,1.0,11.0,1.0,0.0,4.0,2.0,77.8,14.0
2026,22,2026-08-08,Jack,Martin,Geelong Cats,INT,5.0,162.0,2.0,11.0,2.0,0.0,2.0,4.0,90.0,9.0
2026,22,2026-08-08,Gryan,Miers,Geelong Cats,HFFL,5.0,108.0,1.0,9.0,1.0,0.0,5.0,0.0,77.8,7.0
2026,22,2026-08-08,Oisin,Mullin,Geelong Cats,R,3.0,377.0,1.0,17.0,7.0,2.0,4.0,1.0,50.0,9.0
2026,22,2026-08-08,Shannon,Neale,Geelong Cats,FF,7.0,149.0,0.0,13.0,1.0,0.0,5.0,4.0,75.0,9.0
2026,22,2026-08-08,Mark,O'Connor,Geelong Cats,INT,4.0,292.0,3.0,9.0,3.0,0.0,1.0,0.0,66.7,6.0
2026,22,2026-08-08,Connor,O'Sullivan,Geelong Cats,FB,2.0,190.0,6.0,8.0,2.0,0.0,3.0,0.0,90.0,9.0
2026,22,2026-08-08,Jay,Polkinghorne,Geelong Cats,FPR,3.0,72.0,0.0,0.0,2.0,0.0,0.0,0.0,66.7,2.0
2026,22,2026-08-08,Bailey,Smith,Geelong Cats,C,7.0,748.0,5.0,14.0,5.0,6.0,10.0,0.0,71.1,27.0
2026,22,2026-08-08,Tom,Stewart,Geelong Cats,BPL,4.0,395.0,7.0,6.0,1.0,0.0,2.0,0.0,90.0,18.0
2026,22,2026-08-08,Oliver,Wiltshire,Geelong Cats,FPL,4.0,151.0,3.0,9.0,2.0,0.0,5.0,1.0,91.7,11.0
2026,22,2026-08-08,James,Worpel,Geelong Cats,INT,6.0,266.0,3.0,24.0,5.0,2.0,3.0,2.0,52.6,10.0
2026,22,2026-08-08,Jaxon,Artemis,Essendon,WR,1.0,120.0,1.0,13.0,2.0,0.0,2.0,0.0,75.0,9.0
2026,22,2026-08-08,Nate,Caddy,Essendon,CHF,4.0,248.0,1.0,9.0,6.0,0.0,3.0,1.0,43.8,7.0
2026,22,2026-08-08,Jye,Caldwell,Essendon,INT,3.0,304.0,3.0,28.0,5.0,0.0,6.0,0.0,40.0,6.0
2026,22,2026-08-08,Archer,Day-Wicks,Essendon,HFFR,2.0,137.0,2.0,12.0,6.0,0.0,4.0,1.0,60.0,6.0
2026,22,2026-08-08,Sam,Durham,Essendon,C,6.0,201.0,0.0,13.0,3.0,0.0,5.0,2.0,61.5,8.0
2026,22,2026-08-08,Hussien,El Achkar,Essendon,INT,1.0,61.0,1.0,14.0,0.0,0.0,2.0,3.0,75.0,3.0
2026,22,2026-08-08,Jacob,Farrow,Essendon,BPR,4.0,280.0,1.0,11.0,4.0,0.0,2.0,0.0,71.4,10.0
2026,22,2026-08-08,Zak,Johnson,Essendon,INT,1.0,138.0,3.0,11.0,2.0,0.0,2.0,0.0,75.0,6.0
2026,22,2026-08-08,Isaac,Kako,Essendon,FPL,3.0,164.0,0.0,13.0,4.0,0.0,1.0,2.0,75.0,6.0
2026,22,2026-08-08,Max,Kondogiannis,Essendon,INT,1.0,164.0,1.0,14.0,2.0,1.0,3.0,1.0,71.4,5.0
2026,22,2026-08-08,Kyle,Langford,Essendon,FPR,1.0,100.0,6.0,6.0,2.0,0.0,4.0,0.0,69.2,9.0
2026,22,2026-08-08,Andrew,McGrath,Essendon,BPL,3.0,276.0,5.0,19.0,4.0,0.0,8.0,0.0,68.4,13.0
2026,22,2026-08-08,Zach,Merrett,Essendon,RR,4.0,401.0,4.0,24.0,5.0,3.0,7.0,3.0,72.4,21.0
2026,22,2026-08-08,Archie,Perkins,Essendon,INT,3.0,217.0,2.0,11.0,1.0,0.0,5.0,0.0,81.8,9.0
2026,22,2026-08-08,Jaxon,Prior,Essendon,HBFL,2.0,502.0,5.0,7.0,3.0,0.0,2.0,0.0,76.5,13.0
2026,22,2026-08-08,Mason,Redman,Essendon,HBFR,1.0,255.0,4.0,7.0,2.0,0.0,3.0,0.0,80.0,8.0
2026,22,2026-08-08,Zach,Reid,Essendon,FB,0.0,149.0,2.0,9.0,2.0,0.0,2.0,0.0,83.3,5.0
2026,22,2026-08-08,Archie,Roberts,Essendon,CHB,2.0,381.0,5.0,9.0,5.0,0.0,1.0,1.0,75.0,12.0
2026,22,2026-08-08,Will,Setterfield,Essendon,HFFL,2.0,168.0,0.0,26.0,2.0,1.0,6.0,0.0,58.8,10.0
2026,22,2026-08-08,Dyson,Sharp,Essendon,R,2.0,357.0,7.0,25.0,4.0,1.0,10.0,1.0,55.6,15.0
2026,22,2026-08-08,Rhys,Unwin,Essendon,WL,1.0,16.0,1.0,15.0,0.0,0.0,2.0,0.0,75.0,3.0
2026,22,2026-08-08,Vigo,Visentini,Essendon,RK,3.0,234.0,3.0,8.0,0.0,0.0,1.0,0.0,61.1,11.0
2026,22,2026-08-08,Peter,Wright,Essendon,FF,3.0,52.0,2.0,4.0,1.0,0.0,2.0,0.0,77.8,7.0
2026,22,2026-08-08,Callum,Ah Chee,Adelaide Crows,HBFR,5.0,393.0,3.0,8.0,5.0,0.0,2.0,0.0,72.7,8.0
2026,22,2026-08-08,Sam,Berry,Adelaide Crows,INT,2.0,498.0,1.0,19.0,5.0,2.0,8.0,1.0,58.3,14.0
2026,22,2026-08-08,Brayden,Cook,Adelaide Crows,WR,3.0,305.0,3.0,11.0,3.0,1.0,8.0,1.0,60.0,12.0
2026,22,2026-08-08,Isaac,Cumming,Adelaide Crows,HBFL,2.0,238.0,4.0,5.0,2.0,0.0,1.0,0.0,93.3,14.0
2026,22,2026-08-08,Daniel,Curtin,Adelaide Crows,R,3.0,255.0,6.0,15.0,4.0,1.0,6.0,1.0,64.3,9.0
2026,22,2026-08-08,Jordan,Dawson,Adelaide Crows,C,6.0,596.0,6.0,8.0,10.0,2.0,2.0,0.0,57.1,20.0
2026,22,2026-08-08,Billy,Dowling,Adelaide Crows,INT,3.0,155.0,0.0,13.0,1.0,0.0,6.0,0.0,61.5,8.0
2026,22,2026-08-08,Hugo,Hall-Kahan,Adelaide Crows,FPL,2.0,353.0,3.0,6.0,4.0,0.0,2.0,0.0,82.4,14.0
2026,22,2026-08-08,Mark,Keane,Adelaide Crows,CHB,1.0,150.0,8.0,4.0,2.0,0.0,4.0,0.0,83.3,10.0
2026,22,2026-08-08,Ben,Keays,Adelaide Crows,INT,5.0,204.0,0.0,18.0,3.0,0.0,2.0,0.0,50.0,4.0
2026,22,2026-08-08,Rory,Laird,Adelaide Crows,BPL,0.0,165.0,4.0,8.0,2.0,0.0,5.0,0.0,77.8,14.0
2026,22,2026-08-08,Archie,Ludowyke,Adelaide Crows,INT,3.0,61.0,1.0,7.0,1.0,0.0,2.0,0.0,50.0,2.0
2026,22,2026-08-08,Max,Michalanney,Adelaide Crows,BPR,1.0,341.0,2.0,9.0,5.0,0.0,1.0,0.0,58.3,7.0
2026,22,2026-08-08,Alex,Neal-Bullen,Adelaide Crows,HFFL,2.0,252.0,2.0,19.0,5.0,0.0,7.0,2.0,52.6,10.0
2026,22,2026-08-08,Reilly,O'Brien,Adelaide Crows,RK,3.0,159.0,4.0,11.0,0.0,1.0,2.0,0.0,81.8,9.0
2026,22,2026-08-08,James,Peatling,Adelaide Crows,WL,2.0,162.0,1.0,9.0,3.0,1.0,5.0,1.0,45.0,9.0
2026,22,2026-08-08,Josh,Rachele,Adelaide Crows,HFFR,5.0,179.0,1.0,4.0,1.0,0.0,3.0,0.0,100.0,10.0
2026,22,2026-08-08,Izak,Rankine,Adelaide Crows,RR,5.0,795.0,5.0,19.0,5.0,2.0,14.0,1.0,83.3,30.0
2026,22,2026-08-08,Oscar,Ryan,Adelaide Crows,INT,1.0,248.0,7.0,8.0,6.0,0.0,2.0,0.0,76.9,10.0
2026,22,2026-08-08,Zac,Taylor,Adelaide Crows,FPR,1.0,184.0,2.0,15.0,2.0,0.0,2.0,1.0,37.5,3.0
2026,22,2026-08-08,Riley,Thilthorpe,Adelaide Crows,CHF,4.0,45.0,0.0,11.0,1.0,0.0,6.0,0.0,63.6,7.0
2026,22,2026-08-08,Taylor,Walker,Adelaide Crows,FF,4.0,206.0,0.0,6.0,1.0,0.0,4.0,1.0,77.8,7.0
2026,22,2026-08-08,Josh,Worrell,Adelaide Crows,FB,2.0,361.0,8.0,6.0,5.0,0.0,6.0,0.0,72.2,13.0
2026,22,2026-08-08,Kye,Annand,Richmond,BPL,1.0,258.0,7.0,3.0,2.0,0.0,2.0,0.0,90.9,10.0
2026,22,2026-08-08,Sam,Banks,Richmond,CHB,1.0,276.0,0.0,12.0,2.0,0.0,0.0,0.0,91.7,11.0
2026,22,2026-08-08,Nathan,Broad,Richmond,HBFR,4.0,357.0,7.0,3.0,1.0,0.0,4.0,0.0,73.3,11.0
2026,22,2026-08-08,Tom,Brown,Richmond,HBFL,4.0,574.0,5.0,7.0,6.0,0.0,6.0,0.0,38.9,7.0
2026,22,2026-08-08,Seth,Campbell,Richmond,HFFR,6.0,278.0,1.0,17.0,2.0,0.0,4.0,0.0,75.0,9.0
2026,22,2026-08-08,Judson,Clarke,Richmond,INT,6.0,254.0,2.0,7.0,2.0,1.0,7.0,0.0,84.6,11.0
2026,22,2026-08-08,Steely,Green,Richmond,INT,3.0,187.0,1.0,13.0,5.0,0.0,4.0,1.0,77.8,7.0
2026,22,2026-08-08,Sam,Grlj,Richmond,INT,3.0,215.0,3.0,11.0,2.0,0.0,3.0,0.0,54.5,6.0
2026,22,2026-08-08,Taj,Hotton,Richmond,FPR,3.0,132.0,1.0,12.0,5.0,0.0,5.0,1.0,61.5,8.0
2026,22,2026-08-08,Sam,Lalor,Richmond,R,2.0,-1.0,0.0,12.0,1.0,0.0,1.0,1.0,66.7,2.0
2026,22,2026-08-08,Mykelti,Lefau,Richmond,FPL,5.0,178.0,0.0,11.0,1.0,0.0,3.0,2.0,85.7,6.0
2026,22,2026-08-08,Tom,Lynch,Richmond,FF,5.0,151.0,1.0,7.0,2.0,0.0,3.0,1.0,37.5,3.0
2026,22,2026-08-08,Ben,Miller,Richmond,FB,0.0,212.0,8.0,4.0,1.0,0.0,5.0,0.0,80.0,16.0
2026,22,2026-08-08,Toby,Nankervis,Richmond,RK,2.0,238.0,1.0,15.0,3.0,1.0,5.0,0.0,66.7,10.0
2026,22,2026-08-08,Dion,Prestia,Richmond,CHF,2.0,305.0,2.0,18.0,4.0,0.0,4.0,0.0,73.3,11.0
2026,22,2026-08-08,Hugo,Ralphsmith,Richmond,HFFL,3.0,237.0,1.0,10.0,6.0,0.0,6.0,2.0,78.6,11.0
2026,22,2026-08-08,Patrick,Retschko,Richmond,WL,4.0,322.0,6.0,15.0,5.0,0.0,5.0,0.0,50.0,12.0
2026,22,2026-08-08,Jack,Ross,Richmond,RR,5.0,493.0,3.0,20.0,7.0,3.0,9.0,1.0,72.4,21.0
2026,22,2026-08-08,Samson,Ryan,Richmond,INT,0.0,23.0,1.0,2.0,1.0,0.0,1.0,0.0,71.4,5.0
2026,22,2026-08-08,Jayden,Short,Richmond,INT,2.0,445.0,6.0,12.0,8.0,0.0,6.0,0.0,75.0,12.0
2026,22,2026-08-08,Tyler,Sonsie,Richmond,WR,1.0,75.0,2.0,13.0,1.0,0.0,2.0,0.0,50.0,3.0
2026,22,2026-08-08,Tim,Taranto,Richmond,C,3.0,387.0,5.0,16.0,3.0,1.0,8.0,1.0,50.0,10.0
2026,22,2026-08-08,Nick,Vlastuin,Richmond,BPR,2.0,442.0,13.0,11.0,1.0,0.0,5.0,0.0,84.2,16.0
2026,22,2026-08-09,Ryan,Angwin,GWS GIANTS,WL,1.0,235.0,5.0,17.0,2.0,0.0,5.0,0.0,71.4,10.0
2026,22,2026-08-09,Lachie,Ash,GWS GIANTS,HBFR,3.0,570.0,5.0,10.0,7.0,0.0,4.0,0.0,70.0,14.0
2026,22,2026-08-09,Toby,Bedford,GWS GIANTS,HFFR,0.0,80.0,1.0,9.0,2.0,0.0,3.0,1.0,60.0,3.0
2026,22,2026-08-09,Kieren,Briggs,GWS GIANTS,INT,2.0,183.0,2.0,7.0,4.0,1.0,4.0,0.0,33.3,4.0
2026,22,2026-08-09,Callum,Brown,GWS GIANTS,FPR,5.0,193.0,2.0,19.0,2.0,0.0,4.0,4.0,53.3,8.0
2026,22,2026-08-09,Aaron,Cadman,GWS GIANTS,FF,2.0,171.0,2.0,10.0,6.0,0.0,7.0,0.0,41.7,5.0
2026,22,2026-08-09,Stephen,Coniglio,GWS GIANTS,HFFL,4.0,256.0,6.0,19.0,4.0,1.0,9.0,1.0,47.4,9.0
2026,22,2026-08-09,Josaia,Delana,GWS GIANTS,INT,7.0,496.0,10.0,16.0,2.0,1.0,8.0,1.0,65.0,13.0
2026,22,2026-08-09,Joe,Fonti,GWS GIANTS,INT,0.0,292.0,5.0,16.0,5.0,1.0,4.0,0.0,35.7,5.0
2026,22,2026-08-09,Toby,Greene,GWS GIANTS,RR,5.0,349.0,3.0,18.0,3.0,1.0,13.0,4.0,22.2,4.0
2026,22,2026-08-09,Max,Gruzewski,GWS GIANTS,CHF,4.0,145.0,1.0,5.0,1.0,0.0,5.0,0.0,54.5,6.0
2026,22,2026-08-09,Riley,Hamilton,GWS GIANTS,INT,1.0,190.0,3.0,9.0,5.0,0.0,6.0,2.0,20.0,2.0
2026,22,2026-08-09,Harry,Himmelberg,GWS GIANTS,CHB,0.0,167.0,6.0,9.0,4.0,0.0,4.0,0.0,45.5,5.0
2026,22,2026-08-09,Connor,Idun,GWS GIANTS,BPR,0.0,253.0,1.0,13.0,4.0,0.0,2.0,0.0,90.9,10.0
2026,22,2026-08-09,Jayden,Laverde,GWS GIANTS,BPL,0.0,70.0,3.0,3.0,2.0,0.0,1.0,0.0,66.7,2.0
2026,22,2026-08-09,Nicholas,Madden,GWS GIANTS,RK,3.0,117.0,2.0,9.0,2.0,0.0,3.0,1.0,100.0,5.0
2026,22,2026-08-09,Xavier,O'Halloran,GWS GIANTS,INT,3.0,268.0,3.0,22.0,5.0,2.0,7.0,2.0,40.0,6.0
2026,22,2026-08-09,Clayton,Oliver,GWS GIANTS,C,5.0,435.0,2.0,13.0,5.0,0.0,7.0,1.0,39.1,9.0
2026,22,2026-08-09,Harry,Rowston,GWS GIANTS,R,3.0,407.0,7.0,16.0,5.0,1.0,7.0,0.0,63.6,14.0
2026,22,2026-08-09,Jake,Stringer,GWS GIANTS,FPL,4.0,157.0,1.0,17.0,3.0,0.0,5.0,5.0,50.0,4.0
2026,22,2026-08-09,Sam,Taylor,GWS GIANTS,FB,1.0,99.0,6.0,5.0,1.0,0.0,3.0,0.0,71.4,5.0
2026,22,2026-08-09,Harvey,Thomas,GWS GIANTS,WR,3.0,227.0,4.0,14.0,4.0,0.0,11.0,0.0,70.0,14.0
2026,22,2026-08-09,Lachie,Whitfield,GWS GIANTS,HBFL,1.0,655.0,5.0,16.0,5.0,0.0,5.0,0.0,80.8,21.0
2026,22,2026-08-09,Noah,Anderson,Gold Coast SUNS,C,4.0,543.0,1.0,23.0,5.0,4.0,6.0,2.0,37.5,9.0
2026,22,2026-08-09,Mac,Andrew,Gold Coast SUNS,BPL,3.0,139.0,11.0,11.0,3.0,0.0,4.0,0.0,76.9,10.0
2026,22,2026-08-09,Charlie,Ballard,Gold Coast SUNS,BPR,3.0,133.0,6.0,7.0,2.0,0.0,2.0,0.0,70.0,7.0
2026,22,2026-08-09,Sam,Clohesy,Gold Coast SUNS,INT,3.0,237.0,7.0,12.0,4.0,0.0,8.0,0.0,82.4,14.0
2026,22,2026-08-09,Jy,Farrar,Gold Coast SUNS,INT,0.0,7.0,0.0,4.0,1.0,0.0,0.0,0.0,0.0,0.0
2026,22,2026-08-09,Lachlan,Gulbin,Gold Coast SUNS,HFFR,5.0,173.0,3.0,12.0,1.0,0.0,3.0,0.0,60.0,6.0
2026,22,2026-08-09,Bailey,Humphrey,Gold Coast SUNS,R,8.0,231.0,0.0,15.0,4.0,1.0,9.0,2.0,73.7,14.0
2026,22,2026-08-09,Joel,Jeffrey,Gold Coast SUNS,INT,1.0,323.0,4.0,5.0,5.0,0.0,6.0,0.0,78.6,11.0
2026,22,2026-08-09,Ben,King,Gold Coast SUNS,FPR,5.0,82.0,1.0,6.0,1.0,0.0,3.0,0.0,77.8,7.0
2026,22,2026-08-09,Leonardo,Lombard,Gold Coast SUNS,INT,5.0,210.0,4.0,11.0,5.0,0.0,7.0,0.0,65.2,15.0
2026,22,2026-08-09,Ben,Long,Gold Coast SUNS,HFFL,3.0,103.0,1.0,12.0,5.0,0.0,3.0,2.0,44.4,4.0
2026,22,2026-08-09,Touk,Miller,Gold Coast SUNS,WR,7.0,428.0,5.0,18.0,5.0,0.0,6.0,0.0,73.9,17.0
2026,22,2026-08-09,Ned,Moyle,Gold Coast SUNS,RK,6.0,66.0,1.0,9.0,1.0,2.0,5.0,0.0,72.7,8.0
2026,22,2026-08-09,John,Noble,Gold Coast SUNS,HBFR,2.0,453.0,3.0,17.0,4.0,0.0,2.0,0.0,75.0,12.0
2026,22,2026-08-09,Christian,Petracca,Gold Coast SUNS,FPL,3.0,172.0,2.0,14.0,3.0,0.0,6.0,0.0,57.1,8.0
2026,22,2026-08-09,Wil,Powell,Gold Coast SUNS,CHB,3.0,447.0,9.0,17.0,2.0,0.0,6.0,0.0,77.8,14.0
2026,22,2026-08-09,Ethan,Read,Gold Coast SUNS,CHF,2.0,192.0,1.0,15.0,3.0,0.0,2.0,0.0,23.1,3.0
2026,22,2026-08-09,Daniel,Rioli,Gold Coast SUNS,HBFL,3.0,272.0,6.0,12.0,4.0,0.0,9.0,0.0,66.7,14.0
2026,22,2026-08-09,Jake,Rogers,Gold Coast SUNS,INT,1.0,150.0,0.0,15.0,2.0,0.0,1.0,2.0,42.9,3.0
2026,22,2026-08-09,Matt,Rowell,Gold Coast SUNS,RR,7.0,881.0,4.0,30.0,13.0,8.0,15.0,1.0,50.0,20.0
2026,22,2026-08-09,Bodhi,Uwland,Gold Coast SUNS,FB,3.0,420.0,7.0,12.0,2.0,0.0,4.0,0.0,75.0,15.0
2026,22,2026-08-09,Zeke,Uwland,Gold Coast SUNS,WL,3.0,247.0,7.0,14.0,9.0,0.0,8.0,0.0,38.5,5.0
2026,22,2026-08-09,Jed,Walter,Gold Coast SUNS,FF,5.0,126.0,0.0,7.0,1.0,0.0,3.0,0.0,77.8,7.0
2026,22,2026-08-09,Bo,Allan,West Coast Eagles,WR,3.0,371.0,1.0,13.0,6.0,0.0,3.0,0.0,66.7,8.0
2026,22,2026-08-09,Liam,Baker,West Coast Eagles,HBFL,4.0,287.0,3.0,9.0,2.0,0.0,3.0,0.0,75.0,12.0
2026,22,2026-08-09,Rhett,Bazzo,West Coast Eagles,FB,2.0,20.0,12.0,9.0,2.0,0.0,4.0,0.0,92.3,12.0
2026,22,2026-08-09,Tom,Cole,West Coast Eagles,INT,8.0,245.0,0.0,15.0,0.0,0.0,4.0,2.0,64.3,9.0
2026,22,2026-08-09,Cooper,Duff-Tytler,West Coast Eagles,FPR,7.0,220.0,1.0,11.0,2.0,0.0,3.0,2.0,58.3,7.0
2026,22,2026-08-09,Liam,Duggan,West Coast Eagles,WL,3.0,388.0,5.0,5.0,6.0,0.0,4.0,0.0,72.2,13.0
2026,22,2026-08-09,Willem,Duursma,West Coast Eagles,HFFL,3.0,295.0,3.0,15.0,7.0,0.0,2.0,0.0,50.0,8.0
2026,22,2026-08-09,Jack,Graham,West Coast Eagles,HFFR,7.0,263.0,0.0,19.0,1.0,0.0,3.0,0.0,76.5,13.0
2026,22,2026-08-09,Tom,Gross,West Coast Eagles,INT,3.0,155.0,4.0,16.0,2.0,0.0,7.0,1.0,78.6,11.0
2026,22,2026-08-09,Marcus,Herbert,West Coast Eagles,HBFR,1.0,361.0,3.0,21.0,2.0,0.0,4.0,0.0,85.7,18.0
2026,22,2026-08-09,Brady,Hough,West Coast Eagles,BPR,3.0,346.0,3.0,27.0,2.0,2.0,7.0,0.0,70.0,14.0
2026,22,2026-08-09,Tim,Kelly,West Coast Eagles,R,6.0,316.0,2.0,23.0,5.0,4.0,9.0,1.0,69.6,16.0
2026,22,2026-08-09,Josh,Lindsay,West Coast Eagles,INT,6.0,292.0,2.0,14.0,0.0,0.0,1.0,0.0,94.7,18.0
2026,22,2026-08-09,Tom,McCarthy,West Coast Eagles,INT,3.0,655.0,9.0,11.0,7.0,0.0,4.0,0.0,91.7,22.0
2026,22,2026-08-09,Milan,Murdock,West Coast Eagles,FPL,4.0,134.0,2.0,18.0,2.0,0.0,6.0,2.0,57.1,8.0
2026,22,2026-08-09,Harley,Reid,West Coast Eagles,RR,7.0,135.0,1.0,18.0,6.0,2.0,9.0,1.0,69.0,20.0
2026,22,2026-08-09,Jobe,Shanahan,West Coast Eagles,CHF,4.0,84.0,0.0,10.0,0.0,0.0,3.0,2.0,80.0,4.0
2026,22,2026-08-09,Brandon,Starcevich,West Coast Eagles,BPL,2.0,181.0,4.0,9.0,3.0,0.0,1.0,0.0,72.7,8.0
2026,22,2026-08-09,Jake,Waterman,West Coast Eagles,FF,7.0,303.0,1.0,5.0,3.0,0.0,2.0,1.0,58.3,7.0
2026,22,2026-08-09,Bailey J.,Williams,West Coast Eagles,RK,7.0,143.0,1.0,14.0,4.0,0.0,4.0,0.0,29.4,5.0
2026,22,2026-08-09,Jack,Williams,West Coast Eagles,INT,6.0,176.0,0.0,10.0,2.0,0.0,0.0,0.0,85.7,6.0
2026,22,2026-08-09,Elliot,Yeo,West Coast Eagles,C,9.0,374.0,1.0,22.0,3.0,5.0,11.0,1.0,64.3,18.0
2026,22,2026-08-09,Tylar,Young,West Coast Eagles,CHB,3.0,326.0,4.0,8.0,3.0,0.0,4.0,0.0,92.9,13.0
2026,22,2026-08-09,Edward,Allan,Collingwood,C,7.0,401.0,0.0,19.0,2.0,5.0,6.0,2.0,75.0,15.0
2026,22,2026-08-09,Angus,Anderson,Collingwood,INT,4.0,170.0,5.0,15.0,2.0,0.0,10.0,2.0,57.1,8.0
2026,22,2026-08-09,Darcy,Cameron,Collingwood,RK,8.0,198.0,5.0,17.0,2.0,2.0,5.0,1.0,58.3,14.0
2026,22,2026-08-09,Jack,Crisp,Collingwood,WR,2.0,348.0,5.0,19.0,4.0,1.0,10.0,0.0,61.1,11.0
2026,22,2026-08-09,Josh,Daicos,Collingwood,RR,8.0,901.0,4.0,16.0,8.0,0.0,5.0,0.0,71.4,25.0
2026,22,2026-08-09,Nick,Daicos,Collingwood,R,12.0,721.0,6.0,12.0,4.0,5.0,9.0,0.0,66.7,26.0
2026,22,2026-08-09,Billy,Frampton,Collingwood,BPL,1.0,38.0,10.0,4.0,1.0,0.0,3.0,0.0,100.0,10.0
2026,22,2026-08-09,Harvey,Harrison,Collingwood,INT,5.0,321.0,2.0,9.0,2.0,0.0,2.0,0.0,81.8,9.0
2026,22,2026-08-09,William,Hayes,Collingwood,HFFR,5.0,99.0,0.0,15.0,2.0,0.0,3.0,3.0,57.1,4.0
2026,22,2026-08-09,Dan,Houston,Collingwood,CHB,5.0,300.0,6.0,10.0,3.0,0.0,4.0,0.0,82.4,14.0
2026,22,2026-08-09,Noah,Howes,Collingwood,BPR,0.0,175.0,4.0,4.0,1.0,0.0,2.0,0.0,100.0,5.0
2026,22,2026-08-09,Ned,Long,Collingwood,INT,7.0,346.0,1.0,23.0,3.0,4.0,10.0,1.0,68.0,17.0
2026,22,2026-08-09,Beau,McCreery,Collingwood,HFFL,5.0,354.0,1.0,23.0,7.0,0.0,8.0,3.0,61.1,11.0
2026,22,2026-08-09,Daniel,McStay,Collingwood,FPL,15.0,433.0,3.0,13.0,5.0,0.0,3.0,4.0,60.0,12.0
2026,22,2026-08-09,Tim,Membrey,Collingwood,FF,11.0,397.0,2.0,3.0,3.0,0.0,1.0,0.0,70.0,14.0
2026,22,2026-08-09,Liam,Puncher,Collingwood,FB,1.0,52.0,3.0,9.0,2.0,0.0,1.0,0.0,71.4,5.0
2026,22,2026-08-09,Isaac,Quaynor,Collingwood,HBFL,4.0,275.0,3.0,14.0,1.0,0.0,5.0,0.0,73.3,11.0
2026,22,2026-08-09,Lachie,Schultz,Collingwood,FPR,10.0,146.0,1.0,24.0,1.0,0.0,3.0,3.0,54.5,6.0
2026,22,2026-08-09,Steele,Sidebottom,Collingwood,INT,2.0,141.0,4.0,13.0,1.0,0.0,3.0,0.0,75.0,9.0
2026,22,2026-08-09,Roan,Steele,Collingwood,WL,6.0,161.0,0.0,10.0,4.0,1.0,4.0,0.0,53.8,7.0
2026,22,2026-08-09,Lachlan,Sullivan,Collingwood,CHF,7.0,141.0,2.0,9.0,0.0,0.0,3.0,2.0,84.6,11.0
2026,22,2026-08-09,Sam,Swadling,Collingwood,HBFR,3.0,142.0,3.0,15.0,4.0,0.0,6.0,0.0,57.1,8.0
2026,22,2026-08-09,Charlie,West,Collingwood,INT,1.0,64.0,0.0,11.0,0.0,0.0,0.0,2.0,100.0,2.0
2026,22,2026-08-09,Hugh,Boxshall,St Kilda,WR,4.0,243.0,1.0,17.0,3.0,1.0,6.0,1.0,80.0,12.0
2026,22,2026-08-09,Ryan,Byrnes,St Kilda,INT,2.0,278.0,2.0,6.0,3.0,1.0,4.0,0.0,85.0,17.0
2026,22,2026-08-09,Anthony,Caminiti,St Kilda,FPR,0.0,79.0,6.0,5.0,2.0,0.0,1.0,0.0,87.5,7.0
2026,22,2026-08-09,Hunter,Clark,St Kilda,INT,3.0,158.0,5.0,16.0,1.0,0.0,4.0,0.0,81.8,9.0
2026,22,2026-08-09,Tom,De Koning,St Kilda,RK,1.0,93.0,0.0,7.0,2.0,1.0,0.0,0.0,57.1,4.0
2026,22,2026-08-09,Hugo,Garcia,St Kilda,RR,3.0,268.0,1.0,21.0,5.0,2.0,3.0,0.0,78.9,15.0
2026,22,2026-08-09,Max,Hall,St Kilda,C,11.0,524.0,3.0,20.0,5.0,5.0,13.0,0.0,56.7,17.0
2026,22,2026-08-09,Jack,Higgins,St Kilda,HFFL,5.0,221.0,1.0,10.0,2.0,0.0,4.0,3.0,46.2,6.0
2026,22,2026-08-09,Bradley,Hill,St Kilda,HBFL,8.0,344.0,0.0,8.0,2.0,0.0,2.0,0.0,87.1,27.0
2026,22,2026-08-09,Campbell,Lake,St Kilda,INT,2.0,37.0,1.0,12.0,0.0,0.0,5.0,0.0,100.0,6.0
2026,22,2026-08-09,Rowan,Marshall,St Kilda,FF,6.0,239.0,2.0,16.0,3.0,1.0,4.0,1.0,57.1,8.0
2026,22,2026-08-09,Liam,O'Connell,St Kilda,BPR,2.0,78.0,4.0,10.0,0.0,0.0,2.0,0.0,75.0,6.0
2026,22,2026-08-09,Mitch,Owens,St Kilda,R,8.0,137.0,0.0,8.0,2.0,0.0,1.0,2.0,73.3,11.0
2026,22,2026-08-09,Mattaes,Phillipou,St Kilda,INT,2.0,159.0,2.0,16.0,3.0,0.0,6.0,0.0,66.7,10.0
2026,22,2026-08-09,Liam,Ryan,St Kilda,INT,4.0,173.0,1.0,10.0,0.0,0.0,1.0,0.0,85.7,6.0
2026,22,2026-08-09,Cooper,Sharman,St Kilda,FPL,5.0,217.0,2.0,9.0,4.0,0.0,5.0,0.0,57.1,8.0
2026,22,2026-08-09,Jack,Silvagni,St Kilda,BPL,2.0,140.0,6.0,5.0,0.0,0.0,3.0,0.0,85.7,6.0
2026,22,2026-08-09,Liam,Stocker,St Kilda,HBFR,2.0,471.0,6.0,2.0,2.0,0.0,4.0,0.0,90.0,18.0
2026,22,2026-08-09,Nasiah,Wanganeen-Milera,St Kilda,HFFR,0.0,31.0,1.0,0.0,1.0,1.0,0.0,0.0,50.0,2.0
2026,22,2026-08-09,Callum,Wilkie,St Kilda,FB,2.0,295.0,2.0,7.0,1.0,0.0,0.0,0.0,70.0,7.0
2026,22,2026-08-09,Darcy,Wilson,St Kilda,WL,5.0,458.0,3.0,19.0,6.0,0.0,6.0,0.0,68.0,17.0
2026,22,2026-08-09,Marcus,Windhager,St Kilda,CHB,5.0,427.0,4.0,18.0,6.0,0.0,2.0,0.0,83.3,20.0
2026,22,2026-08-09,Mason,Wood,St Kilda,CHF,1.0,118.0,2.0,2.0,1.0,0.0,2.0,0.0,87.5,7.0
2026,22,2026-08-09,Blake,Acres,Carlton,WL,5.0,264.0,5.0,13.0,2.0,1.0,4.0,1.0,85.0,17.0
2026,22,2026-08-09,Ben,Ainsworth,Carlton,FPR,7.0,146.0,2.0,8.0,1.0,0.0,3.0,1.0,91.7,11.0
2026,22,2026-08-09,Talor,Byrne,Carlton,INT,6.0,186.0,0.0,8.0,1.0,0.0,3.0,1.0,84.6,11.0
2026,22,2026-08-09,Adam,Cerra,Carlton,WR,7.0,390.0,2.0,11.0,2.0,0.0,4.0,0.0,79.2,19.0
2026,22,2026-08-09,Matthew,Cottrell,Carlton,INT,6.0,182.0,2.0,16.0,2.0,0.0,3.0,1.0,87.5,14.0
2026,22,2026-08-09,Lachlan,Cowan,Carlton,HBFL,4.0,258.0,7.0,8.0,3.0,0.0,4.0,0.0,66.7,10.0
2026,22,2026-08-09,Patrick,Cripps,Carlton,C,8.0,311.0,0.0,18.0,0.0,0.0,3.0,1.0,65.4,17.0
2026,22,2026-08-09,Harry,Dean,Carlton,BPL,2.0,153.0,4.0,12.0,0.0,0.0,3.0,0.0,100.0,8.0
2026,22,2026-08-09,Wade,Derksen,Carlton,BPR,3.0,166.0,4.0,4.0,1.0,0.0,3.0,0.0,93.8,15.0
2026,22,2026-08-09,Francis,Evans,Carlton,HFFR,10.0,613.0,2.0,15.0,6.0,0.0,3.0,2.0,68.2,15.0
2026,22,2026-08-09,Oliver,Florent,Carlton,HBFR,8.0,433.0,4.0,17.0,1.0,0.0,5.0,0.0,96.0,24.0
2026,22,2026-08-09,Nick,Haynes,Carlton,FB,0.0,185.0,5.0,3.0,1.0,0.0,2.0,0.0,85.0,17.0
2026,22,2026-08-09,Will,Hayward,Carlton,HFFL,7.0,368.0,3.0,10.0,6.0,0.0,5.0,0.0,68.4,13.0
2026,22,2026-08-09,George,Hewett,Carlton,INT,6.0,173.0,1.0,13.0,2.0,2.0,7.0,0.0,76.9,20.0
2026,22,2026-08-09,Brodie,Kemp,Carlton,FF,6.0,149.0,1.0,11.0,1.0,0.0,1.0,2.0,62.5,5.0
2026,22,2026-08-09,Cooper,Lord,Carlton,FPL,5.0,348.0,2.0,14.0,3.0,0.0,1.0,1.0,94.4,17.0
2026,22,2026-08-09,Mitch,McGovern,Carlton,CHB,8.0,259.0,2.0,10.0,3.0,0.0,3.0,0.0,66.7,10.0
2026,22,2026-08-09,Harry,McKay,Carlton,CHF,3.0,97.0,0.0,5.0,1.0,0.0,1.0,1.0,77.8,7.0
2026,22,2026-08-09,Marc,Pittonet,Carlton,RK,4.0,196.0,2.0,6.0,4.0,3.0,2.0,1.0,52.9,9.0
2026,22,2026-08-09,Jagga,Smith,Carlton,RR,4.0,240.0,0.0,16.0,3.0,1.0,3.0,1.0,57.1,12.0
2026,22,2026-08-09,Sam,Walsh,Carlton,R,8.0,383.0,1.0,16.0,3.0,5.0,6.0,0.0,80.8,21.0
2026,22,2026-08-09,Billy,Wilson,Carlton,INT,5.0,401.0,3.0,11.0,6.0,0.0,3.0,0.0,71.4,15.0
2026,22,2026-08-09,Lewis,Young,Carlton,INT,6.0,44.0,2.0,6.0,2.0,0.0,1.0,2.0,62.5,5.0
2026,23,2026-08-14,Jye,Amiss,Fremantle,FF,6.0,153.0,0.0,6.0,3.0,0.0,2.0,1.0,77.8,7.0
2026,23,2026-08-14,Shai,Bolton,Fremantle,R,9.0,929.0,3.0,16.0,10.0,2.0,4.0,0.0,74.1,20.0
2026,23,2026-08-14,Andrew,Brayshaw,Fremantle,C,8.0,462.0,6.0,20.0,1.0,2.0,5.0,0.0,81.5,22.0
2026,23,2026-08-14,Heath,Chapman,Fremantle,BPR,2.0,311.0,7.0,9.0,4.0,0.0,3.0,0.0,87.5,14.0
2026,23,2026-08-14,Jordan,Clark,Fremantle,HBFL,6.0,633.0,7.0,12.0,6.0,0.0,9.0,0.0,92.0,23.0
2026,23,2026-08-14,Brennan,Cox,Fremantle,BPL,0.0,37.0,2.0,3.0,0.0,0.0,1.0,0.0,100.0,6.0
2026,23,2026-08-14,Mason,Cox,Fremantle,INT,6.0,127.0,1.0,4.0,4.0,0.0,2.0,1.0,60.0,6.0
2026,23,2026-08-14,Isaiah,Dudley,Fremantle,CHF,5.0,134.0,2.0,8.0,2.0,0.0,3.0,0.0,75.0,6.0
2026,23,2026-08-14,Neil,Erasmus,Fremantle,WR,5.0,231.0,5.0,9.0,2.0,0.0,4.0,0.0,75.0,15.0
2026,23,2026-08-14,Michael,Frederick,Fremantle,HFFL,6.0,239.0,2.0,12.0,2.0,0.0,1.0,0.0,66.7,8.0
2026,23,2026-08-14,Luke,Jackson,Fremantle,RK,10.0,243.0,3.0,18.0,4.0,4.0,5.0,1.0,65.0,13.0
2026,23,2026-08-14,Matthew,Johnson,Fremantle,WL,4.0,162.0,1.0,17.0,4.0,1.0,3.0,0.0,81.3,13.0
2026,23,2026-08-14,Oscar,McDonald,Fremantle,HBFR,3.0,292.0,5.0,6.0,2.0,0.0,3.0,0.0,69.2,9.0
2026,23,2026-08-14,Nathan,O'Driscoll,Fremantle,INT,1.0,201.0,3.0,8.0,1.0,0.0,2.0,0.0,66.7,6.0
2026,23,2026-08-14,Alex,Pearce,Fremantle,FB,0.0,59.0,2.0,3.0,1.0,0.0,1.0,0.0,33.3,1.0
2026,23,2026-08-14,Luke,Ryan,Fremantle,CHB,3.0,364.0,5.0,9.0,2.0,0.0,3.0,0.0,89.5,17.0
2026,23,2026-08-14,Christopher,Scerri,Fremantle,INT,5.0,209.0,2.0,19.0,4.0,0.0,6.0,1.0,66.7,8.0
2026,23,2026-08-14,Caleb,Serong,Fremantle,RR,9.0,536.0,2.0,22.0,4.0,4.0,6.0,0.0,79.3,23.0
2026,23,2026-08-14,Sam,Switkowski,Fremantle,HFFR,6.0,158.0,1.0,18.0,2.0,1.0,5.0,1.0,92.3,12.0
2026,23,2026-08-14,Josh,Treacy,Fremantle,FPR,7.0,262.0,0.0,6.0,3.0,0.0,2.0,1.0,57.1,8.0
2026,23,2026-08-14,Patrick,Voss,Fremantle,FPL,7.0,-8.0,0.0,10.0,2.0,0.0,2.0,6.0,71.4,5.0
2026,23,2026-08-14,Karl,Worner,Fremantle,INT,1.0,197.0,8.0,6.0,3.0,0.0,1.0,0.0,86.7,13.0
2026,23,2026-08-14,Hayden,Young,Fremantle,INT,6.0,221.0,2.0,18.0,2.0,3.0,9.0,0.0,73.9,17.0
2026,23,2026-08-14,Callum,Ah Chee,Adelaide Crows,WR,4.0,177.0,0.0,13.0,2.0,0.0,3.0,3.0,50.0,4.0
2026,23,2026-08-14,Sam,Berry,Adelaide Crows,WL,1.0,96.0,2.0,19.0,3.0,0.0,5.0,0.0,63.6,7.0
2026,23,2026-08-14,James,Borlase,Adelaide Crows,BPL,1.0,150.0,4.0,6.0,1.0,0.0,3.0,0.0,88.9,8.0
2026,23,2026-08-14,Brayden,Cook,Adelaide Crows,FPL,4.0,259.0,2.0,11.0,2.0,0.0,3.0,0.0,93.3,14.0
2026,23,2026-08-14,Isaac,Cumming,Adelaide Crows,INT,1.0,202.0,6.0,13.0,3.0,0.0,3.0,0.0,33.3,3.0
2026,23,2026-08-14,Daniel,Curtin,Adelaide Crows,FPR,3.0,318.0,3.0,20.0,3.0,1.0,6.0,1.0,68.8,11.0
2026,23,2026-08-14,Jordan,Dawson,Adelaide Crows,C,5.0,439.0,3.0,26.0,4.0,6.0,9.0,0.0,59.3,16.0
2026,23,2026-08-14,Darcy,Fogarty,Adelaide Crows,FF,4.0,275.0,1.0,5.0,2.0,0.0,2.0,1.0,77.8,7.0
2026,23,2026-08-14,Hugo,Hall-Kahan,Adelaide Crows,INT,2.0,495.0,4.0,6.0,5.0,0.0,3.0,0.0,75.0,15.0
2026,23,2026-08-14,Mark,Keane,Adelaide Crows,CHB,1.0,380.0,11.0,4.0,5.0,0.0,3.0,0.0,66.7,12.0
2026,23,2026-08-14,Ben,Keays,Adelaide Crows,INT,6.0,198.0,1.0,5.0,3.0,0.0,5.0,0.0,70.0,7.0
2026,23,2026-08-14,Rory,Laird,Adelaide Crows,HBFR,4.0,195.0,7.0,7.0,3.0,0.0,4.0,0.0,77.3,17.0
2026,23,2026-08-14,Lachlan,McAndrew,Adelaide Crows,RK,8.0,251.0,3.0,13.0,3.0,3.0,6.0,0.0,42.9,6.0
2026,23,2026-08-14,Max,Michalanney,Adelaide Crows,BPR,1.0,185.0,2.0,7.0,1.0,0.0,1.0,0.0,75.0,6.0
2026,23,2026-08-14,Toby,Murray,Adelaide Crows,INT,0.0,68.0,0.0,7.0,0.0,0.0,0.0,0.0,50.0,1.0
2026,23,2026-08-14,Luke,Nankervis,Adelaide Crows,HFFL,1.0,148.0,4.0,18.0,3.0,0.0,2.0,0.0,90.0,9.0
2026,23,2026-08-14,James,Peatling,Adelaide Crows,INT,2.0,146.0,1.0,11.0,2.0,0.0,0.0,0.0,55.6,5.0
2026,23,2026-08-14,Josh,Rachele,Adelaide Crows,HFFR,6.0,159.0,1.0,12.0,4.0,0.0,4.0,0.0,77.8,7.0
2026,23,2026-08-14,Izak,Rankine,Adelaide Crows,RR,13.0,719.0,4.0,25.0,5.0,2.0,12.0,1.0,69.2,27.0
2026,23,2026-08-14,Jake,Soligo,Adelaide Crows,R,4.0,105.0,5.0,20.0,5.0,0.0,10.0,1.0,63.2,12.0
2026,23,2026-08-14,Zac,Taylor,Adelaide Crows,HBFL,6.0,253.0,1.0,12.0,3.0,0.0,4.0,1.0,64.3,9.0
2026,23,2026-08-14,Riley,Thilthorpe,Adelaide Crows,CHF,4.0,178.0,0.0,4.0,4.0,0.0,1.0,0.0,44.4,4.0
2026,23,2026-08-14,Josh,Worrell,Adelaide Crows,FB,1.0,271.0,3.0,7.0,2.0,0.0,2.0,0.0,84.6,11.0
2026,23,2026-08-15,Kye,Annand,Richmond,BPR,0.0,105.0,4.0,3.0,2.0,0.0,2.0,0.0,77.8,7.0
2026,23,2026-08-15,Harry,Armstrong,Richmond,INT,1.0,6.0,0.0,5.0,1.0,0.0,0.0,0.0,66.7,2.0
2026,23,2026-08-15,Sam,Banks,Richmond,CHB,3.0,185.0,3.0,10.0,0.0,0.0,3.0,0.0,88.2,15.0
2026,23,2026-08-15,Nathan,Broad,Richmond,BPL,1.0,354.0,3.0,5.0,3.0,0.0,3.0,0.0,81.3,13.0
2026,23,2026-08-15,Tom,Brown,Richmond,HBFR,4.0,382.0,1.0,11.0,5.0,0.0,1.0,0.0,76.9,10.0
2026,23,2026-08-15,Seth,Campbell,Richmond,HFFL,2.0,223.0,3.0,14.0,5.0,1.0,6.0,0.0,73.3,11.0
2026,23,2026-08-15,Judson,Clarke,Richmond,WR,2.0,304.0,4.0,11.0,3.0,0.0,4.0,0.0,46.7,7.0
2026,23,2026-08-15,Steely,Green,Richmond,INT,2.0,144.0,0.0,12.0,3.0,0.0,1.0,1.0,80.0,8.0
2026,23,2026-08-15,Sam,Grlj,Richmond,INT,2.0,173.0,3.0,21.0,3.0,0.0,4.0,0.0,90.9,10.0
2026,23,2026-08-15,Taj,Hotton,Richmond,R,3.0,84.0,2.0,13.0,2.0,1.0,4.0,1.0,57.1,8.0
2026,23,2026-08-15,Sam,Lalor,Richmond,FPL,2.0,213.0,1.0,18.0,1.0,1.0,2.0,1.0,55.6,5.0
2026,23,2026-08-15,Mykelti,Lefau,Richmond,FPR,3.0,277.0,1.0,16.0,3.0,0.0,1.0,0.0,80.0,8.0
2026,23,2026-08-15,Tom,Lynch,Richmond,FF,4.0,134.0,1.0,11.0,1.0,0.0,0.0,2.0,50.0,3.0
2026,23,2026-08-15,Ben,Miller,Richmond,FB,2.0,232.0,8.0,9.0,1.0,0.0,3.0,0.0,86.7,13.0
2026,23,2026-08-15,Toby,Nankervis,Richmond,RK,2.0,-24.0,3.0,9.0,2.0,2.0,3.0,0.0,65.0,13.0
2026,23,2026-08-15,Dion,Prestia,Richmond,CHF,5.0,454.0,4.0,24.0,7.0,2.0,5.0,1.0,55.6,15.0
2026,23,2026-08-15,Hugo,Ralphsmith,Richmond,HFFR,3.0,219.0,4.0,16.0,2.0,0.0,5.0,1.0,80.0,12.0
2026,23,2026-08-15,Patrick,Retschko,Richmond,WL,0.0,565.0,3.0,6.0,5.0,0.0,6.0,0.0,69.6,16.0
2026,23,2026-08-15,Jack,Ross,Richmond,RR,2.0,167.0,6.0,16.0,1.0,0.0,10.0,0.0,81.3,13.0
2026,23,2026-08-15,Jayden,Short,Richmond,INT,1.0,244.0,5.0,10.0,1.0,0.0,2.0,0.0,88.9,16.0
2026,23,2026-08-15,Tim,Taranto,Richmond,C,5.0,358.0,1.0,23.0,4.0,2.0,7.0,0.0,66.7,14.0
2026,23,2026-08-15,Luke,Trainor,Richmond,INT,0.0,165.0,3.0,9.0,5.0,0.0,1.0,0.0,71.4,10.0
2026,23,2026-08-15,Nick,Vlastuin,Richmond,HBFL,2.0,274.0,5.0,7.0,4.0,0.0,3.0,0.0,66.7,12.0
2026,23,2026-08-15,Angus,Hastie,St Kilda,HBFL,3.0,258.0,4.0,9.0,3.0,0.0,4.0,0.0,88.2,15.0
2026,23,2026-08-15,Hugh,Boxshall,St Kilda,WR,4.0,190.0,4.0,22.0,6.0,2.0,10.0,2.0,61.9,13.0
2026,23,2026-08-15,Dan,Butler,St Kilda,FPR,4.0,367.0,3.0,12.0,0.0,0.0,2.0,1.0,81.0,17.0
2026,23,2026-08-15,Ryan,Byrnes,St Kilda,HFFL,5.0,126.0,1.0,18.0,0.0,0.0,4.0,0.0,93.8,15.0
2026,23,2026-08-15,Tom,De Koning,St Kilda,RK,4.0,212.0,1.0,3.0,4.0,1.0,2.0,1.0,73.3,11.0
2026,23,2026-08-15,Hugo,Garcia,St Kilda,RR,8.0,384.0,2.0,15.0,5.0,1.0,5.0,0.0,70.0,21.0
2026,23,2026-08-15,Max,Hall,St Kilda,R,12.0,616.0,1.0,18.0,2.0,0.0,8.0,4.0,85.0,34.0
2026,23,2026-08-15,Jack,Higgins,St Kilda,CHF,6.0,184.0,1.0,12.0,4.0,0.0,5.0,3.0,53.3,8.0
2026,23,2026-08-15,Bradley,Hill,St Kilda,HFFR,10.0,710.0,3.0,6.0,10.0,0.0,2.0,0.0,82.9,34.0
2026,23,2026-08-15,Campbell,Lake,St Kilda,INT,5.0,173.0,1.0,24.0,2.0,0.0,5.0,8.0,54.5,6.0
2026,23,2026-08-15,Jack,Macrae,St Kilda,INT,5.0,288.0,5.0,20.0,5.0,4.0,18.0,5.0,75.0,24.0
2026,23,2026-08-15,Rowan,Marshall,St Kilda,FF,8.0,224.0,0.0,2.0,2.0,1.0,3.0,0.0,75.0,15.0
2026,23,2026-08-15,Liam,O'Connell,St Kilda,BPR,2.0,163.0,1.0,15.0,1.0,0.0,1.0,1.0,72.7,8.0
2026,23,2026-08-15,Mitch,Owens,St Kilda,C,10.0,242.0,1.0,2.0,2.0,0.0,5.0,0.0,64.3,9.0
2026,23,2026-08-15,Mattaes,Phillipou,St Kilda,INT,1.0,133.0,0.0,11.0,2.0,0.0,3.0,2.0,71.4,10.0
2026,23,2026-08-15,Cooper,Sharman,St Kilda,FPL,5.0,120.0,2.0,11.0,2.0,0.0,5.0,2.0,81.8,9.0
2026,23,2026-08-15,Jack,Silvagni,St Kilda,BPL,5.0,333.0,7.0,6.0,1.0,0.0,6.0,0.0,70.0,14.0
2026,23,2026-08-15,Liam,Stocker,St Kilda,HBFR,3.0,391.0,8.0,8.0,3.0,0.0,2.0,0.0,85.0,17.0
2026,23,2026-08-15,Alix,Tauru,St Kilda,INT,2.0,77.0,3.0,6.0,2.0,0.0,1.0,0.0,71.4,5.0
2026,23,2026-08-15,Tobie,Travaglia,St Kilda,INT,3.0,236.0,4.0,3.0,1.0,0.0,4.0,0.0,93.8,15.0
2026,23,2026-08-15,Callum,Wilkie,St Kilda,FB,5.0,350.0,5.0,5.0,3.0,0.0,3.0,0.0,85.7,18.0
2026,23,2026-08-15,Darcy,Wilson,St Kilda,WL,5.0,167.0,2.0,10.0,2.0,0.0,4.0,0.0,80.0,12.0
2026,23,2026-08-15,Marcus,Windhager,St Kilda,CHB,4.0,365.0,5.0,8.0,5.0,0.0,2.0,0.0,75.0,18.0
2026,23,2026-08-15,Zac,Banch,North Melbourne,INT,7.0,187.0,1.0,8.0,0.0,0.0,4.0,1.0,83.3,10.0
2026,23,2026-08-15,Tom,Blamires,North Melbourne,INT,4.0,361.0,4.0,11.0,2.0,0.0,6.0,0.0,63.2,12.0
2026,23,2026-08-15,Charlie,Comben,North Melbourne,FB,2.0,91.0,4.0,4.0,2.0,0.0,1.0,0.0,55.6,5.0
2026,23,2026-08-15,Aidan,Corr,North Melbourne,BPL,0.0,208.0,4.0,4.0,1.0,0.0,1.0,0.0,90.9,10.0
2026,23,2026-08-15,Paul,Curtis,North Melbourne,FPR,4.0,183.0,2.0,14.0,2.0,0.0,3.0,3.0,90.9,10.0
2026,23,2026-08-15,Caleb,Daniel,North Melbourne,CHB,5.0,283.0,3.0,7.0,5.0,0.0,4.0,0.0,87.5,21.0
2026,23,2026-08-15,Jack,Darling,North Melbourne,RR,6.0,103.0,0.0,1.0,1.0,0.0,0.0,0.0,60.0,6.0
2026,23,2026-08-15,Luke,Davies-Uniacke,North Melbourne,C,6.0,258.0,2.0,18.0,2.0,5.0,6.0,0.0,65.0,13.0
2026,23,2026-08-15,Wil,Dawson,North Melbourne,INT,2.0,34.0,1.0,9.0,3.0,0.0,2.0,1.0,75.0,3.0
2026,23,2026-08-15,Riley,Hardeman,North Melbourne,HBFL,2.0,289.0,2.0,9.0,2.0,0.0,1.0,0.0,73.3,11.0
2026,23,2026-08-15,Nick,Larkey,North Melbourne,FF,9.0,222.0,0.0,4.0,0.0,0.0,2.0,0.0,90.0,9.0
2026,23,2026-08-15,Griffin,Logue,North Melbourne,BPR,2.0,158.0,4.0,4.0,2.0,0.0,3.0,0.0,76.9,10.0
2026,23,2026-08-15,Colby,McKercher,North Melbourne,HBFR,2.0,332.0,2.0,13.0,2.0,0.0,1.0,0.0,89.5,17.0
2026,23,2026-08-15,Finn,O'Sullivan,North Melbourne,WL,4.0,358.0,0.0,16.0,8.0,1.0,6.0,1.0,72.0,18.0
2026,23,2026-08-15,Luke,Parker,North Melbourne,INT,2.0,364.0,6.0,6.0,5.0,0.0,7.0,0.0,75.0,15.0
2026,23,2026-08-15,Harry,Sheezel,North Melbourne,R,6.0,198.0,2.0,6.0,4.0,4.0,7.0,0.0,75.0,12.0
2026,23,2026-08-15,Jy,Simpkin,North Melbourne,HFFR,9.0,440.0,0.0,13.0,2.0,5.0,7.0,0.0,76.9,20.0
2026,23,2026-08-15,Charlie,Spargo,North Melbourne,HFFL,8.0,152.0,2.0,4.0,2.0,0.0,5.0,0.0,78.6,11.0
2026,23,2026-08-15,Dylan,Stephens,North Melbourne,WR,5.0,480.0,2.0,8.0,5.0,1.0,3.0,0.0,72.2,13.0
2026,23,2026-08-15,Cooper,Trembath,North Melbourne,CHF,5.0,76.0,0.0,14.0,0.0,0.0,2.0,1.0,81.8,9.0
2026,23,2026-08-15,George,Wardlaw,North Melbourne,INT,5.0,386.0,1.0,18.0,5.0,0.0,2.0,1.0,31.3,5.0
2026,23,2026-08-15,Tristan,Xerri,North Melbourne,RK,2.0,103.0,0.0,16.0,3.0,5.0,5.0,3.0,70.6,12.0
2026,23,2026-08-15,Cameron,Zurhaar,North Melbourne,FPL,4.0,436.0,8.0,8.0,3.0,0.0,3.0,0.0,85.0,17.0
2026,23,2026-08-15,Tom,Atkins,Geelong Cats,RR,6.0,108.0,2.0,18.0,0.0,1.0,5.0,2.0,88.2,15.0
2026,23,2026-08-15,Mark,Blicavs,Geelong Cats,WR,6.0,388.0,3.0,9.0,4.0,2.0,9.0,2.0,72.2,13.0
2026,23,2026-08-15,Tanner,Bruhn,Geelong Cats,HBFR,5.0,588.0,3.0,7.0,3.0,1.0,2.0,0.0,82.1,23.0
2026,23,2026-08-15,Jhye,Clark,Geelong Cats,INT,2.0,147.0,4.0,6.0,1.0,0.0,3.0,0.0,90.9,10.0
2026,23,2026-08-15,Brad,Close,Geelong Cats,INT,5.0,65.0,3.0,8.0,0.0,0.0,6.0,4.0,90.0,9.0
2026,23,2026-08-15,Patrick,Dangerfield,Geelong Cats,INT,7.0,102.0,1.0,4.0,1.0,0.0,3.0,0.0,66.7,6.0
2026,23,2026-08-15,Oliver,Dempsey,Geelong Cats,WL,10.0,557.0,6.0,19.0,7.0,2.0,6.0,0.0,62.5,15.0
2026,23,2026-08-15,Mitchell,Edwards,Geelong Cats,RK,4.0,160.0,1.0,12.0,1.0,0.0,2.0,0.0,40.0,4.0
2026,23,2026-08-15,Zach,Guthrie,Geelong Cats,HBFL,2.0,306.0,3.0,11.0,3.0,0.0,5.0,0.0,66.7,10.0
2026,23,2026-08-15,Jack,Henry,Geelong Cats,CHB,2.0,-2.0,3.0,2.0,0.0,0.0,1.0,0.0,100.0,6.0
2026,23,2026-08-15,Oliver,Henry,Geelong Cats,CHF,5.0,112.0,1.0,15.0,1.0,0.0,2.0,4.0,57.1,4.0
2026,23,2026-08-15,Lawson,Humphries,Geelong Cats,INT,4.0,394.0,3.0,9.0,3.0,0.0,4.0,0.0,80.0,16.0
2026,23,2026-08-15,Shaun,Mannagh,Geelong Cats,FPL,8.0,540.0,1.0,14.0,5.0,0.0,4.0,1.0,65.0,13.0
2026,23,2026-08-15,Gryan,Miers,Geelong Cats,HFFL,7.0,152.0,2.0,18.0,0.0,0.0,7.0,2.0,62.5,10.0
2026,23,2026-08-15,Oisin,Mullin,Geelong Cats,R,7.0,179.0,0.0,16.0,1.0,3.0,6.0,0.0,88.2,15.0
2026,23,2026-08-15,Shannon,Neale,Geelong Cats,FF,9.0,437.0,0.0,7.0,3.0,0.0,2.0,0.0,62.5,10.0
2026,23,2026-08-15,Mark,O'Connor,Geelong Cats,BPR,1.0,142.0,3.0,18.0,1.0,0.0,4.0,1.0,80.0,8.0
2026,23,2026-08-15,Connor,O'Sullivan,Geelong Cats,FB,3.0,189.0,6.0,13.0,1.0,0.0,2.0,0.0,90.9,10.0
2026,23,2026-08-15,Jay,Polkinghorne,Geelong Cats,FPR,5.0,167.0,0.0,4.0,3.0,0.0,3.0,1.0,71.4,5.0
2026,23,2026-08-15,Bailey,Smith,Geelong Cats,C,8.0,601.0,6.0,10.0,6.0,0.0,9.0,0.0,50.0,17.0
2026,23,2026-08-15,Tom,Stewart,Geelong Cats,BPL,2.0,334.0,8.0,4.0,1.0,0.0,2.0,0.0,100.0,19.0
2026,23,2026-08-15,Oliver,Wiltshire,Geelong Cats,HFFR,0.0,27.0,1.0,4.0,3.0,0.0,1.0,0.0,25.0,1.0
2026,23,2026-08-15,James,Worpel,Geelong Cats,INT,7.0,179.0,2.0,19.0,2.0,2.0,4.0,1.0,46.7,7.0
2026,23,2026-08-15,Oscar,Allen,Brisbane Lions,INT,4.0,111.0,0.0,3.0,1.0,0.0,1.0,1.0,80.0,4.0
2026,23,2026-08-15,Harris,Andrews,Brisbane Lions,FB,3.0,77.0,5.0,4.0,0.0,0.0,2.0,0.0,70.0,7.0
2026,23,2026-08-15,Daniel,Annable,Brisbane Lions,INT,2.0,158.0,0.0,10.0,0.0,0.0,2.0,0.0,71.4,5.0
2026,23,2026-08-15,Noah,Answerth,Brisbane Lions,BPL,3.0,176.0,4.0,7.0,1.0,0.0,4.0,0.0,90.0,9.0
2026,23,2026-08-15,Levi,Ashcroft,Brisbane Lions,C,4.0,225.0,4.0,12.0,0.0,0.0,4.0,2.0,92.3,24.0
2026,23,2026-08-15,Will,Ashcroft,Brisbane Lions,INT,7.0,487.0,3.0,10.0,5.0,1.0,8.0,1.0,71.0,22.0
2026,23,2026-08-15,Zac,Bailey,Brisbane Lions,WR,5.0,424.0,3.0,8.0,5.0,1.0,6.0,1.0,70.4,19.0
2026,23,2026-08-15,Jarrod,Berry,Brisbane Lions,WL,4.0,355.0,4.0,13.0,6.0,0.0,8.0,3.0,57.1,12.0
2026,23,2026-08-15,Charlie,Cameron,Brisbane Lions,HFFL,6.0,516.0,3.0,10.0,4.0,0.0,4.0,1.0,58.8,10.0
2026,23,2026-08-15,Sam,Draper,Brisbane Lions,RK,1.0,17.0,0.0,6.0,0.0,0.0,0.0,1.0,25.0,1.0
2026,23,2026-08-15,Josh,Dunkley,Brisbane Lions,RR,4.0,428.0,3.0,23.0,3.0,0.0,6.0,0.0,70.8,17.0
2026,23,2026-08-15,Jaspa,Fletcher,Brisbane Lions,INT,1.0,459.0,6.0,5.0,5.0,0.0,7.0,0.0,76.2,16.0
2026,23,2026-08-15,Darcy,Fort,Brisbane Lions,INT,1.0,145.0,2.0,9.0,1.0,1.0,1.0,0.0,87.5,7.0
2026,23,2026-08-15,Darcy,Gardiner,Brisbane Lions,CHB,1.0,129.0,2.0,4.0,2.0,0.0,0.0,0.0,66.7,4.0
2026,23,2026-08-15,Eric,Hipwood,Brisbane Lions,FPL,4.0,235.0,2.0,6.0,1.0,0.0,0.0,2.0,80.0,8.0
2026,23,2026-08-15,Ryan,Lester,Brisbane Lions,BPR,2.0,272.0,1.0,14.0,2.0,0.0,3.0,0.0,81.3,13.0
2026,23,2026-08-15,Kai,Lohmann,Brisbane Lions,FPR,3.0,110.0,1.0,13.0,6.0,0.0,4.0,1.0,44.4,4.0
2026,23,2026-08-15,Conor,McKenna,Brisbane Lions,HFFR,2.0,170.0,1.0,9.0,4.0,0.0,2.0,1.0,66.7,6.0
2026,23,2026-08-15,Logan,Morris,Brisbane Lions,CHF,5.0,249.0,0.0,8.0,4.0,0.0,1.0,2.0,53.8,7.0
2026,23,2026-08-15,Lachie,Neale,Brisbane Lions,R,4.0,189.0,5.0,8.0,2.0,1.0,7.0,1.0,64.7,11.0
2026,23,2026-08-15,Cam,Rayner,Brisbane Lions,FF,3.0,273.0,0.0,5.0,2.0,0.0,1.0,0.0,73.3,11.0
2026,23,2026-08-15,Darcy,Wilmot,Brisbane Lions,HBFL,1.0,434.0,8.0,9.0,4.0,1.0,6.0,0.0,95.7,22.0
2026,23,2026-08-15,Dayne,Zorko,Brisbane Lions,HBFR,5.0,578.0,3.0,19.0,1.0,1.0,0.0,1.0,76.0,19.0
2026,23,2026-08-15,Beau,Addinsall,Gold Coast SUNS,INT,5.0,139.0,2.0,6.0,1.0,0.0,3.0,0.0,72.7,8.0
2026,23,2026-08-15,Noah,Anderson,Gold Coast SUNS,C,7.0,545.0,3.0,14.0,4.0,3.0,6.0,1.0,83.3,20.0
2026,23,2026-08-15,Mac,Andrew,Gold Coast SUNS,BPL,3.0,176.0,5.0,8.0,1.0,0.0,2.0,0.0,90.9,10.0
2026,23,2026-08-15,Charlie,Ballard,Gold Coast SUNS,INT,0.0,-4.0,3.0,5.0,0.0,0.0,2.0,0.0,85.7,6.0
2026,23,2026-08-15,Sam,Clohesy,Gold Coast SUNS,WL,2.0,347.0,3.0,8.0,1.0,0.0,1.0,0.0,90.0,18.0
2026,23,2026-08-15,Sam,Collins,Gold Coast SUNS,FB,1.0,95.0,7.0,2.0,1.0,0.0,5.0,0.0,58.3,7.0
2026,23,2026-08-15,Lachlan,Gulbin,Gold Coast SUNS,INT,3.0,354.0,0.0,11.0,3.0,0.0,2.0,2.0,66.7,8.0
2026,23,2026-08-15,Bailey,Humphrey,Gold Coast SUNS,CHF,6.0,201.0,2.0,6.0,1.0,0.0,7.0,0.0,57.9,11.0
2026,23,2026-08-15,Joel,Jeffrey,Gold Coast SUNS,INT,5.0,151.0,5.0,9.0,1.0,1.0,7.0,0.0,73.3,11.0
2026,23,2026-08-15,Ben,King,Gold Coast SUNS,FPR,4.0,102.0,0.0,1.0,2.0,0.0,3.0,0.0,66.7,4.0
2026,23,2026-08-15,Leonardo,Lombard,Gold Coast SUNS,FPL,6.0,285.0,0.0,14.0,4.0,0.0,1.0,1.0,50.0,8.0
2026,23,2026-08-15,Ben,Long,Gold Coast SUNS,WR,4.0,97.0,0.0,5.0,1.0,0.0,0.0,1.0,60.0,3.0
2026,23,2026-08-15,Touk,Miller,Gold Coast SUNS,R,3.0,262.0,0.0,11.0,3.0,3.0,4.0,1.0,64.7,11.0
2026,23,2026-08-15,Ned,Moyle,Gold Coast SUNS,RK,7.0,157.0,1.0,10.0,0.0,1.0,3.0,2.0,70.0,7.0
2026,23,2026-08-15,John,Noble,Gold Coast SUNS,HBFR,2.0,432.0,3.0,10.0,4.0,0.0,2.0,1.0,81.0,17.0
2026,23,2026-08-15,Christian,Petracca,Gold Coast SUNS,HFFL,4.0,153.0,0.0,16.0,3.0,1.0,2.0,2.0,50.0,6.0
2026,23,2026-08-15,Wil,Powell,Gold Coast SUNS,CHB,0.0,318.0,5.0,10.0,2.0,0.0,5.0,0.0,70.6,12.0
2026,23,2026-08-15,Ethan,Read,Gold Coast SUNS,HFFR,0.0,185.0,3.0,10.0,5.0,0.0,2.0,0.0,42.9,6.0
2026,23,2026-08-15,Daniel,Rioli,Gold Coast SUNS,HBFL,2.0,322.0,6.0,12.0,3.0,0.0,7.0,0.0,90.0,18.0
2026,23,2026-08-15,Jake,Rogers,Gold Coast SUNS,INT,3.0,237.0,1.0,13.0,6.0,0.0,4.0,0.0,53.8,7.0
2026,23,2026-08-15,Matt,Rowell,Gold Coast SUNS,RR,6.0,423.0,4.0,19.0,8.0,6.0,13.0,1.0,60.7,17.0
2026,23,2026-08-15,Bodhi,Uwland,Gold Coast SUNS,BPR,4.0,430.0,7.0,9.0,5.0,0.0,1.0,0.0,95.5,21.0
2026,23,2026-08-15,Jed,Walter,Gold Coast SUNS,FF,3.0,107.0,0.0,12.0,1.0,0.0,1.0,0.0,83.3,5.0
2026,23,2026-08-15,Karl,Amon,Hawthorn,CHB,5.0,415.0,5.0,12.0,1.0,0.0,3.0,0.0,94.4,17.0
2026,23,2026-08-15,Tom,Barrass,Hawthorn,FB,0.0,188.0,4.0,13.0,1.0,0.0,1.0,0.0,87.5,7.0
2026,23,2026-08-15,Josh,Battle,Hawthorn,HBFR,3.0,362.0,6.0,15.0,3.0,0.0,3.0,0.0,85.0,17.0
2026,23,2026-08-15,Max,Beattie,Hawthorn,INT,5.0,126.0,1.0,7.0,0.0,0.0,1.0,0.0,70.0,7.0
2026,23,2026-08-15,Mabior,Chol,Hawthorn,CHF,2.0,214.0,1.0,11.0,3.0,1.0,2.0,1.0,54.5,6.0
2026,23,2026-08-15,Massimo,D'Ambrosio,Hawthorn,WR,4.0,331.0,2.0,13.0,4.0,0.0,4.0,0.0,73.3,11.0
2026,23,2026-08-15,Will,Day,Hawthorn,C,4.0,318.0,6.0,21.0,5.0,1.0,7.0,0.0,68.8,11.0
2026,23,2026-08-15,Jack,Ginnivan,Hawthorn,HFFR,4.0,340.0,1.0,14.0,3.0,0.0,3.0,0.0,76.9,10.0
2026,23,2026-08-15,Jack,Gunston,Hawthorn,FPR,6.0,267.0,0.0,5.0,4.0,0.0,1.0,0.0,33.3,4.0
2026,23,2026-08-15,Blake,Hardwick,Hawthorn,BPR,1.0,394.0,2.0,10.0,2.0,0.0,1.0,0.0,76.9,10.0
2026,23,2026-08-15,Jarman,Impey,Hawthorn,HBFL,8.0,378.0,5.0,11.0,1.0,0.0,6.0,0.0,76.0,19.0
2026,23,2026-08-15,Mitch,Lewis,Hawthorn,FF,10.0,362.0,2.0,5.0,0.0,0.0,2.0,0.0,80.0,12.0
2026,23,2026-08-15,Bailey,Macdonald,Hawthorn,INT,2.0,304.0,4.0,9.0,0.0,0.0,3.0,0.0,84.6,11.0
2026,23,2026-08-15,Connor,Macdonald,Hawthorn,INT,6.0,122.0,0.0,13.0,1.0,0.0,1.0,0.0,87.5,7.0
2026,23,2026-08-15,Cam,Mackenzie,Hawthorn,INT,5.0,215.0,1.0,27.0,2.0,0.0,7.0,0.0,72.2,13.0
2026,23,2026-08-15,Lloyd,Meek,Hawthorn,RK,4.0,49.0,2.0,12.0,4.0,1.0,3.0,0.0,54.5,6.0
2026,23,2026-08-15,Dylan,Moore,Hawthorn,HFFL,13.0,282.0,0.0,13.0,2.0,0.0,2.0,1.0,68.4,13.0
2026,23,2026-08-15,Harry,Morrison,Hawthorn,WL,4.0,330.0,3.0,14.0,2.0,1.0,8.0,0.0,90.0,18.0
2026,23,2026-08-15,Jai,Newcombe,Hawthorn,RR,9.0,298.0,4.0,25.0,4.0,3.0,10.0,0.0,62.5,15.0
2026,23,2026-08-15,James,Sicily,Hawthorn,BPL,5.0,195.0,8.0,11.0,3.0,0.0,6.0,0.0,73.7,14.0
2026,23,2026-08-15,Josh,Ward,Hawthorn,R,9.0,210.0,4.0,21.0,3.0,5.0,9.0,1.0,80.0,16.0
2026,23,2026-08-15,Nick,Watson,Hawthorn,FPL,7.0,350.0,2.0,13.0,5.0,0.0,6.0,0.0,65.0,13.0
2026,23,2026-08-15,Josh,Weddle,Hawthorn,INT,3.0,173.0,3.0,3.0,4.0,0.0,1.0,0.0,63.6,7.0
2026,23,2026-08-15,Edward,Allan,Collingwood,RR,7.0,323.0,4.0,21.0,2.0,0.0,8.0,0.0,78.6,22.0
2026,23,2026-08-15,Angus,Anderson,Collingwood,INT,5.0,87.0,0.0,13.0,3.0,0.0,5.0,1.0,75.0,9.0
2026,23,2026-08-15,Darcy,Cameron,Collingwood,RK,6.0,53.0,2.0,13.0,1.0,3.0,9.0,3.0,75.0,12.0
2026,23,2026-08-15,Jack,Crisp,Collingwood,WR,2.0,414.0,1.0,14.0,3.0,0.0,0.0,1.0,66.7,8.0
2026,23,2026-08-15,Josh,Daicos,Collingwood,CHB,7.0,592.0,6.0,10.0,2.0,0.0,6.0,0.0,80.0,24.0
2026,23,2026-08-15,Nick,Daicos,Collingwood,R,9.0,542.0,3.0,10.0,8.0,1.0,6.0,0.0,75.0,27.0
2026,23,2026-08-15,Jordan,De Goey,Collingwood,C,4.0,199.0,3.0,7.0,3.0,0.0,7.0,0.0,56.5,13.0
2026,23,2026-08-15,Billy,Frampton,Collingwood,BPL,3.0,148.0,3.0,4.0,1.0,0.0,2.0,0.0,87.5,7.0
2026,23,2026-08-15,Harvey,Harrison,Collingwood,INT,4.0,398.0,1.0,15.0,7.0,1.0,3.0,0.0,60.0,9.0
2026,23,2026-08-15,William,Hayes,Collingwood,HFFL,2.0,65.0,1.0,7.0,0.0,0.0,3.0,0.0,83.3,5.0
2026,23,2026-08-15,Dan,Houston,Collingwood,HBFL,5.0,642.0,2.0,17.0,5.0,0.0,1.0,0.0,61.9,13.0
2026,23,2026-08-15,Noah,Howes,Collingwood,BPR,4.0,153.0,5.0,4.0,1.0,0.0,3.0,0.0,90.9,10.0
2026,23,2026-08-15,Ned,Long,Collingwood,INT,8.0,198.0,1.0,12.0,5.0,3.0,8.0,0.0,52.9,9.0
2026,23,2026-08-15,Beau,McCreery,Collingwood,HFFR,10.0,520.0,3.0,29.0,3.0,2.0,8.0,4.0,68.2,15.0
2026,23,2026-08-15,Daniel,McStay,Collingwood,FPL,4.0,221.0,2.0,7.0,3.0,1.0,5.0,0.0,62.5,10.0
2026,23,2026-08-15,Tim,Membrey,Collingwood,FPR,6.0,75.0,0.0,3.0,1.0,0.0,3.0,1.0,66.7,6.0
2026,23,2026-08-15,Scott,Pendlebury,Collingwood,CHF,5.0,137.0,2.0,16.0,3.0,0.0,6.0,2.0,70.0,14.0
2026,23,2026-08-15,Liam,Puncher,Collingwood,FB,1.0,35.0,1.0,8.0,0.0,0.0,0.0,0.0,100.0,2.0
2026,23,2026-08-15,Isaac,Quaynor,Collingwood,HBFR,1.0,147.0,4.0,10.0,3.0,0.0,3.0,0.0,63.6,7.0
2026,23,2026-08-15,Lachie,Schultz,Collingwood,FF,6.0,268.0,1.0,27.0,3.0,0.0,2.0,5.0,80.0,12.0
2026,23,2026-08-15,Roan,Steele,Collingwood,WL,8.0,298.0,5.0,15.0,3.0,0.0,3.0,2.0,64.7,11.0
2026,23,2026-08-15,Sam,Swadling,Collingwood,INT,6.0,660.0,7.0,6.0,5.0,0.0,6.0,0.0,82.8,24.0
2026,23,2026-08-15,Charlie,West,Collingwood,INT,6.0,124.0,0.0,6.0,1.0,0.0,2.0,1.0,75.0,6.0
2026,23,2026-08-15,Aliir,Aliir,Port Adelaide,CHB,0.0,110.0,6.0,2.0,1.0,0.0,1.0,0.0,100.0,7.0
2026,23,2026-08-15,Tom,Anastasopoulos,Port Adelaide,INT,1.0,143.0,1.0,19.0,3.0,0.0,1.0,2.0,66.7,4.0
2026,23,2026-08-15,Xavier,Bamert,Port Adelaide,HFFL,2.0,166.0,2.0,12.0,2.0,0.0,5.0,0.0,57.1,8.0
2026,23,2026-08-15,Miles,Bergman,Port Adelaide,BPR,6.0,551.0,6.0,8.0,5.0,1.0,8.0,0.0,77.8,21.0
2026,23,2026-08-15,Joe,Berry,Port Adelaide,WR,1.0,287.0,1.0,15.0,4.0,0.0,3.0,0.0,44.4,4.0
2026,23,2026-08-15,Jase,Burgoyne,Port Adelaide,INT,3.0,441.0,5.0,16.0,8.0,0.0,2.0,0.0,74.1,20.0
2026,23,2026-08-15,Willem,Drew,Port Adelaide,R,5.0,247.0,2.0,18.0,7.0,1.0,5.0,0.0,50.0,10.0
2026,23,2026-08-15,Corey,Durdin,Port Adelaide,FPL,3.0,154.0,0.0,4.0,2.0,1.0,7.0,0.0,62.5,5.0
2026,23,2026-08-15,Mitch,Georgiades,Port Adelaide,FF,5.0,372.0,0.0,4.0,6.0,0.0,5.0,1.0,53.3,8.0
2026,23,2026-08-15,Jason,Horne-Francis,Port Adelaide,C,6.0,494.0,0.0,11.0,5.0,4.0,6.0,0.0,65.2,15.0
2026,23,2026-08-15,Lachie,Jones,Port Adelaide,HBFR,1.0,255.0,4.0,6.0,3.0,0.0,3.0,0.0,83.3,10.0
2026,23,2026-08-15,Josh,Lai,Port Adelaide,BPL,2.0,222.0,7.0,10.0,2.0,0.0,4.0,0.0,83.3,10.0
2026,23,2026-08-15,Todd,Marshall,Port Adelaide,CHF,5.0,245.0,0.0,8.0,1.0,0.0,0.0,1.0,92.3,12.0
2026,23,2026-08-15,Balyn,O'Brien,Port Adelaide,HBFL,1.0,196.0,3.0,8.0,3.0,1.0,3.0,0.0,80.0,12.0
2026,23,2026-08-15,Harrison,Ramm,Port Adelaide,INT,1.0,54.0,3.0,9.0,2.0,0.0,4.0,0.0,100.0,9.0
2026,23,2026-08-15,Joe,Richards,Port Adelaide,RR,7.0,480.0,3.0,12.0,7.0,7.0,8.0,0.0,82.8,24.0
2026,23,2026-08-15,Jordon,Sweet,Port Adelaide,RK,7.0,485.0,3.0,11.0,4.0,3.0,1.0,0.0,66.7,12.0
2026,23,2026-08-15,Alex,Van Wyk,Port Adelaide,INT,1.0,61.0,1.0,4.0,1.0,0.0,2.0,0.0,62.5,5.0
2026,23,2026-08-15,Dante,Visentini,Port Adelaide,FB,0.0,126.0,3.0,12.0,1.0,0.0,0.0,0.0,77.8,7.0
2026,23,2026-08-15,Jacob,Wehr,Port Adelaide,WL,0.0,322.0,3.0,15.0,8.0,0.0,5.0,0.0,56.3,9.0
2026,23,2026-08-15,Jack,Whitlock,Port Adelaide,FPR,1.0,71.0,0.0,7.0,4.0,0.0,1.0,0.0,50.0,3.0
2026,23,2026-08-15,Ollie,Wines,Port Adelaide,INT,4.0,350.0,3.0,15.0,3.0,2.0,9.0,0.0,67.7,21.0
2026,23,2026-08-15,Mitch,Zadow,Port Adelaide,HFFR,2.0,89.0,0.0,15.0,2.0,0.0,1.0,0.0,50.0,2.0
2026,23,2026-08-15,Jake,Bowey,Melbourne,BPL,5.0,429.0,7.0,10.0,2.0,0.0,5.0,0.0,84.2,16.0
2026,23,2026-08-15,Kade,Chandler,Melbourne,FPR,8.0,292.0,0.0,13.0,4.0,0.0,5.0,4.0,72.2,13.0
2026,23,2026-08-15,Joel,Fitzgerald,Melbourne,INT,5.0,243.0,2.0,17.0,1.0,0.0,7.0,2.0,72.2,13.0
2026,23,2026-08-15,Bayley,Fritsch,Melbourne,CHF,11.0,293.0,1.0,2.0,2.0,0.0,5.0,0.0,60.0,9.0
2026,23,2026-08-15,Max,Gawn,Melbourne,RK,5.0,282.0,5.0,8.0,3.0,3.0,6.0,0.0,60.0,15.0
2026,23,2026-08-15,Matthew,Jefferson,Melbourne,INT,6.0,254.0,0.0,5.0,1.0,0.0,2.0,0.0,100.0,10.0
2026,23,2026-08-15,Changkuoth,Jiath,Melbourne,INT,4.0,340.0,6.0,3.0,3.0,0.0,4.0,0.0,87.5,14.0
2026,23,2026-08-15,Ed,Langdon,Melbourne,HFFR,9.0,251.0,3.0,2.0,2.0,0.0,4.0,0.0,81.0,17.0
2026,23,2026-08-15,Harvey,Langford,Melbourne,WR,3.0,288.0,1.0,7.0,3.0,0.0,4.0,0.0,66.7,10.0
2026,23,2026-08-15,Bailey,Laurie,Melbourne,INT,11.0,316.0,1.0,8.0,1.0,0.0,7.0,1.0,55.0,11.0
2026,23,2026-08-15,Jake,Lever,Melbourne,FB,7.0,240.0,9.0,3.0,1.0,0.0,4.0,0.0,90.0,18.0
2026,23,2026-08-15,Tom,McDonald,Melbourne,CHB,4.0,168.0,4.0,8.0,0.0,0.0,1.0,0.0,100.0,9.0
2026,23,2026-08-15,Harrison,Petty,Melbourne,HBFR,8.0,257.0,1.0,8.0,2.0,0.0,4.0,0.0,53.8,7.0
2026,23,2026-08-15,Kysaiah,Pickett,Melbourne,HFFL,6.0,417.0,2.0,17.0,3.0,1.0,7.0,0.0,58.3,14.0
2026,23,2026-08-15,Trent,Rivers,Melbourne,HBFL,6.0,367.0,4.0,6.0,4.0,0.0,4.0,0.0,71.4,15.0
2026,23,2026-08-15,Christian,Salem,Melbourne,INT,4.0,193.0,4.0,10.0,3.0,2.0,5.0,1.0,60.0,9.0
2026,23,2026-08-15,Harry,Sharp,Melbourne,WL,7.0,207.0,2.0,8.0,2.0,0.0,4.0,1.0,80.0,12.0
2026,23,2026-08-15,Tom,Sparrow,Melbourne,C,4.0,241.0,4.0,21.0,1.0,2.0,6.0,1.0,62.5,10.0
2026,23,2026-08-15,Jack,Steele,Melbourne,RR,6.0,315.0,3.0,21.0,7.0,1.0,3.0,2.0,74.1,20.0
2026,23,2026-08-15,Koltyn,Tholstrup,Melbourne,FPL,8.0,345.0,13.0,3.0,3.0,0.0,4.0,0.0,85.7,18.0
2026,23,2026-08-15,Daniel,Turner,Melbourne,BPR,3.0,463.0,11.0,4.0,3.0,0.0,6.0,0.0,73.7,14.0
2026,23,2026-08-15,Jacob,van Rooyen,Melbourne,FF,4.0,273.0,0.0,11.0,2.0,1.0,5.0,2.0,61.5,8.0
2026,23,2026-08-15,Caleb,Windsor,Melbourne,R,6.0,403.0,1.0,13.0,3.0,0.0,1.0,1.0,71.4,10.0
2026,23,2026-08-16,Cody,Angove,GWS GIANTS,INT,5.0,357.0,0.0,5.0,2.0,0.0,1.0,0.0,72.7,8.0
2026,23,2026-08-16,Ryan,Angwin,GWS GIANTS,WL,2.0,225.0,4.0,14.0,2.0,0.0,5.0,0.0,76.9,10.0
2026,23,2026-08-16,Lachie,Ash,GWS GIANTS,HBFR,11.0,867.0,8.0,4.0,8.0,0.0,5.0,0.0,88.9,32.0
2026,23,2026-08-16,Kieren,Briggs,GWS GIANTS,INT,7.0,262.0,0.0,12.0,4.0,2.0,2.0,0.0,60.0,6.0
2026,23,2026-08-16,Callum,Brown,GWS GIANTS,FPR,7.0,238.0,1.0,11.0,2.0,0.0,3.0,1.0,66.7,8.0
2026,23,2026-08-16,Aaron,Cadman,GWS GIANTS,FF,7.0,285.0,0.0,16.0,3.0,0.0,2.0,2.0,72.7,8.0
2026,23,2026-08-16,Stephen,Coniglio,GWS GIANTS,HFFR,10.0,434.0,2.0,13.0,4.0,1.0,6.0,1.0,59.1,13.0
2026,23,2026-08-16,Josaia,Delana,GWS GIANTS,HFFL,5.0,239.0,2.0,7.0,2.0,0.0,3.0,0.0,76.9,10.0
2026,23,2026-08-16,Joe,Fonti,GWS GIANTS,BPL,4.0,337.0,5.0,7.0,2.0,0.0,1.0,0.0,82.4,14.0
2026,23,2026-08-16,Toby,Greene,GWS GIANTS,RR,7.0,503.0,0.0,21.0,3.0,0.0,1.0,2.0,50.0,8.0
2026,23,2026-08-16,Max,Gruzewski,GWS GIANTS,CHF,6.0,220.0,0.0,5.0,2.0,0.0,3.0,0.0,75.0,9.0
2026,23,2026-08-16,Riley,Hamilton,GWS GIANTS,INT,3.0,128.0,1.0,5.0,0.0,0.0,1.0,1.0,87.5,7.0
2026,23,2026-08-16,Harry,Himmelberg,GWS GIANTS,CHB,6.0,257.0,7.0,7.0,3.0,0.0,5.0,0.0,84.2,16.0
2026,23,2026-08-16,Connor,Idun,GWS GIANTS,BPR,9.0,281.0,8.0,7.0,0.0,0.0,6.0,0.0,95.8,23.0
2026,23,2026-08-16,Nicholas,Madden,GWS GIANTS,RK,4.0,110.0,2.0,14.0,0.0,0.0,5.0,1.0,50.0,5.0
2026,23,2026-08-16,Toby,McMullin,GWS GIANTS,INT,6.0,271.0,1.0,8.0,1.0,0.0,3.0,0.0,85.7,12.0
2026,23,2026-08-16,Clayton,Oliver,GWS GIANTS,C,8.0,289.0,4.0,10.0,0.0,3.0,14.0,1.0,75.9,22.0
2026,23,2026-08-16,Harry,Rowston,GWS GIANTS,R,4.0,233.0,1.0,17.0,1.0,1.0,3.0,0.0,73.3,11.0
2026,23,2026-08-16,Conor,Stone,GWS GIANTS,INT,9.0,244.0,0.0,18.0,2.0,1.0,1.0,0.0,73.3,11.0
2026,23,2026-08-16,Jake,Stringer,GWS GIANTS,FPL,5.0,188.0,0.0,9.0,2.0,0.0,2.0,1.0,42.9,3.0
2026,23,2026-08-16,Sam,Taylor,GWS GIANTS,FB,5.0,19.0,5.0,9.0,1.0,0.0,1.0,0.0,91.7,11.0
2026,23,2026-08-16,Harvey,Thomas,GWS GIANTS,WR,5.0,450.0,1.0,12.0,3.0,0.0,2.0,0.0,80.0,16.0
2026,23,2026-08-16,Lachie,Whitfield,GWS GIANTS,HBFL,9.0,631.0,4.0,10.0,4.0,0.0,5.0,0.0,78.8,26.0
2026,23,2026-08-16,Liam,Baker,West Coast Eagles,HBFL,5.0,172.0,0.0,20.0,1.0,0.0,4.0,0.0,66.7,8.0
2026,23,2026-08-16,Rhett,Bazzo,West Coast Eagles,FB,2.0,171.0,7.0,8.0,2.0,0.0,4.0,0.0,92.3,12.0
2026,23,2026-08-16,Tom,Cole,West Coast Eagles,HFFL,7.0,288.0,3.0,9.0,1.0,0.0,2.0,0.0,86.7,13.0
2026,23,2026-08-16,Hamish,Davis,West Coast Eagles,INT,1.0,165.0,0.0,13.0,2.0,0.0,1.0,0.0,66.7,4.0
2026,23,2026-08-16,Cooper,Duff-Tytler,West Coast Eagles,FPR,3.0,161.0,1.0,10.0,4.0,0.0,1.0,1.0,50.0,4.0
2026,23,2026-08-16,Liam,Duggan,West Coast Eagles,WR,2.0,348.0,2.0,11.0,5.0,0.0,3.0,0.0,46.2,6.0
2026,23,2026-08-16,Willem,Duursma,West Coast Eagles,WL,0.0,71.0,1.0,16.0,1.0,0.0,2.0,1.0,66.7,4.0
2026,23,2026-08-16,Jack,Graham,West Coast Eagles,HFFR,6.0,132.0,5.0,25.0,1.0,1.0,8.0,1.0,69.2,18.0
2026,23,2026-08-16,Tom,Gross,West Coast Eagles,INT,2.0,127.0,1.0,16.0,3.0,0.0,4.0,0.0,77.8,7.0
2026,23,2026-08-16,Marcus,Herbert,West Coast Eagles,HBFR,1.0,250.0,2.0,9.0,0.0,0.0,1.0,0.0,85.7,12.0
2026,23,2026-08-16,Brady,Hough,West Coast Eagles,BPR,4.0,122.0,1.0,9.0,1.0,0.0,1.0,0.0,87.5,7.0
2026,23,2026-08-16,Tim,Kelly,West Coast Eagles,R,6.0,406.0,6.0,16.0,3.0,5.0,11.0,0.0,78.6,22.0
2026,23,2026-08-16,Josh,Lindsay,West Coast Eagles,INT,1.0,355.0,2.0,7.0,3.0,0.0,1.0,0.0,83.3,10.0
2026,23,2026-08-16,Tom,McCarthy,West Coast Eagles,INT,6.0,554.0,4.0,11.0,1.0,0.0,2.0,0.0,81.8,18.0
2026,23,2026-08-16,Milan,Murdock,West Coast Eagles,FPL,7.0,189.0,1.0,12.0,1.0,0.0,3.0,0.0,92.3,12.0
2026,23,2026-08-16,Harley,Reid,West Coast Eagles,RR,2.0,526.0,2.0,17.0,8.0,3.0,9.0,2.0,64.0,16.0
2026,23,2026-08-16,Jobe,Shanahan,West Coast Eagles,CHF,1.0,30.0,1.0,12.0,4.0,0.0,2.0,1.0,62.5,5.0
2026,23,2026-08-16,Brandon,Starcevich,West Coast Eagles,BPL,5.0,405.0,4.0,8.0,1.0,0.0,4.0,0.0,84.6,11.0
2026,23,2026-08-16,Jake,Waterman,West Coast Eagles,FF,8.0,296.0,1.0,4.0,2.0,0.0,2.0,0.0,69.2,9.0
2026,23,2026-08-16,Bailey J.,Williams,West Coast Eagles,RK,2.0,343.0,1.0,10.0,3.0,2.0,5.0,0.0,81.8,9.0
2026,23,2026-08-16,Jack,Williams,West Coast Eagles,INT,3.0,182.0,0.0,5.0,1.0,0.0,0.0,0.0,70.0,7.0
2026,23,2026-08-16,Elliot,Yeo,West Coast Eagles,C,6.0,378.0,1.0,13.0,3.0,2.0,5.0,0.0,72.2,13.0
2026,23,2026-08-16,Tylar,Young,West Coast Eagles,CHB,0.0,412.0,5.0,2.0,5.0,0.0,3.0,0.0,100.0,18.0
2026,23,2026-08-16,Lachlan,Bramble,Western Bulldogs,HBFL,2.0,380.0,4.0,11.0,5.0,0.0,3.0,0.0,63.2,12.0
2026,23,2026-08-16,Lachlan,Carmichael,Western Bulldogs,BPR,0.0,135.0,2.0,4.0,2.0,0.0,0.0,0.0,66.7,4.0
2026,23,2026-08-16,Jordan,Croft,Western Bulldogs,INT,2.0,175.0,1.0,10.0,2.0,0.0,0.0,1.0,25.0,1.0
2026,23,2026-08-16,Sam,Davidson,Western Bulldogs,WL,5.0,196.0,3.0,21.0,4.0,0.0,4.0,1.0,89.5,17.0
2026,23,2026-08-16,Josh,Dolan,Western Bulldogs,INT,7.0,231.0,2.0,21.0,0.0,0.0,2.0,2.0,66.7,6.0
2026,23,2026-08-16,Louis,Emmett,Western Bulldogs,INT,0.0,38.0,0.0,14.0,1.0,1.0,1.0,1.0,0.0,0.0
2026,23,2026-08-16,Joel,Freijah,Western Bulldogs,C,7.0,245.0,1.0,21.0,1.0,1.0,4.0,1.0,75.0,15.0
2026,23,2026-08-16,Cooper,Hynes,Western Bulldogs,WR,3.0,407.0,4.0,14.0,6.0,0.0,6.0,0.0,63.6,14.0
2026,23,2026-08-16,Lachie,Jaques,Western Bulldogs,INT,2.0,139.0,3.0,9.0,2.0,0.0,2.0,1.0,44.4,4.0
2026,23,2026-08-16,Arthur,Jones,Western Bulldogs,HFFR,6.0,248.0,4.0,27.0,4.0,0.0,3.0,1.0,46.2,6.0
2026,23,2026-08-16,Luke,Kennedy,Western Bulldogs,FPL,2.0,150.0,1.0,23.0,5.0,0.0,6.0,0.0,25.0,2.0
2026,23,2026-08-16,Matthew,Kennedy,Western Bulldogs,CHF,6.0,314.0,6.0,24.0,5.0,1.0,14.0,1.0,66.7,18.0
2026,23,2026-08-16,Buku,Khamis,Western Bulldogs,FB,4.0,209.0,8.0,8.0,4.0,0.0,2.0,1.0,78.6,11.0
2026,23,2026-08-16,Tom,Liberatore,Western Bulldogs,INT,3.0,416.0,1.0,27.0,6.0,5.0,16.0,2.0,72.7,24.0
2026,23,2026-08-16,Rory,Lobb,Western Bulldogs,RK,3.0,138.0,5.0,10.0,3.0,1.0,3.0,0.0,40.0,4.0
2026,23,2026-08-16,Aaron,Naughton,Western Bulldogs,FF,7.0,142.0,1.0,12.0,2.0,0.0,2.0,0.0,57.1,8.0
2026,23,2026-08-16,James,O'Donnell,Western Bulldogs,CHB,1.0,141.0,1.0,4.0,1.0,0.0,0.0,0.0,71.4,5.0
2026,23,2026-08-16,Ed,Richards,Western Bulldogs,R,11.0,644.0,7.0,22.0,4.0,3.0,10.0,0.0,87.1,27.0
2026,23,2026-08-16,Ryley,Sanders,Western Bulldogs,RR,4.0,267.0,2.0,11.0,3.0,0.0,4.0,1.0,82.4,14.0
2026,23,2026-08-16,Michael,Sellwood,Western Bulldogs,BPL,1.0,434.0,8.0,8.0,6.0,0.0,3.0,0.0,80.0,12.0
2026,23,2026-08-16,Cody,Weightman,Western Bulldogs,HFFL,4.0,81.0,4.0,15.0,4.0,0.0,6.0,3.0,57.1,8.0
2026,23,2026-08-16,Rhylee,West,Western Bulldogs,FPR,4.0,84.0,3.0,11.0,1.0,1.0,6.0,0.0,100.0,10.0
2026,23,2026-08-16,Bailey,Williams,Western Bulldogs,HBFR,2.0,423.0,4.0,5.0,4.0,0.0,3.0,0.0,81.8,18.0
2026,23,2026-08-16,Blake,Acres,Carlton,FPL,7.0,615.0,6.0,12.0,5.0,0.0,8.0,0.0,71.9,23.0
2026,23,2026-08-16,Ben,Ainsworth,Carlton,HFFR,4.0,98.0,0.0,13.0,1.0,0.0,1.0,0.0,73.7,14.0
2026,23,2026-08-16,Talor,Byrne,Carlton,HFFL,4.0,173.0,2.0,17.0,3.0,0.0,1.0,1.0,66.7,6.0
2026,23,2026-08-16,Adam,Cerra,Carlton,WR,3.0,274.0,2.0,17.0,5.0,1.0,4.0,0.0,79.2,19.0
2026,23,2026-08-16,Matthew,Cottrell,Carlton,INT,5.0,179.0,3.0,12.0,1.0,0.0,4.0,0.0,88.2,15.0
2026,23,2026-08-16,Lachlan,Cowan,Carlton,BPL,1.0,116.0,5.0,12.0,4.0,0.0,3.0,0.0,71.4,10.0
2026,23,2026-08-16,Patrick,Cripps,Carlton,C,6.0,411.0,1.0,26.0,5.0,2.0,7.0,1.0,73.5,25.0
2026,23,2026-08-16,Harry,Dean,Carlton,CHB,1.0,214.0,8.0,14.0,4.0,0.0,4.0,0.0,64.7,11.0
2026,23,2026-08-16,Wade,Derksen,Carlton,INT,3.0,98.0,2.0,6.0,1.0,0.0,3.0,2.0,77.8,7.0
2026,23,2026-08-16,Francis,Evans,Carlton,FPR,5.0,258.0,1.0,14.0,3.0,0.0,5.0,0.0,60.0,9.0
2026,23,2026-08-16,Oliver,Florent,Carlton,HBFR,5.0,447.0,11.0,10.0,4.0,0.0,5.0,0.0,92.9,26.0
2026,23,2026-08-16,Nick,Haynes,Carlton,INT,2.0,450.0,12.0,5.0,8.0,0.0,6.0,0.0,76.9,20.0
2026,23,2026-08-16,Will,Hayward,Carlton,WL,4.0,233.0,2.0,5.0,3.0,0.0,0.0,0.0,78.6,11.0
2026,23,2026-08-16,George,Hewett,Carlton,INT,5.0,111.0,2.0,23.0,4.0,1.0,7.0,1.0,83.3,25.0
2026,23,2026-08-16,Brodie,Kemp,Carlton,FF,3.0,91.0,2.0,12.0,2.0,0.0,3.0,1.0,85.7,6.0
2026,23,2026-08-16,Cooper,Lord,Carlton,INT,3.0,333.0,3.0,17.0,2.0,0.0,1.0,0.0,82.4,14.0
2026,23,2026-08-16,Mitch,McGovern,Carlton,HBFL,5.0,222.0,0.0,13.0,4.0,0.0,2.0,1.0,63.6,7.0
2026,23,2026-08-16,Harry,McKay,Carlton,CHF,4.0,200.0,1.0,9.0,4.0,2.0,2.0,1.0,58.8,10.0
2026,23,2026-08-16,Marc,Pittonet,Carlton,RK,5.0,159.0,0.0,6.0,1.0,5.0,3.0,0.0,86.7,13.0
2026,23,2026-08-16,Jagga,Smith,Carlton,RR,6.0,381.0,3.0,19.0,4.0,1.0,5.0,0.0,68.0,17.0
2026,23,2026-08-16,Sam,Walsh,Carlton,R,5.0,318.0,0.0,21.0,4.0,1.0,8.0,0.0,75.8,25.0
2026,23,2026-08-16,Jacob,Weitering,Carlton,FB,2.0,172.0,5.0,4.0,2.0,0.0,1.0,0.0,87.5,14.0
2026,23,2026-08-16,Billy,Wilson,Carlton,BPR,2.0,336.0,4.0,16.0,1.0,0.0,4.0,0.0,92.6,25.0
2026,23,2026-08-16,Jaxon,Artemis,Essendon,HBFR,2.0,37.0,2.0,20.0,0.0,0.0,3.0,0.0,66.7,6.0
2026,23,2026-08-16,Nick,Bryan,Essendon,INT,3.0,206.0,2.0,9.0,2.0,3.0,5.0,0.0,63.2,12.0
2026,23,2026-08-16,Nate,Caddy,Essendon,CHF,4.0,275.0,0.0,7.0,6.0,0.0,3.0,0.0,54.5,6.0
2026,23,2026-08-16,Jye,Caldwell,Essendon,INT,6.0,301.0,3.0,12.0,3.0,1.0,7.0,0.0,57.1,16.0
2026,23,2026-08-16,Angus,Clarke,Essendon,WR,2.0,134.0,3.0,18.0,3.0,0.0,4.0,1.0,62.5,5.0
2026,23,2026-08-16,Archer,Day-Wicks,Essendon,HFFR,3.0,169.0,1.0,15.0,3.0,0.0,1.0,3.0,60.0,6.0
2026,23,2026-08-16,Jacob,Farrow,Essendon,HFFL,2.0,294.0,1.0,14.0,2.0,0.0,3.0,0.0,73.3,11.0
2026,23,2026-08-16,Harrison,Jones,Essendon,INT,2.0,54.0,4.0,5.0,0.0,0.0,2.0,0.0,87.5,7.0
2026,23,2026-08-16,Isaac,Kako,Essendon,INT,6.0,113.0,6.0,18.0,4.0,0.0,8.0,0.0,55.6,10.0
2026,23,2026-08-16,Max,Kondogiannis,Essendon,INT,3.0,176.0,4.0,18.0,3.0,1.0,5.0,2.0,100.0,11.0
2026,23,2026-08-16,Kyle,Langford,Essendon,FPR,2.0,117.0,8.0,5.0,1.0,0.0,3.0,0.0,76.9,10.0
2026,23,2026-08-16,Andrew,McGrath,Essendon,BPL,4.0,268.0,7.0,9.0,2.0,0.0,6.0,0.0,84.2,16.0
2026,23,2026-08-16,Zach,Merrett,Essendon,RR,4.0,283.0,1.0,9.0,3.0,2.0,7.0,0.0,75.0,18.0
2026,23,2026-08-16,Archie,Perkins,Essendon,WL,3.0,158.0,0.0,14.0,3.0,0.0,1.0,0.0,77.8,7.0
2026,23,2026-08-16,Jaxon,Prior,Essendon,HBFL,6.0,377.0,3.0,19.0,4.0,0.0,2.0,0.0,87.5,14.0
2026,23,2026-08-16,Mason,Redman,Essendon,BPR,3.0,406.0,6.0,8.0,2.0,0.0,3.0,0.0,75.0,15.0
2026,23,2026-08-16,Zach,Reid,Essendon,FB,3.0,371.0,6.0,5.0,5.0,0.0,3.0,0.0,85.0,17.0
2026,23,2026-08-16,Archie,Roberts,Essendon,CHB,2.0,523.0,5.0,9.0,4.0,0.0,4.0,0.0,82.1,23.0
2026,23,2026-08-16,Will,Setterfield,Essendon,C,10.0,663.0,2.0,19.0,4.0,4.0,8.0,0.0,65.6,21.0
2026,23,2026-08-16,Dyson,Sharp,Essendon,R,4.0,215.0,1.0,21.0,4.0,0.0,6.0,2.0,68.2,15.0
2026,23,2026-08-16,Rhys,Unwin,Essendon,FPL,4.0,76.0,3.0,14.0,2.0,0.0,4.0,3.0,75.0,9.0
2026,23,2026-08-16,Vigo,Visentini,Essendon,RK,3.0,271.0,4.0,11.0,5.0,0.0,1.0,0.0,57.9,11.0
2026,23,2026-08-16,Peter,Wright,Essendon,FF,5.0,165.0,0.0,9.0,3.0,0.0,0.0,0.0,55.6,5.0
2026,23,2026-08-16,Riley,Bice,Sydney Swans,INT,2.0,169.0,4.0,11.0,2.0,0.0,2.0,0.0,60.0,6.0
2026,23,2026-08-16,Nick,Blakey,Sydney Swans,HBFL,4.0,463.0,5.0,13.0,7.0,0.0,3.0,0.0,72.4,21.0
2026,23,2026-08-16,Braeden,Campbell,Sydney Swans,HFFR,5.0,224.0,2.0,9.0,2.0,1.0,4.0,2.0,92.9,13.0
2026,23,2026-08-16,Billy,Cootee,Sydney Swans,INT,4.0,49.0,0.0,18.0,4.0,0.0,4.0,0.0,55.6,5.0
2026,23,2026-08-16,Charlie,Curnow,Sydney Swans,FF,5.0,148.0,0.0,1.0,3.0,0.0,3.0,0.0,55.6,5.0
2026,23,2026-08-16,Jesse,Dattoli,Sydney Swans,INT,5.0,171.0,1.0,6.0,2.0,0.0,4.0,1.0,58.3,7.0
2026,23,2026-08-16,William,Green,Sydney Swans,INT,2.0,152.0,1.0,8.0,2.0,1.0,2.0,1.0,66.7,4.0
2026,23,2026-08-16,Brodie,Grundy,Sydney Swans,RK,12.0,256.0,3.0,10.0,6.0,3.0,5.0,1.0,52.0,13.0
2026,23,2026-08-16,Errol,Gulden,Sydney Swans,C,9.0,1034.0,5.0,12.0,9.0,3.0,9.0,0.0,68.1,32.0
2026,23,2026-08-16,Joel,Hamling,Sydney Swans,HBFR,2.0,34.0,4.0,5.0,1.0,0.0,1.0,0.0,90.9,10.0
2026,23,2026-08-16,Isaac,Heeney,Sydney Swans,RR,11.0,558.0,6.0,21.0,3.0,4.0,11.0,2.0,75.9,22.0
2026,23,2026-08-16,James,Jordon,Sydney Swans,FPR,2.0,103.0,3.0,14.0,3.0,0.0,5.0,0.0,85.7,12.0
2026,23,2026-08-16,Harry,Kyle,Sydney Swans,CHB,2.0,111.0,4.0,2.0,3.0,0.0,4.0,0.0,80.0,8.0
2026,23,2026-08-16,Jake,Lloyd,Sydney Swans,HFFL,9.0,416.0,1.0,12.0,0.0,0.0,3.0,1.0,81.0,17.0
2026,23,2026-08-16,Tom,McCartin,Sydney Swans,FB,1.0,217.0,7.0,2.0,1.0,0.0,5.0,0.0,88.9,16.0
2026,23,2026-08-16,Logan,McDonald,Sydney Swans,CHF,9.0,247.0,1.0,3.0,3.0,0.0,1.0,0.0,66.7,10.0
2026,23,2026-08-16,Callum,Mills,Sydney Swans,BPL,3.0,441.0,3.0,7.0,4.0,0.0,4.0,0.0,78.3,18.0
2026,23,2026-08-16,Tom,Papley,Sydney Swans,FPL,4.0,142.0,0.0,13.0,2.0,0.0,2.0,2.0,80.0,8.0
2026,23,2026-08-16,Dane,Rampe,Sydney Swans,BPR,3.0,95.0,7.0,10.0,2.0,0.0,6.0,0.0,80.0,12.0
2026,23,2026-08-16,Matt,Roberts,Sydney Swans,WL,4.0,332.0,5.0,18.0,2.0,1.0,6.0,0.0,73.7,14.0
2026,23,2026-08-16,Jai,Serong,Sydney Swans,WR,2.0,237.0,3.0,11.0,3.0,0.0,4.0,0.0,73.3,11.0
2026,23,2026-08-16,Chad,Warner,Sydney Swans,R,9.0,474.0,0.0,18.0,5.0,2.0,4.0,1.0,78.3,18.0
2026,23,2026-08-16,Sam,Wicks,Sydney Swans,INT,3.0,256.0,4.0,13.0,3.0,0.0,4.0,0.0,73.3,11.0
2026,24,2026-08-20,Hugh,Boxshall,St Kilda,WR,5.0,153.0,3.0,26.0,3.0,0.0,4.0,2.0,76.5,13.0
2026,24,2026-08-20,Dan,Butler,St Kilda,FPR,3.0,94.0,2.0,25.0,5.0,0.0,1.0,5.0,80.0,8.0
2026,24,2026-08-20,Ryan,Byrnes,St Kilda,HFFL,3.0,237.0,3.0,15.0,3.0,0.0,4.0,0.0,93.3,14.0
2026,24,2026-08-20,Tom,De Koning,St Kilda,RK,3.0,157.0,2.0,7.0,3.0,0.0,3.0,0.0,55.6,5.0
2026,24,2026-08-20,Hugo,Garcia,St Kilda,RR,7.0,468.0,3.0,32.0,6.0,1.0,10.0,0.0,71.4,20.0
2026,24,2026-08-20,Max,Hall,St Kilda,R,8.0,681.0,5.0,22.0,8.0,4.0,11.0,1.0,70.3,26.0
2026,24,2026-08-20,Angus,Hastie,St Kilda,INT,0.0,127.0,1.0,6.0,3.0,0.0,1.0,0.0,71.4,5.0
2026,24,2026-08-20,Bradley,Hill,St Kilda,HFFR,5.0,944.0,5.0,21.0,3.0,0.0,3.0,0.0,90.5,38.0
2026,24,2026-08-20,Dougal,Howard,St Kilda,INT,1.0,53.0,0.0,4.0,1.0,0.0,0.0,0.0,50.0,2.0
2026,24,2026-08-20,Campbell,Lake,St Kilda,INT,2.0,66.0,0.0,25.0,3.0,0.0,3.0,2.0,33.3,3.0
2026,24,2026-08-20,Jack,Macrae,St Kilda,INT,4.0,127.0,3.0,19.0,1.0,0.0,5.0,0.0,85.7,18.0
2026,24,2026-08-20,Rowan,Marshall,St Kilda,FF,7.0,158.0,3.0,8.0,5.0,0.0,4.0,0.0,46.7,7.0
2026,24,2026-08-20,Liam,O'Connell,St Kilda,HBFL,1.0,101.0,3.0,7.0,0.0,0.0,4.0,0.0,100.0,10.0
2026,24,2026-08-20,Mitch,Owens,St Kilda,C,6.0,129.0,1.0,7.0,3.0,0.0,4.0,2.0,83.3,10.0
2026,24,2026-08-20,Mattaes,Phillipou,St Kilda,CHF,5.0,227.0,1.0,30.0,4.0,0.0,3.0,1.0,68.4,13.0
2026,24,2026-08-20,Liam,Ryan,St Kilda,INT,4.0,45.0,0.0,4.0,1.0,0.0,2.0,0.0,80.0,4.0
2026,24,2026-08-20,Cooper,Sharman,St Kilda,FPL,4.0,246.0,0.0,4.0,4.0,0.0,3.0,1.0,60.0,6.0
2026,24,2026-08-20,Jack,Silvagni,St Kilda,BPL,1.0,114.0,1.0,1.0,0.0,0.0,2.0,0.0,100.0,6.0
2026,24,2026-08-20,Liam,Stocker,St Kilda,HBFR,3.0,336.0,9.0,14.0,2.0,0.0,7.0,0.0,83.3,20.0
2026,24,2026-08-20,Tobie,Travaglia,St Kilda,BPR,1.0,137.0,8.0,13.0,0.0,0.0,5.0,0.0,94.4,17.0
2026,24,2026-08-20,Callum,Wilkie,St Kilda,FB,1.0,219.0,6.0,6.0,2.0,0.0,2.0,0.0,78.9,15.0
2026,24,2026-08-20,Darcy,Wilson,St Kilda,WL,3.0,362.0,1.0,29.0,4.0,0.0,3.0,0.0,72.0,18.0
2026,24,2026-08-20,Marcus,Windhager,St Kilda,CHB,3.0,241.0,0.0,18.0,2.0,2.0,4.0,0.0,72.7,16.0
2026,24,2026-08-20,Beau,Addinsall,Gold Coast SUNS,WR,7.0,176.0,3.0,18.0,1.0,0.0,4.0,1.0,75.0,15.0
2026,24,2026-08-20,Noah,Anderson,Gold Coast SUNS,R,12.0,612.0,2.0,28.0,9.0,3.0,5.0,0.0,67.6,25.0
2026,24,2026-08-20,Mac,Andrew,Gold Coast SUNS,CHB,5.0,207.0,4.0,5.0,2.0,0.0,4.0,0.0,84.2,16.0
2026,24,2026-08-20,Charlie,Ballard,Gold Coast SUNS,FB,3.0,81.0,4.0,13.0,3.0,0.0,1.0,0.0,70.0,7.0
2026,24,2026-08-20,Sam,Clohesy,Gold Coast SUNS,INT,5.0,258.0,1.0,10.0,1.0,0.0,2.0,0.0,92.3,12.0
2026,24,2026-08-20,Lachlan,Gulbin,Gold Coast SUNS,CHF,5.0,238.0,1.0,23.0,1.0,0.0,2.0,3.0,63.6,7.0
2026,24,2026-08-20,Nick,Holman,Gold Coast SUNS,WL,5.0,242.0,4.0,15.0,3.0,0.0,3.0,0.0,73.3,11.0
2026,24,2026-08-20,Bailey,Humphrey,Gold Coast SUNS,C,6.0,151.0,2.0,23.0,3.0,5.0,10.0,0.0,75.0,12.0
2026,24,2026-08-20,Joel,Jeffrey,Gold Coast SUNS,BPL,1.0,205.0,3.0,10.0,3.0,0.0,2.0,0.0,80.0,12.0
2026,24,2026-08-20,Ben,Jepson,Gold Coast SUNS,INT,3.0,235.0,1.0,8.0,0.0,0.0,2.0,0.0,85.7,12.0
2026,24,2026-08-20,Ben,King,Gold Coast SUNS,FF,5.0,262.0,2.0,5.0,1.0,0.0,2.0,0.0,70.0,7.0
2026,24,2026-08-20,Leonardo,Lombard,Gold Coast SUNS,HFFR,11.0,263.0,2.0,22.0,2.0,0.0,4.0,1.0,78.6,11.0
2026,24,2026-08-20,Ben,Long,Gold Coast SUNS,FPL,6.0,128.0,2.0,13.0,2.0,0.0,1.0,2.0,62.5,5.0
2026,24,2026-08-20,Touk,Miller,Gold Coast SUNS,HFFL,5.0,380.0,5.0,28.0,1.0,1.0,12.0,0.0,87.5,35.0
2026,24,2026-08-20,Ned,Moyle,Gold Coast SUNS,RK,5.0,77.0,0.0,13.0,1.0,0.0,0.0,1.0,60.0,3.0
2026,24,2026-08-20,John,Noble,Gold Coast SUNS,HBFR,10.0,542.0,8.0,7.0,7.0,1.0,5.0,0.0,73.8,31.0
2026,24,2026-08-20,Ethan,Read,Gold Coast SUNS,INT,6.0,166.0,0.0,11.0,3.0,0.0,1.0,1.0,33.3,3.0
2026,24,2026-08-20,Daniel,Rioli,Gold Coast SUNS,HBFL,5.0,136.0,3.0,23.0,0.0,0.0,4.0,0.0,94.1,16.0
2026,24,2026-08-20,Jake,Rogers,Gold Coast SUNS,INT,6.0,168.0,5.0,13.0,4.0,0.0,5.0,0.0,73.3,11.0
2026,24,2026-08-20,Matt,Rowell,Gold Coast SUNS,RR,7.0,553.0,2.0,25.0,8.0,6.0,13.0,1.0,53.6,15.0
2026,24,2026-08-20,Bodhi,Uwland,Gold Coast SUNS,BPR,4.0,229.0,10.0,12.0,4.0,0.0,5.0,0.0,72.7,16.0
2026,24,2026-08-20,Jed,Walter,Gold Coast SUNS,FPR,3.0,66.0,0.0,12.0,0.0,0.0,0.0,1.0,100.0,3.0
2026,24,2026-08-20,Jarrod,Witts,Gold Coast SUNS,INT,3.0,37.0,2.0,7.0,1.0,1.0,4.0,0.0,83.3,5.0
2026,24,2026-08-21,Edward,Allan,Collingwood,RR,7.0,275.0,1.0,26.0,0.0,4.0,8.0,0.0,78.3,18.0
2026,24,2026-08-21,Angus,Anderson,Collingwood,INT,6.0,175.0,0.0,14.0,1.0,0.0,2.0,2.0,63.6,7.0
2026,24,2026-08-21,Darcy,Cameron,Collingwood,RK,3.0,106.0,4.0,11.0,2.0,2.0,3.0,1.0,66.7,10.0
2026,24,2026-08-21,Jack,Crisp,Collingwood,WL,4.0,311.0,4.0,24.0,3.0,1.0,4.0,0.0,76.9,10.0
2026,24,2026-08-21,Josh,Daicos,Collingwood,CHB,6.0,394.0,5.0,14.0,10.0,0.0,5.0,0.0,59.3,16.0
2026,24,2026-08-21,Nick,Daicos,Collingwood,CHF,4.0,362.0,2.0,19.0,3.0,4.0,7.0,0.0,69.2,18.0
2026,24,2026-08-21,Jordan,De Goey,Collingwood,R,10.0,421.0,1.0,15.0,5.0,3.0,3.0,0.0,71.9,23.0
2026,24,2026-08-21,Billy,Frampton,Collingwood,BPR,2.0,227.0,9.0,7.0,3.0,0.0,4.0,0.0,58.3,7.0
2026,24,2026-08-21,Harvey,Harrison,Collingwood,INT,3.0,223.0,0.0,9.0,1.0,0.0,0.0,0.0,80.0,8.0
2026,24,2026-08-21,William,Hayes,Collingwood,HFFL,2.0,158.0,0.0,6.0,1.0,0.0,0.0,0.0,66.7,6.0
2026,24,2026-08-21,Dan,Houston,Collingwood,HBFR,2.0,348.0,9.0,9.0,3.0,0.0,4.0,0.0,70.0,14.0
2026,24,2026-08-21,Jeremy,Howe,Collingwood,FB,0.0,124.0,3.0,4.0,1.0,0.0,3.0,0.0,77.8,7.0
2026,24,2026-08-21,Ned,Long,Collingwood,INT,5.0,143.0,0.0,26.0,1.0,0.0,4.0,1.0,60.0,9.0
2026,24,2026-08-21,Beau,McCreery,Collingwood,HFFR,2.0,198.0,2.0,25.0,3.0,3.0,6.0,0.0,76.5,13.0
2026,24,2026-08-21,Daniel,McStay,Collingwood,FPL,2.0,102.0,1.0,8.0,3.0,0.0,1.0,2.0,66.7,4.0
2026,24,2026-08-21,Tim,Membrey,Collingwood,FPR,4.0,178.0,0.0,5.0,0.0,0.0,0.0,1.0,83.3,5.0
2026,24,2026-08-21,Scott,Pendlebury,Collingwood,C,3.0,84.0,0.0,3.0,0.0,0.0,2.0,0.0,100.0,8.0
2026,24,2026-08-21,Liam,Puncher,Collingwood,BPL,0.0,78.0,2.0,7.0,2.0,0.0,2.0,0.0,80.0,4.0
2026,24,2026-08-21,Lachie,Schultz,Collingwood,FF,7.0,138.0,2.0,19.0,0.0,0.0,1.0,4.0,61.5,8.0
2026,24,2026-08-21,Steele,Sidebottom,Collingwood,INT,1.0,311.0,4.0,19.0,3.0,0.0,5.0,0.0,93.8,15.0
2026,24,2026-08-21,Roan,Steele,Collingwood,WR,7.0,334.0,3.0,17.0,3.0,0.0,7.0,0.0,83.3,20.0
2026,24,2026-08-21,Sam,Swadling,Collingwood,HBFL,6.0,595.0,5.0,15.0,4.0,0.0,6.0,0.0,81.3,26.0
2026,24,2026-08-21,Charlie,West,Collingwood,INT,5.0,135.0,1.0,8.0,0.0,0.0,2.0,2.0,83.3,5.0
2026,24,2026-08-21,Oscar,Allen,Brisbane Lions,INT,4.0,171.0,0.0,8.0,2.0,0.0,2.0,0.0,100.0,8.0
2026,24,2026-08-21,Harris,Andrews,Brisbane Lions,FB,2.0,129.0,2.0,8.0,1.0,0.0,0.0,0.0,71.4,5.0
2026,24,2026-08-21,Noah,Answerth,Brisbane Lions,BPL,2.0,230.0,5.0,14.0,5.0,0.0,5.0,0.0,50.0,6.0
2026,24,2026-08-21,Levi,Ashcroft,Brisbane Lions,INT,6.0,292.0,1.0,7.0,1.0,1.0,3.0,0.0,88.2,15.0
2026,24,2026-08-21,Will,Ashcroft,Brisbane Lions,R,8.0,422.0,1.0,20.0,5.0,2.0,6.0,1.0,56.0,14.0
2026,24,2026-08-21,Zac,Bailey,Brisbane Lions,C,5.0,369.0,0.0,20.0,2.0,3.0,5.0,0.0,79.2,19.0
2026,24,2026-08-21,Jarrod,Berry,Brisbane Lions,WL,4.0,348.0,5.0,15.0,4.0,0.0,6.0,0.0,58.8,10.0
2026,24,2026-08-21,Charlie,Cameron,Brisbane Lions,HFFL,4.0,202.0,0.0,10.0,0.0,1.0,2.0,0.0,90.9,10.0
2026,24,2026-08-21,Sam,Draper,Brisbane Lions,RK,5.0,328.0,4.0,7.0,3.0,2.0,2.0,0.0,50.0,7.0
2026,24,2026-08-21,Josh,Dunkley,Brisbane Lions,RR,4.0,307.0,0.0,31.0,5.0,3.0,8.0,1.0,66.7,18.0
2026,24,2026-08-21,Jaspa,Fletcher,Brisbane Lions,WR,5.0,413.0,4.0,6.0,3.0,0.0,3.0,0.0,68.2,15.0
2026,24,2026-08-21,Darcy,Fort,Brisbane Lions,INT,5.0,142.0,1.0,5.0,1.0,1.0,3.0,0.0,75.0,6.0
2026,24,2026-08-21,Ty,Gallop,Brisbane Lions,CHB,2.0,259.0,5.0,3.0,4.0,0.0,2.0,0.0,62.5,5.0
2026,24,2026-08-21,Darcy,Gardiner,Brisbane Lions,HBFL,2.0,134.0,2.0,3.0,2.0,0.0,0.0,0.0,75.0,6.0
2026,24,2026-08-21,Eric,Hipwood,Brisbane Lions,FPL,9.0,176.0,3.0,6.0,3.0,0.0,4.0,1.0,73.3,11.0
2026,24,2026-08-21,Ryan,Lester,Brisbane Lions,BPR,2.0,185.0,2.0,9.0,1.0,0.0,2.0,0.0,75.0,6.0
2026,24,2026-08-21,Kai,Lohmann,Brisbane Lions,FPR,6.0,159.0,0.0,22.0,3.0,0.0,4.0,0.0,52.9,9.0
2026,24,2026-08-21,Conor,McKenna,Brisbane Lions,HFFR,6.0,271.0,3.0,8.0,2.0,0.0,2.0,0.0,81.8,9.0
2026,24,2026-08-21,Logan,Morris,Brisbane Lions,CHF,9.0,254.0,0.0,6.0,1.0,0.0,2.0,2.0,86.7,13.0
2026,24,2026-08-21,Lachie,Neale,Brisbane Lions,INT,9.0,334.0,1.0,19.0,2.0,9.0,12.0,0.0,80.0,28.0
2026,24,2026-08-21,Cam,Rayner,Brisbane Lions,FF,7.0,307.0,3.0,15.0,5.0,0.0,5.0,2.0,61.9,13.0
2026,24,2026-08-21,Darcy,Wilmot,Brisbane Lions,INT,3.0,248.0,7.0,12.0,1.0,0.0,3.0,0.0,73.3,11.0
2026,24,2026-08-21,Dayne,Zorko,Brisbane Lions,HBFR,5.0,411.0,3.0,23.0,2.0,0.0,4.0,1.0,76.2,16.0
2026,24,2026-08-22,Blake,Acres,Carlton,HBFL,6.0,123.0,2.0,13.0,3.0,0.0,4.0,0.0,88.2,15.0
2026,24,2026-08-22,Ben,Ainsworth,Carlton,HFFL,9.0,447.0,3.0,8.0,1.0,0.0,4.0,1.0,80.0,16.0
2026,24,2026-08-22,Talor,Byrne,Carlton,FPL,2.0,76.0,0.0,9.0,1.0,0.0,2.0,1.0,66.7,4.0
2026,24,2026-08-22,Adam,Cerra,Carlton,WL,3.0,410.0,1.0,19.0,4.0,0.0,1.0,0.0,80.0,16.0
2026,24,2026-08-22,Matthew,Cottrell,Carlton,HFFR,5.0,243.0,3.0,11.0,4.0,0.0,5.0,0.0,70.6,12.0
2026,24,2026-08-22,Lachlan,Cowan,Carlton,INT,2.0,281.0,7.0,10.0,1.0,0.0,3.0,0.0,81.3,13.0
2026,24,2026-08-22,Patrick,Cripps,Carlton,C,9.0,278.0,1.0,19.0,2.0,4.0,5.0,2.0,79.2,19.0
2026,24,2026-08-22,Harry,Dean,Carlton,BPL,4.0,7.0,2.0,5.0,1.0,0.0,1.0,0.0,91.7,11.0
2026,24,2026-08-22,Wade,Derksen,Carlton,FB,6.0,157.0,4.0,2.0,1.0,0.0,3.0,0.0,80.0,12.0
2026,24,2026-08-22,Francis,Evans,Carlton,INT,9.0,200.0,2.0,10.0,1.0,0.0,4.0,1.0,90.9,10.0
2026,24,2026-08-22,Oliver,Florent,Carlton,HBFR,5.0,420.0,5.0,8.0,6.0,0.0,6.0,0.0,75.9,22.0
2026,24,2026-08-22,George,Hewett,Carlton,INT,8.0,234.0,2.0,10.0,4.0,5.0,10.0,0.0,69.0,20.0
2026,24,2026-08-22,Oliver,Hollands,Carlton,INT,3.0,162.0,1.0,17.0,5.0,0.0,0.0,0.0,66.7,10.0
2026,24,2026-08-22,Brodie,Kemp,Carlton,CHF,8.0,237.0,1.0,7.0,3.0,0.0,1.0,2.0,76.9,10.0
2026,24,2026-08-22,Cooper,Lord,Carlton,FPR,6.0,148.0,3.0,10.0,6.0,0.0,3.0,0.0,57.1,12.0
2026,24,2026-08-22,Mitch,McGovern,Carlton,CHB,7.0,242.0,2.0,10.0,4.0,0.0,4.0,1.0,50.0,6.0
2026,24,2026-08-22,Harry,McKay,Carlton,FF,5.0,121.0,0.0,3.0,2.0,0.0,1.0,0.0,57.1,4.0
2026,24,2026-08-22,Marc,Pittonet,Carlton,RK,6.0,52.0,3.0,10.0,2.0,4.0,4.0,0.0,64.7,11.0
2026,24,2026-08-22,Jagga,Smith,Carlton,RR,10.0,287.0,2.0,14.0,1.0,1.0,8.0,0.0,87.1,27.0
2026,24,2026-08-22,Sam,Walsh,Carlton,R,8.0,492.0,3.0,11.0,4.0,4.0,10.0,0.0,75.0,24.0
2026,24,2026-08-22,Jacob,Weitering,Carlton,BPR,4.0,189.0,3.0,2.0,0.0,0.0,2.0,0.0,100.0,14.0
2026,24,2026-08-22,Billy,Wilson,Carlton,WR,5.0,321.0,2.0,5.0,2.0,0.0,1.0,0.0,88.9,16.0
2026,24,2026-08-22,Lewis,Young,Carlton,INT,4.0,125.0,6.0,3.0,3.0,1.0,5.0,1.0,70.6,12.0
2026,24,2026-08-22,Bailey,Banfield,Fremantle,INT,0.0,86.0,5.0,12.0,3.0,0.0,6.0,0.0,71.4,10.0
2026,24,2026-08-22,Shai,Bolton,Fremantle,FPL,6.0,313.0,2.0,20.0,2.0,2.0,5.0,1.0,76.5,13.0
2026,24,2026-08-22,Andrew,Brayshaw,Fremantle,C,7.0,345.0,3.0,21.0,2.0,0.0,3.0,1.0,81.0,17.0
2026,24,2026-08-22,Jordan,Clark,Fremantle,WR,6.0,418.0,6.0,18.0,5.0,0.0,3.0,0.0,90.5,19.0
2026,24,2026-08-22,Brennan,Cox,Fremantle,BPL,0.0,6.0,1.0,1.0,0.0,0.0,1.0,0.0,50.0,1.0
2026,24,2026-08-22,Mason,Cox,Fremantle,INT,3.0,116.0,1.0,10.0,1.0,0.0,1.0,0.0,71.4,5.0
2026,24,2026-08-22,Isaiah,Dudley,Fremantle,CHF,3.0,202.0,1.0,21.0,4.0,1.0,7.0,0.0,66.7,8.0
2026,24,2026-08-22,Neil,Erasmus,Fremantle,R,3.0,248.0,5.0,16.0,2.0,0.0,5.0,0.0,80.0,12.0
2026,24,2026-08-22,Michael,Frederick,Fremantle,HFFL,4.0,189.0,2.0,12.0,3.0,0.0,1.0,0.0,72.7,8.0
2026,24,2026-08-22,Luke,Jackson,Fremantle,RK,6.0,158.0,3.0,14.0,1.0,2.0,2.0,1.0,71.4,10.0
2026,24,2026-08-22,Matthew,Johnson,Fremantle,WL,5.0,276.0,2.0,9.0,5.0,4.0,5.0,0.0,70.6,12.0
2026,24,2026-08-22,Oscar,McDonald,Fremantle,BPR,1.0,121.0,2.0,6.0,4.0,0.0,0.0,0.0,63.6,7.0
2026,24,2026-08-22,Judd,McVee,Fremantle,HBFR,0.0,246.0,2.0,5.0,1.0,0.0,2.0,0.0,100.0,13.0
2026,24,2026-08-22,Tobyn,Murray,Fremantle,HFFR,4.0,158.0,2.0,11.0,3.0,0.0,4.0,3.0,61.5,8.0
2026,24,2026-08-22,Nathan,O'Driscoll,Fremantle,INT,2.0,226.0,3.0,10.0,4.0,0.0,3.0,0.0,50.0,6.0
2026,24,2026-08-22,Alex,Pearce,Fremantle,FB,2.0,130.0,2.0,4.0,2.0,0.0,1.0,0.0,80.0,4.0
2026,24,2026-08-22,Luke,Ryan,Fremantle,CHB,1.0,177.0,7.0,6.0,1.0,0.0,4.0,0.0,86.7,13.0
2026,24,2026-08-22,Christopher,Scerri,Fremantle,INT,4.0,124.0,0.0,7.0,0.0,0.0,2.0,0.0,85.7,6.0
2026,24,2026-08-22,Caleb,Serong,Fremantle,RR,6.0,450.0,2.0,27.0,6.0,3.0,3.0,1.0,73.9,17.0
2026,24,2026-08-22,Josh,Treacy,Fremantle,FF,5.0,152.0,1.0,9.0,1.0,0.0,0.0,0.0,57.1,4.0
2026,24,2026-08-22,Patrick,Voss,Fremantle,FPR,2.0,109.0,0.0,13.0,4.0,0.0,0.0,1.0,66.7,4.0
2026,24,2026-08-22,Karl,Worner,Fremantle,HBFL,1.0,240.0,5.0,5.0,1.0,0.0,2.0,0.0,85.7,12.0
2026,24,2026-08-22,Hayden,Young,Fremantle,INT,4.0,385.0,4.0,12.0,4.0,2.0,8.0,0.0,60.9,14.0
2026,24,2026-08-22,Jake,Bowey,Melbourne,BPL,2.0,437.0,5.0,16.0,0.0,0.0,7.0,0.0,76.9,20.0
2026,24,2026-08-22,Kade,Chandler,Melbourne,FPR,7.0,198.0,5.0,20.0,3.0,0.0,9.0,1.0,58.8,10.0
2026,24,2026-08-22,Joel,Fitzgerald,Melbourne,INT,5.0,279.0,1.0,19.0,6.0,0.0,4.0,0.0,45.8,11.0
2026,24,2026-08-22,Bayley,Fritsch,Melbourne,FF,7.0,229.0,0.0,6.0,2.0,0.0,3.0,2.0,63.6,7.0
2026,24,2026-08-22,Max,Gawn,Melbourne,RK,10.0,450.0,3.0,5.0,3.0,4.0,1.0,0.0,75.0,21.0
2026,24,2026-08-22,Matthew,Jefferson,Melbourne,CHF,5.0,87.0,0.0,9.0,1.0,0.0,3.0,2.0,71.4,5.0
2026,24,2026-08-22,Changkuoth,Jiath,Melbourne,HBFR,3.0,295.0,7.0,8.0,5.0,0.0,4.0,0.0,72.2,13.0
2026,24,2026-08-22,Ed,Langdon,Melbourne,HFFR,2.0,272.0,1.0,13.0,3.0,0.0,2.0,1.0,81.8,9.0
2026,24,2026-08-22,Harvey,Langford,Melbourne,WR,3.0,346.0,3.0,15.0,5.0,0.0,3.0,1.0,64.3,9.0
2026,24,2026-08-22,Bailey,Laurie,Melbourne,INT,3.0,153.0,0.0,8.0,1.0,0.0,1.0,1.0,50.0,4.0
2026,24,2026-08-22,Jake,Lever,Melbourne,FB,1.0,112.0,5.0,5.0,1.0,0.0,1.0,0.0,100.0,8.0
2026,24,2026-08-22,Xavier,Lindsay,Melbourne,INT,2.0,23.0,0.0,13.0,0.0,0.0,0.0,0.0,100.0,4.0
2026,24,2026-08-22,Tom,McDonald,Melbourne,INT,3.0,125.0,0.0,10.0,0.0,0.0,1.0,1.0,100.0,7.0
2026,24,2026-08-22,Harrison,Petty,Melbourne,CHB,8.0,452.0,4.0,13.0,3.0,0.0,1.0,1.0,64.7,11.0
2026,24,2026-08-22,Kysaiah,Pickett,Melbourne,HFFL,7.0,556.0,4.0,16.0,4.0,5.0,8.0,0.0,53.8,14.0
2026,24,2026-08-22,Trent,Rivers,Melbourne,HBFL,0.0,250.0,4.0,13.0,4.0,0.0,2.0,0.0,72.7,8.0
2026,24,2026-08-22,Christian,Salem,Melbourne,INT,2.0,225.0,1.0,6.0,2.0,0.0,1.0,0.0,77.8,7.0
2026,24,2026-08-22,Harry,Sharp,Melbourne,WL,2.0,265.0,0.0,16.0,5.0,0.0,1.0,1.0,83.3,5.0
2026,24,2026-08-22,Tom,Sparrow,Melbourne,C,7.0,257.0,0.0,21.0,3.0,5.0,4.0,0.0,70.6,12.0
2026,24,2026-08-22,Jack,Steele,Melbourne,RR,3.0,302.0,2.0,28.0,3.0,4.0,5.0,1.0,81.0,17.0
2026,24,2026-08-22,Koltyn,Tholstrup,Melbourne,FPL,2.0,358.0,9.0,6.0,5.0,0.0,5.0,0.0,90.0,18.0
2026,24,2026-08-22,Daniel,Turner,Melbourne,BPR,3.0,257.0,4.0,4.0,2.0,0.0,2.0,0.0,69.2,9.0
2026,24,2026-08-22,Caleb,Windsor,Melbourne,R,4.0,124.0,0.0,13.0,0.0,0.0,1.0,0.0,87.5,7.0
2026,24,2026-08-22,Marcus,Bontempelli,Western Bulldogs,FF,13.0,397.0,4.0,17.0,1.0,2.0,7.0,0.0,81.5,22.0
2026,24,2026-08-22,Lachlan,Bramble,Western Bulldogs,HBFL,4.0,378.0,3.0,16.0,2.0,0.0,1.0,0.0,88.9,16.0
2026,24,2026-08-22,Connor,Budarick,Western Bulldogs,BPR,2.0,323.0,0.0,7.0,3.0,0.0,0.0,0.0,80.0,8.0
2026,24,2026-08-22,Lachlan,Carmichael,Western Bulldogs,INT,1.0,90.0,1.0,5.0,1.0,0.0,0.0,0.0,80.0,4.0
2026,24,2026-08-22,Bailey,Dale,Western Bulldogs,HBFR,4.0,662.0,5.0,7.0,2.0,0.0,3.0,0.0,78.6,22.0
2026,24,2026-08-22,Sam,Davidson,Western Bulldogs,INT,10.0,482.0,1.0,7.0,6.0,0.0,6.0,0.0,55.6,10.0
2026,24,2026-08-22,Josh,Dolan,Western Bulldogs,INT,6.0,143.0,1.0,13.0,0.0,0.0,3.0,0.0,100.0,11.0
2026,24,2026-08-22,Joel,Freijah,Western Bulldogs,C,9.0,447.0,1.0,19.0,7.0,1.0,10.0,0.0,66.7,16.0
2026,24,2026-08-22,Ryan,Gardner,Western Bulldogs,INT,2.0,89.0,0.0,6.0,0.0,0.0,0.0,0.0,100.0,4.0
2026,24,2026-08-22,Cooper,Hynes,Western Bulldogs,WR,6.0,296.0,3.0,6.0,3.0,0.0,2.0,0.0,53.3,8.0
2026,24,2026-08-22,Arthur,Jones,Western Bulldogs,HFFR,10.0,273.0,1.0,4.0,4.0,0.0,2.0,0.0,76.9,10.0
2026,24,2026-08-22,Luke,Kennedy,Western Bulldogs,INT,6.0,246.0,0.0,13.0,4.0,1.0,2.0,2.0,65.0,13.0
2026,24,2026-08-22,Matthew,Kennedy,Western Bulldogs,RR,9.0,301.0,1.0,22.0,2.0,1.0,9.0,0.0,76.9,20.0
2026,24,2026-08-22,Buku,Khamis,Western Bulldogs,FB,3.0,219.0,8.0,3.0,0.0,0.0,1.0,0.0,92.9,13.0
2026,24,2026-08-22,Rory,Lobb,Western Bulldogs,RK,5.0,200.0,4.0,12.0,3.0,2.0,6.0,1.0,69.2,9.0
2026,24,2026-08-22,Aaron,Naughton,Western Bulldogs,CHF,9.0,295.0,2.0,7.0,3.0,0.0,3.0,0.0,53.3,8.0
2026,24,2026-08-22,James,O'Donnell,Western Bulldogs,CHB,2.0,123.0,6.0,7.0,3.0,0.0,2.0,0.0,75.0,6.0
2026,24,2026-08-22,Ed,Richards,Western Bulldogs,R,12.0,495.0,1.0,26.0,2.0,3.0,12.0,0.0,66.7,20.0
2026,24,2026-08-22,Ryley,Sanders,Western Bulldogs,FPR,6.0,301.0,3.0,7.0,3.0,0.0,4.0,0.0,66.7,14.0
2026,24,2026-08-22,Michael,Sellwood,Western Bulldogs,BPL,2.0,183.0,6.0,11.0,3.0,0.0,2.0,0.0,83.3,10.0
2026,24,2026-08-22,Cody,Weightman,Western Bulldogs,HFFL,9.0,132.0,0.0,14.0,3.0,0.0,5.0,1.0,50.0,6.0
2026,24,2026-08-22,Rhylee,West,Western Bulldogs,FPL,9.0,207.0,2.0,12.0,1.0,0.0,8.0,1.0,64.7,11.0
2026,24,2026-08-22,Bailey,Williams,Western Bulldogs,WL,3.0,147.0,8.0,9.0,2.0,0.0,7.0,0.0,85.7,12.0
2026,24,2026-08-22,Tom,Atkins,Geelong Cats,RR,3.0,47.0,0.0,26.0,5.0,3.0,7.0,0.0,46.7,7.0
2026,24,2026-08-22,Tanner,Bruhn,Geelong Cats,HBFR,5.0,193.0,5.0,11.0,4.0,0.0,8.0,2.0,82.8,24.0
2026,24,2026-08-22,Jeremy,Cameron,Geelong Cats,CHF,7.0,393.0,4.0,1.0,4.0,2.0,5.0,0.0,90.9,20.0
2026,24,2026-08-22,Jhye,Clark,Geelong Cats,INT,5.0,315.0,5.0,15.0,2.0,0.0,5.0,1.0,86.4,19.0
2026,24,2026-08-22,Brad,Close,Geelong Cats,WR,8.0,219.0,2.0,9.0,2.0,0.0,6.0,2.0,75.0,12.0
2026,24,2026-08-22,Patrick,Dangerfield,Geelong Cats,R,8.0,465.0,1.0,6.0,3.0,1.0,2.0,0.0,81.8,18.0
2026,24,2026-08-22,Sam,De Koning,Geelong Cats,INT,2.0,83.0,6.0,1.0,1.0,1.0,2.0,0.0,85.7,12.0
2026,24,2026-08-22,Oliver,Dempsey,Geelong Cats,WL,7.0,378.0,4.0,17.0,4.0,1.0,7.0,0.0,66.7,18.0
2026,24,2026-08-22,Mitchell,Edwards,Geelong Cats,RK,6.0,357.0,4.0,8.0,4.0,2.0,4.0,0.0,73.7,14.0
2026,24,2026-08-22,Zach,Guthrie,Geelong Cats,HBFL,4.0,262.0,6.0,4.0,2.0,0.0,6.0,0.0,89.5,17.0
2026,24,2026-08-22,Jack,Henry,Geelong Cats,CHB,2.0,33.0,1.0,1.0,0.0,0.0,1.0,0.0,100.0,3.0
2026,24,2026-08-22,Oliver,Henry,Geelong Cats,FPL,7.0,305.0,2.0,9.0,2.0,0.0,3.0,1.0,63.6,7.0
2026,24,2026-08-22,Lawson,Humphries,Geelong Cats,INT,8.0,409.0,4.0,2.0,1.0,0.0,3.0,0.0,81.8,18.0
2026,24,2026-08-22,Shaun,Mannagh,Geelong Cats,HFFR,11.0,640.0,2.0,20.0,2.0,2.0,9.0,1.0,72.7,24.0
2026,24,2026-08-22,Jack,Martin,Geelong Cats,INT,9.0,234.0,3.0,6.0,4.0,0.0,3.0,1.0,64.7,11.0
2026,24,2026-08-22,Gryan,Miers,Geelong Cats,HFFL,7.0,207.0,0.0,10.0,1.0,0.0,3.0,0.0,88.0,22.0
2026,24,2026-08-22,Oisin,Mullin,Geelong Cats,INT,3.0,150.0,2.0,21.0,0.0,2.0,8.0,2.0,68.8,11.0
2026,24,2026-08-22,Shannon,Neale,Geelong Cats,FF,9.0,138.0,0.0,4.0,3.0,0.0,2.0,2.0,100.0,9.0
2026,24,2026-08-22,Mark,O'Connor,Geelong Cats,BPR,7.0,222.0,1.0,10.0,2.0,0.0,2.0,0.0,93.8,15.0
2026,24,2026-08-22,Connor,O'Sullivan,Geelong Cats,FB,5.0,233.0,8.0,2.0,2.0,0.0,2.0,0.0,85.7,12.0
2026,24,2026-08-22,Jay,Polkinghorne,Geelong Cats,FPR,6.0,107.0,0.0,2.0,0.0,0.0,2.0,1.0,57.1,4.0
2026,24,2026-08-22,Bailey,Smith,Geelong Cats,C,11.0,863.0,3.0,15.0,4.0,1.0,7.0,1.0,82.5,33.0
2026,24,2026-08-22,Tom,Stewart,Geelong Cats,BPL,3.0,217.0,6.0,6.0,3.0,0.0,1.0,0.0,77.8,14.0
2026,24,2026-08-22,Kye,Annand,Richmond,BPL,1.0,394.0,4.0,4.0,4.0,0.0,1.0,0.0,81.8,9.0
2026,24,2026-08-22,Sam,Banks,Richmond,CHB,0.0,93.0,0.0,3.0,1.0,0.0,0.0,0.0,66.7,2.0
2026,24,2026-08-22,Tom,Brown,Richmond,HBFR,2.0,227.0,0.0,9.0,4.0,0.0,2.0,0.0,44.4,4.0
2026,24,2026-08-22,Seth,Campbell,Richmond,CHF,7.0,394.0,3.0,17.0,4.0,1.0,5.0,0.0,40.9,9.0
2026,24,2026-08-22,Judson,Clarke,Richmond,WR,2.0,107.0,3.0,6.0,2.0,0.0,3.0,0.0,85.7,6.0
2026,24,2026-08-22,Campbell,Gray,Richmond,INT,1.0,314.0,7.0,10.0,5.0,0.0,2.0,0.0,63.6,7.0
2026,24,2026-08-22,Steely,Green,Richmond,HFFL,3.0,124.0,0.0,7.0,1.0,0.0,2.0,1.0,81.8,9.0
2026,24,2026-08-22,Sam,Grlj,Richmond,FPR,2.0,225.0,5.0,18.0,3.0,0.0,5.0,0.0,86.7,13.0
2026,24,2026-08-22,Taj,Hotton,Richmond,R,3.0,125.0,3.0,17.0,3.0,2.0,11.0,0.0,78.9,15.0
2026,24,2026-08-22,Mykelti,Lefau,Richmond,FPL,7.0,185.0,0.0,10.0,2.0,0.0,0.0,0.0,55.6,5.0
2026,24,2026-08-22,Tom,Lynch,Richmond,FF,6.0,158.0,0.0,10.0,1.0,0.0,0.0,1.0,66.7,4.0
2026,24,2026-08-22,Kane,McAuliffe,Richmond,INT,4.0,275.0,4.0,19.0,4.0,0.0,5.0,1.0,63.6,14.0
2026,24,2026-08-22,Ben,Miller,Richmond,FB,1.0,155.0,1.0,6.0,0.0,0.0,1.0,0.0,100.0,5.0
2026,24,2026-08-22,Toby,Nankervis,Richmond,RK,7.0,229.0,5.0,12.0,4.0,1.0,6.0,1.0,75.0,18.0
2026,24,2026-08-22,Hugo,Ralphsmith,Richmond,HFFR,4.0,338.0,4.0,10.0,4.0,0.0,6.0,0.0,75.0,12.0
2026,24,2026-08-22,Patrick,Retschko,Richmond,WL,1.0,417.0,1.0,17.0,4.0,0.0,2.0,0.0,66.7,12.0
2026,24,2026-08-22,Maurice,Rioli,Richmond,INT,1.0,196.0,0.0,14.0,1.0,0.0,0.0,3.0,75.0,6.0
2026,24,2026-08-22,Jack,Ross,Richmond,RR,7.0,532.0,3.0,18.0,8.0,1.0,5.0,0.0,59.4,19.0
2026,24,2026-08-22,Samson,Ryan,Richmond,INT,5.0,118.0,2.0,4.0,1.0,0.0,2.0,0.0,71.4,5.0
2026,24,2026-08-22,Jayden,Short,Richmond,INT,2.0,447.0,3.0,8.0,4.0,0.0,2.0,0.0,77.8,14.0
2026,24,2026-08-22,Tim,Taranto,Richmond,C,9.0,299.0,4.0,26.0,6.0,6.0,12.0,0.0,75.0,27.0
2026,24,2026-08-22,Luke,Trainor,Richmond,BPR,2.0,185.0,1.0,9.0,2.0,0.0,2.0,0.0,66.7,6.0
2026,24,2026-08-22,Nick,Vlastuin,Richmond,HBFL,1.0,188.0,2.0,14.0,1.0,0.0,2.0,0.0,84.6,11.0
2026,24,2026-08-22,Sam,Berry,Adelaide Crows,INT,8.0,292.0,4.0,20.0,2.0,3.0,9.0,0.0,80.0,16.0
2026,24,2026-08-22,James,Borlase,Adelaide Crows,FB,2.0,114.0,2.0,3.0,1.0,0.0,2.0,0.0,100.0,7.0
2026,24,2026-08-22,Brayden,Cook,Adelaide Crows,WL,4.0,316.0,1.0,13.0,1.0,0.0,3.0,0.0,75.0,12.0
2026,24,2026-08-22,Isaac,Cumming,Adelaide Crows,HFFL,3.0,177.0,1.0,10.0,1.0,0.0,1.0,1.0,75.0,6.0
2026,24,2026-08-22,Daniel,Curtin,Adelaide Crows,WR,8.0,306.0,3.0,13.0,3.0,4.0,9.0,0.0,77.3,17.0
2026,24,2026-08-22,Jordan,Dawson,Adelaide Crows,C,8.0,431.0,1.0,20.0,5.0,4.0,5.0,1.0,75.0,24.0
2026,24,2026-08-22,Darcy,Fogarty,Adelaide Crows,FPL,9.0,364.0,0.0,8.0,4.0,0.0,1.0,1.0,56.3,9.0
2026,24,2026-08-22,Hugo,Hall-Kahan,Adelaide Crows,INT,9.0,439.0,5.0,5.0,2.0,0.0,6.0,0.0,83.3,20.0
2026,24,2026-08-22,Mark,Keane,Adelaide Crows,CHB,4.0,324.0,7.0,7.0,4.0,0.0,1.0,0.0,75.0,12.0
2026,24,2026-08-22,Ben,Keays,Adelaide Crows,FPR,11.0,344.0,5.0,10.0,3.0,0.0,7.0,1.0,68.0,17.0
2026,24,2026-08-22,Rory,Laird,Adelaide Crows,HBFR,6.0,-2.0,9.0,6.0,2.0,0.0,8.0,0.0,91.3,21.0
2026,24,2026-08-22,Lachlan,McAndrew,Adelaide Crows,RK,8.0,229.0,2.0,14.0,3.0,2.0,3.0,0.0,75.0,9.0
2026,24,2026-08-22,Max,Michalanney,Adelaide Crows,BPR,4.0,264.0,3.0,9.0,1.0,0.0,3.0,0.0,71.4,10.0
2026,24,2026-08-22,Wayne,Milera,Adelaide Crows,HBFL,4.0,304.0,2.0,6.0,2.0,1.0,2.0,0.0,78.9,15.0
2026,24,2026-08-22,Luke,Nankervis,Adelaide Crows,INT,4.0,157.0,5.0,8.0,1.0,0.0,5.0,0.0,68.8,11.0
2026,24,2026-08-22,Alex,Neal-Bullen,Adelaide Crows,R,4.0,123.0,2.0,12.0,2.0,0.0,7.0,0.0,75.0,12.0
2026,24,2026-08-22,Josh,Rachele,Adelaide Crows,HFFR,6.0,274.0,0.0,10.0,3.0,0.0,2.0,0.0,76.9,10.0
2026,24,2026-08-22,Izak,Rankine,Adelaide Crows,RR,10.0,845.0,2.0,8.0,2.0,7.0,10.0,0.0,77.1,27.0
2026,24,2026-08-22,Jake,Soligo,Adelaide Crows,INT,4.0,74.0,2.0,19.0,1.0,0.0,4.0,0.0,72.7,8.0
2026,24,2026-08-22,Zac,Taylor,Adelaide Crows,INT,3.0,112.0,0.0,6.0,2.0,0.0,2.0,0.0,66.7,4.0
2026,24,2026-08-22,Riley,Thilthorpe,Adelaide Crows,CHF,12.0,428.0,2.0,9.0,2.0,3.0,5.0,0.0,52.4,11.0
2026,24,2026-08-22,Taylor,Walker,Adelaide Crows,FF,10.0,280.0,0.0,5.0,4.0,0.0,3.0,0.0,69.2,9.0
2026,24,2026-08-22,Josh,Worrell,Adelaide Crows,BPL,1.0,315.0,4.0,10.0,3.0,0.0,4.0,0.0,86.7,13.0
2026,24,2026-08-22,Ryan,Angwin,GWS GIANTS,WL,5.0,223.0,4.0,21.0,2.0,2.0,8.0,0.0,70.6,12.0
2026,24,2026-08-22,Lachie,Ash,GWS GIANTS,HBFR,5.0,594.0,3.0,22.0,6.0,2.0,5.0,0.0,84.6,22.0
2026,24,2026-08-22,Kieren,Briggs,GWS GIANTS,RK,4.0,219.0,4.0,10.0,1.0,1.0,3.0,0.0,90.9,10.0
2026,24,2026-08-22,Callum,Brown,GWS GIANTS,HFFL,3.0,189.0,0.0,15.0,2.0,0.0,1.0,0.0,66.7,4.0
2026,24,2026-08-22,Aaron,Cadman,GWS GIANTS,FF,7.0,284.0,0.0,5.0,3.0,0.0,3.0,0.0,61.5,8.0
2026,24,2026-08-22,Stephen,Coniglio,GWS GIANTS,HFFR,6.0,43.0,4.0,8.0,2.0,1.0,4.0,0.0,90.0,18.0
2026,24,2026-08-22,Josaia,Delana,GWS GIANTS,CHF,8.0,112.0,1.0,15.0,5.0,0.0,5.0,1.0,71.4,10.0
2026,24,2026-08-22,Joe,Fonti,GWS GIANTS,BPR,4.0,409.0,5.0,11.0,4.0,0.0,3.0,0.0,72.2,13.0
2026,24,2026-08-22,Toby,Greene,GWS GIANTS,R,6.0,321.0,0.0,17.0,5.0,1.0,3.0,2.0,41.2,7.0
2026,24,2026-08-22,Max,Gruzewski,GWS GIANTS,FPR,4.0,211.0,0.0,1.0,2.0,0.0,2.0,0.0,83.3,5.0
2026,24,2026-08-22,Riley,Hamilton,GWS GIANTS,INT,5.0,98.0,0.0,19.0,2.0,0.0,3.0,4.0,90.9,10.0
2026,24,2026-08-22,Harry,Himmelberg,GWS GIANTS,CHB,4.0,229.0,3.0,5.0,4.0,0.0,2.0,0.0,78.6,11.0
2026,24,2026-08-22,Connor,Idun,GWS GIANTS,BPL,6.0,274.0,6.0,9.0,2.0,0.0,4.0,0.0,85.0,17.0
2026,24,2026-08-22,Nicholas,Madden,GWS GIANTS,INT,4.0,80.0,3.0,9.0,1.0,1.0,2.0,0.0,71.4,10.0
2026,24,2026-08-22,Toby,McMullin,GWS GIANTS,INT,3.0,265.0,5.0,11.0,5.0,0.0,3.0,0.0,84.6,11.0
2026,24,2026-08-22,Xavier,O'Halloran,GWS GIANTS,INT,2.0,321.0,3.0,10.0,3.0,0.0,2.0,0.0,81.8,9.0
2026,24,2026-08-22,Clayton,Oliver,GWS GIANTS,C,8.0,365.0,1.0,16.0,4.0,3.0,7.0,0.0,68.0,17.0
2026,24,2026-08-22,Harry,Rowston,GWS GIANTS,RR,7.0,249.0,1.0,21.0,0.0,2.0,4.0,0.0,93.8,15.0
2026,24,2026-08-22,Conor,Stone,GWS GIANTS,INT,5.0,105.0,1.0,8.0,2.0,0.0,3.0,0.0,63.6,7.0
2026,24,2026-08-22,Jake,Stringer,GWS GIANTS,FPL,9.0,307.0,1.0,11.0,2.0,0.0,4.0,1.0,58.3,7.0
2026,24,2026-08-22,Sam,Taylor,GWS GIANTS,FB,1.0,135.0,2.0,2.0,1.0,0.0,0.0,0.0,100.0,3.0
2026,24,2026-08-22,Harvey,Thomas,GWS GIANTS,WR,3.0,214.0,2.0,10.0,3.0,0.0,1.0,1.0,90.9,10.0
2026,24,2026-08-22,Lachie,Whitfield,GWS GIANTS,HBFL,8.0,354.0,5.0,9.0,0.0,0.0,4.0,0.0,95.2,20.0
2026,24,2026-08-23,Jaxon,Artemis,Essendon,HBFR,2.0,152.0,4.0,8.0,3.0,0.0,4.0,0.0,81.8,9.0
2026,24,2026-08-23,Nick,Bryan,Essendon,INT,5.0,131.0,1.0,5.0,3.0,2.0,5.0,0.0,54.5,6.0
2026,24,2026-08-23,Nate,Caddy,Essendon,CHF,8.0,269.0,1.0,3.0,5.0,0.0,6.0,1.0,58.8,10.0
2026,24,2026-08-23,Jye,Caldwell,Essendon,INT,6.0,88.0,1.0,8.0,5.0,0.0,6.0,0.0,65.2,15.0
2026,24,2026-08-23,Angus,Clarke,Essendon,WR,8.0,258.0,1.0,11.0,2.0,0.0,4.0,0.0,50.0,7.0
2026,24,2026-08-23,Archer,Day-Wicks,Essendon,HFFR,6.0,287.0,1.0,12.0,3.0,0.0,2.0,2.0,60.0,9.0
2026,24,2026-08-23,Jacob,Farrow,Essendon,HFFL,4.0,297.0,2.0,5.0,2.0,1.0,2.0,0.0,72.7,8.0
2026,24,2026-08-23,Harrison,Jones,Essendon,INT,2.0,202.0,5.0,9.0,3.0,0.0,3.0,0.0,78.6,11.0
2026,24,2026-08-23,Isaac,Kako,Essendon,INT,7.0,36.0,2.0,12.0,0.0,0.0,9.0,2.0,80.0,12.0
2026,24,2026-08-23,Max,Kondogiannis,Essendon,INT,1.0,100.0,2.0,8.0,1.0,0.0,4.0,0.0,92.3,12.0
2026,24,2026-08-23,Kyle,Langford,Essendon,FPR,1.0,192.0,8.0,6.0,1.0,0.0,4.0,0.0,91.7,11.0
2026,24,2026-08-23,Andrew,McGrath,Essendon,BPL,6.0,354.0,1.0,25.0,3.0,2.0,5.0,2.0,92.0,23.0
2026,24,2026-08-23,Zach,Merrett,Essendon,RR,8.0,459.0,4.0,25.0,2.0,1.0,4.0,0.0,78.1,25.0
2026,24,2026-08-23,Archie,Perkins,Essendon,WL,7.0,305.0,1.0,12.0,1.0,0.0,2.0,1.0,61.5,8.0
2026,24,2026-08-23,Jaxon,Prior,Essendon,HBFL,5.0,376.0,5.0,10.0,3.0,1.0,2.0,1.0,76.2,16.0
2026,24,2026-08-23,Mason,Redman,Essendon,BPR,4.0,344.0,4.0,8.0,5.0,0.0,3.0,0.0,92.9,13.0
2026,24,2026-08-23,Zach,Reid,Essendon,FB,5.0,283.0,8.0,9.0,2.0,0.0,4.0,0.0,89.5,17.0
2026,24,2026-08-23,Archie,Roberts,Essendon,CHB,3.0,260.0,4.0,10.0,3.0,1.0,8.0,0.0,81.5,22.0
2026,24,2026-08-23,Will,Setterfield,Essendon,C,6.0,468.0,4.0,23.0,6.0,2.0,8.0,2.0,68.8,22.0
2026,24,2026-08-23,Dyson,Sharp,Essendon,R,3.0,302.0,3.0,20.0,4.0,4.0,6.0,3.0,63.6,14.0
2026,24,2026-08-23,Rhys,Unwin,Essendon,FPL,2.0,117.0,0.0,16.0,1.0,0.0,1.0,3.0,71.4,5.0
2026,24,2026-08-23,Vigo,Visentini,Essendon,RK,3.0,114.0,2.0,10.0,0.0,0.0,1.0,1.0,66.7,6.0
2026,24,2026-08-23,Peter,Wright,Essendon,FF,5.0,196.0,1.0,2.0,1.0,0.0,0.0,1.0,71.4,5.0
2026,24,2026-08-23,Tom,Anastasopoulos,Port Adelaide,INT,3.0,285.0,3.0,6.0,3.0,0.0,5.0,0.0,42.9,6.0
2026,24,2026-08-23,Xavier,Bamert,Port Adelaide,HFFL,5.0,242.0,2.0,14.0,2.0,0.0,1.0,1.0,81.8,9.0
2026,24,2026-08-23,Miles,Bergman,Port Adelaide,RR,2.0,437.0,5.0,14.0,8.0,1.0,5.0,0.0,63.6,14.0
2026,24,2026-08-23,Joe,Berry,Port Adelaide,WR,4.0,371.0,2.0,12.0,2.0,0.0,5.0,0.0,73.3,11.0
2026,24,2026-08-23,Will,Brodie,Port Adelaide,INT,6.0,237.0,1.0,18.0,1.0,4.0,8.0,0.0,77.3,17.0
2026,24,2026-08-23,Jase,Burgoyne,Port Adelaide,R,9.0,581.0,5.0,18.0,6.0,1.0,7.0,0.0,76.7,23.0
2026,24,2026-08-23,Darcy,Byrne-Jones,Port Adelaide,BPR,5.0,526.0,5.0,14.0,5.0,0.0,7.0,0.0,73.1,19.0
2026,24,2026-08-23,Corey,Durdin,Port Adelaide,FPL,5.0,66.0,0.0,13.0,0.0,0.0,2.0,1.0,87.5,7.0
2026,24,2026-08-23,Mitch,Georgiades,Port Adelaide,FF,9.0,142.0,1.0,6.0,5.0,0.0,1.0,1.0,73.3,11.0
2026,24,2026-08-23,Lachie,Jones,Port Adelaide,HBFR,2.0,300.0,9.0,6.0,4.0,0.0,4.0,0.0,94.4,17.0
2026,24,2026-08-23,Josh,Lai,Port Adelaide,BPL,1.0,324.0,4.0,9.0,4.0,0.0,3.0,0.0,75.0,9.0
2026,24,2026-08-23,Todd,Marshall,Port Adelaide,CHF,4.0,102.0,2.0,12.0,2.0,0.0,3.0,0.0,50.0,4.0
2026,24,2026-08-23,Christian,Moraes,Port Adelaide,HBFL,7.0,332.0,1.0,17.0,0.0,0.0,3.0,1.0,84.2,16.0
2026,24,2026-08-23,Balyn,O'Brien,Port Adelaide,INT,1.0,-9.0,4.0,6.0,0.0,0.0,2.0,0.0,100.0,4.0
2026,24,2026-08-23,Harrison,Ramm,Port Adelaide,FB,1.0,52.0,4.0,7.0,1.0,0.0,2.0,0.0,66.7,4.0
2026,24,2026-08-23,Joe,Richards,Port Adelaide,HFFR,4.0,356.0,0.0,25.0,7.0,3.0,2.0,0.0,50.0,11.0
2026,24,2026-08-23,Jordon,Sweet,Port Adelaide,RK,8.0,235.0,1.0,4.0,1.0,5.0,2.0,0.0,86.7,13.0
2026,24,2026-08-23,Alex,Van Wyk,Port Adelaide,INT,4.0,173.0,0.0,3.0,2.0,0.0,3.0,0.0,66.7,8.0
2026,24,2026-08-23,Dante,Visentini,Port Adelaide,CHB,3.0,177.0,5.0,5.0,2.0,0.0,3.0,0.0,62.5,5.0
2026,24,2026-08-23,Jacob,Wehr,Port Adelaide,WL,5.0,448.0,2.0,10.0,3.0,0.0,6.0,0.0,73.3,11.0
2026,24,2026-08-23,Jack,Whitlock,Port Adelaide,FPR,6.0,115.0,1.0,9.0,4.0,0.0,3.0,0.0,78.6,11.0
2026,24,2026-08-23,Ollie,Wines,Port Adelaide,C,2.0,237.0,0.0,11.0,2.0,1.0,7.0,0.0,55.6,15.0
2026,24,2026-08-23,Mitch,Zadow,Port Adelaide,INT,5.0,210.0,2.0,11.0,1.0,0.0,1.0,1.0,37.5,3.0
2026,24,2026-08-23,Braeden,Campbell,Sydney Swans,HFFR,11.0,584.0,4.0,12.0,2.0,0.0,4.0,2.0,85.0,17.0
2026,24,2026-08-23,Caiden,Cleary,Sydney Swans,R,5.0,220.0,3.0,20.0,2.0,3.0,8.0,1.0,77.8,14.0
2026,24,2026-08-23,Billy,Cootee,Sydney Swans,FPR,6.0,310.0,1.0,13.0,3.0,0.0,5.0,2.0,75.0,12.0
2026,24,2026-08-23,Harry,Cunningham,Sydney Swans,INT,1.0,234.0,1.0,8.0,3.0,0.0,2.0,0.0,81.3,13.0
2026,24,2026-08-23,Charlie,Curnow,Sydney Swans,FF,11.0,380.0,3.0,2.0,2.0,0.0,4.0,1.0,53.3,8.0
2026,24,2026-08-23,Jesse,Dattoli,Sydney Swans,INT,8.0,288.0,1.0,13.0,4.0,0.0,11.0,2.0,57.1,12.0
2026,24,2026-08-23,William,Green,Sydney Swans,INT,6.0,232.0,0.0,16.0,2.0,0.0,3.0,2.0,88.9,8.0
2026,24,2026-08-23,Brodie,Grundy,Sydney Swans,RK,10.0,221.0,5.0,2.0,4.0,5.0,7.0,0.0,57.7,15.0
2026,24,2026-08-23,Errol,Gulden,Sydney Swans,C,8.0,1055.0,3.0,12.0,6.0,2.0,7.0,0.0,63.4,26.0
2026,24,2026-08-23,Joel,Hamling,Sydney Swans,HBFR,1.0,31.0,2.0,3.0,0.0,0.0,1.0,0.0,87.5,7.0
2026,24,2026-08-23,Tom,Hanily,Sydney Swans,INT,5.0,188.0,3.0,8.0,2.0,0.0,2.0,1.0,69.2,9.0
2026,24,2026-08-23,Harry,Kyle,Sydney Swans,CHB,3.0,257.0,4.0,6.0,4.0,0.0,3.0,0.0,58.3,7.0
2026,24,2026-08-23,Jake,Lloyd,Sydney Swans,HFFL,7.0,314.0,4.0,13.0,0.0,0.0,1.0,0.0,83.3,15.0
2026,24,2026-08-23,Tom,McCartin,Sydney Swans,FB,3.0,238.0,6.0,3.0,0.0,0.0,2.0,0.0,100.0,11.0
2026,24,2026-08-23,Logan,McDonald,Sydney Swans,CHF,7.0,167.0,2.0,6.0,2.0,0.0,3.0,2.0,90.9,10.0
2026,24,2026-08-23,Callum,Mills,Sydney Swans,BPL,6.0,502.0,6.0,5.0,3.0,1.0,6.0,0.0,88.5,23.0
2026,24,2026-08-23,Tom,Papley,Sydney Swans,FPL,11.0,448.0,1.0,19.0,4.0,0.0,5.0,3.0,47.1,8.0
2026,24,2026-08-23,Dane,Rampe,Sydney Swans,BPR,0.0,120.0,5.0,6.0,2.0,0.0,2.0,0.0,87.5,7.0
2026,24,2026-08-23,Matt,Roberts,Sydney Swans,WL,5.0,146.0,2.0,13.0,2.0,0.0,2.0,1.0,63.6,7.0
2026,24,2026-08-23,James,Rowbottom,Sydney Swans,RR,6.0,270.0,1.0,30.0,6.0,3.0,3.0,1.0,57.9,11.0
2026,24,2026-08-23,Jai,Serong,Sydney Swans,WR,9.0,198.0,2.0,13.0,3.0,2.0,8.0,0.0,70.8,17.0
2026,24,2026-08-23,Angus,Sheldrick,Sydney Swans,INT,7.0,175.0,1.0,3.0,1.0,1.0,6.0,0.0,68.8,11.0
2026,24,2026-08-23,Sam,Wicks,Sydney Swans,HBFL,3.0,440.0,4.0,10.0,2.0,1.0,2.0,0.0,78.6,11.0
2026,24,2026-08-23,Zac,Banch,North Melbourne,INT,8.0,215.0,1.0,14.0,2.0,0.0,3.0,0.0,92.3,12.0
2026,24,2026-08-23,Charlie,Comben,North Melbourne,FB,3.0,184.0,8.0,10.0,1.0,0.0,2.0,0.0,84.6,11.0
2026,24,2026-08-23,Aidan,Corr,North Melbourne,BPL,0.0,208.0,4.0,8.0,2.0,0.0,3.0,0.0,91.7,11.0
2026,24,2026-08-23,Paul,Curtis,North Melbourne,FPR,3.0,134.0,0.0,12.0,0.0,0.0,0.0,0.0,85.7,6.0
2026,24,2026-08-23,Caleb,Daniel,North Melbourne,CHB,8.0,303.0,4.0,10.0,5.0,0.0,4.0,0.0,80.8,21.0
2026,24,2026-08-23,Jack,Darling,North Melbourne,HFFR,2.0,-8.0,0.0,4.0,0.0,0.0,1.0,1.0,100.0,3.0
2026,24,2026-08-23,Luke,Davies-Uniacke,North Melbourne,C,1.0,319.0,1.0,20.0,3.0,2.0,8.0,0.0,88.2,15.0
2026,24,2026-08-23,Wil,Dawson,North Melbourne,INT,2.0,166.0,0.0,12.0,2.0,1.0,2.0,0.0,50.0,3.0
2026,24,2026-08-23,Josh,Goater,North Melbourne,INT,2.0,253.0,2.0,9.0,4.0,0.0,1.0,0.0,76.5,13.0
2026,24,2026-08-23,Riley,Hardeman,North Melbourne,HBFL,1.0,353.0,4.0,9.0,4.0,0.0,3.0,0.0,65.0,13.0
2026,24,2026-08-23,Nick,Larkey,North Melbourne,FF,5.0,134.0,0.0,7.0,0.0,0.0,2.0,1.0,85.7,6.0
2026,24,2026-08-23,Griffin,Logue,North Melbourne,INT,2.0,293.0,8.0,10.0,3.0,0.0,6.0,0.0,64.7,11.0
2026,24,2026-08-23,Luke,McDonald,North Melbourne,RR,8.0,525.0,2.0,16.0,5.0,2.0,5.0,0.0,66.7,16.0
2026,24,2026-08-23,Colby,McKercher,North Melbourne,HBFR,4.0,260.0,0.0,14.0,1.0,0.0,1.0,0.0,88.9,16.0
2026,24,2026-08-23,Finn,O'Sullivan,North Melbourne,WL,4.0,263.0,2.0,15.0,2.0,0.0,3.0,0.0,70.0,14.0
2026,24,2026-08-23,Luke,Parker,North Melbourne,BPR,4.0,421.0,5.0,9.0,3.0,0.0,3.0,0.0,76.9,20.0
2026,24,2026-08-23,Jy,Simpkin,North Melbourne,R,8.0,402.0,1.0,26.0,3.0,1.0,4.0,2.0,80.8,21.0
2026,24,2026-08-23,Charlie,Spargo,North Melbourne,HFFL,5.0,206.0,2.0,12.0,6.0,0.0,2.0,3.0,53.3,8.0
2026,24,2026-08-23,Dylan,Stephens,North Melbourne,WR,0.0,350.0,4.0,12.0,6.0,0.0,3.0,0.0,76.5,13.0
2026,24,2026-08-23,Cooper,Trembath,North Melbourne,CHF,3.0,147.0,2.0,14.0,2.0,0.0,4.0,2.0,60.0,6.0
2026,24,2026-08-23,George,Wardlaw,North Melbourne,INT,4.0,346.0,2.0,17.0,3.0,3.0,9.0,2.0,55.6,10.0
2026,24,2026-08-23,Tristan,Xerri,North Melbourne,RK,4.0,45.0,2.0,13.0,2.0,1.0,4.0,1.0,71.4,15.0
2026,24,2026-08-23,Cameron,Zurhaar,North Melbourne,FPL,6.0,373.0,5.0,10.0,5.0,0.0,5.0,0.0,68.4,13.0
2026,24,2026-08-23,Bo,Allan,West Coast Eagles,WR,2.0,206.0,5.0,8.0,4.0,1.0,8.0,0.0,69.2,9.0
2026,24,2026-08-23,Liam,Baker,West Coast Eagles,HBFL,3.0,148.0,4.0,5.0,3.0,0.0,4.0,0.0,71.4,10.0
2026,24,2026-08-23,Rhett,Bazzo,West Coast Eagles,FB,0.0,178.0,4.0,10.0,5.0,0.0,1.0,0.0,70.0,7.0
2026,24,2026-08-23,Tom,Cole,West Coast Eagles,HFFL,5.0,201.0,4.0,15.0,2.0,0.0,2.0,2.0,69.2,9.0
2026,24,2026-08-23,Hamish,Davis,West Coast Eagles,WL,2.0,225.0,4.0,16.0,2.0,0.0,5.0,1.0,76.5,13.0
2026,24,2026-08-23,Cooper,Duff-Tytler,West Coast Eagles,FPR,2.0,99.0,0.0,12.0,1.0,0.0,2.0,0.0,50.0,3.0
2026,24,2026-08-23,Willem,Duursma,West Coast Eagles,HFFR,1.0,255.0,7.0,9.0,1.0,0.0,5.0,0.0,73.7,14.0
2026,24,2026-08-23,Jack,Graham,West Coast Eagles,INT,8.0,271.0,2.0,21.0,5.0,1.0,5.0,0.0,61.9,13.0
2026,24,2026-08-23,Tom,Gross,West Coast Eagles,INT,3.0,109.0,1.0,5.0,1.0,0.0,2.0,0.0,88.9,8.0
2026,24,2026-08-23,Marcus,Herbert,West Coast Eagles,INT,2.0,302.0,4.0,10.0,3.0,0.0,3.0,0.0,70.0,14.0
2026,24,2026-08-23,Brady,Hough,West Coast Eagles,BPR,1.0,362.0,8.0,8.0,4.0,0.0,7.0,0.0,65.0,13.0
2026,24,2026-08-23,Tim,Kelly,West Coast Eagles,C,5.0,456.0,2.0,26.0,4.0,0.0,6.0,0.0,71.4,20.0
2026,24,2026-08-23,Josh,Lindsay,West Coast Eagles,INT,2.0,233.0,1.0,6.0,3.0,0.0,2.0,0.0,75.0,9.0
2026,24,2026-08-23,Tom,McCarthy,West Coast Eagles,HBFR,5.0,410.0,6.0,9.0,5.0,0.0,4.0,0.0,75.0,15.0
2026,24,2026-08-23,Milan,Murdock,West Coast Eagles,FPL,7.0,287.0,3.0,12.0,3.0,0.0,7.0,1.0,70.8,17.0
2026,24,2026-08-23,Harley,Reid,West Coast Eagles,RR,5.0,391.0,5.0,13.0,3.0,2.0,9.0,0.0,71.4,15.0
2026,24,2026-08-23,Jobe,Shanahan,West Coast Eagles,CHF,2.0,41.0,2.0,12.0,2.0,0.0,5.0,1.0,66.7,4.0
2026,24,2026-08-23,Brandon,Starcevich,West Coast Eagles,BPL,0.0,157.0,1.0,9.0,3.0,0.0,1.0,0.0,66.7,4.0
2026,24,2026-08-23,Jake,Waterman,West Coast Eagles,FF,3.0,128.0,1.0,7.0,2.0,0.0,1.0,0.0,63.6,7.0
2026,24,2026-08-23,Bailey J.,Williams,West Coast Eagles,RK,0.0,174.0,3.0,8.0,2.0,2.0,5.0,0.0,84.6,11.0
2026,24,2026-08-23,Jack,Williams,West Coast Eagles,INT,5.0,268.0,0.0,11.0,4.0,0.0,4.0,0.0,46.7,7.0
2026,24,2026-08-23,Elliot,Yeo,West Coast Eagles,R,3.0,354.0,3.0,18.0,8.0,2.0,9.0,1.0,64.0,16.0
2026,24,2026-08-23,Tylar,Young,West Coast Eagles,CHB,0.0,629.0,9.0,5.0,7.0,0.0,5.0,0.0,94.7,18.0
2026,24,2026-08-23,Karl,Amon,Hawthorn,CHB,3.0,312.0,0.0,9.0,5.0,0.0,0.0,0.0,76.9,10.0
2026,24,2026-08-23,Tom,Barrass,Hawthorn,FB,0.0,-7.0,7.0,5.0,1.0,0.0,4.0,0.0,100.0,9.0
2026,24,2026-08-23,Josh,Battle,Hawthorn,HBFR,0.0,230.0,5.0,0.0,3.0,0.0,3.0,0.0,76.9,10.0
2026,24,2026-08-23,Max,Beattie,Hawthorn,INT,8.0,342.0,1.0,4.0,4.0,0.0,6.0,0.0,53.3,8.0
2026,24,2026-08-23,Mabior,Chol,Hawthorn,CHF,4.0,93.0,0.0,13.0,1.0,1.0,4.0,1.0,55.6,5.0
2026,24,2026-08-23,Massimo,D'Ambrosio,Hawthorn,WR,5.0,322.0,2.0,9.0,5.0,0.0,5.0,0.0,55.6,10.0
2026,24,2026-08-23,Jack,Dalton,Hawthorn,HFFR,3.0,125.0,3.0,13.0,3.0,0.0,4.0,2.0,71.4,10.0
2026,24,2026-08-23,Will,Day,Hawthorn,C,7.0,420.0,1.0,11.0,4.0,2.0,4.0,0.0,73.9,17.0
2026,24,2026-08-23,Jack,Gunston,Hawthorn,FPR,6.0,192.0,0.0,14.0,4.0,0.0,1.0,1.0,87.5,7.0
2026,24,2026-08-23,Blake,Hardwick,Hawthorn,BPR,4.0,525.0,8.0,11.0,4.0,0.0,5.0,0.0,90.9,20.0
2026,24,2026-08-23,Jarman,Impey,Hawthorn,HBFL,2.0,309.0,5.0,17.0,1.0,0.0,4.0,0.0,75.0,12.0
2026,24,2026-08-23,Mitch,Lewis,Hawthorn,FF,6.0,292.0,1.0,15.0,6.0,0.0,3.0,2.0,71.4,10.0
2026,24,2026-08-23,Bailey,Macdonald,Hawthorn,INT,1.0,253.0,5.0,10.0,2.0,0.0,2.0,0.0,83.3,10.0
2026,24,2026-08-23,Connor,Macdonald,Hawthorn,INT,10.0,453.0,4.0,23.0,1.0,1.0,5.0,2.0,91.3,21.0
2026,24,2026-08-23,Cam,Mackenzie,Hawthorn,INT,1.0,363.0,3.0,14.0,7.0,2.0,7.0,0.0,68.8,11.0
2026,24,2026-08-23,Lloyd,Meek,Hawthorn,RK,6.0,185.0,5.0,15.0,2.0,4.0,7.0,0.0,68.8,11.0
2026,24,2026-08-23,Dylan,Moore,Hawthorn,HFFL,8.0,505.0,4.0,19.0,7.0,0.0,7.0,1.0,45.5,10.0
2026,24,2026-08-23,Harry,Morrison,Hawthorn,WL,6.0,351.0,5.0,14.0,6.0,0.0,7.0,2.0,60.0,12.0
2026,24,2026-08-23,Jai,Newcombe,Hawthorn,RR,6.0,497.0,0.0,22.0,2.0,1.0,2.0,0.0,73.7,14.0
2026,24,2026-08-23,James,Sicily,Hawthorn,BPL,3.0,572.0,10.0,5.0,6.0,0.0,4.0,0.0,73.7,14.0
2026,24,2026-08-23,Josh,Ward,Hawthorn,R,5.0,188.0,5.0,23.0,2.0,2.0,9.0,1.0,70.8,17.0
2026,24,2026-08-23,Nick,Watson,Hawthorn,FPL,9.0,258.0,1.0,5.0,1.0,1.0,3.0,2.0,58.3,7.0
2026,24,2026-08-23,Josh,Weddle,Hawthorn,INT,3.0,123.0,2.0,14.0,2.0,0.0,2.0,0.0,72.7,8.0
2026,25,2026-08-28,Marcus,Bontempelli,Western Bulldogs,FF,10.0,543.0,1.0,8.0,5.0,3.0,8.0,0.0,71.9,23.0
2026,25,2026-08-28,Lachlan,Bramble,Western Bulldogs,HBFL,3.0,460.0,2.0,12.0,4.0,1.0,6.0,0.0,63.6,14.0
2026,25,2026-08-28,Connor,Budarick,Western Bulldogs,BPL,2.0,100.0,2.0,10.0,1.0,0.0,2.0,0.0,88.9,8.0
2026,25,2026-08-28,Bailey,Dale,Western Bulldogs,HBFR,4.0,489.0,10.0,6.0,5.0,0.0,4.0,0.0,70.8,17.0
2026,25,2026-08-28,Sam,Davidson,Western Bulldogs,INT,4.0,435.0,1.0,14.0,6.0,0.0,1.0,1.0,63.2,12.0
2026,25,2026-08-28,Josh,Dolan,Western Bulldogs,FPL,3.0,172.0,1.0,11.0,2.0,0.0,2.0,0.0,77.8,7.0
2026,25,2026-08-28,Tim,English,Western Bulldogs,RK,4.0,218.0,4.0,16.0,3.0,4.0,5.0,1.0,75.0,15.0
2026,25,2026-08-28,Joel,Freijah,Western Bulldogs,C,7.0,201.0,1.0,28.0,5.0,4.0,11.0,2.0,55.6,15.0
2026,25,2026-08-28,Ryan,Gardner,Western Bulldogs,INT,0.0,97.0,1.0,3.0,1.0,0.0,1.0,0.0,66.7,2.0
2026,25,2026-08-28,Cooper,Hynes,Western Bulldogs,WR,2.0,374.0,2.0,14.0,1.0,0.0,6.0,0.0,57.9,11.0
2026,25,2026-08-28,Arthur,Jones,Western Bulldogs,HFFR,9.0,220.0,4.0,10.0,2.0,0.0,5.0,1.0,64.7,11.0
2026,25,2026-08-28,Luke,Kennedy,Western Bulldogs,INT,3.0,110.0,3.0,19.0,1.0,0.0,4.0,2.0,72.7,8.0
2026,25,2026-08-28,Matthew,Kennedy,Western Bulldogs,RR,7.0,493.0,5.0,14.0,6.0,2.0,7.0,0.0,74.1,20.0
2026,25,2026-08-28,Buku,Khamis,Western Bulldogs,FB,1.0,67.0,2.0,11.0,0.0,0.0,0.0,0.0,100.0,5.0
2026,25,2026-08-28,Rory,Lobb,Western Bulldogs,FPR,5.0,93.0,1.0,12.0,2.0,1.0,2.0,0.0,60.0,6.0
2026,25,2026-08-28,Aaron,Naughton,Western Bulldogs,CHF,9.0,190.0,1.0,4.0,2.0,0.0,6.0,1.0,68.8,11.0
2026,25,2026-08-28,James,O'Donnell,Western Bulldogs,CHB,1.0,173.0,4.0,2.0,1.0,0.0,1.0,0.0,100.0,9.0
2026,25,2026-08-28,Ed,Richards,Western Bulldogs,R,5.0,433.0,1.0,20.0,4.0,2.0,7.0,2.0,52.0,13.0
2026,25,2026-08-28,Ryley,Sanders,Western Bulldogs,WL,8.0,292.0,4.0,9.0,5.0,2.0,10.0,0.0,84.0,21.0
2026,25,2026-08-28,Michael,Sellwood,Western Bulldogs,INT,2.0,72.0,2.0,4.0,3.0,0.0,3.0,0.0,87.5,7.0
2026,25,2026-08-28,Cody,Weightman,Western Bulldogs,HFFL,3.0,247.0,0.0,15.0,3.0,0.0,0.0,0.0,53.8,7.0
2026,25,2026-08-28,Rhylee,West,Western Bulldogs,INT,7.0,274.0,5.0,18.0,4.0,0.0,8.0,0.0,57.1,12.0
2026,25,2026-08-28,Bailey,Williams,Western Bulldogs,BPR,2.0,391.0,7.0,11.0,5.0,0.0,2.0,0.0,82.4,14.0
2026,25,2026-08-28,Edward,Allan,Collingwood,RR,3.0,281.0,3.0,21.0,6.0,0.0,3.0,0.0,46.2,6.0
2026,25,2026-08-28,Angus,Anderson,Collingwood,INT,5.0,155.0,1.0,12.0,2.0,0.0,1.0,1.0,66.7,4.0
2026,25,2026-08-28,Darcy,Cameron,Collingwood,RK,3.0,298.0,5.0,21.0,5.0,3.0,6.0,0.0,36.8,7.0
2026,25,2026-08-28,Jack,Crisp,Collingwood,INT,6.0,408.0,3.0,23.0,4.0,0.0,5.0,0.0,61.9,13.0
2026,25,2026-08-28,Josh,Daicos,Collingwood,CHB,2.0,429.0,5.0,13.0,5.0,0.0,9.0,0.0,61.5,16.0
2026,25,2026-08-28,Nick,Daicos,Collingwood,C,9.0,600.0,6.0,22.0,3.0,0.0,7.0,0.0,73.3,22.0
2026,25,2026-08-28,Jordan,De Goey,Collingwood,R,3.0,168.0,2.0,14.0,3.0,1.0,8.0,1.0,66.7,10.0
2026,25,2026-08-28,Billy,Frampton,Collingwood,BPR,2.0,150.0,5.0,7.0,3.0,0.0,2.0,0.0,75.0,9.0
2026,25,2026-08-28,Harvey,Harrison,Collingwood,HFFL,4.0,50.0,2.0,12.0,1.0,0.0,2.0,3.0,87.5,7.0
2026,25,2026-08-28,William,Hayes,Collingwood,INT,3.0,155.0,1.0,11.0,1.0,0.0,1.0,0.0,80.0,4.0
2026,25,2026-08-28,Dan,Houston,Collingwood,HBFR,3.0,198.0,7.0,12.0,1.0,0.0,4.0,0.0,92.9,13.0
2026,25,2026-08-28,Jeremy,Howe,Collingwood,FB,0.0,198.0,8.0,10.0,3.0,0.0,3.0,0.0,93.3,14.0
2026,25,2026-08-28,Patrick,Lipinski,Collingwood,WR,7.0,414.0,3.0,16.0,6.0,1.0,5.0,0.0,66.7,16.0
2026,25,2026-08-28,Ned,Long,Collingwood,INT,5.0,367.0,2.0,36.0,2.0,1.0,6.0,1.0,43.8,7.0
2026,25,2026-08-28,Beau,McCreery,Collingwood,HFFR,7.0,556.0,0.0,18.0,3.0,3.0,8.0,0.0,72.7,16.0
2026,25,2026-08-28,Daniel,McStay,Collingwood,FPL,8.0,168.0,0.0,8.0,0.0,0.0,1.0,2.0,75.0,9.0
2026,25,2026-08-28,Tim,Membrey,Collingwood,FPR,5.0,65.0,1.0,6.0,0.0,0.0,3.0,1.0,66.7,8.0
2026,25,2026-08-28,Isaac,Quaynor,Collingwood,BPL,3.0,394.0,7.0,12.0,4.0,0.0,2.0,0.0,81.3,13.0
2026,25,2026-08-28,Lachie,Schultz,Collingwood,FF,4.0,154.0,0.0,19.0,0.0,0.0,4.0,0.0,85.7,12.0
2026,25,2026-08-28,Steele,Sidebottom,Collingwood,CHF,1.0,88.0,1.0,11.0,0.0,0.0,1.0,0.0,100.0,8.0
2026,25,2026-08-28,Roan,Steele,Collingwood,WL,3.0,272.0,3.0,16.0,4.0,0.0,6.0,1.0,42.9,6.0
2026,25,2026-08-28,Sam,Swadling,Collingwood,HBFL,2.0,548.0,6.0,10.0,6.0,0.0,5.0,0.0,62.5,20.0
2026,25,2026-08-28,Charlie,West,Collingwood,INT,4.0,47.0,0.0,4.0,2.0,0.0,2.0,0.0,85.7,6.0
2026,25,2026-08-29,Jake,Bowey,Melbourne,BPL,3.0,723.0,3.0,18.0,10.0,0.0,4.0,0.0,76.9,20.0
2026,25,2026-08-29,Kade,Chandler,Melbourne,FPR,4.0,287.0,4.0,18.0,3.0,1.0,8.0,0.0,62.5,10.0
2026,25,2026-08-29,Joel,Fitzgerald,Melbourne,INT,1.0,156.0,4.0,12.0,2.0,2.0,4.0,1.0,73.3,11.0
2026,25,2026-08-29,Bayley,Fritsch,Melbourne,FF,2.0,291.0,0.0,10.0,5.0,0.0,4.0,2.0,50.0,6.0
2026,25,2026-08-29,Max,Gawn,Melbourne,RK,5.0,239.0,0.0,5.0,1.0,2.0,2.0,0.0,72.2,13.0
2026,25,2026-08-29,Changkuoth,Jiath,Melbourne,BPR,1.0,368.0,4.0,8.0,3.0,0.0,3.0,0.0,87.5,14.0
2026,25,2026-08-29,Ed,Langdon,Melbourne,C,3.0,299.0,5.0,4.0,1.0,0.0,5.0,0.0,88.9,16.0
2026,25,2026-08-29,Harvey,Langford,Melbourne,CHF,4.0,273.0,7.0,13.0,4.0,0.0,5.0,1.0,76.2,16.0
2026,25,2026-08-29,Bailey,Laurie,Melbourne,INT,2.0,110.0,0.0,12.0,3.0,0.0,1.0,1.0,60.0,3.0
2026,25,2026-08-29,Xavier,Lindsay,Melbourne,INT,1.0,195.0,4.0,7.0,2.0,0.0,4.0,0.0,75.0,12.0
2026,25,2026-08-29,Tom,McDonald,Melbourne,HBFL,1.0,60.0,0.0,5.0,2.0,0.0,1.0,0.0,66.7,2.0
2026,25,2026-08-29,Jake,Melksham,Melbourne,INT,4.0,149.0,1.0,9.0,2.0,0.0,0.0,1.0,16.7,1.0
2026,25,2026-08-29,Harrison,Petty,Melbourne,CHB,3.0,81.0,1.0,9.0,2.0,0.0,1.0,0.0,66.7,4.0
2026,25,2026-08-29,Kysaiah,Pickett,Melbourne,FPL,6.0,413.0,5.0,18.0,4.0,3.0,5.0,0.0,31.6,6.0
2026,25,2026-08-29,Trent,Rivers,Melbourne,WR,0.0,430.0,2.0,10.0,5.0,0.0,1.0,0.0,88.2,15.0
2026,25,2026-08-29,Harry,Sharp,Melbourne,HFFR,2.0,178.0,1.0,17.0,6.0,0.0,2.0,0.0,60.0,6.0
2026,25,2026-08-29,Tom,Sparrow,Melbourne,R,2.0,245.0,2.0,23.0,3.0,1.0,2.0,1.0,60.0,6.0
2026,25,2026-08-29,Jack,Steele,Melbourne,RR,5.0,308.0,4.0,25.0,4.0,1.0,8.0,0.0,73.9,17.0
2026,25,2026-08-29,Xavier,Taylor,Melbourne,HBFR,0.0,69.0,4.0,8.0,2.0,0.0,3.0,0.0,66.7,4.0
2026,25,2026-08-29,Koltyn,Tholstrup,Melbourne,HFFL,0.0,293.0,7.0,6.0,3.0,0.0,5.0,0.0,80.0,12.0
2026,25,2026-08-29,Daniel,Turner,Melbourne,FB,0.0,238.0,7.0,5.0,2.0,0.0,3.0,0.0,100.0,15.0
2026,25,2026-08-29,Jack,Viney,Melbourne,INT,1.0,208.0,3.0,16.0,2.0,0.0,5.0,0.0,69.2,9.0
2026,25,2026-08-29,Caleb,Windsor,Melbourne,WL,4.0,214.0,5.0,12.0,2.0,0.0,5.0,0.0,84.6,11.0
2026,25,2026-08-29,Blake,Acres,Carlton,WL,7.0,305.0,4.0,9.0,2.0,0.0,3.0,0.0,64.7,11.0
2026,25,2026-08-29,Ben,Ainsworth,Carlton,HFFL,9.0,367.0,1.0,3.0,2.0,0.0,4.0,0.0,81.0,17.0
2026,25,2026-08-29,Talor,Byrne,Carlton,FPR,4.0,91.0,0.0,14.0,2.0,0.0,0.0,1.0,87.5,7.0
2026,25,2026-08-29,Adam,Cerra,Carlton,WR,6.0,408.0,4.0,15.0,6.0,0.0,5.0,0.0,88.5,23.0
2026,25,2026-08-29,Matthew,Cottrell,Carlton,INT,7.0,363.0,3.0,9.0,1.0,1.0,6.0,1.0,65.0,13.0
2026,25,2026-08-29,Lachlan,Cowan,Carlton,BPL,3.0,321.0,3.0,14.0,5.0,0.0,1.0,0.0,56.3,9.0
2026,25,2026-08-29,Patrick,Cripps,Carlton,C,3.0,226.0,2.0,12.0,4.0,2.0,4.0,1.0,68.2,15.0
2026,25,2026-08-29,Harry,Dean,Carlton,CHB,2.0,134.0,11.0,4.0,3.0,0.0,5.0,0.0,80.0,16.0
2026,25,2026-08-29,Francis,Evans,Carlton,INT,4.0,169.0,1.0,22.0,2.0,1.0,3.0,2.0,63.6,7.0
2026,25,2026-08-29,Oliver,Florent,Carlton,HBFL,4.0,532.0,7.0,13.0,6.0,0.0,7.0,0.0,66.7,16.0
2026,25,2026-08-29,Nick,Haynes,Carlton,HBFR,4.0,349.0,2.0,3.0,1.0,0.0,1.0,0.0,94.7,18.0
2026,25,2026-08-29,George,Hewett,Carlton,INT,3.0,143.0,1.0,12.0,2.0,1.0,3.0,0.0,80.0,16.0
2026,25,2026-08-29,Oliver,Hollands,Carlton,BPR,5.0,540.0,3.0,15.0,5.0,0.0,2.0,0.0,77.8,14.0
2026,25,2026-08-29,Brodie,Kemp,Carlton,HFFR,7.0,248.0,0.0,6.0,3.0,0.0,1.0,1.0,64.3,9.0
2026,25,2026-08-29,Cooper,Lord,Carlton,FPL,4.0,192.0,2.0,13.0,4.0,0.0,4.0,0.0,58.8,10.0
2026,25,2026-08-29,Mitch,McGovern,Carlton,CHF,1.0,118.0,3.0,15.0,5.0,0.0,1.0,0.0,70.0,7.0
2026,25,2026-08-29,Harry,McKay,Carlton,FF,5.0,220.0,1.0,5.0,2.0,0.0,4.0,0.0,83.3,10.0
2026,25,2026-08-29,Marc,Pittonet,Carlton,RK,5.0,77.0,1.0,9.0,1.0,0.0,5.0,1.0,53.8,7.0
2026,25,2026-08-29,Jagga,Smith,Carlton,R,7.0,269.0,3.0,13.0,5.0,2.0,13.0,0.0,75.9,22.0
2026,25,2026-08-29,Sam,Walsh,Carlton,RR,8.0,389.0,7.0,17.0,6.0,2.0,12.0,0.0,71.8,28.0
2026,25,2026-08-29,Jacob,Weitering,Carlton,FB,5.0,170.0,10.0,4.0,1.0,0.0,4.0,0.0,88.9,16.0
2026,25,2026-08-29,Billy,Wilson,Carlton,INT,2.0,214.0,3.0,10.0,3.0,0.0,2.0,0.0,78.6,11.0
2026,25,2026-08-29,Lewis,Young,Carlton,INT,3.0,63.0,1.0,7.0,2.0,0.0,2.0,1.0,77.8,7.0
2026,26,2026-09-03,Jye,Amiss,Fremantle,FPL,3.0,90.0,0.0,8.0,3.0,0.0,1.0,2.0,40.0,2.0
2026,26,2026-09-03,Shai,Bolton,Fremantle,R,3.0,434.0,0.0,14.0,7.0,1.0,3.0,0.0,66.7,14.0
2026,26,2026-09-03,Andrew,Brayshaw,Fremantle,C,8.0,619.0,0.0,24.0,7.0,1.0,7.0,0.0,76.7,23.0
2026,26,2026-09-03,Heath,Chapman,Fremantle,HBFR,3.0,403.0,6.0,9.0,11.0,0.0,6.0,0.0,68.2,15.0
2026,26,2026-09-03,Jordan,Clark,Fremantle,BPL,4.0,549.0,8.0,10.0,7.0,0.0,8.0,0.0,76.3,29.0
2026,26,2026-09-03,Mason,Cox,Fremantle,INT,1.0,0.0,3.0,6.0,2.0,0.0,0.0,0.0,100.0,4.0
2026,26,2026-09-03,Isaiah,Dudley,Fremantle,HFFL,5.0,344.0,0.0,13.0,3.0,0.0,2.0,0.0,42.9,6.0
2026,26,2026-09-03,Neil,Erasmus,Fremantle,INT,5.0,339.0,6.0,10.0,3.0,0.0,6.0,0.0,70.8,17.0
2026,26,2026-09-03,Michael,Frederick,Fremantle,WR,2.0,69.0,2.0,16.0,1.0,0.0,4.0,2.0,70.0,7.0
2026,26,2026-09-03,Luke,Jackson,Fremantle,RK,5.0,251.0,3.0,6.0,3.0,2.0,8.0,0.0,90.9,20.0
2026,26,2026-09-03,Matthew,Johnson,Fremantle,WL,2.0,265.0,2.0,16.0,3.0,0.0,3.0,0.0,71.4,10.0
2026,26,2026-09-03,Oscar,McDonald,Fremantle,BPR,2.0,307.0,6.0,3.0,3.0,0.0,3.0,0.0,82.4,14.0
2026,26,2026-09-03,Nathan,O'Driscoll,Fremantle,INT,2.0,306.0,4.0,12.0,2.0,0.0,3.0,0.0,66.7,12.0
2026,26,2026-09-03,Alex,Pearce,Fremantle,FB,2.0,171.0,11.0,8.0,0.0,0.0,8.0,0.0,88.9,16.0
2026,26,2026-09-03,Murphy,Reid,Fremantle,CHF,4.0,153.0,1.0,14.0,3.0,0.0,3.0,0.0,75.0,18.0
2026,26,2026-09-03,Luke,Ryan,Fremantle,INT,2.0,414.0,4.0,11.0,4.0,0.0,2.0,0.0,82.6,19.0
2026,26,2026-09-03,Caleb,Serong,Fremantle,RR,8.0,273.0,1.0,21.0,1.0,1.0,7.0,0.0,75.0,15.0
2026,26,2026-09-03,Sam,Switkowski,Fremantle,HFFR,3.0,169.0,2.0,15.0,3.0,0.0,7.0,3.0,66.7,10.0
2026,26,2026-09-03,Josh,Treacy,Fremantle,FF,1.0,18.0,1.0,10.0,3.0,0.0,1.0,1.0,50.0,2.0
2026,26,2026-09-03,Patrick,Voss,Fremantle,FPR,4.0,66.0,2.0,18.0,4.0,0.0,3.0,2.0,63.6,7.0
2026,26,2026-09-03,Brandon,Walker,Fremantle,CHB,1.0,200.0,7.0,7.0,2.0,0.0,5.0,0.0,75.0,9.0
2026,26,2026-09-03,Karl,Worner,Fremantle,HBFL,2.0,533.0,4.0,9.0,4.0,0.0,2.0,0.0,90.9,20.0
2026,26,2026-09-03,Hayden,Young,Fremantle,INT,2.0,208.0,3.0,17.0,5.0,0.0,3.0,0.0,60.0,9.0
2026,26,2026-09-03,Karl,Amon,Hawthorn,HBFL,2.0,539.0,4.0,13.0,8.0,0.0,3.0,0.0,76.5,13.0
2026,26,2026-09-03,Tom,Barrass,Hawthorn,FB,1.0,95.0,5.0,4.0,2.0,0.0,3.0,0.0,77.8,7.0
2026,26,2026-09-03,Josh,Battle,Hawthorn,HBFR,3.0,339.0,10.0,5.0,4.0,0.0,3.0,0.0,87.5,14.0
2026,26,2026-09-03,Max,Beattie,Hawthorn,INT,1.0,44.0,0.0,17.0,1.0,0.0,1.0,2.0,100.0,2.0
2026,26,2026-09-03,Mabior,Chol,Hawthorn,CHF,3.0,24.0,0.0,18.0,2.0,0.0,2.0,3.0,60.0,3.0
2026,26,2026-09-03,Massimo,D'Ambrosio,Hawthorn,WR,7.0,457.0,7.0,15.0,3.0,0.0,5.0,1.0,75.0,18.0
2026,26,2026-09-03,Will,Day,Hawthorn,C,3.0,474.0,7.0,10.0,7.0,3.0,11.0,1.0,54.2,13.0
2026,26,2026-09-03,Jack,Ginnivan,Hawthorn,HFFR,5.0,234.0,3.0,23.0,1.0,0.0,1.0,2.0,69.2,9.0
2026,26,2026-09-03,Jack,Gunston,Hawthorn,FPR,3.0,77.0,0.0,11.0,1.0,0.0,0.0,1.0,60.0,3.0
2026,26,2026-09-03,Blake,Hardwick,Hawthorn,BPR,2.0,213.0,8.0,17.0,2.0,0.0,4.0,0.0,76.9,10.0
2026,26,2026-09-03,Jarman,Impey,Hawthorn,WL,1.0,339.0,2.0,10.0,4.0,0.0,1.0,0.0,72.7,8.0
2026,26,2026-09-03,Mitch,Lewis,Hawthorn,FF,4.0,292.0,2.0,17.0,4.0,0.0,2.0,1.0,64.3,9.0
2026,26,2026-09-03,Bailey,Macdonald,Hawthorn,INT,2.0,73.0,4.0,17.0,2.0,0.0,4.0,0.0,62.5,5.0
2026,26,2026-09-03,Connor,Macdonald,Hawthorn,INT,3.0,198.0,4.0,20.0,4.0,1.0,8.0,0.0,82.4,14.0
2026,26,2026-09-03,Cam,Mackenzie,Hawthorn,INT,4.0,452.0,3.0,16.0,8.0,0.0,8.0,0.0,60.0,12.0
2026,26,2026-09-03,Lloyd,Meek,Hawthorn,RK,1.0,51.0,2.0,7.0,1.0,2.0,5.0,0.0,87.5,7.0
2026,26,2026-09-03,Dylan,Moore,Hawthorn,HFFL,6.0,202.0,3.0,25.0,2.0,0.0,6.0,4.0,73.3,11.0
2026,26,2026-09-03,Harry,Morrison,Hawthorn,CHB,3.0,219.0,1.0,15.0,2.0,1.0,2.0,0.0,86.7,13.0
2026,26,2026-09-03,Jai,Newcombe,Hawthorn,RR,3.0,398.0,1.0,17.0,4.0,2.0,3.0,1.0,66.7,14.0
2026,26,2026-09-03,James,Sicily,Hawthorn,BPL,7.0,579.0,12.0,3.0,4.0,0.0,5.0,0.0,80.8,21.0
2026,26,2026-09-03,Josh,Ward,Hawthorn,R,4.0,82.0,2.0,19.0,1.0,1.0,4.0,1.0,90.0,9.0
2026,26,2026-09-03,Nick,Watson,Hawthorn,FPL,9.0,447.0,2.0,12.0,5.0,0.0,8.0,0.0,47.4,9.0
2026,26,2026-09-03,Josh,Weddle,Hawthorn,INT,3.0,433.0,2.0,15.0,4.0,0.0,7.0,0.0,62.5,10.0
2026,26,2026-09-04,Tom,Atkins,Geelong Cats,RR,5.0,131.0,3.0,22.0,5.0,0.0,6.0,1.0,70.0,14.0
2026,26,2026-09-04,Mark,Blicavs,Geelong Cats,WR,4.0,108.0,6.0,14.0,0.0,0.0,4.0,0.0,72.7,8.0
2026,26,2026-09-04,Tanner,Bruhn,Geelong Cats,CHB,2.0,277.0,4.0,11.0,3.0,0.0,3.0,0.0,92.9,13.0
2026,26,2026-09-04,Jeremy,Cameron,Geelong Cats,CHF,3.0,126.0,0.0,5.0,0.0,0.0,2.0,0.0,88.9,8.0
2026,26,2026-09-04,Brad,Close,Geelong Cats,HFFR,7.0,266.0,2.0,11.0,2.0,0.0,2.0,1.0,76.5,13.0
2026,26,2026-09-04,Patrick,Dangerfield,Geelong Cats,FPL,10.0,485.0,0.0,8.0,2.0,0.0,9.0,0.0,47.6,10.0
2026,26,2026-09-04,Oliver,Dempsey,Geelong Cats,WL,5.0,360.0,5.0,5.0,2.0,0.0,5.0,3.0,65.2,15.0
2026,26,2026-09-04,Mitchell,Edwards,Geelong Cats,RK,5.0,280.0,3.0,13.0,2.0,4.0,2.0,1.0,75.0,9.0
2026,26,2026-09-04,Zach,Guthrie,Geelong Cats,BPL,4.0,212.0,8.0,14.0,3.0,0.0,4.0,0.0,75.0,12.0
2026,26,2026-09-04,Jack,Henry,Geelong Cats,BPR,5.0,73.0,6.0,6.0,1.0,0.0,2.0,0.0,88.9,8.0
2026,26,2026-09-04,Oliver,Henry,Geelong Cats,INT,6.0,152.0,0.0,14.0,1.0,0.0,2.0,1.0,58.3,7.0
2026,26,2026-09-04,Max,Holmes,Geelong Cats,INT,4.0,263.0,0.0,8.0,1.0,0.0,4.0,0.0,81.3,13.0
2026,26,2026-09-04,Lawson,Humphries,Geelong Cats,HBFR,3.0,349.0,5.0,9.0,3.0,0.0,5.0,0.0,66.7,10.0
2026,26,2026-09-04,Shaun,Mannagh,Geelong Cats,INT,6.0,464.0,3.0,25.0,6.0,3.0,12.0,1.0,64.0,16.0
2026,26,2026-09-04,Gryan,Miers,Geelong Cats,HFFL,12.0,365.0,2.0,19.0,4.0,1.0,6.0,0.0,75.0,18.0
2026,26,2026-09-04,Oisin,Mullin,Geelong Cats,R,3.0,89.0,1.0,12.0,1.0,1.0,5.0,1.0,60.0,6.0
2026,26,2026-09-04,Shannon,Neale,Geelong Cats,FF,4.0,69.0,1.0,8.0,0.0,0.0,1.0,2.0,75.0,3.0
2026,26,2026-09-04,Mark,O'Connor,Geelong Cats,INT,5.0,131.0,5.0,24.0,1.0,1.0,4.0,1.0,91.7,11.0
2026,26,2026-09-04,Connor,O'Sullivan,Geelong Cats,FB,2.0,208.0,1.0,8.0,0.0,0.0,0.0,0.0,100.0,7.0
2026,26,2026-09-04,Jay,Polkinghorne,Geelong Cats,FPR,4.0,199.0,1.0,8.0,2.0,0.0,3.0,3.0,54.5,6.0
2026,26,2026-09-04,Bailey,Smith,Geelong Cats,C,8.0,0.0,2.0,20.0,3.0,1.0,5.0,0.0,59.3,16.0
2026,26,2026-09-04,Tom,Stewart,Geelong Cats,HBFL,3.0,411.0,11.0,6.0,3.0,0.0,3.0,0.0,95.0,19.0
2026,26,2026-09-04,Oliver,Wiltshire,Geelong Cats,INT,12.0,475.0,1.0,9.0,2.0,0.0,5.0,0.0,72.7,16.0
2026,26,2026-09-04,Blake,Acres,Carlton,WL,5.0,294.0,1.0,7.0,1.0,0.0,4.0,0.0,50.0,7.0
2026,26,2026-09-04,Ben,Ainsworth,Carlton,HFFL,8.0,284.0,1.0,9.0,2.0,0.0,3.0,0.0,68.4,13.0
2026,26,2026-09-04,Talor,Byrne,Carlton,INT,5.0,27.0,0.0,17.0,2.0,0.0,3.0,0.0,66.7,4.0
2026,26,2026-09-04,Adam,Cerra,Carlton,WR,5.0,707.0,2.0,22.0,5.0,0.0,2.0,0.0,87.0,20.0
2026,26,2026-09-04,Matthew,Cottrell,Carlton,INT,3.0,260.0,0.0,11.0,2.0,0.0,2.0,1.0,55.6,5.0
2026,26,2026-09-04,Lachlan,Cowan,Carlton,BPL,2.0,316.0,6.0,13.0,4.0,0.0,4.0,0.0,81.3,13.0
2026,26,2026-09-04,Patrick,Cripps,Carlton,C,6.0,279.0,0.0,12.0,5.0,5.0,8.0,0.0,58.3,14.0
2026,26,2026-09-04,Harry,Dean,Carlton,CHB,0.0,54.0,2.0,5.0,1.0,0.0,0.0,0.0,80.0,4.0
2026,26,2026-09-04,Wade,Derksen,Carlton,HBFR,3.0,154.0,5.0,7.0,1.0,0.0,4.0,0.0,72.7,8.0
2026,26,2026-09-04,Francis,Evans,Carlton,FPR,8.0,295.0,3.0,12.0,1.0,0.0,2.0,3.0,90.9,10.0
2026,26,2026-09-04,Oliver,Florent,Carlton,HBFL,3.0,408.0,4.0,14.0,1.0,0.0,3.0,0.0,91.3,21.0
2026,26,2026-09-04,George,Hewett,Carlton,INT,6.0,353.0,2.0,20.0,6.0,2.0,8.0,0.0,55.6,15.0
2026,26,2026-09-04,Oliver,Hollands,Carlton,BPR,4.0,301.0,4.0,18.0,2.0,0.0,2.0,0.0,63.2,12.0
2026,26,2026-09-04,Brodie,Kemp,Carlton,HFFR,6.0,114.0,0.0,6.0,3.0,0.0,1.0,0.0,50.0,4.0
2026,26,2026-09-04,Cooper,Lord,Carlton,FPL,7.0,330.0,2.0,23.0,9.0,0.0,5.0,0.0,52.6,10.0
2026,26,2026-09-04,Mitch,McGovern,Carlton,CHF,2.0,66.0,0.0,13.0,2.0,0.0,1.0,0.0,66.7,2.0
2026,26,2026-09-04,Harry,McKay,Carlton,FF,5.0,120.0,0.0,6.0,1.0,0.0,4.0,1.0,90.9,10.0
2026,26,2026-09-04,Marc,Pittonet,Carlton,RK,4.0,165.0,1.0,10.0,1.0,1.0,2.0,0.0,61.5,8.0
2026,26,2026-09-04,Jagga,Smith,Carlton,R,5.0,130.0,0.0,10.0,3.0,0.0,6.0,0.0,76.2,16.0
2026,26,2026-09-04,Sam,Walsh,Carlton,RR,7.0,485.0,5.0,16.0,10.0,3.0,10.0,0.0,55.2,16.0
2026,26,2026-09-04,Jacob,Weitering,Carlton,FB,3.0,290.0,5.0,4.0,1.0,0.0,1.0,0.0,83.3,10.0
2026,26,2026-09-04,Billy,Wilson,Carlton,INT,4.0,536.0,3.0,16.0,5.0,0.0,6.0,0.0,76.9,20.0
2026,26,2026-09-04,Lewis,Young,Carlton,INT,2.0,71.0,1.0,3.0,2.0,1.0,4.0,0.0,42.9,3.0
2026,26,2026-09-05,Braeden,Campbell,Sydney Swans,R,7.0,283.0,0.0,18.0,4.0,0.0,2.0,0.0,66.7,10.0
2026,26,2026-09-05,Caiden,Cleary,Sydney Swans,INT,3.0,169.0,2.0,15.0,1.0,0.0,4.0,0.0,78.6,11.0
2026,26,2026-09-05,Billy,Cootee,Sydney Swans,FPR,5.0,369.0,2.0,11.0,3.0,0.0,2.0,1.0,58.3,7.0
2026,26,2026-09-05,Harry,Cunningham,Sydney Swans,BPR,5.0,288.0,9.0,10.0,4.0,0.0,4.0,0.0,85.0,17.0
2026,26,2026-09-05,Charlie,Curnow,Sydney Swans,FF,8.0,452.0,0.0,5.0,6.0,0.0,1.0,0.0,84.6,11.0
2026,26,2026-09-05,Jesse,Dattoli,Sydney Swans,INT,6.0,223.0,2.0,6.0,2.0,0.0,3.0,0.0,54.5,6.0
2026,26,2026-09-05,Brodie,Grundy,Sydney Swans,RK,9.0,166.0,0.0,8.0,1.0,0.0,6.0,0.0,57.1,8.0
2026,26,2026-09-05,Errol,Gulden,Sydney Swans,C,8.0,915.0,6.0,17.0,6.0,4.0,7.0,1.0,67.6,23.0
2026,26,2026-09-05,Joel,Hamling,Sydney Swans,HBFR,2.0,90.0,6.0,3.0,0.0,0.0,5.0,0.0,100.0,7.0
2026,26,2026-09-05,Tom,Hanily,Sydney Swans,INT,6.0,150.0,1.0,12.0,1.0,0.0,4.0,0.0,90.9,10.0
2026,26,2026-09-05,Harry,Kyle,Sydney Swans,CHB,2.0,210.0,6.0,8.0,4.0,1.0,3.0,0.0,72.7,8.0
2026,26,2026-09-05,Jake,Lloyd,Sydney Swans,HFFL,5.0,410.0,6.0,11.0,2.0,0.0,9.0,0.0,84.6,22.0
2026,26,2026-09-05,Tom,McCartin,Sydney Swans,FB,4.0,214.0,7.0,7.0,4.0,0.0,2.0,0.0,66.7,8.0
2026,26,2026-09-05,Logan,McDonald,Sydney Swans,CHF,10.0,365.0,4.0,3.0,6.0,0.0,4.0,1.0,66.7,10.0
2026,26,2026-09-05,Hayden,McLean,Sydney Swans,HFFR,7.0,265.0,1.0,8.0,1.0,1.0,4.0,1.0,78.6,11.0
2026,26,2026-09-05,Callum,Mills,Sydney Swans,BPL,1.0,197.0,1.0,1.0,2.0,0.0,0.0,0.0,80.0,4.0
2026,26,2026-09-05,Tom,Papley,Sydney Swans,FPL,13.0,459.0,3.0,11.0,4.0,0.0,7.0,1.0,81.3,13.0
2026,26,2026-09-05,Dane,Rampe,Sydney Swans,INT,5.0,563.0,8.0,9.0,2.0,0.0,5.0,0.0,89.5,17.0
2026,26,2026-09-05,Matt,Roberts,Sydney Swans,WL,3.0,399.0,2.0,8.0,3.0,0.0,4.0,0.0,68.8,11.0
2026,26,2026-09-05,James,Rowbottom,Sydney Swans,RR,9.0,261.0,0.0,26.0,0.0,6.0,3.0,1.0,69.2,9.0
2026,26,2026-09-05,Jai,Serong,Sydney Swans,WR,9.0,210.0,1.0,19.0,2.0,5.0,5.0,0.0,66.7,10.0
2026,26,2026-09-05,Angus,Sheldrick,Sydney Swans,INT,2.0,279.0,0.0,9.0,3.0,2.0,5.0,1.0,64.7,11.0
2026,26,2026-09-05,Sam,Wicks,Sydney Swans,HBFL,5.0,413.0,1.0,4.0,2.0,0.0,0.0,0.0,88.9,8.0
2026,26,2026-09-05,Oscar,Allen,Brisbane Lions,HFFR,4.0,138.0,0.0,5.0,2.0,0.0,2.0,0.0,66.7,4.0
2026,26,2026-09-05,Harris,Andrews,Brisbane Lions,FB,1.0,178.0,9.0,4.0,1.0,0.0,3.0,0.0,81.8,9.0
2026,26,2026-09-05,Noah,Answerth,Brisbane Lions,BPL,1.0,273.0,3.0,11.0,4.0,0.0,2.0,0.0,87.5,7.0
2026,26,2026-09-05,Levi,Ashcroft,Brisbane Lions,INT,3.0,188.0,2.0,16.0,2.0,1.0,3.0,0.0,68.8,11.0
2026,26,2026-09-05,Will,Ashcroft,Brisbane Lions,INT,6.0,391.0,1.0,14.0,4.0,2.0,5.0,0.0,61.9,13.0
2026,26,2026-09-05,Zac,Bailey,Brisbane Lions,C,6.0,490.0,2.0,8.0,7.0,1.0,4.0,1.0,71.4,15.0
2026,26,2026-09-05,Jarrod,Berry,Brisbane Lions,WL,4.0,269.0,3.0,9.0,3.0,0.0,7.0,0.0,71.4,15.0
2026,26,2026-09-05,Charlie,Cameron,Brisbane Lions,HFFL,2.0,137.0,0.0,8.0,0.0,0.0,0.0,0.0,50.0,2.0
2026,26,2026-09-05,Sam,Draper,Brisbane Lions,RK,4.0,220.0,2.0,7.0,3.0,0.0,2.0,0.0,87.5,7.0
2026,26,2026-09-05,Josh,Dunkley,Brisbane Lions,RR,4.0,393.0,3.0,22.0,5.0,1.0,9.0,2.0,45.8,11.0
2026,26,2026-09-05,Jaspa,Fletcher,Brisbane Lions,INT,2.0,350.0,6.0,4.0,4.0,1.0,4.0,0.0,81.3,13.0
2026,26,2026-09-05,Darcy,Fort,Brisbane Lions,INT,1.0,198.0,1.0,7.0,3.0,2.0,1.0,0.0,77.8,7.0
2026,26,2026-09-05,Darcy,Gardiner,Brisbane Lions,CHB,2.0,14.0,2.0,10.0,0.0,0.0,0.0,0.0,100.0,4.0
2026,26,2026-09-05,Eric,Hipwood,Brisbane Lions,FPL,4.0,374.0,2.0,5.0,2.0,0.0,3.0,1.0,81.8,9.0
2026,26,2026-09-05,Ryan,Lester,Brisbane Lions,BPR,3.0,343.0,8.0,16.0,3.0,0.0,4.0,0.0,85.7,18.0
2026,26,2026-09-05,Kai,Lohmann,Brisbane Lions,INT,2.0,157.0,2.0,10.0,3.0,0.0,4.0,0.0,66.7,6.0
2026,26,2026-09-05,Hugh,McCluggage,Brisbane Lions,WR,2.0,276.0,0.0,14.0,4.0,0.0,0.0,0.0,50.0,8.0
2026,26,2026-09-05,Conor,McKenna,Brisbane Lions,FPR,5.0,271.0,1.0,10.0,1.0,0.0,2.0,1.0,80.0,12.0
2026,26,2026-09-05,Logan,Morris,Brisbane Lions,CHF,7.0,278.0,1.0,6.0,4.0,0.0,4.0,0.0,71.4,10.0
2026,26,2026-09-05,Lachie,Neale,Brisbane Lions,R,4.0,201.0,1.0,13.0,1.0,1.0,5.0,1.0,77.8,14.0
2026,26,2026-09-05,Cam,Rayner,Brisbane Lions,FF,3.0,220.0,0.0,13.0,4.0,0.0,2.0,0.0,81.8,9.0
2026,26,2026-09-05,Darcy,Wilmot,Brisbane Lions,HBFL,4.0,241.0,7.0,9.0,2.0,0.0,3.0,0.0,84.2,16.0
2026,26,2026-09-05,Dayne,Zorko,Brisbane Lions,HBFR,2.0,822.0,7.0,10.0,6.0,0.0,6.0,0.0,65.4,17.0
2026,26,2026-09-05,Callum,Ah Chee,Adelaide Crows,FPR,3.0,55.0,0.0,10.0,5.0,0.0,2.0,2.0,57.1,4.0
2026,26,2026-09-05,Sam,Berry,Adelaide Crows,INT,1.0,61.0,2.0,21.0,2.0,2.0,6.0,1.0,75.0,15.0
2026,26,2026-09-05,James,Borlase,Adelaide Crows,FB,1.0,100.0,1.0,6.0,1.0,0.0,0.0,0.0,87.5,7.0
2026,26,2026-09-05,Brayden,Cook,Adelaide Crows,WL,5.0,367.0,4.0,10.0,1.0,0.0,5.0,0.0,82.4,14.0
2026,26,2026-09-05,Isaac,Cumming,Adelaide Crows,R,4.0,206.0,3.0,12.0,1.0,0.0,5.0,0.0,92.9,13.0
2026,26,2026-09-05,Daniel,Curtin,Adelaide Crows,WR,1.0,340.0,1.0,10.0,5.0,2.0,5.0,0.0,46.7,7.0
2026,26,2026-09-05,Jordan,Dawson,Adelaide Crows,C,4.0,309.0,3.0,23.0,4.0,0.0,4.0,0.0,67.9,19.0
2026,26,2026-09-05,Darcy,Fogarty,Adelaide Crows,FPL,7.0,310.0,0.0,8.0,2.0,0.0,2.0,1.0,63.6,7.0
2026,26,2026-09-05,Hugo,Hall-Kahan,Adelaide Crows,INT,3.0,376.0,3.0,10.0,1.0,0.0,2.0,0.0,77.8,14.0
2026,26,2026-09-05,Mark,Keane,Adelaide Crows,CHB,0.0,426.0,9.0,9.0,7.0,0.0,1.0,0.0,63.6,14.0
2026,26,2026-09-05,Ben,Keays,Adelaide Crows,HFFL,5.0,224.0,0.0,19.0,3.0,0.0,3.0,4.0,60.0,6.0
2026,26,2026-09-05,Rory,Laird,Adelaide Crows,HBFR,0.0,235.0,8.0,7.0,4.0,0.0,3.0,0.0,72.7,16.0
2026,26,2026-09-05,Lachlan,McAndrew,Adelaide Crows,RK,5.0,50.0,1.0,7.0,0.0,1.0,3.0,1.0,55.6,5.0
2026,26,2026-09-05,Max,Michalanney,Adelaide Crows,BPR,2.0,254.0,5.0,6.0,4.0,0.0,3.0,0.0,80.0,12.0
2026,26,2026-09-05,Wayne,Milera,Adelaide Crows,HBFL,7.0,402.0,7.0,4.0,0.0,0.0,3.0,0.0,100.0,27.0
2026,26,2026-09-05,Luke,Nankervis,Adelaide Crows,INT,4.0,210.0,2.0,9.0,0.0,0.0,5.0,0.0,94.4,17.0
2026,26,2026-09-05,Alex,Neal-Bullen,Adelaide Crows,INT,6.0,250.0,3.0,15.0,5.0,0.0,6.0,1.0,61.1,11.0
2026,26,2026-09-05,Josh,Rachele,Adelaide Crows,HFFR,6.0,275.0,1.0,4.0,3.0,0.0,3.0,0.0,85.7,12.0
2026,26,2026-09-05,Izak,Rankine,Adelaide Crows,RR,3.0,711.0,1.0,21.0,12.0,2.0,10.0,1.0,52.9,18.0
2026,26,2026-09-05,Jake,Soligo,Adelaide Crows,INT,3.0,428.0,3.0,16.0,4.0,0.0,5.0,1.0,65.0,13.0
2026,26,2026-09-05,Riley,Thilthorpe,Adelaide Crows,CHF,6.0,304.0,0.0,11.0,2.0,0.0,2.0,1.0,50.0,6.0
2026,26,2026-09-05,Taylor,Walker,Adelaide Crows,FF,3.0,250.0,0.0,6.0,5.0,0.0,2.0,0.0,72.7,8.0
2026,26,2026-09-05,Josh,Worrell,Adelaide Crows,BPL,3.0,497.0,19.0,4.0,8.0,0.0,13.0,0.0,76.5,26.0
2026,26,2026-09-05,Marcus,Bontempelli,Western Bulldogs,RR,8.0,619.0,3.0,16.0,7.0,6.0,11.0,0.0,74.1,20.0
2026,26,2026-09-05,Lachlan,Bramble,Western Bulldogs,HBFL,0.0,128.0,3.0,11.0,2.0,0.0,4.0,0.0,66.7,4.0
2026,26,2026-09-05,Connor,Budarick,Western Bulldogs,BPR,0.0,111.0,4.0,13.0,1.0,0.0,2.0,0.0,80.0,8.0
2026,26,2026-09-05,Bailey,Dale,Western Bulldogs,HBFR,2.0,327.0,4.0,3.0,3.0,0.0,3.0,0.0,64.7,11.0
2026,26,2026-09-05,Sam,Davidson,Western Bulldogs,INT,2.0,229.0,1.0,19.0,6.0,0.0,3.0,0.0,60.0,6.0
2026,26,2026-09-05,Josh,Dolan,Western Bulldogs,BPL,3.0,76.0,2.0,13.0,2.0,0.0,5.0,1.0,77.8,7.0
2026,26,2026-09-05,Tim,English,Western Bulldogs,RK,4.0,129.0,2.0,8.0,2.0,2.0,3.0,2.0,40.0,4.0
2026,26,2026-09-05,Joel,Freijah,Western Bulldogs,C,3.0,291.0,6.0,19.0,7.0,4.0,9.0,2.0,58.3,14.0
2026,26,2026-09-05,Ryan,Gardner,Western Bulldogs,INT,2.0,35.0,2.0,3.0,0.0,0.0,0.0,0.0,80.0,4.0
2026,26,2026-09-05,Cooper,Hynes,Western Bulldogs,WR,2.0,379.0,4.0,16.0,4.0,0.0,5.0,1.0,85.0,17.0
2026,26,2026-09-05,Arthur,Jones,Western Bulldogs,HFFR,4.0,0.0,1.0,15.0,1.0,0.0,2.0,2.0,80.0,4.0
2026,26,2026-09-05,Luke,Kennedy,Western Bulldogs,INT,2.0,54.0,3.0,17.0,1.0,1.0,7.0,1.0,75.0,9.0
2026,26,2026-09-05,Buku,Khamis,Western Bulldogs,FB,2.0,172.0,1.0,2.0,2.0,0.0,1.0,1.0,50.0,3.0
2026,26,2026-09-05,Will,Lewis,Western Bulldogs,FPL,4.0,168.0,0.0,14.0,6.0,1.0,4.0,1.0,75.0,6.0
2026,26,2026-09-05,Rory,Lobb,Western Bulldogs,CHF,1.0,322.0,12.0,3.0,2.0,0.0,5.0,0.0,72.2,13.0
2026,26,2026-09-05,Lachlan,McNeil,Western Bulldogs,INT,0.0,75.0,2.0,11.0,0.0,0.0,2.0,1.0,83.3,5.0
2026,26,2026-09-05,Aaron,Naughton,Western Bulldogs,FF,9.0,214.0,0.0,7.0,1.0,0.0,4.0,2.0,62.5,10.0
2026,26,2026-09-05,James,O'Donnell,Western Bulldogs,CHB,1.0,448.0,9.0,6.0,5.0,0.0,5.0,0.0,76.5,13.0
2026,26,2026-09-05,Ed,Richards,Western Bulldogs,R,8.0,825.0,2.0,16.0,9.0,3.0,8.0,1.0,51.9,14.0
2026,26,2026-09-05,Ryley,Sanders,Western Bulldogs,WL,3.0,131.0,2.0,21.0,2.0,0.0,4.0,0.0,80.0,8.0
2026,26,2026-09-05,Cody,Weightman,Western Bulldogs,HFFL,2.0,27.0,2.0,6.0,1.0,0.0,2.0,1.0,57.1,4.0
2026,26,2026-09-05,Rhylee,West,Western Bulldogs,FPR,3.0,427.0,2.0,10.0,6.0,0.0,8.0,1.0,57.1,12.0
2026,26,2026-09-05,Bailey,Williams,Western Bulldogs,INT,5.0,688.0,12.0,13.0,6.0,0.0,7.0,0.0,69.2,18.0
2026,27,2026-09-11,Jye,Amiss,Fremantle,FPL,4.0,50.0,0.0,9.0,3.0,0.0,1.0,1.0,75.0,3.0
2026,27,2026-09-11,Shai,Bolton,Fremantle,R,10.0,541.0,1.0,18.0,4.0,4.0,2.0,0.0,73.1,19.0
2026,27,2026-09-11,Andrew,Brayshaw,Fremantle,C,7.0,303.0,0.0,21.0,2.0,2.0,3.0,0.0,87.5,21.0
2026,27,2026-09-11,Heath,Chapman,Fremantle,HBFR,4.0,143.0,6.0,5.0,2.0,0.0,6.0,0.0,75.0,12.0
2026,27,2026-09-11,Jordan,Clark,Fremantle,BPL,5.0,623.0,5.0,9.0,5.0,1.0,6.0,0.0,88.0,22.0
2026,27,2026-09-11,Mason,Cox,Fremantle,INT,2.0,140.0,2.0,8.0,2.0,0.0,0.0,0.0,80.0,4.0
2026,27,2026-09-11,Isaiah,Dudley,Fremantle,INT,6.0,166.0,0.0,6.0,2.0,0.0,2.0,0.0,37.5,3.0
2026,27,2026-09-11,Neil,Erasmus,Fremantle,WR,6.0,247.0,2.0,12.0,1.0,2.0,5.0,0.0,70.6,12.0
2026,27,2026-09-11,Michael,Frederick,Fremantle,HFFL,5.0,182.0,0.0,19.0,1.0,0.0,0.0,1.0,100.0,6.0
2026,27,2026-09-11,Luke,Jackson,Fremantle,RK,12.0,140.0,3.0,13.0,1.0,5.0,11.0,0.0,68.0,17.0
2026,27,2026-09-11,Matthew,Johnson,Fremantle,WL,5.0,297.0,4.0,14.0,2.0,0.0,5.0,0.0,93.3,14.0
2026,27,2026-09-11,Oscar,McDonald,Fremantle,BPR,3.0,219.0,5.0,5.0,5.0,0.0,5.0,0.0,50.0,6.0
2026,27,2026-09-11,Judd,McVee,Fremantle,INT,3.0,174.0,2.0,7.0,3.0,0.0,2.0,1.0,66.7,8.0
2026,27,2026-09-11,Alex,Pearce,Fremantle,FB,3.0,10.0,6.0,5.0,1.0,1.0,6.0,0.0,84.6,11.0
2026,27,2026-09-11,Murphy,Reid,Fremantle,CHF,11.0,263.0,1.0,17.0,5.0,2.0,7.0,0.0,65.2,15.0
2026,27,2026-09-11,Luke,Ryan,Fremantle,CHB,5.0,418.0,4.0,9.0,2.0,0.0,4.0,0.0,80.0,16.0
2026,27,2026-09-11,Caleb,Serong,Fremantle,RR,7.0,430.0,5.0,14.0,3.0,4.0,8.0,1.0,69.6,16.0
2026,27,2026-09-11,Sam,Switkowski,Fremantle,HFFR,5.0,149.0,1.0,14.0,3.0,0.0,4.0,2.0,72.7,8.0
2026,27,2026-09-11,Josh,Treacy,Fremantle,FF,7.0,418.0,2.0,8.0,1.0,0.0,2.0,1.0,76.9,10.0
2026,27,2026-09-11,Patrick,Voss,Fremantle,FPR,8.0,291.0,0.0,8.0,5.0,0.0,3.0,0.0,66.7,8.0
2026,27,2026-09-11,Corey,Wagner,Fremantle,INT,6.0,340.0,1.0,20.0,3.0,0.0,3.0,0.0,53.8,7.0
2026,27,2026-09-11,Karl,Worner,Fremantle,HBFL,4.0,271.0,4.0,10.0,1.0,0.0,7.0,0.0,100.0,18.0
2026,27,2026-09-11,Hayden,Young,Fremantle,INT,6.0,556.0,4.0,16.0,5.0,2.0,7.0,1.0,65.2,15.0
2026,27,2026-09-11,Tom,Atkins,Geelong Cats,INT,2.0,33.0,2.0,22.0,0.0,0.0,6.0,1.0,88.9,8.0
2026,27,2026-09-11,Mark,Blicavs,Geelong Cats,WR,4.0,156.0,2.0,12.0,2.0,1.0,3.0,0.0,37.5,3.0
2026,27,2026-09-11,Tanner,Bruhn,Geelong Cats,CHB,4.0,543.0,3.0,6.0,4.0,0.0,3.0,0.0,83.3,15.0
2026,27,2026-09-11,Jeremy,Cameron,Geelong Cats,CHF,6.0,323.0,2.0,2.0,4.0,0.0,2.0,0.0,71.4,10.0
2026,27,2026-09-11,Brad,Close,Geelong Cats,HFFR,4.0,93.0,2.0,17.0,2.0,0.0,5.0,1.0,70.0,7.0
2026,27,2026-09-11,Patrick,Dangerfield,Geelong Cats,FPL,9.0,263.0,2.0,20.0,1.0,0.0,5.0,4.0,64.3,9.0
2026,27,2026-09-11,Oliver,Dempsey,Geelong Cats,WL,3.0,280.0,3.0,10.0,4.0,0.0,6.0,1.0,52.9,9.0
2026,27,2026-09-11,Mitchell,Edwards,Geelong Cats,RK,3.0,148.0,4.0,11.0,3.0,2.0,3.0,0.0,55.6,5.0
2026,27,2026-09-11,Zach,Guthrie,Geelong Cats,BPL,3.0,392.0,8.0,4.0,3.0,0.0,4.0,0.0,88.9,16.0
2026,27,2026-09-11,Jack,Henry,Geelong Cats,BPR,2.0,93.0,8.0,6.0,2.0,0.0,4.0,0.0,70.0,7.0
2026,27,2026-09-11,Oliver,Henry,Geelong Cats,INT,8.0,386.0,1.0,18.0,4.0,0.0,8.0,2.0,65.0,13.0
2026,27,2026-09-11,Max,Holmes,Geelong Cats,INT,7.0,187.0,2.0,8.0,2.0,3.0,8.0,0.0,72.2,13.0
2026,27,2026-09-11,Lawson,Humphries,Geelong Cats,INT,2.0,492.0,7.0,5.0,5.0,0.0,5.0,0.0,81.8,18.0
2026,27,2026-09-11,Shaun,Mannagh,Geelong Cats,HFFL,6.0,211.0,1.0,14.0,3.0,1.0,6.0,0.0,47.1,8.0
2026,27,2026-09-11,Gryan,Miers,Geelong Cats,R,7.0,243.0,1.0,18.0,1.0,0.0,4.0,2.0,83.3,10.0
2026,27,2026-09-11,Oisin,Mullin,Geelong Cats,RR,7.0,258.0,1.0,20.0,2.0,5.0,9.0,1.0,52.9,9.0
2026,27,2026-09-11,Shannon,Neale,Geelong Cats,FF,6.0,108.0,0.0,14.0,1.0,0.0,2.0,0.0,62.5,5.0
2026,27,2026-09-11,Mark,O'Connor,Geelong Cats,HBFR,3.0,190.0,3.0,15.0,2.0,0.0,5.0,0.0,84.6,11.0
2026,27,2026-09-11,Connor,O'Sullivan,Geelong Cats,FB,4.0,175.0,2.0,9.0,3.0,0.0,3.0,0.0,86.7,13.0
2026,27,2026-09-11,Jay,Polkinghorne,Geelong Cats,FPR,1.0,95.0,0.0,4.0,1.0,0.0,0.0,0.0,75.0,3.0
2026,27,2026-09-11,Bailey,Smith,Geelong Cats,C,11.0,751.0,1.0,23.0,5.0,1.0,8.0,0.0,62.1,18.0
2026,27,2026-09-11,Tom,Stewart,Geelong Cats,HBFL,3.0,248.0,4.0,7.0,2.0,0.0,3.0,0.0,92.9,13.0
2026,27,2026-09-11,Oliver,Wiltshire,Geelong Cats,INT,4.0,140.0,3.0,14.0,2.0,0.0,3.0,0.0,63.6,7.0
2026,27,2026-09-12,Oscar,Allen,Brisbane Lions,INT,4.0,181.0,0.0,8.0,1.0,0.0,1.0,2.0,57.1,4.0
2026,27,2026-09-12,Harris,Andrews,Brisbane Lions,FB,2.0,189.0,5.0,5.0,1.0,0.0,2.0,0.0,83.3,10.0
2026,27,2026-09-12,Levi,Ashcroft,Brisbane Lions,INT,8.0,295.0,4.0,6.0,2.0,2.0,4.0,0.0,81.0,17.0
2026,27,2026-09-12,Will,Ashcroft,Brisbane Lions,R,13.0,489.0,2.0,20.0,0.0,3.0,8.0,0.0,83.3,25.0
2026,27,2026-09-12,Zac,Bailey,Brisbane Lions,WR,14.0,558.0,1.0,23.0,1.0,1.0,5.0,0.0,73.9,17.0
2026,27,2026-09-12,Jarrod,Berry,Brisbane Lions,WL,6.0,258.0,1.0,7.0,1.0,1.0,6.0,0.0,78.9,15.0
2026,27,2026-09-12,Charlie,Cameron,Brisbane Lions,HFFL,13.0,293.0,2.0,12.0,3.0,0.0,3.0,0.0,57.1,8.0
2026,27,2026-09-12,Sam,Draper,Brisbane Lions,RK,4.0,205.0,2.0,4.0,4.0,0.0,3.0,0.0,66.7,6.0
2026,27,2026-09-12,Josh,Dunkley,Brisbane Lions,RR,8.0,232.0,2.0,22.0,5.0,2.0,10.0,0.0,59.1,13.0
2026,27,2026-09-12,Jaspa,Fletcher,Brisbane Lions,HBFL,5.0,367.0,4.0,7.0,3.0,0.0,1.0,0.0,88.9,16.0
2026,27,2026-09-12,Darcy,Fort,Brisbane Lions,INT,4.0,251.0,1.0,6.0,5.0,3.0,4.0,0.0,54.5,6.0
2026,27,2026-09-12,Ty,Gallop,Brisbane Lions,BPL,3.0,216.0,3.0,9.0,2.0,0.0,1.0,0.0,70.0,7.0
2026,27,2026-09-12,Darcy,Gardiner,Brisbane Lions,CHB,3.0,126.0,5.0,3.0,1.0,0.0,4.0,0.0,90.0,9.0
2026,27,2026-09-12,Eric,Hipwood,Brisbane Lions,FPL,7.0,317.0,1.0,8.0,3.0,0.0,2.0,2.0,83.3,10.0
2026,27,2026-09-12,Ryan,Lester,Brisbane Lions,BPR,9.0,293.0,7.0,4.0,1.0,0.0,4.0,0.0,83.3,15.0
2026,27,2026-09-12,Kai,Lohmann,Brisbane Lions,HFFR,7.0,382.0,3.0,11.0,9.0,0.0,8.0,0.0,55.6,10.0
2026,27,2026-09-12,Hugh,McCluggage,Brisbane Lions,C,8.0,250.0,1.0,21.0,4.0,1.0,5.0,0.0,75.0,12.0
2026,27,2026-09-12,Conor,McKenna,Brisbane Lions,FPR,8.0,239.0,1.0,14.0,3.0,0.0,1.0,0.0,61.5,8.0
2026,27,2026-09-12,Logan,Morris,Brisbane Lions,CHF,5.0,84.0,0.0,4.0,1.0,0.0,1.0,0.0,87.5,7.0
2026,27,2026-09-12,Lachie,Neale,Brisbane Lions,INT,6.0,237.0,1.0,13.0,1.0,1.0,5.0,1.0,76.2,16.0
2026,27,2026-09-12,Cam,Rayner,Brisbane Lions,FF,11.0,551.0,3.0,14.0,2.0,1.0,6.0,3.0,72.7,16.0
2026,27,2026-09-12,Darcy,Wilmot,Brisbane Lions,INT,4.0,189.0,9.0,7.0,0.0,0.0,5.0,0.0,100.0,15.0
2026,27,2026-09-12,Dayne,Zorko,Brisbane Lions,HBFR,9.0,687.0,5.0,12.0,6.0,1.0,2.0,0.0,74.1,20.0
2026,27,2026-09-12,Callum,Ah Chee,Adelaide Crows,FPR,5.0,216.0,2.0,5.0,2.0,0.0,3.0,0.0,73.3,11.0
2026,27,2026-09-12,Sam,Berry,Adelaide Crows,R,7.0,368.0,4.0,17.0,6.0,3.0,7.0,0.0,71.0,22.0
2026,27,2026-09-12,James,Borlase,Adelaide Crows,FB,0.0,49.0,2.0,4.0,1.0,0.0,2.0,0.0,100.0,5.0
2026,27,2026-09-12,Brayden,Cook,Adelaide Crows,WL,3.0,172.0,4.0,12.0,2.0,0.0,3.0,0.0,71.4,10.0
2026,27,2026-09-12,Daniel,Curtin,Adelaide Crows,INT,8.0,256.0,2.0,14.0,4.0,5.0,7.0,0.0,81.8,18.0
2026,27,2026-09-12,Jordan,Dawson,Adelaide Crows,C,3.0,512.0,7.0,20.0,6.0,3.0,6.0,1.0,50.0,15.0
2026,27,2026-09-12,Darcy,Fogarty,Adelaide Crows,FPL,3.0,231.0,0.0,5.0,2.0,0.0,1.0,0.0,75.0,6.0
2026,27,2026-09-12,Hugo,Hall-Kahan,Adelaide Crows,INT,9.0,500.0,3.0,8.0,2.0,1.0,5.0,0.0,88.0,22.0
2026,27,2026-09-12,Mark,Keane,Adelaide Crows,CHB,1.0,94.0,1.0,10.0,0.0,0.0,0.0,0.0,100.0,4.0
2026,27,2026-09-12,Ben,Keays,Adelaide Crows,HFFL,10.0,154.0,0.0,14.0,0.0,0.0,3.0,1.0,81.8,9.0
2026,27,2026-09-12,Rory,Laird,Adelaide Crows,HBFR,7.0,288.0,5.0,12.0,3.0,0.0,3.0,0.0,85.7,18.0
2026,27,2026-09-12,Lachlan,McAndrew,Adelaide Crows,RK,5.0,91.0,3.0,8.0,2.0,1.0,3.0,1.0,72.7,8.0
2026,27,2026-09-12,Max,Michalanney,Adelaide Crows,BPR,5.0,323.0,7.0,11.0,2.0,0.0,3.0,0.0,84.6,11.0
2026,27,2026-09-12,Wayne,Milera,Adelaide Crows,HBFL,4.0,448.0,3.0,7.0,7.0,0.0,4.0,0.0,57.9,11.0
2026,27,2026-09-12,Luke,Nankervis,Adelaide Crows,INT,4.0,216.0,5.0,9.0,2.0,0.0,3.0,0.0,66.7,12.0
2026,27,2026-09-12,Alex,Neal-Bullen,Adelaide Crows,WR,6.0,288.0,3.0,11.0,3.0,0.0,3.0,0.0,75.0,12.0
2026,27,2026-09-12,Josh,Rachele,Adelaide Crows,HFFR,5.0,133.0,0.0,12.0,1.0,0.0,2.0,1.0,71.4,5.0
2026,27,2026-09-12,Izak,Rankine,Adelaide Crows,RR,5.0,425.0,2.0,19.0,7.0,1.0,5.0,0.0,52.2,12.0
2026,27,2026-09-12,Jake,Soligo,Adelaide Crows,INT,3.0,105.0,0.0,9.0,0.0,0.0,0.0,2.0,100.0,9.0
2026,27,2026-09-12,Zac,Taylor,Adelaide Crows,INT,8.0,333.0,4.0,14.0,2.0,2.0,7.0,1.0,82.4,14.0
2026,27,2026-09-12,Riley,Thilthorpe,Adelaide Crows,CHF,6.0,201.0,1.0,4.0,4.0,2.0,8.0,0.0,50.0,8.0
2026,27,2026-09-12,Taylor,Walker,Adelaide Crows,FF,8.0,260.0,0.0,7.0,0.0,0.0,1.0,1.0,55.6,5.0
2026,27,2026-09-12,Josh,Worrell,Adelaide Crows,BPL,3.0,329.0,3.0,9.0,5.0,0.0,5.0,0.0,72.2,13.0
2026,28,2026-09-18,Braeden,Campbell,Sydney Swans,R,6.0,268.0,2.0,19.0,2.0,2.0,5.0,1.0,53.8,7.0
2026,28,2026-09-18,Caiden,Cleary,Sydney Swans,INT,2.0,269.0,3.0,15.0,6.0,0.0,5.0,1.0,57.1,8.0
2026,28,2026-09-18,Billy,Cootee,Sydney Swans,FPR,3.0,96.0,3.0,13.0,1.0,0.0,3.0,0.0,80.0,4.0
2026,28,2026-09-18,Charlie,Curnow,Sydney Swans,FF,4.0,145.0,1.0,9.0,3.0,0.0,1.0,2.0,60.0,6.0
2026,28,2026-09-18,Jesse,Dattoli,Sydney Swans,INT,2.0,127.0,0.0,8.0,0.0,0.0,0.0,0.0,66.7,2.0
2026,28,2026-09-18,Brodie,Grundy,Sydney Swans,RK,2.0,148.0,1.0,17.0,3.0,1.0,3.0,0.0,50.0,5.0
2026,28,2026-09-18,Errol,Gulden,Sydney Swans,C,4.0,770.0,3.0,15.0,8.0,1.0,8.0,0.0,66.7,24.0
2026,28,2026-09-18,Joel,Hamling,Sydney Swans,BPL,2.0,139.0,6.0,5.0,1.0,0.0,0.0,0.0,70.0,7.0
2026,28,2026-09-18,Tom,Hanily,Sydney Swans,INT,4.0,90.0,3.0,13.0,0.0,0.0,4.0,3.0,75.0,6.0
2026,28,2026-09-18,Harry,Kyle,Sydney Swans,CHB,0.0,173.0,7.0,11.0,2.0,0.0,4.0,0.0,81.8,9.0
2026,28,2026-09-18,Jake,Lloyd,Sydney Swans,HFFL,1.0,520.0,5.0,12.0,4.0,0.0,3.0,0.0,81.0,17.0
2026,28,2026-09-18,Tom,McCartin,Sydney Swans,FB,0.0,186.0,11.0,3.0,5.0,0.0,6.0,0.0,56.3,9.0
2026,28,2026-09-18,Logan,McDonald,Sydney Swans,CHF,7.0,149.0,1.0,6.0,1.0,0.0,8.0,1.0,100.0,14.0
2026,28,2026-09-18,Justin,McInerney,Sydney Swans,HBFR,1.0,295.0,3.0,6.0,4.0,0.0,4.0,1.0,71.4,10.0
2026,28,2026-09-18,Hayden,McLean,Sydney Swans,HFFR,2.0,251.0,3.0,9.0,4.0,0.0,1.0,1.0,45.5,5.0
2026,28,2026-09-18,Lewis,Melican,Sydney Swans,INT,0.0,145.0,3.0,7.0,2.0,0.0,1.0,0.0,50.0,4.0
2026,28,2026-09-18,Tom,Papley,Sydney Swans,FPL,6.0,340.0,2.0,12.0,3.0,0.0,4.0,2.0,53.8,7.0
2026,28,2026-09-18,Dane,Rampe,Sydney Swans,BPR,3.0,375.0,5.0,11.0,3.0,1.0,4.0,0.0,70.6,12.0
2026,28,2026-09-18,Matt,Roberts,Sydney Swans,WL,0.0,314.0,5.0,5.0,2.0,0.0,3.0,0.0,82.4,14.0
2026,28,2026-09-18,James,Rowbottom,Sydney Swans,RR,3.0,127.0,4.0,29.0,4.0,0.0,6.0,2.0,42.9,6.0
2026,28,2026-09-18,Jai,Serong,Sydney Swans,WR,2.0,531.0,3.0,24.0,6.0,0.0,12.0,1.0,34.8,8.0
2026,28,2026-09-18,Angus,Sheldrick,Sydney Swans,INT,2.0,236.0,2.0,16.0,4.0,1.0,6.0,4.0,66.7,8.0
2026,28,2026-09-18,Sam,Wicks,Sydney Swans,HBFL,1.0,480.0,4.0,12.0,5.0,0.0,3.0,0.0,53.3,8.0
2026,28,2026-09-18,Jye,Amiss,Fremantle,FPL,4.0,164.0,1.0,4.0,5.0,0.0,4.0,0.0,80.0,8.0
2026,28,2026-09-18,Shai,Bolton,Fremantle,R,7.0,397.0,2.0,13.0,6.0,2.0,4.0,4.0,70.0,14.0
2026,28,2026-09-18,Andrew,Brayshaw,Fremantle,C,2.0,379.0,4.0,21.0,6.0,1.0,8.0,0.0,72.4,21.0
2026,28,2026-09-18,Heath,Chapman,Fremantle,HBFR,3.0,395.0,10.0,8.0,4.0,0.0,5.0,0.0,85.0,17.0
2026,28,2026-09-18,Jordan,Clark,Fremantle,BPL,2.0,490.0,6.0,7.0,10.0,0.0,7.0,0.0,63.2,12.0
2026,28,2026-09-18,Mason,Cox,Fremantle,INT,3.0,69.0,0.0,3.0,0.0,0.0,1.0,0.0,75.0,3.0
2026,28,2026-09-18,Isaiah,Dudley,Fremantle,INT,4.0,301.0,1.0,9.0,2.0,0.0,6.0,3.0,50.0,8.0
2026,28,2026-09-18,Neil,Erasmus,Fremantle,WR,2.0,427.0,3.0,8.0,7.0,0.0,3.0,0.0,58.8,10.0
2026,28,2026-09-18,Michael,Frederick,Fremantle,HFFL,3.0,233.0,2.0,20.0,3.0,0.0,1.0,3.0,46.2,6.0
2026,28,2026-09-18,Luke,Jackson,Fremantle,RK,8.0,162.0,1.0,10.0,1.0,2.0,3.0,3.0,80.0,12.0
2026,28,2026-09-18,Matthew,Johnson,Fremantle,WL,4.0,420.0,4.0,18.0,6.0,1.0,4.0,0.0,68.4,13.0
2026,28,2026-09-18,Oscar,McDonald,Fremantle,BPR,3.0,197.0,6.0,9.0,1.0,0.0,2.0,0.0,80.0,8.0
2026,28,2026-09-18,Judd,McVee,Fremantle,CHB,2.0,187.0,7.0,4.0,1.0,0.0,6.0,0.0,86.7,13.0
2026,28,2026-09-18,Alex,Pearce,Fremantle,FB,0.0,76.0,6.0,8.0,2.0,0.0,4.0,0.0,77.8,7.0
2026,28,2026-09-18,Murphy,Reid,Fremantle,CHF,1.0,215.0,2.0,9.0,3.0,1.0,5.0,0.0,70.0,14.0
2026,28,2026-09-18,Luke,Ryan,Fremantle,INT,1.0,496.0,4.0,4.0,3.0,0.0,4.0,0.0,94.1,16.0
2026,28,2026-09-18,Caleb,Serong,Fremantle,RR,8.0,625.0,2.0,14.0,3.0,4.0,9.0,1.0,57.1,16.0
2026,28,2026-09-18,Sam,Switkowski,Fremantle,HFFR,3.0,125.0,0.0,8.0,2.0,0.0,5.0,0.0,58.3,7.0
2026,28,2026-09-18,Josh,Treacy,Fremantle,FF,1.0,172.0,2.0,9.0,2.0,0.0,1.0,0.0,62.5,5.0
2026,28,2026-09-18,Patrick,Voss,Fremantle,FPR,4.0,247.0,2.0,18.0,4.0,0.0,4.0,2.0,60.0,6.0
2026,28,2026-09-18,Corey,Wagner,Fremantle,INT,3.0,325.0,3.0,15.0,4.0,0.0,6.0,0.0,68.8,11.0
2026,28,2026-09-18,Karl,Worner,Fremantle,HBFL,1.0,210.0,2.0,6.0,1.0,0.0,3.0,0.0,78.6,11.0
2026,28,2026-09-18,Hayden,Young,Fremantle,INT,7.0,326.0,3.0,24.0,4.0,1.0,6.0,1.0,64.3,18.0
2026,28,2026-09-19,Karl,Amon,Hawthorn,HBFL,2.0,268.0,3.0,13.0,1.0,0.0,3.0,0.0,81.8,9.0
2026,28,2026-09-19,Tom,Barrass,Hawthorn,FB,0.0,188.0,5.0,4.0,3.0,0.0,0.0,0.0,83.3,5.0
2026,28,2026-09-19,Josh,Battle,Hawthorn,HBFR,1.0,275.0,2.0,4.0,4.0,0.0,0.0,0.0,80.0,8.0
2026,28,2026-09-19,Max,Beattie,Hawthorn,INT,1.0,49.0,1.0,4.0,0.0,0.0,0.0,0.0,100.0,3.0
2026,28,2026-09-19,Mabior,Chol,Hawthorn,CHF,3.0,50.0,0.0,3.0,1.0,0.0,0.0,0.0,100.0,2.0
2026,28,2026-09-19,Massimo,D'Ambrosio,Hawthorn,WR,4.0,351.0,9.0,5.0,2.0,0.0,7.0,1.0,86.4,19.0
2026,28,2026-09-19,Will,Day,Hawthorn,C,4.0,318.0,3.0,20.0,3.0,0.0,2.0,2.0,69.2,9.0
2026,28,2026-09-19,Jack,Ginnivan,Hawthorn,HFFR,5.0,306.0,1.0,5.0,2.0,0.0,1.0,0.0,69.2,9.0
2026,28,2026-09-19,Jack,Gunston,Hawthorn,FPR,7.0,130.0,0.0,2.0,1.0,0.0,2.0,1.0,77.8,7.0
2026,28,2026-09-19,Blake,Hardwick,Hawthorn,BPR,2.0,255.0,4.0,4.0,5.0,0.0,1.0,0.0,72.7,8.0
2026,28,2026-09-19,Jarman,Impey,Hawthorn,CHB,4.0,286.0,5.0,11.0,5.0,0.0,3.0,0.0,81.8,9.0
2026,28,2026-09-19,Mitch,Lewis,Hawthorn,FF,4.0,165.0,1.0,8.0,2.0,0.0,0.0,1.0,85.7,6.0
2026,28,2026-09-19,Bailey,Macdonald,Hawthorn,INT,0.0,55.0,1.0,10.0,1.0,0.0,0.0,0.0,100.0,4.0
2026,28,2026-09-19,Connor,Macdonald,Hawthorn,INT,4.0,385.0,0.0,12.0,4.0,1.0,3.0,0.0,81.3,13.0
2026,28,2026-09-19,Cam,Mackenzie,Hawthorn,INT,4.0,208.0,1.0,11.0,3.0,1.0,2.0,0.0,66.7,10.0
2026,28,2026-09-19,Lloyd,Meek,Hawthorn,RK,6.0,112.0,1.0,11.0,2.0,3.0,1.0,0.0,80.0,8.0
2026,28,2026-09-19,Dylan,Moore,Hawthorn,HFFL,7.0,444.0,2.0,8.0,3.0,0.0,6.0,1.0,88.2,15.0
2026,28,2026-09-19,Harry,Morrison,Hawthorn,WL,4.0,405.0,2.0,11.0,5.0,0.0,1.0,0.0,50.0,7.0
2026,28,2026-09-19,Jai,Newcombe,Hawthorn,RR,5.0,251.0,1.0,20.0,3.0,5.0,4.0,0.0,70.0,14.0
2026,28,2026-09-19,James,Sicily,Hawthorn,BPL,4.0,269.0,8.0,3.0,2.0,0.0,2.0,0.0,73.3,11.0
2026,28,2026-09-19,Josh,Ward,Hawthorn,R,7.0,464.0,1.0,23.0,1.0,4.0,10.0,0.0,72.0,18.0
2026,28,2026-09-19,Nick,Watson,Hawthorn,FPL,11.0,472.0,2.0,5.0,3.0,1.0,5.0,0.0,68.8,11.0
2026,28,2026-09-19,Josh,Weddle,Hawthorn,INT,3.0,187.0,3.0,10.0,2.0,0.0,5.0,0.0,75.0,9.0
2026,28,2026-09-19,Oscar,Allen,Brisbane Lions,INT,2.0,87.0,1.0,3.0,2.0,0.0,1.0,1.0,83.3,5.0
2026,28,2026-09-19,Harris,Andrews,Brisbane Lions,FB,1.0,152.0,6.0,6.0,0.0,0.0,1.0,0.0,90.9,10.0
2026,28,2026-09-19,Levi,Ashcroft,Brisbane Lions,INT,2.0,129.0,0.0,7.0,1.0,0.0,0.0,0.0,90.0,9.0
2026,28,2026-09-19,Will,Ashcroft,Brisbane Lions,INT,10.0,554.0,0.0,12.0,6.0,6.0,5.0,0.0,67.9,19.0
2026,28,2026-09-19,Zac,Bailey,Brisbane Lions,WR,7.0,458.0,2.0,17.0,4.0,1.0,2.0,1.0,61.1,11.0
2026,28,2026-09-19,Jarrod,Berry,Brisbane Lions,WL,2.0,353.0,6.0,12.0,3.0,0.0,3.0,0.0,80.0,12.0
2026,28,2026-09-19,Charlie,Cameron,Brisbane Lions,HFFL,7.0,334.0,1.0,3.0,2.0,0.0,2.0,0.0,69.2,9.0
2026,28,2026-09-19,Sam,Draper,Brisbane Lions,RK,6.0,119.0,3.0,2.0,5.0,1.0,1.0,0.0,33.3,3.0
2026,28,2026-09-19,Josh,Dunkley,Brisbane Lions,RR,3.0,95.0,3.0,21.0,2.0,4.0,5.0,1.0,84.2,16.0
2026,28,2026-09-19,Jaspa,Fletcher,Brisbane Lions,HBFL,5.0,348.0,3.0,6.0,4.0,0.0,0.0,0.0,85.7,12.0
2026,28,2026-09-19,Darcy,Fort,Brisbane Lions,INT,5.0,199.0,1.0,2.0,0.0,3.0,5.0,0.0,40.0,4.0
2026,28,2026-09-19,Ty,Gallop,Brisbane Lions,BPL,1.0,211.0,4.0,7.0,4.0,0.0,4.0,0.0,87.5,7.0
2026,28,2026-09-19,Darcy,Gardiner,Brisbane Lions,CHB,1.0,18.0,5.0,4.0,0.0,0.0,1.0,0.0,100.0,5.0
2026,28,2026-09-19,Eric,Hipwood,Brisbane Lions,FPL,7.0,173.0,0.0,10.0,4.0,0.0,3.0,0.0,54.5,6.0
2026,28,2026-09-19,Ryan,Lester,Brisbane Lions,BPR,4.0,298.0,6.0,6.0,1.0,0.0,4.0,0.0,75.0,15.0
2026,28,2026-09-19,Kai,Lohmann,Brisbane Lions,FPR,8.0,221.0,2.0,12.0,1.0,0.0,2.0,4.0,81.8,9.0
2026,28,2026-09-19,Hugh,McCluggage,Brisbane Lions,C,8.0,447.0,2.0,9.0,6.0,1.0,4.0,1.0,56.5,13.0
2026,28,2026-09-19,Conor,McKenna,Brisbane Lions,HFFR,6.0,223.0,0.0,7.0,0.0,0.0,2.0,0.0,68.4,13.0
2026,28,2026-09-19,Logan,Morris,Brisbane Lions,CHF,7.0,222.0,1.0,3.0,0.0,0.0,2.0,0.0,71.4,5.0
2026,28,2026-09-19,Lachie,Neale,Brisbane Lions,R,3.0,381.0,3.0,18.0,4.0,4.0,9.0,2.0,76.9,20.0
2026,28,2026-09-19,Cam,Rayner,Brisbane Lions,FF,3.0,380.0,2.0,14.0,4.0,2.0,4.0,1.0,83.3,10.0
2026,28,2026-09-19,Darcy,Wilmot,Brisbane Lions,INT,3.0,170.0,3.0,6.0,0.0,0.0,2.0,0.0,90.9,10.0
2026,28,2026-09-19,Dayne,Zorko,Brisbane Lions,HBFR,2.0,515.0,5.0,8.0,3.0,0.0,4.0,0.0,85.7,18.0
