Player,ID,Team,Opponent,Round,Kicks,Marks,Hand Balls,Disp,Goals,Behinds,Hit Outs,Tackles,Rebounds,Inside 50,Clearances,Clangers,Frees For,Frees Against,Brownlow,Contested Possessions,Uncontested Possessions,Contested Marks,Marks Inside 50,One Percenters,Bounces,Goal Assists,% Time Played,Year
Joel Amartey,12844,SY,CA,1,6,4,1,7,3,1,2,1,0,2,0,2,2,0,0,3,4,0,3,3,0,0,75,2026
Riley Bice,13195,SY,CA,1,11,5,5,16,0,0,0,3,1,1,0,5,1,2,0,6,8,0,0,4,3,1,86,2026
Nick Blakey,12699,SY,CA,1,12,3,9,21,0,0,0,1,4,5,0,6,0,2,0,5,15,0,0,4,4,1,88,2026
Charlie Curnow,12421,SY,CA,1,10,3,0,10,3,2,0,2,0,1,0,2,2,1,0,4,6,1,2,2,0,0,77,2026
Brodie Grundy,12217,SY,CA,1,5,2,11,16,1,0,46,4,2,3,3,5,1,2,0,6,10,2,0,5,0,0,79,2026
Errol Gulden,12862,SY,CA,1,16,3,11,27,0,2,0,11,2,8,5,6,1,0,0,8,17,0,0,0,1,3,82,2026
Isaac Heeney,12326,SY,CA,1,10,3,10,20,2,0,0,8,0,5,6,6,1,2,0,10,8,0,1,1,0,0,77,2026
James Jordon,12860,SY,CA,1,7,4,9,16,0,0,0,2,3,1,1,3,0,1,0,5,10,0,0,0,1,0,79,2026
Jake Lloyd,12268,SY,CA,1,8,6,10,18,0,0,0,0,2,2,0,2,0,0,0,5,12,0,2,2,0,1,82,2026
Tom McCartin,12627,SY,CA,1,3,4,14,17,0,0,0,0,3,0,2,3,0,0,0,5,12,0,0,11,0,0,94,2026
Logan McDonald,12861,SY,CA,1,4,2,7,11,1,0,0,2,0,1,2,4,2,1,0,4,7,1,1,0,0,0,69,2026
Justin McInerney,12711,SY,CA,1,16,5,15,31,3,1,0,3,0,6,2,3,1,1,0,7,23,1,1,1,0,2,88,2026
Lewis Melican,12526,SY,CA,1,4,1,3,7,0,0,0,1,0,2,0,1,2,0,0,3,4,0,0,4,0,0,85,2026
Callum Mills,12413,SY,CA,1,10,3,15,25,0,1,0,0,4,2,0,4,0,1,0,5,17,0,0,3,1,1,72,2026
Tom Papley,12412,SY,CA,1,4,1,5,9,1,1,0,3,1,1,0,2,0,1,0,4,6,0,1,1,0,1,57,2026
Dane Rampe,12140,SY,CA,1,6,0,8,14,0,0,0,3,3,0,1,1,1,1,0,9,8,0,0,5,1,0,81,2026
Matt Roberts,12994,SY,CA,1,12,5,6,18,2,1,0,1,3,4,1,0,0,0,0,7,11,0,0,2,0,0,80,2026
Malcolm Rosas,12903,SY,CA,1,4,0,6,10,1,0,0,3,0,1,0,1,1,1,0,4,8,0,0,3,1,2,67,2026
James Rowbottom,12714,SY,CA,1,11,1,9,20,1,0,0,9,4,3,7,3,2,2,0,12,9,0,0,1,0,0,77,2026
Jai Serong,13022,SY,CA,1,10,2,9,19,0,0,0,5,2,3,2,4,1,1,0,5,13,0,0,4,0,1,84,2026
Angus Sheldrick,12951,SY,CA,1,13,1,10,23,1,0,0,1,2,6,3,5,1,1,0,6,15,0,0,1,0,0,56,2026
Chad Warner,12797,SY,CA,1,16,3,4,20,1,3,0,2,1,8,4,2,0,2,0,9,12,0,1,1,6,1,83,2026
Sam Wicks,12818,SY,CA,1,5,3,4,9,0,0,0,2,2,2,1,3,0,1,0,2,7,0,0,0,3,0,84,2026
Ben Ainsworth,12498,CA,SY,1,7,3,7,14,2,0,0,1,0,3,1,2,0,0,0,3,11,0,0,1,0,1,74,2026
Campbell Chesser,13039,CA,SY,1,8,5,9,17,0,0,0,2,2,0,0,3,1,2,0,5,12,0,0,0,0,0,75,2026
Patrick Cripps,12261,CA,SY,1,8,2,11,19,0,1,0,3,0,2,4,4,1,3,0,10,9,0,0,2,0,0,80,2026
Harry Dean,13273,CA,SY,1,7,1,7,14,0,0,0,2,4,1,0,2,2,0,0,7,8,0,0,7,0,0,80,2026
Oliver Florent,12497,CA,SY,1,16,7,6,22,0,0,0,1,5,2,2,1,0,0,0,9,11,1,0,0,0,0,84,2026
Lachie Fogarty,12596,CA,SY,1,5,1,9,14,0,0,0,0,1,0,0,1,0,0,0,7,8,0,0,3,0,0,66,2026
Will Hayward,12509,CA,SY,1,9,3,2,11,1,2,0,3,0,1,0,2,1,1,0,3,8,0,1,0,0,0,75,2026
George Hewett,12411,CA,SY,1,9,2,10,19,0,0,0,6,1,1,2,5,1,1,0,7,13,1,0,3,0,0,65,2026
Elijah Hollands,13016,CA,SY,1,12,1,7,19,1,0,0,1,2,3,0,6,3,1,0,8,11,0,0,2,0,1,79,2026
Oliver Hollands,13029,CA,SY,1,12,4,6,18,0,0,0,2,4,4,3,3,1,0,0,6,10,0,0,1,0,2,82,2026
Brodie Kemp,12937,CA,SY,1,8,3,7,15,1,1,0,1,0,2,0,5,1,1,0,6,10,2,1,1,0,0,92,2026
Cooper Lord,13170,CA,SY,1,11,3,15,26,0,1,0,0,3,7,1,2,3,0,0,7,20,0,0,2,0,1,74,2026
Mitch McGovern,12404,CA,SY,1,12,5,4,16,0,0,0,0,5,2,0,3,0,0,0,3,10,0,0,7,2,0,79,2026
Harry McKay,12566,CA,SY,1,10,5,3,13,1,0,0,0,0,3,0,5,1,3,0,7,6,2,0,3,0,0,96,2026
Ashton Moir,13171,CA,SY,1,7,3,3,10,1,0,0,4,0,0,2,0,1,0,0,3,5,0,1,0,0,0,78,2026
Marc Pittonet,12417,CA,SY,1,8,3,10,18,3,0,17,2,1,1,8,3,2,2,0,12,6,1,1,1,0,0,67,2026
Liam Reidy,13172,CA,SY,1,3,1,2,5,0,1,17,2,0,1,1,1,1,1,0,4,0,1,1,2,0,0,61,2026
Adam Saad,12330,CA,SY,1,5,1,6,11,0,0,0,0,5,0,0,0,0,0,0,5,3,0,0,5,10,0,64,2026
Jagga Smith,13274,CA,SY,1,11,3,16,27,0,0,0,2,1,4,3,4,0,0,0,5,21,0,0,1,3,0,79,2026
Sam Walsh,12684,CA,SY,1,16,3,16,32,0,0,0,2,0,9,6,4,2,0,0,13,20,0,0,3,1,0,77,2026
Jacob Weitering,12402,CA,SY,1,12,5,3,15,0,0,0,0,4,1,0,1,1,0,0,4,9,0,0,5,0,0,95,2026
Zac Williams,12175,CA,SY,1,10,1,6,16,0,1,0,3,4,3,6,3,1,3,0,12,7,0,0,3,1,0,79,2026
Lewis Young,12559,CA,SY,1,6,4,5,11,0,0,0,1,4,0,0,3,0,1,0,5,6,0,0,11,0,0,100,2026
Oscar Adams,13251,GC,GE,1,3,1,9,12,0,0,0,3,1,1,0,0,2,0,0,7,6,0,0,2,0,0,71,2026
Noah Anderson,12767,GC,GE,1,17,5,7,24,1,4,0,3,2,10,6,3,1,1,0,12,14,0,1,3,1,1,84,2026
Mac Andrew,13019,GC,GE,1,9,5,17,26,0,0,0,1,5,3,2,4,1,1,0,8,18,0,0,2,0,0,84,2026
Sam Clohesy,13119,GC,GE,1,10,5,9,19,0,0,0,1,1,4,0,2,0,1,0,5,14,0,0,1,0,0,79,2026
Sam Collins,12444,GC,GE,1,5,8,12,17,0,0,0,1,1,0,0,2,0,1,0,7,10,2,0,10,0,0,88,2026
Alex Davies,12942,GC,GE,1,5,0,12,17,0,0,0,8,2,3,4,6,1,4,0,14,6,0,0,1,0,0,59,2026
Jy Farrar,12848,GC,GE,1,1,0,4,5,0,0,0,4,0,0,0,1,1,0,0,3,2,0,0,2,0,1,66,2026
Will Graham,13120,GC,GE,1,5,4,3,8,0,1,0,4,0,2,2,4,1,3,0,4,4,0,4,0,1,2,62,2026
Bailey Humphrey,13049,GC,GE,1,11,4,4,15,4,2,0,3,1,2,1,5,1,2,0,6,9,0,3,1,0,1,77,2026
Joel Jeffrey,12933,GC,GE,1,16,5,6,22,0,0,0,2,6,4,0,2,0,1,0,4,15,0,0,2,0,1,80,2026
Ben King,12728,GC,GE,1,4,2,1,5,4,0,0,0,0,0,0,3,1,2,0,3,3,0,2,0,0,0,96,2026
Leo Lombard,13232,GC,GE,1,9,4,6,15,2,2,0,4,0,5,0,4,0,2,0,4,11,0,2,2,2,1,80,2026
Ben Long,12521,GC,GE,1,7,1,7,14,2,0,0,5,0,1,0,5,0,0,0,7,7,0,0,3,0,1,83,2026
Touk Miller,12331,GC,GE,1,10,3,20,30,1,0,0,6,2,3,4,2,0,0,0,11,18,0,0,0,0,0,77,2026
John Noble,12743,GC,GE,1,17,6,11,28,2,0,0,3,6,2,0,2,0,0,0,2,23,0,0,2,1,0,83,2026
Christian Petracca,12430,GC,GE,1,15,5,19,34,3,0,0,2,0,10,6,3,0,1,0,15,18,1,0,1,1,1,77,2026
Wil Powell,12652,GC,GE,1,10,2,9,19,0,0,0,5,1,3,2,3,1,2,0,5,14,0,0,1,1,1,79,2026
Ethan Read,13121,GC,GE,1,8,3,6,14,0,1,6,4,0,1,0,6,0,2,0,3,9,1,1,1,0,2,78,2026
Daniel Rioli,12403,GC,GE,1,15,4,9,24,0,1,0,3,3,5,3,3,2,0,0,6,18,0,0,5,5,1,84,2026
Bodhi Uwland,13041,GC,GE,1,10,3,9,19,0,0,0,2,6,1,1,5,1,3,0,3,12,0,0,5,0,1,89,2026
Zeke Uwland,13278,GC,GE,1,10,1,6,16,0,0,0,1,0,5,0,7,2,3,0,4,12,0,0,0,1,0,62,2026
Lachie Weller,12385,GC,GE,1,10,2,11,21,0,0,0,3,2,4,2,2,1,0,0,6,15,0,0,2,0,0,81,2026
Jarrod Witts,12177,GC,GE,1,3,1,5,8,0,0,52,1,1,2,1,1,1,0,0,6,2,1,0,4,0,0,79,2026
Tom Atkins,12690,GE,GC,1,13,3,13,26,0,0,0,6,5,3,6,2,4,0,0,16,10,0,0,3,0,0,77,2026
Mark Blicavs,12153,GE,GC,1,5,2,10,15,0,0,18,2,1,0,2,4,1,2,0,6,7,0,0,7,0,1,77,2026
Tanner Bruhn,12871,GE,GC,1,22,5,9,31,0,1,0,1,5,4,2,5,0,2,0,6,20,0,0,1,3,2,72,2026
Jhye Clark,13062,GE,GC,1,6,1,5,11,1,0,0,1,0,3,2,5,0,1,0,5,6,1,0,0,0,0,50,2026
Brad Close,12806,GE,GC,1,2,1,6,8,0,0,0,0,0,1,0,2,0,1,0,4,4,0,1,1,0,0,82,2026
Sam De Koning,12891,GE,GC,1,6,5,7,13,0,0,1,0,2,1,2,4,0,1,0,4,8,0,0,4,0,0,81,2026
Oliver Dempsey,12974,GE,GC,1,8,4,12,20,4,1,0,2,0,1,2,0,1,0,0,10,9,1,2,0,0,0,85,2026
Zach Guthrie,12551,GE,GC,1,9,5,9,18,0,0,0,3,4,0,0,1,3,0,0,5,13,1,0,1,0,0,71,2026
Jack Henry,12607,GE,GC,1,6,4,9,15,0,0,0,0,4,1,0,2,0,1,0,5,8,0,0,5,0,0,89,2026
Oliver Henry,12851,GE,GC,1,6,3,3,9,2,0,0,1,0,5,0,2,2,1,0,3,8,0,1,0,0,0,83,2026
Max Holmes,12881,GE,GC,1,14,8,15,29,0,0,0,5,4,6,9,8,1,3,0,14,16,0,0,1,0,0,75,2026
Lawson Humphries,13160,GE,GC,1,8,1,8,16,0,0,0,5,3,2,0,2,0,0,0,1,13,0,0,3,0,0,81,2026
Mitch Knevitt,12986,GE,GC,1,6,3,5,11,1,1,0,0,0,1,0,1,2,1,0,5,6,1,1,0,0,1,77,2026
Shaun Mannagh,13104,GE,GC,1,8,3,2,10,1,0,0,2,0,2,1,2,1,0,0,3,6,1,1,1,0,1,81,2026
Jack Martin,12236,GE,GC,1,5,2,8,13,0,0,0,1,0,2,1,2,2,1,0,7,6,0,0,1,0,0,67,2026
Gryan Miers,12689,GE,GC,1,16,10,12,28,0,1,0,4,5,4,1,3,2,0,0,5,24,0,1,0,0,0,78,2026
Oisin Mullin,13066,GE,GC,1,1,1,3,4,0,0,0,4,0,0,0,1,0,0,0,1,4,0,0,1,0,0,80,2026
Shannon Neale,12992,GE,GC,1,4,2,1,5,1,2,6,1,0,0,1,1,2,0,0,5,3,0,2,5,0,1,90,2026
Mark OConnor,12531,GE,GC,1,6,4,11,17,0,1,0,6,2,0,2,2,2,0,0,8,10,0,0,2,0,0,82,2026
Connor OSullivan,13122,GE,GC,1,14,5,4,18,0,0,0,3,4,1,0,5,2,2,0,5,10,1,0,6,0,0,93,2026
Bailey Smith,12692,GE,GC,1,17,3,6,23,0,0,0,2,1,7,0,3,0,0,0,5,16,0,0,0,0,1,83,2026
Tom Stewart,12505,GE,GC,1,16,2,8,24,0,0,0,1,9,1,1,1,1,0,0,6,11,0,0,3,1,0,80,2026
James Worpel,12619,GE,GC,1,10,1,7,17,0,1,0,11,2,5,9,3,3,1,0,7,10,0,0,3,0,0,66,2026
Karl Amon,12357,HW,GW,1,10,3,5,15,0,0,0,2,6,3,1,3,0,1,0,0,11,0,0,1,5,2,83,2026
Tom Barrass,12383,HW,GW,1,3,3,5,8,0,0,0,0,1,0,0,2,0,2,0,3,4,2,0,8,0,0,82,2026
Josh Battle,12558,HW,GW,1,13,7,7,20,0,1,0,1,6,2,0,4,1,1,0,7,11,1,1,3,0,0,93,2026
Sam Butler,12988,HW,GW,1,8,2,2,10,2,0,0,1,0,2,3,0,0,0,0,4,6,0,0,1,0,0,74,2026
Mabior Chol,12485,HW,GW,1,8,3,1,9,2,1,6,1,0,1,5,2,1,1,0,8,0,3,3,1,0,0,68,2026
Massimo DAmbrosio,12998,HW,GW,1,10,1,7,17,0,0,0,0,1,0,2,4,0,0,0,7,7,0,0,2,0,0,73,2026
Jack Ginnivan,12927,HW,GW,1,12,6,5,17,2,0,0,1,0,5,2,3,2,0,0,5,10,0,0,1,0,0,77,2026
Jack Gunston,11845,HW,GW,1,6,4,1,7,4,1,0,2,0,1,0,1,0,1,0,3,5,0,3,1,0,0,83,2026
Blake Hardwick,12469,HW,GW,1,6,2,6,12,0,0,0,2,1,1,1,0,2,0,0,5,5,1,0,2,0,0,85,2026
Jarman Impey,12237,HW,GW,1,11,3,7,18,0,0,0,3,5,4,0,2,0,0,0,5,10,0,0,1,0,0,84,2026
Mitch Lewis,12636,HW,GW,1,7,6,3,10,1,1,0,3,0,3,2,2,3,0,0,7,5,2,1,3,0,0,62,2026
Connor Macdonald,12954,HW,GW,1,13,3,7,20,0,0,0,4,2,4,4,2,1,0,0,9,12,0,0,2,0,3,77,2026
Finn Maginness,12843,HW,GW,1,2,1,6,8,0,0,0,1,0,0,0,0,0,0,0,0,8,0,0,0,0,1,56,2026
Lloyd Meek,12856,HW,GW,1,3,2,3,6,1,0,33,3,0,2,2,2,1,1,0,5,2,2,1,1,0,0,73,2026
Dylan Moore,12710,HW,GW,1,5,1,8,13,0,1,0,2,0,1,1,1,0,0,0,6,5,0,0,1,0,0,87,2026
Harry Morrison,12579,HW,GW,1,12,6,5,17,0,0,0,2,1,4,0,4,0,1,0,0,15,0,0,1,0,0,87,2026
Conor Nash,12670,HW,GW,1,8,2,9,17,0,0,0,3,0,3,6,1,1,0,0,8,7,0,0,2,0,0,75,2026
Jai Newcombe,12915,HW,GW,1,16,4,9,25,0,0,0,3,3,4,4,5,2,3,0,4,22,0,0,0,1,0,75,2026
Jack Scrimshaw,12565,HW,GW,1,14,5,6,20,0,0,0,0,9,1,0,5,1,1,0,7,13,0,0,1,1,0,73,2026
James Sicily,12332,HW,GW,1,15,5,8,23,0,0,0,2,5,7,1,1,5,0,0,12,11,1,0,7,0,1,86,2026
Josh Ward,12955,HW,GW,1,10,6,8,18,0,1,0,2,1,3,1,1,0,0,0,6,12,0,0,1,0,0,74,2026
Nick Watson,13105,HW,GW,1,11,0,6,17,2,2,0,4,0,4,1,4,0,1,0,7,9,0,0,1,1,1,83,2026
Josh Weddle,13057,HW,GW,1,7,3,7,14,0,0,0,1,3,3,1,0,1,0,0,5,9,0,0,1,1,1,87,2026
Ryan Angwin,13001,GW,HW,1,5,1,7,12,0,0,0,5,2,1,1,2,0,0,0,3,9,0,0,1,1,0,83,2026
Lachie Ash,12782,GW,HW,1,15,8,5,20,0,0,0,1,8,2,0,4,1,0,0,3,13,0,0,4,2,0,85,2026
Kieren Briggs,12904,GW,HW,1,6,0,3,9,0,0,28,5,1,4,7,3,1,2,0,9,0,0,0,1,0,0,70,2026
Callum Brown,12910,GW,HW,1,3,1,7,10,1,0,0,1,1,1,0,4,1,0,0,4,6,0,0,1,0,0,69,2026
Jack Buckley,12846,GW,HW,1,10,6,2,12,0,0,0,2,3,0,0,2,0,0,0,1,11,1,0,6,0,0,78,2026
Finn Callaghan,12969,GW,HW,1,15,1,11,26,0,0,0,4,4,9,6,3,0,0,0,7,20,0,0,1,3,0,76,2026
Stephen Coniglio,12028,GW,HW,1,13,6,9,22,2,1,0,2,0,3,3,3,1,1,0,10,12,0,2,1,1,3,80,2026
Josaia Delana,13222,GW,HW,1,3,0,3,6,0,0,0,1,0,2,0,2,0,2,0,5,2,0,0,1,0,1,63,2026
Joe Fonti,13164,GW,HW,1,14,9,8,22,0,0,0,1,4,2,3,1,1,0,0,10,13,1,0,4,0,1,89,2026
Phoenix Gothard,13279,GW,HW,1,7,1,3,10,1,1,0,3,0,3,2,3,0,1,0,4,6,0,0,1,0,0,75,2026
Toby Greene,12025,GW,HW,1,16,1,4,20,0,0,0,5,1,8,3,4,1,1,0,12,9,0,0,5,0,3,78,2026
Max Gruzewski,13158,GW,HW,1,3,3,3,6,2,0,0,0,0,1,0,2,0,1,0,3,3,1,2,2,0,0,69,2026
Harry Himmelberg,12462,GW,HW,1,8,5,11,19,0,0,0,2,3,2,1,3,0,1,0,4,15,0,0,1,1,0,78,2026
Jesse Hogan,12321,GW,HW,1,7,3,1,8,3,0,0,1,0,2,0,2,1,1,0,4,3,1,2,1,0,0,86,2026
Connor Idun,12750,GW,HW,1,10,5,3,13,0,0,0,2,3,0,1,2,2,0,0,4,6,0,0,6,1,0,100,2026
Jayden Laverde,12377,GW,HW,1,10,7,4,14,0,0,0,2,2,2,0,1,0,1,0,3,9,1,0,5,0,0,83,2026
Xavier OHalloran,12821,GW,HW,1,5,4,4,9,0,0,0,1,1,1,0,4,0,1,0,4,4,0,0,1,0,0,64,2026
Clayton Oliver,12410,GW,HW,1,9,3,17,26,1,0,0,4,2,4,10,3,0,1,0,19,8,1,0,2,0,0,85,2026
Jake Riccardi,12834,GW,HW,1,12,7,5,17,3,1,7,4,0,8,0,6,1,5,0,4,12,0,1,0,0,2,75,2026
Harry Rowston,13045,GW,HW,1,12,6,3,15,1,0,0,0,1,3,3,3,0,1,0,4,10,0,0,1,0,0,61,2026
Jake Stringer,12167,GW,HW,1,13,5,1,14,5,4,0,2,0,1,2,1,2,1,0,8,6,1,5,3,0,1,86,2026
Harvey Thomas,13101,GW,HW,1,11,4,9,20,0,0,0,1,1,3,2,1,1,0,0,7,15,0,1,2,0,1,78,2026
Lachie Whitfield,12143,GW,HW,1,17,5,10,27,0,0,0,1,7,1,0,2,0,1,0,2,17,0,0,2,0,0,86,2026
Oscar Allen,12655,BL,WB,1,9,5,2,11,1,3,0,0,2,2,0,1,0,1,0,2,8,0,1,0,0,1,88,2026
Harris Andrews,12340,BL,WB,1,11,7,7,18,0,0,0,0,3,1,0,3,2,2,0,8,7,2,0,12,0,1,97,2026
Levi Ashcroft,13197,BL,WB,1,8,4,10,18,0,0,0,3,1,2,2,0,0,0,0,4,15,0,0,2,0,1,86,2026
Will Ashcroft,13040,BL,WB,1,16,4,14,30,0,1,0,5,1,6,7,4,0,0,0,11,16,1,1,0,2,0,83,2026
Zac Bailey,12610,BL,WB,1,8,2,10,18,1,2,0,3,1,3,4,1,1,1,0,7,11,0,0,1,0,0,88,2026
Jarrod Berry,12519,BL,WB,1,14,8,8,22,0,1,0,2,3,2,4,3,3,0,0,8,14,0,1,2,0,2,71,2026
Charlie Cameron,12277,BL,WB,1,13,7,2,15,4,1,0,5,0,5,0,4,3,1,0,6,9,0,2,0,0,2,87,2026
Keidean Coleman,12838,BL,WB,1,13,5,5,18,0,0,0,2,1,3,0,2,1,0,0,3,13,1,0,2,0,0,74,2026
Josh Dunkley,12408,BL,WB,1,8,3,11,19,0,0,0,6,1,3,4,3,0,2,0,9,12,0,0,6,0,0,76,2026
Jaspa Fletcher,13072,BL,WB,1,13,7,8,21,0,0,0,1,0,1,2,2,0,1,0,5,17,0,0,3,2,1,82,2026
Darcy Fort,12724,BL,WB,1,9,2,2,11,1,0,28,2,1,1,3,7,1,5,0,5,4,2,0,0,0,0,71,2026
Ty Gallop,13235,BL,WB,1,7,4,3,10,0,1,0,6,0,3,0,2,0,0,0,5,4,2,1,0,0,0,80,2026
Darcy Gardiner,12267,BL,WB,1,7,4,0,7,0,0,0,0,2,1,0,3,0,2,0,2,5,0,0,5,0,0,89,2026
Ryan Lester,11894,BL,WB,1,16,9,8,24,0,0,0,1,5,1,0,3,0,0,0,5,18,1,0,4,0,0,89,2026
Kai Lohmann,12968,BL,WB,1,10,6,5,15,2,1,0,3,0,4,4,1,1,0,0,7,7,1,1,0,0,0,78,2026
Hugh McCluggage,12518,BL,WB,1,2,2,2,4,0,0,0,1,1,0,0,0,0,0,0,0,4,0,0,0,0,0,17,2026
Logan Morris,13137,BL,WB,1,13,4,1,14,3,2,0,1,0,4,0,0,1,0,0,3,8,0,2,0,0,1,83,2026
Lachie Neale,12055,BL,WB,1,15,8,24,39,0,0,0,0,2,7,8,1,0,0,0,15,24,0,0,0,1,0,89,2026
Cam Rayner,12592,BL,WB,1,5,1,11,16,1,2,0,1,0,1,3,4,0,1,0,8,8,0,0,1,0,0,86,2026
Bruce Reville,13138,BL,WB,1,12,3,6,18,0,0,0,2,1,6,2,1,1,0,0,6,13,0,0,0,0,0,73,2026
Darcy Wilmot,13026,BL,WB,1,18,6,5,23,0,0,0,0,2,3,1,1,0,0,0,5,14,0,0,1,0,0,87,2026
Zane Zakostelsky,13277,BL,WB,1,3,3,3,6,1,0,14,3,0,0,1,1,1,1,0,4,4,0,1,2,0,0,44,2026
Dayne Zorko,12076,BL,WB,1,24,11,7,31,1,0,0,4,4,4,0,1,1,0,0,5,23,0,0,1,0,0,82,2026
Oskar Baker,12723,WB,BL,1,6,4,5,11,0,0,0,2,1,3,2,1,0,0,0,3,8,0,0,2,0,1,67,2026
Marcus Bontempelli,12269,WB,BL,1,10,4,9,19,3,0,0,5,2,4,4,3,0,2,0,9,11,0,2,2,0,1,84,2026
Lachlan Bramble,12916,WB,BL,1,9,3,7,16,1,0,0,0,1,5,2,1,0,1,0,4,13,0,0,2,1,0,83,2026
Connor Budarick,12769,WB,BL,1,19,3,8,27,1,0,0,2,6,1,1,4,1,1,0,6,15,0,0,2,1,0,82,2026
Jordan Croft,13265,WB,BL,1,4,1,0,4,0,2,2,0,0,1,1,0,1,0,0,3,1,0,0,1,0,0,43,2026
Bailey Dale,12354,WB,BL,1,11,5,8,19,0,0,0,2,3,0,1,3,0,1,0,5,11,1,0,2,0,0,78,2026
Sam Darcy,13021,WB,BL,1,7,4,3,10,2,2,7,2,0,2,1,5,1,2,0,5,5,1,2,2,0,1,81,2026
Sam Davidson,13178,WB,BL,1,3,2,6,9,1,0,0,2,1,0,1,1,0,1,0,4,7,0,0,2,0,0,56,2026
Tim English,12537,WB,BL,1,6,5,10,16,2,0,37,1,0,3,0,1,5,1,0,8,10,2,1,3,0,0,85,2026
Joel Freijah,13140,WB,BL,1,9,2,11,20,0,0,0,1,1,2,4,4,0,2,0,7,9,0,0,2,0,1,90,2026
Cooper Hynes,13213,WB,BL,1,2,0,10,12,0,0,0,3,0,1,2,0,0,0,0,3,9,0,0,0,0,0,78,2026
Lachie Jaques,13275,WB,BL,1,14,4,2,16,0,0,0,4,4,2,0,1,2,0,0,4,10,0,0,3,0,0,76,2026
Arthur Jones,13046,WB,BL,1,2,1,5,7,0,0,0,3,0,1,0,1,0,0,0,1,6,0,0,0,0,1,51,2026
Matthew Kennedy,12455,WB,BL,1,19,4,11,30,0,2,0,6,5,3,5,5,1,1,0,11,17,0,1,0,0,1,84,2026
Buku Khamis,12900,WB,BL,1,5,3,0,5,0,0,0,2,0,0,0,1,0,0,0,2,3,0,0,5,0,0,93,2026
Tom Liberatore,11898,WB,BL,1,15,4,13,28,0,0,0,2,4,5,4,3,0,1,0,10,16,0,0,3,0,1,82,2026
Rory Lobb,12282,WB,BL,1,10,4,3,13,0,0,0,0,7,0,0,1,0,0,0,2,6,1,0,9,0,0,100,2026
Aaron Naughton,12594,WB,BL,1,6,3,4,10,2,0,0,3,0,2,1,0,3,0,0,5,6,0,1,1,0,2,81,2026
James ODonnell,13061,WB,BL,1,5,3,3,8,0,0,0,3,1,0,0,2,1,1,0,5,4,0,0,5,0,0,89,2026
Ed Richards,12605,WB,BL,1,24,8,6,30,2,0,0,4,4,10,7,2,0,1,0,6,21,0,1,2,2,2,81,2026
Michael Sellwood,13276,WB,BL,1,5,2,5,10,0,0,0,7,3,0,0,0,2,0,0,4,7,0,0,4,0,0,83,2026
Rhylee West,12748,WB,BL,1,7,2,9,16,1,1,0,3,0,2,0,1,0,0,0,4,13,0,0,1,1,2,69,2026
Bailey Williams,12441,WB,BL,1,13,7,12,25,1,4,0,3,4,3,3,2,0,1,0,5,19,0,2,0,1,0,85,2026
Hugh Boxshall,13220,SK,CW,1,4,2,3,7,0,1,0,6,0,2,1,2,0,1,0,1,7,0,1,2,0,0,67,2026
Anthony Caminiti,13035,SK,CW,1,5,3,5,10,0,0,0,1,2,0,0,3,1,2,0,5,6,0,0,7,0,0,93,2026
Jack Carroll,12976,SK,CW,1,11,8,5,16,0,1,0,2,3,3,0,1,2,0,0,2,14,0,0,0,0,0,71,2026
Tom De Koning,12674,SK,CW,1,9,6,11,20,0,0,17,1,0,4,4,3,2,2,0,8,12,2,0,5,0,0,82,2026
Sam Flanders,12824,SK,CW,1,14,7,14,28,0,0,0,2,3,3,1,4,1,0,0,7,21,0,0,0,0,0,87,2026
Hugo Garcia,13125,SK,CW,1,7,4,10,17,0,0,0,6,0,5,5,1,2,0,0,7,10,0,0,1,0,0,71,2026
Max Hall,13193,SK,CW,1,7,3,10,17,1,1,0,5,1,2,1,3,0,1,0,6,11,0,0,0,0,1,80,2026
Jack Higgins,12609,SK,CW,1,4,1,7,11,1,0,0,3,0,2,1,0,1,0,0,5,7,0,0,1,0,0,80,2026
Bradley Hill,12060,SK,CW,1,19,5,5,24,1,0,0,1,4,6,0,4,0,1,0,4,18,0,0,2,1,0,80,2026
Jack Macrae,12166,SK,CW,1,3,1,11,14,0,0,0,6,1,1,4,6,1,2,0,9,8,0,0,2,0,0,52,2026
Rowan Marshall,12564,SK,CW,1,3,0,3,6,0,0,8,1,0,2,3,1,1,0,0,7,1,0,0,2,0,0,63,2026
Mitch Owens,12948,SK,CW,1,8,3,4,12,2,2,1,1,0,4,0,1,2,0,0,5,7,1,2,3,0,1,86,2026
Mattaes Phillipou,13036,SK,CW,1,8,1,10,18,0,1,0,4,1,2,3,2,2,0,0,10,8,0,0,0,0,0,76,2026
Liam Ryan,12600,SK,CW,1,6,1,3,9,1,2,0,1,0,1,0,5,2,2,0,4,5,0,1,0,4,0,71,2026
Cooper Sharman,12929,SK,CW,1,4,4,6,10,2,1,2,3,0,2,0,3,2,0,0,6,5,1,2,3,0,0,83,2026
Jack Silvagni,12458,SK,CW,1,13,5,6,19,0,0,0,3,2,2,0,2,2,1,0,6,10,0,0,5,1,0,87,2026
Jack Sinclair,12325,SK,CW,1,21,6,14,35,0,0,0,3,3,3,1,1,1,0,0,7,21,0,0,4,0,1,88,2026
Alix Tauru,13243,SK,CW,1,4,1,2,6,0,0,0,0,0,0,1,0,1,0,0,2,3,0,0,1,0,0,71,2026
Nasiah Wanganeen-Milera,12950,SK,CW,1,16,1,3,19,1,0,0,3,1,5,2,5,1,1,0,5,9,0,0,1,0,0,79,2026
Callum Wilkie,12703,SK,CW,1,16,12,10,26,0,0,0,0,4,1,0,1,0,0,0,7,19,2,0,4,3,0,100,2026
Darcy Wilson,13110,SK,CW,1,15,5,6,21,0,2,0,2,0,5,0,6,2,3,0,3,17,0,0,0,4,1,83,2026
Marcus Windhager,12967,SK,CW,1,20,11,9,29,0,0,0,1,3,6,2,2,1,0,0,7,22,0,0,3,0,0,82,2026
Mason Wood,12312,SK,CW,1,8,2,5,13,0,0,0,2,1,2,2,0,0,0,0,5,8,0,0,1,0,0,66,2026
Edward Allan,13146,CW,SK,1,4,3,6,10,0,0,0,2,1,2,1,3,0,1,0,4,7,0,0,2,1,0,64,2026
Jack Buller,13071,CW,SK,1,3,1,3,6,0,0,0,2,0,0,0,2,1,1,0,3,3,0,0,0,0,0,77,2026
Darcy Cameron,12660,CW,SK,1,12,5,7,19,1,0,20,6,2,0,5,4,3,2,0,13,4,2,1,1,0,0,87,2026
Jack Crisp,12061,CW,SK,1,10,9,16,26,0,0,0,2,2,2,0,0,0,0,0,9,18,1,0,1,0,0,74,2026
Josh Daicos,12573,CW,SK,1,27,13,9,36,0,0,0,1,9,4,3,1,2,1,0,9,23,0,0,0,1,0,89,2026
Nick Daicos,12943,CW,SK,1,25,7,16,41,0,2,0,2,4,5,4,6,1,1,0,6,32,0,0,0,2,1,85,2026
Jordan de Goey,12318,CW,SK,1,12,3,7,19,3,0,0,1,2,2,2,3,1,1,0,5,14,0,0,2,0,0,69,2026
Jamie Elliott,12083,CW,SK,1,9,6,2,11,1,1,0,0,0,4,1,3,0,1,0,3,6,1,1,1,0,0,81,2026
Billy Frampton,12676,CW,SK,1,14,13,5,19,0,0,0,0,5,0,0,6,0,4,0,4,17,0,0,7,0,0,100,2026
Dan Houston,12495,CW,SK,1,21,11,7,28,0,1,0,3,10,2,1,4,0,1,0,2,20,0,1,1,0,0,81,2026
Patrick Lipinski,12578,CW,SK,1,14,12,7,21,0,0,0,2,4,3,1,2,1,1,0,2,19,0,0,1,0,0,75,2026
Ned Long,13023,CW,SK,1,4,1,9,13,0,0,0,9,1,1,2,3,0,1,0,6,7,0,0,0,0,1,71,2026
Brayden Maynard,12371,CW,SK,1,18,13,9,27,0,1,0,4,2,1,0,3,0,3,0,9,18,1,1,7,0,0,87,2026
Beau McCreery,12876,CW,SK,1,10,4,6,16,2,1,0,1,0,5,1,3,0,1,0,2,13,0,0,1,1,0,78,2026
Daniel McStay,12291,CW,SK,1,2,1,4,6,1,0,1,2,0,0,1,1,0,0,0,3,3,0,0,0,0,0,78,2026
Tim Membrey,12300,CW,SK,1,5,4,3,8,0,3,0,1,0,0,0,3,0,3,0,2,7,1,4,0,0,0,77,2026
Wil Parker,13147,CW,SK,1,7,3,4,11,0,0,0,0,2,2,0,2,1,2,0,3,9,0,0,4,0,0,77,2026
Scott Pendlebury,4182,CW,SK,1,9,8,17,26,0,0,0,4,1,2,3,1,0,0,0,11,15,0,1,1,0,5,55,2026
Harry Perryman,12536,CW,SK,1,15,5,7,22,0,0,0,3,3,2,2,4,0,2,0,5,15,0,0,1,0,0,81,2026
Isaac Quaynor,12740,CW,SK,1,15,11,8,23,0,0,0,0,3,0,1,0,1,0,0,5,16,1,0,3,0,0,86,2026
Lachie Schultz,12700,CW,SK,1,13,9,7,20,2,0,0,4,0,0,0,2,4,0,0,3,17,0,1,0,0,0,82,2026
Steele Sidebottom,11751,CW,SK,1,9,3,6,15,0,0,0,1,2,2,1,2,0,1,0,3,12,0,0,1,0,1,72,2026
Roan Steele,13248,CW,SK,1,6,2,5,11,1,0,0,3,0,1,0,1,1,0,0,1,8,0,0,1,0,1,75,2026
Harry Armstrong,13189,RI,CA,2,5,4,1,6,0,1,0,1,0,2,0,1,0,0,0,2,4,1,1,1,0,0,80,2026
Noah Balta,12686,RI,CA,2,17,7,2,19,0,0,0,0,7,3,0,8,2,1,0,8,11,1,0,5,0,0,93,2026
Sam Banks,13078,RI,CA,2,13,7,11,24,0,0,0,1,4,2,0,1,0,0,0,3,18,0,0,0,0,0,76,2026
Nathan Broad,12456,RI,CA,2,10,7,5,15,0,0,0,2,4,1,0,0,1,0,0,2,11,1,0,3,1,0,70,2026
Seth Campbell,13100,RI,CA,2,9,0,8,17,0,1,0,0,0,3,2,6,1,1,0,8,6,0,0,2,2,2,80,2026
Jonty Faull,13214,RI,CA,2,8,6,2,10,0,2,0,4,0,2,0,2,2,0,0,3,8,0,2,2,0,0,81,2026
Josh Gibcus,12947,RI,CA,2,6,4,3,9,0,0,0,4,2,0,0,1,0,0,0,4,3,1,0,5,0,0,76,2026
Campbell Gray,13218,RI,CA,2,1,0,1,2,0,0,2,0,0,0,0,1,0,1,0,1,1,0,0,3,0,0,32,2026
Steely Green,13145,RI,CA,2,9,4,3,12,2,0,0,2,1,3,0,0,1,0,0,5,7,0,0,1,1,0,80,2026
Sam Grlj,13290,RI,CA,2,13,7,6,19,0,0,0,4,5,3,0,3,2,0,0,5,13,0,0,1,1,0,74,2026
Jacob Hopper,12440,RI,CA,2,8,1,10,18,0,0,0,2,0,4,2,5,1,1,0,9,9,0,0,0,0,0,73,2026
Sam Lalor,13190,RI,CA,2,12,4,4,16,2,1,0,1,0,5,4,3,1,2,0,9,6,2,2,1,0,0,76,2026
Tom Lynch,11948,RI,CA,2,11,6,1,12,2,7,0,4,0,0,0,6,3,5,0,7,6,2,5,4,0,0,94,2026
Rhyan Mansell,12883,RI,CA,2,9,7,3,12,2,0,0,4,0,3,0,2,0,1,0,5,7,1,3,0,0,1,82,2026
Kane McAuliffe,13117,RI,CA,2,9,0,7,16,0,0,0,3,0,6,0,5,0,1,0,3,15,0,0,2,0,0,80,2026
Ben Miller,12941,RI,CA,2,13,7,4,17,0,0,0,0,4,0,0,0,0,0,0,2,12,1,0,4,0,0,95,2026
Toby Nankervis,12374,RI,CA,2,9,1,12,21,0,0,22,2,0,1,7,3,1,2,0,12,8,0,0,5,0,0,76,2026
Hugo Ralphsmith,12902,RI,CA,2,7,3,4,11,0,0,0,0,0,6,1,2,0,0,0,3,8,0,0,2,0,0,86,2026
Maurice Rioli,12935,RI,CA,2,3,1,3,6,0,0,0,4,1,1,1,2,2,0,0,4,4,0,0,2,0,0,75,2026
Jack Ross,12712,RI,CA,2,9,4,14,23,0,0,0,7,0,3,4,3,1,1,0,9,14,0,0,0,0,0,75,2026
Jayden Short,12418,RI,CA,2,23,10,6,29,1,0,0,0,5,5,1,2,0,1,0,6,20,0,1,2,0,0,83,2026
Tim Taranto,12504,RI,CA,2,8,4,21,29,0,0,0,1,0,5,7,3,2,1,0,15,15,0,1,0,0,1,83,2026
James Trezise,13095,RI,CA,2,5,3,7,12,0,0,0,3,1,2,0,1,1,0,0,2,10,0,0,2,0,1,78,2026
Ben Ainsworth,12498,CA,RI,2,4,2,4,8,0,0,0,1,0,3,0,1,0,0,0,4,5,0,0,0,0,0,78,2026
Matt Carroll,13212,CA,RI,2,10,3,9,19,0,1,0,3,3,1,0,2,0,0,0,8,10,1,0,1,1,0,72,2026
Campbell Chesser,13039,CA,RI,2,9,3,6,15,0,1,0,3,2,1,1,3,0,0,0,2,13,0,0,0,0,1,77,2026
Lachlan Cowan,13028,CA,RI,2,8,2,6,14,0,0,0,2,5,1,0,5,0,2,0,2,9,0,0,2,0,0,66,2026
Patrick Cripps,12261,CA,RI,2,12,1,20,32,0,3,0,3,1,4,9,3,5,1,0,19,13,1,1,0,0,1,80,2026
Harry Dean,13273,CA,RI,2,5,0,2,7,0,0,0,0,3,0,0,2,2,1,0,1,7,0,0,7,0,0,76,2026
Oliver Florent,12497,CA,RI,2,18,5,6,24,0,0,0,0,7,0,0,4,0,2,0,1,16,0,0,1,1,0,80,2026
Lachie Fogarty,12596,CA,RI,2,1,0,5,6,0,1,0,3,1,0,1,1,1,1,0,4,3,0,0,0,0,1,71,2026
Will Hayward,12509,CA,RI,2,10,6,6,16,1,0,0,3,0,4,0,2,0,1,0,5,11,0,0,1,0,1,74,2026
George Hewett,12411,CA,RI,2,8,5,15,23,1,0,0,4,0,2,5,0,1,0,0,12,11,1,0,0,0,0,67,2026
Elijah Hollands,13016,CA,RI,2,7,3,7,14,0,1,0,1,0,4,1,3,0,2,0,8,9,0,0,1,0,0,77,2026
Oliver Hollands,13029,CA,RI,2,8,3,6,14,0,0,0,1,4,1,0,4,0,0,0,2,10,0,0,0,0,1,86,2026
Brodie Kemp,12937,CA,RI,2,6,6,4,10,1,1,0,4,2,0,0,3,0,2,0,0,11,0,2,1,0,0,87,2026
Cooper Lord,13170,CA,RI,2,14,5,6,20,1,0,0,2,3,2,2,4,0,1,0,6,14,0,0,0,0,0,78,2026
Mitch McGovern,12404,CA,RI,2,11,6,4,15,2,0,0,1,0,4,0,2,0,0,0,9,8,2,1,6,0,1,82,2026
Harry McKay,12566,CA,RI,2,10,7,2,12,2,2,0,1,0,2,0,3,2,1,0,5,7,1,1,3,0,0,91,2026
Hudson OKeeffe,13233,CA,RI,2,3,2,4,7,0,1,10,3,0,2,1,4,2,1,0,3,4,1,1,2,0,0,66,2026
Marc Pittonet,12417,CA,RI,2,6,0,7,13,1,1,25,3,1,1,6,1,2,0,0,11,3,0,0,2,0,0,74,2026
Jagga Smith,13274,CA,RI,2,13,1,19,32,0,1,0,5,0,5,3,4,1,1,0,11,21,0,0,0,0,0,73,2026
Sam Walsh,12684,CA,RI,2,13,4,17,30,0,0,0,5,4,4,6,6,1,2,0,9,20,0,0,1,0,0,83,2026
Jacob Weitering,12402,CA,RI,2,7,5,2,9,0,0,2,1,4,0,0,2,0,1,0,6,4,2,0,13,0,0,95,2026
Zac Williams,12175,CA,RI,2,12,3,5,17,1,0,0,2,5,2,1,0,0,0,0,5,9,1,1,1,1,0,68,2026
Lewis Young,12559,CA,RI,2,6,3,4,10,0,0,2,2,5,0,1,4,1,2,0,5,5,0,0,6,0,0,96,2026
Karl Amon,12357,HW,ES,2,17,3,6,23,0,1,0,1,3,8,0,4,0,0,0,2,19,0,0,2,0,2,77,2026
Tom Barrass,12383,HW,ES,2,6,5,2,8,0,0,0,0,2,0,0,3,0,2,0,1,7,0,0,3,0,0,77,2026
Josh Battle,12558,HW,ES,2,14,10,4,18,0,0,0,3,3,0,0,0,2,0,0,4,13,0,0,2,0,0,91,2026
Sam Butler,12988,HW,ES,2,7,7,2,9,0,0,0,0,0,0,0,1,0,0,0,0,9,0,0,0,0,0,74,2026
Mabior Chol,12485,HW,ES,2,13,9,1,14,1,3,0,1,0,3,1,3,0,2,0,5,8,2,3,1,0,0,77,2026
Massimo DAmbrosio,12998,HW,ES,2,6,5,6,12,1,0,0,1,1,4,0,2,0,1,0,3,10,0,0,0,3,0,80,2026
Jack Ginnivan,12927,HW,ES,2,14,9,6,20,1,3,0,2,0,7,1,1,1,0,0,4,15,0,2,1,0,1,83,2026
Jack Gunston,11845,HW,ES,2,8,8,2,10,5,1,0,0,0,1,0,1,1,0,0,3,7,2,6,0,0,1,77,2026
Blake Hardwick,12469,HW,ES,2,13,11,8,21,0,0,0,0,4,0,1,2,0,1,0,5,15,1,0,1,3,0,91,2026
Jarman Impey,12237,HW,ES,2,16,12,7,23,0,0,0,4,5,2,0,1,0,0,0,3,22,0,0,1,0,1,82,2026
Mitch Lewis,12636,HW,ES,2,8,6,3,11,0,1,0,1,0,1,0,1,1,1,0,2,9,0,1,3,0,1,77,2026
Connor Macdonald,12954,HW,ES,2,15,3,9,24,2,2,0,0,0,7,1,3,1,1,0,7,17,1,0,0,0,1,79,2026
Cam Mackenzie,13031,HW,ES,2,13,6,8,21,0,1,0,5,1,1,5,1,1,0,0,6,15,0,0,1,0,0,74,2026
Lloyd Meek,12856,HW,ES,2,6,3,7,13,0,0,26,2,0,2,5,5,2,4,0,8,5,0,0,3,0,0,58,2026
Dylan Moore,12710,HW,ES,2,17,7,7,24,1,1,0,2,1,4,2,2,1,1,0,5,19,0,1,0,1,1,85,2026
Conor Nash,12670,HW,ES,2,6,5,17,23,1,0,0,4,0,1,7,4,0,1,0,13,10,0,2,3,0,1,79,2026
Jai Newcombe,12915,HW,ES,2,11,6,11,22,1,1,0,4,1,2,6,2,1,2,0,7,15,0,1,0,2,0,73,2026
Ned Reeves,12906,HW,ES,2,5,3,7,12,2,0,17,1,0,2,4,0,2,0,0,8,5,0,1,2,0,2,53,2026
Jack Scrimshaw,12565,HW,ES,2,12,8,4,16,0,0,0,3,3,1,0,6,0,3,0,3,13,1,0,1,0,1,82,2026
James Sicily,12332,HW,ES,2,21,11,5,26,0,0,0,4,3,5,0,4,1,1,0,4,20,0,0,1,1,1,94,2026
Josh Ward,12955,HW,ES,2,16,6,10,26,0,0,0,5,0,8,5,2,1,0,0,7,19,0,0,0,0,2,75,2026
Nick Watson,13105,HW,ES,2,13,6,4,17,4,2,0,5,0,4,1,4,0,0,0,6,11,0,4,0,1,1,81,2026
Josh Weddle,13057,HW,ES,2,8,8,8,16,2,2,0,4,0,6,2,1,0,0,0,4,12,0,2,2,1,1,83,2026
Lachlan Blakiston,13237,ES,HW,2,3,1,6,9,0,0,19,4,1,2,5,5,3,5,0,8,1,0,0,1,0,0,83,2026
Nate Caddy,13148,ES,HW,2,7,4,4,11,1,1,0,2,0,1,0,3,0,0,0,5,7,0,1,0,0,1,88,2026
Jye Caldwell,12755,ES,HW,2,11,3,7,18,1,1,0,7,3,1,2,6,0,0,0,4,14,0,0,1,0,0,72,2026
Sam Durham,12925,ES,HW,2,10,4,13,23,2,0,0,4,3,2,5,4,1,1,0,9,15,0,1,1,0,1,72,2026
Xavier Duursma,12696,ES,HW,2,4,4,8,12,2,0,0,2,1,0,0,3,1,0,0,5,6,2,1,1,2,0,83,2026
Hussien El Achkar,13281,ES,HW,2,6,0,2,8,1,0,0,1,0,2,0,0,1,0,0,4,4,0,0,0,2,1,76,2026
Brayden Fiorini,12481,ES,HW,2,7,5,13,20,1,1,0,1,2,2,1,4,1,0,0,5,15,0,1,0,1,1,79,2026
Zak Johnson,13231,ES,HW,2,9,3,7,16,0,0,0,0,3,0,0,2,0,0,0,3,11,0,0,2,1,0,82,2026
Max Kondogiannis,13282,ES,HW,2,5,4,10,15,0,0,0,2,2,1,1,1,0,1,0,2,13,0,0,1,0,0,75,2026
Kyle Langford,12349,ES,HW,2,5,1,4,9,0,1,0,1,0,1,0,3,2,1,0,4,5,0,0,2,0,0,89,2026
Archie May,13238,ES,HW,2,3,2,0,3,0,0,0,3,0,1,0,1,0,1,0,2,1,1,0,2,0,0,59,2026
Andrew McGrath,12491,ES,HW,2,8,6,13,21,0,0,0,4,5,2,0,2,1,1,0,4,16,0,0,0,0,1,82,2026
Ben McKay,12580,ES,HW,2,5,8,7,12,0,0,0,0,3,0,0,0,0,0,0,3,9,1,0,4,1,0,99,2026
Zach Merrett,12241,ES,HW,2,17,5,15,32,1,1,0,2,2,6,4,1,1,0,0,10,22,0,0,0,0,1,80,2026
Jayden Nguyen,13258,ES,HW,2,5,2,7,12,0,0,0,0,3,1,0,1,2,0,0,3,9,0,0,0,0,0,78,2026
Darcy Parish,12406,ES,HW,2,12,2,9,21,0,0,0,4,2,6,6,3,2,1,0,10,11,0,0,1,0,2,69,2026
Archie Perkins,12879,ES,HW,2,8,3,9,17,1,0,0,2,0,4,0,3,1,0,0,4,13,0,1,0,2,1,73,2026
Jaxon Prior,12874,ES,HW,2,5,3,5,10,0,0,0,1,1,3,1,1,0,0,0,5,5,0,0,1,1,0,77,2026
Mason Redman,12437,ES,HW,2,20,7,6,26,0,0,0,2,8,2,0,0,1,0,0,2,14,0,0,2,4,0,89,2026
Zach Reid,12889,ES,HW,2,5,2,5,10,0,0,0,0,3,0,0,3,1,3,0,0,7,0,0,2,0,0,95,2026
Archie Roberts,13168,ES,HW,2,13,2,7,20,0,0,0,0,2,3,3,2,0,0,0,5,13,0,0,0,0,0,61,2026
Dyson Sharp,13283,ES,HW,2,3,2,3,6,2,0,0,4,0,0,0,1,1,0,0,3,4,1,1,0,0,0,58,2026
Peter Wright,12366,ES,HW,2,4,2,3,7,1,0,6,0,2,0,0,3,1,1,0,5,2,0,1,6,0,0,80,2026
Ryan Angwin,13001,GW,WB,2,8,6,7,15,0,0,0,2,0,2,0,1,1,0,0,4,12,0,0,2,0,1,92,2026
Lachie Ash,12782,GW,WB,2,26,13,5,31,0,0,0,3,2,6,0,3,0,1,0,5,25,0,0,0,1,0,81,2026
Kieren Briggs,12904,GW,WB,2,9,2,0,9,0,1,15,3,1,0,5,5,0,2,0,4,3,0,0,1,0,0,51,2026
Callum Brown,12910,GW,WB,2,6,3,3,9,0,2,0,2,0,1,0,1,0,0,0,0,7,0,0,0,0,1,62,2026
Jack Buckley,12846,GW,WB,2,10,9,6,16,0,0,0,1,2,0,0,2,1,2,0,7,11,2,0,6,0,0,90,2026
Finn Callaghan,12969,GW,WB,2,15,5,12,27,2,0,0,4,1,4,4,4,0,1,0,11,13,1,1,0,1,0,83,2026
Stephen Coniglio,12028,GW,WB,2,7,3,8,15,1,0,0,4,1,3,1,2,0,1,0,5,9,0,0,0,0,0,83,2026
Josaia Delana,13222,GW,WB,2,3,0,4,7,0,0,0,5,1,2,1,1,1,0,0,3,4,0,0,1,0,0,82,2026
Joe Fonti,13164,GW,WB,2,13,7,7,20,0,0,0,4,5,1,0,4,3,3,0,7,14,0,0,5,0,0,85,2026
Phoenix Gothard,13279,GW,WB,2,10,4,2,12,0,2,0,5,0,3,1,3,2,1,0,6,6,0,2,0,0,0,76,2026
Toby Greene,12025,GW,WB,2,16,6,10,26,1,2,0,2,1,7,6,12,2,4,0,9,18,0,1,0,0,0,79,2026
Max Gruzewski,13158,GW,WB,2,3,4,4,7,0,1,0,1,0,1,0,0,0,0,0,4,3,2,1,0,0,0,66,2026
Harry Himmelberg,12462,GW,WB,2,11,8,6,17,0,0,0,0,4,2,0,2,1,0,0,5,12,0,0,3,0,0,64,2026
Jesse Hogan,12321,GW,WB,2,4,3,6,10,0,1,0,3,0,1,0,1,1,0,0,6,4,1,1,0,0,0,83,2026
Connor Idun,12750,GW,WB,2,11,10,12,23,0,0,0,1,3,1,0,2,0,1,0,6,18,0,0,4,0,0,94,2026
Jayden Laverde,12377,GW,WB,2,15,13,4,19,0,0,0,2,2,1,0,3,0,2,0,2,17,1,0,2,0,0,84,2026
Xavier OHalloran,12821,GW,WB,2,8,3,5,13,1,1,0,2,0,3,0,2,0,0,0,6,7,0,0,0,0,0,76,2026
Clayton Oliver,12410,GW,WB,2,11,3,15,26,0,0,0,2,1,4,4,5,2,1,0,8,16,1,0,1,0,0,75,2026
Jake Riccardi,12834,GW,WB,2,14,8,5,19,1,0,12,1,1,1,2,3,0,1,0,6,13,1,2,0,0,0,58,2026
Harry Rowston,13045,GW,WB,2,8,4,7,15,1,0,0,2,2,1,2,6,0,1,0,4,12,0,0,2,0,0,70,2026
Jake Stringer,12167,GW,WB,2,4,1,1,5,0,0,0,3,0,2,0,2,1,0,0,4,2,0,1,2,0,1,90,2026
Harvey Thomas,13101,GW,WB,2,14,5,7,21,0,0,0,2,2,4,0,4,0,3,0,3,16,0,0,3,0,0,95,2026
Lachie Whitfield,12143,GW,WB,2,15,7,10,25,0,0,0,2,3,0,0,3,1,1,0,3,17,1,0,0,0,0,82,2026
Oskar Baker,12723,WB,GW,2,9,6,2,11,2,0,0,0,2,3,1,1,0,1,0,1,10,0,1,3,0,1,68,2026
Marcus Bontempelli,12269,WB,GW,2,21,6,12,33,3,1,0,3,0,11,6,6,2,1,0,14,20,1,4,3,1,2,83,2026
Lachlan Bramble,12916,WB,GW,2,5,4,11,16,1,0,0,0,1,1,1,0,1,0,0,3,13,0,0,1,1,0,69,2026
Connor Budarick,12769,WB,GW,2,16,6,7,23,0,0,0,1,6,1,3,3,2,0,0,4,17,0,0,0,0,0,77,2026
Bailey Dale,12354,WB,GW,2,15,4,8,23,0,1,0,1,4,0,0,3,0,1,0,3,13,0,0,2,1,1,81,2026
Sam Darcy,13021,WB,GW,2,11,3,5,16,4,1,6,1,0,2,2,3,2,1,0,7,9,1,1,2,0,0,77,2026
Sam Davidson,13178,WB,GW,2,10,4,1,11,2,0,0,1,0,2,0,2,0,0,0,2,6,0,2,0,0,0,75,2026
Tim English,12537,WB,GW,2,15,6,7,22,0,0,23,4,2,4,5,2,5,0,0,11,14,0,0,2,0,0,78,2026
Joel Freijah,13140,WB,GW,2,9,5,11,20,0,0,0,4,1,0,1,4,0,1,0,3,15,0,0,0,1,2,82,2026
Cooper Hynes,13213,WB,GW,2,6,1,8,14,1,0,0,0,1,0,2,3,0,0,0,7,7,0,0,0,0,0,77,2026
Lachie Jaques,13275,WB,GW,2,21,9,8,29,0,0,0,1,7,3,2,5,2,0,0,6,21,0,0,1,1,0,83,2026
Matthew Kennedy,12455,WB,GW,2,17,6,10,27,1,1,0,4,3,6,8,3,1,1,0,9,18,0,1,0,2,2,77,2026
Buku Khamis,12900,WB,GW,2,8,9,5,13,0,0,0,1,0,0,0,2,0,1,0,2,11,1,0,6,0,0,94,2026
Will Lewis,13284,WB,GW,2,3,1,3,6,0,0,2,0,0,1,0,1,2,0,0,2,4,0,0,0,0,0,50,2026
Tom Liberatore,11898,WB,GW,2,15,7,14,29,1,0,0,6,4,5,6,4,1,1,0,9,21,0,0,1,0,1,74,2026
Rory Lobb,12282,WB,GW,2,9,7,3,12,0,0,1,0,3,0,0,1,0,0,0,2,10,1,0,9,0,0,94,2026
Aaron Naughton,12594,WB,GW,2,14,11,1,15,6,1,0,2,0,2,0,0,1,0,0,6,7,5,7,1,0,3,81,2026
James ODonnell,13061,WB,GW,2,4,2,3,7,0,0,0,2,2,1,0,2,0,1,0,2,5,0,0,6,0,0,82,2026
Ed Richards,12605,WB,GW,2,12,5,7,19,0,0,0,5,2,6,6,1,1,1,0,9,10,0,1,2,0,2,78,2026
Ryley Sanders,13103,WB,GW,2,3,1,18,21,0,0,0,0,2,1,1,2,0,0,0,8,12,0,0,0,0,1,76,2026
Michael Sellwood,13276,WB,GW,2,6,7,3,9,0,0,0,0,2,0,0,3,0,2,0,3,6,1,0,2,0,0,79,2026
Rhylee West,12748,WB,GW,2,7,4,6,13,0,0,0,2,0,4,1,4,3,4,0,6,9,0,1,0,0,1,81,2026
Bailey Williams,12441,WB,GW,2,7,4,10,17,0,1,0,5,1,2,0,0,2,0,0,6,12,0,1,1,0,1,86,2026
Jye Amiss,12983,FR,GE,2,2,2,2,4,1,0,0,1,0,1,0,0,0,0,0,2,2,0,1,4,0,1,80,2026
Shai Bolton,12535,FR,GE,2,7,1,9,16,2,0,0,2,0,1,2,2,0,0,0,9,7,0,0,0,1,1,78,2026
Andrew Brayshaw,12589,FR,GE,2,8,2,6,14,1,0,0,4,0,1,6,7,1,4,0,8,8,0,0,1,1,0,79,2026
Heath Chapman,12875,FR,GE,2,10,2,9,19,0,0,0,1,6,0,1,6,0,2,0,5,10,0,0,4,0,0,85,2026
Jordan Clark,12688,FR,GE,2,16,2,3,19,0,0,0,3,7,3,2,3,0,1,0,5,8,0,0,3,0,0,82,2026
Sean Darcy,12547,FR,GE,2,3,2,7,10,0,0,22,1,0,2,0,2,1,1,0,5,5,1,0,1,0,0,45,2026
Isaiah Dudley,13204,FR,GE,2,7,1,3,10,3,2,0,4,0,1,0,2,0,1,0,5,6,0,1,1,0,1,65,2026
Neil Erasmus,12966,FR,GE,2,12,4,9,21,0,2,0,0,4,1,1,7,0,1,0,7,14,0,0,1,0,0,75,2026
Luke Jackson,12779,FR,GE,2,8,2,19,27,1,0,22,8,3,1,10,6,3,2,0,18,10,0,0,1,0,0,78,2026
Matthew Johnson,13047,FR,GE,2,8,2,6,14,0,0,0,6,1,3,2,3,0,0,0,4,10,1,0,0,0,1,75,2026
Oscar McDonald,12394,FR,GE,2,4,2,1,5,0,0,0,2,4,0,0,1,1,0,0,2,2,0,0,5,0,0,91,2026
Judd McVee,13033,FR,GE,2,7,2,7,14,0,0,0,2,3,2,2,2,0,0,0,6,7,0,0,2,2,0,85,2026
Nathan ODriscoll,12960,FR,GE,2,3,2,8,11,1,0,0,3,0,3,1,0,0,0,0,6,6,0,0,2,0,0,78,2026
Alex Pearce,12352,FR,GE,2,7,5,1,8,0,0,0,1,4,0,1,2,0,1,0,3,5,1,0,0,0,0,59,2026
Murphy Reid,13180,FR,GE,2,9,2,10,19,1,3,0,4,1,1,2,1,3,1,0,7,12,0,0,0,1,0,81,2026
Caleb Serong,12786,FR,GE,2,21,5,9,30,1,1,0,1,1,6,8,2,1,0,0,13,15,0,0,1,1,2,85,2026
Sam Switkowski,12672,FR,GE,2,2,1,7,9,0,1,0,4,0,2,0,0,1,0,0,1,8,0,0,0,0,0,75,2026
Josh Treacy,12887,FR,GE,2,9,8,1,10,2,1,0,2,0,5,0,4,1,3,0,5,7,2,3,0,0,1,90,2026
Patrick Voss,13129,FR,GE,2,7,4,4,11,0,3,0,6,1,2,0,4,1,3,0,5,7,1,3,1,0,1,94,2026
Corey Wagner,12453,FR,GE,2,8,2,5,13,0,0,0,1,2,4,0,3,0,2,0,4,8,0,0,2,0,0,71,2026
Brandon Walker,12914,FR,GE,2,5,0,5,10,0,0,0,1,2,1,1,0,1,0,0,3,7,0,0,3,0,0,91,2026
Karl Worner,13075,FR,GE,2,11,6,8,19,0,0,0,2,4,1,0,2,1,2,0,2,13,0,0,2,1,0,82,2026
Hayden Young,12777,FR,GE,2,7,2,9,16,1,0,1,4,0,5,3,1,0,0,0,7,10,0,0,2,0,1,77,2026
Tom Atkins,12690,GE,FR,2,9,2,6,15,0,0,0,10,1,6,4,1,1,1,0,8,8,0,0,2,0,0,74,2026
Mark Blicavs,12153,GE,FR,2,5,2,12,17,0,0,9,4,1,0,2,2,2,1,0,8,8,0,0,6,0,0,76,2026
Tanner Bruhn,12871,GE,FR,2,14,4,10,24,0,1,0,4,4,3,4,3,3,0,0,7,18,0,1,3,2,0,63,2026
Jeremy Cameron,12017,GE,FR,2,19,10,4,23,3,4,1,2,0,4,0,2,0,1,0,3,19,1,3,2,0,0,87,2026
Jhye Clark,13062,GE,FR,2,5,2,4,9,1,1,0,1,0,0,0,5,2,2,0,4,5,0,1,2,0,0,69,2026
Brad Close,12806,GE,FR,2,2,0,2,4,0,0,0,2,0,1,0,0,0,0,0,2,2,0,0,1,0,0,83,2026
Patrick Dangerfield,11700,GE,FR,2,3,2,1,4,1,0,0,0,0,1,0,0,1,0,0,3,1,2,2,0,0,1,55,2026
Sam De Koning,12891,GE,FR,2,8,5,3,11,0,0,0,4,2,2,0,2,1,0,0,5,6,1,0,5,0,1,76,2026
Oliver Dempsey,12974,GE,FR,2,4,2,12,16,0,1,0,1,0,3,1,4,0,2,0,7,9,0,0,1,0,0,84,2026
Mitchell Edwards,13285,GE,FR,2,4,0,3,7,0,0,15,2,0,3,1,2,2,1,0,5,1,0,0,1,0,0,52,2026
Zach Guthrie,12551,GE,FR,2,10,8,4,14,0,0,0,2,0,2,1,3,1,1,0,3,10,0,0,0,0,1,79,2026
Jack Henry,12607,GE,FR,2,11,7,2,13,1,0,0,1,1,0,0,1,3,1,0,4,9,0,0,9,0,0,86,2026
Max Holmes,12881,GE,FR,2,17,7,15,32,0,1,0,8,5,7,5,2,0,1,0,11,18,0,0,0,5,1,84,2026
Lawson Humphries,13160,GE,FR,2,12,9,10,22,0,0,0,2,4,0,0,1,0,0,0,3,18,1,0,2,0,0,90,2026
Shaun Mannagh,13104,GE,FR,2,13,3,3,16,3,2,0,1,0,5,1,3,2,0,0,7,9,0,2,1,0,1,88,2026
Jack Martin,12236,GE,FR,2,8,6,3,11,1,2,0,2,0,1,1,1,1,0,0,5,7,1,4,3,0,1,69,2026
Gryan Miers,12689,GE,FR,2,17,5,8,25,0,0,0,2,2,5,2,1,0,0,0,5,19,0,0,0,0,3,83,2026
Oisin Mullin,13066,GE,FR,2,7,5,4,11,0,0,0,1,0,3,1,2,1,1,0,3,7,0,0,0,0,0,77,2026
Shannon Neale,12992,GE,FR,2,7,5,2,9,5,1,1,1,0,1,1,1,1,0,0,5,2,4,5,1,0,0,95,2026
Mark OConnor,12531,GE,FR,2,7,3,1,8,0,0,0,1,1,3,1,3,0,0,0,2,6,0,0,1,0,0,74,2026
Connor OSullivan,13122,GE,FR,2,8,7,4,12,0,0,0,2,2,3,0,6,0,3,0,5,7,1,0,4,0,1,88,2026
Bailey Smith,12692,GE,FR,2,22,7,9,31,1,0,0,4,2,6,3,5,3,0,0,8,20,0,0,3,0,2,83,2026
Tom Stewart,12505,GE,FR,2,19,10,8,27,0,0,0,1,7,1,0,3,0,0,0,7,14,0,0,9,0,1,86,2026
Joel Amartey,12844,SY,BL,2,9,8,4,13,5,0,2,2,0,1,0,2,1,0,0,5,8,3,5,2,0,2,68,2026
Riley Bice,13195,SY,BL,2,16,6,12,28,0,0,0,4,6,4,0,3,0,1,0,1,25,1,0,3,1,1,84,2026
Nick Blakey,12699,SY,BL,2,16,6,9,25,1,0,0,1,8,4,2,4,2,2,0,7,14,0,0,4,0,1,87,2026
Charlie Curnow,12421,SY,BL,2,9,6,4,13,0,2,0,2,0,3,0,4,2,2,0,8,6,2,3,1,0,0,78,2026
Brodie Grundy,12217,SY,BL,2,2,1,7,9,1,0,29,1,0,1,3,5,1,4,0,10,3,0,0,4,0,0,80,2026
Errol Gulden,12862,SY,BL,2,11,6,9,20,1,0,0,8,4,4,1,2,0,2,0,3,17,0,1,1,1,0,65,2026
Isaac Heeney,12326,SY,BL,2,11,3,5,16,2,2,0,1,1,1,3,4,1,2,0,10,7,1,2,0,0,1,60,2026
James Jordon,12860,SY,BL,2,4,2,5,9,0,0,0,1,0,2,0,0,0,0,0,0,8,0,0,0,0,1,87,2026
Jake Lloyd,12268,SY,BL,2,4,4,4,8,0,0,0,2,0,1,0,0,0,0,0,1,6,0,0,0,0,1,77,2026
Tom McCartin,12627,SY,BL,2,11,8,16,27,0,0,0,0,4,4,0,2,1,0,0,8,18,2,0,4,0,0,95,2026
Logan McDonald,12861,SY,BL,2,6,5,6,12,2,1,3,1,0,2,0,0,1,0,0,7,6,1,3,5,0,1,74,2026
Justin McInerney,12711,SY,BL,2,10,5,13,23,2,0,0,1,1,2,2,2,0,1,0,2,20,0,1,1,0,0,84,2026
Lewis Melican,12526,SY,BL,2,7,4,4,11,0,1,0,1,2,1,0,1,0,0,0,2,8,0,0,7,0,0,86,2026
Callum Mills,12413,SY,BL,2,9,6,13,22,0,0,0,2,3,1,0,1,0,0,0,4,14,1,0,7,0,0,76,2026
Tom Papley,12412,SY,BL,2,13,4,5,18,0,0,0,1,0,6,2,2,0,0,0,5,12,0,1,2,1,1,71,2026
Dane Rampe,12140,SY,BL,2,9,1,6,15,0,0,0,3,1,3,0,1,2,1,0,5,8,0,0,4,0,0,77,2026
Matt Roberts,12994,SY,BL,2,11,5,9,20,0,1,0,4,1,8,1,3,4,1,0,10,12,0,1,1,0,0,84,2026
Malcolm Rosas,12903,SY,BL,2,5,1,3,8,1,1,0,1,0,1,0,0,0,0,0,2,5,0,1,2,0,0,69,2026
James Rowbottom,12714,SY,BL,2,10,2,11,21,0,1,0,7,1,4,3,3,0,0,0,10,10,0,0,2,0,0,76,2026
Jai Serong,13022,SY,BL,2,9,3,9,18,0,0,0,1,3,3,0,4,1,0,0,2,13,0,0,2,1,0,84,2026
Angus Sheldrick,12951,SY,BL,2,10,5,15,25,0,0,0,3,1,3,4,1,0,0,0,10,13,0,0,0,0,0,68,2026
Chad Warner,12797,SY,BL,2,6,1,9,15,0,0,0,0,0,4,2,2,0,0,0,10,5,0,0,0,3,3,79,2026
Sam Wicks,12818,SY,BL,2,5,0,5,10,0,1,0,5,3,2,0,3,2,3,0,4,6,0,0,3,0,0,90,2026
Oscar Allen,12655,BL,SY,2,3,1,2,5,1,0,0,0,0,1,0,1,0,1,0,1,3,0,0,0,0,0,65,2026
Daniel Annable,13295,BL,SY,2,10,4,3,13,0,0,0,1,0,2,0,2,1,0,0,2,11,0,0,0,0,1,60,2026
Noah Answerth,12718,BL,SY,2,8,4,2,10,0,0,0,4,3,1,0,2,0,2,0,2,8,0,0,1,0,0,83,2026
Levi Ashcroft,13197,BL,SY,2,14,6,4,18,0,1,0,1,2,2,3,1,1,0,0,6,14,0,1,0,0,0,74,2026
Will Ashcroft,13040,BL,SY,2,9,2,12,21,0,0,0,2,1,5,5,3,2,0,0,8,11,0,0,0,0,0,81,2026
Jarrod Berry,12519,BL,SY,2,8,2,4,12,0,1,0,3,2,2,1,1,1,1,0,3,8,0,0,2,0,0,74,2026
Charlie Cameron,12277,BL,SY,2,10,5,2,12,2,0,0,3,1,2,2,4,2,1,0,6,6,0,1,1,0,0,80,2026
Keidean Coleman,12838,BL,SY,2,8,6,8,16,0,0,0,0,1,0,1,2,0,0,0,4,12,1,0,1,0,0,76,2026
Sam Draper,12810,BL,SY,2,5,3,3,8,0,3,8,1,1,1,0,3,2,2,0,4,4,2,3,0,0,0,68,2026
Josh Dunkley,12408,BL,SY,2,12,5,10,22,0,0,0,9,2,2,2,3,1,0,0,10,10,0,0,1,0,0,77,2026
Jaspa Fletcher,13072,BL,SY,2,13,5,5,18,0,0,0,4,2,6,0,2,0,1,0,3,14,0,0,4,0,0,81,2026
Darcy Fort,12724,BL,SY,2,13,4,5,18,0,0,13,2,4,2,7,5,3,1,0,10,9,0,0,3,0,0,73,2026
Ty Gallop,13235,BL,SY,2,2,0,1,3,0,1,1,2,0,1,0,1,1,1,0,3,0,0,0,2,0,1,63,2026
Ryan Lester,11894,BL,SY,2,9,4,2,11,0,0,0,1,2,0,0,4,1,2,0,6,5,1,0,7,0,0,94,2026
Kai Lohmann,12968,BL,SY,2,4,2,4,8,1,0,0,2,0,0,3,5,0,2,0,7,2,1,2,0,1,0,84,2026
Lincoln McCarthy,12090,BL,SY,2,8,2,3,11,0,0,0,2,2,2,1,8,1,3,0,7,6,1,0,0,0,0,79,2026
Lachie Neale,12055,BL,SY,2,10,3,18,28,0,0,0,2,4,2,9,3,0,0,0,12,14,1,0,1,0,0,84,2026
Cam Rayner,12592,BL,SY,2,10,6,6,16,1,2,0,1,0,6,3,3,2,0,0,6,10,0,3,0,0,1,85,2026
Bruce Reville,13138,BL,SY,2,10,3,3,13,2,0,0,2,1,4,3,0,0,0,0,6,6,0,1,0,0,0,77,2026
James Tunstill,13005,BL,SY,2,7,7,9,16,1,0,0,0,2,0,0,2,0,0,0,4,12,0,1,0,0,0,76,2026
Darcy Wilmot,13026,BL,SY,2,21,8,3,24,0,1,0,2,4,2,4,2,1,0,0,7,13,1,0,2,0,0,88,2026
Zane Zakostelsky,13277,BL,SY,2,10,6,2,12,0,0,0,0,4,0,0,2,0,1,0,3,7,1,0,6,0,0,90,2026
Dayne Zorko,12076,BL,SY,2,24,11,6,30,0,0,0,1,8,3,1,4,0,0,0,6,18,0,0,1,1,1,88,2026
Callum Ah Chee,12414,AD,CW,2,5,4,7,12,0,1,0,0,1,3,1,1,0,0,0,4,9,0,1,1,0,0,70,2026
Sam Berry,12849,AD,CW,2,16,4,3,19,0,1,1,7,3,3,4,4,2,3,0,10,12,0,0,1,0,0,78,2026
Hugh Bond,13165,AD,CW,2,10,4,3,13,0,0,0,1,3,1,1,4,1,1,0,4,10,0,0,3,1,0,90,2026
Jordon Butts,12829,AD,CW,2,4,4,4,8,0,0,0,1,3,0,0,1,0,0,0,4,4,1,0,1,0,0,95,2026
Brayden Cook,12932,AD,CW,2,14,7,5,19,1,1,0,1,1,3,0,2,0,0,0,10,10,1,1,2,0,0,79,2026
Isaac Cumming,12629,AD,CW,2,14,9,5,19,2,0,0,2,1,4,0,3,0,1,0,1,18,0,1,3,0,1,80,2026
Jordan Dawson,12516,AD,CW,2,14,4,7,21,0,0,0,6,0,3,2,1,3,0,0,8,14,0,0,0,0,1,77,2026
Darcy Fogarty,12584,AD,CW,2,6,3,2,8,2,1,0,2,0,0,0,5,0,2,0,6,3,0,3,1,0,0,76,2026
Ben Keays,12434,AD,CW,2,11,4,2,13,1,1,0,0,2,4,0,5,1,0,0,2,10,0,1,2,0,3,87,2026
Rory Laird,12165,AD,CW,2,19,11,6,25,0,0,0,0,4,0,1,3,1,0,0,5,17,0,0,2,0,0,78,2026
Lachlan McAndrew,13065,AD,CW,2,4,1,9,13,0,0,27,4,2,2,5,3,1,2,0,8,6,0,0,3,0,1,72,2026
Max Michalanney,13027,AD,CW,2,14,9,2,16,0,0,0,2,4,2,0,2,0,1,0,2,15,0,0,3,0,0,77,2026
Wayne Milera,12405,AD,CW,2,21,6,13,34,0,0,0,1,6,4,1,1,0,0,0,8,18,0,0,1,1,1,81,2026
Nick Murray,12872,AD,CW,2,8,3,5,13,0,0,0,1,4,2,1,2,0,0,0,3,9,0,0,6,0,1,94,2026
Toby Murray,13280,AD,CW,2,1,1,1,2,0,0,7,2,0,0,0,2,0,0,0,1,1,0,0,1,0,0,32,2026
Alex Neal-Bullen,12367,AD,CW,2,14,7,12,26,1,2,0,2,1,6,2,5,0,0,0,10,17,0,2,2,0,1,80,2026
James Peatling,12934,AD,CW,2,12,3,8,20,0,1,0,2,0,1,5,2,1,1,0,10,9,1,0,0,0,1,82,2026
Luke Pedlar,12921,AD,CW,2,7,3,0,7,1,2,0,2,2,1,0,0,0,0,0,3,4,0,1,1,0,0,76,2026
Josh Rachele,12953,AD,CW,2,15,6,9,24,1,1,0,3,3,2,3,7,1,1,0,9,13,0,1,0,0,0,82,2026
Jake Soligo,12952,AD,CW,2,8,3,6,14,1,0,0,6,0,1,2,1,1,0,0,7,6,0,1,0,0,0,60,2026
Riley Thilthorpe,12892,AD,CW,2,12,7,3,15,3,1,0,3,1,6,1,5,1,1,0,6,9,3,2,0,1,0,89,2026
Taylor Walker,11713,AD,CW,2,11,6,8,19,0,2,0,0,0,5,0,3,2,1,0,10,9,2,0,1,0,2,80,2026
Josh Worrell,12912,AD,CW,2,16,8,11,27,0,0,0,0,7,2,0,3,0,0,0,8,16,0,0,1,0,0,83,2026
Edward Allan,13146,CW,AD,2,5,3,3,8,0,1,0,2,2,1,0,1,0,1,0,5,5,0,0,1,1,0,65,2026
Jack Buller,13071,CW,AD,2,4,1,4,8,0,0,0,2,0,1,0,2,1,0,0,2,6,0,0,0,0,0,67,2026
Darcy Cameron,12660,CW,AD,2,11,4,9,20,0,1,16,2,3,1,9,2,2,1,0,10,9,0,1,2,0,0,82,2026
Jack Crisp,12061,CW,AD,2,11,8,13,24,1,0,0,1,1,3,2,3,0,0,0,9,15,1,0,1,1,0,79,2026
Josh Daicos,12573,CW,AD,2,16,6,12,28,0,0,0,3,3,4,1,2,0,0,0,4,18,0,0,0,0,0,83,2026
Nick Daicos,12943,CW,AD,2,22,6,11,33,2,2,0,1,2,10,4,2,3,0,0,7,24,0,0,0,2,0,89,2026
Jordan de Goey,12318,CW,AD,2,7,5,5,12,0,0,0,2,0,3,0,3,0,0,0,4,7,1,0,1,0,2,82,2026
Jamie Elliott,12083,CW,AD,2,5,3,0,5,2,0,0,2,0,1,1,1,0,0,0,2,4,0,2,1,0,1,72,2026
Billy Frampton,12676,CW,AD,2,3,1,2,5,0,0,0,0,2,0,0,1,2,1,0,4,2,0,0,6,0,0,94,2026
Dan Houston,12495,CW,AD,2,21,11,11,32,0,0,0,1,5,4,1,3,0,1,0,8,18,0,0,6,0,0,88,2026
Patrick Lipinski,12578,CW,AD,2,8,4,14,22,0,1,0,5,1,2,1,3,0,0,0,7,14,1,0,0,0,1,82,2026
Ned Long,13023,CW,AD,2,7,1,9,16,0,0,0,8,0,1,2,5,1,4,0,7,8,0,0,0,0,0,69,2026
Brayden Maynard,12371,CW,AD,2,11,4,4,15,0,0,0,3,5,3,0,5,2,2,0,5,10,1,0,8,0,0,85,2026
Beau McCreery,12876,CW,AD,2,12,4,5,17,1,1,0,4,0,3,1,6,0,2,0,5,12,0,1,1,1,2,80,2026
Daniel McStay,12291,CW,AD,2,7,5,3,10,0,0,3,2,0,4,1,4,0,0,0,4,6,2,2,2,0,0,62,2026
Tim Membrey,12300,CW,AD,2,2,1,1,3,1,1,0,1,0,0,0,0,1,0,0,4,1,1,1,2,0,0,77,2026
Wil Parker,13147,CW,AD,2,4,0,5,9,0,0,0,0,3,1,0,3,0,1,0,4,3,0,0,4,0,0,79,2026
Scott Pendlebury,4182,CW,AD,2,8,5,8,16,0,0,0,2,0,1,3,0,0,0,0,5,12,0,0,1,0,0,64,2026
Harry Perryman,12536,CW,AD,2,9,5,8,17,0,1,0,3,4,2,0,0,1,0,0,3,13,0,0,5,0,0,87,2026
Isaac Quaynor,12740,CW,AD,2,15,8,6,21,0,0,0,2,6,4,0,3,0,0,0,1,17,0,0,2,2,1,90,2026
Lachie Schultz,12700,CW,AD,2,9,5,6,15,2,1,0,2,0,5,0,3,0,0,0,5,8,2,2,1,0,1,78,2026
Steele Sidebottom,11751,CW,AD,2,10,7,7,17,0,0,0,2,2,2,3,2,1,1,0,7,11,0,0,2,0,0,75,2026
Roan Steele,13248,CW,AD,2,6,1,6,12,2,1,0,2,1,3,0,1,0,1,0,3,8,0,1,1,0,2,72,2026
Tom Blamires,13287,NM,PA,2,14,5,9,23,0,0,0,1,3,1,0,2,1,1,0,3,20,0,0,0,0,0,82,2026
Charlie Comben,12938,NM,PA,2,13,11,5,18,1,0,0,2,3,2,0,2,1,1,0,10,11,3,0,6,0,0,93,2026
Paul Curtis,12975,NM,PA,2,6,4,1,7,1,3,0,1,0,0,0,0,2,0,0,6,3,2,4,0,0,0,79,2026
Caleb Daniel,12373,NM,PA,2,17,7,6,23,0,0,0,0,5,2,2,3,0,1,0,3,19,0,0,3,1,0,78,2026
Jack Darling,11905,NM,PA,2,9,7,3,12,1,0,3,4,0,3,2,3,1,2,0,8,4,3,0,2,0,3,61,2026
Luke Davies-Uniacke,12590,NM,PA,2,15,6,9,24,0,1,0,5,2,5,6,6,1,3,0,10,12,0,0,0,0,0,85,2026
Lachy Dovaston,13288,NM,PA,2,8,5,2,10,0,0,0,3,0,6,1,1,1,0,0,4,5,0,0,0,0,1,61,2026
Zane Duursma,13106,NM,PA,2,2,0,3,5,1,0,0,2,0,1,1,2,0,1,0,4,1,0,0,0,0,0,69,2026
Jacob Konstanty,13186,NM,PA,2,2,1,4,6,0,0,0,2,0,1,1,2,1,1,0,6,2,0,0,2,0,0,59,2026
Nick Larkey,12563,NM,PA,2,5,2,2,7,4,0,0,1,0,0,0,2,2,1,0,6,2,1,1,0,0,0,84,2026
Griffin Logue,12511,NM,PA,2,11,8,3,14,0,0,0,0,3,1,0,5,1,3,0,4,10,0,0,6,0,0,87,2026
Luke McDonald,12246,NM,PA,2,14,9,6,20,0,0,0,1,2,2,1,6,0,2,0,2,18,0,0,3,0,0,82,2026
Colby McKercher,13107,NM,PA,2,4,0,7,11,1,0,0,2,0,2,0,1,0,0,0,3,8,0,0,0,2,0,64,2026
Finn OSullivan,13187,NM,PA,2,6,5,9,15,0,0,0,4,0,2,6,0,0,0,0,8,7,0,0,2,0,0,85,2026
Luke Parker,11953,NM,PA,2,13,8,11,24,1,0,0,2,8,1,2,1,1,0,0,4,17,2,1,1,1,1,87,2026
Toby Pink,13108,NM,PA,2,10,7,5,15,0,0,0,1,1,3,0,0,0,0,0,2,12,0,0,3,0,0,91,2026
Tom Powell,12866,NM,PA,2,15,3,5,20,0,1,0,1,0,3,4,1,1,0,0,7,12,0,1,1,0,1,74,2026
Harry Sheezel,13034,NM,PA,2,18,8,13,31,0,0,0,5,4,5,5,4,0,2,0,7,23,0,0,0,0,1,79,2026
Jy Simpkin,12502,NM,PA,2,11,3,6,17,1,0,0,3,3,2,3,1,2,1,0,7,11,0,0,0,1,0,88,2026
Dylan Stephens,12796,NM,PA,2,20,11,9,29,1,1,0,4,2,5,1,2,1,0,0,4,26,0,0,1,0,0,91,2026
Cooper Trembath,13263,NM,PA,2,7,4,2,9,3,1,2,1,0,1,0,1,3,1,0,5,4,1,3,1,0,0,71,2026
Tristan Xerri,12788,NM,PA,2,4,1,15,19,0,0,16,10,0,3,5,4,1,2,0,16,4,0,0,1,0,0,80,2026
Cameron Zurhaar,12557,NM,PA,2,8,4,3,11,2,3,0,3,0,0,0,2,2,0,0,3,8,0,3,1,0,1,71,2026
Aliir Aliir,12433,PA,NM,2,10,5,5,15,0,0,0,1,2,0,0,5,2,2,0,6,10,0,0,5,0,0,100,2026
Miles Bergman,12867,PA,NM,2,7,3,5,12,1,2,0,2,1,2,2,2,2,2,0,7,5,1,1,0,0,0,79,2026
Joe Berry,13188,PA,NM,2,7,1,4,11,0,0,0,2,0,6,1,2,2,1,0,5,6,0,0,0,0,1,70,2026
Jase Burgoyne,13007,PA,NM,2,7,5,10,17,0,0,0,3,0,1,0,0,1,0,0,4,10,0,0,2,0,1,85,2026
Zak Butters,12698,PA,NM,2,14,0,9,23,0,2,0,7,1,5,9,2,2,0,0,11,11,0,0,1,0,0,82,2026
Darcy Byrne-Jones,12422,PA,NM,2,6,2,1,7,1,1,0,5,0,0,1,2,0,0,0,3,3,1,0,2,0,1,77,2026
Willem Drew,12695,PA,NM,2,11,2,10,21,0,0,0,4,0,7,4,2,3,0,0,9,11,0,0,0,0,1,72,2026
Corey Durdin,12936,PA,NM,2,6,5,1,7,2,2,0,1,0,2,0,0,0,0,0,1,6,0,3,0,0,0,55,2026
Logan Evans,13156,PA,NM,2,14,3,2,16,0,0,0,1,7,0,1,4,1,2,0,3,11,0,0,5,0,0,87,2026
Kane Farrell,12664,PA,NM,2,11,6,6,17,0,0,0,1,4,1,1,2,0,1,0,3,12,0,0,4,1,0,81,2026
Mitch Georgiades,12766,PA,NM,2,6,3,2,8,3,1,0,0,0,1,0,4,2,1,0,5,4,1,2,3,0,0,90,2026
Jason Horne-Francis,12956,PA,NM,2,8,2,4,12,0,1,0,3,0,3,3,4,2,1,0,7,5,0,0,1,0,1,74,2026
Lachie Jones,12882,PA,NM,2,9,6,0,9,0,0,0,1,5,2,0,1,0,1,0,1,7,1,0,4,0,0,84,2026
Ollie Lord,13056,PA,NM,2,4,1,3,7,0,1,7,2,0,0,1,2,1,0,0,5,2,0,1,0,0,0,79,2026
Ewan Mackinlay,13269,PA,NM,2,7,0,6,13,0,0,0,3,1,1,0,3,0,0,0,8,6,0,0,0,0,0,79,2026
Todd Marshall,12575,PA,NM,2,9,3,5,14,0,0,0,0,3,0,0,2,0,1,0,6,6,1,0,3,0,0,63,2026
Esava Ratugolea,12597,PA,NM,2,4,3,4,8,0,0,0,0,3,0,0,2,0,1,0,6,1,2,0,5,0,0,85,2026
Joe Richards,13139,PA,NM,2,11,6,3,14,0,0,0,2,0,5,0,3,0,1,0,2,12,0,0,0,0,2,75,2026
Connor Rozee,12697,PA,NM,2,13,7,11,24,0,0,0,3,3,4,1,5,1,2,0,8,16,0,0,3,0,0,84,2026
Dante Visentini,13073,PA,NM,2,4,1,2,6,0,0,30,6,1,2,1,5,1,2,0,1,3,0,0,4,0,0,82,2026
Jack Watkins,13289,PA,NM,2,7,5,3,10,0,0,0,2,0,4,0,1,0,1,0,4,7,2,1,1,0,1,65,2026
Jacob Wehr,12991,PA,NM,2,8,4,5,13,0,0,0,1,2,1,3,4,1,2,0,6,8,0,0,0,0,0,83,2026
Jack Whitlock,13259,PA,NM,2,3,1,0,3,2,1,0,2,0,0,1,1,1,1,0,1,2,0,1,0,0,0,71,2026
Kade Chandler,12756,ME,SK,2,9,6,6,15,1,2,0,2,1,4,1,0,1,0,0,4,8,0,2,1,0,1,81,2026
Jai Culley,13015,ME,SK,2,7,4,4,11,1,1,0,2,0,0,1,1,1,1,0,5,7,2,3,0,0,0,79,2026
Bayley Fritsch,12598,ME,SK,2,11,4,4,15,1,1,0,1,1,3,0,2,1,0,0,6,10,1,1,1,2,0,81,2026
Max Gawn,11966,ME,SK,2,8,4,14,22,1,0,36,2,2,5,5,5,1,2,0,13,9,2,1,5,0,1,91,2026
Blake Howes,13098,ME,SK,2,4,3,11,15,0,0,0,0,2,0,0,0,0,0,0,5,10,1,0,5,0,0,82,2026
Changkuoth Jiath,12752,ME,SK,2,11,8,8,19,0,0,0,1,5,2,1,2,0,0,0,3,15,0,0,4,3,1,70,2026
Ed Langdon,12393,ME,SK,2,9,5,1,10,0,1,0,2,0,2,0,1,0,1,0,2,8,1,1,0,0,1,89,2026
Harvey Langford,13184,ME,SK,2,4,1,5,9,0,0,0,1,0,2,2,1,0,0,0,4,5,0,0,0,0,2,72,2026
Jake Lever,12351,ME,SK,2,9,7,3,12,0,0,0,1,5,0,0,2,0,2,0,4,9,0,0,8,0,0,99,2026
Xavier Lindsay,13185,ME,SK,2,13,1,5,18,0,0,0,2,6,1,1,2,0,0,0,6,9,0,0,2,0,1,76,2026
Brody Mihocek,12639,ME,SK,2,12,8,2,14,3,0,0,0,1,3,0,5,1,2,0,5,10,1,4,1,0,0,84,2026
Harry Petty,12653,ME,SK,2,5,2,2,7,0,0,5,2,0,2,1,2,1,2,0,5,2,1,0,4,0,1,86,2026
Kysaiah Pickett,12771,ME,SK,2,14,2,5,19,1,1,0,7,1,2,6,6,1,1,0,9,10,0,2,1,2,0,82,2026
Latrelle Pickett,13286,ME,SK,2,5,2,2,7,1,0,0,0,0,4,2,3,0,2,0,5,4,0,0,0,6,1,59,2026
Trent Rivers,12778,ME,SK,2,6,3,10,16,0,0,0,4,0,4,2,1,0,0,0,3,13,0,0,1,0,0,58,2026
Christian Salem,12272,ME,SK,2,18,2,5,23,0,0,0,2,6,1,0,4,0,2,0,3,10,0,0,0,1,1,80,2026
Harry Sharp,12864,ME,SK,2,8,1,7,15,1,1,0,2,0,1,3,1,2,0,0,8,8,0,0,1,0,0,51,2026
Tom Sparrow,12693,ME,SK,2,4,1,2,6,0,0,0,2,2,0,0,0,0,0,0,2,5,0,0,2,0,0,72,2026
Jack Steele,12368,ME,SK,2,15,3,6,21,1,0,0,3,2,5,5,2,1,0,0,8,11,0,0,1,0,1,72,2026
Koltyn Tholstrup,13123,ME,SK,2,10,2,7,17,0,1,0,1,1,4,3,2,1,1,0,5,11,0,1,0,0,0,82,2026
Daniel Turner,12996,ME,SK,2,9,5,6,15,0,1,0,2,2,1,0,0,0,0,0,4,10,0,0,6,1,0,96,2026
Jacob van Rooyen,13048,ME,SK,2,10,7,4,14,6,1,3,1,0,3,2,0,0,0,0,5,9,1,4,1,0,1,82,2026
Caleb Windsor,13099,ME,SK,2,11,1,10,21,1,1,0,2,1,7,1,4,0,2,0,5,18,0,0,0,0,0,79,2026
Hugh Boxshall,13220,SK,ME,2,9,5,6,15,0,2,0,2,0,1,2,4,1,0,0,6,9,0,2,2,0,0,70,2026
Anthony Caminiti,13035,SK,ME,2,5,2,6,11,0,0,0,0,1,0,0,1,0,1,0,7,4,1,0,11,0,0,94,2026
Jack Carroll,12976,SK,ME,2,11,4,4,15,0,0,0,1,2,2,0,2,1,0,0,4,11,1,0,1,1,1,82,2026
Tom De Koning,12674,SK,ME,2,6,6,9,15,0,0,20,3,0,3,3,1,1,1,0,6,10,1,0,1,0,2,85,2026
Sam Flanders,12824,SK,ME,2,12,5,16,28,0,0,0,3,1,3,4,4,1,0,0,13,16,0,0,2,0,0,83,2026
Hugo Garcia,13125,SK,ME,2,11,1,8,19,0,1,0,6,1,3,4,3,0,0,0,4,13,0,0,4,0,1,69,2026
Max Hall,13193,SK,ME,2,16,4,10,26,4,1,0,3,0,8,6,2,1,1,0,8,18,0,2,1,0,2,86,2026
Jack Higgins,12609,SK,ME,2,6,5,3,9,2,1,0,1,0,0,0,0,1,0,0,3,6,0,5,1,0,0,82,2026
Bradley Hill,12060,SK,ME,2,18,8,9,27,0,1,0,3,2,3,2,1,1,0,0,5,22,0,0,2,1,1,79,2026
Isaac Keeler,13201,SK,ME,2,6,3,4,10,1,0,3,1,0,0,1,2,1,0,0,6,6,0,2,1,0,0,49,2026
Jack Macrae,12166,SK,ME,2,10,4,13,23,0,0,0,3,0,4,2,3,0,1,0,9,13,0,0,2,0,0,56,2026
Mitch Owens,12948,SK,ME,2,13,6,4,17,2,2,2,1,0,6,1,3,3,0,0,7,11,1,3,2,0,1,86,2026
Mattaes Phillipou,13036,SK,ME,2,3,1,8,11,0,0,0,2,1,2,3,3,0,1,0,5,5,0,0,1,0,0,43,2026
Liam Ryan,12600,SK,ME,2,7,2,3,10,1,2,0,1,0,2,0,1,1,1,0,4,5,1,0,1,1,2,74,2026
Cooper Sharman,12929,SK,ME,2,2,2,6,8,0,0,0,0,0,0,0,1,1,0,0,4,5,0,1,1,0,2,83,2026
Jack Silvagni,12458,SK,ME,2,9,8,6,15,0,0,0,0,5,0,0,3,0,2,0,3,12,2,0,6,0,0,92,2026
Jack Sinclair,12325,SK,ME,2,23,7,8,31,0,0,0,1,6,3,0,2,0,0,0,5,17,1,0,4,0,0,84,2026
Alix Tauru,13243,SK,ME,2,8,4,3,11,0,0,0,2,2,1,0,3,0,1,0,2,10,0,0,2,0,0,66,2026
Nasiah Wanganeen-Milera,12950,SK,ME,2,15,3,3,18,3,1,0,0,5,1,2,2,1,1,0,4,11,1,3,0,2,0,82,2026
Callum Wilkie,12703,SK,ME,2,17,10,10,27,0,0,0,4,8,1,0,1,0,0,0,4,20,0,0,6,1,0,100,2026
Darcy Wilson,13110,SK,ME,2,8,6,10,18,1,0,0,1,1,3,3,0,2,0,0,6,13,1,1,0,0,1,84,2026
Marcus Windhager,12967,SK,ME,2,15,4,17,32,0,0,0,0,3,4,6,1,2,0,0,11,19,0,0,0,0,1,87,2026
Mason Wood,12312,SK,ME,2,11,6,4,15,1,2,0,3,0,3,2,1,0,1,0,3,12,1,1,1,0,0,83,2026
Bo Allan,13221,WC,GC,2,9,6,6,15,0,0,0,1,1,3,0,6,1,4,0,8,9,1,0,0,1,1,78,2026
Tom Cole,12446,WC,GC,2,7,7,2,9,0,0,0,1,2,1,1,3,0,1,0,2,9,0,0,3,0,0,91,2026
Jamie Cripps,11937,WC,GC,2,8,6,5,13,0,1,0,3,0,1,1,1,0,0,0,3,10,0,0,2,0,0,82,2026
Hamish Davis,13210,WC,GC,2,11,6,3,14,0,0,0,4,2,4,0,2,2,0,0,4,10,1,0,1,0,0,80,2026
Cooper Duff-Tytler,13291,WC,GC,2,5,1,3,8,0,1,5,5,1,2,2,1,1,0,0,4,4,0,1,0,0,0,72,2026
Liam Duggan,12334,WC,GC,2,16,7,5,21,0,0,0,3,6,1,1,0,0,0,0,3,14,0,0,1,1,0,75,2026
Willem Duursma,13292,WC,GC,2,6,5,8,14,0,0,0,5,2,2,1,2,0,0,0,5,10,0,0,3,4,0,80,2026
Matt Flynn,12870,WC,GC,2,2,2,7,9,0,0,18,2,0,0,2,4,0,3,0,6,4,1,0,2,0,1,76,2026
Reuben Ginbey,13038,WC,GC,2,6,4,5,11,0,0,0,1,2,0,0,0,1,0,0,3,8,0,0,9,1,1,88,2026
Jack Graham,12576,WC,GC,2,10,4,9,19,0,0,0,8,1,3,4,3,2,1,0,9,9,0,0,0,0,1,78,2026
Brady Hough,12957,WC,GC,2,9,5,1,10,0,0,0,1,3,0,0,0,0,0,0,1,9,0,0,1,0,0,85,2026
Josh Lindsay,13293,WC,GC,2,12,4,4,16,0,0,0,3,2,0,0,2,1,1,0,5,10,0,0,1,0,0,71,2026
Ryan Maric,13070,WC,GC,2,10,5,9,19,0,0,0,3,2,1,0,0,0,0,0,3,12,0,0,2,0,0,79,2026
Tom McCarthy,13240,WC,GC,2,14,6,3,17,0,0,0,5,3,4,3,2,2,0,0,4,14,0,0,0,1,0,64,2026
Milan Murdock,13294,WC,GC,2,13,2,9,22,2,1,0,5,2,4,4,3,2,1,0,14,8,0,0,2,0,0,76,2026
Jacob Newton,13267,WC,GC,2,4,0,5,9,1,1,0,2,0,0,2,1,1,0,0,6,3,0,0,0,0,0,79,2026
Archer Reid,13196,WC,GC,2,6,2,2,8,1,1,1,1,1,0,1,2,3,1,0,5,3,2,1,1,0,0,81,2026
Harley Reid,13111,WC,GC,2,10,2,13,23,0,0,0,2,0,3,5,5,1,3,0,12,11,0,0,1,2,0,81,2026
Deven Robertson,12774,WC,GC,2,12,3,5,17,0,0,0,12,4,2,5,2,1,0,0,10,8,0,0,1,0,0,73,2026
Jobe Shanahan,13247,WC,GC,2,6,4,4,10,1,1,0,2,1,0,0,0,1,0,0,5,7,0,2,4,0,0,88,2026
Jake Waterman,12601,WC,GC,2,11,9,0,11,3,3,0,1,0,4,0,4,1,2,0,5,8,2,4,2,0,0,87,2026
Elliot Yeo,12087,WC,GC,2,9,3,8,17,2,0,0,3,1,3,2,3,1,2,0,9,9,0,0,1,1,1,57,2026
Tylar Young,13043,WC,GC,2,10,5,6,16,0,0,0,0,4,1,0,2,0,0,0,4,10,0,0,5,0,1,81,2026
Oscar Adams,13251,GC,WC,2,3,3,3,6,0,0,0,0,1,1,0,2,0,1,0,1,5,0,0,3,0,0,76,2026
Noah Anderson,12767,GC,WC,2,17,3,17,34,1,1,0,2,2,5,4,6,3,2,0,12,21,0,1,0,2,2,77,2026
Mac Andrew,13019,GC,WC,2,8,5,7,15,0,0,0,1,3,1,0,5,1,3,0,7,10,0,0,12,0,0,90,2026
Sam Clohesy,13119,GC,WC,2,13,7,4,17,1,0,0,2,0,2,2,3,1,1,0,3,14,0,2,1,0,0,82,2026
Sam Collins,12444,GC,WC,2,4,4,4,8,0,0,0,1,2,0,0,0,0,0,0,4,4,1,0,5,0,0,87,2026
Alex Davies,12942,GC,WC,2,7,0,18,25,1,2,0,4,1,6,3,3,1,0,0,11,13,0,0,3,0,0,62,2026
Jy Farrar,12848,GC,WC,2,5,4,4,9,1,1,0,0,0,2,0,3,0,1,0,2,7,0,2,0,0,1,60,2026
Will Graham,13120,GC,WC,2,4,2,4,8,0,0,0,4,0,4,0,0,0,0,0,2,6,0,0,0,1,0,80,2026
Joel Jeffrey,12933,GC,WC,2,17,4,11,28,0,0,0,2,4,3,3,2,3,0,0,10,17,0,0,1,0,1,79,2026
Ben King,12728,GC,WC,2,6,5,2,8,5,1,0,0,0,1,0,1,0,0,0,4,5,3,4,0,0,1,92,2026
Leo Lombard,13232,GC,WC,2,8,3,3,11,2,2,0,3,0,1,0,4,1,2,0,3,6,0,1,1,3,0,89,2026
Ben Long,12521,GC,WC,2,4,2,5,9,1,0,0,2,0,4,0,4,0,2,0,3,6,0,1,2,0,2,80,2026
Touk Miller,12331,GC,WC,2,12,6,12,24,1,0,0,2,4,5,3,1,0,0,0,7,18,0,0,2,1,0,80,2026
John Noble,12743,GC,WC,2,14,7,11,25,0,0,0,1,5,2,0,3,0,1,0,5,19,0,0,1,0,0,84,2026
Christian Petracca,12430,GC,WC,2,13,4,10,23,4,1,0,3,0,8,6,1,0,0,0,12,9,1,2,2,0,1,81,2026
Wil Powell,12652,GC,WC,2,10,4,10,20,0,1,0,7,2,4,3,3,2,1,0,8,13,0,0,1,1,1,78,2026
Ethan Read,13121,GC,WC,2,6,3,5,11,0,1,2,2,0,1,0,7,1,4,0,6,7,1,1,0,0,0,78,2026
Daniel Rioli,12403,GC,WC,2,4,1,8,12,1,0,0,3,1,2,0,1,0,1,0,2,10,0,0,2,2,0,77,2026
Jake Rogers,13126,GC,WC,2,4,2,11,15,1,0,0,3,0,1,3,1,1,0,0,7,9,0,0,1,1,4,63,2026
Bodhi Uwland,13041,GC,WC,2,13,6,11,24,0,0,0,3,1,1,2,1,1,0,0,8,11,1,0,2,0,0,87,2026
Zeke Uwland,13278,GC,WC,2,4,2,1,5,0,0,0,0,0,2,2,1,2,1,0,2,3,0,0,1,0,0,66,2026
Lachie Weller,12385,GC,WC,2,5,1,7,12,0,0,0,0,1,1,2,1,0,0,0,3,10,0,0,2,4,1,77,2026
Jarrod Witts,12177,GC,WC,2,9,2,11,20,1,0,51,1,0,3,7,6,2,1,0,16,3,1,1,5,0,0,77,2026
Karl Amon,12357,HW,SY,3,13,5,3,16,0,0,0,5,4,2,1,2,1,0,0,3,13,0,0,2,1,1,80,2026
Tom Barrass,12383,HW,SY,3,9,6,6,15,0,0,0,1,4,0,0,0,2,0,0,7,7,1,0,12,0,0,82,2026
Josh Battle,12558,HW,SY,3,13,6,9,22,0,0,0,1,5,3,0,3,0,1,0,6,14,0,0,4,1,0,97,2026
Sam Butler,12988,HW,SY,3,8,4,6,14,1,0,0,2,1,2,1,1,1,0,0,5,8,1,1,0,0,1,66,2026
Mabior Chol,12485,HW,SY,3,4,2,2,6,2,2,0,5,0,0,0,1,3,1,0,6,1,2,2,3,0,0,66,2026
Massimo DAmbrosio,12998,HW,SY,3,9,3,9,18,0,0,0,3,1,3,3,0,1,0,0,6,12,0,0,0,1,1,81,2026
Jack Ginnivan,12927,HW,SY,3,12,4,10,22,0,1,0,1,2,3,1,3,2,1,0,9,12,0,1,3,0,1,79,2026
Jack Gunston,11845,HW,SY,3,11,6,2,13,4,4,0,0,0,2,0,0,1,0,0,7,6,1,3,2,0,0,91,2026
Blake Hardwick,12469,HW,SY,3,13,5,2,15,0,0,0,3,4,1,0,5,1,3,0,6,10,0,0,2,0,0,94,2026
Jarman Impey,12237,HW,SY,3,12,5,7,19,0,0,0,0,6,4,2,7,1,2,0,8,12,1,0,1,0,0,83,2026
Mitch Lewis,12636,HW,SY,3,12,9,5,17,1,1,0,0,0,3,1,3,0,0,0,5,12,2,1,3,0,0,83,2026
Connor Macdonald,12954,HW,SY,3,15,5,5,20,0,2,0,4,0,2,0,3,1,0,0,6,13,0,2,0,0,0,77,2026
Cam Mackenzie,13031,HW,SY,3,8,1,9,17,1,0,0,6,1,4,5,1,1,1,0,8,9,0,0,1,0,1,64,2026
Lloyd Meek,12856,HW,SY,3,7,3,7,14,0,0,25,3,2,2,2,1,3,1,0,6,7,1,0,2,0,0,53,2026
Dylan Moore,12710,HW,SY,3,12,5,10,22,3,1,0,3,0,5,0,2,0,1,0,6,16,0,2,0,0,1,88,2026
Conor Nash,12670,HW,SY,3,6,2,13,19,0,1,0,9,2,0,6,3,2,1,0,15,8,0,0,1,0,1,75,2026
Jai Newcombe,12915,HW,SY,3,15,3,16,31,1,0,0,2,2,3,9,3,3,1,0,12,18,0,0,0,0,1,84,2026
Ned Reeves,12906,HW,SY,3,2,0,5,7,0,0,21,3,0,1,1,0,0,0,0,3,4,0,0,2,0,1,47,2026
Jack Scrimshaw,12565,HW,SY,3,9,6,13,22,0,0,0,2,3,0,0,2,1,0,0,11,12,0,0,3,0,0,75,2026
James Sicily,12332,HW,SY,3,10,8,13,23,0,0,0,2,2,3,1,3,1,0,0,7,15,2,0,5,0,0,93,2026
Josh Ward,12955,HW,SY,3,13,4,14,27,0,0,0,4,3,5,2,8,1,2,0,8,20,0,0,0,0,1,77,2026
Nick Watson,13105,HW,SY,3,10,4,8,18,1,1,0,1,0,4,0,0,1,0,0,8,11,0,1,3,2,1,76,2026
Josh Weddle,13057,HW,SY,3,12,5,8,20,0,2,0,2,3,3,0,1,0,1,0,3,18,0,0,3,6,0,88,2026
Joel Amartey,12844,SY,HW,3,4,0,3,7,1,0,1,2,0,0,1,1,1,1,0,6,1,0,0,2,0,0,77,2026
Riley Bice,13195,SY,HW,3,13,7,11,24,0,0,0,2,5,1,0,6,0,1,0,8,14,0,0,3,1,0,79,2026
Nick Blakey,12699,SY,HW,3,18,5,5,23,0,0,0,2,10,4,0,5,1,1,0,3,15,1,0,3,3,0,91,2026
Caiden Cleary,13157,SY,HW,3,1,0,3,4,0,0,0,4,0,2,0,3,0,2,0,1,5,0,0,1,0,0,49,2026
Charlie Curnow,12421,SY,HW,3,3,2,4,7,2,1,0,1,0,0,0,4,1,2,0,3,5,1,2,1,0,0,91,2026
Brodie Grundy,12217,SY,HW,3,8,1,11,19,1,0,29,3,1,2,7,5,1,3,0,18,3,1,0,4,0,0,80,2026
James Jordon,12860,SY,HW,3,5,1,7,12,1,0,0,5,0,2,1,1,0,0,0,3,8,0,0,1,0,1,84,2026
Jake Lloyd,12268,SY,HW,3,12,3,7,19,0,1,0,5,2,4,2,3,0,0,0,8,10,0,0,1,0,0,89,2026
Tom McCartin,12627,SY,HW,3,7,3,6,13,0,0,0,0,5,1,0,4,0,3,0,5,9,0,0,12,0,0,98,2026
Logan McDonald,12861,SY,HW,3,7,5,4,11,3,0,0,4,0,2,0,1,0,0,0,4,7,1,1,1,0,0,74,2026
Justin McInerney,12711,SY,HW,3,9,2,15,24,1,1,0,5,0,4,3,4,1,2,0,9,15,0,0,0,1,1,77,2026
Lewis Melican,12526,SY,HW,3,5,1,4,9,0,0,0,2,0,3,0,1,0,0,0,4,4,0,0,2,0,1,79,2026
Callum Mills,12413,SY,HW,3,16,8,13,29,0,0,0,0,5,2,0,1,0,0,0,5,18,1,0,3,3,0,80,2026
Tom Papley,12412,SY,HW,3,10,0,4,14,1,1,0,3,0,4,3,4,2,2,0,6,9,0,0,2,1,2,76,2026
Dane Rampe,12140,SY,HW,3,5,4,6,11,0,0,0,1,2,0,0,1,0,0,0,4,4,2,0,4,1,0,69,2026
Matt Roberts,12994,SY,HW,3,8,4,5,13,0,0,0,0,1,3,0,3,1,0,0,3,10,0,0,0,1,0,80,2026
Malcolm Rosas,12903,SY,HW,3,3,0,4,7,1,0,0,3,0,0,2,0,0,0,0,5,2,0,0,0,0,1,69,2026
James Rowbottom,12714,SY,HW,3,7,1,5,12,0,0,0,12,0,3,5,3,1,1,0,9,5,0,0,6,0,0,79,2026
Jai Serong,13022,SY,HW,3,11,3,7,18,0,0,0,2,4,3,1,6,1,2,0,8,8,0,0,1,0,0,90,2026
Angus Sheldrick,12951,SY,HW,3,15,1,4,19,0,0,0,5,1,4,5,4,1,1,0,7,8,0,0,1,0,1,61,2026
Chad Warner,12797,SY,HW,3,12,1,15,27,1,0,0,3,1,7,6,7,4,3,0,11,15,0,0,2,2,1,77,2026
Corey Warner,13053,SY,HW,3,10,2,3,13,1,0,0,0,0,5,0,4,1,2,0,4,9,0,1,1,0,1,67,2026
Sam Wicks,12818,SY,HW,3,6,4,7,13,0,0,0,2,3,2,1,4,0,1,0,1,9,0,0,1,0,0,86,2026
Callum Ah Chee,12414,AD,WB,3,4,3,4,8,0,1,0,2,0,1,2,2,1,2,0,5,5,0,0,4,0,0,59,2026
Sam Berry,12849,AD,WB,3,17,4,5,22,0,1,0,8,1,3,5,0,2,0,0,13,11,0,0,2,0,1,71,2026
Jordon Butts,12829,AD,WB,3,14,12,5,19,1,1,0,0,5,3,0,4,1,4,0,5,14,2,0,10,0,0,93,2026
Brayden Cook,12932,AD,WB,3,8,2,5,13,0,0,0,2,3,2,0,0,0,0,0,4,8,0,0,2,0,1,78,2026
Isaac Cumming,12629,AD,WB,3,15,5,3,18,0,0,0,2,2,4,2,3,2,2,0,5,13,0,0,1,0,0,80,2026
Jordan Dawson,12516,AD,WB,3,19,5,6,25,1,0,0,7,1,6,8,3,1,0,0,7,11,0,1,0,1,0,82,2026
Darcy Fogarty,12584,AD,WB,3,10,6,1,11,2,1,0,2,0,3,0,2,0,0,0,0,10,0,2,0,0,1,72,2026
Chayce Jones,12691,AD,WB,3,9,6,13,22,0,0,0,2,3,1,0,3,1,1,0,10,11,0,0,2,0,0,90,2026
Ben Keays,12434,AD,WB,3,7,5,8,15,0,0,0,2,0,1,0,3,0,2,0,6,9,0,0,1,0,2,85,2026
Rory Laird,12165,AD,WB,3,9,9,9,18,0,0,0,1,1,0,1,0,1,0,0,4,13,0,0,2,0,0,68,2026
Lachlan McAndrew,13065,AD,WB,3,7,2,6,13,0,0,38,2,2,4,6,7,2,1,0,9,4,0,0,1,0,0,77,2026
Max Michalanney,13027,AD,WB,3,11,7,2,13,0,0,0,0,6,1,0,1,2,1,0,5,7,1,0,3,0,0,83,2026
Wayne Milera,12405,AD,WB,3,12,8,7,19,0,0,0,0,4,1,1,3,0,0,0,5,12,0,0,1,1,0,92,2026
Nick Murray,12872,AD,WB,3,13,10,3,16,0,0,0,2,2,0,0,0,1,0,0,5,12,2,0,9,0,0,93,2026
Alex Neal-Bullen,12367,AD,WB,3,11,3,6,17,0,0,0,1,0,3,0,5,0,2,0,5,11,0,0,1,0,0,82,2026
James Peatling,12934,AD,WB,3,10,3,2,12,0,0,0,2,1,4,2,2,1,1,0,4,6,0,0,2,0,1,65,2026
Luke Pedlar,12921,AD,WB,3,5,2,2,7,0,0,0,1,0,2,0,3,1,0,0,4,3,0,0,2,0,1,60,2026
Josh Rachele,12953,AD,WB,3,15,2,3,18,2,0,0,4,2,2,3,9,0,5,0,7,10,0,1,0,0,0,84,2026
Izak Rankine,12798,AD,WB,3,10,2,6,16,1,0,0,3,2,2,0,2,0,0,0,5,9,1,0,2,0,0,74,2026
Jake Soligo,12952,AD,WB,3,8,1,4,12,1,0,0,2,0,3,4,0,0,0,0,7,6,0,0,1,0,2,72,2026
Riley Thilthorpe,12892,AD,WB,3,9,6,4,13,2,0,7,1,0,3,3,0,1,0,0,8,7,2,2,3,0,0,81,2026
Taylor Walker,11713,AD,WB,3,9,7,2,11,3,1,0,1,1,3,0,2,0,1,0,1,10,0,2,0,0,1,79,2026
Josh Worrell,12912,AD,WB,3,19,9,6,25,0,0,0,0,7,0,1,2,1,1,0,7,17,0,0,4,1,0,80,2026
Oskar Baker,12723,WB,AD,3,6,2,2,8,3,0,0,2,0,1,1,2,0,1,0,4,4,1,0,4,0,0,73,2026
Marcus Bontempelli,12269,WB,AD,3,12,3,18,30,1,0,0,6,1,6,7,3,0,1,0,14,18,0,1,3,1,2,88,2026
Lachlan Bramble,12916,WB,AD,3,6,0,8,14,0,1,0,2,0,5,1,0,0,0,0,4,9,0,0,0,1,1,69,2026
Connor Budarick,12769,WB,AD,3,10,4,11,21,0,0,0,1,2,1,1,2,0,0,0,5,13,0,0,1,0,0,84,2026
Jordan Croft,13265,WB,AD,3,1,1,1,2,1,0,2,1,0,0,0,1,0,1,0,2,0,1,1,1,0,0,52,2026
Bailey Dale,12354,WB,AD,3,15,1,5,20,0,0,0,0,3,1,0,2,1,0,0,3,9,0,0,0,1,0,76,2026
Sam Darcy,13021,WB,AD,3,5,2,7,12,1,1,10,4,1,3,0,6,4,4,0,8,5,1,0,4,0,1,83,2026
Sam Davidson,13178,WB,AD,3,5,0,2,7,0,1,0,3,0,3,2,2,1,0,0,4,3,0,0,1,3,0,75,2026
Tim English,12537,WB,AD,3,9,2,6,15,0,0,32,3,1,2,5,2,1,2,0,10,5,1,1,6,0,1,77,2026
Joel Freijah,13140,WB,AD,3,14,3,10,24,3,2,0,3,1,5,3,2,3,0,0,9,16,0,1,3,2,2,92,2026
Cooper Hynes,13213,WB,AD,3,5,2,0,5,0,1,0,3,1,2,0,3,1,2,0,1,4,0,1,2,0,0,42,2026
Lachie Jaques,13275,WB,AD,3,7,6,9,16,0,0,0,4,1,4,0,1,1,0,0,2,14,0,0,1,1,1,71,2026
Matthew Kennedy,12455,WB,AD,3,10,2,17,27,0,0,0,7,0,3,8,5,1,2,0,11,15,0,0,1,0,1,84,2026
Buku Khamis,12900,WB,AD,3,8,3,12,20,0,0,0,0,2,1,0,2,0,1,0,5,12,0,0,12,0,0,100,2026
Tom Liberatore,11898,WB,AD,3,15,1,13,28,0,0,0,9,4,4,6,3,1,1,0,13,15,0,0,1,0,0,79,2026
Rory Lobb,12282,WB,AD,3,9,1,0,9,0,0,1,2,8,0,0,4,1,0,0,5,5,0,0,7,0,0,100,2026
Aaron Naughton,12594,WB,AD,3,6,3,2,8,3,1,0,4,0,1,0,3,2,1,0,2,6,0,1,0,0,0,83,2026
James ODonnell,13061,WB,AD,3,5,1,3,8,0,0,0,2,3,0,0,0,1,0,0,5,3,1,0,7,0,0,83,2026
Ed Richards,12605,WB,AD,3,17,3,12,29,0,0,0,3,2,8,4,5,1,1,0,12,16,0,0,1,3,0,78,2026
Ryley Sanders,13103,WB,AD,3,6,4,13,19,0,0,0,3,0,2,4,2,0,0,0,9,10,0,0,0,0,0,80,2026
Michael Sellwood,13276,WB,AD,3,12,6,4,16,0,0,0,0,5,1,0,3,2,0,0,6,9,0,0,2,0,0,76,2026
Rhylee West,12748,WB,AD,3,2,1,4,6,0,0,0,4,0,1,1,0,0,0,0,4,2,0,0,0,0,0,71,2026
Bailey Williams,12441,WB,AD,3,17,10,6,23,2,0,0,5,3,4,2,3,2,1,0,5,18,0,1,1,0,0,82,2026
Harry Armstrong,13189,RI,GC,3,3,3,1,4,1,0,0,0,0,0,0,2,0,1,0,2,3,1,1,2,0,0,87,2026
Noah Balta,12686,RI,GC,3,8,5,3,11,0,0,0,0,4,0,0,3,0,1,0,1,9,0,0,2,0,0,93,2026
Sam Banks,13078,RI,GC,3,13,5,6,19,0,0,0,2,4,3,1,0,0,0,0,2,13,0,0,0,0,0,78,2026
Nathan Broad,12456,RI,GC,3,5,5,4,9,0,0,0,1,1,0,0,1,0,0,0,1,8,0,0,5,0,0,79,2026
Tom Brown,13096,RI,GC,3,6,3,1,7,0,0,0,2,0,2,0,4,0,2,0,1,6,0,1,0,0,2,86,2026
Seth Campbell,13100,RI,GC,3,14,4,5,19,3,2,0,1,1,4,4,4,1,1,0,7,12,0,1,3,0,1,84,2026
Steely Green,13145,RI,GC,3,2,1,5,7,0,1,0,1,0,3,1,1,1,0,0,2,4,0,0,0,0,1,80,2026
Sam Grlj,13290,RI,GC,3,7,4,6,13,0,0,0,2,2,1,0,0,0,0,0,3,7,0,0,0,0,0,73,2026
Jacob Hopper,12440,RI,GC,3,11,4,15,26,0,0,0,3,2,2,6,10,1,1,0,11,16,0,0,0,0,0,82,2026
Sam Lalor,13190,RI,GC,3,11,4,6,17,1,2,0,4,2,4,1,4,1,1,0,6,10,0,2,0,0,2,73,2026
Mykelti Lefau,13113,RI,GC,3,3,2,4,7,1,0,4,5,0,1,2,2,1,2,0,7,2,1,1,1,1,0,71,2026
Tom Lynch,11948,RI,GC,3,1,0,2,3,0,0,1,0,0,0,0,0,0,0,0,1,1,0,0,1,0,0,28,2026
Ben Miller,12941,RI,GC,3,9,7,3,12,0,0,1,0,3,0,1,3,1,0,0,5,7,2,0,6,0,0,88,2026
Toby Nankervis,12374,RI,GC,3,9,3,4,13,0,0,18,6,4,1,4,3,3,1,0,8,6,1,0,0,0,0,51,2026
Dion Prestia,11917,RI,GC,3,7,4,11,18,1,0,0,5,3,1,2,2,1,0,0,4,15,0,1,1,1,1,79,2026
Hugo Ralphsmith,12902,RI,GC,3,9,3,8,17,1,0,0,1,3,2,2,5,0,1,0,5,12,0,0,2,1,0,84,2026
Maurice Rioli,12935,RI,GC,3,4,1,4,8,0,0,0,3,0,2,1,1,3,1,0,6,2,0,0,1,0,0,86,2026
Jack Ross,12712,RI,GC,3,10,4,14,24,0,0,0,4,2,1,5,5,2,0,0,10,12,0,0,0,0,1,83,2026
Jayden Short,12418,RI,GC,3,27,13,6,33,0,0,0,0,6,4,0,2,0,0,0,2,28,0,0,1,3,0,82,2026
Tyler Sonsie,13014,RI,GC,3,7,1,11,18,0,0,0,1,0,1,1,1,0,0,0,9,9,0,0,1,2,0,81,2026
Tim Taranto,12504,RI,GC,3,10,3,16,26,0,0,0,12,3,3,6,6,1,2,0,14,11,0,1,1,1,0,82,2026
James Trezise,13095,RI,GC,3,3,1,4,7,0,0,0,3,0,1,1,0,1,0,0,3,4,0,0,0,0,0,90,2026
Nick Vlastuin,12174,RI,GC,3,7,3,5,12,1,0,0,3,1,0,0,4,0,1,0,3,7,0,0,1,1,0,82,2026
Noah Anderson,12767,GC,RI,3,16,6,5,21,0,1,0,4,2,6,5,3,1,0,0,5,17,0,1,0,0,1,80,2026
Mac Andrew,13019,GC,RI,3,9,3,9,18,0,0,0,2,2,2,0,2,2,1,0,7,12,1,0,5,0,1,89,2026
Charlie Ballard,12625,GC,RI,3,11,8,5,16,0,0,0,0,3,0,0,1,1,1,0,5,11,2,0,2,0,0,76,2026
Sam Clohesy,13119,GC,RI,3,12,6,9,21,1,1,0,4,0,0,0,3,0,1,0,4,17,0,2,0,2,0,79,2026
Sam Collins,12444,GC,RI,3,10,10,4,14,0,0,0,0,3,0,0,0,0,0,0,4,11,2,0,10,0,0,89,2026
Alex Davies,12942,GC,RI,3,8,3,10,18,0,1,0,6,1,3,2,2,1,0,0,7,11,0,0,1,0,1,64,2026
Will Graham,13120,GC,RI,3,5,3,10,15,1,0,0,5,0,3,1,4,1,1,0,9,7,1,1,2,0,1,82,2026
Bailey Humphrey,13049,GC,RI,3,10,3,4,14,0,2,0,2,0,6,2,4,2,2,0,8,7,1,3,2,0,1,74,2026
Joel Jeffrey,12933,GC,RI,3,18,13,5,23,1,0,0,2,3,7,1,3,0,2,0,2,22,0,0,2,0,0,72,2026
Ben King,12728,GC,RI,3,8,4,3,11,7,0,0,1,0,0,0,0,1,0,0,2,9,0,4,2,0,0,92,2026
Leo Lombard,13232,GC,RI,3,6,4,5,11,0,1,0,1,0,5,0,6,0,3,0,3,9,0,1,0,0,0,85,2026
Ben Long,12521,GC,RI,3,4,2,8,12,1,0,0,3,1,2,0,0,0,0,0,4,9,1,1,3,0,2,74,2026
Touk Miller,12331,GC,RI,3,12,8,19,31,1,0,0,1,2,5,4,3,0,0,0,5,26,1,1,0,1,2,74,2026
John Noble,12743,GC,RI,3,9,5,11,20,1,0,0,0,1,2,0,1,0,0,0,2,15,0,0,2,3,0,82,2026
Christian Petracca,12430,GC,RI,3,9,3,11,20,0,2,0,2,0,2,1,2,1,0,0,7,13,0,2,0,0,3,55,2026
Wil Powell,12652,GC,RI,3,8,4,11,19,1,0,0,8,1,3,3,2,1,0,0,6,13,0,0,1,1,0,82,2026
Ethan Read,13121,GC,RI,3,10,11,2,12,4,1,3,1,0,2,0,1,0,0,0,2,10,1,6,6,0,0,84,2026
Daniel Rioli,12403,GC,RI,3,7,4,8,15,0,0,0,3,2,1,0,2,1,1,0,1,14,0,0,1,1,0,82,2026
Jake Rogers,13126,GC,RI,3,5,2,4,9,1,0,0,4,0,2,0,0,0,0,0,2,7,0,0,2,0,1,64,2026
Bodhi Uwland,13041,GC,RI,3,22,16,7,29,0,0,0,1,3,1,0,3,1,0,0,5,20,1,0,2,0,0,92,2026
Zeke Uwland,13278,GC,RI,3,8,3,7,15,0,2,0,0,2,3,0,1,0,1,0,5,12,0,0,2,0,1,66,2026
Lachie Weller,12385,GC,RI,3,6,4,1,7,0,0,0,1,1,3,0,0,0,0,0,2,6,0,1,3,0,1,79,2026
Jarrod Witts,12177,GC,RI,3,8,2,6,14,0,1,34,6,0,3,8,7,2,4,0,11,4,0,0,2,0,1,85,2026
Hugh Boxshall,13220,SK,GW,3,8,3,6,14,0,0,0,4,1,2,1,5,1,2,0,4,9,0,0,3,0,0,73,2026
Anthony Caminiti,13035,SK,GW,3,0,0,0,0,0,0,0,0,0,0,0,0,0,0,0,0,0,0,0,1,0,0,6,2026
Jack Carroll,12976,SK,GW,3,10,5,1,11,0,0,0,1,4,1,0,2,0,1,0,1,10,0,0,3,0,1,77,2026
Tom De Koning,12674,SK,GW,3,10,2,11,21,0,3,27,1,1,4,2,9,1,1,0,9,9,0,1,1,0,0,83,2026
Sam Flanders,12824,SK,GW,3,15,3,8,23,0,1,0,4,3,5,4,1,3,0,0,8,15,0,0,0,0,0,78,2026
Hugo Garcia,13125,SK,GW,3,10,0,11,21,0,0,0,4,0,4,6,3,2,0,0,9,10,0,0,6,0,0,86,2026
Max Hall,13193,SK,GW,3,8,3,7,15,1,0,0,1,2,4,4,4,2,0,0,7,8,0,1,1,0,0,79,2026
Jack Higgins,12609,SK,GW,3,6,0,5,11,2,1,0,2,0,1,0,3,3,0,0,7,4,0,0,1,0,0,84,2026
Bradley Hill,12060,SK,GW,3,17,7,3,20,1,0,0,0,4,3,2,3,0,0,0,2,19,0,0,4,0,0,89,2026
Rowan Marshall,12564,SK,GW,3,13,3,3,16,0,2,8,1,2,4,6,4,0,2,0,9,7,0,1,3,0,0,86,2026
Mitch Owens,12948,SK,GW,3,5,1,5,10,1,2,0,1,0,1,1,2,1,0,0,6,4,1,0,2,0,0,89,2026
Mattaes Phillipou,13036,SK,GW,3,2,1,6,8,1,0,0,1,0,2,1,0,0,0,0,3,5,0,1,0,0,0,57,2026
Liam Ryan,12600,SK,GW,3,1,0,3,4,1,0,0,0,0,1,0,1,0,1,0,2,2,0,0,1,0,0,71,2026
Cooper Sharman,12929,SK,GW,3,7,2,2,9,0,0,0,3,1,2,0,3,1,0,0,5,4,0,0,3,0,2,85,2026
Jack Silvagni,12458,SK,GW,3,15,6,1,16,0,0,0,2,8,0,0,4,0,3,0,4,12,0,0,9,0,0,100,2026
Jack Sinclair,12325,SK,GW,3,21,9,10,31,0,0,0,3,5,2,1,1,0,0,0,5,18,0,0,1,2,1,79,2026
Liam Stocker,12721,SK,GW,3,5,3,7,12,0,0,0,3,0,1,0,2,0,2,0,3,10,0,0,5,0,0,84,2026
Alix Tauru,13243,SK,GW,3,5,3,1,6,2,1,0,1,0,0,0,2,1,1,0,4,2,1,2,0,0,0,44,2026
Nasiah Wanganeen-Milera,12950,SK,GW,3,20,4,7,27,0,1,0,1,4,7,5,5,2,1,0,9,15,0,0,1,8,3,81,2026
Callum Wilkie,12703,SK,GW,3,18,11,10,28,0,0,0,0,6,0,0,2,0,0,0,10,14,4,0,4,1,0,100,2026
Darcy Wilson,13110,SK,GW,3,16,5,6,22,1,1,0,1,2,5,1,5,1,2,0,9,16,0,0,2,1,0,91,2026
Marcus Windhager,12967,SK,GW,3,12,5,10,22,0,0,0,1,5,0,3,2,1,1,0,9,11,0,0,1,0,0,87,2026
Mason Wood,12312,SK,GW,3,12,5,8,20,1,0,0,2,2,4,3,2,0,0,0,10,9,1,0,4,0,1,92,2026
Ryan Angwin,13001,GW,SK,3,9,4,12,21,1,0,0,5,1,5,3,0,0,0,0,6,14,0,0,1,0,0,83,2026
Lachie Ash,12782,GW,SK,3,25,9,14,39,0,1,0,2,6,5,2,7,1,1,0,6,29,0,0,0,5,0,79,2026
Kieren Briggs,12904,GW,SK,3,5,4,6,11,0,0,16,1,0,4,3,2,4,1,0,5,9,0,0,3,0,0,65,2026
Callum Brown,12910,GW,SK,3,5,1,3,8,0,1,0,3,0,4,0,1,1,0,0,2,5,0,0,1,0,0,69,2026
Jack Buckley,12846,GW,SK,3,6,5,9,15,0,0,0,0,4,1,0,5,0,2,0,6,10,0,0,5,0,0,94,2026
Finn Callaghan,12969,GW,SK,3,14,3,18,32,0,1,0,3,2,5,1,5,1,1,0,6,24,0,0,2,1,0,80,2026
Stephen Coniglio,12028,GW,SK,3,13,4,15,28,0,0,0,7,2,2,2,2,1,0,0,10,20,0,0,2,0,1,67,2026
Josaia Delana,13222,GW,SK,3,4,0,4,8,0,1,0,3,0,2,1,1,1,1,0,4,4,0,0,1,0,0,60,2026
Joe Fonti,13164,GW,SK,3,7,6,9,16,0,0,0,4,5,3,1,1,0,0,0,2,14,1,0,3,2,0,83,2026
Phoenix Gothard,13279,GW,SK,3,8,4,11,19,2,1,0,2,0,2,3,2,4,0,0,7,11,0,1,1,0,1,67,2026
Toby Greene,12025,GW,SK,3,14,3,7,21,0,0,0,4,0,7,1,6,1,1,0,10,15,0,0,2,0,1,83,2026
Max Gruzewski,13158,GW,SK,3,6,4,4,10,1,1,0,0,0,0,0,0,0,0,0,2,7,1,2,1,0,0,71,2026
Harry Himmelberg,12462,GW,SK,3,10,4,8,18,0,0,0,3,3,3,1,6,0,3,0,5,10,0,0,6,0,0,83,2026
Jesse Hogan,12321,GW,SK,3,4,4,3,7,2,1,0,1,0,1,0,3,0,0,0,4,3,2,3,0,0,0,82,2026
Connor Idun,12750,GW,SK,3,10,7,11,21,0,0,0,1,5,1,1,2,1,1,0,6,15,2,0,4,0,0,94,2026
Jayden Laverde,12377,GW,SK,3,8,5,7,15,0,0,0,0,3,0,1,4,0,2,0,6,10,0,0,4,0,0,88,2026
Xavier OHalloran,12821,GW,SK,3,10,4,8,18,0,2,0,2,2,2,5,3,0,0,0,7,9,0,0,0,0,0,77,2026
Clayton Oliver,12410,GW,SK,3,9,3,24,33,1,2,0,3,1,1,5,3,1,3,0,15,18,0,1,0,0,0,81,2026
Jake Riccardi,12834,GW,SK,3,5,0,2,7,0,0,7,3,0,4,2,1,0,0,0,5,5,0,0,5,0,0,76,2026
Harry Rowston,13045,GW,SK,3,9,3,3,12,1,1,0,4,0,1,0,2,0,0,0,3,8,0,0,2,0,1,66,2026
Jake Stringer,12167,GW,SK,3,6,2,4,10,1,0,0,0,0,2,0,2,1,1,0,3,5,0,0,0,0,0,84,2026
Harvey Thomas,13101,GW,SK,3,9,3,13,22,1,0,0,5,3,3,5,1,0,0,0,8,14,0,0,3,1,1,88,2026
Lachie Whitfield,12143,GW,SK,3,18,4,10,28,0,0,0,3,4,4,0,6,0,2,0,6,20,0,0,3,0,3,79,2026
Kade Chandler,12756,ME,FR,3,9,1,6,15,1,1,0,1,2,4,2,2,0,1,0,6,10,0,0,1,0,0,83,2026
Jai Culley,13015,ME,FR,3,5,1,7,12,0,0,0,3,1,3,2,1,0,0,0,9,3,1,0,2,0,1,82,2026
Bayley Fritsch,12598,ME,FR,3,9,5,3,12,2,1,0,0,0,1,0,2,2,0,0,6,6,1,4,1,0,1,90,2026
Max Gawn,11966,ME,FR,3,15,11,8,23,0,1,28,0,1,3,7,1,4,0,0,15,8,4,0,2,0,0,84,2026
Blake Howes,13098,ME,FR,3,10,6,1,11,0,0,0,0,3,1,0,2,0,1,0,1,10,0,0,6,0,0,76,2026
Changkuoth Jiath,12752,ME,FR,3,12,7,2,14,0,0,0,1,3,3,0,4,0,2,0,2,10,0,0,4,0,0,75,2026
Ed Langdon,12393,ME,FR,3,8,7,14,22,2,1,0,2,0,5,0,2,0,1,0,10,13,0,2,2,0,1,89,2026
Harvey Langford,13184,ME,FR,3,6,1,8,14,0,1,0,3,3,2,3,3,0,1,0,7,8,0,0,0,0,0,73,2026
Jake Lever,12351,ME,FR,3,12,8,4,16,0,0,0,3,2,0,0,3,2,1,0,4,11,0,0,2,0,0,93,2026
Xavier Lindsay,13185,ME,FR,3,11,3,3,14,0,0,0,6,2,0,0,2,0,1,0,3,8,0,0,2,0,0,68,2026
Brody Mihocek,12639,ME,FR,3,8,5,0,8,1,1,0,2,0,3,0,2,1,1,0,2,7,0,2,0,0,1,82,2026
Harry Petty,12653,ME,FR,3,7,2,3,10,0,0,1,1,3,0,0,5,1,2,0,4,2,0,0,2,0,0,100,2026
Kysaiah Pickett,12771,ME,FR,3,10,3,6,16,1,1,0,5,0,2,1,2,0,0,0,6,10,0,1,3,1,0,88,2026
Latrelle Pickett,13286,ME,FR,3,5,1,2,7,0,0,0,0,1,2,1,3,1,0,0,2,5,0,0,0,2,0,70,2026
Trent Rivers,12778,ME,FR,3,15,10,6,21,0,1,0,1,6,3,0,3,0,0,0,2,17,0,1,0,0,0,82,2026
Christian Salem,12272,ME,FR,3,24,7,2,26,0,0,0,0,8,4,1,2,0,0,0,6,16,0,0,2,0,0,84,2026
Harry Sharp,12864,ME,FR,3,7,2,3,10,2,0,0,0,0,4,1,1,0,0,0,4,6,0,0,1,0,0,74,2026
Tom Sparrow,12693,ME,FR,3,7,1,6,13,1,1,0,9,2,1,1,1,1,0,0,6,5,0,0,0,0,0,71,2026
Jack Steele,12368,ME,FR,3,20,6,11,31,0,0,0,9,1,7,9,9,2,0,0,15,13,1,1,2,1,1,72,2026
Koltyn Tholstrup,13123,ME,FR,3,6,3,5,11,0,0,0,5,1,4,0,4,0,0,0,1,9,0,0,3,0,1,80,2026
Daniel Turner,12996,ME,FR,3,4,3,0,4,0,0,0,1,1,0,0,1,0,1,0,3,1,2,0,5,0,0,30,2026
Jacob van Rooyen,13048,ME,FR,3,4,4,6,10,0,0,5,0,0,0,0,3,0,0,0,4,6,1,1,0,0,1,84,2026
Caleb Windsor,13099,ME,FR,3,8,2,5,13,0,0,0,3,0,4,2,1,0,1,0,6,9,0,0,1,0,0,67,2026
Jye Amiss,12983,FR,ME,3,6,2,4,10,0,1,0,0,0,3,0,3,1,0,0,3,7,1,0,1,0,0,88,2026
Shai Bolton,12535,FR,ME,3,15,3,17,32,2,1,0,3,0,10,9,5,0,1,0,15,18,0,0,1,8,1,80,2026
Andrew Brayshaw,12589,FR,ME,3,16,6,23,39,1,0,0,4,2,2,1,4,1,1,0,5,32,0,2,0,2,0,76,2026
Heath Chapman,12875,FR,ME,3,14,8,4,18,0,0,0,0,4,4,1,0,0,0,0,2,12,0,0,5,0,1,89,2026
Jordan Clark,12688,FR,ME,3,20,5,5,25,0,0,0,1,8,4,1,1,0,0,0,3,19,0,0,0,0,2,80,2026
Sean Darcy,12547,FR,ME,3,1,2,5,6,0,1,11,2,0,0,2,2,0,2,0,5,1,1,0,1,0,0,54,2026
Isaiah Dudley,13204,FR,ME,3,9,2,6,15,3,1,0,4,2,3,1,3,1,0,0,4,11,0,1,0,1,1,80,2026
Neil Erasmus,12966,FR,ME,3,8,4,13,21,0,0,0,2,1,1,3,4,0,0,0,10,12,0,0,0,0,0,77,2026
Luke Jackson,12779,FR,ME,3,8,2,9,17,1,2,13,2,0,2,5,2,1,2,0,10,6,2,2,2,0,2,73,2026
Matthew Johnson,13047,FR,ME,3,5,0,14,19,1,1,0,2,1,3,1,2,0,1,0,10,10,0,0,1,2,1,72,2026
Oscar McDonald,12394,FR,ME,3,10,6,9,19,0,0,0,2,2,1,0,4,0,0,0,4,13,1,0,7,0,0,89,2026
Judd McVee,13033,FR,ME,3,9,6,3,12,0,0,0,1,3,1,1,1,0,0,0,4,7,0,0,5,1,1,78,2026
Nathan ODriscoll,12960,FR,ME,3,7,4,13,20,0,1,0,2,0,4,1,3,0,0,0,10,11,0,0,3,0,1,81,2026
Alex Pearce,12352,FR,ME,3,1,1,4,5,0,0,0,1,2,0,0,3,0,1,0,5,2,0,0,7,0,0,52,2026
Murphy Reid,13180,FR,ME,3,12,2,12,24,2,0,0,2,2,3,3,4,0,1,0,8,15,0,0,0,0,1,80,2026
Luke Ryan,12542,FR,ME,3,21,11,3,24,0,0,0,1,5,1,0,1,1,0,0,2,17,0,0,5,0,0,86,2026
Chris Scerri,13296,FR,ME,3,4,2,16,20,0,1,0,2,1,4,0,2,1,0,0,7,12,0,1,0,5,0,75,2026
Caleb Serong,12786,FR,ME,3,8,2,8,16,1,0,0,3,0,2,3,3,0,0,0,11,6,0,0,1,0,0,79,2026
Sam Switkowski,12672,FR,ME,3,3,0,4,7,1,1,0,1,0,2,0,0,1,0,0,3,4,0,0,1,0,0,66,2026
Josh Treacy,12887,FR,ME,3,12,10,5,17,4,1,0,2,0,4,0,6,4,1,0,12,8,4,5,3,0,1,90,2026
Patrick Voss,13129,FR,ME,3,8,1,4,12,1,2,0,2,0,1,0,3,1,2,0,4,9,0,1,2,0,0,90,2026
Corey Wagner,12453,FR,ME,3,12,5,7,19,0,0,0,2,4,3,0,2,0,0,0,2,16,0,0,1,1,0,79,2026
Karl Worner,13075,FR,ME,3,15,9,5,20,0,0,0,4,8,0,1,4,1,2,0,4,14,0,0,4,0,0,82,2026
Aliir Aliir,12433,PA,ES,3,21,19,0,21,0,0,0,1,4,1,0,1,0,1,0,4,17,4,0,4,0,0,97,2026
Miles Bergman,12867,PA,ES,3,7,6,3,10,1,0,0,0,0,0,0,2,1,2,0,3,7,1,1,0,0,0,74,2026
Joe Berry,13188,PA,ES,3,10,6,9,19,2,1,0,0,1,5,0,2,0,2,0,5,15,0,1,0,0,1,77,2026
Jase Burgoyne,13007,PA,ES,3,11,4,11,22,1,0,0,4,0,4,1,1,3,0,0,10,11,0,1,0,1,1,82,2026
Zak Butters,12698,PA,ES,3,26,7,10,36,0,2,0,6,1,9,7,3,2,1,0,10,23,0,0,0,1,2,82,2026
Darcy Byrne-Jones,12422,PA,ES,3,10,3,2,12,1,1,0,1,0,0,2,1,1,0,0,4,7,0,0,1,0,0,58,2026
Willem Drew,12695,PA,ES,3,9,4,12,21,1,1,0,5,0,2,8,1,2,0,0,12,9,0,1,0,0,1,78,2026
Corey Durdin,12936,PA,ES,3,5,5,2,7,2,0,0,1,0,0,1,1,0,1,0,1,7,0,3,2,0,0,79,2026
Logan Evans,13156,PA,ES,3,18,11,4,22,0,0,0,2,0,2,0,2,0,0,0,4,16,1,0,3,0,0,86,2026
Kane Farrell,12664,PA,ES,3,15,9,2,17,0,0,0,5,3,2,1,0,0,0,0,2,11,0,0,1,1,0,83,2026
Mitch Georgiades,12766,PA,ES,3,8,9,6,14,2,2,0,2,0,0,0,3,0,0,0,1,13,0,4,1,0,0,78,2026
Jason Horne-Francis,12956,PA,ES,3,21,10,5,26,3,2,0,2,1,4,2,3,0,1,0,7,19,1,6,0,0,4,73,2026
Jack Lukosius,12704,PA,ES,3,11,10,5,16,3,1,0,3,0,3,0,2,0,1,0,7,10,1,4,2,0,1,79,2026
Ewan Mackinlay,13269,PA,ES,3,16,7,2,18,0,1,0,0,3,4,2,2,0,0,0,5,13,0,1,0,0,0,89,2026
Todd Marshall,12575,PA,ES,3,15,11,0,15,0,0,0,1,6,2,0,1,0,0,0,3,12,0,0,4,0,0,80,2026
Jackson Mead,12946,PA,ES,3,11,6,5,16,0,0,0,0,3,1,1,3,0,2,0,4,11,0,0,3,1,0,83,2026
Esava Ratugolea,12597,PA,ES,3,10,9,2,12,0,0,0,0,1,0,1,1,0,1,0,2,10,1,0,7,0,1,84,2026
Joe Richards,13139,PA,ES,3,10,5,11,21,2,1,0,6,1,5,4,0,1,0,0,11,10,0,0,3,1,1,79,2026
Connor Rozee,12697,PA,ES,3,12,2,9,21,0,0,0,3,4,3,4,5,0,0,0,6,14,0,0,0,1,0,51,2026
Jordon Sweet,12890,PA,ES,3,6,3,6,12,1,0,25,0,1,2,4,3,3,2,0,9,5,0,0,1,0,0,83,2026
Jack Watkins,13289,PA,ES,3,15,5,8,23,1,0,0,4,1,6,4,3,0,1,0,6,16,0,0,0,0,1,64,2026
Jacob Wehr,12991,PA,ES,3,12,8,6,18,0,0,0,0,2,4,0,2,0,1,0,2,15,0,0,0,0,1,73,2026
Jack Whitlock,13259,PA,ES,3,5,6,3,8,0,1,5,1,0,1,0,4,0,1,0,2,8,1,3,3,0,1,87,2026
Lachlan Blakiston,13237,ES,PA,3,4,0,5,9,0,0,20,3,0,1,0,5,2,4,0,7,4,0,0,2,0,0,80,2026
Nate Caddy,13148,ES,PA,3,11,6,1,12,4,3,0,1,0,2,0,3,1,0,0,4,9,1,2,0,1,1,95,2026
Jye Caldwell,12755,ES,PA,3,14,2,13,27,1,0,0,6,3,5,3,2,2,0,0,9,19,0,0,0,0,0,75,2026
Sam Durham,12925,ES,PA,3,9,0,12,21,1,0,0,7,2,6,4,6,1,3,0,6,16,0,0,0,1,0,82,2026
Xavier Duursma,12696,ES,PA,3,4,4,11,15,0,0,0,1,1,0,1,3,0,0,0,8,7,0,1,0,0,0,76,2026
Hussien El Achkar,13281,ES,PA,3,0,0,5,5,0,0,0,2,0,0,1,1,0,0,0,4,1,0,0,0,0,1,72,2026
Brayden Fiorini,12481,ES,PA,3,5,1,5,10,1,0,0,0,0,2,0,1,0,0,0,3,7,0,0,3,0,1,84,2026
Zak Johnson,13231,ES,PA,3,17,7,9,26,0,0,0,0,8,2,1,2,0,0,0,1,19,0,0,2,0,0,86,2026
Isaac Kako,13177,ES,PA,3,9,3,2,11,1,4,0,1,0,3,0,1,1,0,0,3,6,1,3,0,1,0,88,2026
Max Kondogiannis,13282,ES,PA,3,4,1,8,12,0,0,0,0,1,1,0,2,1,1,0,6,7,0,0,3,0,0,76,2026
Kyle Langford,12349,ES,PA,3,6,2,4,10,1,0,1,2,1,1,0,3,1,1,0,5,5,0,0,1,0,0,91,2026
Andrew McGrath,12491,ES,PA,3,7,3,14,21,0,0,0,3,4,2,0,0,0,0,0,5,14,0,0,3,0,0,87,2026
Ben McKay,12580,ES,PA,3,3,2,3,6,0,0,0,0,2,0,0,0,0,0,0,4,3,0,0,4,0,0,94,2026
Zach Merrett,12241,ES,PA,3,17,6,8,25,0,0,0,4,4,5,2,3,2,1,0,8,17,0,0,2,1,1,81,2026
Jayden Nguyen,13258,ES,PA,3,0,1,14,14,0,0,0,0,1,0,1,0,0,0,0,3,11,0,0,1,0,0,84,2026
Darcy Parish,12406,ES,PA,3,8,1,16,24,0,0,0,3,0,1,8,4,0,1,0,13,10,0,0,0,0,0,77,2026
Archie Perkins,12879,ES,PA,3,5,2,4,9,1,0,0,1,0,1,0,1,1,0,0,2,5,1,1,0,2,0,66,2026
Jaxon Prior,12874,ES,PA,3,14,3,6,20,0,0,0,3,5,2,1,2,2,1,0,8,10,0,0,1,0,0,82,2026
Mason Redman,12437,ES,PA,3,4,2,0,4,0,0,0,0,1,0,0,0,0,0,0,1,1,1,0,1,0,0,17,2026
Zach Reid,12889,ES,PA,3,8,3,6,14,0,0,0,2,4,0,0,1,0,0,0,1,8,0,0,3,0,0,91,2026
Archie Roberts,13168,ES,PA,3,15,4,11,26,0,0,0,2,1,6,2,3,2,1,0,11,17,1,0,1,1,3,88,2026
Dyson Sharp,13283,ES,PA,3,3,1,2,5,0,0,0,0,0,0,1,1,0,0,0,3,1,0,0,0,0,0,44,2026
Peter Wright,12366,ES,PA,3,5,4,6,11,0,0,14,0,0,3,1,0,1,0,0,5,6,0,0,3,0,1,83,2026
Tom Blamires,13287,NM,WC,3,5,0,11,16,0,0,0,6,3,1,2,1,2,1,0,8,7,0,0,1,0,0,82,2026
Charlie Comben,12938,NM,WC,3,9,6,2,11,0,0,0,5,3,0,1,4,0,2,0,5,7,0,0,8,0,0,100,2026
Paul Curtis,12975,NM,WC,3,7,4,5,12,2,1,0,2,0,4,2,5,2,3,0,5,6,0,1,0,0,2,82,2026
Caleb Daniel,12373,NM,WC,3,13,3,12,25,0,0,0,11,5,2,4,0,2,0,0,7,16,0,0,5,2,0,87,2026
Jack Darling,11905,NM,WC,3,4,2,1,5,0,0,2,2,1,3,1,2,2,1,0,2,3,0,1,1,0,1,70,2026
Luke Davies-Uniacke,12590,NM,WC,3,11,3,21,32,0,1,0,4,0,6,6,4,2,2,0,15,20,0,0,2,0,1,86,2026
Lachy Dovaston,13288,NM,WC,3,3,1,5,8,1,0,0,2,0,2,0,3,0,0,0,4,5,0,1,2,3,1,59,2026
Zane Duursma,13106,NM,WC,3,5,4,6,11,0,0,0,4,1,1,1,3,0,0,0,3,8,0,0,0,0,0,64,2026
Jacob Konstanty,13186,NM,WC,3,3,2,6,9,1,0,0,3,0,0,1,5,0,2,0,2,7,0,0,1,0,1,74,2026
Nick Larkey,12563,NM,WC,3,8,6,2,10,6,1,0,2,0,0,0,0,2,0,0,5,5,2,6,0,0,1,92,2026
Griffin Logue,12511,NM,WC,3,0,0,1,1,0,0,0,0,0,0,0,0,0,0,0,1,0,0,0,0,0,0,1,2026
Luke McDonald,12246,NM,WC,3,10,3,2,12,1,0,0,3,5,1,1,2,1,1,0,4,4,0,0,4,0,0,84,2026
Colby McKercher,13107,NM,WC,3,13,1,7,20,0,0,0,2,4,5,2,1,1,0,0,4,12,0,0,0,4,0,71,2026
Finn OSullivan,13187,NM,WC,3,8,2,10,18,1,0,0,1,1,3,3,6,0,4,0,4,15,0,0,2,0,0,78,2026
Luke Parker,11953,NM,WC,3,10,4,12,22,0,0,0,1,4,1,1,4,0,1,0,5,13,0,0,2,2,0,85,2026
Toby Pink,13108,NM,WC,3,5,2,6,11,0,0,0,0,3,0,0,0,1,0,0,5,5,0,0,4,0,0,100,2026
Tom Powell,12866,NM,WC,3,11,1,12,23,1,0,0,2,0,5,4,0,1,0,0,8,14,0,0,1,0,1,73,2026
Harry Sheezel,13034,NM,WC,3,22,3,18,40,0,0,0,4,1,5,8,3,1,0,0,14,25,0,1,0,2,1,85,2026
Jy Simpkin,12502,NM,WC,3,15,6,8,23,0,0,0,2,3,2,1,6,1,3,0,4,21,0,0,1,1,0,87,2026
Dylan Stephens,12796,NM,WC,3,11,4,6,17,0,0,0,3,2,3,1,2,0,1,0,3,14,1,0,2,0,0,89,2026
Cooper Trembath,13263,NM,WC,3,4,4,3,7,0,0,9,3,2,1,0,0,0,0,0,2,4,1,0,5,0,0,84,2026
Tristan Xerri,12788,NM,WC,3,9,4,16,25,0,0,43,9,2,1,7,3,5,1,0,23,4,3,0,10,0,0,84,2026
Cameron Zurhaar,12557,NM,WC,3,6,2,5,11,2,1,0,0,0,2,0,3,2,2,0,6,6,0,1,2,0,1,84,2026
Bo Allan,13221,WC,NM,3,10,3,7,17,0,0,0,1,1,3,1,2,0,1,0,5,11,1,0,1,0,0,87,2026
Liam Baker,12661,WC,NM,3,10,1,9,19,0,0,0,3,3,3,1,6,1,2,0,6,11,0,0,0,0,0,82,2026
Jamie Cripps,11937,WC,NM,3,6,1,4,10,3,1,0,0,0,4,1,2,0,1,0,3,7,0,0,1,0,2,73,2026
Hamish Davis,13210,WC,NM,3,9,2,9,18,0,0,0,2,0,1,0,5,1,2,0,6,12,0,0,0,0,0,88,2026
Cooper Duff-Tytler,13291,WC,NM,3,5,2,7,12,2,0,5,0,0,1,3,2,0,0,0,9,3,1,1,2,0,2,77,2026
Liam Duggan,12334,WC,NM,3,13,2,6,19,0,0,0,0,6,1,1,1,3,0,0,8,10,0,0,2,0,1,85,2026
Willem Duursma,13292,WC,NM,3,9,7,6,15,2,1,0,3,1,1,1,0,0,0,0,4,11,1,1,3,0,1,83,2026
Harry Edwards,12811,WC,NM,3,1,0,0,1,0,0,0,0,1,0,0,1,0,1,0,1,1,0,0,1,0,0,16,2026
Matt Flynn,12870,WC,NM,3,7,1,5,12,1,0,17,7,2,0,3,3,1,1,0,9,4,0,1,3,0,1,71,2026
Reuben Ginbey,13038,WC,NM,3,7,2,6,13,0,0,0,3,3,2,0,2,0,0,0,7,6,0,0,19,2,0,94,2026
Jack Graham,12576,WC,NM,3,11,1,12,23,0,0,0,7,1,6,4,4,2,3,0,8,15,0,0,0,0,1,83,2026
Brady Hough,12957,WC,NM,3,12,7,5,17,0,0,0,4,3,4,1,2,2,1,0,5,13,1,0,4,0,1,85,2026
Tim Kelly,12595,WC,NM,3,12,4,8,20,0,0,0,6,1,7,4,2,1,1,0,8,15,0,0,1,0,1,72,2026
Tom McCarthy,13240,WC,NM,3,12,6,6,18,0,0,0,3,2,4,2,2,1,1,0,5,12,1,0,1,0,0,84,2026
Milan Murdock,13294,WC,NM,3,7,0,9,16,2,0,0,10,0,3,2,2,0,1,0,12,3,0,0,0,0,1,78,2026
Jacob Newton,13267,WC,NM,3,4,0,2,6,0,1,0,2,0,1,1,1,0,0,0,3,4,0,0,0,0,0,71,2026
Archer Reid,13196,WC,NM,3,6,4,3,9,2,0,5,0,0,1,2,3,1,1,0,6,3,1,3,0,0,1,69,2026
Harley Reid,13111,WC,NM,3,15,4,15,30,0,2,0,5,1,4,3,9,5,3,0,11,20,0,0,0,4,0,85,2026
Deven Robertson,12774,WC,NM,3,12,3,14,26,0,0,0,4,1,5,4,3,1,0,0,14,13,0,0,1,0,0,81,2026
Jobe Shanahan,13247,WC,NM,3,10,8,4,14,2,0,0,0,2,1,0,3,0,0,0,6,8,1,1,1,0,1,86,2026
Jake Waterman,12601,WC,NM,3,11,6,3,14,1,3,0,2,3,1,0,3,1,2,0,4,10,1,2,0,0,1,94,2026
Elliot Yeo,12087,WC,NM,3,10,2,9,19,2,0,0,6,0,5,3,5,2,3,0,14,5,0,0,1,0,0,78,2026
Tylar Young,13043,WC,NM,3,6,1,2,8,0,0,0,0,1,1,0,2,2,1,0,5,3,0,0,5,0,0,80,2026
Sam Berry,12849,AD,GE,4,13,3,9,22,0,1,0,5,2,2,9,4,2,1,0,13,8,0,1,0,1,0,71,2026
Hugh Bond,13165,AD,GE,4,6,1,2,8,0,0,0,8,4,1,1,1,0,1,0,4,5,0,0,5,0,0,81,2026
Jordon Butts,12829,AD,GE,4,6,2,5,11,0,0,0,0,3,0,1,3,1,2,0,4,7,0,0,7,0,0,88,2026
Brayden Cook,12932,AD,GE,4,13,6,8,21,0,1,0,3,6,3,1,4,0,1,0,3,18,0,0,1,0,0,87,2026
Isaac Cumming,12629,AD,GE,4,7,1,3,10,1,0,0,5,1,0,0,4,0,0,0,3,7,0,0,3,0,0,72,2026
Darcy Fogarty,12584,AD,GE,4,2,1,5,7,0,0,0,4,0,1,0,6,1,2,0,6,1,0,0,2,0,1,80,2026
Chayce Jones,12691,AD,GE,4,7,0,2,9,0,0,0,1,4,0,0,0,0,0,0,2,1,0,0,0,0,0,76,2026
Ben Keays,12434,AD,GE,4,7,2,8,15,0,1,0,4,0,4,0,2,1,2,0,4,9,0,0,1,0,0,90,2026
Finnbar Maley,13219,AD,GE,4,4,4,3,7,0,0,11,2,0,2,0,3,0,3,0,4,3,2,0,1,0,0,58,2026
Lachlan McAndrew,13065,AD,GE,4,9,1,8,17,0,0,40,1,1,2,4,2,2,0,0,7,10,0,0,1,0,0,77,2026
Max Michalanney,13027,AD,GE,4,7,3,4,11,0,0,0,8,2,0,1,1,2,1,0,5,6,0,0,0,0,1,95,2026
Wayne Milera,12405,AD,GE,4,10,4,9,19,0,0,0,2,6,1,1,2,0,0,0,5,8,0,0,1,0,0,73,2026
Nick Murray,12872,AD,GE,4,10,3,2,12,1,0,0,4,9,1,1,2,0,1,0,4,7,1,0,9,0,0,98,2026
Luke Nankervis,13081,AD,GE,4,6,2,4,10,0,0,0,1,1,2,0,1,1,0,0,4,6,1,0,0,0,0,45,2026
Alex Neal-Bullen,12367,AD,GE,4,9,3,2,11,1,0,0,3,1,2,0,4,0,1,0,5,6,0,1,0,0,0,79,2026
James Peatling,12934,AD,GE,4,11,2,11,22,0,0,0,4,3,1,6,3,0,0,0,10,13,0,0,1,0,0,76,2026
Luke Pedlar,12921,AD,GE,4,5,0,2,7,0,0,0,0,0,2,0,4,0,0,0,3,2,0,0,0,0,0,72,2026
Josh Rachele,12953,AD,GE,4,21,5,10,31,1,0,0,4,2,7,7,5,0,2,0,13,18,0,0,0,1,2,78,2026
Izak Rankine,12798,AD,GE,4,6,0,1,7,1,0,0,1,0,1,1,3,0,3,0,5,2,0,0,5,0,1,79,2026
Jake Soligo,12952,AD,GE,4,13,4,8,21,0,0,0,9,2,3,2,5,1,4,0,8,12,0,2,0,0,1,84,2026
Zac Taylor,13159,AD,GE,4,5,5,2,7,3,0,0,0,0,0,0,0,0,0,0,1,6,0,3,1,0,1,66,2026
Riley Thilthorpe,12892,AD,GE,4,10,8,4,14,1,1,0,1,0,5,0,2,1,0,0,6,8,2,0,3,1,1,89,2026
Josh Worrell,12912,AD,GE,4,21,5,9,30,0,0,0,2,10,5,0,5,1,1,0,8,14,0,0,2,0,0,85,2026
Tom Atkins,12690,GE,AD,4,11,1,12,23,0,0,0,8,2,2,6,6,1,1,0,14,7,0,0,0,0,0,74,2026
Mark Blicavs,12153,GE,AD,4,14,6,10,24,0,1,11,2,0,5,4,3,1,1,0,8,13,1,2,2,0,1,81,2026
Tanner Bruhn,12871,GE,AD,4,9,2,6,15,0,0,0,2,0,3,3,1,0,0,0,5,9,0,0,0,0,0,64,2026
Jeremy Cameron,12017,GE,AD,4,10,6,1,11,0,2,0,3,0,4,0,3,0,0,0,1,10,0,1,0,0,0,97,2026
Jhye Clark,13062,GE,AD,4,7,2,8,15,0,0,0,5,0,5,2,5,1,1,0,8,7,0,1,1,0,0,67,2026
Sam De Koning,12891,GE,AD,4,11,12,7,18,0,0,0,1,3,1,0,5,0,1,0,6,10,4,0,9,0,0,69,2026
Oliver Dempsey,12974,GE,AD,4,12,7,9,21,2,0,0,2,1,4,1,4,1,1,0,8,12,1,1,1,0,0,79,2026
Mitchell Edwards,13285,GE,AD,4,2,0,4,6,0,0,12,1,0,1,2,1,2,1,0,6,1,0,0,3,0,0,45,2026
Zach Guthrie,12551,GE,AD,4,5,4,3,8,0,0,0,4,2,0,0,0,0,0,0,1,7,0,0,3,0,0,77,2026
Jack Henry,12607,GE,AD,4,9,5,1,10,0,0,0,0,1,1,0,1,0,1,0,5,5,1,0,5,0,0,94,2026
Oliver Henry,12851,GE,AD,4,9,2,3,12,1,0,0,2,0,2,1,3,2,0,0,5,6,1,2,0,0,0,88,2026
Max Holmes,12881,GE,AD,4,20,5,7,27,1,1,0,5,4,5,2,2,1,2,0,9,17,0,0,1,1,0,77,2026
Lawson Humphries,13160,GE,AD,4,11,5,1,12,0,0,0,1,2,1,0,3,1,0,0,4,7,0,0,2,0,0,79,2026
Shaun Mannagh,13104,GE,AD,4,16,2,8,24,1,1,0,5,1,6,4,1,1,0,0,11,11,0,0,1,0,1,82,2026
Jack Martin,12236,GE,AD,4,10,3,4,14,3,2,0,3,0,2,1,2,2,0,0,5,9,0,1,0,0,0,75,2026
Gryan Miers,12689,GE,AD,4,17,7,8,25,0,1,0,8,2,6,2,3,2,0,0,5,20,0,0,1,0,0,79,2026
Oisin Mullin,13066,GE,AD,4,10,3,3,13,0,0,0,2,2,0,2,1,1,0,0,4,7,0,0,2,0,0,83,2026
Shannon Neale,12992,GE,AD,4,4,2,9,13,0,1,15,3,0,3,2,2,0,1,0,9,4,1,0,4,0,0,92,2026
Mark OConnor,12531,GE,AD,4,9,6,8,17,0,0,0,1,1,2,2,0,0,0,0,7,11,0,0,1,0,0,68,2026
Connor OSullivan,13122,GE,AD,4,11,9,12,23,0,0,0,2,5,1,0,2,3,1,0,9,15,2,0,4,0,0,90,2026
Bailey Smith,12692,GE,AD,4,25,2,15,40,0,0,0,10,2,7,6,4,3,0,0,16,21,0,0,4,0,1,84,2026
Tom Stewart,12505,GE,AD,4,21,6,3,24,1,0,0,4,8,1,1,2,3,1,0,8,13,0,0,6,0,0,82,2026
Oliver Wiltshire,13217,GE,AD,4,8,1,6,14,0,0,0,2,0,5,1,3,0,1,0,5,6,0,0,0,0,1,75,2026
Ryan Angwin,13001,GW,CW,4,15,8,10,25,0,0,0,2,1,4,2,2,0,0,0,6,18,0,0,5,1,0,84,2026
Lachie Ash,12782,GW,CW,4,18,10,10,28,0,0,0,0,5,0,0,2,0,0,0,4,23,1,0,2,3,0,80,2026
Kieren Briggs,12904,GW,CW,4,9,5,6,15,0,1,18,0,0,4,4,2,0,1,0,7,7,2,2,1,0,0,76,2026
Callum Brown,12910,GW,CW,4,7,4,4,11,0,1,0,3,2,2,0,4,2,2,0,4,7,0,1,0,0,0,82,2026
Finn Callaghan,12969,GW,CW,4,14,6,21,35,0,0,0,4,3,7,3,2,1,1,0,6,30,1,0,0,0,0,80,2026
Stephen Coniglio,12028,GW,CW,4,6,6,7,13,0,1,0,1,0,1,1,1,1,1,0,3,11,0,1,0,2,0,56,2026
Josaia Delana,13222,GW,CW,4,1,1,2,3,0,0,0,3,0,1,0,0,0,0,0,0,3,0,0,0,0,0,65,2026
Joe Fonti,13164,GW,CW,4,12,10,9,21,0,0,0,2,2,2,0,4,0,1,0,2,19,0,0,5,0,0,79,2026
Phoenix Gothard,13279,GW,CW,4,5,1,14,19,1,0,0,3,0,2,3,3,1,2,0,6,15,0,0,0,1,0,76,2026
Toby Greene,12025,GW,CW,4,8,2,13,21,1,0,0,1,1,5,5,2,0,2,0,11,12,0,1,1,0,0,84,2026
Max Gruzewski,13158,GW,CW,4,5,2,0,5,1,0,0,2,0,3,0,1,0,0,0,0,4,0,0,3,0,0,67,2026
Oliver Hannaford,13302,GW,CW,4,5,3,3,8,0,0,0,1,0,2,0,3,1,1,0,2,6,0,0,0,0,0,53,2026
Harry Himmelberg,12462,GW,CW,4,11,6,2,13,0,0,0,1,0,3,0,1,0,0,0,1,10,1,0,6,1,0,96,2026
Jesse Hogan,12321,GW,CW,4,4,4,0,4,0,1,0,0,0,0,0,2,0,1,0,0,4,0,3,1,0,0,80,2026
Connor Idun,12750,GW,CW,4,14,7,9,23,0,0,0,0,7,1,0,0,0,0,0,6,16,0,0,4,0,0,100,2026
Jayden Laverde,12377,GW,CW,4,11,9,6,17,0,0,0,2,4,0,0,0,0,0,0,4,12,1,0,8,0,0,95,2026
James Leake,13174,GW,CW,4,9,6,7,16,0,0,0,1,2,2,0,1,0,0,0,3,13,0,0,0,0,0,69,2026
Xavier OHalloran,12821,GW,CW,4,9,5,7,16,0,1,0,2,2,2,0,5,0,1,0,5,10,0,1,0,0,1,77,2026
Clayton Oliver,12410,GW,CW,4,11,3,26,37,0,1,0,2,3,4,9,3,1,0,0,16,20,0,0,0,0,0,81,2026
Jake Riccardi,12834,GW,CW,4,9,7,7,16,1,1,5,0,0,1,0,3,1,1,0,3,14,1,3,1,0,1,77,2026
Jake Stringer,12167,GW,CW,4,10,7,3,13,2,2,0,3,0,5,0,4,2,1,0,7,7,0,2,1,0,1,81,2026
Harvey Thomas,13101,GW,CW,4,12,5,15,27,1,0,0,3,2,2,3,0,1,0,0,8,20,0,1,0,0,0,82,2026
Lachie Whitfield,12143,GW,CW,4,20,7,19,39,0,0,0,3,2,5,2,4,1,1,0,10,25,0,0,2,0,1,82,2026
Darcy Cameron,12660,CW,GW,4,6,3,6,12,0,1,17,0,0,1,4,0,2,0,0,8,4,1,1,2,0,0,68,2026
Jack Crisp,12061,CW,GW,4,13,8,13,26,0,0,0,4,4,3,1,2,1,1,0,9,17,0,0,2,1,1,82,2026
Josh Daicos,12573,CW,GW,4,21,8,12,33,0,0,0,3,4,4,0,2,0,1,0,3,25,0,0,1,1,1,75,2026
Nick Daicos,12943,CW,GW,4,20,4,16,36,2,2,0,5,3,12,6,5,2,0,0,12,23,0,0,1,2,1,85,2026
Jordan de Goey,12318,CW,GW,4,8,2,8,16,0,0,0,2,0,4,4,1,1,1,0,5,9,0,0,0,0,0,86,2026
Jamie Elliott,12083,CW,GW,4,1,1,3,4,1,0,0,2,0,0,0,2,0,0,0,4,1,0,1,1,0,1,88,2026
Billy Frampton,12676,CW,GW,4,10,7,5,15,0,0,0,1,3,0,0,2,2,1,0,6,9,1,0,6,0,0,90,2026
Dan Houston,12495,CW,GW,4,17,5,1,18,1,0,0,1,4,1,0,5,0,0,0,2,11,0,1,2,2,0,82,2026
Jeremy Howe,11967,CW,GW,4,9,6,2,11,0,0,0,0,2,0,0,3,1,0,0,4,6,1,0,4,0,0,69,2026
Patrick Lipinski,12578,CW,GW,4,5,1,11,16,0,1,0,0,1,3,0,2,0,0,0,3,14,0,1,1,0,2,84,2026
Ned Long,13023,CW,GW,4,4,4,7,11,1,1,0,10,0,1,0,0,1,0,0,6,5,1,1,0,0,0,80,2026
Brayden Maynard,12371,CW,GW,4,13,6,5,18,0,0,0,3,5,1,0,2,2,1,0,5,13,0,0,5,0,0,84,2026
Beau McCreery,12876,CW,GW,4,8,1,6,14,0,0,0,3,4,4,3,3,1,1,0,7,6,0,0,1,3,0,84,2026
Daniel McStay,12291,CW,GW,4,6,6,3,9,2,0,0,2,0,2,0,1,0,1,0,2,7,1,3,1,0,1,79,2026
Tim Membrey,12300,CW,GW,4,8,7,5,13,4,0,0,0,0,1,0,2,0,0,0,3,10,1,5,3,0,1,94,2026
Darcy Moore,12372,CW,GW,4,5,6,2,7,0,0,0,0,4,0,0,2,0,1,0,1,5,1,0,0,0,0,61,2026
Scott Pendlebury,4182,CW,GW,4,4,2,6,10,0,0,0,2,1,1,2,2,1,1,0,3,8,0,0,1,0,1,40,2026
Harry Perryman,12536,CW,GW,4,9,6,6,15,0,0,0,0,3,2,0,4,0,1,0,3,11,2,0,2,0,0,76,2026
Isaac Quaynor,12740,CW,GW,4,11,3,4,15,0,0,0,0,3,2,0,2,0,1,0,5,12,0,0,6,0,0,82,2026
Lachie Schultz,12700,CW,GW,4,8,3,9,17,1,0,0,6,2,3,3,0,1,0,0,10,7,2,1,1,0,1,86,2026
Steele Sidebottom,11751,CW,GW,4,17,11,14,31,0,1,0,0,5,3,4,3,0,1,0,9,22,2,0,0,2,0,85,2026
Roan Steele,13248,CW,GW,4,5,2,3,8,0,0,0,1,2,2,2,3,0,0,0,2,6,0,0,0,0,0,82,2026
Oscar Steene,13298,CW,GW,4,3,2,5,8,1,0,20,0,0,0,1,0,1,0,0,7,1,1,1,3,0,0,60,2026
Dan Butler,12490,SK,BL,4,6,3,3,9,0,0,0,2,0,3,0,2,0,1,0,4,5,1,0,0,0,1,59,2026
Jack Carroll,12976,SK,BL,4,5,5,5,10,0,0,0,4,1,1,0,4,0,1,0,3,7,1,0,1,0,0,82,2026
Tom De Koning,12674,SK,BL,4,4,1,7,11,0,0,34,0,0,3,3,3,2,3,0,8,5,0,0,3,0,0,70,2026
Sam Flanders,12824,SK,BL,4,8,6,14,22,0,1,0,6,2,4,2,2,2,1,0,8,14,0,1,1,0,0,79,2026
Hugo Garcia,13125,SK,BL,4,1,0,11,12,0,0,0,10,0,1,3,3,0,1,0,5,7,0,0,2,0,0,75,2026
Max Hall,13193,SK,BL,4,9,6,8,17,0,2,0,4,0,6,3,2,1,1,0,9,8,1,1,2,0,0,86,2026
Jack Higgins,12609,SK,BL,4,8,3,2,10,2,2,0,3,0,0,0,0,2,0,0,7,4,0,3,1,0,1,83,2026
Bradley Hill,12060,SK,BL,4,13,5,8,21,0,0,0,3,2,4,1,1,1,1,0,4,17,0,0,3,0,0,87,2026
Dougal Howard,12420,SK,BL,4,10,5,2,12,0,0,0,0,3,0,1,2,1,1,0,3,9,0,0,4,0,0,73,2026
Rowan Marshall,12564,SK,BL,4,8,5,4,12,0,0,10,2,1,2,1,5,0,3,0,4,8,0,0,0,0,0,61,2026
Mitch Owens,12948,SK,BL,4,6,5,4,10,2,2,0,1,0,1,1,1,0,0,0,3,7,2,3,4,0,0,86,2026
Mattaes Phillipou,13036,SK,BL,4,8,3,7,15,0,0,0,5,3,3,4,2,2,0,0,9,7,0,0,1,0,1,60,2026
Liam Ryan,12600,SK,BL,4,9,3,2,11,3,1,0,1,0,2,0,2,1,0,0,4,7,1,2,0,0,0,75,2026
Cooper Sharman,12929,SK,BL,4,8,6,1,9,3,0,0,1,0,3,0,1,0,0,0,4,7,2,1,2,0,1,61,2026
Jack Silvagni,12458,SK,BL,4,10,4,1,11,0,0,0,6,2,2,0,2,2,1,0,6,5,0,0,4,0,0,96,2026
Jack Sinclair,12325,SK,BL,4,20,7,9,29,0,0,0,2,6,4,0,3,2,1,0,4,21,0,0,2,0,0,91,2026
Liam Stocker,12721,SK,BL,4,4,3,6,10,0,0,0,2,2,0,0,2,1,1,0,8,4,0,0,4,0,0,78,2026
Alix Tauru,13243,SK,BL,4,2,1,1,3,1,1,0,0,0,0,0,1,1,1,0,3,0,1,1,0,0,0,61,2026
Nasiah Wanganeen-Milera,12950,SK,BL,4,19,2,10,29,0,2,0,4,6,5,4,4,1,1,0,9,14,0,0,0,3,0,87,2026
Callum Wilkie,12703,SK,BL,4,17,9,7,24,0,0,0,1,4,1,1,4,1,1,0,9,13,1,0,7,1,0,100,2026
Darcy Wilson,13110,SK,BL,4,7,4,9,16,0,0,0,1,1,4,0,1,0,0,0,4,10,0,0,1,0,2,86,2026
Marcus Windhager,12967,SK,BL,4,17,4,2,19,0,0,0,3,1,5,4,6,2,1,0,8,13,0,0,3,0,0,81,2026
Mason Wood,12312,SK,BL,4,8,3,6,14,0,1,0,3,1,2,0,3,1,0,0,7,10,0,0,4,0,0,84,2026
Oscar Allen,12655,BL,SK,4,11,6,0,11,2,1,3,3,2,2,0,1,1,0,0,2,9,1,3,1,1,0,83,2026
Noah Answerth,12718,BL,SK,4,6,2,2,8,0,0,0,0,0,1,0,4,0,2,0,3,5,0,0,5,0,0,59,2026
Levi Ashcroft,13197,BL,SK,4,11,6,14,25,1,0,0,1,2,2,1,1,1,0,0,7,18,0,0,1,0,1,76,2026
Will Ashcroft,13040,BL,SK,4,16,5,15,31,0,0,0,7,0,2,10,4,2,1,0,11,19,0,0,1,0,0,82,2026
Zac Bailey,12610,BL,SK,4,12,7,5,17,2,0,0,4,1,3,3,4,1,4,0,5,15,0,0,0,0,2,77,2026
Jarrod Berry,12519,BL,SK,4,20,10,11,31,1,0,0,3,3,5,2,1,2,0,0,6,25,0,1,1,0,2,80,2026
Charlie Cameron,12277,BL,SK,4,9,2,3,12,2,1,0,5,0,1,0,5,1,2,0,3,6,0,2,1,0,1,83,2026
Keidean Coleman,12838,BL,SK,4,15,7,6,21,1,0,0,0,3,5,0,2,1,0,0,6,14,0,1,2,0,1,73,2026
Sam Draper,12810,BL,SK,4,6,1,2,8,0,0,9,4,1,2,4,4,1,3,0,4,4,0,0,4,0,0,61,2026
Josh Dunkley,12408,BL,SK,4,10,4,14,24,0,1,0,5,1,1,3,1,0,0,0,11,13,0,0,2,0,1,77,2026
Jaspa Fletcher,13072,BL,SK,4,12,2,5,17,1,0,0,2,4,2,1,3,0,0,0,4,11,0,0,0,0,0,80,2026
Darcy Fort,12724,BL,SK,4,6,5,7,13,0,0,12,3,0,2,1,1,1,1,0,6,8,0,0,5,0,0,68,2026
Ty Gallop,13235,BL,SK,4,4,2,2,6,0,0,0,0,2,0,0,1,0,0,0,2,4,0,0,5,0,0,87,2026
Darcy Gardiner,12267,BL,SK,4,9,7,7,16,0,0,0,0,2,0,0,2,1,1,0,8,9,2,0,4,0,0,67,2026
Ryan Lester,11894,BL,SK,4,15,9,5,20,0,0,0,1,5,3,0,1,1,0,0,7,13,1,0,1,0,0,96,2026
Kai Lohmann,12968,BL,SK,4,5,2,6,11,2,1,0,4,0,5,1,1,1,0,0,7,6,0,2,3,0,1,81,2026
Lincoln McCarthy,12090,BL,SK,4,11,1,6,17,1,2,0,2,1,1,2,4,1,3,0,7,8,1,0,0,0,2,77,2026
Logan Morris,13137,BL,SK,4,13,3,4,17,2,0,0,2,0,5,1,5,3,0,0,6,10,0,1,1,0,1,83,2026
Lachie Neale,12055,BL,SK,4,8,3,11,19,0,0,0,2,2,2,7,2,1,1,0,11,9,0,0,0,0,0,84,2026
Cam Rayner,12592,BL,SK,4,10,4,2,12,2,2,0,2,0,0,2,8,0,4,0,5,7,1,3,1,0,0,88,2026
Bruce Reville,13138,BL,SK,4,12,7,8,20,0,2,0,2,1,4,1,1,0,1,0,4,17,0,1,0,0,1,72,2026
Darcy Wilmot,13026,BL,SK,4,11,9,4,15,0,0,0,2,5,0,0,2,0,0,0,5,9,1,0,6,0,0,84,2026
Dayne Zorko,12076,BL,SK,4,21,3,7,28,0,0,0,2,8,4,3,3,1,0,0,9,14,0,0,2,1,1,83,2026
Jasper Alger,13242,RI,FR,4,1,1,2,3,0,1,0,0,0,0,1,1,0,1,0,2,1,0,1,2,0,0,31,2026
Harry Armstrong,13189,RI,FR,4,0,0,0,0,0,0,0,0,0,0,0,0,1,0,0,1,0,0,0,0,0,0,45,2026
Noah Balta,12686,RI,FR,4,6,3,1,7,0,0,0,0,4,1,0,4,0,3,0,4,3,1,0,5,3,0,93,2026
Sam Banks,13078,RI,FR,4,8,2,10,18,0,0,0,0,2,0,0,3,0,1,0,7,13,0,0,0,0,0,84,2026
Tom Brown,13096,RI,FR,4,6,2,5,11,0,0,0,0,6,0,0,2,0,1,0,3,4,0,0,2,0,0,71,2026
Seth Campbell,13100,RI,FR,4,3,0,4,7,0,0,0,2,0,2,0,0,0,0,0,1,6,0,0,0,2,0,79,2026
Jonty Faull,13214,RI,FR,4,7,2,1,8,1,2,0,4,0,3,0,1,2,1,0,5,2,1,1,3,0,0,92,2026
Campbell Gray,13218,RI,FR,4,1,1,2,3,0,0,5,2,1,0,0,4,0,3,0,2,3,0,0,5,0,0,82,2026
Steely Green,13145,RI,FR,4,6,3,3,9,3,1,0,2,0,1,0,1,0,0,0,4,5,0,3,1,0,0,91,2026
Sam Grlj,13290,RI,FR,4,11,3,7,18,0,0,0,3,2,1,1,2,0,0,0,5,11,0,0,0,1,0,77,2026
Jacob Hopper,12440,RI,FR,4,5,0,15,20,0,0,0,2,0,3,4,4,1,0,0,10,9,0,0,1,0,0,82,2026
Sam Lalor,13190,RI,FR,4,13,3,2,15,0,1,0,6,2,6,1,6,2,4,0,7,11,0,0,1,0,2,74,2026
Mykelti Lefau,13113,RI,FR,4,1,3,5,6,0,0,2,5,0,0,2,4,0,2,0,5,3,0,0,2,0,0,80,2026
Ben Miller,12941,RI,FR,4,7,2,8,15,0,0,2,3,6,0,0,7,1,3,0,4,8,1,0,6,0,0,95,2026
Dion Prestia,11917,RI,FR,4,8,4,8,16,0,0,0,3,0,5,2,2,0,0,0,6,9,0,0,0,0,0,74,2026
Hugo Ralphsmith,12902,RI,FR,4,4,1,10,14,0,0,0,1,2,0,1,3,1,0,0,6,7,0,0,2,0,0,88,2026
Maurice Rioli,12935,RI,FR,4,6,3,4,10,0,0,0,1,1,3,0,5,0,3,0,3,8,0,0,1,0,2,77,2026
Jack Ross,12712,RI,FR,4,7,2,16,23,0,1,0,3,1,3,5,1,3,0,0,12,12,0,0,1,1,1,78,2026
Jayden Short,12418,RI,FR,4,17,10,3,20,0,0,0,3,7,0,0,5,0,2,0,2,15,0,0,1,0,0,76,2026
Tyler Sonsie,13014,RI,FR,4,11,1,9,20,0,1,0,1,2,2,4,3,2,0,0,6,10,0,0,0,0,1,86,2026
Tim Taranto,12504,RI,FR,4,7,3,17,24,2,0,0,10,0,5,3,3,1,1,0,13,10,1,2,1,1,0,85,2026
Luke Trainor,13191,RI,FR,4,20,9,8,28,0,0,0,1,8,1,1,5,1,2,0,5,17,0,0,6,0,0,80,2026
Nick Vlastuin,12174,RI,FR,4,15,6,4,19,0,0,0,1,6,0,1,1,4,0,0,5,11,0,0,1,1,0,82,2026
Jye Amiss,12983,FR,RI,4,6,4,4,10,2,3,0,2,0,1,1,0,2,0,0,7,4,2,4,3,0,1,91,2026
Shai Bolton,12535,FR,RI,4,15,4,18,33,0,1,0,5,4,6,4,4,1,1,0,11,25,0,0,3,0,2,80,2026
Andrew Brayshaw,12589,FR,RI,4,15,5,6,21,0,1,0,5,2,5,3,1,0,0,0,4,17,0,0,3,1,1,81,2026
Heath Chapman,12875,FR,RI,4,15,6,4,19,0,1,0,3,1,5,1,3,0,2,0,3,17,0,1,3,0,1,87,2026
Jordan Clark,12688,FR,RI,4,14,4,13,27,0,0,0,4,4,2,1,1,2,0,0,10,14,0,0,1,3,0,87,2026
Brennan Cox,12544,FR,RI,4,11,5,6,17,0,0,0,4,1,2,0,1,3,0,0,5,12,1,0,7,0,1,68,2026
Sean Darcy,12547,FR,RI,4,4,1,4,8,1,0,29,5,0,2,3,2,1,1,0,6,1,0,1,3,0,1,54,2026
Isaiah Dudley,13204,FR,RI,4,5,3,6,11,1,0,0,2,0,2,0,2,2,1,0,7,6,0,0,0,0,0,62,2026
Neil Erasmus,12966,FR,RI,4,6,3,15,21,0,1,0,2,1,3,2,3,1,0,0,9,12,0,1,0,0,0,85,2026
Luke Jackson,12779,FR,RI,4,5,0,12,17,1,4,28,2,2,1,5,6,2,2,0,13,4,0,0,0,0,0,83,2026
Matthew Johnson,13047,FR,RI,4,8,3,9,17,1,0,0,0,0,4,2,2,0,1,0,3,13,0,0,0,0,0,77,2026
Judd McVee,13033,FR,RI,4,10,2,7,17,0,0,0,1,3,0,3,2,1,0,0,7,7,0,0,3,0,0,83,2026
Jaeger OMeara,12141,FR,RI,4,10,2,9,19,0,0,0,5,0,5,3,1,2,0,0,9,9,0,0,0,0,1,65,2026
Alex Pearce,12352,FR,RI,4,7,4,3,10,0,0,0,0,3,0,1,3,1,1,0,2,7,0,0,4,2,0,69,2026
Murphy Reid,13180,FR,RI,4,12,6,11,23,0,1,0,0,1,1,1,8,0,2,0,6,17,0,0,1,0,0,82,2026
Luke Ryan,12542,FR,RI,4,13,5,1,14,0,0,0,2,2,2,0,2,0,2,0,0,10,0,0,2,0,0,83,2026
Chris Scerri,13296,FR,RI,4,2,2,6,8,0,0,0,0,0,2,0,0,0,0,0,5,3,0,0,1,0,0,69,2026
Caleb Serong,12786,FR,RI,4,20,2,12,32,2,1,0,6,2,8,9,5,3,2,0,15,16,0,1,0,0,1,82,2026
Sam Switkowski,12672,FR,RI,4,4,2,8,12,0,2,0,4,0,4,0,0,0,0,0,4,7,0,0,0,0,1,76,2026
Josh Treacy,12887,FR,RI,4,14,12,2,16,4,3,0,2,0,5,1,3,3,0,0,8,8,4,6,3,0,1,88,2026
Patrick Voss,13129,FR,RI,4,12,6,6,18,1,3,0,5,0,2,0,5,3,3,0,8,10,0,2,3,0,0,89,2026
Corey Wagner,12453,FR,RI,4,13,8,9,22,0,1,0,1,2,3,1,1,0,0,0,8,13,0,1,1,1,0,84,2026
Karl Worner,13075,FR,RI,4,9,6,5,14,0,0,0,1,2,0,0,3,0,1,0,1,13,0,0,2,1,0,73,2026
Tom Blamires,13287,NM,ES,4,12,6,5,17,1,0,0,1,2,2,0,1,1,0,0,4,13,0,1,1,0,1,81,2026
Callum Coleman-Jones,12730,NM,ES,4,2,1,4,6,0,0,2,2,0,1,2,2,0,1,0,3,2,0,0,0,0,0,35,2026
Charlie Comben,12938,NM,ES,4,7,6,5,12,0,0,0,2,0,0,0,1,3,0,0,2,9,0,0,6,0,0,97,2026
Aidan Corr,12181,NM,ES,4,5,2,0,5,0,0,0,1,0,1,0,1,0,1,0,0,4,0,0,0,0,0,60,2026
Paul Curtis,12975,NM,ES,4,6,3,3,9,1,0,0,2,0,1,0,5,1,1,0,4,6,1,2,3,0,1,63,2026
Caleb Daniel,12373,NM,ES,4,17,7,6,23,0,0,0,1,4,1,0,2,0,0,0,1,19,0,0,0,0,1,84,2026
Luke Davies-Uniacke,12590,NM,ES,4,16,11,15,31,0,1,0,4,2,7,4,4,0,1,0,11,19,0,1,2,1,1,82,2026
Lachy Dovaston,13288,NM,ES,4,5,3,2,7,1,1,0,1,0,0,0,3,0,1,0,3,4,0,2,0,0,0,61,2026
Zane Duursma,13106,NM,ES,4,4,3,1,5,3,0,0,0,0,0,0,2,0,1,0,2,3,0,2,1,0,0,74,2026
Nick Larkey,12563,NM,ES,4,7,5,5,12,2,1,0,0,0,0,0,4,0,2,0,4,8,2,3,2,0,1,97,2026
Luke McDonald,12246,NM,ES,4,13,8,5,18,0,0,0,2,7,2,1,3,1,0,0,2,15,0,0,3,0,1,85,2026
Colby McKercher,13107,NM,ES,4,22,5,13,35,0,0,0,2,6,2,1,2,1,0,0,6,24,0,1,1,4,0,77,2026
Finn OSullivan,13187,NM,ES,4,14,8,10,24,0,0,0,3,2,5,3,2,3,1,0,11,15,0,1,2,0,2,91,2026
Luke Parker,11953,NM,ES,4,19,13,14,33,0,0,0,3,3,0,0,2,2,1,0,8,22,0,0,2,1,0,91,2026
Toby Pink,13108,NM,ES,4,13,8,6,19,0,0,0,0,5,2,0,3,0,2,0,4,14,0,0,7,0,0,94,2026
Tom Powell,12866,NM,ES,4,16,13,7,23,0,1,0,4,2,3,0,5,0,1,0,2,21,0,2,0,0,1,83,2026
Harry Sheezel,13034,NM,ES,4,18,11,15,33,0,0,0,5,2,6,0,3,2,1,0,9,25,0,0,1,0,0,73,2026
Jy Simpkin,12502,NM,ES,4,13,7,9,22,0,0,0,1,1,4,3,2,0,0,0,7,15,0,0,1,0,0,85,2026
Dylan Stephens,12796,NM,ES,4,15,7,8,23,0,1,0,1,2,2,2,5,1,1,0,4,19,0,1,0,0,0,90,2026
Cooper Trembath,13263,NM,ES,4,7,4,2,9,2,1,0,1,0,2,0,0,0,0,0,3,6,2,2,1,0,1,86,2026
George Wardlaw,13064,NM,ES,4,11,3,5,16,0,0,0,2,2,6,7,4,3,3,0,9,8,0,0,1,0,0,54,2026
Tristan Xerri,12788,NM,ES,4,6,1,9,15,1,0,11,1,0,1,8,7,4,3,0,13,3,0,1,2,0,0,84,2026
Cameron Zurhaar,12557,NM,ES,4,6,3,2,8,1,1,0,0,2,1,0,4,1,3,0,4,4,0,1,4,0,0,73,2026
Lachlan Blakiston,13237,ES,NM,4,8,5,4,12,1,1,18,1,3,2,3,4,3,3,0,5,7,0,2,0,0,1,70,2026
Nate Caddy,13148,ES,NM,4,4,2,5,9,1,2,0,1,0,1,1,4,2,2,0,4,6,0,1,0,0,0,95,2026
Jye Caldwell,12755,ES,NM,4,11,3,11,22,1,2,0,4,0,5,4,2,1,1,0,9,12,0,1,1,0,2,71,2026
Archer Day-Wicks,13223,ES,NM,4,9,2,6,15,0,0,0,3,1,5,1,6,1,2,0,3,12,0,0,2,0,0,79,2026
Sam Durham,12925,ES,NM,4,6,4,13,19,0,0,0,1,2,4,4,8,0,5,0,6,13,0,0,0,2,3,81,2026
Xavier Duursma,12696,ES,NM,4,6,5,11,17,0,0,0,2,2,2,0,1,2,0,0,4,13,0,0,0,0,0,74,2026
Saad El-Hawli,13203,ES,NM,4,7,1,6,13,1,1,0,1,1,2,1,1,1,1,0,4,10,0,0,0,0,0,68,2026
Jacob Farrow,13299,ES,NM,4,12,6,1,13,0,0,0,3,5,1,0,3,1,1,0,2,9,0,0,0,2,0,76,2026
Jade Gresham,12415,ES,NM,4,4,1,7,11,1,1,0,3,0,0,1,2,2,1,0,4,8,0,1,1,0,0,66,2026
Matt Guelfi,12612,ES,NM,4,1,0,8,9,0,0,0,3,0,2,0,1,0,1,0,6,4,0,0,1,0,0,60,2026
Zak Johnson,13231,ES,NM,4,5,3,4,9,0,0,0,0,0,0,0,1,0,0,0,1,8,0,1,2,0,0,72,2026
Isaac Kako,13177,ES,NM,4,6,1,6,12,1,0,0,1,0,3,3,1,1,1,0,6,5,0,1,1,0,0,81,2026
Kyle Langford,12349,ES,NM,4,12,7,7,19,0,2,0,4,1,3,0,5,0,1,0,3,15,0,3,1,1,0,85,2026
Archie May,13238,ES,NM,4,4,4,3,7,0,1,0,3,1,3,0,1,0,1,0,3,5,1,1,0,0,1,53,2026
Andrew McGrath,12491,ES,NM,4,13,6,9,22,0,0,0,1,2,4,0,0,1,0,0,4,12,0,0,0,2,1,85,2026
Ben McKay,12580,ES,NM,4,3,3,2,5,0,0,0,1,2,0,0,1,0,0,0,1,4,0,0,5,0,0,100,2026
Zach Merrett,12241,ES,NM,4,6,1,4,10,1,1,0,9,1,2,1,1,2,1,0,6,6,0,0,1,1,0,88,2026
Darcy Parish,12406,ES,NM,4,8,6,11,19,0,0,0,3,1,3,1,1,0,1,0,6,13,1,0,0,0,0,69,2026
Archie Perkins,12879,ES,NM,4,7,6,9,16,0,2,0,1,0,2,0,2,1,0,0,5,12,1,2,0,0,0,77,2026
Jaxon Prior,12874,ES,NM,4,14,5,4,18,0,0,0,5,1,2,0,0,2,0,0,5,10,0,0,4,1,1,89,2026
Zach Reid,12889,ES,NM,4,6,7,5,11,0,0,0,1,6,0,0,2,0,0,0,5,7,1,0,4,0,0,95,2026
Archie Roberts,13168,ES,NM,4,16,2,9,25,0,0,0,2,6,3,0,1,2,0,0,8,16,0,0,1,0,0,83,2026
Peter Wright,12366,ES,NM,4,10,5,5,15,2,0,7,1,1,3,1,2,2,1,0,5,10,0,2,3,0,0,82,2026
Aliir Aliir,12433,PA,WC,4,8,7,4,12,0,0,0,3,1,1,0,2,0,2,0,2,11,1,0,3,0,0,100,2026
Joe Berry,13188,PA,WC,4,5,2,2,7,0,1,0,0,0,4,0,3,0,0,0,3,4,0,0,0,0,1,70,2026
Will Brodie,12541,PA,WC,4,4,2,14,18,0,0,0,3,0,1,3,4,1,1,0,10,8,0,0,0,0,0,42,2026
Jase Burgoyne,13007,PA,WC,4,12,5,9,21,0,1,0,8,1,3,1,3,1,1,0,7,14,0,0,1,0,2,82,2026
Zak Butters,12698,PA,WC,4,14,1,16,30,0,1,0,1,0,7,6,0,4,0,0,14,16,0,0,0,2,0,84,2026
Darcy Byrne-Jones,12422,PA,WC,4,6,2,9,15,1,0,0,3,0,3,0,3,1,0,0,2,13,0,0,2,0,1,83,2026
Willem Drew,12695,PA,WC,4,8,1,12,20,0,0,0,8,0,4,3,4,4,0,0,10,10,0,0,2,1,1,76,2026
Corey Durdin,12936,PA,WC,4,4,3,3,7,2,0,0,3,0,2,0,1,0,1,0,3,6,0,2,1,1,1,70,2026
Logan Evans,13156,PA,WC,4,15,5,4,19,0,0,0,0,5,0,0,4,3,1,0,5,12,1,0,2,0,0,90,2026
Kane Farrell,12664,PA,WC,4,21,7,4,25,0,0,0,4,7,5,1,0,1,0,0,6,15,0,0,2,2,0,82,2026
Mitch Georgiades,12766,PA,WC,4,10,8,2,12,3,2,0,5,0,2,0,3,0,1,0,4,8,2,6,2,0,2,90,2026
Jason Horne-Francis,12956,PA,WC,4,15,5,3,18,1,0,0,4,0,3,2,4,2,1,0,9,9,1,1,2,0,0,81,2026
Lachie Jones,12882,PA,WC,4,7,2,1,8,1,0,0,1,2,0,0,1,0,1,0,1,5,0,1,2,0,0,78,2026
Josh Lai,13301,PA,WC,4,6,5,7,13,0,0,0,2,0,1,0,1,1,1,0,3,9,0,0,1,0,0,75,2026
Jack Lukosius,12704,PA,WC,4,10,4,2,12,1,1,0,3,2,4,0,2,1,1,0,5,6,0,1,4,0,2,88,2026
Ewan Mackinlay,13269,PA,WC,4,7,2,2,9,0,0,0,3,2,1,1,3,0,0,0,2,9,0,0,1,0,0,79,2026
Jackson Mead,12946,PA,WC,4,10,4,2,12,0,0,0,1,5,1,0,3,0,1,0,3,5,1,0,1,1,0,78,2026
Esava Ratugolea,12597,PA,WC,4,7,5,4,11,0,0,0,0,0,0,0,2,1,1,0,5,5,1,0,2,0,0,64,2026
Joe Richards,13139,PA,WC,4,9,4,5,14,0,1,0,0,0,5,0,1,0,0,0,4,9,0,0,0,0,2,84,2026
Jordon Sweet,12890,PA,WC,4,3,3,10,13,0,1,37,3,2,1,6,3,1,2,0,9,5,0,0,4,0,0,81,2026
Jack Watkins,13289,PA,WC,4,12,5,7,19,1,0,0,1,0,4,3,1,1,1,0,6,13,0,0,0,0,0,65,2026
Jacob Wehr,12991,PA,WC,4,9,4,6,15,0,1,0,4,1,2,1,4,0,1,0,4,10,0,1,0,0,0,81,2026
Jack Whitlock,13259,PA,WC,4,4,5,6,10,3,1,8,0,0,0,0,1,0,0,0,5,6,0,4,2,0,0,76,2026
Bo Allan,13221,WC,PA,4,6,4,4,10,2,0,0,2,0,1,0,1,0,0,0,3,7,0,1,1,0,0,77,2026
Liam Baker,12661,WC,PA,4,8,2,12,20,0,1,0,5,2,1,2,5,1,3,0,11,8,0,0,1,1,0,81,2026
Jamie Cripps,11937,WC,PA,4,7,5,3,10,1,2,0,2,1,2,0,4,0,1,0,1,9,0,2,0,0,0,83,2026
Hamish Davis,13210,WC,PA,4,6,2,6,12,1,0,0,5,2,0,3,1,1,0,0,5,7,0,1,2,0,0,80,2026
Cooper Duff-Tytler,13291,WC,PA,4,6,2,5,11,0,1,5,0,0,0,2,4,1,1,0,7,5,0,1,5,0,0,72,2026
Liam Duggan,12334,WC,PA,4,10,2,4,14,0,0,0,3,6,1,0,1,1,1,0,2,9,0,0,3,0,0,77,2026
Willem Duursma,13292,WC,PA,4,13,6,7,20,1,3,0,1,1,3,4,2,2,0,0,8,11,1,1,1,0,1,78,2026
Matt Flynn,12870,WC,PA,4,3,0,6,9,0,0,29,7,1,2,4,1,1,1,0,5,5,0,0,1,0,0,74,2026
Reuben Ginbey,13038,WC,PA,4,4,2,1,5,0,0,0,3,2,1,0,0,1,0,0,4,2,0,0,7,0,0,92,2026
Jack Graham,12576,WC,PA,4,10,3,3,13,1,0,0,9,1,0,3,7,2,3,0,6,8,0,0,0,0,1,72,2026
Brady Hough,12957,WC,PA,4,4,3,7,11,0,0,0,0,4,0,1,3,0,2,0,2,10,0,0,6,0,0,86,2026
Tim Kelly,12595,WC,PA,4,11,2,12,23,0,0,0,2,1,6,7,3,0,1,0,13,10,0,0,1,1,2,72,2026
Josh Lindsay,13293,WC,PA,4,11,3,8,19,0,0,0,1,4,1,2,2,0,0,0,6,10,0,0,1,0,1,78,2026
Tom McCarthy,13240,WC,PA,4,17,7,3,20,0,0,0,1,8,3,0,2,0,1,0,5,10,2,0,1,1,1,83,2026
Jacob Newton,13267,WC,PA,4,4,2,2,6,0,1,0,3,0,2,0,2,2,0,0,2,4,0,1,0,0,0,81,2026
Archer Reid,13196,WC,PA,4,3,3,2,5,0,0,6,1,0,1,0,2,0,0,0,2,3,1,0,1,0,3,74,2026
Harley Reid,13111,WC,PA,4,12,3,9,21,2,0,0,2,2,3,6,4,1,1,0,8,13,0,2,1,4,0,79,2026
Deven Robertson,12774,WC,PA,4,6,0,10,16,0,0,0,3,0,5,5,7,0,3,0,8,10,0,0,1,0,0,83,2026
Harry Schoenberg,12813,WC,PA,4,8,2,5,13,0,1,0,2,0,2,2,0,0,0,0,4,9,0,0,0,0,1,84,2026
Jobe Shanahan,13247,WC,PA,4,8,6,5,13,0,1,0,0,2,1,0,6,1,2,0,10,4,4,1,2,0,0,89,2026
Jake Waterman,12601,WC,PA,4,10,4,3,13,4,4,0,0,0,2,0,2,3,1,0,6,7,1,3,1,0,0,85,2026
Elliot Yeo,12087,WC,PA,4,6,0,1,7,1,0,0,4,0,5,1,0,0,0,0,3,4,0,0,1,0,1,35,2026
Tylar Young,13043,WC,PA,4,11,7,1,12,0,0,0,2,4,0,0,2,0,1,0,5,7,1,0,3,0,0,85,2026
Kade Chandler,12756,ME,CA,4,9,3,7,16,2,0,0,9,1,1,2,2,1,1,0,7,11,0,0,2,0,0,83,2026
Paddy Cross,13300,ME,CA,4,2,1,4,6,1,0,0,0,0,0,0,1,1,0,0,2,3,0,0,1,0,1,61,2026
Jai Culley,13015,ME,CA,4,8,3,10,18,0,0,0,3,0,3,3,1,1,0,0,8,9,0,0,0,0,0,81,2026
Bayley Fritsch,12598,ME,CA,4,7,4,2,9,4,1,0,3,0,1,0,0,0,0,0,2,7,0,3,1,0,0,86,2026
Max Gawn,11966,ME,CA,4,11,4,12,23,0,0,58,3,2,5,6,3,2,0,0,13,10,2,0,0,0,0,85,2026
Blake Howes,13098,ME,CA,4,5,3,8,13,0,0,0,5,0,3,0,2,0,1,0,2,10,0,0,1,0,0,80,2026
Changkuoth Jiath,12752,ME,CA,4,8,3,3,11,0,0,0,1,2,1,0,3,1,0,0,2,9,0,0,1,0,0,28,2026
Ed Langdon,12393,ME,CA,4,7,5,6,13,2,0,0,4,2,0,1,1,2,0,0,4,9,0,2,0,0,0,90,2026
Harvey Langford,13184,ME,CA,4,10,5,6,16,2,0,0,1,0,3,1,4,1,1,0,7,10,1,1,1,0,1,73,2026
Jake Lever,12351,ME,CA,4,17,10,4,21,0,0,0,2,5,2,0,1,1,0,0,7,13,1,0,4,0,0,100,2026
Xavier Lindsay,13185,ME,CA,4,12,5,6,18,0,0,0,1,6,1,2,1,0,0,0,4,10,0,0,1,0,1,70,2026
Tom McDonald,12009,ME,CA,4,11,5,7,18,0,0,0,1,5,1,0,1,1,1,0,5,12,0,0,9,0,0,99,2026
Brody Mihocek,12639,ME,CA,4,7,4,4,11,1,3,3,1,0,1,1,5,0,1,0,3,8,0,2,1,0,0,84,2026
Harry Petty,12653,ME,CA,4,3,3,5,8,0,0,1,1,0,0,0,4,0,1,0,6,3,1,0,9,0,0,90,2026
Kysaiah Pickett,12771,ME,CA,4,24,7,9,33,1,2,0,4,5,10,6,7,2,1,0,11,18,0,1,2,5,3,83,2026
Latrelle Pickett,13286,ME,CA,4,4,4,5,9,0,0,0,3,1,4,0,3,0,1,0,2,7,0,0,0,0,1,72,2026
Christian Salem,12272,ME,CA,4,13,3,7,20,0,0,0,2,3,1,1,4,1,1,0,9,6,0,0,0,0,0,83,2026
Harry Sharp,12864,ME,CA,4,7,2,6,13,1,0,0,7,0,7,1,5,1,2,0,4,9,0,0,1,1,0,76,2026
Tom Sparrow,12693,ME,CA,4,15,2,14,29,1,1,0,7,2,3,9,3,0,0,0,13,14,0,2,0,0,0,71,2026
Jack Steele,12368,ME,CA,4,10,5,13,23,0,0,0,16,2,3,4,4,0,0,0,10,13,0,0,0,0,0,74,2026
Koltyn Tholstrup,13123,ME,CA,4,6,6,9,15,0,0,0,1,2,3,2,1,1,0,0,7,9,1,0,3,1,2,78,2026
Jacob van Rooyen,13048,ME,CA,4,5,3,0,5,0,1,6,2,0,3,0,1,0,0,0,0,5,0,0,0,0,0,81,2026
Caleb Windsor,13099,ME,CA,4,13,5,11,24,0,0,0,5,2,8,1,4,0,0,0,5,18,0,0,1,0,1,72,2026
Ben Ainsworth,12498,CA,ME,4,11,7,6,17,1,1,0,3,1,1,1,1,0,0,0,4,13,1,0,0,0,0,77,2026
Talor Byrne,13297,CA,ME,4,4,2,4,8,1,0,0,2,2,1,0,1,0,1,0,4,4,1,1,2,0,1,62,2026
Matt Carroll,13212,CA,ME,4,9,3,6,15,1,0,0,1,4,4,0,2,0,0,0,4,9,0,1,3,1,0,78,2026
Campbell Chesser,13039,CA,ME,4,6,4,8,14,0,0,0,5,1,3,1,4,0,0,0,3,11,0,0,5,0,0,81,2026
Lachlan Cowan,13028,CA,ME,4,11,6,5,16,0,0,0,0,4,2,2,2,0,1,0,6,9,0,0,2,0,0,89,2026
Patrick Cripps,12261,CA,ME,4,7,2,14,21,1,0,0,8,1,3,9,6,2,2,0,15,8,0,0,1,0,0,84,2026
Harry Dean,13273,CA,ME,4,8,6,2,10,0,0,0,2,4,1,1,2,0,0,0,2,8,0,0,4,0,0,81,2026
Francis Evans,12873,CA,ME,4,6,2,5,11,0,1,0,3,4,2,1,2,0,2,0,0,11,0,1,2,0,2,68,2026
Oliver Florent,12497,CA,ME,4,15,2,2,17,0,0,0,5,6,2,4,1,1,0,0,6,8,1,0,1,0,0,87,2026
Will Hayward,12509,CA,ME,4,9,5,6,15,0,1,0,2,0,5,0,3,0,0,0,3,12,1,1,0,1,0,78,2026
George Hewett,12411,CA,ME,4,9,5,9,18,0,2,0,4,0,1,5,3,2,1,0,11,9,0,0,1,0,0,85,2026
Elijah Hollands,13016,CA,ME,4,10,3,15,25,2,0,0,0,1,3,2,3,0,1,0,9,15,0,0,1,0,1,67,2026
Oliver Hollands,13029,CA,ME,4,16,9,7,23,0,0,0,2,4,2,0,2,0,0,0,5,15,1,0,1,1,1,92,2026
Brodie Kemp,12937,CA,ME,4,5,3,2,7,0,0,0,2,0,1,0,3,0,1,0,2,5,0,1,5,0,0,89,2026
Mitch McGovern,12404,CA,ME,4,7,2,6,13,3,2,0,2,0,2,0,2,2,0,0,9,4,0,1,2,0,0,73,2026
Harry McKay,12566,CA,ME,4,12,9,4,16,1,1,0,3,0,3,0,5,1,2,0,10,7,3,4,0,0,0,97,2026
Hudson OKeeffe,13233,CA,ME,4,1,1,2,3,0,0,4,0,0,1,1,2,0,1,0,2,2,0,0,0,0,0,44,2026
Marc Pittonet,12417,CA,ME,4,4,2,4,8,0,0,19,0,2,3,0,4,0,2,0,5,3,1,0,2,0,1,70,2026
Jagga Smith,13274,CA,ME,4,13,4,12,25,1,0,0,1,2,4,3,3,0,0,0,8,17,0,1,0,0,2,75,2026
Sam Walsh,12684,CA,ME,4,13,2,18,31,0,2,0,6,2,3,3,4,1,1,0,9,23,0,1,1,0,0,77,2026
Jacob Weitering,12402,CA,ME,4,11,6,6,17,0,0,0,1,2,0,0,0,1,0,0,8,9,1,0,4,0,0,93,2026
Zac Williams,12175,CA,ME,4,11,1,8,19,0,0,0,2,3,4,4,3,1,0,0,7,8,0,0,0,1,0,56,2026
Lewis Young,12559,CA,ME,4,11,6,5,16,0,0,3,0,6,0,1,4,0,1,0,6,9,1,0,5,0,0,96,2026
Oscar Allen,12655,BL,CW,5,8,5,1,9,3,1,2,1,1,2,1,1,2,1,0,5,4,2,3,1,0,1,75,2026
Levi Ashcroft,13197,BL,CW,5,15,7,10,25,0,1,0,1,1,2,0,3,0,0,0,5,20,0,0,1,0,0,77,2026
Will Ashcroft,13040,BL,CW,5,26,6,10,36,1,0,0,1,1,4,6,3,1,0,0,15,21,0,0,2,0,0,87,2026
Zac Bailey,12610,BL,CW,5,17,7,8,25,2,2,0,3,0,7,4,3,1,1,0,6,17,0,1,1,0,3,87,2026
Jarrod Berry,12519,BL,CW,5,13,6,7,20,0,0,0,3,3,1,3,2,1,0,0,8,13,0,0,2,0,0,79,2026
Charlie Cameron,12277,BL,CW,5,9,3,2,11,0,0,0,1,1,1,2,1,1,0,0,5,6,0,0,1,0,2,72,2026
Keidean Coleman,12838,BL,CW,5,17,10,5,22,0,0,0,5,3,4,0,1,1,1,0,5,14,0,0,0,0,0,83,2026
Sam Draper,12810,BL,CW,5,13,6,5,18,0,0,12,0,1,4,5,8,2,4,0,12,4,3,1,3,0,0,67,2026
Josh Dunkley,12408,BL,CW,5,8,5,15,23,0,0,0,3,0,3,2,3,1,1,0,6,14,0,0,2,0,0,78,2026
Jaspa Fletcher,13072,BL,CW,5,18,10,9,27,0,0,0,0,4,2,0,3,1,2,0,7,20,0,0,2,2,1,85,2026
Darcy Fort,12724,BL,CW,5,5,2,8,13,0,0,9,1,1,2,4,1,1,1,0,7,5,0,0,0,0,0,54,2026
Ty Gallop,13235,BL,CW,5,9,8,0,9,0,0,0,0,2,0,0,2,0,1,0,2,8,1,0,6,0,0,87,2026
Darragh Joyce,12654,BL,CW,5,9,7,1,10,0,0,0,0,4,0,0,0,0,0,0,0,10,0,0,3,0,0,85,2026
Ryan Lester,11894,BL,CW,5,15,9,4,19,0,0,0,1,4,4,0,3,0,1,0,5,10,1,0,4,0,0,90,2026
Kai Lohmann,12968,BL,CW,5,8,2,5,13,4,1,0,3,0,2,2,5,4,2,0,6,7,1,1,0,0,0,75,2026
Lincoln McCarthy,12090,BL,CW,5,9,6,1,10,2,0,0,0,0,3,1,1,0,0,0,4,7,1,2,0,0,1,72,2026
Logan Morris,13137,BL,CW,5,11,9,9,20,3,3,0,1,0,2,1,3,0,0,0,7,12,1,6,0,0,2,79,2026
Lachie Neale,12055,BL,CW,5,16,8,13,29,0,1,0,5,1,6,6,4,0,0,0,8,21,0,1,2,0,2,88,2026
Cam Rayner,12592,BL,CW,5,9,6,8,17,0,2,0,2,1,5,2,2,0,1,0,7,11,2,2,1,0,1,76,2026
Bruce Reville,13138,BL,CW,5,13,8,2,15,1,1,0,1,1,4,0,2,0,0,0,3,12,1,1,1,0,0,69,2026
James Tunstill,13005,BL,CW,5,4,4,1,5,0,2,0,0,0,0,0,0,0,0,0,1,4,1,2,0,0,0,66,2026
Darcy Wilmot,13026,BL,CW,5,16,7,5,21,0,0,0,0,4,1,1,2,1,1,0,5,12,0,0,3,0,0,87,2026
Dayne Zorko,12076,BL,CW,5,23,9,5,28,1,0,0,1,2,5,2,1,0,0,0,2,25,0,0,1,0,0,83,2026
Edward Allan,13146,CW,BL,5,4,1,10,14,0,0,0,4,1,0,1,4,0,2,0,3,11,0,0,2,0,0,70,2026
Darcy Cameron,12660,CW,BL,5,4,2,5,9,0,0,19,1,1,2,3,2,2,1,0,6,4,1,0,1,0,1,77,2026
Jack Crisp,12061,CW,BL,5,9,5,6,15,0,0,0,7,2,3,0,4,0,0,0,2,12,0,0,1,0,0,75,2026
Josh Daicos,12573,CW,BL,5,19,2,6,25,0,0,0,2,5,8,2,3,1,2,0,5,17,0,0,0,1,0,75,2026
Jordan de Goey,12318,CW,BL,5,10,5,5,15,1,0,0,3,2,3,1,3,0,1,0,2,14,0,1,3,0,1,86,2026
Jamie Elliott,12083,CW,BL,5,5,5,5,10,1,0,0,1,0,1,0,2,2,1,0,2,8,0,0,0,0,0,82,2026
Billy Frampton,12676,CW,BL,5,5,3,1,6,0,0,0,4,4,1,0,1,1,1,0,4,2,1,0,15,0,0,100,2026
Will Hayes,13228,CW,BL,5,2,3,3,5,0,0,0,0,0,2,0,1,0,0,0,1,4,0,0,1,0,1,59,2026
Dan Houston,12495,CW,BL,5,18,6,14,32,0,0,0,2,12,1,4,6,1,1,0,10,10,0,0,0,0,0,81,2026
Jeremy Howe,11967,CW,BL,5,9,4,4,13,0,0,0,1,2,1,0,1,2,0,0,4,8,1,0,6,0,1,91,2026
Patrick Lipinski,12578,CW,BL,5,5,2,7,12,0,1,0,2,1,1,1,2,0,2,0,1,10,0,0,1,0,0,80,2026
Ned Long,13023,CW,BL,5,4,2,18,22,0,1,0,3,1,3,3,3,0,0,0,6,16,0,0,1,0,1,77,2026
Brayden Maynard,12371,CW,BL,5,16,4,8,24,0,0,0,1,5,2,1,2,0,0,0,7,17,0,0,5,0,0,85,2026
Beau McCreery,12876,CW,BL,5,4,1,8,12,0,0,0,4,0,3,1,3,1,2,0,7,5,0,0,1,1,1,70,2026
Daniel McStay,12291,CW,BL,5,7,4,1,8,4,1,1,1,0,1,1,4,2,2,0,5,2,3,3,0,0,0,88,2026
Tim Membrey,12300,CW,BL,5,4,4,5,9,1,0,0,1,0,1,0,1,0,0,0,3,6,1,1,2,0,0,83,2026
Harry Perryman,12536,CW,BL,5,6,1,6,12,0,0,0,4,3,1,0,3,1,0,0,5,8,0,0,1,1,0,81,2026
Isaac Quaynor,12740,CW,BL,5,7,1,5,12,0,0,0,2,3,0,1,4,1,1,0,0,11,0,0,7,1,0,84,2026
Lachie Schultz,12700,CW,BL,5,6,2,4,10,1,0,0,3,0,2,0,2,1,0,0,6,4,0,0,0,0,0,82,2026
Steele Sidebottom,11751,CW,BL,5,4,3,7,11,0,0,0,0,1,1,2,4,0,0,0,4,7,0,0,0,2,0,77,2026
Roan Steele,13248,CW,BL,5,6,5,7,13,1,0,0,0,1,2,0,0,0,0,0,2,11,0,0,1,0,0,73,2026
Oscar Steene,13298,CW,BL,5,3,5,7,10,0,0,9,0,0,1,3,1,2,1,0,5,5,0,0,0,0,0,53,2026
Lachlan Sullivan,13133,CW,BL,5,5,1,6,11,1,1,0,0,1,5,0,2,0,0,0,2,9,0,0,1,0,2,73,2026
Zac Banch,13256,NM,CA,5,5,2,5,10,0,2,0,3,0,4,1,2,2,0,0,4,6,0,0,1,0,0,58,2026
Tom Blamires,13287,NM,CA,5,11,4,4,15,0,1,0,0,3,2,0,3,1,0,0,5,11,0,0,0,1,1,80,2026
Callum Coleman-Jones,12730,NM,CA,5,4,1,6,10,0,0,6,0,0,0,4,3,1,2,0,6,3,0,1,3,0,0,58,2026
Charlie Comben,12938,NM,CA,5,4,3,5,9,0,0,0,3,3,1,0,3,2,1,0,4,5,0,0,12,0,0,96,2026
Aidan Corr,12181,NM,CA,5,5,5,3,8,0,0,0,3,3,0,0,3,0,1,0,0,8,0,0,2,0,0,61,2026
Paul Curtis,12975,NM,CA,5,8,3,2,10,2,1,0,2,0,3,0,4,2,2,0,2,5,1,2,2,0,1,81,2026
Caleb Daniel,12373,NM,CA,5,16,10,11,27,0,0,0,4,7,2,2,2,2,1,0,8,18,0,0,2,1,0,91,2026
Jack Darling,11905,NM,CA,5,5,1,5,10,1,0,5,6,2,2,2,1,0,0,0,9,1,1,1,3,0,0,56,2026
Luke Davies-Uniacke,12590,NM,CA,5,9,2,13,22,0,0,0,6,1,3,9,3,3,2,0,16,7,0,0,0,4,0,80,2026
Zane Duursma,13106,NM,CA,5,7,4,2,9,3,2,0,1,0,1,0,2,0,0,0,5,4,2,3,0,0,0,63,2026
Nick Larkey,12563,NM,CA,5,5,3,6,11,2,0,0,0,0,1,0,0,1,0,0,5,5,0,0,1,0,2,96,2026
Luke McDonald,12246,NM,CA,5,14,7,4,18,0,0,0,3,1,3,0,3,1,2,0,1,17,0,0,2,1,0,84,2026
Colby McKercher,13107,NM,CA,5,18,3,6,24,0,0,0,2,2,2,0,1,1,0,0,6,14,0,0,0,4,0,91,2026
Finn OSullivan,13187,NM,CA,5,15,4,6,21,0,0,0,3,3,9,1,6,1,2,0,4,18,0,0,1,0,1,78,2026
Luke Parker,11953,NM,CA,5,12,4,8,20,0,0,0,3,4,1,1,2,1,0,0,6,11,1,0,2,0,1,88,2026
Toby Pink,13108,NM,CA,5,2,2,5,7,0,0,0,2,1,0,0,3,1,2,0,4,5,0,0,4,0,0,90,2026
Tom Powell,12866,NM,CA,5,13,5,5,18,0,2,0,4,1,2,1,7,1,3,0,6,13,0,1,1,0,1,73,2026
Harry Sheezel,13034,NM,CA,5,10,5,14,24,1,0,0,2,1,4,6,3,0,2,0,7,17,0,0,0,0,1,79,2026
Jy Simpkin,12502,NM,CA,5,10,2,7,17,1,0,0,1,1,4,3,1,1,0,0,7,10,0,0,2,0,1,76,2026
Dylan Stephens,12796,NM,CA,5,18,8,8,26,0,0,0,2,2,6,0,3,1,1,0,5,19,0,0,0,3,0,89,2026
Cooper Trembath,13263,NM,CA,5,7,6,4,11,3,0,11,4,0,1,0,0,1,0,0,2,9,0,3,0,0,1,90,2026
George Wardlaw,13064,NM,CA,5,6,2,10,16,0,0,0,11,0,2,1,2,2,1,0,8,8,0,0,1,0,0,64,2026
Cameron Zurhaar,12557,NM,CA,5,7,4,2,9,1,1,0,1,0,3,0,3,0,1,0,5,5,2,3,2,0,0,79,2026
Ben Ainsworth,12498,CA,NM,5,11,8,10,21,0,1,0,2,1,2,1,4,0,0,0,2,19,0,1,0,0,0,82,2026
Jordan Boyd,12965,CA,NM,5,14,7,2,16,0,0,0,5,6,1,0,1,0,0,0,1,9,0,0,1,2,0,76,2026
Talor Byrne,13297,CA,NM,5,2,3,3,5,0,0,0,4,0,1,0,1,0,1,0,1,4,0,0,0,0,0,62,2026
Matt Carroll,13212,CA,NM,5,11,6,4,15,0,0,0,0,5,1,1,1,0,1,0,6,10,1,0,2,1,0,75,2026
Adam Cerra,12603,CA,NM,5,11,3,8,19,0,0,0,5,0,5,6,4,1,0,0,10,9,0,0,1,1,0,70,2026
Lachlan Cowan,13028,CA,NM,5,9,4,4,13,0,0,0,2,3,1,0,3,0,2,0,4,9,2,0,3,0,1,76,2026
Patrick Cripps,12261,CA,NM,5,11,4,10,21,0,0,1,4,2,3,7,3,3,2,0,14,10,0,0,2,0,0,82,2026
Wade Derksen,13303,CA,NM,5,8,4,3,11,0,0,0,1,0,1,1,2,0,0,0,3,8,0,0,8,0,0,83,2026
Francis Evans,12873,CA,NM,5,11,2,6,17,0,1,0,3,1,4,1,5,1,2,0,3,14,0,0,1,0,0,79,2026
Oliver Florent,12497,CA,NM,5,14,9,6,20,0,0,0,0,5,3,1,4,1,1,0,4,15,0,0,0,0,0,86,2026
Will Hayward,12509,CA,NM,5,4,2,2,6,0,0,0,2,0,2,0,3,0,2,0,1,5,0,0,0,0,0,75,2026
George Hewett,12411,CA,NM,5,10,6,12,22,0,0,0,7,1,3,3,3,2,3,0,10,13,0,0,0,0,1,77,2026
Elijah Hollands,13016,CA,NM,5,13,8,5,18,1,0,0,1,2,3,0,4,0,2,0,3,15,1,0,0,0,0,84,2026
Oliver Hollands,13029,CA,NM,5,16,10,5,21,0,0,0,5,5,1,1,2,1,1,0,5,15,0,0,0,1,0,89,2026
Brodie Kemp,12937,CA,NM,5,8,4,3,11,3,3,0,2,0,1,1,0,1,0,0,2,7,0,1,0,0,0,75,2026
Mitch McGovern,12404,CA,NM,5,6,2,2,8,2,0,0,6,0,2,0,2,4,1,0,5,3,0,1,0,0,1,77,2026
Harry McKay,12566,CA,NM,5,10,6,2,12,2,2,0,1,2,3,0,0,1,0,0,5,7,1,3,1,0,0,95,2026
Nic Newman,12508,CA,NM,5,17,9,2,19,1,0,0,1,3,2,0,0,0,0,0,1,14,1,1,2,0,0,78,2026
Marc Pittonet,12417,CA,NM,5,5,1,6,11,2,0,39,1,1,0,4,3,3,1,0,11,1,1,0,2,0,0,76,2026
Jagga Smith,13274,CA,NM,5,7,3,10,17,1,0,0,1,1,2,3,4,3,2,0,10,11,1,0,1,0,0,81,2026
Sam Walsh,12684,CA,NM,5,10,3,9,19,1,0,0,5,1,5,4,2,1,2,0,9,9,0,0,1,1,0,77,2026
Jacob Weitering,12402,CA,NM,5,7,7,3,10,0,0,0,0,3,0,0,3,0,1,0,2,8,0,0,7,0,0,67,2026
Lewis Young,12559,CA,NM,5,4,3,3,7,0,0,1,1,0,2,1,2,1,1,0,3,5,0,0,6,0,0,78,2026
Sam Berry,12849,AD,FR,5,6,0,15,21,1,0,0,5,3,1,4,3,0,0,0,10,11,0,0,0,0,0,67,2026
Hugh Bond,13165,AD,FR,5,5,2,2,7,0,1,0,2,1,0,1,2,0,0,0,2,5,0,1,0,0,0,87,2026
James Borlase,13086,AD,FR,5,3,3,1,4,0,1,0,1,0,0,0,1,0,0,0,2,2,2,0,15,0,0,90,2026
Brayden Cook,12932,AD,FR,5,10,4,0,10,1,0,0,2,2,1,0,1,0,0,0,3,7,0,1,2,0,1,80,2026
Jordan Dawson,12516,AD,FR,5,12,3,11,23,2,0,0,6,2,4,2,4,3,2,0,12,11,1,1,1,0,0,85,2026
Chayce Jones,12691,AD,FR,5,3,1,1,4,0,0,0,2,1,1,0,0,1,0,0,2,2,0,0,0,0,0,89,2026
Ben Keays,12434,AD,FR,5,8,1,7,15,0,1,0,4,0,2,3,3,1,1,0,7,6,0,1,1,0,0,83,2026
Finnbar Maley,13219,AD,FR,5,4,4,5,9,1,0,0,4,1,1,0,2,1,0,0,4,5,2,3,4,0,2,80,2026
Lachlan McAndrew,13065,AD,FR,5,5,3,3,8,0,0,31,13,0,0,3,1,0,0,0,5,3,2,0,5,0,0,65,2026
Max Michalanney,13027,AD,FR,5,6,5,6,12,0,0,0,3,2,2,0,0,1,0,0,5,6,1,0,2,0,0,72,2026
Wayne Milera,12405,AD,FR,5,16,7,11,27,0,0,0,3,6,3,1,3,1,2,0,6,18,1,0,4,2,0,81,2026
Nick Murray,12872,AD,FR,5,6,1,3,9,0,0,0,3,8,1,0,3,1,2,0,2,4,0,0,6,0,0,88,2026
Alex Neal-Bullen,12367,AD,FR,5,9,2,10,19,1,1,0,2,1,4,2,3,1,1,0,10,8,1,1,0,0,1,87,2026
Reilly OBrien,12473,AD,FR,5,2,1,1,3,0,0,15,1,0,0,2,2,1,0,0,2,1,0,0,2,0,0,35,2026
James Peatling,12934,AD,FR,5,20,1,6,26,1,0,0,5,3,6,8,5,3,1,0,15,12,1,0,1,0,1,71,2026
Luke Pedlar,12921,AD,FR,5,4,2,4,8,0,0,0,4,1,1,1,4,1,1,0,4,4,0,0,0,0,0,69,2026
Josh Rachele,12953,AD,FR,5,13,5,6,19,1,0,0,4,1,5,5,1,0,0,0,10,9,0,1,0,0,0,82,2026
Izak Rankine,12798,AD,FR,5,9,3,5,14,0,3,0,4,1,5,0,3,1,1,0,5,8,0,1,0,4,0,75,2026
Jake Soligo,12952,AD,FR,5,5,1,7,12,0,1,0,3,1,3,2,0,1,0,0,4,7,0,1,1,0,2,75,2026
Zac Taylor,13159,AD,FR,5,6,3,3,9,1,0,0,2,1,2,0,1,0,1,0,3,7,0,0,3,0,0,76,2026
Riley Thilthorpe,12892,AD,FR,5,10,3,5,15,1,0,0,4,0,3,4,1,3,0,0,9,7,0,2,0,0,3,82,2026
Taylor Walker,11713,AD,FR,5,6,4,3,9,1,1,0,5,0,0,0,3,0,2,0,5,6,1,3,1,0,0,88,2026
Josh Worrell,12912,AD,FR,5,16,7,7,23,0,0,0,1,8,3,1,1,1,1,0,7,11,1,0,9,0,0,92,2026
Jye Amiss,12983,FR,AD,5,6,5,4,10,4,1,0,0,0,0,0,1,1,1,0,7,4,2,4,0,0,0,91,2026
Shai Bolton,12535,FR,AD,5,13,1,8,21,1,1,0,1,0,5,2,2,0,1,0,7,14,1,0,0,2,1,85,2026
Andrew Brayshaw,12589,FR,AD,5,11,0,14,25,1,0,0,10,1,7,7,3,2,2,0,11,14,0,0,2,0,0,80,2026
Heath Chapman,12875,FR,AD,5,10,8,6,16,0,0,0,1,2,1,0,0,0,0,0,5,11,0,0,6,0,1,87,2026
Jordan Clark,12688,FR,AD,5,13,4,5,18,0,0,0,2,6,2,0,3,0,0,0,3,10,0,0,1,0,0,79,2026
Brennan Cox,12544,FR,AD,5,8,4,3,11,0,0,0,4,3,0,0,3,2,1,0,4,5,2,0,10,0,0,71,2026
Sean Darcy,12547,FR,AD,5,5,2,2,7,0,0,22,1,0,3,1,3,1,2,0,3,4,0,0,3,0,0,43,2026
Isaiah Dudley,13204,FR,AD,5,6,1,6,12,1,1,0,2,0,1,0,4,1,3,0,4,9,0,1,0,0,2,78,2026
Neil Erasmus,12966,FR,AD,5,9,1,12,21,0,0,0,3,4,5,2,2,1,0,0,8,13,0,0,1,1,1,75,2026
Luke Jackson,12779,FR,AD,5,6,1,14,20,0,1,26,7,2,2,7,4,2,3,0,14,7,0,0,1,0,1,75,2026
Matthew Johnson,13047,FR,AD,5,11,3,9,20,0,0,0,3,0,3,2,4,0,0,0,6,13,0,0,1,1,0,61,2026
Judd McVee,13033,FR,AD,5,14,3,9,23,0,0,0,0,4,2,3,3,0,0,0,9,11,1,0,0,0,0,81,2026
Jaeger OMeara,12141,FR,AD,5,4,2,7,11,0,1,0,2,0,3,1,1,0,1,0,3,8,0,1,0,0,1,74,2026
Alex Pearce,12352,FR,AD,5,5,6,4,9,0,0,0,2,0,1,0,2,0,1,0,5,5,2,0,9,0,0,86,2026
Murphy Reid,13180,FR,AD,5,11,2,15,26,0,1,0,5,0,6,2,1,1,0,0,10,16,0,0,1,1,2,89,2026
Luke Ryan,12542,FR,AD,5,8,1,2,10,0,0,0,2,3,1,0,1,0,1,0,1,3,1,0,2,0,0,85,2026
Chris Scerri,13296,FR,AD,5,0,0,6,6,0,0,0,1,0,0,0,0,0,0,0,4,2,0,0,1,0,0,59,2026
Caleb Serong,12786,FR,AD,5,21,3,11,32,0,1,0,8,2,6,6,4,0,1,0,13,19,0,0,0,0,0,88,2026
Sam Switkowski,12672,FR,AD,5,4,1,9,13,0,0,0,3,1,3,1,1,1,0,0,6,8,0,0,0,0,1,74,2026
Josh Treacy,12887,FR,AD,5,9,5,4,13,2,2,0,5,0,3,0,2,0,2,0,10,6,3,2,5,0,0,94,2026
Patrick Voss,13129,FR,AD,5,9,5,4,13,2,3,0,3,0,1,0,2,2,1,0,7,6,1,4,0,0,0,91,2026
Corey Wagner,12453,FR,AD,5,9,2,9,18,0,0,0,1,6,0,5,3,0,0,0,7,11,0,0,0,1,0,76,2026
Karl Worner,13075,FR,AD,5,7,4,3,10,0,0,0,4,3,0,0,2,1,1,0,2,7,0,0,1,0,0,77,2026
Aliir Aliir,12433,PA,RI,5,15,8,8,23,0,0,0,0,4,0,0,7,0,2,0,14,6,6,0,5,1,0,100,2026
Miles Bergman,12867,PA,RI,5,9,5,4,13,0,0,0,1,2,1,0,3,0,1,0,2,10,0,0,3,0,1,80,2026
Joe Berry,13188,PA,RI,5,5,4,7,12,0,1,0,2,0,2,1,3,2,1,0,4,8,0,0,0,0,0,73,2026
Jase Burgoyne,13007,PA,RI,5,9,4,14,23,0,0,0,1,4,1,2,1,0,0,0,9,14,0,0,2,0,1,78,2026
Zak Butters,12698,PA,RI,5,16,4,14,30,0,0,0,0,0,3,6,4,2,2,0,10,19,0,0,0,3,0,80,2026
Darcy Byrne-Jones,12422,PA,RI,5,16,10,10,26,0,0,0,2,3,2,0,3,1,0,0,6,19,0,0,2,0,1,88,2026
Willem Drew,12695,PA,RI,5,5,2,6,11,1,0,0,6,1,1,5,2,1,2,0,5,4,0,0,1,0,0,83,2026
Corey Durdin,12936,PA,RI,5,5,4,2,7,1,1,0,1,0,3,0,1,0,0,0,3,4,0,1,1,1,2,74,2026
Logan Evans,13156,PA,RI,5,11,5,2,13,0,0,0,0,4,0,0,1,0,1,0,2,9,0,0,4,0,0,90,2026
Kane Farrell,12664,PA,RI,5,20,3,4,24,0,2,0,2,6,6,1,6,1,3,0,6,15,0,0,3,4,0,77,2026
Mitch Georgiades,12766,PA,RI,5,6,6,6,12,2,1,0,1,0,2,0,2,0,2,0,4,8,2,3,2,0,0,90,2026
Jason Horne-Francis,12956,PA,RI,5,15,7,3,18,2,0,0,2,1,7,4,8,1,4,0,7,13,0,1,2,3,1,76,2026
Lachie Jones,12882,PA,RI,5,7,3,6,13,0,0,0,2,4,1,0,5,0,1,0,4,6,0,0,2,0,0,81,2026
Josh Lai,13301,PA,RI,5,8,5,6,14,0,0,0,1,5,1,0,4,0,1,0,2,13,0,0,5,0,0,71,2026
Jack Lukosius,12704,PA,RI,5,10,6,3,13,2,1,0,1,2,2,0,1,0,0,0,5,8,2,2,1,0,0,82,2026
Ewan Mackinlay,13269,PA,RI,5,5,1,4,9,0,0,0,2,1,2,0,4,0,1,0,0,9,0,0,0,0,0,70,2026
Joe Richards,13139,PA,RI,5,11,4,7,18,1,0,0,3,2,1,1,1,0,0,0,2,17,0,1,0,0,0,83,2026
Jordon Sweet,12890,PA,RI,5,8,5,7,15,1,0,25,4,2,2,5,4,4,2,0,10,6,0,0,3,0,2,86,2026
Jack Watkins,13289,PA,RI,5,5,0,3,8,0,0,0,0,0,1,0,3,0,0,0,2,5,0,0,0,0,0,64,2026
Jacob Wehr,12991,PA,RI,5,10,1,3,13,1,1,0,2,1,5,0,1,1,1,0,4,9,0,0,0,0,0,77,2026
Jack Whitlock,13259,PA,RI,5,7,5,4,11,2,2,4,0,0,2,1,0,1,0,0,4,7,0,2,1,0,0,75,2026
Ollie Wines,12150,PA,RI,5,2,3,9,11,0,0,0,2,0,1,1,2,0,2,0,5,7,0,1,0,0,0,55,2026
Mitch Zadow,13305,PA,RI,5,2,2,1,3,0,0,0,5,0,0,0,2,0,1,0,1,3,0,0,0,0,0,67,2026
Sam Banks,13078,RI,PA,5,16,1,4,20,1,0,0,3,4,3,1,5,1,2,0,3,13,0,0,1,0,0,76,2026
Nathan Broad,12456,RI,PA,5,6,5,3,9,0,0,0,0,0,1,1,0,0,0,0,3,6,1,0,3,0,0,72,2026
Tom Brown,13096,RI,PA,5,7,1,3,10,0,0,0,0,5,1,0,2,0,0,0,3,4,1,0,4,0,0,73,2026
Seth Campbell,13100,RI,PA,5,8,3,2,10,0,0,0,3,0,3,0,1,1,0,0,2,8,0,0,0,0,1,82,2026
Jonty Faull,13214,RI,PA,5,3,2,3,6,0,1,2,1,0,1,0,1,1,0,0,4,3,0,1,3,0,0,85,2026
Liam Fawcett,13200,RI,PA,5,6,5,2,8,2,0,0,3,0,2,0,6,1,1,0,4,4,1,4,1,0,0,73,2026
Campbell Gray,13218,RI,PA,5,8,7,6,14,0,0,0,5,3,1,0,6,4,3,0,5,10,0,0,5,1,0,74,2026
Steely Green,13145,RI,PA,5,12,3,2,14,0,2,0,6,0,4,0,2,2,0,0,7,7,0,1,1,0,1,78,2026
Sam Grlj,13290,RI,PA,5,11,5,8,19,0,0,0,2,1,4,2,2,2,0,0,5,13,0,0,1,2,0,70,2026
Jacob Hopper,12440,RI,PA,5,7,2,15,22,0,0,0,0,1,2,8,5,2,2,0,11,13,0,0,1,0,0,73,2026
Sam Lalor,13190,RI,PA,5,6,5,6,12,2,0,0,1,1,1,1,0,1,0,0,7,5,2,2,0,0,0,75,2026
Mykelti Lefau,13113,RI,PA,5,4,4,0,4,0,1,4,2,0,2,0,3,0,1,0,2,3,1,1,3,0,0,82,2026
Kane McAuliffe,13117,RI,PA,5,11,5,5,16,0,0,0,4,2,2,1,4,1,0,0,7,8,1,0,0,0,0,78,2026
Ben Miller,12941,RI,PA,5,13,11,6,19,0,0,0,1,3,1,0,2,0,0,0,3,16,0,0,7,2,1,93,2026
Dion Prestia,11917,RI,PA,5,16,6,8,24,0,0,0,3,2,4,3,7,2,0,0,6,17,0,1,2,0,0,76,2026
Maurice Rioli,12935,RI,PA,5,5,2,5,10,1,0,0,2,0,1,1,0,1,0,0,6,4,2,1,1,0,0,82,2026
Jack Ross,12712,RI,PA,5,5,2,10,15,0,3,0,6,0,2,2,5,2,2,0,7,9,1,1,0,1,0,76,2026
Samson Ryan,12918,RI,PA,5,2,2,7,9,0,0,21,0,0,2,2,4,2,3,0,5,4,1,0,2,0,0,74,2026
Jayden Short,12418,RI,PA,5,19,6,3,22,0,2,0,3,5,4,2,2,3,0,0,7,13,0,1,3,1,0,79,2026
Tyler Sonsie,13014,RI,PA,5,14,6,6,20,0,0,0,1,3,3,0,1,1,0,0,4,15,0,0,0,0,0,88,2026
Tim Taranto,12504,RI,PA,5,6,2,14,20,0,0,0,4,1,3,6,0,0,0,0,9,11,0,0,1,0,0,74,2026
Luke Trainor,13191,RI,PA,5,11,5,3,14,0,0,0,2,2,3,0,2,0,0,0,2,11,0,0,1,1,1,80,2026
Nick Vlastuin,12174,RI,PA,5,4,0,7,11,0,0,0,2,0,0,0,1,0,0,0,3,6,0,0,1,0,0,87,2026
Joel Amartey,12844,SY,WC,5,5,7,5,10,2,2,2,1,0,0,0,0,1,0,0,6,4,4,4,0,0,1,70,2026
Riley Bice,13195,SY,WC,5,17,9,10,27,0,0,0,2,6,1,0,3,2,0,0,4,19,0,0,2,3,1,83,2026
Nick Blakey,12699,SY,WC,5,13,1,7,20,1,0,0,0,4,4,3,1,0,1,0,5,11,0,0,3,2,2,79,2026
Harry Cunningham,12015,SY,WC,5,10,5,2,12,1,1,0,0,1,2,1,3,0,1,0,2,10,0,0,1,0,0,70,2026
Charlie Curnow,12421,SY,WC,5,9,6,1,10,4,2,0,0,0,2,0,3,1,1,0,5,4,3,5,3,0,0,88,2026
Brodie Grundy,12217,SY,WC,5,13,4,15,28,1,1,33,5,1,2,9,7,2,2,0,18,11,1,0,4,0,0,85,2026
Isaac Heeney,12326,SY,WC,5,16,8,10,26,4,1,0,2,2,4,4,4,1,0,0,10,17,1,3,1,1,0,75,2026
James Jordon,12860,SY,WC,5,10,4,7,17,1,0,0,6,0,4,0,1,1,0,0,2,14,0,1,0,0,2,83,2026
Jake Lloyd,12268,SY,WC,5,11,6,8,19,3,0,0,3,1,2,2,3,1,0,0,5,15,0,3,2,1,1,95,2026
Tom McCartin,12627,SY,WC,5,6,7,10,16,0,0,0,1,3,0,0,1,1,1,0,4,12,1,0,2,0,0,98,2026
Logan McDonald,12861,SY,WC,5,7,6,3,10,0,2,0,2,0,1,0,1,0,0,0,2,7,1,2,1,0,2,71,2026
Justin McInerney,12711,SY,WC,5,13,7,11,24,1,2,0,3,2,3,3,4,3,3,0,7,19,0,1,1,0,2,79,2026
Lewis Melican,12526,SY,WC,5,4,3,4,8,0,0,0,1,2,1,0,3,1,1,0,6,1,2,0,4,0,0,56,2026
Callum Mills,12413,SY,WC,5,10,8,8,18,0,0,0,2,2,1,0,1,0,1,0,3,14,0,0,1,0,0,74,2026
Tom Papley,12412,SY,WC,5,17,10,7,24,2,4,0,2,0,7,3,5,2,1,0,7,16,0,5,0,1,3,80,2026
Dane Rampe,12140,SY,WC,5,8,2,4,12,0,0,0,1,5,0,0,2,2,0,0,4,9,0,0,7,0,0,77,2026
Matt Roberts,12994,SY,WC,5,10,5,7,17,0,0,0,0,2,2,3,1,0,1,0,4,13,0,0,1,0,3,85,2026
James Rowbottom,12714,SY,WC,5,10,4,10,20,0,0,0,4,1,3,0,1,4,0,0,5,15,0,0,0,0,0,76,2026
Jai Serong,13022,SY,WC,5,16,10,11,27,1,0,0,1,2,4,0,4,1,2,0,7,20,1,0,2,0,0,90,2026
Angus Sheldrick,12951,SY,WC,5,11,5,14,25,0,0,0,4,1,4,3,4,1,0,0,9,15,0,0,0,1,2,62,2026
Chad Warner,12797,SY,WC,5,12,3,12,24,2,2,0,1,0,9,8,4,1,1,0,9,14,0,0,1,4,0,76,2026
Corey Warner,13053,SY,WC,5,5,0,7,12,0,0,0,3,0,2,0,3,1,0,0,3,10,0,0,1,1,1,70,2026
Sam Wicks,12818,SY,WC,5,12,3,9,21,1,0,0,2,6,3,2,2,1,1,0,8,13,2,0,1,3,0,80,2026
Bo Allan,13221,WC,SY,5,6,0,8,14,0,0,0,1,1,3,2,5,1,2,0,7,8,0,0,0,1,1,83,2026
Liam Baker,12661,WC,SY,5,7,5,7,14,1,0,0,1,2,1,1,2,1,0,0,2,12,0,0,3,0,0,81,2026
Sandy Brock,13209,WC,SY,5,5,4,3,8,0,0,0,2,0,2,0,2,0,1,0,1,8,0,0,3,0,0,70,2026
Malakai Champion,13250,WC,SY,5,3,2,2,5,0,0,0,4,0,3,0,2,0,0,0,3,2,1,0,0,1,0,67,2026
Jamie Cripps,11937,WC,SY,5,3,1,6,9,0,0,0,1,1,1,0,1,1,1,0,4,4,0,0,0,0,0,83,2026
Hamish Davis,13210,WC,SY,5,7,6,6,13,0,0,0,0,1,3,2,1,0,0,0,3,10,0,0,1,0,0,80,2026
Cooper Duff-Tytler,13291,WC,SY,5,2,1,7,9,0,0,1,3,0,1,1,1,1,1,0,4,6,0,1,1,0,0,74,2026
Liam Duggan,12334,WC,SY,5,13,7,6,19,0,0,0,0,5,2,0,3,2,0,0,5,12,0,0,2,0,0,71,2026
Willem Duursma,13292,WC,SY,5,9,3,7,16,2,1,0,0,0,3,2,2,0,0,0,5,10,1,1,1,2,0,78,2026
Matt Flynn,12870,WC,SY,5,4,0,5,9,0,0,11,1,1,2,6,4,2,3,0,7,2,0,0,2,0,0,72,2026
Reuben Ginbey,13038,WC,SY,5,7,2,4,11,0,0,0,0,4,0,0,2,0,1,0,4,4,0,0,3,1,0,92,2026
Jack Graham,12576,WC,SY,5,12,3,7,19,0,0,0,3,2,5,2,8,2,5,0,7,15,0,0,0,0,0,68,2026
Brady Hough,12957,WC,SY,5,11,10,10,21,0,1,0,0,4,1,0,2,0,1,0,3,18,0,0,3,0,0,80,2026
Tim Kelly,12595,WC,SY,5,12,5,12,24,0,0,0,3,1,4,4,2,0,0,0,8,15,0,0,1,0,1,72,2026
Josh Lindsay,13293,WC,SY,5,13,4,4,17,0,0,0,2,7,1,0,6,0,4,0,0,12,0,0,1,0,0,73,2026
Tom McCarthy,13240,WC,SY,5,15,5,4,19,0,1,0,2,4,4,4,1,0,0,0,5,9,0,0,0,0,0,79,2026
Matthew Owies,12839,WC,SY,5,5,2,0,5,0,0,0,4,0,4,0,2,2,1,0,2,4,0,0,0,0,1,72,2026
Archer Reid,13196,WC,SY,5,3,3,5,8,0,2,6,1,0,1,2,0,1,0,0,4,4,1,2,0,0,0,70,2026
Harley Reid,13111,WC,SY,5,8,1,9,17,0,0,0,0,1,1,1,4,2,2,0,5,9,0,0,1,2,0,82,2026
Harry Schoenberg,12813,WC,SY,5,2,0,6,8,0,0,0,3,0,1,1,2,0,2,0,6,3,0,0,0,0,0,83,2026
Jobe Shanahan,13247,WC,SY,5,6,6,3,9,0,0,0,2,2,0,0,2,1,0,0,3,7,1,1,1,0,0,94,2026
Jake Waterman,12601,WC,SY,5,6,3,1,7,1,2,0,0,0,1,0,4,1,2,0,3,6,0,2,2,0,0,86,2026
Tylar Young,13043,WC,SY,5,7,3,1,8,0,0,0,1,1,1,0,1,0,1,0,1,6,0,0,3,0,0,90,2026
Kade Chandler,12756,ME,GC,5,7,2,9,16,0,1,0,6,1,2,3,4,0,1,0,9,6,0,1,0,0,0,76,2026
Jai Culley,13015,ME,GC,5,7,4,2,9,0,2,0,1,2,2,1,0,0,0,0,5,4,1,2,1,0,0,75,2026
Max Gawn,11966,ME,GC,5,11,5,11,22,1,0,32,3,2,2,4,2,4,1,0,16,9,1,1,2,0,0,82,2026
Blake Howes,13098,ME,GC,5,5,3,7,12,0,0,0,2,1,1,0,2,1,2,0,5,7,0,0,4,0,0,80,2026
Ed Langdon,12393,ME,GC,5,11,7,4,15,0,1,0,0,0,1,0,2,0,1,0,3,12,0,2,0,0,1,84,2026
Harvey Langford,13184,ME,GC,5,5,4,5,10,2,0,0,0,0,0,1,0,0,0,0,4,6,2,2,0,0,0,67,2026
Bailey Laurie,13032,ME,GC,5,7,0,5,12,0,0,0,2,1,3,2,3,0,0,0,4,8,0,0,0,1,0,60,2026
Jake Lever,12351,ME,GC,5,14,9,1,15,0,0,0,0,1,2,0,1,3,0,0,3,11,0,0,3,0,1,86,2026
Xavier Lindsay,13185,ME,GC,5,10,2,6,16,1,0,0,0,5,2,0,1,0,0,0,5,6,0,0,1,0,0,77,2026
Tom McDonald,12009,ME,GC,5,7,5,4,11,0,0,0,0,5,0,0,4,0,1,0,2,9,1,0,2,0,0,96,2026
Jake Melksham,11820,ME,GC,5,7,5,4,11,4,0,0,0,0,1,0,5,0,2,0,3,8,1,3,0,2,1,84,2026
Brody Mihocek,12639,ME,GC,5,6,2,0,6,2,1,1,2,0,2,0,1,1,0,0,3,3,1,2,0,0,1,84,2026
Harry Petty,12653,ME,GC,5,4,4,2,6,0,1,8,2,0,1,0,2,0,1,0,3,3,2,1,3,0,0,82,2026
Kysaiah Pickett,12771,ME,GC,5,18,2,7,25,1,0,0,5,2,10,6,3,1,1,0,10,15,0,0,2,6,2,80,2026
Latrelle Pickett,13286,ME,GC,5,10,2,3,13,1,2,0,0,0,4,2,2,1,2,0,5,7,0,0,3,1,1,65,2026
Christian Salem,12272,ME,GC,5,15,4,7,22,1,0,0,1,4,2,1,4,0,2,0,7,13,0,0,2,0,1,77,2026
Harry Sharp,12864,ME,GC,5,10,6,6,16,1,1,0,5,1,4,2,6,1,2,0,3,12,0,2,0,5,1,74,2026
Tom Sparrow,12693,ME,GC,5,11,2,10,21,0,1,0,10,1,6,4,2,2,0,0,7,12,0,0,0,0,1,68,2026
Jack Steele,12368,ME,GC,5,10,5,16,26,0,0,0,8,0,4,11,0,3,0,0,18,11,0,0,2,0,1,77,2026
Koltyn Tholstrup,13123,ME,GC,5,8,4,7,15,1,0,0,1,2,1,0,2,1,0,0,5,10,0,1,1,0,0,78,2026
Daniel Turner,12996,ME,GC,5,8,6,3,11,0,0,0,2,1,0,0,0,0,0,0,3,7,1,0,5,0,0,95,2026
Jacob van Rooyen,13048,ME,GC,5,8,6,6,14,1,1,1,2,0,4,0,1,0,0,0,7,6,1,2,3,0,0,78,2026
Caleb Windsor,13099,ME,GC,5,11,0,6,17,0,0,0,7,1,5,2,5,1,1,0,8,8,0,0,0,0,0,75,2026
Noah Anderson,12767,GC,ME,5,13,5,9,22,0,1,0,1,3,5,7,2,0,0,0,7,14,0,1,0,0,2,90,2026
Mac Andrew,13019,GC,ME,5,7,4,5,12,0,0,2,3,3,1,0,0,1,0,0,4,9,0,0,6,0,1,84,2026
Charlie Ballard,12625,GC,ME,5,6,2,4,10,0,0,0,1,0,1,0,0,1,0,0,4,5,2,0,0,0,0,80,2026
Sam Clohesy,13119,GC,ME,5,12,5,5,17,0,0,0,3,2,4,2,1,2,0,0,6,11,0,0,1,0,0,69,2026
Sam Collins,12444,GC,ME,5,5,5,9,14,0,0,0,0,1,1,0,0,1,0,0,6,7,0,0,1,0,0,97,2026
Will Graham,13120,GC,ME,5,7,5,8,15,1,0,0,6,0,4,4,2,2,2,0,5,10,0,1,0,0,1,83,2026
Lachlan Gulbin,13272,GC,ME,5,11,8,11,22,1,0,0,0,0,5,0,3,0,0,0,7,16,0,1,1,0,2,69,2026
Joel Jeffrey,12933,GC,ME,5,12,6,4,16,1,0,0,0,1,2,3,1,0,0,0,5,9,0,1,2,2,2,71,2026
Ben King,12728,GC,ME,5,6,6,4,10,3,1,0,0,0,2,0,4,0,1,0,7,5,3,4,1,0,0,88,2026
Leo Lombard,13232,GC,ME,5,4,3,14,18,0,0,0,1,0,3,1,7,0,2,0,8,12,0,1,0,0,3,77,2026
Ben Long,12521,GC,ME,5,2,2,6,8,0,0,0,2,0,1,0,5,0,2,0,2,5,0,0,1,0,0,81,2026
Touk Miller,12331,GC,ME,5,11,2,10,21,0,1,0,3,2,1,2,1,0,1,0,5,17,0,1,1,0,1,78,2026
John Noble,12743,GC,ME,5,16,5,10,26,0,0,0,3,7,2,0,2,2,1,0,3,19,0,0,2,0,1,84,2026
Wil Powell,12652,GC,ME,5,10,5,5,15,1,0,0,7,2,2,0,1,0,0,0,5,8,0,0,1,0,0,82,2026
Ethan Read,13121,GC,ME,5,4,2,5,9,3,0,0,2,0,1,0,2,1,1,0,2,7,0,0,2,0,0,88,2026
Daniel Rioli,12403,GC,ME,5,11,6,12,23,0,0,0,3,6,4,1,4,0,2,0,1,22,0,0,2,4,0,78,2026
Jake Rogers,13126,GC,ME,5,4,0,4,8,0,0,0,5,0,1,0,3,2,1,0,4,5,0,0,0,0,0,65,2026
Matt Rowell,12768,GC,ME,5,5,2,8,13,0,0,0,3,0,1,4,3,0,2,0,7,6,0,0,0,0,0,77,2026
Bodhi Uwland,13041,GC,ME,5,13,5,11,24,0,0,0,2,6,1,1,2,1,0,0,8,11,0,0,7,0,0,90,2026
Zeke Uwland,13278,GC,ME,5,8,3,8,16,2,0,0,1,2,0,0,1,0,0,0,4,12,0,0,0,1,0,65,2026
Jed Walter,13114,GC,ME,5,7,7,3,10,2,1,4,1,1,2,1,1,2,0,0,7,3,4,4,2,0,0,56,2026
Lachie Weller,12385,GC,ME,5,11,1,3,14,0,0,0,5,4,1,0,2,1,0,0,3,11,0,0,1,3,1,70,2026
Jarrod Witts,12177,GC,ME,5,3,1,5,8,0,0,21,2,2,0,2,5,1,4,0,6,2,0,0,3,0,0,80,2026
Lachlan Blakiston,13237,ES,WB,5,2,0,4,6,0,0,13,2,2,0,1,2,1,1,0,3,4,0,0,3,0,0,73,2026
Jye Caldwell,12755,ES,WB,5,6,3,13,19,1,0,0,5,1,1,7,8,1,3,0,9,10,0,0,0,2,1,80,2026
Archer Day-Wicks,13223,ES,WB,5,6,3,4,10,0,1,0,6,0,3,1,6,1,1,0,3,7,0,1,1,0,0,85,2026
Sam Durham,12925,ES,WB,5,5,2,7,12,0,0,0,6,3,1,1,5,2,3,0,6,9,1,0,2,0,0,84,2026
Xavier Duursma,12696,ES,WB,5,8,3,7,15,0,1,0,1,1,0,1,3,1,1,0,2,11,0,0,0,1,0,78,2026
Tom Edwards,13198,ES,WB,5,8,3,2,10,2,2,0,0,0,1,0,3,1,0,0,7,3,0,2,3,0,1,81,2026
Saad El-Hawli,13203,ES,WB,5,10,4,3,13,0,1,0,0,2,2,0,0,2,0,0,3,9,0,0,1,0,0,65,2026
Jacob Farrow,13299,ES,WB,5,15,12,6,21,0,0,0,2,3,2,0,1,0,0,0,3,18,1,0,1,1,0,80,2026
Jade Gresham,12415,ES,WB,5,7,1,4,11,3,0,0,2,0,2,0,1,1,1,0,3,9,0,0,0,0,1,78,2026
Matt Guelfi,12612,ES,WB,5,3,0,2,5,0,1,0,1,0,1,0,1,0,0,0,3,1,0,0,3,0,0,78,2026
Zak Johnson,13231,ES,WB,5,11,9,12,23,0,0,0,1,1,0,0,1,0,0,0,4,17,0,0,1,1,0,70,2026
Isaac Kako,13177,ES,WB,5,4,2,3,7,0,0,0,0,0,2,2,3,0,2,0,4,3,0,0,0,0,0,73,2026
Kyle Langford,12349,ES,WB,5,7,3,5,12,0,0,0,2,1,3,2,1,0,1,0,6,7,1,0,3,0,1,79,2026
Archie May,13238,ES,WB,5,5,4,1,6,2,1,4,0,0,2,0,0,1,0,0,5,1,3,3,1,0,0,75,2026
Andrew McGrath,12491,ES,WB,5,10,6,13,23,0,0,0,2,3,1,0,3,1,1,0,9,14,1,0,2,1,0,80,2026
Ben McKay,12580,ES,WB,5,2,3,2,4,0,0,0,2,2,0,0,3,0,2,0,2,2,1,0,2,0,0,100,2026
Zach Merrett,12241,ES,WB,5,15,5,15,30,0,0,0,7,4,3,7,2,4,0,0,11,18,0,0,0,0,0,81,2026
Darcy Parish,12406,ES,WB,5,8,2,11,19,0,0,0,1,0,5,2,1,0,0,0,6,12,0,0,0,0,0,66,2026
Archie Perkins,12879,ES,WB,5,5,3,3,8,0,0,0,2,1,1,0,1,0,0,0,2,6,0,0,0,0,0,69,2026
Jaxon Prior,12874,ES,WB,5,16,7,6,22,0,0,0,1,4,3,0,3,0,1,0,3,19,0,0,3,1,0,84,2026
Zach Reid,12889,ES,WB,5,14,11,5,19,0,0,0,4,2,0,0,3,1,1,0,6,12,0,0,0,0,0,73,2026
Archie Roberts,13168,ES,WB,5,29,12,8,37,0,0,0,0,9,3,0,2,0,1,0,4,28,0,0,2,1,1,86,2026
Peter Wright,12366,ES,WB,5,7,5,3,10,1,2,21,1,0,0,0,6,2,2,0,6,4,2,3,3,0,0,84,2026
Oskar Baker,12723,WB,ES,5,11,9,13,24,0,0,0,2,0,4,1,3,0,0,0,6,17,0,0,1,1,0,80,2026
Marcus Bontempelli,12269,WB,ES,5,15,8,20,35,1,0,1,3,0,6,7,3,2,0,0,10,24,0,1,3,0,1,84,2026
Lachlan Bramble,12916,WB,ES,5,10,4,7,17,1,1,0,2,0,4,0,2,0,1,0,3,14,0,1,1,1,3,81,2026
Connor Budarick,12769,WB,ES,5,16,6,5,21,0,0,0,2,5,5,2,4,2,1,0,4,17,0,0,0,1,0,77,2026
Jordan Croft,13265,WB,ES,5,3,0,5,8,0,0,6,2,0,1,1,2,1,2,0,5,3,0,0,2,0,2,66,2026
Bailey Dale,12354,WB,ES,5,17,3,5,22,0,0,0,1,4,0,0,1,0,1,0,2,15,0,0,2,1,0,80,2026
Sam Darcy,13021,WB,ES,5,10,5,5,15,3,3,2,3,0,2,1,2,4,0,0,10,5,3,3,1,0,1,88,2026
Sam Davidson,13178,WB,ES,5,8,5,3,11,0,0,0,1,1,1,0,1,0,1,0,2,12,0,0,2,0,1,75,2026
Josh Dolan,13179,WB,ES,5,7,3,9,16,1,1,0,1,0,4,0,1,0,0,0,3,13,0,2,1,1,2,77,2026
Tim English,12537,WB,ES,5,6,3,2,8,0,0,16,1,2,4,3,0,0,0,0,3,5,0,0,4,0,0,53,2026
Joel Freijah,13140,WB,ES,5,13,3,13,26,0,0,0,6,1,6,3,6,1,1,0,8,17,0,0,3,1,0,91,2026
Lachie Jaques,13275,WB,ES,5,10,4,7,17,0,1,0,3,2,1,1,3,1,1,0,4,13,0,0,2,0,0,85,2026
Arthur Jones,13046,WB,ES,5,6,4,4,10,3,1,0,1,0,2,0,1,1,0,0,3,7,1,3,0,0,0,55,2026
Matthew Kennedy,12455,WB,ES,5,14,5,22,36,1,0,0,1,0,4,11,6,1,1,0,18,18,0,0,0,1,0,78,2026
Buku Khamis,12900,WB,ES,5,9,4,3,12,0,0,0,2,2,1,0,1,2,1,0,4,7,0,0,7,0,0,95,2026
Rory Lobb,12282,WB,ES,5,13,10,2,15,0,0,3,0,3,1,0,3,0,0,0,3,13,2,0,5,1,0,89,2026
Lachlan McNeil,12854,WB,ES,5,2,0,6,8,0,1,0,0,1,0,0,2,1,0,0,6,3,0,0,0,0,0,45,2026
Aaron Naughton,12594,WB,ES,5,7,6,3,10,3,3,0,0,0,1,0,2,1,0,0,3,7,0,3,2,1,0,91,2026
James ODonnell,13061,WB,ES,5,5,4,6,11,0,0,0,2,3,1,0,3,0,2,0,4,9,0,0,11,0,0,100,2026
Ryley Sanders,13103,WB,ES,5,10,6,24,34,0,0,0,5,1,3,5,5,2,3,0,13,23,0,0,2,0,0,84,2026
Michael Sellwood,13276,WB,ES,5,2,4,5,7,0,0,0,1,0,0,0,4,0,2,0,3,4,1,0,3,0,0,71,2026
Rhylee West,12748,WB,ES,5,6,3,13,19,0,2,0,1,1,1,2,1,1,1,0,6,13,0,0,1,1,0,74,2026
Bailey Williams,12441,WB,ES,5,11,8,9,20,1,0,0,2,0,2,1,3,1,1,0,6,14,0,1,1,0,1,81,2026
Tom Barrass,12383,HW,GE,5,12,4,5,17,0,0,0,3,5,1,0,3,2,0,0,8,9,0,0,5,0,0,90,2026
Josh Battle,12558,HW,GE,5,11,2,4,15,0,0,0,2,4,2,0,5,2,1,0,8,6,1,0,4,2,0,91,2026
Sam Butler,12988,HW,GE,5,14,3,5,19,0,0,0,4,1,7,1,3,0,0,0,4,13,0,0,0,0,1,70,2026
Mabior Chol,12485,HW,GE,5,8,6,4,12,2,3,0,0,0,2,0,2,0,0,0,5,8,2,4,3,0,0,73,2026
Jack Dalton,13304,HW,GE,5,5,1,5,10,0,1,0,1,0,1,1,2,0,1,0,5,6,0,0,1,2,0,59,2026
Massimo DAmbrosio,12998,HW,GE,5,14,7,9,23,0,0,0,6,2,3,2,4,1,3,0,6,16,0,0,1,0,0,89,2026
Jack Ginnivan,12927,HW,GE,5,15,7,4,19,2,0,0,1,4,2,2,5,0,0,0,6,12,0,1,1,0,1,86,2026
Jack Gunston,11845,HW,GE,5,12,6,2,14,3,4,0,1,0,2,0,3,0,2,0,4,9,1,5,2,0,1,89,2026
Blake Hardwick,12469,HW,GE,5,12,3,3,15,0,0,0,4,6,0,2,2,1,1,0,2,10,0,0,2,0,0,91,2026
Jarman Impey,12237,HW,GE,5,16,5,10,26,0,0,0,1,4,4,2,3,0,0,0,6,16,1,0,0,4,1,84,2026
Mitch Lewis,12636,HW,GE,5,7,8,4,11,2,1,0,2,0,1,0,4,0,2,0,2,9,2,5,1,0,1,81,2026
Connor Macdonald,12954,HW,GE,5,18,8,8,26,0,0,0,3,2,5,2,1,0,0,0,8,16,0,0,0,0,1,84,2026
Lloyd Meek,12856,HW,GE,5,4,5,5,9,0,0,16,4,1,1,1,4,0,2,0,2,6,0,0,1,0,0,52,2026
Dylan Moore,12710,HW,GE,5,9,6,9,18,0,2,0,3,0,1,1,4,1,0,0,7,11,0,0,1,0,0,83,2026
Conor Nash,12670,HW,GE,5,10,2,7,17,0,0,0,8,0,3,3,6,1,3,0,5,11,0,0,2,0,0,66,2026
Jai Newcombe,12915,HW,GE,5,11,1,14,25,0,0,0,4,0,5,6,4,2,2,0,14,12,0,0,1,0,1,83,2026
Flynn Perez,12841,HW,GE,5,6,1,7,13,0,0,0,6,1,1,1,2,2,1,0,5,9,0,0,1,0,0,71,2026
Ned Reeves,12906,HW,GE,5,5,1,5,10,0,1,28,1,0,2,3,2,0,1,0,5,4,0,1,1,0,1,48,2026
Jack Scrimshaw,12565,HW,GE,5,4,3,9,13,0,0,0,0,0,0,1,3,0,1,0,3,8,0,0,4,0,0,84,2026
James Sicily,12332,HW,GE,5,14,5,6,20,0,0,0,0,7,0,0,1,0,1,0,3,12,2,0,5,0,0,89,2026
Josh Ward,12955,HW,GE,5,14,3,15,29,0,0,0,6,1,5,3,6,0,0,0,10,19,0,0,2,0,0,77,2026
Nick Watson,13105,HW,GE,5,6,2,7,13,3,0,0,3,0,2,2,2,1,2,0,9,5,0,1,0,1,1,73,2026
Josh Weddle,13057,HW,GE,5,5,1,8,13,1,0,0,0,2,3,0,1,0,1,0,2,11,0,1,1,2,1,88,2026
Tom Atkins,12690,GE,HW,5,1,1,11,12,0,0,0,3,0,1,1,3,0,3,0,8,4,0,0,0,0,1,68,2026
Mark Blicavs,12153,GE,HW,5,9,3,5,14,1,1,5,4,0,3,3,2,0,0,0,7,7,1,0,2,0,0,73,2026
Jack Bowes,12499,GE,HW,5,9,3,4,13,2,0,0,4,0,4,1,2,1,0,0,3,10,0,0,0,0,3,62,2026
Tanner Bruhn,12871,GE,HW,5,14,6,12,26,0,0,0,1,2,3,2,2,1,0,0,5,19,0,0,0,2,0,72,2026
Jeremy Cameron,12017,GE,HW,5,12,7,4,16,1,2,0,3,0,3,0,6,2,1,0,5,11,0,3,1,0,0,93,2026
Brad Close,12806,GE,HW,5,3,2,6,9,0,1,0,2,0,1,0,1,1,1,0,1,6,0,0,2,0,1,74,2026
Sam De Koning,12891,GE,HW,5,4,4,6,10,0,0,0,2,3,0,0,1,0,0,0,6,4,2,0,8,0,0,76,2026
Oliver Dempsey,12974,GE,HW,5,4,4,8,12,1,0,0,1,0,2,1,0,0,0,0,2,10,0,2,0,0,0,82,2026
Mitchell Edwards,13285,GE,HW,5,4,1,6,10,0,0,18,2,0,3,6,3,4,0,0,10,0,1,0,1,0,0,69,2026
Zach Guthrie,12551,GE,HW,5,9,5,10,19,0,0,0,5,4,0,2,1,1,0,0,8,10,0,0,1,0,0,75,2026
Jack Henry,12607,GE,HW,5,7,4,0,7,0,0,0,1,1,0,0,1,0,1,0,2,6,0,0,3,0,0,87,2026
Oliver Henry,12851,GE,HW,5,6,3,1,7,3,0,0,0,0,1,0,1,1,0,0,4,4,0,3,3,0,2,84,2026
Max Holmes,12881,GE,HW,5,21,6,6,27,0,0,0,4,4,8,1,6,2,1,0,6,18,0,0,1,0,3,82,2026
Lawson Humphries,13160,GE,HW,5,17,8,3,20,0,0,0,4,5,2,2,3,1,0,0,4,12,0,1,4,2,0,77,2026
Shaun Mannagh,13104,GE,HW,5,6,3,0,6,0,0,0,1,0,3,0,1,0,0,0,1,4,0,0,1,0,0,76,2026
Jack Martin,12236,GE,HW,5,8,5,3,11,1,0,0,3,0,2,0,3,1,1,0,2,9,0,2,0,0,0,77,2026
Gryan Miers,12689,GE,HW,5,12,6,10,22,0,1,0,2,2,5,0,3,2,0,0,3,19,0,0,0,0,0,80,2026
Oisin Mullin,13066,GE,HW,5,6,3,10,16,0,0,0,2,4,0,2,1,2,0,0,7,10,0,0,0,0,0,77,2026
Shannon Neale,12992,GE,HW,5,5,4,1,6,4,0,3,4,0,1,0,5,0,3,0,4,4,3,4,1,0,0,92,2026
Connor OSullivan,13122,GE,HW,5,11,6,2,13,0,0,0,2,3,2,0,1,2,1,0,3,8,0,0,5,0,0,87,2026
Bailey Smith,12692,GE,HW,5,22,5,11,33,0,0,0,5,4,8,6,4,1,0,0,14,19,0,0,2,0,0,86,2026
Tom Stewart,12505,GE,HW,5,20,9,2,22,0,0,0,0,7,0,1,1,2,0,0,5,12,0,0,4,0,0,87,2026
Oliver Wiltshire,13217,GE,HW,5,7,3,4,11,1,1,0,0,1,2,0,2,0,1,0,2,10,0,1,0,4,0,63,2026
Sam Berry,12849,AD,CA,6,9,1,20,29,0,0,0,6,1,5,4,4,2,1,0,18,13,0,0,4,0,1,80,2026
James Borlase,13086,AD,CA,6,5,1,2,7,0,0,0,3,3,1,0,0,1,0,0,3,3,0,0,16,0,0,90,2026
Brayden Cook,12932,AD,CA,6,8,4,10,18,0,0,0,0,2,0,1,3,1,0,0,8,9,0,0,4,0,1,82,2026
Isaac Cumming,12629,AD,CA,6,11,1,10,21,1,0,0,4,1,2,1,8,2,2,0,13,9,0,0,2,0,0,87,2026
Jordan Dawson,12516,AD,CA,6,18,1,8,26,1,0,0,3,2,4,6,6,0,2,0,10,15,0,0,3,0,0,79,2026
Mitch Hinge,12727,AD,CA,6,6,1,4,10,0,0,0,1,1,1,1,0,1,0,0,4,4,0,0,1,0,0,37,2026
Ben Keays,12434,AD,CA,6,12,2,4,16,3,0,0,4,0,4,1,6,0,2,0,5,7,0,1,1,0,1,91,2026
Rory Laird,12165,AD,CA,6,10,4,14,24,0,0,0,0,4,1,0,4,0,0,0,6,18,0,0,3,0,1,83,2026
Finnbar Maley,13219,AD,CA,6,3,3,4,7,1,1,9,2,0,1,0,2,1,2,0,6,3,1,1,2,0,0,51,2026
Lachlan McAndrew,13065,AD,CA,6,6,3,4,10,0,1,35,5,0,2,5,3,2,3,0,6,2,1,0,2,0,1,72,2026
Max Michalanney,13027,AD,CA,6,7,2,9,16,0,0,0,3,5,0,2,6,0,1,0,7,9,0,0,1,0,0,83,2026
Wayne Milera,12405,AD,CA,6,16,1,9,25,0,0,0,4,7,3,1,1,0,0,0,7,13,0,0,1,0,0,78,2026
Nick Murray,12872,AD,CA,6,4,1,4,8,0,0,0,1,3,1,0,0,0,0,0,3,3,1,0,10,0,0,91,2026
Luke Nankervis,13081,AD,CA,6,8,2,12,20,0,1,0,2,1,1,2,2,1,0,0,4,14,0,0,1,0,0,73,2026
Alex Neal-Bullen,12367,AD,CA,6,12,2,4,16,2,0,0,6,2,4,0,6,1,1,0,6,9,0,1,1,0,1,85,2026
James Peatling,12934,AD,CA,6,11,1,9,20,0,0,0,4,2,2,6,4,2,2,0,11,9,0,0,0,0,0,66,2026
Josh Rachele,12953,AD,CA,6,17,2,9,26,4,0,0,5,2,6,6,4,5,0,0,13,11,0,0,1,1,0,76,2026
Izak Rankine,12798,AD,CA,6,15,3,7,22,2,1,0,7,2,4,2,5,2,0,0,9,11,0,1,0,1,1,90,2026
Jake Soligo,12952,AD,CA,6,6,2,6,12,1,0,0,2,0,3,0,1,2,1,0,5,5,0,0,1,0,2,66,2026
Zac Taylor,13159,AD,CA,6,5,3,6,11,0,0,0,3,2,2,1,1,1,0,0,6,6,0,0,2,0,0,75,2026
Riley Thilthorpe,12892,AD,CA,6,10,6,4,14,1,4,1,1,0,2,0,3,2,0,0,6,10,2,4,4,0,1,94,2026
Taylor Walker,11713,AD,CA,6,8,6,6,14,1,1,0,3,0,6,0,4,1,2,0,9,7,2,2,3,0,2,84,2026
Josh Worrell,12912,AD,CA,6,13,3,8,21,0,0,0,2,7,1,1,9,1,4,0,8,10,0,0,6,1,0,90,2026
Ben Ainsworth,12498,CA,AD,6,8,3,5,13,2,0,0,1,0,2,1,0,0,0,0,4,9,0,0,0,0,1,76,2026
Jordan Boyd,12965,CA,AD,6,12,3,1,13,0,0,0,1,1,2,0,2,0,0,0,3,8,0,0,4,0,0,70,2026
Talor Byrne,13297,CA,AD,6,5,3,4,9,0,0,0,0,0,3,0,1,0,0,0,5,4,0,0,2,0,0,73,2026
Matt Carroll,13212,CA,AD,6,8,2,5,13,1,0,0,1,0,3,0,2,1,1,0,7,5,1,1,3,0,2,79,2026
Adam Cerra,12603,CA,AD,6,7,0,16,23,1,0,0,7,0,4,7,4,2,3,0,14,11,0,0,0,0,0,77,2026
Lachlan Cowan,13028,CA,AD,6,14,3,4,18,0,0,0,2,3,3,1,4,0,1,0,4,11,0,0,1,0,0,92,2026
Patrick Cripps,12261,CA,AD,6,13,2,16,29,0,2,0,9,1,4,7,10,2,4,0,16,13,1,1,1,0,1,80,2026
Wade Derksen,13303,CA,AD,6,7,4,3,10,0,0,0,1,3,0,0,6,0,3,0,2,7,0,0,8,0,0,90,2026
Francis Evans,12873,CA,AD,6,8,1,7,15,1,1,0,6,0,5,1,1,0,1,0,8,6,0,0,1,1,0,74,2026
Oliver Florent,12497,CA,AD,6,16,3,9,25,1,0,0,4,5,5,2,4,0,0,0,10,12,0,0,1,0,0,87,2026
Nick Haynes,12091,CA,AD,6,14,8,4,18,0,0,0,4,3,3,1,5,0,2,0,4,13,0,0,6,0,0,85,2026
Elijah Hollands,13016,CA,AD,6,10,2,6,16,1,0,0,5,2,3,1,1,3,0,0,7,8,1,1,0,0,0,80,2026
Oliver Hollands,13029,CA,AD,6,10,4,5,15,1,1,0,5,4,2,2,7,3,3,0,6,9,0,0,2,0,1,87,2026
Brodie Kemp,12937,CA,AD,6,4,2,5,9,0,0,0,4,0,3,0,0,0,0,0,2,7,0,1,0,0,2,74,2026
Mitch McGovern,12404,CA,AD,6,8,3,2,10,2,1,0,4,1,2,0,2,2,1,0,4,6,1,1,3,0,0,78,2026
Harry McKay,12566,CA,AD,6,5,3,2,7,1,0,0,4,0,1,0,4,1,2,0,7,1,2,1,1,0,0,95,2026
Nic Newman,12508,CA,AD,6,16,1,3,19,0,0,0,3,8,1,2,0,1,0,0,4,7,0,0,1,1,0,79,2026
Hudson OKeeffe,13233,CA,AD,6,4,0,3,7,0,0,10,1,0,2,1,2,0,1,0,6,2,0,0,4,0,0,32,2026
Marc Pittonet,12417,CA,AD,6,8,0,8,16,0,0,33,7,2,1,10,5,6,1,0,11,4,0,0,5,0,0,73,2026
Jagga Smith,13274,CA,AD,6,10,0,9,19,0,0,0,3,2,4,5,3,0,1,0,10,10,0,0,0,0,0,72,2026
Sam Walsh,12684,CA,AD,6,8,2,21,29,0,0,0,8,1,5,0,4,1,2,0,14,16,0,0,4,1,0,78,2026
Zac Williams,12175,CA,AD,6,6,0,9,15,1,0,0,6,0,1,4,2,1,1,0,10,5,0,0,0,0,0,72,2026
Lewis Young,12559,CA,AD,6,4,1,6,10,0,0,0,1,2,1,0,1,0,1,0,4,3,1,0,15,0,0,97,2026
Angus Anderson,13306,CW,FR,6,15,5,1,16,1,0,0,6,1,3,2,3,0,0,0,6,10,0,1,0,0,0,67,2026
Darcy Cameron,12660,CW,FR,6,10,3,8,18,0,0,24,7,1,3,4,4,4,1,0,14,3,1,0,0,0,0,79,2026
Jack Crisp,12061,CW,FR,6,14,6,9,23,1,0,0,3,3,2,0,4,1,0,0,12,11,1,1,2,0,0,78,2026
Josh Daicos,12573,CW,FR,6,11,3,12,23,0,0,0,3,3,2,2,4,1,1,0,11,12,0,0,2,0,0,88,2026
Nick Daicos,12943,CW,FR,6,19,4,12,31,0,1,0,1,5,7,5,5,1,1,0,10,20,1,0,0,1,1,86,2026
Jordan de Goey,12318,CW,FR,6,2,1,4,6,0,0,0,0,0,2,0,1,0,0,0,3,4,1,0,0,0,0,23,2026
Jamie Elliott,12083,CW,FR,6,6,1,9,15,0,0,0,3,0,3,1,2,1,1,0,4,10,0,0,0,0,0,84,2026
Billy Frampton,12676,CW,FR,6,11,8,4,15,0,0,0,1,2,1,0,2,0,1,0,5,10,1,0,9,0,0,97,2026
Dan Houston,12495,CW,FR,6,8,7,6,14,0,0,0,2,1,1,0,3,0,2,0,3,11,1,0,2,0,0,72,2026
Jeremy Howe,11967,CW,FR,6,12,8,2,14,0,0,0,3,3,0,0,1,1,0,0,4,9,0,0,12,0,0,94,2026
Patrick Lipinski,12578,CW,FR,6,7,1,10,17,0,0,0,4,2,2,3,0,1,0,0,5,11,0,0,1,0,0,87,2026
Ned Long,13023,CW,FR,6,7,1,6,13,1,1,0,5,1,4,2,2,1,1,0,4,8,0,0,1,0,0,63,2026
Brayden Maynard,12371,CW,FR,6,16,9,1,17,0,0,0,6,6,4,0,3,0,0,0,4,13,2,0,5,0,1,83,2026
Beau McCreery,12876,CW,FR,6,8,4,5,13,0,0,0,7,1,4,0,0,0,0,0,1,10,0,0,1,0,1,82,2026
Daniel McStay,12291,CW,FR,6,5,5,3,8,1,1,1,6,0,3,0,1,1,1,0,4,4,2,2,2,0,1,90,2026
Tim Membrey,12300,CW,FR,6,9,7,4,13,1,2,0,2,0,2,0,1,0,0,0,2,11,0,3,1,0,0,87,2026
Scott Pendlebury,4182,CW,FR,6,9,4,13,22,0,0,0,4,0,4,4,1,0,0,0,10,13,1,0,1,0,1,80,2026
Harry Perryman,12536,CW,FR,6,10,7,6,16,0,0,0,4,2,3,1,0,1,0,0,7,9,0,0,2,0,0,77,2026
Isaac Quaynor,12740,CW,FR,6,16,10,5,21,0,0,0,6,3,1,1,1,1,1,0,6,16,0,0,5,0,0,89,2026
Lachie Schultz,12700,CW,FR,6,10,5,8,18,0,3,0,8,0,4,0,3,1,3,0,8,12,0,3,0,0,0,81,2026
Steele Sidebottom,11751,CW,FR,6,7,1,7,14,0,0,0,4,2,2,4,4,1,1,0,5,7,0,0,1,0,0,80,2026
Roan Steele,13248,CW,FR,6,9,1,4,13,0,0,0,4,1,4,1,1,1,0,0,7,5,0,0,2,0,0,81,2026
Oscar Steene,13298,CW,FR,6,1,0,3,4,0,0,2,3,0,0,0,1,2,0,0,3,1,0,0,2,0,0,51,2026
Jye Amiss,12983,FR,CW,6,10,7,2,12,2,0,0,0,0,3,0,0,1,0,0,5,8,1,2,3,1,0,89,2026
Shai Bolton,12535,FR,CW,6,14,1,3,17,1,0,0,3,0,5,3,4,1,2,0,9,11,0,0,0,2,0,85,2026
Andrew Brayshaw,12589,FR,CW,6,10,0,9,19,0,2,0,9,3,4,5,5,3,1,0,9,11,0,0,3,0,1,74,2026
Heath Chapman,12875,FR,CW,6,11,3,6,17,0,0,0,1,7,3,0,3,1,1,0,3,13,0,0,3,0,0,81,2026
Jordan Clark,12688,FR,CW,6,15,5,12,27,0,0,0,3,8,2,3,4,0,1,0,11,14,0,0,3,0,0,80,2026
Brennan Cox,12544,FR,CW,6,6,3,7,13,0,0,0,2,4,0,1,1,0,1,0,4,8,0,0,13,0,0,85,2026
Sean Darcy,12547,FR,CW,6,0,0,5,5,0,0,9,0,0,1,1,2,1,1,0,5,0,0,0,0,0,0,26,2026
Isaiah Dudley,13204,FR,CW,6,6,2,2,8,2,0,0,4,1,0,1,4,1,1,0,3,3,0,1,1,0,0,71,2026
Neil Erasmus,12966,FR,CW,6,10,4,8,18,0,0,0,1,5,2,0,3,0,1,0,3,15,0,0,0,0,0,70,2026
Luke Jackson,12779,FR,CW,6,8,5,9,17,0,0,38,9,0,1,5,1,0,0,0,9,7,1,0,3,0,0,85,2026
Matthew Johnson,13047,FR,CW,6,8,1,2,10,1,0,0,5,0,5,1,4,0,2,0,3,7,0,0,0,0,2,77,2026
Judd McVee,13033,FR,CW,6,7,3,3,10,0,0,0,0,3,1,0,0,0,0,0,6,5,1,0,3,0,0,72,2026
Jaeger OMeara,12141,FR,CW,6,12,5,9,21,0,0,0,2,4,0,1,2,0,0,0,5,17,0,0,1,0,0,82,2026
Alex Pearce,12352,FR,CW,6,7,5,7,14,0,0,0,2,1,2,0,1,1,0,0,11,4,4,0,6,0,0,90,2026
Murphy Reid,13180,FR,CW,6,11,4,11,22,0,0,0,1,0,4,0,3,0,0,0,9,13,0,0,1,0,2,77,2026
Luke Ryan,12542,FR,CW,6,23,10,2,25,0,0,0,4,10,0,1,1,2,0,0,6,14,1,0,2,0,0,89,2026
Chris Scerri,13296,FR,CW,6,0,0,7,7,0,0,0,1,0,0,0,3,0,3,0,3,5,0,0,0,0,0,68,2026
Caleb Serong,12786,FR,CW,6,13,4,11,24,0,0,0,3,2,2,8,2,0,0,0,11,11,0,0,1,0,0,84,2026
Sam Switkowski,12672,FR,CW,6,8,3,9,17,1,0,0,0,0,3,1,3,1,0,0,10,6,1,1,1,0,0,75,2026
Josh Treacy,12887,FR,CW,6,7,4,7,14,0,0,0,4,0,3,0,3,1,2,0,7,7,3,0,1,0,0,87,2026
Patrick Voss,13129,FR,CW,6,4,3,2,6,0,1,0,2,0,0,0,3,0,1,0,1,5,0,1,0,0,0,86,2026
Corey Wagner,12453,FR,CW,6,10,2,6,16,0,0,0,3,3,2,3,0,0,0,0,7,9,0,0,2,1,1,78,2026
Karl Worner,13075,FR,CW,6,12,7,7,19,0,0,0,4,4,2,0,2,1,2,0,7,11,0,0,5,0,0,87,2026
Zac Banch,13256,NM,BL,6,4,1,1,5,1,1,0,2,0,2,1,5,1,4,0,1,4,0,0,3,0,1,58,2026
Tom Blamires,13287,NM,BL,6,11,4,9,20,1,0,0,0,0,6,4,2,0,0,0,5,15,0,1,0,0,0,78,2026
Callum Coleman-Jones,12730,NM,BL,6,3,0,4,7,0,0,23,2,2,1,1,2,0,2,0,3,5,0,0,2,0,1,61,2026
Charlie Comben,12938,NM,BL,6,7,3,2,9,0,0,0,2,2,0,0,2,0,1,0,2,8,1,0,5,0,0,96,2026
Aidan Corr,12181,NM,BL,6,9,3,2,11,0,0,0,2,3,0,0,3,1,1,0,3,7,0,0,1,0,0,74,2026
Paul Curtis,12975,NM,BL,6,10,4,8,18,1,3,0,4,0,5,0,3,1,1,0,8,11,0,1,2,0,1,85,2026
Caleb Daniel,12373,NM,BL,6,8,2,10,18,0,0,0,3,5,0,1,4,0,2,0,6,9,0,0,1,2,0,85,2026
Jack Darling,11905,NM,BL,6,7,2,5,12,1,1,3,4,2,1,1,3,1,0,0,7,3,1,0,2,0,1,60,2026
Luke Davies-Uniacke,12590,NM,BL,6,12,3,15,27,1,0,0,8,2,4,7,2,1,1,0,10,18,0,1,0,1,0,87,2026
Zane Duursma,13106,NM,BL,6,1,1,3,4,0,1,0,1,0,0,0,0,1,0,0,2,3,0,1,1,0,0,54,2026
Nick Larkey,12563,NM,BL,6,8,5,2,10,1,3,0,2,0,1,0,0,2,0,0,5,6,1,3,1,0,0,95,2026
Griffin Logue,12511,NM,BL,6,9,8,9,18,0,0,0,1,3,1,1,1,0,0,0,9,9,2,0,5,0,0,82,2026
Luke McDonald,12246,NM,BL,6,11,5,4,15,0,0,0,3,6,0,0,2,2,1,0,7,8,1,0,3,0,0,86,2026
Colby McKercher,13107,NM,BL,6,17,2,5,22,0,0,0,3,6,2,0,5,0,1,0,2,13,0,0,0,3,0,93,2026
Luke Parker,11953,NM,BL,6,15,9,10,25,0,0,0,0,4,2,2,3,1,1,0,9,15,2,0,3,0,0,93,2026
Tom Powell,12866,NM,BL,6,6,4,6,12,1,0,0,1,2,2,1,3,0,0,0,2,9,0,0,0,0,0,83,2026
Harry Sheezel,13034,NM,BL,6,13,6,17,30,0,1,0,4,3,3,6,4,0,1,0,13,17,0,1,0,0,1,82,2026
Jy Simpkin,12502,NM,BL,6,17,4,10,27,0,0,0,4,3,5,5,3,2,1,0,11,16,0,1,0,1,1,86,2026
Charlie Spargo,12622,NM,BL,6,3,1,4,7,0,0,0,2,0,2,1,2,0,2,0,1,8,0,1,1,0,0,61,2026
Dylan Stephens,12796,NM,BL,6,10,3,3,13,0,0,0,2,1,2,1,2,1,1,0,2,13,0,1,0,1,0,83,2026
Cooper Trembath,13263,NM,BL,6,6,8,6,12,2,1,5,3,0,1,2,1,0,0,0,8,4,5,3,2,0,0,83,2026
George Wardlaw,13064,NM,BL,6,10,2,7,17,0,0,0,5,1,3,3,1,1,0,0,11,8,0,0,4,0,0,56,2026
Cameron Zurhaar,12557,NM,BL,6,3,3,8,11,0,0,0,1,0,1,1,0,0,0,0,8,5,0,0,0,0,0,77,2026
Oscar Allen,12655,BL,NM,6,7,4,1,8,3,2,5,1,0,1,2,0,2,0,0,3,6,0,1,0,0,0,77,2026
Harris Andrews,12340,BL,NM,6,9,6,6,15,0,0,0,0,1,1,0,1,0,0,0,6,8,1,0,4,0,0,92,2026
Levi Ashcroft,13197,BL,NM,6,12,5,4,16,0,0,0,2,1,1,2,1,1,0,0,7,10,0,0,2,0,0,81,2026
Will Ashcroft,13040,BL,NM,6,11,1,8,19,0,0,0,6,3,3,5,7,1,3,0,6,13,0,0,0,0,0,87,2026
Zac Bailey,12610,BL,NM,6,14,4,7,21,2,0,0,5,3,4,1,2,0,0,0,6,14,0,0,1,1,2,90,2026
Jarrod Berry,12519,BL,NM,6,10,3,8,18,0,0,0,7,1,5,3,4,1,2,0,10,9,0,0,0,0,0,80,2026
Charlie Cameron,12277,BL,NM,6,8,2,1,9,1,0,0,3,1,1,1,5,2,2,0,3,3,0,0,1,0,1,79,2026
Keidean Coleman,12838,BL,NM,6,8,5,5,13,1,0,0,1,2,1,0,0,0,0,0,1,10,0,1,3,1,0,82,2026
Sam Draper,12810,BL,NM,6,11,3,1,12,2,0,20,0,1,1,5,2,2,1,0,10,2,1,0,4,0,1,69,2026
Josh Dunkley,12408,BL,NM,6,5,4,8,13,0,0,0,4,0,3,1,0,0,0,0,8,5,3,0,0,0,0,79,2026
Jaspa Fletcher,13072,BL,NM,6,9,5,3,12,0,0,0,5,2,3,0,2,1,1,0,4,7,0,0,1,0,0,88,2026
Darcy Fort,12724,BL,NM,6,3,2,1,4,0,0,24,3,1,1,2,1,0,1,0,3,2,0,0,4,0,0,59,2026
Ty Gallop,13235,BL,NM,6,6,3,0,6,0,0,0,2,1,3,0,1,1,0,0,3,3,1,0,6,0,0,83,2026
Ryan Lester,11894,BL,NM,6,9,6,3,12,0,0,0,1,3,1,1,1,0,0,0,1,12,0,0,5,0,0,88,2026
Kai Lohmann,12968,BL,NM,6,7,3,4,11,1,2,0,3,0,4,1,3,1,2,0,5,5,1,2,0,1,1,83,2026
Lincoln McCarthy,12090,BL,NM,6,7,3,5,12,2,1,0,1,1,1,1,2,1,0,0,2,8,0,2,2,0,0,79,2026
Hugh McCluggage,12518,BL,NM,6,12,6,8,20,0,1,0,5,2,4,1,2,0,0,0,6,14,0,0,1,0,0,56,2026
Logan Morris,13137,BL,NM,6,6,4,1,7,0,3,0,2,0,2,0,4,2,1,0,2,5,0,2,1,0,2,84,2026
Lachie Neale,12055,BL,NM,6,14,4,16,30,0,0,0,3,0,7,10,1,1,0,0,20,10,1,0,2,1,0,88,2026
Cam Rayner,12592,BL,NM,6,10,2,7,17,1,1,0,4,0,6,3,3,1,0,0,13,4,0,0,2,0,0,80,2026
Bruce Reville,13138,BL,NM,6,7,3,5,12,0,1,0,1,2,2,1,2,0,1,0,4,8,0,1,3,0,0,77,2026
Darcy Wilmot,13026,BL,NM,6,9,2,5,14,0,0,0,2,3,2,1,1,1,1,0,6,5,0,0,3,1,0,89,2026
Dayne Zorko,12076,BL,NM,6,7,0,1,8,0,0,0,1,5,1,0,1,2,0,0,2,3,0,0,0,0,1,30,2026
Kade Chandler,12756,ME,ES,6,4,3,10,14,1,0,0,1,0,2,2,2,0,0,0,6,8,0,1,0,0,1,73,2026
Jai Culley,13015,ME,ES,6,3,1,7,10,0,0,0,2,1,1,1,0,0,0,0,5,5,0,0,0,0,0,69,2026
Bayley Fritsch,12598,ME,ES,6,7,2,6,13,1,0,0,2,0,1,1,2,0,0,0,4,9,0,1,0,0,1,83,2026
Max Gawn,11966,ME,ES,6,14,1,8,22,1,0,34,2,3,4,11,6,5,2,0,19,7,0,0,5,0,0,85,2026
Blake Howes,13098,ME,ES,6,8,3,6,14,0,0,0,3,2,0,1,2,1,0,0,2,11,0,0,3,0,0,84,2026
Ed Langdon,12393,ME,ES,6,5,3,8,13,0,0,0,3,1,3,0,1,0,0,0,3,9,0,0,0,0,1,89,2026
Harvey Langford,13184,ME,ES,6,8,4,9,17,1,0,0,3,1,3,1,3,1,1,0,5,12,0,0,1,3,0,70,2026
Jake Lever,12351,ME,ES,6,16,10,2,18,0,0,0,2,7,0,0,4,0,2,0,1,14,0,0,1,0,0,84,2026
Xavier Lindsay,13185,ME,ES,6,13,0,3,16,0,0,0,2,4,2,0,2,1,0,0,4,9,0,0,1,0,1,74,2026
Tom McDonald,12009,ME,ES,6,12,10,3,15,0,0,0,2,2,3,0,5,0,2,0,2,12,0,0,6,1,0,100,2026
Jake Melksham,11820,ME,ES,6,2,1,3,5,0,0,0,1,0,1,0,1,0,1,0,0,4,0,0,3,0,0,73,2026
Brody Mihocek,12639,ME,ES,6,4,3,2,6,1,0,2,0,0,2,1,1,0,1,0,3,3,2,1,0,0,0,84,2026
Harry Petty,12653,ME,ES,6,4,5,3,7,0,1,3,1,1,1,1,1,0,0,0,4,2,3,1,0,0,0,76,2026
Kysaiah Pickett,12771,ME,ES,6,19,4,9,28,2,1,0,8,1,6,2,11,1,3,0,7,19,0,1,1,0,0,81,2026
Latrelle Pickett,13286,ME,ES,6,5,2,2,7,1,0,0,1,0,2,1,5,0,0,0,3,4,0,0,2,2,1,73,2026
Christian Salem,12272,ME,ES,6,11,1,1,12,0,0,0,2,3,3,0,1,0,0,0,3,6,0,0,0,0,0,51,2026
Harry Sharp,12864,ME,ES,6,9,3,5,14,1,1,0,2,0,6,0,1,1,0,0,6,8,0,0,0,0,0,73,2026
Tom Sparrow,12693,ME,ES,6,8,1,10,18,1,0,0,6,1,2,3,2,1,0,0,7,8,0,1,1,0,0,67,2026
Jack Steele,12368,ME,ES,6,12,5,16,28,0,1,0,5,1,3,6,5,1,1,0,12,15,0,1,1,0,0,75,2026
Koltyn Tholstrup,13123,ME,ES,6,13,3,9,22,0,0,0,1,4,2,0,5,2,2,0,5,14,0,0,1,0,0,85,2026
Daniel Turner,12996,ME,ES,6,10,7,7,17,0,0,0,2,5,2,0,4,1,0,0,9,8,1,0,8,0,1,96,2026
Jacob van Rooyen,13048,ME,ES,6,3,2,6,9,0,2,0,0,0,0,0,1,0,0,0,3,6,1,2,4,0,2,73,2026
Caleb Windsor,13099,ME,ES,6,7,4,0,7,0,0,0,3,0,3,1,2,0,0,0,2,4,0,0,2,1,0,82,2026
Lachlan Blakiston,13237,ES,ME,6,4,3,4,8,0,0,7,2,2,0,1,3,0,1,0,4,5,0,0,3,0,0,83,2026
Nate Caddy,13148,ES,ME,6,9,3,3,12,2,3,0,1,0,3,0,2,1,0,0,4,8,0,3,0,0,1,79,2026
Jye Caldwell,12755,ES,ME,6,9,0,7,16,0,0,0,4,1,3,6,2,0,0,0,8,8,0,0,0,0,1,68,2026
Archer Day-Wicks,13223,ES,ME,6,7,3,8,15,1,0,0,3,1,2,0,5,1,1,0,5,10,0,0,1,0,0,82,2026
Sam Durham,12925,ES,ME,6,11,6,5,16,1,0,0,1,1,4,0,2,0,1,0,5,13,1,0,1,1,1,74,2026
Xavier Duursma,12696,ES,ME,6,11,7,10,21,2,0,0,2,0,2,1,1,1,0,0,10,12,1,1,1,0,1,72,2026
Tom Edwards,13198,ES,ME,6,7,3,1,8,2,1,0,6,0,4,0,4,1,3,0,1,7,0,1,1,0,0,71,2026
Jacob Farrow,13299,ES,ME,6,16,12,6,22,0,1,0,1,2,2,1,2,1,0,0,3,19,0,0,0,1,1,78,2026
Jade Gresham,12415,ES,ME,6,10,4,3,13,1,1,0,1,0,2,1,1,2,1,0,5,6,0,1,0,0,0,77,2026
Isaac Kako,13177,ES,ME,6,6,2,13,19,2,0,0,3,1,3,0,2,0,0,0,8,10,0,1,2,3,2,79,2026
Kyle Langford,12349,ES,ME,6,16,8,11,27,0,1,0,2,5,2,2,3,0,0,0,10,17,2,0,1,0,0,83,2026
Archie May,13238,ES,ME,6,4,4,0,4,2,1,0,2,0,0,0,3,0,2,0,2,2,2,3,3,0,0,67,2026
Andrew McGrath,12491,ES,ME,6,6,1,7,13,0,0,0,2,2,2,3,0,1,0,0,5,8,0,0,1,0,1,74,2026
Ben McKay,12580,ES,ME,6,14,11,9,23,0,0,0,2,3,0,0,4,0,1,0,7,13,3,0,1,0,0,94,2026
Zach Merrett,12241,ES,ME,6,17,5,14,31,1,0,0,2,2,5,5,1,1,0,0,9,21,0,0,1,2,1,79,2026
Darcy Parish,12406,ES,ME,6,18,6,16,34,0,0,0,1,0,8,7,2,1,1,0,11,24,0,0,1,0,3,80,2026
Jaxon Prior,12874,ES,ME,6,12,10,5,17,0,0,0,3,6,1,0,2,1,0,0,3,15,0,0,3,0,0,82,2026
Zach Reid,12889,ES,ME,6,15,11,3,18,0,0,0,0,1,0,1,1,1,0,0,2,14,0,0,5,0,0,83,2026
Jordan Ridley,12631,ES,ME,6,17,11,9,26,0,0,0,1,1,1,1,0,0,0,0,6,19,0,0,2,0,0,78,2026
Archie Roberts,13168,ES,ME,6,32,15,10,42,1,0,0,0,9,3,2,5,0,1,0,10,28,0,0,0,1,0,88,2026
Sullivan Robey,13307,ES,ME,6,4,3,5,9,0,0,0,2,0,2,0,2,0,1,0,2,7,0,0,0,0,0,73,2026
Elijah Tsatas,13087,ES,ME,6,12,3,17,29,1,0,0,0,2,3,1,1,0,0,0,8,21,0,0,0,0,0,78,2026
Peter Wright,12366,ES,ME,6,15,8,3,18,1,0,14,4,0,2,8,2,3,2,0,14,9,2,1,5,0,0,76,2026
Joel Amartey,12844,SY,GC,6,5,5,2,7,0,3,1,2,0,1,1,1,1,0,0,3,5,1,3,3,0,1,77,2026
Riley Bice,13195,SY,GC,6,12,4,6,18,1,0,0,1,4,2,0,3,0,1,0,1,12,0,1,1,1,0,77,2026
Nick Blakey,12699,SY,GC,6,17,2,7,24,0,0,0,2,7,6,0,5,1,3,0,5,13,0,0,5,4,0,85,2026
Harry Cunningham,12015,SY,GC,6,7,3,6,13,1,1,0,4,0,1,1,0,1,0,0,2,11,0,2,3,0,0,70,2026
Charlie Curnow,12421,SY,GC,6,10,5,1,11,0,4,0,0,0,2,1,6,2,3,0,9,4,3,3,4,0,0,87,2026
Brodie Grundy,12217,SY,GC,6,5,4,15,20,0,1,36,12,1,0,7,9,3,5,0,10,10,0,1,2,1,0,84,2026
Joel Hamling,12359,SY,GC,6,6,3,8,14,0,0,0,3,4,0,0,1,2,1,0,7,7,0,0,4,0,0,94,2026
Isaac Heeney,12326,SY,GC,6,17,2,16,33,2,0,0,11,2,7,10,4,3,1,0,18,14,1,2,2,0,2,80,2026
James Jordon,12860,SY,GC,6,3,0,11,14,0,0,0,5,1,2,2,3,3,2,0,8,6,0,0,0,0,1,89,2026
Jake Lloyd,12268,SY,GC,6,8,2,3,11,0,0,0,3,0,3,1,3,1,0,0,5,6,0,0,0,0,0,83,2026
Tom McCartin,12627,SY,GC,6,11,7,13,24,0,0,0,0,7,1,0,3,4,1,0,11,13,2,0,6,0,0,93,2026
Logan McDonald,12861,SY,GC,6,5,4,4,9,1,2,2,0,2,0,0,1,0,0,0,3,5,2,3,0,0,0,61,2026
Justin McInerney,12711,SY,GC,6,12,5,15,27,1,1,0,2,4,6,6,5,1,1,0,8,18,0,1,2,0,2,89,2026
Callum Mills,12413,SY,GC,6,11,3,14,25,0,0,0,7,5,4,0,7,3,1,0,9,14,0,0,6,0,0,73,2026
Tom Papley,12412,SY,GC,6,11,2,6,17,3,3,0,7,0,3,1,2,2,0,0,8,8,0,0,2,0,0,73,2026
Dane Rampe,12140,SY,GC,6,9,2,8,17,0,0,0,3,5,2,1,3,1,0,0,5,10,0,0,5,0,1,69,2026
Matt Roberts,12994,SY,GC,6,16,4,9,25,0,0,0,3,2,2,2,5,1,1,0,9,16,0,0,0,0,0,86,2026
Malcolm Rosas,12903,SY,GC,6,7,1,5,12,2,0,0,3,0,2,0,0,0,0,0,3,8,0,0,1,3,1,77,2026
James Rowbottom,12714,SY,GC,6,6,0,9,15,0,0,0,10,0,3,3,2,2,1,0,6,9,0,0,0,0,0,63,2026
Jai Serong,13022,SY,GC,6,7,4,5,12,0,0,0,7,1,3,1,2,2,0,0,6,8,1,0,2,0,1,89,2026
Chad Warner,12797,SY,GC,6,12,1,10,22,2,0,0,6,0,9,6,9,2,2,0,13,9,0,0,1,0,0,75,2026
Corey Warner,13053,SY,GC,6,5,1,1,6,1,0,0,2,1,2,0,0,0,0,0,0,6,0,0,0,0,0,42,2026
Sam Wicks,12818,SY,GC,6,8,2,7,15,0,0,0,4,1,1,0,2,0,1,0,2,13,0,0,2,2,0,84,2026
Noah Anderson,12767,GC,SY,6,11,1,9,20,0,0,0,3,2,4,5,5,1,4,0,10,10,0,0,0,0,0,87,2026
Mac Andrew,13019,GC,SY,6,11,6,6,17,0,0,11,0,0,3,2,2,1,2,0,2,14,0,0,2,0,2,83,2026
Charlie Ballard,12625,GC,SY,6,4,1,4,8,0,0,0,2,2,0,0,0,1,0,0,3,5,0,0,4,0,0,70,2026
Sam Clohesy,13119,GC,SY,6,6,1,7,13,0,0,0,2,1,1,0,2,1,1,0,3,8,0,0,2,0,0,68,2026
Sam Collins,12444,GC,SY,6,5,4,7,12,0,0,0,1,1,1,0,2,1,1,0,4,7,0,0,6,0,0,94,2026
Alex Davies,12942,GC,SY,6,3,0,8,11,1,1,0,2,0,1,1,1,2,1,0,8,2,0,0,1,0,0,53,2026
Will Graham,13120,GC,SY,6,8,3,9,17,1,1,0,5,1,5,2,3,1,1,0,11,8,0,0,0,0,1,82,2026
Lachlan Gulbin,13272,GC,SY,6,3,0,3,6,0,0,0,4,0,1,0,3,1,0,0,7,1,0,0,2,0,1,74,2026
Joel Jeffrey,12933,GC,SY,6,5,1,6,11,0,0,0,2,1,3,1,1,1,1,0,4,7,0,0,3,1,0,62,2026
Ben King,12728,GC,SY,6,4,1,1,5,2,1,0,0,0,0,0,2,1,2,0,2,3,0,1,1,0,0,80,2026
Leo Lombard,13232,GC,SY,6,5,1,7,12,0,1,0,2,0,2,2,3,1,1,0,6,8,0,0,1,0,0,76,2026
Ben Long,12521,GC,SY,6,10,2,4,14,3,2,0,4,0,4,1,4,0,2,0,4,8,0,1,2,0,0,90,2026
Touk Miller,12331,GC,SY,6,10,3,16,26,0,0,0,3,3,4,6,7,0,2,0,12,14,0,0,0,0,0,83,2026
John Noble,12743,GC,SY,6,14,2,10,24,0,0,0,1,9,3,0,1,0,0,0,3,14,0,0,2,0,0,83,2026
Wil Powell,12652,GC,SY,6,10,7,4,14,0,1,0,3,6,3,1,4,0,1,0,4,10,0,0,2,0,0,80,2026
Ethan Read,13121,GC,SY,6,3,1,3,6,0,0,1,2,2,0,0,5,1,4,0,3,3,0,0,1,0,0,81,2026
Daniel Rioli,12403,GC,SY,6,5,3,5,10,0,0,0,2,1,2,0,1,0,0,0,1,8,0,0,1,1,0,75,2026
Matt Rowell,12768,GC,SY,6,16,3,16,32,0,0,0,7,2,8,8,7,2,5,0,17,14,0,0,0,0,1,90,2026
Bodhi Uwland,13041,GC,SY,6,20,3,6,26,0,0,0,1,7,1,2,2,2,0,0,8,9,0,0,3,0,0,90,2026
Zeke Uwland,13278,GC,SY,6,7,2,7,14,0,2,0,2,3,4,1,3,1,1,0,3,12,0,0,0,0,0,71,2026
Jed Walter,13114,GC,SY,6,6,2,1,7,2,1,1,0,0,0,0,2,2,2,0,6,2,0,2,3,0,0,66,2026
Lachie Weller,12385,GC,SY,6,6,3,9,15,0,0,0,2,4,3,1,2,1,1,0,5,7,0,0,2,2,0,87,2026
Jarrod Witts,12177,GC,SY,6,8,0,5,13,0,0,30,2,3,3,6,4,3,3,0,9,5,0,0,3,0,0,73,2026
Karl Amon,12357,HW,WB,6,17,7,7,24,0,0,0,0,7,1,0,1,0,0,0,3,15,0,0,0,3,0,80,2026
Tom Barrass,12383,HW,WB,6,10,9,2,12,0,0,0,2,1,1,0,4,1,3,0,6,7,3,0,6,0,0,83,2026
Josh Battle,12558,HW,WB,6,18,13,5,23,0,0,0,1,7,1,0,3,0,1,0,7,14,4,0,1,1,0,95,2026
Sam Butler,12988,HW,WB,6,7,4,2,9,0,0,0,7,1,2,0,4,0,1,0,4,7,0,0,0,0,0,75,2026
Mabior Chol,12485,HW,WB,6,1,0,0,1,0,0,0,1,0,0,0,0,0,0,0,1,0,0,0,1,0,0,19,2026
Massimo DAmbrosio,12998,HW,WB,6,20,8,1,21,0,0,0,4,3,8,2,0,0,0,0,1,19,0,0,1,2,0,76,2026
Jack Ginnivan,12927,HW,WB,6,19,9,9,28,1,1,0,1,2,6,4,3,0,0,0,11,18,1,0,2,0,5,87,2026
Jack Gunston,11845,HW,WB,6,6,4,2,8,3,2,0,1,0,0,0,0,1,0,0,3,4,1,4,0,0,0,81,2026
Blake Hardwick,12469,HW,WB,6,19,10,6,25,0,0,0,6,3,3,0,0,2,0,0,6,17,0,0,6,1,0,93,2026
Jarman Impey,12237,HW,WB,6,17,10,9,26,0,0,0,0,5,2,0,6,0,1,0,2,20,0,0,0,0,0,78,2026
Mitch Lewis,12636,HW,WB,6,12,10,6,18,3,2,0,1,0,4,0,1,2,0,0,9,9,4,4,2,0,1,81,2026
Connor Macdonald,12954,HW,WB,6,15,6,8,23,1,1,0,3,1,6,6,2,1,1,0,8,14,0,2,0,1,0,84,2026
Cam Mackenzie,13031,HW,WB,6,9,3,8,17,0,1,0,4,0,1,3,2,2,1,0,6,12,0,0,0,0,1,71,2026
Lloyd Meek,12856,HW,WB,6,6,3,10,16,1,0,24,5,0,1,4,0,1,0,0,11,5,2,0,3,0,0,64,2026
Dylan Moore,12710,HW,WB,6,8,2,15,23,2,1,0,2,0,2,0,4,1,1,0,6,17,0,0,1,1,2,94,2026
Conor Nash,12670,HW,WB,6,7,4,11,18,0,0,0,4,2,2,5,3,0,2,0,10,8,0,0,1,0,0,81,2026
Jai Newcombe,12915,HW,WB,6,11,3,17,28,1,0,0,4,1,4,14,2,3,1,0,19,10,0,0,0,0,0,76,2026
Flynn Perez,12841,HW,WB,6,5,1,8,13,0,0,0,3,0,1,0,0,0,0,0,3,11,0,0,2,0,0,80,2026
Ned Reeves,12906,HW,WB,6,2,0,2,4,1,0,40,2,0,0,1,1,0,1,0,3,0,0,0,1,0,1,63,2026
James Sicily,12332,HW,WB,6,18,13,6,24,0,0,0,2,9,3,0,2,2,0,0,4,18,1,0,2,3,0,95,2026
Josh Ward,12955,HW,WB,6,8,2,6,14,0,0,0,1,1,1,1,1,1,0,0,6,8,0,0,0,0,0,77,2026
Nick Watson,13105,HW,WB,6,7,2,5,12,1,2,0,3,0,2,2,0,0,0,0,5,7,1,0,2,2,2,84,2026
Josh Weddle,13057,HW,WB,6,8,3,7,15,1,2,0,4,0,3,1,3,1,0,0,8,7,2,2,0,2,0,84,2026
Oskar Baker,12723,WB,HW,6,4,1,2,6,0,0,0,0,0,1,0,0,0,0,0,2,4,0,0,0,0,0,53,2026
Marcus Bontempelli,12269,WB,HW,6,17,5,9,26,0,1,0,4,6,7,2,5,1,0,0,9,16,1,1,2,0,1,83,2026
Lachlan Bramble,12916,WB,HW,6,5,2,8,13,0,0,0,3,3,0,0,0,0,0,0,3,7,0,0,0,0,0,80,2026
Connor Budarick,12769,WB,HW,6,9,4,6,15,0,0,0,3,0,0,1,1,1,0,0,5,8,0,0,4,0,0,79,2026
Jordan Croft,13265,WB,HW,6,5,4,5,10,1,1,1,2,0,3,2,0,1,0,0,7,3,1,2,0,0,1,72,2026
Bailey Dale,12354,WB,HW,6,18,6,2,20,0,0,0,1,8,0,0,4,0,0,0,2,10,1,0,1,1,0,84,2026
Sam Darcy,13021,WB,HW,6,8,5,3,11,2,2,0,0,0,1,0,2,3,2,0,6,5,2,4,3,0,1,80,2026
Sam Davidson,13178,WB,HW,6,10,3,1,11,0,2,0,4,0,4,0,0,0,0,0,2,9,0,0,1,0,1,81,2026
Josh Dolan,13179,WB,HW,6,5,4,5,10,1,1,0,0,0,2,0,1,0,0,0,4,6,0,1,0,0,0,74,2026
Louis Emmett,13308,WB,HW,6,2,0,6,8,0,0,5,1,1,1,4,1,1,1,0,4,3,0,0,2,0,0,52,2026
Joel Freijah,13140,WB,HW,6,6,2,11,17,1,0,0,2,2,0,3,2,0,2,0,4,13,0,1,0,1,0,84,2026
Harvey Gallagher,13102,WB,HW,6,6,1,4,10,1,0,0,0,0,3,0,2,1,0,0,4,6,0,0,0,0,0,75,2026
Cooper Hynes,13213,WB,HW,6,6,1,9,15,1,1,0,5,1,1,0,4,0,2,0,4,11,0,0,0,0,1,71,2026
Matthew Kennedy,12455,WB,HW,6,13,4,9,22,0,0,0,8,0,5,7,4,0,2,0,9,12,0,0,1,0,0,79,2026
Buku Khamis,12900,WB,HW,6,7,3,2,9,0,0,0,1,2,0,0,3,0,1,0,1,9,0,0,6,0,0,94,2026
Rory Lobb,12282,WB,HW,6,6,3,2,8,0,0,11,3,3,2,0,1,0,1,0,4,4,0,0,8,0,0,95,2026
Aaron Naughton,12594,WB,HW,6,6,3,1,7,1,3,0,1,0,2,0,1,1,0,0,5,2,1,2,1,0,0,76,2026
James ODonnell,13061,WB,HW,6,9,7,3,12,0,0,0,1,3,2,0,1,1,0,0,2,10,1,0,12,0,0,91,2026
Ed Richards,12605,WB,HW,6,13,4,9,22,0,0,0,7,0,7,3,2,0,2,0,9,14,0,0,0,2,1,72,2026
Ryley Sanders,13103,WB,HW,6,7,4,18,25,0,0,0,7,1,2,7,5,2,2,0,13,12,0,0,0,0,0,80,2026
Michael Sellwood,13276,WB,HW,6,10,5,7,17,0,0,0,2,4,4,0,3,0,0,0,9,7,1,0,1,0,0,75,2026
Rhylee West,12748,WB,HW,6,16,4,5,21,0,4,0,2,1,3,2,3,1,3,0,7,14,0,1,1,0,1,78,2026
Bailey Williams,12441,WB,HW,6,13,6,9,22,0,0,0,1,3,3,0,1,0,0,0,6,17,0,0,0,0,0,91,2026
Bo Allan,13221,WC,GE,6,5,0,4,9,0,0,0,3,2,1,2,3,0,0,0,2,6,0,0,2,0,0,83,2026
Liam Baker,12661,WC,GE,6,6,2,7,13,1,0,0,5,1,2,2,5,1,3,0,8,5,0,0,0,0,1,79,2026
Sandy Brock,13209,WC,GE,6,5,1,5,10,0,0,0,0,3,0,0,5,1,3,0,6,7,1,0,1,0,0,86,2026
Hamish Davis,13210,WC,GE,6,10,6,7,17,0,0,0,1,4,2,1,2,0,1,0,6,12,0,0,0,1,0,77,2026
Cooper Duff-Tytler,13291,WC,GE,6,1,0,3,4,0,0,3,1,0,0,1,2,1,0,0,4,1,0,0,3,0,0,69,2026
Liam Duggan,12334,WC,GE,6,16,2,6,22,0,1,0,4,9,2,1,6,1,1,0,4,15,0,0,6,0,0,84,2026
Willem Duursma,13292,WC,GE,6,15,6,5,20,1,1,0,1,2,3,3,1,2,0,0,8,11,0,1,4,0,0,78,2026
Reuben Ginbey,13038,WC,GE,6,8,7,8,16,0,0,0,1,2,0,2,0,0,0,0,6,10,0,0,3,0,0,92,2026
Jack Graham,12576,WC,GE,6,5,0,9,14,1,0,0,6,1,2,2,4,1,3,0,6,7,0,0,0,0,0,69,2026
Elijah Hewett,13044,WC,GE,6,6,5,8,14,0,1,0,4,1,1,0,4,1,0,0,4,10,1,0,0,0,0,73,2026
Brady Hough,12957,WC,GE,6,6,4,3,9,0,0,0,1,2,3,0,2,0,0,0,1,8,0,0,2,0,1,75,2026
Tim Kelly,12595,WC,GE,6,13,3,9,22,0,2,0,3,2,7,4,4,0,2,0,7,16,0,0,1,0,2,75,2026
Josh Lindsay,13293,WC,GE,6,16,3,5,21,0,0,0,0,4,2,0,2,0,0,0,3,12,1,0,1,0,0,73,2026
Tom McCarthy,13240,WC,GE,6,24,1,4,28,0,0,0,0,8,3,1,4,1,1,0,1,15,0,0,0,1,0,78,2026
Matthew Owies,12839,WC,GE,6,4,2,3,7,1,0,0,4,0,1,0,1,0,0,0,3,3,0,1,0,0,0,72,2026
Archer Reid,13196,WC,GE,6,1,2,1,2,0,0,3,4,0,1,0,2,0,1,0,0,2,0,0,0,0,0,76,2026
Harley Reid,13111,WC,GE,6,10,3,12,22,1,0,0,2,1,3,6,11,2,5,0,12,8,0,1,3,3,1,83,2026
Deven Robertson,12774,WC,GE,6,7,3,8,15,0,0,0,3,0,3,1,1,1,0,0,7,8,0,0,1,0,1,61,2026
Harry Schoenberg,12813,WC,GE,6,6,2,5,11,1,1,0,3,0,0,1,4,1,0,0,5,5,0,1,0,0,0,82,2026
Jobe Shanahan,13247,WC,GE,6,8,6,1,9,4,0,0,0,1,2,0,0,0,0,0,2,8,0,3,3,0,0,91,2026
Jake Waterman,12601,WC,GE,6,10,6,2,12,1,3,0,1,0,4,0,0,2,0,0,3,9,0,2,2,0,1,86,2026
Bailey Williams,12836,WC,GE,6,7,4,13,20,0,0,35,4,3,0,7,0,5,0,0,17,5,2,0,3,0,0,75,2026
Tylar Young,13043,WC,GE,6,8,4,4,12,0,0,0,0,2,0,0,1,2,1,0,4,8,1,0,1,0,0,83,2026
Tom Atkins,12690,GE,WC,6,12,2,18,30,0,0,0,11,0,6,6,4,4,0,0,19,11,0,0,0,0,1,77,2026
Jack Bowes,12499,GE,WC,6,11,5,8,19,1,0,0,3,1,5,2,1,0,0,0,6,12,0,0,2,1,0,73,2026
Tanner Bruhn,12871,GE,WC,6,16,6,12,28,0,2,0,7,0,8,5,3,3,1,0,10,17,0,0,0,1,2,68,2026
Jeremy Cameron,12017,GE,WC,6,9,6,4,13,3,1,0,4,0,2,0,3,0,1,0,7,6,3,4,0,0,0,90,2026
Brad Close,12806,GE,WC,6,8,4,2,10,2,2,0,3,0,3,0,1,1,0,0,3,6,1,3,0,0,1,79,2026
Sam De Koning,12891,GE,WC,6,4,3,8,12,1,0,12,3,2,1,1,2,0,2,0,5,6,1,0,4,0,0,62,2026
Oliver Dempsey,12974,GE,WC,6,10,7,6,16,0,2,0,2,1,3,0,3,0,0,0,5,10,1,0,1,0,1,88,2026
Mitchell Edwards,13285,GE,WC,6,1,1,7,8,0,1,20,3,0,0,3,6,2,4,0,8,2,1,0,3,0,0,57,2026
Zach Guthrie,12551,GE,WC,6,9,3,4,13,0,0,0,2,0,0,0,0,0,0,0,4,11,0,0,8,0,0,80,2026
Oliver Henry,12851,GE,WC,6,7,2,3,10,2,2,0,2,0,1,0,1,3,1,0,7,3,0,2,0,0,1,88,2026
Max Holmes,12881,GE,WC,6,21,4,13,34,0,0,0,2,7,3,3,4,1,1,0,8,21,0,0,0,4,2,81,2026
Lawson Humphries,13160,GE,WC,6,13,7,5,18,0,0,0,1,2,4,0,2,1,0,0,3,14,0,0,1,0,0,87,2026
Jake Kolodjashnij,12370,GE,WC,6,8,5,4,12,0,0,0,0,1,1,0,6,0,2,0,3,9,2,0,4,0,0,72,2026
Shaun Mannagh,13104,GE,WC,6,7,3,1,8,0,1,0,3,0,3,1,3,0,1,0,1,6,1,1,0,0,0,84,2026
Gryan Miers,12689,GE,WC,6,9,3,10,19,0,0,0,1,0,1,1,0,0,0,0,6,13,0,0,1,0,0,79,2026
Oisin Mullin,13066,GE,WC,6,5,5,7,12,0,0,0,3,1,1,0,1,0,0,0,2,10,0,0,0,0,0,80,2026
Shannon Neale,12992,GE,WC,6,6,4,2,8,2,2,7,3,0,2,0,4,1,3,0,5,3,3,3,1,0,0,83,2026
Mark OConnor,12531,GE,WC,6,7,3,7,14,3,0,0,3,0,3,1,2,0,1,0,4,9,0,1,0,0,1,73,2026
Connor OSullivan,13122,GE,WC,6,14,12,5,19,0,1,0,1,7,0,0,5,1,0,0,5,15,0,0,6,0,0,91,2026
Bailey Smith,12692,GE,WC,6,24,4,10,34,1,1,0,5,1,15,7,4,2,0,0,11,22,0,1,1,2,2,84,2026
Tom Stewart,12505,GE,WC,6,12,2,2,14,0,0,0,2,5,1,0,6,1,3,0,4,7,0,0,7,0,0,84,2026
Oliver Wiltshire,13217,GE,WC,6,6,3,2,8,1,1,0,2,1,2,1,1,1,0,0,4,4,1,1,0,0,0,68,2026
James Worpel,12619,GE,WC,6,8,1,12,20,1,1,0,5,0,2,11,3,0,2,0,14,6,0,0,0,0,0,72,2026
Noah Balta,12686,RI,GW,6,9,8,5,14,0,1,0,3,2,2,0,4,0,1,0,4,10,2,0,5,0,0,86,2026
Sam Banks,13078,RI,GW,6,9,3,8,17,0,0,0,2,2,3,1,0,0,0,0,5,12,0,0,2,0,0,78,2026
Nathan Broad,12456,RI,GW,6,11,5,9,20,0,0,0,0,5,1,1,2,2,1,0,9,10,1,0,4,0,0,66,2026
Tom Brown,13096,RI,GW,6,11,5,4,15,0,0,0,1,3,2,0,1,0,1,0,3,6,0,0,1,0,0,78,2026
Seth Campbell,13100,RI,GW,6,12,4,4,16,1,1,0,2,0,5,2,3,1,1,0,8,8,1,1,2,0,1,77,2026
Jonty Faull,13214,RI,GW,6,1,1,1,2,0,0,0,0,0,0,0,1,0,0,0,2,1,0,0,2,0,0,84,2026
Liam Fawcett,13200,RI,GW,6,5,2,1,6,3,2,0,0,0,1,0,0,0,0,0,2,5,0,2,1,0,1,90,2026
Campbell Gray,13218,RI,GW,6,1,1,4,5,1,0,4,1,0,0,1,1,0,1,0,2,3,1,1,1,0,0,37,2026
Steely Green,13145,RI,GW,6,6,3,9,15,0,0,0,5,0,2,1,2,1,1,0,6,7,0,0,0,0,1,88,2026
Sam Grlj,13290,RI,GW,6,6,1,8,14,0,0,0,5,1,1,0,2,1,0,0,4,10,0,0,0,1,0,74,2026
Oliver Hayes-Brown,13309,RI,GW,6,3,1,7,10,0,0,15,1,1,3,4,1,1,0,0,8,2,0,0,1,0,0,63,2026
Jacob Hopper,12440,RI,GW,6,12,2,14,26,0,2,0,2,1,3,9,8,2,0,0,18,8,0,0,0,0,0,71,2026
Sam Lalor,13190,RI,GW,6,12,4,6,18,1,0,0,3,1,6,3,7,0,3,0,7,11,0,1,0,0,2,79,2026
Mykelti Lefau,13113,RI,GW,6,4,2,2,6,4,0,0,5,0,3,0,2,2,1,0,6,2,1,2,3,0,0,96,2026
Ben Miller,12941,RI,GW,6,12,9,3,15,0,0,0,0,5,1,0,2,1,2,0,5,10,0,0,12,0,0,94,2026
Dion Prestia,11917,RI,GW,6,8,6,12,20,0,0,0,2,2,3,3,7,0,2,0,6,16,0,0,1,0,0,78,2026
Maurice Rioli,12935,RI,GW,6,3,1,4,7,0,1,0,6,0,2,1,2,1,2,0,5,4,1,0,0,0,1,76,2026
Jack Ross,12712,RI,GW,6,9,5,10,19,0,0,0,6,0,7,2,3,3,1,0,8,12,0,0,3,0,2,81,2026
Jayden Short,12418,RI,GW,6,18,4,5,23,0,0,0,1,1,4,1,5,2,1,0,3,15,0,0,2,0,0,83,2026
Tyler Sonsie,13014,RI,GW,6,12,5,5,17,0,0,0,0,3,4,0,2,0,1,0,3,15,0,0,0,0,0,81,2026
Tim Taranto,12504,RI,GW,6,11,2,14,25,1,1,0,4,0,5,10,3,0,0,0,12,13,0,0,0,0,1,82,2026
Luke Trainor,13191,RI,GW,6,6,0,6,12,0,0,0,3,1,1,0,8,1,4,0,5,7,0,0,2,0,0,81,2026
Nick Vlastuin,12174,RI,GW,6,8,5,3,11,0,0,0,2,3,0,0,2,1,1,0,4,8,1,0,2,0,0,79,2026
Ryan Angwin,13001,GW,RI,6,7,0,7,14,2,0,0,1,1,1,0,1,0,1,0,4,12,0,0,1,0,0,81,2026
Lachie Ash,12782,GW,RI,6,22,4,13,35,0,0,0,0,8,2,4,4,1,0,0,8,23,0,0,1,2,0,83,2026
Toby Bedford,12772,GW,RI,6,7,5,6,13,2,1,0,3,0,0,0,1,2,0,0,4,9,0,1,0,0,1,63,2026
Jack Buckley,12846,GW,RI,6,11,6,2,13,0,0,0,0,6,1,0,1,2,0,0,4,8,1,0,7,0,0,83,2026
Aaron Cadman,13054,GW,RI,6,7,3,4,11,4,0,0,1,0,1,0,3,4,0,0,9,3,2,3,1,0,1,57,2026
Finn Callaghan,12969,GW,RI,6,14,4,23,37,0,0,0,5,4,5,6,9,3,4,0,17,23,0,0,0,0,1,80,2026
Stephen Coniglio,12028,GW,RI,6,3,1,4,7,0,0,0,2,0,1,1,1,0,1,0,1,7,0,0,0,0,0,40,2026
Brent Daniels,12656,GW,RI,6,9,4,5,14,3,0,0,0,0,4,1,3,1,1,0,7,8,0,0,1,0,1,62,2026
Joe Fonti,13164,GW,RI,6,8,4,6,14,0,0,0,4,5,0,0,5,1,2,0,2,10,0,0,3,2,0,82,2026
Phoenix Gothard,13279,GW,RI,6,8,3,10,18,1,0,0,3,0,2,0,2,2,2,0,3,16,0,1,1,2,3,84,2026
Toby Greene,12025,GW,RI,6,14,6,15,29,1,2,0,2,3,5,2,5,1,0,0,9,19,1,1,1,0,0,84,2026
Oliver Hannaford,13302,GW,RI,6,8,3,5,13,2,2,0,1,0,0,0,1,1,0,0,7,6,0,2,0,0,0,75,2026
Harry Himmelberg,12462,GW,RI,6,7,4,6,13,0,0,0,1,3,2,0,2,0,1,0,3,10,0,0,5,0,0,83,2026
Jesse Hogan,12321,GW,RI,6,9,6,0,9,2,2,0,1,0,4,0,1,2,0,0,4,5,2,3,1,0,1,83,2026
Connor Idun,12750,GW,RI,6,7,4,10,17,0,0,0,1,1,0,0,0,0,0,0,6,9,2,0,5,2,0,100,2026
Jayden Laverde,12377,GW,RI,6,9,7,11,20,0,0,0,0,2,0,0,2,0,1,0,5,15,2,0,7,0,0,89,2026
Nick Madden,13236,GW,RI,6,4,2,12,16,0,1,43,7,1,2,5,3,0,1,0,11,5,0,1,3,0,0,84,2026
Xavier OHalloran,12821,GW,RI,6,9,3,9,18,0,0,0,3,1,6,1,3,0,0,0,4,14,0,0,2,1,3,80,2026
Clayton Oliver,12410,GW,RI,6,10,1,21,31,0,0,0,5,6,3,8,3,0,2,0,15,15,0,0,1,0,1,81,2026
Jake Riccardi,12834,GW,RI,6,5,4,6,11,2,0,10,2,0,2,1,1,1,1,0,5,6,2,1,0,0,0,77,2026
Jake Stringer,12167,GW,RI,6,13,4,8,21,1,2,0,3,0,7,5,0,1,0,0,9,12,1,0,0,0,1,84,2026
Harvey Thomas,13101,GW,RI,6,9,3,11,20,0,0,0,4,3,3,0,2,2,0,0,9,11,0,0,2,1,0,86,2026
Lachie Whitfield,12143,GW,RI,6,14,9,17,31,0,0,0,3,4,3,1,4,0,2,0,6,20,0,0,0,0,0,79,2026
Aliir Aliir,12433,PA,SK,6,15,11,1,16,0,0,0,3,1,2,0,3,2,0,0,6,8,3,0,5,0,0,100,2026
Miles Bergman,12867,PA,SK,6,7,2,4,11,0,0,0,1,2,4,2,5,0,2,0,4,7,1,0,1,0,1,80,2026
Joe Berry,13188,PA,SK,6,8,4,5,13,1,1,0,2,0,2,1,3,1,1,0,4,11,0,1,2,0,0,74,2026
Jase Burgoyne,13007,PA,SK,6,13,5,2,15,0,1,0,2,2,3,2,3,1,2,0,8,7,1,1,0,0,0,90,2026
Zak Butters,12698,PA,SK,6,18,2,13,31,1,1,0,6,0,10,5,4,1,0,0,16,15,0,0,4,1,0,82,2026
Darcy Byrne-Jones,12422,PA,SK,6,14,6,7,21,1,0,0,0,3,2,1,3,0,0,0,6,14,1,1,3,0,0,70,2026
Willem Drew,12695,PA,SK,6,9,3,10,19,0,0,0,8,0,8,5,6,1,3,0,14,5,1,0,4,0,1,77,2026
Corey Durdin,12936,PA,SK,6,6,4,1,7,2,0,0,3,0,1,0,1,0,0,0,2,4,0,2,0,0,1,72,2026
Logan Evans,13156,PA,SK,6,15,5,6,21,0,0,0,4,4,1,0,3,1,1,0,5,12,0,0,6,0,0,83,2026
Kane Farrell,12664,PA,SK,6,17,9,3,20,0,0,0,4,3,0,0,7,0,1,0,5,13,0,0,2,0,0,86,2026
Mitch Georgiades,12766,PA,SK,6,10,6,5,15,2,2,0,0,0,2,0,5,0,2,0,5,9,3,5,1,0,1,97,2026
Jason Horne-Francis,12956,PA,SK,6,14,5,12,26,2,2,0,2,1,3,7,6,3,3,0,13,10,0,2,3,1,1,86,2026
Lachie Jones,12882,PA,SK,6,12,9,6,18,0,0,0,2,3,2,0,2,0,0,0,4,11,0,0,6,0,1,93,2026
Josh Lai,13301,PA,SK,6,6,4,3,9,0,0,0,0,1,0,1,1,1,1,0,4,6,1,0,2,0,0,68,2026
Jack Lukosius,12704,PA,SK,6,10,5,2,12,0,1,0,1,0,5,1,3,0,0,0,2,10,0,0,2,0,0,77,2026
Ewan Mackinlay,13269,PA,SK,6,9,5,6,15,0,1,0,7,0,0,0,0,2,0,0,4,11,0,0,0,0,0,69,2026
Todd Marshall,12575,PA,SK,6,11,7,2,13,0,0,0,1,4,3,0,1,0,0,0,1,9,0,0,1,0,0,75,2026
Joe Richards,13139,PA,SK,6,14,3,3,17,0,1,0,7,0,4,2,5,0,1,0,6,11,0,0,2,0,1,83,2026
Jordon Sweet,12890,PA,SK,6,4,0,7,11,0,0,32,1,1,1,5,4,1,3,0,12,1,0,0,2,0,0,77,2026
Jack Watkins,13289,PA,SK,6,8,1,5,13,0,0,0,1,1,2,0,4,0,0,0,4,7,0,0,0,0,0,54,2026
Jacob Wehr,12991,PA,SK,6,6,2,3,9,0,0,0,7,0,1,0,1,0,0,0,0,8,0,1,1,0,0,80,2026
Jack Whitlock,13259,PA,SK,6,4,4,2,6,0,1,2,2,0,1,0,2,0,0,0,1,6,0,0,1,0,0,61,2026
Ollie Wines,12150,PA,SK,6,11,5,15,26,0,0,0,6,1,3,2,7,2,3,0,13,14,0,0,1,0,1,66,2026
Hugh Boxshall,13220,SK,PA,6,8,2,1,9,0,0,0,9,1,1,1,2,2,1,0,5,3,0,0,1,0,0,79,2026
Dan Butler,12490,SK,PA,6,5,2,4,9,0,0,0,7,1,1,0,2,1,2,0,5,5,1,0,0,0,0,75,2026
Jack Carroll,12976,SK,PA,6,13,6,5,18,0,0,0,2,3,5,0,3,0,1,0,4,13,0,0,1,1,0,84,2026
Hunter Clark,12591,SK,PA,6,13,7,2,15,0,0,0,3,5,1,1,1,0,0,0,2,14,0,0,1,0,0,46,2026
Tom De Koning,12674,SK,PA,6,3,5,6,9,0,0,18,2,0,2,1,1,0,1,0,4,7,1,0,5,0,0,75,2026
Sam Flanders,12824,SK,PA,6,10,3,8,18,0,0,0,7,4,1,2,5,2,0,0,8,10,0,0,0,2,0,76,2026
Hugo Garcia,13125,SK,PA,6,18,4,8,26,1,0,0,4,3,2,10,4,2,0,0,14,12,0,0,1,0,0,62,2026
Max Hall,13193,SK,PA,6,4,1,10,14,1,0,0,2,1,1,1,2,2,1,0,11,5,0,0,2,0,1,80,2026
Jack Higgins,12609,SK,PA,6,4,2,3,7,0,1,0,2,0,0,0,2,0,1,0,1,6,0,0,1,0,0,76,2026
Bradley Hill,12060,SK,PA,6,16,8,5,21,0,0,0,4,3,1,0,4,0,1,0,5,19,0,0,2,0,0,82,2026
Rowan Marshall,12564,SK,PA,6,5,2,3,8,0,0,17,0,1,1,4,3,2,0,0,6,2,1,0,2,0,0,74,2026
Mitch Owens,12948,SK,PA,6,4,1,5,9,2,0,0,4,0,0,1,3,1,2,0,8,3,1,0,3,0,0,92,2026
Mattaes Phillipou,13036,SK,PA,6,7,2,8,15,2,3,0,5,0,2,2,1,0,0,0,3,12,0,2,0,0,0,65,2026
Liam Ryan,12600,SK,PA,6,7,2,1,8,1,2,0,3,0,2,1,1,2,1,0,5,4,0,0,0,0,0,71,2026
Cooper Sharman,12929,SK,PA,6,4,1,3,7,1,0,0,1,1,1,1,2,0,0,0,3,5,1,1,3,0,2,78,2026
Jack Silvagni,12458,SK,PA,6,12,8,6,18,1,0,0,1,3,3,0,1,0,0,0,10,9,2,0,8,0,0,92,2026
Jack Sinclair,12325,SK,PA,6,18,6,5,23,0,0,0,2,5,0,0,3,0,0,0,1,16,0,0,2,0,0,87,2026
Alix Tauru,13243,SK,PA,6,6,4,7,13,0,0,0,4,2,3,1,2,2,1,0,4,8,0,0,8,0,1,73,2026
Nasiah Wanganeen-Milera,12950,SK,PA,6,20,4,8,28,2,0,0,9,3,5,6,5,6,1,0,13,14,1,0,2,1,1,88,2026
Callum Wilkie,12703,SK,PA,6,20,15,3,23,0,0,0,5,5,1,0,2,0,0,0,3,19,1,0,3,0,0,100,2026
Darcy Wilson,13110,SK,PA,6,5,0,8,13,0,1,0,4,0,2,1,2,0,1,0,4,8,0,0,3,0,0,89,2026
Marcus Windhager,12967,SK,PA,6,18,3,6,24,0,0,0,2,8,3,2,7,1,1,0,12,13,0,0,2,0,0,78,2026
Mason Wood,12312,SK,PA,6,4,2,3,7,1,0,0,1,1,1,0,4,0,1,0,4,4,0,1,2,0,1,78,2026
Ben Ainsworth,12498,CA,CW,7,10,4,9,19,2,1,0,1,0,3,0,4,1,1,0,2,19,0,2,0,0,1,85,2026
Talor Byrne,13297,CA,CW,7,5,4,3,8,0,2,0,3,0,1,2,3,3,0,0,4,6,1,1,3,1,0,69,2026
Matt Carroll,13212,CA,CW,7,13,6,4,17,2,1,0,1,0,5,0,1,1,0,0,7,10,1,2,2,0,0,87,2026
Adam Cerra,12603,CA,CW,7,11,4,11,22,0,1,0,4,3,1,1,4,0,0,0,9,13,0,0,0,0,0,72,2026
Lachlan Cowan,13028,CA,CW,7,12,8,8,20,0,0,0,2,4,3,0,1,0,0,0,3,16,0,0,1,2,0,72,2026
Patrick Cripps,12261,CA,CW,7,7,2,18,25,0,0,0,6,1,3,5,3,0,2,0,11,13,0,0,3,0,0,81,2026
Harry Dean,13273,CA,CW,7,7,5,6,13,0,0,0,0,2,0,1,0,0,0,0,5,9,1,0,5,0,0,79,2026
Francis Evans,12873,CA,CW,7,8,2,2,10,1,0,0,5,2,3,0,2,1,2,0,3,7,0,1,0,0,3,74,2026
Oliver Florent,12497,CA,CW,7,17,3,6,23,0,0,0,4,6,2,2,2,0,1,0,6,13,0,0,2,0,0,87,2026
Nick Haynes,12091,CA,CW,7,11,5,7,18,0,0,0,1,4,0,1,2,1,0,0,6,12,0,0,3,0,0,91,2026
Will Hayward,12509,CA,CW,7,9,5,7,16,1,0,0,2,0,4,0,3,1,1,0,7,9,2,1,0,0,1,75,2026
Elijah Hollands,13016,CA,CW,7,1,0,0,1,0,0,0,0,0,0,0,0,0,0,0,0,1,0,0,0,0,0,60,2026
Oliver Hollands,13029,CA,CW,7,7,6,9,16,0,0,0,2,3,1,1,3,0,1,0,5,12,0,0,1,0,0,92,2026
Brodie Kemp,12937,CA,CW,7,10,8,6,16,2,1,0,0,1,2,0,5,0,2,0,7,10,1,3,0,0,0,92,2026
Mitch McGovern,12404,CA,CW,7,5,1,2,7,3,0,0,4,0,0,0,1,1,1,0,1,6,0,1,1,0,1,75,2026
Harry McKay,12566,CA,CW,7,9,5,3,12,1,4,0,0,0,1,0,3,3,1,0,6,6,1,2,0,0,1,75,2026
Nic Newman,12508,CA,CW,7,18,6,6,24,0,0,0,4,1,2,0,1,1,0,0,4,16,1,0,0,0,0,79,2026
Marc Pittonet,12417,CA,CW,7,11,2,10,21,0,0,20,4,1,0,5,4,0,1,0,12,5,1,0,1,0,0,75,2026
Jagga Smith,13274,CA,CW,7,9,1,11,20,0,0,0,3,1,2,4,1,0,0,0,7,13,0,0,2,0,0,64,2026
Sam Walsh,12684,CA,CW,7,11,7,17,28,0,0,0,7,5,5,4,4,0,3,0,9,18,0,0,0,1,1,84,2026
Jacob Weitering,12402,CA,CW,7,13,9,7,20,0,0,0,2,5,0,0,2,1,0,0,7,13,0,0,8,0,0,96,2026
Zac Williams,12175,CA,CW,7,17,6,9,26,0,0,0,4,4,3,2,1,0,0,0,9,14,0,0,0,0,1,73,2026
Lewis Young,12559,CA,CW,7,5,2,3,8,0,0,7,3,2,3,1,3,0,1,0,2,5,2,0,5,0,0,64,2026
Edward Allan,13146,CW,CA,7,6,4,4,10,0,0,0,4,1,1,0,1,1,0,0,4,6,0,0,0,0,0,62,2026
Angus Anderson,13306,CW,CA,7,12,3,5,17,0,0,0,5,1,6,2,4,3,0,0,5,10,0,0,1,0,2,69,2026
Darcy Cameron,12660,CW,CA,7,14,6,4,18,0,0,20,5,1,0,4,2,3,1,0,10,8,2,0,1,0,1,78,2026
Jack Crisp,12061,CW,CA,7,10,7,11,21,0,0,0,4,1,5,2,2,0,0,0,6,15,0,0,1,0,0,83,2026
Josh Daicos,12573,CW,CA,7,15,8,11,26,0,1,0,2,2,4,0,3,0,1,0,5,20,0,1,0,0,0,82,2026
Nick Daicos,12943,CW,CA,7,15,6,24,39,1,1,0,2,0,8,8,2,2,0,0,16,20,0,0,1,0,2,94,2026
Jamie Elliott,12083,CW,CA,7,11,2,7,18,3,1,0,1,0,2,1,5,0,2,0,4,11,0,2,3,0,1,87,2026
Billy Frampton,12676,CW,CA,7,10,10,4,14,0,0,0,1,3,0,0,2,2,1,0,3,11,0,0,6,0,0,96,2026
Will Hayes,13228,CW,CA,7,4,3,2,6,1,0,0,1,1,1,0,0,1,0,0,3,4,0,1,0,0,0,50,2026
Dan Houston,12495,CW,CA,7,18,12,7,25,0,1,0,2,3,3,1,2,0,1,0,2,23,0,0,0,0,0,75,2026
Jeremy Howe,11967,CW,CA,7,20,9,2,22,0,0,0,0,7,1,0,3,1,2,0,3,15,1,0,3,0,1,97,2026
Patrick Lipinski,12578,CW,CA,7,14,7,13,27,1,1,0,3,2,7,0,2,2,0,0,7,20,0,0,1,0,0,79,2026
Ned Long,13023,CW,CA,7,10,4,12,22,0,1,0,5,0,3,4,3,0,0,0,8,12,0,1,0,0,0,71,2026
Brayden Maynard,12371,CW,CA,7,14,6,4,18,0,0,0,4,3,1,0,1,1,0,0,5,10,0,0,5,0,0,82,2026
Beau McCreery,12876,CW,CA,7,9,1,6,15,1,0,0,7,1,4,3,2,1,1,0,8,7,0,0,1,1,0,67,2026
Daniel McStay,12291,CW,CA,7,5,5,2,7,2,0,0,0,0,1,0,6,0,2,0,1,6,0,2,1,0,0,74,2026
Tim Membrey,12300,CW,CA,7,6,4,3,9,2,0,0,1,0,2,0,0,0,0,0,1,8,0,0,1,0,2,86,2026
Scott Pendlebury,4182,CW,CA,7,10,6,14,24,0,0,0,3,1,0,4,0,0,0,0,5,19,0,0,3,0,0,79,2026
Harry Perryman,12536,CW,CA,7,17,11,10,27,0,1,0,3,1,3,0,3,0,1,0,6,19,1,0,4,1,1,83,2026
Isaac Quaynor,12740,CW,CA,7,7,4,4,11,0,0,0,0,0,0,0,1,0,1,0,2,8,0,0,3,1,0,82,2026
Lachie Schultz,12700,CW,CA,7,10,8,4,14,0,1,0,4,0,3,0,4,0,0,0,2,13,0,0,0,0,0,80,2026
Roan Steele,13248,CW,CA,7,11,6,7,18,0,1,0,2,2,2,2,3,0,1,0,4,12,0,0,1,0,0,73,2026
Oscar Steene,13298,CW,CA,7,4,4,4,8,2,0,15,3,0,1,0,1,1,0,0,3,4,2,3,0,0,0,72,2026
Oskar Baker,12723,WB,GE,7,6,5,7,13,2,2,0,2,0,1,0,3,1,3,0,3,9,0,4,2,3,0,76,2026
Marcus Bontempelli,12269,WB,GE,7,5,0,9,14,0,0,0,0,1,4,2,2,1,2,0,10,7,0,0,4,0,1,86,2026
Lachlan Bramble,12916,WB,GE,7,8,1,3,11,0,0,0,0,2,1,0,2,0,1,0,2,5,0,0,0,0,0,87,2026
Jordan Croft,13265,WB,GE,7,4,4,7,11,2,0,3,1,0,1,0,4,0,1,0,2,10,0,2,2,0,0,76,2026
Bailey Dale,12354,WB,GE,7,21,4,8,29,0,0,0,3,7,4,1,3,0,0,0,5,14,0,0,1,2,1,88,2026
Sam Darcy,13021,WB,GE,7,3,2,2,5,0,0,2,1,0,0,1,2,0,1,0,5,0,2,0,0,0,0,28,2026
Sam Davidson,13178,WB,GE,7,12,3,7,19,0,1,0,1,3,2,1,1,3,1,0,8,12,1,1,1,0,0,82,2026
Louis Emmett,13308,WB,GE,7,4,2,9,13,0,0,10,4,0,2,2,3,1,1,0,9,6,0,0,2,0,0,64,2026
Joel Freijah,13140,WB,GE,7,9,7,7,16,0,0,0,2,0,3,2,4,0,1,0,6,12,0,0,3,1,0,91,2026
Cooper Hynes,13213,WB,GE,7,7,4,6,13,0,0,0,4,2,3,1,2,1,0,0,7,8,0,1,3,0,0,73,2026
Lachie Jaques,13275,WB,GE,7,7,2,3,10,0,0,0,4,0,2,0,1,0,1,0,1,7,0,0,1,0,1,74,2026
Matthew Kennedy,12455,WB,GE,7,11,5,16,27,0,0,0,7,4,2,9,4,0,3,0,14,14,0,0,1,0,0,86,2026
Buku Khamis,12900,WB,GE,7,5,4,3,8,0,0,0,3,2,0,1,3,1,1,0,1,8,0,0,5,0,0,100,2026
Will Lewis,13284,WB,GE,7,6,4,4,10,1,0,0,2,0,4,1,4,2,0,0,3,7,0,1,1,0,2,84,2026
Tom Liberatore,11898,WB,GE,7,7,2,6,13,0,0,0,5,3,3,1,0,0,0,0,2,10,0,0,1,0,0,37,2026
Rory Lobb,12282,WB,GE,7,6,4,1,7,0,1,10,0,3,0,0,2,0,0,0,2,5,0,0,6,0,0,86,2026
Aaron Naughton,12594,WB,GE,7,5,3,5,10,3,0,1,1,0,0,0,4,1,1,0,5,7,1,2,2,0,0,87,2026
James ODonnell,13061,WB,GE,7,5,2,2,7,0,0,1,0,4,0,0,1,2,1,0,5,2,0,0,6,0,0,72,2026
Ed Richards,12605,WB,GE,7,14,3,16,30,0,0,0,13,3,3,6,7,1,1,0,10,20,0,0,0,4,0,83,2026
Ryley Sanders,13103,WB,GE,7,11,1,14,25,0,0,0,4,2,3,5,4,2,1,0,10,16,0,0,1,0,1,83,2026
Michael Sellwood,13276,WB,GE,7,10,2,1,11,0,0,0,6,6,0,2,2,3,1,0,5,4,0,0,3,0,0,84,2026
Rhylee West,12748,WB,GE,7,7,2,10,17,0,0,0,5,1,2,1,2,1,0,0,8,8,0,2,1,0,1,86,2026
Bailey Williams,12441,WB,GE,7,15,8,11,26,0,0,0,3,5,1,1,3,1,0,0,5,20,0,0,1,0,0,86,2026
Tom Atkins,12690,GE,WB,7,3,2,13,16,0,0,0,7,0,4,3,0,0,0,0,8,8,0,0,1,0,0,72,2026
Mark Blicavs,12153,GE,WB,7,3,2,10,13,0,0,23,9,1,1,3,1,2,1,0,10,4,1,0,3,0,1,82,2026
Jack Bowes,12499,GE,WB,7,13,6,10,23,0,3,0,2,0,5,0,5,1,1,0,5,17,0,2,0,0,2,75,2026
Tanner Bruhn,12871,GE,WB,7,7,6,9,16,0,1,0,5,2,1,1,2,2,1,0,5,11,0,0,1,0,0,78,2026
Jeremy Cameron,12017,GE,WB,7,16,10,2,18,10,1,0,0,0,2,0,3,1,1,0,4,13,2,7,2,0,0,91,2026
Patrick Dangerfield,11700,GE,WB,7,10,6,9,19,2,3,0,1,0,2,3,4,1,1,0,8,11,1,5,0,0,1,71,2026
Sam De Koning,12891,GE,WB,7,7,7,7,14,0,0,0,2,1,0,1,2,1,0,0,4,10,0,0,4,0,0,72,2026
Oliver Dempsey,12974,GE,WB,7,14,5,13,27,1,0,0,2,4,3,1,2,1,1,0,2,22,0,0,1,0,0,82,2026
Mitchell Edwards,13285,GE,WB,7,4,1,5,9,0,0,33,3,0,0,2,1,1,1,0,2,5,0,0,4,0,0,62,2026
Zach Guthrie,12551,GE,WB,7,15,7,10,25,0,0,0,3,3,1,0,4,1,1,0,6,20,0,0,2,0,0,73,2026
Oliver Henry,12851,GE,WB,7,5,1,4,9,1,0,0,1,0,3,0,4,0,2,0,2,8,0,0,0,0,0,91,2026
Max Holmes,12881,GE,WB,7,18,7,10,28,0,0,0,1,4,5,1,2,0,1,0,5,22,0,0,0,1,2,81,2026
Lawson Humphries,13160,GE,WB,7,19,8,5,24,1,0,0,3,2,4,0,4,1,1,0,10,14,1,0,1,0,0,79,2026
Jake Kolodjashnij,12370,GE,WB,7,7,2,7,14,1,0,0,1,2,3,0,2,0,1,0,5,9,0,0,7,1,0,77,2026
Shaun Mannagh,13104,GE,WB,7,17,1,4,21,0,0,0,4,1,8,5,3,2,0,0,10,11,0,0,0,1,1,83,2026
Jack Martin,12236,GE,WB,7,12,9,6,18,1,2,0,2,1,2,1,4,1,1,0,5,13,0,4,0,0,3,73,2026
Oisin Mullin,13066,GE,WB,7,10,5,3,13,0,2,0,5,1,4,0,3,0,1,0,1,12,0,1,0,0,1,79,2026
Shannon Neale,12992,GE,WB,7,8,3,4,12,1,1,3,4,0,3,1,1,2,0,0,9,5,1,0,3,0,1,82,2026
Connor OSullivan,13122,GE,WB,7,3,1,7,10,0,0,0,0,1,0,0,0,0,0,0,3,6,0,0,4,0,0,86,2026
Bailey Smith,12692,GE,WB,7,24,8,9,33,1,0,0,7,2,6,11,6,3,2,0,16,15,0,2,2,0,1,85,2026
Tom Stewart,12505,GE,WB,7,10,2,5,15,0,0,0,4,3,2,0,2,1,0,0,4,7,0,0,2,2,0,75,2026
Oliver Wiltshire,13217,GE,WB,7,3,0,3,6,0,1,0,0,0,1,0,1,0,1,0,1,5,0,0,3,0,0,85,2026
James Worpel,12619,GE,WB,7,9,4,7,16,0,0,0,7,3,7,2,3,0,3,0,7,9,0,0,0,0,1,66,2026
Joel Amartey,12844,SY,GW,7,6,2,2,8,2,0,1,3,0,1,1,4,1,2,0,5,3,0,2,2,0,0,74,2026
Riley Bice,13195,SY,GW,7,12,7,9,21,0,0,0,0,1,2,0,2,1,1,0,4,14,1,0,3,6,0,73,2026
Nick Blakey,12699,SY,GW,7,22,4,12,34,1,1,0,3,8,6,2,7,2,1,0,8,23,0,0,6,12,1,81,2026
Harry Cunningham,12015,SY,GW,7,7,3,6,13,0,0,0,5,0,4,0,1,1,0,0,3,9,1,0,2,0,2,84,2026
Charlie Curnow,12421,SY,GW,7,7,3,3,10,3,0,0,0,0,3,0,1,1,0,0,6,5,1,1,3,0,1,85,2026
Brodie Grundy,12217,SY,GW,7,10,4,17,27,0,1,37,6,3,4,7,8,1,3,0,11,15,1,0,4,1,1,81,2026
Joel Hamling,12359,SY,GW,7,4,3,5,9,0,0,0,0,3,0,0,1,0,0,0,5,3,2,0,7,0,0,95,2026
Isaac Heeney,12326,SY,GW,7,14,3,14,28,0,0,0,5,2,2,7,5,5,0,0,16,12,0,0,0,0,0,76,2026
James Jordon,12860,SY,GW,7,8,2,10,18,2,0,0,2,0,6,4,1,0,0,0,9,11,1,1,2,0,0,82,2026
Jake Lloyd,12268,SY,GW,7,6,4,5,11,1,0,0,2,1,1,0,2,1,1,0,4,7,0,1,0,1,0,87,2026
Tom McCartin,12627,SY,GW,7,15,12,10,25,0,0,0,1,4,1,0,5,1,3,0,6,18,1,0,5,0,0,100,2026
Logan McDonald,12861,SY,GW,7,4,2,5,9,2,0,3,2,0,2,0,2,1,1,0,2,7,0,1,1,0,1,76,2026
Justin McInerney,12711,SY,GW,7,10,4,16,26,2,0,0,2,3,5,3,3,2,0,0,7,19,0,0,1,0,2,73,2026
Callum Mills,12413,SY,GW,7,10,6,11,21,0,0,0,1,8,0,0,2,1,1,0,3,13,0,0,4,0,0,72,2026
Tom Papley,12412,SY,GW,7,9,3,3,12,1,0,0,3,0,7,2,2,0,1,0,3,8,0,0,2,2,1,80,2026
Matt Roberts,12994,SY,GW,7,14,3,9,23,0,1,0,0,4,4,4,1,4,0,0,13,10,0,1,2,1,0,84,2026
Malcolm Rosas,12903,SY,GW,7,8,1,5,13,1,0,0,4,1,1,3,2,0,0,0,10,3,0,0,1,0,0,72,2026
James Rowbottom,12714,SY,GW,7,9,3,7,16,0,0,0,6,3,3,3,4,1,1,0,4,12,0,1,0,0,1,67,2026
Jai Serong,13022,SY,GW,7,6,5,7,13,0,0,0,3,1,2,3,0,0,0,0,3,11,0,0,1,0,0,83,2026
Angus Sheldrick,12951,SY,GW,7,8,0,12,20,1,0,0,7,1,4,3,3,0,1,0,6,12,0,0,0,0,1,53,2026
Chad Warner,12797,SY,GW,7,14,4,12,26,1,0,0,2,1,7,3,3,0,1,0,9,17,0,0,3,3,2,77,2026
Corey Warner,13053,SY,GW,7,5,2,3,8,0,0,0,0,1,3,0,1,0,1,0,1,8,0,0,1,0,1,58,2026
Sam Wicks,12818,SY,GW,7,11,5,10,21,0,0,0,3,5,2,1,4,1,1,0,8,14,0,0,1,1,0,84,2026
Leek Aleer,13020,GW,SY,7,6,4,8,14,1,1,10,2,0,4,1,1,2,0,0,11,4,2,1,6,0,0,78,2026
Ryan Angwin,13001,GW,SY,7,5,3,13,18,0,0,0,1,1,1,0,4,1,2,0,8,10,1,0,1,0,0,83,2026
Lachie Ash,12782,GW,SY,7,19,8,10,29,0,0,0,3,8,3,1,3,1,0,0,4,25,0,0,0,1,0,80,2026
Toby Bedford,12772,GW,SY,7,4,0,10,14,1,1,0,3,0,1,0,2,0,0,0,4,8,0,0,0,0,1,72,2026
Callum Brown,12910,GW,SY,7,1,1,3,4,0,0,1,3,0,3,0,2,0,2,0,2,2,0,0,1,0,0,59,2026
Jack Buckley,12846,GW,SY,7,8,2,3,11,0,0,0,2,2,0,0,4,2,1,0,3,7,0,0,8,0,0,92,2026
Finn Callaghan,12969,GW,SY,7,11,0,15,26,1,0,0,3,3,5,3,9,0,2,0,10,18,0,0,3,1,0,82,2026
Joe Fonti,13164,GW,SY,7,8,5,7,15,0,0,0,5,2,0,0,2,0,1,0,7,8,1,0,3,1,0,80,2026
Phoenix Gothard,13279,GW,SY,7,11,3,9,20,2,1,0,7,1,6,2,2,1,1,0,8,12,0,2,3,1,1,78,2026
Toby Greene,12025,GW,SY,7,19,2,8,27,0,5,0,0,2,8,3,9,2,4,0,12,16,0,1,0,0,1,77,2026
Oliver Hannaford,13302,GW,SY,7,7,4,4,11,0,1,0,1,1,2,0,4,0,1,0,1,10,0,1,0,0,0,61,2026
Harry Himmelberg,12462,GW,SY,7,7,2,16,23,0,0,0,1,3,0,1,3,0,0,0,12,10,1,0,3,0,0,82,2026
Connor Idun,12750,GW,SY,7,5,3,10,15,0,0,0,4,2,0,0,2,1,0,0,7,9,0,0,1,0,0,100,2026
Jayden Laverde,12377,GW,SY,7,13,4,7,20,0,0,0,6,5,0,0,3,1,1,0,7,10,1,0,7,0,0,95,2026
Nick Madden,13236,GW,SY,7,4,2,8,12,0,1,19,3,0,1,1,2,4,1,0,10,4,1,0,3,0,0,56,2026
Toby McMullin,13088,GW,SY,7,4,1,3,7,0,0,0,3,1,0,0,1,0,1,0,3,4,0,0,1,0,0,64,2026
Xavier OHalloran,12821,GW,SY,7,6,1,6,12,0,0,0,2,3,3,0,2,1,1,0,4,7,0,0,2,0,0,75,2026
Clayton Oliver,12410,GW,SY,7,13,4,24,37,0,0,0,5,4,5,9,3,0,2,0,18,19,0,0,2,0,0,81,2026
Jake Riccardi,12834,GW,SY,7,6,1,2,8,3,1,2,2,0,2,0,3,1,0,0,3,5,1,0,3,0,0,96,2026
Harry Rowston,13045,GW,SY,7,15,5,6,21,0,0,0,5,5,4,1,3,1,0,0,5,14,0,0,0,0,2,71,2026
Jake Stringer,12167,GW,SY,7,10,3,4,14,0,2,0,1,0,4,1,3,1,1,0,8,6,0,2,0,0,0,79,2026
Harvey Thomas,13101,GW,SY,7,11,4,8,19,0,1,0,1,2,4,1,2,0,2,0,7,11,1,0,1,0,0,78,2026
Lachie Whitfield,12143,GW,SY,7,17,7,12,29,0,0,0,2,7,3,1,1,0,1,0,5,21,0,0,3,0,0,81,2026
Oscar Adams,13251,GC,ES,7,1,4,10,11,0,0,0,0,0,0,0,1,0,0,0,2,9,0,0,6,0,0,70,2026
Mac Andrew,13019,GC,ES,7,6,4,5,11,0,1,5,4,0,2,0,1,1,0,0,5,5,2,0,3,0,1,74,2026
Charlie Ballard,12625,GC,ES,7,5,5,1,6,0,0,0,0,1,0,0,3,0,1,0,3,4,2,0,4,0,0,68,2026
Sam Collins,12444,GC,ES,7,11,10,4,15,0,0,0,2,6,1,0,1,0,0,0,5,9,2,0,3,1,0,93,2026
Will Graham,13120,GC,ES,7,4,3,6,10,0,0,0,2,1,4,1,1,0,0,0,4,6,0,0,1,1,1,76,2026
Bailey Humphrey,13049,GC,ES,7,11,6,8,19,0,3,0,6,0,7,2,4,1,2,0,8,11,1,3,0,0,2,81,2026
Joel Jeffrey,12933,GC,ES,7,6,2,12,18,0,0,0,0,5,1,1,1,0,0,0,5,13,0,0,0,1,0,82,2026
Ben King,12728,GC,ES,7,7,6,1,8,3,2,0,0,0,1,0,1,1,1,0,1,7,0,5,1,0,0,92,2026
Leo Lombard,13232,GC,ES,7,2,3,8,10,0,0,0,0,0,4,0,1,0,0,0,5,6,0,0,1,1,0,73,2026
Ben Long,12521,GC,ES,7,10,5,2,12,2,1,0,2,0,3,0,2,0,2,0,4,10,0,2,1,0,4,82,2026
Touk Miller,12331,GC,ES,7,12,2,14,26,1,1,0,6,2,5,4,5,2,0,0,11,14,0,0,2,0,0,88,2026
John Noble,12743,GC,ES,7,13,1,12,25,0,0,0,1,5,1,1,4,2,2,0,5,17,0,0,0,0,0,79,2026
Christian Petracca,12430,GC,ES,7,10,4,15,25,3,1,0,3,1,3,6,6,0,2,0,12,13,0,3,0,1,2,81,2026
Wil Powell,12652,GC,ES,7,13,4,6,19,0,2,0,9,4,5,2,4,0,2,0,3,15,0,0,0,0,0,80,2026
Ethan Read,13121,GC,ES,7,9,5,7,16,2,2,2,1,0,1,2,2,0,1,0,7,10,2,3,1,0,0,78,2026
Daniel Rioli,12403,GC,ES,7,11,3,12,23,0,0,0,1,2,3,0,1,0,0,0,4,17,0,0,0,1,0,78,2026
Jake Rogers,13126,GC,ES,7,5,2,5,10,1,0,0,0,1,2,0,1,0,0,0,5,5,0,0,0,0,0,62,2026
Matt Rowell,12768,GC,ES,7,15,1,20,35,0,0,0,4,2,3,5,8,3,3,0,17,17,0,0,1,0,1,82,2026
Bodhi Uwland,13041,GC,ES,7,17,5,7,24,0,0,0,1,3,4,0,5,1,0,0,3,18,0,0,4,0,0,81,2026
Zeke Uwland,13278,GC,ES,7,8,4,6,14,1,0,0,1,2,2,0,2,0,1,0,2,13,0,0,1,0,0,69,2026
Jed Walter,13114,GC,ES,7,8,2,1,9,2,1,1,1,0,3,0,4,2,1,0,4,4,1,1,0,0,0,67,2026
Lachie Weller,12385,GC,ES,7,9,1,12,21,2,0,0,3,0,3,1,3,1,1,0,10,11,0,0,1,3,2,87,2026
Jarrod Witts,12177,GC,ES,7,6,4,8,14,0,0,36,4,2,2,4,2,1,1,0,8,7,0,0,0,0,0,75,2026
Lachlan Blakiston,13237,ES,GC,7,6,3,1,7,0,0,8,1,0,2,0,4,1,1,0,4,4,1,0,4,0,0,81,2026
Nate Caddy,13148,ES,GC,7,5,2,4,9,1,1,0,2,0,1,0,3,0,1,0,1,7,0,1,2,1,1,93,2026
Jye Caldwell,12755,ES,GC,7,15,7,8,23,1,2,0,6,1,4,4,4,1,2,0,11,14,0,1,2,0,0,77,2026
Archer Day-Wicks,13223,ES,GC,7,6,4,4,10,0,0,0,5,3,2,1,2,1,1,0,4,9,0,0,4,1,1,75,2026
Sam Durham,12925,ES,GC,7,8,1,9,17,0,0,0,5,0,5,1,0,2,0,0,7,9,0,0,0,0,1,80,2026
Xavier Duursma,12696,ES,GC,7,8,5,5,13,2,0,0,2,1,0,1,1,2,0,0,7,6,1,1,0,0,0,75,2026
Tom Edwards,13198,ES,GC,7,6,2,2,8,2,0,0,1,0,2,0,1,1,0,0,3,4,2,0,1,0,1,64,2026
Saad El-Hawli,13203,ES,GC,7,9,4,5,14,1,0,0,6,1,0,2,4,0,0,0,5,8,0,0,1,0,0,78,2026
Jacob Farrow,13299,ES,GC,7,12,4,5,17,0,0,0,0,7,1,0,1,0,0,0,4,9,0,0,0,0,0,77,2026
Jade Gresham,12415,ES,GC,7,7,5,3,10,1,1,0,3,0,0,0,0,0,0,0,1,8,0,1,0,0,1,83,2026
Isaac Kako,13177,ES,GC,7,6,1,7,13,2,0,0,3,0,3,0,4,1,1,0,6,8,0,1,2,1,0,83,2026
Kyle Langford,12349,ES,GC,7,14,5,7,21,0,0,0,1,5,1,1,4,1,1,0,5,12,0,0,3,1,0,82,2026
Archie May,13238,ES,GC,7,7,5,0,7,2,0,0,8,0,4,0,3,1,0,0,5,3,2,2,1,0,1,84,2026
Andrew McGrath,12491,ES,GC,7,10,2,9,19,1,0,0,5,0,6,3,0,1,0,0,9,10,0,0,0,2,2,82,2026
Ben McKay,12580,ES,GC,7,3,3,3,6,0,0,0,2,1,0,0,1,0,1,0,2,4,1,0,7,0,0,90,2026
Zach Merrett,12241,ES,GC,7,22,9,12,34,1,1,0,8,7,3,2,5,1,2,0,9,19,1,2,2,2,1,86,2026
Darcy Parish,12406,ES,GC,7,18,5,12,30,0,0,0,5,1,10,11,5,2,2,0,15,15,0,0,0,1,1,82,2026
Zach Reid,12889,ES,GC,7,10,6,2,12,0,0,0,0,2,0,0,1,1,1,0,2,8,0,0,4,0,0,82,2026
Jordan Ridley,12631,ES,GC,7,9,7,2,11,0,0,0,0,1,2,0,2,0,0,0,0,9,0,0,1,0,1,40,2026
Archie Roberts,13168,ES,GC,7,24,7,9,33,0,0,0,1,7,4,2,3,2,0,0,6,20,0,0,0,1,0,80,2026
Sullivan Robey,13307,ES,GC,7,7,2,4,11,2,0,0,4,0,3,1,4,1,0,0,3,11,0,1,1,0,0,74,2026
Elijah Tsatas,13087,ES,GC,7,9,7,16,25,0,0,0,3,1,2,7,1,0,1,0,10,15,0,0,0,0,1,74,2026
Peter Wright,12366,ES,GC,7,6,2,9,15,1,1,10,1,4,0,1,3,1,1,0,8,7,0,1,1,0,0,79,2026
Karl Amon,12357,HW,PA,7,12,4,5,17,0,0,0,1,2,1,0,1,0,0,0,0,13,0,0,0,1,0,87,2026
Tom Barrass,12383,HW,PA,7,8,6,4,12,0,0,0,2,3,1,0,2,0,2,0,4,8,1,0,3,0,0,84,2026
Josh Battle,12558,HW,PA,7,12,9,7,19,0,0,0,2,6,1,0,1,1,0,0,7,11,2,0,6,1,0,97,2026
Sam Butler,12988,HW,PA,7,6,2,4,10,0,2,0,6,1,1,1,2,0,1,0,2,7,0,0,1,0,0,71,2026
Massimo DAmbrosio,12998,HW,PA,7,9,8,5,14,0,1,0,1,3,2,0,0,1,0,0,6,10,3,1,0,1,1,86,2026
Calsher Dear,13135,HW,PA,7,9,5,5,14,2,2,0,2,0,3,0,0,2,0,0,10,5,0,3,1,0,1,77,2026
Jack Ginnivan,12927,HW,PA,7,15,5,5,20,1,1,0,1,0,4,1,3,1,1,0,7,13,0,0,0,0,1,78,2026
Blake Hardwick,12469,HW,PA,7,12,8,7,19,0,0,0,3,4,2,0,2,1,1,0,4,14,1,0,3,0,0,93,2026
Jarman Impey,12237,HW,PA,7,17,13,6,23,0,0,0,4,2,5,1,6,0,1,0,3,20,0,0,1,0,0,85,2026
Mitch Lewis,12636,HW,PA,7,11,7,4,15,3,1,0,3,0,2,1,1,1,0,0,7,9,3,3,2,0,0,84,2026
Connor Macdonald,12954,HW,PA,7,10,4,5,15,0,0,0,5,0,5,0,7,0,2,0,6,9,0,1,0,0,0,74,2026
Cam Mackenzie,13031,HW,PA,7,5,3,9,14,0,0,0,3,1,3,2,0,0,0,0,6,9,0,0,1,0,1,57,2026
Will McCabe,13311,HW,PA,7,4,4,2,6,1,1,0,0,0,2,0,0,0,0,0,0,6,0,1,0,0,0,63,2026
Lloyd Meek,12856,HW,PA,7,2,1,5,7,0,0,25,2,1,2,3,3,0,2,0,3,5,0,0,0,0,0,48,2026
Dylan Moore,12710,HW,PA,7,12,3,6,18,1,0,0,2,0,4,1,7,0,2,0,4,13,0,0,1,0,1,88,2026
Conor Nash,12670,HW,PA,7,10,0,10,20,0,0,0,8,3,1,6,2,0,0,0,9,10,0,0,3,0,2,83,2026
Jai Newcombe,12915,HW,PA,7,11,4,13,24,0,0,0,7,2,3,4,3,3,1,0,10,15,0,0,3,0,1,85,2026
Flynn Perez,12841,HW,PA,7,6,3,3,9,0,0,0,4,0,2,0,1,2,0,0,4,7,0,0,2,0,1,65,2026
Ned Reeves,12906,HW,PA,7,7,1,3,10,0,1,24,6,0,1,5,2,1,1,0,6,4,0,1,0,0,0,52,2026
James Sicily,12332,HW,PA,7,10,4,7,17,0,0,0,4,3,1,1,4,1,2,0,7,11,0,0,1,0,0,94,2026
Josh Ward,12955,HW,PA,7,7,2,7,14,0,0,0,2,0,0,4,1,1,0,0,6,7,0,1,0,0,0,81,2026
Nick Watson,13105,HW,PA,7,8,2,5,13,5,0,0,0,0,1,0,2,4,1,0,7,6,0,0,0,1,0,80,2026
Josh Weddle,13057,HW,PA,7,14,8,5,19,0,2,0,2,0,5,1,3,0,0,0,2,17,1,1,2,0,0,85,2026
Aliir Aliir,12433,PA,HW,7,6,5,8,14,0,0,0,1,2,0,0,3,0,1,0,7,8,0,0,4,0,0,100,2026
Miles Bergman,12867,PA,HW,7,13,9,6,19,0,0,0,2,3,2,0,3,2,1,0,6,12,1,0,1,1,0,84,2026
Joe Berry,13188,PA,HW,7,8,7,10,18,0,1,0,4,1,6,1,2,1,2,0,8,12,0,0,0,0,1,81,2026
Jase Burgoyne,13007,PA,HW,7,14,6,2,16,1,0,0,2,2,5,1,3,1,1,0,5,12,0,1,0,0,1,79,2026
Zak Butters,12698,PA,HW,7,17,4,18,35,1,0,0,5,1,2,5,4,3,1,0,16,19,1,0,0,1,0,86,2026
Darcy Byrne-Jones,12422,PA,HW,7,9,6,6,15,0,0,0,1,4,1,1,1,1,0,0,4,12,0,0,2,0,1,82,2026
Willem Drew,12695,PA,HW,7,8,4,11,19,0,0,0,5,1,3,9,2,0,0,0,11,9,0,0,2,0,0,77,2026
Corey Durdin,12936,PA,HW,7,5,3,0,5,1,0,0,3,0,2,0,1,1,0,0,1,4,0,1,2,0,2,84,2026
Logan Evans,13156,PA,HW,7,2,2,3,5,0,0,0,3,0,1,0,3,2,2,0,2,6,0,0,0,0,0,84,2026
Kane Farrell,12664,PA,HW,7,15,5,3,18,0,0,0,0,5,2,0,3,0,2,0,0,13,0,0,1,3,0,78,2026
Mitch Georgiades,12766,PA,HW,7,6,5,4,10,2,1,0,2,0,0,1,3,0,1,0,4,6,1,3,0,0,1,95,2026
Jason Horne-Francis,12956,PA,HW,7,20,7,8,28,2,2,0,5,3,4,3,6,1,2,0,5,22,1,3,0,1,1,83,2026
Lachie Jones,12882,PA,HW,7,9,2,3,12,1,0,0,0,3,1,0,4,1,2,0,4,8,0,0,4,0,0,87,2026
Josh Lai,13301,PA,HW,7,4,1,1,5,0,0,0,3,1,1,1,2,0,1,0,1,5,0,0,3,0,0,73,2026
Ewan Mackinlay,13269,PA,HW,7,10,4,2,12,2,0,0,1,1,3,1,0,1,0,0,4,8,1,0,2,2,0,72,2026
Todd Marshall,12575,PA,HW,7,14,8,4,18,0,0,0,1,9,1,0,2,0,0,0,4,9,1,0,1,1,0,79,2026
Christian Moraes,13199,PA,HW,7,5,2,6,11,0,0,0,1,1,0,2,1,0,0,0,3,7,0,0,0,0,0,41,2026
Joe Richards,13139,PA,HW,7,9,2,6,15,0,0,0,4,0,5,1,4,0,1,0,2,13,0,0,0,0,1,87,2026
Jordon Sweet,12890,PA,HW,7,6,1,4,10,0,2,21,2,0,1,5,1,1,0,0,4,5,0,0,7,0,0,74,2026
Dante Visentini,13073,PA,HW,7,1,0,1,2,0,0,14,4,0,0,1,2,0,1,0,2,0,0,0,6,0,0,67,2026
Jacob Wehr,12991,PA,HW,7,9,6,2,11,0,0,0,3,1,3,0,0,1,0,0,1,10,0,0,1,0,1,62,2026
Jack Whitlock,13259,PA,HW,7,5,4,3,8,2,1,0,4,0,0,0,2,1,1,0,5,3,2,3,3,0,0,80,2026
Ollie Wines,12150,PA,HW,7,8,4,11,19,1,0,0,3,0,2,3,1,0,0,0,6,12,0,1,2,0,2,66,2026
Hugh Boxshall,13220,SK,AD,7,3,1,9,12,0,0,0,2,2,1,2,3,0,0,0,7,5,0,0,3,0,0,68,2026
Dan Butler,12490,SK,AD,7,5,1,3,8,2,0,0,0,0,0,1,1,0,0,0,2,5,0,1,0,0,0,58,2026
Jack Carroll,12976,SK,AD,7,9,5,2,11,0,0,0,2,2,2,1,1,0,0,0,2,9,0,0,1,0,0,89,2026
Hunter Clark,12591,SK,AD,7,11,5,7,18,0,0,0,1,3,1,0,1,0,1,0,4,14,1,0,2,0,0,47,2026
Tom De Koning,12674,SK,AD,7,3,4,5,8,1,1,4,0,0,1,1,3,1,2,0,6,2,2,2,1,0,1,58,2026
Sam Flanders,12824,SK,AD,7,17,5,13,30,0,0,0,2,2,3,4,2,2,1,0,7,23,0,0,2,3,0,76,2026
Hugo Garcia,13125,SK,AD,7,13,6,11,24,0,0,0,5,1,4,7,4,0,2,0,12,12,0,0,2,0,0,78,2026
Max Hall,13193,SK,AD,7,7,3,4,11,0,0,0,2,0,3,3,0,0,0,0,3,8,0,0,0,0,1,81,2026
Jack Higgins,12609,SK,AD,7,5,3,3,8,4,0,0,1,0,0,0,0,0,0,0,5,5,0,3,2,0,0,79,2026
Bradley Hill,12060,SK,AD,7,15,6,8,23,1,1,0,2,0,3,1,2,0,1,0,3,20,0,0,5,0,0,85,2026
Rowan Marshall,12564,SK,AD,7,7,5,18,25,0,0,22,2,0,4,7,4,2,0,0,16,10,1,1,3,0,0,88,2026
Mitch Owens,12948,SK,AD,7,5,2,5,10,2,2,0,4,0,1,2,2,0,0,0,4,5,1,1,0,0,0,90,2026
Mattaes Phillipou,13036,SK,AD,7,5,1,5,10,0,1,0,3,0,1,1,2,0,0,0,7,3,1,0,1,0,0,63,2026
Liam Ryan,12600,SK,AD,7,7,5,0,7,1,2,0,0,0,2,0,0,0,0,0,1,5,0,4,1,0,2,69,2026
Cooper Sharman,12929,SK,AD,7,7,5,3,10,1,3,1,1,0,1,0,1,0,0,0,4,6,1,3,2,0,1,89,2026
Jack Silvagni,12458,SK,AD,7,4,4,4,8,0,0,0,1,1,0,0,8,0,5,0,2,7,1,0,6,0,0,100,2026
Jack Sinclair,12325,SK,AD,7,21,7,14,35,0,0,0,1,4,7,5,3,1,0,0,9,23,0,0,1,0,2,87,2026
Liam Stocker,12721,SK,AD,7,4,5,5,9,0,0,0,1,1,0,0,4,0,1,0,1,8,0,0,3,0,0,67,2026
Nasiah Wanganeen-Milera,12950,SK,AD,7,22,2,6,28,0,1,0,3,7,3,3,8,2,2,0,6,14,0,0,0,1,2,86,2026
Callum Wilkie,12703,SK,AD,7,23,12,8,31,0,0,0,2,9,0,0,2,1,0,0,9,17,3,0,7,0,0,100,2026
Darcy Wilson,13110,SK,AD,7,10,4,14,24,2,1,0,2,1,3,0,3,2,1,0,5,18,0,0,0,2,1,72,2026
Marcus Windhager,12967,SK,AD,7,14,7,6,20,0,0,0,4,3,4,0,1,0,0,0,3,16,0,0,0,0,0,85,2026
Mason Wood,12312,SK,AD,7,12,4,5,17,1,0,0,3,3,3,1,3,2,1,0,6,12,0,1,2,0,0,86,2026
Sam Berry,12849,AD,SK,7,10,0,10,20,0,1,0,7,1,3,6,4,1,0,0,13,11,0,0,3,2,0,71,2026
Hugh Bond,13165,AD,SK,7,11,5,4,15,0,0,0,0,1,1,0,1,0,0,0,3,12,0,0,2,0,0,81,2026
Jordon Butts,12829,AD,SK,7,9,4,9,18,0,0,0,2,2,2,0,3,0,1,0,8,10,1,0,10,0,0,96,2026
Brayden Cook,12932,AD,SK,7,14,7,5,19,1,0,0,1,1,7,1,2,0,1,0,3,17,0,0,2,2,2,81,2026
Isaac Cumming,12629,AD,SK,7,1,0,4,5,0,0,0,2,0,2,3,0,0,0,0,5,1,0,0,4,0,0,75,2026
Charlie Edwards,13310,AD,SK,7,12,4,6,18,0,1,0,2,0,3,5,5,0,3,0,6,14,0,0,1,1,1,72,2026
Ben Keays,12434,AD,SK,7,8,1,2,10,2,1,0,6,0,2,1,2,1,1,0,5,4,0,1,0,1,1,89,2026
Rory Laird,12165,AD,SK,7,17,5,9,26,0,0,0,2,4,3,2,2,0,0,0,6,17,0,0,0,0,0,73,2026
Finnbar Maley,13219,AD,SK,7,2,3,5,7,1,0,6,3,0,0,0,1,0,0,0,2,5,1,2,2,0,0,53,2026
Lachlan McAndrew,13065,AD,SK,7,4,1,5,9,0,0,29,3,0,2,6,1,2,1,0,7,1,0,0,0,0,0,75,2026
Max Michalanney,13027,AD,SK,7,9,7,4,13,0,0,0,2,4,0,1,0,0,0,0,3,10,0,0,2,0,0,78,2026
Wayne Milera,12405,AD,SK,7,20,9,9,29,0,0,0,3,5,0,1,2,0,0,0,5,20,1,0,0,0,0,81,2026
Nick Murray,12872,AD,SK,7,10,6,3,13,0,0,0,1,3,1,0,1,1,0,0,5,8,0,0,8,0,1,93,2026
Luke Nankervis,13081,AD,SK,7,4,2,2,6,0,0,0,2,1,0,0,3,0,2,0,3,4,0,0,2,0,0,63,2026
Alex Neal-Bullen,12367,AD,SK,7,11,6,5,16,0,2,0,2,1,1,1,0,1,0,0,2,15,0,2,1,0,1,86,2026
James Peatling,12934,AD,SK,7,16,5,8,24,1,0,0,8,1,5,3,1,2,0,0,8,15,0,0,1,1,1,71,2026
Luke Pedlar,12921,AD,SK,7,7,3,6,13,0,1,0,0,1,2,1,0,2,0,0,4,8,0,1,0,0,0,59,2026
Josh Rachele,12953,AD,SK,7,12,2,8,20,1,0,0,2,1,5,4,5,1,2,0,7,12,0,0,1,0,0,85,2026
Izak Rankine,12798,AD,SK,7,13,2,7,20,1,3,0,1,1,4,4,4,1,1,0,12,8,1,1,1,1,1,85,2026
Zac Taylor,13159,AD,SK,7,10,3,3,13,0,1,0,2,0,7,0,3,2,0,0,4,11,0,0,1,1,1,67,2026
Riley Thilthorpe,12892,AD,SK,7,13,7,1,14,3,3,0,1,0,2,0,3,2,0,0,7,6,3,5,1,0,0,90,2026
Taylor Walker,11713,AD,SK,7,11,7,1,12,5,0,0,4,0,1,0,5,2,1,0,5,8,1,3,5,0,0,87,2026
Josh Worrell,12912,AD,SK,7,17,11,11,28,0,0,0,2,4,3,0,0,0,0,0,3,20,0,0,4,1,0,87,2026
Tom Blamires,13287,NM,RI,7,16,3,5,21,0,1,0,1,1,6,0,2,0,0,0,3,13,0,0,2,0,1,79,2026
Callum Coleman-Jones,12730,NM,RI,7,8,4,7,15,0,0,13,3,0,1,8,8,0,3,0,10,7,0,0,2,0,0,56,2026
Charlie Comben,12938,NM,RI,7,7,7,8,15,0,0,0,1,2,0,0,1,1,0,0,7,8,1,0,3,0,0,90,2026
Aidan Corr,12181,NM,RI,7,5,6,8,13,0,0,0,0,2,0,0,0,0,0,0,3,10,0,0,3,0,0,80,2026
Paul Curtis,12975,NM,RI,7,10,6,3,13,6,0,0,4,0,2,1,6,2,3,0,5,8,1,5,0,0,1,71,2026
Caleb Daniel,12373,NM,RI,7,20,3,12,32,0,0,0,0,3,2,1,3,0,2,0,3,23,0,0,0,1,1,90,2026
Jack Darling,11905,NM,RI,7,8,5,12,20,1,0,6,4,1,0,4,0,1,0,0,13,7,1,1,1,0,0,69,2026
Luke Davies-Uniacke,12590,NM,RI,7,12,3,14,26,1,0,0,3,2,10,4,2,1,0,0,8,20,0,0,1,1,3,79,2026
Lachy Dovaston,13288,NM,RI,7,4,2,2,6,0,1,0,1,0,3,2,2,0,1,0,2,4,0,1,0,0,1,71,2026
Zane Duursma,13106,NM,RI,7,4,1,0,4,2,1,0,0,0,0,1,3,1,2,0,2,3,0,1,3,0,0,69,2026
Nick Larkey,12563,NM,RI,7,5,3,2,7,2,1,0,2,0,3,0,2,1,0,0,4,3,2,1,1,0,0,97,2026
Griffin Logue,12511,NM,RI,7,5,5,5,10,0,0,0,2,0,0,0,1,0,0,0,4,6,1,0,4,0,0,87,2026
Luke McDonald,12246,NM,RI,7,16,9,9,25,0,0,0,2,7,2,0,1,0,0,0,2,22,0,0,2,0,1,88,2026
Colby McKercher,13107,NM,RI,7,14,4,12,26,1,0,0,3,3,4,0,6,0,2,0,2,23,0,0,0,10,1,79,2026
Luke Parker,11953,NM,RI,7,18,6,8,26,0,0,0,1,9,2,1,4,0,1,0,7,16,1,0,2,3,1,86,2026
Tom Powell,12866,NM,RI,7,9,9,9,18,1,1,0,2,1,1,1,1,0,0,0,2,15,0,1,1,0,0,75,2026
Harry Sheezel,13034,NM,RI,7,19,8,20,39,1,3,0,2,2,6,7,6,1,1,0,16,23,1,3,1,1,1,75,2026
Jy Simpkin,12502,NM,RI,7,13,3,11,24,0,0,0,4,1,4,3,6,0,3,0,4,20,0,1,1,1,2,84,2026
Charlie Spargo,12622,NM,RI,7,5,3,5,10,1,0,0,0,0,2,0,0,0,0,0,1,9,0,1,1,0,1,67,2026
Dylan Stephens,12796,NM,RI,7,13,6,8,21,1,0,0,3,3,4,2,3,1,1,0,5,14,0,1,1,2,0,83,2026
Cooper Trembath,13263,NM,RI,7,4,4,5,9,3,0,12,3,0,0,0,0,1,0,0,3,6,2,3,3,0,0,84,2026
George Wardlaw,13064,NM,RI,7,11,5,14,25,0,0,0,5,1,1,3,4,1,2,0,13,13,0,0,4,0,0,62,2026
Cameron Zurhaar,12557,NM,RI,7,18,11,5,23,0,0,0,4,4,5,0,2,0,0,0,4,17,1,0,2,2,2,80,2026
Noah Balta,12686,RI,NM,7,6,6,5,11,1,0,0,0,0,1,0,3,0,0,0,3,8,2,2,2,0,0,95,2026
Sam Banks,13078,RI,NM,7,0,0,0,0,0,0,0,1,0,0,0,1,0,1,0,0,1,0,0,0,0,0,5,2026
Nathan Broad,12456,RI,NM,7,12,8,6,18,0,0,0,0,5,1,0,2,1,0,0,4,12,1,0,5,1,0,83,2026
Seth Campbell,13100,RI,NM,7,9,6,5,14,2,2,0,1,2,0,1,2,1,0,0,4,10,1,3,1,0,0,91,2026
Jonty Faull,13214,RI,NM,7,3,0,2,5,0,0,2,0,1,0,0,3,0,0,0,1,4,0,0,3,0,0,94,2026
Liam Fawcett,13200,RI,NM,7,1,0,0,1,0,0,0,0,0,0,0,2,0,1,0,1,0,0,0,1,0,0,82,2026
Campbell Gray,13218,RI,NM,7,5,3,1,6,0,0,1,2,2,0,0,1,2,1,0,2,4,0,0,4,0,0,85,2026
Steely Green,13145,RI,NM,7,2,1,4,6,1,0,0,2,0,0,0,3,0,1,0,3,3,0,1,1,0,0,88,2026
Sam Grlj,13290,RI,NM,7,10,2,6,16,0,0,0,2,3,2,0,1,1,0,0,0,14,0,0,0,2,1,70,2026
Sam Lalor,13190,RI,NM,7,9,6,13,22,1,0,0,1,1,6,4,1,1,0,0,7,15,0,1,0,0,2,79,2026
Mykelti Lefau,13113,RI,NM,7,5,3,0,5,0,1,4,3,0,1,1,0,0,0,0,0,3,0,2,2,0,0,88,2026
Kane McAuliffe,13117,RI,NM,7,13,5,10,23,0,1,0,7,2,4,3,3,3,3,0,9,14,0,0,2,0,1,74,2026
Ben Miller,12941,RI,NM,7,5,2,1,6,0,0,0,2,5,0,0,2,0,1,0,1,4,0,0,10,1,0,98,2026
Dion Prestia,11917,RI,NM,7,8,4,14,22,0,1,0,5,0,5,2,4,0,1,0,10,14,0,0,0,0,1,76,2026
Hugo Ralphsmith,12902,RI,NM,7,9,3,3,12,0,1,0,1,1,4,2,2,0,0,0,2,9,0,0,3,0,0,93,2026
Patrick Retschko,13313,RI,NM,7,9,6,4,13,0,0,0,3,3,2,0,0,0,0,0,1,12,0,0,1,2,0,87,2026
Maurice Rioli,12935,RI,NM,7,1,1,1,2,0,1,0,2,0,0,0,0,0,0,0,0,2,0,1,0,0,0,34,2026
Jack Ross,12712,RI,NM,7,10,6,16,26,2,0,0,8,0,6,8,4,2,1,0,18,11,1,0,3,2,0,87,2026
Samson Ryan,12918,RI,NM,7,9,3,4,13,0,0,24,4,1,6,4,4,3,1,0,8,4,2,0,3,0,0,86,2026
Jayden Short,12418,RI,NM,7,19,8,7,26,0,1,0,0,5,5,1,0,3,0,0,5,18,0,0,0,0,0,86,2026
Tyler Sonsie,13014,RI,NM,7,7,6,3,10,0,1,0,2,1,2,0,1,1,0,0,4,7,0,1,1,0,0,90,2026
Tim Taranto,12504,RI,NM,7,4,1,6,10,0,1,0,0,0,2,3,1,2,0,0,9,1,1,0,0,0,0,45,2026
Nick Vlastuin,12174,RI,NM,7,9,2,4,13,0,1,0,4,2,2,1,2,1,0,0,7,4,0,0,4,1,0,85,2026
Bo Allan,13221,WC,FR,7,10,7,7,17,0,1,0,1,1,4,2,4,0,1,0,5,11,1,0,0,0,0,80,2026
Liam Baker,12661,WC,FR,7,8,3,7,15,2,1,0,3,1,1,0,7,1,3,0,8,8,0,2,1,0,0,78,2026
Sandy Brock,13209,WC,FR,7,7,6,3,10,0,0,0,0,5,0,1,1,0,0,0,4,7,0,0,8,0,0,90,2026
Jamie Cripps,11937,WC,FR,7,7,4,2,9,0,1,0,3,0,3,0,1,1,0,0,4,5,0,0,2,0,0,77,2026
Hamish Davis,13210,WC,FR,7,6,5,6,12,0,0,0,2,2,2,0,2,0,1,0,5,7,1,0,1,0,1,73,2026
Cooper Duff-Tytler,13291,WC,FR,7,6,3,4,10,0,0,2,2,0,4,2,2,3,0,0,5,5,0,0,2,0,0,69,2026
Liam Duggan,12334,WC,FR,7,18,8,3,21,0,0,0,0,4,5,1,2,0,0,0,4,17,0,0,1,0,0,79,2026
Willem Duursma,13292,WC,FR,7,11,6,9,20,0,0,0,4,0,4,1,4,0,0,0,7,14,0,0,0,0,1,80,2026
Reuben Ginbey,13038,WC,FR,7,12,7,2,14,0,0,0,1,7,0,0,2,1,1,0,5,9,1,0,3,0,0,88,2026
Elijah Hewett,13044,WC,FR,7,1,1,2,3,0,0,0,3,0,0,1,1,0,1,0,2,1,0,0,0,0,0,68,2026
Brady Hough,12957,WC,FR,7,8,7,3,11,0,0,0,5,3,0,1,1,0,0,0,1,10,0,0,0,0,0,80,2026
Tim Kelly,12595,WC,FR,7,7,3,17,24,0,0,0,1,0,2,4,5,2,1,0,14,9,0,0,0,0,0,73,2026
Josh Lindsay,13293,WC,FR,7,15,1,4,19,1,0,0,0,2,1,0,1,0,0,0,3,10,0,0,2,0,0,84,2026
Tom McCarthy,13240,WC,FR,7,21,9,7,28,0,0,0,3,5,3,1,4,0,1,0,7,16,1,0,2,2,1,88,2026
Milan Murdock,13294,WC,FR,7,9,1,10,19,0,2,0,8,1,2,2,1,2,0,0,10,9,0,0,0,0,0,66,2026
Archer Reid,13196,WC,FR,7,2,0,2,4,0,0,3,0,0,0,0,0,1,0,0,3,1,0,0,4,0,1,76,2026
Harley Reid,13111,WC,FR,7,13,2,7,20,0,1,0,3,0,6,3,6,3,2,0,9,10,1,0,0,0,1,81,2026
Harry Schoenberg,12813,WC,FR,7,9,5,7,16,0,0,0,1,1,3,0,0,0,0,0,1,15,0,0,1,0,0,71,2026
Jobe Shanahan,13247,WC,FR,7,4,3,2,6,0,0,0,2,1,0,0,0,1,0,0,3,3,1,0,0,0,0,88,2026
Jake Waterman,12601,WC,FR,7,11,11,4,15,1,4,0,2,0,2,0,0,0,0,0,8,8,4,5,2,0,0,83,2026
Bailey Williams,12836,WC,FR,7,6,2,1,7,0,0,13,1,1,4,3,1,1,0,0,6,2,1,0,4,0,0,70,2026
Elliot Yeo,12087,WC,FR,7,8,0,13,21,1,0,0,7,0,3,4,4,1,0,0,8,12,0,0,1,1,0,69,2026
Tylar Young,13043,WC,FR,7,10,4,2,12,0,0,0,1,2,2,0,2,0,1,0,2,9,0,0,6,0,0,91,2026
Jye Amiss,12983,FR,WC,7,11,10,2,13,5,4,0,0,0,0,0,1,0,0,0,3,10,2,9,2,0,1,87,2026
Shai Bolton,12535,FR,WC,7,8,3,8,16,1,0,0,3,1,3,3,5,0,2,0,8,7,0,0,1,2,1,82,2026
Andrew Brayshaw,12589,FR,WC,7,5,1,10,15,0,0,0,7,0,1,3,2,1,1,0,6,9,0,0,3,0,0,78,2026
Heath Chapman,12875,FR,WC,7,15,7,10,25,0,0,0,2,2,4,0,2,1,0,0,7,16,2,0,3,0,0,84,2026
Jordan Clark,12688,FR,WC,7,21,11,6,27,1,0,0,1,6,5,2,1,2,1,0,3,21,0,0,3,3,1,87,2026
Brennan Cox,12544,FR,WC,7,9,10,1,10,0,0,0,0,3,0,0,4,0,1,0,1,10,1,0,3,0,0,82,2026
Mason Cox,12428,FR,WC,7,4,2,0,4,0,1,13,2,1,0,3,2,0,1,0,4,0,2,1,4,0,0,59,2026
Isaiah Dudley,13204,FR,WC,7,3,3,2,5,0,0,0,3,0,2,0,0,0,0,0,1,4,0,0,0,0,1,75,2026
Neil Erasmus,12966,FR,WC,7,10,4,3,13,1,1,0,5,3,2,0,3,0,0,0,5,8,1,2,2,0,1,75,2026
Michael Frederick,12801,FR,WC,7,4,3,3,7,0,0,0,2,0,1,0,1,1,0,0,1,6,0,1,1,0,0,64,2026
Luke Jackson,12779,FR,WC,7,7,3,9,16,1,0,29,7,1,1,2,4,1,3,0,7,9,1,0,1,0,0,80,2026
Matthew Johnson,13047,FR,WC,7,8,4,12,20,0,0,0,3,4,1,2,2,1,1,0,6,14,0,0,0,0,0,75,2026
Judd McVee,13033,FR,WC,7,13,9,7,20,0,0,0,0,4,1,0,5,0,0,0,6,14,0,0,1,3,0,80,2026
Alex Pearce,12352,FR,WC,7,4,3,3,7,0,0,0,0,1,1,0,0,0,0,0,2,5,1,0,4,0,0,89,2026
Murphy Reid,13180,FR,WC,7,16,5,10,26,0,2,0,5,0,5,0,3,1,0,0,6,19,0,1,1,2,3,82,2026
Luke Ryan,12542,FR,WC,7,19,8,7,26,0,1,0,0,5,4,0,4,0,2,0,7,16,1,1,7,0,0,93,2026
Caleb Serong,12786,FR,WC,7,11,4,13,24,1,0,0,3,4,1,6,4,2,1,0,13,13,0,0,0,0,0,76,2026
Sam Switkowski,12672,FR,WC,7,6,4,6,12,0,0,0,4,0,2,1,1,0,0,0,4,8,1,0,1,0,2,64,2026
Josh Treacy,12887,FR,WC,7,4,3,6,10,1,1,0,2,0,2,0,1,1,1,0,6,4,2,1,2,0,1,83,2026
Patrick Voss,13129,FR,WC,7,6,4,6,12,3,0,0,2,1,0,0,2,0,1,0,5,7,1,2,2,0,0,86,2026
Corey Wagner,12453,FR,WC,7,18,6,3,21,0,0,0,1,3,5,1,4,0,1,0,7,16,0,1,3,0,0,80,2026
Karl Worner,13075,FR,WC,7,8,5,5,13,0,0,0,2,3,1,1,2,1,0,0,4,9,0,0,0,0,0,72,2026
Hayden Young,12777,FR,WC,7,16,8,7,23,0,1,0,2,1,8,4,3,0,1,0,7,15,0,0,0,1,1,66,2026
Kade Chandler,12756,ME,BL,7,11,4,6,17,3,1,0,3,0,3,0,2,0,0,0,3,13,0,2,1,4,1,88,2026
Jai Culley,13015,ME,BL,7,11,6,7,18,0,0,0,4,0,3,1,2,1,0,0,8,10,1,0,2,1,2,68,2026
Bayley Fritsch,12598,ME,BL,7,8,4,7,15,2,0,0,0,0,4,1,1,0,0,0,1,12,0,3,0,0,1,85,2026
Max Gawn,11966,ME,BL,7,8,0,13,21,0,0,23,4,0,2,7,2,4,0,0,15,5,0,0,4,0,0,79,2026
Max Heath,13254,ME,BL,7,2,0,2,4,0,1,8,0,0,1,0,1,0,1,0,1,4,0,0,0,0,0,27,2026
Blake Howes,13098,ME,BL,7,8,4,7,15,0,0,0,1,1,0,0,1,0,1,0,6,9,0,0,1,0,0,85,2026
Matthew Jefferson,13182,ME,BL,7,3,4,4,7,0,0,0,2,0,1,0,3,0,2,0,3,4,2,1,1,0,1,88,2026
Ed Langdon,12393,ME,BL,7,16,9,12,28,0,0,0,1,10,3,2,2,0,0,0,4,22,0,0,1,0,0,88,2026
Harvey Langford,13184,ME,BL,7,14,4,13,27,3,0,0,0,0,5,3,6,1,0,0,7,20,0,1,0,2,2,80,2026
Bailey Laurie,13032,ME,BL,7,6,2,4,10,0,1,0,2,1,2,1,2,1,1,0,3,6,0,0,0,0,0,70,2026
Jake Lever,12351,ME,BL,7,8,5,4,12,0,0,0,2,0,0,0,5,3,2,0,3,9,0,0,5,0,0,88,2026
Brody Mihocek,12639,ME,BL,7,7,6,1,8,2,0,0,1,0,3,0,1,1,0,0,3,5,2,2,1,0,2,80,2026
Harry Petty,12653,ME,BL,7,6,4,5,11,0,0,0,2,2,0,0,3,1,1,0,4,6,0,0,6,0,0,73,2026
Kysaiah Pickett,12771,ME,BL,7,15,1,7,22,0,0,0,5,1,7,3,4,1,1,0,8,13,0,0,0,1,2,84,2026
Latrelle Pickett,13286,ME,BL,7,8,1,6,14,0,0,0,0,3,1,1,4,0,0,0,4,10,0,0,1,5,1,72,2026
Harry Sharp,12864,ME,BL,7,6,3,2,8,2,0,0,3,1,3,2,1,0,1,0,3,4,0,2,1,0,1,85,2026
Tom Sparrow,12693,ME,BL,7,10,4,6,16,0,0,0,2,1,5,3,1,1,0,0,5,10,0,0,1,0,0,74,2026
Jack Steele,12368,ME,BL,7,10,2,10,20,1,0,0,6,1,4,5,1,1,0,0,8,10,1,1,1,0,0,82,2026
Xavier Taylor,13312,ME,BL,7,3,1,2,5,0,0,0,5,1,1,0,0,0,0,0,2,3,0,0,1,0,0,63,2026
Koltyn Tholstrup,13123,ME,BL,7,17,2,9,26,0,0,0,0,10,1,0,2,1,1,0,8,9,0,0,3,1,0,86,2026
Daniel Turner,12996,ME,BL,7,11,9,4,15,0,0,0,3,3,2,0,1,1,0,0,4,11,1,0,4,0,0,95,2026
Jacob van Rooyen,13048,ME,BL,7,6,5,8,14,3,1,3,0,0,1,1,1,0,1,0,8,6,2,4,0,0,0,87,2026
Caleb Windsor,13099,ME,BL,7,6,0,6,12,0,0,0,4,1,2,0,2,2,0,0,6,4,0,0,1,0,0,74,2026
Oscar Allen,12655,BL,ME,7,6,4,2,8,1,0,0,1,0,4,0,4,2,1,0,4,4,0,2,1,0,1,89,2026
Harris Andrews,12340,BL,ME,7,14,12,8,22,0,0,0,2,5,0,0,1,0,0,0,10,13,3,0,12,0,0,96,2026
Noah Answerth,12718,BL,ME,7,11,6,4,15,0,0,0,1,3,0,1,2,0,0,0,2,12,0,0,3,0,0,71,2026
Levi Ashcroft,13197,BL,ME,7,16,11,4,20,0,1,0,1,3,2,0,2,0,0,0,5,15,1,0,0,0,0,77,2026
Will Ashcroft,13040,BL,ME,7,15,8,11,26,1,0,0,3,5,2,3,5,0,3,0,6,19,0,1,0,2,0,86,2026
Zac Bailey,12610,BL,ME,7,9,2,5,14,0,2,0,0,2,1,4,3,0,2,0,10,7,0,0,0,0,0,86,2026
Jarrod Berry,12519,BL,ME,7,6,2,5,11,0,0,0,0,1,2,0,2,1,1,0,3,7,0,0,1,0,1,27,2026
Charlie Cameron,12277,BL,ME,7,12,4,2,14,3,0,0,1,1,6,0,2,0,0,0,2,11,0,2,1,1,1,85,2026
Keidean Coleman,12838,BL,ME,7,14,7,6,20,0,0,0,1,2,3,0,2,1,0,0,8,11,0,0,1,0,2,78,2026
Sam Draper,12810,BL,ME,7,5,1,1,6,1,0,23,2,2,1,3,7,0,3,0,5,1,0,1,3,0,1,76,2026
Josh Dunkley,12408,BL,ME,7,12,6,9,21,0,1,0,4,1,3,3,2,0,2,0,6,14,1,1,0,0,0,83,2026
Jaspa Fletcher,13072,BL,ME,7,13,7,5,18,1,0,0,1,4,2,0,3,0,1,0,4,13,0,0,0,0,0,93,2026
Ty Gallop,13235,BL,ME,7,7,4,1,8,0,0,0,1,2,1,1,2,2,1,0,2,6,0,0,7,0,0,95,2026
Ryan Lester,11894,BL,ME,7,9,6,3,12,0,0,0,2,0,1,0,1,1,0,0,3,9,0,0,4,0,0,85,2026
Kai Lohmann,12968,BL,ME,7,6,2,5,11,1,0,0,3,0,1,2,3,0,1,0,4,7,0,0,1,0,2,82,2026
Lincoln McCarthy,12090,BL,ME,7,10,9,2,12,1,0,0,1,0,5,0,2,0,1,0,3,9,0,1,0,0,2,80,2026
Hugh McCluggage,12518,BL,ME,7,13,6,2,15,1,1,0,1,0,3,1,7,0,2,0,7,8,0,1,1,0,0,67,2026
Logan Morris,13137,BL,ME,7,9,7,3,12,3,1,0,1,0,2,0,1,2,1,0,6,6,2,5,2,0,0,88,2026
Lachie Neale,12055,BL,ME,7,13,6,18,31,0,0,0,1,0,4,10,2,0,0,0,16,16,1,0,1,0,0,84,2026
Cam Rayner,12592,BL,ME,7,8,6,3,11,2,3,0,1,2,2,1,1,1,0,0,3,9,0,3,1,0,0,88,2026
Bruce Reville,13138,BL,ME,7,16,9,4,20,0,1,0,0,2,4,1,0,0,0,0,4,15,0,1,0,0,1,70,2026
Darcy Wilmot,13026,BL,ME,7,20,9,7,27,0,0,0,1,3,3,4,2,0,0,0,4,19,0,0,0,0,0,83,2026
Zane Zakostelsky,13277,BL,ME,7,3,3,1,4,0,0,6,2,0,0,1,0,2,0,0,2,3,0,0,2,0,0,31,2026
Joel Amartey,12844,SY,WB,8,5,3,3,8,3,2,1,1,0,1,0,2,0,2,0,2,6,1,3,0,0,0,75,2026
Riley Bice,13195,SY,WB,8,9,7,9,18,0,0,0,1,0,3,0,2,0,0,0,2,16,0,0,5,0,1,76,2026
Nick Blakey,12699,SY,WB,8,12,1,10,22,0,0,0,2,5,4,1,6,2,1,0,3,15,0,0,3,6,1,82,2026
Billy Cootee,13317,SY,WB,8,4,3,4,8,1,1,0,2,0,1,1,4,0,2,0,3,6,0,1,1,0,0,65,2026
Harry Cunningham,12015,SY,WB,8,5,3,6,11,0,0,0,2,1,1,0,1,0,0,0,2,9,0,0,3,2,0,70,2026
Charlie Curnow,12421,SY,WB,8,14,8,1,15,7,2,0,0,0,1,0,1,3,0,0,10,4,6,7,1,0,1,87,2026
Will Edwards,13318,SY,WB,8,7,3,5,12,0,0,0,2,1,0,0,5,3,1,0,5,8,0,0,4,0,0,88,2026
Brodie Grundy,12217,SY,WB,8,7,5,11,18,2,0,35,4,3,1,2,4,1,2,0,13,4,3,2,3,0,0,76,2026
James Jordon,12860,SY,WB,8,7,1,6,13,0,0,0,7,2,4,5,3,1,1,0,7,7,0,0,1,0,0,83,2026
Jake Lloyd,12268,SY,WB,8,14,8,9,23,1,1,0,3,1,8,0,0,0,0,0,3,14,0,1,0,0,1,82,2026
Tom McCartin,12627,SY,WB,8,12,8,11,23,0,0,0,3,7,1,0,4,3,2,0,9,13,3,0,6,1,0,84,2026
Logan McDonald,12861,SY,WB,8,3,2,2,5,0,1,6,0,0,3,0,0,0,0,0,1,3,0,1,0,0,0,76,2026
Justin McInerney,12711,SY,WB,8,9,2,15,24,0,1,0,3,2,2,5,2,2,1,0,11,13,0,0,1,0,0,85,2026
Callum Mills,12413,SY,WB,8,13,6,9,22,0,0,0,2,7,2,0,2,1,0,0,5,15,2,1,2,2,0,75,2026
Tom Papley,12412,SY,WB,8,10,5,13,23,1,0,0,4,0,7,1,8,1,1,0,9,14,0,3,0,0,3,74,2026
Dane Rampe,12140,SY,WB,8,4,2,11,15,0,0,0,0,2,0,0,0,0,0,0,5,10,0,0,4,0,0,82,2026
Matt Roberts,12994,SY,WB,8,16,5,11,27,0,0,0,1,1,4,1,4,3,0,0,4,21,0,0,4,0,0,90,2026
Malcolm Rosas,12903,SY,WB,8,5,1,7,12,0,1,0,5,1,2,2,1,0,0,0,8,5,0,0,2,2,1,78,2026
James Rowbottom,12714,SY,WB,8,10,2,6,16,0,0,0,4,1,1,4,3,1,0,0,10,6,0,1,2,0,0,69,2026
Jai Serong,13022,SY,WB,8,14,4,8,22,0,0,0,3,0,9,4,3,1,1,0,13,10,3,0,4,0,0,96,2026
Angus Sheldrick,12951,SY,WB,8,12,4,10,22,0,0,0,3,0,8,1,3,2,1,0,7,16,0,0,2,0,2,65,2026
Chad Warner,12797,SY,WB,8,17,4,3,20,3,3,0,7,1,3,2,3,3,0,0,8,13,0,3,0,1,2,76,2026
Sam Wicks,12818,SY,WB,8,6,4,14,20,0,0,0,1,2,3,0,0,0,0,0,5,16,0,0,2,1,1,66,2026
Oskar Baker,12723,WB,SY,8,10,5,5,15,1,0,0,0,2,1,1,3,0,1,0,2,12,0,2,0,0,0,61,2026
Marcus Bontempelli,12269,WB,SY,8,15,3,14,29,2,0,0,5,5,7,6,5,0,0,0,12,17,0,0,4,0,3,88,2026
Lachlan Bramble,12916,WB,SY,8,13,4,9,22,0,0,0,3,6,4,0,2,0,0,0,3,13,0,0,1,1,0,86,2026
Jedd Busslinger,13216,WB,SY,8,14,5,5,19,0,0,0,1,5,2,1,2,1,1,0,7,13,0,0,13,0,0,96,2026
Bailey Dale,12354,WB,SY,8,25,4,6,31,0,0,0,2,7,1,2,4,2,0,0,10,14,0,0,3,2,0,79,2026
Sam Davidson,13178,WB,SY,8,10,5,4,14,0,0,0,3,1,1,0,3,0,1,0,3,13,1,0,3,1,0,76,2026
Josh Dolan,13179,WB,SY,8,6,4,7,13,1,1,0,2,0,3,0,2,1,1,0,3,10,0,1,0,0,1,68,2026
Louis Emmett,13308,WB,SY,8,5,4,3,8,0,1,9,4,0,2,1,1,2,0,0,4,4,0,2,2,0,0,67,2026
Joel Freijah,13140,WB,SY,8,6,5,9,15,0,1,0,6,1,2,1,5,0,4,0,7,11,0,1,2,0,1,90,2026
Ryan Gardner,12732,WB,SY,8,4,0,1,5,0,0,0,0,1,1,0,2,0,1,0,0,3,0,0,12,0,0,90,2026
Cooper Hynes,13213,WB,SY,8,5,2,3,8,1,0,0,3,1,0,0,1,0,0,0,2,6,0,0,1,0,0,76,2026
Lachie Jaques,13275,WB,SY,8,9,4,8,17,0,0,0,0,3,1,0,1,2,0,0,6,9,1,0,3,0,0,77,2026
Matthew Kennedy,12455,WB,SY,8,7,3,8,15,0,0,0,5,1,2,2,6,0,4,0,7,9,0,0,0,0,0,59,2026
Buku Khamis,12900,WB,SY,8,5,4,1,6,0,0,0,0,3,0,0,1,0,1,0,1,4,0,0,10,1,0,96,2026
Will Lewis,13284,WB,SY,8,4,1,4,8,1,1,0,1,0,1,0,5,1,4,0,3,5,0,1,1,0,1,84,2026
Aaron Naughton,12594,WB,SY,8,5,5,2,7,1,0,0,0,0,1,0,2,1,2,0,3,4,2,1,0,0,0,62,2026
Ed Richards,12605,WB,SY,8,11,1,7,18,1,0,0,5,1,3,5,4,1,1,0,12,7,0,0,1,0,1,79,2026
Ryley Sanders,13103,WB,SY,8,10,2,18,28,0,0,0,7,2,4,6,3,0,1,0,11,15,0,0,1,0,0,79,2026
Michael Sellwood,13276,WB,SY,8,11,5,6,17,0,0,0,3,6,2,0,5,0,3,0,6,13,0,0,1,0,0,77,2026
Lachlan Smith,13314,WB,SY,8,3,1,7,10,0,0,13,5,1,1,4,2,2,1,0,10,2,0,0,1,0,0,73,2026
Adam Treloar,12054,WB,SY,8,9,4,16,25,0,0,0,2,2,1,4,2,1,0,0,7,18,0,0,0,0,0,61,2026
Rhylee West,12748,WB,SY,8,4,3,5,9,0,0,0,1,0,2,0,3,0,0,0,3,7,0,0,1,0,1,87,2026
Bailey Williams,12441,WB,SY,8,17,10,6,23,1,2,0,2,1,4,1,2,1,1,0,4,20,0,1,0,0,0,89,2026
Kade Chandler,12756,ME,RI,8,6,1,7,13,1,0,0,2,2,3,2,4,2,1,0,8,6,0,0,1,0,2,79,2026
Jai Culley,13015,ME,RI,8,4,2,4,8,0,0,0,0,0,2,1,1,1,1,0,4,5,1,0,1,0,2,36,2026
Bayley Fritsch,12598,ME,RI,8,11,2,4,15,2,1,0,6,0,1,1,0,2,0,0,7,7,1,1,1,0,1,81,2026
Max Gawn,11966,ME,RI,8,8,5,12,20,1,2,21,1,2,3,5,4,2,2,0,18,5,3,3,2,0,1,77,2026
Max Heath,13254,ME,RI,8,3,1,5,8,0,1,26,0,1,1,2,0,1,0,0,5,3,1,0,0,0,1,50,2026
Blake Howes,13098,ME,RI,8,11,6,9,20,0,0,0,1,3,2,0,2,0,1,0,7,12,0,0,2,0,0,88,2026
Matthew Jefferson,13182,ME,RI,8,5,2,5,10,2,1,0,1,0,0,0,1,2,0,0,6,4,0,1,1,0,0,83,2026
Changkuoth Jiath,12752,ME,RI,8,7,4,4,11,0,0,0,0,1,3,0,1,1,0,0,2,8,0,0,2,1,0,72,2026
Ed Langdon,12393,ME,RI,8,13,7,11,24,0,0,0,2,2,1,1,1,1,0,0,5,17,0,0,0,5,0,91,2026
Harvey Langford,13184,ME,RI,8,7,3,8,15,1,0,0,1,0,2,1,3,0,1,0,6,10,1,3,0,0,0,84,2026
Bailey Laurie,13032,ME,RI,8,9,2,8,17,1,0,0,1,0,5,1,2,0,0,0,6,11,0,0,0,1,1,62,2026
Jake Lever,12351,ME,RI,8,10,9,5,15,0,0,0,4,4,0,0,2,0,0,0,2,13,0,0,4,0,0,100,2026
Brody Mihocek,12639,ME,RI,8,6,6,3,9,3,1,0,2,0,1,0,2,0,0,0,5,4,3,4,0,0,0,86,2026
Kysaiah Pickett,12771,ME,RI,8,27,4,2,29,4,0,0,2,3,6,6,2,2,0,0,7,18,1,0,3,3,0,80,2026
Latrelle Pickett,13286,ME,RI,8,3,2,5,8,0,0,0,2,0,1,3,4,1,3,0,4,4,0,1,0,0,0,81,2026
Harry Sharp,12864,ME,RI,8,10,5,4,14,1,1,0,1,1,4,0,1,0,0,0,4,10,0,1,1,1,2,90,2026
Tom Sparrow,12693,ME,RI,8,16,3,12,28,1,0,0,8,2,7,9,5,3,1,0,12,15,0,1,4,1,1,72,2026
Jack Steele,12368,ME,RI,8,14,5,11,25,0,0,0,4,2,8,3,5,2,1,0,11,15,0,0,1,0,0,77,2026
Xavier Taylor,13312,ME,RI,8,3,1,7,10,0,0,0,0,4,1,1,1,0,1,0,7,6,1,0,6,0,0,79,2026
Koltyn Tholstrup,13123,ME,RI,8,8,0,3,11,0,1,0,3,3,1,0,0,0,0,0,2,5,0,0,4,1,0,75,2026
Daniel Turner,12996,ME,RI,8,8,4,6,14,0,0,0,0,4,2,0,4,0,1,0,8,4,3,0,8,0,1,96,2026
Jacob van Rooyen,13048,ME,RI,8,8,3,5,13,0,2,0,1,0,1,0,1,2,0,0,7,7,0,1,4,0,1,86,2026
Caleb Windsor,13099,ME,RI,8,15,1,10,25,2,0,0,2,1,6,2,2,0,0,0,7,18,0,0,0,1,0,75,2026
Noah Balta,12686,RI,ME,8,1,3,8,9,0,0,12,0,1,1,2,0,1,0,0,4,5,1,0,3,1,0,63,2026
Nathan Broad,12456,RI,ME,8,7,4,4,11,0,0,0,1,3,0,0,3,0,1,0,1,9,0,0,3,0,0,82,2026
Tom Brown,13096,RI,ME,8,18,7,6,24,0,0,0,3,7,2,0,2,1,2,0,8,12,2,0,0,0,1,83,2026
Tom Burton,13315,RI,ME,8,4,1,8,12,0,1,0,1,0,2,0,1,1,0,0,3,10,0,1,1,0,0,78,2026
Seth Campbell,13100,RI,ME,8,11,4,2,13,2,1,0,3,0,3,0,1,1,0,0,5,8,1,2,0,0,0,83,2026
Sam Cumming,13316,RI,ME,8,7,3,6,13,1,1,0,3,0,5,5,2,0,1,0,8,5,1,2,0,0,1,72,2026
Jonty Faull,13214,RI,ME,8,1,1,3,4,1,0,0,1,0,1,0,0,0,0,0,3,1,0,1,0,0,0,91,2026
Campbell Gray,13218,RI,ME,8,5,4,1,6,0,0,0,1,2,0,0,2,0,1,0,4,3,1,0,9,0,0,84,2026
Steely Green,13145,RI,ME,8,9,3,1,10,1,1,0,1,2,3,1,5,0,2,0,2,7,0,0,1,0,2,84,2026
Sam Grlj,13290,RI,ME,8,9,2,12,21,0,0,0,1,2,1,0,2,0,0,0,5,16,0,0,1,2,0,81,2026
Jacob Hopper,12440,RI,ME,8,8,3,14,22,0,0,0,2,2,4,4,4,0,2,0,9,13,0,0,2,0,2,67,2026
Sam Lalor,13190,RI,ME,8,10,3,6,16,1,0,0,3,2,4,7,4,0,1,0,11,7,0,1,2,1,1,74,2026
Mykelti Lefau,13113,RI,ME,8,5,4,3,8,2,0,1,3,0,2,0,3,1,0,0,5,4,1,1,1,2,1,87,2026
Tom Lynch,11948,RI,ME,8,7,4,3,10,1,1,1,2,0,2,0,0,1,0,0,5,5,3,3,2,0,1,77,2026
Kane McAuliffe,13117,RI,ME,8,11,4,10,21,1,0,0,2,2,1,1,2,4,0,0,12,10,0,0,1,0,0,78,2026
Ben Miller,12941,RI,ME,8,12,6,1,13,0,0,0,1,5,1,0,3,0,2,0,1,11,0,0,9,0,0,94,2026
Dion Prestia,11917,RI,ME,8,13,3,15,28,0,0,0,6,1,4,5,2,0,1,0,8,21,0,0,0,0,0,69,2026
Hugo Ralphsmith,12902,RI,ME,8,8,2,9,17,1,0,0,0,2,1,0,4,0,3,0,4,13,0,0,0,0,0,87,2026
Patrick Retschko,13313,RI,ME,8,15,4,11,26,0,0,0,3,3,4,1,2,0,0,0,6,19,1,0,0,1,0,80,2026
Jack Ross,12712,RI,ME,8,4,3,23,27,0,0,0,2,0,4,4,7,0,2,0,12,15,0,0,0,1,0,80,2026
Samson Ryan,12918,RI,ME,8,1,0,2,3,0,0,4,1,0,0,1,2,1,2,0,1,3,0,0,1,0,0,44,2026
James Trezise,13095,RI,ME,8,6,2,9,15,0,0,0,5,1,2,1,3,1,1,0,7,8,1,0,1,0,0,79,2026
Nick Vlastuin,12174,RI,ME,8,10,1,5,15,0,0,0,1,5,0,0,1,1,1,0,5,4,1,0,1,0,0,82,2026
Karl Amon,12357,HW,GC,8,20,8,11,31,0,1,0,3,8,2,0,2,0,0,0,3,24,0,0,2,3,0,80,2026
Tom Barrass,12383,HW,GC,8,3,4,5,8,1,0,0,1,3,1,0,1,0,0,0,4,4,1,0,9,0,0,87,2026
Josh Battle,12558,HW,GC,8,16,7,13,29,0,0,0,0,7,2,0,6,1,1,0,10,16,2,0,5,2,0,95,2026
Jack Dalton,13304,HW,GC,8,3,3,7,10,0,1,0,6,1,1,0,1,0,0,0,2,8,0,0,0,0,0,62,2026
Massimo DAmbrosio,12998,HW,GC,8,16,5,8,24,1,1,0,5,1,5,0,2,0,0,0,3,21,0,0,0,1,0,79,2026
Calsher Dear,13135,HW,GC,8,4,2,4,8,0,0,0,5,1,1,0,2,0,1,0,4,3,0,0,3,0,0,80,2026
Jack Ginnivan,12927,HW,GC,8,12,7,4,16,1,0,0,7,2,4,0,1,0,0,0,1,14,0,0,1,2,3,85,2026
Jack Gunston,11845,HW,GC,8,13,9,2,15,5,4,0,0,0,2,1,2,0,1,0,4,11,0,7,0,0,0,87,2026
Blake Hardwick,12469,HW,GC,8,16,4,6,22,0,0,0,1,5,1,1,1,0,0,0,3,16,0,0,6,0,0,93,2026
Jarman Impey,12237,HW,GC,8,17,6,11,28,1,0,0,2,3,4,1,1,0,0,0,4,19,0,0,2,6,1,80,2026
Mitch Lewis,12636,HW,GC,8,9,5,1,10,1,1,0,3,0,2,0,1,0,1,0,2,7,1,0,1,0,0,81,2026
Connor Macdonald,12954,HW,GC,8,13,7,9,22,1,2,0,6,1,3,2,1,0,0,0,5,16,1,3,0,0,2,79,2026
Cam Mackenzie,13031,HW,GC,8,11,1,11,22,0,0,0,4,0,2,3,6,2,3,0,9,14,0,0,0,0,0,72,2026
Finn Maginness,12843,HW,GC,8,6,5,18,24,2,0,0,4,0,1,1,3,0,1,0,11,13,1,1,1,0,0,81,2026
Lloyd Meek,12856,HW,GC,8,5,2,10,15,0,0,18,5,2,3,6,6,1,2,0,11,5,0,0,0,0,0,52,2026
Harry Morrison,12579,HW,GC,8,9,4,11,20,0,0,0,4,2,2,1,6,2,2,0,7,13,0,0,0,1,0,76,2026
Conor Nash,12670,HW,GC,8,7,2,14,21,1,0,0,5,1,1,4,4,2,0,0,10,11,0,0,0,0,0,63,2026
Jai Newcombe,12915,HW,GC,8,11,3,19,30,0,1,0,6,3,3,12,3,4,2,0,20,11,0,0,0,0,2,81,2026
Ned Reeves,12906,HW,GC,8,2,0,3,5,0,0,24,4,0,2,2,4,0,2,0,4,2,0,0,4,0,0,55,2026
Jack Scrimshaw,12565,HW,GC,8,9,5,15,24,0,0,0,4,3,0,0,6,0,2,0,9,14,0,0,3,2,0,83,2026
Josh Ward,12955,HW,GC,8,8,2,12,20,0,0,0,3,1,4,3,3,1,2,0,3,15,0,0,2,0,2,78,2026
Nick Watson,13105,HW,GC,8,8,5,6,14,2,1,0,2,0,4,1,3,0,2,0,8,8,0,1,1,1,1,82,2026
Josh Weddle,13057,HW,GC,8,9,3,10,19,0,1,0,2,5,4,2,3,0,0,0,4,16,0,0,1,0,1,86,2026
Oscar Adams,13251,GC,HW,8,1,2,3,4,0,0,0,2,0,0,0,1,1,0,0,2,2,0,0,4,0,0,84,2026
Noah Anderson,12767,GC,HW,8,16,4,15,31,0,1,0,3,5,5,5,4,0,1,0,10,22,0,0,1,0,2,84,2026
Mac Andrew,13019,GC,HW,8,15,7,5,20,0,0,3,4,7,1,0,0,1,0,0,6,11,2,0,10,1,0,95,2026
Sam Collins,12444,GC,HW,8,5,3,10,15,0,0,0,1,2,1,0,1,3,0,0,9,6,1,0,10,0,0,96,2026
Will Graham,13120,GC,HW,8,7,2,13,20,0,1,0,2,1,4,2,5,2,3,0,9,12,0,0,0,1,0,74,2026
Bailey Humphrey,13049,GC,HW,8,5,2,6,11,2,0,0,4,0,4,0,1,1,1,0,6,6,0,1,1,0,1,80,2026
Ben King,12728,GC,HW,8,5,3,0,5,2,1,0,0,0,0,1,0,1,0,0,1,3,0,3,1,0,0,77,2026
Leo Lombard,13232,GC,HW,8,6,3,7,13,0,2,0,4,0,2,0,2,0,1,0,5,7,0,1,1,3,0,75,2026
Ben Long,12521,GC,HW,8,4,1,7,11,2,0,0,1,0,1,1,0,0,0,0,9,2,0,0,0,0,1,85,2026
Touk Miller,12331,GC,HW,8,10,1,11,21,0,0,0,6,1,8,2,0,0,0,0,5,16,0,0,0,1,0,80,2026
John Noble,12743,GC,HW,8,14,6,9,23,0,1,0,3,5,4,1,0,1,0,0,6,12,0,0,0,0,0,71,2026
Christian Petracca,12430,GC,HW,8,14,5,14,28,0,0,0,5,2,7,10,2,1,0,0,12,14,0,2,1,0,0,84,2026
Wil Powell,12652,GC,HW,8,10,4,5,15,0,0,0,4,5,3,0,1,0,0,0,6,7,0,0,2,0,1,79,2026
Ethan Read,13121,GC,HW,8,5,1,6,11,0,0,2,0,0,1,2,5,4,0,0,9,2,1,0,2,0,0,76,2026
Daniel Rioli,12403,GC,HW,8,9,2,12,21,0,1,0,4,1,2,0,1,2,0,0,5,15,0,0,0,1,0,83,2026
Jake Rogers,13126,GC,HW,8,3,1,4,7,0,0,0,0,0,1,0,2,0,1,0,3,5,0,0,0,0,0,55,2026
Matt Rowell,12768,GC,HW,8,9,1,9,18,0,0,0,10,2,2,5,9,3,2,0,10,9,1,0,0,0,0,83,2026
Jamarra Ugle-Hagan,12923,GC,HW,8,6,5,1,7,1,0,0,1,0,3,0,4,1,0,0,2,4,1,2,0,0,1,69,2026
Bodhi Uwland,13041,GC,HW,8,15,5,6,21,0,1,0,2,6,1,0,1,0,0,0,1,12,0,0,3,1,0,92,2026
Zeke Uwland,13278,GC,HW,8,4,2,3,7,0,0,0,2,1,1,0,0,0,0,0,0,7,0,0,0,0,0,61,2026
Jed Walter,13114,GC,HW,8,5,3,4,9,0,0,1,0,0,3,0,4,0,2,0,3,4,2,0,3,0,1,59,2026
Lachie Weller,12385,GC,HW,8,8,4,9,17,2,0,0,4,0,3,2,3,0,1,0,5,13,0,1,0,1,0,81,2026
Jarrod Witts,12177,GC,HW,8,8,0,2,10,0,0,26,2,0,3,6,5,1,1,0,8,1,0,0,1,0,1,77,2026
Angus Anderson,13306,CW,ES,8,6,2,8,14,2,2,0,4,1,1,1,2,0,1,0,6,8,0,1,1,0,0,68,2026
Darcy Cameron,12660,CW,ES,8,8,3,7,15,0,0,17,1,0,1,2,4,3,2,0,9,4,2,0,1,0,1,77,2026
Jack Crisp,12061,CW,ES,8,16,12,12,28,1,1,0,3,0,6,0,3,0,0,0,5,23,0,1,1,1,1,78,2026
Josh Daicos,12573,CW,ES,8,22,8,13,35,0,0,0,1,5,2,3,2,1,0,0,6,28,0,0,2,0,0,85,2026
Nick Daicos,12943,CW,ES,8,22,8,20,42,0,4,0,1,1,8,8,6,0,1,0,14,26,0,1,0,4,1,86,2026
Jordan de Goey,12318,CW,ES,8,9,4,9,18,3,1,0,3,0,4,1,0,1,0,0,8,10,0,0,0,0,2,82,2026
Jamie Elliott,12083,CW,ES,8,10,5,4,14,2,2,0,0,0,3,1,5,1,1,0,7,7,0,3,0,0,1,75,2026
Billy Frampton,12676,CW,ES,8,10,8,7,17,0,0,0,1,2,1,0,0,1,0,0,2,15,1,0,1,0,0,90,2026
Will Hayes,13228,CW,ES,8,4,0,3,7,1,0,0,1,1,1,0,1,1,0,0,1,7,0,0,0,0,0,85,2026
Dan Houston,12495,CW,ES,8,14,8,13,27,0,1,0,2,3,4,1,0,2,0,0,8,18,0,0,3,0,1,78,2026
Jeremy Howe,11967,CW,ES,8,15,12,3,18,0,0,0,1,2,1,0,3,0,2,0,3,13,2,0,5,0,0,92,2026
Patrick Lipinski,12578,CW,ES,8,10,5,12,22,1,1,0,3,0,2,3,4,1,2,0,7,15,0,2,1,0,1,76,2026
Brayden Maynard,12371,CW,ES,8,13,5,5,18,0,0,0,1,2,4,0,3,0,1,0,3,15,0,0,3,0,1,77,2026
Beau McCreery,12876,CW,ES,8,8,3,7,15,2,1,0,3,0,2,1,2,1,1,0,5,11,0,2,1,1,1,72,2026
Daniel McStay,12291,CW,ES,8,7,7,4,11,2,3,0,0,0,3,0,1,0,0,0,5,7,2,5,1,0,0,83,2026
Tim Membrey,12300,CW,ES,8,3,4,8,11,0,0,0,0,0,1,0,2,0,1,0,5,7,0,0,0,0,0,70,2026
Scott Pendlebury,4182,CW,ES,8,18,10,25,43,2,0,0,1,1,6,4,5,3,0,0,15,26,0,0,1,0,2,83,2026
Harry Perryman,12536,CW,ES,8,10,4,10,20,0,0,0,2,1,1,0,2,0,1,0,2,17,0,0,1,0,0,83,2026
Isaac Quaynor,12740,CW,ES,8,13,9,10,23,0,0,0,3,5,1,0,3,1,0,0,7,16,1,0,0,0,0,76,2026
Lachie Schultz,12700,CW,ES,8,4,4,9,13,1,0,0,5,0,2,0,2,1,1,0,6,9,0,2,3,0,0,68,2026
Steele Sidebottom,11751,CW,ES,8,11,8,8,19,1,0,0,1,1,2,0,1,0,0,0,3,15,0,0,1,0,1,64,2026
Roan Steele,13248,CW,ES,8,9,4,9,18,2,0,0,1,0,5,1,1,1,0,0,6,12,0,1,1,0,0,82,2026
Oscar Steene,13298,CW,ES,8,2,1,8,10,0,0,12,0,0,1,3,4,2,0,0,8,2,1,0,0,0,0,70,2026
Lachlan Blakiston,13237,ES,CW,8,2,0,6,8,0,0,11,2,1,1,5,3,1,1,0,7,2,0,0,3,1,0,82,2026
Nate Caddy,13148,ES,CW,8,9,3,3,12,3,3,0,1,0,2,0,0,3,0,0,4,8,0,2,0,0,1,91,2026
Jye Caldwell,12755,ES,CW,8,6,3,10,16,0,0,0,7,0,2,2,2,1,1,0,7,10,1,0,0,0,0,77,2026
Archer Day-Wicks,13223,ES,CW,8,5,3,4,9,2,0,0,6,2,1,0,0,1,0,0,3,7,1,2,1,0,0,82,2026
Sam Durham,12925,ES,CW,8,11,5,4,15,1,0,0,2,0,5,1,6,1,2,0,5,9,1,1,0,1,0,74,2026
Xavier Duursma,12696,ES,CW,8,9,7,8,17,0,0,0,2,1,1,1,3,0,0,0,3,15,0,0,3,1,0,77,2026
Tom Edwards,13198,ES,CW,8,6,3,4,10,0,0,0,1,0,1,1,0,1,0,0,4,6,1,0,0,0,1,77,2026
Saad El-Hawli,13203,ES,CW,8,12,4,11,23,0,0,0,1,2,1,1,3,2,1,0,9,14,0,0,3,2,0,80,2026
Jacob Farrow,13299,ES,CW,8,10,7,9,19,0,0,0,1,3,0,1,2,0,1,0,2,13,0,0,0,0,0,76,2026
Isaac Kako,13177,ES,CW,8,4,2,6,10,1,0,0,0,1,3,1,3,0,2,0,6,4,0,0,2,0,0,80,2026
Kyle Langford,12349,ES,CW,8,9,5,11,20,2,0,0,4,1,2,0,3,0,1,0,4,16,1,1,1,0,1,80,2026
Archie May,13238,ES,CW,8,3,1,0,3,0,1,0,1,0,0,1,0,0,0,0,2,0,1,1,2,1,0,63,2026
Andrew McGrath,12491,ES,CW,8,12,5,10,22,0,0,0,1,5,2,4,1,1,1,0,8,14,0,0,0,2,0,80,2026
Ben McKay,12580,ES,CW,8,6,6,7,13,0,0,0,1,5,0,0,4,0,0,0,1,11,1,0,3,0,0,100,2026
Zach Merrett,12241,ES,CW,8,10,1,12,22,0,0,0,2,1,4,2,2,0,1,0,8,16,0,0,1,2,0,83,2026
Darcy Parish,12406,ES,CW,8,8,2,15,23,0,0,0,2,3,2,4,2,1,0,0,9,14,0,0,1,0,0,80,2026
Jaxon Prior,12874,ES,CW,8,12,5,9,21,0,0,0,0,3,0,0,1,0,0,0,5,12,0,0,1,1,0,82,2026
Zach Reid,12889,ES,CW,8,8,5,6,14,0,0,0,3,1,0,0,2,1,1,0,3,10,0,0,4,0,0,74,2026
Archie Roberts,13168,ES,CW,8,28,9,14,42,0,0,0,1,9,2,1,6,0,3,0,5,29,1,0,2,4,0,92,2026
Sullivan Robey,13307,ES,CW,8,3,1,6,9,0,0,0,1,0,2,0,4,0,2,0,5,4,0,0,0,0,1,71,2026
Dyson Sharp,13283,ES,CW,8,5,4,5,10,0,0,0,1,0,0,0,1,1,0,0,1,10,0,1,2,0,0,62,2026
Elijah Tsatas,13087,ES,CW,8,8,4,10,18,0,0,0,1,2,3,3,1,0,0,0,5,13,0,0,1,1,0,59,2026
Peter Wright,12366,ES,CW,8,6,4,3,9,0,2,8,1,1,0,0,4,0,3,0,2,7,0,2,1,0,0,80,2026
Aliir Aliir,12433,PA,GE,8,13,11,3,16,0,0,0,1,2,1,0,2,0,1,0,3,14,1,0,6,0,0,100,2026
Miles Bergman,12867,PA,GE,8,12,5,2,14,1,0,0,0,3,1,0,0,0,0,0,4,9,0,0,1,1,0,85,2026
Joe Berry,13188,PA,GE,8,9,2,3,12,0,0,0,7,1,3,1,1,3,0,0,5,7,0,0,0,0,1,80,2026
Jase Burgoyne,13007,PA,GE,8,17,9,10,27,1,0,0,2,2,6,3,3,0,0,0,7,16,0,1,1,0,1,85,2026
Zak Butters,12698,PA,GE,8,18,2,12,30,0,0,0,4,1,7,4,7,3,5,0,9,21,0,0,1,2,2,89,2026
Darcy Byrne-Jones,12422,PA,GE,8,13,8,4,17,0,0,0,2,1,1,0,2,0,1,0,3,14,0,0,0,0,0,80,2026
Willem Drew,12695,PA,GE,8,9,5,12,21,0,0,0,7,0,2,8,2,1,2,0,11,13,0,0,3,0,0,74,2026
Corey Durdin,12936,PA,GE,8,10,6,3,13,2,1,0,4,0,3,1,4,1,1,0,5,10,1,3,2,0,1,84,2026
Logan Evans,13156,PA,GE,8,12,6,3,15,0,0,0,1,4,3,0,1,0,1,0,2,12,0,0,0,2,1,84,2026
Kane Farrell,12664,PA,GE,8,18,9,6,24,1,0,0,1,2,6,0,1,1,1,0,3,17,0,0,1,1,0,79,2026
Mitch Georgiades,12766,PA,GE,8,14,10,5,19,4,6,0,1,0,1,1,5,0,0,0,3,15,1,7,2,0,1,93,2026
Jason Horne-Francis,12956,PA,GE,8,18,6,16,34,1,1,0,4,2,4,12,7,2,3,0,17,18,1,1,1,1,0,78,2026
Lachie Jones,12882,PA,GE,8,5,4,6,11,0,0,0,1,1,0,0,0,0,0,0,6,7,1,0,8,0,0,91,2026
Josh Lai,13301,PA,GE,8,9,6,6,15,0,0,0,1,2,1,0,1,1,0,0,6,10,0,0,4,0,0,78,2026
Ewan Mackinlay,13269,PA,GE,8,8,4,7,15,0,0,0,2,1,3,1,1,0,0,0,5,10,0,1,1,2,0,56,2026
Christian Moraes,13199,PA,GE,8,12,6,14,26,1,0,0,2,2,3,1,0,0,0,0,5,21,0,0,0,0,0,60,2026
Joe Richards,13139,PA,GE,8,11,9,9,20,1,1,0,5,0,1,2,1,1,0,0,4,15,0,1,2,0,1,79,2026
Jordon Sweet,12890,PA,GE,8,9,5,3,12,1,2,31,4,0,5,5,2,1,1,0,9,7,1,2,5,0,1,78,2026
Dante Visentini,13073,PA,GE,8,5,4,5,10,0,0,22,3,0,2,2,2,3,0,0,7,4,0,0,3,0,1,79,2026
Jack Watkins,13289,PA,GE,8,2,1,4,6,0,0,0,3,1,0,0,0,0,0,0,1,5,0,0,1,0,0,34,2026
Jacob Wehr,12991,PA,GE,8,8,2,4,12,0,0,0,4,0,2,0,4,0,2,0,1,10,0,0,1,0,0,91,2026
Jack Whitlock,13259,PA,GE,8,6,2,2,8,0,0,0,0,0,1,1,1,0,1,0,3,4,0,1,0,0,0,77,2026
Ollie Wines,12150,PA,GE,8,9,5,18,27,0,0,0,7,0,2,4,2,0,1,0,6,21,0,0,0,0,2,68,2026
Tom Atkins,12690,GE,PA,8,7,1,8,15,0,0,0,9,0,3,1,3,3,2,0,8,8,0,0,0,0,1,69,2026
Mark Blicavs,12153,GE,PA,8,1,0,0,1,0,0,3,2,1,0,1,0,0,0,0,1,0,0,0,0,0,0,11,2026
Jack Bowes,12499,GE,PA,8,7,4,15,22,0,0,0,2,1,3,1,7,0,2,0,8,15,1,0,1,1,0,78,2026
Tanner Bruhn,12871,GE,PA,8,17,8,7,24,0,1,0,4,4,3,2,3,0,0,0,2,20,0,0,0,1,1,82,2026
Jeremy Cameron,12017,GE,PA,8,7,5,2,9,3,2,0,0,0,1,0,1,0,0,0,3,5,1,3,0,0,1,93,2026
Brad Close,12806,GE,PA,8,3,1,3,6,1,0,0,2,0,2,1,2,1,2,0,4,4,1,1,2,0,1,85,2026
Patrick Dangerfield,11700,GE,PA,8,1,1,3,4,1,0,0,1,0,0,0,1,1,0,0,4,1,0,1,0,0,1,76,2026
Oliver Dempsey,12974,GE,PA,8,7,6,7,14,0,0,0,1,2,1,0,1,2,0,0,4,10,1,0,0,1,1,90,2026
Mitchell Edwards,13285,GE,PA,8,1,0,4,5,0,0,14,0,1,0,1,5,1,2,0,2,3,0,0,1,0,0,65,2026
Zach Guthrie,12551,GE,PA,8,10,3,3,13,0,0,0,3,2,1,1,2,1,1,0,6,6,0,0,4,1,0,76,2026
Jack Henry,12607,GE,PA,8,8,7,3,11,0,0,0,2,2,0,0,0,0,0,0,5,7,2,0,9,0,0,87,2026
Oliver Henry,12851,GE,PA,8,9,2,3,12,0,0,0,2,0,3,0,4,1,1,0,5,6,0,0,0,0,1,79,2026
Max Holmes,12881,GE,PA,8,14,5,11,25,0,0,0,0,4,2,3,3,0,0,0,9,13,0,0,0,1,0,80,2026
Lawson Humphries,13160,GE,PA,8,14,7,5,19,0,0,0,1,6,1,1,2,0,0,0,4,13,0,0,3,0,0,81,2026
Shaun Mannagh,13104,GE,PA,8,9,0,4,13,1,0,0,1,1,3,0,4,2,0,0,3,11,0,0,1,1,0,88,2026
Jack Martin,12236,GE,PA,8,6,5,2,8,1,0,0,4,1,0,1,3,1,1,0,4,4,1,2,0,0,0,83,2026
Oisin Mullin,13066,GE,PA,8,6,5,8,14,0,0,0,6,1,2,7,2,3,1,0,9,6,0,0,2,0,0,83,2026
Shannon Neale,12992,GE,PA,8,6,2,6,12,2,0,6,2,0,2,2,4,1,1,0,9,5,0,0,1,0,0,87,2026
Mark OConnor,12531,GE,PA,8,8,3,7,15,0,0,0,4,2,1,1,2,0,0,0,8,8,0,0,3,0,0,80,2026
Connor OSullivan,13122,GE,PA,8,10,8,11,21,0,0,0,2,4,0,0,2,2,1,0,8,13,1,0,5,0,0,92,2026
Bailey Smith,12692,GE,PA,8,16,7,14,30,0,0,0,3,3,4,5,4,1,1,0,10,19,0,0,1,2,1,81,2026
Tom Stewart,12505,GE,PA,8,22,6,5,27,0,0,0,0,9,0,0,4,0,0,0,5,12,0,0,3,1,0,82,2026
James Worpel,12619,GE,PA,8,6,3,6,12,1,0,0,2,0,3,0,3,0,2,0,3,10,0,1,0,0,0,73,2026
Ben Ainsworth,12498,CA,FR,8,6,2,8,14,0,0,0,2,1,3,1,5,1,0,0,5,8,0,0,0,0,2,78,2026
Talor Byrne,13297,CA,FR,8,2,0,3,5,0,0,0,1,0,0,0,2,1,2,0,3,3,0,0,1,0,0,67,2026
Matt Carroll,13212,CA,FR,8,12,5,9,21,1,0,0,0,1,7,1,3,0,1,0,5,15,1,1,2,0,0,85,2026
Adam Cerra,12603,CA,FR,8,10,3,11,21,0,0,0,4,1,2,1,6,2,2,0,7,16,0,0,0,0,1,77,2026
Matthew Cottrell,12822,CA,FR,8,5,1,5,10,0,0,0,2,2,1,1,1,1,0,0,3,7,0,0,3,0,0,73,2026
Lachlan Cowan,13028,CA,FR,8,5,2,5,10,0,0,0,3,2,1,0,1,1,0,0,2,9,0,0,3,0,0,71,2026
Patrick Cripps,12261,CA,FR,8,8,1,23,31,1,1,0,7,0,5,11,8,2,3,0,24,11,0,0,2,0,0,77,2026
Harry Dean,13273,CA,FR,8,5,4,1,6,0,0,0,0,0,1,0,2,1,1,0,1,6,0,0,6,0,0,72,2026
Francis Evans,12873,CA,FR,8,4,2,4,8,1,1,0,5,0,0,0,3,0,1,0,4,4,0,1,1,0,0,79,2026
Oliver Florent,12497,CA,FR,8,11,5,9,20,0,0,0,1,3,4,1,4,0,0,0,7,12,0,0,0,2,0,80,2026
Nick Haynes,12091,CA,FR,8,14,7,5,19,0,0,0,0,7,1,0,3,0,2,0,5,13,1,0,0,2,1,92,2026
Will Hayward,12509,CA,FR,8,11,9,10,21,0,2,0,3,0,4,0,3,2,0,0,7,14,1,1,1,0,0,78,2026
Brodie Kemp,12937,CA,FR,8,8,7,0,8,4,1,0,1,0,2,0,2,1,1,0,2,6,2,5,0,0,0,91,2026
Cooper Lord,13170,CA,FR,8,8,0,10,18,0,1,0,6,1,2,2,2,1,1,0,8,10,0,0,0,0,1,65,2026
Mitch McGovern,12404,CA,FR,8,7,2,1,8,3,0,0,1,0,2,1,0,1,0,0,3,3,0,2,1,0,0,77,2026
Ashton Moir,13171,CA,FR,8,3,2,4,7,2,0,0,0,0,0,0,2,0,1,0,1,5,0,2,1,0,0,69,2026
Nic Newman,12508,CA,FR,8,15,7,7,22,0,0,0,2,5,1,1,1,0,0,0,3,15,0,0,0,0,0,83,2026
Liam Reidy,13172,CA,FR,8,4,2,11,15,0,0,22,4,2,2,3,1,0,1,0,7,9,0,0,3,0,0,79,2026
Jagga Smith,13274,CA,FR,8,8,8,11,19,0,0,0,5,0,4,0,1,2,1,0,3,17,0,0,0,0,0,76,2026
Sam Walsh,12684,CA,FR,8,19,5,13,32,1,1,0,7,2,8,4,3,2,0,0,12,19,0,0,2,1,1,81,2026
Jacob Weitering,12402,CA,FR,8,9,5,5,14,0,0,0,1,1,0,0,0,1,0,0,7,5,2,0,11,0,0,94,2026
Zac Williams,12175,CA,FR,8,12,2,5,17,0,1,0,5,4,2,2,1,1,0,0,6,11,0,0,2,2,0,76,2026
Lewis Young,12559,CA,FR,8,4,4,6,10,0,0,1,0,0,1,0,0,0,0,0,7,3,3,0,7,0,0,79,2026
Jye Amiss,12983,FR,CA,8,9,7,3,12,3,0,0,1,0,1,0,1,2,0,0,3,9,1,4,1,0,1,93,2026
Shai Bolton,12535,FR,CA,8,16,4,17,33,2,2,0,8,2,9,4,4,1,1,0,11,23,0,0,2,1,3,83,2026
Andrew Brayshaw,12589,FR,CA,8,11,2,15,26,0,0,0,10,1,2,5,3,1,1,0,11,16,0,0,2,1,0,76,2026
Heath Chapman,12875,FR,CA,8,10,3,4,14,0,0,0,2,2,2,0,2,0,2,0,2,11,0,0,1,0,0,79,2026
Jordan Clark,12688,FR,CA,8,16,6,9,25,0,0,0,0,4,3,0,3,1,0,0,2,19,0,0,2,0,2,81,2026
Brennan Cox,12544,FR,CA,8,11,7,3,14,0,0,0,1,2,0,0,1,1,1,0,2,11,0,0,6,0,0,84,2026
Mason Cox,12428,FR,CA,8,4,4,4,8,2,0,8,3,0,0,0,5,0,2,0,4,5,3,3,2,0,0,81,2026
Isaiah Dudley,13204,FR,CA,8,4,1,2,6,0,1,0,2,0,1,1,1,0,1,0,3,3,0,1,0,0,1,63,2026
Neil Erasmus,12966,FR,CA,8,8,6,7,15,0,0,0,0,2,3,5,4,1,2,0,8,9,0,0,2,0,1,74,2026
Michael Frederick,12801,FR,CA,8,8,5,3,11,2,1,0,2,0,2,0,3,0,1,0,3,8,0,3,0,1,1,69,2026
Luke Jackson,12779,FR,CA,8,8,5,13,21,2,1,31,6,0,2,3,3,2,0,0,9,14,2,0,4,0,0,77,2026
Matthew Johnson,13047,FR,CA,8,4,1,10,14,0,0,0,3,2,2,2,3,1,2,0,3,11,0,0,4,0,1,71,2026
Judd McVee,13033,FR,CA,8,11,7,11,22,0,0,0,2,5,0,0,2,0,1,0,5,16,1,0,0,1,0,83,2026
Alex Pearce,12352,FR,CA,8,5,4,4,9,0,0,0,3,4,1,0,3,1,1,0,6,3,1,0,2,0,0,83,2026
Murphy Reid,13180,FR,CA,8,11,5,12,23,0,0,0,1,0,3,3,1,0,0,0,5,18,0,0,0,2,1,84,2026
Luke Ryan,12542,FR,CA,8,20,8,4,24,0,0,0,1,8,2,0,3,1,2,0,2,15,0,0,5,0,0,91,2026
Caleb Serong,12786,FR,CA,8,12,0,10,22,0,0,0,3,2,5,5,5,1,1,0,14,9,0,0,1,0,1,72,2026
Jeremy Sharp,12820,FR,CA,8,8,8,6,14,2,0,0,1,0,1,0,0,0,0,0,1,13,0,2,0,0,0,71,2026
Sam Switkowski,12672,FR,CA,8,2,3,10,12,0,0,0,2,0,3,0,0,0,0,0,6,8,1,0,2,0,1,68,2026
Josh Treacy,12887,FR,CA,8,6,5,2,8,3,0,0,2,0,1,0,2,1,2,0,3,5,1,3,1,0,1,89,2026
Corey Wagner,12453,FR,CA,8,17,4,10,27,0,0,0,5,2,5,1,4,1,0,0,8,20,0,0,1,0,0,77,2026
Karl Worner,13075,FR,CA,8,9,4,14,23,0,0,0,2,3,1,0,2,1,0,0,7,15,1,0,2,2,0,80,2026
Hayden Young,12777,FR,CA,8,8,4,13,21,0,0,0,1,1,2,5,1,1,0,0,11,12,0,0,2,1,1,72,2026
Dan Butler,12490,SK,WC,8,8,0,4,12,1,0,0,2,2,1,1,3,1,0,0,5,6,0,0,0,0,0,81,2026
Anthony Caminiti,13035,SK,WC,8,2,2,1,3,1,0,0,2,0,1,0,2,0,1,0,1,2,0,1,4,0,0,76,2026
Jack Carroll,12976,SK,WC,8,17,10,7,24,0,0,0,3,6,4,0,2,2,1,0,4,21,0,0,2,1,2,74,2026
Hunter Clark,12591,SK,WC,8,7,6,5,12,0,0,0,2,1,1,0,1,0,0,0,3,9,1,0,1,0,2,56,2026
Tom De Koning,12674,SK,WC,8,7,3,2,9,0,1,15,2,2,2,0,2,0,0,0,4,5,0,1,2,0,0,71,2026
Sam Flanders,12824,SK,WC,8,11,6,10,21,1,0,0,2,2,3,3,0,0,0,0,5,16,0,1,0,0,0,68,2026
Hugo Garcia,13125,SK,WC,8,9,3,23,32,2,0,0,5,1,3,9,6,1,1,0,15,16,0,1,0,0,0,70,2026
Max Hall,13193,SK,WC,8,10,5,5,15,2,0,0,3,0,5,2,3,0,1,0,4,12,0,2,1,0,2,79,2026
Jack Higgins,12609,SK,WC,8,7,3,7,14,5,0,0,1,1,1,1,1,1,0,0,7,7,0,2,2,0,1,81,2026
Bradley Hill,12060,SK,WC,8,18,7,11,29,0,0,0,1,2,7,2,1,1,0,0,3,25,0,0,1,1,1,84,2026
Dougal Howard,12420,SK,WC,8,15,11,1,16,0,0,0,0,1,0,0,4,0,2,0,1,13,1,0,2,0,0,89,2026
Rowan Marshall,12564,SK,WC,8,8,4,6,14,1,0,14,4,3,2,6,4,2,3,0,10,6,1,1,5,0,1,76,2026
Mitch Owens,12948,SK,WC,8,8,6,6,14,0,2,0,1,0,3,1,0,0,0,0,8,7,2,2,0,1,0,84,2026
Mattaes Phillipou,13036,SK,WC,8,10,7,8,18,2,2,0,5,0,3,1,0,2,0,0,5,14,0,2,0,0,1,63,2026
Liam Ryan,12600,SK,WC,8,6,2,0,6,3,2,0,0,0,0,0,2,2,0,0,4,2,0,2,1,0,0,62,2026
Cooper Sharman,12929,SK,WC,8,13,10,7,20,2,2,0,1,0,3,1,4,0,3,0,4,16,1,5,0,0,3,90,2026
Jack Silvagni,12458,SK,WC,8,11,9,6,17,0,0,0,1,6,1,0,1,0,0,0,4,12,0,0,3,1,0,89,2026
Jack Sinclair,12325,SK,WC,8,23,6,4,27,0,0,0,0,5,2,0,1,0,0,0,3,21,0,0,0,1,0,85,2026
Nasiah Wanganeen-Milera,12950,SK,WC,8,22,5,12,34,0,0,0,3,4,8,3,4,2,0,0,11,19,0,0,0,3,4,81,2026
Callum Wilkie,12703,SK,WC,8,20,16,5,25,0,0,0,1,2,0,0,1,1,0,0,7,16,2,0,5,0,0,100,2026
Darcy Wilson,13110,SK,WC,8,10,4,17,27,0,0,0,3,2,4,4,3,1,0,0,11,16,0,0,1,0,0,79,2026
Marcus Windhager,12967,SK,WC,8,16,11,9,25,2,0,0,1,3,4,2,5,2,1,0,6,20,0,1,1,0,0,83,2026
Mason Wood,12312,SK,WC,8,9,10,9,18,0,1,0,2,0,1,0,0,0,0,0,3,15,1,0,2,0,0,77,2026
Bo Allan,13221,WC,SK,8,6,2,5,11,0,0,0,0,1,2,0,3,1,1,0,4,7,0,0,0,2,0,72,2026
Liam Baker,12661,WC,SK,8,8,4,6,14,1,0,0,0,1,3,1,5,0,4,0,3,10,0,2,0,0,1,84,2026
Sandy Brock,13209,WC,SK,8,5,4,2,7,0,0,0,1,1,0,0,0,0,0,0,3,4,1,0,6,0,0,78,2026
Malakai Champion,13250,WC,SK,8,2,1,4,6,0,0,0,0,0,0,0,0,0,0,0,2,4,0,0,4,0,0,69,2026
Hamish Davis,13210,WC,SK,8,3,2,9,12,0,0,0,3,0,1,0,1,0,0,0,6,6,0,0,2,0,0,81,2026
Cooper Duff-Tytler,13291,WC,SK,8,6,2,2,8,0,1,3,3,0,3,1,4,2,1,0,5,2,0,0,1,0,0,68,2026
Liam Duggan,12334,WC,SK,8,12,7,7,19,0,0,0,1,4,1,0,3,0,2,0,2,19,0,0,3,0,0,83,2026
Willem Duursma,13292,WC,SK,8,21,11,4,25,0,0,0,0,5,5,3,5,2,1,0,7,18,1,1,1,2,0,79,2026
Reuben Ginbey,13038,WC,SK,8,9,7,3,12,0,0,0,2,2,2,0,1,2,0,0,6,6,2,0,6,1,0,88,2026
Elijah Hewett,13044,WC,SK,8,6,3,11,17,0,0,0,1,0,2,2,3,0,1,0,6,13,0,0,1,0,0,75,2026
Brady Hough,12957,WC,SK,8,4,4,5,9,0,0,0,1,2,1,0,1,0,0,0,0,9,0,0,0,0,0,79,2026
Tim Kelly,12595,WC,SK,8,10,3,9,19,0,0,0,2,0,5,2,5,0,0,0,6,13,0,0,1,2,0,73,2026
Josh Lindsay,13293,WC,SK,8,20,5,11,31,0,0,0,0,7,2,0,1,0,0,0,10,14,0,0,3,0,0,73,2026
Ryan Maric,13070,WC,SK,8,12,5,9,21,0,0,0,3,0,3,1,2,0,0,0,4,16,0,0,0,0,1,81,2026
Tom McCarthy,13240,WC,SK,8,10,3,6,16,0,0,0,3,2,2,0,0,0,0,0,2,11,0,0,2,1,0,73,2026
Milan Murdock,13294,WC,SK,8,9,7,11,20,0,0,0,2,2,2,1,3,0,1,0,2,17,0,0,0,1,0,71,2026
Harley Reid,13111,WC,SK,8,8,2,19,27,1,1,0,1,0,5,7,5,1,1,0,16,11,0,0,2,1,0,77,2026
Jobe Shanahan,13247,WC,SK,8,4,3,6,10,1,2,0,1,1,0,0,0,1,0,0,2,8,1,2,2,0,0,86,2026
Jake Waterman,12601,WC,SK,8,5,5,4,9,1,1,0,1,0,1,0,1,0,0,0,1,8,0,1,0,0,0,81,2026
Bailey Williams,12836,WC,SK,8,8,2,4,12,0,1,20,2,2,3,4,7,3,3,0,10,5,0,0,5,0,1,76,2026
Jack Williams,12962,WC,SK,8,1,2,4,5,0,1,2,2,0,0,0,1,0,1,0,1,4,0,1,2,0,1,90,2026
Elliot Yeo,12087,WC,SK,8,13,4,8,21,1,1,0,4,0,4,6,2,0,0,0,8,13,0,2,1,0,0,71,2026
Tylar Young,13043,WC,SK,8,13,9,5,18,0,0,0,0,6,1,0,2,1,2,0,5,13,1,0,2,0,0,91,2026
Oscar Allen,12655,BL,AD,8,5,3,3,8,1,0,0,2,0,0,0,4,0,2,0,2,6,1,1,0,0,1,63,2026
Harris Andrews,12340,BL,AD,8,9,6,7,16,0,0,0,1,0,1,0,0,0,0,0,3,12,0,0,5,0,1,92,2026
Levi Ashcroft,13197,BL,AD,8,11,5,11,22,0,2,0,1,0,2,0,1,0,1,0,5,16,0,0,2,1,1,78,2026
Will Ashcroft,13040,BL,AD,8,23,8,13,36,1,1,0,2,1,8,3,6,0,1,0,7,28,0,1,0,1,2,83,2026
Zac Bailey,12610,BL,AD,8,17,9,12,29,3,1,0,2,3,3,7,4,1,1,0,12,19,0,2,2,0,1,90,2026
Charlie Cameron,12277,BL,AD,8,12,4,3,15,4,1,0,5,1,3,3,2,2,0,0,6,8,0,1,2,3,1,80,2026
Keidean Coleman,12838,BL,AD,8,11,4,3,14,0,0,0,0,0,4,0,1,1,0,0,6,9,1,0,2,0,0,88,2026
Sam Draper,12810,BL,AD,8,10,4,1,11,1,1,21,0,0,4,5,4,1,2,0,9,2,2,2,0,0,0,69,2026
Josh Dunkley,12408,BL,AD,8,7,6,15,22,0,0,0,9,2,2,2,4,1,1,0,9,12,0,0,1,0,1,80,2026
Jaspa Fletcher,13072,BL,AD,8,13,8,8,21,0,0,0,2,2,3,2,1,1,1,0,3,16,0,0,0,0,0,79,2026
Darcy Fort,12724,BL,AD,8,9,5,5,14,1,0,9,1,2,2,4,4,1,3,0,11,3,3,1,2,0,0,65,2026
Ty Gallop,13235,BL,AD,8,12,9,0,12,0,0,0,0,4,2,0,1,1,1,0,4,9,1,0,4,0,0,90,2026
Ryan Lester,11894,BL,AD,8,12,12,5,17,0,0,0,1,2,3,0,2,0,0,0,2,15,0,0,2,0,1,87,2026
Kai Lohmann,12968,BL,AD,8,3,3,2,5,1,1,0,2,0,1,1,3,0,1,0,2,5,0,2,2,0,1,78,2026
Lincoln McCarthy,12090,BL,AD,8,20,12,3,23,0,0,0,5,4,4,1,4,2,2,0,7,15,1,0,0,0,0,81,2026
Hugh McCluggage,12518,BL,AD,8,7,4,7,14,2,1,0,5,1,0,4,2,0,0,0,8,8,1,3,2,0,0,66,2026
Conor McKenna,12391,BL,AD,8,8,1,3,11,2,1,0,0,2,4,1,0,1,0,0,7,4,0,0,1,1,1,75,2026
Logan Morris,13137,BL,AD,8,8,2,2,10,2,1,0,0,0,1,0,0,2,0,0,7,3,2,2,0,0,1,69,2026
Lachie Neale,12055,BL,AD,8,26,13,16,42,0,1,0,2,3,5,4,3,1,0,0,12,27,0,0,1,0,2,81,2026
Cam Rayner,12592,BL,AD,8,7,3,4,11,1,0,0,3,1,4,2,0,2,0,0,5,7,0,1,2,0,1,81,2026
Bruce Reville,13138,BL,AD,8,5,1,2,7,0,0,0,1,0,2,3,3,0,2,0,5,3,0,0,0,1,0,65,2026
James Tunstill,13005,BL,AD,8,11,7,5,16,0,0,0,0,0,3,2,1,0,0,0,6,10,0,0,2,0,1,77,2026
Darcy Wilmot,13026,BL,AD,8,15,2,6,21,0,0,0,1,2,3,1,0,1,0,0,5,11,0,0,1,0,0,83,2026
Sam Berry,12849,AD,BL,8,6,2,12,18,0,0,0,7,0,3,4,7,0,3,0,13,8,0,0,1,1,0,80,2026
Hugh Bond,13165,AD,BL,8,12,7,5,17,0,0,0,3,5,0,0,1,0,1,0,3,14,0,0,1,0,0,83,2026
Jordon Butts,12829,AD,BL,8,4,3,3,7,0,0,0,0,4,0,0,1,0,1,0,3,4,0,0,4,0,0,94,2026
Brayden Cook,12932,AD,BL,8,11,4,9,20,1,1,0,0,4,0,2,1,2,0,0,6,12,0,1,0,1,1,83,2026
Isaac Cumming,12629,AD,BL,8,11,6,7,18,0,0,0,6,4,2,0,1,2,0,0,5,13,0,0,0,0,0,79,2026
Jordan Dawson,12516,AD,BL,8,20,8,8,28,2,0,0,1,9,4,0,2,0,0,0,5,21,1,0,3,0,1,87,2026
Charlie Edwards,13310,AD,BL,8,8,2,4,12,0,0,0,2,0,2,0,3,0,0,0,5,9,0,0,3,0,0,74,2026
Ben Keays,12434,AD,BL,8,5,2,11,16,1,1,0,0,0,0,2,5,0,1,0,8,8,0,2,0,0,0,83,2026
Rory Laird,12165,AD,BL,8,16,7,13,29,0,0,0,2,3,1,0,4,0,1,0,5,21,0,0,2,1,1,84,2026
Finnbar Maley,13219,AD,BL,8,3,1,2,5,0,1,2,1,0,2,2,1,1,1,0,3,2,1,0,1,0,0,69,2026
Lachlan McAndrew,13065,AD,BL,8,6,0,5,11,0,0,30,6,1,4,6,4,5,1,0,10,2,0,0,0,0,0,64,2026
Max Michalanney,13027,AD,BL,8,11,9,10,21,0,0,0,4,2,1,0,3,0,2,0,4,17,2,1,3,0,1,80,2026
Wayne Milera,12405,AD,BL,8,16,5,6,22,0,0,0,0,5,2,2,3,0,2,0,6,14,1,0,1,0,0,76,2026
Nick Murray,12872,AD,BL,8,8,5,5,13,0,0,0,1,0,4,0,3,0,2,0,4,10,1,0,5,0,0,93,2026
Toby Murray,13280,AD,BL,8,9,5,2,11,0,0,6,0,1,0,0,2,2,0,0,4,7,0,2,1,0,0,58,2026
James Peatling,12934,AD,BL,8,9,1,7,16,0,2,0,9,0,3,6,0,2,0,0,9,7,0,0,0,0,1,80,2026
Luke Pedlar,12921,AD,BL,8,10,5,3,13,3,0,0,3,0,3,0,2,1,0,0,4,10,0,1,0,0,1,82,2026
Josh Rachele,12953,AD,BL,8,7,4,8,15,0,1,0,1,2,3,1,1,0,0,0,4,10,0,1,2,0,0,84,2026
Izak Rankine,12798,AD,BL,8,11,5,8,19,2,1,0,4,1,4,5,4,2,2,0,11,11,0,0,2,0,0,82,2026
Zac Taylor,13159,AD,BL,8,9,7,6,15,0,0,0,1,0,3,0,1,1,0,0,3,12,0,0,2,0,0,76,2026
Riley Thilthorpe,12892,AD,BL,8,7,4,1,8,1,1,0,1,0,2,0,2,0,0,0,3,5,2,2,1,0,1,76,2026
Taylor Walker,11713,AD,BL,8,1,1,1,2,1,0,0,0,0,0,0,1,0,1,0,0,2,0,1,1,0,1,51,2026
Josh Worrell,12912,AD,BL,8,8,4,9,17,0,0,0,2,3,0,0,1,0,0,0,3,11,0,0,4,1,0,83,2026
Aidan Corr,12181,NM,GW,8,10,3,9,19,0,0,0,2,5,0,0,4,0,3,0,8,12,1,0,5,0,0,87,2026
Paul Curtis,12975,NM,GW,8,12,6,5,17,2,0,0,5,0,2,1,2,3,1,0,8,9,0,0,2,0,3,87,2026
Caleb Daniel,12373,NM,GW,8,17,6,13,30,0,0,0,2,3,7,2,3,1,0,0,6,23,0,0,3,0,0,87,2026
Jack Darling,11905,NM,GW,8,9,5,2,11,1,0,0,3,1,2,2,3,1,0,0,5,5,1,2,0,0,1,58,2026
Luke Davies-Uniacke,12590,NM,GW,8,9,4,11,20,0,0,0,3,1,4,5,4,1,2,0,7,14,0,0,0,2,0,79,2026
Lachy Dovaston,13288,NM,GW,8,7,3,3,10,1,1,0,2,0,1,0,0,1,0,0,3,6,0,1,0,1,0,60,2026
Zane Duursma,13106,NM,GW,8,5,2,1,6,0,1,0,1,0,2,0,0,1,0,0,5,1,2,0,0,0,1,68,2026
Nick Larkey,12563,NM,GW,8,11,6,5,16,4,1,0,1,0,4,0,1,3,0,0,8,8,1,2,1,0,1,94,2026
Griffin Logue,12511,NM,GW,8,5,5,6,11,0,0,0,0,1,0,0,1,0,1,0,5,5,2,0,5,0,0,93,2026
Luke McDonald,12246,NM,GW,8,7,4,7,14,0,0,0,3,5,1,0,0,0,0,0,2,12,0,0,2,0,0,89,2026
Colby McKercher,13107,NM,GW,8,11,4,6,17,0,0,0,3,2,1,0,1,0,0,0,1,13,0,0,1,0,0,85,2026
Finn OSullivan,13187,NM,GW,8,10,5,14,24,1,1,0,0,5,2,7,3,1,1,0,10,15,0,1,2,1,0,84,2026
Luke Parker,11953,NM,GW,8,18,3,11,29,1,0,0,2,5,2,1,2,1,0,0,7,16,0,1,4,2,1,88,2026
Toby Pink,13108,NM,GW,8,8,6,1,9,0,0,0,1,2,1,0,0,0,0,0,0,8,0,0,7,0,0,79,2026
Tom Powell,12866,NM,GW,8,7,2,5,12,0,1,0,3,2,1,2,3,1,1,0,5,8,0,0,1,0,0,82,2026
Harry Sheezel,13034,NM,GW,8,17,5,15,32,1,0,0,4,1,3,3,5,1,2,0,5,26,0,0,2,0,0,84,2026
Jy Simpkin,12502,NM,GW,8,12,4,4,16,1,2,0,3,1,4,0,3,0,0,0,3,12,0,0,0,0,0,79,2026
Charlie Spargo,12622,NM,GW,8,6,3,11,17,1,0,0,3,1,1,0,1,1,1,0,4,13,0,0,0,0,0,61,2026
Dylan Stephens,12796,NM,GW,8,12,4,13,25,0,0,0,0,1,5,0,1,1,0,0,8,15,1,0,2,0,0,78,2026
Cooper Trembath,13263,NM,GW,8,2,2,2,4,0,1,4,2,0,1,0,2,0,1,0,3,2,1,1,0,0,1,66,2026
George Wardlaw,13064,NM,GW,8,5,2,10,15,1,0,0,7,0,2,3,0,0,0,0,7,7,0,0,0,0,1,57,2026
Tristan Xerri,12788,NM,GW,8,9,5,16,25,0,0,25,12,0,5,10,4,4,2,0,18,7,2,0,4,0,0,82,2026
Cameron Zurhaar,12557,NM,GW,8,10,5,2,12,0,0,0,1,3,3,0,1,1,1,0,2,9,0,0,3,0,1,75,2026
Leek Aleer,13020,GW,NM,8,4,1,2,6,1,2,12,8,0,2,0,1,2,1,0,5,1,1,0,0,0,0,57,2026
Ryan Angwin,13001,GW,NM,8,11,1,11,22,0,1,0,5,2,6,2,4,1,2,0,8,14,0,0,3,0,1,84,2026
Lachie Ash,12782,GW,NM,8,20,7,10,30,0,1,0,2,9,4,0,5,2,2,0,3,21,0,1,1,2,2,83,2026
Toby Bedford,12772,GW,NM,8,2,2,4,6,0,1,0,2,0,0,0,0,0,0,0,2,4,0,0,1,0,0,75,2026
Jack Buckley,12846,GW,NM,8,6,2,2,8,0,0,0,1,1,2,0,1,0,1,0,4,2,1,0,6,0,0,95,2026
Aaron Cadman,13054,GW,NM,8,8,5,2,10,3,2,0,0,0,2,0,1,0,0,0,0,10,0,3,1,0,1,92,2026
Finn Callaghan,12969,GW,NM,8,9,4,12,21,0,1,0,1,1,2,4,3,0,1,0,6,16,0,0,0,1,0,77,2026
Stephen Coniglio,12028,GW,NM,8,5,6,8,13,0,0,0,0,1,2,0,1,0,0,0,4,7,2,1,2,0,2,71,2026
Brent Daniels,12656,GW,NM,8,12,6,9,21,1,1,0,4,0,8,6,3,2,2,0,8,15,0,0,1,3,2,75,2026
Phoenix Gothard,13279,GW,NM,8,6,1,4,10,1,1,0,0,0,1,1,0,0,0,0,5,5,0,0,0,0,0,67,2026
Toby Greene,12025,GW,NM,8,18,3,10,28,2,0,0,4,3,5,8,3,1,1,0,12,16,1,1,2,1,1,82,2026
Oliver Hannaford,13302,GW,NM,8,5,1,4,9,0,0,0,2,0,1,0,4,0,1,0,5,4,0,1,0,0,0,53,2026
Harry Himmelberg,12462,GW,NM,8,6,4,9,15,0,0,0,3,1,1,0,3,0,1,0,0,13,0,0,6,0,0,86,2026
Jesse Hogan,12321,GW,NM,8,8,6,7,15,2,0,0,0,0,1,1,2,1,0,0,4,12,0,4,1,0,0,91,2026
Connor Idun,12750,GW,NM,8,10,4,14,24,0,0,0,1,9,0,1,4,0,1,0,8,15,0,0,4,0,0,97,2026
Jayden Laverde,12377,GW,NM,8,8,4,2,10,0,0,0,0,5,1,0,2,1,2,0,2,8,0,0,5,0,0,88,2026
James Leake,13174,GW,NM,8,6,2,7,13,0,0,0,3,1,0,0,1,0,0,0,3,10,1,0,4,0,0,71,2026
Nick Madden,13236,GW,NM,8,2,2,8,10,0,0,24,3,1,1,1,5,2,1,0,6,6,1,0,3,0,0,60,2026
Xavier OHalloran,12821,GW,NM,8,8,2,10,18,1,0,0,2,0,5,4,1,0,0,0,9,10,0,0,2,0,1,71,2026
Clayton Oliver,12410,GW,NM,8,8,4,18,26,0,0,0,7,1,2,5,2,1,1,0,13,13,0,0,0,0,1,82,2026
Jake Stringer,12167,GW,NM,8,9,3,4,13,3,1,0,1,1,3,1,3,2,1,0,8,5,0,2,0,0,0,82,2026
Harvey Thomas,13101,GW,NM,8,7,2,9,16,1,2,0,7,0,2,0,3,1,2,0,10,7,0,1,3,0,0,82,2026
Lachie Whitfield,12143,GW,NM,8,18,6,14,32,0,0,0,3,3,5,0,2,0,2,0,5,20,0,0,2,1,0,80,2026
Karl Amon,12357,HW,CW,9,20,7,10,30,0,0,0,3,3,2,1,1,0,0,0,4,24,0,0,0,1,0,83,2026
Tom Barrass,12383,HW,CW,9,6,4,1,7,0,0,0,0,1,2,0,0,1,0,0,5,2,3,0,8,0,0,83,2026
Josh Battle,12558,HW,CW,9,15,8,7,22,0,1,0,1,1,2,1,2,1,1,0,5,17,1,0,5,0,0,98,2026
Massimo DAmbrosio,12998,HW,CW,9,14,6,9,23,1,1,0,3,2,4,2,3,0,0,0,6,18,0,0,2,1,0,81,2026
Calsher Dear,13135,HW,CW,9,5,4,4,9,1,0,0,1,0,2,0,0,0,0,0,3,6,0,1,1,1,0,67,2026
Jack Ginnivan,12927,HW,CW,9,12,6,12,24,1,0,0,2,1,3,1,4,0,1,0,6,19,0,1,0,1,1,78,2026
Jack Gunston,11845,HW,CW,9,8,3,5,13,0,1,0,2,0,1,0,3,1,1,0,4,9,0,1,1,0,0,80,2026
Blake Hardwick,12469,HW,CW,9,5,3,10,15,0,0,0,2,2,0,1,2,0,1,0,2,10,0,0,4,0,0,94,2026
Jarman Impey,12237,HW,CW,9,19,9,8,27,0,0,0,2,0,3,0,1,0,1,0,1,24,0,0,2,0,0,86,2026
Mitch Lewis,12636,HW,CW,9,7,7,7,14,2,2,0,2,0,2,0,2,0,1,0,7,7,2,4,2,0,0,86,2026
Connor Macdonald,12954,HW,CW,9,15,7,13,28,3,0,0,1,0,6,4,3,0,0,0,11,18,0,0,0,0,1,81,2026
Cam Mackenzie,13031,HW,CW,9,12,6,12,24,0,0,0,3,0,5,3,3,0,0,0,6,18,0,0,0,0,0,75,2026
Finn Maginness,12843,HW,CW,9,5,1,10,15,0,1,0,0,1,1,0,4,1,0,0,8,8,0,0,0,0,0,66,2026
Lloyd Meek,12856,HW,CW,9,6,2,4,10,0,0,17,2,1,1,4,4,3,3,0,7,4,0,0,0,0,1,40,2026
Dylan Moore,12710,HW,CW,9,11,5,7,18,1,0,0,0,0,3,0,2,1,1,0,1,15,0,0,0,0,0,91,2026
Conor Nash,12670,HW,CW,9,12,1,10,22,0,0,0,5,0,5,6,3,5,1,0,7,14,0,0,0,0,0,74,2026
Jai Newcombe,12915,HW,CW,9,16,4,11,27,1,2,0,5,1,4,8,4,4,2,0,10,16,0,1,0,1,0,83,2026
Ned Reeves,12906,HW,CW,9,9,4,7,16,1,1,24,1,1,2,5,5,5,3,0,12,3,2,1,2,0,0,60,2026
Jack Scrimshaw,12565,HW,CW,9,4,1,5,9,0,0,0,0,1,0,1,2,0,2,0,2,7,0,0,2,0,0,76,2026
James Sicily,12332,HW,CW,9,12,9,10,22,0,0,0,0,3,4,0,1,1,1,0,10,11,2,0,0,0,1,85,2026
Josh Ward,12955,HW,CW,9,9,5,12,21,0,0,0,6,1,6,2,3,1,0,0,6,15,0,0,0,0,2,72,2026
Nick Watson,13105,HW,CW,9,8,1,7,15,2,0,0,2,0,2,0,4,1,1,0,6,7,0,0,1,0,1,77,2026
Josh Weddle,13057,HW,CW,9,6,6,3,9,0,2,0,2,0,2,0,5,1,3,0,5,6,2,3,2,0,0,83,2026
Angus Anderson,13306,CW,HW,9,5,2,3,8,1,0,0,3,0,2,0,7,0,5,0,2,5,0,1,0,0,1,63,2026
Jack Buller,13071,CW,HW,9,3,5,4,7,1,0,0,0,0,0,0,1,1,1,0,3,4,1,2,2,0,0,86,2026
Darcy Cameron,12660,CW,HW,9,8,4,6,14,0,0,12,0,1,1,3,3,5,2,0,6,6,0,0,0,0,0,62,2026
Jack Crisp,12061,CW,HW,9,16,7,8,24,0,0,0,2,4,2,2,1,1,0,0,8,17,0,0,2,0,0,87,2026
Josh Daicos,12573,CW,HW,9,13,5,10,23,0,0,0,2,8,0,0,0,0,0,0,2,14,0,0,0,0,1,81,2026
Nick Daicos,12943,CW,HW,9,18,4,16,34,1,0,0,5,3,8,4,9,0,0,0,10,21,0,0,1,1,0,88,2026
Jordan de Goey,12318,CW,HW,9,12,4,6,18,2,0,0,2,0,3,1,2,1,1,0,4,14,0,1,0,0,1,85,2026
Jamie Elliott,12083,CW,HW,9,3,4,5,8,3,0,0,1,0,0,0,0,1,0,0,1,7,0,3,0,0,1,89,2026
Billy Frampton,12676,CW,HW,9,6,6,2,8,0,0,0,0,1,1,0,2,1,1,0,4,5,2,0,9,0,0,95,2026
Will Hayes,13228,CW,HW,9,5,2,1,6,2,0,0,0,0,2,0,2,0,0,0,1,5,0,0,0,0,0,69,2026
Dan Houston,12495,CW,HW,9,19,7,13,32,0,2,0,3,9,1,1,1,0,0,0,5,21,0,0,3,0,1,84,2026
Patrick Lipinski,12578,CW,HW,9,7,4,12,19,0,0,0,3,2,2,4,4,1,2,0,5,14,0,0,0,0,0,84,2026
Ned Long,13023,CW,HW,9,10,4,12,22,0,0,0,9,3,2,5,9,1,4,0,12,10,0,1,2,0,2,77,2026
Brayden Maynard,12371,CW,HW,9,19,8,4,23,1,0,0,1,6,0,0,3,0,2,0,3,15,0,0,8,0,0,80,2026
Daniel McStay,12291,CW,HW,9,7,7,4,11,1,1,0,1,0,3,0,2,0,1,0,6,4,4,2,2,0,1,83,2026
Darcy Moore,12372,CW,HW,9,4,1,2,6,0,0,0,1,3,0,0,5,2,2,0,4,3,0,0,8,0,0,83,2026
Wil Parker,13147,CW,HW,9,3,2,5,8,0,0,0,1,2,0,0,2,0,0,0,2,6,0,0,2,0,0,77,2026
Harry Perryman,12536,CW,HW,9,9,3,1,10,0,0,0,2,4,0,0,2,1,0,0,2,8,0,0,0,0,0,38,2026
Isaac Quaynor,12740,CW,HW,9,12,8,6,18,0,0,0,5,3,2,1,2,1,0,0,5,13,0,0,2,0,0,79,2026
Lachie Schultz,12700,CW,HW,9,11,5,9,20,1,0,0,4,0,2,0,2,5,1,0,9,11,0,0,0,0,1,80,2026
Steele Sidebottom,11751,CW,HW,9,4,3,5,9,1,0,0,1,0,2,1,1,0,0,0,2,7,0,1,1,2,1,76,2026
Roan Steele,13248,CW,HW,9,4,4,6,10,0,0,0,2,0,0,0,1,0,0,0,4,6,0,0,1,0,0,84,2026
Oscar Steene,13298,CW,HW,9,2,1,5,7,1,0,10,5,0,1,1,7,2,4,0,5,2,1,0,1,0,1,68,2026
Marcus Bontempelli,12269,WB,FR,9,16,4,17,33,2,1,0,2,3,6,6,6,0,3,0,7,27,0,1,2,0,2,82,2026
Lachlan Bramble,12916,WB,FR,9,10,4,4,14,1,0,0,1,3,2,0,0,0,0,0,4,9,0,0,2,0,0,84,2026
Jedd Busslinger,13216,WB,FR,9,10,6,3,13,0,0,0,0,4,1,0,2,2,2,0,5,9,0,0,18,1,0,95,2026
Nick Coffield,12608,WB,FR,9,12,10,4,16,0,0,0,0,2,1,0,3,0,2,0,4,12,2,0,2,0,0,73,2026
Bailey Dale,12354,WB,FR,9,23,7,9,32,0,0,0,5,9,2,2,1,1,0,0,4,20,0,0,3,1,2,89,2026
Sam Davidson,13178,WB,FR,9,4,2,2,6,0,0,0,5,0,0,0,0,0,0,0,2,4,0,0,0,0,1,77,2026
Josh Dolan,13179,WB,FR,9,2,1,5,7,0,0,0,3,0,1,0,1,0,0,0,1,6,0,0,0,0,0,63,2026
Louis Emmett,13308,WB,FR,9,1,0,1,2,0,0,2,0,0,1,0,1,0,1,0,0,2,0,0,1,0,0,47,2026
Tim English,12537,WB,FR,9,8,3,7,15,0,0,21,3,2,2,1,2,1,1,0,7,10,0,0,3,0,1,74,2026
Joel Freijah,13140,WB,FR,9,10,4,9,19,0,1,0,5,1,4,6,2,1,0,0,11,9,0,0,2,0,2,90,2026
Harvey Gallagher,13102,WB,FR,9,9,3,4,13,0,2,0,0,1,3,1,0,2,0,0,5,8,0,0,1,0,0,67,2026
Arthur Jones,13046,WB,FR,9,6,3,9,15,1,2,0,1,0,2,0,1,3,1,0,7,9,1,1,0,0,2,78,2026
Matthew Kennedy,12455,WB,FR,9,17,4,13,30,0,0,0,5,3,3,9,5,2,0,0,11,16,0,0,2,0,0,80,2026
Buku Khamis,12900,WB,FR,9,9,8,9,18,0,0,0,1,6,0,0,0,1,0,0,5,13,0,0,6,1,1,94,2026
Will Lewis,13284,WB,FR,9,5,1,6,11,2,1,0,1,0,0,0,2,4,2,0,6,5,0,1,1,0,0,63,2026
Lachlan McNeil,12854,WB,FR,9,8,4,3,11,2,0,0,4,1,3,0,3,2,1,0,4,6,0,2,1,0,0,81,2026
Aaron Naughton,12594,WB,FR,9,4,4,5,9,2,1,0,2,0,2,0,2,1,1,0,5,6,0,3,3,0,1,84,2026
Ed Richards,12605,WB,FR,9,18,3,7,25,1,0,0,6,4,6,7,2,1,1,0,12,13,0,0,0,1,0,83,2026
Ryley Sanders,13103,WB,FR,9,6,2,19,25,1,0,0,5,0,2,2,1,1,1,0,8,16,0,0,0,0,0,85,2026
Michael Sellwood,13276,WB,FR,9,5,0,8,13,0,0,0,3,4,1,0,2,2,0,0,11,2,0,0,0,0,0,82,2026
Laitham Vandermeer,12776,WB,FR,9,7,3,5,12,1,0,0,1,0,4,1,1,0,1,0,3,10,0,0,1,0,0,50,2026
Rhylee West,12748,WB,FR,9,9,4,8,17,2,0,0,4,0,5,2,1,1,0,0,10,7,0,2,2,2,0,84,2026
Bailey Williams,12441,WB,FR,9,8,1,7,15,0,0,0,1,1,1,0,5,2,0,0,3,12,0,0,1,0,0,94,2026
Jye Amiss,12983,FR,WB,9,8,4,4,12,0,3,0,3,0,0,0,1,0,0,0,1,11,0,3,0,0,1,91,2026
Shai Bolton,12535,FR,WB,9,14,2,16,30,1,1,0,3,1,8,9,3,0,2,0,15,16,0,0,1,1,2,83,2026
Andrew Brayshaw,12589,FR,WB,9,12,3,10,22,1,0,0,8,1,4,6,3,1,1,0,8,11,0,0,2,0,0,79,2026
Heath Chapman,12875,FR,WB,9,7,5,8,15,1,0,0,3,2,1,0,2,0,1,0,5,9,0,0,6,0,0,88,2026
Jordan Clark,12688,FR,WB,9,15,5,7,22,0,0,0,2,3,4,3,5,0,3,0,8,13,0,0,2,0,0,88,2026
Brennan Cox,12544,FR,WB,9,8,2,5,13,0,0,0,3,3,3,0,2,0,1,0,6,6,1,0,6,0,0,85,2026
Mason Cox,12428,FR,WB,9,7,2,1,8,0,2,25,3,1,0,2,0,2,0,0,5,3,1,1,0,0,0,48,2026
Isaiah Dudley,13204,FR,WB,9,2,0,4,6,1,0,0,2,0,0,1,2,1,1,0,3,4,0,0,1,0,2,68,2026
Neil Erasmus,12966,FR,WB,9,11,4,4,15,1,0,0,4,3,2,4,5,1,1,0,7,9,0,1,0,0,1,69,2026
Michael Frederick,12801,FR,WB,9,6,3,3,9,1,0,0,3,1,2,1,1,0,1,0,3,6,1,0,1,1,0,78,2026
Luke Jackson,12779,FR,WB,9,8,3,10,18,1,2,36,8,0,5,3,4,3,1,0,12,5,2,2,2,0,0,80,2026
Matthew Johnson,13047,FR,WB,9,2,0,9,11,0,0,0,1,2,2,2,6,0,4,0,4,9,0,0,2,0,0,84,2026
Alex Pearce,12352,FR,WB,9,3,4,4,7,0,0,0,3,1,0,0,2,0,2,0,1,6,0,0,3,0,0,92,2026
Murphy Reid,13180,FR,WB,9,10,3,12,22,1,0,0,3,1,4,3,2,1,0,0,4,16,0,0,1,2,1,81,2026
Luke Ryan,12542,FR,WB,9,20,8,2,22,0,0,0,3,4,2,0,1,2,1,0,5,13,1,0,4,0,0,85,2026
Caleb Serong,12786,FR,WB,9,11,0,6,17,0,0,0,8,1,5,4,3,1,1,0,6,10,0,0,0,0,0,80,2026
Jeremy Sharp,12820,FR,WB,9,7,4,3,10,0,0,0,1,0,3,0,2,0,0,0,3,10,0,0,1,0,0,64,2026
Sam Switkowski,12672,FR,WB,9,7,3,5,12,3,0,0,3,0,1,1,2,0,1,0,6,6,0,2,2,2,0,77,2026
Josh Treacy,12887,FR,WB,9,12,8,5,17,3,3,0,2,0,4,0,5,2,2,0,8,9,2,5,3,0,2,86,2026
Patrick Voss,13129,FR,WB,9,2,1,3,5,0,0,0,3,0,2,1,3,1,2,0,3,2,0,0,2,0,0,70,2026
Corey Wagner,12453,FR,WB,9,11,2,8,19,0,0,0,0,6,2,1,4,0,1,0,5,13,0,0,2,0,1,71,2026
Karl Worner,13075,FR,WB,9,16,8,5,21,0,0,0,2,5,6,1,1,2,0,0,4,14,1,0,1,1,0,77,2026
Hayden Young,12777,FR,WB,9,10,1,10,20,3,0,0,7,2,3,3,3,0,1,0,9,11,0,0,0,0,0,76,2026
Aliir Aliir,12433,PA,AD,9,16,14,5,21,0,0,0,0,6,0,0,6,0,2,0,10,11,4,0,5,0,0,100,2026
Miles Bergman,12867,PA,AD,9,14,11,9,23,0,0,0,2,5,2,1,1,0,0,0,4,19,1,0,2,1,0,89,2026
Joe Berry,13188,PA,AD,9,3,3,8,11,2,0,0,0,0,0,1,2,0,1,0,5,9,1,1,0,0,0,76,2026
Jase Burgoyne,13007,PA,AD,9,10,3,4,14,0,0,0,2,2,3,2,1,2,1,0,5,9,0,0,1,0,1,78,2026
Zak Butters,12698,PA,AD,9,15,3,15,30,1,0,0,6,3,5,3,7,1,1,0,13,19,0,0,5,1,0,88,2026
Darcy Byrne-Jones,12422,PA,AD,9,15,8,7,22,0,0,0,2,6,0,0,2,1,0,0,6,13,0,0,2,1,0,76,2026
Willem Drew,12695,PA,AD,9,14,4,6,20,0,0,0,6,2,3,4,5,1,1,0,8,10,0,0,1,0,1,81,2026
Corey Durdin,12936,PA,AD,9,5,1,1,6,2,1,0,5,0,1,0,1,2,0,0,3,4,0,1,0,0,1,94,2026
Logan Evans,13156,PA,AD,9,16,7,7,23,0,0,0,1,6,2,0,1,1,0,0,4,15,1,0,4,1,0,82,2026
Kane Farrell,12664,PA,AD,9,11,6,1,12,0,0,0,2,4,1,1,3,1,1,0,4,7,0,0,1,0,1,74,2026
Mitch Georgiades,12766,PA,AD,9,8,6,3,11,3,3,0,2,0,0,0,7,0,5,0,5,6,1,6,0,0,0,86,2026
Jason Horne-Francis,12956,PA,AD,9,10,2,10,20,0,0,0,3,1,5,7,2,1,1,0,10,10,1,0,0,2,1,78,2026
Lachie Jones,12882,PA,AD,9,4,2,4,8,0,0,0,5,2,0,0,0,3,0,0,5,3,0,0,6,1,0,74,2026
Josh Lai,13301,PA,AD,9,13,5,2,15,0,0,0,1,3,1,0,0,2,0,0,4,10,1,0,3,0,0,65,2026
Ewan Mackinlay,13269,PA,AD,9,2,2,3,5,0,0,0,5,0,1,1,1,0,0,0,2,3,1,0,1,0,0,72,2026
Todd Marshall,12575,PA,AD,9,7,2,0,7,0,0,0,1,2,0,0,1,0,1,0,1,3,0,0,5,0,0,72,2026
Christian Moraes,13199,PA,AD,9,7,4,8,15,0,0,0,6,1,1,1,2,1,0,0,5,11,0,0,0,0,0,53,2026
Joe Richards,13139,PA,AD,9,7,2,3,10,0,1,0,6,2,3,2,1,0,0,0,2,8,0,0,1,3,0,79,2026
Jordon Sweet,12890,PA,AD,9,8,3,9,17,0,1,36,4,1,2,5,4,2,2,0,14,4,2,1,3,0,0,79,2026
Dante Visentini,13073,PA,AD,9,3,0,2,5,1,0,19,1,0,0,1,3,0,2,0,5,1,0,0,3,0,0,62,2026
Jacob Wehr,12991,PA,AD,9,15,5,2,17,0,2,0,2,1,6,2,3,0,0,0,3,13,0,0,0,0,1,86,2026
Jack Whitlock,13259,PA,AD,9,7,4,7,14,1,1,0,0,0,0,0,3,0,0,0,8,6,2,2,3,0,1,93,2026
Ollie Wines,12150,PA,AD,9,9,6,21,30,1,0,0,7,1,3,7,5,3,2,0,18,13,1,1,0,0,1,64,2026
Sam Berry,12849,AD,PA,9,18,3,11,29,0,0,0,19,2,7,5,5,1,2,0,17,14,1,0,1,0,0,74,2026
Hugh Bond,13165,AD,PA,9,3,1,2,5,0,0,0,1,0,1,0,1,0,1,0,2,3,0,0,1,0,0,82,2026
James Borlase,13086,AD,PA,9,7,4,2,9,0,0,0,1,3,0,0,0,2,0,0,4,5,1,0,4,0,0,92,2026
Jordon Butts,12829,AD,PA,9,7,4,1,8,0,0,0,0,1,1,0,0,1,0,0,4,5,1,0,6,0,0,54,2026
Brayden Cook,12932,AD,PA,9,13,7,8,21,1,0,0,3,0,4,4,4,1,1,0,7,15,1,0,0,3,1,92,2026
Isaac Cumming,12629,AD,PA,9,3,1,8,11,0,0,0,1,1,1,1,1,0,1,0,5,8,0,0,3,0,1,85,2026
Daniel Curtin,13132,AD,PA,9,6,4,3,9,0,1,0,1,0,2,0,3,0,0,0,3,6,0,1,0,0,3,76,2026
Ben Keays,12434,AD,PA,9,10,6,8,18,3,0,0,5,1,3,0,3,0,2,0,9,13,0,1,1,0,1,99,2026
Rory Laird,12165,AD,PA,9,7,0,9,16,0,0,0,4,1,3,0,1,1,1,0,4,10,0,0,3,0,0,82,2026
Lachlan McAndrew,13065,AD,PA,9,6,2,5,11,0,0,33,4,1,3,3,2,1,1,0,8,3,1,1,2,0,0,74,2026
Max Michalanney,13027,AD,PA,9,4,2,5,9,0,0,0,0,1,3,0,1,0,0,0,3,7,1,0,2,0,0,88,2026
Wayne Milera,12405,AD,PA,9,16,6,13,29,0,0,0,4,6,1,3,0,2,0,0,11,14,1,0,0,0,0,87,2026
Toby Murray,13280,AD,PA,9,9,9,1,10,2,0,3,1,0,3,0,2,1,1,0,2,8,1,2,3,0,0,68,2026
Alex Neal-Bullen,12367,AD,PA,9,10,6,7,17,0,0,0,6,2,6,2,0,1,0,0,8,10,0,0,3,0,0,83,2026
James Peatling,12934,AD,PA,9,13,2,12,25,0,0,0,5,2,6,4,4,2,1,0,12,14,0,0,0,0,0,75,2026
Luke Pedlar,12921,AD,PA,9,4,3,8,12,1,0,0,4,0,2,0,4,0,1,0,4,8,0,1,2,3,0,77,2026
Josh Rachele,12953,AD,PA,9,10,2,3,13,2,3,0,4,0,2,1,4,1,1,0,6,8,0,0,1,0,1,81,2026
Izak Rankine,12798,AD,PA,9,15,3,8,23,1,0,0,5,2,3,5,7,1,2,0,12,12,0,0,2,3,0,83,2026
Jake Soligo,12952,AD,PA,9,12,3,10,22,0,2,0,4,1,4,5,3,0,2,0,11,13,0,1,0,0,2,71,2026
Zac Taylor,13159,AD,PA,9,6,4,4,10,0,1,0,4,0,1,0,2,0,2,0,2,8,0,0,0,0,1,77,2026
Riley Thilthorpe,12892,AD,PA,9,5,2,5,10,1,2,2,2,0,2,1,2,2,1,0,6,4,1,1,1,0,0,90,2026
Taylor Walker,11713,AD,PA,9,0,0,0,0,0,0,0,0,0,0,0,0,0,0,0,0,0,0,0,0,0,0,16,2026
Josh Worrell,12912,AD,PA,9,14,4,8,22,0,0,0,3,4,1,1,3,3,1,0,10,8,1,0,0,1,0,95,2026
Harris Andrews,12340,BL,ES,9,11,11,5,16,0,0,0,1,2,0,0,1,0,0,0,5,11,3,0,6,0,0,95,2026
Levi Ashcroft,13197,BL,ES,9,10,3,8,18,0,0,0,3,1,2,2,3,1,1,0,5,11,0,0,0,1,0,80,2026
Will Ashcroft,13040,BL,ES,9,18,9,10,28,0,0,0,5,1,5,1,3,0,0,0,6,22,0,0,0,0,1,82,2026
Zac Bailey,12610,BL,ES,9,15,7,6,21,4,0,0,4,2,6,3,2,2,1,0,8,14,0,3,1,0,0,85,2026
Charlie Cameron,12277,BL,ES,9,12,6,2,14,2,1,0,0,0,3,1,2,0,0,0,5,10,2,4,2,1,4,72,2026
Keidean Coleman,12838,BL,ES,9,21,11,3,24,0,0,0,1,5,3,1,1,0,1,0,3,19,0,0,1,0,1,82,2026
Cody Curtin,13319,BL,ES,9,3,3,4,7,0,2,0,0,0,0,0,1,0,0,0,4,4,1,0,1,0,0,69,2026
Sam Draper,12810,BL,ES,9,4,2,5,9,0,0,22,0,1,4,1,3,0,1,0,6,2,1,0,1,0,1,69,2026
Josh Dunkley,12408,BL,ES,9,9,6,8,17,0,0,0,8,3,3,4,3,0,1,0,6,10,1,0,1,0,1,84,2026
Jaspa Fletcher,13072,BL,ES,9,8,8,11,19,0,0,0,1,2,0,1,1,0,1,0,5,14,0,0,1,1,0,76,2026
Darcy Fort,12724,BL,ES,9,8,6,4,12,0,0,11,2,0,2,3,1,3,1,0,6,6,3,1,2,0,1,62,2026
Ty Gallop,13235,BL,ES,9,8,5,1,9,0,0,0,1,1,3,0,4,0,2,0,4,5,1,0,6,0,0,68,2026
Ryan Lester,11894,BL,ES,9,14,10,9,23,0,0,0,3,3,0,2,2,2,0,0,8,13,2,0,4,0,0,96,2026
Kai Lohmann,12968,BL,ES,9,12,8,4,16,4,2,0,2,0,2,0,5,0,4,0,5,13,1,4,0,0,2,86,2026
Lincoln McCarthy,12090,BL,ES,9,8,3,3,11,0,0,0,3,0,0,0,3,0,0,0,4,6,0,0,2,0,0,77,2026
Hugh McCluggage,12518,BL,ES,9,17,8,8,25,1,2,0,3,2,7,9,4,1,1,0,12,15,0,1,2,0,1,74,2026
Conor McKenna,12391,BL,ES,9,11,3,1,12,2,0,0,2,0,6,0,5,1,2,0,2,8,0,1,1,0,2,66,2026
Logan Morris,13137,BL,ES,9,11,7,0,11,4,3,0,0,0,0,0,1,1,0,0,4,8,2,5,0,0,1,80,2026
Lachie Neale,12055,BL,ES,9,18,7,9,27,1,0,0,3,3,7,3,5,1,1,0,7,20,0,1,0,1,1,83,2026
Cam Rayner,12592,BL,ES,9,8,8,11,19,2,0,0,3,0,3,0,6,2,2,0,6,14,2,2,1,0,3,82,2026
Bruce Reville,13138,BL,ES,9,14,7,3,17,1,0,0,0,2,4,1,4,0,1,0,4,12,1,1,0,0,0,73,2026
Darcy Wilmot,13026,BL,ES,9,24,12,8,32,1,0,0,1,5,3,0,1,0,0,0,7,22,2,0,1,1,0,86,2026
Dayne Zorko,12076,BL,ES,9,21,13,6,27,0,0,0,2,7,0,1,2,1,0,0,3,17,0,0,1,0,0,74,2026
Lachlan Blakiston,13237,ES,BL,9,3,0,7,10,1,0,4,1,3,0,1,1,0,0,0,2,7,0,0,3,0,0,83,2026
Nate Caddy,13148,ES,BL,9,13,9,1,14,3,5,0,2,0,4,0,2,2,0,0,4,10,1,6,1,0,1,87,2026
Jye Caldwell,12755,ES,BL,9,5,0,10,15,0,0,0,2,0,2,6,2,1,1,0,7,9,0,0,1,0,0,48,2026
Nik Cox,12852,ES,BL,9,4,2,5,9,1,0,0,1,0,2,0,0,1,0,0,4,5,0,1,0,0,0,97,2026
Archer Day-Wicks,13223,ES,BL,9,7,1,7,14,0,0,0,1,0,5,1,1,0,1,0,3,9,0,0,0,0,1,76,2026
Sam Durham,12925,ES,BL,9,12,4,15,27,0,0,0,4,0,7,9,6,3,2,0,18,10,1,0,0,0,0,81,2026
Xavier Duursma,12696,ES,BL,9,6,2,10,16,0,0,0,3,1,4,2,2,0,0,0,4,11,0,0,0,0,1,79,2026
Tom Edwards,13198,ES,BL,9,5,3,4,9,1,0,0,1,1,3,0,1,0,0,0,2,7,0,1,1,0,1,75,2026
Saad El-Hawli,13203,ES,BL,9,11,4,6,17,0,0,0,2,5,2,0,3,1,0,0,5,11,0,0,0,3,0,60,2026
Jacob Farrow,13299,ES,BL,9,6,4,11,17,0,0,0,0,3,0,0,1,1,0,0,5,11,0,0,0,0,0,83,2026
Jade Gresham,12415,ES,BL,9,2,1,5,7,0,0,0,3,0,0,1,1,0,1,0,2,7,0,0,0,0,0,77,2026
Max Kondogiannis,13282,ES,BL,9,4,3,9,13,0,0,0,2,4,0,0,2,0,1,0,3,11,0,0,2,0,0,71,2026
Kyle Langford,12349,ES,BL,9,8,6,3,11,1,2,0,1,0,3,0,1,0,1,0,3,8,1,3,2,0,0,86,2026
Andrew McGrath,12491,ES,BL,9,10,4,5,15,0,0,0,0,8,0,0,3,0,1,0,2,11,0,0,6,0,0,76,2026
Ben McKay,12580,ES,BL,9,2,2,3,5,0,0,0,0,1,1,0,1,1,0,0,3,3,1,0,1,0,0,83,2026
Zach Merrett,12241,ES,BL,9,13,4,15,28,1,1,0,6,1,5,4,6,2,1,0,6,23,0,1,1,0,1,83,2026
Jayden Nguyen,13258,ES,BL,9,4,5,6,10,0,1,0,2,0,1,0,0,0,0,0,4,6,0,2,2,0,0,75,2026
Jaxon Prior,12874,ES,BL,9,9,1,3,12,0,0,0,2,1,1,0,2,2,0,0,5,6,0,0,0,1,1,79,2026
Zach Reid,12889,ES,BL,9,7,5,5,12,0,0,0,0,5,0,0,1,1,0,0,2,9,1,0,5,0,0,72,2026
Archie Roberts,13168,ES,BL,9,20,4,7,27,0,0,0,1,5,4,1,4,1,2,0,7,15,2,0,1,1,0,83,2026
Sullivan Robey,13307,ES,BL,9,8,3,9,17,1,0,0,3,0,3,6,7,1,1,0,11,9,0,0,0,1,1,86,2026
Dyson Sharp,13283,ES,BL,9,9,6,10,19,0,0,0,2,0,3,2,3,1,1,0,5,15,0,0,0,0,2,76,2026
Peter Wright,12366,ES,BL,9,14,5,12,26,2,1,27,1,4,3,4,3,2,2,0,7,19,1,1,2,0,1,84,2026
Noah Balta,12686,RI,WC,9,14,6,6,20,3,0,20,2,2,3,6,3,4,1,0,18,5,4,3,3,0,0,77,2026
Nathan Broad,12456,RI,WC,9,10,7,5,15,0,0,0,0,3,0,1,2,0,0,0,3,10,1,0,3,1,0,82,2026
Tom Brown,13096,RI,WC,9,18,10,5,23,0,0,0,1,8,1,0,1,1,0,0,4,15,1,0,0,0,1,79,2026
Tom Burton,13315,RI,WC,9,8,0,7,15,0,0,0,0,0,5,0,2,0,1,0,5,11,0,0,1,4,1,80,2026
Seth Campbell,13100,RI,WC,9,10,4,7,17,3,2,0,5,0,4,1,0,0,0,0,8,8,0,3,1,1,1,85,2026
Sam Cumming,13316,RI,WC,9,11,1,12,23,0,0,0,6,1,6,2,5,2,0,0,7,17,0,0,1,0,1,75,2026
Jonty Faull,13214,RI,WC,9,7,4,0,7,3,0,0,2,0,1,0,0,0,0,0,3,4,3,2,0,0,0,88,2026
Campbell Gray,13218,RI,WC,9,7,3,2,9,0,0,0,1,4,1,0,1,0,1,0,2,7,0,0,11,0,0,91,2026
Steely Green,13145,RI,WC,9,7,3,3,10,2,0,0,2,0,3,1,3,1,2,0,4,4,0,1,0,0,1,82,2026
Sam Grlj,13290,RI,WC,9,6,2,3,9,0,0,0,4,1,1,0,3,1,1,0,2,7,0,0,0,1,0,74,2026
Oliver Hayes-Brown,13309,RI,WC,9,2,0,6,8,0,0,15,0,0,1,3,4,1,2,0,8,1,0,0,1,0,0,49,2026
Jacob Hopper,12440,RI,WC,9,10,2,10,20,0,0,0,2,0,3,5,9,2,3,0,12,9,0,0,2,0,1,74,2026
Mykelti Lefau,13113,RI,WC,9,6,5,5,11,1,2,0,0,0,2,0,3,3,0,0,6,5,1,1,4,0,0,95,2026
Tom Lynch,11948,RI,WC,9,9,4,4,13,1,3,0,2,0,2,2,3,0,1,0,8,5,3,3,0,0,2,85,2026
Kane McAuliffe,13117,RI,WC,9,18,3,10,28,1,0,0,4,5,6,4,9,0,2,0,9,18,0,0,0,0,1,71,2026
Ben Miller,12941,RI,WC,9,5,2,1,6,0,0,0,3,2,0,0,1,1,1,0,1,5,0,0,8,1,0,97,2026
Dion Prestia,11917,RI,WC,9,0,0,0,0,0,0,0,0,0,0,0,0,0,0,0,0,0,0,0,0,0,0,5,2026
Patrick Retschko,13313,RI,WC,9,6,2,3,9,0,0,0,5,3,2,1,1,1,0,0,2,8,0,0,0,4,1,93,2026
Jack Ross,12712,RI,WC,9,8,4,21,29,0,0,0,5,5,2,11,3,1,0,0,19,10,0,0,1,0,0,86,2026
Jayden Short,12418,RI,WC,9,16,6,7,23,0,0,0,1,6,2,0,2,1,1,0,5,16,0,0,1,0,0,85,2026
Tyler Sonsie,13014,RI,WC,9,9,5,7,16,1,1,0,1,0,2,1,1,1,0,0,7,9,1,2,1,0,0,83,2026
James Trezise,13095,RI,WC,9,11,8,7,18,0,0,0,3,4,1,0,1,1,0,0,2,16,0,0,0,0,0,77,2026
Nick Vlastuin,12174,RI,WC,9,12,9,7,19,0,0,0,0,6,0,0,2,2,0,0,6,12,2,0,0,0,0,87,2026
Liam Baker,12661,WC,RI,9,13,3,7,20,0,0,0,3,3,7,1,3,4,1,0,7,15,0,0,3,0,1,79,2026
Malakai Champion,13250,WC,RI,9,3,0,5,8,1,0,0,2,0,2,0,3,0,1,0,5,6,0,0,1,0,0,76,2026
Tom Cole,12446,WC,RI,9,4,5,3,7,0,0,0,0,0,0,0,0,0,0,0,2,5,0,0,1,0,0,71,2026
Hamish Davis,13210,WC,RI,9,8,3,10,18,0,0,0,0,1,4,1,1,0,0,0,5,13,0,0,2,0,1,80,2026
Cooper Duff-Tytler,13291,WC,RI,9,4,1,7,11,0,0,4,7,1,3,2,3,1,1,0,5,5,0,0,1,0,0,65,2026
Liam Duggan,12334,WC,RI,9,7,7,7,14,0,0,0,3,3,0,0,2,1,2,0,2,11,0,0,2,0,0,80,2026
Willem Duursma,13292,WC,RI,9,9,1,9,18,1,1,0,5,1,4,3,3,0,0,0,8,12,1,1,2,1,1,74,2026
Reuben Ginbey,13038,WC,RI,9,6,3,5,11,0,0,0,3,1,2,1,2,0,0,0,4,7,0,0,6,0,0,92,2026
Elijah Hewett,13044,WC,RI,9,3,0,5,8,0,0,0,2,0,2,1,3,0,2,0,4,3,0,0,0,0,1,74,2026
Brady Hough,12957,WC,RI,9,7,6,5,12,0,0,0,2,3,0,0,1,0,0,0,4,9,0,0,7,0,0,80,2026
Tim Kelly,12595,WC,RI,9,12,3,18,30,1,0,0,2,1,7,7,2,2,1,0,16,14,0,0,0,0,1,81,2026
Josh Lindsay,13293,WC,RI,9,10,4,7,17,0,0,0,1,2,1,1,2,0,0,0,6,9,0,0,0,0,0,65,2026
Ryan Maric,13070,WC,RI,9,12,6,6,18,1,0,0,3,0,3,0,1,0,0,0,3,15,0,0,2,1,0,79,2026
Tom McCarthy,13240,WC,RI,9,18,10,5,23,0,0,0,1,5,0,1,2,0,0,0,4,16,0,0,2,0,0,82,2026
Milan Murdock,13294,WC,RI,9,10,7,6,16,0,0,0,1,2,5,1,2,0,2,0,1,14,0,0,0,2,1,77,2026
Matthew Owies,12839,WC,RI,9,9,6,3,12,1,2,0,2,0,2,0,3,1,1,0,7,7,3,3,3,0,0,80,2026
Harley Reid,13111,WC,RI,9,12,2,14,26,2,1,0,4,1,4,10,11,0,5,0,20,9,0,0,2,4,0,82,2026
Harry Schoenberg,12813,WC,RI,9,8,3,4,12,0,1,0,0,1,3,1,4,0,1,0,3,10,0,0,1,0,0,68,2026
Jobe Shanahan,13247,WC,RI,9,4,4,0,4,1,1,0,0,0,2,0,0,0,0,0,2,2,2,2,2,0,0,85,2026
Jake Waterman,12601,WC,RI,9,15,11,4,19,3,1,0,2,0,2,0,4,3,0,0,6,13,2,3,1,0,0,93,2026
Bailey Williams,12836,WC,RI,9,6,0,6,12,1,0,28,4,1,4,2,5,1,4,0,8,4,0,0,3,0,0,76,2026
Elliot Yeo,12087,WC,RI,9,10,1,10,20,1,1,0,11,1,5,7,4,3,1,0,10,10,1,1,0,0,1,69,2026
Tylar Young,13043,WC,RI,9,12,9,2,14,0,0,0,0,4,2,0,2,0,1,0,5,9,2,0,5,0,0,90,2026
Tom Blamires,13287,NM,GE,9,7,4,10,17,0,0,0,2,5,1,0,2,1,0,0,4,13,0,0,0,3,0,74,2026
Charlie Comben,12938,NM,GE,9,8,6,6,14,0,0,0,0,5,1,1,4,0,2,0,5,9,2,0,6,0,0,91,2026
Aidan Corr,12181,NM,GE,9,5,5,9,14,0,0,0,1,2,0,0,3,0,2,0,5,9,1,0,4,0,0,80,2026
Paul Curtis,12975,NM,GE,9,9,3,8,17,1,2,0,5,1,3,1,4,1,0,0,8,8,0,2,2,0,1,79,2026
Caleb Daniel,12373,NM,GE,9,9,1,10,19,0,0,0,6,4,1,2,2,0,1,0,4,13,0,0,1,0,0,85,2026
Jack Darling,11905,NM,GE,9,6,2,9,15,3,0,1,0,1,2,2,3,1,1,0,9,6,2,1,1,0,1,66,2026
Luke Davies-Uniacke,12590,NM,GE,9,12,2,12,24,0,0,0,5,2,9,6,4,2,3,0,11,15,0,0,1,3,1,73,2026
Lachy Dovaston,13288,NM,GE,9,2,1,6,8,0,1,0,1,0,0,2,1,2,0,0,5,3,0,0,0,0,0,43,2026
Zane Duursma,13106,NM,GE,9,4,2,4,8,3,0,0,2,0,1,0,1,1,0,0,2,6,0,1,0,0,0,64,2026
Nick Larkey,12563,NM,GE,9,4,4,5,9,1,1,0,2,0,1,0,1,1,0,0,3,6,1,2,0,0,0,91,2026
Griffin Logue,12511,NM,GE,9,6,2,7,13,0,0,0,2,4,0,0,1,0,0,0,3,10,0,0,5,0,0,92,2026
Luke McDonald,12246,NM,GE,9,8,3,9,17,0,0,0,0,2,3,0,3,2,3,0,6,13,0,0,1,0,0,85,2026
Colby McKercher,13107,NM,GE,9,15,5,8,23,2,0,0,2,2,3,0,4,0,2,0,0,24,0,2,0,0,1,86,2026
Finn OSullivan,13187,NM,GE,9,9,1,12,21,0,0,0,6,0,4,4,3,0,0,0,6,15,0,0,0,0,2,76,2026
Luke Parker,11953,NM,GE,9,12,6,7,19,0,0,0,0,3,1,1,1,2,1,0,5,13,0,0,0,0,0,84,2026
Tom Powell,12866,NM,GE,9,4,3,4,8,0,0,0,5,0,1,0,0,0,0,0,4,5,0,0,2,0,0,67,2026
Harry Sheezel,13034,NM,GE,9,10,5,10,20,1,0,0,4,0,2,3,4,2,3,0,6,15,0,1,0,0,0,83,2026
Jy Simpkin,12502,NM,GE,9,14,2,7,21,2,0,0,1,0,6,3,6,1,2,0,6,16,0,1,1,0,1,84,2026
Charlie Spargo,12622,NM,GE,9,2,1,7,9,0,0,0,1,1,1,0,2,0,0,0,4,5,0,0,1,0,1,75,2026
Dylan Stephens,12796,NM,GE,9,10,3,6,16,0,0,0,0,2,3,2,4,1,2,0,4,11,0,0,1,0,1,75,2026
Cooper Trembath,13263,NM,GE,9,5,4,4,9,0,1,4,1,0,1,0,4,0,2,0,3,6,1,0,0,0,0,83,2026
Tristan Xerri,12788,NM,GE,9,14,1,16,30,0,1,23,7,2,5,14,5,8,2,0,26,4,1,0,3,0,1,81,2026
Cameron Zurhaar,12557,NM,GE,9,8,2,8,16,0,0,0,2,1,1,0,1,1,0,0,9,7,0,0,2,2,0,83,2026
Tom Atkins,12690,GE,NM,9,9,2,10,19,0,0,0,5,1,3,3,5,1,1,0,12,8,0,0,0,2,0,78,2026
Jack Bowes,12499,GE,NM,9,6,2,8,14,1,0,0,1,1,1,1,3,3,1,0,5,9,0,0,0,0,0,65,2026
Tanner Bruhn,12871,GE,NM,9,10,6,12,22,0,0,0,7,4,5,0,5,1,0,0,3,18,0,0,0,0,0,70,2026
Jeremy Cameron,12017,GE,NM,9,15,8,4,19,3,3,0,1,0,3,1,7,1,3,0,4,15,0,3,3,0,4,92,2026
Brad Close,12806,GE,NM,9,5,2,9,14,0,1,0,1,0,4,0,0,2,0,0,6,8,0,0,1,0,2,78,2026
Patrick Dangerfield,11700,GE,NM,9,4,1,7,11,1,0,0,2,0,2,1,2,4,1,0,5,6,0,1,1,0,0,74,2026
Sam De Koning,12891,GE,NM,9,5,3,8,13,0,0,14,0,0,2,3,5,1,1,0,7,5,1,0,4,0,0,66,2026
Oliver Dempsey,12974,GE,NM,9,6,4,8,14,1,1,0,3,0,1,0,1,0,1,0,5,9,1,2,0,0,0,93,2026
Mitchell Edwards,13285,GE,NM,9,4,0,4,8,0,0,20,2,1,1,2,4,0,4,0,3,4,0,0,0,0,0,56,2026
Zach Guthrie,12551,GE,NM,9,13,4,9,22,1,0,0,1,4,3,1,2,0,1,0,4,18,1,0,3,0,0,81,2026
Oliver Henry,12851,GE,NM,9,8,3,6,14,1,1,0,5,0,4,1,1,1,0,0,8,6,1,1,1,0,0,73,2026
Max Holmes,12881,GE,NM,9,19,4,10,29,2,0,0,2,5,6,4,2,1,1,0,9,19,0,1,0,2,1,84,2026
Lawson Humphries,13160,GE,NM,9,9,5,3,12,1,0,0,3,5,0,0,2,2,0,0,4,7,0,0,2,1,0,86,2026
Jake Kolodjashnij,12370,GE,NM,9,8,5,6,14,0,0,0,0,1,1,0,2,1,0,0,3,11,0,0,10,0,0,76,2026
Shaun Mannagh,13104,GE,NM,9,12,1,6,18,4,1,0,1,0,7,4,0,0,0,0,7,11,0,1,0,1,1,77,2026
Jack Martin,12236,GE,NM,9,9,7,7,16,2,0,0,2,0,0,1,0,0,0,0,4,12,0,1,0,0,0,65,2026
Oisin Mullin,13066,GE,NM,9,7,4,11,18,0,0,0,6,1,1,4,3,3,2,0,10,8,0,0,0,1,1,81,2026
Shannon Neale,12992,GE,NM,9,7,5,3,10,3,0,6,4,0,1,1,1,0,0,0,3,7,1,2,1,0,1,95,2026
Mark OConnor,12531,GE,NM,9,7,4,8,15,0,0,0,0,1,3,0,4,0,3,0,5,9,0,0,2,0,1,82,2026
Connor OSullivan,13122,GE,NM,9,6,4,6,12,0,0,0,1,5,1,0,4,0,2,0,2,10,0,0,11,0,0,95,2026
Bailey Smith,12692,GE,NM,9,14,0,12,26,0,1,0,1,4,3,6,2,3,1,0,10,14,0,0,1,0,1,76,2026
Tom Stewart,12505,GE,NM,9,10,5,4,14,0,0,0,0,3,0,0,3,0,1,0,4,8,1,0,2,1,0,82,2026
James Worpel,12619,GE,NM,9,10,2,7,17,1,0,0,5,1,8,6,5,3,3,0,10,8,0,1,0,0,0,73,2026
Dan Butler,12490,SK,CA,9,4,0,2,6,0,0,0,3,1,0,0,3,0,1,0,1,5,0,0,0,0,0,44,2026
Anthony Caminiti,13035,SK,CA,9,3,1,3,6,0,1,0,1,1,1,0,1,1,0,0,3,3,0,0,2,0,0,77,2026
Jack Carroll,12976,SK,CA,9,6,4,7,13,0,0,0,4,2,1,0,1,0,0,0,2,11,0,0,1,0,0,82,2026
Tom De Koning,12674,SK,CA,9,6,3,5,11,2,0,20,1,1,2,4,2,2,2,0,5,6,1,2,1,0,0,73,2026
Sam Flanders,12824,SK,CA,9,9,6,9,18,0,0,0,3,1,4,1,1,1,1,0,4,12,0,0,1,1,0,79,2026
Hugo Garcia,13125,SK,CA,9,7,2,9,16,0,1,0,3,2,3,4,3,1,1,0,8,9,0,0,1,0,3,72,2026
Max Hall,13193,SK,CA,9,13,6,10,23,0,0,0,2,1,2,4,3,1,0,0,8,16,0,0,0,1,0,76,2026
Liam Henry,12831,SK,CA,9,10,5,5,15,3,0,0,3,1,3,0,2,1,0,0,2,11,0,3,0,0,0,57,2026
Bradley Hill,12060,SK,CA,9,14,10,6,20,1,0,0,2,2,3,1,3,0,1,0,4,16,0,1,0,2,1,88,2026
Dougal Howard,12420,SK,CA,9,13,9,1,14,0,0,0,1,4,1,1,0,0,0,0,2,12,0,0,9,0,0,89,2026
Jack Macrae,12166,SK,CA,9,8,1,7,15,0,0,0,6,1,1,1,3,1,1,0,6,9,0,0,1,0,0,64,2026
Rowan Marshall,12564,SK,CA,9,14,9,8,22,3,0,10,3,1,3,4,3,2,1,0,9,12,2,3,1,0,0,74,2026
Liam OConnell,13194,SK,CA,9,5,4,5,10,0,0,0,4,0,0,2,2,0,0,0,5,5,0,1,4,0,0,77,2026
Mitch Owens,12948,SK,CA,9,11,7,6,17,3,2,0,0,0,2,0,2,4,0,0,8,9,1,4,3,0,2,95,2026
Mattaes Phillipou,13036,SK,CA,9,11,5,9,20,0,1,0,3,0,3,2,3,2,1,0,8,12,0,1,0,0,2,87,2026
Cooper Sharman,12929,SK,CA,9,14,9,3,17,2,3,0,1,0,4,0,3,0,1,0,6,11,2,6,4,0,3,95,2026
Jack Silvagni,12458,SK,CA,9,5,5,3,8,0,0,0,0,4,0,0,2,0,0,0,0,8,0,0,7,0,0,89,2026
Jack Sinclair,12325,SK,CA,9,20,8,9,29,0,0,0,1,4,1,2,4,0,1,0,6,17,0,0,0,3,0,78,2026
Liam Stocker,12721,SK,CA,9,2,0,2,4,0,0,0,0,0,0,0,1,0,1,0,0,3,0,0,1,0,0,62,2026
Nasiah Wanganeen-Milera,12950,SK,CA,9,22,3,9,31,1,1,0,1,5,5,5,6,3,1,0,8,17,0,1,0,5,0,85,2026
Callum Wilkie,12703,SK,CA,9,17,12,5,22,0,0,0,1,8,0,0,2,0,2,0,5,14,1,0,1,0,0,98,2026
Marcus Windhager,12967,SK,CA,9,9,2,7,16,0,0,0,3,0,2,3,4,1,1,0,5,8,0,0,1,0,0,77,2026
Mason Wood,12312,SK,CA,9,11,7,8,19,1,1,0,1,2,5,0,3,1,1,0,7,13,0,1,1,0,2,82,2026
Ben Ainsworth,12498,CA,SK,9,13,6,9,22,2,1,0,2,0,5,0,1,0,0,0,5,16,0,2,0,1,1,82,2026
Matt Carroll,13212,CA,SK,9,9,5,3,12,1,0,0,0,0,4,0,4,0,2,0,4,9,1,1,3,0,0,75,2026
Adam Cerra,12603,CA,SK,9,8,7,17,25,0,0,0,4,1,3,4,5,3,2,0,11,14,0,0,2,0,0,67,2026
Matthew Cottrell,12822,CA,SK,9,9,4,3,12,0,0,0,2,1,2,1,0,1,0,0,3,8,0,0,1,0,0,85,2026
Lachlan Cowan,13028,CA,SK,9,4,2,4,8,0,0,0,1,0,3,2,2,0,1,0,2,6,0,0,0,0,1,72,2026
Patrick Cripps,12261,CA,SK,9,8,3,6,14,1,0,0,1,0,3,2,5,2,3,0,5,12,0,1,2,0,0,80,2026
Harry Dean,13273,CA,SK,9,7,5,1,8,0,0,0,1,0,1,0,4,2,3,0,2,7,0,0,7,0,0,65,2026
Francis Evans,12873,CA,SK,9,8,3,4,12,1,2,0,3,0,2,2,1,2,0,0,8,4,1,0,0,0,0,75,2026
Oliver Florent,12497,CA,SK,9,17,9,13,30,0,0,0,1,6,2,2,6,0,1,0,10,19,0,0,3,0,0,89,2026
Nick Haynes,12091,CA,SK,9,18,9,3,21,0,0,0,1,3,0,0,1,0,0,0,1,18,0,0,2,1,0,89,2026
Will Hayward,12509,CA,SK,9,5,4,8,13,0,1,0,2,0,3,0,0,1,0,0,4,10,0,1,1,0,0,81,2026
Oliver Hollands,13029,CA,SK,9,7,6,10,17,0,0,0,2,1,2,1,2,0,0,0,4,12,0,0,0,0,2,81,2026
Brodie Kemp,12937,CA,SK,9,14,8,2,16,3,3,0,3,0,2,0,2,0,0,0,3,11,2,5,0,0,0,93,2026
Mitch McGovern,12404,CA,SK,9,7,5,4,11,1,2,0,1,1,0,0,1,1,0,0,5,6,0,2,5,1,0,76,2026
Harry McKay,12566,CA,SK,9,8,5,4,12,0,2,0,0,0,2,0,2,1,0,0,7,7,1,1,0,0,0,97,2026
Nic Newman,12508,CA,SK,9,22,13,6,28,0,0,0,2,6,2,0,3,0,1,0,1,21,0,0,3,5,0,86,2026
Marc Pittonet,12417,CA,SK,9,3,1,1,4,0,0,14,2,1,1,2,3,0,3,0,3,0,1,0,2,0,0,54,2026
Liam Reidy,13172,CA,SK,9,3,0,3,6,0,0,8,2,0,1,1,1,1,1,0,2,3,0,0,0,0,1,50,2026
Adam Saad,12330,CA,SK,9,13,3,3,16,0,0,0,3,1,4,0,1,0,0,0,4,10,0,0,5,3,0,79,2026
Jagga Smith,13274,CA,SK,9,11,6,10,21,0,1,0,1,1,2,3,1,1,0,0,6,14,0,1,0,0,1,75,2026
Sam Walsh,12684,CA,SK,9,10,2,14,24,0,0,0,5,0,4,4,7,1,1,0,8,15,0,0,1,0,0,76,2026
Jacob Weitering,12402,CA,SK,9,9,8,4,13,0,0,0,0,2,0,0,2,0,2,0,3,10,1,0,8,0,0,93,2026
Zac Williams,12175,CA,SK,9,13,4,5,18,0,1,0,1,4,2,0,1,1,1,0,5,11,0,1,1,1,0,80,2026
Kade Chandler,12756,ME,SY,9,6,0,8,14,1,0,0,7,1,3,0,3,1,1,0,5,8,0,0,0,0,1,91,2026
Paddy Cross,13300,ME,SY,9,7,0,2,9,0,0,0,2,2,2,1,1,0,1,0,4,6,0,0,4,0,0,74,2026
Bayley Fritsch,12598,ME,SY,9,5,2,7,12,0,1,0,2,0,1,1,2,0,1,0,4,8,0,1,0,0,1,95,2026
Max Gawn,11966,ME,SY,9,12,4,6,18,2,0,22,1,3,3,7,2,3,0,0,9,8,1,1,3,0,0,84,2026
Max Heath,13254,ME,SY,9,4,2,4,8,1,0,16,2,0,3,3,4,3,3,0,8,1,1,0,1,0,0,46,2026
Blake Howes,13098,ME,SY,9,6,3,10,16,0,0,0,2,4,1,0,1,0,0,0,4,12,0,0,1,0,0,84,2026
Matthew Jefferson,13182,ME,SY,9,4,2,8,12,1,0,0,2,0,3,0,2,1,1,0,8,4,2,1,1,0,1,88,2026
Changkuoth Jiath,12752,ME,SY,9,7,3,5,12,0,0,0,3,1,1,0,2,1,0,0,5,8,0,0,2,0,1,74,2026
Ed Langdon,12393,ME,SY,9,12,4,10,22,0,0,0,2,5,3,1,4,0,2,0,8,10,0,0,2,2,0,85,2026
Harvey Langford,13184,ME,SY,9,8,3,6,14,1,0,0,0,0,2,2,4,0,0,0,5,8,1,1,0,0,0,86,2026
Bailey Laurie,13032,ME,SY,9,5,1,12,17,1,1,0,1,0,2,0,2,0,0,0,5,12,0,0,0,0,2,67,2026
Jake Lever,12351,ME,SY,9,13,4,2,15,0,0,0,1,5,1,0,1,0,0,0,2,9,0,0,4,0,0,94,2026
Brody Mihocek,12639,ME,SY,9,1,1,2,3,0,1,0,0,0,0,0,0,0,0,0,3,0,1,1,0,0,0,4,2026
Harry Petty,12653,ME,SY,9,7,6,6,13,0,0,0,2,2,0,0,2,1,1,0,4,8,0,0,5,0,0,94,2026
Kysaiah Pickett,12771,ME,SY,9,17,1,5,22,2,1,0,6,3,2,8,5,1,2,0,11,10,0,0,4,0,1,89,2026
Latrelle Pickett,13286,ME,SY,9,5,4,8,13,1,2,0,0,0,2,0,7,0,2,0,8,10,1,1,3,3,0,79,2026
Harry Sharp,12864,ME,SY,9,11,4,7,18,2,2,0,2,0,8,3,2,2,1,0,7,12,0,1,0,0,1,90,2026
Tom Sparrow,12693,ME,SY,9,13,2,8,21,1,2,0,10,0,7,6,3,1,3,0,6,13,0,0,1,3,1,81,2026
Jack Steele,12368,ME,SY,9,4,2,15,19,0,0,0,4,0,3,6,1,1,0,0,11,8,0,0,0,0,1,73,2026
Koltyn Tholstrup,13123,ME,SY,9,15,0,7,22,0,0,0,2,10,3,1,2,1,0,0,8,7,0,0,0,0,0,77,2026
Daniel Turner,12996,ME,SY,9,9,6,7,16,1,0,0,2,6,1,0,4,0,2,0,5,9,0,0,5,0,0,93,2026
Jacob van Rooyen,13048,ME,SY,9,3,1,4,7,2,0,0,4,0,2,1,3,2,0,0,5,4,0,0,1,0,0,88,2026
Caleb Windsor,13099,ME,SY,9,11,1,4,15,1,1,0,5,1,6,5,1,2,0,0,10,10,0,0,2,1,0,67,2026
Joel Amartey,12844,SY,ME,9,7,6,7,14,4,1,0,2,0,2,0,4,1,1,0,4,10,0,5,1,0,1,78,2026
Riley Bice,13195,SY,ME,9,10,6,7,17,0,0,0,2,2,0,1,2,0,0,0,2,13,0,0,3,2,0,83,2026
Nick Blakey,12699,SY,ME,9,14,1,15,29,0,2,0,2,4,5,3,3,1,2,0,9,15,0,0,5,7,1,80,2026
Billy Cootee,13317,SY,ME,9,5,1,6,11,0,0,0,2,0,4,4,1,1,0,0,4,6,0,0,0,1,0,56,2026
Charlie Curnow,12421,SY,ME,9,7,2,1,8,1,4,0,0,0,0,0,3,0,1,0,3,3,0,2,1,0,0,78,2026
Will Edwards,13318,SY,ME,9,4,3,6,10,0,0,0,2,1,0,0,3,1,2,0,6,4,1,0,9,0,0,86,2026
Brodie Grundy,12217,SY,ME,9,12,2,14,26,1,1,45,4,4,3,11,8,2,4,0,15,8,0,0,1,0,0,85,2026
Isaac Heeney,12326,SY,ME,9,11,4,22,33,0,0,0,5,3,6,3,3,1,0,0,16,17,1,0,1,1,2,81,2026
James Jordon,12860,SY,ME,9,6,0,12,18,0,0,0,6,1,2,4,0,2,0,0,9,8,0,0,0,0,0,93,2026
Jake Lloyd,12268,SY,ME,9,12,7,5,17,1,0,0,2,3,3,2,2,0,1,0,3,13,1,1,1,0,0,84,2026
Logan McDonald,12861,SY,ME,9,5,4,2,7,3,0,1,2,0,0,0,1,1,1,0,4,3,2,1,1,0,0,73,2026
Justin McInerney,12711,SY,ME,9,12,5,17,29,1,1,0,2,2,7,5,3,2,1,0,9,20,0,0,1,0,1,89,2026
Lewis Melican,12526,SY,ME,9,7,5,6,13,0,0,0,0,3,2,0,1,0,0,0,2,10,0,0,4,0,0,81,2026
Callum Mills,12413,SY,ME,9,14,11,12,26,0,0,0,3,3,1,0,0,0,0,0,4,18,1,0,2,0,0,80,2026
Tom Papley,12412,SY,ME,9,9,2,5,14,1,1,0,4,0,4,1,1,1,1,0,5,10,0,2,4,0,2,73,2026
Dane Rampe,12140,SY,ME,9,11,5,11,22,0,0,0,0,2,3,0,2,0,1,0,2,20,0,0,5,0,0,84,2026
Matt Roberts,12994,SY,ME,9,10,8,8,18,0,1,0,4,3,4,1,1,2,0,0,4,15,0,0,2,1,0,82,2026
Malcolm Rosas,12903,SY,ME,9,11,4,3,14,7,0,0,3,0,1,0,1,0,1,0,6,9,0,3,2,0,0,82,2026
James Rowbottom,12714,SY,ME,9,8,3,11,19,0,0,0,6,1,2,4,5,2,1,0,8,12,0,1,0,0,1,71,2026
Jai Serong,13022,SY,ME,9,8,6,8,16,0,0,0,3,2,1,0,5,1,2,0,2,14,0,0,1,0,0,83,2026
Angus Sheldrick,12951,SY,ME,9,7,4,14,21,0,2,0,0,2,2,2,2,1,0,0,9,12,0,1,0,0,2,51,2026
Chad Warner,12797,SY,ME,9,15,4,6,21,0,1,0,4,1,8,3,2,0,1,0,6,15,0,0,3,1,1,77,2026
Sam Wicks,12818,SY,ME,9,15,2,7,22,0,0,0,3,4,3,0,1,1,0,0,7,14,0,0,0,0,1,71,2026
Oscar Adams,13251,GC,GW,9,7,4,10,17,0,0,0,0,0,0,0,1,0,1,0,2,14,0,0,4,0,0,71,2026
Noah Anderson,12767,GC,GW,9,17,6,10,27,1,0,0,0,5,2,2,3,0,1,0,5,22,1,1,0,1,0,87,2026
Mac Andrew,13019,GC,GW,9,16,10,8,24,0,1,2,1,6,3,2,2,1,2,0,2,19,0,0,4,2,0,98,2026
Sam Clohesy,13119,GC,GW,9,5,4,4,9,0,2,0,1,0,2,0,2,0,1,0,3,6,0,1,0,0,0,72,2026
Sam Collins,12444,GC,GW,9,8,7,5,13,0,0,0,4,4,0,0,2,0,0,0,4,8,1,0,8,1,0,92,2026
Alex Davies,12942,GC,GW,9,4,3,13,17,0,0,0,5,0,2,4,3,0,1,0,10,7,0,0,0,0,0,54,2026
Will Graham,13120,GC,GW,9,2,1,6,8,0,0,0,2,0,0,0,0,1,0,0,4,5,1,0,0,0,0,80,2026
Lachlan Gulbin,13272,GC,GW,9,4,4,8,12,0,0,0,2,3,2,0,2,0,0,0,3,8,0,0,1,1,0,73,2026
Bailey Humphrey,13049,GC,GW,9,8,2,0,8,0,3,0,2,0,5,2,2,1,2,0,2,8,0,2,0,0,0,81,2026
Joel Jeffrey,12933,GC,GW,9,15,10,8,23,1,0,0,3,3,2,1,1,0,0,0,3,18,0,1,0,0,0,63,2026
Ben King,12728,GC,GW,9,6,2,2,8,2,1,0,1,0,2,0,0,2,0,0,2,5,0,1,0,0,0,80,2026
Leo Lombard,13232,GC,GW,9,4,4,13,17,0,1,0,3,1,3,2,2,0,0,0,6,11,0,0,0,0,1,80,2026
Ben Long,12521,GC,GW,9,8,4,2,10,0,0,0,5,1,4,1,5,0,3,0,2,6,0,0,1,0,0,81,2026
Touk Miller,12331,GC,GW,9,10,3,13,23,0,0,0,5,1,3,5,1,1,0,0,10,13,0,0,1,0,0,79,2026
Ned Moyle,13050,GC,GW,9,4,4,4,8,0,0,34,3,1,0,0,0,0,0,0,2,6,1,0,2,0,0,80,2026
John Noble,12743,GC,GW,9,30,12,5,35,1,0,0,1,8,3,1,4,1,1,0,6,25,1,1,3,2,0,83,2026
Christian Petracca,12430,GC,GW,9,19,4,10,29,2,1,0,4,0,8,6,2,2,1,0,13,15,0,0,0,0,2,84,2026
Wil Powell,12652,GC,GW,9,14,10,7,21,1,1,0,4,3,4,0,0,0,0,0,4,16,0,0,0,0,1,82,2026
Ethan Read,13121,GC,GW,9,6,4,3,9,0,1,2,1,0,2,1,2,1,0,0,6,3,2,1,0,0,0,72,2026
Daniel Rioli,12403,GC,GW,9,15,6,8,23,0,0,0,3,2,3,0,3,1,1,0,4,19,1,0,0,2,0,82,2026
Jamarra Ugle-Hagan,12923,GC,GW,9,6,1,0,6,3,1,0,1,0,0,0,3,2,0,0,4,2,0,1,1,0,0,68,2026
Bodhi Uwland,13041,GC,GW,9,16,13,10,26,0,0,0,2,0,3,0,1,0,1,0,9,14,3,0,6,0,0,75,2026
Lachie Weller,12385,GC,GW,9,14,8,10,24,0,0,0,3,2,5,2,3,0,0,0,7,16,1,0,1,0,2,80,2026
Leek Aleer,13020,GW,GC,9,4,2,6,10,0,2,9,3,1,1,2,1,1,1,0,6,4,0,0,3,0,0,62,2026
Ryan Angwin,13001,GW,GC,9,6,3,5,11,0,1,0,1,0,2,0,3,1,0,0,2,9,0,1,0,0,1,59,2026
Lachie Ash,12782,GW,GC,9,13,9,16,29,0,0,0,2,3,4,3,4,0,1,0,7,24,0,1,2,0,0,76,2026
Toby Bedford,12772,GW,GC,9,4,1,4,8,1,0,0,5,1,0,0,1,1,0,0,3,6,0,1,1,0,0,83,2026
Kieren Briggs,12904,GW,GC,9,1,0,2,3,0,0,18,1,0,1,2,2,0,0,0,4,1,0,0,4,0,0,51,2026
Jack Buckley,12846,GW,GC,9,5,0,7,12,0,0,0,4,0,0,1,1,1,1,0,5,8,0,0,9,0,0,96,2026
Aaron Cadman,13054,GW,GC,9,8,6,7,15,2,1,0,4,0,6,0,3,0,0,0,5,9,2,2,4,0,0,96,2026
Finn Callaghan,12969,GW,GC,9,12,2,16,28,0,0,0,6,6,4,7,5,2,0,0,10,17,0,0,4,0,1,83,2026
Stephen Coniglio,12028,GW,GC,9,14,2,7,21,0,1,0,1,1,2,1,4,0,1,0,4,12,0,1,0,0,0,67,2026
Brent Daniels,12656,GW,GC,9,9,2,9,18,0,0,0,0,2,3,3,0,0,0,0,11,7,0,0,3,0,0,77,2026
Joe Fonti,13164,GW,GC,9,10,5,7,17,0,0,0,4,2,3,2,2,0,0,0,7,9,0,0,5,0,0,80,2026
Phoenix Gothard,13279,GW,GC,9,3,2,8,11,2,0,0,1,0,1,0,1,0,1,0,2,10,0,1,1,1,0,67,2026
Toby Greene,12025,GW,GC,9,13,3,3,16,1,2,0,3,1,4,1,2,2,0,0,5,11,0,0,0,0,0,79,2026
Harry Himmelberg,12462,GW,GC,9,5,4,7,12,0,1,0,1,3,0,0,0,1,0,0,7,5,0,1,7,0,0,85,2026
Jesse Hogan,12321,GW,GC,9,7,6,1,8,1,3,0,0,0,1,0,3,0,0,0,2,7,1,3,2,0,0,91,2026
Connor Idun,12750,GW,GC,9,15,3,8,23,0,0,0,4,5,2,0,1,0,1,0,6,11,0,0,4,1,0,100,2026
Jayden Laverde,12377,GW,GC,9,5,3,2,7,0,0,0,1,4,1,0,5,0,2,0,2,5,0,0,5,0,0,89,2026
James Leake,13174,GW,GC,9,4,3,8,12,0,0,0,2,2,1,0,5,0,2,0,1,10,0,0,3,0,0,73,2026
Xavier OHalloran,12821,GW,GC,9,12,1,6,18,0,1,0,2,0,8,2,3,1,1,0,7,11,0,0,0,1,0,68,2026
Clayton Oliver,12410,GW,GC,9,12,5,20,32,0,1,0,4,3,3,9,5,2,2,0,13,19,0,0,1,0,1,85,2026
Jake Stringer,12167,GW,GC,9,9,1,5,14,1,0,0,2,0,1,1,3,0,0,0,7,4,0,0,1,0,2,72,2026
Harvey Thomas,13101,GW,GC,9,6,3,10,16,0,0,0,3,5,0,2,2,2,0,0,8,9,0,0,2,0,1,85,2026
Lachie Whitfield,12143,GW,GC,9,21,5,9,30,0,0,0,4,8,1,1,3,1,0,0,3,16,0,0,0,0,0,78,2026
Karl Amon,12357,HW,FR,10,23,7,8,31,0,0,0,2,8,4,0,3,0,0,0,5,18,0,0,0,0,1,85,2026
Tom Barrass,12383,HW,FR,10,0,0,1,1,0,0,0,0,0,0,0,0,0,0,0,1,0,0,0,2,0,0,28,2026
Josh Battle,12558,HW,FR,10,18,12,6,24,0,0,0,1,7,0,0,1,0,0,0,6,16,1,0,11,0,0,98,2026
Sam Butler,12988,HW,FR,10,6,3,6,12,1,0,0,6,0,1,0,2,1,1,0,3,9,0,0,1,0,0,72,2026
Massimo DAmbrosio,12998,HW,FR,10,10,2,6,16,0,0,0,1,2,1,1,5,0,1,0,6,9,1,0,0,0,0,91,2026
Jack Ginnivan,12927,HW,FR,10,11,5,3,14,0,0,0,2,1,4,0,2,1,1,0,1,13,0,0,0,0,2,80,2026
Jack Gunston,11845,HW,FR,10,9,9,2,11,6,2,0,1,0,1,0,1,0,0,0,2,9,1,8,0,0,0,93,2026
Blake Hardwick,12469,HW,FR,10,9,4,3,12,0,0,0,1,1,1,0,1,0,1,0,3,7,0,0,4,0,0,91,2026
Jarman Impey,12237,HW,FR,10,16,9,6,22,0,0,0,1,5,3,1,6,0,1,0,3,17,0,0,1,0,0,83,2026
Mitch Lewis,12636,HW,FR,10,9,6,8,17,1,1,0,0,0,4,0,1,2,0,0,9,8,2,1,1,0,0,83,2026
Connor Macdonald,12954,HW,FR,10,6,0,6,12,0,0,0,4,1,3,1,2,1,0,0,6,5,0,0,0,0,0,75,2026
Cam Mackenzie,13031,HW,FR,10,10,2,10,20,0,0,0,2,0,2,2,2,1,1,0,6,15,0,0,2,0,1,72,2026
Lloyd Meek,12856,HW,FR,10,4,2,8,12,0,1,22,2,2,0,3,3,3,1,0,7,6,0,0,6,0,0,58,2026
Dylan Moore,12710,HW,FR,10,4,1,10,14,0,0,0,5,0,1,1,4,0,0,0,5,9,0,0,0,0,0,97,2026
Conor Nash,12670,HW,FR,10,5,2,14,19,0,0,0,4,2,2,6,2,1,1,0,15,4,0,0,1,0,0,76,2026
Jai Newcombe,12915,HW,FR,10,14,1,12,26,0,0,0,2,2,4,8,7,1,2,0,14,15,0,0,1,1,1,81,2026
Max Ramsden,13058,HW,FR,10,3,4,4,7,0,1,0,0,0,1,1,3,1,1,0,5,2,2,0,4,0,0,81,2026
Ned Reeves,12906,HW,FR,10,5,0,0,5,0,0,19,0,0,0,2,3,0,2,0,2,1,0,0,4,0,0,57,2026
Bodie Ryan,13320,HW,FR,10,6,2,1,7,0,0,0,0,1,0,0,2,0,1,0,2,4,0,0,0,0,1,64,2026
James Sicily,12332,HW,FR,10,14,10,8,22,0,0,0,1,5,1,0,2,1,1,0,7,13,2,0,3,0,0,91,2026
Josh Ward,12955,HW,FR,10,11,5,10,21,0,0,0,4,2,2,3,3,1,1,0,7,14,0,0,1,0,2,73,2026
Nick Watson,13105,HW,FR,10,9,0,2,11,3,1,0,2,0,4,0,3,1,1,0,4,8,0,0,2,0,0,84,2026
Josh Weddle,13057,HW,FR,10,7,3,8,15,0,0,0,1,4,2,0,2,2,0,0,5,12,0,0,3,0,1,84,2026
Jye Amiss,12983,FR,HW,10,5,2,1,6,3,0,0,0,0,0,0,0,0,0,0,2,4,1,2,1,0,1,93,2026
Shai Bolton,12535,FR,HW,10,5,1,17,22,0,0,0,3,0,2,5,2,1,2,0,9,14,0,0,0,0,1,82,2026
Andrew Brayshaw,12589,FR,HW,10,14,4,10,24,0,0,0,4,0,5,6,2,1,2,0,6,19,0,0,2,0,1,77,2026
Heath Chapman,12875,FR,HW,10,10,7,6,16,0,0,0,2,0,3,0,1,0,1,0,4,13,0,0,4,0,0,89,2026
Jordan Clark,12688,FR,HW,10,12,4,7,19,0,0,0,1,3,2,1,5,0,0,0,3,15,0,0,1,2,0,82,2026
Brennan Cox,12544,FR,HW,10,12,7,1,13,0,0,0,1,8,1,0,4,1,2,0,5,8,0,0,7,0,0,92,2026
Mason Cox,12428,FR,HW,10,5,4,4,9,0,0,12,0,1,1,0,2,1,1,0,2,6,0,0,4,0,0,49,2026
Isaiah Dudley,13204,FR,HW,10,3,1,0,3,1,1,0,3,0,1,0,1,2,0,0,3,1,0,1,0,0,0,71,2026
Neil Erasmus,12966,FR,HW,10,9,4,5,14,0,0,0,1,3,3,0,2,0,0,0,2,12,0,0,0,0,0,67,2026
Michael Frederick,12801,FR,HW,10,14,4,5,19,3,0,0,3,0,4,1,1,2,0,0,6,12,0,1,1,0,0,71,2026
Luke Jackson,12779,FR,HW,10,12,4,10,22,0,1,22,10,2,5,7,5,3,2,0,18,5,2,1,4,0,0,82,2026
Matthew Johnson,13047,FR,HW,10,2,1,4,6,0,0,0,2,0,2,1,1,0,1,0,1,6,0,0,0,0,1,74,2026
Judd McVee,13033,FR,HW,10,4,2,5,9,0,0,0,0,1,2,1,0,0,0,0,5,6,0,0,1,1,0,80,2026
Alex Pearce,12352,FR,HW,10,2,3,5,7,0,0,0,1,1,1,0,1,1,0,0,4,4,1,0,2,0,0,89,2026
Murphy Reid,13180,FR,HW,10,13,1,7,20,1,2,0,1,1,9,4,1,0,1,0,4,17,0,0,1,0,1,84,2026
Luke Ryan,12542,FR,HW,10,14,7,4,18,0,0,0,2,3,1,0,3,0,2,0,2,11,0,0,2,0,0,74,2026
Caleb Serong,12786,FR,HW,10,18,3,10,28,0,0,0,5,1,8,8,3,1,0,0,11,15,0,0,1,0,1,76,2026
Sam Switkowski,12672,FR,HW,10,2,0,3,5,0,1,0,5,0,1,0,3,0,1,0,2,2,0,0,0,0,0,73,2026
Josh Treacy,12887,FR,HW,10,8,7,9,17,2,4,0,2,1,0,0,0,0,0,0,8,10,1,5,4,0,1,90,2026
Patrick Voss,13129,FR,HW,10,4,4,4,8,1,2,0,2,0,2,0,2,0,1,0,2,6,0,3,0,0,3,82,2026
Corey Wagner,12453,FR,HW,10,6,3,9,15,0,2,0,2,1,1,1,1,1,1,0,3,11,0,1,2,0,0,67,2026
Karl Worner,13075,FR,HW,10,8,3,6,14,0,0,0,3,3,1,1,0,1,0,0,3,9,0,0,4,2,0,76,2026
Hayden Young,12777,FR,HW,10,9,3,6,15,1,0,0,5,0,1,5,2,2,0,0,9,6,0,0,3,1,0,78,2026
Harris Andrews,12340,BL,CA,10,4,3,1,5,0,0,0,2,0,0,0,1,0,1,0,1,4,0,0,6,0,0,94,2026
Levi Ashcroft,13197,BL,CA,10,13,6,8,21,2,2,0,1,5,2,2,0,3,0,0,7,13,0,0,1,2,2,71,2026
Will Ashcroft,13040,BL,CA,10,11,3,12,23,0,0,0,3,2,3,6,3,1,0,0,6,15,0,0,0,2,2,82,2026
Zac Bailey,12610,BL,CA,10,9,7,5,14,0,2,0,1,1,1,0,2,0,1,0,5,8,1,2,0,2,1,84,2026
Charlie Cameron,12277,BL,CA,10,6,3,2,8,2,2,0,3,1,1,0,2,1,1,0,2,6,0,2,1,0,0,86,2026
Keidean Coleman,12838,BL,CA,10,16,7,3,19,0,0,0,0,9,0,1,5,0,1,0,4,12,0,0,5,0,0,75,2026
Cody Curtin,13319,BL,CA,10,2,0,4,6,0,0,0,1,1,1,0,2,0,1,0,0,4,0,0,2,0,0,67,2026
Sam Draper,12810,BL,CA,10,3,1,5,8,1,1,34,3,0,1,2,1,2,0,0,4,4,0,0,4,0,0,74,2026
Josh Dunkley,12408,BL,CA,10,11,5,9,20,0,1,0,9,2,3,3,4,1,1,0,6,13,0,0,3,0,0,81,2026
Jaspa Fletcher,13072,BL,CA,10,8,2,4,12,0,0,0,0,1,3,2,4,2,1,0,7,7,0,0,1,1,2,78,2026
Darcy Fort,12724,BL,CA,10,7,3,5,12,1,1,19,0,1,3,3,2,1,0,0,9,3,1,1,2,0,1,60,2026
Darragh Joyce,12654,BL,CA,10,10,6,2,12,0,0,0,1,2,0,0,1,0,0,0,2,10,1,0,4,0,0,92,2026
Ryan Lester,11894,BL,CA,10,13,11,7,20,0,0,0,4,2,2,0,2,1,0,0,7,13,3,0,9,0,0,92,2026
Kai Lohmann,12968,BL,CA,10,10,2,4,14,2,0,0,3,0,4,1,1,0,0,0,1,12,1,0,0,0,0,77,2026
Lincoln McCarthy,12090,BL,CA,10,5,2,3,8,0,0,0,0,0,2,0,4,0,1,0,2,6,0,0,0,0,0,64,2026
Hugh McCluggage,12518,BL,CA,10,11,3,14,25,1,0,0,5,3,5,10,4,0,1,0,13,12,0,0,1,0,0,77,2026
Conor McKenna,12391,BL,CA,10,9,4,3,12,0,0,0,0,1,7,0,1,0,0,0,0,11,0,0,0,2,3,69,2026
Logan Morris,13137,BL,CA,10,6,5,0,6,4,1,0,1,0,1,0,0,0,0,0,1,5,1,4,0,0,0,76,2026
Lachie Neale,12055,BL,CA,10,19,8,14,33,1,2,0,2,5,5,9,4,2,1,0,16,16,0,0,0,0,0,82,2026
Cam Rayner,12592,BL,CA,10,6,4,7,13,0,0,0,2,0,4,2,2,0,1,0,3,9,0,0,4,0,0,87,2026
Bruce Reville,13138,BL,CA,10,15,7,9,24,0,2,0,3,4,4,1,3,2,1,0,8,17,1,1,0,0,0,73,2026
Darcy Wilmot,13026,BL,CA,10,8,3,5,13,0,0,0,4,2,0,0,2,1,1,0,1,9,0,0,1,3,0,81,2026
Dayne Zorko,12076,BL,CA,10,16,4,3,19,0,0,0,2,3,2,1,0,2,0,0,3,10,0,0,2,0,0,80,2026
Ben Ainsworth,12498,CA,BL,10,13,7,8,21,2,1,0,1,1,3,1,4,1,1,0,6,15,0,2,0,3,0,79,2026
Matt Carroll,13212,CA,BL,10,9,3,3,12,0,0,0,0,1,3,1,2,0,1,0,5,8,1,0,1,0,2,66,2026
Adam Cerra,12603,CA,BL,10,12,5,11,23,0,0,0,2,1,3,2,3,0,0,0,6,15,1,0,0,0,0,76,2026
Lachlan Cowan,13028,CA,BL,10,9,4,7,16,0,0,0,1,4,2,1,1,0,0,0,4,13,1,0,1,0,1,78,2026
Patrick Cripps,12261,CA,BL,10,9,2,23,32,1,0,0,5,0,4,9,6,1,2,0,18,13,0,1,2,0,1,86,2026
Harry Dean,13273,CA,BL,10,3,3,5,8,0,0,0,1,1,0,0,0,0,0,0,2,6,0,0,4,0,0,75,2026
Francis Evans,12873,CA,BL,10,6,4,10,16,0,1,0,1,0,3,0,2,0,1,0,7,8,1,1,0,0,0,76,2026
Oliver Florent,12497,CA,BL,10,6,2,10,16,0,0,0,0,1,2,1,3,0,1,0,7,8,1,0,0,0,0,73,2026
Nick Haynes,12091,CA,BL,10,7,3,7,14,0,0,0,4,4,2,0,2,0,0,0,3,9,0,0,2,0,0,80,2026
Will Hayward,12509,CA,BL,10,11,10,11,22,3,2,0,2,1,3,1,5,0,2,0,10,13,3,4,1,0,0,84,2026
George Hewett,12411,CA,BL,10,12,4,8,20,0,0,0,4,2,6,4,2,1,0,0,5,15,0,0,2,0,2,75,2026
Oliver Hollands,13029,CA,BL,10,16,4,7,23,0,0,0,1,3,5,0,2,1,0,0,6,15,0,0,3,2,0,84,2026
Brodie Kemp,12937,CA,BL,10,6,5,3,9,0,1,0,1,0,0,0,4,0,0,0,2,7,1,4,0,0,1,80,2026
Mitch McGovern,12404,CA,BL,10,5,2,2,7,3,1,0,2,0,2,0,1,1,1,0,3,5,2,2,1,0,0,86,2026
Harry McKay,12566,CA,BL,10,11,10,10,21,3,2,2,2,0,3,1,1,1,1,0,10,10,4,5,3,0,1,82,2026
Nic Newman,12508,CA,BL,10,17,6,5,22,0,0,0,0,3,1,0,2,2,1,0,2,15,0,0,2,1,0,86,2026
Marc Pittonet,12417,CA,BL,10,1,1,9,10,0,0,28,1,0,0,2,2,0,1,0,6,3,0,0,4,0,0,74,2026
Adam Saad,12330,CA,BL,10,9,3,7,16,0,0,0,1,6,0,1,3,0,1,0,2,8,0,0,1,5,0,82,2026
Jagga Smith,13274,CA,BL,10,10,1,15,25,1,0,0,3,0,3,4,1,3,1,0,9,16,0,1,2,0,1,83,2026
Sam Walsh,12684,CA,BL,10,16,5,13,29,0,0,0,3,2,8,1,2,0,1,0,6,22,0,0,0,0,2,81,2026
Jacob Weitering,12402,CA,BL,10,7,6,3,10,0,0,0,1,5,0,0,1,1,1,0,2,7,1,0,11,0,0,100,2026
Zac Williams,12175,CA,BL,10,8,3,2,10,0,0,0,1,1,5,2,4,1,2,0,4,8,0,0,2,0,1,65,2026
Billy Wilson,13244,CA,BL,10,4,2,6,10,0,0,0,1,2,1,1,2,0,1,0,3,7,0,0,0,0,0,49,2026
Aliir Aliir,12433,PA,WB,10,15,13,6,21,0,0,0,3,7,0,0,5,0,2,0,5,17,2,0,2,0,0,100,2026
Miles Bergman,12867,PA,WB,10,2,1,2,4,0,0,0,1,1,1,0,0,0,0,0,2,2,1,0,0,0,0,19,2026
Joe Berry,13188,PA,WB,10,9,6,6,15,0,0,0,1,0,4,0,0,1,0,0,3,12,0,0,0,0,1,79,2026
Jase Burgoyne,13007,PA,WB,10,12,6,9,21,0,1,0,5,1,1,5,2,1,0,0,10,10,0,1,3,0,0,84,2026
Zak Butters,12698,PA,WB,10,15,7,15,30,0,0,0,5,1,4,5,5,2,3,0,9,22,0,0,4,2,1,85,2026
Darcy Byrne-Jones,12422,PA,WB,10,7,5,10,17,0,0,0,0,2,0,0,2,0,0,0,7,9,0,0,1,0,0,79,2026
Willem Drew,12695,PA,WB,10,9,1,6,15,0,0,0,7,1,0,1,8,2,3,0,7,9,0,0,2,0,0,81,2026
Corey Durdin,12936,PA,WB,10,8,3,4,12,1,1,0,2,1,2,1,1,1,0,0,7,5,0,1,1,0,1,84,2026
Logan Evans,13156,PA,WB,10,19,11,3,22,1,0,0,3,6,0,0,4,0,1,0,2,17,0,1,1,0,0,86,2026
Kane Farrell,12664,PA,WB,10,23,10,4,27,0,1,0,3,3,2,1,2,2,0,0,6,13,1,0,1,1,0,81,2026
Mitch Georgiades,12766,PA,WB,10,10,5,2,12,4,4,0,0,0,0,0,0,3,0,0,5,6,1,5,0,0,0,100,2026
Jason Horne-Francis,12956,PA,WB,10,10,1,8,18,0,0,0,4,1,3,4,2,3,1,0,5,14,0,0,1,0,2,82,2026
Lachie Jones,12882,PA,WB,10,13,8,4,17,0,0,0,1,6,0,1,4,2,0,0,7,9,1,0,2,0,0,85,2026
Josh Lai,13301,PA,WB,10,11,8,2,13,0,0,0,1,5,2,0,4,1,0,0,3,12,0,0,7,0,0,92,2026
Ewan Mackinlay,13269,PA,WB,10,9,5,5,14,1,1,0,4,2,2,1,2,1,0,0,2,12,0,0,0,0,0,86,2026
Christian Moraes,13199,PA,WB,10,7,5,12,19,0,0,0,2,1,3,1,4,2,3,0,5,15,0,0,0,0,1,70,2026
Joe Richards,13139,PA,WB,10,9,2,4,13,0,0,0,1,2,1,2,4,0,1,0,3,10,0,0,2,0,0,79,2026
Jordon Sweet,12890,PA,WB,10,4,3,6,10,1,0,29,3,1,1,3,2,1,1,0,5,5,0,1,1,0,0,69,2026
Dante Visentini,13073,PA,WB,10,4,3,5,9,0,0,14,2,1,1,1,6,3,4,0,3,6,0,0,1,0,0,65,2026
Jack Watkins,13289,PA,WB,10,6,3,7,13,1,0,0,5,1,1,1,2,1,1,0,4,8,0,0,0,0,0,72,2026
Jacob Wehr,12991,PA,WB,10,12,4,3,15,0,1,0,1,3,2,1,3,1,0,0,3,12,0,1,0,0,0,64,2026
Jack Whitlock,13259,PA,WB,10,4,5,5,9,1,0,0,1,0,2,0,2,1,1,0,4,5,1,1,0,1,1,90,2026
Ollie Wines,12150,PA,WB,10,7,4,8,15,0,0,0,4,1,3,2,4,0,1,0,2,13,0,0,0,0,2,70,2026
Oskar Baker,12723,WB,PA,10,6,5,4,10,0,0,0,0,0,1,0,3,0,1,0,2,8,0,0,0,1,0,63,2026
Marcus Bontempelli,12269,WB,PA,10,14,7,16,30,1,0,0,10,1,8,7,2,2,0,0,9,19,0,0,2,0,0,84,2026
Lachlan Bramble,12916,WB,PA,10,5,2,2,7,0,0,0,1,0,1,1,1,1,0,0,2,5,0,0,0,0,0,81,2026
Connor Budarick,12769,WB,PA,10,17,10,6,23,0,1,0,5,3,3,0,0,0,0,0,2,20,0,0,1,0,1,78,2026
Jedd Busslinger,13216,WB,PA,10,8,7,5,13,0,0,0,1,0,2,0,5,0,3,0,1,11,0,0,8,0,0,100,2026
Nick Coffield,12608,WB,PA,10,12,7,1,13,0,0,0,2,2,3,0,1,2,0,0,2,10,0,0,1,0,0,75,2026
Bailey Dale,12354,WB,PA,10,20,3,5,25,0,1,0,2,7,2,1,2,1,1,0,5,10,0,0,4,2,0,87,2026
Tim English,12537,WB,PA,10,9,7,10,19,0,1,20,3,0,3,3,3,2,2,0,9,10,1,2,1,0,1,71,2026
Joel Freijah,13140,WB,PA,10,14,4,12,26,1,0,0,6,4,3,7,7,2,3,0,11,16,0,1,1,0,3,83,2026
Harvey Gallagher,13102,WB,PA,10,8,0,3,11,0,3,0,0,1,2,1,3,1,1,0,1,9,0,0,0,1,0,67,2026
Cooper Hynes,13213,WB,PA,10,3,2,6,9,0,0,0,5,0,2,0,2,0,0,0,1,8,0,0,1,0,0,74,2026
Arthur Jones,13046,WB,PA,10,5,5,11,16,1,2,0,2,0,3,0,5,0,2,0,5,12,2,2,0,1,0,74,2026
Matthew Kennedy,12455,WB,PA,10,14,3,11,25,0,1,0,2,1,2,6,8,1,4,0,8,12,0,0,2,0,1,74,2026
Buku Khamis,12900,WB,PA,10,7,5,3,10,0,0,0,1,0,0,0,2,0,2,0,3,7,0,0,3,0,0,93,2026
Will Lewis,13284,WB,PA,10,5,5,4,9,2,1,0,3,0,1,0,3,1,2,0,5,5,3,3,0,0,1,81,2026
Lachlan McNeil,12854,WB,PA,10,3,0,9,12,0,0,0,4,0,2,0,1,1,1,0,5,7,0,0,0,0,0,80,2026
Aaron Naughton,12594,WB,PA,10,8,4,3,11,2,1,0,5,0,1,0,3,1,0,0,6,4,1,3,3,0,0,83,2026
Ed Richards,12605,WB,PA,10,20,4,7,27,1,0,0,3,2,6,6,4,2,1,0,12,13,0,1,1,2,1,78,2026
Ryley Sanders,13103,WB,PA,10,9,1,22,31,0,0,0,1,0,7,7,1,3,0,0,12,20,0,0,0,0,1,77,2026
Michael Sellwood,13276,WB,PA,10,13,10,4,17,0,0,0,0,3,1,0,3,0,1,0,2,16,0,0,6,3,0,92,2026
Lachlan Smith,13314,WB,PA,10,2,1,4,6,0,0,11,3,0,1,1,2,1,1,0,3,4,0,0,2,0,0,44,2026
Rhylee West,12748,WB,PA,10,4,2,3,7,2,1,0,4,0,2,0,4,0,2,0,3,7,0,1,4,2,0,75,2026
Bailey Williams,12441,WB,PA,10,12,8,9,21,0,1,0,1,1,3,1,3,1,1,0,3,17,0,1,1,0,0,86,2026
Tom Blamires,13287,NM,SY,10,8,5,8,16,1,0,0,1,1,4,0,1,0,1,0,1,15,0,1,1,0,0,80,2026
Charlie Comben,12938,NM,SY,10,6,5,5,11,0,0,0,1,0,0,0,3,1,3,0,5,5,2,0,3,0,0,92,2026
Paul Curtis,12975,NM,SY,10,5,2,7,12,1,1,0,3,1,0,0,6,1,2,0,8,4,0,1,0,0,1,91,2026
Caleb Daniel,12373,NM,SY,10,19,9,6,25,0,0,0,2,6,3,1,1,0,0,0,2,20,0,0,1,0,0,87,2026
Jack Darling,11905,NM,SY,10,7,5,1,8,2,3,0,2,0,3,0,1,0,1,0,3,4,1,4,1,0,1,76,2026
Luke Davies-Uniacke,12590,NM,SY,10,16,5,18,34,0,0,0,5,2,6,6,5,3,2,0,12,24,0,0,2,1,2,80,2026
Wil Dawson,13144,NM,SY,10,5,1,6,11,0,0,13,4,0,4,0,4,3,1,0,6,4,0,0,3,0,0,37,2026
Zane Duursma,13106,NM,SY,10,7,5,2,9,2,1,0,0,0,1,0,0,0,0,0,3,6,1,2,0,0,0,61,2026
Jacob Konstanty,13186,NM,SY,10,3,3,8,11,1,1,0,2,0,2,1,4,1,2,0,5,7,1,0,1,0,0,84,2026
Nick Larkey,12563,NM,SY,10,4,4,4,8,0,2,0,1,0,1,0,1,1,0,0,2,6,0,1,0,0,0,91,2026
Griffin Logue,12511,NM,SY,10,5,5,6,11,0,0,0,2,1,1,0,1,0,1,0,6,6,0,0,4,0,0,91,2026
Luke McDonald,12246,NM,SY,10,12,6,4,16,0,0,0,1,1,1,0,4,0,0,0,5,12,1,0,2,0,0,88,2026
Colby McKercher,13107,NM,SY,10,15,4,10,25,0,1,0,2,0,6,0,2,0,0,0,1,24,0,0,0,5,1,84,2026
Finn OSullivan,13187,NM,SY,10,10,2,12,22,2,0,0,2,1,1,4,4,0,2,0,10,12,1,1,3,0,0,86,2026
Luke Parker,11953,NM,SY,10,24,10,5,29,0,0,0,3,6,2,0,5,0,2,0,2,24,0,0,1,0,0,80,2026
Harry Sheezel,13034,NM,SY,10,17,4,14,31,1,0,0,7,2,5,3,1,2,0,0,9,20,0,0,1,0,0,79,2026
Jy Simpkin,12502,NM,SY,10,12,6,11,23,1,1,0,0,1,5,1,1,1,0,0,6,14,1,0,0,0,0,87,2026
Charlie Spargo,12622,NM,SY,10,7,2,5,12,1,0,0,1,0,3,0,1,1,0,0,3,9,0,0,0,0,1,61,2026
Dylan Stephens,12796,NM,SY,10,8,3,10,18,0,0,0,3,2,5,3,1,1,0,0,9,11,0,0,2,0,1,84,2026
Cooper Trembath,13263,NM,SY,10,5,4,3,8,0,0,0,1,0,2,0,0,1,0,0,3,5,2,0,0,0,0,69,2026
George Wardlaw,13064,NM,SY,10,9,3,13,22,0,0,0,4,2,6,5,4,3,1,0,14,8,0,0,2,0,0,64,2026
Tristan Xerri,12788,NM,SY,10,9,4,10,19,1,0,13,2,1,1,9,2,4,2,0,15,4,1,0,2,0,0,67,2026
Cameron Zurhaar,12557,NM,SY,10,17,10,5,22,1,1,0,3,7,5,0,2,0,0,0,3,20,0,0,3,0,0,82,2026
Joel Amartey,12844,SY,NM,10,5,2,1,6,1,1,0,3,0,1,0,4,1,1,0,4,3,0,1,2,0,0,76,2026
Riley Bice,13195,SY,NM,10,13,3,9,22,0,0,0,1,7,2,1,2,1,1,0,7,11,0,0,3,1,1,87,2026
Nick Blakey,12699,SY,NM,10,13,2,13,26,0,0,0,2,11,3,0,3,3,2,0,9,15,0,0,3,8,2,79,2026
Billy Cootee,13317,SY,NM,10,5,2,5,10,1,0,0,4,0,3,0,3,0,1,0,1,10,0,1,2,1,1,77,2026
Harry Cunningham,12015,SY,NM,10,7,4,10,17,0,1,0,4,3,0,0,3,1,0,0,6,12,0,1,1,0,0,79,2026
Will Edwards,13318,SY,NM,10,4,4,6,10,0,0,0,0,2,1,0,2,1,2,0,4,5,1,0,7,0,0,87,2026
Brodie Grundy,12217,SY,NM,10,3,0,11,14,0,0,27,1,2,3,3,5,1,3,0,10,6,0,0,1,0,2,77,2026
Isaac Heeney,12326,SY,NM,10,8,0,16,24,3,0,0,6,2,2,7,5,3,3,0,15,10,0,0,0,0,0,82,2026
James Jordon,12860,SY,NM,10,7,0,8,15,0,0,0,3,1,1,2,2,0,0,0,5,10,0,0,1,0,1,80,2026
Jake Lloyd,12268,SY,NM,10,12,8,10,22,1,0,0,0,2,4,1,5,0,2,0,5,18,0,3,4,3,0,82,2026
Logan McDonald,12861,SY,NM,10,4,4,0,4,3,0,0,1,0,1,0,1,0,1,0,0,4,0,3,0,0,0,78,2026
Justin McInerney,12711,SY,NM,10,7,4,15,22,0,1,0,5,2,4,1,5,0,2,0,4,20,0,0,3,1,0,85,2026
Hayden McLean,12745,SY,NM,10,6,4,7,13,3,0,6,1,0,2,1,2,2,0,0,7,6,2,3,3,0,0,70,2026
Lewis Melican,12526,SY,NM,10,4,3,6,10,0,0,0,1,1,0,0,0,0,0,0,5,3,1,0,5,0,0,85,2026
Callum Mills,12413,SY,NM,10,12,5,10,22,0,0,0,5,8,0,0,2,0,0,0,4,14,1,0,3,0,0,81,2026
Tom Papley,12412,SY,NM,10,12,3,6,18,2,3,0,3,0,6,4,5,2,1,0,8,12,0,1,1,1,0,78,2026
Dane Rampe,12140,SY,NM,10,8,3,10,18,0,0,0,2,2,3,1,2,0,0,0,6,12,0,0,2,0,0,78,2026
Matt Roberts,12994,SY,NM,10,1,1,5,6,0,0,0,3,1,0,1,0,0,0,0,1,4,0,0,0,0,0,57,2026
Malcolm Rosas,12903,SY,NM,10,5,1,2,7,0,0,0,3,1,2,0,1,1,0,0,3,4,0,0,0,0,1,78,2026
James Rowbottom,12714,SY,NM,10,2,1,7,9,0,0,0,4,0,1,3,1,1,0,0,6,4,0,0,1,0,0,77,2026
Angus Sheldrick,12951,SY,NM,10,7,1,11,18,1,0,0,4,3,4,1,5,2,2,0,4,14,0,0,0,3,0,67,2026
Chad Warner,12797,SY,NM,10,11,1,7,18,1,1,0,2,1,6,3,3,1,1,0,11,7,0,0,1,3,3,82,2026
Sam Wicks,12818,SY,NM,10,6,3,10,16,0,0,0,2,3,2,1,1,0,0,0,7,9,1,0,1,1,1,79,2026
Lachie Ash,12782,GW,ES,10,16,9,7,23,0,0,0,1,5,5,0,4,2,2,0,5,19,0,0,3,3,2,81,2026
Toby Bedford,12772,GW,ES,10,8,1,6,14,0,1,0,4,1,3,2,4,0,1,0,6,8,0,0,1,0,1,82,2026
Kieren Briggs,12904,GW,ES,10,7,0,6,13,0,0,33,4,0,0,4,4,3,0,0,13,1,0,0,0,0,1,72,2026
Jack Buckley,12846,GW,ES,10,9,3,3,12,0,0,0,2,3,1,0,1,2,1,0,4,9,0,0,8,0,0,95,2026
Aaron Cadman,13054,GW,ES,10,10,7,4,14,1,2,0,1,0,2,0,1,1,0,0,8,6,2,1,0,0,2,91,2026
Finn Callaghan,12969,GW,ES,10,14,1,16,30,0,0,0,5,4,5,6,4,1,1,0,10,19,0,0,1,2,0,82,2026
Stephen Coniglio,12028,GW,ES,10,5,1,8,13,0,0,0,4,0,2,2,0,0,0,0,4,10,0,0,3,0,0,81,2026
Brent Daniels,12656,GW,ES,10,13,2,4,17,2,0,0,3,0,4,3,1,0,0,0,4,11,0,0,2,0,0,77,2026
Joe Fonti,13164,GW,ES,10,9,5,3,12,0,0,0,1,2,2,0,4,0,2,0,0,12,0,0,5,3,0,81,2026
Phoenix Gothard,13279,GW,ES,10,4,2,5,9,2,0,0,0,0,1,0,1,0,1,0,2,7,0,1,0,1,1,80,2026
Toby Greene,12025,GW,ES,10,13,4,5,18,3,1,0,6,1,5,7,4,1,2,0,7,11,1,3,3,0,1,79,2026
Max Gruzewski,13158,GW,ES,10,3,0,1,4,2,0,0,1,1,1,0,0,1,0,0,4,1,0,0,1,0,0,68,2026
Oliver Hannaford,13302,GW,ES,10,1,1,4,5,0,0,0,1,0,1,1,3,0,0,0,4,1,0,0,0,0,1,37,2026
Harry Himmelberg,12462,GW,ES,10,9,6,7,16,1,0,0,0,4,0,1,4,0,1,0,4,9,0,1,3,0,0,82,2026
Connor Idun,12750,GW,ES,10,10,8,14,24,0,0,0,1,4,0,0,1,0,1,0,6,18,0,0,8,1,0,100,2026
Jayden Laverde,12377,GW,ES,10,11,12,8,19,0,0,0,1,3,0,0,1,2,0,0,9,10,3,0,9,0,0,87,2026
James Leake,13174,GW,ES,10,7,2,7,14,0,0,0,0,2,1,3,3,0,0,0,8,6,1,0,5,1,0,74,2026
Toby McMullin,13088,GW,ES,10,4,1,0,4,0,1,0,0,2,1,0,1,0,1,0,0,4,0,0,3,0,0,56,2026
Clayton Oliver,12410,GW,ES,10,6,1,20,26,0,0,0,7,2,2,11,9,3,3,0,14,14,0,0,2,0,0,81,2026
Jake Riccardi,12834,GW,ES,10,7,6,7,14,2,1,5,1,0,2,0,5,0,2,0,1,13,0,4,0,0,2,69,2026
Jake Stringer,12167,GW,ES,10,9,6,2,11,3,0,0,2,0,2,0,5,1,2,0,6,5,1,3,0,0,0,82,2026
Harvey Thomas,13101,GW,ES,10,10,5,13,23,0,0,0,2,6,1,1,7,0,2,0,10,14,0,0,1,3,0,83,2026
Lachie Whitfield,12143,GW,ES,10,26,7,9,35,0,0,0,2,8,5,0,4,0,0,0,6,22,0,0,2,0,1,81,2026
Lachlan Blakiston,13237,ES,GW,10,9,3,6,15,0,0,0,3,2,0,2,5,0,3,0,8,6,0,0,7,0,0,100,2026
Nick Bryan,12899,ES,GW,10,8,2,3,11,0,0,19,2,0,3,2,2,1,2,0,8,5,1,0,2,0,0,57,2026
Nate Caddy,13148,ES,GW,10,11,5,2,13,2,1,0,1,0,5,0,1,2,0,0,6,7,2,1,0,0,1,88,2026
Nik Cox,12852,ES,GW,10,4,3,5,9,0,0,1,1,0,1,1,1,0,0,0,5,4,1,0,0,0,0,77,2026
Archer Day-Wicks,13223,ES,GW,10,3,1,6,9,0,0,0,4,0,0,1,2,2,0,0,6,4,0,0,0,0,0,77,2026
Sam Durham,12925,ES,GW,10,10,3,16,26,0,0,0,6,3,5,8,4,1,1,0,16,12,0,0,2,0,0,77,2026
Xavier Duursma,12696,ES,GW,10,8,3,3,11,2,1,0,1,1,2,3,0,4,0,0,9,3,1,1,0,0,0,79,2026
Jacob Farrow,13299,ES,GW,10,5,4,8,13,0,0,0,0,1,0,0,1,0,0,0,2,10,0,0,2,1,0,71,2026
Zak Johnson,13231,ES,GW,10,9,2,6,15,0,0,0,0,2,2,0,0,0,0,0,3,13,0,0,3,0,1,72,2026
Kyle Langford,12349,ES,GW,10,9,6,4,13,0,2,0,3,1,1,1,1,1,1,0,4,8,0,2,0,0,1,85,2026
Archie May,13238,ES,GW,10,5,5,1,6,3,0,0,3,0,1,0,5,0,4,0,3,4,1,3,0,0,0,84,2026
Andrew McGrath,12491,ES,GW,10,13,6,7,20,0,0,0,3,2,0,0,1,0,0,0,3,16,0,0,0,0,0,83,2026
Zach Merrett,12241,ES,GW,10,20,5,11,31,0,0,0,4,2,5,4,3,1,1,0,8,23,0,0,1,1,1,83,2026
Jayden Nguyen,13258,ES,GW,10,5,3,5,10,0,1,0,2,0,3,0,1,1,0,0,5,5,1,1,0,0,0,81,2026
Darcy Parish,12406,ES,GW,10,13,5,10,23,1,1,0,3,2,5,2,2,0,0,0,4,19,0,0,0,0,2,75,2026
Archie Perkins,12879,ES,GW,10,15,10,4,19,1,0,0,1,0,5,0,2,1,0,0,3,15,0,0,0,1,0,85,2026
Jaxon Prior,12874,ES,GW,10,11,4,5,16,0,0,0,3,1,3,1,3,0,1,0,6,10,0,0,0,0,0,77,2026
Mason Redman,12437,ES,GW,10,12,5,6,18,1,1,0,1,7,2,1,3,4,1,0,6,13,0,0,6,0,0,70,2026
Zach Reid,12889,ES,GW,10,6,5,3,9,0,0,0,1,1,2,0,0,0,0,0,1,9,0,0,5,0,0,89,2026
Archie Roberts,13168,ES,GW,10,31,11,11,42,0,0,0,2,5,5,0,3,1,0,0,7,32,1,0,0,0,2,82,2026
Sullivan Robey,13307,ES,GW,10,12,4,8,20,0,0,0,5,0,6,4,6,1,2,0,11,8,2,0,0,0,0,74,2026
Dyson Sharp,13283,ES,GW,10,7,3,10,17,0,0,0,2,0,3,5,4,1,1,0,10,7,0,0,0,0,1,50,2026
Peter Wright,12366,ES,GW,10,10,6,3,13,3,3,21,1,0,2,2,0,1,0,0,5,7,2,5,2,0,1,83,2026
Ryan Byrnes,12802,SK,GC,10,8,5,7,15,0,0,0,1,4,0,1,2,0,0,0,5,10,0,0,0,1,0,77,2026
Anthony Caminiti,13035,SK,GC,10,4,3,3,7,0,1,0,2,0,0,0,1,1,1,0,4,3,0,0,4,0,0,71,2026
Jack Carroll,12976,SK,GC,10,8,5,4,12,0,0,0,1,3,2,0,3,0,1,0,0,11,0,0,5,2,0,76,2026
Tom De Koning,12674,SK,GC,10,6,4,7,13,0,1,18,1,1,0,3,7,2,2,0,7,8,1,2,3,0,0,74,2026
Sam Flanders,12824,SK,GC,10,21,7,7,28,0,0,0,5,3,8,1,1,1,0,0,2,23,0,0,0,2,1,82,2026
Hugo Garcia,13125,SK,GC,10,14,2,13,27,0,0,0,3,1,4,5,3,1,0,0,10,19,0,0,2,0,2,80,2026
Max Hall,13193,SK,GC,10,14,9,9,23,1,1,0,1,1,6,5,3,0,0,0,6,16,0,1,0,0,0,84,2026
Liam Henry,12831,SK,GC,10,9,4,5,14,1,1,0,0,1,1,0,3,0,0,0,4,10,0,3,1,0,0,58,2026
Bradley Hill,12060,SK,GC,10,12,9,13,25,0,0,0,1,0,3,0,1,1,1,0,6,19,0,1,1,0,1,89,2026
Dougal Howard,12420,SK,GC,10,7,6,1,8,0,0,0,0,2,0,0,3,0,2,0,2,6,0,0,4,0,0,82,2026
Jack Macrae,12166,SK,GC,10,5,3,14,19,0,0,0,2,1,1,6,5,1,2,0,10,9,0,0,2,0,0,66,2026
Rowan Marshall,12564,SK,GC,10,8,5,9,17,0,1,11,2,1,3,4,4,1,3,0,10,6,2,1,0,0,1,74,2026
Liam OConnell,13194,SK,GC,10,7,3,3,10,0,0,0,3,1,1,0,5,2,3,0,4,8,0,0,1,0,0,69,2026
Mitch Owens,12948,SK,GC,10,4,3,4,8,1,0,0,0,0,1,0,3,2,2,0,5,4,2,1,2,0,1,94,2026
Mattaes Phillipou,13036,SK,GC,10,6,6,9,15,0,1,0,3,2,1,1,1,2,1,0,2,14,0,1,0,0,0,79,2026
Cooper Sharman,12929,SK,GC,10,5,3,6,11,0,2,0,1,0,1,0,2,0,0,0,4,8,2,1,0,0,0,94,2026
Jack Silvagni,12458,SK,GC,10,7,2,3,10,0,0,0,5,3,0,0,3,2,1,0,5,5,0,0,5,0,0,92,2026
Jack Sinclair,12325,SK,GC,10,18,7,7,25,1,0,0,1,5,3,1,4,0,1,0,7,13,0,0,2,1,0,88,2026
Liam Stocker,12721,SK,GC,10,5,1,3,8,0,0,0,1,1,1,3,2,2,1,0,3,4,0,0,2,0,0,83,2026
Callum Wilkie,12703,SK,GC,10,3,2,2,5,0,0,0,1,1,0,0,2,1,1,0,1,4,0,0,3,2,0,37,2026
Darcy Wilson,13110,SK,GC,10,10,4,12,22,4,1,0,3,2,3,1,5,2,3,0,6,17,0,2,1,1,0,83,2026
Marcus Windhager,12967,SK,GC,10,12,0,9,21,0,0,0,4,1,5,5,2,2,0,0,11,12,0,0,1,0,0,85,2026
Mason Wood,12312,SK,GC,10,8,4,5,13,0,0,0,3,0,1,3,2,1,1,0,5,8,0,0,0,0,0,81,2026
Oscar Adams,13251,GC,SK,10,5,5,6,11,0,0,0,1,0,1,0,1,2,1,0,5,6,1,0,1,0,0,69,2026
Noah Anderson,12767,GC,SK,10,20,10,11,31,0,0,0,3,5,5,4,4,0,3,0,9,23,0,0,1,1,3,81,2026
Mac Andrew,13019,GC,SK,10,15,14,7,22,0,0,2,1,5,0,1,5,2,3,0,7,15,0,0,3,1,0,92,2026
Sam Collins,12444,GC,SK,10,7,6,7,14,0,0,0,1,4,0,0,1,2,0,0,7,9,1,0,8,0,0,96,2026
Alex Davies,12942,GC,SK,10,5,0,4,9,1,0,0,2,0,2,1,2,1,2,0,2,7,0,0,1,0,0,57,2026
Will Graham,13120,GC,SK,10,5,3,7,12,1,0,0,3,0,2,1,2,3,0,0,7,6,0,0,2,0,1,79,2026
Lachlan Gulbin,13272,GC,SK,10,3,1,5,8,0,0,0,3,0,3,0,3,1,1,0,3,6,0,0,0,0,0,73,2026
Bailey Humphrey,13049,GC,SK,10,11,4,6,17,1,2,0,3,0,4,0,2,1,1,0,7,9,0,2,1,0,2,88,2026
Joel Jeffrey,12933,GC,SK,10,17,5,5,22,0,0,0,0,3,1,0,2,1,0,0,5,13,0,0,1,0,0,58,2026
Ben Jepson,13257,GC,SK,10,4,2,3,7,0,0,0,3,0,1,0,1,1,1,0,1,6,0,0,0,1,0,69,2026
Ben King,12728,GC,SK,10,8,5,2,10,4,0,1,0,0,0,0,1,1,0,0,5,5,2,3,0,0,0,92,2026
Leo Lombard,13232,GC,SK,10,7,7,5,12,1,1,0,3,0,1,0,4,0,1,0,4,9,0,1,0,0,0,82,2026
Ben Long,12521,GC,SK,10,5,3,4,9,0,1,0,2,0,4,1,5,0,1,0,3,6,0,0,0,0,1,79,2026
Touk Miller,12331,GC,SK,10,14,1,17,31,1,0,0,3,1,5,3,4,1,2,0,9,22,0,0,0,1,1,85,2026
Ned Moyle,13050,GC,SK,10,7,3,4,11,0,1,21,2,0,2,1,5,3,2,0,8,4,2,0,3,0,0,89,2026
John Noble,12743,GC,SK,10,23,13,8,31,1,1,0,1,5,4,0,0,0,0,0,0,30,0,0,0,0,0,87,2026
Christian Petracca,12430,GC,SK,10,9,2,14,23,1,1,0,5,1,3,6,5,1,2,0,10,10,0,0,0,0,2,89,2026
Wil Powell,12652,GC,SK,10,10,7,3,13,0,0,0,1,5,1,1,1,0,0,0,2,10,0,0,1,0,0,87,2026
Ethan Read,13121,GC,SK,10,1,0,3,4,0,0,0,0,0,1,0,2,2,1,0,2,2,0,0,0,0,0,35,2026
Daniel Rioli,12403,GC,SK,10,19,8,9,28,1,0,0,1,3,3,0,3,0,2,0,3,24,0,1,1,9,0,90,2026
Jamarra Ugle-Hagan,12923,GC,SK,10,3,2,1,4,0,2,0,0,0,0,0,1,1,1,0,1,3,0,1,1,0,0,63,2026
Bodhi Uwland,13041,GC,SK,10,20,6,9,29,0,0,0,2,4,0,1,0,2,0,0,9,12,0,0,4,1,0,88,2026
Lachie Weller,12385,GC,SK,10,11,5,6,17,1,1,0,1,1,5,1,1,1,0,0,3,12,1,2,0,0,0,72,2026
Angus Anderson,13306,CW,GE,10,6,1,9,15,1,1,0,3,1,2,2,1,2,0,0,6,9,0,0,3,0,0,59,2026
Jack Buller,13071,CW,GE,10,9,9,7,16,2,1,0,1,0,1,0,1,1,0,0,3,12,1,4,3,0,0,84,2026
Darcy Cameron,12660,CW,GE,10,9,2,6,15,0,0,19,3,1,2,3,0,2,0,0,6,8,0,0,2,0,1,74,2026
Jack Crisp,12061,CW,GE,10,13,3,15,28,0,1,0,4,1,6,6,1,1,0,0,9,17,0,2,1,0,0,78,2026
Josh Daicos,12573,CW,GE,10,11,6,14,25,1,0,0,3,4,3,3,3,0,0,0,6,20,0,0,1,0,0,80,2026
Nick Daicos,12943,CW,GE,10,17,2,12,29,0,1,0,3,3,3,2,9,1,0,0,7,16,0,1,0,2,0,80,2026
Jordan de Goey,12318,CW,GE,10,17,9,13,30,0,1,0,3,2,9,3,0,1,0,0,9,21,0,1,1,0,0,79,2026
Jamie Elliott,12083,CW,GE,10,8,4,13,21,0,2,0,0,0,0,2,3,0,1,0,8,11,0,2,1,0,3,86,2026
Billy Frampton,12676,CW,GE,10,5,5,4,9,0,0,0,2,2,0,0,1,0,0,0,2,7,0,0,10,0,0,100,2026
Dan Houston,12495,CW,GE,10,17,6,8,25,0,0,0,1,6,3,0,2,0,0,0,7,12,1,0,1,0,0,83,2026
Jeremy Howe,11967,CW,GE,10,17,11,3,20,0,0,0,4,3,2,0,1,1,0,0,5,12,0,0,2,0,0,93,2026
Patrick Lipinski,12578,CW,GE,10,13,5,8,21,0,0,0,2,5,4,1,0,0,0,0,3,19,0,0,1,0,1,80,2026
Ned Long,13023,CW,GE,10,7,5,11,18,0,1,0,5,0,3,1,5,0,0,0,8,10,0,2,3,0,1,75,2026
Brayden Maynard,12371,CW,GE,10,15,4,10,25,0,0,0,4,2,3,1,4,1,2,0,4,19,0,0,1,0,0,88,2026
Beau McCreery,12876,CW,GE,10,9,5,11,20,0,1,0,6,0,4,3,6,0,3,0,6,13,0,2,0,1,0,76,2026
Daniel McStay,12291,CW,GE,10,6,3,0,6,3,1,0,0,0,1,0,1,0,1,0,1,5,1,3,0,0,0,82,2026
Darcy Moore,12372,CW,GE,10,1,0,6,7,0,0,0,0,1,0,0,0,0,0,0,3,3,0,0,2,0,0,40,2026
Scott Pendlebury,4182,CW,GE,10,14,4,13,27,1,0,0,3,0,3,4,2,2,0,0,7,17,0,0,1,0,0,84,2026
Isaac Quaynor,12740,CW,GE,10,5,2,7,12,0,0,0,3,2,3,1,2,1,1,0,6,5,0,0,1,1,0,76,2026
Lachie Schultz,12700,CW,GE,10,9,4,5,14,1,1,0,3,0,4,1,5,1,3,0,6,8,0,1,2,0,0,79,2026
Steele Sidebottom,11751,CW,GE,10,5,4,2,7,0,0,0,2,1,1,0,0,0,0,0,3,4,1,0,2,0,0,82,2026
Roan Steele,13248,CW,GE,10,6,4,9,15,0,0,0,0,0,1,1,1,0,0,0,5,10,0,0,4,0,0,82,2026
Oscar Steene,13298,CW,GE,10,3,3,5,8,0,0,18,1,0,1,1,2,1,0,0,3,5,0,0,1,0,0,60,2026
Tom Atkins,12690,GE,CW,10,6,1,6,12,0,0,0,2,1,2,1,3,0,0,0,4,6,0,0,1,0,0,62,2026
Jack Bowes,12499,GE,CW,10,14,5,8,22,1,1,0,3,4,1,0,3,1,0,0,7,14,0,0,0,0,1,75,2026
Tanner Bruhn,12871,GE,CW,10,6,5,9,15,0,0,0,3,1,2,1,1,0,0,0,5,10,0,2,0,1,0,77,2026
Jeremy Cameron,12017,GE,CW,10,14,9,5,19,1,2,0,0,1,5,0,3,0,1,0,2,17,1,3,1,0,0,89,2026
Brad Close,12806,GE,CW,10,5,3,5,10,2,0,0,0,0,2,0,0,0,0,0,3,7,0,1,0,0,0,78,2026
Patrick Dangerfield,11700,GE,CW,10,8,5,7,15,2,0,0,1,1,2,2,1,0,1,0,6,10,1,2,0,0,2,69,2026
Sam De Koning,12891,GE,CW,10,6,2,10,16,0,0,7,1,2,2,1,6,1,0,0,8,7,0,0,3,0,0,70,2026
Oliver Dempsey,12974,GE,CW,10,7,1,18,25,1,0,0,1,2,2,0,2,0,0,0,3,20,0,0,5,0,1,91,2026
Zach Guthrie,12551,GE,CW,10,11,8,10,21,0,0,0,1,4,0,2,4,2,1,0,7,12,0,0,3,0,0,75,2026
Oliver Henry,12851,GE,CW,10,9,3,3,12,4,2,0,1,0,2,0,3,2,0,0,4,7,0,3,1,0,0,79,2026
Max Holmes,12881,GE,CW,10,15,4,18,33,0,0,0,2,7,2,2,5,1,1,0,6,21,0,0,0,2,2,77,2026
Lawson Humphries,13160,GE,CW,10,17,7,9,26,0,0,0,4,2,2,0,4,1,1,0,4,21,0,0,5,0,0,79,2026
Jake Kolodjashnij,12370,GE,CW,10,4,6,4,8,0,0,0,2,1,0,0,3,0,2,0,2,6,2,0,2,0,0,76,2026
Shaun Mannagh,13104,GE,CW,10,9,3,4,13,3,0,0,4,0,2,1,1,0,0,0,3,10,0,1,0,0,1,78,2026
Jack Martin,12236,GE,CW,10,7,6,4,11,2,1,0,3,0,0,1,3,0,3,0,4,8,0,3,0,0,0,74,2026
Oisin Mullin,13066,GE,CW,10,11,4,10,21,0,0,0,2,1,4,5,2,0,1,0,9,14,0,0,4,1,0,80,2026
Shannon Neale,12992,GE,CW,10,11,10,6,17,2,1,2,2,0,4,2,5,0,2,0,5,14,0,5,2,0,1,96,2026
Mark OConnor,12531,GE,CW,10,11,8,7,18,0,0,0,1,2,3,1,4,0,0,0,2,16,0,0,3,0,2,83,2026
Connor OSullivan,13122,GE,CW,10,7,8,5,12,0,0,0,3,4,0,0,1,1,0,0,4,8,1,0,5,0,0,92,2026
Bailey Smith,12692,GE,CW,10,21,6,19,40,0,1,0,2,5,6,6,3,2,1,0,14,27,0,0,1,0,3,84,2026
Rhys Stanley,11847,GE,CW,10,8,3,9,17,0,0,17,3,0,4,3,0,0,0,0,8,8,1,0,6,0,2,66,2026
Tom Stewart,12505,GE,CW,10,14,5,7,21,0,1,0,2,8,0,1,1,0,0,0,5,12,1,0,2,1,0,82,2026
James Worpel,12619,GE,CW,10,14,6,9,23,0,0,0,3,2,5,6,2,0,1,0,11,11,0,1,1,0,0,70,2026
Jake Bowey,12931,ME,WC,10,21,4,5,26,0,0,0,3,8,1,2,0,1,0,0,5,12,0,0,2,0,0,81,2026
Kade Chandler,12756,ME,WC,10,10,1,8,18,1,0,0,5,1,6,3,2,1,2,0,8,9,0,0,0,0,3,85,2026
Paddy Cross,13300,ME,WC,10,7,2,3,10,3,0,0,6,0,4,1,4,1,2,0,3,7,0,2,1,0,0,82,2026
Bayley Fritsch,12598,ME,WC,10,5,5,8,13,0,1,0,4,1,2,3,0,1,0,0,6,8,0,1,1,0,0,90,2026
Max Gawn,11966,ME,WC,10,10,3,11,21,1,2,27,3,0,5,5,5,1,1,0,14,5,3,1,0,0,0,84,2026
Max Heath,13254,ME,WC,10,3,2,8,11,0,0,22,3,0,2,3,2,2,0,0,8,3,1,0,1,0,1,52,2026
Blake Howes,13098,ME,WC,10,12,11,7,19,0,0,0,3,3,0,0,3,0,3,0,6,14,1,0,1,0,0,82,2026
Matthew Jefferson,13182,ME,WC,10,2,3,1,3,1,0,0,0,0,1,0,1,0,0,0,1,2,1,1,1,0,0,90,2026
Changkuoth Jiath,12752,ME,WC,10,15,10,4,19,0,0,0,4,4,1,0,4,0,0,0,1,18,1,1,2,1,0,74,2026
Ed Langdon,12393,ME,WC,10,19,10,10,29,0,0,0,2,5,1,2,3,2,1,0,10,15,0,0,0,0,0,92,2026
Harvey Langford,13184,ME,WC,10,6,3,7,13,1,2,0,3,1,1,0,1,0,0,0,3,9,1,1,1,0,0,75,2026
Bailey Laurie,13032,ME,WC,10,7,6,7,14,0,1,0,3,2,2,1,1,0,0,0,1,12,0,0,0,0,0,66,2026
Jake Lever,12351,ME,WC,10,15,13,6,21,0,0,0,0,6,0,0,3,0,1,0,4,17,0,0,7,0,0,100,2026
Andy Moniz-Wakefield,13161,ME,WC,10,1,0,4,5,1,0,0,2,1,1,0,0,0,0,0,1,4,0,0,1,0,0,34,2026
Harry Petty,12653,ME,WC,10,11,9,2,13,0,0,0,0,3,1,0,3,1,2,0,4,9,2,0,8,0,0,96,2026
Kysaiah Pickett,12771,ME,WC,10,8,4,6,14,1,0,0,2,1,2,2,4,2,2,0,7,9,0,1,3,0,2,84,2026
Latrelle Pickett,13286,ME,WC,10,5,1,5,10,0,1,0,2,0,4,1,0,0,0,0,4,6,0,1,0,3,0,74,2026
Harry Sharp,12864,ME,WC,10,7,3,6,13,1,0,0,2,0,2,1,2,2,1,0,4,9,0,1,0,0,0,80,2026
Tom Sparrow,12693,ME,WC,10,16,3,8,24,0,1,0,5,0,7,6,2,0,0,0,12,12,0,0,0,0,1,71,2026
Jack Steele,12368,ME,WC,10,5,3,21,26,0,0,0,6,0,4,4,6,0,2,0,8,17,0,1,1,0,3,73,2026
Koltyn Tholstrup,13123,ME,WC,10,13,6,6,19,0,0,0,5,1,1,0,2,2,0,0,6,10,1,0,2,0,0,75,2026
Jacob van Rooyen,13048,ME,WC,10,10,7,5,15,5,1,0,3,0,1,1,6,1,3,0,7,9,1,5,1,0,0,93,2026
Caleb Windsor,13099,ME,WC,10,13,3,9,22,0,0,0,2,0,9,4,1,1,0,0,9,13,0,0,0,1,1,67,2026
Liam Baker,12661,WC,ME,10,7,4,8,15,0,0,0,4,1,2,1,4,1,1,0,4,12,0,0,1,0,0,86,2026
Malakai Champion,13250,WC,ME,10,3,2,6,9,1,0,0,2,0,2,1,3,1,2,0,5,4,0,1,1,0,0,78,2026
Tom Cole,12446,WC,ME,10,9,7,8,17,1,0,0,2,1,2,0,1,0,1,0,5,12,1,1,2,2,0,81,2026
Hamish Davis,13210,WC,ME,10,4,2,8,12,0,0,0,1,1,0,2,0,0,0,0,5,7,1,0,1,0,0,89,2026
Cooper Duff-Tytler,13291,WC,ME,10,5,2,5,10,1,3,0,5,0,0,0,5,1,3,0,7,2,1,2,2,0,0,79,2026
Liam Duggan,12334,WC,ME,10,15,5,8,23,0,1,0,2,6,1,1,1,1,0,0,5,18,0,1,7,0,0,85,2026
Willem Duursma,13292,WC,ME,10,9,2,11,20,0,0,0,5,2,6,4,3,0,1,0,5,16,0,0,1,0,0,75,2026
Harry Edwards,12811,WC,ME,10,0,0,0,0,0,0,0,2,0,0,0,0,0,0,0,1,0,0,0,2,0,0,11,2026
Reuben Ginbey,13038,WC,ME,10,8,5,8,16,0,0,0,3,3,1,0,1,2,1,0,5,11,0,0,4,1,0,98,2026
Brady Hough,12957,WC,ME,10,5,3,7,12,0,1,0,3,1,1,1,2,2,1,0,5,7,0,0,1,0,1,79,2026
Jack Hutchinson,13151,WC,ME,10,6,2,2,8,1,0,0,3,0,1,0,3,0,0,0,1,6,1,2,0,0,0,67,2026
Harvey Johnston,13136,WC,ME,10,3,2,3,6,0,0,0,4,0,1,0,3,0,1,0,3,3,0,0,0,0,0,79,2026
Tim Kelly,12595,WC,ME,10,10,4,15,25,0,0,0,4,3,6,3,5,0,1,0,8,17,0,0,0,0,1,76,2026
Josh Lindsay,13293,WC,ME,10,17,6,7,24,0,0,0,0,6,1,1,2,1,0,0,3,15,0,0,0,2,0,85,2026
Ryan Maric,13070,WC,ME,10,8,2,13,21,0,0,0,1,2,2,4,5,1,3,0,9,12,0,0,1,1,0,84,2026
Tom McCarthy,13240,WC,ME,10,20,6,10,30,0,0,0,0,7,6,4,2,0,0,0,10,18,0,0,2,1,1,87,2026
Milan Murdock,13294,WC,ME,10,11,3,14,25,0,1,0,5,0,1,1,2,1,0,0,7,17,0,0,1,0,2,73,2026
Harley Reid,13111,WC,ME,10,9,5,12,21,1,0,0,2,2,4,5,2,1,1,0,12,9,2,0,1,1,2,76,2026
Jobe Shanahan,13247,WC,ME,10,3,2,3,6,0,0,0,0,1,0,0,1,0,0,0,1,5,0,0,1,0,0,90,2026
Jake Waterman,12601,WC,ME,10,13,4,2,15,3,5,0,0,0,0,0,1,4,0,0,4,8,0,2,0,0,1,90,2026
Bailey Williams,12836,WC,ME,10,7,2,7,14,1,1,23,0,0,2,4,2,1,1,0,10,3,1,2,4,0,1,80,2026
Elliot Yeo,12087,WC,ME,10,16,2,4,20,0,0,0,8,1,6,5,3,2,1,0,7,11,0,0,0,2,0,74,2026
Tylar Young,13043,WC,ME,10,10,6,6,16,0,0,0,0,5,2,0,0,1,0,0,5,12,0,0,3,1,0,79,2026
Noah Balta,12686,RI,AD,10,11,6,3,14,1,1,8,1,1,3,3,1,2,0,0,7,8,3,0,1,0,0,83,2026
Nathan Broad,12456,RI,AD,10,10,4,2,12,0,0,0,0,3,2,0,1,1,0,0,3,7,0,0,6,1,0,87,2026
Tom Brown,13096,RI,AD,10,1,0,0,1,0,0,0,0,1,0,0,0,0,0,0,0,0,0,0,1,0,0,4,2026
Tom Burton,13315,RI,AD,10,5,2,4,9,0,1,0,1,1,2,1,2,0,0,0,5,4,0,1,0,1,0,78,2026
Seth Campbell,13100,RI,AD,10,9,4,3,12,1,0,0,0,0,4,1,5,0,2,0,5,8,0,0,1,1,1,84,2026
Sam Cumming,13316,RI,AD,10,4,1,4,8,1,0,0,0,1,0,0,1,0,0,0,2,5,0,0,0,0,0,73,2026
Jonty Faull,13214,RI,AD,10,7,3,4,11,0,0,0,1,0,2,0,4,0,0,0,3,7,1,0,4,0,1,82,2026
Campbell Gray,13218,RI,AD,10,8,4,1,9,0,0,0,4,3,1,0,3,1,3,0,1,8,0,0,9,0,0,87,2026
Steely Green,13145,RI,AD,10,5,5,5,10,1,0,0,5,1,0,0,0,0,0,0,3,7,0,1,0,0,1,84,2026
Oliver Hayes-Brown,13309,RI,AD,10,1,1,10,11,0,0,9,1,0,0,1,0,1,0,0,7,4,1,0,2,0,0,48,2026
Jacob Hopper,12440,RI,AD,10,13,3,10,23,0,0,0,3,2,6,2,7,1,2,0,9,14,0,1,1,1,0,80,2026
Mykelti Lefau,13113,RI,AD,10,4,3,7,11,1,1,2,2,0,2,1,2,1,0,0,6,5,1,1,2,0,0,85,2026
Tom Lynch,11948,RI,AD,10,8,3,6,14,3,0,0,1,0,1,1,3,4,0,0,10,5,2,2,2,0,2,83,2026
Kane McAuliffe,13117,RI,AD,10,8,3,2,10,0,1,0,0,0,5,1,5,1,3,0,1,10,0,0,0,0,1,58,2026
Ben Miller,12941,RI,AD,10,13,7,5,18,0,0,0,3,7,1,1,4,1,1,0,6,12,1,0,10,0,0,93,2026
Patrick Retschko,13313,RI,AD,10,12,6,10,22,0,0,0,0,2,3,2,4,0,1,0,3,21,0,0,1,0,0,94,2026
Jack Ross,12712,RI,AD,10,8,5,18,26,0,0,0,6,2,4,3,4,0,1,0,10,16,0,0,1,0,0,86,2026
Jayden Short,12418,RI,AD,10,15,10,11,26,0,0,0,0,4,2,0,2,0,1,0,4,19,0,0,0,0,1,83,2026
Tyler Sonsie,13014,RI,AD,10,8,3,5,13,1,0,0,1,0,1,1,2,2,2,0,8,7,0,1,0,0,0,89,2026
Tim Taranto,12504,RI,AD,10,12,0,16,28,0,1,0,4,2,2,9,4,2,0,0,18,10,0,0,1,0,0,86,2026
Luke Trainor,13191,RI,AD,10,11,10,7,18,0,0,0,1,2,1,0,1,0,0,0,4,13,2,0,1,0,0,86,2026
James Trezise,13095,RI,AD,10,12,7,6,18,0,0,0,1,1,3,0,0,1,0,0,4,12,0,0,1,1,0,76,2026
Nick Vlastuin,12174,RI,AD,10,11,2,10,21,0,0,0,3,5,0,0,2,2,2,0,8,11,0,0,2,1,0,92,2026
Sam Berry,12849,AD,RI,10,7,4,13,20,0,1,0,3,0,1,5,2,0,1,0,9,12,0,0,0,0,0,68,2026
Hugh Bond,13165,AD,RI,10,6,2,6,12,0,0,0,2,2,1,1,1,1,0,0,6,6,0,0,0,0,0,80,2026
James Borlase,13086,AD,RI,10,11,7,4,15,0,0,0,1,3,0,0,1,0,1,0,3,11,1,0,6,0,0,91,2026
Brayden Cook,12932,AD,RI,10,14,7,8,22,0,0,0,1,6,3,1,1,0,0,0,5,17,0,0,0,2,1,81,2026
Isaac Cumming,12629,AD,RI,10,12,8,3,15,1,0,0,1,2,4,1,3,0,2,0,1,14,0,1,0,1,1,76,2026
Daniel Curtin,13132,AD,RI,10,9,5,2,11,1,0,0,3,1,4,1,2,2,1,0,4,7,0,0,1,1,1,81,2026
Jordan Dawson,12516,AD,RI,10,22,12,7,29,1,0,0,4,3,7,3,6,1,2,0,10,19,1,0,0,1,1,82,2026
Ben Keays,12434,AD,RI,10,9,5,6,15,1,0,0,3,0,3,0,1,1,1,0,5,10,1,1,0,0,1,89,2026
Rory Laird,12165,AD,RI,10,16,12,11,27,0,0,0,1,6,1,1,2,0,0,0,6,21,0,0,0,1,0,84,2026
Lachlan McAndrew,13065,AD,RI,10,6,4,3,9,1,0,33,4,2,2,3,3,1,2,0,7,4,1,1,0,0,0,69,2026
Max Michalanney,13027,AD,RI,10,11,8,3,14,0,0,0,0,3,2,0,1,0,1,0,0,14,0,0,3,1,0,88,2026
Wayne Milera,12405,AD,RI,10,18,6,16,34,0,0,0,2,0,2,1,2,1,0,0,10,20,1,0,2,0,0,78,2026
Nick Murray,12872,AD,RI,10,4,2,3,7,1,0,0,3,0,0,0,4,0,3,0,2,5,0,0,5,0,0,92,2026
Toby Murray,13280,AD,RI,10,7,2,2,9,1,1,4,6,0,1,2,1,6,1,0,7,4,0,0,5,0,1,68,2026
Alex Neal-Bullen,12367,AD,RI,10,11,9,5,16,2,2,0,1,0,2,0,1,0,1,0,2,14,1,4,0,0,1,76,2026
James Peatling,12934,AD,RI,10,12,7,7,19,0,1,0,5,4,2,2,3,1,0,0,6,13,0,0,2,0,0,69,2026
Luke Pedlar,12921,AD,RI,10,7,6,1,8,1,1,0,3,0,2,0,0,0,0,0,4,4,2,1,0,0,0,69,2026
Josh Rachele,12953,AD,RI,10,8,5,6,14,2,1,0,1,0,3,1,2,1,1,0,6,7,0,1,0,0,2,75,2026
Izak Rankine,12798,AD,RI,10,24,10,9,33,1,1,0,9,2,8,4,5,2,1,0,10,22,0,0,1,0,0,78,2026
Jake Soligo,12952,AD,RI,10,5,2,3,8,0,0,0,2,0,1,2,3,0,2,0,5,4,0,0,1,1,0,64,2026
Zac Taylor,13159,AD,RI,10,10,6,5,15,0,1,0,3,0,4,1,1,1,0,0,3,11,1,1,1,0,0,67,2026
Riley Thilthorpe,12892,AD,RI,10,7,5,5,12,1,3,0,1,0,0,0,0,0,0,0,5,6,2,4,0,0,1,86,2026
Josh Worrell,12912,AD,RI,10,13,7,8,21,0,0,0,3,2,1,0,2,0,0,0,2,17,0,0,2,0,0,92,2026
Harris Andrews,12340,BL,GE,11,6,5,6,12,0,0,0,1,5,2,1,1,1,0,0,6,7,1,0,12,0,0,97,2026
Levi Ashcroft,13197,BL,GE,11,17,5,11,28,1,0,0,2,3,1,2,3,2,0,0,6,19,0,0,0,3,1,82,2026
Will Ashcroft,13040,BL,GE,11,14,2,10,24,0,0,0,1,3,5,4,3,2,0,0,8,15,0,0,0,1,0,83,2026
Zac Bailey,12610,BL,GE,11,13,4,5,18,1,0,0,3,3,2,3,6,1,1,0,8,12,0,0,1,0,1,82,2026
Charlie Cameron,12277,BL,GE,11,12,3,2,14,3,0,0,2,0,4,1,0,2,0,0,6,7,0,1,2,0,0,76,2026
Keidean Coleman,12838,BL,GE,11,12,1,6,18,0,0,0,1,4,5,0,0,0,0,0,4,11,0,0,2,0,0,78,2026
Cody Curtin,13319,BL,GE,11,1,1,5,6,1,0,2,2,0,0,0,2,0,1,0,2,4,0,1,0,0,0,67,2026
Sam Draper,12810,BL,GE,11,10,3,3,13,1,1,24,0,1,4,2,2,3,1,0,8,6,0,2,2,0,2,75,2026
Josh Dunkley,12408,BL,GE,11,11,1,11,22,0,0,0,5,2,3,7,4,2,1,0,12,6,0,1,1,0,0,77,2026
Jaspa Fletcher,13072,BL,GE,11,6,1,12,18,0,1,0,2,3,1,1,6,0,2,0,4,12,0,0,0,0,0,81,2026
Darcy Fort,12724,BL,GE,11,9,1,7,16,0,0,17,2,1,5,3,5,2,1,0,10,7,1,0,7,0,0,58,2026
Darcy Gardiner,12267,BL,GE,11,7,4,4,11,0,0,0,0,3,0,1,3,0,2,0,4,8,0,0,8,0,0,83,2026
Ryan Lester,11894,BL,GE,11,5,7,9,14,0,0,0,3,4,3,2,1,0,1,0,5,8,0,0,7,0,0,90,2026
Kai Lohmann,12968,BL,GE,11,9,3,5,14,0,1,0,3,0,2,1,3,1,2,0,6,8,0,1,0,0,0,77,2026
Sam Marshall,13215,BL,GE,11,5,1,7,12,0,0,0,1,2,0,1,2,1,1,0,3,7,0,0,2,0,0,71,2026
Hugh McCluggage,12518,BL,GE,11,8,2,8,16,0,0,0,2,2,1,4,4,1,1,0,10,9,0,0,1,0,1,81,2026
Conor McKenna,12391,BL,GE,11,11,3,0,11,1,1,0,3,0,3,0,3,2,2,0,3,9,0,0,1,1,0,76,2026
Logan Morris,13137,BL,GE,11,9,8,4,13,2,2,0,0,0,0,0,3,1,0,0,2,10,1,5,1,0,1,75,2026
Lachie Neale,12055,BL,GE,11,15,3,13,28,0,0,0,1,1,5,5,2,1,0,0,10,15,0,0,1,1,0,77,2026
Cam Rayner,12592,BL,GE,11,10,2,7,17,1,3,0,3,0,6,1,1,0,0,0,9,9,0,0,1,0,1,73,2026
Bruce Reville,13138,BL,GE,11,10,1,7,17,0,0,0,4,5,2,2,2,0,1,0,6,8,0,0,3,0,0,87,2026
James Tunstill,13005,BL,GE,11,4,1,5,9,0,0,0,1,1,0,0,1,0,0,0,4,5,0,0,2,0,0,69,2026
Darcy Wilmot,13026,BL,GE,11,22,7,8,30,0,0,0,3,5,2,4,3,1,2,0,7,17,0,0,2,2,0,84,2026
Tom Atkins,12690,GE,BL,11,8,3,18,26,0,0,0,6,2,2,4,2,0,1,0,9,16,0,0,2,0,0,81,2026
Mark Blicavs,12153,GE,BL,11,5,2,5,10,0,0,5,2,1,1,1,2,1,2,0,4,7,1,0,5,0,0,79,2026
Tanner Bruhn,12871,GE,BL,11,16,4,13,29,0,0,0,2,2,8,2,6,0,1,0,10,19,0,1,0,2,0,69,2026
Jeremy Cameron,12017,GE,BL,11,12,5,4,16,3,3,0,1,0,3,1,0,2,0,0,5,12,0,1,4,0,1,78,2026
Brad Close,12806,GE,BL,11,5,1,3,8,1,0,0,6,0,1,0,3,0,0,0,1,7,0,0,1,0,0,73,2026
Patrick Dangerfield,11700,GE,BL,11,7,2,9,16,1,1,0,1,0,2,1,8,1,5,0,9,8,0,1,2,0,0,64,2026
Sam De Koning,12891,GE,BL,11,4,3,7,11,0,0,1,1,1,0,0,1,0,0,0,6,5,1,0,6,0,0,82,2026
Oliver Dempsey,12974,GE,BL,11,8,3,11,19,0,2,0,4,3,3,2,0,0,0,0,6,12,0,0,3,0,0,91,2026
Mitchell Edwards,13285,GE,BL,11,4,0,9,13,0,0,24,2,0,4,2,4,1,2,0,6,6,0,0,1,0,0,69,2026
Zach Guthrie,12551,GE,BL,11,13,4,3,16,0,0,0,2,4,1,0,0,0,0,0,1,12,0,0,6,0,0,78,2026
Jack Henry,12607,GE,BL,11,1,2,4,5,0,0,0,1,0,2,0,2,0,2,0,2,4,0,0,2,0,0,80,2026
Oliver Henry,12851,GE,BL,11,11,6,3,14,2,1,0,1,0,4,0,3,0,0,0,5,8,1,1,1,0,2,76,2026
Max Holmes,12881,GE,BL,11,12,6,14,26,0,0,0,3,6,4,5,4,0,1,0,9,14,0,0,1,1,0,78,2026
Lawson Humphries,13160,GE,BL,11,16,3,6,22,0,1,0,1,4,4,2,1,1,0,0,3,13,0,0,3,1,0,81,2026
Shaun Mannagh,13104,GE,BL,11,19,6,11,30,5,0,0,0,1,7,2,4,2,0,0,8,18,0,0,0,0,3,86,2026
Jack Martin,12236,GE,BL,11,4,4,3,7,0,0,0,3,0,2,0,2,0,1,0,0,7,0,1,1,0,1,48,2026
Gryan Miers,12689,GE,BL,11,10,3,6,16,0,0,0,1,1,1,1,2,2,1,0,5,11,0,0,1,0,1,74,2026
Oisin Mullin,13066,GE,BL,11,5,3,12,17,1,2,0,9,0,3,2,1,0,1,0,7,11,0,1,1,0,1,78,2026
Shannon Neale,12992,GE,BL,11,9,7,7,16,2,2,6,1,2,3,2,0,2,0,0,8,9,1,3,1,0,3,87,2026
Mark OConnor,12531,GE,BL,11,5,1,5,10,0,0,0,3,4,0,0,1,1,1,0,2,9,0,0,4,0,0,82,2026
Connor OSullivan,13122,GE,BL,11,7,2,8,15,0,0,0,2,2,0,0,6,1,2,0,9,5,0,0,3,0,0,96,2026
Bailey Smith,12692,GE,BL,11,21,3,13,34,2,0,0,11,3,9,7,1,3,0,0,12,21,1,0,1,0,0,86,2026
Tom Stewart,12505,GE,BL,11,21,7,7,28,0,0,0,1,8,2,1,6,2,3,0,11,12,1,0,3,0,0,83,2026
Joel Amartey,12844,SY,CW,11,3,2,2,5,0,1,3,2,0,1,0,1,1,0,0,3,2,0,1,4,0,0,76,2026
Riley Bice,13195,SY,CW,11,13,3,4,17,0,0,0,2,4,4,0,3,2,0,0,3,12,0,0,2,2,1,73,2026
Nick Blakey,12699,SY,CW,11,25,10,14,39,1,0,0,2,9,8,3,5,2,1,0,7,25,0,0,3,5,0,82,2026
Billy Cootee,13317,SY,CW,11,2,2,2,4,0,1,0,7,0,0,0,1,1,1,0,2,2,0,1,0,0,0,58,2026
Harry Cunningham,12015,SY,CW,11,7,2,3,10,0,0,0,3,4,0,0,1,1,0,0,1,9,0,0,1,0,0,71,2026
Charlie Curnow,12421,SY,CW,11,6,2,3,9,1,1,0,0,0,1,0,5,2,4,0,7,2,1,1,0,0,0,84,2026
Will Edwards,13318,SY,CW,11,6,7,7,13,0,0,0,1,1,2,0,4,2,2,0,6,8,0,0,7,0,0,81,2026
Brodie Grundy,12217,SY,CW,11,13,5,21,34,1,1,46,4,2,4,12,6,5,3,0,24,8,0,0,3,0,0,84,2026
Isaac Heeney,12326,SY,CW,11,17,2,15,32,1,1,0,1,2,6,11,9,3,1,0,20,12,1,1,3,0,0,80,2026
James Jordon,12860,SY,CW,11,5,3,9,14,0,0,0,2,1,2,0,0,1,0,0,4,9,0,0,1,0,0,90,2026
Jake Lloyd,12268,SY,CW,11,7,3,5,12,0,0,0,1,0,3,0,3,0,0,0,2,8,0,0,1,0,1,80,2026
Tom McCartin,12627,SY,CW,11,11,7,10,21,0,0,0,4,6,1,0,2,1,0,0,4,16,1,0,12,0,0,96,2026
Logan McDonald,12861,SY,CW,11,5,2,3,8,2,0,3,0,1,2,1,1,0,0,0,5,4,0,0,2,0,0,56,2026
Justin McInerney,12711,SY,CW,11,12,6,19,31,1,2,0,2,2,5,4,2,2,0,0,14,19,0,2,2,0,0,87,2026
Lewis Melican,12526,SY,CW,11,7,5,5,12,0,0,0,4,0,1,0,3,1,1,0,7,5,1,0,8,0,0,90,2026
Callum Mills,12413,SY,CW,11,14,3,8,22,0,1,0,3,2,2,2,2,2,0,0,6,12,0,0,1,0,0,83,2026
Tom Papley,12412,SY,CW,11,7,1,5,12,2,2,0,0,0,5,0,2,0,2,0,6,7,0,0,0,0,0,79,2026
Malcolm Rosas,12903,SY,CW,11,11,4,3,14,0,0,0,2,0,5,0,8,0,1,0,6,7,0,0,1,0,0,73,2026
James Rowbottom,12714,SY,CW,11,8,2,6,14,0,0,0,4,2,2,1,2,3,0,0,8,6,0,0,0,0,0,74,2026
Jai Serong,13022,SY,CW,11,12,8,8,20,1,0,0,0,3,2,2,3,0,1,0,6,14,1,1,1,1,1,86,2026
Angus Sheldrick,12951,SY,CW,11,9,0,5,14,0,0,0,7,1,5,1,5,0,0,0,7,5,0,0,0,0,0,52,2026
Chad Warner,12797,SY,CW,11,20,3,3,23,1,3,0,1,1,6,4,5,1,2,0,9,12,0,1,2,1,0,83,2026
Sam Wicks,12818,SY,CW,11,13,7,8,21,0,0,0,4,4,4,0,3,1,1,0,3,17,1,0,1,1,0,83,2026
Edward Allan,13146,CW,SY,11,6,0,11,17,0,0,0,6,1,4,5,2,1,2,0,8,8,0,0,1,0,0,62,2026
Angus Anderson,13306,CW,SY,11,9,4,8,17,1,1,0,1,2,4,0,1,0,0,0,8,10,0,0,2,0,1,64,2026
Jack Buller,13071,CW,SY,11,3,2,2,5,0,1,3,4,0,2,1,6,0,5,0,2,4,1,1,2,0,0,73,2026
Jack Crisp,12061,CW,SY,11,9,1,9,18,0,1,0,8,2,4,2,4,3,2,0,13,7,0,0,3,0,0,85,2026
Josh Daicos,12573,CW,SY,11,14,3,7,21,0,0,0,4,8,2,2,2,2,1,0,7,14,0,0,0,0,0,85,2026
Nick Daicos,12943,CW,SY,11,13,4,15,28,2,0,0,2,2,5,2,4,1,0,0,6,20,1,1,2,0,1,90,2026
Jordan de Goey,12318,CW,SY,11,18,2,11,29,0,0,0,2,3,4,6,5,2,2,0,11,16,0,0,3,0,1,78,2026
Jamie Elliott,12083,CW,SY,11,7,3,7,14,1,0,0,2,0,2,0,2,0,0,0,5,9,1,2,0,0,0,86,2026
Billy Frampton,12676,CW,SY,11,5,3,8,13,0,0,0,1,5,0,0,4,0,2,0,4,9,0,0,10,0,0,93,2026
Will Hayes,13228,CW,SY,11,3,2,7,10,1,2,0,1,0,0,0,1,0,1,0,4,6,0,1,0,0,0,64,2026
Dan Houston,12495,CW,SY,11,8,3,9,17,0,1,0,5,4,2,0,3,0,1,0,5,9,0,0,4,0,0,84,2026
Jeremy Howe,11967,CW,SY,11,22,6,2,24,0,0,0,0,10,0,1,1,0,0,0,3,9,1,0,4,0,0,87,2026
Ned Long,13023,CW,SY,11,9,1,6,15,1,2,0,7,3,3,1,4,0,0,0,8,9,0,0,3,0,0,73,2026
Brayden Maynard,12371,CW,SY,11,14,3,4,18,0,0,0,7,6,2,1,4,2,1,0,5,8,0,0,5,0,0,84,2026
Beau McCreery,12876,CW,SY,11,5,0,7,12,0,1,0,4,0,2,1,2,2,1,0,6,6,0,0,1,0,0,76,2026
Daniel McStay,12291,CW,SY,11,5,3,6,11,1,0,2,6,1,1,2,0,1,0,0,6,3,1,0,1,0,0,69,2026
Wil Parker,13147,CW,SY,11,4,3,9,13,0,0,0,1,0,2,1,3,0,2,0,8,5,0,0,1,0,0,75,2026
Isaac Quaynor,12740,CW,SY,11,12,7,10,22,0,0,0,4,9,2,3,4,1,2,0,6,15,0,0,4,0,1,92,2026
Lachie Schultz,12700,CW,SY,11,5,3,8,13,1,1,0,5,0,2,1,8,1,5,0,5,9,1,2,1,0,0,79,2026
Steele Sidebottom,11751,CW,SY,11,9,4,7,16,0,0,0,3,2,5,1,3,0,0,0,7,9,0,0,1,0,0,91,2026
Roan Steele,13248,CW,SY,11,12,3,7,19,1,1,0,1,1,2,2,0,1,0,0,7,11,0,0,1,0,0,93,2026
Oscar Steene,13298,CW,SY,11,5,2,7,12,0,0,5,0,0,3,6,2,3,2,0,7,4,0,0,0,0,0,45,2026
Charlie West,13246,CW,SY,11,6,4,3,9,1,0,0,0,0,3,0,6,1,2,0,4,3,2,1,2,0,0,72,2026
Aliir Aliir,12433,PA,GC,11,11,1,1,12,0,0,0,0,5,0,1,1,4,0,0,7,4,0,0,11,0,0,100,2026
Tom Anastasopoulos,13322,PA,GC,11,8,3,8,16,0,0,0,1,0,3,0,1,0,0,0,1,13,0,1,0,0,0,78,2026
Joe Berry,13188,PA,GC,11,15,2,4,19,2,0,0,1,0,10,3,4,3,1,0,10,10,0,0,2,0,2,74,2026
Jase Burgoyne,13007,PA,GC,11,14,2,14,28,0,0,0,1,6,2,1,2,1,0,0,11,13,0,0,2,0,0,87,2026
Zak Butters,12698,PA,GC,11,18,4,17,35,0,0,0,5,0,5,9,1,2,0,0,16,19,0,0,2,3,1,83,2026
Darcy Byrne-Jones,12422,PA,GC,11,15,1,12,27,0,0,0,4,5,4,1,2,1,0,0,8,18,0,0,0,2,0,85,2026
Willem Drew,12695,PA,GC,11,18,5,6,24,0,0,0,4,4,6,8,3,1,0,0,13,10,0,0,0,0,0,85,2026
Corey Durdin,12936,PA,GC,11,7,3,3,10,1,2,0,3,0,1,0,4,0,1,0,4,5,0,1,0,0,0,88,2026
Logan Evans,13156,PA,GC,11,9,5,5,14,0,0,0,2,3,0,2,4,0,1,0,6,7,1,0,6,0,0,88,2026
Kane Farrell,12664,PA,GC,11,17,6,2,19,1,0,0,1,8,4,2,1,0,0,0,2,12,0,0,2,3,0,82,2026
Mitch Georgiades,12766,PA,GC,11,6,3,5,11,1,3,0,0,1,0,0,5,1,2,0,4,6,0,1,1,0,0,95,2026
Jason Horne-Francis,12956,PA,GC,11,10,1,7,17,0,1,0,6,1,1,2,3,0,2,0,5,10,0,0,0,0,0,82,2026
Lachie Jones,12882,PA,GC,11,1,0,3,4,0,0,0,1,0,0,0,1,1,0,0,0,4,0,0,0,0,0,17,2026
Will Lorenz,13162,PA,GC,11,5,4,11,16,0,1,0,2,0,1,3,4,1,1,0,7,9,0,0,1,0,0,76,2026
Ewan Mackinlay,13269,PA,GC,11,3,1,7,10,2,0,0,4,1,2,1,4,1,1,0,8,2,0,0,0,2,1,84,2026
Christian Moraes,13199,PA,GC,11,7,2,8,15,0,0,0,0,1,2,0,2,0,0,0,5,10,0,0,1,0,0,78,2026
Esava Ratugolea,12597,PA,GC,11,7,3,4,11,0,0,0,2,7,0,0,0,0,0,0,4,4,1,0,6,0,0,78,2026
Joe Richards,13139,PA,GC,11,10,3,5,15,3,2,0,4,0,3,1,2,2,1,0,6,9,0,2,0,0,0,77,2026
Jordon Sweet,12890,PA,GC,11,5,1,5,10,0,0,28,2,3,1,4,4,2,2,0,7,3,0,0,4,1,0,73,2026
Dante Visentini,13073,PA,GC,11,0,0,1,1,0,0,5,3,0,0,1,2,1,2,0,3,0,0,0,4,0,0,62,2026
Jack Watkins,13289,PA,GC,11,8,2,3,11,0,0,0,3,0,3,0,1,0,0,0,2,9,0,0,2,0,0,77,2026
Jack Whitlock,13259,PA,GC,11,5,3,4,9,0,2,0,1,0,3,1,0,1,0,0,4,7,1,1,2,0,0,92,2026
Ollie Wines,12150,PA,GC,11,8,2,13,21,0,0,0,0,2,4,1,1,0,0,0,8,13,0,0,1,0,0,60,2026
Oscar Adams,13251,GC,PA,11,8,8,7,15,0,0,0,1,2,1,0,2,0,1,0,4,10,0,0,8,0,0,79,2026
Noah Anderson,12767,GC,PA,11,24,5,9,33,0,0,0,4,5,5,8,4,0,1,0,11,20,0,0,0,1,0,88,2026
Mac Andrew,13019,GC,PA,11,12,9,10,22,0,0,0,1,1,2,0,3,1,1,0,5,15,1,0,8,1,1,88,2026
Sam Collins,12444,GC,PA,11,9,7,11,20,0,0,0,1,5,0,0,1,1,1,0,9,11,1,0,3,0,0,100,2026
Will Graham,13120,GC,PA,11,4,1,3,7,1,0,0,1,0,1,0,2,0,1,0,4,4,0,0,0,0,0,31,2026
Lachlan Gulbin,13272,GC,PA,11,3,1,1,4,1,1,0,5,1,0,0,1,0,0,0,0,4,0,1,1,0,0,84,2026
Nick Holman,12307,GC,PA,11,7,3,9,16,0,0,0,3,1,1,0,3,1,3,0,9,8,0,0,1,0,0,83,2026
Bailey Humphrey,13049,GC,PA,11,7,4,5,12,0,1,0,4,0,4,0,3,0,2,0,4,8,0,3,0,0,1,91,2026
Joel Jeffrey,12933,GC,PA,11,12,7,1,13,1,0,0,1,4,2,0,2,0,1,0,0,10,0,1,1,1,0,63,2026
Ben King,12728,GC,PA,11,4,2,2,6,1,1,1,0,0,2,0,4,0,2,0,1,5,0,1,2,0,0,96,2026
Leo Lombard,13232,GC,PA,11,9,2,9,18,1,1,0,1,0,4,1,2,0,0,0,9,8,0,1,0,0,2,78,2026
Touk Miller,12331,GC,PA,11,11,6,10,21,0,0,0,2,4,2,4,2,0,1,0,7,17,0,0,3,0,0,84,2026
Ned Moyle,13050,GC,PA,11,8,2,6,14,3,0,13,2,0,4,1,2,1,1,0,10,3,2,1,7,0,0,82,2026
John Noble,12743,GC,PA,11,24,8,7,31,1,0,0,2,5,6,0,1,2,0,0,6,21,0,1,1,0,2,90,2026
Christian Petracca,12430,GC,PA,11,16,1,11,27,1,0,0,3,0,8,9,8,1,1,0,15,11,0,0,0,0,1,85,2026
Wil Powell,12652,GC,PA,11,10,4,7,17,0,0,0,1,3,3,0,3,1,1,0,6,11,0,0,2,0,0,84,2026
Daniel Rioli,12403,GC,PA,11,14,4,9,23,0,0,0,2,5,4,0,1,1,1,0,6,15,0,0,0,5,0,85,2026
Matt Rowell,12768,GC,PA,11,12,0,11,23,0,1,0,6,1,6,6,2,2,1,0,17,7,0,0,0,1,0,81,2026
Bodhi Uwland,13041,GC,PA,11,19,6,12,31,1,0,0,2,5,2,0,2,2,0,0,7,17,1,0,6,1,0,91,2026
Zeke Uwland,13278,GC,PA,11,7,4,3,10,1,0,0,1,2,2,0,1,0,0,0,0,10,0,0,0,0,0,85,2026
Jed Walter,13114,GC,PA,11,6,4,3,9,3,1,0,2,0,1,0,2,0,1,0,5,6,1,2,4,0,1,81,2026
Lachie Weller,12385,GC,PA,11,1,1,2,3,0,0,0,0,0,0,0,0,0,0,0,1,2,0,0,0,0,0,13,2026
Jarrod Witts,12177,GC,PA,11,8,5,6,14,0,0,25,2,0,2,1,3,1,2,0,7,8,1,0,1,0,0,58,2026
Tom Blamires,13287,NM,AD,11,8,5,5,13,0,0,0,0,2,1,1,1,0,0,0,3,9,0,0,1,0,0,76,2026
Charlie Comben,12938,NM,AD,11,5,8,5,10,0,0,0,1,2,1,0,3,0,1,0,3,8,1,0,4,0,0,87,2026
Paul Curtis,12975,NM,AD,11,10,4,2,12,3,1,0,3,0,2,1,1,2,0,0,4,5,0,2,0,0,2,78,2026
Caleb Daniel,12373,NM,AD,11,13,5,7,20,0,0,0,1,2,2,1,3,0,0,0,3,13,0,0,3,1,1,85,2026
Jack Darling,11905,NM,AD,11,4,2,3,7,1,1,0,2,1,0,0,0,2,0,0,3,4,0,1,1,0,0,70,2026
Luke Davies-Uniacke,12590,NM,AD,11,6,2,16,22,0,0,0,4,1,2,5,3,2,2,0,10,14,1,0,0,1,0,82,2026
Wil Dawson,13144,NM,AD,11,2,2,1,3,0,0,19,2,0,1,0,3,0,0,0,0,3,0,0,3,0,0,40,2026
Zane Duursma,13106,NM,AD,11,5,2,2,7,0,2,0,0,0,1,0,1,0,0,0,1,5,0,0,0,0,1,64,2026
Jacob Konstanty,13186,NM,AD,11,2,1,7,9,0,0,0,1,0,1,0,2,1,0,0,4,5,0,1,1,0,0,79,2026
Nick Larkey,12563,NM,AD,11,4,1,4,8,1,0,0,1,0,2,0,1,3,0,0,6,3,0,0,1,0,0,88,2026
Griffin Logue,12511,NM,AD,11,3,1,4,7,0,0,0,1,0,1,0,2,0,1,0,2,6,0,0,4,0,0,83,2026
Luke McDonald,12246,NM,AD,11,9,6,5,14,0,0,0,1,3,1,0,0,0,0,0,1,13,0,0,4,0,1,93,2026
Colby McKercher,13107,NM,AD,11,13,3,6,19,0,1,0,3,1,3,3,3,1,1,0,5,12,0,0,1,1,0,85,2026
Finn OSullivan,13187,NM,AD,11,5,1,9,14,1,0,0,3,0,2,1,2,1,0,0,7,7,0,1,1,0,0,87,2026
Luke Parker,11953,NM,AD,11,15,2,13,28,0,0,0,4,7,0,0,2,2,0,0,7,14,0,0,1,1,0,89,2026
Harry Sheezel,13034,NM,AD,11,15,6,9,24,0,1,0,4,1,4,4,6,1,2,0,9,14,1,2,1,0,0,71,2026
Jy Simpkin,12502,NM,AD,11,11,3,7,18,0,1,0,1,0,5,2,2,2,2,0,6,12,0,0,3,0,0,88,2026
Charlie Spargo,12622,NM,AD,11,8,5,2,10,1,0,0,4,1,2,0,3,0,1,0,1,9,0,1,0,1,0,71,2026
Dylan Stephens,12796,NM,AD,11,11,6,6,17,0,3,0,1,2,5,1,2,0,0,0,2,15,0,1,0,1,1,93,2026
Cooper Trembath,13263,NM,AD,11,4,4,3,7,1,0,3,2,0,1,0,0,0,0,0,2,5,0,1,0,0,1,78,2026
George Wardlaw,13064,NM,AD,11,8,3,12,20,1,0,0,1,1,2,4,6,1,3,0,11,11,0,1,2,1,0,64,2026
Tristan Xerri,12788,NM,AD,11,8,1,7,15,0,0,23,2,2,3,9,5,6,3,0,12,3,0,0,2,0,0,64,2026
Cameron Zurhaar,12557,NM,AD,11,12,4,4,16,0,0,0,0,3,2,0,3,0,3,0,1,13,1,0,6,0,0,84,2026
Sam Berry,12849,AD,NM,11,10,2,11,21,0,0,0,8,0,6,2,1,0,1,0,8,15,0,0,1,0,1,69,2026
James Borlase,13086,AD,NM,11,11,7,5,16,0,0,0,2,2,0,0,4,0,0,0,4,12,1,0,6,0,0,93,2026
Jordon Butts,12829,AD,NM,11,3,1,5,8,0,0,0,1,2,0,1,2,0,2,0,4,4,1,0,6,0,0,89,2026
Brayden Cook,12932,AD,NM,11,11,3,4,15,1,1,0,4,0,5,0,1,0,0,0,0,15,0,2,1,2,0,82,2026
Isaac Cumming,12629,AD,NM,11,9,7,8,17,0,0,0,1,4,0,0,1,0,1,0,3,14,0,0,2,0,0,52,2026
Daniel Curtin,13132,AD,NM,11,5,5,6,11,0,1,0,0,0,0,1,2,0,0,0,6,6,1,1,1,0,0,86,2026
Jordan Dawson,12516,AD,NM,11,14,6,10,24,1,0,0,5,2,6,4,3,3,1,0,8,18,1,0,2,2,2,83,2026
Darcy Fogarty,12584,AD,NM,11,7,7,4,11,2,2,0,1,0,0,0,1,0,1,0,6,6,2,5,1,0,2,79,2026
Ben Keays,12434,AD,NM,11,9,3,8,17,2,1,0,1,2,2,2,3,1,0,0,6,10,0,1,2,0,1,84,2026
Rory Laird,12165,AD,NM,11,14,7,11,25,0,0,0,3,3,1,1,3,0,1,0,6,16,1,0,0,0,0,84,2026
Lachlan McAndrew,13065,AD,NM,11,6,3,3,9,2,0,19,6,1,1,5,7,2,6,0,7,2,1,1,2,0,1,66,2026
Max Michalanney,13027,AD,NM,11,8,5,7,15,0,0,0,4,1,3,0,2,0,2,0,2,14,0,0,1,1,0,79,2026
Wayne Milera,12405,AD,NM,11,11,5,8,19,0,0,0,6,5,1,0,4,1,2,0,3,14,0,0,2,0,0,80,2026
Toby Murray,13280,AD,NM,11,9,6,5,14,2,2,13,2,1,2,3,1,1,0,0,6,8,1,2,2,0,1,72,2026
Luke Nankervis,13081,AD,NM,11,6,1,5,11,2,0,0,2,1,0,1,2,0,2,0,4,7,0,0,1,0,0,70,2026
Alex Neal-Bullen,12367,AD,NM,11,11,4,2,13,0,0,0,5,1,5,3,1,1,0,0,4,9,0,0,0,0,0,91,2026
James Peatling,12934,AD,NM,11,12,6,10,22,2,0,0,6,1,0,3,3,3,2,0,11,11,0,0,0,0,0,67,2026
Luke Pedlar,12921,AD,NM,11,8,4,8,16,0,2,0,3,0,2,2,2,3,0,0,5,12,0,1,0,0,1,74,2026
Josh Rachele,12953,AD,NM,11,12,5,6,18,3,0,0,1,0,3,0,4,0,1,0,6,10,0,1,0,0,1,85,2026
Izak Rankine,12798,AD,NM,11,15,4,13,28,1,2,0,3,2,7,10,5,2,1,0,15,15,0,0,2,1,0,81,2026
Jake Soligo,12952,AD,NM,11,11,5,7,18,2,1,0,2,0,2,1,2,1,1,0,4,14,0,2,1,0,1,77,2026
Zac Taylor,13159,AD,NM,11,6,4,9,15,0,1,0,5,0,1,1,1,1,0,0,5,10,0,0,1,0,2,71,2026
Josh Worrell,12912,AD,NM,11,15,5,9,24,0,0,0,2,7,2,1,1,0,0,0,6,12,0,0,2,0,0,87,2026
Karl Amon,12357,HW,ME,11,19,9,9,28,0,1,0,1,4,4,2,3,1,1,0,7,18,0,0,1,0,0,82,2026
Josh Battle,12558,HW,ME,11,17,7,7,24,0,0,0,0,5,1,2,4,1,0,0,6,16,1,0,5,0,0,94,2026
Massimo DAmbrosio,12998,HW,ME,11,15,9,4,19,1,0,0,1,0,3,2,5,0,1,0,6,13,1,0,0,2,0,85,2026
Calsher Dear,13135,HW,ME,11,4,4,1,5,0,2,0,4,0,1,0,3,2,1,0,3,3,1,3,1,0,1,78,2026
Jack Ginnivan,12927,HW,ME,11,11,7,7,18,0,1,0,1,3,3,1,2,0,0,0,5,15,0,1,1,0,0,85,2026
Blake Hardwick,12469,HW,ME,11,11,6,8,19,0,0,0,3,1,4,0,1,3,0,0,7,13,1,0,1,0,0,74,2026
Henry Hustwaite,13091,HW,ME,11,7,1,12,19,0,0,0,3,1,1,6,3,0,0,0,9,10,0,0,0,0,0,71,2026
Jarman Impey,12237,HW,ME,11,17,8,6,23,0,0,0,3,4,5,0,3,1,1,0,4,14,1,0,3,0,1,67,2026
Mitch Lewis,12636,HW,ME,11,11,6,1,12,2,1,0,0,0,5,0,5,2,1,0,3,9,0,4,0,0,1,76,2026
Connor Macdonald,12954,HW,ME,11,13,1,8,21,1,0,0,2,3,7,1,3,0,1,0,5,15,0,0,1,0,1,75,2026
Cam Mackenzie,13031,HW,ME,11,14,4,9,23,0,0,0,3,1,4,4,3,1,2,0,7,15,0,0,0,1,0,79,2026
Finn Maginness,12843,HW,ME,11,4,1,8,12,0,0,0,2,3,0,2,3,2,2,0,7,5,0,1,2,0,0,90,2026
Lloyd Meek,12856,HW,ME,11,1,1,4,5,0,0,14,2,0,0,0,3,0,2,0,5,0,1,0,1,0,0,42,2026
Dylan Moore,12710,HW,ME,11,14,9,13,27,2,0,0,3,2,4,2,0,1,0,0,6,20,0,0,0,1,3,86,2026
Harry Morrison,12579,HW,ME,11,7,6,7,14,1,0,0,3,1,2,1,5,0,1,0,4,10,0,1,0,0,0,80,2026
Jai Newcombe,12915,HW,ME,11,8,0,16,24,0,0,0,2,0,5,3,3,1,2,0,12,13,0,0,3,2,0,74,2026
Max Ramsden,13058,HW,ME,11,3,2,9,12,1,0,0,1,0,0,0,1,0,0,0,5,7,0,1,0,0,0,77,2026
Ned Reeves,12906,HW,ME,11,0,0,3,3,0,0,28,2,0,1,2,2,1,2,0,3,0,0,0,2,0,0,64,2026
Bodie Ryan,13320,HW,ME,11,10,5,5,15,0,0,0,3,1,1,0,3,0,2,0,2,12,0,0,2,0,0,85,2026
James Sicily,12332,HW,ME,11,15,8,8,23,0,0,0,1,4,2,1,4,1,1,0,8,14,1,0,2,1,1,89,2026
Josh Ward,12955,HW,ME,11,11,5,13,24,0,0,0,1,1,3,1,2,1,0,0,9,16,1,0,1,1,1,76,2026
Nick Watson,13105,HW,ME,11,6,4,3,9,3,1,0,1,0,0,4,2,0,1,0,6,4,1,4,0,0,0,84,2026
Josh Weddle,13057,HW,ME,11,7,6,9,16,1,0,0,4,3,1,0,0,1,0,0,4,12,0,0,6,2,0,85,2026
Jake Bowey,12931,ME,HW,11,17,5,7,24,0,0,0,3,7,2,0,1,0,0,0,4,14,0,0,1,3,1,83,2026
Kade Chandler,12756,ME,HW,11,15,3,7,22,1,0,0,4,3,5,1,3,0,1,0,10,12,0,0,1,1,0,96,2026
Paddy Cross,13300,ME,HW,11,3,3,3,6,0,0,0,4,0,1,1,3,1,1,0,2,5,0,0,0,0,0,80,2026
Bayley Fritsch,12598,ME,HW,11,10,2,6,16,2,1,0,2,0,4,0,3,3,1,0,8,8,0,0,4,0,1,96,2026
Max Gawn,11966,ME,HW,11,10,5,8,18,0,1,18,1,1,5,8,1,3,1,0,14,4,3,1,3,0,1,75,2026
Max Heath,13254,ME,HW,11,3,1,1,4,0,0,7,3,1,2,1,0,0,0,0,3,2,1,0,2,0,0,25,2026
Blake Howes,13098,ME,HW,11,12,7,7,19,0,0,0,0,4,2,0,3,0,1,0,5,16,0,0,1,0,1,75,2026
Matthew Jefferson,13182,ME,HW,11,11,6,2,13,2,2,0,0,0,2,0,5,1,1,0,8,6,1,2,1,0,2,70,2026
Changkuoth Jiath,12752,ME,HW,11,7,4,7,14,0,0,0,1,3,1,0,0,0,0,0,5,8,0,0,2,3,0,66,2026
Ed Langdon,12393,ME,HW,11,10,8,9,19,1,0,0,3,3,0,2,6,0,2,0,4,15,0,0,0,0,0,90,2026
Harvey Langford,13184,ME,HW,11,11,3,7,18,2,0,0,3,1,3,0,4,3,0,0,6,12,0,1,0,1,0,80,2026
Bailey Laurie,13032,ME,HW,11,10,4,8,18,1,0,0,5,3,5,1,2,1,1,0,5,13,0,0,2,0,1,73,2026
Jake Lever,12351,ME,HW,11,12,8,7,19,0,0,0,1,3,0,0,2,3,1,0,6,11,0,0,9,0,0,97,2026
Harry Petty,12653,ME,HW,11,6,6,6,12,3,1,0,4,0,2,0,1,0,1,0,6,6,1,1,3,0,0,76,2026
Kysaiah Pickett,12771,ME,HW,11,10,2,3,13,2,0,0,5,0,2,3,5,2,1,0,5,8,0,1,2,0,0,90,2026
Latrelle Pickett,13286,ME,HW,11,2,0,5,7,0,0,0,0,0,2,1,3,0,2,0,2,7,0,0,2,3,0,79,2026
Trent Rivers,12778,ME,HW,11,12,3,9,21,0,0,0,3,2,2,4,2,0,0,0,9,13,0,0,1,1,0,60,2026
Harry Sharp,12864,ME,HW,11,6,0,6,12,2,1,0,2,0,3,1,4,0,2,0,3,9,0,0,1,5,1,93,2026
Tom Sparrow,12693,ME,HW,11,13,5,14,27,0,2,0,5,0,6,8,2,2,1,0,10,16,0,1,2,0,1,79,2026
Jack Steele,12368,ME,HW,11,14,3,12,26,0,1,0,3,1,7,6,6,2,1,0,14,12,0,1,0,0,1,71,2026
Koltyn Tholstrup,13123,ME,HW,11,9,6,3,12,0,0,0,0,4,0,1,1,0,0,0,2,9,0,0,1,0,0,84,2026
Daniel Turner,12996,ME,HW,11,15,8,4,19,0,0,0,2,8,0,0,1,0,1,0,9,12,2,0,3,2,0,96,2026
Jacob van Rooyen,13048,ME,HW,11,3,2,3,6,2,0,0,0,0,0,0,2,0,0,0,4,2,0,1,0,0,1,67,2026
Ben Ainsworth,12498,CA,WB,11,11,4,5,16,1,0,0,3,0,5,3,2,2,2,0,3,13,0,0,0,0,0,80,2026
Matt Carroll,13212,CA,WB,11,11,10,5,16,3,0,0,2,0,6,0,1,0,1,0,4,11,1,0,2,0,0,75,2026
Adam Cerra,12603,CA,WB,11,12,5,5,17,0,0,0,1,3,5,1,0,1,0,0,5,12,0,0,1,0,1,71,2026
Lachlan Cowan,13028,CA,WB,11,18,7,2,20,0,0,0,1,5,2,1,1,1,0,0,3,16,1,0,6,0,0,85,2026
Patrick Cripps,12261,CA,WB,11,12,4,17,29,2,0,0,5,0,5,8,6,3,2,0,17,11,0,0,0,1,0,78,2026
Harry Dean,13273,CA,WB,11,8,7,4,12,0,0,0,1,1,0,0,1,0,0,0,2,10,0,0,2,0,0,71,2026
Francis Evans,12873,CA,WB,11,6,2,9,15,0,0,0,4,0,4,0,2,1,0,0,7,8,0,0,0,0,1,77,2026
Oliver Florent,12497,CA,WB,11,19,11,9,28,0,0,0,4,5,1,1,2,3,0,0,9,20,0,0,4,0,0,95,2026
Nick Haynes,12091,CA,WB,11,11,7,6,17,0,0,0,0,2,1,0,2,0,1,0,4,13,2,0,5,0,0,70,2026
Will Hayward,12509,CA,WB,11,15,10,4,19,0,2,0,1,0,4,0,1,2,0,0,7,11,1,2,0,0,0,81,2026
George Hewett,12411,CA,WB,11,5,1,9,14,0,1,0,5,1,1,2,2,0,0,0,6,9,0,0,2,0,0,66,2026
Oliver Hollands,13029,CA,WB,11,14,6,3,17,0,0,0,5,1,2,0,5,2,3,0,4,13,0,0,1,0,0,80,2026
Jack Ison,13321,CA,WB,11,12,6,3,15,1,2,0,1,1,4,0,2,1,2,0,5,10,0,0,0,0,1,79,2026
Brodie Kemp,12937,CA,WB,11,7,5,6,13,1,1,0,2,0,1,0,2,0,0,0,4,8,0,1,3,0,0,85,2026
Mitch McGovern,12404,CA,WB,11,4,0,2,6,0,1,0,2,0,1,0,2,1,0,0,3,3,0,0,0,0,0,72,2026
Harry McKay,12566,CA,WB,11,11,4,3,14,2,2,2,2,0,4,2,5,4,3,0,13,2,2,1,1,0,1,82,2026
Nic Newman,12508,CA,WB,11,16,6,5,21,0,0,0,2,3,1,1,5,2,3,0,3,12,0,0,2,0,0,89,2026
Marc Pittonet,12417,CA,WB,11,4,0,6,10,0,0,20,5,0,1,6,4,2,2,0,9,1,0,0,3,0,0,68,2026
Jagga Smith,13274,CA,WB,11,14,6,11,25,0,0,0,3,1,1,5,5,0,1,0,8,17,0,0,0,0,0,81,2026
Sam Walsh,12684,CA,WB,11,8,4,17,25,0,1,0,2,1,3,4,5,0,1,0,11,14,0,1,0,0,0,82,2026
Jacob Weitering,12402,CA,WB,11,7,5,5,12,0,0,0,1,0,0,0,0,0,0,0,4,8,1,0,6,0,0,86,2026
Zac Williams,12175,CA,WB,11,11,6,8,19,0,0,0,2,2,1,1,2,0,1,0,5,12,0,0,1,0,0,75,2026
Billy Wilson,13244,CA,WB,11,11,8,8,19,0,0,0,2,2,2,1,4,0,1,0,4,13,0,0,1,0,0,72,2026
Oskar Baker,12723,WB,CA,11,9,7,5,14,1,0,0,0,1,1,0,4,1,3,0,2,13,0,0,0,0,0,64,2026
Marcus Bontempelli,12269,WB,CA,11,11,2,13,24,1,0,0,5,2,3,1,7,1,0,0,11,15,0,0,2,0,0,87,2026
Lachlan Bramble,12916,WB,CA,11,11,7,6,17,0,0,0,3,2,2,0,4,0,0,0,2,13,1,0,1,1,1,75,2026
Connor Budarick,12769,WB,CA,11,12,5,4,16,0,0,0,0,2,1,0,3,1,1,0,2,11,0,0,2,0,0,75,2026
Jedd Busslinger,13216,WB,CA,11,9,4,4,13,0,0,0,0,4,0,0,4,1,2,0,3,10,0,0,8,0,0,91,2026
Nick Coffield,12608,WB,CA,11,7,4,7,14,0,0,0,4,3,0,0,2,1,2,0,4,9,0,0,2,0,0,79,2026
Bailey Dale,12354,WB,CA,11,23,3,8,31,0,0,0,1,7,3,0,1,0,1,0,7,16,1,0,2,7,0,88,2026
Sam Davidson,13178,WB,CA,11,8,7,6,14,0,0,0,1,0,0,0,3,0,0,0,1,12,1,1,1,0,0,85,2026
Louis Emmett,13308,WB,CA,11,2,3,2,4,0,1,4,4,0,0,1,3,1,2,0,1,4,0,1,1,0,0,42,2026
Joel Freijah,13140,WB,CA,11,10,7,9,19,0,0,0,5,5,2,4,2,1,0,0,9,11,0,0,2,0,1,88,2026
Cooper Hynes,13213,WB,CA,11,2,1,6,8,1,0,0,4,0,0,0,1,0,1,0,4,4,0,1,0,0,0,75,2026
Arthur Jones,13046,WB,CA,11,6,3,9,15,0,1,0,2,0,4,2,5,2,2,0,7,8,0,1,0,0,0,79,2026
Matthew Kennedy,12455,WB,CA,11,6,3,5,11,0,0,0,5,1,4,4,2,2,2,0,3,7,0,0,0,0,1,60,2026
Buku Khamis,12900,WB,CA,11,11,4,2,13,0,0,0,1,5,0,0,1,2,0,0,3,7,0,0,8,0,0,100,2026
Will Lewis,13284,WB,CA,11,5,3,5,10,0,1,0,4,0,3,0,2,0,1,0,5,5,0,1,0,0,0,87,2026
Rory Lobb,12282,WB,CA,11,5,2,4,9,0,0,23,4,1,0,5,1,2,1,0,7,3,0,0,9,0,1,75,2026
Lachlan McNeil,12854,WB,CA,11,0,2,11,11,0,0,0,4,1,2,2,0,0,0,0,6,5,0,0,1,0,0,80,2026
Aaron Naughton,12594,WB,CA,11,9,4,3,12,3,3,0,0,0,1,0,1,2,0,0,6,6,1,3,3,0,1,90,2026
Ed Richards,12605,WB,CA,11,11,6,8,19,0,0,0,3,3,1,4,7,1,4,0,7,12,0,0,2,1,0,81,2026
Ryley Sanders,13103,WB,CA,11,13,4,13,26,1,0,0,5,3,4,3,3,2,1,0,7,19,0,0,1,2,1,90,2026
Michael Sellwood,13276,WB,CA,11,7,3,6,13,0,0,0,3,2,2,1,5,2,1,0,6,7,1,0,1,0,0,90,2026
Rhylee West,12748,WB,CA,11,6,3,4,10,2,0,0,0,0,2,0,3,1,1,0,4,7,0,1,1,0,1,89,2026
Bailey Williams,12441,WB,CA,11,6,3,1,7,0,0,0,0,1,3,0,0,0,0,0,2,5,0,0,0,0,0,32,2026
Lachlan Blakiston,13237,ES,FR,11,2,2,1,3,0,0,0,0,2,0,0,1,0,1,0,3,1,1,0,7,0,0,100,2026
Nick Bryan,12899,ES,FR,11,5,2,7,12,0,0,11,2,1,1,2,3,2,2,0,7,5,0,0,3,0,0,56,2026
Nate Caddy,13148,ES,FR,11,6,4,4,10,2,1,1,0,0,0,0,2,0,1,0,4,7,1,4,1,0,0,86,2026
Jye Caldwell,12755,ES,FR,11,12,3,8,20,0,1,0,4,4,4,3,2,1,1,0,8,12,0,0,0,0,0,71,2026
Nik Cox,12852,ES,FR,11,3,2,4,7,0,0,0,1,1,0,1,0,0,0,0,3,4,1,0,0,0,0,79,2026
Archer Day-Wicks,13223,ES,FR,11,4,2,9,13,0,1,0,5,0,2,2,2,1,2,0,6,8,0,0,1,0,0,82,2026
Sam Durham,12925,ES,FR,11,9,2,11,20,0,0,0,4,1,4,7,7,0,3,0,11,8,0,0,3,0,0,79,2026
Xavier Duursma,12696,ES,FR,11,9,3,7,16,0,1,0,3,0,1,3,1,4,0,0,7,8,1,1,3,0,0,66,2026
Jacob Farrow,13299,ES,FR,11,10,7,8,18,0,0,0,4,3,2,0,2,0,1,0,3,14,0,0,0,0,0,77,2026
Kyle Langford,12349,ES,FR,11,5,7,10,15,0,1,0,1,0,0,0,0,1,0,0,8,8,1,2,1,0,0,85,2026
Archie May,13238,ES,FR,11,4,1,3,7,2,0,0,1,0,1,0,6,1,5,0,3,4,0,1,1,0,1,77,2026
Andrew McGrath,12491,ES,FR,11,14,5,8,22,0,0,0,1,3,5,1,0,2,0,0,8,14,0,0,0,0,1,81,2026
Zach Merrett,12241,ES,FR,11,11,3,15,26,0,1,0,6,1,3,2,4,2,1,0,6,20,1,0,2,0,0,76,2026
Jayden Nguyen,13258,ES,FR,11,4,1,8,12,0,0,0,3,1,2,0,3,0,1,0,6,6,0,0,1,0,0,74,2026
Darcy Parish,12406,ES,FR,11,14,5,11,25,1,0,0,3,2,6,4,1,2,0,0,7,18,0,0,0,0,1,69,2026
Archie Perkins,12879,ES,FR,11,9,4,7,16,0,1,0,1,2,3,0,3,0,0,0,6,11,0,0,0,0,0,79,2026
Jaxon Prior,12874,ES,FR,11,7,2,5,12,0,0,0,3,1,1,0,0,0,0,0,3,8,0,0,3,0,0,85,2026
Mason Redman,12437,ES,FR,11,7,2,4,11,0,1,0,2,4,1,0,2,1,0,0,3,7,0,1,2,0,1,73,2026
Zach Reid,12889,ES,FR,11,7,5,4,11,0,0,0,3,4,0,0,3,1,1,0,4,6,1,0,2,0,0,92,2026
Archie Roberts,13168,ES,FR,11,22,6,8,30,0,0,0,1,4,3,1,2,0,1,0,4,22,0,0,1,0,0,92,2026
Sullivan Robey,13307,ES,FR,11,10,6,12,22,2,0,0,2,0,6,5,5,0,1,0,10,12,0,2,1,0,1,73,2026
Will Setterfield,12567,ES,FR,11,13,3,3,16,1,1,0,6,2,2,1,1,1,0,0,6,9,0,0,1,0,0,77,2026
Peter Wright,12366,ES,FR,11,2,2,4,6,0,0,16,8,0,0,1,1,0,0,0,1,5,0,0,4,0,0,73,2026
Jye Amiss,12983,FR,ES,11,7,4,3,10,2,2,0,3,0,1,0,3,1,1,0,3,7,1,2,0,0,0,85,2026
Shai Bolton,12535,FR,ES,11,16,3,8,24,2,0,0,2,1,6,3,4,0,0,0,4,14,0,0,1,0,1,76,2026
Andrew Brayshaw,12589,FR,ES,11,14,4,12,26,0,0,0,5,1,4,4,5,1,3,0,7,20,0,0,2,0,0,78,2026
Heath Chapman,12875,FR,ES,11,13,9,4,17,0,0,0,3,4,1,0,1,0,0,0,3,14,1,0,4,0,0,77,2026
Jordan Clark,12688,FR,ES,11,15,4,7,22,0,0,0,1,4,3,0,3,1,0,0,4,13,0,0,2,0,1,84,2026
Brennan Cox,12544,FR,ES,11,8,4,4,12,0,0,0,3,2,0,0,0,2,0,0,4,6,1,0,5,0,0,79,2026
Mason Cox,12428,FR,ES,11,6,1,2,8,0,0,16,2,1,1,3,2,2,1,0,4,1,1,0,4,0,0,55,2026
Isaiah Dudley,13204,FR,ES,11,6,1,5,11,1,0,0,4,0,4,2,2,0,0,0,5,7,0,0,3,0,2,70,2026
Neil Erasmus,12966,FR,ES,11,13,6,5,18,0,0,0,5,1,4,0,4,1,3,0,5,13,0,0,0,0,1,70,2026
Michael Frederick,12801,FR,ES,11,8,3,5,13,1,0,0,2,1,1,1,0,0,0,0,2,10,0,1,0,0,0,79,2026
Luke Jackson,12779,FR,ES,11,6,1,10,16,1,0,19,1,1,0,2,4,3,1,0,10,5,0,0,1,0,0,68,2026
Matthew Johnson,13047,FR,ES,11,11,4,11,22,0,0,0,4,0,4,1,2,0,0,0,4,17,0,0,1,0,2,74,2026
Oscar McDonald,12394,FR,ES,11,9,3,4,13,0,0,0,3,5,2,1,2,4,1,0,5,8,0,0,8,0,0,92,2026
Judd McVee,13033,FR,ES,11,11,4,3,14,0,0,0,1,2,2,1,5,1,2,0,4,9,0,0,2,0,0,81,2026
Nathan ODriscoll,12960,FR,ES,11,9,5,8,17,0,0,0,2,3,0,1,1,1,1,0,6,12,0,0,3,0,0,81,2026
Murphy Reid,13180,FR,ES,11,15,5,15,30,1,2,0,1,0,7,1,4,0,1,0,10,20,1,1,0,0,1,81,2026
Luke Ryan,12542,FR,ES,11,14,7,3,17,0,0,0,3,5,2,0,4,0,2,0,3,11,0,0,4,0,0,91,2026
Chris Scerri,13296,FR,ES,11,3,0,6,9,1,0,0,6,0,0,0,2,1,1,0,3,6,0,0,0,0,0,77,2026
Caleb Serong,12786,FR,ES,11,10,3,14,24,0,0,0,5,2,4,6,1,1,0,0,15,9,1,0,3,0,1,72,2026
Sam Switkowski,12672,FR,ES,11,3,4,8,11,0,0,0,2,0,2,1,1,0,0,0,4,7,0,0,1,0,1,74,2026
Josh Treacy,12887,FR,ES,11,6,6,5,11,2,1,0,1,0,1,0,4,1,1,0,7,7,2,3,2,0,1,83,2026
Patrick Voss,13129,FR,ES,11,7,2,5,12,5,0,0,5,0,2,1,3,1,1,0,7,5,1,2,0,0,0,86,2026
Karl Worner,13075,FR,ES,11,14,5,13,27,0,1,0,1,6,1,1,0,0,0,0,8,18,0,0,7,1,0,85,2026
Noah Balta,12686,RI,SK,11,7,3,5,12,1,0,9,0,1,1,4,5,2,1,0,9,3,2,2,1,0,0,82,2026
Nathan Broad,12456,RI,SK,11,8,7,4,12,0,0,0,0,1,1,0,2,0,0,0,1,11,1,0,6,1,0,86,2026
Tom Burton,13315,RI,SK,11,2,0,7,9,0,0,0,0,0,1,0,1,0,1,0,5,5,0,0,0,0,0,83,2026
Seth Campbell,13100,RI,SK,11,10,3,9,19,0,0,0,2,2,3,2,4,1,1,0,7,13,0,0,1,4,1,78,2026
Sam Cumming,13316,RI,SK,11,5,2,8,13,0,0,0,1,0,3,2,3,0,2,0,2,12,0,0,2,0,1,69,2026
Jonty Faull,13214,RI,SK,11,7,7,6,13,1,2,0,1,0,3,0,3,1,2,0,4,9,0,2,3,0,0,79,2026
Liam Fawcett,13200,RI,SK,11,3,2,0,3,3,0,0,0,0,0,0,2,0,1,0,0,3,0,2,1,0,0,84,2026
Campbell Gray,13218,RI,SK,11,2,2,3,5,0,0,0,0,1,0,0,0,0,0,0,2,2,0,0,3,0,0,27,2026
Steely Green,13145,RI,SK,11,5,3,6,11,0,0,0,2,1,0,0,1,0,0,0,4,7,0,0,1,0,1,81,2026
Sam Grlj,13290,RI,SK,11,8,5,9,17,0,1,0,5,1,4,0,3,0,0,0,0,16,0,0,0,1,1,82,2026
Oliver Hayes-Brown,13309,RI,SK,11,5,2,7,12,0,0,10,1,0,4,5,2,6,2,0,9,4,0,0,1,0,0,59,2026
Jacob Hopper,12440,RI,SK,11,9,3,9,18,0,0,0,4,1,1,3,3,0,2,0,9,10,0,0,1,0,0,78,2026
Tom Lynch,11948,RI,SK,11,4,3,1,5,2,0,0,0,0,0,0,2,0,1,0,2,3,1,2,2,0,1,80,2026
Ben Miller,12941,RI,SK,11,19,15,3,22,0,0,0,4,5,0,0,1,0,1,0,3,18,1,0,6,0,0,100,2026
Patrick Retschko,13313,RI,SK,11,11,5,4,15,0,0,0,1,6,0,0,4,0,2,0,0,15,0,0,1,1,0,81,2026
Noah Roberts-Thomson,13323,RI,SK,11,5,1,3,8,2,0,0,3,1,1,1,1,1,0,0,2,6,0,0,0,0,0,73,2026
Jack Ross,12712,RI,SK,11,11,7,12,23,1,0,0,4,0,6,4,5,1,0,0,12,12,1,0,1,1,2,85,2026
Jayden Short,12418,RI,SK,11,16,7,9,25,0,0,0,1,6,1,0,1,0,1,0,5,15,0,0,0,0,0,89,2026
Tyler Sonsie,13014,RI,SK,11,6,3,8,14,0,0,0,2,3,2,1,0,0,0,0,5,8,0,0,0,0,0,81,2026
Tim Taranto,12504,RI,SK,11,10,3,4,14,1,2,0,3,2,4,4,2,0,1,0,5,10,0,1,2,0,2,82,2026
Luke Trainor,13191,RI,SK,11,10,5,2,12,0,0,0,2,4,1,0,6,1,2,0,0,12,0,0,2,0,0,80,2026
James Trezise,13095,RI,SK,11,17,11,7,24,0,0,0,2,2,1,1,3,2,0,0,7,18,1,0,2,0,0,84,2026
Nick Vlastuin,12174,RI,SK,11,13,4,8,21,0,0,0,2,9,0,0,4,4,3,0,10,8,0,0,1,0,0,77,2026
Charlie Banfield,13324,SK,RI,11,9,3,2,11,1,0,0,3,0,3,0,1,2,0,0,4,7,0,1,0,0,0,60,2026
Ryan Byrnes,12802,SK,RI,11,11,2,10,21,0,1,0,0,2,2,3,3,1,1,0,5,15,0,1,2,0,1,81,2026
Anthony Caminiti,13035,SK,RI,11,5,0,1,6,2,0,0,3,1,0,1,4,2,3,0,3,2,0,0,5,0,0,90,2026
Jack Carroll,12976,SK,RI,11,16,10,9,25,0,1,0,1,0,7,1,1,0,0,0,3,22,1,0,3,1,2,77,2026
Tom De Koning,12674,SK,RI,11,8,4,7,15,2,1,23,1,0,3,3,5,1,4,0,8,8,1,3,1,0,2,72,2026
Sam Flanders,12824,SK,RI,11,15,9,13,28,0,1,0,3,2,5,3,2,1,1,0,5,22,0,1,2,6,0,80,2026
Hugo Garcia,13125,SK,RI,11,13,2,12,25,2,0,0,7,0,3,10,3,3,0,0,16,10,0,0,3,0,3,74,2026
Max Hall,13193,SK,RI,11,15,5,11,26,2,1,0,4,2,7,7,4,3,0,0,13,12,0,1,0,0,0,80,2026
Liam Henry,12831,SK,RI,11,5,2,3,8,0,1,0,0,0,1,0,1,1,0,0,4,4,0,1,2,0,0,64,2026
Jack Higgins,12609,SK,RI,11,5,2,2,7,1,1,0,1,0,0,1,2,1,0,0,3,3,0,1,1,0,1,73,2026
Bradley Hill,12060,SK,RI,11,9,3,4,13,0,0,0,0,1,3,0,1,0,0,0,0,13,0,0,0,0,2,79,2026
Dougal Howard,12420,SK,RI,11,8,6,5,13,0,0,0,0,2,1,0,2,1,0,0,3,9,0,0,4,0,0,92,2026
Jack Macrae,12166,SK,RI,11,11,7,20,31,0,1,0,7,1,4,5,2,2,0,0,9,21,0,0,1,0,0,61,2026
Rowan Marshall,12564,SK,RI,11,10,6,9,19,1,2,19,0,0,2,2,7,3,3,0,11,8,0,3,1,0,0,75,2026
Liam OConnell,13194,SK,RI,11,7,3,2,9,0,0,0,1,2,0,0,2,1,1,0,3,5,1,1,0,0,0,81,2026
Mattaes Phillipou,13036,SK,RI,11,10,4,7,17,2,1,0,4,0,6,0,5,0,3,0,3,15,0,0,1,0,1,82,2026
Cooper Sharman,12929,SK,RI,11,4,3,4,8,2,0,0,1,0,2,0,2,0,0,0,2,6,0,2,1,0,0,76,2026
Jack Silvagni,12458,SK,RI,11,13,11,4,17,0,0,0,1,2,1,0,3,0,1,0,6,11,2,0,4,2,0,89,2026
Jack Sinclair,12325,SK,RI,11,21,8,8,29,0,0,0,3,7,3,1,0,0,0,0,7,21,0,0,2,1,0,79,2026
Liam Stocker,12721,SK,RI,11,5,5,7,12,0,0,0,1,1,0,0,0,0,0,0,6,6,0,0,3,0,0,83,2026
Callum Wilkie,12703,SK,RI,11,20,12,5,25,0,0,0,1,1,0,0,1,1,1,0,3,18,2,0,5,1,0,94,2026
Darcy Wilson,13110,SK,RI,11,10,7,10,20,1,0,0,2,1,5,1,0,0,0,0,3,17,0,0,1,3,1,77,2026
Marcus Windhager,12967,SK,RI,11,13,1,10,23,0,0,0,6,0,5,3,6,1,1,0,6,14,0,0,0,0,1,81,2026
Liam Baker,12661,WC,GW,11,9,3,10,19,0,0,0,4,2,3,3,3,3,0,0,11,8,0,0,3,0,1,82,2026
Rhett Bazzo,13000,WC,GW,11,6,8,6,12,0,0,0,1,1,0,0,0,0,0,0,3,9,0,0,3,0,0,81,2026
Malakai Champion,13250,WC,GW,11,7,6,4,11,0,1,0,3,1,1,1,2,0,2,0,5,8,0,1,0,0,2,75,2026
Tom Cole,12446,WC,GW,11,6,3,2,8,0,1,0,2,1,1,2,4,1,0,0,6,4,0,0,5,0,0,73,2026
Hamish Davis,13210,WC,GW,11,10,2,8,18,0,0,0,3,0,3,1,2,1,1,0,8,10,0,0,2,0,1,74,2026
Liam Duggan,12334,WC,GW,11,16,9,6,22,0,0,0,3,4,6,0,3,0,0,0,3,18,0,1,3,0,3,77,2026
Willem Duursma,13292,WC,GW,11,7,4,8,15,0,0,0,5,0,3,2,4,1,0,0,9,8,0,0,3,0,1,74,2026
Reuben Ginbey,13038,WC,GW,11,10,4,4,14,0,0,0,4,2,1,1,3,1,0,0,6,8,0,0,5,0,0,88,2026
Brady Hough,12957,WC,GW,11,1,0,5,6,0,0,0,3,1,0,1,2,0,1,0,2,5,0,0,1,0,0,74,2026
Jack Hutchinson,13151,WC,GW,11,4,1,2,6,2,0,0,7,0,0,0,2,2,2,0,5,2,0,1,1,0,0,69,2026
Harvey Johnston,13136,WC,GW,11,1,0,5,6,1,0,0,2,0,0,0,1,1,0,0,6,0,0,0,0,0,0,71,2026
Tim Kelly,12595,WC,GW,11,12,3,12,24,0,1,0,7,1,3,6,1,3,0,0,10,13,0,0,0,0,1,79,2026
Josh Lindsay,13293,WC,GW,11,17,6,2,19,0,0,0,3,4,3,0,0,1,0,0,3,11,0,0,2,0,0,74,2026
Ryan Maric,13070,WC,GW,11,8,3,8,16,0,0,0,2,1,2,0,0,1,0,0,2,13,0,0,0,0,1,77,2026
Tom McCarthy,13240,WC,GW,11,12,3,1,13,0,0,0,3,6,0,0,4,0,0,0,1,8,1,0,1,0,0,80,2026
Milan Murdock,13294,WC,GW,11,8,1,4,12,2,0,0,3,1,3,0,4,4,0,0,4,7,0,0,1,0,0,78,2026
Harley Reid,13111,WC,GW,11,20,1,14,34,2,1,0,8,1,12,10,7,3,1,0,19,16,0,1,2,4,0,78,2026
Jobe Shanahan,13247,WC,GW,11,7,5,1,8,1,0,0,1,0,2,0,1,1,0,0,4,4,2,1,1,0,0,87,2026
Jake Waterman,12601,WC,GW,11,7,5,1,8,3,1,0,2,1,1,0,2,0,0,0,2,7,2,3,1,0,0,93,2026
Bailey Williams,12836,WC,GW,11,10,3,6,16,2,1,41,9,0,1,7,2,0,0,0,11,5,2,2,1,0,0,74,2026
Jack Williams,12962,WC,GW,11,4,2,4,8,0,1,9,2,0,1,1,1,2,1,0,8,2,2,1,2,0,0,73,2026
Elliot Yeo,12087,WC,GW,11,14,9,1,15,0,1,0,4,3,3,2,3,1,2,0,4,13,0,0,3,0,0,73,2026
Tylar Young,13043,WC,GW,11,12,8,2,14,0,0,0,1,5,1,0,0,0,0,0,4,10,1,0,8,0,0,94,2026
Ryan Angwin,13001,GW,WC,11,4,1,11,15,0,0,0,1,1,2,0,3,0,1,0,6,10,0,0,0,0,1,85,2026
Lachie Ash,12782,GW,WC,11,16,5,18,34,0,0,0,1,5,5,2,4,0,1,0,10,23,0,0,2,3,0,81,2026
Toby Bedford,12772,GW,WC,11,8,3,6,14,1,0,0,6,1,6,2,4,1,3,0,8,7,1,0,0,0,0,80,2026
Kieren Briggs,12904,GW,WC,11,6,0,8,14,0,0,30,7,0,1,5,4,0,1,0,10,3,0,0,3,0,0,72,2026
Aaron Cadman,13054,GW,WC,11,4,3,1,5,0,1,0,6,0,1,0,2,0,1,0,1,3,0,1,0,0,0,92,2026
Finn Callaghan,12969,GW,WC,11,9,1,10,19,0,0,0,7,1,5,5,4,0,1,0,7,11,0,0,1,3,1,80,2026
Stephen Coniglio,12028,GW,WC,11,6,1,11,17,0,0,0,0,0,3,1,0,0,0,0,5,11,0,0,0,2,1,81,2026
Brent Daniels,12656,GW,WC,11,6,0,7,13,2,0,0,2,0,2,2,4,0,2,0,6,6,0,0,1,0,1,79,2026
Joe Fonti,13164,GW,WC,11,12,6,5,17,1,0,0,1,3,0,0,1,1,1,0,2,12,0,0,5,0,0,79,2026
Phoenix Gothard,13279,GW,WC,11,2,2,6,8,0,1,0,3,0,1,0,0,0,0,0,5,3,0,1,0,0,0,54,2026
Toby Greene,12025,GW,WC,11,6,2,5,11,0,1,0,4,1,4,1,6,0,3,0,5,6,0,1,3,0,1,86,2026
Max Gruzewski,13158,GW,WC,11,5,4,0,5,2,0,0,0,0,1,0,1,0,0,0,0,5,0,4,0,0,0,74,2026
Harry Himmelberg,12462,GW,WC,11,12,5,8,20,0,0,0,2,3,2,1,6,0,2,0,8,12,2,0,7,0,0,96,2026
Connor Idun,12750,GW,WC,11,9,3,10,19,0,0,0,4,2,1,0,1,0,0,0,6,11,0,0,4,0,0,100,2026
Jayden Laverde,12377,GW,WC,11,5,5,9,14,0,0,0,4,2,0,0,1,1,0,0,7,6,3,0,6,0,0,95,2026
James Leake,13174,GW,WC,11,6,3,4,10,0,0,0,5,2,0,0,0,0,0,0,4,7,1,0,5,0,0,77,2026
Toby McMullin,13088,GW,WC,11,5,3,2,7,0,2,0,2,1,0,1,3,0,1,0,2,5,0,1,0,0,0,51,2026
Clayton Oliver,12410,GW,WC,11,11,1,27,38,0,1,0,8,4,2,12,6,2,3,0,24,13,0,0,1,0,0,79,2026
Harrison Oliver,13325,GW,WC,11,9,1,4,13,1,0,0,3,0,2,1,4,4,2,0,3,11,0,0,1,0,0,68,2026
Jake Riccardi,12834,GW,WC,11,2,1,4,6,0,0,5,1,0,0,0,3,0,1,0,3,3,0,0,0,0,0,61,2026
Jake Stringer,12167,GW,WC,11,9,5,1,10,2,3,0,0,0,2,1,0,0,0,0,3,7,0,4,1,0,0,72,2026
Harvey Thomas,13101,GW,WC,11,9,0,16,25,1,0,0,10,4,2,5,5,0,1,0,14,11,0,0,0,0,1,77,2026
Lachie Whitfield,12143,GW,WC,11,12,2,9,21,0,0,0,1,5,3,0,3,1,2,0,3,12,0,0,4,0,0,80,2026
Karl Amon,12357,HW,AD,12,13,4,5,18,0,0,0,3,3,3,1,5,0,2,0,4,11,0,0,3,1,0,78,2026
Josh Battle,12558,HW,AD,12,14,5,4,18,0,0,0,4,8,0,1,3,1,0,0,5,8,1,0,6,0,0,100,2026
Mabior Chol,12485,HW,AD,12,4,3,4,8,1,1,2,6,0,2,3,3,0,2,0,3,6,0,1,1,0,1,80,2026
Massimo DAmbrosio,12998,HW,AD,12,14,0,8,22,0,1,0,5,3,4,0,2,1,1,0,5,17,0,0,1,0,1,83,2026
Jack Ginnivan,12927,HW,AD,12,6,1,4,10,0,2,0,6,0,5,0,2,1,0,0,5,5,0,0,0,1,0,80,2026
Blake Hardwick,12469,HW,AD,12,10,6,4,14,4,2,0,3,0,0,0,3,1,1,0,4,9,2,4,0,0,0,92,2026
Jarman Impey,12237,HW,AD,12,17,5,4,21,0,0,0,1,10,5,0,6,1,0,0,7,8,3,0,2,0,0,84,2026
Mitch Lewis,12636,HW,AD,12,4,3,4,8,1,0,0,1,0,1,0,5,1,3,0,6,2,2,0,6,0,0,85,2026
Bailey Macdonald,13069,HW,AD,12,4,3,9,13,0,0,0,1,2,0,0,1,0,0,0,6,7,0,0,1,0,0,76,2026
Connor Macdonald,12954,HW,AD,12,9,3,5,14,0,1,0,5,0,5,0,5,1,0,0,5,8,0,1,0,0,0,76,2026
Cam Mackenzie,13031,HW,AD,12,15,0,9,24,0,1,0,7,2,3,6,3,2,0,0,9,14,0,0,0,0,0,72,2026
Finn Maginness,12843,HW,AD,12,7,2,7,14,0,0,0,4,2,1,0,1,0,1,0,4,9,0,0,0,0,0,80,2026
Lloyd Meek,12856,HW,AD,12,1,1,10,11,1,0,23,3,0,2,3,2,0,1,0,8,3,1,1,3,0,0,52,2026
Dylan Moore,12710,HW,AD,12,7,2,4,11,1,0,0,4,0,2,1,6,0,2,0,3,7,0,0,0,0,1,78,2026
Cameron Nairn,13326,HW,AD,12,6,3,5,11,0,0,0,2,1,0,0,3,0,1,0,1,10,0,0,2,0,0,72,2026
Conor Nash,12670,HW,AD,12,9,1,6,15,0,1,0,3,4,2,6,3,1,1,0,10,7,0,0,2,0,0,72,2026
Jai Newcombe,12915,HW,AD,12,9,1,9,18,0,0,0,6,3,1,10,6,3,3,0,12,7,0,0,2,0,0,81,2026
Ned Reeves,12906,HW,AD,12,9,0,0,9,0,1,30,2,1,4,8,2,4,1,0,7,0,0,0,2,0,0,48,2026
Bodie Ryan,13320,HW,AD,12,7,4,4,11,0,0,0,1,1,0,1,5,2,2,0,3,7,0,0,0,0,0,83,2026
James Sicily,12332,HW,AD,12,9,6,2,11,0,0,0,5,4,1,0,2,0,1,0,1,8,0,0,6,0,0,93,2026
Josh Ward,12955,HW,AD,12,8,2,16,24,0,0,0,3,2,2,5,3,0,0,0,11,11,0,0,0,0,0,75,2026
Nick Watson,13105,HW,AD,12,8,1,4,12,2,1,0,0,0,4,2,0,4,0,0,10,4,0,1,3,1,0,75,2026
Josh Weddle,13057,HW,AD,12,9,4,8,17,0,0,0,3,2,3,0,2,0,2,0,5,10,0,0,9,4,0,86,2026
Callum Ah Chee,12414,AD,HW,12,6,4,5,11,2,1,0,2,0,2,0,5,1,0,0,5,7,0,1,3,1,0,72,2026
Sam Berry,12849,AD,HW,12,12,1,15,27,0,1,0,10,3,6,5,4,1,2,0,8,19,0,0,2,0,1,70,2026
James Borlase,13086,AD,HW,12,6,3,8,14,0,0,0,2,1,2,0,3,1,0,0,6,7,1,0,14,0,0,96,2026
Jordon Butts,12829,AD,HW,12,5,6,7,12,0,0,0,0,0,0,0,3,0,0,0,2,10,2,0,4,0,0,96,2026
Brayden Cook,12932,AD,HW,12,7,2,3,10,0,0,0,4,2,3,1,3,0,0,0,7,3,1,0,0,0,1,74,2026
Daniel Curtin,13132,AD,HW,12,4,2,4,8,0,0,0,8,0,4,2,1,1,0,0,5,3,1,0,1,0,1,74,2026
Jordan Dawson,12516,AD,HW,12,21,5,7,28,1,1,0,9,2,7,4,8,2,2,0,12,15,1,1,1,1,0,91,2026
Darcy Fogarty,12584,AD,HW,12,9,4,5,14,1,2,0,3,0,2,1,3,2,0,0,7,7,0,2,1,0,1,85,2026
Ben Keays,12434,AD,HW,12,8,0,3,11,0,0,0,3,0,2,1,3,0,1,0,4,6,0,0,1,0,0,87,2026
Rory Laird,12165,AD,HW,12,18,5,10,28,0,0,0,4,5,0,0,4,0,1,0,7,18,0,0,1,1,0,85,2026
Lachlan McAndrew,13065,AD,HW,12,7,2,5,12,1,0,22,5,1,2,7,5,2,4,0,8,3,0,0,3,0,0,72,2026
Max Michalanney,13027,AD,HW,12,4,0,9,13,0,0,0,2,2,2,0,3,0,2,0,1,11,0,0,2,0,0,78,2026
Wayne Milera,12405,AD,HW,12,22,5,10,32,0,0,0,3,11,6,4,4,2,3,0,9,17,0,0,1,1,0,80,2026
Toby Murray,13280,AD,HW,12,0,0,2,2,0,0,2,0,0,0,0,2,0,1,0,1,1,0,0,0,0,0,69,2026
Luke Nankervis,13081,AD,HW,12,4,0,11,15,0,0,0,6,1,0,1,3,0,1,0,8,7,0,0,3,0,0,73,2026
Alex Neal-Bullen,12367,AD,HW,12,12,3,14,26,0,2,0,3,1,2,1,3,2,0,0,8,17,0,0,0,0,0,89,2026
James Peatling,12934,AD,HW,12,10,3,7,17,0,0,0,5,0,0,1,3,3,0,0,5,10,0,0,0,0,0,68,2026
Josh Rachele,12953,AD,HW,12,9,5,7,16,1,2,0,0,1,4,1,9,1,2,0,6,8,0,2,0,0,1,83,2026
Izak Rankine,12798,AD,HW,12,8,2,9,17,1,0,0,4,0,3,1,3,1,0,0,6,11,0,0,0,0,1,48,2026
Jake Soligo,12952,AD,HW,12,11,6,8,19,1,0,0,1,2,3,1,6,1,2,0,5,12,0,0,0,0,0,65,2026
Zac Taylor,13159,AD,HW,12,7,2,5,12,1,0,0,4,0,3,0,1,0,1,0,6,8,1,1,2,0,1,76,2026
Riley Thilthorpe,12892,AD,HW,12,7,2,9,16,0,0,5,0,0,3,2,3,1,0,0,7,7,0,0,1,1,2,79,2026
Josh Worrell,12912,AD,HW,12,16,7,12,28,0,0,0,3,7,1,0,2,3,1,0,8,15,0,0,4,0,0,92,2026
Charlie Banfield,13324,SK,FR,12,8,5,3,11,0,0,0,5,2,3,2,0,0,0,0,7,5,2,0,2,0,0,64,2026
Ryan Byrnes,12802,SK,FR,12,5,1,7,12,0,0,0,0,1,1,1,4,0,1,0,4,8,0,0,0,0,0,82,2026
Anthony Caminiti,13035,SK,FR,12,5,5,6,11,0,0,0,1,2,1,0,4,0,2,0,9,2,3,1,7,0,0,90,2026
Jack Carroll,12976,SK,FR,12,8,5,4,12,0,0,0,0,2,4,0,2,0,0,0,3,9,0,0,0,0,0,77,2026
Tom De Koning,12674,SK,FR,12,6,2,2,8,0,0,20,4,2,2,3,3,1,2,0,4,3,0,0,1,0,0,81,2026
Sam Flanders,12824,SK,FR,12,16,7,9,25,0,0,0,7,5,1,1,2,2,0,0,6,18,0,0,2,0,0,84,2026
Hugo Garcia,13125,SK,FR,12,4,0,6,10,0,1,0,5,1,2,2,1,0,0,0,4,6,0,0,1,0,0,69,2026
Max Hall,13193,SK,FR,12,10,6,15,25,2,0,0,2,0,5,9,5,1,1,0,13,12,0,1,0,0,1,86,2026
Liam Henry,12831,SK,FR,12,5,2,4,9,2,0,0,2,0,0,0,5,0,0,0,2,7,0,1,0,0,0,63,2026
Bradley Hill,12060,SK,FR,12,11,5,8,19,2,0,0,0,0,3,1,3,1,0,0,5,15,0,0,1,3,0,92,2026
Dougal Howard,12420,SK,FR,12,5,5,4,9,0,0,0,0,2,0,0,1,0,1,0,0,9,0,0,2,0,0,51,2026
Jack Macrae,12166,SK,FR,12,7,1,11,18,0,0,0,4,2,2,2,4,0,0,0,7,11,0,0,1,0,0,59,2026
Rowan Marshall,12564,SK,FR,12,5,4,9,14,0,0,11,7,0,2,5,1,2,1,0,8,7,0,1,1,0,0,74,2026
Liam OConnell,13194,SK,FR,12,8,1,2,10,0,1,0,5,2,0,1,1,0,0,0,2,7,0,0,1,0,0,77,2026
Mattaes Phillipou,13036,SK,FR,12,10,4,9,19,2,0,0,1,0,5,3,3,1,0,0,10,9,1,0,1,0,0,83,2026
Cooper Sharman,12929,SK,FR,12,8,5,3,11,0,1,0,1,0,2,0,2,0,0,0,4,7,1,3,2,0,1,79,2026
Jack Silvagni,12458,SK,FR,12,9,7,7,16,0,0,0,2,2,0,0,3,1,3,0,8,9,3,0,5,0,0,95,2026
Jack Sinclair,12325,SK,FR,12,21,6,8,29,0,0,0,1,6,4,1,2,0,0,0,5,21,0,0,1,0,2,80,2026
Liam Stocker,12721,SK,FR,12,8,4,4,12,0,0,0,1,4,1,1,6,1,1,0,4,7,0,0,1,0,0,75,2026
Callum Wilkie,12703,SK,FR,12,12,3,9,21,0,0,0,2,8,0,1,1,1,1,0,4,11,0,0,3,0,0,100,2026
Darcy Wilson,13110,SK,FR,12,10,3,9,19,1,1,0,0,0,5,3,2,0,0,0,9,11,0,0,0,2,2,84,2026
Marcus Windhager,12967,SK,FR,12,11,3,5,16,0,0,0,5,2,1,5,2,1,1,0,4,10,0,0,0,0,0,71,2026
Mason Wood,12312,SK,FR,12,7,6,8,15,2,3,0,0,1,1,0,1,1,0,0,9,6,2,3,3,0,1,84,2026
Jye Amiss,12983,FR,SK,12,7,4,1,8,4,0,0,2,0,1,0,0,2,0,0,3,6,0,2,0,0,0,89,2026
Shai Bolton,12535,FR,SK,12,14,3,11,25,1,2,0,1,1,12,4,4,1,1,0,11,16,1,0,1,3,1,79,2026
Andrew Brayshaw,12589,FR,SK,12,9,5,16,25,0,0,0,3,1,3,7,1,0,0,0,11,14,0,0,1,0,0,80,2026
Heath Chapman,12875,FR,SK,12,12,8,3,15,0,0,0,2,4,2,0,1,0,0,0,4,10,2,0,4,4,1,88,2026
Jordan Clark,12688,FR,SK,12,13,4,5,18,0,0,0,3,3,2,1,2,0,1,0,3,12,0,0,1,2,1,81,2026
Brennan Cox,12544,FR,SK,12,15,10,5,20,0,0,0,0,3,0,0,3,1,0,0,8,13,4,0,2,1,0,84,2026
Mason Cox,12428,FR,SK,12,4,2,4,8,0,0,12,2,1,1,3,6,1,2,0,6,2,1,0,2,0,0,47,2026
Isaiah Dudley,13204,FR,SK,12,7,1,2,9,2,0,0,3,0,1,0,3,0,1,0,4,4,0,0,0,0,2,64,2026
Neil Erasmus,12966,FR,SK,12,7,2,8,15,1,0,0,5,1,2,1,2,1,0,0,5,10,1,0,1,0,1,67,2026
Michael Frederick,12801,FR,SK,12,9,1,8,17,1,1,0,1,1,6,1,1,0,0,0,6,10,0,0,1,3,2,82,2026
Luke Jackson,12779,FR,SK,12,7,3,15,22,0,1,21,3,0,4,7,3,2,1,0,18,6,3,1,0,0,0,77,2026
Matthew Johnson,13047,FR,SK,12,4,2,16,20,0,0,0,3,1,1,3,2,0,0,0,6,14,0,0,0,0,0,80,2026
Oscar McDonald,12394,FR,SK,12,7,5,3,10,0,0,0,2,1,1,0,3,1,1,0,6,4,2,0,3,0,0,92,2026
Judd McVee,13033,FR,SK,12,10,7,6,16,0,0,0,0,4,2,0,3,0,0,0,1,15,0,0,3,1,0,65,2026
Nathan ODriscoll,12960,FR,SK,12,10,7,17,27,0,0,0,2,0,4,3,4,0,0,0,8,18,0,2,2,1,0,77,2026
Murphy Reid,13180,FR,SK,12,15,3,15,30,1,1,0,2,1,5,3,3,0,2,0,9,21,0,0,0,0,2,83,2026
Luke Ryan,12542,FR,SK,12,14,9,10,24,0,0,0,0,2,0,0,1,0,0,0,7,14,0,0,1,1,0,86,2026
Chris Scerri,13296,FR,SK,12,2,1,6,8,0,0,0,2,1,1,0,0,0,0,0,4,3,0,0,2,1,0,65,2026
Sam Switkowski,12672,FR,SK,12,4,1,3,7,1,0,0,4,0,3,0,2,0,1,0,4,4,0,1,0,0,1,75,2026
Josh Treacy,12887,FR,SK,12,12,11,7,19,2,2,0,4,0,3,0,2,3,0,0,9,13,2,5,1,0,0,95,2026
Patrick Voss,13129,FR,SK,12,7,4,4,11,3,0,0,4,0,2,0,3,1,2,0,5,6,1,2,4,0,1,89,2026
Corey Wagner,12453,FR,SK,12,10,2,5,15,0,0,0,4,1,3,0,0,1,0,0,3,12,0,0,0,1,1,68,2026
Karl Worner,13075,FR,SK,12,12,6,13,25,0,0,0,2,8,2,1,3,0,1,0,7,16,0,0,1,1,0,85,2026
Jasper Alger,13242,RI,ES,12,4,2,6,10,0,1,0,4,0,1,0,3,2,1,0,6,3,1,1,1,0,1,72,2026
Noah Balta,12686,RI,ES,12,10,4,5,15,0,1,4,1,2,3,3,1,0,1,0,6,8,0,0,2,0,0,81,2026
Nathan Broad,12456,RI,ES,12,8,6,5,13,0,0,0,0,2,0,0,0,1,0,0,4,10,0,0,7,0,0,88,2026
Tom Burton,13315,RI,ES,12,3,1,5,8,0,0,0,3,0,0,0,2,0,1,0,1,8,0,0,0,1,0,68,2026
Seth Campbell,13100,RI,ES,12,10,3,12,22,0,1,0,1,0,2,5,2,0,0,0,9,9,1,0,0,2,0,72,2026
Sam Cumming,13316,RI,ES,12,7,3,10,17,1,0,0,2,1,3,2,0,0,0,0,3,14,0,1,0,0,0,78,2026
Jonty Faull,13214,RI,ES,12,1,1,2,3,1,0,0,0,0,0,0,0,0,0,0,1,2,0,1,1,0,0,32,2026
Steely Green,13145,RI,ES,12,7,4,6,13,2,1,0,5,0,1,2,1,4,0,0,7,6,0,1,0,0,0,83,2026
Sam Grlj,13290,RI,ES,12,9,3,4,13,0,0,0,3,0,3,1,5,1,2,0,1,13,0,0,1,2,1,77,2026
Oliver Hayes-Brown,13309,RI,ES,12,2,0,5,7,0,0,4,1,0,2,3,0,1,0,0,7,2,0,0,4,0,0,49,2026
Jacob Hopper,12440,RI,ES,12,10,4,10,20,0,0,0,2,2,1,5,4,0,3,0,9,11,0,0,1,1,0,73,2026
Mykelti Lefau,13113,RI,ES,12,7,4,3,10,1,0,0,5,0,1,0,3,0,1,0,4,5,0,0,4,0,1,90,2026
Tom Lynch,11948,RI,ES,12,8,6,2,10,2,2,0,3,1,1,1,1,2,1,0,6,4,2,3,0,0,0,89,2026
Ben Miller,12941,RI,ES,12,16,9,1,17,0,0,0,1,4,1,0,3,1,2,0,2,13,1,0,4,0,1,100,2026
Patrick Retschko,13313,RI,ES,12,15,8,12,27,0,0,0,3,1,5,0,3,1,0,0,4,22,0,0,0,0,1,84,2026
Noah Roberts-Thomson,13323,RI,ES,12,3,2,1,4,1,0,0,2,1,2,0,1,0,0,0,0,4,0,1,2,0,0,78,2026
Jack Ross,12712,RI,ES,12,8,3,16,24,1,2,0,5,1,2,1,4,4,2,0,9,16,0,0,1,2,0,82,2026
Jayden Short,12418,RI,ES,12,25,7,5,30,1,1,0,2,10,4,0,3,1,0,0,3,22,0,0,2,1,0,80,2026
Tyler Sonsie,13014,RI,ES,12,13,7,9,22,0,1,0,1,0,1,0,3,0,1,0,5,16,0,0,1,0,1,86,2026
Tim Taranto,12504,RI,ES,12,14,8,16,30,0,1,0,7,2,4,8,3,3,1,0,11,19,0,0,0,0,0,83,2026
Luke Trainor,13191,RI,ES,12,8,4,3,11,0,0,0,0,5,0,0,2,0,2,0,0,9,0,0,7,0,0,88,2026
James Trezise,13095,RI,ES,12,10,7,9,19,0,0,0,1,1,2,1,1,1,0,0,5,14,0,0,3,0,0,79,2026
Nick Vlastuin,12174,RI,ES,12,10,6,6,16,0,0,0,0,3,2,0,2,4,1,0,6,11,0,0,1,0,1,88,2026
Lachlan Blakiston,13237,ES,RI,12,7,3,3,10,0,0,13,2,0,3,0,4,1,2,0,6,4,0,0,4,0,0,84,2026
Nick Bryan,12899,ES,RI,12,6,2,8,14,0,0,21,1,1,0,3,0,0,0,0,6,7,0,0,5,1,0,71,2026
Nate Caddy,13148,ES,RI,12,7,6,0,7,2,3,0,1,0,1,0,2,2,2,0,2,6,0,3,0,0,1,100,2026
Jye Caldwell,12755,ES,RI,12,2,1,3,5,1,0,0,2,0,0,1,1,1,1,0,3,2,0,1,0,0,0,74,2026
Archer Day-Wicks,13223,ES,RI,12,3,3,5,8,0,1,0,2,0,1,0,4,0,2,0,2,6,0,0,4,0,0,80,2026
Sam Durham,12925,ES,RI,12,1,1,5,6,0,0,0,0,0,0,0,1,0,0,0,2,4,0,0,0,0,0,7,2026
Xavier Duursma,12696,ES,RI,12,6,7,8,14,0,0,0,1,0,1,0,3,0,1,0,3,11,0,0,3,0,0,85,2026
Tom Edwards,13198,ES,RI,12,7,5,7,14,0,0,0,2,0,2,0,1,1,1,0,6,8,3,1,1,0,0,91,2026
Jacob Farrow,13299,ES,RI,12,12,8,6,18,0,1,0,3,4,0,0,0,0,0,0,4,12,0,1,0,0,0,88,2026
Jade Gresham,12415,ES,RI,12,6,1,6,12,0,1,0,4,0,2,3,2,2,1,0,4,7,0,0,0,0,1,96,2026
Matt Guelfi,12612,ES,RI,12,0,0,0,0,0,0,0,0,0,0,0,0,0,0,0,0,0,0,0,0,0,0,3,2026
Kyle Langford,12349,ES,RI,12,17,9,10,27,0,0,0,2,2,1,0,3,1,1,0,6,21,0,0,2,0,1,97,2026
Archie May,13238,ES,RI,12,10,6,5,15,3,1,0,5,0,3,0,6,2,1,0,7,8,3,2,3,0,0,96,2026
Andrew McGrath,12491,ES,RI,12,3,0,3,6,0,0,0,1,1,1,0,0,0,0,0,1,4,0,0,0,0,0,32,2026
Ben McKay,12580,ES,RI,12,12,11,7,19,0,0,1,0,0,1,0,2,1,2,0,6,13,1,0,2,0,0,96,2026
Zach Merrett,12241,ES,RI,12,18,12,18,36,1,0,0,5,1,6,4,4,2,2,0,6,28,0,0,1,1,2,88,2026
Darcy Parish,12406,ES,RI,12,22,7,19,41,0,2,0,4,2,6,9,9,1,5,0,16,27,0,0,1,0,0,91,2026
Archie Perkins,12879,ES,RI,12,10,8,9,19,0,1,0,2,1,6,0,1,0,0,0,3,16,0,0,3,0,1,90,2026
Jaxon Prior,12874,ES,RI,12,16,7,6,22,0,1,0,2,7,2,1,2,1,0,0,6,15,2,1,0,0,0,87,2026
Mason Redman,12437,ES,RI,12,25,9,5,30,0,0,0,1,5,2,0,1,1,0,0,3,19,0,0,3,0,0,89,2026
Zach Reid,12889,ES,RI,12,11,7,2,13,0,0,0,1,3,0,0,1,1,0,0,2,9,0,0,6,0,0,88,2026
Archie Roberts,13168,ES,RI,12,21,7,12,33,0,0,0,1,2,7,1,7,0,2,0,7,21,0,0,0,0,0,83,2026
Sullivan Robey,13307,ES,RI,12,9,6,14,23,0,1,0,2,2,0,4,5,2,3,0,8,16,0,1,2,0,0,85,2026
Charlie Comben,12938,NM,GC,12,9,5,3,12,0,0,0,0,6,1,0,3,1,2,0,7,4,4,0,13,0,0,92,2026
Paul Curtis,12975,NM,GC,12,9,4,3,12,2,2,0,5,1,0,6,2,1,1,0,5,6,0,2,1,0,0,78,2026
Caleb Daniel,12373,NM,GC,12,16,4,8,24,0,0,0,1,3,3,2,2,1,1,0,7,15,0,0,0,0,1,78,2026
Jack Darling,11905,NM,GC,12,10,7,2,12,3,1,0,0,0,3,0,0,1,0,0,5,6,3,3,0,0,1,61,2026
Luke Davies-Uniacke,12590,NM,GC,12,16,7,14,30,1,0,0,8,1,7,7,6,0,3,0,10,21,1,1,3,0,0,78,2026
Wil Dawson,13144,NM,GC,12,0,0,2,2,0,0,3,2,0,0,1,0,1,0,0,1,1,0,0,1,0,0,50,2026
Zane Duursma,13106,NM,GC,12,4,6,5,9,1,0,0,1,1,1,1,0,0,0,0,3,7,0,1,1,0,2,76,2026
Riley Hardeman,13130,NM,GC,12,7,1,4,11,0,0,0,0,2,3,0,4,0,2,0,1,11,0,0,2,1,0,78,2026
Jacob Konstanty,13186,NM,GC,12,7,4,5,12,2,0,0,6,0,1,1,2,1,1,0,6,7,1,1,0,1,1,79,2026
Nick Larkey,12563,NM,GC,12,4,4,4,8,2,0,0,0,0,1,0,1,0,0,0,3,4,1,3,1,0,1,88,2026
Griffin Logue,12511,NM,GC,12,3,2,6,9,0,0,0,1,1,1,0,2,1,1,0,4,5,1,0,3,0,0,91,2026
Luke McDonald,12246,NM,GC,12,6,2,3,9,0,0,0,3,3,1,0,2,0,1,0,3,5,1,0,2,0,0,85,2026
Colby McKercher,13107,NM,GC,12,12,1,6,18,0,0,0,3,5,4,2,4,0,2,0,3,14,0,0,0,1,1,83,2026
Finn OSullivan,13187,NM,GC,12,10,9,16,26,0,1,0,6,0,6,4,1,1,0,0,7,20,0,0,1,0,1,84,2026
Luke Parker,11953,NM,GC,12,13,5,7,20,0,0,0,4,3,4,2,3,0,0,0,2,15,0,0,0,0,1,82,2026
Harry Sheezel,13034,NM,GC,12,16,6,16,32,0,1,0,6,1,7,6,3,1,1,0,9,25,0,0,2,0,0,84,2026
Jy Simpkin,12502,NM,GC,12,17,9,12,29,1,0,0,1,3,3,1,1,2,0,0,4,23,1,1,1,0,2,91,2026
Charlie Spargo,12622,NM,GC,12,6,1,8,14,1,0,0,0,0,2,1,2,0,1,0,5,8,0,0,0,0,1,83,2026
Dylan Stephens,12796,NM,GC,12,5,5,8,13,0,0,0,1,2,0,0,0,0,0,0,1,12,0,0,1,0,0,83,2026
Cooper Trembath,13263,NM,GC,12,4,3,2,6,2,0,4,3,0,0,1,0,1,0,0,3,3,2,2,0,0,0,77,2026
George Wardlaw,13064,NM,GC,12,7,1,12,19,0,0,0,5,0,2,3,6,1,3,0,9,10,0,0,1,0,1,60,2026
Tristan Xerri,12788,NM,GC,12,4,5,8,12,1,0,23,8,2,1,2,2,2,2,0,6,6,1,1,1,0,1,66,2026
Cameron Zurhaar,12557,NM,GC,12,11,6,4,15,1,1,0,2,2,3,1,2,2,1,0,4,11,0,1,3,0,2,73,2026
Oscar Adams,13251,GC,NM,12,2,3,3,5,0,0,0,4,2,0,0,2,1,2,0,1,4,0,0,6,0,0,75,2026
Noah Anderson,12767,GC,NM,12,23,5,8,31,1,0,0,3,4,8,7,2,0,1,0,12,19,0,0,0,3,1,88,2026
Mac Andrew,13019,GC,NM,12,6,6,6,12,0,0,0,2,2,0,0,1,0,0,0,4,8,1,0,2,0,0,89,2026
Sam Clohesy,13119,GC,NM,12,5,3,6,11,0,1,0,4,0,1,1,2,0,1,0,4,7,0,0,1,0,0,62,2026
Sam Collins,12444,GC,NM,12,9,9,6,15,0,0,0,2,3,0,1,0,0,0,0,7,8,2,0,7,0,0,97,2026
Lachlan Gulbin,13272,GC,NM,12,5,3,5,10,1,0,0,1,1,2,0,2,1,0,0,3,7,0,1,1,0,0,73,2026
Nick Holman,12307,GC,NM,12,1,1,5,6,0,0,0,1,0,2,0,0,0,0,0,3,3,0,0,1,0,0,71,2026
Bailey Humphrey,13049,GC,NM,12,9,5,4,13,1,1,0,5,1,4,2,1,1,1,0,6,8,1,0,0,0,2,85,2026
Joel Jeffrey,12933,GC,NM,12,12,5,2,14,0,0,0,3,6,3,0,0,1,0,0,1,10,0,0,2,0,0,62,2026
Ben King,12728,GC,NM,12,3,0,1,4,1,0,0,2,0,1,0,1,2,1,0,3,1,0,0,2,0,0,86,2026
Leo Lombard,13232,GC,NM,12,6,1,6,12,0,1,0,5,0,2,1,0,1,0,0,5,7,0,0,0,0,1,65,2026
Ben Long,12521,GC,NM,12,9,6,3,12,2,1,0,0,0,3,0,3,0,0,0,4,7,0,1,1,1,0,77,2026
Touk Miller,12331,GC,NM,12,8,4,14,22,1,0,0,4,0,2,5,3,0,2,0,7,16,0,1,1,0,1,83,2026
Ned Moyle,13050,GC,NM,12,4,3,4,8,1,1,27,3,0,1,0,3,0,1,0,5,2,1,2,3,0,0,68,2026
John Noble,12743,GC,NM,12,10,3,7,17,1,0,0,2,5,1,1,0,2,0,0,4,12,0,0,0,0,0,87,2026
Christian Petracca,12430,GC,NM,12,15,4,13,28,1,0,0,4,0,6,8,2,2,0,0,14,16,0,0,3,0,0,82,2026
Wil Powell,12652,GC,NM,12,9,6,7,16,1,0,0,1,3,2,2,2,0,1,0,5,11,0,0,0,0,0,80,2026
Daniel Rioli,12403,GC,NM,12,9,6,8,17,0,0,0,1,3,1,0,4,1,0,0,4,13,0,0,1,2,1,86,2026
Matt Rowell,12768,GC,NM,12,19,1,12,31,1,0,0,7,1,8,14,2,5,1,0,14,16,0,0,0,0,2,82,2026
Bodhi Uwland,13041,GC,NM,12,9,4,6,15,0,0,0,1,1,0,0,2,0,1,0,6,6,1,0,7,0,0,80,2026
Zeke Uwland,13278,GC,NM,12,11,4,1,12,1,0,0,0,2,4,0,4,2,2,0,3,9,0,0,0,0,0,76,2026
Jed Walter,13114,GC,NM,12,4,2,2,6,3,1,0,3,1,0,0,2,1,1,0,2,4,1,2,0,0,0,86,2026
Jarrod Witts,12177,GC,NM,12,5,2,2,7,0,0,38,1,0,2,2,2,2,2,0,5,3,0,0,3,0,1,60,2026
Joel Amartey,12844,SY,GE,12,7,3,1,8,4,1,1,0,0,2,2,2,0,1,0,3,5,1,3,0,0,1,79,2026
Riley Bice,13195,SY,GE,12,17,3,17,34,0,0,0,2,5,2,2,2,2,0,0,11,20,0,0,3,4,1,80,2026
Nick Blakey,12699,SY,GE,12,16,2,6,22,0,0,0,0,10,0,0,5,2,2,0,5,9,0,1,6,0,0,80,2026
Caiden Cleary,13157,SY,GE,12,3,3,11,14,1,2,0,3,0,0,0,1,0,0,0,5,10,0,2,1,0,1,71,2026
Charlie Curnow,12421,SY,GE,12,8,7,2,10,2,0,0,0,0,3,0,1,0,1,0,4,6,3,1,1,0,1,90,2026
Will Edwards,13318,SY,GE,12,8,5,9,17,0,0,0,0,3,0,0,4,1,0,0,6,10,1,0,3,0,0,87,2026
Brodie Grundy,12217,SY,GE,12,5,1,10,15,0,0,31,3,0,2,8,1,2,1,0,15,0,1,0,1,0,1,83,2026
Tom Hanily,13173,SY,GE,12,3,3,5,8,1,0,0,2,1,2,0,3,0,3,0,1,8,1,0,0,0,0,57,2026
Isaac Heeney,12326,SY,GE,12,10,1,13,23,1,0,0,8,1,2,8,4,1,0,0,13,7,0,1,1,1,1,84,2026
James Jordon,12860,SY,GE,12,4,0,10,14,0,0,0,2,1,2,4,4,1,3,0,9,6,0,0,0,0,0,79,2026
Jake Lloyd,12268,SY,GE,12,16,6,8,24,0,0,0,5,3,3,1,0,0,0,0,5,19,0,0,3,1,0,89,2026
Tom McCartin,12627,SY,GE,12,9,5,9,18,0,0,0,6,4,2,1,5,1,1,0,6,12,3,0,5,0,1,97,2026
Logan McDonald,12861,SY,GE,12,7,3,3,10,2,0,1,4,0,2,1,1,1,0,0,4,6,1,3,1,0,1,70,2026
Justin McInerney,12711,SY,GE,12,6,4,12,18,1,1,0,1,0,3,1,5,1,1,0,2,16,0,2,0,0,1,81,2026
Lewis Melican,12526,SY,GE,12,11,9,7,18,0,0,0,1,5,1,0,0,1,0,0,6,11,1,0,6,0,0,93,2026
Callum Mills,12413,SY,GE,12,19,5,5,24,0,0,0,2,7,1,0,1,0,0,0,3,15,1,0,3,0,0,82,2026
Tom Papley,12412,SY,GE,12,4,1,1,5,0,1,0,3,0,2,0,0,0,0,0,1,3,0,0,0,2,2,63,2026
Malcolm Rosas,12903,SY,GE,12,2,0,0,2,0,0,0,2,1,1,0,3,0,1,0,1,1,0,0,0,0,0,31,2026
James Rowbottom,12714,SY,GE,12,4,0,10,14,0,1,0,10,0,2,1,3,2,1,0,11,4,0,0,2,0,0,86,2026
Jai Serong,13022,SY,GE,12,12,7,14,26,0,0,0,3,5,3,3,1,1,0,0,7,18,1,0,1,0,0,93,2026
Angus Sheldrick,12951,SY,GE,12,9,2,5,14,0,1,0,6,4,3,1,5,1,2,0,5,9,0,0,0,0,1,62,2026
Chad Warner,12797,SY,GE,12,8,2,3,11,0,0,0,6,0,6,0,1,0,0,0,2,8,1,0,0,1,0,82,2026
Sam Wicks,12818,SY,GE,12,8,4,8,16,0,1,0,4,4,1,1,5,0,0,0,4,11,0,0,0,2,0,82,2026
Tom Atkins,12690,GE,SY,12,7,1,6,13,1,0,0,4,1,3,1,5,0,2,0,6,9,0,0,1,0,0,69,2026
Mark Blicavs,12153,GE,SY,12,4,2,8,12,0,0,5,1,1,0,2,1,0,0,0,6,7,0,0,2,0,0,77,2026
Jeremy Cameron,12017,GE,SY,12,17,10,4,21,3,0,0,1,2,6,0,2,0,0,0,1,18,0,1,0,1,0,89,2026
Brad Close,12806,GE,SY,12,8,4,1,9,2,1,0,2,0,4,0,1,0,0,0,3,7,0,2,1,0,1,70,2026
Patrick Dangerfield,11700,GE,SY,12,7,4,8,15,1,1,0,4,0,2,1,2,0,1,0,8,7,1,3,4,0,1,57,2026
Sam De Koning,12891,GE,SY,12,5,2,11,16,0,0,9,4,2,1,2,2,2,2,0,8,8,0,0,2,0,1,73,2026
Oliver Dempsey,12974,GE,SY,12,13,7,10,23,0,1,0,1,3,4,3,3,2,0,0,8,13,0,0,1,0,1,89,2026
Mitchell Edwards,13285,GE,SY,12,3,2,9,12,0,0,22,1,0,3,3,3,1,1,0,9,4,1,0,3,0,0,54,2026
Zach Guthrie,12551,GE,SY,12,14,6,7,21,0,0,0,2,2,3,0,0,1,0,0,4,16,1,0,0,0,1,76,2026
Jack Henry,12607,GE,SY,12,5,3,3,8,1,2,0,2,0,0,0,1,1,1,0,4,4,1,3,1,0,1,77,2026
Oliver Henry,12851,GE,SY,12,8,3,4,12,2,2,0,3,0,4,1,5,1,2,0,5,8,0,1,0,0,1,80,2026
Max Holmes,12881,GE,SY,12,20,6,15,35,0,1,0,0,1,6,8,1,1,0,0,13,22,1,0,3,0,2,85,2026
Lawson Humphries,13160,GE,SY,12,22,9,11,33,1,0,0,1,4,8,0,2,2,1,0,8,22,0,0,0,0,0,82,2026
Jake Kolodjashnij,12370,GE,SY,12,7,3,5,12,0,0,0,0,2,0,1,1,0,0,0,5,6,1,0,2,0,0,80,2026
Shaun Mannagh,13104,GE,SY,12,12,2,3,15,1,1,0,1,0,5,4,3,1,1,0,6,10,0,1,0,0,1,72,2026
Jack Martin,12236,GE,SY,12,7,4,9,16,1,2,0,3,0,1,0,4,1,1,0,6,9,1,3,1,0,0,69,2026
Gryan Miers,12689,GE,SY,12,16,11,8,24,0,0,0,0,2,5,0,3,0,1,0,2,22,0,0,2,1,1,80,2026
Oisin Mullin,13066,GE,SY,12,6,1,13,19,0,0,0,0,1,5,2,4,0,1,0,8,12,0,0,2,0,0,78,2026
Shannon Neale,12992,GE,SY,12,5,3,6,11,0,2,3,1,0,2,1,1,0,1,0,5,6,0,1,2,0,1,89,2026
Mark OConnor,12531,GE,SY,12,12,7,6,18,0,0,0,2,3,2,2,1,1,1,0,6,12,1,0,2,0,0,90,2026
Connor OSullivan,13122,GE,SY,12,12,8,4,16,1,0,0,2,3,2,0,0,2,0,0,6,8,1,0,8,0,0,95,2026
Bailey Smith,12692,GE,SY,12,12,2,20,32,1,0,0,2,3,2,7,1,1,0,0,12,17,0,0,1,1,0,90,2026
Tom Stewart,12505,GE,SY,12,11,5,6,17,0,0,0,2,3,1,0,2,0,1,0,5,7,2,0,4,0,0,80,2026
Bo Allan,13221,WC,CW,12,7,5,5,12,0,0,0,1,0,1,0,1,0,1,0,5,7,0,0,1,0,0,76,2026
Liam Baker,12661,WC,CW,12,5,3,9,14,0,0,0,0,2,1,0,5,2,3,0,2,13,0,0,3,0,0,85,2026
Rhett Bazzo,13000,WC,CW,12,6,3,6,12,0,0,0,1,2,3,0,2,1,1,0,3,8,0,0,5,0,0,74,2026
Malakai Champion,13250,WC,CW,12,6,2,6,12,2,0,0,1,0,4,1,2,1,1,0,4,9,0,1,1,0,0,66,2026
Tom Cole,12446,WC,CW,12,7,5,5,12,0,0,0,4,0,4,0,5,0,4,0,2,10,0,0,1,0,1,76,2026
Hamish Davis,13210,WC,CW,12,10,6,13,23,0,0,0,1,3,3,3,2,0,0,0,7,16,0,0,0,0,0,81,2026
Liam Duggan,12334,WC,CW,12,15,13,4,19,0,0,0,5,2,1,0,3,1,1,0,1,17,0,0,2,1,0,74,2026
Willem Duursma,13292,WC,CW,12,13,4,4,17,0,0,0,4,3,4,3,4,0,0,0,7,13,1,0,3,2,1,76,2026
Reuben Ginbey,13038,WC,CW,12,11,4,8,19,0,0,0,2,1,0,0,3,0,1,0,6,12,1,0,4,1,0,94,2026
Brady Hough,12957,WC,CW,12,4,2,9,13,1,0,0,1,0,1,1,1,1,0,0,4,9,0,0,2,0,1,76,2026
Harvey Johnston,13136,WC,CW,12,9,4,4,13,1,1,0,1,0,1,0,4,0,1,0,3,11,0,1,0,0,0,64,2026
Tim Kelly,12595,WC,CW,12,12,6,7,19,0,0,0,2,1,6,4,6,1,1,0,7,12,0,0,2,0,2,73,2026
Josh Lindsay,13293,WC,CW,12,16,6,4,20,0,0,0,0,4,2,0,4,0,1,0,1,15,0,0,0,0,0,63,2026
Ryan Maric,13070,WC,CW,12,14,5,6,20,0,1,0,1,1,2,1,1,2,0,0,4,15,0,1,1,0,0,80,2026
Tom McCarthy,13240,WC,CW,12,17,7,13,30,0,0,0,1,8,2,1,3,1,1,0,9,16,0,0,2,0,0,80,2026
Milan Murdock,13294,WC,CW,12,8,0,14,22,1,0,0,3,0,5,4,2,1,0,0,12,10,0,0,1,0,0,84,2026
Harley Reid,13111,WC,CW,12,10,0,10,20,0,0,0,5,1,4,4,8,2,4,0,9,11,0,0,1,0,0,85,2026
Jobe Shanahan,13247,WC,CW,12,5,5,6,11,2,0,0,0,0,3,0,1,0,1,0,4,7,2,2,0,0,0,92,2026
Jake Waterman,12601,WC,CW,12,6,3,4,10,1,2,0,1,0,2,0,1,1,0,0,3,6,1,1,0,0,1,88,2026
Bailey Williams,12836,WC,CW,12,14,3,6,20,1,1,28,3,4,4,12,5,2,2,0,18,2,3,2,5,0,2,75,2026
Jack Williams,12962,WC,CW,12,7,2,14,21,0,0,4,4,2,2,6,4,2,2,0,12,10,1,0,0,0,0,69,2026
Elliot Yeo,12087,WC,CW,12,12,2,4,16,3,2,0,4,1,1,2,6,0,2,0,6,10,0,1,2,0,0,76,2026
Tylar Young,13043,WC,CW,12,8,7,5,13,0,0,0,2,1,1,0,2,0,1,0,2,11,0,0,6,0,0,94,2026
Edward Allan,13146,CW,WC,12,2,0,7,9,1,0,0,5,1,1,1,3,2,2,0,5,6,0,0,0,0,0,60,2026
Darcy Cameron,12660,CW,WC,12,14,6,14,28,0,0,27,3,1,4,8,7,3,2,0,21,8,1,0,3,0,0,87,2026
Jack Crisp,12061,CW,WC,12,10,2,18,28,0,1,0,9,2,7,6,5,2,1,0,13,16,0,0,0,0,0,75,2026
Josh Daicos,12573,CW,WC,12,9,4,9,18,0,0,0,4,3,2,2,4,0,0,0,6,11,0,1,1,0,0,83,2026
Nick Daicos,12943,CW,WC,12,22,5,12,34,3,2,0,0,3,5,7,6,4,1,0,9,22,0,0,1,1,1,83,2026
Jordan de Goey,12318,CW,WC,12,17,6,8,25,0,1,0,7,2,4,1,3,1,1,0,7,18,0,1,0,0,0,79,2026
Jamie Elliott,12083,CW,WC,12,8,5,2,10,3,1,0,4,0,1,0,0,0,0,0,2,9,1,3,0,0,1,82,2026
Billy Frampton,12676,CW,WC,12,9,4,3,12,0,0,0,2,6,1,0,1,2,0,0,4,8,1,0,8,0,0,100,2026
Will Hayes,13228,CW,WC,12,4,2,2,6,0,0,0,3,0,3,0,0,2,0,0,2,4,0,0,0,0,0,61,2026
Dan Houston,12495,CW,WC,12,5,2,8,13,0,0,0,2,2,0,0,2,1,1,0,3,7,0,0,0,0,0,84,2026
Jeremy Howe,11967,CW,WC,12,12,6,3,15,0,0,0,1,5,3,1,2,1,0,0,4,8,1,0,6,0,0,89,2026
Patrick Lipinski,12578,CW,WC,12,7,3,12,19,1,1,0,2,1,2,2,2,1,0,0,7,13,0,0,1,0,0,86,2026
Ned Long,13023,CW,WC,12,3,2,7,10,0,1,1,4,0,2,0,3,2,0,0,6,3,0,1,2,0,0,72,2026
Brayden Maynard,12371,CW,WC,12,7,2,5,12,0,0,0,5,3,2,0,6,1,2,0,4,9,0,0,3,0,0,88,2026
Beau McCreery,12876,CW,WC,12,8,4,10,18,0,0,0,5,0,4,1,2,2,2,0,5,13,1,0,1,3,2,77,2026
Daniel McStay,12291,CW,WC,12,5,3,2,7,2,0,2,2,0,1,1,3,0,2,0,5,2,2,1,2,0,0,76,2026
Darcy Moore,12372,CW,WC,12,5,5,0,5,0,0,0,2,3,0,0,1,0,0,0,2,3,2,0,4,0,0,34,2026
Scott Pendlebury,4182,CW,WC,12,7,0,13,20,0,0,0,2,4,0,5,4,0,2,0,7,10,0,0,2,0,0,82,2026
Isaac Quaynor,12740,CW,WC,12,7,5,12,19,0,0,0,3,4,1,0,2,2,1,0,8,12,0,0,7,0,0,81,2026
Lachie Schultz,12700,CW,WC,12,9,2,8,17,1,2,0,4,1,3,1,0,2,0,0,7,7,0,1,0,0,2,82,2026
Steele Sidebottom,11751,CW,WC,12,5,4,11,16,0,0,0,4,2,1,0,2,0,0,0,6,10,0,0,0,1,0,84,2026
Roan Steele,13248,CW,WC,12,9,3,3,12,2,1,0,2,1,3,2,3,0,1,0,2,10,0,2,1,0,0,83,2026
Charlie West,13246,CW,WC,12,3,2,1,4,0,1,0,2,0,0,0,0,0,0,0,3,1,1,0,3,0,1,72,2026
Aliir Aliir,12433,PA,CA,12,5,4,3,8,0,0,0,1,1,0,0,0,0,0,0,1,7,0,0,9,0,0,93,2026
Tom Anastasopoulos,13322,PA,CA,12,8,4,2,10,0,1,0,3,1,0,0,4,1,0,0,1,10,0,0,3,0,0,81,2026
Joe Berry,13188,PA,CA,12,5,5,10,15,0,0,0,0,1,4,1,4,0,1,0,7,9,0,0,0,0,1,80,2026
Jase Burgoyne,13007,PA,CA,12,9,5,13,22,0,0,0,2,5,1,0,1,0,1,0,7,14,0,0,1,0,1,83,2026
Zak Butters,12698,PA,CA,12,15,5,13,28,0,2,0,3,2,7,4,3,0,1,0,8,19,0,1,0,4,0,84,2026
Darcy Byrne-Jones,12422,PA,CA,12,10,3,4,14,0,0,0,3,3,0,1,0,0,0,0,4,8,0,0,3,0,0,82,2026
Willem Drew,12695,PA,CA,12,11,1,6,17,0,0,0,11,1,4,6,4,3,1,0,11,7,0,0,5,0,2,83,2026
Corey Durdin,12936,PA,CA,12,6,5,5,11,1,0,0,1,0,1,0,2,1,0,0,1,10,0,2,0,0,0,69,2026
Logan Evans,13156,PA,CA,12,16,6,5,21,0,0,0,2,8,3,1,3,0,1,0,3,15,0,0,4,0,0,87,2026
Kane Farrell,12664,PA,CA,12,10,2,3,13,0,0,0,0,5,1,1,0,0,0,0,2,6,0,0,1,3,0,64,2026
Mitch Georgiades,12766,PA,CA,12,8,8,1,9,1,1,0,2,0,1,0,1,0,0,0,4,6,3,2,0,0,0,96,2026
Jason Horne-Francis,12956,PA,CA,12,23,5,9,32,3,0,0,2,0,8,8,8,2,2,0,16,14,0,2,1,2,0,83,2026
Josh Lai,13301,PA,CA,12,6,7,4,10,0,0,0,1,1,1,0,2,0,0,0,7,3,4,0,3,0,1,68,2026
Ewan Mackinlay,13269,PA,CA,12,7,1,7,14,0,0,0,2,1,3,0,3,0,0,0,8,7,0,0,1,1,1,85,2026
Todd Marshall,12575,PA,CA,12,5,4,1,6,1,0,0,2,0,1,0,2,0,0,0,2,4,1,3,1,0,1,70,2026
Christian Moraes,13199,PA,CA,12,4,1,7,11,0,1,0,1,0,2,0,1,1,1,0,3,9,0,0,1,0,0,57,2026
Esava Ratugolea,12597,PA,CA,12,7,4,2,9,0,0,0,1,2,1,0,0,1,0,0,3,5,2,0,4,0,0,100,2026
Joe Richards,13139,PA,CA,12,9,5,14,23,0,0,0,7,0,2,5,3,0,1,0,7,17,0,0,0,1,0,85,2026
Jordon Sweet,12890,PA,CA,12,7,2,3,10,0,2,27,1,1,3,4,3,2,2,0,5,6,0,2,4,0,0,83,2026
Jack Watkins,13289,PA,CA,12,8,2,6,14,0,0,0,2,1,4,2,5,0,2,0,3,11,0,0,0,1,0,70,2026
Jacob Wehr,12991,PA,CA,12,6,3,5,11,0,0,0,2,3,0,0,6,1,2,0,3,7,0,0,0,0,0,76,2026
Jack Whitlock,13259,PA,CA,12,8,6,4,12,2,2,3,1,0,1,1,1,1,1,0,4,8,1,4,1,0,0,77,2026
Ollie Wines,12150,PA,CA,12,0,0,5,5,0,0,0,3,0,0,1,2,0,0,0,4,1,0,0,0,0,0,45,2026
Ben Ainsworth,12498,CA,PA,12,6,5,11,17,0,0,0,1,0,2,0,0,0,0,0,4,13,0,1,2,0,0,75,2026
Talor Byrne,13297,CA,PA,12,6,3,2,8,1,2,0,0,0,2,0,2,1,0,0,3,3,0,2,1,0,0,83,2026
Matt Carroll,13212,CA,PA,12,0,0,0,0,0,0,0,0,0,0,0,0,0,0,0,0,0,0,0,0,0,0,4,2026
Adam Cerra,12603,CA,PA,12,11,6,6,17,0,0,0,1,1,3,1,3,0,2,0,5,13,0,0,0,1,1,81,2026
Lachlan Cowan,13028,CA,PA,12,10,8,4,14,0,0,0,5,5,0,0,2,0,0,0,6,9,2,0,4,0,0,83,2026
Patrick Cripps,12261,CA,PA,12,13,3,19,32,1,2,0,5,0,2,8,6,2,4,0,17,13,0,2,0,0,0,85,2026
Harry Dean,13273,CA,PA,12,8,7,4,12,0,0,0,1,2,3,0,1,2,0,0,3,10,1,0,6,0,0,81,2026
Wade Derksen,13303,CA,PA,12,10,7,5,15,0,0,0,0,4,0,0,1,1,0,0,2,13,0,0,6,1,0,89,2026
Francis Evans,12873,CA,PA,12,11,4,8,19,1,0,0,1,2,1,1,2,1,1,0,5,14,0,0,2,0,1,84,2026
Oliver Florent,12497,CA,PA,12,18,4,8,26,0,0,0,3,6,3,1,1,0,0,0,2,15,0,0,1,0,1,83,2026
Nick Haynes,12091,CA,PA,12,12,8,6,18,0,0,0,0,4,0,0,2,0,0,0,4,13,0,0,5,0,0,89,2026
Will Hayward,12509,CA,PA,12,14,4,5,19,2,0,0,5,3,6,0,2,1,0,0,5,13,1,1,2,0,0,85,2026
George Hewett,12411,CA,PA,12,11,1,15,26,1,1,0,3,0,6,4,4,3,1,0,14,13,1,1,0,0,1,71,2026
Jack Ison,13321,CA,PA,12,11,4,6,17,1,3,0,1,0,2,0,4,2,0,0,7,11,0,1,0,1,2,75,2026
Brodie Kemp,12937,CA,PA,12,6,7,8,14,2,0,0,0,1,2,0,1,0,0,0,5,9,0,2,2,0,1,91,2026
Mitch McGovern,12404,CA,PA,12,10,8,2,12,2,1,0,1,0,5,0,3,0,0,0,1,11,1,2,1,0,1,79,2026
Harry McKay,12566,CA,PA,12,13,9,6,19,1,2,4,1,1,1,3,5,1,1,0,6,12,2,3,0,0,0,84,2026
Nic Newman,12508,CA,PA,12,13,5,8,21,0,0,0,3,3,2,0,1,0,1,0,2,16,0,0,2,0,0,86,2026
Marc Pittonet,12417,CA,PA,12,5,2,7,12,0,0,21,6,1,0,2,3,0,2,0,2,7,1,1,2,0,0,77,2026
Jagga Smith,13274,CA,PA,12,9,2,18,27,0,1,0,1,1,4,4,0,1,0,0,11,15,0,1,0,0,3,78,2026
Sam Walsh,12684,CA,PA,12,10,5,18,28,1,0,0,2,2,2,3,2,1,0,0,5,23,0,0,1,1,1,75,2026
Billy Wilson,13244,CA,PA,12,10,3,12,22,0,1,0,1,4,2,0,2,0,1,0,5,16,0,0,1,1,0,80,2026
Flynn Young,13245,CA,PA,12,5,3,4,9,0,1,0,2,0,2,0,1,0,0,0,0,9,0,1,2,0,0,80,2026
Harris Andrews,12340,BL,GW,12,10,7,3,13,0,0,0,0,2,1,0,0,0,0,0,9,3,5,0,7,0,0,95,2026
Levi Ashcroft,13197,BL,GW,12,13,2,11,24,0,0,0,1,2,1,1,3,3,0,0,7,18,0,0,1,1,0,73,2026
Will Ashcroft,13040,BL,GW,12,11,2,10,21,0,0,0,2,3,4,3,2,1,1,0,9,11,0,0,0,0,0,82,2026
Zac Bailey,12610,BL,GW,12,11,7,6,17,0,1,0,6,3,3,2,1,0,1,0,9,9,1,0,2,0,0,81,2026
Charlie Cameron,12277,BL,GW,12,8,2,3,11,2,1,0,4,0,2,0,1,1,0,0,7,3,0,0,2,0,0,82,2026
Keidean Coleman,12838,BL,GW,12,11,4,4,15,0,0,0,3,2,4,1,1,1,1,0,5,7,0,0,4,0,0,77,2026
Sam Draper,12810,BL,GW,12,7,0,3,10,0,0,27,0,3,2,8,3,2,1,0,10,1,0,0,1,0,0,74,2026
Josh Dunkley,12408,BL,GW,12,8,2,13,21,0,1,0,5,0,1,3,2,1,0,0,9,12,0,0,2,0,0,80,2026
Jaspa Fletcher,13072,BL,GW,12,13,6,12,25,0,0,0,1,5,1,3,4,0,2,0,5,17,0,0,0,0,0,84,2026
Darcy Fort,12724,BL,GW,12,7,3,5,12,0,0,18,2,2,1,3,1,2,0,0,8,6,1,0,0,0,1,75,2026
Ty Gallop,13235,BL,GW,12,8,3,2,10,0,0,0,3,1,1,0,4,1,2,0,5,6,1,0,9,0,0,86,2026
Darcy Gardiner,12267,BL,GW,12,8,6,7,15,0,0,0,2,3,1,0,2,0,0,0,6,8,0,0,7,0,1,82,2026
Kai Lohmann,12968,BL,GW,12,8,6,6,14,3,1,0,4,0,1,0,3,0,2,0,4,10,0,3,0,3,0,69,2026
Sam Marshall,13215,BL,GW,12,8,5,13,21,0,0,0,3,3,3,0,4,1,0,0,8,14,0,0,1,1,1,79,2026
Hugh McCluggage,12518,BL,GW,12,15,2,8,23,0,0,0,2,3,8,3,6,1,1,0,8,12,0,0,0,0,0,74,2026
Conor McKenna,12391,BL,GW,12,7,1,5,12,2,2,0,0,1,2,0,0,0,0,0,4,7,0,0,1,1,1,77,2026
Will McLachlan,13202,BL,GW,12,2,1,2,4,1,0,0,2,0,1,0,2,1,0,0,2,3,0,1,1,0,0,51,2026
Logan Morris,13137,BL,GW,12,6,2,5,11,1,2,1,1,0,0,0,3,1,0,0,5,4,0,2,1,0,1,73,2026
Lachie Neale,12055,BL,GW,12,10,3,22,32,1,0,0,6,1,2,10,6,3,2,0,16,16,0,1,0,1,1,83,2026
Cam Rayner,12592,BL,GW,12,13,4,4,17,3,1,1,1,1,2,4,1,2,1,0,8,7,1,1,0,0,0,80,2026
Bruce Reville,13138,BL,GW,12,6,5,5,11,0,0,0,0,0,4,0,1,0,0,0,3,8,1,0,1,0,0,68,2026
James Tunstill,13005,BL,GW,12,11,5,4,15,0,0,0,1,6,2,1,1,1,0,0,4,11,0,0,5,1,0,87,2026
Darcy Wilmot,13026,BL,GW,12,17,10,10,27,0,0,0,1,7,2,1,4,0,2,0,4,19,0,0,1,2,0,90,2026
Lachie Ash,12782,GW,BL,12,19,4,9,28,0,0,0,0,8,8,0,2,0,0,0,5,18,0,0,3,9,0,84,2026
Toby Bedford,12772,GW,BL,12,11,2,14,25,1,0,0,8,1,7,2,1,0,0,0,6,16,0,0,0,0,1,86,2026
Kieren Briggs,12904,GW,BL,12,9,1,11,20,0,0,26,2,0,2,5,4,1,2,0,9,12,0,0,2,0,1,78,2026
Callum Brown,12910,GW,BL,12,13,4,5,18,2,0,0,2,0,4,0,2,1,1,0,6,12,1,0,2,0,1,73,2026
Jack Buckley,12846,GW,BL,12,0,0,1,1,0,0,0,0,0,0,0,0,0,0,0,1,0,0,0,1,0,0,12,2026
Aaron Cadman,13054,GW,BL,12,8,4,6,14,3,1,0,6,0,2,1,2,2,0,0,6,9,1,0,0,0,0,91,2026
Finn Callaghan,12969,GW,BL,12,14,5,17,31,1,0,0,7,5,10,4,4,0,2,0,9,25,0,0,2,1,0,83,2026
Stephen Coniglio,12028,GW,BL,12,11,3,10,21,0,0,0,9,2,3,5,4,0,1,0,8,12,0,0,2,0,2,83,2026
Brent Daniels,12656,GW,BL,12,16,3,8,24,2,0,0,5,0,11,8,2,1,0,0,9,12,0,0,3,2,0,75,2026
Joe Fonti,13164,GW,BL,12,5,3,10,15,0,0,0,4,4,1,1,3,0,0,0,4,9,0,0,3,2,0,93,2026
Phoenix Gothard,13279,GW,BL,12,12,2,17,29,2,0,0,10,1,3,2,2,2,0,0,15,14,0,1,1,0,1,82,2026
Toby Greene,12025,GW,BL,12,15,2,6,21,5,0,0,1,0,5,1,7,2,3,0,10,12,0,0,0,0,4,82,2026
Max Gruzewski,13158,GW,BL,12,9,5,2,11,3,3,0,0,0,0,0,0,0,0,0,5,6,1,5,1,0,1,62,2026
Harry Himmelberg,12462,GW,BL,12,7,7,9,16,0,0,0,2,4,2,0,2,0,1,0,6,8,1,0,6,1,1,91,2026
Connor Idun,12750,GW,BL,12,11,6,6,17,0,0,0,2,3,0,1,1,1,0,0,5,9,1,0,4,0,0,100,2026
Jayden Laverde,12377,GW,BL,12,7,3,10,17,0,0,0,6,4,0,0,3,2,1,0,11,5,2,0,7,0,0,98,2026
Toby McMullin,13088,GW,BL,12,6,1,14,20,0,0,0,1,1,3,0,3,1,2,0,7,12,0,0,0,0,2,78,2026
Clayton Oliver,12410,GW,BL,12,16,4,21,37,0,0,0,8,0,5,11,4,1,3,0,23,14,0,0,1,0,1,82,2026
Harrison Oliver,13325,GW,BL,12,6,3,4,10,0,0,0,2,0,0,1,2,0,1,0,2,8,0,0,1,0,0,63,2026
Jake Riccardi,12834,GW,BL,12,3,0,3,6,2,0,5,3,0,0,0,3,0,2,0,0,6,0,0,2,0,0,73,2026
Conor Stone,12886,GW,BL,12,8,1,14,22,0,0,0,2,1,5,1,1,0,0,0,11,10,0,0,0,0,1,76,2026
Jake Stringer,12167,GW,BL,12,12,3,1,13,5,4,0,3,0,1,0,3,2,2,0,7,6,1,3,1,0,1,81,2026
Harvey Thomas,13101,GW,BL,12,6,1,8,14,0,0,0,4,1,3,2,2,0,1,0,3,9,0,0,2,0,0,74,2026
Jake Bowey,12931,ME,WB,12,19,5,8,27,0,1,0,2,7,1,1,2,0,1,0,5,14,0,0,1,2,0,87,2026
Kade Chandler,12756,ME,WB,12,11,3,8,19,1,0,0,4,1,6,9,5,0,1,0,10,10,0,1,3,1,0,90,2026
Paddy Cross,13300,ME,WB,12,7,4,2,9,1,0,0,4,0,3,0,1,0,1,0,3,6,2,0,1,0,0,75,2026
Bayley Fritsch,12598,ME,WB,12,5,2,2,7,0,0,0,3,0,1,0,0,0,0,0,2,5,0,0,0,0,0,84,2026
Max Gawn,11966,ME,WB,12,8,2,10,18,1,0,42,0,2,2,2,1,1,0,0,12,6,0,0,3,0,0,82,2026
Max Heath,13254,ME,WB,12,2,2,3,5,0,0,8,0,1,1,0,3,0,2,0,3,2,1,0,0,0,0,24,2026
Blake Howes,13098,ME,WB,12,9,3,7,16,0,0,0,3,3,0,0,3,0,0,0,3,12,0,0,2,0,0,80,2026
Matthew Jefferson,13182,ME,WB,12,5,3,4,9,0,2,0,4,0,2,0,1,1,0,0,4,4,0,1,1,0,0,74,2026
Changkuoth Jiath,12752,ME,WB,12,8,5,5,13,0,0,0,2,4,1,0,2,2,1,0,6,9,0,0,3,0,0,77,2026
Ed Langdon,12393,ME,WB,12,11,7,11,22,1,1,0,2,2,2,2,0,0,0,0,6,16,0,0,1,0,0,86,2026
Harvey Langford,13184,ME,WB,12,7,3,9,16,2,1,0,1,1,2,3,1,1,0,0,10,5,1,2,0,0,0,80,2026
Bailey Laurie,13032,ME,WB,12,6,4,3,9,1,1,0,1,1,1,0,2,0,0,0,1,7,0,1,0,0,0,61,2026
Jake Lever,12351,ME,WB,12,5,4,2,7,0,0,0,2,2,0,0,4,0,3,0,1,6,0,0,8,0,0,85,2026
Harry Petty,12653,ME,WB,12,3,3,9,12,1,1,0,8,0,0,0,2,2,2,0,7,6,0,2,2,0,3,81,2026
Kysaiah Pickett,12771,ME,WB,12,16,2,9,25,0,2,0,9,3,5,6,8,2,2,0,13,12,0,0,1,4,2,88,2026
Trent Rivers,12778,ME,WB,12,10,3,6,16,1,0,0,2,2,3,0,0,2,0,0,8,5,2,1,0,0,1,81,2026
Harry Sharp,12864,ME,WB,12,9,0,3,12,2,0,0,6,1,2,0,6,2,1,0,4,7,0,0,0,2,0,82,2026
Tom Sparrow,12693,ME,WB,12,14,1,9,23,0,0,0,6,2,5,7,2,2,1,0,10,12,0,0,3,1,1,70,2026
Jack Steele,12368,ME,WB,12,9,1,12,21,0,0,0,10,3,4,4,2,0,1,0,9,13,0,0,1,0,0,82,2026
Koltyn Tholstrup,13123,ME,WB,12,9,8,3,12,1,0,0,1,4,2,0,1,0,1,0,2,11,0,0,2,0,0,84,2026
Daniel Turner,12996,ME,WB,12,10,6,3,13,1,0,0,1,2,1,0,6,1,4,0,6,9,2,0,6,0,0,97,2026
Jacob van Rooyen,13048,ME,WB,12,7,5,5,12,0,1,0,1,1,3,0,4,1,0,0,9,3,3,1,2,0,0,88,2026
Caleb Windsor,13099,ME,WB,12,8,2,5,13,0,0,0,0,1,0,2,3,0,2,0,7,7,0,0,1,0,1,60,2026
Marcus Bontempelli,12269,WB,ME,12,11,6,18,29,2,0,0,2,3,3,6,5,0,0,0,17,14,1,2,1,2,1,84,2026
Lachlan Bramble,12916,WB,ME,12,10,5,7,17,0,0,0,1,1,2,0,3,0,1,0,5,12,0,0,0,0,1,77,2026
Connor Budarick,12769,WB,ME,12,13,3,7,20,0,0,0,4,3,0,2,1,0,1,0,6,11,1,0,2,0,0,79,2026
Luke Cleary,12987,WB,ME,12,0,0,3,3,0,0,0,0,0,0,0,0,0,0,0,1,2,0,0,2,0,0,31,2026
Nick Coffield,12608,WB,ME,12,12,2,5,17,0,0,0,1,3,2,0,0,1,0,0,2,11,0,0,5,1,0,92,2026
Jordan Croft,13265,WB,ME,12,4,2,3,7,1,0,1,3,0,1,2,2,1,1,0,4,2,0,1,2,0,0,80,2026
Bailey Dale,12354,WB,ME,12,19,5,12,31,0,1,0,2,4,3,0,3,1,0,0,7,17,0,0,1,0,1,83,2026
Joel Freijah,13140,WB,ME,12,10,4,8,18,1,0,0,3,3,1,1,4,0,2,0,8,10,0,1,1,0,1,77,2026
Cooper Hynes,13213,WB,ME,12,5,1,3,8,0,0,0,2,2,1,0,0,0,0,0,3,5,0,0,0,0,0,78,2026
Lachie Jaques,13275,WB,ME,12,5,3,3,8,0,0,0,3,1,2,0,4,0,2,0,2,5,0,1,1,0,1,78,2026
Arthur Jones,13046,WB,ME,12,9,4,3,12,2,2,0,0,0,1,1,4,1,3,0,5,8,2,2,0,0,0,74,2026
Matthew Kennedy,12455,WB,ME,12,14,5,9,23,0,0,0,8,4,6,4,3,1,0,0,10,13,0,0,0,0,0,78,2026
Buku Khamis,12900,WB,ME,12,5,4,6,11,0,0,0,2,1,0,1,2,1,1,0,9,3,2,0,3,0,0,100,2026
Will Lewis,13284,WB,ME,12,9,3,2,11,1,1,0,3,0,1,0,2,6,0,0,9,3,0,2,4,0,0,80,2026
Rory Lobb,12282,WB,ME,12,8,1,5,13,0,0,24,10,1,3,6,4,4,1,0,8,5,0,0,7,0,1,83,2026
Lachlan McNeil,12854,WB,ME,12,3,2,7,10,0,0,0,3,0,1,1,2,1,1,0,5,6,0,0,1,0,1,60,2026
Aaron Naughton,12594,WB,ME,12,9,3,9,18,2,1,0,2,0,4,0,1,2,0,0,10,7,1,2,0,0,3,87,2026
James ODonnell,13061,WB,ME,12,8,4,3,11,0,0,0,1,0,6,0,2,0,1,0,4,7,0,0,13,0,0,86,2026
Ed Richards,12605,WB,ME,12,22,4,8,30,3,0,0,3,4,10,10,5,0,0,0,13,17,0,1,0,0,2,81,2026
Ryley Sanders,13103,WB,ME,12,14,6,16,30,0,1,0,3,2,5,4,1,2,0,0,9,20,1,0,0,0,1,84,2026
Michael Sellwood,13276,WB,ME,12,7,5,3,10,0,0,0,3,2,1,0,6,0,2,0,0,10,0,0,1,0,0,93,2026
Adam Treloar,12054,WB,ME,12,6,3,11,17,0,1,0,0,0,3,4,2,0,1,0,7,11,0,0,0,0,0,59,2026
Rhylee West,12748,WB,ME,12,9,5,3,12,2,0,0,3,0,1,3,3,2,0,0,7,5,1,3,0,1,0,80,2026
Karl Amon,12357,HW,SK,13,16,6,8,24,0,0,0,1,1,2,0,2,0,0,0,2,18,0,0,2,0,1,79,2026
Josh Battle,12558,HW,SK,13,9,2,8,17,0,1,0,2,5,2,0,1,0,1,0,6,11,0,0,3,0,0,95,2026
Mabior Chol,12485,HW,SK,13,9,5,1,10,2,0,1,2,0,5,1,4,1,1,0,5,5,2,1,2,0,3,73,2026
Massimo DAmbrosio,12998,HW,SK,13,17,5,11,28,0,0,0,2,0,6,1,2,0,0,0,4,24,0,1,1,1,1,79,2026
Will Day,12794,HW,SK,13,9,3,9,18,0,1,0,3,1,3,5,2,3,2,0,7,11,0,1,1,0,0,62,2026
Jack Ginnivan,12927,HW,SK,13,13,8,8,21,1,0,0,1,0,6,1,1,0,1,0,4,16,0,1,2,0,2,88,2026
Jack Gunston,11845,HW,SK,13,10,5,0,10,5,2,0,1,0,1,1,0,0,0,0,1,7,0,4,0,0,0,62,2026
Blake Hardwick,12469,HW,SK,13,11,9,6,17,4,0,0,0,1,1,0,3,0,1,0,4,12,1,3,2,0,0,89,2026
Jarman Impey,12237,HW,SK,13,9,3,15,24,0,0,0,0,5,2,2,3,0,1,0,4,21,0,0,0,0,0,85,2026
Mitch Lewis,12636,HW,SK,13,6,4,7,13,3,3,0,1,0,2,0,1,0,1,0,1,11,0,3,0,0,1,78,2026
Bailey Macdonald,13069,HW,SK,13,6,3,9,15,0,0,0,0,3,1,0,1,1,0,0,5,9,0,0,2,0,0,85,2026
Connor Macdonald,12954,HW,SK,13,13,7,13,26,1,0,0,4,1,6,3,4,0,1,0,7,18,0,1,0,0,2,81,2026
Cam Mackenzie,13031,HW,SK,13,13,1,16,29,0,0,0,6,0,5,2,3,2,0,0,9,20,0,0,0,0,0,80,2026
Lloyd Meek,12856,HW,SK,13,2,2,8,10,0,0,15,4,0,0,1,3,0,1,0,3,6,0,0,1,0,0,54,2026
Dylan Moore,12710,HW,SK,13,6,4,14,20,0,0,0,2,0,4,0,3,0,0,0,8,12,1,0,2,0,2,79,2026
Cameron Nairn,13326,HW,SK,13,10,5,7,17,0,0,0,0,1,1,0,2,1,0,0,1,16,0,0,3,0,0,75,2026
Jai Newcombe,12915,HW,SK,13,8,2,17,25,0,0,0,6,1,1,7,1,0,1,0,8,16,0,0,1,1,1,79,2026
Flynn Perez,12841,HW,SK,13,5,2,4,9,0,0,0,3,0,1,0,4,1,4,0,1,9,0,0,2,0,1,75,2026
Ned Reeves,12906,HW,SK,13,1,0,4,5,0,0,23,4,1,0,2,1,2,1,0,4,1,0,0,2,0,0,60,2026
James Sicily,12332,HW,SK,13,20,10,13,33,0,0,0,3,9,1,0,6,1,2,0,9,19,0,0,3,3,0,89,2026
Josh Ward,12955,HW,SK,13,9,6,13,22,0,1,0,2,1,2,4,2,0,0,0,3,18,0,1,3,0,0,84,2026
Nick Watson,13105,HW,SK,13,8,3,13,21,2,1,0,4,1,3,2,2,0,0,0,8,12,0,2,0,1,2,84,2026
Josh Weddle,13057,HW,SK,13,7,4,8,15,0,0,0,5,3,1,0,2,1,0,0,4,10,0,0,3,3,0,87,2026
Charlie Banfield,13324,SK,HW,13,4,3,3,7,0,0,0,3,0,0,0,2,0,0,0,3,4,1,1,1,0,0,77,2026
Ryan Byrnes,12802,SK,HW,13,19,9,3,22,0,0,0,1,4,5,0,4,1,1,0,2,20,0,0,1,0,2,80,2026
Anthony Caminiti,13035,SK,HW,13,6,2,4,10,0,1,0,0,1,0,0,3,2,1,0,7,3,1,1,3,0,0,89,2026
Jack Carroll,12976,SK,HW,13,10,6,8,18,0,0,0,2,2,1,1,1,0,0,0,5,13,0,0,0,1,0,77,2026
Tom De Koning,12674,SK,HW,13,4,1,8,12,2,0,20,3,0,0,4,5,2,2,0,9,4,0,1,3,0,0,78,2026
Sam Flanders,12824,SK,HW,13,5,3,4,9,0,0,0,1,2,0,0,0,0,0,0,1,7,0,0,0,0,0,27,2026
Hugo Garcia,13125,SK,HW,13,7,3,12,19,0,1,0,5,0,1,2,1,0,0,0,7,14,0,1,4,0,0,77,2026
Max Hall,13193,SK,HW,13,12,3,14,26,0,1,0,2,1,5,5,4,1,2,0,10,19,0,1,3,1,0,78,2026
Liam Henry,12831,SK,HW,13,6,2,3,9,0,1,0,1,0,4,0,2,1,0,0,3,4,0,0,0,0,1,73,2026
Bradley Hill,12060,SK,HW,13,18,7,12,30,0,0,0,0,2,2,1,6,0,2,0,4,23,0,0,3,0,0,88,2026
Isaac Keeler,13201,SK,HW,13,3,2,8,11,0,0,0,0,0,3,0,4,0,1,0,5,6,0,0,3,0,1,72,2026
Jack Macrae,12166,SK,HW,13,5,2,16,21,0,0,0,4,0,3,6,4,2,1,0,12,9,0,0,1,0,1,71,2026
Rowan Marshall,12564,SK,HW,13,10,3,4,14,1,0,5,0,0,3,1,2,2,1,0,8,6,0,1,0,0,0,70,2026
Liam OConnell,13194,SK,HW,13,5,4,9,14,0,0,0,2,2,0,0,0,0,0,0,4,10,0,0,0,0,0,84,2026
Mattaes Phillipou,13036,SK,HW,13,11,4,7,18,0,2,0,4,1,4,2,2,1,0,0,5,11,0,1,0,0,1,81,2026
Cooper Sharman,12929,SK,HW,13,5,1,5,10,0,0,0,0,0,3,1,1,1,0,0,4,5,0,0,2,0,1,86,2026
Jack Silvagni,12458,SK,HW,13,11,10,3,14,3,3,0,4,0,0,1,0,0,0,0,3,11,2,6,3,0,0,89,2026
Jack Sinclair,12325,SK,HW,13,25,4,8,33,0,1,0,2,8,6,2,4,0,1,0,5,25,0,0,3,1,1,83,2026
Alix Tauru,13243,SK,HW,13,10,7,5,15,1,0,0,0,3,1,0,1,2,0,0,5,10,1,1,5,0,0,85,2026
Callum Wilkie,12703,SK,HW,13,12,7,11,23,0,0,0,5,7,0,0,1,1,0,0,9,11,1,0,7,1,0,92,2026
Darcy Wilson,13110,SK,HW,13,14,5,11,25,1,0,0,5,3,2,2,5,2,0,0,7,16,0,0,1,3,0,85,2026
Marcus Windhager,12967,SK,HW,13,5,3,11,16,1,1,0,2,0,0,3,3,0,1,0,4,12,0,1,2,0,0,80,2026
Mason Wood,12312,SK,HW,13,7,3,4,11,0,0,0,2,0,1,0,2,0,0,0,3,7,1,1,1,0,0,78,2026
Blake Acres,12276,CA,GE,13,11,5,9,20,0,1,0,2,2,1,0,2,0,0,0,3,17,0,1,1,1,1,74,2026
Ben Ainsworth,12498,CA,GE,13,12,4,13,25,0,2,0,4,0,6,2,3,0,0,0,5,20,0,1,0,0,0,79,2026
Talor Byrne,13297,CA,GE,13,5,0,1,6,1,0,0,5,0,2,0,1,2,0,0,4,3,0,0,3,0,0,66,2026
Adam Cerra,12603,CA,GE,13,14,5,5,19,1,0,0,2,0,4,3,2,1,1,0,5,14,0,0,1,1,0,74,2026
Lachlan Cowan,13028,CA,GE,13,14,9,6,20,0,0,0,0,9,1,1,3,0,2,0,6,15,0,0,6,0,1,93,2026
Patrick Cripps,12261,CA,GE,13,8,2,22,30,1,0,0,4,0,3,8,4,3,2,0,15,15,1,1,1,0,0,84,2026
Harry Dean,13273,CA,GE,13,6,3,9,15,0,0,0,4,0,0,0,1,0,0,0,5,9,0,0,4,0,0,80,2026
Francis Evans,12873,CA,GE,13,6,1,3,9,0,0,0,5,0,2,1,1,1,0,0,4,5,0,0,0,1,1,70,2026
Oliver Florent,12497,CA,GE,13,13,3,6,19,0,1,0,3,4,3,2,3,0,1,0,5,12,0,0,1,0,0,77,2026
Nick Haynes,12091,CA,GE,13,9,4,5,14,0,0,0,1,4,1,0,2,1,0,0,5,11,0,0,7,0,0,97,2026
Will Hayward,12509,CA,GE,13,11,7,6,17,3,1,0,0,1,2,0,3,1,1,0,4,13,2,1,2,0,0,74,2026
George Hewett,12411,CA,GE,13,9,2,13,22,1,1,0,3,1,3,4,1,2,1,0,6,16,0,0,1,0,0,72,2026
Jack Ison,13321,CA,GE,13,3,3,3,6,1,0,0,1,0,1,0,4,1,2,0,4,4,0,0,3,0,2,75,2026
Brodie Kemp,12937,CA,GE,13,3,2,6,9,2,0,0,2,0,0,0,2,1,2,0,6,4,0,1,1,0,0,84,2026
Mitch McGovern,12404,CA,GE,13,8,5,1,9,0,2,0,2,0,2,0,0,1,0,0,4,6,0,1,0,0,1,76,2026
Harry McKay,12566,CA,GE,13,11,4,5,16,0,2,3,2,0,2,5,2,3,0,0,8,9,2,1,1,0,0,81,2026
Nic Newman,12508,CA,GE,13,14,9,11,25,0,0,0,5,3,3,0,4,1,1,0,6,16,0,0,6,1,0,79,2026
Marc Pittonet,12417,CA,GE,13,5,0,4,9,0,0,26,6,2,0,3,3,0,2,0,8,0,0,0,3,0,0,65,2026
Jagga Smith,13274,CA,GE,13,12,4,15,27,0,0,0,3,3,6,6,3,0,0,0,10,16,0,0,0,0,1,75,2026
Sam Walsh,12684,CA,GE,13,13,4,17,30,0,3,0,7,3,3,7,5,2,3,0,11,20,0,0,0,1,0,79,2026
Jacob Weitering,12402,CA,GE,13,14,11,5,19,0,0,0,1,5,0,0,1,0,1,0,3,16,0,0,3,0,0,100,2026
Billy Wilson,13244,CA,GE,13,17,5,5,22,0,0,0,3,4,2,1,2,2,0,0,5,13,0,0,0,4,0,71,2026
Flynn Young,13245,CA,GE,13,5,2,2,7,2,1,0,1,0,1,1,1,0,0,0,4,5,0,1,2,0,1,75,2026
Tom Atkins,12690,GE,CA,13,2,1,14,16,0,0,0,7,0,1,4,4,3,4,0,13,5,0,0,3,1,0,69,2026
Mark Blicavs,12153,GE,CA,13,3,2,6,9,0,0,10,1,1,0,1,1,1,0,0,4,5,0,0,0,0,0,79,2026
Tanner Bruhn,12871,GE,CA,13,9,2,4,13,0,0,0,3,0,1,0,1,1,0,0,4,8,0,0,0,0,1,69,2026
Jeremy Cameron,12017,GE,CA,13,12,8,1,13,4,3,0,0,0,2,0,1,0,0,0,2,11,1,6,1,0,0,95,2026
Brad Close,12806,GE,CA,13,3,2,8,11,0,1,0,5,0,4,0,0,1,0,0,4,7,0,0,0,0,0,79,2026
Patrick Dangerfield,11700,GE,CA,13,7,5,6,13,1,0,0,1,0,4,3,5,0,2,0,4,7,0,2,0,0,0,68,2026
Sam De Koning,12891,GE,CA,13,8,5,4,12,0,0,3,0,0,2,0,2,1,1,0,6,7,3,0,1,0,0,81,2026
Oliver Dempsey,12974,GE,CA,13,13,9,5,18,2,0,0,3,2,4,1,3,0,1,0,3,14,1,2,0,0,1,85,2026
Mitchell Edwards,13285,GE,CA,13,1,3,7,8,0,0,22,4,0,2,2,2,3,1,0,5,4,0,0,0,0,0,63,2026
Zach Guthrie,12551,GE,CA,13,14,7,7,21,0,0,0,2,5,1,1,3,1,2,0,6,13,1,0,1,0,0,75,2026
Jack Henry,12607,GE,CA,13,8,3,4,12,2,1,1,2,0,2,1,0,3,0,0,8,4,2,0,2,0,0,81,2026
Oliver Henry,12851,GE,CA,13,6,4,3,9,2,1,0,1,0,1,2,0,2,0,0,5,4,0,3,0,0,1,76,2026
Max Holmes,12881,GE,CA,13,12,3,13,25,0,1,0,4,2,5,5,1,0,0,0,7,16,0,0,2,0,0,78,2026
Lawson Humphries,13160,GE,CA,13,13,6,8,21,0,0,0,2,4,1,1,2,0,1,0,5,14,0,0,5,1,0,78,2026
Jake Kolodjashnij,12370,GE,CA,13,8,7,4,12,0,0,0,0,2,0,0,3,0,1,0,4,8,2,0,6,1,0,78,2026
Shaun Mannagh,13104,GE,CA,13,13,1,4,17,1,1,0,7,1,8,1,2,0,1,0,7,11,0,0,0,0,1,82,2026
Gryan Miers,12689,GE,CA,13,10,4,11,21,0,0,0,1,0,1,2,1,0,0,0,4,16,0,0,0,0,0,76,2026
Oisin Mullin,13066,GE,CA,13,7,1,1,8,0,0,0,5,1,1,1,2,2,1,0,3,5,0,1,2,0,1,76,2026
Shannon Neale,12992,GE,CA,13,5,2,5,10,0,1,7,1,0,3,0,2,0,2,0,6,4,0,1,1,0,1,78,2026
Mark OConnor,12531,GE,CA,13,8,9,7,15,0,0,0,4,1,1,1,1,1,0,0,3,11,0,0,2,0,0,80,2026
Connor OSullivan,13122,GE,CA,13,13,12,5,18,0,0,0,1,4,1,1,1,0,1,0,4,14,3,0,8,0,0,95,2026
Bailey Smith,12692,GE,CA,13,19,5,16,35,0,0,0,7,5,9,2,7,0,2,0,7,26,0,0,3,0,2,88,2026
Tom Stewart,12505,GE,CA,13,13,4,9,22,0,0,0,2,8,0,2,2,0,2,0,9,7,0,0,2,0,0,72,2026
Jasper Alger,13242,RI,SY,13,5,4,1,6,3,0,0,4,0,2,0,2,0,2,0,3,4,1,2,1,0,0,71,2026
Noah Balta,12686,RI,SY,13,8,5,4,12,0,1,8,0,3,2,3,5,0,2,0,6,5,1,0,2,0,0,88,2026
Sam Banks,13078,RI,SY,13,5,2,12,17,0,0,0,0,1,1,2,2,0,0,0,7,10,0,0,0,0,0,76,2026
Nathan Broad,12456,RI,SY,13,8,4,6,14,0,0,0,1,5,2,0,3,0,0,0,3,10,0,0,7,0,0,87,2026
Seth Campbell,13100,RI,SY,13,6,2,6,12,0,1,0,2,1,2,2,0,0,0,0,5,7,0,0,1,2,0,76,2026
Sam Cumming,13316,RI,SY,13,7,2,9,16,1,0,0,2,3,1,2,3,1,2,0,6,9,0,0,1,0,0,75,2026
Liam Fawcett,13200,RI,SY,13,5,2,4,9,0,0,0,0,0,2,0,3,3,0,0,6,3,2,1,2,0,1,78,2026
Steely Green,13145,RI,SY,13,10,2,4,14,0,1,0,1,1,1,1,4,1,1,0,2,11,0,0,0,0,0,84,2026
Sam Grlj,13290,RI,SY,13,9,4,7,16,0,0,0,0,3,2,1,1,0,0,0,3,14,0,0,1,1,0,80,2026
Oliver Hayes-Brown,13309,RI,SY,13,4,1,7,11,1,0,8,0,0,3,4,2,2,1,0,10,2,1,0,1,0,1,54,2026
Jacob Hopper,12440,RI,SY,13,12,3,13,25,0,1,0,3,2,8,5,4,2,1,0,14,12,0,0,0,0,0,69,2026
Mykelti Lefau,13113,RI,SY,13,5,5,7,12,1,0,0,4,0,1,0,3,1,0,0,8,7,2,1,2,0,0,85,2026
Ben Miller,12941,RI,SY,13,8,2,3,11,0,0,0,1,9,0,0,2,1,1,0,3,4,1,0,10,1,0,100,2026
Dion Prestia,11917,RI,SY,13,11,3,9,20,0,0,0,2,1,4,2,4,2,2,0,7,12,0,0,1,0,0,69,2026
Patrick Retschko,13313,RI,SY,13,8,4,2,10,0,0,0,2,2,2,0,2,0,1,0,3,8,0,0,0,1,1,83,2026
Noah Roberts-Thomson,13323,RI,SY,13,6,1,0,6,1,0,0,1,0,1,0,2,0,0,0,2,3,0,0,0,0,0,62,2026
Jack Ross,12712,RI,SY,13,7,1,11,18,0,1,0,7,0,4,4,4,2,1,0,8,13,0,0,2,0,0,69,2026
Jayden Short,12418,RI,SY,13,15,6,2,17,0,0,0,3,2,2,0,1,0,0,0,1,10,0,0,2,0,0,78,2026
Tyler Sonsie,13014,RI,SY,13,7,4,9,16,1,0,0,2,1,3,1,0,1,0,0,7,9,0,0,1,0,0,83,2026
Tim Taranto,12504,RI,SY,13,9,4,15,24,0,1,0,3,0,3,3,2,1,1,0,16,10,1,1,1,0,0,82,2026
Luke Trainor,13191,RI,SY,13,9,3,3,12,0,0,0,2,5,0,1,1,1,1,0,5,6,1,0,3,2,0,88,2026
James Trezise,13095,RI,SY,13,7,4,8,15,0,0,0,2,4,1,2,5,0,3,0,5,9,1,0,1,0,0,78,2026
Nick Vlastuin,12174,RI,SY,13,9,3,2,11,0,1,0,4,5,0,1,1,2,0,0,3,6,1,0,1,0,0,83,2026
Joel Amartey,12844,SY,RI,13,6,2,4,10,1,2,0,4,0,2,0,1,1,0,0,6,3,2,0,2,0,0,74,2026
Riley Bice,13195,SY,RI,13,8,5,13,21,0,1,0,1,1,5,1,0,0,0,0,3,16,0,0,2,3,1,89,2026
Nick Blakey,12699,SY,RI,13,19,5,9,28,0,0,0,0,4,2,0,3,0,1,0,7,18,1,0,3,2,2,73,2026
Caiden Cleary,13157,SY,RI,13,6,4,12,18,0,1,0,3,0,4,2,3,1,1,0,5,13,0,1,0,0,0,86,2026
Harry Cunningham,12015,SY,RI,13,13,2,8,21,0,0,0,1,4,4,0,0,0,0,0,4,16,1,0,0,1,0,64,2026
Charlie Curnow,12421,SY,RI,13,14,9,4,18,8,1,0,1,0,2,0,2,0,0,0,6,12,2,7,0,0,1,93,2026
Will Edwards,13318,SY,RI,13,3,3,2,5,0,0,0,0,2,0,0,2,0,2,0,1,4,0,0,2,1,0,82,2026
Tom Hanily,13173,SY,RI,13,7,4,11,18,0,2,0,0,0,3,1,1,1,0,0,4,14,0,1,1,0,0,69,2026
Isaac Heeney,12326,SY,RI,13,19,7,13,32,5,1,0,7,1,9,5,3,3,1,0,11,17,1,3,1,1,2,85,2026
James Jordon,12860,SY,RI,13,9,4,14,23,1,2,0,0,0,4,0,2,0,1,0,6,17,0,1,0,0,0,85,2026
Harry Kyle,13327,SY,RI,13,5,2,11,16,0,0,0,3,5,2,3,0,2,0,0,5,10,0,0,5,3,1,76,2026
Peter Ladhams,12729,SY,RI,13,11,2,13,24,1,0,28,0,2,1,9,4,4,1,0,18,9,1,0,1,0,0,80,2026
Jake Lloyd,12268,SY,RI,13,6,2,9,15,0,0,0,4,0,2,0,2,1,1,0,5,10,0,2,1,0,3,83,2026
Tom McCartin,12627,SY,RI,13,16,13,10,26,0,0,0,1,5,1,1,3,2,0,0,10,16,6,0,4,3,0,95,2026
Logan McDonald,12861,SY,RI,13,11,7,4,15,2,2,0,0,0,4,0,2,0,2,0,6,8,1,4,0,0,1,73,2026
Justin McInerney,12711,SY,RI,13,3,2,8,11,0,0,0,1,0,3,2,1,1,1,0,5,7,0,0,1,0,2,59,2026
Hayden McLean,12745,SY,RI,13,6,4,2,8,4,0,6,3,0,1,0,2,1,1,0,2,5,1,4,2,0,0,74,2026
Lewis Melican,12526,SY,RI,13,11,4,3,14,0,0,0,3,2,3,0,1,0,1,0,6,7,2,0,7,0,1,71,2026
James Rowbottom,12714,SY,RI,13,8,2,7,15,0,1,0,7,1,3,2,0,0,0,0,8,8,1,1,2,0,3,85,2026
Jai Serong,13022,SY,RI,13,10,7,8,18,0,2,0,1,2,1,1,2,1,0,0,8,10,1,0,0,0,2,83,2026
Angus Sheldrick,12951,SY,RI,13,7,2,23,30,0,1,0,0,1,3,4,5,1,4,0,13,19,0,0,2,0,1,67,2026
Chad Warner,12797,SY,RI,13,20,6,12,32,3,2,0,1,3,8,5,6,0,1,0,9,22,0,2,0,8,1,76,2026
Sam Wicks,12818,SY,RI,13,12,6,7,19,0,0,0,1,4,5,0,3,0,2,0,3,14,0,0,0,7,0,79,2026
Harris Andrews,12340,BL,FR,13,8,7,2,10,0,0,0,4,1,4,0,2,0,2,0,4,5,3,0,8,0,0,97,2026
Noah Answerth,12718,BL,FR,13,4,3,2,6,0,0,0,0,1,3,0,1,1,1,0,3,4,0,0,2,0,0,73,2026
Levi Ashcroft,13197,BL,FR,13,10,3,2,12,1,2,0,0,1,3,0,0,1,0,0,2,8,0,1,2,1,0,83,2026
Will Ashcroft,13040,BL,FR,13,12,1,10,22,2,0,0,5,1,1,3,0,2,0,0,12,10,0,0,1,1,0,85,2026
Zac Bailey,12610,BL,FR,13,21,4,9,30,1,2,0,2,2,10,6,4,1,1,0,9,19,1,0,1,1,1,83,2026
Jarrod Berry,12519,BL,FR,13,15,7,5,20,0,0,0,0,3,4,3,3,0,1,0,6,15,1,0,2,0,0,71,2026
Charlie Cameron,12277,BL,FR,13,8,3,2,10,2,2,0,1,0,2,0,2,0,1,0,1,8,0,1,0,2,0,79,2026
Keidean Coleman,12838,BL,FR,13,5,2,1,6,0,0,0,1,1,0,0,0,0,0,0,1,4,0,0,1,0,0,19,2026
Cody Curtin,13319,BL,FR,13,5,1,2,7,1,0,0,1,0,1,0,5,2,1,0,2,5,0,0,5,1,0,72,2026
Sam Draper,12810,BL,FR,13,9,2,0,9,1,1,24,2,2,3,5,2,3,1,0,5,2,0,1,4,0,0,81,2026
Josh Dunkley,12408,BL,FR,13,7,4,9,16,0,0,0,3,1,3,3,0,0,0,0,11,8,1,1,2,0,1,79,2026
Jaspa Fletcher,13072,BL,FR,13,9,4,4,13,1,0,0,1,1,1,2,1,0,0,0,4,7,0,0,2,3,0,85,2026
Darcy Fort,12724,BL,FR,13,4,4,4,8,0,0,12,0,1,1,2,2,0,1,0,5,4,2,1,2,0,1,65,2026
Ty Gallop,13235,BL,FR,13,5,5,3,8,0,0,0,1,2,1,0,1,0,1,0,4,4,1,0,5,0,0,95,2026
Darcy Gardiner,12267,BL,FR,13,6,3,3,9,0,0,0,1,2,0,0,5,1,4,0,4,6,1,0,9,0,0,81,2026
Kai Lohmann,12968,BL,FR,13,6,2,6,12,0,3,0,1,0,2,2,2,0,1,0,8,5,0,0,0,2,0,77,2026
Hugh McCluggage,12518,BL,FR,13,5,2,8,13,0,1,0,3,1,3,3,3,2,2,0,7,7,0,1,1,0,0,78,2026
Conor McKenna,12391,BL,FR,13,6,2,5,11,0,0,0,2,0,4,0,2,0,1,0,2,8,0,0,1,1,0,79,2026
Logan Morris,13137,BL,FR,13,7,3,1,8,1,4,0,2,0,2,0,4,1,0,0,4,4,0,2,0,0,0,77,2026
Lachie Neale,12055,BL,FR,13,9,2,14,23,0,0,0,1,0,5,8,3,2,0,0,11,12,0,0,0,0,1,82,2026
Cam Rayner,12592,BL,FR,13,5,1,2,7,0,0,0,2,1,2,2,2,1,1,0,7,2,1,1,2,0,1,81,2026
Bruce Reville,13138,BL,FR,13,7,4,5,12,0,0,0,0,3,2,0,2,0,2,0,1,12,0,0,1,0,0,81,2026
Darcy Wilmot,13026,BL,FR,13,24,12,2,26,0,0,0,3,6,2,3,2,1,0,0,5,15,2,0,0,1,1,93,2026
Jye Amiss,12983,FR,BL,13,10,6,5,15,4,4,0,1,0,0,0,2,2,0,0,6,9,2,6,2,0,0,90,2026
Shai Bolton,12535,FR,BL,13,9,2,12,21,0,0,0,3,1,6,6,3,1,0,0,9,13,0,0,0,2,3,83,2026
Andrew Brayshaw,12589,FR,BL,13,8,2,16,24,0,0,0,6,0,4,0,3,0,0,0,9,14,0,0,2,1,2,77,2026
Heath Chapman,12875,FR,BL,13,8,4,7,15,0,0,0,2,7,1,0,6,0,1,0,2,11,0,0,4,1,0,94,2026
Jordan Clark,12688,FR,BL,13,16,4,8,24,0,0,0,3,6,5,0,4,0,2,0,2,17,0,0,3,4,2,89,2026
Brennan Cox,12544,FR,BL,13,0,1,7,7,0,0,0,0,1,0,0,0,0,0,0,6,1,0,0,4,0,0,37,2026
Mason Cox,12428,FR,BL,13,3,0,2,5,0,0,13,1,1,0,1,5,1,3,0,4,4,0,0,1,0,0,55,2026
Isaiah Dudley,13204,FR,BL,13,4,2,5,9,1,0,0,2,0,1,1,0,1,0,0,3,7,0,1,1,0,0,64,2026
Neil Erasmus,12966,FR,BL,13,4,4,9,13,0,0,0,2,1,0,2,5,0,1,0,5,9,0,0,1,1,0,77,2026
Michael Frederick,12801,FR,BL,13,8,4,5,13,0,1,0,0,3,4,2,2,0,1,0,2,11,0,1,0,1,0,80,2026
Luke Jackson,12779,FR,BL,13,7,1,8,15,1,0,22,3,0,2,5,4,1,3,0,9,7,1,0,0,0,0,81,2026
Matthew Johnson,13047,FR,BL,13,13,6,7,20,1,0,0,4,1,1,6,1,1,1,0,7,12,1,0,1,0,1,79,2026
Judd McVee,13033,FR,BL,13,8,5,12,20,0,0,0,1,3,1,0,1,0,0,0,4,13,1,0,1,0,0,81,2026
Nathan ODriscoll,12960,FR,BL,13,15,2,7,22,0,0,0,1,2,6,0,2,1,0,0,6,16,0,0,1,0,2,83,2026
Alex Pearce,12352,FR,BL,13,6,2,3,9,0,0,0,0,1,1,0,3,2,2,0,6,2,0,0,5,1,0,72,2026
Murphy Reid,13180,FR,BL,13,10,1,11,21,0,0,0,3,2,2,4,1,1,0,0,6,14,0,0,1,0,0,85,2026
Luke Ryan,12542,FR,BL,13,17,5,5,22,0,0,0,1,7,1,0,1,0,0,0,2,13,0,0,2,1,0,90,2026
Chris Scerri,13296,FR,BL,13,0,1,9,9,0,0,0,0,0,1,1,0,0,0,0,7,2,1,0,1,0,0,64,2026
Sam Switkowski,12672,FR,BL,13,7,3,9,16,1,1,0,2,0,0,0,0,2,0,0,6,10,0,1,1,1,0,75,2026
Josh Treacy,12887,FR,BL,13,12,7,4,16,3,1,0,3,0,3,0,1,5,1,0,9,9,1,2,0,0,0,91,2026
Patrick Voss,13129,FR,BL,13,12,8,1,13,4,3,0,2,0,4,0,4,2,3,0,5,8,2,4,0,0,1,92,2026
Corey Wagner,12453,FR,BL,13,11,3,6,17,0,0,0,3,5,2,2,2,1,0,0,2,15,0,0,0,3,0,79,2026
Karl Worner,13075,FR,BL,13,10,7,8,18,0,0,0,2,7,2,1,1,0,0,0,3,13,0,0,2,1,1,82,2026
Edward Allan,13146,CW,WB,13,6,0,10,16,0,0,0,2,1,2,2,2,0,0,0,8,8,0,0,0,2,0,62,2026
Angus Anderson,13306,CW,WB,13,6,1,3,9,2,0,0,3,0,2,1,3,1,1,0,3,5,0,0,0,0,0,63,2026
Darcy Cameron,12660,CW,WB,13,11,4,11,22,0,1,24,3,1,1,1,3,2,1,0,10,11,0,0,1,0,0,84,2026
Jack Crisp,12061,CW,WB,13,9,5,10,19,0,0,0,2,2,2,1,3,0,0,0,5,13,1,0,1,0,0,80,2026
Josh Daicos,12573,CW,WB,13,14,5,8,22,0,1,0,2,4,2,1,2,0,1,0,4,15,0,1,0,0,0,83,2026
Nick Daicos,12943,CW,WB,13,18,2,19,37,1,1,0,1,0,6,5,4,0,0,0,12,24,0,0,1,0,1,81,2026
Jordan de Goey,12318,CW,WB,13,16,10,14,30,1,3,0,3,1,9,4,4,0,0,0,6,24,0,1,1,0,5,77,2026
Billy Frampton,12676,CW,WB,13,5,4,8,13,0,0,0,1,3,0,0,2,0,0,0,3,9,0,0,8,0,0,100,2026
Harvey Harrison,13068,CW,WB,13,3,4,4,7,0,0,0,5,0,0,1,0,0,0,0,1,6,0,1,0,0,0,66,2026
Dan Houston,12495,CW,WB,13,13,6,10,23,0,0,0,3,5,1,0,1,1,0,0,5,16,0,0,1,0,0,79,2026
Jeremy Howe,11967,CW,WB,13,17,7,5,22,0,0,0,2,5,1,0,2,1,0,0,5,13,0,0,8,0,0,97,2026
Patrick Lipinski,12578,CW,WB,13,6,3,13,19,1,0,0,4,2,2,1,3,0,1,0,2,17,0,0,2,0,0,82,2026
Ned Long,13023,CW,WB,13,7,4,6,13,0,2,0,1,0,3,1,3,0,2,0,2,10,0,1,0,0,1,76,2026
Brayden Maynard,12371,CW,WB,13,18,9,5,23,0,0,0,2,5,2,1,2,0,0,0,9,13,0,0,4,0,0,77,2026
Beau McCreery,12876,CW,WB,13,6,1,4,10,1,0,0,2,0,2,0,4,0,0,0,3,7,0,0,1,3,0,80,2026
Daniel McStay,12291,CW,WB,13,4,5,5,9,1,1,0,3,0,2,1,0,1,0,0,6,4,2,1,2,0,1,75,2026
Tim Membrey,12300,CW,WB,13,7,6,5,12,3,1,0,1,0,1,0,0,0,0,0,2,10,1,4,2,0,0,83,2026
Wil Parker,13147,CW,WB,13,9,8,5,14,0,0,0,4,4,0,0,2,1,0,0,3,11,0,0,1,0,0,72,2026
Scott Pendlebury,4182,CW,WB,13,16,6,17,33,0,0,0,2,4,3,6,2,1,0,0,11,21,0,1,2,0,3,78,2026
Isaac Quaynor,12740,CW,WB,13,13,10,4,17,0,0,0,3,6,2,0,3,0,0,0,0,17,0,0,4,0,0,83,2026
Lachie Schultz,12700,CW,WB,13,11,9,3,14,2,1,0,3,1,1,1,3,1,0,0,3,10,1,3,0,0,0,80,2026
Steele Sidebottom,11751,CW,WB,13,7,4,6,13,0,0,0,1,1,2,2,2,0,1,0,7,7,0,0,4,0,0,75,2026
Roan Steele,13248,CW,WB,13,13,2,8,21,1,1,0,0,3,1,3,6,0,1,0,7,14,0,0,1,0,0,69,2026
Marcus Bontempelli,12269,WB,CW,13,11,2,11,22,1,2,0,4,2,6,9,2,1,0,0,15,12,0,1,7,0,0,85,2026
Lachlan Bramble,12916,WB,CW,13,6,3,4,10,0,0,0,1,1,2,0,1,0,0,0,2,8,0,0,0,0,2,71,2026
Connor Budarick,12769,WB,CW,13,16,8,6,22,0,0,0,3,2,1,0,2,0,0,0,3,15,0,0,0,1,0,78,2026
Nick Coffield,12608,WB,CW,13,11,8,2,13,0,0,0,0,7,0,0,1,0,0,0,1,12,0,0,4,0,0,90,2026
Jordan Croft,13265,WB,CW,13,6,5,1,7,0,1,0,0,0,1,0,2,0,0,0,3,4,2,1,1,0,1,72,2026
Bailey Dale,12354,WB,CW,13,21,4,6,27,0,0,0,1,4,3,1,3,0,0,0,5,12,0,0,1,0,0,91,2026
Tim English,12537,WB,CW,13,9,6,7,16,2,0,24,0,0,1,2,3,1,1,0,6,11,0,2,2,0,0,72,2026
Joel Freijah,13140,WB,CW,13,11,1,10,21,0,0,0,4,2,3,9,6,1,0,0,10,8,0,0,1,0,0,84,2026
Cooper Hynes,13213,WB,CW,13,6,2,7,13,0,0,0,0,0,2,2,2,0,0,0,5,8,0,0,0,0,0,70,2026
Lachie Jaques,13275,WB,CW,13,10,4,1,11,0,0,0,0,3,1,1,0,0,0,0,2,9,0,0,1,0,0,66,2026
Arthur Jones,13046,WB,CW,13,5,4,7,12,1,0,0,2,0,2,0,3,0,2,0,5,7,0,2,0,0,3,67,2026
Matthew Kennedy,12455,WB,CW,13,19,6,10,29,0,0,0,4,2,7,4,8,0,1,0,11,15,0,0,0,0,0,71,2026
Buku Khamis,12900,WB,CW,13,8,5,3,11,0,0,0,0,3,1,0,3,0,2,0,5,6,1,0,5,0,0,97,2026
Will Lewis,13284,WB,CW,13,7,3,3,10,3,2,0,3,0,2,1,1,1,1,0,5,5,2,2,1,0,0,81,2026
Rory Lobb,12282,WB,CW,13,6,3,3,9,0,2,15,8,0,2,1,2,0,0,0,7,1,2,2,5,0,0,78,2026
Lachlan McNeil,12854,WB,CW,13,5,2,6,11,2,0,0,4,0,2,0,2,1,0,0,7,6,1,0,0,0,0,78,2026
Aaron Naughton,12594,WB,CW,13,6,4,8,14,1,3,0,2,0,0,0,1,0,1,0,7,7,1,1,0,0,0,80,2026
James ODonnell,13061,WB,CW,13,6,4,1,7,0,0,0,2,2,1,0,0,1,0,0,2,5,1,0,5,0,0,79,2026
Ed Richards,12605,WB,CW,13,15,5,9,24,2,1,0,3,1,8,4,3,1,0,0,7,19,1,1,2,0,0,78,2026
Ryley Sanders,13103,WB,CW,13,14,8,14,28,0,1,0,1,1,7,3,2,1,0,0,6,23,0,1,2,0,3,79,2026
Michael Sellwood,13276,WB,CW,13,9,4,3,12,0,0,0,0,2,3,0,1,0,0,0,6,7,2,0,7,0,0,92,2026
Adam Treloar,12054,WB,CW,13,11,6,8,19,1,0,0,0,1,4,1,2,0,1,0,2,19,0,0,1,1,0,59,2026
Rhylee West,12748,WB,CW,13,8,7,3,11,1,0,0,1,0,3,0,1,0,0,0,2,9,0,1,1,0,0,83,2026
Jake Bowey,12931,ME,GW,13,14,5,9,23,0,0,0,1,3,3,2,0,1,0,0,7,15,0,0,1,0,0,79,2026
Kade Chandler,12756,ME,GW,13,6,2,8,14,0,1,0,8,0,3,3,3,2,2,0,9,6,1,0,0,0,0,79,2026
Paddy Cross,13300,ME,GW,13,3,2,3,6,0,1,0,2,0,1,1,2,1,2,0,4,3,0,1,1,0,0,77,2026
Bayley Fritsch,12598,ME,GW,13,5,2,4,9,0,0,0,3,1,1,0,2,1,1,0,4,5,0,0,0,1,0,91,2026
Max Gawn,11966,ME,GW,13,11,8,11,22,0,1,30,3,2,4,4,5,1,0,0,11,10,2,1,2,0,1,82,2026
Blake Howes,13098,ME,GW,13,7,5,2,9,0,0,0,1,1,3,0,2,0,0,0,2,7,1,0,4,0,0,80,2026
Matthew Jefferson,13182,ME,GW,13,3,1,2,5,1,0,1,3,0,1,0,1,2,0,0,3,2,0,1,0,0,0,82,2026
Ed Langdon,12393,ME,GW,13,11,4,9,20,0,1,0,1,2,3,1,3,0,0,0,4,14,0,1,1,2,1,87,2026
Harvey Langford,13184,ME,GW,13,9,6,7,16,0,1,0,0,2,4,0,2,0,1,0,4,11,2,0,1,0,0,79,2026
Bailey Laurie,13032,ME,GW,13,9,4,4,13,0,0,0,2,2,4,2,1,0,0,0,4,8,0,0,0,0,1,65,2026
Brody Mihocek,12639,ME,GW,13,5,3,0,5,3,0,0,3,0,1,0,1,1,1,0,3,2,1,2,2,0,0,79,2026
Andy Moniz-Wakefield,13161,ME,GW,13,6,3,4,10,0,0,0,3,0,3,1,3,1,0,0,4,4,0,0,0,0,0,42,2026
Harry Petty,12653,ME,GW,13,9,6,3,12,0,0,0,3,0,1,0,2,0,2,0,5,9,1,0,5,0,0,90,2026
Kysaiah Pickett,12771,ME,GW,13,15,1,1,16,1,0,0,5,0,7,7,6,3,3,0,10,3,1,0,0,4,1,83,2026
Latrelle Pickett,13286,ME,GW,13,8,1,1,9,1,2,0,2,0,2,0,1,1,1,0,3,5,0,1,0,1,2,53,2026
Trent Rivers,12778,ME,GW,13,17,4,5,22,1,0,0,0,2,4,0,0,1,0,0,4,17,0,0,0,0,1,76,2026
Harry Sharp,12864,ME,GW,13,8,4,8,16,0,3,0,0,1,2,0,2,0,1,0,4,14,0,0,1,2,0,93,2026
Tom Sparrow,12693,ME,GW,13,11,6,8,19,1,0,0,4,3,2,3,5,0,3,0,5,14,0,0,3,1,0,76,2026
Jack Steele,12368,ME,GW,13,5,1,20,25,1,0,0,2,0,4,4,4,2,1,0,13,11,0,0,0,0,0,82,2026
Koltyn Tholstrup,13123,ME,GW,13,12,4,5,17,0,0,0,0,6,1,1,1,1,0,0,9,8,1,0,4,0,0,83,2026
Daniel Turner,12996,ME,GW,13,9,6,5,14,0,0,0,0,1,4,0,2,0,0,0,3,9,1,0,5,1,0,100,2026
Jacob van Rooyen,13048,ME,GW,13,7,3,4,11,0,1,1,0,0,1,3,3,0,2,0,5,6,0,0,0,0,0,71,2026
Caleb Windsor,13099,ME,GW,13,10,4,6,16,0,0,0,2,1,3,3,4,0,1,0,5,11,0,0,0,0,0,71,2026
Leek Aleer,13020,GW,ME,13,3,2,4,7,0,0,6,2,0,2,1,0,0,0,0,3,4,0,0,1,0,0,55,2026
Lachie Ash,12782,GW,ME,13,25,11,9,34,0,0,0,1,10,4,0,4,1,0,0,6,21,0,0,1,4,0,78,2026
Toby Bedford,12772,GW,ME,13,4,2,12,16,2,0,0,4,0,0,2,1,4,1,0,11,6,0,2,0,0,0,80,2026
Kieren Briggs,12904,GW,ME,13,4,1,5,9,1,0,18,7,1,3,4,1,2,1,0,5,5,0,0,5,0,1,70,2026
Callum Brown,12910,GW,ME,13,11,8,1,12,3,0,0,0,0,0,0,0,1,0,0,2,10,1,2,1,0,0,70,2026
Aaron Cadman,13054,GW,ME,13,8,6,1,9,1,0,0,2,0,3,0,3,0,0,0,2,7,1,1,2,0,2,94,2026
Finn Callaghan,12969,GW,ME,13,20,7,11,31,2,0,0,2,3,6,4,2,3,1,0,8,23,0,0,1,3,1,82,2026
Stephen Coniglio,12028,GW,ME,13,4,1,2,6,0,0,0,0,1,1,0,0,0,0,0,1,4,0,0,1,0,2,29,2026
Brent Daniels,12656,GW,ME,13,9,2,9,18,0,0,0,9,2,3,4,5,2,3,0,9,9,0,0,0,1,0,73,2026
Joe Fonti,13164,GW,ME,13,17,8,8,25,0,0,0,0,8,1,1,7,1,3,0,5,18,0,0,2,0,0,83,2026
Phoenix Gothard,13279,GW,ME,13,10,2,5,15,1,2,0,5,1,2,0,1,1,1,0,5,11,0,0,1,2,0,78,2026
Toby Greene,12025,GW,ME,13,13,6,3,16,3,2,0,6,0,4,1,2,1,0,0,4,12,1,3,1,0,2,85,2026
Max Gruzewski,13158,GW,ME,13,11,8,2,13,3,0,0,0,0,2,0,0,0,0,0,3,10,1,3,0,0,0,87,2026
Harry Himmelberg,12462,GW,ME,13,14,10,5,19,0,0,0,1,1,0,0,3,0,2,0,3,13,0,0,7,0,0,88,2026
Connor Idun,12750,GW,ME,13,18,14,11,29,0,0,0,1,5,0,0,0,0,0,0,7,21,0,0,2,0,0,100,2026
Jayden Laverde,12377,GW,ME,13,14,7,5,19,0,0,0,2,7,0,0,2,1,1,0,3,12,0,0,8,0,0,96,2026
Toby McMullin,13088,GW,ME,13,7,4,5,12,0,0,0,1,1,2,0,1,0,1,0,4,8,0,0,0,0,2,72,2026
Clayton Oliver,12410,GW,ME,13,8,3,20,28,0,0,0,3,2,4,7,6,1,3,0,11,15,0,0,1,0,2,82,2026
Conor Stone,12886,GW,ME,13,8,4,6,14,0,0,0,2,2,2,0,1,1,0,0,5,8,0,0,5,0,0,88,2026
Jake Stringer,12167,GW,ME,13,12,7,3,15,1,1,0,1,0,4,0,3,0,0,0,4,8,0,2,1,0,1,88,2026
Sam Taylor,12644,GW,ME,13,9,9,2,11,0,0,0,0,3,0,0,0,1,0,0,2,9,1,0,3,0,0,70,2026
Harvey Thomas,13101,GW,ME,13,14,6,10,24,2,0,0,4,2,2,1,5,1,1,0,8,16,1,1,1,0,2,79,2026
Lachie Whitfield,12143,GW,ME,13,20,10,6,26,0,0,0,2,3,1,2,0,0,0,0,3,19,0,0,0,0,0,74,2026
Bo Allan,13221,WC,ES,13,14,4,6,20,0,0,0,0,2,6,1,2,0,0,0,4,15,1,0,2,0,0,76,2026
Liam Baker,12661,WC,ES,13,6,1,19,25,0,0,0,0,3,3,1,4,1,2,0,12,13,0,0,1,2,0,82,2026
Rhett Bazzo,13000,WC,ES,13,4,3,12,16,0,0,0,1,1,1,0,1,0,1,0,6,10,0,0,5,0,0,80,2026
Malakai Champion,13250,WC,ES,13,2,2,2,4,0,0,0,2,0,0,0,0,0,0,0,1,3,0,0,0,0,0,75,2026
Tom Cole,12446,WC,ES,13,5,2,7,12,0,0,0,6,0,1,0,3,2,1,0,3,9,0,0,0,1,0,83,2026
Hamish Davis,13210,WC,ES,13,9,5,6,15,0,0,0,1,1,1,1,0,0,0,0,2,13,0,0,1,0,0,78,2026
Liam Duggan,12334,WC,ES,13,16,8,4,20,0,1,0,0,5,5,0,3,0,0,0,3,15,1,0,3,0,0,81,2026
Willem Duursma,13292,WC,ES,13,15,7,10,25,1,0,0,5,1,6,4,3,0,1,0,6,19,0,1,0,0,0,72,2026
Reuben Ginbey,13038,WC,ES,13,12,5,5,17,0,0,0,4,3,2,0,1,2,0,0,8,9,3,0,8,0,0,85,2026
Brady Hough,12957,WC,ES,13,8,5,5,13,0,0,0,2,0,3,0,0,1,0,0,2,10,0,1,1,0,0,74,2026
Harvey Johnston,13136,WC,ES,13,5,4,3,8,1,0,0,2,0,1,0,0,1,0,0,1,7,0,1,0,0,2,76,2026
Tim Kelly,12595,WC,ES,13,13,1,15,28,0,0,0,3,2,5,2,1,2,0,0,8,20,0,0,1,0,0,74,2026
Josh Lindsay,13293,WC,ES,13,13,5,6,19,0,0,0,0,4,2,0,3,0,1,0,3,11,0,0,2,0,0,69,2026
Ryan Maric,13070,WC,ES,13,8,5,9,17,0,1,0,1,2,0,1,1,0,1,0,5,12,0,0,1,0,1,76,2026
Tom McCarthy,13240,WC,ES,13,17,8,9,26,1,0,0,0,5,1,2,0,0,0,0,7,17,0,1,2,0,0,80,2026
Milan Murdock,13294,WC,ES,13,13,2,6,19,3,0,0,4,0,4,1,1,5,0,0,10,7,0,0,0,0,1,72,2026
Harley Reid,13111,WC,ES,13,10,1,14,24,1,4,0,2,1,3,4,9,5,4,0,11,17,0,1,1,0,1,80,2026
Jobe Shanahan,13247,WC,ES,13,5,6,1,6,1,1,0,1,0,1,0,3,0,2,0,2,5,1,2,4,0,1,82,2026
Jake Waterman,12601,WC,ES,13,14,9,2,16,3,3,0,1,0,3,0,3,1,1,0,2,14,0,7,2,0,1,85,2026
Bailey Williams,12836,WC,ES,13,4,2,7,11,1,0,17,0,0,1,4,2,2,1,0,11,3,2,0,1,0,0,77,2026
Jack Williams,12962,WC,ES,13,3,3,4,7,0,0,11,4,0,3,1,4,0,2,0,3,3,0,0,0,0,1,81,2026
Elliot Yeo,12087,WC,ES,13,7,3,8,15,0,2,0,5,0,3,1,1,2,0,0,7,8,0,2,1,0,1,70,2026
Tylar Young,13043,WC,ES,13,15,8,11,26,0,0,0,1,2,0,0,3,1,1,0,7,19,0,0,2,0,0,91,2026
Lachlan Blakiston,13237,ES,WC,13,7,2,4,11,0,0,0,1,5,0,3,2,0,1,0,6,5,0,0,4,0,0,100,2026
Nick Bryan,12899,ES,WC,13,5,0,7,12,0,0,28,1,0,0,4,5,0,5,0,5,8,0,0,5,0,0,79,2026
Nate Caddy,13148,ES,WC,13,7,3,3,10,2,1,0,5,0,2,1,2,2,1,0,5,5,0,1,0,1,2,92,2026
Nik Cox,12852,ES,WC,13,7,1,7,14,1,0,0,1,0,2,1,4,2,0,0,6,8,0,0,0,0,0,77,2026
Archer Day-Wicks,13223,ES,WC,13,8,2,2,10,2,2,0,3,0,1,0,2,0,0,0,4,5,1,2,0,0,0,75,2026
Xavier Duursma,12696,ES,WC,13,12,8,5,17,0,0,0,5,4,1,0,1,0,0,0,1,16,0,0,1,0,0,77,2026
Tom Edwards,13198,ES,WC,13,2,0,3,5,1,0,0,2,0,1,1,2,0,0,0,3,2,0,0,0,0,1,75,2026
Saad El-Hawli,13203,ES,WC,13,10,5,6,16,0,0,0,3,0,2,1,4,1,0,0,5,10,0,0,1,1,0,81,2026
Jacob Farrow,13299,ES,WC,13,9,3,8,17,0,0,0,3,2,2,0,1,2,1,0,6,10,0,0,0,0,0,82,2026
Jade Gresham,12415,ES,WC,13,6,0,6,12,0,0,0,3,0,2,0,3,1,1,0,3,8,0,0,0,1,1,72,2026
Max Kondogiannis,13282,ES,WC,13,2,0,8,10,0,0,0,0,2,1,0,2,0,1,0,2,9,0,0,3,0,1,76,2026
Kyle Langford,12349,ES,WC,13,12,7,9,21,0,0,0,2,6,1,2,5,3,2,0,9,14,1,0,6,0,0,88,2026
Archie May,13238,ES,WC,13,0,0,0,0,0,0,0,0,0,0,0,0,0,0,0,0,0,0,0,0,0,0,8,2026
Ben McKay,12580,ES,WC,13,9,3,5,14,1,1,6,3,1,4,6,2,3,1,0,9,3,1,1,1,0,0,82,2026
Zach Merrett,12241,ES,WC,13,13,3,15,28,1,0,0,6,0,3,2,3,1,0,0,9,16,2,1,0,0,0,80,2026
Darcy Parish,12406,ES,WC,13,10,5,17,27,0,0,0,2,0,2,4,8,2,2,0,10,18,0,1,0,0,0,75,2026
Archie Perkins,12879,ES,WC,13,9,3,10,19,0,0,0,2,0,3,1,5,0,2,0,5,15,0,0,0,0,2,84,2026
Jaxon Prior,12874,ES,WC,13,9,5,5,14,0,1,0,1,3,2,0,1,0,1,0,1,13,0,0,3,1,0,77,2026
Zach Reid,12889,ES,WC,13,11,5,3,14,0,0,0,1,4,0,0,2,0,0,0,2,9,1,0,9,0,0,86,2026
Archie Roberts,13168,ES,WC,13,18,2,13,31,0,0,0,1,10,0,1,5,0,4,0,6,14,1,0,0,0,0,90,2026
Sullivan Robey,13307,ES,WC,13,8,2,11,19,0,0,0,6,3,0,9,5,1,2,0,13,8,0,0,0,0,0,83,2026
Will Setterfield,12567,ES,WC,13,13,6,13,26,0,0,0,3,2,5,4,1,0,1,0,7,19,0,0,0,0,0,83,2026
Elijah Tsatas,13087,ES,WC,13,13,3,13,26,0,0,0,2,1,6,5,4,0,0,0,9,16,0,0,0,0,0,74,2026
Callum Ah Chee,12414,AD,GE,14,4,2,7,11,1,0,0,1,0,3,1,2,0,2,0,4,9,0,1,2,0,1,66,2026
Sam Berry,12849,AD,GE,14,9,1,11,20,1,0,0,9,2,0,3,2,0,0,0,11,10,0,0,0,0,0,77,2026
James Borlase,13086,AD,GE,14,3,1,4,7,0,0,0,1,0,1,0,0,0,0,0,2,6,0,0,10,0,0,95,2026
Jordon Butts,12829,AD,GE,14,5,4,5,10,0,0,0,1,1,0,2,1,1,0,0,6,4,1,0,4,0,0,71,2026
Brayden Cook,12932,AD,GE,14,15,1,3,18,0,1,0,4,3,6,2,3,0,1,0,5,13,0,1,2,1,0,80,2026
Daniel Curtin,13132,AD,GE,14,17,5,9,26,0,1,0,3,3,3,5,4,1,1,0,14,14,0,0,5,0,1,83,2026
Jordan Dawson,12516,AD,GE,14,17,7,5,22,3,0,0,9,2,2,1,5,1,2,0,8,10,2,1,2,0,0,89,2026
Darcy Fogarty,12584,AD,GE,14,7,3,4,11,0,3,0,2,0,2,0,2,0,0,0,2,8,0,1,1,0,1,83,2026
Hugo Hall-Kahan,13328,AD,GE,14,12,1,4,16,0,0,0,1,5,4,2,1,3,1,0,7,10,0,0,2,0,0,56,2026
Ben Keays,12434,AD,GE,14,12,2,4,16,2,0,0,2,0,3,4,2,0,0,0,4,6,0,0,1,0,2,81,2026
Rory Laird,12165,AD,GE,14,13,1,10,23,0,0,0,6,3,3,1,3,2,1,0,5,17,0,0,1,0,0,89,2026
Lachlan McAndrew,13065,AD,GE,14,5,4,11,16,0,0,51,7,1,3,2,1,0,0,0,11,6,2,0,4,0,1,75,2026
Max Michalanney,13027,AD,GE,14,9,5,5,14,0,0,0,2,1,0,0,0,0,0,0,1,12,0,0,2,0,0,85,2026
Wayne Milera,12405,AD,GE,14,20,2,4,24,0,0,0,1,6,3,2,6,0,4,0,6,13,0,0,2,0,0,88,2026
Toby Murray,13280,AD,GE,14,5,2,1,6,0,0,10,2,1,2,0,4,1,3,0,4,3,1,0,0,0,0,43,2026
Luke Nankervis,13081,AD,GE,14,4,0,6,10,0,0,0,2,1,0,0,2,2,1,0,9,2,0,0,2,0,0,65,2026
Alex Neal-Bullen,12367,AD,GE,14,6,3,9,15,1,1,0,5,0,1,3,1,2,0,0,7,8,0,1,3,0,2,87,2026
James Peatling,12934,AD,GE,14,11,3,9,20,0,0,0,8,3,3,7,3,1,0,0,12,9,0,0,0,0,0,67,2026
Josh Rachele,12953,AD,GE,14,10,2,2,12,0,2,0,8,1,3,0,3,1,2,0,3,7,1,1,1,0,1,91,2026
Jake Soligo,12952,AD,GE,14,13,0,9,22,0,0,0,5,4,5,5,1,4,0,0,8,10,0,0,1,1,0,73,2026
Zac Taylor,13159,AD,GE,14,5,4,6,11,1,0,0,6,1,1,1,0,0,0,0,6,6,1,0,0,0,1,81,2026
Taylor Walker,11713,AD,GE,14,7,3,6,13,2,1,0,1,0,2,1,3,2,2,0,7,6,1,1,4,0,1,87,2026
Josh Worrell,12912,AD,GE,14,10,3,12,22,0,0,0,2,3,0,2,1,0,0,0,11,7,0,0,7,0,0,87,2026
Tom Atkins,12690,GE,AD,14,7,1,9,16,0,0,0,5,1,2,4,3,2,2,0,7,10,0,0,2,0,1,78,2026
Mark Blicavs,12153,GE,AD,14,6,1,6,12,0,1,16,4,1,1,1,3,0,3,0,6,8,0,0,2,0,0,73,2026
Jack Bowes,12499,GE,AD,14,15,3,4,19,2,1,0,2,1,4,2,2,1,0,0,7,10,1,0,1,0,0,59,2026
Tanner Bruhn,12871,GE,AD,14,20,5,3,23,0,0,0,1,3,3,0,3,0,0,0,2,18,0,0,0,0,0,57,2026
Jeremy Cameron,12017,GE,AD,14,6,2,1,7,0,0,0,0,0,2,0,3,0,0,0,1,5,0,0,1,0,0,88,2026
Patrick Dangerfield,11700,GE,AD,14,18,4,12,30,1,1,0,1,1,7,7,6,4,1,0,16,13,0,0,1,0,2,72,2026
Sam De Koning,12891,GE,AD,14,7,1,18,25,0,0,16,4,0,1,11,3,1,1,0,23,2,1,0,3,0,1,76,2026
Oliver Dempsey,12974,GE,AD,14,5,3,9,14,1,0,0,1,0,3,1,0,1,0,0,10,4,2,1,1,0,0,89,2026
Zach Guthrie,12551,GE,AD,14,5,3,4,9,0,0,0,5,1,1,0,1,0,0,0,3,5,0,0,5,0,0,84,2026
Jack Henry,12607,GE,AD,14,5,4,3,8,1,0,2,2,0,1,0,1,0,0,0,5,3,1,0,7,0,1,88,2026
Oliver Henry,12851,GE,AD,14,7,5,6,13,1,2,0,1,1,3,1,3,0,2,0,6,7,2,0,1,0,0,77,2026
Max Holmes,12881,GE,AD,14,16,3,14,30,0,0,0,6,3,3,3,2,1,0,0,11,13,0,0,3,0,0,80,2026
Jake Kolodjashnij,12370,GE,AD,14,8,3,7,15,0,0,0,4,5,0,0,1,1,0,0,4,11,0,0,5,0,0,81,2026
Shaun Mannagh,13104,GE,AD,14,11,3,3,14,1,3,0,1,1,2,3,1,0,1,0,5,9,0,1,1,0,0,74,2026
Jack Martin,12236,GE,AD,14,6,3,5,11,2,1,0,2,0,1,2,3,1,2,0,8,4,2,1,2,0,0,72,2026
Gryan Miers,12689,GE,AD,14,9,2,16,25,0,0,0,5,1,0,0,6,1,1,0,10,15,0,1,0,0,0,83,2026
Oisin Mullin,13066,GE,AD,14,8,2,6,14,0,0,0,4,3,1,3,3,0,1,0,5,8,0,0,1,0,0,78,2026
Shannon Neale,12992,GE,AD,14,5,3,2,7,1,2,9,4,0,4,1,1,0,0,0,3,4,1,1,0,0,1,85,2026
Mark OConnor,12531,GE,AD,14,5,6,6,11,0,0,0,0,3,0,0,2,0,1,0,2,9,2,0,2,0,0,84,2026
Connor OSullivan,13122,GE,AD,14,17,7,7,24,0,0,0,1,3,3,0,4,3,3,0,11,13,1,0,8,0,0,87,2026
Bailey Smith,12692,GE,AD,14,19,3,15,34,0,0,0,5,4,4,6,6,1,3,0,17,14,0,0,0,0,0,81,2026
Tom Stewart,12505,GE,AD,14,9,2,6,15,0,0,0,2,5,1,0,0,1,0,0,4,6,0,0,3,0,0,80,2026
Oliver Wiltshire,13217,GE,AD,14,8,2,5,13,0,0,0,2,1,5,1,2,2,0,0,5,7,0,0,0,0,0,73,2026
Karl Amon,12357,HW,WB,14,18,8,6,24,0,0,0,1,2,2,0,1,0,0,0,2,20,0,0,0,0,0,82,2026
Josh Battle,12558,HW,WB,14,8,8,7,15,0,0,0,1,0,0,0,3,0,3,0,1,12,1,0,5,0,0,100,2026
Mabior Chol,12485,HW,WB,14,10,7,2,12,3,2,0,1,0,3,1,4,0,1,0,2,10,0,2,2,0,0,82,2026
Massimo DAmbrosio,12998,HW,WB,14,18,6,10,28,0,0,0,4,0,9,0,2,1,0,0,6,23,0,0,3,2,1,75,2026
Will Day,12794,HW,WB,14,11,5,14,25,1,0,0,8,3,3,7,2,1,0,0,11,14,0,1,3,0,0,67,2026
Jack Ginnivan,12927,HW,WB,14,14,6,12,26,0,3,0,2,0,7,1,2,0,0,0,5,19,1,1,0,0,0,88,2026
Blake Hardwick,12469,HW,WB,14,6,3,1,7,0,2,0,2,0,1,0,3,0,1,0,1,5,0,1,0,0,0,95,2026
Jarman Impey,12237,HW,WB,14,17,11,12,29,0,0,0,1,7,1,2,2,2,0,0,9,20,0,0,0,1,0,79,2026
Mitch Lewis,12636,HW,WB,14,4,1,5,9,0,2,0,2,0,1,0,3,2,0,0,3,6,0,0,1,0,2,81,2026
Bailey Macdonald,13069,HW,WB,14,2,4,11,13,0,0,0,3,0,0,0,1,0,1,0,4,9,0,0,2,0,0,77,2026
Connor Macdonald,12954,HW,WB,14,13,4,7,20,1,1,0,3,0,5,2,3,1,2,0,8,13,0,1,0,0,0,84,2026
Cam Mackenzie,13031,HW,WB,14,10,3,11,21,0,0,0,1,2,2,0,1,1,0,0,4,16,0,0,1,1,0,74,2026
Lloyd Meek,12856,HW,WB,14,10,3,6,16,0,1,21,3,0,2,5,4,2,0,0,13,2,3,2,3,0,0,56,2026
Dylan Moore,12710,HW,WB,14,5,5,12,17,0,1,0,3,1,2,1,1,0,0,0,5,13,1,0,1,0,2,84,2026
Cameron Nairn,13326,HW,WB,14,5,2,7,12,0,0,0,0,1,0,0,3,1,0,0,5,7,0,0,0,0,0,66,2026
Jai Newcombe,12915,HW,WB,14,17,4,19,36,0,0,0,3,4,8,9,7,4,1,0,18,18,1,0,2,0,1,80,2026
Flynn Perez,12841,HW,WB,14,4,2,9,13,0,0,0,5,0,1,0,5,1,4,0,6,7,0,0,1,0,0,76,2026
Ned Reeves,12906,HW,WB,14,6,2,3,9,1,0,21,4,0,2,2,2,1,0,0,3,6,0,0,0,0,0,44,2026
Bodie Ryan,13320,HW,WB,14,9,4,0,9,0,0,0,1,0,2,0,1,0,1,0,1,8,1,0,1,0,0,69,2026
James Sicily,12332,HW,WB,14,14,7,8,22,0,0,0,5,7,1,0,1,1,0,0,7,10,1,0,8,0,0,89,2026
Josh Ward,12955,HW,WB,14,13,6,16,29,0,0,0,3,0,6,4,3,1,1,0,9,21,0,0,1,0,0,82,2026
Nick Watson,13105,HW,WB,14,8,2,3,11,3,2,0,2,0,2,3,1,0,1,0,7,5,0,1,1,2,1,79,2026
Josh Weddle,13057,HW,WB,14,13,10,4,17,0,1,0,3,6,3,0,2,0,1,0,6,11,2,1,9,2,0,89,2026
Marcus Bontempelli,12269,WB,HW,14,14,3,10,24,2,0,0,7,3,5,6,5,1,1,0,10,13,0,1,1,0,1,81,2026
Lachlan Bramble,12916,WB,HW,14,12,4,6,18,0,0,0,4,3,1,0,1,2,0,0,4,11,0,0,1,4,0,78,2026
Connor Budarick,12769,WB,HW,14,7,2,2,9,0,0,0,2,3,0,0,3,0,1,0,2,4,0,0,3,0,0,82,2026
Nick Coffield,12608,WB,HW,14,12,6,3,15,0,0,0,1,4,1,0,0,1,0,0,5,10,0,0,3,0,0,77,2026
Jordan Croft,13265,WB,HW,14,8,4,2,10,3,0,0,2,0,1,0,4,3,1,0,6,5,1,0,2,0,0,82,2026
Bailey Dale,12354,WB,HW,14,24,6,12,36,1,0,0,1,11,0,0,4,1,0,0,8,15,0,0,1,4,0,78,2026
Tim English,12537,WB,HW,14,8,4,6,14,1,0,22,3,2,3,0,3,1,3,0,3,11,1,1,0,1,0,76,2026
Joel Freijah,13140,WB,HW,14,8,1,4,12,0,1,0,3,0,2,4,5,0,2,0,6,5,0,0,1,0,2,86,2026
Cooper Hynes,13213,WB,HW,14,14,3,7,21,0,0,0,2,3,6,2,1,0,0,0,6,13,0,0,2,0,1,80,2026
Arthur Jones,13046,WB,HW,14,10,3,8,18,1,0,0,1,1,3,0,6,1,0,0,7,11,0,0,2,2,0,84,2026
Matthew Kennedy,12455,WB,HW,14,9,4,13,22,0,0,0,3,0,3,3,8,0,6,0,8,15,0,0,0,0,0,73,2026
Buku Khamis,12900,WB,HW,14,6,3,4,10,0,0,0,2,4,0,0,4,1,1,0,3,5,0,0,11,0,0,100,2026
Will Lewis,13284,WB,HW,14,3,0,1,4,1,0,0,2,0,1,0,2,2,2,0,4,2,0,0,1,0,0,81,2026
Rory Lobb,12282,WB,HW,14,7,4,4,11,0,0,4,4,3,1,1,1,1,0,0,7,6,0,0,3,0,0,84,2026
Lachlan McNeil,12854,WB,HW,14,0,1,3,3,0,0,0,3,0,0,0,0,0,0,0,1,2,0,0,0,0,0,15,2026
Aaron Naughton,12594,WB,HW,14,4,4,6,10,1,0,0,2,0,1,0,1,0,1,0,7,3,3,1,1,0,1,89,2026
James ODonnell,13061,WB,HW,14,8,4,3,11,0,0,0,0,4,1,0,3,0,0,0,2,9,0,0,9,0,0,100,2026
Ed Richards,12605,WB,HW,14,20,3,8,28,0,1,0,2,3,9,7,0,1,0,0,11,16,0,0,1,3,1,83,2026
Ryley Sanders,13103,WB,HW,14,10,2,13,23,0,0,0,5,0,3,7,1,0,0,0,10,11,0,0,0,0,0,80,2026
Michael Sellwood,13276,WB,HW,14,7,4,4,11,0,0,0,3,6,0,0,1,0,1,0,3,9,1,0,6,0,0,81,2026
Adam Treloar,12054,WB,HW,14,7,3,5,12,1,1,0,2,2,3,0,1,1,0,0,1,11,0,1,2,0,0,58,2026
Cody Weightman,12800,WB,HW,14,6,1,5,11,0,0,0,2,1,1,1,0,1,0,0,5,5,0,0,0,0,0,69,2026
Rhylee West,12748,WB,HW,14,7,3,3,10,1,2,0,2,0,0,2,2,0,0,0,3,6,0,1,1,0,0,84,2026
Charlie Comben,12938,NM,FR,14,9,8,2,11,0,0,0,1,3,1,0,0,0,0,0,0,11,0,0,5,0,0,80,2026
Paul Curtis,12975,NM,FR,14,3,3,4,7,0,1,0,6,0,1,1,1,0,1,0,2,5,0,1,2,0,0,82,2026
Caleb Daniel,12373,NM,FR,14,17,6,10,27,0,0,0,1,2,1,3,2,0,0,0,5,17,0,0,2,0,1,85,2026
Jack Darling,11905,NM,FR,14,5,4,5,10,1,0,0,0,0,1,0,1,0,0,0,6,4,2,1,0,0,0,73,2026
Luke Davies-Uniacke,12590,NM,FR,14,11,3,9,20,0,0,0,2,3,5,4,5,2,1,0,11,10,0,0,2,0,0,84,2026
Wil Dawson,13144,NM,FR,14,3,2,1,4,0,0,3,2,0,0,0,2,0,2,0,0,4,0,0,0,0,0,76,2026
Zane Duursma,13106,NM,FR,14,4,6,2,6,0,0,0,0,0,1,0,0,0,0,0,1,5,1,0,0,0,0,69,2026
Zac Fisher,12520,NM,FR,14,8,3,6,14,0,0,0,2,0,0,0,1,1,0,0,3,10,0,0,0,1,0,70,2026
Riley Hardeman,13130,NM,FR,14,6,3,2,8,0,0,0,0,3,1,0,1,0,0,0,0,8,0,0,1,0,0,41,2026
Jacob Konstanty,13186,NM,FR,14,4,1,4,8,0,0,0,1,0,1,1,3,0,1,0,2,5,0,0,0,0,0,71,2026
Nick Larkey,12563,NM,FR,14,6,4,1,7,1,1,0,1,0,1,0,0,2,0,0,3,4,1,0,0,0,0,87,2026
Griffin Logue,12511,NM,FR,14,6,3,5,11,0,0,0,0,3,1,0,2,0,2,0,4,8,0,0,2,1,0,88,2026
Luke McDonald,12246,NM,FR,14,10,7,6,16,0,0,0,1,4,0,0,5,0,3,0,1,15,0,0,3,0,0,90,2026
Colby McKercher,13107,NM,FR,14,10,3,9,19,0,0,0,2,1,2,3,4,0,3,0,6,13,0,0,0,1,0,78,2026
Luke Parker,11953,NM,FR,14,17,6,9,26,0,0,0,2,4,4,1,7,2,2,0,7,16,0,0,3,0,0,88,2026
Harry Sheezel,13034,NM,FR,14,10,7,17,27,0,0,0,2,2,2,3,4,0,1,0,10,17,0,0,0,0,0,81,2026
Jy Simpkin,12502,NM,FR,14,10,4,7,17,0,1,0,2,1,2,0,1,1,1,0,2,16,0,0,1,0,0,86,2026
Charlie Spargo,12622,NM,FR,14,8,8,5,13,0,0,0,2,1,3,0,1,0,1,0,2,11,0,0,0,0,0,79,2026
Dylan Stephens,12796,NM,FR,14,14,4,8,22,0,0,0,1,5,2,0,3,1,2,0,4,18,1,0,0,0,0,86,2026
Cooper Trembath,13263,NM,FR,14,12,7,2,14,1,0,4,2,1,1,2,1,2,0,0,3,9,1,1,1,0,0,87,2026
George Wardlaw,13064,NM,FR,14,6,1,5,11,1,0,0,7,0,0,7,2,2,0,0,9,4,0,0,4,0,0,67,2026
Tristan Xerri,12788,NM,FR,14,2,2,10,12,0,1,15,4,0,0,3,2,1,1,0,9,3,0,0,2,0,0,73,2026
Cameron Zurhaar,12557,NM,FR,14,12,6,3,15,0,1,0,2,0,2,1,5,0,1,0,6,8,1,0,3,0,0,80,2026
Jye Amiss,12983,FR,NM,14,8,6,2,10,2,1,0,1,0,0,0,1,2,0,0,6,4,3,4,1,0,0,92,2026
Shai Bolton,12535,FR,NM,14,14,7,13,27,0,0,0,4,1,4,3,4,2,3,0,7,22,0,0,0,2,2,84,2026
Andrew Brayshaw,12589,FR,NM,14,12,1,18,30,0,0,0,3,1,4,9,1,1,0,0,13,18,0,0,5,2,0,80,2026
Heath Chapman,12875,FR,NM,14,8,7,4,12,0,0,0,1,0,1,0,1,0,1,0,1,11,0,0,2,1,0,84,2026
Jordan Clark,12688,FR,NM,14,12,7,7,19,0,0,0,1,3,3,1,2,0,1,0,2,16,0,0,2,2,0,84,2026
Mason Cox,12428,FR,NM,14,1,1,2,3,0,0,14,2,0,0,1,2,0,1,0,2,1,1,0,0,0,0,59,2026
Isaiah Dudley,13204,FR,NM,14,5,1,7,12,1,0,0,0,0,1,0,2,0,1,0,5,6,0,0,0,1,0,72,2026
Neil Erasmus,12966,FR,NM,14,8,6,14,22,1,0,0,10,0,4,2,3,1,1,0,9,15,0,0,1,0,1,81,2026
Michael Frederick,12801,FR,NM,14,7,5,4,11,2,1,0,0,0,2,0,0,1,0,0,1,10,0,2,0,0,2,81,2026
Luke Jackson,12779,FR,NM,14,6,4,13,19,3,0,22,1,1,3,4,3,1,2,0,5,14,0,1,1,0,1,73,2026
Oscar McDonald,12394,FR,NM,14,12,6,2,14,0,0,0,1,4,1,0,1,0,0,0,3,11,1,0,6,0,1,92,2026
Judd McVee,13033,FR,NM,14,7,3,9,16,0,0,0,0,3,2,1,2,2,0,0,2,13,0,0,1,7,1,79,2026
Nathan ODriscoll,12960,FR,NM,14,9,4,14,23,0,1,0,1,2,3,1,2,2,0,0,5,17,0,0,1,1,1,72,2026
Jaeger OMeara,12141,FR,NM,14,6,5,10,16,0,0,0,3,1,2,3,3,1,1,0,6,12,0,0,1,0,2,66,2026
Alex Pearce,12352,FR,NM,14,3,3,1,4,0,0,0,0,2,0,0,1,0,0,0,2,2,1,0,2,0,0,68,2026
Murphy Reid,13180,FR,NM,14,15,8,8,23,2,1,0,1,2,4,2,5,0,0,0,7,19,0,3,3,1,0,88,2026
Luke Ryan,12542,FR,NM,14,16,11,8,24,0,0,0,1,4,1,0,1,0,1,0,4,17,0,0,3,5,0,85,2026
Sam Switkowski,12672,FR,NM,14,7,3,6,13,3,0,0,1,0,3,3,0,1,0,0,6,7,0,1,0,1,1,69,2026
Josh Treacy,12887,FR,NM,14,9,6,4,13,4,0,0,1,1,1,0,3,3,0,0,5,8,1,5,2,0,0,82,2026
Patrick Voss,13129,FR,NM,14,16,10,4,20,4,4,0,2,0,6,0,3,2,0,0,6,14,1,6,1,0,3,81,2026
Corey Wagner,12453,FR,NM,14,10,4,5,15,0,0,0,5,0,5,0,2,0,1,0,0,16,0,0,1,1,1,79,2026
Karl Worner,13075,FR,NM,14,11,6,3,14,0,0,0,0,2,1,0,1,0,0,0,1,11,0,0,2,1,0,84,2026
Hayden Young,12777,FR,NM,14,12,4,11,23,2,0,0,4,1,6,7,5,3,0,0,11,11,0,0,1,0,1,66,2026
Harris Andrews,12340,BL,GC,14,7,5,5,12,0,0,0,1,2,0,0,0,1,0,0,6,5,2,0,5,0,0,96,2026
Noah Answerth,12718,BL,GC,14,6,1,3,9,0,0,0,0,1,2,0,1,1,0,0,3,5,0,0,4,0,1,77,2026
Levi Ashcroft,13197,BL,GC,14,10,8,4,14,0,1,0,0,2,2,1,2,0,1,0,4,12,0,1,1,0,0,81,2026
Will Ashcroft,13040,BL,GC,14,14,5,8,22,0,1,0,3,1,5,2,2,0,0,0,5,14,0,0,0,0,2,78,2026
Zac Bailey,12610,BL,GC,14,13,5,11,24,0,0,0,2,2,5,2,4,0,2,0,5,18,0,0,0,0,2,80,2026
Jarrod Berry,12519,BL,GC,14,15,6,4,19,1,1,0,3,2,5,3,4,2,0,0,8,9,1,1,0,1,0,67,2026
Shadeau Brain,13142,BL,GC,14,11,4,2,13,0,0,0,0,2,4,0,3,1,0,0,2,11,0,0,3,0,1,81,2026
Charlie Cameron,12277,BL,GC,14,14,5,4,18,2,1,0,2,1,1,0,2,1,1,0,4,11,0,2,0,0,1,76,2026
Sam Draper,12810,BL,GC,14,9,2,0,9,1,1,16,1,1,3,2,2,1,1,0,2,5,0,1,1,0,2,61,2026
Josh Dunkley,12408,BL,GC,14,11,3,8,19,0,2,0,7,1,4,4,5,2,1,0,12,8,0,1,4,0,0,75,2026
Jaspa Fletcher,13072,BL,GC,14,6,0,7,13,0,0,0,2,3,1,0,1,0,0,0,2,9,0,0,0,2,0,87,2026
Darcy Fort,12724,BL,GC,14,9,7,3,12,1,0,3,1,0,4,3,3,1,1,0,7,6,2,1,5,0,0,67,2026
Ty Gallop,13235,BL,GC,14,4,5,2,6,1,1,1,4,0,1,0,7,0,2,0,4,4,1,3,1,0,0,73,2026
Darcy Gardiner,12267,BL,GC,14,3,2,3,6,0,0,0,3,2,0,0,2,1,1,0,3,3,0,0,3,0,0,87,2026
Darragh Joyce,12654,BL,GC,14,7,6,1,8,0,0,0,0,1,0,0,2,0,1,0,2,5,1,0,3,0,0,84,2026
Kai Lohmann,12968,BL,GC,14,6,3,6,12,0,0,0,4,1,3,1,1,1,1,0,5,7,0,0,1,0,2,78,2026
Conor McKenna,12391,BL,GC,14,5,1,3,8,1,1,0,4,0,3,0,3,2,2,0,4,4,0,1,2,1,0,77,2026
Logan Morris,13137,BL,GC,14,17,9,0,17,7,4,0,1,0,6,0,2,3,1,0,9,7,4,5,1,0,1,72,2026
Lachie Neale,12055,BL,GC,14,18,5,19,37,0,0,0,3,1,5,10,3,3,0,0,19,16,0,0,1,1,0,86,2026
Cam Rayner,12592,BL,GC,14,8,1,6,14,0,0,0,4,0,5,2,2,2,0,0,4,10,0,0,0,0,1,80,2026
Bruce Reville,13138,BL,GC,14,11,5,5,16,0,0,0,3,2,4,0,1,0,1,0,4,12,0,0,0,0,1,71,2026
James Tunstill,13005,BL,GC,14,5,1,5,10,1,0,0,0,0,0,1,3,0,1,0,4,5,0,0,2,0,0,77,2026
Darcy Wilmot,13026,BL,GC,14,20,9,5,25,0,0,0,2,5,2,0,2,1,1,0,5,15,1,0,2,1,0,86,2026
Oscar Adams,13251,GC,BL,14,8,3,4,12,0,0,0,2,3,0,0,4,2,2,0,4,7,0,0,2,0,0,68,2026
Noah Anderson,12767,GC,BL,14,13,5,12,25,0,1,0,3,3,5,4,6,1,3,0,12,15,1,0,0,3,0,95,2026
Mac Andrew,13019,GC,BL,14,11,7,4,15,1,0,0,0,4,2,0,3,2,1,0,6,9,1,0,6,0,0,90,2026
Sam Collins,12444,GC,BL,14,9,5,6,15,0,0,0,2,2,0,0,2,2,1,0,5,10,0,0,7,0,0,97,2026
Will Graham,13120,GC,BL,14,3,1,1,4,0,1,0,2,0,1,0,0,0,0,0,3,1,1,0,1,0,1,45,2026
Lachlan Gulbin,13272,GC,BL,14,3,1,9,12,0,0,0,0,0,1,0,2,0,0,0,2,8,0,0,2,0,0,85,2026
Bailey Humphrey,13049,GC,BL,14,6,3,6,12,0,1,0,3,0,2,1,5,0,4,0,4,8,1,1,0,0,0,77,2026
Joel Jeffrey,12933,GC,BL,14,8,4,2,10,0,0,0,3,2,3,1,0,0,0,0,1,9,0,0,0,0,2,83,2026
Ben King,12728,GC,BL,14,6,6,2,8,4,2,0,0,0,0,0,1,0,1,0,2,6,1,6,0,0,0,91,2026
Leo Lombard,13232,GC,BL,14,5,0,14,19,0,0,0,4,0,4,0,5,0,2,0,9,13,0,0,1,0,2,89,2026
Ben Long,12521,GC,BL,14,7,2,6,13,2,0,0,0,0,2,0,4,1,2,0,7,5,1,1,2,0,0,75,2026
Touk Miller,12331,GC,BL,14,11,8,13,24,0,1,0,3,0,2,0,1,1,1,0,2,22,1,0,0,0,1,80,2026
Ned Moyle,13050,GC,BL,14,5,3,4,9,0,0,21,4,1,3,3,1,2,0,0,8,2,2,0,2,0,1,76,2026
Jai Murray,13332,GC,BL,14,6,4,3,9,0,0,0,0,1,1,0,0,0,0,0,2,7,0,0,0,0,0,75,2026
John Noble,12743,GC,BL,14,23,15,13,36,0,0,0,1,11,3,0,2,2,0,0,8,26,1,0,0,1,1,86,2026
Christian Petracca,12430,GC,BL,14,7,5,13,20,1,1,0,1,0,5,6,5,1,1,0,10,10,1,0,0,0,0,85,2026
Wil Powell,12652,GC,BL,14,13,4,4,17,0,0,0,0,6,0,0,1,1,1,0,5,9,0,0,2,0,0,80,2026
Daniel Rioli,12403,GC,BL,14,15,2,12,27,0,1,0,0,9,3,0,4,0,1,0,3,18,0,0,0,7,0,86,2026
Matt Rowell,12768,GC,BL,14,9,2,7,16,1,0,0,5,0,2,3,2,1,0,0,6,9,0,0,0,0,1,82,2026
Bodhi Uwland,13041,GC,BL,14,15,6,8,23,0,0,0,0,5,1,1,4,0,2,0,4,13,0,0,5,2,1,88,2026
Jed Walter,13114,GC,BL,14,5,4,2,7,2,0,0,1,0,2,0,2,1,0,0,3,4,1,2,0,0,0,92,2026
Lachie Weller,12385,GC,BL,14,4,2,4,8,0,0,0,0,0,0,0,1,0,0,0,2,6,0,0,0,0,0,30,2026
Jarrod Witts,12177,GC,BL,14,4,1,0,4,0,0,16,1,3,1,2,3,1,1,0,3,1,1,0,2,0,0,45,2026
Aliir Aliir,12433,PA,WC,14,10,5,2,12,0,0,0,2,2,0,0,3,1,2,0,7,5,0,0,5,0,0,100,2026
Joe Berry,13188,PA,WC,14,5,2,3,8,2,1,0,1,0,0,0,0,0,0,0,3,5,0,1,1,0,0,78,2026
Jase Burgoyne,13007,PA,WC,14,17,5,7,24,0,1,0,4,5,2,2,3,0,0,0,5,14,0,1,1,0,0,83,2026
Zak Butters,12698,PA,WC,14,9,0,18,27,0,0,0,1,2,2,7,3,4,0,0,17,10,0,0,2,1,0,84,2026
Darcy Byrne-Jones,12422,PA,WC,14,14,4,10,24,0,0,0,1,9,1,1,3,1,2,0,6,14,0,0,0,0,0,86,2026
Tom Cochrane,13205,PA,WC,14,7,2,2,9,1,2,0,6,0,5,0,5,0,1,0,5,5,0,2,1,0,3,77,2026
Willem Drew,12695,PA,WC,14,8,3,9,17,0,0,0,5,2,3,3,2,0,0,0,8,10,0,0,3,0,0,86,2026
Corey Durdin,12936,PA,WC,14,10,3,2,12,1,2,0,2,0,3,0,4,1,1,0,3,8,1,2,0,2,1,76,2026
Logan Evans,13156,PA,WC,14,14,6,6,20,0,0,0,5,4,1,1,4,0,1,0,4,14,2,0,3,0,0,88,2026
Mitch Georgiades,12766,PA,WC,14,10,9,5,15,1,2,0,0,0,1,0,2,0,0,0,5,12,2,3,3,0,1,89,2026
Jason Horne-Francis,12956,PA,WC,14,13,6,5,18,3,1,0,3,1,3,4,1,4,1,0,7,11,0,2,1,2,0,80,2026
Lachie Jones,12882,PA,WC,14,6,3,6,12,0,0,0,3,2,2,0,0,0,0,0,4,6,0,0,2,0,0,73,2026
Josh Lai,13301,PA,WC,14,2,1,2,4,0,0,0,2,1,0,0,0,1,0,0,2,2,0,0,2,0,0,45,2026
Ewan Mackinlay,13269,PA,WC,14,7,2,2,9,0,0,0,1,2,2,1,1,0,0,0,1,8,0,0,0,0,1,92,2026
Todd Marshall,12575,PA,WC,14,6,3,2,8,1,0,0,2,0,2,0,2,1,2,0,3,5,0,1,0,0,1,66,2026
Jackson Mead,12946,PA,WC,14,8,2,7,15,0,0,0,7,3,4,4,2,0,0,0,6,7,0,0,0,0,0,70,2026
Christian Moraes,13199,PA,WC,14,5,3,2,7,1,0,0,1,0,2,0,0,0,0,0,3,4,0,1,0,0,0,56,2026
Esava Ratugolea,12597,PA,WC,14,9,9,7,16,0,0,0,4,3,1,1,2,0,0,0,10,6,4,0,8,0,0,93,2026
Joe Richards,13139,PA,WC,14,11,3,7,18,0,0,0,7,2,4,3,3,1,1,0,8,10,0,0,1,2,1,84,2026
Jordon Sweet,12890,PA,WC,14,6,2,10,16,1,1,38,1,0,2,7,2,0,1,0,10,5,1,1,4,0,0,86,2026
Jacob Wehr,12991,PA,WC,14,9,3,3,12,0,0,0,2,4,2,1,2,0,1,0,4,7,0,1,1,0,0,79,2026
Jack Whitlock,13259,PA,WC,14,3,0,1,4,0,1,3,0,1,1,0,4,1,2,0,1,3,0,0,2,0,0,69,2026
Ollie Wines,12150,PA,WC,14,9,6,10,19,0,0,0,3,2,5,4,2,2,1,0,10,9,0,1,0,1,1,60,2026
Bo Allan,13221,WC,PA,14,10,4,4,14,1,0,0,1,2,2,1,2,0,0,0,5,9,1,1,0,0,1,82,2026
Liam Baker,12661,WC,PA,14,11,5,10,21,0,0,0,2,1,4,0,1,0,1,0,5,17,0,0,3,0,1,85,2026
Rhett Bazzo,13000,WC,PA,14,4,4,7,11,0,0,0,0,0,1,0,3,2,2,0,7,4,2,0,8,0,0,88,2026
Malakai Champion,13250,WC,PA,14,2,0,2,4,0,1,0,2,0,0,2,3,1,2,0,3,1,0,0,0,0,0,63,2026
Tom Cole,12446,WC,PA,14,10,2,4,14,2,1,0,3,0,5,1,3,2,0,0,3,8,0,2,0,0,0,82,2026
Hamish Davis,13210,WC,PA,14,1,0,16,17,0,0,0,1,0,0,3,2,0,1,0,9,9,0,0,1,0,0,71,2026
Cooper Duff-Tytler,13291,WC,PA,14,2,3,7,9,0,1,7,4,0,0,2,0,0,0,0,3,6,0,1,2,0,0,71,2026
Liam Duggan,12334,WC,PA,14,12,3,6,18,0,1,0,2,2,3,0,0,0,0,0,4,14,0,0,4,0,0,83,2026
Willem Duursma,13292,WC,PA,14,8,1,15,23,1,0,0,6,2,3,2,6,2,1,0,12,11,1,0,0,0,0,73,2026
Reuben Ginbey,13038,WC,PA,14,7,5,5,12,0,0,0,1,2,2,0,0,0,0,0,6,6,1,0,3,0,1,56,2026
Brady Hough,12957,WC,PA,14,7,4,3,10,1,0,0,5,2,0,0,3,0,2,0,3,7,0,0,0,0,0,79,2026
Harvey Johnston,13136,WC,PA,14,3,3,5,8,0,0,0,1,0,0,1,1,0,0,0,2,6,0,0,0,0,1,78,2026
Tim Kelly,12595,WC,PA,14,16,5,10,26,0,1,0,4,4,5,6,5,1,1,0,10,17,0,1,0,1,1,77,2026
Ryan Maric,13070,WC,PA,14,10,3,6,16,0,0,0,1,1,4,0,4,2,2,0,5,12,0,0,0,0,1,81,2026
Tom McCarthy,13240,WC,PA,14,23,11,8,31,0,0,0,3,9,3,0,2,0,0,0,5,20,0,0,0,1,0,83,2026
Milan Murdock,13294,WC,PA,14,6,3,10,16,0,0,0,6,1,0,0,2,1,0,0,3,13,0,0,0,0,0,78,2026
Harley Reid,13111,WC,PA,14,8,2,17,25,0,1,0,5,0,6,7,4,0,2,0,10,14,1,0,0,1,0,81,2026
Jobe Shanahan,13247,WC,PA,14,7,5,2,9,1,1,0,2,1,3,0,1,0,0,0,3,6,0,3,0,0,0,87,2026
Brandon Starcevich,12668,WC,PA,14,8,1,5,13,0,0,0,4,4,1,2,4,0,2,0,8,4,0,0,2,0,0,71,2026
Jake Waterman,12601,WC,PA,14,14,11,5,19,3,2,0,3,0,2,0,4,2,0,0,5,15,1,5,1,0,1,89,2026
Bailey Williams,12836,WC,PA,14,8,4,4,12,0,0,29,3,2,5,3,2,0,0,0,7,6,1,0,4,0,0,82,2026
Elliot Yeo,12087,WC,PA,14,12,7,3,15,1,0,0,7,1,5,4,1,1,1,0,5,9,0,2,2,0,0,71,2026
Tylar Young,13043,WC,PA,14,8,4,6,14,0,0,0,2,2,2,0,1,2,0,0,7,7,0,0,1,0,0,89,2026
Ryan Byrnes,12802,SK,SY,14,6,2,7,13,0,0,0,4,0,0,1,2,0,0,0,2,11,0,0,1,0,0,80,2026
Anthony Caminiti,13035,SK,SY,14,1,1,7,8,0,0,0,2,3,0,0,0,0,0,0,6,2,0,0,6,0,0,84,2026
Tom De Koning,12674,SK,SY,14,5,1,10,15,2,1,9,3,0,3,5,6,1,4,0,13,3,0,1,0,0,0,82,2026
Hugo Garcia,13125,SK,SY,14,14,4,15,29,0,1,0,6,2,7,9,4,1,1,0,13,15,0,0,0,1,1,70,2026
Max Hall,13193,SK,SY,14,13,5,14,27,1,0,0,5,2,5,4,1,0,0,0,12,16,0,0,3,1,1,79,2026
Angus Hastie,13116,SK,SY,14,5,2,4,9,0,0,0,8,0,2,0,1,1,1,0,2,8,0,0,3,0,0,78,2026
Bradley Hill,12060,SK,SY,14,14,6,10,24,1,0,0,2,4,1,0,1,0,1,0,3,19,0,0,1,1,0,89,2026
Campbell Lake,13331,SK,SY,14,5,3,6,11,0,0,0,2,0,4,1,2,0,2,0,5,7,0,0,1,1,0,72,2026
Jack Macrae,12166,SK,SY,14,5,0,14,19,0,0,0,4,1,1,3,3,1,0,0,10,9,0,0,0,0,1,59,2026
Rowan Marshall,12564,SK,SY,14,12,4,13,25,0,1,17,3,3,3,9,3,3,2,0,15,10,1,1,2,0,0,80,2026
Mitch Owens,12948,SK,SY,14,5,1,4,9,1,1,0,0,0,2,0,2,2,2,0,5,5,0,1,1,0,0,79,2026
Mattaes Phillipou,13036,SK,SY,14,1,1,3,4,0,0,0,2,0,1,1,3,1,2,0,4,2,0,0,0,0,0,78,2026
Liam Ryan,12600,SK,SY,14,9,4,3,12,5,1,0,0,0,2,0,1,2,0,0,7,6,1,3,0,1,2,76,2026
Cooper Sharman,12929,SK,SY,14,7,6,6,13,2,0,0,0,2,3,0,3,0,0,0,6,8,2,3,2,0,3,93,2026
Jack Silvagni,12458,SK,SY,14,10,6,5,15,0,0,0,3,5,2,0,3,2,2,0,4,10,1,0,2,1,0,94,2026
Jack Sinclair,12325,SK,SY,14,17,5,11,28,1,0,0,2,7,1,2,2,1,0,0,8,16,0,0,2,0,1,81,2026
Liam Stocker,12721,SK,SY,14,7,2,5,12,0,0,0,3,1,2,0,0,1,0,0,4,7,0,0,0,0,0,65,2026
Alix Tauru,13243,SK,SY,14,3,3,3,6,0,0,0,0,1,0,0,0,0,0,0,1,5,0,0,5,0,0,42,2026
Nasiah Wanganeen-Milera,12950,SK,SY,14,22,1,10,32,1,2,0,2,2,7,6,5,0,0,0,8,21,0,0,2,5,0,76,2026
Callum Wilkie,12703,SK,SY,14,17,6,7,24,0,0,0,1,8,2,0,3,0,0,0,4,15,0,0,6,3,0,100,2026
Darcy Wilson,13110,SK,SY,14,15,6,10,25,1,3,0,2,3,6,0,5,0,1,0,7,17,1,0,0,5,1,84,2026
Marcus Windhager,12967,SK,SY,14,16,1,8,24,0,1,0,0,2,3,3,7,1,1,0,6,17,0,0,0,0,0,83,2026
Mason Wood,12312,SK,SY,14,7,5,6,13,0,0,0,1,2,2,0,1,1,0,0,4,9,0,0,0,0,1,75,2026
Joel Amartey,12844,SY,SK,14,4,1,7,11,1,2,0,1,0,0,0,2,0,1,0,5,7,0,1,1,0,0,80,2026
Riley Bice,13195,SY,SK,14,13,4,12,25,0,0,0,2,0,1,2,2,0,0,0,6,14,0,0,2,0,0,82,2026
Nick Blakey,12699,SY,SK,14,20,8,6,26,0,0,0,3,7,4,0,2,0,1,0,1,19,0,0,3,6,0,81,2026
Caiden Cleary,13157,SY,SK,14,4,4,13,17,0,2,0,6,0,3,0,3,0,1,0,7,10,0,1,0,0,0,82,2026
Charlie Curnow,12421,SY,SK,14,14,4,1,15,2,3,0,0,0,6,0,3,2,1,0,7,8,1,2,3,0,1,97,2026
Will Edwards,13318,SY,SK,14,7,3,9,16,0,0,0,1,2,2,0,2,1,1,0,6,9,1,0,11,0,1,85,2026
Brodie Grundy,12217,SY,SK,14,7,0,9,16,0,0,30,3,2,2,7,3,4,3,0,14,4,0,0,3,0,0,82,2026
Isaac Heeney,12326,SY,SK,14,15,1,15,30,2,1,0,6,1,5,8,6,1,2,0,11,16,0,0,2,0,2,84,2026
James Jordon,12860,SY,SK,14,9,2,10,19,0,0,0,6,2,3,3,2,1,0,0,3,16,0,0,0,0,0,77,2026
Harry Kyle,13327,SY,SK,14,6,1,7,13,0,0,0,2,3,0,1,1,1,0,0,5,7,0,0,1,0,0,67,2026
Jake Lloyd,12268,SY,SK,14,11,4,16,27,0,1,0,3,3,7,1,3,1,0,0,6,23,0,0,4,1,0,88,2026
Tom McCartin,12627,SY,SK,14,10,7,1,11,0,0,0,2,2,0,0,3,2,1,0,2,9,0,0,4,0,0,58,2026
Logan McDonald,12861,SY,SK,14,11,11,10,21,1,2,0,1,2,1,0,1,0,0,0,4,17,2,3,0,0,1,83,2026
Justin McInerney,12711,SY,SK,14,8,3,6,14,1,1,0,3,1,3,2,3,1,0,0,5,9,0,0,0,0,0,38,2026
Hayden McLean,12745,SY,SK,14,6,2,4,10,2,0,7,0,1,2,1,4,0,0,0,6,4,1,1,6,0,1,71,2026
Callum Mills,12413,SY,SK,14,10,6,15,25,0,0,0,1,6,0,0,3,0,0,0,6,17,0,0,5,0,0,84,2026
Matt Roberts,12994,SY,SK,14,7,3,7,14,0,0,0,1,0,2,0,1,0,0,0,4,10,0,0,1,0,0,85,2026
Malcolm Rosas,12903,SY,SK,14,6,3,6,12,2,0,0,4,0,5,2,3,2,2,0,6,6,0,1,1,3,0,78,2026
James Rowbottom,12714,SY,SK,14,11,0,6,17,1,1,0,4,1,5,4,5,0,0,0,11,7,0,0,4,0,0,79,2026
Jai Serong,13022,SY,SK,14,13,8,15,28,1,0,0,0,6,2,0,3,1,0,0,10,17,1,0,3,0,0,87,2026
Angus Sheldrick,12951,SY,SK,14,5,3,12,17,0,0,0,7,0,2,1,2,0,1,0,6,12,0,0,0,0,0,69,2026
Chad Warner,12797,SY,SK,14,16,5,13,29,2,1,0,2,1,7,2,4,0,1,0,8,20,0,1,0,2,1,81,2026
Sam Wicks,12818,SY,SK,14,14,7,8,22,0,0,0,1,4,1,0,6,2,3,0,6,14,0,0,0,3,0,81,2026
Blake Acres,12276,CA,ES,14,13,10,9,22,0,1,0,3,1,2,1,1,0,0,0,6,18,1,1,1,0,1,87,2026
Ben Ainsworth,12498,CA,ES,14,14,6,6,20,1,1,0,3,1,2,2,2,0,1,0,5,15,0,0,0,0,0,76,2026
Talor Byrne,13297,CA,ES,14,6,3,1,7,2,2,0,3,0,1,0,1,2,0,0,2,5,0,2,0,0,0,59,2026
Adam Cerra,12603,CA,ES,14,12,11,6,18,0,0,0,2,1,4,2,0,0,0,0,4,14,0,0,0,1,1,73,2026
Lachlan Cowan,13028,CA,ES,14,9,6,4,13,0,0,0,1,6,1,0,2,0,0,0,2,11,0,0,4,1,0,78,2026
Patrick Cripps,12261,CA,ES,14,10,4,13,23,0,1,0,5,2,4,3,4,0,3,0,6,15,1,1,0,0,0,86,2026
Harry Dean,13273,CA,ES,14,10,8,5,15,0,0,0,0,3,0,0,0,1,0,0,3,12,0,0,5,0,0,90,2026
Wade Derksen,13303,CA,ES,14,6,4,9,15,0,0,0,1,3,0,0,5,0,1,0,6,9,0,0,3,0,0,85,2026
Francis Evans,12873,CA,ES,14,9,2,2,11,0,0,0,3,2,1,0,2,1,1,0,3,8,0,0,1,0,1,73,2026
Oliver Florent,12497,CA,ES,14,12,4,3,15,0,0,0,1,3,3,0,3,0,2,0,3,9,0,0,1,2,1,78,2026
Nick Haynes,12091,CA,ES,14,11,8,6,17,0,0,0,1,4,0,0,2,1,0,0,3,14,0,2,7,0,0,92,2026
Will Hayward,12509,CA,ES,14,9,3,8,17,1,0,0,1,1,0,0,3,3,2,0,4,14,0,1,1,0,0,79,2026
George Hewett,12411,CA,ES,14,11,6,16,27,1,0,0,4,0,4,4,2,1,0,0,11,15,0,0,0,0,1,78,2026
Jack Ison,13321,CA,ES,14,5,3,2,7,0,1,0,1,0,1,0,2,0,1,0,2,5,0,1,3,0,0,67,2026
Brodie Kemp,12937,CA,ES,14,9,7,2,11,2,1,0,2,0,3,0,1,1,1,0,2,9,0,2,2,0,2,90,2026
Mitch McGovern,12404,CA,ES,14,6,4,3,9,0,0,0,2,1,1,0,0,1,0,0,4,5,1,0,3,0,0,78,2026
Harry McKay,12566,CA,ES,14,10,7,6,16,3,2,2,1,0,4,5,2,2,2,0,10,5,2,1,0,0,0,83,2026
Nic Newman,12508,CA,ES,14,17,6,6,23,0,0,0,2,4,2,0,2,1,2,0,3,17,0,0,1,0,0,80,2026
Marc Pittonet,12417,CA,ES,14,5,1,7,12,0,0,23,4,0,2,5,4,2,3,0,9,4,0,0,3,0,1,71,2026
Jagga Smith,13274,CA,ES,14,6,3,18,24,0,0,0,0,0,1,3,4,0,2,0,9,15,0,0,1,1,0,72,2026
Sam Walsh,12684,CA,ES,14,6,3,18,24,0,0,0,4,3,3,2,5,1,2,0,3,21,0,0,0,0,0,76,2026
Billy Wilson,13244,CA,ES,14,18,6,6,24,0,0,0,0,3,1,1,2,1,1,0,4,17,0,0,0,0,0,76,2026
Flynn Young,13245,CA,ES,14,6,4,6,12,0,0,0,1,1,5,0,0,1,0,0,3,9,0,0,2,0,1,71,2026
Lachlan Blakiston,13237,ES,CA,14,5,3,5,10,0,0,9,1,3,0,3,2,3,2,0,8,4,1,0,4,0,0,75,2026
Nick Bryan,12899,ES,CA,14,4,2,8,12,0,0,22,4,0,3,4,2,3,1,0,8,7,0,0,2,0,0,71,2026
Nate Caddy,13148,ES,CA,14,5,5,1,6,1,1,0,1,0,2,0,1,1,1,0,4,3,2,2,2,0,1,92,2026
Nik Cox,12852,ES,CA,14,5,7,6,11,0,0,0,1,1,1,2,2,0,1,0,5,9,1,0,2,0,0,78,2026
Archer Day-Wicks,13223,ES,CA,14,4,2,8,12,0,0,0,1,1,1,0,3,1,0,0,5,7,0,0,1,1,0,81,2026
Sam Durham,12925,ES,CA,14,16,10,14,30,1,0,0,5,2,7,3,2,0,0,0,11,20,0,1,2,0,0,80,2026
Xavier Duursma,12696,ES,CA,14,7,4,15,22,0,0,0,3,1,2,1,1,2,1,0,7,16,0,0,0,0,0,81,2026
Hussien El Achkar,13281,ES,CA,14,4,2,2,6,2,1,0,1,0,0,0,0,0,0,0,3,3,0,2,0,0,0,71,2026
Saad El-Hawli,13203,ES,CA,14,4,1,4,8,0,0,0,0,1,2,0,5,1,1,0,3,5,0,0,0,1,0,58,2026
Jacob Farrow,13299,ES,CA,14,11,8,6,17,0,0,0,0,3,2,2,1,1,1,0,7,10,0,0,0,1,1,79,2026
Harry Jones,12853,ES,CA,14,3,4,6,9,1,0,0,0,0,0,1,1,0,1,0,3,6,0,1,0,0,1,71,2026
Max Kondogiannis,13282,ES,CA,14,6,3,2,8,1,0,0,0,0,1,0,1,0,0,0,1,7,0,0,0,1,0,63,2026
Kyle Langford,12349,ES,CA,14,11,6,6,17,0,0,0,0,4,1,0,3,0,2,0,7,10,2,0,5,0,0,94,2026
Ben McKay,12580,ES,CA,14,8,7,1,9,2,2,0,0,0,1,0,4,1,0,0,3,6,2,5,0,0,1,93,2026
Zach Merrett,12241,ES,CA,14,23,8,10,33,0,0,0,3,4,5,1,7,1,0,0,4,26,0,0,4,2,0,87,2026
Archie Perkins,12879,ES,CA,14,8,5,9,17,0,0,0,1,0,3,0,3,0,1,0,2,15,0,0,0,0,0,71,2026
Jaxon Prior,12874,ES,CA,14,13,8,9,22,0,0,0,3,2,2,0,0,3,0,0,7,13,2,0,4,1,1,82,2026
Mason Redman,12437,ES,CA,14,9,5,3,12,1,0,0,1,3,2,0,1,1,1,0,0,11,0,0,3,0,2,71,2026
Zach Reid,12889,ES,CA,14,16,10,5,21,1,0,0,1,4,0,0,0,1,0,0,9,10,4,1,5,1,0,91,2026
Archie Roberts,13168,ES,CA,14,15,3,7,22,0,1,0,3,3,3,1,3,0,2,0,4,17,0,0,1,0,1,91,2026
Sullivan Robey,13307,ES,CA,14,8,5,7,15,0,1,0,6,0,3,4,4,1,3,0,7,9,1,0,2,0,0,75,2026
Will Setterfield,12567,ES,CA,14,17,4,12,29,0,0,0,4,3,5,6,4,1,1,0,10,19,0,0,1,0,0,79,2026
Elijah Tsatas,13087,ES,CA,14,11,3,14,25,0,0,0,0,0,3,7,0,3,0,0,14,9,0,0,0,0,0,67,2026
Jake Bowey,12931,ME,CW,14,13,4,6,19,0,1,0,1,3,2,0,4,0,0,0,6,10,0,0,3,0,0,80,2026
Kade Chandler,12756,ME,CW,14,7,1,12,19,0,0,0,6,0,7,3,2,1,1,0,9,9,1,0,0,0,2,86,2026
Paddy Cross,13300,ME,CW,14,5,2,4,9,1,0,0,2,1,2,1,1,0,0,0,2,8,1,0,2,0,1,65,2026
Bayley Fritsch,12598,ME,CW,14,10,2,5,15,3,1,0,4,0,4,2,1,1,0,0,7,9,2,2,0,0,2,92,2026
Max Gawn,11966,ME,CW,14,13,5,9,22,0,0,46,1,2,7,6,2,1,0,0,8,12,0,0,3,0,0,90,2026
Blake Howes,13098,ME,CW,14,8,5,8,16,0,0,0,4,3,0,2,0,0,0,0,7,9,0,0,4,0,0,82,2026
Luker Kentfield,13330,ME,CW,14,3,3,1,4,1,0,5,4,0,0,0,1,0,0,0,2,2,1,2,1,0,0,59,2026
Ed Langdon,12393,ME,CW,14,9,3,14,23,0,0,0,1,2,5,1,0,0,0,0,6,17,0,0,4,0,1,100,2026
Harvey Langford,13184,ME,CW,14,12,6,14,26,1,1,0,4,0,2,1,4,2,1,0,9,17,0,1,0,1,1,74,2026
Jake Lever,12351,ME,CW,14,11,9,4,15,0,0,0,1,6,1,0,0,0,0,0,5,10,2,0,6,0,0,100,2026
Tom McDonald,12009,ME,CW,14,9,5,2,11,0,0,0,1,4,0,0,5,0,2,0,3,7,1,0,5,1,0,95,2026
Brody Mihocek,12639,ME,CW,14,1,1,0,1,0,0,0,0,0,0,0,2,0,1,0,1,1,1,0,1,0,0,33,2026
Harry Petty,12653,ME,CW,14,7,6,7,14,2,1,0,1,0,3,0,2,1,1,0,5,9,2,2,3,0,2,85,2026
Kysaiah Pickett,12771,ME,CW,14,20,5,8,28,3,1,0,2,2,5,5,8,1,3,0,9,18,0,3,3,2,0,84,2026
Latrelle Pickett,13286,ME,CW,14,4,3,3,7,0,1,0,2,0,1,1,4,1,2,0,5,5,0,1,0,1,0,48,2026
Trent Rivers,12778,ME,CW,14,6,3,11,17,0,0,0,3,3,0,0,1,0,0,0,6,10,0,0,2,0,0,68,2026
Harry Sharp,12864,ME,CW,14,10,2,6,16,0,0,0,2,2,5,3,4,2,2,0,7,9,0,0,1,0,2,81,2026
Tom Sparrow,12693,ME,CW,14,11,4,13,24,0,0,0,6,2,3,4,5,1,1,0,8,15,0,0,1,0,0,74,2026
Jack Steele,12368,ME,CW,14,9,2,17,26,0,0,0,6,2,3,5,2,1,0,0,13,12,1,0,0,1,0,80,2026
Koltyn Tholstrup,13123,ME,CW,14,14,4,3,17,0,0,0,3,8,1,1,1,1,0,0,4,9,0,0,4,1,0,78,2026
Daniel Turner,12996,ME,CW,14,7,6,7,14,0,0,0,6,5,0,0,4,0,2,0,2,11,0,0,4,0,0,97,2026
Jacob van Rooyen,13048,ME,CW,14,9,7,3,12,1,2,1,1,0,4,0,2,1,0,0,2,10,1,2,2,0,0,87,2026
Caleb Windsor,13099,ME,CW,14,10,1,6,16,0,1,0,1,0,5,0,2,0,0,0,4,11,0,0,0,2,0,62,2026
Edward Allan,13146,CW,ME,14,11,2,10,21,0,1,0,5,1,7,4,5,1,1,0,9,12,0,0,0,1,0,68,2026
Angus Anderson,13306,CW,ME,14,6,3,4,10,1,0,0,1,1,2,0,4,0,2,0,3,8,0,0,1,0,0,76,2026
Jack Buller,13071,CW,ME,14,4,2,4,8,2,0,0,1,0,0,1,1,0,0,0,5,3,2,2,3,0,0,74,2026
Darcy Cameron,12660,CW,ME,14,5,5,14,19,0,0,15,1,1,2,7,2,0,0,0,14,5,2,0,0,0,0,89,2026
Jack Crisp,12061,CW,ME,14,6,4,10,16,0,0,0,7,0,2,0,6,1,3,0,7,9,0,0,2,0,0,85,2026
Josh Daicos,12573,CW,ME,14,19,7,11,30,0,0,0,1,5,6,1,1,2,1,0,4,25,0,0,0,2,1,90,2026
Nick Daicos,12943,CW,ME,14,16,6,19,35,2,0,0,1,4,7,6,6,0,1,0,12,20,0,1,1,2,1,93,2026
Jordan de Goey,12318,CW,ME,14,10,5,11,21,2,2,0,2,1,2,3,4,2,0,0,5,16,2,3,0,0,0,82,2026
Billy Frampton,12676,CW,ME,14,8,4,8,16,0,0,0,3,1,1,0,2,1,2,0,7,8,0,0,9,0,0,91,2026
Harvey Harrison,13068,CW,ME,14,6,2,5,11,0,0,0,6,0,1,1,2,0,0,0,3,8,0,0,0,0,2,74,2026
Dan Houston,12495,CW,ME,14,8,6,4,12,0,0,0,3,1,1,1,2,0,0,0,2,9,1,0,1,1,1,83,2026
Jeremy Howe,11967,CW,ME,14,16,3,1,17,0,0,0,0,6,0,0,3,0,1,0,3,6,2,0,10,0,0,95,2026
Patrick Lipinski,12578,CW,ME,14,9,7,19,28,0,0,0,0,4,1,1,3,1,0,0,7,20,0,0,1,0,0,81,2026
Brayden Maynard,12371,CW,ME,14,6,1,2,8,0,0,0,2,3,1,0,0,0,0,0,1,7,0,0,0,0,0,27,2026
Beau McCreery,12876,CW,ME,14,4,1,11,15,0,0,0,11,1,3,3,3,0,0,0,7,9,0,0,2,1,0,78,2026
Daniel McStay,12291,CW,ME,14,5,3,6,11,2,2,8,5,0,1,2,0,2,0,0,8,3,1,2,0,0,1,57,2026
Tim Membrey,12300,CW,ME,14,5,4,6,11,0,1,0,2,0,3,0,3,0,0,0,3,9,1,2,1,0,0,77,2026
Scott Pendlebury,4182,CW,ME,14,10,2,10,20,0,1,0,2,1,0,3,4,0,1,0,5,15,0,0,0,0,0,78,2026
Harry Perryman,12536,CW,ME,14,16,3,4,20,0,0,0,6,7,3,2,2,1,0,0,6,13,0,0,2,0,0,86,2026
Mitch Podhajski,13329,CW,ME,14,8,3,5,13,1,1,0,2,0,3,0,3,1,0,0,5,7,0,2,1,0,1,64,2026
Isaac Quaynor,12740,CW,ME,14,8,4,9,17,0,0,0,2,5,0,0,2,1,1,0,4,12,0,0,4,0,0,81,2026
Lachie Schultz,12700,CW,ME,14,12,3,7,19,0,1,0,4,2,7,3,3,2,1,0,9,12,0,1,1,0,1,87,2026
Roan Steele,13248,CW,ME,14,10,2,8,18,1,0,0,3,4,4,1,5,1,0,0,8,8,0,0,0,0,1,85,2026
Sam Berry,12849,AD,WB,15,13,3,16,29,0,0,0,4,0,5,11,3,5,1,0,17,13,0,0,1,0,0,71,2026
James Borlase,13086,AD,WB,15,11,6,4,15,0,0,0,2,3,0,0,1,3,0,0,9,8,2,0,10,0,0,88,2026
Brayden Cook,12932,AD,WB,15,14,8,5,19,1,0,0,2,1,3,0,3,0,1,0,4,16,0,1,0,0,0,81,2026
Daniel Curtin,13132,AD,WB,15,12,7,2,14,0,0,0,5,4,3,1,4,1,1,0,6,7,2,0,1,0,0,84,2026
Jordan Dawson,12516,AD,WB,15,20,7,12,32,3,0,0,8,1,6,7,1,1,0,0,17,14,1,2,0,2,3,78,2026
Darcy Fogarty,12584,AD,WB,15,7,5,4,11,1,0,0,5,0,2,0,1,0,0,0,4,6,1,1,1,0,1,84,2026
Hugo Hall-Kahan,13328,AD,WB,15,15,4,8,23,0,0,0,1,3,4,0,4,1,1,0,8,13,0,0,2,0,0,79,2026
Ben Keays,12434,AD,WB,15,10,2,13,23,1,0,0,2,0,3,0,5,1,2,0,10,11,0,1,0,0,5,86,2026
Rory Laird,12165,AD,WB,15,18,12,17,35,0,0,0,2,5,3,3,2,1,0,0,8,25,0,0,2,0,1,82,2026
Lachlan McAndrew,13065,AD,WB,15,7,5,8,15,0,0,36,0,0,2,4,2,2,1,0,11,6,4,0,2,0,0,73,2026
Max Michalanney,13027,AD,WB,15,8,5,11,19,0,0,0,2,4,1,0,2,0,1,0,4,15,1,0,1,0,0,75,2026
Wayne Milera,12405,AD,WB,15,16,6,8,24,1,0,0,2,3,2,0,1,0,0,0,5,16,0,0,3,0,1,76,2026
Nick Murray,12872,AD,WB,15,14,5,5,19,0,0,0,2,10,0,0,2,2,0,0,3,13,0,0,11,0,0,88,2026
Toby Murray,13280,AD,WB,15,4,2,2,6,1,2,13,4,0,0,1,3,1,2,0,4,3,1,2,2,0,0,63,2026
Luke Nankervis,13081,AD,WB,15,8,6,9,17,0,0,0,3,1,2,1,0,2,0,0,4,13,1,0,0,0,1,85,2026
Alex Neal-Bullen,12367,AD,WB,15,5,4,9,14,0,1,0,7,0,0,0,2,0,1,0,5,10,0,0,1,0,0,90,2026
James Peatling,12934,AD,WB,15,14,2,10,24,0,0,0,5,0,1,2,2,1,0,0,9,16,0,0,1,0,1,75,2026
Luke Pedlar,12921,AD,WB,15,2,1,2,4,2,0,0,1,0,0,0,1,0,1,0,1,3,0,1,0,0,0,35,2026
Josh Rachele,12953,AD,WB,15,10,2,6,16,4,0,0,4,0,4,1,4,1,2,0,5,11,0,1,0,0,1,82,2026
Jake Soligo,12952,AD,WB,15,12,4,9,21,0,0,0,8,3,1,0,7,0,2,0,6,12,0,0,0,0,0,76,2026
Zac Taylor,13159,AD,WB,15,11,4,6,17,2,0,0,3,0,5,0,1,2,0,0,4,12,0,0,2,1,1,80,2026
Riley Thilthorpe,12892,AD,WB,15,10,7,4,14,3,1,5,3,0,1,2,3,0,1,0,8,6,3,4,1,0,0,79,2026
Josh Worrell,12912,AD,WB,15,15,7,5,20,0,0,0,0,6,2,0,3,2,2,0,3,15,0,0,0,0,1,88,2026
Marcus Bontempelli,12269,WB,AD,15,16,4,13,29,0,0,0,4,4,7,7,2,0,1,0,12,19,0,0,2,0,0,82,2026
Lachlan Bramble,12916,WB,AD,15,14,4,7,21,0,1,0,5,4,2,2,1,0,1,0,6,14,0,0,2,2,0,80,2026
Connor Budarick,12769,WB,AD,15,13,8,7,20,0,0,0,0,2,2,1,1,1,0,0,5,14,0,0,2,4,0,78,2026
Nick Coffield,12608,WB,AD,15,9,7,11,20,0,0,0,1,2,0,2,2,4,0,0,8,13,0,0,2,0,0,80,2026
Jordan Croft,13265,WB,AD,15,6,0,4,10,0,1,1,1,1,5,4,4,2,2,0,7,4,0,0,2,0,0,69,2026
Bailey Dale,12354,WB,AD,15,14,3,7,21,0,0,0,1,2,0,1,2,0,0,0,5,11,0,0,0,0,0,79,2026
Tim English,12537,WB,AD,15,6,3,5,11,0,0,27,2,1,1,3,3,1,2,0,5,5,0,0,2,0,0,81,2026
Joel Freijah,13140,WB,AD,15,9,4,6,15,1,1,0,4,1,1,3,2,0,1,0,6,9,0,0,0,0,2,77,2026
Cooper Hynes,13213,WB,AD,15,8,3,7,15,1,0,0,3,1,4,2,5,0,1,0,8,7,0,0,1,0,0,82,2026
Arthur Jones,13046,WB,AD,15,4,3,3,7,2,0,0,4,0,2,0,1,2,1,0,3,4,1,0,2,0,0,73,2026
Luke Kennedy,13333,WB,AD,15,2,0,8,10,0,0,0,3,0,0,0,0,0,0,0,7,3,0,0,0,0,0,67,2026
Matthew Kennedy,12455,WB,AD,15,15,4,14,29,0,1,0,7,3,2,5,4,1,2,0,11,14,0,0,0,0,0,72,2026
Buku Khamis,12900,WB,AD,15,7,4,4,11,0,0,0,2,1,1,0,0,0,0,0,3,7,1,0,10,0,0,94,2026
Will Lewis,13284,WB,AD,15,4,0,1,5,0,0,0,1,0,1,0,4,2,3,0,3,2,0,0,2,0,1,70,2026
Rory Lobb,12282,WB,AD,15,4,5,4,8,0,0,2,1,0,1,1,2,0,2,0,2,6,0,0,6,0,0,89,2026
Aaron Naughton,12594,WB,AD,15,6,3,5,11,2,2,0,1,0,1,0,4,1,2,0,6,4,1,2,0,0,2,77,2026
James ODonnell,13061,WB,AD,15,10,2,4,14,0,0,0,0,2,2,1,0,2,0,0,4,9,0,0,18,0,0,97,2026
Ed Richards,12605,WB,AD,15,23,5,5,28,1,0,0,9,2,11,5,10,1,3,0,9,19,0,0,0,3,0,84,2026
Ryley Sanders,13103,WB,AD,15,7,1,12,19,0,1,0,3,1,0,2,2,0,1,0,7,12,0,0,1,0,0,79,2026
Michael Sellwood,13276,WB,AD,15,5,1,2,7,0,0,0,4,2,1,0,2,1,1,0,2,4,0,0,3,0,0,80,2026
Adam Treloar,12054,WB,AD,15,5,2,5,10,0,1,0,1,0,1,1,0,0,0,0,6,3,1,1,0,0,0,55,2026
Cody Weightman,12800,WB,AD,15,8,1,0,8,1,1,0,1,0,2,0,0,0,0,0,3,5,0,0,1,0,0,71,2026
Rhylee West,12748,WB,AD,15,10,5,5,15,1,0,0,3,1,6,0,6,1,3,0,7,8,0,0,2,0,0,84,2026
Oscar Adams,13251,GC,GE,15,5,4,7,12,0,0,0,1,0,1,0,6,1,5,0,5,7,0,0,2,1,0,75,2026
Noah Anderson,12767,GC,GE,15,20,3,9,29,0,1,0,11,5,5,6,4,1,0,0,9,18,0,1,1,3,2,83,2026
Mac Andrew,13019,GC,GE,15,6,5,5,11,0,0,6,2,2,0,0,2,1,1,0,4,8,0,0,4,0,0,89,2026
Charlie Ballard,12625,GC,GE,15,4,5,6,10,0,0,0,1,1,0,1,3,1,1,0,2,9,0,1,3,0,1,53,2026
Sam Clohesy,13119,GC,GE,15,9,4,11,20,0,0,0,4,3,2,0,4,1,1,0,8,11,0,0,1,0,1,80,2026
Sam Collins,12444,GC,GE,15,13,8,8,21,0,0,0,2,4,1,0,4,2,1,0,9,14,1,0,9,1,0,94,2026
Lachlan Gulbin,13272,GC,GE,15,6,1,6,12,0,1,0,2,0,3,0,3,1,2,0,4,10,0,0,1,0,0,68,2026
Bailey Humphrey,13049,GC,GE,15,4,1,5,9,0,0,0,1,0,3,0,4,1,3,0,3,7,0,0,2,0,0,80,2026
Joel Jeffrey,12933,GC,GE,15,11,5,9,20,0,0,0,4,0,4,0,1,1,1,0,4,14,1,0,3,5,0,71,2026
Ben Jepson,13257,GC,GE,15,4,4,6,10,0,0,0,2,1,1,1,1,1,1,0,3,6,0,0,1,0,0,72,2026
Ben King,12728,GC,GE,15,8,7,2,10,3,1,0,2,0,2,0,2,1,0,0,2,7,1,5,0,0,0,95,2026
Leo Lombard,13232,GC,GE,15,4,3,11,15,1,0,0,2,2,2,3,2,0,2,0,5,11,0,1,0,0,0,81,2026
Ben Long,12521,GC,GE,15,4,4,2,6,0,2,0,0,0,0,0,3,0,0,0,2,4,1,2,3,0,0,61,2026
Touk Miller,12331,GC,GE,15,7,4,18,25,0,0,0,3,1,2,3,4,0,0,0,8,19,1,0,1,0,0,79,2026
Ned Moyle,13050,GC,GE,15,6,0,8,14,0,0,43,2,1,3,2,3,1,0,0,10,2,0,0,2,0,0,84,2026
Jai Murray,13332,GC,GE,15,10,7,9,19,0,0,0,3,1,4,0,6,1,1,0,4,15,0,0,0,0,0,63,2026
John Noble,12743,GC,GE,15,22,6,8,30,0,0,0,4,13,2,2,3,0,1,0,2,25,0,0,0,0,0,84,2026
Christian Petracca,12430,GC,GE,15,10,2,11,21,1,1,0,2,2,2,2,3,3,2,0,9,14,0,0,2,1,1,89,2026
Daniel Rioli,12403,GC,GE,15,11,5,16,27,0,0,0,6,2,3,2,2,1,0,0,7,16,0,0,0,5,0,85,2026
Matt Rowell,12768,GC,GE,15,11,4,15,26,1,1,0,5,3,2,6,1,2,1,0,10,15,0,0,0,0,0,82,2026
Bodhi Uwland,13041,GC,GE,15,13,5,7,20,0,0,0,1,2,3,1,0,0,0,0,4,14,0,0,8,0,1,82,2026
Zeke Uwland,13278,GC,GE,15,8,4,6,14,1,2,0,3,2,1,0,2,0,0,0,2,12,0,1,0,0,0,77,2026
Jed Walter,13114,GC,GE,15,4,4,4,8,1,1,0,1,0,1,0,1,0,1,0,1,7,0,3,1,0,0,72,2026
Tom Atkins,12690,GE,GC,15,6,1,11,17,1,0,0,8,0,3,6,4,1,3,0,10,8,0,0,1,0,1,77,2026
Mark Blicavs,12153,GE,GC,15,4,3,10,14,0,0,3,2,0,1,2,1,1,0,0,7,8,2,0,3,0,0,76,2026
Tanner Bruhn,12871,GE,GC,15,6,3,5,11,0,0,0,2,1,1,0,0,0,0,0,2,9,0,0,1,0,1,66,2026
Jeremy Cameron,12017,GE,GC,15,10,5,3,13,3,5,0,0,0,3,0,2,2,1,0,3,8,0,1,0,0,0,91,2026
Patrick Dangerfield,11700,GE,GC,15,13,1,9,22,1,1,0,1,0,5,2,5,3,0,0,8,12,0,1,2,0,1,67,2026
Sam De Koning,12891,GE,GC,15,5,2,12,17,0,1,5,2,2,3,4,1,0,1,0,11,6,0,0,1,0,0,65,2026
Oliver Dempsey,12974,GE,GC,15,12,6,8,20,2,1,0,2,2,3,1,4,0,2,0,9,11,1,2,1,1,1,93,2026
Mitchell Edwards,13285,GE,GC,15,3,1,5,8,0,0,28,4,1,2,1,0,1,0,0,3,4,1,0,1,0,0,72,2026
Zach Guthrie,12551,GE,GC,15,8,5,6,14,0,1,0,3,4,2,2,1,1,0,0,2,11,0,0,3,0,0,78,2026
Jack Henry,12607,GE,GC,15,6,3,2,8,0,0,0,0,1,2,0,1,1,1,0,2,4,0,0,3,0,0,71,2026
Oliver Henry,12851,GE,GC,15,7,4,4,11,2,2,0,2,0,2,1,3,0,3,0,5,9,2,2,2,0,0,81,2026
Max Holmes,12881,GE,GC,15,20,6,11,31,1,0,0,2,11,3,4,2,0,0,0,8,15,1,0,1,3,0,85,2026
Lawson Humphries,13160,GE,GC,15,14,2,4,18,0,0,0,3,8,2,0,2,1,0,0,5,11,0,0,2,2,1,75,2026
Jake Kolodjashnij,12370,GE,GC,15,5,2,5,10,0,0,0,1,2,1,0,2,0,1,0,4,5,0,0,3,0,0,74,2026
Shaun Mannagh,13104,GE,GC,15,10,2,7,17,0,0,0,2,0,5,4,2,2,1,0,11,7,0,0,2,2,3,74,2026
Jack Martin,12236,GE,GC,15,2,0,4,6,0,0,0,4,0,3,1,2,1,2,0,5,4,0,0,1,0,0,77,2026
Oisin Mullin,13066,GE,GC,15,5,1,8,13,0,0,0,5,2,1,3,1,2,1,0,5,8,0,0,2,0,0,85,2026
Shannon Neale,12992,GE,GC,15,9,9,3,12,2,0,3,5,0,4,0,3,0,0,0,2,10,1,3,2,0,0,89,2026
Mark OConnor,12531,GE,GC,15,9,4,7,16,0,1,0,2,2,1,0,2,1,0,0,4,12,0,1,2,0,0,79,2026
Connor OSullivan,13122,GE,GC,15,8,4,3,11,0,0,0,1,2,0,1,2,2,1,0,6,4,2,0,5,0,1,93,2026
Bailey Smith,12692,GE,GC,15,19,3,8,27,0,0,0,6,0,10,5,6,2,2,0,11,15,0,0,0,1,1,83,2026
George Stevens,13249,GE,GC,15,2,2,9,11,0,0,0,4,0,1,2,1,1,0,0,5,6,0,0,1,0,1,60,2026
Oliver Wiltshire,13217,GE,GC,15,6,0,4,10,3,0,0,1,0,4,1,4,2,1,0,5,5,0,0,1,0,0,91,2026
Jake Bowey,12931,ME,ES,15,21,5,7,28,0,0,0,0,8,1,0,1,0,1,0,3,18,0,0,0,1,0,76,2026
Kade Chandler,12756,ME,ES,15,9,5,6,15,1,2,0,1,0,3,1,3,1,0,0,7,8,0,1,1,0,1,86,2026
Lukas Cooke,13334,ME,ES,15,4,4,3,7,0,0,0,0,1,1,0,2,0,0,0,2,5,1,0,0,0,0,32,2026
Paddy Cross,13300,ME,ES,15,6,3,6,12,0,0,0,2,1,2,0,0,1,0,0,6,8,0,0,1,0,1,70,2026
Joel Fitzgerald,13335,ME,ES,15,13,3,13,26,0,0,0,3,2,3,5,5,0,1,0,12,15,0,0,2,0,0,68,2026
Bayley Fritsch,12598,ME,ES,15,9,4,7,16,0,1,0,1,0,2,0,2,0,1,0,3,12,1,0,2,1,1,79,2026
Max Gawn,11966,ME,ES,15,14,2,10,24,2,0,29,1,2,3,10,3,3,2,0,14,9,0,0,1,0,0,81,2026
Blake Howes,13098,ME,ES,15,11,9,7,18,0,0,0,5,3,1,0,3,0,1,0,3,15,0,0,5,0,1,86,2026
Luker Kentfield,13330,ME,ES,15,4,2,1,5,0,2,5,2,1,1,0,3,0,2,0,2,3,0,1,2,0,1,68,2026
Ed Langdon,12393,ME,ES,15,16,10,10,26,1,0,0,2,6,3,0,0,0,0,0,6,21,0,0,4,1,1,86,2026
Harvey Langford,13184,ME,ES,15,7,4,11,18,0,2,0,1,0,1,2,3,0,1,0,10,9,0,0,0,0,0,76,2026
Bailey Laurie,13032,ME,ES,15,10,4,4,14,0,2,0,4,0,5,1,2,0,1,0,1,13,0,0,1,0,1,64,2026
Jake Lever,12351,ME,ES,15,6,5,9,15,0,0,0,0,0,1,0,2,2,2,0,9,7,1,0,3,0,0,100,2026
Jake Melksham,11820,ME,ES,15,5,3,3,8,2,0,0,1,0,3,0,2,1,0,0,4,4,0,1,4,0,0,78,2026
Harry Petty,12653,ME,ES,15,5,4,1,6,2,0,1,9,0,3,0,1,1,1,0,1,5,0,3,1,0,1,84,2026
Kysaiah Pickett,12771,ME,ES,15,26,5,6,32,3,1,0,2,3,5,4,3,3,0,0,9,20,0,0,5,1,0,80,2026
Trent Rivers,12778,ME,ES,15,13,10,10,23,1,0,0,3,1,6,1,2,0,1,0,5,19,0,0,2,1,1,76,2026
Harry Sharp,12864,ME,ES,15,9,7,11,20,0,0,0,2,0,4,0,0,1,0,0,3,16,0,0,0,0,2,93,2026
Tom Sparrow,12693,ME,ES,15,15,4,9,24,0,1,0,3,1,4,8,4,0,1,0,13,11,0,0,1,0,0,76,2026
Jack Steele,12368,ME,ES,15,6,1,15,21,0,0,0,7,1,5,6,2,1,1,0,12,10,0,0,2,0,0,76,2026
Koltyn Tholstrup,13123,ME,ES,15,18,5,6,24,0,0,0,0,3,0,0,1,1,0,0,10,10,1,0,3,0,0,81,2026
Daniel Turner,12996,ME,ES,15,17,10,3,20,0,1,0,1,2,6,0,2,0,0,0,1,18,0,0,8,0,0,100,2026
Jacob van Rooyen,13048,ME,ES,15,5,2,4,9,1,1,0,1,0,0,0,0,2,0,0,4,4,0,2,0,0,0,83,2026
Lachlan Blakiston,13237,ES,ME,15,4,3,5,9,0,0,5,5,4,0,0,1,2,1,0,5,6,0,0,4,0,0,80,2026
Nick Bryan,12899,ES,ME,15,4,1,3,7,0,0,24,2,2,2,3,5,2,3,0,4,3,0,0,3,0,0,81,2026
Nate Caddy,13148,ES,ME,15,10,4,2,12,1,1,0,0,1,1,0,4,2,0,0,4,7,2,3,1,0,0,87,2026
Nik Cox,12852,ES,ME,15,9,4,13,22,1,0,0,0,1,2,0,1,1,0,0,4,17,0,0,2,0,1,79,2026
Archer Day-Wicks,13223,ES,ME,15,5,3,5,10,0,1,0,4,0,2,0,2,1,1,0,4,6,0,1,2,0,1,79,2026
Sam Durham,12925,ES,ME,15,10,3,13,23,0,1,0,8,1,0,4,3,2,1,0,9,13,0,0,2,0,0,80,2026
Xavier Duursma,12696,ES,ME,15,13,10,11,24,0,0,0,1,2,2,1,3,0,1,0,6,19,0,0,2,0,0,80,2026
Hussien El Achkar,13281,ES,ME,15,5,2,3,8,1,1,0,1,0,1,0,1,0,0,0,5,4,0,2,1,0,0,76,2026
Jacob Farrow,13299,ES,ME,15,15,10,7,22,0,0,0,1,6,4,0,3,0,1,0,7,17,0,0,1,0,0,82,2026
Harry Jones,12853,ES,ME,15,3,0,0,3,0,0,0,2,0,1,0,1,0,0,0,0,2,0,0,1,0,0,78,2026
Kyle Langford,12349,ES,ME,15,5,5,7,12,0,0,0,2,3,0,0,1,1,0,0,4,6,1,0,4,0,0,70,2026
Ben McKay,12580,ES,ME,15,5,5,1,6,1,3,0,1,0,1,0,2,1,1,0,2,4,1,3,2,0,1,79,2026
Zach Merrett,12241,ES,ME,15,19,5,13,32,0,0,0,6,6,4,5,3,1,0,0,7,24,0,0,1,1,0,86,2026
Archie Perkins,12879,ES,ME,15,8,7,6,14,0,0,0,2,3,5,0,1,0,0,0,2,12,0,0,1,0,0,84,2026
Jaxon Prior,12874,ES,ME,15,13,6,2,15,0,0,0,1,4,1,0,2,0,2,0,2,10,0,0,7,1,1,91,2026
Mason Redman,12437,ES,ME,15,14,7,10,24,0,0,0,2,2,1,1,3,0,2,0,7,17,1,0,7,0,1,90,2026
Zach Reid,12889,ES,ME,15,7,4,3,10,0,1,0,1,2,2,0,2,1,1,0,2,8,0,1,8,0,0,88,2026
Jordan Ridley,12631,ES,ME,15,9,3,2,11,0,0,1,0,1,0,0,1,0,0,0,2,5,1,0,3,0,0,63,2026
Archie Roberts,13168,ES,ME,15,10,3,2,12,0,0,0,1,5,1,1,1,0,1,0,4,6,1,0,0,1,0,40,2026
Sullivan Robey,13307,ES,ME,15,3,0,6,9,1,0,0,3,0,1,2,4,0,1,0,3,7,0,0,0,0,0,79,2026
Will Setterfield,12567,ES,ME,15,20,6,14,34,1,1,0,3,3,6,7,2,1,1,0,12,22,0,1,0,0,0,84,2026
Dyson Sharp,13283,ES,ME,15,7,3,10,17,0,0,0,2,0,1,2,1,1,0,0,6,10,0,0,0,0,1,81,2026
Elijah Tsatas,13087,ES,ME,15,10,6,12,22,0,1,0,3,1,2,3,2,0,0,0,7,15,0,1,0,0,0,65,2026
Tom Blamires,13287,NM,WC,15,14,3,10,24,0,0,0,3,4,5,1,2,0,1,0,4,19,0,0,0,1,2,89,2026
Charlie Comben,12938,NM,WC,15,6,4,4,10,0,0,0,3,2,0,0,0,4,0,0,5,5,1,0,4,1,0,98,2026
Paul Curtis,12975,NM,WC,15,11,4,4,15,0,2,0,7,0,4,0,2,1,1,0,4,11,1,2,2,0,0,87,2026
Caleb Daniel,12373,NM,WC,15,12,1,3,15,0,1,0,1,2,2,0,0,1,0,0,2,9,0,0,1,0,0,77,2026
Jack Darling,11905,NM,WC,15,7,7,3,10,4,1,0,2,0,0,0,1,1,0,0,6,4,3,5,2,0,1,78,2026
Luke Davies-Uniacke,12590,NM,WC,15,10,3,10,20,0,0,0,9,0,2,2,6,1,4,0,10,11,0,0,0,0,0,80,2026
Zane Duursma,13106,NM,WC,15,1,1,1,2,0,0,0,1,0,0,1,0,0,0,0,1,1,0,0,0,0,0,50,2026
Taylor Goad,13336,NM,WC,15,4,0,0,4,0,0,20,1,1,2,1,2,1,1,0,1,3,0,0,2,0,0,37,2026
Cooper Harvey,13077,NM,WC,15,11,6,3,14,0,0,0,4,3,1,0,2,0,1,0,2,12,1,0,1,0,0,76,2026
Jacob Konstanty,13186,NM,WC,15,5,2,4,9,0,1,0,1,0,0,0,2,1,1,0,3,6,0,1,1,0,0,69,2026
Nick Larkey,12563,NM,WC,15,9,5,2,11,4,1,0,0,0,2,0,1,3,0,0,5,6,2,1,0,0,1,86,2026
Griffin Logue,12511,NM,WC,15,4,4,2,6,0,0,0,1,2,0,1,0,1,0,0,1,5,0,0,7,0,0,92,2026
Luke McDonald,12246,NM,WC,15,8,4,9,17,0,0,0,3,0,1,1,1,1,0,0,5,10,0,0,1,0,0,89,2026
Colby McKercher,13107,NM,WC,15,7,0,5,12,0,0,0,5,3,2,0,0,0,0,0,2,9,0,0,1,3,0,82,2026
Luke Parker,11953,NM,WC,15,17,9,5,22,0,0,0,1,7,2,0,5,0,1,0,4,14,0,0,1,3,1,85,2026
Harry Sheezel,13034,NM,WC,15,13,7,20,33,1,2,0,5,0,9,10,2,1,0,0,15,18,0,1,0,0,0,83,2026
Jy Simpkin,12502,NM,WC,15,8,5,12,20,0,1,0,3,1,1,2,4,2,3,0,7,13,0,1,3,2,0,80,2026
Charlie Spargo,12622,NM,WC,15,5,4,2,7,0,1,0,4,0,1,0,3,0,2,0,1,6,0,2,0,0,1,70,2026
Dylan Stephens,12796,NM,WC,15,13,9,10,23,0,1,0,3,6,1,4,3,2,3,0,9,16,0,1,2,0,0,93,2026
Cooper Trembath,13263,NM,WC,15,3,0,3,6,1,0,2,1,0,1,1,1,3,0,0,4,1,0,0,2,0,0,80,2026
George Wardlaw,13064,NM,WC,15,12,3,4,16,0,1,0,6,3,1,8,5,4,3,0,11,4,1,0,1,0,0,65,2026
Tristan Xerri,12788,NM,WC,15,8,5,8,16,0,0,22,8,3,1,6,2,4,1,0,14,3,2,0,1,0,1,70,2026
Cameron Zurhaar,12557,NM,WC,15,13,6,3,16,0,1,0,0,3,6,1,5,0,2,0,4,12,0,0,2,0,1,86,2026
Bo Allan,13221,WC,NM,15,4,2,6,10,0,0,0,3,0,2,1,3,1,2,0,5,4,0,0,1,0,0,86,2026
Liam Baker,12661,WC,NM,15,8,0,8,16,1,0,0,1,3,4,1,0,2,0,0,6,9,0,0,5,1,0,81,2026
Rhett Bazzo,13000,WC,NM,15,3,4,9,12,0,0,0,2,1,0,0,0,0,0,0,6,6,1,0,3,0,0,94,2026
Tom Cole,12446,WC,NM,15,10,4,6,16,1,0,0,2,0,2,1,1,2,1,0,4,11,1,0,2,0,0,88,2026
Hamish Davis,13210,WC,NM,15,1,0,2,3,0,0,0,0,0,1,1,0,0,0,0,1,2,0,0,0,0,0,7,2026
Cooper Duff-Tytler,13291,WC,NM,15,3,3,7,10,0,0,7,2,1,2,1,4,0,2,0,7,3,1,0,3,0,1,83,2026
Liam Duggan,12334,WC,NM,15,16,4,4,20,0,0,0,1,6,3,0,4,0,0,0,2,15,0,0,4,1,1,90,2026
Tom Gross,13211,WC,NM,15,5,2,3,8,0,2,0,2,0,3,0,1,0,0,0,1,7,0,1,0,0,1,71,2026
Marcus Herbert,13339,WC,NM,15,8,6,7,15,0,0,0,2,1,3,1,4,0,1,0,4,12,0,0,2,4,0,81,2026
Elijah Hewett,13044,WC,NM,15,11,5,5,16,0,0,0,3,2,1,2,3,1,1,0,3,12,0,0,0,0,1,64,2026
Brady Hough,12957,WC,NM,15,6,3,6,12,1,0,0,2,0,1,3,3,3,3,0,6,7,0,0,1,0,0,77,2026
Harvey Johnston,13136,WC,NM,15,4,2,1,5,0,0,0,3,0,2,0,1,2,1,0,2,3,0,0,1,0,0,75,2026
Tim Kelly,12595,WC,NM,15,10,5,17,27,0,0,0,2,3,2,9,3,1,1,0,12,14,0,0,0,0,0,79,2026
Josh Lindsay,13293,WC,NM,15,12,4,3,15,0,0,0,3,4,3,0,1,1,0,0,4,7,0,0,1,0,0,85,2026
Ryan Maric,13070,WC,NM,15,7,4,5,12,0,0,0,5,1,1,1,1,0,0,0,3,9,1,0,0,0,0,84,2026
Milan Murdock,13294,WC,NM,15,7,3,5,12,0,0,0,1,0,4,0,2,1,1,0,5,6,0,0,0,2,1,83,2026
Harley Reid,13111,WC,NM,15,8,1,13,21,1,2,0,2,1,2,5,7,4,4,0,12,9,0,0,0,0,0,80,2026
Jobe Shanahan,13247,WC,NM,15,8,8,3,11,3,2,0,2,1,1,0,1,0,1,0,6,5,5,5,1,0,0,88,2026
Brandon Starcevich,12668,WC,NM,15,8,2,1,9,0,0,0,0,5,0,0,2,0,2,0,0,3,0,0,3,0,0,72,2026
Jake Waterman,12601,WC,NM,15,11,9,1,12,3,3,0,2,0,5,0,4,0,1,0,3,10,0,4,0,0,1,91,2026
Bailey Williams,12836,WC,NM,15,8,2,6,14,0,1,26,2,2,4,5,4,3,1,0,12,3,2,0,1,0,0,76,2026
Elliot Yeo,12087,WC,NM,15,6,1,9,15,0,0,0,4,0,3,4,5,1,5,0,9,9,0,0,0,0,0,68,2026
Tylar Young,13043,WC,NM,15,9,5,2,11,0,0,0,0,2,1,0,5,2,4,0,3,8,0,0,7,0,0,95,2026
Aliir Aliir,12433,PA,SY,15,16,7,1,17,0,0,0,1,8,0,0,4,0,0,0,2,13,0,0,3,0,0,100,2026
Xavier Bamert,13337,PA,SY,15,6,4,5,11,1,1,0,2,0,2,1,5,1,1,0,2,11,0,2,1,0,0,61,2026
Joe Berry,13188,PA,SY,15,11,5,6,17,1,2,0,1,0,5,1,3,4,2,0,6,10,0,1,1,1,1,73,2026
Jase Burgoyne,13007,PA,SY,15,15,5,8,23,0,0,0,2,1,4,0,6,0,0,0,9,13,0,0,1,0,1,84,2026
Zak Butters,12698,PA,SY,15,17,3,10,27,1,0,0,5,1,5,4,5,3,2,0,11,16,0,0,1,0,2,81,2026
Darcy Byrne-Jones,12422,PA,SY,15,15,5,10,25,0,0,0,0,6,2,1,1,1,0,0,8,16,0,0,3,0,0,85,2026
Tom Cochrane,13205,PA,SY,15,4,1,0,4,1,0,0,0,0,2,1,2,0,0,0,1,2,0,1,1,0,0,61,2026
Willem Drew,12695,PA,SY,15,9,2,8,17,0,0,0,5,2,2,3,0,0,0,0,8,9,0,0,4,0,0,83,2026
Corey Durdin,12936,PA,SY,15,5,2,2,7,2,0,0,1,0,2,0,1,0,1,0,3,4,0,1,1,0,0,75,2026
Logan Evans,13156,PA,SY,15,10,2,5,15,0,0,0,3,3,2,0,1,1,0,0,3,9,0,0,3,0,0,78,2026
Kane Farrell,12664,PA,SY,15,19,7,1,20,0,0,0,2,7,1,1,1,0,0,0,5,10,0,0,4,2,0,77,2026
Mitch Georgiades,12766,PA,SY,15,10,4,2,12,2,3,0,2,0,2,2,2,1,1,0,5,7,2,3,1,0,2,100,2026
Jason Horne-Francis,12956,PA,SY,15,12,6,4,16,2,0,0,3,0,4,4,1,2,0,0,5,11,1,3,2,1,1,83,2026
Lachie Jones,12882,PA,SY,15,8,4,5,13,0,0,0,3,1,6,1,3,3,0,0,5,10,0,0,2,0,2,88,2026
Ewan Mackinlay,13269,PA,SY,15,7,2,3,10,0,0,0,2,1,0,2,1,0,0,0,6,4,0,0,1,0,0,84,2026
Todd Marshall,12575,PA,SY,15,5,2,2,7,0,1,0,2,0,1,0,2,1,0,0,3,5,1,0,3,0,1,69,2026
Jackson Mead,12946,PA,SY,15,9,0,6,15,0,0,0,4,0,3,2,0,0,0,0,5,6,0,0,0,0,1,58,2026
Harrison Ramm,13270,PA,SY,15,4,2,0,4,0,0,0,2,0,1,0,3,2,2,0,2,2,0,0,7,0,0,86,2026
Esava Ratugolea,12597,PA,SY,15,4,4,5,9,0,0,0,2,2,0,0,4,0,2,0,3,6,1,0,4,0,0,85,2026
Joe Richards,13139,PA,SY,15,13,9,10,23,1,0,0,4,0,5,7,2,2,1,0,12,11,0,0,1,0,0,75,2026
Jordon Sweet,12890,PA,SY,15,11,4,6,17,2,1,35,4,1,1,9,9,1,8,0,13,6,1,2,3,0,0,85,2026
Jack Whitlock,13259,PA,SY,15,4,2,4,8,0,0,5,1,0,1,0,2,0,1,0,4,5,0,0,0,0,1,74,2026
Ollie Wines,12150,PA,SY,15,7,1,16,23,0,0,0,4,0,5,1,1,0,1,0,11,11,0,0,0,0,1,56,2026
Joel Amartey,12844,SY,PA,15,4,1,2,6,1,0,0,1,0,2,0,5,2,1,0,5,2,1,0,0,0,0,67,2026
Riley Bice,13195,SY,PA,15,10,7,8,18,1,0,0,0,2,3,0,3,0,0,0,5,13,1,0,3,5,1,78,2026
Nick Blakey,12699,SY,PA,15,22,5,3,25,0,0,0,1,6,3,2,3,2,0,0,3,12,0,0,4,0,1,83,2026
Caiden Cleary,13157,SY,PA,15,6,3,13,19,0,0,0,2,1,3,0,3,1,0,0,12,7,0,0,2,0,3,91,2026
Harry Cunningham,12015,SY,PA,15,6,2,7,13,0,0,0,4,1,2,0,1,0,0,0,5,8,0,0,2,0,0,67,2026
Charlie Curnow,12421,SY,PA,15,10,3,2,12,3,1,0,5,0,3,0,3,2,1,0,9,3,2,1,2,0,0,86,2026
Will Edwards,13318,SY,PA,15,5,1,4,9,0,0,0,2,6,0,0,2,1,1,0,3,4,0,0,7,0,0,85,2026
Brodie Grundy,12217,SY,PA,15,7,1,19,26,0,0,22,3,1,2,9,5,4,1,0,19,8,1,0,3,0,0,81,2026
Joel Hamling,12359,SY,PA,15,4,6,6,10,0,0,0,2,1,1,0,3,1,2,0,5,5,2,0,12,0,0,90,2026
Isaac Heeney,12326,SY,PA,15,13,1,17,30,1,2,0,4,1,3,3,2,0,1,0,9,19,1,1,0,0,1,88,2026
James Jordon,12860,SY,PA,15,4,1,9,13,0,0,0,4,1,2,2,3,0,2,0,3,10,0,0,1,0,0,83,2026
Harry Kyle,13327,SY,PA,15,6,1,1,7,0,0,0,3,0,1,0,3,1,3,0,4,3,0,0,1,0,0,55,2026
Jake Lloyd,12268,SY,PA,15,6,2,5,11,2,0,0,1,0,2,0,2,1,1,0,3,8,0,1,1,0,0,82,2026
Logan McDonald,12861,SY,PA,15,10,5,8,18,3,0,0,2,1,1,0,3,1,1,0,5,12,1,2,2,0,0,87,2026
Hayden McLean,12745,SY,PA,15,4,3,2,6,0,1,5,2,1,0,0,1,1,0,0,4,2,2,1,0,0,0,65,2026
Callum Mills,12413,SY,PA,15,9,6,20,29,0,0,0,5,5,1,4,4,2,0,0,9,21,0,0,0,0,0,85,2026
Matt Roberts,12994,SY,PA,15,9,4,5,14,0,0,0,6,3,2,0,4,2,1,0,4,10,0,0,2,0,0,85,2026
Malcolm Rosas,12903,SY,PA,15,1,1,1,2,1,0,0,2,0,1,0,0,0,0,0,0,2,0,1,1,0,0,60,2026
James Rowbottom,12714,SY,PA,15,6,0,3,9,1,0,0,5,0,2,0,4,0,2,0,4,5,0,0,1,0,0,79,2026
Jai Serong,13022,SY,PA,15,12,9,7,19,0,0,0,1,4,1,1,4,0,0,0,3,15,0,0,5,1,0,87,2026
Angus Sheldrick,12951,SY,PA,15,5,0,10,15,0,1,0,1,2,5,3,1,0,0,0,9,6,0,0,1,0,0,56,2026
Chad Warner,12797,SY,PA,15,12,6,14,26,1,0,0,5,1,5,5,7,1,3,0,9,19,0,1,0,3,3,72,2026
Sam Wicks,12818,SY,PA,15,15,4,4,19,0,0,0,1,5,2,1,4,0,2,0,4,15,1,0,1,2,1,85,2026
Jasper Alger,13242,RI,BL,15,8,6,2,10,4,1,0,1,0,0,0,1,0,0,0,4,6,2,5,1,0,0,75,2026
Kye Annand,13338,RI,BL,15,9,2,5,14,0,0,0,2,6,2,1,2,1,0,0,5,7,0,0,6,0,0,91,2026
Noah Balta,12686,RI,BL,15,11,7,4,15,0,1,17,2,2,3,1,5,0,1,0,4,11,2,1,0,0,0,73,2026
Sam Banks,13078,RI,BL,15,15,7,7,22,0,0,0,4,6,3,0,2,1,0,0,5,15,0,0,0,0,0,85,2026
Nathan Broad,12456,RI,BL,15,8,3,8,16,0,0,0,0,2,2,0,2,0,0,0,3,11,0,0,6,0,1,80,2026
Tom Brown,13096,RI,BL,15,12,4,4,16,0,0,0,1,4,0,0,1,0,0,0,4,9,1,0,2,0,0,80,2026
Seth Campbell,13100,RI,BL,15,8,2,6,14,0,0,0,2,0,4,2,3,0,1,0,5,9,0,0,3,1,0,71,2026
Sam Cumming,13316,RI,BL,15,7,3,2,9,1,0,0,5,0,4,1,1,0,0,0,3,7,0,0,1,0,0,69,2026
Liam Fawcett,13200,RI,BL,15,5,3,1,6,2,1,0,2,0,2,0,0,1,0,0,2,5,0,2,1,0,0,86,2026
Steely Green,13145,RI,BL,15,6,3,6,12,1,1,0,1,0,1,1,1,0,0,0,5,6,0,1,0,0,3,77,2026
Sam Grlj,13290,RI,BL,15,7,2,9,16,0,0,0,3,0,3,1,2,0,0,0,4,9,0,0,0,2,1,71,2026
Oliver Hayes-Brown,13309,RI,BL,15,2,1,8,10,0,0,22,1,0,2,4,2,1,1,0,7,3,0,0,0,0,0,50,2026
Jacob Hopper,12440,RI,BL,15,11,1,6,17,0,0,0,6,1,4,5,3,3,1,0,8,8,0,0,0,1,0,66,2026
Mykelti Lefau,13113,RI,BL,15,2,2,5,7,0,0,1,3,0,0,0,1,1,1,0,3,4,1,0,1,1,0,90,2026
Ben Miller,12941,RI,BL,15,8,2,5,13,0,0,0,0,6,0,0,0,1,0,0,3,9,0,0,7,0,0,100,2026
Dion Prestia,11917,RI,BL,15,10,3,17,27,0,0,0,3,1,3,7,0,0,0,0,13,15,0,0,1,0,0,76,2026
Patrick Retschko,13313,RI,BL,15,10,4,8,18,0,0,0,0,3,0,0,2,0,1,0,2,16,0,0,0,0,0,83,2026
Maurice Rioli,12935,RI,BL,15,4,0,3,7,0,0,0,8,0,2,2,3,1,1,0,6,3,0,0,2,0,2,67,2026
Jayden Short,12418,RI,BL,15,16,5,5,21,0,0,0,1,4,4,1,3,1,0,0,3,13,0,0,0,0,1,82,2026
Tyler Sonsie,13014,RI,BL,15,14,9,8,22,1,1,0,2,1,7,1,3,1,1,0,9,14,1,3,0,0,0,81,2026
Tim Taranto,12504,RI,BL,15,15,7,14,29,2,1,0,5,0,5,6,3,2,0,0,14,14,0,2,0,0,1,86,2026
James Trezise,13095,RI,BL,15,8,2,9,17,1,1,0,1,1,2,0,2,0,0,0,2,15,0,2,0,0,1,77,2026
Nick Vlastuin,12174,RI,BL,15,8,7,7,15,0,0,0,3,4,0,0,4,0,1,0,4,8,1,0,1,0,0,82,2026
Harris Andrews,12340,BL,RI,15,12,9,5,17,0,0,0,1,2,1,0,2,0,0,0,6,8,2,0,6,0,0,94,2026
Noah Answerth,12718,BL,RI,15,10,6,3,13,0,0,0,4,2,1,0,0,0,0,0,4,12,0,0,3,0,1,78,2026
Levi Ashcroft,13197,BL,RI,15,8,3,9,17,0,0,0,2,1,0,1,3,1,1,0,4,13,1,0,0,0,0,79,2026
Will Ashcroft,13040,BL,RI,15,19,10,19,38,2,3,0,4,6,5,8,5,2,2,0,9,30,0,1,0,0,0,79,2026
Zac Bailey,12610,BL,RI,15,18,6,7,25,2,1,0,0,5,5,5,7,0,0,0,10,16,0,0,1,0,2,85,2026
Jarrod Berry,12519,BL,RI,15,3,2,11,14,0,0,0,3,2,2,0,2,0,1,0,5,9,0,0,0,0,0,74,2026
Shadeau Brain,13142,BL,RI,15,11,6,5,16,0,0,0,0,1,1,1,3,0,0,0,1,15,0,0,2,0,0,81,2026
Charlie Cameron,12277,BL,RI,15,3,2,2,5,1,0,0,2,0,1,0,1,0,0,0,3,3,0,1,2,0,0,72,2026
Sam Draper,12810,BL,RI,15,11,4,3,14,0,1,26,0,2,4,5,3,2,1,0,8,3,3,1,0,0,0,76,2026
Josh Dunkley,12408,BL,RI,15,12,4,10,22,1,0,0,6,2,5,2,7,0,2,0,8,15,0,1,2,0,2,81,2026
Jaspa Fletcher,13072,BL,RI,15,13,2,8,21,0,0,0,1,2,2,1,2,0,0,0,4,12,0,0,0,0,0,89,2026
Darcy Fort,12724,BL,RI,15,6,2,4,10,1,0,18,3,1,0,3,2,0,1,0,10,0,2,2,1,0,1,59,2026
Ty Gallop,13235,BL,RI,15,10,6,1,11,0,0,0,5,3,0,0,1,1,1,0,2,7,1,0,9,0,0,90,2026
Darcy Gardiner,12267,BL,RI,15,16,14,4,20,0,0,0,1,4,1,0,1,2,0,0,7,14,2,0,6,1,0,84,2026
Eric Hipwood,12454,BL,RI,15,5,2,3,8,2,0,0,2,0,1,2,4,0,1,0,6,2,1,0,0,0,0,66,2026
Kai Lohmann,12968,BL,RI,15,4,3,3,7,1,1,0,1,0,3,1,1,0,1,0,3,5,0,1,1,0,2,77,2026
Conor McKenna,12391,BL,RI,15,15,2,3,18,2,3,0,3,0,5,1,1,0,0,0,5,12,1,1,1,1,0,82,2026
Logan Morris,13137,BL,RI,15,7,4,5,12,3,2,0,3,0,2,0,1,0,0,0,4,8,0,3,1,0,0,81,2026
Lachie Neale,12055,BL,RI,15,10,4,18,28,1,0,0,3,0,6,5,2,0,0,0,8,19,0,0,1,0,2,76,2026
Cam Rayner,12592,BL,RI,15,7,4,6,13,0,0,0,1,0,8,3,1,1,1,0,9,5,1,0,1,0,2,77,2026
Bruce Reville,13138,BL,RI,15,9,3,3,12,1,1,0,0,1,2,1,0,0,0,0,3,9,0,0,0,0,0,60,2026
James Tunstill,13005,BL,RI,15,11,4,3,14,0,0,0,4,1,2,1,0,0,0,0,4,11,0,0,1,0,0,77,2026
Darcy Wilmot,13026,BL,RI,15,20,9,6,26,0,0,0,3,6,1,2,5,0,2,0,8,14,1,0,1,1,0,85,2026
Dan Butler,12490,SK,GW,15,5,3,1,6,1,0,0,3,0,2,1,1,0,1,0,1,5,0,0,0,0,1,66,2026
Ryan Byrnes,12802,SK,GW,15,5,2,4,9,0,0,0,3,1,0,0,0,2,0,0,3,6,0,0,0,0,0,70,2026
Anthony Caminiti,13035,SK,GW,15,5,4,6,11,0,0,1,3,4,1,1,1,2,1,0,4,7,0,0,10,0,0,92,2026
Tom De Koning,12674,SK,GW,15,8,4,7,15,1,0,19,1,0,3,5,1,0,1,0,9,8,2,1,1,0,0,85,2026
Hugo Garcia,13125,SK,GW,15,13,2,14,27,0,1,0,4,0,6,8,6,1,4,0,9,17,0,1,0,1,0,80,2026
Max Hall,13193,SK,GW,15,8,2,11,19,1,0,0,5,0,2,3,1,0,0,0,6,13,0,1,0,2,0,84,2026
Angus Hastie,13116,SK,GW,15,8,2,2,10,0,0,0,2,3,1,0,1,0,0,0,2,7,0,0,2,0,0,68,2026
Bradley Hill,12060,SK,GW,15,10,3,6,16,0,0,0,4,0,2,1,1,0,0,0,5,11,0,0,2,0,1,80,2026
Campbell Lake,13331,SK,GW,15,1,0,5,6,0,0,0,7,1,2,0,1,0,0,0,3,4,0,0,1,0,0,69,2026
Jack Macrae,12166,SK,GW,15,10,7,14,24,0,0,0,4,0,4,1,2,1,0,0,7,18,0,0,1,0,2,64,2026
Rowan Marshall,12564,SK,GW,15,5,2,3,8,0,0,9,3,0,1,4,2,0,2,0,5,4,0,0,4,0,1,78,2026
Mitch Owens,12948,SK,GW,15,5,3,17,22,0,2,0,4,1,3,3,3,1,0,0,14,9,1,1,5,0,1,81,2026
Liam Ryan,12600,SK,GW,15,9,4,2,11,6,2,0,4,0,0,0,1,1,1,0,8,5,2,4,0,0,0,84,2026
Cooper Sharman,12929,SK,GW,15,10,9,4,14,4,2,0,2,0,3,0,3,0,1,0,7,7,2,6,6,0,1,86,2026
Jack Silvagni,12458,SK,GW,15,8,5,4,12,0,0,0,2,4,0,0,2,3,0,0,7,5,1,0,3,0,0,95,2026
Jack Sinclair,12325,SK,GW,15,17,8,5,22,0,1,0,2,4,2,0,2,1,0,0,2,17,0,0,2,3,0,83,2026
Liam Stocker,12721,SK,GW,15,7,4,5,12,0,0,0,1,1,1,1,1,1,1,0,5,7,1,0,3,0,0,70,2026
Alix Tauru,13243,SK,GW,15,3,3,2,5,0,0,0,0,0,3,0,2,0,1,0,2,3,0,0,1,0,0,43,2026
Nasiah Wanganeen-Milera,12950,SK,GW,15,25,4,7,32,1,2,0,1,9,3,4,4,0,1,0,9,15,0,0,1,7,2,84,2026
Callum Wilkie,12703,SK,GW,15,13,5,8,21,0,0,0,2,8,0,0,6,3,1,0,7,13,0,0,1,0,0,100,2026
Darcy Wilson,13110,SK,GW,15,11,6,9,20,0,1,0,3,1,4,1,4,1,0,0,5,13,0,2,1,0,0,83,2026
Marcus Windhager,12967,SK,GW,15,10,1,11,21,0,0,0,10,3,2,1,5,1,1,0,5,17,0,0,0,0,1,79,2026
Mason Wood,12312,SK,GW,15,11,4,4,15,0,0,0,1,1,2,2,1,0,0,0,3,10,0,0,2,1,0,77,2026
Leek Aleer,13020,GW,SK,15,2,0,1,3,0,1,6,2,1,0,2,0,0,0,0,2,1,0,0,2,0,0,46,2026
Ryan Angwin,13001,GW,SK,15,10,8,4,14,0,0,0,1,2,3,2,2,0,0,0,5,9,0,1,0,0,0,81,2026
Lachie Ash,12782,GW,SK,15,24,7,8,32,0,0,0,1,10,3,3,2,0,0,0,7,19,0,0,2,2,0,83,2026
Toby Bedford,12772,GW,SK,15,4,2,12,16,1,0,0,3,0,2,4,1,0,0,0,8,8,0,2,1,1,1,77,2026
Kieren Briggs,12904,GW,SK,15,6,2,6,12,0,0,38,5,1,2,4,2,3,0,0,7,5,0,0,2,0,0,73,2026
Callum Brown,12910,GW,SK,15,5,2,1,6,0,1,0,2,0,1,0,1,2,0,0,2,5,0,1,2,0,0,79,2026
Aaron Cadman,13054,GW,SK,15,8,4,3,11,4,1,0,2,0,0,0,2,1,1,0,4,8,1,2,3,0,0,96,2026
Finn Callaghan,12969,GW,SK,15,12,3,16,28,0,0,0,1,0,5,6,1,1,0,0,6,22,0,0,0,2,2,80,2026
Brent Daniels,12656,GW,SK,15,12,1,19,31,0,0,0,6,1,5,10,4,0,0,0,16,13,0,0,1,0,3,82,2026
Joe Fonti,13164,GW,SK,15,12,10,15,27,0,0,0,1,2,2,0,2,1,0,0,4,23,1,0,3,0,0,81,2026
Phoenix Gothard,13279,GW,SK,15,7,2,7,14,2,0,0,2,0,3,0,3,1,1,0,6,9,0,1,0,0,0,74,2026
Toby Greene,12025,GW,SK,15,16,7,6,22,2,1,0,0,0,8,4,7,0,3,0,11,14,1,1,1,0,2,88,2026
Harry Himmelberg,12462,GW,SK,15,9,6,4,13,0,0,0,1,3,0,0,1,0,1,0,2,10,0,0,5,1,0,84,2026
Jesse Hogan,12321,GW,SK,15,6,4,4,10,1,1,0,0,0,1,0,3,0,3,0,5,6,2,1,1,0,0,86,2026
Connor Idun,12750,GW,SK,15,11,9,9,20,0,0,0,0,1,0,0,1,0,0,0,3,18,0,0,4,0,0,100,2026
Jayden Laverde,12377,GW,SK,15,4,4,5,9,0,0,0,0,3,0,0,2,0,2,0,1,8,0,0,4,0,0,87,2026
Toby McMullin,13088,GW,SK,15,3,1,6,9,0,1,0,1,0,1,0,4,0,2,0,3,6,0,0,0,0,0,48,2026
Clayton Oliver,12410,GW,SK,15,16,3,19,35,0,0,0,5,1,7,8,4,4,1,0,13,20,0,0,2,0,0,83,2026
Conor Stone,12886,GW,SK,15,2,2,4,6,0,0,0,0,1,2,0,0,0,0,0,1,5,0,0,0,0,1,47,2026
Jake Stringer,12167,GW,SK,15,5,3,4,9,3,1,0,2,0,1,0,4,0,3,0,7,3,2,3,1,0,2,82,2026
Sam Taylor,12644,GW,SK,15,6,6,4,10,0,0,0,0,4,2,0,2,2,1,0,7,5,3,0,1,0,0,84,2026
Harvey Thomas,13101,GW,SK,15,6,1,12,18,0,1,0,8,0,2,2,1,1,0,0,6,14,0,0,3,0,1,79,2026
Lachie Whitfield,12143,GW,SK,15,21,8,10,31,0,0,0,2,3,5,1,1,0,0,0,2,21,0,0,3,0,1,80,2026
Jye Amiss,12983,FR,GE,16,10,7,1,11,3,4,0,0,0,0,0,3,1,1,0,4,6,1,7,0,0,0,86,2026
Shai Bolton,12535,FR,GE,16,11,5,7,18,0,1,0,3,0,5,4,6,0,2,0,8,10,2,0,0,4,0,82,2026
Andrew Brayshaw,12589,FR,GE,16,13,6,22,35,0,0,0,7,1,3,4,7,3,0,0,9,26,0,0,4,0,0,84,2026
Heath Chapman,12875,FR,GE,16,4,4,9,13,0,0,0,3,1,0,0,0,0,0,0,4,9,1,0,3,1,0,80,2026
Jordan Clark,12688,FR,GE,16,11,5,6,17,0,0,0,2,2,3,1,1,1,0,0,3,12,1,0,2,3,0,78,2026
Brennan Cox,12544,FR,GE,16,8,6,4,12,0,0,0,0,2,1,1,1,0,0,0,5,7,1,0,4,0,0,82,2026
Mason Cox,12428,FR,GE,16,5,1,1,6,0,1,11,2,0,0,1,0,2,0,0,4,1,0,1,4,0,1,57,2026
Isaiah Dudley,13204,FR,GE,16,4,0,3,7,1,0,0,4,0,1,1,1,1,0,0,3,4,0,0,1,0,1,76,2026
Neil Erasmus,12966,FR,GE,16,12,3,12,24,1,0,0,2,2,3,3,6,0,0,0,8,15,0,1,1,0,1,70,2026
Michael Frederick,12801,FR,GE,16,4,3,5,9,0,0,0,3,0,1,0,0,0,0,0,1,8,0,0,2,0,0,78,2026
Luke Jackson,12779,FR,GE,16,13,5,15,28,3,0,25,9,1,5,6,5,3,0,0,15,12,1,2,1,0,0,80,2026
Matthew Johnson,13047,FR,GE,16,9,5,6,15,0,1,0,1,1,3,2,2,0,0,0,3,12,0,0,0,2,1,70,2026
Judd McVee,13033,FR,GE,16,7,5,8,15,0,0,0,0,1,1,1,0,1,0,0,6,10,0,0,2,0,0,79,2026
Nathan ODriscoll,12960,FR,GE,16,8,4,6,14,0,0,0,2,1,6,0,1,1,0,0,1,13,0,0,1,1,1,73,2026
Alex Pearce,12352,FR,GE,16,11,11,7,18,0,0,0,0,5,0,0,2,0,2,0,6,12,3,0,1,0,0,91,2026
Murphy Reid,13180,FR,GE,16,18,5,9,27,1,2,0,1,1,7,2,4,1,1,0,6,20,0,1,0,0,0,82,2026
Luke Ryan,12542,FR,GE,16,16,8,4,20,0,0,0,2,7,0,0,1,0,1,0,2,15,0,0,2,0,0,90,2026
Caleb Serong,12786,FR,GE,16,11,1,11,22,1,0,0,0,1,2,4,3,0,0,0,8,12,0,0,1,0,1,66,2026
Sam Switkowski,12672,FR,GE,16,8,5,9,17,0,1,0,2,0,3,1,0,0,0,0,7,8,1,2,0,1,2,74,2026
Josh Treacy,12887,FR,GE,16,8,6,1,9,2,2,0,2,0,3,0,1,1,1,0,3,5,1,4,3,0,0,90,2026
Patrick Voss,13129,FR,GE,16,8,3,3,11,2,1,0,2,0,2,0,1,2,1,0,5,5,0,1,0,0,0,88,2026
Karl Worner,13075,FR,GE,16,14,7,5,19,0,0,0,2,3,1,1,2,0,0,0,4,13,0,0,3,1,0,77,2026
Hayden Young,12777,FR,GE,16,10,5,5,15,0,1,0,2,0,4,3,1,2,0,0,5,12,0,1,2,0,1,67,2026
Tom Atkins,12690,GE,FR,16,11,0,10,21,0,0,0,5,0,5,3,3,0,2,0,9,10,0,0,1,0,1,78,2026
Mark Blicavs,12153,GE,FR,16,5,5,7,12,0,0,7,0,0,0,1,0,0,0,0,5,7,1,0,2,0,0,79,2026
Jack Bowes,12499,GE,FR,16,7,2,5,12,0,1,0,1,2,2,1,1,0,0,0,2,10,0,0,1,0,0,65,2026
Tanner Bruhn,12871,GE,FR,16,14,3,12,26,0,0,0,6,2,5,3,4,1,1,0,7,19,0,0,0,3,2,71,2026
Jeremy Cameron,12017,GE,FR,16,4,2,2,6,2,1,0,0,0,0,0,2,0,0,0,2,4,1,2,3,0,0,93,2026
Patrick Dangerfield,11700,GE,FR,16,9,0,11,20,0,1,0,0,0,8,4,5,0,0,0,14,7,0,0,0,0,1,71,2026
Sam De Koning,12891,GE,FR,16,8,4,6,14,0,0,4,0,1,1,0,4,0,3,0,5,8,2,0,3,0,0,66,2026
Oliver Dempsey,12974,GE,FR,16,4,3,13,17,0,0,0,0,2,2,1,0,0,0,0,5,12,0,0,0,0,1,94,2026
Mitchell Edwards,13285,GE,FR,16,5,1,8,13,0,0,14,1,0,1,1,4,1,3,0,8,5,1,0,3,0,0,55,2026
Zach Guthrie,12551,GE,FR,16,14,5,6,20,0,0,0,0,5,1,0,3,0,1,0,3,14,1,0,0,1,0,77,2026
Jack Henry,12607,GE,FR,16,6,8,4,10,1,0,0,1,1,0,0,1,0,0,0,2,8,1,1,1,0,0,82,2026
Oliver Henry,12851,GE,FR,16,7,4,2,9,2,1,0,1,0,3,0,3,1,1,0,2,7,1,2,0,1,1,72,2026
Max Holmes,12881,GE,FR,16,17,3,10,27,0,0,0,4,6,7,5,3,1,2,0,8,17,0,0,2,3,3,80,2026
Lawson Humphries,13160,GE,FR,16,21,6,3,24,0,0,0,2,7,0,1,1,0,0,0,1,15,0,0,0,3,0,76,2026
Jake Kolodjashnij,12370,GE,FR,16,8,6,2,10,0,0,0,0,2,0,0,0,1,0,0,1,9,0,0,2,0,0,84,2026
Shaun Mannagh,13104,GE,FR,16,6,1,7,13,0,0,0,1,0,1,2,0,0,0,0,5,6,0,0,2,0,0,81,2026
Jack Martin,12236,GE,FR,16,5,5,2,7,3,1,0,1,1,1,0,2,1,1,0,2,6,1,4,0,0,0,76,2026
Oisin Mullin,13066,GE,FR,16,8,4,2,10,1,0,0,2,2,1,2,5,0,1,0,3,8,0,0,1,0,0,82,2026
Shannon Neale,12992,GE,FR,16,6,5,4,10,2,0,1,4,0,4,1,3,1,1,0,8,2,4,1,2,0,1,95,2026
Mark OConnor,12531,GE,FR,16,8,3,6,14,0,0,0,0,4,0,1,0,0,0,0,7,7,0,0,0,0,0,81,2026
Connor OSullivan,13122,GE,FR,16,12,11,4,16,0,0,0,0,3,0,0,2,1,2,0,4,11,2,0,4,0,0,100,2026
George Stevens,13249,GE,FR,16,9,3,9,18,1,0,0,2,1,1,5,0,1,0,0,7,12,0,0,1,0,0,62,2026
Oliver Wiltshire,13217,GE,FR,16,5,4,5,10,2,0,0,1,0,1,0,1,0,1,0,2,7,0,1,0,0,1,79,2026
Karl Amon,12357,HW,GC,16,20,9,4,24,0,1,0,3,6,3,1,3,0,1,0,3,16,0,0,1,2,0,88,2026
Tom Barrass,12383,HW,GC,16,4,4,3,7,0,0,0,0,1,0,0,0,0,0,0,2,6,1,0,9,0,0,84,2026
Josh Battle,12558,HW,GC,16,13,3,7,20,0,0,0,2,7,1,1,2,0,1,0,5,8,1,0,4,0,0,100,2026
Mabior Chol,12485,HW,GC,16,5,3,3,8,2,2,0,3,0,2,0,4,1,3,0,7,2,2,1,1,0,1,76,2026
Massimo DAmbrosio,12998,HW,GC,16,10,4,3,13,0,0,0,4,2,0,0,3,0,1,0,4,7,1,0,2,0,0,85,2026
Will Day,12794,HW,GC,16,12,3,9,21,1,1,0,7,1,8,5,2,1,2,0,10,11,1,0,1,1,0,67,2026
Jack Ginnivan,12927,HW,GC,16,9,0,11,20,1,0,0,4,1,4,3,2,1,1,0,6,11,0,0,2,0,1,80,2026
Blake Hardwick,12469,HW,GC,16,8,3,1,9,1,0,0,2,3,0,0,2,0,0,0,2,5,1,2,1,0,0,91,2026
Jarman Impey,12237,HW,GC,16,4,2,2,6,0,0,0,1,3,1,0,0,0,0,0,0,6,0,0,0,0,0,26,2026
Mitch Lewis,12636,HW,GC,16,5,2,0,5,1,1,0,2,0,4,0,2,0,2,0,1,3,0,0,1,0,1,88,2026
Bailey Macdonald,13069,HW,GC,16,3,2,4,7,0,0,0,1,1,1,1,2,0,1,0,3,4,0,0,1,0,0,69,2026
Connor Macdonald,12954,HW,GC,16,8,5,13,21,2,0,0,1,1,2,1,1,1,0,0,6,15,0,0,1,0,0,84,2026
Cam Mackenzie,13031,HW,GC,16,10,1,6,16,0,1,0,5,3,6,2,1,1,0,0,6,11,0,0,1,1,3,68,2026
Lloyd Meek,12856,HW,GC,16,7,2,3,10,0,0,15,2,2,1,2,2,0,0,0,4,3,0,0,3,0,0,67,2026
Dylan Moore,12710,HW,GC,16,8,3,5,13,4,1,0,2,1,1,1,2,1,0,0,6,6,1,1,0,0,0,91,2026
Harry Morrison,12579,HW,GC,16,8,2,10,18,0,0,0,3,0,3,1,2,0,0,0,7,10,0,0,1,0,1,85,2026
Cameron Nairn,13326,HW,GC,16,9,7,3,12,0,0,0,0,2,1,0,3,2,1,0,2,9,0,0,0,1,2,72,2026
Jai Newcombe,12915,HW,GC,16,13,3,18,31,2,0,0,2,3,5,10,8,5,2,0,17,16,0,2,1,0,2,85,2026
Ned Reeves,12906,HW,GC,16,3,0,2,5,0,0,15,3,1,0,0,3,0,2,0,2,2,0,0,1,0,0,55,2026
James Sicily,12332,HW,GC,16,12,3,5,17,0,0,0,2,7,1,0,3,1,2,0,7,8,1,0,2,0,0,92,2026
Josh Ward,12955,HW,GC,16,11,3,16,27,0,1,0,3,2,2,7,1,1,1,0,14,13,0,0,2,2,0,80,2026
Nick Watson,13105,HW,GC,16,7,1,8,15,3,0,0,4,0,3,1,5,1,0,0,8,6,0,1,0,0,0,82,2026
Josh Weddle,13057,HW,GC,16,14,6,7,21,0,1,0,1,3,6,0,5,1,2,0,3,17,0,0,3,5,0,86,2026
Oscar Adams,13251,GC,HW,16,5,4,4,9,0,0,0,1,1,1,0,1,0,1,0,1,8,0,0,3,0,0,77,2026
Beau Addinsall,13341,GC,HW,16,6,4,13,19,0,0,0,2,0,3,3,2,2,0,0,9,9,1,0,0,0,0,57,2026
Noah Anderson,12767,GC,HW,16,25,6,18,43,0,0,0,3,0,10,4,3,2,0,0,12,31,0,0,2,1,0,91,2026
Mac Andrew,13019,GC,HW,16,18,11,8,26,0,0,0,1,6,1,1,3,2,1,0,7,18,2,0,6,0,0,95,2026
Sam Clohesy,13119,GC,HW,16,9,7,9,18,0,0,0,3,2,3,0,1,0,1,0,1,17,0,0,1,1,1,70,2026
Sam Collins,12444,GC,HW,16,8,9,8,16,0,0,0,0,6,0,0,4,1,1,0,7,11,1,0,8,0,0,96,2026
Nick Holman,12307,GC,HW,16,6,4,5,11,1,1,0,1,0,2,0,0,0,0,0,2,8,0,2,3,0,0,74,2026
Bailey Humphrey,13049,GC,HW,16,8,3,6,14,1,2,0,2,0,5,0,5,0,2,0,8,6,0,0,0,0,0,81,2026
Joel Jeffrey,12933,GC,HW,16,22,7,11,33,0,1,0,3,3,4,0,2,0,0,0,5,21,0,0,5,3,0,82,2026
Ben King,12728,GC,HW,16,2,2,2,4,1,1,0,1,0,1,0,1,0,1,0,3,1,1,2,1,0,1,91,2026
Leo Lombard,13232,GC,HW,16,7,0,8,15,2,0,0,1,0,2,2,1,3,0,0,6,9,0,0,1,2,1,82,2026
Ben Long,12521,GC,HW,16,16,6,4,20,4,2,0,2,0,7,0,4,3,1,0,9,9,1,4,1,0,0,86,2026
Touk Miller,12331,GC,HW,16,9,1,15,24,1,0,0,5,1,1,3,6,1,2,0,10,15,0,0,2,0,1,88,2026
Ned Moyle,13050,GC,HW,16,5,2,2,7,0,0,20,2,0,1,2,2,0,1,0,4,3,0,0,5,0,0,74,2026
Jai Murray,13332,GC,HW,16,13,7,4,17,0,0,0,5,1,5,1,0,0,0,0,3,14,0,0,0,2,2,70,2026
John Noble,12743,GC,HW,16,16,6,10,26,0,0,0,1,5,3,1,3,0,1,0,3,19,0,0,2,1,0,83,2026
Christian Petracca,12430,GC,HW,16,9,4,22,31,1,0,0,0,0,2,4,10,0,2,0,19,16,0,0,1,0,0,87,2026
Daniel Rioli,12403,GC,HW,16,7,2,6,13,0,0,0,2,1,2,0,0,1,0,0,2,9,0,0,0,0,0,36,2026
Matt Rowell,12768,GC,HW,16,11,6,11,22,0,1,0,8,1,6,7,4,0,1,0,11,12,1,0,1,0,1,84,2026
Bodhi Uwland,13041,GC,HW,16,14,6,13,27,0,0,0,1,9,2,0,4,2,2,0,8,17,1,0,7,1,2,90,2026
Zeke Uwland,13278,GC,HW,16,6,2,9,15,0,0,0,4,1,2,0,2,3,0,0,8,9,0,0,0,0,0,69,2026
Jed Walter,13114,GC,HW,16,10,5,2,12,2,2,0,0,0,2,0,3,1,0,0,7,5,4,3,3,0,3,92,2026
Jarrod Witts,12177,GC,HW,16,3,0,4,7,1,0,14,0,1,0,4,0,1,0,0,5,2,0,0,1,0,0,43,2026
Jake Bowey,12931,ME,AD,16,17,4,7,24,0,0,0,2,4,2,3,3,0,0,0,3,14,0,0,1,1,1,81,2026
Kade Chandler,12756,ME,AD,16,10,2,10,20,2,1,0,5,2,5,3,6,1,2,0,8,12,0,0,3,2,0,80,2026
Paddy Cross,13300,ME,AD,16,5,1,1,6,0,3,0,4,0,0,0,2,1,2,0,3,3,0,1,1,0,0,58,2026
Joel Fitzgerald,13335,ME,AD,16,8,1,8,16,0,0,0,1,2,2,3,1,1,0,0,7,10,0,0,1,0,0,54,2026
Bayley Fritsch,12598,ME,AD,16,5,4,7,12,0,0,0,1,0,2,1,3,0,2,0,4,8,0,0,0,1,0,84,2026
Max Gawn,11966,ME,AD,16,14,2,14,28,0,0,30,2,4,6,7,5,4,2,0,15,12,1,0,4,0,2,81,2026
Blake Howes,13098,ME,AD,16,4,2,7,11,0,0,0,2,0,2,0,3,0,0,0,3,8,0,0,3,0,0,78,2026
Matthew Jefferson,13182,ME,AD,16,4,3,3,7,2,1,0,1,0,1,0,4,0,2,0,4,4,1,2,1,0,0,67,2026
Luker Kentfield,13330,ME,AD,16,3,1,2,5,0,1,5,0,2,0,1,3,0,2,0,3,3,0,0,2,0,0,29,2026
Ed Langdon,12393,ME,AD,16,7,3,11,18,0,0,0,1,2,2,2,3,0,0,0,7,10,0,0,2,0,0,100,2026
Harvey Langford,13184,ME,AD,16,8,3,5,13,2,0,0,1,2,2,1,2,2,0,0,4,9,0,1,0,0,1,75,2026
Jake Lever,12351,ME,AD,16,9,5,5,14,0,0,0,2,2,1,0,1,2,0,0,5,9,0,0,10,0,0,94,2026
Tom McDonald,12009,ME,AD,16,11,5,2,13,0,0,0,1,4,1,0,1,1,0,0,3,10,0,0,6,0,0,96,2026
Jake Melksham,11820,ME,AD,16,1,0,2,3,0,0,0,2,0,0,0,3,1,2,0,4,0,0,0,2,0,0,70,2026
Kysaiah Pickett,12771,ME,AD,16,8,1,7,15,0,1,0,4,0,3,5,5,1,2,0,11,5,0,0,3,1,0,88,2026
Trent Rivers,12778,ME,AD,16,11,4,10,21,0,0,0,1,4,4,0,3,0,1,0,3,16,0,0,0,0,0,73,2026
Harry Sharp,12864,ME,AD,16,8,0,3,11,0,0,0,2,1,5,0,0,1,0,0,5,7,0,0,3,5,1,81,2026
Tom Sparrow,12693,ME,AD,16,15,2,13,28,0,0,0,7,3,8,7,10,1,3,0,15,11,0,0,3,0,0,80,2026
Jack Steele,12368,ME,AD,16,5,3,16,21,0,0,0,2,3,0,4,1,0,0,0,11,8,0,0,1,0,0,82,2026
Koltyn Tholstrup,13123,ME,AD,16,9,3,6,15,0,0,0,1,4,1,0,5,1,1,0,5,8,0,0,1,1,0,83,2026
Daniel Turner,12996,ME,AD,16,18,6,5,23,0,0,0,1,5,3,1,7,2,1,0,9,11,1,0,3,0,0,95,2026
Jacob van Rooyen,13048,ME,AD,16,5,4,10,15,3,0,0,2,0,3,1,3,0,0,0,9,9,0,2,6,0,1,90,2026
Caleb Windsor,13099,ME,AD,16,7,3,9,16,0,0,0,4,0,5,3,1,0,0,0,5,11,0,0,2,2,1,81,2026
Sam Berry,12849,AD,ME,16,10,6,14,24,0,1,0,7,1,2,7,2,1,0,0,11,13,1,0,2,0,2,75,2026
James Borlase,13086,AD,ME,16,10,9,5,15,0,0,0,2,2,0,0,2,1,0,0,5,10,2,0,3,0,0,87,2026
Brayden Cook,12932,AD,ME,16,16,7,5,21,0,0,0,2,7,4,2,2,2,1,0,7,13,0,0,2,1,0,77,2026
Daniel Curtin,13132,AD,ME,16,14,7,6,20,0,1,0,0,4,3,1,3,1,1,0,4,16,0,1,2,0,0,83,2026
Jordan Dawson,12516,AD,ME,16,11,5,7,18,2,1,0,6,2,4,1,6,1,1,0,4,14,0,1,2,2,0,84,2026
Darcy Fogarty,12584,AD,ME,16,9,9,1,10,2,0,0,1,0,3,0,2,0,1,0,4,6,4,2,1,0,0,66,2026
Hugo Hall-Kahan,13328,AD,ME,16,18,9,5,23,0,0,0,3,3,3,1,1,1,0,0,3,18,0,0,0,0,0,66,2026
Mark Keane,12809,AD,ME,16,18,10,4,22,0,0,0,5,4,2,0,1,1,0,0,9,11,2,0,5,0,0,87,2026
Ben Keays,12434,AD,ME,16,8,4,7,15,1,0,0,4,0,5,0,0,1,0,0,5,9,0,1,0,0,2,81,2026
Rory Laird,12165,AD,ME,16,12,10,14,26,0,0,0,2,6,2,3,1,1,0,0,6,19,1,0,2,0,1,81,2026
Lachlan McAndrew,13065,AD,ME,16,4,4,9,13,0,1,26,3,0,2,4,4,2,3,0,6,7,0,0,5,0,0,70,2026
Max Michalanney,13027,AD,ME,16,14,6,6,20,0,0,0,6,5,1,0,2,3,0,0,4,16,0,0,3,0,1,78,2026
Wayne Milera,12405,AD,ME,16,15,6,12,27,1,0,0,1,4,2,1,3,0,1,0,4,22,0,0,2,0,0,81,2026
Nick Murray,12872,AD,ME,16,13,7,4,17,0,0,0,2,3,2,0,2,2,1,0,7,11,1,0,10,0,0,80,2026
Luke Nankervis,13081,AD,ME,16,13,9,9,22,0,0,0,5,1,0,1,1,2,1,0,7,12,2,0,1,1,0,80,2026
Alex Neal-Bullen,12367,AD,ME,16,12,5,4,16,0,0,0,4,0,5,1,1,0,0,0,7,10,0,0,1,0,1,89,2026
James Peatling,12934,AD,ME,16,5,3,10,15,0,1,0,3,1,1,2,2,0,1,0,8,8,0,1,2,0,0,70,2026
Josh Rachele,12953,AD,ME,16,14,6,3,17,3,3,0,0,1,1,0,4,0,2,0,5,10,0,2,1,0,0,75,2026
Izak Rankine,12798,AD,ME,16,15,4,7,22,0,1,0,6,2,7,3,4,1,2,0,7,15,0,0,0,0,2,76,2026
Jake Soligo,12952,AD,ME,16,3,1,5,8,0,0,0,1,1,1,0,3,1,2,0,4,6,0,0,1,0,0,81,2026
Zac Taylor,13159,AD,ME,16,8,1,10,18,0,0,0,2,0,2,2,1,1,0,0,8,10,0,0,3,0,1,70,2026
Riley Thilthorpe,12892,AD,ME,16,5,4,4,9,1,0,11,2,0,0,2,3,0,2,0,6,3,3,1,0,0,0,78,2026
Taylor Walker,11713,AD,ME,16,7,6,5,12,1,0,0,0,0,3,0,2,0,0,0,3,10,0,2,5,0,1,86,2026
Leek Aleer,13020,GW,CA,16,3,4,9,12,0,0,9,7,0,1,2,7,0,3,0,8,4,1,0,1,0,1,53,2026
Ryan Angwin,13001,GW,CA,16,6,2,9,15,0,0,0,3,2,2,0,2,1,1,0,4,10,1,0,1,0,0,83,2026
Lachie Ash,12782,GW,CA,16,18,8,8,26,0,0,0,0,5,3,0,2,0,1,0,4,20,0,0,3,4,0,89,2026
Toby Bedford,12772,GW,CA,16,5,2,9,14,0,1,0,3,1,2,0,1,1,1,0,5,9,0,0,0,0,0,76,2026
Kieren Briggs,12904,GW,CA,16,9,2,3,12,0,0,32,3,3,0,4,0,2,0,0,7,3,1,0,1,0,0,68,2026
Callum Brown,12910,GW,CA,16,5,4,5,10,0,1,0,1,0,1,1,1,0,1,0,5,6,0,1,1,0,0,66,2026
Aaron Cadman,13054,GW,CA,16,5,4,2,7,1,1,0,0,0,2,0,2,0,1,0,0,7,0,1,3,0,1,96,2026
Finn Callaghan,12969,GW,CA,16,16,1,15,31,0,0,0,5,3,6,7,7,4,1,0,12,19,0,0,2,4,1,83,2026
Stephen Coniglio,12028,GW,CA,16,6,2,15,21,0,1,0,0,1,2,3,2,0,0,0,8,13,0,0,2,0,0,77,2026
Brent Daniels,12656,GW,CA,16,7,4,11,18,1,0,0,6,2,2,2,6,0,3,0,5,13,1,1,0,2,0,80,2026
Joe Fonti,13164,GW,CA,16,14,8,5,19,0,0,0,2,4,3,1,5,0,1,0,2,15,0,0,3,4,0,88,2026
Phoenix Gothard,13279,GW,CA,16,2,1,5,7,1,1,0,1,0,0,0,0,1,0,0,2,5,0,1,1,0,0,71,2026
Toby Greene,12025,GW,CA,16,10,4,5,15,3,1,0,0,0,3,2,3,2,0,0,6,9,0,1,0,0,1,81,2026
Harry Himmelberg,12462,GW,CA,16,12,5,7,19,0,0,0,0,6,1,0,2,2,0,0,3,12,0,0,11,0,0,92,2026
Jesse Hogan,12321,GW,CA,16,7,4,3,10,1,3,0,2,0,3,0,1,1,1,0,3,6,1,2,2,0,1,84,2026
Connor Idun,12750,GW,CA,16,16,5,4,20,0,0,0,0,6,1,0,2,2,1,0,3,13,0,0,8,0,0,100,2026
Jayden Laverde,12377,GW,CA,16,6,5,4,10,0,0,0,2,3,1,0,2,0,1,0,3,7,0,0,4,0,0,47,2026
Clayton Oliver,12410,GW,CA,16,13,3,16,29,0,0,0,5,1,7,5,6,0,1,0,12,15,0,0,1,0,0,79,2026
Conor Stone,12886,GW,CA,16,9,3,4,13,2,1,0,1,1,1,1,2,1,1,0,6,9,0,0,2,0,0,53,2026
Jake Stringer,12167,GW,CA,16,5,3,2,7,0,1,0,1,0,3,0,1,0,0,0,1,6,0,1,2,0,1,87,2026
Sam Taylor,12644,GW,CA,16,2,4,8,10,0,0,0,1,1,0,0,4,0,1,0,7,4,2,0,8,0,0,80,2026
Harvey Thomas,13101,GW,CA,16,8,2,10,18,0,0,0,6,5,2,2,3,1,2,0,12,6,0,0,0,0,0,84,2026
Lachie Whitfield,12143,GW,CA,16,14,4,11,25,0,0,0,1,3,0,1,3,3,0,0,6,16,0,1,0,0,1,83,2026
Blake Acres,12276,CA,GW,16,13,8,12,25,0,0,0,3,1,5,2,2,1,0,0,6,17,0,0,2,0,1,86,2026
Ben Ainsworth,12498,CA,GW,16,9,5,7,16,1,2,0,0,0,4,1,2,0,2,0,4,12,0,0,0,0,2,76,2026
Talor Byrne,13297,CA,GW,16,3,1,2,5,0,1,0,2,2,2,0,2,2,2,0,3,3,0,0,0,1,0,61,2026
Adam Cerra,12603,CA,GW,16,11,4,7,18,0,0,0,2,2,3,0,5,1,0,0,9,10,0,0,1,0,0,74,2026
Matthew Cottrell,12822,CA,GW,16,11,0,5,16,2,1,0,3,2,4,0,1,1,0,0,4,10,0,0,0,1,0,83,2026
Lachlan Cowan,13028,CA,GW,16,14,6,6,20,0,0,0,1,4,2,0,4,0,1,0,4,16,0,0,5,0,0,77,2026
Patrick Cripps,12261,CA,GW,16,14,2,19,33,0,0,0,3,1,6,7,5,1,2,0,16,16,0,0,0,0,1,81,2026
Harry Dean,13273,CA,GW,16,7,4,3,10,0,0,0,0,3,0,0,0,0,0,0,4,4,2,0,9,0,0,87,2026
Wade Derksen,13303,CA,GW,16,10,5,8,18,0,0,0,2,5,0,0,2,1,0,0,7,10,1,0,6,0,0,81,2026
Francis Evans,12873,CA,GW,16,5,1,2,7,3,0,0,0,0,0,0,4,0,3,0,4,2,0,1,0,0,0,75,2026
Oliver Florent,12497,CA,GW,16,12,3,7,19,0,0,0,0,4,3,1,5,0,1,0,4,12,0,0,0,1,0,80,2026
Nick Haynes,12091,CA,GW,16,12,4,6,18,0,0,0,2,4,0,1,4,2,1,0,5,14,0,0,3,0,0,87,2026
Will Hayward,12509,CA,GW,16,9,8,8,17,2,0,0,0,0,6,2,2,0,1,0,6,10,2,2,0,0,0,78,2026
George Hewett,12411,CA,GW,16,16,9,14,30,1,1,0,4,1,5,5,0,2,0,0,8,22,1,0,0,0,0,76,2026
Jack Ison,13321,CA,GW,16,4,5,2,6,0,1,0,4,0,2,0,2,0,1,0,1,6,0,1,1,0,0,64,2026
Brodie Kemp,12937,CA,GW,16,9,6,2,11,1,5,0,4,0,2,0,0,1,0,0,4,7,1,5,1,0,0,88,2026
Mitch McGovern,12404,CA,GW,16,9,5,2,11,0,0,0,3,0,2,0,2,1,1,0,5,5,2,2,0,0,1,78,2026
Harry McKay,12566,CA,GW,16,12,7,3,15,1,1,1,1,0,3,1,0,4,0,0,8,8,1,1,2,0,0,84,2026
Nic Newman,12508,CA,GW,16,20,12,5,25,0,1,0,1,4,3,0,1,0,1,0,4,15,1,0,0,0,1,82,2026
Marc Pittonet,12417,CA,GW,16,2,1,11,13,0,0,21,5,0,1,2,6,0,3,0,6,6,0,0,1,0,1,71,2026
Jagga Smith,13274,CA,GW,16,11,1,15,26,0,0,0,1,0,6,6,2,3,1,0,12,13,0,0,3,0,0,72,2026
Sam Walsh,12684,CA,GW,16,11,6,23,34,1,1,0,2,0,2,5,2,0,1,0,9,25,0,1,0,0,0,81,2026
Billy Wilson,13244,CA,GW,16,7,2,8,15,0,0,0,2,3,0,2,1,1,0,0,3,10,0,0,0,1,0,75,2026
Aliir Aliir,12433,PA,CW,16,12,9,2,14,0,0,0,1,6,0,0,2,0,0,0,2,13,2,0,5,0,0,93,2026
Xavier Bamert,13337,PA,CW,16,10,7,5,15,1,2,0,0,0,3,0,1,0,0,0,3,12,0,2,0,0,0,74,2026
Joe Berry,13188,PA,CW,16,3,1,6,9,0,0,0,0,0,0,1,0,0,0,0,3,6,0,0,1,0,0,63,2026
Jase Burgoyne,13007,PA,CW,16,16,5,7,23,0,0,0,6,1,9,1,5,1,0,0,5,12,0,0,1,2,1,79,2026
Zak Butters,12698,PA,CW,16,18,3,7,25,1,0,0,4,0,3,7,2,1,0,0,8,16,0,0,0,0,1,81,2026
Darcy Byrne-Jones,12422,PA,CW,16,25,10,9,34,0,0,0,2,2,3,1,4,0,0,0,8,21,0,0,2,0,0,78,2026
Tom Cochrane,13205,PA,CW,16,6,3,3,9,0,1,0,1,0,2,0,4,0,0,0,4,5,0,0,0,0,0,62,2026
Willem Drew,12695,PA,CW,16,15,7,12,27,0,0,0,4,3,3,2,5,0,0,0,8,19,0,0,2,0,1,91,2026
Corey Durdin,12936,PA,CW,16,7,2,7,14,0,1,0,5,0,1,0,0,1,0,0,8,6,0,0,0,0,0,78,2026
Logan Evans,13156,PA,CW,16,14,6,7,21,0,0,0,0,3,1,1,4,2,1,0,5,13,0,0,2,1,0,84,2026
Mitch Georgiades,12766,PA,CW,16,11,10,5,16,1,3,0,1,0,0,1,5,0,0,0,4,11,0,4,2,0,0,96,2026
Jason Horne-Francis,12956,PA,CW,16,19,9,11,30,0,1,0,6,3,4,6,6,2,3,0,15,16,1,1,1,1,0,83,2026
Lachie Jones,12882,PA,CW,16,7,3,5,12,0,0,0,0,4,1,0,1,2,0,0,6,7,0,0,4,0,0,93,2026
Josh Lai,13301,PA,CW,16,8,8,5,13,0,0,0,2,2,4,0,2,0,1,0,2,11,1,0,3,0,0,87,2026
Jack Lukosius,12704,PA,CW,16,10,5,0,10,0,0,0,3,1,5,0,1,1,0,0,2,8,1,0,4,0,1,42,2026
Ewan Mackinlay,13269,PA,CW,16,7,3,2,9,1,0,0,0,1,2,0,2,0,0,0,3,6,0,0,0,3,0,66,2026
Todd Marshall,12575,PA,CW,16,8,5,2,10,0,3,0,1,0,1,0,5,0,0,0,1,9,0,3,2,0,0,75,2026
Jackson Mead,12946,PA,CW,16,9,4,4,13,0,0,0,0,3,4,2,3,0,1,0,3,9,0,0,0,0,0,76,2026
Harrison Ramm,13270,PA,CW,16,0,0,1,1,0,0,3,2,0,0,0,1,0,1,0,1,0,0,0,5,0,0,74,2026
Esava Ratugolea,12597,PA,CW,16,10,6,0,10,0,0,0,1,4,0,0,1,1,0,0,4,5,1,0,2,0,0,71,2026
Joe Richards,13139,PA,CW,16,8,3,8,16,0,0,0,3,1,2,1,0,0,0,0,4,11,0,0,2,0,0,84,2026
Jordon Sweet,12890,PA,CW,16,11,2,9,20,0,0,34,2,1,5,8,5,2,1,0,13,4,0,0,4,0,0,88,2026
Jack Whitlock,13259,PA,CW,16,5,6,5,10,2,1,0,0,0,1,0,1,1,0,0,2,8,0,3,0,0,0,81,2026
Edward Allan,13146,CW,PA,16,5,0,15,20,0,0,0,1,1,4,2,3,1,1,0,9,11,0,0,1,0,0,78,2026
Jack Buller,13071,CW,PA,16,6,5,5,11,0,3,0,2,0,1,0,5,1,1,0,4,7,2,4,0,0,0,71,2026
Darcy Cameron,12660,CW,PA,16,5,4,6,11,0,0,11,2,0,0,0,6,0,1,0,4,7,1,0,1,0,0,77,2026
Jack Crisp,12061,CW,PA,16,7,1,10,17,0,0,0,2,2,4,1,3,3,2,0,4,14,0,0,4,0,0,82,2026
Josh Daicos,12573,CW,PA,16,16,9,14,30,0,0,0,1,5,2,1,2,0,0,0,4,24,0,0,1,0,0,86,2026
Nick Daicos,12943,CW,PA,16,23,6,18,41,1,1,0,4,1,6,9,6,2,0,0,14,22,0,0,0,2,1,90,2026
Jordan de Goey,12318,CW,PA,16,17,8,9,26,3,1,0,1,0,9,4,3,0,0,0,11,14,1,3,1,0,2,81,2026
Billy Frampton,12676,CW,PA,16,6,7,7,13,0,0,0,0,3,0,0,2,0,2,0,3,10,1,0,7,0,0,100,2026
Harvey Harrison,13068,CW,PA,16,4,2,3,7,0,0,0,5,0,1,0,1,0,1,0,1,6,0,1,0,0,0,68,2026
Dan Houston,12495,CW,PA,16,12,4,7,19,0,0,0,1,4,2,3,2,0,0,0,6,8,0,0,2,0,0,84,2026
Jeremy Howe,11967,CW,PA,16,20,7,4,24,0,0,0,1,9,1,0,2,0,0,0,5,10,2,0,8,0,0,100,2026
Patrick Lipinski,12578,CW,PA,16,9,8,12,21,0,1,0,1,2,0,2,2,0,0,0,4,17,0,1,3,0,0,73,2026
Ned Long,13023,CW,PA,16,7,4,13,20,0,0,0,4,1,2,1,3,0,0,0,4,16,0,0,1,0,1,66,2026
Beau McCreery,12876,CW,PA,16,3,1,6,9,0,0,0,1,0,1,0,2,0,1,0,2,6,1,0,1,1,0,79,2026
Daniel McStay,12291,CW,PA,16,7,7,3,10,1,0,2,4,1,4,0,3,0,1,0,3,7,2,1,1,0,0,73,2026
Tim Membrey,12300,CW,PA,16,7,6,2,9,3,0,0,1,0,2,0,1,0,1,0,2,7,1,3,0,0,0,78,2026
Harry Perryman,12536,CW,PA,16,9,1,4,13,0,0,0,0,3,2,1,3,0,0,0,3,10,0,0,0,0,0,66,2026
Mitch Podhajski,13329,CW,PA,16,6,2,2,8,0,2,0,2,0,0,0,0,0,0,0,3,5,0,2,0,0,0,68,2026
Isaac Quaynor,12740,CW,PA,16,11,8,10,21,0,0,0,1,10,0,1,2,0,1,0,5,13,1,0,6,3,0,82,2026
Lachie Schultz,12700,CW,PA,16,8,5,4,12,2,1,0,2,0,0,1,3,1,1,0,6,5,1,2,1,0,0,86,2026
Steele Sidebottom,11751,CW,PA,16,13,7,12,25,0,0,0,3,2,1,3,2,0,0,0,5,19,0,0,1,0,0,80,2026
Roan Steele,13248,CW,PA,16,6,2,5,11,0,0,0,0,1,1,0,1,0,0,0,2,8,0,0,0,0,1,72,2026
Sam Swadling,13340,CW,PA,16,7,2,11,18,1,0,0,1,1,3,2,2,0,1,0,6,14,0,0,1,0,0,59,2026
Tom Blamires,13287,NM,RI,16,10,5,7,17,0,0,0,3,2,2,1,2,1,0,0,7,10,0,1,2,2,0,75,2026
Charlie Comben,12938,NM,RI,16,10,8,3,13,0,0,0,2,3,0,0,1,0,1,0,5,9,3,0,8,0,0,89,2026
Aidan Corr,12181,NM,RI,16,8,0,3,11,0,0,0,1,2,1,0,2,1,1,0,2,6,0,0,4,0,0,79,2026
Caleb Daniel,12373,NM,RI,16,24,16,16,40,0,0,0,0,7,2,2,2,1,0,0,5,34,0,0,0,0,1,93,2026
Jack Darling,11905,NM,RI,16,7,6,3,10,0,1,0,4,1,1,1,4,1,1,0,5,5,2,1,0,0,0,75,2026
Luke Davies-Uniacke,12590,NM,RI,16,9,4,9,18,0,1,0,2,0,4,2,2,0,0,0,5,11,0,0,0,0,0,78,2026
Zane Duursma,13106,NM,RI,16,7,4,0,7,0,3,0,0,0,0,0,1,3,1,0,4,3,1,2,1,0,0,69,2026
Taylor Goad,13336,NM,RI,16,0,0,3,3,0,0,6,5,0,1,0,0,0,0,0,3,0,0,0,2,0,0,29,2026
Cooper Harvey,13077,NM,RI,16,10,4,9,19,0,0,0,2,1,3,0,1,0,0,0,1,14,0,0,1,0,0,79,2026
Jacob Konstanty,13186,NM,RI,16,10,5,7,17,1,1,0,2,1,2,2,1,1,0,0,7,10,0,1,1,0,1,84,2026
Nick Larkey,12563,NM,RI,16,5,7,6,11,1,1,0,2,0,0,0,1,1,0,0,4,7,1,2,0,0,0,88,2026
Luke McDonald,12246,NM,RI,16,10,6,6,16,0,0,0,1,6,0,0,4,3,1,0,5,11,0,0,7,0,0,91,2026
Colby McKercher,13107,NM,RI,16,15,7,7,22,0,1,0,2,2,4,1,4,1,3,0,2,20,0,1,0,1,0,85,2026
Finn OSullivan,13187,NM,RI,16,8,5,5,13,0,0,0,4,1,4,2,1,0,0,0,5,9,0,0,2,0,1,85,2026
Luke Parker,11953,NM,RI,16,18,11,12,30,0,0,0,2,2,2,1,1,1,1,0,6,22,0,1,1,1,0,87,2026
Harry Sheezel,13034,NM,RI,16,13,9,18,31,0,0,0,4,1,4,5,1,1,1,0,12,18,1,2,2,0,1,83,2026
Jy Simpkin,12502,NM,RI,16,15,8,8,23,0,0,0,1,3,1,2,2,1,1,0,6,16,0,0,0,0,0,81,2026
Charlie Spargo,12622,NM,RI,16,12,9,8,20,0,2,0,1,2,4,0,3,0,1,0,3,17,0,2,0,2,1,76,2026
Dylan Stephens,12796,NM,RI,16,9,5,7,16,1,0,0,0,0,2,0,1,0,1,0,3,13,0,0,0,0,2,79,2026
Cooper Trembath,13263,NM,RI,16,7,5,5,12,4,0,9,5,0,1,1,0,2,0,0,7,5,0,3,0,0,1,73,2026
George Wardlaw,13064,NM,RI,16,10,2,5,15,2,0,0,5,2,3,2,1,0,0,0,5,10,0,0,1,0,0,73,2026
Tristan Xerri,12788,NM,RI,16,8,3,6,14,1,0,15,7,2,2,3,2,1,1,0,11,3,3,1,3,0,0,66,2026
Cameron Zurhaar,12557,NM,RI,16,10,5,2,12,0,0,0,1,3,3,0,3,0,1,0,2,8,1,0,2,1,0,82,2026
Jasper Alger,13242,RI,NM,16,6,3,3,9,1,2,0,0,0,1,0,2,2,2,0,3,7,0,2,0,0,0,75,2026
Kye Annand,13338,RI,NM,16,10,7,4,14,0,0,0,1,1,0,1,5,1,2,0,5,9,1,0,4,0,0,85,2026
Noah Balta,12686,RI,NM,16,8,3,2,10,2,1,11,2,0,4,2,2,0,1,0,7,3,1,2,3,0,0,80,2026
Sam Banks,13078,RI,NM,16,14,7,12,26,0,0,0,0,5,5,0,1,1,0,0,4,19,0,0,0,0,0,82,2026
Nathan Broad,12456,RI,NM,16,7,5,8,15,0,0,0,0,2,0,0,3,1,0,0,6,10,0,0,4,0,0,92,2026
Tom Brown,13096,RI,NM,16,15,8,11,26,0,0,0,0,3,6,2,2,0,1,0,9,16,2,0,4,0,0,82,2026
Seth Campbell,13100,RI,NM,16,16,4,6,22,0,0,0,1,3,2,1,5,0,1,0,2,18,0,0,0,1,0,69,2026
Sam Cumming,13316,RI,NM,16,7,3,11,18,1,0,0,3,0,5,1,2,1,0,0,7,13,0,0,2,0,1,71,2026
Liam Fawcett,13200,RI,NM,16,4,4,1,5,1,0,0,1,0,2,0,0,1,0,0,1,4,0,0,0,0,0,58,2026
Steely Green,13145,RI,NM,16,6,2,3,9,0,0,0,1,0,0,0,3,1,1,0,1,8,0,0,1,0,0,83,2026
Sam Grlj,13290,RI,NM,16,3,1,3,6,0,0,0,2,0,1,0,0,1,0,0,1,5,0,0,0,1,0,63,2026
Taj Hotton,13253,RI,NM,16,1,2,3,4,0,0,0,1,0,1,0,0,0,0,0,3,2,1,1,0,0,0,67,2026
Mykelti Lefau,13113,RI,NM,16,4,3,1,5,1,1,0,2,0,0,0,1,1,1,0,3,2,1,2,1,0,0,93,2026
Ben Miller,12941,RI,NM,16,10,8,8,18,0,0,0,0,4,0,0,1,0,0,0,4,12,2,0,10,1,0,100,2026
Toby Nankervis,12374,RI,NM,16,4,1,7,11,0,0,15,5,1,1,3,3,0,1,0,6,4,0,0,9,0,0,69,2026
Dion Prestia,11917,RI,NM,16,8,6,12,20,0,0,0,2,1,4,1,3,1,1,0,7,14,0,0,2,0,0,80,2026
Patrick Retschko,13313,RI,NM,16,10,2,4,14,0,0,0,3,1,4,0,6,0,2,0,6,9,0,0,0,3,0,81,2026
Maurice Rioli,12935,RI,NM,16,2,2,4,6,0,1,0,1,1,1,0,1,0,1,0,3,3,0,0,0,0,0,64,2026
Jayden Short,12418,RI,NM,16,22,5,7,29,0,0,0,0,7,2,0,2,0,1,0,1,22,0,0,1,0,0,80,2026
Tyler Sonsie,13014,RI,NM,16,8,2,3,11,0,0,0,0,2,2,1,3,0,1,0,5,6,0,0,0,0,0,79,2026
Tim Taranto,12504,RI,NM,16,8,1,15,23,0,1,0,4,1,4,7,4,2,1,0,15,8,0,1,1,0,1,82,2026
James Trezise,13095,RI,NM,16,7,6,13,20,0,0,0,7,0,0,3,3,1,0,0,6,15,0,1,4,0,0,86,2026
Nick Vlastuin,12174,RI,NM,16,7,5,4,11,0,0,0,2,3,3,1,2,1,2,0,4,6,1,0,1,0,0,78,2026
Dan Butler,12490,SK,WB,16,6,1,4,10,0,0,0,5,0,4,0,6,0,3,0,5,5,1,0,1,0,0,80,2026
Ryan Byrnes,12802,SK,WB,16,10,8,7,17,1,0,0,2,1,2,0,2,1,1,0,4,15,0,1,2,0,1,80,2026
Anthony Caminiti,13035,SK,WB,16,5,4,4,9,0,0,0,3,0,1,0,2,0,2,0,3,7,1,0,10,0,0,89,2026
Tom De Koning,12674,SK,WB,16,6,2,2,8,1,1,12,1,1,2,1,5,0,3,0,6,2,1,1,2,0,0,36,2026
Hugo Garcia,13125,SK,WB,16,16,4,20,36,1,0,0,7,1,4,8,4,0,0,0,13,22,0,1,1,1,0,83,2026
Max Hall,13193,SK,WB,16,7,3,14,21,0,2,0,5,2,4,2,4,0,2,0,8,14,0,0,0,3,0,83,2026
Angus Hastie,13116,SK,WB,16,8,1,5,13,0,0,0,2,1,3,0,1,0,0,0,1,11,0,0,2,0,0,75,2026
Jack Higgins,12609,SK,WB,16,4,1,6,10,1,1,0,1,0,0,0,2,1,0,0,7,4,0,1,3,0,0,78,2026
Bradley Hill,12060,SK,WB,16,24,4,13,37,0,0,0,1,5,4,1,1,1,0,0,7,24,0,0,2,2,0,85,2026
Campbell Lake,13331,SK,WB,16,3,4,12,15,1,0,0,2,0,2,2,1,0,0,0,7,8,0,1,0,0,0,84,2026
Jack Macrae,12166,SK,WB,16,8,3,15,23,0,0,0,2,0,5,7,4,0,0,0,12,11,0,0,0,0,0,64,2026
Rowan Marshall,12564,SK,WB,16,7,3,15,22,0,1,25,2,1,4,6,4,2,0,0,16,5,3,0,1,0,0,73,2026
Mitch Owens,12948,SK,WB,16,5,3,9,14,0,2,4,3,0,1,2,3,1,1,0,10,4,1,1,0,0,0,89,2026
Liam Ryan,12600,SK,WB,16,4,1,2,6,0,0,0,3,0,0,0,8,0,4,0,3,3,0,0,0,0,0,79,2026
Cooper Sharman,12929,SK,WB,16,10,7,4,14,1,1,0,0,0,2,0,2,0,0,0,3,11,2,3,1,0,1,93,2026
Jack Silvagni,12458,SK,WB,16,13,8,8,21,0,0,0,3,3,1,0,4,2,3,0,9,12,1,0,8,0,0,96,2026
Jack Sinclair,12325,SK,WB,16,0,0,1,1,0,0,0,0,1,0,0,0,0,0,0,1,0,0,0,0,0,0,9,2026
Liam Stocker,12721,SK,WB,16,8,4,3,11,0,0,0,3,1,1,0,0,0,0,0,3,8,0,0,2,0,0,83,2026
Nasiah Wanganeen-Milera,12950,SK,WB,16,31,2,13,44,1,0,0,1,7,5,1,4,1,0,0,7,29,0,0,0,7,0,78,2026
Callum Wilkie,12703,SK,WB,16,19,14,7,26,0,1,0,2,6,1,0,0,1,0,0,5,20,2,0,4,1,0,100,2026
Darcy Wilson,13110,SK,WB,16,11,6,13,24,1,1,0,3,1,4,5,1,1,0,0,7,17,0,1,0,1,1,89,2026
Marcus Windhager,12967,SK,WB,16,16,6,18,34,0,0,0,3,1,8,5,6,2,2,0,10,24,0,0,0,0,1,85,2026
Mason Wood,12312,SK,WB,16,13,11,10,23,0,0,0,4,1,3,0,0,0,0,0,4,18,1,0,3,0,0,90,2026
Marcus Bontempelli,12269,WB,SK,16,12,5,22,34,1,0,3,7,2,4,13,6,1,2,0,15,20,0,0,3,3,0,81,2026
Lachlan Bramble,12916,WB,SK,16,9,1,7,16,0,0,0,2,2,2,1,0,1,0,0,4,11,0,0,0,3,2,84,2026
Connor Budarick,12769,WB,SK,16,12,4,7,19,0,0,0,1,4,0,0,1,1,0,0,5,8,1,0,4,0,0,79,2026
Nick Coffield,12608,WB,SK,16,12,9,6,18,0,0,0,2,5,2,0,1,0,0,0,2,15,0,0,4,0,0,74,2026
Jordan Croft,13265,WB,SK,16,6,2,4,10,0,1,0,2,2,3,1,4,0,2,0,1,9,0,0,4,1,0,77,2026
Bailey Dale,12354,WB,SK,16,25,6,5,30,0,0,0,0,13,4,1,2,1,1,0,5,16,0,0,1,1,0,82,2026
Tim English,12537,WB,SK,16,8,5,7,15,0,0,25,5,2,4,2,1,1,0,0,6,9,0,1,3,0,0,82,2026
Joel Freijah,13140,WB,SK,16,17,5,7,24,0,1,0,1,4,0,5,4,1,0,0,11,14,0,0,1,0,0,76,2026
Cooper Hynes,13213,WB,SK,16,14,4,6,20,1,1,0,4,1,2,1,4,1,2,0,5,15,1,1,1,0,0,84,2026
Arthur Jones,13046,WB,SK,16,6,3,5,11,1,1,0,2,0,3,0,0,3,0,0,6,7,0,1,3,0,0,68,2026
Luke Kennedy,13333,WB,SK,16,6,2,3,9,1,0,0,3,1,2,0,2,1,0,0,3,6,1,0,0,0,0,67,2026
Matthew Kennedy,12455,WB,SK,16,13,7,15,28,1,0,2,4,2,1,4,3,0,0,0,13,15,0,1,0,0,0,71,2026
Buku Khamis,12900,WB,SK,16,8,5,7,15,0,0,0,1,3,0,0,1,4,0,0,5,10,0,0,8,0,0,100,2026
Will Lewis,13284,WB,SK,16,8,4,4,12,2,1,0,4,0,2,0,6,0,1,0,4,8,0,2,0,0,1,77,2026
Tom Liberatore,11898,WB,SK,16,13,4,10,23,0,0,0,5,2,4,5,1,0,0,0,7,15,0,0,0,0,3,69,2026
Rory Lobb,12282,WB,SK,16,3,2,3,6,2,0,1,1,0,0,0,3,0,2,0,3,3,1,1,1,0,0,67,2026
Lachlan McNeil,12854,WB,SK,16,9,3,9,18,1,0,0,1,1,1,1,1,0,0,0,10,9,0,1,3,1,1,77,2026
Aaron Naughton,12594,WB,SK,16,5,3,3,8,2,1,0,0,0,1,0,1,1,0,0,2,6,0,2,4,0,0,80,2026
James ODonnell,13061,WB,SK,16,10,4,5,15,0,0,0,2,4,3,0,1,4,1,0,6,9,0,0,11,1,1,95,2026
Ed Richards,12605,WB,SK,16,17,4,6,23,0,1,0,2,2,4,4,2,1,0,0,5,16,0,1,1,1,2,72,2026
Ryley Sanders,13103,WB,SK,16,9,5,11,20,0,1,0,4,1,0,2,3,0,1,0,6,14,0,1,0,0,0,79,2026
Michael Sellwood,13276,WB,SK,16,5,5,8,13,0,0,0,0,2,0,0,2,0,0,0,4,8,1,0,4,0,0,85,2026
Rhylee West,12748,WB,SK,16,6,4,3,9,0,2,0,3,0,3,1,2,0,1,0,4,5,0,1,1,0,1,75,2026
Joel Amartey,12844,SY,BL,17,3,2,0,3,0,2,0,1,0,0,0,1,0,0,0,0,2,0,2,2,0,0,68,2026
Riley Bice,13195,SY,BL,17,11,5,12,23,0,0,0,2,2,2,0,6,1,0,0,6,16,0,0,1,0,0,85,2026
Nick Blakey,12699,SY,BL,17,12,1,7,19,0,0,0,2,6,4,1,3,0,0,0,3,11,0,0,2,3,0,86,2026
Caiden Cleary,13157,SY,BL,17,4,2,3,7,0,2,0,0,0,1,0,4,0,3,0,3,5,0,2,2,0,1,69,2026
Harry Cunningham,12015,SY,BL,17,2,2,4,6,0,0,0,1,0,0,0,1,0,1,0,2,4,0,0,5,0,0,80,2026
Charlie Curnow,12421,SY,BL,17,10,7,3,13,3,0,0,0,0,4,0,4,2,0,0,8,5,3,3,3,0,0,92,2026
Will Edwards,13318,SY,BL,17,5,1,9,14,0,0,0,2,3,1,0,3,0,2,0,10,2,1,0,9,0,0,82,2026
Brodie Grundy,12217,SY,BL,17,5,3,13,18,0,0,28,4,0,2,1,8,1,5,0,7,11,0,1,4,1,1,71,2026
Errol Gulden,12862,SY,BL,17,14,4,4,18,0,1,0,6,2,8,0,5,0,1,0,4,13,0,1,0,0,1,77,2026
Joel Hamling,12359,SY,BL,17,5,5,6,11,0,1,0,3,2,1,0,2,0,1,0,5,7,1,1,1,0,0,83,2026
Isaac Heeney,12326,SY,BL,17,11,8,19,30,1,1,0,6,1,3,7,4,3,1,0,14,18,1,1,2,0,0,80,2026
James Jordon,12860,SY,BL,17,10,4,7,17,0,0,0,4,1,5,1,0,2,0,0,6,11,0,0,0,0,1,84,2026
Peter Ladhams,12729,SY,BL,17,3,1,2,5,0,0,17,3,1,0,2,2,0,1,0,4,0,1,0,2,0,0,63,2026
Jake Lloyd,12268,SY,BL,17,10,2,4,14,0,0,0,2,0,2,1,0,0,0,0,4,12,0,0,0,0,0,88,2026
Tom McCartin,12627,SY,BL,17,5,2,9,14,0,0,0,1,4,0,1,2,0,1,0,6,6,0,0,4,0,0,83,2026
Logan McDonald,12861,SY,BL,17,2,1,5,7,1,0,0,0,0,2,0,1,0,0,0,5,1,1,1,0,0,1,73,2026
Callum Mills,12413,SY,BL,17,13,6,19,32,0,0,0,2,8,1,2,0,0,0,0,8,22,0,0,2,0,0,88,2026
Malcolm Rosas,12903,SY,BL,17,5,2,2,7,0,0,0,2,0,3,1,3,1,1,0,3,5,0,0,1,0,0,64,2026
James Rowbottom,12714,SY,BL,17,12,3,11,23,2,0,0,6,3,2,3,3,2,2,0,10,13,0,0,2,0,1,79,2026
Jai Serong,13022,SY,BL,17,7,0,5,12,0,0,0,2,3,2,0,1,0,0,0,3,6,0,0,2,0,1,88,2026
Angus Sheldrick,12951,SY,BL,17,12,4,16,28,1,0,0,2,2,3,5,8,0,2,0,13,15,0,0,0,0,0,59,2026
Chad Warner,12797,SY,BL,17,15,1,13,28,4,1,0,7,1,8,8,2,1,0,0,14,13,0,0,2,5,0,77,2026
Sam Wicks,12818,SY,BL,17,9,3,8,17,0,1,0,2,3,2,0,3,0,0,0,6,11,1,1,1,1,0,81,2026
Harris Andrews,12340,BL,SY,17,9,6,3,12,0,0,0,2,2,0,0,0,3,0,0,7,5,2,0,6,0,0,95,2026
Noah Answerth,12718,BL,SY,17,10,5,4,14,0,0,0,2,2,1,1,2,2,1,0,5,8,0,0,2,0,0,83,2026
Levi Ashcroft,13197,BL,SY,17,17,6,7,24,1,1,0,2,1,5,8,2,0,0,0,13,11,0,1,2,0,0,79,2026
Will Ashcroft,13040,BL,SY,17,22,7,8,30,0,2,0,7,3,8,8,1,1,0,0,11,15,0,0,0,0,0,83,2026
Zac Bailey,12610,BL,SY,17,13,3,7,20,2,1,0,6,3,5,3,0,4,0,0,9,10,0,1,2,0,1,82,2026
Jarrod Berry,12519,BL,SY,17,10,4,8,18,1,0,0,1,5,2,4,3,1,0,0,9,9,0,1,0,0,1,69,2026
Charlie Cameron,12277,BL,SY,17,9,4,3,12,2,1,0,2,1,2,0,1,1,0,0,3,9,0,1,3,0,1,80,2026
Sam Draper,12810,BL,SY,17,7,1,0,7,1,0,24,0,2,3,3,3,3,1,0,8,0,1,0,4,0,0,61,2026
Josh Dunkley,12408,BL,SY,17,18,8,8,26,0,0,0,9,5,4,2,3,0,0,0,5,19,0,0,0,0,1,76,2026
Jaspa Fletcher,13072,BL,SY,17,15,6,6,21,0,0,0,3,4,1,2,1,0,0,0,9,8,0,0,0,1,0,86,2026
Darcy Fort,12724,BL,SY,17,11,5,4,15,1,0,16,1,0,2,4,2,2,1,0,9,6,1,0,1,0,0,56,2026
Ty Gallop,13235,BL,SY,17,13,5,1,14,0,0,0,6,6,0,0,3,0,1,0,4,11,0,0,6,0,0,95,2026
Darcy Gardiner,12267,BL,SY,17,8,7,4,12,0,0,0,0,1,0,0,4,0,2,0,2,10,1,0,10,0,0,88,2026
Eric Hipwood,12454,BL,SY,17,6,2,1,7,1,1,0,2,0,2,0,2,1,1,0,5,2,1,1,1,0,0,74,2026
Ryan Lester,11894,BL,SY,17,5,3,2,7,0,0,0,0,0,3,0,1,0,0,0,1,6,0,0,2,0,0,72,2026
Kai Lohmann,12968,BL,SY,17,10,4,1,11,2,2,0,5,0,4,0,2,1,1,0,7,6,2,2,1,1,1,75,2026
Conor McKenna,12391,BL,SY,17,14,4,1,15,2,2,0,2,0,5,0,4,0,0,0,4,8,0,2,0,2,1,80,2026
Logan Morris,13137,BL,SY,17,6,5,2,8,3,0,0,4,0,2,0,2,1,0,0,1,8,0,3,3,0,1,75,2026
Lachie Neale,12055,BL,SY,17,10,6,17,27,0,1,0,3,1,2,7,1,1,0,0,12,13,0,0,1,0,1,81,2026
Cam Rayner,12592,BL,SY,17,10,4,3,13,3,0,0,2,0,4,4,4,0,1,0,8,5,0,1,3,1,2,82,2026
Bruce Reville,13138,BL,SY,17,8,5,2,10,0,0,0,1,1,3,0,2,0,2,0,1,9,0,0,1,0,1,76,2026
James Tunstill,13005,BL,SY,17,7,5,5,12,0,0,0,0,1,3,0,1,0,0,0,5,7,0,0,2,0,0,74,2026
Darcy Wilmot,13026,BL,SY,17,13,4,3,16,0,0,0,2,4,1,0,4,0,2,0,4,10,1,0,2,0,0,80,2026
Karl Amon,12357,HW,GW,17,13,3,8,21,0,1,0,1,5,3,2,2,1,1,0,3,13,0,0,0,0,0,80,2026
Tom Barrass,12383,HW,GW,17,3,3,3,6,0,0,0,1,0,0,1,2,0,2,0,1,6,0,0,6,0,0,84,2026
Josh Battle,12558,HW,GW,17,17,5,6,23,0,0,0,3,3,0,0,1,0,0,0,3,11,0,0,5,0,0,96,2026
Mabior Chol,12485,HW,GW,17,8,6,1,9,2,1,0,3,0,3,0,2,1,1,0,3,5,1,3,0,0,1,85,2026
Jack Dalton,13304,HW,GW,17,4,2,9,13,2,0,0,6,0,1,0,2,1,0,0,7,8,0,0,2,0,1,79,2026
Massimo DAmbrosio,12998,HW,GW,17,15,2,6,21,0,2,0,5,0,5,1,0,0,0,0,4,16,0,0,1,0,1,87,2026
Will Day,12794,HW,GW,17,14,2,13,27,0,0,0,4,2,7,8,5,2,2,0,15,14,0,0,1,0,1,70,2026
Calsher Dear,13135,HW,GW,17,5,3,4,9,1,1,0,1,0,1,0,2,2,0,0,2,8,0,2,2,0,0,86,2026
Jack Ginnivan,12927,HW,GW,17,14,6,9,23,2,0,0,7,0,8,2,3,1,1,0,7,16,0,2,1,0,1,81,2026
Blake Hardwick,12469,HW,GW,17,16,10,4,20,0,0,0,3,4,1,0,3,1,0,0,7,14,0,0,3,0,0,88,2026
Mitch Lewis,12636,HW,GW,17,6,3,3,9,2,0,0,1,0,3,0,4,1,0,0,3,6,0,2,0,1,0,84,2026
Bailey Macdonald,13069,HW,GW,17,7,2,5,12,0,0,0,5,0,2,1,1,0,0,0,1,9,0,0,0,1,0,83,2026
Connor Macdonald,12954,HW,GW,17,17,3,8,25,1,1,0,2,0,6,3,7,0,2,0,9,14,0,0,1,0,0,78,2026
Cam Mackenzie,13031,HW,GW,17,12,3,15,27,1,1,0,7,2,4,7,5,2,0,0,8,19,1,0,1,0,2,69,2026
Lloyd Meek,12856,HW,GW,17,4,0,7,11,0,0,34,2,1,0,4,2,2,0,0,9,3,0,0,4,0,1,66,2026
Dylan Moore,12710,HW,GW,17,8,4,5,13,0,1,0,1,0,3,0,1,0,1,0,3,9,0,1,1,0,0,87,2026
Harry Morrison,12579,HW,GW,17,8,3,8,16,0,0,0,5,1,2,0,2,0,1,0,5,10,0,0,0,0,1,82,2026
Jai Newcombe,12915,HW,GW,17,12,3,19,31,0,0,0,4,2,2,15,2,4,0,0,21,10,0,0,1,0,0,83,2026
Flynn Perez,12841,HW,GW,17,4,2,5,9,0,0,0,1,2,0,0,2,1,1,0,3,6,0,0,3,0,0,72,2026
Ned Reeves,12906,HW,GW,17,4,0,1,5,0,0,31,2,0,0,4,0,3,0,0,6,0,0,0,5,0,0,53,2026
James Sicily,12332,HW,GW,17,16,10,6,22,0,0,0,1,4,5,2,2,0,1,0,8,13,1,0,5,1,0,91,2026
Josh Ward,12955,HW,GW,17,7,3,9,16,0,0,0,3,0,7,4,3,0,2,0,8,8,0,0,2,0,0,78,2026
Nick Watson,13105,HW,GW,17,5,1,0,5,3,1,0,1,0,0,0,0,0,0,0,4,1,1,1,0,0,0,37,2026
Leek Aleer,13020,GW,HW,17,5,0,4,9,0,0,8,7,1,1,2,2,0,2,0,6,2,0,0,4,0,0,61,2026
Ryan Angwin,13001,GW,HW,17,9,3,7,16,0,1,0,5,3,1,3,2,1,1,0,4,11,1,0,3,0,0,79,2026
Lachie Ash,12782,GW,HW,17,14,3,14,28,1,0,0,1,5,2,3,2,0,0,0,8,15,0,1,1,1,1,87,2026
Toby Bedford,12772,GW,HW,17,3,0,9,12,0,1,0,9,0,1,1,3,2,3,0,5,6,0,0,0,0,0,83,2026
Kieren Briggs,12904,GW,HW,17,2,0,9,11,0,0,17,4,4,1,1,4,0,2,0,9,2,0,0,1,0,0,88,2026
Callum Brown,12910,GW,HW,17,8,5,3,11,3,0,2,2,1,1,1,1,1,0,0,5,8,1,3,1,0,1,65,2026
Aaron Cadman,13054,GW,HW,17,8,6,2,10,2,0,0,3,0,2,0,1,1,0,0,5,5,2,2,0,0,0,89,2026
Finn Callaghan,12969,GW,HW,17,20,5,14,34,1,0,0,5,7,4,4,9,1,3,0,9,25,0,0,2,0,1,82,2026
Stephen Coniglio,12028,GW,HW,17,7,2,7,14,1,0,0,3,0,2,0,2,0,1,0,7,8,0,0,1,0,0,86,2026
Brent Daniels,12656,GW,HW,17,1,1,3,4,0,0,0,4,1,0,0,0,0,0,0,1,2,0,0,0,0,0,30,2026
Joe Fonti,13164,GW,HW,17,14,10,7,21,0,0,0,4,3,0,0,5,1,3,0,3,21,0,0,9,1,0,83,2026
Phoenix Gothard,13279,GW,HW,17,7,0,13,20,0,1,0,9,1,1,3,1,0,0,0,12,7,0,0,0,1,1,79,2026
Toby Greene,12025,GW,HW,17,20,3,4,24,2,2,0,1,1,7,4,4,1,1,0,9,11,2,1,1,0,1,84,2026
Max Gruzewski,13158,GW,HW,17,4,3,3,7,0,2,0,1,0,2,0,1,1,0,0,3,5,0,1,0,0,0,40,2026
Harry Himmelberg,12462,GW,HW,17,10,8,9,19,0,0,0,0,3,1,0,1,2,0,0,5,14,1,0,5,0,0,97,2026
Connor Idun,12750,GW,HW,17,11,7,8,19,0,0,0,2,2,1,0,3,0,1,0,6,11,1,0,7,0,0,100,2026
Clayton Oliver,12410,GW,HW,17,15,3,19,34,1,0,0,9,2,7,3,5,1,2,0,12,23,0,0,3,0,1,87,2026
Harrison Oliver,13325,GW,HW,17,3,1,5,8,0,0,0,2,2,1,0,1,0,0,0,2,6,0,0,2,0,1,62,2026
Conor Stone,12886,GW,HW,17,5,1,3,8,0,0,0,1,2,0,1,3,0,1,0,3,4,0,1,2,0,0,83,2026
Jake Stringer,12167,GW,HW,17,6,3,5,11,1,2,0,0,0,1,0,0,0,0,0,6,5,1,3,3,0,2,81,2026
Sam Taylor,12644,GW,HW,17,5,3,8,13,0,0,0,5,2,0,0,0,1,0,0,6,8,1,0,15,0,0,89,2026
Harvey Thomas,13101,GW,HW,17,4,3,13,17,0,0,0,5,2,1,3,2,1,1,0,11,10,0,0,3,0,0,82,2026
Lachie Whitfield,12143,GW,HW,17,17,4,16,33,0,0,0,2,7,3,1,2,1,1,0,9,19,0,0,1,0,0,81,2026
Bo Allan,13221,WC,CA,17,9,6,6,15,1,0,0,2,1,2,1,1,0,0,0,5,10,0,0,3,0,0,70,2026
Liam Baker,12661,WC,CA,17,12,3,8,20,0,0,0,3,3,5,2,3,1,2,0,9,12,0,0,0,1,1,86,2026
Rhett Bazzo,13000,WC,CA,17,4,3,2,6,0,0,0,3,3,0,0,3,0,1,0,2,4,1,0,8,1,0,89,2026
Tom Cole,12446,WC,CA,17,4,3,7,11,0,0,0,3,0,1,0,3,0,3,0,2,9,0,0,0,0,1,87,2026
Hamish Davis,13210,WC,CA,17,5,4,8,13,0,1,0,3,4,1,1,3,2,1,0,6,8,0,0,1,0,0,77,2026
Cooper Duff-Tytler,13291,WC,CA,17,4,1,2,6,0,0,6,1,2,1,1,1,2,1,0,2,4,0,0,0,0,0,51,2026
Liam Duggan,12334,WC,CA,17,6,3,7,13,0,0,0,1,3,1,0,0,0,0,0,2,10,0,0,5,3,0,81,2026
Willem Duursma,13292,WC,CA,17,7,1,5,12,1,0,0,1,0,3,0,3,1,0,0,6,5,0,0,0,1,0,72,2026
Jack Graham,12576,WC,CA,17,13,3,10,23,0,0,0,3,2,4,4,2,0,0,0,6,17,0,0,0,0,0,72,2026
Marcus Herbert,13339,WC,CA,17,11,6,4,15,0,0,0,2,3,0,0,1,0,0,0,3,10,1,0,1,1,0,80,2026
Elijah Hewett,13044,WC,CA,17,6,3,5,11,0,0,0,3,2,1,0,3,0,1,0,5,6,0,0,0,0,0,71,2026
Brady Hough,12957,WC,CA,17,3,1,8,11,2,0,0,2,2,0,3,2,1,2,0,5,7,0,0,0,0,0,80,2026
Jack Hutchinson,13151,WC,CA,17,2,3,5,7,0,0,0,3,0,2,1,3,0,1,0,3,4,0,0,2,0,0,66,2026
Ryan Maric,13070,WC,CA,17,10,2,7,17,0,0,0,1,1,3,0,2,2,0,0,6,11,0,0,0,0,0,74,2026
Tom McCarthy,13240,WC,CA,17,16,4,3,19,0,0,0,1,8,1,1,2,1,0,0,4,10,0,0,2,1,0,77,2026
Milan Murdock,13294,WC,CA,17,4,2,10,14,1,0,0,3,0,1,0,4,0,1,0,6,8,0,0,2,0,0,78,2026
Harley Reid,13111,WC,CA,17,15,1,8,23,1,0,0,3,2,10,12,9,5,4,0,15,12,0,0,3,4,0,85,2026
Jobe Shanahan,13247,WC,CA,17,2,1,4,6,1,0,0,2,0,0,0,0,0,0,0,4,2,1,0,0,0,1,91,2026
Brandon Starcevich,12668,WC,CA,17,7,3,3,10,0,0,0,0,2,2,0,2,1,2,0,3,5,1,0,1,0,0,75,2026
Jake Waterman,12601,WC,CA,17,9,5,4,13,0,3,0,2,0,3,0,1,1,0,0,4,7,0,4,0,0,1,92,2026
Bailey Williams,12836,WC,CA,17,7,1,4,11,2,1,34,1,0,2,5,4,2,1,0,6,5,0,0,3,0,1,81,2026
Elliot Yeo,12087,WC,CA,17,8,3,7,15,0,1,0,4,0,4,3,1,1,0,0,7,8,0,0,2,0,0,73,2026
Tylar Young,13043,WC,CA,17,10,4,0,10,0,0,0,1,5,2,0,2,1,2,0,3,6,1,0,4,0,0,93,2026
Blake Acres,12276,CA,WC,17,13,7,8,21,0,1,0,2,5,3,0,3,0,0,0,2,17,0,1,0,1,1,87,2026
Ben Ainsworth,12498,CA,WC,17,14,9,14,28,1,1,0,2,1,8,5,1,0,0,0,7,20,0,1,0,0,3,80,2026
Talor Byrne,13297,CA,WC,17,8,6,3,11,3,0,0,5,0,1,0,2,2,1,0,3,7,0,4,0,0,1,70,2026
Adam Cerra,12603,CA,WC,17,12,6,6,18,0,1,0,5,1,3,1,1,2,0,0,4,13,1,1,0,0,0,67,2026
Matthew Cottrell,12822,CA,WC,17,7,0,6,13,1,0,0,2,1,2,0,0,1,0,0,6,7,0,0,1,0,1,84,2026
Lachlan Cowan,13028,CA,WC,17,17,9,2,19,0,0,0,1,6,2,1,4,1,1,0,5,16,1,0,6,0,1,85,2026
Patrick Cripps,12261,CA,WC,17,12,4,19,31,1,2,1,6,0,1,9,8,2,4,0,16,17,2,4,1,0,0,80,2026
Harry Dean,13273,CA,WC,17,11,9,2,13,0,0,0,4,1,1,1,1,2,0,0,3,10,0,0,6,0,1,89,2026
Wade Derksen,13303,CA,WC,17,8,6,3,11,0,0,0,0,4,0,0,0,1,0,0,3,8,0,0,3,0,0,77,2026
Francis Evans,12873,CA,WC,17,9,5,8,17,2,2,0,2,0,6,1,1,0,1,0,7,10,3,2,0,0,0,75,2026
Oliver Florent,12497,CA,WC,17,11,2,8,19,0,0,0,3,5,3,0,0,0,0,0,4,12,0,0,2,0,0,81,2026
Nick Haynes,12091,CA,WC,17,13,8,10,23,0,0,0,3,0,2,0,2,1,1,0,2,20,1,0,5,0,0,81,2026
Will Hayward,12509,CA,WC,17,12,6,6,18,1,1,0,4,2,4,1,2,0,2,0,8,11,1,0,2,0,0,80,2026
George Hewett,12411,CA,WC,17,11,4,15,26,2,1,0,1,1,2,4,1,1,1,0,6,19,0,0,1,0,0,73,2026
Jack Ison,13321,CA,WC,17,8,6,5,13,0,1,0,2,0,5,0,2,0,0,0,5,8,1,1,1,0,0,73,2026
Brodie Kemp,12937,CA,WC,17,7,7,8,15,0,0,0,3,0,4,0,1,1,1,0,4,12,0,0,0,0,3,87,2026
Mitch McGovern,12404,CA,WC,17,7,5,4,11,2,1,0,1,0,1,0,1,0,0,0,2,8,1,4,2,0,0,75,2026
Harry McKay,12566,CA,WC,17,11,6,8,19,3,1,3,1,1,3,3,7,3,4,0,10,8,1,2,1,1,1,73,2026
Nic Newman,12508,CA,WC,17,19,8,3,22,0,0,0,4,5,3,0,1,2,0,0,3,15,0,0,1,0,0,81,2026
Marc Pittonet,12417,CA,WC,17,7,1,9,16,0,0,18,2,0,1,8,4,0,2,0,14,3,1,0,2,0,0,72,2026
Jagga Smith,13274,CA,WC,17,8,3,15,23,1,1,0,3,1,0,9,2,0,1,0,15,10,0,0,0,0,0,75,2026
Sam Walsh,12684,CA,WC,17,10,4,23,33,0,0,0,4,3,3,5,1,2,0,0,9,24,0,0,0,0,0,76,2026
Billy Wilson,13244,CA,WC,17,16,12,9,25,0,0,0,1,3,3,0,4,1,2,0,4,21,0,0,1,2,0,79,2026
Jasper Alger,13242,RI,CW,17,5,4,4,9,2,0,0,0,0,1,0,0,1,0,0,3,6,0,2,2,0,0,71,2026
Kye Annand,13338,RI,CW,17,7,5,0,7,0,0,0,1,1,2,0,2,2,1,0,3,5,0,0,5,0,0,89,2026
Noah Balta,12686,RI,CW,17,6,4,8,14,1,0,14,0,0,1,1,4,0,1,0,9,5,2,2,2,0,1,77,2026
Sam Banks,13078,RI,CW,17,11,2,3,14,0,0,0,1,3,2,0,2,0,1,0,3,8,0,0,0,0,0,84,2026
Nathan Broad,12456,RI,CW,17,9,7,8,17,0,0,0,1,3,0,0,1,0,0,0,2,13,0,0,7,0,0,90,2026
Tom Brown,13096,RI,CW,17,9,2,9,18,0,1,0,0,1,1,1,1,0,0,0,7,11,0,0,3,0,0,78,2026
Seth Campbell,13100,RI,CW,17,9,2,11,20,0,0,0,0,2,5,3,5,0,1,0,5,15,0,0,1,4,3,79,2026
Sam Cumming,13316,RI,CW,17,11,4,16,27,0,0,0,2,3,4,4,6,4,2,0,12,17,0,1,1,0,1,74,2026
Steely Green,13145,RI,CW,17,12,6,4,16,0,1,0,1,4,2,2,2,0,0,0,3,13,0,1,2,0,0,79,2026
Sam Grlj,13290,RI,CW,17,8,3,5,13,1,1,0,2,0,2,0,3,1,1,0,1,12,0,0,0,1,0,83,2026
Taj Hotton,13253,RI,CW,17,4,2,13,17,0,0,0,7,0,3,3,3,0,1,0,8,10,0,0,1,0,0,65,2026
Mykelti Lefau,13113,RI,CW,17,1,2,6,7,0,0,1,0,0,0,0,3,0,1,0,2,5,0,0,2,0,0,87,2026
Rhyan Mansell,12883,RI,CW,17,8,5,4,12,3,1,0,4,0,1,0,1,1,0,0,4,7,1,2,0,0,0,61,2026
Ben Miller,12941,RI,CW,17,13,11,3,16,0,0,0,0,7,0,0,0,0,0,0,1,12,0,0,1,1,0,100,2026
Toby Nankervis,12374,RI,CW,17,4,1,10,14,0,0,18,3,0,1,5,2,0,1,0,6,8,0,0,2,0,0,67,2026
Dion Prestia,11917,RI,CW,17,7,2,9,16,0,0,0,5,0,2,1,5,0,2,0,5,11,1,2,1,0,2,68,2026
Patrick Retschko,13313,RI,CW,17,16,10,10,26,0,1,0,0,5,5,0,0,0,0,0,4,21,0,1,1,3,1,91,2026
Maurice Rioli,12935,RI,CW,17,1,1,4,5,0,0,0,1,0,1,0,1,1,0,0,2,4,0,0,0,0,0,69,2026
Jack Ross,12712,RI,CW,17,8,4,16,24,0,0,0,3,0,5,5,2,1,1,0,10,15,0,0,1,3,0,67,2026
Jayden Short,12418,RI,CW,17,17,4,4,21,0,0,0,1,3,3,0,4,1,2,0,2,12,0,0,0,0,0,84,2026
Tim Taranto,12504,RI,CW,17,16,3,10,26,4,0,0,2,2,7,3,7,2,2,0,11,15,0,2,0,0,1,85,2026
James Trezise,13095,RI,CW,17,6,4,14,20,0,0,0,1,2,2,2,3,0,0,0,7,15,0,0,4,0,0,76,2026
Nick Vlastuin,12174,RI,CW,17,11,6,10,21,0,0,0,2,5,1,1,2,2,0,0,7,13,0,0,3,0,0,78,2026
Edward Allan,13146,CW,RI,17,5,3,12,17,0,1,0,9,1,3,4,2,2,2,0,6,12,0,0,2,0,0,70,2026
Jack Buller,13071,CW,RI,17,4,6,4,8,2,1,0,0,0,0,0,0,0,0,0,3,5,2,4,0,0,0,76,2026
Darcy Cameron,12660,CW,RI,17,5,2,8,13,0,0,21,4,2,0,4,4,1,0,0,9,3,1,1,3,0,1,78,2026
Jack Crisp,12061,CW,RI,17,13,8,13,26,0,0,0,5,4,3,1,2,2,0,0,9,21,0,0,3,0,1,71,2026
Josh Daicos,12573,CW,RI,17,19,9,10,29,0,3,0,4,2,4,1,3,0,1,0,8,20,0,2,2,0,0,87,2026
Nick Daicos,12943,CW,RI,17,23,6,14,37,3,0,0,3,2,9,7,4,4,2,0,11,26,0,0,0,1,1,87,2026
Jordan de Goey,12318,CW,RI,17,16,7,11,27,1,1,0,2,3,7,3,2,0,1,0,5,19,1,2,0,0,4,84,2026
Billy Frampton,12676,CW,RI,17,10,7,4,14,0,0,0,1,4,2,0,2,1,1,0,4,12,2,0,8,1,0,100,2026
Harvey Harrison,13068,CW,RI,17,6,5,4,10,0,0,0,1,0,2,0,3,0,0,0,1,9,0,0,0,1,1,79,2026
Dan Houston,12495,CW,RI,17,18,11,10,28,1,2,0,1,3,2,1,1,1,0,0,5,23,1,0,0,1,0,76,2026
Jeremy Howe,11967,CW,RI,17,10,4,2,12,0,0,0,2,3,1,0,5,1,2,0,1,9,0,0,6,0,0,88,2026
Patrick Lipinski,12578,CW,RI,17,7,4,9,16,2,1,0,1,0,3,1,2,0,1,0,5,12,0,2,0,0,0,78,2026
Ned Long,13023,CW,RI,17,6,6,7,13,0,0,0,8,1,1,0,4,0,1,0,0,12,0,1,1,0,0,72,2026
Beau McCreery,12876,CW,RI,17,6,2,4,10,0,0,0,6,2,4,2,1,0,1,0,4,6,0,0,2,1,2,77,2026
Daniel McStay,12291,CW,RI,17,4,3,5,9,0,0,4,2,0,2,1,1,2,0,0,4,5,0,0,1,0,1,77,2026
Tim Membrey,12300,CW,RI,17,8,8,4,12,2,2,0,1,1,0,0,3,1,2,0,3,9,0,5,0,0,0,84,2026
Scott Pendlebury,4182,CW,RI,17,8,3,17,25,0,0,0,2,1,2,3,5,0,1,0,9,16,0,0,0,0,1,69,2026
Harry Perryman,12536,CW,RI,17,13,6,4,17,0,0,0,3,3,2,1,3,0,1,0,5,12,0,0,2,0,0,81,2026
Isaac Quaynor,12740,CW,RI,17,7,6,8,15,0,0,0,1,4,0,0,0,0,0,0,1,14,0,0,3,1,0,78,2026
Lachie Schultz,12700,CW,RI,17,8,3,8,16,4,1,0,3,1,1,1,1,2,0,0,6,9,0,2,1,0,0,84,2026
Steele Sidebottom,11751,CW,RI,17,10,7,7,17,0,0,0,0,2,4,0,1,0,0,0,1,17,0,0,3,2,0,81,2026
Roan Steele,13248,CW,RI,17,7,3,1,8,0,1,0,1,0,3,0,1,0,0,0,2,5,1,1,2,0,0,66,2026
Sam Swadling,13340,CW,RI,17,3,3,5,8,0,0,0,1,0,1,0,0,0,0,0,1,7,0,0,0,1,0,59,2026
Aliir Aliir,12433,PA,AD,17,11,7,1,12,0,0,0,1,5,1,0,1,2,1,0,4,8,1,0,2,0,0,100,2026
Xavier Bamert,13337,PA,AD,17,6,3,2,8,1,1,0,1,0,3,0,5,1,1,0,2,6,0,2,0,0,0,67,2026
Joe Berry,13188,PA,AD,17,10,4,3,13,2,0,0,2,1,3,1,0,3,0,0,5,8,0,0,0,0,0,67,2026
Jase Burgoyne,13007,PA,AD,17,6,3,6,12,2,0,0,5,2,2,0,3,0,0,0,6,7,1,2,2,0,0,82,2026
Zak Butters,12698,PA,AD,17,25,4,12,37,0,1,0,7,3,11,13,4,2,0,0,23,12,1,0,0,0,0,84,2026
Darcy Byrne-Jones,12422,PA,AD,17,10,3,4,14,0,0,0,1,1,0,1,1,0,0,0,3,10,0,0,0,0,0,78,2026
Willem Drew,12695,PA,AD,17,8,0,6,14,0,0,0,9,1,3,2,2,1,0,0,8,7,0,0,1,0,0,86,2026
Corey Durdin,12936,PA,AD,17,7,3,1,8,3,2,0,1,0,2,0,1,0,1,0,3,4,0,0,1,0,0,78,2026
Logan Evans,13156,PA,AD,17,11,7,2,13,0,0,0,1,4,0,0,1,0,0,0,2,10,1,0,2,0,0,84,2026
Mitch Georgiades,12766,PA,AD,17,13,11,3,16,3,4,0,1,0,0,0,2,0,1,0,4,11,3,6,0,0,0,91,2026
Jason Horne-Francis,12956,PA,AD,17,23,5,6,29,1,3,0,2,0,4,10,3,4,3,0,12,15,0,1,1,2,0,80,2026
Lachie Jones,12882,PA,AD,17,8,5,3,11,0,0,0,4,3,0,0,2,1,1,0,3,6,0,0,0,0,0,88,2026
Josh Lai,13301,PA,AD,17,12,10,1,13,0,0,0,1,4,2,0,1,0,0,0,5,8,2,0,1,0,0,86,2026
Jack Lukosius,12704,PA,AD,17,9,5,1,10,0,0,0,4,1,6,0,3,0,2,0,3,8,0,0,1,0,0,69,2026
Jackson Mead,12946,PA,AD,17,10,5,2,12,0,1,0,1,1,3,2,3,0,1,0,4,8,0,1,0,0,1,57,2026
Joe Richards,13139,PA,AD,17,16,5,2,18,0,1,0,6,1,4,3,2,2,1,0,10,8,1,1,1,0,2,80,2026
Jordon Sweet,12890,PA,AD,17,6,2,4,10,0,0,38,3,0,3,5,5,0,3,0,10,0,2,0,4,0,0,80,2026
Dante Visentini,13073,PA,AD,17,3,2,2,5,0,0,9,1,1,2,1,2,1,2,0,5,1,1,1,1,0,1,68,2026
Jacob Wehr,12991,PA,AD,17,6,1,3,9,0,0,0,2,2,1,2,4,0,2,0,3,5,0,0,3,0,0,79,2026
Jack Whitlock,13259,PA,AD,17,6,6,6,12,0,2,0,1,0,0,0,0,1,0,0,8,5,3,2,4,0,2,92,2026
Ollie Wines,12150,PA,AD,17,6,4,13,19,0,0,0,7,0,2,2,4,2,0,0,7,11,0,1,0,0,1,68,2026
Mitch Zadow,13305,PA,AD,17,2,0,2,4,1,1,0,0,0,0,0,3,0,3,0,4,0,0,0,0,0,1,50,2026
Brandon Zerk-Thatcher,12757,PA,AD,17,6,5,1,7,0,0,0,2,4,0,0,3,0,1,0,1,6,0,0,3,0,0,84,2026
Sam Berry,12849,AD,PA,17,8,4,10,18,0,0,0,10,1,2,3,6,0,3,0,8,10,0,0,0,0,1,62,2026
James Borlase,13086,AD,PA,17,9,6,3,12,0,0,0,1,3,0,0,0,1,0,0,6,5,2,0,1,0,0,90,2026
Brayden Cook,12932,AD,PA,17,4,1,4,8,0,0,0,0,0,1,0,2,1,0,0,4,3,0,0,3,0,0,72,2026
Isaac Cumming,12629,AD,PA,17,5,3,6,11,0,0,0,4,3,1,1,2,1,1,0,2,8,0,0,3,0,0,64,2026
Daniel Curtin,13132,AD,PA,17,5,2,5,10,0,0,0,7,0,2,1,4,0,0,0,4,6,0,0,0,0,0,86,2026
Jordan Dawson,12516,AD,PA,17,16,6,9,25,0,1,0,6,2,6,4,3,2,1,0,11,15,0,0,2,1,1,83,2026
Darcy Fogarty,12584,AD,PA,17,10,4,6,16,5,1,0,0,0,1,1,6,1,3,0,11,5,2,4,2,0,1,83,2026
Hugo Hall-Kahan,13328,AD,PA,17,12,2,8,20,0,0,0,0,6,1,0,3,1,1,0,4,11,0,0,0,1,0,74,2026
Mark Keane,12809,AD,PA,17,11,3,6,17,0,0,0,0,6,1,0,5,1,1,0,3,7,0,0,4,0,0,91,2026
Ben Keays,12434,AD,PA,17,7,1,4,11,1,0,0,4,0,5,0,2,2,1,0,4,6,0,0,1,0,1,80,2026
Rory Laird,12165,AD,PA,17,14,7,5,19,0,0,0,3,3,2,2,5,1,3,0,4,12,0,0,1,0,1,74,2026
Lachlan McAndrew,13065,AD,PA,17,3,2,11,14,0,0,22,8,0,3,4,1,1,0,0,10,4,0,0,5,0,1,75,2026
Max Michalanney,13027,AD,PA,17,7,3,4,11,0,0,0,1,2,0,0,3,2,0,0,5,7,1,0,1,0,0,82,2026
Luke Nankervis,13081,AD,PA,17,7,2,7,14,0,0,0,2,2,1,2,0,0,0,0,6,7,1,0,2,0,0,79,2026
Alex Neal-Bullen,12367,AD,PA,17,8,0,9,17,1,0,0,4,0,2,0,3,0,0,0,6,10,0,0,0,0,0,84,2026
James Peatling,12934,AD,PA,17,6,2,9,15,0,0,0,2,0,1,0,2,0,1,0,5,9,1,0,0,0,1,81,2026
Josh Rachele,12953,AD,PA,17,6,1,3,9,1,0,0,1,0,1,0,0,1,0,0,3,6,0,1,1,0,0,75,2026
Izak Rankine,12798,AD,PA,17,8,4,4,12,0,0,0,0,2,2,2,3,0,1,0,4,9,0,0,1,0,0,78,2026
Jake Soligo,12952,AD,PA,17,10,2,7,17,0,0,0,5,1,2,1,4,4,1,0,8,8,0,0,0,0,0,84,2026
Zac Taylor,13159,AD,PA,17,4,2,6,10,2,0,0,1,1,1,0,2,0,1,0,4,7,1,1,0,0,1,70,2026
Riley Thilthorpe,12892,AD,PA,17,9,8,4,13,1,0,9,0,0,4,1,2,0,2,0,9,5,4,2,3,0,0,78,2026
Taylor Walker,11713,AD,PA,17,12,9,1,13,0,2,0,0,0,4,0,0,1,0,0,1,13,0,1,3,0,0,70,2026
Josh Worrell,12912,AD,PA,17,17,5,4,21,0,0,0,4,6,2,0,1,3,0,0,7,9,1,0,8,1,0,89,2026
Beau Addinsall,13341,GC,FR,17,1,2,14,15,0,0,0,5,0,0,2,3,1,2,0,7,9,0,0,1,0,0,66,2026
Noah Anderson,12767,GC,FR,17,18,8,15,33,0,0,0,3,4,2,8,3,0,0,0,8,24,0,0,1,1,0,83,2026
Mac Andrew,13019,GC,FR,17,14,7,6,20,0,0,0,0,5,3,0,5,2,1,0,2,17,0,0,7,0,0,87,2026
Charlie Ballard,12625,GC,FR,17,4,2,1,5,0,0,0,0,0,0,0,2,0,2,0,0,5,0,0,4,0,0,75,2026
Sam Collins,12444,GC,FR,17,6,3,3,9,0,0,0,0,2,0,0,3,0,0,0,3,6,0,0,5,0,0,93,2026
Nick Holman,12307,GC,FR,17,4,1,11,15,0,0,0,4,1,1,2,4,3,1,0,11,5,0,0,1,0,1,72,2026
Bailey Humphrey,13049,GC,FR,17,2,0,4,6,0,0,0,5,0,1,0,4,1,2,0,5,2,0,0,1,0,0,74,2026
Joel Jeffrey,12933,GC,FR,17,11,6,3,14,0,0,0,0,2,1,0,3,0,1,0,0,11,0,0,0,0,0,83,2026
Ben Jepson,13257,GC,FR,17,7,3,2,9,0,0,0,6,2,1,0,3,0,1,0,3,7,0,0,1,0,0,68,2026
Ben King,12728,GC,FR,17,5,1,2,7,1,2,0,1,0,1,0,2,2,1,0,4,2,0,1,2,0,0,97,2026
Leo Lombard,13232,GC,FR,17,11,2,9,20,0,0,0,4,1,5,3,5,2,1,0,11,8,0,0,0,0,1,78,2026
Ben Long,12521,GC,FR,17,6,3,1,7,0,2,0,2,0,1,1,2,1,1,0,4,3,0,1,2,0,1,81,2026
Touk Miller,12331,GC,FR,17,9,5,9,18,0,1,0,3,1,2,1,0,1,0,0,7,13,0,0,1,0,0,88,2026
Ned Moyle,13050,GC,FR,17,0,1,3,3,0,0,24,1,0,0,2,0,2,0,0,3,1,0,0,2,0,0,56,2026
Jai Murray,13332,GC,FR,17,9,2,5,14,0,0,0,0,5,1,1,4,0,1,0,6,8,0,0,0,0,0,74,2026
John Noble,12743,GC,FR,17,11,5,5,16,0,0,0,1,3,4,0,1,0,0,0,4,11,0,0,1,2,0,82,2026
Christian Petracca,12430,GC,FR,17,12,2,5,17,0,2,0,0,1,5,5,4,0,0,0,10,7,0,1,0,0,0,80,2026
Wil Powell,12652,GC,FR,17,13,5,3,16,0,1,0,2,6,3,0,1,2,1,0,4,9,0,0,0,0,0,76,2026
Matt Rowell,12768,GC,FR,17,10,1,12,22,0,0,0,5,3,4,6,1,2,0,0,12,10,0,0,1,0,0,79,2026
Bodhi Uwland,13041,GC,FR,17,15,5,9,24,0,0,0,0,3,1,0,1,2,0,0,5,12,0,0,8,0,0,86,2026
Zeke Uwland,13278,GC,FR,17,14,8,9,23,0,0,0,2,3,3,2,4,0,2,0,8,15,0,0,1,2,0,77,2026
Jed Walter,13114,GC,FR,17,5,3,3,8,2,1,0,0,0,1,0,1,0,0,0,5,3,2,1,2,0,0,95,2026
Jarrod Witts,12177,GC,FR,17,1,0,7,8,0,0,18,1,1,0,3,1,0,1,0,7,2,0,0,6,0,0,52,2026
Jye Amiss,12983,FR,GC,17,5,4,2,7,1,2,0,1,0,2,0,2,0,0,0,3,4,2,3,0,0,0,91,2026
Shai Bolton,12535,FR,GC,17,14,6,12,26,0,0,0,5,1,5,2,3,1,1,0,7,19,0,1,0,2,1,80,2026
Andrew Brayshaw,12589,FR,GC,17,16,9,13,29,1,1,0,6,1,8,1,3,2,1,0,4,26,0,1,1,1,1,77,2026
Heath Chapman,12875,FR,GC,17,7,4,8,15,0,0,0,3,4,1,0,2,1,1,0,6,9,0,0,0,0,1,72,2026
Jordan Clark,12688,FR,GC,17,13,5,11,24,0,0,0,4,3,4,1,2,2,1,0,9,16,0,0,2,0,0,81,2026
Brennan Cox,12544,FR,GC,17,9,6,8,17,0,0,0,2,4,0,0,5,1,2,0,6,10,0,0,7,0,0,95,2026
Sean Darcy,12547,FR,GC,17,2,0,4,6,1,0,20,3,1,0,2,3,2,2,0,3,2,0,0,2,0,0,59,2026
Isaiah Dudley,13204,FR,GC,17,8,0,7,15,0,2,0,6,0,3,1,2,2,1,0,3,10,0,0,0,0,1,82,2026
Neil Erasmus,12966,FR,GC,17,8,1,12,20,0,1,0,4,1,1,0,2,1,1,0,5,15,0,0,1,0,0,72,2026
Michael Frederick,12801,FR,GC,17,6,5,1,7,4,0,0,2,0,2,0,1,1,1,0,2,5,0,3,0,0,0,82,2026
Luke Jackson,12779,FR,GC,17,7,5,8,15,2,0,16,3,1,5,4,1,0,1,0,6,9,1,3,2,0,3,70,2026
Matthew Johnson,13047,FR,GC,17,4,3,14,18,0,0,0,1,1,0,3,1,0,0,0,6,12,0,0,2,0,0,63,2026
Judd McVee,13033,FR,GC,17,10,5,10,20,0,0,0,3,3,2,0,1,1,0,0,5,13,0,0,1,7,2,86,2026
Nathan ODriscoll,12960,FR,GC,17,6,1,17,23,0,0,0,2,3,3,0,3,0,0,0,11,12,0,0,2,1,0,81,2026
Alex Pearce,12352,FR,GC,17,3,4,2,5,0,0,0,0,0,0,0,0,0,0,0,2,3,2,0,4,0,0,75,2026
Murphy Reid,13180,FR,GC,17,15,3,13,28,0,0,0,1,0,4,3,3,1,1,0,4,24,0,0,1,1,0,79,2026
Luke Ryan,12542,FR,GC,17,18,8,5,23,0,0,0,0,5,2,0,2,0,1,0,3,15,0,0,7,0,1,89,2026
Caleb Serong,12786,FR,GC,17,8,1,12,20,0,0,0,5,1,2,3,3,0,1,0,8,11,0,0,1,0,0,73,2026
Sam Switkowski,12672,FR,GC,17,8,3,9,17,0,1,0,5,0,2,2,3,1,0,0,7,8,0,1,1,0,0,68,2026
Josh Treacy,12887,FR,GC,17,5,4,5,10,0,1,0,3,0,2,0,3,1,2,0,6,5,3,1,4,0,0,81,2026
Patrick Voss,13129,FR,GC,17,7,5,5,12,2,1,0,2,0,2,1,3,0,1,0,3,9,0,4,0,0,0,91,2026
Karl Worner,13075,FR,GC,17,13,6,10,23,0,0,0,5,4,3,0,4,1,3,0,4,21,0,0,5,1,0,84,2026
Hayden Young,12777,FR,GC,17,6,3,7,13,0,0,0,1,2,1,1,3,0,0,0,2,11,0,0,0,0,0,69,2026
Tom Blamires,13287,NM,ES,17,9,4,10,19,0,0,0,2,2,1,0,1,1,0,0,4,13,0,0,1,0,0,80,2026
Callum Coleman-Jones,12730,NM,ES,17,4,1,4,8,0,0,8,0,0,0,3,3,1,1,0,5,2,0,0,0,0,0,47,2026
Charlie Comben,12938,NM,ES,17,9,10,7,16,0,0,0,3,3,0,1,2,0,1,0,2,14,0,0,5,0,0,93,2026
Aidan Corr,12181,NM,ES,17,8,5,5,13,0,0,0,0,1,2,0,1,0,1,0,1,8,1,0,6,0,0,92,2026
Caleb Daniel,12373,NM,ES,17,24,9,16,40,0,0,0,2,3,2,1,1,0,0,0,5,32,0,0,1,0,0,80,2026
Jack Darling,11905,NM,ES,17,8,4,4,12,2,0,0,2,1,2,0,3,1,1,0,2,9,0,1,0,0,0,75,2026
Luke Davies-Uniacke,12590,NM,ES,17,10,3,15,25,1,0,0,11,0,5,10,1,2,1,0,11,15,0,1,1,0,0,90,2026
Wil Dawson,13144,NM,ES,17,5,3,5,10,0,1,9,1,0,3,0,1,0,0,0,3,7,0,1,0,0,0,53,2026
Zane Duursma,13106,NM,ES,17,4,2,3,7,0,1,0,1,1,0,0,0,1,0,0,2,4,0,1,2,0,0,68,2026
Josh Goater,13025,NM,ES,17,5,5,13,18,0,0,0,2,2,1,0,3,0,0,0,5,12,0,0,1,0,0,73,2026
Cooper Harvey,13077,NM,ES,17,14,6,10,24,0,0,0,1,1,4,0,3,0,1,0,2,17,1,0,3,0,1,83,2026
Jacob Konstanty,13186,NM,ES,17,4,4,5,9,2,1,0,4,1,0,1,3,0,1,0,2,7,0,2,0,1,0,86,2026
Nick Larkey,12563,NM,ES,17,10,7,2,12,1,5,0,1,0,0,0,3,1,0,0,3,9,0,6,2,0,0,81,2026
Colby McKercher,13107,NM,ES,17,13,4,12,25,0,0,0,1,2,7,3,3,0,0,0,4,20,0,0,0,6,2,78,2026
Finn OSullivan,13187,NM,ES,17,13,6,8,21,0,0,0,2,2,3,1,6,2,1,0,2,20,0,1,1,0,1,91,2026
Luke Parker,11953,NM,ES,17,18,8,13,31,0,0,0,2,4,1,0,1,1,1,0,3,27,0,0,4,0,0,90,2026
Harry Sheezel,13034,NM,ES,17,17,12,26,43,0,1,0,8,3,4,4,2,1,0,0,13,31,1,0,1,0,1,83,2026
Jy Simpkin,12502,NM,ES,17,12,3,7,19,1,1,0,0,2,2,0,1,0,0,0,5,14,1,2,2,1,0,77,2026
Charlie Spargo,12622,NM,ES,17,7,4,9,16,2,0,0,2,0,0,0,4,0,1,0,3,13,0,1,0,2,1,80,2026
Dylan Stephens,12796,NM,ES,17,12,5,12,24,0,2,0,1,2,7,0,1,0,0,0,5,19,0,0,0,1,0,77,2026
Cooper Trembath,13263,NM,ES,17,6,8,7,13,1,2,5,2,0,1,0,2,1,1,0,5,9,1,2,1,0,1,77,2026
George Wardlaw,13064,NM,ES,17,10,3,5,15,0,1,0,3,0,5,4,2,1,1,0,7,7,0,1,2,1,0,59,2026
Cameron Zurhaar,12557,NM,ES,17,11,8,4,15,0,0,0,0,1,1,0,2,1,0,0,3,12,0,0,4,0,0,89,2026
Lachlan Blakiston,13237,ES,NM,17,4,5,4,8,0,0,9,2,0,1,1,2,0,1,0,1,7,0,0,3,0,0,66,2026
Nick Bryan,12899,ES,NM,17,4,2,4,8,0,0,28,2,1,2,1,0,1,0,0,3,7,0,0,3,0,0,74,2026
Nate Caddy,13148,ES,NM,17,6,4,0,6,2,1,0,0,0,2,0,1,1,0,0,2,3,1,1,0,0,0,91,2026
Jye Caldwell,12755,ES,NM,17,6,5,6,12,0,0,0,1,1,2,3,1,1,0,0,5,8,0,0,1,0,1,74,2026
Archer Day-Wicks,13223,ES,NM,17,7,4,7,14,0,0,0,0,1,1,1,0,0,0,0,5,8,0,0,2,0,0,67,2026
Sam Durham,12925,ES,NM,17,9,4,16,25,2,0,0,6,0,3,5,1,1,0,0,10,13,0,0,0,1,1,74,2026
Xavier Duursma,12696,ES,NM,17,7,6,5,12,0,0,0,0,0,1,0,0,0,0,0,2,10,0,0,1,0,0,82,2026
Hussien El Achkar,13281,ES,NM,17,4,2,3,7,2,0,0,0,0,1,0,1,0,0,0,1,5,0,1,1,0,0,65,2026
Jacob Farrow,13299,ES,NM,17,16,8,10,26,0,0,0,0,6,1,0,2,1,1,0,4,21,0,0,1,4,0,86,2026
Harry Jones,12853,ES,NM,17,7,7,2,9,0,0,0,3,0,1,0,0,0,0,0,1,8,0,1,0,1,0,79,2026
Isaac Kako,13177,ES,NM,17,2,2,2,4,0,0,0,2,0,0,0,4,0,2,0,1,4,0,0,1,0,0,71,2026
Andrew McGrath,12491,ES,NM,17,13,7,13,26,0,0,0,2,4,4,1,2,0,1,0,4,23,0,0,1,5,1,92,2026
Ben McKay,12580,ES,NM,17,3,4,4,7,1,1,0,2,0,0,0,2,1,1,0,5,3,2,2,1,0,0,88,2026
Zach Merrett,12241,ES,NM,17,15,7,7,22,1,0,0,3,4,1,2,3,1,1,0,8,11,1,1,0,2,0,88,2026
Darcy Parish,12406,ES,NM,17,13,2,12,25,0,1,0,1,2,3,6,2,1,0,0,9,16,0,0,0,0,1,68,2026
Archie Perkins,12879,ES,NM,17,9,7,3,12,0,4,0,2,1,3,0,1,0,0,0,1,10,0,2,0,0,0,69,2026
Jaxon Prior,12874,ES,NM,17,12,6,1,13,0,0,0,0,3,1,0,2,1,0,0,3,10,0,0,2,0,1,83,2026
Mason Redman,12437,ES,NM,17,23,12,6,29,0,0,0,0,10,1,1,0,1,0,0,7,19,2,0,2,3,0,82,2026
Zach Reid,12889,ES,NM,17,11,7,5,16,0,0,0,2,1,1,0,2,0,2,0,2,11,1,0,3,1,0,90,2026
Jordan Ridley,12631,ES,NM,17,18,12,5,23,0,0,0,1,3,3,0,4,0,2,0,1,17,1,0,3,2,0,72,2026
Sullivan Robey,13307,ES,NM,17,8,6,10,18,1,0,0,0,0,4,2,3,0,1,0,5,14,0,1,0,0,1,83,2026
Will Setterfield,12567,ES,NM,17,11,4,6,17,0,0,0,6,3,0,1,3,2,2,0,8,10,0,0,0,0,0,78,2026
Dyson Sharp,13283,ES,NM,17,9,6,12,21,0,0,0,0,0,4,1,3,0,0,0,6,15,1,0,0,0,0,79,2026
Harris Andrews,12340,BL,GE,18,8,7,5,13,0,0,0,2,6,0,0,0,0,0,0,3,9,1,0,12,0,0,91,2026
Noah Answerth,12718,BL,GE,18,13,8,3,16,0,0,0,3,3,3,0,3,0,1,0,3,16,0,0,5,0,0,89,2026
Levi Ashcroft,13197,BL,GE,18,15,8,6,21,1,0,0,1,1,3,5,2,1,0,0,7,11,0,1,3,0,0,83,2026
Will Ashcroft,13040,BL,GE,18,23,7,9,32,0,3,0,2,5,5,6,2,1,0,0,13,15,0,0,0,1,0,84,2026
Zac Bailey,12610,BL,GE,18,13,5,7,20,3,0,0,4,3,3,1,3,0,1,0,6,15,0,1,0,1,1,75,2026
Jarrod Berry,12519,BL,GE,18,12,7,4,16,0,1,0,2,1,0,1,4,0,1,0,4,11,0,2,0,0,1,75,2026
Charlie Cameron,12277,BL,GE,18,6,1,2,8,2,1,0,3,0,1,0,2,1,1,0,3,4,0,1,2,0,3,81,2026
Sam Draper,12810,BL,GE,18,12,0,0,12,0,0,29,0,2,1,8,3,0,0,0,8,0,0,0,6,0,0,65,2026
Josh Dunkley,12408,BL,GE,18,9,3,8,17,1,0,0,14,1,1,3,3,1,0,0,9,8,0,1,1,0,2,80,2026
Jaspa Fletcher,13072,BL,GE,18,17,4,5,22,0,0,0,2,6,3,2,1,0,1,0,7,8,0,0,2,0,0,84,2026
Darcy Fort,12724,BL,GE,18,5,1,2,7,1,0,19,2,0,1,1,2,0,1,0,3,4,1,1,4,0,1,57,2026
Ty Gallop,13235,BL,GE,18,10,6,5,15,0,0,0,1,5,2,0,4,0,1,0,8,8,1,0,5,0,0,93,2026
Darcy Gardiner,12267,BL,GE,18,5,5,5,10,0,0,0,1,1,2,2,2,0,0,0,4,6,1,0,7,0,0,77,2026
Eric Hipwood,12454,BL,GE,18,6,2,5,11,0,0,0,0,0,2,0,5,1,1,0,3,6,1,0,0,0,2,73,2026
Ryan Lester,11894,BL,GE,18,12,5,5,17,0,0,0,2,6,1,0,4,0,1,0,3,10,0,0,4,0,0,87,2026
Kai Lohmann,12968,BL,GE,18,8,4,5,13,5,0,0,4,1,1,0,4,1,2,0,8,5,1,4,1,0,0,71,2026
Conor McKenna,12391,BL,GE,18,14,3,4,18,2,1,0,2,0,6,0,5,2,1,0,4,10,0,1,3,0,0,86,2026
Logan Morris,13137,BL,GE,18,8,4,4,12,3,0,0,3,0,5,0,5,0,2,0,4,8,1,1,2,0,2,76,2026
Lachie Neale,12055,BL,GE,18,16,4,12,28,0,0,0,1,3,2,6,0,0,0,0,13,13,0,0,0,0,0,78,2026
Cam Rayner,12592,BL,GE,18,16,8,8,24,1,0,0,4,0,5,3,3,0,1,0,10,14,0,0,2,0,0,78,2026
Bruce Reville,13138,BL,GE,18,11,4,6,17,0,0,0,1,0,2,1,1,0,0,0,6,10,0,0,0,1,0,82,2026
James Tunstill,13005,BL,GE,18,7,2,2,9,0,0,0,1,0,1,0,2,0,0,0,3,6,0,0,2,0,0,61,2026
Darcy Wilmot,13026,BL,GE,18,20,4,6,26,0,0,0,0,9,2,1,2,1,1,0,11,11,1,0,4,1,0,74,2026
Tom Atkins,12690,GE,BL,18,7,1,10,17,0,0,0,3,2,1,4,3,0,0,0,7,9,0,0,2,0,1,70,2026
Mark Blicavs,12153,GE,BL,18,5,4,14,19,0,1,5,1,1,3,1,2,1,0,0,11,8,1,0,4,0,0,84,2026
Tanner Bruhn,12871,GE,BL,18,14,4,8,22,0,0,0,4,2,7,0,2,2,1,0,12,13,0,0,4,0,0,74,2026
Jeremy Cameron,12017,GE,BL,18,2,1,2,4,0,0,0,0,0,1,0,2,0,0,0,1,2,0,0,2,0,1,90,2026
Patrick Dangerfield,11700,GE,BL,18,13,7,4,17,5,2,0,6,0,6,1,2,0,0,0,8,9,2,4,1,0,0,81,2026
Sam De Koning,12891,GE,BL,18,7,1,4,11,0,0,10,0,0,4,3,1,1,0,0,5,6,0,0,1,0,0,67,2026
Oliver Dempsey,12974,GE,BL,18,10,3,12,22,2,0,0,1,0,3,2,2,0,0,0,11,9,0,1,2,0,0,90,2026
Mitchell Edwards,13285,GE,BL,18,4,2,12,16,0,0,23,1,1,3,3,4,1,0,0,6,9,0,1,3,0,1,65,2026
Zach Guthrie,12551,GE,BL,18,5,4,7,12,0,0,0,8,1,2,1,2,0,2,0,3,10,0,0,3,0,0,78,2026
Jack Henry,12607,GE,BL,18,2,2,3,5,0,0,1,0,0,0,0,0,0,0,0,2,2,1,1,1,0,0,65,2026
Oliver Henry,12851,GE,BL,18,6,2,4,10,0,0,0,2,0,0,0,2,0,1,0,2,9,0,1,1,0,2,72,2026
Max Holmes,12881,GE,BL,18,21,3,9,30,0,0,0,3,1,11,8,1,3,0,0,16,14,0,0,1,4,0,73,2026
Lawson Humphries,13160,GE,BL,18,11,2,5,16,0,0,0,1,5,1,3,1,0,1,0,6,8,0,0,4,0,0,75,2026
Jake Kolodjashnij,12370,GE,BL,18,7,3,7,14,0,0,0,1,3,0,0,0,0,0,0,3,9,1,0,5,0,0,79,2026
Shaun Mannagh,13104,GE,BL,18,8,3,8,16,0,2,0,6,1,3,1,3,1,0,0,4,12,0,1,0,0,1,82,2026
Jack Martin,12236,GE,BL,18,5,2,5,10,2,1,0,1,1,0,1,1,0,0,0,5,5,0,1,1,0,0,75,2026
Oisin Mullin,13066,GE,BL,18,4,1,7,11,1,0,0,4,0,3,5,1,0,0,0,6,5,0,0,1,0,0,80,2026
Shannon Neale,12992,GE,BL,18,8,4,3,11,3,2,1,1,0,3,0,1,1,1,0,6,5,1,2,2,0,1,90,2026
Mark OConnor,12531,GE,BL,18,7,4,9,16,0,0,0,0,2,0,1,3,1,2,0,7,11,0,0,4,0,1,82,2026
Connor OSullivan,13122,GE,BL,18,6,5,8,14,0,1,0,1,1,2,0,3,2,0,0,7,6,1,0,5,0,0,87,2026
Bailey Smith,12692,GE,BL,18,17,3,14,31,0,1,0,9,4,9,7,5,1,0,0,14,15,0,0,1,0,2,85,2026
Tom Stewart,12505,GE,BL,18,18,2,7,25,0,0,0,1,6,3,1,3,1,1,0,7,11,1,0,3,0,0,83,2026
Oliver Wiltshire,13217,GE,BL,18,13,3,3,16,1,3,0,3,2,4,0,4,1,0,0,5,9,0,2,1,0,0,73,2026
Bo Allan,13221,WC,AD,18,6,4,4,10,1,1,0,3,2,1,1,0,0,0,0,5,5,2,2,1,0,0,80,2026
Liam Baker,12661,WC,AD,18,10,5,7,17,0,0,0,1,3,3,1,2,1,2,0,8,9,2,0,2,0,0,84,2026
Rhett Bazzo,13000,WC,AD,18,8,6,6,14,0,0,0,1,2,1,0,3,1,0,0,6,10,1,0,9,2,0,88,2026
Tom Cole,12446,WC,AD,18,10,4,5,15,1,1,0,1,0,5,1,5,1,1,0,2,12,0,1,2,0,0,85,2026
Hamish Davis,13210,WC,AD,18,5,1,5,10,0,0,0,2,2,0,0,1,2,1,0,5,4,0,0,2,0,0,80,2026
Liam Duggan,12334,WC,AD,18,19,8,5,24,0,0,0,4,2,3,0,6,0,2,0,2,21,0,0,2,0,1,67,2026
Willem Duursma,13292,WC,AD,18,7,2,5,12,1,0,0,3,3,1,2,1,4,0,0,4,8,0,0,1,2,0,74,2026
Oliver Francou,13345,WC,AD,18,8,2,10,18,0,1,0,9,1,2,4,2,2,1,0,11,7,0,0,0,0,0,61,2026
Jack Graham,12576,WC,AD,18,4,1,8,12,0,0,0,6,1,1,3,3,1,2,0,7,6,0,0,0,0,1,74,2026
Marcus Herbert,13339,WC,AD,18,10,6,9,19,0,0,0,2,2,3,1,4,0,2,0,6,11,1,0,0,2,0,73,2026
Brady Hough,12957,WC,AD,18,3,3,6,9,0,0,0,3,1,0,0,1,0,1,0,3,6,0,0,3,0,0,79,2026
Jack Hutchinson,13151,WC,AD,18,1,1,9,10,0,0,0,6,1,1,2,1,2,0,0,6,3,0,0,1,0,0,69,2026
Tim Kelly,12595,WC,AD,18,12,3,7,19,0,0,0,2,2,3,2,3,0,0,0,5,14,0,0,1,0,0,77,2026
Tom McCarthy,13240,WC,AD,18,14,5,5,19,0,0,0,3,7,2,0,2,0,0,0,4,9,1,0,5,0,0,77,2026
Milan Murdock,13294,WC,AD,18,8,1,5,13,0,1,0,0,1,2,1,1,0,0,0,8,5,1,0,0,1,1,70,2026
Harley Reid,13111,WC,AD,18,11,1,12,23,0,4,0,4,1,6,6,6,4,6,0,18,8,0,0,0,2,0,78,2026
Jobe Shanahan,13247,WC,AD,18,7,4,6,13,3,0,0,4,0,1,0,2,1,1,0,7,7,1,1,2,0,1,94,2026
Brandon Starcevich,12668,WC,AD,18,10,7,7,17,1,0,0,2,1,2,0,3,2,1,0,8,9,0,0,3,0,0,76,2026
Jake Waterman,12601,WC,AD,18,10,6,0,10,3,0,0,2,0,2,0,1,1,1,0,3,7,1,2,1,0,1,91,2026
Bailey Williams,12836,WC,AD,18,10,2,4,14,0,0,23,5,1,3,8,3,4,1,0,9,5,0,0,2,0,0,79,2026
Jack Williams,12962,WC,AD,18,8,2,3,11,1,0,4,5,1,1,3,2,2,0,0,8,3,0,0,1,0,1,74,2026
Elliot Yeo,12087,WC,AD,18,3,1,4,7,0,0,0,2,0,1,1,4,0,2,0,4,2,0,0,0,0,0,78,2026
Tylar Young,13043,WC,AD,18,14,9,1,15,0,0,0,1,6,0,1,4,0,1,0,1,12,0,0,8,0,0,92,2026
Sam Berry,12849,AD,WC,18,10,4,10,20,0,0,0,6,0,2,5,3,2,3,0,8,12,1,0,0,0,0,70,2026
James Borlase,13086,AD,WC,18,6,4,7,13,0,0,0,1,1,0,0,3,1,0,0,7,6,0,0,10,0,0,90,2026
Brayden Cook,12932,AD,WC,18,7,2,4,11,0,0,0,0,3,2,1,3,0,1,0,4,6,0,0,1,0,1,82,2026
Daniel Curtin,13132,AD,WC,18,10,3,2,12,1,0,0,6,3,3,1,3,1,2,0,4,7,1,0,2,3,0,82,2026
Jordan Dawson,12516,AD,WC,18,23,7,4,27,1,0,0,8,3,9,6,7,2,4,0,10,18,0,1,2,1,1,82,2026
Billy Dowling,13150,AD,WC,18,5,2,8,13,0,1,0,3,0,3,0,3,1,0,0,6,7,0,1,0,0,1,62,2026
Darcy Fogarty,12584,AD,WC,18,9,7,3,12,4,0,0,2,0,2,0,3,1,2,0,7,6,3,3,0,0,1,78,2026
Hugo Hall-Kahan,13328,AD,WC,18,14,6,4,18,0,0,0,3,3,2,0,3,0,0,0,4,11,1,0,0,3,0,84,2026
Mark Keane,12809,AD,WC,18,12,5,6,18,0,0,0,1,4,0,0,1,1,0,0,3,10,2,0,6,0,0,92,2026
Ben Keays,12434,AD,WC,18,6,8,7,13,3,0,0,0,0,0,1,0,0,0,0,4,9,1,3,0,0,1,82,2026
Rory Laird,12165,AD,WC,18,15,8,10,25,0,0,0,5,1,3,0,3,3,2,0,6,18,0,0,1,0,0,79,2026
Lachlan McAndrew,13065,AD,WC,18,6,2,6,12,0,0,38,7,2,2,5,3,0,2,0,11,2,1,0,3,0,0,73,2026
Max Michalanney,13027,AD,WC,18,6,5,8,14,0,0,0,2,2,0,1,1,1,1,0,4,10,0,0,1,0,0,82,2026
Toby Murray,13280,AD,WC,18,5,2,1,6,1,0,11,4,0,3,1,3,2,2,0,5,2,1,0,2,0,1,54,2026
Luke Nankervis,13081,AD,WC,18,13,6,3,16,0,0,0,3,1,3,0,2,1,0,0,4,11,2,0,2,0,0,79,2026
Alex Neal-Bullen,12367,AD,WC,18,9,2,4,13,1,1,0,3,0,1,1,5,2,1,0,9,6,0,0,2,0,1,82,2026
James Peatling,12934,AD,WC,18,13,6,8,21,0,0,0,5,2,5,7,1,0,1,0,10,11,0,0,0,0,1,70,2026
Josh Rachele,12953,AD,WC,18,11,1,6,17,1,1,0,3,0,6,0,4,0,1,0,8,9,0,0,1,2,1,75,2026
Izak Rankine,12798,AD,WC,18,14,5,13,27,1,0,0,1,2,4,7,7,1,1,0,12,14,0,0,0,0,0,78,2026
Jake Soligo,12952,AD,WC,18,9,4,7,16,2,1,0,5,1,1,3,4,4,3,0,9,8,0,0,0,0,0,76,2026
Zac Taylor,13159,AD,WC,18,6,3,9,15,0,0,0,3,1,3,0,2,0,0,0,6,9,0,0,1,0,1,72,2026
Taylor Walker,11713,AD,WC,18,8,3,2,10,0,1,0,0,0,2,0,1,1,0,0,2,7,1,0,1,0,1,82,2026
Josh Worrell,12912,AD,WC,18,16,8,4,20,0,0,0,2,4,0,0,3,1,2,0,2,18,0,0,1,2,0,93,2026
Nick Blakey,12699,SY,WB,18,21,4,5,26,0,0,0,1,2,5,0,1,1,0,0,1,16,0,0,2,4,1,87,2026
Caiden Cleary,13157,SY,WB,18,9,2,8,17,1,1,0,2,0,3,2,4,1,1,0,7,11,0,1,1,0,0,75,2026
Harry Cunningham,12015,SY,WB,18,8,5,6,14,0,0,0,4,2,2,1,2,0,2,0,1,13,0,0,3,0,0,88,2026
Charlie Curnow,12421,SY,WB,18,12,9,2,14,6,1,0,2,0,2,0,2,1,2,0,9,6,4,6,1,0,0,81,2026
Will Edwards,13318,SY,WB,18,6,4,2,8,0,0,0,0,4,2,0,2,0,1,0,5,2,2,0,18,0,1,90,2026
Brodie Grundy,12217,SY,WB,18,6,2,11,17,0,1,60,5,0,3,6,2,3,0,0,9,8,0,0,0,1,0,80,2026
Errol Gulden,12862,SY,WB,18,18,3,9,27,0,0,0,4,2,7,2,4,0,2,0,10,17,0,0,0,0,0,82,2026
Joel Hamling,12359,SY,WB,18,2,4,3,5,1,1,0,0,0,0,0,2,0,1,0,2,3,2,3,2,0,1,62,2026
Tom Hanily,13173,SY,WB,18,6,3,5,11,0,0,0,4,0,5,1,3,1,2,0,5,6,0,0,1,0,0,58,2026
Isaac Heeney,12326,SY,WB,18,14,2,13,27,1,0,0,6,0,4,8,3,3,0,0,13,13,0,0,1,0,0,78,2026
James Jordon,12860,SY,WB,18,5,2,8,13,0,0,0,7,1,2,3,2,1,1,0,4,9,0,0,0,0,0,81,2026
Harry Kyle,13327,SY,WB,18,6,2,3,9,0,0,0,1,0,2,0,0,0,0,0,1,9,0,0,4,0,0,74,2026
Jake Lloyd,12268,SY,WB,18,9,5,12,21,0,0,0,1,0,3,1,0,0,0,0,5,15,0,0,2,0,1,90,2026
Tom McCartin,12627,SY,WB,18,11,11,7,18,0,0,0,2,4,0,0,0,0,0,0,4,13,1,0,6,0,0,100,2026
Hayden McLean,12745,SY,WB,18,9,5,5,14,3,0,10,3,3,2,2,3,1,2,0,9,5,4,3,2,0,0,75,2026
Callum Mills,12413,SY,WB,18,15,9,11,26,0,0,0,2,6,0,0,0,0,0,0,4,20,0,0,4,0,0,81,2026
Dane Rampe,12140,SY,WB,18,7,4,4,11,0,0,0,1,2,0,0,2,0,2,0,3,6,0,0,5,0,0,74,2026
Matt Roberts,12994,SY,WB,18,12,4,13,25,0,0,0,2,2,4,2,2,1,0,0,8,17,0,0,1,3,0,83,2026
James Rowbottom,12714,SY,WB,18,8,2,4,12,0,1,0,5,0,3,4,2,0,0,0,7,6,0,0,1,0,2,80,2026
Jai Serong,13022,SY,WB,18,9,7,10,19,0,0,0,3,2,2,1,1,0,0,0,5,15,0,1,1,0,1,85,2026
Angus Sheldrick,12951,SY,WB,18,12,3,14,26,0,0,0,3,1,3,6,2,1,0,0,12,12,0,0,0,0,1,64,2026
Chad Warner,12797,SY,WB,18,14,3,10,24,1,1,0,5,1,6,3,4,0,0,0,5,19,0,0,0,5,1,80,2026
Corey Warner,13053,SY,WB,18,6,2,10,16,0,1,0,1,1,1,0,2,0,1,0,3,13,0,0,0,1,1,53,2026
Marcus Bontempelli,12269,WB,SY,18,11,0,8,19,0,2,0,3,0,7,9,2,0,0,0,9,8,0,0,1,0,1,79,2026
Lachlan Bramble,12916,WB,SY,18,10,5,4,14,0,0,0,1,3,1,0,2,1,1,0,2,12,0,0,0,0,0,78,2026
Connor Budarick,12769,WB,SY,18,2,0,2,4,0,0,0,1,1,1,0,0,1,0,0,1,2,0,0,0,1,0,40,2026
Nick Coffield,12608,WB,SY,18,2,0,4,6,0,0,0,4,2,1,1,1,1,0,0,5,1,0,0,6,1,0,68,2026
Jordan Croft,13265,WB,SY,18,5,2,5,10,2,0,0,1,0,2,0,2,2,1,0,3,7,0,0,0,0,0,77,2026
Bailey Dale,12354,WB,SY,18,29,8,3,32,1,1,0,4,10,3,2,3,1,1,0,9,12,1,0,2,1,0,88,2026
Tim English,12537,WB,SY,18,3,4,7,10,0,0,8,3,1,0,3,1,1,1,0,6,6,0,0,4,0,0,78,2026
Joel Freijah,13140,WB,SY,18,10,7,6,16,0,0,0,2,1,4,2,2,0,0,0,2,13,1,0,3,0,0,79,2026
Cooper Hynes,13213,WB,SY,18,3,2,11,14,0,0,0,6,1,1,1,1,0,0,0,4,10,0,0,0,0,0,84,2026
Arthur Jones,13046,WB,SY,18,7,4,3,10,2,2,0,2,0,2,0,0,1,0,0,4,6,0,1,1,1,1,76,2026
Luke Kennedy,13333,WB,SY,18,3,1,7,10,0,2,0,4,0,1,1,1,1,1,0,6,4,0,0,1,0,0,66,2026
Matthew Kennedy,12455,WB,SY,18,10,1,12,22,0,1,0,2,4,0,5,5,0,1,0,10,13,0,0,0,0,0,80,2026
Buku Khamis,12900,WB,SY,18,7,3,1,8,0,1,0,1,4,0,0,1,0,0,0,0,7,0,1,10,1,0,93,2026
Will Lewis,13284,WB,SY,18,4,2,4,8,0,1,0,1,0,1,0,1,1,1,0,5,3,1,1,1,0,0,78,2026
Tom Liberatore,11898,WB,SY,18,8,2,13,21,0,0,0,3,2,3,7,0,0,0,0,11,10,0,0,0,0,0,70,2026
Rory Lobb,12282,WB,SY,18,9,5,4,13,0,0,21,4,1,3,1,2,1,1,0,4,9,1,0,5,0,0,81,2026
Lachlan McNeil,12854,WB,SY,18,5,4,5,10,0,0,0,2,0,0,0,2,0,0,0,2,8,0,0,0,0,0,66,2026
Aaron Naughton,12594,WB,SY,18,7,5,3,10,1,1,0,0,0,2,1,2,0,0,0,4,6,2,2,1,0,0,87,2026
James ODonnell,13061,WB,SY,18,6,2,2,8,0,0,0,1,4,0,0,1,1,1,0,0,7,0,0,9,0,0,100,2026
Ed Richards,12605,WB,SY,18,18,3,11,29,0,0,0,6,6,4,8,7,1,4,0,16,17,0,0,1,1,1,83,2026
Ryley Sanders,13103,WB,SY,18,13,6,7,20,1,0,0,2,2,3,2,2,0,1,0,4,16,1,0,0,3,1,78,2026
Michael Sellwood,13276,WB,SY,18,5,3,8,13,0,0,0,6,3,0,0,2,1,0,0,4,9,1,0,0,0,0,89,2026
Cody Weightman,12800,WB,SY,18,8,3,6,14,0,1,0,1,1,2,2,0,3,0,0,11,5,0,0,1,0,0,81,2026
Tom Barrass,12383,HW,ME,18,5,4,0,5,0,0,0,1,1,1,0,0,1,0,0,3,4,1,0,9,0,0,88,2026
Mabior Chol,12485,HW,ME,18,15,7,2,17,5,0,2,0,0,3,2,5,2,2,0,12,3,5,5,0,0,1,86,2026
Jack Dalton,13304,HW,ME,18,7,5,2,9,1,0,0,2,0,4,0,3,0,1,0,3,8,0,0,1,0,1,65,2026
Massimo DAmbrosio,12998,HW,ME,18,11,4,4,15,0,0,0,0,3,4,1,3,3,0,0,5,10,0,0,1,0,1,79,2026
Will Day,12794,HW,ME,18,12,5,8,20,1,0,0,1,1,5,3,8,1,4,0,8,13,1,1,1,2,0,74,2026
Jack Ginnivan,12927,HW,ME,18,14,5,3,17,2,1,0,2,3,1,0,5,2,2,0,3,14,0,1,1,0,0,74,2026
Jack Gunston,11845,HW,ME,18,4,5,1,5,1,0,0,0,0,1,0,1,0,1,0,0,6,0,3,1,0,0,86,2026
Blake Hardwick,12469,HW,ME,18,19,9,6,25,0,0,0,2,5,2,1,2,0,0,0,6,16,1,0,1,0,0,83,2026
Matt Hill,13343,HW,ME,18,2,0,6,8,0,1,0,1,0,2,2,1,0,0,0,5,2,0,0,0,0,1,57,2026
Mitch Lewis,12636,HW,ME,18,9,7,6,15,1,0,0,2,1,4,0,4,0,0,0,3,12,1,2,1,0,1,79,2026
Bailey Macdonald,13069,HW,ME,18,13,2,5,18,0,0,0,5,2,4,1,3,2,2,0,4,12,0,0,4,0,1,76,2026
Connor Macdonald,12954,HW,ME,18,8,4,7,15,1,0,0,3,0,5,1,1,1,1,0,7,9,1,0,1,0,0,68,2026
Cam Mackenzie,13031,HW,ME,18,4,1,6,10,0,0,0,3,0,2,1,3,0,1,0,5,5,0,0,0,0,0,66,2026
Will McCabe,13311,HW,ME,18,6,4,0,6,0,1,0,3,1,0,0,1,0,0,0,0,6,0,1,1,0,0,72,2026
Lloyd Meek,12856,HW,ME,18,7,1,8,15,0,0,38,2,1,3,5,4,2,2,0,11,3,1,0,2,0,1,83,2026
Dylan Moore,12710,HW,ME,18,5,4,11,16,0,0,0,4,0,4,2,2,1,0,0,5,11,0,0,0,0,1,88,2026
Harry Morrison,12579,HW,ME,18,14,7,6,20,0,0,0,2,3,0,1,1,2,0,0,5,12,0,0,1,0,0,89,2026
Noah Mraz,13344,HW,ME,18,12,12,4,16,0,0,1,2,2,1,0,2,1,1,0,7,8,6,1,6,0,0,80,2026
Jai Newcombe,12915,HW,ME,18,13,6,14,27,0,0,1,1,1,6,6,7,1,4,0,13,15,1,0,3,0,1,78,2026
Flynn Perez,12841,HW,ME,18,6,3,7,13,0,0,0,3,0,3,0,0,0,0,0,3,9,0,0,0,0,0,82,2026
Bodie Ryan,13320,HW,ME,18,7,4,2,9,0,0,0,1,3,0,0,1,0,1,0,0,9,0,0,2,0,0,80,2026
James Sicily,12332,HW,ME,18,12,5,7,19,0,0,0,0,7,0,0,2,1,1,0,5,9,0,0,3,0,0,92,2026
Josh Ward,12955,HW,ME,18,11,7,14,25,2,0,0,4,1,4,5,2,0,0,0,7,18,0,1,0,0,2,76,2026
Jake Bowey,12931,ME,HW,18,15,1,4,19,0,0,0,6,6,2,2,1,1,0,0,9,6,0,0,0,1,0,82,2026
Kade Chandler,12756,ME,HW,18,7,3,6,13,0,0,0,6,0,5,0,3,0,1,0,1,12,0,0,1,1,2,83,2026
Joel Fitzgerald,13335,ME,HW,18,11,1,13,24,0,1,0,4,0,2,2,6,0,1,0,6,14,0,0,0,0,1,59,2026
Bayley Fritsch,12598,ME,HW,18,10,7,3,13,5,0,0,1,0,2,0,1,1,0,0,4,9,1,4,1,0,0,67,2026
Max Gawn,11966,ME,HW,18,8,5,14,22,0,0,31,1,1,3,10,4,2,3,0,14,8,3,0,5,0,1,83,2026
Blake Howes,13098,ME,HW,18,6,8,7,13,0,0,0,1,1,1,1,1,0,1,0,2,11,1,0,0,0,0,75,2026
Matthew Jefferson,13182,ME,HW,18,4,3,3,7,1,2,0,1,0,0,0,0,1,0,0,4,3,2,2,0,0,1,75,2026
Changkuoth Jiath,12752,ME,HW,18,16,9,7,23,0,0,0,2,3,7,1,3,2,2,0,8,12,1,0,4,0,3,75,2026
Ed Langdon,12393,ME,HW,18,14,7,6,20,1,2,0,1,3,2,0,3,0,0,0,5,16,0,1,1,0,0,88,2026
Harvey Langford,13184,ME,HW,18,4,0,5,9,0,0,0,1,2,0,2,4,0,3,0,6,4,0,0,1,0,0,78,2026
Bailey Laurie,13032,ME,HW,18,2,0,5,7,1,1,0,2,0,0,1,1,0,1,0,4,3,0,0,1,0,0,56,2026
Jake Lever,12351,ME,HW,18,5,5,4,9,0,0,0,2,3,2,0,3,1,2,0,3,6,1,0,5,0,0,100,2026
Harry Petty,12653,ME,HW,18,5,4,2,7,2,1,0,2,0,1,1,2,1,1,0,6,2,2,4,5,0,0,84,2026
Kysaiah Pickett,12771,ME,HW,18,19,4,6,25,0,1,0,5,5,5,7,6,2,0,0,9,16,0,0,2,0,0,82,2026
Latrelle Pickett,13286,ME,HW,18,7,2,1,8,2,0,0,3,0,4,2,2,3,1,0,4,4,0,0,0,2,0,59,2026
Trent Rivers,12778,ME,HW,18,13,4,6,19,0,0,0,3,7,2,0,1,0,0,0,4,14,0,0,1,0,1,81,2026
Harry Sharp,12864,ME,HW,18,4,1,4,8,2,0,0,2,0,1,1,0,1,0,0,3,4,0,0,2,0,0,79,2026
Tom Sparrow,12693,ME,HW,18,14,2,12,26,0,0,0,7,4,6,8,4,3,2,0,13,15,0,0,1,0,3,80,2026
Jack Steele,12368,ME,HW,18,10,3,11,21,0,0,0,8,0,5,3,3,1,1,0,8,13,0,0,1,0,0,80,2026
Koltyn Tholstrup,13123,ME,HW,18,8,3,3,11,0,0,0,1,4,1,1,1,1,0,0,4,7,1,0,2,0,1,87,2026
Daniel Turner,12996,ME,HW,18,7,5,5,12,0,0,0,2,2,0,0,0,2,0,0,4,8,0,0,2,0,0,100,2026
Jacob van Rooyen,13048,ME,HW,18,14,8,10,24,5,1,5,2,1,4,4,4,1,0,0,14,9,4,4,0,0,1,81,2026
Caleb Windsor,13099,ME,HW,18,4,4,5,9,0,1,0,1,1,2,0,1,0,1,0,2,7,0,0,0,0,1,66,2026
Ryan Angwin,13001,GW,FR,18,8,4,9,17,0,0,0,3,5,3,5,3,2,0,0,11,6,0,0,2,0,0,82,2026
Lachie Ash,12782,GW,FR,18,18,5,10,28,0,0,0,1,4,4,0,4,0,2,0,3,26,0,0,0,8,1,86,2026
Toby Bedford,12772,GW,FR,18,4,3,13,17,0,0,0,4,1,4,3,4,0,2,0,10,11,0,0,3,0,4,82,2026
Kieren Briggs,12904,GW,FR,18,7,0,6,13,0,0,19,7,1,5,5,2,3,2,0,7,4,0,0,1,0,0,77,2026
Callum Brown,12910,GW,FR,18,5,3,7,12,1,0,5,1,0,5,1,6,1,1,0,5,7,0,1,1,0,0,84,2026
Aaron Cadman,13054,GW,FR,18,7,6,5,12,2,2,0,3,0,1,0,2,2,1,0,8,5,2,3,1,0,1,100,2026
Finn Callaghan,12969,GW,FR,18,13,2,17,30,0,0,0,4,2,5,5,3,1,0,0,10,21,0,0,3,4,1,83,2026
Stephen Coniglio,12028,GW,FR,18,6,0,7,13,1,0,0,6,0,3,1,0,1,0,0,5,8,0,0,0,0,0,86,2026
Josaia Delana,13222,GW,FR,18,3,1,1,4,0,2,0,3,0,0,1,4,0,3,0,1,3,0,0,0,0,0,72,2026
Joe Fonti,13164,GW,FR,18,7,8,9,16,0,0,0,2,2,1,0,0,1,0,0,3,13,0,0,4,0,0,85,2026
Toby Greene,12025,GW,FR,18,23,5,3,26,3,3,0,4,1,7,5,4,2,2,0,13,13,0,1,2,0,1,91,2026
Riley Hamilton,13347,GW,FR,18,5,2,0,5,0,2,0,3,0,1,0,1,0,0,0,1,4,0,2,0,0,0,70,2026
Harry Himmelberg,12462,GW,FR,18,18,6,4,22,0,0,0,0,6,1,0,3,0,2,0,5,9,1,0,11,0,0,100,2026
Connor Idun,12750,GW,FR,18,16,12,10,26,0,0,0,1,5,1,0,1,0,0,0,7,18,1,0,7,3,0,100,2026
Clayton Oliver,12410,GW,FR,18,15,3,17,32,0,0,0,5,1,4,10,5,2,4,0,17,14,0,0,0,0,0,81,2026
Harrison Oliver,13325,GW,FR,18,4,1,1,5,0,0,0,2,1,1,0,1,0,1,0,0,6,0,0,0,0,0,58,2026
Jack Ough,13348,GW,FR,18,3,0,9,12,0,0,0,3,1,0,3,1,1,1,0,5,7,0,0,0,0,0,35,2026
Harry Rowston,13045,GW,FR,18,4,2,6,10,1,0,0,0,0,2,0,0,0,0,0,3,7,0,0,2,0,0,43,2026
Conor Stone,12886,GW,FR,18,4,6,4,8,1,0,0,3,0,1,0,0,0,0,0,1,7,0,0,1,2,0,72,2026
Jake Stringer,12167,GW,FR,18,12,6,2,14,7,2,0,0,0,4,0,2,0,1,0,7,8,1,3,3,0,1,100,2026
Sam Taylor,12644,GW,FR,18,5,4,7,12,0,0,0,1,1,1,1,3,1,2,0,6,7,0,0,5,0,0,91,2026
Harvey Thomas,13101,GW,FR,18,9,3,12,21,0,1,0,1,0,5,1,3,0,0,0,8,14,0,0,0,1,0,81,2026
Lachie Whitfield,12143,GW,FR,18,10,4,10,20,0,0,0,1,3,3,1,1,1,0,0,4,16,0,0,0,0,0,41,2026
Jye Amiss,12983,FR,GW,18,2,2,2,4,1,0,0,3,0,0,0,1,0,0,0,4,1,1,1,1,0,0,85,2026
Shai Bolton,12535,FR,GW,18,11,2,9,20,1,0,0,6,1,3,5,3,1,2,0,8,13,0,0,0,3,1,80,2026
Andrew Brayshaw,12589,FR,GW,18,11,5,11,22,0,0,0,8,1,5,3,2,1,1,0,6,18,0,0,1,0,0,81,2026
Heath Chapman,12875,FR,GW,18,5,2,5,10,0,0,0,2,0,1,1,3,1,1,0,3,7,0,0,2,0,0,78,2026
Jordan Clark,12688,FR,GW,18,13,5,10,23,0,0,0,3,7,4,2,2,1,1,0,4,13,0,0,3,3,0,84,2026
Brennan Cox,12544,FR,GW,18,7,6,5,12,0,0,0,3,2,0,0,3,1,1,0,7,8,2,0,7,1,0,83,2026
Sean Darcy,12547,FR,GW,18,4,0,4,8,0,0,15,0,0,2,1,4,2,2,0,4,4,0,0,4,0,0,57,2026
Isaiah Dudley,13204,FR,GW,18,6,3,4,10,1,0,0,4,0,2,1,1,0,0,0,3,7,0,0,0,0,0,78,2026
Neil Erasmus,12966,FR,GW,18,6,3,4,10,1,1,0,0,1,2,2,0,1,0,0,5,5,0,0,0,0,1,68,2026
Michael Frederick,12801,FR,GW,18,10,4,4,14,0,0,0,2,1,3,0,2,2,0,0,5,9,1,0,1,1,0,80,2026
Luke Jackson,12779,FR,GW,18,6,3,6,12,2,0,31,4,0,2,0,2,1,2,0,7,6,1,1,1,0,0,80,2026
Matthew Johnson,13047,FR,GW,18,7,3,9,16,0,0,0,2,3,4,1,2,2,1,0,6,10,0,0,0,3,2,72,2026
Judd McVee,13033,FR,GW,18,4,1,6,10,0,0,0,2,2,0,0,1,0,0,0,5,5,0,0,3,2,0,78,2026
Nathan ODriscoll,12960,FR,GW,18,7,3,7,14,1,0,0,2,2,1,2,5,2,0,0,6,9,0,0,2,0,0,83,2026
Alex Pearce,12352,FR,GW,18,3,2,5,8,0,0,0,3,1,0,0,1,0,0,0,7,2,1,0,5,0,0,95,2026
Murphy Reid,13180,FR,GW,18,11,2,8,19,1,2,0,3,1,2,1,2,2,0,0,8,11,0,0,0,1,1,70,2026
Luke Ryan,12542,FR,GW,18,12,4,6,18,0,0,0,2,10,0,1,4,1,1,0,5,11,1,0,2,2,0,88,2026
Caleb Serong,12786,FR,GW,18,12,2,19,31,0,0,0,6,3,8,6,7,1,1,0,14,17,0,0,2,1,1,81,2026
Sam Switkowski,12672,FR,GW,18,4,0,11,15,0,2,0,4,0,2,0,4,0,2,0,7,9,0,0,2,1,0,77,2026
Josh Treacy,12887,FR,GW,18,8,5,2,10,3,0,0,3,0,1,0,0,2,0,0,3,6,1,2,2,0,0,92,2026
Patrick Voss,13129,FR,GW,18,7,5,4,11,2,2,0,2,0,3,1,4,2,2,0,5,6,0,1,0,1,1,85,2026
Karl Worner,13075,FR,GW,18,18,10,11,29,0,0,0,1,8,1,0,2,1,1,0,4,19,1,0,1,3,0,84,2026
Hayden Young,12777,FR,GW,18,4,2,6,10,0,0,0,2,2,1,1,0,0,0,0,2,7,0,0,0,0,1,43,2026
Beau Addinsall,13341,GC,CW,18,12,6,14,26,0,0,0,1,0,5,3,1,0,0,0,5,18,0,0,0,0,1,67,2026
Noah Anderson,12767,GC,CW,18,9,5,11,20,1,0,0,4,2,3,5,1,0,0,0,9,11,0,0,1,0,0,87,2026
Mac Andrew,13019,GC,CW,18,17,11,7,24,0,0,0,0,7,2,1,3,0,1,0,2,21,0,0,1,0,0,96,2026
Sam Collins,12444,GC,CW,18,7,5,5,12,0,0,0,1,1,0,0,1,1,0,0,4,7,0,0,9,0,0,96,2026
Nick Holman,12307,GC,CW,18,4,3,6,10,0,0,0,3,0,1,4,0,0,0,0,4,6,0,0,3,0,0,73,2026
Bailey Humphrey,13049,GC,CW,18,6,1,12,18,3,1,0,1,1,3,3,1,2,0,0,8,11,0,0,1,0,2,86,2026
Joel Jeffrey,12933,GC,CW,18,14,9,3,17,0,0,0,2,3,0,0,4,0,1,0,4,13,1,0,1,2,0,73,2026
Ben Jepson,13257,GC,CW,18,10,8,3,13,0,0,0,0,2,2,0,0,1,0,0,3,10,1,0,0,0,1,66,2026
Ben King,12728,GC,CW,18,5,4,3,8,3,0,0,0,0,2,0,1,1,1,0,5,3,1,2,1,0,0,80,2026
Leo Lombard,13232,GC,CW,18,7,2,3,10,1,2,0,5,0,2,0,2,0,1,0,3,8,0,0,1,0,0,83,2026
Ben Long,12521,GC,CW,18,7,6,5,12,2,0,0,4,1,5,1,3,0,2,0,6,6,1,1,1,0,1,79,2026
Touk Miller,12331,GC,CW,18,8,3,20,28,0,0,0,10,1,2,2,5,1,1,0,9,19,0,0,0,0,0,88,2026
Ned Moyle,13050,GC,CW,18,10,3,4,14,0,0,49,0,2,7,4,1,2,0,0,9,6,1,0,4,0,1,87,2026
Jai Murray,13332,GC,CW,18,7,2,6,13,0,1,0,1,1,2,0,2,1,1,0,2,13,0,0,0,0,0,66,2026
John Noble,12743,GC,CW,18,23,13,10,33,0,0,0,1,7,1,0,5,1,1,0,4,24,0,0,1,0,0,89,2026
Dylan Patterson,13346,GC,CW,18,4,2,5,9,1,0,0,1,0,4,0,2,0,1,0,3,6,0,0,1,0,2,52,2026
Christian Petracca,12430,GC,CW,18,10,2,18,28,1,1,0,1,0,6,7,2,1,0,0,19,9,0,0,2,0,3,84,2026
Wil Powell,12652,GC,CW,18,8,7,7,15,0,0,0,0,2,0,2,3,0,2,0,5,8,1,0,0,0,0,83,2026
Ethan Read,13121,GC,CW,18,3,2,4,7,1,0,1,0,0,0,1,0,0,0,0,3,4,0,1,1,0,0,55,2026
Matt Rowell,12768,GC,CW,18,10,2,16,26,0,0,0,4,2,1,6,7,1,1,0,13,14,0,0,0,0,0,75,2026
Bodhi Uwland,13041,GC,CW,18,20,6,8,28,0,0,0,2,4,2,0,2,2,0,0,8,12,1,0,7,3,0,80,2026
Zeke Uwland,13278,GC,CW,18,24,16,8,32,1,0,0,1,5,1,1,5,0,0,0,1,31,1,0,1,1,0,79,2026
Jed Walter,13114,GC,CW,18,4,2,2,6,1,1,4,1,0,2,0,2,2,1,0,4,2,0,1,0,0,1,78,2026
Edward Allan,13146,CW,GC,18,11,2,10,21,0,0,0,7,0,2,3,2,0,1,0,3,17,0,0,1,1,1,80,2026
Angus Anderson,13306,CW,GC,18,6,3,2,8,2,0,0,2,0,2,1,1,0,0,0,2,7,0,0,2,0,0,60,2026
Jack Buller,13071,CW,GC,18,3,4,2,5,0,1,0,1,0,0,0,1,0,1,0,1,4,1,2,1,0,0,70,2026
Darcy Cameron,12660,CW,GC,18,5,2,7,12,0,0,30,3,1,2,4,4,0,3,0,6,5,0,0,3,0,1,82,2026
Jack Crisp,12061,CW,GC,18,10,2,9,19,1,0,0,4,1,3,4,3,0,0,0,6,12,0,1,2,0,0,74,2026
Josh Daicos,12573,CW,GC,18,12,4,13,25,0,0,0,2,2,4,2,2,2,0,0,7,18,0,0,0,0,0,81,2026
Nick Daicos,12943,CW,GC,18,18,2,13,31,1,0,0,5,4,6,8,2,2,1,0,11,16,0,0,0,5,2,81,2026
Jordan de Goey,12318,CW,GC,18,9,6,7,16,0,1,0,1,1,2,1,4,1,1,0,2,13,0,0,1,0,0,83,2026
Billy Frampton,12676,CW,GC,18,4,2,2,6,0,0,0,0,4,0,0,3,0,1,0,2,3,1,0,3,0,0,96,2026
Harvey Harrison,13068,CW,GC,18,8,4,8,16,1,2,0,2,0,5,0,4,1,0,0,3,14,0,2,1,0,0,80,2026
Dan Houston,12495,CW,GC,18,12,3,5,17,0,0,0,3,3,4,1,2,0,0,0,4,8,0,0,0,1,2,74,2026
Jeremy Howe,11967,CW,GC,18,10,6,3,13,0,0,0,1,5,0,0,3,2,1,0,7,6,1,0,5,0,0,87,2026
Patrick Lipinski,12578,CW,GC,18,10,3,14,24,1,0,0,5,2,2,1,2,0,1,0,6,17,0,0,1,0,0,87,2026
Ned Long,13023,CW,GC,18,4,3,14,18,0,1,0,8,1,2,4,2,0,0,0,9,11,0,1,7,0,1,72,2026
Brayden Maynard,12371,CW,GC,18,12,2,3,15,0,1,0,9,5,2,1,5,2,2,0,4,12,0,0,4,0,1,81,2026
Beau McCreery,12876,CW,GC,18,6,0,6,12,0,0,0,5,0,2,3,1,1,0,0,8,4,0,0,0,0,0,77,2026
Daniel McStay,12291,CW,GC,18,6,5,5,11,3,0,3,3,0,3,2,1,0,1,0,5,5,1,2,2,0,1,80,2026
Tim Membrey,12300,CW,GC,18,15,9,3,18,3,2,0,1,0,6,0,4,1,1,0,8,9,1,5,3,0,2,83,2026
Harry Perryman,12536,CW,GC,18,11,4,5,16,0,0,0,3,3,2,0,1,0,0,0,2,12,1,0,2,0,0,79,2026
Liam Puncher,13342,CW,GC,18,3,2,3,6,0,0,0,0,1,1,0,2,0,1,0,2,3,1,0,5,0,0,82,2026
Lachie Schultz,12700,CW,GC,18,3,2,5,8,1,0,0,7,0,1,1,1,1,1,0,4,4,0,1,1,0,2,78,2026
Steele Sidebottom,11751,CW,GC,18,8,2,9,17,1,1,0,2,4,2,2,0,1,0,0,9,8,0,1,2,1,0,80,2026
Sam Swadling,13340,CW,GC,18,9,1,11,20,1,0,0,1,1,3,5,1,0,0,0,10,9,0,0,0,0,0,53,2026
Jasper Alger,13242,RI,CA,18,2,0,7,9,1,0,0,3,0,1,0,4,2,1,0,4,6,0,0,0,0,0,78,2026
Kye Annand,13338,RI,CA,18,7,4,3,10,0,0,0,2,4,0,0,2,0,1,0,1,9,0,0,11,0,0,82,2026
Noah Balta,12686,RI,CA,18,11,7,4,15,2,2,6,3,0,3,3,1,2,0,0,10,6,5,2,0,1,1,71,2026
Sam Banks,13078,RI,CA,18,11,4,5,16,0,0,0,1,3,3,0,2,0,1,0,2,12,0,0,0,0,0,74,2026
Nathan Broad,12456,RI,CA,18,7,5,4,11,0,0,0,0,5,0,0,0,0,0,0,4,7,1,0,6,0,0,79,2026
Tom Brown,13096,RI,CA,18,11,6,1,12,0,0,0,1,3,1,1,2,0,2,0,3,7,0,0,0,0,0,85,2026
Seth Campbell,13100,RI,CA,18,11,1,6,17,2,1,0,6,0,3,4,3,2,2,0,9,8,0,0,1,2,1,88,2026
Sam Cumming,13316,RI,CA,18,3,1,12,15,0,0,0,3,1,1,2,3,1,1,0,7,11,0,0,1,0,0,81,2026
Steely Green,13145,RI,CA,18,7,4,7,14,0,0,0,3,0,4,1,4,1,1,0,5,10,0,0,0,0,0,81,2026
Taj Hotton,13253,RI,CA,18,6,1,12,18,1,0,0,4,0,3,4,2,1,1,0,10,9,0,0,1,0,1,75,2026
Mykelti Lefau,13113,RI,CA,18,8,6,2,10,2,0,0,3,0,4,0,2,1,0,0,6,5,3,1,3,0,0,83,2026
Tom Lynch,11948,RI,CA,18,6,4,2,8,0,1,0,2,0,2,0,3,1,0,0,5,3,3,3,2,0,0,92,2026
Rhyan Mansell,12883,RI,CA,18,8,2,2,10,2,1,0,2,0,2,1,4,0,1,0,1,7,0,1,1,0,0,78,2026
Kane McAuliffe,13117,RI,CA,18,9,1,10,19,0,0,0,5,1,3,6,4,1,1,0,9,11,0,0,1,0,0,68,2026
Ben Miller,12941,RI,CA,18,4,0,3,7,0,0,0,0,2,0,1,3,2,2,0,5,1,0,0,7,0,0,91,2026
Toby Nankervis,12374,RI,CA,18,6,1,13,19,0,1,32,5,0,3,9,1,2,0,0,10,7,0,0,4,0,1,81,2026
Hugo Ralphsmith,12902,RI,CA,18,9,2,11,20,0,0,0,1,2,5,0,3,0,2,0,6,12,0,0,4,0,0,74,2026
Patrick Retschko,13313,RI,CA,18,8,3,7,15,0,0,0,3,3,1,2,4,0,0,0,6,9,1,0,1,0,0,84,2026
Jack Ross,12712,RI,CA,18,2,2,8,10,0,0,0,0,0,1,1,1,0,0,0,2,7,0,0,3,0,0,36,2026
Jayden Short,12418,RI,CA,18,12,5,4,16,0,0,0,0,5,3,0,1,0,0,0,3,10,0,0,0,3,0,79,2026
Tim Taranto,12504,RI,CA,18,14,3,11,25,0,2,0,5,1,3,8,1,1,0,0,10,13,0,1,1,0,0,87,2026
James Trezise,13095,RI,CA,18,5,4,5,10,0,0,0,4,3,2,0,4,2,2,0,3,8,0,0,0,0,0,78,2026
Nick Vlastuin,12174,RI,CA,18,8,2,4,12,0,0,0,5,5,0,0,3,0,1,0,2,5,0,0,0,0,0,74,2026
Ben Ainsworth,12498,CA,RI,18,13,3,3,16,1,0,0,0,0,4,3,7,0,0,0,5,11,0,1,0,0,0,76,2026
Talor Byrne,13297,CA,RI,18,6,4,6,12,0,1,0,1,0,1,0,1,1,0,0,6,7,0,1,0,0,1,57,2026
Adam Cerra,12603,CA,RI,18,16,7,5,21,1,1,0,2,7,1,2,2,0,1,0,5,14,0,1,1,0,0,81,2026
Matthew Cottrell,12822,CA,RI,18,9,3,3,12,0,0,0,0,0,3,0,1,0,0,0,2,10,0,1,0,0,2,71,2026
Lachlan Cowan,13028,CA,RI,18,8,4,6,14,0,0,0,0,2,2,0,2,0,1,0,3,11,0,0,4,0,0,86,2026
Patrick Cripps,12261,CA,RI,18,8,4,17,25,1,2,0,3,0,2,6,6,2,1,0,14,12,0,3,3,0,0,82,2026
Wade Derksen,13303,CA,RI,18,9,4,2,11,0,0,0,1,0,0,0,2,1,1,0,6,5,1,0,5,0,0,90,2026
Francis Evans,12873,CA,RI,18,13,4,6,19,1,0,0,6,0,5,0,1,3,0,0,9,11,0,2,1,0,0,77,2026
Oliver Florent,12497,CA,RI,18,17,3,4,21,0,1,0,2,4,3,2,2,1,1,0,7,9,0,0,0,2,0,84,2026
Nick Haynes,12091,CA,RI,18,15,10,2,17,0,0,0,2,2,3,0,3,0,1,0,4,15,0,0,3,1,2,86,2026
Will Hayward,12509,CA,RI,18,7,5,8,15,0,0,0,3,1,2,0,1,0,1,0,2,11,1,0,1,0,0,81,2026
George Hewett,12411,CA,RI,18,10,4,16,26,2,0,0,9,3,3,4,5,1,3,0,10,16,0,0,1,0,0,79,2026
Oliver Hollands,13029,CA,RI,18,9,6,4,13,0,0,0,4,0,1,0,1,2,1,0,4,10,0,0,2,0,0,93,2026
Jack Ison,13321,CA,RI,18,7,2,5,12,0,1,0,3,0,2,1,3,2,1,0,6,6,0,1,0,0,1,63,2026
Brodie Kemp,12937,CA,RI,18,8,6,2,10,2,0,0,1,0,3,0,5,0,1,0,3,8,2,3,1,0,1,94,2026
Mitch McGovern,12404,CA,RI,18,9,6,4,13,1,0,0,3,3,2,0,1,0,0,0,2,10,1,2,2,0,0,82,2026
Harry McKay,12566,CA,RI,18,4,4,5,9,1,0,3,2,0,0,0,2,1,0,0,7,3,1,1,0,0,0,86,2026
Nic Newman,12508,CA,RI,18,19,7,3,22,0,0,0,1,5,4,0,3,0,0,0,3,12,0,0,0,1,0,94,2026
Marc Pittonet,12417,CA,RI,18,6,3,6,12,0,2,36,3,2,1,5,5,0,2,0,10,2,2,1,4,0,1,82,2026
Jagga Smith,13274,CA,RI,18,9,3,20,29,0,1,0,5,2,3,4,2,3,0,0,13,15,0,0,1,0,0,75,2026
Sam Walsh,12684,CA,RI,18,9,5,13,22,0,0,0,3,2,2,4,8,1,4,0,7,16,0,0,0,0,0,75,2026
Billy Wilson,13244,CA,RI,18,10,2,7,17,0,0,0,2,5,2,0,2,1,0,0,7,8,0,0,3,3,0,63,2026
Lewis Young,12559,CA,RI,18,1,2,3,4,0,0,0,1,1,0,0,0,0,0,0,1,3,0,0,5,0,0,42,2026
Ryan Byrnes,12802,SK,ES,18,8,8,10,18,0,0,0,4,1,2,2,1,0,0,0,4,14,0,0,0,0,0,80,2026
Anthony Caminiti,13035,SK,ES,18,7,3,6,13,2,1,0,6,1,2,1,3,2,1,0,7,6,2,1,0,0,1,90,2026
Hugo Garcia,13125,SK,ES,18,13,6,16,29,1,0,0,5,0,5,5,1,3,1,0,10,18,0,0,3,2,0,73,2026
Max Hall,13193,SK,ES,18,16,9,17,33,1,2,0,9,0,6,5,2,2,1,0,7,27,0,2,1,0,0,80,2026
Angus Hastie,13116,SK,ES,18,10,7,4,14,0,0,0,1,1,1,0,1,0,0,0,1,13,0,0,1,1,0,75,2026
Liam Henry,12831,SK,ES,18,5,3,7,12,1,1,0,2,0,3,2,1,0,0,0,3,9,0,1,0,1,1,58,2026
Jack Higgins,12609,SK,ES,18,5,3,4,9,2,2,0,2,0,0,0,1,1,1,0,2,7,1,3,0,0,1,78,2026
Bradley Hill,12060,SK,ES,18,27,14,15,42,1,0,0,0,2,5,0,4,0,0,0,4,34,0,1,0,1,2,87,2026
Campbell Lake,13331,SK,ES,18,2,1,6,8,0,0,0,2,0,1,0,3,0,2,0,1,7,0,1,0,0,0,72,2026
Rowan Marshall,12564,SK,ES,18,13,3,7,20,2,1,20,6,1,3,8,3,5,2,0,9,8,0,2,1,0,0,80,2026
Liam OConnell,13194,SK,ES,18,4,5,7,11,0,0,0,5,2,0,0,0,0,0,0,5,6,0,0,0,0,0,78,2026
Mitch Owens,12948,SK,ES,18,11,7,9,20,1,0,8,2,1,3,1,3,3,2,0,8,13,1,0,0,0,1,78,2026
Mattaes Phillipou,13036,SK,ES,18,8,3,17,25,0,0,0,4,0,3,4,1,1,0,0,7,16,0,0,0,1,1,68,2026
Liam Ryan,12600,SK,ES,18,6,4,1,7,2,2,0,0,0,0,0,1,1,0,0,2,5,0,4,2,0,0,87,2026
Cooper Sharman,12929,SK,ES,18,4,2,5,9,1,1,0,1,0,1,1,1,0,0,0,5,4,0,1,1,0,1,84,2026
Jack Silvagni,12458,SK,ES,18,4,2,8,12,0,0,0,2,1,0,0,3,1,2,0,6,6,0,0,8,0,0,89,2026
Liam Stocker,12721,SK,ES,18,3,5,7,10,0,0,0,1,1,2,0,4,0,3,0,1,9,0,0,1,0,0,71,2026
Tobie Travaglia,13206,SK,ES,18,4,4,10,14,0,0,0,2,2,0,0,1,1,1,0,3,11,0,0,2,0,0,57,2026
Nasiah Wanganeen-Milera,12950,SK,ES,18,33,7,13,46,1,1,0,2,7,6,1,7,2,1,0,10,29,2,1,0,7,1,78,2026
Callum Wilkie,12703,SK,ES,18,17,11,4,21,0,0,0,2,3,0,0,1,1,0,0,5,16,1,0,6,0,0,95,2026
Darcy Wilson,13110,SK,ES,18,13,4,12,25,2,1,0,2,2,5,2,2,0,0,0,6,19,0,1,2,0,1,78,2026
Marcus Windhager,12967,SK,ES,18,13,6,9,22,0,0,0,3,2,6,1,0,1,0,0,2,20,0,0,2,0,1,80,2026
Mason Wood,12312,SK,ES,18,18,10,9,27,0,0,0,2,3,1,1,0,0,0,0,7,20,1,0,6,0,1,83,2026
Nick Bryan,12899,ES,SK,18,3,3,5,8,0,0,34,4,0,2,0,4,1,4,0,2,5,0,0,3,0,0,74,2026
Nate Caddy,13148,ES,SK,18,10,5,2,12,3,3,0,0,0,0,0,3,1,0,0,6,5,2,3,0,0,0,90,2026
Jye Caldwell,12755,ES,SK,18,8,4,9,17,0,0,0,5,1,4,2,5,1,1,0,9,9,0,0,2,0,0,75,2026
Nik Cox,12852,ES,SK,18,6,2,4,10,0,0,0,3,1,2,2,0,1,0,0,6,4,0,0,1,0,0,71,2026
Archer Day-Wicks,13223,ES,SK,18,6,2,2,8,1,0,0,4,2,3,0,5,0,3,0,1,7,0,1,2,0,0,65,2026
Sam Durham,12925,ES,SK,18,11,3,13,24,0,1,0,1,1,3,9,2,2,2,0,12,12,0,0,2,0,2,70,2026
Xavier Duursma,12696,ES,SK,18,11,9,8,19,0,0,0,2,2,1,0,0,1,0,0,7,13,2,0,2,0,0,81,2026
Saad El-Hawli,13203,ES,SK,18,7,6,6,13,0,0,0,0,3,1,0,0,0,0,0,4,9,0,0,0,1,0,77,2026
Jacob Farrow,13299,ES,SK,18,12,6,9,21,0,0,0,3,3,1,1,0,0,0,0,3,17,0,0,1,2,0,83,2026
Isaac Kako,13177,ES,SK,18,1,0,5,6,0,0,0,1,0,1,0,3,0,1,0,2,5,0,0,1,0,2,71,2026
Andrew McGrath,12491,ES,SK,18,7,2,10,17,0,0,0,0,3,1,1,2,0,0,0,5,12,0,0,1,1,1,82,2026
Ben McKay,12580,ES,SK,18,3,0,2,5,1,0,4,1,0,0,1,3,2,3,0,5,1,0,0,0,0,0,83,2026
Zach Merrett,12241,ES,SK,18,13,6,15,28,0,0,0,7,3,1,2,2,1,0,0,6,21,0,1,2,0,0,90,2026
Darcy Parish,12406,ES,SK,18,9,0,6,15,0,1,0,2,1,2,7,6,0,2,0,8,7,0,0,0,0,0,70,2026
Archie Perkins,12879,ES,SK,18,6,3,9,15,0,0,0,0,2,2,0,2,1,1,0,8,8,0,0,1,0,0,78,2026
Jaxon Prior,12874,ES,SK,18,11,5,2,13,0,1,0,0,4,0,0,1,1,1,0,2,7,0,0,6,0,0,88,2026
Mason Redman,12437,ES,SK,18,13,4,5,18,0,0,0,2,5,1,0,2,2,1,0,1,14,0,0,1,1,0,83,2026
Zach Reid,12889,ES,SK,18,10,5,7,17,0,0,0,1,3,1,0,4,0,1,0,2,11,0,0,3,0,0,86,2026
Jordan Ridley,12631,ES,SK,18,8,4,3,11,0,0,0,1,2,1,0,1,1,0,0,1,7,0,0,1,1,0,66,2026
Sullivan Robey,13307,ES,SK,18,9,1,11,20,1,0,0,3,0,8,6,2,1,0,0,9,11,0,0,0,0,0,78,2026
Will Setterfield,12567,ES,SK,18,6,2,4,10,0,0,0,1,0,1,0,4,0,3,0,3,8,0,0,1,0,0,79,2026
Dyson Sharp,13283,ES,SK,18,10,5,7,17,0,0,0,4,1,1,2,2,1,0,0,4,12,0,0,1,0,1,80,2026
Peter Wright,12366,ES,SK,18,4,5,4,8,1,1,11,1,1,0,0,1,0,1,0,3,5,2,2,0,0,0,82,2026
Tom Blamires,13287,NM,PA,18,13,3,9,22,0,0,0,0,1,3,2,2,3,1,0,5,13,0,0,1,1,0,76,2026
Charlie Comben,12938,NM,PA,18,11,6,9,20,0,0,0,2,4,1,1,7,4,6,0,7,13,1,0,12,0,0,98,2026
Aidan Corr,12181,NM,PA,18,9,8,4,13,0,0,0,0,1,1,0,1,0,1,0,1,11,1,0,2,0,0,90,2026
Caleb Daniel,12373,NM,PA,18,14,2,5,19,0,0,0,3,5,1,0,2,1,0,0,5,8,0,0,1,0,0,88,2026
Jack Darling,11905,NM,PA,18,7,3,0,7,2,1,0,1,0,2,0,2,2,1,0,6,1,2,1,0,0,0,67,2026
Luke Davies-Uniacke,12590,NM,PA,18,19,6,12,31,1,0,0,1,2,7,7,8,3,4,0,16,16,0,2,0,3,1,89,2026
Wil Dawson,13144,NM,PA,18,1,1,1,2,0,0,4,2,1,0,1,1,1,1,0,1,1,0,0,0,0,0,26,2026
Josh Goater,13025,NM,PA,18,10,6,6,16,0,0,0,0,5,1,0,2,0,2,0,4,12,1,0,3,1,0,73,2026
Cooper Harvey,13077,NM,PA,18,11,8,14,25,0,0,0,2,5,1,1,5,1,3,0,9,18,1,0,1,0,0,79,2026
Jacob Konstanty,13186,NM,PA,18,3,2,2,5,0,0,0,1,1,0,1,3,1,2,0,3,2,0,0,1,0,0,84,2026
Nick Larkey,12563,NM,PA,18,5,4,3,8,1,2,0,0,0,0,0,3,2,2,0,4,4,0,3,3,0,0,82,2026
Luke McDonald,12246,NM,PA,18,6,3,9,15,0,0,0,4,1,1,0,3,0,1,0,5,9,0,0,0,0,0,78,2026
Colby McKercher,13107,NM,PA,18,14,6,14,28,1,1,0,2,3,3,0,5,1,1,0,2,28,0,0,0,6,0,80,2026
Finn OSullivan,13187,NM,PA,18,7,2,9,16,0,0,0,2,0,1,2,2,1,0,0,4,10,0,0,2,1,0,82,2026
Luke Parker,11953,NM,PA,18,16,6,11,27,0,0,0,2,8,1,0,1,3,1,0,5,18,0,0,4,0,0,92,2026
Harry Sheezel,13034,NM,PA,18,18,7,22,40,1,0,0,9,4,5,6,5,2,3,0,12,25,0,0,3,0,0,91,2026
Jy Simpkin,12502,NM,PA,18,8,3,5,13,1,0,0,0,0,3,0,3,0,1,0,4,10,0,1,1,0,0,81,2026
Charlie Spargo,12622,NM,PA,18,6,7,7,13,0,0,0,2,0,1,0,5,0,0,0,2,10,0,2,0,0,1,74,2026
Dylan Stephens,12796,NM,PA,18,11,2,7,18,0,1,0,0,0,2,2,6,2,1,0,8,12,0,0,1,0,1,81,2026
Cooper Trembath,13263,NM,PA,18,3,2,6,9,0,0,5,2,1,1,0,1,1,1,0,5,5,0,0,1,0,0,78,2026
George Wardlaw,13064,NM,PA,18,8,2,4,12,0,0,0,8,1,3,3,3,2,3,0,7,5,0,0,2,0,0,58,2026
Tristan Xerri,12788,NM,PA,18,4,2,8,12,0,0,14,3,2,2,2,3,2,2,0,13,1,1,0,2,0,0,76,2026
Cameron Zurhaar,12557,NM,PA,18,4,3,5,9,0,1,0,3,0,2,1,3,1,1,0,4,7,0,1,1,0,0,77,2026
Aliir Aliir,12433,PA,NM,18,9,8,4,13,0,0,0,0,3,0,0,3,0,2,0,5,8,1,0,5,0,0,100,2026
Xavier Bamert,13337,PA,NM,18,2,2,0,2,0,0,0,1,0,0,0,2,0,0,0,0,3,0,0,1,0,0,70,2026
Miles Bergman,12867,PA,NM,18,9,5,5,14,0,0,0,5,3,3,0,1,0,0,0,5,7,1,0,3,1,0,72,2026
Joe Berry,13188,PA,NM,18,2,2,2,4,0,1,0,3,0,0,0,6,1,3,0,1,5,0,2,0,0,1,75,2026
Jase Burgoyne,13007,PA,NM,18,17,6,4,21,0,0,0,1,3,6,2,2,1,0,0,8,11,1,0,3,1,0,81,2026
Zak Butters,12698,PA,NM,18,19,4,7,26,0,1,0,3,1,6,5,9,2,3,0,10,15,0,0,1,3,0,83,2026
Darcy Byrne-Jones,12422,PA,NM,18,16,8,8,24,0,0,0,5,4,3,1,4,1,0,0,8,13,0,0,1,0,0,76,2026
Willem Drew,12695,PA,NM,18,10,2,3,13,0,0,0,3,0,4,2,2,3,1,0,9,4,1,0,1,0,0,84,2026
Corey Durdin,12936,PA,NM,18,6,4,0,6,1,0,0,0,0,2,0,2,0,1,0,1,5,1,2,0,0,0,83,2026
Logan Evans,13156,PA,NM,18,12,3,5,17,0,0,0,6,2,2,1,3,2,2,0,6,9,0,0,6,1,0,91,2026
Mitch Georgiades,12766,PA,NM,18,9,5,1,10,3,2,0,0,0,2,0,2,2,2,0,6,4,2,3,1,0,1,90,2026
Jason Horne-Francis,12956,PA,NM,18,18,4,6,24,1,0,0,4,0,3,9,6,6,4,0,13,11,1,0,1,1,0,85,2026
Lachie Jones,12882,PA,NM,18,11,4,4,15,0,0,0,2,5,2,0,0,2,0,0,3,6,0,0,1,0,0,83,2026
Josh Lai,13301,PA,NM,18,12,7,2,14,0,0,0,1,4,2,0,1,4,1,0,4,10,0,0,2,0,1,77,2026
Jack Lukosius,12704,PA,NM,18,9,6,2,11,0,0,0,3,1,3,0,2,0,1,0,4,8,0,0,4,0,1,75,2026
Jackson Mead,12946,PA,NM,18,8,1,3,11,1,0,0,2,2,3,3,3,1,2,0,6,5,0,0,0,0,0,62,2026
Joe Richards,13139,PA,NM,18,11,3,3,14,0,2,0,5,1,5,4,3,1,1,0,10,4,1,1,3,0,1,78,2026
Jordon Sweet,12890,PA,NM,18,6,1,3,9,1,1,27,3,0,4,4,2,4,2,0,8,1,1,1,5,0,1,78,2026
Dante Visentini,13073,PA,NM,18,2,0,2,4,0,0,8,0,0,1,2,2,2,1,0,3,1,0,0,3,0,0,60,2026
Jack Whitlock,13259,PA,NM,18,8,3,1,9,3,0,0,1,1,0,0,4,4,1,0,4,3,1,1,2,0,0,91,2026
Ollie Wines,12150,PA,NM,18,12,9,10,22,0,2,0,5,2,4,1,2,0,1,0,4,17,0,2,0,0,0,75,2026
Mitch Zadow,13305,PA,NM,18,5,1,0,5,0,1,0,1,1,2,1,3,2,3,0,3,2,0,0,0,0,1,56,2026
Brandon Zerk-Thatcher,12757,PA,NM,18,3,5,4,7,0,0,0,0,1,0,0,3,0,2,0,2,5,0,0,4,0,0,76,2026
Nick Blakey,12699,SY,FR,19,21,3,4,25,0,0,0,0,12,2,1,0,2,0,0,6,10,0,0,4,6,0,79,2026
Caiden Cleary,13157,SY,FR,19,1,1,4,5,0,0,0,4,0,2,0,2,0,1,0,2,3,0,0,3,0,0,51,2026
Harry Cunningham,12015,SY,FR,19,5,3,3,8,0,0,0,5,0,2,0,0,1,0,0,3,4,0,0,0,0,0,76,2026
Charlie Curnow,12421,SY,FR,19,11,6,3,14,5,1,0,3,0,3,0,2,1,0,0,7,4,3,4,2,0,0,91,2026
Will Edwards,13318,SY,FR,19,5,1,7,12,0,0,0,0,6,1,0,1,1,0,0,7,3,1,0,8,0,1,92,2026
Brodie Grundy,12217,SY,FR,19,5,0,11,16,0,1,29,6,1,1,5,4,1,3,0,12,5,0,0,6,0,0,82,2026
Errol Gulden,12862,SY,FR,19,18,3,12,30,0,0,0,5,3,7,2,6,2,3,0,11,22,0,0,0,1,1,89,2026
Joel Hamling,12359,SY,FR,19,0,0,0,0,0,0,0,0,0,0,0,1,0,1,0,0,0,0,0,5,0,0,62,2026
Tom Hanily,13173,SY,FR,19,6,4,1,7,1,0,0,2,0,3,0,0,2,0,0,3,4,0,1,2,0,0,61,2026
Isaac Heeney,12326,SY,FR,19,12,4,13,25,0,1,0,3,3,2,3,3,1,0,0,7,16,0,0,0,1,1,84,2026
James Jordon,12860,SY,FR,19,5,3,6,11,0,0,0,8,1,1,3,0,2,0,0,5,6,0,0,0,0,0,86,2026
Harry Kyle,13327,SY,FR,19,6,3,9,15,0,0,0,4,3,0,1,1,1,0,0,3,11,0,0,0,1,0,84,2026
Jake Lloyd,12268,SY,FR,19,10,2,10,20,2,0,0,0,2,1,1,2,1,0,0,6,14,0,1,2,1,0,92,2026
Tom McCartin,12627,SY,FR,19,15,9,8,23,0,0,0,2,1,1,1,4,1,3,0,3,20,0,0,5,0,0,100,2026
Hayden McLean,12745,SY,FR,19,1,1,5,6,0,1,2,2,0,0,1,1,0,1,0,5,2,0,1,6,0,0,64,2026
Callum Mills,12413,SY,FR,19,17,6,9,26,0,0,0,1,9,1,0,5,0,1,0,6,14,0,0,2,0,0,87,2026
Tom Papley,12412,SY,FR,19,8,4,2,10,2,1,0,1,0,5,1,5,0,3,0,4,7,1,2,0,1,0,67,2026
Dane Rampe,12140,SY,FR,19,5,4,6,11,0,0,0,3,4,1,0,4,1,3,0,4,9,0,0,3,0,0,79,2026
Matt Roberts,12994,SY,FR,19,10,3,5,15,0,1,0,2,0,3,3,0,1,0,0,4,12,0,0,1,0,1,86,2026
James Rowbottom,12714,SY,FR,19,7,1,11,18,0,0,0,5,0,4,2,0,1,0,0,8,9,0,0,2,0,1,76,2026
Jai Serong,13022,SY,FR,19,5,4,6,11,0,0,0,4,2,0,1,0,1,0,0,3,7,0,0,0,0,0,80,2026
Angus Sheldrick,12951,SY,FR,19,6,2,2,8,0,0,0,4,1,2,1,1,0,0,0,2,6,0,0,1,0,0,45,2026
Chad Warner,12797,SY,FR,19,17,4,6,23,0,2,0,6,1,5,5,7,2,2,0,10,14,0,2,1,5,3,84,2026
Jye Amiss,12983,FR,SY,19,7,4,1,8,2,2,0,0,0,4,0,3,3,3,0,5,3,3,2,2,0,0,91,2026
Shai Bolton,12535,FR,SY,19,12,1,11,23,2,2,0,4,0,6,3,2,1,2,0,8,17,0,1,1,3,1,76,2026
Andrew Brayshaw,12589,FR,SY,19,10,1,15,25,0,0,0,5,2,9,3,1,0,0,0,12,12,0,0,2,1,3,80,2026
Heath Chapman,12875,FR,SY,19,3,3,6,9,0,0,0,3,0,0,1,0,0,0,0,1,8,0,0,1,1,0,88,2026
Jordan Clark,12688,FR,SY,19,16,4,7,23,1,0,0,2,4,2,1,2,0,2,0,4,17,0,0,3,4,0,85,2026
Brennan Cox,12544,FR,SY,19,3,2,3,6,0,0,0,1,1,0,0,1,0,1,0,4,3,1,0,10,0,0,85,2026
Mason Cox,12428,FR,SY,19,6,6,4,10,1,0,10,1,1,3,2,0,3,0,0,5,5,2,1,0,0,0,46,2026
Isaiah Dudley,13204,FR,SY,19,6,1,3,9,0,2,0,2,0,2,0,3,0,2,0,4,7,0,0,4,0,0,61,2026
Neil Erasmus,12966,FR,SY,19,11,7,8,19,0,0,0,2,5,4,1,3,1,1,0,4,16,0,0,0,0,0,66,2026
Michael Frederick,12801,FR,SY,19,12,6,5,17,2,1,0,1,1,6,0,3,0,0,0,3,15,1,1,1,0,2,75,2026
Luke Jackson,12779,FR,SY,19,3,0,14,17,0,0,26,4,0,2,7,5,2,1,0,14,5,0,0,5,0,0,83,2026
Matthew Johnson,13047,FR,SY,19,8,4,16,24,0,1,0,4,0,4,5,2,0,2,0,8,17,0,1,1,1,3,76,2026
Judd McVee,13033,FR,SY,19,10,6,7,17,1,0,0,0,3,1,2,0,1,0,0,3,12,0,0,4,1,1,84,2026
Nathan ODriscoll,12960,FR,SY,19,7,2,12,19,0,0,0,3,3,1,2,2,1,0,0,5,15,0,0,2,2,0,75,2026
Jaeger OMeara,12141,FR,SY,19,4,1,8,12,0,0,0,2,1,1,1,2,0,1,0,4,9,0,0,1,1,0,74,2026
Alex Pearce,12352,FR,SY,19,2,2,7,9,0,0,0,0,1,0,0,0,2,0,0,7,4,0,0,8,0,0,80,2026
Murphy Reid,13180,FR,SY,19,13,6,15,28,0,1,0,2,0,5,2,2,0,0,0,8,20,1,1,1,0,0,83,2026
Luke Ryan,12542,FR,SY,19,10,3,6,16,0,0,0,2,6,0,1,3,0,2,0,5,8,0,0,1,0,0,71,2026
Caleb Serong,12786,FR,SY,19,16,2,12,28,0,0,0,6,2,7,7,2,2,1,0,10,16,0,0,0,0,0,83,2026
Sam Switkowski,12672,FR,SY,19,6,3,7,13,0,2,0,1,0,2,0,2,0,1,0,5,8,0,1,1,0,0,79,2026
Josh Treacy,12887,FR,SY,19,13,5,5,18,4,4,0,2,0,4,0,2,2,0,0,12,6,3,4,2,0,0,89,2026
Patrick Voss,13129,FR,SY,19,7,2,4,11,2,2,0,2,0,2,1,4,2,2,0,9,4,1,2,1,0,0,87,2026
Karl Worner,13075,FR,SY,19,10,6,10,20,0,0,0,1,6,0,0,2,1,1,0,6,12,0,0,1,0,0,83,2026
Zac Banch,13256,NM,CW,19,4,4,4,8,1,1,0,3,0,4,0,0,0,0,0,2,6,0,2,0,0,0,72,2026
Tom Blamires,13287,NM,CW,19,3,0,1,4,0,0,0,1,0,1,0,2,0,0,0,1,2,0,0,0,0,0,19,2026
Charlie Comben,12938,NM,CW,19,3,3,0,3,0,0,0,1,1,3,0,4,0,1,0,0,3,0,0,5,0,0,92,2026
Aidan Corr,12181,NM,CW,19,11,1,6,17,0,0,0,1,3,1,1,1,2,1,0,5,6,0,0,8,0,0,92,2026
Paul Curtis,12975,NM,CW,19,5,2,5,10,3,1,0,2,1,2,1,4,0,2,0,3,6,0,1,1,0,1,72,2026
Caleb Daniel,12373,NM,CW,19,8,2,6,14,0,0,0,4,2,0,1,2,0,0,0,1,12,0,0,1,0,0,82,2026
Jack Darling,11905,NM,CW,19,5,3,5,10,1,1,0,4,0,2,0,1,1,0,0,4,5,1,1,2,0,1,85,2026
Luke Davies-Uniacke,12590,NM,CW,19,8,3,14,22,0,0,0,1,1,3,8,3,1,1,0,12,11,0,0,2,0,0,85,2026
Riley Hardeman,13130,NM,CW,19,13,5,2,15,1,0,0,1,1,3,0,1,2,0,0,2,11,0,0,0,0,1,84,2026
Cooper Harvey,13077,NM,CW,19,9,6,3,12,0,0,0,1,5,0,0,1,0,1,0,0,10,0,0,1,0,0,73,2026
Nick Larkey,12563,NM,CW,19,13,10,3,16,3,4,0,1,0,4,0,4,1,1,0,7,9,3,5,2,0,0,86,2026
Luke McDonald,12246,NM,CW,19,12,8,3,15,0,0,0,1,2,2,0,1,1,0,0,3,11,0,0,6,0,0,84,2026
Colby McKercher,13107,NM,CW,19,11,3,9,20,0,0,0,1,0,6,1,3,0,0,0,2,18,0,0,0,0,0,78,2026
Finn OSullivan,13187,NM,CW,19,6,2,13,19,0,1,0,1,1,2,10,3,1,1,0,12,9,1,1,5,0,1,82,2026
Luke Parker,11953,NM,CW,19,19,10,7,26,0,0,0,1,8,0,1,3,0,0,0,3,19,1,0,1,0,0,87,2026
Harry Sheezel,13034,NM,CW,19,16,5,12,28,0,1,0,9,3,4,4,3,0,0,0,10,17,0,0,0,0,1,82,2026
Jy Simpkin,12502,NM,CW,19,14,8,18,32,0,1,0,5,2,5,5,3,1,1,0,9,23,0,1,0,0,0,77,2026
Charlie Spargo,12622,NM,CW,19,5,1,8,13,1,0,0,4,0,1,0,0,0,0,0,2,10,0,0,1,0,1,75,2026
Dylan Stephens,12796,NM,CW,19,11,2,9,20,0,1,0,3,2,2,2,3,1,2,0,6,15,0,1,0,0,0,92,2026
Cooper Trembath,13263,NM,CW,19,6,4,9,15,1,0,10,2,0,2,4,1,1,0,0,10,5,1,1,1,0,1,78,2026
Matt Whitlock,13208,NM,CW,19,5,3,2,7,0,0,0,0,0,2,0,0,2,0,0,3,5,0,1,1,0,0,62,2026
Tristan Xerri,12788,NM,CW,19,13,6,9,22,1,1,32,7,3,4,5,5,4,0,0,15,8,0,1,2,0,1,81,2026
Cameron Zurhaar,12557,NM,CW,19,13,8,11,24,0,0,0,2,8,2,0,3,4,0,0,9,14,1,1,3,0,0,80,2026
Edward Allan,13146,CW,NM,19,5,3,12,17,0,0,0,11,2,2,2,2,2,1,0,8,10,0,0,1,1,0,85,2026
Angus Anderson,13306,CW,NM,19,5,3,3,8,0,2,0,7,0,1,2,1,1,0,0,5,3,0,0,0,0,1,82,2026
Jack Buller,13071,CW,NM,19,2,1,4,6,0,1,0,1,0,1,0,5,1,5,0,4,2,0,1,1,0,0,75,2026
Darcy Cameron,12660,CW,NM,19,9,4,17,26,1,0,27,6,2,2,10,6,0,3,0,15,12,0,1,2,0,1,82,2026
Jack Crisp,12061,CW,NM,19,7,1,6,13,1,0,0,4,3,2,4,1,0,1,0,8,5,1,0,0,0,0,75,2026
Josh Daicos,12573,CW,NM,19,23,10,10,33,0,0,0,6,2,6,3,2,1,0,0,4,28,0,0,0,0,2,90,2026
Nick Daicos,12943,CW,NM,19,18,2,10,28,1,1,0,4,2,4,4,4,0,2,0,7,21,0,0,0,8,1,85,2026
Jordan de Goey,12318,CW,NM,19,20,6,9,29,0,0,0,1,2,7,5,3,1,1,0,9,21,0,0,0,0,1,83,2026
Billy Frampton,12676,CW,NM,19,8,9,6,14,0,0,0,1,3,0,0,3,1,2,0,6,8,1,0,6,0,0,100,2026
Dan Houston,12495,CW,NM,19,12,11,8,20,0,1,0,3,2,3,0,2,0,1,0,4,17,0,1,1,0,1,81,2026
Jeremy Howe,11967,CW,NM,19,17,6,5,22,0,0,0,2,4,1,0,1,0,1,0,5,7,2,0,5,0,0,87,2026
Patrick Lipinski,12578,CW,NM,19,8,7,11,19,2,2,0,3,0,3,2,0,0,0,0,5,13,1,3,0,0,1,88,2026
Ned Long,13023,CW,NM,19,6,2,11,17,0,1,0,6,0,3,1,2,1,0,0,4,13,0,0,0,0,0,74,2026
Brayden Maynard,12371,CW,NM,19,13,8,2,15,0,0,0,5,7,1,1,5,0,0,0,0,14,0,0,2,0,0,81,2026
Beau McCreery,12876,CW,NM,19,2,0,7,9,0,0,0,3,0,1,0,5,0,3,0,6,5,0,0,1,0,0,77,2026
Daniel McStay,12291,CW,NM,19,4,1,8,12,3,0,5,5,0,2,1,2,1,1,0,10,4,1,1,2,0,0,81,2026
Tim Membrey,12300,CW,NM,19,8,7,3,11,2,0,0,0,0,4,0,2,0,0,0,2,9,0,2,1,0,1,82,2026
Scott Pendlebury,4182,CW,NM,19,9,7,10,19,1,2,0,1,4,2,1,2,0,0,0,3,16,0,2,0,0,2,68,2026
Harry Perryman,12536,CW,NM,19,10,5,7,17,0,0,0,3,4,4,0,0,0,0,0,2,15,0,0,1,1,0,80,2026
Liam Puncher,13342,CW,NM,19,6,4,4,10,0,0,0,0,2,0,0,2,0,1,0,2,8,0,0,6,0,0,74,2026
Lachie Schultz,12700,CW,NM,19,1,4,4,5,1,0,0,2,0,1,0,0,0,0,0,0,5,0,2,0,0,1,30,2026
Steele Sidebottom,11751,CW,NM,19,13,4,7,20,0,0,0,4,2,3,2,2,1,0,0,4,16,0,0,3,2,0,85,2026
Sam Swadling,13340,CW,NM,19,8,5,6,14,1,1,0,0,1,4,0,3,1,0,0,2,11,0,0,0,0,0,56,2026
Aliir Aliir,12433,PA,SK,19,12,4,4,16,1,0,0,0,7,1,0,2,1,1,0,7,6,1,0,4,0,0,100,2026
Xavier Bamert,13337,PA,SK,19,10,3,2,12,1,0,0,3,0,3,1,0,1,0,0,6,6,0,2,2,0,1,86,2026
Miles Bergman,12867,PA,SK,19,16,11,5,21,0,0,0,0,7,2,3,2,1,0,0,6,16,1,0,2,0,0,90,2026
Joe Berry,13188,PA,SK,19,6,2,1,7,1,3,0,1,0,1,1,1,1,0,0,3,3,0,0,0,0,0,76,2026
Jase Burgoyne,13007,PA,SK,19,15,10,5,20,1,0,0,2,2,5,1,3,2,2,0,7,14,0,0,1,0,1,90,2026
Zak Butters,12698,PA,SK,19,15,6,11,26,0,0,0,4,0,6,5,6,0,2,0,7,20,0,0,2,3,0,63,2026
Darcy Byrne-Jones,12422,PA,SK,19,11,7,10,21,0,0,0,0,4,0,1,2,0,1,0,8,11,0,0,0,2,0,83,2026
Willem Drew,12695,PA,SK,19,10,1,5,15,0,0,0,6,0,5,5,1,1,0,0,7,7,0,0,2,0,1,87,2026
Corey Durdin,12936,PA,SK,19,7,2,4,11,2,0,0,0,0,3,0,4,1,2,0,8,4,1,0,1,0,0,89,2026
Logan Evans,13156,PA,SK,19,12,5,5,17,1,0,0,2,4,1,0,0,0,0,0,2,13,0,0,2,0,0,90,2026
Kane Farrell,12664,PA,SK,19,13,7,2,15,0,1,0,0,3,3,0,1,0,0,0,2,10,0,0,0,0,0,80,2026
Mitch Georgiades,12766,PA,SK,19,0,0,1,1,0,0,0,1,0,0,0,0,0,0,0,0,1,0,0,0,0,0,27,2026
Jason Horne-Francis,12956,PA,SK,19,16,5,7,23,2,1,0,2,3,3,8,4,1,2,0,10,11,0,3,1,1,1,84,2026
Lachie Jones,12882,PA,SK,19,4,0,2,6,0,0,0,2,2,0,0,2,0,0,0,4,1,0,0,4,0,0,63,2026
Josh Lai,13301,PA,SK,19,7,6,2,9,0,0,0,4,4,0,0,1,0,0,0,3,8,1,0,3,0,0,88,2026
Jack Lukosius,12704,PA,SK,19,5,4,3,8,0,0,0,0,1,1,0,1,0,0,0,3,6,1,0,1,0,0,53,2026
Jackson Mead,12946,PA,SK,19,7,5,5,12,0,0,0,0,0,2,1,1,1,1,0,2,11,0,0,0,0,0,73,2026
Joe Richards,13139,PA,SK,19,9,1,10,19,0,1,0,4,1,4,1,5,0,1,0,6,12,0,0,1,0,0,77,2026
Jordon Sweet,12890,PA,SK,19,6,1,5,11,0,3,30,3,0,4,4,6,3,3,0,10,3,0,0,3,0,1,86,2026
Dante Visentini,13073,PA,SK,19,1,1,6,7,1,0,27,1,0,0,2,1,1,0,0,4,3,0,1,4,0,0,80,2026
Jacob Wehr,12991,PA,SK,19,5,1,1,6,0,0,0,3,1,2,1,1,1,0,0,2,4,0,0,1,0,0,66,2026
Jack Whitlock,13259,PA,SK,19,6,3,1,7,0,2,0,0,0,3,1,1,0,1,0,4,4,1,1,2,0,0,98,2026
Ollie Wines,12150,PA,SK,19,3,0,15,18,0,0,0,2,3,2,5,3,1,2,0,8,9,0,0,0,0,1,69,2026
Ryan Byrnes,12802,SK,PA,19,8,1,10,18,0,0,0,1,1,2,4,1,0,0,0,10,8,0,0,0,0,1,76,2026
Anthony Caminiti,13035,SK,PA,19,4,2,3,7,1,1,2,3,1,0,0,3,0,2,0,4,3,1,2,2,0,0,74,2026
Hugo Garcia,13125,SK,PA,19,13,1,19,32,0,1,0,5,2,5,8,2,4,0,0,14,18,0,0,1,1,1,75,2026
Max Hall,13193,SK,PA,19,9,5,10,19,0,0,0,5,2,5,2,3,0,0,0,5,14,1,0,0,0,1,79,2026
Angus Hastie,13116,SK,PA,19,8,5,1,9,0,0,0,0,1,2,0,2,0,0,0,0,9,0,0,1,0,0,72,2026
Liam Henry,12831,SK,PA,19,6,3,3,9,0,0,0,5,0,2,0,4,0,2,0,1,9,0,0,0,0,1,68,2026
Jack Higgins,12609,SK,PA,19,11,4,2,13,2,2,0,0,0,2,0,3,2,1,0,3,9,0,3,0,0,1,81,2026
Bradley Hill,12060,SK,PA,19,22,8,17,39,1,0,0,1,6,5,0,3,0,0,0,5,29,0,0,1,1,0,85,2026
Campbell Lake,13331,SK,PA,19,4,2,9,13,0,0,0,8,0,3,1,1,1,0,0,6,7,0,0,1,0,0,73,2026
Rowan Marshall,12564,SK,PA,19,17,11,12,29,1,1,18,3,1,4,6,7,1,4,0,11,18,1,3,5,0,1,76,2026
Liam OConnell,13194,SK,PA,19,8,5,4,12,0,0,0,2,1,0,1,2,1,1,0,5,7,0,0,4,0,0,84,2026
Mitch Owens,12948,SK,PA,19,5,1,4,9,1,0,0,2,1,3,2,1,2,0,0,7,3,0,0,2,0,0,71,2026
Mattaes Phillipou,13036,SK,PA,19,8,10,16,24,1,0,0,7,1,5,3,2,0,1,0,7,16,0,0,1,0,1,69,2026
Liam Ryan,12600,SK,PA,19,4,1,2,6,2,1,0,0,0,1,0,0,0,0,0,1,5,0,1,1,0,0,73,2026
Cooper Sharman,12929,SK,PA,19,7,5,2,9,3,1,0,1,0,1,1,0,0,0,0,6,3,3,3,1,0,1,94,2026
Jack Silvagni,12458,SK,PA,19,11,9,11,22,0,0,0,0,1,1,0,3,0,2,0,8,15,1,0,11,0,0,93,2026
Liam Stocker,12721,SK,PA,19,11,8,6,17,0,0,0,1,1,0,0,3,1,2,0,3,14,1,0,3,0,0,65,2026
Tobie Travaglia,13206,SK,PA,19,4,3,7,11,0,0,0,1,0,0,0,1,0,0,0,2,9,0,0,1,0,0,64,2026
Nasiah Wanganeen-Milera,12950,SK,PA,19,23,3,9,32,0,0,0,5,7,6,2,3,3,0,0,7,19,0,1,2,7,2,82,2026
Callum Wilkie,12703,SK,PA,19,22,16,12,34,0,0,0,0,5,0,0,0,2,0,0,9,24,1,0,5,2,0,100,2026
Darcy Wilson,13110,SK,PA,19,14,4,9,23,0,0,0,7,1,5,1,2,0,1,0,4,17,0,0,3,0,0,79,2026
Marcus Windhager,12967,SK,PA,19,15,7,12,27,0,0,0,2,4,2,2,4,1,0,0,7,20,0,0,0,0,0,84,2026
Mason Wood,12312,SK,PA,19,15,12,8,23,1,0,0,2,3,2,2,5,0,0,0,4,19,1,1,2,0,0,82,2026
Ryan Angwin,13001,GW,GE,19,6,1,8,14,0,0,0,2,2,3,2,3,1,3,0,7,8,0,0,0,0,2,80,2026
Lachie Ash,12782,GW,GE,19,19,9,11,30,0,0,0,3,5,2,1,1,0,0,0,3,25,0,0,1,2,0,82,2026
Toby Bedford,12772,GW,GE,19,9,1,14,23,2,0,0,6,3,1,4,1,0,0,0,7,15,0,1,0,0,0,80,2026
Kieren Briggs,12904,GW,GE,19,11,4,8,19,1,0,51,4,2,2,5,2,0,0,0,13,7,0,1,1,0,0,80,2026
Callum Brown,12910,GW,GE,19,7,5,6,13,3,0,8,3,2,2,2,1,2,1,0,10,6,3,2,2,0,1,83,2026
Aaron Cadman,13054,GW,GE,19,6,2,2,8,1,1,0,2,0,3,0,2,1,0,0,5,3,0,1,2,0,0,91,2026
Finn Callaghan,12969,GW,GE,19,9,2,10,19,1,0,0,7,2,3,4,3,0,1,0,4,14,0,0,2,0,0,84,2026
Stephen Coniglio,12028,GW,GE,19,10,0,4,14,0,1,0,1,0,2,2,3,0,1,0,4,9,0,0,0,0,2,79,2026
Joe Fonti,13164,GW,GE,19,7,6,9,16,0,0,0,3,2,0,0,3,0,0,0,5,10,1,0,2,0,0,78,2026
Phoenix Gothard,13279,GW,GE,19,2,1,6,8,0,1,0,5,0,1,1,2,1,1,0,5,5,0,1,3,1,0,57,2026
Toby Greene,12025,GW,GE,19,20,5,13,33,0,0,0,4,2,9,7,7,1,2,0,15,17,0,1,1,0,2,88,2026
Riley Hamilton,13347,GW,GE,19,9,3,6,15,2,1,0,1,0,2,1,6,0,2,0,6,8,1,1,0,0,0,80,2026
Harry Himmelberg,12462,GW,GE,19,14,7,9,23,1,0,0,3,7,1,2,3,1,0,0,9,8,1,1,8,0,0,92,2026
Connor Idun,12750,GW,GE,19,10,5,12,22,0,0,0,1,5,0,1,3,1,0,0,7,15,0,0,7,1,0,100,2026
Jayden Laverde,12377,GW,GE,19,3,1,11,14,0,0,0,3,0,0,1,2,1,0,0,8,7,0,0,5,0,0,84,2026
Xavier OHalloran,12821,GW,GE,19,10,1,5,15,0,2,0,3,4,2,0,2,1,0,0,5,9,0,1,0,6,2,70,2026
Clayton Oliver,12410,GW,GE,19,17,2,19,36,0,0,0,2,2,11,9,3,0,0,0,21,15,0,0,2,0,0,82,2026
Harrison Oliver,13325,GW,GE,19,10,4,4,14,0,0,0,2,0,1,1,3,1,2,0,1,11,0,0,0,0,1,75,2026
Jack Ough,13348,GW,GE,19,7,0,6,13,0,0,0,5,2,1,3,1,0,1,0,8,6,0,0,2,0,0,32,2026
Harry Rowston,13045,GW,GE,19,8,2,8,16,0,0,0,5,0,2,1,1,1,0,0,4,12,0,0,1,1,0,56,2026
Jake Stringer,12167,GW,GE,19,6,4,3,9,1,2,0,1,0,2,1,1,0,1,0,6,4,0,1,3,0,0,95,2026
Sam Taylor,12644,GW,GE,19,14,9,7,21,0,0,0,3,6,1,1,5,1,1,0,8,13,1,0,5,0,0,90,2026
Harvey Thomas,13101,GW,GE,19,6,5,6,12,0,0,0,3,2,2,0,3,0,0,0,4,9,1,0,1,0,0,62,2026
Tom Atkins,12690,GE,GW,19,9,3,10,19,0,0,0,5,0,5,4,4,0,1,0,12,9,0,1,0,0,0,82,2026
Mark Blicavs,12153,GE,GW,19,6,2,7,13,0,0,13,2,0,2,1,2,1,0,0,7,5,0,0,4,0,0,83,2026
Jack Bowes,12499,GE,GW,19,9,3,5,14,0,0,0,4,0,7,1,5,1,3,0,5,9,1,0,0,1,0,72,2026
Tanner Bruhn,12871,GE,GW,19,9,0,4,13,0,0,0,1,4,4,2,1,1,0,0,7,5,0,0,1,0,0,35,2026
Jeremy Cameron,12017,GE,GW,19,16,11,3,19,0,0,0,3,4,4,1,7,0,1,0,2,16,1,0,1,1,1,63,2026
Patrick Dangerfield,11700,GE,GW,19,5,5,7,12,0,2,0,2,1,0,1,2,0,0,0,4,8,0,3,1,0,1,77,2026
Sam De Koning,12891,GE,GW,19,1,1,10,11,0,0,17,0,0,1,2,1,0,1,0,4,7,0,0,1,0,0,63,2026
Oliver Dempsey,12974,GE,GW,19,15,6,7,22,3,0,0,1,3,5,3,2,1,0,0,10,13,1,2,1,0,0,92,2026
Zach Guthrie,12551,GE,GW,19,6,2,2,8,0,0,0,5,2,1,0,3,2,1,0,6,3,0,0,4,0,0,87,2026
Jack Henry,12607,GE,GW,19,1,0,2,3,0,1,0,1,0,0,0,1,0,0,0,1,2,0,0,1,0,0,31,2026
Oliver Henry,12851,GE,GW,19,8,5,8,16,1,0,0,2,0,4,0,2,1,0,0,6,10,0,1,1,0,2,91,2026
Max Holmes,12881,GE,GW,19,20,7,14,34,0,0,0,2,4,4,2,3,1,0,0,9,22,0,0,1,8,0,86,2026
Lawson Humphries,13160,GE,GW,19,14,2,8,22,0,0,0,7,5,2,1,4,0,0,0,6,13,0,0,4,2,0,92,2026
Mitch Knevitt,12986,GE,GW,19,5,1,5,10,1,1,0,7,1,1,2,2,1,0,0,6,4,0,0,1,0,0,76,2026
Jake Kolodjashnij,12370,GE,GW,19,6,2,4,10,0,0,0,1,2,1,0,2,0,0,0,4,5,0,0,1,0,0,83,2026
Shaun Mannagh,13104,GE,GW,19,20,1,13,33,4,1,0,4,0,3,7,4,0,0,0,13,19,0,0,0,1,0,85,2026
Jack Martin,12236,GE,GW,19,4,1,4,8,0,1,0,2,0,1,1,5,2,1,0,7,3,0,0,1,0,0,78,2026
Oisin Mullin,13066,GE,GW,19,5,3,9,14,0,0,0,6,0,0,4,3,1,1,0,9,6,0,0,4,0,0,84,2026
Shannon Neale,12992,GE,GW,19,4,2,5,9,0,0,15,4,0,1,1,6,0,3,0,3,6,1,1,2,0,1,98,2026
Connor OSullivan,13122,GE,GW,19,8,7,5,13,0,0,0,3,5,1,0,3,0,1,0,3,10,1,0,9,0,0,94,2026
Bailey Smith,12692,GE,GW,19,21,5,11,32,1,0,0,3,3,8,7,6,2,0,0,11,21,0,0,3,0,0,87,2026
Tom Stewart,12505,GE,GW,19,13,6,5,18,0,0,0,2,6,2,1,2,1,0,0,7,8,1,0,5,0,0,81,2026
Oliver Wiltshire,13217,GE,GW,19,4,1,2,6,1,0,0,2,0,3,0,0,1,0,0,3,4,0,0,2,0,1,80,2026
Karl Amon,12357,HW,CA,19,5,1,7,12,0,0,0,2,2,1,0,2,0,1,0,4,9,0,0,1,0,1,70,2026
Tom Barrass,12383,HW,CA,19,3,2,5,8,0,0,0,0,1,0,0,0,0,0,0,5,3,1,0,8,0,0,86,2026
Mabior Chol,12485,HW,CA,19,13,5,3,16,1,3,3,2,3,2,2,7,1,2,0,8,8,2,3,1,0,1,71,2026
Massimo DAmbrosio,12998,HW,CA,19,11,2,8,19,0,1,0,5,3,5,0,3,0,1,0,3,16,0,1,0,0,0,82,2026
Will Day,12794,HW,CA,19,16,3,8,24,1,1,0,7,3,4,3,7,0,2,0,6,13,1,1,2,0,3,73,2026
Jack Ginnivan,12927,HW,CA,19,12,3,13,25,3,1,0,3,1,2,0,5,1,1,0,11,11,0,1,2,0,0,84,2026
Ollie Greeves,13350,HW,CA,19,5,1,11,16,0,0,0,3,1,1,2,3,2,1,0,9,8,0,1,1,0,0,62,2026
Jack Gunston,11845,HW,CA,19,17,6,3,20,3,1,0,0,0,5,0,3,4,1,0,9,8,1,2,2,0,0,89,2026
Blake Hardwick,12469,HW,CA,19,21,5,4,25,0,0,0,3,5,4,1,9,1,4,0,8,11,2,0,5,0,0,96,2026
Matt Hill,13343,HW,CA,19,3,0,2,5,2,0,0,1,0,2,0,2,0,2,0,2,3,0,0,0,0,0,54,2026
Jarman Impey,12237,HW,CA,19,12,3,8,20,0,0,0,2,3,3,0,2,0,0,0,5,13,0,0,0,0,1,67,2026
Mitch Lewis,12636,HW,CA,19,14,2,8,22,1,1,1,3,0,4,1,6,1,1,0,13,7,1,1,0,0,2,82,2026
Bailey Macdonald,13069,HW,CA,19,2,1,8,10,0,0,0,5,1,1,0,0,0,0,0,8,2,0,0,1,0,0,90,2026
Connor Macdonald,12954,HW,CA,19,15,3,16,31,0,0,0,7,0,3,7,4,0,0,0,17,16,0,0,1,0,0,82,2026
Cam Mackenzie,13031,HW,CA,19,13,0,8,21,0,0,0,3,1,6,8,5,0,0,0,10,7,0,0,1,0,0,74,2026
Will McCabe,13311,HW,CA,19,5,1,5,10,0,0,0,0,1,2,1,3,0,1,0,4,6,0,0,2,0,0,78,2026
Lloyd Meek,12856,HW,CA,19,6,1,10,16,0,0,49,10,3,2,10,2,2,1,0,14,2,0,0,2,0,0,78,2026
Dylan Moore,12710,HW,CA,19,14,3,6,20,2,1,0,5,1,2,0,4,1,1,0,7,11,0,1,4,0,0,86,2026
Harry Morrison,12579,HW,CA,19,16,4,5,21,1,0,0,2,2,2,3,7,1,0,0,5,11,0,0,1,0,0,82,2026
Noah Mraz,13344,HW,CA,19,6,2,5,11,0,0,0,3,2,0,0,2,0,0,0,4,6,1,0,9,0,0,86,2026
Jai Newcombe,12915,HW,CA,19,7,3,11,18,0,1,0,4,2,3,2,1,0,1,0,10,8,0,1,4,0,1,74,2026
James Sicily,12332,HW,CA,19,11,4,4,15,0,0,0,1,2,0,0,2,0,0,0,5,11,0,1,3,0,0,92,2026
Josh Ward,12955,HW,CA,19,14,2,9,23,1,0,0,7,2,3,6,4,1,0,0,10,11,0,0,2,0,1,63,2026
Ben Ainsworth,12498,CA,HW,19,9,6,2,11,1,0,0,3,2,2,0,2,0,0,0,2,8,0,1,0,0,0,86,2026
Talor Byrne,13297,CA,HW,19,5,3,3,8,1,0,0,5,0,1,1,0,2,0,0,7,3,1,1,0,0,0,78,2026
Adam Cerra,12603,CA,HW,19,15,1,12,27,1,1,0,14,1,5,3,6,0,0,0,9,13,0,0,0,0,0,81,2026
Matthew Cottrell,12822,CA,HW,19,13,3,6,19,0,0,0,8,2,3,0,4,2,1,0,10,8,1,1,0,0,0,80,2026
Lachlan Cowan,13028,CA,HW,19,9,2,4,13,0,0,0,4,1,4,1,4,0,0,0,2,9,0,0,1,0,0,81,2026
Patrick Cripps,12261,CA,HW,19,10,0,11,21,0,0,0,9,2,1,7,8,0,2,0,17,2,0,0,1,0,0,76,2026
Harry Dean,13273,CA,HW,19,6,3,4,10,0,0,0,3,3,0,1,2,2,1,0,5,5,0,0,3,0,0,85,2026
Wade Derksen,13303,CA,HW,19,10,4,3,13,0,0,0,0,1,1,0,9,0,2,0,5,7,1,1,3,0,0,83,2026
Francis Evans,12873,CA,HW,19,12,2,7,19,0,0,0,7,0,3,1,4,4,1,0,10,8,0,0,1,0,1,85,2026
Oliver Florent,12497,CA,HW,19,11,4,5,16,0,0,0,2,5,3,0,4,0,0,0,3,11,0,0,0,0,0,80,2026
Nick Haynes,12091,CA,HW,19,10,3,3,13,0,0,0,0,2,1,0,1,0,0,0,4,7,1,0,5,0,0,95,2026
Will Hayward,12509,CA,HW,19,6,1,12,18,0,0,0,2,2,1,1,6,1,3,0,10,7,0,1,0,0,2,84,2026
George Hewett,12411,CA,HW,19,4,0,5,9,0,0,0,2,1,0,1,3,0,1,0,5,4,0,0,0,0,0,15,2026
Oliver Hollands,13029,CA,HW,19,6,2,1,7,0,0,0,6,3,2,1,2,0,1,0,2,5,0,0,4,0,0,86,2026
Jack Ison,13321,CA,HW,19,10,1,4,14,0,1,0,0,0,2,1,1,0,0,0,9,2,0,0,3,0,0,66,2026
Brodie Kemp,12937,CA,HW,19,2,1,4,6,0,0,0,3,0,1,0,1,0,0,0,3,5,0,0,1,0,0,92,2026
Mitch McGovern,12404,CA,HW,19,10,7,2,12,2,0,0,0,0,4,0,4,1,0,0,4,8,2,3,2,0,0,79,2026
Harry McKay,12566,CA,HW,19,5,3,6,11,0,0,5,3,1,1,2,1,0,0,0,4,7,0,0,0,0,0,77,2026
Nic Newman,12508,CA,HW,19,20,5,7,27,0,0,0,6,4,3,0,4,1,3,0,4,13,0,0,1,1,0,91,2026
Flynn Riley,13349,CA,HW,19,4,1,2,6,1,0,17,5,4,0,2,3,3,0,0,7,1,0,0,1,0,0,62,2026
Jagga Smith,13274,CA,HW,19,8,2,12,20,0,0,0,6,0,2,3,2,0,0,0,8,12,0,0,0,0,1,76,2026
Sam Walsh,12684,CA,HW,19,21,1,14,35,0,0,0,4,2,3,7,5,4,0,0,18,16,0,0,1,0,1,81,2026
Billy Wilson,13244,CA,HW,19,10,2,6,16,0,0,0,6,5,2,2,2,0,0,0,5,7,0,0,1,0,0,80,2026
Sam Berry,12849,AD,GC,19,16,2,12,28,0,0,0,12,0,7,10,4,3,1,0,14,13,0,0,0,1,1,68,2026
James Borlase,13086,AD,GC,19,2,0,4,6,0,0,0,4,1,0,1,2,1,2,0,5,1,0,0,6,0,0,86,2026
Brayden Cook,12932,AD,GC,19,13,6,6,19,0,0,0,3,2,4,3,0,0,0,0,7,11,1,0,1,0,0,80,2026
Daniel Curtin,13132,AD,GC,19,9,2,8,17,0,0,0,8,2,3,1,3,1,0,0,8,10,0,0,4,0,1,87,2026
Jordan Dawson,12516,AD,GC,19,15,3,14,29,2,1,0,4,2,3,2,4,1,0,0,8,21,1,2,1,0,0,80,2026
Darcy Fogarty,12584,AD,GC,19,6,4,4,10,2,0,0,4,1,0,0,1,2,1,0,3,8,0,2,0,0,0,81,2026
Mark Keane,12809,AD,GC,19,7,1,2,9,0,0,0,0,1,0,0,1,0,1,0,3,4,0,0,5,0,0,93,2026
Ben Keays,12434,AD,GC,19,9,1,9,18,2,1,0,6,1,0,1,1,4,0,0,9,9,0,0,1,0,1,87,2026
Rory Laird,12165,AD,GC,19,10,4,4,14,0,0,0,1,2,3,1,0,1,0,0,3,11,0,0,0,1,0,42,2026
Lachlan McAndrew,13065,AD,GC,19,5,1,5,10,1,0,26,7,1,2,6,2,1,2,0,8,2,0,0,1,0,0,55,2026
Max Michalanney,13027,AD,GC,19,8,8,6,14,0,0,0,3,1,1,1,4,0,2,0,1,14,0,0,1,0,0,88,2026
Wayne Milera,12405,AD,GC,19,15,5,7,22,0,0,0,4,2,3,1,2,2,1,0,6,13,0,0,4,0,1,82,2026
Toby Murray,13280,AD,GC,19,2,1,2,4,0,0,18,3,1,2,1,1,1,1,0,3,1,0,0,5,0,0,45,2026
Luke Nankervis,13081,AD,GC,19,12,5,5,17,1,1,0,1,3,3,0,1,0,1,0,5,12,0,0,1,0,1,81,2026
Alex Neal-Bullen,12367,AD,GC,19,6,4,7,13,1,0,0,7,1,3,1,2,1,0,0,2,11,0,1,1,0,0,82,2026
James Peatling,12934,AD,GC,19,17,2,7,24,0,1,0,6,1,6,10,1,5,1,0,16,9,0,0,3,0,1,67,2026
Josh Rachele,12953,AD,GC,19,12,3,5,17,3,1,0,1,0,2,1,2,3,1,0,8,8,0,1,3,0,2,86,2026
Izak Rankine,12798,AD,GC,19,18,5,13,31,1,2,0,8,3,8,7,4,3,0,0,14,20,0,0,3,0,0,87,2026
Jake Soligo,12952,AD,GC,19,8,2,9,17,1,0,0,4,0,1,3,3,2,2,0,5,10,0,0,0,1,0,80,2026
Zac Taylor,13159,AD,GC,19,7,2,9,16,0,1,0,1,1,2,2,3,0,2,0,5,11,0,0,0,0,0,84,2026
Riley Thilthorpe,12892,AD,GC,19,5,5,10,15,0,1,0,1,0,2,1,3,0,0,0,5,10,0,3,2,0,3,86,2026
Taylor Walker,11713,AD,GC,19,11,6,2,13,5,4,0,2,0,4,0,0,1,0,0,3,10,1,4,0,0,1,82,2026
Josh Worrell,12912,AD,GC,19,12,4,9,21,0,0,0,0,5,0,0,2,0,0,0,6,13,0,0,1,0,0,88,2026
Oscar Adams,13251,GC,AD,19,4,4,2,6,0,0,0,1,3,0,0,4,0,3,0,2,5,1,0,6,0,0,82,2026
Beau Addinsall,13341,GC,AD,19,7,2,9,16,0,0,0,5,1,0,3,3,1,0,0,6,7,0,0,0,0,0,70,2026
Noah Anderson,12767,GC,AD,19,16,5,9,25,0,0,0,4,1,3,5,4,1,2,0,8,17,0,1,0,0,0,82,2026
Mac Andrew,13019,GC,AD,19,11,6,4,15,0,0,0,2,4,1,0,6,0,3,0,5,8,2,0,7,0,0,90,2026
Sam Collins,12444,GC,AD,19,7,5,7,14,0,0,0,0,2,0,0,1,0,1,0,7,7,0,0,11,0,0,97,2026
Will Graham,13120,GC,AD,19,5,4,1,6,0,0,0,3,0,3,0,1,0,0,0,1,5,0,0,0,0,0,48,2026
Nick Holman,12307,GC,AD,19,4,2,4,8,0,0,0,2,1,1,0,4,0,2,0,0,8,0,0,1,0,0,79,2026
Bailey Humphrey,13049,GC,AD,19,3,1,7,10,1,0,0,5,0,1,0,0,0,0,0,6,4,0,0,0,0,1,83,2026
Joel Jeffrey,12933,GC,AD,19,11,6,10,21,0,0,0,2,6,3,2,2,2,2,0,5,17,0,1,2,0,0,76,2026
Ben King,12728,GC,AD,19,4,2,2,6,1,2,0,0,0,0,0,2,2,2,0,4,3,1,1,2,0,0,87,2026
Leo Lombard,13232,GC,AD,19,9,3,12,21,1,0,0,2,2,2,2,1,1,0,0,8,12,0,0,0,2,0,76,2026
Touk Miller,12331,GC,AD,19,9,3,11,20,0,1,0,2,2,4,3,2,0,0,0,8,12,0,1,2,0,1,86,2026
Ned Moyle,13050,GC,AD,19,6,1,7,13,0,0,58,1,3,3,7,2,2,2,0,7,6,1,0,4,0,0,83,2026
Jai Murray,13332,GC,AD,19,9,4,6,15,0,0,0,2,3,2,1,4,0,4,0,5,11,0,0,1,0,0,79,2026
John Noble,12743,GC,AD,19,14,4,4,18,0,0,0,2,2,3,1,2,1,1,0,1,16,0,0,0,2,0,65,2026
Dylan Patterson,13346,GC,AD,19,3,0,2,5,0,0,0,3,0,3,0,1,0,0,0,0,4,0,0,1,0,2,67,2026
Christian Petracca,12430,GC,AD,19,10,1,9,19,1,1,0,3,0,2,3,4,1,2,0,6,12,0,0,0,0,0,85,2026
Wil Powell,12652,GC,AD,19,6,5,12,18,0,0,0,4,1,0,1,3,2,2,0,7,11,0,0,0,0,0,85,2026
Ethan Read,13121,GC,AD,19,2,1,2,4,0,0,3,0,0,0,0,0,1,0,0,4,1,0,0,2,0,0,65,2026
Matt Rowell,12768,GC,AD,19,11,1,16,27,0,0,0,6,1,3,6,7,2,3,0,16,10,0,0,1,0,0,77,2026
Bodhi Uwland,13041,GC,AD,19,12,8,9,21,0,0,0,1,3,0,1,2,1,1,0,7,12,0,0,5,0,0,90,2026
Zeke Uwland,13278,GC,AD,19,14,3,7,21,0,0,0,3,6,3,0,3,0,0,0,3,13,0,0,0,0,1,78,2026
Jed Walter,13114,GC,AD,19,4,2,4,8,3,0,0,2,0,1,0,2,1,2,0,4,4,0,1,3,0,0,71,2026
Bo Allan,13221,WC,WB,19,7,3,5,12,0,1,0,5,0,1,0,1,1,0,0,6,6,2,1,0,0,0,79,2026
Liam Baker,12661,WC,WB,19,17,3,1,18,0,0,0,1,4,3,3,3,2,1,0,4,14,0,0,2,0,0,81,2026
Rhett Bazzo,13000,WC,WB,19,5,4,8,13,0,0,0,2,0,1,0,1,1,0,0,5,8,0,0,6,0,0,80,2026
Tom Cole,12446,WC,WB,19,4,0,10,14,1,1,0,4,0,1,0,1,1,1,0,9,6,0,0,1,0,0,74,2026
Hamish Davis,13210,WC,WB,19,10,3,4,14,0,0,0,0,2,0,2,3,1,0,0,5,10,0,0,2,1,0,73,2026
Liam Duggan,12334,WC,WB,19,9,7,5,14,0,0,0,3,1,3,1,0,0,0,0,7,8,2,0,1,0,0,78,2026
Willem Duursma,13292,WC,WB,19,10,3,10,20,1,0,0,7,1,5,2,3,1,1,0,11,11,0,0,2,1,1,79,2026
Oliver Francou,13345,WC,WB,19,9,3,6,15,0,0,0,5,0,3,2,5,1,1,0,9,7,0,0,0,2,0,68,2026
Jack Graham,12576,WC,WB,19,11,4,7,18,1,0,0,4,1,5,1,2,0,1,0,4,14,0,1,0,0,2,77,2026
Marcus Herbert,13339,WC,WB,19,15,10,5,20,0,0,0,0,2,0,0,5,0,3,0,4,14,0,0,0,2,0,79,2026
Brady Hough,12957,WC,WB,19,9,7,3,12,0,0,0,6,3,1,0,3,1,2,0,4,9,1,0,3,0,0,81,2026
Jack Hutchinson,13151,WC,WB,19,5,2,4,9,0,1,0,2,0,2,1,2,2,1,0,7,3,0,0,1,0,0,73,2026
Tim Kelly,12595,WC,WB,19,9,4,13,22,0,0,0,1,3,3,6,5,0,0,0,12,11,0,0,0,1,0,76,2026
Tom McCarthy,13240,WC,WB,19,20,11,2,22,0,0,0,2,4,1,1,4,0,1,0,3,14,1,0,0,3,1,83,2026
Milan Murdock,13294,WC,WB,19,4,3,3,7,1,0,0,8,0,2,0,3,0,1,0,2,9,0,1,1,0,0,75,2026
Harley Reid,13111,WC,WB,19,12,3,15,27,1,3,0,2,2,3,9,6,3,3,0,16,14,0,0,3,1,0,77,2026
Jobe Shanahan,13247,WC,WB,19,6,5,1,7,2,1,0,1,0,1,0,2,1,1,0,4,4,1,3,1,0,0,97,2026
Brandon Starcevich,12668,WC,WB,19,13,4,2,15,0,0,0,1,4,0,0,1,1,0,0,4,5,1,0,2,1,0,75,2026
Jake Waterman,12601,WC,WB,19,10,8,1,11,1,3,0,0,1,4,1,0,0,0,0,1,9,0,3,0,0,0,90,2026
Bailey Williams,12836,WC,WB,19,2,1,4,6,0,0,35,6,0,1,3,2,0,1,0,7,1,1,0,0,0,1,77,2026
Jack Williams,12962,WC,WB,19,7,3,2,9,1,2,10,2,1,1,0,1,0,0,0,3,6,0,2,1,0,0,74,2026
Elliot Yeo,12087,WC,WB,19,7,3,5,12,0,0,0,4,0,4,1,3,0,0,0,3,7,0,0,1,0,0,66,2026
Tylar Young,13043,WC,WB,19,13,7,0,13,0,0,0,2,3,3,0,1,2,1,0,2,10,0,0,6,0,0,88,2026
Marcus Bontempelli,12269,WB,WC,19,14,4,11,25,2,1,0,8,2,5,12,3,2,2,0,15,12,0,0,4,0,1,87,2026
Lachlan Bramble,12916,WB,WC,19,10,3,6,16,0,0,0,3,3,1,1,2,1,0,0,5,6,0,0,1,1,0,81,2026
Jedd Busslinger,13216,WB,WC,19,10,2,5,15,0,0,0,0,5,1,0,2,1,1,0,3,10,0,0,6,2,0,100,2026
Luke Cleary,12987,WB,WC,19,9,3,2,11,0,0,0,1,2,3,1,3,0,1,0,2,8,0,0,2,0,0,72,2026
Jordan Croft,13265,WB,WC,19,5,2,2,7,1,1,2,4,0,2,0,3,0,2,0,2,5,0,1,2,0,0,85,2026
Bailey Dale,12354,WB,WC,19,23,6,6,29,0,0,0,0,6,3,0,4,1,0,0,3,15,0,0,0,1,1,73,2026
Sam Davidson,13178,WB,WC,19,5,3,4,9,1,0,0,1,0,1,0,2,0,0,0,3,7,1,1,3,0,1,75,2026
Josh Dolan,13179,WB,WC,19,5,3,5,10,0,0,0,3,0,0,2,0,2,0,0,4,5,0,0,0,0,0,59,2026
Joel Freijah,13140,WB,WC,19,6,2,6,12,0,0,0,4,0,2,2,6,0,2,0,7,6,0,0,3,0,0,79,2026
Cooper Hynes,13213,WB,WC,19,6,2,2,8,0,0,0,4,0,0,0,3,1,1,0,3,7,0,0,1,0,0,76,2026
Arthur Jones,13046,WB,WC,19,7,3,2,9,1,1,0,1,0,0,0,3,2,1,0,2,5,1,3,2,0,0,80,2026
Luke Kennedy,13333,WB,WC,19,3,2,0,3,0,0,0,5,0,1,0,1,0,1,0,0,3,0,0,0,0,0,63,2026
Matthew Kennedy,12455,WB,WC,19,8,4,6,14,0,1,5,2,0,3,1,0,1,0,0,6,7,1,1,0,0,2,64,2026
Buku Khamis,12900,WB,WC,19,7,5,4,11,0,0,0,0,2,1,0,2,0,0,0,2,8,0,0,5,0,0,94,2026
Tom Liberatore,11898,WB,WC,19,6,1,17,23,0,1,0,3,2,0,8,2,0,0,0,11,11,0,0,0,0,1,73,2026
Rory Lobb,12282,WB,WC,19,10,5,7,17,1,0,29,5,3,2,2,4,2,1,0,10,7,1,1,3,0,1,78,2026
Aaron Naughton,12594,WB,WC,19,10,6,4,14,5,1,0,0,0,2,0,4,1,1,0,5,8,1,6,1,0,0,87,2026
James ODonnell,13061,WB,WC,19,6,5,3,9,0,0,0,1,1,0,0,0,0,0,0,4,6,0,0,8,0,0,100,2026
Ed Richards,12605,WB,WC,19,21,4,7,28,1,0,0,2,2,8,6,3,2,0,0,11,18,0,1,3,2,1,81,2026
Michael Sellwood,13276,WB,WC,19,11,7,3,14,0,0,0,5,3,3,0,3,0,2,0,2,12,0,0,2,0,0,80,2026
Cody Weightman,12800,WB,WC,19,8,2,7,15,0,0,0,4,2,4,2,4,1,3,0,9,6,0,1,1,0,0,75,2026
Rhylee West,12748,WB,WC,19,11,2,12,23,0,0,0,6,2,3,2,1,2,0,0,10,13,0,0,1,0,0,74,2026
Bailey Williams,12441,WB,WC,19,5,3,4,9,1,0,0,0,3,0,0,0,0,0,0,5,4,0,1,0,0,0,64,2026
Jake Bowey,12931,ME,RI,19,25,7,6,31,1,0,0,3,6,7,1,3,3,0,0,3,22,0,0,0,1,0,86,2026
Kade Chandler,12756,ME,RI,19,6,4,7,13,0,1,0,6,2,5,3,1,0,0,0,5,7,0,0,0,1,1,74,2026
Joel Fitzgerald,13335,ME,RI,19,18,5,13,31,0,0,0,4,2,6,5,4,1,2,0,9,23,0,0,0,0,2,70,2026
Max Gawn,11966,ME,RI,19,8,4,9,17,2,0,36,2,1,1,4,4,3,3,0,9,7,1,0,3,0,0,79,2026
Blake Howes,13098,ME,RI,19,8,6,14,22,0,0,0,2,2,0,0,3,0,0,0,5,17,2,0,2,0,0,85,2026
Matthew Jefferson,13182,ME,RI,19,4,4,3,7,1,2,0,1,0,0,0,1,0,0,0,4,3,2,4,1,0,0,92,2026
Changkuoth Jiath,12752,ME,RI,19,8,5,4,12,0,0,0,0,3,2,0,1,0,1,0,4,7,1,0,1,0,0,77,2026
Aidan Johnson,13183,ME,RI,19,4,3,6,10,0,0,1,4,0,2,3,6,1,4,0,6,5,0,0,2,0,1,59,2026
Ed Langdon,12393,ME,RI,19,10,4,14,24,0,0,0,4,2,4,1,0,1,0,0,6,18,0,0,0,1,1,87,2026
Harvey Langford,13184,ME,RI,19,9,4,11,20,0,2,0,3,1,3,2,4,1,0,0,11,10,2,2,0,0,1,75,2026
Bailey Laurie,13032,ME,RI,19,4,1,5,9,0,0,0,2,1,1,0,1,0,0,0,2,6,0,1,0,0,1,59,2026
Jake Lever,12351,ME,RI,19,9,8,10,19,0,0,0,2,3,1,0,3,0,2,0,8,12,1,0,15,0,0,100,2026
Jake Melksham,11820,ME,RI,19,8,5,5,13,2,1,0,1,0,1,1,4,1,1,0,7,6,1,4,0,0,2,79,2026
Kysaiah Pickett,12771,ME,RI,19,14,3,7,21,0,1,0,3,1,2,2,2,0,0,0,8,12,1,1,0,0,1,77,2026
Latrelle Pickett,13286,ME,RI,19,5,0,5,10,1,0,0,2,1,4,0,1,0,0,0,4,6,0,0,0,2,1,59,2026
Trent Rivers,12778,ME,RI,19,10,4,12,22,0,0,0,0,4,2,0,3,0,0,0,4,14,0,0,2,2,0,78,2026
Harry Sharp,12864,ME,RI,19,8,4,4,12,1,1,0,3,0,3,0,4,1,1,0,4,7,0,2,0,0,2,77,2026
Tom Sparrow,12693,ME,RI,19,14,2,13,27,1,1,0,6,0,7,6,9,2,4,0,13,15,0,0,2,0,2,75,2026
Jack Steele,12368,ME,RI,19,8,4,19,27,0,1,0,10,2,3,8,1,1,1,0,14,13,0,0,2,0,0,76,2026
Koltyn Tholstrup,13123,ME,RI,19,9,3,5,14,0,0,0,0,2,1,0,2,1,1,0,6,8,0,0,1,1,0,80,2026
Daniel Turner,12996,ME,RI,19,13,11,5,18,0,0,0,0,2,4,0,1,0,0,0,6,11,3,0,9,0,0,95,2026
Jacob van Rooyen,13048,ME,RI,19,12,10,4,16,6,2,0,1,0,1,0,1,1,0,0,6,10,3,8,1,0,0,91,2026
Caleb Windsor,13099,ME,RI,19,7,2,5,12,1,0,0,3,1,2,0,1,0,1,0,2,11,0,0,0,0,0,70,2026
Jasper Alger,13242,RI,ME,19,2,1,7,9,2,0,0,0,0,0,2,1,0,1,0,5,4,0,1,3,0,2,76,2026
Kye Annand,13338,RI,ME,19,8,2,5,13,0,0,0,1,3,0,1,2,0,0,0,6,6,1,0,11,0,0,87,2026
Noah Balta,12686,RI,ME,19,4,2,2,6,0,0,12,1,1,2,2,2,3,0,0,6,2,0,0,1,0,0,83,2026
Sam Banks,13078,RI,ME,19,13,3,7,20,0,0,0,2,5,2,1,3,0,1,0,7,10,0,0,3,0,0,83,2026
Nathan Broad,12456,RI,ME,19,3,4,9,12,0,0,0,2,2,0,1,4,0,0,0,5,7,0,0,7,0,0,83,2026
Tom Brown,13096,RI,ME,19,11,2,3,14,0,0,0,1,5,1,0,4,0,0,0,5,8,0,0,2,0,0,75,2026
Seth Campbell,13100,RI,ME,19,9,2,6,15,0,0,0,3,1,4,1,4,1,0,0,7,7,0,0,0,3,0,74,2026
Sam Cumming,13316,RI,ME,19,6,5,8,14,2,0,0,1,1,4,1,1,0,0,0,3,11,0,1,0,0,0,69,2026
Sam Grlj,13290,RI,ME,19,8,2,6,14,0,1,0,2,1,2,1,0,2,0,0,4,9,0,0,1,1,0,74,2026
Taj Hotton,13253,RI,ME,19,5,1,8,13,0,1,0,3,1,1,4,4,4,0,0,10,5,0,0,2,0,0,70,2026
Mykelti Lefau,13113,RI,ME,19,4,0,2,6,1,0,0,1,0,2,0,3,0,1,0,4,2,0,0,2,0,0,78,2026
Tom Lynch,11948,RI,ME,19,4,1,2,6,0,1,0,0,0,2,0,2,0,1,0,1,5,0,0,1,0,0,79,2026
Rhyan Mansell,12883,RI,ME,19,10,5,2,12,0,2,0,2,0,4,0,2,0,1,0,4,8,1,2,0,0,1,71,2026
Kane McAuliffe,13117,RI,ME,19,11,2,10,21,0,0,0,2,3,4,4,4,1,2,0,8,13,0,0,0,0,1,68,2026
Ben Miller,12941,RI,ME,19,13,7,2,15,0,0,0,1,8,1,0,3,0,2,0,3,6,2,0,3,0,0,96,2026
Toby Nankervis,12374,RI,ME,19,5,0,9,14,2,0,24,2,2,0,8,3,3,3,0,10,4,0,0,5,0,0,75,2026
Zane Peucker,13351,RI,ME,19,6,3,1,7,1,0,0,0,0,2,0,1,0,0,0,2,5,1,0,0,1,0,68,2026
Dion Prestia,11917,RI,ME,19,8,0,8,16,0,0,0,3,1,4,3,2,0,2,0,5,9,0,0,1,1,0,78,2026
Hugo Ralphsmith,12902,RI,ME,19,10,1,5,15,0,2,0,1,2,0,2,0,0,0,0,5,10,0,0,4,0,1,86,2026
Patrick Retschko,13313,RI,ME,19,9,3,9,18,0,0,0,2,2,3,4,0,2,0,0,8,10,0,0,2,0,0,87,2026
Tim Taranto,12504,RI,ME,19,15,1,11,26,1,1,0,5,0,6,5,6,3,1,0,12,13,0,0,0,1,0,83,2026
James Trezise,13095,RI,ME,19,9,4,14,23,0,1,0,2,1,1,0,2,1,1,0,11,11,1,1,3,0,0,73,2026
Nick Vlastuin,12174,RI,ME,19,12,4,4,16,0,0,0,5,6,1,2,2,1,1,0,8,5,1,0,1,0,0,84,2026
Harris Andrews,12340,BL,ES,19,12,8,6,18,0,0,0,0,2,0,0,2,1,2,0,5,13,1,0,9,0,0,92,2026
Noah Answerth,12718,BL,ES,19,9,4,3,12,0,0,0,2,2,3,1,2,0,0,0,3,9,0,0,1,0,0,84,2026
Levi Ashcroft,13197,BL,ES,19,8,5,11,19,2,0,0,0,0,4,1,1,1,1,0,4,14,0,1,0,1,2,73,2026
Will Ashcroft,13040,BL,ES,19,20,7,13,33,3,2,0,3,1,6,8,0,3,0,0,12,19,0,0,0,3,1,80,2026
Zac Bailey,12610,BL,ES,19,14,4,9,23,2,0,0,0,1,5,6,2,1,1,0,8,12,0,1,0,0,0,91,2026
Jarrod Berry,12519,BL,ES,19,9,4,7,16,0,0,0,2,3,2,0,0,0,0,0,0,15,0,0,1,0,1,79,2026
Charlie Cameron,12277,BL,ES,19,9,7,2,11,2,1,0,0,2,3,0,3,0,3,0,2,9,0,3,0,0,0,80,2026
Sam Draper,12810,BL,ES,19,11,5,4,15,2,0,23,0,1,5,5,1,1,0,0,6,9,1,2,2,1,1,59,2026
Josh Dunkley,12408,BL,ES,19,7,4,9,16,1,0,0,6,0,3,3,2,0,2,0,5,10,0,1,3,0,1,83,2026
Jaspa Fletcher,13072,BL,ES,19,15,8,8,23,0,0,0,2,5,1,1,2,1,0,0,3,17,0,0,1,1,0,88,2026
Darcy Fort,12724,BL,ES,19,6,3,5,11,0,0,17,0,0,4,4,2,3,0,0,7,5,0,0,1,0,0,51,2026
Ty Gallop,13235,BL,ES,19,9,8,0,9,0,0,0,2,0,3,0,1,0,0,0,4,5,4,0,6,0,1,93,2026
Eric Hipwood,12454,BL,ES,19,11,6,2,13,2,1,0,0,0,3,0,4,3,1,0,6,7,2,3,1,0,0,73,2026
Ryan Lester,11894,BL,ES,19,10,10,3,13,0,0,0,0,0,2,0,2,0,0,0,1,12,0,0,0,0,0,79,2026
Kai Lohmann,12968,BL,ES,19,9,5,4,13,3,1,0,0,0,3,0,1,1,0,0,4,9,0,3,0,0,1,77,2026
Hugh McCluggage,12518,BL,ES,19,4,3,12,16,1,0,0,6,0,1,2,4,1,2,0,9,9,0,0,1,0,1,64,2026
Conor McKenna,12391,BL,ES,19,7,2,3,10,2,2,0,2,0,5,0,0,0,0,0,2,8,0,1,1,1,2,78,2026
Logan Morris,13137,BL,ES,19,11,4,1,12,2,4,0,1,0,0,0,3,1,1,0,6,6,2,3,0,0,0,80,2026
Lachie Neale,12055,BL,ES,19,18,13,22,40,0,1,0,3,3,1,5,0,3,0,0,15,27,0,2,0,0,2,82,2026
Cam Rayner,12592,BL,ES,19,11,5,12,23,0,0,0,6,1,3,4,6,1,2,0,8,15,0,0,0,0,2,80,2026
Bruce Reville,13138,BL,ES,19,12,7,11,23,0,1,0,0,2,6,1,1,0,1,0,4,18,0,0,0,1,2,78,2026
Darcy Wilmot,13026,BL,ES,19,16,6,7,23,0,0,0,1,3,2,1,2,0,1,0,5,14,0,0,2,0,0,83,2026
Dayne Zorko,12076,BL,ES,19,20,4,12,32,0,0,0,1,4,4,2,7,1,2,0,4,24,0,0,1,0,1,73,2026
Lachlan Blakiston,13237,ES,BL,19,2,1,1,3,0,0,7,1,1,1,1,4,0,4,0,1,2,0,0,0,0,1,65,2026
Nick Bryan,12899,ES,BL,19,2,0,3,5,0,0,29,2,0,1,0,0,0,0,0,3,2,0,0,2,0,0,76,2026
Nate Caddy,13148,ES,BL,19,9,6,2,11,2,1,0,2,0,4,1,2,0,1,0,4,8,1,1,3,0,0,87,2026
Jye Caldwell,12755,ES,BL,19,4,3,9,13,0,0,0,8,1,0,3,2,2,2,0,8,6,0,0,1,0,0,74,2026
Angus Clarke,13229,ES,BL,19,5,4,5,10,0,0,0,2,1,1,0,0,0,0,0,1,8,0,0,1,0,0,74,2026
Archer Day-Wicks,13223,ES,BL,19,2,1,6,8,0,1,0,1,0,1,0,2,0,0,0,2,6,0,1,3,0,0,71,2026
Sam Durham,12925,ES,BL,19,15,4,7,22,1,0,0,1,1,7,5,6,2,2,0,9,14,1,1,2,0,0,81,2026
Xavier Duursma,12696,ES,BL,19,6,2,9,15,0,0,0,1,2,0,1,5,1,2,0,4,12,0,0,2,1,0,79,2026
Jacob Farrow,13299,ES,BL,19,5,2,7,12,0,0,0,4,2,0,0,2,1,0,0,4,7,0,0,1,0,0,72,2026
Harry Jones,12853,ES,BL,19,9,4,1,10,0,0,0,4,7,0,0,6,2,3,0,4,5,1,0,2,0,0,84,2026
Isaac Kako,13177,ES,BL,19,6,2,5,11,1,0,0,2,0,1,1,2,1,1,0,4,7,0,1,0,0,0,74,2026
Max Kondogiannis,13282,ES,BL,19,6,2,3,9,0,1,0,4,2,1,1,1,1,0,0,2,7,0,1,2,0,0,62,2026
Andrew McGrath,12491,ES,BL,19,8,3,7,15,1,0,0,2,5,1,1,2,0,0,0,6,9,0,1,0,0,0,81,2026
Zach Merrett,12241,ES,BL,19,4,1,7,11,0,0,0,2,0,0,3,2,1,1,0,6,5,0,0,0,0,1,78,2026
Darcy Parish,12406,ES,BL,19,10,4,7,17,0,0,0,0,1,3,3,6,2,1,0,6,11,0,0,0,0,0,73,2026
Archie Perkins,12879,ES,BL,19,8,7,5,13,0,1,0,1,0,3,0,0,0,0,0,1,12,0,1,1,0,1,79,2026
Jaxon Prior,12874,ES,BL,19,10,2,6,16,0,0,0,2,7,1,0,2,0,0,0,1,10,0,0,1,3,0,87,2026
Mason Redman,12437,ES,BL,19,11,3,4,15,0,0,0,2,3,4,1,3,0,0,0,5,9,1,0,0,0,2,81,2026
Zach Reid,12889,ES,BL,19,3,1,5,8,0,0,0,2,3,0,0,1,0,1,0,5,1,0,0,9,0,0,86,2026
Archie Roberts,13168,ES,BL,19,18,1,5,23,0,0,0,1,11,0,0,2,1,1,0,4,12,0,0,1,1,0,87,2026
Sullivan Robey,13307,ES,BL,19,7,2,13,20,0,0,0,5,0,4,5,2,2,2,0,11,9,0,0,2,3,0,80,2026
Dyson Sharp,13283,ES,BL,19,12,5,4,16,0,0,0,3,0,5,4,4,0,1,0,7,9,0,0,1,0,1,79,2026
Peter Wright,12366,ES,BL,19,8,5,2,10,3,4,0,1,0,1,0,0,3,0,0,8,4,1,4,3,0,0,88,2026
Ryan Byrnes,12802,SK,GE,20,8,4,8,16,0,0,0,3,2,0,0,5,0,1,0,3,14,0,0,0,0,0,75,2026
Anthony Caminiti,13035,SK,GE,20,1,1,1,2,0,0,0,1,0,0,0,3,1,2,0,1,1,0,0,6,0,0,77,2026
Hunter Clark,12591,SK,GE,20,8,1,7,15,0,0,0,4,3,2,1,2,0,0,0,7,6,0,0,0,0,0,59,2026
Hugo Garcia,13125,SK,GE,20,13,3,18,31,1,0,0,4,1,7,7,6,1,1,0,9,22,0,0,0,1,0,82,2026
Max Hall,13193,SK,GE,20,10,2,11,21,2,1,0,7,0,2,3,3,2,0,0,7,12,0,0,0,0,1,74,2026
Liam Henry,12831,SK,GE,20,2,2,4,6,0,1,0,3,0,0,0,0,0,0,0,2,4,0,1,0,0,0,54,2026
Jack Higgins,12609,SK,GE,20,7,1,6,13,1,1,0,4,0,0,0,1,0,1,0,5,8,1,0,2,0,0,69,2026
Bradley Hill,12060,SK,GE,20,14,3,10,24,0,0,0,5,8,3,0,5,0,1,0,2,16,0,0,0,0,0,89,2026
Campbell Lake,13331,SK,GE,20,5,3,12,17,1,0,0,8,0,3,2,1,0,0,0,10,9,0,1,2,0,2,64,2026
Rowan Marshall,12564,SK,GE,20,14,4,19,33,2,1,30,2,0,6,12,4,2,2,0,26,7,2,2,1,0,1,82,2026
Liam OConnell,13194,SK,GE,20,5,3,9,14,0,0,0,2,3,0,0,1,0,0,0,5,9,0,0,0,0,0,72,2026
Mitch Owens,12948,SK,GE,20,4,2,4,8,0,0,3,4,0,0,0,2,0,0,0,2,7,0,1,1,0,1,77,2026
Mattaes Phillipou,13036,SK,GE,20,9,4,19,28,0,1,0,5,2,2,4,6,1,0,0,9,19,0,1,0,2,0,72,2026
Liam Ryan,12600,SK,GE,20,7,5,1,8,2,1,0,2,0,4,1,0,1,0,0,2,6,0,2,0,0,2,84,2026
Cooper Sharman,12929,SK,GE,20,5,4,7,12,0,1,0,2,0,3,0,2,0,0,0,3,8,0,1,0,0,1,92,2026
Jack Silvagni,12458,SK,GE,20,10,3,7,17,1,0,0,1,1,1,0,4,1,0,0,5,9,0,1,6,0,0,94,2026
Liam Stocker,12721,SK,GE,20,15,7,7,22,0,0,0,2,5,1,1,3,0,1,0,4,15,1,0,3,0,0,78,2026
Tobie Travaglia,13206,SK,GE,20,5,1,8,13,0,0,0,2,3,0,2,2,0,1,0,2,10,0,0,2,0,0,63,2026
Nasiah Wanganeen-Milera,12950,SK,GE,20,13,2,8,21,1,1,0,4,3,4,2,7,1,3,0,8,9,0,1,0,1,0,82,2026
Callum Wilkie,12703,SK,GE,20,7,3,8,15,0,0,0,3,3,0,1,2,1,1,0,7,8,0,0,6,0,0,97,2026
Darcy Wilson,13110,SK,GE,20,13,3,16,29,0,0,0,8,3,4,1,4,0,0,0,3,24,0,0,1,2,0,88,2026
Marcus Windhager,12967,SK,GE,20,11,4,12,23,0,0,0,4,4,2,1,2,0,0,0,6,16,0,0,1,0,0,87,2026
Mason Wood,12312,SK,GE,20,13,7,9,22,0,0,0,1,5,4,3,0,0,0,0,8,14,2,0,3,0,1,90,2026
Tom Atkins,12690,GE,SK,20,8,2,13,21,1,1,0,8,0,0,6,2,1,1,0,11,10,0,0,4,0,0,76,2026
Jhye Clark,13062,GE,SK,20,14,9,11,25,0,0,0,2,3,3,2,5,2,1,0,11,14,2,0,0,0,1,83,2026
Brad Close,12806,GE,SK,20,7,3,10,17,0,0,0,3,2,3,1,3,3,0,0,4,12,0,0,0,0,1,84,2026
Patrick Dangerfield,11700,GE,SK,20,6,2,2,8,1,0,0,1,0,4,1,2,1,1,0,5,7,0,1,4,0,2,73,2026
Sam De Koning,12891,GE,SK,20,4,3,15,19,0,0,18,2,0,4,3,4,0,1,0,11,8,3,0,6,0,0,61,2026
Oliver Dempsey,12974,GE,SK,20,14,4,8,22,2,1,0,2,3,4,3,3,0,0,0,9,13,1,3,2,1,0,90,2026
Mitchell Edwards,13285,GE,SK,20,2,2,10,12,0,0,25,1,0,1,4,2,2,0,0,4,6,0,0,0,0,0,60,2026
Zach Guthrie,12551,GE,SK,20,9,7,5,14,0,0,0,2,2,0,0,1,0,0,0,1,11,0,0,2,0,0,80,2026
Jack Henry,12607,GE,SK,20,12,10,7,19,0,0,0,0,2,1,0,2,0,2,0,6,13,2,0,9,0,0,82,2026
Oliver Henry,12851,GE,SK,20,3,2,6,9,2,0,0,1,0,1,1,1,1,0,0,6,3,0,1,2,0,0,84,2026
Max Holmes,12881,GE,SK,20,11,1,12,23,0,1,0,2,3,4,6,1,0,0,0,9,13,0,0,1,1,0,68,2026
Lawson Humphries,13160,GE,SK,20,20,10,6,26,0,1,0,0,5,2,0,4,0,1,0,3,21,0,0,2,0,0,86,2026
Shaun Mannagh,13104,GE,SK,20,7,1,2,9,1,2,0,2,0,0,2,2,0,0,0,4,3,0,1,0,0,0,45,2026
Gryan Miers,12689,GE,SK,20,12,7,10,22,3,0,0,2,1,4,0,1,0,0,0,7,15,0,2,1,0,4,81,2026
Oisin Mullin,13066,GE,SK,20,6,4,6,12,0,0,0,5,1,2,3,3,1,0,0,6,7,0,0,0,0,0,83,2026
Shannon Neale,12992,GE,SK,20,5,3,4,9,1,0,0,2,0,2,0,3,1,1,0,5,4,0,1,1,0,0,90,2026
Mark OConnor,12531,GE,SK,20,10,9,13,23,0,0,0,3,1,1,2,2,0,1,0,7,15,0,0,1,0,1,72,2026
Connor OSullivan,13122,GE,SK,20,8,7,7,15,0,0,0,1,2,1,0,0,1,0,0,4,10,1,0,5,0,0,93,2026
Jay Polkinghorne,13353,GE,SK,20,9,8,2,11,2,3,0,0,0,3,0,2,0,0,0,1,10,1,6,2,0,0,81,2026
Bailey Smith,12692,GE,SK,20,23,6,12,35,1,0,0,1,7,9,2,3,0,1,0,5,29,1,0,0,3,0,90,2026
Tom Stewart,12505,GE,SK,20,13,7,9,22,0,0,0,2,3,1,0,1,0,1,0,6,15,1,0,0,0,0,84,2026
Oliver Wiltshire,13217,GE,SK,20,3,1,8,11,0,0,0,4,0,3,0,1,1,0,0,3,9,0,0,0,1,0,80,2026
James Worpel,12619,GE,SK,20,18,2,6,24,1,0,0,6,0,8,7,3,0,0,0,8,12,0,0,1,0,1,74,2026
Riley Bice,13195,SY,AD,20,8,5,6,14,0,0,0,4,1,1,1,2,0,0,0,6,8,0,0,3,1,0,74,2026
Nick Blakey,12699,SY,AD,20,16,3,5,21,0,0,0,2,5,3,0,1,0,0,0,2,13,1,0,9,5,0,80,2026
Braeden Campbell,12863,SY,AD,20,9,4,11,20,1,1,0,1,2,2,0,5,1,2,0,10,9,1,1,0,0,0,76,2026
Harry Cunningham,12015,SY,AD,20,1,1,1,2,0,0,0,2,0,0,0,1,2,0,0,2,2,0,0,1,0,0,38,2026
Charlie Curnow,12421,SY,AD,20,5,2,2,7,0,2,0,1,0,0,0,0,1,0,0,3,3,1,1,2,0,0,78,2026
Will Edwards,13318,SY,AD,20,1,1,7,8,0,0,0,2,2,0,0,4,0,2,0,3,4,0,0,11,0,0,95,2026
Brodie Grundy,12217,SY,AD,20,5,0,12,17,0,0,48,0,3,3,5,4,2,2,0,14,3,0,0,3,0,1,83,2026
Errol Gulden,12862,SY,AD,20,12,1,10,22,0,1,0,5,3,6,4,1,0,1,0,6,15,0,0,0,0,1,81,2026
Isaac Heeney,12326,SY,AD,20,14,2,15,29,0,0,0,3,3,4,4,4,2,0,0,16,13,1,0,0,0,0,76,2026
James Jordon,12860,SY,AD,20,5,0,8,13,0,0,0,3,0,3,2,4,0,0,0,7,6,0,0,0,0,1,79,2026
Jake Lloyd,12268,SY,AD,20,7,1,5,12,0,0,0,1,1,2,1,2,0,1,0,6,6,0,0,5,0,1,85,2026
Tom McCartin,12627,SY,AD,20,17,9,9,26,0,0,0,0,4,3,1,2,0,1,0,4,19,0,0,18,0,0,97,2026
Logan McDonald,12861,SY,AD,20,4,2,2,6,1,1,0,2,0,0,0,0,1,0,0,3,2,0,1,0,0,0,71,2026
Hayden McLean,12745,SY,AD,20,4,0,3,7,0,0,5,0,0,0,0,2,0,1,0,4,1,0,0,1,0,0,68,2026
Callum Mills,12413,SY,AD,20,18,2,7,25,0,0,0,8,9,4,0,0,1,0,0,7,11,0,0,7,0,0,91,2026
Tom Papley,12412,SY,AD,20,17,4,7,24,4,2,0,1,0,9,2,7,2,2,0,7,16,0,1,0,2,1,81,2026
Dane Rampe,12140,SY,AD,20,4,1,6,10,0,0,0,0,0,1,1,0,0,0,0,2,6,0,0,4,0,0,77,2026
Matt Roberts,12994,SY,AD,20,10,7,5,15,0,0,0,3,2,2,0,3,1,0,0,3,12,0,0,2,0,0,92,2026
Malcolm Rosas,12903,SY,AD,20,4,0,4,8,0,0,0,1,0,1,0,2,0,2,0,3,5,0,0,1,1,0,61,2026
James Rowbottom,12714,SY,AD,20,10,1,4,14,2,0,0,5,1,5,4,4,1,0,0,9,3,0,0,2,0,2,83,2026
Jai Serong,13022,SY,AD,20,7,3,5,12,0,0,0,4,2,2,2,1,0,0,0,7,5,2,0,3,0,0,84,2026
Angus Sheldrick,12951,SY,AD,20,10,1,10,20,0,1,0,7,3,1,5,6,0,4,0,12,7,0,0,0,0,0,62,2026
Chad Warner,12797,SY,AD,20,13,3,8,21,2,0,0,5,2,7,6,3,0,1,0,13,9,1,0,2,3,1,87,2026
Sam Berry,12849,AD,SY,20,13,1,6,19,0,1,0,5,1,3,6,3,1,0,0,9,11,0,0,1,0,0,71,2026
James Borlase,13086,AD,SY,20,4,2,7,11,0,0,0,0,1,0,0,1,0,1,0,2,8,1,0,7,0,0,91,2026
Brayden Cook,12932,AD,SY,20,15,8,8,23,0,0,0,1,1,4,1,1,0,0,0,5,18,0,0,1,0,1,78,2026
Isaac Cumming,12629,AD,SY,20,12,4,2,14,1,0,0,3,2,5,2,0,0,0,0,7,6,2,0,5,0,2,74,2026
Daniel Curtin,13132,AD,SY,20,13,3,4,17,0,0,0,2,3,3,2,3,0,0,0,7,8,1,0,4,0,0,67,2026
Jordan Dawson,12516,AD,SY,20,15,5,8,23,0,1,0,7,2,3,6,5,0,1,0,9,13,0,0,2,0,0,86,2026
Darcy Fogarty,12584,AD,SY,20,14,4,6,20,4,0,0,1,0,4,1,4,3,1,0,11,9,1,2,1,0,0,82,2026
Hugo Hall-Kahan,13328,AD,SY,20,12,3,6,18,0,0,0,5,7,2,3,1,1,0,0,7,10,0,0,0,0,0,74,2026
Mark Keane,12809,AD,SY,20,10,4,4,14,0,0,0,1,5,1,0,4,0,3,0,5,8,2,0,9,0,0,91,2026
Ben Keays,12434,AD,SY,20,6,2,10,16,0,1,0,6,1,3,0,3,0,0,0,8,8,0,2,2,0,0,88,2026
Lachlan McAndrew,13065,AD,SY,20,5,6,4,9,1,0,20,2,0,2,3,4,2,3,0,5,8,0,1,7,0,0,74,2026
Max Michalanney,13027,AD,SY,20,9,6,8,17,0,0,0,4,4,0,2,3,0,1,0,6,11,0,0,1,0,0,81,2026
Wayne Milera,12405,AD,SY,20,23,12,3,26,0,0,0,4,7,3,1,1,1,0,0,6,16,2,0,3,0,0,78,2026
Toby Murray,13280,AD,SY,20,3,1,1,4,1,0,14,2,0,0,1,1,0,0,0,1,3,0,1,0,0,0,53,2026
Luke Nankervis,13081,AD,SY,20,13,1,8,21,1,0,0,3,2,1,1,3,0,1,0,7,14,0,0,2,0,0,81,2026
Alex Neal-Bullen,12367,AD,SY,20,12,6,5,17,1,0,0,3,1,2,0,2,1,0,0,4,12,1,0,2,0,0,85,2026
James Peatling,12934,AD,SY,20,17,2,11,28,0,0,0,4,2,6,7,2,6,0,0,13,14,0,0,0,0,0,62,2026
Josh Rachele,12953,AD,SY,20,13,2,5,18,1,0,0,3,1,2,0,2,0,1,0,8,6,1,0,3,0,4,80,2026
Izak Rankine,12798,AD,SY,20,11,1,19,30,1,0,0,3,3,2,8,2,0,0,0,20,11,0,0,3,0,0,82,2026
Jake Soligo,12952,AD,SY,20,14,3,12,26,0,1,0,7,1,6,2,5,1,0,0,8,13,1,0,0,0,0,79,2026
Zac Taylor,13159,AD,SY,20,4,1,8,12,0,0,0,3,0,0,4,2,0,0,0,5,7,0,0,0,0,1,79,2026
Riley Thilthorpe,12892,AD,SY,20,9,6,2,11,2,3,0,2,0,1,0,2,1,1,0,6,5,3,4,3,0,0,78,2026
Josh Worrell,12912,AD,SY,20,11,2,4,15,0,0,0,1,4,3,1,1,2,1,0,7,7,0,0,5,0,0,84,2026
Aliir Aliir,12433,PA,FR,20,16,13,2,18,0,0,0,2,4,1,0,2,1,1,0,6,12,2,0,2,0,0,100,2026
Xavier Bamert,13337,PA,FR,20,11,5,1,12,0,0,0,4,0,2,0,0,1,0,0,2,10,0,0,0,0,0,76,2026
Miles Bergman,12867,PA,FR,20,11,3,7,18,0,0,0,7,1,6,2,2,0,1,0,7,10,1,0,1,2,0,74,2026
Joe Berry,13188,PA,FR,20,9,3,5,14,1,1,0,2,1,2,1,1,1,0,0,2,11,0,1,0,0,0,75,2026
Jase Burgoyne,13007,PA,FR,20,18,6,6,24,1,0,0,5,2,6,6,2,0,0,0,7,16,0,1,1,0,0,79,2026
Darcy Byrne-Jones,12422,PA,FR,20,15,6,6,21,0,0,0,1,6,2,0,2,1,1,0,4,13,0,0,3,0,0,77,2026
Willem Drew,12695,PA,FR,20,11,1,6,17,0,0,0,1,1,5,5,5,2,4,0,11,8,0,0,3,0,0,84,2026
Corey Durdin,12936,PA,FR,20,6,2,2,8,2,0,0,2,0,2,0,4,1,2,0,4,5,0,0,1,0,0,91,2026
Logan Evans,13156,PA,FR,20,16,10,7,23,0,0,0,1,7,0,0,5,0,4,0,4,15,0,0,1,6,0,86,2026
Lachie Jones,12882,PA,FR,20,9,7,8,17,0,0,0,2,4,1,1,3,1,1,0,4,12,0,0,3,1,1,82,2026
Josh Lai,13301,PA,FR,20,9,3,3,12,0,0,0,0,2,1,1,2,1,0,0,3,8,0,0,1,0,0,82,2026
Todd Marshall,12575,PA,FR,20,4,4,1,5,0,0,0,3,0,2,0,0,0,0,0,1,4,0,0,0,0,0,67,2026
Jackson Mead,12946,PA,FR,20,4,3,3,7,0,0,0,7,0,2,0,1,0,1,0,1,7,0,0,0,0,0,70,2026
Christian Moraes,13199,PA,FR,20,8,2,5,13,0,0,0,0,1,1,1,3,0,1,0,5,9,0,0,0,0,0,59,2026
Balyn OBrien,13354,PA,FR,20,7,4,3,10,0,0,0,0,3,1,0,3,1,0,0,3,7,0,0,1,0,0,63,2026
Joe Richards,13139,PA,FR,20,17,6,14,31,1,0,0,8,3,3,6,2,2,0,0,16,15,0,0,1,1,0,77,2026
Jordon Sweet,12890,PA,FR,20,3,1,8,11,0,0,31,3,1,4,3,5,2,3,0,8,7,0,0,9,0,1,86,2026
Dante Visentini,13073,PA,FR,20,6,3,5,11,2,0,6,0,0,2,2,2,5,0,0,6,4,0,0,1,0,0,75,2026
Jacob Wehr,12991,PA,FR,20,7,2,2,9,0,0,0,1,2,1,0,2,0,0,0,0,9,0,0,0,0,0,49,2026
Jack Whitlock,13259,PA,FR,20,8,5,2,10,1,3,0,2,0,1,0,1,3,0,0,4,6,1,3,1,0,1,88,2026
Ollie Wines,12150,PA,FR,20,10,4,20,30,0,0,0,4,1,2,7,5,1,0,0,16,13,0,1,1,0,2,76,2026
Mitch Zadow,13305,PA,FR,20,10,3,0,10,3,3,0,2,1,0,1,0,1,0,0,4,6,0,2,0,1,0,83,2026
Brandon Zerk-Thatcher,12757,PA,FR,20,5,4,5,10,0,0,0,1,0,0,0,3,1,2,0,4,5,0,0,8,1,0,100,2026
Jye Amiss,12983,FR,PA,20,9,4,3,12,4,2,0,0,0,2,0,0,2,0,0,7,6,2,3,2,0,1,87,2026
Andrew Brayshaw,12589,FR,PA,20,13,2,17,30,0,0,0,5,2,4,3,5,1,2,0,9,22,0,0,0,2,2,77,2026
Heath Chapman,12875,FR,PA,20,7,5,9,16,0,0,0,4,3,0,0,4,1,3,0,4,12,0,0,3,0,0,84,2026
Jordan Clark,12688,FR,PA,20,14,2,8,22,0,0,0,3,7,3,1,0,1,0,0,4,13,0,0,1,0,1,86,2026
Brennan Cox,12544,FR,PA,20,6,2,4,10,0,0,0,1,3,2,0,1,0,1,0,2,6,0,0,5,0,0,74,2026
Mason Cox,12428,FR,PA,20,3,4,3,6,0,2,15,0,0,0,1,4,1,4,0,6,1,3,2,1,0,1,62,2026
Isaiah Dudley,13204,FR,PA,20,10,3,8,18,1,3,0,4,0,4,1,2,2,2,0,5,14,0,2,1,0,3,79,2026
Neil Erasmus,12966,FR,PA,20,10,6,12,22,1,1,0,4,1,4,5,4,2,1,0,9,12,1,1,0,1,2,76,2026
Michael Frederick,12801,FR,PA,20,9,5,4,13,3,0,0,1,0,3,0,1,0,0,0,3,11,0,3,1,1,0,81,2026
Luke Jackson,12779,FR,PA,20,3,1,13,16,1,0,20,5,0,2,3,5,2,4,0,7,10,0,0,2,0,0,71,2026
Matthew Johnson,13047,FR,PA,20,9,3,11,20,0,0,0,8,0,5,5,4,2,1,0,10,10,0,0,0,0,1,74,2026
Judd McVee,13033,FR,PA,20,6,4,9,15,0,0,0,1,2,0,0,3,0,0,0,4,9,2,0,0,1,0,85,2026
Nathan ODriscoll,12960,FR,PA,20,5,5,11,16,0,0,0,4,0,3,0,6,0,1,0,4,12,0,0,2,0,0,75,2026
Jaeger OMeara,12141,FR,PA,20,9,2,6,15,0,1,0,3,2,1,1,1,0,0,0,2,11,0,0,0,0,0,56,2026
Alex Pearce,12352,FR,PA,20,5,5,5,10,0,0,0,0,2,0,0,3,0,3,0,7,5,3,0,4,2,0,85,2026
Murphy Reid,13180,FR,PA,20,5,2,10,15,0,0,0,1,1,3,2,4,0,0,0,6,9,0,0,1,1,0,80,2026
Luke Ryan,12542,FR,PA,20,12,7,9,21,0,0,0,0,4,4,2,0,0,0,0,6,13,2,0,4,1,0,86,2026
Caleb Serong,12786,FR,PA,20,11,2,17,28,0,0,0,9,2,2,8,2,2,0,0,15,15,0,0,4,1,0,81,2026
Sam Switkowski,12672,FR,PA,20,3,3,10,13,0,0,0,4,0,2,1,3,0,1,0,2,12,0,0,0,0,0,74,2026
Josh Treacy,12887,FR,PA,20,10,5,4,14,3,1,0,1,0,1,0,2,2,0,0,6,8,1,4,3,0,1,87,2026
Patrick Voss,13129,FR,PA,20,6,3,2,8,1,0,0,7,0,2,0,3,2,1,0,4,5,0,1,0,0,1,86,2026
Karl Worner,13075,FR,PA,20,17,7,2,19,0,0,0,2,3,4,0,5,1,1,0,5,11,3,0,2,0,0,86,2026
Hayden Young,12777,FR,PA,20,12,4,8,20,1,0,0,0,4,4,3,1,0,0,0,6,15,0,0,2,2,0,67,2026
Jake Bowey,12931,ME,NM,20,20,5,9,29,0,0,0,2,8,0,3,1,1,0,0,4,19,0,0,2,1,1,87,2026
Kade Chandler,12756,ME,NM,20,6,4,6,12,0,1,0,5,2,1,1,0,0,0,0,4,8,0,1,0,1,2,82,2026
Joel Fitzgerald,13335,ME,NM,20,4,2,5,9,0,0,0,5,2,2,0,4,0,2,0,1,9,0,0,0,0,0,55,2026
Bayley Fritsch,12598,ME,NM,20,12,9,3,15,0,0,0,0,2,5,0,0,0,0,0,2,13,1,0,3,0,1,84,2026
Max Gawn,11966,ME,NM,20,9,8,14,23,0,1,21,0,0,1,3,3,2,1,0,11,13,2,1,1,0,0,84,2026
Max Heath,13254,ME,NM,20,2,1,4,6,1,1,9,2,0,0,2,1,3,1,0,4,2,0,0,3,0,0,41,2026
Blake Howes,13098,ME,NM,20,7,3,11,18,0,0,0,2,3,2,0,1,0,0,0,7,10,0,0,3,0,1,86,2026
Matthew Jefferson,13182,ME,NM,20,5,5,5,10,4,1,0,1,0,0,0,0,1,0,0,5,5,2,5,3,0,0,92,2026
Changkuoth Jiath,12752,ME,NM,20,7,3,5,12,0,0,0,1,2,2,1,2,1,1,0,4,8,0,0,4,1,0,61,2026
Ed Langdon,12393,ME,NM,20,14,4,6,20,0,0,0,2,3,2,1,1,0,0,0,3,16,0,0,0,0,0,91,2026
Harvey Langford,13184,ME,NM,20,7,4,14,21,1,0,0,0,2,3,5,2,0,1,0,10,10,0,1,2,0,1,79,2026
Jake Lever,12351,ME,NM,20,7,5,9,16,0,0,0,1,2,3,0,2,1,1,0,3,13,1,0,4,1,0,100,2026
Jake Melksham,11820,ME,NM,20,4,3,3,7,0,0,0,1,0,4,0,2,0,0,0,1,6,1,0,1,0,0,76,2026
Kysaiah Pickett,12771,ME,NM,20,17,7,12,29,1,2,0,1,1,7,4,2,1,0,0,9,22,1,1,2,8,1,81,2026
Latrelle Pickett,13286,ME,NM,20,4,1,3,7,2,0,0,0,0,0,1,1,0,1,0,2,5,0,0,0,0,0,68,2026
Trent Rivers,12778,ME,NM,20,16,7,10,26,0,0,0,3,5,3,0,0,0,0,0,4,16,1,0,0,5,2,77,2026
Harry Sharp,12864,ME,NM,20,6,2,3,9,1,2,0,2,0,0,0,0,0,0,0,1,7,0,0,1,1,0,83,2026
Tom Sparrow,12693,ME,NM,20,20,6,13,33,1,1,0,6,3,5,10,7,1,2,0,17,21,0,0,5,1,0,81,2026
Jack Steele,12368,ME,NM,20,7,8,16,23,0,0,0,2,3,3,1,0,0,0,0,2,20,0,1,1,0,1,84,2026
Koltyn Tholstrup,13123,ME,NM,20,14,6,8,22,0,1,0,1,4,2,2,1,3,0,0,10,14,0,0,3,3,0,93,2026
Daniel Turner,12996,ME,NM,20,3,2,1,4,0,0,0,1,0,0,0,0,0,0,0,1,3,0,0,2,0,0,53,2026
Jacob van Rooyen,13048,ME,NM,20,7,8,1,8,2,2,1,0,0,2,0,1,0,0,0,2,6,2,5,0,0,0,89,2026
Caleb Windsor,13099,ME,NM,20,7,0,7,14,0,0,0,1,1,3,2,0,0,0,0,6,9,0,0,3,0,0,73,2026
Charlie Comben,12938,NM,ME,20,6,7,5,11,0,0,0,0,2,1,0,3,0,2,0,4,7,2,0,10,0,0,86,2026
Aidan Corr,12181,NM,ME,20,8,3,4,12,0,0,0,3,1,1,0,0,0,0,0,2,9,0,0,2,0,0,84,2026
Paul Curtis,12975,NM,ME,20,11,6,1,12,3,1,0,2,0,2,1,1,1,1,0,3,9,1,2,0,0,0,84,2026
Caleb Daniel,12373,NM,ME,20,14,6,13,27,0,0,0,1,5,2,2,1,0,0,0,6,20,0,0,1,0,0,79,2026
Jack Darling,11905,NM,ME,20,7,7,2,9,2,0,0,1,0,3,0,2,0,1,0,1,8,1,3,2,0,0,76,2026
Luke Davies-Uniacke,12590,NM,ME,20,13,2,15,28,0,0,0,3,1,8,5,0,1,0,0,8,19,0,0,0,3,1,85,2026
Josh Goater,13025,NM,ME,20,7,5,2,9,0,2,0,1,1,2,1,2,1,0,0,3,6,1,0,4,0,0,62,2026
Riley Hardeman,13130,NM,ME,20,10,4,4,14,0,0,0,0,1,3,2,2,0,0,0,4,10,0,0,2,0,0,67,2026
Cooper Harvey,13077,NM,ME,20,16,5,12,28,0,0,0,1,3,3,0,2,0,0,0,5,19,0,0,0,0,0,74,2026
Nick Larkey,12563,NM,ME,20,6,7,4,10,0,2,0,2,0,1,0,2,2,0,0,3,8,1,3,2,0,0,91,2026
Luke McDonald,12246,NM,ME,20,5,4,2,7,0,0,0,0,2,0,0,1,0,1,0,0,7,0,0,1,0,0,69,2026
Colby McKercher,13107,NM,ME,20,13,4,13,26,0,0,0,2,0,2,1,1,0,0,0,5,19,0,0,1,0,0,78,2026
Finn OSullivan,13187,NM,ME,20,11,4,12,23,0,1,0,5,0,2,3,8,1,2,0,9,15,0,2,1,0,1,84,2026
Luke Parker,11953,NM,ME,20,14,1,7,21,0,0,0,1,4,1,0,1,0,0,0,3,12,0,0,0,0,0,84,2026
Bailey Scott,12701,NM,ME,20,8,6,10,18,0,0,0,5,2,3,1,1,0,0,0,4,15,0,0,0,0,0,75,2026
Harry Sheezel,13034,NM,ME,20,16,6,17,33,1,0,0,5,3,5,2,1,0,0,0,9,23,1,0,0,1,1,87,2026
Jy Simpkin,12502,NM,ME,20,13,8,12,25,0,2,0,2,2,7,2,4,0,1,0,6,18,1,2,0,2,2,79,2026
Charlie Spargo,12622,NM,ME,20,8,2,3,11,2,0,0,2,1,3,0,1,1,0,0,3,7,0,0,1,2,0,75,2026
Dylan Stephens,12796,NM,ME,20,12,6,6,18,0,0,0,1,4,2,2,2,0,0,0,5,12,1,0,2,0,0,78,2026
Cooper Trembath,13263,NM,ME,20,5,2,5,10,1,0,8,6,1,1,3,3,1,3,0,7,3,2,2,1,0,0,73,2026
Matt Whitlock,13208,NM,ME,20,4,4,5,9,1,1,0,1,0,1,0,2,0,1,0,2,7,0,2,1,0,1,70,2026
Tristan Xerri,12788,NM,ME,20,6,4,13,19,1,0,15,1,0,1,9,5,2,2,0,15,4,1,0,2,0,0,78,2026
Cameron Zurhaar,12557,NM,ME,20,10,4,6,16,0,0,0,3,4,1,0,2,0,0,0,2,12,1,0,4,0,0,81,2026
Bo Allan,13221,WC,BL,20,2,0,8,10,0,0,0,6,3,1,2,3,2,0,0,6,4,0,0,0,0,0,83,2026
Liam Baker,12661,WC,BL,20,7,2,9,16,0,0,0,0,2,0,0,2,1,1,0,7,10,0,0,0,0,0,84,2026
Rhett Bazzo,13000,WC,BL,20,5,5,5,10,0,0,0,1,5,2,0,2,0,1,0,3,7,0,0,11,0,0,95,2026
Tom Cole,12446,WC,BL,20,8,3,2,10,0,0,0,1,0,4,0,0,0,0,0,3,9,0,0,3,1,1,84,2026
Hamish Davis,13210,WC,BL,20,9,2,8,17,0,0,0,4,2,2,0,3,1,0,0,6,11,0,0,1,0,1,88,2026
Liam Duggan,12334,WC,BL,20,18,9,4,22,0,1,0,2,3,3,0,1,0,0,0,2,20,0,1,1,3,1,86,2026
Willem Duursma,13292,WC,BL,20,11,5,3,14,1,0,0,6,1,2,2,1,1,0,0,4,11,0,0,1,0,1,79,2026
Oliver Francou,13345,WC,BL,20,10,4,12,22,0,0,0,5,1,2,4,5,1,2,0,10,13,0,0,0,0,0,71,2026
Jack Graham,12576,WC,BL,20,11,4,2,13,0,0,0,3,3,1,2,0,3,0,0,7,6,0,0,1,0,0,78,2026
Marcus Herbert,13339,WC,BL,20,11,3,11,22,0,0,0,4,3,1,1,4,0,1,0,7,11,0,0,4,1,0,84,2026
Brady Hough,12957,WC,BL,20,5,4,3,8,0,0,0,3,2,1,0,2,0,2,0,1,7,0,0,2,0,0,86,2026
Jack Hutchinson,13151,WC,BL,20,1,1,0,1,0,1,0,0,0,0,0,0,0,0,0,0,1,0,1,0,0,0,2,2026
Tim Kelly,12595,WC,BL,20,11,4,6,17,0,0,0,7,0,7,5,3,1,0,0,8,10,0,0,3,1,0,75,2026
Tom McCarthy,13240,WC,BL,20,16,1,7,23,0,0,0,4,8,0,1,2,1,0,0,6,9,0,0,2,2,0,81,2026
Milan Murdock,13294,WC,BL,20,11,3,5,16,1,0,0,2,1,2,0,2,1,1,0,6,9,0,1,1,2,0,84,2026
Harley Reid,13111,WC,BL,20,11,0,12,23,0,3,0,3,2,5,10,7,3,3,0,15,7,0,0,1,2,1,69,2026
Jobe Shanahan,13247,WC,BL,20,8,6,3,11,3,0,0,1,0,2,0,1,0,0,0,4,7,1,3,4,0,0,89,2026
Brandon Starcevich,12668,WC,BL,20,8,2,4,12,0,0,0,5,4,2,2,5,0,1,0,4,5,0,0,1,0,0,80,2026
Jake Waterman,12601,WC,BL,20,8,2,3,11,5,0,0,3,0,1,0,4,1,2,0,5,4,0,2,1,0,1,91,2026
Bailey Williams,12836,WC,BL,20,10,2,6,16,0,0,45,3,1,6,8,3,2,0,0,11,5,1,0,0,0,0,76,2026
Jack Williams,12962,WC,BL,20,3,0,5,8,0,1,3,1,0,2,4,1,1,1,0,7,1,0,0,1,0,1,67,2026
Elliot Yeo,12087,WC,BL,20,6,1,3,9,0,1,0,2,0,1,1,4,0,0,0,4,5,0,0,1,0,1,78,2026
Tylar Young,13043,WC,BL,20,7,4,4,11,0,0,0,3,3,2,0,1,1,0,0,3,7,1,0,5,0,0,88,2026
Harris Andrews,12340,BL,WC,20,11,12,11,22,0,0,0,1,5,2,0,4,0,1,0,10,11,5,0,9,0,0,96,2026
Noah Answerth,12718,BL,WC,20,15,11,3,18,0,0,0,1,5,1,0,3,1,1,0,3,16,0,0,2,0,0,90,2026
Levi Ashcroft,13197,BL,WC,20,10,1,5,15,1,0,0,0,1,1,2,6,0,2,0,6,9,1,0,0,0,0,74,2026
Will Ashcroft,13040,BL,WC,20,17,4,15,32,0,0,0,4,0,5,7,4,2,1,0,12,18,0,0,1,4,1,78,2026
Zac Bailey,12610,BL,WC,20,15,7,11,26,1,2,0,4,1,7,2,3,1,1,0,7,18,1,3,0,0,2,94,2026
Jarrod Berry,12519,BL,WC,20,13,6,8,21,0,0,0,2,3,3,3,3,0,0,0,7,14,0,0,0,0,1,75,2026
Charlie Cameron,12277,BL,WC,20,8,2,1,9,2,1,0,3,0,4,0,1,1,1,0,2,7,0,1,2,0,1,73,2026
Sam Draper,12810,BL,WC,20,6,3,2,8,0,2,22,0,1,1,2,0,0,0,0,5,3,1,0,4,0,0,62,2026
Josh Dunkley,12408,BL,WC,20,17,10,11,28,0,0,0,7,2,6,4,3,2,1,0,11,18,0,0,2,0,1,76,2026
Jaspa Fletcher,13072,BL,WC,20,10,5,6,16,0,0,0,0,2,1,0,2,0,1,0,4,10,0,0,1,0,0,87,2026
Darcy Fort,12724,BL,WC,20,2,1,5,7,0,0,16,4,2,2,3,4,0,3,0,5,3,0,0,5,0,0,52,2026
Ty Gallop,13235,BL,WC,20,6,5,4,10,0,0,0,2,1,1,0,1,0,1,0,3,7,1,0,8,0,0,92,2026
Eric Hipwood,12454,BL,WC,20,5,2,3,8,1,0,0,3,0,2,0,2,0,1,0,4,4,2,0,2,0,1,74,2026
Ryan Lester,11894,BL,WC,20,13,6,5,18,0,0,0,2,1,2,1,1,1,0,0,4,14,0,0,5,0,0,87,2026
Kai Lohmann,12968,BL,WC,20,13,8,5,18,4,1,0,5,0,4,0,2,1,0,0,5,12,1,5,0,1,1,82,2026
Hugh McCluggage,12518,BL,WC,20,5,2,8,13,0,0,0,1,0,2,3,4,0,1,0,4,9,0,0,0,0,0,65,2026
Conor McKenna,12391,BL,WC,20,7,2,2,9,1,0,0,1,0,0,1,3,0,2,0,2,5,0,0,0,1,0,79,2026
Logan Morris,13137,BL,WC,20,9,4,4,13,1,4,0,2,0,2,0,0,2,0,0,7,5,2,3,1,0,1,80,2026
Lachie Neale,12055,BL,WC,20,10,6,22,32,1,0,0,2,3,2,6,2,0,1,0,17,16,0,0,1,0,0,87,2026
Cam Rayner,12592,BL,WC,20,8,4,8,16,1,2,0,5,0,1,2,3,1,0,0,7,8,1,0,1,0,1,77,2026
James Tunstill,13005,BL,WC,20,9,5,11,20,0,0,0,4,1,4,1,1,1,0,0,7,13,0,0,0,0,0,72,2026
Darcy Wilmot,13026,BL,WC,20,17,6,3,20,0,0,0,2,6,2,0,1,1,1,0,4,13,0,0,3,0,0,80,2026
Dayne Zorko,12076,BL,WC,20,13,3,2,15,0,0,0,1,4,3,1,1,1,1,0,3,8,0,0,1,0,1,68,2026
Blake Acres,12276,CA,CW,20,7,3,10,17,0,0,0,4,1,3,1,3,0,0,0,3,13,0,0,2,0,0,90,2026
Ben Ainsworth,12498,CA,CW,20,13,8,5,18,2,1,0,0,0,4,0,5,0,2,0,3,17,0,2,0,0,0,84,2026
Talor Byrne,13297,CA,CW,20,10,4,4,14,0,1,0,4,0,3,0,3,1,2,0,5,8,0,0,2,0,1,80,2026
Adam Cerra,12603,CA,CW,20,3,2,3,6,0,0,0,1,1,1,0,0,0,0,0,0,6,0,0,1,0,0,36,2026
Matthew Cottrell,12822,CA,CW,20,10,7,5,15,1,1,0,3,1,3,1,2,0,1,0,4,11,0,2,0,0,0,84,2026
Lachlan Cowan,13028,CA,CW,20,11,4,6,17,0,0,0,2,5,2,1,1,0,0,0,2,15,0,0,6,1,0,86,2026
Patrick Cripps,12261,CA,CW,20,15,6,15,30,2,0,0,6,1,3,6,6,4,0,0,12,16,1,0,1,0,0,85,2026
Harry Dean,13273,CA,CW,20,7,5,8,15,0,0,0,1,1,1,0,4,1,2,0,7,7,0,0,6,0,0,80,2026
Wade Derksen,13303,CA,CW,20,5,4,4,9,0,0,0,0,1,0,0,1,0,0,0,2,7,0,0,6,0,0,83,2026
Francis Evans,12873,CA,CW,20,8,6,5,13,0,1,0,2,1,1,1,2,0,2,0,3,11,0,1,1,0,1,81,2026
Oliver Florent,12497,CA,CW,20,14,5,10,24,0,1,0,1,4,4,2,3,0,2,0,4,18,0,0,0,0,0,84,2026
Nick Haynes,12091,CA,CW,20,12,10,3,15,0,0,0,0,3,1,0,2,1,0,0,2,12,0,0,6,0,0,91,2026
Will Hayward,12509,CA,CW,20,6,3,5,11,0,2,0,0,1,3,0,1,0,0,0,1,9,0,0,3,0,0,88,2026
George Hewett,12411,CA,CW,20,12,3,13,25,0,0,0,1,0,2,7,5,0,2,0,12,12,0,0,2,0,0,81,2026
Brodie Kemp,12937,CA,CW,20,9,8,4,13,1,2,0,1,0,1,0,1,0,0,0,2,10,0,4,1,0,0,93,2026
Cooper Lord,13170,CA,CW,20,11,3,7,18,0,0,0,2,3,3,0,0,2,0,0,4,14,0,0,1,1,1,80,2026
Mitch McGovern,12404,CA,CW,20,6,6,5,11,2,0,0,2,1,0,1,0,0,0,0,5,6,0,3,1,0,0,77,2026
Harry McKay,12566,CA,CW,20,0,0,1,1,0,0,0,0,0,0,0,0,0,0,0,0,1,0,0,0,0,0,8,2026
Nic Newman,12508,CA,CW,20,14,9,6,20,0,0,0,4,4,3,1,3,0,1,0,1,16,0,0,0,0,1,85,2026
Liam Reidy,13172,CA,CW,20,10,0,6,16,0,0,18,6,0,4,6,8,4,5,0,12,3,0,0,1,0,0,81,2026
Jagga Smith,13274,CA,CW,20,14,3,15,29,1,0,0,2,2,6,8,4,0,1,0,12,17,0,0,1,1,0,81,2026
Sam Walsh,12684,CA,CW,20,13,6,12,25,1,0,0,5,3,3,6,3,2,1,0,14,12,0,0,0,1,0,79,2026
Billy Wilson,13244,CA,CW,20,14,6,7,21,0,0,0,1,4,2,0,2,0,1,0,5,18,0,0,2,1,1,84,2026
Edward Allan,13146,CW,CA,20,6,1,10,16,0,0,0,7,1,3,2,6,1,3,0,9,10,0,0,4,0,1,72,2026
Angus Anderson,13306,CW,CA,20,7,4,5,12,1,1,0,1,1,2,0,1,4,0,0,5,6,0,1,1,0,1,84,2026
Darcy Cameron,12660,CW,CA,20,11,3,7,18,0,0,39,2,2,4,8,4,5,2,0,18,2,2,0,3,0,0,86,2026
Jack Crisp,12061,CW,CA,20,9,4,8,17,0,0,0,6,1,2,4,1,1,0,0,8,9,0,1,0,0,1,74,2026
Josh Daicos,12573,CW,CA,20,13,2,10,23,0,0,0,4,4,1,1,1,0,0,0,1,17,0,0,0,0,0,86,2026
Nick Daicos,12943,CW,CA,20,20,4,16,36,0,0,0,2,3,4,4,4,1,0,0,6,26,0,0,1,3,0,88,2026
Jordan de Goey,12318,CW,CA,20,12,5,13,25,1,0,0,3,1,4,2,4,1,0,0,6,18,0,0,0,0,1,78,2026
Billy Frampton,12676,CW,CA,20,5,3,3,8,0,0,0,1,3,0,0,0,1,0,0,3,5,0,0,9,0,0,91,2026
Harvey Harrison,13068,CW,CA,20,10,5,3,13,0,0,0,2,0,3,0,0,1,0,0,2,11,0,0,0,1,1,79,2026
Dan Houston,12495,CW,CA,20,18,9,7,25,1,1,0,4,5,3,1,3,1,1,0,3,16,0,0,1,0,0,77,2026
Patrick Lipinski,12578,CW,CA,20,8,3,13,21,0,0,0,4,0,2,2,2,0,0,0,8,13,0,1,2,0,1,81,2026
Ned Long,13023,CW,CA,20,7,4,9,16,2,0,0,6,2,2,3,2,1,0,0,8,9,0,1,5,0,1,74,2026
Brayden Maynard,12371,CW,CA,20,10,1,4,14,0,0,0,6,2,3,2,3,3,1,0,7,6,0,0,1,0,1,78,2026
Beau McCreery,12876,CW,CA,20,11,3,4,15,2,1,0,2,1,7,2,3,1,2,0,6,9,1,0,0,0,0,79,2026
Daniel McStay,12291,CW,CA,20,3,3,3,6,2,1,10,3,2,1,0,2,1,2,0,3,4,0,3,3,0,0,83,2026
Tim Membrey,12300,CW,CA,20,8,3,8,16,3,0,0,0,0,1,1,2,0,0,0,7,7,0,2,2,0,1,80,2026
Scott Pendlebury,4182,CW,CA,20,6,4,14,20,0,1,0,0,0,3,5,3,0,1,0,9,10,0,0,0,0,0,64,2026
Harry Perryman,12536,CW,CA,20,11,4,2,13,0,0,0,6,3,2,0,2,0,0,0,0,13,0,0,5,0,1,85,2026
Liam Puncher,13342,CW,CA,20,3,4,2,5,0,0,0,2,2,0,0,1,0,1,0,2,3,2,0,3,0,0,73,2026
Isaac Quaynor,12740,CW,CA,20,8,5,2,10,0,0,0,4,3,2,0,2,0,0,0,1,8,0,0,3,0,0,76,2026
Steele Sidebottom,11751,CW,CA,20,8,4,7,15,0,0,0,5,4,0,1,5,0,2,0,6,10,0,2,0,0,0,76,2026
Sam Swadling,13340,CW,CA,20,6,2,7,13,1,0,0,2,1,0,1,1,0,0,0,5,8,0,1,0,0,0,60,2026
Charlie West,13246,CW,CA,20,7,7,4,11,1,1,0,0,1,2,0,2,0,0,0,5,6,4,1,1,0,0,78,2026
Tom Barrass,12383,HW,RI,20,7,2,7,14,0,0,0,2,2,0,0,0,0,0,0,5,7,1,0,12,0,0,82,2026
Josh Battle,12558,HW,RI,20,13,6,14,27,1,0,0,1,5,2,0,2,0,0,0,6,16,0,0,4,0,0,91,2026
Mabior Chol,12485,HW,RI,20,6,2,2,8,1,0,4,3,0,3,4,1,1,1,0,7,2,1,1,0,0,1,84,2026
Massimo DAmbrosio,12998,HW,RI,20,11,4,16,27,0,0,0,5,3,2,1,1,1,0,0,6,20,0,0,2,0,0,81,2026
Jack Ginnivan,12927,HW,RI,20,5,3,7,12,0,0,0,0,0,3,1,0,0,0,0,2,9,0,0,0,0,1,41,2026
Ollie Greeves,13350,HW,RI,20,7,8,7,14,1,0,0,2,1,2,1,1,2,0,0,3,11,0,1,0,0,1,67,2026
Jack Gunston,11845,HW,RI,20,5,4,3,8,1,1,0,2,0,0,0,1,0,1,0,4,5,1,2,0,0,0,93,2026
Blake Hardwick,12469,HW,RI,20,14,9,7,21,0,0,0,3,2,0,0,1,0,1,0,3,16,1,0,2,2,0,85,2026
Jarman Impey,12237,HW,RI,20,26,11,8,34,1,0,0,1,8,3,0,2,0,0,0,4,25,0,0,1,2,0,83,2026
Mitch Lewis,12636,HW,RI,20,11,5,2,13,5,2,1,1,0,1,0,2,4,1,0,6,7,1,4,1,0,0,84,2026
Bailey Macdonald,13069,HW,RI,20,6,5,12,18,0,0,0,4,0,2,0,2,0,0,0,2,16,0,0,1,1,0,70,2026
Connor Macdonald,12954,HW,RI,20,13,10,20,33,0,0,0,0,1,6,2,3,0,0,0,3,30,0,1,1,5,4,75,2026
Cam Mackenzie,13031,HW,RI,20,7,2,13,20,0,0,0,4,2,3,3,4,0,1,0,8,13,0,0,0,0,0,73,2026
Will McCabe,13311,HW,RI,20,8,5,5,13,1,0,0,1,0,4,0,2,1,0,0,2,10,0,0,0,2,0,72,2026
Lloyd Meek,12856,HW,RI,20,5,3,9,14,0,0,24,7,0,2,2,0,1,0,0,4,10,0,0,5,0,0,65,2026
Dylan Moore,12710,HW,RI,20,12,6,12,24,0,1,0,4,3,6,1,2,4,0,0,6,19,1,1,0,0,2,89,2026
Harry Morrison,12579,HW,RI,20,7,4,12,19,0,0,0,2,1,2,2,0,0,0,0,6,13,0,0,0,0,2,87,2026
Noah Mraz,13344,HW,RI,20,13,2,3,16,1,2,2,6,2,2,2,1,2,1,0,8,8,0,1,5,0,0,88,2026
Jai Newcombe,12915,HW,RI,20,10,2,9,19,0,1,0,5,1,5,6,9,0,4,0,11,11,0,0,0,0,1,74,2026
James Sicily,12332,HW,RI,20,15,6,11,26,1,0,0,1,9,2,0,6,3,1,0,11,12,1,0,1,0,0,76,2026
Josh Ward,12955,HW,RI,20,11,2,9,20,0,1,0,4,1,3,3,2,1,0,0,5,15,0,0,1,0,1,78,2026
Nick Watson,13105,HW,RI,20,8,3,3,11,5,2,0,3,0,2,0,0,2,0,0,3,8,0,3,0,2,0,74,2026
Josh Weddle,13057,HW,RI,20,10,3,10,20,0,1,0,7,3,5,1,3,1,0,0,7,12,1,0,3,3,0,88,2026
Kye Annand,13338,RI,HW,20,8,5,0,8,0,0,0,1,7,0,0,2,1,1,0,2,5,1,0,8,0,0,89,2026
Noah Balta,12686,RI,HW,20,8,4,2,10,0,0,0,2,5,0,0,5,0,3,0,3,6,1,0,4,2,0,79,2026
Sam Banks,13078,RI,HW,20,7,1,4,11,0,0,0,2,2,1,0,1,0,1,0,3,7,0,0,1,0,0,76,2026
Nathan Broad,12456,RI,HW,20,6,2,9,15,0,0,0,3,4,1,0,2,1,0,0,6,9,1,0,3,1,0,91,2026
Tom Brown,13096,RI,HW,20,11,7,5,16,1,0,0,1,3,3,1,1,0,0,0,6,8,1,0,1,0,0,70,2026
Seth Campbell,13100,RI,HW,20,11,4,10,21,0,3,0,1,1,4,1,2,0,1,0,7,13,0,2,1,1,0,78,2026
Sam Cumming,13316,RI,HW,20,7,4,12,19,0,1,0,3,0,3,4,1,2,0,0,8,11,1,1,2,0,0,75,2026
Steely Green,13145,RI,HW,20,4,0,2,6,0,0,0,0,1,2,0,3,0,1,0,2,3,0,0,0,0,0,59,2026
Sam Grlj,13290,RI,HW,20,5,0,10,15,0,1,0,2,1,3,1,1,1,1,0,4,9,0,0,0,0,0,82,2026
Taj Hotton,13253,RI,HW,20,2,0,10,12,0,0,0,2,0,2,3,2,0,1,0,7,7,0,0,0,0,1,55,2026
Sam Lalor,13190,RI,HW,20,6,1,8,14,1,0,1,1,1,3,3,0,0,0,0,8,6,0,1,0,0,0,70,2026
Mykelti Lefau,13113,RI,HW,20,7,4,3,10,1,0,3,3,0,3,2,3,2,2,0,7,4,2,1,3,0,0,87,2026
Tom Lynch,11948,RI,HW,20,4,1,5,9,1,1,0,1,0,0,1,3,0,1,0,6,3,1,1,0,0,1,91,2026
Rhyan Mansell,12883,RI,HW,20,8,4,4,12,0,2,0,3,0,3,1,4,1,1,0,3,9,0,2,2,0,0,84,2026
Kane McAuliffe,13117,RI,HW,20,7,1,7,14,1,0,0,3,2,0,4,3,1,2,0,7,8,0,0,3,0,0,71,2026
Toby Nankervis,12374,RI,HW,20,7,1,11,18,0,1,22,3,1,3,7,3,1,2,0,11,8,0,0,4,0,0,76,2026
Dion Prestia,11917,RI,HW,20,17,5,8,25,0,0,0,2,3,5,1,3,0,0,0,5,19,0,0,1,0,1,81,2026
Hugo Ralphsmith,12902,RI,HW,20,10,6,4,14,0,1,0,1,1,4,0,3,0,0,0,3,9,0,1,1,1,1,84,2026
Patrick Retschko,13313,RI,HW,20,12,6,7,19,1,1,0,4,2,1,1,1,1,0,0,7,12,0,2,2,1,1,81,2026
Jayden Short,12418,RI,HW,20,14,5,2,16,0,0,0,1,2,3,0,0,0,0,0,2,12,0,0,0,0,0,78,2026
Tim Taranto,12504,RI,HW,20,13,4,14,27,0,1,0,8,1,3,5,1,0,0,0,10,14,0,1,1,0,0,85,2026
James Trezise,13095,RI,HW,20,4,2,3,7,0,0,0,2,1,1,0,2,0,2,0,2,5,1,0,3,0,0,82,2026
Nick Vlastuin,12174,RI,HW,20,9,2,2,11,0,0,0,1,3,3,0,6,0,4,0,1,7,0,0,2,0,0,78,2026
Oscar Adams,13251,GC,WB,20,5,3,4,9,0,0,0,2,2,0,0,1,1,1,0,2,6,1,0,3,0,0,63,2026
Beau Addinsall,13341,GC,WB,20,7,3,10,17,0,0,0,0,1,2,2,2,0,0,0,4,14,0,1,0,1,1,67,2026
Noah Anderson,12767,GC,WB,20,8,5,15,23,0,0,0,4,1,1,4,2,0,0,0,7,19,0,0,3,1,0,80,2026
Mac Andrew,13019,GC,WB,20,13,6,5,18,1,0,0,2,1,0,2,4,0,3,0,6,12,3,1,3,0,0,96,2026
Sam Collins,12444,GC,WB,20,8,10,10,18,0,0,0,3,2,0,2,0,2,0,0,8,11,1,0,9,0,0,93,2026
Bailey Humphrey,13049,GC,WB,20,7,3,5,12,1,1,0,2,1,3,1,2,0,1,0,2,10,1,1,0,0,0,76,2026
Joel Jeffrey,12933,GC,WB,20,8,5,3,11,0,0,0,2,0,6,0,2,1,0,0,4,7,2,1,1,3,1,71,2026
Ben King,12728,GC,WB,20,8,6,3,11,1,4,0,0,0,1,0,1,1,0,0,7,4,4,4,1,0,0,80,2026
Caleb Lewis,13355,GC,WB,20,3,3,1,4,0,1,0,4,0,1,0,3,1,2,0,2,3,0,0,2,0,0,72,2026
Leo Lombard,13232,GC,WB,20,6,4,7,13,2,2,0,5,0,2,2,1,0,1,0,4,9,0,1,2,0,1,88,2026
Ben Long,12521,GC,WB,20,4,2,4,8,1,0,0,3,0,1,2,6,0,4,0,6,4,1,2,3,0,0,85,2026
Touk Miller,12331,GC,WB,20,12,5,27,39,0,0,0,5,0,5,9,4,2,1,0,17,21,0,0,0,0,1,79,2026
Ned Moyle,13050,GC,WB,20,2,2,9,11,0,0,43,2,1,2,4,0,1,0,0,9,4,0,0,6,0,0,83,2026
Jai Murray,13332,GC,WB,20,11,2,6,17,0,0,0,1,4,2,0,4,0,0,0,4,13,0,0,0,2,1,73,2026
John Noble,12743,GC,WB,20,18,10,12,30,0,1,0,1,3,3,0,5,1,3,0,6,22,1,1,0,3,0,82,2026
Dylan Patterson,13346,GC,WB,20,5,2,3,8,1,0,0,2,0,3,0,1,0,0,0,2,7,0,1,1,1,1,65,2026
Christian Petracca,12430,GC,WB,20,9,5,14,23,2,1,0,1,0,5,3,6,0,2,0,6,17,0,2,0,0,0,79,2026
Wil Powell,12652,GC,WB,20,17,3,14,31,0,1,0,3,5,4,0,0,1,0,0,7,19,0,0,1,1,1,83,2026
Daniel Rioli,12403,GC,WB,20,10,5,10,20,0,0,0,5,3,3,0,5,2,3,0,4,17,0,0,0,3,0,80,2026
Matt Rowell,12768,GC,WB,20,12,4,14,26,0,0,0,11,2,2,7,3,6,2,0,12,16,0,0,1,0,0,82,2026
Bodhi Uwland,13041,GC,WB,20,15,7,9,24,0,0,0,3,5,2,0,6,1,0,0,2,16,0,0,4,0,0,81,2026
Zeke Uwland,13278,GC,WB,20,15,5,11,26,0,0,0,0,1,5,1,2,1,1,0,6,19,0,0,0,2,1,78,2026
Jed Walter,13114,GC,WB,20,1,0,1,2,0,0,2,1,0,0,0,1,0,1,0,1,1,0,0,1,0,0,65,2026
Marcus Bontempelli,12269,WB,GC,20,16,2,7,23,3,1,0,5,1,7,5,4,2,1,0,14,11,1,0,6,1,0,84,2026
Lachlan Bramble,12916,WB,GC,20,9,1,2,11,0,0,0,0,5,0,0,1,0,0,0,1,4,0,0,1,0,0,80,2026
Jedd Busslinger,13216,WB,GC,20,17,6,2,19,0,0,0,0,7,0,0,3,1,1,0,1,12,0,0,4,2,0,100,2026
Nick Coffield,12608,WB,GC,20,4,2,4,8,0,0,0,1,1,2,0,0,0,0,0,0,9,0,0,4,0,0,76,2026
Jordan Croft,13265,WB,GC,20,2,2,1,3,0,0,1,0,0,1,0,4,1,2,0,2,2,0,0,1,0,0,75,2026
Sam Davidson,13178,WB,GC,20,2,1,5,7,0,1,0,4,0,0,0,2,0,1,0,3,4,0,0,0,0,0,75,2026
Josh Dolan,13179,WB,GC,20,6,2,2,8,0,2,0,1,0,1,1,0,2,0,0,3,5,0,1,0,0,0,62,2026
Tim English,12537,WB,GC,20,11,10,9,20,0,0,20,1,1,1,5,1,0,0,0,9,13,1,0,6,0,2,77,2026
Joel Freijah,13140,WB,GC,20,7,1,4,11,0,1,0,2,2,4,4,2,1,1,0,7,5,0,0,1,0,1,69,2026
Cooper Hynes,13213,WB,GC,20,10,4,4,14,0,0,0,2,0,6,1,2,0,1,0,3,10,0,0,2,0,2,79,2026
Arthur Jones,13046,WB,GC,20,4,1,5,9,1,0,0,2,0,2,0,2,2,2,0,7,5,0,0,1,1,0,71,2026
Matthew Kennedy,12455,WB,GC,20,13,6,4,17,3,0,0,2,2,2,2,1,2,0,0,7,11,2,2,0,0,0,77,2026
Buku Khamis,12900,WB,GC,20,9,5,4,13,0,0,0,2,3,0,1,4,2,0,0,9,5,1,0,7,0,0,90,2026
Rory Lobb,12282,WB,GC,20,8,5,5,13,1,1,7,2,0,0,1,2,1,1,0,7,6,2,2,1,0,1,87,2026
Lachlan McNeil,12854,WB,GC,20,5,3,4,9,0,0,0,1,0,0,0,2,3,0,0,5,4,0,0,1,0,0,69,2026
Aaron Naughton,12594,WB,GC,20,8,6,2,10,1,2,0,0,0,2,0,4,1,1,0,2,8,2,2,0,0,1,74,2026
James ODonnell,13061,WB,GC,20,4,3,1,5,0,0,0,1,2,0,0,2,0,1,0,1,4,0,0,6,0,0,85,2026
Ed Richards,12605,WB,GC,20,11,4,5,16,1,0,0,3,3,4,5,1,2,1,0,6,11,0,0,2,2,0,74,2026
Ryley Sanders,13103,WB,GC,20,8,4,14,22,0,0,0,4,1,2,2,6,0,3,0,5,18,0,0,2,1,0,86,2026
Michael Sellwood,13276,WB,GC,20,12,8,3,15,0,0,0,1,3,0,0,1,1,1,0,4,11,0,0,4,0,0,81,2026
Cody Weightman,12800,WB,GC,20,11,3,3,14,0,2,0,3,0,5,2,5,1,3,0,5,6,0,1,0,0,0,69,2026
Rhylee West,12748,WB,GC,20,7,4,6,13,1,0,0,3,0,1,0,4,1,1,0,2,9,0,2,0,0,0,72,2026
Bailey Williams,12441,WB,GC,20,19,8,10,29,0,0,0,2,11,3,2,0,2,0,0,7,20,0,0,1,3,0,86,2026
Ryan Angwin,13001,GW,ES,20,7,6,14,21,1,0,0,3,1,2,3,3,0,0,0,9,12,0,0,1,0,1,85,2026
Lachie Ash,12782,GW,ES,20,14,5,9,23,0,0,0,5,2,6,1,6,0,2,0,4,18,0,0,0,2,0,82,2026
Toby Bedford,12772,GW,ES,20,5,0,3,8,0,0,0,6,0,2,0,0,0,0,0,2,5,0,0,1,0,1,85,2026
Callum Brown,12910,GW,ES,20,10,4,6,16,1,1,9,5,0,1,1,6,2,3,0,7,10,0,1,1,0,1,80,2026
Aaron Cadman,13054,GW,ES,20,4,4,2,6,0,3,0,2,0,1,0,1,0,0,0,1,5,0,3,1,0,0,89,2026
Finn Callaghan,12969,GW,ES,20,11,3,16,27,0,0,0,5,8,3,0,5,0,2,0,3,23,0,0,0,1,0,82,2026
Stephen Coniglio,12028,GW,ES,20,9,4,6,15,1,0,0,5,2,3,3,2,1,1,0,7,9,0,1,1,0,2,81,2026
Joe Fonti,13164,GW,ES,20,10,5,7,17,0,0,0,3,3,0,0,5,2,4,0,3,16,0,0,5,0,0,77,2026
Toby Greene,12025,GW,ES,20,4,2,2,6,2,0,0,0,0,1,0,2,0,0,0,3,3,0,2,0,0,0,39,2026
Max Gruzewski,13158,GW,ES,20,7,6,3,10,1,1,0,1,0,1,0,0,0,0,0,2,8,1,4,0,0,0,70,2026
Riley Hamilton,13347,GW,ES,20,3,3,4,7,0,2,0,4,0,1,0,1,1,1,0,2,5,0,1,0,0,0,73,2026
Harry Himmelberg,12462,GW,ES,20,11,8,5,16,0,0,0,0,4,2,0,2,0,0,0,1,12,0,0,4,2,0,81,2026
Connor Idun,12750,GW,ES,20,9,5,15,24,0,0,0,2,3,2,0,2,0,1,0,8,15,0,0,3,0,0,100,2026
Jayden Laverde,12377,GW,ES,20,6,5,10,16,0,0,0,2,2,2,0,5,1,2,0,6,11,1,0,4,0,0,82,2026
Nick Madden,13236,GW,ES,20,1,3,13,14,0,0,28,2,0,1,3,5,2,3,0,5,8,0,0,3,0,0,71,2026
Xavier OHalloran,12821,GW,ES,20,5,1,12,17,0,1,0,6,2,2,0,2,0,1,0,7,10,0,1,1,0,0,79,2026
Clayton Oliver,12410,GW,ES,20,6,1,17,23,0,0,0,6,4,2,8,5,0,3,0,17,8,0,0,0,0,0,77,2026
Jack Ough,13348,GW,ES,20,8,0,9,17,1,0,0,2,0,4,6,1,3,0,0,9,8,0,0,1,0,0,34,2026
Harry Rowston,13045,GW,ES,20,8,2,9,17,1,0,0,1,0,2,1,2,0,0,0,7,10,0,1,0,0,0,75,2026
Conor Stone,12886,GW,ES,20,8,3,9,17,0,0,0,4,1,1,1,0,1,0,0,3,13,0,0,3,0,0,85,2026
Jake Stringer,12167,GW,ES,20,13,5,1,14,0,7,0,6,0,5,1,3,2,2,0,7,7,0,2,1,0,1,97,2026
Sam Taylor,12644,GW,ES,20,10,7,4,14,0,0,0,3,2,0,0,3,0,2,0,5,8,1,0,8,0,0,91,2026
Lachie Whitfield,12143,GW,ES,20,14,3,9,23,0,0,0,5,3,2,0,0,0,0,0,2,20,0,0,3,0,0,83,2026
Jaxon Artemis,13352,ES,GW,20,5,2,6,11,0,1,0,1,0,3,0,3,0,2,0,3,9,0,0,2,0,0,76,2026
Nick Bryan,12899,ES,GW,20,11,3,6,17,2,0,31,2,0,1,8,1,6,0,0,11,4,0,1,1,0,0,76,2026
Nate Caddy,13148,ES,GW,20,2,1,0,2,0,0,0,2,0,1,0,0,0,0,0,0,2,0,0,0,0,0,16,2026
Jye Caldwell,12755,ES,GW,20,5,4,12,17,0,0,0,7,1,2,3,1,0,1,0,6,11,0,0,0,0,0,68,2026
Angus Clarke,13229,ES,GW,20,8,8,5,13,0,0,0,4,0,4,1,1,1,0,0,2,11,0,0,1,0,1,76,2026
Archer Day-Wicks,13223,ES,GW,20,6,4,9,15,0,2,0,5,0,3,0,2,0,2,0,8,7,1,2,4,0,0,79,2026
Sam Durham,12925,ES,GW,20,11,4,14,25,0,1,0,2,0,8,7,4,3,2,0,13,15,1,1,1,3,2,84,2026
Xavier Duursma,12696,ES,GW,20,3,0,8,11,0,0,0,4,0,1,1,2,2,1,0,5,7,0,0,1,0,0,76,2026
Hussien El Achkar,13281,ES,GW,20,3,0,5,8,1,1,0,6,0,1,1,3,3,0,0,6,3,0,0,0,0,0,66,2026
Jacob Farrow,13299,ES,GW,20,10,6,10,20,2,0,0,0,0,1,2,2,1,0,0,5,14,1,2,1,0,1,87,2026
Isaac Kako,13177,ES,GW,20,4,1,8,12,0,0,0,7,0,2,1,3,0,1,0,5,8,0,0,1,1,0,80,2026
Max Kondogiannis,13282,ES,GW,20,3,0,5,8,0,1,0,4,0,0,1,1,1,1,0,2,6,0,0,2,0,0,76,2026
Kyle Langford,12349,ES,GW,20,6,2,1,7,0,0,0,3,1,1,0,1,0,0,0,2,5,0,1,0,0,0,86,2026
Andrew McGrath,12491,ES,GW,20,6,3,12,18,0,0,0,3,2,2,1,1,0,1,0,6,12,0,0,1,0,1,83,2026
Zach Merrett,12241,ES,GW,20,17,2,18,35,1,0,0,5,4,6,3,1,4,0,0,8,26,0,1,1,0,0,83,2026
Jaxon Prior,12874,ES,GW,20,18,6,2,20,0,0,0,2,9,1,1,3,0,0,0,2,14,0,0,1,2,0,89,2026
Mason Redman,12437,ES,GW,20,15,5,2,17,1,0,0,4,6,0,1,0,0,0,0,5,8,1,0,2,1,0,87,2026
Zach Reid,12889,ES,GW,20,10,4,5,15,0,0,0,1,6,1,0,2,0,0,0,3,10,0,0,8,2,0,97,2026
Jordan Ridley,12631,ES,GW,20,10,5,4,14,0,0,0,1,2,1,0,2,1,2,0,4,8,1,0,4,0,0,72,2026
Archie Roberts,13168,ES,GW,20,19,5,8,27,0,0,0,0,4,4,1,7,0,0,0,10,11,0,0,1,2,0,85,2026
Sullivan Robey,13307,ES,GW,20,9,2,8,17,1,0,0,2,3,3,4,2,0,0,0,6,11,0,0,0,1,0,84,2026
Dyson Sharp,13283,ES,GW,20,10,3,13,23,1,0,0,5,0,3,7,4,2,1,0,12,11,0,0,1,1,0,79,2026
Peter Wright,12366,ES,GW,20,5,2,10,15,1,0,10,1,0,0,2,2,3,1,0,9,5,1,0,4,0,1,97,2026
Sam Berry,12849,AD,CW,21,15,5,15,30,0,0,0,6,1,3,10,1,1,1,0,17,12,0,0,0,0,0,64,2026
James Borlase,13086,AD,CW,21,7,4,4,11,0,0,0,0,1,1,0,2,1,1,0,2,11,0,0,11,0,1,88,2026
Isaac Cumming,12629,AD,CW,21,9,5,7,16,0,0,0,3,0,2,3,1,1,0,0,6,11,0,0,3,1,0,74,2026
Daniel Curtin,13132,AD,CW,21,16,8,7,23,0,0,0,2,2,1,2,2,0,0,0,5,17,1,0,4,0,0,86,2026
Jordan Dawson,12516,AD,CW,21,15,2,7,22,1,2,0,7,1,4,5,3,1,1,0,9,14,1,1,2,0,0,87,2026
Hugo Hall-Kahan,13328,AD,CW,21,13,3,6,19,0,0,0,3,4,1,1,3,0,0,0,3,11,0,0,0,0,0,85,2026
Ben Keays,12434,AD,CW,21,8,5,5,13,1,1,0,3,0,3,0,1,1,0,0,4,9,1,1,1,0,0,91,2026
Finnbar Maley,13219,AD,CW,21,4,5,2,6,1,0,1,0,0,0,0,2,0,0,0,2,4,2,2,0,0,0,61,2026
Lachlan McAndrew,13065,AD,CW,21,3,0,6,9,0,0,39,8,1,2,4,7,1,5,0,9,2,0,0,4,0,1,77,2026
Max Michalanney,13027,AD,CW,21,6,0,7,13,0,0,0,2,1,0,2,0,0,0,0,5,8,0,0,2,0,0,85,2026
Wayne Milera,12405,AD,CW,21,19,8,5,24,0,0,0,5,8,2,0,5,0,0,0,5,16,0,0,0,0,0,80,2026
Nick Murray,12872,AD,CW,21,7,5,2,9,0,0,0,1,3,1,0,1,0,1,0,3,5,1,0,9,0,0,89,2026
Toby Murray,13280,AD,CW,21,4,2,1,5,1,0,3,0,0,2,2,0,1,0,0,3,3,1,1,1,0,1,38,2026
Luke Nankervis,13081,AD,CW,21,11,7,9,20,0,0,0,5,3,2,0,0,1,0,0,4,17,0,0,3,0,0,82,2026
Alex Neal-Bullen,12367,AD,CW,21,9,3,9,18,0,1,0,2,1,4,2,4,0,2,0,7,12,0,0,2,0,2,75,2026
James Peatling,12934,AD,CW,21,3,0,10,13,0,0,0,3,0,1,1,1,2,0,0,7,7,0,0,1,0,0,51,2026
Josh Rachele,12953,AD,CW,21,5,1,2,7,1,1,0,4,0,1,0,1,1,0,0,5,3,0,1,1,0,0,85,2026
Izak Rankine,12798,AD,CW,21,13,6,12,25,0,1,0,5,2,3,6,3,1,0,0,14,10,1,0,1,0,0,84,2026
Jake Soligo,12952,AD,CW,21,9,3,6,15,0,1,0,4,1,3,2,2,1,0,0,9,6,0,1,1,0,1,79,2026
Zac Taylor,13159,AD,CW,21,2,0,6,8,0,0,0,2,0,2,0,1,0,0,0,2,6,0,0,0,0,3,80,2026
Riley Thilthorpe,12892,AD,CW,21,7,7,4,11,3,0,0,1,0,4,0,2,1,1,0,4,7,3,2,1,0,1,84,2026
Taylor Walker,11713,AD,CW,21,11,6,5,16,3,1,0,1,0,5,0,2,3,2,0,7,10,1,3,2,0,1,84,2026
Josh Worrell,12912,AD,CW,21,15,7,6,21,0,0,0,1,4,0,1,0,2,0,0,8,10,1,0,7,0,0,91,2026
Edward Allan,13146,CW,AD,21,13,0,4,17,2,1,0,3,0,6,2,3,1,1,0,5,10,0,0,0,0,0,74,2026
Angus Anderson,13306,CW,AD,21,6,1,7,13,1,1,0,2,1,1,0,3,0,2,0,5,8,0,0,0,0,2,86,2026
Darcy Cameron,12660,CW,AD,21,10,3,13,23,0,0,37,9,1,1,6,4,5,2,0,18,4,2,0,1,0,0,77,2026
Jack Crisp,12061,CW,AD,21,10,3,7,17,0,1,0,4,1,2,7,3,0,1,0,10,6,0,1,4,0,1,66,2026
Josh Daicos,12573,CW,AD,21,10,5,5,15,0,0,0,3,3,0,0,1,0,1,0,3,11,0,0,0,0,0,83,2026
Nick Daicos,12943,CW,AD,21,17,4,22,39,1,1,0,2,3,4,7,4,0,2,0,18,19,0,0,0,3,0,90,2026
Jordan de Goey,12318,CW,AD,21,12,5,8,20,1,1,0,5,1,4,2,5,0,1,0,7,13,1,1,0,1,1,83,2026
Billy Frampton,12676,CW,AD,21,8,5,2,10,0,0,0,0,4,0,0,3,1,2,0,3,6,1,0,8,0,0,97,2026
Harvey Harrison,13068,CW,AD,21,5,2,2,7,1,1,0,2,0,0,1,0,0,0,0,4,3,1,1,0,0,0,69,2026
Dan Houston,12495,CW,AD,21,8,1,5,13,0,0,0,5,0,3,1,2,1,0,0,3,11,0,0,2,0,0,79,2026
Jeremy Howe,11967,CW,AD,21,11,4,4,15,1,0,0,0,4,0,0,1,1,1,0,3,7,1,1,6,0,0,84,2026
Patrick Lipinski,12578,CW,AD,21,8,2,11,19,1,1,0,1,1,4,3,1,0,0,0,7,12,0,1,1,0,3,79,2026
Ned Long,13023,CW,AD,21,4,1,9,13,1,0,0,5,0,0,2,3,0,1,0,5,8,0,0,1,0,0,69,2026
Brayden Maynard,12371,CW,AD,21,9,3,7,16,0,0,0,5,1,2,0,3,0,2,0,3,12,1,0,1,0,0,65,2026
Beau McCreery,12876,CW,AD,21,7,4,5,12,1,0,0,7,1,3,0,2,0,0,0,3,9,1,0,2,0,1,78,2026
Daniel McStay,12291,CW,AD,21,8,3,8,16,2,1,10,4,0,4,1,1,2,0,0,12,5,2,1,4,0,3,81,2026
Tim Membrey,12300,CW,AD,21,9,9,9,18,2,0,0,1,0,1,0,3,0,1,0,7,11,2,5,1,0,0,84,2026
Scott Pendlebury,4182,CW,AD,21,17,8,12,29,1,0,0,2,3,3,5,0,1,0,0,5,21,0,0,1,0,0,68,2026
Harry Perryman,12536,CW,AD,21,9,5,8,17,0,0,0,0,3,3,0,4,0,1,0,6,11,1,0,1,0,0,76,2026
Liam Puncher,13342,CW,AD,21,4,3,1,5,0,0,0,1,2,0,0,0,0,0,0,1,3,0,0,8,0,0,72,2026
Isaac Quaynor,12740,CW,AD,21,12,6,8,20,0,0,0,3,5,2,0,0,1,0,0,7,11,2,0,3,0,0,81,2026
Steele Sidebottom,11751,CW,AD,21,12,2,11,23,1,0,0,2,1,5,1,4,0,1,0,9,13,1,0,0,3,0,79,2026
Charlie West,13246,CW,AD,21,2,1,8,10,0,1,0,1,0,1,0,0,1,0,0,6,4,1,0,1,0,0,80,2026
Bo Allan,13221,WC,FR,21,8,5,9,17,0,0,0,2,0,1,1,3,0,2,0,4,14,0,0,0,0,0,83,2026
Rhett Bazzo,13000,WC,FR,21,9,12,6,15,0,0,0,0,3,0,0,2,0,2,0,1,14,1,0,8,0,0,92,2026
Sandy Brock,13209,WC,FR,21,4,5,4,8,0,0,0,4,1,0,0,2,0,2,0,2,7,0,0,2,0,0,80,2026
Tom Cole,12446,WC,FR,21,8,6,7,15,1,0,0,2,1,2,0,3,1,1,0,6,11,0,1,1,4,1,81,2026
Hamish Davis,13210,WC,FR,21,5,3,3,8,1,1,0,3,0,3,0,2,1,0,0,2,5,0,2,1,0,1,76,2026
Liam Duggan,12334,WC,FR,21,11,8,3,14,0,0,0,1,1,1,0,1,0,1,0,3,11,0,0,2,0,0,78,2026
Willem Duursma,13292,WC,FR,21,8,6,11,19,0,1,0,1,1,2,2,5,1,2,0,4,16,0,1,1,2,0,68,2026
Oliver Francou,13345,WC,FR,21,9,3,7,16,0,0,0,5,3,2,2,6,2,2,0,5,13,0,0,0,0,0,70,2026
Marcus Herbert,13339,WC,FR,21,18,8,18,36,0,0,0,1,1,1,0,3,0,0,0,7,23,0,0,1,6,0,80,2026
Brady Hough,12957,WC,FR,21,15,10,10,25,0,0,0,0,3,1,0,1,1,1,0,6,20,0,0,1,0,0,76,2026
Harvey Johnston,13136,WC,FR,21,3,3,9,12,0,0,0,3,0,0,0,3,0,0,0,1,11,0,0,0,0,0,74,2026
Tim Kelly,12595,WC,FR,21,19,9,12,31,0,0,0,1,6,7,3,3,1,0,0,7,24,0,0,1,0,0,77,2026
Ryan Maric,13070,WC,FR,21,10,5,11,21,0,0,0,3,0,2,1,1,0,0,0,9,12,1,0,1,0,0,70,2026
Tom McCarthy,13240,WC,FR,21,19,6,7,26,0,0,0,1,5,0,0,1,0,0,0,2,17,1,0,2,1,0,85,2026
Milan Murdock,13294,WC,FR,21,3,2,11,14,1,0,0,3,0,0,1,1,1,1,0,5,10,0,0,0,0,0,78,2026
Harley Reid,13111,WC,FR,21,16,2,14,30,0,0,0,4,2,2,12,10,1,4,0,15,15,0,0,2,2,0,85,2026
Jobe Shanahan,13247,WC,FR,21,4,3,2,6,0,1,0,0,0,1,0,1,1,1,0,3,4,1,0,5,0,0,92,2026
Brandon Starcevich,12668,WC,FR,21,8,4,7,15,0,0,0,1,4,1,0,1,0,0,0,3,8,0,0,1,0,0,78,2026
Jake Waterman,12601,WC,FR,21,3,1,2,5,1,1,0,1,0,0,0,0,0,0,0,0,4,0,1,0,0,0,75,2026
Bailey Williams,12836,WC,FR,21,6,4,6,12,0,0,26,2,1,2,5,4,0,2,0,8,4,2,0,0,0,1,82,2026
Jack Williams,12962,WC,FR,21,5,3,2,7,2,1,1,2,0,3,0,4,0,3,0,3,5,1,2,2,0,0,80,2026
Elliot Yeo,12087,WC,FR,21,5,1,8,13,0,1,0,5,0,4,3,5,2,1,0,6,8,0,0,1,0,1,72,2026
Tylar Young,13043,WC,FR,21,10,7,0,10,0,0,0,1,3,0,0,2,1,2,0,3,7,1,0,5,0,0,68,2026
Jye Amiss,12983,FR,WC,21,9,8,6,15,5,1,0,0,0,2,0,0,1,0,0,8,7,3,7,0,0,1,85,2026
Shai Bolton,12535,FR,WC,21,9,1,9,18,1,1,0,3,0,5,7,3,2,1,0,11,7,0,0,0,3,2,73,2026
Andrew Brayshaw,12589,FR,WC,21,11,5,14,25,0,0,0,7,1,4,4,6,3,1,0,10,16,0,0,0,0,1,75,2026
Heath Chapman,12875,FR,WC,21,4,2,5,9,0,1,0,1,0,0,0,0,0,0,0,2,6,0,1,4,1,0,81,2026
Jordan Clark,12688,FR,WC,21,11,4,7,18,0,0,0,3,5,1,1,1,0,1,0,3,13,1,0,1,0,0,84,2026
Mason Cox,12428,FR,WC,21,3,2,5,8,1,1,25,2,0,1,2,0,2,0,0,3,4,0,0,1,0,0,57,2026
Isaiah Dudley,13204,FR,WC,21,5,3,10,15,1,1,0,3,1,1,0,2,0,0,0,5,10,0,1,3,0,2,76,2026
Neil Erasmus,12966,FR,WC,21,6,1,8,14,0,1,0,2,0,2,1,2,1,0,0,8,7,0,1,2,0,0,73,2026
Michael Frederick,12801,FR,WC,21,8,4,3,11,1,1,0,5,1,4,1,4,0,1,0,7,7,0,1,2,0,1,82,2026
Luke Jackson,12779,FR,WC,21,8,2,11,19,1,1,25,6,1,1,5,4,1,0,0,10,8,2,0,0,0,0,72,2026
Matthew Johnson,13047,FR,WC,21,11,4,18,29,0,0,0,5,3,4,7,2,6,0,0,11,19,0,0,0,0,0,78,2026
Oscar McDonald,12394,FR,WC,21,10,4,3,13,0,0,0,2,1,0,0,3,2,1,0,2,10,0,0,5,0,0,97,2026
Judd McVee,13033,FR,WC,21,6,4,9,15,0,0,0,0,2,0,0,0,0,0,0,3,11,0,0,3,3,1,84,2026
Nathan ODriscoll,12960,FR,WC,21,13,5,6,19,2,0,0,3,2,3,0,5,1,0,0,3,16,0,0,1,0,0,82,2026
Alex Pearce,12352,FR,WC,21,7,4,5,12,0,0,0,0,2,0,0,1,1,0,0,4,7,1,0,1,1,0,79,2026
Murphy Reid,13180,FR,WC,21,15,4,11,26,1,1,0,0,0,6,2,5,0,2,0,6,19,0,1,0,2,1,77,2026
Luke Ryan,12542,FR,WC,21,12,6,9,21,0,0,0,2,4,2,0,2,4,1,0,5,17,0,0,3,0,0,75,2026
Caleb Serong,12786,FR,WC,21,16,6,9,25,0,0,0,5,0,4,7,3,1,1,0,8,15,1,0,0,0,0,73,2026
Sam Switkowski,12672,FR,WC,21,2,2,6,8,1,0,0,3,0,1,0,1,0,1,0,4,5,0,0,1,0,0,76,2026
Josh Treacy,12887,FR,WC,21,3,3,6,9,1,1,0,0,0,1,0,1,2,1,0,4,6,0,1,3,0,0,75,2026
Patrick Voss,13129,FR,WC,21,9,6,2,11,1,1,0,2,0,6,0,1,0,0,0,3,6,3,1,2,1,1,94,2026
Corey Wagner,12453,FR,WC,21,9,2,5,14,0,1,0,3,2,4,0,1,0,0,0,3,13,0,0,0,3,1,69,2026
Karl Worner,13075,FR,WC,21,8,5,8,16,0,0,0,0,3,0,0,2,0,2,0,4,10,1,0,4,0,0,85,2026
Jake Bowey,12931,ME,GE,21,15,3,10,25,0,0,0,3,8,2,2,4,1,1,0,8,14,1,0,0,0,0,90,2026
Kade Chandler,12756,ME,GE,21,7,2,7,14,0,2,0,2,2,4,1,1,0,0,0,3,11,0,1,1,0,0,76,2026
Lukas Cooke,13334,ME,GE,21,5,4,4,9,0,1,0,2,4,0,0,1,1,1,0,5,5,1,1,4,0,0,63,2026
Paddy Cross,13300,ME,GE,21,4,4,5,9,0,0,0,3,1,2,0,1,0,0,0,4,6,1,0,0,0,0,73,2026
Joel Fitzgerald,13335,ME,GE,21,5,1,14,19,0,0,0,4,0,2,2,2,0,0,0,6,12,0,0,0,0,0,58,2026
Bayley Fritsch,12598,ME,GE,21,11,3,3,14,3,1,0,1,1,4,0,2,2,0,0,8,6,0,2,2,0,2,87,2026
Max Gawn,11966,ME,GE,21,9,4,10,19,0,0,47,2,0,3,5,3,2,2,0,10,10,0,1,2,0,1,89,2026
Blake Howes,13098,ME,GE,21,9,3,8,17,0,0,0,2,3,1,1,1,0,0,0,6,12,0,0,3,0,1,82,2026
Matthew Jefferson,13182,ME,GE,21,3,1,1,4,0,3,0,1,0,1,0,2,0,1,0,1,3,0,0,3,0,0,68,2026
Ed Langdon,12393,ME,GE,21,9,4,9,18,3,1,0,1,1,1,0,3,0,0,0,4,14,0,4,2,2,0,83,2026
Harvey Langford,13184,ME,GE,21,9,6,8,17,1,0,0,1,1,1,1,4,0,0,0,4,10,1,1,2,0,0,81,2026
Bailey Laurie,13032,ME,GE,21,10,5,5,15,1,1,0,2,0,0,1,1,0,0,0,4,10,0,2,0,0,0,74,2026
Jake Lever,12351,ME,GE,21,16,5,4,20,0,0,0,0,8,1,0,2,3,0,0,8,10,2,0,4,0,0,100,2026
Tom McDonald,12009,ME,GE,21,7,3,7,14,0,0,0,0,3,1,0,5,2,3,0,6,8,0,0,7,0,0,77,2026
Harry Petty,12653,ME,GE,21,9,5,5,14,4,1,0,2,0,3,1,0,0,0,0,6,7,2,2,3,0,2,83,2026
Kysaiah Pickett,12771,ME,GE,21,9,2,5,14,1,0,0,5,0,1,6,5,1,0,0,9,7,0,1,1,0,0,80,2026
Latrelle Pickett,13286,ME,GE,21,2,1,2,4,0,1,0,0,0,3,0,0,0,0,0,1,3,0,0,2,6,0,48,2026
Trent Rivers,12778,ME,GE,21,14,5,3,17,0,0,0,3,8,2,1,4,2,1,0,6,8,0,0,1,2,0,76,2026
Harry Sharp,12864,ME,GE,21,7,3,6,13,0,1,0,0,0,5,0,3,1,1,0,1,12,0,0,1,2,2,90,2026
Tom Sparrow,12693,ME,GE,21,18,3,6,24,0,0,0,9,2,7,7,5,1,1,0,6,14,0,0,0,3,0,84,2026
Jack Steele,12368,ME,GE,21,11,3,19,30,0,0,0,5,2,2,5,3,1,0,0,12,17,0,0,0,0,1,79,2026
Koltyn Tholstrup,13123,ME,GE,21,8,4,14,22,1,0,0,1,0,1,2,3,1,0,0,8,14,0,1,1,2,0,84,2026
Jacob van Rooyen,13048,ME,GE,21,7,4,4,11,0,0,2,0,0,4,0,4,1,0,0,5,7,1,1,1,0,1,77,2026
Tom Atkins,12690,GE,ME,21,8,0,15,23,1,0,0,6,1,3,5,2,0,1,0,10,13,0,0,2,0,1,80,2026
Mark Blicavs,12153,GE,ME,21,7,4,6,13,0,1,6,3,1,3,4,4,0,2,0,8,6,0,1,3,0,0,75,2026
Tanner Bruhn,12871,GE,ME,21,14,7,13,27,0,0,0,3,5,0,2,0,0,0,0,8,18,0,0,1,1,0,82,2026
Jhye Clark,13062,GE,ME,21,10,5,9,19,0,0,0,1,0,4,0,2,1,0,0,4,15,0,0,1,0,0,80,2026
Brad Close,12806,GE,ME,21,8,2,8,16,1,1,0,0,0,5,1,0,2,0,0,6,9,0,1,1,0,4,81,2026
Patrick Dangerfield,11700,GE,ME,21,4,2,8,12,0,0,0,2,0,2,0,2,0,0,0,6,6,0,1,0,0,0,62,2026
Oliver Dempsey,12974,GE,ME,21,11,7,4,15,0,0,0,1,2,3,2,2,0,1,0,5,10,1,0,0,3,0,90,2026
Mitchell Edwards,13285,GE,ME,21,5,1,5,10,0,0,15,2,1,5,7,4,2,2,0,7,3,0,0,2,0,0,62,2026
Zach Guthrie,12551,GE,ME,21,16,11,5,21,0,0,0,0,2,0,1,2,1,1,0,2,19,0,0,1,0,0,81,2026
Jack Henry,12607,GE,ME,21,10,9,2,12,0,0,0,2,2,1,1,0,0,0,0,4,9,0,0,6,0,0,95,2026
Oliver Henry,12851,GE,ME,21,6,4,3,9,4,0,0,1,0,2,1,1,1,1,0,5,4,1,2,1,0,0,66,2026
Lawson Humphries,13160,GE,ME,21,13,7,6,19,0,1,0,1,4,2,2,3,1,1,0,6,10,0,0,4,0,0,80,2026
Shaun Mannagh,13104,GE,ME,21,12,5,6,18,1,1,0,3,1,4,1,1,0,0,0,5,13,0,0,1,1,1,74,2026
Gryan Miers,12689,GE,ME,21,9,4,4,13,0,1,0,0,1,3,1,1,0,0,0,1,12,0,0,0,1,2,85,2026
Oisin Mullin,13066,GE,ME,21,3,4,7,10,0,0,0,1,0,2,1,2,0,1,0,3,7,0,0,0,1,1,76,2026
Shannon Neale,12992,GE,ME,21,8,6,5,13,5,2,0,2,0,0,0,4,2,4,0,6,7,2,5,1,0,2,94,2026
Mark OConnor,12531,GE,ME,21,6,4,4,10,1,0,0,2,1,2,0,1,0,0,0,7,5,0,1,7,0,1,77,2026
Connor OSullivan,13122,GE,ME,21,11,8,10,21,0,0,1,1,4,2,0,1,0,0,0,8,13,2,0,2,1,1,93,2026
Jay Polkinghorne,13353,GE,ME,21,9,6,2,11,2,1,0,1,0,4,0,3,0,1,0,1,11,0,3,2,0,1,69,2026
Bailey Smith,12692,GE,ME,21,18,4,10,28,0,0,0,3,5,7,5,4,0,1,0,7,20,0,0,3,2,0,80,2026
Tom Stewart,12505,GE,ME,21,17,6,8,25,0,0,0,2,4,2,0,1,1,1,0,11,11,2,0,2,4,0,80,2026
Oliver Wiltshire,13217,GE,ME,21,10,3,5,15,3,1,0,1,0,2,1,2,0,0,0,5,10,0,2,0,0,1,72,2026
James Worpel,12619,GE,ME,21,12,4,3,15,0,0,0,8,2,4,0,5,0,2,0,3,12,0,0,0,0,1,66,2026
Beau Addinsall,13341,GC,CA,21,7,4,8,15,1,0,0,2,3,2,2,2,0,1,0,3,13,0,1,1,0,0,74,2026
Noah Anderson,12767,GC,CA,21,16,9,14,30,1,0,0,0,5,6,4,2,1,0,0,9,21,0,0,2,2,2,84,2026
Mac Andrew,13019,GC,CA,21,10,6,6,16,0,0,4,3,5,0,0,3,3,1,0,8,8,2,0,2,0,0,92,2026
Charlie Ballard,12625,GC,CA,21,3,3,4,7,0,0,0,1,3,0,0,3,0,2,0,4,5,0,0,6,0,0,78,2026
Sam Collins,12444,GC,CA,21,4,4,8,12,0,0,0,1,1,0,0,2,0,1,0,5,7,0,0,6,0,0,97,2026
Bailey Humphrey,13049,GC,CA,21,8,3,8,16,3,0,0,2,1,5,1,2,1,0,0,4,13,0,2,1,0,1,77,2026
Joel Jeffrey,12933,GC,CA,21,11,4,0,11,3,1,0,3,0,3,0,1,1,1,0,3,9,0,2,0,0,0,75,2026
Ben King,12728,GC,CA,21,7,5,2,9,3,2,0,1,0,1,0,3,1,3,0,7,2,3,5,0,1,0,87,2026
Caleb Lewis,13355,GC,CA,21,1,0,0,1,0,0,0,0,0,0,0,1,1,0,0,1,0,0,0,1,0,0,35,2026
Leo Lombard,13232,GC,CA,21,5,1,8,13,0,0,0,1,1,3,0,2,0,1,0,3,10,0,0,0,1,0,90,2026
Ben Long,12521,GC,CA,21,4,4,4,8,1,1,0,1,0,2,0,1,0,0,0,3,5,0,2,1,0,0,83,2026
Touk Miller,12331,GC,CA,21,12,3,7,19,0,0,0,5,1,5,5,4,1,2,0,8,13,0,0,2,0,1,81,2026
Ned Moyle,13050,GC,CA,21,1,1,6,7,0,0,33,0,0,1,0,4,0,3,0,4,4,0,0,2,0,0,83,2026
Jai Murray,13332,GC,CA,21,7,5,4,11,0,0,0,2,3,0,0,2,1,1,0,3,9,0,0,0,0,0,69,2026
John Noble,12743,GC,CA,21,13,5,5,18,0,0,0,0,3,2,1,6,0,1,0,3,11,0,0,2,0,1,72,2026
Dylan Patterson,13346,GC,CA,21,6,2,2,8,1,0,0,0,0,3,0,2,0,1,0,2,6,0,1,0,0,2,61,2026
Christian Petracca,12430,GC,CA,21,7,3,19,26,0,2,0,1,1,1,6,3,1,0,0,13,13,0,0,0,0,0,79,2026
Wil Powell,12652,GC,CA,21,6,3,7,13,0,0,0,0,5,0,0,1,0,0,0,2,9,0,0,0,0,0,85,2026
Daniel Rioli,12403,GC,CA,21,8,1,10,18,0,0,0,0,2,1,0,0,0,0,0,2,12,0,0,0,3,1,77,2026
Matt Rowell,12768,GC,CA,21,16,2,12,28,0,0,0,7,2,10,9,6,1,4,0,15,13,0,0,1,0,0,83,2026
Bodhi Uwland,13041,GC,CA,21,12,4,4,16,0,0,0,3,4,4,0,3,1,1,0,2,9,0,0,6,1,2,89,2026
Zeke Uwland,13278,GC,CA,21,4,2,5,9,0,0,0,1,1,1,0,1,0,0,0,1,8,0,0,0,0,0,70,2026
Jed Walter,13114,GC,CA,21,4,3,6,10,2,0,0,0,0,2,0,5,1,2,0,6,5,0,2,1,0,0,79,2026
Blake Acres,12276,CA,GC,21,13,9,8,21,0,0,0,3,2,2,0,2,1,0,0,6,16,0,1,2,0,0,94,2026
Ben Ainsworth,12498,CA,GC,21,14,9,5,19,1,2,0,1,1,3,1,3,1,1,0,3,15,1,2,0,0,0,81,2026
Talor Byrne,13297,CA,GC,21,11,6,6,17,3,2,0,4,0,5,2,2,2,2,0,7,10,1,0,2,0,2,72,2026
Adam Cerra,12603,CA,GC,21,9,6,11,20,0,0,0,1,0,2,1,3,0,1,0,2,17,0,0,0,0,0,85,2026
Matthew Cottrell,12822,CA,GC,21,13,6,4,17,0,0,0,2,2,5,1,3,0,0,0,3,14,0,0,0,0,0,80,2026
Lachlan Cowan,13028,CA,GC,21,14,10,3,17,0,0,0,5,6,1,1,2,1,1,0,5,12,2,0,3,0,1,82,2026
Patrick Cripps,12261,CA,GC,21,12,2,18,30,1,1,0,5,1,8,15,4,1,1,0,21,8,0,0,2,0,0,85,2026
Harry Dean,13273,CA,GC,21,10,6,3,13,0,0,0,1,2,1,0,3,1,1,0,2,9,0,0,5,0,0,87,2026
Wade Derksen,13303,CA,GC,21,12,8,6,18,0,0,0,0,3,1,0,3,2,0,0,7,11,2,0,4,1,0,81,2026
Francis Evans,12873,CA,GC,21,10,3,7,17,2,2,0,6,1,2,1,1,3,1,0,10,7,0,2,0,0,1,81,2026
Oliver Florent,12497,CA,GC,21,20,5,5,25,0,0,0,0,5,3,0,1,1,0,0,6,16,0,0,3,0,1,77,2026
Nick Haynes,12091,CA,GC,21,19,13,5,24,0,0,0,1,5,2,0,6,1,2,0,3,21,1,0,2,0,0,88,2026
Will Hayward,12509,CA,GC,21,8,5,8,16,3,1,0,1,0,0,0,3,0,0,0,6,10,2,2,1,0,0,87,2026
George Hewett,12411,CA,GC,21,11,1,13,24,3,1,0,2,0,4,4,3,3,0,0,9,15,0,0,0,0,0,74,2026
Brodie Kemp,12937,CA,GC,21,6,1,8,14,0,1,0,3,0,1,0,2,1,0,0,7,7,0,0,1,0,2,93,2026
Cooper Lord,13170,CA,GC,21,12,8,11,23,0,0,0,1,3,0,2,3,0,0,0,4,20,0,0,2,0,1,78,2026
Mitch McGovern,12404,CA,GC,21,8,4,1,9,2,0,0,1,0,1,0,2,1,0,0,1,8,0,2,2,0,0,82,2026
Nic Newman,12508,CA,GC,21,1,0,1,2,0,0,0,0,0,0,0,0,0,0,0,1,0,0,0,0,0,0,6,2026
Marc Pittonet,12417,CA,GC,21,3,1,5,8,0,0,17,2,1,2,1,1,2,0,0,6,4,0,0,1,0,0,73,2026
Jagga Smith,13274,CA,GC,21,12,7,19,31,0,0,0,5,0,4,6,2,2,1,0,10,23,0,1,1,2,2,79,2026
Sam Walsh,12684,CA,GC,21,15,7,16,31,0,0,0,5,1,5,2,4,1,1,0,9,25,0,0,1,0,1,76,2026
Billy Wilson,13244,CA,GC,21,16,10,8,24,0,0,0,2,3,4,0,3,0,1,0,3,18,0,0,2,2,0,84,2026
Lewis Young,12559,CA,GC,21,7,6,11,18,1,2,5,1,1,1,2,2,1,1,0,9,9,2,3,1,0,0,72,2026
Tom Barrass,12383,HW,ES,21,7,6,4,11,0,0,0,1,2,0,0,1,0,0,0,3,8,1,0,1,0,0,58,2026
Josh Battle,12558,HW,ES,21,11,5,10,21,0,0,0,2,3,2,0,1,0,1,0,2,16,0,0,3,1,0,91,2026
Mabior Chol,12485,HW,ES,21,8,5,1,9,2,1,2,1,0,1,0,4,1,0,0,2,8,0,3,3,0,2,75,2026
Massimo DAmbrosio,12998,HW,ES,21,12,6,12,24,0,0,0,1,0,4,2,4,2,1,0,6,18,0,0,1,0,0,83,2026
Will Day,12794,HW,ES,21,10,5,11,21,2,0,0,5,2,5,5,5,1,2,0,8,14,0,0,0,0,0,72,2026
Jack Ginnivan,12927,HW,ES,21,12,8,8,20,1,1,0,1,0,3,1,2,0,0,0,5,16,0,1,4,0,0,86,2026
Ollie Greeves,13350,HW,ES,21,8,8,8,16,0,1,0,0,0,3,1,2,0,0,0,4,12,0,0,1,0,2,69,2026
Jack Gunston,11845,HW,ES,21,16,11,0,16,7,2,0,1,0,2,0,3,0,0,0,2,13,0,8,0,0,0,100,2026
Blake Hardwick,12469,HW,ES,21,12,8,10,22,0,0,0,2,2,2,0,2,0,1,0,6,16,0,0,4,1,0,93,2026
Jarman Impey,12237,HW,ES,21,27,12,10,37,1,2,0,1,3,9,0,4,1,1,0,5,31,0,1,1,0,2,83,2026
Mitch Lewis,12636,HW,ES,21,0,0,2,2,0,0,0,0,0,0,0,0,0,0,0,0,2,0,0,0,0,0,14,2026
Bailey Macdonald,13069,HW,ES,21,6,3,6,12,0,0,0,3,2,2,0,2,1,2,0,1,11,0,0,1,1,0,73,2026
Connor Macdonald,12954,HW,ES,21,14,9,12,26,0,1,0,3,1,7,5,2,2,0,0,9,17,0,0,0,1,0,86,2026
Cam Mackenzie,13031,HW,ES,21,9,6,14,23,1,1,0,6,2,3,4,1,1,0,0,8,14,1,1,2,0,2,72,2026
Lloyd Meek,12856,HW,ES,21,8,4,7,15,0,0,23,3,1,3,6,7,3,4,0,10,6,0,0,0,0,1,76,2026
Dylan Moore,12710,HW,ES,21,10,4,13,23,1,0,0,3,0,5,1,2,0,1,0,6,17,0,0,0,0,2,84,2026
Harry Morrison,12579,HW,ES,21,14,9,12,26,1,0,0,3,2,3,1,3,0,2,0,2,22,1,1,1,0,2,83,2026
Noah Mraz,13344,HW,ES,21,12,5,5,17,0,0,4,1,2,2,2,2,3,1,0,6,12,1,0,4,1,0,84,2026
Jai Newcombe,12915,HW,ES,21,16,5,12,28,0,0,0,2,2,4,4,6,5,2,0,12,16,1,0,1,0,1,79,2026
James Sicily,12332,HW,ES,21,18,10,9,27,0,1,0,0,5,2,1,4,1,2,0,7,16,3,1,3,2,1,90,2026
Josh Ward,12955,HW,ES,21,15,9,18,33,0,0,0,4,1,4,4,3,1,1,0,10,24,0,0,0,0,1,78,2026
Nick Watson,13105,HW,ES,21,7,3,7,14,3,3,0,3,0,0,1,1,2,0,0,9,7,1,2,0,0,0,86,2026
Josh Weddle,13057,HW,ES,21,7,7,12,19,0,0,0,1,1,2,0,4,0,2,0,5,16,0,0,3,3,1,82,2026
Jaxon Artemis,13352,ES,HW,21,8,3,7,15,0,0,0,0,3,0,2,2,0,0,0,4,11,0,0,0,0,0,78,2026
Lachlan Blakiston,13237,ES,HW,21,9,3,4,13,0,0,29,1,5,3,5,5,4,3,0,6,6,0,0,1,0,0,81,2026
Nate Caddy,13148,ES,HW,21,6,3,3,9,3,1,0,0,1,1,0,1,1,0,0,4,5,2,3,2,0,0,88,2026
Angus Clarke,13229,ES,HW,21,11,5,3,14,0,0,0,1,1,5,1,3,4,0,0,5,9,0,0,1,0,1,81,2026
Nik Cox,12852,ES,HW,21,6,4,0,6,0,1,0,1,0,2,0,1,1,0,0,1,4,0,1,1,0,0,81,2026
Archer Day-Wicks,13223,ES,HW,21,3,3,6,9,0,0,0,1,0,2,0,1,0,0,0,2,7,0,0,1,0,0,69,2026
Sam Durham,12925,ES,HW,21,5,5,9,14,0,2,0,7,2,2,4,4,1,3,0,7,7,1,2,2,0,0,86,2026
Hussien El Achkar,13281,ES,HW,21,3,0,4,7,0,0,0,7,1,1,0,2,1,1,0,5,1,0,0,0,0,0,75,2026
Jacob Farrow,13299,ES,HW,21,11,4,10,21,0,0,0,2,5,1,2,3,1,1,0,6,14,0,0,0,0,0,82,2026
Isaac Kako,13177,ES,HW,21,6,2,5,11,0,1,0,0,0,1,1,3,0,1,0,5,4,0,0,0,0,0,82,2026
Max Kondogiannis,13282,ES,HW,21,4,3,3,7,0,0,0,0,0,1,0,2,0,0,0,1,7,0,0,1,0,0,78,2026
Andrew McGrath,12491,ES,HW,21,13,2,7,20,0,0,0,2,7,0,0,1,0,1,0,4,11,0,0,2,1,0,83,2026
Ben McKay,12580,ES,HW,21,1,2,4,5,0,0,1,2,0,0,0,1,0,1,0,2,3,0,0,3,0,0,90,2026
Zach Merrett,12241,ES,HW,21,7,3,15,22,0,0,0,9,2,3,2,0,1,0,0,8,12,0,0,2,0,0,87,2026
Jaxon Prior,12874,ES,HW,21,13,3,4,17,0,0,0,3,6,0,1,4,1,2,0,6,8,0,0,5,1,0,87,2026
Mason Redman,12437,ES,HW,21,12,5,7,19,0,1,0,2,2,3,0,2,1,1,0,4,13,0,0,3,0,0,82,2026
Zach Reid,12889,ES,HW,21,9,6,2,11,0,0,0,0,4,0,0,6,0,3,0,3,8,1,0,7,0,0,95,2026
Jordan Ridley,12631,ES,HW,21,1,0,0,1,0,0,0,0,1,0,0,0,0,0,0,0,0,0,0,2,0,0,16,2026
Archie Roberts,13168,ES,HW,21,15,4,6,21,0,1,0,1,4,2,1,1,1,0,0,3,14,0,1,0,0,0,90,2026
Sullivan Robey,13307,ES,HW,21,6,3,6,12,0,0,0,4,1,3,4,3,1,1,0,6,7,0,0,0,0,0,48,2026
Will Setterfield,12567,ES,HW,21,6,1,9,15,0,0,0,6,0,1,3,5,1,4,0,9,7,0,0,1,0,1,78,2026
Dyson Sharp,13283,ES,HW,21,9,5,12,21,0,1,0,8,1,3,0,1,3,0,0,7,15,1,0,0,0,1,75,2026
Peter Wright,12366,ES,HW,21,8,4,4,12,2,0,7,2,1,2,0,4,1,2,0,4,8,2,2,4,0,1,88,2026
Riley Bice,13195,SY,GW,21,9,2,5,14,0,0,0,1,4,1,1,2,0,0,0,2,10,0,0,1,0,0,80,2026
Nick Blakey,12699,SY,GW,21,20,4,4,24,1,2,0,0,7,2,0,4,2,1,0,5,13,1,1,3,1,0,86,2026
Braeden Campbell,12863,SY,GW,21,6,2,9,15,1,0,0,2,0,3,1,0,0,0,0,4,11,0,0,0,0,2,77,2026
Billy Cootee,13317,SY,GW,21,5,4,7,12,2,1,0,0,0,1,1,2,0,0,0,4,8,0,2,0,0,1,66,2026
Charlie Curnow,12421,SY,GW,21,7,5,2,9,4,2,0,2,0,1,0,6,2,2,0,3,6,1,4,0,0,0,85,2026
Will Edwards,13318,SY,GW,21,6,4,4,10,0,0,0,1,4,1,0,3,0,2,0,4,6,1,0,7,0,0,86,2026
Brodie Grundy,12217,SY,GW,21,8,4,15,23,1,0,29,2,1,4,7,4,3,2,0,11,9,0,0,3,0,1,70,2026
Errol Gulden,12862,SY,GW,21,29,5,12,41,0,0,0,3,7,8,7,7,2,1,0,11,30,0,0,0,3,0,82,2026
Isaac Heeney,12326,SY,GW,21,9,1,16,25,1,0,0,3,1,5,6,2,0,0,0,11,13,0,0,1,0,1,77,2026
James Jordon,12860,SY,GW,21,2,1,4,6,0,1,0,4,0,1,1,0,2,0,0,3,4,0,1,2,0,1,86,2026
Harry Kyle,13327,SY,GW,21,3,2,9,12,0,0,0,3,0,1,0,1,0,1,0,4,9,0,0,1,0,0,75,2026
Jake Lloyd,12268,SY,GW,21,5,1,6,11,1,1,0,3,0,1,1,2,0,2,0,5,8,0,1,2,0,1,80,2026
Tom McCartin,12627,SY,GW,21,4,3,5,9,0,0,0,0,2,1,0,1,0,0,0,6,3,1,0,2,0,0,89,2026
Logan McDonald,12861,SY,GW,21,5,2,4,9,3,1,0,0,0,0,1,1,0,1,0,4,6,2,2,1,0,1,79,2026
Hayden McLean,12745,SY,GW,21,2,1,2,4,1,0,9,0,0,1,3,0,0,0,0,3,1,0,1,2,0,1,65,2026
Callum Mills,12413,SY,GW,21,10,4,11,21,0,0,0,1,6,2,0,1,0,0,0,3,15,1,0,2,0,0,84,2026
Tom Papley,12412,SY,GW,21,13,4,4,17,2,1,0,0,0,4,0,3,3,0,0,6,13,0,3,2,2,1,64,2026
Dane Rampe,12140,SY,GW,21,2,2,5,7,0,0,0,2,1,0,1,1,1,1,0,4,3,0,0,2,0,0,86,2026
Matt Roberts,12994,SY,GW,21,7,5,6,13,0,1,0,3,1,4,0,1,0,0,0,1,13,0,0,4,0,1,82,2026
Malcolm Rosas,12903,SY,GW,21,2,1,2,4,0,0,0,1,0,1,1,1,0,1,0,1,4,0,0,1,0,0,71,2026
James Rowbottom,12714,SY,GW,21,10,1,13,23,2,1,0,11,1,6,8,2,4,0,0,12,11,0,1,1,0,1,71,2026
Jai Serong,13022,SY,GW,21,3,2,8,11,1,0,0,1,0,0,0,2,1,1,0,6,5,0,0,1,0,0,83,2026
Chad Warner,12797,SY,GW,21,16,2,16,32,1,2,0,3,1,9,7,5,3,1,0,13,18,0,0,0,4,2,75,2026
Ryan Angwin,13001,GW,SY,21,12,4,9,21,2,0,0,2,0,5,4,3,1,1,0,9,11,0,1,0,0,0,78,2026
Lachie Ash,12782,GW,SY,21,18,8,8,26,0,0,0,2,10,2,0,2,0,0,0,1,21,0,0,2,7,1,82,2026
Toby Bedford,12772,GW,SY,21,7,4,7,14,0,2,0,5,0,2,1,3,1,2,0,6,8,0,2,0,0,0,84,2026
Callum Brown,12910,GW,SY,21,2,3,3,5,1,0,5,2,1,2,0,0,0,0,0,0,5,0,1,0,0,0,69,2026
Aaron Cadman,13054,GW,SY,21,8,3,1,9,1,1,0,2,0,2,0,3,3,1,0,5,4,1,2,0,0,0,84,2026
Finn Callaghan,12969,GW,SY,21,12,2,9,21,0,0,0,3,2,5,4,1,0,0,0,7,14,0,0,0,2,2,81,2026
Stephen Coniglio,12028,GW,SY,21,12,4,7,19,3,1,0,1,0,3,0,2,0,1,0,5,13,0,1,1,0,1,82,2026
Joe Fonti,13164,GW,SY,21,9,5,6,15,1,0,0,1,2,2,0,3,0,0,0,1,14,0,0,3,1,0,75,2026
Max Gruzewski,13158,GW,SY,21,5,3,5,10,1,0,0,0,0,2,0,1,0,0,0,5,6,0,2,4,0,1,76,2026
Riley Hamilton,13347,GW,SY,21,4,0,3,7,0,0,0,1,0,0,1,2,0,1,0,3,4,0,0,1,0,1,75,2026
Harry Himmelberg,12462,GW,SY,21,10,7,7,17,0,0,0,3,2,3,0,2,1,1,0,8,9,1,0,4,0,1,92,2026
Connor Idun,12750,GW,SY,21,18,12,9,27,0,0,0,0,4,1,0,4,0,3,0,7,20,2,0,2,1,0,100,2026
Jayden Laverde,12377,GW,SY,21,7,6,9,16,0,1,0,1,2,1,0,2,1,0,0,3,13,0,0,5,0,0,80,2026
Nick Madden,13236,GW,SY,21,6,4,10,16,0,0,20,2,0,1,4,3,2,3,0,10,5,1,0,0,0,0,71,2026
Xavier OHalloran,12821,GW,SY,21,9,2,14,23,1,0,0,2,0,6,4,4,0,1,0,8,15,0,0,0,0,2,84,2026
Clayton Oliver,12410,GW,SY,21,10,7,19,29,1,0,0,5,2,6,5,7,1,4,0,13,17,0,1,0,0,0,87,2026
Jack Ough,13348,GW,SY,21,7,3,4,11,0,0,0,0,0,1,1,2,0,0,0,4,7,0,0,0,0,1,55,2026
Harry Rowston,13045,GW,SY,21,9,7,4,13,0,0,0,1,0,1,0,1,1,0,0,4,10,0,0,1,0,0,68,2026
Conor Stone,12886,GW,SY,21,3,3,5,8,1,0,0,1,1,2,0,5,0,2,0,2,6,0,1,0,0,0,56,2026
Jake Stringer,12167,GW,SY,21,8,5,5,13,1,1,0,3,1,2,1,1,2,0,0,5,8,1,2,2,0,1,87,2026
Sam Taylor,12644,GW,SY,21,4,5,7,11,0,0,0,1,3,0,0,2,2,1,0,3,8,1,0,7,0,0,78,2026
Harvey Thomas,13101,GW,SY,21,9,3,7,16,0,1,0,1,3,2,0,1,0,0,0,4,12,0,1,0,1,0,81,2026
Lachie Whitfield,12143,GW,SY,21,20,11,6,26,0,0,0,1,3,0,0,5,1,2,0,1,19,0,0,2,2,0,75,2026
Kye Annand,13338,RI,WB,21,7,4,3,10,0,0,0,1,1,0,0,0,0,0,0,3,8,0,0,6,0,0,90,2026
Sam Banks,13078,RI,WB,21,15,7,4,19,0,0,0,4,2,0,1,1,0,0,0,3,13,0,0,2,0,0,90,2026
Nathan Broad,12456,RI,WB,21,15,12,5,20,0,0,0,0,0,0,1,4,0,1,0,3,18,0,0,6,0,0,95,2026
Tom Brown,13096,RI,WB,21,18,6,5,23,0,0,0,3,4,5,0,2,2,0,0,4,15,0,0,3,1,1,76,2026
Seth Campbell,13100,RI,WB,21,6,3,4,10,0,0,0,0,0,1,0,3,0,2,0,4,6,0,1,1,0,1,76,2026
Sam Cumming,13316,RI,WB,21,8,7,11,19,0,0,0,2,1,1,5,2,0,1,0,9,10,0,0,0,0,0,71,2026
Sam Grlj,13290,RI,WB,21,7,3,4,11,0,0,0,3,1,3,0,2,2,0,0,2,9,0,0,0,1,1,63,2026
Taj Hotton,13253,RI,WB,21,7,5,6,13,0,1,0,4,1,1,3,1,1,1,0,4,10,0,0,1,0,1,71,2026
Sam Lalor,13190,RI,WB,21,7,3,5,12,1,2,0,2,0,5,1,3,0,2,0,1,11,0,0,1,0,0,77,2026
Mykelti Lefau,13113,RI,WB,21,4,2,5,9,2,0,3,3,0,1,2,1,2,0,0,4,3,1,1,1,0,0,79,2026
Tom Lynch,11948,RI,WB,21,4,4,4,8,2,0,2,1,0,1,0,2,0,1,0,5,3,3,2,1,0,0,86,2026
Rhyan Mansell,12883,RI,WB,21,5,2,3,8,1,0,0,5,1,2,0,2,2,0,0,5,4,0,0,2,0,0,71,2026
Toby Nankervis,12374,RI,WB,21,2,2,15,17,0,0,34,1,0,0,5,2,0,2,0,12,5,1,0,1,0,0,77,2026
Zane Peucker,13351,RI,WB,21,9,6,1,10,0,0,0,1,0,2,0,2,1,2,0,2,8,0,0,0,0,1,58,2026
Dion Prestia,11917,RI,WB,21,15,4,9,24,0,1,0,3,3,5,3,1,0,0,0,6,18,0,0,0,0,1,81,2026
Hugo Ralphsmith,12902,RI,WB,21,2,1,5,7,0,0,0,2,1,0,0,2,0,0,0,4,3,0,0,0,0,0,71,2026
Patrick Retschko,13313,RI,WB,21,13,7,4,17,0,0,0,1,6,2,2,2,1,0,0,4,13,0,0,0,0,0,92,2026
Jack Ross,12712,RI,WB,21,12,5,14,26,0,0,1,4,2,3,2,3,1,1,0,8,17,0,0,0,0,1,70,2026
Jayden Short,12418,RI,WB,21,22,15,4,26,0,0,0,2,5,2,0,1,0,1,0,2,22,0,0,0,0,0,82,2026
Tyler Sonsie,13014,RI,WB,21,12,2,8,20,0,0,0,3,1,2,2,4,1,1,0,4,17,0,0,0,0,0,78,2026
Tim Taranto,12504,RI,WB,21,12,3,13,25,1,0,0,3,3,3,7,3,2,0,0,11,12,0,1,2,0,0,78,2026
Luke Trainor,13191,RI,WB,21,7,8,4,11,0,0,0,4,2,0,0,3,0,2,0,1,11,1,0,2,0,0,79,2026
Nick Vlastuin,12174,RI,WB,21,19,11,8,27,0,0,0,3,9,0,1,4,2,2,0,10,15,1,0,2,0,0,87,2026
Marcus Bontempelli,12269,WB,RI,21,21,5,8,29,2,0,0,2,3,9,3,3,0,0,0,7,21,1,1,1,0,1,84,2026
Lachlan Bramble,12916,WB,RI,21,19,8,8,27,0,0,0,1,2,5,1,3,3,0,0,6,17,0,0,0,1,1,78,2026
Jedd Busslinger,13216,WB,RI,21,15,5,7,22,0,0,0,1,2,1,0,5,0,2,0,3,16,0,0,7,2,1,93,2026
Nick Coffield,12608,WB,RI,21,15,10,3,18,0,0,0,1,8,1,0,0,0,0,0,1,16,0,0,2,1,0,80,2026
Jordan Croft,13265,WB,RI,21,4,3,7,11,1,1,0,2,0,0,0,0,0,0,0,2,9,0,1,0,0,0,72,2026
Sam Davidson,13178,WB,RI,21,11,2,1,12,1,1,0,3,0,1,1,4,1,1,0,3,9,0,1,1,0,0,71,2026
Josh Dolan,13179,WB,RI,21,9,5,5,14,1,0,0,5,0,5,0,0,1,0,0,5,9,0,1,1,3,0,72,2026
Tim English,12537,WB,RI,21,7,6,6,13,1,1,27,2,0,1,2,1,2,0,0,9,6,3,2,3,0,0,78,2026
Joel Freijah,13140,WB,RI,21,14,9,9,23,0,1,0,0,1,5,5,0,0,0,0,4,19,0,1,3,0,0,81,2026
Cooper Hynes,13213,WB,RI,21,4,3,6,10,1,0,0,2,1,2,0,3,0,1,0,2,9,0,0,0,0,0,69,2026
Arthur Jones,13046,WB,RI,21,6,2,4,10,1,1,0,2,0,2,1,5,2,2,0,4,6,0,0,1,0,1,72,2026
Matthew Kennedy,12455,WB,RI,21,10,4,8,18,0,1,0,5,1,3,3,3,0,0,0,7,9,0,1,0,0,0,73,2026
Buku Khamis,12900,WB,RI,21,14,8,3,17,0,0,0,0,3,1,0,1,0,1,0,3,13,0,0,6,0,0,84,2026
Tom Liberatore,11898,WB,RI,21,7,3,16,23,0,0,0,3,1,0,7,2,2,1,0,12,11,0,0,1,0,1,71,2026
Rory Lobb,12282,WB,RI,21,8,9,5,13,0,3,8,2,0,2,0,3,1,1,0,5,8,3,4,3,0,1,76,2026
Aaron Naughton,12594,WB,RI,21,6,5,5,11,1,3,1,2,0,0,0,2,1,1,0,8,5,1,4,3,0,1,74,2026
James ODonnell,13061,WB,RI,21,14,14,2,16,0,0,0,1,2,1,0,1,1,1,0,4,13,2,0,9,0,0,100,2026
Ed Richards,12605,WB,RI,21,19,4,13,32,2,0,0,5,1,11,6,1,1,0,0,12,20,0,0,0,0,1,84,2026
Ryley Sanders,13103,WB,RI,21,7,2,8,15,0,0,0,6,1,2,4,1,0,1,0,5,9,0,0,0,3,0,82,2026
Michael Sellwood,13276,WB,RI,21,12,6,6,18,0,0,0,4,3,0,0,1,3,0,0,8,9,2,0,6,0,0,83,2026
Cody Weightman,12800,WB,RI,21,9,3,5,14,2,1,0,2,0,4,1,1,1,0,0,3,11,0,1,1,0,2,77,2026
Rhylee West,12748,WB,RI,21,5,4,7,12,2,0,0,4,0,1,0,3,0,2,0,6,7,1,2,0,0,3,71,2026
Bailey Williams,12441,WB,RI,21,15,7,11,26,0,0,0,0,2,4,3,7,0,3,0,8,18,1,1,1,3,1,76,2026
Aliir Aliir,12433,PA,BL,21,12,4,3,15,0,1,0,0,5,2,0,2,0,0,0,5,7,0,0,2,0,0,100,2026
Xavier Bamert,13337,PA,BL,21,6,3,1,7,0,0,0,1,1,3,0,3,1,0,0,0,7,0,1,1,0,1,77,2026
Miles Bergman,12867,PA,BL,21,14,5,6,20,0,1,0,4,1,3,1,3,0,0,0,7,12,1,0,1,0,1,77,2026
Joe Berry,13188,PA,BL,21,2,1,2,4,0,0,0,0,0,1,0,0,0,0,0,1,4,0,0,1,0,0,74,2026
Jase Burgoyne,13007,PA,BL,21,14,3,8,22,1,0,0,2,2,3,7,4,0,0,0,11,12,0,1,2,0,0,81,2026
Darcy Byrne-Jones,12422,PA,BL,21,10,5,6,16,0,0,0,4,3,1,1,3,1,0,0,6,9,0,1,1,0,0,76,2026
Willem Drew,12695,PA,BL,21,7,2,12,19,0,0,0,1,1,2,4,0,0,0,0,7,12,0,0,3,0,0,83,2026
Corey Durdin,12936,PA,BL,21,9,5,4,13,1,0,0,3,0,2,0,2,2,0,0,3,10,0,1,0,0,1,73,2026
Logan Evans,13156,PA,BL,21,11,2,4,15,0,0,0,3,5,2,0,3,0,1,0,3,8,0,0,6,1,0,79,2026
Mitch Georgiades,12766,PA,BL,21,10,7,3,13,2,4,0,0,0,2,1,3,3,0,0,4,9,1,5,0,1,0,87,2026
Jason Horne-Francis,12956,PA,BL,21,22,3,8,30,1,0,0,4,3,6,7,6,1,2,0,15,15,0,0,0,1,3,68,2026
Lachie Jones,12882,PA,BL,21,10,0,6,16,0,0,0,3,7,1,0,1,0,0,0,2,8,0,0,1,0,0,86,2026
Josh Lai,13301,PA,BL,21,11,6,7,18,0,0,0,2,7,3,1,0,2,0,0,6,11,0,0,3,1,0,83,2026
Todd Marshall,12575,PA,BL,21,5,4,2,7,2,1,0,2,0,1,0,0,1,0,0,3,4,1,2,0,0,0,72,2026
Christian Moraes,13199,PA,BL,21,6,4,8,14,0,0,0,4,1,3,1,2,0,2,0,3,10,0,0,0,0,2,76,2026
Balyn OBrien,13354,PA,BL,21,0,0,5,5,0,0,0,0,0,1,0,4,0,1,0,3,2,0,0,0,0,0,77,2026
Jordon Sweet,12890,PA,BL,21,11,0,4,15,0,1,37,3,1,2,4,5,1,0,0,10,4,0,0,4,1,0,83,2026
Dante Visentini,13073,PA,BL,21,4,4,7,11,2,0,7,1,0,1,0,1,0,1,0,7,3,1,2,2,0,0,62,2026
Jack Watkins,13289,PA,BL,21,11,6,9,20,0,0,0,2,1,0,1,1,0,0,0,5,14,0,1,0,0,0,75,2026
Jack Whitlock,13259,PA,BL,21,4,3,3,7,0,1,0,0,0,0,0,1,1,0,0,5,2,2,3,0,0,0,89,2026
Ollie Wines,12150,PA,BL,21,9,4,14,23,0,0,0,1,2,5,6,4,0,0,0,11,12,0,0,0,0,1,63,2026
Mitch Zadow,13305,PA,BL,21,5,0,2,7,0,0,0,3,2,1,1,3,1,1,0,5,2,0,0,3,1,0,66,2026
Brandon Zerk-Thatcher,12757,PA,BL,21,2,3,3,5,0,0,0,0,1,0,0,1,0,0,0,1,4,1,0,4,0,0,94,2026
Harris Andrews,12340,BL,PA,21,16,13,7,23,0,0,0,1,5,0,0,1,0,1,0,5,16,1,0,7,0,0,90,2026
Noah Answerth,12718,BL,PA,21,6,3,6,12,0,0,0,3,1,1,0,4,0,1,0,0,11,0,0,1,0,0,88,2026
Levi Ashcroft,13197,BL,PA,21,10,9,11,21,0,0,0,2,2,2,1,3,0,0,0,5,15,0,0,0,1,0,68,2026
Will Ashcroft,13040,BL,PA,21,22,7,8,30,2,1,0,3,1,12,5,3,1,1,0,8,21,0,1,0,0,2,81,2026
Zac Bailey,12610,BL,PA,21,18,8,8,26,3,1,0,5,1,3,3,2,0,0,0,9,15,1,2,2,0,0,85,2026
Jarrod Berry,12519,BL,PA,21,7,4,8,15,0,0,0,1,4,3,3,4,0,0,0,6,8,0,0,1,0,2,75,2026
Charlie Cameron,12277,BL,PA,21,9,4,3,12,3,2,0,1,0,2,1,3,1,2,0,5,9,2,4,1,0,1,74,2026
Sam Draper,12810,BL,PA,21,8,1,1,9,1,0,15,3,0,5,6,0,1,0,0,6,2,0,0,1,0,0,63,2026
Josh Dunkley,12408,BL,PA,21,10,7,10,20,0,0,0,9,0,2,1,0,0,0,0,5,14,1,1,2,0,0,79,2026
Jaspa Fletcher,13072,BL,PA,21,20,9,7,27,0,0,0,2,2,4,0,0,0,0,0,4,19,0,1,0,0,1,87,2026
Darcy Fort,12724,BL,PA,21,5,3,6,11,0,0,10,1,0,1,4,0,0,0,0,6,5,0,0,2,0,1,63,2026
Ty Gallop,13235,BL,PA,21,14,5,1,15,0,0,0,1,5,4,0,1,0,1,0,2,14,1,0,7,0,0,90,2026
Eric Hipwood,12454,BL,PA,21,8,6,3,11,1,1,0,1,0,2,0,6,0,2,0,4,7,2,2,1,0,0,70,2026
Ryan Lester,11894,BL,PA,21,12,10,5,17,0,0,0,1,1,1,0,2,0,2,0,3,13,1,0,4,0,0,84,2026
Kai Lohmann,12968,BL,PA,21,7,6,6,13,3,1,0,4,1,2,0,1,1,0,0,5,9,0,3,0,0,0,85,2026
Hugh McCluggage,12518,BL,PA,21,12,6,17,29,1,0,0,5,2,2,5,1,1,0,0,14,15,0,1,1,0,0,75,2026
Conor McKenna,12391,BL,PA,21,6,0,1,7,0,0,0,1,0,4,0,1,0,0,0,2,4,0,0,0,0,1,76,2026
Logan Morris,13137,BL,PA,21,7,4,1,8,3,3,0,3,0,0,0,0,1,0,0,5,3,1,4,1,0,1,69,2026
Lachie Neale,12055,BL,PA,21,10,2,14,24,0,1,0,3,1,1,5,1,1,0,0,10,14,0,0,0,2,0,81,2026
Cam Rayner,12592,BL,PA,21,6,3,11,17,2,0,0,1,0,3,2,3,0,1,0,9,8,0,0,1,0,1,81,2026
James Tunstill,13005,BL,PA,21,9,5,7,16,0,1,0,2,1,3,0,2,0,0,0,3,14,0,0,2,1,2,75,2026
Darcy Wilmot,13026,BL,PA,21,13,7,3,16,0,0,0,2,0,0,0,3,0,2,0,0,11,0,0,2,0,0,82,2026
Dayne Zorko,12076,BL,PA,21,27,11,7,34,0,0,0,1,7,6,1,6,1,1,0,5,24,1,0,1,0,1,80,2026
Zac Banch,13256,NM,SK,21,5,2,3,8,0,2,0,2,0,2,0,0,2,0,0,1,7,0,1,1,0,0,65,2026
Charlie Comben,12938,NM,SK,21,5,4,9,14,0,0,0,3,3,0,0,3,1,2,0,5,9,1,0,7,0,0,80,2026
Aidan Corr,12181,NM,SK,21,14,4,5,19,0,0,0,0,3,2,0,2,0,0,0,7,10,0,0,5,0,0,85,2026
Paul Curtis,12975,NM,SK,21,8,8,5,13,2,1,0,4,2,1,0,3,0,2,0,2,10,0,3,2,0,0,84,2026
Caleb Daniel,12373,NM,SK,21,15,6,9,24,0,0,0,0,1,1,1,1,0,0,0,3,17,0,0,1,0,0,81,2026
Jack Darling,11905,NM,SK,21,6,5,2,8,3,0,0,1,1,0,0,4,0,1,0,4,5,2,2,2,0,1,79,2026
Luke Davies-Uniacke,12590,NM,SK,21,8,4,9,17,0,0,0,3,3,4,4,4,2,0,0,6,11,0,0,0,0,1,89,2026
Josh Goater,13025,NM,SK,21,5,4,6,11,0,0,0,0,2,2,0,2,1,1,0,2,10,0,0,2,0,0,60,2026
Cooper Harvey,13077,NM,SK,21,11,4,5,16,0,0,0,0,2,1,0,0,1,0,0,1,13,0,0,0,1,0,74,2026
Nick Larkey,12563,NM,SK,21,6,6,3,9,1,1,0,0,0,1,0,1,0,0,0,4,4,2,3,2,0,1,87,2026
Griffin Logue,12511,NM,SK,21,8,5,6,14,0,0,0,0,7,0,0,3,0,3,0,3,11,0,0,7,0,0,76,2026
Colby McKercher,13107,NM,SK,21,12,7,7,19,0,0,0,1,1,3,0,5,0,2,0,3,16,0,0,0,0,3,80,2026
Finn OSullivan,13187,NM,SK,21,9,7,14,23,0,1,0,0,3,1,1,7,0,2,0,7,16,0,1,0,0,0,82,2026
Luke Parker,11953,NM,SK,21,14,8,11,25,0,0,0,1,5,0,1,2,2,1,0,6,16,0,0,1,0,0,82,2026
Bailey Scott,12701,NM,SK,21,1,0,5,6,0,0,0,1,0,0,0,2,0,1,0,1,5,0,0,1,0,0,72,2026
Harry Sheezel,13034,NM,SK,21,15,8,14,29,1,1,0,5,3,3,5,3,0,2,0,10,20,0,2,1,0,0,90,2026
Jy Simpkin,12502,NM,SK,21,16,9,13,29,0,0,0,2,1,6,4,1,1,1,0,10,19,0,2,2,1,1,82,2026
Charlie Spargo,12622,NM,SK,21,10,8,1,11,0,0,0,1,0,6,0,1,1,0,0,1,11,0,0,0,0,0,70,2026
Dylan Stephens,12796,NM,SK,21,13,7,8,21,0,0,0,2,0,4,1,4,1,3,0,4,15,0,0,2,0,0,83,2026
Cooper Trembath,13263,NM,SK,21,12,10,7,19,0,2,10,0,0,6,2,7,2,1,0,7,12,2,2,2,0,1,82,2026
Matt Whitlock,13208,NM,SK,21,3,2,0,3,1,1,0,0,0,0,0,1,1,0,0,1,2,0,2,0,0,0,56,2026
Tristan Xerri,12788,NM,SK,21,5,2,6,11,0,2,14,5,1,1,4,4,1,3,0,9,3,1,2,2,0,0,77,2026
Cameron Zurhaar,12557,NM,SK,21,11,7,6,17,0,0,0,2,4,0,0,2,0,1,0,3,13,0,0,3,0,0,85,2026
Hugh Boxshall,13220,SK,NM,21,7,3,10,17,1,0,0,6,0,1,4,0,3,0,0,11,7,1,1,4,0,0,80,2026
Dan Butler,12490,SK,NM,21,4,1,3,7,0,1,0,5,0,0,0,2,1,2,0,1,7,0,1,1,0,0,63,2026
Ryan Byrnes,12802,SK,NM,21,12,3,5,17,1,1,0,0,2,2,1,1,1,0,0,3,14,0,0,1,0,0,82,2026
Anthony Caminiti,13035,SK,NM,21,5,3,4,9,1,2,0,4,0,2,0,2,0,0,0,5,4,2,1,2,0,0,95,2026
Hunter Clark,12591,SK,NM,21,7,3,5,12,0,0,0,1,1,2,1,2,0,0,0,7,6,0,0,1,0,0,52,2026
Tom De Koning,12674,SK,NM,21,11,5,8,19,0,0,21,1,2,5,7,6,3,3,0,13,8,2,0,2,0,0,82,2026
Hugo Garcia,13125,SK,NM,21,6,1,12,18,0,0,0,6,2,2,7,1,1,1,0,10,6,0,0,0,0,2,69,2026
Max Hall,13193,SK,NM,21,8,4,18,26,0,2,0,1,2,3,4,0,1,0,0,11,16,1,1,1,1,0,77,2026
Jack Higgins,12609,SK,NM,21,5,2,4,9,2,1,0,2,0,1,0,3,2,2,0,6,3,0,1,0,0,2,81,2026
Bradley Hill,12060,SK,NM,21,22,12,12,34,0,1,0,1,5,4,2,3,0,0,0,5,28,0,1,1,1,1,82,2026
Max King,12773,SK,NM,21,1,1,1,2,0,0,0,0,0,0,0,1,0,0,0,2,1,0,1,0,0,0,30,2026
Liam OConnell,13194,SK,NM,21,4,3,3,7,0,0,0,0,0,2,0,2,0,1,0,3,5,1,0,3,0,0,86,2026
Mitch Owens,12948,SK,NM,21,7,2,9,16,2,0,2,3,0,3,1,5,4,2,0,7,9,1,1,0,0,0,87,2026
Mattaes Phillipou,13036,SK,NM,21,14,5,11,25,0,1,0,3,2,5,5,0,2,0,0,7,18,0,0,0,0,0,80,2026
Liam Ryan,12600,SK,NM,21,7,1,3,10,1,1,0,0,0,3,0,2,2,1,0,3,8,0,0,2,0,2,84,2026
Jack Silvagni,12458,SK,NM,21,9,8,5,14,0,0,0,3,2,1,1,0,0,0,0,5,9,1,0,8,0,0,100,2026
Liam Stocker,12721,SK,NM,21,13,9,5,18,0,0,0,1,4,2,0,1,1,1,0,3,14,0,0,1,0,0,80,2026
Tobie Travaglia,13206,SK,NM,21,6,4,5,11,0,0,0,0,1,2,1,0,0,0,0,5,6,2,0,0,0,0,58,2026
Nasiah Wanganeen-Milera,12950,SK,NM,21,39,5,7,46,4,1,0,3,6,8,5,5,2,1,0,8,26,0,1,0,10,1,82,2026
Callum Wilkie,12703,SK,NM,21,7,9,8,15,0,0,0,0,0,0,0,1,0,1,0,3,12,1,0,4,0,0,100,2026
Darcy Wilson,13110,SK,NM,21,16,10,12,28,1,1,0,1,2,5,1,1,0,0,0,8,20,0,1,2,0,0,79,2026
Marcus Windhager,12967,SK,NM,21,11,5,14,25,0,0,0,0,2,2,0,3,0,1,0,4,21,0,0,0,0,0,85,2026
Mason Wood,12312,SK,NM,21,10,3,9,19,0,1,0,3,3,3,1,0,3,0,0,9,10,0,0,3,0,0,87,2026
Edward Allan,13146,CW,GE,22,7,2,11,18,0,0,0,4,0,3,4,4,1,0,0,6,11,0,0,1,0,1,81,2026
Angus Anderson,13306,CW,GE,22,6,3,1,7,1,3,0,6,0,3,0,2,0,0,0,1,6,1,2,1,0,0,65,2026
Darcy Cameron,12660,CW,GE,22,13,7,9,22,0,0,29,3,4,1,4,1,4,1,0,15,9,2,0,2,0,0,76,2026
Jack Crisp,12061,CW,GE,22,12,7,9,21,0,1,0,4,3,3,1,4,0,1,0,7,14,1,1,2,1,0,81,2026
Josh Daicos,12573,CW,GE,22,17,4,16,33,0,1,0,5,5,3,2,5,1,0,0,10,20,0,0,1,0,1,89,2026
Nick Daicos,12943,CW,GE,22,17,2,18,35,0,0,0,4,2,7,9,4,3,1,0,13,19,0,0,1,1,1,88,2026
Jordan de Goey,12318,CW,GE,22,8,4,11,19,0,0,0,1,1,2,2,0,1,0,0,7,13,0,0,0,0,0,83,2026
Billy Frampton,12676,CW,GE,22,7,5,4,11,0,0,0,1,5,1,1,1,1,0,0,4,7,2,0,10,0,0,100,2026
Harvey Harrison,13068,CW,GE,22,10,5,3,13,1,0,0,2,1,2,1,4,2,0,0,4,10,0,2,1,0,0,75,2026
Dan Houston,12495,CW,GE,22,11,4,5,16,0,0,0,3,9,2,0,4,2,1,0,6,8,1,0,1,0,1,81,2026
Jeremy Howe,11967,CW,GE,22,7,6,4,11,0,0,0,1,1,0,0,0,0,0,0,5,4,3,0,3,1,0,69,2026
Patrick Lipinski,12578,CW,GE,22,10,2,11,21,0,0,0,0,2,1,0,1,0,0,0,9,13,0,0,1,0,0,81,2026
Ned Long,13023,CW,GE,22,1,2,11,12,0,0,0,6,0,1,1,3,0,0,0,5,7,0,0,2,0,0,76,2026
Beau McCreery,12876,CW,GE,22,8,3,1,9,2,1,0,4,1,3,0,1,0,0,0,3,5,0,1,1,0,1,81,2026
Daniel McStay,12291,CW,GE,22,10,4,0,10,5,0,8,9,0,0,3,2,2,0,0,5,4,1,3,0,0,0,79,2026
Tim Membrey,12300,CW,GE,22,1,2,5,6,0,0,0,2,0,0,1,0,0,0,0,3,3,0,0,1,0,0,83,2026
Scott Pendlebury,4182,CW,GE,22,8,2,12,20,0,2,0,5,7,1,2,0,2,0,0,8,11,0,1,1,0,0,79,2026
Harry Perryman,12536,CW,GE,22,4,2,5,9,0,0,0,2,2,0,0,0,1,0,0,2,7,0,0,2,0,0,30,2026
Liam Puncher,13342,CW,GE,22,3,2,4,7,0,0,0,1,1,0,0,0,0,0,0,3,4,0,0,3,0,0,89,2026
Isaac Quaynor,12740,CW,GE,22,10,5,9,19,0,0,0,6,5,3,0,0,2,0,0,7,12,0,0,3,0,0,89,2026
Lachie Schultz,12700,CW,GE,22,6,4,7,13,0,0,0,5,0,5,0,0,2,0,0,4,9,1,0,1,0,1,74,2026
Steele Sidebottom,11751,CW,GE,22,10,2,6,16,0,0,0,1,3,3,2,4,0,1,0,4,11,0,0,1,0,0,83,2026
Charlie West,13246,CW,GE,22,4,5,6,10,1,1,0,0,0,1,1,3,0,2,0,6,4,2,1,0,0,0,68,2026
Tom Atkins,12690,GE,CW,22,10,2,9,19,0,0,0,7,0,9,6,7,1,4,0,10,8,0,0,1,1,1,74,2026
Mark Blicavs,12153,GE,CW,22,2,3,7,9,1,0,20,3,0,2,0,5,0,2,0,7,3,2,1,2,0,0,78,2026
Tanner Bruhn,12871,GE,CW,22,15,4,9,24,0,0,0,2,6,2,2,2,0,0,0,7,16,0,0,0,0,0,78,2026
Jhye Clark,13062,GE,CW,22,9,6,6,15,0,1,0,6,0,6,0,0,0,0,0,2,13,0,2,1,1,2,74,2026
Brad Close,12806,GE,CW,22,0,1,4,4,0,0,0,1,0,0,0,0,0,0,0,1,3,0,0,0,0,0,64,2026
Oliver Dempsey,12974,GE,CW,22,12,10,17,29,2,0,0,3,3,3,4,4,1,0,0,12,17,2,3,1,2,0,84,2026
Mitchell Edwards,13285,GE,CW,22,7,3,5,12,0,1,25,2,0,4,3,3,0,2,0,4,7,0,1,3,0,1,73,2026
Zach Guthrie,12551,GE,CW,22,10,4,3,13,0,0,0,2,5,1,1,2,0,1,0,1,11,0,0,2,0,0,77,2026
Jack Henry,12607,GE,CW,22,4,3,5,9,0,0,0,4,1,0,0,1,1,0,0,3,5,0,0,9,0,0,91,2026
Oliver Henry,12851,GE,CW,22,9,6,5,14,3,2,0,3,0,1,0,1,0,1,0,7,7,2,3,0,0,2,75,2026
Lawson Humphries,13160,GE,CW,22,11,5,4,15,0,0,0,1,0,0,1,0,0,0,0,4,8,1,0,5,0,0,76,2026
Shaun Mannagh,13104,GE,CW,22,12,2,2,14,1,0,0,6,1,7,4,7,1,4,0,7,9,0,1,0,2,2,81,2026
Jack Martin,12236,GE,CW,22,4,2,3,7,1,0,0,2,0,1,0,5,0,1,0,1,6,0,1,0,0,2,56,2026
Gryan Miers,12689,GE,CW,22,11,2,6,17,1,0,0,2,0,2,1,4,0,1,0,4,15,0,1,2,1,1,84,2026
Oisin Mullin,13066,GE,CW,22,6,4,10,16,0,0,0,4,0,3,5,2,0,2,0,8,8,0,0,2,0,1,82,2026
Shannon Neale,12992,GE,CW,22,8,7,4,12,2,2,2,2,0,4,0,2,0,2,0,5,8,3,3,2,1,1,92,2026
Mark OConnor,12531,GE,CW,22,11,5,9,20,0,0,0,3,1,4,2,2,1,1,0,4,15,0,0,2,0,0,84,2026
Connor OSullivan,13122,GE,CW,22,10,6,6,16,0,0,0,2,4,1,1,1,1,0,0,6,10,0,0,4,0,0,93,2026
Jay Polkinghorne,13353,GE,CW,22,5,4,3,8,3,0,0,1,0,0,0,2,0,1,0,4,4,1,3,0,0,0,69,2026
Bailey Smith,12692,GE,CW,22,19,0,9,28,0,0,0,1,4,8,9,3,0,2,0,14,8,0,0,0,2,1,86,2026
Tom Stewart,12505,GE,CW,22,17,6,8,25,0,0,0,2,8,1,0,2,0,0,0,6,15,0,0,3,0,0,87,2026
Oliver Wiltshire,13217,GE,CW,22,2,0,10,12,1,0,0,1,0,2,2,1,0,0,0,5,7,0,0,1,0,0,71,2026
James Worpel,12619,GE,CW,22,14,1,10,24,0,0,0,6,2,6,10,1,1,0,0,14,10,0,0,1,0,1,72,2026
Marcus Bontempelli,12269,WB,FR,22,9,2,11,20,0,0,0,2,3,3,2,3,1,2,0,7,11,0,0,1,0,0,83,2026
Lachlan Bramble,12916,WB,FR,22,17,6,6,23,0,0,0,1,5,1,3,1,0,0,0,5,12,0,0,2,1,0,79,2026
Jedd Busslinger,13216,WB,FR,22,12,2,3,15,0,0,0,0,3,0,0,1,0,0,0,2,7,0,0,4,0,0,65,2026
Nick Coffield,12608,WB,FR,22,11,9,2,13,0,0,0,2,4,0,0,1,1,0,0,2,11,0,0,1,0,0,92,2026
Jordan Croft,13265,WB,FR,22,3,1,4,7,0,0,0,1,1,2,0,4,0,1,0,2,5,0,0,0,1,0,76,2026
Sam Davidson,13178,WB,FR,22,9,2,5,14,0,0,0,2,3,1,1,2,0,1,0,3,11,0,0,1,0,0,81,2026
Josh Dolan,13179,WB,FR,22,8,3,8,16,0,0,0,0,0,3,0,3,1,1,0,6,10,0,0,1,0,1,61,2026
Louis Emmett,13308,WB,FR,22,0,0,2,2,0,0,0,1,0,0,0,1,0,0,0,1,1,0,0,1,0,0,58,2026
Tim English,12537,WB,FR,22,10,5,5,15,0,0,27,4,0,2,1,4,2,2,0,9,7,1,0,3,0,0,83,2026
Joel Freijah,13140,WB,FR,22,9,4,10,19,0,1,0,7,2,0,5,2,1,2,0,7,12,0,0,1,0,0,73,2026
Cooper Hynes,13213,WB,FR,22,10,3,12,22,2,0,0,2,2,1,3,2,0,0,0,5,17,0,2,1,0,0,77,2026
Arthur Jones,13046,WB,FR,22,7,2,3,10,0,2,0,4,1,1,1,1,2,1,0,4,6,0,2,2,0,0,82,2026
Matthew Kennedy,12455,WB,FR,22,4,1,5,9,0,1,0,2,0,4,0,2,1,0,0,5,4,0,1,1,0,0,67,2026
Buku Khamis,12900,WB,FR,22,7,4,7,14,0,0,0,1,1,1,1,3,1,2,0,5,9,0,0,9,0,0,90,2026
Tom Liberatore,11898,WB,FR,22,11,3,17,28,0,0,0,3,2,1,6,4,0,0,0,14,16,0,0,1,0,0,81,2026
Rory Lobb,12282,WB,FR,22,6,5,5,11,1,0,0,2,0,2,1,1,0,0,0,6,5,2,2,3,0,0,87,2026
James ODonnell,13061,WB,FR,22,9,6,2,11,0,0,0,0,5,0,1,1,0,0,0,3,9,0,0,14,0,0,96,2026
Ed Richards,12605,WB,FR,22,20,2,6,26,0,2,0,2,5,9,9,3,1,1,0,14,12,0,0,1,0,3,82,2026
Ryley Sanders,13103,WB,FR,22,6,3,18,24,1,0,0,5,1,0,3,4,1,2,0,10,14,1,1,0,1,0,81,2026
Michael Sellwood,13276,WB,FR,22,8,5,7,15,0,0,0,2,2,1,0,5,1,2,0,6,10,0,0,2,0,0,82,2026
Laitham Vandermeer,12776,WB,FR,22,5,2,7,12,0,2,0,0,0,2,0,4,2,1,0,4,8,0,0,1,0,0,60,2026
Rhylee West,12748,WB,FR,22,5,1,3,8,1,0,0,3,0,0,0,4,0,0,0,4,4,0,1,0,0,0,77,2026
Bailey Williams,12441,WB,FR,22,13,7,6,19,0,0,0,4,3,4,0,4,0,1,0,4,14,0,0,1,0,0,85,2026
Jye Amiss,12983,FR,WB,22,5,3,1,6,0,1,0,0,0,3,0,0,1,0,0,4,2,1,1,1,0,0,85,2026
Shai Bolton,12535,FR,WB,22,6,3,11,17,1,0,0,3,0,1,1,1,1,0,0,2,15,0,0,1,5,0,77,2026
Andrew Brayshaw,12589,FR,WB,22,11,6,12,23,0,1,0,4,1,3,2,3,1,2,0,9,15,0,0,1,0,0,78,2026
Heath Chapman,12875,FR,WB,22,8,7,5,13,0,0,0,2,0,0,0,2,1,0,0,4,9,2,0,3,1,0,88,2026
Jordan Clark,12688,FR,WB,22,15,6,8,23,0,0,0,1,4,3,1,4,1,2,0,3,17,0,0,0,5,1,85,2026
Mason Cox,12428,FR,WB,22,4,1,3,7,0,0,15,0,0,2,0,1,0,0,0,3,2,1,0,1,0,0,62,2026
Isaiah Dudley,13204,FR,WB,22,8,5,3,11,1,1,0,0,0,4,2,1,1,0,0,4,7,0,1,0,0,0,63,2026
Neil Erasmus,12966,FR,WB,22,15,7,2,17,0,0,0,1,2,3,1,2,1,0,0,2,15,0,0,1,3,1,69,2026
Michael Frederick,12801,FR,WB,22,12,5,6,18,0,2,0,6,1,2,0,5,3,0,0,9,9,1,0,2,0,0,75,2026
Luke Jackson,12779,FR,WB,22,6,4,10,16,2,0,26,4,0,2,5,6,2,2,0,9,8,2,2,2,0,1,84,2026
Matthew Johnson,13047,FR,WB,22,10,8,8,18,1,0,0,1,2,4,2,2,1,1,0,4,14,0,0,0,0,0,78,2026
Oscar McDonald,12394,FR,WB,22,19,12,3,22,0,0,0,1,6,2,0,0,0,0,0,5,19,1,0,10,0,1,91,2026
Judd McVee,13033,FR,WB,22,9,5,4,13,0,0,0,0,2,2,0,3,0,2,0,3,9,0,0,3,0,0,77,2026
Nathan ODriscoll,12960,FR,WB,22,10,10,6,16,0,2,0,1,1,2,0,1,0,0,0,2,14,0,2,0,1,1,75,2026
Alex Pearce,12352,FR,WB,22,2,2,5,7,0,0,0,2,0,1,1,2,0,0,0,5,2,0,0,0,0,0,76,2026
Murphy Reid,13180,FR,WB,22,17,2,5,22,0,0,0,1,1,6,3,2,1,0,0,9,12,0,0,0,1,1,79,2026
Luke Ryan,12542,FR,WB,22,17,7,3,20,0,0,0,2,6,1,0,2,0,1,0,3,11,0,0,4,0,0,76,2026
Caleb Serong,12786,FR,WB,22,10,6,7,17,2,0,0,5,0,3,7,2,1,0,0,8,9,0,1,1,0,0,76,2026
Sam Switkowski,12672,FR,WB,22,10,6,7,17,0,0,0,4,0,5,2,1,1,1,0,3,11,0,1,0,0,2,80,2026
Josh Treacy,12887,FR,WB,22,12,8,1,13,3,2,0,3,0,2,0,0,2,0,0,6,8,1,4,5,0,0,86,2026
Patrick Voss,13129,FR,WB,22,4,4,4,8,1,0,0,4,0,0,0,3,0,3,0,1,7,0,2,0,1,0,85,2026
Karl Worner,13075,FR,WB,22,21,13,7,28,0,1,0,3,6,2,0,4,0,1,0,5,23,1,0,2,1,0,82,2026
Hayden Young,12777,FR,WB,22,10,6,8,18,0,1,0,3,0,1,2,0,1,0,0,5,13,0,0,0,0,0,70,2026
Hugh Boxshall,13220,SK,SY,22,1,2,13,14,0,0,0,3,0,1,2,7,0,4,0,7,9,0,0,3,0,0,88,2026
Ryan Byrnes,12802,SK,SY,22,11,3,13,24,0,0,0,3,0,3,2,3,0,0,0,3,21,0,0,1,0,2,83,2026
Anthony Caminiti,13035,SK,SY,22,2,2,5,7,1,0,0,0,0,0,0,1,0,1,0,2,5,0,1,2,0,0,88,2026
Hunter Clark,12591,SK,SY,22,13,5,3,16,0,0,0,3,3,3,0,3,2,1,0,5,9,0,0,1,0,0,65,2026
Tom De Koning,12674,SK,SY,22,11,2,5,16,0,0,14,0,4,2,3,5,1,2,0,7,8,2,0,1,0,0,65,2026
Hugo Garcia,13125,SK,SY,22,4,1,11,15,1,0,0,6,0,0,2,0,1,0,0,10,6,0,1,0,0,1,82,2026
Max Hall,13193,SK,SY,22,12,2,11,23,3,2,0,6,0,5,3,1,1,0,0,11,13,0,1,1,5,2,85,2026
Jack Higgins,12609,SK,SY,22,3,3,4,7,2,1,0,0,0,0,0,1,0,1,0,1,6,0,3,1,0,0,74,2026
Bradley Hill,12060,SK,SY,22,18,5,10,28,0,1,0,5,5,1,0,5,1,2,0,3,22,0,1,0,1,1,89,2026
Campbell Lake,13331,SK,SY,22,5,2,6,11,2,0,0,2,0,2,0,3,0,3,0,4,9,0,0,0,1,1,63,2026
Rowan Marshall,12564,SK,SY,22,14,6,1,15,0,2,8,2,0,4,6,3,1,0,0,11,5,2,2,2,0,0,80,2026
Liam OConnell,13194,SK,SY,22,3,2,10,13,0,0,0,2,1,0,2,0,0,0,0,5,8,0,0,1,1,0,74,2026
Mitch Owens,12948,SK,SY,22,10,2,7,17,0,0,0,4,0,5,1,3,5,1,0,8,10,1,0,2,0,1,83,2026
Mattaes Phillipou,13036,SK,SY,22,9,2,11,20,0,0,0,0,2,3,3,5,0,1,0,6,12,0,0,0,0,2,73,2026
Liam Ryan,12600,SK,SY,22,3,2,2,5,1,0,0,1,0,2,1,1,1,1,0,2,4,0,0,1,0,0,79,2026
Jack Silvagni,12458,SK,SY,22,8,7,4,12,0,0,0,3,2,0,0,3,0,2,0,6,6,2,0,7,0,0,84,2026
Liam Stocker,12721,SK,SY,22,15,8,10,25,0,0,0,3,6,1,0,2,1,0,0,7,15,1,0,2,0,0,75,2026
Tobie Travaglia,13206,SK,SY,22,6,3,7,13,0,0,0,3,0,0,2,0,0,0,0,4,9,0,0,0,0,0,45,2026
Nasiah Wanganeen-Milera,12950,SK,SY,22,20,2,4,24,3,0,0,2,5,3,1,4,2,1,0,5,13,0,1,0,2,1,79,2026
Callum Wilkie,12703,SK,SY,22,14,13,12,26,0,0,0,1,9,1,0,3,0,3,0,11,16,3,0,7,0,0,100,2026
Darcy Wilson,13110,SK,SY,22,13,4,3,16,0,1,0,2,1,6,1,3,0,1,0,3,14,0,1,1,1,1,80,2026
Marcus Windhager,12967,SK,SY,22,11,6,6,17,0,0,0,1,3,3,2,8,0,3,0,3,15,0,0,0,0,0,87,2026
Mason Wood,12312,SK,SY,22,13,10,11,24,0,0,0,2,2,4,2,3,0,1,0,4,19,0,0,2,0,0,78,2026
Riley Bice,13195,SY,SK,22,10,3,9,19,0,0,0,4,2,1,0,1,1,0,0,4,14,0,0,5,2,0,85,2026
Nick Blakey,12699,SY,SK,22,18,12,10,28,0,0,0,2,6,4,1,6,1,1,0,6,17,1,0,5,0,1,88,2026
Braeden Campbell,12863,SY,SK,22,8,1,9,17,0,1,0,5,1,5,2,2,2,0,0,8,8,0,1,0,0,1,76,2026
Billy Cootee,13317,SY,SK,22,9,4,5,14,2,0,0,2,0,4,0,2,0,1,0,3,12,0,1,0,0,1,67,2026
Charlie Curnow,12421,SY,SK,22,9,2,2,11,3,0,0,1,0,0,0,3,2,0,0,7,4,2,1,2,0,0,92,2026
Will Edwards,13318,SY,SK,22,4,5,5,9,0,0,0,0,3,0,0,1,0,0,0,1,7,1,0,2,0,0,72,2026
Brodie Grundy,12217,SY,SK,22,7,0,13,20,0,0,30,6,1,4,6,7,2,2,0,15,6,0,0,1,0,1,85,2026
Errol Gulden,12862,SY,SK,22,20,3,14,34,1,0,0,2,3,6,7,5,2,3,0,12,23,0,0,0,4,1,81,2026
Isaac Heeney,12326,SY,SK,22,14,5,8,22,2,2,0,3,1,5,7,2,5,0,0,12,6,1,3,0,0,2,90,2026
James Jordon,12860,SY,SK,22,8,4,11,19,0,0,0,2,1,2,0,2,0,1,0,7,12,0,0,0,0,0,95,2026
Harry Kyle,13327,SY,SK,22,5,3,3,8,0,0,0,2,0,1,1,3,0,1,0,4,5,0,1,2,0,0,84,2026
Jake Lloyd,12268,SY,SK,22,10,7,7,17,0,2,0,1,1,3,1,1,0,0,0,6,11,0,1,1,0,1,70,2026
Tom McCartin,12627,SY,SK,22,11,8,9,20,0,0,0,1,7,1,0,2,1,2,0,5,14,1,0,4,0,0,100,2026
Logan McDonald,12861,SY,SK,22,7,3,6,13,4,0,0,2,0,2,1,1,1,0,0,4,9,0,3,0,0,2,85,2026
Hayden McLean,12745,SY,SK,22,3,0,3,6,0,0,5,2,0,0,0,2,1,1,0,4,1,0,0,8,0,0,60,2026
Callum Mills,12413,SY,SK,22,8,2,6,14,0,0,0,5,4,1,2,1,3,0,0,5,7,0,0,2,2,0,86,2026
Tom Papley,12412,SY,SK,22,6,2,4,10,1,2,0,0,0,3,0,3,1,1,0,5,5,0,1,3,0,0,77,2026
Dane Rampe,12140,SY,SK,22,7,3,7,14,0,0,0,3,3,0,1,3,0,0,0,5,8,1,0,8,0,0,85,2026
Matt Roberts,12994,SY,SK,22,10,5,11,21,0,1,0,1,1,6,4,3,2,1,0,8,13,0,0,2,0,0,95,2026
Malcolm Rosas,12903,SY,SK,22,6,3,4,10,0,0,0,1,1,0,0,3,0,0,0,2,10,0,1,5,0,0,58,2026
James Rowbottom,12714,SY,SK,22,0,0,1,1,0,0,0,0,0,0,0,0,1,0,0,1,0,0,0,1,0,0,5,2026
Jai Serong,13022,SY,SK,22,6,3,7,13,1,0,0,0,0,1,1,1,1,1,0,8,8,1,0,3,0,0,78,2026
Chad Warner,12797,SY,SK,22,18,3,7,25,2,1,0,3,1,11,6,3,2,1,0,10,13,1,1,0,1,1,88,2026
Tom Barrass,12383,HW,NM,22,6,7,4,10,0,0,0,0,0,1,0,3,0,3,0,4,6,3,0,4,0,0,89,2026
Josh Battle,12558,HW,NM,22,15,6,4,19,1,0,0,0,5,2,0,2,0,2,0,2,15,0,0,2,1,0,100,2026
Mabior Chol,12485,HW,NM,22,12,7,8,20,2,2,0,3,0,8,1,6,2,1,0,9,10,2,2,4,0,1,82,2026
Massimo DAmbrosio,12998,HW,NM,22,10,4,8,18,0,0,0,1,1,2,0,1,0,0,0,4,15,0,0,2,0,1,86,2026
Will Day,12794,HW,NM,22,9,3,11,20,1,0,0,3,0,3,4,0,2,0,0,5,14,0,0,2,1,0,71,2026
Jack Ginnivan,12927,HW,NM,22,11,7,8,19,0,2,0,2,1,3,0,4,0,2,0,1,18,0,1,1,0,1,80,2026
Ollie Greeves,13350,HW,NM,22,2,2,1,3,0,0,0,1,0,0,0,0,0,0,0,0,3,0,0,0,0,0,22,2026
Jack Gunston,11845,HW,NM,22,9,7,0,9,2,5,0,0,0,2,0,2,1,2,0,3,6,1,5,1,0,0,95,2026
Blake Hardwick,12469,HW,NM,22,14,7,9,23,0,0,0,3,4,2,0,2,0,1,0,4,15,1,0,1,0,0,91,2026
Jarman Impey,12237,HW,NM,22,21,9,9,30,1,0,0,0,4,3,1,1,1,0,0,10,17,0,0,1,2,0,79,2026
Bailey Macdonald,13069,HW,NM,22,4,2,11,15,0,1,0,4,1,2,0,1,1,0,0,5,10,0,0,1,1,0,73,2026
Connor Macdonald,12954,HW,NM,22,7,2,12,19,0,1,0,6,1,2,1,0,0,0,0,7,10,0,0,0,0,0,79,2026
Cam Mackenzie,13031,HW,NM,22,13,3,10,23,0,1,0,7,1,3,4,2,2,0,0,8,15,0,1,0,1,0,74,2026
Finn Maginness,12843,HW,NM,22,4,1,5,9,0,0,0,1,2,1,0,2,0,1,0,3,7,0,0,0,0,0,68,2026
Lloyd Meek,12856,HW,NM,22,5,3,6,11,0,1,32,4,0,1,3,0,2,0,0,6,6,0,1,3,0,1,82,2026
Dylan Moore,12710,HW,NM,22,6,4,5,11,0,0,0,0,0,4,0,0,0,0,0,1,10,0,0,0,0,2,84,2026
Harry Morrison,12579,HW,NM,22,4,3,4,8,1,0,0,0,0,1,1,0,0,0,0,2,6,0,0,1,0,0,80,2026
Jai Newcombe,12915,HW,NM,22,20,6,14,34,0,0,0,3,2,9,12,3,3,0,0,21,15,0,0,1,0,1,83,2026
Aidan Schubert,13358,HW,NM,22,6,5,3,9,0,2,4,1,0,3,0,3,0,0,0,0,9,0,3,0,0,1,62,2026
James Sicily,12332,HW,NM,22,12,8,6,18,0,0,0,1,3,1,0,3,1,1,0,3,14,0,0,4,0,0,90,2026
Josh Ward,12955,HW,NM,22,13,3,9,22,1,0,0,3,1,6,5,4,0,2,0,5,15,0,0,0,0,0,71,2026
Nick Watson,13105,HW,NM,22,6,3,4,10,5,0,0,6,0,0,1,0,1,0,0,5,6,0,3,1,3,0,82,2026
Josh Weddle,13057,HW,NM,22,8,4,3,11,0,0,0,1,1,2,0,1,0,0,0,2,8,1,0,2,2,2,79,2026
Zac Banch,13256,NM,HW,22,4,2,4,8,1,0,0,2,0,2,0,2,0,1,0,1,7,0,0,0,2,0,68,2026
Tom Blamires,13287,NM,HW,22,9,1,6,15,0,0,0,1,1,3,3,4,0,0,0,6,8,0,0,1,0,0,66,2026
Charlie Comben,12938,NM,HW,22,5,3,5,10,0,0,0,6,3,0,0,3,2,2,0,4,6,1,0,7,0,0,91,2026
Aidan Corr,12181,NM,HW,22,8,5,2,10,0,0,0,0,6,0,0,1,1,1,0,2,7,0,0,5,0,0,95,2026
Paul Curtis,12975,NM,HW,22,7,2,8,15,2,1,0,2,0,2,2,0,2,0,0,5,8,0,0,1,0,0,80,2026
Caleb Daniel,12373,NM,HW,22,16,3,11,27,0,0,0,1,3,1,1,3,0,0,0,6,15,0,0,0,1,0,78,2026
Jack Darling,11905,NM,HW,22,4,4,10,14,0,1,0,5,0,1,0,0,0,0,0,6,8,0,2,1,0,1,86,2026
Luke Davies-Uniacke,12590,NM,HW,22,14,2,13,27,0,0,0,7,3,6,7,4,1,2,0,13,14,0,0,1,0,0,85,2026
Wil Dawson,13144,NM,HW,22,2,4,6,8,0,1,7,3,2,0,1,1,0,0,0,3,5,1,1,1,0,0,47,2026
Josh Goater,13025,NM,HW,22,11,3,10,21,0,0,0,0,4,0,0,1,0,0,0,3,17,0,0,1,0,0,69,2026
Nick Larkey,12563,NM,HW,22,9,8,4,13,2,0,0,0,0,3,0,2,3,0,0,3,10,0,4,1,0,1,90,2026
Griffin Logue,12511,NM,HW,22,8,7,6,14,0,0,0,1,3,0,0,3,0,0,0,3,10,0,0,8,0,0,85,2026
Colby McKercher,13107,NM,HW,22,17,5,4,21,1,1,0,2,8,2,0,7,0,3,0,1,16,0,1,0,0,0,89,2026
Finn OSullivan,13187,NM,HW,22,8,3,7,15,0,1,0,2,0,1,2,1,1,1,0,8,9,0,0,1,0,0,77,2026
Luke Parker,11953,NM,HW,22,13,6,14,27,0,0,0,5,2,1,4,6,0,1,0,9,18,0,0,0,0,0,78,2026
Bailey Scott,12701,NM,HW,22,7,5,4,11,0,1,0,2,2,2,0,1,0,0,0,0,11,0,1,2,0,0,69,2026
Harry Sheezel,13034,NM,HW,22,13,8,12,25,2,0,0,6,4,4,2,0,1,0,0,3,21,0,2,1,0,1,89,2026
Jy Simpkin,12502,NM,HW,22,11,5,12,23,0,0,0,4,0,2,4,1,0,1,0,9,14,3,0,0,1,0,78,2026
Charlie Spargo,12622,NM,HW,22,5,5,7,12,0,0,0,0,1,3,0,1,0,0,0,1,11,0,0,0,0,3,58,2026
Dylan Stephens,12796,NM,HW,22,11,3,4,15,1,0,0,0,1,1,1,2,1,1,0,5,11,0,0,1,0,0,68,2026
Cooper Trembath,13263,NM,HW,22,7,6,6,13,3,0,3,0,0,2,0,0,1,0,0,2,11,0,3,1,0,2,87,2026
Tristan Xerri,12788,NM,HW,22,6,2,10,16,0,0,24,8,1,3,7,2,1,2,0,13,3,2,0,0,0,1,76,2026
Cameron Zurhaar,12557,NM,HW,22,5,6,12,17,0,0,0,2,2,1,1,2,1,1,0,4,13,0,0,2,0,1,90,2026
Aliir Aliir,12433,PA,GW,22,18,7,3,21,0,0,0,2,5,0,0,3,0,1,0,7,13,1,0,7,0,1,100,2026
Xavier Bamert,13337,PA,GW,22,13,4,0,13,1,1,0,2,3,1,0,2,3,0,0,5,7,0,0,0,0,0,85,2026
Miles Bergman,12867,PA,GW,22,14,8,8,22,1,0,0,6,1,7,2,3,1,1,0,6,16,1,1,2,0,0,81,2026
Joe Berry,13188,PA,GW,22,12,3,12,24,0,0,0,1,3,5,0,1,1,0,0,10,14,0,0,1,0,0,81,2026
Jase Burgoyne,13007,PA,GW,22,13,4,4,17,0,0,0,11,2,4,7,5,4,1,0,11,5,0,0,1,0,0,79,2026
Darcy Byrne-Jones,12422,PA,GW,22,19,7,6,25,0,0,0,3,5,3,2,1,0,0,0,6,14,0,0,0,2,1,81,2026
Willem Drew,12695,PA,GW,22,10,3,7,17,0,0,0,5,1,3,2,2,1,1,0,11,8,0,0,5,0,0,81,2026
Corey Durdin,12936,PA,GW,22,10,3,3,13,0,2,0,1,0,2,2,3,0,0,0,8,3,0,0,1,0,1,86,2026
Mitch Georgiades,12766,PA,GW,22,10,6,4,14,3,2,0,3,1,0,2,1,0,0,0,6,7,1,4,0,0,0,93,2026
Jason Horne-Francis,12956,PA,GW,22,19,7,10,29,1,1,0,4,1,3,7,7,2,0,0,12,15,0,2,1,1,0,87,2026
Lachie Jones,12882,PA,GW,22,10,3,10,20,0,0,0,3,6,0,0,1,2,0,0,5,10,0,0,8,0,0,90,2026
Josh Lai,13301,PA,GW,22,9,5,5,14,0,0,0,3,5,3,0,2,1,0,0,7,6,0,0,6,0,0,88,2026
Will Lorenz,13162,PA,GW,22,15,3,8,23,0,0,0,2,3,4,1,3,2,1,0,11,10,0,0,0,0,0,75,2026
Todd Marshall,12575,PA,GW,22,5,2,1,6,2,0,0,3,1,0,0,5,1,1,0,3,1,1,1,0,0,0,78,2026
Christian Moraes,13199,PA,GW,22,4,1,1,5,0,0,0,1,0,3,0,5,0,3,0,2,4,0,0,0,0,0,67,2026
Balyn OBrien,13354,PA,GW,22,5,3,1,6,0,0,0,5,1,0,1,1,1,0,0,3,3,0,0,5,0,0,80,2026
Harrison Ramm,13270,PA,GW,22,4,2,1,5,0,0,0,1,1,0,0,2,0,1,0,3,1,1,0,5,0,0,85,2026
Jordon Sweet,12890,PA,GW,22,5,1,4,9,0,2,35,3,0,2,5,3,2,1,0,7,3,0,0,2,0,0,63,2026
Dante Visentini,13073,PA,GW,22,4,4,3,7,0,0,14,2,0,2,1,1,0,1,0,2,7,0,0,4,0,1,37,2026
Jack Watkins,13289,PA,GW,22,7,3,5,12,0,0,0,1,0,1,2,1,0,0,0,4,8,0,0,1,0,1,51,2026
Jack Whitlock,13259,PA,GW,22,3,1,1,4,0,0,0,2,0,2,0,1,1,1,0,3,1,1,0,2,0,0,80,2026
Ollie Wines,12150,PA,GW,22,8,6,17,25,0,1,0,3,1,4,2,1,0,1,0,7,19,0,1,2,0,1,72,2026
Mitch Zadow,13305,PA,GW,22,7,3,1,8,1,0,0,1,1,2,1,2,1,1,0,3,6,0,1,1,0,0,78,2026
Ryan Angwin,13001,GW,PA,22,8,1,8,16,1,0,0,4,3,5,2,2,1,0,0,6,10,0,0,1,1,0,87,2026
Lachie Ash,12782,GW,PA,22,17,5,8,25,0,0,0,1,9,5,0,3,0,0,0,1,21,0,0,3,5,0,77,2026
Toby Bedford,12772,GW,PA,22,8,5,12,20,0,0,0,8,1,4,2,3,0,2,0,5,14,0,0,2,1,0,84,2026
Kieren Briggs,12904,GW,PA,22,8,1,4,12,0,1,12,0,2,2,3,2,1,0,0,9,2,0,0,0,0,0,57,2026
Callum Brown,12910,GW,PA,22,4,2,4,8,1,1,0,0,0,0,0,3,0,1,0,4,4,1,2,1,0,1,81,2026
Aaron Cadman,13054,GW,PA,22,8,4,6,14,1,2,0,0,0,3,0,1,0,1,0,4,11,2,1,1,0,1,91,2026
Stephen Coniglio,12028,GW,PA,22,10,6,10,20,3,1,0,3,1,2,1,1,0,0,0,4,14,1,2,1,0,0,84,2026
Josaia Delana,13222,GW,PA,22,5,2,6,11,0,1,0,8,0,2,4,2,1,2,0,6,5,0,0,1,0,1,82,2026
Joe Fonti,13164,GW,PA,22,9,5,3,12,0,0,0,2,1,2,0,4,1,2,0,1,10,0,0,3,0,0,73,2026
Max Gruzewski,13158,GW,PA,22,6,4,4,10,0,1,0,2,0,1,0,2,1,0,0,4,6,0,1,1,0,2,89,2026
Riley Hamilton,13347,GW,PA,22,5,0,3,8,0,1,0,6,0,3,1,3,0,2,0,2,6,0,0,0,0,0,73,2026
Harry Himmelberg,12462,GW,PA,22,9,5,6,15,0,0,0,1,5,0,0,4,0,1,0,5,10,1,0,2,1,0,89,2026
Connor Idun,12750,GW,PA,22,11,4,7,18,0,0,0,2,4,1,1,1,0,0,0,4,11,0,0,7,0,0,100,2026
Jayden Laverde,12377,GW,PA,22,7,4,4,11,0,0,0,4,2,1,0,3,0,0,0,4,7,2,0,11,0,0,91,2026
Nick Madden,13236,GW,PA,22,5,2,10,15,0,0,18,1,1,2,6,1,0,1,0,11,5,2,0,1,0,0,62,2026
Xavier OHalloran,12821,GW,PA,22,12,4,10,22,0,0,0,2,3,5,2,4,1,1,0,8,12,1,0,0,0,0,74,2026
Clayton Oliver,12410,GW,PA,22,9,2,14,23,0,0,0,4,1,1,5,5,2,4,0,12,11,0,0,0,0,0,78,2026
Jack Ough,13348,GW,PA,22,3,2,2,5,0,0,0,0,1,1,0,1,0,1,0,1,4,0,0,0,1,0,22,2026
Harry Rowston,13045,GW,PA,22,11,2,6,17,0,0,0,5,2,4,4,3,0,2,0,7,9,0,0,0,0,3,66,2026
Jake Stringer,12167,GW,PA,22,11,3,4,15,3,3,0,4,0,3,1,2,1,0,0,11,6,0,2,2,0,0,80,2026
Sam Taylor,12644,GW,PA,22,6,4,4,10,0,0,0,4,0,3,0,1,1,0,0,6,3,2,0,10,1,0,87,2026
Harvey Thomas,13101,GW,PA,22,10,2,13,23,0,1,0,4,2,2,2,6,2,2,0,10,12,0,0,2,0,0,88,2026
Lachie Whitfield,12143,GW,PA,22,20,5,9,29,1,0,0,7,4,1,1,4,3,1,0,11,13,0,0,2,0,0,82,2026
Oscar Allen,12655,BL,CA,22,5,3,5,10,1,1,0,0,0,1,0,0,1,0,0,6,5,0,1,1,0,1,82,2026
Harris Andrews,12340,BL,CA,22,6,7,8,14,0,0,0,3,2,0,0,4,0,3,0,7,7,3,0,2,0,0,96,2026
Noah Answerth,12718,BL,CA,22,10,7,3,13,0,0,0,1,6,0,0,2,0,0,0,1,13,0,0,1,0,0,80,2026
Levi Ashcroft,13197,BL,CA,22,3,3,8,11,0,1,0,0,1,0,0,1,0,0,0,2,9,0,0,0,0,0,77,2026
Will Ashcroft,13040,BL,CA,22,15,2,17,32,2,0,0,3,2,6,8,4,3,2,0,12,21,0,0,0,0,2,86,2026
Zac Bailey,12610,BL,CA,22,8,3,10,18,1,0,0,0,2,4,1,4,1,1,0,4,16,0,0,1,0,0,81,2026
Jarrod Berry,12519,BL,CA,22,8,4,10,18,0,0,0,1,4,1,1,0,1,0,0,6,12,0,0,1,0,0,81,2026
Charlie Cameron,12277,BL,CA,22,9,5,0,9,2,3,0,0,0,2,0,0,1,0,0,1,8,0,4,0,0,0,83,2026
Keidean Coleman,12838,BL,CA,22,4,1,1,5,0,0,0,1,1,1,0,0,1,0,0,2,4,0,0,0,0,0,27,2026
Sam Draper,12810,BL,CA,22,8,1,2,10,1,0,30,0,1,0,5,4,0,1,0,9,1,1,1,4,0,1,70,2026
Josh Dunkley,12408,BL,CA,22,10,7,15,25,0,0,0,9,1,4,2,5,2,2,0,5,21,0,0,1,0,1,86,2026
Jaspa Fletcher,13072,BL,CA,22,18,9,4,22,0,0,0,0,4,1,0,4,0,1,0,6,14,3,0,0,0,0,84,2026
Darcy Fort,12724,BL,CA,22,6,3,5,11,0,0,17,1,1,1,1,2,1,0,0,5,6,0,0,4,0,0,65,2026
Eric Hipwood,12454,BL,CA,22,11,6,2,13,0,0,0,0,4,1,0,6,0,2,0,3,9,0,0,6,0,0,85,2026
Ryan Lester,11894,BL,CA,22,8,2,3,11,0,0,0,1,1,1,1,2,2,1,0,5,6,1,0,3,0,0,71,2026
Kai Lohmann,12968,BL,CA,22,7,2,4,11,2,1,0,3,0,3,1,1,1,0,0,7,4,1,1,0,3,0,85,2026
Hugh McCluggage,12518,BL,CA,22,11,3,7,18,1,0,0,3,2,6,1,2,1,1,0,2,15,0,0,0,0,0,74,2026
Conor McKenna,12391,BL,CA,22,10,1,1,11,0,0,0,1,3,2,1,3,0,2,0,2,7,0,0,1,1,0,84,2026
Logan Morris,13137,BL,CA,22,5,3,0,5,0,2,0,2,0,2,0,3,2,1,0,3,3,0,1,0,0,0,74,2026
Lachie Neale,12055,BL,CA,22,10,6,16,26,0,0,0,1,0,6,7,3,2,1,0,13,15,0,0,1,2,3,80,2026
Cam Rayner,12592,BL,CA,22,12,4,8,20,1,1,0,6,0,4,4,6,1,3,0,8,12,0,0,0,0,1,92,2026
Bruce Reville,13138,BL,CA,22,6,5,6,12,0,0,0,2,1,0,0,1,0,0,0,2,9,0,0,1,1,0,74,2026
Darcy Wilmot,13026,BL,CA,22,11,5,2,13,0,0,0,1,1,3,0,3,0,1,0,3,7,2,0,2,0,0,83,2026
Blake Acres,12276,CA,BL,22,10,5,7,17,1,0,0,1,3,2,1,5,0,1,0,2,14,0,1,0,0,1,82,2026
Ben Ainsworth,12498,CA,BL,22,8,7,9,17,1,1,0,1,1,3,0,2,0,2,0,1,17,0,1,1,0,1,76,2026
Talor Byrne,13297,CA,BL,22,7,3,5,12,2,1,0,1,0,2,0,2,0,1,0,3,9,0,2,0,0,3,70,2026
Adam Cerra,12603,CA,BL,22,12,8,9,21,0,0,0,3,5,3,1,1,1,0,0,5,15,0,0,1,0,2,79,2026
Matthew Cottrell,12822,CA,BL,22,7,5,5,12,1,1,0,4,1,3,0,1,1,1,0,2,11,1,2,2,0,2,77,2026
Lachlan Cowan,13028,CA,BL,22,10,5,4,14,0,0,0,1,3,1,1,3,1,1,0,8,7,1,0,2,0,0,80,2026
Patrick Cripps,12261,CA,BL,22,9,2,9,18,0,0,0,3,0,2,8,3,1,1,0,11,7,1,0,0,0,0,74,2026
Harry Dean,13273,CA,BL,22,6,4,9,15,1,0,0,2,1,0,0,2,1,2,0,2,13,0,0,5,0,0,89,2026
Wade Derksen,13303,CA,BL,22,14,11,4,18,0,0,0,0,3,1,0,0,0,0,0,6,11,2,0,0,0,0,85,2026
Francis Evans,12873,CA,BL,22,4,1,3,7,1,1,0,3,0,1,0,1,1,0,0,3,4,0,0,1,0,1,77,2026
Oliver Florent,12497,CA,BL,22,19,3,7,26,1,0,0,2,10,2,1,1,1,1,0,3,18,0,0,2,0,1,85,2026
Nick Haynes,12091,CA,BL,22,9,7,4,13,0,0,0,0,2,1,1,1,0,0,0,4,10,0,0,3,0,0,67,2026
Will Hayward,12509,CA,BL,22,13,8,10,23,1,0,0,2,1,2,1,1,1,0,0,9,14,1,1,1,0,2,78,2026
George Hewett,12411,CA,BL,22,18,11,15,33,1,0,0,3,0,8,8,1,3,1,0,13,21,0,1,0,0,1,76,2026
Brodie Kemp,12937,CA,BL,22,10,8,2,12,5,1,0,1,0,2,0,3,1,2,0,5,8,2,5,0,0,1,90,2026
Cooper Lord,13170,CA,BL,22,18,9,6,24,0,0,0,1,2,5,0,1,1,0,0,1,23,0,0,0,0,0,73,2026
Mitch McGovern,12404,CA,BL,22,4,2,6,10,1,0,0,0,0,2,1,3,1,0,0,6,4,1,1,3,0,1,77,2026
Harry McKay,12566,CA,BL,22,16,10,4,20,3,1,2,1,0,7,0,2,5,0,0,8,11,2,3,1,0,0,87,2026
Marc Pittonet,12417,CA,BL,22,8,3,4,12,1,0,21,2,0,3,6,2,0,0,0,8,2,2,2,1,0,0,68,2026
Jagga Smith,13274,CA,BL,22,8,2,21,29,2,0,0,3,0,5,6,2,1,1,0,10,20,0,0,0,0,1,78,2026
Sam Walsh,12684,CA,BL,22,14,3,13,27,1,1,0,1,0,4,4,4,0,2,0,7,19,0,0,0,0,0,78,2026
Billy Wilson,13244,CA,BL,22,15,5,3,18,0,0,0,0,6,3,1,3,0,1,0,2,11,0,0,1,1,1,78,2026
Lewis Young,12559,CA,BL,22,4,3,6,10,1,0,1,3,0,0,3,5,2,3,0,5,7,0,1,6,0,2,78,2026
Kye Annand,13338,RI,WC,22,7,5,7,14,0,0,0,0,5,1,0,2,0,1,0,4,12,0,0,6,0,0,82,2026
Sam Banks,13078,RI,WC,22,10,1,10,20,0,1,0,3,2,1,0,4,0,3,0,3,15,0,0,1,0,0,82,2026
Nathan Broad,12456,RI,WC,22,6,4,5,11,0,0,0,2,5,0,0,1,0,0,0,2,7,2,0,2,0,0,79,2026
Tom Brown,13096,RI,WC,22,13,3,4,17,0,0,0,2,4,3,3,4,2,1,0,7,6,1,0,1,0,0,74,2026
Seth Campbell,13100,RI,WC,22,9,1,4,13,0,0,0,6,1,0,0,5,0,1,0,1,11,0,0,0,1,0,80,2026
Sam Cumming,13316,RI,WC,22,3,1,2,5,0,0,0,5,1,1,1,5,1,4,0,2,4,0,0,0,0,0,58,2026
Sam Grlj,13290,RI,WC,22,3,1,6,9,0,0,0,3,0,2,1,1,0,1,0,6,4,0,0,0,0,2,75,2026
Taj Hotton,13253,RI,WC,22,2,1,5,7,0,0,0,6,0,1,1,0,1,0,0,4,4,0,0,2,0,0,75,2026
Sam Lalor,13190,RI,WC,22,11,4,2,13,3,1,0,4,1,2,0,1,3,1,0,6,7,1,0,1,0,0,69,2026
Mykelti Lefau,13113,RI,WC,22,4,5,2,6,0,3,0,3,0,0,0,3,0,2,0,3,3,2,3,1,0,0,92,2026
Tom Lynch,11948,RI,WC,22,12,5,8,20,2,4,0,1,0,2,0,4,3,1,0,9,11,1,3,2,0,0,91,2026
Ben Miller,12941,RI,WC,22,4,2,4,8,0,0,0,4,1,1,0,0,0,0,0,6,2,1,0,6,0,0,83,2026
Toby Nankervis,12374,RI,WC,22,4,1,15,19,1,0,31,4,0,2,5,8,2,1,0,15,5,0,0,6,0,0,74,2026
Dion Prestia,11917,RI,WC,22,7,2,9,16,0,0,0,3,0,3,2,4,2,2,0,5,10,0,0,0,0,1,70,2026
Hugo Ralphsmith,12902,RI,WC,22,11,8,7,18,2,1,0,1,0,6,0,0,1,0,0,8,10,0,2,1,0,3,92,2026
Patrick Retschko,13313,RI,WC,22,10,5,14,24,0,1,0,1,1,3,0,1,0,0,0,8,16,0,0,0,1,0,90,2026
Jack Ross,12712,RI,WC,22,12,3,15,27,1,0,0,3,3,5,2,1,0,0,0,11,17,1,0,2,0,0,80,2026
Samson Ryan,12918,RI,WC,22,2,0,2,4,0,0,16,3,1,1,0,0,0,0,0,0,4,0,0,2,0,0,47,2026
Jayden Short,12418,RI,WC,22,13,1,4,17,1,0,0,1,4,2,0,7,0,0,0,4,11,0,0,0,0,0,71,2026
Tyler Sonsie,13014,RI,WC,22,12,2,8,20,1,0,0,4,3,2,3,4,1,1,0,12,8,0,1,0,0,0,78,2026
Tim Taranto,12504,RI,WC,22,17,3,15,32,1,0,0,9,3,7,11,4,4,1,0,14,16,0,1,1,0,2,90,2026
Luke Trainor,13191,RI,WC,22,5,3,3,8,0,0,0,3,3,0,0,5,1,4,0,4,6,1,0,6,1,0,79,2026
Nick Vlastuin,12174,RI,WC,22,11,2,5,16,0,0,0,0,5,0,1,3,1,1,0,4,5,0,0,1,0,0,88,2026
Bo Allan,13221,WC,RI,22,7,1,2,9,0,0,0,1,1,0,3,3,0,1,0,4,6,0,0,1,0,1,74,2026
Rhett Bazzo,13000,WC,RI,22,0,2,7,7,0,0,0,0,0,0,0,5,0,4,0,3,5,0,0,6,0,0,87,2026
Sandy Brock,13209,WC,RI,22,4,0,4,8,0,0,0,1,2,1,1,1,0,1,0,1,5,0,0,5,0,0,89,2026
Tom Cole,12446,WC,RI,22,7,3,1,8,1,0,0,1,0,3,2,1,0,1,0,2,5,0,0,1,0,1,75,2026
Cooper Duff-Tytler,13291,WC,RI,22,4,2,5,9,0,1,3,2,0,3,1,3,2,1,0,6,3,1,1,5,0,0,64,2026
Liam Duggan,12334,WC,RI,22,7,3,5,12,1,0,0,4,0,2,1,1,1,0,0,6,8,0,0,1,1,0,77,2026
Willem Duursma,13292,WC,RI,22,6,2,5,11,1,0,0,2,0,1,1,5,0,3,0,5,4,1,1,0,1,1,80,2026
Jack Graham,12576,WC,RI,22,9,1,9,18,0,0,0,11,1,3,5,3,2,1,0,11,8,0,0,0,0,1,76,2026
Marcus Herbert,13339,WC,RI,22,17,3,17,34,0,1,0,3,3,4,0,5,0,1,0,8,21,1,0,1,4,0,79,2026
Brady Hough,12957,WC,RI,22,7,4,6,13,0,0,0,1,1,4,0,1,0,0,0,4,9,0,0,0,0,0,77,2026
Harvey Johnston,13136,WC,RI,22,5,1,1,6,1,1,0,3,0,1,0,0,0,0,0,2,3,0,0,0,0,0,73,2026
Tim Kelly,12595,WC,RI,22,12,6,13,25,0,0,0,6,2,3,4,2,1,0,0,7,18,0,0,0,1,0,75,2026
Ryan Maric,13070,WC,RI,22,10,1,5,15,0,0,0,1,2,4,2,1,2,0,0,7,8,0,0,0,0,0,77,2026
Tom McCarthy,13240,WC,RI,22,19,2,3,22,0,0,0,2,11,1,0,3,1,0,0,3,12,1,0,0,3,0,79,2026
Milan Murdock,13294,WC,RI,22,8,0,4,12,0,1,0,6,0,3,1,1,2,0,0,11,1,0,0,0,1,0,69,2026
Harley Reid,13111,WC,RI,22,17,2,17,34,0,3,0,5,5,4,9,6,6,2,0,20,16,0,0,0,0,1,82,2026
Jobe Shanahan,13247,WC,RI,22,7,7,3,10,1,2,0,4,0,0,1,2,1,1,0,5,5,2,3,2,0,0,93,2026
Brandon Starcevich,12668,WC,RI,22,9,2,1,10,0,0,0,5,2,2,0,4,3,1,0,4,5,2,0,0,0,0,79,2026
Jake Waterman,12601,WC,RI,22,13,8,3,16,2,6,0,0,0,4,0,4,0,1,0,4,11,1,5,1,0,1,95,2026
Bailey Williams,12836,WC,RI,22,7,1,6,13,0,0,34,4,2,2,2,3,1,2,0,5,4,0,0,4,0,0,84,2026
Jack Williams,12962,WC,RI,22,4,3,2,6,2,0,0,0,0,2,0,0,1,0,0,2,4,1,1,0,0,0,65,2026
Elliot Yeo,12087,WC,RI,22,10,4,12,22,0,1,0,10,0,4,5,1,1,0,0,11,10,0,3,0,1,0,70,2026
Tylar Young,13043,WC,RI,22,5,1,2,7,0,0,0,1,1,1,0,2,1,2,0,2,4,0,0,4,0,0,82,2026
Jake Bowey,12931,ME,GC,22,18,6,11,29,0,0,0,4,8,2,0,0,1,0,0,7,18,0,0,2,1,1,87,2026
Paddy Cross,13300,ME,GC,22,2,1,3,5,0,0,0,2,1,2,0,0,0,0,0,1,3,0,0,0,0,1,49,2026
Joel Fitzgerald,13335,ME,GC,22,13,3,10,23,2,1,0,6,0,4,7,2,1,0,0,14,11,0,1,0,0,2,69,2026
Bayley Fritsch,12598,ME,GC,22,10,3,0,10,2,1,0,5,0,4,0,1,0,0,0,0,10,0,1,0,0,2,85,2026
Max Gawn,11966,ME,GC,22,13,10,12,25,0,1,33,3,1,4,9,6,2,3,0,14,13,2,1,4,0,1,88,2026
Blake Howes,13098,ME,GC,22,6,4,3,9,0,0,0,0,1,3,0,1,0,1,0,2,7,0,0,3,0,0,62,2026
Matthew Jefferson,13182,ME,GC,22,4,4,2,6,0,0,0,1,0,3,0,3,1,1,0,4,4,2,0,2,0,0,57,2026
Changkuoth Jiath,12752,ME,GC,22,7,6,2,9,0,0,0,2,3,0,0,3,0,2,0,2,6,2,0,3,0,0,83,2026
Ed Langdon,12393,ME,GC,22,6,4,14,20,0,1,0,4,2,2,1,2,1,1,0,8,11,1,0,1,2,1,100,2026
Harvey Langford,13184,ME,GC,22,7,5,8,15,1,0,0,3,0,0,1,3,0,0,0,6,7,0,1,0,0,0,79,2026
Bailey Laurie,13032,ME,GC,22,5,3,7,12,1,0,0,0,1,3,0,2,1,1,0,5,9,0,1,1,0,2,62,2026
Jake Lever,12351,ME,GC,22,9,6,3,12,0,0,0,2,5,0,0,3,0,2,0,3,9,0,0,6,0,0,97,2026
Tom McDonald,12009,ME,GC,22,7,6,6,13,0,0,0,2,2,0,0,0,1,0,0,5,8,0,0,7,0,0,96,2026
Harry Petty,12653,ME,GC,22,6,6,3,9,3,0,1,5,0,1,1,3,0,2,0,5,5,3,3,6,0,1,83,2026
Kysaiah Pickett,12771,ME,GC,22,15,2,5,20,1,0,0,5,1,4,2,3,3,2,0,6,15,0,1,0,2,1,81,2026
Trent Rivers,12778,ME,GC,22,22,9,7,29,0,1,0,1,5,2,1,3,0,0,0,6,20,1,0,0,0,1,73,2026
Christian Salem,12272,ME,GC,22,5,3,5,10,0,0,0,2,1,1,0,3,0,0,0,2,8,0,0,1,0,0,63,2026
Harry Sharp,12864,ME,GC,22,7,4,6,13,2,0,0,2,0,2,1,1,0,0,0,5,8,0,1,0,0,0,85,2026
Tom Sparrow,12693,ME,GC,22,16,4,9,25,1,0,0,12,1,8,3,5,0,2,0,7,15,0,1,0,0,0,81,2026
Jack Steele,12368,ME,GC,22,5,1,11,16,0,0,0,2,2,2,3,4,1,3,0,5,12,0,1,1,0,2,69,2026
Koltyn Tholstrup,13123,ME,GC,22,11,6,9,20,0,0,0,2,4,2,1,2,0,0,0,5,15,0,0,1,0,0,90,2026
Jacob van Rooyen,13048,ME,GC,22,9,7,7,16,3,0,5,1,0,2,2,2,2,2,0,12,4,4,3,1,0,1,86,2026
Caleb Windsor,13099,ME,GC,22,6,2,12,18,2,0,0,1,2,4,1,4,1,1,0,9,9,0,1,1,0,2,75,2026
Beau Addinsall,13341,GC,ME,22,8,4,7,15,1,0,0,3,1,2,3,5,1,2,0,7,7,0,0,2,2,0,69,2026
Noah Anderson,12767,GC,ME,22,14,4,7,21,0,0,0,5,3,5,3,0,0,0,0,7,14,0,0,0,1,0,87,2026
Mac Andrew,13019,GC,ME,22,12,5,7,19,0,0,0,1,6,2,1,2,2,0,0,7,11,1,0,10,0,0,97,2026
Charlie Ballard,12625,GC,ME,22,1,2,6,7,0,0,0,1,0,0,0,1,0,1,0,5,2,1,0,4,0,0,65,2026
Sam Collins,12444,GC,ME,22,3,4,3,6,0,0,0,0,0,0,0,1,0,0,0,2,4,1,0,4,0,0,41,2026
Bailey Humphrey,13049,GC,ME,22,8,5,4,12,2,0,0,4,0,3,2,4,1,2,0,9,6,2,3,2,0,1,85,2026
Joel Jeffrey,12933,GC,ME,22,8,2,1,9,0,0,0,1,1,1,0,2,0,1,0,1,6,0,0,1,0,0,81,2026
Ben King,12728,GC,ME,22,7,6,0,7,2,2,0,1,0,1,0,2,1,1,0,1,6,0,4,1,0,0,74,2026
Leo Lombard,13232,GC,ME,22,12,4,3,15,1,1,0,0,0,5,0,3,0,1,0,5,10,1,1,1,3,2,81,2026
Ben Long,12521,GC,ME,22,5,2,1,6,3,0,0,3,0,2,2,1,3,0,0,4,2,1,1,0,0,1,67,2026
Touk Miller,12331,GC,ME,22,8,2,13,21,1,0,0,2,0,4,5,4,1,2,0,11,13,0,0,1,0,1,85,2026
Ned Moyle,13050,GC,ME,22,4,0,5,9,0,0,36,0,3,2,4,4,3,2,0,4,5,0,0,2,0,0,89,2026
Jai Murray,13332,GC,ME,22,6,1,4,10,0,1,0,1,0,2,1,1,0,0,0,4,5,0,0,0,0,1,69,2026
John Noble,12743,GC,ME,22,25,10,9,34,0,0,0,7,10,5,4,6,1,0,0,7,22,0,0,1,2,0,84,2026
Dylan Patterson,13346,GC,ME,22,4,1,2,6,0,0,0,2,0,2,0,0,0,0,0,0,6,0,0,1,0,0,61,2026
Christian Petracca,12430,GC,ME,22,5,3,11,16,0,0,0,1,0,3,2,2,0,0,0,9,7,1,0,1,0,0,86,2026
Wil Powell,12652,GC,ME,22,4,3,9,13,0,0,0,7,2,0,1,2,1,0,0,4,9,0,0,3,0,0,87,2026
Ethan Read,13121,GC,ME,22,7,1,3,10,2,0,6,1,3,1,2,3,2,1,0,4,5,1,0,1,0,0,84,2026
Daniel Rioli,12403,GC,ME,22,8,2,8,16,0,0,0,2,1,4,0,0,0,0,0,6,9,0,0,0,3,2,87,2026
Jake Rogers,13126,GC,ME,22,1,1,5,6,1,0,0,1,0,0,0,0,0,0,0,3,3,0,0,0,1,0,71,2026
Matt Rowell,12768,GC,ME,22,19,3,11,30,0,0,0,9,4,8,8,3,4,1,0,18,13,1,0,1,1,0,86,2026
Bodhi Uwland,13041,GC,ME,22,12,4,4,16,0,0,0,4,3,2,0,1,1,0,0,6,8,0,0,7,0,0,84,2026
Jed Walter,13114,GC,ME,22,9,7,3,12,3,2,0,1,0,4,0,1,2,1,0,6,6,2,4,4,0,1,80,2026
Callum Ah Chee,12414,AD,ES,22,9,5,6,15,2,0,0,2,2,3,0,2,1,1,0,4,11,0,1,0,2,4,64,2026
James Borlase,13086,AD,ES,22,5,4,5,10,0,0,0,1,2,0,0,2,0,1,0,3,7,0,0,4,0,0,51,2026
Brayden Cook,12932,AD,ES,22,7,2,4,11,0,0,0,1,5,1,2,2,0,0,0,5,5,0,0,2,0,0,85,2026
Isaac Cumming,12629,AD,ES,22,8,3,9,17,0,0,0,2,4,2,0,2,0,1,0,3,14,1,0,2,0,2,79,2026
Daniel Curtin,13132,AD,ES,22,10,5,8,18,0,1,0,4,3,6,5,0,0,0,0,8,11,1,0,2,1,2,68,2026
Jordan Dawson,12516,AD,ES,22,18,4,12,30,0,0,0,3,2,4,9,3,3,3,0,11,19,1,0,0,0,1,80,2026
Billy Dowling,13150,AD,ES,22,13,11,5,18,3,2,0,2,1,2,2,1,0,1,0,5,14,1,4,0,0,0,83,2026
Hugo Hall-Kahan,13328,AD,ES,22,14,5,4,18,1,0,0,2,1,7,2,4,0,1,0,4,14,0,1,1,1,0,85,2026
Mark Keane,12809,AD,ES,22,9,6,6,15,0,0,0,0,4,0,0,7,1,5,0,2,11,0,0,1,0,0,92,2026
Ben Keays,12434,AD,ES,22,5,2,5,10,3,0,0,1,0,1,0,1,0,1,0,1,10,0,1,3,0,0,88,2026
Archie Ludowyke,13356,AD,ES,22,6,5,3,9,1,0,0,1,0,1,0,2,1,0,0,3,6,0,2,2,0,2,66,2026
Lachlan McAndrew,13065,AD,ES,22,6,1,6,12,0,1,38,3,0,0,5,1,2,0,0,5,4,0,1,1,0,0,78,2026
Max Michalanney,13027,AD,ES,22,7,4,6,13,0,0,0,3,2,1,0,3,0,2,0,5,9,0,0,5,0,1,84,2026
Luke Nankervis,13081,AD,ES,22,9,3,6,15,0,0,0,3,3,0,0,2,0,1,0,3,12,0,0,0,0,0,82,2026
Alex Neal-Bullen,12367,AD,ES,22,9,3,10,19,0,0,0,1,1,4,0,0,2,0,0,9,8,0,0,0,0,1,82,2026
Josh Rachele,12953,AD,ES,22,7,4,4,11,2,0,0,2,0,3,2,3,1,0,0,4,7,0,2,0,0,2,82,2026
Izak Rankine,12798,AD,ES,22,18,7,5,23,3,0,0,5,3,9,4,3,1,1,0,9,17,0,1,4,0,1,83,2026
Oscar Ryan,13357,AD,ES,22,11,3,8,19,1,0,0,3,1,3,1,1,2,1,0,5,13,1,0,1,0,2,75,2026
Jake Soligo,12952,AD,ES,22,13,5,6,19,0,0,0,7,2,4,4,8,2,3,0,9,12,0,0,1,0,1,64,2026
Zac Taylor,13159,AD,ES,22,4,2,7,11,0,0,0,4,0,3,1,0,1,0,0,5,6,0,0,1,0,2,75,2026
Riley Thilthorpe,12892,AD,ES,22,13,10,2,15,5,2,9,4,1,2,1,2,0,1,0,9,6,6,7,3,0,0,81,2026
Taylor Walker,11713,AD,ES,22,7,5,0,7,2,1,0,1,0,2,0,4,1,1,0,6,2,4,3,2,0,0,84,2026
Josh Worrell,12912,AD,ES,22,7,5,7,14,0,0,0,2,0,0,1,0,1,0,0,6,7,2,0,3,0,0,89,2026
Jaxon Artemis,13352,ES,AD,22,9,7,11,20,0,1,0,3,4,1,0,2,1,0,0,6,15,0,1,4,0,0,74,2026
Nick Bryan,12899,ES,AD,22,3,0,5,8,0,0,21,2,0,2,5,1,0,1,0,7,1,0,0,2,0,0,78,2026
Nate Caddy,13148,ES,AD,22,6,2,2,8,1,3,0,0,0,2,0,2,2,0,0,4,4,1,1,4,0,0,93,2026
Angus Clarke,13229,ES,AD,22,2,1,1,3,1,0,0,2,0,1,0,0,1,0,0,2,1,0,0,0,0,0,32,2026
Archer Day-Wicks,13223,ES,AD,22,3,4,7,10,0,0,0,7,0,1,0,2,0,1,0,2,9,0,0,1,0,0,79,2026
Sam Durham,12925,ES,AD,22,11,4,13,24,0,0,0,6,1,5,4,4,1,2,0,11,14,1,1,0,0,0,83,2026
Hussien El Achkar,13281,ES,AD,22,6,1,7,13,2,0,0,1,0,4,4,1,1,1,0,7,6,0,0,1,0,2,77,2026
Jacob Farrow,13299,ES,AD,22,10,7,6,16,0,0,0,0,3,3,2,3,0,0,0,3,13,0,0,0,0,0,77,2026
Zak Johnson,13231,ES,AD,22,8,5,7,15,0,0,0,0,1,3,0,3,0,1,0,3,12,0,0,2,1,1,77,2026
Harry Jones,12853,ES,AD,22,5,1,3,8,1,0,0,5,1,0,0,2,1,1,0,3,6,0,0,7,0,0,84,2026
Isaac Kako,13177,ES,AD,22,6,6,1,7,0,1,0,1,0,3,0,0,0,0,0,1,6,0,0,0,0,0,84,2026
Max Kondogiannis,13282,ES,AD,22,5,2,4,9,0,0,0,1,0,2,0,1,0,1,0,0,8,0,0,1,0,0,75,2026
Kyle Langford,12349,ES,AD,22,10,6,9,19,0,0,0,1,4,0,0,2,0,1,0,8,11,1,0,2,0,0,76,2026
Andrew McGrath,12491,ES,AD,22,11,5,10,21,0,0,0,3,4,2,0,2,1,0,0,5,15,0,0,1,2,0,82,2026
Zach Merrett,12241,ES,AD,22,12,5,16,28,0,0,0,2,2,5,6,4,2,2,0,14,15,0,0,3,0,2,85,2026
Jaxon Prior,12874,ES,AD,22,8,0,3,11,0,0,0,2,3,1,0,1,2,0,0,3,8,0,0,2,1,0,81,2026
Mason Redman,12437,ES,AD,22,15,4,4,19,0,1,0,2,2,2,4,2,3,1,0,8,11,0,0,0,0,0,81,2026
Zach Reid,12889,ES,AD,22,9,6,2,11,0,0,0,0,2,0,0,0,0,0,0,0,10,0,0,6,0,0,83,2026
Archie Roberts,13168,ES,AD,22,11,5,15,26,0,0,0,1,4,0,0,2,0,2,0,5,18,0,0,2,1,0,88,2026
Will Setterfield,12567,ES,AD,22,14,3,14,28,0,0,0,8,3,3,1,5,2,3,0,7,20,0,0,1,0,0,81,2026
Dyson Sharp,13283,ES,AD,22,15,2,7,22,0,0,0,6,1,5,7,1,2,0,0,10,11,0,0,3,0,0,74,2026
Rhys Unwin,13264,ES,AD,22,3,2,4,7,0,0,0,2,0,2,0,1,1,1,0,2,5,0,0,0,0,1,62,2026
Peter Wright,12366,ES,AD,22,12,6,5,17,6,1,8,0,0,2,0,3,4,1,0,7,10,0,3,2,0,1,94,2026
Zac Banch,13256,NM,WB,23,11,8,5,16,2,1,0,0,0,3,0,2,0,2,0,1,14,0,4,1,2,0,76,2026
Tom Blamires,13287,NM,WB,23,7,1,8,15,0,2,0,3,4,1,1,3,0,1,0,5,10,0,1,1,0,0,84,2026
Charlie Comben,12938,NM,WB,23,7,3,4,11,0,0,0,4,3,0,0,0,0,0,0,4,7,0,0,7,0,0,90,2026
Aidan Corr,12181,NM,WB,23,4,4,3,7,0,0,0,0,0,0,0,1,0,0,0,3,5,1,0,5,0,0,37,2026
Paul Curtis,12975,NM,WB,23,12,4,7,19,4,0,0,4,0,5,1,4,1,0,0,8,8,2,2,2,0,0,79,2026
Caleb Daniel,12373,NM,WB,23,18,6,15,33,0,0,0,1,5,3,1,2,1,1,0,7,24,0,0,0,0,2,77,2026
Jack Darling,11905,NM,WB,23,11,9,5,16,2,1,0,1,0,1,0,3,1,0,0,9,7,2,4,0,0,0,80,2026
Luke Davies-Uniacke,12590,NM,WB,23,17,3,14,31,2,0,0,10,3,6,10,4,2,1,0,17,13,2,1,0,0,0,83,2026
Wil Dawson,13144,NM,WB,23,5,2,3,8,0,1,10,6,0,0,2,1,2,1,0,4,4,0,0,1,0,1,60,2026
Riley Hardeman,13130,NM,WB,23,7,4,3,10,0,0,0,2,1,4,0,1,0,1,0,2,8,0,0,1,0,0,81,2026
Nick Larkey,12563,NM,WB,23,5,4,5,10,0,0,0,3,0,1,0,1,1,1,0,2,8,0,1,1,0,0,85,2026
Griffin Logue,12511,NM,WB,23,8,7,9,17,0,0,0,1,3,0,0,2,1,1,0,7,11,0,0,4,0,0,88,2026
Colby McKercher,13107,NM,WB,23,21,3,9,30,0,0,0,0,1,2,1,4,0,1,0,3,23,0,0,0,0,1,80,2026
Finn OSullivan,13187,NM,WB,23,10,3,6,16,0,0,0,3,0,3,3,5,1,1,0,5,10,0,0,0,0,0,80,2026
Luke Parker,11953,NM,WB,23,17,8,9,26,1,0,0,2,8,1,1,2,0,1,0,1,23,0,1,3,0,0,81,2026
Harry Sheezel,13034,NM,WB,23,13,7,16,29,0,1,0,6,0,4,1,3,0,1,0,9,19,0,0,2,0,0,91,2026
Jy Simpkin,12502,NM,WB,23,8,4,9,17,1,1,0,1,0,4,3,4,0,2,0,7,10,0,1,0,2,0,83,2026
Charlie Spargo,12622,NM,WB,23,7,4,11,18,1,0,0,3,1,3,0,2,1,0,0,3,14,0,1,0,0,2,73,2026
Dylan Stephens,12796,NM,WB,23,18,6,10,28,0,0,0,4,8,2,4,2,3,1,0,7,19,0,0,3,0,1,89,2026
Cooper Trembath,13263,NM,WB,23,6,6,0,6,0,0,1,1,0,3,0,0,1,0,0,2,5,1,2,0,0,0,84,2026
George Wardlaw,13064,NM,WB,23,13,2,6,19,1,0,0,4,4,1,6,2,1,1,0,13,6,0,0,3,0,1,57,2026
Tristan Xerri,12788,NM,WB,23,5,1,12,17,1,0,32,4,2,0,7,4,1,2,0,14,3,0,1,3,0,1,78,2026
Cameron Zurhaar,12557,NM,WB,23,10,10,9,19,0,0,0,1,4,2,1,4,0,2,0,6,13,2,0,7,1,1,83,2026
Marcus Bontempelli,12269,WB,NM,23,12,4,13,25,1,2,0,4,1,5,2,2,1,0,0,10,16,0,0,1,3,0,86,2026
Lachlan Bramble,12916,WB,NM,23,14,2,7,21,0,0,0,2,1,7,3,0,1,0,0,6,12,0,0,1,2,2,86,2026
Nick Coffield,12608,WB,NM,23,11,2,3,14,0,0,0,1,5,0,0,3,0,2,0,1,11,0,0,5,2,0,88,2026
Jordan Croft,13265,WB,NM,23,4,3,10,14,0,1,6,2,1,2,0,1,3,0,0,7,7,0,1,0,0,1,74,2026
Sam Davidson,13178,WB,NM,23,8,2,8,16,1,1,0,5,2,3,3,2,1,0,0,9,8,0,0,2,0,0,70,2026
Josh Dolan,13179,WB,NM,23,8,2,6,14,0,0,0,1,0,4,0,3,2,0,0,6,9,0,0,0,0,0,74,2026
Tim English,12537,WB,NM,23,5,2,7,12,0,0,13,2,0,3,1,1,1,1,0,5,7,0,0,4,0,0,68,2026
Joel Freijah,13140,WB,NM,23,6,3,11,17,1,0,0,6,2,2,4,2,0,2,0,9,10,0,0,4,1,1,83,2026
Cooper Hynes,13213,WB,NM,23,12,0,3,15,1,0,0,1,1,5,1,1,0,1,0,4,9,0,0,0,0,1,78,2026
Lachie Jaques,13275,WB,NM,23,9,6,5,14,0,0,0,1,4,3,0,2,0,1,0,2,13,0,0,0,0,0,73,2026
Arthur Jones,13046,WB,NM,23,6,2,3,9,0,0,0,3,0,3,1,1,1,0,0,4,5,0,0,0,0,0,73,2026
Matthew Kennedy,12455,WB,NM,23,6,4,7,13,2,1,0,3,0,2,1,1,1,1,0,3,9,0,2,3,0,0,58,2026
Buku Khamis,12900,WB,NM,23,7,5,5,12,1,0,0,0,1,1,0,2,0,0,0,3,8,1,2,2,0,0,93,2026
Tom Liberatore,11898,WB,NM,23,7,1,8,15,1,1,0,1,0,3,1,1,0,1,0,4,11,0,0,0,0,0,64,2026
Rory Lobb,12282,WB,NM,23,3,2,4,7,0,0,6,5,0,1,0,2,0,2,0,4,4,1,0,1,0,0,96,2026
Aaron Naughton,12594,WB,NM,23,7,5,3,10,2,0,0,2,0,1,0,2,1,0,0,5,5,2,2,4,0,0,89,2026
James ODonnell,13061,WB,NM,23,8,4,7,15,0,0,0,2,4,0,0,3,2,1,0,5,10,0,0,13,0,0,94,2026
Ed Richards,12605,WB,NM,23,17,4,11,28,1,0,0,5,5,7,6,2,0,1,0,11,17,1,1,3,0,0,81,2026
Ryley Sanders,13103,WB,NM,23,6,2,11,17,0,0,0,5,1,1,3,0,2,0,0,7,10,0,0,0,0,0,76,2026
Michael Sellwood,13276,WB,NM,23,6,3,4,10,0,0,0,3,1,3,0,1,1,1,0,5,5,0,0,5,0,0,80,2026
Cody Weightman,12800,WB,NM,23,4,3,7,11,0,0,0,2,1,1,0,0,1,0,0,7,6,1,0,1,0,0,68,2026
Rhylee West,12748,WB,NM,23,9,4,11,20,0,0,0,5,1,2,4,3,2,2,0,8,13,0,1,1,1,0,69,2026
Bailey Williams,12441,WB,NM,23,10,2,12,22,0,0,0,0,2,0,3,1,1,1,0,7,11,0,0,1,2,0,79,2026
Karl Amon,12357,HW,BL,23,9,1,5,14,0,0,0,4,3,1,0,3,0,0,0,3,7,0,0,4,1,0,75,2026
Tom Barrass,12383,HW,BL,23,2,2,2,4,0,0,0,1,1,0,0,3,0,2,0,1,4,0,0,5,0,0,88,2026
Josh Battle,12558,HW,BL,23,11,6,9,20,0,0,0,0,6,1,0,4,0,1,0,3,14,0,0,6,2,0,97,2026
Sam Butler,12988,HW,BL,23,10,2,4,14,0,2,0,2,0,3,1,2,1,0,0,4,10,0,1,0,0,2,75,2026
Mabior Chol,12485,HW,BL,23,2,1,1,3,0,0,2,1,0,0,0,1,0,0,0,1,2,0,0,2,0,0,80,2026
Massimo DAmbrosio,12998,HW,BL,23,17,8,5,22,1,0,0,2,4,7,0,1,0,0,0,4,18,0,1,1,0,1,75,2026
Will Day,12794,HW,BL,23,8,2,8,16,0,0,0,1,3,1,4,3,0,1,0,5,10,0,0,1,0,0,72,2026
Jack Ginnivan,12927,HW,BL,23,10,4,10,20,0,0,0,1,4,6,2,4,0,1,0,6,15,0,0,2,0,0,76,2026
Jack Gunston,11845,HW,BL,23,5,3,1,6,3,0,0,3,0,0,0,1,1,0,0,1,5,0,3,0,0,0,94,2026
Blake Hardwick,12469,HW,BL,23,13,3,6,19,0,0,0,1,8,1,0,3,2,0,0,9,6,2,0,9,0,0,92,2026
Jarman Impey,12237,HW,BL,23,8,0,10,18,1,1,0,2,3,2,0,2,0,2,0,2,13,0,0,1,0,0,83,2026
Mitch Lewis,12636,HW,BL,23,10,7,3,13,0,0,0,3,1,4,1,1,2,0,0,4,9,1,0,0,0,0,73,2026
Connor Macdonald,12954,HW,BL,23,9,4,4,13,1,0,0,5,0,3,0,3,1,1,0,3,10,0,1,0,0,2,78,2026
Cam Mackenzie,13031,HW,BL,23,13,1,7,20,0,1,0,6,1,6,5,2,0,0,0,5,13,0,0,1,0,1,72,2026
Lloyd Meek,12856,HW,BL,23,5,1,7,12,0,0,21,2,1,3,4,0,0,0,0,6,6,0,0,2,0,0,59,2026
Dylan Moore,12710,HW,BL,23,9,7,13,22,1,1,0,0,0,3,1,2,0,0,0,5,18,1,3,1,0,0,84,2026
Harry Morrison,12579,HW,BL,23,5,5,11,16,0,1,0,5,2,1,0,1,0,1,0,6,11,0,2,1,0,0,79,2026
Jai Newcombe,12915,HW,BL,23,9,5,16,25,0,1,0,4,2,2,11,4,0,1,0,14,10,0,0,1,0,0,76,2026
Ned Reeves,12906,HW,BL,23,3,1,4,7,0,0,17,0,0,2,3,1,2,0,0,4,3,0,0,2,0,0,41,2026
James Sicily,12332,HW,BL,23,10,2,8,18,0,0,0,1,5,1,0,3,3,1,0,7,7,0,0,5,1,0,84,2026
Josh Ward,12955,HW,BL,23,12,7,16,28,0,0,0,2,3,2,8,3,1,1,0,13,15,1,0,2,0,0,77,2026
Nick Watson,13105,HW,BL,23,3,1,6,9,0,1,0,1,0,1,3,1,0,0,0,7,3,0,0,0,2,1,82,2026
Josh Weddle,13057,HW,BL,23,7,5,3,10,1,0,0,2,0,0,0,1,1,1,0,7,3,2,0,1,1,0,86,2026
Oscar Allen,12655,BL,HW,23,5,3,0,5,0,1,0,3,0,0,0,2,0,1,0,1,3,0,1,2,0,0,81,2026
Harris Andrews,12340,BL,HW,23,10,10,4,14,0,0,0,1,1,1,0,3,0,1,0,7,6,4,0,7,0,0,95,2026
Daniel Annable,13295,BL,HW,23,6,1,3,9,1,0,0,0,0,3,0,3,0,1,0,3,7,0,0,2,0,1,67,2026
Noah Answerth,12718,BL,HW,23,10,3,3,13,0,0,0,2,4,0,0,2,0,1,0,2,9,0,0,3,0,0,84,2026
Levi Ashcroft,13197,BL,HW,23,16,7,11,27,0,2,0,1,2,5,1,3,1,0,0,9,16,0,1,0,0,1,82,2026
Will Ashcroft,13040,BL,HW,23,19,6,20,39,0,1,0,2,4,4,7,1,1,1,0,15,22,0,0,1,1,1,83,2026
Zac Bailey,12610,BL,HW,23,16,5,5,21,0,2,0,3,1,7,2,5,0,0,0,10,7,1,1,0,0,1,76,2026
Jarrod Berry,12519,BL,HW,23,15,7,7,22,0,1,0,4,2,5,1,0,1,0,0,7,13,0,0,1,0,0,78,2026
Charlie Cameron,12277,BL,HW,23,11,5,4,15,3,2,0,1,0,4,0,3,0,1,0,2,10,2,3,1,0,0,81,2026
Sam Draper,12810,BL,HW,23,7,2,2,9,1,0,15,1,0,1,3,3,1,1,0,4,1,1,1,5,0,1,56,2026
Josh Dunkley,12408,BL,HW,23,12,5,12,24,0,0,0,3,2,4,2,4,2,1,0,9,16,0,0,3,0,0,77,2026
Jaspa Fletcher,13072,BL,HW,23,9,6,6,15,0,0,0,3,2,3,0,0,0,0,0,3,11,0,0,0,0,0,87,2026
Darcy Fort,12724,BL,HW,23,7,4,2,9,0,0,11,0,1,1,3,2,0,1,0,6,4,1,0,1,0,1,61,2026
Darcy Gardiner,12267,BL,HW,23,3,0,3,6,0,0,0,0,2,1,0,2,0,1,0,2,2,0,0,5,0,0,78,2026
Eric Hipwood,12454,BL,HW,23,4,4,5,9,2,1,0,2,0,1,0,2,0,0,0,2,7,1,2,2,0,0,55,2026
Ryan Lester,11894,BL,HW,23,6,3,4,10,1,0,0,1,5,0,1,0,0,0,0,4,5,0,0,3,0,0,89,2026
Kai Lohmann,12968,BL,HW,23,16,5,8,24,5,2,0,3,1,4,2,3,0,2,0,8,16,1,2,0,1,1,83,2026
Conor McKenna,12391,BL,HW,23,12,3,2,14,0,0,0,1,0,3,1,3,0,0,0,4,9,0,1,5,0,1,82,2026
Logan Morris,13137,BL,HW,23,12,5,3,15,4,1,0,4,0,2,1,1,3,0,0,9,6,2,3,1,0,0,77,2026
Lachie Neale,12055,BL,HW,23,17,7,18,35,0,0,0,9,0,8,6,1,3,0,0,17,17,0,0,1,1,3,78,2026
Cam Rayner,12592,BL,HW,23,10,5,5,15,1,1,0,2,0,5,1,1,1,1,0,5,8,2,1,2,1,1,83,2026
Darcy Wilmot,13026,BL,HW,23,14,5,5,19,0,0,0,4,5,2,1,1,0,1,0,1,12,0,0,4,0,1,78,2026
Dayne Zorko,12076,BL,HW,23,23,8,2,25,0,0,0,0,9,1,0,2,0,0,0,1,17,0,0,2,2,0,89,2026
Jake Bowey,12931,ME,FR,23,16,4,8,24,1,0,0,2,8,3,0,3,0,1,0,5,15,0,0,0,0,0,77,2026
Kade Chandler,12756,ME,FR,23,3,2,3,6,1,0,0,5,0,1,0,1,0,0,0,3,4,0,1,1,0,1,80,2026
Joel Fitzgerald,13335,ME,FR,23,8,1,5,13,0,0,0,7,1,4,3,3,1,1,0,7,7,0,0,0,0,0,60,2026
Bayley Fritsch,12598,ME,FR,23,10,4,2,12,2,5,0,4,0,1,1,1,5,0,0,8,5,0,3,1,0,0,87,2026
Max Gawn,11966,ME,FR,23,7,2,9,16,0,0,33,4,0,4,8,3,0,3,0,12,4,0,0,2,0,0,84,2026
Matthew Jefferson,13182,ME,FR,23,2,1,2,4,0,0,0,0,0,0,0,1,1,0,0,2,2,0,1,1,0,0,62,2026
Changkuoth Jiath,12752,ME,FR,23,11,7,5,16,0,0,0,1,5,3,0,0,1,0,0,5,11,1,0,2,0,0,71,2026
Ed Langdon,12393,ME,FR,23,3,3,6,9,0,0,0,2,1,2,1,1,0,0,0,3,6,0,0,0,0,0,94,2026
Harvey Langford,13184,ME,FR,23,9,5,7,16,0,0,0,7,1,0,2,0,2,0,0,10,6,2,1,1,0,0,71,2026
Bailey Laurie,13032,ME,FR,23,8,2,5,13,3,1,0,2,0,1,0,4,1,0,0,7,6,0,2,1,0,0,65,2026
Jake Lever,12351,ME,FR,23,4,3,2,6,0,0,0,1,1,2,0,2,1,0,0,1,6,0,0,6,0,0,98,2026
Tom McDonald,12009,ME,FR,23,4,3,2,6,0,0,0,1,3,0,0,1,0,1,0,1,6,0,0,7,0,0,96,2026
Harry Petty,12653,ME,FR,23,6,6,3,9,3,2,0,3,0,2,0,2,2,1,0,3,6,0,5,4,0,2,85,2026
Kysaiah Pickett,12771,ME,FR,23,17,3,10,27,2,1,0,6,1,3,2,7,4,2,0,9,15,1,1,1,2,3,81,2026
Trent Rivers,12778,ME,FR,23,13,4,11,24,0,1,0,2,6,3,1,5,2,1,0,6,16,0,0,2,0,1,71,2026
Christian Salem,12272,ME,FR,23,2,0,4,6,0,0,0,4,1,1,0,1,1,0,0,2,4,0,0,0,0,0,43,2026
Harry Sharp,12864,ME,FR,23,12,0,2,14,3,1,0,3,0,5,1,2,2,0,0,9,3,0,0,1,1,0,84,2026
Tom Sparrow,12693,ME,FR,23,15,2,9,24,2,0,0,4,1,5,4,4,0,1,0,9,12,0,0,1,0,1,77,2026
Jack Steele,12368,ME,FR,23,5,2,12,17,0,0,0,4,1,2,6,4,4,2,0,12,6,0,0,3,0,2,73,2026
Koltyn Tholstrup,13123,ME,FR,23,9,4,13,22,0,0,0,2,2,4,1,1,1,1,0,9,14,1,0,1,0,1,87,2026
Daniel Turner,12996,ME,FR,23,8,5,8,16,0,0,0,1,2,1,0,4,0,1,0,7,8,1,0,2,0,0,100,2026
Jacob van Rooyen,13048,ME,FR,23,3,1,5,8,0,0,1,1,0,2,2,2,1,2,0,6,2,0,0,1,0,0,81,2026
Caleb Windsor,13099,ME,FR,23,8,3,7,15,0,0,0,2,0,7,0,3,0,2,0,2,15,0,0,1,3,1,72,2026
Jye Amiss,12983,FR,ME,23,5,5,3,8,5,0,0,0,0,0,0,2,1,1,0,4,4,1,4,1,0,0,86,2026
Shai Bolton,12535,FR,ME,23,11,3,6,17,1,1,0,1,2,7,5,5,0,3,0,7,12,0,1,0,1,1,77,2026
Andrew Brayshaw,12589,FR,ME,23,9,1,11,20,0,0,0,6,3,1,5,6,1,2,0,9,12,0,0,2,0,0,81,2026
Heath Chapman,12875,FR,ME,23,9,6,3,12,0,0,0,2,2,1,0,0,0,0,0,4,8,1,0,4,0,0,85,2026
Jordan Clark,12688,FR,ME,23,9,5,12,21,0,0,0,1,2,1,1,1,1,0,0,5,15,0,0,2,0,0,76,2026
Brennan Cox,12544,FR,ME,23,9,8,5,14,0,0,0,2,3,0,1,5,0,2,0,4,10,2,0,8,0,0,78,2026
Mason Cox,12428,FR,ME,23,5,4,2,7,0,0,14,0,1,1,2,2,2,0,0,4,3,1,0,0,0,0,49,2026
Isaiah Dudley,13204,FR,ME,23,4,2,8,12,2,1,0,0,0,1,0,3,0,2,0,3,10,0,1,1,1,1,77,2026
Neil Erasmus,12966,FR,ME,23,7,5,5,12,0,0,0,0,3,2,2,3,0,2,0,6,7,1,0,2,0,0,76,2026
Michael Frederick,12801,FR,ME,23,5,1,1,6,0,1,0,1,0,0,1,2,0,0,0,3,3,0,1,0,0,1,74,2026
Luke Jackson,12779,FR,ME,23,6,2,11,17,0,0,26,7,0,3,8,0,5,0,0,16,3,2,0,3,1,0,83,2026
Matthew Johnson,13047,FR,ME,23,13,8,11,24,1,0,0,5,1,5,2,4,0,1,0,10,15,2,1,0,0,0,79,2026
Oscar McDonald,12394,FR,ME,23,5,3,2,7,0,0,0,1,1,0,1,2,0,2,0,1,6,0,0,6,0,0,91,2026
Judd McVee,13033,FR,ME,23,6,2,7,13,0,0,0,0,3,2,2,2,1,1,0,4,8,0,0,1,1,0,72,2026
Nathan ODriscoll,12960,FR,ME,23,7,3,2,9,1,0,0,2,3,3,1,1,1,0,0,1,8,0,0,1,0,1,69,2026
Murphy Reid,13180,FR,ME,23,8,1,10,18,0,0,0,1,0,1,2,4,0,3,0,5,14,0,0,0,0,2,78,2026
Luke Ryan,12542,FR,ME,23,16,8,2,18,0,0,0,1,6,1,0,5,0,4,0,0,13,0,0,0,0,0,89,2026
Caleb Serong,12786,FR,ME,23,11,0,10,21,0,0,0,10,1,6,7,2,1,0,0,8,12,0,0,0,0,2,81,2026
Sam Switkowski,12672,FR,ME,23,5,1,6,11,1,1,0,1,0,2,0,0,0,0,0,2,8,0,1,0,0,0,78,2026
Josh Treacy,12887,FR,ME,23,12,7,0,12,2,2,0,5,0,9,0,2,3,0,0,6,7,2,2,2,0,3,90,2026
Patrick Voss,13129,FR,ME,23,7,5,3,10,4,0,0,2,0,3,0,3,0,1,0,3,7,0,4,3,1,1,88,2026
Karl Worner,13075,FR,ME,23,11,6,2,13,0,0,0,7,3,0,0,4,1,3,0,2,10,0,0,2,0,0,80,2026
Hayden Young,12777,FR,ME,23,11,5,8,19,0,0,0,4,3,2,3,3,2,2,0,6,13,0,0,1,0,0,65,2026
Aliir Aliir,12433,PA,SY,23,10,7,1,11,0,0,0,0,5,0,0,4,1,1,0,3,8,1,0,2,0,0,100,2026
Tom Anastasopoulos,13322,PA,SY,23,8,4,3,11,1,0,0,2,0,3,0,2,0,0,0,1,10,0,1,1,0,0,81,2026
Miles Bergman,12867,PA,SY,23,13,6,7,20,0,1,0,5,6,3,0,2,0,0,0,5,14,0,0,2,0,0,88,2026
Joe Berry,13188,PA,SY,23,10,3,12,22,0,0,0,3,0,6,2,4,0,0,0,5,14,0,0,1,0,0,76,2026
Jase Burgoyne,13007,PA,SY,23,23,8,11,34,0,1,0,6,3,7,7,2,0,0,0,15,18,1,1,1,1,2,82,2026
Darcy Byrne-Jones,12422,PA,SY,23,15,1,9,24,0,0,0,0,6,1,1,5,1,2,0,6,12,0,0,1,0,0,82,2026
Willem Drew,12695,PA,SY,23,17,4,14,31,0,0,0,5,1,5,9,1,0,0,0,10,17,0,0,2,2,0,81,2026
Corey Durdin,12936,PA,SY,23,8,4,5,13,2,2,0,0,0,3,0,1,0,0,0,6,7,0,0,0,0,1,86,2026
Jason Horne-Francis,12956,PA,SY,23,12,3,6,18,2,0,0,2,0,4,6,3,2,0,0,9,10,1,1,1,1,0,60,2026
Josh Lai,13301,PA,SY,23,5,4,4,9,0,0,0,2,5,0,0,4,0,2,0,3,7,0,0,2,0,0,88,2026
Will Lorenz,13162,PA,SY,23,12,6,5,17,0,0,0,1,5,2,2,3,1,0,0,2,12,0,0,2,1,0,72,2026
Todd Marshall,12575,PA,SY,23,12,5,2,14,1,1,0,1,0,3,0,4,1,1,0,6,8,0,2,0,0,0,85,2026
Jackson Mead,12946,PA,SY,23,7,3,5,12,0,1,0,3,1,5,2,0,2,0,0,4,8,0,1,0,0,2,79,2026
Christian Moraes,13199,PA,SY,23,3,1,11,14,0,1,0,1,0,0,0,1,0,0,0,1,13,0,0,0,0,0,73,2026
Balyn OBrien,13354,PA,SY,23,1,0,1,2,0,0,0,4,1,0,0,0,0,0,0,1,1,0,0,3,0,0,74,2026
Harrison Ramm,13270,PA,SY,23,2,2,5,7,0,0,0,1,0,1,0,1,1,0,0,7,0,2,0,4,0,0,80,2026
Jordon Sweet,12890,PA,SY,23,4,1,5,9,0,0,24,1,0,1,1,2,1,2,0,9,6,0,0,2,0,0,80,2026
Alex Van Wyk,13360,PA,SY,23,4,1,4,8,0,0,23,1,0,2,3,1,0,1,0,6,2,1,0,0,0,0,63,2026
Dante Visentini,13073,PA,SY,23,4,4,4,8,0,0,0,0,0,0,0,0,0,0,0,4,4,0,0,7,0,0,78,2026
Jacob Wehr,12991,PA,SY,23,11,6,6,17,0,0,0,0,1,4,0,2,0,0,0,2,15,1,0,1,0,2,77,2026
Jack Whitlock,13259,PA,SY,23,7,5,3,10,3,1,0,1,0,0,0,3,0,0,0,4,5,1,5,1,0,0,85,2026
Ollie Wines,12150,PA,SY,23,5,3,18,23,0,0,0,3,1,0,5,5,0,1,0,13,11,0,0,1,0,0,70,2026
Mitch Zadow,13305,PA,SY,23,4,2,1,5,1,1,0,0,0,0,0,3,1,0,0,3,2,0,1,2,0,0,61,2026
Riley Bice,13195,SY,PA,23,11,6,11,22,1,0,0,2,2,4,0,2,0,0,0,3,18,0,1,0,4,1,75,2026
Nick Blakey,12699,SY,PA,23,17,6,11,28,0,0,0,1,4,2,0,4,0,1,0,7,17,1,0,2,0,1,77,2026
Braeden Campbell,12863,SY,PA,23,14,4,8,22,0,0,0,4,0,11,5,2,0,0,0,6,15,0,0,2,1,2,82,2026
Billy Cootee,13317,SY,PA,23,4,2,6,10,2,0,0,4,0,1,1,3,1,2,0,4,8,0,2,2,0,0,83,2026
Charlie Curnow,12421,SY,PA,23,8,4,3,11,5,2,0,1,0,0,0,2,1,1,0,5,7,2,4,0,0,1,73,2026
Jesse Dattoli,13260,SY,PA,23,13,7,10,23,2,1,0,1,0,6,2,4,0,0,0,7,15,0,2,1,0,3,76,2026
Will Green,13361,SY,PA,23,4,1,7,11,0,1,20,3,0,3,1,2,0,2,0,5,6,1,1,5,0,1,73,2026
Errol Gulden,12862,SY,PA,23,19,5,20,39,1,0,0,4,4,7,5,5,1,0,0,8,31,0,1,2,0,3,78,2026
Joel Hamling,12359,SY,PA,23,2,5,9,11,0,0,0,1,2,0,1,0,1,0,0,6,5,2,0,11,1,0,89,2026
Isaac Heeney,12326,SY,PA,23,9,3,15,24,1,0,0,3,1,3,7,3,2,1,0,11,12,0,0,0,1,3,72,2026
James Jordon,12860,SY,PA,23,5,3,21,26,0,0,0,3,1,1,3,1,0,0,0,9,17,0,0,0,0,0,87,2026
Harry Kyle,13327,SY,PA,23,3,4,12,15,0,0,0,1,4,0,0,2,0,1,0,3,12,0,0,0,0,0,77,2026
Jake Lloyd,12268,SY,PA,23,11,7,8,19,3,2,0,2,1,5,1,1,0,0,0,7,13,0,2,2,1,1,91,2026
Tom McCartin,12627,SY,PA,23,8,6,8,16,0,0,0,1,5,0,0,4,1,1,0,5,8,1,0,0,0,0,90,2026
Logan McDonald,12861,SY,PA,23,9,2,2,11,3,0,0,0,0,4,0,1,1,0,0,6,7,1,1,4,0,1,90,2026
Hayden McLean,12745,SY,PA,23,3,3,6,9,0,1,7,2,0,0,2,0,0,0,0,2,5,0,1,1,0,1,65,2026
Lewis Melican,12526,SY,PA,23,4,3,8,12,0,0,0,0,3,1,0,2,0,0,0,3,7,0,0,1,0,0,80,2026
Callum Mills,12413,SY,PA,23,14,4,10,24,0,0,0,3,8,2,2,1,0,0,0,6,12,1,0,1,4,1,70,2026
Tom Papley,12412,SY,PA,23,9,1,9,18,3,1,0,3,1,4,1,4,0,1,0,5,11,0,1,1,5,2,74,2026
Matt Roberts,12994,SY,PA,23,8,2,9,17,1,0,0,2,2,1,2,0,0,0,0,3,13,0,0,0,1,0,84,2026
Jai Serong,13022,SY,PA,23,13,3,11,24,1,0,0,11,1,2,3,2,2,1,0,9,15,0,2,1,0,1,78,2026
Chad Warner,12797,SY,PA,23,13,5,11,24,3,0,0,4,1,5,5,3,0,0,0,9,16,1,3,2,2,1,63,2026
Sam Wicks,12818,SY,PA,23,5,0,4,9,0,0,0,5,0,1,0,2,0,0,0,1,6,0,0,3,2,1,76,2026
Jaxon Artemis,13352,ES,GE,23,9,4,3,12,0,0,0,4,4,1,2,2,0,1,0,2,9,0,0,1,0,0,82,2026
Nate Caddy,13148,ES,GE,23,9,5,7,16,1,0,1,2,0,2,0,6,1,2,0,4,11,0,2,2,0,0,88,2026
Jye Caldwell,12755,ES,GE,23,11,0,4,15,0,1,0,9,2,2,3,1,1,0,0,8,7,0,0,0,0,0,61,2026
Archer Day-Wicks,13223,ES,GE,23,3,1,7,10,0,0,0,2,1,1,1,5,0,3,0,5,6,0,0,4,0,0,74,2026
Sam Durham,12925,ES,GE,23,9,3,4,13,0,1,0,3,0,2,1,3,0,2,0,6,7,0,1,1,0,1,75,2026
Hussien El Achkar,13281,ES,GE,23,2,1,2,4,1,0,0,3,0,1,0,2,1,0,0,3,1,0,0,0,0,0,64,2026
Jacob Farrow,13299,ES,GE,23,10,2,4,14,2,0,0,5,0,3,0,3,0,1,0,3,11,0,0,0,0,0,74,2026
Zak Johnson,13231,ES,GE,23,4,0,4,8,0,0,0,1,1,2,0,0,1,0,0,3,5,0,0,3,0,0,77,2026
Isaac Kako,13177,ES,GE,23,4,0,4,8,0,1,0,4,0,0,1,2,0,1,0,2,6,0,0,0,0,0,77,2026
Max Kondogiannis,13282,ES,GE,23,5,4,2,7,0,0,0,3,0,0,1,1,1,1,0,4,6,0,2,2,0,0,74,2026
Kyle Langford,12349,ES,GE,23,7,3,6,13,0,0,0,3,1,0,0,2,2,1,0,6,5,0,0,4,0,0,81,2026
Andrew McGrath,12491,ES,GE,23,9,3,10,19,0,1,0,4,1,3,4,1,1,1,0,9,11,0,0,0,0,0,78,2026
Zach Merrett,12241,ES,GE,23,15,1,14,29,0,0,0,5,5,6,8,3,2,1,0,11,13,0,1,4,0,0,84,2026
Archie Perkins,12879,ES,GE,23,7,2,4,11,2,0,0,2,0,5,0,1,2,1,0,7,5,0,1,0,0,0,73,2026
Jaxon Prior,12874,ES,GE,23,14,3,3,17,0,1,0,0,5,1,0,1,2,0,0,3,9,0,1,5,0,0,85,2026
Mason Redman,12437,ES,GE,23,8,3,2,10,0,0,0,0,3,0,0,1,0,0,0,4,6,0,0,5,0,0,92,2026
Zach Reid,12889,ES,GE,23,5,4,1,6,0,0,3,2,4,0,0,1,0,0,0,2,5,0,0,1,0,0,88,2026
Archie Roberts,13168,ES,GE,23,13,2,3,16,1,0,0,3,6,3,2,2,2,1,0,4,6,0,0,2,0,0,87,2026
Will Setterfield,12567,ES,GE,23,5,1,12,17,0,0,0,5,0,3,2,3,1,0,0,9,8,0,1,1,0,0,75,2026
Dyson Sharp,13283,ES,GE,23,14,2,13,27,0,0,0,7,2,5,7,2,0,0,0,14,9,0,0,0,0,0,80,2026
Rhys Unwin,13264,ES,GE,23,0,0,4,4,0,0,0,2,0,0,0,2,0,1,0,3,3,0,0,1,0,0,70,2026
Vigo Visentini,13241,ES,GE,23,11,4,7,18,0,0,33,2,2,4,2,2,3,1,0,8,9,0,0,1,0,1,77,2026
Peter Wright,12366,ES,GE,23,3,3,6,9,0,0,16,1,1,0,2,1,1,1,0,6,3,1,1,3,0,1,84,2026
Tom Atkins,12690,GE,ES,23,7,1,8,15,0,0,0,2,1,2,5,2,1,1,0,9,7,0,0,2,1,2,75,2026
Mark Blicavs,12153,GE,ES,23,9,2,11,20,0,0,8,5,0,6,7,2,3,1,0,15,3,0,0,1,0,0,69,2026
Tanner Bruhn,12871,GE,ES,23,7,3,9,16,1,0,0,3,0,1,3,3,0,2,0,6,11,0,1,1,1,0,76,2026
Jhye Clark,13062,GE,ES,23,12,8,8,20,1,0,0,3,3,1,1,1,1,0,0,4,15,1,0,3,0,0,77,2026
Brad Close,12806,GE,ES,23,10,3,2,12,0,3,0,3,1,2,1,2,2,0,0,7,8,0,2,1,0,1,80,2026
Sam De Koning,12891,GE,ES,23,4,2,12,16,0,0,17,3,0,2,4,4,1,2,0,10,6,1,1,3,0,0,76,2026
Oliver Dempsey,12974,GE,ES,23,12,2,7,19,4,0,0,2,1,0,3,2,0,0,0,4,10,0,2,1,0,0,89,2026
Zach Guthrie,12551,GE,ES,23,7,3,3,10,0,0,0,0,1,3,0,1,0,1,0,3,8,1,0,3,1,0,81,2026
Jack Henry,12607,GE,ES,23,15,6,2,17,0,0,0,2,5,3,0,2,0,0,0,4,9,0,0,6,0,0,81,2026
Oliver Henry,12851,GE,ES,23,8,4,5,13,4,2,0,5,0,0,0,4,2,2,0,6,7,1,4,2,0,1,82,2026
Lawson Humphries,13160,GE,ES,23,15,4,8,23,0,0,0,1,4,1,2,4,1,0,0,8,13,0,0,1,0,0,79,2026
Shaun Mannagh,13104,GE,ES,23,11,3,7,18,1,1,0,5,2,6,2,1,1,0,0,5,11,0,1,0,0,3,80,2026
Jack Martin,12236,GE,ES,23,6,2,4,10,2,0,0,4,0,3,0,2,1,1,0,3,5,0,1,1,0,0,69,2026
Gryan Miers,12689,GE,ES,23,5,3,4,9,0,1,0,0,0,1,1,1,0,0,0,5,5,0,1,0,0,2,77,2026
Oisin Mullin,13066,GE,ES,23,11,2,7,18,0,0,0,4,0,5,5,6,0,1,0,5,9,0,0,1,0,0,84,2026
Shannon Neale,12992,GE,ES,23,5,4,7,12,3,1,10,5,1,2,1,2,0,1,0,6,6,1,3,2,0,0,85,2026
Mark OConnor,12531,GE,ES,23,8,2,1,9,0,1,0,3,1,4,0,2,1,1,0,2,6,0,1,0,3,2,70,2026
Connor OSullivan,13122,GE,ES,23,6,4,4,10,0,0,0,2,2,0,0,3,2,1,0,5,5,0,0,4,0,0,82,2026
Jay Polkinghorne,13353,GE,ES,23,3,3,0,3,1,1,0,0,0,1,0,2,0,2,0,2,1,2,2,1,0,1,75,2026
Bailey Smith,12692,GE,ES,23,21,3,17,38,0,0,0,6,4,8,8,3,2,0,0,15,23,1,1,1,1,0,82,2026
Tom Stewart,12505,GE,ES,23,15,10,5,20,0,0,0,0,7,1,1,3,1,3,0,6,13,3,0,1,0,0,80,2026
Oliver Wiltshire,13217,GE,ES,23,5,0,7,12,0,0,0,3,1,1,1,3,0,1,0,5,5,0,0,0,1,1,75,2026
James Worpel,12619,GE,ES,23,11,3,8,19,0,0,0,9,0,2,3,4,0,1,0,5,12,0,1,0,0,1,75,2026
Kye Annand,13338,RI,AD,23,9,8,2,11,0,0,0,0,5,1,0,3,0,1,0,4,7,1,0,12,0,0,82,2026
Sam Banks,13078,RI,AD,23,9,2,3,12,0,0,0,0,3,1,0,1,0,1,0,0,8,0,0,1,1,0,76,2026
Nathan Broad,12456,RI,AD,23,9,5,6,15,0,0,0,0,3,2,1,0,0,0,0,5,9,0,0,8,1,1,75,2026
Tom Brown,13096,RI,AD,23,15,1,3,18,0,2,0,2,6,3,2,4,0,1,0,7,10,0,0,5,0,0,78,2026
Seth Campbell,13100,RI,AD,23,8,3,4,12,3,0,0,2,1,2,1,2,0,1,0,4,8,0,2,1,1,0,83,2026
Judson Clarke,12997,RI,AD,23,6,1,7,13,0,1,0,1,0,3,3,1,1,0,0,8,5,0,0,1,0,0,70,2026
Steely Green,13145,RI,AD,23,6,3,3,9,1,1,0,2,0,1,0,5,0,4,0,4,6,0,2,1,0,1,78,2026
Sam Grlj,13290,RI,AD,23,8,1,3,11,0,0,0,2,2,2,1,1,0,0,0,3,7,0,0,2,0,1,67,2026
Taj Hotton,13253,RI,AD,23,5,1,8,13,0,1,0,5,0,3,2,2,0,2,0,6,7,1,1,2,0,1,79,2026
Sam Lalor,13190,RI,AD,23,1,1,2,3,0,1,0,3,0,0,0,2,0,2,0,2,1,1,1,2,0,0,77,2026
Mykelti Lefau,13113,RI,AD,23,4,3,3,7,2,0,0,5,0,3,0,0,0,0,0,4,3,1,2,1,0,0,97,2026
Tom Lynch,11948,RI,AD,23,5,2,3,8,0,3,0,2,0,1,0,2,1,1,0,5,3,1,1,3,0,0,90,2026
Ben Miller,12941,RI,AD,23,11,7,9,20,0,0,0,3,3,0,0,3,1,1,0,7,12,1,0,8,1,0,87,2026
Toby Nankervis,12374,RI,AD,23,8,2,7,15,0,0,32,4,1,4,5,4,2,3,0,10,4,0,0,5,0,0,73,2026
Dion Prestia,11917,RI,AD,23,9,3,6,15,0,0,0,1,2,3,3,1,0,0,0,5,10,0,0,2,0,1,71,2026
Hugo Ralphsmith,12902,RI,AD,23,5,2,9,14,1,0,0,4,1,3,2,2,1,1,0,7,7,0,1,0,0,0,85,2026
Patrick Retschko,13313,RI,AD,23,13,4,11,24,0,0,0,2,2,5,2,3,1,0,0,7,16,0,0,1,0,0,91,2026
Jack Ross,12712,RI,AD,23,14,1,15,29,0,0,0,2,1,4,6,4,2,1,0,11,15,0,0,0,0,0,82,2026
Samson Ryan,12918,RI,AD,23,4,2,3,7,0,0,7,1,0,1,2,3,1,1,0,5,3,1,0,0,0,0,41,2026
Jayden Short,12418,RI,AD,23,12,5,4,16,0,0,0,4,3,1,1,6,2,4,0,9,9,0,0,2,1,0,81,2026
Tyler Sonsie,13014,RI,AD,23,4,0,2,6,0,0,0,2,0,2,0,1,0,0,0,2,3,0,0,0,0,1,71,2026
Tim Taranto,12504,RI,AD,23,11,0,9,20,0,0,0,6,1,5,7,3,1,1,0,11,6,0,0,0,0,0,85,2026
Nick Vlastuin,12174,RI,AD,23,15,4,4,19,0,0,0,5,6,1,1,4,4,1,0,10,6,1,0,3,0,0,81,2026
Callum Ah Chee,12414,AD,RI,23,8,1,3,11,2,1,0,1,2,2,1,4,1,3,0,4,6,0,0,1,2,0,69,2026
Sam Berry,12849,AD,RI,23,14,4,10,24,0,0,0,6,1,2,7,3,0,0,0,14,10,1,0,1,1,0,73,2026
Brayden Cook,12932,AD,RI,23,9,2,11,20,1,0,0,2,1,3,4,4,0,1,0,9,10,0,1,0,1,0,81,2026
Isaac Cumming,12629,AD,RI,23,9,5,6,15,1,0,0,1,4,1,0,0,2,0,0,3,11,0,0,2,0,0,80,2026
Daniel Curtin,13132,AD,RI,23,8,0,6,14,0,1,1,3,2,2,1,6,1,1,0,8,5,0,0,1,0,0,78,2026
Jordan Dawson,12516,AD,RI,23,24,6,11,35,1,1,0,2,6,4,2,5,1,0,0,5,21,1,1,1,0,2,85,2026
Billy Dowling,13150,AD,RI,23,5,2,8,13,0,0,0,6,3,1,5,1,0,0,0,8,5,0,0,0,0,0,70,2026
Hugo Hall-Kahan,13328,AD,RI,23,14,2,3,17,0,0,0,1,3,4,0,1,1,0,0,3,11,0,0,0,0,0,84,2026
Mark Keane,12809,AD,RI,23,8,3,4,12,0,0,0,0,2,0,0,0,0,0,0,6,4,1,0,13,0,0,91,2026
Ben Keays,12434,AD,RI,23,6,1,2,8,0,0,0,4,0,2,0,2,1,1,0,3,6,0,0,0,0,2,78,2026
Rory Laird,12165,AD,RI,23,8,6,10,18,0,0,0,5,1,2,0,3,0,0,0,5,13,0,0,1,0,0,84,2026
Archie Ludowyke,13356,AD,RI,23,2,0,2,4,0,1,0,2,0,0,0,1,1,1,0,3,1,0,0,0,0,0,51,2026
Max Michalanney,13027,AD,RI,23,9,5,3,12,0,0,0,3,2,2,0,3,0,1,0,1,10,0,0,6,0,0,94,2026
Alex Neal-Bullen,12367,AD,RI,23,8,2,11,19,0,0,0,5,2,2,2,0,4,0,0,11,7,0,0,0,0,0,75,2026
Reilly OBrien,12473,AD,RI,23,5,5,6,11,0,0,35,5,0,2,1,4,1,2,0,6,4,2,0,4,0,0,82,2026
James Peatling,12934,AD,RI,23,11,2,9,20,0,1,0,2,1,0,3,3,2,1,0,6,13,0,1,0,0,0,74,2026
Josh Rachele,12953,AD,RI,23,8,2,2,10,0,0,0,0,0,3,0,3,2,2,0,4,4,0,0,1,0,1,72,2026
Izak Rankine,12798,AD,RI,23,20,6,16,36,1,0,0,6,4,7,11,1,1,1,0,18,19,0,0,2,0,1,76,2026
Oscar Ryan,13357,AD,RI,23,10,5,3,13,0,0,0,3,3,4,0,2,4,0,0,7,6,1,0,3,0,0,70,2026
Zac Taylor,13159,AD,RI,23,4,1,4,8,1,0,0,4,0,2,0,1,1,0,0,3,5,0,1,0,0,0,75,2026
Riley Thilthorpe,12892,AD,RI,23,2,1,9,11,0,0,6,2,0,1,1,3,0,2,0,7,4,1,0,1,0,0,84,2026
Taylor Walker,11713,AD,RI,23,6,3,3,9,2,1,0,1,0,3,0,2,1,1,0,6,4,1,2,1,0,0,78,2026
Josh Worrell,12912,AD,RI,23,12,4,6,18,0,0,0,2,7,1,0,1,2,0,0,8,7,0,0,7,0,0,97,2026
Noah Anderson,12767,GC,GW,23,18,0,6,24,0,0,0,10,5,4,9,7,1,0,0,13,9,0,0,0,1,0,85,2026
Mac Andrew,13019,GC,GW,23,9,8,4,13,0,0,0,3,3,0,0,3,1,1,0,6,9,0,0,9,0,0,97,2026
Charlie Ballard,12625,GC,GW,23,9,5,1,10,0,0,0,2,0,0,0,0,1,0,0,4,5,1,0,4,0,0,90,2026
Sam Clohesy,13119,GC,GW,23,6,0,11,17,0,0,0,6,4,0,2,2,0,1,0,8,6,0,0,2,0,0,73,2026
Jy Farrar,12848,GC,GW,23,0,0,0,0,0,0,0,1,0,0,0,1,0,0,0,1,0,0,0,1,0,0,49,2026
Lachlan Gulbin,13272,GC,GW,23,8,4,2,10,1,2,0,3,0,1,1,2,1,0,0,4,5,0,3,0,0,0,62,2026
Bailey Humphrey,13049,GC,GW,23,10,2,9,19,2,2,0,3,0,3,4,3,0,3,0,11,8,0,0,1,0,1,85,2026
Joel Jeffrey,12933,GC,GW,23,10,1,4,14,0,0,0,0,5,2,1,1,1,0,0,7,7,0,0,2,0,1,76,2026
Ben King,12728,GC,GW,23,3,3,6,9,2,0,0,3,0,3,0,1,0,1,0,5,4,2,2,0,0,1,74,2026
Leo Lombard,13232,GC,GW,23,8,1,15,23,1,0,0,2,2,1,2,4,0,1,0,9,12,0,0,1,0,0,79,2026
Ben Long,12521,GC,GW,23,7,1,2,9,0,1,0,4,1,0,0,4,1,2,0,4,4,0,0,2,0,0,77,2026
Touk Miller,12331,GC,GW,23,14,5,9,23,3,0,0,9,2,4,3,2,2,0,0,9,15,0,1,3,0,0,84,2026
Ned Moyle,13050,GC,GW,23,3,1,8,11,0,0,60,2,5,1,7,3,2,1,0,9,3,0,0,5,0,0,86,2026
John Noble,12743,GC,GW,23,14,4,2,16,0,0,0,6,1,5,1,3,2,1,0,4,10,0,0,0,0,0,86,2026
Christian Petracca,12430,GC,GW,23,7,0,7,14,0,0,0,1,1,1,2,3,0,0,0,7,6,0,0,1,0,0,75,2026
Wil Powell,12652,GC,GW,23,12,5,6,18,1,0,0,7,3,4,1,2,2,1,0,8,5,0,0,4,0,0,86,2026
Ethan Read,13121,GC,GW,23,8,1,5,13,0,1,3,1,0,0,1,3,2,1,0,4,8,0,1,4,0,0,82,2026
Daniel Rioli,12403,GC,GW,23,11,4,10,21,0,0,0,2,2,2,2,3,0,1,0,10,11,0,0,1,0,0,81,2026
Jake Rogers,13126,GC,GW,23,4,2,3,7,0,1,0,3,0,2,0,1,1,0,0,2,5,0,0,0,0,0,67,2026
Matt Rowell,12768,GC,GW,23,28,4,12,40,0,0,0,16,3,10,17,6,1,1,0,21,14,0,0,0,1,1,83,2026
Bodhi Uwland,13041,GC,GW,23,15,7,5,20,0,0,0,4,9,1,0,4,2,2,0,9,8,1,0,12,0,0,89,2026
Zeke Uwland,13278,GC,GW,23,7,0,6,13,0,0,0,0,1,2,0,8,0,3,0,8,7,0,0,1,0,0,54,2026
Jed Walter,13114,GC,GW,23,3,2,6,9,1,1,0,2,0,2,0,1,0,0,0,4,4,1,1,3,0,0,79,2026
Ryan Angwin,13001,GW,GC,23,7,1,7,14,0,0,0,5,1,4,1,0,2,0,0,7,6,0,0,2,0,1,76,2026
Lachie Ash,12782,GW,GC,23,15,3,5,20,0,0,0,1,9,1,1,3,1,2,0,6,9,0,0,2,0,0,87,2026
Toby Bedford,12772,GW,GC,23,1,0,4,5,0,0,0,4,0,2,0,1,0,0,0,3,2,0,0,1,0,0,24,2026
Kieren Briggs,12904,GW,GC,23,7,2,5,12,0,1,23,3,2,4,5,6,2,1,0,8,2,0,1,3,0,0,67,2026
Callum Brown,12910,GW,GC,23,10,2,5,15,1,2,0,6,0,1,0,2,0,0,0,5,5,1,1,0,0,1,91,2026
Aaron Cadman,13054,GW,GC,23,6,0,6,12,2,0,0,1,0,3,0,6,1,2,0,9,5,0,0,4,0,0,96,2026
Stephen Coniglio,12028,GW,GC,23,14,0,5,19,1,0,0,4,1,2,1,3,0,0,0,10,7,0,0,0,0,0,79,2026
Josaia Delana,13222,GW,GC,23,15,3,5,20,1,0,0,3,1,5,4,1,2,1,0,14,8,0,1,4,0,2,80,2026
Joe Fonti,13164,GW,GC,23,9,2,5,14,0,0,0,6,1,0,1,7,0,1,0,4,10,0,0,3,0,0,85,2026
Toby Greene,12025,GW,GC,23,13,0,5,18,2,0,0,7,0,7,8,5,2,2,0,17,1,0,0,0,0,0,87,2026
Max Gruzewski,13158,GW,GC,23,6,2,5,11,2,0,0,1,0,2,0,3,1,1,0,6,6,0,1,1,0,0,93,2026
Riley Hamilton,13347,GW,GC,23,7,1,3,10,0,1,0,4,0,3,0,4,1,1,0,7,1,0,1,0,0,0,75,2026
Harry Himmelberg,12462,GW,GC,23,6,0,5,11,0,0,0,5,0,3,0,2,1,0,0,5,5,0,0,13,0,0,77,2026
Connor Idun,12750,GW,GC,23,7,3,4,11,0,0,0,4,3,3,2,3,0,1,0,2,9,0,0,6,0,0,100,2026
Jayden Laverde,12377,GW,GC,23,2,2,1,3,0,0,0,2,1,1,0,1,0,0,0,2,1,1,0,1,0,0,20,2026
Nick Madden,13236,GW,GC,23,2,0,3,5,0,0,19,2,1,2,1,3,0,1,0,3,3,0,0,1,0,0,58,2026
Xavier OHalloran,12821,GW,GC,23,8,0,7,15,0,0,0,5,1,2,8,3,1,2,0,13,3,0,0,8,0,0,89,2026
Clayton Oliver,12410,GW,GC,23,13,3,10,23,0,0,0,6,1,2,3,3,1,1,0,10,12,0,0,0,0,1,84,2026
Harry Rowston,13045,GW,GC,23,13,3,9,22,0,0,0,2,3,4,4,5,1,2,0,10,11,0,0,1,1,0,77,2026
Jake Stringer,12167,GW,GC,23,5,0,3,8,1,2,0,8,0,3,0,5,2,0,0,8,2,0,0,2,0,0,93,2026
Sam Taylor,12644,GW,GC,23,3,1,4,7,0,0,0,1,1,0,0,1,1,0,0,4,2,0,0,8,0,0,91,2026
Harvey Thomas,13101,GW,GC,23,11,1,9,20,1,1,0,2,3,0,4,3,1,2,0,13,9,0,0,1,0,1,90,2026
Lachie Whitfield,12143,GW,GC,23,20,7,6,26,0,0,0,3,7,4,2,3,0,0,0,5,11,0,0,1,1,0,81,2026
Bo Allan,13221,WC,CW,23,10,2,2,12,0,0,0,3,2,3,1,6,1,2,0,4,9,0,0,1,1,1,75,2026
Liam Baker,12661,WC,CW,23,10,4,6,16,0,0,0,1,5,1,1,3,2,2,0,5,11,0,0,3,0,0,66,2026
Rhett Bazzo,13000,WC,CW,23,7,8,6,13,0,0,0,1,1,0,0,3,1,1,0,6,7,1,0,9,0,0,90,2026
Tom Cole,12446,WC,CW,23,7,6,7,14,0,1,0,6,0,1,0,2,0,0,0,5,10,0,0,2,0,0,72,2026
Cooper Duff-Tytler,13291,WC,CW,23,6,5,6,12,1,2,6,4,1,2,0,1,0,0,0,4,8,0,3,0,0,1,61,2026
Liam Duggan,12334,WC,CW,23,12,5,6,18,0,0,0,0,4,4,1,3,1,1,0,6,13,0,0,5,0,0,83,2026
Willem Duursma,13292,WC,CW,23,9,4,7,16,0,0,0,1,1,2,1,3,1,0,0,5,10,1,1,0,0,0,77,2026
Jack Graham,12576,WC,CW,23,10,1,7,17,1,0,0,6,1,6,1,1,0,0,0,3,14,0,0,0,0,1,76,2026
Tom Gross,13211,WC,CW,23,6,3,8,14,2,0,0,4,1,3,0,0,1,0,0,8,6,0,1,1,0,1,66,2026
Marcus Herbert,13339,WC,CW,23,12,3,9,21,0,0,0,3,4,1,2,1,0,1,0,4,10,0,0,0,3,0,86,2026
Brady Hough,12957,WC,CW,23,9,4,11,20,0,0,0,7,0,4,3,3,0,1,0,8,12,0,1,2,0,1,77,2026
Tim Kelly,12595,WC,CW,23,8,3,15,23,1,0,0,5,2,3,6,4,0,1,0,9,14,0,0,0,0,1,77,2026
Josh Lindsay,13293,WC,CW,23,12,3,7,19,0,0,0,2,1,1,0,0,0,0,0,1,16,0,0,0,0,0,78,2026
Tom McCarthy,13240,WC,CW,23,19,5,5,24,0,0,0,3,12,2,0,2,3,0,0,7,14,0,0,4,0,0,79,2026
Milan Murdock,13294,WC,CW,23,4,2,10,14,1,0,0,3,0,2,0,3,1,0,0,7,7,0,0,0,1,0,74,2026
Harley Reid,13111,WC,CW,23,7,2,22,29,1,0,0,3,0,3,6,8,2,5,0,15,17,0,0,1,1,1,87,2026
Jobe Shanahan,13247,WC,CW,23,3,2,2,5,2,1,0,3,0,0,0,2,0,1,0,4,1,1,2,2,0,0,91,2026
Brandon Starcevich,12668,WC,CW,23,8,6,3,11,0,0,0,1,4,1,0,6,0,1,0,3,7,2,0,2,0,0,81,2026
Jake Waterman,12601,WC,CW,23,8,5,4,12,3,2,0,1,0,5,0,2,1,0,0,4,8,1,0,0,0,0,87,2026
Bailey Williams,12836,WC,CW,23,8,3,9,17,0,1,38,4,0,0,3,5,2,1,0,12,5,2,0,5,0,3,82,2026
Jack Williams,12962,WC,CW,23,5,4,2,7,2,0,1,1,0,2,0,1,0,1,0,2,6,2,2,1,0,2,79,2026
Elliot Yeo,12087,WC,CW,23,10,2,18,28,1,0,0,6,1,6,11,5,1,2,0,17,10,0,0,1,0,0,73,2026
Tylar Young,13043,WC,CW,23,9,3,5,14,0,0,0,0,5,0,0,3,0,2,0,4,10,0,0,11,1,1,84,2026
Edward Allan,13146,CW,WC,23,10,0,10,20,1,1,0,7,0,4,6,4,1,1,0,9,11,0,0,0,0,0,77,2026
Angus Anderson,13306,CW,WC,23,4,0,10,14,0,1,0,4,2,2,1,2,1,0,0,10,4,0,0,0,0,1,65,2026
Darcy Cameron,12660,CW,WC,23,13,5,11,24,0,1,30,5,3,1,6,4,1,2,0,12,9,0,0,3,0,0,81,2026
Jack Crisp,12061,CW,WC,23,10,3,8,18,0,0,0,1,2,4,3,2,0,0,0,10,8,0,0,2,0,0,84,2026
Josh Daicos,12573,CW,WC,23,24,3,11,35,0,0,0,6,12,6,1,4,0,1,0,5,27,0,0,0,0,0,83,2026
Nick Daicos,12943,CW,WC,23,21,1,18,39,1,0,0,1,3,11,10,4,2,1,0,17,20,0,0,1,1,2,89,2026
Billy Frampton,12676,CW,WC,23,4,4,6,10,0,0,0,2,1,0,0,1,2,1,0,6,5,0,0,11,0,0,100,2026
Harvey Harrison,13068,CW,WC,23,9,4,2,11,0,0,0,1,0,3,0,2,1,0,0,3,8,0,1,0,0,4,58,2026
Will Hayes,13228,CW,WC,23,3,1,4,7,1,1,0,3,0,0,0,2,0,1,0,3,5,0,0,0,0,1,70,2026
Dan Houston,12495,CW,WC,23,9,5,8,17,1,1,0,1,4,3,2,1,0,1,0,6,11,1,0,3,0,0,84,2026
Noah Howes,13359,CW,WC,23,4,1,1,5,0,0,0,1,2,1,0,1,0,1,0,3,2,1,0,2,0,0,72,2026
Ned Long,13023,CW,WC,23,7,1,18,25,0,0,0,7,0,8,8,2,2,1,0,14,11,0,0,1,0,0,76,2026
Beau McCreery,12876,CW,WC,23,7,3,11,18,0,0,0,8,0,6,0,11,1,4,0,9,7,0,0,1,2,2,77,2026
Daniel McStay,12291,CW,WC,23,11,5,9,20,3,2,5,5,0,5,4,7,4,0,0,15,7,3,3,3,0,0,81,2026
Tim Membrey,12300,CW,WC,23,14,8,6,20,3,2,0,1,0,4,0,1,2,0,0,4,16,1,3,1,0,0,81,2026
Liam Puncher,13342,CW,WC,23,4,4,3,7,0,0,0,4,2,0,0,2,1,0,0,2,5,0,0,6,0,0,85,2026
Isaac Quaynor,12740,CW,WC,23,8,4,7,15,0,0,0,0,2,1,0,2,0,1,0,6,10,0,0,4,1,0,84,2026
Lachie Schultz,12700,CW,WC,23,7,3,4,11,3,4,0,7,0,0,1,2,1,1,0,4,6,0,3,1,0,0,84,2026
Steele Sidebottom,11751,CW,WC,23,5,0,7,12,0,0,0,2,1,1,0,0,1,0,0,3,8,0,0,1,0,0,81,2026
Roan Steele,13248,CW,WC,23,8,1,5,13,2,1,0,0,1,1,3,3,1,0,0,6,6,0,0,1,0,1,78,2026
Lachlan Sullivan,13133,CW,WC,23,4,1,9,13,1,0,0,4,0,2,0,1,0,0,0,3,10,0,0,0,0,0,70,2026
Sam Swadling,13340,CW,WC,23,5,2,9,14,1,0,0,2,0,1,2,4,0,1,0,6,8,0,1,0,0,0,66,2026
Charlie West,13246,CW,WC,23,1,1,1,2,0,0,1,2,0,0,0,0,1,0,0,1,2,0,1,3,0,0,72,2026
Hugh Boxshall,13220,SK,CA,23,9,4,6,15,0,0,0,4,2,4,5,6,0,2,0,6,10,0,0,0,0,0,79,2026
Ryan Byrnes,12802,SK,CA,23,8,5,12,20,0,1,0,0,4,1,2,2,0,1,0,5,15,0,0,1,0,0,85,2026
Anthony Caminiti,13035,SK,CA,23,5,3,3,8,0,0,0,1,1,1,0,2,2,1,0,4,3,1,0,6,0,0,98,2026
Hunter Clark,12591,SK,CA,23,4,1,7,11,0,0,0,2,3,0,0,0,1,0,0,5,6,0,0,0,0,0,64,2026
Tom De Koning,12674,SK,CA,23,2,2,5,7,0,0,14,2,0,2,3,3,0,1,0,3,4,0,0,0,0,0,77,2026
Hugo Garcia,13125,SK,CA,23,6,1,13,19,0,0,0,5,0,3,5,3,1,0,0,5,13,0,0,1,1,0,76,2026
Max Hall,13193,SK,CA,23,17,6,13,30,2,3,0,2,1,5,10,4,0,1,0,16,15,0,3,2,0,1,88,2026
Jack Higgins,12609,SK,CA,23,8,4,5,13,1,4,0,3,0,1,0,3,1,0,0,5,8,0,3,0,0,0,81,2026
Bradley Hill,12060,SK,CA,23,17,3,14,31,0,0,0,1,3,3,0,1,0,0,0,2,29,0,0,2,0,0,90,2026
Campbell Lake,13331,SK,CA,23,1,0,5,6,1,0,0,1,0,0,1,0,0,0,0,5,1,0,0,0,0,0,77,2026
Rowan Marshall,12564,SK,CA,23,9,2,5,14,1,0,15,6,0,3,4,3,1,1,0,9,5,1,0,0,0,0,91,2026
Liam OConnell,13194,SK,CA,23,4,1,4,8,0,1,0,3,2,0,0,0,0,0,0,2,4,0,0,5,0,0,83,2026
Mitch Owens,12948,SK,CA,23,6,7,9,15,2,2,0,2,0,1,0,2,0,1,0,5,10,4,4,0,0,0,94,2026
Mattaes Phillipou,13036,SK,CA,23,4,0,11,15,0,0,0,4,2,0,3,1,0,1,0,8,8,0,0,2,0,0,80,2026
Liam Ryan,12600,SK,CA,23,6,2,1,7,1,0,0,1,0,3,0,2,0,0,0,4,3,2,1,1,0,1,71,2026
Cooper Sharman,12929,SK,CA,23,7,2,7,14,0,1,0,1,2,2,2,4,0,0,0,6,7,0,1,2,0,0,82,2026
Jack Silvagni,12458,SK,CA,23,4,2,3,7,0,0,0,1,2,1,0,4,0,3,0,4,2,1,0,2,0,0,94,2026
Liam Stocker,12721,SK,CA,23,15,3,5,20,0,0,0,1,10,1,0,1,0,1,0,4,6,0,0,2,0,0,75,2026
Nasiah Wanganeen-Milera,12950,SK,CA,23,3,0,1,4,0,0,0,0,0,0,1,1,0,0,0,2,2,0,0,1,0,0,7,2026
Callum Wilkie,12703,SK,CA,23,9,4,1,10,0,0,0,0,3,0,0,1,0,1,0,1,8,1,0,3,0,0,92,2026
Darcy Wilson,13110,SK,CA,23,13,6,12,25,0,1,0,0,2,5,4,2,0,0,0,7,18,0,1,2,2,1,90,2026
Marcus Windhager,12967,SK,CA,23,13,7,11,24,0,0,0,1,2,6,1,3,1,1,0,3,21,0,0,0,0,2,88,2026
Mason Wood,12312,SK,CA,23,6,5,2,8,0,0,0,1,0,2,1,1,3,1,0,6,4,1,0,1,0,0,37,2026
Blake Acres,12276,CA,SK,23,14,6,6,20,0,0,0,5,3,3,1,1,1,0,0,5,13,0,0,1,0,1,78,2026
Ben Ainsworth,12498,CA,SK,23,5,1,7,12,2,0,0,1,0,2,1,1,0,0,0,4,8,0,1,0,1,0,74,2026
Talor Byrne,13297,CA,SK,23,7,7,6,13,1,0,0,1,2,3,2,0,1,0,0,5,9,0,2,2,0,1,73,2026
Adam Cerra,12603,CA,SK,23,15,5,9,24,0,0,0,4,3,2,2,2,0,1,0,4,15,0,0,1,0,0,78,2026
Matthew Cottrell,12822,CA,SK,23,6,3,10,16,0,1,0,4,1,2,0,1,0,1,0,3,12,0,0,1,0,2,80,2026
Lachlan Cowan,13028,CA,SK,23,11,7,4,15,0,0,0,2,0,3,0,2,0,0,0,5,10,1,0,4,0,0,81,2026
Patrick Cripps,12261,CA,SK,23,12,5,14,26,0,1,1,4,1,3,6,2,2,1,0,12,13,2,0,0,0,0,78,2026
Harry Dean,13273,CA,SK,23,6,3,2,8,0,0,0,2,2,1,0,0,1,0,0,3,5,0,0,3,0,1,78,2026
Wade Derksen,13303,CA,SK,23,10,4,6,16,0,0,0,1,3,1,0,1,0,0,0,3,10,0,0,9,2,0,82,2026
Francis Evans,12873,CA,SK,23,16,8,6,22,1,1,0,4,1,12,0,3,3,0,0,7,16,1,1,0,0,2,82,2026
Oliver Florent,12497,CA,SK,23,15,8,10,25,0,0,0,5,4,2,1,1,0,0,0,5,16,0,0,2,0,1,87,2026
Nick Haynes,12091,CA,SK,23,13,13,7,20,0,0,0,0,1,0,1,0,0,0,0,3,17,0,0,6,0,0,91,2026
Will Hayward,12509,CA,SK,23,13,9,6,19,2,1,0,0,2,2,0,6,1,3,0,6,14,0,3,0,0,1,79,2026
George Hewett,12411,CA,SK,23,11,4,15,26,0,1,0,4,0,3,4,2,0,0,0,8,19,0,0,1,0,1,78,2026
Brodie Kemp,12937,CA,SK,23,6,5,2,8,2,2,0,2,0,0,0,1,2,0,0,4,4,1,4,1,0,1,82,2026
Cooper Lord,13170,CA,SK,23,11,5,7,18,0,0,0,4,3,1,0,0,1,0,0,2,15,0,0,1,1,0,70,2026
Mitch McGovern,12404,CA,SK,23,9,6,6,15,2,1,0,2,0,3,0,3,0,0,0,3,12,0,2,1,0,0,78,2026
Harry McKay,12566,CA,SK,23,6,4,3,9,3,0,1,1,0,1,1,1,1,0,0,5,4,2,3,2,0,0,84,2026
Marc Pittonet,12417,CA,SK,23,12,2,5,17,2,0,25,3,2,2,7,9,3,2,0,12,2,2,1,2,0,0,71,2026
Jagga Smith,13274,CA,SK,23,10,3,11,21,0,0,0,2,2,2,2,3,0,0,0,4,17,0,0,0,1,1,68,2026
Sam Walsh,12684,CA,SK,23,12,4,14,26,1,0,0,2,1,6,7,4,0,0,0,10,16,0,1,0,0,0,80,2026
Billy Wilson,13244,CA,SK,23,12,2,9,21,0,0,0,3,5,1,0,4,0,0,0,3,14,0,0,3,0,0,79,2026
Lewis Young,12559,CA,SK,23,3,3,5,8,0,2,6,4,0,1,0,2,0,2,0,2,6,1,3,3,0,0,70,2026
Callum Ah Chee,12414,AD,FR,24,6,1,2,8,1,1,0,5,0,1,0,2,0,0,0,3,4,0,0,0,0,1,83,2026
Sam Berry,12849,AD,FR,24,4,2,7,11,0,0,0,3,1,1,3,1,0,1,0,6,6,0,0,0,0,0,66,2026
James Borlase,13086,AD,FR,24,5,3,4,9,0,0,0,2,2,2,0,1,1,0,0,4,4,0,0,12,0,0,89,2026
Brayden Cook,12932,AD,FR,24,9,4,6,15,2,0,0,0,1,1,1,3,1,2,0,5,11,0,0,1,0,0,79,2026
Isaac Cumming,12629,AD,FR,24,8,2,1,9,0,0,0,6,3,1,0,3,2,3,0,6,4,1,0,4,0,0,69,2026
Daniel Curtin,13132,AD,FR,24,12,3,4,16,0,0,0,4,1,3,2,1,2,0,0,9,8,1,0,5,0,1,78,2026
Jordan Dawson,12516,AD,FR,24,15,3,12,27,0,0,0,8,1,7,10,2,1,0,0,14,8,1,0,0,0,1,78,2026
Darcy Fogarty,12584,AD,FR,24,7,4,2,9,2,1,0,2,0,4,0,2,0,2,0,2,7,0,2,0,0,0,81,2026
Hugo Hall-Kahan,13328,AD,FR,24,16,4,4,20,0,0,0,2,6,2,2,3,1,0,0,4,13,0,0,0,0,1,80,2026
Mark Keane,12809,AD,FR,24,18,3,0,18,0,0,0,2,3,0,0,4,1,2,0,7,5,1,0,3,0,0,92,2026
Ben Keays,12434,AD,FR,24,6,3,4,10,0,1,0,1,0,2,1,2,0,1,0,6,4,1,0,0,0,3,87,2026
Rory Laird,12165,AD,FR,24,10,5,12,22,1,0,0,0,1,1,1,0,1,0,0,5,17,0,0,3,0,0,72,2026
Lachlan McAndrew,13065,AD,FR,24,9,4,5,14,0,0,36,2,2,4,5,3,1,1,0,12,1,4,0,7,0,0,79,2026
Max Michalanney,13027,AD,FR,24,5,4,3,8,0,0,0,2,4,0,1,1,2,0,0,4,6,0,0,6,0,0,81,2026
Toby Murray,13280,AD,FR,24,2,1,0,2,0,0,2,1,0,2,1,0,1,0,0,1,1,0,0,3,0,0,51,2026
Luke Nankervis,13081,AD,FR,24,7,3,3,10,0,0,0,3,4,0,0,1,0,1,0,2,8,0,0,1,0,0,75,2026
James Peatling,12934,AD,FR,24,7,1,2,9,0,1,0,1,3,1,1,1,1,0,0,1,6,0,1,0,0,1,65,2026
Josh Rachele,12953,AD,FR,24,6,3,3,9,2,1,0,1,0,2,0,4,1,1,0,5,5,0,2,0,0,1,81,2026
Izak Rankine,12798,AD,FR,24,25,9,14,39,1,3,0,6,5,5,10,2,1,0,0,15,22,0,0,1,1,0,87,2026
Jake Soligo,12952,AD,FR,24,8,3,11,19,0,0,0,3,0,2,0,1,0,1,0,12,7,1,0,0,0,1,80,2026
Zac Taylor,13159,AD,FR,24,8,4,6,14,2,0,0,2,1,1,0,3,0,1,0,4,10,0,0,0,0,0,78,2026
Riley Thilthorpe,12892,AD,FR,24,7,4,2,9,2,1,1,1,0,4,0,0,2,0,0,6,3,2,1,2,0,0,84,2026
Josh Worrell,12912,AD,FR,24,8,2,5,13,0,0,0,1,6,0,0,2,0,1,0,2,7,0,0,3,0,0,87,2026
Jye Amiss,12983,FR,AD,24,7,4,2,9,5,1,0,2,0,0,0,2,3,1,0,5,4,0,4,1,0,0,89,2026
Shai Bolton,12535,FR,AD,24,21,2,6,27,1,0,0,4,1,15,4,6,0,2,0,9,19,0,0,1,4,3,72,2026
Andrew Brayshaw,12589,FR,AD,24,10,2,17,27,1,1,0,6,1,4,4,2,2,2,0,9,18,0,1,4,1,0,75,2026
Heath Chapman,12875,FR,AD,24,8,5,8,16,0,0,0,2,3,4,0,1,2,0,0,6,11,1,0,5,0,1,81,2026
Jordan Clark,12688,FR,AD,24,15,4,10,25,0,0,0,1,5,3,2,3,1,1,0,10,12,0,0,1,3,1,87,2026
Brennan Cox,12544,FR,AD,24,3,3,3,6,0,0,0,1,1,0,0,0,0,0,0,1,5,0,0,8,0,0,78,2026
Mason Cox,12428,FR,AD,24,5,2,5,10,1,0,21,2,0,2,1,1,1,0,0,4,3,1,1,2,0,1,46,2026
Isaiah Dudley,13204,FR,AD,24,3,0,5,8,3,0,0,1,0,0,2,1,1,0,0,4,5,0,0,1,0,0,70,2026
Neil Erasmus,12966,FR,AD,24,9,4,11,20,0,0,0,4,3,1,1,1,1,1,0,6,14,0,0,1,0,1,76,2026
Michael Frederick,12801,FR,AD,24,8,2,4,12,2,0,0,2,1,1,1,0,1,0,0,5,8,1,1,1,0,0,80,2026
Luke Jackson,12779,FR,AD,24,8,3,12,20,0,2,33,9,2,4,5,3,0,2,0,8,11,1,0,0,0,1,82,2026
Matthew Johnson,13047,FR,AD,24,5,4,11,16,0,0,0,3,2,1,2,4,0,1,0,3,13,0,0,2,1,0,81,2026
Oscar McDonald,12394,FR,AD,24,8,5,5,13,0,0,0,2,2,1,0,1,1,1,0,5,8,1,0,9,0,0,94,2026
Nathan ODriscoll,12960,FR,AD,24,7,2,2,9,0,0,0,2,1,1,0,1,2,1,0,4,5,0,0,1,1,0,69,2026
Alex Pearce,12352,FR,AD,24,2,1,1,3,0,0,0,1,1,0,0,3,0,2,0,1,2,0,0,2,0,0,82,2026
Luke Ryan,12542,FR,AD,24,14,6,5,19,0,0,0,2,4,2,0,1,0,0,0,3,13,0,0,0,0,1,74,2026
Chris Scerri,13296,FR,AD,24,6,1,6,12,0,1,0,5,0,4,0,5,1,2,0,7,5,0,0,3,0,1,79,2026
Caleb Serong,12786,FR,AD,24,16,2,13,29,2,0,0,5,1,5,12,2,0,0,0,13,15,1,0,0,0,0,80,2026
Sam Switkowski,12672,FR,AD,24,3,1,10,13,0,0,0,4,0,3,4,0,0,0,0,6,8,0,0,1,0,1,79,2026
Josh Treacy,12887,FR,AD,24,11,11,3,14,1,4,0,1,0,4,0,1,0,0,0,8,5,6,5,2,0,0,91,2026
Patrick Voss,13129,FR,AD,24,1,1,6,7,0,1,0,7,0,0,0,2,0,1,0,3,5,0,1,1,0,3,89,2026
Karl Worner,13075,FR,AD,24,11,6,4,15,0,0,0,2,2,1,0,1,1,0,0,3,10,1,0,7,0,0,79,2026
Hayden Young,12777,FR,AD,24,9,4,14,23,0,1,0,4,2,4,6,3,0,2,0,11,11,0,0,0,0,0,69,2026
Kye Annand,13338,RI,SK,24,4,5,5,9,0,0,0,0,1,0,0,2,0,0,0,3,7,0,0,10,0,0,82,2026
Harry Armstrong,13189,RI,SK,24,0,0,3,3,0,0,0,0,0,0,0,0,0,0,0,0,3,0,0,0,0,0,64,2026
Sam Banks,13078,RI,SK,24,8,4,9,17,0,0,0,0,2,1,2,1,0,1,0,4,14,0,1,0,0,1,82,2026
Nathan Broad,12456,RI,SK,24,10,5,6,16,0,0,0,3,7,1,1,2,0,1,0,3,11,0,0,6,0,0,85,2026
Tom Brown,13096,RI,SK,24,12,5,1,13,0,0,0,1,4,4,0,2,1,1,0,2,10,0,0,3,0,2,81,2026
Seth Campbell,13100,RI,SK,24,6,2,9,15,0,0,0,3,2,4,3,4,0,1,0,7,7,1,0,0,0,0,76,2026
Judson Clarke,12997,RI,SK,24,8,4,7,15,0,0,0,2,3,3,0,2,0,0,0,4,10,0,0,1,0,0,74,2026
Steely Green,13145,RI,SK,24,4,3,6,10,0,0,0,1,0,4,0,2,0,1,0,1,8,0,0,0,0,0,76,2026
Sam Grlj,13290,RI,SK,24,3,4,8,11,1,0,0,4,0,2,0,2,0,1,0,5,6,0,1,1,1,0,72,2026
Taj Hotton,13253,RI,SK,24,3,1,11,14,0,0,0,3,0,0,1,4,0,2,0,6,9,0,0,0,0,0,76,2026
Sam Lalor,13190,RI,SK,24,5,2,4,9,0,1,0,9,0,3,1,2,0,0,0,2,7,0,1,0,0,1,72,2026
Mykelti Lefau,13113,RI,SK,24,8,5,2,10,2,0,6,3,0,5,0,2,2,2,0,3,7,0,1,3,0,0,76,2026
Tom Lynch,11948,RI,SK,24,4,4,2,6,1,1,1,3,0,1,0,0,0,0,0,2,4,1,3,0,0,0,86,2026
Ben Miller,12941,RI,SK,24,10,6,5,15,0,0,0,2,5,0,0,1,3,0,0,6,7,0,0,3,0,0,81,2026
Toby Nankervis,12374,RI,SK,24,3,2,17,20,0,0,35,1,0,0,8,7,1,3,0,13,8,0,0,3,0,0,74,2026
Dion Prestia,11917,RI,SK,24,13,5,14,27,0,1,0,4,5,5,3,4,1,0,0,8,17,0,0,1,1,0,74,2026
Hugo Ralphsmith,12902,RI,SK,24,8,5,7,15,0,0,0,4,2,4,0,1,1,1,0,6,10,0,1,5,0,0,87,2026
Patrick Retschko,13313,RI,SK,24,16,5,7,23,0,0,0,2,2,2,2,5,0,2,0,6,18,0,0,2,2,0,89,2026
Jack Ross,12712,RI,SK,24,6,1,10,16,1,0,0,1,0,3,3,2,1,0,0,11,4,0,1,0,0,0,73,2026
Jayden Short,12418,RI,SK,24,12,6,6,18,0,0,0,4,2,0,0,0,0,0,0,2,14,0,0,1,0,0,76,2026
Tim Taranto,12504,RI,SK,24,12,4,9,21,1,1,0,7,1,3,6,1,0,0,0,10,11,1,2,0,0,0,81,2026
Luke Trainor,13191,RI,SK,24,12,5,2,14,0,0,0,2,3,1,1,7,1,4,0,2,12,0,0,1,1,0,77,2026
Nick Vlastuin,12174,RI,SK,24,12,6,6,18,0,0,0,1,5,1,0,3,0,1,0,5,11,1,0,5,0,0,86,2026
Hugh Boxshall,13220,SK,RI,24,8,3,13,21,0,0,0,11,1,1,4,3,1,0,0,12,10,0,0,3,0,0,78,2026
Dan Butler,12490,SK,RI,24,11,4,10,21,2,0,0,9,0,4,0,0,2,0,0,4,17,0,0,0,1,0,76,2026
Ryan Byrnes,12802,SK,RI,24,10,7,6,16,0,0,0,3,4,0,3,1,0,0,0,5,11,0,0,0,0,0,85,2026
Tom De Koning,12674,SK,RI,24,10,5,5,15,0,0,24,1,3,3,3,4,0,2,0,4,11,0,0,1,0,0,79,2026
Hugo Garcia,13125,SK,RI,24,17,5,13,30,1,0,0,9,2,4,7,4,2,2,0,14,17,0,0,2,1,0,78,2026
Max Hall,13193,SK,RI,24,21,10,19,40,1,0,0,6,1,10,3,2,0,0,0,9,30,0,0,1,3,4,76,2026
Angus Hastie,13116,SK,RI,24,11,5,6,17,0,0,0,1,4,1,0,2,0,0,0,4,11,0,0,1,1,0,70,2026
Jack Higgins,12609,SK,RI,24,10,2,5,15,1,3,0,3,0,3,1,4,4,1,0,8,7,0,1,1,0,0,82,2026
Bradley Hill,12060,SK,RI,24,30,11,11,41,0,0,0,0,4,4,0,7,0,0,0,2,36,0,0,3,1,1,86,2026
Campbell Lake,13331,SK,RI,24,5,0,6,11,0,0,0,10,0,2,1,4,0,0,0,5,6,0,0,0,0,1,66,2026
Jack Macrae,12166,SK,RI,24,11,3,21,32,0,0,0,10,2,5,12,2,1,1,0,22,10,0,0,0,0,0,65,2026
Rowan Marshall,12564,SK,RI,24,9,5,11,20,1,0,19,0,1,1,6,2,3,0,0,11,9,1,0,2,0,1,76,2026
Liam OConnell,13194,SK,RI,24,9,5,2,11,0,0,0,8,0,2,0,2,1,0,0,2,9,0,0,0,0,0,86,2026
Mitch Owens,12948,SK,RI,24,10,7,4,14,5,2,0,0,0,2,1,2,1,0,0,10,5,3,6,3,0,1,82,2026
Mattaes Phillipou,13036,SK,RI,24,3,1,11,14,0,0,0,3,0,3,2,3,0,0,0,3,10,0,0,0,0,0,78,2026
Cooper Sharman,12929,SK,RI,24,8,5,3,11,2,1,0,2,0,2,0,2,0,1,0,8,3,3,3,1,0,1,81,2026
Jack Silvagni,12458,SK,RI,24,16,9,4,20,0,0,0,2,6,2,0,1,0,0,0,8,14,1,0,6,1,1,96,2026
Liam Stocker,12721,SK,RI,24,18,7,2,20,0,0,0,3,6,2,1,2,2,1,0,4,11,1,0,4,0,0,74,2026
Alix Tauru,13243,SK,RI,24,5,5,2,7,0,0,0,2,0,1,0,1,1,1,0,3,5,1,0,2,0,0,57,2026
Tobie Travaglia,13206,SK,RI,24,7,4,9,16,0,0,0,1,0,1,0,1,0,1,0,4,12,0,0,1,1,0,68,2026
Callum Wilkie,12703,SK,RI,24,15,12,6,21,0,0,0,0,6,0,0,2,1,0,0,4,16,0,0,7,1,0,92,2026
Darcy Wilson,13110,SK,RI,24,7,3,8,15,0,1,0,0,0,3,1,1,0,0,0,4,11,0,1,0,2,1,86,2026
Marcus Windhager,12967,SK,RI,24,13,3,11,24,1,0,0,4,1,4,0,3,2,1,0,5,19,0,0,3,0,0,83,2026
Zac Banch,13256,NM,GE,24,7,1,5,12,1,1,0,4,1,3,2,0,2,0,0,6,6,0,0,1,0,3,76,2026
Tom Blamires,13287,NM,GE,24,12,0,7,19,0,0,0,4,3,2,1,3,3,1,0,8,7,0,0,0,1,0,74,2026
Charlie Comben,12938,NM,GE,24,6,1,3,9,0,0,0,0,2,1,0,2,1,1,0,2,7,0,0,8,0,1,88,2026
Aidan Corr,12181,NM,GE,24,8,3,3,11,0,0,0,0,3,0,0,2,0,2,0,3,6,1,0,4,1,0,85,2026
Paul Curtis,12975,NM,GE,24,6,2,5,11,1,0,0,7,0,3,0,3,0,3,0,4,7,1,1,1,0,2,78,2026
Caleb Daniel,12373,NM,GE,24,8,4,16,24,0,0,0,0,5,2,1,2,1,0,0,5,18,0,0,0,1,1,86,2026
Jack Darling,11905,NM,GE,24,5,4,5,10,4,1,0,0,0,0,0,0,1,0,0,4,7,2,4,0,0,0,76,2026
Luke Davies-Uniacke,12590,NM,GE,24,8,2,12,20,0,1,0,5,0,2,7,3,0,2,0,11,9,1,0,0,0,0,90,2026
Wil Dawson,13144,NM,GE,24,1,1,3,4,0,0,13,3,2,1,1,1,0,0,0,4,1,1,0,3,0,0,56,2026
Riley Hardeman,13130,NM,GE,24,6,1,9,15,0,0,0,3,3,1,0,0,0,0,0,1,14,0,0,1,0,0,78,2026
Nick Larkey,12563,NM,GE,24,7,4,3,10,5,0,0,2,0,1,1,0,0,0,0,4,6,1,4,0,0,1,89,2026
Griffin Logue,12511,NM,GE,24,5,6,8,13,0,0,0,1,5,0,0,3,0,2,0,4,10,0,0,3,2,0,78,2026
Colby McKercher,13107,NM,GE,24,13,3,6,19,0,0,0,5,2,1,0,1,0,1,0,1,15,0,0,0,2,0,87,2026
Finn OSullivan,13187,NM,GE,24,10,1,15,25,0,0,0,8,0,5,7,7,3,2,0,13,12,0,0,0,0,0,73,2026
Luke Parker,11953,NM,GE,24,11,1,9,20,0,0,0,0,3,2,1,3,1,0,0,9,6,1,0,3,0,0,87,2026
Harry Sheezel,13034,NM,GE,24,6,1,10,16,1,0,0,1,0,3,6,3,0,0,0,9,7,0,0,0,0,2,40,2026
Jy Simpkin,12502,NM,GE,24,13,4,13,26,2,0,0,0,1,4,8,5,1,2,0,9,15,0,1,0,1,0,94,2026
Charlie Spargo,12622,NM,GE,24,5,2,9,14,0,1,0,2,2,1,0,2,0,0,0,5,9,0,1,2,0,1,72,2026
Dylan Stephens,12796,NM,GE,24,11,1,7,18,0,0,0,1,2,4,3,4,1,2,0,3,16,0,0,0,1,0,95,2026
Cooper Trembath,13263,NM,GE,24,5,5,6,11,3,1,4,2,0,0,0,0,1,0,0,5,6,2,3,1,0,0,86,2026
George Wardlaw,13064,NM,GE,24,10,2,6,16,0,0,0,8,1,6,1,7,1,2,0,4,11,0,0,1,0,0,59,2026
Tristan Xerri,12788,NM,GE,24,6,1,11,17,0,0,28,11,0,2,11,5,4,2,0,13,3,0,0,1,0,1,79,2026
Cameron Zurhaar,12557,NM,GE,24,13,5,7,20,0,0,0,4,10,1,0,2,2,0,0,6,13,2,0,3,1,1,76,2026
Tom Atkins,12690,GE,NM,24,8,2,9,17,0,0,0,6,0,2,2,0,2,0,0,6,10,0,0,1,0,0,77,2026
Mark Blicavs,12153,GE,NM,24,11,3,7,18,3,1,17,3,0,4,5,4,0,2,0,10,7,0,1,4,0,0,81,2026
Tanner Bruhn,12871,GE,NM,24,20,8,8,28,0,0,0,1,5,3,3,3,2,1,0,6,21,0,0,0,1,0,81,2026
Jhye Clark,13062,GE,NM,24,4,4,7,11,0,0,0,1,1,2,1,1,0,1,0,4,7,0,0,0,0,0,71,2026
Brad Close,12806,GE,NM,24,3,0,7,10,1,0,0,4,0,1,0,1,1,1,0,7,3,0,0,1,0,0,74,2026
Patrick Dangerfield,11700,GE,NM,24,8,3,1,9,2,1,0,0,0,2,1,1,1,0,0,5,4,1,3,2,0,2,67,2026
Oliver Dempsey,12974,GE,NM,24,16,9,8,24,1,2,0,2,0,9,2,3,1,1,0,8,15,1,1,0,1,1,90,2026
Mitchell Edwards,13285,GE,NM,24,8,1,2,10,2,0,23,3,0,1,3,3,3,2,0,6,2,0,1,2,0,1,61,2026
Zach Guthrie,12551,GE,NM,24,10,5,5,15,0,0,0,1,2,2,2,2,1,1,0,5,10,0,0,4,0,0,86,2026
Jack Henry,12607,GE,NM,24,2,4,4,6,0,0,0,0,1,0,0,0,0,0,0,1,5,0,0,8,0,0,93,2026
Oliver Henry,12851,GE,NM,24,3,1,4,7,1,1,0,5,0,0,0,0,1,0,0,3,4,0,1,2,0,1,81,2026
Lawson Humphries,13160,GE,NM,24,15,7,5,20,1,0,0,4,5,2,2,0,0,0,0,5,14,1,0,4,0,1,78,2026
Shaun Mannagh,13104,GE,NM,24,16,6,4,20,3,2,0,2,0,8,2,4,1,1,0,5,14,0,2,0,1,1,81,2026
Gryan Miers,12689,GE,NM,24,4,2,12,16,0,0,0,4,0,5,2,1,1,0,0,7,8,0,0,0,1,0,86,2026
Oisin Mullin,13066,GE,NM,24,6,5,11,17,0,0,0,7,0,4,4,1,1,1,0,8,11,0,1,3,1,1,90,2026
Shannon Neale,12992,GE,NM,24,12,6,4,16,2,2,0,2,0,7,1,6,1,4,0,4,12,0,3,3,0,1,100,2026
Mark OConnor,12531,GE,NM,24,5,2,5,10,0,0,0,10,1,1,1,2,1,1,0,5,6,0,0,2,0,0,85,2026
Connor OSullivan,13122,GE,NM,24,7,5,4,11,0,0,0,5,5,1,0,2,0,0,0,4,7,2,0,6,0,0,98,2026
Jay Polkinghorne,13353,GE,NM,24,4,3,3,7,3,0,0,2,0,0,0,2,1,1,0,4,4,0,3,0,0,2,62,2026
Bailey Smith,12692,GE,NM,24,21,3,13,34,0,0,0,5,1,7,2,6,1,1,0,10,20,0,0,0,0,0,86,2026
Tom Stewart,12505,GE,NM,24,16,5,3,19,0,0,0,0,4,1,0,2,2,1,0,4,11,0,0,1,0,0,80,2026
Oliver Wiltshire,13217,GE,NM,24,1,0,3,4,0,0,0,0,0,1,0,1,0,1,0,1,3,0,0,1,0,0,41,2026
James Worpel,12619,GE,NM,24,7,2,8,15,0,1,0,7,2,2,4,4,1,2,0,6,9,0,1,0,0,1,49,2026
Oscar Allen,12655,BL,GC,24,4,2,1,5,2,0,0,3,0,1,1,0,1,0,0,3,3,0,2,2,0,0,70,2026
Harris Andrews,12340,BL,GC,24,5,5,5,10,0,0,0,3,0,0,0,0,1,0,0,4,6,1,0,5,0,0,96,2026
Daniel Annable,13295,BL,GC,24,6,2,1,7,0,0,0,3,2,1,1,0,1,0,0,2,5,0,0,0,0,0,71,2026
Noah Answerth,12718,BL,GC,24,6,4,4,10,0,0,0,3,1,2,1,1,0,0,0,4,5,0,0,2,0,1,84,2026
Levi Ashcroft,13197,BL,GC,24,14,9,12,26,1,0,0,4,3,2,1,0,2,0,0,6,20,0,0,1,1,1,82,2026
Will Ashcroft,13040,BL,GC,24,19,8,12,31,1,1,0,2,3,5,4,5,0,2,0,9,20,0,0,0,6,1,80,2026
Zac Bailey,12610,BL,GC,24,16,8,11,27,0,1,0,2,3,2,1,5,1,0,0,7,18,0,1,0,0,2,76,2026
Jarrod Berry,12519,BL,GC,24,14,6,7,21,0,1,0,8,3,0,4,4,2,2,0,10,14,0,0,3,0,0,78,2026
Charlie Cameron,12277,BL,GC,24,14,4,3,17,2,2,0,3,1,6,1,2,1,0,0,5,10,0,1,1,0,0,79,2026
Sam Draper,12810,BL,GC,24,2,0,2,4,0,0,18,3,0,1,0,1,0,0,0,0,2,0,0,5,0,0,59,2026
Josh Dunkley,12408,BL,GC,24,13,3,11,24,0,0,0,8,4,3,3,4,3,1,0,9,13,0,0,1,0,0,80,2026
Jaspa Fletcher,13072,BL,GC,24,15,5,6,21,0,0,0,0,8,1,1,3,0,2,0,7,11,0,0,2,0,0,85,2026
Darcy Fort,12724,BL,GC,24,5,4,3,8,1,0,13,3,0,2,3,2,1,0,0,5,3,2,1,4,0,0,56,2026
Darcy Gardiner,12267,BL,GC,24,5,4,1,6,0,0,0,0,2,1,0,2,2,1,0,2,4,0,0,6,0,0,88,2026
Eric Hipwood,12454,BL,GC,24,8,5,2,10,1,1,0,4,1,3,0,2,3,2,0,3,9,0,1,2,0,1,78,2026
Ryan Lester,11894,BL,GC,24,11,6,5,16,0,0,0,3,3,4,1,1,0,0,0,4,11,0,0,4,0,0,86,2026
Kai Lohmann,12968,BL,GC,24,5,0,4,9,0,1,0,4,0,1,1,7,1,2,0,5,4,0,0,0,1,1,85,2026
Conor McKenna,12391,BL,GC,24,5,0,4,9,0,1,0,2,1,3,0,2,0,0,0,2,7,0,0,0,0,0,72,2026
Logan Morris,13137,BL,GC,24,9,7,4,13,4,0,0,2,0,0,0,3,0,1,0,2,10,1,5,0,0,0,72,2026
Lachie Neale,12055,BL,GC,24,7,1,10,17,0,1,0,1,1,2,3,1,2,0,0,10,7,1,1,2,0,0,83,2026
Cam Rayner,12592,BL,GC,24,11,7,4,15,1,0,0,1,1,1,2,4,0,2,0,3,12,1,1,0,0,1,79,2026
Darcy Wilmot,13026,BL,GC,24,13,4,10,23,0,0,0,1,1,2,1,2,1,0,0,8,10,0,0,1,0,0,80,2026
Dayne Zorko,12076,BL,GC,24,19,4,6,25,1,0,0,6,7,2,1,4,2,0,0,2,16,1,0,1,0,1,81,2026
Beau Addinsall,13341,GC,BL,24,4,2,7,11,0,0,0,0,0,2,1,2,0,0,0,3,8,0,0,0,0,0,74,2026
Noah Anderson,12767,GC,BL,24,15,4,9,24,0,0,0,4,3,8,6,5,1,2,0,10,15,0,0,1,0,1,85,2026
Mac Andrew,13019,GC,BL,24,6,5,5,11,0,0,0,1,1,2,0,2,1,1,0,7,4,3,0,5,0,0,93,2026
Charlie Ballard,12625,GC,BL,24,5,5,2,7,0,0,0,1,0,0,0,1,1,0,0,4,4,1,0,3,0,0,75,2026
Sam Clohesy,13119,GC,BL,24,11,6,9,20,0,0,0,0,4,1,0,1,1,1,0,1,17,0,0,0,1,0,78,2026
Sam Collins,12444,GC,BL,24,2,2,10,12,0,0,0,0,2,1,0,2,1,0,0,6,6,0,0,7,0,0,62,2026
Lachlan Gulbin,13272,GC,BL,24,9,2,3,12,0,1,0,3,0,7,0,1,2,0,0,4,8,0,0,1,0,0,68,2026
Bailey Humphrey,13049,GC,BL,24,8,4,11,19,1,4,0,1,0,2,1,3,0,1,0,7,12,0,2,0,2,0,82,2026
Joel Jeffrey,12933,GC,BL,24,6,3,9,15,0,1,0,4,0,2,1,2,1,2,0,9,7,1,2,2,0,0,70,2026
Ben King,12728,GC,BL,24,4,3,2,6,2,0,0,1,0,0,0,4,0,2,0,3,3,0,3,2,0,1,82,2026
Leo Lombard,13232,GC,BL,24,9,2,7,16,0,2,0,5,0,4,1,2,0,0,0,2,13,0,0,0,2,1,84,2026
Ben Long,12521,GC,BL,24,4,3,1,5,1,2,0,3,0,0,0,2,0,0,0,1,5,0,2,1,0,0,75,2026
Touk Miller,12331,GC,BL,24,8,2,9,17,0,0,0,2,1,2,5,4,2,1,0,6,12,0,0,2,0,0,80,2026
Ned Moyle,13050,GC,BL,24,6,2,4,10,0,1,41,4,1,0,5,1,1,1,0,7,2,1,0,2,0,0,85,2026
John Noble,12743,GC,BL,24,14,5,7,21,0,0,0,2,4,3,0,2,0,0,0,2,17,0,0,0,2,0,78,2026
Christian Petracca,12430,GC,BL,24,5,4,7,12,0,1,0,4,0,2,2,3,0,1,0,4,8,0,1,0,0,0,79,2026
Wil Powell,12652,GC,BL,24,7,3,10,17,0,0,0,5,1,2,0,2,0,2,0,5,10,0,0,3,0,0,78,2026
Ethan Read,13121,GC,BL,24,9,2,5,14,0,0,1,3,1,3,3,6,2,1,0,7,6,1,0,4,0,0,73,2026
Daniel Rioli,12403,GC,BL,24,10,3,10,20,0,0,0,3,3,1,1,3,0,1,0,7,12,0,0,0,3,0,80,2026
Jake Rogers,13126,GC,BL,24,6,0,7,13,0,0,0,2,0,4,1,3,0,1,0,4,9,0,0,0,0,1,73,2026
Matt Rowell,12768,GC,BL,24,17,3,11,28,0,1,0,4,3,3,8,7,1,5,0,19,10,0,0,0,0,0,83,2026
Bodhi Uwland,13041,GC,BL,24,13,8,9,22,0,0,0,1,5,3,0,1,1,0,0,3,14,1,0,2,0,0,82,2026
Jed Walter,13114,GC,BL,24,4,4,2,6,2,1,0,4,1,0,0,3,0,2,0,1,5,0,2,1,0,0,80,2026
Karl Amon,12357,HW,CW,24,13,4,5,18,0,0,0,3,5,1,1,1,0,1,0,3,10,0,0,3,0,0,75,2026
Tom Barrass,12383,HW,CW,24,6,4,2,8,0,0,0,4,4,0,0,2,1,1,0,3,5,1,0,6,0,0,89,2026
Josh Battle,12558,HW,CW,24,12,6,8,20,0,0,3,5,5,2,0,4,1,2,0,4,12,0,0,5,0,0,92,2026
Max Beattie,13363,HW,CW,24,8,4,2,10,1,1,0,1,0,1,0,0,1,0,0,2,7,0,1,0,1,0,47,2026
Mabior Chol,12485,HW,CW,24,9,7,2,11,1,0,2,1,0,4,1,4,1,0,0,8,3,4,1,1,0,0,81,2026
Massimo DAmbrosio,12998,HW,CW,24,11,8,4,15,0,1,0,2,2,2,1,2,0,0,0,4,11,0,1,0,0,1,87,2026
Will Day,12794,HW,CW,24,6,2,10,16,0,0,0,3,2,3,2,4,0,1,0,7,8,0,0,1,0,0,69,2026
Jack Ginnivan,12927,HW,CW,24,10,2,3,13,0,0,0,2,1,4,1,2,3,0,0,7,9,0,0,1,0,0,69,2026
Jack Gunston,11845,HW,CW,24,11,5,1,12,2,4,0,0,0,2,0,2,3,0,0,4,8,0,2,0,0,0,96,2026
Blake Hardwick,12469,HW,CW,24,12,3,1,13,0,0,0,2,6,1,0,2,0,0,0,1,8,0,0,5,0,0,93,2026
Jarman Impey,12237,HW,CW,24,17,7,8,25,0,1,0,2,5,2,1,1,0,0,0,6,18,0,0,3,0,0,82,2026
Mitch Lewis,12636,HW,CW,24,10,8,5,15,2,2,0,0,0,4,1,0,1,0,0,5,12,0,3,4,1,2,79,2026
Bailey Macdonald,13069,HW,CW,24,7,2,6,13,0,0,0,2,2,1,0,2,0,2,0,3,8,0,0,2,0,0,63,2026
Connor Macdonald,12954,HW,CW,24,5,3,3,8,1,1,0,1,0,1,0,1,0,1,0,1,8,0,1,2,0,0,72,2026
Cam Mackenzie,13031,HW,CW,24,8,0,10,18,1,0,0,4,2,1,4,5,1,2,0,8,9,0,0,0,0,0,75,2026
Lloyd Meek,12856,HW,CW,24,6,1,5,11,1,0,43,6,0,1,2,2,1,0,0,5,5,0,1,0,0,1,77,2026
Dylan Moore,12710,HW,CW,24,12,8,7,19,1,2,0,2,2,2,1,1,2,0,0,4,16,0,6,1,0,1,74,2026
Harry Morrison,12579,HW,CW,24,13,6,7,20,0,0,0,4,1,4,3,2,1,1,0,9,11,0,0,1,0,1,79,2026
Jai Newcombe,12915,HW,CW,24,9,3,15,24,1,0,0,4,2,3,4,6,1,2,0,14,11,0,0,2,0,0,85,2026
James Sicily,12332,HW,CW,24,10,5,9,19,0,1,0,1,3,0,0,2,0,1,0,6,13,0,0,1,0,0,85,2026
Josh Ward,12955,HW,CW,24,8,3,12,20,2,0,0,5,0,3,6,5,0,2,0,12,8,0,0,2,0,0,71,2026
Nick Watson,13105,HW,CW,24,10,3,10,20,0,0,0,1,1,5,1,3,1,0,0,8,11,0,0,0,0,2,84,2026
Josh Weddle,13057,HW,CW,24,8,5,3,11,0,0,0,0,4,0,0,2,0,0,0,2,8,1,0,2,2,0,78,2026
Edward Allan,13146,CW,HW,24,7,2,21,28,1,0,0,6,0,4,2,3,0,0,0,8,16,0,0,2,0,1,75,2026
Angus Anderson,13306,CW,HW,24,6,1,6,12,1,0,0,3,1,2,1,3,2,0,0,6,5,0,0,0,0,0,77,2026
Darcy Cameron,12660,CW,HW,24,4,2,12,16,0,0,27,8,1,0,6,1,0,0,0,11,5,1,0,1,0,0,76,2026
Jack Crisp,12061,CW,HW,24,9,5,3,12,0,0,0,5,2,4,1,4,0,2,0,1,11,0,0,2,0,0,79,2026
Josh Daicos,12573,CW,HW,24,17,5,13,30,0,0,0,3,5,2,0,1,1,1,0,7,19,0,0,0,0,3,84,2026
Nick Daicos,12943,CW,HW,24,18,3,18,36,1,1,0,3,2,8,2,5,0,1,0,6,29,0,0,0,3,1,84,2026
Jordan de Goey,12318,CW,HW,24,11,2,12,23,0,0,0,1,2,2,2,3,0,0,0,7,12,0,0,0,0,0,73,2026
Billy Frampton,12676,CW,HW,24,5,3,3,8,0,0,0,1,2,0,0,1,0,1,0,2,6,0,0,7,0,0,93,2026
Harvey Harrison,13068,CW,HW,24,9,2,6,15,0,0,0,6,0,5,3,4,1,1,0,4,11,0,0,1,1,0,77,2026
Will Hayes,13228,CW,HW,24,4,0,2,6,2,0,0,1,0,2,1,0,1,0,0,4,2,0,0,0,0,0,67,2026
Dan Houston,12495,CW,HW,24,16,4,5,21,1,2,0,5,5,5,0,8,0,2,0,1,13,0,1,3,0,0,89,2026
Noah Howes,13359,CW,HW,24,4,6,7,11,0,0,0,0,4,0,0,2,0,1,0,3,8,0,0,3,0,0,72,2026
Ned Long,13023,CW,HW,24,6,1,11,17,0,1,0,4,0,3,6,4,1,2,0,9,9,0,1,1,0,2,64,2026
Beau McCreery,12876,CW,HW,24,13,3,9,22,1,2,0,12,0,7,3,3,0,0,0,10,10,0,0,2,0,2,76,2026
Daniel McStay,12291,CW,HW,24,9,4,7,16,2,0,3,2,0,1,3,1,3,0,0,10,5,1,1,1,0,0,67,2026
Tim Membrey,12300,CW,HW,24,4,3,5,9,0,2,0,2,0,0,0,1,0,1,0,3,5,0,3,2,0,1,76,2026
Scott Pendlebury,4182,CW,HW,24,5,2,15,20,0,0,0,8,0,2,2,6,1,2,0,8,12,0,0,0,0,0,60,2026
Liam Puncher,13342,CW,HW,24,1,1,1,2,0,0,0,1,1,0,0,1,0,1,0,0,2,0,0,1,0,0,88,2026
Isaac Quaynor,12740,CW,HW,24,4,2,7,11,0,0,0,5,4,0,0,4,1,2,0,4,8,0,0,3,0,0,82,2026
Lachie Schultz,12700,CW,HW,24,8,3,7,15,0,1,0,9,0,5,4,3,2,1,0,7,8,1,1,3,0,2,95,2026
Roan Steele,13248,CW,HW,24,11,7,6,17,2,2,0,5,1,1,3,1,1,0,0,7,12,1,2,2,0,0,88,2026
Sam Swadling,13340,CW,HW,24,20,7,9,29,0,0,0,1,2,5,2,1,1,0,0,7,22,0,0,2,0,0,83,2026
Charlie West,13246,CW,HW,24,4,2,4,8,2,1,0,1,0,2,0,0,1,0,0,4,4,1,1,3,0,0,74,2026
Jake Bowey,12931,ME,PA,24,11,3,8,19,0,0,0,4,5,4,2,0,1,0,0,6,12,0,0,1,1,1,86,2026
Kade Chandler,12756,ME,PA,24,10,4,8,18,4,0,0,9,0,6,0,3,1,0,0,6,12,0,1,2,0,2,76,2026
Joel Fitzgerald,13335,ME,PA,24,7,0,11,18,0,0,0,9,0,6,4,3,0,2,0,7,10,0,0,0,0,0,66,2026
Bayley Fritsch,12598,ME,PA,24,10,3,5,15,4,2,0,0,0,3,0,2,1,1,0,7,9,1,2,1,0,2,88,2026
Max Gawn,11966,ME,PA,24,12,4,13,25,0,0,22,4,3,2,9,3,2,2,0,15,11,1,0,4,0,0,78,2026
Matthew Jefferson,13182,ME,PA,24,8,2,2,10,3,0,0,0,0,3,0,0,1,0,0,5,2,2,0,2,0,2,69,2026
Changkuoth Jiath,12752,ME,PA,24,8,4,8,16,0,0,0,2,3,0,0,1,2,1,0,6,9,0,0,4,0,0,68,2026
Ed Langdon,12393,ME,PA,24,7,0,14,21,0,0,0,0,1,2,0,2,1,1,0,5,15,0,0,4,0,3,84,2026
Harvey Langford,13184,ME,PA,24,8,4,7,15,0,0,0,2,1,4,0,2,0,0,0,4,11,0,0,0,0,1,74,2026
Bailey Laurie,13032,ME,PA,24,13,4,7,20,2,1,0,1,1,3,0,2,0,0,0,7,12,0,1,1,0,0,67,2026
Jake Lever,12351,ME,PA,24,8,4,12,20,0,0,0,3,2,1,0,1,2,1,0,6,13,0,0,5,0,0,100,2026
Tom McDonald,12009,ME,PA,24,6,3,3,9,0,0,0,2,5,1,0,1,1,1,0,2,8,0,0,4,0,1,95,2026
Harry Petty,12653,ME,PA,24,8,6,5,13,2,2,0,0,0,3,0,2,1,0,0,5,8,0,3,0,0,0,76,2026
Kysaiah Pickett,12771,ME,PA,24,14,1,10,24,0,1,0,6,1,5,3,8,1,1,0,8,16,0,0,1,0,1,82,2026
Trent Rivers,12778,ME,PA,24,10,1,11,21,0,0,0,2,6,1,0,0,0,0,0,4,13,0,0,2,0,0,74,2026
Christian Salem,12272,ME,PA,24,8,0,7,15,0,1,0,3,2,1,2,3,0,0,0,6,7,0,0,0,0,1,53,2026
Harry Sharp,12864,ME,PA,24,4,2,11,15,0,0,0,3,0,2,2,2,0,0,0,6,9,0,1,2,0,2,80,2026
Tom Sparrow,12693,ME,PA,24,9,1,7,16,1,0,0,5,0,3,2,1,0,0,0,6,7,0,1,0,0,0,69,2026
Jack Steele,12368,ME,PA,24,11,3,16,27,1,0,0,7,1,4,3,5,2,1,0,9,19,0,0,3,0,0,83,2026
Koltyn Tholstrup,13123,ME,PA,24,11,8,10,21,0,0,0,0,1,3,0,2,0,0,0,5,14,1,0,0,1,1,81,2026
Daniel Turner,12996,ME,PA,24,14,5,5,19,0,0,0,2,8,0,0,3,3,0,0,9,9,0,0,6,0,0,100,2026
Jacob van Rooyen,13048,ME,PA,24,9,5,4,13,2,2,3,5,0,1,1,1,2,1,0,8,5,0,3,1,0,0,81,2026
Caleb Windsor,13099,ME,PA,24,10,1,4,14,1,2,0,4,0,4,2,1,3,0,0,4,9,0,0,0,0,0,70,2026
Aliir Aliir,12433,PA,ME,24,7,5,0,7,0,0,0,1,2,0,0,1,1,1,0,3,4,1,0,1,0,0,45,2026
Tom Anastasopoulos,13322,PA,ME,24,4,3,2,6,0,0,0,6,1,1,0,3,0,1,0,1,6,0,0,0,0,0,67,2026
Xavier Bamert,13337,PA,ME,24,10,4,4,14,0,0,0,0,0,4,0,1,1,0,0,6,9,0,0,1,0,2,79,2026
Miles Bergman,12867,PA,ME,24,16,7,11,27,0,0,0,1,3,5,3,2,1,0,0,11,16,1,0,5,0,0,84,2026
Joe Berry,13188,PA,ME,24,9,4,0,9,0,0,0,5,1,4,0,3,0,1,0,3,7,0,0,1,1,0,82,2026
Jase Burgoyne,13007,PA,ME,24,18,7,9,27,0,0,0,1,7,1,0,8,1,2,0,3,17,0,0,1,0,1,89,2026
Willem Drew,12695,PA,ME,24,8,1,12,20,0,0,0,4,0,3,3,6,1,0,0,7,12,0,0,0,0,1,84,2026
Corey Durdin,12936,PA,ME,24,6,3,2,8,1,1,0,1,0,1,2,2,1,2,0,7,3,0,1,0,0,0,90,2026
Mitch Georgiades,12766,PA,ME,24,12,6,3,15,4,0,0,1,0,2,0,6,0,2,0,5,10,0,4,2,1,0,93,2026
Jason Horne-Francis,12956,PA,ME,24,17,5,6,23,0,1,0,3,2,4,6,3,1,2,0,9,15,0,1,0,1,0,67,2026
Lachie Jones,12882,PA,ME,24,8,2,4,12,0,0,0,5,6,0,0,3,0,0,0,4,4,0,0,6,0,0,85,2026
Josh Lai,13301,PA,ME,24,7,5,5,12,0,0,0,1,2,1,0,4,0,2,0,4,8,0,0,1,0,1,90,2026
Todd Marshall,12575,PA,ME,24,9,7,4,13,1,1,0,1,0,3,0,0,1,0,0,3,10,2,2,0,0,1,86,2026
Balyn OBrien,13354,PA,ME,24,8,2,7,15,0,0,0,1,3,2,3,3,0,1,0,4,10,0,0,3,0,0,71,2026
Harrison Ramm,13270,PA,ME,24,4,3,5,9,0,0,0,1,0,1,1,2,0,2,0,6,4,1,0,7,0,0,82,2026
Joe Richards,13139,PA,ME,24,16,6,13,29,0,1,0,3,0,4,9,3,1,1,0,11,16,0,0,2,1,0,80,2026
Jordon Sweet,12890,PA,ME,24,12,7,6,18,2,0,25,3,6,4,6,3,1,1,0,10,8,3,1,3,0,0,81,2026
Alex Van Wyk,13360,PA,ME,24,4,4,4,8,0,0,7,1,0,0,1,1,0,0,0,2,6,0,1,0,0,0,39,2026
Dante Visentini,13073,PA,ME,24,6,5,3,9,0,0,0,2,0,1,0,3,0,3,0,0,9,0,0,9,0,0,97,2026
Jacob Wehr,12991,PA,ME,24,12,4,4,16,0,0,0,3,4,2,2,4,0,0,0,5,10,0,0,0,0,0,76,2026
Jack Whitlock,13259,PA,ME,24,5,3,1,6,0,1,0,0,0,1,0,4,1,3,0,2,4,0,1,1,0,0,88,2026
Ollie Wines,12150,PA,ME,24,12,4,19,31,0,0,0,7,2,4,8,1,1,0,0,15,14,0,0,0,0,1,64,2026
Mitch Zadow,13305,PA,ME,24,4,1,0,4,0,1,0,2,1,1,0,1,0,0,0,1,3,0,1,1,0,1,80,2026
Liam Baker,12661,WC,GW,24,7,5,5,12,2,1,0,1,0,3,0,0,0,0,0,5,7,1,2,1,0,1,76,2026
Rhett Bazzo,13000,WC,GW,24,4,2,9,13,0,0,0,2,1,0,0,1,1,1,0,5,9,0,0,5,0,0,87,2026
Tom Cole,12446,WC,GW,24,11,3,4,15,1,0,0,1,3,5,0,0,2,0,0,5,9,1,0,0,0,2,77,2026
Hamish Davis,13210,WC,GW,24,4,3,2,6,0,0,0,3,0,2,0,1,0,0,0,1,5,0,0,1,0,0,75,2026
Cooper Duff-Tytler,13291,WC,GW,24,5,4,3,8,0,1,5,2,0,3,0,2,1,1,0,2,7,0,2,3,0,0,67,2026
Liam Duggan,12334,WC,GW,24,12,5,1,13,0,1,0,2,1,5,1,2,0,0,0,3,8,0,0,0,2,0,81,2026
Willem Duursma,13292,WC,GW,24,2,0,4,6,0,0,0,2,1,1,0,0,0,0,0,2,3,0,0,1,0,0,77,2026
Jack Graham,12576,WC,GW,24,11,3,15,26,0,0,0,8,3,0,5,4,2,1,0,14,14,0,0,1,0,0,77,2026
Tom Gross,13211,WC,GW,24,5,2,4,9,0,0,0,4,0,2,1,1,1,1,0,5,6,0,0,0,0,0,69,2026
Marcus Herbert,13339,WC,GW,24,9,5,5,14,0,0,0,2,3,1,1,0,0,0,0,1,10,0,0,1,4,0,81,2026
Brady Hough,12957,WC,GW,24,3,1,5,8,1,0,0,2,1,0,0,2,0,1,0,1,7,0,0,2,0,0,82,2026
Tim Kelly,12595,WC,GW,24,13,5,15,28,0,1,0,3,2,8,8,2,1,0,0,16,11,0,0,1,0,0,75,2026
Josh Lindsay,13293,WC,GW,24,9,4,3,12,0,1,0,1,2,0,0,3,0,2,0,1,9,0,1,1,0,0,78,2026
Tom McCarthy,13240,WC,GW,24,19,6,3,22,0,0,0,5,8,4,0,1,0,0,0,2,17,0,0,1,3,0,82,2026
Milan Murdock,13294,WC,GW,24,8,6,5,13,1,1,0,2,1,1,0,1,2,1,0,5,9,0,2,1,1,1,71,2026
Harley Reid,13111,WC,GW,24,14,1,11,25,0,0,0,5,0,6,8,6,3,1,0,15,10,0,0,0,2,0,79,2026
Jobe Shanahan,13247,WC,GW,24,3,3,5,8,0,0,0,2,1,0,0,5,0,3,0,4,3,2,0,4,0,0,90,2026
Brandon Starcevich,12668,WC,GW,24,9,1,4,13,0,0,0,2,5,1,0,0,0,0,0,4,4,0,0,2,0,0,76,2026
Jake Waterman,12601,WC,GW,24,9,7,4,13,2,3,0,0,0,2,1,1,0,1,0,3,9,1,3,0,0,1,83,2026
Bailey Williams,12836,WC,GW,24,8,0,3,11,0,0,39,2,1,3,7,2,5,1,0,11,2,0,0,3,0,0,81,2026
Jack Williams,12962,WC,GW,24,9,6,1,10,0,2,0,0,0,0,0,0,1,0,0,2,8,1,1,2,0,0,80,2026
Elliot Yeo,12087,WC,GW,24,10,4,8,18,0,1,0,4,1,4,5,2,2,0,0,10,8,0,2,0,0,1,74,2026
Tylar Young,13043,WC,GW,24,13,6,5,18,0,0,0,0,3,2,1,0,0,0,0,3,14,0,0,3,0,0,84,2026
Cody Angove,13226,GW,WC,24,8,2,3,11,1,1,0,1,0,4,1,1,0,0,0,2,10,0,0,1,0,1,55,2026
Ryan Angwin,13001,GW,WC,24,6,2,7,13,0,0,0,3,3,1,3,1,0,0,0,6,7,0,0,0,0,0,81,2026
Lachie Ash,12782,GW,WC,24,29,11,7,36,0,0,0,0,9,2,0,3,2,0,0,7,21,0,0,1,2,1,82,2026
Kieren Briggs,12904,GW,WC,24,7,1,3,10,0,0,15,3,1,5,7,7,1,4,0,8,3,0,0,2,0,1,54,2026
Callum Brown,12910,GW,WC,24,8,3,4,12,4,0,0,3,0,3,0,1,1,0,0,4,8,0,2,1,0,0,89,2026
Aaron Cadman,13054,GW,WC,24,9,6,2,11,3,1,0,4,0,3,1,3,1,1,0,3,9,0,3,2,0,1,91,2026
Stephen Coniglio,12028,GW,WC,24,12,4,10,22,0,1,0,6,1,6,4,4,0,2,0,10,17,0,1,2,0,2,82,2026
Josaia Delana,13222,GW,WC,24,5,1,8,13,0,0,0,4,0,2,0,1,0,0,0,3,8,0,0,0,0,2,64,2026
Joe Fonti,13164,GW,WC,24,13,8,4,17,0,0,0,2,5,1,0,4,1,2,0,2,16,0,0,3,0,0,81,2026
Toby Greene,12025,GW,WC,24,14,8,2,16,2,3,0,5,1,7,0,2,1,0,0,4,12,2,4,3,0,1,85,2026
Max Gruzewski,13158,GW,WC,24,8,7,4,12,1,2,0,0,0,0,0,2,0,0,0,6,6,3,4,0,0,0,94,2026
Riley Hamilton,13347,GW,WC,24,4,0,4,8,2,0,0,1,0,1,0,0,1,0,0,2,6,0,0,1,0,0,66,2026
Harry Himmelberg,12462,GW,WC,24,9,7,10,19,0,0,0,0,4,1,0,2,0,0,0,6,12,1,0,7,0,0,91,2026
Connor Idun,12750,GW,WC,24,17,9,7,24,0,0,0,4,3,1,0,1,2,1,0,8,15,1,0,5,0,0,100,2026
Nick Madden,13236,GW,WC,24,4,3,6,10,0,1,26,6,3,1,2,2,0,1,0,7,3,0,1,1,0,1,55,2026
Toby McMullin,13088,GW,WC,24,9,6,5,14,0,0,0,2,3,1,2,2,0,1,0,4,10,0,0,1,0,1,81,2026
Clayton Oliver,12410,GW,WC,24,7,2,22,29,0,1,0,2,1,2,6,2,1,1,0,17,13,0,0,0,0,0,82,2026
Harry Rowston,13045,GW,WC,24,5,2,10,15,0,0,0,5,2,1,3,5,0,5,0,6,11,0,0,1,0,1,74,2026
Conor Stone,12886,GW,WC,24,10,5,5,15,0,2,0,2,1,3,2,2,1,1,0,3,14,0,1,1,1,2,63,2026
Jake Stringer,12167,GW,WC,24,4,3,3,7,1,3,0,1,0,2,0,2,0,1,0,3,4,1,1,1,0,0,82,2026
Sam Taylor,12644,GW,WC,24,6,7,6,12,0,0,0,4,0,0,0,1,1,0,0,4,8,2,0,12,0,0,84,2026
Harvey Thomas,13101,GW,WC,24,13,5,7,20,2,0,0,2,1,3,3,2,1,0,0,4,16,0,2,0,1,0,86,2026
Lachie Whitfield,12143,GW,WC,24,22,9,11,33,0,0,0,0,8,3,1,4,0,1,0,5,20,0,0,1,0,0,81,2026
Blake Acres,12276,CA,WB,24,25,10,7,32,1,0,0,1,1,7,1,3,0,1,0,8,23,0,0,0,0,2,85,2026
Ben Ainsworth,12498,CA,WB,24,7,6,12,19,0,1,0,0,0,2,0,2,1,1,0,1,18,0,0,0,0,0,78,2026
Talor Byrne,13297,CA,WB,24,7,6,2,9,0,0,0,4,0,2,0,4,1,2,0,2,8,0,1,3,0,0,77,2026
Adam Cerra,12603,CA,WB,24,11,6,13,24,0,0,0,3,4,0,1,2,0,0,0,4,18,0,0,4,0,0,85,2026
Matthew Cottrell,12822,CA,WB,24,10,7,7,17,0,0,0,1,1,2,0,1,0,0,0,5,13,0,0,2,0,1,80,2026
Lachlan Cowan,13028,CA,WB,24,7,6,7,14,0,0,0,3,1,1,0,3,0,1,0,3,12,0,0,0,1,0,88,2026
Patrick Cripps,12261,CA,WB,24,10,1,24,34,0,2,0,6,2,4,12,3,3,1,0,18,14,0,0,1,0,0,76,2026
Harry Dean,13273,CA,WB,24,10,7,7,17,0,0,0,2,3,1,0,5,3,2,0,8,10,2,0,5,0,0,80,2026
Wade Derksen,13303,CA,WB,24,6,3,3,9,0,0,0,3,0,1,0,0,0,0,0,3,5,0,0,3,0,2,69,2026
Francis Evans,12873,CA,WB,24,10,4,5,15,2,0,0,2,1,4,0,3,2,0,0,7,8,0,0,0,1,0,79,2026
Oliver Florent,12497,CA,WB,24,21,10,7,28,0,0,0,4,6,2,0,2,2,0,0,7,17,0,0,3,1,0,80,2026
Nick Haynes,12091,CA,WB,24,19,11,7,26,0,0,0,3,5,2,0,3,0,0,0,7,18,1,0,4,0,0,82,2026
Will Hayward,12509,CA,WB,24,10,7,4,14,3,0,0,1,2,1,0,5,0,2,0,2,13,2,3,0,0,0,51,2026
George Hewett,12411,CA,WB,24,12,12,18,30,0,0,0,8,4,2,5,4,1,1,0,9,22,0,0,0,0,1,77,2026
Brodie Kemp,12937,CA,WB,24,4,3,3,7,1,0,0,4,0,0,0,1,0,0,0,3,4,0,1,1,0,1,95,2026
Cooper Lord,13170,CA,WB,24,13,8,4,17,1,0,0,1,0,2,1,1,1,0,0,2,15,0,0,0,0,0,82,2026
Mitch McGovern,12404,CA,WB,24,7,8,4,11,1,2,0,2,0,1,0,4,1,1,0,5,7,2,3,2,0,1,72,2026
Harry McKay,12566,CA,WB,24,11,4,6,17,2,1,5,3,1,2,4,4,4,1,0,11,6,0,1,1,0,0,80,2026
Marc Pittonet,12417,CA,WB,24,7,2,8,15,1,0,32,1,3,0,9,1,3,0,0,11,3,1,1,1,0,0,71,2026
Jagga Smith,13274,CA,WB,24,15,3,10,25,0,0,0,3,1,6,3,4,1,2,0,8,18,0,0,0,0,0,75,2026
Sam Walsh,12684,CA,WB,24,17,5,16,33,0,0,0,4,1,3,2,1,0,0,0,8,24,0,0,0,0,0,77,2026
Jacob Weitering,12402,CA,WB,24,12,10,4,16,0,0,0,0,3,1,0,1,0,0,0,2,15,1,0,7,0,0,86,2026
Billy Wilson,13244,CA,WB,24,17,7,10,27,0,0,0,3,4,2,1,1,0,0,0,4,19,0,0,0,0,0,75,2026
Lachlan Bramble,12916,WB,CA,24,15,4,4,19,0,1,0,0,3,2,0,5,0,1,0,4,8,1,0,1,2,0,83,2026
Lachlan Carmichael,13362,WB,CA,24,5,3,1,6,0,0,0,0,0,2,0,2,0,0,0,0,5,0,0,0,0,0,74,2026
Jordan Croft,13265,WB,CA,24,4,1,0,4,1,0,0,1,0,2,0,4,1,1,0,1,2,0,0,3,0,0,61,2026
Sam Davidson,13178,WB,CA,24,6,7,13,19,1,0,0,2,1,4,1,2,0,0,0,6,12,2,1,1,0,1,82,2026
Josh Dolan,13179,WB,CA,24,7,1,2,9,1,1,0,4,1,3,0,1,0,1,0,2,6,0,0,0,1,0,73,2026
Louis Emmett,13308,WB,CA,24,1,0,0,1,0,0,0,1,0,1,1,1,0,0,0,1,0,0,0,3,0,0,40,2026
Joel Freijah,13140,WB,CA,24,8,3,12,20,2,0,0,3,1,2,2,5,0,2,0,7,15,0,1,1,0,1,77,2026
Cooper Hynes,13213,WB,CA,24,12,4,10,22,0,0,0,2,0,7,1,5,0,1,0,6,16,0,0,2,0,1,85,2026
Lachie Jaques,13275,WB,CA,24,7,2,2,9,0,0,0,1,2,0,0,1,0,0,0,2,8,0,0,1,0,0,78,2026
Arthur Jones,13046,WB,CA,24,8,3,5,13,1,3,0,6,0,1,0,3,4,1,0,6,7,0,2,3,1,0,84,2026
Luke Kennedy,13333,WB,CA,24,5,0,3,8,1,1,0,3,1,1,2,1,0,1,0,8,2,0,0,2,0,0,64,2026
Matthew Kennedy,12455,WB,CA,24,12,1,15,27,0,0,1,8,3,4,6,6,1,2,0,15,12,0,0,2,1,0,83,2026
Buku Khamis,12900,WB,CA,24,10,8,4,14,0,0,0,3,2,1,0,3,0,0,0,3,11,1,0,7,0,0,100,2026
Tom Liberatore,11898,WB,CA,24,12,5,21,33,0,0,0,5,3,4,12,2,1,0,0,18,15,0,0,2,0,0,77,2026
Rory Lobb,12282,WB,CA,24,4,4,6,10,0,0,21,4,1,2,1,2,1,2,0,7,4,2,0,2,0,0,85,2026
Aaron Naughton,12594,WB,CA,24,7,6,7,14,0,3,0,0,0,2,0,2,0,1,0,4,8,2,4,0,0,3,84,2026
James ODonnell,13061,WB,CA,24,4,3,3,7,0,0,0,0,4,0,0,3,1,3,0,1,6,0,0,17,0,0,100,2026
Ed Richards,12605,WB,CA,24,20,2,11,31,2,0,0,2,0,8,6,2,4,1,0,13,17,0,0,0,3,2,80,2026
Ryley Sanders,13103,WB,CA,24,7,4,10,17,0,0,0,4,4,1,2,3,0,2,0,4,16,0,0,0,0,0,87,2026
Michael Sellwood,13276,WB,CA,24,12,7,3,15,0,0,0,2,5,3,0,1,0,0,0,4,11,1,0,5,0,0,84,2026
Cody Weightman,12800,WB,CA,24,7,4,7,14,1,1,0,3,1,3,0,3,0,1,0,6,7,0,2,1,0,0,71,2026
Rhylee West,12748,WB,CA,24,4,2,6,10,1,0,0,1,0,2,2,2,1,1,0,8,2,1,0,0,0,0,62,2026
Bailey Williams,12441,WB,CA,24,14,2,8,22,1,0,0,0,4,3,0,5,1,2,0,3,16,0,0,1,3,0,85,2026
Riley Bice,13195,SY,ES,24,7,2,3,10,0,0,0,5,2,1,0,3,0,0,0,3,7,0,0,2,4,1,72,2026
Nick Blakey,12699,SY,ES,24,17,2,12,29,0,0,0,2,2,4,1,4,0,0,0,5,19,0,0,5,1,0,90,2026
Braeden Campbell,12863,SY,ES,24,9,0,5,14,0,0,0,3,0,3,3,1,1,1,0,6,10,0,0,1,0,1,80,2026
Billy Cootee,13317,SY,ES,24,3,2,6,9,1,0,0,3,0,1,0,4,0,2,0,4,5,0,1,0,0,1,70,2026
Charlie Curnow,12421,SY,ES,24,8,2,1,9,4,1,0,0,0,0,0,4,1,3,0,5,4,1,2,0,0,0,83,2026
Jesse Dattoli,13260,SY,ES,24,6,3,6,12,1,1,0,3,0,2,0,2,0,1,0,4,8,0,2,0,0,1,68,2026
Will Green,13361,SY,ES,24,3,3,3,6,0,1,11,1,0,2,1,1,0,1,0,4,2,2,1,0,0,0,57,2026
Brodie Grundy,12217,SY,ES,24,12,5,13,25,0,0,22,1,2,5,9,5,4,2,0,13,9,1,0,1,1,1,69,2026
Errol Gulden,12862,SY,ES,24,30,3,17,47,0,0,0,4,8,6,8,5,1,1,0,12,33,0,0,0,2,0,77,2026
Joel Hamling,12359,SY,ES,24,3,4,8,11,0,0,0,2,1,0,0,0,1,0,0,4,8,1,0,12,0,0,85,2026
Isaac Heeney,12326,SY,ES,24,14,9,15,29,3,2,0,7,2,6,7,5,1,2,0,18,13,1,4,2,2,2,88,2026
James Jordon,12860,SY,ES,24,3,1,11,14,0,0,0,4,1,1,1,0,0,0,0,6,9,0,0,3,0,0,84,2026
Harry Kyle,13327,SY,ES,24,3,1,7,10,0,0,0,1,2,2,0,2,0,0,0,4,6,0,0,2,0,0,63,2026
Jake Lloyd,12268,SY,ES,24,12,7,9,21,2,0,0,1,0,3,1,0,0,0,0,4,15,0,2,2,0,0,88,2026
Tom McCartin,12627,SY,ES,24,7,4,11,18,0,0,0,1,6,0,0,4,0,2,0,5,13,0,0,6,0,0,95,2026
Logan McDonald,12861,SY,ES,24,9,7,6,15,2,2,0,0,1,0,0,3,1,2,0,5,10,2,4,2,0,3,88,2026
Callum Mills,12413,SY,ES,24,12,2,11,23,0,0,0,1,4,3,1,6,1,1,0,5,15,0,0,4,0,0,73,2026
Tom Papley,12412,SY,ES,24,2,0,8,10,0,0,0,4,0,3,0,2,1,2,0,3,8,0,0,1,2,1,71,2026
Dane Rampe,12140,SY,ES,24,2,3,13,15,0,0,0,4,3,0,0,3,1,1,0,7,8,0,0,3,0,0,79,2026
Matt Roberts,12994,SY,ES,24,9,3,10,19,0,0,0,4,2,3,1,2,0,0,0,6,10,0,0,2,1,0,77,2026
Jai Serong,13022,SY,ES,24,8,4,7,15,1,0,0,0,1,4,2,2,0,1,0,6,8,1,0,2,0,0,83,2026
Chad Warner,12797,SY,ES,24,13,4,10,23,3,0,0,5,2,5,5,4,0,1,0,7,15,0,1,0,5,3,76,2026
Sam Wicks,12818,SY,ES,24,7,2,8,15,0,0,0,5,0,0,0,5,1,1,0,5,8,0,0,1,0,0,85,2026
Jaxon Artemis,13352,ES,SY,24,1,1,8,9,0,0,0,6,2,0,0,0,0,0,0,3,6,0,0,1,0,0,78,2026
Nick Bryan,12899,ES,SY,24,10,2,9,19,0,0,17,3,1,4,6,3,2,2,0,10,8,0,0,0,0,1,60,2026
Nate Caddy,13148,ES,SY,24,8,5,3,11,3,1,0,0,0,3,0,4,1,1,0,5,7,1,3,2,0,0,89,2026
Jye Caldwell,12755,ES,SY,24,11,4,17,28,0,2,0,4,2,2,4,1,1,1,0,10,18,0,0,0,0,0,65,2026
Angus Clarke,13229,ES,SY,24,6,2,2,8,0,1,0,2,0,0,0,4,0,0,0,4,4,0,0,0,0,0,89,2026
Archer Day-Wicks,13223,ES,SY,24,5,2,5,10,1,0,0,5,1,2,0,3,0,0,0,1,9,0,1,0,0,0,76,2026
Jacob Farrow,13299,ES,SY,24,9,5,6,15,0,1,0,2,1,3,1,0,1,0,0,5,10,0,1,0,1,0,79,2026
Harry Jones,12853,ES,SY,24,5,3,3,8,0,0,0,1,0,0,0,2,1,2,0,3,5,0,0,3,0,0,76,2026
Isaac Kako,13177,ES,SY,24,6,1,12,18,0,1,0,2,0,4,1,1,0,0,0,9,8,0,0,2,0,1,78,2026
Max Kondogiannis,13282,ES,SY,24,5,1,6,11,0,0,0,6,1,3,2,1,0,1,0,6,5,0,0,1,0,0,72,2026
Kyle Langford,12349,ES,SY,24,6,4,7,13,0,0,0,0,2,1,0,1,1,0,0,4,8,0,0,5,0,0,80,2026
Andrew McGrath,12491,ES,SY,24,9,6,10,19,0,0,0,3,3,2,0,1,0,1,0,6,12,0,0,1,2,0,80,2026
Zach Merrett,12241,ES,SY,24,8,2,16,24,0,0,0,2,0,4,5,1,1,0,0,9,15,0,0,1,0,0,78,2026
Archie Perkins,12879,ES,SY,24,7,7,2,9,1,0,0,1,0,0,0,2,0,1,0,1,8,0,1,0,2,1,79,2026
Jaxon Prior,12874,ES,SY,24,16,9,0,16,1,0,0,5,2,2,1,2,2,0,0,3,13,0,0,2,0,1,69,2026
Mason Redman,12437,ES,SY,24,16,4,4,20,0,0,0,3,3,2,0,0,1,0,0,4,14,0,0,3,0,1,87,2026
Zach Reid,12889,ES,SY,24,15,9,5,20,0,0,0,3,4,3,0,1,3,0,0,7,10,1,0,6,0,1,93,2026
Archie Roberts,13168,ES,SY,24,23,7,5,28,0,0,0,2,10,0,0,4,0,1,0,4,18,0,0,1,0,0,85,2026
Will Setterfield,12567,ES,SY,24,20,5,12,32,1,0,0,5,1,8,8,6,1,1,0,12,17,0,1,0,0,3,75,2026
Dyson Sharp,13283,ES,SY,24,12,3,10,22,0,1,0,7,0,3,4,2,1,0,0,10,11,0,1,0,0,1,78,2026
Rhys Unwin,13264,ES,SY,24,6,2,6,12,1,1,0,7,1,1,0,1,2,0,0,7,6,0,0,1,0,0,74,2026
Vigo Visentini,13241,ES,SY,24,13,9,6,19,1,0,14,6,1,2,1,6,4,2,0,8,12,1,1,1,0,0,68,2026
Peter Wright,12366,ES,SY,24,6,3,3,9,2,1,0,1,0,1,0,4,2,1,0,3,7,0,2,2,0,0,91,2026
Hugh Boxshall,13220,SK,GC,25,8,4,9,17,3,1,0,9,0,2,2,4,2,1,0,6,10,1,3,2,0,0,83,2026
Dan Butler,12490,SK,GC,25,4,1,6,10,0,1,0,7,0,2,1,5,3,3,0,4,8,0,0,1,0,1,84,2026
Ryan Byrnes,12802,SK,GC,25,7,4,8,15,2,0,0,4,1,2,0,2,1,0,0,5,10,0,0,2,0,0,83,2026
Tom De Koning,12674,SK,GC,25,3,1,6,9,0,0,15,1,1,2,0,3,0,1,0,6,4,1,0,0,0,1,79,2026
Hugo Garcia,13125,SK,GC,25,16,5,12,28,1,0,0,9,0,5,4,7,0,3,0,11,16,0,1,1,0,1,80,2026
Max Hall,13193,SK,GC,25,17,4,20,37,1,1,0,5,0,9,8,2,4,0,0,16,22,0,0,0,3,1,84,2026
Angus Hastie,13116,SK,GC,25,5,2,2,7,0,0,0,0,0,1,0,1,0,0,0,1,6,0,0,0,1,0,42,2026
Bradley Hill,12060,SK,GC,25,29,4,13,42,0,0,0,2,9,6,3,2,0,0,0,4,28,0,0,0,6,1,91,2026
Dougal Howard,12420,SK,GC,25,3,1,1,4,0,1,0,0,0,1,0,4,0,2,0,0,3,0,0,2,0,0,58,2026
Campbell Lake,13331,SK,GC,25,3,3,6,9,0,0,0,6,0,1,0,3,0,1,0,4,5,0,1,1,0,0,76,2026
Jack Macrae,12166,SK,GC,25,6,4,15,21,0,0,0,4,1,3,4,1,1,1,0,8,14,0,0,2,0,0,64,2026
Rowan Marshall,12564,SK,GC,25,8,4,7,15,1,0,13,0,0,2,1,3,1,1,0,8,8,1,2,6,0,0,88,2026
Liam OConnell,13194,SK,GC,25,4,3,6,10,0,0,0,3,4,0,1,1,1,0,0,5,5,0,0,0,0,0,81,2026
Mitch Owens,12948,SK,GC,25,4,1,8,12,2,0,0,3,0,1,0,3,1,0,0,7,6,0,0,2,1,1,81,2026
Mattaes Phillipou,13036,SK,GC,25,7,3,12,19,0,0,0,7,1,1,0,5,0,3,0,4,15,0,0,1,0,0,85,2026
Liam Ryan,12600,SK,GC,25,3,0,2,5,2,1,0,0,0,0,1,2,0,0,0,2,3,0,0,0,0,0,68,2026
Cooper Sharman,12929,SK,GC,25,5,3,5,10,0,1,0,1,1,3,0,2,0,0,0,3,8,0,2,4,0,1,81,2026
Jack Silvagni,12458,SK,GC,25,3,2,3,6,0,0,0,0,1,1,0,1,1,1,0,3,3,0,0,0,1,0,67,2026
Liam Stocker,12721,SK,GC,25,9,3,15,24,0,0,0,0,6,1,0,1,0,0,0,7,13,0,0,6,1,0,79,2026
Tobie Travaglia,13206,SK,GC,25,8,4,10,18,0,0,0,1,0,2,1,1,0,1,0,6,9,1,0,3,0,0,74,2026
Callum Wilkie,12703,SK,GC,25,14,7,5,19,0,0,0,1,3,0,0,2,1,1,0,2,14,0,0,4,1,0,100,2026
Darcy Wilson,13110,SK,GC,25,11,3,14,25,0,0,0,2,2,4,3,4,0,0,0,5,19,1,0,1,1,0,90,2026
Marcus Windhager,12967,SK,GC,25,12,6,10,22,0,0,0,3,4,2,3,2,0,0,0,4,18,0,0,1,0,1,83,2026
Beau Addinsall,13341,GC,SK,25,10,6,10,20,0,0,0,1,1,0,0,1,0,0,0,4,15,0,0,0,0,0,77,2026
Noah Anderson,12767,GC,SK,25,19,8,18,37,1,1,0,2,5,9,6,5,1,2,0,8,30,0,1,1,0,0,89,2026
Mac Andrew,13019,GC,SK,25,9,5,10,19,0,0,0,1,3,0,0,3,1,2,0,5,15,0,0,9,0,0,100,2026
Charlie Ballard,12625,GC,SK,25,7,5,3,10,0,0,0,3,3,0,0,2,0,0,0,2,8,1,0,4,0,0,100,2026
Sam Clohesy,13119,GC,SK,25,7,4,6,13,0,0,0,3,1,3,0,1,0,0,0,2,9,0,0,1,0,1,67,2026
Lachlan Gulbin,13272,GC,SK,25,6,4,5,11,1,0,0,3,1,2,0,2,1,1,0,3,8,1,0,2,0,1,76,2026
Nick Holman,12307,GC,SK,25,6,2,9,15,2,0,0,3,1,3,1,3,0,2,0,4,11,0,2,4,0,0,84,2026
Bailey Humphrey,13049,GC,SK,25,3,2,13,16,0,1,0,3,0,1,7,2,0,1,0,14,3,0,1,0,0,1,81,2026
Joel Jeffrey,12933,GC,SK,25,10,6,5,15,0,0,0,4,4,1,0,2,0,0,0,2,13,0,0,6,0,1,87,2026
Ben Jepson,13257,GC,SK,25,7,3,7,14,0,1,0,1,3,1,1,2,0,1,0,3,11,0,0,0,0,0,70,2026
Ben King,12728,GC,SK,25,7,3,3,10,3,2,0,0,0,2,0,2,1,1,0,3,7,0,1,1,2,0,71,2026
Leo Lombard,13232,GC,SK,25,9,2,5,14,3,1,0,1,0,4,0,1,0,0,0,4,9,0,1,0,4,3,79,2026
Ben Long,12521,GC,SK,25,7,4,1,8,1,2,0,4,1,0,2,3,0,0,0,2,4,0,3,1,0,1,78,2026
Touk Miller,12331,GC,SK,25,15,7,25,40,1,1,0,6,3,3,5,2,1,2,0,12,29,0,1,2,0,0,82,2026
Ned Moyle,13050,GC,SK,25,1,1,4,5,0,0,35,6,1,1,0,2,1,1,0,2,4,0,0,6,0,0,73,2026
John Noble,12743,GC,SK,25,29,13,13,42,0,1,0,0,3,4,1,5,0,0,0,5,31,0,1,1,0,0,87,2026
Ethan Read,13121,GC,SK,25,7,4,2,9,0,3,0,1,0,0,0,1,2,1,0,4,5,1,3,0,0,0,75,2026
Daniel Rioli,12403,GC,SK,25,7,6,10,17,0,0,0,3,2,3,1,0,0,0,0,4,13,0,0,0,0,1,73,2026
Jake Rogers,13126,GC,SK,25,9,2,6,15,0,0,0,1,0,3,2,0,1,0,0,8,7,0,1,0,0,1,71,2026
Matt Rowell,12768,GC,SK,25,18,2,10,28,0,1,0,8,2,8,11,6,7,2,0,20,8,1,0,0,2,0,87,2026
Bodhi Uwland,13041,GC,SK,25,12,7,10,22,0,0,0,1,2,1,0,2,1,0,0,7,14,1,0,3,0,0,87,2026
Jed Walter,13114,GC,SK,25,2,2,1,3,2,0,0,3,0,0,0,1,0,0,0,1,2,1,2,2,0,0,78,2026
Jarrod Witts,12177,GC,SK,25,1,0,5,6,0,0,10,2,1,1,3,0,2,0,0,7,0,0,0,0,0,0,27,2026
Oscar Allen,12655,BL,CW,25,5,3,3,8,4,0,0,0,0,0,0,1,1,0,0,2,6,0,2,2,0,0,71,2026
Harris Andrews,12340,BL,CW,25,6,3,1,7,0,0,0,2,5,0,0,0,1,0,0,1,6,0,0,6,0,0,93,2026
Noah Answerth,12718,BL,CW,25,9,4,3,12,0,0,0,1,4,3,1,7,0,2,0,7,6,0,0,4,0,1,86,2026
Levi Ashcroft,13197,BL,CW,25,13,7,4,17,0,0,0,1,0,4,3,1,0,0,0,3,14,0,1,0,0,1,73,2026
Will Ashcroft,13040,BL,CW,25,18,4,7,25,1,1,0,3,2,2,3,4,3,1,0,8,15,0,0,2,0,0,86,2026
Zac Bailey,12610,BL,CW,25,14,7,10,24,1,0,0,2,1,3,4,2,0,0,0,6,17,0,1,0,0,1,79,2026
Jarrod Berry,12519,BL,CW,25,13,5,4,17,0,0,0,2,3,2,1,4,2,0,0,9,7,1,0,2,0,0,68,2026
Charlie Cameron,12277,BL,CW,25,5,4,6,11,2,0,0,1,0,2,2,1,0,0,0,4,7,1,2,1,2,0,80,2026
Sam Draper,12810,BL,CW,25,11,4,3,14,1,1,28,1,0,5,6,6,1,2,0,8,5,2,1,3,0,0,66,2026
Josh Dunkley,12408,BL,CW,25,13,5,14,27,0,0,0,6,0,6,5,0,0,0,0,11,15,1,0,2,0,0,77,2026
Jaspa Fletcher,13072,BL,CW,25,13,9,9,22,0,1,0,1,0,5,2,1,0,0,0,6,16,1,0,0,1,1,76,2026
Darcy Fort,12724,BL,CW,25,5,2,3,8,0,0,21,0,1,2,1,1,0,1,0,4,3,1,0,1,0,1,49,2026
Ty Gallop,13235,BL,CW,25,8,3,0,8,0,0,0,0,5,1,0,2,0,1,0,3,6,0,0,6,0,0,82,2026
Darcy Gardiner,12267,BL,CW,25,6,5,2,8,0,0,0,1,2,1,0,2,0,2,0,0,9,0,0,6,0,0,88,2026
Eric Hipwood,12454,BL,CW,25,8,7,7,15,3,2,0,3,0,0,0,2,2,1,0,8,9,2,6,1,0,1,74,2026
Ryan Lester,11894,BL,CW,25,7,2,1,8,0,0,0,1,1,1,2,0,0,0,0,2,5,0,0,2,0,1,88,2026
Kai Lohmann,12968,BL,CW,25,6,6,11,17,0,1,0,3,1,7,0,5,0,2,0,5,12,1,1,0,1,2,86,2026
Conor McKenna,12391,BL,CW,25,10,2,1,11,4,0,0,0,1,1,0,1,0,0,0,3,7,0,0,2,1,2,72,2026
Logan Morris,13137,BL,CW,25,12,8,3,15,8,0,0,2,0,2,1,1,0,0,0,3,11,1,5,1,0,1,78,2026
Lachie Neale,12055,BL,CW,25,15,2,20,35,0,1,0,2,1,6,16,1,4,0,0,22,12,0,1,0,0,3,82,2026
Cam Rayner,12592,BL,CW,25,12,5,9,21,1,1,0,3,0,1,1,4,0,1,0,8,12,1,1,2,0,2,83,2026
Darcy Wilmot,13026,BL,CW,25,10,6,5,15,0,0,0,2,2,2,0,0,0,0,0,3,9,0,0,2,0,0,79,2026
Dayne Zorko,12076,BL,CW,25,15,4,6,21,0,1,0,2,4,3,3,4,0,1,0,5,11,0,0,1,0,1,85,2026
Edward Allan,13146,CW,BL,25,4,1,19,23,1,0,0,4,3,1,6,2,1,1,0,9,15,0,0,0,0,0,78,2026
Angus Anderson,13306,CW,BL,25,7,5,4,11,3,2,0,3,1,1,1,1,2,0,0,4,8,0,4,1,0,1,79,2026
Darcy Cameron,12660,CW,BL,25,8,2,7,15,0,0,34,2,0,2,2,4,2,0,0,8,6,1,0,0,0,0,66,2026
Jack Crisp,12061,CW,BL,25,5,3,8,13,0,0,0,5,2,2,1,1,1,1,0,4,9,0,0,0,0,0,88,2026
Josh Daicos,12573,CW,BL,25,15,6,12,27,0,0,0,3,2,4,1,6,0,1,0,5,20,0,1,1,0,1,86,2026
Nick Daicos,12943,CW,BL,25,13,1,13,26,1,0,0,1,1,5,5,8,0,3,0,12,12,0,0,0,1,0,62,2026
Jordan de Goey,12318,CW,BL,25,12,6,20,32,2,0,0,4,2,3,6,4,1,2,0,10,22,1,0,1,0,0,76,2026
Billy Frampton,12676,CW,BL,25,8,4,4,12,0,0,0,0,5,0,0,3,1,0,0,6,5,1,0,9,0,0,96,2026
Harvey Harrison,13068,CW,BL,25,8,3,2,10,1,0,0,0,0,4,0,2,1,1,0,1,9,0,1,1,0,1,82,2026
Will Hayes,13228,CW,BL,25,7,6,2,9,0,1,0,2,0,3,0,1,0,0,0,0,9,0,1,0,0,0,87,2026
Dan Houston,12495,CW,BL,25,13,7,7,20,1,0,0,1,2,3,0,3,2,1,0,8,10,2,0,2,0,0,81,2026
Jeremy Howe,11967,CW,BL,25,6,2,3,9,0,0,0,1,2,0,0,0,0,0,0,3,4,0,0,6,0,0,73,2026
Ned Long,13023,CW,BL,25,5,2,10,15,0,0,0,12,0,2,2,3,0,2,0,5,12,0,0,1,0,0,79,2026
Beau McCreery,12876,CW,BL,25,4,1,13,17,0,0,0,5,0,4,5,3,0,0,0,9,8,0,0,1,2,0,84,2026
Daniel McStay,12291,CW,BL,25,2,0,4,6,0,0,2,3,0,2,0,2,1,0,0,2,4,0,0,0,0,0,82,2026
Tim Membrey,12300,CW,BL,25,5,4,1,6,2,1,0,1,0,1,0,0,0,0,0,2,5,1,3,2,0,0,83,2026
Scott Pendlebury,4182,CW,BL,25,3,1,5,8,0,0,0,1,0,2,1,0,0,0,0,2,6,0,0,1,0,2,20,2026
Liam Puncher,13342,CW,BL,25,2,3,3,5,0,0,0,0,0,0,1,2,0,1,0,2,3,0,0,2,0,0,90,2026
Lachie Schultz,12700,CW,BL,25,6,3,7,13,0,0,0,5,1,3,0,1,1,0,0,2,10,0,2,0,0,3,71,2026
Steele Sidebottom,11751,CW,BL,25,6,6,10,16,0,0,0,4,3,0,1,1,0,0,0,5,11,0,0,1,0,0,82,2026
Roan Steele,13248,CW,BL,25,12,5,12,24,0,0,0,3,2,2,2,1,0,0,0,7,16,0,1,0,0,2,90,2026
Sam Swadling,13340,CW,BL,25,17,6,15,32,1,0,0,2,7,3,1,3,0,1,0,6,22,0,0,1,3,0,82,2026
Charlie West,13246,CW,BL,25,5,2,1,6,3,1,0,3,0,1,0,0,1,0,0,5,2,1,2,2,0,1,85,2026
Blake Acres,12276,CA,FR,25,12,5,5,17,1,0,0,1,0,3,1,3,0,3,0,4,13,0,0,2,0,1,74,2026
Ben Ainsworth,12498,CA,FR,25,12,10,8,20,3,1,0,1,0,6,0,2,0,0,0,5,15,1,4,2,2,2,78,2026
Talor Byrne,13297,CA,FR,25,4,1,2,6,0,0,0,3,0,0,2,0,1,0,0,2,4,0,1,0,0,1,73,2026
Adam Cerra,12603,CA,FR,25,16,8,4,20,0,0,0,2,3,2,0,4,0,1,0,1,16,0,0,3,1,0,87,2026
Matthew Cottrell,12822,CA,FR,25,8,5,9,17,0,0,0,1,1,4,0,2,0,0,0,5,12,0,1,1,0,2,81,2026
Lachlan Cowan,13028,CA,FR,25,12,8,4,16,0,0,0,2,6,0,0,0,1,0,0,4,11,0,0,3,1,0,81,2026
Patrick Cripps,12261,CA,FR,25,8,2,16,24,1,0,0,7,0,5,8,2,2,1,0,10,15,0,0,1,0,1,78,2026
Harry Dean,13273,CA,FR,25,7,7,5,12,0,0,0,1,1,0,0,1,1,0,0,3,9,1,0,3,0,0,86,2026
Wade Derksen,13303,CA,FR,25,13,10,2,15,0,0,0,1,1,0,0,1,0,0,0,4,11,1,0,3,0,0,83,2026
Francis Evans,12873,CA,FR,25,6,4,5,11,5,0,0,2,0,2,0,1,0,0,0,5,6,1,2,0,0,1,74,2026
Oliver Florent,12497,CA,FR,25,16,5,13,29,0,0,0,1,2,4,1,5,0,1,0,6,20,0,0,0,1,1,76,2026
George Hewett,12411,CA,FR,25,14,3,15,29,0,0,0,2,2,4,6,4,0,1,0,13,17,0,0,1,0,0,73,2026
Oliver Hollands,13029,CA,FR,25,9,5,6,15,1,0,0,4,1,0,0,3,2,2,0,1,14,0,0,1,0,0,85,2026
Brodie Kemp,12937,CA,FR,25,11,5,2,13,3,0,0,3,0,6,0,0,2,0,0,3,10,0,2,0,0,2,91,2026
Cooper Lord,13170,CA,FR,25,11,5,10,21,0,1,0,0,1,2,2,5,0,0,0,6,15,2,1,1,0,0,82,2026
Mitch McGovern,12404,CA,FR,25,8,4,4,12,0,2,0,1,0,1,0,3,2,1,0,7,6,1,3,1,0,2,77,2026
Harry McKay,12566,CA,FR,25,6,4,1,7,2,1,0,0,0,1,0,3,1,2,0,6,3,3,4,0,0,1,86,2026
Marc Pittonet,12417,CA,FR,25,8,3,9,17,0,0,20,2,1,0,7,4,1,3,0,8,7,0,0,2,0,0,74,2026
Jagga Smith,13274,CA,FR,25,14,3,17,31,1,1,0,3,1,5,5,0,0,0,0,9,21,0,1,0,1,0,74,2026
Sam Walsh,12684,CA,FR,25,16,4,16,32,1,1,0,1,1,4,8,4,0,1,0,13,19,0,1,0,1,1,75,2026
Jacob Weitering,12402,CA,FR,25,11,10,3,14,0,0,0,0,3,1,0,0,0,0,0,3,11,1,0,2,0,0,64,2026
Billy Wilson,13244,CA,FR,25,16,9,2,18,0,0,0,1,4,1,0,0,0,0,0,1,13,0,0,0,2,0,79,2026
Lewis Young,12559,CA,FR,25,7,7,10,17,0,2,2,1,0,1,3,0,1,0,0,7,10,0,2,1,0,0,67,2026
Bailey Banfield,12588,FR,CA,25,4,3,10,14,0,0,0,3,3,0,1,4,0,0,0,6,8,0,0,1,0,0,91,2026
Shai Bolton,12535,FR,CA,25,9,3,8,17,1,0,0,5,1,5,2,2,2,1,0,8,10,0,1,0,0,0,73,2026
Andrew Brayshaw,12589,FR,CA,25,8,2,13,21,1,1,0,8,0,4,2,3,1,1,0,6,15,0,1,2,0,3,75,2026
Jordan Clark,12688,FR,CA,25,11,7,10,21,0,0,0,6,7,1,2,4,1,1,0,7,13,2,0,1,0,1,83,2026
Brennan Cox,12544,FR,CA,25,0,0,2,2,0,0,0,0,0,0,0,0,0,0,0,1,1,0,0,1,0,0,22,2026
Mason Cox,12428,FR,CA,25,5,2,2,7,0,2,15,1,1,1,3,0,2,0,0,3,3,0,1,2,0,1,75,2026
Isaiah Dudley,13204,FR,CA,25,5,0,7,12,1,0,0,1,0,4,1,2,0,1,0,7,5,0,0,1,0,1,85,2026
Neil Erasmus,12966,FR,CA,25,9,3,6,15,0,0,0,5,3,1,1,0,0,0,0,5,9,0,1,1,0,0,80,2026
Michael Frederick,12801,FR,CA,25,5,4,6,11,1,0,0,2,0,4,0,2,0,0,0,4,10,0,0,5,0,0,79,2026
Luke Jackson,12779,FR,CA,25,7,4,7,14,1,2,24,5,2,2,4,2,4,2,0,9,6,1,2,2,0,1,72,2026
Matthew Johnson,13047,FR,CA,25,6,1,11,17,0,0,0,1,1,3,5,2,1,1,0,7,7,0,0,0,0,0,75,2026
Oscar McDonald,12394,FR,CA,25,10,7,1,11,1,0,0,1,1,1,0,2,0,1,0,0,10,0,1,3,0,0,94,2026
Judd McVee,13033,FR,CA,25,7,4,6,13,0,0,0,0,4,0,0,1,0,0,0,2,9,0,0,1,0,0,84,2026
Tobyn Murray,13364,FR,CA,25,6,2,7,13,1,1,0,4,0,0,1,3,1,0,0,4,9,0,0,0,0,0,82,2026
Nathan ODriscoll,12960,FR,CA,25,6,2,6,12,0,0,0,1,0,1,0,1,2,0,0,5,7,0,1,0,0,0,83,2026
Alex Pearce,12352,FR,CA,25,3,2,2,5,0,0,0,1,1,0,0,1,0,1,0,1,4,0,0,4,0,0,75,2026
Luke Ryan,12542,FR,CA,25,11,5,4,15,0,0,0,2,5,0,0,3,0,2,0,5,5,1,0,3,0,0,85,2026
Chris Scerri,13296,FR,CA,25,2,2,5,7,0,0,0,0,0,2,1,0,0,0,0,2,5,0,0,0,0,1,82,2026
Caleb Serong,12786,FR,CA,25,13,2,10,23,0,0,0,3,1,5,5,4,2,0,0,8,16,0,0,2,0,1,76,2026
Josh Treacy,12887,FR,CA,25,6,5,1,7,3,2,0,1,0,0,0,1,0,0,0,1,6,1,5,4,0,0,84,2026
Patrick Voss,13129,FR,CA,25,3,2,3,6,2,0,0,1,0,0,0,4,0,2,0,0,7,0,2,1,0,0,91,2026
Karl Worner,13075,FR,CA,25,9,6,5,14,0,0,0,1,4,0,0,2,0,1,0,3,9,1,0,2,3,0,87,2026
Hayden Young,12777,FR,CA,25,12,3,11,23,0,0,0,0,0,8,2,1,0,0,0,10,14,0,0,2,0,1,66,2026
Jake Bowey,12931,ME,WB,25,14,0,12,26,0,0,0,1,2,0,2,0,2,0,0,9,13,0,0,1,2,0,91,2026
Kade Chandler,12756,ME,WB,25,9,0,8,17,1,0,0,6,0,5,1,2,1,1,0,12,5,0,0,3,2,3,85,2026
Joel Fitzgerald,13335,ME,WB,25,15,1,9,24,0,0,0,6,0,4,1,3,1,0,0,5,16,0,0,1,0,1,55,2026
Bayley Fritsch,12598,ME,WB,25,7,6,4,11,2,1,0,2,0,2,1,2,0,1,0,6,7,2,4,2,0,0,96,2026
Max Gawn,11966,ME,WB,25,15,5,13,28,0,0,59,1,5,8,10,3,2,1,0,15,13,3,0,1,0,1,88,2026
Matthew Jefferson,13182,ME,WB,25,3,2,4,7,0,1,0,4,0,2,1,1,1,1,0,6,1,2,0,0,0,3,52,2026
Changkuoth Jiath,12752,ME,WB,25,12,7,6,18,0,0,0,1,3,2,1,5,1,2,0,6,13,1,0,5,1,0,74,2026
Ed Langdon,12393,ME,WB,25,8,3,3,11,1,0,0,5,2,1,1,2,0,1,0,2,8,0,0,1,0,0,92,2026
Harvey Langford,13184,ME,WB,25,9,3,5,14,1,0,0,4,1,4,0,2,0,1,0,4,8,1,0,1,1,0,79,2026
Bailey Laurie,13032,ME,WB,25,5,3,3,8,0,2,0,2,0,0,0,2,0,1,0,3,6,1,1,1,0,0,55,2026
Jake Lever,12351,ME,WB,25,6,5,2,8,0,0,0,1,0,2,0,1,0,0,0,2,5,1,0,7,0,0,91,2026
Xavier Lindsay,13185,ME,WB,25,1,0,3,4,0,0,0,1,0,0,0,0,0,0,0,0,4,0,0,0,0,0,55,2026
Tom McDonald,12009,ME,WB,25,5,2,2,7,2,0,5,2,1,0,2,0,0,0,0,2,4,1,1,4,0,0,69,2026
Harry Petty,12653,ME,WB,25,15,11,2,17,3,3,2,4,0,2,0,1,2,0,0,12,6,8,6,2,0,0,84,2026
Kysaiah Pickett,12771,ME,WB,25,17,2,9,26,1,1,0,4,3,10,7,4,0,1,0,13,12,0,1,0,4,0,87,2026
Trent Rivers,12778,ME,WB,25,6,4,5,11,0,0,0,6,3,2,0,4,0,2,0,2,8,0,0,1,0,0,72,2026
Christian Salem,12272,ME,WB,25,8,2,1,9,0,1,0,2,5,0,1,0,0,0,0,1,5,0,1,2,0,0,84,2026
Harry Sharp,12864,ME,WB,25,6,2,0,6,0,1,0,1,0,4,1,2,2,0,0,3,4,0,0,0,0,0,76,2026
Tom Sparrow,12693,ME,WB,25,6,1,11,17,0,0,0,4,1,3,9,2,0,1,0,10,7,0,0,1,1,0,81,2026
Jack Steele,12368,ME,WB,25,7,2,14,21,0,0,0,9,1,3,8,1,3,0,0,11,11,0,0,1,1,0,78,2026
Koltyn Tholstrup,13123,ME,WB,25,14,5,6,20,0,0,0,2,5,0,0,1,1,0,0,6,9,0,0,6,1,0,95,2026
Daniel Turner,12996,ME,WB,25,11,5,2,13,0,1,0,1,2,3,0,3,1,1,0,4,8,1,0,2,0,0,87,2026
Caleb Windsor,13099,ME,WB,25,3,2,5,8,1,0,0,3,0,2,0,1,0,0,0,2,6,1,0,1,0,1,77,2026
Marcus Bontempelli,12269,WB,ME,25,10,11,17,27,2,0,0,3,1,4,2,2,0,0,0,9,17,1,1,2,0,1,81,2026
Lachlan Bramble,12916,WB,ME,25,12,2,6,18,0,0,0,2,5,3,1,1,1,1,0,4,10,1,0,1,1,0,86,2026
Connor Budarick,12769,WB,ME,25,7,2,3,10,0,0,0,1,3,2,0,1,0,1,0,0,10,0,0,1,1,0,70,2026
Lachlan Carmichael,13362,WB,ME,25,5,3,0,5,0,0,0,3,1,1,0,2,0,1,0,0,5,0,0,0,0,0,53,2026
Bailey Dale,12354,WB,ME,25,22,5,6,28,0,0,0,1,10,1,0,4,0,1,0,3,18,0,0,2,0,0,86,2026
Sam Davidson,13178,WB,ME,25,14,2,4,18,0,1,0,1,2,5,2,4,2,1,0,7,12,0,2,2,0,1,85,2026
Josh Dolan,13179,WB,ME,25,4,1,7,11,0,0,0,1,0,3,1,0,0,0,0,3,8,0,0,0,1,1,71,2026
Joel Freijah,13140,WB,ME,25,14,4,10,24,1,2,0,7,2,5,5,5,0,2,0,11,12,0,2,0,0,1,81,2026
Ryan Gardner,12732,WB,ME,25,3,2,1,4,1,0,7,1,1,0,0,0,1,0,0,1,3,0,0,2,0,0,35,2026
Cooper Hynes,13213,WB,ME,25,9,2,6,15,2,1,0,0,2,1,1,3,0,0,0,4,11,1,1,1,0,0,77,2026
Arthur Jones,13046,WB,ME,25,10,7,3,13,3,0,0,0,0,1,0,2,0,1,0,4,8,2,3,0,0,1,78,2026
Luke Kennedy,13333,WB,ME,25,6,2,14,20,0,0,0,2,0,3,2,1,0,1,0,4,17,1,0,0,0,1,84,2026
Matthew Kennedy,12455,WB,ME,25,11,4,15,26,2,0,0,4,2,3,4,2,0,2,0,12,14,1,1,0,0,0,81,2026
Buku Khamis,12900,WB,ME,25,10,6,4,14,0,0,0,2,3,0,0,1,1,1,0,3,9,1,0,8,0,0,100,2026
Rory Lobb,12282,WB,ME,25,7,3,6,13,0,1,17,3,3,2,5,1,2,1,0,9,4,0,1,4,0,0,80,2026
Aaron Naughton,12594,WB,ME,25,11,9,4,15,2,1,0,2,0,2,0,3,2,0,0,10,4,5,3,2,0,1,55,2026
James ODonnell,13061,WB,ME,25,7,5,1,8,0,0,0,0,3,0,0,2,0,1,0,4,5,2,0,16,0,0,94,2026
Ed Richards,12605,WB,ME,25,19,1,11,30,1,0,0,4,3,6,8,2,1,0,0,14,14,0,0,1,2,1,85,2026
Ryley Sanders,13103,WB,ME,25,7,3,14,21,0,1,0,4,0,3,1,2,0,0,0,6,14,2,0,0,0,0,82,2026
Michael Sellwood,13276,WB,ME,25,6,3,6,12,0,0,0,5,3,0,0,3,1,1,0,5,6,2,0,4,0,0,87,2026
Cody Weightman,12800,WB,ME,25,9,2,3,12,1,2,0,4,0,1,3,4,1,2,0,7,6,0,1,1,0,0,80,2026
Rhylee West,12748,WB,ME,25,9,4,8,17,1,1,0,2,0,2,2,2,2,0,0,12,6,1,2,2,0,2,82,2026
Bailey Williams,12441,WB,ME,25,3,0,11,14,0,0,0,3,1,2,0,1,0,0,0,7,6,0,0,5,0,0,88,2026
Sam Berry,12849,AD,GW,25,9,2,11,20,0,0,0,7,0,6,5,2,1,1,0,10,10,0,0,1,0,2,72,2026
James Borlase,13086,AD,GW,25,3,3,4,7,0,0,0,0,0,1,0,0,0,0,0,2,5,0,0,6,0,0,88,2026
Brayden Cook,12932,AD,GW,25,10,6,6,16,0,0,0,4,4,3,0,1,0,1,0,3,13,0,0,0,0,0,79,2026
Isaac Cumming,12629,AD,GW,25,7,3,1,8,1,0,0,1,2,1,0,3,0,2,0,1,7,0,1,1,0,0,66,2026
Daniel Curtin,13132,AD,GW,25,11,3,11,22,1,0,0,3,1,6,5,4,2,2,0,13,10,0,0,0,0,1,71,2026
Jordan Dawson,12516,AD,GW,25,17,5,15,32,0,0,0,4,3,5,5,6,1,2,0,10,21,0,0,0,0,1,78,2026
Darcy Fogarty,12584,AD,GW,25,11,9,5,16,3,1,0,2,0,4,0,2,1,0,0,6,10,4,3,0,0,1,87,2026
Hugo Hall-Kahan,13328,AD,GW,25,13,4,11,24,0,1,0,1,6,2,0,1,1,1,0,6,17,0,0,0,0,0,78,2026
Mark Keane,12809,AD,GW,25,14,6,2,16,0,0,0,0,6,1,0,2,1,1,0,4,9,2,0,6,0,0,87,2026
Ben Keays,12434,AD,GW,25,14,4,11,25,3,1,0,3,0,3,1,1,1,0,0,8,15,1,1,0,0,1,87,2026
Rory Laird,12165,AD,GW,25,7,7,16,23,0,0,0,1,2,1,1,2,1,2,0,10,12,1,0,2,0,0,86,2026
Lachlan McAndrew,13065,AD,GW,25,5,0,7,12,1,0,39,3,2,3,3,2,2,1,0,6,6,0,0,1,0,2,74,2026
Max Michalanney,13027,AD,GW,25,10,4,4,14,0,0,0,3,1,2,0,0,2,0,0,5,9,0,0,1,0,0,88,2026
Wayne Milera,12405,AD,GW,25,11,5,8,19,0,0,0,1,3,1,1,2,0,0,0,3,13,1,0,1,0,0,78,2026
Luke Nankervis,13081,AD,GW,25,7,1,9,16,0,0,0,0,2,1,0,1,0,1,0,7,11,0,0,3,0,0,74,2026
Alex Neal-Bullen,12367,AD,GW,25,5,4,11,16,0,0,0,2,0,4,0,1,0,0,0,7,9,0,0,1,0,1,85,2026
Josh Rachele,12953,AD,GW,25,8,2,5,13,2,1,0,0,0,2,1,4,4,1,0,5,6,0,2,0,0,2,85,2026
Izak Rankine,12798,AD,GW,25,23,1,12,35,4,0,0,2,4,6,12,3,1,0,0,17,18,0,0,1,1,3,74,2026
Jake Soligo,12952,AD,GW,25,2,1,9,11,0,0,0,2,1,0,1,1,0,0,0,5,6,0,0,0,0,0,81,2026
Zac Taylor,13159,AD,GW,25,4,3,2,6,0,0,0,0,0,1,0,0,0,0,0,2,4,0,0,0,1,1,29,2026
Riley Thilthorpe,12892,AD,GW,25,14,9,7,21,3,4,3,3,0,6,4,3,0,2,0,8,13,2,6,0,0,0,83,2026
Taylor Walker,11713,AD,GW,25,11,4,2,13,6,1,0,0,0,4,0,3,2,2,0,7,6,2,3,1,0,0,81,2026
Josh Worrell,12912,AD,GW,25,10,3,5,15,0,0,0,3,4,1,2,2,1,1,0,5,7,0,0,5,0,0,89,2026
Ryan Angwin,13001,GW,AD,25,9,1,8,17,0,0,0,2,2,5,3,2,2,1,0,10,8,0,0,1,0,1,86,2026
Lachie Ash,12782,GW,AD,25,17,4,9,26,0,0,0,6,5,6,3,4,2,3,0,7,16,0,0,1,2,1,87,2026
Kieren Briggs,12904,GW,AD,25,7,3,4,11,0,0,24,3,2,3,5,1,1,1,0,7,6,1,0,1,0,0,57,2026
Callum Brown,12910,GW,AD,25,5,3,1,6,1,1,0,2,0,3,0,2,2,1,0,3,3,0,2,1,0,0,83,2026
Aaron Cadman,13054,GW,AD,25,8,3,5,13,2,1,0,0,0,3,1,2,0,0,0,4,11,1,1,1,0,1,95,2026
Stephen Coniglio,12028,GW,AD,25,5,1,15,20,0,0,0,1,0,1,2,2,2,0,0,6,13,0,0,2,0,0,88,2026
Josaia Delana,13222,GW,AD,25,4,4,10,14,0,0,0,5,0,3,1,4,0,2,0,5,9,0,0,1,0,1,78,2026
Joe Fonti,13164,GW,AD,25,13,6,5,18,0,0,0,2,5,2,0,8,1,3,0,4,14,0,0,5,1,0,90,2026
Toby Greene,12025,GW,AD,25,13,5,4,17,1,3,0,3,0,4,3,7,1,2,0,3,12,0,3,0,0,0,89,2026
Max Gruzewski,13158,GW,AD,25,5,4,1,6,1,1,0,0,0,4,0,0,0,0,0,2,5,0,1,2,0,1,90,2026
Riley Hamilton,13347,GW,AD,25,4,1,7,11,1,1,0,4,0,0,0,5,1,0,0,4,6,0,0,3,0,0,76,2026
Harry Himmelberg,12462,GW,AD,25,8,5,6,14,0,0,0,1,4,1,0,4,1,3,0,4,8,1,0,6,2,0,93,2026
Connor Idun,12750,GW,AD,25,9,4,11,20,0,0,0,4,4,2,0,1,1,0,0,6,13,0,0,11,0,0,100,2026
Nick Madden,13236,GW,AD,25,4,0,10,14,1,0,12,2,2,0,2,2,3,1,0,5,8,0,0,1,0,0,46,2026
Toby McMullin,13088,GW,AD,25,5,1,8,13,0,0,0,1,3,1,0,3,1,0,0,3,9,0,0,3,0,0,73,2026
Xavier OHalloran,12821,GW,AD,25,6,1,5,11,1,0,0,0,2,2,0,0,0,0,0,2,9,0,1,0,0,0,78,2026
Clayton Oliver,12410,GW,AD,25,11,4,14,25,0,0,0,3,1,5,6,6,1,1,0,10,14,0,1,0,0,1,77,2026
Harry Rowston,13045,GW,AD,25,7,2,9,16,1,0,0,3,1,2,2,0,1,0,0,6,10,0,1,0,0,1,62,2026
Conor Stone,12886,GW,AD,25,3,1,8,11,0,1,0,1,1,2,0,1,0,0,0,3,8,0,0,2,0,1,75,2026
Jake Stringer,12167,GW,AD,25,11,4,1,12,6,2,0,1,0,1,2,3,0,2,0,5,8,0,3,1,0,1,93,2026
Sam Taylor,12644,GW,AD,25,3,3,0,3,0,0,0,0,1,2,0,0,0,0,0,1,2,1,0,3,0,0,25,2026
Harvey Thomas,13101,GW,AD,25,4,4,7,11,0,0,0,6,1,3,0,0,0,0,0,2,9,1,0,0,0,0,78,2026
Lachie Whitfield,12143,GW,AD,25,14,0,7,21,0,0,0,4,3,1,0,1,0,1,0,4,8,0,0,0,0,0,83,2026
Kye Annand,13338,RI,GE,25,10,4,1,11,0,0,0,0,4,2,1,1,3,0,0,4,8,0,0,4,0,0,96,2026
Sam Banks,13078,RI,GE,25,2,0,1,3,0,0,0,1,1,0,0,0,0,0,0,0,2,0,0,0,0,0,18,2026
Tom Brown,13096,RI,GE,25,6,4,3,9,0,1,0,0,0,3,1,3,0,1,0,3,6,1,2,2,0,0,96,2026
Seth Campbell,13100,RI,GE,25,14,1,8,22,1,3,0,3,3,2,3,6,1,0,0,8,12,0,1,0,0,0,81,2026
Judson Clarke,12997,RI,GE,25,3,2,4,7,0,0,0,1,2,0,1,0,0,0,0,3,3,0,0,0,0,0,69,2026
Campbell Gray,13218,RI,GE,25,9,4,2,11,0,0,0,4,5,0,1,1,2,0,0,5,5,1,0,4,0,0,83,2026
Steely Green,13145,RI,GE,25,5,1,6,11,2,0,0,1,0,1,2,0,1,0,0,3,8,0,0,0,0,0,75,2026
Sam Grlj,13290,RI,GE,25,8,1,7,15,0,0,0,3,2,1,2,1,0,0,0,5,9,0,0,1,1,0,81,2026
Taj Hotton,13253,RI,GE,25,6,2,13,19,0,0,0,2,0,2,3,3,0,1,0,14,4,1,0,0,1,0,71,2026
Mykelti Lefau,13113,RI,GE,25,7,5,2,9,1,3,0,0,0,3,0,2,1,1,0,2,7,1,4,4,0,1,93,2026
Tom Lynch,11948,RI,GE,25,6,5,0,6,3,2,0,1,0,1,0,2,0,1,0,3,3,3,4,1,0,0,88,2026
Kane McAuliffe,13117,RI,GE,25,9,4,13,22,0,0,0,3,3,4,3,5,1,1,0,7,15,0,0,0,0,2,74,2026
Ben Miller,12941,RI,GE,25,4,1,1,5,0,0,0,3,2,0,0,1,0,1,0,1,2,0,0,5,0,0,79,2026
Toby Nankervis,12374,RI,GE,25,10,3,14,24,0,0,31,4,3,4,8,5,1,2,0,14,9,2,0,2,0,0,78,2026
Hugo Ralphsmith,12902,RI,GE,25,9,3,7,16,1,0,0,1,1,4,2,2,1,1,0,7,8,0,1,1,0,0,79,2026
Patrick Retschko,13313,RI,GE,25,10,4,8,18,0,0,0,2,2,2,1,1,0,0,0,2,16,0,0,1,1,0,90,2026
Maurice Rioli,12935,RI,GE,25,6,3,2,8,0,0,0,4,0,4,2,2,2,0,0,3,5,0,0,0,0,1,76,2026
Jack Ross,12712,RI,GE,25,15,4,17,32,0,0,0,5,2,6,3,4,1,0,0,12,21,0,0,0,2,3,80,2026
Samson Ryan,12918,RI,GE,25,4,3,3,7,2,0,13,1,1,2,0,2,0,1,0,2,4,0,2,1,0,2,60,2026
Jayden Short,12418,RI,GE,25,13,5,5,18,0,0,0,1,7,1,0,0,0,0,0,3,10,1,0,2,0,0,82,2026
Tim Taranto,12504,RI,GE,25,13,3,23,36,1,0,0,7,2,4,10,6,6,0,0,24,11,0,0,2,0,1,81,2026
Luke Trainor,13191,RI,GE,25,6,4,3,9,0,0,0,0,4,1,0,3,0,0,0,2,7,0,0,3,0,0,85,2026
Nick Vlastuin,12174,RI,GE,25,11,5,2,13,0,0,0,1,2,1,1,0,0,0,0,2,9,0,0,0,0,0,86,2026
Tom Atkins,12690,GE,RI,25,4,0,11,15,0,0,0,6,0,2,4,5,1,3,0,9,7,0,0,0,0,0,77,2026
Tanner Bruhn,12871,GE,RI,25,11,6,18,29,0,0,0,2,2,3,2,7,1,3,0,9,23,0,0,1,0,0,79,2026
Jeremy Cameron,12017,GE,RI,25,14,5,8,22,0,0,0,0,2,2,3,3,1,1,0,7,16,1,0,0,0,1,79,2026
Jhye Clark,13062,GE,RI,25,9,3,13,22,0,1,0,4,2,4,0,2,1,1,0,6,15,0,0,2,0,0,78,2026
Brad Close,12806,GE,RI,25,5,1,11,16,0,0,0,2,0,2,0,3,0,0,0,7,10,0,1,1,0,1,85,2026
Patrick Dangerfield,11700,GE,RI,25,13,7,9,22,3,0,0,2,1,6,2,3,0,0,0,5,18,1,3,2,0,2,71,2026
Sam De Koning,12891,GE,RI,25,5,4,9,14,0,0,6,0,1,3,2,2,1,1,0,5,9,1,0,6,0,0,81,2026
Oliver Dempsey,12974,GE,RI,25,11,6,16,27,1,1,0,6,1,4,2,1,0,0,0,9,17,1,1,1,1,2,87,2026
Mitchell Edwards,13285,GE,RI,25,9,5,10,19,1,0,25,1,0,6,3,1,1,0,0,7,12,2,0,2,0,0,68,2026
Zach Guthrie,12551,GE,RI,25,12,4,7,19,0,0,0,2,4,2,1,1,1,0,0,7,9,0,0,0,0,0,87,2026
Jack Henry,12607,GE,RI,25,1,0,2,3,0,0,0,1,1,0,1,0,0,0,0,1,2,0,0,5,0,0,37,2026
Oliver Henry,12851,GE,RI,25,7,6,4,11,2,2,0,2,0,4,0,0,0,0,0,4,7,1,3,0,0,0,80,2026
Lawson Humphries,13160,GE,RI,25,14,6,8,22,1,0,0,1,4,2,0,0,0,0,0,3,16,0,0,0,0,0,81,2026
Shaun Mannagh,13104,GE,RI,25,21,5,12,33,3,0,0,7,4,6,5,6,0,3,0,11,20,0,0,2,0,2,73,2026
Jack Martin,12236,GE,RI,25,9,7,8,17,0,2,0,2,1,1,0,3,0,1,0,4,13,1,3,0,0,0,72,2026
Gryan Miers,12689,GE,RI,25,9,5,16,25,0,0,0,2,2,2,1,1,0,0,0,3,22,0,0,0,0,2,87,2026
Oisin Mullin,13066,GE,RI,25,4,2,12,16,0,0,0,7,0,1,3,2,1,2,0,9,7,0,0,2,0,0,83,2026
Shannon Neale,12992,GE,RI,25,5,4,4,9,4,0,2,3,0,0,0,7,0,4,0,5,6,2,3,1,0,1,84,2026
Mark OConnor,12531,GE,RI,25,5,5,11,16,0,0,0,0,0,4,0,0,0,0,0,2,15,0,0,1,0,2,82,2026
Connor OSullivan,13122,GE,RI,25,8,7,6,14,0,0,0,1,3,2,0,1,1,0,0,6,8,3,0,5,0,0,88,2026
Jay Polkinghorne,13353,GE,RI,25,5,3,2,7,2,2,0,1,0,1,0,1,0,0,0,2,5,0,2,0,0,1,76,2026
Bailey Smith,12692,GE,RI,25,24,5,16,40,3,0,0,6,5,8,4,4,1,1,0,9,29,0,1,0,3,2,84,2026
Tom Stewart,12505,GE,RI,25,13,10,5,18,0,0,0,0,3,1,0,2,0,0,0,3,13,2,0,2,1,0,82,2026
Tom Anastasopoulos,13322,PA,ES,25,8,1,6,14,1,0,0,1,3,3,0,2,0,0,0,5,9,0,0,0,0,0,61,2026
Xavier Bamert,13337,PA,ES,25,9,4,2,11,1,0,0,3,0,2,0,2,2,0,0,3,8,0,1,0,0,1,72,2026
Miles Bergman,12867,PA,ES,25,15,7,7,22,0,0,0,2,5,1,1,6,1,1,0,6,13,0,0,2,1,0,81,2026
Joe Berry,13188,PA,ES,25,10,3,5,15,0,1,0,1,2,4,0,0,0,0,0,5,10,0,0,0,0,2,79,2026
Will Brodie,12541,PA,ES,25,8,1,14,22,0,0,0,2,0,3,7,1,0,0,0,11,10,0,0,0,0,1,61,2026
Jase Burgoyne,13007,PA,ES,25,21,5,9,30,2,0,0,8,2,6,7,4,3,2,0,15,14,0,2,2,1,2,84,2026
Darcy Byrne-Jones,12422,PA,ES,25,16,3,10,26,0,1,0,1,7,2,1,4,1,0,0,8,14,0,0,1,1,0,78,2026
Corey Durdin,12936,PA,ES,25,3,2,5,8,0,0,0,4,0,1,0,1,1,0,0,3,6,0,0,1,0,2,83,2026
Mitch Georgiades,12766,PA,ES,25,11,9,4,15,5,1,0,1,0,1,0,6,1,3,0,3,11,1,7,1,0,1,97,2026
Lachie Jones,12882,PA,ES,25,10,4,8,18,0,0,0,4,2,1,0,1,1,0,0,5,6,0,0,8,0,0,87,2026
Josh Lai,13301,PA,ES,25,6,1,6,12,0,0,0,2,4,2,0,1,0,0,0,3,9,0,0,3,0,0,88,2026
Todd Marshall,12575,PA,ES,25,6,2,2,8,0,1,0,1,0,2,0,0,0,0,0,3,5,0,1,0,0,1,59,2026
Christian Moraes,13199,PA,ES,25,9,3,10,19,1,0,0,2,0,4,1,0,0,0,0,3,16,0,0,1,1,2,85,2026
Balyn OBrien,13354,PA,ES,25,2,1,2,4,0,0,0,1,0,0,1,2,2,1,0,4,1,0,0,0,0,0,74,2026
Harrison Ramm,13270,PA,ES,25,3,3,3,6,0,0,0,2,1,1,0,2,0,0,0,3,2,1,0,7,0,0,78,2026
Joe Richards,13139,PA,ES,25,16,7,6,22,0,0,0,5,3,4,4,3,0,0,0,3,15,0,0,0,1,0,80,2026
Jordon Sweet,12890,PA,ES,25,7,3,8,15,1,1,19,0,1,2,7,1,1,1,0,10,5,1,1,3,0,0,75,2026
Alex Van Wyk,13360,PA,ES,25,4,3,8,12,0,0,18,1,1,3,1,3,1,0,0,7,4,1,0,1,0,0,56,2026
Dante Visentini,13073,PA,ES,25,7,5,1,8,0,0,0,0,1,0,0,2,0,1,0,4,5,0,0,9,0,0,91,2026
Jacob Wehr,12991,PA,ES,25,13,0,2,15,0,0,0,0,5,2,3,0,2,0,0,7,7,0,0,1,0,1,84,2026
Jack Whitlock,13259,PA,ES,25,6,6,8,14,2,0,0,0,0,1,0,1,0,1,0,4,11,1,2,1,0,1,95,2026
Ollie Wines,12150,PA,ES,25,12,4,15,27,1,0,0,5,4,1,3,5,0,1,0,10,16,0,0,0,0,0,74,2026
Mitch Zadow,13305,PA,ES,25,7,3,1,8,2,1,0,3,0,3,1,4,2,2,0,3,7,0,2,0,0,1,80,2026
Jaxon Artemis,13352,ES,PA,25,4,1,7,11,0,0,0,1,2,0,0,1,0,1,0,4,8,0,0,1,0,0,73,2026
Nick Bryan,12899,ES,PA,25,5,0,6,11,0,0,29,1,0,3,5,1,1,1,0,7,5,0,0,2,0,0,63,2026
Nate Caddy,13148,ES,PA,25,9,6,8,17,6,0,0,1,0,1,0,4,2,1,0,12,6,4,4,2,0,0,91,2026
Jye Caldwell,12755,ES,PA,25,9,4,14,23,0,1,0,3,1,1,0,3,0,0,0,8,15,0,0,0,0,2,64,2026
Angus Clarke,13229,ES,PA,25,9,5,5,14,3,2,0,3,0,4,2,3,0,2,0,5,8,0,2,0,0,1,83,2026
Archer Day-Wicks,13223,ES,PA,25,9,6,6,15,0,2,0,3,0,1,1,1,1,0,0,3,13,0,2,1,0,1,75,2026
Jacob Farrow,13299,ES,PA,25,9,3,2,11,0,0,0,3,1,4,1,2,1,0,0,3,8,0,0,0,0,0,78,2026
Harry Jones,12853,ES,PA,25,9,4,5,14,0,0,0,1,3,1,0,2,0,1,0,4,11,0,0,4,0,0,90,2026
Isaac Kako,13177,ES,PA,25,6,0,9,15,1,0,0,3,0,1,1,1,0,1,0,10,6,0,0,1,0,0,71,2026
Max Kondogiannis,13282,ES,PA,25,5,3,8,13,0,1,0,2,2,0,0,1,0,1,0,4,10,0,0,1,0,0,65,2026
Kyle Langford,12349,ES,PA,25,7,3,5,12,0,0,0,3,5,1,0,2,3,1,0,7,4,0,0,3,0,0,85,2026
Andrew McGrath,12491,ES,PA,25,12,2,13,25,0,0,0,13,1,5,4,2,0,0,0,6,19,0,0,1,0,0,83,2026
Zach Merrett,12241,ES,PA,25,18,7,14,32,1,1,0,3,1,4,3,3,1,0,0,6,26,0,1,1,0,0,84,2026
Archie Perkins,12879,ES,PA,25,10,9,3,13,1,1,0,2,0,4,0,1,0,0,0,4,9,2,3,2,0,1,73,2026
Jaxon Prior,12874,ES,PA,25,11,6,10,21,0,1,0,5,4,1,1,3,1,1,0,3,17,0,1,4,0,0,88,2026
Mason Redman,12437,ES,PA,25,8,3,6,14,0,0,0,1,3,3,0,6,0,2,0,3,10,0,0,2,0,0,84,2026
Zach Reid,12889,ES,PA,25,15,11,4,19,0,0,0,3,5,0,1,3,0,0,0,6,12,2,0,6,0,0,91,2026
Archie Roberts,13168,ES,PA,25,14,4,13,27,0,0,0,1,2,4,3,1,0,0,0,8,17,0,0,0,0,0,91,2026
Will Setterfield,12567,ES,PA,25,15,7,17,32,0,0,0,10,1,5,7,1,1,0,0,15,17,1,0,0,0,1,80,2026
Dyson Sharp,13283,ES,PA,25,10,3,12,22,0,0,0,5,0,7,5,5,2,3,0,9,14,0,0,2,0,0,72,2026
Rhys Unwin,13264,ES,PA,25,4,3,3,7,0,0,0,4,0,4,1,3,0,2,0,3,5,1,0,2,1,1,70,2026
Vigo Visentini,13241,ES,PA,25,5,5,4,9,0,0,10,3,0,0,2,2,0,1,0,3,6,0,0,0,0,0,70,2026
Peter Wright,12366,ES,PA,25,7,6,0,7,2,1,0,1,0,2,0,1,0,0,0,1,6,1,4,1,0,1,75,2026
Zac Banch,13256,NM,SY,25,7,4,6,13,1,1,0,2,1,3,0,3,1,3,0,4,9,0,3,0,0,1,81,2026
Charlie Comben,12938,NM,SY,25,9,8,4,13,0,0,0,4,2,0,1,2,1,0,0,6,6,3,0,12,0,0,90,2026
Aidan Corr,12181,NM,SY,25,7,4,5,12,0,0,0,3,4,0,0,2,1,2,0,4,4,0,0,7,0,0,72,2026
Paul Curtis,12975,NM,SY,25,6,4,1,7,1,1,0,1,0,1,0,2,0,1,0,2,4,1,1,3,0,1,79,2026
Caleb Daniel,12373,NM,SY,25,16,3,10,26,0,0,0,1,3,0,2,2,0,1,0,6,16,0,0,3,0,0,75,2026
Jack Darling,11905,NM,SY,25,2,2,1,3,1,0,0,2,0,0,0,0,0,0,0,2,1,1,1,0,0,0,64,2026
Luke Davies-Uniacke,12590,NM,SY,25,8,2,9,17,0,0,0,2,1,4,4,2,1,1,0,10,7,1,0,0,1,1,82,2026
Wil Dawson,13144,NM,SY,25,5,2,1,6,0,0,7,2,1,0,1,1,0,1,0,2,4,0,0,1,0,0,55,2026
Josh Goater,13025,NM,SY,25,8,6,9,17,0,0,0,2,1,1,0,2,0,0,0,1,16,0,0,0,1,0,70,2026
Riley Hardeman,13130,NM,SY,25,13,5,7,20,0,0,0,4,3,1,0,1,0,0,0,3,16,0,0,1,0,0,79,2026
Nick Larkey,12563,NM,SY,25,4,2,3,7,1,1,0,1,0,2,0,0,1,0,0,4,3,1,2,2,0,1,90,2026
Griffin Logue,12511,NM,SY,25,8,7,9,17,0,0,0,3,5,1,0,2,0,1,0,6,12,0,0,6,0,0,75,2026
Luke McDonald,12246,NM,SY,25,13,5,11,24,0,1,0,3,5,5,4,4,0,1,0,6,17,0,1,2,0,1,83,2026
Colby McKercher,13107,NM,SY,25,11,3,7,18,0,0,0,2,4,2,1,1,0,0,0,1,15,0,0,1,1,0,84,2026
Finn OSullivan,13187,NM,SY,25,10,5,10,20,0,0,0,1,1,3,1,1,0,0,0,3,17,0,0,1,0,0,87,2026
Luke Parker,11953,NM,SY,25,21,6,5,26,0,0,0,2,8,1,1,2,1,0,0,4,14,0,0,3,1,0,78,2026
Jy Simpkin,12502,NM,SY,25,14,8,12,26,1,0,0,8,2,3,6,4,1,1,0,9,17,0,1,0,1,1,90,2026
Charlie Spargo,12622,NM,SY,25,10,5,5,15,1,1,0,5,1,2,0,5,1,1,0,3,13,0,0,0,0,2,78,2026
Dylan Stephens,12796,NM,SY,25,10,7,7,17,0,0,0,3,3,2,0,3,0,1,0,4,14,0,0,1,0,0,85,2026
Cooper Trembath,13263,NM,SY,25,4,1,6,10,1,0,4,2,0,2,0,2,1,1,0,5,5,0,0,1,0,0,74,2026
George Wardlaw,13064,NM,SY,25,10,3,8,18,0,0,0,5,1,3,5,1,1,0,0,11,9,0,1,1,1,0,58,2026
Tristan Xerri,12788,NM,SY,25,3,5,18,21,1,0,17,4,1,1,5,6,2,1,0,16,5,1,1,2,0,1,82,2026
Cameron Zurhaar,12557,NM,SY,25,14,9,5,19,2,1,0,2,4,2,0,2,0,1,0,7,13,2,3,2,0,0,90,2026
Braeden Campbell,12863,SY,NM,25,13,1,7,20,2,1,0,5,0,8,0,5,2,0,0,6,13,0,0,0,1,2,85,2026
Caiden Cleary,13157,SY,NM,25,10,4,8,18,1,0,0,5,0,3,5,3,0,2,0,10,9,0,0,1,0,0,79,2026
Billy Cootee,13317,SY,NM,25,8,3,8,16,3,0,0,4,0,5,0,4,1,0,0,7,8,0,2,2,1,2,73,2026
Harry Cunningham,12015,SY,NM,25,8,8,8,16,0,0,0,1,2,1,1,1,0,0,0,3,13,1,0,5,1,0,87,2026
Charlie Curnow,12421,SY,NM,25,13,6,2,15,3,4,0,1,0,3,0,2,1,1,0,6,7,1,5,2,0,1,79,2026
Jesse Dattoli,13260,SY,NM,25,11,3,10,21,1,3,0,3,0,5,4,3,0,0,0,12,10,0,1,2,0,0,74,2026
Will Green,13361,SY,NM,25,6,2,3,9,0,0,14,6,1,3,5,2,2,1,0,6,3,0,0,2,0,1,56,2026
Brodie Grundy,12217,SY,NM,25,9,2,17,26,0,0,28,1,1,3,7,5,1,2,0,15,11,0,0,4,1,0,68,2026
Errol Gulden,12862,SY,NM,25,27,4,14,41,0,1,0,3,7,10,6,6,1,0,0,10,29,0,0,0,3,3,74,2026
Joel Hamling,12359,SY,NM,25,3,5,5,8,0,0,0,0,0,0,0,0,0,0,0,1,7,0,0,3,0,0,95,2026
Tom Hanily,13173,SY,NM,25,6,3,7,13,1,2,0,4,0,3,0,1,1,0,0,4,9,1,1,1,0,1,71,2026
Harry Kyle,13327,SY,NM,25,9,3,3,12,1,0,0,0,0,2,0,3,0,0,0,3,9,0,0,2,0,0,79,2026
Jake Lloyd,12268,SY,NM,25,10,5,8,18,1,1,0,2,4,1,0,1,2,0,0,4,15,0,0,5,1,0,88,2026
Tom McCartin,12627,SY,NM,25,5,3,6,11,0,0,0,0,1,2,0,2,0,2,0,2,8,0,0,2,0,0,78,2026
Logan McDonald,12861,SY,NM,25,7,4,4,11,3,1,0,2,1,0,0,2,3,1,0,9,3,2,1,1,0,0,90,2026
Callum Mills,12413,SY,NM,25,13,5,13,26,0,0,0,2,6,3,1,0,1,0,0,8,15,1,0,4,0,0,74,2026
Tom Papley,12412,SY,NM,25,12,2,5,17,1,3,0,4,0,5,2,4,0,0,0,6,11,0,1,1,0,3,75,2026
Dane Rampe,12140,SY,NM,25,4,2,4,8,0,0,0,2,2,0,0,2,2,1,0,4,5,0,0,3,0,0,77,2026
Matt Roberts,12994,SY,NM,25,5,2,6,11,0,0,0,2,0,2,0,1,0,0,0,2,9,0,0,0,0,1,90,2026
James Rowbottom,12714,SY,NM,25,10,1,9,19,0,1,0,12,0,3,4,3,0,0,0,6,14,0,0,3,0,1,78,2026
Jai Serong,13022,SY,NM,25,9,6,15,24,0,1,0,7,3,3,6,3,0,0,0,10,15,0,1,2,0,0,89,2026
Angus Sheldrick,12951,SY,NM,25,5,2,11,16,0,1,0,0,1,2,6,2,0,1,0,10,8,0,0,2,0,1,50,2026
Sam Wicks,12818,SY,NM,25,11,1,3,14,0,0,0,3,0,3,1,1,0,1,0,2,7,0,0,2,6,0,90,2026
Karl Amon,12357,HW,WC,25,8,6,5,13,0,0,0,1,6,0,0,2,0,1,0,0,12,0,0,1,0,0,76,2026
Tom Barrass,12383,HW,WC,25,4,3,5,9,0,0,0,1,0,0,0,0,0,0,0,4,6,0,0,7,0,0,88,2026
Josh Battle,12558,HW,WC,25,8,3,5,13,0,0,0,0,2,1,0,1,0,0,0,3,8,0,0,6,0,0,95,2026
Max Beattie,13363,HW,WC,25,11,2,4,15,2,2,0,1,1,5,0,5,1,0,0,7,8,0,1,1,0,2,67,2026
Mabior Chol,12485,HW,WC,25,4,1,5,9,0,0,3,6,0,0,2,2,0,2,0,6,3,0,1,3,0,0,67,2026
Jack Dalton,13304,HW,WC,25,6,5,8,14,0,1,0,4,5,1,1,4,0,1,0,4,11,0,1,0,0,0,72,2026
Massimo DAmbrosio,12998,HW,WC,25,12,1,6,18,0,1,0,2,2,4,2,4,2,0,0,8,10,0,0,2,0,1,77,2026
Will Day,12794,HW,WC,25,16,5,7,23,2,1,0,3,1,2,6,4,1,2,0,10,9,2,2,0,0,0,68,2026
Jack Gunston,11845,HW,WC,25,8,6,0,8,5,1,0,2,0,0,0,5,0,4,0,1,7,0,4,0,0,0,97,2026
Blake Hardwick,12469,HW,WC,25,16,5,6,22,0,0,0,4,5,2,0,1,3,1,0,7,13,0,0,3,0,0,84,2026
Jarman Impey,12237,HW,WC,25,10,3,6,16,0,0,0,2,4,2,0,1,0,0,0,4,8,0,0,1,1,0,77,2026
Mitch Lewis,12636,HW,WC,25,10,10,4,14,2,0,0,2,0,5,1,4,0,2,0,8,7,4,2,3,0,0,82,2026
Bailey Macdonald,13069,HW,WC,25,9,2,3,12,0,0,0,6,2,0,1,2,1,1,0,3,7,0,0,3,0,0,78,2026
Connor Macdonald,12954,HW,WC,25,17,6,6,23,0,1,0,5,0,3,4,2,2,1,0,8,14,0,0,1,0,1,75,2026
Cam Mackenzie,13031,HW,WC,25,10,2,6,16,0,0,0,3,2,3,4,4,0,2,0,7,9,0,0,1,0,0,75,2026
Lloyd Meek,12856,HW,WC,25,7,2,9,16,0,0,31,3,1,5,4,3,1,1,0,9,6,0,0,6,0,2,77,2026
Dylan Moore,12710,HW,WC,25,13,5,9,22,1,0,0,5,0,9,0,5,0,0,0,7,15,0,1,2,0,1,82,2026
Harry Morrison,12579,HW,WC,25,14,4,6,20,0,0,0,3,0,4,2,1,1,0,0,9,10,0,0,0,0,3,86,2026
Jai Newcombe,12915,HW,WC,25,13,2,6,19,1,1,0,4,2,7,4,6,3,2,0,6,13,0,1,5,1,1,77,2026
James Sicily,12332,HW,WC,25,16,5,3,19,0,1,0,1,4,5,1,4,1,0,0,8,9,1,0,3,0,0,88,2026
Josh Ward,12955,HW,WC,25,10,3,14,24,0,0,0,6,1,3,5,2,1,0,0,13,9,0,0,1,0,1,80,2026
Nick Watson,13105,HW,WC,25,8,2,4,12,3,1,0,2,0,4,2,1,2,1,0,6,6,1,2,0,1,1,54,2026
Josh Weddle,13057,HW,WC,25,6,4,5,11,0,0,2,6,0,1,1,3,1,0,0,5,5,2,2,4,0,0,78,2026
Bo Allan,13221,WC,HW,25,7,2,6,13,0,0,0,3,2,2,2,5,0,2,0,9,6,0,0,3,0,0,79,2026
Liam Baker,12661,WC,HW,25,9,4,5,14,0,0,0,1,2,4,1,5,0,2,0,4,10,0,0,1,0,1,78,2026
Rhett Bazzo,13000,WC,HW,25,8,4,2,10,0,0,0,2,3,0,0,3,3,0,0,4,5,0,0,6,0,0,90,2026
Tom Cole,12446,WC,HW,25,7,3,6,13,0,1,0,3,1,1,2,1,1,1,0,5,8,0,1,1,0,0,77,2026
Hamish Davis,13210,WC,HW,25,8,4,9,17,0,1,0,6,1,3,0,1,0,0,0,5,13,0,0,1,0,0,72,2026
Cooper Duff-Tytler,13291,WC,HW,25,2,1,4,6,0,0,11,2,0,2,0,2,0,1,0,2,4,0,0,2,0,0,66,2026
Willem Duursma,13292,WC,HW,25,9,4,10,19,0,0,0,0,4,1,2,2,0,0,0,6,9,0,0,5,0,0,83,2026
Jack Graham,12576,WC,HW,25,11,1,10,21,0,0,0,7,3,1,2,7,1,3,0,6,16,0,0,1,0,1,76,2026
Tom Gross,13211,WC,HW,25,5,3,4,9,0,1,0,1,0,1,0,0,1,0,0,2,8,0,1,0,0,0,63,2026
Marcus Herbert,13339,WC,HW,25,8,3,12,20,0,0,0,2,4,2,0,3,0,2,0,4,17,0,0,0,4,0,75,2026
Brady Hough,12957,WC,HW,25,11,3,9,20,0,0,0,4,4,1,0,3,3,1,0,10,10,0,0,2,0,0,84,2026
Tim Kelly,12595,WC,HW,25,12,4,16,28,0,0,0,5,5,1,4,5,1,0,0,9,18,0,0,1,0,0,73,2026
Josh Lindsay,13293,WC,HW,25,7,2,5,12,0,0,0,0,1,2,2,3,1,0,0,4,8,0,0,0,0,0,74,2026
Tom McCarthy,13240,WC,HW,25,16,3,4,20,0,0,0,1,0,4,0,1,1,0,0,5,11,0,0,2,1,0,81,2026
Milan Murdock,13294,WC,HW,25,11,1,13,24,3,0,0,5,0,4,0,2,2,0,0,9,14,0,0,0,0,0,84,2026
Harley Reid,13111,WC,HW,25,11,4,10,21,1,1,0,3,0,5,3,5,1,3,0,13,7,0,0,0,1,0,77,2026
Jobe Shanahan,13247,WC,HW,25,3,0,3,6,0,0,0,2,0,1,0,3,0,1,0,5,1,0,0,1,0,0,92,2026
Brandon Starcevich,12668,WC,HW,25,3,0,3,6,0,0,0,0,2,2,0,2,1,1,0,1,6,0,0,4,0,0,72,2026
Jake Waterman,12601,WC,HW,25,7,3,4,11,1,1,0,1,0,0,0,3,0,0,0,2,7,1,3,2,0,0,88,2026
Bailey Williams,12836,WC,HW,25,5,1,8,13,0,0,36,2,6,2,7,1,1,1,0,9,2,1,0,2,0,0,78,2026
Jack Williams,12962,WC,HW,25,8,5,7,15,1,1,1,1,0,2,0,2,0,1,0,5,10,1,1,2,0,1,73,2026
Elliot Yeo,12087,WC,HW,25,11,0,14,25,0,1,0,5,1,3,7,6,1,1,0,11,10,0,0,1,0,0,76,2026
Tylar Young,13043,WC,HW,25,17,7,2,19,0,0,0,0,10,2,0,2,3,0,0,9,10,0,0,12,0,0,89,2026
Edward Allan,13146,CW,WB,WF,7,0,6,13,0,0,0,10,0,3,1,7,1,2,0,5,9,0,0,1,0,1,74,2026
Angus Anderson,13306,CW,WB,WF,4,1,2,6,2,0,0,2,0,2,1,2,0,0,0,1,3,0,1,1,0,1,64,2026
Darcy Cameron,12660,CW,WB,WF,14,6,5,19,1,0,46,4,2,4,4,7,0,2,0,12,6,2,1,2,0,0,85,2026
Jack Crisp,12061,CW,WB,WF,12,4,9,21,1,0,0,6,5,2,0,4,0,1,0,5,15,0,0,2,0,0,79,2026
Josh Daicos,12573,CW,WB,WF,14,5,12,26,0,0,0,7,6,0,4,4,0,1,0,9,15,0,0,1,0,0,81,2026
Nick Daicos,12943,CW,WB,WF,17,3,13,30,2,0,0,5,3,4,4,6,3,2,0,12,16,0,1,0,7,2,88,2026
Jordan de Goey,12318,CW,WB,WF,6,1,9,15,1,0,0,3,2,2,2,5,0,2,0,10,7,1,1,0,0,0,84,2026
Billy Frampton,12676,CW,WB,WF,9,6,3,12,0,0,0,3,1,1,1,5,2,2,0,4,8,0,0,13,0,0,100,2026
Harvey Harrison,13068,CW,WB,WF,2,2,6,8,0,0,0,5,2,1,0,0,1,0,0,3,5,0,0,0,0,1,53,2026
Will Hayes,13228,CW,WB,WF,3,2,2,5,0,0,0,0,0,1,0,0,0,0,0,2,3,1,0,0,0,1,56,2026
Dan Houston,12495,CW,WB,WF,6,3,8,14,0,0,0,3,3,0,2,1,0,0,0,6,6,0,0,5,0,0,83,2026
Jeremy Howe,11967,CW,WB,WF,10,4,5,15,0,0,0,0,3,1,0,2,0,1,0,6,7,1,0,7,0,0,97,2026
Patrick Lipinski,12578,CW,WB,WF,9,6,15,24,0,1,0,2,4,4,3,3,0,0,0,6,17,0,1,0,0,0,83,2026
Ned Long,13023,CW,WB,WF,12,1,4,16,1,0,0,11,1,3,4,2,1,1,0,8,5,1,0,1,0,2,76,2026
Beau McCreery,12876,CW,WB,WF,11,1,11,22,0,1,0,2,1,6,5,4,0,0,0,9,11,0,0,0,2,1,79,2026
Daniel McStay,12291,CW,WB,WF,6,7,6,12,4,1,2,3,0,1,0,1,0,0,0,6,6,5,5,1,0,0,83,2026
Tim Membrey,12300,CW,WB,WF,5,4,7,12,1,2,0,1,0,0,0,0,0,0,0,6,7,2,3,2,0,0,76,2026
Isaac Quaynor,12740,CW,WB,WF,9,4,7,16,0,0,0,5,6,1,0,4,0,1,0,2,10,0,0,3,1,0,83,2026
Lachie Schultz,12700,CW,WB,WF,4,2,10,14,0,0,0,6,1,2,0,0,0,0,0,4,10,0,0,1,0,2,81,2026
Steele Sidebottom,11751,CW,WB,WF,7,5,1,8,0,0,0,0,0,1,0,0,0,0,0,2,8,0,0,1,0,0,73,2026
Roan Steele,13248,CW,WB,WF,9,0,5,14,0,1,0,7,0,3,3,3,0,1,0,6,8,0,0,1,0,0,80,2026
Sam Swadling,13340,CW,WB,WF,18,8,14,32,0,0,0,0,8,3,1,3,0,0,0,6,23,0,0,3,0,0,82,2026
Charlie West,13246,CW,WB,WF,3,0,4,7,1,0,0,1,0,0,0,4,2,0,0,4,1,0,0,1,0,0,58,2026
Marcus Bontempelli,12269,WB,CW,WF,17,7,15,32,1,2,0,0,0,7,8,1,1,0,0,16,19,0,1,7,0,1,88,2026
Lachlan Bramble,12916,WB,CW,WF,13,3,9,22,0,0,0,4,4,3,4,2,0,0,0,8,15,0,0,4,2,0,89,2026
Connor Budarick,12769,WB,CW,WF,4,3,5,9,0,0,0,3,2,0,0,1,0,0,0,2,6,0,0,0,0,0,66,2026
Bailey Dale,12354,WB,CW,WF,21,7,3,24,0,0,0,0,4,3,1,4,1,0,0,6,11,1,0,2,1,1,87,2026
Sam Davidson,13178,WB,CW,WF,10,5,9,19,1,2,0,3,0,6,1,2,1,1,0,2,18,0,2,0,0,1,78,2026
Josh Dolan,13179,WB,CW,WF,5,1,4,9,0,1,0,3,0,3,2,1,1,0,0,3,6,0,0,0,0,1,74,2026
Tim English,12537,WB,CW,WF,7,2,13,20,0,0,33,6,2,2,4,3,2,0,0,8,11,0,0,5,0,0,73,2026
Joel Freijah,13140,WB,CW,WF,14,3,13,27,0,0,0,6,1,3,8,5,1,1,0,16,12,1,1,3,0,1,85,2026
Ryan Gardner,12732,WB,CW,WF,2,1,1,3,0,0,5,2,1,0,2,0,0,0,0,2,3,0,0,2,0,0,16,2026
Cooper Hynes,13213,WB,CW,WF,13,5,6,19,0,0,0,2,2,3,3,3,0,0,0,7,13,0,1,1,1,0,83,2026
Arthur Jones,13046,WB,CW,WF,11,4,6,17,4,2,0,2,0,3,1,2,1,1,0,8,10,1,3,1,0,0,83,2026
Luke Kennedy,13333,WB,CW,WF,5,2,6,11,0,0,0,5,0,1,0,0,1,0,0,5,6,0,1,0,0,0,64,2026
Matthew Kennedy,12455,WB,CW,WF,20,8,7,27,1,0,0,5,2,9,4,3,1,1,0,9,15,0,1,0,0,2,71,2026
Buku Khamis,12900,WB,CW,WF,5,4,0,5,0,0,0,3,1,1,1,0,0,0,0,0,5,0,0,5,0,0,90,2026
Rory Lobb,12282,WB,CW,WF,3,3,7,10,0,1,5,2,0,1,1,1,0,0,0,4,6,1,1,3,0,1,81,2026
Aaron Naughton,12594,WB,CW,WF,10,5,6,16,4,0,0,1,0,2,0,3,1,1,0,9,6,2,3,2,0,2,82,2026
James ODonnell,13061,WB,CW,WF,7,5,2,9,0,0,0,0,3,0,0,0,0,0,0,1,7,0,0,9,0,0,91,2026
Ed Richards,12605,WB,CW,WF,15,2,10,25,1,0,0,5,1,5,7,5,1,0,0,9,17,0,0,2,1,1,86,2026
Ryley Sanders,13103,WB,CW,WF,10,4,15,25,0,0,0,2,1,2,4,4,0,1,0,10,15,0,0,0,0,0,82,2026
Michael Sellwood,13276,WB,CW,WF,3,2,5,8,0,0,0,0,1,1,0,4,0,3,0,3,7,0,0,1,0,0,82,2026
Cody Weightman,12800,WB,CW,WF,9,3,4,13,2,0,0,1,1,3,0,3,2,0,0,2,10,0,2,1,0,0,81,2026
Rhylee West,12748,WB,CW,WF,10,3,11,21,0,2,0,3,0,4,3,4,2,1,0,11,11,0,1,2,0,1,74,2026
Bailey Williams,12441,WB,CW,WF,12,7,5,17,0,0,0,1,3,2,0,2,0,0,0,4,10,2,0,2,0,0,95,2026
Jake Bowey,12931,ME,CA,WF,20,4,6,26,0,1,0,2,8,3,1,3,3,1,0,6,13,0,0,1,0,0,82,2026
Kade Chandler,12756,ME,CA,WF,10,1,6,16,0,1,0,2,0,4,6,2,2,1,0,13,5,0,0,1,1,0,82,2026
Joel Fitzgerald,13335,ME,CA,WF,5,0,10,15,0,0,0,4,1,2,4,2,1,0,0,8,6,0,0,1,0,0,59,2026
Bayley Fritsch,12598,ME,CA,WF,7,2,5,12,1,0,0,4,0,4,0,3,0,1,0,5,8,1,1,3,1,0,85,2026
Max Gawn,11966,ME,CA,WF,12,3,6,18,1,0,31,0,2,3,6,0,3,0,0,7,10,0,1,0,0,1,92,2026
Changkuoth Jiath,12752,ME,CA,WF,8,4,8,16,0,0,0,2,4,1,0,1,0,0,0,3,13,0,0,3,1,0,86,2026
Ed Langdon,12393,ME,CA,WF,7,0,11,18,0,0,0,1,1,3,0,1,0,1,0,6,11,0,0,1,0,1,92,2026
Harvey Langford,13184,ME,CA,WF,9,6,12,21,1,0,0,3,2,2,3,1,1,0,0,10,10,1,1,1,0,0,78,2026
Bailey Laurie,13032,ME,CA,WF,4,0,1,5,1,1,0,2,0,0,0,4,0,3,0,1,5,0,0,1,0,0,60,2026
Xavier Lindsay,13185,ME,CA,WF,9,4,7,16,0,0,0,3,4,2,1,2,0,1,0,4,11,0,0,3,0,0,69,2026
Tom McDonald,12009,ME,CA,WF,2,1,1,3,1,0,0,2,0,1,0,2,0,2,0,2,2,1,1,3,0,0,69,2026
Jake Melksham,11820,ME,CA,WF,5,4,1,6,0,3,0,1,0,2,0,1,0,1,0,1,6,0,2,1,0,1,77,2026
Harry Petty,12653,ME,CA,WF,3,3,3,6,1,0,2,2,0,2,0,2,0,2,0,3,4,2,2,1,0,0,87,2026
Kysaiah Pickett,12771,ME,CA,WF,18,2,1,19,0,3,0,5,0,4,4,4,0,1,0,10,8,1,0,3,1,1,88,2026
Trent Rivers,12778,ME,CA,WF,14,4,3,17,0,0,0,2,7,1,0,1,0,1,0,1,12,0,0,2,3,0,74,2026
Harry Sharp,12864,ME,CA,WF,5,2,5,10,1,0,0,1,0,2,1,3,1,2,0,3,8,0,1,1,0,0,74,2026
Tom Sparrow,12693,ME,CA,WF,7,1,3,10,0,0,0,9,2,2,2,3,0,1,0,2,7,0,0,0,0,0,79,2026
Jack Steele,12368,ME,CA,WF,8,4,15,23,0,1,0,7,1,1,1,1,0,1,0,8,15,0,0,1,0,0,74,2026
Xavier Taylor,13312,ME,CA,WF,2,2,4,6,0,0,0,0,1,0,0,2,0,2,0,3,3,0,0,6,0,0,100,2026
Koltyn Tholstrup,13123,ME,CA,WF,7,5,8,15,0,0,0,1,1,2,1,3,0,2,0,7,9,1,0,2,0,0,83,2026
Daniel Turner,12996,ME,CA,WF,9,5,6,15,0,0,0,1,3,1,0,2,1,1,0,6,8,2,0,11,0,0,97,2026
Jack Viney,12147,ME,CA,WF,6,2,7,13,0,0,0,4,0,0,2,2,1,0,0,7,6,0,0,1,0,0,49,2026
Caleb Windsor,13099,ME,CA,WF,5,2,8,13,0,0,0,1,0,3,0,4,0,1,0,5,7,0,0,0,0,3,65,2026
Blake Acres,12276,CA,ME,WF,12,6,5,17,0,3,0,2,3,0,0,3,0,1,0,3,14,0,2,2,0,0,73,2026
Ben Ainsworth,12498,CA,ME,WF,14,8,7,21,3,1,0,0,0,4,1,0,1,0,0,6,14,0,4,1,0,1,85,2026
Talor Byrne,13297,CA,ME,WF,3,3,5,8,0,0,0,1,0,0,0,2,2,0,0,2,6,0,0,0,0,1,59,2026
Adam Cerra,12603,CA,ME,WF,16,8,10,26,0,0,0,3,7,1,1,1,1,0,0,7,14,1,0,1,1,0,85,2026
Matthew Cottrell,12822,CA,ME,WF,15,3,5,20,0,4,0,1,1,3,1,1,1,0,0,7,14,0,1,2,0,0,72,2026
Lachlan Cowan,13028,CA,ME,WF,12,6,4,16,0,0,0,3,1,1,0,1,1,0,0,2,15,0,0,3,0,0,85,2026
Patrick Cripps,12261,CA,ME,WF,8,5,14,22,1,0,0,3,0,3,3,4,1,3,0,12,9,2,1,0,0,0,79,2026
Harry Dean,13273,CA,ME,WF,11,7,9,20,0,0,0,0,2,0,0,2,3,0,0,10,10,2,0,9,0,0,85,2026
Francis Evans,12873,CA,ME,WF,5,1,6,11,0,1,0,8,0,5,1,1,3,0,0,6,5,0,0,0,0,1,73,2026
Oliver Florent,12497,CA,ME,WF,17,7,7,24,0,0,0,2,8,4,0,8,0,3,0,7,14,0,0,3,2,0,79,2026
Nick Haynes,12091,CA,ME,WF,10,11,9,19,0,0,0,2,3,2,0,0,1,0,0,2,16,0,0,9,1,0,76,2026
George Hewett,12411,CA,ME,WF,9,2,11,20,0,0,0,2,1,1,1,1,0,1,0,4,16,0,0,0,0,1,72,2026
Oliver Hollands,13029,CA,ME,WF,15,6,3,18,1,0,0,4,1,7,0,3,2,0,0,3,15,0,2,1,2,1,82,2026
Brodie Kemp,12937,CA,ME,WF,11,10,3,14,1,2,0,1,0,2,0,3,0,0,0,3,10,2,5,0,0,1,86,2026
Cooper Lord,13170,CA,ME,WF,8,3,9,17,0,0,0,2,0,2,2,0,0,0,0,6,11,1,1,0,0,0,84,2026
Mitch McGovern,12404,CA,ME,WF,5,4,5,10,0,0,0,3,0,3,0,3,2,0,0,5,4,2,1,0,0,1,69,2026
Harry McKay,12566,CA,ME,WF,8,4,4,12,2,1,0,1,1,1,0,1,2,1,0,8,3,2,1,1,0,1,94,2026
Marc Pittonet,12417,CA,ME,WF,5,1,8,13,0,1,17,2,1,1,2,2,0,2,0,8,5,0,1,4,0,0,78,2026
Jagga Smith,13274,CA,ME,WF,12,2,17,29,2,1,0,2,1,1,10,2,1,0,0,15,14,0,0,0,1,0,73,2026
Sam Walsh,12684,CA,ME,WF,17,6,22,39,0,0,0,3,2,5,7,5,3,1,0,17,22,0,0,0,1,0,80,2026
Jacob Weitering,12402,CA,ME,WF,12,12,6,18,0,0,0,2,1,1,0,1,1,0,0,8,10,3,0,12,0,0,90,2026
Billy Wilson,13244,CA,ME,WF,10,0,4,14,0,0,0,2,4,0,0,2,0,1,0,2,7,0,0,1,0,0,79,2026
Lewis Young,12559,CA,ME,WF,4,2,5,9,0,0,3,1,1,1,0,1,0,0,0,2,7,0,0,3,0,0,59,2026
Karl Amon,12357,HW,FR,QF,15,6,2,17,0,0,0,1,5,1,0,4,0,1,0,4,15,0,0,4,0,1,78,2026
Tom Barrass,12383,HW,FR,QF,7,2,2,9,0,0,0,1,3,1,0,0,1,0,0,5,4,1,0,4,0,0,91,2026
Josh Battle,12558,HW,FR,QF,11,5,5,16,0,0,0,1,5,1,0,3,0,1,0,7,6,2,0,9,0,0,100,2026
Max Beattie,13363,HW,FR,QF,1,0,1,2,0,0,0,4,0,1,0,1,0,1,0,1,2,0,0,0,0,0,57,2026
Mabior Chol,12485,HW,FR,QF,2,1,3,5,1,0,1,3,0,2,0,2,0,0,0,4,1,1,1,5,0,0,67,2026
Massimo DAmbrosio,12998,HW,FR,QF,14,6,10,24,0,2,0,4,1,5,2,4,2,2,0,8,17,1,2,0,0,0,84,2026
Will Day,12794,HW,FR,QF,15,3,9,24,0,1,0,2,0,5,8,3,1,0,0,14,8,1,0,0,0,0,77,2026
Jack Ginnivan,12927,HW,FR,QF,10,5,3,13,1,1,0,4,1,2,0,0,0,0,0,2,11,0,3,3,0,0,73,2026
Jack Gunston,11845,HW,FR,QF,5,3,0,5,2,1,0,1,0,0,0,1,1,1,0,3,3,1,1,2,0,0,84,2026
Blake Hardwick,12469,HW,FR,QF,10,4,3,13,0,0,0,2,4,0,0,1,0,0,0,5,7,0,0,3,0,1,89,2026
Jarman Impey,12237,HW,FR,QF,9,4,2,11,0,0,0,1,2,3,0,0,0,0,0,2,8,0,0,1,1,0,82,2026
Mitch Lewis,12636,HW,FR,QF,9,3,5,14,1,1,0,2,0,5,0,2,2,1,0,5,9,1,1,4,0,1,76,2026
Bailey Macdonald,13069,HW,FR,QF,4,2,4,8,0,0,0,3,2,0,0,2,0,0,0,5,4,0,0,1,1,0,67,2026
Connor Macdonald,12954,HW,FR,QF,6,2,11,17,0,0,0,2,2,2,3,1,0,0,0,9,7,0,0,1,0,0,71,2026
Cam Mackenzie,13031,HW,FR,QF,10,0,10,20,0,0,0,2,1,7,3,3,0,0,0,8,11,0,0,1,0,2,67,2026
Lloyd Meek,12856,HW,FR,QF,2,2,6,8,0,0,26,1,4,0,5,4,1,3,0,6,2,0,0,1,0,0,79,2026
Dylan Moore,12710,HW,FR,QF,9,4,6,15,2,1,0,8,1,3,1,0,1,0,0,7,7,0,1,0,0,1,77,2026
Harry Morrison,12579,HW,FR,QF,8,5,7,15,1,0,0,2,1,2,2,0,1,0,0,6,11,1,1,3,0,0,86,2026
Jai Newcombe,12915,HW,FR,QF,8,1,13,21,0,0,0,6,3,1,4,2,0,1,0,8,14,0,0,2,0,0,79,2026
James Sicily,12332,HW,FR,QF,21,10,5,26,0,0,0,0,9,3,0,4,3,1,0,9,11,2,0,5,0,1,85,2026
Josh Ward,12955,HW,FR,QF,4,1,6,10,0,0,0,4,0,0,2,1,0,1,0,6,6,0,0,3,0,0,77,2026
Nick Watson,13105,HW,FR,QF,15,2,4,19,2,2,0,0,2,5,0,4,0,0,0,8,10,0,1,0,0,2,81,2026
Josh Weddle,13057,HW,FR,QF,10,6,6,16,0,1,3,3,3,2,2,0,0,0,0,8,8,1,0,2,0,0,75,2026
Jye Amiss,12983,FR,HW,QF,5,4,0,5,1,1,0,2,0,0,0,3,0,1,0,4,1,3,2,1,0,0,90,2026
Shai Bolton,12535,FR,HW,QF,12,2,9,21,0,0,0,1,2,5,5,6,1,1,0,10,12,0,0,1,1,0,73,2026
Andrew Brayshaw,12589,FR,HW,QF,18,5,12,30,1,1,0,4,1,8,2,4,1,1,0,9,21,0,1,0,0,1,79,2026
Heath Chapman,12875,FR,HW,QF,13,8,9,22,0,0,0,2,7,2,1,6,0,2,0,7,14,1,0,3,0,0,86,2026
Jordan Clark,12688,FR,HW,QF,24,11,14,38,0,1,0,0,3,7,2,5,0,1,0,9,25,1,1,1,0,1,85,2026
Mason Cox,12428,FR,HW,QF,3,3,1,4,0,0,5,0,1,1,0,1,0,0,0,0,4,0,0,1,0,0,43,2026
Isaiah Dudley,13204,FR,HW,QF,12,5,2,14,0,2,0,2,1,5,0,1,1,0,0,3,10,0,1,0,0,0,77,2026
Neil Erasmus,12966,FR,HW,QF,13,7,11,24,0,0,0,2,2,1,3,3,0,1,0,8,15,1,1,1,2,0,85,2026
Michael Frederick,12801,FR,HW,QF,4,4,6,10,0,0,0,3,1,1,0,0,1,0,0,6,6,0,0,2,0,0,68,2026
Luke Jackson,12779,FR,HW,QF,7,6,15,22,1,1,26,1,1,2,6,2,2,1,0,15,6,3,1,3,0,0,80,2026
Matthew Johnson,13047,FR,HW,QF,6,2,8,14,0,1,0,5,0,3,0,5,1,0,0,4,10,0,0,0,1,1,77,2026
Oscar McDonald,12394,FR,HW,QF,12,10,5,17,0,0,0,1,3,0,0,2,0,1,0,4,11,1,0,6,0,0,89,2026
Nathan ODriscoll,12960,FR,HW,QF,9,5,9,18,0,0,0,2,3,3,0,2,0,1,0,4,15,0,0,1,0,0,80,2026
Alex Pearce,12352,FR,HW,QF,3,3,15,18,0,0,0,0,0,0,1,1,1,0,0,11,7,2,0,5,0,0,85,2026
Murphy Reid,13180,FR,HW,QF,11,2,13,24,0,0,0,1,1,3,1,3,0,0,0,3,21,0,0,0,0,0,81,2026
Luke Ryan,12542,FR,HW,QF,18,10,5,23,0,0,0,4,3,1,0,0,0,0,0,3,16,1,0,3,0,0,73,2026
Caleb Serong,12786,FR,HW,QF,8,3,12,20,0,0,0,2,3,3,6,1,0,1,0,10,13,0,0,1,3,0,77,2026
Sam Switkowski,12672,FR,HW,QF,6,4,9,15,1,1,0,3,0,3,1,2,0,0,0,7,7,0,2,2,0,0,81,2026
Josh Treacy,12887,FR,HW,QF,1,0,3,4,1,0,0,2,0,0,0,3,1,2,0,3,2,0,0,2,0,0,91,2026
Patrick Voss,13129,FR,HW,QF,3,1,8,11,0,1,0,3,0,1,1,2,0,0,0,3,7,0,0,0,0,1,91,2026
Brandon Walker,12914,FR,HW,QF,5,2,7,12,0,0,0,1,2,1,0,3,0,0,0,7,6,1,0,2,3,0,59,2026
Karl Worner,13075,FR,HW,QF,14,6,8,22,0,0,0,3,7,2,1,2,3,0,0,5,15,0,0,5,6,1,80,2026
Hayden Young,12777,FR,HW,QF,10,3,5,15,0,0,0,4,0,5,1,2,1,0,0,5,9,0,0,3,0,0,67,2026
Blake Acres,12276,CA,GE,EF,7,3,7,14,0,2,0,0,4,3,1,0,1,0,0,5,9,0,0,2,0,0,76,2026
Ben Ainsworth,12498,CA,GE,EF,11,3,8,19,1,2,0,1,0,2,1,2,1,0,0,4,14,0,1,0,2,1,74,2026
Talor Byrne,13297,CA,GE,EF,1,1,5,6,0,0,0,1,1,0,0,2,0,1,0,3,3,0,1,1,0,1,70,2026
Adam Cerra,12603,CA,GE,EF,20,3,3,23,0,0,0,7,8,3,1,3,1,0,0,3,15,0,0,3,0,1,82,2026
Matthew Cottrell,12822,CA,GE,EF,8,4,1,9,1,1,0,2,2,2,0,1,0,0,0,3,6,1,2,1,0,0,78,2026
Lachlan Cowan,13028,CA,GE,EF,9,3,7,16,0,0,0,3,4,1,2,1,0,0,0,5,8,1,0,5,0,0,95,2026
Patrick Cripps,12261,CA,GE,EF,12,1,12,24,1,0,0,2,0,3,11,6,0,3,0,13,7,0,0,2,0,0,81,2026
Harry Dean,13273,CA,GE,EF,2,3,3,5,0,0,0,0,1,0,0,1,0,0,0,0,4,0,0,6,0,0,65,2026
Wade Derksen,13303,CA,GE,EF,6,2,5,11,0,0,0,1,2,0,1,2,0,1,0,6,4,1,0,6,0,0,84,2026
Francis Evans,12873,CA,GE,EF,9,2,2,11,2,0,0,4,0,4,0,3,3,1,0,5,6,0,0,0,0,2,82,2026
Oliver Florent,12497,CA,GE,EF,14,7,9,23,0,0,0,5,6,1,2,2,0,1,0,4,13,0,0,3,1,0,83,2026
George Hewett,12411,CA,GE,EF,14,1,13,27,0,0,0,11,2,4,7,6,4,0,0,12,13,0,0,0,0,1,76,2026
Oliver Hollands,13029,CA,GE,EF,10,6,9,19,1,0,0,6,2,2,1,4,1,1,0,4,15,0,1,0,1,0,76,2026
Brodie Kemp,12937,CA,GE,EF,6,4,2,8,2,1,0,0,0,2,0,4,1,2,0,3,5,1,2,1,0,0,88,2026
Cooper Lord,13170,CA,GE,EF,9,5,10,19,2,0,0,7,1,2,1,6,0,2,0,7,13,0,1,1,0,0,75,2026
Mitch McGovern,12404,CA,GE,EF,2,2,1,3,0,0,0,1,0,1,0,3,0,1,0,1,2,0,1,6,0,1,74,2026
Harry McKay,12566,CA,GE,EF,4,3,7,11,1,0,0,3,0,2,0,1,1,0,0,5,7,0,1,1,0,0,85,2026
Marc Pittonet,12417,CA,GE,EF,7,0,6,13,0,0,30,1,2,1,5,5,0,1,0,7,5,0,0,3,0,0,72,2026
Jagga Smith,13274,CA,GE,EF,7,3,14,21,0,0,0,2,0,2,3,1,0,0,0,7,14,0,0,1,1,0,74,2026
Sam Walsh,12684,CA,GE,EF,12,4,17,29,0,1,0,5,2,7,4,3,0,1,0,11,17,0,0,0,1,1,78,2026
Jacob Weitering,12402,CA,GE,EF,9,3,3,12,0,0,0,0,2,0,0,3,0,0,0,2,9,1,0,11,0,0,83,2026
Billy Wilson,13244,CA,GE,EF,17,5,9,26,0,0,0,3,4,2,2,1,1,1,0,7,14,0,0,1,2,0,84,2026
Lewis Young,12559,CA,GE,EF,3,1,4,7,0,0,7,0,0,1,1,5,0,2,0,5,2,0,0,3,0,0,67,2026
Tom Atkins,12690,GE,CA,EF,9,1,11,20,0,0,0,3,1,0,5,4,1,1,0,10,8,0,0,1,0,1,73,2026
Mark Blicavs,12153,GE,CA,EF,5,3,6,11,0,0,19,6,2,0,1,3,1,1,0,5,5,0,0,2,0,0,68,2026
Tanner Bruhn,12871,GE,CA,EF,12,4,2,14,0,0,0,3,5,1,0,2,1,1,0,5,8,1,1,1,0,0,64,2026
Jeremy Cameron,12017,GE,CA,EF,4,1,5,9,0,0,0,2,1,1,0,1,1,1,0,3,7,0,0,0,0,0,71,2026
Brad Close,12806,GE,CA,EF,8,7,9,17,1,2,0,4,0,3,1,1,0,0,0,4,14,1,2,1,0,0,82,2026
Patrick Dangerfield,11700,GE,CA,EF,14,6,7,21,5,1,0,1,0,5,2,5,1,0,0,10,11,1,2,1,0,1,71,2026
Oliver Dempsey,12974,GE,CA,EF,13,9,10,23,0,2,0,3,5,3,0,2,0,0,0,7,15,1,2,1,0,0,91,2026
Mitchell Edwards,13285,GE,CA,EF,8,3,4,12,0,1,27,3,1,2,6,1,3,0,0,6,5,0,0,5,0,0,70,2026
Zach Guthrie,12551,GE,CA,EF,11,4,5,16,0,0,0,1,6,1,0,1,1,0,0,6,9,0,0,4,0,0,88,2026
Jack Henry,12607,GE,CA,EF,5,2,4,9,0,0,0,1,1,0,0,2,0,2,0,2,6,0,0,7,0,0,92,2026
Oliver Henry,12851,GE,CA,EF,6,3,6,12,1,1,0,1,0,4,0,2,0,0,0,2,9,0,1,0,0,1,78,2026
Max Holmes,12881,GE,CA,EF,8,3,8,16,1,0,0,0,0,2,3,2,0,0,0,6,10,0,1,1,0,1,60,2026
Lawson Humphries,13160,GE,CA,EF,11,2,4,15,0,0,0,0,2,2,1,4,1,2,0,5,9,0,0,1,0,0,81,2026
Shaun Mannagh,13104,GE,CA,EF,17,4,8,25,1,0,0,4,2,8,6,5,0,2,0,14,11,0,0,2,0,1,70,2026
Gryan Miers,12689,GE,CA,EF,14,3,10,24,2,0,0,1,0,2,4,2,0,1,0,9,16,0,0,1,0,0,89,2026
Oisin Mullin,13066,GE,CA,EF,3,0,7,10,0,1,0,3,0,1,2,4,0,1,0,5,4,0,0,0,0,0,84,2026
Shannon Neale,12992,GE,CA,EF,3,3,1,4,2,1,1,2,0,0,0,1,0,0,0,3,2,1,3,3,0,1,86,2026
Mark OConnor,12531,GE,CA,EF,7,0,5,12,0,0,0,4,0,3,2,0,3,0,0,9,5,0,0,6,0,1,80,2026
Connor OSullivan,13122,GE,CA,EF,4,3,3,7,0,0,0,0,3,1,0,2,1,1,0,1,6,0,0,5,0,0,91,2026
Jay Polkinghorne,13353,GE,CA,EF,5,3,6,11,1,1,0,4,0,2,0,0,2,0,0,6,5,1,2,1,0,0,74,2026
Bailey Smith,12692,GE,CA,EF,18,3,9,27,0,2,0,6,0,9,3,2,1,0,0,6,19,0,1,0,0,1,78,2026
Tom Stewart,12505,GE,CA,EF,14,7,6,20,0,0,0,2,5,3,0,1,1,1,0,5,13,1,0,2,0,0,81,2026
Oliver Wiltshire,13217,GE,CA,EF,14,4,8,22,0,3,0,1,0,4,2,0,0,0,0,5,16,0,2,0,0,4,78,2026
Braeden Campbell,12863,SY,BL,QF,7,4,8,15,0,1,0,3,0,4,0,3,1,1,0,3,10,0,1,1,0,1,79,2026
Caiden Cleary,13157,SY,BL,QF,3,1,11,14,0,0,0,4,2,1,0,0,1,0,0,4,9,0,0,0,0,0,80,2026
Billy Cootee,13317,SY,BL,QF,11,4,1,12,0,1,0,2,0,4,0,2,2,0,0,4,8,0,1,1,0,0,90,2026
Harry Cunningham,12015,SY,BL,QF,9,10,11,20,0,0,0,2,2,2,0,3,0,2,0,5,15,1,0,0,0,0,89,2026
Charlie Curnow,12421,SY,BL,QF,12,6,1,13,5,1,0,0,0,4,0,5,2,1,0,6,5,3,2,2,0,0,92,2026
Jesse Dattoli,13260,SY,BL,QF,8,4,3,11,0,2,0,1,0,3,1,0,0,0,0,3,7,0,2,0,0,1,49,2026
Brodie Grundy,12217,SY,BL,QF,6,2,8,14,0,0,34,3,0,5,4,3,2,3,0,11,4,0,0,1,0,0,72,2026
Errol Gulden,12862,SY,BL,QF,27,2,7,34,1,0,0,4,5,10,8,4,2,1,0,11,18,0,0,1,3,0,75,2026
Joel Hamling,12359,SY,BL,QF,2,1,5,7,0,0,0,1,2,1,0,1,1,1,0,6,1,0,0,5,0,0,83,2026
Tom Hanily,13173,SY,BL,QF,3,2,8,11,0,1,0,3,0,1,0,0,0,0,0,4,7,0,0,1,0,1,67,2026
Harry Kyle,13327,SY,BL,QF,6,1,5,11,0,0,0,2,2,2,1,3,2,1,0,5,7,0,0,2,0,0,86,2026
Jake Lloyd,12268,SY,BL,QF,15,5,11,26,0,0,0,3,4,2,3,1,0,0,0,11,12,0,0,1,0,0,82,2026
Tom McCartin,12627,SY,BL,QF,7,3,5,12,0,0,0,4,3,2,0,4,1,2,0,4,8,1,0,5,0,0,100,2026
Logan McDonald,12861,SY,BL,QF,12,7,3,15,6,2,0,1,0,1,0,3,1,2,0,8,8,1,6,4,0,0,95,2026
Hayden McLean,12745,SY,BL,QF,10,5,4,14,3,1,6,4,0,3,3,4,3,1,0,10,3,3,1,2,0,0,80,2026
Callum Mills,12413,SY,BL,QF,4,0,1,5,0,0,0,0,2,1,0,0,0,0,0,0,3,0,0,0,1,0,14,2026
Tom Papley,12412,SY,BL,QF,13,1,3,16,5,1,0,3,0,4,2,3,4,1,0,10,7,0,1,1,1,4,82,2026
Dane Rampe,12140,SY,BL,QF,11,5,8,19,0,0,0,2,5,3,1,0,0,0,0,6,11,1,0,2,1,0,83,2026
Matt Roberts,12994,SY,BL,QF,12,3,4,16,1,0,0,1,6,3,2,2,0,0,0,4,10,0,0,2,1,0,89,2026
James Rowbottom,12714,SY,BL,QF,6,1,7,13,0,1,0,7,0,5,7,0,3,0,0,7,6,0,0,1,0,1,87,2026
Jai Serong,13022,SY,BL,QF,8,2,7,15,0,2,0,2,1,4,7,4,0,2,0,8,8,0,0,2,0,2,77,2026
Angus Sheldrick,12951,SY,BL,QF,8,1,9,17,0,0,0,3,2,2,5,5,0,2,0,9,8,0,0,2,1,1,61,2026
Sam Wicks,12818,SY,BL,QF,9,1,0,9,0,0,0,2,2,2,0,1,0,1,0,0,6,0,0,1,2,1,87,2026
Oscar Allen,12655,BL,SY,QF,6,3,0,6,4,0,0,0,0,1,0,2,1,1,0,4,2,1,3,0,0,0,72,2026
Harris Andrews,12340,BL,SY,QF,6,5,5,11,0,0,0,0,2,0,0,2,1,1,0,8,3,4,0,8,0,0,95,2026
Noah Answerth,12718,BL,SY,QF,6,3,2,8,0,0,0,1,2,4,1,3,0,2,0,3,6,0,0,3,1,0,61,2026
Levi Ashcroft,13197,BL,SY,QF,10,4,6,16,1,0,0,4,1,4,2,3,0,0,0,3,12,0,0,1,0,0,77,2026
Will Ashcroft,13040,BL,SY,QF,13,0,8,21,0,1,0,7,2,4,6,3,2,0,0,9,11,0,0,0,1,2,73,2026
Zac Bailey,12610,BL,SY,QF,15,6,6,21,0,1,0,2,3,6,1,5,2,1,0,6,15,0,0,1,0,2,82,2026
Jarrod Berry,12519,BL,SY,QF,10,7,11,21,1,1,0,2,1,2,3,3,0,0,0,8,12,0,0,0,0,0,77,2026
Charlie Cameron,12277,BL,SY,QF,3,2,1,4,0,1,0,0,0,2,0,1,0,1,0,0,4,0,1,0,1,0,78,2026
Sam Draper,12810,BL,SY,QF,6,3,2,8,1,0,24,2,2,0,7,3,2,2,0,6,2,1,0,2,0,0,60,2026
Josh Dunkley,12408,BL,SY,QF,12,6,12,24,1,1,0,8,0,5,2,2,0,0,0,10,13,0,0,2,0,1,78,2026
Jaspa Fletcher,13072,BL,SY,QF,12,4,4,16,0,0,0,0,6,1,1,3,0,2,0,5,9,1,0,1,0,0,85,2026
Darcy Fort,12724,BL,SY,QF,6,1,3,9,0,0,12,2,1,3,3,4,1,2,0,4,5,0,0,2,0,0,53,2026
Darcy Gardiner,12267,BL,SY,QF,2,2,2,4,0,0,0,2,2,0,0,3,1,3,0,2,3,0,0,8,0,0,89,2026
Eric Hipwood,12454,BL,SY,QF,10,4,1,11,2,0,0,1,0,3,0,1,3,0,0,6,5,0,1,2,0,0,71,2026
Ryan Lester,11894,BL,SY,QF,12,7,9,21,0,0,0,1,1,1,1,4,1,1,0,7,12,2,0,1,0,0,81,2026
Kai Lohmann,12968,BL,SY,QF,6,2,3,9,0,0,0,1,3,1,3,5,1,3,0,6,6,0,0,2,1,0,82,2026
Hugh McCluggage,12518,BL,SY,QF,13,7,3,16,0,0,0,1,4,0,1,2,0,0,0,1,15,0,0,0,0,0,81,2026
Conor McKenna,12391,BL,SY,QF,12,2,3,15,1,0,0,2,1,2,0,0,0,0,0,4,7,1,0,1,2,2,81,2026
Logan Morris,13137,BL,SY,QF,8,3,6,14,2,2,0,0,0,5,0,4,2,1,0,6,8,0,1,1,0,1,83,2026
Lachie Neale,12055,BL,SY,QF,6,5,12,18,0,0,0,3,1,2,2,1,0,0,0,6,12,0,0,0,1,0,84,2026
Cam Rayner,12592,BL,SY,QF,6,1,5,11,0,1,0,1,1,3,1,2,1,1,0,4,6,0,0,0,1,1,79,2026
Darcy Wilmot,13026,BL,SY,QF,15,5,4,19,0,0,0,0,3,1,0,4,1,3,0,4,7,0,0,3,0,0,93,2026
Dayne Zorko,12076,BL,SY,QF,19,4,7,26,0,0,0,2,11,2,1,4,2,1,0,8,14,0,0,1,1,0,86,2026
Callum Ah Chee,12414,AD,WB,EF,3,2,4,7,1,0,0,3,0,0,1,4,0,1,0,2,5,0,0,1,0,0,75,2026
Sam Berry,12849,AD,WB,EF,8,3,12,20,0,0,0,3,0,2,3,5,1,3,0,8,13,0,0,0,1,0,70,2026
James Borlase,13086,AD,WB,EF,6,3,2,8,0,0,0,0,0,0,0,0,0,0,0,0,7,0,0,13,0,0,86,2026
Brayden Cook,12932,AD,WB,EF,12,7,5,17,2,0,0,3,2,3,0,1,1,0,0,6,11,0,2,2,1,1,74,2026
Isaac Cumming,12629,AD,WB,EF,6,5,8,14,0,0,0,3,1,4,1,0,2,0,0,7,9,0,0,2,0,1,71,2026
Daniel Curtin,13132,AD,WB,EF,10,3,5,15,0,1,0,2,2,1,3,0,1,0,0,6,8,0,1,1,0,0,57,2026
Jordan Dawson,12516,AD,WB,EF,18,5,10,28,0,0,0,5,4,1,1,4,0,0,0,6,19,0,0,1,0,0,88,2026
Darcy Fogarty,12584,AD,WB,EF,10,6,1,11,2,0,0,3,0,0,1,1,1,0,0,5,7,0,3,1,0,0,78,2026
Hugo Hall-Kahan,13328,AD,WB,EF,12,4,6,18,0,0,0,0,2,0,0,1,0,1,0,2,11,0,0,0,0,0,75,2026
Mark Keane,12809,AD,WB,EF,19,8,3,22,0,0,0,2,5,2,0,7,2,1,0,6,12,2,0,7,0,0,89,2026
Ben Keays,12434,AD,WB,EF,8,1,2,10,2,1,0,6,1,4,1,3,1,0,0,4,5,0,0,1,0,1,85,2026
Rory Laird,12165,AD,WB,EF,13,6,9,22,0,0,0,3,5,2,1,3,1,0,0,6,16,1,0,2,0,0,82,2026
Lachlan McAndrew,13065,AD,WB,EF,4,2,5,9,0,0,30,3,0,1,4,1,1,1,0,9,2,2,0,3,0,1,74,2026
Max Michalanney,13027,AD,WB,EF,10,5,5,15,0,0,0,2,5,0,0,2,0,1,0,3,10,0,0,0,0,0,87,2026
Wayne Milera,12405,AD,WB,EF,18,8,9,27,0,0,0,2,3,4,0,0,2,0,0,6,17,1,0,3,0,1,79,2026
Luke Nankervis,13081,AD,WB,EF,9,7,9,18,0,0,0,3,0,1,2,0,0,0,0,5,13,0,0,3,0,0,72,2026
Alex Neal-Bullen,12367,AD,WB,EF,9,4,9,18,0,0,0,5,1,3,3,5,3,1,0,8,9,0,1,1,0,1,82,2026
Josh Rachele,12953,AD,WB,EF,11,4,3,14,3,2,0,0,0,1,1,2,1,0,0,4,8,0,1,1,0,0,73,2026
Izak Rankine,12798,AD,WB,EF,23,6,11,34,2,0,0,4,6,5,7,7,1,0,0,14,15,2,1,0,0,0,85,2026
Jake Soligo,12952,AD,WB,EF,14,5,6,20,0,1,0,2,2,6,2,3,1,2,0,8,14,1,1,1,1,0,69,2026
Riley Thilthorpe,12892,AD,WB,EF,8,5,4,12,1,1,17,2,1,4,2,4,0,0,0,7,5,3,1,2,0,2,82,2026
Taylor Walker,11713,AD,WB,EF,7,5,4,11,1,0,0,1,0,4,0,4,1,1,0,4,8,1,2,1,0,1,81,2026
Josh Worrell,12912,AD,WB,EF,20,10,14,34,0,0,0,0,11,1,1,5,1,1,0,16,15,1,0,8,1,0,85,2026
Marcus Bontempelli,12269,WB,AD,EF,16,2,11,27,0,1,0,3,2,9,10,2,1,1,0,16,14,0,0,4,0,2,82,2026
Lachlan Bramble,12916,WB,AD,EF,4,2,2,6,0,0,0,1,0,1,1,2,0,1,0,4,3,0,0,1,0,0,84,2026
Connor Budarick,12769,WB,AD,EF,5,3,5,10,0,0,0,4,3,1,0,1,1,1,0,4,6,0,0,6,0,0,75,2026
Bailey Dale,12354,WB,AD,EF,12,0,5,17,0,1,0,0,5,1,0,4,1,1,0,5,6,0,0,7,0,0,88,2026
Sam Davidson,13178,WB,AD,EF,6,0,4,10,0,0,0,4,0,1,0,5,1,1,0,4,8,0,0,3,0,0,70,2026
Josh Dolan,13179,WB,AD,EF,3,2,6,9,0,0,0,1,0,2,1,2,0,0,0,5,4,0,0,0,0,0,66,2026
Tim English,12537,WB,AD,EF,5,1,5,10,0,0,19,3,2,0,2,2,1,2,0,8,5,0,0,4,0,0,75,2026
Joel Freijah,13140,WB,AD,EF,13,2,11,24,1,0,0,7,2,5,9,8,1,1,0,15,10,0,0,5,0,0,82,2026
Ryan Gardner,12732,WB,AD,EF,3,3,2,5,0,0,4,0,0,1,0,4,0,0,0,0,4,0,0,2,0,0,35,2026
Cooper Hynes,13213,WB,AD,EF,11,6,9,20,0,0,0,4,0,3,4,3,1,1,0,7,13,1,0,0,0,0,77,2026
Arthur Jones,13046,WB,AD,EF,5,2,0,5,2,0,0,3,0,3,0,0,1,0,0,3,3,0,1,0,0,0,83,2026
Luke Kennedy,13333,WB,AD,EF,3,0,9,12,0,0,0,4,0,1,3,1,1,0,0,8,4,0,0,0,0,0,78,2026
Buku Khamis,12900,WB,AD,EF,6,5,0,6,0,1,0,1,2,0,0,3,0,1,0,1,5,0,1,6,0,0,94,2026
Will Lewis,13284,WB,AD,EF,5,3,3,8,2,0,0,1,0,3,1,7,0,4,0,6,2,2,1,1,0,0,65,2026
Rory Lobb,12282,WB,AD,EF,9,4,9,18,0,0,0,0,2,3,0,1,0,0,0,7,10,2,0,10,0,0,95,2026
Lachlan McNeil,12854,WB,AD,EF,2,0,4,6,0,0,0,3,0,1,0,0,1,0,0,3,3,0,0,1,0,0,68,2026
Aaron Naughton,12594,WB,AD,EF,8,7,8,16,1,3,0,3,0,3,0,1,1,0,0,9,7,3,5,1,0,5,84,2026
James ODonnell,13061,WB,AD,EF,11,6,6,17,0,0,0,2,3,3,0,2,0,0,0,5,11,0,0,10,0,0,94,2026
Ed Richards,12605,WB,AD,EF,22,1,5,27,2,1,0,4,1,10,4,6,0,1,0,8,19,0,0,0,4,0,82,2026
Ryley Sanders,13103,WB,AD,EF,3,1,7,10,1,0,0,4,1,1,1,2,0,1,0,4,7,0,0,0,0,0,85,2026
Cody Weightman,12800,WB,AD,EF,3,1,4,7,0,1,0,1,0,0,0,0,1,0,0,5,2,0,1,1,0,0,68,2026
Rhylee West,12748,WB,AD,EF,14,4,7,21,0,1,0,2,3,5,5,7,0,4,0,10,12,0,0,0,0,1,76,2026
Bailey Williams,12441,WB,AD,EF,18,7,8,26,0,0,0,1,8,4,0,2,1,1,0,9,16,1,0,2,0,0,92,2026
Jye Amiss,12983,FR,GE,SF,3,3,1,4,2,1,0,1,0,0,0,3,0,2,0,3,2,2,3,2,0,1,91,2026
Shai Bolton,12535,FR,GE,SF,14,3,12,26,2,0,0,8,2,7,4,3,1,0,0,5,21,0,1,1,3,1,80,2026
Andrew Brayshaw,12589,FR,GE,SF,9,2,15,24,0,0,0,4,1,2,4,2,0,0,0,5,18,0,0,1,0,1,81,2026
Heath Chapman,12875,FR,GE,SF,6,4,10,16,0,0,0,3,3,0,0,4,1,2,0,6,9,0,0,0,0,0,83,2026
Jordan Clark,12688,FR,GE,SF,14,1,11,25,0,0,0,3,6,6,2,2,0,0,0,6,14,0,0,0,0,1,83,2026
Mason Cox,12428,FR,GE,SF,4,2,1,5,1,0,11,1,1,1,2,1,2,0,0,3,2,0,1,2,0,0,43,2026
Isaiah Dudley,13204,FR,GE,SF,6,3,2,8,2,1,0,1,0,2,0,1,1,0,0,4,5,0,3,2,0,0,73,2026
Neil Erasmus,12966,FR,GE,SF,8,3,9,17,0,0,0,2,0,3,3,2,0,0,0,7,8,0,0,1,1,0,75,2026
Michael Frederick,12801,FR,GE,SF,6,4,0,6,2,0,0,3,0,0,0,1,0,1,0,0,6,0,1,0,0,0,71,2026
Luke Jackson,12779,FR,GE,SF,6,2,19,25,2,0,35,4,0,0,8,3,2,1,0,15,9,1,0,2,0,1,82,2026
Matthew Johnson,13047,FR,GE,SF,5,3,10,15,0,0,0,2,1,3,1,1,2,0,0,6,10,0,0,2,3,1,79,2026
Oscar McDonald,12394,FR,GE,SF,8,2,4,12,0,0,0,0,3,2,0,6,1,1,0,6,6,1,0,6,0,0,100,2026
Judd McVee,13033,FR,GE,SF,5,1,7,12,0,0,0,1,1,2,0,4,0,0,0,2,9,0,0,2,1,0,66,2026
Alex Pearce,12352,FR,GE,SF,4,3,9,13,0,0,0,0,0,0,1,2,0,1,0,7,6,1,0,4,0,0,90,2026
Murphy Reid,13180,FR,GE,SF,10,1,13,23,0,1,0,5,0,4,2,5,1,1,0,8,16,0,1,0,3,2,82,2026
Luke Ryan,12542,FR,GE,SF,13,7,7,20,0,0,0,2,3,1,0,4,0,2,0,4,15,0,0,4,0,0,73,2026
Caleb Serong,12786,FR,GE,SF,12,1,11,23,1,0,0,5,2,4,6,3,0,0,0,11,13,0,1,1,0,2,74,2026
Sam Switkowski,12672,FR,GE,SF,4,4,7,11,0,0,0,2,0,4,1,3,0,1,0,5,6,0,0,1,0,1,77,2026
Josh Treacy,12887,FR,GE,SF,10,8,3,13,1,1,0,4,0,6,0,3,2,1,0,9,8,3,1,8,0,2,91,2026
Patrick Voss,13129,FR,GE,SF,9,5,3,12,4,1,0,1,0,2,0,2,1,1,0,6,6,2,3,0,0,0,89,2026
Corey Wagner,12453,FR,GE,SF,8,3,5,13,0,0,0,8,3,1,1,2,0,1,0,3,9,0,0,1,0,1,71,2026
Karl Worner,13075,FR,GE,SF,10,5,8,18,0,0,0,4,4,1,3,1,1,0,0,8,8,0,0,3,0,0,80,2026
Hayden Young,12777,FR,GE,SF,14,4,9,23,1,1,0,4,0,9,6,4,1,0,0,12,9,1,1,1,3,0,66,2026
Tom Atkins,12690,GE,FR,SF,1,0,8,9,0,0,0,6,0,0,1,1,0,1,0,6,3,0,0,4,0,0,70,2026
Mark Blicavs,12153,GE,FR,SF,5,1,3,8,0,1,5,2,1,2,2,1,0,1,0,5,4,0,0,7,0,0,72,2026
Tanner Bruhn,12871,GE,FR,SF,14,6,4,18,0,0,0,1,6,4,0,2,0,0,0,3,13,0,0,0,1,0,70,2026
Jeremy Cameron,12017,GE,FR,SF,12,2,2,14,2,0,0,0,2,1,1,3,0,1,0,2,12,0,0,1,1,1,86,2026
Brad Close,12806,GE,FR,SF,2,1,8,10,0,0,0,2,0,1,0,3,0,1,0,5,5,0,0,0,0,2,72,2026
Patrick Dangerfield,11700,GE,FR,SF,7,3,7,14,2,2,0,7,0,4,0,3,0,1,0,6,9,1,2,0,0,2,89,2026
Oliver Dempsey,12974,GE,FR,SF,7,4,10,17,0,1,0,3,0,3,2,1,0,0,0,7,10,1,0,2,0,0,91,2026
Mitchell Edwards,13285,GE,FR,SF,5,1,4,9,0,0,19,0,1,3,2,4,2,3,0,6,2,1,0,0,0,1,69,2026
Zach Guthrie,12551,GE,FR,SF,14,7,4,18,0,0,0,0,5,3,1,2,0,0,0,5,12,1,0,3,0,1,76,2026
Jack Henry,12607,GE,FR,SF,4,0,6,10,0,0,0,2,2,0,0,1,3,1,0,7,2,0,0,9,0,0,95,2026
Oliver Henry,12851,GE,FR,SF,11,5,9,20,5,1,0,2,0,3,0,2,4,1,0,13,7,1,4,1,0,0,81,2026
Max Holmes,12881,GE,FR,SF,7,1,11,18,0,0,0,0,0,1,5,1,0,1,0,9,10,0,0,0,0,0,68,2026
Lawson Humphries,13160,GE,FR,SF,19,7,3,22,0,0,0,1,7,2,0,2,0,1,0,5,15,0,0,0,1,0,77,2026
Shaun Mannagh,13104,GE,FR,SF,10,1,7,17,2,2,0,3,1,1,4,4,0,0,0,7,10,0,1,0,0,0,64,2026
Gryan Miers,12689,GE,FR,SF,7,5,5,12,0,0,0,4,2,2,1,0,0,0,0,4,8,0,0,2,1,0,78,2026
Oisin Mullin,13066,GE,FR,SF,10,1,7,17,0,1,0,5,1,3,5,3,1,0,0,11,6,0,0,2,0,1,75,2026
Shannon Neale,12992,GE,FR,SF,6,3,2,8,3,1,3,1,0,1,0,2,1,1,0,3,5,1,2,1,0,1,94,2026
Mark OConnor,12531,GE,FR,SF,7,4,6,13,0,0,0,4,4,1,1,1,1,0,0,6,7,0,0,0,0,0,77,2026
Connor OSullivan,13122,GE,FR,SF,8,9,7,15,0,0,0,2,3,0,1,2,0,0,0,3,12,0,0,3,0,0,92,2026
Jay Polkinghorne,13353,GE,FR,SF,2,1,2,4,0,0,0,0,0,2,0,0,1,0,0,1,3,0,0,0,0,1,63,2026
Bailey Smith,12692,GE,FR,SF,19,6,10,29,0,0,0,7,1,8,5,5,0,2,0,10,20,0,0,1,0,3,88,2026
Tom Stewart,12505,GE,FR,SF,8,5,6,14,1,0,0,0,6,0,0,2,0,1,0,4,8,0,1,1,3,0,79,2026
Oliver Wiltshire,13217,GE,FR,SF,4,2,7,11,1,0,0,3,0,2,0,5,2,0,0,5,6,0,1,1,0,0,74,2026
Oscar Allen,12655,BL,AD,SF,5,4,2,7,0,2,0,2,0,3,0,0,1,0,0,2,5,0,1,2,0,2,79,2026
Harris Andrews,12340,BL,AD,SF,7,6,5,12,0,1,0,3,4,1,0,2,0,0,0,2,9,0,0,4,0,0,86,2026
Levi Ashcroft,13197,BL,AD,SF,17,9,4,21,1,0,0,1,1,4,2,0,0,0,0,4,15,0,0,0,0,1,76,2026
Will Ashcroft,13040,BL,AD,SF,17,7,13,30,0,1,0,3,0,7,6,2,0,0,0,9,18,0,0,1,3,2,84,2026
Zac Bailey,12610,BL,AD,SF,15,3,8,23,3,3,0,5,1,8,3,2,3,1,0,8,16,0,0,1,4,3,89,2026
Jarrod Berry,12519,BL,AD,SF,10,5,9,19,0,1,0,3,2,0,5,3,0,2,0,6,13,0,1,1,0,0,74,2026
Charlie Cameron,12277,BL,AD,SF,9,6,5,14,5,3,0,1,0,2,1,3,0,2,0,4,11,0,5,3,1,0,78,2026
Sam Draper,12810,BL,AD,SF,5,3,4,9,0,0,14,1,1,4,1,5,0,2,0,7,5,1,0,0,0,0,55,2026
Josh Dunkley,12408,BL,AD,SF,10,3,12,22,0,0,0,6,1,2,4,3,1,0,0,14,10,0,0,2,0,1,76,2026
Jaspa Fletcher,13072,BL,AD,SF,15,8,3,18,0,0,0,0,3,2,0,1,0,0,0,1,15,0,0,1,0,0,84,2026
Darcy Fort,12724,BL,AD,SF,9,1,2,11,0,1,20,0,2,4,6,1,2,0,0,8,3,1,0,0,0,0,59,2026
Ty Gallop,13235,BL,AD,SF,7,6,3,10,0,0,0,1,1,1,0,2,0,1,0,3,7,2,0,8,0,0,96,2026
Darcy Gardiner,12267,BL,AD,SF,7,3,3,10,0,0,0,1,2,0,1,1,0,0,0,4,5,0,0,5,0,0,86,2026
Eric Hipwood,12454,BL,AD,SF,10,7,2,12,2,1,0,4,1,4,0,3,0,1,0,4,9,1,2,3,0,1,80,2026
Ryan Lester,11894,BL,AD,SF,13,8,5,18,0,1,0,0,4,2,0,2,0,0,0,6,12,2,0,5,0,0,80,2026
Kai Lohmann,12968,BL,AD,SF,14,2,4,18,2,1,0,2,1,4,1,6,1,2,0,10,6,1,0,0,0,1,74,2026
Hugh McCluggage,12518,BL,AD,SF,9,5,7,16,2,0,0,3,0,3,3,4,0,1,0,6,12,0,1,2,0,2,75,2026
Conor McKenna,12391,BL,AD,SF,12,4,1,13,1,2,0,1,0,4,0,2,0,1,0,2,9,0,2,2,0,1,86,2026
Logan Morris,13137,BL,AD,SF,5,5,3,8,2,0,0,0,0,1,0,0,0,0,0,1,7,0,2,2,0,0,57,2026
Lachie Neale,12055,BL,AD,SF,10,5,11,21,0,0,0,2,2,2,2,2,0,0,0,5,13,0,0,0,0,0,79,2026
Cam Rayner,12592,BL,AD,SF,16,8,6,22,2,1,0,4,0,8,1,2,1,0,0,8,14,0,2,2,0,4,79,2026
Darcy Wilmot,13026,BL,AD,SF,9,5,6,15,0,0,0,2,1,0,0,1,0,1,0,8,8,0,0,8,0,0,84,2026
Dayne Zorko,12076,BL,AD,SF,24,8,3,27,1,0,0,1,10,3,1,2,1,0,0,4,18,0,0,2,0,0,83,2026
Callum Ah Chee,12414,AD,BL,SF,7,6,8,15,0,1,0,1,3,1,0,1,0,0,0,3,11,0,2,2,0,0,74,2026
Sam Berry,12849,AD,BL,SF,12,1,19,31,0,0,0,4,2,5,6,3,1,0,0,11,18,0,0,1,0,2,73,2026
James Borlase,13086,AD,BL,SF,2,1,3,5,0,0,0,0,1,0,0,0,0,0,0,2,3,0,0,9,0,0,83,2026
Brayden Cook,12932,AD,BL,SF,10,5,5,15,0,0,0,2,5,2,1,3,1,0,0,6,9,0,0,2,0,1,82,2026
Daniel Curtin,13132,AD,BL,SF,7,2,15,22,1,0,0,2,1,3,7,2,1,0,0,10,12,0,1,0,0,0,72,2026
Jordan Dawson,12516,AD,BL,SF,18,5,12,30,0,0,0,8,6,2,3,10,0,3,0,7,18,0,0,3,1,0,83,2026
Darcy Fogarty,12584,AD,BL,SF,7,5,1,8,2,0,0,0,0,3,0,5,0,1,0,3,5,2,2,0,0,1,89,2026
Hugo Hall-Kahan,13328,AD,BL,SF,16,4,8,24,0,0,0,1,6,4,0,1,0,1,0,4,18,0,0,2,1,0,81,2026
Mark Keane,12809,AD,BL,SF,4,0,0,4,0,0,0,1,2,0,0,2,0,1,0,0,1,0,0,5,0,0,98,2026
Ben Keays,12434,AD,BL,SF,6,1,5,11,2,1,0,3,1,2,0,0,1,0,0,4,6,0,0,1,0,1,81,2026
Rory Laird,12165,AD,BL,SF,9,5,12,21,0,0,0,4,2,2,0,1,1,0,0,4,17,0,0,2,0,1,70,2026
Lachlan McAndrew,13065,AD,BL,SF,4,3,7,11,0,0,33,2,0,0,2,2,1,1,0,8,4,1,0,3,0,0,74,2026
Max Michalanney,13027,AD,BL,SF,10,2,3,13,0,1,0,2,2,1,0,0,3,0,0,5,6,0,0,0,0,0,72,2026
Wayne Milera,12405,AD,BL,SF,15,3,4,19,1,0,0,0,7,2,1,4,0,0,0,4,11,0,0,1,0,0,82,2026
Luke Nankervis,13081,AD,BL,SF,13,4,5,18,1,0,0,1,1,3,0,1,1,1,0,6,10,1,1,2,0,0,72,2026
Alex Neal-Bullen,12367,AD,BL,SF,9,5,7,16,1,1,0,2,0,5,0,1,0,0,0,3,13,0,0,2,0,1,74,2026
Josh Rachele,12953,AD,BL,SF,6,3,1,7,1,1,0,1,0,1,0,2,0,0,0,2,5,0,2,0,0,2,75,2026
Izak Rankine,12798,AD,BL,SF,13,7,10,23,0,1,0,4,2,4,5,4,0,1,0,8,14,0,0,3,0,0,83,2026
Jake Soligo,12952,AD,BL,SF,6,4,3,9,0,0,0,3,1,1,0,0,1,0,0,1,8,0,1,0,0,1,67,2026
Zac Taylor,13159,AD,BL,SF,10,1,7,17,0,1,0,6,0,5,3,1,1,0,0,10,8,1,0,0,0,0,70,2026
Riley Thilthorpe,12892,AD,BL,SF,6,6,10,16,2,1,6,0,0,3,2,2,0,1,0,9,7,1,3,1,0,1,78,2026
Taylor Walker,11713,AD,BL,SF,7,4,2,9,2,3,0,1,0,2,0,0,0,0,0,2,6,1,3,1,0,1,85,2026
Josh Worrell,12912,AD,BL,SF,9,3,9,18,0,0,0,3,5,1,3,0,2,0,0,7,10,0,0,2,3,0,82,2026
Braeden Campbell,12863,SY,FR,PF,9,0,4,13,1,2,0,5,0,5,2,3,1,0,0,6,4,0,0,2,1,0,82,2026
Caiden Cleary,13157,SY,FR,PF,5,1,9,14,1,0,0,5,1,1,0,6,1,2,0,7,9,0,1,1,0,0,62,2026
Billy Cootee,13317,SY,FR,PF,1,0,4,5,0,0,0,4,0,2,0,1,2,0,0,4,1,0,0,0,0,0,69,2026
Charlie Curnow,12421,SY,FR,PF,7,3,3,10,1,1,0,3,0,2,0,1,0,1,0,2,7,1,2,4,0,1,100,2026
Jesse Dattoli,13260,SY,FR,PF,3,1,0,3,0,1,0,4,0,2,0,0,1,0,0,0,3,0,0,0,0,0,59,2026
Brodie Grundy,12217,SY,FR,PF,6,2,4,10,0,0,29,6,1,3,5,6,2,2,0,7,2,1,0,4,0,0,67,2026
Errol Gulden,12862,SY,FR,PF,25,5,11,36,0,1,0,8,6,7,5,6,1,3,0,10,25,0,0,0,1,1,77,2026
Joel Hamling,12359,SY,FR,PF,5,4,5,10,0,0,0,1,3,1,1,2,2,0,0,3,7,0,0,5,0,1,95,2026
Tom Hanily,13173,SY,FR,PF,3,0,5,8,1,1,0,5,1,1,0,1,1,1,0,6,4,0,0,1,0,1,61,2026
Harry Kyle,13327,SY,FR,PF,6,3,5,11,0,0,0,0,4,0,0,2,1,1,0,6,6,0,0,4,0,0,92,2026
Jake Lloyd,12268,SY,FR,PF,13,4,8,21,0,0,0,4,8,0,0,1,1,0,0,5,9,1,0,6,1,0,87,2026
Tom McCartin,12627,SY,FR,PF,6,4,10,16,0,0,0,1,4,1,0,5,1,1,0,8,7,1,0,9,0,0,91,2026
Logan McDonald,12861,SY,FR,PF,6,4,8,14,3,0,0,1,0,2,2,0,1,0,0,9,5,0,1,0,0,1,90,2026
Justin McInerney,12711,SY,FR,PF,7,1,7,14,1,0,0,3,2,0,3,2,2,1,0,6,6,0,0,2,1,0,71,2026
Hayden McLean,12745,SY,FR,PF,6,3,5,11,0,1,7,2,2,1,1,3,1,0,0,4,5,1,1,2,0,0,72,2026
Lewis Melican,12526,SY,FR,PF,4,3,4,8,0,0,0,1,1,2,0,3,0,1,0,2,6,1,0,3,0,0,77,2026
Tom Papley,12412,SY,FR,PF,10,1,3,13,1,3,0,3,0,2,1,2,2,1,0,8,2,1,0,1,2,1,82,2026
Dane Rampe,12140,SY,FR,PF,10,2,7,17,0,0,0,2,7,1,2,1,0,0,0,5,9,1,1,6,0,0,74,2026
Matt Roberts,12994,SY,FR,PF,7,2,10,17,0,0,0,1,3,1,0,2,0,1,0,3,11,0,0,2,2,0,86,2026
James Rowbottom,12714,SY,FR,PF,5,0,9,14,0,1,0,7,0,2,1,3,1,0,0,8,6,0,0,3,0,0,76,2026
Jai Serong,13022,SY,FR,PF,14,1,9,23,0,0,0,6,2,6,5,4,1,0,0,13,8,0,0,0,1,0,78,2026
Angus Sheldrick,12951,SY,FR,PF,6,0,6,12,1,0,0,6,0,4,1,2,1,2,0,7,7,0,0,0,0,0,65,2026
Sam Wicks,12818,SY,FR,PF,12,0,3,15,0,0,0,2,9,3,1,4,1,3,0,4,6,0,0,2,4,0,84,2026
Jye Amiss,12983,FR,SY,PF,5,2,5,10,1,0,0,0,0,2,0,2,0,2,0,5,5,1,2,0,0,0,95,2026
Shai Bolton,12535,FR,SY,PF,13,3,7,20,2,0,0,8,0,7,3,4,3,1,0,11,10,1,0,1,1,1,73,2026
Andrew Brayshaw,12589,FR,SY,PF,12,5,17,29,0,0,0,6,0,5,5,6,1,2,0,13,17,1,0,2,1,0,79,2026
Heath Chapman,12875,FR,SY,PF,11,6,9,20,0,0,0,0,7,1,0,1,0,0,0,7,10,1,0,4,0,0,85,2026
Jordan Clark,12688,FR,SY,PF,10,0,9,19,0,1,0,0,5,2,1,6,0,4,0,7,12,0,0,0,0,0,79,2026
Mason Cox,12428,FR,SY,PF,2,3,2,4,1,0,21,0,0,0,0,0,0,0,0,3,1,2,1,2,0,0,43,2026
Isaiah Dudley,13204,FR,SY,PF,11,3,5,16,2,1,0,5,0,1,2,1,1,0,0,6,10,0,1,0,0,0,76,2026
Neil Erasmus,12966,FR,SY,PF,14,5,3,17,1,0,0,2,2,2,2,5,2,1,0,6,10,0,0,2,0,0,80,2026
Michael Frederick,12801,FR,SY,PF,8,1,5,13,1,1,0,5,0,3,2,1,2,0,0,4,10,0,0,3,3,0,72,2026
Luke Jackson,12779,FR,SY,PF,9,4,6,15,2,0,27,5,0,2,3,2,1,2,0,10,3,3,2,3,0,0,80,2026
Matthew Johnson,13047,FR,SY,PF,15,3,4,19,0,0,0,6,2,5,3,3,2,1,0,10,9,1,0,2,0,1,72,2026
Oscar McDonald,12394,FR,SY,PF,7,4,3,10,0,0,0,4,3,1,0,3,0,2,0,5,5,2,0,6,0,1,96,2026
Judd McVee,13033,FR,SY,PF,7,1,8,15,0,0,0,1,2,2,1,2,1,1,0,7,8,0,0,3,0,1,82,2026
Alex Pearce,12352,FR,SY,PF,2,2,7,9,0,0,0,0,2,0,0,3,1,2,0,7,3,2,0,5,0,0,94,2026
Murphy Reid,13180,FR,SY,PF,6,2,14,20,0,0,0,3,1,4,3,3,1,1,0,7,16,0,0,0,0,1,82,2026
Luke Ryan,12542,FR,SY,PF,13,4,4,17,0,0,0,1,7,2,1,2,0,0,0,4,8,0,0,0,0,0,72,2026
Caleb Serong,12786,FR,SY,PF,19,1,9,28,0,3,0,2,2,10,10,0,1,0,0,13,15,0,0,1,0,0,78,2026
Sam Switkowski,12672,FR,SY,PF,4,2,8,12,0,0,0,0,0,3,1,0,0,0,0,6,5,1,0,0,0,0,75,2026
Josh Treacy,12887,FR,SY,PF,6,2,2,8,0,0,0,0,0,2,0,3,1,0,0,3,3,1,0,1,0,1,87,2026
Patrick Voss,13129,FR,SY,PF,8,5,2,10,1,2,0,4,0,3,0,4,1,3,0,6,5,1,1,0,0,0,90,2026
Corey Wagner,12453,FR,SY,PF,10,5,6,16,0,0,0,4,2,5,3,3,2,2,0,8,8,0,0,1,0,1,69,2026
Karl Worner,13075,FR,SY,PF,7,2,7,14,0,0,0,1,4,0,0,3,0,0,0,4,9,0,0,5,1,0,76,2026
Hayden Young,12777,FR,SY,PF,12,5,16,28,1,0,0,7,0,5,4,1,0,0,0,11,17,0,1,1,2,1,68,2026
Karl Amon,12357,HW,BL,PF,9,3,2,11,0,0,0,3,5,0,0,1,0,0,0,3,4,0,0,2,0,0,81,2026
Tom Barrass,12383,HW,BL,PF,5,4,1,6,0,0,0,2,5,0,1,1,0,0,0,2,3,2,0,5,0,0,84,2026
Josh Battle,12558,HW,BL,PF,9,4,1,10,0,0,0,1,6,2,0,1,0,1,0,1,5,1,0,4,1,0,100,2026
Max Beattie,13363,HW,BL,PF,1,1,2,3,0,0,0,1,1,1,0,0,0,0,0,0,3,0,0,0,0,0,41,2026
Mabior Chol,12485,HW,BL,PF,1,1,1,2,1,0,4,2,0,0,0,1,0,1,0,0,2,0,1,2,0,0,55,2026
Massimo DAmbrosio,12998,HW,BL,PF,14,5,8,22,0,1,0,3,4,3,0,1,0,0,0,9,12,2,1,0,0,0,74,2026
Will Day,12794,HW,BL,PF,11,6,2,13,0,0,0,5,0,6,0,3,0,0,0,2,11,0,0,1,0,0,65,2026
Jack Ginnivan,12927,HW,BL,PF,10,4,3,13,0,0,0,2,1,5,1,1,2,0,0,3,10,0,0,1,0,0,73,2026
Jack Gunston,11845,HW,BL,PF,7,5,2,9,5,1,0,1,0,0,0,1,0,1,0,3,6,1,5,1,0,0,100,2026
Blake Hardwick,12469,HW,BL,PF,9,4,2,11,0,0,0,1,2,0,0,4,0,1,0,2,8,0,0,4,0,0,92,2026
Jarman Impey,12237,HW,BL,PF,9,2,2,11,0,0,0,2,3,1,1,5,1,3,0,5,7,0,0,2,0,2,82,2026
Mitch Lewis,12636,HW,BL,PF,5,4,2,7,4,0,0,1,0,2,0,3,1,1,0,4,3,3,2,3,0,0,83,2026
Bailey Macdonald,13069,HW,BL,PF,2,1,2,4,0,0,0,1,0,2,0,2,1,2,0,1,3,0,0,0,1,0,66,2026
Connor Macdonald,12954,HW,BL,PF,9,3,7,16,0,0,0,2,1,7,3,2,0,1,0,4,12,0,0,0,0,1,77,2026
Cam Mackenzie,13031,HW,BL,PF,7,2,8,15,0,0,0,0,2,1,4,3,0,1,0,6,10,0,0,1,0,1,55,2026
Lloyd Meek,12856,HW,BL,PF,5,3,5,10,0,0,37,2,0,1,3,1,1,0,0,4,6,1,0,3,0,1,81,2026
Dylan Moore,12710,HW,BL,PF,10,4,7,17,1,1,0,2,1,4,2,1,2,0,0,9,9,0,1,1,0,0,86,2026
Harry Morrison,12579,HW,BL,PF,12,7,2,14,0,0,0,1,2,4,1,4,0,0,0,1,12,0,0,0,1,1,82,2026
Jai Newcombe,12915,HW,BL,PF,10,4,10,20,0,2,0,9,1,3,6,5,2,3,0,8,11,0,1,1,1,0,82,2026
James Sicily,12332,HW,BL,PF,10,7,5,15,1,0,0,0,4,3,0,3,0,1,0,5,9,3,1,2,0,1,87,2026
Josh Ward,12955,HW,BL,PF,14,5,11,25,0,0,0,9,2,5,11,2,0,2,0,16,12,0,0,1,0,4,84,2026
Nick Watson,13105,HW,BL,PF,15,2,1,16,6,2,0,0,0,3,5,4,3,1,0,12,4,1,1,1,0,0,86,2026
Josh Weddle,13057,HW,BL,PF,6,2,6,12,1,0,3,2,1,2,2,2,2,1,0,8,5,0,0,3,1,2,84,2026
Oscar Allen,12655,BL,HW,PF,4,4,2,6,0,0,0,1,0,1,0,1,2,0,0,5,3,1,0,2,0,0,57,2026
Harris Andrews,12340,BL,HW,PF,8,6,3,11,0,0,0,0,2,0,0,0,1,0,0,5,6,3,0,10,0,0,93,2026
Levi Ashcroft,13197,BL,HW,PF,7,6,3,10,1,0,0,1,1,0,0,1,0,0,0,0,10,0,2,1,0,1,66,2026
Will Ashcroft,13040,BL,HW,PF,18,4,10,28,1,0,0,1,1,10,8,2,2,0,0,10,17,0,0,0,5,2,83,2026
Zac Bailey,12610,BL,HW,PF,16,7,2,18,0,1,0,5,0,7,4,2,2,0,0,8,11,1,0,3,0,1,88,2026
Jarrod Berry,12519,BL,HW,PF,12,6,3,15,1,0,0,1,1,4,1,2,0,0,0,3,11,0,0,1,0,0,80,2026
Charlie Cameron,12277,BL,HW,PF,10,4,3,13,3,1,0,1,0,5,0,1,0,0,0,3,10,0,2,1,0,0,80,2026
Sam Draper,12810,BL,HW,PF,8,3,1,9,0,0,26,0,0,4,2,6,0,2,0,2,4,0,1,1,0,1,63,2026
Josh Dunkley,12408,BL,HW,PF,8,3,11,19,0,0,0,9,2,1,5,6,2,2,0,8,10,0,0,4,0,0,79,2026
Jaspa Fletcher,13072,BL,HW,PF,10,5,4,14,0,0,0,0,3,3,0,3,0,1,0,1,13,1,0,0,1,0,76,2026
Darcy Fort,12724,BL,HW,PF,7,1,3,10,0,1,19,1,0,2,4,2,0,2,0,8,2,0,0,4,0,1,48,2026
Ty Gallop,13235,BL,HW,PF,6,3,2,8,0,0,0,5,2,1,0,2,1,1,0,5,4,0,0,8,0,0,90,2026
Darcy Gardiner,12267,BL,HW,PF,3,2,2,5,0,0,0,2,0,0,0,0,1,0,0,4,3,0,0,8,0,0,93,2026
Eric Hipwood,12454,BL,HW,PF,8,6,3,11,3,2,0,1,0,1,0,4,0,1,0,5,7,2,5,2,0,0,76,2026
Ryan Lester,11894,BL,HW,PF,14,9,6,20,0,0,0,0,6,1,0,2,0,1,0,4,16,0,0,2,0,0,82,2026
Kai Lohmann,12968,BL,HW,PF,9,5,2,11,5,1,0,5,0,1,0,1,3,1,0,6,5,1,4,0,0,1,81,2026
Hugh McCluggage,12518,BL,HW,PF,18,5,5,23,3,2,0,6,1,6,1,5,3,0,0,7,15,0,2,0,1,2,80,2026
Conor McKenna,12391,BL,HW,PF,13,5,6,19,1,0,0,0,1,2,1,0,0,0,0,3,14,0,0,1,1,3,75,2026
Logan Morris,13137,BL,HW,PF,7,4,0,7,2,2,0,0,0,2,0,0,0,0,0,2,5,0,3,0,0,0,79,2026
Lachie Neale,12055,BL,HW,PF,17,4,9,26,0,0,0,5,4,2,9,2,1,0,0,12,12,0,0,0,0,0,80,2026
Cam Rayner,12592,BL,HW,PF,8,2,4,12,0,0,0,2,1,6,4,2,1,0,0,6,6,0,0,2,2,2,86,2026
Darcy Wilmot,13026,BL,HW,PF,7,5,4,11,0,0,0,2,4,0,2,2,0,2,0,4,7,0,0,1,0,0,84,2026
Dayne Zorko,12076,BL,HW,PF,17,5,4,21,0,0,0,0,6,3,0,4,1,2,0,4,10,0,0,2,1,0,82,2026
