player,team,round_0,round_1,round_2,round_3,round_4,round_5,round_6,round_7,round_8,round_9,round_10,round_11,round_12,round_13,round_14,round_15,round_16,round_17,round_18,round_19,round_20,round_21,round_22,round_23,round_24
NICK DAICOS,CW,0.93912613,0.7900848,0.0,0.93521833,0.0,0.5833208,0.928118,0.9311417,0.8812063,0.19255221,0.7519907,0.9112457,0.90792775,0.8382906,0.0,0.94788355,0.94715255,0.9077754,0.810874,0.9196115,0.9258231,0.7501727,0.93634313,0.92360383,0.11413567
BAILEY SMITH,GE,0.04423181,0.8699596,0.0,0.9481374,0.87698644,0.94011515,0.92322594,0.20509891,0.57418513,0.94974744,0.912931,0.7764874,0.82654184,0.8691458,0.8012501,0.0,0.0,0.8103712,0.72651374,0.90105313,0.67218053,0.64673984,0.9455716,0.8952743,0.94787526
WILL ASHCROFT,BL,0.6252767,0.035567313,0.0,0.8457841,0.9208183,0.1108043,0.54278994,0.9432304,0.7089716,0.17522177,0.040269796,0.037173588,0.19067341,0.12073022,0.9302024,0.0,0.83971107,0.89424783,0.93803006,0.85086155,0.9179077,0.5833151,0.9330961,0.8537653,0.5932177
ISAAC HEENEY,SY,0.53093195,0.25656813,0.0,0.0,0.9268559,0.9398503,0.7524738,0.0,0.74807686,0.6920523,0.83649004,0.17123958,0.91615874,0.86944044,0.6793668,0.0,0.7062433,0.80892247,0.04055392,0.4657359,0.6009828,0.7894865,0.4205009,0.9233714,0.0
LACHIE NEALE,BL,0.8231244,0.12136537,0.0,0.14891438,0.7177835,0.80103946,0.730927,0.93939275,0.81733584,0.91736645,0.14284883,0.43883085,0.07557715,0.94657475,0.5328806,0.0,0.47528693,0.55792403,0.9264472,0.7788876,0.28176278,0.07235091,0.81442344,0.046802416,0.9154025
HARRY SHEEZEL,NM,0.0,0.85167015,0.9338563,0.82941306,0.41634965,0.49504894,0.9145609,0.74725664,0.045415703,0.7780866,0.06278103,0.8905836,0.0,0.06353199,0.9106489,0.81826127,0.93143255,0.7788531,0.48267812,0.6633959,0.36806643,0.45851806,0.4987621,0.04711401,0.0
MARCUS BONTEMPELLI,WB,0.714818,0.9416577,0.7972775,0.0,0.9306604,0.09938464,0.026711378,0.23420618,0.7931655,0.82472456,0.18384242,0.875908,0.6859312,0.86539835,0.32688874,0.88216174,0.0,0.04898174,0.89832485,0.80828905,0.90222615,0.026530381,0.22471786,0.0,0.554477
CLAYTON OLIVER,GW,0.5759836,0.059252657,0.5500083,0.5893727,0.0,0.7609169,0.7600277,0.23105615,0.7156851,0.41836667,0.77344584,0.9294123,0.3700896,0.0,0.8493827,0.46046147,0.79989374,0.82584083,0.9140035,0.17337833,0.25448015,0.15749206,0.22260728,0.64559716,0.075633846
CHAD WARNER,SY,0.40676007,0.04042221,0.50870985,0.0,0.43532363,0.494797,0.77225345,0.8438336,0.11551692,0.22948577,0.460208,0.02412391,0.90352327,0.83097565,0.5141071,0.0,0.7690365,0.5459805,0.1315942,0.631043,0.8985173,0.85072434,0.7515994,0.79653317,0.0
PATRICK CRIPPS,CA,0.03176295,0.79374737,0.0,0.22777483,0.3745205,0.5447433,0.13532363,0.55604786,0.031954024,0.6515212,0.89145523,0.901462,0.74353784,0.11975722,0.0,0.86108196,0.8488595,0.40493533,0.054496948,0.8454258,0.8865069,0.12139995,0.59966403,0.8438087,0.3521252
JORDAN DAWSON,AD,0.0,0.12874587,0.5546323,0.0,0.53885597,0.74396646,0.0,0.43016478,0.0,0.8785134,0.6554487,0.6852974,0.0,0.80837315,0.895347,0.15438753,0.11069277,0.83382845,0.8674874,0.31141695,0.108929075,0.7866104,0.9113952,0.44594988,0.8347513
SAM WALSH,CA,0.27876502,0.7614512,0.0,0.6089868,0.08095523,0.23372774,0.32512388,0.873876,0.049233116,0.3505582,0.18248904,0.32116917,0.8450976,0.049468234,0.0,0.7886167,0.81715274,0.05763006,0.2841873,0.550668,0.8285473,0.63645107,0.76222044,0.82304734,0.8941019
ED RICHARDS,WB,0.85698104,0.15914032,0.77362543,0.0,0.0,0.061862316,0.17180887,0.067427404,0.6343415,0.80140007,0.045402866,0.90842134,0.748474,0.6803343,0.2332014,0.23290266,0.0,0.46365666,0.825877,0.07540716,0.9257148,0.13567914,0.5653097,0.9111281,0.8959778
MAX HOLMES,GE,0.39199066,0.8784846,0.0,0.76151246,0.5233743,0.89004594,0.5453251,0.05032962,0.90393925,0.7793461,0.39905068,0.9112436,0.12850158,0.5713798,0.79464096,0.314921,0.0,0.7377092,0.74461174,0.3486093,0.0,0.0,0.0,0.0,0.0
KYSAIAH PICKETT,ME,0.0,0.3837099,0.027988426,0.90781,0.80135393,0.59719414,0.17780766,0.9042625,0.5957431,0.06584285,0.100427404,0.638007,0.09217453,0.84871316,0.9188705,0.044551153,0.0,0.5455241,0.10582121,0.8324978,0.052538242,0.15830258,0.85726756,0.23246384,0.64225477
NASIAH WANGANEEN-MILERA,SK,0.049797054,0.39691073,0.67679113,0.37330484,0.0,0.9003652,0.48554048,0.8932072,0.7825073,0.0,0.0,0.0,0.0,0.8409342,0.87122995,0.65575814,0.0,0.9071131,0.8705233,0.065215655,0.9402451,0.74963796,0.023467759,0.0,0.0
ZAK BUTTERS,PA,0.0,0.10140897,0.9373821,0.55393356,0.6373058,0.76572466,0.8217825,0.8005522,0.7397672,0.5985477,0.7601705,0.12451022,0.0,0.47538707,0.6854706,0.3334886,0.9477048,0.716232,0.39488193,0.0,0.0,0.0,0.0,0.0,0.0
JAI NEWCOMBE,HW,0.14459081,0.20609729,0.8617021,0.0,0.5681245,0.8526766,0.26338094,0.75722605,0.76363784,0.31308272,0.07639196,0.22262463,0.27372432,0.7665365,0.0,0.91411704,0.82273954,0.090377524,0.085113175,0.30060464,0.6215162,0.9320048,0.06250327,0.27363566,0.1980835
IZAK RANKINE,AD,0.0,0.0,0.027983038,0.023093857,0.03235764,0.6350478,0.35191384,0.14202859,0.5293585,0.9290151,0.8469257,0.03633552,0.0,0.0,0.0,0.12665889,0.024435386,0.5799859,0.8948088,0.82248205,0.20018941,0.8761406,0.937852,0.8846095,0.9158539
NOAH ANDERSON,GC,0.76752454,0.9220455,0.17054552,0.0,0.06687261,0.046341863,0.0,0.2732643,0.64706963,0.89586717,0.86032426,0.79297113,0.0,0.11619321,0.37032834,0.9202168,0.16984943,0.13912493,0.046643253,0.07037764,0.6806877,0.068637274,0.6951832,0.044661578,0.90201104
CALEB SERONG,FR,0.0,0.8156242,0.08846165,0.94525373,0.8756876,0.40708253,0.39596617,0.2900225,0.07232795,0.7807244,0.4086514,0.0,0.0,0.0,0.0,0.1952227,0.08977756,0.7522797,0.7552664,0.72295964,0.4685862,0.3759845,0.25577733,0.9124632,0.05356012
JASON HORNE-FRANCIS,PA,0.0,0.025052661,0.82393,0.15401956,0.3065788,0.7236604,0.73590493,0.9265953,0.15634918,0.05822904,0.027450692,0.8289656,0.0,0.6368309,0.14059405,0.7472991,0.8504448,0.7462575,0.53171086,0.0,0.38931188,0.6890704,0.07694021,0.06314274,0.0
ZAC BAILEY,BL,0.0690077,0.0,0.0,0.23544918,0.84109575,0.3703175,0.040457994,0.9182794,0.92004615,0.038113154,0.04104157,0.037107144,0.48224103,0.20992218,0.8234036,0.0,0.52462316,0.8287774,0.5192827,0.53158647,0.91336566,0.027034368,0.17841724,0.46072784,0.44538447
MAX GAWN,ME,0.0,0.35378215,0.33148536,0.7750295,0.7043729,0.33608115,0.18881123,0.28945652,0.38791516,0.4868606,0.17516324,0.12189422,0.11429426,0.49849275,0.85970026,0.26047662,0.0,0.42090288,0.35516626,0.3377318,0.19852664,0.7754142,0.106491335,0.7516755,0.5787164
FINN CALLAGHAN,GW,0.61667746,0.22350316,0.6939663,0.7073598,0.0,0.85755384,0.23789342,0.06393382,0.28050393,0.7745065,0.055473726,0.7856795,0.90262425,0.0,0.2739126,0.6048318,0.8493085,0.75336087,0.20579585,0.1695906,0.03863736,0.0,0.0,0.0,0.0
LACHIE ASH,GW,0.09083004,0.1732165,0.8541903,0.07386793,0.0,0.9152572,0.20505778,0.6984075,0.24722552,0.21869326,0.6506017,0.64344233,0.7788869,0.0,0.434409,0.093782805,0.3719658,0.43955922,0.68514013,0.1003942,0.06183988,0.26956326,0.054923825,0.87716484,0.11747092
TOM SPARROW,ME,0.0,0.022465613,0.024934301,0.8111746,0.32432842,0.033466797,0.037072267,0.7900144,0.22861943,0.5186529,0.7426737,0.21890682,0.039213177,0.20447712,0.44503954,0.4988143,0.0,0.79971796,0.8264246,0.92615867,0.22996919,0.5344336,0.6603474,0.0755463,0.043299697
ANDREW BRAYSHAW,FR,0.0,0.09571162,0.8256309,0.14706784,0.60216475,0.11435943,0.033142064,0.5792681,0.26613134,0.23482305,0.5033856,0.23439582,0.14817347,0.69873285,0.0,0.9126805,0.7302895,0.089019194,0.34594265,0.7481809,0.62707865,0.18256958,0.07812113,0.6061807,0.04329623
JOSH DAICOS,CW,0.9137694,0.16204979,0.0,0.6304202,0.06604063,0.14521441,0.30090633,0.9041389,0.11107438,0.1188449,0.072020195,0.042208456,0.085489355,0.5421086,0.0,0.6031371,0.6648579,0.33780223,0.8377831,0.1292901,0.037635293,0.5592638,0.9174945,0.554147,0.08971622
LUKE DAVIES-UNIACKE,NM,0.0,0.43568474,0.7194658,0.844519,0.31219307,0.50655055,0.75021017,0.060031652,0.13115008,0.81002325,0.04064122,0.84856296,0.0,0.038898174,0.08988596,0.03833932,0.5696712,0.6898678,0.14094453,0.2185945,0.034545194,0.41519454,0.93803793,0.088069074,0.031302027
HUGO GARCIA,SK,0.045938466,0.050124984,0.22898702,0.025230274,0.0,0.54368454,0.3351369,0.49746424,0.06683375,0.10894035,0.7833176,0.022297846,0.030476248,0.7333886,0.5473495,0.85975325,0.0,0.7906066,0.8602089,0.5976192,0.057020184,0.026057407,0.026187556,0.89035267,0.59581184
ZACH MERRETT,ES,0.0,0.68034273,0.066562526,0.023170533,0.5785373,0.90131956,0.78753495,0.033028793,0.2867788,0.6645892,0.13800503,0.81214637,0.21992813,0.70012695,0.3887683,0.0,0.12551619,0.091632895,0.022296356,0.9037081,0.043823175,0.09210991,0.16726282,0.050250262,0.7962816
SHAI BOLTON,FR,0.0,0.05646758,0.90857416,0.88704574,0.12192458,0.19049089,0.17656295,0.9446508,0.88040686,0.08196599,0.38111562,0.7360548,0.24620494,0.47527868,0.0,0.15493675,0.4918914,0.14280155,0.5517011,0.0,0.33924803,0.040181223,0.10867175,0.6011383,0.03974105
MATTHEW KENNEDY,WB,0.801841,0.8328129,0.45423302,0.0,0.87417245,0.06739592,0.2028605,0.03141669,0.7420235,0.22654612,0.026753373,0.25286743,0.7497886,0.052535154,0.3059569,0.6165671,0.0,0.04284096,0.04121532,0.6245789,0.079647616,0.022222357,0.03532888,0.48823342,0.82650304
MAX HALL,SK,0.031863585,0.87369967,0.07440433,0.03397148,0.0,0.030807775,0.030700164,0.07029524,0.13060081,0.07325442,0.9233442,0.4555879,0.08207148,0.66103107,0.11245243,0.049995493,0.0,0.91511893,0.047151968,0.09463112,0.32145616,0.5650903,0.6516982,0.94233197,0.92584926
MATT ROWELL,GC,0.0,0.0,0.0,0.0,0.024570271,0.6153147,0.8840195,0.04911993,0.0,0.0,0.5714393,0.85108113,0.0,0.027200418,0.202476,0.29156956,0.059740968,0.25583005,0.15606213,0.48763412,0.6248064,0.8115222,0.92872787,0.22596622,0.8470429
CHRISTIAN PETRACCA,GC,0.92315894,0.9450001,0.061552707,0.0,0.0,0.0,0.8117865,0.30424044,0.91025025,0.52615184,0.8177693,0.7863716,0.0,0.10590695,0.0719905,0.51648444,0.032253344,0.54409605,0.037243284,0.24873336,0.13514762,0.027322827,0.030141884,0.022390297,0.0
JOHN NOBLE,GC,0.7682945,0.24428692,0.06337663,0.0,0.10672166,0.03579505,0.20361261,0.05389056,0.92437136,0.69820046,0.81336206,0.0326684,0.0,0.42495388,0.31714046,0.09160323,0.02627829,0.6286991,0.031208778,0.48551923,0.033397507,0.8392379,0.05724633,0.031650532,0.926233
TOBY GREENE,GW,0.22156088,0.10072368,0.16304928,0.07277707,0.0,0.75172126,0.12255916,0.91084665,0.033481415,0.71995616,0.024584977,0.9195591,0.33303308,0.0,0.3201155,0.049186565,0.61190504,0.93170536,0.87887317,0.023987949,0.0,0.0,0.42999953,0.16400988,0.052241478
NICK BLAKEY,SY,0.13258009,0.5165003,0.06832591,0.0,0.15236668,0.3274025,0.895355,0.17667636,0.64738685,0.48630738,0.9343194,0.04194414,0.48544288,0.2519411,0.17865872,0.0,0.028614527,0.22195028,0.06512803,0.050219286,0.3107276,0.71452427,0.4882267,0.5017194,0.0
MURPHY REID,FR,0.0,0.045003,0.71817285,0.20520642,0.32793626,0.13121513,0.4531637,0.1433785,0.14152251,0.13648756,0.8080532,0.8348209,0.09357694,0.6624708,0.0,0.76559985,0.50259453,0.04635065,0.538716,0.030768573,0.7133414,0.22891818,0.031284556,0.0,0.0
LACHIE WHITFIELD,GW,0.2619378,0.040472474,0.40932858,0.6849184,0.0,0.75174,0.08013091,0.84029627,0.18496759,0.88595104,0.03991528,0.0,0.34534216,0.0,0.36047867,0.060679317,0.55836844,0.048785668,0.0,0.09061744,0.05749604,0.7295157,0.27383152,0.8136272,0.031831924
CHARLIE CURNOW,SY,0.07748413,0.053923745,0.02695944,0.0,0.740807,0.09586307,0.08816915,0.9538591,0.03969762,0.0,0.025452731,0.02713817,0.9474779,0.16253622,0.13938281,0.0,0.050904717,0.9564251,0.6467638,0.022247411,0.39306328,0.054262172,0.8750977,0.5857086,0.57744133
JACK GUNSTON,HW,0.20274046,0.8673426,0.8002336,0.0,0.5379762,0.05406035,0.0,0.95835763,0.027688263,0.72538215,0.0,0.0,0.86108446,0.0,0.0,0.0,0.0,0.02249836,0.54409283,0.02924081,0.9444261,0.04438036,0.027064173,0.07267413,0.81720513
GEORGE HEWETT,CA,0.03141696,0.14693819,0.0,0.043229364,0.12868315,0.0,0.0,0.0,0.0,0.058132403,0.028119456,0.49526906,0.06914828,0.7208909,0.0,0.8843495,0.6588237,0.711734,0.02133631,0.091477744,0.55033886,0.93186873,0.42217386,0.73054373,0.75554883
JAGGA SMITH,CA,0.06979926,0.7094691,0.0,0.20540051,0.059198905,0.057406086,0.04498888,0.037087727,0.03472804,0.30400527,0.23179361,0.36386767,0.5438393,0.09534974,0.0,0.4258811,0.2486959,0.58989865,0.029337415,0.5058354,0.8626001,0.6339919,0.07743268,0.25292557,0.9000866
BRADLEY HILL,SK,0.106727995,0.2746365,0.14916717,0.030600084,0.0,0.09957093,0.10978073,0.4532647,0.11985145,0.056314472,0.034453247,0.051966116,0.1625024,0.13457514,0.03422016,0.5163766,0.0,0.8895653,0.91110724,0.04849026,0.89838046,0.33316705,0.17009772,0.8691692,0.7539437
TOUK MILLER,GC,0.7120142,0.37066674,0.7400832,0.0,0.049363207,0.08218389,0.5919911,0.034814034,0.18526661,0.8339682,0.09504223,0.142907,0.0,0.050427083,0.060982823,0.14605084,0.028430426,0.2228604,0.03025768,0.872581,0.06991413,0.11915379,0.7716546,0.03334507,0.9227013
JYE AMISS,FR,0.0,0.0222259,0.026720142,0.042458147,0.59135914,0.04643371,0.95166445,0.19030383,0.03667366,0.046533648,0.031544436,0.63143027,0.8845388,0.062154148,0.0,0.19047761,0.035797816,0.022316786,0.046460576,0.85394305,0.935763,0.025449451,0.4694625,0.84222716,0.0
SHAUN MANNAGH,GE,0.024217376,0.5419677,0.0,0.64369065,0.02247022,0.033349965,0.39190578,0.026051544,0.873818,0.08838151,0.9139135,0.08802132,0.07127212,0.049002726,0.12166832,0.023491852,0.0,0.028637346,0.87844574,0.03106001,0.0594233,0.13781154,0.115060836,0.8512373,0.9168429
HARLEY REID,WC,0.0,0.04143506,0.7952731,0.52591044,0.033712897,0.15083455,0.041091416,0.1309804,0.8218822,0.053725414,0.9081796,0.07861863,0.43302777,0.12197498,0.17006257,0.0,0.11589423,0.15508693,0.50834125,0.108987086,0.22892848,0.82635427,0.49354956,0.10340163,0.044018578
JORDAN DE GOEY,CW,0.42234865,0.024250753,0.0,0.077163205,0.027703306,0.0234049,0.0,0.42763826,0.1189526,0.30486053,0.42829365,0.38507453,0.73608595,0.13859263,0.0,0.9058337,0.6581019,0.033171345,0.7141098,0.47337392,0.15133017,0.026421187,0.0,0.07716699,0.7041839
CONNOR MACDONALD,HW,0.0436412,0.7592887,0.08707727,0.0,0.38277256,0.38591117,0.03765724,0.25277844,0.8758623,0.023733322,0.038484856,0.030806102,0.67525625,0.106999636,0.0,0.085484624,0.59720683,0.02701558,0.8513581,0.73134285,0.40032482,0.047970906,0.023978695,0.02247022,0.31617457
JOSH TREACY,FR,0.0,0.041646954,0.9175928,0.93113154,0.049631827,0.06622994,0.026233299,0.06565516,0.6582847,0.080431975,0.03391656,0.39498195,0.4050641,0.6922741,0.0,0.036353346,0.03281113,0.026602669,0.9037124,0.44352508,0.025005123,0.5054806,0.18840855,0.22480106,0.025275161
SAM BERRY,AD,0.0,0.1287848,0.26681808,0.27181935,0.07237895,0.65364814,0.1935529,0.033820905,0.770552,0.08068251,0.11355803,0.39035216,0.0,0.096699834,0.8645126,0.4022262,0.045589793,0.15670724,0.844534,0.12789607,0.589892,0.0,0.5036883,0.02331268,0.12945832
TIM TARANTO,RI,0.0,0.43322498,0.09997476,0.1506484,0.02571421,0.23915914,0.024287552,0.0,0.0,0.35116148,0.038257174,0.8229268,0.04056367,0.0,0.788348,0.068628825,0.65005314,0.33665365,0.2190555,0.09599112,0.15657398,0.87693745,0.21673958,0.10300857,0.8748134
OLIVER DEMPSEY,GE,0.23324467,0.031041292,0.0,0.40053672,0.022448497,0.053053305,0.46504375,0.026038568,0.033912856,0.11108592,0.0576989,0.23995398,0.09401497,0.036841366,0.3590657,0.03270141,0.0,0.17054363,0.7124359,0.71391124,0.077003546,0.90390706,0.83573806,0.36585987,0.6048355
ERROL GULDEN,SY,0.6529252,0.10822687,0.0,0.0,0.0,0.0,0.0,0.0,0.0,0.0,0.0,0.0,0.0,0.0,0.0,0.0,0.03112329,0.6835873,0.33857673,0.06101915,0.93611926,0.90868014,0.9336977,0.91796947,0.906259
LOGAN MORRIS,BL,0.1676005,0.0,0.0,0.18350028,0.78943336,0.027426101,0.19221506,0.037450958,0.8425375,0.1972585,0.027610453,0.022300415,0.030463876,0.9521464,0.19549388,0.0,0.07016241,0.0752121,0.10649699,0.07484937,0.07953746,0.022444561,0.8743818,0.468647,0.95960206
BRODIE GRUNDY,SY,0.18446156,0.079140484,0.20145173,0.0,0.8893176,0.17178005,0.5272554,0.22665983,0.68123883,0.036106687,0.9184466,0.034145538,0.0,0.09962616,0.54989785,0.0,0.034544285,0.24199043,0.0329406,0.101227775,0.35299295,0.17920296,0.0,0.46262455,0.24818034
JACK STEELE,ME,0.0,0.11567321,0.5370591,0.28985888,0.57140887,0.3341785,0.15795133,0.612081,0.045795493,0.18840647,0.6287432,0.076362655,0.10871797,0.31149524,0.11940171,0.03748458,0.0,0.13287657,0.42030177,0.05854336,0.53711855,0.031429753,0.053452827,0.6071278,0.099315554
JARMAN IMPEY,HW,0.029697366,0.25248164,0.07857517,0.0,0.27331585,0.29097,0.18229851,0.6155201,0.37310472,0.047256622,0.049273532,0.22366562,0.09596994,0.4056881,0.0,0.024861662,0.0,0.0,0.089167506,0.9042459,0.92157674,0.8548621,0.033003792,0.24126285,0.043466657
JOSH WARD,HW,0.030171476,0.585049,0.5372018,0.0,0.64315885,0.036298603,0.03377728,0.079740554,0.05723065,0.052559026,0.049368624,0.21486358,0.09377505,0.50821096,0.0,0.5033498,0.08564083,0.3661006,0.3700779,0.097186856,0.82571673,0.13886213,0.09627357,0.28365055,0.34175792
JACK SINCLAIR,SK,0.74365664,0.47366354,0.73351526,0.18866198,0.0,0.12657672,0.8897159,0.31778812,0.6233027,0.082052164,0.6732564,0.11824639,0.3694005,0.49712256,0.11925887,0.022254003,0.0,0.0,0.0,0.0,0.0,0.0,0.0,0.0,0.0
CALEB DANIEL,NM,0.0,0.14778692,0.2726064,0.11739969,0.5209442,0.03299747,0.5785605,0.5250819,0.027034193,0.18256928,0.028039178,0.13991617,0.0,0.054672096,0.04201202,0.9166899,0.9158178,0.029845288,0.02828293,0.102678,0.038645983,0.1038977,0.8295414,0.052755944,0.06282916
ROWAN MARSHALL,SK,0.023478832,0.0,0.145236,0.024930412,0.0,0.032568727,0.44570783,0.139214,0.8380206,0.03131567,0.11726321,0.025169047,0.027560154,0.64468545,0.02650285,0.082666926,0.0,0.7135423,0.8212372,0.8917598,0.0,0.1468297,0.035054512,0.38968337,0.03200611
JOSH RACHELE,AD,0.0,0.3360485,0.20524268,0.8749807,0.25729516,0.90395904,0.14243686,0.024379434,0.075553015,0.058953285,0.51945275,0.034337763,0.0,0.042868305,0.7878299,0.42711172,0.022254003,0.07509686,0.5074549,0.12204523,0.02233607,0.045436185,0.027539056,0.024773179,0.08865856
LUKE JACKSON,FR,0.0,0.51893127,0.10750281,0.1837254,0.10797576,0.25261146,0.26193357,0.32654893,0.30895677,0.79051167,0.056329325,0.33102554,0.09773791,0.22909008,0.0,0.9189834,0.15114623,0.030623144,0.077941306,0.06903293,0.15524499,0.26223084,0.07377394,0.24933651,0.056948222
WAYNE MILERA,AD,0.0,0.8430132,0.04983801,0.031853795,0.17510222,0.24144231,0.3582069,0.034397345,0.60881054,0.7944292,0.065813854,0.6567488,0.0,0.18956627,0.19416422,0.48337358,0.0,0.0,0.16923186,0.59875774,0.0639402,0.0,0.0,0.0,0.05595185
TANNER BRUHN,GE,0.1263468,0.4644537,0.0,0.040032495,0.18160361,0.85284925,0.062686265,0.04118083,0.069341816,0.035432536,0.8190029,0.0,0.024490891,0.07035946,0.02946001,0.3010067,0.0,0.11305787,0.037405647,0.0,0.58385235,0.3102678,0.10731718,0.67749137,0.5088621
BAILEY DALE,WB,0.04794958,0.14149047,0.059780728,0.0,0.107675835,0.031917673,0.10930148,0.10477802,0.48978314,0.36460453,0.35914347,0.6990019,0.34481147,0.6854705,0.032464188,0.6465609,0.0,0.28652686,0.3804351,0.0,0.0,0.0,0.0,0.0,0.48693666
JAKE STRINGER,GW,0.9587218,0.022751834,0.022316786,0.030923873,0.0,0.37582815,0.02675885,0.19506682,0.02663026,0.21964207,0.028830731,0.94881296,0.08078687,0.0,0.0451694,0.022647103,0.022293668,0.95589244,0.026472023,0.07022405,0.026042145,0.4746488,0.026564943,0.025187643,0.6341643
JUSTIN MCINERNEY,SY,0.89690626,0.25498712,0.18250853,0.0,0.5665021,0.61313504,0.6244178,0.3434444,0.7561157,0.071412794,0.7998517,0.025500927,0.027956028,0.045255955,0.0,0.0,0.0,0.0,0.0,0.0,0.0,0.0,0.0,0.0,0.0
LUKE PARKER,NM,0.0,0.26931524,0.042453483,0.7129725,0.073820956,0.07945081,0.50131893,0.5268016,0.029346364,0.34162715,0.07703585,0.07687651,0.0,0.053480394,0.10303906,0.6613199,0.49161398,0.12998036,0.25950938,0.034523483,0.044465113,0.20245793,0.3298849,0.05927383,0.04809124
JACOB VAN ROOYEN,ME,0.0,0.94945365,0.022308057,0.023407543,0.033572096,0.022254003,0.25658974,0.04126629,0.025115734,0.94426525,0.02409805,0.03408631,0.025322326,0.032749854,0.02459198,0.10619484,0.0,0.95321625,0.961328,0.0425914,0.025213966,0.5084717,0.02359957,0.06511263,0.0
JEREMY CAMERON,GE,0.0,0.77529544,0.0,0.03359502,0.08044655,0.46212325,0.96067256,0.03197089,0.644603,0.10223714,0.45968512,0.66537374,0.42573693,0.02281709,0.17724407,0.024670696,0.0,0.022723114,0.058881547,0.0,0.0,0.0,0.0,0.0,0.14212592
KAI LOHMANN,BL,0.07012303,0.024888694,0.0,0.03610137,0.61956614,0.039509825,0.024010701,0.023692168,0.90206206,0.04752918,0.026302056,0.04056792,0.025245095,0.02646186,0.024189634,0.0,0.04816162,0.8118952,0.15018752,0.91206455,0.17443313,0.03562746,0.95043534,0.030504303,0.04036775
MARCUS WINDHAGER,SK,0.42287856,0.5346726,0.15223154,0.036915094,0.0,0.3713103,0.054569848,0.7694024,0.043353297,0.06582652,0.18013327,0.028667498,0.025662245,0.15934536,0.12945376,0.7090875,0.0,0.10984501,0.39762214,0.047028646,0.20096593,0.039510015,0.049674064,0.36952925,0.046583552
DARCY CAMERON,CW,0.59702003,0.20540176,0.0,0.03862775,0.022451427,0.0778676,0.15087347,0.06545894,0.061915427,0.034301102,0.0,0.81713516,0.2825396,0.061822347,0.0,0.024930028,0.034020267,0.039032318,0.50587475,0.7347823,0.42816252,0.1362765,0.5036533,0.05030789,0.041435324
CALLUM WILKIE,SK,0.19077082,0.23021442,0.4662711,0.07839725,0.0,0.21365352,0.60547465,0.49765983,0.1893817,0.022157734,0.31245264,0.031571876,0.055502787,0.12344446,0.11968387,0.15553054,0.0,0.19813843,0.7124514,0.028504407,0.04822017,0.34511083,0.025467752,0.1892398,0.036521785
NICK WATSON,HW,0.058604665,0.9116148,0.04602178,0.0,0.14727738,0.037804484,0.6446492,0.10018307,0.03875837,0.061211944,0.033317283,0.04900999,0.14908688,0.22575791,0.0,0.29240075,0.058298178,0.0,0.0,0.83580077,0.2009864,0.63340193,0.0223241,0.059227068,0.26720834
JAMES PEATLING,AD,0.0,0.12994394,0.026894666,0.12928386,0.6033615,0.24703863,0.33772713,0.0366359,0.49588132,0.08547396,0.32522932,0.032109443,0.0,0.26314273,0.36936438,0.03019839,0.022418784,0.24445385,0.63812196,0.7081122,0.023704581,0.0,0.09019828,0.024721706,0.0
ARCHIE ROBERTS,ES,0.0,0.044093013,0.067825146,0.108533174,0.34096256,0.9168295,0.58610016,0.211398,0.09325884,0.82985026,0.17935725,0.31767294,0.13834979,0.055433165,0.026999015,0.0,0.0,0.0,0.03905586,0.41573668,0.030356763,0.04825316,0.042286474,0.11377671,0.2209773
DAYNE ZORKO,BL,0.62040603,0.21496359,0.0,0.66883063,0.6395255,0.035542417,0.0,0.0,0.275495,0.053194556,0.0,0.0,0.0,0.0,0.0,0.0,0.0,0.0,0.6432289,0.053561337,0.87335384,0.0,0.23974334,0.3852958,0.09566262
JOSH DUNKLEY,BL,0.050517004,0.044571508,0.0,0.27707487,0.091641285,0.04028169,0.08921153,0.1006933,0.1138912,0.113019235,0.07699609,0.035051916,0.033971068,0.17292884,0.24476558,0.0,0.5845184,0.14121777,0.10305612,0.83888537,0.1173315,0.09450555,0.30486515,0.32084143,0.6587465
RYLEY SANDERS,WB,0.0,0.046248157,0.03609175,0.0,0.85356337,0.13714348,0.053696647,0.146458,0.08777742,0.56854814,0.4767881,0.6840327,0.66664183,0.2391595,0.02685249,0.054007027,0.0,0.048196997,0.0,0.06878258,0.07071976,0.06296847,0.027023653,0.03561428,0.057775248
DAN HOUSTON,CW,0.36535087,0.47691116,0.0,0.07377249,0.2218239,0.02746213,0.3005657,0.5393706,0.6808619,0.055352416,0.028758958,0.024066826,0.08884168,0.025753746,0.0,0.07863413,0.6015919,0.050144058,0.081983715,0.37008333,0.033538148,0.030936593,0.047214597,0.094950356,0.042705342
NICK LARKEY,NM,0.0,0.41128063,0.6924985,0.038925957,0.025930287,0.026640758,0.03330042,0.8533791,0.02612125,0.026106939,0.023204997,0.024781547,0.0,0.022840949,0.65545523,0.025097923,0.041543704,0.022635065,0.54251546,0.026570905,0.02307893,0.029953802,0.02361583,0.6539809,0.022751834
DARCY WILMOT,BL,0.11916618,0.05909313,0.0,0.07115625,0.09671801,0.05112334,0.26019317,0.08094428,0.86376524,0.037964158,0.28012103,0.07653897,0.315595,0.4182995,0.4718343,0.0,0.052204177,0.4216602,0.15611234,0.080251284,0.06396538,0.030287482,0.0641878,0.16241364,0.03743345
BODHI UWLAND,GC,0.07465147,0.17087325,0.597474,0.0,0.077678084,0.07131062,0.12716411,0.029124374,0.4330577,0.6460079,0.6999347,0.029447086,0.0,0.051433433,0.03041439,0.23076886,0.044212278,0.30457366,0.03549998,0.05526087,0.041802242,0.04487152,0.32156143,0.0379908,0.11372869
JASE BURGOYNE,PA,0.0,0.024282971,0.27739164,0.09273714,0.10425177,0.04924468,0.046553157,0.6973154,0.030261239,0.13015215,0.12417057,0.030662244,0.0,0.24456167,0.13686723,0.039283235,0.024935368,0.1709184,0.07482652,0.2799016,0.15241061,0.28489003,0.29370275,0.048802078,0.8998089
PATRICK VOSS,FR,0.0,0.033545278,0.04472342,0.12145522,0.048480958,0.02288334,0.15518355,0.0,0.022988945,0.023846896,0.63913625,0.5645082,0.8704161,0.7973313,0.0,0.03703675,0.06142775,0.039890625,0.060798187,0.024517389,0.048121776,0.026244642,0.5410893,0.024192112,0.02699028
JORDAN CLARK,FR,0.0,0.042255837,0.24728088,0.52561057,0.05138632,0.4649758,0.6712862,0.16556734,0.11380297,0.0672196,0.10977982,0.072970204,0.17897946,0.080895714,0.0,0.05974961,0.31745207,0.055530917,0.15643817,0.10334897,0.069923446,0.18430819,0.040418953,0.38832155,0.042898946
MITCH GEORGIADES,PA,0.0,0.024374578,0.042752307,0.27132264,0.028698716,0.042357404,0.029279368,0.88666236,0.23907833,0.511203,0.025450904,0.032882176,0.0,0.06483762,0.05613021,0.042897683,0.540581,0.093650274,0.022247411,0.0,0.033356115,0.1062704,0.0,0.14873768,0.954569
JY SIMPKIN,NM,0.0,0.10871633,0.090741195,0.17189616,0.060015436,0.22814739,0.24620251,0.037427537,0.15922585,0.15424272,0.029781442,0.63929236,0.0,0.025934935,0.07099026,0.16540821,0.05665848,0.02450293,0.6992593,0.12410425,0.2005705,0.06815985,0.11714058,0.50856817,0.19915892
JACK CRISP,CW,0.24676122,0.2553176,0.0,0.34187,0.024574533,0.2006121,0.061364274,0.74103355,0.17909609,0.23449323,0.06332531,0.72538465,0.031377096,0.026232319,0.0,0.040909085,0.5058255,0.08514375,0.044988245,0.046305947,0.15058312,0.041463513,0.06503861,0.04387813,0.023152279
JAMES SICILY,HW,0.11258404,0.4127989,0.13454486,0.0,0.10992425,0.3112945,0.059121307,0.0,0.25370306,0.104979105,0.04048367,0.030851927,0.8184918,0.10609257,0.0,0.087185584,0.20103395,0.031672183,0.08192874,0.5018132,0.50420684,0.080093175,0.031525962,0.044767536,0.107878454
JOEL FREIJAH,WB,0.07973575,0.06089668,0.8906252,0.0,0.4129664,0.029896641,0.028710121,0.030084884,0.15524267,0.72187304,0.06813866,0.04329359,0.2753453,0.043104406,0.029956501,0.281202,0.0,0.03199327,0.032973904,0.038782183,0.15645215,0.032158054,0.05748129,0.0673716,0.58914864
OLIVER FLORENT,CA,0.03963242,0.10954829,0.0,0.034448132,0.053503875,0.14544365,0.12763745,0.03929192,0.16731195,0.025015954,0.64896345,0.3046423,0.055582847,0.048098482,0.0,0.059632543,0.057900034,0.08943103,0.02621014,0.046608854,0.38832077,0.35988998,0.27703828,0.4577172,0.5723148
RILEY THILTHORPE,AD,0.0,0.5105485,0.05741011,0.045484282,0.07052656,0.07558446,0.74773175,0.024282768,0.024967153,0.03736179,0.0,0.026910137,0.0,0.0,0.44061843,0.03216264,0.041063834,0.0,0.035804976,0.04975169,0.04419759,0.94210875,0.026279436,0.025087036,0.86204743
JAKE BOWEY,ME,0.0,0.0,0.0,0.0,0.0,0.0,0.0,0.0,0.0,0.42291737,0.21966437,0.38021016,0.035102606,0.05897932,0.37936655,0.050242186,0.0,0.13428141,0.82139456,0.5229266,0.08988927,0.53842235,0.1649278,0.08385226,0.16273957
HARRY MCKAY,CA,0.03028702,0.044659656,0.0,0.16333857,0.03899262,0.025342667,0.032928236,0.0,0.027109204,0.6759311,0.14140043,0.22391906,0.13453987,0.4240273,0.0,0.07892398,0.6355912,0.025217805,0.022260977,0.022254003,0.0,0.80096835,0.04257197,0.44347095,0.03073292
LEVI ASHCROFT,BL,0.030622521,0.02974079,0.0,0.38355273,0.32215542,0.058554463,0.093369134,0.11212661,0.049468853,0.27508464,0.21558076,0.05452332,0.025158597,0.042712096,0.037481986,0.0,0.73432904,0.21263601,0.11776231,0.044731427,0.09771784,0.022254003,0.48632026,0.49613154,0.064856574
BLAKE HARDWICK,HW,0.022904275,0.11483728,0.077682205,0.0,0.077021055,0.5432282,0.09856698,0.10490769,0.02753454,0.02611541,0.030758558,0.7445921,0.85293317,0.024714809,0.0,0.032470178,0.12563513,0.079281054,0.37458166,0.10064631,0.11035994,0.11889819,0.07948185,0.06625107,0.1691703
JACK GINNIVAN,HW,0.051611226,0.10724135,0.13269156,0.0,0.29860365,0.801751,0.078919485,0.06042947,0.2473237,0.030803774,0.030563034,0.023902193,0.11891534,0.20121156,0.0,0.082586944,0.720293,0.06813052,0.65621185,0.029448872,0.11983093,0.05344301,0.034017745,0.0356352,0.0
TOM LIBERATORE,WB,0.5149285,0.87649703,0.7296954,0.0,0.0,0.0,0.028729983,0.0,0.0,0.0,0.0,0.0,0.0,0.0,0.0,0.35645315,0.0,0.046517678,0.12202682,0.0,0.2436779,0.13016292,0.026721897,0.86306167,0.0
RORY LAIRD,AD,0.0,0.28237897,0.032279916,0.0,0.0,0.137247,0.23297448,0.09431394,0.02902726,0.45733696,0.2378078,0.2883679,0.0,0.1731722,0.9136891,0.3321672,0.032402672,0.34143725,0.07517549,0.0,0.0,0.0,0.039574414,0.039944462,0.12087683
SHANNON NEALE,GE,0.023282526,0.8225286,0.0,0.031463813,0.5489165,0.027862092,0.04602559,0.032935373,0.07911807,0.1621495,0.1101759,0.026738223,0.022994053,0.022483118,0.07973428,0.037346702,0.0,0.09173455,0.02500797,0.026706673,0.92441064,0.05640097,0.24068856,0.12838745,0.27885297
DYLAN MOORE,HW,0.023381723,0.42977968,0.8207057,0.0,0.03752217,0.16967176,0.07191297,0.0,0.06489101,0.024798397,0.29478326,0.029650083,0.04032376,0.025301326,0.0,0.7897579,0.031952206,0.023687758,0.22290415,0.27172977,0.11690715,0.022947319,0.0375639,0.06363913,0.19901307
TOM STEWART,GE,0.038228672,0.61889243,0.0,0.3850618,0.119580306,0.06971284,0.049604733,0.07815821,0.041451633,0.0832873,0.6514108,0.07356808,0.067301795,0.027499774,0.0,0.0,0.0,0.10093772,0.039774694,0.14546192,0.4692425,0.3464402,0.16519877,0.059188686,0.11153572
TIM KELLY,WC,0.0,0.0,0.12290749,0.17891917,0.046096805,0.038598824,0.05015628,0.029325938,0.6413346,0.056780387,0.4189975,0.05550824,0.55561703,0.29173633,0.2585374,0.0,0.0,0.02986613,0.06109779,0.045128565,0.15571697,0.15337525,0.19716612,0.26327443,0.08479759
CALLUM MILLS,SY,0.14706406,0.060072247,0.19129632,0.0,0.057134736,0.3386768,0.047539733,0.10995323,0.29701796,0.106184445,0.15325661,0.042585064,0.0,0.15631054,0.52589685,0.0,0.105863534,0.22328965,0.0661501,0.16351973,0.055112563,0.043714345,0.38902044,0.09537476,0.3296816
DARCY WILSON,SK,0.048256982,0.047789354,0.17111585,0.024423635,0.0,0.024941316,0.2216233,0.3868532,0.0,0.15193824,0.08361968,0.057421878,0.07472959,0.25375777,0.06316452,0.12503834,0.0,0.7236174,0.1173183,0.25717434,0.62836,0.034014933,0.055018626,0.03922,0.063745625
JOSH WORRELL,AD,0.0,0.47138336,0.23132038,0.42625973,0.1694047,0.099767566,0.37902296,0.024376046,0.20960976,0.09253331,0.15446663,0.3517262,0.0,0.13888688,0.11465446,0.0,0.042023424,0.09564199,0.09713885,0.05412009,0.040574584,0.04872438,0.2025097,0.02592549,0.062493935
DARCY PARISH,ES,0.0,0.054762125,0.042707622,0.0348315,0.024957892,0.91359913,0.78613985,0.033683047,0.0,0.18697798,0.18651871,0.87144756,0.16487996,0.0,0.0,0.0,0.1480972,0.056724742,0.026192805,0.0,0.0,0.0,0.0,0.0,0.0
BAYLEY FRITSCH,ME,0.0,0.05371888,0.030913923,0.63554823,0.0,0.024484836,0.045313846,0.15215059,0.024714809,0.035081476,0.073532805,0.022316786,0.02612125,0.20568569,0.037947904,0.022578003,0.0,0.93277323,0.0,0.071983255,0.16535564,0.038953923,0.11189075,0.775788,0.031136602
CAM MACKENZIE,HW,0.0,0.15107784,0.08029075,0.0,0.0,0.052544113,0.028640918,0.2227156,0.124667235,0.036832158,0.036701914,0.37854236,0.7036658,0.03490295,0.0,0.049768485,0.6270589,0.0227112,0.24651657,0.08272788,0.11043679,0.298614,0.034209475,0.07142402,0.09076462
LAWSON HUMPHRIES,GE,0.02515703,0.123380855,0.0,0.041448496,0.0769956,0.07867047,0.4989921,0.029156514,0.033168368,0.43777072,0.10975904,0.9202686,0.07472392,0.0,0.06350897,0.080025606,0.0,0.031839103,0.0617107,0.290353,0.064214244,0.04485397,0.1514463,0.07724178,0.1212309
JAKE WATERMAN,WC,0.0,0.05196491,0.06945012,0.80571395,0.022666486,0.026984945,0.06178073,0.022254003,0.48669732,0.059677873,0.04917089,0.022736095,0.25360665,0.5698469,0.20536588,0.0,0.026417032,0.03151866,0.028883122,0.43280628,0.022254003,0.071418695,0.0530806,0.029231977,0.024802646
LUKE RYAN,FR,0.0,0.0,0.26017216,0.06590386,0.026950091,0.38306552,0.55758005,0.29121175,0.18291397,0.047217138,0.07242754,0.16422462,0.08814385,0.19954483,0.0,0.091697134,0.28598982,0.03944566,0.040833287,0.18849972,0.18555503,0.10804348,0.048889972,0.05780148,0.028539635
TAYLOR WALKER,AD,0.0,0.101079285,0.06530216,0.0,0.024041846,0.06129391,0.9421618,0.022254003,0.02255275,0.0,0.0,0.0,0.0,0.051510107,0.0,0.0315035,0.029532854,0.03251091,0.94952583,0.0,0.051032674,0.04786238,0.024259776,0.0,0.9552196
BEN KING,GC,0.1843967,0.78443867,0.8960815,0.0,0.03981753,0.022999132,0.0474599,0.022770494,0.024926139,0.7226474,0.02772981,0.022571836,0.0,0.20613363,0.02485653,0.026106939,0.02465732,0.03869522,0.023105506,0.039550036,0.058255807,0.02784969,0.023342468,0.023254232,0.06658934
CHARLIE CAMERON,BL,0.7960692,0.029350793,0.0,0.05812639,0.03521846,0.039267357,0.1529517,0.8849147,0.1248173,0.023236627,0.03706093,0.027874585,0.02653805,0.1288559,0.02367651,0.0,0.043362852,0.028208507,0.050652497,0.034160558,0.30628362,0.026160026,0.27863112,0.18915415,0.02597193
TOM PAPLEY,SY,0.025534153,0.07090133,0.045025803,0.0,0.77201474,0.33097324,0.04103002,0.15719463,0.02973788,0.23384428,0.04573711,0.022242947,0.0,0.0,0.0,0.0,0.0,0.0,0.03144634,0.7905476,0.20629999,0.022921776,0.3489298,0.027893163,0.14829254
COLBY MCKERCHER,NM,0.0,0.028678998,0.040711414,0.8563763,0.21807547,0.03669555,0.3409987,0.03478695,0.2223652,0.12336469,0.028214416,0.061068814,0.0,0.026830388,0.029659536,0.1262505,0.28388327,0.15347141,0.04418428,0.09936241,0.030871352,0.056687746,0.42529297,0.040181577,0.027852917
DARCY FOGARTY,AD,0.0,0.027270038,0.03234013,0.022607649,0.0,0.0,0.0,0.0,0.0,0.0,0.051087506,0.028050425,0.0,0.026352722,0.032289315,0.10746976,0.6754317,0.7815658,0.02728119,0.9001141,0.0,0.0,0.0,0.02763133,0.58901733
PATRICK DANGERFIELD,GE,0.0,0.022490459,0.0,0.0,0.0,0.0,0.17135903,0.022254003,0.029897166,0.059895627,0.056761913,0.04934535,0.045326926,0.74365383,0.31723496,0.057538897,0.0,0.899732,0.02268998,0.026459128,0.02495999,0.0,0.0,0.038076133,0.7321096
MITCH LEWIS,HW,0.02806617,0.029169703,0.10228883,0.0,0.034696754,0.67435145,0.4475982,0.03136184,0.038852554,0.04055389,0.035590596,0.024961831,0.06293781,0.022416223,0.0,0.023663668,0.02315614,0.026837962,0.42746857,0.95167816,0.02526293,0.0,0.024230374,0.05083658,0.14389023
MASSIMO DAMBROSIO,HW,0.026008023,0.024713505,0.045913488,0.0,0.17934942,0.113299124,0.040765293,0.1966627,0.22406456,0.032522995,0.043119956,0.15836938,0.5767349,0.46534362,0.0,0.033239946,0.08771231,0.028610097,0.07627221,0.3881122,0.31177357,0.040925354,0.03964416,0.046812616,0.08215969
BEN KEAYS,AD,0.0,0.048060402,0.030784462,0.032411482,0.032772996,0.5658367,0.042381812,0.025724,0.4170814,0.054490343,0.090234205,0.026330385,0.0,0.13702448,0.2516758,0.03614734,0.02433897,0.22946078,0.15675828,0.0326867,0.025618682,0.049572263,0.0231692,0.022987235,0.85071224
SCOTT PENDLEBURY,CW,0.11886862,0.03229961,0.0,0.029970096,0.0,0.05946347,0.15354972,0.94611204,0.0,0.14356366,0.0,0.066091664,0.616168,0.04611417,0.0,0.0,0.16297956,0.0,0.042194612,0.055169605,0.6083143,0.03233811,0.0,0.046358965,0.028479803
DYLAN STEPHENS,NM,0.0,0.7160585,0.03715441,0.11141243,0.47002807,0.027095512,0.1859041,0.110106334,0.025410358,0.040839393,0.038970027,0.023397755,0.0,0.034737118,0.2795936,0.036160953,0.21022373,0.029524488,0.05911173,0.03146405,0.031773098,0.032832056,0.5546767,0.048166744,0.026202567
TRISTAN XERRI,NM,0.0,0.062896036,0.23535924,0.06373333,0.0,0.0,0.0,0.4061554,0.49200404,0.16332613,0.052485395,0.04385696,0.0,0.02367348,0.07207778,0.08599707,0.0,0.02665774,0.7331634,0.18314347,0.02450604,0.043344766,0.26642275,0.080854736,0.09982536
TOM MCCARTIN,SY,0.04911785,0.32342485,0.050275244,0.0,0.046858523,0.47290328,0.20392488,0.32252032,0.0,0.0,0.20207258,0.03899315,0.6333148,0.029111385,0.0,0.0,0.022652872,0.15315579,0.04214201,0.23100767,0.026845844,0.105569005,0.0798351,0.05774649,0.02727069
ED LANGDON,ME,0.0,0.030010551,0.11886862,0.040030837,0.04763607,0.023139065,0.46299973,0.21117505,0.06288636,0.687105,0.07283055,0.107728325,0.030491624,0.07163709,0.45714056,0.033786803,0.0,0.10154937,0.1405288,0.09424775,0.15189049,0.040862244,0.024318054,0.06970296,0.027210008
JOSH BATTLE,HW,0.04393954,0.10988153,0.09756508,0.0,0.08285287,0.6024591,0.2796702,0.45985657,0.098617174,0.17198592,0.053452015,0.1138383,0.04993205,0.040471584,0.0,0.08845673,0.10523855,0.0,0.0,0.32643944,0.085886225,0.08568099,0.03811912,0.121146515,0.043398827
OLIVER HENRY,GE,0.023347013,0.0,0.0,0.03498239,0.04971826,0.044263024,0.040058184,0.024755029,0.038885117,0.7359392,0.06414317,0.07085498,0.02758385,0.028482892,0.054826215,0.02804881,0.0,0.022247411,0.031215657,0.032476455,0.73358285,0.1946112,0.75049657,0.022759955,0.03486361
BEN AINSWORTH,CA,0.028845537,0.022518115,0.0,0.030007886,0.048944086,0.029177874,0.0667235,0.0231682,0.13796857,0.28141412,0.091501944,0.027837569,0.21252823,0.10803104,0.0,0.041230198,0.79882514,0.07032012,0.025152791,0.089761734,0.08395456,0.04919929,0.027095491,0.037270274,0.7321121
KARL AMON,HW,0.036538012,0.16822581,0.050267797,0.0,0.0,0.1531549,0.054495662,0.76400477,0.5693707,0.3859633,0.13386387,0.049531344,0.11273458,0.09025458,0.0,0.21041848,0.09312334,0.0,0.029084077,0.0,0.0,0.0,0.023907963,0.046325807,0.03895774
TIM MEMBREY,CW,0.026108915,0.022247411,0.0,0.742947,0.022254003,0.029332194,0.022431582,0.030204087,0.0,0.0,0.0,0.0,0.058387812,0.022247411,0.0,0.04253726,0.04728898,0.6352466,0.03515092,0.3698915,0.09916387,0.022254003,0.685846,0.022907855,0.022551842
JACK ROSS,RI,0.0,0.081035264,0.046541035,0.048026145,0.025288366,0.033070065,0.18108878,0.09479548,0.4901537,0.07571832,0.100833915,0.20852543,0.03426602,0.0,0.0,0.0,0.080323346,0.025132887,0.0,0.0,0.05103556,0.6235742,0.38504827,0.026887417,0.33089408
TOM ATKINS,GE,0.13756031,0.049354646,0.0,0.33156815,0.0266923,0.7360662,0.047526885,0.03310219,0.08741958,0.026095485,0.26771194,0.046573143,0.04447096,0.049379643,0.14552097,0.09969458,0.0,0.03191122,0.047561027,0.13263474,0.27839634,0.1706205,0.063665956,0.046822906,0.041348517
KARL WORNER,FR,0.0,0.036445074,0.077497646,0.03531862,0.025119092,0.08438207,0.03794174,0.07617419,0.08975008,0.030475238,0.37590492,0.23143327,0.051836032,0.0670565,0.0,0.053053413,0.22358936,0.22723453,0.054045703,0.22085871,0.06402754,0.7420164,0.03522772,0.0489971,0.032854103
AARON NAUGHTON,WB,0.02657521,0.9545379,0.05551286,0.0,0.05666146,0.023209287,0.030006604,0.02253344,0.02496123,0.03645657,0.13351534,0.09673006,0.027901886,0.02807732,0.027569586,0.024187468,0.0,0.025052022,0.94936883,0.027445776,0.02952984,0.0,0.02629265,0.03302934,0.25281206
TOM MCCARTHY,WC,0.0,0.033102877,0.0608846,0.13494083,0.027878255,0.21483502,0.108238235,0.024285622,0.079984844,0.18061517,0.048137046,0.27529562,0.58067864,0.64373803,0.0,0.0,0.027165355,0.030059256,0.0755358,0.038883872,0.04713423,0.05858699,0.11737793,0.046049505,0.027551444
JAI SERONG,SY,0.06376663,0.037307926,0.04573683,0.0,0.4115196,0.04428587,0.032477416,0.34350613,0.03810855,0.0,0.12245703,0.097896785,0.08414655,0.43311223,0.07925725,0.0,0.026262768,0.05240891,0.022254003,0.025354728,0.025767405,0.029983504,0.54277056,0.051310472,0.2611282
OLLIE WINES,PA,0.0,0.0,0.0,0.0,0.027360538,0.2541583,0.036917254,0.29720086,0.4503889,0.028571986,0.038622208,0.022254003,0.0,0.17659347,0.058196373,0.0,0.046105593,0.086924404,0.036598567,0.3915883,0.04870765,0.08134206,0.030385073,0.21324882,0.5118979
JOE RICHARDS,PA,0.0,0.026143461,0.56229913,0.028127147,0.06256833,0.042813763,0.030257938,0.12594669,0.028484553,0.028184421,0.0366516,0.044502527,0.0,0.08270089,0.39364928,0.024493705,0.20248534,0.08566927,0.029307198,0.74532247,0.0,0.0,0.0,0.12622531,0.110582136
WILL SETTERFIELD,ES,0.0,0.0,0.0,0.0,0.0,0.0,0.0,0.0,0.0,0.0,0.03036729,0.0,0.050706778,0.56010884,0.56091386,0.0,0.046962462,0.022747334,0.0,0.0,0.024372067,0.13672137,0.024324289,0.6733968,0.667431
HUGH MCCLUGGAGE,BL,0.02382773,0.0,0.0,0.0,0.0,0.11392299,0.059868027,0.13740568,0.83566046,0.65803003,0.029887898,0.039172873,0.02421154,0.0,0.0,0.0,0.0,0.0,0.06042295,0.03274525,0.7482001,0.028944315,0.0,0.0,0.0
PAUL CURTIS,NM,0.0,0.02717094,0.039143853,0.02279117,0.036154747,0.02989403,0.94019115,0.29056537,0.031197874,0.026851982,0.031114727,0.074231714,0.0,0.022330813,0.05529507,0.0,0.0,0.0,0.07919363,0.06514353,0.033981044,0.03065056,0.90536404,0.0255249,0.022254003
STEPHEN CONIGLIO,GW,0.7699603,0.025462314,0.39578024,0.023055973,0.0,0.026676781,0.0,0.02310213,0.03330751,0.024143428,0.025522605,0.1785198,0.025818974,0.0,0.0,0.02960567,0.02817769,0.028313786,0.034708567,0.056092367,0.0664895,0.5540233,0.09714492,0.31472433,0.025476452
ALIIR ALIIR,PA,0.0,0.02931019,0.53678656,0.03909809,0.5775334,0.17456791,0.025616331,0.12786072,0.38600934,0.17840683,0.046973363,0.02424073,0.0,0.04816185,0.053399894,0.06934663,0.074245326,0.051558994,0.05801104,0.09409205,0.038751584,0.07769435,0.029304098,0.023422392,0.0
BAILEY WILLIAMS,WB,0.42215005,0.059181184,0.6595584,0.0,0.082698464,0.036428776,0.056370296,0.050710104,0.032544043,0.093906626,0.023162115,0.0,0.0,0.0,0.0,0.0,0.0,0.0,0.022761738,0.6457734,0.37614655,0.028239371,0.035053935,0.10143904,0.03390065
WILL DAY,HW,0.0,0.0,0.0,0.0,0.0,0.0,0.0,0.0,0.0,0.0,0.0,0.0,0.09775537,0.3080409,0.0,0.30908215,0.71193534,0.055868234,0.48958758,0.0,0.20738867,0.05601577,0.026450876,0.029204763,0.4610134
HARVEY THOMAS,GW,0.06596116,0.035608105,0.09718461,0.17428377,0.0,0.11726564,0.028183747,0.049397673,0.025163127,0.13621046,0.27515042,0.026600657,0.7352721,0.0,0.03295352,0.03359523,0.032845937,0.07457837,0.023829836,0.0,0.02493083,0.15990181,0.1648094,0.38627973,0.022330813
SAM FLANDERS,SK,0.3672163,0.36060548,0.1430189,0.048297744,0.0,0.05629471,0.7437039,0.11962117,0.038331613,0.11387321,0.6344498,0.06348936,0.022067616,0.0,0.0,0.0,0.0,0.0,0.0,0.0,0.0,0.0,0.0,0.0,0.0
SAM DURHAM,ES,0.0,0.13910842,0.10365003,0.053993978,0.024012461,0.04871336,0.03294912,0.027257835,0.20736845,0.23474203,0.047830217,0.022383278,0.0,0.75167143,0.04484917,0.0,0.22949676,0.06723534,0.06390622,0.48466253,0.025171703,0.06493883,0.02510747,0.0,0.0
JORDON SWEET,PA,0.0,0.0,0.10967387,0.039836314,0.24305703,0.028460408,0.024890972,0.16168512,0.20221993,0.04984071,0.027835151,0.03002945,0.0,0.1827392,0.5604843,0.15979932,0.07020787,0.08538179,0.03608494,0.031359524,0.050949488,0.03600895,0.023780538,0.36596593,0.14681105
JAKE LLOYD,SY,0.05857105,0.024153687,0.050208893,0.0,0.3331596,0.035713833,0.025358632,0.14678234,0.08693097,0.18814898,0.027567092,0.054786727,0.027895829,0.31253538,0.02303448,0.0,0.02688774,0.060460716,0.049817085,0.025198406,0.027842442,0.03997281,0.61663425,0.35501248,0.05307119
JAMES ROWBOTTOM,SY,0.5159189,0.14456022,0.03117421,0.0,0.15612806,0.04302601,0.050639942,0.08574187,0.0592128,0.025031798,0.03895468,0.026506448,0.06348884,0.16704763,0.023012493,0.0,0.41436157,0.044879194,0.029909153,0.07443128,0.480191,0.023658771,0.0,0.0,0.113174155
WILL HAYWARD,CA,0.02372303,0.03290532,0.0,0.025597835,0.022505252,0.0,0.025737138,0.059994023,0.022346277,0.6345371,0.08710737,0.22149478,0.39597455,0.033821676,0.0,0.08451629,0.099222966,0.027367566,0.024956662,0.02276483,0.15773033,0.2998239,0.16238765,0.14515148,0.0
HARRIS ANDREWS,BL,0.20341045,0.0,0.0,0.0,0.0,0.056450997,0.46506995,0.044481527,0.22747946,0.025504662,0.030548364,0.10139128,0.035521578,0.041869823,0.18275414,0.0,0.06177093,0.04722142,0.14514282,0.49499622,0.20896178,0.028994996,0.13767684,0.02836772,0.029509183
GRYAN MIERS,GE,0.17083026,0.3679622,0.0,0.48341602,0.095841356,0.048757575,0.0,0.0,0.0,0.0,0.037191737,0.12925017,0.040104985,0.09144026,0.0,0.0,0.0,0.0,0.0,0.79572904,0.032488037,0.05564101,0.030202596,0.03215462,0.13424678
JOEL JEFFREY,GC,0.11175461,0.633277,0.19825643,0.0,0.06460977,0.022427747,0.032723416,0.0,0.22753027,0.10545295,0.05208076,0.03634249,0.0,0.025273377,0.031494595,0.66668534,0.026558815,0.042698488,0.0350765,0.0258113,0.067465365,0.025126455,0.032542504,0.027039686,0.047580678
KADE CHANDLER,ME,0.0,0.033830676,0.026195668,0.088151656,0.042014334,0.023853512,0.23088047,0.045060884,0.02811981,0.105871454,0.28427663,0.30119622,0.026258921,0.105652265,0.05963904,0.16126995,0.0,0.03478185,0.033920486,0.02312129,0.024799988,0.0,0.02265054,0.7807434,0.05193006
MATT ROBERTS,SY,0.25658482,0.14037278,0.026377967,0.0,0.063277595,0.31514582,0.38345012,0.5351152,0.050881073,0.02349488,0.0,0.0,0.0,0.027469149,0.030569542,0.0,0.0,0.24292214,0.026386322,0.032689586,0.03121159,0.13740237,0.049961206,0.048067175,0.027092753
ELLIOT YEO,WC,0.0,0.042652164,0.570181,0.02661919,0.0,0.0,0.053972255,0.070094295,0.169102,0.05107371,0.08601018,0.1707044,0.07216589,0.08901249,0.039492622,0.0,0.025401331,0.022484882,0.02458895,0.022227272,0.023747865,0.11092269,0.6799836,0.042061824,0.052620143
MITCH OWENS,SK,0.028036516,0.17303517,0.023980506,0.022908019,0.0,0.040644787,0.029065238,0.078387186,0.49341962,0.025408922,0.0,0.0,0.0,0.02310932,0.12327503,0.024871208,0.0,0.13930422,0.027751897,0.022217207,0.11228467,0.045038506,0.049524676,0.93569076,0.02570573
HARVEY LANGFORD,ME,0.0,0.022459544,0.02241561,0.07906342,0.02470804,0.02783448,0.87005305,0.04503261,0.031437214,0.025691139,0.14706104,0.10824197,0.025316834,0.47649768,0.055598706,0.028567506,0.0,0.028340403,0.10333858,0.14166087,0.027152317,0.03540167,0.048059124,0.037862346,0.026593294
ANGUS SHELDRICK,SY,0.115799405,0.34265247,0.054577373,0.0,0.2503304,0.0,0.09640584,0.2818769,0.05945325,0.04773025,0.044158258,0.026805611,0.1800279,0.030159976,0.035527352,0.0,0.10018745,0.56960523,0.022427747,0.09031486,0.0,0.0,0.0,0.0,0.08345985
MATTHEW JOHNSON,FR,0.0,0.026134014,0.05764804,0.067150705,0.119654536,0.03002077,0.061792035,0.027150016,0.024555955,0.023491677,0.098980024,0.042952955,0.1507658,0.0,0.0,0.029682629,0.040002342,0.031639107,0.19062008,0.124139465,0.68103373,0.07021448,0.47260284,0.02931579,0.026154615
JAMES WORPEL,GE,0.09663401,0.0,0.0,0.0,0.0,0.15999839,0.08791488,0.022687627,0.25837907,0.45612195,0.0,0.0,0.0,0.0,0.0,0.0,0.0,0.0,0.0,0.4543857,0.04968049,0.5978309,0.14796169,0.09175595,0.0
JAYDEN SHORT,RI,0.0,0.59855974,0.15576516,0.03661553,0.06380702,0.0371474,0.070006415,0.0,0.14198345,0.04425988,0.050196752,0.72953486,0.026827296,0.0,0.031442884,0.062262885,0.02826401,0.040637314,0.0,0.026656436,0.08550095,0.04994894,0.055036947,0.027783128,0.0271054
BAILEY HUMPHREY,GC,0.8953362,0.0,0.057269122,0.0,0.0,0.0,0.08436962,0.023852935,0.046758346,0.07839909,0.053968433,0.041585498,0.0,0.022864092,0.022747334,0.03160887,0.022588775,0.1535018,0.022500195,0.024553666,0.13465707,0.08440952,0.48089823,0.046665803,0.057212833
JASPA FLETCHER,BL,0.060405254,0.028076502,0.0,0.05517158,0.50413287,0.037969243,0.070051186,0.10701488,0.04727147,0.037569504,0.023120632,0.041257884,0.02781341,0.028295275,0.07880122,0.0,0.16317736,0.1579209,0.15268637,0.045385674,0.41715357,0.050631326,0.050186954,0.086661234,0.114665814
CONNOR OSULLIVAN,GE,0.034519315,0.04131072,0.0,0.28315675,0.042272206,0.20958322,0.025415942,0.03492693,0.033753075,0.042483956,0.075860836,0.17757176,0.16250737,0.49508587,0.048470266,0.10414518,0.0,0.024480866,0.031658534,0.051012278,0.19593151,0.054186802,0.025472907,0.033185445,0.090641685
FINN OSULLIVAN,NM,0.0,0.040432513,0.057964105,0.5769306,0.10229744,0.0,0.0,0.20830697,0.041989196,0.20638429,0.023591638,0.2898311,0.0,0.0,0.0,0.03791291,0.1269623,0.024474671,0.07747177,0.09371578,0.034092,0.030397948,0.046667952,0.2694734,0.02625955
RILEY BICE,SY,0.0860606,0.4458697,0.064905114,0.0,0.3523831,0.057225823,0.07111674,0.045710687,0.037613086,0.092634745,0.053339466,0.4003592,0.077006325,0.15445302,0.045655537,0.0,0.036082402,0.0,0.0,0.029903881,0.03415268,0.042487197,0.13503438,0.040722597,0.0
HAYDEN YOUNG,FR,0.0,0.041536443,0.0,0.0,0.0,0.0,0.40213615,0.08986194,0.4324083,0.06900666,0.0,0.0,0.0,0.61530966,0.0,0.050855007,0.025717609,0.023798533,0.0,0.102288,0.0,0.06479694,0.07343969,0.24547856,0.049478818
SAM DRAPER,BL,0.0,0.024918623,0.0,0.034356575,0.18035941,0.17214827,0.031917952,0.110507354,0.040886004,0.12133281,0.036866672,0.04512091,0.039126325,0.046102963,0.16137637,0.0,0.09653374,0.1860832,0.47976968,0.028242467,0.08686751,0.034327544,0.045608323,0.02455807,0.256081
DANIEL MCSTAY,CW,0.02313092,0.024799354,0.0,0.02682719,0.07764494,0.025373306,0.024175575,0.045876347,0.03351864,0.025027446,0.024006769,0.026702639,0.022375638,0.03467687,0.0,0.027611995,0.024387594,0.14925496,0.09847879,0.026018523,0.14296466,0.40483332,0.8204425,0.14108202,0.022217207
CAM RAYNER,BL,0.032264046,0.031174866,0.0,0.072452694,0.05023258,0.16839063,0.040326215,0.037429288,0.21324767,0.024852872,0.030153604,0.059999604,0.022547962,0.036326814,0.061366033,0.0,0.26081046,0.4568449,0.19655925,0.056287754,0.10033588,0.04866814,0.055724893,0.06509923,0.121353075
JARROD BERRY,BL,0.12114728,0.023622176,0.0,0.8871038,0.10107208,0.08663967,0.022502083,0.0,0.0,0.0,0.0,0.0,0.038136456,0.13450044,0.025987763,0.0,0.10324957,0.04541,0.042424813,0.09178048,0.044088863,0.02484203,0.15109786,0.19204268,0.08350281
CALEB WINDSOR,ME,0.0,0.15249686,0.024105148,0.29953313,0.059136145,0.024100078,0.024772251,0.79724646,0.08836674,0.37189296,0.0,0.029535655,0.025158338,0.03666907,0.0,0.030729152,0.0,0.023506513,0.028227068,0.029714163,0.0,0.05245111,0.03540281,0.04998071,0.022247411
PETER WRIGHT,ES,0.0,0.022208331,0.02258007,0.034668684,0.043874234,0.42388836,0.024840493,0.02270974,0.3256229,0.19933264,0.024402903,0.0,0.0,0.0,0.0,0.0,0.0,0.022238452,0.037832655,0.041662183,0.03235665,0.8375801,0.023153944,0.02707646,0.027031213
LACHIE SCHULTZ,CW,0.21682502,0.02747722,0.0,0.15164588,0.022477427,0.04489322,0.037186988,0.028931195,0.13126986,0.026509892,0.025012419,0.042321403,0.07078317,0.11133699,0.0,0.053240277,0.8368295,0.022975102,0.023270167,0.0,0.0,0.022713168,0.18270917,0.07635828,0.023402033
LIAM RYAN,SK,0.027667833,0.023913698,0.022513913,0.026126593,0.0,0.02780982,0.026380723,0.05193854,0.0,0.0,0.0,0.0,0.0,0.8353043,0.9377565,0.02277595,0.0,0.025394103,0.022684153,0.027729686,0.028625853,0.0222259,0.022275284,0.0,0.023862908
JOEL FITZGERALD,ME,0.0,0.0,0.0,0.0,0.0,0.0,0.0,0.0,0.0,0.0,0.0,0.0,0.0,0.0,0.5440011,0.030770084,0.0,0.061171006,0.8916752,0.024093317,0.030214166,0.35683125,0.044010412,0.11180715,0.07734341
CONNOR IDUN,GW,0.04781615,0.04071434,0.061489757,0.040758967,0.0,0.061042897,0.025366317,0.1045439,0.038513053,0.096540555,0.03441599,0.08534949,0.37790206,0.0,0.056498967,0.051937256,0.046429276,0.3399859,0.079986945,0.05008156,0.10479545,0.08927796,0.028022226,0.2681999,0.029476006
DARCY BYRNE-JONES,PA,0.0,0.022254003,0.04535095,0.02428684,0.30207813,0.047409106,0.027015856,0.053473588,0.07225027,0.02954687,0.08863625,0.02567394,0.0,0.16730493,0.115085475,0.22703584,0.03551588,0.23997875,0.04750467,0.03416457,0.025252424,0.14121178,0.03380374,0.0,0.3120204
JAKE SOLIGO,AD,0.0,0.048074268,0.034113046,0.120940164,0.022852436,0.025176823,0.0,0.0,0.20406681,0.025125815,0.15333849,0.044709172,0.0,0.14090243,0.122901596,0.02379588,0.02948127,0.19829921,0.12778415,0.47090518,0.028240725,0.21507752,0.0,0.037411407,0.024885157
BRENT DANIELS,GW,0.0,0.0,0.0,0.0,0.0,0.16867395,0.0,0.27562553,0.029732741,0.13684073,0.026478697,0.5508095,0.09946558,0.0,0.71497756,0.071750954,0.022247411,0.0,0.0,0.0,0.0,0.0,0.0,0.0,0.0
BRODIE KEMP,CA,0.029639013,0.024330111,0.0,0.022751834,0.040022854,0.022332057,0.055638064,0.25228426,0.052647937,0.022076575,0.028592201,0.037145115,0.02817774,0.033023484,0.0,0.042115785,0.042782314,0.036185615,0.0240987,0.02750778,0.031761408,0.9260327,0.027046071,0.024057152,0.24570374
MAC ANDREW,GC,0.16461526,0.09767538,0.07076518,0.0,0.026049875,0.036113992,0.0228699,0.07818738,0.17997792,0.22770172,0.15772966,0.024163136,0.0,0.033909496,0.022714233,0.36356738,0.033648144,0.10006855,0.03853818,0.09351102,0.057068076,0.10822271,0.039390966,0.027065158,0.05997238
LOGAN MCDONALD,SY,0.02945285,0.04892035,0.030578848,0.0,0.031016884,0.025988083,0.025355712,0.027262544,0.03870668,0.034987077,0.028810132,0.027710702,0.09313224,0.111353636,0.2921544,0.0,0.022220057,0.0,0.0,0.02222235,0.077604294,0.51491183,0.2924441,0.10013926,0.17418377
DANIEL RIOLI,GC,0.40018165,0.024687752,0.036052335,0.0,0.058936723,0.022254003,0.098114446,0.028517632,0.13864675,0.47358334,0.18217011,0.032985337,0.0,0.10677486,0.07245553,0.030070923,0.0,0.0,0.0,0.05308049,0.031097284,0.035728425,0.15917651,0.02619694,0.032302856
COOPER SHARMAN,SK,0.023259316,0.0222259,0.028629668,0.027951308,0.0,0.02372799,0.027397947,0.2851342,0.25020906,0.02404986,0.024068983,0.024063997,0.022408517,0.050041005,0.8886066,0.03891069,0.0,0.026131513,0.09429559,0.0240987,0.0,0.0,0.025150696,0.0559173,0.022254003
BAILEY WILLIAMS,WC,0.0,0.0,0.0,0.0,0.0,0.10516332,0.022478972,0.030493664,0.06728795,0.029590474,0.40417895,0.5653585,0.05912681,0.045302983,0.05935486,0.0,0.08003006,0.05257891,0.027440846,0.1627297,0.028821882,0.03240054,0.13056524,0.059753805,0.030808523
MABIOR CHOL,HW,0.043587934,0.07619505,0.024060354,0.0,0.03402094,0.023506513,0.0,0.0,0.0,0.0,0.0,0.029039502,0.081989065,0.09367395,0.0,0.025002105,0.040213097,0.83292735,0.11826203,0.03545073,0.033156473,0.36876935,0.022217207,0.03693393,0.031154715
JOEL AMARTEY,SY,0.040042188,0.9019063,0.022479633,0.0,0.08558659,0.026774433,0.030484501,0.039309084,0.539425,0.022778783,0.022593934,0.11809816,0.026201174,0.022933023,0.023302373,0.0,0.022254003,0.0,0.0,0.0,0.0,0.0,0.0,0.0,0.0
ALEX NEAL-BULLEN,AD,0.0,0.7460315,0.037585955,0.02576269,0.08012007,0.16535674,0.052664384,0.0,0.048937324,0.06711756,0.06789167,0.13407373,0.0,0.03751309,0.028831806,0.07120973,0.02634145,0.045371164,0.028755134,0.054834526,0.02879982,0.087701544,0.06993811,0.0,0.033625185
NIC NEWMAN,CA,0.0,0.0,0.0,0.0,0.05663589,0.02851923,0.09478846,0.04997137,0.12724675,0.06781387,0.14877146,0.111451,0.2785724,0.1594399,0.0,0.3130258,0.2592729,0.12810414,0.055199035,0.031321835,0.024770256,0.0,0.0,0.0,0.0
MARC PITTONET,CA,0.11633171,0.05408618,0.0,0.02285373,0.10179562,0.07577876,0.13784538,0.0,0.02279146,0.025641112,0.03392613,0.030452067,0.06250384,0.0334707,0.0,0.029241674,0.0861191,0.056426656,0.0,0.0,0.027268667,0.16312543,0.5628613,0.11635633,0.16364412
TRENT RIVERS,ME,0.0,0.028798554,0.037119783,0.0,0.0,0.0,0.0,0.0,0.0,0.0,0.14702477,0.045699157,0.03226925,0.028493356,0.30314624,0.03350436,0.0,0.06286941,0.061863855,0.32684273,0.03520852,0.52137405,0.17835455,0.053074896,0.023302738
CALLUM BROWN,GW,0.023950497,0.022254003,0.022224657,0.025556847,0.0,0.0,0.022474704,0.0,0.0,0.0,0.0,0.22096616,0.12746085,0.0,0.022416223,0.0227112,0.0529475,0.023972336,0.37884524,0.03697077,0.022217207,0.0229708,0.040253855,0.8023837,0.022444561
ADAM CERRA,CA,0.0,0.0,0.0,0.0,0.16575348,0.17342564,0.067477,0.051314164,0.19804017,0.061570093,0.045416262,0.056060158,0.08372629,0.06214895,0.0,0.057866633,0.0717633,0.13202041,0.15168838,0.022724899,0.041952807,0.13827845,0.14712833,0.10200268,0.08155591
AARON CADMAN,GW,0.0,0.0,0.0,0.0,0.0,0.53941274,0.0,0.047554526,0.032124545,0.059547488,0.024714809,0.16443647,0.038649242,0.0,0.3868801,0.02465732,0.02693158,0.041537136,0.02734567,0.02399299,0.024466086,0.039521836,0.034968786,0.33808962,0.032372694
WILLEM DREW,PA,0.0,0.038644265,0.32446688,0.08957356,0.04658118,0.086732656,0.109494165,0.14567478,0.07508108,0.04210841,0.16272426,0.119501844,0.0,0.052071847,0.039106824,0.08147182,0.05686298,0.05678446,0.040296238,0.0476043,0.026934765,0.05519128,0.15815683,0.027045822,0.0
STEELE SIDEBOTTOM,CW,0.02895306,0.030299949,0.0,0.7569793,0.02220139,0.02919418,0.0,0.08389724,0.022373041,0.022254003,0.0356258,0.029507041,0.025443826,0.0,0.0,0.24858706,0.04425076,0.05874172,0.07149336,0.045053992,0.25584233,0.02521267,0.02312129,0.0,0.022763578
MASON WOOD,SK,0.025863994,0.045109008,0.30678993,0.026873276,0.0,0.02280626,0.06254884,0.045790877,0.08353306,0.025309188,0.0,0.035279788,0.02403362,0.025155747,0.04772665,0.051344045,0.0,0.60631037,0.19233084,0.06961507,0.08471788,0.07688081,0.022849515,0.0,0.0
RYAN LESTER,BL,0.1174439,0.027860226,0.0,0.14202647,0.10825209,0.036319762,0.026611364,0.11988761,0.35648644,0.4814982,0.024805242,0.0,0.0,0.0,0.0,0.0,0.024078583,0.05670955,0.0447354,0.07481381,0.08710824,0.024855217,0.025674267,0.058362875,0.030386856
DANIEL TURNER,ME,0.0,0.043063752,0.022275284,0.0,0.03566167,0.045951415,0.10564213,0.08469385,0.035285555,0.0,0.28592348,0.04101149,0.029144205,0.04849903,0.18169525,0.118077725,0.0,0.03524315,0.36649427,0.022465613,0.0,0.0,0.044064723,0.2812549,0.031161293
JACK SILVAGNI,SK,0.046749007,0.047521193,0.09363822,0.032425627,0.0,0.34992218,0.02673189,0.09833213,0.031133596,0.027290352,0.15930131,0.042684242,0.081360824,0.044477787,0.03612553,0.058527593,0.0,0.04172718,0.20673956,0.03010672,0.050060455,0.030956313,0.025158832,0.26583683,0.022254003
KOLTYN THOLSTRUP,ME,0.0,0.04559245,0.023505934,0.030599754,0.03104097,0.03792796,0.29927626,0.02892616,0.06627916,0.075140074,0.033203196,0.02813057,0.032087244,0.045791846,0.28154758,0.02658788,0.0,0.03481518,0.045247376,0.27197492,0.05299668,0.08096133,0.0786136,0.13989578,0.045427747
NEIL ERASMUS,FR,0.0,0.061111968,0.09395701,0.06620617,0.046717048,0.039566033,0.04783976,0.0671762,0.099330336,0.028477916,0.07330131,0.042371806,0.027550295,0.17867818,0.0,0.3027668,0.06332775,0.02352354,0.068779975,0.28287914,0.029456483,0.08922147,0.02609388,0.04648005,0.02523921
MICHAEL FREDERICK,FR,0.0,0.0,0.0,0.0,0.0,0.0,0.024481129,0.042631872,0.02447926,0.5849037,0.03217993,0.058035865,0.037670255,0.03170637,0.0,0.022643236,0.47802302,0.028865615,0.13217416,0.10082444,0.05045818,0.090178676,0.022247411,0.043357905,0.022231242
MATTAES PHILLIPOU,SK,0.039017037,0.025930243,0.0224986,0.035100527,0.0,0.06899672,0.02496338,0.12960626,0.09137412,0.023587001,0.07071348,0.1296636,0.02888828,0.022733731,0.0,0.0,0.0,0.18828131,0.23204328,0.16450506,0.37922698,0.03391759,0.025726706,0.033971615,0.034518495
JAKE LEVER,ME,0.0,0.040936463,0.0397108,0.2385193,0.064363554,0.03086799,0.032617003,0.07087724,0.03922384,0.21372442,0.13939705,0.023166703,0.0,0.24772932,0.04083264,0.029046327,0.0,0.028064309,0.15034786,0.043922056,0.16847247,0.036904957,0.024378592,0.06911474,0.02626049
KANE FARRELL,PA,0.0,0.026440391,0.06448751,0.26954126,0.49670163,0.0523213,0.041636422,0.2693472,0.034746148,0.3282246,0.05411801,0.025093235,0.0,0.0,0.10144421,0.0,0.0,0.0,0.03122775,0.0,0.0,0.0,0.0,0.0,0.0
HARRY PETTY,ME,0.0,0.023910657,0.027707294,0.034877274,0.022890186,0.02346806,0.02306796,0.0,0.029539995,0.14916755,0.070410214,0.030058317,0.026699943,0.040527977,0.027348418,0.0,0.0,0.0306087,0.0,0.0,0.45920599,0.17662518,0.07382991,0.047499213,0.4752116
PATRICK LIPINSKI,CW,0.08846678,0.045233876,0.0,0.029494714,0.023314841,0.030780155,0.5455102,0.15455152,0.05914648,0.036782302,0.0,0.06115003,0.029280188,0.116658844,0.0,0.03947272,0.05716013,0.10721079,0.11110833,0.08592695,0.10208792,0.043761045,0.0,0.0,0.0
FRANCIS EVANS,CA,0.0,0.0,0.0,0.024173325,0.03301202,0.027084056,0.025977826,0.0222259,0.027198877,0.025222633,0.026853967,0.068651214,0.02266148,0.027239578,0.0,0.048481274,0.11199027,0.08861445,0.043621164,0.026417056,0.12036684,0.02541387,0.24097672,0.056964528,0.64996094
MARK BLICAVS,GE,0.025099738,0.03434791,0.0,0.2383052,0.05532352,0.0,0.033636153,0.022908436,0.0,0.0,0.027506294,0.027708031,0.022189146,0.026719226,0.029079081,0.023481019,0.0,0.031103859,0.023966987,0.0,0.05002576,0.030114897,0.24968104,0.78777903,0.0
NICK HAYNES,CA,0.0,0.0,0.0,0.0,0.0,0.029567022,0.045141786,0.042817798,0.03720954,0.025478648,0.048186164,0.08466555,0.03870528,0.1013889,0.0,0.0689417,0.15323454,0.098378554,0.030583119,0.04706391,0.23400679,0.035185132,0.13904157,0.46427685,0.0
JACK DARLING,NM,0.0,0.06324938,0.022400819,0.0,0.033469368,0.024765294,0.15019901,0.028582422,0.056408014,0.026958654,0.022444561,0.15634303,0.0,0.022336451,0.5405942,0.030625833,0.032332662,0.025725298,0.022316786,0.025795216,0.033491176,0.025308153,0.1564456,0.19628572,0.022254003
JACK MACRAE,SK,0.032733228,0.055464834,0.0,0.0,0.0,0.0,0.0,0.0,0.04980508,0.030273277,0.3126236,0.032703742,0.04141353,0.050242253,0.17464428,0.08024831,0.0,0.0,0.0,0.0,0.0,0.0,0.0,0.7976393,0.050634544
BLAKE ACRES,CA,0.0,0.0,0.0,0.0,0.0,0.0,0.0,0.0,0.0,0.0,0.0,0.0,0.075626485,0.1129325,0.0,0.26023883,0.10334083,0.0,0.0,0.026493205,0.12095954,0.048686888,0.072389096,0.82360923,0.06170224
BRAYDEN COOK,AD,0.0,0.12157631,0.024668641,0.049393088,0.028959772,0.052332003,0.087598935,0.035694674,0.28305623,0.14350726,0.055153817,0.025610879,0.0,0.055405933,0.083673164,0.117965475,0.022254003,0.03267608,0.0838121,0.12096268,0.0,0.036380026,0.14955045,0.034955084,0.03779875
LACHLAN MCANDREW,AD,0.0,0.040253304,0.06514958,0.0853981,0.045487892,0.08884487,0.064318016,0.044021048,0.07074984,0.15532902,0.08307629,0.09693651,0.0,0.09155172,0.099327594,0.037097428,0.024090717,0.07677871,0.115443796,0.036995668,0.037112914,0.11068557,0.0,0.093932845,0.114852324
JEREMY HOWE,CW,0.0,0.0,0.0,0.0323976,0.025695847,0.065740846,0.14363436,0.26504883,0.0,0.042708434,0.17834751,0.09232433,0.08995793,0.09932615,0.0,0.2467119,0.0474197,0.040785484,0.19289203,0.0,0.05444293,0.025405044,0.0,0.0,0.022254003
TIM ENGLISH,WB,0.19632451,0.47607586,0.09032348,0.0,0.030313661,0.0,0.0,0.0,0.04068886,0.099026196,0.0,0.0,0.1680473,0.037253145,0.024324695,0.06215659,0.0,0.023222465,0.0,0.22268325,0.12918048,0.038449228,0.023057701,0.0,0.0
NOAH BALTA,RI,0.0,0.118818946,0.026994381,0.026449937,0.0,0.031035542,0.024459643,0.022295529,0.8788322,0.042730145,0.03912276,0.049073502,0.029421592,0.0,0.036077857,0.026966032,0.02320178,0.22652513,0.022605546,0.02972711,0.0,0.0,0.0,0.0,0.0
LLOYD MEEK,HW,0.03573704,0.057655554,0.059758395,0.0,0.024763618,0.082650654,0.03989419,0.15019034,0.0416998,0.030616485,0.022465723,0.06585571,0.025583217,0.12445282,0.0,0.02797943,0.08053186,0.053031966,0.19666417,0.059116468,0.14234197,0.05505039,0.028831426,0.117705576,0.1244091
NATE CADDY,ES,0.0,0.025390614,0.15125993,0.024983728,0.0,0.045606125,0.024714809,0.05845302,0.080677606,0.057483334,0.02302847,0.033327475,0.029031288,0.024703411,0.029998498,0.0,0.026669836,0.04727174,0.026573816,0.0224986,0.029641524,0.024521621,0.032570746,0.040002868,0.7834871
GEORGE WARDLAW,NM,0.0,0.0,0.0,0.1505657,0.03982017,0.059709694,0.33374476,0.03349732,0.0,0.16650811,0.045818847,0.07490315,0.0,0.029087733,0.20754687,0.062196486,0.07243916,0.030990768,0.0,0.0,0.0,0.0,0.24806744,0.036740977,0.046195727
DANIEL CURTIN,AD,0.0,0.0,0.0,0.0,0.0,0.0,0.0,0.0,0.022743488,0.032912932,0.027810063,0.0226873,0.0,0.5985126,0.09217906,0.07912783,0.02276907,0.050791368,0.109137185,0.06658164,0.05046483,0.1068638,0.037602197,0.039650206,0.27598742
COOPER TREMBATH,NM,0.0,0.05870334,0.022279885,0.030523013,0.23127788,0.09043334,0.081055224,0.022210624,0.022473022,0.022268685,0.022217207,0.025629288,0.0,0.042463467,0.022670846,0.602148,0.032055218,0.022208331,0.031547524,0.037740298,0.05601225,0.04841192,0.024063388,0.056181934,0.022208331
MILAN MURDOCK,WC,0.0,0.13873889,0.14147538,0.0,0.0,0.0,0.030918958,0.028151149,0.032328233,0.06496532,0.034402966,0.12373337,0.6452394,0.023765918,0.026065273,0.0,0.022537854,0.025949761,0.022607021,0.028870218,0.02275676,0.03434077,0.02335028,0.024522813,0.11832526
BRAYDEN MAYNARD,CW,0.56471485,0.037514232,0.0,0.066932835,0.040692378,0.06335549,0.057827145,0.066823654,0.15719792,0.05241265,0.05275716,0.03527755,0.14901741,0.027109914,0.0,0.0,0.0,0.07236273,0.06477106,0.04599408,0.04131502,0.0,0.0,0.0,0.0
CONOR MCKENNA,BL,0.0,0.0,0.0,0.0,0.0,0.0,0.0,0.05509442,0.05305856,0.03253196,0.027419114,0.026015146,0.022231242,0.024892397,0.22922726,0.0,0.102239065,0.106005214,0.036732245,0.03445231,0.023864353,0.025580073,0.06585118,0.02404757,0.67500585
HARRY HIMMELBERG,GW,0.044190962,0.029300483,0.03275741,0.037681136,0.0,0.03327687,0.045075674,0.025143893,0.026762767,0.034676,0.0913477,0.052477993,0.09253469,0.0,0.026662387,0.040497683,0.04216633,0.17589082,0.4504586,0.04572501,0.030326787,0.038736198,0.027426515,0.09151972,0.036220822
KIEREN BRIGGS,GW,0.12460885,0.02700268,0.03840414,0.030676,0.0,0.0,0.0,0.0,0.0223528,0.084897526,0.030761981,0.14882797,0.054365654,0.0,0.03379947,0.03566952,0.024593601,0.062641606,0.5774302,0.0,0.0,0.04137917,0.04805627,0.12724231,0.032124154
BILLY WILSON,CA,0.0,0.0,0.0,0.0,0.0,0.0,0.0,0.0,0.0,0.022996787,0.060733322,0.09304877,0.11640513,0.123474285,0.0,0.030308839,0.32526106,0.049673814,0.02544456,0.03542679,0.21690315,0.070627406,0.09436274,0.20812497,0.06198071
JYE CALDWELL,ES,0.0,0.03303349,0.25877503,0.101901606,0.09452185,0.1048279,0.38021308,0.023506427,0.031319004,0.0,0.033238836,0.022254003,0.0,0.0,0.0,0.0,0.023869596,0.028453058,0.025121983,0.032280847,0.0,0.0,0.05406489,0.18823954,0.08106735
WILLEM DUURSMA,WC,0.0,0.026116459,0.04439019,0.13522437,0.028071862,0.04968755,0.032190282,0.08498245,0.06042472,0.0327102,0.04383615,0.04399883,0.5419739,0.08295326,0.0,0.0,0.02434753,0.027848985,0.094246656,0.029389998,0.034426473,0.02311486,0.026331374,0.022254003,0.025727209
BEN LONG,GC,0.04949378,0.026355451,0.026638996,0.0,0.022484396,0.0468946,0.07267931,0.027005516,0.040377695,0.024941223,0.0,0.029918779,0.0,0.028293852,0.022254003,0.8426845,0.022254003,0.056484252,0.0,0.026350325,0.0222259,0.037388004,0.027847722,0.022254003,0.035178956
TOM DE KONING,SK,0.08466057,0.026676761,0.12839314,0.03765784,0.0,0.025146589,0.023761941,0.03261829,0.05316882,0.027257169,0.17549947,0.02365733,0.03932118,0.07229368,0.13704045,0.02375565,0.0,0.0,0.0,0.0,0.3756902,0.03987539,0.022863528,0.12346551,0.022410491
CAMERON ZURHAAR,NM,0.0,0.038668074,0.025566831,0.023837997,0.02945099,0.023237634,0.3787669,0.026885651,0.030290632,0.115057774,0.028561993,0.04682379,0.0,0.02800102,0.063049845,0.03452034,0.071894385,0.022254003,0.16418976,0.027864683,0.026842875,0.026198953,0.10357946,0.07065698,0.08764822
SAM DARCY,WB,0.037632495,0.8239908,0.032361403,0.0,0.5369681,0.030235294,0.02292144,0.0,0.0,0.0,0.0,0.0,0.0,0.0,0.0,0.0,0.0,0.0,0.0,0.0,0.0,0.0,0.0,0.0,0.0
COREY WAGNER,FR,0.0,0.027109837,0.06432469,0.18267855,0.05079871,0.042448275,0.23750521,0.56842446,0.058977123,0.025103375,0.0,0.037697915,0.09251277,0.04382869,0.0,0.0,0.0,0.0,0.0,0.0,0.045493763,0.0,0.0,0.0,0.0
NED LONG,CW,0.025296962,0.0347844,0.0,0.027654668,0.041006096,0.027418373,0.11704903,0.0,0.19797887,0.030401582,0.03527697,0.023584569,0.030011654,0.0,0.0,0.04429628,0.027207965,0.04139836,0.026717229,0.1564213,0.029441174,0.022697082,0.45356262,0.05813393,0.023927476
SETH CAMPBELL,RI,0.0,0.037042677,0.089732535,0.022361252,0.023927983,0.03971052,0.029836005,0.03866724,0.42296875,0.026168393,0.030264005,0.10944564,0.022793537,0.0,0.024844686,0.03884506,0.04834249,0.21267173,0.028450368,0.03568444,0.022511916,0.030418806,0.052953023,0.022618525,0.05856712
JAMES JORDON,SY,0.039052352,0.026202366,0.022316786,0.0,0.05075078,0.03937408,0.5290245,0.070454895,0.052356422,0.03313715,0.02765343,0.024675814,0.14745808,0.040025935,0.02507344,0.0,0.026226005,0.029887281,0.022830194,0.02377347,0.023942664,0.046928395,0.134476,0.029353186,0.0
JACK HIGGINS,SK,0.022588901,0.02372576,0.02699366,0.03010846,0.0,0.022465613,0.42300957,0.5732488,0.0,0.0,0.024078583,0.0,0.0,0.0,0.0,0.02256755,0.0,0.027939148,0.08629533,0.024240455,0.027027454,0.022606177,0.029851409,0.075201765,0.0
MALCOLM ROSAS,SY,0.023849318,0.02361075,0.02269302,0.0,0.0,0.045597013,0.05447871,0.03238291,0.95801926,0.023165789,0.043208882,0.022254003,0.0,0.093830295,0.02250951,0.0,0.022254003,0.0,0.0,0.022505252,0.024578923,0.023372328,0.0,0.0,0.0
JOE FONTI,GW,0.26300997,0.036029167,0.028911483,0.037329763,0.0,0.05591716,0.028202252,0.0,0.030064795,0.03474884,0.033869483,0.039539468,0.27525985,0.0,0.17583467,0.038386993,0.055886634,0.036311742,0.03015264,0.035710342,0.024643987,0.028666394,0.028234767,0.07291215,0.034909375
ZACH GUTHRIE,GE,0.026638005,0.034021717,0.0,0.022623615,0.0393983,0.035040434,0.29365572,0.025236165,0.14859506,0.10025647,0.048749767,0.07792244,0.058665052,0.022543397,0.037697457,0.052673724,0.0,0.023102617,0.023126563,0.03217604,0.11160125,0.05244854,0.03398278,0.037367605,0.08545815
WIL POWELL,GC,0.060588453,0.11221558,0.18913579,0.0,0.028174482,0.025277752,0.11160314,0.025331829,0.09296842,0.04340261,0.043663554,0.03237144,0.0,0.027732668,0.0,0.0,0.026683735,0.031036703,0.024570208,0.3762654,0.02333293,0.023469193,0.08730185,0.027911913,0.0
TOBY BEDFORD,GW,0.0,0.0,0.0,0.0,0.0,0.038522888,0.02233883,0.02246868,0.022254003,0.04118673,0.047097817,0.5423817,0.061841976,0.0,0.038196743,0.022418784,0.026293704,0.035078652,0.30715385,0.022393804,0.028070847,0.08132155,0.02333793,0.0,0.0
PHOENIX GOTHARD,GW,0.035280086,0.026153682,0.06852166,0.027848361,0.0,0.047961153,0.12202388,0.023248134,0.023101136,0.02483831,0.022238519,0.77924526,0.04190376,0.0,0.03125647,0.022254003,0.0541042,0.0,0.023368333,0.0,0.0,0.0,0.0,0.0,0.0
CONNOR BUDARICK,WB,0.58325577,0.11418917,0.059152726,0.0,0.10901971,0.025015557,0.0,0.0,0.0,0.13432132,0.029936917,0.0667139,0.082879126,0.02649503,0.032719236,0.060919795,0.0,0.022254003,0.0,0.0,0.0,0.0,0.0,0.0,0.024958251
LACHLAN BRAMBLE,WB,0.039895676,0.038348757,0.023889048,0.0,0.03898904,0.022427747,0.02493593,0.032908022,0.02923634,0.02248775,0.03035651,0.03412581,0.0224986,0.059189215,0.03308395,0.04634377,0.0,0.025050407,0.03800633,0.027702052,0.5736961,0.038568404,0.038589086,0.05865355,0.061424334
NATHAN ODRISCOLL,FR,0.0,0.02248678,0.07040355,0.0,0.0,0.0,0.0,0.0,0.0,0.0,0.041561175,0.36716306,0.16253291,0.11339139,0.0,0.029695066,0.11777318,0.029663378,0.051008873,0.027375638,0.19099127,0.039949704,0.025139336,0.02628812,0.022435592
KYLE LANGFORD,ES,0.0,0.022946555,0.025827821,0.041820258,0.024529455,0.61598116,0.052272808,0.046816073,0.024934834,0.025825603,0.024281394,0.16112368,0.055230856,0.06690991,0.022427747,0.0,0.0,0.0,0.0,0.022563342,0.0,0.03055489,0.02573241,0.022427747,0.025470002
HARRY PERRYMAN,CW,0.12866487,0.029822377,0.0,0.029792804,0.02224511,0.030025639,0.6533866,0.060789734,0.02952593,0.0,0.0,0.0,0.0,0.054661553,0.0,0.031639528,0.058449607,0.04187401,0.037601966,0.0463879,0.038238686,0.023877569,0.0,0.0,0.0
ZEKE UWLAND,GC,0.06260106,0.026836198,0.050590336,0.0,0.0414488,0.024138503,0.028729536,0.022254003,0.0,0.0,0.028375015,0.03313609,0.0,0.0,0.025234453,0.02702931,0.040055744,0.6651994,0.032976724,0.14557482,0.022247411,0.0,0.036900405,0.0,0.0
HEATH CHAPMAN,FR,0.0,0.031638175,0.084620796,0.111996934,0.047451474,0.052242696,0.2892345,0.032810252,0.034376413,0.05203051,0.055305544,0.13815422,0.046293177,0.03479722,0.0,0.025960933,0.042571355,0.022247411,0.026664801,0.045481756,0.024806678,0.04115954,0.02555018,0.045984067,0.0
MATTHEW JEFFERSON,ME,0.0,0.0,0.0,0.0,0.0,0.0,0.0232818,0.029532148,0.024642719,0.026843846,0.066335514,0.022247411,0.022407457,0.0,0.0,0.023418196,0.0,0.0233573,0.029742,0.8329788,0.023211684,0.022490459,0.022524823,0.06235001,0.022228232
EDWARD ALLAN,CW,0.023023,0.022238519,0.0,0.0,0.022505643,0.0,0.023438493,0.0,0.0,0.0,0.03858486,0.024049401,0.02689852,0.08158086,0.0,0.041936826,0.047481008,0.11201093,0.033266585,0.03903238,0.21055087,0.027539527,0.2098668,0.2121354,0.071639515
SAM WICKS,SY,0.024738446,0.0314499,0.025301727,0.0,0.25713268,0.045636747,0.08483553,0.039352905,0.11988721,0.030291976,0.0907494,0.025556153,0.091095425,0.15475096,0.0623908,0.0,0.026118582,0.0,0.0,0.0,0.0,0.0,0.02495224,0.037092395,0.094813354
PATRICK RETSCHKO,RI,0.0,0.0,0.0,0.0,0.0,0.0,0.02586549,0.06860716,0.033297304,0.044623133,0.027585402,0.4594278,0.024217376,0.0,0.026206253,0.03071816,0.10945447,0.029798938,0.03249665,0.033751838,0.03322422,0.11805588,0.09538414,0.036974218,0.02683395
JAYDEN LAVERDE,GW,0.047076367,0.035498254,0.034174092,0.042215418,0.0,0.10897481,0.03965401,0.031473815,0.02301366,0.33921385,0.028999038,0.20673637,0.106949896,0.0,0.02288318,0.022442743,0.0,0.0,0.028673992,0.025791284,0.02508261,0.037313286,0.022441026,0.0,0.0
ISAAC QUAYNOR,CW,0.15933019,0.04909458,0.0,0.05247521,0.02626728,0.06567784,0.025321772,0.13952686,0.055907104,0.022686124,0.0732742,0.067183405,0.05488509,0.027644206,0.0,0.13107501,0.030347513,0.0,0.0,0.028003905,0.12227405,0.03583756,0.036778137,0.022807296,0.0
HARRY SHARP,ME,0.0,0.045697045,0.026915044,0.05118437,0.079535976,0.02488126,0.026094232,0.04966596,0.09627591,0.03337443,0.1457012,0.03286625,0.029856224,0.053478226,0.059906382,0.035693467,0.0,0.025900159,0.035337176,0.022955185,0.029405126,0.046620775,0.21501131,0.030444464,0.02241497
CHARLIE COMBEN,NM,0.0,0.44370446,0.03394685,0.034516633,0.026704801,0.02728071,0.06527504,0.0,0.030412866,0.025646381,0.025181709,0.046146788,0.0,0.027378947,0.025636733,0.089815825,0.051179368,0.056980666,0.02487548,0.023963334,0.022812424,0.026547747,0.04123688,0.022870284,0.038471878
LACHLAN COWAN,CA,0.0,0.03161638,0.0,0.031349506,0.025155876,0.03174483,0.0570831,0.022247411,0.022991527,0.02581196,0.1077715,0.062101565,0.113726,0.027427359,0.0,0.08186506,0.14204705,0.0313079,0.024292769,0.029598303,0.13032348,0.066041745,0.05318693,0.031079479,0.06070996
LOGAN EVANS,PA,0.0,0.029306615,0.19449875,0.05585152,0.055102527,0.039431177,0.022771271,0.051410805,0.09728679,0.12507078,0.026423385,0.03732758,0.0,0.13055955,0.02677012,0.03210913,0.048503328,0.08367016,0.038952358,0.07294059,0.027829848,0.0,0.0,0.0,0.0
BEAU MCCREERY,CW,0.047449674,0.043036122,0.0,0.05920624,0.023383856,0.026252028,0.068354204,0.053310182,0.0,0.03932745,0.023105748,0.05955208,0.022285864,0.029288163,0.0,0.024602422,0.026408361,0.02709103,0.025045738,0.11221065,0.03128867,0.025022816,0.0819534,0.30652022,0.031285882
JOSH WEDDLE,HW,0.026550112,0.081032656,0.097953826,0.0,0.024134016,0.074002445,0.06299546,0.05404186,0.023996292,0.026646271,0.025618473,0.06527993,0.04486577,0.15995479,0.0,0.12008451,0.0,0.0,0.0,0.10010358,0.0831204,0.030018395,0.026068183,0.02753619,0.026084337
HARRY MORRISON,HW,0.031840682,0.0,0.0,0.0,0.0,0.0,0.0,0.08843932,0.0,0.0,0.024896663,0.0,0.0,0.0,0.0,0.042549875,0.035866592,0.03359693,0.18686607,0.066994414,0.36397332,0.0229708,0.024379343,0.099434,0.15447545
JAMES ODONNELL,WB,0.023147615,0.025576128,0.023344522,0.0,0.032112878,0.027144307,0.022398507,0.0,0.0,0.0,0.0,0.041076887,0.02247152,0.031958982,0.072775796,0.08360954,0.0,0.024180574,0.030552607,0.022991708,0.43881258,0.029691506,0.029891085,0.1320324,0.054731555
TYLAR YOUNG,WC,0.0,0.025851078,0.023090107,0.048075516,0.024445755,0.024110427,0.027692417,0.03810527,0.07814765,0.025192961,0.13354212,0.030507391,0.31987047,0.031341333,0.034102254,0.0,0.030172328,0.040776733,0.035053976,0.024459695,0.026965488,0.022486078,0.032768667,0.027700601,0.054828845
JACK CARROLL,SK,0.030621877,0.03248364,0.029267106,0.022399046,0.0,0.057970457,0.027007662,0.37256283,0.026795208,0.02408431,0.4840098,0.024410449,0.027129432,0.0,0.0,0.0,0.0,0.0,0.0,0.0,0.0,0.0,0.0,0.0,0.0
RHYLEE WEST,WB,0.027676811,0.061951324,0.022631347,0.0,0.032462966,0.032845482,0.028798115,0.022647103,0.09207933,0.025143689,0.023834907,0.06455026,0.027905177,0.03135423,0.027489142,0.02367651,0.0,0.0,0.3580597,0.02850442,0.03980858,0.02225234,0.04753057,0.03061706,0.08638378
BILLY FRAMPTON,CW,0.19397216,0.024085471,0.0,0.06474671,0.074635796,0.06406182,0.07456413,0.07293957,0.02704182,0.024171041,0.026469337,0.03539107,0.024157774,0.04117283,0.0,0.035452098,0.08411765,0.024010628,0.061976194,0.035609864,0.047274984,0.031890236,0.031140745,0.025403552,0.028581668
SAM COLLINS,GC,0.047282677,0.025118433,0.15237524,0.0,0.024491567,0.024728375,0.20011882,0.027180506,0.051633824,0.054423843,0.086673565,0.06291353,0.0,0.029531986,0.071220085,0.058234163,0.0240987,0.027692357,0.028883638,0.053256292,0.024643792,0.022247411,0.0,0.023107802,0.0
JUDD MCVEE,FR,0.0,0.028010644,0.03065165,0.06541823,0.14944482,0.027624123,0.123504244,0.13149275,0.0,0.023646489,0.051313385,0.04067746,0.051787343,0.05574099,0.0,0.032418784,0.08479852,0.0223457,0.044661812,0.025929961,0.03071765,0.039863043,0.02271203,0.0,0.024476193
SAM SWADLING,CW,0.0,0.0,0.0,0.0,0.0,0.0,0.0,0.0,0.0,0.0,0.0,0.0,0.0,0.0,0.0,0.06242953,0.023506513,0.08443263,0.030984465,0.025310816,0.0,0.0,0.029882343,0.58037156,0.2622799
ANDREW MCGRATH,ES,0.0,0.029765552,0.026904363,0.04953397,0.03854401,0.029379932,0.14610073,0.0374162,0.027592689,0.035504084,0.038978346,0.022427747,0.0,0.0,0.0,0.0,0.15368743,0.026030324,0.025231434,0.02893342,0.027165305,0.031781174,0.030169217,0.026915584,0.2639985
MARCUS HERBERT,WC,0.0,0.0,0.0,0.0,0.0,0.0,0.0,0.0,0.0,0.0,0.0,0.0,0.0,0.0,0.035862986,0.0,0.02604201,0.034622744,0.04114562,0.036739696,0.0888964,0.72234803,0.04268617,0.029375168,0.03454637
HUGO HALL-KAHAN,AD,0.0,0.0,0.0,0.0,0.0,0.0,0.0,0.0,0.0,0.0,0.0,0.0,0.0,0.08459338,0.14772399,0.250359,0.032448255,0.08331235,0.0,0.06765959,0.027288144,0.101966016,0.050454877,0.03402725,0.20491289
BRUCE REVILLE,BL,0.04327314,0.026588943,0.0,0.07363241,0.057867546,0.030548377,0.05792574,0.029036833,0.06293049,0.27608275,0.027011016,0.022404809,0.02527441,0.044105314,0.031264283,0.0,0.031882588,0.050352518,0.16643041,0.0,0.0,0.022427747,0.0,0.0,0.0
ELIJAH TSATAS,ES,0.0,0.0,0.0,0.0,0.0,0.5941837,0.13282967,0.030094337,0.0,0.0,0.0,0.0,0.11500317,0.15696238,0.03914252,0.0,0.0,0.0,0.0,0.0,0.0,0.0,0.0,0.0,0.0
LEO LOMBARD,GC,0.07090881,0.07610527,0.031157915,0.0,0.029352805,0.022455953,0.022741573,0.022687351,0.031731077,0.0317156,0.04623664,0.023178786,0.0,0.04033498,0.023063675,0.038702145,0.046219666,0.024817055,0.03254876,0.027288754,0.02310987,0.046740446,0.10969323,0.026061775,0.2193019
LIAM DUGGAN,WC,0.0,0.032059155,0.08406934,0.0295101,0.032753594,0.040160514,0.03575273,0.02863107,0.03339622,0.03941962,0.15254942,0.049825568,0.1033956,0.03885333,0.05883033,0.0,0.02240823,0.07283831,0.027742675,0.05531166,0.026019605,0.026228532,0.037559427,0.028384903,0.0
TALOR BYRNE,CA,0.0,0.0,0.0,0.022254003,0.022247411,0.02224511,0.02246666,0.022505252,0.0,0.0,0.0,0.024602422,0.022855446,0.024689037,0.0,0.024718948,0.119270034,0.02527168,0.022523878,0.026776973,0.5158256,0.044457573,0.039765917,0.02729524,0.024687653
RYAN ANGWIN,GW,0.024633523,0.028375642,0.089188926,0.047835287,0.0,0.038256533,0.025054937,0.15620786,0.022427747,0.0,0.024729509,0.0,0.0,0.0,0.029213974,0.022427747,0.033131246,0.07949371,0.027516436,0.118856184,0.1266012,0.06124306,0.027764136,0.033614248,0.032190252
RORY LOBB,WB,0.042325392,0.045995742,0.040201847,0.0,0.25637352,0.02420073,0.02237147,0.0,0.0,0.0,0.027502045,0.07653063,0.026053987,0.03314096,0.022977354,0.024283903,0.0,0.025400158,0.12730019,0.039804053,0.08741685,0.022677843,0.024901245,0.028980557,0.042829063
ROAN STEELE,CW,0.022465613,0.023128554,0.0,0.025661169,0.022471279,0.027947301,0.04829209,0.15636986,0.022448497,0.022793967,0.093152605,0.043378957,0.085170135,0.043264885,0.0,0.024497995,0.026943108,0.0,0.0,0.0,0.0,0.0,0.056202874,0.24000588,0.053317495
CONOR NASH,HW,0.038361024,0.25935483,0.07707781,0.0,0.07258626,0.0942766,0.11815809,0.15502223,0.12477225,0.036331464,0.0,0.061282173,0.0,0.0,0.0,0.0,0.0,0.0,0.0,0.0,0.0,0.0,0.0,0.0,0.0
DION PRESTIA,RI,0.0,0.0,0.03258389,0.025601862,0.047316656,0.031072222,0.038799163,0.26448432,0.0224809,0.0,0.0,0.0,0.031132696,0.0,0.22480318,0.029989773,0.03109836,0.0,0.027238907,0.05266441,0.04064462,0.038119387,0.027725726,0.07021862,0.0
SAM DE KONING,GE,0.022429632,0.02914208,0.0,0.12018538,0.023710672,0.027412519,0.03702319,0.0,0.0345389,0.035963576,0.026280604,0.03652886,0.034466647,0.27660802,0.06493553,0.028790433,0.0,0.026121518,0.023487957,0.10822148,0.0,0.0,0.043536518,0.0,0.029580135
ISAIAH DUDLEY,FR,0.0,0.09783566,0.26398593,0.028232686,0.024761869,0.02460733,0.024025746,0.022628255,0.023146126,0.022821946,0.027764803,0.033928607,0.024197187,0.03404165,0.0,0.022628255,0.045382813,0.022247411,0.024509564,0.07131746,0.028387863,0.037392385,0.025567887,0.06669725,0.0226064
JESSE DATTOLI,SY,0.0,0.0,0.0,0.0,0.0,0.0,0.0,0.0,0.0,0.0,0.0,0.0,0.0,0.0,0.0,0.0,0.0,0.0,0.0,0.0,0.0,0.0,0.74240524,0.024630856,0.25004694
HAYDEN MCLEAN,SY,0.0,0.0,0.0,0.0,0.0,0.0,0.0,0.0,0.0,0.094593704,0.0,0.0,0.4463913,0.030748045,0.02264461,0.0,0.0,0.29520264,0.02258007,0.022210624,0.032469735,0.022733022,0.024523761,0.0,0.0
DYSON SHARP,ES,0.0,0.022735767,0.022254003,0.0,0.0,0.0,0.0,0.022427747,0.030238047,0.0425124,0.0,0.0,0.0,0.0,0.025561988,0.0,0.042832464,0.025438365,0.028205011,0.39869308,0.03630497,0.05367952,0.116314664,0.05790526,0.0884306
DARCY FORT,BL,0.04693062,0.051397085,0.0,0.028743098,0.039386157,0.035694633,0.0,0.07354482,0.06295269,0.064790234,0.03668169,0.026239421,0.0226813,0.058398362,0.039111655,0.0,0.16102788,0.023905085,0.04695972,0.030663028,0.034133863,0.022814732,0.040640082,0.033179466,0.031035978
ZACH REID,ES,0.0,0.025277024,0.02597362,0.024295753,0.030977486,0.07519182,0.028177343,0.024189629,0.026278425,0.022723114,0.026605887,0.03209376,0.028859586,0.2122659,0.024200018,0.0,0.035170984,0.025490478,0.022540718,0.05179759,0.0339569,0.024465773,0.022727208,0.03888214,0.14417855
MITCHELL EDWARDS,GE,0.0,0.023697993,0.0,0.024067486,0.04232726,0.03181632,0.13384923,0.022473022,0.025952931,0.0,0.038027436,0.03694979,0.024413923,0.0,0.08228901,0.026121924,0.0,0.035169594,0.0,0.03845734,0.0594918,0.045454957,0.0,0.09838201,0.21496916
OISIN MULLIN,GE,0.022254003,0.027081003,0.0,0.03526781,0.02676419,0.024298782,0.041603412,0.03085834,0.09851892,0.17790335,0.04483857,0.03626051,0.023957532,0.030029178,0.027302083,0.02728326,0.0,0.024397513,0.025663916,0.027819935,0.0224809,0.040595192,0.10095743,0.046605665,0.04041567
MARK KEANE,AD,0.0,0.0,0.0,0.0,0.0,0.0,0.0,0.0,0.0,0.0,0.0,0.0,0.0,0.0,0.0,0.48171628,0.029717,0.114077106,0.036198955,0.07901516,0.0,0.06518677,0.047053248,0.041539256,0.10455325
NED MOYLE,GC,0.0,0.0,0.0,0.0,0.0,0.0,0.0,0.0,0.05393779,0.057451963,0.24876645,0.02739742,0.0,0.028518327,0.029789984,0.022146871,0.024663221,0.20734149,0.06329919,0.03918712,0.028159264,0.03389049,0.056682315,0.032340728,0.038915772
JAMES BORLASE,AD,0.0,0.0,0.0,0.0,0.067770146,0.05105587,0.0,0.0,0.027223827,0.07754569,0.09379837,0.025627151,0.0,0.025459914,0.29518476,0.091200456,0.027329069,0.03644735,0.027992375,0.03456319,0.031479158,0.026178943,0.0,0.023207095,0.025742572
BRENNAN COX,FR,0.0,0.0,0.0,0.09439625,0.030095,0.027789472,0.045377724,0.048040666,0.03667867,0.09142865,0.03253819,0.26367706,0.026458135,0.0,0.0,0.03084865,0.10233635,0.029429251,0.0245306,0.02383662,0.0,0.0,0.02632409,0.022968642,0.022254003
MASON REDMAN,ES,0.0,0.055268086,0.023051428,0.0,0.0,0.0,0.0,0.0,0.0,0.04829406,0.023705821,0.19205426,0.0,0.028416377,0.047343392,0.0,0.28568524,0.027906802,0.027209861,0.07125798,0.027162584,0.0314266,0.025544476,0.028900363,0.030021157
JAMIE ELLIOTT,CW,0.030057246,0.023312338,0.0,0.026275149,0.022444561,0.023542847,0.47876465,0.056369103,0.08303275,0.029306045,0.028069902,0.16724671,0.0,0.0,0.0,0.0,0.0,0.0,0.0,0.0,0.0,0.0,0.0,0.0,0.0
KANE MCAULIFFE,RI,0.0,0.02998589,0.0,0.0,0.029043576,0.0,0.06899969,0.045972764,0.5933094,0.03318321,0.0,0.0,0.0,0.0,0.0,0.0,0.0,0.058579613,0.046048846,0.031751364,0.0,0.0,0.0,0.0,0.029065305
KEIDEAN COLEMAN,BL,0.038655914,0.024588972,0.0,0.07580534,0.25172895,0.03315491,0.07528053,0.067975365,0.22344026,0.0698479,0.026448978,0.027267855,0.023505375,0.0,0.0,0.0,0.0,0.0,0.0,0.0,0.0,0.022427747,0.0,0.0,0.0
JARROD WITTS,GC,0.08439921,0.36202067,0.13086161,0.0,0.025763767,0.04061998,0.053116634,0.03290895,0.0,0.0,0.08601459,0.037781693,0.0,0.022426821,0.0,0.028101545,0.022651738,0.0,0.0,0.0,0.0,0.0,0.0,0.0,0.031218315
JACOB FARROW,ES,0.0,0.0,0.0,0.030281914,0.038847852,0.11937922,0.03477016,0.028328326,0.022767121,0.022718169,0.02765815,0.035474867,0.026181143,0.043505345,0.04664316,0.0,0.12873161,0.033099845,0.022427747,0.15983407,0.031316265,0.025830174,0.027301235,0.025015557,0.024425624
NICK VLASTUIN,RI,0.0,0.0,0.024370678,0.031097246,0.022647103,0.024150603,0.026546359,0.02513166,0.14578438,0.03576045,0.038001284,0.07064949,0.023927983,0.0,0.025020093,0.02478684,0.034484826,0.024525106,0.031778358,0.025167199,0.08736702,0.057388518,0.10245886,0.03288727,0.027573185
NICK BRYAN,ES,0.0,0.0,0.0,0.0,0.0,0.0,0.0,0.0,0.0,0.030871302,0.022959836,0.026622266,0.028241474,0.03312232,0.023574766,0.0,0.023714622,0.026005106,0.023714248,0.55565554,0.0,0.02313578,0.0,0.0782101,0.040545005
LACHIE JAQUES,WB,0.041521914,0.6717162,0.028756885,0.0,0.040431827,0.0,0.023325782,0.025764748,0.0,0.0,0.0,0.023441002,0.03142148,0.0,0.0,0.0,0.0,0.0,0.0,0.0,0.0,0.0,0.025153656,0.024633823,0.0
ISAAC CUMMING,AD,0.0,0.19154698,0.0423878,0.024094641,0.0,0.19582838,0.024984444,0.028749049,0.023162069,0.063394904,0.057211135,0.0,0.0,0.0,0.0,0.0,0.022427747,0.0,0.0,0.090613976,0.026195299,0.040115625,0.02974875,0.03216851,0.030463357
JAXON PRIOR,ES,0.0,0.022617454,0.031562846,0.040298987,0.033487227,0.0792197,0.0,0.03077247,0.024887241,0.03094126,0.023909265,0.0640188,0.024569808,0.13807918,0.032475878,0.0,0.032386005,0.029967917,0.026924571,0.08934891,0.03081686,0.024575641,0.0337737,0.027865637,0.050445743
JACOB HOPPER,RI,0.0,0.0346136,0.04289648,0.032373782,0.06692177,0.24024016,0.0,0.044802774,0.15884072,0.042718697,0.030657314,0.10655905,0.0707652,0.0,0.047912795,0.0,0.0,0.0,0.0,0.0,0.0,0.0,0.0,0.0,0.0
OSCAR ALLEN,BL,0.026356753,0.022254003,0.0,0.093811154,0.10195894,0.050720066,0.02312535,0.024763312,0.0,0.0,0.0,0.0,0.0,0.0,0.0,0.0,0.0,0.0,0.0,0.0,0.0,0.022477427,0.024643403,0.024409592,0.5040008
LUKE MCDONALD,NM,0.0,0.07933975,0.027435068,0.06153426,0.058225878,0.030224405,0.23653434,0.029939309,0.029355073,0.043811332,0.027618488,0.022634204,0.0,0.03202862,0.04378255,0.06103762,0.0,0.022354705,0.042495605,0.022247411,0.0,0.0,0.0,0.0,0.047638968
MARK OCONNOR,GE,0.026021864,0.02527692,0.0,0.039424,0.0,0.12400563,0.0,0.028741559,0.043628953,0.076717995,0.024148485,0.083190344,0.029284837,0.022726815,0.035692014,0.02826951,0.0,0.030388212,0.0,0.11396396,0.02710545,0.06368224,0.040176474,0.024207085,0.029727466
BUKU KHAMIS,WB,0.024063522,0.051619615,0.047520984,0.0,0.048376173,0.027155874,0.02465732,0.024180574,0.038216263,0.028829256,0.04709776,0.029857805,0.035430368,0.027543623,0.027416028,0.052135848,0.0,0.025764024,0.029794976,0.07756595,0.0762261,0.03333199,0.026554715,0.04802236,0.06459228
MAX MICHALANNEY,AD,0.0,0.05342421,0.03986028,0.02825345,0.022805648,0.04367929,0.02757782,0.037922826,0.022836735,0.06479377,0.04684267,0.023025919,0.0,0.028819008,0.05118203,0.07893703,0.024944168,0.027571745,0.0656576,0.038715854,0.023373313,0.049853437,0.034158375,0.022416223,0.05354917
TOM BLAMIRES,NM,0.0,0.1303164,0.025146242,0.057328545,0.043442022,0.048195906,0.11851729,0.0,0.025865786,0.0284546,0.023838785,0.0,0.0,0.0,0.1420365,0.04786255,0.036344394,0.040315624,0.023239175,0.0,0.0,0.029780278,0.035813406,0.05004259,0.0
JOE BERRY,PA,0.0,0.025589801,0.09968466,0.022450354,0.02810376,0.025577024,0.058268815,0.03997483,0.027689463,0.026616279,0.08914723,0.023899695,0.0,0.024501761,0.04497629,0.022254003,0.054360427,0.026047902,0.023211684,0.024207037,0.022254003,0.10544035,0.029793564,0.024192655,0.036726393
BEN MILLER,RI,0.0,0.05038448,0.029598774,0.036336314,0.04766747,0.0548757,0.02578454,0.037709106,0.026512383,0.0467429,0.06549392,0.12115877,0.029985009,0.0,0.027853284,0.043494117,0.048896153,0.0267312,0.046927165,0.0,0.0,0.024240684,0.053071216,0.025772877,0.022254003
NED REEVES,HW,0.0,0.11457359,0.025959304,0.0,0.054688074,0.07137271,0.057741236,0.033582795,0.089570664,0.0236221,0.025397731,0.2144422,0.034036484,0.029705353,0.0,0.022957517,0.06732931,0.0,0.0,0.0,0.0,0.0,0.024726719,0.0,0.0
MICHAEL SELLWOOD,WB,0.02321728,0.02688736,0.044990815,0.0,0.024763312,0.031730715,0.025542328,0.028624043,0.02702631,0.0987933,0.0291936,0.02840363,0.039294574,0.028749462,0.022254003,0.02556837,0.0,0.023139065,0.04204282,0.05592566,0.13262805,0.027448725,0.02224511,0.050743673,0.025228765
XAVIER DUURSMA,ES,0.0,0.022659888,0.023860943,0.02481483,0.02460273,0.34947634,0.035299495,0.02580419,0.022403346,0.049754202,0.03439109,0.022639686,0.029594805,0.05991057,0.04444677,0.0,0.02434063,0.038292367,0.022665005,0.023511406,0.0,0.0,0.0,0.0,0.0
MILES BERGMAN,PA,0.0,0.027330093,0.03129612,0.0,0.03427206,0.026580539,0.055683807,0.05495986,0.12834093,0.023239175,0.0,0.0,0.0,0.0,0.0,0.0,0.0,0.034416292,0.055610098,0.040669356,0.033594955,0.11394244,0.031997096,0.066856846,0.11817852
JACK GRAHAM,WC,0.0,0.043649886,0.26894656,0.053528342,0.040502843,0.028170567,0.0,0.0,0.0,0.0,0.0,0.0,0.0,0.0,0.0,0.0,0.045860097,0.023823537,0.034730397,0.0294835,0.0,0.071399055,0.031397358,0.15766045,0.047523327
CHANGKUOTH JIATH,ME,0.0,0.07022098,0.026673252,0.036963183,0.0,0.0,0.0,0.028520387,0.024538344,0.09025674,0.035922408,0.026645081,0.0,0.0,0.0,0.0,0.0,0.30405164,0.03369007,0.02737159,0.0,0.031730898,0.04235743,0.057658494,0.036488194
LIAM BAKER,WC,0.0,0.0,0.046630904,0.06880181,0.024621498,0.029978823,0.031146038,0.029754022,0.06298617,0.025088832,0.094018996,0.024785802,0.11446748,0.052684303,0.035820354,0.0,0.04007173,0.035134662,0.045329,0.025855834,0.0,0.0,0.030257791,0.025941916,0.024928782
JOBE SHANAHAN,WC,0.0,0.022755742,0.054594465,0.045475908,0.024509296,0.070159964,0.02276483,0.022408517,0.022338122,0.022751834,0.028585538,0.02478648,0.02565807,0.025917705,0.17157649,0.0,0.02612125,0.06998522,0.025167046,0.03298619,0.0240987,0.031196887,0.026691884,0.023231605,0.024490604
COOPER HYNES,WB,0.023904512,0.03582902,0.02282688,0.0,0.0,0.022745144,0.027261203,0.022254003,0.0,0.022672452,0.022247411,0.022672452,0.024012562,0.10249398,0.028800096,0.085845,0.0,0.022560246,0.022628255,0.035636675,0.024045333,0.07771484,0.03123914,0.14182624,0.03535062
JHYE CLARK,GE,0.029614447,0.023791522,0.0,0.039654635,0.0,0.0,0.0,0.0,0.0,0.0,0.0,0.0,0.0,0.0,0.0,0.0,0.0,0.0,0.0,0.48061004,0.04190849,0.03414609,0.09917716,0.022857595,0.082044445
SULLIVAN ROBEY,ES,0.0,0.0,0.0,0.0,0.0,0.023506513,0.033146158,0.022501243,0.1089696,0.106079884,0.14630595,0.048694946,0.052618016,0.038928866,0.022519527,0.0,0.040979862,0.063077584,0.0472942,0.07451808,0.023321154,0.0,0.0,0.0,0.0
JACK LUKOSIUS,PA,0.0,0.0,0.60709953,0.03689534,0.054650888,0.026158892,0.0,0.0,0.0,0.0,0.0,0.0,0.0,0.0,0.0,0.027338259,0.037046283,0.030827073,0.02263567,0.0,0.0,0.0,0.0,0.0,0.0
TY GALLOP,BL,0.024584977,0.022217207,0.0,0.025636321,0.043953665,0.024553603,0.02658559,0.071784645,0.035285242,0.0,0.0,0.026438428,0.0240987,0.025754768,0.059705723,0.0,0.07378641,0.0728922,0.10424745,0.031086423,0.10375889,0.0,0.0,0.0,0.03297826
MITCH MCGOVERN,CA,0.028752044,0.13614377,0.0,0.043110937,0.027779121,0.025079941,0.040519554,0.027859317,0.023691982,0.038096424,0.022628255,0.055438306,0.026400946,0.02281025,0.0,0.035349198,0.031841483,0.029916676,0.029369969,0.023852065,0.030563952,0.026875459,0.03817523,0.027835185,0.03673175
BLAKE HOWES,ME,0.0,0.026006073,0.026520183,0.025409508,0.024520818,0.024860647,0.03483681,0.074846804,0.023942146,0.088550694,0.07571298,0.026588388,0.02403362,0.042619497,0.091322556,0.022247411,0.0,0.02684174,0.07743032,0.03826055,0.028134923,0.0224809,0.0,0.0,0.0
ETHAN READ,GC,0.043152057,0.028857619,0.38558945,0.0,0.041323096,0.022732101,0.052048,0.024080796,0.026131531,0.024284378,0.0,0.0,0.0,0.0,0.0,0.0,0.0,0.022210624,0.022217207,0.0,0.0,0.032120988,0.032085065,0.02514228,0.029078996
TOM LYNCH,RI,0.0,0.1178072,0.022217207,0.0,0.0,0.0,0.0,0.025509894,0.061571922,0.051489223,0.023060365,0.04558162,0.0,0.0,0.0,0.0,0.0,0.027742345,0.022254003,0.02591916,0.024080079,0.2854897,0.023113234,0.022461168,0.031610213
SAM CUMMING,RI,0.0,0.0,0.0,0.0,0.0,0.0,0.0,0.032873206,0.29006672,0.022254003,0.024793785,0.045484208,0.027371563,0.0,0.02330195,0.030187361,0.16162463,0.024314037,0.02417076,0.034047544,0.035502173,0.024010327,0.0,0.0,0.0
JAKE RICCARDI,GW,0.54373246,0.055271722,0.02251939,0.030201714,0.0,0.028818019,0.029354034,0.0,0.0,0.04236714,0.022210624,0.024653278,0.0,0.0,0.0,0.0,0.0,0.0,0.0,0.0,0.0,0.0,0.0,0.0,0.0
LUKE NANKERVIS,AD,0.0,0.0,0.0,0.023654096,0.0,0.038739856,0.022896683,0.0,0.0,0.0,0.030935206,0.024914946,0.0,0.025922798,0.0412122,0.16371234,0.02478196,0.064146794,0.07294634,0.12687519,0.029668394,0.042194474,0.0,0.023412403,0.03622433
LINCOLN MCCARTHY,BL,0.0,0.025463348,0.0,0.07985404,0.039473496,0.037691593,0.032253828,0.52023274,0.032519348,0.022627387,0.0,0.0,0.0,0.0,0.0,0.0,0.0,0.0,0.0,0.0,0.0,0.0,0.0,0.0,0.0
COOPER LORD,CA,0.062775545,0.081114024,0.0,0.0,0.0,0.0,0.0,0.04051452,0.0,0.0,0.0,0.0,0.0,0.0,0.0,0.0,0.0,0.0,0.0,0.028684217,0.104270965,0.23420091,0.060547616,0.051829915,0.121611476
TYLER SONSIE,RI,0.0,0.0,0.029188026,0.032834746,0.030610181,0.027711641,0.025215214,0.0,0.03941347,0.031623773,0.022793967,0.12222222,0.02559387,0.0,0.06953856,0.025090622,0.0,0.0,0.0,0.0,0.030195367,0.24527647,0.022247411,0.0,0.0
JACK HENRY,GE,0.023340538,0.06878901,0.0,0.0324144,0.024811292,0.0,0.0,0.027576631,0.0,0.0,0.024570532,0.025434287,0.03847107,0.023523627,0.024447966,0.02222206,0.0,0.022210624,0.022247411,0.1684454,0.06408093,0.037023846,0.07331545,0.025926981,0.024955792
JED WALTER,GC,0.0,0.0,0.0,0.0,0.043419965,0.024644652,0.029291492,0.022729976,0.0,0.0,0.107161485,0.033662442,0.0,0.024619391,0.022073897,0.049609005,0.024353413,0.022400819,0.025443042,0.022210624,0.024486773,0.22580901,0.02265054,0.022999132,0.023316555
SAM SWITKOWSKI,FR,0.0,0.022247411,0.023506513,0.025280554,0.025148995,0.036466178,0.02632642,0.026227288,0.08033018,0.022628255,0.02367651,0.02367651,0.035997782,0.08000091,0.0,0.04178882,0.068830825,0.025308872,0.027911892,0.025699472,0.025007894,0.045885645,0.022247411,0.03157168,0.0
OSCAR MCDONALD,FR,0.0,0.026106939,0.07058146,0.0,0.0,0.0,0.0,0.0,0.0,0.0,0.05419696,0.037874177,0.0,0.09072714,0.0,0.0,0.0,0.0,0.0,0.0,0.045613054,0.33776668,0.026392562,0.047433253,0.029030401
TOM BROWN,RI,0.0,0.0,0.022666486,0.022438813,0.023886496,0.026512174,0.0,0.060843408,0.1710036,0.024207138,0.0,0.0,0.0,0.0,0.02657736,0.061638057,0.024872964,0.035606254,0.027186945,0.028928893,0.049363103,0.058835424,0.038184166,0.028088592,0.02465732
BILLY DOWLING,AD,0.0,0.0,0.0,0.0,0.0,0.0,0.0,0.0,0.0,0.0,0.0,0.0,0.0,0.0,0.0,0.0,0.0,0.026772544,0.0,0.0,0.0,0.6961081,0.027345791,0.0,0.0
LACHIE WELLER,GC,0.09544417,0.033990677,0.024447741,0.0,0.032169625,0.023541894,0.18236415,0.03591517,0.2091705,0.059167385,0.02804363,0.0,0.0,0.022689164,0.0,0.0,0.0,0.0,0.0,0.0,0.0,0.0,0.0,0.0,0.0
LIAM STOCKER,SK,0.0,0.0,0.023995878,0.02349201,0.0,0.0,0.022632027,0.0,0.024078583,0.024190186,0.025032718,0.023978045,0.0,0.02486312,0.028037323,0.023927983,0.0,0.02903211,0.05361578,0.03410118,0.061775684,0.099727534,0.029824521,0.15091544,0.041809376
JACK WHITLOCK,PA,0.0,0.022894224,0.026605522,0.13487807,0.037052426,0.022210624,0.023479132,0.024632005,0.035366926,0.022723114,0.0240987,0.027500479,0.0,0.023188958,0.022210624,0.022312991,0.030344246,0.055002376,0.024016216,0.024797099,0.023362473,0.0222259,0.029892799,0.023269214,0.03286306
TOBY NANKERVIS,RI,0.0,0.07084645,0.029882463,0.0,0.0,0.0,0.0,0.0,0.0,0.0,0.0,0.0,0.0,0.0,0.0,0.02394441,0.029914722,0.12712555,0.053438716,0.032117393,0.035635963,0.15266307,0.059509,0.050718505,0.06853124
MAX GRUZEWSKI,GW,0.023169573,0.022275284,0.022247411,0.022254003,0.0,0.0,0.0,0.0,0.0,0.022687547,0.02254516,0.18436961,0.21513592,0.0,0.0,0.0,0.022718169,0.0,0.0,0.023977593,0.02224511,0.023435889,0.02794703,0.05236003,0.022728574
JACK MARTIN,GE,0.0226787,0.033131108,0.0,0.0837546,0.027160656,0.0,0.120202675,0.022254003,0.07688273,0.04506025,0.023506513,0.043058965,0.0,0.036861245,0.025904654,0.030471735,0.0,0.024311543,0.022605442,0.0,0.0,0.02443018,0.026091184,0.0,0.037212607
ALEX PEARCE,FR,0.0,0.023695715,0.024804093,0.036009945,0.024736064,0.06658781,0.026086628,0.023980651,0.024640238,0.023103341,0.0,0.0,0.0263794,0.026333375,0.0,0.1715442,0.025798354,0.023951855,0.031013174,0.03570082,0.036668614,0.025194196,0.0,0.023424257,0.022254003
BAILEY LAURIE,ME,0.0,0.0,0.0,0.0,0.030188235,0.0,0.022672452,0.057979625,0.025368888,0.031838287,0.052093424,0.022247411,0.02353068,0.0,0.054062326,0.0,0.0,0.02367651,0.023916204,0.0,0.026533743,0.025416521,0.09694972,0.17830856,0.022247411
JOSH LAI,PA,0.0,0.0,0.0,0.023089064,0.033166923,0.022247411,0.02293956,0.037455916,0.04119806,0.049560886,0.0,0.03371246,0.0,0.022465613,0.0,0.029528335,0.16078012,0.052460004,0.026075667,0.024401972,0.027591212,0.03254552,0.02312209,0.027427984,0.024811188
TOM BARRASS,HW,0.022666458,0.024958355,0.04534931,0.0,0.103799336,0.10782711,0.032530405,0.026133869,0.023736514,0.022247411,0.0,0.0,0.0,0.0,0.0,0.023136346,0.0239729,0.022899184,0.02661019,0.062317356,0.0346097,0.027056277,0.023028523,0.022926979,0.02690764
MATT CARROLL,CA,0.0,0.046674713,0.0,0.026657782,0.031091006,0.02450686,0.12044568,0.053188205,0.02458496,0.02720166,0.32128358,0.024078583,0.0,0.0,0.0,0.0,0.0,0.0,0.0,0.0,0.0,0.0,0.0,0.0,0.0
JACK BOWES,GE,0.0,0.0,0.0,0.0,0.04561338,0.10324434,0.17283446,0.0334745,0.026051657,0.11757671,0.0,0.0,0.0,0.14769827,0.0,0.02390721,0.0,0.0,0.027534809,0.0,0.0,0.0,0.0,0.0,0.0
WADE DERKSEN,CA,0.0,0.0,0.0,0.0,0.024563001,0.02683507,0.0,0.0,0.0,0.0,0.0,0.053607367,0.0,0.02582346,0.0,0.05735009,0.032410648,0.032018293,0.026001006,0.022254003,0.12524267,0.12815979,0.044827633,0.02247022,0.074707195
ZAC TAYLOR,AD,0.0,0.0,0.0,0.0383832,0.022342049,0.025518198,0.0308346,0.024073284,0.022896683,0.038991924,0.028936053,0.024944702,0.0,0.02422015,0.09268588,0.04500969,0.024737746,0.029358104,0.060182497,0.028385898,0.022436488,0.025596788,0.022628255,0.027139597,0.02475355
DEVEN ROBERTSON,WC,0.0,0.0862155,0.5261945,0.04052656,0.0,0.028662207,0.0,0.0,0.0,0.0,0.0,0.0,0.0,0.0,0.0,0.0,0.0,0.0,0.0,0.0,0.0,0.0,0.0,0.0,0.0
JOSAIA DELANA,GW,0.023757152,0.022254003,0.022247411,0.022254003,0.0,0.0,0.0,0.0,0.0,0.0,0.0,0.0,0.0,0.0,0.0,0.0,0.0,0.026556948,0.0,0.0,0.0,0.03215215,0.4800602,0.026624748,0.022983242
DARCY GARDINER,BL,0.0270689,0.0,0.0,0.050801955,0.0,0.0,0.0,0.0,0.0,0.0,0.02734037,0.030117214,0.02312167,0.025208909,0.3251804,0.0,0.061137944,0.022764703,0.0,0.0,0.0,0.0,0.028087087,0.02668844,0.025811935
ERIC HIPWOOD,BL,0.0,0.0,0.0,0.0,0.0,0.0,0.0,0.0,0.0,0.0,0.0,0.0,0.0,0.0,0.035891913,0.0,0.023955194,0.02302212,0.080334336,0.023526244,0.037124995,0.02756156,0.02690148,0.031591374,0.36247888
PETER LADHAMS,SY,0.0,0.0,0.0,0.0,0.0,0.0,0.0,0.0,0.0,0.0,0.0,0.0,0.64468944,0.0,0.0,0.0,0.023415772,0.0,0.0,0.0,0.0,0.0,0.0,0.0,0.0
BRADY HOUGH,WC,0.0,0.024025658,0.059584532,0.02293647,0.035833318,0.022254003,0.025458451,0.022254003,0.025310775,0.02290558,0.022628255,0.022718169,0.029313987,0.025836965,0.027314369,0.0,0.026561193,0.022254003,0.026704438,0.022668181,0.04359179,0.024599496,0.05041756,0.022254003,0.034899294
HARRY DEAN,CA,0.028714724,0.023076344,0.0,0.024857616,0.0,0.0,0.026153376,0.022247411,0.0270468,0.022247411,0.026886942,0.035485692,0.025413452,0.054796863,0.0,0.035266455,0.062371016,0.0,0.022904275,0.02687518,0.035196632,0.033875648,0.02419847,0.06681512,0.0322446
LACHIE JONES,PA,0.0,0.02430647,0.0,0.024483157,0.037663262,0.053380184,0.02873255,0.035968397,0.023021972,0.054461755,0.022672692,0.0,0.0,0.023404157,0.027212443,0.026698079,0.0331327,0.050154816,0.022247411,0.024921393,0.02499577,0.03714808,0.0,0.024519894,0.057539266
ARTHUR JONES,WB,0.0224986,0.0,0.0,0.0,0.07593825,0.0,0.0,0.0,0.02518469,0.026558284,0.025722083,0.038119353,0.024397483,0.046517298,0.023117999,0.025680678,0.0,0.024951424,0.027022205,0.024474809,0.028158715,0.024025092,0.022254003,0.036867037,0.13162008
RYAN BYRNES,SK,0.0,0.0,0.0,0.0,0.0,0.0,0.0,0.0,0.0,0.025317764,0.1227875,0.022399046,0.047747925,0.023605548,0.022821946,0.027279954,0.0,0.051581405,0.046298303,0.024893576,0.06712931,0.054768987,0.0271791,0.061060067,0.02778672
SAM LALOR,RI,0.0,0.14154063,0.029495258,0.039572403,0.024595711,0.046721794,0.053812727,0.057993792,0.0,0.0,0.0,0.0,0.0,0.0,0.0,0.0,0.0,0.0,0.0,0.026031105,0.028826112,0.15068899,0.022505252,0.022613717,0.0
COREY DURDIN,PA,0.0,0.02254293,0.025127962,0.024039598,0.023951715,0.024468595,0.02345381,0.069597796,0.025030361,0.027812708,0.025033124,0.022346277,0.0,0.032680232,0.022789018,0.025778485,0.02882153,0.024602422,0.03327855,0.027012585,0.023907963,0.03436705,0.029498106,0.025138529,0.023114732
JACOB WEITERING,CA,0.03386321,0.035454106,0.0,0.039455965,0.023709591,0.0,0.113399856,0.03131503,0.033947334,0.029885441,0.02854827,0.0,0.12866642,0.0,0.0,0.0,0.0,0.0,0.0,0.0,0.0,0.0,0.0,0.084497176,0.05530212
REUBEN GINBEY,WC,0.0,0.022899184,0.10327828,0.025678668,0.0266845,0.027945712,0.0315126,0.030081293,0.024085471,0.029523982,0.053458814,0.042957786,0.19071463,0.025118146,0.0,0.0,0.0,0.0,0.0,0.0,0.0,0.0,0.0,0.0,0.0
NOAH ANSWERTH,BL,0.0,0.024972945,0.0,0.024763312,0.0,0.0,0.036218256,0.0,0.0,0.0,0.0,0.0,0.022254003,0.024510982,0.03588387,0.0,0.043642435,0.10189757,0.039993342,0.09920245,0.030362971,0.02725738,0.042473268,0.02416864,0.056060385
JORDAN CROFT,WB,0.022476694,0.0,0.022431541,0.0,0.02517021,0.023646377,0.022837033,0.0,0.0,0.0,0.0,0.023657626,0.022523483,0.2548265,0.025165472,0.027403934,0.0,0.023108868,0.023155702,0.023188958,0.024488807,0.022399046,0.02301937,0.022632027,0.0
NATHAN BROAD,RI,0.0,0.027883869,0.022254003,0.0,0.022254003,0.035235513,0.034079164,0.024213187,0.037937887,0.028236728,0.025164723,0.06227185,0.025659485,0.0,0.024864923,0.028171618,0.028154496,0.024174342,0.022965377,0.026516631,0.046043158,0.022699581,0.02910063,0.026446708,0.0
NICK MURRAY,AD,0.0,0.038771138,0.12702811,0.03197753,0.024375327,0.04229029,0.047278088,0.027987042,0.0,0.029818354,0.0,0.0,0.0,0.0,0.12668656,0.10270944,0.0,0.0,0.0,0.0,0.024195764,0.0,0.0,0.0,0.0
JORDAN RIDLEY,ES,0.0,0.0,0.0,0.0,0.0,0.4136388,0.029844955,0.0,0.0,0.0,0.0,0.0,0.0,0.0,0.024127398,0.0,0.07127136,0.023622176,0.0,0.030563315,0.022254003,0.0,0.0,0.0,0.0
HAMISH DAVIS,WC,0.0,0.026711762,0.05173495,0.028680053,0.024233963,0.025913887,0.022418784,0.022477427,0.030961359,0.024147457,0.042066954,0.061595764,0.03325213,0.031029755,0.019857286,0.0,0.022781936,0.022435592,0.026666995,0.02666206,0.022254003,0.0,0.0,0.022254003,0.0263149
BEN MCKAY,ES,0.0,0.02674482,0.0240987,0.024016216,0.024942376,0.22210386,0.022857228,0.03846747,0.022254003,0.0,0.0,0.035728697,0.04183634,0.033987634,0.023030827,0.0,0.02331093,0.023279663,0.0,0.0,0.022714233,0.0,0.0,0.0,0.0
HUGH BOXSHALL,SK,0.02293956,0.028524214,0.03363279,0.0,0.0,0.03554854,0.025298022,0.0,0.0,0.0,0.0,0.0,0.0,0.0,0.0,0.0,0.0,0.0,0.0,0.0,0.109419815,0.026238697,0.039509147,0.13753654,0.15072268
JACK WATKINS,PA,0.0,0.023092309,0.30600893,0.06856983,0.024908038,0.026815701,0.0,0.02550706,0.0,0.022718169,0.023861988,0.025487648,0.0,0.0,0.0,0.0,0.0,0.0,0.0,0.0,0.0346483,0.025506591,0.0,0.0,0.0
CHRISTIAN SALEM,ME,0.0,0.12295287,0.09171806,0.09689811,0.13362002,0.02633192,0.0,0.0,0.0,0.0,0.0,0.0,0.0,0.0,0.0,0.0,0.0,0.0,0.0,0.0,0.0,0.02315174,0.022672452,0.060449667,0.0270675
XAVIER OHALLORAN,GW,0.024108121,0.024503436,0.038147625,0.025154235,0.0,0.05723115,0.022346277,0.07141058,0.032888155,0.0,0.0,0.0,0.0,0.0,0.0,0.0,0.0,0.0,0.04280869,0.025763726,0.070568636,0.07414712,0.07221566,0.0,0.022254003
BRODY MIHOCEK,ME,0.0,0.32979086,0.024489693,0.03470526,0.024449594,0.022329386,0.027783215,0.07132039,0.022134896,0.0,0.0,0.0,0.022368154,0.0224809,0.0,0.0,0.0,0.0,0.0,0.0,0.0,0.0,0.0,0.0,0.0
JACOB WEHR,PA,0.0,0.026369777,0.06898359,0.028560108,0.03946285,0.022302613,0.024932787,0.04891621,0.049560174,0.038312513,0.0,0.022510232,0.0,0.031923212,0.0,0.0,0.028366314,0.0,0.022247411,0.023792125,0.0,0.0,0.027580429,0.027431928,0.06433712
SAM GRLJ,RI,0.0,0.05735342,0.023784757,0.027058236,0.03230294,0.022427747,0.02610088,0.030033013,0.022628255,0.0,0.025220009,0.05641959,0.024977032,0.0,0.025732426,0.022254003,0.024364699,0.0,0.02390056,0.022402862,0.023995532,0.023702804,0.024837488,0.022337351,0.025156364
JOSH LINDSAY,WC,0.0,0.027208159,0.0,0.051926218,0.027262658,0.027116016,0.02810135,0.050848983,0.034667347,0.041662678,0.061228756,0.05459988,0.060066592,0.0,0.040111337,0.0,0.0,0.0,0.0,0.0,0.0,0.0,0.03129399,0.02497716,0.024020704
HARRY ROWSTON,GW,0.08444327,0.026235795,0.025541183,0.0,0.0,0.0,0.03090092,0.0,0.0,0.0,0.0,0.0,0.0,0.0,0.0,0.0,0.0,0.024866056,0.0360297,0.027611867,0.023710605,0.09833773,0.11550313,0.045044158,0.036190785
SAM BANKS,RI,0.0,0.06226049,0.027199956,0.027450094,0.03757003,0.025163198,0.022254003,0.0,0.0,0.0,0.0,0.0,0.02294757,0.0,0.0413128,0.04152519,0.028137563,0.032519348,0.02760214,0.023361512,0.031902786,0.049882635,0.024385495,0.025705962,0.022427747
NICK COFFIELD,WB,0.0,0.0,0.0,0.0,0.0,0.0,0.0,0.0,0.03935613,0.03921314,0.027760044,0.07051295,0.059707604,0.043623917,0.035765696,0.061569087,0.0,0.022617454,0.0,0.022465613,0.07935561,0.038256146,0.031831812,0.0,0.0
OLIVER WILTSHIRE,GE,0.0,0.0,0.0,0.0320014,0.029344384,0.02367651,0.025221888,0.0,0.0,0.0,0.0,0.0,0.0,0.027065838,0.08475536,0.026080215,0.0,0.035133604,0.0222259,0.02419182,0.1585521,0.030195788,0.026441416,0.0224809,0.0
MYKELTI LEFAU,RI,0.0,0.0,0.028926052,0.02350287,0.022217207,0.053626813,0.023232367,0.023244198,0.025691241,0.022532009,0.0,0.032060996,0.022705348,0.0,0.022714233,0.0240987,0.022609672,0.03367004,0.022254003,0.029861873,0.024434322,0.026608614,0.024555497,0.026022172,0.027690735
CHARLIE SPARGO,NM,0.0,0.0,0.0,0.0,0.0,0.023212098,0.024718901,0.02515903,0.022254003,0.024609087,0.02372303,0.024454808,0.0,0.023940131,0.022896683,0.09714266,0.040358838,0.022485401,0.022718169,0.02802225,0.027534466,0.023773715,0.034603726,0.0229876,0.025704265
TOM POWELL,NM,0.0,0.09351441,0.08580035,0.20140356,0.060926724,0.022254003,0.04719908,0.025425613,0.022254003,0.0,0.0,0.0,0.0,0.0,0.0,0.0,0.0,0.0,0.0,0.0,0.0,0.0,0.0,0.0,0.0
WILL EDWARDS,SY,0.0,0.0,0.0,0.0,0.0,0.0,0.0,0.039126176,0.028027643,0.02691138,0.0310873,0.02655225,0.025887901,0.0355134,0.023495648,0.0,0.024682298,0.1878201,0.026449919,0.025369002,0.027887754,0.0224809,0.0,0.0,0.0
DANE RAMPE,SY,0.037008777,0.037015077,0.022990825,0.0,0.046196084,0.046996623,0.0,0.029641325,0.10056709,0.03601204,0.0,0.0,0.0,0.0,0.0,0.0,0.0,0.032964684,0.022747334,0.022247411,0.023997642,0.03655869,0.0,0.031356104,0.024492187
BO ALLAN,WC,0.0,0.028303003,0.04253391,0.024044247,0.022864252,0.02291901,0.026434954,0.022249611,0.0,0.0,0.0,0.024194278,0.07773266,0.030574715,0.023454836,0.0,0.024676966,0.022639075,0.0251551,0.02290478,0.026694864,0.025642367,0.026867522,0.0,0.029034236
HARRY CUNNINGHAM,SY,0.0,0.0,0.0,0.0,0.04460303,0.028569339,0.031180058,0.027246248,0.0,0.036080882,0.024664454,0.0,0.16012578,0.0,0.024157306,0.0,0.022254003,0.056725647,0.022254003,0.022437915,0.0,0.0,0.0,0.0,0.04583055
STEELY GREEN,RI,0.0,0.03177017,0.022254003,0.02927339,0.029537711,0.023607653,0.02276483,0.027618168,0.04199484,0.022345,0.022254003,0.05343587,0.025289727,0.0,0.021718219,0.022254003,0.030280747,0.027313178,0.0,0.022254003,0.0,0.0,0.023167225,0.022231242,0.02320278
ZAC WILLIAMS,CA,0.03325902,0.06154346,0.0,0.0516574,0.0,0.030588446,0.22302502,0.033233404,0.028402027,0.026207702,0.05269725,0.0,0.0,0.0,0.0,0.0,0.0,0.0,0.0,0.0,0.0,0.0,0.0,0.0,0.0
ANGUS ANDERSON,CW,0.0,0.0,0.0,0.0,0.0,0.050614,0.065382116,0.03664893,0.024614777,0.026466805,0.04056817,0.0,0.02426707,0.022903305,0.0,0.0,0.0,0.025957737,0.023837602,0.035297927,0.028814998,0.023218554,0.02799421,0.024296848,0.05717987
JAKE MELKSHAM,ME,0.0,0.0,0.0,0.0,0.3787415,0.022254003,0.0,0.0,0.0,0.0,0.0,0.0,0.0,0.0,0.024627058,0.022505252,0.0,0.0,0.06123379,0.022457913,0.0,0.0,0.0,0.0,0.0
SAM CLOHESY,GC,0.055692747,0.09989295,0.12543717,0.0,0.032651424,0.022363644,0.0,0.0,0.024039866,0.0,0.0,0.022718169,0.0,0.0,0.02805347,0.030557355,0.0,0.0,0.0,0.0,0.0,0.0,0.029859427,0.030735258,0.029145515
BRAEDEN CAMPBELL,SY,0.0,0.0,0.0,0.0,0.0,0.0,0.0,0.0,0.0,0.0,0.0,0.0,0.0,0.0,0.0,0.0,0.0,0.0,0.0,0.041900974,0.025436155,0.04931896,0.17798963,0.044255722,0.18929714
JORDON BUTTS,AD,0.0,0.025565697,0.2998627,0.023137828,0.0,0.0,0.04543788,0.0240987,0.024959343,0.0,0.028034367,0.025276273,0.0,0.023779435,0.0,0.0,0.0,0.0,0.0,0.0,0.0,0.0,0.0,0.0,0.0
SAM DAVIDSON,WB,0.023438493,0.036633436,0.026782863,0.0,0.028488262,0.025504962,0.03345645,0.025063023,0.022247411,0.0,0.028260762,0.0,0.0,0.0,0.0,0.0,0.0,0.0,0.0224809,0.022628255,0.053328305,0.024453342,0.039557952,0.037465505,0.06826156
PADDY CROSS,ME,0.0,0.0,0.0,0.022962073,0.0,0.0,0.0,0.0,0.02404645,0.27887577,0.02419182,0.023350155,0.022511916,0.022465613,0.029019289,0.023480428,0.0,0.0,0.0,0.0,0.022247411,0.022465613,0.0,0.0,0.0
HUGO RALPHSMITH,RI,0.0,0.025121294,0.027958276,0.023897437,0.0,0.0,0.02930346,0.027856896,0.0,0.0,0.0,0.0,0.0,0.0,0.0,0.0,0.0,0.03678401,0.02567846,0.02514844,0.022254003,0.18335494,0.026745452,0.02882875,0.029573107
ARCHER DAY-WICKS,ES,0.0,0.0,0.0,0.029063134,0.02249062,0.036891136,0.022247411,0.0228142,0.02391942,0.022709612,0.023527138,0.022510232,0.025655786,0.022217015,0.022254003,0.0,0.025527453,0.02276973,0.022254003,0.029351411,0.022254003,0.022254003,0.023141405,0.022254003,0.026052892
CHRISTIAN MORAES,PA,0.0,0.0,0.0,0.0,0.0,0.0,0.026143227,0.18975584,0.03247312,0.050081886,0.024970353,0.022363644,0.0,0.022465613,0.0,0.0,0.0,0.0,0.0,0.024897119,0.022977285,0.023167225,0.022812488,0.0,0.04991742
ANTHONY CAMINITI,SK,0.024891164,0.024013747,0.022513913,0.0,0.0,0.0,0.0,0.024204744,0.023928896,0.022254003,0.042327482,0.026145559,0.023122177,0.02376259,0.02744566,0.02315118,0.0,0.07239276,0.02295096,0.022511916,0.027827345,0.022736095,0.02465732,0.0,0.0
GRIFFIN LOGUE,NM,0.0,0.08153697,0.022134896,0.0,0.0,0.04281077,0.025744582,0.023805374,0.02450828,0.0259579,0.022254003,0.027820967,0.0,0.023028523,0.025528373,0.0,0.0,0.0,0.0,0.0,0.028794019,0.0277714,0.04586596,0.024227576,0.025613954
COOPER HARVEY,NM,0.0,0.0,0.0,0.0,0.0,0.0,0.0,0.0,0.0,0.0,0.0,0.0,0.0,0.0,0.03700907,0.04300406,0.14153175,0.065193586,0.02434508,0.15779728,0.026031643,0.0,0.0,0.0,0.0
SAM TAYLOR,GW,0.0,0.0,0.0,0.0,0.0,0.0,0.0,0.0,0.0,0.0,0.0,0.0,0.040532578,0.0,0.023727024,0.023998816,0.053361196,0.029845564,0.15201579,0.04250683,0.022577072,0.028191976,0.026371736,0.027294315,0.022254003
OLIVER HOLLANDS,CA,0.027653236,0.031257134,0.0,0.045248162,0.061621033,0.046909586,0.038329013,0.0,0.024831895,0.06481231,0.049624093,0.0,0.0,0.0,0.0,0.0,0.0,0.03256065,0.022408517,0.0,0.0,0.0,0.0,0.0,0.044241544
MASON COX,FR,0.0,0.0,0.0,0.0,0.0,0.0,0.03347641,0.025087805,0.042827543,0.025339676,0.029649526,0.030334508,0.027119901,0.02570623,0.0,0.022784224,0.0,0.0,0.029278468,0.028628355,0.06303369,0.02514219,0.023467487,0.029003745,0.024906093
AIDAN CORR,NM,0.0,0.0,0.0,0.022465613,0.022465613,0.02372303,0.026864514,0.0486844,0.022678567,0.0,0.0,0.0,0.0,0.0,0.0,0.031250842,0.037656426,0.025620444,0.06314662,0.02469066,0.02924166,0.028249444,0.023872107,0.0264576,0.028012933
EWAN MACKINLAY,PA,0.0,0.027909221,0.09871923,0.024343789,0.025069939,0.02740418,0.038165092,0.04714812,0.022473335,0.027925162,0.03618525,0.02747241,0.0,0.029652977,0.025113365,0.024297534,0.0,0.0,0.0,0.0,0.0,0.0,0.0,0.0,0.0
DAN BUTLER,SK,0.0,0.0,0.0,0.022346277,0.0,0.02468201,0.025247646,0.04220127,0.023506513,0.0,0.0,0.0,0.0,0.0,0.023491677,0.022825794,0.0,0.0,0.0,0.0,0.024509564,0.0,0.0,0.24799232,0.02403853
BRAD CLOSE,GE,0.022254003,0.024253447,0.0,0.0,0.02247022,0.040287167,0.0,0.022603944,0.027253162,0.02474814,0.02367651,0.038392022,0.022203164,0.0,0.0,0.0,0.0,0.0,0.0,0.033692498,0.051584918,0.023506513,0.047231995,0.024517389,0.03149373
TOBY MURRAY,AD,0.0,0.022428477,0.0,0.0,0.0,0.0,0.0,0.024822729,0.04230685,0.04585907,0.1479055,0.022210624,0.0,0.023874601,0.024881264,0.0,0.0,0.02602732,0.025329622,0.023640132,0.0232879,0.0,0.0,0.022901654,0.0
BILLY COOTEE,SY,0.0,0.0,0.0,0.0,0.0,0.0,0.0,0.026858175,0.037014443,0.022626705,0.022709427,0.0,0.0,0.0,0.0,0.0,0.0,0.0,0.0,0.0,0.029601177,0.03776572,0.033831276,0.024942163,0.23965976
LACHLAN BLAKISTON,ES,0.0,0.027349072,0.023009056,0.034051113,0.022217207,0.025329469,0.022333775,0.023525447,0.022217207,0.040471215,0.024171041,0.026282806,0.027439076,0.025808092,0.023144817,0.0,0.022901654,0.0,0.024975965,0.0,0.058834895,0.0,0.0,0.0,0.0
LATRELLE PICKETT,ME,0.0,0.045166533,0.022157734,0.023112502,0.04346338,0.022156075,0.03193621,0.0332835,0.02777683,0.02557842,0.027102854,0.0,0.023299675,0.024066424,0.0,0.0,0.0,0.04269623,0.028678998,0.02630255,0.025296858,0.0,0.0,0.0,0.0
MATTHEW COTTRELL,CA,0.0,0.0,0.0,0.0,0.0,0.0,0.0,0.022247411,0.024025658,0.0,0.0,0.0,0.0,0.0,0.0,0.08433355,0.037388716,0.026978316,0.05437196,0.02859156,0.05178467,0.03645957,0.028564185,0.034920614,0.040719114
JEDD BUSSLINGER,WB,0.0,0.0,0.0,0.0,0.0,0.0,0.0,0.04257586,0.085122846,0.043211497,0.032265402,0.0,0.0,0.0,0.0,0.0,0.0,0.0,0.048951466,0.08898135,0.103044346,0.026223678,0.0,0.0,0.0
CAIDEN CLEARY,SY,0.0,0.0,0.022505252,0.0,0.0,0.0,0.0,0.0,0.0,0.0,0.0,0.022318197,0.037488975,0.02996256,0.04324966,0.0,0.022747334,0.079717554,0.022254003,0.0,0.0,0.0,0.0,0.0,0.18685159
TOM COLE,WC,0.0,0.026707157,0.0,0.0,0.0,0.0,0.0,0.0,0.022247411,0.027273796,0.023637775,0.02786458,0.024398554,0.042721406,0.035914987,0.0,0.023150673,0.027108071,0.023246791,0.024001127,0.031721964,0.027103262,0.02534589,0.026896525,0.024936127
JAMES TREZISE,RI,0.0,0.02263567,0.022751834,0.0,0.0,0.0,0.0,0.02254658,0.04749964,0.027381103,0.067949,0.04533294,0.026855115,0.0,0.026442787,0.039693993,0.029901981,0.02309929,0.03475029,0.022511916,0.0,0.0,0.0,0.0,0.0
LEWIS YOUNG,CA,0.025796857,0.02796916,0.0,0.03827446,0.022210624,0.05964288,0.02298276,0.02498988,0.0,0.0,0.0,0.0,0.0,0.0,0.0,0.0,0.0,0.02250951,0.0,0.0,0.08958546,0.040904716,0.024342537,0.0,0.05282621
TODD MARSHALL,PA,0.0,0.025508804,0.07977715,0.0,0.0,0.031036876,0.046515044,0.0,0.02390506,0.0,0.0,0.022049028,0.0,0.023562849,0.02222235,0.024751157,0.0,0.0,0.0,0.022228936,0.022735767,0.022877099,0.03311984,0.027842792,0.023500249
WILL LEWIS,WB,0.0,0.025436597,0.0,0.0,0.0,0.0,0.022924874,0.022862788,0.028244102,0.028380426,0.022609482,0.045348905,0.14209704,0.023756828,0.022942018,0.043959215,0.0,0.02224511,0.0,0.0,0.0,0.0,0.0,0.0,0.0
ARCHIE PERKINS,ES,0.0,0.02853078,0.022157734,0.02615727,0.022254003,0.0,0.0,0.0,0.0,0.037510227,0.02607531,0.03832128,0.028791318,0.026667375,0.02611536,0.0,0.031513546,0.024188064,0.024805991,0.0,0.0,0.0,0.028764404,0.024654917,0.03287785
NICK MADDEN,GW,0.0,0.0,0.0,0.0,0.0,0.15868968,0.025059074,0.030968111,0.0,0.0,0.0,0.0,0.0,0.0,0.0,0.0,0.0,0.0,0.0,0.033703234,0.026229976,0.041168444,0.022362415,0.07152282,0.034760438
OSKAR BAKER,WB,0.024473205,0.044688586,0.035950817,0.0,0.20540561,0.022254003,0.029530132,0.02797006,0.0,0.02319694,0.029239615,0.0,0.0,0.0,0.0,0.0,0.0,0.0,0.0,0.0,0.0,0.0,0.0,0.0,0.0
TOM MCDONALD,ME,0.0,0.0,0.0,0.1146124,0.030786725,0.04165831,0.0,0.0,0.0,0.0,0.0,0.0,0.0,0.036073122,0.0,0.041430995,0.0,0.0,0.0,0.0,0.036955263,0.05402887,0.025467036,0.029802827,0.023728952
NOAH MRAZ,HW,0.0,0.0,0.0,0.0,0.0,0.0,0.0,0.0,0.0,0.0,0.0,0.0,0.0,0.0,0.0,0.0,0.0,0.13166563,0.025714794,0.15227833,0.1159784,0.0,0.0,0.0,0.0
ZANE DUURSMA,NM,0.0,0.02367651,0.022718169,0.031656854,0.048295356,0.022254003,0.030873101,0.022259785,0.04885009,0.026162233,0.022254003,0.022647087,0.0,0.022425592,0.023463275,0.031380843,0.022465613,0.0,0.0,0.0,0.0,0.0,0.0,0.0,0.0
CONOR STONE,GW,0.0,0.0,0.0,0.0,0.0,0.0,0.0,0.0,0.0,0.0,0.0,0.12835875,0.052245602,0.0,0.022247411,0.041519087,0.0222259,0.022613265,0.0,0.027887825,0.022510232,0.0,0.0,0.053113323,0.022254003
ALEX DAVIES,GC,0.094494835,0.13672216,0.063675895,0.0,0.0,0.023557315,0.0,0.0,0.06357612,0.024757482,0.0,0.0,0.0,0.0,0.0,0.0,0.0,0.0,0.0,0.0,0.0,0.0,0.0,0.0,0.0
RYAN MARIC,WC,0.0,0.02494861,0.0,0.0,0.0,0.0,0.0,0.035233565,0.037585173,0.03912074,0.029512461,0.050816946,0.035853703,0.033900592,0.025355475,0.0,0.026083661,0.0,0.0,0.0,0.032462314,0.030466039,0.0,0.0,0.0
BEAU ADDINSALL,GC,0.0,0.0,0.0,0.0,0.0,0.0,0.0,0.0,0.0,0.0,0.0,0.0,0.0,0.0,0.0,0.037206765,0.02381892,0.12241866,0.025146682,0.030855129,0.02865498,0.055895153,0.0,0.022254003,0.052451186
ISAAC KAKO,ES,0.0,0.0,0.0257762,0.02460075,0.022556257,0.059840925,0.02896055,0.022704607,0.0,0.0,0.0,0.0,0.0,0.0,0.0,0.0,0.022903305,0.022254003,0.022254003,0.025976466,0.022617454,0.022517275,0.022254003,0.024788937,0.02533877
JACK SCRIMSHAW,HW,0.034604307,0.06976792,0.07737412,0.0,0.023459578,0.0,0.0,0.1630587,0.022828443,0.0,0.0,0.0,0.0,0.0,0.0,0.0,0.0,0.0,0.0,0.0,0.0,0.0,0.0,0.0,0.0
RHETT BAZZO,WC,0.0,0.0,0.0,0.0,0.0,0.0,0.0,0.0,0.0,0.0,0.026806246,0.022718169,0.028854784,0.024923053,0.02510551,0.0,0.022886114,0.029838026,0.02321728,0.025858756,0.053357672,0.023145145,0.033835024,0.023125323,0.024465118
COOPER DUFF-TYTLER,WC,0.0,0.022913717,0.039274447,0.02693964,0.022217207,0.022217207,0.02283023,0.022921702,0.023679918,0.024727112,0.0,0.0,0.0,0.023296779,0.024499726,0.0,0.022407457,0.0,0.0,0.0,0.0,0.0226418,0.022773106,0.022217207,0.022217207
DANTE VISENTINI,PA,0.0,0.024778891,0.0,0.0,0.0,0.0,0.022210624,0.030174408,0.023419945,0.023333192,0.022474704,0.0,0.0,0.0,0.0,0.0,0.02625309,0.02423304,0.03160647,0.028313674,0.02355608,0.022680623,0.022385413,0.025352813,0.031023994
JAMES TUNSTILL,BL,0.0,0.025476439,0.0,0.0,0.024908038,0.0,0.0,0.047488414,0.0,0.0,0.022254003,0.02810492,0.0,0.024247652,0.043728273,0.0,0.030522993,0.026013797,0.0,0.053057898,0.034287795,0.0,0.0,0.0,0.0
LUKE TRAINOR,RI,0.0,0.0,0.0,0.05364408,0.026284972,0.022766853,0.0,0.0,0.0,0.041466065,0.025512299,0.06033474,0.028423928,0.0,0.0,0.0,0.0,0.0,0.0,0.0,0.027613316,0.023802057,0.0,0.027603459,0.022345
JACK WILLIAMS,WC,0.0,0.0,0.0,0.0,0.0,0.0,0.0,0.022714233,0.0,0.0,0.0258722,0.08666783,0.026389353,0.0,0.0,0.0,0.0,0.028813895,0.023844933,0.024671424,0.023201134,0.022729034,0.02327342,0.024324961,0.02503167
WILL GRAHAM,GC,0.025918892,0.024829516,0.037169486,0.0,0.046215817,0.042969953,0.022608206,0.03410556,0.024723541,0.027206795,0.026878765,0.0,0.0,0.022254003,0.0,0.0,0.0,0.0,0.022254003,0.0,0.0,0.0,0.0,0.0,0.0
JACKSON MEAD,PA,0.0,0.0,0.060305666,0.027600154,0.0,0.0,0.0,0.0,0.0,0.0,0.0,0.0,0.0,0.04517654,0.034933344,0.025183793,0.036185198,0.054608732,0.024136178,0.022330813,0.0,0.0,0.025797714,0.0,0.0
ANGUS CLARKE,ES,0.0,0.0,0.0,0.0,0.0,0.0,0.0,0.0,0.0,0.0,0.0,0.0,0.0,0.0,0.0,0.0,0.0,0.0,0.022254003,0.03003172,0.030227799,0.022254003,0.0,0.022750132,0.22833085
BAILEY MACDONALD,HW,0.0,0.0,0.0,0.0,0.0,0.0,0.0,0.0,0.0,0.0,0.0,0.024658192,0.025915025,0.022966977,0.0,0.0224809,0.029674279,0.02822053,0.040558968,0.03405494,0.029894346,0.025131512,0.0,0.030160282,0.03577168
ESAVA RATUGOLEA,PA,0.0,0.022427777,0.050703183,0.025357716,0.0,0.0,0.0,0.0,0.0,0.0,0.024251487,0.030620286,0.0,0.1447852,0.022576313,0.02524774,0.0,0.0,0.0,0.0,0.0,0.0,0.0,0.0,0.0
LEWIS MELICAN,SY,0.024666987,0.03707992,0.0222259,0.0,0.028531944,0.0,0.0,0.0,0.027800823,0.02303125,0.043684397,0.04387291,0.0657022,0.0,0.0,0.0,0.0,0.0,0.0,0.0,0.0,0.0,0.026840894,0.0,0.0
OSCAR ADAMS,GC,0.030556578,0.024981638,0.0,0.0,0.0,0.0,0.023558237,0.022345,0.03562355,0.02489651,0.041909833,0.022505252,0.0,0.024993367,0.023578893,0.022247411,0.0,0.0,0.022747334,0.022247411,0.0,0.0,0.0,0.0,0.0
LIAM OCONNELL,SK,0.0,0.0,0.0,0.0,0.0,0.0,0.0,0.0,0.025081545,0.02612279,0.030660924,0.023861988,0.022519438,0.0,0.0,0.0,0.0,0.027638586,0.031241363,0.022354705,0.024142817,0.023274245,0.022254003,0.038192153,0.022617454
CODY WEIGHTMAN,WB,0.0,0.0,0.0,0.0,0.0,0.0,0.0,0.0,0.0,0.0,0.0,0.0,0.0,0.02803582,0.02341303,0.0,0.0,0.031075854,0.054645017,0.050864212,0.038363088,0.0,0.023018982,0.028068108,0.061799612
JAEGER OMEARA,FR,0.0,0.0,0.0,0.1223018,0.022672452,0.08468028,0.0,0.0,0.0,0.0,0.0,0.0,0.0,0.040851254,0.0,0.0,0.0,0.0,0.025541723,0.039842762,0.0,0.0,0.0,0.0,0.0
JAKE KOLODJASHNIJ,GE,0.0,0.0,0.0,0.0,0.0,0.032167118,0.052423347,0.0,0.033067588,0.024927977,0.0,0.032177005,0.026853908,0.02849059,0.024524694,0.025410837,0.0,0.02517457,0.0222259,0.0,0.0,0.0,0.0,0.0,0.0
DOUGAL HOWARD,SK,0.0,0.0,0.0,0.0256482,0.0,0.0,0.0,0.10186663,0.0865346,0.025422033,0.039479077,0.022427747,0.0,0.0,0.0,0.0,0.0,0.0,0.0,0.0,0.0,0.0,0.0,0.0,0.022510232
FINN MAGINNESS,HW,0.022254003,0.0,0.0,0.0,0.0,0.0,0.0,0.1874684,0.029955296,0.0,0.02382442,0.02893101,0.0,0.0,0.0,0.0,0.0,0.0,0.0,0.0,0.0,0.0224809,0.0,0.0,0.0
LACHLAN GULBIN,GC,0.0,0.0,0.0,0.0,0.07353235,0.022534335,0.0,0.0,0.026102327,0.02367651,0.025052799,0.022247411,0.0,0.022345,0.022687627,0.0,0.0,0.0,0.0,0.0,0.0,0.0,0.028378705,0.023693673,0.023363806
HUNTER CLARK,SK,0.0,0.0,0.0,0.0,0.0,0.10457008,0.04955809,0.036731217,0.0,0.0,0.0,0.0,0.0,0.0,0.0,0.0,0.0,0.0,0.0,0.028440103,0.03807758,0.033315133,0.022418784,0.0,0.0
JACK BUCKLEY,GW,0.034990005,0.050862934,0.025981445,0.0,0.0,0.060958747,0.025906343,0.025508134,0.024171041,0.038714867,0.0,0.024908038,0.0,0.0,0.0,0.0,0.0,0.0,0.0,0.0,0.0,0.0,0.0,0.0,0.0
CALLUM AH CHEE,AD,0.0,0.023372328,0.022901995,0.0,0.0,0.0,0.0,0.0,0.0,0.0,0.0,0.023896769,0.0,0.02358014,0.0,0.0,0.0,0.0,0.0,0.0,0.0,0.14476381,0.04620288,0.0222259,0.0
HARVEY HARRISON,CW,0.0,0.0,0.0,0.0,0.0,0.0,0.0,0.0,0.0,0.0,0.0,0.0,0.02293956,0.022247411,0.0,0.02367651,0.024602422,0.032693077,0.0,0.035336282,0.02367651,0.025113102,0.026849551,0.042033732,0.024377069
JACOB KONSTANTY,NM,0.0,0.024619756,0.022903305,0.0,0.0,0.0,0.0,0.0,0.0,0.022944903,0.022254003,0.04750971,0.0,0.022254003,0.02255275,0.060603414,0.026942044,0.022603944,0.0,0.0,0.0,0.0,0.0,0.0,0.0
KYE ANNAND,RI,0.0,0.0,0.0,0.0,0.0,0.0,0.0,0.0,0.0,0.0,0.0,0.0,0.0,0.0,0.027092973,0.026342869,0.024952566,0.024814337,0.027249116,0.024718631,0.024445755,0.029177792,0.035354942,0.022385413,0.027922712
CHARLIE BALLARD,GC,0.0,0.0,0.052026816,0.0,0.022247152,0.022254003,0.022493532,0.0,0.0,0.0,0.0,0.0,0.0,0.0,0.022427747,0.0,0.022511916,0.0,0.0,0.0,0.022505252,0.022238519,0.028010534,0.022254003,0.03305661
JOSH DOLAN,WB,0.0,0.0,0.0,0.0,0.030217778,0.022254003,0.0,0.022363644,0.022247411,0.0,0.0,0.0,0.0,0.0,0.0,0.0,0.0,0.0,0.023597954,0.022657942,0.04927418,0.027064776,0.025240699,0.024197908,0.022857595
ARCHIE MAY,ES,0.0,0.022254003,0.0,0.022247411,0.023576438,0.024044696,0.032568447,0.022254003,0.0,0.03669319,0.024311742,0.06148702,0.022254003,0.0,0.0,0.0,0.0,0.0,0.0,0.0,0.0,0.0,0.0,0.0,0.0
BRANDON STARCEVICH,WC,0.0,0.0,0.0,0.0,0.0,0.0,0.0,0.0,0.0,0.0,0.0,0.0,0.0,0.03162758,0.026953725,0.0,0.024599023,0.02814194,0.029166866,0.024537807,0.024261842,0.026722884,0.027078088,0.023658348,0.022254003
JACK ISON,CA,0.0,0.0,0.0,0.0,0.0,0.0,0.0,0.0,0.0,0.0,0.052286297,0.06118674,0.025140831,0.022483971,0.0,0.023506513,0.041336894,0.029368093,0.028081216,0.0,0.0,0.0,0.0,0.0,0.0
LUKE PEDLAR,AD,0.0,0.025910938,0.022247411,0.022245748,0.02248765,0.0,0.028490042,0.037547365,0.0231439,0.028055156,0.042822897,0.0,0.0,0.0,0.023854835,0.0,0.0,0.0,0.0,0.0,0.0,0.0,0.0,0.0,0.0
ELIJAH HOLLANDS,CA,0.031640887,0.035836942,0.0,0.11529504,0.042430535,0.027912112,0.022247411,0.0,0.0,0.0,0.0,0.0,0.0,0.0,0.0,0.0,0.0,0.0,0.0,0.0,0.0,0.0,0.0,0.0,0.0
LIAM HENRY,SK,0.0,0.0,0.0,0.0,0.0,0.0,0.0,0.0,0.103579596,0.024058351,0.024078583,0.022725083,0.022231242,0.0,0.0,0.0,0.0,0.032682493,0.023395346,0.022254003,0.0,0.0,0.0,0.0,0.0
JESSE HOGAN,GW,0.030116433,0.022477427,0.022595072,0.022133658,0.0,0.04594199,0.0,0.056041528,0.027170114,0.0,0.0,0.0,0.0,0.0,0.022825077,0.024953552,0.0,0.0,0.0,0.0,0.0,0.0,0.0,0.0,0.0
SEAN DARCY,FR,0.0,0.026368491,0.025084388,0.11122023,0.025678622,0.024908964,0.0,0.0,0.0,0.0,0.0,0.0,0.0,0.0,0.0,0.0,0.035476964,0.023030547,0.0,0.0,0.0,0.0,0.0,0.0,0.0
JASPER ALGER,RI,0.0,0.0,0.0,0.022254003,0.0,0.0,0.0,0.0,0.0,0.0,0.0,0.025376637,0.02017197,0.0,0.10987152,0.022704633,0.022726784,0.022584127,0.025219051,0.0,0.0,0.0,0.0,0.0,0.0
LACHLAN MCNEIL,WB,0.0,0.0,0.0,0.0,0.02561233,0.0,0.0,0.0,0.033200953,0.023018904,0.02271455,0.02412244,0.025980232,0.023658771,0.0,0.046896294,0.0,0.022346277,0.0,0.023106506,0.0,0.0,0.0,0.0,0.0
MAX KONDOGIANNIS,ES,0.0,0.022824444,0.022570606,0.0,0.0,0.0,0.0,0.0,0.022471279,0.0,0.0,0.0,0.022254003,0.022247411,0.0,0.0,0.0,0.0,0.022254003,0.02266148,0.022254003,0.022254003,0.022254003,0.022825753,0.022996787
JAKE ROGERS,GC,0.0,0.06548096,0.02484333,0.0,0.022437915,0.0,0.023529323,0.022254003,0.0,0.0,0.0,0.0,0.0,0.0,0.0,0.0,0.0,0.0,0.0,0.0,0.0,0.022247411,0.022672452,0.022404809,0.038945332
HARRY KYLE,SY,0.0,0.0,0.0,0.0,0.0,0.0,0.0,0.0,0.0,0.0,0.0,0.0,0.037778396,0.024560856,0.023689438,0.0,0.0,0.023506513,0.022579953,0.0,0.024398686,0.022759955,0.027868066,0.024486715,0.03317249
CAMPBELL LAKE,SK,0.0,0.0,0.0,0.0,0.0,0.0,0.0,0.0,0.0,0.0,0.0,0.0,0.0,0.023698589,0.022706326,0.024728721,0.0,0.02517628,0.025092041,0.038402013,0.0,0.024992349,0.022617454,0.03354542,0.022254003
XAVIER BAMERT,PA,0.0,0.0,0.0,0.0,0.0,0.0,0.0,0.0,0.0,0.0,0.0,0.0,0.0,0.0,0.023432756,0.025507903,0.02423522,0.024078583,0.028657945,0.026867809,0.022254003,0.035453454,0.0,0.025496496,0.026962718
TAJ HOTTON,RI,0.0,0.0,0.0,0.0,0.0,0.0,0.0,0.0,0.0,0.0,0.0,0.0,0.0,0.0,0.0,0.022254003,0.027494205,0.037147366,0.025073465,0.0230021,0.025272943,0.022706326,0.0247985,0.02250364,0.028747533
JAI CULLEY,ME,0.0,0.032435432,0.023620922,0.053700246,0.026954625,0.022617454,0.069870315,0.028046489,0.0,0.0,0.0,0.0,0.0,0.0,0.0,0.0,0.0,0.0,0.0,0.0,0.0,0.0,0.0,0.0,0.0
ZAC BANCH,NM,0.0,0.0,0.0,0.0,0.023718437,0.025017217,0.0,0.0,0.0,0.0,0.0,0.0,0.0,0.0,0.0,0.0,0.0,0.0,0.022224657,0.0,0.022444561,0.022151168,0.0815499,0.03002481,0.029226823
JONTY FAULL,RI,0.0,0.025443796,0.0,0.026057841,0.022308057,0.022345,0.024058927,0.02612125,0.03553144,0.024098279,0.026299516,0.024039866,0.0,0.0,0.0,0.0,0.0,0.0,0.0,0.0,0.0,0.0,0.0,0.0,0.0
JOEL HAMLING,SY,0.0,0.0,0.0,0.0,0.0,0.037097696,0.031689025,0.0,0.0,0.0,0.0,0.0,0.0,0.0,0.030316092,0.0,0.02224511,0.024504274,0.022254003,0.0,0.0,0.0,0.033506352,0.024754211,0.02915467
MITCH ZADOW,PA,0.0,0.0,0.0,0.0,0.024492463,0.0,0.0,0.0,0.0,0.0,0.0,0.0,0.0,0.0,0.0,0.0,0.025650559,0.025869431,0.0,0.046685066,0.022617454,0.024530573,0.022254003,0.022254003,0.03968297
SAM BUTLER,HW,0.030949982,0.02809351,0.033082884,0.0,0.060823325,0.030970855,0.022672452,0.0,0.0,0.022718169,0.0,0.0,0.0,0.0,0.0,0.0,0.0,0.0,0.0,0.0,0.0,0.0,0.024645679,0.0,0.0
JACK BULLER,CW,0.023149135,0.022247411,0.0,0.0,0.0,0.0,0.0,0.0,0.022457086,0.033487227,0.023861349,0.0,0.0,0.024532124,0.0,0.028351204,0.02622411,0.0224986,0.024645798,0.0,0.0,0.0,0.0,0.0,0.0
WIL DAWSON,NM,0.0,0.0,0.0,0.0,0.0,0.0,0.0,0.0,0.0,0.041268032,0.022348048,0.02348729,0.0,0.022474704,0.0,0.0,0.025339676,0.022908436,0.0,0.0,0.0,0.022680623,0.024029426,0.022210624,0.022217207
CAMPBELL GRAY,RI,0.0,0.022210624,0.0,0.02270974,0.028944302,0.022217207,0.022499068,0.022476936,0.031407956,0.026565244,0.022427747,0.0,0.0,0.0,0.0,0.0,0.0,0.0,0.0,0.0,0.0,0.0,0.0,0.0,0.025089934
JAI MURRAY,GC,0.0,0.0,0.0,0.0,0.0,0.0,0.0,0.0,0.0,0.0,0.0,0.0,0.0,0.022254003,0.02998446,0.036159698,0.024589324,0.025318358,0.026943458,0.033571225,0.024108624,0.022247411,0.0,0.0,0.0
CHRIS SCERRI,FR,0.0,0.0,0.04134888,0.02959271,0.02250951,0.023473553,0.0,0.0,0.0,0.0,0.024220921,0.023933785,0.025614783,0.0,0.0,0.0,0.0,0.0,0.0,0.0,0.0,0.0,0.0,0.03090755,0.022254003
MAX HEATH,ME,0.0,0.0,0.0,0.0,0.0,0.0,0.022487586,0.07843541,0.030224113,0.03644176,0.02522526,0.02346941,0.0,0.0,0.0,0.0,0.0,0.0,0.0,0.026516968,0.0,0.0,0.0,0.0,0.0
JAY POLKINGHORNE,GE,0.0,0.0,0.0,0.0,0.0,0.0,0.0,0.0,0.0,0.0,0.0,0.0,0.0,0.0,0.0,0.0,0.0,0.0,0.0,0.05522422,0.04248816,0.03731719,0.02523228,0.049693335,0.024532802
CALLUM COLEMAN-JONES,NM,0.0,0.0,0.0,0.024366047,0.030782484,0.022922385,0.13069144,0.0,0.0,0.0,0.0,0.0,0.0,0.0,0.0,0.0,0.025127713,0.0,0.0,0.0,0.0,0.0,0.0,0.0,0.0
TOBY PINK,NM,0.0,0.051200815,0.024016216,0.10723489,0.023443801,0.0,0.0,0.024525678,0.0,0.0,0.0,0.0,0.0,0.0,0.0,0.0,0.0,0.0,0.0,0.0,0.0,0.0,0.0,0.0,0.0
OSCAR STEENE,CW,0.0,0.0,0.0,0.027938984,0.023278093,0.022400819,0.027077585,0.030263059,0.024815407,0.022348048,0.05021168,0.0,0.0,0.0,0.0,0.0,0.0,0.0,0.0,0.0,0.0,0.0,0.0,0.0,0.0
MAURICE RIOLI,RI,0.0,0.022437915,0.022827188,0.023060413,0.022336451,0.02349686,0.022254003,0.0,0.0,0.0,0.0,0.0,0.0,0.0,0.024195673,0.022254003,0.022254003,0.0,0.0,0.0,0.0,0.0,0.0,0.0,0.022465775
TOBY MCMULLIN,GW,0.0,0.0,0.0,0.0,0.0,0.0,0.022254003,0.0,0.0,0.0224809,0.022247411,0.043200914,0.029448796,0.0,0.023387607,0.0,0.0,0.0,0.0,0.0,0.0,0.0,0.0,0.040672816,0.022427747
RILEY HAMILTON,GW,0.0,0.0,0.0,0.0,0.0,0.0,0.0,0.0,0.0,0.0,0.0,0.0,0.0,0.0,0.0,0.0,0.0,0.022465613,0.05953725,0.022247411,0.022254003,0.022988945,0.027325988,0.024063064,0.02225234
XAVIER LINDSAY,ME,0.0,0.04861068,0.026566755,0.064444914,0.032835796,0.02809743,0.0,0.0,0.0,0.0,0.0,0.0,0.0,0.0,0.0,0.0,0.0,0.0,0.0,0.0,0.0,0.0,0.0,0.0,0.022247411
ANGUS HASTIE,SK,0.0,0.0,0.0,0.0,0.0,0.0,0.0,0.0,0.0,0.0,0.0,0.0,0.0,0.023163708,0.026448384,0.02366797,0.0,0.03802308,0.026155343,0.0,0.0,0.0,0.0,0.05971348,0.022724899
NICK HOLMAN,GC,0.0,0.0,0.0,0.0,0.0,0.0,0.0,0.0,0.0,0.0,0.06589675,0.022247411,0.0,0.0,0.0,0.022247411,0.025123121,0.023517236,0.022510232,0.0,0.0,0.0,0.0,0.0,0.03807698
SAAD EL-HAWLI,ES,0.0,0.0,0.0,0.024898805,0.024711099,0.0,0.030308096,0.036012594,0.029780691,0.0,0.0,0.0,0.02536276,0.022392409,0.0,0.0,0.0,0.024511684,0.0,0.0,0.0,0.0,0.0,0.0,0.0
ZAK JOHNSON,ES,0.0,0.024858687,0.057985447,0.022247411,0.039640356,0.0,0.0,0.0,0.0,0.02565982,0.0,0.0,0.0,0.0,0.0,0.0,0.0,0.0,0.0,0.0,0.0,0.024790186,0.022254003,0.0,0.0
ADAM TRELOAR,WB,0.0,0.0,0.0,0.0,0.0,0.0,0.0,0.032736633,0.0,0.0,0.0,0.03994855,0.09317408,0.02628023,0.022652872,0.0,0.0,0.0,0.0,0.0,0.0,0.0,0.0,0.0,0.0
ALIX TAURU,SK,0.022247411,0.025117049,0.023025766,0.022254003,0.0,0.023891931,0.0,0.0,0.0,0.0,0.0,0.0,0.026940783,0.022473335,0.0224809,0.0,0.0,0.0,0.0,0.0,0.0,0.0,0.0,0.025313806,0.0
HUSSIEN EL ACHKAR,ES,0.0,0.022157734,0.022254003,0.0,0.0,0.0,0.0,0.0,0.0,0.0,0.0,0.0,0.0,0.022789018,0.02224511,0.0,0.022729034,0.0,0.0,0.024155093,0.02251448,0.030702403,0.022254003,0.0,0.0
WILL HAYES,CW,0.0,0.0,0.0,0.0,0.022254003,0.0,0.0224986,0.024548464,0.02299038,0.0,0.02263567,0.022821946,0.0,0.0,0.0,0.0,0.0,0.0,0.0,0.0,0.0,0.0,0.022628255,0.026202707,0.024732176
CHARLIE WEST,CW,0.0,0.0,0.0,0.0,0.0,0.0,0.0,0.0,0.0,0.0,0.022925189,0.022628255,0.0,0.0,0.0,0.0,0.0,0.0,0.0,0.03725821,0.025156245,0.022447335,0.022428477,0.022993824,0.028874291
RILEY HARDEMAN,NM,0.0,0.0,0.0,0.0,0.0,0.0,0.0,0.0,0.0,0.0,0.0,0.029692085,0.0,0.022363644,0.0,0.0,0.0,0.0,0.040831603,0.027013706,0.0,0.0,0.02861,0.023496358,0.031939376
HUGH BOND,AD,0.0,0.034743138,0.0,0.023302775,0.022714693,0.0,0.042290993,0.027258378,0.022515627,0.025267364,0.0,0.0,0.0,0.0,0.0,0.0,0.0,0.0,0.0,0.0,0.0,0.0,0.0,0.0,0.0
TOBIE TRAVAGLIA,SK,0.0,0.0,0.0,0.0,0.0,0.0,0.0,0.0,0.0,0.0,0.0,0.0,0.0,0.0,0.0,0.0,0.0,0.031957913,0.023372328,0.02440635,0.024690976,0.024843883,0.0,0.03801179,0.028314512
NIK COX,ES,0.0,0.0,0.0,0.0,0.0,0.0,0.0,0.0,0.024029408,0.022573384,0.022254003,0.0,0.025526654,0.02275118,0.030624857,0.0,0.0,0.022450767,0.0,0.0,0.022254003,0.0,0.0,0.0,0.0
MALAKAI CHAMPION,WC,0.0,0.0,0.0,0.0,0.022254003,0.0,0.0,0.022254003,0.022238519,0.022879481,0.031212296,0.025347752,0.023506513,0.022499166,0.0,0.0,0.0,0.0,0.0,0.0,0.0,0.0,0.0,0.0,0.0
OLIVER HAYES-BROWN,RI,0.0,0.0,0.0,0.0,0.0,0.02459912,0.0,0.0,0.028966127,0.023097575,0.032428805,0.026295677,0.026203413,0.0,0.028219098,0.0,0.0,0.0,0.0,0.0,0.0,0.0,0.0,0.0,0.0
TOM EDWARDS,ES,0.0,0.0,0.0,0.0,0.029189682,0.034612376,0.023666145,0.022254003,0.022254003,0.0,0.0,0.032523476,0.022254003,0.0,0.0,0.0,0.0,0.0,0.0,0.0,0.0,0.0,0.0,0.0,0.0
HARVEY JOHNSTON,WC,0.0,0.0,0.0,0.0,0.0,0.0,0.0,0.0,0.0,0.022254003,0.023702804,0.026666004,0.024092756,0.022247411,0.02266573,0.0,0.0,0.0,0.0,0.0,0.022471279,0.022247411,0.0,0.0,0.0
JACK OUGH,GW,0.0,0.0,0.0,0.0,0.0,0.0,0.0,0.0,0.0,0.0,0.0,0.0,0.0,0.0,0.0,0.0,0.0,0.04201557,0.037826207,0.056282498,0.023905147,0.025325973,0.0,0.0,0.0
LIAM PUNCHER,CW,0.0,0.0,0.0,0.0,0.0,0.0,0.0,0.0,0.0,0.0,0.0,0.0,0.0,0.0,0.0,0.0,0.0,0.022486812,0.022513913,0.022872414,0.023986444,0.022751834,0.023142332,0.022709327,0.022751834
LEEK ALEER,GW,0.0,0.0,0.0,0.0,0.0,0.0,0.027895782,0.024468405,0.02377398,0.0,0.0,0.0,0.023637412,0.0,0.02402077,0.03135284,0.025112448,0.0,0.0,0.0,0.0,0.0,0.0,0.0,0.0
JADE GRESHAM,ES,0.0,0.0,0.0,0.02291261,0.025424154,0.037111994,0.024520677,0.0,0.022254003,0.0,0.0,0.024897274,0.022427747,0.0,0.0,0.0,0.0,0.0,0.0,0.0,0.0,0.0,0.0,0.0,0.0
OLIVER FRANCOU,WC,0.0,0.0,0.0,0.0,0.0,0.0,0.0,0.0,0.0,0.0,0.0,0.0,0.0,0.0,0.0,0.0,0.0,0.04796066,0.0393621,0.056155432,0.028763998,0.0,0.0,0.0,0.0
SAMSON RYAN,RI,0.0,0.0,0.0,0.0,0.025270306,0.0,0.054290317,0.023173755,0.0,0.0,0.0,0.0,0.0,0.0,0.0,0.0,0.0,0.0,0.0,0.0,0.0,0.022954788,0.022972109,0.0,0.021998117
RHYAN MANSELL,RI,0.0,0.037205867,0.0,0.0,0.0,0.0,0.0,0.0,0.0,0.0,0.0,0.0,0.0,0.0,0.0,0.0,0.027546624,0.03150635,0.025476268,0.026049657,0.022522874,0.0,0.0,0.0,0.0
JAMIE CRIPPS,WC,0.0,0.024139049,0.0726329,0.027064856,0.022254003,0.0,0.023746366,0.0,0.0,0.0,0.0,0.0,0.0,0.0,0.0,0.0,0.0,0.0,0.0,0.0,0.0,0.0,0.0,0.0,0.0
FLYNN PEREZ,HW,0.0,0.0,0.0,0.0,0.02464837,0.025382036,0.022866512,0.0,0.0,0.0,0.0,0.0,0.02616312,0.024683118,0.0,0.0,0.0224809,0.022346277,0.0,0.0,0.0,0.0,0.0,0.0,0.0
HARRY JONES,ES,0.0,0.0,0.0,0.0,0.0,0.0,0.0,0.0,0.0,0.0,0.0,0.0,0.0,0.022247411,0.022254003,0.0,0.024136672,0.0,0.02528747,0.0,0.0,0.022476936,0.0,0.022511916,0.0289068
LIAM FAWCETT,RI,0.0,0.0,0.0,0.0,0.02271762,0.029203922,0.022254003,0.0,0.0,0.0,0.0255444,0.0,0.022527698,0.0,0.022893546,0.022254003,0.0,0.0,0.0,0.0,0.0,0.0,0.0,0.0,0.0
JOSH GOATER,NM,0.0,0.0,0.0,0.0,0.0,0.0,0.0,0.0,0.0,0.0,0.0,0.0,0.0,0.0,0.0,0.0,0.029981589,0.02596174,0.0,0.023695715,0.022427747,0.03836936,0.0,0.0,0.026103115
ELIJAH HEWETT,WC,0.0,0.0,0.0,0.0,0.0,0.022361971,0.022254003,0.024118815,0.022505252,0.0,0.0,0.0,0.0,0.0,0.047906652,0.0,0.022337351,0.0,0.0,0.0,0.0,0.0,0.0,0.0,0.0
LOUIS EMMETT,WB,0.0,0.0,0.0,0.0,0.0,0.023914194,0.024115695,0.022407457,0.022210624,0.0,0.023166897,0.0,0.0,0.0,0.0,0.0,0.0,0.0,0.0,0.0,0.0,0.022254003,0.0,0.023393387,0.0
MATT FLYNN,WC,0.0,0.023418058,0.06422105,0.035196498,0.036863,0.0,0.0,0.0,0.0,0.0,0.0,0.0,0.0,0.0,0.0,0.0,0.0,0.0,0.0,0.0,0.0,0.0,0.0,0.0,0.0
LUKE KENNEDY,WB,0.0,0.0,0.0,0.0,0.0,0.0,0.0,0.0,0.0,0.0,0.0,0.0,0.0,0.0,0.022667505,0.02367651,0.0,0.022570606,0.022465613,0.0,0.0,0.0,0.0,0.028389381,0.03549664
WILL BRODIE,PA,0.0,0.0,0.0,0.039985858,0.0,0.0,0.0,0.0,0.0,0.0,0.0,0.0,0.0,0.0,0.0,0.0,0.0,0.0,0.0,0.0,0.0,0.0,0.0,0.0,0.11235265
LACHY DOVASTON,NM,0.0,0.032239914,0.022309102,0.0224809,0.0,0.0,0.02521314,0.024311423,0.02296179,0.0,0.0,0.0,0.0,0.0,0.0,0.0,0.0,0.0,0.0,0.0,0.0,0.0,0.0,0.0,0.0
CALSHER DEAR,HW,0.0,0.0,0.0,0.0,0.0,0.0,0.056148734,0.024179583,0.02247022,0.0,0.02226295,0.0,0.0,0.0,0.0,0.0,0.022733929,0.0,0.0,0.0,0.0,0.0,0.0,0.0,0.0
OLLIE GREEVES,HW,0.0,0.0,0.0,0.0,0.0,0.0,0.0,0.0,0.0,0.0,0.0,0.0,0.0,0.0,0.0,0.0,0.0,0.0,0.043147728,0.03505253,0.046803173,0.022465613,0.0,0.0,0.0
ARCHER REID,WC,0.0,0.02279512,0.034115914,0.022591729,0.023327444,0.022217207,0.022217207,0.0,0.0,0.0,0.0,0.0,0.0,0.0,0.0,0.0,0.0,0.0,0.0,0.0,0.0,0.0,0.0,0.0,0.0
JAXON ARTEMIS,ES,0.0,0.0,0.0,0.0,0.0,0.0,0.0,0.0,0.0,0.0,0.0,0.0,0.0,0.0,0.0,0.0,0.0,0.0,0.0,0.022857266,0.024790186,0.028267158,0.025489515,0.022330813,0.02263567
HARRISON OLIVER,GW,0.0,0.0,0.0,0.0,0.0,0.0,0.0,0.0,0.0,0.0,0.030589232,0.025140692,0.0,0.0,0.0,0.0,0.022247411,0.022465613,0.04261819,0.0,0.0,0.0,0.0,0.0,0.0
FINNBAR MALEY,AD,0.0,0.0,0.0,0.023130015,0.023814285,0.026102819,0.022500163,0.023327444,0.0,0.0,0.0,0.0,0.0,0.0,0.0,0.0,0.0,0.0,0.0,0.0,0.022238452,0.0,0.0,0.0,0.0
TOM HANILY,SY,0.0,0.0,0.0,0.0,0.0,0.0,0.0,0.0,0.0,0.0,0.0,0.022749035,0.044173416,0.0,0.0,0.0,0.0,0.026959302,0.022444561,0.0,0.0,0.0,0.0,0.0,0.024739953
JACK HUTCHINSON,WC,0.0,0.0,0.0,0.0,0.0,0.0,0.0,0.0,0.0,0.022254003,0.028278511,0.0,0.0,0.0,0.0,0.0,0.022254003,0.022615805,0.02260713,0.022943065,0.0,0.0,0.0,0.0,0.0
BALYN OBRIEN,PA,0.0,0.0,0.0,0.0,0.0,0.0,0.0,0.0,0.0,0.0,0.0,0.0,0.0,0.0,0.0,0.0,0.0,0.0,0.0,0.023886612,0.022399046,0.0222259,0.022254003,0.026201671,0.022673357
SANDY BROCK,WC,0.0,0.0,0.0,0.0,0.022254003,0.02300621,0.026708473,0.022254003,0.0,0.0,0.0,0.0,0.0,0.0,0.0,0.0,0.0,0.0,0.0,0.0,0.022511916,0.022723114,0.0,0.0,0.0
VIGO VISENTINI,ES,0.0,0.0,0.0,0.0,0.0,0.0,0.0,0.0,0.0,0.0,0.0,0.0,0.0,0.0,0.0,0.0,0.0,0.0,0.0,0.0,0.0,0.0,0.06734314,0.04896152,0.022204619
JACK DALTON,HW,0.0,0.0,0.0,0.0,0.023714159,0.0,0.0,0.024680616,0.0,0.0,0.0,0.0,0.0,0.0,0.0,0.0,0.03613897,0.023694698,0.0,0.0,0.0,0.0,0.0,0.0,0.029046614
OLIVER HANNAFORD,GW,0.0,0.0,0.0,0.022346277,0.0,0.044537283,0.024059352,0.023837069,0.0,0.0224809,0.0,0.0,0.0,0.0,0.0,0.0,0.0,0.0,0.0,0.0,0.0,0.0,0.0,0.0,0.0
COREY WARNER,SY,0.0,0.0,0.028887374,0.0,0.027410869,0.023506513,0.025115706,0.0,0.0,0.0,0.0,0.0,0.0,0.0,0.0,0.0,0.0,0.031456936,0.0,0.0,0.0,0.0,0.0,0.0,0.0
HARRISON RAMM,PA,0.0,0.0,0.0,0.0,0.0,0.0,0.0,0.0,0.0,0.0,0.0,0.0,0.0,0.0,0.022970734,0.022217207,0.0,0.0,0.0,0.0,0.0,0.022316786,0.022345955,0.022722336,0.023012513
OSCAR RYAN,AD,0.0,0.0,0.0,0.0,0.0,0.0,0.0,0.0,0.0,0.0,0.0,0.0,0.0,0.0,0.0,0.0,0.0,0.0,0.0,0.0,0.0,0.09391547,0.041249577,0.0,0.0
MAX BEATTIE,HW,0.0,0.0,0.0,0.0,0.0,0.0,0.0,0.0,0.0,0.0,0.0,0.0,0.0,0.0,0.0,0.0,0.0,0.0,0.0,0.0,0.0,0.0,0.0,0.027284544,0.10710167
WILL LORENZ,PA,0.0,0.0,0.0,0.0,0.0,0.0,0.0,0.0,0.0,0.0,0.024497788,0.0,0.0,0.0,0.0,0.0,0.0,0.0,0.0,0.0,0.0,0.078365736,0.028872278,0.0,0.0
TOM BURTON,RI,0.0,0.0,0.0,0.0,0.0,0.0,0.0,0.022346277,0.03923925,0.022617454,0.02224511,0.024023544,0.0,0.0,0.0,0.0,0.0,0.0,0.0,0.0,0.0,0.0,0.0,0.0,0.0
TOM ANASTASOPOULOS,PA,0.0,0.0,0.0,0.0,0.0,0.0,0.0,0.0,0.0,0.0,0.025352117,0.024217376,0.0,0.0,0.0,0.0,0.0,0.0,0.0,0.0,0.0,0.0,0.024217376,0.022254003,0.032920856
BODIE RYAN,HW,0.0,0.0,0.0,0.0,0.0,0.0,0.0,0.0,0.0,0.022247411,0.02591138,0.03254095,0.0,0.024304006,0.0,0.0,0.0,0.023746366,0.0,0.0,0.0,0.0,0.0,0.0,0.0
BEN JEPSON,GC,0.0,0.0,0.0,0.0,0.0,0.0,0.0,0.0,0.0,0.023506513,0.0,0.0,0.0,0.0,0.022254003,0.0,0.023959069,0.029739007,0.0,0.0,0.0,0.0,0.0,0.0,0.028897438
LIAM REIDY,CA,0.022274282,0.0,0.0,0.0,0.0,0.0,0.0,0.027020369,0.022217207,0.0,0.0,0.0,0.0,0.0,0.0,0.0,0.0,0.0,0.0,0.05432475,0.0,0.0,0.0,0.0,0.0
JAMES LEAKE,GW,0.0,0.0,0.0,0.02455295,0.0,0.0,0.0,0.023544583,0.022685928,0.032643832,0.022247411,0.0,0.0,0.0,0.0,0.0,0.0,0.0,0.0,0.0,0.0,0.0,0.0,0.0,0.0
HARRY SCHOENBERG,WC,0.0,0.0,0.0,0.0293497,0.022588994,0.022615762,0.02443906,0.0,0.025474653,0.0,0.0,0.0,0.0,0.0,0.0,0.0,0.0,0.0,0.0,0.0,0.0,0.0,0.0,0.0,0.0
WIL PARKER,CW,0.028128874,0.0222259,0.0,0.0,0.0,0.0,0.0,0.0,0.022485511,0.0,0.023783028,0.0,0.02742921,0.0,0.0,0.0,0.0,0.0,0.0,0.0,0.0,0.0,0.0,0.0,0.0
CONNOR ROZEE,PA,0.0,0.041606713,0.07706337,0.0,0.0,0.0,0.0,0.0,0.0,0.0,0.0,0.0,0.0,0.0,0.0,0.0,0.0,0.0,0.0,0.0,0.0,0.0,0.0,0.0,0.0
JAYDEN NGUYEN,ES,0.0,0.022537608,0.023871385,0.0,0.0,0.0,0.0,0.0,0.022254003,0.022217015,0.022652872,0.0,0.0,0.0,0.0,0.0,0.0,0.0,0.0,0.0,0.0,0.0,0.0,0.0,0.0
DYLAN PATTERSON,GC,0.0,0.0,0.0,0.0,0.0,0.0,0.0,0.0,0.0,0.0,0.0,0.0,0.0,0.0,0.0,0.0,0.0,0.02273473,0.022332057,0.022247411,0.02247242,0.022247411,0.0,0.0,0.0
CAMERON NAIRN,HW,0.0,0.0,0.0,0.0,0.0,0.0,0.0,0.0,0.0,0.0,0.0,0.022857595,0.03850523,0.022709094,0.0,0.02782045,0.0,0.0,0.0,0.0,0.0,0.0,0.0,0.0,0.0
JAMARRA UGLE-HAGAN,GC,0.0,0.0,0.0,0.0,0.0,0.0,0.0,0.022227272,0.06492907,0.023819285,0.0,0.0,0.0,0.0,0.0,0.0,0.0,0.0,0.0,0.0,0.0,0.0,0.0,0.0,0.0
SHADEAU BRAIN,BL,0.0,0.0,0.0,0.0,0.0,0.0,0.0,0.0,0.0,0.0,0.0,0.0,0.0,0.046911858,0.06295965,0.0,0.0,0.0,0.0,0.0,0.0,0.0,0.0,0.0,0.0
WILL MCCABE,HW,0.0,0.0,0.0,0.0,0.0,0.0,0.022524823,0.0,0.0,0.0,0.0,0.0,0.0,0.0,0.0,0.0,0.0,0.022254003,0.028184393,0.03446449,0.0,0.0,0.0,0.0,0.0
CHAYCE JONES,AD,0.0,0.0,0.057304885,0.024083257,0.022819728,0.0,0.0,0.0,0.0,0.0,0.0,0.0,0.0,0.0,0.0,0.0,0.0,0.0,0.0,0.0,0.0,0.0,0.0,0.0,0.0
DARRAGH JOYCE,BL,0.0,0.0,0.0,0.0,0.032983918,0.0,0.0,0.0,0.0,0.036660153,0.0,0.0,0.0,0.031077843,0.0,0.0,0.0,0.0,0.0,0.0,0.0,0.0,0.0,0.0,0.0
WILL GREEN,SY,0.0,0.0,0.0,0.0,0.0,0.0,0.0,0.0,0.0,0.0,0.0,0.0,0.0,0.0,0.0,0.0,0.0,0.0,0.0,0.0,0.0,0.0,0.02962603,0.023318727,0.04705061
CHARLIE EDWARDS,AD,0.0,0.0,0.0,0.0,0.0,0.0,0.07534692,0.024245976,0.0,0.0,0.0,0.0,0.0,0.0,0.0,0.0,0.0,0.0,0.0,0.0,0.0,0.0,0.0,0.0,0.0
BRANDON ZERK-THATCHER,PA,0.0,0.0,0.0,0.0,0.0,0.0,0.0,0.0,0.0,0.0,0.0,0.0,0.0,0.0,0.0,0.0,0.02397518,0.02459798,0.0,0.025089253,0.0240987,0.0,0.0,0.0,0.0
RHYS STANLEY,GE,0.0,0.0,0.0,0.0,0.0,0.0,0.0,0.0,0.0,0.09669915,0.0,0.0,0.0,0.0,0.0,0.0,0.0,0.0,0.0,0.0,0.0,0.0,0.0,0.0,0.0
DARCY MOORE,CW,0.0,0.0,0.0,0.024248587,0.0,0.0,0.0,0.0,0.025391724,0.022427747,0.0,0.022454495,0.0,0.0,0.0,0.0,0.0,0.0,0.0,0.0,0.0,0.0,0.0,0.0,0.0
TOM GROSS,WC,0.0,0.0,0.0,0.0,0.0,0.0,0.0,0.0,0.0,0.0,0.0,0.0,0.0,0.0,0.022473335,0.0,0.0,0.0,0.0,0.0,0.0,0.0,0.0267967,0.022617454,0.022254003
CODY CURTIN,BL,0.0,0.0,0.0,0.0,0.0,0.0,0.0,0.0,0.024713371,0.0224809,0.022217207,0.0,0.022590818,0.0,0.0,0.0,0.0,0.0,0.0,0.0,0.0,0.0,0.0,0.0,0.0
ADAM SAAD,CA,0.028189657,0.0,0.0,0.0,0.0,0.0,0.0,0.0,0.027781408,0.03431122,0.0,0.0,0.0,0.0,0.0,0.0,0.0,0.0,0.0,0.0,0.0,0.0,0.0,0.0,0.0
RHYS UNWIN,ES,0.0,0.0,0.0,0.0,0.0,0.0,0.0,0.0,0.0,0.0,0.0,0.0,0.0,0.0,0.0,0.0,0.0,0.0,0.0,0.0,0.0,0.022254003,0.022254003,0.022728149,0.022482237
HARRY ARMSTRONG,RI,0.0,0.0222259,0.022647103,0.022254003,0.0,0.0,0.0,0.0,0.0,0.0,0.0,0.0,0.0,0.0,0.0,0.0,0.0,0.0,0.0,0.0,0.0,0.0,0.0,0.022254003,0.0
HARVEY GALLAGHER,WB,0.0,0.0,0.0,0.0,0.0,0.022254003,0.0,0.0,0.027460242,0.035004105,0.0,0.0,0.0,0.0,0.0,0.0,0.0,0.0,0.0,0.0,0.0,0.0,0.0,0.0,0.0
TOM COCHRANE,PA,0.0,0.0,0.0,0.0,0.0,0.0,0.0,0.0,0.0,0.0,0.0,0.0,0.0,0.03687741,0.02293956,0.02225234,0.0,0.0,0.0,0.0,0.0,0.0,0.0,0.0,0.0
CHARLIE BANFIELD,SK,0.0,0.0,0.0,0.0,0.0,0.0,0.0,0.0,0.0,0.0,0.031257197,0.025766082,0.022254003,0.0,0.0,0.0,0.0,0.0,0.0,0.0,0.0,0.0,0.0,0.0,0.0
REILLY OBRIEN,AD,0.0,0.0,0.0,0.0,0.023282928,0.0,0.0,0.0,0.0,0.0,0.0,0.0,0.0,0.0,0.0,0.0,0.0,0.0,0.0,0.0,0.0,0.0,0.05418348,0.0,0.0
CAMPBELL CHESSER,CA,0.025981028,0.028661013,0.0,0.02276729,0.0,0.0,0.0,0.0,0.0,0.0,0.0,0.0,0.0,0.0,0.0,0.0,0.0,0.0,0.0,0.0,0.0,0.0,0.0,0.0,0.0
BAILEY SCOTT,NM,0.0,0.0,0.0,0.0,0.0,0.0,0.0,0.0,0.0,0.0,0.0,0.0,0.0,0.0,0.0,0.0,0.0,0.0,0.0,0.03014878,0.022254003,0.024410145,0.0,0.0,0.0
MATTHEW OWIES,WC,0.0,0.0,0.0,0.0,0.02242161,0.022254003,0.0,0.0,0.031654235,0.0,0.0,0.0,0.0,0.0,0.0,0.0,0.0,0.0,0.0,0.0,0.0,0.0,0.0,0.0,0.0
ALEX VAN WYK,PA,0.0,0.0,0.0,0.0,0.0,0.0,0.0,0.0,0.0,0.0,0.0,0.0,0.0,0.0,0.0,0.0,0.0,0.0,0.0,0.0,0.0,0.0,0.022546686,0.02232667,0.03067922
FLYNN YOUNG,CA,0.0,0.0,0.0,0.0,0.0,0.0,0.0,0.0,0.0,0.0,0.0,0.023643201,0.026936285,0.02479545,0.0,0.0,0.0,0.0,0.0,0.0,0.0,0.0,0.0,0.0,0.0
DANIEL ANNABLE,BL,0.0,0.025107592,0.0,0.0,0.0,0.0,0.0,0.0,0.0,0.0,0.0,0.0,0.0,0.0,0.0,0.0,0.0,0.0,0.0,0.0,0.0,0.0,0.024630183,0.024221385,0.0
ZANE ZAKOSTELSKY,BL,0.022210624,0.028958691,0.0,0.0,0.0,0.0,0.022628268,0.0,0.0,0.0,0.0,0.0,0.0,0.0,0.0,0.0,0.0,0.0,0.0,0.0,0.0,0.0,0.0,0.0,0.0
JUDSON CLARKE,RI,0.0,0.0,0.0,0.0,0.0,0.0,0.0,0.0,0.0,0.0,0.0,0.0,0.0,0.0,0.0,0.0,0.0,0.0,0.0,0.0,0.0,0.0,0.025263537,0.024120618,0.022254003
JY FARRAR,GC,0.023848841,0.024361009,0.0,0.0,0.0,0.0,0.0,0.0,0.0,0.0,0.0,0.0,0.0,0.0,0.0,0.0,0.0,0.0,0.0,0.0,0.0,0.0,0.02250951,0.0,0.0
LUKER KENTFIELD,ME,0.0,0.0,0.0,0.0,0.0,0.0,0.0,0.0,0.0,0.0,0.0,0.0,0.0,0.022590848,0.02493083,0.022943364,0.0,0.0,0.0,0.0,0.0,0.0,0.0,0.0,0.0
NOAH ROBERTS-THOMSON,RI,0.0,0.0,0.0,0.0,0.0,0.0,0.0,0.0,0.0,0.0,0.023581374,0.024476152,0.022254003,0.0,0.0,0.0,0.0,0.0,0.0,0.0,0.0,0.0,0.0,0.0,0.0
HUDSON OKEEFFE,CA,0.0,0.022966303,0.0,0.022217207,0.0,0.022891015,0.0,0.0,0.0,0.0,0.0,0.0,0.0,0.0,0.0,0.0,0.0,0.0,0.0,0.0,0.0,0.0,0.0,0.0,0.0
JACOB NEWTON,WC,0.0,0.022414617,0.022628255,0.022844415,0.0,0.0,0.0,0.0,0.0,0.0,0.0,0.0,0.0,0.0,0.0,0.0,0.0,0.0,0.0,0.0,0.0,0.0,0.0,0.0,0.0
MATT GUELFI,ES,0.0,0.0,0.0,0.02261659,0.022254003,0.0,0.0,0.0,0.0,0.0,0.0,0.022254003,0.0,0.0,0.0,0.0,0.0,0.0,0.0,0.0,0.0,0.0,0.0,0.0,0.0
MATT WHITLOCK,NM,0.0,0.0,0.0,0.0,0.0,0.0,0.0,0.0,0.0,0.0,0.0,0.0,0.0,0.0,0.0,0.0,0.0,0.0,0.022437915,0.022247411,0.022254003,0.0,0.0,0.0,0.0
JEREMY SHARP,FR,0.0,0.0,0.0,0.0,0.0,0.0,0.0,0.037935562,0.026466006,0.0,0.0,0.0,0.0,0.0,0.0,0.0,0.0,0.0,0.0,0.0,0.0,0.0,0.0,0.0,0.0
JORDAN BOYD,CA,0.0,0.0,0.0,0.0,0.03449981,0.026976358,0.0,0.0,0.0,0.0,0.0,0.0,0.0,0.0,0.0,0.0,0.0,0.0,0.0,0.0,0.0,0.0,0.0,0.0,0.0
GEORGE STEVENS,GE,0.0,0.0,0.0,0.0,0.0,0.0,0.0,0.0,0.0,0.0,0.0,0.0,0.0,0.0,0.025361843,0.035297967,0.0,0.0,0.0,0.0,0.0,0.0,0.0,0.0,0.0
BRAYDEN FIORINI,ES,0.0,0.03396141,0.022345,0.0,0.0,0.0,0.0,0.0,0.0,0.0,0.0,0.0,0.0,0.0,0.0,0.0,0.0,0.0,0.0,0.0,0.0,0.0,0.0,0.0,0.0
SAM MARSHALL,BL,0.0,0.0,0.0,0.0,0.0,0.0,0.0,0.0,0.0,0.0,0.022427747,0.030907596,0.0,0.0,0.0,0.0,0.0,0.0,0.0,0.0,0.0,0.0,0.0,0.0,0.0
XAVIER TAYLOR,ME,0.0,0.0,0.0,0.0,0.0,0.0,0.022672452,0.030064924,0.0,0.0,0.0,0.0,0.0,0.0,0.0,0.0,0.0,0.0,0.0,0.0,0.0,0.0,0.0,0.0,0.0
LUKAS COOKE,ME,0.0,0.0,0.0,0.0,0.0,0.0,0.0,0.0,0.0,0.0,0.0,0.0,0.0,0.0,0.0297637,0.0,0.0,0.0,0.0,0.0,0.022238519,0.0,0.0,0.0,0.0
MITCH PODHAJSKI,CW,0.0,0.0,0.0,0.0,0.0,0.0,0.0,0.0,0.0,0.0,0.0,0.0,0.0,0.027236363,0.0,0.02367651,0.0,0.0,0.0,0.0,0.0,0.0,0.0,0.0,0.0
LAITHAM VANDERMEER,WB,0.0,0.0,0.0,0.0,0.0,0.0,0.0,0.0,0.027663646,0.0,0.0,0.0,0.0,0.0,0.0,0.0,0.0,0.0,0.0,0.0,0.0,0.022702077,0.0,0.0,0.0
LUKE CLEARY,WB,0.0,0.0,0.0,0.0,0.0,0.0,0.0,0.0,0.0,0.0,0.0,0.022524823,0.0,0.0,0.0,0.0,0.0,0.0,0.02660995,0.0,0.0,0.0,0.0,0.0,0.0
ARCHIE LUDOWYKE,AD,0.0,0.0,0.0,0.0,0.0,0.0,0.0,0.0,0.0,0.0,0.0,0.0,0.0,0.0,0.0,0.0,0.0,0.0,0.0,0.0,0.0,0.026379265,0.022628255,0.0,0.0
TAYLOR GOAD,NM,0.0,0.0,0.0,0.0,0.0,0.0,0.0,0.0,0.0,0.0,0.0,0.0,0.0,0.0,0.02383013,0.024329506,0.0,0.0,0.0,0.0,0.0,0.0,0.0,0.0,0.0
MATT HILL,HW,0.0,0.0,0.0,0.0,0.0,0.0,0.0,0.0,0.0,0.0,0.0,0.0,0.0,0.0,0.0,0.0,0.0,0.022590632,0.024882318,0.0,0.0,0.0,0.0,0.0,0.0
LACHLAN SULLIVAN,CW,0.0,0.0,0.0,0.0,0.023929374,0.0,0.0,0.0,0.0,0.0,0.0,0.0,0.0,0.0,0.0,0.0,0.0,0.0,0.0,0.0,0.0,0.0,0.023541372,0.0,0.0
ASHTON MOIR,CA,0.024608584,0.0,0.0,0.0,0.0,0.0,0.0,0.022729034,0.0,0.0,0.0,0.0,0.0,0.0,0.0,0.0,0.0,0.0,0.0,0.0,0.0,0.0,0.0,0.0,0.0
ANDY MONIZ-WAKEFIELD,ME,0.0,0.0,0.0,0.0,0.0,0.0,0.0,0.0,0.0,0.024519615,0.0,0.0,0.022613129,0.0,0.0,0.0,0.0,0.0,0.0,0.0,0.0,0.0,0.0,0.0,0.0
ZANE PEUCKER,RI,0.0,0.0,0.0,0.0,0.0,0.0,0.0,0.0,0.0,0.0,0.0,0.0,0.0,0.0,0.0,0.0,0.0,0.0,0.022254003,0.0,0.024834765,0.0,0.0,0.0,0.0
MITCH KNEVITT,GE,0.022435592,0.0,0.0,0.0,0.0,0.0,0.0,0.0,0.0,0.0,0.0,0.0,0.0,0.0,0.0,0.0,0.0,0.0,0.023691269,0.0,0.0,0.0,0.0,0.0,0.0
ISAAC KEELER,SK,0.0,0.023236644,0.0,0.0,0.0,0.0,0.0,0.0,0.0,0.0,0.0,0.0,0.022482917,0.0,0.0,0.0,0.0,0.0,0.0,0.0,0.0,0.0,0.0,0.0,0.0
RYAN GARDNER,WB,0.0,0.0,0.0,0.0,0.0,0.0,0.0,0.02323641,0.0,0.0,0.0,0.0,0.0,0.0,0.0,0.0,0.0,0.0,0.0,0.0,0.0,0.0,0.0,0.0,0.022428477
NOAH HOWES,CW,0.0,0.0,0.0,0.0,0.0,0.0,0.0,0.0,0.0,0.0,0.0,0.0,0.0,0.0,0.0,0.0,0.0,0.0,0.0,0.0,0.0,0.0,0.022465613,0.022893809,0.0
LACHIE FOGARTY,CA,0.022670181,0.02266148,0.0,0.0,0.0,0.0,0.0,0.0,0.0,0.0,0.0,0.0,0.0,0.0,0.0,0.0,0.0,0.0,0.0,0.0,0.0,0.0,0.0,0.0,0.0
LACHLAN SMITH,WB,0.0,0.0,0.0,0.0,0.0,0.0,0.0,0.022637308,0.0,0.022634985,0.0,0.0,0.0,0.0,0.0,0.0,0.0,0.0,0.0,0.0,0.0,0.0,0.0,0.0,0.0
LACHLAN CARMICHAEL,WB,0.0,0.0,0.0,0.0,0.0,0.0,0.0,0.0,0.0,0.0,0.0,0.0,0.0,0.0,0.0,0.0,0.0,0.0,0.0,0.0,0.0,0.0,0.0,0.022485511,0.022465613
MAX RAMSDEN,HW,0.0,0.0,0.0,0.0,0.0,0.0,0.0,0.0,0.0,0.022610493,0.022337351,0.0,0.0,0.0,0.0,0.0,0.0,0.0,0.0,0.0,0.0,0.0,0.0,0.0,0.0
CALEB LEWIS,GC,0.0,0.0,0.0,0.0,0.0,0.0,0.0,0.0,0.0,0.0,0.0,0.0,0.0,0.0,0.0,0.0,0.0,0.0,0.0,0.022505252,0.022247411,0.0,0.0,0.0,0.0
HARRY EDWARDS,WC,0.0,0.0,0.0224809,0.0,0.0,0.0,0.0,0.0,0.0,0.022254003,0.0,0.0,0.0,0.0,0.0,0.0,0.0,0.0,0.0,0.0,0.0,0.0,0.0,0.0,0.0
CODY ANGOVE,GW,0.0,0.0,0.0,0.0,0.0,0.0,0.0,0.0,0.0,0.0,0.0,0.0,0.0,0.0,0.0,0.0,0.0,0.0,0.0,0.0,0.0,0.0,0.0,0.03321392,0.0
AIDAN JOHNSON,ME,0.0,0.0,0.0,0.0,0.0,0.0,0.0,0.0,0.0,0.0,0.0,0.0,0.0,0.0,0.0,0.0,0.0,0.0,0.030996129,0.0,0.0,0.0,0.0,0.0,0.0
HENRY HUSTWAITE,HW,0.0,0.0,0.0,0.0,0.0,0.0,0.0,0.0,0.0,0.0,0.030304719,0.0,0.0,0.0,0.0,0.0,0.0,0.0,0.0,0.0,0.0,0.0,0.0,0.0,0.0
BAILEY BANFIELD,FR,0.0,0.0,0.0,0.0,0.0,0.0,0.0,0.0,0.0,0.0,0.0,0.0,0.0,0.0,0.0,0.0,0.0,0.0,0.0,0.0,0.0,0.0,0.0,0.0,0.026417516
BRANDON WALKER,FR,0.0,0.026106939,0.0,0.0,0.0,0.0,0.0,0.0,0.0,0.0,0.0,0.0,0.0,0.0,0.0,0.0,0.0,0.0,0.0,0.0,0.0,0.0,0.0,0.0,0.0
MITCH HINGE,AD,0.0,0.0,0.0,0.0,0.0,0.025812626,0.0,0.0,0.0,0.0,0.0,0.0,0.0,0.0,0.0,0.0,0.0,0.0,0.0,0.0,0.0,0.0,0.0,0.0,0.0
MAX KING,SK,0.0,0.0,0.0,0.0,0.0,0.0,0.0,0.0,0.0,0.0,0.0,0.0,0.0,0.0,0.0,0.0,0.0,0.0,0.0,0.0,0.024078583,0.0,0.0,0.0,0.0
ZAC FISHER,NM,0.0,0.0,0.0,0.0,0.0,0.0,0.0,0.0,0.0,0.0,0.0,0.0,0.0,0.02383235,0.0,0.0,0.0,0.0,0.0,0.0,0.0,0.0,0.0,0.0,0.0
FLYNN RILEY,CA,0.0,0.0,0.0,0.0,0.0,0.0,0.0,0.0,0.0,0.0,0.0,0.0,0.0,0.0,0.0,0.0,0.0,0.0,0.02311961,0.0,0.0,0.0,0.0,0.0,0.0
AIDAN SCHUBERT,HW,0.0,0.0,0.0,0.0,0.0,0.0,0.0,0.0,0.0,0.0,0.0,0.0,0.0,0.0,0.0,0.0,0.0,0.0,0.0,0.0,0.0,0.022880867,0.0,0.0,0.0
OLLIE LORD,PA,0.0,0.02258007,0.0,0.0,0.0,0.0,0.0,0.0,0.0,0.0,0.0,0.0,0.0,0.0,0.0,0.0,0.0,0.0,0.0,0.0,0.0,0.0,0.0,0.0,0.0
TOBYN MURRAY,FR,0.0,0.0,0.0,0.0,0.0,0.0,0.0,0.0,0.0,0.0,0.0,0.0,0.0,0.0,0.0,0.0,0.0,0.0,0.0,0.0,0.0,0.0,0.0,0.0,0.022346277
WILL MCLACHLAN,BL,0.0,0.0,0.0,0.0,0.0,0.0,0.0,0.0,0.0,0.0,0.0,0.022254003,0.0,0.0,0.0,0.0,0.0,0.0,0.0,0.0,0.0,0.0,0.0,0.0,0.0
JOSH GIBCUS,RI,0.0,0.022247411,0.0,0.0,0.0,0.0,0.0,0.0,0.0,0.0,0.0,0.0,0.0,0.0,0.0,0.0,0.0,0.0,0.0,0.0,0.0,0.0,0.0,0.0,0.0
