player,team,round_0,round_1,round_2,round_3,round_4,round_5,round_6,round_7,round_8,round_9,round_10,round_11,round_12,round_13,round_14,round_15,round_16,round_17,round_18,round_19,round_20,round_21,round_22,round_23,round_24
NICK DAICOS,CW,0.057615478,0.74538016,0.9466316,0.0,0.67569625,0.8721142,0.94562304,0.9089239,0.67108417,0.28331715,0.70412296,0.9460912,0.89801955,0.51185304,0.0,0.900157,0.9219055,0.94402146,0.24553365,0.9432846,0.95752287,0.4055012,0.08868439,0.7937221,0.71478915
TOM GREEN,GW,0.0,0.88599306,0.0,0.57080793,0.94908476,0.84931827,0.5704113,0.40691555,0.81501883,0.9507385,0.17636889,0.5403413,0.8985967,0.6724442,0.77115643,0.9271768,0.0,0.8965064,0.34302494,0.93530905,0.12420828,0.074859805,0.72345245,0.9240902,0.9038804
NOAH ANDERSON,GC,0.9506654,0.92964894,0.0,0.94257593,0.60459125,0.74068755,0.5731251,0.21778224,0.10657122,0.6531427,0.93431675,0.9392687,0.8760811,0.047621608,0.0,0.9378404,0.6887011,0.9396765,0.8612914,0.084028244,0.9308412,0.94177556,0.13169812,0.61848134,0.09091498
BAILEY SMITH,GE,0.2299543,0.94821376,0.0,0.0,0.8253925,0.9402347,0.53166616,0.5618881,0.9469928,0.89413285,0.87262964,0.90445495,0.9539755,0.0,0.93564945,0.15978499,0.0,0.0,0.15093201,0.09748234,0.96118855,0.8825471,0.9144143,0.8916002,0.93397236
HUGH MCCLUGGAGE,BL,0.88072073,0.12535483,0.3583797,0.0,0.94001657,0.91495675,0.03234813,0.2752229,0.9219345,0.3911088,0.57076657,0.7999968,0.95727396,0.59993863,0.3324152,0.4490783,0.0,0.91396713,0.13769403,0.7652989,0.18352556,0.9370377,0.72230166,0.7837364,0.9478489
CALEB SERONG,FR,0.0,0.25049654,0.099404156,0.9279136,0.9455317,0.87538236,0.47037312,0.7204946,0.079210825,0.18823366,0.92328507,0.9060884,0.77252644,0.0,0.9503378,0.95333326,0.19620202,0.027372869,0.91396195,0.9540433,0.57833654,0.4288805,0.9005575,0.15407793,0.7016304
ED RICHARDS,WB,0.0,0.92271215,0.34940967,0.2642573,0.20104432,0.5103162,0.58854496,0.8116868,0.94344,0.7296994,0.87412167,0.89506084,0.0,0.14789562,0.8572995,0.85667735,0.06673917,0.7424344,0.9246477,0.19214584,0.7930555,0.32923818,0.93424547,0.7296308,0.047890626
TOM LIBERATORE,WB,0.0,0.85075915,0.9252834,0.9102493,0.32695916,0.18761364,0.8725309,0.6719116,0.09108528,0.88001156,0.94431126,0.80040205,0.0,0.023824165,0.84751374,0.6634317,0.078559846,0.9399221,0.5717434,0.5989683,0.115479395,0.78431654,0.60279065,0.63416904,0.27599508
JORDAN DAWSON,AD,0.0,0.90690047,0.9293905,0.33684465,0.78772515,0.07081408,0.8257328,0.07670661,0.84974736,0.11623376,0.5715507,0.9306572,0.22060211,0.4319844,0.6183347,0.0,0.7400686,0.55579495,0.9207779,0.16496013,0.35576296,0.7908478,0.9014203,0.5196399,0.7559401
MATT ROWELL,GC,0.9386507,0.87600535,0.0,0.9516692,0.39691296,0.6535743,0.5587654,0.17669581,0.028742466,0.12739907,0.84759456,0.80341125,0.67560214,0.32560837,0.0,0.8334499,0.8193121,0.08811595,0.93270665,0.33165228,0.91896397,0.6226657,0.90488267,0.26103824,0.12984794
MAX HOLMES,GE,0.60530925,0.7682054,0.07546966,0.0,0.087341644,0.9326022,0.3930086,0.033768028,0.10856102,0.6115026,0.24625611,0.9052384,0.7616492,0.958943,0.9458812,0.05623699,0.0,0.93559986,0.046432734,0.90263337,0.83754754,0.94639033,0.83663386,0.27685067,0.72220844
ANDREW BRAYSHAW,FR,0.0,0.12656777,0.04013738,0.79608566,0.87261415,0.8611182,0.88116306,0.92084056,0.037917703,0.7303367,0.67968464,0.14510608,0.8738394,0.0,0.92437,0.8707901,0.4024286,0.19756469,0.8632494,0.20278294,0.8545026,0.6296898,0.2856128,0.068736054,0.07661516
JEREMY CAMERON,GE,0.033227835,0.8927943,0.036624897,0.0,0.6140889,0.7863756,0.1309202,0.21762788,0.035581138,0.1644835,0.9356649,0.9573162,0.94271374,0.051008202,0.94898117,0.10127991,0.0,0.92325175,0.029048556,0.9439428,0.940302,0.83683443,0.84410185,0.03350203,0.908524
GEORGE HEWETT,CA,0.0,0.21387991,0.6987333,0.6283462,0.9088229,0.91980684,0.9491385,0.83469117,0.03456529,0.27647096,0.40055785,0.026082091,0.0,0.8012587,0.8549843,0.8446176,0.06111092,0.051036008,0.76025045,0.0892416,0.18863235,0.790488,0.101644665,0.928035,0.9356406
ISAAC HEENEY,SY,0.12762277,0.6269287,0.5300101,0.0,0.12895145,0.6512525,0.5720664,0.15655464,0.5622687,0.12002028,0.95924354,0.47052604,0.08929219,0.7662233,0.0,0.90467244,0.90189564,0.5503049,0.45536983,0.94857156,0.07665286,0.88701355,0.9484049,0.057209387,0.7714735
JOSH DUNKLEY,BL,0.65465546,0.89805716,0.69606143,0.0,0.7805478,0.35482433,0.040689964,0.5740762,0.7148326,0.69849074,0.40080523,0.15544371,0.072889656,0.16038045,0.046922814,0.9137351,0.0,0.094112694,0.8836652,0.8979637,0.08578737,0.8913382,0.86709535,0.41703272,0.8631385
WILL ASHCROFT,BL,0.86460286,0.3261118,0.2507677,0.0,0.5903427,0.7363349,0.022538107,0.90827477,0.9094034,0.18787248,0.3441909,0.606709,0.76333576,0.745076,0.055927586,0.6197636,0.0,0.20205106,0.8184355,0.8932711,0.055277586,0.75218236,0.53958064,0.15973471,0.60929
MARCUS BONTEMPELLI,WB,0.0,0.0,0.0,0.0,0.0,0.0,0.9270438,0.5198158,0.8284774,0.4872826,0.77454334,0.58795416,0.0,0.11003337,0.09650831,0.96221083,0.1301491,0.7578608,0.92163557,0.38225347,0.9601905,0.76155114,0.8779436,0.93617505,0.93619156
NASIAH WANGANEEN-MILERA,SK,0.0,0.117722586,0.5782851,0.67459995,0.6112456,0.394533,0.051629588,0.4769079,0.64773345,0.25825566,0.1224696,0.6860139,0.5287458,0.0,0.22014233,0.4297602,0.27002203,0.8376196,0.1940628,0.9244302,0.9556229,0.9008975,0.8589095,0.65094334,0.22546564
IZAK RANKINE,AD,0.0,0.90491724,0.26750723,0.9117971,0.3539435,0.6656537,0.715382,0.19178051,0.9464357,0.16050631,0.5736726,0.7636947,0.26924875,0.2498309,0.42032275,0.0,0.517552,0.9560738,0.40611425,0.39130095,0.06055542,0.62921447,0.79861903,0.34610993,0.0
FINN CALLAGHAN,GW,0.91926455,0.807986,0.0,0.07063375,0.44424486,0.16147695,0.08011157,0.13674587,0.6520607,0.7764199,0.0791531,0.0,0.0,0.0,0.88377357,0.8119542,0.0,0.94496536,0.7511841,0.8462779,0.44597715,0.03589301,0.9357798,0.8499609,0.48057073
LACHIE NEALE,BL,0.23683657,0.030884385,0.9472612,0.0,0.94322807,0.68714994,0.12230221,0.95819473,0.64042073,0.057869986,0.45594096,0.8933317,0.58049136,0.13936797,0.64563113,0.18705472,0.0,0.9172238,0.90774053,0.5152473,0.19200167,0.9174052,0.0,0.0,0.0
TOUK MILLER,GC,0.091952264,0.8912843,0.0,0.8903491,0.44910067,0.7328494,0.7494972,0.36266106,0.7548173,0.3563234,0.46139145,0.8639762,0.29531917,0.03165615,0.0,0.94015414,0.604855,0.68471235,0.025036488,0.0,0.0,0.51992476,0.76362073,0.32723427,0.050279863
MATTHEW KENNEDY,WB,0.0,0.13369948,0.068165295,0.74777114,0.52725285,0.5076473,0.66443706,0.9091385,0.6321421,0.5733214,0.8434182,0.86227095,0.0,0.5201479,0.9324225,0.55986875,0.050445285,0.53023916,0.022377884,0.196661,0.46367547,0.2837666,0.47986838,0.18604375,0.044716347
JOSH DAICOS,CW,0.060484543,0.45494854,0.29039982,0.0,0.75111383,0.027652193,0.71896404,0.9075983,0.35310414,0.15398297,0.67775846,0.8089934,0.28352726,0.86134166,0.0,0.8078461,0.7479813,0.48179573,0.9400374,0.20939365,0.832258,0.13319692,0.03155381,0.041281562,0.11761571
ZAK BUTTERS,PA,0.0,0.0,0.0,0.0,0.47975576,0.9118589,0.8286774,0.84606045,0.09168029,0.71458745,0.059000246,0.108501896,0.0,0.9275235,0.43722042,0.30071053,0.74756646,0.58738285,0.9421603,0.07945842,0.47544506,0.030342434,0.5699373,0.43731174,0.7424188
PATRICK CRIPPS,CA,0.0,0.7117921,0.734638,0.18093298,0.03991002,0.9036014,0.106958315,0.874921,0.22231121,0.81890625,0.69389933,0.5875268,0.0,0.16333625,0.21731319,0.18580805,0.081372656,0.15924124,0.4260441,0.82939106,0.10377605,0.8374334,0.20501968,0.55992776,0.6620028
CHRISTIAN PETRACCA,ME,0.0,0.7862227,0.06289905,0.10614805,0.17115907,0.16791491,0.72847486,0.91896063,0.9116429,0.20279585,0.8130869,0.88834375,0.2352494,0.540366,0.097379856,0.0,0.6978722,0.15742609,0.8642932,0.09187376,0.36391792,0.4332174,0.08632597,0.24469367,0.58856744
DAYNE ZORKO,BL,0.87826705,0.78287953,0.56972396,0.0,0.26144695,0.10829152,0.054819465,0.8578774,0.48588285,0.93212754,0.18874425,0.84390056,0.38426873,0.060012475,0.20345233,0.82929194,0.0,0.22468083,0.6612006,0.57587385,0.026678158,0.08570752,0.34382895,0.37482047,0.2847726
CHAD WARNER,SY,0.33617115,0.2644171,0.82586074,0.0,0.035744373,0.09388419,0.23544343,0.39847916,0.7598051,0.5570856,0.9512181,0.33466193,0.06656262,0.6030224,0.0,0.15065539,0.23675002,0.7644481,0.63944,0.6591271,0.039017867,0.6151475,0.8661544,0.05718573,0.40861022
LACHIE WHITFIELD,GW,0.34382954,0.93276006,0.0,0.7052654,0.8834597,0.3272307,0.39072362,0.07361955,0.14337242,0.6513203,0.059240244,0.3036984,0.60092574,0.048788168,0.6831803,0.025987502,0.0,0.0,0.8610362,0.69550973,0.46371952,0.061135285,0.44406047,0.33116665,0.7577173
MAX GAWN,ME,0.0,0.7577382,0.032792456,0.04037667,0.055371292,0.14154567,0.63729864,0.6770902,0.93022054,0.3987955,0.8162749,0.8167433,0.49190515,0.6240636,0.73603046,0.0,0.041257247,0.07944374,0.29306903,0.1812777,0.4341926,0.53400916,0.36785614,0.35671028,0.31845328
HARRY SHEEZEL,NM,0.0,0.34424278,0.7974552,0.12718658,0.31947276,0.2713965,0.1944969,0.38499123,0.47010067,0.5769805,0.45642284,0.065842,0.0,0.56751704,0.7725397,0.7705542,0.02971388,0.0960889,0.47817737,0.20425764,0.05624243,0.69170463,0.6553983,0.9633394,0.36370933
ZACH MERRETT,ES,0.13057074,0.29319304,0.78860337,0.9177373,0.0,0.93688744,0.71138257,0.15032975,0.9418907,0.48564583,0.040464353,0.9013653,0.2241749,0.03206765,0.17880246,0.037294038,0.0,0.85589427,0.4118203,0.43665844,0.10284946,0.19668324,0.54589516,0.0,0.0886936
JAI NEWCOMBE,HW,0.48065552,0.6075514,0.90447503,0.23577096,0.0,0.6850965,0.5078783,0.44197586,0.75453824,0.17265555,0.77744067,0.12721111,0.03933061,0.8851985,0.045227647,0.0,0.81896263,0.57068855,0.19051482,0.060305603,0.05025354,0.0652046,0.61404794,0.18381965,0.08320517
LACHIE ASH,GW,0.3010727,0.049765263,0.0,0.2251969,0.69704026,0.83201003,0.20382018,0.14074947,0.15112022,0.22692344,0.092151046,0.5884255,0.81345135,0.26962087,0.68105173,0.58970064,0.0,0.69331944,0.5598387,0.6287523,0.054547746,0.23635285,0.032566324,0.43063155,0.7962341
JORDAN CLARK,FR,0.0,0.03372726,0.34795344,0.24084325,0.46557575,0.5750609,0.05909777,0.5938197,0.030309953,0.72053707,0.4090035,0.27215692,0.86255395,0.0,0.53663117,0.83397514,0.8999203,0.030761093,0.79629564,0.18786016,0.14059646,0.81675,0.07823431,0.04020295,0.3018569
CONNOR ROZEE,PA,0.0,0.20792004,0.9589863,0.057509847,0.059088234,0.9382903,0.7439247,0.8233884,0.10931039,0.78748524,0.106786296,0.100803845,0.0,0.71567196,0.67565054,0.079681806,0.7380754,0.32013196,0.06931623,0.0,0.091357164,0.0,0.07665685,0.052209817,0.929634
JOHN NOBLE,GC,0.5701735,0.0862308,0.0,0.6456464,0.07598569,0.6505288,0.29402658,0.7342619,0.056981303,0.24514979,0.92475003,0.27243656,0.042602852,0.023764446,0.0,0.044228423,0.6384418,0.7676859,0.60494643,0.027922822,0.6420933,0.40258086,0.29111457,0.034205,0.21796207
JAKE SOLIGO,AD,0.0,0.9109968,0.7681127,0.9039298,0.7644592,0.029783351,0.464965,0.18191102,0.061339475,0.1903477,0.31044045,0.12076682,0.058345318,0.20694534,0.4243177,0.0,0.09436311,0.15321136,0.68538755,0.18308562,0.9567975,0.065801024,0.607322,0.0568341,0.051719304
JACK SINCLAIR,SK,0.0,0.053021263,0.79505545,0.937327,0.5173819,0.16048238,0.033096917,0.0896558,0.076298006,0.26309213,0.75295943,0.5351901,0.6240608,0.0,0.10577107,0.028724732,0.06057572,0.05619387,0.12038509,0.1444895,0.8144105,0.49786317,0.8898333,0.30996147,0.36512735
RILEY THILTHORPE,AD,0.0,0.19919306,0.39970952,0.61364055,0.9355586,0.02908321,0.042051256,0.03996302,0.028518545,0.74084616,0.05383983,0.32100844,0.18592164,0.05819805,0.03390748,0.0,0.9411681,0.022619393,0.95189124,0.02745563,0.62504745,0.8553162,0.2765658,0.0425276,0.74504757
TOBY GREENE,GW,0.3882223,0.86096,0.0,0.1398135,0.8870549,0.95095104,0.028839739,0.04685884,0.046507392,0.07137391,0.04177359,0.91249067,0.042300593,0.022351075,0.0,0.19455178,0.0,0.7799759,0.0761523,0.3795657,0.05711926,0.0,0.8967733,0.35668376,0.9093541
TIM TARANTO,RI,0.0,0.84575164,0.051604692,0.05687056,0.7275819,0.056632064,0.9474817,0.13419135,0.07105019,0.7243081,0.5097447,0.2516943,0.81072766,0.12597619,0.0,0.124524,0.030852485,0.0392939,0.93735844,0.9589327,0.0,0.0,0.20431826,0.02997148,0.24432643
BAILEY DALE,WB,0.0,0.90798557,0.2561847,0.11898154,0.11481188,0.04157708,0.864732,0.07429169,0.57022977,0.29076573,0.89152527,0.059081547,0.0,0.07480919,0.93328226,0.11547995,0.14535187,0.06348653,0.05503783,0.46085653,0.08542661,0.16625287,0.60540336,0.9127701,0.057662718
LUKE DAVIES-UNIACKE,NM,0.0,0.18269697,0.5647144,0.03877015,0.07113788,0.15272783,0.067778945,0.48413774,0.40386876,0.86694175,0.80420876,0.11329216,0.0,0.08822997,0.48843414,0.8495316,0.10282798,0.036536787,0.0,0.13055474,0.103286795,0.17432475,0.10478652,0.9622297,0.8706227
AARON NAUGHTON,WB,0.0,0.37258783,0.024555601,0.023364373,0.027797299,0.030156823,0.50762576,0.09305541,0.6878941,0.022694875,0.044691283,0.029998075,0.0,0.02438512,0.06368548,0.0336842,0.79892325,0.9589255,0.9159121,0.049441338,0.9557317,0.9242466,0.9343587,0.035267416,0.031356834
TIM ENGLISH,WB,0.0,0.042062983,0.043858763,0.22370544,0.45916095,0.45980254,0.23234242,0.68543404,0.9284802,0.0329603,0.2196762,0.04184738,0.0,0.48529458,0.4167501,0.8247991,0.102957055,0.37184295,0.31793916,0.035220865,0.37213153,0.55267084,0.14820714,0.2541889,0.11039834
CLAYTON OLIVER,ME,0.0,0.41419947,0.38138387,0.20622464,0.36093596,0.13702136,0.26312056,0.22552097,0.0,0.023163961,0.45857662,0.90798646,0.025585184,0.7398,0.17703302,0.0,0.1957219,0.060664028,0.21740472,0.17998399,0.27806777,0.7141738,0.23356394,0.6977299,0.33588424
BRODIE GRUNDY,SY,0.027968831,0.066883445,0.0664885,0.0,0.22460485,0.14881882,0.3001567,0.02335741,0.10047635,0.53050405,0.34739017,0.41833538,0.107722335,0.56508595,0.0,0.587896,0.7908123,0.5264625,0.55400014,0.3058421,0.17706776,0.91390175,0.10672853,0.0,0.24848588
ZAC BAILEY,BL,0.2224016,0.8020278,0.03738736,0.0,0.14670447,0.85219854,0.030012008,0.8700105,0.053400844,0.034919724,0.5653697,0.039158482,0.0915402,0.1590962,0.025489187,0.076874316,0.0,0.9259681,0.07349664,0.0,0.09252234,0.30555904,0.44739294,0.91951317,0.31175908
ROWAN MARSHALL,SK,0.0,0.03573875,0.89497674,0.45659605,0.087151974,0.027300349,0.037530314,0.14416665,0.12515225,0.27421647,0.53055197,0.03513277,0.15259159,0.0,0.19704093,0.14674386,0.38138968,0.48561788,0.036316957,0.0849948,0.17422296,0.8884524,0.6771374,0.57575196,0.62771845
KYSAIAH PICKETT,ME,0.0,0.0,0.0,0.0,0.038918134,0.19980185,0.95025706,0.26619667,0.095824674,0.05899134,0.6169304,0.90731245,0.027771259,0.35983363,0.054711673,0.0,0.7127118,0.6215991,0.22304158,0.8852456,0.11026038,0.7003248,0.10427277,0.023355586,0.10630507
JACK MACRAE,SK,0.0,0.5811687,0.9180846,0.8812543,0.6895615,0.03460395,0.047638047,0.16928235,0.9391455,0.058129154,0.21784537,0.0,0.0,0.0,0.03473556,0.42429653,0.48746485,0.60388887,0.14206924,0.0807093,0.23381561,0.1517723,0.29823563,0.03207383,0.024516791
JACK GUNSTON,HW,0.0,0.0,0.026326993,0.0736994,0.0,0.8826026,0.5188447,0.82762384,0.5962339,0.3049549,0.0,0.023193255,0.02929834,0.043794118,0.054230746,0.0,0.9561501,0.0450322,0.028219014,0.06239074,0.50687987,0.26163214,0.71499795,0.93931794,0.023815067
SAM DARCY,WB,0.0,0.0464293,0.7883925,0.24752952,0.93681157,0.12587681,0.027988737,0.0,0.0,0.0,0.0,0.0,0.0,0.0,0.7542185,0.95061135,0.053132437,0.7205184,0.03464585,0.04786464,0.9438116,0.9241356,0.09306879,0.08017277,0.049618203
GRYAN MIERS,GE,0.061458636,0.17712863,0.035324737,0.0,0.5796899,0.16181624,0.033473838,0.0,0.0,0.13355689,0.45371118,0.43338314,0.83115757,0.61925554,0.5971314,0.03449129,0.0,0.8054077,0.11835736,0.2864711,0.10638936,0.8363296,0.11762824,0.17965333,0.1912981
DARCY CAMERON,CW,0.241197,0.06714782,0.24476776,0.0,0.38456672,0.2835384,0.12126634,0.2995735,0.74272335,0.2563759,0.055037033,0.0620495,0.50333774,0.1350535,0.0,0.84678656,0.6451872,0.33796582,0.050800446,0.34494272,0.13602415,0.043440744,0.034428075,0.8041739,0.05720341
DYLAN MOORE,HW,0.08680951,0.8221495,0.030266298,0.09596571,0.0,0.09228853,0.025120838,0.08522842,0.027219709,0.4979484,0.09849132,0.02898285,0.04588099,0.5654489,0.802906,0.0,0.03546277,0.19662453,0.042824686,0.9297873,0.7003579,0.0260071,0.4950225,0.92257506,0.041087292
STEELE SIDEBOTTOM,CW,0.026353475,0.83034205,0.5283186,0.0,0.5192972,0.7155392,0.5486526,0.911687,0.20549616,0.023867073,0.34457344,0.0,0.7460528,0.45772985,0.0,0.061066788,0.08363314,0.0,0.022422703,0.06676238,0.19034763,0.19498868,0.03395308,0.065984026,0.054313716
SHAI BOLTON,FR,0.0,0.0,0.03881973,0.18514787,0.0774467,0.36370686,0.69982255,0.4245247,0.023355098,0.80891067,0.93229234,0.119586766,0.723653,0.0,0.21555755,0.089851595,0.06662112,0.061682247,0.19786154,0.05261888,0.5328288,0.068313465,0.52460057,0.02340753,0.26381582
SHAUN MANNAGH,GE,0.0,0.0,0.0,0.0,0.10831602,0.039450172,0.44390267,0.46707898,0.34310848,0.09795315,0.28608486,0.4525372,0.14450258,0.3231081,0.52318066,0.024394203,0.0,0.24093144,0.040735956,0.86892897,0.09360158,0.52987134,0.66865003,0.7258319,0.06950485
BEN KING,GC,0.91932094,0.9219904,0.0,0.8196352,0.026626898,0.7734447,0.022377884,0.66266465,0.0273093,0.052912805,0.023855124,0.023824818,0.022451919,0.022425592,0.0,0.023297863,0.07765337,0.42820168,0.024784954,0.022540282,0.030210229,0.5237984,0.9375942,0.024356905,0.024582468
KARL AMON,HW,0.64371324,0.7034618,0.23301925,0.09551045,0.0,0.031411245,0.37500077,0.05609708,0.0,0.07088768,0.48611352,0.088020466,0.0318164,0.07745678,0.08868878,0.0,0.7838772,0.12516238,0.60491335,0.13591447,0.051905848,0.06258437,0.3699782,0.2808849,0.64192414
ADAM CERRA,CA,0.0,0.2877271,0.3977917,0.49615395,0.05729231,0.47633347,0.82687247,0.3720008,0.035203464,0.08079299,0.62024766,0.20539922,0.0,0.5632929,0.76305056,0.14247835,0.026133686,0.14113416,0.06594383,0.4174506,0.03788263,0.0,0.0,0.0,0.0
RORY LAIRD,AD,0.0,0.66170025,0.27437016,0.82102937,0.028019387,0.054334916,0.1216992,0.16303325,0.26792172,0.1279144,0.20068723,0.414519,0.0,0.36244968,0.07965351,0.0,0.56537455,0.21194062,0.14889514,0.362363,0.3608747,0.0,0.40316388,0.0,0.3277374
JACK CRISP,CW,0.036974557,0.6114227,0.3116482,0.0,0.14552239,0.10664806,0.15739812,0.09868945,0.049456652,0.94522923,0.055807777,0.06659319,0.18733646,0.26015455,0.0,0.15820597,0.78086764,0.6657065,0.18804054,0.43675217,0.06410795,0.032277405,0.033306036,0.39873624,0.16092485
SAM DURHAM,ES,0.028119303,0.3379968,0.057794638,0.8423642,0.0,0.79866356,0.07725646,0.309467,0.24715748,0.27413064,0.090378225,0.81578016,0.022405608,0.546949,0.0,0.0,0.0,0.27151248,0.25074047,0.0231688,0.09375188,0.07699643,0.06640226,0.68070334,0.0
ERROL GULDEN,SY,0.0,0.0,0.0,0.0,0.0,0.0,0.0,0.0,0.0,0.0,0.0,0.0,0.0,0.0,0.0,0.15492971,0.81000143,0.8353416,0.6297932,0.2594749,0.6008597,0.82306796,0.6804145,0.14457698,0.94348764
JACOB HOPPER,RI,0.0,0.07248611,0.062865674,0.057949394,0.58274734,0.2191125,0.52415615,0.059335176,0.068230905,0.14899753,0.44231936,0.1311449,0.77676237,0.031010536,0.0,0.05379945,0.08762523,0.06932954,0.68733966,0.9312198,0.370739,0.051605605,0.049124517,0.14880228,0.23876625
BEN KEAYS,AD,0.0,0.28258213,0.87408483,0.5571613,0.050442174,0.14164282,0.24457029,0.035249088,0.063325614,0.34601474,0.029943097,0.073726304,0.32314688,0.3666408,0.2502024,0.0,0.07694319,0.51683295,0.21089898,0.1260129,0.6758394,0.09775616,0.024910064,0.060332518,0.32218304
OLLIE WINES,PA,0.0,0.20881496,0.8299559,0.7653041,0.08953794,0.43976605,0.02653241,0.35413736,0.050114226,0.71661294,0.10859554,0.24041246,0.0,0.18240717,0.2530319,0.0,0.0,0.045078598,0.49753356,0.21544771,0.049137507,0.16715822,0.3673865,0.034229692,0.0
NIC MARTIN,ES,0.0,0.19513604,0.04494548,0.2924684,0.0,0.6853779,0.77530825,0.03828015,0.16041423,0.93104494,0.13010095,0.95912886,0.75907063,0.4338852,0.11492322,0.046683103,0.0,0.03922401,0.025807854,0.0,0.0,0.0,0.0,0.0,0.0
JAMIE ELLIOTT,CW,0.029321715,0.05338063,0.059439898,0.0,0.02684995,0.095674776,0.053558465,0.9523027,0.0382761,0.947619,0.03778307,0.86698383,0.9108138,0.023032334,0.0,0.062030382,0.039606903,0.88004476,0.16872849,0.038844816,0.061980862,0.022580564,0.02297656,0.040889893,0.15767223
LUKE PARKER,NM,0.0,0.034449656,0.19326462,0.07242461,0.28544897,0.05196515,0.16855676,0.43267292,0.03631472,0.6882287,0.040387344,0.024319485,0.0,0.2881634,0.71443576,0.38015375,0.11356968,0.0,0.33880416,0.023160348,0.17249094,0.027580556,0.43086818,0.7783531,0.2849577
JY SIMPKIN,NM,0.0,0.8458398,0.35196865,0.70177174,0.034007672,0.29936397,0.038844187,0.09613766,0.51355284,0.10722449,0.20767118,0.14980549,0.0,0.5884264,0.022842163,0.049886424,0.023893068,0.03844238,0.03235843,0.2705353,0.048507236,0.0,0.0,0.5468689,0.6114012
JASON HORNE-FRANCIS,PA,0.0,0.17235988,0.14643337,0.103635356,0.893044,0.8624883,0.16860262,0.8881447,0.07503417,0.25886112,0.027475616,0.0,0.0,0.0,0.82239175,0.03443142,0.04369982,0.103744105,0.94397116,0.0,0.0,0.0,0.0,0.0,0.0
TRISTAN XERRI,NM,0.0,0.48249078,0.26268858,0.034755398,0.038406502,0.030487897,0.09716303,0.6326697,0.75951886,0.39795712,0.6396036,0.114331946,0.0,0.38348356,0.09065222,0.07641768,0.044722695,0.07459429,0.024313504,0.0,0.0,0.0,0.0812689,0.46191087,0.7950908
LUKE JACKSON,FR,0.0,0.03826957,0.09737235,0.28365663,0.098485455,0.0,0.0,0.0,0.023002464,0.057263464,0.4433758,0.6544971,0.77716297,0.0,0.07655871,0.8951499,0.09747907,0.051591855,0.076128855,0.029839898,0.44310215,0.8287973,0.3476322,0.022529528,0.028084658
SCOTT PENDLEBURY,CW,0.026892638,0.028376844,0.1644516,0.0,0.5712727,0.5395718,0.10114265,0.83646786,0.52635616,0.0,0.102913946,0.0,0.12300928,0.45148998,0.0,0.17073567,0.9108321,0.2739025,0.037380554,0.0707568,0.0,0.094819926,0.042893924,0.21140824,0.056361
MITCH GEORGIADES,PA,0.0,0.022535197,0.710863,0.0398371,0.20619054,0.41868806,0.060405985,0.19236791,0.023906497,0.02819788,0.031659402,0.02372186,0.0,0.032402594,0.9571084,0.02686005,0.9323972,0.31521603,0.21407601,0.027905753,0.040717363,0.029064162,0.072664976,0.023752972,0.872168
SAM WALSH,CA,0.0,0.21667314,0.1694395,0.18466869,0.6087507,0.93649256,0.45328057,0.49372733,0.060991976,0.15420315,0.06519954,0.14163876,0.0,0.9046632,0.0,0.0,0.0,0.0,0.0,0.0,0.0,0.0,0.0,0.67270744,0.21745035
MARCUS WINDHAGER,SK,0.0,0.05494993,0.8994589,0.1479441,0.09989278,0.061424777,0.029847447,0.031316075,0.13425843,0.0263058,0.02735343,0.03329845,0.838812,0.0,0.02652611,0.029468523,0.04591626,0.3333508,0.8768815,0.034853537,0.16263759,0.071489826,0.8512633,0.3255407,0.061476607
JAMES PEATLING,AD,0.0,0.099385485,0.029450746,0.24618354,0.71442205,0.07983286,0.0,0.036089566,0.14736244,0.43700662,0.15171838,0.28259173,0.33482316,0.124001116,0.0,0.0,0.06672922,0.47911575,0.028610464,0.39549646,0.81148434,0.04225665,0.029481146,0.07208836,0.45195353
TOM DE KONING,CA,0.0,0.6810506,0.16950673,0.7416397,0.068901874,0.039897423,0.088626124,0.7959558,0.034701698,0.40262514,0.0,0.032872252,0.0,0.6849978,0.78795207,0.03230119,0.040418122,0.022412242,0.027401784,0.030885058,0.024711799,0.063457265,0.036455147,0.08469939,0.06498584
CHRISTIAN SALEM,ME,0.0,0.30658203,0.05491932,0.030858444,0.025606377,0.03571202,0.21880198,0.7957394,0.032210685,0.02571277,0.26981723,0.90773344,0.024944272,0.03894159,0.026734972,0.0,0.04642137,0.052523546,0.47061327,0.23463121,0.059958044,0.7505629,0.07024638,0.17383437,0.22075333
JACK STEELE,SK,0.0,0.036706842,0.27656496,0.0,0.0,0.036704745,0.02392148,0.4675378,0.43854505,0.07945218,0.033431254,0.84340453,0.47103006,0.0,0.055121016,0.037227318,0.15308522,0.32270676,0.49983114,0.18038756,0.033847783,0.028010618,0.25128582,0.55984527,0.04395538
NICK BLAKEY,SY,0.13776533,0.12674083,0.24148841,0.0,0.05658725,0.03237226,0.21226248,0.072284356,0.09643766,0.17922074,0.07320334,0.039761856,0.024025826,0.8383007,0.0,0.13366215,0.1367137,0.11613507,0.09723012,0.6030046,0.035913907,0.79508084,0.22934186,0.059677776,0.44107708
JAMES SICILY,HW,0.62688226,0.24091585,0.23887283,0.13365526,0.0,0.10059558,0.07853058,0.32268113,0.39398992,0.4045745,0.053516738,0.03170094,0.023710815,0.0,0.0,0.0,0.0,0.06359396,0.10281309,0.23888567,0.5119994,0.10178666,0.59756154,0.34695765,0.04267734
LOGAN MORRIS,BL,0.02298601,0.023188699,0.039189443,0.0,0.044053856,0.7777686,0.022395229,0.024836369,0.0,0.023211239,0.08195066,0.024426272,0.08710425,0.02563706,0.6250168,0.9070974,0.0,0.030302798,0.034184914,0.038838916,0.022425592,0.95486635,0.037761707,0.7741511,0.022676734
SHANNON NEALE,GE,0.023173613,0.088267535,0.031352136,0.0,0.027997365,0.022708215,0.025964579,0.022425592,0.028804602,0.02425247,0.03450928,0.91591096,0.02545078,0.026037475,0.75792146,0.023628479,0.0,0.2587751,0.19272886,0.029546801,0.8225498,0.44884434,0.05564182,0.7326234,0.0
JOEL FREIJAH,WB,0.0,0.71554464,0.119026326,0.04410639,0.023759907,0.02999302,0.8091833,0.65359014,0.19108143,0.095744394,0.06894061,0.026494399,0.0,0.035540305,0.1459467,0.07957201,0.90726405,0.0705889,0.023065941,0.030158058,0.05620994,0.03862296,0.13137707,0.056150638,0.26598078
COLBY MCKERCHER,NM,0.0,0.028975893,0.048488885,0.03406878,0.036880303,0.02334504,0.024120864,0.06690007,0.023632083,0.03368213,0.27339518,0.024155717,0.0,0.9028093,0.1242646,0.81890625,0.08048166,0.18595482,0.12555994,0.05669737,0.060068533,0.67579746,0.11976674,0.7769811,0.058861993
JACK VINEY,ME,0.0,0.195007,0.0722219,0.03507601,0.02669502,0.032434706,0.73848397,0.13390325,0.31363428,0.0,0.0,0.0,0.0,0.0,0.053945348,0.0,0.049970035,0.6917044,0.28342533,0.14039747,0.7616736,0.77970874,0.030984826,0.14222825,0.11747486
REILLY OBRIEN,AD,0.0,0.19081199,0.09618316,0.10218769,0.035529245,0.025462154,0.23429345,0.078847215,0.10070757,0.37429634,0.03517013,0.6258952,0.21421811,0.16422588,0.09341034,0.0,0.28639862,0.14403531,0.4224734,0.12038723,0.27916515,0.545428,0.2241538,0.11126254,0.0811199
TOM POWELL,NM,0.0,0.24402238,0.8427113,0.027440496,0.048647434,0.027858794,0.029430553,0.074242,0.5382227,0.030547809,0.22725242,0.27769557,0.0,0.67601043,0.073809795,0.86526954,0.0228191,0.09623519,0.083036326,0.076410174,0.08210332,0.08332395,0.024841577,0.09046054,0.02459673
JYE CALDWELL,ES,0.0,0.8514481,0.08499352,0.33018246,0.0,0.0,0.0,0.0,0.0,0.07216226,0.026746968,0.60911846,0.86411864,0.743432,0.4776373,0.46613362,0.0,0.026246365,0.0,0.0,0.0,0.0,0.0,0.0,0.0
LUKE RYAN,FR,0.0,0.03372702,0.11454075,0.08092776,0.70264834,0.055875063,0.05887225,0.31878668,0.04149118,0.40550515,0.09827678,0.32373056,0.15538949,0.0,0.14099254,0.83739203,0.16854486,0.06795457,0.19096352,0.2170749,0.051549144,0.07000471,0.11571687,0.033813365,0.21084368
JARROD WITTS,GC,0.272184,0.31314725,0.0,0.06632819,0.32438082,0.26770332,0.040805385,0.24227452,0.029264368,0.120767154,0.14881748,0.17646079,0.038199484,0.049072623,0.0,0.7727057,0.16945933,0.0,0.18745369,0.024516165,0.4568732,0.13339153,0.5216413,0.078949586,0.02787302
LLOYD MEEK,HW,0.18977875,0.054738495,0.06383807,0.23653762,0.0,0.061746653,0.19387074,0.5402466,0.072323054,0.03683062,0.0,0.026547255,0.06560231,0.62965673,0.21709359,0.0,0.12745035,0.77047884,0.09671038,0.10111458,0.07484582,0.19345173,0.47508326,0.07143436,0.054581217
JARMAN IMPEY,HW,0.03907771,0.03216537,0.07194881,0.03550997,0.0,0.022866987,0.03491753,0.06547755,0.09389869,0.23850495,0.0,0.0,0.027835164,0.16384512,0.7228468,0.0,0.11137163,0.21902856,0.049520187,0.86242765,0.20019531,0.058962226,0.47543767,0.79177564,0.034157272
ARCHIE ROBERTS,ES,0.080171935,0.03490198,0.026129322,0.13261178,0.0,0.6394995,0.05631874,0.03956361,0.1918965,0.34789324,0.069275714,0.9081983,0.048073746,0.027939172,0.07113061,0.06484703,0.0,0.029910142,0.61725676,0.02729915,0.046726447,0.038496707,0.20831211,0.48176882,0.13010746
ANDREW MCGRATH,ES,0.042660773,0.1223568,0.027443577,0.02897657,0.0,0.40865657,0.18527009,0.03127614,0.045444768,0.8422923,0.037069198,0.74876404,0.024168855,0.106234245,0.027396677,0.036097884,0.0,0.023035021,0.04404805,0.03267808,0.03382396,0.32228085,0.07072272,0.79850304,0.19820397
BAILEY HUMPHREY,GC,0.07869792,0.16707851,0.0,0.4530494,0.034301873,0.028192101,0.022359218,0.90611875,0.05463723,0.44104347,0.10661388,0.025864841,0.024004512,0.02498916,0.0,0.7328101,0.058989134,0.10718485,0.05940622,0.023611763,0.6675826,0.121319994,0.03385818,0.0,0.0
JOSH KELLY,GW,0.9238604,0.348552,0.0,0.04261655,0.66501015,0.83519745,0.02717287,0.034639392,0.0,0.0,0.0,0.0,0.108984426,0.033696435,0.121831164,0.043176416,0.0,0.88875514,0.055597052,0.0,0.027370306,0.0,0.0,0.0,0.0
JOSH TREACY,FR,0.0,0.02515434,0.30858845,0.47295213,0.5072656,0.9451272,0.024344305,0.21276946,0.026641048,0.025606524,0.04146125,0.034437865,0.051895417,0.0,0.23837383,0.21234363,0.03816453,0.026475407,0.06753241,0.024713172,0.031538542,0.3020859,0.028571138,0.03375759,0.46402517
PATRICK DANGERFIELD,GE,0.092492335,0.0426933,0.055702202,0.0,0.82560796,0.71961844,0.45563933,0.024447592,0.6070123,0.024345418,0.029596038,0.0,0.0,0.026659744,0.105137095,0.027298974,0.0,0.06943748,0.022570958,0.46657136,0.046676442,0.3195718,0.0,0.06071817,0.083444856
JOSH WORRELL,AD,0.0,0.42008868,0.084049165,0.06479217,0.04286774,0.029057927,0.07654996,0.049125317,0.34987104,0.18408115,0.038937688,0.3215934,0.2817345,0.074059874,0.04703583,0.0,0.3963894,0.086355925,0.1774016,0.32683033,0.11163273,0.20394078,0.06066425,0.6006617,0.0708618
TOM ATKINS,GE,0.039064858,0.038020283,0.08069676,0.0,0.03640137,0.2144373,0.40196025,0.061313394,0.086966835,0.060613643,0.28409353,0.0961888,0.10463684,0.6090468,0.07766019,0.081380375,0.0,0.033342518,0.0920134,0.17941704,0.477677,0.089737386,0.07065926,0.17164081,0.6620544
JESSE HOGAN,GW,0.0,0.0,0.0,0.34133574,0.9173432,0.033742156,0.0,0.036519494,0.027461642,0.94668096,0.029021094,0.5035147,0.031040102,0.026367024,0.95800865,0.045605052,0.0,0.0,0.028438883,0.0,0.07529124,0.023396518,0.0,0.0,0.0
DARCY WILMOT,BL,0.037665743,0.3680806,0.24003166,0.0,0.105727784,0.039024662,0.026332922,0.778957,0.046155907,0.060673714,0.03174693,0.030761063,0.034753583,0.02550494,0.04362784,0.03405516,0.0,0.055062134,0.7843709,0.040994518,0.032163665,0.060766026,0.431676,0.21664585,0.4850538
BEN LONG,GC,0.050166767,0.6042951,0.0,0.055032216,0.03110053,0.5620141,0.2099488,0.035289273,0.0,0.040182073,0.8120415,0.16978608,0.03349945,0.02254822,0.0,0.028210344,0.03336593,0.024032418,0.026840761,0.023610465,0.7275678,0.19080736,0.11264567,0.028304564,0.15568624
JACK GINNIVAN,HW,0.038010396,0.044307344,0.029030817,0.025268849,0.0,0.022821875,0.0,0.10724425,0.4154568,0.04800055,0.27030963,0.023049856,0.5008645,0.45521683,0.05278545,0.0,0.14618891,0.06797292,0.41874585,0.09608086,0.06937906,0.10812166,0.3844303,0.1916284,0.41635585
JARROD BERRY,BL,0.04613579,0.3863689,0.5936441,0.0,0.0714557,0.07292727,0.027884904,0.07030338,0.075275235,0.027073335,0.0,0.08113617,0.59495145,0.4472266,0.045103822,0.58774227,0.0,0.04206039,0.3525217,0.19072211,0.032444183,0.04305941,0.047126167,0.07256871,0.0
TOM STEWART,GE,0.0,0.37679976,0.02237123,0.0,0.4319221,0.0,0.036248438,0.026824936,0.0,0.0,0.0,0.1253353,0.08829154,0.67778814,0.22373332,0.06596459,0.0,0.14403594,0.22924455,0.036845777,0.09423407,0.103622995,0.27316603,0.4430423,0.48769468
CALEB DANIEL,NM,0.0,0.062495902,0.8037701,0.3077361,0.039782755,0.2595107,0.04236536,0.06269836,0.07677553,0.03798458,0.18804152,0.07690251,0.0,0.5987038,0.052522127,0.12947729,0.042405628,0.049065717,0.105480514,0.05404591,0.029298645,0.50490063,0.035461776,0.22840399,0.055942014
TRENT RIVERS,ME,0.0,0.11121874,0.025286524,0.04210281,0.022965962,0.0320464,0.6803021,0.74947804,0.45558235,0.035250034,0.4649857,0.11061487,0.026356595,0.09906635,0.024024133,0.0,0.12988591,0.06924001,0.063787155,0.2864141,0.16665146,0.07435018,0.08645765,0.028847901,0.047021315
LEVI ASHCROFT,BL,0.027319012,0.24069083,0.041934125,0.0,0.08233805,0.19994688,0.02516786,0.1491974,0.7506638,0.060354993,0.055229023,0.15606941,0.038150445,0.097333364,0.024226299,0.24500877,0.0,0.061810132,0.030548153,0.22083648,0.023284711,0.1290844,0.7072254,0.3629134,0.08411068
JAMES WORPEL,HW,0.07835624,0.0,0.0,0.0,0.0,0.14088592,0.19370212,0.56607383,0.07174983,0.62666863,0.09754843,0.048150428,0.033503544,0.042356107,0.0,0.0,0.0,0.055416927,0.084163845,0.73149925,0.12568375,0.025417449,0.24846795,0.5728415,0.041066755
DANIEL CURTIN,AD,0.0,0.024361541,0.034172125,0.07182036,0.027497921,0.022377884,0.026537582,0.02256919,0.043841142,0.022650724,0.035424244,0.076329604,0.059591427,0.03863464,0.05193095,0.0,0.8016415,0.030424958,0.84139955,0.49550363,0.458683,0.4865116,0.025159363,0.057207447,0.02322227
JASPA FLETCHER,BL,0.029691756,0.023506468,0.07905389,0.0,0.19745517,0.33324158,0.026100012,0.056022245,0.13641304,0.21627228,0.04227319,0.103961095,0.2501081,0.26881522,0.030459795,0.2906537,0.0,0.07204002,0.15208262,0.1920526,0.034156013,0.2596947,0.06077663,0.82667845,0.09317849
JOEL JEFFREY,GC,0.12562872,0.08095244,0.0,0.03822621,0.041986216,0.24393895,0.026998715,0.032508813,0.07956751,0.03842682,0.02516493,0.6301281,0.029833132,0.07885307,0.0,0.037649587,0.049436785,0.8872409,0.03932524,0.03897576,0.81193113,0.30107522,0.031608015,0.025688829,0.022766877
CAM RAYNER,BL,0.07756493,0.06165686,0.025367744,0.0,0.18926214,0.068894714,0.025388468,0.14722952,0.15858029,0.26156327,0.022507947,0.030282978,0.08192504,0.08195084,0.101054415,0.79920167,0.0,0.16439904,0.23767522,0.05044437,0.05433814,0.3053917,0.0985916,0.07570792,0.5491484
HARRIS ANDREWS,BL,0.155298,0.036036756,0.4843476,0.0,0.0490345,0.16844527,0.094727024,0.03306917,0.5402406,0.03922464,0.027340176,0.062383283,0.14901116,0.1041666,0.023807717,0.4288144,0.0,0.21558967,0.040811785,0.08948556,0.035797093,0.15889566,0.14488755,0.33114016,0.1764339
OLIVER DEMPSEY,GE,0.025077581,0.08640904,0.029299656,0.0,0.68831617,0.13802934,0.10040066,0.027585763,0.05718121,0.28546476,0.51960075,0.063941196,0.0421497,0.044057984,0.15083869,0.0253662,0.0,0.15036409,0.05558963,0.64699596,0.0956947,0.05351932,0.025484858,0.20806041,0.04374369
NED LONG,CW,0.02934049,0.5629946,0.024862172,0.0,0.029292915,0.8312387,0.074400835,0.36367178,0.032662444,0.025518449,0.047494404,0.50223625,0.25760314,0.0786183,0.0,0.026561609,0.07227075,0.030099934,0.0360441,0.052178763,0.23714173,0.023468493,0.022377884,0.15254056,0.048969794
HARRY MCKAY,CA,0.0,0.047369447,0.0,0.0,0.0,0.027200801,0.0,0.91030145,0.023011394,0.8588409,0.11202632,0.054885957,0.0,0.0,0.0,0.0,0.0,0.0,0.0,0.0,0.025479969,0.04324912,0.1392716,0.9537202,0.36584565
JAKE BOWEY,ME,0.0,0.036984134,0.045740794,0.095704995,0.030530522,0.044203404,0.62734646,0.886818,0.057045355,0.121895835,0.329882,0.050136484,0.026031485,0.09884728,0.034932863,0.0,0.09148406,0.11234915,0.043178003,0.13520701,0.027088303,0.33588573,0.05704528,0.17127663,0.098991014
RHYLEE WEST,WB,0.0,0.09621531,0.022975203,0.023181647,0.02951249,0.24184191,0.14405526,0.062333804,0.038185325,0.04577312,0.8053092,0.039678566,0.0,0.023523062,0.07943689,0.16064784,0.02402867,0.033869475,0.027507538,0.80214256,0.48740906,0.02595474,0.030460067,0.16453144,0.13188423
AARON CADMAN,GW,0.030932548,0.025507327,0.0,0.022377884,0.02834366,0.035426207,0.02238642,0.023141643,0.027594805,0.027724022,0.022315672,0.02663374,0.034488432,0.023366423,0.9433416,0.028108174,0.0,0.045957677,0.95802665,0.034740932,0.19291201,0.026577707,0.7718076,0.13566262,0.025889074
BAILEY WILLIAMS,WB,0.0,0.0426862,0.029051026,0.19809635,0.028466986,0.03684445,0.79874694,0.06435407,0.11318619,0.0333021,0.10027157,0.022412242,0.0,0.02806807,0.7482637,0.2650099,0.060368065,0.03605473,0.024159864,0.048252568,0.48113224,0.055567734,0.10093133,0.15615147,0.027023477
CALLUM WILKIE,SK,0.0,0.042524893,0.15309931,0.0468685,0.153147,0.031047653,0.12704854,0.046623245,0.44030175,0.07137693,0.07131581,0.049373556,0.81460226,0.0,0.07280592,0.038680714,0.060842615,0.028895281,0.34586346,0.031062514,0.10731419,0.12259163,0.52011245,0.04719327,0.048279524
MILES BERGMAN,PA,0.0,0.026626399,0.16939346,0.20379484,0.18156707,0.030723749,0.024528645,0.026325911,0.033761915,0.5313782,0.03376112,0.07836101,0.0,0.6295779,0.40213838,0.024315683,0.8540964,0.045036733,0.070041426,0.027592842,0.042841647,0.0,0.0,0.0,0.0
MASSIMO DAMBROSIO,HW,0.13160236,0.02388758,0.4960854,0.039817452,0.0,0.029743006,0.02744693,0.045445606,0.9454214,0.33010834,0.029765066,0.025131296,0.024414316,0.03864323,0.051995832,0.0,0.059449535,0.10535569,0.04019511,0.074806966,0.103297226,0.22623673,0.32332513,0.050195426,0.02285052
JOSH WARD,HW,0.0,0.14895667,0.13293903,0.08195219,0.0,0.026901629,0.024706798,0.24823958,0.034280386,0.08912877,0.07456768,0.031599406,0.07585632,0.75729936,0.09314215,0.0,0.12306289,0.026168069,0.0284142,0.77189326,0.16285066,0.02697008,0.11893401,0.11675508,0.025911946
JUSTIN MCINERNEY,SY,0.044490647,0.09675733,0.0,0.0,0.0,0.0,0.026490036,0.14254402,0.22621788,0.09832211,0.39503032,0.0,0.12642513,0.31221682,0.0,0.23316976,0.033040132,0.08442178,0.17550088,0.41344985,0.024425806,0.73787045,0.036525644,0.0,0.0
ZACH GUTHRIE,GE,0.0358724,0.15897329,0.051401515,0.0,0.8126779,0.08998351,0.030506024,0.042767026,0.04241349,0.03144542,0.16329813,0.112801805,0.042145316,0.04860295,0.16720267,0.022354916,0.0,0.7509471,0.03944933,0.044141054,0.06981635,0.14856653,0.14837936,0.06112639,0.0690432
BAYLEY FRITSCH,ME,0.0,0.029442396,0.022402575,0.024245333,0.041010335,0.022522438,0.0,0.02524287,0.03177839,0.022483008,0.026588708,0.12531948,0.025986137,0.16658135,0.059752822,0.0,0.028472453,0.022388017,0.84866947,0.20246896,0.34735107,0.7887335,0.06893412,0.023492731,0.21053143
JAKE MELKSHAM,ME,0.0,0.0,0.0,0.022360142,0.022386394,0.023535004,0.032670423,0.0,0.042246345,0.0,0.6028327,0.13429148,0.023381764,0.026251102,0.022390818,0.0,0.92970437,0.1570961,0.8984941,0.02410355,0.03482304,0.02841967,0.038331762,0.022377884,0.06496369
HARRY HIMMELBERG,GW,0.13750882,0.2492142,0.0,0.12296619,0.25243044,0.05222876,0.03327007,0.02756136,0.03076279,0.08957616,0.027615864,0.057535734,0.09446532,0.03764068,0.028153667,0.058423292,0.0,0.1570023,0.056481063,0.4044765,0.18702014,0.045485027,0.5719216,0.03536056,0.3292287
JOSH RACHELE,AD,0.0,0.26406944,0.83482283,0.027022285,0.0,0.0,0.0,0.024079194,0.42766517,0.023970295,0.039647907,0.9467387,0.2852374,0.10368103,0.034028362,0.0,0.026290324,0.022633737,0.0,0.0,0.0,0.0,0.0,0.0,0.0
JOSH BATTLE,HW,0.047760125,0.0927456,0.105124,0.03961646,0.0,0.031546686,0.030704299,0.5155384,0.73334736,0.06916215,0.022947567,0.043014333,0.026763259,0.107888736,0.046874944,0.0,0.08096281,0.1838528,0.030845877,0.15316628,0.06356227,0.071960844,0.44120613,0.048168376,0.03536818
SAM FLANDERS,GC,0.090235755,0.0,0.0,0.5971334,0.36840957,0.16543211,0.025290264,0.1100862,0.036118787,0.033764258,0.0239518,0.16180144,0.07245284,0.022368211,0.0,0.22752361,0.46594855,0.20594274,0.10132881,0.15724729,0.05015259,0.055599183,0.0,0.024687354,0.025162859
BLAKE ACRES,CA,0.0,0.06400173,0.026529273,0.04371,0.32472336,0.0,0.31353363,0.03582663,0.022991044,0.051355645,0.0,0.022388017,0.0,0.72265524,0.16328612,0.16461295,0.022428874,0.029255625,0.0,0.0,0.066466436,0.024474246,0.04101176,0.30181935,0.57879007
BRAYDEN FIORINI,GC,0.037604176,0.0,0.0,0.0,0.0,0.0,0.0,0.0,0.0,0.057709,0.04102774,0.093058996,0.057213865,0.048734255,0.0,0.12848021,0.05630814,0.21329823,0.22805065,0.06442088,0.8384732,0.36117136,0.46625397,0.0250006,0.23704173
CHARLIE CURNOW,CA,0.0,0.0,0.022547174,0.03000049,0.027441984,0.18578474,0.8955467,0.6097755,0.03959688,0.32473066,0.09294512,0.04447967,0.0,0.14241849,0.025409779,0.02799335,0.036027893,0.04449839,0.05191689,0.27893686,0.027484508,0.0,0.0,0.0,0.0
MABIOR CHOL,HW,0.025586372,0.045304056,0.27837986,0.022756431,0.0,0.022412242,0.33167192,0.54247344,0.07520706,0.02578693,0.049529236,0.022487028,0.025991203,0.1558389,0.039433263,0.0,0.9479135,0.026093854,0.022499215,0.0,0.0,0.025018947,0.14602445,0.027335458,0.028992724
BRADLEY HILL,SK,0.0,0.024738876,0.04353205,0.30682486,0.10500261,0.04166974,0.03141068,0.40713167,0.19607806,0.034100857,0.050224666,0.04096889,0.579114,0.0,0.027071087,0.027862344,0.0,0.023563808,0.10850603,0.035294876,0.09793906,0.18017536,0.36987904,0.11932666,0.028672066
DARCY FOGARTY,AD,0.0,0.76999676,0.26679093,0.02451722,0.1638213,0.48199654,0.025154965,0.0,0.032261077,0.1341907,0.24436723,0.024377918,0.032585483,0.03285131,0.025524953,0.0,0.028665235,0.054666005,0.27790132,0.04592059,0.07724852,0.024575133,0.032180756,0.043222647,0.034345455
CALLUM MILLS,SY,0.0,0.0,0.0,0.0,0.0,0.0,0.0,0.0,0.0,0.0,0.0,0.0274258,0.0,0.5107934,0.0,0.46191055,0.04855048,0.3601557,0.06038548,0.397041,0.07696385,0.23843552,0.06299639,0.08906702,0.5117671
JAKE LLOYD,SY,0.038032696,0.03934436,0.24239424,0.0,0.5183174,0.035955105,0.08209959,0.19934201,0.048791233,0.04408363,0.19484612,0.030283462,0.02619563,0.16485512,0.0,0.0,0.109839,0.38446733,0.16972616,0.046660963,0.06147435,0.03607428,0.09808295,0.032125555,0.18399532
PATRICK LIPINSKI,CW,0.027116138,0.3343286,0.07490276,0.0,0.05652182,0.45831946,0.17313634,0.1196717,0.04102408,0.041407228,0.024715409,0.08997904,0.033790004,0.0,0.0,0.9012018,0.1372909,0.07513681,0.0,0.036358725,0.031848416,0.030488916,0.023650017,0.024002122,0.045029234
MARK KEANE,AD,0.0,0.1453038,0.08664216,0.026252715,0.03194806,0.13724706,0.034723885,0.052222796,0.039659947,0.0818716,0.031117884,0.06220498,0.45974317,0.044329923,0.053846,0.0,0.13727935,0.14520377,0.07324387,0.105787575,0.09848867,0.44958517,0.1400756,0.2946976,0.029538607
ALEX NEAL-BULLEN,AD,0.0,0.07618604,0.2022801,0.035959363,0.09009366,0.02630407,0.113264635,0.062828995,0.05286945,0.050062224,0.022377884,0.029363547,0.49926087,0.031148521,0.024338767,0.0,0.07022814,0.03430407,0.024216775,0.91639966,0.12027354,0.10923115,0.03330671,0.09513225,0.023357892
DANIEL RIOLI,GC,0.036703262,0.28505886,0.0,0.084779665,0.5124565,0.051530402,0.027878895,0.327018,0.02615163,0.28953117,0.10977031,0.052543167,0.14969574,0.02651684,0.0,0.045658756,0.053978223,0.29205203,0.33608642,0.02694264,0.0,0.0,0.0,0.0,0.0
PAUL CURTIS,NM,0.0,0.14226936,0.7862444,0.028675985,0.030615408,0.047454815,0.038914453,0.4763454,0.0,0.0,0.0,0.029918747,0.0,0.03717327,0.029631916,0.03512607,0.025306253,0.02154328,0.03222864,0.022377884,0.022200018,0.028048687,0.0,0.8092539,0.09066426
TIM KELLY,WC,0.0,0.024912162,0.63740987,0.02671783,0.02554237,0.0,0.10982714,0.0,0.03376193,0.031278215,0.03722772,0.024943026,0.033577327,0.02653031,0.022843536,0.0,0.022374688,0.024772804,0.0,0.02698385,0.6351923,0.06547412,0.71887904,0.025385978,0.05468482
ED LANGDON,ME,0.0,0.080686964,0.027456438,0.122859634,0.02601793,0.2231537,0.06750623,0.28189003,0.16258729,0.028459068,0.26612905,0.70088744,0.025609702,0.026839748,0.024580427,0.0,0.022469623,0.18733606,0.07401365,0.06154289,0.025649862,0.040056497,0.041744266,0.03673061,0.039923254
JACK HIGGINS,SK,0.0,0.022727748,0.734537,0.064175144,0.11287828,0.023885584,0.058671612,0.02137492,0.0298743,0.022410559,0.4749357,0.02291285,0.026144926,0.0,0.022561649,0.022451919,0.023979165,0.022795592,0.022477234,0.029853592,0.70246005,0.026732974,0.02517358,0.034368966,0.023489816
CONOR NASH,HW,0.29144534,0.10926026,0.0672656,0.05707371,0.0,0.022364562,0.023974104,0.0,0.0,0.0,0.0,0.023891654,0.1651735,0.1332666,0.02799181,0.0,0.3964673,0.24723656,0.16126895,0.21346161,0.20381038,0.029801821,0.27358073,0.086150385,0.037040297
SAM BERRY,AD,0.0,0.0,0.0,0.0,0.0,0.0,0.027094278,0.0,0.047228873,0.029742358,0.025161678,0.47049692,0.22350416,0.077991754,0.030101534,0.0,0.31024984,0.07420557,0.030873429,0.17525405,0.50708985,0.035585426,0.04764878,0.05144081,0.40288612
MASON REDMAN,ES,0.03447131,0.052477926,0.030459378,0.124669,0.0,0.09868486,0.06428897,0.025111878,0.11130718,0.7519475,0.052472815,0.0340789,0.13379203,0.0,0.0,0.0,0.0,0.0,0.038131382,0.04394521,0.063856356,0.047680695,0.065354355,0.594189,0.17684159
MATT ROBERTS,SY,0.11629468,0.04538329,0.43620083,0.0,0.1997016,0.042711258,0.39366427,0.109233074,0.3100976,0.13091986,0.13128473,0.033429846,0.032957334,0.0,0.0,0.33074698,0.023022423,0.023457829,0.05323736,0.0900961,0.028376468,0.0,0.0,0.0,0.0
TOBY NANKERVIS,RI,0.0,0.7171965,0.036228422,0.07772798,0.034023896,0.03398199,0.09202543,0.17219268,0.024605567,0.18920271,0.063406795,0.0,0.07589591,0.03689728,0.0,0.030114183,0.049875293,0.089120775,0.15035623,0.38354206,0.039485585,0.03084979,0.0570247,0.08931073,0.024550233
ERIC HIPWOOD,BL,0.025017617,0.030531606,0.084697455,0.0,0.02457014,0.94414705,0.026512397,0.79681057,0.05350536,0.07146622,0.023261055,0.025459561,0.028999167,0.022607168,0.036006015,0.026778894,0.0,0.032516107,0.034823675,0.033707477,0.026884807,0.0459898,0.03982549,0.026760947,0.0
JACOB WEITERING,CA,0.0,0.19436172,0.036077734,0.0864733,0.03579111,0.23637909,0.050204072,0.10502154,0.049679566,0.20398371,0.049517237,0.05860311,0.0,0.040984593,0.41305017,0.32307613,0.02928168,0.035923105,0.024600511,0.064779125,0.026314456,0.028255714,0.024928052,0.15582782,0.17212985
CALLUM AH CHEE,BL,0.023551561,0.032818552,0.2547717,0.0,0.027781283,0.32289183,0.02250042,0.032852437,0.18818122,0.024456656,0.022377884,0.90950674,0.02515043,0.022580452,0.049810417,0.0,0.0,0.03370768,0.08666861,0.12247462,0.039292134,0.024404459,0.032716785,0.050825324,0.08230937
ZAC WILLIAMS,CA,0.0,0.022373462,0.023641385,0.023738813,0.03214361,0.06830035,0.8464726,0.02424438,0.0,0.0,0.0,0.0,0.0,0.099971525,0.028916135,0.12784079,0.049129352,0.11000916,0.024867095,0.046879698,0.03500296,0.049133353,0.060584504,0.64597636,0.089404784
TYSON STENGLE,GE,0.026101945,0.20138228,0.025563985,0.0,0.025098626,0.023214974,0.050002776,0.022425592,0.027488753,0.056008417,0.029480828,0.05835341,0.23081039,0.81855685,0.09147883,0.02472948,0.0,0.0,0.0,0.037657723,0.065703854,0.06010455,0.03208585,0.38859895,0.09163712
XAVIER DUURSMA,ES,0.026204003,0.050628666,0.022929393,0.74622476,0.0,0.059957754,0.12092721,0.026366457,0.20530179,0.05184543,0.07244805,0.52696425,0.024447598,0.055910084,0.051526908,0.024747243,0.0,0.023905175,0.07938665,0.030029593,0.0,0.033624984,0.026766377,0.09345483,0.027743708
HARLEY REID,WC,0.0,0.023827923,0.03789006,0.02868343,0.03739569,0.025830336,0.051955696,0.13917938,0.023295032,0.1674228,0.12172382,0.029594557,0.07512008,0.04965553,0.31178376,0.0,0.024286553,0.06095351,0.54608935,0.5621799,0.044797152,0.0,0.0,0.0,0.0
BLAKE HARDWICK,HW,0.04053678,0.04929909,0.068014696,0.29440504,0.0,0.022425592,0.02336152,0.04841748,0.12134609,0.09321613,0.06727954,0.03102077,0.022526832,0.055019826,0.08004695,0.0,0.050940577,0.06473236,0.025935978,0.7517123,0.17612119,0.02987234,0.062042113,0.12366907,0.052424468
TAYLOR WALKER,AD,0.0,0.026034145,0.06558431,0.8541396,0.17561176,0.036198422,0.16620392,0.032953445,0.046583403,0.03651529,0.022404157,0.0,0.029101895,0.02447466,0.030177236,0.0,0.25191256,0.031093387,0.06829761,0.02854158,0.20734307,0.13475771,0.0,0.03616027,0.029915394
KANE FARRELL,PA,0.0,0.038281575,0.768283,0.02894516,0.030122174,0.10356485,0.35613975,0.04954486,0.025249425,0.030637119,0.0,0.0,0.0,0.0914257,0.05397523,0.0274618,0.119785905,0.028146733,0.14632137,0.060514033,0.047814466,0.033111908,0.14371638,0.026042864,0.120262206
MITCH OWENS,SK,0.0,0.0,0.04109488,0.7574449,0.028028104,0.028727854,0.059681933,0.02351555,0.47054124,0.040305,0.02416066,0.5697762,0.029784454,0.0,0.022668619,0.029430514,0.027501892,0.02216803,0.04636915,0.03175624,0.02440569,0.037333958,0.0,0.0,0.0
MASON WOOD,SK,0.0,0.027907804,0.6752314,0.3170339,0.06241668,0.048009377,0.026040535,0.02275976,0.0,0.0,0.02792684,0.03989565,0.06413884,0.0,0.029035857,0.03807946,0.03827597,0.035542436,0.4319044,0.02790243,0.07272033,0.07748916,0.19951385,0.027300037,0.022341872
CAMERON ZURHAAR,NM,0.0,0.097047344,0.8226433,0.023171742,0.03822446,0.0268671,0.027816512,0.028886601,0.025882851,0.070038214,0.4031286,0.024591958,0.0,0.036335442,0.022373462,0.31841373,0.022377884,0.029670209,0.11046337,0.024096003,0.037194397,0.05003716,0.025037175,0.023302285,0.0
COOPER SHARMAN,SK,0.0,0.0,0.0,0.04522569,0.05200856,0.052361857,0.02351283,0.023282543,0.8725789,0.03948452,0.022412242,0.08916753,0.057954922,0.0,0.024368916,0.023802677,0.025872316,0.022535197,0.025353761,0.028471312,0.023796212,0.022787547,0.15689738,0.550101,0.07955559
NICK VLASTUIN,RI,0.0,0.13119687,0.02401877,0.028099623,0.033388462,0.032432277,0.68266124,0.05693524,0.029453902,0.09127158,0.028666787,0.07953503,0.08239912,0.026845546,0.0,0.07912466,0.026151234,0.030406304,0.13964406,0.42284307,0.10868811,0.058690723,0.045674186,0.022377884,0.0
LACHLAN BRAMBLE,WB,0.0,0.111139044,0.025884794,0.06799975,0.025721062,0.05297926,0.2489599,0.085561745,0.051486187,0.030463392,0.031849645,0.022441227,0.0,0.024312748,0.05575782,0.22337776,0.60311365,0.06428661,0.053758502,0.038320392,0.18164839,0.08294693,0.06256155,0.044781514,0.024556555
MATT CROUCH,AD,0.0,0.7041266,0.88983756,0.056201205,0.0,0.32795522,0.20016676,0.033925284,0.0,0.0,0.0,0.0,0.0,0.0,0.0,0.0,0.0,0.0,0.0,0.0,0.0,0.0,0.0,0.0,0.0
WAYNE MILERA,AD,0.0,0.026955511,0.05766616,0.026176834,0.043585766,0.046967033,0.04844453,0.022390818,0.43753773,0.030234406,0.031312034,0.1671393,0.11398389,0.032221224,0.032265134,0.0,0.41705498,0.0,0.033459943,0.15137123,0.12697518,0.057934586,0.044003703,0.20792077,0.055724178
JACK ROSS,RI,0.0,0.88808036,0.022274988,0.04836745,0.036795136,0.025238225,0.025839284,0.053669855,0.022891754,0.025751764,0.04827917,0.028442306,0.03510527,0.022390818,0.0,0.041637585,0.0611218,0.029682785,0.10471852,0.35387447,0.042345762,0.03984353,0.18401916,0.041528977,0.026032785
LIAM BAKER,WC,0.0,0.037842967,0.12919316,0.04743891,0.048765402,0.035473358,0.111739755,0.042145565,0.05090351,0.17256236,0.07132393,0.030946622,0.18103957,0.16657889,0.038041584,0.0,0.343828,0.026384387,0.033955704,0.076335534,0.38094968,0.03858171,0.038564134,0.0405815,0.05003962
HARVEY LANGFORD,ME,0.0,0.02461144,0.0,0.1422707,0.023334261,0.04351138,0.055064443,0.10457456,0.29780203,0.27302992,0.053008314,0.13063659,0.022386394,0.05484396,0.026551887,0.0,0.031611264,0.026416129,0.31620723,0.033550676,0.023762975,0.17430636,0.026139993,0.02236363,0.27988926
JACK BOWES,GE,0.047796775,0.029141014,0.02568324,0.0,0.3973242,0.09667814,0.040376753,0.036262777,0.10558006,0.029923249,0.025593607,0.0,0.0,0.0,0.0,0.0,0.0,0.07694788,0.02562405,0.02756007,0.052250806,0.77143806,0.32139036,0.025572859,0.024801526
XAVIER OHALLORAN,GW,0.04902369,0.03860741,0.0,0.022381896,0.032028582,0.0,0.02283729,0.022377884,0.03573788,0.040250428,0.024854397,0.06734822,0.04942555,0.025032707,0.04922268,0.038951486,0.0,0.9130089,0.043157432,0.31063706,0.038704116,0.02481439,0.23751102,0.028226985,0.026467433
DION PRESTIA,RI,0.0,0.0,0.0,0.0,0.0,0.0,0.0,0.0,0.0,0.0,0.0,0.0,0.6426744,0.04613751,0.0,0.025390124,0.10295751,0.029006928,0.37186602,0.13017796,0.05128745,0.037320103,0.03995646,0.025604162,0.63072634
RYLEY SANDERS,WB,0.0,0.05814033,0.024319688,0.18583907,0.15087414,0.035559896,0.5590817,0.03693009,0.03428335,0.0287086,0.1411439,0.022647817,0.0,0.025266606,0.39354956,0.0,0.12871741,0.10162407,0.03303616,0.041343905,0.028446987,0.030275313,0.023632292,0.027248403,0.0
TOM MCCARTIN,SY,0.027814453,0.036650065,0.0642545,0.0,0.13464098,0.029083377,0.02608392,0.023173647,0.033255626,0.08350044,0.048161488,0.029595008,0.1370917,0.56151783,0.0,0.034007695,0.0,0.097621456,0.027609186,0.0,0.0,0.059129804,0.051427875,0.038577862,0.56526804
JAMES ROWBOTTOM,SY,0.048301317,0.053076897,0.14812778,0.0,0.30118042,0.22017224,0.091161974,0.077071235,0.07431724,0.118494384,0.13126749,0.032689948,0.0379191,0.17892838,0.0,0.029767007,0.030355243,0.027517714,0.11126973,0.13729654,0.02619182,0.044141747,0.04064808,0.02348074,0.10283277
MARK OCONNOR,GE,0.022438552,0.039270677,0.029771263,0.0,0.07998128,0.029676365,0.022650724,0.026765803,0.07072971,0.025389936,0.6509176,0.05398577,0.057922833,0.43745905,0.21210833,0.023324044,0.0,0.047258057,0.023001853,0.025948113,0.052814584,0.0593971,0.038675208,0.027296942,0.0
JASE BURGOYNE,PA,0.0,0.0225849,0.6792065,0.1239933,0.026630664,0.19844347,0.04350963,0.16118653,0.03328375,0.04715809,0.040076286,0.030673075,0.0,0.106986195,0.24160239,0.036240608,0.046631288,0.030876048,0.026961403,0.0888786,0.028859138,0.02448495,0.0,0.0,0.0
MAX HALL,SK,0.0,0.026612692,0.027760196,0.1461352,0.023123799,0.024433402,0.022905385,0.029750243,0.032816496,0.028803643,0.024668308,0.022377884,0.039336674,0.0,0.022360142,0.022582294,0.08306529,0.9061066,0.065137565,0.038321383,0.22384907,0.03619484,0.038451787,0.09122287,0.062230222
KIEREN BRIGGS,GW,0.02511385,0.0,0.0,0.06254958,0.26945698,0.08394427,0.023529453,0.023731025,0.029850036,0.0892825,0.0498458,0.11438326,0.14152238,0.0,0.0,0.0,0.0,0.5113573,0.06926646,0.17230476,0.054080132,0.041410312,0.11548916,0.03420133,0.121448256
WILL DAY,HW,0.8691103,0.057124496,0.57449216,0.388139,0.0,0.0,0.0,0.0,0.0,0.0,0.0,0.0,0.0,0.0,0.0,0.0,0.0,0.0,0.0,0.0,0.05234331,0.08951562,0.0,0.0,0.0
JAMES HARMES,WB,0.0,0.04333497,0.026785113,0.14528888,0.1557437,0.022361763,0.0,0.77916014,0.111111864,0.032634635,0.5156942,0.02940235,0.0,0.028972091,0.0,0.027612507,0.090818726,0.0,0.0,0.0,0.0,0.0,0.0,0.0,0.0
MITCH MCGOVERN,CA,0.0,0.029094106,0.031132918,0.03247369,0.026764357,0.31407884,0.09217132,0.10733311,0.025389079,0.024882574,0.04149765,0.029814776,0.0,0.029158376,0.24327295,0.8768047,0.024552226,0.028847612,0.02328573,0.0,0.0,0.0,0.0,0.0,0.0
PETER WRIGHT,ES,0.022509053,0.0,0.0,0.0,0.0,0.0,0.9568499,0.02484278,0.15808232,0.024033317,0.03532819,0.37783018,0.03851529,0.05415156,0.029643249,0.022466471,0.0,0.023163572,0.02891764,0.037467487,0.032383114,0.028877312,0.02330551,0.023050452,0.028352296
LAWSON HUMPHRIES,GE,0.043805353,0.33472383,0.08527222,0.0,0.33488926,0.077894956,0.058386303,0.054000486,0.04828352,0.0,0.09497376,0.1275103,0.034229796,0.04900338,0.1308638,0.0248781,0.0,0.040080007,0.02614588,0.034082603,0.031415783,0.23124275,0.044275187,0.02942539,0.024404459
NICK LARKEY,NM,0.0,0.5188624,0.049324196,0.17318049,0.02466641,0.029095303,0.025481496,0.03639861,0.029928217,0.03050514,0.037163574,0.028406085,0.0,0.038765494,0.061781872,0.039365496,0.5012056,0.28902388,0.0,0.0,0.0,0.04328531,0.0,0.0,0.0
DAN HOUSTON,CW,0.0,0.5944981,0.03494402,0.0,0.25746194,0.0,0.0,0.042858474,0.06701597,0.041372076,0.06475228,0.05664214,0.15162626,0.06842052,0.0,0.023918662,0.057906795,0.041804746,0.042814232,0.0,0.041017424,0.023922427,0.034904804,0.08540212,0.22316842
SAM DAVIDSON,WB,0.0,0.022633737,0.027672445,0.8291974,0.031451084,0.024092287,0.10242956,0.043086424,0.03864935,0.02793253,0.054294113,0.039948203,0.0,0.022390818,0.06640957,0.35943243,0.023911618,0.0,0.026826855,0.022390818,0.0,0.0,0.0,0.15619034,0.024820136
CHARLIE CAMERON,BL,0.025450317,0.0,0.0,0.0,0.033684682,0.026701568,0.026611295,0.043959685,0.17448615,0.0229273,0.031655524,0.6160228,0.023969369,0.032104574,0.022377884,0.02493434,0.0,0.19300571,0.12744202,0.03194918,0.022404157,0.040920664,0.022611184,0.3552073,0.038145036
CONNOR IDUN,GW,0.045970906,0.03368496,0.0,0.047459975,0.14581768,0.054009836,0.06349271,0.028364804,0.04831445,0.06738358,0.031582672,0.0927612,0.15014908,0.030504923,0.15540284,0.10412173,0.0,0.2606267,0.05602964,0.24092717,0.0759115,0.038123287,0.0942145,0.04646343,0.024834499
DANIEL MCSTAY,CW,0.022429612,0.69794816,0.034266174,0.0,0.037993364,0.028078347,0.067798786,0.02609114,0.0,0.0,0.0,0.0,0.0,0.022657206,0.0,0.026269792,0.053949047,0.72146446,0.026092421,0.023278031,0.047442827,0.023417255,0.030276546,0.02245088,0.02333824
PATRICK VOSS,FR,0.0,0.0,0.030085709,0.04499217,0.024877401,0.033022594,0.0,0.0,0.0,0.02238428,0.030981695,0.04641294,0.037377603,0.0,0.24762489,0.03939971,0.02262695,0.022377884,0.03477685,0.9054959,0.06383,0.20744254,0.045439254,0.027456623,0.040146593
SAM DOCHERTY,CA,0.0,0.03004598,0.034312878,0.033649165,0.14697549,0.17091133,0.0,0.0,0.023239478,0.0,0.0,0.2282219,0.0,0.3944876,0.06635951,0.51145923,0.063946396,0.032863043,0.03445136,0.11838067,0.028607847,0.0,0.0,0.0,0.0
NICK HAYNES,CA,0.0,0.0349169,0.022831947,0.036545612,0.025689527,0.3332207,0.042250376,0.29770532,0.04271892,0.11412041,0.04922797,0.10888454,0.0,0.094673894,0.12800662,0.038645633,0.034795087,0.024252199,0.040488016,0.057838276,0.041584592,0.035297856,0.027709099,0.23380752,0.04905103
OLIVER HOLLANDS,CA,0.0,0.033125643,0.027026575,0.030568426,0.11028732,0.08480847,0.045486994,0.25646856,0.029356642,0.03409919,0.03338397,0.028739057,0.0,0.2613651,0.20840102,0.04553592,0.033578224,0.042880464,0.029650891,0.032781024,0.03910918,0.0350129,0.28438595,0.08628014,0.08989107
MICHAEL FREDERICK,FR,0.0,0.026586937,0.022110907,0.039884225,0.15431347,0.16022308,0.023023305,0.03083907,0.022377884,0.022572083,0.39201638,0.03227224,0.022633737,0.0,0.022693755,0.024853287,0.024465533,0.047020283,0.056086224,0.022693755,0.4880991,0.025884,0.17958027,0.025887469,0.03311346
DYLAN SHIEL,ES,0.06662847,0.04770508,0.029936045,0.4447159,0.0,0.73634636,0.20612869,0.02890532,0.0,0.02658083,0.023586866,0.0,0.0,0.0,0.0,0.0,0.0,0.0,0.0,0.051374644,0.07573836,0.02559011,0.053358655,0.0,0.07738442
WILLEM DREW,PA,0.0,0.024275724,0.08724076,0.023158794,0.029270945,0.5886231,0.03310862,0.05454006,0.0253187,0.04408476,0.03004168,0.06783034,0.0,0.08539641,0.06488695,0.0237973,0.044904027,0.07537615,0.035272233,0.04582101,0.03362855,0.07403699,0.024410885,0.036235433,0.29941145
DARCY JONES,GW,0.06598645,0.026731748,0.0,0.022404157,0.7649395,0.034782812,0.027687762,0.028886827,0.022693448,0.0,0.02701328,0.063399225,0.039934076,0.023111679,0.15792827,0.025450915,0.0,0.14141926,0.06313124,0.043881044,0.027059207,0.022924943,0.032885395,0.079363555,0.0882147
MURPHY REID,FR,0.0,0.11165688,0.026024347,0.05554226,0.04559496,0.048980407,0.05513358,0.023594871,0.02480895,0.022377884,0.04142237,0.8365241,0.036633216,0.0,0.039250452,0.04945241,0.029973034,0.035936985,0.03712204,0.026673965,0.13832049,0.02689066,0.0287841,0.022338113,0.06295231
ALIIR ALIIR,PA,0.0,0.031290185,0.23362462,0.041307673,0.23801918,0.058027495,0.09440275,0.046976935,0.02546651,0.029810974,0.05280969,0.029816236,0.0,0.12312178,0.024032418,0.0,0.038593102,0.025147598,0.046163037,0.042432446,0.042693686,0.0436006,0.43204972,0.0319748,0.077880554
SAM BANKS,RI,0.0,0.05520474,0.025725136,0.0,0.023802117,0.028061306,0.044369865,0.0272753,0.023216672,0.4015617,0.12019026,0.1267532,0.119005784,0.030551033,0.0,0.025452714,0.05484942,0.05257731,0.061366327,0.17288288,0.026268642,0.05093075,0.03957737,0.024367956,0.27316365
CHANGKUOTH JIATH,HW,0.0,0.0,0.056620643,0.03395676,0.0,0.03208254,0.024167256,0.0,0.74265087,0.55905724,0.023219699,0.03006725,0.025033206,0.028714592,0.045992196,0.0,0.04789829,0.0458222,0.022390818,0.0,0.0,0.0,0.027294915,0.029579524,0.026891531
RORY LOBB,WB,0.0,0.02991493,0.038322773,0.04095451,0.036309734,0.042937636,0.06364492,0.028474888,0.045664854,0.02476313,0.040235706,0.03103297,0.0,0.09638792,0.27501753,0.29701197,0.02847915,0.37183493,0.02734424,0.034256462,0.0468402,0.08851746,0.03949075,0.033151735,0.029190332
WILL HAYWARD,SY,0.022377884,0.027492598,0.023845877,0.0,0.88080806,0.02524185,0.03432321,0.022547174,0.025554745,0.03383622,0.03412782,0.024493745,0.02411082,0.06098393,0.0,0.16827855,0.022353353,0.032464426,0.1834112,0.06738881,0.021938583,0.0,0.0,0.022425592,0.029858703
WILL SETTERFIELD,ES,0.0,0.0,0.0,0.0,0.0,0.2547112,0.1400092,0.02769017,0.20514241,0.61350894,0.08904217,0.04294197,0.06767611,0.037270084,0.21005768,0.02729412,0.0,0.033287518,0.032044742,0.0,0.0,0.0,0.0,0.0,0.0
SAM TAYLOR,GW,0.33506778,0.044289175,0.0,0.06738604,0.04968729,0.17076081,0.09325243,0.040342953,0.025865143,0.14551617,0.029851247,0.03411997,0.110123366,0.24806489,0.031805754,0.0,0.0,0.0,0.0,0.0,0.13939695,0.023004603,0.06388098,0.08677619,0.028424704
ADAM SAAD,CA,0.0,0.05491688,0.028322045,0.04474407,0.056828786,0.4988006,0.043691777,0.16738574,0.029309124,0.07198868,0.040885385,0.033401422,0.0,0.05873983,0.32880202,0.029341841,0.022377884,0.0,0.0,0.062055405,0.027418552,0.02402649,0.048749935,0.026025597,0.046514835
CONNOR MACDONALD,HW,0.023152754,0.27538556,0.024547443,0.0,0.0,0.0,0.036904465,0.080579095,0.047228724,0.02829329,0.025924945,0.08490897,0.023271212,0.074624896,0.053152606,0.0,0.10808566,0.02451408,0.029883284,0.030684823,0.036311284,0.03225757,0.047104053,0.62625825,0.022826362
BRODY MIHOCEK,CW,0.022505654,0.038707577,0.0,0.0,0.03293449,0.044044543,0.042623088,0.026280675,0.4293877,0.0,0.023816392,0.092237495,0.6269014,0.02326228,0.0,0.034940355,0.03947423,0.07281543,0.0,0.045548394,0.024782978,0.022896048,0.02604833,0.022622272,0.03228307
JACK HENRY,GE,0.03855568,0.6607154,0.15943661,0.0,0.03931257,0.0,0.0,0.0,0.0,0.0,0.036702015,0.02987898,0.026636276,0.07388296,0.027103612,0.03658028,0.0,0.07389877,0.037048835,0.110943705,0.10823288,0.07008074,0.025667058,0.10233982,0.059945293
MARK BLICAVS,GE,0.03963596,0.040056,0.1555716,0.0,0.0,0.026040941,0.035434216,0.03185232,0.041722946,0.22867304,0.13349609,0.024604514,0.024587955,0.13625373,0.15363665,0.023640031,0.0,0.03050863,0.09076679,0.028244562,0.07353808,0.05895512,0.27178743,0.026687065,0.0242306
MITCH HINGE,AD,0.0,0.03769844,0.07229502,0.09123781,0.32332897,0.13399042,0.07506386,0.025777677,0.0,0.027669597,0.04387493,0.12811317,0.06586349,0.051817533,0.030860698,0.0,0.2453457,0.03021268,0.03611067,0.026323996,0.051332597,0.02948161,0.031024508,0.11124055,0.024552004
CALLUM BROWN,GW,0.02568816,0.037167486,0.0,0.0,0.025439417,0.040436786,0.023600936,0.0,0.032034762,0.029949501,0.028987039,0.043830786,0.07372409,0.02804476,0.094341375,0.035580583,0.0,0.05489204,0.072610356,0.06715922,0.043343045,0.022441179,0.8498612,0.025427256,0.03572196
MATTHEW JOHNSON,FR,0.0,0.09181099,0.037364557,0.050737944,0.028929768,0.049973927,0.022376878,0.48796475,0.06339901,0.065643825,0.039505493,0.22626384,0.033430777,0.0,0.0566026,0.036856167,0.038202725,0.032795873,0.29554707,0.029018546,0.0,0.0,0.0,0.0,0.0
JAKE STRINGER,GW,0.0,0.0,0.0,0.03031238,0.02782952,0.03937859,0.028553674,0.02257364,0.03096413,0.022853874,0.0,0.0,0.0,0.0,0.0,0.0377094,0.0,0.046436775,0.5768692,0.523708,0.09672985,0.022323683,0.17194924,0.0,0.0
DARCY WILSON,SK,0.0,0.07083139,0.049267903,0.12293805,0.120415874,0.026620012,0.029639164,0.031146968,0.03235487,0.074719906,0.024500713,0.022377884,0.0,0.0,0.0,0.028231157,0.022592818,0.02236704,0.0,0.022377884,0.0,0.0,0.023675965,0.037460838,0.91565275
JEREMY HOWE,CW,0.025158385,0.037844893,0.12408401,0.0,0.03694489,0.031106059,0.110994086,0.22967628,0.0,0.077124536,0.061410762,0.043810997,0.03431206,0.6127783,0.0,0.040858347,0.11450089,0.024832558,0.022377884,0.0,0.0,0.0,0.022377884,0.0,0.023198254
HARRY PETTY,ME,0.0,0.070410125,0.026360558,0.023048734,0.024027765,0.023021724,0.6807872,0.026431916,0.02413885,0.0,0.03480446,0.024609495,0.022377884,0.025596093,0.022388132,0.0,0.02252509,0.0,0.0,0.0,0.022377884,0.36669266,0.16792858,0.03540156,0.022511
SAM DE KONING,GE,0.035180185,0.7041191,0.04307398,0.0,0.112220064,0.03654002,0.029648194,0.031606995,0.06024972,0.110371344,0.028343685,0.0481674,0.037860654,0.06080365,0.040834237,0.0,0.0,0.0,0.0,0.03901431,0.032022305,0.0883076,0.0464146,0.032908015,0.046576597
CONNOR OSULLIVAN,GE,0.02521375,0.05000664,0.09299177,0.0,0.4917553,0.032877687,0.024755962,0.03349881,0.03491846,0.031110326,0.028181788,0.0,0.13684547,0.05388752,0.08430412,0.029170176,0.0,0.045863956,0.033546038,0.1305286,0.03414924,0.04500076,0.10593205,0.06980674,0.039789557
JAKE RICCARDI,GW,0.0,0.0,0.0,0.0,0.09982214,0.030374521,0.022364562,0.06594531,0.0,0.12114826,0.023370847,0.16059051,0.333009,0.11933219,0.023928635,0.24704248,0.0,0.03616417,0.03204073,0.10109759,0.04759533,0.023976654,0.0257708,0.10668085,0.024584165
MAX MICHALANNEY,AD,0.0,0.05884364,0.10262718,0.049805135,0.027109098,0.027554628,0.04396712,0.028347772,0.6904078,0.024184901,0.022425592,0.058541127,0.0321237,0.022693755,0.030425325,0.0,0.14956068,0.03481739,0.040812455,0.170702,0.029107206,0.0,0.0,0.0,0.0
KADE CHANDLER,ME,0.0,0.025455724,0.31716713,0.026527397,0.027747955,0.027645655,0.029464085,0.09321742,0.5171711,0.025120161,0.029741298,0.048374347,0.039713267,0.027313376,0.022660548,0.0,0.025852337,0.03207476,0.038869347,0.024322867,0.08011257,0.09696886,0.023113266,0.025684867,0.02880419
ZAK JONES,SK,0.0,0.026083449,0.70276266,0.10502984,0.024412306,0.022784634,0.0232187,0.031805307,0.0,0.0,0.0,0.029426344,0.05359838,0.0,0.022942033,0.0,0.0,0.0,0.0,0.0,0.43608665,0.02427547,0.03731003,0.035573266,0.034312885
RHYS STANLEY,GE,0.0,0.0,0.0,0.0,0.048579793,0.06533174,0.06701167,0.0682487,0.022650724,0.0,0.0,0.23153828,0.047216047,0.13180353,0.11188093,0.035187438,0.0,0.40853724,0.022233672,0.058782756,0.031800967,0.034538426,0.04656685,0.1255714,0.028237483
ADAM TRELOAR,WB,0.0,0.0,0.0,0.0,0.0,0.0,0.0,0.0,0.78901047,0.0,0.0,0.0,0.0,0.049257662,0.70147246,0.045324285,0.0,0.0,0.0,0.0,0.0,0.0,0.0,0.0,0.0
DANIEL TURNER,ME,0.0,0.0,0.022526832,0.0,0.022267273,0.0,0.02332247,0.0,0.74988425,0.027036628,0.026357366,0.07617131,0.10510195,0.042649157,0.03309694,0.0,0.04720216,0.13302702,0.025556609,0.028732024,0.031766232,0.062321562,0.037264064,0.02632423,0.03163955
JOE RICHARDS,PA,0.0,0.024017222,0.2136317,0.024844686,0.023666924,0.050435964,0.0,0.026888762,0.026402306,0.029930847,0.022484893,0.024349356,0.0,0.04997283,0.033987064,0.033532213,0.12823507,0.027314756,0.64507824,0.028975412,0.02998729,0.023307815,0.024394106,0.023563337,0.033893745
ANGUS SHELDRICK,SY,0.022507234,0.0,0.02485645,0.0,0.03787408,0.02829782,0.0,0.0,0.0256814,0.02545937,0.13027404,0.16369627,0.035132866,0.09580729,0.0,0.056858573,0.035008408,0.029527746,0.078005925,0.05921339,0.02390642,0.2504247,0.33029628,0.034128666,0.033555694
BEN AINSWORTH,GC,0.05257363,0.06310612,0.0,0.0,0.057434767,0.2384834,0.026814079,0.02725832,0.022360142,0.028419223,0.022780025,0.046635073,0.028053999,0.022377884,0.0,0.0264622,0.03606698,0.031201312,0.023970038,0.02268687,0.62710553,0.027338348,0.030566117,0.022449397,0.027967948
ISAAC QUAYNOR,CW,0.025906049,0.050370064,0.031810813,0.0,0.02433867,0.053971235,0.025846725,0.026107583,0.025482684,0.022676734,0.07266851,0.24862467,0.062944405,0.24792776,0.0,0.030080568,0.0266922,0.12660934,0.032808445,0.041866962,0.21184026,0.024025077,0.022364562,0.026372261,0.03700702
WIL POWELL,GC,0.1370358,0.04425566,0.0,0.033950556,0.05795003,0.047051307,0.043364,0.045381863,0.023735013,0.05506081,0.07945082,0.039061446,0.029905716,0.037801336,0.0,0.026307957,0.064501904,0.13638788,0.022953667,0.03354599,0.35630348,0.053632222,0.03035717,0.036464587,0.05779983
BODHI UWLAND,GC,0.09838279,0.08107686,0.0,0.045785062,0.030809175,0.0428875,0.028389191,0.06800888,0.040274944,0.07022912,0.14555816,0.10022045,0.031104468,0.026271751,0.0,0.036652423,0.04167255,0.30102792,0.09822399,0.022547174,0.029051477,0.042562038,0.038905162,0.031974304,0.035635896
TOM PAPLEY,SY,0.024446812,0.02260069,0.12844068,0.0,0.0,0.0,0.0,0.0,0.0,0.0,0.0,0.0,0.0,0.0,0.0,0.059549734,0.094422,0.032271054,0.0,0.0,0.027026968,0.05153554,0.025982924,0.07701317,0.931797
HUGO GARCIA,SK,0.0,0.031921916,0.024221508,0.48360023,0.032519348,0.045053367,0.030516377,0.02249715,0.13593785,0.024028972,0.026549589,0.0,0.0,0.0,0.0,0.0,0.14353417,0.04904168,0.028326599,0.0,0.0,0.04158754,0.21312821,0.09786387,0.022390818
JOSH WEDDLE,HW,0.045996223,0.030123517,0.03114876,0.15963116,0.0,0.03489019,0.03608275,0.10865476,0.134409,0.17421037,0.07117389,0.047733422,0.028282467,0.2706761,0.21453065,0.0,0.047233284,0.0,0.0,0.0,0.0,0.0,0.0,0.0,0.0
WILLIE RIOLI,PA,0.0,0.025537979,0.34481943,0.031553853,0.025380217,0.26514715,0.34806666,0.029680813,0.022824157,0.0,0.034660473,0.026830574,0.0,0.026828049,0.029556325,0.02250042,0.074813396,0.02933665,0.024032418,0.0,0.0,0.0,0.026145043,0.022425592,0.023546342
STEVEN MAY,ME,0.0,0.0,0.0,0.045690153,0.10258931,0.026311338,0.0,0.17288065,0.047057323,0.04316993,0.10335704,0.046343207,0.072237104,0.11509021,0.06001255,0.0,0.032921344,0.14575934,0.0,0.06262071,0.0,0.0,0.0,0.03026308,0.3098221
TRAVIS BOAK,PA,0.0,0.0895285,0.2666592,0.032718986,0.0,0.047503766,0.024229601,0.0,0.0,0.0,0.0,0.029324071,0.0,0.18686509,0.0,0.0,0.07292767,0.16149183,0.03224671,0.023605993,0.022893023,0.094518445,0.08876811,0.1381741,0.09662674
CHARLIE COMBEN,NM,0.0,0.023610465,0.3702288,0.035532385,0.02521709,0.031342667,0.03388498,0.027326165,0.03284441,0.4362278,0.038625024,0.07639942,0.0,0.022633737,0.0,0.040674146,0.0,0.0,0.023898387,0.023125436,0.028794926,0.038115107,0.042067327,0.031745262,0.02489741
OSCAR MCINERNEY,BL,0.0,0.38654733,0.1284345,0.0,0.12230263,0.14635858,0.050240725,0.15120754,0.11109602,0.022844091,0.0,0.0,0.0,0.0,0.0,0.0,0.0,0.0,0.07661926,0.18472308,0.024128705,0.0,0.0,0.0,0.0
ISAAC CUMMING,AD,0.0,0.06900954,0.025249723,0.030687656,0.082714215,0.033561062,0.041477237,0.030836625,0.070787765,0.034705434,0.022831947,0.063430816,0.30374736,0.028949374,0.11219528,0.0,0.03219628,0.035460137,0.036548305,0.04596946,0.0,0.032888804,0.121257365,0.12374158,0.023242194
DYLAN STEPHENS,NM,0.0,0.0,0.026398433,0.026140865,0.027503837,0.031191058,0.032786325,0.02702631,0.12498394,0.07656986,0.06882346,0.08484755,0.0,0.079402894,0.29051355,0.03482716,0.023250068,0.029231213,0.02369696,0.022814624,0.027425999,0.046302985,0.024525523,0.118254095,0.13994396
TIM MEMBREY,CW,0.022880306,0.76907116,0.030073093,0.0,0.02686692,0.0298782,0.0,0.024425222,0.029827325,0.045665666,0.043884505,0.0916854,0.025408735,0.03145532,0.0,0.02423185,0.023840848,0.024861189,0.02410384,0.0,0.027054688,0.022425592,0.022801451,0.022616716,0.023371112
JYE AMISS,FR,0.0,0.02282821,0.02704659,0.6317245,0.025511106,0.026050648,0.029528562,0.023092609,0.022553628,0.023111679,0.024579862,0.02586122,0.02689339,0.0,0.024982527,0.026842704,0.03133529,0.02250042,0.033129137,0.022811176,0.10650641,0.060497664,0.02381178,0.022377884,0.074389406
JAEGER OMEARA,FR,0.0,0.091275856,0.42131233,0.0,0.03106206,0.19072604,0.028352546,0.0,0.0,0.0,0.0,0.0,0.0,0.0,0.0,0.0,0.0,0.02282707,0.026929356,0.06073039,0.040251996,0.050850146,0.34261042,0.022446144,0.023717323
JASON JOHANNISEN,WB,0.0,0.0,0.0,0.0,0.0,0.023459151,0.334226,0.035530522,0.06466595,0.053886563,0.15590706,0.027440496,0.0,0.0,0.0,0.0,0.025795298,0.040765584,0.046967074,0.02996875,0.3215197,0.057611413,0.041714873,0.059989586,0.032693215
FRANCIS EVANS,CA,0.0,0.02248582,0.0,0.022942033,0.0,0.0,0.0,0.0,0.0,0.023399526,0.026735576,0.0,0.0,0.0,0.0,0.0,0.0,0.023814518,0.0,0.0239488,0.0,0.030208958,0.61952156,0.053624935,0.49975312
HARRY MORRISON,HW,0.035846923,0.068427,0.029308356,0.040129345,0.0,0.02915467,0.062229615,0.19012657,0.04077468,0.034403495,0.0819977,0.082479015,0.022787882,0.24789934,0.034240894,0.0,0.034807034,0.059167013,0.036292683,0.10866584,0.046836697,0.0393945,0.0,0.0,0.0
RILEY BICE,SY,0.0,0.038200352,0.05252834,0.0,0.69004524,0.038309567,0.050602626,0.033057958,0.024561707,0.0464844,0.03251857,0.03087696,0.022377884,0.15807363,0.0,0.024032418,0.0,0.0,0.023524795,0.024032418,0.0,0.0,0.0,0.0,0.03266419
ANTHONY CAMINITI,SK,0.0,0.027032863,0.2094689,0.11172128,0.18836193,0.028474543,0.047087107,0.024281068,0.03255982,0.02304701,0.028616853,0.026724942,0.1654597,0.0,0.039573852,0.032042164,0.041166298,0.027653605,0.023954982,0.04497355,0.049599666,0.029071603,0.038711507,0.055632602,0.024898741
RYAN LESTER,BL,0.08827104,0.06188321,0.19075638,0.0,0.024179911,0.03244838,0.025384834,0.028052958,0.03141239,0.06308223,0.030490337,0.07126877,0.047363583,0.024788419,0.031521086,0.06582528,0.0,0.027962701,0.031092621,0.061473444,0.027433064,0.024032418,0.0,0.13158947,0.195923
HAYDEN YOUNG,FR,0.0,0.0,0.0,0.0,0.0,0.38218474,0.18970278,0.098736666,0.025367161,0.0,0.0,0.0,0.0,0.0,0.0,0.0,0.0,0.0,0.0,0.028040336,0.4694844,0.031216754,0.0,0.0,0.08114812
JORDON SWEET,PA,0.0,0.029704653,0.08008826,0.033358995,0.050189424,0.075362965,0.059978224,0.06427625,0.0383329,0.0,0.0,0.0,0.0,0.0,0.028901557,0.022377884,0.04907624,0.030434245,0.046984587,0.3559988,0.07374023,0.068352565,0.04179289,0.091470666,0.050352655
BRADY HOUGH,WC,0.0,0.02680879,0.0339291,0.02698179,0.023125436,0.023162806,0.031199336,0.038891204,0.022390818,0.025658403,0.43701646,0.023347344,0.022412242,0.029847158,0.0,0.0,0.26019153,0.032684393,0.022364562,0.066103995,0.02542842,0.022451919,0.030800963,0.022451919,0.033188358
SAM COLLINS,GC,0.027457776,0.07711083,0.0,0.039512023,0.029555602,0.033654723,0.023930717,0.039290417,0.034924414,0.029437147,0.12705624,0.11561255,0.023987412,0.029308507,0.0,0.041979905,0.03249759,0.0,0.0,0.0,0.02503142,0.40436038,0.091369316,0.024035385,0.028625876
JAMES JORDON,SY,0.07295612,0.027479334,0.19916543,0.0,0.052748393,0.027150208,0.029498158,0.022588365,0.051696997,0.022503452,0.040525105,0.02481901,0.024219451,0.30766088,0.0,0.03726638,0.027841229,0.03457894,0.043121886,0.03758061,0.02823096,0.03765551,0.059894875,0.022390818,0.037676208
NATHAN ODRISCOLL,FR,0.0,0.056215607,0.22053699,0.5913112,0.032330837,0.0,0.0,0.0,0.0,0.0,0.0,0.0,0.0,0.0,0.0,0.048009694,0.053923838,0.09225398,0.036550842,0.026476374,0.024448412,0.031120393,0.024646126,0.023021724,0.0
MAC ANDREW,GC,0.049208526,0.0,0.0,0.03323315,0.03717026,0.033117402,0.048221726,0.046513658,0.059173882,0.03244391,0.025918612,0.044319812,0.08665167,0.029128175,0.0,0.024331963,0.039342295,0.084728874,0.052742623,0.032853074,0.07337411,0.2768349,0.07403846,0.027866386,0.048682977
RYAN MARIC,WC,0.0,0.02339233,0.08182763,0.10229543,0.04165627,0.047305543,0.045381594,0.050360374,0.09402616,0.14038804,0.11499216,0.031578146,0.025258793,0.030053314,0.025500957,0.0,0.041703362,0.030830104,0.024627356,0.024302706,0.028339548,0.15663444,0.02784103,0.054093696,0.0
BRAYDEN MAYNARD,CW,0.029984377,0.16133708,0.030772742,0.0,0.05320752,0.04508914,0.044996224,0.047515016,0.07817266,0.0,0.1943532,0.027707467,0.0,0.0,0.0,0.0,0.0,0.22242232,0.035505824,0.031311795,0.076639265,0.025123017,0.028178215,0.04923817,0.049640343
CALLAN WARD,GW,0.1599445,0.025935145,0.0,0.022364562,0.042763647,0.6893337,0.023296291,0.028877819,0.041769166,0.0523478,0.024429692,0.088218264,0.022650724,0.0,0.0,0.0,0.0,0.0,0.0,0.0,0.0,0.0,0.0,0.0,0.0
ARCHIE PERKINS,ES,0.024042938,0.09511037,0.023220632,0.0,0.0,0.06147495,0.03648918,0.024315886,0.17137232,0.03414211,0.022656262,0.44078633,0.024880685,0.022706613,0.023074709,0.024537966,0.0,0.022386394,0.0,0.025921784,0.022397297,0.022329343,0.023909753,0.03009745,0.044233542
CAM MACKENZIE,HW,0.032684296,0.05815614,0.052484076,0.52765954,0.0,0.025250223,0.024091214,0.19555648,0.0,0.0,0.028579779,0.022364562,0.0,0.0,0.0,0.0,0.17236418,0.03422926,0.023237254,0.0,0.0,0.0,0.0,0.0,0.0
NICK WATSON,HW,0.02290818,0.092008196,0.087133534,0.13378634,0.0,0.023447126,0.030294843,0.0435184,0.116189055,0.03269175,0.17682958,0.022535197,0.022412242,0.0,0.025196398,0.0,0.1063544,0.024090363,0.02252246,0.051520698,0.050914016,0.02489137,0.033457622,0.024264783,0.02738663
JACK DARLING,NM,0.0,0.05008604,0.07296174,0.02408529,0.022853512,0.089955196,0.022438552,0.022377884,0.023067445,0.023153028,0.49639684,0.022745175,0.0,0.03076663,0.022404157,0.0227303,0.022533752,0.0,0.022886667,0.024951922,0.022963399,0.061054215,0.027319917,0.03236076,0.023152564
NATE CADDY,ES,0.0,0.033812214,0.022364562,0.03666236,0.0,0.025449822,0.023239689,0.14752334,0.037968032,0.56852126,0.022864945,0.037580952,0.028697774,0.026003506,0.023021724,0.06258424,0.0,0.039272655,0.023021724,0.0,0.023913788,0.0,0.0,0.0,0.0
RYAN ANGWIN,GW,0.0,0.0,0.0,0.0,0.0,0.0,0.0,0.0,0.0,0.0,0.0,0.0,0.0,0.0,0.0,0.034643084,0.0,0.38857988,0.05476225,0.039164077,0.46815306,0.022364562,0.028192187,0.09364754,0.03602333
JACK GRAHAM,WC,0.0,0.052687597,0.0,0.034644887,0.03420932,0.048267946,0.13382164,0.038524274,0.03759492,0.12464801,0.13447711,0.047337223,0.025698844,0.057095513,0.11003259,0.0,0.0434004,0.028654402,0.0,0.0,0.0,0.0,0.0318363,0.06193928,0.11743297
JAXON PRIOR,ES,0.024710001,0.03280768,0.03747497,0.06781632,0.0,0.032022767,0.050910328,0.02337008,0.03378212,0.20039244,0.025250863,0.18557791,0.022855919,0.0292014,0.07167373,0.057075374,0.0,0.022499215,0.03247076,0.023330335,0.027866304,0.037248164,0.023792816,0.06640941,0.026558017
JYE MENZIE,ES,0.029636504,0.0,0.022377884,0.024603508,0.0,0.91257554,0.025190964,0.022377884,0.022650724,0.0,0.0,0.0,0.0,0.0,0.0,0.0,0.0,0.0,0.0,0.0,0.0,0.0,0.022377884,0.02504346,0.022377884
JAYDEN SHORT,RI,0.0,0.14892249,0.03145649,0.053125963,0.07782884,0.042599402,0.053144976,0.06023214,0.033062167,0.0,0.0,0.0,0.0,0.0,0.0,0.0,0.0,0.0,0.3573741,0.041437566,0.04679378,0.037882753,0.055290453,0.025229147,0.06307737
HAYDEN MCLEAN,SY,0.0,0.0,0.027019642,0.0,0.026528787,0.034721006,0.3412618,0.024157269,0.023196893,0.022513423,0.0,0.022454081,0.02775218,0.03328123,0.0,0.025169866,0.031433508,0.29250118,0.02326228,0.042802498,0.022377884,0.0,0.023313021,0.024908744,0.045070563
ZACH REID,ES,0.0,0.032707043,0.024600511,0.07313963,0.0,0.17443524,0.0240394,0.06291467,0.14171329,0.48440444,0.04633119,0.043013103,0.0,0.0,0.0,0.0,0.0,0.0,0.0,0.0,0.0,0.0,0.0,0.0,0.0
HEATH CHAPMAN,FR,0.0,0.022377884,0.024180237,0.041759957,0.03193428,0.2673677,0.0,0.022784688,0.023678467,0.038615365,0.06764086,0.10539903,0.033562616,0.0,0.025617925,0.14999655,0.02573251,0.02783435,0.03351794,0.027336637,0.027095066,0.028267723,0.02832463,0.022377884,0.031169504
NEIL ERASMUS,FR,0.0,0.0,0.026094886,0.041857544,0.0,0.0,0.0,0.0,0.0,0.024462892,0.06810995,0.052357133,0.04489544,0.0,0.03856119,0.06537011,0.05906581,0.022885341,0.0,0.0,0.025682434,0.03169652,0.4681315,0.023794223,0.10452518
MATT FLYNN,WC,0.0,0.038315263,0.0,0.0,0.0,0.0,0.3035035,0.03689961,0.023194132,0.04928602,0.24790901,0.022226615,0.03897107,0.029680299,0.025774784,0.0,0.031906474,0.034715775,0.039291866,0.03481821,0.03117043,0.0,0.04220178,0.034651604,0.030526308
LACHIE SCHULTZ,CW,0.024518954,0.041019235,0.27903998,0.0,0.2918752,0.0,0.0,0.0,0.034092747,0.023691023,0.0,0.0,0.030808937,0.0,0.0,0.0,0.0,0.0,0.023764746,0.024482654,0.077725515,0.04419069,0.024187913,0.034369837,0.13553663
JESSE MOTLOP,CA,0.0,0.025445653,0.036991794,0.024128849,0.022376953,0.0684325,0.36080185,0.02278183,0.022364562,0.023963133,0.022438552,0.023884805,0.0,0.039373476,0.025468513,0.031952113,0.02453197,0.024838796,0.032682985,0.023247521,0.02358591,0.02291205,0.028383851,0.028165873,0.13021386
JAMES ODONNELL,WB,0.0,0.024741903,0.0,0.03380158,0.026598582,0.022373462,0.054667655,0.026183823,0.056759734,0.13212904,0.07876571,0.033017743,0.0,0.031289097,0.03323653,0.027553784,0.039491028,0.05358426,0.070256755,0.022412242,0.045788273,0.038935117,0.027136344,0.18519361,0.024911536
SEAN DARCY,FR,0.0,0.0,0.0,0.0,0.0,0.03354304,0.025923628,0.06538423,0.03907829,0.023440817,0.0,0.0,0.038718153,0.0,0.033164408,0.0,0.30763096,0.023339847,0.041036032,0.08570121,0.11130633,0.08130679,0.05904611,0.02828488,0.09015595
HARRY PERRYMAN,CW,0.087374434,0.055382825,0.02873307,0.0,0.056272343,0.04095354,0.033750687,0.04476625,0.033804744,0.0423106,0.036254153,0.15272962,0.044113338,0.06779906,0.0,0.032682877,0.033345945,0.03646902,0.025705747,0.044498816,0.06396345,0.023735685,0.028727328,0.0277073,0.045862257
JACK MARTIN,GE,0.0,0.0,0.0,0.0,0.0,0.0,0.0,0.0,0.0,0.0,0.0,0.0,0.0,0.03636298,0.05757034,0.04352826,0.0,0.35647747,0.030376468,0.06703882,0.026222747,0.26356384,0.0,0.17148902,0.033935126
ESAVA RATUGOLEA,PA,0.0,0.0,0.0,0.035133302,0.05992834,0.032468636,0.04398013,0.040150296,0.02541387,0.023999836,0.034561347,0.0,0.0,0.24538124,0.28547263,0.033149946,0.20127015,0.022377884,0.0,0.0,0.0,0.0,0.0,0.0,0.0
SAM DRAPER,ES,0.0,0.09540074,0.041715637,0.041610952,0.0,0.80010545,0.10227021,0.0,0.0,0.0,0.0,0.0,0.0,0.0,0.0,0.0,0.0,0.0,0.0,0.0,0.0,0.0,0.0,0.0,0.0
JORDAN DE GOEY,CW,0.0,0.0,0.059380498,0.0,0.028964786,0.0,0.05444244,0.08144106,0.022576356,0.0,0.0,0.0,0.0,0.0,0.0,0.0,0.0,0.0,0.0,0.0,0.0,0.03156719,0.025725555,0.030606685,0.7425664
RHYAN MANSELL,RI,0.0,0.023591697,0.039153285,0.022404157,0.0,0.0,0.0,0.022525625,0.02478666,0.11715391,0.029586924,0.023041572,0.02379691,0.022377884,0.0,0.023685247,0.022858346,0.23634899,0.02294881,0.25456166,0.026269823,0.02623045,0.04016626,0.023231395,0.025299625
BRAD CLOSE,GE,0.02421233,0.041710146,0.02240938,0.0,0.07284661,0.041391116,0.025133276,0.022404157,0.045034762,0.022500284,0.053423535,0.025490524,0.040710308,0.07476061,0.06922356,0.023599707,0.0,0.16106594,0.025293013,0.027682249,0.054862276,0.06600322,0.04424904,0.026385367,0.025963875
LIAM DUGGAN,WC,0.0,0.031196648,0.036380846,0.027436277,0.030943742,0.035215534,0.023063798,0.027460808,0.03433031,0.05887701,0.1219256,0.037194476,0.051477678,0.057486728,0.036336645,0.0,0.07493168,0.095728934,0.034938127,0.13289931,0.022847112,0.030245196,0.03488027,0.0,0.0
BEN MILLER,RI,0.0,0.08924063,0.039583884,0.056795254,0.04377306,0.041558053,0.025693372,0.031326137,0.023627376,0.03155792,0.02471619,0.034200888,0.037113193,0.031229673,0.0,0.030046225,0.03071958,0.027077993,0.110247836,0.0469201,0.030233307,0.032385115,0.11220909,0.061396264,0.041941654
GEORGE WARDLAW,NM,0.0,0.0,0.0,0.0,0.0,0.0,0.04957279,0.21651669,0.0,0.08909107,0.052284807,0.023024555,0.0,0.02268808,0.056574926,0.036266707,0.022364562,0.0,0.0,0.0,0.0,0.045582924,0.063041635,0.28816965,0.05573493
DANE RAMPE,SY,0.029883686,0.040645096,0.04231401,0.0,0.042749334,0.024025785,0.041249435,0.025042892,0.026721906,0.022831947,0.030322729,0.022377884,0.02619494,0.06905178,0.0,0.024404459,0.022499215,0.0,0.0,0.024032418,0.024434932,0.36919102,0.038062755,0.024419868,0.03947307
ELIJAH HEWETT,WC,0.0,0.023444166,0.026268434,0.022511682,0.0,0.0,0.27721632,0.031754244,0.038735628,0.02337028,0.028235434,0.03380419,0.07184151,0.16787001,0.029978734,0.0,0.023376828,0.040741537,0.023711583,0.0,0.028980678,0.04414344,0.025040725,0.026246365,0.022586148
HARRY ROWSTON,GW,0.0,0.0,0.0,0.0,0.0,0.0,0.0,0.0,0.0,0.0,0.0,0.024120504,0.0,0.0,0.04542174,0.067131095,0.0,0.03544132,0.053012583,0.028216043,0.0,0.022499215,0.02663657,0.6533987,0.045369748
COOPER LORD,CA,0.0,0.030914666,0.022868881,0.0,0.026288072,0.043354306,0.030404879,0.024012528,0.022404157,0.033027086,0.031729974,0.04031107,0.0,0.106346354,0.026693135,0.022364562,0.025869533,0.033899564,0.02252509,0.062216148,0.023160217,0.07203613,0.2372888,0.057978347,0.0
COREY DURDIN,CA,0.0,0.0,0.0,0.0,0.0,0.59223056,0.064265996,0.022856776,0.022506861,0.023249108,0.022266412,0.022390818,0.0,0.0,0.02519952,0.022373462,0.0,0.0,0.022525625,0.022633737,0.023284152,0.02438848,0.022377884,0.029040322,0.032675628
LACHIE WELLER,GC,0.38008308,0.07923161,0.0,0.028155968,0.0265419,0.028733183,0.05716364,0.0589013,0.022364562,0.0,0.0,0.0,0.0,0.0,0.0,0.024301331,0.028229108,0.037004467,0.03881485,0.0,0.04644309,0.04951334,0.031050945,0.027950823,0.025420578
TOM MCDONALD,ME,0.0,0.042823114,0.030773427,0.05047142,0.04010469,0.026988965,0.16652584,0.114212595,0.055204846,0.02948325,0.11202691,0.0,0.0,0.0,0.0,0.0,0.0,0.0,0.10423946,0.032910883,0.030912945,0.04515407,0.0314686,0.022377884,0.031738613
DARCY FORT,BL,0.094305746,0.052173313,0.0,0.0,0.0,0.0,0.0,0.0,0.0,0.042217944,0.027724244,0.05299937,0.058823716,0.07133957,0.070977084,0.07712613,0.0,0.05726996,0.028746605,0.024136404,0.025535155,0.06668585,0.028890386,0.1418819,0.04654226
TOM MITCHELL,CW,0.0,0.0,0.0,0.0,0.0,0.0,0.0,0.0,0.0,0.0,0.0,0.0,0.0,0.0,0.0,0.0,0.0,0.29971325,0.05922359,0.0,0.5767845,0.0,0.026837224,0.0,0.0
LACHIE FOGARTY,CA,0.0,0.022379966,0.022377884,0.02248712,0.02278201,0.030282531,0.026570356,0.03278628,0.022404157,0.0,0.0,0.02741851,0.0,0.024198582,0.45824152,0.041810907,0.024277763,0.022390818,0.022404157,0.028831648,0.022535197,0.023273533,0.022545503,0.04034111,0.0
ALEX DAVIES,GC,0.044786442,0.0,0.0,0.0,0.0,0.0,0.0,0.0,0.0,0.0,0.0,0.0,0.0,0.0,0.0,0.0,0.0,0.0,0.0,0.0,0.74401397,0.039316777,0.07018935,0.023751918,0.03752018
JACK SILVAGNI,CA,0.0,0.09353446,0.024507185,0.05297991,0.031337325,0.15267742,0.12493682,0.107404195,0.0,0.14505433,0.022377884,0.0,0.0,0.08365114,0.05764304,0.03190585,0.023547214,0.0,0.0,0.0,0.0,0.0,0.0,0.0,0.0
BRODIE KEMP,CA,0.0,0.022442972,0.024202868,0.84893906,0.023021724,0.026258765,0.0,0.0,0.0,0.0,0.0,0.0,0.0,0.0,0.0,0.0,0.0,0.0,0.0,0.0,0.0,0.0,0.0,0.0,0.0
NATHAN BROAD,RI,0.0,0.055368263,0.027030746,0.044109475,0.049362343,0.06559258,0.08598846,0.023960212,0.027855389,0.04222743,0.0246268,0.051222295,0.043718465,0.031784844,0.0,0.025871476,0.032740757,0.031817283,0.04128499,0.101664916,0.02918325,0.0,0.050951276,0.027211221,0.022425592
TOM SPARROW,ME,0.0,0.15082961,0.077477,0.024369726,0.022425592,0.022377884,0.035666764,0.08498035,0.02518034,0.0272675,0.04646269,0.033053454,0.029142343,0.057024457,0.022412242,0.0,0.025778942,0.022425592,0.027425082,0.0,0.024279853,0.03949934,0.022390818,0.07899925,0.029274955
DARCY BYRNE-JONES,PA,0.0,0.022535197,0.14622326,0.031060323,0.022390818,0.0,0.02891192,0.061858498,0.022535197,0.06275385,0.027592063,0.024429733,0.0,0.031696,0.03798892,0.025237674,0.030981857,0.029572176,0.13509062,0.02455773,0.022316052,0.025039269,0.043413695,0.027033942,0.04392557
JACK BUCKLEY,GW,0.033785637,0.030871408,0.0,0.04123489,0.02980982,0.033667568,0.03118176,0.13740209,0.031060912,0.026293676,0.038252074,0.03860433,0.08624297,0.14970388,0.027763698,0.032301646,0.0,0.026651016,0.04084774,0.035940185,0.054883976,0.0,0.0,0.0,0.0
LUKE MCDONALD,NM,0.0,0.037505753,0.0391592,0.032417525,0.027888699,0.022528524,0.023704832,0.02736912,0.022981828,0.023491561,0.027896166,0.027772186,0.0,0.15779953,0.33291775,0.097506315,0.023602447,0.0,0.0,0.0,0.0,0.0,0.0,0.0,0.0
JACKSON MEAD,PA,0.0,0.023232304,0.39996734,0.022676697,0.025425624,0.04481496,0.03189085,0.03687824,0.022404157,0.026090158,0.029625762,0.022425592,0.0,0.026540643,0.032678995,0.02245843,0.0,0.0,0.0,0.022377884,0.024918828,0.0318584,0.028740043,0.022560203,0.022847347
SAM CLOHESY,GC,0.0,0.036641397,0.0,0.12760662,0.023904124,0.040135562,0.0,0.0,0.0,0.040973347,0.11208548,0.33778968,0.03275435,0.022422394,0.0,0.025839036,0.027065033,0.03375432,0.0293204,0.023400933,0.0,0.0,0.0,0.0,0.0
SETH CAMPBELL,RI,0.0,0.024976233,0.03136614,0.04613608,0.024534553,0.023150617,0.031360447,0.022379966,0.024767373,0.14558318,0.15917921,0.024475396,0.023658842,0.042524107,0.0,0.037429076,0.024387708,0.031430244,0.028333576,0.036810335,0.0,0.024121404,0.022427134,0.030224886,0.05396192
BRENNAN COX,FR,0.0,0.027308851,0.027375687,0.024350977,0.07014345,0.093175426,0.023662858,0.04438386,0.08784912,0.02552896,0.026959058,0.029569574,0.023885334,0.0,0.034525376,0.049843643,0.03815187,0.023545105,0.044434927,0.03510982,0.028365875,0.03776236,0.034351397,0.022889333,0.027900446
JOEL AMARTEY,SY,0.06940602,0.022696191,0.023467967,0.0,0.54739326,0.022377884,0.0,0.0,0.0,0.0,0.033095613,0.0,0.0,0.0,0.0,0.112290174,0.0,0.024237337,0.0,0.0,0.0,0.0,0.0,0.0,0.0
SAM POWELL-PEPPER,PA,0.0,0.022377884,0.22583008,0.025905374,0.02419189,0.04442449,0.055591695,0.07016261,0.03128982,0.023760062,0.09465909,0.022407813,0.0,0.0274128,0.05008614,0.07173303,0.030876175,0.027353872,0.0,0.0,0.0,0.0,0.0,0.0,0.0
CALEB WINDSOR,ME,0.0,0.028301332,0.0,0.0,0.025595654,0.022504201,0.030687395,0.0742259,0.086907536,0.04317461,0.022633737,0.25164276,0.026031746,0.024654796,0.023906855,0.0,0.0,0.0,0.024032418,0.027386881,0.022390818,0.067888156,0.040217526,0.0,0.0
ELIJAH HOLLANDS,CA,0.0,0.0,0.0,0.0,0.0,0.0,0.028466921,0.56072,0.025175137,0.19023609,0.03534938,0.0,0.0,0.0,0.0,0.0,0.0,0.0,0.0,0.0,0.0,0.0,0.0,0.0,0.0
TOBY BEDFORD,GW,0.07062752,0.034517087,0.0,0.032410316,0.029205346,0.024903916,0.022833766,0.023767838,0.02307715,0.0,0.022502119,0.1064319,0.033979706,0.035009205,0.024712423,0.02555918,0.0,0.041218944,0.024207288,0.029943878,0.028571859,0.024554025,0.106087685,0.039002657,0.033343423
LAITHAM VANDERMEER,WB,0.0,0.33188027,0.02260671,0.025409471,0.022377884,0.0,0.0,0.024894277,0.031561904,0.022439599,0.06854153,0.025223635,0.0,0.022410559,0.026449144,0.02719115,0.022766681,0.03135545,0.025104692,0.022377884,0.02599786,0.030138796,0.027618563,0.0,0.0
DARCY MOORE,CW,0.02973104,0.06447416,0.0938547,0.0,0.087033115,0.030354552,0.024832558,0.0,0.025145471,0.033715915,0.0,0.0,0.051644262,0.032399222,0.0,0.04422739,0.040435333,0.08022147,0.025933208,0.033689782,0.030454302,0.028163005,0.026374256,0.024702698,0.0279466
ANGUS CLARKE,ES,0.03746944,0.0,0.0,0.0,0.0,0.0,0.0,0.0,0.0,0.0,0.0,0.34754515,0.022512216,0.02749089,0.023605173,0.033826187,0.0,0.025834464,0.025852337,0.028118748,0.02506321,0.023021724,0.029507838,0.05177772,0.13296838
SAM WICKS,SY,0.039551493,0.026887096,0.033010475,0.0,0.05315821,0.024817517,0.038829457,0.0,0.045974605,0.023211196,0.1270746,0.023110585,0.0,0.034185987,0.0,0.024935761,0.029364401,0.04307012,0.03512389,0.040193237,0.02837946,0.023907512,0.071930856,0.030847922,0.027522618
KARL WORNER,FR,0.0,0.022422727,0.0,0.03541355,0.026887141,0.14750746,0.031414814,0.039667267,0.023323253,0.024555767,0.024404459,0.05927421,0.025243608,0.0,0.028174397,0.049949188,0.038086124,0.025213428,0.027518706,0.036022346,0.026421206,0.041817296,0.03847594,0.022806276,0.027668556
BILLY FRAMPTON,CW,0.0,0.0,0.0,0.0,0.03513627,0.032391638,0.048906974,0.0549323,0.022457717,0.15495156,0.043121167,0.03724706,0.0313141,0.06020273,0.0,0.035460144,0.0,0.0,0.0,0.0,0.0,0.0,0.023930717,0.04887155,0.19176947
TOM BROWN,RI,0.0,0.02716206,0.024438763,0.030078908,0.024428742,0.04000691,0.03152754,0.023544325,0.040491663,0.04417986,0.025551094,0.029397339,0.02674616,0.03207243,0.0,0.024238385,0.022404157,0.023385588,0.17371432,0.0424501,0.02348841,0.02251015,0.022292983,0.025477115,0.040775597
KAMDYN MCINTOSH,RI,0.0,0.04535795,0.028612671,0.03761585,0.022611989,0.047038555,0.040339824,0.027664742,0.023087393,0.058127496,0.030445594,0.02437988,0.022586623,0.022364562,0.0,0.0507438,0.022364562,0.029949093,0.09095361,0.050065372,0.022276001,0.037495848,0.02957557,0.026578275,0.025256438
JADE GRESHAM,ES,0.0,0.025377722,0.024457078,0.18697959,0.0,0.042962607,0.022645384,0.024148284,0.031812787,0.0,0.0,0.025226433,0.026699876,0.043510664,0.022831947,0.02376379,0.0,0.022499215,0.0,0.042227015,0.022487545,0.12757356,0.047483586,0.027429529,0.022784501
BAILEY BANFIELD,FR,0.0,0.022404157,0.022892768,0.07818754,0.026926056,0.044611495,0.022377884,0.0,0.0,0.0,0.025699455,0.058958746,0.026823835,0.0,0.044768024,0.031269826,0.030153805,0.027784957,0.023963328,0.057164397,0.05234533,0.03650867,0.04394686,0.030923236,0.0940932
LIAM RYAN,WC,0.0,0.0,0.12526129,0.024722757,0.0,0.026759366,0.037303273,0.025282817,0.022438552,0.045246378,0.12263787,0.02766167,0.022918899,0.025105158,0.027717963,0.0,0.02514642,0.027660899,0.0,0.022887146,0.030297482,0.02250042,0.08261556,0.025227588,0.025406992
TOM MCCARTHY,WC,0.0,0.0,0.0,0.0,0.0,0.0,0.0,0.0,0.0,0.0,0.0,0.0,0.0,0.0,0.085437104,0.0,0.11046527,0.03148848,0.03251835,0.025103992,0.033371717,0.07404621,0.32056275,0.049873177,0.0274656
BEN HOBBS,ES,0.0,0.023960825,0.022967273,0.057684187,0.0,0.27268428,0.04320594,0.03406187,0.026486576,0.025231019,0.023500297,0.025328921,0.033221725,0.02240938,0.0,0.023788476,0.0,0.03076049,0.034083404,0.0,0.0,0.024443742,0.022437062,0.03424173,0.0
ASHTON MOIR,CA,0.0,0.0,0.0,0.0,0.022377884,0.0,0.0,0.0,0.0,0.0,0.0,0.0,0.0,0.0,0.0,0.0,0.0,0.027194783,0.022292638,0.5853789,0.022412242,0.022404157,0.022329343,0.025439594,0.027998857
DAN BUTLER,SK,0.0,0.0,0.0,0.0,0.0,0.0,0.0,0.0,0.0,0.0,0.0,0.0,0.6647995,0.0,0.022377884,0.022701105,0.022377884,0.022650652,0.02245088,0.0,0.0,0.0,0.0,0.0,0.0
STEPHEN CONIGLIO,GW,0.02607428,0.1273242,0.0,0.029769562,0.0,0.0,0.0,0.0,0.0,0.0,0.0,0.0,0.0,0.0,0.0,0.0,0.0,0.0,0.0,0.049096894,0.14302465,0.024289293,0.2369756,0.104994826,0.027451301
JAKE WATERMAN,WC,0.0,0.022511708,0.0,0.0,0.0,0.03588438,0.49267843,0.022515554,0.037786458,0.030259479,0.09515181,0.022929015,0.0,0.0,0.0,0.0,0.0,0.0,0.0,0.0,0.0,0.0,0.0,0.0,0.0
COREY WAGNER,FR,0.0,0.047423482,0.041126113,0.0,0.023098059,0.0,0.0,0.041372087,0.031635977,0.024784189,0.037409108,0.06198868,0.080245465,0.0,0.038006395,0.047314156,0.02442863,0.12698537,0.05316589,0.023173528,0.0,0.0,0.0,0.023979595,0.023098059
DARCY PARISH,ES,0.0,0.0,0.0,0.0,0.0,0.0,0.0,0.0,0.0,0.0,0.0,0.0,0.0,0.53280795,0.038240783,0.17739037,0.0,0.0,0.0,0.0,0.0,0.0,0.0,0.0,0.0
REUBEN GINBEY,WC,0.0,0.027834253,0.030186497,0.027870584,0.033979736,0.027712781,0.022634283,0.02401321,0.057416093,0.023419447,0.03714763,0.029080456,0.02528703,0.023930717,0.032814022,0.0,0.024816422,0.033926364,0.033426024,0.035426386,0.047778416,0.04264612,0.033556975,0.04821805,0.02250531
HARVEY THOMAS,GW,0.0,0.0,0.0,0.0,0.0,0.023653952,0.022425592,0.029440498,0.022425592,0.024315264,0.022377884,0.07495979,0.022816766,0.022376174,0.03967874,0.025010627,0.0,0.02871678,0.024017647,0.0,0.0,0.02506321,0.07989835,0.23227866,0.02415896
OSCAR ALLEN,WC,0.0,0.02432688,0.03410495,0.022425592,0.023916494,0.023017175,0.0,0.027317263,0.061092667,0.0,0.12782189,0.0296627,0.32466042,0.02261011,0.022377884,0.0,0.0,0.0,0.0,0.0,0.0,0.0,0.0,0.0,0.0
LOGAN EVANS,PA,0.0,0.023417398,0.5123495,0.023662798,0.022377884,0.0,0.0,0.0,0.026132526,0.0,0.026491316,0.030998912,0.0,0.0,0.0,0.0,0.027492484,0.0,0.0,0.023150617,0.023201069,0.0,0.0,0.0,0.0
JAMIE CRIPPS,WC,0.0,0.027678167,0.026429936,0.039135925,0.022458335,0.02507586,0.048506305,0.023192268,0.024071863,0.16776446,0.027704827,0.0,0.0,0.02537854,0.026790887,0.0,0.022422727,0.026481984,0.024402704,0.042125154,0.03204002,0.023049142,0.032575466,0.023132693,0.02692884
JORDAN RIDLEY,ES,0.0,0.023260953,0.0,0.13893986,0.0,0.2979963,0.050924744,0.03301999,0.040245928,0.0,0.0,0.0,0.0,0.0,0.0,0.0,0.0,0.028678846,0.052662183,0.04636254,0.02304471,0.0,0.0,0.0,0.0
NOAH ANSWERTH,BL,0.044005398,0.039355922,0.054091845,0.0,0.025032176,0.030910207,0.03003527,0.05031853,0.04657531,0.056789808,0.026001723,0.057559732,0.09716619,0.025334213,0.028678779,0.049039222,0.0,0.035307225,0.038880583,0.0,0.0,0.0,0.0,0.0,0.0
TOM BARRASS,HW,0.034021303,0.04923375,0.027575659,0.042260945,0.0,0.031395964,0.026461907,0.027382242,0.06311557,0.0,0.027843725,0.036511164,0.022319157,0.031919662,0.025298733,0.0,0.028036203,0.05192368,0.029713854,0.030428201,0.041306216,0.022340512,0.029386025,0.03220403,0.02435527
JUDD MCVEE,ME,0.0,0.0,0.0,0.0,0.0,0.0,0.0,0.12907468,0.02377999,0.03220731,0.05962522,0.14472666,0.0378235,0.025242388,0.023243506,0.0,0.022954874,0.025739104,0.024603285,0.025622575,0.029542904,0.033831134,0.032837275,0.022364562,0.035014767
FINN MAGINNESS,HW,0.03056506,0.027203888,0.05116055,0.25448388,0.0,0.0239537,0.0,0.0,0.14589208,0.04548684,0.023154123,0.0234329,0.022483755,0.02575323,0.0,0.0,0.0,0.0,0.024260482,0.026766133,0.0,0.0,0.0,0.0,0.0
ALEX PEARCE,FR,0.0,0.029769761,0.028302396,0.03660083,0.045676682,0.16259146,0.027714936,0.028971855,0.10732257,0.03662977,0.04511635,0.069522806,0.0,0.0,0.0,0.0,0.0,0.023048734,0.0,0.0,0.0,0.0,0.026051689,0.02718207,0.029695567
TOBY PINK,NM,0.0,0.0,0.04908413,0.041961204,0.0,0.0,0.0,0.0,0.0,0.026494902,0.038659096,0.032009892,0.0,0.039569493,0.036736093,0.1357465,0.023930717,0.025280708,0.02463026,0.025085812,0.059925787,0.035805337,0.024600511,0.04398336,0.049929053
EDWARD ALLAN,CW,0.026286235,0.0,0.0,0.0,0.0,0.024032418,0.025040142,0.0,0.0,0.02344919,0.028540848,0.22402157,0.18176147,0.023939915,0.0,0.048863627,0.030500615,0.0,0.0,0.023342207,0.03050141,0.0,0.0,0.02245088,0.0
FINN OSULLIVAN,NM,0.0,0.027009044,0.036840547,0.02452278,0.0,0.024598781,0.022547174,0.022404157,0.02457044,0.023188699,0.022650724,0.023896314,0.0,0.04251434,0.029580852,0.035157226,0.022425592,0.022377884,0.029308615,0.04168214,0.024269275,0.029794935,0.025822585,0.11774291,0.03801466
BRAEDEN CAMPBELL,SY,0.022373462,0.03037119,0.032989893,0.0,0.041684825,0.025814688,0.02398978,0.022903897,0.029434951,0.034941398,0.039474085,0.023817927,0.022561649,0.037525453,0.0,0.035835534,0.022364562,0.0316106,0.03676544,0.026950391,0.022377884,0.035453428,0.038218092,0.022364562,0.04796494
RYAN BYRNES,SK,0.0,0.023977615,0.064201824,0.088856906,0.044768557,0.043640554,0.022425592,0.027615543,0.055529196,0.05839489,0.034494314,0.040618107,0.058257088,0.0,0.044614095,0.023938237,0.0,0.0,0.0,0.026558489,0.023814106,0.024983196,0.0,0.0,0.0
TOM LYNCH,RI,0.0,0.026703836,0.0,0.02255267,0.022561649,0.022377884,0.05895585,0.10832754,0.02246557,0.057942677,0.033248182,0.0,0.03841943,0.02255267,0.0,0.033675745,0.023610465,0.0,0.0,0.0,0.0,0.0,0.030695522,0.11337584,0.068234764
BUKU KHAMIS,WB,0.0,0.0,0.030904818,0.033207476,0.025959142,0.02227879,0.027126912,0.028297167,0.03423924,0.022377884,0.34628862,0.0325003,0.0,0.02262241,0.02551607,0.027223807,0.027020155,0.0,0.0,0.0,0.0,0.0,0.0,0.0,0.0
HUNTER CLARK,SK,0.0,0.022483755,0.044775352,0.0,0.0,0.0,0.0,0.0,0.0,0.0,0.0,0.04479961,0.047948133,0.0,0.026874006,0.025492812,0.03102954,0.03233939,0.022811195,0.027539395,0.07242453,0.24630062,0.055032164,0.0,0.0
TYLER SONSIE,RI,0.0,0.025691003,0.0,0.022412242,0.023885556,0.02473859,0.0,0.0,0.0,0.0,0.0,0.0,0.029883176,0.026238995,0.0,0.023439981,0.022438552,0.023220632,0.033755023,0.15223302,0.16236115,0.024148284,0.045399014,0.022810291,0.03556159
LACHLAN MCNEIL,WB,0.0,0.02558893,0.022536747,0.02284196,0.022844195,0.046333414,0.026135014,0.0,0.09301606,0.022364562,0.04484929,0.02298207,0.0,0.022831947,0.049235906,0.04609646,0.022637242,0.024032418,0.0,0.022404157,0.026076576,0.062404066,0.022631906,0.02599786,0.022377884
JAXON BINNS,CA,0.0,0.0,0.0,0.0,0.0,0.0,0.0,0.0,0.0,0.2226548,0.033576358,0.02249715,0.0,0.0,0.3826094,0.034587715,0.0,0.0,0.0,0.0,0.0,0.0,0.0,0.0,0.0
OLIVER FLORENT,SY,0.025058864,0.040986955,0.024688475,0.0,0.17653523,0.043552287,0.026474861,0.024238385,0.041953392,0.030875595,0.028466044,0.02855962,0.0,0.0,0.0,0.0,0.023373982,0.0,0.0,0.0,0.0,0.02855802,0.055812772,0.030273732,0.061441537
JACK PAYNE,BL,0.10443506,0.02678622,0.05130082,0.0,0.12919535,0.05466529,0.028131599,0.0,0.05565978,0.04273154,0.03352938,0.025431877,0.06643623,0.048936505,0.022364562,0.0,0.0,0.0,0.0,0.0,0.0,0.0,0.0,0.0,0.0
DARCY GARDINER,BL,0.0,0.0,0.0,0.0,0.0,0.0,0.0,0.03364067,0.024055758,0.02297704,0.2738424,0.024032418,0.023616847,0.0,0.0,0.0,0.0,0.023811208,0.032740075,0.045815498,0.025779743,0.037465796,0.0323074,0.05767512,0.022676734
BOBBY HILL,CW,0.024104094,0.04198498,0.022679243,0.0,0.024997853,0.0918174,0.028584965,0.029244231,0.023764757,0.26465032,0.022756431,0.0,0.03333976,0.024141248,0.0,0.025855165,0.0,0.0,0.0,0.0,0.0,0.022377884,0.0,0.0,0.0
TODD GOLDSTEIN,ES,0.023609543,0.0,0.0,0.0,0.0,0.0,0.0,0.026616529,0.0235092,0.1460721,0.023810083,0.07839058,0.0340105,0.023275685,0.062618904,0.0,0.0,0.025928518,0.05128223,0.0,0.028996091,0.02226324,0.03386594,0.04172146,0.030463172
JOSH SINN,PA,0.0,0.023324206,0.10917646,0.032016248,0.031290814,0.031164078,0.02581163,0.023904124,0.0,0.032015923,0.022377884,0.0,0.0,0.032354318,0.048509274,0.02615611,0.058809184,0.022404157,0.024032418,0.024050133,0.023462886,0.025502734,0.036059387,0.022377884,0.0
OISIN MULLIN,GE,0.03152508,0.025637863,0.022390818,0.0,0.063995235,0.022633737,0.0,0.023177475,0.038074307,0.023202414,0.026407197,0.026151367,0.024342876,0.027383752,0.02952194,0.022451919,0.0,0.028741194,0.024278872,0.034527913,0.061685905,0.029539336,0.026717242,0.026888544,0.030356657
XAVIER LINDSAY,ME,0.0,0.04929544,0.02746166,0.02106934,0.0,0.024529954,0.03310421,0.07277542,0.031090902,0.023801653,0.0593201,0.12286816,0.022848614,0.022979116,0.027046656,0.0,0.024131281,0.025959473,0.024564236,0.023865132,0.026173133,0.0,0.0,0.0,0.0
LACHLAN COWAN,CA,0.0,0.04209962,0.023922637,0.024690019,0.022377884,0.0,0.0,0.0,0.022515275,0.025199441,0.0,0.0,0.0,0.0,0.0,0.0,0.0,0.038352415,0.03893137,0.037702776,0.023531925,0.025535023,0.06213129,0.15754494,0.117816046
KAI LOHMANN,BL,0.023586744,0.026949804,0.0,0.0,0.0,0.0,0.0,0.024598211,0.0,0.022693755,0.022499215,0.031845305,0.2402147,0.023577254,0.022377884,0.06474184,0.0,0.054414872,0.032968543,0.034397487,0.0,0.0,0.0,0.0,0.025927095
SAM SWITKOWSKI,FR,0.0,0.02281639,0.0,0.0,0.0,0.026008354,0.025014807,0.023698704,0.022425592,0.027105683,0.04106082,0.034107327,0.0563279,0.0,0.041515786,0.0,0.0,0.0,0.09774529,0.02507944,0.062180683,0.037309397,0.02370059,0.022377884,0.05193898
RYAN BURTON,PA,0.0,0.020826299,0.039634362,0.0,0.0,0.0,0.0,0.0,0.0,0.036716346,0.043816738,0.026476515,0.0,0.043343984,0.3888502,0.037045807,0.0,0.0,0.0,0.0,0.0,0.0,0.0,0.0,0.0
BEAU MCCREERY,CW,0.024833268,0.036201794,0.034648556,0.0,0.024722902,0.03577974,0.03500843,0.028930474,0.022497173,0.048481308,0.088331036,0.049222894,0.02450363,0.048205048,0.0,0.025067924,0.0,0.0,0.0,0.044626113,0.0,0.0,0.0,0.02614077,0.035872854
SAM LALOR,RI,0.0,0.029197399,0.024160853,0.024446756,0.3653702,0.0,0.027493745,0.022531694,0.02278201,0.037843164,0.030597433,0.02238428,0.0,0.0,0.0,0.0,0.0,0.022377884,0.0,0.0,0.0,0.0,0.0,0.0,0.0
ISAAC KAKO,ES,0.04506575,0.027483514,0.022505654,0.02262695,0.0,0.025563445,0.022650724,0.026272,0.024936363,0.022633737,0.022412242,0.025043787,0.022353353,0.022599664,0.022603344,0.0253559,0.0,0.04581775,0.029530229,0.023837257,0.02420649,0.022412242,0.022855828,0.022799809,0.049893677
JEREMY SHARP,FR,0.0,0.036133192,0.03237253,0.024564236,0.09840143,0.13633282,0.07469342,0.025773423,0.0289866,0.028906163,0.024350977,0.028011123,0.023083655,0.0,0.025926579,0.030166714,0.0,0.0,0.0,0.0,0.0,0.0,0.0,0.0,0.0
LUKE TRAINOR,RI,0.0,0.03553138,0.024424322,0.030722756,0.029263772,0.04649818,0.022633737,0.029077886,0.0353207,0.045078013,0.024726583,0.022499215,0.02245088,0.029416827,0.0,0.022652641,0.023146186,0.028323969,0.0420121,0.026225176,0.025586307,0.026578294,0.0,0.0,0.023976773
RILEY HARDEMAN,NM,0.0,0.0,0.0,0.0,0.030354042,0.022377884,0.0,0.024531849,0.03327553,0.02907114,0.031126283,0.14677508,0.0,0.022633737,0.024527531,0.03312947,0.022377884,0.029165577,0.026926592,0.028764632,0.028060596,0.028444689,0.022377884,0.0,0.0
HARRY EDWARDS,WC,0.0,0.022573672,0.023328742,0.022377884,0.0,0.026263041,0.022884944,0.0,0.0,0.038492806,0.050292514,0.022547174,0.02908444,0.05088392,0.022413872,0.0,0.022771582,0.026367158,0.12246921,0.055278648,0.0,0.024027765,0.0,0.0,0.0
TOM COLE,WC,0.0,0.034495044,0.022438552,0.022393297,0.0228806,0.0,0.0,0.02523085,0.022953587,0.029688746,0.03954355,0.02536603,0.058706358,0.022377884,0.0,0.0,0.0,0.0,0.030265206,0.04953956,0.027425617,0.051048942,0.027625447,0.028333971,0.040757146
ETHAN READ,GC,0.028430566,0.04601843,0.0,0.024449576,0.022650724,0.051168695,0.022377884,0.024265612,0.022377884,0.0,0.0,0.025925128,0.0,0.0,0.0,0.023241887,0.031483173,0.03951298,0.022759955,0.023090446,0.028425213,0.07278322,0.023053056,0.022628883,0.025374701
WILL WHITE,CA,0.0,0.0,0.0,0.0,0.024881763,0.049080458,0.23586716,0.022965051,0.022412242,0.023322843,0.022377884,0.024298178,0.0,0.023856638,0.0,0.0,0.0,0.0,0.0,0.022633737,0.030826986,0.022377884,0.022377884,0.0,0.024032418
TYLER BROCKMAN,WC,0.0,0.023702892,0.023383258,0.02248582,0.02236363,0.0,0.0,0.0,0.03138316,0.07470652,0.049106546,0.041500855,0.02422211,0.02792225,0.023045808,0.0,0.026524257,0.02241186,0.022525625,0.022379966,0.022377884,0.02250042,0.022526832,0.02250042,0.022377884
JACOB KONSTANTY,NM,0.0,0.0234915,0.026718583,0.022308888,0.024871144,0.022876421,0.022499215,0.022390818,0.02245088,0.024168044,0.022896362,0.023605091,0.0,0.024682911,0.02768196,0.029247725,0.023335153,0.022909151,0.024100533,0.022364562,0.022377884,0.022425592,0.02240938,0.038055617,0.029711504
LUKE CLEARY,WB,0.0,0.022633737,0.0,0.0,0.0,0.02562829,0.05138123,0.024404459,0.04823938,0.024123002,0.049274504,0.02528924,0.0,0.024472555,0.027615812,0.0,0.0,0.0,0.0,0.026299344,0.033457752,0.06859945,0.038581163,0.050631177,0.022323756
CONNOR BUDARICK,GC,0.029484482,0.046894833,0.0,0.041225333,0.022672756,0.0,0.026663778,0.024898427,0.022377884,0.0,0.0,0.0,0.0,0.0,0.0,0.022377884,0.023172874,0.027363263,0.024995534,0.048534203,0.07227162,0.048402555,0.03153794,0.023021724,0.022315672
THOMSON DOW,RI,0.0,0.15606163,0.023123745,0.025524063,0.04188253,0.029537711,0.062754266,0.11688386,0.025896104,0.029230962,0.0243028,0.022711253,0.0,0.0,0.0,0.0,0.0,0.0,0.0,0.0,0.0,0.0,0.0,0.0,0.0
JACK WILLIAMS,WC,0.0,0.0,0.0,0.022425592,0.02602799,0.022364562,0.25721398,0.022364562,0.025482485,0.0,0.0,0.0,0.02428091,0.03244782,0.024849053,0.0,0.02887487,0.022364562,0.022524303,0.022377884,0.0,0.0,0.0,0.0,0.0
TYRELL DEWAR,WC,0.0,0.025210226,0.09181116,0.031219117,0.029037612,0.022866987,0.023664724,0.022377884,0.0,0.0,0.0,0.023419661,0.027229661,0.045107085,0.09170931,0.0,0.0,0.0,0.02540613,0.026281841,0.022377884,0.022377884,0.0,0.0,0.023419661
JAYDEN LAVERDE,ES,0.032389134,0.0,0.0,0.0,0.0,0.0,0.0,0.0,0.0,0.0,0.026205515,0.050481055,0.030859051,0.030471032,0.05031416,0.03740183,0.0,0.031374734,0.0627041,0.02841179,0.027507162,0.0483683,0.04314934,0.048146997,0.0
MATT CARROLL,CA,0.0,0.0,0.0,0.0,0.0,0.046867125,0.041062724,0.04075071,0.022425592,0.0,0.022377884,0.02437963,0.0,0.029850077,0.04762975,0.025445873,0.0,0.024794135,0.023449425,0.042059947,0.022412242,0.02391799,0.02412098,0.03400247,0.051139407
JACOB WEHR,GW,0.05972612,0.046766203,0.0,0.023013504,0.04051124,0.09572454,0.034073852,0.023730725,0.051155083,0.02363937,0.025928367,0.033857666,0.0,0.023784937,0.0,0.0,0.0,0.0,0.0,0.0,0.0,0.0,0.0,0.024032418,0.026495019
LACHIE JONES,PA,0.0,0.022364562,0.046514083,0.0,0.026262172,0.047136128,0.02648164,0.025392326,0.022377884,0.026124137,0.0225501,0.0,0.0,0.0,0.0,0.022377884,0.030828096,0.022650652,0.031837456,0.023404801,0.02387229,0.023048734,0.0,0.023617458,0.064202204
MATTHEW COTTRELL,CA,0.0,0.027692186,0.07820585,0.029285563,0.0,0.22426738,0.12828366,0.041600533,0.0,0.0,0.0,0.0,0.0,0.0,0.0,0.0,0.0,0.0,0.0,0.0,0.0,0.0,0.0,0.0,0.0
LEWIS MELICAN,SY,0.031264614,0.025932062,0.0,0.0,0.0,0.0,0.022292983,0.030834362,0.031790663,0.0,0.0,0.0,0.024917025,0.038283575,0.0,0.037278358,0.051202927,0.0316334,0.0233883,0.034211308,0.022801451,0.038410448,0.02865985,0.022377884,0.027645648
JIMMY WEBSTER,SK,0.0,0.02511744,0.026867174,0.085515246,0.025239458,0.022499215,0.025273105,0.022933763,0.100406766,0.02308672,0.026487358,0.027968215,0.03993533,0.0,0.026673174,0.022377884,0.0,0.022377884,0.0,0.0,0.0,0.0,0.0,0.0,0.0
JACK SCRIMSHAW,HW,0.057502713,0.024017647,0.0,0.0,0.0,0.0,0.05530521,0.024264783,0.0,0.0,0.035141982,0.022404157,0.022377884,0.0,0.0,0.0,0.0,0.0,0.0,0.06684849,0.055916343,0.022395229,0.037113544,0.06459581,0.028752882
LIAM STOCKER,SK,0.0,0.0,0.022650724,0.0,0.05914437,0.023546183,0.026848486,0.022547174,0.062418286,0.027894251,0.0,0.0,0.0,0.0,0.024441611,0.023567332,0.026804125,0.0,0.024915978,0.022600168,0.042403433,0.023594279,0.02284196,0.023500515,0.02525203
CHRISTIAN MORAES,PA,0.0,0.0,0.037254468,0.17330225,0.02451499,0.025796084,0.022833752,0.02369872,0.0,0.022644127,0.026791833,0.02367182,0.0,0.025580518,0.0,0.022377884,0.0,0.0,0.0,0.0,0.0,0.0,0.022377884,0.02916771,0.023723617
WILL HOSKIN-ELLIOTT,CW,0.024070248,0.0,0.0,0.0,0.0,0.031288244,0.027219677,0.025762295,0.022510575,0.02262695,0.0310775,0.025287477,0.024361541,0.02362416,0.0,0.032677148,0.03403769,0.043294206,0.025318788,0.022604525,0.042779215,0.022377884,0.022377884,0.0,0.0
JACOB VAN ROOYEN,ME,0.0,0.022526696,0.022404157,0.022377884,0.022966957,0.023438072,0.0,0.0,0.0,0.022488184,0.0,0.0,0.0,0.022933388,0.023541223,0.0,0.0,0.029370287,0.091790006,0.022492085,0.022437062,0.06295481,0.027426615,0.029452285,0.026048888
JOE FONTI,GW,0.0,0.0,0.0,0.0,0.0,0.0,0.0,0.0,0.03873268,0.022637242,0.023338495,0.024799757,0.043487936,0.026618306,0.02366093,0.026323857,0.0,0.041998416,0.05323064,0.03528089,0.027592337,0.02348367,0.02520106,0.024404459,0.033506647
ZAC TAYLOR,AD,0.0,0.0,0.0,0.0,0.0,0.023609415,0.024486925,0.022364562,0.046653267,0.022951858,0.023080973,0.026281713,0.0,0.0,0.0,0.0,0.0,0.022633737,0.023390772,0.026428193,0.028439736,0.022633737,0.13411708,0.023219954,0.022756431
NOAH BALTA,RI,0.0,0.0,0.0,0.0,0.0,0.0,0.116085686,0.0,0.027931461,0.05115683,0.03395025,0.0,0.0,0.026690733,0.0,0.025102267,0.03001373,0.02265737,0.0,0.0,0.047606353,0.027242845,0.032291654,0.02367505,0.023147011
BAILEY WILLIAMS,WC,0.0,0.0,0.025008243,0.032644227,0.02553736,0.022849727,0.0,0.0,0.0,0.068281285,0.050421,0.023475066,0.0,0.0,0.037105817,0.0,0.022346282,0.023293242,0.022364562,0.023619838,0.02323226,0.02283888,0.0,0.023584828,0.022721244
ISAIAH DUDLEY,FR,0.0,0.0,0.0,0.029801656,0.023568768,0.041555498,0.02266932,0.022784688,0.022551421,0.026702687,0.030567734,0.09610878,0.0,0.0,0.0,0.0,0.023016881,0.022329343,0.022633737,0.0,0.033559598,0.028703721,0.022650724,0.0,0.0
LACHLAN SULLIVAN,CW,0.0,0.030816607,0.0,0.0,0.0,0.026798913,0.0,0.02412861,0.0,0.058664583,0.024182426,0.027885305,0.025707118,0.023264041,0.0,0.024581209,0.027056495,0.105315045,0.022486439,0.022809347,0.025424201,0.0,0.0,0.0,0.0
LEEK ALEER,GW,0.0,0.0,0.0,0.0,0.0,0.0,0.0,0.0,0.0,0.0,0.0,0.0291258,0.025161304,0.022377884,0.022633737,0.025877725,0.0,0.035361603,0.15420747,0.037402954,0.0,0.023611873,0.025426038,0.029160399,0.033343848
NICK HOLMAN,GC,0.0,0.04730101,0.0,0.025999242,0.0,0.025557317,0.024383431,0.042383466,0.02590952,0.025092531,0.047086306,0.025689887,0.025116635,0.02415701,0.0,0.022377884,0.0,0.0,0.0,0.0,0.025161449,0.02599786,0.02278183,0.02240938,0.0
BRODIE SMITH,AD,0.0,0.0,0.0,0.0,0.0,0.0,0.0,0.0,0.053605303,0.0,0.0,0.0,0.063146405,0.03188252,0.022377884,0.0,0.12414186,0.06466122,0.0,0.0,0.0,0.030326521,0.0,0.035394933,0.027086074
STEELY GREEN,RI,0.0,0.022756431,0.024610393,0.02242116,0.029034728,0.022866987,0.033024404,0.022364562,0.023008026,0.022643931,0.022463853,0.022547174,0.022793256,0.02349706,0.0,0.02349706,0.022425592,0.0,0.0,0.0,0.024973573,0.022787882,0.022377884,0.022377884,0.0
COREY WARNER,SY,0.02245831,0.075453125,0.032205418,0.0,0.037809305,0.030963743,0.022377884,0.025824895,0.026254259,0.02369872,0.025135204,0.025760895,0.022390818,0.026898941,0.0,0.0,0.0,0.0,0.0,0.0,0.0,0.0,0.0,0.0,0.05408629
JED WALTER,GC,0.0,0.0,0.0,0.02735697,0.06425758,0.024177644,0.022377884,0.038273342,0.022831947,0.023188699,0.022578401,0.02490571,0.022675026,0.02251666,0.0,0.022404157,0.024167595,0.030439416,0.022650724,0.02250042,0.0,0.0,0.0,0.0,0.0
JAMES TREZISE,RI,0.0,0.048653558,0.023580283,0.027115002,0.033663742,0.024548093,0.028554143,0.02576603,0.02249715,0.023025896,0.0,0.0,0.0,0.0,0.0,0.0,0.0,0.0,0.027291676,0.030344984,0.023021724,0.025566325,0.022427134,0.027245756,0.02258989
BRANDON ZERK-THATCHER,PA,0.0,0.0,0.0,0.0,0.0,0.0,0.0,0.0,0.0,0.0,0.0,0.027319279,0.0,0.027622117,0.028237313,0.03247668,0.033546116,0.028706226,0.03463711,0.026883118,0.030956708,0.025059393,0.03459326,0.02924187,0.06822623
LEWIS YOUNG,CA,0.0,0.0,0.025644451,0.025021577,0.022364562,0.0,0.09720754,0.0,0.029086562,0.031016065,0.022425592,0.022377884,0.0,0.0,0.0,0.0,0.02248582,0.0,0.0,0.0,0.0,0.028116833,0.02455081,0.05043521,0.026388017
HARRY SHARP,ME,0.0,0.023630546,0.022425592,0.023696387,0.022499215,0.022377884,0.022650724,0.024035996,0.025587745,0.022377884,0.02360646,0.030769354,0.023447126,0.0,0.0,0.0,0.022377884,0.022377884,0.0,0.022746217,0.0,0.026008354,0.0,0.022556715,0.022377884
HUGO RALPHSMITH,RI,0.0,0.0,0.0,0.0,0.0,0.02459867,0.032609303,0.022470528,0.024109501,0.07377508,0.02440687,0.04832395,0.07748307,0.025077859,0.0,0.023021724,0.024657674,0.022818362,0.0,0.0,0.0,0.0,0.0,0.0,0.0
GRIFFIN LOGUE,NM,0.0,0.02340393,0.0,0.0,0.023680205,0.02286289,0.022704242,0.0,0.0,0.0,0.0,0.0,0.0,0.02651849,0.024229348,0.02425005,0.022451919,0.02987951,0.023009785,0.035637926,0.022742528,0.022438552,0.027379174,0.032834258,0.03854475
MATTHEW OWIES,WC,0.0,0.022576544,0.02334193,0.022377884,0.022425592,0.022329343,0.027083313,0.024871156,0.024056004,0.06838728,0.024032418,0.0,0.0,0.0,0.0,0.0,0.0,0.0,0.023380209,0.024758656,0.022377884,0.022377884,0.022377884,0.023695735,0.0
BRENT DANIELS,GW,0.2680432,0.027311968,0.0,0.023333024,0.038072586,0.0,0.0,0.0,0.0,0.0,0.0,0.0,0.0,0.037647314,0.022633737,0.0,0.0,0.0,0.0,0.0,0.0,0.0,0.0,0.0,0.0
JAYDEN HUNT,WC,0.0,0.022487545,0.028885951,0.034236465,0.022316052,0.024585456,0.03078754,0.02558714,0.023974953,0.028689798,0.05656586,0.026913442,0.022412242,0.024258196,0.022377884,0.0,0.022377884,0.0,0.0,0.0,0.0,0.0,0.0,0.0,0.0
PETER LADHAMS,SY,0.0,0.0,0.031248897,0.0,0.048701532,0.023402914,0.0,0.023576632,0.0,0.0,0.024721047,0.025935195,0.0228234,0.0,0.0,0.0,0.0,0.0,0.0,0.025064813,0.0,0.023302844,0.0,0.16604409,0.0
JACK HUTCHINSON,WC,0.0,0.026239136,0.0,0.0,0.0,0.023444166,0.025388863,0.029684935,0.024589116,0.023294907,0.02540273,0.022390818,0.029653082,0.023461347,0.022377884,0.0,0.032288592,0.022390818,0.03015223,0.023954013,0.02572185,0.0,0.0,0.0,0.0
MITCH DUNCAN,GE,0.0,0.0,0.0,0.0,0.0,0.0,0.0,0.0,0.083563425,0.049657904,0.052970935,0.028293852,0.05431135,0.06488105,0.026233343,0.022990894,0.0,0.026008354,0.0,0.0,0.0,0.0,0.0,0.0,0.0
OLIVER HENRY,GE,0.025033502,0.037032727,0.02267685,0.0,0.024512002,0.0260316,0.02381581,0.022377884,0.025478436,0.022573816,0.033260822,0.025913727,0.030538531,0.0,0.0,0.026822597,0.0,0.038335454,0.022377884,0.0,0.0,0.0,0.0,0.0,0.0
JACK BULLER,SY,0.0,0.0,0.0,0.0,0.0,0.0,0.0,0.0,0.0,0.0,0.0,0.0,0.0,0.0,0.0,0.0,0.022332978,0.022633737,0.02323739,0.037692767,0.024551878,0.035777744,0.023648826,0.022561649,0.19025327
JONTY FAULL,RI,0.0,0.0,0.0,0.0,0.0,0.022377884,0.02324836,0.024148058,0.022377884,0.023832357,0.022572603,0.023594312,0.025705766,0.022592785,0.0,0.024732517,0.022425592,0.024428267,0.022738114,0.052806545,0.022509513,0.022377884,0.0,0.0,0.0
SAM MARSHALL,BL,0.0,0.0,0.0,0.0,0.0,0.0,0.023556855,0.0,0.0,0.0,0.0,0.0,0.0,0.0,0.0,0.0,0.0,0.0,0.0,0.024810057,0.024630098,0.025583057,0.025181422,0.08227906,0.1812695
SANDY BROCK,WC,0.0,0.0,0.0,0.0,0.034601085,0.0273093,0.0,0.0,0.0,0.030319195,0.031467166,0.024606798,0.024121238,0.023987412,0.025085812,0.0,0.02527216,0.027902689,0.0,0.0,0.0231056,0.0,0.03390913,0.02559878,0.02633041
CLAY HALL,WC,0.0,0.0,0.045704562,0.0,0.03494459,0.022499215,0.0,0.0,0.0,0.0,0.0,0.0,0.0,0.0,0.025040492,0.0,0.031489577,0.02587434,0.031376183,0.03250061,0.026865378,0.023108007,0.025176233,0.025899272,0.03119585
AIDAN CORR,NM,0.0,0.043341484,0.080398165,0.03874107,0.02834234,0.029618068,0.03661948,0.0,0.0,0.033177316,0.031859495,0.034456898,0.0,0.0,0.0,0.0,0.0,0.0,0.0,0.0,0.0,0.0,0.0,0.0,0.022404157
MAURICE RIOLI,RI,0.0,0.0,0.0,0.0,0.0,0.022838483,0.042475846,0.022512216,0.022377884,0.0,0.0,0.022377884,0.0,0.0,0.0,0.0,0.0,0.04993815,0.032790385,0.04991967,0.022404157,0.022377884,0.023413157,0.022847364,0.02248582
TED CLOHESY,GE,0.027375557,0.0,0.15262029,0.0,0.029098071,0.025729623,0.024221508,0.0,0.0,0.02245088,0.0,0.026976483,0.025698021,0.04453562,0.0,0.0,0.0,0.0,0.0,0.0,0.0,0.0,0.0,0.0,0.0
NICK MURRAY,AD,0.0,0.05491816,0.06697935,0.0,0.0,0.0,0.03390389,0.02554153,0.0,0.0,0.0,0.0,0.0,0.0,0.0,0.0,0.0,0.0,0.0,0.038011007,0.030206127,0.032068986,0.032578487,0.029130043,0.0317897
OSKAR BAKER,WB,0.0,0.0,0.022987355,0.038238607,0.049087603,0.0,0.0,0.0,0.0,0.0,0.0,0.02575192,0.0,0.0,0.0,0.0,0.0,0.0,0.0,0.0,0.055617586,0.031158833,0.0485687,0.060868766,0.042384055
JOEL HAMLING,SY,0.0,0.023020169,0.029505176,0.0,0.027345361,0.02959592,0.022498239,0.0,0.02524611,0.022499215,0.027017191,0.026007438,0.023891682,0.0,0.0,0.0,0.0,0.043173544,0.023090206,0.02787153,0.023458507,0.0,0.0,0.0,0.0
BAILEY SCOTT,NM,0.0,0.05367952,0.052970577,0.024637643,0.023585739,0.0,0.0,0.0,0.02245088,0.022650724,0.024329314,0.0,0.0,0.0,0.0,0.0,0.0,0.026769716,0.022377884,0.0,0.0,0.0,0.022364562,0.051438775,0.024833748
TYLAR YOUNG,RI,0.0,0.0,0.0,0.0,0.0,0.0,0.0,0.0,0.0,0.0,0.0,0.0,0.0,0.0,0.0,0.0,0.0,0.0,0.08635721,0.10940026,0.024239952,0.027486518,0.0457011,0.041607436,0.035839513
HUGH BOXSHALL,SK,0.0,0.0,0.0,0.0,0.0,0.0,0.0,0.0,0.09703711,0.022559306,0.0,0.025049692,0.02629175,0.0,0.0,0.0,0.0,0.0,0.022388857,0.02521188,0.035873447,0.029052485,0.02759029,0.035134766,0.024109282
OLLIE LORD,PA,0.0,0.0,0.0,0.0,0.036007967,0.025112316,0.025456682,0.025314735,0.022801451,0.022395229,0.022425592,0.022377884,0.0,0.0,0.0,0.0,0.0,0.0,0.027765403,0.022547174,0.022499215,0.025519727,0.022310495,0.022377884,0.022650724
HARRY CUNNINGHAM,SY,0.0,0.0,0.0,0.0,0.0,0.0,0.0,0.0,0.0,0.0,0.0,0.0,0.0,0.07721989,0.0,0.029259268,0.026258238,0.03370374,0.022766681,0.027045695,0.022377884,0.033962265,0.031969827,0.025113184,0.03461399
SAAD EL-HAWLI,ES,0.022412242,0.0,0.0,0.026036762,0.0,0.036025368,0.022650724,0.0,0.0,0.15718089,0.023848146,0.0,0.0,0.0,0.0,0.0,0.0,0.0,0.0,0.0,0.025250476,0.0,0.0,0.024477234,0.025160836
FLYNN YOUNG,CA,0.0,0.0,0.0,0.0,0.0,0.0,0.0,0.0,0.0,0.0,0.0,0.0,0.0,0.0,0.0,0.0,0.022377884,0.02360552,0.022524072,0.025407705,0.0,0.023292053,0.02248582,0.038680334,0.18380028
KYLE LANGFORD,ES,0.026288077,0.027767602,0.0,0.0,0.0,0.0,0.0,0.02239875,0.056518976,0.024615657,0.024605865,0.024789779,0.0,0.0,0.0,0.0,0.0,0.0,0.0,0.0,0.0,0.0,0.0,0.12441688,0.022869347
TOBY MCMULLIN,GW,0.0,0.0,0.0,0.0,0.0,0.024245603,0.027289696,0.023736062,0.027893798,0.038961962,0.022377884,0.0,0.06876498,0.023125436,0.0,0.0,0.0,0.0,0.0,0.04112214,0.0264212,0.023633081,0.0,0.0,0.0
BEN MCKAY,ES,0.0,0.026198722,0.026198722,0.02512186,0.0,0.08994167,0.025980297,0.024600511,0.024482325,0.038686536,0.034012556,0.030826705,0.0,0.0,0.0,0.0,0.0,0.0,0.0,0.0,0.0,0.0,0.0,0.0,0.0
RILEY GARCIA,WB,0.0,0.0,0.0,0.0,0.0,0.0,0.0,0.0,0.0,0.0,0.0,0.0,0.0,0.0,0.0,0.0,0.0,0.057395145,0.023790436,0.024678785,0.06692698,0.06398547,0.02485645,0.050993912,0.023010707
JOSH DRAPER,FR,0.0,0.022377884,0.022477234,0.02793874,0.050873317,0.035740986,0.027088843,0.02547831,0.0249991,0.0,0.0,0.0,0.026985465,0.0,0.028081112,0.03661551,0.0,0.0,0.0,0.0,0.0,0.0,0.0,0.0,0.0
MAX RAMSDEN,HW,0.0,0.0,0.0,0.0,0.0,0.0,0.0,0.0,0.0,0.0,0.0,0.0,0.0,0.025517723,0.024462532,0.0,0.24537478,0.03156229,0.0,0.0,0.0,0.0,0.0,0.0,0.0
ARCHER REID,WC,0.0,0.023438072,0.02226324,0.030632358,0.022313371,0.02250042,0.024062403,0.02255267,0.02250042,0.022612289,0.0,0.0,0.02280989,0.022404157,0.0,0.0,0.0,0.0,0.0,0.0,0.022377884,0.022513423,0.022364562,0.0,0.0
JAKE ROGERS,GC,0.031012943,0.11262286,0.0,0.028373485,0.022650724,0.03488755,0.022377884,0.025483591,0.022377884,0.022650724,0.0,0.0,0.0,0.0,0.0,0.0,0.0,0.0,0.0,0.0,0.0,0.0,0.0,0.0,0.0
CAIDEN CLEARY,SY,0.0,0.0,0.0,0.0,0.040132623,0.025547538,0.022891754,0.04246397,0.022633737,0.022390818,0.025213983,0.02387025,0.022364562,0.0,0.0,0.0,0.0,0.0,0.0,0.0,0.0,0.025969373,0.025272548,0.023575056,0.0
BRANDON STARCEVICH,BL,0.0,0.024382355,0.0,0.0,0.0,0.0,0.0,0.0,0.0,0.0,0.0,0.0,0.0,0.0,0.022377884,0.028188536,0.0,0.031952284,0.029377282,0.031506546,0.026174262,0.034858413,0.0,0.05615797,0.03603485
MITCH KNEVITT,GE,0.023218468,0.13664798,0.025627986,0.0,0.0,0.02900559,0.022974174,0.0,0.0,0.0,0.0,0.0,0.0,0.0,0.0,0.0,0.0,0.0,0.0,0.0,0.0,0.0,0.05433096,0.0,0.028672995
LACHLAN SHOLL,AD,0.0,0.18347819,0.06449563,0.025300846,0.023531575,0.022377884,0.0,0.0,0.0,0.0,0.0,0.0,0.0,0.0,0.0,0.0,0.0,0.0,0.0,0.0,0.0,0.0,0.0,0.0,0.0
JEDD BUSSLINGER,WB,0.0,0.0,0.0,0.0,0.0,0.0,0.0,0.0467445,0.026222747,0.0,0.0,0.0,0.0,0.0,0.0,0.0,0.0,0.0,0.0,0.0,0.08844515,0.027447121,0.022847347,0.0818277,0.023029506
TOBIE TRAVAGLIA,SK,0.0,0.0,0.0,0.048725627,0.02278183,0.022377884,0.0,0.0,0.02599786,0.0,0.02252509,0.02709807,0.0317257,0.0,0.022364562,0.022377884,0.02437281,0.0,0.0,0.0,0.0,0.0,0.0,0.022650724,0.022377884
JEREMY MCGOVERN,WC,0.0,0.0341686,0.048086695,0.03405833,0.0,0.0,0.1275087,0.03791026,0.03102861,0.0,0.0,0.0,0.0,0.0,0.0,0.0,0.0,0.0,0.0,0.0,0.0,0.0,0.0,0.0,0.0
SAM DAY,BL,0.022831306,0.0,0.0236931,0.0,0.024047391,0.023019884,0.02458456,0.033712715,0.025793334,0.0,0.0,0.0,0.0,0.0,0.026660964,0.028837683,0.0,0.023811208,0.0,0.0,0.0,0.0,0.0,0.028490717,0.02376628
BLAKE HOWES,ME,0.0,0.026679054,0.022377884,0.023406126,0.0,0.0,0.03908447,0.0,0.0,0.0,0.0,0.0,0.0,0.023265373,0.0241366,0.0,0.02361145,0.0,0.0,0.0,0.026808498,0.027472328,0.023268623,0.023599707,0.022870993
ALIX TAURU,SK,0.0,0.0,0.0,0.0,0.0,0.0,0.0,0.0,0.0,0.0,0.0,0.0,0.0,0.0,0.0,0.02483417,0.024776472,0.04429037,0.023297077,0.022364562,0.023343848,0.028681872,0.06526418,0.023941195,0.022995206
LANCE COLLARD,SK,0.0,0.0,0.022780025,0.036235373,0.03412007,0.022377884,0.022377884,0.022404157,0.028980019,0.022377884,0.022377884,0.0,0.0,0.0,0.0,0.0,0.0,0.0,0.0,0.0,0.022650724,0.0,0.0,0.022847347,0.02238428
MAX GRUZEWSKI,GW,0.028409645,0.022650724,0.0,0.0,0.0,0.0,0.0,0.0,0.0,0.0,0.0,0.0,0.0,0.0,0.0,0.0,0.0,0.029457977,0.0,0.024626119,0.0,0.0,0.025024928,0.08587129,0.08371518
LACHLAN BLAKISTON,ES,0.022808284,0.0,0.0,0.0,0.0,0.0,0.0,0.0,0.0,0.0,0.0,0.0,0.0,0.0,0.022340512,0.022724539,0.0,0.026999667,0.026562268,0.028986305,0.030725233,0.024693014,0.028386824,0.039305627,0.025882583
ROBERT HANSEN,NM,0.0,0.026805444,0.037895896,0.022377884,0.022377884,0.0,0.0,0.0,0.0,0.0,0.0,0.0,0.0,0.022633737,0.029197074,0.022633737,0.02251015,0.023484014,0.022818362,0.0,0.02252509,0.023748452,0.0,0.0,0.0
JOE BERRY,PA,0.0,0.02275976,0.025454694,0.029927628,0.022404157,0.024524702,0.0,0.025005952,0.022377884,0.0,0.0,0.0,0.0,0.0,0.0,0.0,0.0,0.0,0.0,0.0,0.022404157,0.024750149,0.025566379,0.022425592,0.03020895
JEREMY FINLAYSON,PA,0.0,0.042743653,0.0,0.0,0.0,0.0,0.0,0.022650724,0.022364562,0.10334754,0.0273093,0.022923175,0.0,0.033495832,0.0,0.022377884,0.0,0.0,0.0,0.0,0.0,0.0,0.0,0.0,0.0
JORDON BUTTS,AD,0.0,0.0,0.0,0.0,0.0,0.0,0.0,0.0,0.027153337,0.024421085,0.024600511,0.033355054,0.02649188,0.024217028,0.04424966,0.0,0.04593435,0.023945965,0.022650724,0.0,0.0,0.0,0.0,0.0,0.0
ISAAC KEELER,SK,0.0,0.0,0.025358964,0.026779465,0.022856776,0.0,0.0,0.022377884,0.0,0.0,0.0,0.025232777,0.051786397,0.0,0.023930717,0.022499215,0.022506861,0.022377884,0.0,0.0,0.0,0.0,0.0,0.0,0.026868656
DANTE VISENTINI,PA,0.0,0.0,0.0,0.0,0.0,0.0,0.0,0.0,0.0,0.03136872,0.03197305,0.026902234,0.0,0.07346856,0.026149424,0.022662794,0.054844897,0.022377884,0.0,0.0,0.0,0.0,0.0,0.0,0.0
BRUCE REVILLE,BL,0.02873902,0.0,0.023332441,0.0,0.028526293,0.028065832,0.0,0.0,0.0,0.0,0.0,0.0,0.0,0.0,0.0,0.024572643,0.0,0.0,0.0,0.025561787,0.0,0.02981866,0.022611184,0.033707242,0.04039415
MATT GUELFI,ES,0.022953587,0.0,0.0,0.0,0.0,0.0,0.0,0.0,0.0,0.0,0.0,0.025028557,0.022772072,0.023668978,0.026495257,0.022499215,0.0,0.0,0.0,0.023135757,0.022404157,0.022412242,0.022561649,0.025747465,0.024514169
JAKE LEVER,ME,0.0,0.08148096,0.022499215,0.0,0.0,0.0,0.0,0.0,0.0,0.0,0.0,0.02996283,0.029916098,0.025239702,0.02972282,0.0,0.0,0.032705326,0.030565055,0.0,0.0,0.0,0.0,0.0,0.0
GEORGE STEVENS,GE,0.0,0.0,0.0,0.0,0.0,0.0,0.0,0.0,0.0,0.0,0.0,0.0,0.0,0.0,0.0,0.0,0.0,0.25450674,0.02303828,0.0,0.0,0.0,0.0,0.0,0.0
LUAMON LUAL,ES,0.022925023,0.0,0.0,0.0,0.0,0.0,0.0,0.0,0.0,0.0,0.0,0.0,0.0,0.022377884,0.022377884,0.022855626,0.0,0.02251666,0.022377884,0.022425592,0.022329343,0.022412242,0.022377884,0.025468195,0.02584712
MANI LIDDY,PA,0.0,0.0,0.0,0.0,0.0,0.0,0.0,0.0,0.0,0.0,0.0,0.0,0.0,0.0,0.02863142,0.025869835,0.02590579,0.0,0.043803036,0.022364562,0.0,0.026290176,0.036013197,0.025711898,0.038408816
HENRY HUSTWAITE,HW,0.0,0.0,0.0,0.0,0.0,0.0,0.0,0.1799556,0.04039635,0.029538503,0.0,0.0,0.0,0.0,0.022847347,0.0,0.0,0.0,0.0,0.0,0.0,0.0,0.0,0.0,0.0
CHARLIE SPARGO,ME,0.0,0.0,0.022524072,0.0,0.022377884,0.022342518,0.055355564,0.024849746,0.028394625,0.024866398,0.02478235,0.024264783,0.0,0.0,0.0,0.0,0.0,0.0,0.0,0.0,0.022377884,0.0,0.0,0.0,0.0
CALSHER DEAR,HW,0.0,0.0,0.0,0.0,0.0,0.0,0.0,0.0,0.0,0.0,0.022377884,0.0,0.0,0.0,0.0,0.0,0.0,0.0,0.05488436,0.031945974,0.061710976,0.022377884,0.02660848,0.027360719,0.02250042
JOSH DOLAN,WB,0.0,0.022633737,0.022377884,0.02739831,0.022377884,0.02236704,0.02763618,0.024032418,0.0,0.0,0.0,0.0,0.0,0.02252509,0.028186858,0.026311204,0.0,0.0,0.022492712,0.0,0.0,0.0,0.0,0.0,0.0
AARON FRANCIS,SY,0.0,0.0,0.0,0.0,0.0,0.0,0.03882119,0.02565569,0.031468745,0.022499215,0.02290818,0.0,0.0,0.032979347,0.0,0.024032418,0.022377884,0.0,0.022637242,0.0,0.02267823,0.0,0.0,0.0,0.0
SID DRAPER,AD,0.0,0.028647354,0.028322004,0.024293499,0.032121982,0.022377884,0.025659785,0.022377884,0.0,0.0,0.0,0.028338427,0.028991804,0.0,0.0,0.0,0.0,0.0,0.0,0.0,0.0,0.0,0.0,0.0,0.022756431
COOPER HARVEY,NM,0.0,0.0,0.0,0.0,0.0,0.0,0.0,0.0,0.0,0.0,0.0,0.0,0.0,0.0,0.0,0.0,0.0,0.022877013,0.12026506,0.023383258,0.0,0.024917878,0.025606036,0.024032418,0.022782808
ZAC FISHER,NM,0.0,0.0,0.0,0.0,0.0,0.11239177,0.029294237,0.0,0.0,0.0,0.0,0.023231417,0.0,0.025308684,0.022625314,0.026578529,0.022377884,0.0,0.0,0.0,0.0,0.0,0.0,0.0,0.0
TOM SIMS,RI,0.0,0.0,0.0,0.0,0.0,0.0,0.0,0.0,0.0,0.023025896,0.022402193,0.022230847,0.030109033,0.022831947,0.0,0.022377884,0.0,0.022425592,0.023047987,0.025480542,0.02240938,0.022377884,0.0,0.0,0.0
ZAK JOHNSON,ES,0.0,0.0,0.0,0.0,0.0,0.0,0.0,0.0,0.0,0.0,0.0,0.0,0.023601195,0.04438458,0.048634548,0.023250721,0.0,0.02372323,0.02249715,0.02249715,0.023483522,0.0,0.0,0.0,0.02194241
OSCAR MCDONALD,FR,0.0,0.0,0.0,0.0,0.0,0.0,0.022499215,0.042570297,0.0,0.0,0.0,0.0,0.0,0.0,0.0,0.0,0.037335437,0.0,0.028647965,0.036330637,0.029659899,0.05390994,0.0,0.0,0.0
LIAM MCMAHON,ES,0.022831947,0.0,0.0,0.0,0.0,0.0,0.0,0.0,0.0,0.0,0.0,0.0,0.0,0.0,0.0,0.0,0.0,0.0,0.0,0.023880232,0.02617622,0.022377884,0.102982685,0.02848425,0.022377884
HUGH JACKSON,PA,0.0,0.0,0.0,0.0,0.0,0.0,0.0,0.0,0.0,0.0,0.0,0.022511682,0.0,0.03394055,0.024032418,0.0,0.03601361,0.02263063,0.039952748,0.023785857,0.02248582,0.022364562,0.0,0.0,0.0
COOPER TREMBATH,NM,0.0,0.0,0.0,0.0,0.0,0.0,0.0,0.0,0.0,0.0,0.0,0.0,0.0,0.0,0.0,0.0,0.0,0.0,0.0,0.0,0.0,0.0,0.021786664,0.072925605,0.15162678
JOBE SHANAHAN,WC,0.0,0.0,0.0,0.0,0.0,0.0,0.0,0.0,0.0,0.0,0.0,0.0,0.0,0.0,0.0,0.0,0.022377884,0.029750155,0.028169556,0.02250042,0.022497999,0.02236325,0.04069087,0.025151912,0.029276876
WILL GRAHAM,GC,0.0,0.037807867,0.0,0.04678974,0.023382125,0.027988411,0.02238428,0.02551568,0.024683686,0.027328575,0.0,0.0,0.0,0.0,0.0,0.0,0.0,0.0,0.0,0.0,0.0,0.0,0.0,0.0,0.0
JACOB BLIGHT,RI,0.0,0.023694789,0.0321488,0.06074152,0.023601826,0.023957334,0.0,0.0,0.0,0.0,0.0,0.0,0.0,0.0,0.0,0.0,0.029360034,0.04127614,0.0,0.0,0.0,0.0,0.0,0.0,0.0
JY FARRAR,GC,0.0306986,0.0,0.0,0.0,0.0,0.0,0.0,0.0,0.0,0.0,0.0,0.0,0.0,0.0,0.0,0.0,0.0,0.0,0.0,0.0,0.07444017,0.051641963,0.027141165,0.027281195,0.022506861
MARC PITTONET,CA,0.0,0.0,0.0,0.0,0.0,0.0,0.0,0.0,0.0,0.0,0.045525394,0.0,0.0,0.0,0.0,0.033559583,0.0,0.034215674,0.03921447,0.024542246,0.026909046,0.027349928,0.0,0.0,0.0
KOLTYN THOLSTRUP,ME,0.0,0.0,0.0,0.0,0.0,0.0,0.022650724,0.02346918,0.04313326,0.022377884,0.0,0.0,0.0,0.024486031,0.0,0.0,0.022426989,0.022377884,0.026404236,0.022377884,0.0,0.0,0.0,0.0,0.0
ZANE DUURSMA,NM,0.0,0.0,0.0,0.0,0.0,0.024240416,0.022377884,0.02236704,0.022454914,0.023151908,0.022650724,0.0,0.0,0.0,0.0,0.0,0.0,0.022377884,0.0,0.0,0.023117164,0.02275976,0.022377884,0.0,0.0
NOAH LONG,WC,0.0,0.023008026,0.022377884,0.022412242,0.022377884,0.0,0.0,0.022377884,0.0,0.0,0.0,0.022425592,0.024685655,0.0,0.0,0.0,0.0,0.0,0.022483755,0.0,0.0,0.0,0.0,0.022721244,0.022316052
JACK LUKOSIUS,PA,0.0,0.025489885,0.024370983,0.0,0.0,0.0,0.0,0.0,0.0,0.0,0.0,0.0,0.0,0.0,0.0,0.0,0.0,0.053724665,0.02648037,0.05226233,0.022377884,0.0,0.022379868,0.0,0.0
WILL PHILLIPS,NM,0.0,0.023617418,0.025780408,0.022511913,0.0,0.0,0.0,0.0,0.027662778,0.0,0.0,0.0,0.0,0.0,0.0,0.0,0.0,0.027483128,0.06883568,0.027892318,0.0,0.0,0.0,0.0,0.0
LUKE NANKERVIS,AD,0.0,0.0,0.0,0.0,0.027103288,0.03498108,0.053102367,0.026777674,0.025460713,0.033367116,0.022377884,0.0,0.0,0.0,0.0,0.0,0.0,0.0,0.0,0.0,0.0,0.0,0.0,0.0,0.0
CALEB POULTER,WB,0.0,0.0,0.0,0.0,0.0,0.0,0.0,0.0,0.0,0.036963236,0.0,0.0,0.0,0.0,0.0,0.0,0.0,0.025112152,0.022364562,0.022377884,0.03905494,0.049955264,0.022828368,0.0,0.0
ANGUS HASTIE,SK,0.0,0.02565678,0.0,0.026323996,0.022905309,0.02249715,0.0,0.0,0.0,0.0,0.0,0.0,0.0,0.0,0.0,0.0,0.0,0.02792884,0.025341127,0.022499215,0.022643931,0.022633737,0.0,0.0,0.0
ELIJAH TSATAS,ES,0.0,0.03190772,0.074579254,0.0,0.0,0.0,0.0,0.0,0.04074256,0.0,0.0,0.0,0.02738323,0.0,0.0,0.0,0.0,0.0,0.042010013,0.0,0.0,0.0,0.0,0.0,0.0
OSCAR ADAMS,GC,0.0,0.0,0.0,0.0,0.0,0.0,0.0,0.0,0.0,0.0,0.0,0.0,0.0,0.0,0.0,0.0,0.0,0.027245175,0.022650724,0.023616984,0.027308144,0.045456074,0.023153858,0.022377884,0.022373587
TOM GROSS,WC,0.0,0.0,0.0,0.0,0.03099251,0.031426016,0.022909665,0.0,0.0,0.027684193,0.028065644,0.022499215,0.0,0.0,0.0,0.0,0.0,0.0,0.0,0.0,0.0,0.023069369,0.022377884,0.0,0.0
COOPER HYNES,WB,0.0,0.0,0.0,0.0,0.0,0.022377884,0.026758142,0.024032418,0.0,0.0,0.0,0.0,0.0,0.0,0.025242189,0.02729034,0.023646621,0.033533063,0.022377884,0.0,0.0,0.0,0.0,0.0,0.0
MASON COX,CW,0.0,0.0,0.027576003,0.0,0.0,0.0,0.0302615,0.0,0.02319114,0.022702862,0.022525648,0.025536163,0.0,0.0,0.0,0.0,0.0,0.0,0.029248944,0.023772525,0.0,0.0,0.0,0.0,0.0
KALEB SMITH,RI,0.0,0.0,0.022364562,0.022668323,0.026205622,0.0,0.0,0.0,0.0,0.0,0.024687486,0.031968478,0.024748065,0.025282929,0.0,0.024983956,0.0,0.0,0.0,0.0,0.0,0.0,0.0,0.0,0.0
HAMISH DAVIS,WC,0.0,0.0,0.0,0.0,0.022377884,0.02236704,0.03075835,0.02365056,0.0,0.0,0.0,0.0,0.0,0.0,0.0,0.0,0.0,0.0,0.0,0.0,0.0,0.02252509,0.02304174,0.034373652,0.023241367
LUKE PEDLAR,AD,0.0,0.0,0.0,0.0,0.0,0.0,0.0,0.0,0.0,0.0,0.0,0.034546863,0.02918494,0.02277351,0.023609543,0.0,0.0,0.0,0.0,0.027994342,0.028182996,0.0,0.03596113,0.0,0.0
MITCH LEWIS,HW,0.0,0.0,0.0,0.0,0.0,0.0,0.0,0.0,0.0,0.0,0.0,0.0,0.0,0.0,0.0,0.0,0.0,0.0,0.0,0.025902577,0.057515454,0.022377884,0.048405223,0.025336016,0.022377884
MATTAES PHILLIPOU,SK,0.0,0.0,0.0,0.0,0.0,0.0,0.0,0.0,0.0,0.024895271,0.027370611,0.05107012,0.030145524,0.0,0.0,0.0,0.0,0.0,0.0,0.0,0.0,0.0,0.022650724,0.022650724,0.02238428
DARCY TUCKER,NM,0.0,0.022377884,0.040524274,0.026960222,0.032015182,0.031766094,0.023627939,0.022377884,0.0,0.0,0.0,0.0,0.0,0.0,0.0,0.0,0.0,0.0,0.0,0.0,0.0,0.0,0.0,0.0,0.0
CONOR STONE,GW,0.035207905,0.022869565,0.0,0.029204994,0.029420054,0.029595332,0.027348466,0.024809763,0.0,0.0,0.0,0.0,0.0,0.0,0.0,0.0,0.0,0.0,0.0,0.0,0.0,0.0,0.0,0.0,0.0
TOM HANILY,SY,0.022483755,0.024704939,0.023091817,0.0,0.032982714,0.022541149,0.022377884,0.022377884,0.0,0.0,0.0,0.0,0.0,0.026008354,0.0,0.0,0.0,0.0,0.0,0.0,0.0,0.0,0.0,0.0,0.0
OLEG MARKOV,CW,0.0,0.0,0.0,0.0,0.0,0.0,0.0,0.0,0.0,0.022633737,0.0,0.025672412,0.0,0.0,0.0,0.0,0.025793334,0.026045106,0.022364562,0.023469213,0.028026765,0.022377884,0.0,0.0,0.0
LUKE BREUST,HW,0.0,0.0,0.0,0.022633737,0.0,0.022523558,0.022364562,0.0,0.027792877,0.024802241,0.0,0.0,0.0,0.0,0.0,0.0,0.0,0.0,0.0,0.0,0.0,0.0,0.026233343,0.026861215,0.022377884
HARRY ARMSTRONG,RI,0.0,0.022628399,0.024094692,0.022377884,0.026685802,0.0,0.0,0.0,0.0,0.0,0.0,0.0,0.0,0.0,0.0,0.0,0.0,0.0,0.0,0.0,0.0,0.022315672,0.022332978,0.022377884,0.022770178
HARRY OFARRELL,CA,0.0,0.0,0.0,0.0,0.0,0.0,0.0,0.0,0.0,0.0,0.0,0.0228806,0.0,0.0,0.0,0.0,0.0,0.022451919,0.024059022,0.0403098,0.050678197,0.022377884,0.0,0.0,0.0
HARRY JONES,ES,0.0,0.037606943,0.022547174,0.023990216,0.0,0.027532076,0.023657333,0.02323002,0.022650724,0.0,0.0,0.0,0.0,0.0,0.0,0.0,0.0,0.0,0.0,0.0,0.0,0.0,0.0,0.0,0.0
JHYE CLARK,GE,0.02666629,0.02869068,0.031464458,0.0,0.0,0.0,0.0,0.022379966,0.02528757,0.02245088,0.0,0.0,0.0,0.0,0.0,0.0,0.0,0.0,0.0,0.0,0.0,0.0,0.024264783,0.0,0.0
KANE MCAULIFFE,RI,0.0,0.0,0.0,0.0,0.0,0.0,0.0,0.0,0.0,0.025130766,0.0493427,0.029110696,0.037425183,0.037722398,0.0,0.0,0.0,0.0,0.0,0.0,0.0,0.0,0.0,0.0,0.0
NAT FYFE,FR,0.0,0.0,0.0,0.0,0.0,0.0,0.0,0.0,0.0,0.0,0.0,0.0,0.025483893,0.0,0.027468326,0.026161116,0.023026127,0.0,0.0,0.0,0.0,0.0,0.029447086,0.022935456,0.02281218
ARCHIE MAY,ES,0.0,0.0,0.0,0.0,0.0,0.0,0.0,0.0,0.0,0.0,0.0,0.0,0.0,0.0,0.022377884,0.029746266,0.0,0.028506307,0.026240943,0.022665016,0.0,0.023425238,0.022397045,0.0,0.0
TAJ HOTTON,RI,0.0,0.0,0.0,0.0,0.0,0.0,0.0,0.0,0.0,0.0,0.0,0.0,0.0,0.0,0.0,0.0,0.0,0.0,0.024810392,0.030252187,0.022492042,0.022485895,0.022353353,0.027944703,0.024737144
RHETT BAZZO,WC,0.0,0.0,0.0,0.0,0.0,0.0,0.0,0.0,0.0,0.0,0.0,0.0,0.0,0.0,0.0,0.0,0.0,0.0,0.022412242,0.022425592,0.024114752,0.027456623,0.022944368,0.027196197,0.026637124
JAI CULLEY,ME,0.0,0.0,0.0,0.0,0.0,0.0,0.0,0.0,0.0,0.0,0.0,0.0,0.0,0.0,0.0,0.0,0.0,0.0,0.0,0.0,0.0,0.08916174,0.037952036,0.022677505,0.02240938
LIAM JONES,WB,0.0,0.0,0.0,0.027847417,0.02588646,0.028786747,0.06166092,0.0,0.0,0.0,0.0,0.0,0.0,0.0,0.0,0.0,0.0,0.0,0.0,0.027341202,0.0,0.0,0.0,0.0,0.0
DAVID SWALLOW,GC,0.0,0.0,0.0,0.0,0.0,0.0,0.0,0.0,0.022404157,0.0,0.022833752,0.026084732,0.022377884,0.024224188,0.0,0.0,0.0,0.0,0.027564408,0.022404157,0.0,0.0,0.0,0.0,0.0
LIAM OCONNELL,SK,0.0,0.022499215,0.022650724,0.026008354,0.0,0.0,0.0,0.0,0.026563955,0.022451919,0.022651527,0.022364791,0.0,0.0,0.0,0.0,0.0,0.0,0.0,0.0,0.0,0.0,0.0,0.0,0.0
ORAZIO FANTASIA,CA,0.0,0.0,0.0,0.0,0.0,0.0,0.0,0.0,0.0,0.0,0.0,0.0,0.0,0.022767786,0.043412894,0.025423024,0.02520245,0.022487028,0.02534936,0.0,0.0,0.0,0.0,0.0,0.0
WILL LORENZ,PA,0.0,0.0,0.0,0.0,0.0,0.0,0.0,0.0,0.023524268,0.0,0.0,0.0,0.0,0.0,0.0,0.0,0.0,0.0,0.024032418,0.024378067,0.0,0.024272699,0.04513968,0.022377884,0.0
NICK BRYAN,ES,0.0,0.04471587,0.054563094,0.035994284,0.0,0.027659694,0.0,0.0,0.0,0.0,0.0,0.0,0.0,0.0,0.0,0.0,0.0,0.0,0.0,0.0,0.0,0.0,0.0,0.0,0.0
FINNBAR MALEY,NM,0.0,0.0,0.0,0.0,0.0,0.0,0.0,0.0,0.024983827,0.022650724,0.022551144,0.023100495,0.0,0.0,0.0,0.0,0.0,0.022464544,0.022381896,0.0,0.022503257,0.0,0.0,0.0,0.0
MATTHEW JEFFERSON,ME,0.0,0.022457303,0.022377884,0.0,0.0,0.0,0.0,0.0,0.0,0.022377884,0.0,0.0,0.0,0.0,0.0,0.0,0.022364562,0.022377884,0.024942666,0.022395229,0.0,0.0,0.0,0.0,0.0
BAILEY MACDONALD,HW,0.0,0.0,0.0,0.0,0.0,0.0,0.0,0.025605155,0.027408464,0.02564557,0.023625381,0.0,0.0,0.0,0.0,0.0,0.0,0.0,0.0,0.024264783,0.029509053,0.0,0.0,0.0,0.0
BRYNN TEAKLE,NM,0.0,0.0,0.0,0.0,0.0,0.0,0.0,0.0,0.0,0.0,0.0,0.0,0.0,0.0,0.0,0.0,0.0,0.0,0.0,0.07023341,0.029952314,0.026747638,0.022377884,0.0,0.0
ALEX CINCOTTA,CA,0.0,0.0,0.0,0.0,0.0,0.0,0.0,0.0,0.0,0.0,0.0,0.0,0.0,0.022799656,0.05596473,0.022801451,0.02506321,0.0,0.022672327,0.0,0.0,0.0,0.0,0.0,0.0
BILLY WILSON,CA,0.0,0.0,0.0,0.0,0.0,0.0,0.0,0.0,0.0,0.0,0.0,0.0,0.0,0.0,0.0,0.0,0.022377884,0.0,0.0,0.0,0.0,0.0,0.022404157,0.031029928,0.069808535
HUDSON OKEEFFE,CA,0.0,0.0,0.0,0.0,0.0,0.0,0.0,0.0,0.0,0.0,0.0,0.0,0.0,0.039447356,0.025907466,0.0,0.0,0.0,0.0,0.0,0.0,0.0,0.022377884,0.030287832,0.026584186
JED MCENTEE,PA,0.0,0.0,0.0,0.0,0.0,0.0,0.0,0.0,0.0,0.022377884,0.0,0.0,0.0,0.0,0.0,0.0,0.0,0.0,0.0,0.0,0.02238428,0.026186205,0.026896238,0.022377884,0.024203584
TAYLOR DURYEA,WB,0.0,0.022633737,0.02465801,0.0,0.0,0.0,0.0,0.0,0.0,0.0,0.04992632,0.022390818,0.0,0.0,0.0,0.0,0.0,0.02471533,0.0,0.0,0.0,0.0,0.0,0.0,0.0
WILL MCLACHLAN,BL,0.0,0.0,0.0228105,0.0,0.025127163,0.022633737,0.0,0.0,0.024032418,0.0,0.0,0.0,0.0,0.0,0.0,0.024361541,0.0,0.0,0.0,0.0,0.0,0.0,0.022611184,0.0,0.0
JED BEWS,GE,0.0,0.0,0.0,0.0,0.0,0.0,0.0,0.0,0.0,0.030550193,0.042483315,0.028972581,0.0,0.0,0.0,0.0,0.0,0.0,0.0,0.0,0.0,0.0,0.0,0.0,0.03892512
NICK COFFIELD,WB,0.0,0.0,0.0,0.0,0.0,0.0,0.0,0.0,0.0,0.0,0.0,0.0,0.0,0.0,0.0,0.05594865,0.022643931,0.03659967,0.025336144,0.0,0.0,0.0,0.0,0.0,0.0
BO ALLAN,WC,0.0,0.0,0.0,0.0,0.0,0.0,0.0,0.0,0.022377884,0.0,0.0,0.0,0.024064468,0.022377884,0.025925975,0.0,0.022576544,0.023004603,0.0,0.0,0.0,0.0,0.0,0.0,0.0
NED MOYLE,GC,0.0,0.0,0.0,0.0,0.0,0.0,0.0,0.0,0.0,0.0,0.022762412,0.0,0.022263413,0.0,0.0,0.0,0.0,0.09145082,0.0,0.0,0.0,0.0,0.0,0.0,0.0
CHARLIE DEAN,CW,0.0,0.0,0.0,0.0,0.0,0.0,0.0,0.0,0.0,0.0,0.0,0.0,0.0,0.0,0.0,0.0,0.02723501,0.0,0.0,0.025111184,0.060876723,0.023125436,0.0,0.0,0.0
LIAM HENRY,SK,0.0,0.0,0.0,0.0,0.0,0.0,0.022377884,0.0,0.0,0.0,0.0,0.0,0.0,0.0,0.0,0.0,0.022542546,0.022364562,0.022437511,0.023352373,0.0,0.0,0.022650724,0.0,0.0
CAMPBELL CHESSER,WC,0.0,0.0,0.0,0.0,0.0,0.0,0.0,0.0,0.0,0.0,0.0,0.0,0.0,0.0,0.0,0.0,0.0,0.0,0.0,0.0,0.0,0.029683115,0.027087431,0.053273473,0.02401283
HARVEY GALLAGHER,WB,0.0,0.03344007,0.028118977,0.02635514,0.022953587,0.0,0.0,0.0,0.0,0.022764167,0.0,0.0,0.0,0.0,0.0,0.0,0.0,0.0,0.0,0.0,0.0,0.0,0.0,0.0,0.0
LACHLAN MURPHY,AD,0.0,0.0,0.0,0.0,0.030502016,0.0,0.0,0.0,0.0,0.0,0.0,0.0,0.0,0.0,0.022425462,0.0,0.029938145,0.022633737,0.0,0.0,0.0,0.0,0.0,0.023225864,0.0
CONOR MCKENNA,BL,0.0,0.028553786,0.02278183,0.0,0.0,0.0,0.0,0.0,0.028543482,0.0,0.022377884,0.0,0.0,0.0,0.0,0.0,0.0,0.0,0.0,0.0,0.022377884,0.0,0.0,0.0,0.0
CHAYCE JONES,AD,0.0,0.0,0.0,0.0,0.0,0.0,0.0,0.0,0.0,0.0,0.0,0.0,0.0,0.0,0.0,0.0,0.0,0.0,0.02360507,0.026894176,0.026222747,0.022633737,0.022633737,0.0,0.0
AIDAN JOHNSON,ME,0.0,0.022937883,0.0,0.02248582,0.0,0.0,0.0,0.0,0.0,0.0,0.02327689,0.029988429,0.022235798,0.0,0.0,0.0,0.0,0.0,0.0,0.0,0.0,0.0,0.0,0.0,0.0
NICK MADDEN,GW,0.0,0.0,0.0,0.0,0.0,0.0,0.0,0.0,0.0,0.0,0.0,0.0,0.0,0.03290586,0.02571353,0.06067686,0.0,0.0,0.0,0.0,0.0,0.0,0.0,0.0,0.0
JACK HENDERSON,ME,0.0,0.02540619,0.025738519,0.022438267,0.022377884,0.022364562,0.0,0.0,0.0,0.0,0.0,0.0,0.0,0.0,0.0,0.0,0.0,0.0,0.0,0.0,0.0,0.0,0.0,0.0,0.0
WIL DAWSON,NM,0.0,0.0,0.0,0.0,0.0,0.0,0.0,0.0,0.0,0.0,0.0,0.0,0.0,0.0,0.0,0.0,0.022425592,0.027241625,0.02284863,0.022425592,0.023250734,0.0,0.0,0.0,0.0
ALEX SEXTON,GC,0.0,0.02599786,0.0,0.0,0.0,0.0,0.0,0.0,0.0,0.0,0.0,0.0,0.0,0.0,0.0,0.0,0.023332441,0.024032418,0.0,0.0,0.0,0.0,0.0,0.02236704,0.022377884
CODY ANGOVE,GW,0.0,0.0,0.0,0.0,0.0,0.0,0.0,0.0,0.0,0.024144338,0.030563679,0.039468914,0.022650724,0.0,0.0,0.0,0.0,0.0,0.0,0.0,0.0,0.0,0.0,0.0,0.0
ARCHER DAY-WICKS,ES,0.0,0.0,0.0,0.0,0.0,0.0,0.0,0.0,0.0,0.022708215,0.022523558,0.0,0.022404157,0.02522179,0.02249715,0.0,0.0,0.0,0.0,0.0,0.0,0.0,0.0,0.0,0.0
SAM BUTLER,HW,0.0,0.0,0.0,0.0,0.0,0.0,0.0,0.0,0.0,0.0,0.0,0.0,0.0,0.032690417,0.054674003,0.0,0.027796363,0.0,0.0,0.0,0.0,0.0,0.0,0.0,0.0
JACOB BAUER,RI,0.0,0.024348555,0.023238393,0.022377884,0.02250042,0.022377884,0.0,0.0,0.0,0.0,0.0,0.0,0.0,0.0,0.0,0.0,0.0,0.0,0.0,0.0,0.0,0.0,0.0,0.0,0.0
LACHLAN KEEFFE,GW,0.027761295,0.06286782,0.0,0.022390818,0.0,0.0,0.0,0.0,0.0,0.0,0.0,0.0,0.0,0.0,0.0,0.0,0.0,0.0,0.0,0.0,0.0,0.0,0.0,0.0,0.0
JAYDEN NGUYEN,ES,0.022404157,0.0,0.0,0.0,0.0,0.0,0.0,0.0,0.0,0.0,0.0,0.0,0.0,0.0,0.0,0.0,0.0,0.0,0.0,0.0,0.0,0.022316052,0.022550426,0.022784887,0.022412242
SEAMUS MITCHELL,HW,0.0,0.0,0.0,0.0,0.0,0.0,0.0,0.0,0.0,0.0,0.0,0.0,0.0,0.032497056,0.022650724,0.0,0.029875496,0.022784688,0.0,0.0,0.0,0.0,0.0,0.0,0.0
ROAN STEELE,CW,0.0,0.0,0.0,0.0,0.0,0.0,0.0,0.0,0.0,0.0,0.0,0.0,0.0,0.0,0.0,0.0,0.0,0.059933398,0.022377884,0.0,0.0,0.0,0.0,0.0,0.023198254
TAYLOR ADAMS,SY,0.022364562,0.0,0.0,0.0,0.0,0.0,0.0,0.0,0.0,0.0,0.0,0.026717942,0.024665182,0.02900741,0.0,0.0,0.0,0.0,0.0,0.0,0.0,0.0,0.0,0.0,0.0
MAX HEATH,SK,0.0,0.0,0.0,0.0,0.0,0.0,0.0,0.0,0.0,0.0,0.0,0.0,0.0,0.0,0.0,0.0,0.0,0.0,0.03049816,0.02227935,0.0,0.026205847,0.022650724,0.0,0.0
HUGH BOND,AD,0.0,0.0,0.0,0.0,0.0,0.0,0.0,0.0,0.0,0.0,0.0,0.0,0.0,0.0,0.0,0.0,0.0,0.0,0.0,0.0,0.0,0.02517419,0.023615139,0.023894763,0.028235478
DEVEN ROBERTSON,BL,0.0,0.0,0.0,0.0,0.0,0.0,0.0,0.0,0.0,0.0,0.0,0.024032418,0.025018703,0.02429192,0.0,0.0,0.0,0.0,0.0,0.0,0.0,0.0,0.026225924,0.0,0.0
JACK WHITLOCK,PA,0.0,0.0,0.0,0.0,0.0,0.0,0.0,0.0,0.0,0.0,0.0,0.0,0.0,0.0,0.0,0.0,0.0,0.0,0.0,0.0,0.0,0.022377884,0.022390818,0.030464744,0.023239689
RORY ATKINS,PA,0.0,0.0,0.0,0.0,0.0,0.0,0.02681299,0.0,0.0,0.0,0.0,0.04758074,0.0,0.0,0.0,0.0,0.0,0.0,0.0,0.0,0.0,0.0,0.0,0.0,0.022650724
ARTHUR JONES,WB,0.0,0.023098059,0.022377884,0.0,0.0,0.0,0.0,0.0,0.0,0.0,0.028134355,0.0,0.0,0.0,0.0,0.0,0.0,0.0,0.0,0.0,0.0,0.0,0.0,0.0,0.023292147
DOUGAL HOWARD,SK,0.0,0.0,0.0,0.0,0.0,0.0,0.0,0.027803563,0.037953362,0.031071633,0.0,0.0,0.0,0.0,0.0,0.0,0.0,0.0,0.0,0.0,0.0,0.0,0.0,0.0,0.0
MALCOLM ROSAS,GC,0.0,0.0,0.0,0.0,0.0,0.0,0.0,0.0,0.0,0.026294127,0.022650724,0.023811208,0.0,0.0,0.0,0.0,0.0,0.0,0.0,0.0,0.0,0.0,0.022979554,0.0,0.0
COOPER SIMPSON,FR,0.0,0.0,0.0,0.0,0.0,0.0,0.0,0.0,0.0,0.03389209,0.035047863,0.024832558,0.0,0.0,0.0,0.0,0.0,0.0,0.0,0.0,0.0,0.0,0.0,0.0,0.0
JASPER ALGER,RI,0.0,0.0,0.0,0.0,0.0,0.0,0.0,0.0,0.0,0.0,0.0,0.0,0.0,0.0,0.0,0.022377884,0.025356866,0.022377884,0.0,0.0,0.023328187,0.0,0.0,0.0,0.0
OSKAR SMARTT,ES,0.0,0.0,0.0,0.0,0.0,0.0,0.0,0.0,0.0,0.0,0.0,0.0,0.0,0.0,0.0,0.0,0.0,0.0,0.022451919,0.025327003,0.022818362,0.022377884,0.0,0.0,0.0
LEO LOMBARD,GC,0.0,0.0,0.0,0.0,0.0,0.0,0.0,0.0,0.0,0.0,0.0,0.0,0.022473646,0.022377884,0.0,0.0,0.0,0.0,0.0,0.02248582,0.024832558,0.0,0.0,0.0,0.0
ZAC BANCH,NM,0.0,0.0,0.0,0.0,0.0,0.0,0.0,0.0,0.0,0.0,0.0,0.0,0.0,0.0,0.0,0.0,0.0,0.0,0.0,0.022377884,0.02275976,0.02266932,0.0,0.0,0.024336677
BEN PATON,SY,0.022393297,0.02395779,0.0,0.0,0.0,0.0,0.0,0.02249715,0.0,0.022377884,0.0,0.0,0.0,0.0,0.0,0.0,0.0,0.0,0.0,0.0,0.0,0.0,0.0,0.0,0.0
ARIE SCHOENMAKER,SK,0.0,0.029899511,0.0,0.0,0.0,0.0,0.027682673,0.0,0.0,0.0,0.0,0.0,0.0,0.0,0.0,0.0,0.0,0.0,0.0,0.0,0.03249677,0.0,0.0,0.0,0.0
JAMES LEAKE,GW,0.03610867,0.022650724,0.0,0.0,0.0,0.0,0.0,0.0,0.0,0.0,0.0,0.0,0.0,0.0,0.0,0.0,0.0,0.026189787,0.0,0.0,0.0,0.0,0.0,0.0,0.0
REEF MCINNES,CW,0.024359038,0.03778025,0.022650724,0.0,0.0,0.0,0.0,0.0,0.0,0.0,0.0,0.0,0.0,0.0,0.0,0.0,0.0,0.0,0.0,0.0,0.0,0.0,0.0,0.0,0.0
LUCAS CAMPOREALE,CA,0.0,0.032243256,0.02247136,0.0,0.0,0.0,0.0,0.0,0.0,0.0,0.0,0.0,0.0,0.0,0.0,0.0,0.0,0.0,0.0,0.0,0.0,0.0,0.0,0.0,0.02679933
JORDAN CROFT,WB,0.0,0.0,0.0,0.0,0.0,0.0,0.0,0.0,0.0,0.0,0.0,0.0,0.0,0.0,0.0,0.0,0.0,0.0,0.0,0.0,0.0,0.0,0.0,0.054700922,0.026426649
JAMES AISH,FR,0.0,0.0,0.0,0.024240725,0.0,0.0,0.024129732,0.0,0.0,0.0,0.0,0.0,0.0,0.0,0.0,0.029334726,0.0,0.0,0.0,0.0,0.0,0.0,0.0,0.0,0.0
JACK CARROLL,SK,0.0,0.0,0.0,0.0,0.0,0.0,0.0,0.0,0.0,0.0,0.0,0.0,0.032657307,0.0,0.022511913,0.0,0.022377884,0.0,0.0,0.0,0.0,0.0,0.0,0.0,0.0
JAMES TUNSTILL,BL,0.0,0.0,0.0,0.0,0.0,0.0,0.024346428,0.025461657,0.0,0.0,0.0,0.0,0.0,0.0,0.0,0.0,0.0,0.0,0.0,0.0,0.0,0.0,0.0,0.0,0.02739831
BRAYDEN COOK,AD,0.0,0.0,0.0,0.0,0.0,0.0,0.0,0.0,0.0,0.0,0.0,0.0,0.0,0.0,0.0,0.0,0.0,0.0,0.027203554,0.0,0.027095702,0.022633737,0.0,0.0,0.0
CAMPBELL GRAY,RI,0.0,0.0,0.0,0.0,0.0,0.0,0.0,0.022377884,0.0,0.0,0.0,0.025362559,0.028686173,0.0,0.0,0.0,0.0,0.0,0.0,0.0,0.0,0.0,0.0,0.0,0.0
TOM COCHRANE,PA,0.0,0.0,0.0,0.022377884,0.0,0.030472124,0.022650724,0.0,0.0,0.0,0.0,0.0,0.0,0.0,0.0,0.0,0.0,0.0,0.0,0.0,0.0,0.0,0.0,0.0,0.0
JORDAN BOYD,CA,0.0,0.0,0.0,0.02236704,0.0,0.0,0.0,0.0,0.0,0.0,0.02236704,0.0,0.0,0.0,0.0,0.0,0.030307382,0.0,0.0,0.0,0.0,0.0,0.0,0.0,0.0
GEORDIE PAYNE,NM,0.0,0.0,0.0,0.0,0.0,0.0,0.0,0.0,0.0,0.0,0.0,0.0,0.0,0.0,0.0,0.0,0.0,0.0,0.0,0.0,0.0,0.0,0.022525625,0.029100591,0.022377884
KALLAN DAWSON,NM,0.0,0.0,0.0,0.0,0.0,0.0,0.0,0.028139656,0.023328107,0.0,0.0,0.0,0.0,0.0,0.022377884,0.0,0.0,0.0,0.0,0.0,0.0,0.0,0.0,0.0,0.0
WIL PARKER,CW,0.0,0.0,0.0,0.0,0.0,0.0,0.0,0.0,0.0,0.0,0.0,0.024586344,0.0,0.0,0.0,0.0,0.0,0.025047636,0.0,0.0,0.0,0.0,0.0,0.02245088,0.0
JESSE DATTOLI,SY,0.0,0.0,0.0,0.0,0.0,0.0,0.0,0.0,0.0,0.0,0.0,0.0,0.0,0.0,0.0,0.0,0.0,0.0,0.0,0.0,0.0,0.02432435,0.022855954,0.022404157,0.0
JACKSON ARCHER,NM,0.0,0.023545356,0.0,0.0,0.0,0.0,0.0,0.022404157,0.02245088,0.0,0.0,0.0,0.0,0.0,0.0,0.0,0.0,0.0,0.0,0.0,0.0,0.0,0.0,0.0,0.0
JOSAIA DELANA,GW,0.0,0.0,0.0,0.0,0.0,0.0,0.0,0.0,0.022377884,0.022650724,0.0,0.0,0.0,0.0,0.022830214,0.0,0.0,0.0,0.0,0.0,0.0,0.0,0.0,0.0,0.0
RHYS UNWIN,ES,0.022377884,0.0,0.0,0.0,0.0,0.0,0.0,0.0,0.0,0.0,0.0,0.0,0.0,0.0,0.0,0.0,0.0,0.0,0.0,0.0,0.0,0.0,0.0,0.022744657,0.022377884
HENRY SMITH,BL,0.0,0.0,0.0,0.0,0.0,0.0,0.0,0.0,0.0,0.0,0.0,0.0,0.0,0.0,0.0,0.0,0.0,0.0,0.0,0.0,0.0,0.043325957,0.02273376,0.0,0.0
SAMSON RYAN,RI,0.0,0.0,0.0,0.0,0.0,0.0,0.022708215,0.0,0.0,0.0,0.0,0.030652352,0.0,0.0,0.0,0.0,0.0,0.0,0.0,0.0,0.0,0.0,0.0,0.0,0.0
JAMES BORLASE,AD,0.0,0.0,0.0,0.027945226,0.023486108,0.0,0.0,0.0,0.0,0.0,0.0,0.0,0.0,0.0,0.0,0.0,0.0,0.0,0.0,0.0,0.0,0.0,0.0,0.0,0.0
TOM EDWARDS,ES,0.0,0.0,0.02758028,0.022756431,0.0,0.0,0.0,0.0,0.0,0.0,0.0,0.0,0.0,0.0,0.0,0.0,0.0,0.0,0.0,0.0,0.0,0.0,0.0,0.0,0.0
BRANDON WALKER,FR,0.0,0.026685176,0.02245088,0.0,0.0,0.0,0.0,0.0,0.0,0.0,0.0,0.0,0.0,0.0,0.0,0.0,0.0,0.0,0.0,0.0,0.0,0.0,0.0,0.0,0.0
WILL HAYES,CW,0.0,0.0,0.0,0.0,0.0,0.0,0.0,0.0,0.0,0.0,0.0,0.02457392,0.0,0.0244926,0.0,0.0,0.0,0.0,0.0,0.0,0.0,0.0,0.0,0.0,0.0
JACOB KOSCHITZKE,RI,0.0,0.0,0.0,0.0,0.0,0.0,0.0,0.0,0.0,0.0,0.0,0.0,0.0,0.0,0.0,0.0,0.0,0.0,0.023250028,0.025332402,0.0,0.0,0.0,0.0,0.0
SAM FROST,HW,0.022784688,0.024098497,0.0,0.0,0.0,0.0,0.0,0.0,0.0,0.0,0.0,0.0,0.0,0.0,0.0,0.0,0.0,0.0,0.0,0.0,0.0,0.0,0.0,0.0,0.0
VIGO VISENTINI,ES,0.0,0.0,0.0,0.0,0.0,0.0,0.0,0.0,0.0,0.0,0.0,0.0,0.0,0.0,0.0,0.023689836,0.0,0.0,0.0,0.022968397,0.0,0.0,0.0,0.0,0.0
MATT WHITLOCK,NM,0.0,0.0,0.0,0.0,0.02252509,0.0,0.0,0.0,0.0,0.0,0.0,0.0,0.0,0.0,0.0,0.0,0.0,0.0,0.0,0.0,0.0,0.0,0.0,0.024032418,0.0
QUINTON NARKLE,FR,0.0,0.0,0.0,0.0,0.0,0.0,0.0,0.024045315,0.022377884,0.0,0.0,0.0,0.0,0.0,0.0,0.0,0.0,0.0,0.0,0.0,0.0,0.0,0.0,0.0,0.0
TOM FULLARTON,ME,0.0,0.0,0.0,0.0,0.0,0.0,0.022645384,0.02376941,0.0,0.0,0.0,0.0,0.0,0.0,0.0,0.0,0.0,0.0,0.0,0.0,0.0,0.0,0.0,0.0,0.0
DYLAN WILLIAMS,PA,0.0,0.0,0.0,0.0,0.0,0.0,0.0,0.0,0.0,0.0,0.0,0.0,0.0,0.0,0.0,0.0,0.0,0.0,0.0,0.022377884,0.0,0.023173884,0.0,0.0,0.0
OLIVER WILTSHIRE,GE,0.0,0.0,0.0,0.0,0.0,0.0,0.0,0.022377884,0.023151021,0.0,0.0,0.0,0.0,0.0,0.0,0.0,0.0,0.0,0.0,0.0,0.0,0.0,0.0,0.0,0.0
TY GALLOP,BL,0.0,0.0,0.0,0.0,0.0,0.0,0.0,0.0,0.0,0.0,0.0,0.0,0.0,0.022404157,0.0,0.0,0.0,0.0,0.0,0.0,0.0,0.0,0.0,0.0,0.022693114
MALAKAI CHAMPION,WC,0.0,0.0,0.0,0.0,0.0,0.0,0.0,0.0,0.0,0.0,0.0,0.0,0.0,0.0,0.0,0.0,0.0,0.02252509,0.022377884,0.0,0.0,0.0,0.0,0.0,0.0
JACK PETRUCCELLE,WC,0.0,0.0,0.022377884,0.0,0.0,0.0,0.0,0.0,0.0,0.0,0.0,0.0,0.0,0.0,0.0,0.0,0.0,0.0,0.0,0.022377884,0.0,0.0,0.0,0.0,0.0
JACOB NEWTON,WC,0.0,0.0,0.0,0.0,0.0,0.0,0.0,0.0,0.0,0.0,0.0,0.0,0.0,0.0,0.0,0.0,0.0,0.0,0.0,0.0,0.0,0.0,0.0,0.022377884,0.022364562
EWAN MACKINLAY,PA,0.0,0.0,0.0,0.0,0.0,0.0,0.0,0.0,0.0,0.0,0.0,0.0,0.0,0.0,0.0,0.0,0.0,0.0,0.0,0.0,0.0,0.0,0.0,0.0,0.04474053
BILLY DOWLING,AD,0.0,0.0,0.0,0.0,0.0,0.0,0.0,0.0,0.0,0.0,0.0,0.0,0.0,0.0,0.0,0.0,0.0,0.0,0.0,0.0,0.0,0.0,0.0,0.0,0.037487604
KEIDEAN COLEMAN,BL,0.0,0.0,0.0,0.0,0.0,0.0,0.0,0.0,0.0,0.0,0.033078663,0.0,0.0,0.0,0.0,0.0,0.0,0.0,0.0,0.0,0.0,0.0,0.0,0.0,0.0
TOM DOEDEE,BL,0.0,0.0,0.0,0.0,0.0,0.0,0.0,0.0,0.0,0.0,0.0,0.0,0.0,0.0,0.0,0.0,0.0,0.0,0.0,0.0,0.0,0.0,0.029448232,0.0,0.0
CHRIS BURGESS,AD,0.0,0.0,0.0,0.0,0.0,0.0,0.0,0.0,0.0,0.0,0.0,0.0,0.0,0.0,0.0,0.0,0.0,0.0,0.0,0.0,0.0,0.0,0.028592242,0.0,0.0
LUKE BEECKEN,BL,0.0,0.0,0.0,0.0,0.0,0.0,0.0,0.0,0.0,0.0,0.0,0.0,0.0,0.0,0.0,0.0,0.0,0.0,0.0,0.0,0.0,0.0,0.0,0.027799217,0.0
NED REEVES,HW,0.0,0.0,0.0,0.0,0.0,0.0,0.0,0.0,0.0,0.0,0.027673984,0.0,0.0,0.0,0.0,0.0,0.0,0.0,0.0,0.0,0.0,0.0,0.0,0.0,0.0
LUCCA GREGO,WC,0.0,0.0,0.0,0.0,0.0,0.0,0.0,0.0,0.0,0.0,0.0,0.0,0.0,0.0,0.0,0.0,0.0,0.0,0.0,0.0,0.0,0.0,0.0,0.0,0.02664232
LEWIS HAYES,ES,0.0,0.0,0.0,0.0,0.0,0.0,0.0,0.0,0.0,0.026325991,0.0,0.0,0.0,0.0,0.0,0.0,0.0,0.0,0.0,0.0,0.0,0.0,0.0,0.0,0.0
CHARLIE BALLARD,GC,0.0,0.026202865,0.0,0.0,0.0,0.0,0.0,0.0,0.0,0.0,0.0,0.0,0.0,0.0,0.0,0.0,0.0,0.0,0.0,0.0,0.0,0.0,0.0,0.0,0.0
CALEB MITCHELL,SY,0.0,0.0,0.0,0.0,0.0,0.0,0.0,0.0,0.0,0.0,0.0,0.0,0.025673337,0.0,0.0,0.0,0.0,0.0,0.0,0.0,0.0,0.0,0.0,0.0,0.0
HARRY BOYD,SK,0.0,0.025375681,0.0,0.0,0.0,0.0,0.0,0.0,0.0,0.0,0.0,0.0,0.0,0.0,0.0,0.0,0.0,0.0,0.0,0.0,0.0,0.0,0.0,0.0,0.0
RYAN GARDNER,WB,0.0,0.0,0.0,0.0,0.0,0.0,0.0,0.0,0.0,0.0,0.0,0.0,0.0,0.024204405,0.0,0.0,0.0,0.0,0.0,0.0,0.0,0.0,0.0,0.0,0.0
CHARLIE WEST,CW,0.0,0.0,0.0,0.0,0.0,0.0,0.0,0.0,0.0,0.0,0.0,0.0,0.0,0.0,0.0,0.0,0.024032418,0.0,0.0,0.0,0.0,0.0,0.0,0.0,0.0
HARRY SCHOENBERG,AD,0.0,0.0,0.0,0.0,0.0,0.0,0.0,0.0,0.0,0.0,0.0,0.0,0.0,0.0,0.0,0.0,0.0,0.0,0.0,0.0,0.0,0.0,0.0,0.023925839,0.0
BEN JEPSON,GC,0.0,0.0,0.0,0.0,0.0,0.0,0.0,0.0,0.0,0.0,0.0,0.0,0.0,0.0,0.0,0.0,0.0,0.0,0.0,0.023404958,0.0,0.0,0.0,0.0,0.0
ALEX DODSON,SK,0.0,0.0,0.0,0.0,0.0,0.0,0.0,0.0,0.0,0.0,0.0,0.0,0.0,0.0,0.0,0.0,0.0,0.0,0.0,0.0,0.0,0.0,0.0,0.023372767,0.0
JACK BILLINGS,ME,0.0,0.0,0.0,0.023138791,0.0,0.0,0.0,0.0,0.0,0.0,0.0,0.0,0.0,0.0,0.0,0.0,0.0,0.0,0.0,0.0,0.0,0.0,0.0,0.0,0.0
JED ADAMS,ME,0.0,0.0,0.0,0.0,0.0,0.0,0.0,0.0,0.0,0.0,0.0,0.0,0.0,0.0,0.0,0.0,0.0,0.0,0.0,0.0,0.0,0.0,0.022803018,0.0,0.0
HARRISON RAMM,PA,0.0,0.0,0.0,0.0,0.0,0.0,0.0,0.0,0.0,0.0,0.0,0.0,0.0,0.0,0.0,0.0,0.0,0.0,0.0,0.0,0.0,0.0,0.0,0.0,0.022693755
ANGUS MCLENNAN,SK,0.0,0.0,0.0,0.0,0.0,0.0,0.0,0.0,0.0,0.0,0.02252509,0.0,0.0,0.0,0.0,0.0,0.0,0.0,0.0,0.0,0.0,0.0,0.0,0.0,0.0
TAJ WOEWODIN,ME,0.0,0.0,0.022511682,0.0,0.0,0.0,0.0,0.0,0.0,0.0,0.0,0.0,0.0,0.0,0.0,0.0,0.0,0.0,0.0,0.0,0.0,0.0,0.0,0.0,0.0
LACHLAN GULBIN,GC,0.0,0.0,0.0,0.0,0.0,0.0,0.0,0.0,0.0,0.0,0.0,0.0,0.0,0.0,0.0,0.0,0.0,0.0,0.0,0.0,0.0,0.0,0.0,0.0,0.022499215
ZAINE CORDY,SK,0.0,0.022425592,0.0,0.0,0.0,0.0,0.0,0.0,0.0,0.0,0.0,0.0,0.0,0.0,0.0,0.0,0.0,0.0,0.0,0.0,0.0,0.0,0.0,0.0,0.0
SEAN LEMMENS,GC,0.0,0.0,0.0,0.0,0.0,0.0,0.0,0.0,0.0,0.0,0.0,0.0,0.0,0.022393297,0.0,0.0,0.0,0.0,0.0,0.0,0.0,0.0,0.0,0.0,0.0
MYKELTI LEFAU,RI,0.0,0.0,0.0,0.0,0.0,0.0,0.0,0.0,0.0,0.0,0.0,0.0,0.0,0.0,0.0,0.0,0.022377884,0.0,0.0,0.0,0.0,0.0,0.0,0.0,0.0
JOSH GIBCUS,RI,0.0,0.0,0.0,0.0,0.0,0.0,0.0,0.0,0.0,0.0,0.0,0.0,0.0,0.0,0.0,0.0,0.0,0.0,0.0,0.0,0.0,0.0,0.0,0.0,0.022377884
BAILEY LAURIE,ME,0.0,0.0,0.0,0.0,0.0,0.0,0.0,0.0,0.0,0.0,0.0,0.0,0.022377884,0.0,0.0,0.0,0.0,0.0,0.0,0.0,0.0,0.0,0.0,0.0,0.0
LIAM FAWCETT,RI,0.0,0.0,0.022377884,0.0,0.0,0.0,0.0,0.0,0.0,0.0,0.0,0.0,0.0,0.0,0.0,0.0,0.0,0.0,0.0,0.0,0.0,0.0,0.0,0.0,0.0
CALLUM COLEMAN-JONES,NM,0.0,0.0,0.0,0.0,0.0,0.0,0.0,0.0,0.0,0.0,0.0,0.0,0.0,0.0,0.0,0.0,0.0,0.0,0.0,0.022377884,0.0,0.0,0.0,0.0,0.0
IVAN SOLDO,PA,0.0,0.0,0.0,0.022364562,0.0,0.0,0.0,0.0,0.0,0.0,0.0,0.0,0.0,0.0,0.0,0.0,0.0,0.0,0.0,0.0,0.0,0.0,0.0,0.0,0.0
LIAM REIDY,FR,0.0,0.02228053,0.0,0.0,0.0,0.0,0.0,0.0,0.0,0.0,0.0,0.0,0.0,0.0,0.0,0.0,0.0,0.0,0.0,0.0,0.0,0.0,0.0,0.0,0.0
